solid
 facet normal  2.3447253043e-15 -6.2932039105e-01 -7.7714596146e-01
   outer loop
     vertex 6.4409092622e-01 4.1232427095e-02 2.3954183272e-02
     vertex 6.4179106901e-01 4.1232427095e-02 2.3954183272e-02
     vertex 6.4179106901e-01 4.1365895987e-02 2.3846102294e-02
   endloop
 endfacet
 facet normal  -1.3206256768e-15 -6.2932039105e-01 -7.7714596146e-01
   outer loop
     vertex 6.4179106901e-01 4.1232427095e-02 2.3954183272e-02
     vertex 6.3848446405e-01 4.1232427095e-02 2.3954183272e-02
     vertex 6.4179106901e-01 4.1365895987e-02 2.3846102294e-02
   endloop
 endfacet
 facet normal  -3.0544270308e-16 -6.2932039105e-01 -7.7714596146e-01
   outer loop
     vertex 6.4179106901e-01 4.1365895987e-02 2.3846102294e-02
     vertex 6.3848446405e-01 4.1232427095e-02 2.3954183272e-02
     vertex 6.3848446405e-01 4.1553217530e-02 2.3694412300e-02
   endloop
 endfacet
 facet normal  3.5875724700e-16 -6.2932039105e-01 -7.7714596146e-01
   outer loop
     vertex 6.3848446405e-01 4.1232427095e-02 2.3954183272e-02
     vertex 6.3382805431e-01 4.1232427095e-02 2.3954183272e-02
     vertex 6.3848446405e-01 4.1553217530e-02 2.3694412300e-02
   endloop
 endfacet
 facet normal  1.1817639544e-15 -6.2932039105e-01 -7.7714596146e-01
   outer loop
     vertex 6.3848446405e-01 4.1553217530e-02 2.3694412300e-02
     vertex 6.3382805431e-01 4.1232427095e-02 2.3954183272e-02
     vertex 6.3382805431e-01 4.1808121108e-02 2.3487995452e-02
   endloop
 endfacet
 facet normal  -4.2334754721e-16 -6.2932039105e-01 -7.7714596146e-01
   outer loop
     vertex 6.3382805431e-01 4.1232427095e-02 2.3954183272e-02
     vertex 6.2745913425e-01 4.1232427095e-02 2.3954183272e-02
     vertex 6.3382805431e-01 4.1808121108e-02 2.3487995452e-02
   endloop
 endfacet
 facet normal  7.8240130674e-17 -6.2932039105e-01 -7.7714596146e-01
   outer loop
     vertex 6.3382805431e-01 4.1808121108e-02 2.3487995452e-02
     vertex 6.2745913425e-01 4.1232427095e-02 2.3954183272e-02
     vertex 6.2745913425e-01 4.2140624456e-02 2.3218739551e-02
   endloop
 endfacet
 facet normal  3.2203977829e-16 -6.2932039105e-01 -7.7714596146e-01
   outer loop
     vertex 6.2745913425e-01 4.1232427095e-02 2.3954183272e-02
     vertex 6.1908666951e-01 4.1232427095e-02 2.3954183272e-02
     vertex 6.2745913425e-01 4.2140624456e-02 2.3218739551e-02
   endloop
 endfacet
 facet normal  5.6681705252e-16 -6.2932039105e-01 -7.7714596146e-01
   outer loop
     vertex 6.2745913425e-01 4.2140624456e-02 2.3218739551e-02
     vertex 6.1908666951e-01 4.1232427095e-02 2.3954183272e-02
     vertex 6.1908666951e-01 4.2550168733e-02 2.2887097134e-02
   endloop
 endfacet
 facet normal  -2.5800086188e-16 -6.2932039105e-01 -7.7714596146e-01
   outer loop
     vertex 6.1908666951e-01 4.1232427095e-02 2.3954183272e-02
     vertex 6.0863605835e-01 4.1232427095e-02 2.3954183272e-02
     vertex 6.1908666951e-01 4.2550168733e-02 2.2887097134e-02
   endloop
 endfacet
 facet normal  -2.6478982131e-16 -6.2932039105e-01 -7.7714596146e-01
   outer loop
     vertex 6.1908666951e-01 4.2550168733e-02 2.2887097134e-02
     vertex 6.0863605835e-01 4.1232427095e-02 2.3954183272e-02
     vertex 6.0863605835e-01 4.3016535280e-02 2.2509440950e-02
   endloop
 endfacet
 facet normal  0.0000000000e+00 -6.2932039105e-01 -7.7714596146e-01
   outer loop
     vertex 6.0863605835e-01 4.1232427095e-02 2.3954183272e-02
     vertex 5.9640280034e-01 4.1232427095e-02 2.3954183272e-02
     vertex 6.0863605835e-01 4.3016535280e-02 2.2509440950e-02
   endloop
 endfacet
 facet normal  -2.3805081913e-17 -6.2932039105e-01 -7.7714596146e-01
   outer loop
     vertex 6.0863605835e-01 4.3016535280e-02 2.2509440950e-02
     vertex 5.9640280034e-01 4.1232427095e-02 2.3954183272e-02
     vertex 5.9640280034e-01 4.3492857199e-02 2.2123723066e-02
   endloop
 endfacet
 facet normal  2.0288986923e-16 -6.2932039105e-01 -7.7714596146e-01
   outer loop
     vertex 5.9640280034e-01 4.1232427095e-02 2.3954183272e-02
     vertex 5.8311348877e-01 4.1232427095e-02 2.3954183272e-02
     vertex 5.9640280034e-01 4.3492857199e-02 2.2123723066e-02
   endloop
 endfacet
 facet normal  7.4101907227e-17 -6.2932039105e-01 -7.7714596146e-01
   outer loop
     vertex 5.9640280034e-01 4.3492857199e-02 2.2123723066e-02
     vertex 5.8311348877e-01 4.1232427095e-02 2.3954183272e-02
     vertex 5.8311348877e-01 4.3906240029e-02 2.1788972251e-02
   endloop
 endfacet
 facet normal  -5.0158484693e-16 -6.2932039105e-01 -7.7714596146e-01
   outer loop
     vertex 5.8311348877e-01 4.1232427095e-02 2.3954183272e-02
     vertex 5.6979983626e-01 4.4174587188e-02 2.1571669006e-02
     vertex 5.8311348877e-01 4.3906240029e-02 2.1788972251e-02
   endloop
 endfacet
 facet normal  -2.0251893206e-16 -6.2932039105e-01 -7.7714596146e-01
   outer loop
     vertex 5.8311348877e-01 4.1232427095e-02 2.3954183272e-02
     vertex 5.6979983626e-01 4.1232427095e-02 2.3954183272e-02
     vertex 5.6979983626e-01 4.4174587188e-02 2.1571669006e-02
   endloop
 endfacet
 facet normal  2.3888632750e-16 -6.2932039105e-01 -7.7714596146e-01
   outer loop
     vertex 5.6979983626e-01 4.1232427095e-02 2.3954183272e-02
     vertex 5.5750721176e-01 4.4237894838e-02 2.1520403482e-02
     vertex 5.6979983626e-01 4.4174587188e-02 2.1571669006e-02
   endloop
 endfacet
 facet normal  0.0000000000e+00 -6.2932039105e-01 -7.7714596146e-01
   outer loop
     vertex 5.6979983626e-01 4.1232427095e-02 2.3954183272e-02
     vertex 5.5750721176e-01 4.1232427095e-02 2.3954183272e-02
     vertex 5.5750721176e-01 4.4237894838e-02 2.1520403482e-02
   endloop
 endfacet
 facet normal  3.8551361677e-16 -6.2932039105e-01 -7.7714596146e-01
   outer loop
     vertex 5.5750721176e-01 4.1232427095e-02 2.3954183272e-02
     vertex 5.4699672492e-01 4.4083766238e-02 2.1645214361e-02
     vertex 5.5750721176e-01 4.4237894838e-02 2.1520403482e-02
   endloop
 endfacet
 facet normal  0.0000000000e+00 -6.2932039105e-01 -7.7714596146e-01
   outer loop
     vertex 5.5750721176e-01 4.1232427095e-02 2.3954183272e-02
     vertex 5.4699672492e-01 4.1232427095e-02 2.3954183272e-02
     vertex 5.4699672492e-01 4.4083766238e-02 2.1645214361e-02
   endloop
 endfacet
 facet normal  -9.9728910059e-16 -6.2932039105e-01 -7.7714596146e-01
   outer loop
     vertex 5.4699672492e-01 4.1232427095e-02 2.3954183272e-02
     vertex 5.3860519861e-01 4.3745037438e-02 2.1919511535e-02
     vertex 5.4699672492e-01 4.4083766238e-02 2.1645214361e-02
   endloop
 endfacet
 facet normal  -6.4261651319e-16 -6.2932039105e-01 -7.7714596146e-01
   outer loop
     vertex 5.4699672492e-01 4.1232427095e-02 2.3954183272e-02
     vertex 5.3860519861e-01 4.1232427095e-02 2.3954183272e-02
     vertex 5.3860519861e-01 4.3745037438e-02 2.1919511535e-02
   endloop
 endfacet
 facet normal  9.0347050546e-16 -6.2932039105e-01 -7.7714596146e-01
   outer loop
     vertex 5.3860519861e-01 4.1232427095e-02 2.3954183272e-02
     vertex 5.3229819562e-01 4.3271916211e-02 2.2302637550e-02
     vertex 5.3860519861e-01 4.3745037438e-02 2.1919511535e-02
   endloop
 endfacet
 facet normal  4.2750363229e-16 -6.2932039105e-01 -7.7714596146e-01
   outer loop
     vertex 5.3860519861e-01 4.1232427095e-02 2.3954183272e-02
     vertex 5.3229819562e-01 4.1232427095e-02 2.3954183272e-02
     vertex 5.3229819562e-01 4.3271916211e-02 2.2302637550e-02
   endloop
 endfacet
 facet normal  6.5127483688e-16 -6.2932039105e-01 -7.7714596146e-01
   outer loop
     vertex 5.3229819562e-01 4.1232427095e-02 2.3954183272e-02
     vertex 5.2783794033e-01 4.2699439468e-02 2.2766220076e-02
     vertex 5.3229819562e-01 4.3271916211e-02 2.2302637550e-02
   endloop
 endfacet
 facet normal  9.7904427977e-16 -6.2932039105e-01 -7.7714596146e-01
   outer loop
     vertex 5.3229819562e-01 4.1232427095e-02 2.3954183272e-02
     vertex 5.2783794033e-01 4.1232427095e-02 2.3954183272e-02
     vertex 5.2783794033e-01 4.2699439468e-02 2.2766220076e-02
   endloop
 endfacet
 facet normal  -2.1915674480e-15 -6.2932039105e-01 -7.7714596146e-01
   outer loop
     vertex 5.2783794033e-01 4.1232427095e-02 2.3954183272e-02
     vertex 5.2500989367e-01 4.2019609097e-02 2.3316735855e-02
     vertex 5.2783794033e-01 4.2699439468e-02 2.2766220076e-02
   endloop
 endfacet
 facet normal  -1.3161072215e-15 -6.2932039105e-01 -7.7714596146e-01
   outer loop
     vertex 5.2783794033e-01 4.1232427095e-02 2.3954183272e-02
     vertex 5.2500989367e-01 4.1232427095e-02 2.3954183272e-02
     vertex 5.2500989367e-01 4.2019609097e-02 2.3316735855e-02
   endloop
 endfacet
 facet normal  2.0424275179e-15 -6.2932039105e-01 -7.7714596146e-01
   outer loop
     vertex 5.2500989367e-01 4.1232427095e-02 2.3954183272e-02
     vertex 5.2400545563e-01 4.1232427095e-02 2.3954183272e-02
     vertex 5.2500989367e-01 4.2019609097e-02 2.3316735855e-02
   endloop
 endfacet
 facet normal  -2.3050655468e-15 -6.2932039105e-01 -7.7714596146e-01
   outer loop
     vertex 5.2400545563e-01 4.1232427095e-02 2.3954183272e-02
     vertex 5.2500989367e-01 4.1232427095e-02 2.3954183272e-02
     vertex 5.2500989367e-01 4.0445245093e-02 2.4591630688e-02
   endloop
 endfacet
 facet normal  1.1813954554e-15 -6.2932039105e-01 -7.7714596146e-01
   outer loop
     vertex 5.2500989367e-01 4.1232427095e-02 2.3954183272e-02
     vertex 5.2783794033e-01 4.1232427095e-02 2.3954183272e-02
     vertex 5.2500989367e-01 4.0445245093e-02 2.4591630688e-02
   endloop
 endfacet
 facet normal  -1.3883232702e-16 -6.2932039105e-01 -7.7714596146e-01
   outer loop
     vertex 5.2500989367e-01 4.0445245093e-02 2.4591630688e-02
     vertex 5.2783794033e-01 4.1232427095e-02 2.3954183272e-02
     vertex 5.2783794033e-01 3.9765414722e-02 2.5142146468e-02
   endloop
 endfacet
 facet normal  9.7904427977e-16 -6.2932039105e-01 -7.7714596146e-01
   outer loop
     vertex 5.2783794033e-01 4.1232427095e-02 2.3954183272e-02
     vertex 5.3229819562e-01 4.1232427095e-02 2.3954183272e-02
     vertex 5.2783794033e-01 3.9765414722e-02 2.5142146468e-02
   endloop
 endfacet
 facet normal  9.4073031994e-16 -6.2932039105e-01 -7.7714596146e-01
   outer loop
     vertex 5.2783794033e-01 3.9765414722e-02 2.5142146468e-02
     vertex 5.3229819562e-01 4.1232427095e-02 2.3954183272e-02
     vertex 5.3229819562e-01 3.9192937979e-02 2.5605728994e-02
   endloop
 endfacet
 facet normal  -8.5500726458e-16 -6.2932039105e-01 -7.7714596146e-01
   outer loop
     vertex 5.3229819562e-01 4.1232427095e-02 2.3954183272e-02
     vertex 5.3860519861e-01 4.1232427095e-02 2.3954183272e-02
     vertex 5.3229819562e-01 3.9192937979e-02 2.5605728994e-02
   endloop
 endfacet
 facet normal  -1.3292439621e-15 -6.2932039105e-01 -7.7714596146e-01
   outer loop
     vertex 5.3229819562e-01 3.9192937979e-02 2.5605728994e-02
     vertex 5.3860519861e-01 4.1232427095e-02 2.3954183272e-02
     vertex 5.3860519861e-01 3.8719816752e-02 2.5988855009e-02
   endloop
 endfacet
 facet normal  -0.0000000000e+00 -6.2932039105e-01 -7.7714596146e-01
   outer loop
     vertex 5.3860519861e-01 4.1232427095e-02 2.3954183272e-02
     vertex 5.4699672492e-01 4.1232427095e-02 2.3954183272e-02
     vertex 5.3860519861e-01 3.8719816752e-02 2.5988855009e-02
   endloop
 endfacet
 facet normal  -8.2534270394e-17 -6.2932039105e-01 -7.7714596146e-01
   outer loop
     vertex 5.3860519861e-01 3.8719816752e-02 2.5988855009e-02
     vertex 5.4699672492e-01 4.1232427095e-02 2.3954183272e-02
     vertex 5.4699672492e-01 3.8381087953e-02 2.6263152183e-02
   endloop
 endfacet
 facet normal  -2.5653109391e-16 -6.2932039105e-01 -7.7714596146e-01
   outer loop
     vertex 5.4699672492e-01 4.1232427095e-02 2.3954183272e-02
     vertex 5.5750721176e-01 4.1232427095e-02 2.3954183272e-02
     vertex 5.4699672492e-01 3.8381087953e-02 2.6263152183e-02
   endloop
 endfacet
 facet normal  -4.7928719923e-16 -6.2932039105e-01 -7.7714596146e-01
   outer loop
     vertex 5.4699672492e-01 3.8381087953e-02 2.6263152183e-02
     vertex 5.5750721176e-01 4.1232427095e-02 2.3954183272e-02
     vertex 5.5750721176e-01 3.8226959353e-02 2.6387963062e-02
   endloop
 endfacet
 facet normal  2.1934019751e-16 -6.2932039105e-01 -7.7714596146e-01
   outer loop
     vertex 5.5750721176e-01 4.1232427095e-02 2.3954183272e-02
     vertex 5.6979983626e-01 4.1232427095e-02 2.3954183272e-02
     vertex 5.5750721176e-01 3.8226959353e-02 2.6387963062e-02
   endloop
 endfacet
 facet normal  5.6422675447e-16 -6.2932039105e-01 -7.7714596146e-01
   outer loop
     vertex 5.5750721176e-01 3.8226959353e-02 2.6387963062e-02
     vertex 5.6979983626e-01 4.1232427095e-02 2.3954183272e-02
     vertex 5.6979983626e-01 3.8290267003e-02 2.6336697538e-02
   endloop
 endfacet
 facet normal  -2.0251893206e-16 -6.2932039105e-01 -7.7714596146e-01
   outer loop
     vertex 5.6979983626e-01 4.1232427095e-02 2.3954183272e-02
     vertex 5.8311348877e-01 4.1232427095e-02 2.3954183272e-02
     vertex 5.6979983626e-01 3.8290267003e-02 2.6336697538e-02
   endloop
 endfacet
 facet normal  -2.4039089438e-16 -6.2932039105e-01 -7.7714596146e-01
   outer loop
     vertex 5.6979983626e-01 3.8290267003e-02 2.6336697538e-02
     vertex 5.8311348877e-01 4.1232427095e-02 2.3954183272e-02
     vertex 5.8311348877e-01 3.8558614162e-02 2.6119394293e-02
   endloop
 endfacet
 facet normal  3.3808995172e-16 -6.2932039105e-01 -7.7714596146e-01
   outer loop
     vertex 5.8311348877e-01 4.1232427095e-02 2.3954183272e-02
     vertex 5.9640280034e-01 3.8971996991e-02 2.5784643478e-02
     vertex 5.8311348877e-01 3.8558614162e-02 2.6119394293e-02
   endloop
 endfacet
 facet normal  2.0288986923e-16 -6.2932039105e-01 -7.7714596146e-01
   outer loop
     vertex 5.8311348877e-01 4.1232427095e-02 2.3954183272e-02
     vertex 5.9640280034e-01 4.1232427095e-02 2.3954183272e-02
     vertex 5.9640280034e-01 3.8971996991e-02 2.5784643478e-02
   endloop
 endfacet
 facet normal  1.5473303244e-16 -6.2932039105e-01 -7.7714596146e-01
   outer loop
     vertex 5.9640280034e-01 4.1232427095e-02 2.3954183272e-02
     vertex 6.0863605835e-01 3.9448318910e-02 2.5398925594e-02
     vertex 5.9640280034e-01 3.8971996991e-02 2.5784643478e-02
   endloop
 endfacet
 facet normal  -0.0000000000e+00 -6.2932039105e-01 -7.7714596146e-01
   outer loop
     vertex 5.9640280034e-01 4.1232427095e-02 2.3954183272e-02
     vertex 6.0863605835e-01 4.1232427095e-02 2.3954183272e-02
     vertex 6.0863605835e-01 3.9448318910e-02 2.5398925594e-02
   endloop
 endfacet
 facet normal  1.5004756541e-16 -6.2932039105e-01 -7.7714596146e-01
   outer loop
     vertex 6.0863605835e-01 4.1232427095e-02 2.3954183272e-02
     vertex 6.1908666951e-01 3.9914685458e-02 2.5021269410e-02
     vertex 6.0863605835e-01 3.9448318910e-02 2.5398925594e-02
   endloop
 endfacet
 facet normal  -0.0000000000e+00 -6.2932039105e-01 -7.7714596146e-01
   outer loop
     vertex 6.0863605835e-01 4.1232427095e-02 2.3954183272e-02
     vertex 6.1908666951e-01 4.1232427095e-02 2.3954183272e-02
     vertex 6.1908666951e-01 3.9914685458e-02 2.5021269410e-02
   endloop
 endfacet
 facet normal  -4.6613244451e-16 -6.2932039105e-01 -7.7714596146e-01
   outer loop
     vertex 6.1908666951e-01 4.1232427095e-02 2.3954183272e-02
     vertex 6.2745913425e-01 4.0324229735e-02 2.4689626993e-02
     vertex 6.1908666951e-01 3.9914685458e-02 2.5021269410e-02
   endloop
 endfacet
 facet normal  -0.0000000000e+00 -6.2932039105e-01 -7.7714596146e-01
   outer loop
     vertex 6.1908666951e-01 4.1232427095e-02 2.3954183272e-02
     vertex 6.2745913425e-01 4.1232427095e-02 2.3954183272e-02
     vertex 6.2745913425e-01 4.0324229735e-02 2.4689626993e-02
   endloop
 endfacet
 facet normal  2.1338217457e-17 -6.2932039105e-01 -7.7714596146e-01
   outer loop
     vertex 6.2745913425e-01 4.1232427095e-02 2.3954183272e-02
     vertex 6.3382805431e-01 4.0656733083e-02 2.4420371091e-02
     vertex 6.2745913425e-01 4.0324229735e-02 2.4689626993e-02
   endloop
 endfacet
 facet normal  2.6229262123e-16 -6.2932039105e-01 -7.7714596146e-01
   outer loop
     vertex 6.2745913425e-01 4.1232427095e-02 2.3954183272e-02
     vertex 6.3382805431e-01 4.1232427095e-02 2.3954183272e-02
     vertex 6.3382805431e-01 4.0656733083e-02 2.4420371091e-02
   endloop
 endfacet
 facet normal  2.7241961285e-16 -6.2932039105e-01 -7.7714596146e-01
   outer loop
     vertex 6.3382805431e-01 4.1232427095e-02 2.3954183272e-02
     vertex 6.3848446405e-01 4.0911636661e-02 2.4213954244e-02
     vertex 6.3382805431e-01 4.0656733083e-02 2.4420371091e-02
   endloop
 endfacet
 facet normal  -5.7904412196e-16 -6.2932039105e-01 -7.7714596146e-01
   outer loop
     vertex 6.3382805431e-01 4.1232427095e-02 2.3954183272e-02
     vertex 6.3848446405e-01 4.1232427095e-02 2.3954183272e-02
     vertex 6.3848446405e-01 4.0911636661e-02 2.4213954244e-02
   endloop
 endfacet
 facet normal  -1.6072104138e-15 -6.2932039105e-01 -7.7714596146e-01
   outer loop
     vertex 6.3848446405e-01 4.1232427095e-02 2.3954183272e-02
     vertex 6.4179106901e-01 4.1098958203e-02 2.4062264250e-02
     vertex 6.3848446405e-01 4.0911636661e-02 2.4213954244e-02
   endloop
 endfacet
 facet normal  -1.3206256768e-15 -6.2932039105e-01 -7.7714596146e-01
   outer loop
     vertex 6.3848446405e-01 4.1232427095e-02 2.3954183272e-02
     vertex 6.4179106901e-01 4.1232427095e-02 2.3954183272e-02
     vertex 6.4179106901e-01 4.1098958203e-02 2.4062264250e-02
   endloop
 endfacet
 facet normal  2.3447253043e-15 -6.2932039105e-01 -7.7714596146e-01
   outer loop
     vertex 6.4179106901e-01 4.1232427095e-02 2.3954183272e-02
     vertex 6.4409092622e-01 4.1232427095e-02 2.3954183272e-02
     vertex 6.4179106901e-01 4.1098958203e-02 2.4062264250e-02
   endloop
 endfacet
 facet normal  8.9213712807e-16 -6.2932039105e-01 -7.7714596146e-01
   outer loop
     vertex 6.4409092622e-01 4.1232427095e-02 2.3954183272e-02
     vertex 6.4179106901e-01 4.1365895987e-02 2.3846102294e-02
     vertex 6.4179106901e-01 4.1499364880e-02 2.3738021316e-02
   endloop
 endfacet
 facet normal  -3.0297298577e-16 -6.2932039105e-01 -7.7714596146e-01
   outer loop
     vertex 6.4179106901e-01 4.1365895987e-02 2.3846102294e-02
     vertex 6.3848446405e-01 4.1553217530e-02 2.3694412300e-02
     vertex 6.4179106901e-01 4.1499364880e-02 2.3738021316e-02
   endloop
 endfacet
 facet normal  -7.9875691003e-16 -6.2932039105e-01 -7.7714596146e-01
   outer loop
     vertex 6.4179106901e-01 4.1499364880e-02 2.3738021316e-02
     vertex 6.3848446405e-01 4.1553217530e-02 2.3694412300e-02
     vertex 6.3848446405e-01 4.1874007964e-02 2.3434641329e-02
   endloop
 endfacet
 facet normal  1.7300410037e-16 -6.2932039105e-01 -7.7714596146e-01
   outer loop
     vertex 6.3848446405e-01 4.1553217530e-02 2.3694412300e-02
     vertex 6.3382805431e-01 4.1808121108e-02 2.3487995452e-02
     vertex 6.3848446405e-01 4.1874007964e-02 2.3434641329e-02
   endloop
 endfacet
 facet normal  1.2661756654e-16 -6.2932039105e-01 -7.7714596146e-01
   outer loop
     vertex 6.3848446405e-01 4.1874007964e-02 2.3434641329e-02
     vertex 6.3382805431e-01 4.1808121108e-02 2.3487995452e-02
     vertex 6.3382805431e-01 4.2383815121e-02 2.3021807633e-02
   endloop
 endfacet
 facet normal  -4.2639195422e-16 -6.2932039105e-01 -7.7714596146e-01
   outer loop
     vertex 6.3382805431e-01 4.1808121108e-02 2.3487995452e-02
     vertex 6.2745913425e-01 4.2140624456e-02 2.3218739551e-02
     vertex 6.3382805431e-01 4.2383815121e-02 2.3021807633e-02
   endloop
 endfacet
 facet normal  -9.7800163343e-16 -6.2932039105e-01 -7.7714596146e-01
   outer loop
     vertex 6.3382805431e-01 4.2383815121e-02 2.3021807633e-02
     vertex 6.2745913425e-01 4.2140624456e-02 2.3218739551e-02
     vertex 6.2745913425e-01 4.3048821816e-02 2.2483295829e-02
   endloop
 endfacet
 facet normal  9.1169433924e-16 -6.2932039105e-01 -7.7714596146e-01
   outer loop
     vertex 6.2745913425e-01 4.2140624456e-02 2.3218739551e-02
     vertex 6.1908666951e-01 4.2550168733e-02 2.2887097134e-02
     vertex 6.2745913425e-01 4.3048821816e-02 2.2483295829e-02
   endloop
 endfacet
 facet normal  1.2082152962e-15 -6.2932039105e-01 -7.7714596146e-01
   outer loop
     vertex 6.2745913425e-01 4.3048821816e-02 2.2483295829e-02
     vertex 6.1908666951e-01 4.2550168733e-02 2.2887097134e-02
     vertex 6.1908666951e-01 4.3867910371e-02 2.1820010996e-02
   endloop
 endfacet
 facet normal  -1.7626373515e-16 -6.2932039105e-01 -7.7714596146e-01
   outer loop
     vertex 6.1908666951e-01 4.2550168733e-02 2.2887097134e-02
     vertex 6.0863605835e-01 4.3016535280e-02 2.2509440950e-02
     vertex 6.1908666951e-01 4.3867910371e-02 2.1820010996e-02
   endloop
 endfacet
 facet normal  -1.4122123803e-16 -6.2932039105e-01 -7.7714596146e-01
   outer loop
     vertex 6.1908666951e-01 4.3867910371e-02 2.1820010996e-02
     vertex 6.0863605835e-01 4.3016535280e-02 2.2509440950e-02
     vertex 6.0863605835e-01 4.4800643465e-02 2.1064698628e-02
   endloop
 endfacet
 facet normal  3.3930643759e-17 -6.2932039105e-01 -7.7714596146e-01
   outer loop
     vertex 6.0863605835e-01 4.3016535280e-02 2.2509440950e-02
     vertex 5.9640280034e-01 4.3492857199e-02 2.2123723066e-02
     vertex 6.0863605835e-01 4.4800643465e-02 2.1064698628e-02
   endloop
 endfacet
 facet normal  1.7853811435e-16 -6.2932039105e-01 -7.7714596146e-01
   outer loop
     vertex 6.0863605835e-01 4.4800643465e-02 2.1064698628e-02
     vertex 5.9640280034e-01 4.3492857199e-02 2.2123723066e-02
     vertex 5.9640280034e-01 4.5753287303e-02 2.0293262859e-02
   endloop
 endfacet
 facet normal  4.3826756150e-17 -6.2932039105e-01 -7.7714596146e-01
   outer loop
     vertex 5.9640280034e-01 4.3492857199e-02 2.2123723066e-02
     vertex 5.8311348877e-01 4.3906240029e-02 2.1788972251e-02
     vertex 5.9640280034e-01 4.5753287303e-02 2.0293262859e-02
   endloop
 endfacet
 facet normal  -7.4101907227e-17 -6.2932039105e-01 -7.7714596146e-01
   outer loop
     vertex 5.9640280034e-01 4.5753287303e-02 2.0293262859e-02
     vertex 5.8311348877e-01 4.3906240029e-02 2.1788972251e-02
     vertex 5.8311348877e-01 4.6580052962e-02 1.9623761230e-02
   endloop
 endfacet
 facet normal  -4.6691308332e-16 -6.2932039105e-01 -7.7714596146e-01
   outer loop
     vertex 5.8311348877e-01 4.3906240029e-02 2.1788972251e-02
     vertex 5.6979983626e-01 4.7116747280e-02 1.9189154740e-02
     vertex 5.8311348877e-01 4.6580052962e-02 1.9623761230e-02
   endloop
 endfacet
 facet normal  -5.0415100226e-16 -6.2932039105e-01 -7.7714596146e-01
   outer loop
     vertex 5.8311348877e-01 4.3906240029e-02 2.1788972251e-02
     vertex 5.6979983626e-01 4.4174587188e-02 2.1571669006e-02
     vertex 5.6979983626e-01 4.7116747280e-02 1.9189154740e-02
   endloop
 endfacet
 facet normal  1.0693007040e-16 -6.2932039105e-01 -7.7714596146e-01
   outer loop
     vertex 5.6979983626e-01 4.4174587188e-02 2.1571669006e-02
     vertex 5.5750721176e-01 4.7243362581e-02 1.9086623691e-02
     vertex 5.6979983626e-01 4.7116747280e-02 1.9189154740e-02
   endloop
 endfacet
 facet normal  2.3385438793e-16 -6.2932039105e-01 -7.7714596146e-01
   outer loop
     vertex 5.6979983626e-01 4.4174587188e-02 2.1571669006e-02
     vertex 5.5750721176e-01 4.4237894838e-02 2.1520403482e-02
     vertex 5.5750721176e-01 4.7243362581e-02 1.9086623691e-02
   endloop
 endfacet
 facet normal  3.5686057769e-16 -6.2932039105e-01 -7.7714596146e-01
   outer loop
     vertex 5.5750721176e-01 4.4237894838e-02 2.1520403482e-02
     vertex 5.4699672492e-01 4.6935105380e-02 1.9336245451e-02
     vertex 5.5750721176e-01 4.7243362581e-02 1.9086623691e-02
   endloop
 endfacet
 facet normal  3.8438748367e-16 -6.2932039105e-01 -7.7714596146e-01
   outer loop
     vertex 5.5750721176e-01 4.4237894838e-02 2.1520403482e-02
     vertex 5.4699672492e-01 4.4083766238e-02 2.1645214361e-02
     vertex 5.4699672492e-01 4.6935105380e-02 1.9336245451e-02
   endloop
 endfacet
 facet normal  -9.5602196539e-16 -6.2932039105e-01 -7.7714596146e-01
   outer loop
     vertex 5.4699672492e-01 4.4083766238e-02 2.1645214361e-02
     vertex 5.3860519861e-01 4.6257647781e-02 1.9884839797e-02
     vertex 5.4699672492e-01 4.6935105380e-02 1.9336245451e-02
   endloop
 endfacet
 facet normal  -1.0458793820e-15 -6.2932039105e-01 -7.7714596146e-01
   outer loop
     vertex 5.4699672492e-01 4.4083766238e-02 2.1645214361e-02
     vertex 5.3860519861e-01 4.3745037438e-02 2.1919511535e-02
     vertex 5.3860519861e-01 4.6257647781e-02 1.9884839797e-02
   endloop
 endfacet
 facet normal  1.8173257294e-15 -6.2932039105e-01 -7.7714596146e-01
   outer loop
     vertex 5.3860519861e-01 4.3745037438e-02 2.1919511535e-02
     vertex 5.3229819562e-01 4.5311405327e-02 2.0651091828e-02
     vertex 5.3860519861e-01 4.6257647781e-02 1.9884839797e-02
   endloop
 endfacet
 facet normal  1.1130578334e-15 -6.2932039105e-01 -7.7714596146e-01
   outer loop
     vertex 5.3860519861e-01 4.3745037438e-02 2.1919511535e-02
     vertex 5.3229819562e-01 4.3271916211e-02 2.2302637550e-02
     vertex 5.3229819562e-01 4.5311405327e-02 2.0651091828e-02
   endloop
 endfacet
 facet normal  1.0311851584e-15 -6.2932039105e-01 -7.7714596146e-01
   outer loop
     vertex 5.3229819562e-01 4.3271916211e-02 2.2302637550e-02
     vertex 5.2783794033e-01 4.4166451841e-02 2.1578256879e-02
     vertex 5.3229819562e-01 4.5311405327e-02 2.0651091828e-02
   endloop
 endfacet
 facet normal  9.0542381622e-16 -6.2932039105e-01 -7.7714596146e-01
   outer loop
     vertex 5.3229819562e-01 4.3271916211e-02 2.2302637550e-02
     vertex 5.2783794033e-01 4.2699439468e-02 2.2766220076e-02
     vertex 5.2783794033e-01 4.4166451841e-02 2.1578256879e-02
   endloop
 endfacet
 facet normal  -3.1708311833e-15 -6.2932039105e-01 -7.7714596146e-01
   outer loop
     vertex 5.2783794033e-01 4.2699439468e-02 2.2766220076e-02
     vertex 5.2500989367e-01 4.2806791100e-02 2.2679288439e-02
     vertex 5.2783794033e-01 4.4166451841e-02 2.1578256879e-02
   endloop
 endfacet
 facet normal  -2.9384500494e-15 -6.2932039105e-01 -7.7714596146e-01
   outer loop
     vertex 5.2783794033e-01 4.2699439468e-02 2.2766220076e-02
     vertex 5.2500989367e-01 4.2019609097e-02 2.3316735855e-02
     vertex 5.2500989367e-01 4.2806791100e-02 2.2679288439e-02
   endloop
 endfacet
 facet normal  2.0813475089e-15 -6.2932039105e-01 -7.7714596146e-01
   outer loop
     vertex 5.2500989367e-01 4.2019609097e-02 2.3316735855e-02
     vertex 5.2400545563e-01 4.1232427095e-02 2.3954183272e-02
     vertex 5.2500989367e-01 4.2806791100e-02 2.2679288439e-02
   endloop
 endfacet
 facet normal  2.0813475089e-15 -6.2932039105e-01 -7.7714596146e-01
   outer loop
     vertex 5.2400545563e-01 4.1232427095e-02 2.3954183272e-02
     vertex 5.2500989367e-01 4.0445245093e-02 2.4591630688e-02
     vertex 5.2500989367e-01 3.9658063091e-02 2.5229078105e-02
   endloop
 endfacet
 facet normal  7.6233373923e-17 -6.2932039105e-01 -7.7714596146e-01
   outer loop
     vertex 5.2500989367e-01 4.0445245093e-02 2.4591630688e-02
     vertex 5.2783794033e-01 3.9765414722e-02 2.5142146468e-02
     vertex 5.2500989367e-01 3.9658063091e-02 2.5229078105e-02
   endloop
 endfacet
 facet normal  1.0412424527e-16 -6.2932039105e-01 -7.7714596146e-01
   outer loop
     vertex 5.2500989367e-01 3.9658063091e-02 2.5229078105e-02
     vertex 5.2783794033e-01 3.9765414722e-02 2.5142146468e-02
     vertex 5.2783794033e-01 3.8298402349e-02 2.6330109664e-02
   endloop
 endfacet
 facet normal  9.1799914700e-16 -6.2932039105e-01 -7.7714596146e-01
   outer loop
     vertex 5.2783794033e-01 3.9765414722e-02 2.5142146468e-02
     vertex 5.3229819562e-01 3.9192937979e-02 2.5605728994e-02
     vertex 5.2783794033e-01 3.8298402349e-02 2.6330109664e-02
   endloop
 endfacet
 facet normal  9.0454838455e-16 -6.2932039105e-01 -7.7714596146e-01
   outer loop
     vertex 5.2783794033e-01 3.8298402349e-02 2.6330109664e-02
     vertex 5.3229819562e-01 3.9192937979e-02 2.5605728994e-02
     vertex 5.3229819562e-01 3.7153448864e-02 2.7257274716e-02
   endloop
 endfacet
 facet normal  -1.4456958065e-15 -6.2932039105e-01 -7.7714596146e-01
   outer loop
     vertex 5.3229819562e-01 3.9192937979e-02 2.5605728994e-02
     vertex 5.3860519861e-01 3.8719816752e-02 2.5988855009e-02
     vertex 5.3229819562e-01 3.7153448864e-02 2.7257274716e-02
   endloop
 endfacet
 facet normal  -1.8069410109e-15 -6.2932039105e-01 -7.7714596146e-01
   outer loop
     vertex 5.3229819562e-01 3.7153448864e-02 2.7257274716e-02
     vertex 5.3860519861e-01 3.8719816752e-02 2.5988855009e-02
     vertex 5.3860519861e-01 3.6207206410e-02 2.8023526747e-02
   endloop
 endfacet
 facet normal  -1.1707605022e-16 -6.2932039105e-01 -7.7714596146e-01
   outer loop
     vertex 5.3860519861e-01 3.8719816752e-02 2.5988855009e-02
     vertex 5.4699672492e-01 3.8381087953e-02 2.6263152183e-02
     vertex 5.3860519861e-01 3.6207206410e-02 2.8023526747e-02
   endloop
 endfacet
 facet normal  -1.9257996425e-16 -6.2932039105e-01 -7.7714596146e-01
   outer loop
     vertex 5.3860519861e-01 3.6207206410e-02 2.8023526747e-02
     vertex 5.4699672492e-01 3.8381087953e-02 2.6263152183e-02
     vertex 5.4699672492e-01 3.5529748811e-02 2.8572121093e-02
   endloop
 endfacet
 facet normal  -4.8185716703e-16 -6.2932039105e-01 -7.7714596146e-01
   outer loop
     vertex 5.4699672492e-01 3.8381087953e-02 2.6263152183e-02
     vertex 5.5750721176e-01 3.8226959353e-02 2.6387963062e-02
     vertex 5.4699672492e-01 3.5529748811e-02 2.8572121093e-02
   endloop
 endfacet
 facet normal  -4.5844862535e-16 -6.2932039105e-01 -7.7714596146e-01
   outer loop
     vertex 5.4699672492e-01 3.5529748811e-02 2.8572121093e-02
     vertex 5.5750721176e-01 3.8226959353e-02 2.6387963062e-02
     vertex 5.5750721176e-01 3.5221491610e-02 2.8821742853e-02
   endloop
 endfacet
 facet normal  5.6013693870e-16 -6.2932039105e-01 -7.7714596146e-01
   outer loop
     vertex 5.5750721176e-01 3.8226959353e-02 2.6387963062e-02
     vertex 5.6979983626e-01 3.8290267003e-02 2.6336697538e-02
     vertex 5.5750721176e-01 3.5221491610e-02 2.8821742853e-02
   endloop
 endfacet
 facet normal  6.9163279580e-16 -6.2932039105e-01 -7.7714596146e-01
   outer loop
     vertex 5.5750721176e-01 3.5221491610e-02 2.8821742853e-02
     vertex 5.6979983626e-01 3.8290267003e-02 2.6336697538e-02
     vertex 5.6979983626e-01 3.5348106910e-02 2.8719211804e-02
   endloop
 endfacet
 facet normal  -2.2896858019e-16 -6.2932039105e-01 -7.7714596146e-01
   outer loop
     vertex 5.6979983626e-01 3.8290267003e-02 2.6336697538e-02
     vertex 5.8311348877e-01 3.8558614162e-02 2.6119394293e-02
     vertex 5.6979983626e-01 3.5348106910e-02 2.8719211804e-02
   endloop
 endfacet
 facet normal  -1.8491607260e-17 -6.2932039105e-01 -7.7714596146e-01
   outer loop
     vertex 5.6979983626e-01 3.5348106910e-02 2.8719211804e-02
     vertex 5.8311348877e-01 3.8558614162e-02 2.6119394293e-02
     vertex 5.8311348877e-01 3.5884801229e-02 2.8284605314e-02
   endloop
 endfacet
 facet normal  0.0000000000e+00 -6.2932039105e-01 -7.7714596146e-01
   outer loop
     vertex 5.8311348877e-01 3.8558614162e-02 2.6119394293e-02
     vertex 5.9640280034e-01 3.6711566888e-02 2.7615103685e-02
     vertex 5.8311348877e-01 3.5884801229e-02 2.8284605314e-02
   endloop
 endfacet
 facet normal  3.0130894853e-16 -6.2932039105e-01 -7.7714596146e-01
   outer loop
     vertex 5.8311348877e-01 3.8558614162e-02 2.6119394293e-02
     vertex 5.9640280034e-01 3.8971996991e-02 2.5784643478e-02
     vertex 5.9640280034e-01 3.6711566888e-02 2.7615103685e-02
   endloop
 endfacet
 facet normal  1.6068430291e-16 -6.2932039105e-01 -7.7714596146e-01
   outer loop
     vertex 5.9640280034e-01 3.8971996991e-02 2.5784643478e-02
     vertex 6.0863605835e-01 3.7664210725e-02 2.6843667915e-02
     vertex 5.9640280034e-01 3.6711566888e-02 2.7615103685e-02
   endloop
 endfacet
 facet normal  1.0179193128e-16 -6.2932039105e-01 -7.7714596146e-01
   outer loop
     vertex 5.9640280034e-01 3.8971996991e-02 2.5784643478e-02
     vertex 6.0863605835e-01 3.9448318910e-02 2.5398925594e-02
     vertex 6.0863605835e-01 3.7664210725e-02 2.6843667915e-02
   endloop
 endfacet
 facet normal  4.9868749680e-16 -6.2932039105e-01 -7.7714596146e-01
   outer loop
     vertex 6.0863605835e-01 3.9448318910e-02 2.5398925594e-02
     vertex 6.1908666951e-01 3.8596943820e-02 2.6088355548e-02
     vertex 6.0863605835e-01 3.7664210725e-02 2.6843667915e-02
   endloop
 endfacet
 facet normal  2.0315142356e-16 -6.2932039105e-01 -7.7714596146e-01
   outer loop
     vertex 6.0863605835e-01 3.9448318910e-02 2.5398925594e-02
     vertex 6.1908666951e-01 3.9914685458e-02 2.5021269410e-02
     vertex 6.1908666951e-01 3.8596943820e-02 2.6088355548e-02
   endloop
 endfacet
 facet normal  -9.3226488901e-16 -6.2932039105e-01 -7.7714596146e-01
   outer loop
     vertex 6.1908666951e-01 3.9914685458e-02 2.5021269410e-02
     vertex 6.2745913425e-01 3.9416032375e-02 2.5425070715e-02
     vertex 6.1908666951e-01 3.8596943820e-02 2.6088355548e-02
   endloop
 endfacet
 facet normal  -6.7633111219e-16 -6.2932039105e-01 -7.7714596146e-01
   outer loop
     vertex 6.1908666951e-01 3.9914685458e-02 2.5021269410e-02
     vertex 6.2745913425e-01 4.0324229735e-02 2.4689626993e-02
     vertex 6.2745913425e-01 3.9416032375e-02 2.5425070715e-02
   endloop
 endfacet
 facet normal  -2.1338217457e-16 -6.2932039105e-01 -7.7714596146e-01
   outer loop
     vertex 6.2745913425e-01 4.0324229735e-02 2.4689626993e-02
     vertex 6.3382805431e-01 4.0081039070e-02 2.4886558911e-02
     vertex 6.2745913425e-01 3.9416032375e-02 2.5425070715e-02
   endloop
 endfacet
 facet normal  -1.1220840900e-16 -6.2932039105e-01 -7.7714596146e-01
   outer loop
     vertex 6.2745913425e-01 4.0324229735e-02 2.4689626993e-02
     vertex 6.3382805431e-01 4.0656733083e-02 2.4420371091e-02
     vertex 6.3382805431e-01 4.0081039070e-02 2.4886558911e-02
   endloop
 endfacet
 facet normal  1.8608945385e-16 -6.2932039105e-01 -7.7714596146e-01
   outer loop
     vertex 6.3382805431e-01 4.0656733083e-02 2.4420371091e-02
     vertex 6.3848446405e-01 4.0590846227e-02 2.4473725215e-02
     vertex 6.3382805431e-01 4.0081039070e-02 2.4886558911e-02
   endloop
 endfacet
 facet normal  1.9968632481e-16 -6.2932039105e-01 -7.7714596146e-01
   outer loop
     vertex 6.3382805431e-01 4.0656733083e-02 2.4420371091e-02
     vertex 6.3848446405e-01 4.0911636661e-02 2.4213954244e-02
     vertex 6.3848446405e-01 4.0590846227e-02 2.4473725215e-02
   endloop
 endfacet
 facet normal  -1.2993435623e-15 -6.2932039105e-01 -7.7714596146e-01
   outer loop
     vertex 6.3848446405e-01 4.0911636661e-02 2.4213954244e-02
     vertex 6.4179106901e-01 4.0965489311e-02 2.4170345227e-02
     vertex 6.3848446405e-01 4.0590846227e-02 2.4473725215e-02
   endloop
 endfacet
 facet normal  -8.6813413230e-16 -6.2932039105e-01 -7.7714596146e-01
   outer loop
     vertex 6.3848446405e-01 4.0911636661e-02 2.4213954244e-02
     vertex 6.4179106901e-01 4.1098958203e-02 2.4062264250e-02
     vertex 6.4179106901e-01 4.0965489311e-02 2.4170345227e-02
   endloop
 endfacet
 facet normal  3.5182872656e-15 -6.2932039105e-01 -7.7714596146e-01
   outer loop
     vertex 6.4179106901e-01 4.1098958203e-02 2.4062264250e-02
     vertex 6.4409092622e-01 4.1232427095e-02 2.3954183272e-02
     vertex 6.4179106901e-01 4.0965489311e-02 2.4170345227e-02
   endloop
 endfacet
 facet normal  1.4766726133e-01 7.5287350216e-01 -6.4138589762e-01
   outer loop
     vertex 6.4409092622e-01 4.1232427095e-02 2.3954183272e-02
     vertex 6.4179106901e-01 4.1499364880e-02 2.3738021316e-02
     vertex 6.4519274097e-01 4.5385941676e-02 2.9083346618e-02
   endloop
 endfacet
 facet normal  1.4766726133e-01 7.5287350216e-01 -6.4138589762e-01
   outer loop
     vertex 6.4519274097e-01 4.5385941676e-02 2.9083346618e-02
     vertex 6.4179106901e-01 4.1499364880e-02 2.3738021316e-02
     vertex 6.4294300593e-01 4.5647061926e-02 2.8871895608e-02
   endloop
 endfacet
 facet normal  1.4422482734e-01 7.5365828882e-01 -6.4124752075e-01
   outer loop
     vertex 6.4179106901e-01 4.1499364880e-02 2.3738021316e-02
     vertex 6.3848446405e-01 4.1874007964e-02 2.3434641329e-02
     vertex 6.4294300593e-01 4.5647061926e-02 2.8871895608e-02
   endloop
 endfacet
 facet normal  1.4422482734e-01 7.5365828882e-01 -6.4124752075e-01
   outer loop
     vertex 6.4294300593e-01 4.5647061926e-02 2.8871895608e-02
     vertex 6.3848446405e-01 4.1874007964e-02 2.3434641329e-02
     vertex 6.3970846377e-01 4.6013540191e-02 2.8575127361e-02
   endloop
 endfacet
 facet normal  1.3946588162e-01 7.5476142245e-01 -6.4100270128e-01
   outer loop
     vertex 6.3848446405e-01 4.1874007964e-02 2.3434641329e-02
     vertex 6.3382805431e-01 4.2383815121e-02 2.3021807633e-02
     vertex 6.3970846377e-01 4.6013540191e-02 2.8575127361e-02
   endloop
 endfacet
 facet normal  1.3946588162e-01 7.5476142245e-01 -6.4100270128e-01
   outer loop
     vertex 6.3970846377e-01 4.6013540191e-02 2.8575127361e-02
     vertex 6.3382805431e-01 4.2383815121e-02 2.3021807633e-02
     vertex 6.3515353394e-01 4.6512236817e-02 2.8171290796e-02
   endloop
 endfacet
 facet normal  1.3312777430e-01 7.5626567838e-01 -6.4057725483e-01
   outer loop
     vertex 6.3382805431e-01 4.2383815121e-02 2.3021807633e-02
     vertex 6.2745913425e-01 4.3048821816e-02 2.2483295829e-02
     vertex 6.3515353394e-01 4.6512236817e-02 2.8171290796e-02
   endloop
 endfacet
 facet normal  1.3312777430e-01 7.5626567838e-01 -6.4057725483e-01
   outer loop
     vertex 6.3515353394e-01 4.6512236817e-02 2.8171290796e-02
     vertex 6.2745913425e-01 4.3048821816e-02 2.2483295829e-02
     vertex 6.2892341554e-01 4.7162750626e-02 2.7644515100e-02
   endloop
 endfacet
 facet normal  1.2487441335e-01 7.5828825665e-01 -6.3984787310e-01
   outer loop
     vertex 6.2745913425e-01 4.3048821816e-02 2.2483295829e-02
     vertex 6.1908666951e-01 4.3867910371e-02 2.1820010996e-02
     vertex 6.2892341554e-01 4.7162750626e-02 2.7644515100e-02
   endloop
 endfacet
 facet normal  1.2487441335e-01 7.5828825665e-01 -6.3984787310e-01
   outer loop
     vertex 6.2892341554e-01 4.7162750626e-02 2.7644515100e-02
     vertex 6.1908666951e-01 4.3867910371e-02 2.1820010996e-02
     vertex 6.2073341691e-01 4.7963988296e-02 2.6995685628e-02
   endloop
 endfacet
 facet normal  1.1407815147e-01 7.6104251498e-01 -6.3859256632e-01
   outer loop
     vertex 6.1908666951e-01 4.3867910371e-02 2.1820010996e-02
     vertex 6.0863605835e-01 4.4800643465e-02 2.1064698628e-02
     vertex 6.2073341691e-01 4.7963988296e-02 2.6995685628e-02
   endloop
 endfacet
 facet normal  1.1407815147e-01 7.6104251498e-01 -6.3859256632e-01
   outer loop
     vertex 6.2073341691e-01 4.7963988296e-02 2.6995685628e-02
     vertex 6.0863605835e-01 4.4800643465e-02 2.1064698628e-02
     vertex 6.1051056214e-01 4.8876393784e-02 2.6256834232e-02
   endloop
 endfacet
 facet normal  9.9696139329e-02 7.6487929811e-01 -6.3641208279e-01
   outer loop
     vertex 6.0863605835e-01 4.4800643465e-02 2.1064698628e-02
     vertex 5.9640280034e-01 4.5753287303e-02 2.0293262859e-02
     vertex 6.1051056214e-01 4.8876393784e-02 2.6256834232e-02
   endloop
 endfacet
 facet normal  9.9696139329e-02 7.6487929811e-01 -6.3641208279e-01
   outer loop
     vertex 6.1051056214e-01 4.8876393784e-02 2.6256834232e-02
     vertex 5.9640280034e-01 4.5753287303e-02 2.0293262859e-02
     vertex 5.9854391080e-01 4.9808276087e-02 2.5502210822e-02
   endloop
 endfacet
 facet normal  7.9795857340e-02 7.7040888594e-01 -6.3253677333e-01
   outer loop
     vertex 5.9640280034e-01 4.5753287303e-02 2.0293262859e-02
     vertex 5.8311348877e-01 4.6580052962e-02 1.9623761230e-02
     vertex 5.9854391080e-01 4.9808276087e-02 2.5502210822e-02
   endloop
 endfacet
 facet normal  7.9795857340e-02 7.7040888594e-01 -6.3253677333e-01
   outer loop
     vertex 5.9854391080e-01 4.9808276087e-02 2.5502210822e-02
     vertex 5.8311348877e-01 4.6580052962e-02 1.9623761230e-02
     vertex 5.8554422111e-01 5.0617023550e-02 2.4847300040e-02
   endloop
 endfacet
 facet normal  5.1801325468e-02 7.7837130635e-01 -6.2566343359e-01
   outer loop
     vertex 5.8311348877e-01 4.6580052962e-02 1.9623761230e-02
     vertex 5.7252072095e-01 5.1142021370e-02 2.4422165188e-02
     vertex 5.8554422111e-01 5.0617023550e-02 2.4847300040e-02
   endloop
 endfacet
 facet normal  5.1801325468e-02 7.7837130635e-01 -6.2566343359e-01
   outer loop
     vertex 5.8311348877e-01 4.6580052962e-02 1.9623761230e-02
     vertex 5.6979983626e-01 4.7116747280e-02 1.9189154740e-02
     vertex 5.7252072095e-01 5.1142021370e-02 2.4422165188e-02
   endloop
 endfacet
 facet normal  1.3250063935e-02 7.8922187966e-01 -6.1396519484e-01
   outer loop
     vertex 5.6979983626e-01 4.7116747280e-02 1.9189154740e-02
     vertex 5.6049599693e-01 5.1265877268e-02 2.4321868659e-02
     vertex 5.7252072095e-01 5.1142021370e-02 2.4422165188e-02
   endloop
 endfacet
 facet normal  1.3250063935e-02 7.8922187966e-01 -6.1396519484e-01
   outer loop
     vertex 5.6979983626e-01 4.7116747280e-02 1.9189154740e-02
     vertex 5.5750721176e-01 4.7243362581e-02 1.9086623691e-02
     vertex 5.6049599693e-01 5.1265877268e-02 2.4321868659e-02
   endloop
 endfacet
 facet normal  -3.7677757843e-02 8.0267403683e-01 -5.9522666032e-01
   outer loop
     vertex 5.5750721176e-01 4.7243362581e-02 1.9086623691e-02
     vertex 5.5021457138e-01 5.0964338100e-02 2.4566050263e-02
     vertex 5.6049599693e-01 5.1265877268e-02 2.4321868659e-02
   endloop
 endfacet
 facet normal  -3.7677757843e-02 8.0267403683e-01 -5.9522666032e-01
   outer loop
     vertex 5.5750721176e-01 4.7243362581e-02 1.9086623691e-02
     vertex 5.4699672492e-01 4.6935105380e-02 1.9336245451e-02
     vertex 5.5021457138e-01 5.0964338100e-02 2.4566050263e-02
   endloop
 endfacet
 facet normal  -1.0304018662e-01 8.1759208547e-01 -5.6650322305e-01
   outer loop
     vertex 5.4699672492e-01 4.6935105380e-02 1.9336245451e-02
     vertex 5.4200592660e-01 5.0301644737e-02 2.5102688767e-02
     vertex 5.5021457138e-01 5.0964338100e-02 2.4566050263e-02
   endloop
 endfacet
 facet normal  -1.0304018662e-01 8.1759208547e-01 -5.6650322305e-01
   outer loop
     vertex 5.4699672492e-01 4.6935105380e-02 1.9336245451e-02
     vertex 5.3860519861e-01 4.6257647781e-02 1.9884839797e-02
     vertex 5.4200592660e-01 5.0301644737e-02 2.5102688767e-02
   endloop
 endfacet
 facet normal  -1.8823316569e-01 8.3188213081e-01 -5.2205401614e-01
   outer loop
     vertex 5.3860519861e-01 4.6257647781e-02 1.9884839797e-02
     vertex 5.3583637588e-01 4.9376024308e-02 2.5852241411e-02
     vertex 5.4200592660e-01 5.0301644737e-02 2.5102688767e-02
   endloop
 endfacet
 facet normal  -1.8823316569e-01 8.3188213081e-01 -5.2205401614e-01
   outer loop
     vertex 5.3860519861e-01 4.6257647781e-02 1.9884839797e-02
     vertex 5.3229819562e-01 4.5311405327e-02 2.0651091828e-02
     vertex 5.3583637588e-01 4.9376024308e-02 2.5852241411e-02
   endloop
 endfacet
 facet normal  -3.0843420853e-01 8.3991206455e-01 -4.4656025667e-01
   outer loop
     vertex 5.3229819562e-01 4.5311405327e-02 2.0651091828e-02
     vertex 5.3147332559e-01 4.8256023475e-02 2.6759200203e-02
     vertex 5.3583637588e-01 4.9376024308e-02 2.5852241411e-02
   endloop
 endfacet
 facet normal  -3.0843420853e-01 8.3991206455e-01 -4.4656025667e-01
   outer loop
     vertex 5.3229819562e-01 4.5311405327e-02 2.0651091828e-02
     vertex 5.2783794033e-01 4.4166451841e-02 2.1578256879e-02
     vertex 5.3147332559e-01 4.8256023475e-02 2.6759200203e-02
   endloop
 endfacet
 facet normal  -5.0386497214e-01 8.1400815177e-01 -2.8898238477e-01
   outer loop
     vertex 5.2783794033e-01 4.4166451841e-02 2.1578256879e-02
     vertex 5.2870691223e-01 4.6925994629e-02 2.7836236326e-02
     vertex 5.3147332559e-01 4.8256023475e-02 2.6759200203e-02
   endloop
 endfacet
 facet normal  -5.0386497214e-01 8.1400815177e-01 -2.8898238477e-01
   outer loop
     vertex 5.2783794033e-01 4.4166451841e-02 2.1578256879e-02
     vertex 5.2500989367e-01 4.2806791100e-02 2.2679288439e-02
     vertex 5.2870691223e-01 4.6925994629e-02 2.7836236326e-02
   endloop
 endfacet
 facet normal  -7.9978678940e-01 5.9178245633e-01 1.0067082934e-01
   outer loop
     vertex 5.2500989367e-01 4.2806791100e-02 2.2679288439e-02
     vertex 5.2772436450e-01 4.5385941676e-02 2.9083346618e-02
     vertex 5.2870691223e-01 4.6925994629e-02 2.7836236326e-02
   endloop
 endfacet
 facet normal  -7.9978678940e-01 5.9178245633e-01 1.0067082934e-01
   outer loop
     vertex 5.2500989367e-01 4.2806791100e-02 2.2679288439e-02
     vertex 5.2400545563e-01 4.1232427095e-02 2.3954183272e-02
     vertex 5.2772436450e-01 4.5385941676e-02 2.9083346618e-02
   endloop
 endfacet
 facet normal  -7.9978678940e-01 -2.4567560912e-02 5.9978123216e-01
   outer loop
     vertex 5.2400545563e-01 4.1232427095e-02 2.3954183272e-02
     vertex 5.2500989367e-01 3.9658063091e-02 2.5229078105e-02
     vertex 5.2772436450e-01 4.5385941676e-02 2.9083346618e-02
   endloop
 endfacet
 facet normal  -7.9978678940e-01 -2.4567560912e-02 5.9978123216e-01
   outer loop
     vertex 5.2772436450e-01 4.5385941676e-02 2.9083346618e-02
     vertex 5.2500989367e-01 3.9658063091e-02 2.5229078105e-02
     vertex 5.2870691223e-01 4.3845888724e-02 3.0330456909e-02
   endloop
 endfacet
 facet normal  -5.0386497214e-01 -4.5190923749e-01 7.3613730439e-01
   outer loop
     vertex 5.2500989367e-01 3.9658063091e-02 2.5229078105e-02
     vertex 5.2783794033e-01 3.8298402349e-02 2.6330109664e-02
     vertex 5.2870691223e-01 4.3845888724e-02 3.0330456909e-02
   endloop
 endfacet
 facet normal  -5.0386497214e-01 -4.5190923749e-01 7.3613730439e-01
   outer loop
     vertex 5.2870691223e-01 4.3845888724e-02 3.0330456909e-02
     vertex 5.2783794033e-01 3.8298402349e-02 2.6330109664e-02
     vertex 5.3147332559e-01 4.2515859877e-02 3.1407493032e-02
   endloop
 endfacet
 facet normal  -3.0843420853e-01 -6.1142938112e-01 7.2871287275e-01
   outer loop
     vertex 5.2783794033e-01 3.8298402349e-02 2.6330109664e-02
     vertex 5.3229819562e-01 3.7153448864e-02 2.7257274716e-02
     vertex 5.3147332559e-01 4.2515859877e-02 3.1407493032e-02
   endloop
 endfacet
 facet normal  -3.0843420853e-01 -6.1142938112e-01 7.2871287275e-01
   outer loop
     vertex 5.3147332559e-01 4.2515859877e-02 3.1407493032e-02
     vertex 5.3229819562e-01 3.7153448864e-02 2.7257274716e-02
     vertex 5.3583637588e-01 4.1395859044e-02 3.2314451824e-02
   endloop
 endfacet
 facet normal  -1.8823316569e-01 -6.8360390372e-01 7.0516237715e-01
   outer loop
     vertex 5.3229819562e-01 3.7153448864e-02 2.7257274716e-02
     vertex 5.3860519861e-01 3.6207206410e-02 2.8023526747e-02
     vertex 5.3583637588e-01 4.1395859044e-02 3.2314451824e-02
   endloop
 endfacet
 facet normal  -1.8823316569e-01 -6.8360390372e-01 7.0516237715e-01
   outer loop
     vertex 5.3583637588e-01 4.1395859044e-02 3.2314451824e-02
     vertex 5.3860519861e-01 3.6207206410e-02 2.8023526747e-02
     vertex 5.4200592660e-01 4.0470238615e-02 3.3064004468e-02
   endloop
 endfacet
 facet normal  -1.0304018662e-01 -7.2411072132e-01 6.8194309382e-01
   outer loop
     vertex 5.3860519861e-01 3.6207206410e-02 2.8023526747e-02
     vertex 5.4699672492e-01 3.5529748811e-02 2.8572121093e-02
     vertex 5.4200592660e-01 4.0470238615e-02 3.3064004468e-02
   endloop
 endfacet
 facet normal  -1.0304018662e-01 -7.2411072132e-01 6.8194309382e-01
   outer loop
     vertex 5.4200592660e-01 4.0470238615e-02 3.3064004468e-02
     vertex 5.4699672492e-01 3.5529748811e-02 2.8572121093e-02
     vertex 5.5021457138e-01 3.9807545253e-02 3.3600642972e-02
   endloop
 endfacet
 facet normal  -3.7677757843e-02 -7.4910484586e-01 6.6137910193e-01
   outer loop
     vertex 5.4699672492e-01 3.5529748811e-02 2.8572121093e-02
     vertex 5.5750721176e-01 3.5221491610e-02 2.8821742853e-02
     vertex 5.5021457138e-01 3.9807545253e-02 3.3600642972e-02
   endloop
 endfacet
 facet normal  -3.7677757843e-02 -7.4910484586e-01 6.6137910193e-01
   outer loop
     vertex 5.5021457138e-01 3.9807545253e-02 3.3600642972e-02
     vertex 5.5750721176e-01 3.5221491610e-02 2.8821742853e-02
     vertex 5.6049599693e-01 3.9506006085e-02 3.3844824576e-02
   endloop
 endfacet
 facet normal  1.3250063935e-02 -7.6463703770e-01 6.4432494627e-01
   outer loop
     vertex 5.5750721176e-01 3.5221491610e-02 2.8821742853e-02
     vertex 5.6979983626e-01 3.5348106910e-02 2.8719211804e-02
     vertex 5.6049599693e-01 3.9506006085e-02 3.3844824576e-02
   endloop
 endfacet
 facet normal  1.3250063935e-02 -7.6463703770e-01 6.4432494627e-01
   outer loop
     vertex 5.6049599693e-01 3.9506006085e-02 3.3844824576e-02
     vertex 5.6979983626e-01 3.5348106910e-02 2.8719211804e-02
     vertex 5.7252072095e-01 3.9629861983e-02 3.3744528047e-02
   endloop
 endfacet
 facet normal  5.1801325468e-02 -7.7382368082e-01 6.3127928342e-01
   outer loop
     vertex 5.6979983626e-01 3.5348106910e-02 2.8719211804e-02
     vertex 5.8311348877e-01 3.5884801229e-02 2.8284605314e-02
     vertex 5.7252072095e-01 3.9629861983e-02 3.3744528047e-02
   endloop
 endfacet
 facet normal  5.1801325468e-02 -7.7382368082e-01 6.3127928342e-01
   outer loop
     vertex 5.7252072095e-01 3.9629861983e-02 3.3744528047e-02
     vertex 5.8311348877e-01 3.5884801229e-02 2.8284605314e-02
     vertex 5.8554422111e-01 4.0154859803e-02 3.3319393195e-02
   endloop
 endfacet
 facet normal  7.9795857340e-02 -7.7889134130e-01 6.2206181332e-01
   outer loop
     vertex 5.8311348877e-01 3.5884801229e-02 2.8284605314e-02
     vertex 5.9854391080e-01 4.0963607265e-02 3.2664482413e-02
     vertex 5.8554422111e-01 4.0154859803e-02 3.3319393195e-02
   endloop
 endfacet
 facet normal  7.9795857340e-02 -7.7889134130e-01 6.2206181332e-01
   outer loop
     vertex 5.8311348877e-01 3.5884801229e-02 2.8284605314e-02
     vertex 5.9640280034e-01 3.6711566888e-02 2.7615103685e-02
     vertex 5.9854391080e-01 4.0963607265e-02 3.2664482413e-02
   endloop
 endfacet
 facet normal  9.9696139329e-02 -7.8153230000e-01 6.1584733811e-01
   outer loop
     vertex 5.9640280034e-01 3.6711566888e-02 2.7615103685e-02
     vertex 6.1051056214e-01 4.1895489569e-02 3.1909859003e-02
     vertex 5.9854391080e-01 4.0963607265e-02 3.2664482413e-02
   endloop
 endfacet
 facet normal  9.9696139329e-02 -7.8153230000e-01 6.1584733811e-01
   outer loop
     vertex 5.9640280034e-01 3.6711566888e-02 2.7615103685e-02
     vertex 6.0863605835e-01 3.7664210725e-02 2.6843667915e-02
     vertex 6.1051056214e-01 4.1895489569e-02 3.1909859003e-02
   endloop
 endfacet
 facet normal  1.1407815147e-01 -7.8286742266e-01 6.1164104987e-01
   outer loop
     vertex 6.0863605835e-01 3.7664210725e-02 2.6843667915e-02
     vertex 6.2073341691e-01 4.2807895056e-02 3.1171007607e-02
     vertex 6.1051056214e-01 4.1895489569e-02 3.1909859003e-02
   endloop
 endfacet
 facet normal  1.1407815147e-01 -7.8286742266e-01 6.1164104987e-01
   outer loop
     vertex 6.0863605835e-01 3.7664210725e-02 2.6843667915e-02
     vertex 6.1908666951e-01 3.8596943820e-02 2.6088355548e-02
     vertex 6.2073341691e-01 4.2807895056e-02 3.1171007607e-02
   endloop
 endfacet
 facet normal  1.2487441335e-01 -7.8352265548e-01 6.0868598575e-01
   outer loop
     vertex 6.1908666951e-01 3.8596943820e-02 2.6088355548e-02
     vertex 6.2892341554e-01 4.3609132727e-02 3.0522178135e-02
     vertex 6.2073341691e-01 4.2807895056e-02 3.1171007607e-02
   endloop
 endfacet
 facet normal  1.2487441335e-01 -7.8352265548e-01 6.0868598575e-01
   outer loop
     vertex 6.1908666951e-01 3.8596943820e-02 2.6088355548e-02
     vertex 6.2745913425e-01 3.9416032375e-02 2.5425070715e-02
     vertex 6.2892341554e-01 4.3609132727e-02 3.0522178135e-02
   endloop
 endfacet
 facet normal  1.3312777430e-01 -7.8381558080e-01 6.0655595867e-01
   outer loop
     vertex 6.2745913425e-01 3.9416032375e-02 2.5425070715e-02
     vertex 6.3515353394e-01 4.4259646535e-02 2.9995402439e-02
     vertex 6.2892341554e-01 4.3609132727e-02 3.0522178135e-02
   endloop
 endfacet
 facet normal  1.3312777430e-01 -7.8381558080e-01 6.0655595867e-01
   outer loop
     vertex 6.2745913425e-01 3.9416032375e-02 2.5425070715e-02
     vertex 6.3382805431e-01 4.0081039070e-02 2.4886558911e-02
     vertex 6.3515353394e-01 4.4259646535e-02 2.9995402439e-02
   endloop
 endfacet
 facet normal  1.3946588162e-01 -7.8391897783e-01 6.0499611905e-01
   outer loop
     vertex 6.3382805431e-01 4.0081039070e-02 2.4886558911e-02
     vertex 6.3970846377e-01 4.4758343162e-02 2.9591565874e-02
     vertex 6.3515353394e-01 4.4259646535e-02 2.9995402439e-02
   endloop
 endfacet
 facet normal  1.3946588162e-01 -7.8391897783e-01 6.0499611905e-01
   outer loop
     vertex 6.3382805431e-01 4.0081039070e-02 2.4886558911e-02
     vertex 6.3848446405e-01 4.0590846227e-02 2.4473725215e-02
     vertex 6.3970846377e-01 4.4758343162e-02 2.9591565874e-02
   endloop
 endfacet
 facet normal  1.4422482734e-01 -7.8392909303e-01 6.0386619071e-01
   outer loop
     vertex 6.3848446405e-01 4.0590846227e-02 2.4473725215e-02
     vertex 6.4294300593e-01 4.5124821426e-02 2.9294797627e-02
     vertex 6.3970846377e-01 4.4758343162e-02 2.9591565874e-02
   endloop
 endfacet
 facet normal  1.4422482734e-01 -7.8392909303e-01 6.0386619071e-01
   outer loop
     vertex 6.3848446405e-01 4.0590846227e-02 2.4473725215e-02
     vertex 6.4179106901e-01 4.0965489311e-02 2.4170345227e-02
     vertex 6.4294300593e-01 4.5124821426e-02 2.9294797627e-02
   endloop
 endfacet
 facet normal  1.4766726133e-01 -7.8390127971e-01 6.0306978336e-01
   outer loop
     vertex 6.4179106901e-01 4.0965489311e-02 2.4170345227e-02
     vertex 6.4519274097e-01 4.5385941676e-02 2.9083346618e-02
     vertex 6.4294300593e-01 4.5124821426e-02 2.9294797627e-02
   endloop
 endfacet
 facet normal  1.4766726133e-01 -7.8390127971e-01 6.0306978336e-01
   outer loop
     vertex 6.4179106901e-01 4.0965489311e-02 2.4170345227e-02
     vertex 6.4409092622e-01 4.1232427095e-02 2.3954183272e-02
     vertex 6.4519274097e-01 4.5385941676e-02 2.9083346618e-02
   endloop
 endfacet
 facet normal  1.4766726133e-01 7.5287350216e-01 -6.4138589762e-01
   outer loop
     vertex 6.4519274097e-01 4.5385941676e-02 2.9083346618e-02
     vertex 6.4294300593e-01 4.5647061926e-02 2.8871895608e-02
     vertex 6.4629455573e-01 4.9539456257e-02 3.4212509963e-02
   endloop
 endfacet
 facet normal  1.4766726133e-01 7.5287350216e-01 -6.4138589762e-01
   outer loop
     vertex 6.4629455573e-01 4.9539456257e-02 3.4212509963e-02
     vertex 6.4294300593e-01 4.5647061926e-02 2.8871895608e-02
     vertex 6.4409494284e-01 4.9794758973e-02 3.4005769900e-02
   endloop
 endfacet
 facet normal  1.4422482734e-01 7.5365828882e-01 -6.4124752075e-01
   outer loop
     vertex 6.4294300593e-01 4.5647061926e-02 2.8871895608e-02
     vertex 6.3970846377e-01 4.6013540191e-02 2.8575127361e-02
     vertex 6.4409494284e-01 4.9794758973e-02 3.4005769900e-02
   endloop
 endfacet
 facet normal  1.4422482734e-01 7.5365828882e-01 -6.4124752075e-01
   outer loop
     vertex 6.4409494284e-01 4.9794758973e-02 3.4005769900e-02
     vertex 6.3970846377e-01 4.6013540191e-02 2.8575127361e-02
     vertex 6.4093246349e-01 5.0153072418e-02 3.3715613393e-02
   endloop
 endfacet
 facet normal  1.3946588162e-01 7.5476142245e-01 -6.4100270128e-01
   outer loop
     vertex 6.3970846377e-01 4.6013540191e-02 2.8575127361e-02
     vertex 6.3515353394e-01 4.6512236817e-02 2.8171290796e-02
     vertex 6.4093246349e-01 5.0153072418e-02 3.3715613393e-02
   endloop
 endfacet
 facet normal  1.3946588162e-01 7.5476142245e-01 -6.4100270128e-01
   outer loop
     vertex 6.4093246349e-01 5.0153072418e-02 3.3715613393e-02
     vertex 6.3515353394e-01 4.6512236817e-02 2.8171290796e-02
     vertex 6.3647901357e-01 5.0640658514e-02 3.3320773959e-02
   endloop
 endfacet
 facet normal  1.3312777430e-01 7.5626567838e-01 -6.4057725483e-01
   outer loop
     vertex 6.3515353394e-01 4.6512236817e-02 2.8171290796e-02
     vertex 6.2892341554e-01 4.7162750626e-02 2.7644515100e-02
     vertex 6.3647901357e-01 5.0640658514e-02 3.3320773959e-02
   endloop
 endfacet
 facet normal  1.3312777430e-01 7.5626567838e-01 -6.4057725483e-01
   outer loop
     vertex 6.3647901357e-01 5.0640658514e-02 3.3320773959e-02
     vertex 6.2892341554e-01 4.7162750626e-02 2.7644515100e-02
     vertex 6.3038769684e-01 5.1276679436e-02 3.2805734371e-02
   endloop
 endfacet
 facet normal  1.2487441335e-01 7.5828825665e-01 -6.3984787310e-01
   outer loop
     vertex 6.2892341554e-01 4.7162750626e-02 2.7644515100e-02
     vertex 6.2073341691e-01 4.7963988296e-02 2.6995685628e-02
     vertex 6.3038769684e-01 5.1276679436e-02 3.2805734371e-02
   endloop
 endfacet
 facet normal  1.2487441335e-01 7.5828825665e-01 -6.3984787310e-01
   outer loop
     vertex 6.3038769684e-01 5.1276679436e-02 3.2805734371e-02
     vertex 6.2073341691e-01 4.7963988296e-02 2.6995685628e-02
     vertex 6.2238016431e-01 5.2060066222e-02 3.2171360260e-02
   endloop
 endfacet
 facet normal  1.1407815147e-01 7.6104251498e-01 -6.3859256632e-01
   outer loop
     vertex 6.2073341691e-01 4.7963988296e-02 2.6995685628e-02
     vertex 6.1051056214e-01 4.8876393784e-02 2.6256834232e-02
     vertex 6.2238016431e-01 5.2060066222e-02 3.2171360260e-02
   endloop
 endfacet
 facet normal  1.1407815147e-01 7.6104251498e-01 -6.3859256632e-01
   outer loop
     vertex 6.2238016431e-01 5.2060066222e-02 3.2171360260e-02
     vertex 6.1051056214e-01 4.8876393784e-02 2.6256834232e-02
     vertex 6.1238506593e-01 5.2952144102e-02 3.1448969836e-02
   endloop
 endfacet
 facet normal  9.9696139329e-02 7.6487929811e-01 -6.3641208279e-01
   outer loop
     vertex 6.1051056214e-01 4.8876393784e-02 2.6256834232e-02
     vertex 5.9854391080e-01 4.9808276087e-02 2.5502210822e-02
     vertex 6.1238506593e-01 5.2952144102e-02 3.1448969836e-02
   endloop
 endfacet
 facet normal  9.9696139329e-02 7.6487929811e-01 -6.3641208279e-01
   outer loop
     vertex 6.1238506593e-01 5.2952144102e-02 3.1448969836e-02
     vertex 5.9854391080e-01 4.9808276087e-02 2.5502210822e-02
     vertex 6.0068502127e-01 5.3863264872e-02 3.0711158785e-02
   endloop
 endfacet
 facet normal  7.9795857340e-02 7.7040888594e-01 -6.3253677333e-01
   outer loop
     vertex 5.9854391080e-01 4.9808276087e-02 2.5502210822e-02
     vertex 5.8554422111e-01 5.0617023550e-02 2.4847300040e-02
     vertex 6.0068502127e-01 5.3863264872e-02 3.0711158785e-02
   endloop
 endfacet
 facet normal  7.9795857340e-02 7.7040888594e-01 -6.3253677333e-01
   outer loop
     vertex 6.0068502127e-01 5.3863264872e-02 3.0711158785e-02
     vertex 5.8554422111e-01 5.0617023550e-02 2.4847300040e-02
     vertex 5.8797495344e-01 5.4653994138e-02 3.0070838850e-02
   endloop
 endfacet
 facet normal  5.1801325468e-02 7.7837130635e-01 -6.2566343359e-01
   outer loop
     vertex 5.8554422111e-01 5.0617023550e-02 2.4847300040e-02
     vertex 5.7524160564e-01 5.5167295460e-02 2.9655175636e-02
     vertex 5.8797495344e-01 5.4653994138e-02 3.0070838850e-02
   endloop
 endfacet
 facet normal  5.1801325468e-02 7.7837130635e-01 -6.2566343359e-01
   outer loop
     vertex 5.8554422111e-01 5.0617023550e-02 2.4847300040e-02
     vertex 5.7252072095e-01 5.1142021370e-02 2.4422165188e-02
     vertex 5.7524160564e-01 5.5167295460e-02 2.9655175636e-02
   endloop
 endfacet
 facet normal  1.3250063935e-02 7.8922187966e-01 -6.1396519484e-01
   outer loop
     vertex 5.7252072095e-01 5.1142021370e-02 2.4422165188e-02
     vertex 5.6348478209e-01 5.5288391955e-02 2.9557113627e-02
     vertex 5.7524160564e-01 5.5167295460e-02 2.9655175636e-02
   endloop
 endfacet
 facet normal  1.3250063935e-02 7.8922187966e-01 -6.1396519484e-01
   outer loop
     vertex 5.7252072095e-01 5.1142021370e-02 2.4422165188e-02
     vertex 5.6049599693e-01 5.1265877268e-02 2.4321868659e-02
     vertex 5.6348478209e-01 5.5288391955e-02 2.9557113627e-02
   endloop
 endfacet
 facet normal  -3.7677757843e-02 8.0267403683e-01 -5.9522666032e-01
   outer loop
     vertex 5.6049599693e-01 5.1265877268e-02 2.4321868659e-02
     vertex 5.5343241784e-01 5.4993570819e-02 2.9795855076e-02
     vertex 5.6348478209e-01 5.5288391955e-02 2.9557113627e-02
   endloop
 endfacet
 facet normal  -3.7677757843e-02 8.0267403683e-01 -5.9522666032e-01
   outer loop
     vertex 5.6049599693e-01 5.1265877268e-02 2.4321868659e-02
     vertex 5.5021457138e-01 5.0964338100e-02 2.4566050263e-02
     vertex 5.5343241784e-01 5.4993570819e-02 2.9795855076e-02
   endloop
 endfacet
 facet normal  -1.0304018662e-01 8.1759208547e-01 -5.6650322305e-01
   outer loop
     vertex 5.5021457138e-01 5.0964338100e-02 2.4566050263e-02
     vertex 5.4540665459e-01 5.4345641694e-02 3.0320537736e-02
     vertex 5.5343241784e-01 5.4993570819e-02 2.9795855076e-02
   endloop
 endfacet
 facet normal  -1.0304018662e-01 8.1759208547e-01 -5.6650322305e-01
   outer loop
     vertex 5.5021457138e-01 5.0964338100e-02 2.4566050263e-02
     vertex 5.4200592660e-01 5.0301644737e-02 2.5102688767e-02
     vertex 5.4540665459e-01 5.4345641694e-02 3.0320537736e-02
   endloop
 endfacet
 facet normal  -1.8823316569e-01 8.3188213081e-01 -5.2205401614e-01
   outer loop
     vertex 5.4200592660e-01 5.0301644737e-02 2.5102688767e-02
     vertex 5.3937455613e-01 5.3440643289e-02 3.1053390994e-02
     vertex 5.4540665459e-01 5.4345641694e-02 3.0320537736e-02
   endloop
 endfacet
 facet normal  -1.8823316569e-01 8.3188213081e-01 -5.2205401614e-01
   outer loop
     vertex 5.4200592660e-01 5.0301644737e-02 2.5102688767e-02
     vertex 5.3583637588e-01 4.9376024308e-02 2.5852241411e-02
     vertex 5.3937455613e-01 5.3440643289e-02 3.1053390994e-02
   endloop
 endfacet
 facet normal  -3.0843420853e-01 8.3991206455e-01 -4.4656025667e-01
   outer loop
     vertex 5.3583637588e-01 4.9376024308e-02 2.5852241411e-02
     vertex 5.3510871084e-01 5.2345595109e-02 3.1940143526e-02
     vertex 5.3937455613e-01 5.3440643289e-02 3.1053390994e-02
   endloop
 endfacet
 facet normal  -3.0843420853e-01 8.3991206455e-01 -4.4656025667e-01
   outer loop
     vertex 5.3583637588e-01 4.9376024308e-02 2.5852241411e-02
     vertex 5.3147332559e-01 4.8256023475e-02 2.6759200203e-02
     vertex 5.3510871084e-01 5.2345595109e-02 3.1940143526e-02
   endloop
 endfacet
 facet normal  -5.0386497214e-01 8.1400815177e-01 -2.8898238477e-01
   outer loop
     vertex 5.3147332559e-01 4.8256023475e-02 2.6759200203e-02
     vertex 5.3240393079e-01 5.1045198158e-02 3.2993184214e-02
     vertex 5.3510871084e-01 5.2345595109e-02 3.1940143526e-02
   endloop
 endfacet
 facet normal  -5.0386497214e-01 8.1400815177e-01 -2.8898238477e-01
   outer loop
     vertex 5.3147332559e-01 4.8256023475e-02 2.6759200203e-02
     vertex 5.2870691223e-01 4.6925994629e-02 2.7836236326e-02
     vertex 5.3240393079e-01 5.1045198158e-02 3.2993184214e-02
   endloop
 endfacet
 facet normal  -7.9978678940e-01 5.9178245633e-01 1.0067082934e-01
   outer loop
     vertex 5.2870691223e-01 4.6925994629e-02 2.7836236326e-02
     vertex 5.3144327338e-01 4.9539456257e-02 3.4212509963e-02
     vertex 5.3240393079e-01 5.1045198158e-02 3.2993184214e-02
   endloop
 endfacet
 facet normal  -7.9978678940e-01 5.9178245633e-01 1.0067082934e-01
   outer loop
     vertex 5.2870691223e-01 4.6925994629e-02 2.7836236326e-02
     vertex 5.2772436450e-01 4.5385941676e-02 2.9083346618e-02
     vertex 5.3144327338e-01 4.9539456257e-02 3.4212509963e-02
   endloop
 endfacet
 facet normal  -7.9978678940e-01 -2.4567560912e-02 5.9978123216e-01
   outer loop
     vertex 5.2772436450e-01 4.5385941676e-02 2.9083346618e-02
     vertex 5.2870691223e-01 4.3845888724e-02 3.0330456909e-02
     vertex 5.3144327338e-01 4.9539456257e-02 3.4212509963e-02
   endloop
 endfacet
 facet normal  -7.9978678940e-01 -2.4567560912e-02 5.9978123216e-01
   outer loop
     vertex 5.3144327338e-01 4.9539456257e-02 3.4212509963e-02
     vertex 5.2870691223e-01 4.3845888724e-02 3.0330456909e-02
     vertex 5.3240393079e-01 4.8033714356e-02 3.5431835713e-02
   endloop
 endfacet
 facet normal  -5.0386497214e-01 -4.5190923749e-01 7.3613730439e-01
   outer loop
     vertex 5.2870691223e-01 4.3845888724e-02 3.0330456909e-02
     vertex 5.3147332559e-01 4.2515859877e-02 3.1407493032e-02
     vertex 5.3240393079e-01 4.8033714356e-02 3.5431835713e-02
   endloop
 endfacet
 facet normal  -5.0386497214e-01 -4.5190923749e-01 7.3613730439e-01
   outer loop
     vertex 5.3240393079e-01 4.8033714356e-02 3.5431835713e-02
     vertex 5.3147332559e-01 4.2515859877e-02 3.1407493032e-02
     vertex 5.3510871084e-01 4.6733317405e-02 3.6484876400e-02
   endloop
 endfacet
 facet normal  -3.0843420853e-01 -6.1142938112e-01 7.2871287275e-01
   outer loop
     vertex 5.3147332559e-01 4.2515859877e-02 3.1407493032e-02
     vertex 5.3583637588e-01 4.1395859044e-02 3.2314451824e-02
     vertex 5.3510871084e-01 4.6733317405e-02 3.6484876400e-02
   endloop
 endfacet
 facet normal  -3.0843420853e-01 -6.1142938112e-01 7.2871287275e-01
   outer loop
     vertex 5.3510871084e-01 4.6733317405e-02 3.6484876400e-02
     vertex 5.3583637588e-01 4.1395859044e-02 3.2314451824e-02
     vertex 5.3937455613e-01 4.5638269225e-02 3.7371628932e-02
   endloop
 endfacet
 facet normal  -1.8823316569e-01 -6.8360390372e-01 7.0516237715e-01
   outer loop
     vertex 5.3583637588e-01 4.1395859044e-02 3.2314451824e-02
     vertex 5.4200592660e-01 4.0470238615e-02 3.3064004468e-02
     vertex 5.3937455613e-01 4.5638269225e-02 3.7371628932e-02
   endloop
 endfacet
 facet normal  -1.8823316569e-01 -6.8360390372e-01 7.0516237715e-01
   outer loop
     vertex 5.3937455613e-01 4.5638269225e-02 3.7371628932e-02
     vertex 5.4200592660e-01 4.0470238615e-02 3.3064004468e-02
     vertex 5.4540665459e-01 4.4733270821e-02 3.8104482190e-02
   endloop
 endfacet
 facet normal  -1.0304018662e-01 -7.2411072132e-01 6.8194309382e-01
   outer loop
     vertex 5.4200592660e-01 4.0470238615e-02 3.3064004468e-02
     vertex 5.5021457138e-01 3.9807545253e-02 3.3600642972e-02
     vertex 5.4540665459e-01 4.4733270821e-02 3.8104482190e-02
   endloop
 endfacet
 facet normal  -1.0304018662e-01 -7.2411072132e-01 6.8194309382e-01
   outer loop
     vertex 5.4540665459e-01 4.4733270821e-02 3.8104482190e-02
     vertex 5.5021457138e-01 3.9807545253e-02 3.3600642972e-02
     vertex 5.5343241784e-01 4.4085341695e-02 3.8629164851e-02
   endloop
 endfacet
 facet normal  -3.7677757843e-02 -7.4910484586e-01 6.6137910193e-01
   outer loop
     vertex 5.5021457138e-01 3.9807545253e-02 3.3600642972e-02
     vertex 5.6049599693e-01 3.9506006085e-02 3.3844824576e-02
     vertex 5.5343241784e-01 4.4085341695e-02 3.8629164851e-02
   endloop
 endfacet
 facet normal  -3.7677757843e-02 -7.4910484586e-01 6.6137910193e-01
   outer loop
     vertex 5.5343241784e-01 4.4085341695e-02 3.8629164851e-02
     vertex 5.6049599693e-01 3.9506006085e-02 3.3844824576e-02
     vertex 5.6348478209e-01 4.3790520560e-02 3.8867906299e-02
   endloop
 endfacet
 facet normal  1.3250063935e-02 -7.6463703770e-01 6.4432494627e-01
   outer loop
     vertex 5.6049599693e-01 3.9506006085e-02 3.3844824576e-02
     vertex 5.7252072095e-01 3.9629861983e-02 3.3744528047e-02
     vertex 5.6348478209e-01 4.3790520560e-02 3.8867906299e-02
   endloop
 endfacet
 facet normal  1.3250063935e-02 -7.6463703770e-01 6.4432494627e-01
   outer loop
     vertex 5.6348478209e-01 4.3790520560e-02 3.8867906299e-02
     vertex 5.7252072095e-01 3.9629861983e-02 3.3744528047e-02
     vertex 5.7524160564e-01 4.3911617055e-02 3.8769844291e-02
   endloop
 endfacet
 facet normal  5.1801325468e-02 -7.7382368082e-01 6.3127928342e-01
   outer loop
     vertex 5.7252072095e-01 3.9629861983e-02 3.3744528047e-02
     vertex 5.8554422111e-01 4.0154859803e-02 3.3319393195e-02
     vertex 5.7524160564e-01 4.3911617055e-02 3.8769844291e-02
   endloop
 endfacet
 facet normal  5.1801325468e-02 -7.7382368082e-01 6.3127928342e-01
   outer loop
     vertex 5.7524160564e-01 4.3911617055e-02 3.8769844291e-02
     vertex 5.8554422111e-01 4.0154859803e-02 3.3319393195e-02
     vertex 5.8797495344e-01 4.4424918376e-02 3.8354181076e-02
   endloop
 endfacet
 facet normal  7.9795857340e-02 -7.7889134130e-01 6.2206181332e-01
   outer loop
     vertex 5.8554422111e-01 4.0154859803e-02 3.3319393195e-02
     vertex 6.0068502127e-01 4.5215647643e-02 3.7713861142e-02
     vertex 5.8797495344e-01 4.4424918376e-02 3.8354181076e-02
   endloop
 endfacet
 facet normal  7.9795857340e-02 -7.7889134130e-01 6.2206181332e-01
   outer loop
     vertex 5.8554422111e-01 4.0154859803e-02 3.3319393195e-02
     vertex 5.9854391080e-01 4.0963607265e-02 3.2664482413e-02
     vertex 6.0068502127e-01 4.5215647643e-02 3.7713861142e-02
   endloop
 endfacet
 facet normal  9.9696139329e-02 -7.8153230000e-01 6.1584733811e-01
   outer loop
     vertex 5.9854391080e-01 4.0963607265e-02 3.2664482413e-02
     vertex 6.1238506593e-01 4.6126768412e-02 3.6976050090e-02
     vertex 6.0068502127e-01 4.5215647643e-02 3.7713861142e-02
   endloop
 endfacet
 facet normal  9.9696139329e-02 -7.8153230000e-01 6.1584733811e-01
   outer loop
     vertex 5.9854391080e-01 4.0963607265e-02 3.2664482413e-02
     vertex 6.1051056214e-01 4.1895489569e-02 3.1909859003e-02
     vertex 6.1238506593e-01 4.6126768412e-02 3.6976050090e-02
   endloop
 endfacet
 facet normal  1.1407815147e-01 -7.8286742266e-01 6.1164104987e-01
   outer loop
     vertex 6.1051056214e-01 4.1895489569e-02 3.1909859003e-02
     vertex 6.2238016431e-01 4.7018846292e-02 3.6253659667e-02
     vertex 6.1238506593e-01 4.6126768412e-02 3.6976050090e-02
   endloop
 endfacet
 facet normal  1.1407815147e-01 -7.8286742266e-01 6.1164104987e-01
   outer loop
     vertex 6.1051056214e-01 4.1895489569e-02 3.1909859003e-02
     vertex 6.2073341691e-01 4.2807895056e-02 3.1171007607e-02
     vertex 6.2238016431e-01 4.7018846292e-02 3.6253659667e-02
   endloop
 endfacet
 facet normal  1.2487441335e-01 -7.8352265548e-01 6.0868598575e-01
   outer loop
     vertex 6.2073341691e-01 4.2807895056e-02 3.1171007607e-02
     vertex 6.3038769684e-01 4.7802233078e-02 3.5619285555e-02
     vertex 6.2238016431e-01 4.7018846292e-02 3.6253659667e-02
   endloop
 endfacet
 facet normal  1.2487441335e-01 -7.8352265548e-01 6.0868598575e-01
   outer loop
     vertex 6.2073341691e-01 4.2807895056e-02 3.1171007607e-02
     vertex 6.2892341554e-01 4.3609132727e-02 3.0522178135e-02
     vertex 6.3038769684e-01 4.7802233078e-02 3.5619285555e-02
   endloop
 endfacet
 facet normal  1.3312777430e-01 -7.8381558080e-01 6.0655595867e-01
   outer loop
     vertex 6.2892341554e-01 4.3609132727e-02 3.0522178135e-02
     vertex 6.3647901357e-01 4.8438254001e-02 3.5104245968e-02
     vertex 6.3038769684e-01 4.7802233078e-02 3.5619285555e-02
   endloop
 endfacet
 facet normal  1.3312777430e-01 -7.8381558080e-01 6.0655595867e-01
   outer loop
     vertex 6.2892341554e-01 4.3609132727e-02 3.0522178135e-02
     vertex 6.3515353394e-01 4.4259646535e-02 2.9995402439e-02
     vertex 6.3647901357e-01 4.8438254001e-02 3.5104245968e-02
   endloop
 endfacet
 facet normal  1.3946588162e-01 -7.8391897783e-01 6.0499611905e-01
   outer loop
     vertex 6.3515353394e-01 4.4259646535e-02 2.9995402439e-02
     vertex 6.4093246349e-01 4.8925840096e-02 3.4709406533e-02
     vertex 6.3647901357e-01 4.8438254001e-02 3.5104245968e-02
   endloop
 endfacet
 facet normal  1.3946588162e-01 -7.8391897783e-01 6.0499611905e-01
   outer loop
     vertex 6.3515353394e-01 4.4259646535e-02 2.9995402439e-02
     vertex 6.3970846377e-01 4.4758343162e-02 2.9591565874e-02
     vertex 6.4093246349e-01 4.8925840096e-02 3.4709406533e-02
   endloop
 endfacet
 facet normal  1.4422482734e-01 -7.8392909303e-01 6.0386619071e-01
   outer loop
     vertex 6.3970846377e-01 4.4758343162e-02 2.9591565874e-02
     vertex 6.4409494284e-01 4.9284153541e-02 3.4419250026e-02
     vertex 6.4093246349e-01 4.8925840096e-02 3.4709406533e-02
   endloop
 endfacet
 facet normal  1.4422482734e-01 -7.8392909303e-01 6.0386619071e-01
   outer loop
     vertex 6.3970846377e-01 4.4758343162e-02 2.9591565874e-02
     vertex 6.4294300593e-01 4.5124821426e-02 2.9294797627e-02
     vertex 6.4409494284e-01 4.9284153541e-02 3.4419250026e-02
   endloop
 endfacet
 facet normal  1.4766726133e-01 -7.8390127971e-01 6.0306978336e-01
   outer loop
     vertex 6.4294300593e-01 4.5124821426e-02 2.9294797627e-02
     vertex 6.4629455573e-01 4.9539456257e-02 3.4212509963e-02
     vertex 6.4409494284e-01 4.9284153541e-02 3.4419250026e-02
   endloop
 endfacet
 facet normal  1.4766726133e-01 -7.8390127971e-01 6.0306978336e-01
   outer loop
     vertex 6.4294300593e-01 4.5124821426e-02 2.9294797627e-02
     vertex 6.4519274097e-01 4.5385941676e-02 2.9083346618e-02
     vertex 6.4629455573e-01 4.9539456257e-02 3.4212509963e-02
   endloop
 endfacet
 facet normal  1.4766726133e-01 7.5287350216e-01 -6.4138589762e-01
   outer loop
     vertex 6.4629455573e-01 4.9539456257e-02 3.4212509963e-02
     vertex 6.4409494284e-01 4.9794758973e-02 3.4005769900e-02
     vertex 6.4739637049e-01 5.3692970838e-02 3.9341673309e-02
   endloop
 endfacet
 facet normal  1.4766726133e-01 7.5287350216e-01 -6.4138589762e-01
   outer loop
     vertex 6.4739637049e-01 5.3692970838e-02 3.9341673309e-02
     vertex 6.4409494284e-01 4.9794758973e-02 3.4005769900e-02
     vertex 6.4524687976e-01 5.3942456020e-02 3.9139644192e-02
   endloop
 endfacet
 facet normal  1.4422482734e-01 7.5365828882e-01 -6.4124752075e-01
   outer loop
     vertex 6.4409494284e-01 4.9794758973e-02 3.4005769900e-02
     vertex 6.4093246349e-01 5.0153072418e-02 3.3715613393e-02
     vertex 6.4524687976e-01 5.3942456020e-02 3.9139644192e-02
   endloop
 endfacet
 facet normal  1.4422482734e-01 7.5365828882e-01 -6.4124752075e-01
   outer loop
     vertex 6.4524687976e-01 5.3942456020e-02 3.9139644192e-02
     vertex 6.4093246349e-01 5.0153072418e-02 3.3715613393e-02
     vertex 6.4215646322e-01 5.4292604646e-02 3.8856099426e-02
   endloop
 endfacet
 facet normal  1.3946588162e-01 7.5476142245e-01 -6.4100270128e-01
   outer loop
     vertex 6.4093246349e-01 5.0153072418e-02 3.3715613393e-02
     vertex 6.3647901357e-01 5.0640658514e-02 3.3320773959e-02
     vertex 6.4215646322e-01 5.4292604646e-02 3.8856099426e-02
   endloop
 endfacet
 facet normal  1.3946588162e-01 7.5476142245e-01 -6.4100270128e-01
   outer loop
     vertex 6.4215646322e-01 5.4292604646e-02 3.8856099426e-02
     vertex 6.3647901357e-01 5.0640658514e-02 3.3320773959e-02
     vertex 6.3780449320e-01 5.4769080210e-02 3.8470257121e-02
   endloop
 endfacet
 facet normal  1.3312777430e-01 7.5626567838e-01 -6.4057725483e-01
   outer loop
     vertex 6.3647901357e-01 5.0640658514e-02 3.3320773959e-02
     vertex 6.3038769684e-01 5.1276679436e-02 3.2805734371e-02
     vertex 6.3780449320e-01 5.4769080210e-02 3.8470257121e-02
   endloop
 endfacet
 facet normal  1.3312777430e-01 7.5626567838e-01 -6.4057725483e-01
   outer loop
     vertex 6.3780449320e-01 5.4769080210e-02 3.8470257121e-02
     vertex 6.3038769684e-01 5.1276679436e-02 3.2805734371e-02
     vertex 6.3185197813e-01 5.5390608246e-02 3.7966953642e-02
   endloop
 endfacet
 facet normal  1.2487441335e-01 7.5828825665e-01 -6.3984787310e-01
   outer loop
     vertex 6.3038769684e-01 5.1276679436e-02 3.2805734371e-02
     vertex 6.2238016431e-01 5.2060066222e-02 3.2171360260e-02
     vertex 6.3185197813e-01 5.5390608246e-02 3.7966953642e-02
   endloop
 endfacet
 facet normal  1.2487441335e-01 7.5828825665e-01 -6.3984787310e-01
   outer loop
     vertex 6.3185197813e-01 5.5390608246e-02 3.7966953642e-02
     vertex 6.2238016431e-01 5.2060066222e-02 3.2171360260e-02
     vertex 6.2402691172e-01 5.6156144148e-02 3.7347034892e-02
   endloop
 endfacet
 facet normal  1.1407815147e-01 7.6104251498e-01 -6.3859256632e-01
   outer loop
     vertex 6.2238016431e-01 5.2060066222e-02 3.2171360260e-02
     vertex 6.1238506593e-01 5.2952144102e-02 3.1448969836e-02
     vertex 6.2402691172e-01 5.6156144148e-02 3.7347034892e-02
   endloop
 endfacet
 facet normal  1.1407815147e-01 7.6104251498e-01 -6.3859256632e-01
   outer loop
     vertex 6.2402691172e-01 5.6156144148e-02 3.7347034892e-02
     vertex 6.1238506593e-01 5.2952144102e-02 3.1448969836e-02
     vertex 6.1425956972e-01 5.7027894420e-02 3.6641105440e-02
   endloop
 endfacet
 facet normal  9.9696139329e-02 7.6487929811e-01 -6.3641208279e-01
   outer loop
     vertex 6.1238506593e-01 5.2952144102e-02 3.1448969836e-02
     vertex 6.0068502127e-01 5.3863264872e-02 3.0711158785e-02
     vertex 6.1425956972e-01 5.7027894420e-02 3.6641105440e-02
   endloop
 endfacet
 facet normal  9.9696139329e-02 7.6487929811e-01 -6.3641208279e-01
   outer loop
     vertex 6.1425956972e-01 5.7027894420e-02 3.6641105440e-02
     vertex 6.0068502127e-01 5.3863264872e-02 3.0711158785e-02
     vertex 6.0282613173e-01 5.7918253656e-02 3.5920106747e-02
   endloop
 endfacet
 facet normal  7.9795857340e-02 7.7040888594e-01 -6.3253677333e-01
   outer loop
     vertex 6.0068502127e-01 5.3863264872e-02 3.0711158785e-02
     vertex 5.8797495344e-01 5.4653994138e-02 3.0070838850e-02
     vertex 6.0282613173e-01 5.7918253656e-02 3.5920106747e-02
   endloop
 endfacet
 facet normal  7.9795857340e-02 7.7040888594e-01 -6.3253677333e-01
   outer loop
     vertex 6.0282613173e-01 5.7918253656e-02 3.5920106747e-02
     vertex 5.8797495344e-01 5.4653994138e-02 3.0070838850e-02
     vertex 5.9040568578e-01 5.8690964727e-02 3.5294377660e-02
   endloop
 endfacet
 facet normal  5.1801325468e-02 7.7837130635e-01 -6.2566343359e-01
   outer loop
     vertex 5.8797495344e-01 5.4653994138e-02 3.0070838850e-02
     vertex 5.7796249033e-01 5.9192569549e-02 3.4888186083e-02
     vertex 5.9040568578e-01 5.8690964727e-02 3.5294377660e-02
   endloop
 endfacet
 facet normal  5.1801325468e-02 7.7837130635e-01 -6.2566343359e-01
   outer loop
     vertex 5.8797495344e-01 5.4653994138e-02 3.0070838850e-02
     vertex 5.7524160564e-01 5.5167295460e-02 2.9655175636e-02
     vertex 5.7796249033e-01 5.9192569549e-02 3.4888186083e-02
   endloop
 endfacet
 facet normal  1.3250063935e-02 7.8922187966e-01 -6.1396519484e-01
   outer loop
     vertex 5.7524160564e-01 5.5167295460e-02 2.9655175636e-02
     vertex 5.6647356726e-01 5.9310906642e-02 3.4792358595e-02
     vertex 5.7796249033e-01 5.9192569549e-02 3.4888186083e-02
   endloop
 endfacet
 facet normal  1.3250063935e-02 7.8922187966e-01 -6.1396519484e-01
   outer loop
     vertex 5.7524160564e-01 5.5167295460e-02 2.9655175636e-02
     vertex 5.6348478209e-01 5.5288391955e-02 2.9557113627e-02
     vertex 5.6647356726e-01 5.9310906642e-02 3.4792358595e-02
   endloop
 endfacet
 facet normal  -3.7677757843e-02 8.0267403683e-01 -5.9522666032e-01
   outer loop
     vertex 5.6348478209e-01 5.5288391955e-02 2.9557113627e-02
     vertex 5.5665026430e-01 5.9022803539e-02 3.5025659888e-02
     vertex 5.6647356726e-01 5.9310906642e-02 3.4792358595e-02
   endloop
 endfacet
 facet normal  -3.7677757843e-02 8.0267403683e-01 -5.9522666032e-01
   outer loop
     vertex 5.6348478209e-01 5.5288391955e-02 2.9557113627e-02
     vertex 5.5343241784e-01 5.4993570819e-02 2.9795855076e-02
     vertex 5.5665026430e-01 5.9022803539e-02 3.5025659888e-02
   endloop
 endfacet
 facet normal  -1.0304018662e-01 8.1759208547e-01 -5.6650322305e-01
   outer loop
     vertex 5.5343241784e-01 5.4993570819e-02 2.9795855076e-02
     vertex 5.4880738257e-01 5.8389638650e-02 3.5538386706e-02
     vertex 5.5665026430e-01 5.9022803539e-02 3.5025659888e-02
   endloop
 endfacet
 facet normal  -1.0304018662e-01 8.1759208547e-01 -5.6650322305e-01
   outer loop
     vertex 5.5343241784e-01 5.4993570819e-02 2.9795855076e-02
     vertex 5.4540665459e-01 5.4345641694e-02 3.0320537736e-02
     vertex 5.4880738257e-01 5.8389638650e-02 3.5538386706e-02
   endloop
 endfacet
 facet normal  -1.8823316569e-01 8.3188213081e-01 -5.2205401614e-01
   outer loop
     vertex 5.4540665459e-01 5.4345641694e-02 3.0320537736e-02
     vertex 5.4291273639e-01 5.7505262271e-02 3.6254540577e-02
     vertex 5.4880738257e-01 5.8389638650e-02 3.5538386706e-02
   endloop
 endfacet
 facet normal  -1.8823316569e-01 8.3188213081e-01 -5.2205401614e-01
   outer loop
     vertex 5.4540665459e-01 5.4345641694e-02 3.0320537736e-02
     vertex 5.3937455613e-01 5.3440643289e-02 3.1053390994e-02
     vertex 5.4291273639e-01 5.7505262271e-02 3.6254540577e-02
   endloop
 endfacet
 facet normal  -3.0843420853e-01 8.3991206455e-01 -4.4656025667e-01
   outer loop
     vertex 5.3937455613e-01 5.3440643289e-02 3.1053390994e-02
     vertex 5.3874409610e-01 5.6435166743e-02 3.7121086849e-02
     vertex 5.4291273639e-01 5.7505262271e-02 3.6254540577e-02
   endloop
 endfacet
 facet normal  -3.0843420853e-01 8.3991206455e-01 -4.4656025667e-01
   outer loop
     vertex 5.3937455613e-01 5.3440643289e-02 3.1053390994e-02
     vertex 5.3510871084e-01 5.2345595109e-02 3.1940143526e-02
     vertex 5.3874409610e-01 5.6435166743e-02 3.7121086849e-02
   endloop
 endfacet
 facet normal  -5.0386497214e-01 8.1400815177e-01 -2.8898238477e-01
   outer loop
     vertex 5.3510871084e-01 5.2345595109e-02 3.1940143526e-02
     vertex 5.3610094935e-01 5.5164401688e-02 3.8150132101e-02
     vertex 5.3874409610e-01 5.6435166743e-02 3.7121086849e-02
   endloop
 endfacet
 facet normal  -5.0386497214e-01 8.1400815177e-01 -2.8898238477e-01
   outer loop
     vertex 5.3510871084e-01 5.2345595109e-02 3.1940143526e-02
     vertex 5.3240393079e-01 5.1045198158e-02 3.2993184214e-02
     vertex 5.3610094935e-01 5.5164401688e-02 3.8150132101e-02
   endloop
 endfacet
 facet normal  -7.9978678940e-01 5.9178245633e-01 1.0067082934e-01
   outer loop
     vertex 5.3240393079e-01 5.1045198158e-02 3.2993184214e-02
     vertex 5.3516218225e-01 5.3692970838e-02 3.9341673309e-02
     vertex 5.3610094935e-01 5.5164401688e-02 3.8150132101e-02
   endloop
 endfacet
 facet normal  -7.9978678940e-01 5.9178245633e-01 1.0067082934e-01
   outer loop
     vertex 5.3240393079e-01 5.1045198158e-02 3.2993184214e-02
     vertex 5.3144327338e-01 4.9539456257e-02 3.4212509963e-02
     vertex 5.3516218225e-01 5.3692970838e-02 3.9341673309e-02
   endloop
 endfacet
 facet normal  -7.9978678940e-01 -2.4567560912e-02 5.9978123216e-01
   outer loop
     vertex 5.3144327338e-01 4.9539456257e-02 3.4212509963e-02
     vertex 5.3240393079e-01 4.8033714356e-02 3.5431835713e-02
     vertex 5.3516218225e-01 5.3692970838e-02 3.9341673309e-02
   endloop
 endfacet
 facet normal  -7.9978678940e-01 -2.4567560912e-02 5.9978123216e-01
   outer loop
     vertex 5.3516218225e-01 5.3692970838e-02 3.9341673309e-02
     vertex 5.3240393079e-01 4.8033714356e-02 3.5431835713e-02
     vertex 5.3610094935e-01 5.2221539989e-02 4.0533214517e-02
   endloop
 endfacet
 facet normal  -5.0386497214e-01 -4.5190923749e-01 7.3613730439e-01
   outer loop
     vertex 5.3240393079e-01 4.8033714356e-02 3.5431835713e-02
     vertex 5.3510871084e-01 4.6733317405e-02 3.6484876400e-02
     vertex 5.3610094935e-01 5.2221539989e-02 4.0533214517e-02
   endloop
 endfacet
 facet normal  -5.0386497214e-01 -4.5190923749e-01 7.3613730439e-01
   outer loop
     vertex 5.3610094935e-01 5.2221539989e-02 4.0533214517e-02
     vertex 5.3510871084e-01 4.6733317405e-02 3.6484876400e-02
     vertex 5.3874409610e-01 5.0950774934e-02 4.1562259768e-02
   endloop
 endfacet
 facet normal  -3.0843420853e-01 -6.1142938112e-01 7.2871287275e-01
   outer loop
     vertex 5.3510871084e-01 4.6733317405e-02 3.6484876400e-02
     vertex 5.3937455613e-01 4.5638269225e-02 3.7371628932e-02
     vertex 5.3874409610e-01 5.0950774934e-02 4.1562259768e-02
   endloop
 endfacet
 facet normal  -3.0843420853e-01 -6.1142938112e-01 7.2871287275e-01
   outer loop
     vertex 5.3874409610e-01 5.0950774934e-02 4.1562259768e-02
     vertex 5.3937455613e-01 4.5638269225e-02 3.7371628932e-02
     vertex 5.4291273639e-01 4.9880679406e-02 4.2428806041e-02
   endloop
 endfacet
 facet normal  -1.8823316569e-01 -6.8360390372e-01 7.0516237715e-01
   outer loop
     vertex 5.3937455613e-01 4.5638269225e-02 3.7371628932e-02
     vertex 5.4540665459e-01 4.4733270821e-02 3.8104482190e-02
     vertex 5.4291273639e-01 4.9880679406e-02 4.2428806041e-02
   endloop
 endfacet
 facet normal  -1.8823316569e-01 -6.8360390372e-01 7.0516237715e-01
   outer loop
     vertex 5.4291273639e-01 4.9880679406e-02 4.2428806041e-02
     vertex 5.4540665459e-01 4.4733270821e-02 3.8104482190e-02
     vertex 5.4880738257e-01 4.8996303026e-02 4.3144959912e-02
   endloop
 endfacet
 facet normal  -1.0304018662e-01 -7.2411072132e-01 6.8194309382e-01
   outer loop
     vertex 5.4540665459e-01 4.4733270821e-02 3.8104482190e-02
     vertex 5.5343241784e-01 4.4085341695e-02 3.8629164851e-02
     vertex 5.4880738257e-01 4.8996303026e-02 4.3144959912e-02
   endloop
 endfacet
 facet normal  -1.0304018662e-01 -7.2411072132e-01 6.8194309382e-01
   outer loop
     vertex 5.4880738257e-01 4.8996303026e-02 4.3144959912e-02
     vertex 5.5343241784e-01 4.4085341695e-02 3.8629164851e-02
     vertex 5.5665026430e-01 4.8363138137e-02 4.3657686729e-02
   endloop
 endfacet
 facet normal  -3.7677757843e-02 -7.4910484586e-01 6.6137910193e-01
   outer loop
     vertex 5.5343241784e-01 4.4085341695e-02 3.8629164851e-02
     vertex 5.6348478209e-01 4.3790520560e-02 3.8867906299e-02
     vertex 5.5665026430e-01 4.8363138137e-02 4.3657686729e-02
   endloop
 endfacet
 facet normal  -3.7677757843e-02 -7.4910484586e-01 6.6137910193e-01
   outer loop
     vertex 5.5665026430e-01 4.8363138137e-02 4.3657686729e-02
     vertex 5.6348478209e-01 4.3790520560e-02 3.8867906299e-02
     vertex 5.6647356726e-01 4.8075035034e-02 4.3890988022e-02
   endloop
 endfacet
 facet normal  1.3250063935e-02 -7.6463703770e-01 6.4432494627e-01
   outer loop
     vertex 5.6348478209e-01 4.3790520560e-02 3.8867906299e-02
     vertex 5.7524160564e-01 4.3911617055e-02 3.8769844291e-02
     vertex 5.6647356726e-01 4.8075035034e-02 4.3890988022e-02
   endloop
 endfacet
 facet normal  1.3250063935e-02 -7.6463703770e-01 6.4432494627e-01
   outer loop
     vertex 5.6647356726e-01 4.8075035034e-02 4.3890988022e-02
     vertex 5.7524160564e-01 4.3911617055e-02 3.8769844291e-02
     vertex 5.7796249033e-01 4.8193372127e-02 4.3795160534e-02
   endloop
 endfacet
 facet normal  5.1801325468e-02 -7.7382368082e-01 6.3127928342e-01
   outer loop
     vertex 5.7524160564e-01 4.3911617055e-02 3.8769844291e-02
     vertex 5.8797495344e-01 4.4424918376e-02 3.8354181076e-02
     vertex 5.7796249033e-01 4.8193372127e-02 4.3795160534e-02
   endloop
 endfacet
 facet normal  5.1801325468e-02 -7.7382368082e-01 6.3127928342e-01
   outer loop
     vertex 5.7796249033e-01 4.8193372127e-02 4.3795160534e-02
     vertex 5.8797495344e-01 4.4424918376e-02 3.8354181076e-02
     vertex 5.9040568578e-01 4.8694976950e-02 4.3388968958e-02
   endloop
 endfacet
 facet normal  7.9795857340e-02 -7.7889134130e-01 6.2206181332e-01
   outer loop
     vertex 5.8797495344e-01 4.4424918376e-02 3.8354181076e-02
     vertex 6.0282613173e-01 4.9467688020e-02 4.2763239870e-02
     vertex 5.9040568578e-01 4.8694976950e-02 4.3388968958e-02
   endloop
 endfacet
 facet normal  7.9795857340e-02 -7.7889134130e-01 6.2206181332e-01
   outer loop
     vertex 5.8797495344e-01 4.4424918376e-02 3.8354181076e-02
     vertex 6.0068502127e-01 4.5215647643e-02 3.7713861142e-02
     vertex 6.0282613173e-01 4.9467688020e-02 4.2763239870e-02
   endloop
 endfacet
 facet normal  9.9696139329e-02 -7.8153230000e-01 6.1584733811e-01
   outer loop
     vertex 6.0068502127e-01 4.5215647643e-02 3.7713861142e-02
     vertex 6.1425956972e-01 5.0358047256e-02 4.2042241178e-02
     vertex 6.0282613173e-01 4.9467688020e-02 4.2763239870e-02
   endloop
 endfacet
 facet normal  9.9696139329e-02 -7.8153230000e-01 6.1584733811e-01
   outer loop
     vertex 6.0068502127e-01 4.5215647643e-02 3.7713861142e-02
     vertex 6.1238506593e-01 4.6126768412e-02 3.6976050090e-02
     vertex 6.1425956972e-01 5.0358047256e-02 4.2042241178e-02
   endloop
 endfacet
 facet normal  1.1407815147e-01 -7.8286742266e-01 6.1164104987e-01
   outer loop
     vertex 6.1238506593e-01 4.6126768412e-02 3.6976050090e-02
     vertex 6.2402691172e-01 5.1229797528e-02 4.1336311726e-02
     vertex 6.1425956972e-01 5.0358047256e-02 4.2042241178e-02
   endloop
 endfacet
 facet normal  1.1407815147e-01 -7.8286742266e-01 6.1164104987e-01
   outer loop
     vertex 6.1238506593e-01 4.6126768412e-02 3.6976050090e-02
     vertex 6.2238016431e-01 4.7018846292e-02 3.6253659667e-02
     vertex 6.2402691172e-01 5.1229797528e-02 4.1336311726e-02
   endloop
 endfacet
 facet normal  1.2487441335e-01 -7.8352265548e-01 6.0868598575e-01
   outer loop
     vertex 6.2238016431e-01 4.7018846292e-02 3.6253659667e-02
     vertex 6.3185197813e-01 5.1995333430e-02 4.0716392976e-02
     vertex 6.2402691172e-01 5.1229797528e-02 4.1336311726e-02
   endloop
 endfacet
 facet normal  1.2487441335e-01 -7.8352265548e-01 6.0868598575e-01
   outer loop
     vertex 6.2238016431e-01 4.7018846292e-02 3.6253659667e-02
     vertex 6.3038769684e-01 4.7802233078e-02 3.5619285555e-02
     vertex 6.3185197813e-01 5.1995333430e-02 4.0716392976e-02
   endloop
 endfacet
 facet normal  1.3312777430e-01 -7.8381558080e-01 6.0655595867e-01
   outer loop
     vertex 6.3038769684e-01 4.7802233078e-02 3.5619285555e-02
     vertex 6.3780449320e-01 5.2616861466e-02 4.0213089496e-02
     vertex 6.3185197813e-01 5.1995333430e-02 4.0716392976e-02
   endloop
 endfacet
 facet normal  1.3312777430e-01 -7.8381558080e-01 6.0655595867e-01
   outer loop
     vertex 6.3038769684e-01 4.7802233078e-02 3.5619285555e-02
     vertex 6.3647901357e-01 4.8438254001e-02 3.5104245968e-02
     vertex 6.3780449320e-01 5.2616861466e-02 4.0213089496e-02
   endloop
 endfacet
 facet normal  1.3946588162e-01 -7.8391897783e-01 6.0499611905e-01
   outer loop
     vertex 6.3647901357e-01 4.8438254001e-02 3.5104245968e-02
     vertex 6.4215646322e-01 5.3093337031e-02 3.9827247192e-02
     vertex 6.3780449320e-01 5.2616861466e-02 4.0213089496e-02
   endloop
 endfacet
 facet normal  1.3946588162e-01 -7.8391897783e-01 6.0499611905e-01
   outer loop
     vertex 6.3647901357e-01 4.8438254001e-02 3.5104245968e-02
     vertex 6.4093246349e-01 4.8925840096e-02 3.4709406533e-02
     vertex 6.4215646322e-01 5.3093337031e-02 3.9827247192e-02
   endloop
 endfacet
 facet normal  1.4422482734e-01 -7.8392909303e-01 6.0386619071e-01
   outer loop
     vertex 6.4093246349e-01 4.8925840096e-02 3.4709406533e-02
     vertex 6.4524687976e-01 5.3443485656e-02 3.9543702426e-02
     vertex 6.4215646322e-01 5.3093337031e-02 3.9827247192e-02
   endloop
 endfacet
 facet normal  1.4422482734e-01 -7.8392909303e-01 6.0386619071e-01
   outer loop
     vertex 6.4093246349e-01 4.8925840096e-02 3.4709406533e-02
     vertex 6.4409494284e-01 4.9284153541e-02 3.4419250026e-02
     vertex 6.4524687976e-01 5.3443485656e-02 3.9543702426e-02
   endloop
 endfacet
 facet normal  1.4766726133e-01 -7.8390127971e-01 6.0306978336e-01
   outer loop
     vertex 6.4409494284e-01 4.9284153541e-02 3.4419250026e-02
     vertex 6.4739637049e-01 5.3692970838e-02 3.9341673309e-02
     vertex 6.4524687976e-01 5.3443485656e-02 3.9543702426e-02
   endloop
 endfacet
 facet normal  1.4766726133e-01 -7.8390127971e-01 6.0306978336e-01
   outer loop
     vertex 6.4409494284e-01 4.9284153541e-02 3.4419250026e-02
     vertex 6.4629455573e-01 4.9539456257e-02 3.4212509963e-02
     vertex 6.4739637049e-01 5.3692970838e-02 3.9341673309e-02
   endloop
 endfacet
 facet normal  1.4766726133e-01 7.5287350216e-01 -6.4138589762e-01
   outer loop
     vertex 6.4739637049e-01 5.3692970838e-02 3.9341673309e-02
     vertex 6.4639881667e-01 5.8090153067e-02 4.4273518483e-02
     vertex 6.4849818524e-01 5.7846485419e-02 4.4470836654e-02
   endloop
 endfacet
 facet normal  1.4766726133e-01 7.5287350216e-01 -6.4138589762e-01
   outer loop
     vertex 6.4739637049e-01 5.3692970838e-02 3.9341673309e-02
     vertex 6.4524687976e-01 5.3942456020e-02 3.9139644192e-02
     vertex 6.4639881667e-01 5.8090153067e-02 4.4273518483e-02
   endloop
 endfacet
 facet normal  1.4422482734e-01 7.5365828882e-01 -6.4124752075e-01
   outer loop
     vertex 6.4524687976e-01 5.3942456020e-02 3.9139644192e-02
     vertex 6.4338046294e-01 5.8432136873e-02 4.3996585458e-02
     vertex 6.4639881667e-01 5.8090153067e-02 4.4273518483e-02
   endloop
 endfacet
 facet normal  1.4422482734e-01 7.5365828882e-01 -6.4124752075e-01
   outer loop
     vertex 6.4524687976e-01 5.3942456020e-02 3.9139644192e-02
     vertex 6.4215646322e-01 5.4292604646e-02 3.8856099426e-02
     vertex 6.4338046294e-01 5.8432136873e-02 4.3996585458e-02
   endloop
 endfacet
 facet normal  1.3946588162e-01 7.5476142245e-01 -6.4100270128e-01
   outer loop
     vertex 6.4215646322e-01 5.4292604646e-02 3.8856099426e-02
     vertex 6.3912997283e-01 5.8897501907e-02 4.3619740284e-02
     vertex 6.4338046294e-01 5.8432136873e-02 4.3996585458e-02
   endloop
 endfacet
 facet normal  1.3946588162e-01 7.5476142245e-01 -6.4100270128e-01
   outer loop
     vertex 6.4215646322e-01 5.4292604646e-02 3.8856099426e-02
     vertex 6.3780449320e-01 5.4769080210e-02 3.8470257121e-02
     vertex 6.3912997283e-01 5.8897501907e-02 4.3619740284e-02
   endloop
 endfacet
 facet normal  1.3312777430e-01 7.5626567838e-01 -6.4057725483e-01
   outer loop
     vertex 6.3780449320e-01 5.4769080210e-02 3.8470257121e-02
     vertex 6.3331625943e-01 5.9504537056e-02 4.3128172913e-02
     vertex 6.3912997283e-01 5.8897501907e-02 4.3619740284e-02
   endloop
 endfacet
 facet normal  1.3312777430e-01 7.5626567838e-01 -6.4057725483e-01
   outer loop
     vertex 6.3780449320e-01 5.4769080210e-02 3.8470257121e-02
     vertex 6.3185197813e-01 5.5390608246e-02 3.7966953642e-02
     vertex 6.3331625943e-01 5.9504537056e-02 4.3128172913e-02
   endloop
 endfacet
 facet normal  1.2487441335e-01 7.5828825665e-01 -6.3984787310e-01
   outer loop
     vertex 6.3185197813e-01 5.5390608246e-02 3.7966953642e-02
     vertex 6.2567365912e-01 6.0252222073e-02 4.2522709524e-02
     vertex 6.3331625943e-01 5.9504537056e-02 4.3128172913e-02
   endloop
 endfacet
 facet normal  1.2487441335e-01 7.5828825665e-01 -6.3984787310e-01
   outer loop
     vertex 6.3185197813e-01 5.5390608246e-02 3.7966953642e-02
     vertex 6.2402691172e-01 5.6156144148e-02 3.7347034892e-02
     vertex 6.2567365912e-01 6.0252222073e-02 4.2522709524e-02
   endloop
 endfacet
 facet normal  1.1407815147e-01 7.6104251498e-01 -6.3859256632e-01
   outer loop
     vertex 6.2402691172e-01 5.6156144148e-02 3.7347034892e-02
     vertex 6.1613407351e-01 6.1103644739e-02 4.1833241044e-02
     vertex 6.2567365912e-01 6.0252222073e-02 4.2522709524e-02
   endloop
 endfacet
 facet normal  1.1407815147e-01 7.6104251498e-01 -6.3859256632e-01
   outer loop
     vertex 6.2402691172e-01 5.6156144148e-02 3.7347034892e-02
     vertex 6.1425956972e-01 5.7027894420e-02 3.6641105440e-02
     vertex 6.1613407351e-01 6.1103644739e-02 4.1833241044e-02
   endloop
 endfacet
 facet normal  9.9696139329e-02 7.6487929811e-01 -6.3641208279e-01
   outer loop
     vertex 6.1425956972e-01 5.7027894420e-02 3.6641105440e-02
     vertex 6.0496724219e-01 6.1973242440e-02 4.1129054710e-02
     vertex 6.1613407351e-01 6.1103644739e-02 4.1833241044e-02
   endloop
 endfacet
 facet normal  9.9696139329e-02 7.6487929811e-01 -6.3641208279e-01
   outer loop
     vertex 6.1425956972e-01 5.7027894420e-02 3.6641105440e-02
     vertex 6.0282613173e-01 5.7918253656e-02 3.5920106747e-02
     vertex 6.0496724219e-01 6.1973242440e-02 4.1129054710e-02
   endloop
 endfacet
 facet normal  7.9795857340e-02 7.7040888594e-01 -6.3253677333e-01
   outer loop
     vertex 6.0282613173e-01 5.7918253656e-02 3.5920106747e-02
     vertex 5.9283641811e-01 6.2727935315e-02 4.0517916470e-02
     vertex 6.0496724219e-01 6.1973242440e-02 4.1129054710e-02
   endloop
 endfacet
 facet normal  7.9795857340e-02 7.7040888594e-01 -6.3253677333e-01
   outer loop
     vertex 6.0282613173e-01 5.7918253656e-02 3.5920106747e-02
     vertex 5.9040568578e-01 5.8690964727e-02 3.5294377660e-02
     vertex 5.9283641811e-01 6.2727935315e-02 4.0517916470e-02
   endloop
 endfacet
 facet normal  5.1801325468e-02 7.7837130635e-01 -6.2566343359e-01
   outer loop
     vertex 5.9040568578e-01 5.8690964727e-02 3.5294377660e-02
     vertex 5.7796249033e-01 5.9192569549e-02 3.4888186083e-02
     vertex 5.9283641811e-01 6.2727935315e-02 4.0517916470e-02
   endloop
 endfacet
 facet normal  5.1801325468e-02 7.7837130635e-01 -6.2566343359e-01
   outer loop
     vertex 5.9283641811e-01 6.2727935315e-02 4.0517916470e-02
     vertex 5.7796249033e-01 5.9192569549e-02 3.4888186083e-02
     vertex 5.8068337501e-01 6.3217843639e-02 4.0121196531e-02
   endloop
 endfacet
 facet normal  1.3250063935e-02 7.8922187966e-01 -6.1396519484e-01
   outer loop
     vertex 5.7796249033e-01 5.9192569549e-02 3.4888186083e-02
     vertex 5.6647356726e-01 5.9310906642e-02 3.4792358595e-02
     vertex 5.8068337501e-01 6.3217843639e-02 4.0121196531e-02
   endloop
 endfacet
 facet normal  1.3250063935e-02 7.8922187966e-01 -6.1396519484e-01
   outer loop
     vertex 5.8068337501e-01 6.3217843639e-02 4.0121196531e-02
     vertex 5.6647356726e-01 5.9310906642e-02 3.4792358595e-02
     vertex 5.6946235243e-01 6.3333421329e-02 4.0027603563e-02
   endloop
 endfacet
 facet normal  -3.7677757843e-02 8.0267403683e-01 -5.9522666032e-01
   outer loop
     vertex 5.6647356726e-01 5.9310906642e-02 3.4792358595e-02
     vertex 5.5665026430e-01 5.9022803539e-02 3.5025659888e-02
     vertex 5.6946235243e-01 6.3333421329e-02 4.0027603563e-02
   endloop
 endfacet
 facet normal  -3.7677757843e-02 8.0267403683e-01 -5.9522666032e-01
   outer loop
     vertex 5.6946235243e-01 6.3333421329e-02 4.0027603563e-02
     vertex 5.5665026430e-01 5.9022803539e-02 3.5025659888e-02
     vertex 5.5986811076e-01 6.3052036259e-02 4.0255464701e-02
   endloop
 endfacet
 facet normal  -1.0304018662e-01 8.1759208547e-01 -5.6650322305e-01
   outer loop
     vertex 5.5665026430e-01 5.9022803539e-02 3.5025659888e-02
     vertex 5.4880738257e-01 5.8389638650e-02 3.5538386706e-02
     vertex 5.5986811076e-01 6.3052036259e-02 4.0255464701e-02
   endloop
 endfacet
 facet normal  -1.0304018662e-01 8.1759208547e-01 -5.6650322305e-01
   outer loop
     vertex 5.5986811076e-01 6.3052036259e-02 4.0255464701e-02
     vertex 5.4880738257e-01 5.8389638650e-02 3.5538386706e-02
     vertex 5.5220811056e-01 6.2433635606e-02 4.0756235675e-02
   endloop
 endfacet
 facet normal  -1.8823316569e-01 8.3188213081e-01 -5.2205401614e-01
   outer loop
     vertex 5.4880738257e-01 5.8389638650e-02 3.5538386706e-02
     vertex 5.4291273639e-01 5.7505262271e-02 3.6254540577e-02
     vertex 5.5220811056e-01 6.2433635606e-02 4.0756235675e-02
   endloop
 endfacet
 facet normal  -1.8823316569e-01 8.3188213081e-01 -5.2205401614e-01
   outer loop
     vertex 5.5220811056e-01 6.2433635606e-02 4.0756235675e-02
     vertex 5.4291273639e-01 5.7505262271e-02 3.6254540577e-02
     vertex 5.4645091665e-01 6.1569881252e-02 4.1455690160e-02
   endloop
 endfacet
 facet normal  -3.0843420853e-01 8.3991206455e-01 -4.4656025667e-01
   outer loop
     vertex 5.4291273639e-01 5.7505262271e-02 3.6254540577e-02
     vertex 5.3874409610e-01 5.6435166743e-02 3.7121086849e-02
     vertex 5.4645091665e-01 6.1569881252e-02 4.1455690160e-02
   endloop
 endfacet
 facet normal  -3.0843420853e-01 8.3991206455e-01 -4.4656025667e-01
   outer loop
     vertex 5.4645091665e-01 6.1569881252e-02 4.1455690160e-02
     vertex 5.3874409610e-01 5.6435166743e-02 3.7121086849e-02
     vertex 5.4237948135e-01 6.0524738376e-02 4.2302030173e-02
   endloop
 endfacet
 facet normal  -5.0386497214e-01 8.1400815177e-01 -2.8898238477e-01
   outer loop
     vertex 5.3874409610e-01 5.6435166743e-02 3.7121086849e-02
     vertex 5.3610094935e-01 5.5164401688e-02 3.8150132101e-02
     vertex 5.4237948135e-01 6.0524738376e-02 4.2302030173e-02
   endloop
 endfacet
 facet normal  -5.0386497214e-01 8.1400815177e-01 -2.8898238477e-01
   outer loop
     vertex 5.4237948135e-01 6.0524738376e-02 4.2302030173e-02
     vertex 5.3610094935e-01 5.5164401688e-02 3.8150132101e-02
     vertex 5.3979796790e-01 5.9283605217e-02 4.3307079988e-02
   endloop
 endfacet
 facet normal  -7.9978678940e-01 5.9178245633e-01 1.0067082934e-01
   outer loop
     vertex 5.3610094935e-01 5.5164401688e-02 3.8150132101e-02
     vertex 5.3516218225e-01 5.3692970838e-02 3.9341673309e-02
     vertex 5.3979796790e-01 5.9283605217e-02 4.3307079988e-02
   endloop
 endfacet
 facet normal  -7.9978678940e-01 5.9178245633e-01 1.0067082934e-01
   outer loop
     vertex 5.3979796790e-01 5.9283605217e-02 4.3307079988e-02
     vertex 5.3516218225e-01 5.3692970838e-02 3.9341673309e-02
     vertex 5.3888109113e-01 5.7846485419e-02 4.4470836654e-02
   endloop
 endfacet
 facet normal  -7.9978678940e-01 -2.4567560912e-02 5.9978123216e-01
   outer loop
     vertex 5.3516218225e-01 5.3692970838e-02 3.9341673309e-02
     vertex 5.3979796790e-01 5.6409365621e-02 4.5634593321e-02
     vertex 5.3888109113e-01 5.7846485419e-02 4.4470836654e-02
   endloop
 endfacet
 facet normal  -7.9978678940e-01 -2.4567560912e-02 5.9978123216e-01
   outer loop
     vertex 5.3516218225e-01 5.3692970838e-02 3.9341673309e-02
     vertex 5.3610094935e-01 5.2221539989e-02 4.0533214517e-02
     vertex 5.3979796790e-01 5.6409365621e-02 4.5634593321e-02
   endloop
 endfacet
 facet normal  -5.0386497214e-01 -4.5190923749e-01 7.3613730439e-01
   outer loop
     vertex 5.3610094935e-01 5.2221539989e-02 4.0533214517e-02
     vertex 5.4237948135e-01 5.5168232462e-02 4.6639643136e-02
     vertex 5.3979796790e-01 5.6409365621e-02 4.5634593321e-02
   endloop
 endfacet
 facet normal  -5.0386497214e-01 -4.5190923749e-01 7.3613730439e-01
   outer loop
     vertex 5.3610094935e-01 5.2221539989e-02 4.0533214517e-02
     vertex 5.3874409610e-01 5.0950774934e-02 4.1562259768e-02
     vertex 5.4237948135e-01 5.5168232462e-02 4.6639643136e-02
   endloop
 endfacet
 facet normal  -3.0843420853e-01 -6.1142938112e-01 7.2871287275e-01
   outer loop
     vertex 5.3874409610e-01 5.0950774934e-02 4.1562259768e-02
     vertex 5.4645091665e-01 5.4123089587e-02 4.7485983149e-02
     vertex 5.4237948135e-01 5.5168232462e-02 4.6639643136e-02
   endloop
 endfacet
 facet normal  -3.0843420853e-01 -6.1142938112e-01 7.2871287275e-01
   outer loop
     vertex 5.3874409610e-01 5.0950774934e-02 4.1562259768e-02
     vertex 5.4291273639e-01 4.9880679406e-02 4.2428806041e-02
     vertex 5.4645091665e-01 5.4123089587e-02 4.7485983149e-02
   endloop
 endfacet
 facet normal  -1.8823316569e-01 -6.8360390372e-01 7.0516237715e-01
   outer loop
     vertex 5.4291273639e-01 4.9880679406e-02 4.2428806041e-02
     vertex 5.5220811056e-01 5.3259335232e-02 4.8185437634e-02
     vertex 5.4645091665e-01 5.4123089587e-02 4.7485983149e-02
   endloop
 endfacet
 facet normal  -1.8823316569e-01 -6.8360390372e-01 7.0516237715e-01
   outer loop
     vertex 5.4291273639e-01 4.9880679406e-02 4.2428806041e-02
     vertex 5.4880738257e-01 4.8996303026e-02 4.3144959912e-02
     vertex 5.5220811056e-01 5.3259335232e-02 4.8185437634e-02
   endloop
 endfacet
 facet normal  -1.0304018662e-01 -7.2411072132e-01 6.8194309382e-01
   outer loop
     vertex 5.4880738257e-01 4.8996303026e-02 4.3144959912e-02
     vertex 5.5986811076e-01 5.2640934580e-02 4.8686208608e-02
     vertex 5.5220811056e-01 5.3259335232e-02 4.8185437634e-02
   endloop
 endfacet
 facet normal  -1.0304018662e-01 -7.2411072132e-01 6.8194309382e-01
   outer loop
     vertex 5.4880738257e-01 4.8996303026e-02 4.3144959912e-02
     vertex 5.5665026430e-01 4.8363138137e-02 4.3657686729e-02
     vertex 5.5986811076e-01 5.2640934580e-02 4.8686208608e-02
   endloop
 endfacet
 facet normal  -3.7677757843e-02 -7.4910484586e-01 6.6137910193e-01
   outer loop
     vertex 5.5665026430e-01 4.8363138137e-02 4.3657686729e-02
     vertex 5.6946235243e-01 5.2359549509e-02 4.8914069745e-02
     vertex 5.5986811076e-01 5.2640934580e-02 4.8686208608e-02
   endloop
 endfacet
 facet normal  -3.7677757843e-02 -7.4910484586e-01 6.6137910193e-01
   outer loop
     vertex 5.5665026430e-01 4.8363138137e-02 4.3657686729e-02
     vertex 5.6647356726e-01 4.8075035034e-02 4.3890988022e-02
     vertex 5.6946235243e-01 5.2359549509e-02 4.8914069745e-02
   endloop
 endfacet
 facet normal  1.3250063935e-02 -7.6463703770e-01 6.4432494627e-01
   outer loop
     vertex 5.6647356726e-01 4.8075035034e-02 4.3890988022e-02
     vertex 5.8068337501e-01 5.2475127199e-02 4.8820476777e-02
     vertex 5.6946235243e-01 5.2359549509e-02 4.8914069745e-02
   endloop
 endfacet
 facet normal  1.3250063935e-02 -7.6463703770e-01 6.4432494627e-01
   outer loop
     vertex 5.6647356726e-01 4.8075035034e-02 4.3890988022e-02
     vertex 5.7796249033e-01 4.8193372127e-02 4.3795160534e-02
     vertex 5.8068337501e-01 5.2475127199e-02 4.8820476777e-02
   endloop
 endfacet
 facet normal  5.1801325468e-02 -7.7382368082e-01 6.3127928342e-01
   outer loop
     vertex 5.7796249033e-01 4.8193372127e-02 4.3795160534e-02
     vertex 5.9283641811e-01 5.2965035523e-02 4.8423756839e-02
     vertex 5.8068337501e-01 5.2475127199e-02 4.8820476777e-02
   endloop
 endfacet
 facet normal  5.1801325468e-02 -7.7382368082e-01 6.3127928342e-01
   outer loop
     vertex 5.7796249033e-01 4.8193372127e-02 4.3795160534e-02
     vertex 5.9040568578e-01 4.8694976950e-02 4.3388968958e-02
     vertex 5.9283641811e-01 5.2965035523e-02 4.8423756839e-02
   endloop
 endfacet
 facet normal  7.9795857340e-02 -7.7889134130e-01 6.2206181332e-01
   outer loop
     vertex 5.9040568578e-01 4.8694976950e-02 4.3388968958e-02
     vertex 6.0282613173e-01 4.9467688020e-02 4.2763239870e-02
     vertex 5.9283641811e-01 5.2965035523e-02 4.8423756839e-02
   endloop
 endfacet
 facet normal  7.9795857340e-02 -7.7889134130e-01 6.2206181332e-01
   outer loop
     vertex 5.9283641811e-01 5.2965035523e-02 4.8423756839e-02
     vertex 6.0282613173e-01 4.9467688020e-02 4.2763239870e-02
     vertex 6.0496724219e-01 5.3719728398e-02 4.7812618599e-02
   endloop
 endfacet
 facet normal  9.9696139329e-02 -7.8153230000e-01 6.1584733811e-01
   outer loop
     vertex 6.0282613173e-01 4.9467688020e-02 4.2763239870e-02
     vertex 6.1425956972e-01 5.0358047256e-02 4.2042241178e-02
     vertex 6.0496724219e-01 5.3719728398e-02 4.7812618599e-02
   endloop
 endfacet
 facet normal  9.9696139329e-02 -7.8153230000e-01 6.1584733811e-01
   outer loop
     vertex 6.0496724219e-01 5.3719728398e-02 4.7812618599e-02
     vertex 6.1425956972e-01 5.0358047256e-02 4.2042241178e-02
     vertex 6.1613407351e-01 5.4589326099e-02 4.7108432265e-02
   endloop
 endfacet
 facet normal  1.1407815147e-01 -7.8286742266e-01 6.1164104987e-01
   outer loop
     vertex 6.1425956972e-01 5.0358047256e-02 4.2042241178e-02
     vertex 6.2402691172e-01 5.1229797528e-02 4.1336311726e-02
     vertex 6.1613407351e-01 5.4589326099e-02 4.7108432265e-02
   endloop
 endfacet
 facet normal  1.1407815147e-01 -7.8286742266e-01 6.1164104987e-01
   outer loop
     vertex 6.1613407351e-01 5.4589326099e-02 4.7108432265e-02
     vertex 6.2402691172e-01 5.1229797528e-02 4.1336311726e-02
     vertex 6.2567365912e-01 5.5440748765e-02 4.6418963785e-02
   endloop
 endfacet
 facet normal  1.2487441335e-01 -7.8352265548e-01 6.0868598575e-01
   outer loop
     vertex 6.2402691172e-01 5.1229797528e-02 4.1336311726e-02
     vertex 6.3185197813e-01 5.1995333430e-02 4.0716392976e-02
     vertex 6.2567365912e-01 5.5440748765e-02 4.6418963785e-02
   endloop
 endfacet
 facet normal  1.2487441335e-01 -7.8352265548e-01 6.0868598575e-01
   outer loop
     vertex 6.2567365912e-01 5.5440748765e-02 4.6418963785e-02
     vertex 6.3185197813e-01 5.1995333430e-02 4.0716392976e-02
     vertex 6.3331625943e-01 5.6188433782e-02 4.5813500396e-02
   endloop
 endfacet
 facet normal  1.3312777430e-01 -7.8381558080e-01 6.0655595867e-01
   outer loop
     vertex 6.3185197813e-01 5.1995333430e-02 4.0716392976e-02
     vertex 6.3780449320e-01 5.2616861466e-02 4.0213089496e-02
     vertex 6.3331625943e-01 5.6188433782e-02 4.5813500396e-02
   endloop
 endfacet
 facet normal  1.3312777430e-01 -7.8381558080e-01 6.0655595867e-01
   outer loop
     vertex 6.3331625943e-01 5.6188433782e-02 4.5813500396e-02
     vertex 6.3780449320e-01 5.2616861466e-02 4.0213089496e-02
     vertex 6.3912997283e-01 5.6795468931e-02 4.5321933025e-02
   endloop
 endfacet
 facet normal  1.3946588162e-01 -7.8391897783e-01 6.0499611905e-01
   outer loop
     vertex 6.3780449320e-01 5.2616861466e-02 4.0213089496e-02
     vertex 6.4215646322e-01 5.3093337031e-02 3.9827247192e-02
     vertex 6.3912997283e-01 5.6795468931e-02 4.5321933025e-02
   endloop
 endfacet
 facet normal  1.3946588162e-01 -7.8391897783e-01 6.0499611905e-01
   outer loop
     vertex 6.3912997283e-01 5.6795468931e-02 4.5321933025e-02
     vertex 6.4215646322e-01 5.3093337031e-02 3.9827247192e-02
     vertex 6.4338046294e-01 5.7260833965e-02 4.4945087851e-02
   endloop
 endfacet
 facet normal  1.4422482734e-01 -7.8392909303e-01 6.0386619071e-01
   outer loop
     vertex 6.4215646322e-01 5.3093337031e-02 3.9827247192e-02
     vertex 6.4524687976e-01 5.3443485656e-02 3.9543702426e-02
     vertex 6.4338046294e-01 5.7260833965e-02 4.4945087851e-02
   endloop
 endfacet
 facet normal  1.4422482734e-01 -7.8392909303e-01 6.0386619071e-01
   outer loop
     vertex 6.4338046294e-01 5.7260833965e-02 4.4945087851e-02
     vertex 6.4524687976e-01 5.3443485656e-02 3.9543702426e-02
     vertex 6.4639881667e-01 5.7602817771e-02 4.4668154825e-02
   endloop
 endfacet
 facet normal  1.4766726133e-01 -7.8390127971e-01 6.0306978336e-01
   outer loop
     vertex 6.4524687976e-01 5.3443485656e-02 3.9543702426e-02
     vertex 6.4739637049e-01 5.3692970838e-02 3.9341673309e-02
     vertex 6.4639881667e-01 5.7602817771e-02 4.4668154825e-02
   endloop
 endfacet
 facet normal  1.4766726133e-01 -7.8390127971e-01 6.0306978336e-01
   outer loop
     vertex 6.4639881667e-01 5.7602817771e-02 4.4668154825e-02
     vertex 6.4739637049e-01 5.3692970838e-02 3.9341673309e-02
     vertex 6.4849818524e-01 5.7846485419e-02 4.4470836654e-02
   endloop
 endfacet
 facet normal  1.4766726133e-01 7.5287350216e-01 -6.4138589762e-01
   outer loop
     vertex 6.4849818524e-01 5.7846485419e-02 4.4470836654e-02
     vertex 6.4755075358e-01 6.2237850114e-02 4.9407392775e-02
     vertex 6.4960000000e-01 6.2000000000e-02 4.9600000000e-02
   endloop
 endfacet
 facet normal  1.4766726133e-01 7.5287350216e-01 -6.4138589762e-01
   outer loop
     vertex 6.4849818524e-01 5.7846485419e-02 4.4470836654e-02
     vertex 6.4639881667e-01 5.8090153067e-02 4.4273518483e-02
     vertex 6.4755075358e-01 6.2237850114e-02 4.9407392775e-02
   endloop
 endfacet
 facet normal  1.4422482734e-01 7.5365828882e-01 -6.4124752075e-01
   outer loop
     vertex 6.4639881667e-01 5.8090153067e-02 4.4273518483e-02
     vertex 6.4460446266e-01 6.2571669100e-02 4.9137071490e-02
     vertex 6.4755075358e-01 6.2237850114e-02 4.9407392775e-02
   endloop
 endfacet
 facet normal  1.4422482734e-01 7.5365828882e-01 -6.4124752075e-01
   outer loop
     vertex 6.4639881667e-01 5.8090153067e-02 4.4273518483e-02
     vertex 6.4338046294e-01 5.8432136873e-02 4.3996585458e-02
     vertex 6.4460446266e-01 6.2571669100e-02 4.9137071490e-02
   endloop
 endfacet
 facet normal  1.3946588162e-01 7.5476142245e-01 -6.4100270128e-01
   outer loop
     vertex 6.4338046294e-01 5.8432136873e-02 4.3996585458e-02
     vertex 6.4045545247e-01 6.3025923603e-02 4.8769223447e-02
     vertex 6.4460446266e-01 6.2571669100e-02 4.9137071490e-02
   endloop
 endfacet
 facet normal  1.3946588162e-01 7.5476142245e-01 -6.4100270128e-01
   outer loop
     vertex 6.4338046294e-01 5.8432136873e-02 4.3996585458e-02
     vertex 6.3912997283e-01 5.8897501907e-02 4.3619740284e-02
     vertex 6.4045545247e-01 6.3025923603e-02 4.8769223447e-02
   endloop
 endfacet
 facet normal  1.3312777430e-01 7.5626567838e-01 -6.4057725483e-01
   outer loop
     vertex 6.3912997283e-01 5.8897501907e-02 4.3619740284e-02
     vertex 6.3478054073e-01 6.3618465866e-02 4.8289392184e-02
     vertex 6.4045545247e-01 6.3025923603e-02 4.8769223447e-02
   endloop
 endfacet
 facet normal  1.3312777430e-01 7.5626567838e-01 -6.4057725483e-01
   outer loop
     vertex 6.3912997283e-01 5.8897501907e-02 4.3619740284e-02
     vertex 6.3331625943e-01 5.9504537056e-02 4.3128172913e-02
     vertex 6.3478054073e-01 6.3618465866e-02 4.8289392184e-02
   endloop
 endfacet
 facet normal  1.2487441335e-01 7.5828825665e-01 -6.3984787310e-01
   outer loop
     vertex 6.3331625943e-01 5.9504537056e-02 4.3128172913e-02
     vertex 6.2732040652e-01 6.4348299999e-02 4.7698384156e-02
     vertex 6.3478054073e-01 6.3618465866e-02 4.8289392184e-02
   endloop
 endfacet
 facet normal  1.2487441335e-01 7.5828825665e-01 -6.3984787310e-01
   outer loop
     vertex 6.3331625943e-01 5.9504537056e-02 4.3128172913e-02
     vertex 6.2567365912e-01 6.0252222073e-02 4.2522709524e-02
     vertex 6.2732040652e-01 6.4348299999e-02 4.7698384156e-02
   endloop
 endfacet
 facet normal  1.1407815147e-01 7.6104251498e-01 -6.3859256632e-01
   outer loop
     vertex 6.2567365912e-01 6.0252222073e-02 4.2522709524e-02
     vertex 6.1800857730e-01 6.5179395057e-02 4.7025376648e-02
     vertex 6.2732040652e-01 6.4348299999e-02 4.7698384156e-02
   endloop
 endfacet
 facet normal  1.1407815147e-01 7.6104251498e-01 -6.3859256632e-01
   outer loop
     vertex 6.2567365912e-01 6.0252222073e-02 4.2522709524e-02
     vertex 6.1613407351e-01 6.1103644739e-02 4.1833241044e-02
     vertex 6.1800857730e-01 6.5179395057e-02 4.7025376648e-02
   endloop
 endfacet
 facet normal  9.9696139329e-02 7.6487929811e-01 -6.3641208279e-01
   outer loop
     vertex 6.1613407351e-01 6.1103644739e-02 4.1833241044e-02
     vertex 6.0710835265e-01 6.6028231225e-02 4.6338002672e-02
     vertex 6.1800857730e-01 6.5179395057e-02 4.7025376648e-02
   endloop
 endfacet
 facet normal  9.9696139329e-02 7.6487929811e-01 -6.3641208279e-01
   outer loop
     vertex 6.1613407351e-01 6.1103644739e-02 4.1833241044e-02
     vertex 6.0496724219e-01 6.1973242440e-02 4.1129054710e-02
     vertex 6.0710835265e-01 6.6028231225e-02 4.6338002672e-02
   endloop
 endfacet
 facet normal  7.9795857340e-02 7.7040888594e-01 -6.3253677333e-01
   outer loop
     vertex 6.0496724219e-01 6.1973242440e-02 4.1129054710e-02
     vertex 5.9526715045e-01 6.6764905903e-02 4.5741455280e-02
     vertex 6.0710835265e-01 6.6028231225e-02 4.6338002672e-02
   endloop
 endfacet
 facet normal  7.9795857340e-02 7.7040888594e-01 -6.3253677333e-01
   outer loop
     vertex 6.0496724219e-01 6.1973242440e-02 4.1129054710e-02
     vertex 5.9283641811e-01 6.2727935315e-02 4.0517916470e-02
     vertex 5.9526715045e-01 6.6764905903e-02 4.5741455280e-02
   endloop
 endfacet
 facet normal  5.1801325468e-02 7.7837130635e-01 -6.2566343359e-01
   outer loop
     vertex 5.9283641811e-01 6.2727935315e-02 4.0517916470e-02
     vertex 5.8068337501e-01 6.3217843639e-02 4.0121196531e-02
     vertex 5.9526715045e-01 6.6764905903e-02 4.5741455280e-02
   endloop
 endfacet
 facet normal  5.1801325468e-02 7.7837130635e-01 -6.2566343359e-01
   outer loop
     vertex 5.9526715045e-01 6.6764905903e-02 4.5741455280e-02
     vertex 5.8068337501e-01 6.3217843639e-02 4.0121196531e-02
     vertex 5.8340425970e-01 6.7243117729e-02 4.5354206979e-02
   endloop
 endfacet
 facet normal  1.3250063935e-02 7.8922187966e-01 -6.1396519484e-01
   outer loop
     vertex 5.8068337501e-01 6.3217843639e-02 4.0121196531e-02
     vertex 5.6946235243e-01 6.3333421329e-02 4.0027603563e-02
     vertex 5.8340425970e-01 6.7243117729e-02 4.5354206979e-02
   endloop
 endfacet
 facet normal  1.3250063935e-02 7.8922187966e-01 -6.1396519484e-01
   outer loop
     vertex 5.8340425970e-01 6.7243117729e-02 4.5354206979e-02
     vertex 5.6946235243e-01 6.3333421329e-02 4.0027603563e-02
     vertex 5.7245113760e-01 6.7355936016e-02 4.5262848531e-02
   endloop
 endfacet
 facet normal  -3.7677757843e-02 8.0267403683e-01 -5.9522666032e-01
   outer loop
     vertex 5.6946235243e-01 6.3333421329e-02 4.0027603563e-02
     vertex 5.5986811076e-01 6.3052036259e-02 4.0255464701e-02
     vertex 5.7245113760e-01 6.7355936016e-02 4.5262848531e-02
   endloop
 endfacet
 facet normal  -3.7677757843e-02 8.0267403683e-01 -5.9522666032e-01
   outer loop
     vertex 5.7245113760e-01 6.7355936016e-02 4.5262848531e-02
     vertex 5.5986811076e-01 6.3052036259e-02 4.0255464701e-02
     vertex 5.6308595723e-01 6.7081268978e-02 4.5485269513e-02
   endloop
 endfacet
 facet normal  -1.0304018662e-01 8.1759208547e-01 -5.6650322305e-01
   outer loop
     vertex 5.5986811076e-01 6.3052036259e-02 4.0255464701e-02
     vertex 5.5220811056e-01 6.2433635606e-02 4.0756235675e-02
     vertex 5.6308595723e-01 6.7081268978e-02 4.5485269513e-02
   endloop
 endfacet
 facet normal  -1.0304018662e-01 8.1759208547e-01 -5.6650322305e-01
   outer loop
     vertex 5.6308595723e-01 6.7081268978e-02 4.5485269513e-02
     vertex 5.5220811056e-01 6.2433635606e-02 4.0756235675e-02
     vertex 5.5560883855e-01 6.6477632562e-02 4.5974084644e-02
   endloop
 endfacet
 facet normal  -1.8823316569e-01 8.3188213081e-01 -5.2205401614e-01
   outer loop
     vertex 5.5220811056e-01 6.2433635606e-02 4.0756235675e-02
     vertex 5.4645091665e-01 6.1569881252e-02 4.1455690160e-02
     vertex 5.5560883855e-01 6.6477632562e-02 4.5974084644e-02
   endloop
 endfacet
 facet normal  -1.8823316569e-01 8.3188213081e-01 -5.2205401614e-01
   outer loop
     vertex 5.5560883855e-01 6.6477632562e-02 4.5974084644e-02
     vertex 5.4645091665e-01 6.1569881252e-02 4.1455690160e-02
     vertex 5.4998909691e-01 6.5634500233e-02 4.6656839743e-02
   endloop
 endfacet
 facet normal  -3.0843420853e-01 8.3991206455e-01 -4.4656025667e-01
   outer loop
     vertex 5.4645091665e-01 6.1569881252e-02 4.1455690160e-02
     vertex 5.4237948135e-01 6.0524738376e-02 4.2302030173e-02
     vertex 5.4998909691e-01 6.5634500233e-02 4.6656839743e-02
   endloop
 endfacet
 facet normal  -3.0843420853e-01 8.3991206455e-01 -4.4656025667e-01
   outer loop
     vertex 5.4998909691e-01 6.5634500233e-02 4.6656839743e-02
     vertex 5.4237948135e-01 6.0524738376e-02 4.2302030173e-02
     vertex 5.4601486661e-01 6.4614310010e-02 4.7482973496e-02
   endloop
 endfacet
 facet normal  -5.0386497214e-01 8.1400815177e-01 -2.8898238477e-01
   outer loop
     vertex 5.4237948135e-01 6.0524738376e-02 4.2302030173e-02
     vertex 5.3979796790e-01 5.9283605217e-02 4.3307079988e-02
     vertex 5.4601486661e-01 6.4614310010e-02 4.7482973496e-02
   endloop
 endfacet
 facet normal  -5.0386497214e-01 8.1400815177e-01 -2.8898238477e-01
   outer loop
     vertex 5.4601486661e-01 6.4614310010e-02 4.7482973496e-02
     vertex 5.3979796790e-01 5.9283605217e-02 4.3307079988e-02
     vertex 5.4349498646e-01 6.3402808746e-02 4.8464027876e-02
   endloop
 endfacet
 facet normal  -7.9978678940e-01 5.9178245633e-01 1.0067082934e-01
   outer loop
     vertex 5.3979796790e-01 5.9283605217e-02 4.3307079988e-02
     vertex 5.3888109113e-01 5.7846485419e-02 4.4470836654e-02
     vertex 5.4349498646e-01 6.3402808746e-02 4.8464027876e-02
   endloop
 endfacet
 facet normal  -7.9978678940e-01 5.9178245633e-01 1.0067082934e-01
   outer loop
     vertex 5.4349498646e-01 6.3402808746e-02 4.8464027876e-02
     vertex 5.3888109113e-01 5.7846485419e-02 4.4470836654e-02
     vertex 5.4260000000e-01 6.2000000000e-02 4.9600000000e-02
   endloop
 endfacet
 facet normal  -7.9978678940e-01 -2.4567560912e-02 5.9978123216e-01
   outer loop
     vertex 5.3888109113e-01 5.7846485419e-02 4.4470836654e-02
     vertex 5.4349498646e-01 6.0597191254e-02 5.0735972124e-02
     vertex 5.4260000000e-01 6.2000000000e-02 4.9600000000e-02
   endloop
 endfacet
 facet normal  -7.9978678940e-01 -2.4567560912e-02 5.9978123216e-01
   outer loop
     vertex 5.3888109113e-01 5.7846485419e-02 4.4470836654e-02
     vertex 5.3979796790e-01 5.6409365621e-02 4.5634593321e-02
     vertex 5.4349498646e-01 6.0597191254e-02 5.0735972124e-02
   endloop
 endfacet
 facet normal  -5.0386497214e-01 -4.5190923749e-01 7.3613730439e-01
   outer loop
     vertex 5.3979796790e-01 5.6409365621e-02 4.5634593321e-02
     vertex 5.4601486661e-01 5.9385689990e-02 5.1717026504e-02
     vertex 5.4349498646e-01 6.0597191254e-02 5.0735972124e-02
   endloop
 endfacet
 facet normal  -5.0386497214e-01 -4.5190923749e-01 7.3613730439e-01
   outer loop
     vertex 5.3979796790e-01 5.6409365621e-02 4.5634593321e-02
     vertex 5.4237948135e-01 5.5168232462e-02 4.6639643136e-02
     vertex 5.4601486661e-01 5.9385689990e-02 5.1717026504e-02
   endloop
 endfacet
 facet normal  -3.0843420853e-01 -6.1142938112e-01 7.2871287275e-01
   outer loop
     vertex 5.4237948135e-01 5.5168232462e-02 4.6639643136e-02
     vertex 5.4998909691e-01 5.8365499767e-02 5.2543160257e-02
     vertex 5.4601486661e-01 5.9385689990e-02 5.1717026504e-02
   endloop
 endfacet
 facet normal  -3.0843420853e-01 -6.1142938112e-01 7.2871287275e-01
   outer loop
     vertex 5.4237948135e-01 5.5168232462e-02 4.6639643136e-02
     vertex 5.4645091665e-01 5.4123089587e-02 4.7485983149e-02
     vertex 5.4998909691e-01 5.8365499767e-02 5.2543160257e-02
   endloop
 endfacet
 facet normal  -1.8823316569e-01 -6.8360390372e-01 7.0516237715e-01
   outer loop
     vertex 5.4645091665e-01 5.4123089587e-02 4.7485983149e-02
     vertex 5.5560883855e-01 5.7522367438e-02 5.3225915356e-02
     vertex 5.4998909691e-01 5.8365499767e-02 5.2543160257e-02
   endloop
 endfacet
 facet normal  -1.8823316569e-01 -6.8360390372e-01 7.0516237715e-01
   outer loop
     vertex 5.4645091665e-01 5.4123089587e-02 4.7485983149e-02
     vertex 5.5220811056e-01 5.3259335232e-02 4.8185437634e-02
     vertex 5.5560883855e-01 5.7522367438e-02 5.3225915356e-02
   endloop
 endfacet
 facet normal  -1.0304018662e-01 -7.2411072132e-01 6.8194309382e-01
   outer loop
     vertex 5.5220811056e-01 5.3259335232e-02 4.8185437634e-02
     vertex 5.6308595723e-01 5.6918731022e-02 5.3714730487e-02
     vertex 5.5560883855e-01 5.7522367438e-02 5.3225915356e-02
   endloop
 endfacet
 facet normal  -1.0304018662e-01 -7.2411072132e-01 6.8194309382e-01
   outer loop
     vertex 5.5220811056e-01 5.3259335232e-02 4.8185437634e-02
     vertex 5.5986811076e-01 5.2640934580e-02 4.8686208608e-02
     vertex 5.6308595723e-01 5.6918731022e-02 5.3714730487e-02
   endloop
 endfacet
 facet normal  -3.7677757843e-02 -7.4910484586e-01 6.6137910193e-01
   outer loop
     vertex 5.5986811076e-01 5.2640934580e-02 4.8686208608e-02
     vertex 5.7245113760e-01 5.6644063984e-02 5.3937151469e-02
     vertex 5.6308595723e-01 5.6918731022e-02 5.3714730487e-02
   endloop
 endfacet
 facet normal  -3.7677757843e-02 -7.4910484586e-01 6.6137910193e-01
   outer loop
     vertex 5.5986811076e-01 5.2640934580e-02 4.8686208608e-02
     vertex 5.6946235243e-01 5.2359549509e-02 4.8914069745e-02
     vertex 5.7245113760e-01 5.6644063984e-02 5.3937151469e-02
   endloop
 endfacet
 facet normal  1.3250063935e-02 -7.6463703770e-01 6.4432494627e-01
   outer loop
     vertex 5.6946235243e-01 5.2359549509e-02 4.8914069745e-02
     vertex 5.8340425970e-01 5.6756882271e-02 5.3845793021e-02
     vertex 5.7245113760e-01 5.6644063984e-02 5.3937151469e-02
   endloop
 endfacet
 facet normal  1.3250063935e-02 -7.6463703770e-01 6.4432494627e-01
   outer loop
     vertex 5.6946235243e-01 5.2359549509e-02 4.8914069745e-02
     vertex 5.8068337501e-01 5.2475127199e-02 4.8820476777e-02
     vertex 5.8340425970e-01 5.6756882271e-02 5.3845793021e-02
   endloop
 endfacet
 facet normal  5.1801325468e-02 -7.7382368082e-01 6.3127928342e-01
   outer loop
     vertex 5.8068337501e-01 5.2475127199e-02 4.8820476777e-02
     vertex 5.9526715045e-01 5.7235094097e-02 5.3458544720e-02
     vertex 5.8340425970e-01 5.6756882271e-02 5.3845793021e-02
   endloop
 endfacet
 facet normal  5.1801325468e-02 -7.7382368082e-01 6.3127928342e-01
   outer loop
     vertex 5.8068337501e-01 5.2475127199e-02 4.8820476777e-02
     vertex 5.9283641811e-01 5.2965035523e-02 4.8423756839e-02
     vertex 5.9526715045e-01 5.7235094097e-02 5.3458544720e-02
   endloop
 endfacet
 facet normal  7.9795857340e-02 -7.7889134130e-01 6.2206181332e-01
   outer loop
     vertex 5.9283641811e-01 5.2965035523e-02 4.8423756839e-02
     vertex 6.0496724219e-01 5.3719728398e-02 4.7812618599e-02
     vertex 5.9526715045e-01 5.7235094097e-02 5.3458544720e-02
   endloop
 endfacet
 facet normal  7.9795857340e-02 -7.7889134130e-01 6.2206181332e-01
   outer loop
     vertex 5.9526715045e-01 5.7235094097e-02 5.3458544720e-02
     vertex 6.0496724219e-01 5.3719728398e-02 4.7812618599e-02
     vertex 6.0710835265e-01 5.7971768775e-02 5.2861997328e-02
   endloop
 endfacet
 facet normal  9.9696139329e-02 -7.8153230000e-01 6.1584733811e-01
   outer loop
     vertex 6.0496724219e-01 5.3719728398e-02 4.7812618599e-02
     vertex 6.1613407351e-01 5.4589326099e-02 4.7108432265e-02
     vertex 6.0710835265e-01 5.7971768775e-02 5.2861997328e-02
   endloop
 endfacet
 facet normal  9.9696139329e-02 -7.8153230000e-01 6.1584733811e-01
   outer loop
     vertex 6.0710835265e-01 5.7971768775e-02 5.2861997328e-02
     vertex 6.1613407351e-01 5.4589326099e-02 4.7108432265e-02
     vertex 6.1800857730e-01 5.8820604943e-02 5.2174623352e-02
   endloop
 endfacet
 facet normal  1.1407815147e-01 -7.8286742266e-01 6.1164104987e-01
   outer loop
     vertex 6.1613407351e-01 5.4589326099e-02 4.7108432265e-02
     vertex 6.2567365912e-01 5.5440748765e-02 4.6418963785e-02
     vertex 6.1800857730e-01 5.8820604943e-02 5.2174623352e-02
   endloop
 endfacet
 facet normal  1.1407815147e-01 -7.8286742266e-01 6.1164104987e-01
   outer loop
     vertex 6.1800857730e-01 5.8820604943e-02 5.2174623352e-02
     vertex 6.2567365912e-01 5.5440748765e-02 4.6418963785e-02
     vertex 6.2732040652e-01 5.9651700001e-02 5.1501615844e-02
   endloop
 endfacet
 facet normal  1.2487441335e-01 -7.8352265548e-01 6.0868598575e-01
   outer loop
     vertex 6.2567365912e-01 5.5440748765e-02 4.6418963785e-02
     vertex 6.3331625943e-01 5.6188433782e-02 4.5813500396e-02
     vertex 6.2732040652e-01 5.9651700001e-02 5.1501615844e-02
   endloop
 endfacet
 facet normal  1.2487441335e-01 -7.8352265548e-01 6.0868598575e-01
   outer loop
     vertex 6.2732040652e-01 5.9651700001e-02 5.1501615844e-02
     vertex 6.3331625943e-01 5.6188433782e-02 4.5813500396e-02
     vertex 6.3478054073e-01 6.0381534134e-02 5.0910607816e-02
   endloop
 endfacet
 facet normal  1.3312777430e-01 -7.8381558080e-01 6.0655595867e-01
   outer loop
     vertex 6.3331625943e-01 5.6188433782e-02 4.5813500396e-02
     vertex 6.3912997283e-01 5.6795468931e-02 4.5321933025e-02
     vertex 6.3478054073e-01 6.0381534134e-02 5.0910607816e-02
   endloop
 endfacet
 facet normal  1.3312777430e-01 -7.8381558080e-01 6.0655595867e-01
   outer loop
     vertex 6.3478054073e-01 6.0381534134e-02 5.0910607816e-02
     vertex 6.3912997283e-01 5.6795468931e-02 4.5321933025e-02
     vertex 6.4045545247e-01 6.0974076397e-02 5.0430776553e-02
   endloop
 endfacet
 facet normal  1.3946588162e-01 -7.8391897783e-01 6.0499611905e-01
   outer loop
     vertex 6.3912997283e-01 5.6795468931e-02 4.5321933025e-02
     vertex 6.4338046294e-01 5.7260833965e-02 4.4945087851e-02
     vertex 6.4045545247e-01 6.0974076397e-02 5.0430776553e-02
   endloop
 endfacet
 facet normal  1.3946588162e-01 -7.8391897783e-01 6.0499611905e-01
   outer loop
     vertex 6.4045545247e-01 6.0974076397e-02 5.0430776553e-02
     vertex 6.4338046294e-01 5.7260833965e-02 4.4945087851e-02
     vertex 6.4460446266e-01 6.1428330900e-02 5.0062928510e-02
   endloop
 endfacet
 facet normal  1.4422482734e-01 -7.8392909303e-01 6.0386619071e-01
   outer loop
     vertex 6.4338046294e-01 5.7260833965e-02 4.4945087851e-02
     vertex 6.4639881667e-01 5.7602817771e-02 4.4668154825e-02
     vertex 6.4460446266e-01 6.1428330900e-02 5.0062928510e-02
   endloop
 endfacet
 facet normal  1.4422482734e-01 -7.8392909303e-01 6.0386619071e-01
   outer loop
     vertex 6.4460446266e-01 6.1428330900e-02 5.0062928510e-02
     vertex 6.4639881667e-01 5.7602817771e-02 4.4668154825e-02
     vertex 6.4755075358e-01 6.1762149886e-02 4.9792607225e-02
   endloop
 endfacet
 facet normal  1.4766726133e-01 -7.8390127971e-01 6.0306978336e-01
   outer loop
     vertex 6.4639881667e-01 5.7602817771e-02 4.4668154825e-02
     vertex 6.4849818524e-01 5.7846485419e-02 4.4470836654e-02
     vertex 6.4755075358e-01 6.1762149886e-02 4.9792607225e-02
   endloop
 endfacet
 facet normal  1.4766726133e-01 -7.8390127971e-01 6.0306978336e-01
   outer loop
     vertex 6.4755075358e-01 6.1762149886e-02 4.9792607225e-02
     vertex 6.4849818524e-01 5.7846485419e-02 4.4470836654e-02
     vertex 6.4960000000e-01 6.2000000000e-02 4.9600000000e-02
   endloop
 endfacet
 facet normal  2.1313106187e-15 6.2932039105e-01 7.7714596146e-01
   outer loop
     vertex 6.4960000000e-01 6.2000000000e-02 4.9600000000e-02
     vertex 6.4755075358e-01 6.2237850114e-02 4.9407392775e-02
     vertex 6.4755075358e-01 6.2118925057e-02 4.9503696388e-02
   endloop
 endfacet
 facet normal  5.5956917760e-16 6.2932039105e-01 7.7714596146e-01
   outer loop
     vertex 6.4755075358e-01 6.2237850114e-02 4.9407392775e-02
     vertex 6.4460446266e-01 6.2285834550e-02 4.9368535745e-02
     vertex 6.4755075358e-01 6.2118925057e-02 4.9503696388e-02
   endloop
 endfacet
 facet normal  9.7706298521e-17 6.2932039105e-01 7.7714596146e-01
   outer loop
     vertex 6.4755075358e-01 6.2237850114e-02 4.9407392775e-02
     vertex 6.4460446266e-01 6.2571669100e-02 4.9137071490e-02
     vertex 6.4460446266e-01 6.2285834550e-02 4.9368535745e-02
   endloop
 endfacet
 facet normal  8.9655971705e-16 6.2932039105e-01 7.7714596146e-01
   outer loop
     vertex 6.4460446266e-01 6.2571669100e-02 4.9137071490e-02
     vertex 6.4045545247e-01 6.2512961802e-02 4.9184611723e-02
     vertex 6.4460446266e-01 6.2285834550e-02 4.9368535745e-02
   endloop
 endfacet
 facet normal  8.5056217163e-16 6.2932039105e-01 7.7714596146e-01
   outer loop
     vertex 6.4460446266e-01 6.2571669100e-02 4.9137071490e-02
     vertex 6.4045545247e-01 6.3025923603e-02 4.8769223447e-02
     vertex 6.4045545247e-01 6.2512961802e-02 4.9184611723e-02
   endloop
 endfacet
 facet normal  4.4872731571e-16 6.2932039105e-01 7.7714596146e-01
   outer loop
     vertex 6.4045545247e-01 6.3025923603e-02 4.8769223447e-02
     vertex 6.3478054073e-01 6.2809232933e-02 4.8944696092e-02
     vertex 6.4045545247e-01 6.2512961802e-02 4.9184611723e-02
   endloop
 endfacet
 facet normal  3.1355829883e-16 6.2932039105e-01 7.7714596146e-01
   outer loop
     vertex 6.4045545247e-01 6.3025923603e-02 4.8769223447e-02
     vertex 6.3478054073e-01 6.3618465866e-02 4.8289392184e-02
     vertex 6.3478054073e-01 6.2809232933e-02 4.8944696092e-02
   endloop
 endfacet
 facet normal  1.0222426235e-16 6.2932039105e-01 7.7714596146e-01
   outer loop
     vertex 6.3478054073e-01 6.3618465866e-02 4.8289392184e-02
     vertex 6.2732040652e-01 6.3174150000e-02 4.8649192078e-02
     vertex 6.3478054073e-01 6.2809232933e-02 4.8944696092e-02
   endloop
 endfacet
 facet normal  3.0999638419e-16 6.2932039105e-01 7.7714596146e-01
   outer loop
     vertex 6.3478054073e-01 6.3618465866e-02 4.8289392184e-02
     vertex 6.2732040652e-01 6.4348299999e-02 4.7698384156e-02
     vertex 6.2732040652e-01 6.3174150000e-02 4.8649192078e-02
   endloop
 endfacet
 facet normal  -3.1608480344e-16 6.2932039105e-01 7.7714596146e-01
   outer loop
     vertex 6.2732040652e-01 6.4348299999e-02 4.7698384156e-02
     vertex 6.1800857730e-01 6.3589697528e-02 4.8312688324e-02
     vertex 6.2732040652e-01 6.3174150000e-02 4.8649192078e-02
   endloop
 endfacet
 facet normal  -1.8899152371e-16 6.2932039105e-01 7.7714596146e-01
   outer loop
     vertex 6.2732040652e-01 6.4348299999e-02 4.7698384156e-02
     vertex 6.1800857730e-01 6.5179395057e-02 4.7025376648e-02
     vertex 6.1800857730e-01 6.3589697528e-02 4.8312688324e-02
   endloop
 endfacet
 facet normal  -1.1159142555e-16 6.2932039105e-01 7.7714596146e-01
   outer loop
     vertex 6.1800857730e-01 6.5179395057e-02 4.7025376648e-02
     vertex 6.0710835265e-01 6.4014115612e-02 4.7969001336e-02
     vertex 6.1800857730e-01 6.3589697528e-02 4.8312688324e-02
   endloop
 endfacet
 facet normal  -1.7240541338e-16 6.2932039105e-01 7.7714596146e-01
   outer loop
     vertex 6.1800857730e-01 6.5179395057e-02 4.7025376648e-02
     vertex 6.0710835265e-01 6.6028231225e-02 4.6338002672e-02
     vertex 6.0710835265e-01 6.4014115612e-02 4.7969001336e-02
   endloop
 endfacet
 facet normal  -2.5530800837e-16 6.2932039105e-01 7.7714596146e-01
   outer loop
     vertex 6.0710835265e-01 6.6028231225e-02 4.6338002672e-02
     vertex 5.9526715045e-01 6.4382452952e-02 4.7670727640e-02
     vertex 6.0710835265e-01 6.4014115612e-02 4.7969001336e-02
   endloop
 endfacet
 facet normal  -7.4084353868e-16 6.2932039105e-01 7.7714596146e-01
   outer loop
     vertex 6.0710835265e-01 6.6028231225e-02 4.6338002672e-02
     vertex 5.9526715045e-01 6.6764905903e-02 4.5741455280e-02
     vertex 5.9526715045e-01 6.4382452952e-02 4.7670727640e-02
   endloop
 endfacet
 facet normal  3.0278292947e-16 6.2932039105e-01 7.7714596146e-01
   outer loop
     vertex 5.9526715045e-01 6.6764905903e-02 4.5741455280e-02
     vertex 5.8340425970e-01 6.7243117729e-02 4.5354206979e-02
     vertex 5.9526715045e-01 6.4382452952e-02 4.7670727640e-02
   endloop
 endfacet
 facet normal  -3.5983356771e-16 6.2932039105e-01 7.7714596146e-01
   outer loop
     vertex 5.9526715045e-01 6.4382452952e-02 4.7670727640e-02
     vertex 5.8340425970e-01 6.7243117729e-02 4.5354206979e-02
     vertex 5.8340425970e-01 6.4621558864e-02 4.7477103490e-02
   endloop
 endfacet
 facet normal  -8.0236762972e-16 6.2932039105e-01 7.7714596146e-01
   outer loop
     vertex 5.8340425970e-01 6.7243117729e-02 4.5354206979e-02
     vertex 5.7245113760e-01 6.7355936016e-02 4.5262848531e-02
     vertex 5.8340425970e-01 6.4621558864e-02 4.7477103490e-02
   endloop
 endfacet
 facet normal  1.1220949006e-16 6.2932039105e-01 7.7714596146e-01
   outer loop
     vertex 5.8340425970e-01 6.4621558864e-02 4.7477103490e-02
     vertex 5.7245113760e-01 6.7355936016e-02 4.5262848531e-02
     vertex 5.7245113760e-01 6.4677968008e-02 4.7431424266e-02
   endloop
 endfacet
 facet normal  2.1260153026e-15 6.2932039105e-01 7.7714596146e-01
   outer loop
     vertex 5.7245113760e-01 6.7355936016e-02 4.5262848531e-02
     vertex 5.6308595723e-01 6.7081268978e-02 4.5485269513e-02
     vertex 5.7245113760e-01 6.4677968008e-02 4.7431424266e-02
   endloop
 endfacet
 facet normal  1.3832942342e-16 6.2932039105e-01 7.7714596146e-01
   outer loop
     vertex 5.7245113760e-01 6.4677968008e-02 4.7431424266e-02
     vertex 5.6308595723e-01 6.7081268978e-02 4.5485269513e-02
     vertex 5.6308595723e-01 6.4540634489e-02 4.7542634757e-02
   endloop
 endfacet
 facet normal  -3.8983332078e-17 6.2932039105e-01 7.7714596146e-01
   outer loop
     vertex 5.6308595723e-01 6.7081268978e-02 4.5485269513e-02
     vertex 5.5560883855e-01 6.6477632562e-02 4.5974084644e-02
     vertex 5.6308595723e-01 6.4540634489e-02 4.7542634757e-02
   endloop
 endfacet
 facet normal  8.0612804210e-16 6.2932039105e-01 7.7714596146e-01
   outer loop
     vertex 5.6308595723e-01 6.4540634489e-02 4.7542634757e-02
     vertex 5.5560883855e-01 6.6477632562e-02 4.5974084644e-02
     vertex 5.5560883855e-01 6.4238816281e-02 4.7787042322e-02
   endloop
 endfacet
 facet normal  -9.1560075027e-17 6.2932039105e-01 7.7714596146e-01
   outer loop
     vertex 5.5560883855e-01 6.6477632562e-02 4.5974084644e-02
     vertex 5.4998909691e-01 6.5634500233e-02 4.6656839743e-02
     vertex 5.5560883855e-01 6.4238816281e-02 4.7787042322e-02
   endloop
 endfacet
 facet normal  -6.4457260319e-17 6.2932039105e-01 7.7714596146e-01
   outer loop
     vertex 5.5560883855e-01 6.4238816281e-02 4.7787042322e-02
     vertex 5.4998909691e-01 6.5634500233e-02 4.6656839743e-02
     vertex 5.4998909691e-01 6.3817250116e-02 4.8128419871e-02
   endloop
 endfacet
 facet normal  -3.3154170350e-15 6.2932039105e-01 7.7714596146e-01
   outer loop
     vertex 5.4998909691e-01 6.5634500233e-02 4.6656839743e-02
     vertex 5.4601486661e-01 6.4614310010e-02 4.7482973496e-02
     vertex 5.4998909691e-01 6.3817250116e-02 4.8128419871e-02
   endloop
 endfacet
 facet normal  -3.6430122098e-15 6.2932039105e-01 7.7714596146e-01
   outer loop
     vertex 5.4998909691e-01 6.3817250116e-02 4.8128419871e-02
     vertex 5.4601486661e-01 6.4614310010e-02 4.7482973496e-02
     vertex 5.4601486661e-01 6.3307155005e-02 4.8541486748e-02
   endloop
 endfacet
 facet normal  5.0523620765e-15 6.2932039105e-01 7.7714596146e-01
   outer loop
     vertex 5.4601486661e-01 6.4614310010e-02 4.7482973496e-02
     vertex 5.4349498646e-01 6.3402808746e-02 4.8464027876e-02
     vertex 5.4601486661e-01 6.3307155005e-02 4.8541486748e-02
   endloop
 endfacet
 facet normal  5.3276160524e-15 6.2932039105e-01 7.7714596146e-01
   outer loop
     vertex 5.4601486661e-01 6.3307155005e-02 4.8541486748e-02
     vertex 5.4349498646e-01 6.3402808746e-02 4.8464027876e-02
     vertex 5.4349498646e-01 6.2701404373e-02 4.9032013938e-02
   endloop
 endfacet
 facet normal  -6.0295625776e-15 6.2932039105e-01 7.7714596146e-01
   outer loop
     vertex 5.4349498646e-01 6.3402808746e-02 4.8464027876e-02
     vertex 5.4260000000e-01 6.2000000000e-02 4.9600000000e-02
     vertex 5.4349498646e-01 6.2701404373e-02 4.9032013938e-02
   endloop
 endfacet
 facet normal  -2.2283166048e-15 6.2932039105e-01 7.7714596146e-01
   outer loop
     vertex 5.4260000000e-01 6.2000000000e-02 4.9600000000e-02
     vertex 5.4349498646e-01 6.0597191254e-02 5.0735972124e-02
     vertex 5.4349498646e-01 6.1298595627e-02 5.0167986062e-02
   endloop
 endfacet
 facet normal  -4.0444491059e-16 6.2932039105e-01 7.7714596146e-01
   outer loop
     vertex 5.4349498646e-01 6.0597191254e-02 5.0735972124e-02
     vertex 5.4601486661e-01 6.0692844995e-02 5.0658513252e-02
     vertex 5.4349498646e-01 6.1298595627e-02 5.0167986062e-02
   endloop
 endfacet
 facet normal  -4.9961553291e-16 6.2932039105e-01 7.7714596146e-01
   outer loop
     vertex 5.4349498646e-01 6.0597191254e-02 5.0735972124e-02
     vertex 5.4601486661e-01 5.9385689990e-02 5.1717026504e-02
     vertex 5.4601486661e-01 6.0692844995e-02 5.0658513252e-02
   endloop
 endfacet
 facet normal  -2.7797767079e-15 6.2932039105e-01 7.7714596146e-01
   outer loop
     vertex 5.4601486661e-01 5.9385689990e-02 5.1717026504e-02
     vertex 5.4998909691e-01 6.0182749884e-02 5.1071580129e-02
     vertex 5.4601486661e-01 6.0692844995e-02 5.0658513252e-02
   endloop
 endfacet
 facet normal  -2.5520735939e-15 6.2932039105e-01 7.7714596146e-01
   outer loop
     vertex 5.4601486661e-01 5.9385689990e-02 5.1717026504e-02
     vertex 5.4998909691e-01 5.8365499767e-02 5.2543160257e-02
     vertex 5.4998909691e-01 6.0182749884e-02 5.1071580129e-02
   endloop
 endfacet
 facet normal  2.6145476217e-15 6.2932039105e-01 7.7714596146e-01
   outer loop
     vertex 5.4998909691e-01 5.8365499767e-02 5.2543160257e-02
     vertex 5.5560883855e-01 5.9761183719e-02 5.1412957678e-02
     vertex 5.4998909691e-01 6.0182749884e-02 5.1071580129e-02
   endloop
 endfacet
 facet normal  2.7860422830e-15 6.2932039105e-01 7.7714596146e-01
   outer loop
     vertex 5.4998909691e-01 5.8365499767e-02 5.2543160257e-02
     vertex 5.5560883855e-01 5.7522367438e-02 5.3225915356e-02
     vertex 5.5560883855e-01 5.9761183719e-02 5.1412957678e-02
   endloop
 endfacet
 facet normal  -7.9629721232e-16 6.2932039105e-01 7.7714596146e-01
   outer loop
     vertex 5.5560883855e-01 5.7522367438e-02 5.3225915356e-02
     vertex 5.6308595723e-01 5.9459365511e-02 5.1657365243e-02
     vertex 5.5560883855e-01 5.9761183719e-02 5.1412957678e-02
   endloop
 endfacet
 facet normal  -4.0715924615e-16 6.2932039105e-01 7.7714596146e-01
   outer loop
     vertex 5.5560883855e-01 5.7522367438e-02 5.3225915356e-02
     vertex 5.6308595723e-01 5.6918731022e-02 5.3714730487e-02
     vertex 5.6308595723e-01 5.9459365511e-02 5.1657365243e-02
   endloop
 endfacet
 facet normal  1.9746525194e-15 6.2932039105e-01 7.7714596146e-01
   outer loop
     vertex 5.6308595723e-01 5.6918731022e-02 5.3714730487e-02
     vertex 5.7245113760e-01 5.9322031992e-02 5.1768575734e-02
     vertex 5.6308595723e-01 5.9459365511e-02 5.1657365243e-02
   endloop
 endfacet
 facet normal  1.8766678288e-15 6.2932039105e-01 7.7714596146e-01
   outer loop
     vertex 5.6308595723e-01 5.6918731022e-02 5.3714730487e-02
     vertex 5.7245113760e-01 5.6644063984e-02 5.3937151469e-02
     vertex 5.7245113760e-01 5.9322031992e-02 5.1768575734e-02
   endloop
 endfacet
 facet normal  -1.3703583974e-15 6.2932039105e-01 7.7714596146e-01
   outer loop
     vertex 5.7245113760e-01 5.6644063984e-02 5.3937151469e-02
     vertex 5.8340425970e-01 5.9378441136e-02 5.1722896510e-02
     vertex 5.7245113760e-01 5.9322031992e-02 5.1768575734e-02
   endloop
 endfacet
 facet normal  -1.8712359365e-15 6.2932039105e-01 7.7714596146e-01
   outer loop
     vertex 5.7245113760e-01 5.6644063984e-02 5.3937151469e-02
     vertex 5.8340425970e-01 5.6756882271e-02 5.3845793021e-02
     vertex 5.8340425970e-01 5.9378441136e-02 5.1722896510e-02
   endloop
 endfacet
 facet normal  -9.5250062040e-17 6.2932039105e-01 7.7714596146e-01
   outer loop
     vertex 5.8340425970e-01 5.6756882271e-02 5.3845793021e-02
     vertex 5.9526715045e-01 5.9617547048e-02 5.1529272360e-02
     vertex 5.8340425970e-01 5.9378441136e-02 5.1722896510e-02
   endloop
 endfacet
 facet normal  -2.1253032549e-16 6.2932039105e-01 7.7714596146e-01
   outer loop
     vertex 5.8340425970e-01 5.6756882271e-02 5.3845793021e-02
     vertex 5.9526715045e-01 5.7235094097e-02 5.3458544720e-02
     vertex 5.9526715045e-01 5.9617547048e-02 5.1529272360e-02
   endloop
 endfacet
 facet normal  5.8334136904e-17 6.2932039105e-01 7.7714596146e-01
   outer loop
     vertex 5.9526715045e-01 5.7235094097e-02 5.3458544720e-02
     vertex 6.0710835265e-01 5.7971768775e-02 5.2861997328e-02
     vertex 5.9526715045e-01 5.9617547048e-02 5.1529272360e-02
   endloop
 endfacet
 facet normal  1.7940562750e-16 6.2932039105e-01 7.7714596146e-01
   outer loop
     vertex 5.9526715045e-01 5.9617547048e-02 5.1529272360e-02
     vertex 6.0710835265e-01 5.7971768775e-02 5.2861997328e-02
     vertex 6.0710835265e-01 5.9985884388e-02 5.1230998664e-02
   endloop
 endfacet
 facet normal  5.9592305928e-16 6.2932039105e-01 7.7714596146e-01
   outer loop
     vertex 6.0710835265e-01 5.7971768775e-02 5.2861997328e-02
     vertex 6.1800857730e-01 5.8820604943e-02 5.2174623352e-02
     vertex 6.0710835265e-01 5.9985884388e-02 5.1230998664e-02
   endloop
 endfacet
 facet normal  2.2793142239e-16 6.2932039105e-01 7.7714596146e-01
   outer loop
     vertex 6.0710835265e-01 5.9985884388e-02 5.1230998664e-02
     vertex 6.1800857730e-01 5.8820604943e-02 5.2174623352e-02
     vertex 6.1800857730e-01 6.0410302472e-02 5.0887311676e-02
   endloop
 endfacet
 facet normal  -9.0604759895e-16 6.2932039105e-01 7.7714596146e-01
   outer loop
     vertex 6.1800857730e-01 5.8820604943e-02 5.2174623352e-02
     vertex 6.2732040652e-01 5.9651700001e-02 5.1501615844e-02
     vertex 6.1800857730e-01 6.0410302472e-02 5.0887311676e-02
   endloop
 endfacet
 facet normal  -4.2897223324e-16 6.2932039105e-01 7.7714596146e-01
   outer loop
     vertex 6.1800857730e-01 6.0410302472e-02 5.0887311676e-02
     vertex 6.2732040652e-01 5.9651700001e-02 5.1501615844e-02
     vertex 6.2732040652e-01 6.0825850000e-02 5.0550807922e-02
   endloop
 endfacet
 facet normal  6.3408351313e-16 6.2932039105e-01 7.7714596146e-01
   outer loop
     vertex 6.2732040652e-01 5.9651700001e-02 5.1501615844e-02
     vertex 6.3478054073e-01 6.0381534134e-02 5.0910607816e-02
     vertex 6.2732040652e-01 6.0825850000e-02 5.0550807922e-02
   endloop
 endfacet
 facet normal  -9.5409311523e-17 6.2932039105e-01 7.7714596146e-01
   outer loop
     vertex 6.2732040652e-01 6.0825850000e-02 5.0550807922e-02
     vertex 6.3478054073e-01 6.0381534134e-02 5.0910607816e-02
     vertex 6.3478054073e-01 6.1190767067e-02 5.0255303908e-02
   endloop
 endfacet
 facet normal  3.5611263939e-16 6.2932039105e-01 7.7714596146e-01
   outer loop
     vertex 6.3478054073e-01 6.0381534134e-02 5.0910607816e-02
     vertex 6.4045545247e-01 6.0974076397e-02 5.0430776553e-02
     vertex 6.3478054073e-01 6.1190767067e-02 5.0255303908e-02
   endloop
 endfacet
 facet normal  1.0069864959e-15 6.2932039105e-01 7.7714596146e-01
   outer loop
     vertex 6.3478054073e-01 6.1190767067e-02 5.0255303908e-02
     vertex 6.4045545247e-01 6.0974076397e-02 5.0430776553e-02
     vertex 6.4045545247e-01 6.1487038198e-02 5.0015388277e-02
   endloop
 endfacet
 facet normal  -7.2974368134e-16 6.2932039105e-01 7.7714596146e-01
   outer loop
     vertex 6.4045545247e-01 6.0974076397e-02 5.0430776553e-02
     vertex 6.4460446266e-01 6.1428330900e-02 5.0062928510e-02
     vertex 6.4045545247e-01 6.1487038198e-02 5.0015388277e-02
   endloop
 endfacet
 facet normal  -8.4452239369e-16 6.2932039105e-01 7.7714596146e-01
   outer loop
     vertex 6.4045545247e-01 6.1487038198e-02 5.0015388277e-02
     vertex 6.4460446266e-01 6.1428330900e-02 5.0062928510e-02
     vertex 6.4460446266e-01 6.1714165450e-02 4.9831464255e-02
   endloop
 endfacet
 facet normal  -1.9877125105e-15 6.2932039105e-01 7.7714596146e-01
   outer loop
     vertex 6.4460446266e-01 6.1428330900e-02 5.0062928510e-02
     vertex 6.4755075358e-01 6.1762149886e-02 4.9792607225e-02
     vertex 6.4460446266e-01 6.1714165450e-02 4.9831464255e-02
   endloop
 endfacet
 facet normal  -2.2492846287e-15 6.2932039105e-01 7.7714596146e-01
   outer loop
     vertex 6.4460446266e-01 6.1714165450e-02 4.9831464255e-02
     vertex 6.4755075358e-01 6.1762149886e-02 4.9792607225e-02
     vertex 6.4755075358e-01 6.1881074943e-02 4.9696303612e-02
   endloop
 endfacet
 facet normal  0.0000000000e+00 6.2932039105e-01 7.7714596146e-01
   outer loop
     vertex 6.4755075358e-01 6.1762149886e-02 4.9792607225e-02
     vertex 6.4960000000e-01 6.2000000000e-02 4.9600000000e-02
     vertex 6.4755075358e-01 6.1881074943e-02 4.9696303612e-02
   endloop
 endfacet
 facet normal  0.0000000000e+00 6.2932039105e-01 7.7714596146e-01
   outer loop
     vertex 6.4960000000e-01 6.2000000000e-02 4.9600000000e-02
     vertex 6.4755075358e-01 6.2118925057e-02 4.9503696388e-02
     vertex 6.4755075358e-01 6.2000000000e-02 4.9600000000e-02
   endloop
 endfacet
 facet normal  -6.9629644664e-16 6.2932039105e-01 7.7714596146e-01
   outer loop
     vertex 6.4755075358e-01 6.2118925057e-02 4.9503696388e-02
     vertex 6.4460446266e-01 6.2000000000e-02 4.9600000000e-02
     vertex 6.4755075358e-01 6.2000000000e-02 4.9600000000e-02
   endloop
 endfacet
 facet normal  -1.0381294218e-15 6.2932039105e-01 7.7714596146e-01
   outer loop
     vertex 6.4755075358e-01 6.2118925057e-02 4.9503696388e-02
     vertex 6.4460446266e-01 6.2285834550e-02 4.9368535745e-02
     vertex 6.4460446266e-01 6.2000000000e-02 4.9600000000e-02
   endloop
 endfacet
 facet normal  4.9445332793e-16 6.2932039105e-01 7.7714596146e-01
   outer loop
     vertex 6.4460446266e-01 6.2285834550e-02 4.9368535745e-02
     vertex 6.4045545247e-01 6.2000000000e-02 4.9600000000e-02
     vertex 6.4460446266e-01 6.2000000000e-02 4.9600000000e-02
   endloop
 endfacet
 facet normal  7.2007820212e-16 6.2932039105e-01 7.7714596146e-01
   outer loop
     vertex 6.4460446266e-01 6.2285834550e-02 4.9368535745e-02
     vertex 6.4045545247e-01 6.2512961802e-02 4.9184611723e-02
     vertex 6.4045545247e-01 6.2000000000e-02 4.9600000000e-02
   endloop
 endfacet
 facet normal  1.5389798557e-15 6.2932039105e-01 7.7714596146e-01
   outer loop
     vertex 6.4045545247e-01 6.2512961802e-02 4.9184611723e-02
     vertex 6.3478054073e-01 6.2000000000e-02 4.9600000000e-02
     vertex 6.4045545247e-01 6.2000000000e-02 4.9600000000e-02
   endloop
 endfacet
 facet normal  6.3159600193e-16 6.2932039105e-01 7.7714596146e-01
   outer loop
     vertex 6.4045545247e-01 6.2512961802e-02 4.9184611723e-02
     vertex 6.3478054073e-01 6.2809232933e-02 4.8944696092e-02
     vertex 6.3478054073e-01 6.2000000000e-02 4.9600000000e-02
   endloop
 endfacet
 facet normal  -1.1706994284e-15 6.2932039105e-01 7.7714596146e-01
   outer loop
     vertex 6.3478054073e-01 6.2809232933e-02 4.8944696092e-02
     vertex 6.2732040652e-01 6.2000000000e-02 4.9600000000e-02
     vertex 6.3478054073e-01 6.2000000000e-02 4.9600000000e-02
   endloop
 endfacet
 facet normal  -2.9590563946e-16 6.2932039105e-01 7.7714596146e-01
   outer loop
     vertex 6.3478054073e-01 6.2809232933e-02 4.8944696092e-02
     vertex 6.2732040652e-01 6.3174150000e-02 4.8649192078e-02
     vertex 6.2732040652e-01 6.2000000000e-02 4.9600000000e-02
   endloop
 endfacet
 facet normal  -0.0000000000e+00 6.2932039105e-01 7.7714596146e-01
   outer loop
     vertex 6.2732040652e-01 6.3174150000e-02 4.8649192078e-02
     vertex 6.1800857730e-01 6.2000000000e-02 4.9600000000e-02
     vertex 6.2732040652e-01 6.2000000000e-02 4.9600000000e-02
   endloop
 endfacet
 facet normal  -3.8354162164e-16 6.2932039105e-01 7.7714596146e-01
   outer loop
     vertex 6.2732040652e-01 6.3174150000e-02 4.8649192078e-02
     vertex 6.1800857730e-01 6.3589697528e-02 4.8312688324e-02
     vertex 6.1800857730e-01 6.2000000000e-02 4.9600000000e-02
   endloop
 endfacet
 facet normal  -0.0000000000e+00 6.2932039105e-01 7.7714596146e-01
   outer loop
     vertex 6.1800857730e-01 6.3589697528e-02 4.8312688324e-02
     vertex 6.0710835265e-01 6.2000000000e-02 4.9600000000e-02
     vertex 6.1800857730e-01 6.2000000000e-02 4.9600000000e-02
   endloop
 endfacet
 facet normal  -8.6202706689e-17 6.2932039105e-01 7.7714596146e-01
   outer loop
     vertex 6.1800857730e-01 6.3589697528e-02 4.8312688324e-02
     vertex 6.0710835265e-01 6.4014115612e-02 4.7969001336e-02
     vertex 6.0710835265e-01 6.2000000000e-02 4.9600000000e-02
   endloop
 endfacet
 facet normal  -0.0000000000e+00 6.2932039105e-01 7.7714596146e-01
   outer loop
     vertex 6.0710835265e-01 6.4014115612e-02 4.7969001336e-02
     vertex 5.9526715045e-01 6.2000000000e-02 4.9600000000e-02
     vertex 6.0710835265e-01 6.2000000000e-02 4.9600000000e-02
   endloop
 endfacet
 facet normal  -2.1291959970e-16 6.2932039105e-01 7.7714596146e-01
   outer loop
     vertex 6.0710835265e-01 6.4014115612e-02 4.7969001336e-02
     vertex 5.9526715045e-01 6.4382452952e-02 4.7670727640e-02
     vertex 5.9526715045e-01 6.2000000000e-02 4.9600000000e-02
   endloop
 endfacet
 facet normal  -3.4936491862e-16 6.2932039105e-01 7.7714596146e-01
   outer loop
     vertex 5.9526715045e-01 6.4382452952e-02 4.7670727640e-02
     vertex 5.8340425970e-01 6.4621558864e-02 4.7477103490e-02
     vertex 5.9526715045e-01 6.2000000000e-02 4.9600000000e-02
   endloop
 endfacet
 facet normal  0.0000000000e+00 6.2932039105e-01 7.7714596146e-01
   outer loop
     vertex 5.9526715045e-01 6.2000000000e-02 4.9600000000e-02
     vertex 5.8340425970e-01 6.4621558864e-02 4.7477103490e-02
     vertex 5.8340425970e-01 6.2000000000e-02 4.9600000000e-02
   endloop
 endfacet
 facet normal  1.0172875305e-16 6.2932039105e-01 7.7714596146e-01
   outer loop
     vertex 5.8340425970e-01 6.4621558864e-02 4.7477103490e-02
     vertex 5.7245113760e-01 6.4677968008e-02 4.7431424266e-02
     vertex 5.8340425970e-01 6.2000000000e-02 4.9600000000e-02
   endloop
 endfacet
 facet normal  0.0000000000e+00 6.2932039105e-01 7.7714596146e-01
   outer loop
     vertex 5.8340425970e-01 6.2000000000e-02 4.9600000000e-02
     vertex 5.7245113760e-01 6.4677968008e-02 4.7431424266e-02
     vertex 5.7245113760e-01 6.2000000000e-02 4.9600000000e-02
   endloop
 endfacet
 facet normal  5.0853761096e-17 6.2932039105e-01 7.7714596146e-01
   outer loop
     vertex 5.7245113760e-01 6.4677968008e-02 4.7431424266e-02
     vertex 5.6308595723e-01 6.4540634489e-02 4.7542634757e-02
     vertex 5.7245113760e-01 6.2000000000e-02 4.9600000000e-02
   endloop
 endfacet
 facet normal  0.0000000000e+00 6.2932039105e-01 7.7714596146e-01
   outer loop
     vertex 5.7245113760e-01 6.2000000000e-02 4.9600000000e-02
     vertex 5.6308595723e-01 6.4540634489e-02 4.7542634757e-02
     vertex 5.6308595723e-01 6.2000000000e-02 4.9600000000e-02
   endloop
 endfacet
 facet normal  7.0169997741e-16 6.2932039105e-01 7.7714596146e-01
   outer loop
     vertex 5.6308595723e-01 6.4540634489e-02 4.7542634757e-02
     vertex 5.5560883855e-01 6.4238816281e-02 4.7787042322e-02
     vertex 5.6308595723e-01 6.2000000000e-02 4.9600000000e-02
   endloop
 endfacet
 facet normal  0.0000000000e+00 6.2932039105e-01 7.7714596146e-01
   outer loop
     vertex 5.6308595723e-01 6.2000000000e-02 4.9600000000e-02
     vertex 5.5560883855e-01 6.4238816281e-02 4.7787042322e-02
     vertex 5.5560883855e-01 6.2000000000e-02 4.9600000000e-02
   endloop
 endfacet
 facet normal  -4.5780037514e-17 6.2932039105e-01 7.7714596146e-01
   outer loop
     vertex 5.5560883855e-01 6.4238816281e-02 4.7787042322e-02
     vertex 5.4998909691e-01 6.3817250116e-02 4.8128419871e-02
     vertex 5.5560883855e-01 6.2000000000e-02 4.9600000000e-02
   endloop
 endfacet
 facet normal  0.0000000000e+00 6.2932039105e-01 7.7714596146e-01
   outer loop
     vertex 5.5560883855e-01 6.2000000000e-02 4.9600000000e-02
     vertex 5.4998909691e-01 6.3817250116e-02 4.8128419871e-02
     vertex 5.4998909691e-01 6.2000000000e-02 4.9600000000e-02
   endloop
 endfacet
 facet normal  -3.8622899480e-15 6.2932039105e-01 7.7714596146e-01
   outer loop
     vertex 5.4998909691e-01 6.3817250116e-02 4.8128419871e-02
     vertex 5.4601486661e-01 6.3307155005e-02 4.8541486748e-02
     vertex 5.4998909691e-01 6.2000000000e-02 4.9600000000e-02
   endloop
 endfacet
 facet normal  -3.2945501723e-15 6.2932039105e-01 7.7714596146e-01
   outer loop
     vertex 5.4998909691e-01 6.2000000000e-02 4.9600000000e-02
     vertex 5.4601486661e-01 6.3307155005e-02 4.8541486748e-02
     vertex 5.4601486661e-01 6.2000000000e-02 4.9600000000e-02
   endloop
 endfacet
 facet normal  6.2576845497e-15 6.2932039105e-01 7.7714596146e-01
   outer loop
     vertex 5.4601486661e-01 6.3307155005e-02 4.8541486748e-02
     vertex 5.4349498646e-01 6.2701404373e-02 4.9032013938e-02
     vertex 5.4601486661e-01 6.2000000000e-02 4.9600000000e-02
   endloop
 endfacet
 facet normal  7.7513758403e-15 6.2932039105e-01 7.7714596146e-01
   outer loop
     vertex 5.4601486661e-01 6.2000000000e-02 4.9600000000e-02
     vertex 5.4349498646e-01 6.2701404373e-02 4.9032013938e-02
     vertex 5.4349498646e-01 6.2000000000e-02 4.9600000000e-02
   endloop
 endfacet
 facet normal  -7.1713702820e-15 6.2932039105e-01 7.7714596146e-01
   outer loop
     vertex 5.4349498646e-01 6.2701404373e-02 4.9032013938e-02
     vertex 5.4260000000e-01 6.2000000000e-02 4.9600000000e-02
     vertex 5.4349498646e-01 6.2000000000e-02 4.9600000000e-02
   endloop
 endfacet
 facet normal  -2.2938553284e-15 6.2932039105e-01 7.7714596146e-01
   outer loop
     vertex 5.4260000000e-01 6.2000000000e-02 4.9600000000e-02
     vertex 5.4349498646e-01 6.1298595627e-02 5.0167986062e-02
     vertex 5.4349498646e-01 6.2000000000e-02 4.9600000000e-02
   endloop
 endfacet
 facet normal  8.1412280783e-16 6.2932039105e-01 7.7714596146e-01
   outer loop
     vertex 5.4349498646e-01 6.1298595627e-02 5.0167986062e-02
     vertex 5.4601486661e-01 6.2000000000e-02 4.9600000000e-02
     vertex 5.4349498646e-01 6.2000000000e-02 4.9600000000e-02
   endloop
 endfacet
 facet normal  1.4988465987e-16 6.2932039105e-01 7.7714596146e-01
   outer loop
     vertex 5.4349498646e-01 6.1298595627e-02 5.0167986062e-02
     vertex 5.4601486661e-01 6.0692844995e-02 5.0658513252e-02
     vertex 5.4601486661e-01 6.2000000000e-02 4.9600000000e-02
   endloop
 endfacet
 facet normal  -2.1975512722e-15 6.2932039105e-01 7.7714596146e-01
   outer loop
     vertex 5.4601486661e-01 6.0692844995e-02 5.0658513252e-02
     vertex 5.4998909691e-01 6.2000000000e-02 4.9600000000e-02
     vertex 5.4601486661e-01 6.2000000000e-02 4.9600000000e-02
   endloop
 endfacet
 facet normal  -2.6090395224e-15 6.2932039105e-01 7.7714596146e-01
   outer loop
     vertex 5.4601486661e-01 6.0692844995e-02 5.0658513252e-02
     vertex 5.4998909691e-01 6.0182749884e-02 5.1071580129e-02
     vertex 5.4998909691e-01 6.2000000000e-02 4.9600000000e-02
   endloop
 endfacet
 facet normal  1.5540883198e-15 6.2932039105e-01 7.7714596146e-01
   outer loop
     vertex 5.4998909691e-01 6.0182749884e-02 5.1071580129e-02
     vertex 5.5560883855e-01 6.2000000000e-02 4.9600000000e-02
     vertex 5.4998909691e-01 6.2000000000e-02 4.9600000000e-02
   endloop
 endfacet
 facet normal  2.5571420954e-15 6.2932039105e-01 7.7714596146e-01
   outer loop
     vertex 5.4998909691e-01 6.0182749884e-02 5.1071580129e-02
     vertex 5.5560883855e-01 5.9761183719e-02 5.1412957678e-02
     vertex 5.5560883855e-01 6.2000000000e-02 4.9600000000e-02
   endloop
 endfacet
 facet normal  0.0000000000e+00 6.2932039105e-01 7.7714596146e-01
   outer loop
     vertex 5.5560883855e-01 5.9761183719e-02 5.1412957678e-02
     vertex 5.6308595723e-01 6.2000000000e-02 4.9600000000e-02
     vertex 5.5560883855e-01 6.2000000000e-02 4.9600000000e-02
   endloop
 endfacet
 facet normal  -7.0169997741e-16 6.2932039105e-01 7.7714596146e-01
   outer loop
     vertex 5.5560883855e-01 5.9761183719e-02 5.1412957678e-02
     vertex 5.6308595723e-01 5.9459365511e-02 5.1657365243e-02
     vertex 5.6308595723e-01 6.2000000000e-02 4.9600000000e-02
   endloop
 endfacet
 facet normal  0.0000000000e+00 6.2932039105e-01 7.7714596146e-01
   outer loop
     vertex 5.6308595723e-01 5.9459365511e-02 5.1657365243e-02
     vertex 5.7245113760e-01 6.2000000000e-02 4.9600000000e-02
     vertex 5.6308595723e-01 6.2000000000e-02 4.9600000000e-02
   endloop
 endfacet
 facet normal  1.9275215899e-15 6.2932039105e-01 7.7714596146e-01
   outer loop
     vertex 5.6308595723e-01 5.9459365511e-02 5.1657365243e-02
     vertex 5.7245113760e-01 5.9322031992e-02 5.1768575734e-02
     vertex 5.7245113760e-01 6.2000000000e-02 4.9600000000e-02
   endloop
 endfacet
 facet normal  0.0000000000e+00 6.2932039105e-01 7.7714596146e-01
   outer loop
     vertex 5.7245113760e-01 5.9322031992e-02 5.1768575734e-02
     vertex 5.8340425970e-01 6.2000000000e-02 4.9600000000e-02
     vertex 5.7245113760e-01 6.2000000000e-02 4.9600000000e-02
   endloop
 endfacet
 facet normal  -1.3805021629e-15 6.2932039105e-01 7.7714596146e-01
   outer loop
     vertex 5.7245113760e-01 5.9322031992e-02 5.1768575734e-02
     vertex 5.8340425970e-01 5.9378441136e-02 5.1722896510e-02
     vertex 5.8340425970e-01 6.2000000000e-02 4.9600000000e-02
   endloop
 endfacet
 facet normal  0.0000000000e+00 6.2932039105e-01 7.7714596146e-01
   outer loop
     vertex 5.8340425970e-01 5.9378441136e-02 5.1722896510e-02
     vertex 5.9526715045e-01 6.2000000000e-02 4.9600000000e-02
     vertex 5.8340425970e-01 6.2000000000e-02 4.9600000000e-02
   endloop
 endfacet
 facet normal  -1.0626516275e-16 6.2932039105e-01 7.7714596146e-01
   outer loop
     vertex 5.8340425970e-01 5.9378441136e-02 5.1722896510e-02
     vertex 5.9526715045e-01 5.9617547048e-02 5.1529272360e-02
     vertex 5.9526715045e-01 6.2000000000e-02 4.9600000000e-02
   endloop
 endfacet
 facet normal  2.1291959970e-16 6.2932039105e-01 7.7714596146e-01
   outer loop
     vertex 5.9526715045e-01 5.9617547048e-02 5.1529272360e-02
     vertex 6.0710835265e-01 5.9985884388e-02 5.1230998664e-02
     vertex 5.9526715045e-01 6.2000000000e-02 4.9600000000e-02
   endloop
 endfacet
 facet normal  0.0000000000e+00 6.2932039105e-01 7.7714596146e-01
   outer loop
     vertex 5.9526715045e-01 6.2000000000e-02 4.9600000000e-02
     vertex 6.0710835265e-01 5.9985884388e-02 5.1230998664e-02
     vertex 6.0710835265e-01 6.2000000000e-02 4.9600000000e-02
   endloop
 endfacet
 facet normal  1.8364924468e-16 6.2932039105e-01 7.7714596146e-01
   outer loop
     vertex 6.0710835265e-01 5.9985884388e-02 5.1230998664e-02
     vertex 6.1800857730e-01 6.0410302472e-02 5.0887311676e-02
     vertex 6.0710835265e-01 6.2000000000e-02 4.9600000000e-02
   endloop
 endfacet
 facet normal  0.0000000000e+00 6.2932039105e-01 7.7714596146e-01
   outer loop
     vertex 6.0710835265e-01 6.2000000000e-02 4.9600000000e-02
     vertex 6.1800857730e-01 6.0410302472e-02 5.0887311676e-02
     vertex 6.1800857730e-01 6.2000000000e-02 4.9600000000e-02
   endloop
 endfacet
 facet normal  -1.6397793969e-16 6.2932039105e-01 7.7714596146e-01
   outer loop
     vertex 6.1800857730e-01 6.0410302472e-02 5.0887311676e-02
     vertex 6.2732040652e-01 6.0825850000e-02 5.0550807922e-02
     vertex 6.1800857730e-01 6.2000000000e-02 4.9600000000e-02
   endloop
 endfacet
 facet normal  5.7196297766e-16 6.2932039105e-01 7.7714596146e-01
   outer loop
     vertex 6.1800857730e-01 6.2000000000e-02 4.9600000000e-02
     vertex 6.2732040652e-01 6.0825850000e-02 5.0550807922e-02
     vertex 6.2732040652e-01 6.2000000000e-02 4.9600000000e-02
   endloop
 endfacet
 facet normal  -6.9984032189e-16 6.2932039105e-01 7.7714596146e-01
   outer loop
     vertex 6.2732040652e-01 6.0825850000e-02 5.0550807922e-02
     vertex 6.3478054073e-01 6.1190767067e-02 5.0255303908e-02
     vertex 6.2732040652e-01 6.2000000000e-02 4.9600000000e-02
   endloop
 endfacet
 facet normal  -7.2238478725e-16 6.2932039105e-01 7.7714596146e-01
   outer loop
     vertex 6.2732040652e-01 6.2000000000e-02 4.9600000000e-02
     vertex 6.3478054073e-01 6.1190767067e-02 5.0255303908e-02
     vertex 6.3478054073e-01 6.2000000000e-02 4.9600000000e-02
   endloop
 endfacet
 facet normal  1.2676714081e-15 6.2932039105e-01 7.7714596146e-01
   outer loop
     vertex 6.3478054073e-01 6.1190767067e-02 5.0255303908e-02
     vertex 6.4045545247e-01 6.1487038198e-02 5.0015388277e-02
     vertex 6.3478054073e-01 6.2000000000e-02 4.9600000000e-02
   endloop
 endfacet
 facet normal  0.0000000000e+00 6.2932039105e-01 7.7714596146e-01
   outer loop
     vertex 6.3478054073e-01 6.2000000000e-02 4.9600000000e-02
     vertex 6.4045545247e-01 6.1487038198e-02 5.0015388277e-02
     vertex 6.4045545247e-01 6.2000000000e-02 4.9600000000e-02
   endloop
 endfacet
 facet normal  -2.5130245980e-16 6.2932039105e-01 7.7714596146e-01
   outer loop
     vertex 6.4045545247e-01 6.1487038198e-02 5.0015388277e-02
     vertex 6.4460446266e-01 6.1714165450e-02 4.9831464255e-02
     vertex 6.4045545247e-01 6.2000000000e-02 4.9600000000e-02
   endloop
 endfacet
 facet normal  4.9435457191e-16 6.2932039105e-01 7.7714596146e-01
   outer loop
     vertex 6.4045545247e-01 6.2000000000e-02 4.9600000000e-02
     vertex 6.4460446266e-01 6.1714165450e-02 4.9831464255e-02
     vertex 6.4460446266e-01 6.2000000000e-02 4.9600000000e-02
   endloop
 endfacet
 facet normal  -1.3434616047e-15 6.2932039105e-01 7.7714596146e-01
   outer loop
     vertex 6.4460446266e-01 6.1714165450e-02 4.9831464255e-02
     vertex 6.4755075358e-01 6.1881074943e-02 4.9696303612e-02
     vertex 6.4460446266e-01 6.2000000000e-02 4.9600000000e-02
   endloop
 endfacet
 facet normal  -6.9349884962e-16 6.2932039105e-01 7.7714596146e-01
   outer loop
     vertex 6.4460446266e-01 6.2000000000e-02 4.9600000000e-02
     vertex 6.4755075358e-01 6.1881074943e-02 4.9696303612e-02
     vertex 6.4755075358e-01 6.2000000000e-02 4.9600000000e-02
   endloop
 endfacet
 facet normal  0.0000000000e+00 6.2932039105e-01 7.7714596146e-01
   outer loop
     vertex 6.4755075358e-01 6.1881074943e-02 4.9696303612e-02
     vertex 6.4960000000e-01 6.2000000000e-02 4.9600000000e-02
     vertex 6.4755075358e-01 6.2000000000e-02 4.9600000000e-02
   endloop
 endfacet
endsolid
