solid
 facet normal  -6.9182867463e-01 7.0919637986e-01 -1.3569664611e-01
   outer loop
     vertex 1.0303218352e-02 1.0349388228e-02 1.5600000000e-03
     vertex 1.0303218352e-02 9.6316417400e-03 -2.1911849058e-03
     vertex 0.0000000000e+00 -2.3129646346e-18 0.0000000000e+00
   endloop
 endfacet
 facet normal  -6.5341439825e-01 5.9150046005e-01 -4.7241595011e-01
   outer loop
     vertex 1.0303218352e-02 9.6316417400e-03 -2.1911849058e-03
     vertex 1.0303218352e-02 7.2116504277e-03 -5.2211968565e-03
     vertex 0.0000000000e+00 -1.1564823173e-18 1.1564823173e-18
   endloop
 endfacet
 facet normal  -6.0991664694e-01 3.6041170817e-01 -7.0576560160e-01
   outer loop
     vertex 1.0303218352e-02 7.2116504277e-03 -5.2211968565e-03
     vertex 1.0303218352e-02 3.7752115111e-03 -6.9760752710e-03
     vertex 0.0000000000e+00 -1.1564823173e-18 0.0000000000e+00
   endloop
 endfacet
 facet normal  -5.8636963556e-01 1.1996117988e-01 -8.0111170620e-01
   outer loop
     vertex 1.0303218352e-02 3.7752115111e-03 -6.9760752710e-03
     vertex 1.0303218352e-02 -2.8310687128e-18 -7.5413882276e-03
     vertex 0.0000000000e+00 0.0000000000e+00 0.0000000000e+00
   endloop
 endfacet
 facet normal  -5.8636963556e-01 -1.1996117988e-01 -8.0111170620e-01
   outer loop
     vertex 0.0000000000e+00 0.0000000000e+00 0.0000000000e+00
     vertex 1.0303218352e-02 -2.8310687128e-18 -7.5413882276e-03
     vertex 1.0303218352e-02 -3.7752115111e-03 -6.9760752710e-03
   endloop
 endfacet
 facet normal  -6.0991664694e-01 -3.6041170817e-01 -7.0576560160e-01
   outer loop
     vertex 0.0000000000e+00 0.0000000000e+00 0.0000000000e+00
     vertex 1.0303218352e-02 -3.7752115111e-03 -6.9760752710e-03
     vertex 1.0303218352e-02 -7.2116504277e-03 -5.2211968565e-03
   endloop
 endfacet
 facet normal  -6.5341439825e-01 -5.9150046005e-01 -4.7241595011e-01
   outer loop
     vertex 0.0000000000e+00 1.1564823173e-18 0.0000000000e+00
     vertex 1.0303218352e-02 -7.2116504277e-03 -5.2211968565e-03
     vertex 1.0303218352e-02 -9.6316417400e-03 -2.1911849058e-03
   endloop
 endfacet
 facet normal  -6.9182867463e-01 -7.0919637986e-01 -1.3569664611e-01
   outer loop
     vertex 0.0000000000e+00 2.3129646346e-18 0.0000000000e+00
     vertex 1.0303218352e-02 -9.6316417400e-03 -2.1911849058e-03
     vertex 1.0303218352e-02 -1.0349388228e-02 1.5600000000e-03
   endloop
 endfacet
 facet normal  -7.0574548930e-01 -6.6630988985e-01 2.4073727383e-01
   outer loop
     vertex 1.0303218352e-02 -1.0349388228e-02 1.5600000000e-03
     vertex 1.0303218352e-02 -9.1060015433e-03 5.0014315302e-03
     vertex 0.0000000000e+00 2.3129646346e-18 0.0000000000e+00
   endloop
 endfacet
 facet normal  -7.0579028175e-01 -5.6094144129e-01 4.3267167417e-01
   outer loop
     vertex 1.0303218352e-02 -9.1060015433e-03 5.0014315302e-03
     vertex 1.0303218352e-02 -6.8008546473e-03 7.9899618625e-03
     vertex 0.0000000000e+00 1.1564823173e-18 0.0000000000e+00
   endloop
 endfacet
 facet normal  -7.1018294140e-01 -3.7855322773e-01 5.9358035978e-01
   outer loop
     vertex 1.0303218352e-02 -6.8008546473e-03 7.9899618625e-03
     vertex 1.0303218352e-02 -3.6265250459e-03 1.0014376412e-02
     vertex 0.0000000000e+00 0.0000000000e+00 0.0000000000e+00
   endloop
 endfacet
 facet normal  -7.1361860531e-01 -1.2304014679e-01 6.8964455224e-01
   outer loop
     vertex 1.0303218352e-02 -3.6265250459e-03 1.0014376412e-02
     vertex 1.0303218352e-02 9.7144514655e-19 1.0661388228e-02
     vertex 0.0000000000e+00 0.0000000000e+00 0.0000000000e+00
   endloop
 endfacet
 facet normal  -7.1361860531e-01 1.2304014679e-01 6.8964455224e-01
   outer loop
     vertex 0.0000000000e+00 0.0000000000e+00 0.0000000000e+00
     vertex 1.0303218352e-02 9.7144514655e-19 1.0661388228e-02
     vertex 1.0303218352e-02 3.6265250459e-03 1.0014376412e-02
   endloop
 endfacet
 facet normal  -7.1018294140e-01 3.7855322773e-01 5.9358035978e-01
   outer loop
     vertex 0.0000000000e+00 0.0000000000e+00 0.0000000000e+00
     vertex 1.0303218352e-02 3.6265250459e-03 1.0014376412e-02
     vertex 1.0303218352e-02 6.8008546473e-03 7.9899618625e-03
   endloop
 endfacet
 facet normal  -7.0579028175e-01 5.6094144129e-01 4.3267167417e-01
   outer loop
     vertex 0.0000000000e+00 0.0000000000e+00 0.0000000000e+00
     vertex 1.0303218352e-02 6.8008546473e-03 7.9899618625e-03
     vertex 1.0303218352e-02 9.1060015433e-03 5.0014315302e-03
   endloop
 endfacet
 facet normal  -7.0574548930e-01 6.6630988985e-01 2.4073727383e-01
   outer loop
     vertex 0.0000000000e+00 0.0000000000e+00 0.0000000000e+00
     vertex 1.0303218352e-02 9.1060015433e-03 5.0014315302e-03
     vertex 1.0303218352e-02 1.0349388228e-02 1.5600000000e-03
   endloop
 endfacet
 facet normal  -6.4994383096e-01 7.4644128856e-01 -1.4282303499e-01
   outer loop
     vertex 1.0303218352e-02 1.0349388228e-02 1.5600000000e-03
     vertex 2.2981636129e-02 2.2100561756e-02 5.2800000000e-03
     vertex 1.0303218352e-02 9.6316417400e-03 -2.1911849058e-03
   endloop
 endfacet
 facet normal  -6.5799973544e-01 7.4287222151e-01 -1.2319582244e-01
   outer loop
     vertex 2.2981636129e-02 2.2100561756e-02 5.2800000000e-03
     vertex 2.2981636129e-02 2.0782277713e-02 -2.6692678894e-03
     vertex 1.0303218352e-02 9.6316417400e-03 -2.1911849058e-03
   endloop
 endfacet
 facet normal  -5.7932767659e-01 6.3689386264e-01 -5.0867047375e-01
   outer loop
     vertex 1.0303218352e-02 9.6316417400e-03 -2.1911849058e-03
     vertex 2.2981636129e-02 2.0782277713e-02 -2.6692678894e-03
     vertex 1.0303218352e-02 7.2116504277e-03 -5.2211968565e-03
   endloop
 endfacet
 facet normal  -5.6232697484e-01 6.2678534878e-01 -5.3937788231e-01
   outer loop
     vertex 2.2981636129e-02 2.0782277713e-02 -2.6692678894e-03
     vertex 2.2981636129e-02 1.5520568895e-02 -8.7836491151e-03
     vertex 1.0303218352e-02 7.2116504277e-03 -5.2211968565e-03
   endloop
 endfacet
 facet normal  -4.8077408003e-01 3.9878707209e-01 -7.8091302660e-01
   outer loop
     vertex 1.0303218352e-02 7.2116504277e-03 -5.2211968565e-03
     vertex 2.2981636129e-02 1.5520568895e-02 -8.7836491151e-03
     vertex 1.0303218352e-02 3.7752115111e-03 -6.9760752710e-03
   endloop
 endfacet
 facet normal  -4.3110515083e-01 3.3650947400e-01 -8.3720351339e-01
   outer loop
     vertex 2.2981636129e-02 1.5520568895e-02 -8.7836491151e-03
     vertex 2.2981636129e-02 8.0305887072e-03 -1.1794206587e-02
     vertex 1.0303218352e-02 3.7752115111e-03 -6.9760752710e-03
   endloop
 endfacet
 facet normal  -3.9156262551e-01 1.3626729904e-01 -9.1000545796e-01
   outer loop
     vertex 1.0303218352e-02 3.7752115111e-03 -6.9760752710e-03
     vertex 2.2981636129e-02 8.0305887072e-03 -1.1794206587e-02
     vertex 1.0303218352e-02 -2.8310687128e-18 -7.5413882276e-03
   endloop
 endfacet
 facet normal  -3.6878288333e-01 9.2410009868e-02 -9.2491057678e-01
   outer loop
     vertex 2.2981636129e-02 8.0305887072e-03 -1.1794206587e-02
     vertex 2.2981636129e-02 -8.0768725041e-18 -1.2596561756e-02
     vertex 1.0303218352e-02 -2.8310687128e-18 -7.5413882276e-03
   endloop
 endfacet
 facet normal  -3.6878288333e-01 -9.2410009868e-02 -9.2491057678e-01
   outer loop
     vertex 1.0303218352e-02 -2.8310687128e-18 -7.5413882276e-03
     vertex 2.2981636129e-02 -8.0768725041e-18 -1.2596561756e-02
     vertex 2.2981636129e-02 -8.0305887072e-03 -1.1794206587e-02
   endloop
 endfacet
 facet normal  -3.9156262551e-01 -1.3626729904e-01 -9.1000545796e-01
   outer loop
     vertex 1.0303218352e-02 -2.8310687128e-18 -7.5413882276e-03
     vertex 2.2981636129e-02 -8.0305887072e-03 -1.1794206587e-02
     vertex 1.0303218352e-02 -3.7752115111e-03 -6.9760752710e-03
   endloop
 endfacet
 facet normal  -4.3110515083e-01 -3.3650947400e-01 -8.3720351339e-01
   outer loop
     vertex 1.0303218352e-02 -3.7752115111e-03 -6.9760752710e-03
     vertex 2.2981636129e-02 -8.0305887072e-03 -1.1794206587e-02
     vertex 2.2981636129e-02 -1.5520568895e-02 -8.7836491151e-03
   endloop
 endfacet
 facet normal  -4.8077408003e-01 -3.9878707209e-01 -7.8091302660e-01
   outer loop
     vertex 1.0303218352e-02 -3.7752115111e-03 -6.9760752710e-03
     vertex 2.2981636129e-02 -1.5520568895e-02 -8.7836491151e-03
     vertex 1.0303218352e-02 -7.2116504277e-03 -5.2211968565e-03
   endloop
 endfacet
 facet normal  -5.6232697484e-01 -6.2678534878e-01 -5.3937788231e-01
   outer loop
     vertex 1.0303218352e-02 -7.2116504277e-03 -5.2211968565e-03
     vertex 2.2981636129e-02 -1.5520568895e-02 -8.7836491151e-03
     vertex 2.2981636129e-02 -2.0782277713e-02 -2.6692678894e-03
   endloop
 endfacet
 facet normal  -5.7932767659e-01 -6.3689386264e-01 -5.0867047375e-01
   outer loop
     vertex 1.0303218352e-02 -7.2116504277e-03 -5.2211968565e-03
     vertex 2.2981636129e-02 -2.0782277713e-02 -2.6692678894e-03
     vertex 1.0303218352e-02 -9.6316417400e-03 -2.1911849058e-03
   endloop
 endfacet
 facet normal  -6.5799973544e-01 -7.4287222151e-01 -1.2319582244e-01
   outer loop
     vertex 1.0303218352e-02 -9.6316417400e-03 -2.1911849058e-03
     vertex 2.2981636129e-02 -2.0782277713e-02 -2.6692678894e-03
     vertex 2.2981636129e-02 -2.2100561756e-02 5.2800000000e-03
   endloop
 endfacet
 facet normal  -6.4994383096e-01 -7.4644128856e-01 -1.4282303499e-01
   outer loop
     vertex 1.0303218352e-02 -9.6316417400e-03 -2.1911849058e-03
     vertex 2.2981636129e-02 -2.2100561756e-02 5.2800000000e-03
     vertex 1.0303218352e-02 -1.0349388228e-02 1.5600000000e-03
   endloop
 endfacet
 facet normal  -6.9678073907e-01 -6.7460387960e-01 2.4373388623e-01
   outer loop
     vertex 1.0303218352e-02 -1.0349388228e-02 1.5600000000e-03
     vertex 2.2981636129e-02 -2.2100561756e-02 5.2800000000e-03
     vertex 1.0303218352e-02 -9.1060015433e-03 5.0014315302e-03
   endloop
 endfacet
 facet normal  -6.8647728562e-01 -6.6339300742e-01 2.9775603107e-01
   outer loop
     vertex 2.2981636129e-02 -2.2100561756e-02 5.2800000000e-03
     vertex 2.2981636129e-02 -1.9003187817e-02 1.2180871849e-02
     vertex 1.0303218352e-02 -9.1060015433e-03 5.0014315302e-03
   endloop
 endfacet
 facet normal  -6.9401928097e-01 -5.7007553834e-01 4.3971708885e-01
   outer loop
     vertex 1.0303218352e-02 -9.1060015433e-03 5.0014315302e-03
     vertex 2.2981636129e-02 -1.9003187817e-02 1.2180871849e-02
     vertex 1.0303218352e-02 -6.8008546473e-03 7.9899618625e-03
   endloop
 endfacet
 facet normal  -6.9054884128e-01 -5.6047213301e-01 4.5717970857e-01
   outer loop
     vertex 2.2981636129e-02 -1.9003187817e-02 1.2180871849e-02
     vertex 2.2981636129e-02 -1.4130183176e-02 1.8154853751e-02
     vertex 1.0303218352e-02 -6.8008546473e-03 7.9899618625e-03
   endloop
 endfacet
 facet normal  -7.0240217994e-01 -3.8272748579e-01 6.0012569454e-01
   outer loop
     vertex 1.0303218352e-02 -6.8008546473e-03 7.9899618625e-03
     vertex 2.2981636129e-02 -1.4130183176e-02 1.8154853751e-02
     vertex 1.0303218352e-02 -3.6265250459e-03 1.0014376412e-02
   endloop
 endfacet
 facet normal  -6.9815812299e-01 -3.6568212991e-01 6.1550939486e-01
   outer loop
     vertex 2.2981636129e-02 -1.4130183176e-02 1.8154853751e-02
     vertex 2.2981636129e-02 -7.5273422096e-03 2.2077687372e-02
     vertex 1.0303218352e-02 -3.6265250459e-03 1.0014376412e-02
   endloop
 endfacet
 facet normal  -7.0380720418e-01 -1.2477133647e-01 6.9934793411e-01
   outer loop
     vertex 1.0303218352e-02 -3.6265250459e-03 1.0014376412e-02
     vertex 2.2981636129e-02 -7.5273422096e-03 2.2077687372e-02
     vertex 1.0303218352e-02 9.7144514655e-19 1.0661388228e-02
   endloop
 endfacet
 facet normal  -6.9831190592e-01 -1.0155502902e-01 7.0855279135e-01
   outer loop
     vertex 2.2981636129e-02 -7.5273422096e-03 2.2077687372e-02
     vertex 2.2981636129e-02 5.9847959921e-18 2.3156561756e-02
     vertex 1.0303218352e-02 9.7144514655e-19 1.0661388228e-02
   endloop
 endfacet
 facet normal  -6.9831190592e-01 1.0155502902e-01 7.0855279135e-01
   outer loop
     vertex 1.0303218352e-02 9.7144514655e-19 1.0661388228e-02
     vertex 2.2981636129e-02 5.9847959921e-18 2.3156561756e-02
     vertex 2.2981636129e-02 7.5273422096e-03 2.2077687372e-02
   endloop
 endfacet
 facet normal  -7.0380720418e-01 1.2477133647e-01 6.9934793411e-01
   outer loop
     vertex 1.0303218352e-02 9.7144514655e-19 1.0661388228e-02
     vertex 2.2981636129e-02 7.5273422096e-03 2.2077687372e-02
     vertex 1.0303218352e-02 3.6265250459e-03 1.0014376412e-02
   endloop
 endfacet
 facet normal  -6.9815812299e-01 3.6568212991e-01 6.1550939486e-01
   outer loop
     vertex 1.0303218352e-02 3.6265250459e-03 1.0014376412e-02
     vertex 2.2981636129e-02 7.5273422096e-03 2.2077687372e-02
     vertex 2.2981636129e-02 1.4130183176e-02 1.8154853751e-02
   endloop
 endfacet
 facet normal  -7.0240217994e-01 3.8272748579e-01 6.0012569454e-01
   outer loop
     vertex 1.0303218352e-02 3.6265250459e-03 1.0014376412e-02
     vertex 2.2981636129e-02 1.4130183176e-02 1.8154853751e-02
     vertex 1.0303218352e-02 6.8008546473e-03 7.9899618625e-03
   endloop
 endfacet
 facet normal  -6.9054884128e-01 5.6047213301e-01 4.5717970857e-01
   outer loop
     vertex 1.0303218352e-02 6.8008546473e-03 7.9899618625e-03
     vertex 2.2981636129e-02 1.4130183176e-02 1.8154853751e-02
     vertex 2.2981636129e-02 1.9003187817e-02 1.2180871849e-02
   endloop
 endfacet
 facet normal  -6.9401928097e-01 5.7007553834e-01 4.3971708885e-01
   outer loop
     vertex 1.0303218352e-02 6.8008546473e-03 7.9899618625e-03
     vertex 2.2981636129e-02 1.9003187817e-02 1.2180871849e-02
     vertex 1.0303218352e-02 9.1060015433e-03 5.0014315302e-03
   endloop
 endfacet
 facet normal  -6.8647728562e-01 6.6339300742e-01 2.9775603107e-01
   outer loop
     vertex 1.0303218352e-02 9.1060015433e-03 5.0014315302e-03
     vertex 2.2981636129e-02 1.9003187817e-02 1.2180871849e-02
     vertex 2.2981636129e-02 2.2100561756e-02 5.2800000000e-03
   endloop
 endfacet
 facet normal  -6.9678073907e-01 6.7460387960e-01 2.4373388623e-01
   outer loop
     vertex 1.0303218352e-02 9.1060015433e-03 5.0014315302e-03
     vertex 2.2981636129e-02 2.2100561756e-02 5.2800000000e-03
     vertex 1.0303218352e-02 1.0349388228e-02 1.5600000000e-03
   endloop
 endfacet
 facet normal  -5.7283645768e-01 8.0862570501e-01 -1.3410019366e-01
   outer loop
     vertex 2.2981636129e-02 2.2100561756e-02 5.2800000000e-03
     vertex 3.7507404730e-02 3.3127041171e-02 9.7200000000e-03
     vertex 2.2981636129e-02 2.0782277713e-02 -2.6692678894e-03
   endloop
 endfacet
 facet normal  -5.8110923363e-01 8.0483640663e-01 -1.2062511000e-01
   outer loop
     vertex 3.7507404730e-02 3.3127041171e-02 9.7200000000e-03
     vertex 3.7507404730e-02 3.1349722925e-02 -2.1386455989e-03
     vertex 2.2981636129e-02 2.0782277713e-02 -2.6692678894e-03
   endloop
 endfacet
 facet normal  -4.6663601799e-01 6.7039535351e-01 -5.7690631536e-01
   outer loop
     vertex 2.2981636129e-02 2.0782277713e-02 -2.6692678894e-03
     vertex 3.7507404730e-02 3.1349722925e-02 -2.1386455989e-03
     vertex 2.2981636129e-02 1.5520568895e-02 -8.7836491151e-03
   endloop
 endfacet
 facet normal  -4.4897664610e-01 6.6332931348e-01 -5.9867703575e-01
   outer loop
     vertex 3.7507404730e-02 3.1349722925e-02 -2.1386455989e-03
     vertex 3.7507404730e-02 2.3375773706e-02 -1.0973716840e-02
     vertex 2.2981636129e-02 1.5520568895e-02 -8.7836491151e-03
   endloop
 endfacet
 facet normal  -3.2323761757e-01 3.5292510059e-01 -8.7804402849e-01
   outer loop
     vertex 2.2981636129e-02 1.5520568895e-02 -8.7836491151e-03
     vertex 3.7507404730e-02 2.3375773706e-02 -1.0973716840e-02
     vertex 2.2981636129e-02 8.0305887072e-03 -1.1794206587e-02
   endloop
 endfacet
 facet normal  -2.7298028103e-01 3.0714936085e-01 -9.1166936786e-01
   outer loop
     vertex 3.7507404730e-02 2.3375773706e-02 -1.0973716840e-02
     vertex 3.7507404730e-02 1.2008349832e-02 -1.4803501080e-02
     vertex 2.2981636129e-02 8.0305887072e-03 -1.1794206587e-02
   endloop
 endfacet
 facet normal  -2.2726131151e-01 9.6816014421e-02 -9.6900926499e-01
   outer loop
     vertex 2.2981636129e-02 8.0305887072e-03 -1.1794206587e-02
     vertex 3.7507404730e-02 1.2008349832e-02 -1.4803501080e-02
     vertex 2.2981636129e-02 -8.0768725041e-18 -1.2596561756e-02
   endloop
 endfacet
 facet normal  -2.0402515334e-01 6.7304538355e-02 -9.7664929013e-01
   outer loop
     vertex 3.7507404730e-02 1.2008349832e-02 -1.4803501080e-02
     vertex 3.7507404730e-02 -1.3988810110e-17 -1.5631041171e-02
     vertex 2.2981636129e-02 -8.0768725041e-18 -1.2596561756e-02
   endloop
 endfacet
 facet normal  -2.0402515334e-01 -6.7304538355e-02 -9.7664929013e-01
   outer loop
     vertex 2.2981636129e-02 -8.0768725041e-18 -1.2596561756e-02
     vertex 3.7507404730e-02 -1.3988810110e-17 -1.5631041171e-02
     vertex 3.7507404730e-02 -1.2008349832e-02 -1.4803501080e-02
   endloop
 endfacet
 facet normal  -2.2726131151e-01 -9.6816014421e-02 -9.6900926499e-01
   outer loop
     vertex 2.2981636129e-02 -8.0768725041e-18 -1.2596561756e-02
     vertex 3.7507404730e-02 -1.2008349832e-02 -1.4803501080e-02
     vertex 2.2981636129e-02 -8.0305887072e-03 -1.1794206587e-02
   endloop
 endfacet
 facet normal  -2.7298028103e-01 -3.0714936085e-01 -9.1166936786e-01
   outer loop
     vertex 2.2981636129e-02 -8.0305887072e-03 -1.1794206587e-02
     vertex 3.7507404730e-02 -1.2008349832e-02 -1.4803501080e-02
     vertex 3.7507404730e-02 -2.3375773706e-02 -1.0973716840e-02
   endloop
 endfacet
 facet normal  -3.2323761757e-01 -3.5292510059e-01 -8.7804402849e-01
   outer loop
     vertex 2.2981636129e-02 -8.0305887072e-03 -1.1794206587e-02
     vertex 3.7507404730e-02 -2.3375773706e-02 -1.0973716840e-02
     vertex 2.2981636129e-02 -1.5520568895e-02 -8.7836491151e-03
   endloop
 endfacet
 facet normal  -4.4897664610e-01 -6.6332931348e-01 -5.9867703575e-01
   outer loop
     vertex 2.2981636129e-02 -1.5520568895e-02 -8.7836491151e-03
     vertex 3.7507404730e-02 -2.3375773706e-02 -1.0973716840e-02
     vertex 3.7507404730e-02 -3.1349722925e-02 -2.1386455989e-03
   endloop
 endfacet
 facet normal  -4.6663601799e-01 -6.7039535351e-01 -5.7690631536e-01
   outer loop
     vertex 2.2981636129e-02 -1.5520568895e-02 -8.7836491151e-03
     vertex 3.7507404730e-02 -3.1349722925e-02 -2.1386455989e-03
     vertex 2.2981636129e-02 -2.0782277713e-02 -2.6692678894e-03
   endloop
 endfacet
 facet normal  -5.8110923363e-01 -8.0483640663e-01 -1.2062511000e-01
   outer loop
     vertex 2.2981636129e-02 -2.0782277713e-02 -2.6692678894e-03
     vertex 3.7507404730e-02 -3.1349722925e-02 -2.1386455989e-03
     vertex 3.7507404730e-02 -3.3127041171e-02 9.7200000000e-03
   endloop
 endfacet
 facet normal  -5.7283645768e-01 -8.0862570501e-01 -1.3410019366e-01
   outer loop
     vertex 2.2981636129e-02 -2.0782277713e-02 -2.6692678894e-03
     vertex 3.7507404730e-02 -3.3127041171e-02 9.7200000000e-03
     vertex 2.2981636129e-02 -2.2100561756e-02 5.2800000000e-03
   endloop
 endfacet
 facet normal  -6.3301549982e-01 -7.0626087885e-01 3.1699676336e-01
   outer loop
     vertex 2.2981636129e-02 -2.2100561756e-02 5.2800000000e-03
     vertex 3.7507404730e-02 -3.3127041171e-02 9.7200000000e-03
     vertex 2.2981636129e-02 -1.9003187817e-02 1.2180871849e-02
   endloop
 endfacet
 facet normal  -6.1977569985e-01 -6.9942650766e-01 3.5592224186e-01
   outer loop
     vertex 3.7507404730e-02 -3.3127041171e-02 9.7200000000e-03
     vertex 3.7507404730e-02 -2.8074580162e-02 1.9648643797e-02
     vertex 2.2981636129e-02 -1.9003187817e-02 1.2180871849e-02
   endloop
 endfacet
 facet normal  -6.2889826528e-01 -6.0247298651e-01 4.9143999884e-01
   outer loop
     vertex 2.2981636129e-02 -1.9003187817e-02 1.2180871849e-02
     vertex 3.7507404730e-02 -2.8074580162e-02 1.9648643797e-02
     vertex 2.2981636129e-02 -1.4130183176e-02 1.8154853751e-02
   endloop
 endfacet
 facet normal  -6.2432051859e-01 -5.9629031334e-01 5.0464022063e-01
   outer loop
     vertex 3.7507404730e-02 -2.8074580162e-02 1.9648643797e-02
     vertex 3.7507404730e-02 -2.0816199998e-02 2.8225252646e-02
     vertex 2.2981636129e-02 -1.4130183176e-02 1.8154853751e-02
   endloop
 endfacet
 facet normal  -6.3918106465e-01 -3.9281046786e-01 6.6117131134e-01
   outer loop
     vertex 2.2981636129e-02 -1.4130183176e-02 1.8154853751e-02
     vertex 3.7507404730e-02 -2.0816199998e-02 2.8225252646e-02
     vertex 2.2981636129e-02 -7.5273422096e-03 2.2077687372e-02
   endloop
 endfacet
 facet normal  -6.3358223703e-01 -3.8107082569e-01 6.7331907349e-01
   outer loop
     vertex 3.7507404730e-02 -2.0816199998e-02 2.8225252646e-02
     vertex 3.7507404730e-02 -1.1081918779e-02 3.3734454342e-02
     vertex 2.2981636129e-02 -7.5273422096e-03 2.2077687372e-02
   endloop
 endfacet
 facet normal  -6.3825437336e-01 -1.0922094617e-01 7.6203814852e-01
   outer loop
     vertex 2.2981636129e-02 -7.5273422096e-03 2.2077687372e-02
     vertex 3.7507404730e-02 -1.1081918779e-02 3.3734454342e-02
     vertex 2.2981636129e-02 5.9847959921e-18 2.3156561756e-02
   endloop
 endfacet
 facet normal  -6.3144654958e-01 -9.2850203278e-02 7.6984030472e-01
   outer loop
     vertex 3.7507404730e-02 -1.1081918779e-02 3.3734454342e-02
     vertex 3.7507404730e-02 1.2594092436e-17 3.5071041171e-02
     vertex 2.2981636129e-02 5.9847959921e-18 2.3156561756e-02
   endloop
 endfacet
 facet normal  -6.3144654958e-01 9.2850203278e-02 7.6984030472e-01
   outer loop
     vertex 2.2981636129e-02 5.9847959921e-18 2.3156561756e-02
     vertex 3.7507404730e-02 1.2594092436e-17 3.5071041171e-02
     vertex 3.7507404730e-02 1.1081918779e-02 3.3734454342e-02
   endloop
 endfacet
 facet normal  -6.3825437336e-01 1.0922094617e-01 7.6203814852e-01
   outer loop
     vertex 2.2981636129e-02 5.9847959921e-18 2.3156561756e-02
     vertex 3.7507404730e-02 1.1081918779e-02 3.3734454342e-02
     vertex 2.2981636129e-02 7.5273422096e-03 2.2077687372e-02
   endloop
 endfacet
 facet normal  -6.3358223703e-01 3.8107082569e-01 6.7331907349e-01
   outer loop
     vertex 2.2981636129e-02 7.5273422096e-03 2.2077687372e-02
     vertex 3.7507404730e-02 1.1081918779e-02 3.3734454342e-02
     vertex 3.7507404730e-02 2.0816199998e-02 2.8225252646e-02
   endloop
 endfacet
 facet normal  -6.3918106465e-01 3.9281046786e-01 6.6117131134e-01
   outer loop
     vertex 2.2981636129e-02 7.5273422096e-03 2.2077687372e-02
     vertex 3.7507404730e-02 2.0816199998e-02 2.8225252646e-02
     vertex 2.2981636129e-02 1.4130183176e-02 1.8154853751e-02
   endloop
 endfacet
 facet normal  -6.2432051859e-01 5.9629031334e-01 5.0464022063e-01
   outer loop
     vertex 2.2981636129e-02 1.4130183176e-02 1.8154853751e-02
     vertex 3.7507404730e-02 2.0816199998e-02 2.8225252646e-02
     vertex 3.7507404730e-02 2.8074580162e-02 1.9648643797e-02
   endloop
 endfacet
 facet normal  -6.2889826528e-01 6.0247298651e-01 4.9143999884e-01
   outer loop
     vertex 2.2981636129e-02 1.4130183176e-02 1.8154853751e-02
     vertex 3.7507404730e-02 2.8074580162e-02 1.9648643797e-02
     vertex 2.2981636129e-02 1.9003187817e-02 1.2180871849e-02
   endloop
 endfacet
 facet normal  -6.1977569985e-01 6.9942650766e-01 3.5592224186e-01
   outer loop
     vertex 2.2981636129e-02 1.9003187817e-02 1.2180871849e-02
     vertex 3.7507404730e-02 2.8074580162e-02 1.9648643797e-02
     vertex 3.7507404730e-02 3.3127041171e-02 9.7200000000e-03
   endloop
 endfacet
 facet normal  -6.3301549982e-01 7.0626087885e-01 3.1699676336e-01
   outer loop
     vertex 2.2981636129e-02 1.9003187817e-02 1.2180871849e-02
     vertex 3.7507404730e-02 3.3127041171e-02 9.7200000000e-03
     vertex 2.2981636129e-02 2.2100561756e-02 5.2800000000e-03
   endloop
 endfacet
 facet normal  -4.2938805536e-01 8.9314461857e-01 -1.3386033109e-01
   outer loop
     vertex 3.7507404730e-02 3.3127041171e-02 9.7200000000e-03
     vertex 5.3352675554e-02 4.1302347057e-02 1.3440000000e-02
     vertex 3.7507404730e-02 3.1349722925e-02 -2.1386455989e-03
   endloop
 endfacet
 facet normal  -4.3658622861e-01 8.9091977897e-01 -1.2511759437e-01
   outer loop
     vertex 5.3352675554e-02 4.1302347057e-02 1.3440000000e-02
     vertex 5.3352675554e-02 3.9231792382e-02 -1.3037146825e-03
     vertex 3.7507404730e-02 3.1349722925e-02 -2.1386455989e-03
   endloop
 endfacet
 facet normal  -3.1677482258e-01 7.0412729872e-01 -6.3549859086e-01
   outer loop
     vertex 3.7507404730e-02 3.1349722925e-02 -2.1386455989e-03
     vertex 5.3352675554e-02 3.9231792382e-02 -1.3037146825e-03
     vertex 3.7507404730e-02 2.3375773706e-02 -1.0973716840e-02
   endloop
 endfacet
 facet normal  -3.0301913530e-01 6.9830725616e-01 -6.4849547387e-01
   outer loop
     vertex 5.3352675554e-02 3.9231792382e-02 -1.3037146825e-03
     vertex 5.3352675554e-02 2.9226283169e-02 -1.2077760094e-02
     vertex 3.7507404730e-02 2.3375773706e-02 -1.0973716840e-02
   endloop
 endfacet
 facet normal  -1.8088139862e-01 3.1400908804e-01 -9.3203015630e-01
   outer loop
     vertex 3.7507404730e-02 2.3375773706e-02 -1.0973716840e-02
     vertex 5.3352675554e-02 2.9226283169e-02 -1.2077760094e-02
     vertex 3.7507404730e-02 1.2008349832e-02 -1.4803501080e-02
   endloop
 endfacet
 facet normal  -1.4539529896e-01 2.8384577661e-01 -9.4778256058e-01
   outer loop
     vertex 5.3352675554e-02 2.9226283169e-02 -1.2077760094e-02
     vertex 5.3352675554e-02 1.4950713128e-02 -1.6353065880e-02
     vertex 3.7507404730e-02 1.2008349832e-02 -1.4803501080e-02
   endloop
 endfacet
 facet normal  -1.0966326220e-01 6.8336014907e-02 -9.9161694116e-01
   outer loop
     vertex 3.7507404730e-02 1.2008349832e-02 -1.4803501080e-02
     vertex 5.3352675554e-02 1.4950713128e-02 -1.6353065880e-02
     vertex 3.7507404730e-02 -1.3988810110e-17 -1.5631041171e-02
   endloop
 endfacet
 facet normal  -9.2837249843e-02 5.0368521329e-02 -9.9440648484e-01
   outer loop
     vertex 5.3352675554e-02 1.4950713128e-02 -1.6353065880e-02
     vertex 5.3352675554e-02 -1.8818280267e-17 -1.7110347057e-02
     vertex 3.7507404730e-02 -1.3988810110e-17 -1.5631041171e-02
   endloop
 endfacet
 facet normal  -9.2837249843e-02 -5.0368521329e-02 -9.9440648484e-01
   outer loop
     vertex 3.7507404730e-02 -1.3988810110e-17 -1.5631041171e-02
     vertex 5.3352675554e-02 -1.8818280267e-17 -1.7110347057e-02
     vertex 5.3352675554e-02 -1.4950713128e-02 -1.6353065880e-02
   endloop
 endfacet
 facet normal  -1.0966326220e-01 -6.8336014907e-02 -9.9161694116e-01
   outer loop
     vertex 3.7507404730e-02 -1.3988810110e-17 -1.5631041171e-02
     vertex 5.3352675554e-02 -1.4950713128e-02 -1.6353065880e-02
     vertex 3.7507404730e-02 -1.2008349832e-02 -1.4803501080e-02
   endloop
 endfacet
 facet normal  -1.4539529896e-01 -2.8384577661e-01 -9.4778256058e-01
   outer loop
     vertex 3.7507404730e-02 -1.2008349832e-02 -1.4803501080e-02
     vertex 5.3352675554e-02 -1.4950713128e-02 -1.6353065880e-02
     vertex 5.3352675554e-02 -2.9226283169e-02 -1.2077760094e-02
   endloop
 endfacet
 facet normal  -1.8088139862e-01 -3.1400908804e-01 -9.3203015630e-01
   outer loop
     vertex 3.7507404730e-02 -1.2008349832e-02 -1.4803501080e-02
     vertex 5.3352675554e-02 -2.9226283169e-02 -1.2077760094e-02
     vertex 3.7507404730e-02 -2.3375773706e-02 -1.0973716840e-02
   endloop
 endfacet
 facet normal  -3.0301913530e-01 -6.9830725616e-01 -6.4849547387e-01
   outer loop
     vertex 3.7507404730e-02 -2.3375773706e-02 -1.0973716840e-02
     vertex 5.3352675554e-02 -2.9226283169e-02 -1.2077760094e-02
     vertex 5.3352675554e-02 -3.9231792382e-02 -1.3037146825e-03
   endloop
 endfacet
 facet normal  -3.1677482258e-01 -7.0412729872e-01 -6.3549859086e-01
   outer loop
     vertex 3.7507404730e-02 -2.3375773706e-02 -1.0973716840e-02
     vertex 5.3352675554e-02 -3.9231792382e-02 -1.3037146825e-03
     vertex 3.7507404730e-02 -3.1349722925e-02 -2.1386455989e-03
   endloop
 endfacet
 facet normal  -4.3658622861e-01 -8.9091977897e-01 -1.2511759437e-01
   outer loop
     vertex 3.7507404730e-02 -3.1349722925e-02 -2.1386455989e-03
     vertex 5.3352675554e-02 -3.9231792382e-02 -1.3037146825e-03
     vertex 5.3352675554e-02 -4.1302347057e-02 1.3440000000e-02
   endloop
 endfacet
 facet normal  -4.2938805536e-01 -8.9314461857e-01 -1.3386033109e-01
   outer loop
     vertex 3.7507404730e-02 -3.1349722925e-02 -2.1386455989e-03
     vertex 5.3352675554e-02 -4.1302347057e-02 1.3440000000e-02
     vertex 3.7507404730e-02 -3.3127041171e-02 9.7200000000e-03
   endloop
 endfacet
 facet normal  -4.9277611065e-01 -7.7551803417e-01 3.9464348905e-01
   outer loop
     vertex 3.7507404730e-02 -3.3127041171e-02 9.7200000000e-03
     vertex 5.3352675554e-02 -4.1302347057e-02 1.3440000000e-02
     vertex 3.7507404730e-02 -2.8074580162e-02 1.9648643797e-02
   endloop
 endfacet
 facet normal  -4.7830168228e-01 -7.7062183466e-01 4.2115257173e-01
   outer loop
     vertex 5.3352675554e-02 -4.1302347057e-02 1.3440000000e-02
     vertex 5.3352675554e-02 -3.4703199918e-02 2.5515070215e-02
     vertex 3.7507404730e-02 -2.8074580162e-02 1.9648643797e-02
   endloop
 endfacet
 facet normal  -4.8760622235e-01 -6.6643694979e-01 5.6400528711e-01
   outer loop
     vertex 3.7507404730e-02 -2.8074580162e-02 1.9648643797e-02
     vertex 5.3352675554e-02 -3.4703199918e-02 2.5515070215e-02
     vertex 3.7507404730e-02 -2.0816199998e-02 2.8225252646e-02
   endloop
 endfacet
 facet normal  -4.8240766724e-01 -6.6231137625e-01 5.7325952542e-01
   outer loop
     vertex 5.3352675554e-02 -3.4703199918e-02 2.5515070215e-02
     vertex 5.3352675554e-02 -2.5687119523e-02 3.5931735530e-02
     vertex 3.7507404730e-02 -2.0816199998e-02 2.8225252646e-02
   endloop
 endfacet
 facet normal  -4.9826420868e-01 -4.2704995857e-01 7.5456021047e-01
   outer loop
     vertex 3.7507404730e-02 -2.0816199998e-02 2.8225252646e-02
     vertex 5.3352675554e-02 -2.5687119523e-02 3.5931735530e-02
     vertex 3.7507404730e-02 -1.1081918779e-02 3.3734454342e-02
   endloop
 endfacet
 facet normal  -4.9200335051e-01 -4.1896490972e-01 7.6315208675e-01
   outer loop
     vertex 5.3352675554e-02 -2.5687119523e-02 3.5931735530e-02
     vertex 5.3352675554e-02 -1.3669722043e-02 4.2529198785e-02
     vertex 3.7507404730e-02 -1.1081918779e-02 3.3734454342e-02
   endloop
 endfacet
 facet normal  -4.9559731035e-01 -1.0400212856e-01 8.6230323160e-01
   outer loop
     vertex 3.7507404730e-02 -1.1081918779e-02 3.3734454342e-02
     vertex 5.3352675554e-02 -1.3669722043e-02 4.2529198785e-02
     vertex 3.7507404730e-02 1.2594092436e-17 3.5071041171e-02
   endloop
 endfacet
 facet normal  -4.8841191982e-01 -9.2744778326e-02 8.6767056114e-01
   outer loop
     vertex 5.3352675554e-02 -1.3669722043e-02 4.2529198785e-02
     vertex 5.3352675554e-02 1.8353374376e-17 4.3990347057e-02
     vertex 3.7507404730e-02 1.2594092436e-17 3.5071041171e-02
   endloop
 endfacet
 facet normal  -4.8841191982e-01 9.2744778326e-02 8.6767056114e-01
   outer loop
     vertex 3.7507404730e-02 1.2594092436e-17 3.5071041171e-02
     vertex 5.3352675554e-02 1.8353374376e-17 4.3990347057e-02
     vertex 5.3352675554e-02 1.3669722043e-02 4.2529198785e-02
   endloop
 endfacet
 facet normal  -4.9559731035e-01 1.0400212856e-01 8.6230323160e-01
   outer loop
     vertex 3.7507404730e-02 1.2594092436e-17 3.5071041171e-02
     vertex 5.3352675554e-02 1.3669722043e-02 4.2529198785e-02
     vertex 3.7507404730e-02 1.1081918779e-02 3.3734454342e-02
   endloop
 endfacet
 facet normal  -4.9200335051e-01 4.1896490972e-01 7.6315208675e-01
   outer loop
     vertex 3.7507404730e-02 1.1081918779e-02 3.3734454342e-02
     vertex 5.3352675554e-02 1.3669722043e-02 4.2529198785e-02
     vertex 5.3352675554e-02 2.5687119523e-02 3.5931735530e-02
   endloop
 endfacet
 facet normal  -4.9826420868e-01 4.2704995857e-01 7.5456021047e-01
   outer loop
     vertex 3.7507404730e-02 1.1081918779e-02 3.3734454342e-02
     vertex 5.3352675554e-02 2.5687119523e-02 3.5931735530e-02
     vertex 3.7507404730e-02 2.0816199998e-02 2.8225252646e-02
   endloop
 endfacet
 facet normal  -4.8240766724e-01 6.6231137625e-01 5.7325952542e-01
   outer loop
     vertex 3.7507404730e-02 2.0816199998e-02 2.8225252646e-02
     vertex 5.3352675554e-02 2.5687119523e-02 3.5931735530e-02
     vertex 5.3352675554e-02 3.4703199918e-02 2.5515070215e-02
   endloop
 endfacet
 facet normal  -4.8760622235e-01 6.6643694979e-01 5.6400528711e-01
   outer loop
     vertex 3.7507404730e-02 2.0816199998e-02 2.8225252646e-02
     vertex 5.3352675554e-02 3.4703199918e-02 2.5515070215e-02
     vertex 3.7507404730e-02 2.8074580162e-02 1.9648643797e-02
   endloop
 endfacet
 facet normal  -4.7830168228e-01 7.7062183466e-01 4.2115257173e-01
   outer loop
     vertex 3.7507404730e-02 2.8074580162e-02 1.9648643797e-02
     vertex 5.3352675554e-02 3.4703199918e-02 2.5515070215e-02
     vertex 5.3352675554e-02 4.1302347057e-02 1.3440000000e-02
   endloop
 endfacet
 facet normal  -4.9277611065e-01 7.7551803417e-01 3.9464348905e-01
   outer loop
     vertex 3.7507404730e-02 2.8074580162e-02 1.9648643797e-02
     vertex 5.3352675554e-02 4.1302347057e-02 1.3440000000e-02
     vertex 3.7507404730e-02 3.3127041171e-02 9.7200000000e-03
   endloop
 endfacet
 facet normal  -1.7457158273e-01 9.7507601789e-01 -1.3693619624e-01
   outer loop
     vertex 5.3352675554e-02 4.1302347057e-02 1.3440000000e-02
     vertex 6.9989600000e-02 4.4500000000e-02 1.5000000000e-02
     vertex 5.3352675554e-02 3.9231792382e-02 -1.3037146825e-03
   endloop
 endfacet
 facet normal  -1.7785306710e-01 9.7495294793e-01 -1.3354787850e-01
   outer loop
     vertex 6.9989600000e-02 4.4500000000e-02 1.5000000000e-02
     vertex 6.9989600000e-02 4.2326301089e-02 -8.6887178857e-04
     vertex 5.3352675554e-02 3.9231792382e-02 -1.3037146825e-03
   endloop
 endfacet
 facet normal  -1.1768522195e-01 7.2766629921e-01 -6.7576027224e-01
   outer loop
     vertex 5.3352675554e-02 3.9231792382e-02 -1.3037146825e-03
     vertex 6.9989600000e-02 4.2326301089e-02 -8.6887178857e-04
     vertex 5.3352675554e-02 2.9226283169e-02 -1.2077760094e-02
   endloop
 endfacet
 facet normal  -1.1238294656e-01 7.2455443176e-01 -6.7999334463e-01
   outer loop
     vertex 6.9989600000e-02 4.2326301089e-02 -8.6887178857e-04
     vertex 6.9989600000e-02 3.1521115589e-02 -1.2382138943e-02
     vertex 5.3352675554e-02 2.9226283169e-02 -1.2077760094e-02
   endloop
 endfacet
 facet normal  -5.7006523902e-02 2.8642787287e-01 -9.5640437571e-01
   outer loop
     vertex 5.3352675554e-02 2.9226283169e-02 -1.2077760094e-02
     vertex 6.9989600000e-02 3.1521115589e-02 -1.2382138943e-02
     vertex 5.3352675554e-02 1.4950713128e-02 -1.6353065880e-02
   endloop
 endfacet
 facet normal  -4.4314570535e-02 2.7467044800e-01 -9.6051671710e-01
   outer loop
     vertex 6.9989600000e-02 3.1521115589e-02 -1.2382138943e-02
     vertex 6.9989600000e-02 1.6099896839e-02 -1.6792008118e-02
     vertex 5.3352675554e-02 1.4950713128e-02 -1.6353065880e-02
   endloop
 endfacet
 facet normal  -2.9830815327e-02 5.0564478401e-02 -9.9827519051e-01
   outer loop
     vertex 5.3352675554e-02 1.4950713128e-02 -1.6353065880e-02
     vertex 6.9989600000e-02 1.6099896839e-02 -1.6792008118e-02
     vertex 5.3352675554e-02 -1.8818280267e-17 -1.7110347057e-02
   endloop
 endfacet
 facet normal  -2.3391956730e-02 4.3920453960e-02 -9.9876113765e-01
   outer loop
     vertex 6.9989600000e-02 1.6099896839e-02 -1.6792008118e-02
     vertex 6.9989600000e-02 -2.0816681712e-17 -1.7500000000e-02
     vertex 5.3352675554e-02 -1.8818280267e-17 -1.7110347057e-02
   endloop
 endfacet
 facet normal  -2.3391956730e-02 -4.3920453960e-02 -9.9876113765e-01
   outer loop
     vertex 5.3352675554e-02 -1.8818280267e-17 -1.7110347057e-02
     vertex 6.9989600000e-02 -2.0816681712e-17 -1.7500000000e-02
     vertex 6.9989600000e-02 -1.6099896839e-02 -1.6792008118e-02
   endloop
 endfacet
 facet normal  -2.9830815327e-02 -5.0564478401e-02 -9.9827519051e-01
   outer loop
     vertex 5.3352675554e-02 -1.8818280267e-17 -1.7110347057e-02
     vertex 6.9989600000e-02 -1.6099896839e-02 -1.6792008118e-02
     vertex 5.3352675554e-02 -1.4950713128e-02 -1.6353065880e-02
   endloop
 endfacet
 facet normal  -4.4314570535e-02 -2.7467044800e-01 -9.6051671710e-01
   outer loop
     vertex 5.3352675554e-02 -1.4950713128e-02 -1.6353065880e-02
     vertex 6.9989600000e-02 -1.6099896839e-02 -1.6792008118e-02
     vertex 6.9989600000e-02 -3.1521115589e-02 -1.2382138943e-02
   endloop
 endfacet
 facet normal  -5.7006523902e-02 -2.8642787287e-01 -9.5640437571e-01
   outer loop
     vertex 5.3352675554e-02 -1.4950713128e-02 -1.6353065880e-02
     vertex 6.9989600000e-02 -3.1521115589e-02 -1.2382138943e-02
     vertex 5.3352675554e-02 -2.9226283169e-02 -1.2077760094e-02
   endloop
 endfacet
 facet normal  -1.1238294656e-01 -7.2455443176e-01 -6.7999334463e-01
   outer loop
     vertex 5.3352675554e-02 -2.9226283169e-02 -1.2077760094e-02
     vertex 6.9989600000e-02 -3.1521115589e-02 -1.2382138943e-02
     vertex 6.9989600000e-02 -4.2326301089e-02 -8.6887178857e-04
   endloop
 endfacet
 facet normal  -1.1768522195e-01 -7.2766629921e-01 -6.7576027224e-01
   outer loop
     vertex 5.3352675554e-02 -2.9226283169e-02 -1.2077760094e-02
     vertex 6.9989600000e-02 -4.2326301089e-02 -8.6887178857e-04
     vertex 5.3352675554e-02 -3.9231792382e-02 -1.3037146825e-03
   endloop
 endfacet
 facet normal  -1.7785306710e-01 -9.7495294793e-01 -1.3354787850e-01
   outer loop
     vertex 5.3352675554e-02 -3.9231792382e-02 -1.3037146825e-03
     vertex 6.9989600000e-02 -4.2326301089e-02 -8.6887178857e-04
     vertex 6.9989600000e-02 -4.4500000000e-02 1.5000000000e-02
   endloop
 endfacet
 facet normal  -1.7457158273e-01 -9.7507601789e-01 -1.3693619624e-01
   outer loop
     vertex 5.3352675554e-02 -3.9231792382e-02 -1.3037146825e-03
     vertex 6.9989600000e-02 -4.4500000000e-02 1.5000000000e-02
     vertex 5.3352675554e-02 -4.1302347057e-02 1.3440000000e-02
   endloop
 endfacet
 facet normal  -2.0891234983e-01 -8.5814320074e-01 4.6898387725e-01
   outer loop
     vertex 5.3352675554e-02 -4.1302347057e-02 1.3440000000e-02
     vertex 6.9989600000e-02 -4.4500000000e-02 1.5000000000e-02
     vertex 5.3352675554e-02 -3.4703199918e-02 2.5515070215e-02
   endloop
 endfacet
 facet normal  -2.0036361501e-01 -8.5455099082e-01 4.7916283857e-01
   outer loop
     vertex 6.9989600000e-02 -4.4500000000e-02 1.5000000000e-02
     vertex 6.9989600000e-02 -3.7272068428e-02 2.7890473946e-02
     vertex 5.3352675554e-02 -3.4703199918e-02 2.5515070215e-02
   endloop
 endfacet
 facet normal  -2.0569543834e-01 -7.3994051683e-01 6.4045094910e-01
   outer loop
     vertex 5.3352675554e-02 -3.4703199918e-02 2.5515070215e-02
     vertex 6.9989600000e-02 -3.7272068428e-02 2.7890473946e-02
     vertex 5.3352675554e-02 -2.5687119523e-02 3.5931735530e-02
   endloop
 endfacet
 facet normal  -2.0249911101e-01 -7.3778043533e-01 6.4395196970e-01
   outer loop
     vertex 6.9989600000e-02 -3.7272068428e-02 2.7890473946e-02
     vertex 6.9989600000e-02 -2.7571156162e-02 3.9004879385e-02
     vertex 5.3352675554e-02 -2.5687119523e-02 3.5931735530e-02
   endloop
 endfacet
 facet normal  -2.1152275516e-01 -4.7035167728e-01 8.5675400421e-01
   outer loop
     vertex 5.3352675554e-02 -2.5687119523e-02 3.5931735530e-02
     vertex 6.9989600000e-02 -2.7571156162e-02 3.9004879385e-02
     vertex 5.3352675554e-02 -1.3669722043e-02 4.2529198785e-02
   endloop
 endfacet
 facet normal  -2.0774928519e-01 -4.6658991894e-01 8.5972907479e-01
   outer loop
     vertex 6.9989600000e-02 -2.7571156162e-02 3.9004879385e-02
     vertex 6.9989600000e-02 -1.4670219289e-02 4.6006442164e-02
     vertex 5.3352675554e-02 -1.3669722043e-02 4.2529198785e-02
   endloop
 endfacet
 facet normal  -2.0946329715e-01 -1.0392620175e-01 9.7227798069e-01
   outer loop
     vertex 5.3352675554e-02 -1.3669722043e-02 4.2529198785e-02
     vertex 6.9989600000e-02 -1.4670219289e-02 4.6006442164e-02
     vertex 5.3352675554e-02 1.8353374376e-17 4.3990347057e-02
   endloop
 endfacet
 facet normal  -2.0539610803e-01 -9.9125757867e-02 9.7364599467e-01
   outer loop
     vertex 6.9989600000e-02 -1.4670219289e-02 4.6006442164e-02
     vertex 6.9989600000e-02 2.0816681712e-17 4.7500000000e-02
     vertex 5.3352675554e-02 1.8353374376e-17 4.3990347057e-02
   endloop
 endfacet
 facet normal  -2.0539610803e-01 9.9125757867e-02 9.7364599467e-01
   outer loop
     vertex 5.3352675554e-02 1.8353374376e-17 4.3990347057e-02
     vertex 6.9989600000e-02 2.0816681712e-17 4.7500000000e-02
     vertex 6.9989600000e-02 1.4670219289e-02 4.6006442164e-02
   endloop
 endfacet
 facet normal  -2.0946329715e-01 1.0392620175e-01 9.7227798069e-01
   outer loop
     vertex 5.3352675554e-02 1.8353374376e-17 4.3990347057e-02
     vertex 6.9989600000e-02 1.4670219289e-02 4.6006442164e-02
     vertex 5.3352675554e-02 1.3669722043e-02 4.2529198785e-02
   endloop
 endfacet
 facet normal  -2.0774928519e-01 4.6658991894e-01 8.5972907479e-01
   outer loop
     vertex 5.3352675554e-02 1.3669722043e-02 4.2529198785e-02
     vertex 6.9989600000e-02 1.4670219289e-02 4.6006442164e-02
     vertex 6.9989600000e-02 2.7571156162e-02 3.9004879385e-02
   endloop
 endfacet
 facet normal  -2.1152275516e-01 4.7035167728e-01 8.5675400421e-01
   outer loop
     vertex 5.3352675554e-02 1.3669722043e-02 4.2529198785e-02
     vertex 6.9989600000e-02 2.7571156162e-02 3.9004879385e-02
     vertex 5.3352675554e-02 2.5687119523e-02 3.5931735530e-02
   endloop
 endfacet
 facet normal  -2.0249911101e-01 7.3778043533e-01 6.4395196970e-01
   outer loop
     vertex 5.3352675554e-02 2.5687119523e-02 3.5931735530e-02
     vertex 6.9989600000e-02 2.7571156162e-02 3.9004879385e-02
     vertex 6.9989600000e-02 3.7272068428e-02 2.7890473946e-02
   endloop
 endfacet
 facet normal  -2.0569543834e-01 7.3994051683e-01 6.4045094910e-01
   outer loop
     vertex 5.3352675554e-02 2.5687119523e-02 3.5931735530e-02
     vertex 6.9989600000e-02 3.7272068428e-02 2.7890473946e-02
     vertex 5.3352675554e-02 3.4703199918e-02 2.5515070215e-02
   endloop
 endfacet
 facet normal  -2.0036361501e-01 8.5455099082e-01 4.7916283857e-01
   outer loop
     vertex 5.3352675554e-02 3.4703199918e-02 2.5515070215e-02
     vertex 6.9989600000e-02 3.7272068428e-02 2.7890473946e-02
     vertex 6.9989600000e-02 4.4500000000e-02 1.5000000000e-02
   endloop
 endfacet
 facet normal  -2.0891234983e-01 8.5814320074e-01 4.6898387725e-01
   outer loop
     vertex 5.3352675554e-02 3.4703199918e-02 2.5515070215e-02
     vertex 6.9989600000e-02 4.4500000000e-02 1.5000000000e-02
     vertex 5.3352675554e-02 4.1302347057e-02 1.3440000000e-02
   endloop
 endfacet
 facet normal  -5.3844101193e-02 9.8931117059e-01 -1.3551465052e-01
   outer loop
     vertex 6.9989600000e-02 4.4500000000e-02 1.5000000000e-02
     vertex 9.3352024569e-02 4.6008000000e-02 1.6726400000e-02
     vertex 6.9989600000e-02 4.2326301089e-02 -8.6887178857e-04
   endloop
 endfacet
 facet normal  -3.2390921575e-02 9.8604203641e-01 -1.6331543295e-01
   outer loop
     vertex 9.3352024569e-02 4.6008000000e-02 1.6726400000e-02
     vertex 9.3352024569e-02 4.3296970598e-02 3.5814315964e-04
     vertex 6.9989600000e-02 4.2326301089e-02 -8.6887178857e-04
   endloop
 endfacet
 facet normal  5.6454996022e-03 7.2916214912e-01 -6.8431768107e-01
   outer loop
     vertex 6.9989600000e-02 4.2326301089e-02 -8.6887178857e-04
     vertex 9.3352024569e-02 4.3296970598e-02 3.5814315964e-04
     vertex 6.9989600000e-02 3.1521115589e-02 -1.2382138943e-02
   endloop
 endfacet
 facet normal  -1.3052656106e-02 7.4610989955e-01 -6.6569485950e-01
   outer loop
     vertex 9.3352024569e-02 4.3296970598e-02 3.5814315964e-04
     vertex 9.3352024569e-02 3.2382814239e-02 -1.1874428549e-02
     vertex 6.9989600000e-02 3.1521115589e-02 -1.2382138943e-02
   endloop
 endfacet
 facet normal  1.0752884011e-02 2.7492464680e-01 -9.6140564491e-01
   outer loop
     vertex 6.9989600000e-02 3.1521115589e-02 -1.2382138943e-02
     vertex 9.3352024569e-02 3.2382814239e-02 -1.1874428549e-02
     vertex 6.9989600000e-02 1.6099896839e-02 -1.6792008118e-02
   endloop
 endfacet
 facet normal  -1.9780400105e-02 3.1495641626e-01 -9.4889999032e-01
   outer loop
     vertex 9.3352024569e-02 3.2382814239e-02 -1.1874428549e-02
     vertex 9.3352024569e-02 1.6689325202e-02 -1.7083370604e-02
     vertex 6.9989600000e-02 1.6099896839e-02 -1.6792008118e-02
   endloop
 endfacet
 facet normal  -1.3566530804e-02 4.3928432081e-02 -9.9894256196e-01
   outer loop
     vertex 6.9989600000e-02 1.6099896839e-02 -1.6792008118e-02
     vertex 9.3352024569e-02 1.6689325202e-02 -1.7083370604e-02
     vertex 6.9989600000e-02 -2.0816681712e-17 -1.7500000000e-02
   endloop
 endfacet
 facet normal  -1.9556449803e-02 5.2300825321e-02 -9.9843986746e-01
   outer loop
     vertex 9.3352024569e-02 1.6689325202e-02 -1.7083370604e-02
     vertex 9.3352024569e-02 -1.8651746814e-17 -1.7957600000e-02
     vertex 6.9989600000e-02 -2.0816681712e-17 -1.7500000000e-02
   endloop
 endfacet
 facet normal  -1.9556449803e-02 -5.2300825321e-02 -9.9843986746e-01
   outer loop
     vertex 6.9989600000e-02 -2.0816681712e-17 -1.7500000000e-02
     vertex 9.3352024569e-02 -1.8651746814e-17 -1.7957600000e-02
     vertex 9.3352024569e-02 -1.6689325202e-02 -1.7083370604e-02
   endloop
 endfacet
 facet normal  -1.3566530804e-02 -4.3928432081e-02 -9.9894256196e-01
   outer loop
     vertex 6.9989600000e-02 -2.0816681712e-17 -1.7500000000e-02
     vertex 9.3352024569e-02 -1.6689325202e-02 -1.7083370604e-02
     vertex 6.9989600000e-02 -1.6099896839e-02 -1.6792008118e-02
   endloop
 endfacet
 facet normal  -1.9780400105e-02 -3.1495641626e-01 -9.4889999032e-01
   outer loop
     vertex 6.9989600000e-02 -1.6099896839e-02 -1.6792008118e-02
     vertex 9.3352024569e-02 -1.6689325202e-02 -1.7083370604e-02
     vertex 9.3352024569e-02 -3.2382814239e-02 -1.1874428549e-02
   endloop
 endfacet
 facet normal  1.0752884011e-02 -2.7492464680e-01 -9.6140564491e-01
   outer loop
     vertex 6.9989600000e-02 -1.6099896839e-02 -1.6792008118e-02
     vertex 9.3352024569e-02 -3.2382814239e-02 -1.1874428549e-02
     vertex 6.9989600000e-02 -3.1521115589e-02 -1.2382138943e-02
   endloop
 endfacet
 facet normal  -1.3052656106e-02 -7.4610989955e-01 -6.6569485950e-01
   outer loop
     vertex 6.9989600000e-02 -3.1521115589e-02 -1.2382138943e-02
     vertex 9.3352024569e-02 -3.2382814239e-02 -1.1874428549e-02
     vertex 9.3352024569e-02 -4.3296970598e-02 3.5814315964e-04
   endloop
 endfacet
 facet normal  5.6454996022e-03 -7.2916214912e-01 -6.8431768107e-01
   outer loop
     vertex 6.9989600000e-02 -3.1521115589e-02 -1.2382138943e-02
     vertex 9.3352024569e-02 -4.3296970598e-02 3.5814315964e-04
     vertex 6.9989600000e-02 -4.2326301089e-02 -8.6887178857e-04
   endloop
 endfacet
 facet normal  -3.2390921575e-02 -9.8604203641e-01 -1.6331543295e-01
   outer loop
     vertex 6.9989600000e-02 -4.2326301089e-02 -8.6887178857e-04
     vertex 9.3352024569e-02 -4.3296970598e-02 3.5814315964e-04
     vertex 9.3352024569e-02 -4.6008000000e-02 1.6726400000e-02
   endloop
 endfacet
 facet normal  -5.3844101193e-02 -9.8931117059e-01 -1.3551465052e-01
   outer loop
     vertex 6.9989600000e-02 -4.2326301089e-02 -8.6887178857e-04
     vertex 9.3352024569e-02 -4.6008000000e-02 1.6726400000e-02
     vertex 6.9989600000e-02 -4.4500000000e-02 1.5000000000e-02
   endloop
 endfacet
 facet normal  -9.2050177769e-02 -8.6853538758e-01 4.8700415326e-01
   outer loop
     vertex 6.9989600000e-02 -4.4500000000e-02 1.5000000000e-02
     vertex 9.3352024569e-02 -4.6008000000e-02 1.6726400000e-02
     vertex 6.9989600000e-02 -3.7272068428e-02 2.7890473946e-02
   endloop
 endfacet
 facet normal  -9.7211603058e-02 -8.7232360905e-01 4.7916742933e-01
   outer loop
     vertex 9.3352024569e-02 -4.6008000000e-02 1.6726400000e-02
     vertex 9.3352024569e-02 -3.8554683491e-02 3.0295151878e-02
     vertex 6.9989600000e-02 -3.7272068428e-02 2.7890473946e-02
   endloop
 endfacet
 facet normal  -1.0840279140e-01 -7.4894912870e-01 6.5370026574e-01
   outer loop
     vertex 6.9989600000e-02 -3.7272068428e-02 2.7890473946e-02
     vertex 9.3352024569e-02 -3.8554683491e-02 3.0295151878e-02
     vertex 6.9989600000e-02 -2.7571156162e-02 3.9004879385e-02
   endloop
 endfacet
 facet normal  -1.2122030964e-01 -7.6214348236e-01 6.3595829173e-01
   outer loop
     vertex 9.3352024569e-02 -3.8554683491e-02 3.0295151878e-02
     vertex 9.3352024569e-02 -2.8665553701e-02 4.2146457088e-02
     vertex 6.9989600000e-02 -2.7571156162e-02 3.9004879385e-02
   endloop
 endfacet
 facet normal  -1.3916469652e-01 -4.7235544968e-01 8.7035252421e-01
   outer loop
     vertex 6.9989600000e-02 -2.7571156162e-02 3.9004879385e-02
     vertex 9.3352024569e-02 -2.8665553701e-02 4.2146457088e-02
     vertex 6.9989600000e-02 -1.4670219289e-02 4.6006442164e-02
   endloop
 endfacet
 facet normal  -1.5289147873e-01 -4.9165877702e-01 8.5726066206e-01
   outer loop
     vertex 9.3352024569e-02 -2.8665553701e-02 4.2146457088e-02
     vertex 9.3352024569e-02 -1.5354239504e-02 4.9780803032e-02
     vertex 6.9989600000e-02 -1.4670219289e-02 4.6006442164e-02
   endloop
 endfacet
 facet normal  -1.6154163435e-01 -9.9954977584e-02 9.8179086512e-01
   outer loop
     vertex 6.9989600000e-02 -1.4670219289e-02 4.6006442164e-02
     vertex 9.3352024569e-02 -1.5354239504e-02 4.9780803032e-02
     vertex 6.9989600000e-02 2.0816681712e-17 4.7500000000e-02
   endloop
 endfacet
 facet normal  -1.6418630195e-01 -1.0410834591e-01 9.8092013465e-01
   outer loop
     vertex 9.3352024569e-02 -1.5354239504e-02 4.9780803032e-02
     vertex 9.3352024569e-02 2.7311486406e-17 5.1410400000e-02
     vertex 6.9989600000e-02 2.0816681712e-17 4.7500000000e-02
   endloop
 endfacet
 facet normal  -1.6418630195e-01 1.0410834591e-01 9.8092013465e-01
   outer loop
     vertex 6.9989600000e-02 2.0816681712e-17 4.7500000000e-02
     vertex 9.3352024569e-02 2.7311486406e-17 5.1410400000e-02
     vertex 9.3352024569e-02 1.5354239504e-02 4.9780803032e-02
   endloop
 endfacet
 facet normal  -1.6154163435e-01 9.9954977584e-02 9.8179086512e-01
   outer loop
     vertex 6.9989600000e-02 2.0816681712e-17 4.7500000000e-02
     vertex 9.3352024569e-02 1.5354239504e-02 4.9780803032e-02
     vertex 6.9989600000e-02 1.4670219289e-02 4.6006442164e-02
   endloop
 endfacet
 facet normal  -1.5289147873e-01 4.9165877702e-01 8.5726066206e-01
   outer loop
     vertex 6.9989600000e-02 1.4670219289e-02 4.6006442164e-02
     vertex 9.3352024569e-02 1.5354239504e-02 4.9780803032e-02
     vertex 9.3352024569e-02 2.8665553701e-02 4.2146457088e-02
   endloop
 endfacet
 facet normal  -1.3916469652e-01 4.7235544968e-01 8.7035252421e-01
   outer loop
     vertex 6.9989600000e-02 1.4670219289e-02 4.6006442164e-02
     vertex 9.3352024569e-02 2.8665553701e-02 4.2146457088e-02
     vertex 6.9989600000e-02 2.7571156162e-02 3.9004879385e-02
   endloop
 endfacet
 facet normal  -1.2122030964e-01 7.6214348236e-01 6.3595829173e-01
   outer loop
     vertex 6.9989600000e-02 2.7571156162e-02 3.9004879385e-02
     vertex 9.3352024569e-02 2.8665553701e-02 4.2146457088e-02
     vertex 9.3352024569e-02 3.8554683491e-02 3.0295151878e-02
   endloop
 endfacet
 facet normal  -1.0840279140e-01 7.4894912870e-01 6.5370026574e-01
   outer loop
     vertex 6.9989600000e-02 2.7571156162e-02 3.9004879385e-02
     vertex 9.3352024569e-02 3.8554683491e-02 3.0295151878e-02
     vertex 6.9989600000e-02 3.7272068428e-02 2.7890473946e-02
   endloop
 endfacet
 facet normal  -9.7211603058e-02 8.7232360905e-01 4.7916742933e-01
   outer loop
     vertex 6.9989600000e-02 3.7272068428e-02 2.7890473946e-02
     vertex 9.3352024569e-02 3.8554683491e-02 3.0295151878e-02
     vertex 9.3352024569e-02 4.6008000000e-02 1.6726400000e-02
   endloop
 endfacet
 facet normal  -9.2050177769e-02 8.6853538758e-01 4.8700415326e-01
   outer loop
     vertex 6.9989600000e-02 3.7272068428e-02 2.7890473946e-02
     vertex 9.3352024569e-02 4.6008000000e-02 1.6726400000e-02
     vertex 6.9989600000e-02 4.4500000000e-02 1.5000000000e-02
   endloop
 endfacet
 facet normal  -8.7590542172e-02 9.8276792692e-01 -1.6277315119e-01
   outer loop
     vertex 9.3352024569e-02 4.6008000000e-02 1.6726400000e-02
     vertex 1.2604880764e-01 4.9604000000e-02 2.0843200000e-02
     vertex 9.3352024569e-02 4.3296970598e-02 3.5814315964e-04
   endloop
 endfacet
 facet normal  -4.9130719825e-02 9.7393543926e-01 -2.2144058464e-01
   outer loop
     vertex 1.2604880764e-01 4.9604000000e-02 2.0843200000e-02
     vertex 1.2604880764e-01 4.5611644043e-02 3.2841018823e-03
     vertex 9.3352024569e-02 4.3296970598e-02 3.5814315964e-04
   endloop
 endfacet
 facet normal  6.7532235365e-03 7.4615645053e-01 -6.6573639325e-01
   outer loop
     vertex 9.3352024569e-02 4.3296970598e-02 3.5814315964e-04
     vertex 1.2604880764e-01 4.5611644043e-02 3.2841018823e-03
     vertex 9.3352024569e-02 3.2382814239e-02 -1.1874428549e-02
   endloop
 endfacet
 facet normal  -2.5886742284e-02 7.8017744497e-01 -6.2502242435e-01
   outer loop
     vertex 1.2604880764e-01 4.5611644043e-02 3.2841018823e-03
     vertex 1.2604880764e-01 3.4437634095e-02 -1.0663734533e-02
     vertex 9.3352024569e-02 3.2382814239e-02 -1.1874428549e-02
   endloop
 endfacet
 facet normal  1.5343648396e-02 3.1498096579e-01 -9.4897395309e-01
   outer loop
     vertex 9.3352024569e-02 3.2382814239e-02 -1.1874428549e-02
     vertex 1.2604880764e-01 3.4437634095e-02 -1.0663734533e-02
     vertex 9.3352024569e-02 1.6689325202e-02 -1.7083370604e-02
   endloop
 endfacet
 facet normal  -3.6617089365e-02 3.9887741050e-01 -9.1627288520e-01
   outer loop
     vertex 1.2604880764e-01 3.4437634095e-02 -1.0663734533e-02
     vertex 1.2604880764e-01 1.8094885143e-02 -1.7778158072e-02
     vertex 9.3352024569e-02 1.6689325202e-02 -1.7083370604e-02
   endloop
 endfacet
 facet normal  -2.3462582317e-02 5.2296429190e-02 -9.9835594390e-01
   outer loop
     vertex 9.3352024569e-02 1.6689325202e-02 -1.7083370604e-02
     vertex 1.2604880764e-01 1.8094885143e-02 -1.7778158072e-02
     vertex 9.3352024569e-02 -1.8651746814e-17 -1.7957600000e-02
   endloop
 endfacet
 facet normal  -3.3272901667e-02 7.0009777305e-02 -9.9699124625e-01
   outer loop
     vertex 1.2604880764e-01 1.8094885143e-02 -1.7778158072e-02
     vertex 1.2604880764e-01 -1.3489209749e-17 -1.9048800000e-02
     vertex 9.3352024569e-02 -1.8651746814e-17 -1.7957600000e-02
   endloop
 endfacet
 facet normal  -3.3272901667e-02 -7.0009777305e-02 -9.9699124625e-01
   outer loop
     vertex 9.3352024569e-02 -1.8651746814e-17 -1.7957600000e-02
     vertex 1.2604880764e-01 -1.3489209749e-17 -1.9048800000e-02
     vertex 1.2604880764e-01 -1.8094885143e-02 -1.7778158072e-02
   endloop
 endfacet
 facet normal  -2.3462582317e-02 -5.2296429190e-02 -9.9835594390e-01
   outer loop
     vertex 9.3352024569e-02 -1.8651746814e-17 -1.7957600000e-02
     vertex 1.2604880764e-01 -1.8094885143e-02 -1.7778158072e-02
     vertex 9.3352024569e-02 -1.6689325202e-02 -1.7083370604e-02
   endloop
 endfacet
 facet normal  -3.6617089365e-02 -3.9887741050e-01 -9.1627288520e-01
   outer loop
     vertex 9.3352024569e-02 -1.6689325202e-02 -1.7083370604e-02
     vertex 1.2604880764e-01 -1.8094885143e-02 -1.7778158072e-02
     vertex 1.2604880764e-01 -3.4437634095e-02 -1.0663734533e-02
   endloop
 endfacet
 facet normal  1.5343648396e-02 -3.1498096579e-01 -9.4897395309e-01
   outer loop
     vertex 9.3352024569e-02 -1.6689325202e-02 -1.7083370604e-02
     vertex 1.2604880764e-01 -3.4437634095e-02 -1.0663734533e-02
     vertex 9.3352024569e-02 -3.2382814239e-02 -1.1874428549e-02
   endloop
 endfacet
 facet normal  -2.5886742284e-02 -7.8017744497e-01 -6.2502242435e-01
   outer loop
     vertex 9.3352024569e-02 -3.2382814239e-02 -1.1874428549e-02
     vertex 1.2604880764e-01 -3.4437634095e-02 -1.0663734533e-02
     vertex 1.2604880764e-01 -4.5611644043e-02 3.2841018823e-03
   endloop
 endfacet
 facet normal  6.7532235365e-03 -7.4615645053e-01 -6.6573639325e-01
   outer loop
     vertex 9.3352024569e-02 -3.2382814239e-02 -1.1874428549e-02
     vertex 1.2604880764e-01 -4.5611644043e-02 3.2841018823e-03
     vertex 9.3352024569e-02 -4.3296970598e-02 3.5814315964e-04
   endloop
 endfacet
 facet normal  -4.9130719825e-02 -9.7393543926e-01 -2.2144058464e-01
   outer loop
     vertex 9.3352024569e-02 -4.3296970598e-02 3.5814315964e-04
     vertex 1.2604880764e-01 -4.5611644043e-02 3.2841018823e-03
     vertex 1.2604880764e-01 -4.9604000000e-02 2.0843200000e-02
   endloop
 endfacet
 facet normal  -8.7590542172e-02 -9.8276792692e-01 -1.6277315119e-01
   outer loop
     vertex 9.3352024569e-02 -4.3296970598e-02 3.5814315964e-04
     vertex 1.2604880764e-01 -4.9604000000e-02 2.0843200000e-02
     vertex 9.3352024569e-02 -4.6008000000e-02 1.6726400000e-02
   endloop
 endfacet
 facet normal  -1.5511285503e-01 -8.6586663727e-01 4.7562061421e-01
   outer loop
     vertex 9.3352024569e-02 -4.6008000000e-02 1.6726400000e-02
     vertex 1.2604880764e-01 -4.9604000000e-02 2.0843200000e-02
     vertex 9.3352024569e-02 -3.8554683491e-02 3.0295151878e-02
   endloop
 endfacet
 facet normal  -1.6226764207e-01 -8.7323654702e-01 4.5948574002e-01
   outer loop
     vertex 1.2604880764e-01 -4.9604000000e-02 2.0843200000e-02
     vertex 1.2604880764e-01 -4.1613227101e-02 3.6029383872e-02
     vertex 9.3352024569e-02 -3.8554683491e-02 3.0295151878e-02
   endloop
 endfacet
 facet normal  -1.8113623953e-01 -7.5510453662e-01 6.3008475740e-01
   outer loop
     vertex 9.3352024569e-02 -3.8554683491e-02 3.0295151878e-02
     vertex 1.2604880764e-01 -4.1613227101e-02 3.6029383872e-02
     vertex 9.3352024569e-02 -2.8665553701e-02 4.2146457088e-02
   endloop
 endfacet
 facet normal  -1.9814585786e-01 -7.8050132928e-01 5.9292149060e-01
   outer loop
     vertex 1.2604880764e-01 -4.1613227101e-02 3.6029383872e-02
     vertex 1.2604880764e-01 -3.1275270907e-02 4.9637911610e-02
     vertex 9.3352024569e-02 -2.8665553701e-02 4.2146457088e-02
   endloop
 endfacet
 facet normal  -2.3195665436e-01 -4.8393901471e-01 8.4380041511e-01
   outer loop
     vertex 9.3352024569e-02 -2.8665553701e-02 4.2146457088e-02
     vertex 1.2604880764e-01 -3.1275270907e-02 4.9637911610e-02
     vertex 9.3352024569e-02 -1.5354239504e-02 4.9780803032e-02
   endloop
 endfacet
 facet normal  -2.5050400187e-01 -5.2177519684e-01 8.1547433375e-01
   outer loop
     vertex 1.2604880764e-01 -3.1275270907e-02 4.9637911610e-02
     vertex 1.2604880764e-01 -1.6985364633e-02 5.8781202025e-02
     vertex 9.3352024569e-02 -1.5354239504e-02 4.9780803032e-02
   endloop
 endfacet
 facet normal  -2.6873331918e-01 -1.0165824954e-01 9.5783506068e-01
   outer loop
     vertex 9.3352024569e-02 -1.5354239504e-02 4.9780803032e-02
     vertex 1.2604880764e-01 -1.6985364633e-02 5.8781202025e-02
     vertex 9.3352024569e-02 2.7311486406e-17 5.1410400000e-02
   endloop
 endfacet
 facet normal  -2.7259205781e-01 -1.0995827883e-01 9.5582568857e-01
   outer loop
     vertex 1.2604880764e-01 -1.6985364633e-02 5.8781202025e-02
     vertex 1.2604880764e-01 4.2799097599e-17 6.0735200000e-02
     vertex 9.3352024569e-02 2.7311486406e-17 5.1410400000e-02
   endloop
 endfacet
 facet normal  -2.7259205781e-01 1.0995827883e-01 9.5582568857e-01
   outer loop
     vertex 9.3352024569e-02 2.7311486406e-17 5.1410400000e-02
     vertex 1.2604880764e-01 4.2799097599e-17 6.0735200000e-02
     vertex 1.2604880764e-01 1.6985364633e-02 5.8781202025e-02
   endloop
 endfacet
 facet normal  -2.6873331918e-01 1.0165824954e-01 9.5783506068e-01
   outer loop
     vertex 9.3352024569e-02 2.7311486406e-17 5.1410400000e-02
     vertex 1.2604880764e-01 1.6985364633e-02 5.8781202025e-02
     vertex 9.3352024569e-02 1.5354239504e-02 4.9780803032e-02
   endloop
 endfacet
 facet normal  -2.5050400187e-01 5.2177519684e-01 8.1547433375e-01
   outer loop
     vertex 9.3352024569e-02 1.5354239504e-02 4.9780803032e-02
     vertex 1.2604880764e-01 1.6985364633e-02 5.8781202025e-02
     vertex 1.2604880764e-01 3.1275270907e-02 4.9637911610e-02
   endloop
 endfacet
 facet normal  -2.3195665436e-01 4.8393901471e-01 8.4380041511e-01
   outer loop
     vertex 9.3352024569e-02 1.5354239504e-02 4.9780803032e-02
     vertex 1.2604880764e-01 3.1275270907e-02 4.9637911610e-02
     vertex 9.3352024569e-02 2.8665553701e-02 4.2146457088e-02
   endloop
 endfacet
 facet normal  -1.9814585786e-01 7.8050132928e-01 5.9292149060e-01
   outer loop
     vertex 9.3352024569e-02 2.8665553701e-02 4.2146457088e-02
     vertex 1.2604880764e-01 3.1275270907e-02 4.9637911610e-02
     vertex 1.2604880764e-01 4.1613227101e-02 3.6029383872e-02
   endloop
 endfacet
 facet normal  -1.8113623953e-01 7.5510453662e-01 6.3008475740e-01
   outer loop
     vertex 9.3352024569e-02 2.8665553701e-02 4.2146457088e-02
     vertex 1.2604880764e-01 4.1613227101e-02 3.6029383872e-02
     vertex 9.3352024569e-02 3.8554683491e-02 3.0295151878e-02
   endloop
 endfacet
 facet normal  -1.6226764207e-01 8.7323654702e-01 4.5948574002e-01
   outer loop
     vertex 9.3352024569e-02 3.8554683491e-02 3.0295151878e-02
     vertex 1.2604880764e-01 4.1613227101e-02 3.6029383872e-02
     vertex 1.2604880764e-01 4.9604000000e-02 2.0843200000e-02
   endloop
 endfacet
 facet normal  -1.5511285503e-01 8.6586663727e-01 4.7562061421e-01
   outer loop
     vertex 9.3352024569e-02 3.8554683491e-02 3.0295151878e-02
     vertex 1.2604880764e-01 4.9604000000e-02 2.0843200000e-02
     vertex 9.3352024569e-02 4.6008000000e-02 1.6726400000e-02
   endloop
 endfacet
 facet normal  -8.4476640246e-02 9.7162744713e-01 -2.2091582385e-01
   outer loop
     vertex 1.2604880764e-01 4.9604000000e-02 2.0843200000e-02
     vertex 1.6256461842e-01 5.3896000000e-02 2.5756800000e-02
     vertex 1.2604880764e-01 4.5611644043e-02 3.2841018823e-03
   endloop
 endfacet
 facet normal  -4.5882186265e-02 9.5918267744e-01 -2.7904016967e-01
   outer loop
     vertex 1.6256461842e-01 5.3896000000e-02 2.5756800000e-02
     vertex 1.6256461842e-01 4.8374318800e-02 6.7763751964e-03
     vertex 1.2604880764e-01 4.5611644043e-02 3.2841018823e-03
   endloop
 endfacet
 facet normal  7.4986062220e-04 7.8043876460e-01 -6.2523177496e-01
   outer loop
     vertex 1.2604880764e-01 4.5611644043e-02 3.2841018823e-03
     vertex 1.6256461842e-01 4.8374318800e-02 6.7763751964e-03
     vertex 1.2604880764e-01 3.4437634095e-02 -1.0663734533e-02
   endloop
 endfacet
 facet normal  -3.1462425096e-02 8.1190943731e-01 -5.8293497186e-01
   outer loop
     vertex 1.6256461842e-01 4.8374318800e-02 6.7763751964e-03
     vertex 1.6256461842e-01 3.6890161021e-02 -9.2187126436e-03
     vertex 1.2604880764e-01 3.4437634095e-02 -1.0663734533e-02
   endloop
 endfacet
 facet normal  9.4751640709e-03 3.9912717160e-01 -9.1684661867e-01
   outer loop
     vertex 1.2604880764e-01 3.4437634095e-02 -1.0663734533e-02
     vertex 1.6256461842e-01 3.6890161021e-02 -9.2187126436e-03
     vertex 1.2604880764e-01 1.8094885143e-02 -1.7778158072e-02
   endloop
 endfacet
 facet normal  -4.1967568859e-02 4.8047183122e-01 -8.7600544665e-01
   outer loop
     vertex 1.6256461842e-01 3.6890161021e-02 -9.2187126436e-03
     vertex 1.6256461842e-01 1.9772488945e-02 -1.8607420534e-02
     vertex 1.2604880764e-01 1.8094885143e-02 -1.7778158072e-02
   endloop
 endfacet
 facet normal  -2.5863403651e-02 7.0025130725e-02 -9.9720989035e-01
   outer loop
     vertex 1.2604880764e-01 1.8094885143e-02 -1.7778158072e-02
     vertex 1.6256461842e-01 1.9772488945e-02 -1.8607420534e-02
     vertex 1.2604880764e-01 -1.3489209749e-17 -1.9048800000e-02
   endloop
 endfacet
 facet normal  -3.5506437499e-02 8.7795827885e-02 -9.9550549245e-01
   outer loop
     vertex 1.6256461842e-01 1.9772488945e-02 -1.8607420534e-02
     vertex 1.6256461842e-01 -7.3274719625e-18 -2.0351200000e-02
     vertex 1.2604880764e-01 -1.3489209749e-17 -1.9048800000e-02
   endloop
 endfacet
 facet normal  -3.5506437499e-02 -8.7795827885e-02 -9.9550549245e-01
   outer loop
     vertex 1.2604880764e-01 -1.3489209749e-17 -1.9048800000e-02
     vertex 1.6256461842e-01 -7.3274719625e-18 -2.0351200000e-02
     vertex 1.6256461842e-01 -1.9772488945e-02 -1.8607420534e-02
   endloop
 endfacet
 facet normal  -2.5863403651e-02 -7.0025130725e-02 -9.9720989035e-01
   outer loop
     vertex 1.2604880764e-01 -1.3489209749e-17 -1.9048800000e-02
     vertex 1.6256461842e-01 -1.9772488945e-02 -1.8607420534e-02
     vertex 1.2604880764e-01 -1.8094885143e-02 -1.7778158072e-02
   endloop
 endfacet
 facet normal  -4.1967568859e-02 -4.8047183122e-01 -8.7600544665e-01
   outer loop
     vertex 1.2604880764e-01 -1.8094885143e-02 -1.7778158072e-02
     vertex 1.6256461842e-01 -1.9772488945e-02 -1.8607420534e-02
     vertex 1.6256461842e-01 -3.6890161021e-02 -9.2187126436e-03
   endloop
 endfacet
 facet normal  9.4751640709e-03 -3.9912717160e-01 -9.1684661867e-01
   outer loop
     vertex 1.2604880764e-01 -1.8094885143e-02 -1.7778158072e-02
     vertex 1.6256461842e-01 -3.6890161021e-02 -9.2187126436e-03
     vertex 1.2604880764e-01 -3.4437634095e-02 -1.0663734533e-02
   endloop
 endfacet
 facet normal  -3.1462425096e-02 -8.1190943731e-01 -5.8293497186e-01
   outer loop
     vertex 1.2604880764e-01 -3.4437634095e-02 -1.0663734533e-02
     vertex 1.6256461842e-01 -3.6890161021e-02 -9.2187126436e-03
     vertex 1.6256461842e-01 -4.8374318800e-02 6.7763751964e-03
   endloop
 endfacet
 facet normal  7.4986062220e-04 -7.8043876460e-01 -6.2523177496e-01
   outer loop
     vertex 1.2604880764e-01 -3.4437634095e-02 -1.0663734533e-02
     vertex 1.6256461842e-01 -4.8374318800e-02 6.7763751964e-03
     vertex 1.2604880764e-01 -4.5611644043e-02 3.2841018823e-03
   endloop
 endfacet
 facet normal  -4.5882186265e-02 -9.5918267744e-01 -2.7904016967e-01
   outer loop
     vertex 1.2604880764e-01 -4.5611644043e-02 3.2841018823e-03
     vertex 1.6256461842e-01 -4.8374318800e-02 6.7763751964e-03
     vertex 1.6256461842e-01 -5.3896000000e-02 2.5756800000e-02
   endloop
 endfacet
 facet normal  -8.4476640246e-02 -9.7162744713e-01 -2.2091582385e-01
   outer loop
     vertex 1.2604880764e-01 -4.5611644043e-02 3.2841018823e-03
     vertex 1.6256461842e-01 -5.3896000000e-02 2.5756800000e-02
     vertex 1.2604880764e-01 -4.9604000000e-02 2.0843200000e-02
   endloop
 endfacet
 facet normal  -1.6440832558e-01 -8.7292290220e-01 4.5932070418e-01
   outer loop
     vertex 1.2604880764e-01 -4.9604000000e-02 2.0843200000e-02
     vertex 1.6256461842e-01 -5.3896000000e-02 2.5756800000e-02
     vertex 1.2604880764e-01 -4.1613227101e-02 3.6029383872e-02
   endloop
 endfacet
 facet normal  -1.7109917344e-01 -8.7971291774e-01 4.4365555920e-01
   outer loop
     vertex 1.6256461842e-01 -5.3896000000e-02 2.5756800000e-02
     vertex 1.6256461842e-01 -4.5263746894e-02 4.2873467218e-02
     vertex 1.2604880764e-01 -4.1613227101e-02 3.6029383872e-02
   endloop
 endfacet
 facet normal  -1.8948761624e-01 -7.8186343483e-01 5.9395623792e-01
   outer loop
     vertex 1.2604880764e-01 -4.1613227101e-02 3.6029383872e-02
     vertex 1.6256461842e-01 -4.5263746894e-02 4.2873467218e-02
     vertex 1.2604880764e-01 -3.1275270907e-02 4.9637911610e-02
   endloop
 endfacet
 facet normal  -2.0506265416e-01 -8.0471088387e-01 5.5712628842e-01
   outer loop
     vertex 1.6256461842e-01 -4.5263746894e-02 4.2873467218e-02
     vertex 1.6256461842e-01 -3.4390094669e-02 5.8579325072e-02
     vertex 1.2604880764e-01 -3.1275270907e-02 4.9637911610e-02
   endloop
 endfacet
 facet normal  -2.4457058652e-01 -5.2259222031e-01 8.1675124701e-01
   outer loop
     vertex 1.2604880764e-01 -3.1275270907e-02 4.9637911610e-02
     vertex 1.6256461842e-01 -3.4390094669e-02 5.8579325072e-02
     vertex 1.2604880764e-01 -1.6985364633e-02 5.8781202025e-02
   endloop
 endfacet
 facet normal  -2.6148144430e-01 -5.5773554522e-01 7.8775536551e-01
   outer loop
     vertex 1.6256461842e-01 -3.4390094669e-02 5.8579325072e-02
     vertex 1.6256461842e-01 -1.8932191399e-02 6.9523613726e-02
     vertex 1.2604880764e-01 -1.6985364633e-02 5.8781202025e-02
   endloop
 endfacet
 facet normal  -2.8589768625e-01 -1.0951604140e-01 9.5198148599e-01
   outer loop
     vertex 1.2604880764e-01 -1.6985364633e-02 5.8781202025e-02
     vertex 1.6256461842e-01 -1.8932191399e-02 6.9523613726e-02
     vertex 1.2604880764e-01 4.2799097599e-17 6.0735200000e-02
   endloop
 endfacet
 facet normal  -2.8952884472e-01 -1.1747036342e-01 9.4993355652e-01
   outer loop
     vertex 1.6256461842e-01 -1.8932191399e-02 6.9523613726e-02
     vertex 1.6256461842e-01 6.1284310959e-17 7.1864800000e-02
     vertex 1.2604880764e-01 4.2799097599e-17 6.0735200000e-02
   endloop
 endfacet
 facet normal  -2.8952884472e-01 1.1747036342e-01 9.4993355652e-01
   outer loop
     vertex 1.2604880764e-01 4.2799097599e-17 6.0735200000e-02
     vertex 1.6256461842e-01 6.1284310959e-17 7.1864800000e-02
     vertex 1.6256461842e-01 1.8932191399e-02 6.9523613726e-02
   endloop
 endfacet
 facet normal  -2.8589768625e-01 1.0951604140e-01 9.5198148599e-01
   outer loop
     vertex 1.2604880764e-01 4.2799097599e-17 6.0735200000e-02
     vertex 1.6256461842e-01 1.8932191399e-02 6.9523613726e-02
     vertex 1.2604880764e-01 1.6985364633e-02 5.8781202025e-02
   endloop
 endfacet
 facet normal  -2.6148144430e-01 5.5773554522e-01 7.8775536551e-01
   outer loop
     vertex 1.2604880764e-01 1.6985364633e-02 5.8781202025e-02
     vertex 1.6256461842e-01 1.8932191399e-02 6.9523613726e-02
     vertex 1.6256461842e-01 3.4390094669e-02 5.8579325072e-02
   endloop
 endfacet
 facet normal  -2.4457058652e-01 5.2259222031e-01 8.1675124701e-01
   outer loop
     vertex 1.2604880764e-01 1.6985364633e-02 5.8781202025e-02
     vertex 1.6256461842e-01 3.4390094669e-02 5.8579325072e-02
     vertex 1.2604880764e-01 3.1275270907e-02 4.9637911610e-02
   endloop
 endfacet
 facet normal  -2.0506265416e-01 8.0471088387e-01 5.5712628842e-01
   outer loop
     vertex 1.2604880764e-01 3.1275270907e-02 4.9637911610e-02
     vertex 1.6256461842e-01 3.4390094669e-02 5.8579325072e-02
     vertex 1.6256461842e-01 4.5263746894e-02 4.2873467218e-02
   endloop
 endfacet
 facet normal  -1.8948761624e-01 7.8186343483e-01 5.9395623792e-01
   outer loop
     vertex 1.2604880764e-01 3.1275270907e-02 4.9637911610e-02
     vertex 1.6256461842e-01 4.5263746894e-02 4.2873467218e-02
     vertex 1.2604880764e-01 4.1613227101e-02 3.6029383872e-02
   endloop
 endfacet
 facet normal  -1.7109917344e-01 8.7971291774e-01 4.4365555920e-01
   outer loop
     vertex 1.2604880764e-01 4.1613227101e-02 3.6029383872e-02
     vertex 1.6256461842e-01 4.5263746894e-02 4.2873467218e-02
     vertex 1.6256461842e-01 5.3896000000e-02 2.5756800000e-02
   endloop
 endfacet
 facet normal  -1.6440832558e-01 8.7292290220e-01 4.5932070418e-01
   outer loop
     vertex 1.2604880764e-01 4.1613227101e-02 3.6029383872e-02
     vertex 1.6256461842e-01 5.3896000000e-02 2.5756800000e-02
     vertex 1.2604880764e-01 4.9604000000e-02 2.0843200000e-02
   endloop
 endfacet
 facet normal  -6.5993850081e-02 9.5810070388e-01 -2.7872540785e-01
   outer loop
     vertex 1.6256461842e-01 5.3896000000e-02 2.5756800000e-02
     vertex 1.9738412614e-01 5.7492000000e-02 2.9873600000e-02
     vertex 1.6256461842e-01 4.8374318800e-02 6.7763751964e-03
   endloop
 endfacet
 facet normal  -3.6112083394e-02 9.4694244846e-01 -3.1936799579e-01
   outer loop
     vertex 1.9738412614e-01 5.7492000000e-02 2.9873600000e-02
     vertex 1.9738412614e-01 5.0688992245e-02 9.7023339191e-03
     vertex 1.6256461842e-01 4.8374318800e-02 6.7763751964e-03
   endloop
 endfacet
 facet normal  -4.9898867957e-03 8.1230147113e-01 -5.8321644442e-01
   outer loop
     vertex 1.6256461842e-01 4.8374318800e-02 6.7763751964e-03
     vertex 1.9738412614e-01 5.0688992245e-02 9.7023339191e-03
     vertex 1.6256461842e-01 3.6890161021e-02 -9.2187126436e-03
   endloop
 endfacet
 facet normal  -2.9953244058e-02 8.3303973956e-01 -5.5240166137e-01
   outer loop
     vertex 1.9738412614e-01 5.0688992245e-02 9.7023339191e-03
     vertex 1.9738412614e-01 3.8944980878e-02 -8.0080186278e-03
     vertex 1.6256461842e-01 3.6890161021e-02 -9.2187126436e-03
   endloop
 endfacet
 facet normal  2.1067488695e-03 4.8089444572e-01 -8.7677596550e-01
   outer loop
     vertex 1.6256461842e-01 3.6890161021e-02 -9.2187126436e-03
     vertex 1.9738412614e-01 3.8944980878e-02 -8.0080186278e-03
     vertex 1.6256461842e-01 1.9772488945e-02 -1.8607420534e-02
   endloop
 endfacet
 facet normal  -3.8466705506e-02 5.3607132350e-01 -8.4329582513e-01
   outer loop
     vertex 1.9738412614e-01 3.8944980878e-02 -8.0080186278e-03
     vertex 1.9738412614e-01 2.1178048886e-02 -1.9302208002e-02
     vertex 1.6256461842e-01 1.9772488945e-02 -1.8607420534e-02
   endloop
 endfacet
 facet normal  -2.3416691393e-02 8.7827133144e-02 -9.9586045872e-01
   outer loop
     vertex 1.6256461842e-01 1.9772488945e-02 -1.8607420534e-02
     vertex 1.9738412614e-01 2.1178048886e-02 -1.9302208002e-02
     vertex 1.6256461842e-01 -7.3274719625e-18 -2.0351200000e-02
   endloop
 endfacet
 facet normal  -3.1164800303e-02 1.0049614606e-01 -9.9444923442e-01
   outer loop
     vertex 1.9738412614e-01 2.1178048886e-02 -1.9302208002e-02
     vertex 1.9738412614e-01 -2.1649348980e-18 -2.1442400000e-02
     vertex 1.6256461842e-01 -7.3274719625e-18 -2.0351200000e-02
   endloop
 endfacet
 facet normal  -3.1164800303e-02 -1.0049614606e-01 -9.9444923442e-01
   outer loop
     vertex 1.6256461842e-01 -7.3274719625e-18 -2.0351200000e-02
     vertex 1.9738412614e-01 -2.1649348980e-18 -2.1442400000e-02
     vertex 1.9738412614e-01 -2.1178048886e-02 -1.9302208002e-02
   endloop
 endfacet
 facet normal  -2.3416691393e-02 -8.7827133144e-02 -9.9586045872e-01
   outer loop
     vertex 1.6256461842e-01 -7.3274719625e-18 -2.0351200000e-02
     vertex 1.9738412614e-01 -2.1178048886e-02 -1.9302208002e-02
     vertex 1.6256461842e-01 -1.9772488945e-02 -1.8607420534e-02
   endloop
 endfacet
 facet normal  -3.8466705506e-02 -5.3607132350e-01 -8.4329582513e-01
   outer loop
     vertex 1.6256461842e-01 -1.9772488945e-02 -1.8607420534e-02
     vertex 1.9738412614e-01 -2.1178048886e-02 -1.9302208002e-02
     vertex 1.9738412614e-01 -3.8944980878e-02 -8.0080186278e-03
   endloop
 endfacet
 facet normal  2.1067488695e-03 -4.8089444572e-01 -8.7677596550e-01
   outer loop
     vertex 1.6256461842e-01 -1.9772488945e-02 -1.8607420534e-02
     vertex 1.9738412614e-01 -3.8944980878e-02 -8.0080186278e-03
     vertex 1.6256461842e-01 -3.6890161021e-02 -9.2187126436e-03
   endloop
 endfacet
 facet normal  -2.9953244058e-02 -8.3303973956e-01 -5.5240166137e-01
   outer loop
     vertex 1.6256461842e-01 -3.6890161021e-02 -9.2187126436e-03
     vertex 1.9738412614e-01 -3.8944980878e-02 -8.0080186278e-03
     vertex 1.9738412614e-01 -5.0688992245e-02 9.7023339191e-03
   endloop
 endfacet
 facet normal  -4.9898867957e-03 -8.1230147113e-01 -5.8321644442e-01
   outer loop
     vertex 1.6256461842e-01 -3.6890161021e-02 -9.2187126436e-03
     vertex 1.9738412614e-01 -5.0688992245e-02 9.7023339191e-03
     vertex 1.6256461842e-01 -4.8374318800e-02 6.7763751964e-03
   endloop
 endfacet
 facet normal  -3.6112083394e-02 -9.4694244846e-01 -3.1936799579e-01
   outer loop
     vertex 1.6256461842e-01 -4.8374318800e-02 6.7763751964e-03
     vertex 1.9738412614e-01 -5.0688992245e-02 9.7023339191e-03
     vertex 1.9738412614e-01 -5.7492000000e-02 2.9873600000e-02
   endloop
 endfacet
 facet normal  -6.5993850081e-02 -9.5810070388e-01 -2.7872540785e-01
   outer loop
     vertex 1.6256461842e-01 -4.8374318800e-02 6.7763751964e-03
     vertex 1.9738412614e-01 -5.7492000000e-02 2.9873600000e-02
     vertex 1.6256461842e-01 -5.3896000000e-02 2.5756800000e-02
   endloop
 endfacet
 facet normal  -1.4393751689e-01 -8.8358173477e-01 4.4560667546e-01
   outer loop
     vertex 1.6256461842e-01 -5.3896000000e-02 2.5756800000e-02
     vertex 1.9738412614e-01 -5.7492000000e-02 2.9873600000e-02
     vertex 1.6256461842e-01 -4.5263746894e-02 4.2873467218e-02
   endloop
 endfacet
 facet normal  -1.4959360656e-01 -8.8807293534e-01 4.3468173921e-01
   outer loop
     vertex 1.9738412614e-01 -5.7492000000e-02 2.9873600000e-02
     vertex 1.9738412614e-01 -4.8322290505e-02 4.8607699212e-02
     vertex 1.6256461842e-01 -4.5263746894e-02 4.2873467218e-02
   endloop
 endfacet
 facet normal  -1.6372325273e-01 -8.1108893750e-01 5.6154201265e-01
   outer loop
     vertex 1.6256461842e-01 -4.5263746894e-02 4.2873467218e-02
     vertex 1.9738412614e-01 -4.8322290505e-02 4.8607699212e-02
     vertex 1.6256461842e-01 -3.4390094669e-02 5.8579325072e-02
   endloop
 endfacet
 facet normal  -1.7709159663e-01 -8.2580729012e-01 5.3542589216e-01
   outer loop
     vertex 1.9738412614e-01 -4.8322290505e-02 4.8607699212e-02
     vertex 1.9738412614e-01 -3.6999811876e-02 6.6070779594e-02
     vertex 1.6256461842e-01 -3.4390094669e-02 5.8579325072e-02
   endloop
 endfacet
 facet normal  -2.1384103578e-01 -5.6447313517e-01 7.9727165451e-01
   outer loop
     vertex 1.6256461842e-01 -3.4390094669e-02 5.8579325072e-02
     vertex 1.9738412614e-01 -3.6999811876e-02 6.6070779594e-02
     vertex 1.6256461842e-01 -1.8932191399e-02 6.9523613726e-02
   endloop
 endfacet
 facet normal  -2.2814037998e-01 -5.8797318113e-01 7.7604091728e-01
   outer loop
     vertex 1.9738412614e-01 -3.6999811876e-02 6.6070779594e-02
     vertex 1.9738412614e-01 -2.0563316527e-02 7.8524012719e-02
     vertex 1.6256461842e-01 -1.8932191399e-02 6.9523613726e-02
   endloop
 endfacet
 facet normal  -2.5370118894e-01 -1.1871154309e-01 9.5997045593e-01
   outer loop
     vertex 1.6256461842e-01 -1.8932191399e-02 6.9523613726e-02
     vertex 1.9738412614e-01 -2.0563316527e-02 7.8524012719e-02
     vertex 1.6256461842e-01 6.1284310959e-17 7.1864800000e-02
   endloop
 endfacet
 facet normal  -2.5668365215e-01 -1.2424561147e-01 9.5847615033e-01
   outer loop
     vertex 1.9738412614e-01 -2.0563316527e-02 7.8524012719e-02
     vertex 1.9738412614e-01 7.6771922153e-17 8.1189600000e-02
     vertex 1.6256461842e-01 6.1284310959e-17 7.1864800000e-02
   endloop
 endfacet
 facet normal  -2.5668365215e-01 1.2424561147e-01 9.5847615033e-01
   outer loop
     vertex 1.6256461842e-01 6.1284310959e-17 7.1864800000e-02
     vertex 1.9738412614e-01 7.6771922153e-17 8.1189600000e-02
     vertex 1.9738412614e-01 2.0563316527e-02 7.8524012719e-02
   endloop
 endfacet
 facet normal  -2.5370118894e-01 1.1871154309e-01 9.5997045593e-01
   outer loop
     vertex 1.6256461842e-01 6.1284310959e-17 7.1864800000e-02
     vertex 1.9738412614e-01 2.0563316527e-02 7.8524012719e-02
     vertex 1.6256461842e-01 1.8932191399e-02 6.9523613726e-02
   endloop
 endfacet
 facet normal  -2.2814037998e-01 5.8797318113e-01 7.7604091728e-01
   outer loop
     vertex 1.6256461842e-01 1.8932191399e-02 6.9523613726e-02
     vertex 1.9738412614e-01 2.0563316527e-02 7.8524012719e-02
     vertex 1.9738412614e-01 3.6999811876e-02 6.6070779594e-02
   endloop
 endfacet
 facet normal  -2.1384103578e-01 5.6447313517e-01 7.9727165451e-01
   outer loop
     vertex 1.6256461842e-01 1.8932191399e-02 6.9523613726e-02
     vertex 1.9738412614e-01 3.6999811876e-02 6.6070779594e-02
     vertex 1.6256461842e-01 3.4390094669e-02 5.8579325072e-02
   endloop
 endfacet
 facet normal  -1.7709159663e-01 8.2580729012e-01 5.3542589216e-01
   outer loop
     vertex 1.6256461842e-01 3.4390094669e-02 5.8579325072e-02
     vertex 1.9738412614e-01 3.6999811876e-02 6.6070779594e-02
     vertex 1.9738412614e-01 4.8322290505e-02 4.8607699212e-02
   endloop
 endfacet
 facet normal  -1.6372325273e-01 8.1108893750e-01 5.6154201265e-01
   outer loop
     vertex 1.6256461842e-01 3.4390094669e-02 5.8579325072e-02
     vertex 1.9738412614e-01 4.8322290505e-02 4.8607699212e-02
     vertex 1.6256461842e-01 4.5263746894e-02 4.2873467218e-02
   endloop
 endfacet
 facet normal  -1.4959360656e-01 8.8807293534e-01 4.3468173921e-01
   outer loop
     vertex 1.6256461842e-01 4.5263746894e-02 4.2873467218e-02
     vertex 1.9738412614e-01 4.8322290505e-02 4.8607699212e-02
     vertex 1.9738412614e-01 5.7492000000e-02 2.9873600000e-02
   endloop
 endfacet
 facet normal  -1.4393751689e-01 8.8358173477e-01 4.4560667546e-01
   outer loop
     vertex 1.6256461842e-01 4.5263746894e-02 4.2873467218e-02
     vertex 1.9738412614e-01 5.7492000000e-02 2.9873600000e-02
     vertex 1.6256461842e-01 5.3896000000e-02 2.5756800000e-02
   endloop
 endfacet
 facet normal  -3.1757679167e-02 9.4708254689e-01 -3.1941524571e-01
   outer loop
     vertex 1.9738412614e-01 5.7492000000e-02 2.9873600000e-02
     vertex 2.2499200000e-01 5.9000000000e-02 3.1600000000e-02
     vertex 1.9738412614e-01 5.0688992245e-02 9.7023339191e-03
   endloop
 endfacet
 facet normal  -1.8256393784e-02 9.4219033472e-01 -3.3458044958e-01
   outer loop
     vertex 2.2499200000e-01 5.9000000000e-02 3.1600000000e-02
     vertex 2.2499200000e-01 5.1659661754e-02 1.0929348867e-02
     vertex 1.9738412614e-01 5.0688992245e-02 9.7023339191e-03
   endloop
 endfacet
 facet normal  -4.7398950961e-03 8.3340432948e-01 -5.5264342664e-01
   outer loop
     vertex 1.9738412614e-01 5.0688992245e-02 9.7023339191e-03
     vertex 2.2499200000e-01 5.1659661754e-02 1.0929348867e-02
     vertex 1.9738412614e-01 3.8944980878e-02 -8.0080186278e-03
   endloop
 endfacet
 facet normal  -1.6301546087e-02 8.4095573034e-01 -5.4085831712e-01
   outer loop
     vertex 2.2499200000e-01 5.1659661754e-02 1.0929348867e-02
     vertex 2.2499200000e-01 3.9806679527e-02 -7.5003082341e-03
     vertex 1.9738412614e-01 3.8944980878e-02 -8.0080186278e-03
   endloop
 endfacet
 facet normal  -1.2245374661e-03 5.3646797097e-01 -8.4391979277e-01
   outer loop
     vertex 1.9738412614e-01 3.8944980878e-02 -8.0080186278e-03
     vertex 2.2499200000e-01 3.9806679527e-02 -7.5003082341e-03
     vertex 1.9738412614e-01 2.1178048886e-02 -1.9302208002e-02
   endloop
 endfacet
 facet normal  -2.0650139160e-02 5.5671947942e-01 -8.3044385300e-01
   outer loop
     vertex 2.2499200000e-01 3.9806679527e-02 -7.5003082341e-03
     vertex 2.2499200000e-01 2.1767477249e-02 -1.9593570488e-02
     vertex 1.9738412614e-01 2.1178048886e-02 -1.9302208002e-02
   endloop
 endfacet
 facet normal  -1.2645745931e-02 1.0053694518e-01 -9.9485295786e-01
   outer loop
     vertex 1.9738412614e-01 2.1178048886e-02 -1.9302208002e-02
     vertex 2.2499200000e-01 2.1767477249e-02 -1.9593570488e-02
     vertex 1.9738412614e-01 -2.1649348980e-18 -2.1442400000e-02
   endloop
 endfacet
 facet normal  -1.6480475438e-02 1.0535345188e-01 -9.9429826717e-01
   outer loop
     vertex 2.2499200000e-01 2.1767477249e-02 -1.9593570488e-02
     vertex 2.2499200000e-01 0.0000000000e+00 -2.1900000000e-02
     vertex 1.9738412614e-01 -2.1649348980e-18 -2.1442400000e-02
   endloop
 endfacet
 facet normal  -1.6480475438e-02 -1.0535345188e-01 -9.9429826717e-01
   outer loop
     vertex 1.9738412614e-01 -2.1649348980e-18 -2.1442400000e-02
     vertex 2.2499200000e-01 0.0000000000e+00 -2.1900000000e-02
     vertex 2.2499200000e-01 -2.1767477249e-02 -1.9593570488e-02
   endloop
 endfacet
 facet normal  -1.2645745931e-02 -1.0053694518e-01 -9.9485295786e-01
   outer loop
     vertex 1.9738412614e-01 -2.1649348980e-18 -2.1442400000e-02
     vertex 2.2499200000e-01 -2.1767477249e-02 -1.9593570488e-02
     vertex 1.9738412614e-01 -2.1178048886e-02 -1.9302208002e-02
   endloop
 endfacet
 facet normal  -2.0650139160e-02 -5.5671947942e-01 -8.3044385300e-01
   outer loop
     vertex 1.9738412614e-01 -2.1178048886e-02 -1.9302208002e-02
     vertex 2.2499200000e-01 -2.1767477249e-02 -1.9593570488e-02
     vertex 2.2499200000e-01 -3.9806679527e-02 -7.5003082341e-03
   endloop
 endfacet
 facet normal  -1.2245374661e-03 -5.3646797097e-01 -8.4391979277e-01
   outer loop
     vertex 1.9738412614e-01 -2.1178048886e-02 -1.9302208002e-02
     vertex 2.2499200000e-01 -3.9806679527e-02 -7.5003082341e-03
     vertex 1.9738412614e-01 -3.8944980878e-02 -8.0080186278e-03
   endloop
 endfacet
 facet normal  -1.6301546087e-02 -8.4095573034e-01 -5.4085831712e-01
   outer loop
     vertex 1.9738412614e-01 -3.8944980878e-02 -8.0080186278e-03
     vertex 2.2499200000e-01 -3.9806679527e-02 -7.5003082341e-03
     vertex 2.2499200000e-01 -5.1659661754e-02 1.0929348867e-02
   endloop
 endfacet
 facet normal  -4.7398950961e-03 -8.3340432948e-01 -5.5264342664e-01
   outer loop
     vertex 1.9738412614e-01 -3.8944980878e-02 -8.0080186278e-03
     vertex 2.2499200000e-01 -5.1659661754e-02 1.0929348867e-02
     vertex 1.9738412614e-01 -5.0688992245e-02 9.7023339191e-03
   endloop
 endfacet
 facet normal  -1.8256393784e-02 -9.4219033472e-01 -3.3458044958e-01
   outer loop
     vertex 1.9738412614e-01 -5.0688992245e-02 9.7023339191e-03
     vertex 2.2499200000e-01 -5.1659661754e-02 1.0929348867e-02
     vertex 2.2499200000e-01 -5.9000000000e-02 3.1600000000e-02
   endloop
 endfacet
 facet normal  -3.1757679167e-02 -9.4708254689e-01 -3.1941524571e-01
   outer loop
     vertex 1.9738412614e-01 -5.0688992245e-02 9.7023339191e-03
     vertex 2.2499200000e-01 -5.9000000000e-02 3.1600000000e-02
     vertex 1.9738412614e-01 -5.7492000000e-02 2.9873600000e-02
   endloop
 endfacet
 facet normal  -7.6328381524e-02 -8.9555941178e-01 4.3834611684e-01
   outer loop
     vertex 1.9738412614e-01 -5.7492000000e-02 2.9873600000e-02
     vertex 2.2499200000e-01 -5.9000000000e-02 3.1600000000e-02
     vertex 1.9738412614e-01 -4.8322290505e-02 4.8607699212e-02
   endloop
 endfacet
 facet normal  -7.9510091075e-02 -8.9727299643e-01 4.3425719946e-01
   outer loop
     vertex 2.2499200000e-01 -5.9000000000e-02 3.1600000000e-02
     vertex 2.2499200000e-01 -4.9604905567e-02 5.1012377144e-02
     vertex 1.9738412614e-01 -4.8322290505e-02 4.8607699212e-02
   endloop
 endfacet
 facet normal  -8.6046584314e-02 -8.3595729373e-01 5.4200681582e-01
   outer loop
     vertex 1.9738412614e-01 -4.8322290505e-02 4.8607699212e-02
     vertex 2.2499200000e-01 -4.9604905567e-02 5.1012377144e-02
     vertex 1.9738412614e-01 -3.6999811876e-02 6.6070779594e-02
   endloop
 endfacet
 facet normal  -9.3910574632e-02 -8.4141883455e-01 5.3216082987e-01
   outer loop
     vertex 2.2499200000e-01 -4.9604905567e-02 5.1012377144e-02
     vertex 2.2499200000e-01 -3.8094209414e-02 6.9212357297e-02
     vertex 1.9738412614e-01 -3.6999811876e-02 6.6070779594e-02
   endloop
 endfacet
 facet normal  -1.1389287001e-01 -5.9996950781e-01 7.9187436115e-01
   outer loop
     vertex 1.9738412614e-01 -3.6999811876e-02 6.6070779594e-02
     vertex 2.2499200000e-01 -3.8094209414e-02 6.9212357297e-02
     vertex 1.9738412614e-01 -2.0563316527e-02 7.8524012719e-02
   endloop
 endfacet
 facet normal  -1.2224302989e-01 -6.0884014119e-01 7.8381778758e-01
   outer loop
     vertex 2.2499200000e-01 -3.8094209414e-02 6.9212357297e-02
     vertex 2.2499200000e-01 -2.1247336742e-02 8.2298373587e-02
     vertex 1.9738412614e-01 -2.0563316527e-02 7.8524012719e-02
   endloop
 endfacet
 facet normal  -1.3744691704e-01 -1.2733263244e-01 9.8229056074e-01
   outer loop
     vertex 1.9738412614e-01 -2.0563316527e-02 7.8524012719e-02
     vertex 2.2499200000e-01 -2.1247336742e-02 8.2298373587e-02
     vertex 1.9738412614e-01 7.6771922153e-17 8.1189600000e-02
   endloop
 endfacet
 facet normal  -1.3906086716e-01 -1.2945607436e-01 9.8178572002e-01
   outer loop
     vertex 2.2499200000e-01 -2.1247336742e-02 8.2298373587e-02
     vertex 2.2499200000e-01 8.3266726847e-17 8.5100000000e-02
     vertex 1.9738412614e-01 7.6771922153e-17 8.1189600000e-02
   endloop
 endfacet
 facet normal  -1.3906086716e-01 1.2945607436e-01 9.8178572002e-01
   outer loop
     vertex 1.9738412614e-01 7.6771922153e-17 8.1189600000e-02
     vertex 2.2499200000e-01 8.3266726847e-17 8.5100000000e-02
     vertex 2.2499200000e-01 2.1247336742e-02 8.2298373587e-02
   endloop
 endfacet
 facet normal  -1.3744691704e-01 1.2733263244e-01 9.8229056074e-01
   outer loop
     vertex 1.9738412614e-01 7.6771922153e-17 8.1189600000e-02
     vertex 2.2499200000e-01 2.1247336742e-02 8.2298373587e-02
     vertex 1.9738412614e-01 2.0563316527e-02 7.8524012719e-02
   endloop
 endfacet
 facet normal  -1.2224302989e-01 6.0884014119e-01 7.8381778758e-01
   outer loop
     vertex 1.9738412614e-01 2.0563316527e-02 7.8524012719e-02
     vertex 2.2499200000e-01 2.1247336742e-02 8.2298373587e-02
     vertex 2.2499200000e-01 3.8094209414e-02 6.9212357297e-02
   endloop
 endfacet
 facet normal  -1.1389287001e-01 5.9996950781e-01 7.9187436115e-01
   outer loop
     vertex 1.9738412614e-01 2.0563316527e-02 7.8524012719e-02
     vertex 2.2499200000e-01 3.8094209414e-02 6.9212357297e-02
     vertex 1.9738412614e-01 3.6999811876e-02 6.6070779594e-02
   endloop
 endfacet
 facet normal  -9.3910574632e-02 8.4141883455e-01 5.3216082987e-01
   outer loop
     vertex 1.9738412614e-01 3.6999811876e-02 6.6070779594e-02
     vertex 2.2499200000e-01 3.8094209414e-02 6.9212357297e-02
     vertex 2.2499200000e-01 4.9604905567e-02 5.1012377144e-02
   endloop
 endfacet
 facet normal  -8.6046584314e-02 8.3595729373e-01 5.4200681582e-01
   outer loop
     vertex 1.9738412614e-01 3.6999811876e-02 6.6070779594e-02
     vertex 2.2499200000e-01 4.9604905567e-02 5.1012377144e-02
     vertex 1.9738412614e-01 4.8322290505e-02 4.8607699212e-02
   endloop
 endfacet
 facet normal  -7.9510091075e-02 8.9727299643e-01 4.3425719946e-01
   outer loop
     vertex 1.9738412614e-01 4.8322290505e-02 4.8607699212e-02
     vertex 2.2499200000e-01 4.9604905567e-02 5.1012377144e-02
     vertex 2.2499200000e-01 5.9000000000e-02 3.1600000000e-02
   endloop
 endfacet
 facet normal  -7.6328381524e-02 8.9555941178e-01 4.3834611684e-01
   outer loop
     vertex 1.9738412614e-01 4.8322290505e-02 4.8607699212e-02
     vertex 2.2499200000e-01 5.9000000000e-02 3.1600000000e-02
     vertex 1.9738412614e-01 5.7492000000e-02 2.9873600000e-02
   endloop
 endfacet
 facet normal  -6.8766512306e-02 9.4011664594e-01 -3.3384406363e-01
   outer loop
     vertex 2.2499200000e-01 5.9000000000e-02 3.1600000000e-02
     vertex 2.4703392640e-01 6.0664000000e-02 3.1745600000e-02
     vertex 2.2499200000e-01 5.1659661754e-02 1.0929348867e-02
   endloop
 endfacet
 facet normal  -7.3402411015e-02 9.4131431092e-01 -3.2945326545e-01
   outer loop
     vertex 2.4703392640e-01 6.0664000000e-02 3.1745600000e-02
     vertex 2.4703392640e-01 5.3473688724e-02 1.1201433000e-02
     vertex 2.2499200000e-01 5.1659661754e-02 1.0929348867e-02
   endloop
 endfacet
 facet normal  -6.2419789753e-02 8.3942739521e-01 -5.3987537267e-01
   outer loop
     vertex 2.2499200000e-01 5.1659661754e-02 1.0929348867e-02
     vertex 2.4703392640e-01 5.3473688724e-02 1.1201433000e-02
     vertex 2.2499200000e-01 3.9806679527e-02 -7.5003082341e-03
   endloop
 endfacet
 facet normal  -3.7993356837e-02 8.2760448400e-01 -5.6002439492e-01
   outer loop
     vertex 2.4703392640e-01 5.3473688724e-02 1.1201433000e-02
     vertex 2.4703392640e-01 4.1181136303e-02 -6.9645104755e-03
     vertex 2.2499200000e-01 3.9806679527e-02 -7.5003082341e-03
   endloop
 endfacet
 facet normal  -1.4530099904e-02 5.5677943385e-01 -8.3053328545e-01
   outer loop
     vertex 2.2499200000e-01 3.9806679527e-02 -7.5003082341e-03
     vertex 2.4703392640e-01 4.1181136303e-02 -6.9645104755e-03
     vertex 2.2499200000e-01 2.1767477249e-02 -1.9593570488e-02
   endloop
 endfacet
 facet normal  7.0413857561e-03 5.3965414127e-01 -8.4185736720e-01
   outer loop
     vertex 2.4703392640e-01 4.1181136303e-02 -6.9645104755e-03
     vertex 2.4703392640e-01 2.2538554992e-02 -1.8914927019e-02
     vertex 2.2499200000e-01 2.1767477249e-02 -1.9593570488e-02
   endloop
 endfacet
 facet normal  2.6921593652e-02 1.0532957138e-01 -9.9407288927e-01
   outer loop
     vertex 2.2499200000e-01 2.1767477249e-02 -1.9593570488e-02
     vertex 2.4703392640e-01 2.2538554992e-02 -1.8914927019e-02
     vertex 2.2499200000e-01 0.0000000000e+00 -2.1900000000e-02
   endloop
 endfacet
 facet normal  2.2975310517e-02 1.0914746161e-01 -9.9376001466e-01
   outer loop
     vertex 2.4703392640e-01 2.2538554992e-02 -1.8914927019e-02
     vertex 2.4703392640e-01 0.0000000000e+00 -2.1390400000e-02
     vertex 2.2499200000e-01 0.0000000000e+00 -2.1900000000e-02
   endloop
 endfacet
 facet normal  2.2975310517e-02 -1.0914746161e-01 -9.9376001466e-01
   outer loop
     vertex 2.2499200000e-01 0.0000000000e+00 -2.1900000000e-02
     vertex 2.4703392640e-01 0.0000000000e+00 -2.1390400000e-02
     vertex 2.4703392640e-01 -2.2538554992e-02 -1.8914927019e-02
   endloop
 endfacet
 facet normal  2.6921593652e-02 -1.0532957138e-01 -9.9407288927e-01
   outer loop
     vertex 2.2499200000e-01 0.0000000000e+00 -2.1900000000e-02
     vertex 2.4703392640e-01 -2.2538554992e-02 -1.8914927019e-02
     vertex 2.2499200000e-01 -2.1767477249e-02 -1.9593570488e-02
   endloop
 endfacet
 facet normal  7.0413857561e-03 -5.3965414127e-01 -8.4185736720e-01
   outer loop
     vertex 2.2499200000e-01 -2.1767477249e-02 -1.9593570488e-02
     vertex 2.4703392640e-01 -2.2538554992e-02 -1.8914927019e-02
     vertex 2.4703392640e-01 -4.1181136303e-02 -6.9645104755e-03
   endloop
 endfacet
 facet normal  -1.4530099904e-02 -5.5677943385e-01 -8.3053328545e-01
   outer loop
     vertex 2.2499200000e-01 -2.1767477249e-02 -1.9593570488e-02
     vertex 2.4703392640e-01 -4.1181136303e-02 -6.9645104755e-03
     vertex 2.2499200000e-01 -3.9806679527e-02 -7.5003082341e-03
   endloop
 endfacet
 facet normal  -3.7993356837e-02 -8.2760448400e-01 -5.6002439492e-01
   outer loop
     vertex 2.2499200000e-01 -3.9806679527e-02 -7.5003082341e-03
     vertex 2.4703392640e-01 -4.1181136303e-02 -6.9645104755e-03
     vertex 2.4703392640e-01 -5.3473688724e-02 1.1201433000e-02
   endloop
 endfacet
 facet normal  -6.2419789753e-02 -8.3942739521e-01 -5.3987537267e-01
   outer loop
     vertex 2.2499200000e-01 -3.9806679527e-02 -7.5003082341e-03
     vertex 2.4703392640e-01 -5.3473688724e-02 1.1201433000e-02
     vertex 2.2499200000e-01 -5.1659661754e-02 1.0929348867e-02
   endloop
 endfacet
 facet normal  -7.3402411015e-02 -9.4131431092e-01 -3.2945326545e-01
   outer loop
     vertex 2.2499200000e-01 -5.1659661754e-02 1.0929348867e-02
     vertex 2.4703392640e-01 -5.3473688724e-02 1.1201433000e-02
     vertex 2.4703392640e-01 -6.0664000000e-02 3.1745600000e-02
   endloop
 endfacet
 facet normal  -6.8766512306e-02 -9.4011664594e-01 -3.3384406363e-01
   outer loop
     vertex 2.2499200000e-01 -5.1659661754e-02 1.0929348867e-02
     vertex 2.4703392640e-01 -6.0664000000e-02 3.1745600000e-02
     vertex 2.2499200000e-01 -5.9000000000e-02 3.1600000000e-02
   endloop
 endfacet
 facet normal  -7.0653138296e-02 -8.9787327322e-01 4.3454771809e-01
   outer loop
     vertex 2.2499200000e-01 -5.9000000000e-02 3.1600000000e-02
     vertex 2.4703392640e-01 -6.0664000000e-02 3.1745600000e-02
     vertex 2.2499200000e-01 -4.9604905567e-02 5.1012377144e-02
   endloop
 endfacet
 facet normal  -8.5962447538e-02 -9.0335899658e-01 4.2018208066e-01
   outer loop
     vertex 2.4703392640e-01 -6.0664000000e-02 3.1745600000e-02
     vertex 2.4703392640e-01 -5.1632627181e-02 5.1162353506e-02
     vertex 2.2499200000e-01 -4.9604905567e-02 5.1012377144e-02
   endloop
 endfacet
 facet normal  -8.1117721762e-02 -8.4236869533e-01 5.3276157551e-01
   outer loop
     vertex 2.2499200000e-01 -4.9604905567e-02 5.1012377144e-02
     vertex 2.4703392640e-01 -5.1632627181e-02 5.1162353506e-02
     vertex 2.2499200000e-01 -3.8094209414e-02 6.9212357297e-02
   endloop
 endfacet
 facet normal  -5.6235980579e-02 -8.3046823669e-01 5.5422019301e-01
   outer loop
     vertex 2.4703392640e-01 -5.1632627181e-02 5.1162353506e-02
     vertex 2.4703392640e-01 -3.9646763082e-02 6.9122506436e-02
     vertex 2.2499200000e-01 -3.8094209414e-02 6.9212357297e-02
   endloop
 endfacet
 facet normal  -3.9957351141e-02 -6.1295092402e-01 7.8910998906e-01
   outer loop
     vertex 2.2499200000e-01 -3.8094209414e-02 6.9212357297e-02
     vertex 2.4703392640e-01 -3.9646763082e-02 6.9122506436e-02
     vertex 2.2499200000e-01 -2.1247336742e-02 8.2298373587e-02
   endloop
 endfacet
 facet normal  -9.7780881591e-03 -5.8990452414e-01 8.0741379812e-01
   outer loop
     vertex 2.4703392640e-01 -3.9646763082e-02 6.9122506436e-02
     vertex 2.4703392640e-01 -2.2072509099e-02 8.1962430595e-02
     vertex 2.2499200000e-01 -2.1247336742e-02 8.2298373587e-02
   endloop
 endfacet
 facet normal  1.0215834604e-02 -1.3071941023e-01 9.9136676993e-01
   outer loop
     vertex 2.2499200000e-01 -2.1247336742e-02 8.2298373587e-02
     vertex 2.4703392640e-01 -2.2072509099e-02 8.1962430595e-02
     vertex 2.2499200000e-01 8.3266726847e-17 8.5100000000e-02
   endloop
 endfacet
 facet normal  9.8223824925e-03 -1.3110563247e-01 9.9131974354e-01
   outer loop
     vertex 2.4703392640e-01 -2.2072509099e-02 8.1962430595e-02
     vertex 2.4703392640e-01 7.4606987255e-17 8.4881600000e-02
     vertex 2.2499200000e-01 8.3266726847e-17 8.5100000000e-02
   endloop
 endfacet
 facet normal  9.8223824925e-03 1.3110563247e-01 9.9131974354e-01
   outer loop
     vertex 2.2499200000e-01 8.3266726847e-17 8.5100000000e-02
     vertex 2.4703392640e-01 7.4606987255e-17 8.4881600000e-02
     vertex 2.4703392640e-01 2.2072509099e-02 8.1962430595e-02
   endloop
 endfacet
 facet normal  1.0215834604e-02 1.3071941023e-01 9.9136676993e-01
   outer loop
     vertex 2.2499200000e-01 8.3266726847e-17 8.5100000000e-02
     vertex 2.4703392640e-01 2.2072509099e-02 8.1962430595e-02
     vertex 2.2499200000e-01 2.1247336742e-02 8.2298373587e-02
   endloop
 endfacet
 facet normal  -9.7780881591e-03 5.8990452414e-01 8.0741379812e-01
   outer loop
     vertex 2.2499200000e-01 2.1247336742e-02 8.2298373587e-02
     vertex 2.4703392640e-01 2.2072509099e-02 8.1962430595e-02
     vertex 2.4703392640e-01 3.9646763082e-02 6.9122506436e-02
   endloop
 endfacet
 facet normal  -3.9957351141e-02 6.1295092402e-01 7.8910998906e-01
   outer loop
     vertex 2.2499200000e-01 2.1247336742e-02 8.2298373587e-02
     vertex 2.4703392640e-01 3.9646763082e-02 6.9122506436e-02
     vertex 2.2499200000e-01 3.8094209414e-02 6.9212357297e-02
   endloop
 endfacet
 facet normal  -5.6235980579e-02 8.3046823669e-01 5.5422019301e-01
   outer loop
     vertex 2.2499200000e-01 3.8094209414e-02 6.9212357297e-02
     vertex 2.4703392640e-01 3.9646763082e-02 6.9122506436e-02
     vertex 2.4703392640e-01 5.1632627181e-02 5.1162353506e-02
   endloop
 endfacet
 facet normal  -8.1117721762e-02 8.4236869533e-01 5.3276157551e-01
   outer loop
     vertex 2.2499200000e-01 3.8094209414e-02 6.9212357297e-02
     vertex 2.4703392640e-01 5.1632627181e-02 5.1162353506e-02
     vertex 2.2499200000e-01 4.9604905567e-02 5.1012377144e-02
   endloop
 endfacet
 facet normal  -8.5962447538e-02 9.0335899658e-01 4.2018208066e-01
   outer loop
     vertex 2.2499200000e-01 4.9604905567e-02 5.1012377144e-02
     vertex 2.4703392640e-01 5.1632627181e-02 5.1162353506e-02
     vertex 2.4703392640e-01 6.0664000000e-02 3.1745600000e-02
   endloop
 endfacet
 facet normal  -7.0653138296e-02 8.9787327322e-01 4.3454771809e-01
   outer loop
     vertex 2.2499200000e-01 4.9604905567e-02 5.1012377144e-02
     vertex 2.4703392640e-01 6.0664000000e-02 3.1745600000e-02
     vertex 2.2499200000e-01 5.9000000000e-02 3.1600000000e-02
   endloop
 endfacet
 facet normal  -1.6373940784e-01 9.3112177186e-01 -3.2588594980e-01
   outer loop
     vertex 2.4703392640e-01 6.0664000000e-02 3.1745600000e-02
     vertex 2.6890736320e-01 6.4632000000e-02 3.2092800000e-02
     vertex 2.4703392640e-01 5.3473688724e-02 1.1201433000e-02
   endloop
 endfacet
 facet normal  -1.7514114984e-01 9.3283752160e-01 -3.1486463112e-01
   outer loop
     vertex 2.6890736320e-01 6.4632000000e-02 3.2092800000e-02
     vertex 2.6890736320e-01 5.7799445345e-02 1.1850249009e-02
     vertex 2.4703392640e-01 5.3473688724e-02 1.1201433000e-02
   endloop
 endfacet
 facet normal  -1.4559604043e-01 8.1937722922e-01 -5.5445716629e-01
   outer loop
     vertex 2.4703392640e-01 5.3473688724e-02 1.1201433000e-02
     vertex 2.6890736320e-01 5.7799445345e-02 1.1850249009e-02
     vertex 2.4703392640e-01 4.1181136303e-02 -6.9645104755e-03
   endloop
 endfacet
 facet normal  -8.3598106760e-02 7.9310129931e-01 -6.0332552206e-01
   outer loop
     vertex 2.6890736320e-01 5.7799445345e-02 1.1850249009e-02
     vertex 2.6890736320e-01 4.4458687076e-02 -5.6868388974e-03
     vertex 2.4703392640e-01 4.1181136303e-02 -6.9645104755e-03
   endloop
 endfacet
 facet normal  -3.1672939529e-02 5.3939676166e-01 -8.4145585649e-01
   outer loop
     vertex 2.4703392640e-01 4.1181136303e-02 -6.9645104755e-03
     vertex 2.6890736320e-01 4.4458687076e-02 -5.6868388974e-03
     vertex 2.4703392640e-01 2.2538554992e-02 -1.8914927019e-02
   endloop
 endfacet
 facet normal  2.1971825355e-02 5.0038924044e-01 -8.6552171951e-01
   outer loop
     vertex 2.6890736320e-01 4.4458687076e-02 -5.6868388974e-03
     vertex 2.6890736320e-01 2.4377278843e-02 -1.7296623362e-02
     vertex 2.4703392640e-01 2.2538554992e-02 -1.8914927019e-02
   endloop
 endfacet
 facet normal  6.4232144588e-02 1.0895082977e-01 -9.9196973154e-01
   outer loop
     vertex 2.4703392640e-01 2.2538554992e-02 -1.8914927019e-02
     vertex 2.6890736320e-01 2.4377278843e-02 -1.7296623362e-02
     vertex 2.4703392640e-01 0.0000000000e+00 -2.1390400000e-02
   endloop
 endfacet
 facet normal  5.5088857961e-02 1.1709156355e-01 -9.9159204488e-01
   outer loop
     vertex 2.6890736320e-01 2.4377278843e-02 -1.7296623362e-02
     vertex 2.6890736320e-01 0.0000000000e+00 -2.0175200000e-02
     vertex 2.4703392640e-01 0.0000000000e+00 -2.1390400000e-02
   endloop
 endfacet
 facet normal  5.5088857961e-02 -1.1709156355e-01 -9.9159204488e-01
   outer loop
     vertex 2.4703392640e-01 0.0000000000e+00 -2.1390400000e-02
     vertex 2.6890736320e-01 0.0000000000e+00 -2.0175200000e-02
     vertex 2.6890736320e-01 -2.4377278843e-02 -1.7296623362e-02
   endloop
 endfacet
 facet normal  6.4232144588e-02 -1.0895082977e-01 -9.9196973154e-01
   outer loop
     vertex 2.4703392640e-01 0.0000000000e+00 -2.1390400000e-02
     vertex 2.6890736320e-01 -2.4377278843e-02 -1.7296623362e-02
     vertex 2.4703392640e-01 -2.2538554992e-02 -1.8914927019e-02
   endloop
 endfacet
 facet normal  2.1971825355e-02 -5.0038924044e-01 -8.6552171951e-01
   outer loop
     vertex 2.4703392640e-01 -2.2538554992e-02 -1.8914927019e-02
     vertex 2.6890736320e-01 -2.4377278843e-02 -1.7296623362e-02
     vertex 2.6890736320e-01 -4.4458687076e-02 -5.6868388974e-03
   endloop
 endfacet
 facet normal  -3.1672939529e-02 -5.3939676166e-01 -8.4145585649e-01
   outer loop
     vertex 2.4703392640e-01 -2.2538554992e-02 -1.8914927019e-02
     vertex 2.6890736320e-01 -4.4458687076e-02 -5.6868388974e-03
     vertex 2.4703392640e-01 -4.1181136303e-02 -6.9645104755e-03
   endloop
 endfacet
 facet normal  -8.3598106760e-02 -7.9310129931e-01 -6.0332552206e-01
   outer loop
     vertex 2.4703392640e-01 -4.1181136303e-02 -6.9645104755e-03
     vertex 2.6890736320e-01 -4.4458687076e-02 -5.6868388974e-03
     vertex 2.6890736320e-01 -5.7799445345e-02 1.1850249009e-02
   endloop
 endfacet
 facet normal  -1.4559604043e-01 -8.1937722922e-01 -5.5445716629e-01
   outer loop
     vertex 2.4703392640e-01 -4.1181136303e-02 -6.9645104755e-03
     vertex 2.6890736320e-01 -5.7799445345e-02 1.1850249009e-02
     vertex 2.4703392640e-01 -5.3473688724e-02 1.1201433000e-02
   endloop
 endfacet
 facet normal  -1.7514114984e-01 -9.3283752160e-01 -3.1486463112e-01
   outer loop
     vertex 2.4703392640e-01 -5.3473688724e-02 1.1201433000e-02
     vertex 2.6890736320e-01 -5.7799445345e-02 1.1850249009e-02
     vertex 2.6890736320e-01 -6.4632000000e-02 3.2092800000e-02
   endloop
 endfacet
 facet normal  -1.6373940784e-01 -9.3112177186e-01 -3.2588594980e-01
   outer loop
     vertex 2.4703392640e-01 -5.3473688724e-02 1.1201433000e-02
     vertex 2.6890736320e-01 -6.4632000000e-02 3.2092800000e-02
     vertex 2.4703392640e-01 -6.0664000000e-02 3.1745600000e-02
   endloop
 endfacet
 facet normal  -1.6872495221e-01 -8.9371589347e-01 4.1569675517e-01
   outer loop
     vertex 2.4703392640e-01 -6.0664000000e-02 3.1745600000e-02
     vertex 2.6890736320e-01 -6.4632000000e-02 3.2092800000e-02
     vertex 2.4703392640e-01 -5.1632627181e-02 5.1162353506e-02
   endloop
 endfacet
 facet normal  -2.0563928072e-01 -9.0220080356e-01 3.7913875597e-01
   outer loop
     vertex 2.6890736320e-01 -6.4632000000e-02 3.2092800000e-02
     vertex 2.6890736320e-01 -5.6467963336e-02 5.1519989446e-02
     vertex 2.4703392640e-01 -5.1632627181e-02 5.1162353506e-02
   endloop
 endfacet
 facet normal  -1.8945560152e-01 -8.1672032186e-01 5.4504540261e-01
   outer loop
     vertex 2.4703392640e-01 -5.1632627181e-02 5.1162353506e-02
     vertex 2.6890736320e-01 -5.6467963336e-02 5.1519989446e-02
     vertex 2.4703392640e-01 -3.9646763082e-02 6.9122506436e-02
   endloop
 endfacet
 facet normal  -1.2815037297e-01 -7.9170104904e-01 5.9731644114e-01
   outer loop
     vertex 2.6890736320e-01 -5.6467963336e-02 5.1519989446e-02
     vertex 2.6890736320e-01 -4.3349006443e-02 6.8908246690e-02
     vertex 2.4703392640e-01 -3.9646763082e-02 6.9122506436e-02
   endloop
 endfacet
 facet normal  -9.1555046144e-02 -5.8745501932e-01 8.0406111323e-01
   outer loop
     vertex 2.4703392640e-01 -3.9646763082e-02 6.9122506436e-02
     vertex 2.6890736320e-01 -4.3349006443e-02 6.8908246690e-02
     vertex 2.4703392640e-01 -2.2072509099e-02 8.1962430595e-02
   endloop
 endfacet
 facet normal  -1.7275031118e-02 -5.3572706090e-01 8.4421448076e-01
   outer loop
     vertex 2.6890736320e-01 -4.3349006443e-02 6.8908246690e-02
     vertex 2.6890736320e-01 -2.4040227794e-02 8.1161335770e-02
     vertex 2.4703392640e-01 -2.2072509099e-02 8.1962430595e-02
   endloop
 endfacet
 facet normal  2.4505840559e-02 -1.3107258276e-01 9.9106984710e-01
   outer loop
     vertex 2.4703392640e-01 -2.2072509099e-02 8.1962430595e-02
     vertex 2.6890736320e-01 -2.4040227794e-02 8.1161335770e-02
     vertex 2.4703392640e-01 7.4606987255e-17 8.4881600000e-02
   endloop
 endfacet
 facet normal  2.3595027741e-02 -1.3188798192e-01 9.9098377125e-01
   outer loop
     vertex 2.6890736320e-01 -2.4040227794e-02 8.1161335770e-02
     vertex 2.6890736320e-01 5.3956838997e-17 8.4360800000e-02
     vertex 2.4703392640e-01 7.4606987255e-17 8.4881600000e-02
   endloop
 endfacet
 facet normal  2.3595027741e-02 1.3188798192e-01 9.9098377125e-01
   outer loop
     vertex 2.4703392640e-01 7.4606987255e-17 8.4881600000e-02
     vertex 2.6890736320e-01 5.3956838997e-17 8.4360800000e-02
     vertex 2.6890736320e-01 2.4040227794e-02 8.1161335770e-02
   endloop
 endfacet
 facet normal  2.4505840559e-02 1.3107258276e-01 9.9106984710e-01
   outer loop
     vertex 2.4703392640e-01 7.4606987255e-17 8.4881600000e-02
     vertex 2.6890736320e-01 2.4040227794e-02 8.1161335770e-02
     vertex 2.4703392640e-01 2.2072509099e-02 8.1962430595e-02
   endloop
 endfacet
 facet normal  -1.7275031118e-02 5.3572706090e-01 8.4421448076e-01
   outer loop
     vertex 2.4703392640e-01 2.2072509099e-02 8.1962430595e-02
     vertex 2.6890736320e-01 2.4040227794e-02 8.1161335770e-02
     vertex 2.6890736320e-01 4.3349006443e-02 6.8908246690e-02
   endloop
 endfacet
 facet normal  -9.1555046144e-02 5.8745501932e-01 8.0406111323e-01
   outer loop
     vertex 2.4703392640e-01 2.2072509099e-02 8.1962430595e-02
     vertex 2.6890736320e-01 4.3349006443e-02 6.8908246690e-02
     vertex 2.4703392640e-01 3.9646763082e-02 6.9122506436e-02
   endloop
 endfacet
 facet normal  -1.2815037297e-01 7.9170104904e-01 5.9731644114e-01
   outer loop
     vertex 2.4703392640e-01 3.9646763082e-02 6.9122506436e-02
     vertex 2.6890736320e-01 4.3349006443e-02 6.8908246690e-02
     vertex 2.6890736320e-01 5.6467963336e-02 5.1519989446e-02
   endloop
 endfacet
 facet normal  -1.8945560152e-01 8.1672032186e-01 5.4504540261e-01
   outer loop
     vertex 2.4703392640e-01 3.9646763082e-02 6.9122506436e-02
     vertex 2.6890736320e-01 5.6467963336e-02 5.1519989446e-02
     vertex 2.4703392640e-01 5.1632627181e-02 5.1162353506e-02
   endloop
 endfacet
 facet normal  -2.0563928072e-01 9.0220080356e-01 3.7913875597e-01
   outer loop
     vertex 2.4703392640e-01 5.1632627181e-02 5.1162353506e-02
     vertex 2.6890736320e-01 5.6467963336e-02 5.1519989446e-02
     vertex 2.6890736320e-01 6.4632000000e-02 3.2092800000e-02
   endloop
 endfacet
 facet normal  -1.6872495221e-01 8.9371589347e-01 4.1569675517e-01
   outer loop
     vertex 2.4703392640e-01 5.1632627181e-02 5.1162353506e-02
     vertex 2.6890736320e-01 6.4632000000e-02 3.2092800000e-02
     vertex 2.4703392640e-01 6.0664000000e-02 3.1745600000e-02
   endloop
 endfacet
 facet normal  -1.9573983913e-01 9.2915420753e-01 -3.1362138640e-01
   outer loop
     vertex 2.6890736320e-01 6.4632000000e-02 3.2092800000e-02
     vertex 2.9072463680e-01 6.9368000000e-02 3.2507200000e-02
     vertex 2.6890736320e-01 5.7799445345e-02 1.1850249009e-02
   endloop
 endfacet
 facet normal  -2.0960042680e-01 9.3068015266e-01 -2.9983681316e-01
   outer loop
     vertex 2.9072463680e-01 6.9368000000e-02 3.2507200000e-02
     vertex 2.9072463680e-01 6.2962445183e-02 1.2624642310e-02
     vertex 2.6890736320e-01 5.7799445345e-02 1.1850249009e-02
   endloop
 endfacet
 facet normal  -1.6457938506e-01 7.8503441595e-01 -5.9718890796e-01
   outer loop
     vertex 2.6890736320e-01 5.7799445345e-02 1.1850249009e-02
     vertex 2.9072463680e-01 6.2962445183e-02 1.2624642310e-02
     vertex 2.6890736320e-01 4.4458687076e-02 -5.6868388974e-03
   endloop
 endfacet
 facet normal  -8.9112241469e-02 7.5171712729e-01 -6.5343734891e-01
   outer loop
     vertex 2.9072463680e-01 6.2962445183e-02 1.2624642310e-02
     vertex 2.9072463680e-01 4.8370602515e-02 -4.1618760460e-03
     vertex 2.6890736320e-01 4.4458687076e-02 -5.6868388974e-03
   endloop
 endfacet
 facet normal  -2.9218755936e-02 5.0029637114e-01 -8.6536108378e-01
   outer loop
     vertex 2.6890736320e-01 4.4458687076e-02 -5.6868388974e-03
     vertex 2.9072463680e-01 4.8370602515e-02 -4.1618760460e-03
     vertex 2.6890736320e-01 2.4377278843e-02 -1.7296623362e-02
   endloop
 endfacet
 facet normal  3.2743538212e-02 4.5685941839e-01 -8.8893606775e-01
   outer loop
     vertex 2.9072463680e-01 4.8370602515e-02 -4.1618760460e-03
     vertex 2.9072463680e-01 2.6571884728e-02 -1.5365099642e-02
     vertex 2.6890736320e-01 2.4377278843e-02 -1.7296623362e-02
   endloop
 endfacet
 facet normal  7.5905191352e-02 1.1693132439e-01 -9.9023505659e-01
   outer loop
     vertex 2.6890736320e-01 2.4377278843e-02 -1.7296623362e-02
     vertex 2.9072463680e-01 2.6571884728e-02 -1.5365099642e-02
     vertex 2.6890736320e-01 0.0000000000e+00 -2.0175200000e-02
   endloop
 endfacet
 facet normal  6.5811347751e-02 1.2516752290e-01 -9.8995048246e-01
   outer loop
     vertex 2.9072463680e-01 2.6571884728e-02 -1.5365099642e-02
     vertex 2.9072463680e-01 0.0000000000e+00 -1.8724800000e-02
     vertex 2.6890736320e-01 0.0000000000e+00 -2.0175200000e-02
   endloop
 endfacet
 facet normal  6.5811347751e-02 -1.2516752290e-01 -9.8995048246e-01
   outer loop
     vertex 2.6890736320e-01 0.0000000000e+00 -2.0175200000e-02
     vertex 2.9072463680e-01 0.0000000000e+00 -1.8724800000e-02
     vertex 2.9072463680e-01 -2.6571884728e-02 -1.5365099642e-02
   endloop
 endfacet
 facet normal  7.5905191352e-02 -1.1693132439e-01 -9.9023505659e-01
   outer loop
     vertex 2.6890736320e-01 0.0000000000e+00 -2.0175200000e-02
     vertex 2.9072463680e-01 -2.6571884728e-02 -1.5365099642e-02
     vertex 2.6890736320e-01 -2.4377278843e-02 -1.7296623362e-02
   endloop
 endfacet
 facet normal  3.2743538212e-02 -4.5685941839e-01 -8.8893606775e-01
   outer loop
     vertex 2.6890736320e-01 -2.4377278843e-02 -1.7296623362e-02
     vertex 2.9072463680e-01 -2.6571884728e-02 -1.5365099642e-02
     vertex 2.9072463680e-01 -4.8370602515e-02 -4.1618760460e-03
   endloop
 endfacet
 facet normal  -2.9218755936e-02 -5.0029637114e-01 -8.6536108378e-01
   outer loop
     vertex 2.6890736320e-01 -2.4377278843e-02 -1.7296623362e-02
     vertex 2.9072463680e-01 -4.8370602515e-02 -4.1618760460e-03
     vertex 2.6890736320e-01 -4.4458687076e-02 -5.6868388974e-03
   endloop
 endfacet
 facet normal  -8.9112241469e-02 -7.5171712729e-01 -6.5343734891e-01
   outer loop
     vertex 2.6890736320e-01 -4.4458687076e-02 -5.6868388974e-03
     vertex 2.9072463680e-01 -4.8370602515e-02 -4.1618760460e-03
     vertex 2.9072463680e-01 -6.2962445183e-02 1.2624642310e-02
   endloop
 endfacet
 facet normal  -1.6457938506e-01 -7.8503441595e-01 -5.9718890796e-01
   outer loop
     vertex 2.6890736320e-01 -4.4458687076e-02 -5.6868388974e-03
     vertex 2.9072463680e-01 -6.2962445183e-02 1.2624642310e-02
     vertex 2.6890736320e-01 -5.7799445345e-02 1.1850249009e-02
   endloop
 endfacet
 facet normal  -2.0960042680e-01 -9.3068015266e-01 -2.9983681316e-01
   outer loop
     vertex 2.6890736320e-01 -5.7799445345e-02 1.1850249009e-02
     vertex 2.9072463680e-01 -6.2962445183e-02 1.2624642310e-02
     vertex 2.9072463680e-01 -6.9368000000e-02 3.2507200000e-02
   endloop
 endfacet
 facet normal  -1.9573983913e-01 -9.2915420753e-01 -3.1362138640e-01
   outer loop
     vertex 2.6890736320e-01 -5.7799445345e-02 1.1850249009e-02
     vertex 2.9072463680e-01 -6.9368000000e-02 3.2507200000e-02
     vertex 2.6890736320e-01 -6.4632000000e-02 3.2092800000e-02
   endloop
 endfacet
 facet normal  -2.0315491310e-01 -9.0267904098e-01 3.7933972934e-01
   outer loop
     vertex 2.6890736320e-01 -6.4632000000e-02 3.2092800000e-02
     vertex 2.9072463680e-01 -6.9368000000e-02 3.2507200000e-02
     vertex 2.6890736320e-01 -5.6467963336e-02 5.1519989446e-02
   endloop
 endfacet
 facet normal  -2.4717312084e-01 -9.0972972996e-01 3.3361244994e-01
   outer loop
     vertex 2.9072463680e-01 -6.9368000000e-02 3.2507200000e-02
     vertex 2.9072463680e-01 -6.2239171005e-02 5.1946845246e-02
     vertex 2.6890736320e-01 -5.6467963336e-02 5.1519989446e-02
   endloop
 endfacet
 facet normal  -2.1760663813e-01 -7.7915347830e-01 5.8784964769e-01
   outer loop
     vertex 2.6890736320e-01 -5.6467963336e-02 5.1519989446e-02
     vertex 2.9072463680e-01 -6.2239171005e-02 5.1946845246e-02
     vertex 2.6890736320e-01 -4.3349006443e-02 6.8908246690e-02
   endloop
 endfacet
 facet normal  -1.4389829781e-01 -7.4797691965e-01 6.4793812017e-01
   outer loop
     vertex 2.9072463680e-01 -6.2239171005e-02 5.1946845246e-02
     vertex 2.9072463680e-01 -4.7767813035e-02 6.8652517316e-02
     vertex 2.6890736320e-01 -4.3349006443e-02 6.8908246690e-02
   endloop
 endfacet
 facet normal  -9.8147743400e-02 -5.3322006232e-01 8.4026387856e-01
   outer loop
     vertex 2.6890736320e-01 -4.3349006443e-02 6.8908246690e-02
     vertex 2.9072463680e-01 -4.7767813035e-02 6.8652517316e-02
     vertex 2.6890736320e-01 -2.4040227794e-02 8.1161335770e-02
   endloop
 endfacet
 facet normal  -1.2618916224e-02 -4.7536603517e-01 8.7969761598e-01
   outer loop
     vertex 2.9072463680e-01 -4.7767813035e-02 6.8652517316e-02
     vertex 2.9072463680e-01 -2.6388795270e-02 8.0205190333e-02
     vertex 2.6890736320e-01 -2.4040227794e-02 8.1161335770e-02
   endloop
 endfacet
 facet normal  2.9228300794e-02 -1.3186834670e-01 9.9083623550e-01
   outer loop
     vertex 2.6890736320e-01 -2.4040227794e-02 8.1161335770e-02
     vertex 2.9072463680e-01 -2.6388795270e-02 8.0205190333e-02
     vertex 2.6890736320e-01 5.3956838997e-17 8.4360800000e-02
   endloop
 endfacet
 facet normal  2.8227827489e-02 -1.3268294307e-01 9.9075649197e-01
   outer loop
     vertex 2.9072463680e-01 -2.6388795270e-02 8.0205190333e-02
     vertex 2.9072463680e-01 2.9309887850e-17 8.3739200000e-02
     vertex 2.6890736320e-01 5.3956838997e-17 8.4360800000e-02
   endloop
 endfacet
 facet normal  2.8227827489e-02 1.3268294307e-01 9.9075649197e-01
   outer loop
     vertex 2.6890736320e-01 5.3956838997e-17 8.4360800000e-02
     vertex 2.9072463680e-01 2.9309887850e-17 8.3739200000e-02
     vertex 2.9072463680e-01 2.6388795270e-02 8.0205190333e-02
   endloop
 endfacet
 facet normal  2.9228300794e-02 1.3186834670e-01 9.9083623550e-01
   outer loop
     vertex 2.6890736320e-01 5.3956838997e-17 8.4360800000e-02
     vertex 2.9072463680e-01 2.6388795270e-02 8.0205190333e-02
     vertex 2.6890736320e-01 2.4040227794e-02 8.1161335770e-02
   endloop
 endfacet
 facet normal  -1.2618916224e-02 4.7536603517e-01 8.7969761598e-01
   outer loop
     vertex 2.6890736320e-01 2.4040227794e-02 8.1161335770e-02
     vertex 2.9072463680e-01 2.6388795270e-02 8.0205190333e-02
     vertex 2.9072463680e-01 4.7767813035e-02 6.8652517316e-02
   endloop
 endfacet
 facet normal  -9.8147743400e-02 5.3322006232e-01 8.4026387856e-01
   outer loop
     vertex 2.6890736320e-01 2.4040227794e-02 8.1161335770e-02
     vertex 2.9072463680e-01 4.7767813035e-02 6.8652517316e-02
     vertex 2.6890736320e-01 4.3349006443e-02 6.8908246690e-02
   endloop
 endfacet
 facet normal  -1.4389829781e-01 7.4797691965e-01 6.4793812017e-01
   outer loop
     vertex 2.6890736320e-01 4.3349006443e-02 6.8908246690e-02
     vertex 2.9072463680e-01 4.7767813035e-02 6.8652517316e-02
     vertex 2.9072463680e-01 6.2239171005e-02 5.1946845246e-02
   endloop
 endfacet
 facet normal  -2.1760663813e-01 7.7915347830e-01 5.8784964769e-01
   outer loop
     vertex 2.6890736320e-01 4.3349006443e-02 6.8908246690e-02
     vertex 2.9072463680e-01 6.2239171005e-02 5.1946845246e-02
     vertex 2.6890736320e-01 5.6467963336e-02 5.1519989446e-02
   endloop
 endfacet
 facet normal  -2.4717312084e-01 9.0972972996e-01 3.3361244994e-01
   outer loop
     vertex 2.6890736320e-01 5.6467963336e-02 5.1519989446e-02
     vertex 2.9072463680e-01 6.2239171005e-02 5.1946845246e-02
     vertex 2.9072463680e-01 6.9368000000e-02 3.2507200000e-02
   endloop
 endfacet
 facet normal  -2.0315491310e-01 9.0267904098e-01 3.7933972934e-01
   outer loop
     vertex 2.6890736320e-01 5.6467963336e-02 5.1519989446e-02
     vertex 2.9072463680e-01 6.9368000000e-02 3.2507200000e-02
     vertex 2.6890736320e-01 6.4632000000e-02 3.2092800000e-02
   endloop
 endfacet
 facet normal  -1.6548648112e-01 9.3869919756e-01 -3.0242030531e-01
   outer loop
     vertex 2.9072463680e-01 6.9368000000e-02 3.2507200000e-02
     vertex 3.1259807360e-01 7.3336000000e-02 3.2854400000e-02
     vertex 2.9072463680e-01 6.2962445183e-02 1.2624642310e-02
   endloop
 endfacet
 facet normal  -1.7734555924e-01 9.4031906552e-01 -2.9042831754e-01
   outer loop
     vertex 3.1259807360e-01 7.3336000000e-02 3.2854400000e-02
     vertex 3.1259807360e-01 6.7288201804e-02 1.3273458319e-02
     vertex 2.9072463680e-01 6.2962445183e-02 1.2624642310e-02
   endloop
 endfacet
 facet normal  -1.2871607038e-01 7.4844156635e-01 -6.5059003603e-01
   outer loop
     vertex 2.9072463680e-01 6.2962445183e-02 1.2624642310e-02
     vertex 3.1259807360e-01 6.7288201804e-02 1.3273458319e-02
     vertex 2.9072463680e-01 4.8370602515e-02 -4.1618760460e-03
   endloop
 endfacet
 facet normal  -6.6888569719e-02 7.1691295554e-01 -6.9394649176e-01
   outer loop
     vertex 3.1259807360e-01 6.7288201804e-02 1.3273458319e-02
     vertex 3.1259807360e-01 5.1648153288e-02 -2.8842044678e-03
     vertex 2.9072463680e-01 4.8370602515e-02 -4.1618760460e-03
   endloop
 endfacet
 facet normal  -1.6538604096e-02 4.5704200483e-01 -8.8929133606e-01
   outer loop
     vertex 2.9072463680e-01 4.8370602515e-02 -4.1618760460e-03
     vertex 3.1259807360e-01 5.1648153288e-02 -2.8842044678e-03
     vertex 2.9072463680e-01 2.6571884728e-02 -1.5365099642e-02
   endloop
 endfacet
 facet normal  3.1409894103e-02 4.2326559438e-01 -9.0546101803e-01
   outer loop
     vertex 3.1259807360e-01 5.1648153288e-02 -2.8842044678e-03
     vertex 3.1259807360e-01 2.8410608578e-02 -1.3746795985e-02
     vertex 2.9072463680e-01 2.6571884728e-02 -1.5365099642e-02
   endloop
 endfacet
 facet normal  6.2732009609e-02 1.2519240062e-01 -9.9014724046e-01
   outer loop
     vertex 2.9072463680e-01 2.6571884728e-02 -1.5365099642e-02
     vertex 3.1259807360e-01 2.8410608578e-02 -1.3746795985e-02
     vertex 2.9072463680e-01 0.0000000000e+00 -1.8724800000e-02
   endloop
 endfacet
 facet normal  5.4991686980e-02 1.3109839341e-01 -9.8984298028e-01
   outer loop
     vertex 3.1259807360e-01 2.8410608578e-02 -1.3746795985e-02
     vertex 3.1259807360e-01 0.0000000000e+00 -1.7509600000e-02
     vertex 2.9072463680e-01 0.0000000000e+00 -1.8724800000e-02
   endloop
 endfacet
 facet normal  5.4991686980e-02 -1.3109839341e-01 -9.8984298028e-01
   outer loop
     vertex 2.9072463680e-01 0.0000000000e+00 -1.8724800000e-02
     vertex 3.1259807360e-01 0.0000000000e+00 -1.7509600000e-02
     vertex 3.1259807360e-01 -2.8410608578e-02 -1.3746795985e-02
   endloop
 endfacet
 facet normal  6.2732009609e-02 -1.2519240062e-01 -9.9014724046e-01
   outer loop
     vertex 2.9072463680e-01 0.0000000000e+00 -1.8724800000e-02
     vertex 3.1259807360e-01 -2.8410608578e-02 -1.3746795985e-02
     vertex 2.9072463680e-01 -2.6571884728e-02 -1.5365099642e-02
   endloop
 endfacet
 facet normal  3.1409894103e-02 -4.2326559438e-01 -9.0546101803e-01
   outer loop
     vertex 2.9072463680e-01 -2.6571884728e-02 -1.5365099642e-02
     vertex 3.1259807360e-01 -2.8410608578e-02 -1.3746795985e-02
     vertex 3.1259807360e-01 -5.1648153288e-02 -2.8842044678e-03
   endloop
 endfacet
 facet normal  -1.6538604096e-02 -4.5704200483e-01 -8.8929133606e-01
   outer loop
     vertex 2.9072463680e-01 -2.6571884728e-02 -1.5365099642e-02
     vertex 3.1259807360e-01 -5.1648153288e-02 -2.8842044678e-03
     vertex 2.9072463680e-01 -4.8370602515e-02 -4.1618760460e-03
   endloop
 endfacet
 facet normal  -6.6888569719e-02 -7.1691295554e-01 -6.9394649176e-01
   outer loop
     vertex 2.9072463680e-01 -4.8370602515e-02 -4.1618760460e-03
     vertex 3.1259807360e-01 -5.1648153288e-02 -2.8842044678e-03
     vertex 3.1259807360e-01 -6.7288201804e-02 1.3273458319e-02
   endloop
 endfacet
 facet normal  -1.2871607038e-01 -7.4844156635e-01 -6.5059003603e-01
   outer loop
     vertex 2.9072463680e-01 -4.8370602515e-02 -4.1618760460e-03
     vertex 3.1259807360e-01 -6.7288201804e-02 1.3273458319e-02
     vertex 2.9072463680e-01 -6.2962445183e-02 1.2624642310e-02
   endloop
 endfacet
 facet normal  -1.7734555924e-01 -9.4031906552e-01 -2.9042831754e-01
   outer loop
     vertex 2.9072463680e-01 -6.2962445183e-02 1.2624642310e-02
     vertex 3.1259807360e-01 -6.7288201804e-02 1.3273458319e-02
     vertex 3.1259807360e-01 -7.3336000000e-02 3.2854400000e-02
   endloop
 endfacet
 facet normal  -1.6548648112e-01 -9.3869919756e-01 -3.0242030531e-01
   outer loop
     vertex 2.9072463680e-01 -6.2962445183e-02 1.2624642310e-02
     vertex 3.1259807360e-01 -7.3336000000e-02 3.2854400000e-02
     vertex 2.9072463680e-01 -6.9368000000e-02 3.2507200000e-02
   endloop
 endfacet
 facet normal  -1.7312692055e-01 -9.2468408933e-01 3.3909645283e-01
   outer loop
     vertex 2.9072463680e-01 -6.9368000000e-02 3.2507200000e-02
     vertex 3.1259807360e-01 -7.3336000000e-02 3.2854400000e-02
     vertex 2.9072463680e-01 -6.2239171005e-02 5.1946845246e-02
   endloop
 endfacet
 facet normal  -2.1060313925e-01 -9.3054109682e-01 2.9956566037e-01
   outer loop
     vertex 3.1259807360e-01 -7.3336000000e-02 3.2854400000e-02
     vertex 3.1259807360e-01 -6.7074507160e-02 5.2304481186e-02
     vertex 2.9072463680e-01 -6.2239171005e-02 5.1946845246e-02
   endloop
 endfacet
 facet normal  -1.7504680930e-01 -7.4417323649e-01 6.4464316380e-01
   outer loop
     vertex 2.9072463680e-01 -6.2239171005e-02 5.1946845246e-02
     vertex 3.1259807360e-01 -6.7074507160e-02 5.2304481186e-02
     vertex 2.9072463680e-01 -4.7767813035e-02 6.8652517316e-02
   endloop
 endfacet
 facet normal  -1.1410221956e-01 -7.1410537553e-01 6.9067662197e-01
   outer loop
     vertex 3.1259807360e-01 -6.7074507160e-02 5.2304481186e-02
     vertex 3.1259807360e-01 -5.1470056396e-02 6.8438257570e-02
     vertex 2.9072463680e-01 -4.7767813035e-02 6.8652517316e-02
   endloop
 endfacet
 facet normal  -7.1663243290e-02 -4.7418156931e-01 8.7750568026e-01
   outer loop
     vertex 2.9072463680e-01 -4.7767813035e-02 6.8652517316e-02
     vertex 3.1259807360e-01 -5.1470056396e-02 6.8438257570e-02
     vertex 2.9072463680e-01 -2.6388795270e-02 8.0205190333e-02
   endloop
 endfacet
 facet normal  -5.4710053184e-03 -4.2863272671e-01 9.0346225914e-01
   outer loop
     vertex 3.1259807360e-01 -5.1470056396e-02 6.8438257570e-02
     vertex 3.1259807360e-01 -2.8356513966e-02 7.9404095507e-02
     vertex 2.9072463680e-01 -2.6388795270e-02 8.0205190333e-02
   endloop
 endfacet
 facet normal  2.4351980312e-02 -1.3269647297e-01 9.9085752110e-01
   outer loop
     vertex 2.9072463680e-01 -2.6388795270e-02 8.0205190333e-02
     vertex 3.1259807360e-01 -2.8356513966e-02 7.9404095507e-02
     vertex 2.9072463680e-01 2.9309887850e-17 8.3739200000e-02
   endloop
 endfacet
 facet normal  2.3590612448e-02 -1.3327472225e-01 9.9079833034e-01
   outer loop
     vertex 3.1259807360e-01 -2.8356513966e-02 7.9404095507e-02
     vertex 3.1259807360e-01 8.6597395921e-18 8.3218400000e-02
     vertex 2.9072463680e-01 2.9309887850e-17 8.3739200000e-02
   endloop
 endfacet
 facet normal  2.3590612448e-02 1.3327472225e-01 9.9079833034e-01
   outer loop
     vertex 2.9072463680e-01 2.9309887850e-17 8.3739200000e-02
     vertex 3.1259807360e-01 8.6597395921e-18 8.3218400000e-02
     vertex 3.1259807360e-01 2.8356513966e-02 7.9404095507e-02
   endloop
 endfacet
 facet normal  2.4351980312e-02 1.3269647297e-01 9.9085752110e-01
   outer loop
     vertex 2.9072463680e-01 2.9309887850e-17 8.3739200000e-02
     vertex 3.1259807360e-01 2.8356513966e-02 7.9404095507e-02
     vertex 2.9072463680e-01 2.6388795270e-02 8.0205190333e-02
   endloop
 endfacet
 facet normal  -5.4710053184e-03 4.2863272671e-01 9.0346225914e-01
   outer loop
     vertex 2.9072463680e-01 2.6388795270e-02 8.0205190333e-02
     vertex 3.1259807360e-01 2.8356513966e-02 7.9404095507e-02
     vertex 3.1259807360e-01 5.1470056396e-02 6.8438257570e-02
   endloop
 endfacet
 facet normal  -7.1663243290e-02 4.7418156931e-01 8.7750568026e-01
   outer loop
     vertex 2.9072463680e-01 2.6388795270e-02 8.0205190333e-02
     vertex 3.1259807360e-01 5.1470056396e-02 6.8438257570e-02
     vertex 2.9072463680e-01 4.7767813035e-02 6.8652517316e-02
   endloop
 endfacet
 facet normal  -1.1410221956e-01 7.1410537553e-01 6.9067662197e-01
   outer loop
     vertex 2.9072463680e-01 4.7767813035e-02 6.8652517316e-02
     vertex 3.1259807360e-01 5.1470056396e-02 6.8438257570e-02
     vertex 3.1259807360e-01 6.7074507160e-02 5.2304481186e-02
   endloop
 endfacet
 facet normal  -1.7504680930e-01 7.4417323649e-01 6.4464316380e-01
   outer loop
     vertex 2.9072463680e-01 4.7767813035e-02 6.8652517316e-02
     vertex 3.1259807360e-01 6.7074507160e-02 5.2304481186e-02
     vertex 2.9072463680e-01 6.2239171005e-02 5.1946845246e-02
   endloop
 endfacet
 facet normal  -2.1060313925e-01 9.3054109682e-01 2.9956566037e-01
   outer loop
     vertex 2.9072463680e-01 6.2239171005e-02 5.1946845246e-02
     vertex 3.1259807360e-01 6.7074507160e-02 5.2304481186e-02
     vertex 3.1259807360e-01 7.3336000000e-02 3.2854400000e-02
   endloop
 endfacet
 facet normal  -1.7312692055e-01 9.2468408933e-01 3.3909645283e-01
   outer loop
     vertex 2.9072463680e-01 6.2239171005e-02 5.1946845246e-02
     vertex 3.1259807360e-01 7.3336000000e-02 3.2854400000e-02
     vertex 2.9072463680e-01 6.9368000000e-02 3.2507200000e-02
   endloop
 endfacet
 facet normal  -7.0008846705e-02 9.5312011768e-01 -2.9438206918e-01
   outer loop
     vertex 3.1259807360e-01 7.3336000000e-02 3.2854400000e-02
     vertex 3.3464000000e-01 7.5000000000e-02 3.3000000000e-02
     vertex 3.1259807360e-01 6.7288201804e-02 1.3273458319e-02
   endloop
 endfacet
 facet normal  -7.4966536765e-02 9.5429760112e-01 -2.8930279444e-01
   outer loop
     vertex 3.3464000000e-01 7.5000000000e-02 3.3000000000e-02
     vertex 3.3464000000e-01 6.9102228774e-02 1.3545542452e-02
     vertex 3.1259807360e-01 6.7288201804e-02 1.3273458319e-02
   endloop
 endfacet
 facet normal  -5.0483888350e-02 7.1760591530e-01 -6.9461725241e-01
   outer loop
     vertex 3.1259807360e-01 6.7288201804e-02 1.3273458319e-02
     vertex 3.3464000000e-01 6.9102228774e-02 1.3545542452e-02
     vertex 3.1259807360e-01 5.1648153288e-02 -2.8842044678e-03
   endloop
 endfacet
 facet normal  -2.6538593388e-02 7.0274118070e-01 -7.1095044553e-01
   outer loop
     vertex 3.3464000000e-01 6.9102228774e-02 1.3545542452e-02
     vertex 3.3464000000e-01 5.3022610064e-02 -2.3484067093e-03
     vertex 3.1259807360e-01 5.1648153288e-02 -2.8842044678e-03
   endloop
 endfacet
 facet normal  -4.3854173242e-03 4.2347046987e-01 -9.0589929311e-01
   outer loop
     vertex 3.1259807360e-01 5.1648153288e-02 -2.8842044678e-03
     vertex 3.3464000000e-01 5.3022610064e-02 -2.3484067093e-03
     vertex 3.1259807360e-01 2.8410608578e-02 -1.3746795985e-02
   endloop
 endfacet
 facet normal  1.3733593036e-02 4.1005016580e-01 -9.1195956596e-01
   outer loop
     vertex 3.3464000000e-01 5.3022610064e-02 -2.3484067093e-03
     vertex 3.3464000000e-01 2.9181686322e-02 -1.3068152516e-02
     vertex 3.1259807360e-01 2.8410608578e-02 -1.3746795985e-02
   endloop
 endfacet
 facet normal  2.5920430524e-02 1.3125295591e-01 -9.9100998625e-01
   outer loop
     vertex 3.1259807360e-01 2.8410608578e-02 -1.3746795985e-02
     vertex 3.3464000000e-01 2.9181686322e-02 -1.3068152516e-02
     vertex 3.1259807360e-01 0.0000000000e+00 -1.7509600000e-02
   endloop
 endfacet
 facet normal  2.2906522590e-02 1.3349517577e-01 -9.9078470379e-01
   outer loop
     vertex 3.3464000000e-01 2.9181686322e-02 -1.3068152516e-02
     vertex 3.3464000000e-01 0.0000000000e+00 -1.7000000000e-02
     vertex 3.1259807360e-01 0.0000000000e+00 -1.7509600000e-02
   endloop
 endfacet
 facet normal  2.2906522590e-02 -1.3349517577e-01 -9.9078470379e-01
   outer loop
     vertex 3.1259807360e-01 0.0000000000e+00 -1.7509600000e-02
     vertex 3.3464000000e-01 0.0000000000e+00 -1.7000000000e-02
     vertex 3.3464000000e-01 -2.9181686322e-02 -1.3068152516e-02
   endloop
 endfacet
 facet normal  2.5920430524e-02 -1.3125295591e-01 -9.9100998625e-01
   outer loop
     vertex 3.1259807360e-01 0.0000000000e+00 -1.7509600000e-02
     vertex 3.3464000000e-01 -2.9181686322e-02 -1.3068152516e-02
     vertex 3.1259807360e-01 -2.8410608578e-02 -1.3746795985e-02
   endloop
 endfacet
 facet normal  1.3733593036e-02 -4.1005016580e-01 -9.1195956596e-01
   outer loop
     vertex 3.1259807360e-01 -2.8410608578e-02 -1.3746795985e-02
     vertex 3.3464000000e-01 -2.9181686322e-02 -1.3068152516e-02
     vertex 3.3464000000e-01 -5.3022610064e-02 -2.3484067093e-03
   endloop
 endfacet
 facet normal  -4.3854173242e-03 -4.2347046987e-01 -9.0589929311e-01
   outer loop
     vertex 3.1259807360e-01 -2.8410608578e-02 -1.3746795985e-02
     vertex 3.3464000000e-01 -5.3022610064e-02 -2.3484067093e-03
     vertex 3.1259807360e-01 -5.1648153288e-02 -2.8842044678e-03
   endloop
 endfacet
 facet normal  -2.6538593388e-02 -7.0274118070e-01 -7.1095044553e-01
   outer loop
     vertex 3.1259807360e-01 -5.1648153288e-02 -2.8842044678e-03
     vertex 3.3464000000e-01 -5.3022610064e-02 -2.3484067093e-03
     vertex 3.3464000000e-01 -6.9102228774e-02 1.3545542452e-02
   endloop
 endfacet
 facet normal  -5.0483888350e-02 -7.1760591530e-01 -6.9461725241e-01
   outer loop
     vertex 3.1259807360e-01 -5.1648153288e-02 -2.8842044678e-03
     vertex 3.3464000000e-01 -6.9102228774e-02 1.3545542452e-02
     vertex 3.1259807360e-01 -6.7288201804e-02 1.3273458319e-02
   endloop
 endfacet
 facet normal  -7.4966536765e-02 -9.5429760112e-01 -2.8930279444e-01
   outer loop
     vertex 3.1259807360e-01 -6.7288201804e-02 1.3273458319e-02
     vertex 3.3464000000e-01 -6.9102228774e-02 1.3545542452e-02
     vertex 3.3464000000e-01 -7.5000000000e-02 3.3000000000e-02
   endloop
 endfacet
 facet normal  -7.0008846705e-02 -9.5312011768e-01 -2.9438206918e-01
   outer loop
     vertex 3.1259807360e-01 -6.7288201804e-02 1.3273458319e-02
     vertex 3.3464000000e-01 -7.5000000000e-02 3.3000000000e-02
     vertex 3.1259807360e-01 -7.3336000000e-02 3.2854400000e-02
   endloop
 endfacet
 facet normal  -7.3683946455e-02 -9.4930285730e-01 3.0560556466e-01
   outer loop
     vertex 3.1259807360e-01 -7.3336000000e-02 3.2854400000e-02
     vertex 3.3464000000e-01 -7.5000000000e-02 3.3000000000e-02
     vertex 3.1259807360e-01 -6.7074507160e-02 5.2304481186e-02
   endloop
 endfacet
 facet normal  -8.9648816010e-02 -9.5313714318e-01 2.8895099253e-01
   outer loop
     vertex 3.3464000000e-01 -7.5000000000e-02 3.3000000000e-02
     vertex 3.3464000000e-01 -6.9102228774e-02 5.2454457548e-02
     vertex 3.1259807360e-01 -6.7074507160e-02 5.2304481186e-02
   endloop
 endfacet
 facet normal  -7.0678319697e-02 -7.1700224357e-01 6.9347844800e-01
   outer loop
     vertex 3.1259807360e-01 -6.7074507160e-02 5.2304481186e-02
     vertex 3.3464000000e-01 -6.9102228774e-02 5.2454457548e-02
     vertex 3.1259807360e-01 -5.1470056396e-02 6.8438257570e-02
   endloop
 endfacet
 facet normal  -4.6566308020e-02 -7.0222617926e-01 7.1042942796e-01
   outer loop
     vertex 3.3464000000e-01 -6.9102228774e-02 5.2454457548e-02
     vertex 3.3464000000e-01 -5.3022610064e-02 6.8348406709e-02
     vertex 3.1259807360e-01 -5.1470056396e-02 6.8438257570e-02
   endloop
 endfacet
 facet normal  -2.6499589440e-02 -4.2848861406e-01 9.0315850180e-01
   outer loop
     vertex 3.1259807360e-01 -5.1470056396e-02 6.8438257570e-02
     vertex 3.3464000000e-01 -5.3022610064e-02 6.8348406709e-02
     vertex 3.1259807360e-01 -2.8356513966e-02 7.9404095507e-02
   endloop
 endfacet
 facet normal  -1.4517161708e-03 -4.1008840924e-01 9.1204462014e-01
   outer loop
     vertex 3.3464000000e-01 -5.3022610064e-02 6.8348406709e-02
     vertex 3.3464000000e-01 -2.9181686322e-02 7.9068152516e-02
     vertex 3.1259807360e-01 -2.8356513966e-02 7.9404095507e-02
   endloop
 endfacet
 facet normal  1.0113806535e-02 -1.3330500421e-01 9.9102345420e-01
   outer loop
     vertex 3.1259807360e-01 -2.8356513966e-02 7.9404095507e-02
     vertex 3.3464000000e-01 -2.9181686322e-02 7.9068152516e-02
     vertex 3.1259807360e-01 8.6597395921e-18 8.3218400000e-02
   endloop
 endfacet
 facet normal  9.8191842790e-03 -1.3352377520e-01 9.9099696522e-01
   outer loop
     vertex 3.3464000000e-01 -2.9181686322e-02 7.9068152516e-02
     vertex 3.3464000000e-01 0.0000000000e+00 8.3000000000e-02
     vertex 3.1259807360e-01 8.6597395921e-18 8.3218400000e-02
   endloop
 endfacet
 facet normal  9.8191842790e-03 1.3352377520e-01 9.9099696522e-01
   outer loop
     vertex 3.1259807360e-01 8.6597395921e-18 8.3218400000e-02
     vertex 3.3464000000e-01 0.0000000000e+00 8.3000000000e-02
     vertex 3.3464000000e-01 2.9181686322e-02 7.9068152516e-02
   endloop
 endfacet
 facet normal  1.0113806535e-02 1.3330500421e-01 9.9102345420e-01
   outer loop
     vertex 3.1259807360e-01 8.6597395921e-18 8.3218400000e-02
     vertex 3.3464000000e-01 2.9181686322e-02 7.9068152516e-02
     vertex 3.1259807360e-01 2.8356513966e-02 7.9404095507e-02
   endloop
 endfacet
 facet normal  -1.4517161708e-03 4.1008840924e-01 9.1204462014e-01
   outer loop
     vertex 3.1259807360e-01 2.8356513966e-02 7.9404095507e-02
     vertex 3.3464000000e-01 2.9181686322e-02 7.9068152516e-02
     vertex 3.3464000000e-01 5.3022610064e-02 6.8348406709e-02
   endloop
 endfacet
 facet normal  -2.6499589440e-02 4.2848861406e-01 9.0315850180e-01
   outer loop
     vertex 3.1259807360e-01 2.8356513966e-02 7.9404095507e-02
     vertex 3.3464000000e-01 5.3022610064e-02 6.8348406709e-02
     vertex 3.1259807360e-01 5.1470056396e-02 6.8438257570e-02
   endloop
 endfacet
 facet normal  -4.6566308020e-02 7.0222617926e-01 7.1042942796e-01
   outer loop
     vertex 3.1259807360e-01 5.1470056396e-02 6.8438257570e-02
     vertex 3.3464000000e-01 5.3022610064e-02 6.8348406709e-02
     vertex 3.3464000000e-01 6.9102228774e-02 5.2454457548e-02
   endloop
 endfacet
 facet normal  -7.0678319697e-02 7.1700224357e-01 6.9347844800e-01
   outer loop
     vertex 3.1259807360e-01 5.1470056396e-02 6.8438257570e-02
     vertex 3.3464000000e-01 6.9102228774e-02 5.2454457548e-02
     vertex 3.1259807360e-01 6.7074507160e-02 5.2304481186e-02
   endloop
 endfacet
 facet normal  -8.9648816010e-02 9.5313714318e-01 2.8895099253e-01
   outer loop
     vertex 3.1259807360e-01 6.7074507160e-02 5.2304481186e-02
     vertex 3.3464000000e-01 6.9102228774e-02 5.2454457548e-02
     vertex 3.3464000000e-01 7.5000000000e-02 3.3000000000e-02
   endloop
 endfacet
 facet normal  -7.3683946455e-02 9.4930285730e-01 3.0560556466e-01
   outer loop
     vertex 3.1259807360e-01 6.7074507160e-02 5.2304481186e-02
     vertex 3.3464000000e-01 7.5000000000e-02 3.3000000000e-02
     vertex 3.1259807360e-01 7.3336000000e-02 3.2854400000e-02
   endloop
 endfacet
 facet normal  7.9647280152e-03 9.5696016984e-01 -2.9010997301e-01
   outer loop
     vertex 3.3464000000e-01 7.5000000000e-02 3.3000000000e-02
     vertex 3.5980740988e-01 7.4532000000e-02 3.2147200000e-02
     vertex 3.3464000000e-01 6.9102228774e-02 1.3545542452e-02
   endloop
 endfacet
 facet normal  6.3020638960e-02 9.3187061668e-01 -3.5727517803e-01
   outer loop
     vertex 3.5980740988e-01 7.4532000000e-02 3.2147200000e-02
     vertex 3.5980740988e-01 6.7423233445e-02 1.3605607746e-02
     vertex 3.3464000000e-01 6.9102228774e-02 1.3545542452e-02
   endloop
 endfacet
 facet normal  4.8538637716e-02 7.0216017184e-01 -7.1036264945e-01
   outer loop
     vertex 3.3464000000e-01 6.9102228774e-02 1.3545542452e-02
     vertex 3.5980740988e-01 6.7423233445e-02 1.3605607746e-02
     vertex 3.3464000000e-01 5.3022610064e-02 -2.3484067093e-03
   endloop
 endfacet
 facet normal  5.5366337456e-02 6.9617656531e-01 -7.1573232328e-01
   outer loop
     vertex 3.5980740988e-01 6.7423233445e-02 1.3605607746e-02
     vertex 3.5980740988e-01 5.1359429674e-02 -2.0192891203e-03
     vertex 3.3464000000e-01 5.3022610064e-02 -2.3484067093e-03
   endloop
 endfacet
 facet normal  3.8997846232e-02 4.0977688460e-01 -9.1135178325e-01
   outer loop
     vertex 3.3464000000e-01 5.3022610064e-02 -2.3484067093e-03
     vertex 3.5980740988e-01 5.1359429674e-02 -2.0192891203e-03
     vertex 3.3464000000e-01 2.9181686322e-02 -1.3068152516e-02
   endloop
 endfacet
 facet normal  2.5089120848e-02 4.2282627605e-01 -9.0586338721e-01
   outer loop
     vertex 3.5980740988e-01 5.1359429674e-02 -2.0192891203e-03
     vertex 3.5980740988e-01 2.8208542566e-02 -1.2825337274e-02
     vertex 3.3464000000e-01 2.9181686322e-02 -1.3068152516e-02
   endloop
 endfacet
 facet normal  1.4723195394e-02 1.3351573898e-01 -9.9093732141e-01
   outer loop
     vertex 3.3464000000e-01 2.9181686322e-02 -1.3068152516e-02
     vertex 3.5980740988e-01 2.8208542566e-02 -1.2825337274e-02
     vertex 3.3464000000e-01 0.0000000000e+00 -1.7000000000e-02
   endloop
 endfacet
 facet normal  3.2716106652e-03 1.4354060150e-01 -9.8963902120e-01
   outer loop
     vertex 3.5980740988e-01 2.8208542566e-02 -1.2825337274e-02
     vertex 3.5980740988e-01 0.0000000000e+00 -1.6916800000e-02
     vertex 3.3464000000e-01 0.0000000000e+00 -1.7000000000e-02
   endloop
 endfacet
 facet normal  3.2716106652e-03 -1.4354060150e-01 -9.8963902120e-01
   outer loop
     vertex 3.3464000000e-01 0.0000000000e+00 -1.7000000000e-02
     vertex 3.5980740988e-01 0.0000000000e+00 -1.6916800000e-02
     vertex 3.5980740988e-01 -2.8208542566e-02 -1.2825337274e-02
   endloop
 endfacet
 facet normal  1.4723195394e-02 -1.3351573898e-01 -9.9093732141e-01
   outer loop
     vertex 3.3464000000e-01 0.0000000000e+00 -1.7000000000e-02
     vertex 3.5980740988e-01 -2.8208542566e-02 -1.2825337274e-02
     vertex 3.3464000000e-01 -2.9181686322e-02 -1.3068152516e-02
   endloop
 endfacet
 facet normal  2.5089120848e-02 -4.2282627605e-01 -9.0586338721e-01
   outer loop
     vertex 3.3464000000e-01 -2.9181686322e-02 -1.3068152516e-02
     vertex 3.5980740988e-01 -2.8208542566e-02 -1.2825337274e-02
     vertex 3.5980740988e-01 -5.1359429674e-02 -2.0192891203e-03
   endloop
 endfacet
 facet normal  3.8997846232e-02 -4.0977688460e-01 -9.1135178325e-01
   outer loop
     vertex 3.3464000000e-01 -2.9181686322e-02 -1.3068152516e-02
     vertex 3.5980740988e-01 -5.1359429674e-02 -2.0192891203e-03
     vertex 3.3464000000e-01 -5.3022610064e-02 -2.3484067093e-03
   endloop
 endfacet
 facet normal  5.5366337456e-02 -6.9617656531e-01 -7.1573232328e-01
   outer loop
     vertex 3.3464000000e-01 -5.3022610064e-02 -2.3484067093e-03
     vertex 3.5980740988e-01 -5.1359429674e-02 -2.0192891203e-03
     vertex 3.5980740988e-01 -6.7423233445e-02 1.3605607746e-02
   endloop
 endfacet
 facet normal  4.8538637716e-02 -7.0216017184e-01 -7.1036264945e-01
   outer loop
     vertex 3.3464000000e-01 -5.3022610064e-02 -2.3484067093e-03
     vertex 3.5980740988e-01 -6.7423233445e-02 1.3605607746e-02
     vertex 3.3464000000e-01 -6.9102228774e-02 1.3545542452e-02
   endloop
 endfacet
 facet normal  6.3020638960e-02 -9.3187061668e-01 -3.5727517803e-01
   outer loop
     vertex 3.3464000000e-01 -6.9102228774e-02 1.3545542452e-02
     vertex 3.5980740988e-01 -6.7423233445e-02 1.3605607746e-02
     vertex 3.5980740988e-01 -7.4532000000e-02 3.2147200000e-02
   endloop
 endfacet
 facet normal  7.9647280152e-03 -9.5696016984e-01 -2.9010997301e-01
   outer loop
     vertex 3.3464000000e-01 -6.9102228774e-02 1.3545542452e-02
     vertex 3.5980740988e-01 -7.4532000000e-02 3.2147200000e-02
     vertex 3.3464000000e-01 -7.5000000000e-02 3.3000000000e-02
   endloop
 endfacet
 facet normal  2.7615874106e-02 -9.5662553702e-01 2.9000852645e-01
   outer loop
     vertex 3.3464000000e-01 -7.5000000000e-02 3.3000000000e-02
     vertex 3.5980740988e-01 -7.4532000000e-02 3.2147200000e-02
     vertex 3.3464000000e-01 -6.9102228774e-02 5.2454457548e-02
   endloop
 endfacet
 facet normal  2.9274915993e-02 -9.5600140408e-01 2.9189774699e-01
   outer loop
     vertex 3.5980740988e-01 -7.4532000000e-02 3.2147200000e-02
     vertex 3.5980740988e-01 -6.8538614861e-02 5.1776281304e-02
     vertex 3.3464000000e-01 -6.9102228774e-02 5.2454457548e-02
   endloop
 endfacet
 facet normal  3.4886349715e-02 -7.0256086164e-01 7.1076802003e-01
   outer loop
     vertex 3.3464000000e-01 -6.9102228774e-02 5.2454457548e-02
     vertex 3.5980740988e-01 -6.8538614861e-02 5.1776281304e-02
     vertex 3.3464000000e-01 -5.3022610064e-02 6.8348406709e-02
   endloop
 endfacet
 facet normal  5.4203426179e-02 -6.8652121907e-01 7.2508661852e-01
   outer loop
     vertex 3.5980740988e-01 -6.8538614861e-02 5.1776281304e-02
     vertex 3.5980740988e-01 -5.2155767341e-02 6.7287769399e-02
     vertex 3.3464000000e-01 -5.3022610064e-02 6.8348406709e-02
   endloop
 endfacet
 facet normal  5.2488857415e-02 -4.0952353792e-01 9.1078833531e-01
   outer loop
     vertex 3.3464000000e-01 -5.3022610064e-02 6.8348406709e-02
     vertex 3.5980740988e-01 -5.2155767341e-02 6.7287769399e-02
     vertex 3.3464000000e-01 -2.9181686322e-02 7.9068152516e-02
   endloop
 endfacet
 facet normal  6.7822757514e-02 -3.9539910538e-01 9.1600197654e-01
   outer loop
     vertex 3.5980740988e-01 -5.2155767341e-02 6.7287769399e-02
     vertex 3.5980740988e-01 -2.8506693685e-02 7.7496068951e-02
     vertex 3.3464000000e-01 -2.9181686322e-02 7.9068152516e-02
   endloop
 endfacet
 facet normal  6.5346984252e-02 -1.3324480534e-01 9.8892648539e-01
   outer loop
     vertex 3.3464000000e-01 -2.9181686322e-02 7.9068152516e-02
     vertex 3.5980740988e-01 -2.8506693685e-02 7.7496068951e-02
     vertex 3.3464000000e-01 0.0000000000e+00 8.3000000000e-02
   endloop
 endfacet
 facet normal  7.0305627308e-02 -1.2891222734e-01 9.8916063226e-01
   outer loop
     vertex 3.5980740988e-01 -2.8506693685e-02 7.7496068951e-02
     vertex 3.5980740988e-01 4.3298697960e-18 8.1211200000e-02
     vertex 3.3464000000e-01 0.0000000000e+00 8.3000000000e-02
   endloop
 endfacet
 facet normal  7.0305627308e-02 1.2891222734e-01 9.8916063226e-01
   outer loop
     vertex 3.3464000000e-01 0.0000000000e+00 8.3000000000e-02
     vertex 3.5980740988e-01 4.3298697960e-18 8.1211200000e-02
     vertex 3.5980740988e-01 2.8506693685e-02 7.7496068951e-02
   endloop
 endfacet
 facet normal  6.5346984252e-02 1.3324480534e-01 9.8892648539e-01
   outer loop
     vertex 3.3464000000e-01 0.0000000000e+00 8.3000000000e-02
     vertex 3.5980740988e-01 2.8506693685e-02 7.7496068951e-02
     vertex 3.3464000000e-01 2.9181686322e-02 7.9068152516e-02
   endloop
 endfacet
 facet normal  6.7822757514e-02 3.9539910538e-01 9.1600197654e-01
   outer loop
     vertex 3.3464000000e-01 2.9181686322e-02 7.9068152516e-02
     vertex 3.5980740988e-01 2.8506693685e-02 7.7496068951e-02
     vertex 3.5980740988e-01 5.2155767341e-02 6.7287769399e-02
   endloop
 endfacet
 facet normal  5.2488857415e-02 4.0952353792e-01 9.1078833531e-01
   outer loop
     vertex 3.3464000000e-01 2.9181686322e-02 7.9068152516e-02
     vertex 3.5980740988e-01 5.2155767341e-02 6.7287769399e-02
     vertex 3.3464000000e-01 5.3022610064e-02 6.8348406709e-02
   endloop
 endfacet
 facet normal  5.4203426179e-02 6.8652121907e-01 7.2508661852e-01
   outer loop
     vertex 3.3464000000e-01 5.3022610064e-02 6.8348406709e-02
     vertex 3.5980740988e-01 5.2155767341e-02 6.7287769399e-02
     vertex 3.5980740988e-01 6.8538614861e-02 5.1776281304e-02
   endloop
 endfacet
 facet normal  3.4886349715e-02 7.0256086164e-01 7.1076802003e-01
   outer loop
     vertex 3.3464000000e-01 5.3022610064e-02 6.8348406709e-02
     vertex 3.5980740988e-01 6.8538614861e-02 5.1776281304e-02
     vertex 3.3464000000e-01 6.9102228774e-02 5.2454457548e-02
   endloop
 endfacet
 facet normal  2.9274915993e-02 9.5600140408e-01 2.9189774699e-01
   outer loop
     vertex 3.3464000000e-01 6.9102228774e-02 5.2454457548e-02
     vertex 3.5980740988e-01 6.8538614861e-02 5.1776281304e-02
     vertex 3.5980740988e-01 7.4532000000e-02 3.2147200000e-02
   endloop
 endfacet
 facet normal  2.7615874106e-02 9.5662553702e-01 2.9000852645e-01
   outer loop
     vertex 3.3464000000e-01 6.9102228774e-02 5.2454457548e-02
     vertex 3.5980740988e-01 7.4532000000e-02 3.2147200000e-02
     vertex 3.3464000000e-01 7.5000000000e-02 3.3000000000e-02
   endloop
 endfacet
 facet normal  1.0845739928e-02 9.3367173742e-01 -3.5796571996e-01
   outer loop
     vertex 3.5980740988e-01 7.4532000000e-02 3.2147200000e-02
     vertex 3.8876058162e-01 7.3416000000e-02 3.0113600000e-02
     vertex 3.5980740988e-01 6.7423233445e-02 1.3605607746e-02
   endloop
 endfacet
 facet normal  1.1972006105e-01 8.4724062067e-01 -5.1754269164e-01
   outer loop
     vertex 3.8876058162e-01 7.3416000000e-02 3.0113600000e-02
     vertex 3.8876058162e-01 6.3419475353e-02 1.3748840370e-02
     vertex 3.5980740988e-01 6.7423233445e-02 1.3605607746e-02
   endloop
 endfacet
 facet normal  9.9468368741e-02 6.9378823027e-01 -7.1327689936e-01
   outer loop
     vertex 3.5980740988e-01 6.7423233445e-02 1.3605607746e-02
     vertex 3.8876058162e-01 6.3419475353e-02 1.3748840370e-02
     vertex 3.5980740988e-01 5.1359429674e-02 -2.0192891203e-03
   endloop
 endfacet
 facet normal  1.1262966765e-01 6.7859670006e-01 -7.2582441171e-01
   outer loop
     vertex 3.8876058162e-01 6.3419475353e-02 1.3748840370e-02
     vertex 3.8876058162e-01 4.7393384128e-02 -1.2344702544e-03
     vertex 3.5980740988e-01 5.1359429674e-02 -2.0192891203e-03
   endloop
 endfacet
 facet normal  8.2220741660e-02 4.2152733568e-01 -9.0308053623e-01
   outer loop
     vertex 3.5980740988e-01 5.1359429674e-02 -2.0192891203e-03
     vertex 3.8876058162e-01 4.7393384128e-02 -1.2344702544e-03
     vertex 3.5980740988e-01 2.8208542566e-02 -1.2825337274e-02
   endloop
 endfacet
 facet normal  5.4250481134e-02 4.5510229057e-01 -8.8878500798e-01
   outer loop
     vertex 3.8876058162e-01 4.7393384128e-02 -1.2344702544e-03
     vertex 3.8876058162e-01 2.5887968995e-02 -1.2246316312e-02
     vertex 3.5980740988e-01 2.8208542566e-02 -1.2825337274e-02
   endloop
 endfacet
 facet normal  3.1280845357e-02 1.4347112552e-01 -9.8916001984e-01
   outer loop
     vertex 3.5980740988e-01 2.8208542566e-02 -1.2825337274e-02
     vertex 3.8876058162e-01 2.5887968995e-02 -1.2246316312e-02
     vertex 3.5980740988e-01 0.0000000000e+00 -1.6916800000e-02
   endloop
 endfacet
 facet normal  6.7522790090e-03 1.7022243562e-01 -9.8538252935e-01
   outer loop
     vertex 3.8876058162e-01 2.5887968995e-02 -1.2246316312e-02
     vertex 3.8876058162e-01 0.0000000000e+00 -1.6718400000e-02
     vertex 3.5980740988e-01 0.0000000000e+00 -1.6916800000e-02
   endloop
 endfacet
 facet normal  6.7522790090e-03 -1.7022243562e-01 -9.8538252935e-01
   outer loop
     vertex 3.5980740988e-01 0.0000000000e+00 -1.6916800000e-02
     vertex 3.8876058162e-01 0.0000000000e+00 -1.6718400000e-02
     vertex 3.8876058162e-01 -2.5887968995e-02 -1.2246316312e-02
   endloop
 endfacet
 facet normal  3.1280845357e-02 -1.4347112552e-01 -9.8916001984e-01
   outer loop
     vertex 3.5980740988e-01 0.0000000000e+00 -1.6916800000e-02
     vertex 3.8876058162e-01 -2.5887968995e-02 -1.2246316312e-02
     vertex 3.5980740988e-01 -2.8208542566e-02 -1.2825337274e-02
   endloop
 endfacet
 facet normal  5.4250481134e-02 -4.5510229057e-01 -8.8878500798e-01
   outer loop
     vertex 3.5980740988e-01 -2.8208542566e-02 -1.2825337274e-02
     vertex 3.8876058162e-01 -2.5887968995e-02 -1.2246316312e-02
     vertex 3.8876058162e-01 -4.7393384128e-02 -1.2344702544e-03
   endloop
 endfacet
 facet normal  8.2220741660e-02 -4.2152733568e-01 -9.0308053623e-01
   outer loop
     vertex 3.5980740988e-01 -2.8208542566e-02 -1.2825337274e-02
     vertex 3.8876058162e-01 -4.7393384128e-02 -1.2344702544e-03
     vertex 3.5980740988e-01 -5.1359429674e-02 -2.0192891203e-03
   endloop
 endfacet
 facet normal  1.1262966765e-01 -6.7859670006e-01 -7.2582441171e-01
   outer loop
     vertex 3.5980740988e-01 -5.1359429674e-02 -2.0192891203e-03
     vertex 3.8876058162e-01 -4.7393384128e-02 -1.2344702544e-03
     vertex 3.8876058162e-01 -6.3419475353e-02 1.3748840370e-02
   endloop
 endfacet
 facet normal  9.9468368741e-02 -6.9378823027e-01 -7.1327689936e-01
   outer loop
     vertex 3.5980740988e-01 -5.1359429674e-02 -2.0192891203e-03
     vertex 3.8876058162e-01 -6.3419475353e-02 1.3748840370e-02
     vertex 3.5980740988e-01 -6.7423233445e-02 1.3605607746e-02
   endloop
 endfacet
 facet normal  1.1972006105e-01 -8.4724062067e-01 -5.1754269164e-01
   outer loop
     vertex 3.5980740988e-01 -6.7423233445e-02 1.3605607746e-02
     vertex 3.8876058162e-01 -6.3419475353e-02 1.3748840370e-02
     vertex 3.8876058162e-01 -7.3416000000e-02 3.0113600000e-02
   endloop
 endfacet
 facet normal  1.0845739928e-02 -9.3367173742e-01 -3.5796571996e-01
   outer loop
     vertex 3.5980740988e-01 -6.7423233445e-02 1.3605607746e-02
     vertex 3.8876058162e-01 -7.3416000000e-02 3.0113600000e-02
     vertex 3.5980740988e-01 -7.4532000000e-02 3.2147200000e-02
   endloop
 endfacet
 facet normal  5.7281641730e-02 -9.5484095290e-01 2.9154342420e-01
   outer loop
     vertex 3.5980740988e-01 -7.4532000000e-02 3.2147200000e-02
     vertex 3.8876058162e-01 -7.3416000000e-02 3.0113600000e-02
     vertex 3.5980740988e-01 -6.8538614861e-02 5.1776281304e-02
   endloop
 endfacet
 facet normal  6.0777538899e-02 -9.5329352513e-01 2.9586744617e-01
   outer loop
     vertex 3.8876058162e-01 -7.3416000000e-02 3.0113600000e-02
     vertex 3.8876058162e-01 -6.7194612453e-02 5.0159091800e-02
     vertex 3.5980740988e-01 -6.8538614861e-02 5.1776281304e-02
   endloop
 endfacet
 facet normal  7.2285140980e-02 -6.8573337192e-01 7.2425451398e-01
   outer loop
     vertex 3.5980740988e-01 -6.8538614861e-02 5.1776281304e-02
     vertex 3.8876058162e-01 -6.7194612453e-02 5.0159091800e-02
     vertex 3.5980740988e-01 -5.2155767341e-02 6.7287769399e-02
   endloop
 endfacet
 facet normal  1.1208237661e-01 -6.4509057835e-01 7.5584104584e-01
   outer loop
     vertex 3.8876058162e-01 -6.7194612453e-02 5.0159091800e-02
     vertex 3.8876058162e-01 -5.0088680848e-02 6.4758557353e-02
     vertex 3.5980740988e-01 -5.2155767341e-02 6.7287769399e-02
   endloop
 endfacet
 facet normal  1.0786359651e-01 -3.9399945823e-01 9.1275948171e-01
   outer loop
     vertex 3.5980740988e-01 -5.2155767341e-02 6.7287769399e-02
     vertex 3.8876058162e-01 -5.0088680848e-02 6.4758557353e-02
     vertex 3.5980740988e-01 -2.8506693685e-02 7.7496068951e-02
   endloop
 endfacet
 facet normal  1.3944273440e-01 -3.5785877631e-01 9.2330537746e-01
   outer loop
     vertex 3.8876058162e-01 -5.0088680848e-02 6.4758557353e-02
     vertex 3.8876058162e-01 -2.6897095858e-02 7.3747254297e-02
     vertex 3.5980740988e-01 -2.8506693685e-02 7.7496068951e-02
   endloop
 endfacet
 facet normal  1.3434808931e-01 -1.2806042080e-01 9.8262460763e-01
   outer loop
     vertex 3.5980740988e-01 -2.8506693685e-02 7.7496068951e-02
     vertex 3.8876058162e-01 -2.6897095858e-02 7.3747254297e-02
     vertex 3.5980740988e-01 4.3298697960e-18 8.1211200000e-02
   endloop
 endfacet
 facet normal  1.4475599958e-01 -1.1683490361e-01 9.8254532002e-01
   outer loop
     vertex 3.8876058162e-01 -2.6897095858e-02 7.3747254297e-02
     vertex 3.8876058162e-01 1.4654943925e-17 7.6945600000e-02
     vertex 3.5980740988e-01 4.3298697960e-18 8.1211200000e-02
   endloop
 endfacet
 facet normal  1.4475599958e-01 1.1683490361e-01 9.8254532002e-01
   outer loop
     vertex 3.5980740988e-01 4.3298697960e-18 8.1211200000e-02
     vertex 3.8876058162e-01 1.4654943925e-17 7.6945600000e-02
     vertex 3.8876058162e-01 2.6897095858e-02 7.3747254297e-02
   endloop
 endfacet
 facet normal  1.3434808931e-01 1.2806042080e-01 9.8262460763e-01
   outer loop
     vertex 3.5980740988e-01 4.3298697960e-18 8.1211200000e-02
     vertex 3.8876058162e-01 2.6897095858e-02 7.3747254297e-02
     vertex 3.5980740988e-01 2.8506693685e-02 7.7496068951e-02
   endloop
 endfacet
 facet normal  1.3944273440e-01 3.5785877631e-01 9.2330537746e-01
   outer loop
     vertex 3.5980740988e-01 2.8506693685e-02 7.7496068951e-02
     vertex 3.8876058162e-01 2.6897095858e-02 7.3747254297e-02
     vertex 3.8876058162e-01 5.0088680848e-02 6.4758557353e-02
   endloop
 endfacet
 facet normal  1.0786359651e-01 3.9399945823e-01 9.1275948171e-01
   outer loop
     vertex 3.5980740988e-01 2.8506693685e-02 7.7496068951e-02
     vertex 3.8876058162e-01 5.0088680848e-02 6.4758557353e-02
     vertex 3.5980740988e-01 5.2155767341e-02 6.7287769399e-02
   endloop
 endfacet
 facet normal  1.1208237661e-01 6.4509057835e-01 7.5584104584e-01
   outer loop
     vertex 3.5980740988e-01 5.2155767341e-02 6.7287769399e-02
     vertex 3.8876058162e-01 5.0088680848e-02 6.4758557353e-02
     vertex 3.8876058162e-01 6.7194612453e-02 5.0159091800e-02
   endloop
 endfacet
 facet normal  7.2285140980e-02 6.8573337192e-01 7.2425451398e-01
   outer loop
     vertex 3.5980740988e-01 5.2155767341e-02 6.7287769399e-02
     vertex 3.8876058162e-01 6.7194612453e-02 5.0159091800e-02
     vertex 3.5980740988e-01 6.8538614861e-02 5.1776281304e-02
   endloop
 endfacet
 facet normal  6.0777538899e-02 9.5329352513e-01 2.9586744617e-01
   outer loop
     vertex 3.5980740988e-01 6.8538614861e-02 5.1776281304e-02
     vertex 3.8876058162e-01 6.7194612453e-02 5.0159091800e-02
     vertex 3.8876058162e-01 7.3416000000e-02 3.0113600000e-02
   endloop
 endfacet
 facet normal  5.7281641730e-02 9.5484095290e-01 2.9154342420e-01
   outer loop
     vertex 3.5980740988e-01 6.8538614861e-02 5.1776281304e-02
     vertex 3.8876058162e-01 7.3416000000e-02 3.0113600000e-02
     vertex 3.5980740988e-01 7.4532000000e-02 3.2147200000e-02
   endloop
 endfacet
 facet normal  -4.3725040848e-03 8.5337022573e-01 -5.2128700256e-01
   outer loop
     vertex 3.8876058162e-01 7.3416000000e-02 3.0113600000e-02
     vertex 4.1816676843e-01 7.2084000000e-02 2.7686400000e-02
     vertex 3.8876058162e-01 6.3419475353e-02 1.3748840370e-02
   endloop
 endfacet
 facet normal  1.1946647167e-01 7.1033657334e-01 -6.9364956190e-01
   outer loop
     vertex 4.1816676843e-01 7.2084000000e-02 2.7686400000e-02
     vertex 4.1816676843e-01 5.8640796339e-02 1.3919795438e-02
     vertex 3.8876058162e-01 6.3419475353e-02 1.3748840370e-02
   endloop
 endfacet
 facet normal  1.1447135171e-01 6.7845295053e-01 -7.2567065777e-01
   outer loop
     vertex 3.8876058162e-01 6.3419475353e-02 1.3748840370e-02
     vertex 4.1816676843e-01 5.8640796339e-02 1.3919795438e-02
     vertex 3.8876058162e-01 4.7393384128e-02 -1.2344702544e-03
   endloop
 endfacet
 facet normal  1.2969185438e-01 6.5906722554e-01 -7.4081739661e-01
   outer loop
     vertex 4.1816676843e-01 5.8640796339e-02 1.3919795438e-02
     vertex 4.1816676843e-01 4.2659716864e-02 -2.9775096282e-04
     vertex 3.8876058162e-01 4.7393384128e-02 -1.2344702544e-03
   endloop
 endfacet
 facet normal  1.0119956375e-01 4.5343360705e-01 -8.8552617821e-01
   outer loop
     vertex 3.8876058162e-01 4.7393384128e-02 -1.2344702544e-03
     vertex 4.1816676843e-01 4.2659716864e-02 -2.9775096282e-04
     vertex 3.8876058162e-01 2.5887968995e-02 -1.2246316312e-02
   endloop
 endfacet
 facet normal  6.7228069183e-02 4.9804589780e-01 -8.6454072801e-01
   outer loop
     vertex 4.1816676843e-01 4.2659716864e-02 -2.9775096282e-04
     vertex 4.1816676843e-01 2.3118252153e-02 -1.1555226777e-02
     vertex 3.8876058162e-01 2.5887968995e-02 -1.2246316312e-02
   endloop
 endfacet
 facet normal  3.9161748332e-02 1.7009573300e-01 -9.8464907408e-01
   outer loop
     vertex 3.8876058162e-01 2.5887968995e-02 -1.2246316312e-02
     vertex 4.1816676843e-01 2.3118252153e-02 -1.1555226777e-02
     vertex 3.8876058162e-01 0.0000000000e+00 -1.6718400000e-02
   endloop
 endfacet
 facet normal  7.8756487989e-03 2.0840861607e-01 -9.7801013436e-01
   outer loop
     vertex 4.1816676843e-01 2.3118252153e-02 -1.1555226777e-02
     vertex 4.1816676843e-01 0.0000000000e+00 -1.6481600000e-02
     vertex 3.8876058162e-01 0.0000000000e+00 -1.6718400000e-02
   endloop
 endfacet
 facet normal  7.8756487989e-03 -2.0840861607e-01 -9.7801013436e-01
   outer loop
     vertex 3.8876058162e-01 0.0000000000e+00 -1.6718400000e-02
     vertex 4.1816676843e-01 0.0000000000e+00 -1.6481600000e-02
     vertex 4.1816676843e-01 -2.3118252153e-02 -1.1555226777e-02
   endloop
 endfacet
 facet normal  3.9161748332e-02 -1.7009573300e-01 -9.8464907408e-01
   outer loop
     vertex 3.8876058162e-01 0.0000000000e+00 -1.6718400000e-02
     vertex 4.1816676843e-01 -2.3118252153e-02 -1.1555226777e-02
     vertex 3.8876058162e-01 -2.5887968995e-02 -1.2246316312e-02
   endloop
 endfacet
 facet normal  6.7228069183e-02 -4.9804589780e-01 -8.6454072801e-01
   outer loop
     vertex 3.8876058162e-01 -2.5887968995e-02 -1.2246316312e-02
     vertex 4.1816676843e-01 -2.3118252153e-02 -1.1555226777e-02
     vertex 4.1816676843e-01 -4.2659716864e-02 -2.9775096282e-04
   endloop
 endfacet
 facet normal  1.0119956375e-01 -4.5343360705e-01 -8.8552617821e-01
   outer loop
     vertex 3.8876058162e-01 -2.5887968995e-02 -1.2246316312e-02
     vertex 4.1816676843e-01 -4.2659716864e-02 -2.9775096282e-04
     vertex 3.8876058162e-01 -4.7393384128e-02 -1.2344702544e-03
   endloop
 endfacet
 facet normal  1.2969185438e-01 -6.5906722554e-01 -7.4081739661e-01
   outer loop
     vertex 3.8876058162e-01 -4.7393384128e-02 -1.2344702544e-03
     vertex 4.1816676843e-01 -4.2659716864e-02 -2.9775096282e-04
     vertex 4.1816676843e-01 -5.8640796339e-02 1.3919795438e-02
   endloop
 endfacet
 facet normal  1.1447135171e-01 -6.7845295053e-01 -7.2567065777e-01
   outer loop
     vertex 3.8876058162e-01 -4.7393384128e-02 -1.2344702544e-03
     vertex 4.1816676843e-01 -5.8640796339e-02 1.3919795438e-02
     vertex 3.8876058162e-01 -6.3419475353e-02 1.3748840370e-02
   endloop
 endfacet
 facet normal  1.1946647167e-01 -7.1033657334e-01 -6.9364956190e-01
   outer loop
     vertex 3.8876058162e-01 -6.3419475353e-02 1.3748840370e-02
     vertex 4.1816676843e-01 -5.8640796339e-02 1.3919795438e-02
     vertex 4.1816676843e-01 -7.2084000000e-02 2.7686400000e-02
   endloop
 endfacet
 facet normal  -4.3725040848e-03 -8.5337022573e-01 -5.2128700256e-01
   outer loop
     vertex 3.8876058162e-01 -6.3419475353e-02 1.3748840370e-02
     vertex 4.1816676843e-01 -7.2084000000e-02 2.7686400000e-02
     vertex 3.8876058162e-01 -7.3416000000e-02 3.0113600000e-02
   endloop
 endfacet
 facet normal  6.7572385379e-02 -9.5287620033e-01 2.9573792382e-01
   outer loop
     vertex 3.8876058162e-01 -7.3416000000e-02 3.0113600000e-02
     vertex 4.1816676843e-01 -7.2084000000e-02 2.7686400000e-02
     vertex 3.8876058162e-01 -6.7194612453e-02 5.0159091800e-02
   endloop
 endfacet
 facet normal  7.1613461675e-02 -9.5104898429e-01 3.0062824484e-01
   outer loop
     vertex 4.1816676843e-01 -7.2084000000e-02 2.7686400000e-02
     vertex 4.1816676843e-01 -6.5590480546e-02 4.8228897876e-02
     vertex 3.8876058162e-01 -6.7194612453e-02 5.0159091800e-02
   endloop
 endfacet
 facet normal  8.5031565201e-02 -6.4682995487e-01 7.5787904207e-01
   outer loop
     vertex 3.8876058162e-01 -6.7194612453e-02 5.0159091800e-02
     vertex 4.1816676843e-01 -6.5590480546e-02 4.8228897876e-02
     vertex 3.8876058162e-01 -5.0088680848e-02 6.4758557353e-02
   endloop
 endfacet
 facet normal  1.3132433909e-01 -5.9576830505e-01 7.9234717433e-01
   outer loop
     vertex 4.1816676843e-01 -6.5590480546e-02 4.8228897876e-02
     vertex 4.1816676843e-01 -4.7621513098e-02 6.1739820395e-02
     vertex 3.8876058162e-01 -5.0088680848e-02 6.4758557353e-02
   endloop
 endfacet
 facet normal  1.2504957514e-01 -3.5855277343e-01 9.2509594769e-01
   outer loop
     vertex 3.8876058162e-01 -5.0088680848e-02 6.4758557353e-02
     vertex 4.1816676843e-01 -4.7621513098e-02 6.1739820395e-02
     vertex 3.8876058162e-01 -2.6897095858e-02 7.3747254297e-02
   endloop
 endfacet
 facet normal  1.6279955849e-01 -3.1143318813e-01 9.3621881688e-01
   outer loop
     vertex 4.1816676843e-01 -4.7621513098e-02 6.1739820395e-02
     vertex 4.1816676843e-01 -2.4975962969e-02 6.9272862614e-02
     vertex 3.8876058162e-01 -2.6897095858e-02 7.3747254297e-02
   endloop
 endfacet
 facet normal  1.5684243092e-01 -1.1661719699e-01 9.8071447487e-01
   outer loop
     vertex 3.8876058162e-01 -2.6897095858e-02 7.3747254297e-02
     vertex 4.1816676843e-01 -2.4975962969e-02 6.9272862614e-02
     vertex 3.8876058162e-01 1.4654943925e-17 7.6945600000e-02
   endloop
 endfacet
 facet normal  1.6971775606e-01 -1.0132159367e-01 9.8027027800e-01
   outer loop
     vertex 4.1816676843e-01 -2.4975962969e-02 6.9272862614e-02
     vertex 4.1816676843e-01 2.6978419498e-17 7.1854400000e-02
     vertex 3.8876058162e-01 1.4654943925e-17 7.6945600000e-02
   endloop
 endfacet
 facet normal  1.6971775606e-01 1.0132159367e-01 9.8027027800e-01
   outer loop
     vertex 3.8876058162e-01 1.4654943925e-17 7.6945600000e-02
     vertex 4.1816676843e-01 2.6978419498e-17 7.1854400000e-02
     vertex 4.1816676843e-01 2.4975962969e-02 6.9272862614e-02
   endloop
 endfacet
 facet normal  1.5684243092e-01 1.1661719699e-01 9.8071447487e-01
   outer loop
     vertex 3.8876058162e-01 1.4654943925e-17 7.6945600000e-02
     vertex 4.1816676843e-01 2.4975962969e-02 6.9272862614e-02
     vertex 3.8876058162e-01 2.6897095858e-02 7.3747254297e-02
   endloop
 endfacet
 facet normal  1.6279955849e-01 3.1143318813e-01 9.3621881688e-01
   outer loop
     vertex 3.8876058162e-01 2.6897095858e-02 7.3747254297e-02
     vertex 4.1816676843e-01 2.4975962969e-02 6.9272862614e-02
     vertex 4.1816676843e-01 4.7621513098e-02 6.1739820395e-02
   endloop
 endfacet
 facet normal  1.2504957514e-01 3.5855277343e-01 9.2509594769e-01
   outer loop
     vertex 3.8876058162e-01 2.6897095858e-02 7.3747254297e-02
     vertex 4.1816676843e-01 4.7621513098e-02 6.1739820395e-02
     vertex 3.8876058162e-01 5.0088680848e-02 6.4758557353e-02
   endloop
 endfacet
 facet normal  1.3132433909e-01 5.9576830505e-01 7.9234717433e-01
   outer loop
     vertex 3.8876058162e-01 5.0088680848e-02 6.4758557353e-02
     vertex 4.1816676843e-01 4.7621513098e-02 6.1739820395e-02
     vertex 4.1816676843e-01 6.5590480546e-02 4.8228897876e-02
   endloop
 endfacet
 facet normal  8.5031565201e-02 6.4682995487e-01 7.5787904207e-01
   outer loop
     vertex 3.8876058162e-01 5.0088680848e-02 6.4758557353e-02
     vertex 4.1816676843e-01 6.5590480546e-02 4.8228897876e-02
     vertex 3.8876058162e-01 6.7194612453e-02 5.0159091800e-02
   endloop
 endfacet
 facet normal  7.1613461675e-02 9.5104898429e-01 3.0062824484e-01
   outer loop
     vertex 3.8876058162e-01 6.7194612453e-02 5.0159091800e-02
     vertex 4.1816676843e-01 6.5590480546e-02 4.8228897876e-02
     vertex 4.1816676843e-01 7.2084000000e-02 2.7686400000e-02
   endloop
 endfacet
 facet normal  6.7572385379e-02 9.5287620033e-01 2.9573792382e-01
   outer loop
     vertex 3.8876058162e-01 6.7194612453e-02 5.0159091800e-02
     vertex 4.1816676843e-01 7.2084000000e-02 2.7686400000e-02
     vertex 3.8876058162e-01 7.3416000000e-02 3.0113600000e-02
   endloop
 endfacet
 facet normal  -3.8142752016e-02 5.7832774843e-01 -8.1491235472e-01
   outer loop
     vertex 4.1816676843e-01 7.2084000000e-02 2.7686400000e-02
     vertex 4.4469322349e-01 7.0968000000e-02 2.5652800000e-02
     vertex 4.4469322349e-01 5.4637038247e-02 1.4063028062e-02
   endloop
 endfacet
 facet normal  1.1106866875e-01 7.1103378866e-01 -6.9433039845e-01
   outer loop
     vertex 4.1816676843e-01 7.2084000000e-02 2.7686400000e-02
     vertex 4.4469322349e-01 5.4637038247e-02 1.4063028062e-02
     vertex 4.1816676843e-01 5.8640796339e-02 1.3919795438e-02
   endloop
 endfacet
 facet normal  1.0143847265e-01 6.4497213800e-01 -7.5744384443e-01
   outer loop
     vertex 4.1816676843e-01 5.8640796339e-02 1.3919795438e-02
     vertex 4.4469322349e-01 5.4637038247e-02 1.4063028062e-02
     vertex 4.4469322349e-01 3.8693671318e-02 4.8706790309e-04
   endloop
 endfacet
 facet normal  1.2059640836e-01 6.5982979601e-01 -7.4167455571e-01
   outer loop
     vertex 4.1816676843e-01 5.8640796339e-02 1.3919795438e-02
     vertex 4.4469322349e-01 3.8693671318e-02 4.8706790309e-04
     vertex 4.1816676843e-01 4.2659716864e-02 -2.9775096282e-04
   endloop
 endfacet
 facet normal  1.0497477136e-01 5.3640191661e-01 -8.3740867039e-01
   outer loop
     vertex 4.1816676843e-01 4.2659716864e-02 -2.9775096282e-04
     vertex 4.4469322349e-01 3.8693671318e-02 4.8706790309e-04
     vertex 4.4469322349e-01 2.0797678582e-02 -1.0976205816e-02
   endloop
 endfacet
 facet normal  6.2460425139e-02 4.9820054588e-01 -8.6480917628e-01
   outer loop
     vertex 4.1816676843e-01 4.2659716864e-02 -2.9775096282e-04
     vertex 4.4469322349e-01 2.0797678582e-02 -1.0976205816e-02
     vertex 4.1816676843e-01 2.3118252153e-02 -1.1555226777e-02
   endloop
 endfacet
 facet normal  4.2741017968e-02 2.4702383911e-01 -9.6806633466e-01
   outer loop
     vertex 4.1816676843e-01 2.3118252153e-02 -1.1555226777e-02
     vertex 4.4469322349e-01 2.0797678582e-02 -1.0976205816e-02
     vertex 4.4469322349e-01 0.0000000000e+00 -1.6283200000e-02
   endloop
 endfacet
 facet normal  7.3148875973e-03 2.0840950377e-01 -9.7801430008e-01
   outer loop
     vertex 4.1816676843e-01 2.3118252153e-02 -1.1555226777e-02
     vertex 4.4469322349e-01 0.0000000000e+00 -1.6283200000e-02
     vertex 4.1816676843e-01 0.0000000000e+00 -1.6481600000e-02
   endloop
 endfacet
 facet normal  7.3148875973e-03 -2.0840950377e-01 -9.7801430008e-01
   outer loop
     vertex 4.1816676843e-01 0.0000000000e+00 -1.6481600000e-02
     vertex 4.4469322349e-01 0.0000000000e+00 -1.6283200000e-02
     vertex 4.1816676843e-01 -2.3118252153e-02 -1.1555226777e-02
   endloop
 endfacet
 facet normal  4.2741017968e-02 -2.4702383911e-01 -9.6806633466e-01
   outer loop
     vertex 4.4469322349e-01 0.0000000000e+00 -1.6283200000e-02
     vertex 4.4469322349e-01 -2.0797678582e-02 -1.0976205816e-02
     vertex 4.1816676843e-01 -2.3118252153e-02 -1.1555226777e-02
   endloop
 endfacet
 facet normal  6.2460425139e-02 -4.9820054588e-01 -8.6480917628e-01
   outer loop
     vertex 4.1816676843e-01 -2.3118252153e-02 -1.1555226777e-02
     vertex 4.4469322349e-01 -2.0797678582e-02 -1.0976205816e-02
     vertex 4.1816676843e-01 -4.2659716864e-02 -2.9775096282e-04
   endloop
 endfacet
 facet normal  1.0497477136e-01 -5.3640191661e-01 -8.3740867039e-01
   outer loop
     vertex 4.4469322349e-01 -2.0797678582e-02 -1.0976205816e-02
     vertex 4.4469322349e-01 -3.8693671318e-02 4.8706790309e-04
     vertex 4.1816676843e-01 -4.2659716864e-02 -2.9775096282e-04
   endloop
 endfacet
 facet normal  1.2059640836e-01 -6.5982979601e-01 -7.4167455571e-01
   outer loop
     vertex 4.1816676843e-01 -4.2659716864e-02 -2.9775096282e-04
     vertex 4.4469322349e-01 -3.8693671318e-02 4.8706790309e-04
     vertex 4.1816676843e-01 -5.8640796339e-02 1.3919795438e-02
   endloop
 endfacet
 facet normal  1.0143847265e-01 -6.4497213800e-01 -7.5744384443e-01
   outer loop
     vertex 4.4469322349e-01 -3.8693671318e-02 4.8706790309e-04
     vertex 4.4469322349e-01 -5.4637038247e-02 1.4063028062e-02
     vertex 4.1816676843e-01 -5.8640796339e-02 1.3919795438e-02
   endloop
 endfacet
 facet normal  1.1106866875e-01 -7.1103378866e-01 -6.9433039845e-01
   outer loop
     vertex 4.1816676843e-01 -5.8640796339e-02 1.3919795438e-02
     vertex 4.4469322349e-01 -5.4637038247e-02 1.4063028062e-02
     vertex 4.1816676843e-01 -7.2084000000e-02 2.7686400000e-02
   endloop
 endfacet
 facet normal  -3.8142752016e-02 -5.7832774843e-01 -8.1491235472e-01
   outer loop
     vertex 4.4469322349e-01 -5.4637038247e-02 1.4063028062e-02
     vertex 4.4469322349e-01 -7.0968000000e-02 2.5652800000e-02
     vertex 4.1816676843e-01 -7.2084000000e-02 2.7686400000e-02
   endloop
 endfacet
 facet normal  6.3345408876e-02 -9.5031806957e-01 3.0476700251e-01
   outer loop
     vertex 4.1816676843e-01 -7.2084000000e-02 2.7686400000e-02
     vertex 4.4469322349e-01 -7.0968000000e-02 2.5652800000e-02
     vertex 4.4469322349e-01 -6.4246478138e-02 4.6611708372e-02
   endloop
 endfacet
 facet normal  6.6537600573e-02 -9.5138409888e-01 3.0073417515e-01
   outer loop
     vertex 4.1816676843e-01 -7.2084000000e-02 2.7686400000e-02
     vertex 4.4469322349e-01 -6.4246478138e-02 4.6611708372e-02
     vertex 4.1816676843e-01 -6.5590480546e-02 4.8228897876e-02
   endloop
 endfacet
 facet normal  7.8627925305e-02 -5.5718660694e-01 8.2665635812e-01
   outer loop
     vertex 4.1816676843e-01 -6.5590480546e-02 4.8228897876e-02
     vertex 4.4469322349e-01 -6.4246478138e-02 4.6611708372e-02
     vertex 4.4469322349e-01 -4.5554426605e-02 5.9210608348e-02
   endloop
 endfacet
 facet normal  1.2211798656e-01 -5.9647512990e-01 7.9328722211e-01
   outer loop
     vertex 4.1816676843e-01 -6.5590480546e-02 4.8228897876e-02
     vertex 4.4469322349e-01 -4.5554426605e-02 5.9210608348e-02
     vertex 4.1816676843e-01 -4.7621513098e-02 6.1739820395e-02
   endloop
 endfacet
 facet normal  1.1231785628e-01 -2.7194695466e-01 9.5573508516e-01
   outer loop
     vertex 4.1816676843e-01 -4.7621513098e-02 6.1739820395e-02
     vertex 4.4469322349e-01 -4.5554426605e-02 5.9210608348e-02
     vertex 4.4469322349e-01 -2.3366365142e-02 6.5524047960e-02
   endloop
 endfacet
 facet normal  1.5148323073e-01 -3.1200155740e-01 9.3792742735e-01
   outer loop
     vertex 4.1816676843e-01 -4.7621513098e-02 6.1739820395e-02
     vertex 4.4469322349e-01 -2.3366365142e-02 6.5524047960e-02
     vertex 4.1816676843e-01 -2.4975962969e-02 6.9272862614e-02
   endloop
 endfacet
 facet normal  1.4458088263e-01 -8.7096461474e-02 9.8565236000e-01
   outer loop
     vertex 4.1816676843e-01 -2.4975962969e-02 6.9272862614e-02
     vertex 4.4469322349e-01 -2.3366365142e-02 6.5524047960e-02
     vertex 4.4469322349e-01 3.7303493627e-17 6.7588800000e-02
   endloop
 endfacet
 facet normal  1.5794558290e-01 -1.0152260433e-01 9.8221502414e-01
   outer loop
     vertex 4.1816676843e-01 -2.4975962969e-02 6.9272862614e-02
     vertex 4.4469322349e-01 3.7303493627e-17 6.7588800000e-02
     vertex 4.1816676843e-01 2.6978419498e-17 7.1854400000e-02
   endloop
 endfacet
 facet normal  1.5794558290e-01 1.0152260433e-01 9.8221502414e-01
   outer loop
     vertex 4.1816676843e-01 2.6978419498e-17 7.1854400000e-02
     vertex 4.4469322349e-01 3.7303493627e-17 6.7588800000e-02
     vertex 4.1816676843e-01 2.4975962969e-02 6.9272862614e-02
   endloop
 endfacet
 facet normal  1.4458088263e-01 8.7096461474e-02 9.8565236000e-01
   outer loop
     vertex 4.4469322349e-01 3.7303493627e-17 6.7588800000e-02
     vertex 4.4469322349e-01 2.3366365142e-02 6.5524047960e-02
     vertex 4.1816676843e-01 2.4975962969e-02 6.9272862614e-02
   endloop
 endfacet
 facet normal  1.5148323073e-01 3.1200155740e-01 9.3792742735e-01
   outer loop
     vertex 4.1816676843e-01 2.4975962969e-02 6.9272862614e-02
     vertex 4.4469322349e-01 2.3366365142e-02 6.5524047960e-02
     vertex 4.1816676843e-01 4.7621513098e-02 6.1739820395e-02
   endloop
 endfacet
 facet normal  1.1231785628e-01 2.7194695466e-01 9.5573508516e-01
   outer loop
     vertex 4.4469322349e-01 2.3366365142e-02 6.5524047960e-02
     vertex 4.4469322349e-01 4.5554426605e-02 5.9210608348e-02
     vertex 4.1816676843e-01 4.7621513098e-02 6.1739820395e-02
   endloop
 endfacet
 facet normal  1.2211798656e-01 5.9647512990e-01 7.9328722211e-01
   outer loop
     vertex 4.1816676843e-01 4.7621513098e-02 6.1739820395e-02
     vertex 4.4469322349e-01 4.5554426605e-02 5.9210608348e-02
     vertex 4.1816676843e-01 6.5590480546e-02 4.8228897876e-02
   endloop
 endfacet
 facet normal  7.8627925305e-02 5.5718660694e-01 8.2665635812e-01
   outer loop
     vertex 4.4469322349e-01 4.5554426605e-02 5.9210608348e-02
     vertex 4.4469322349e-01 6.4246478138e-02 4.6611708372e-02
     vertex 4.1816676843e-01 6.5590480546e-02 4.8228897876e-02
   endloop
 endfacet
 facet normal  6.6537600573e-02 9.5138409888e-01 3.0073417515e-01
   outer loop
     vertex 4.1816676843e-01 6.5590480546e-02 4.8228897876e-02
     vertex 4.4469322349e-01 6.4246478138e-02 4.6611708372e-02
     vertex 4.1816676843e-01 7.2084000000e-02 2.7686400000e-02
   endloop
 endfacet
 facet normal  6.3345408876e-02 9.5031806957e-01 3.0476700251e-01
   outer loop
     vertex 4.4469322349e-01 6.4246478138e-02 4.6611708372e-02
     vertex 4.4469322349e-01 7.0968000000e-02 2.5652800000e-02
     vertex 4.1816676843e-01 7.2084000000e-02 2.7686400000e-02
   endloop
 endfacet
 facet normal  -2.3875942485e-02 5.1977008213e-01 -8.5397248263e-01
   outer loop
     vertex 4.4469322349e-01 7.0968000000e-02 2.5652800000e-02
     vertex 4.6500720000e-01 7.0500000000e-02 2.4800000000e-02
     vertex 4.6500720000e-01 5.2958042918e-02 1.4123093356e-02
   endloop
 endfacet
 facet normal  5.0182900636e-02 5.7801970587e-01 -8.1447829689e-01
   outer loop
     vertex 4.4469322349e-01 7.0968000000e-02 2.5652800000e-02
     vertex 4.6500720000e-01 5.2958042918e-02 1.4123093356e-02
     vertex 4.4469322349e-01 5.4637038247e-02 1.4063028062e-02
   endloop
 endfacet
 facet normal  5.5177351792e-02 6.4017245887e-01 -7.6624714209e-01
   outer loop
     vertex 4.4469322349e-01 5.4637038247e-02 1.4063028062e-02
     vertex 4.6500720000e-01 5.2958042918e-02 1.4123093356e-02
     vertex 4.6500720000e-01 3.7030490928e-02 8.1618549203e-04
   endloop
 endfacet
 facet normal  6.5275917280e-02 6.4693357889e-01 -7.5974732584e-01
   outer loop
     vertex 4.4469322349e-01 5.4637038247e-02 1.4063028062e-02
     vertex 4.6500720000e-01 3.7030490928e-02 8.1618549203e-04
     vertex 4.4469322349e-01 3.8693671318e-02 4.8706790309e-04
   endloop
 endfacet
 facet normal  5.8980129164e-02 5.5636435259e-01 -8.2884259756e-01
   outer loop
     vertex 4.4469322349e-01 3.8693671318e-02 4.8706790309e-04
     vertex 4.6500720000e-01 3.7030490928e-02 8.1618549203e-04
     vertex 4.6500720000e-01 1.9824534826e-02 -1.0733390574e-02
   endloop
 endfacet
 facet normal  3.5881300967e-02 5.3903473407e-01 -8.4151891702e-01
   outer loop
     vertex 4.4469322349e-01 3.8693671318e-02 4.8706790309e-04
     vertex 4.6500720000e-01 1.9824534826e-02 -1.0733390574e-02
     vertex 4.4469322349e-01 2.0797678582e-02 -1.0976205816e-02
   endloop
 endfacet
 facet normal  2.4250451543e-02 2.6575015034e-01 -9.6373687965e-01
   outer loop
     vertex 4.4469322349e-01 2.0797678582e-02 -1.0976205816e-02
     vertex 4.6500720000e-01 1.9824534826e-02 -1.0733390574e-02
     vertex 4.6500720000e-01 0.0000000000e+00 -1.6200000000e-02
   endloop
 endfacet
 facet normal  3.9685067571e-03 2.4724783265e-01 -9.6894414710e-01
   outer loop
     vertex 4.4469322349e-01 2.0797678582e-02 -1.0976205816e-02
     vertex 4.6500720000e-01 0.0000000000e+00 -1.6200000000e-02
     vertex 4.4469322349e-01 0.0000000000e+00 -1.6283200000e-02
   endloop
 endfacet
 facet normal  3.9685067571e-03 -2.4724783265e-01 -9.6894414710e-01
   outer loop
     vertex 4.4469322349e-01 0.0000000000e+00 -1.6283200000e-02
     vertex 4.6500720000e-01 0.0000000000e+00 -1.6200000000e-02
     vertex 4.4469322349e-01 -2.0797678582e-02 -1.0976205816e-02
   endloop
 endfacet
 facet normal  2.4250451543e-02 -2.6575015034e-01 -9.6373687965e-01
   outer loop
     vertex 4.6500720000e-01 0.0000000000e+00 -1.6200000000e-02
     vertex 4.6500720000e-01 -1.9824534826e-02 -1.0733390574e-02
     vertex 4.4469322349e-01 -2.0797678582e-02 -1.0976205816e-02
   endloop
 endfacet
 facet normal  3.5881300967e-02 -5.3903473407e-01 -8.4151891702e-01
   outer loop
     vertex 4.4469322349e-01 -2.0797678582e-02 -1.0976205816e-02
     vertex 4.6500720000e-01 -1.9824534826e-02 -1.0733390574e-02
     vertex 4.4469322349e-01 -3.8693671318e-02 4.8706790309e-04
   endloop
 endfacet
 facet normal  5.8980129164e-02 -5.5636435259e-01 -8.2884259756e-01
   outer loop
     vertex 4.6500720000e-01 -1.9824534826e-02 -1.0733390574e-02
     vertex 4.6500720000e-01 -3.7030490928e-02 8.1618549203e-04
     vertex 4.4469322349e-01 -3.8693671318e-02 4.8706790309e-04
   endloop
 endfacet
 facet normal  6.5275917280e-02 -6.4693357889e-01 -7.5974732584e-01
   outer loop
     vertex 4.4469322349e-01 -3.8693671318e-02 4.8706790309e-04
     vertex 4.6500720000e-01 -3.7030490928e-02 8.1618549203e-04
     vertex 4.4469322349e-01 -5.4637038247e-02 1.4063028062e-02
   endloop
 endfacet
 facet normal  5.5177351792e-02 -6.4017245887e-01 -7.6624714209e-01
   outer loop
     vertex 4.6500720000e-01 -3.7030490928e-02 8.1618549203e-04
     vertex 4.6500720000e-01 -5.2958042918e-02 1.4123093356e-02
     vertex 4.4469322349e-01 -5.4637038247e-02 1.4063028062e-02
   endloop
 endfacet
 facet normal  5.0182900636e-02 -5.7801970587e-01 -8.1447829689e-01
   outer loop
     vertex 4.4469322349e-01 -5.4637038247e-02 1.4063028062e-02
     vertex 4.6500720000e-01 -5.2958042918e-02 1.4123093356e-02
     vertex 4.4469322349e-01 -7.0968000000e-02 2.5652800000e-02
   endloop
 endfacet
 facet normal  -2.3875942485e-02 -5.1977008213e-01 -8.5397248263e-01
   outer loop
     vertex 4.6500720000e-01 -5.2958042918e-02 1.4123093356e-02
     vertex 4.6500720000e-01 -7.0500000000e-02 2.4800000000e-02
     vertex 4.4469322349e-01 -7.0968000000e-02 2.5652800000e-02
   endloop
 endfacet
 facet normal  3.4792775592e-02 -9.5113414830e-01 3.0681149701e-01
   outer loop
     vertex 4.4469322349e-01 -7.0968000000e-02 2.5652800000e-02
     vertex 4.6500720000e-01 -7.0500000000e-02 2.4800000000e-02
     vertex 4.6500720000e-01 -6.3682864225e-02 4.5933532129e-02
   endloop
 endfacet
 facet normal  3.6590272349e-02 -9.5159280992e-01 3.0517581174e-01
   outer loop
     vertex 4.4469322349e-01 -7.0968000000e-02 2.5652800000e-02
     vertex 4.6500720000e-01 -6.3682864225e-02 4.5933532129e-02
     vertex 4.4469322349e-01 -6.4246478138e-02 4.6611708372e-02
   endloop
 endfacet
 facet normal  4.3046971120e-02 -5.4041869360e-01 8.4029434955e-01
   outer loop
     vertex 4.4469322349e-01 -6.4246478138e-02 4.6611708372e-02
     vertex 4.6500720000e-01 -6.3682864225e-02 4.5933532129e-02
     vertex 4.6500720000e-01 -4.4687583882e-02 5.8149971038e-02
   endloop
 endfacet
 facet normal  6.6994965230e-02 -5.5766128471e-01 8.2736060226e-01
   outer loop
     vertex 4.4469322349e-01 -6.4246478138e-02 4.6611708372e-02
     vertex 4.6500720000e-01 -4.4687583882e-02 5.8149971038e-02
     vertex 4.4469322349e-01 -4.5554426605e-02 5.9210608348e-02
   endloop
 endfacet
 facet normal  6.1253712277e-02 -2.5457002820e-01 9.6511247193e-01
   outer loop
     vertex 4.4469322349e-01 -4.5554426605e-02 5.9210608348e-02
     vertex 4.6500720000e-01 -4.4687583882e-02 5.8149971038e-02
     vertex 4.6500720000e-01 -2.2691372505e-02 6.3951964395e-02
   endloop
 endfacet
 facet normal  8.3238547423e-02 -2.7272894245e-01 9.5848331659e-01
   outer loop
     vertex 4.4469322349e-01 -4.5554426605e-02 5.9210608348e-02
     vertex 4.6500720000e-01 -2.2691372505e-02 6.3951964395e-02
     vertex 4.4469322349e-01 -2.3366365142e-02 6.5524047960e-02
   endloop
 endfacet
 facet normal  7.9577930734e-02 -8.0916023815e-02 9.9353910342e-01
   outer loop
     vertex 4.4469322349e-01 -2.3366365142e-02 6.5524047960e-02
     vertex 4.6500720000e-01 -2.2691372505e-02 6.3951964395e-02
     vertex 4.6500720000e-01 4.1633363423e-17 6.5800000000e-02
   endloop
 endfacet
 facet normal  8.7380301022e-02 -8.7684623407e-02 9.9230846505e-01
   outer loop
     vertex 4.4469322349e-01 -2.3366365142e-02 6.5524047960e-02
     vertex 4.6500720000e-01 4.1633363423e-17 6.5800000000e-02
     vertex 4.4469322349e-01 3.7303493627e-17 6.7588800000e-02
   endloop
 endfacet
 facet normal  8.7380301022e-02 8.7684623407e-02 9.9230846505e-01
   outer loop
     vertex 4.4469322349e-01 3.7303493627e-17 6.7588800000e-02
     vertex 4.6500720000e-01 4.1633363423e-17 6.5800000000e-02
     vertex 4.4469322349e-01 2.3366365142e-02 6.5524047960e-02
   endloop
 endfacet
 facet normal  7.9577930734e-02 8.0916023815e-02 9.9353910342e-01
   outer loop
     vertex 4.6500720000e-01 4.1633363423e-17 6.5800000000e-02
     vertex 4.6500720000e-01 2.2691372505e-02 6.3951964395e-02
     vertex 4.4469322349e-01 2.3366365142e-02 6.5524047960e-02
   endloop
 endfacet
 facet normal  8.3238547423e-02 2.7272894245e-01 9.5848331659e-01
   outer loop
     vertex 4.4469322349e-01 2.3366365142e-02 6.5524047960e-02
     vertex 4.6500720000e-01 2.2691372505e-02 6.3951964395e-02
     vertex 4.4469322349e-01 4.5554426605e-02 5.9210608348e-02
   endloop
 endfacet
 facet normal  6.1253712277e-02 2.5457002820e-01 9.6511247193e-01
   outer loop
     vertex 4.6500720000e-01 2.2691372505e-02 6.3951964395e-02
     vertex 4.6500720000e-01 4.4687583882e-02 5.8149971038e-02
     vertex 4.4469322349e-01 4.5554426605e-02 5.9210608348e-02
   endloop
 endfacet
 facet normal  6.6994965230e-02 5.5766128471e-01 8.2736060226e-01
   outer loop
     vertex 4.4469322349e-01 4.5554426605e-02 5.9210608348e-02
     vertex 4.6500720000e-01 4.4687583882e-02 5.8149971038e-02
     vertex 4.4469322349e-01 6.4246478138e-02 4.6611708372e-02
   endloop
 endfacet
 facet normal  4.3046971120e-02 5.4041869360e-01 8.4029434955e-01
   outer loop
     vertex 4.6500720000e-01 4.4687583882e-02 5.8149971038e-02
     vertex 4.6500720000e-01 6.3682864225e-02 4.5933532129e-02
     vertex 4.4469322349e-01 6.4246478138e-02 4.6611708372e-02
   endloop
 endfacet
 facet normal  3.6590272349e-02 9.5159280992e-01 3.0517581174e-01
   outer loop
     vertex 4.4469322349e-01 6.4246478138e-02 4.6611708372e-02
     vertex 4.6500720000e-01 6.3682864225e-02 4.5933532129e-02
     vertex 4.4469322349e-01 7.0968000000e-02 2.5652800000e-02
   endloop
 endfacet
 facet normal  3.4792775592e-02 9.5113414830e-01 3.0681149701e-01
   outer loop
     vertex 4.6500720000e-01 6.3682864225e-02 4.5933532129e-02
     vertex 4.6500720000e-01 7.0500000000e-02 2.4800000000e-02
     vertex 4.4469322349e-01 7.0968000000e-02 2.5652800000e-02
   endloop
 endfacet
 facet normal  5.5566434692e-02 5.4888475818e-01 -8.3404909542e-01
   outer loop
     vertex 4.6500720000e-01 7.0500000000e-02 2.4800000000e-02
     vertex 4.8080490638e-01 6.8316000000e-02 2.4415200000e-02
     vertex 4.8080490638e-01 5.1644863320e-02 1.3443983947e-02
   endloop
 endfacet
 facet normal  6.4970071873e-03 5.1990732245e-01 -8.5419796591e-01
   outer loop
     vertex 4.6500720000e-01 7.0500000000e-02 2.4800000000e-02
     vertex 4.8080490638e-01 5.1644863320e-02 1.3443983947e-02
     vertex 4.6500720000e-01 5.2958042918e-02 1.4123093356e-02
   endloop
 endfacet
 facet normal  2.2123199745e-02 6.5620746614e-01 -7.5425614046e-01
   outer loop
     vertex 4.6500720000e-01 5.2958042918e-02 1.4123093356e-02
     vertex 4.8080490638e-01 5.1644863320e-02 1.3443983947e-02
     vertex 4.8080490638e-01 3.6360516706e-02 1.4650869246e-04
   endloop
 endfacet
 facet normal  -5.3404090305e-03 6.4114006228e-01 -7.6740530398e-01
   outer loop
     vertex 4.6500720000e-01 5.2958042918e-02 1.4123093356e-02
     vertex 4.8080490638e-01 3.6360516706e-02 1.4650869246e-04
     vertex 4.6500720000e-01 3.7030490928e-02 8.1618549203e-04
   endloop
 endfacet
 facet normal  -1.1978608242e-02 5.5136038625e-01 -8.3418117782e-01
   outer loop
     vertex 4.6500720000e-01 3.7030490928e-02 8.1618549203e-04
     vertex 4.8080490638e-01 3.6360516706e-02 1.4650869246e-04
     vertex 4.8080490638e-01 1.9468833033e-02 -1.1018218446e-02
   endloop
 endfacet
 facet normal  -2.4208666640e-03 5.5733295149e-01 -8.3028556569e-01
   outer loop
     vertex 4.6500720000e-01 3.7030490928e-02 8.1618549203e-04
     vertex 4.8080490638e-01 1.9468833033e-02 -1.1018218446e-02
     vertex 4.6500720000e-01 1.9824534826e-02 -1.0733390574e-02
   endloop
 endfacet
 facet normal  -1.1868191398e-02 2.4847796812e-01 -9.6856483799e-01
   outer loop
     vertex 4.6500720000e-01 1.9824534826e-02 -1.0733390574e-02
     vertex 4.8080490638e-01 1.9468833033e-02 -1.1018218446e-02
     vertex 4.8080490638e-01 -2.1649348980e-18 -1.6012800000e-02
   endloop
 endfacet
 facet normal  1.1422724144e-02 2.6581098356e-01 -9.6395748993e-01
   outer loop
     vertex 4.6500720000e-01 1.9824534826e-02 -1.0733390574e-02
     vertex 4.8080490638e-01 -2.1649348980e-18 -1.6012800000e-02
     vertex 4.6500720000e-01 0.0000000000e+00 -1.6200000000e-02
   endloop
 endfacet
 facet normal  1.1422724144e-02 -2.6581098356e-01 -9.6395748993e-01
   outer loop
     vertex 4.6500720000e-01 0.0000000000e+00 -1.6200000000e-02
     vertex 4.8080490638e-01 -2.1649348980e-18 -1.6012800000e-02
     vertex 4.6500720000e-01 -1.9824534826e-02 -1.0733390574e-02
   endloop
 endfacet
 facet normal  -1.1868191398e-02 -2.4847796812e-01 -9.6856483799e-01
   outer loop
     vertex 4.8080490638e-01 -2.1649348980e-18 -1.6012800000e-02
     vertex 4.8080490638e-01 -1.9468833033e-02 -1.1018218446e-02
     vertex 4.6500720000e-01 -1.9824534826e-02 -1.0733390574e-02
   endloop
 endfacet
 facet normal  -2.4208666640e-03 -5.5733295149e-01 -8.3028556569e-01
   outer loop
     vertex 4.6500720000e-01 -1.9824534826e-02 -1.0733390574e-02
     vertex 4.8080490638e-01 -1.9468833033e-02 -1.1018218446e-02
     vertex 4.6500720000e-01 -3.7030490928e-02 8.1618549203e-04
   endloop
 endfacet
 facet normal  -1.1978608242e-02 -5.5136038625e-01 -8.3418117782e-01
   outer loop
     vertex 4.8080490638e-01 -1.9468833033e-02 -1.1018218446e-02
     vertex 4.8080490638e-01 -3.6360516706e-02 1.4650869246e-04
     vertex 4.6500720000e-01 -3.7030490928e-02 8.1618549203e-04
   endloop
 endfacet
 facet normal  -5.3404090305e-03 -6.4114006228e-01 -7.6740530398e-01
   outer loop
     vertex 4.6500720000e-01 -3.7030490928e-02 8.1618549203e-04
     vertex 4.8080490638e-01 -3.6360516706e-02 1.4650869246e-04
     vertex 4.6500720000e-01 -5.2958042918e-02 1.4123093356e-02
   endloop
 endfacet
 facet normal  2.2123199745e-02 -6.5620746614e-01 -7.5425614046e-01
   outer loop
     vertex 4.8080490638e-01 -3.6360516706e-02 1.4650869246e-04
     vertex 4.8080490638e-01 -5.1644863320e-02 1.3443983947e-02
     vertex 4.6500720000e-01 -5.2958042918e-02 1.4123093356e-02
   endloop
 endfacet
 facet normal  6.4970071873e-03 -5.1990732245e-01 -8.5419796591e-01
   outer loop
     vertex 4.6500720000e-01 -5.2958042918e-02 1.4123093356e-02
     vertex 4.8080490638e-01 -5.1644863320e-02 1.3443983947e-02
     vertex 4.6500720000e-01 -7.0500000000e-02 2.4800000000e-02
   endloop
 endfacet
 facet normal  5.5566434692e-02 -5.4888475818e-01 -8.3404909542e-01
   outer loop
     vertex 4.8080490638e-01 -5.1644863320e-02 1.3443983947e-02
     vertex 4.8080490638e-01 -6.8316000000e-02 2.4415200000e-02
     vertex 4.6500720000e-01 -7.0500000000e-02 2.4800000000e-02
   endloop
 endfacet
 facet normal  1.3814122252e-01 -9.4972618274e-01 2.8095761328e-01
   outer loop
     vertex 4.6500720000e-01 -7.0500000000e-02 2.4800000000e-02
     vertex 4.8080490638e-01 -6.8316000000e-02 2.4415200000e-02
     vertex 4.8080490638e-01 -6.2136744519e-02 4.5303050846e-02
   endloop
 endfacet
 facet normal  1.0481539514e-01 -9.4646805293e-01 3.0530633424e-01
   outer loop
     vertex 4.6500720000e-01 -7.0500000000e-02 2.4800000000e-02
     vertex 4.8080490638e-01 -6.2136744519e-02 4.5303050846e-02
     vertex 4.6500720000e-01 -6.3682864225e-02 4.5933532129e-02
   endloop
 endfacet
 facet normal  8.7633758244e-02 -5.5925453846e-01 8.2435106941e-01
   outer loop
     vertex 4.6500720000e-01 -6.3682864225e-02 4.5933532129e-02
     vertex 4.8080490638e-01 -6.2136744519e-02 4.5303050846e-02
     vertex 4.8080490638e-01 -4.3919766996e-02 5.7661774859e-02
   endloop
 endfacet
 facet normal  5.2210755602e-02 -5.4018233253e-01 8.3992683290e-01
   outer loop
     vertex 4.6500720000e-01 -6.3682864225e-02 4.5933532129e-02
     vertex 4.8080490638e-01 -4.3919766996e-02 5.7661774859e-02
     vertex 4.6500720000e-01 -4.4687583882e-02 5.8149971038e-02
   endloop
 endfacet
 facet normal  4.1894097891e-02 -2.4630461713e-01 9.6828658988e-01
   outer loop
     vertex 4.6500720000e-01 -4.4687583882e-02 5.8149971038e-02
     vertex 4.8080490638e-01 -4.3919766996e-02 5.7661774859e-02
     vertex 4.8080490638e-01 -2.2286814488e-02 6.3164583780e-02
   endloop
 endfacet
 facet normal  5.4642802330e-02 -2.5466790009e-01 9.6548351867e-01
   outer loop
     vertex 4.6500720000e-01 -4.4687583882e-02 5.8149971038e-02
     vertex 4.8080490638e-01 -2.2286814488e-02 6.3164583780e-02
     vertex 4.6500720000e-01 -2.2691372505e-02 6.3951964395e-02
   endloop
 endfacet
 facet normal  5.1555389266e-02 -7.5006189358e-02 9.9584944314e-01
   outer loop
     vertex 4.6500720000e-01 -2.2691372505e-02 6.3951964395e-02
     vertex 4.8080490638e-01 -2.2286814488e-02 6.3164583780e-02
     vertex 4.8080490638e-01 5.0293103016e-17 6.4843200000e-02
   endloop
 endfacet
 facet normal  6.0256198343e-02 -8.1025956755e-02 9.9488893093e-01
   outer loop
     vertex 4.6500720000e-01 -2.2691372505e-02 6.3951964395e-02
     vertex 4.8080490638e-01 5.0293103016e-17 6.4843200000e-02
     vertex 4.6500720000e-01 4.1633363423e-17 6.5800000000e-02
   endloop
 endfacet
 facet normal  6.0256198343e-02 8.1025956755e-02 9.9488893093e-01
   outer loop
     vertex 4.6500720000e-01 4.1633363423e-17 6.5800000000e-02
     vertex 4.8080490638e-01 5.0293103016e-17 6.4843200000e-02
     vertex 4.6500720000e-01 2.2691372505e-02 6.3951964395e-02
   endloop
 endfacet
 facet normal  5.1555389266e-02 7.5006189358e-02 9.9584944314e-01
   outer loop
     vertex 4.8080490638e-01 5.0293103016e-17 6.4843200000e-02
     vertex 4.8080490638e-01 2.2286814488e-02 6.3164583780e-02
     vertex 4.6500720000e-01 2.2691372505e-02 6.3951964395e-02
   endloop
 endfacet
 facet normal  5.4642802330e-02 2.5466790009e-01 9.6548351867e-01
   outer loop
     vertex 4.6500720000e-01 2.2691372505e-02 6.3951964395e-02
     vertex 4.8080490638e-01 2.2286814488e-02 6.3164583780e-02
     vertex 4.6500720000e-01 4.4687583882e-02 5.8149971038e-02
   endloop
 endfacet
 facet normal  4.1894097891e-02 2.4630461713e-01 9.6828658988e-01
   outer loop
     vertex 4.8080490638e-01 2.2286814488e-02 6.3164583780e-02
     vertex 4.8080490638e-01 4.3919766996e-02 5.7661774859e-02
     vertex 4.6500720000e-01 4.4687583882e-02 5.8149971038e-02
   endloop
 endfacet
 facet normal  5.2210755602e-02 5.4018233253e-01 8.3992683290e-01
   outer loop
     vertex 4.6500720000e-01 4.4687583882e-02 5.8149971038e-02
     vertex 4.8080490638e-01 4.3919766996e-02 5.7661774859e-02
     vertex 4.6500720000e-01 6.3682864225e-02 4.5933532129e-02
   endloop
 endfacet
 facet normal  8.7633758244e-02 5.5925453846e-01 8.2435106941e-01
   outer loop
     vertex 4.8080490638e-01 4.3919766996e-02 5.7661774859e-02
     vertex 4.8080490638e-01 6.2136744519e-02 4.5303050846e-02
     vertex 4.6500720000e-01 6.3682864225e-02 4.5933532129e-02
   endloop
 endfacet
 facet normal  1.0481539514e-01 9.4646805293e-01 3.0530633424e-01
   outer loop
     vertex 4.6500720000e-01 6.3682864225e-02 4.5933532129e-02
     vertex 4.8080490638e-01 6.2136744519e-02 4.5303050846e-02
     vertex 4.6500720000e-01 7.0500000000e-02 2.4800000000e-02
   endloop
 endfacet
 facet normal  1.3814122252e-01 9.4972618274e-01 2.8095761328e-01
   outer loop
     vertex 4.8080490638e-01 6.2136744519e-02 4.5303050846e-02
     vertex 4.8080490638e-01 6.8316000000e-02 2.4415200000e-02
     vertex 4.6500720000e-01 7.0500000000e-02 2.4800000000e-02
   endloop
 endfacet
 facet normal  1.6267972212e-01 6.1628905434e-01 -7.7053430132e-01
   outer loop
     vertex 4.8080490638e-01 6.8316000000e-02 2.4415200000e-02
     vertex 4.9618845319e-01 6.3108000000e-02 2.3497600000e-02
     vertex 4.9618845319e-01 4.8513435050e-02 1.1824569200e-02
   endloop
 endfacet
 facet normal  2.3959730371e-02 5.4957628647e-01 -8.3509989622e-01
   outer loop
     vertex 4.8080490638e-01 6.8316000000e-02 2.4415200000e-02
     vertex 4.9618845319e-01 4.8513435050e-02 1.1824569200e-02
     vertex 4.8080490638e-01 5.1644863320e-02 1.3443983947e-02
   endloop
 endfacet
 facet normal  6.5506039425e-02 6.9306454029e-01 -7.1789309914e-01
   outer loop
     vertex 4.8080490638e-01 5.1644863320e-02 1.3443983947e-02
     vertex 4.9618845319e-01 4.8513435050e-02 1.1824569200e-02
     vertex 4.9618845319e-01 3.4762885871e-02 -1.4504129065e-03
   endloop
 endfacet
 facet normal  -1.0149857820e-02 6.5633430061e-01 -7.5440192618e-01
   outer loop
     vertex 4.8080490638e-01 5.1644863320e-02 1.3443983947e-02
     vertex 4.9618845319e-01 3.4762885871e-02 -1.4504129065e-03
     vertex 4.8080490638e-01 3.6360516706e-02 1.4650869246e-04
   endloop
 endfacet
 facet normal  -3.1965732593e-02 5.3565796970e-01 -8.4382980004e-01
   outer loop
     vertex 4.8080490638e-01 3.6360516706e-02 1.4650869246e-04
     vertex 4.9618845319e-01 3.4762885871e-02 -1.4504129065e-03
     vertex 4.9618845319e-01 1.8620621066e-02 -1.1697423372e-02
   endloop
 endfacet
 facet normal  -6.4298916220e-03 5.5138854852e-01 -8.3422378596e-01
   outer loop
     vertex 4.8080490638e-01 3.6360516706e-02 1.4650869246e-04
     vertex 4.9618845319e-01 1.8620621066e-02 -1.1697423372e-02
     vertex 4.8080490638e-01 1.9468833033e-02 -1.1018218446e-02
   endloop
 endfacet
 facet normal  -3.1994857147e-02 2.0333004021e-01 -9.7858736139e-01
   outer loop
     vertex 4.8080490638e-01 1.9468833033e-02 -1.1018218446e-02
     vertex 4.9618845319e-01 1.8620621066e-02 -1.1697423372e-02
     vertex 4.9618845319e-01 -7.3274719625e-18 -1.5566400000e-02
   endloop
 endfacet
 facet normal  2.8096712418e-02 2.4839736586e-01 -9.6825065112e-01
   outer loop
     vertex 4.8080490638e-01 1.9468833033e-02 -1.1018218446e-02
     vertex 4.9618845319e-01 -7.3274719625e-18 -1.5566400000e-02
     vertex 4.8080490638e-01 -2.1649348980e-18 -1.6012800000e-02
   endloop
 endfacet
 facet normal  2.8096712418e-02 -2.4839736586e-01 -9.6825065112e-01
   outer loop
     vertex 4.8080490638e-01 -2.1649348980e-18 -1.6012800000e-02
     vertex 4.9618845319e-01 -7.3274719625e-18 -1.5566400000e-02
     vertex 4.8080490638e-01 -1.9468833033e-02 -1.1018218446e-02
   endloop
 endfacet
 facet normal  -3.1994857147e-02 -2.0333004021e-01 -9.7858736139e-01
   outer loop
     vertex 4.9618845319e-01 -7.3274719625e-18 -1.5566400000e-02
     vertex 4.9618845319e-01 -1.8620621066e-02 -1.1697423372e-02
     vertex 4.8080490638e-01 -1.9468833033e-02 -1.1018218446e-02
   endloop
 endfacet
 facet normal  -6.4298916220e-03 -5.5138854852e-01 -8.3422378596e-01
   outer loop
     vertex 4.8080490638e-01 -1.9468833033e-02 -1.1018218446e-02
     vertex 4.9618845319e-01 -1.8620621066e-02 -1.1697423372e-02
     vertex 4.8080490638e-01 -3.6360516706e-02 1.4650869246e-04
   endloop
 endfacet
 facet normal  -3.1965732593e-02 -5.3565796970e-01 -8.4382980004e-01
   outer loop
     vertex 4.9618845319e-01 -1.8620621066e-02 -1.1697423372e-02
     vertex 4.9618845319e-01 -3.4762885871e-02 -1.4504129065e-03
     vertex 4.8080490638e-01 -3.6360516706e-02 1.4650869246e-04
   endloop
 endfacet
 facet normal  -1.0149857820e-02 -6.5633430061e-01 -7.5440192618e-01
   outer loop
     vertex 4.8080490638e-01 -3.6360516706e-02 1.4650869246e-04
     vertex 4.9618845319e-01 -3.4762885871e-02 -1.4504129065e-03
     vertex 4.8080490638e-01 -5.1644863320e-02 1.3443983947e-02
   endloop
 endfacet
 facet normal  6.5506039425e-02 -6.9306454029e-01 -7.1789309914e-01
   outer loop
     vertex 4.9618845319e-01 -3.4762885871e-02 -1.4504129065e-03
     vertex 4.9618845319e-01 -4.8513435050e-02 1.1824569200e-02
     vertex 4.8080490638e-01 -5.1644863320e-02 1.3443983947e-02
   endloop
 endfacet
 facet normal  2.3959730371e-02 -5.4957628647e-01 -8.3509989622e-01
   outer loop
     vertex 4.8080490638e-01 -5.1644863320e-02 1.3443983947e-02
     vertex 4.9618845319e-01 -4.8513435050e-02 1.1824569200e-02
     vertex 4.8080490638e-01 -6.8316000000e-02 2.4415200000e-02
   endloop
 endfacet
 facet normal  1.6267972212e-01 -6.1628905434e-01 -7.7053430132e-01
   outer loop
     vertex 4.9618845319e-01 -4.8513435050e-02 1.1824569200e-02
     vertex 4.9618845319e-01 -6.3108000000e-02 2.3497600000e-02
     vertex 4.8080490638e-01 -6.8316000000e-02 2.4415200000e-02
   endloop
 endfacet
 facet normal  3.2470643946e-01 -9.2186074833e-01 2.1151474857e-01
   outer loop
     vertex 4.8080490638e-01 -6.8316000000e-02 2.4415200000e-02
     vertex 4.9618845319e-01 -6.3108000000e-02 2.3497600000e-02
     vertex 4.9618845319e-01 -5.8449843682e-02 4.3799595481e-02
   endloop
 endfacet
 facet normal  2.4940529083e-01 -9.2861714910e-01 2.7471292526e-01
   outer loop
     vertex 4.8080490638e-01 -6.8316000000e-02 2.4415200000e-02
     vertex 4.9618845319e-01 -5.8449843682e-02 4.3799595481e-02
     vertex 4.8080490638e-01 -6.2136744519e-02 4.5303050846e-02
   endloop
 endfacet
 facet normal  2.1872317096e-01 -5.9827576547e-01 7.7086074160e-01
   outer loop
     vertex 4.8080490638e-01 -6.2136744519e-02 4.5303050846e-02
     vertex 4.9618845319e-01 -5.8449843682e-02 4.3799595481e-02
     vertex 4.9618845319e-01 -4.2088819038e-02 5.6497614740e-02
   endloop
 endfacet
 facet normal  1.2837270768e-01 -5.5676928745e-01 8.2068776552e-01
   outer loop
     vertex 4.8080490638e-01 -6.2136744519e-02 4.5303050846e-02
     vertex 4.9618845319e-01 -4.2088819038e-02 5.6497614740e-02
     vertex 4.8080490638e-01 -4.3919766996e-02 5.7661774859e-02
   endloop
 endfacet
 facet normal  9.9983569715e-02 -2.2360195271e-01 9.6953878341e-01
   outer loop
     vertex 4.8080490638e-01 -4.3919766996e-02 5.7661774859e-02
     vertex 4.9618845319e-01 -4.2088819038e-02 5.6497614740e-02
     vertex 4.9618845319e-01 -2.1322099218e-02 6.1286983852e-02
   endloop
 endfacet
 facet normal  1.3256477594e-01 -2.4434533861e-01 9.6058416377e-01
   outer loop
     vertex 4.8080490638e-01 -4.3919766996e-02 5.7661774859e-02
     vertex 4.9618845319e-01 -2.1322099218e-02 6.1286983852e-02
     vertex 4.8080490638e-01 -2.2286814488e-02 6.3164583780e-02
   endloop
 endfacet
 facet normal  1.2459850236e-01 -5.9207571425e-02 9.9043913326e-01
   outer loop
     vertex 4.8080490638e-01 -2.2286814488e-02 6.3164583780e-02
     vertex 4.9618845319e-01 -2.1322099218e-02 6.1286983852e-02
     vertex 4.9618845319e-01 7.0943251274e-17 6.2561600000e-02
   endloop
 endfacet
 facet normal  1.4630399325e-01 -7.4297904708e-02 9.8644562086e-01
   outer loop
     vertex 4.8080490638e-01 -2.2286814488e-02 6.3164583780e-02
     vertex 4.9618845319e-01 7.0943251274e-17 6.2561600000e-02
     vertex 4.8080490638e-01 5.0293103016e-17 6.4843200000e-02
   endloop
 endfacet
 facet normal  1.4630399325e-01 7.4297904708e-02 9.8644562086e-01
   outer loop
     vertex 4.8080490638e-01 5.0293103016e-17 6.4843200000e-02
     vertex 4.9618845319e-01 7.0943251274e-17 6.2561600000e-02
     vertex 4.8080490638e-01 2.2286814488e-02 6.3164583780e-02
   endloop
 endfacet
 facet normal  1.2459850236e-01 5.9207571425e-02 9.9043913326e-01
   outer loop
     vertex 4.9618845319e-01 7.0943251274e-17 6.2561600000e-02
     vertex 4.9618845319e-01 2.1322099218e-02 6.1286983852e-02
     vertex 4.8080490638e-01 2.2286814488e-02 6.3164583780e-02
   endloop
 endfacet
 facet normal  1.3256477594e-01 2.4434533861e-01 9.6058416377e-01
   outer loop
     vertex 4.8080490638e-01 2.2286814488e-02 6.3164583780e-02
     vertex 4.9618845319e-01 2.1322099218e-02 6.1286983852e-02
     vertex 4.8080490638e-01 4.3919766996e-02 5.7661774859e-02
   endloop
 endfacet
 facet normal  9.9983569715e-02 2.2360195271e-01 9.6953878341e-01
   outer loop
     vertex 4.9618845319e-01 2.1322099218e-02 6.1286983852e-02
     vertex 4.9618845319e-01 4.2088819038e-02 5.6497614740e-02
     vertex 4.8080490638e-01 4.3919766996e-02 5.7661774859e-02
   endloop
 endfacet
 facet normal  1.2837270768e-01 5.5676928745e-01 8.2068776552e-01
   outer loop
     vertex 4.8080490638e-01 4.3919766996e-02 5.7661774859e-02
     vertex 4.9618845319e-01 4.2088819038e-02 5.6497614740e-02
     vertex 4.8080490638e-01 6.2136744519e-02 4.5303050846e-02
   endloop
 endfacet
 facet normal  2.1872317096e-01 5.9827576547e-01 7.7086074160e-01
   outer loop
     vertex 4.9618845319e-01 4.2088819038e-02 5.6497614740e-02
     vertex 4.9618845319e-01 5.8449843682e-02 4.3799595481e-02
     vertex 4.8080490638e-01 6.2136744519e-02 4.5303050846e-02
   endloop
 endfacet
 facet normal  2.4940529083e-01 9.2861714910e-01 2.7471292526e-01
   outer loop
     vertex 4.8080490638e-01 6.2136744519e-02 4.5303050846e-02
     vertex 4.9618845319e-01 5.8449843682e-02 4.3799595481e-02
     vertex 4.8080490638e-01 6.8316000000e-02 2.4415200000e-02
   endloop
 endfacet
 facet normal  3.2470643946e-01 9.2186074833e-01 2.1151474857e-01
   outer loop
     vertex 4.9618845319e-01 5.8449843682e-02 4.3799595481e-02
     vertex 4.9618845319e-01 6.3108000000e-02 2.3497600000e-02
     vertex 4.8080490638e-01 6.8316000000e-02 2.4415200000e-02
   endloop
 endfacet
 facet normal  2.3604775446e-01 6.9804545062e-01 -6.7602811072e-01
   outer loop
     vertex 4.9618845319e-01 6.3108000000e-02 2.3497600000e-02
     vertex 5.1143394681e-01 5.6892000000e-02 2.2402400000e-02
     vertex 5.1143394681e-01 4.4775923888e-02 9.8917193415e-03
   endloop
 endfacet
 facet normal  5.4038600429e-02 6.2369687256e-01 -7.7979615337e-01
   outer loop
     vertex 4.9618845319e-01 6.3108000000e-02 2.3497600000e-02
     vertex 5.1143394681e-01 4.4775923888e-02 9.8917193415e-03
     vertex 4.9618845319e-01 4.8513435050e-02 1.1824569200e-02
   endloop
 endfacet
 facet normal  9.6987468940e-02 7.3988532132e-01 -6.6570499635e-01
   outer loop
     vertex 4.9618845319e-01 4.8513435050e-02 1.1824569200e-02
     vertex 5.1143394681e-01 4.4775923888e-02 9.8917193415e-03
     vertex 5.1143394681e-01 3.2856036163e-02 -3.3564161053e-03
   endloop
 endfacet
 facet normal  -3.0721868286e-03 6.9455304951e-01 -7.1943493318e-01
   outer loop
     vertex 4.9618845319e-01 4.8513435050e-02 1.1824569200e-02
     vertex 5.1143394681e-01 3.2856036163e-02 -3.3564161053e-03
     vertex 4.9618845319e-01 3.4762885871e-02 -1.4504129065e-03
   endloop
 endfacet
 facet normal  -4.2789212452e-02 5.1414817125e-01 -8.5663337624e-01
   outer loop
     vertex 4.9618845319e-01 3.4762885871e-02 -1.4504129065e-03
     vertex 5.1143394681e-01 3.2856036163e-02 -3.3564161053e-03
     vertex 5.1143394681e-01 1.7608239039e-02 -1.2508087315e-02
   endloop
 endfacet
 facet normal  -9.3036174935e-03 5.3590865451e-01 -8.4422470748e-01
   outer loop
     vertex 4.9618845319e-01 3.4762885871e-02 -1.4504129065e-03
     vertex 5.1143394681e-01 1.7608239039e-02 -1.2508087315e-02
     vertex 4.9618845319e-01 1.8620621066e-02 -1.1697423372e-02
   endloop
 endfacet
 facet normal  -4.3167192175e-02 1.4184266638e-01 -9.8894754740e-01
   outer loop
     vertex 4.9618845319e-01 1.8620621066e-02 -1.1697423372e-02
     vertex 5.1143394681e-01 1.7608239039e-02 -1.2508087315e-02
     vertex 5.1143394681e-01 -1.3489209749e-17 -1.5033600000e-02
   endloop
 endfacet
 facet normal  3.4197207067e-02 2.0331520395e-01 -9.7851595739e-01
   outer loop
     vertex 4.9618845319e-01 1.8620621066e-02 -1.1697423372e-02
     vertex 5.1143394681e-01 -1.3489209749e-17 -1.5033600000e-02
     vertex 4.9618845319e-01 -7.3274719625e-18 -1.5566400000e-02
   endloop
 endfacet
 facet normal  3.4197207067e-02 -2.0331520395e-01 -9.7851595739e-01
   outer loop
     vertex 4.9618845319e-01 -7.3274719625e-18 -1.5566400000e-02
     vertex 5.1143394681e-01 -1.3489209749e-17 -1.5033600000e-02
     vertex 4.9618845319e-01 -1.8620621066e-02 -1.1697423372e-02
   endloop
 endfacet
 facet normal  -4.3167192175e-02 -1.4184266638e-01 -9.8894754740e-01
   outer loop
     vertex 5.1143394681e-01 -1.3489209749e-17 -1.5033600000e-02
     vertex 5.1143394681e-01 -1.7608239039e-02 -1.2508087315e-02
     vertex 4.9618845319e-01 -1.8620621066e-02 -1.1697423372e-02
   endloop
 endfacet
 facet normal  -9.3036174935e-03 -5.3590865451e-01 -8.4422470748e-01
   outer loop
     vertex 4.9618845319e-01 -1.8620621066e-02 -1.1697423372e-02
     vertex 5.1143394681e-01 -1.7608239039e-02 -1.2508087315e-02
     vertex 4.9618845319e-01 -3.4762885871e-02 -1.4504129065e-03
   endloop
 endfacet
 facet normal  -4.2789212452e-02 -5.1414817125e-01 -8.5663337624e-01
   outer loop
     vertex 5.1143394681e-01 -1.7608239039e-02 -1.2508087315e-02
     vertex 5.1143394681e-01 -3.2856036163e-02 -3.3564161053e-03
     vertex 4.9618845319e-01 -3.4762885871e-02 -1.4504129065e-03
   endloop
 endfacet
 facet normal  -3.0721868286e-03 -6.9455304951e-01 -7.1943493318e-01
   outer loop
     vertex 4.9618845319e-01 -3.4762885871e-02 -1.4504129065e-03
     vertex 5.1143394681e-01 -3.2856036163e-02 -3.3564161053e-03
     vertex 4.9618845319e-01 -4.8513435050e-02 1.1824569200e-02
   endloop
 endfacet
 facet normal  9.6987468940e-02 -7.3988532132e-01 -6.6570499635e-01
   outer loop
     vertex 5.1143394681e-01 -3.2856036163e-02 -3.3564161053e-03
     vertex 5.1143394681e-01 -4.4775923888e-02 9.8917193415e-03
     vertex 4.9618845319e-01 -4.8513435050e-02 1.1824569200e-02
   endloop
 endfacet
 facet normal  5.4038600429e-02 -6.2369687256e-01 -7.7979615337e-01
   outer loop
     vertex 4.9618845319e-01 -4.8513435050e-02 1.1824569200e-02
     vertex 5.1143394681e-01 -4.4775923888e-02 9.8917193415e-03
     vertex 4.9618845319e-01 -6.3108000000e-02 2.3497600000e-02
   endloop
 endfacet
 facet normal  2.3604775446e-01 -6.9804545062e-01 -6.7602811072e-01
   outer loop
     vertex 5.1143394681e-01 -4.4775923888e-02 9.8917193415e-03
     vertex 5.1143394681e-01 -5.6892000000e-02 2.2402400000e-02
     vertex 4.9618845319e-01 -6.3108000000e-02 2.3497600000e-02
   endloop
 endfacet
 facet normal  3.8236989090e-01 -9.1444456045e-01 1.3260623060e-01
   outer loop
     vertex 4.9618845319e-01 -6.3108000000e-02 2.3497600000e-02
     vertex 5.1143394681e-01 -5.6892000000e-02 2.2402400000e-02
     vertex 5.1143394681e-01 -5.4049349134e-02 4.2005148754e-02
   endloop
 endfacet
 facet normal  2.9405268435e-01 -9.3158249721e-01 2.1374533846e-01
   outer loop
     vertex 4.9618845319e-01 -6.3108000000e-02 2.3497600000e-02
     vertex 5.1143394681e-01 -5.4049349134e-02 4.2005148754e-02
     vertex 4.9618845319e-01 -5.8449843682e-02 4.3799595481e-02
   endloop
 endfacet
 facet normal  2.7185744368e-01 -6.5395340348e-01 7.0600175381e-01
   outer loop
     vertex 4.9618845319e-01 -5.8449843682e-02 4.3799595481e-02
     vertex 5.1143394681e-01 -5.4049349134e-02 4.2005148754e-02
     vertex 5.1143394681e-01 -3.9903494055e-02 5.5108133307e-02
   endloop
 endfacet
 facet normal  1.5788093204e-01 -6.0543163008e-01 7.8008086286e-01
   outer loop
     vertex 4.9618845319e-01 -5.8449843682e-02 4.3799595481e-02
     vertex 5.1143394681e-01 -3.9903494055e-02 5.5108133307e-02
     vertex 4.9618845319e-01 -4.2088819038e-02 5.6497614740e-02
   endloop
 endfacet
 facet normal  1.1662878361e-01 -1.9436381221e-01 9.7397147563e-01
   outer loop
     vertex 4.9618845319e-01 -4.2088819038e-02 5.6497614740e-02
     vertex 5.1143394681e-01 -3.9903494055e-02 5.5108133307e-02
     vertex 5.1143394681e-01 -2.0170664864e-02 5.9045977487e-02
   endloop
 endfacet
 facet normal  1.5819039789e-01 -2.2189841062e-01 9.6215221944e-01
   outer loop
     vertex 4.9618845319e-01 -4.2088819038e-02 5.6497614740e-02
     vertex 5.1143394681e-01 -2.0170664864e-02 5.9045977487e-02
     vertex 4.9618845319e-01 -2.1322099218e-02 6.1286983852e-02
   endloop
 endfacet
 facet normal  1.4819169456e-01 -3.8822173388e-02 9.8819636739e-01
   outer loop
     vertex 4.9618845319e-01 -2.1322099218e-02 6.1286983852e-02
     vertex 5.1143394681e-01 -2.0170664864e-02 5.9045977487e-02
     vertex 5.1143394681e-01 9.5590202420e-17 5.9838400000e-02
   endloop
 endfacet
 facet normal  1.7553641677e-01 -5.8746045467e-02 9.8271861106e-01
   outer loop
     vertex 4.9618845319e-01 -2.1322099218e-02 6.1286983852e-02
     vertex 5.1143394681e-01 9.5590202420e-17 5.9838400000e-02
     vertex 4.9618845319e-01 7.0943251274e-17 6.2561600000e-02
   endloop
 endfacet
 facet normal  1.7553641677e-01 5.8746045467e-02 9.8271861106e-01
   outer loop
     vertex 4.9618845319e-01 7.0943251274e-17 6.2561600000e-02
     vertex 5.1143394681e-01 9.5590202420e-17 5.9838400000e-02
     vertex 4.9618845319e-01 2.1322099218e-02 6.1286983852e-02
   endloop
 endfacet
 facet normal  1.4819169456e-01 3.8822173388e-02 9.8819636739e-01
   outer loop
     vertex 5.1143394681e-01 9.5590202420e-17 5.9838400000e-02
     vertex 5.1143394681e-01 2.0170664864e-02 5.9045977487e-02
     vertex 4.9618845319e-01 2.1322099218e-02 6.1286983852e-02
   endloop
 endfacet
 facet normal  1.5819039789e-01 2.2189841062e-01 9.6215221944e-01
   outer loop
     vertex 4.9618845319e-01 2.1322099218e-02 6.1286983852e-02
     vertex 5.1143394681e-01 2.0170664864e-02 5.9045977487e-02
     vertex 4.9618845319e-01 4.2088819038e-02 5.6497614740e-02
   endloop
 endfacet
 facet normal  1.1662878361e-01 1.9436381221e-01 9.7397147563e-01
   outer loop
     vertex 5.1143394681e-01 2.0170664864e-02 5.9045977487e-02
     vertex 5.1143394681e-01 3.9903494055e-02 5.5108133307e-02
     vertex 4.9618845319e-01 4.2088819038e-02 5.6497614740e-02
   endloop
 endfacet
 facet normal  1.5788093204e-01 6.0543163008e-01 7.8008086286e-01
   outer loop
     vertex 4.9618845319e-01 4.2088819038e-02 5.6497614740e-02
     vertex 5.1143394681e-01 3.9903494055e-02 5.5108133307e-02
     vertex 4.9618845319e-01 5.8449843682e-02 4.3799595481e-02
   endloop
 endfacet
 facet normal  2.7185744368e-01 6.5395340348e-01 7.0600175381e-01
   outer loop
     vertex 5.1143394681e-01 3.9903494055e-02 5.5108133307e-02
     vertex 5.1143394681e-01 5.4049349134e-02 4.2005148754e-02
     vertex 4.9618845319e-01 5.8449843682e-02 4.3799595481e-02
   endloop
 endfacet
 facet normal  2.9405268435e-01 9.3158249721e-01 2.1374533846e-01
   outer loop
     vertex 4.9618845319e-01 5.8449843682e-02 4.3799595481e-02
     vertex 5.1143394681e-01 5.4049349134e-02 4.2005148754e-02
     vertex 4.9618845319e-01 6.3108000000e-02 2.3497600000e-02
   endloop
 endfacet
 facet normal  3.8236989090e-01 9.1444456045e-01 1.3260623060e-01
   outer loop
     vertex 5.1143394681e-01 5.4049349134e-02 4.2005148754e-02
     vertex 5.1143394681e-01 5.6892000000e-02 2.2402400000e-02
     vertex 4.9618845319e-01 6.3108000000e-02 2.3497600000e-02
   endloop
 endfacet
 facet normal  2.2735358657e-01 7.7536883311e-01 -5.8916340629e-01
   outer loop
     vertex 5.1143394681e-01 5.6892000000e-02 2.2402400000e-02
     vertex 5.2681749362e-01 5.1684000000e-02 2.1484800000e-02
     vertex 5.2681749362e-01 4.1644495617e-02 8.2723045951e-03
   endloop
 endfacet
 facet normal  7.2795963412e-02 7.1643895596e-01 -6.9384145891e-01
   outer loop
     vertex 5.1143394681e-01 5.6892000000e-02 2.2402400000e-02
     vertex 5.2681749362e-01 4.1644495617e-02 8.2723045951e-03
     vertex 5.1143394681e-01 4.4775923888e-02 9.8917193415e-03
   endloop
 endfacet
 facet normal  9.4649616887e-02 7.8294602034e-01 -6.1484711861e-01
   outer loop
     vertex 5.1143394681e-01 4.4775923888e-02 9.8917193415e-03
     vertex 5.2681749362e-01 4.1644495617e-02 8.2723045951e-03
     vertex 5.2681749362e-01 3.1258405327e-02 -4.9533377043e-03
   endloop
 endfacet
 facet normal  7.7709586862e-03 7.4336751077e-01 -6.6883806421e-01
   outer loop
     vertex 5.1143394681e-01 4.4775923888e-02 9.8917193415e-03
     vertex 5.2681749362e-01 3.1258405327e-02 -4.9533377043e-03
     vertex 5.1143394681e-01 3.2856036163e-02 -3.3564161053e-03
   endloop
 endfacet
 facet normal  -3.8949492697e-02 4.9346417138e-01 -8.6889357725e-01
   outer loop
     vertex 5.1143394681e-01 3.2856036163e-02 -3.3564161053e-03
     vertex 5.2681749362e-01 3.1258405327e-02 -4.9533377043e-03
     vertex 5.2681749362e-01 1.6760027071e-02 -1.3187292241e-02
   endloop
 endfacet
 facet normal  -9.4809090280e-03 5.1459637033e-01 -8.5738013040e-01
   outer loop
     vertex 5.1143394681e-01 3.2856036163e-02 -3.3564161053e-03
     vertex 5.2681749362e-01 1.6760027071e-02 -1.3187292241e-02
     vertex 5.1143394681e-01 1.7608239039e-02 -1.2508087315e-02
   endloop
 endfacet
 facet normal  -3.9378132618e-02 8.3172167256e-02 -9.9575687458e-01
   outer loop
     vertex 5.1143394681e-01 1.7608239039e-02 -1.2508087315e-02
     vertex 5.2681749362e-01 1.6760027071e-02 -1.3187292241e-02
     vertex 5.2681749362e-01 -1.8651746814e-17 -1.4587200000e-02
   endloop
 endfacet
 facet normal  2.8712227675e-02 1.4191647303e-01 -9.8946213807e-01
   outer loop
     vertex 5.1143394681e-01 1.7608239039e-02 -1.2508087315e-02
     vertex 5.2681749362e-01 -1.8651746814e-17 -1.4587200000e-02
     vertex 5.1143394681e-01 -1.3489209749e-17 -1.5033600000e-02
   endloop
 endfacet
 facet normal  2.8712227675e-02 -1.4191647303e-01 -9.8946213807e-01
   outer loop
     vertex 5.1143394681e-01 -1.3489209749e-17 -1.5033600000e-02
     vertex 5.2681749362e-01 -1.8651746814e-17 -1.4587200000e-02
     vertex 5.1143394681e-01 -1.7608239039e-02 -1.2508087315e-02
   endloop
 endfacet
 facet normal  -3.9378132618e-02 -8.3172167256e-02 -9.9575687458e-01
   outer loop
     vertex 5.2681749362e-01 -1.8651746814e-17 -1.4587200000e-02
     vertex 5.2681749362e-01 -1.6760027071e-02 -1.3187292241e-02
     vertex 5.1143394681e-01 -1.7608239039e-02 -1.2508087315e-02
   endloop
 endfacet
 facet normal  -9.4809090280e-03 -5.1459637033e-01 -8.5738013040e-01
   outer loop
     vertex 5.1143394681e-01 -1.7608239039e-02 -1.2508087315e-02
     vertex 5.2681749362e-01 -1.6760027071e-02 -1.3187292241e-02
     vertex 5.1143394681e-01 -3.2856036163e-02 -3.3564161053e-03
   endloop
 endfacet
 facet normal  -3.8949492697e-02 -4.9346417138e-01 -8.6889357725e-01
   outer loop
     vertex 5.2681749362e-01 -1.6760027071e-02 -1.3187292241e-02
     vertex 5.2681749362e-01 -3.1258405327e-02 -4.9533377043e-03
     vertex 5.1143394681e-01 -3.2856036163e-02 -3.3564161053e-03
   endloop
 endfacet
 facet normal  7.7709586862e-03 -7.4336751077e-01 -6.6883806421e-01
   outer loop
     vertex 5.1143394681e-01 -3.2856036163e-02 -3.3564161053e-03
     vertex 5.2681749362e-01 -3.1258405327e-02 -4.9533377043e-03
     vertex 5.1143394681e-01 -4.4775923888e-02 9.8917193415e-03
   endloop
 endfacet
 facet normal  9.4649616887e-02 -7.8294602034e-01 -6.1484711861e-01
   outer loop
     vertex 5.2681749362e-01 -3.1258405327e-02 -4.9533377043e-03
     vertex 5.2681749362e-01 -4.1644495617e-02 8.2723045951e-03
     vertex 5.1143394681e-01 -4.4775923888e-02 9.8917193415e-03
   endloop
 endfacet
 facet normal  7.2795963412e-02 -7.1643895596e-01 -6.9384145891e-01
   outer loop
     vertex 5.1143394681e-01 -4.4775923888e-02 9.8917193415e-03
     vertex 5.2681749362e-01 -4.1644495617e-02 8.2723045951e-03
     vertex 5.1143394681e-01 -5.6892000000e-02 2.2402400000e-02
   endloop
 endfacet
 facet normal  2.2735358657e-01 -7.7536883311e-01 -5.8916340629e-01
   outer loop
     vertex 5.2681749362e-01 -4.1644495617e-02 8.2723045951e-03
     vertex 5.2681749362e-01 -5.1684000000e-02 2.1484800000e-02
     vertex 5.1143394681e-01 -5.6892000000e-02 2.2402400000e-02
   endloop
 endfacet
 facet normal  3.2348345059e-01 -9.4395722081e-01 6.5598951815e-02
   outer loop
     vertex 5.1143394681e-01 -5.6892000000e-02 2.2402400000e-02
     vertex 5.2681749362e-01 -5.1684000000e-02 2.1484800000e-02
     vertex 5.2681749362e-01 -5.0362448297e-02 4.0501693389e-02
   endloop
 endfacet
 facet normal  2.4363991754e-01 -9.5982629846e-01 1.3918716670e-01
   outer loop
     vertex 5.1143394681e-01 -5.6892000000e-02 2.2402400000e-02
     vertex 5.2681749362e-01 -5.0362448297e-02 4.0501693389e-02
     vertex 5.1143394681e-01 -5.4049349134e-02 4.2005148754e-02
   endloop
 endfacet
 facet normal  2.3596931413e-01 -7.1719209314e-01 6.5570876487e-01
   outer loop
     vertex 5.1143394681e-01 -5.4049349134e-02 4.2005148754e-02
     vertex 5.2681749362e-01 -5.0362448297e-02 4.0501693389e-02
     vertex 5.2681749362e-01 -3.8072546096e-02 5.3943973187e-02
   endloop
 endfacet
 facet normal  1.3514632294e-01 -6.7331241247e-01 7.2690155221e-01
   outer loop
     vertex 5.1143394681e-01 -5.4049349134e-02 4.2005148754e-02
     vertex 5.2681749362e-01 -3.8072546096e-02 5.3943973187e-02
     vertex 5.1143394681e-01 -3.9903494055e-02 5.5108133307e-02
   endloop
 endfacet
 facet normal  9.4223472999e-02 -1.6771340064e-01 9.8132265457e-01
   outer loop
     vertex 5.1143394681e-01 -3.9903494055e-02 5.5108133307e-02
     vertex 5.2681749362e-01 -3.8072546096e-02 5.3943973187e-02
     vertex 5.2681749362e-01 -1.9205949594e-02 5.7168377559e-02
   endloop
 endfacet
 facet normal  1.3083065686e-01 -1.9401725865e-01 9.7223487007e-01
   outer loop
     vertex 5.1143394681e-01 -3.9903494055e-02 5.5108133307e-02
     vertex 5.2681749362e-01 -1.9205949594e-02 5.7168377559e-02
     vertex 5.1143394681e-01 -2.0170664864e-02 5.9045977487e-02
   endloop
 endfacet
 facet normal  1.2236892413e-01 -2.0067974631e-02 9.9228177591e-01
   outer loop
     vertex 5.1143394681e-01 -2.0170664864e-02 5.9045977487e-02
     vertex 5.2681749362e-01 -1.9205949594e-02 5.7168377559e-02
     vertex 5.2681749362e-01 1.1624035068e-16 5.7556800000e-02
   endloop
 endfacet
 facet normal  1.4659883268e-01 -3.8831491611e-02 9.8843355746e-01
   outer loop
     vertex 5.1143394681e-01 -2.0170664864e-02 5.9045977487e-02
     vertex 5.2681749362e-01 1.1624035068e-16 5.7556800000e-02
     vertex 5.1143394681e-01 9.5590202420e-17 5.9838400000e-02
   endloop
 endfacet
 facet normal  1.4659883268e-01 3.8831491611e-02 9.8843355746e-01
   outer loop
     vertex 5.1143394681e-01 9.5590202420e-17 5.9838400000e-02
     vertex 5.2681749362e-01 1.1624035068e-16 5.7556800000e-02
     vertex 5.1143394681e-01 2.0170664864e-02 5.9045977487e-02
   endloop
 endfacet
 facet normal  1.2236892413e-01 2.0067974631e-02 9.9228177591e-01
   outer loop
     vertex 5.2681749362e-01 1.1624035068e-16 5.7556800000e-02
     vertex 5.2681749362e-01 1.9205949594e-02 5.7168377559e-02
     vertex 5.1143394681e-01 2.0170664864e-02 5.9045977487e-02
   endloop
 endfacet
 facet normal  1.3083065686e-01 1.9401725865e-01 9.7223487007e-01
   outer loop
     vertex 5.1143394681e-01 2.0170664864e-02 5.9045977487e-02
     vertex 5.2681749362e-01 1.9205949594e-02 5.7168377559e-02
     vertex 5.1143394681e-01 3.9903494055e-02 5.5108133307e-02
   endloop
 endfacet
 facet normal  9.4223472999e-02 1.6771340064e-01 9.8132265457e-01
   outer loop
     vertex 5.2681749362e-01 1.9205949594e-02 5.7168377559e-02
     vertex 5.2681749362e-01 3.8072546096e-02 5.3943973187e-02
     vertex 5.1143394681e-01 3.9903494055e-02 5.5108133307e-02
   endloop
 endfacet
 facet normal  1.3514632294e-01 6.7331241247e-01 7.2690155221e-01
   outer loop
     vertex 5.1143394681e-01 3.9903494055e-02 5.5108133307e-02
     vertex 5.2681749362e-01 3.8072546096e-02 5.3943973187e-02
     vertex 5.1143394681e-01 5.4049349134e-02 4.2005148754e-02
   endloop
 endfacet
 facet normal  2.3596931413e-01 7.1719209314e-01 6.5570876487e-01
   outer loop
     vertex 5.2681749362e-01 3.8072546096e-02 5.3943973187e-02
     vertex 5.2681749362e-01 5.0362448297e-02 4.0501693389e-02
     vertex 5.1143394681e-01 5.4049349134e-02 4.2005148754e-02
   endloop
 endfacet
 facet normal  2.4363991754e-01 9.5982629846e-01 1.3918716670e-01
   outer loop
     vertex 5.1143394681e-01 5.4049349134e-02 4.2005148754e-02
     vertex 5.2681749362e-01 5.0362448297e-02 4.0501693389e-02
     vertex 5.1143394681e-01 5.6892000000e-02 2.2402400000e-02
   endloop
 endfacet
 facet normal  3.2348345059e-01 9.4395722081e-01 6.5598951815e-02
   outer loop
     vertex 5.2681749362e-01 5.0362448297e-02 4.0501693389e-02
     vertex 5.2681749362e-01 5.1684000000e-02 2.1484800000e-02
     vertex 5.1143394681e-01 5.6892000000e-02 2.2402400000e-02
   endloop
 endfacet
 facet normal  1.0019638301e-01 8.2321671280e-01 -5.5881564814e-01
   outer loop
     vertex 5.2681749362e-01 5.1684000000e-02 2.1484800000e-02
     vertex 5.4261520000e-01 4.9500000000e-02 2.1100000000e-02
     vertex 5.4261520000e-01 4.0331316020e-02 7.5931951854e-03
   endloop
 endfacet
 facet normal  4.0145204907e-02 7.9557815652e-01 -6.0451944500e-01
   outer loop
     vertex 5.2681749362e-01 5.1684000000e-02 2.1484800000e-02
     vertex 5.4261520000e-01 4.0331316020e-02 7.5931951854e-03
     vertex 5.2681749362e-01 4.1644495617e-02 8.2723045951e-03
   endloop
 endfacet
 facet normal  4.1365207662e-02 8.0423235580e-01 -5.9287371124e-01
   outer loop
     vertex 5.2681749362e-01 4.1644495617e-02 8.2723045951e-03
     vertex 5.4261520000e-01 4.0331316020e-02 7.5931951854e-03
     vertex 5.4261520000e-01 3.0588431106e-02 -5.6230145038e-03
   endloop
 endfacet
 facet normal  7.1725974983e-03 7.8645656073e-01 -6.1760394423e-01
   outer loop
     vertex 5.2681749362e-01 4.1644495617e-02 8.2723045951e-03
     vertex 5.4261520000e-01 3.0588431106e-02 -5.6230145038e-03
     vertex 5.2681749362e-01 3.1258405327e-02 -4.9533377043e-03
   endloop
 endfacet
 facet normal  -1.6554223816e-02 4.8411684391e-01 -8.7484675179e-01
   outer loop
     vertex 5.2681749362e-01 3.1258405327e-02 -4.9533377043e-03
     vertex 5.4261520000e-01 3.0588431106e-02 -5.6230145038e-03
     vertex 5.4261520000e-01 1.6404325278e-02 -1.3472120113e-02
   endloop
 endfacet
 facet normal  -4.5584411780e-03 4.9383377506e-01 -8.6954437680e-01
   outer loop
     vertex 5.2681749362e-01 3.1258405327e-02 -4.9533377043e-03
     vertex 5.4261520000e-01 1.6404325278e-02 -1.3472120113e-02
     vertex 5.2681749362e-01 1.6760027071e-02 -1.3187292241e-02
   endloop
 endfacet
 facet normal  -1.6727039163e-02 5.6464956074e-02 -9.9826445138e-01
   outer loop
     vertex 5.2681749362e-01 1.6760027071e-02 -1.3187292241e-02
     vertex 5.4261520000e-01 1.6404325278e-02 -1.3472120113e-02
     vertex 5.4261520000e-01 -2.0816681712e-17 -1.4400000000e-02
   endloop
 endfacet
 facet normal  1.1807876984e-02 8.3230924399e-02 -9.9646032900e-01
   outer loop
     vertex 5.2681749362e-01 1.6760027071e-02 -1.3187292241e-02
     vertex 5.4261520000e-01 -2.0816681712e-17 -1.4400000000e-02
     vertex 5.2681749362e-01 -1.8651746814e-17 -1.4587200000e-02
   endloop
 endfacet
 facet normal  1.1807876984e-02 -8.3230924399e-02 -9.9646032900e-01
   outer loop
     vertex 5.2681749362e-01 -1.8651746814e-17 -1.4587200000e-02
     vertex 5.4261520000e-01 -2.0816681712e-17 -1.4400000000e-02
     vertex 5.2681749362e-01 -1.6760027071e-02 -1.3187292241e-02
   endloop
 endfacet
 facet normal  -1.6727039163e-02 -5.6464956074e-02 -9.9826445138e-01
   outer loop
     vertex 5.4261520000e-01 -2.0816681712e-17 -1.4400000000e-02
     vertex 5.4261520000e-01 -1.6404325278e-02 -1.3472120113e-02
     vertex 5.2681749362e-01 -1.6760027071e-02 -1.3187292241e-02
   endloop
 endfacet
 facet normal  -4.5584411780e-03 -4.9383377506e-01 -8.6954437680e-01
   outer loop
     vertex 5.2681749362e-01 -1.6760027071e-02 -1.3187292241e-02
     vertex 5.4261520000e-01 -1.6404325278e-02 -1.3472120113e-02
     vertex 5.2681749362e-01 -3.1258405327e-02 -4.9533377043e-03
   endloop
 endfacet
 facet normal  -1.6554223816e-02 -4.8411684391e-01 -8.7484675179e-01
   outer loop
     vertex 5.4261520000e-01 -1.6404325278e-02 -1.3472120113e-02
     vertex 5.4261520000e-01 -3.0588431106e-02 -5.6230145038e-03
     vertex 5.2681749362e-01 -3.1258405327e-02 -4.9533377043e-03
   endloop
 endfacet
 facet normal  7.1725974983e-03 -7.8645656073e-01 -6.1760394423e-01
   outer loop
     vertex 5.2681749362e-01 -3.1258405327e-02 -4.9533377043e-03
     vertex 5.4261520000e-01 -3.0588431106e-02 -5.6230145038e-03
     vertex 5.2681749362e-01 -4.1644495617e-02 8.2723045951e-03
   endloop
 endfacet
 facet normal  4.1365207662e-02 -8.0423235580e-01 -5.9287371124e-01
   outer loop
     vertex 5.4261520000e-01 -3.0588431106e-02 -5.6230145038e-03
     vertex 5.4261520000e-01 -4.0331316020e-02 7.5931951854e-03
     vertex 5.2681749362e-01 -4.1644495617e-02 8.2723045951e-03
   endloop
 endfacet
 facet normal  4.0145204907e-02 -7.9557815652e-01 -6.0451944500e-01
   outer loop
     vertex 5.2681749362e-01 -4.1644495617e-02 8.2723045951e-03
     vertex 5.4261520000e-01 -4.0331316020e-02 7.5931951854e-03
     vertex 5.2681749362e-01 -5.1684000000e-02 2.1484800000e-02
   endloop
 endfacet
 facet normal  1.0019638301e-01 -8.2321671280e-01 -5.5881564814e-01
   outer loop
     vertex 5.4261520000e-01 -4.0331316020e-02 7.5931951854e-03
     vertex 5.4261520000e-01 -4.9500000000e-02 2.1100000000e-02
     vertex 5.2681749362e-01 -5.1684000000e-02 2.1484800000e-02
   endloop
 endfacet
 facet normal  1.3771800194e-01 -9.8981519780e-01 3.6050327885e-02
   outer loop
     vertex 5.2681749362e-01 -5.1684000000e-02 2.1484800000e-02
     vertex 5.4261520000e-01 -4.9500000000e-02 2.1100000000e-02
     vertex 5.4261520000e-01 -4.8816328591e-02 3.9871212106e-02
   endloop
 endfacet
 facet normal  9.9898957462e-02 -9.9260365593e-01 6.8979565982e-02
   outer loop
     vertex 5.2681749362e-01 -5.1684000000e-02 2.1484800000e-02
     vertex 5.4261520000e-01 -4.8816328591e-02 3.9871212106e-02
     vertex 5.2681749362e-01 -5.0362448297e-02 4.0501693389e-02
   endloop
 endfacet
 facet normal  9.9964772968e-02 -7.5909473736e-01 6.4325906436e-01
   outer loop
     vertex 5.2681749362e-01 -5.0362448297e-02 4.0501693389e-02
     vertex 5.4261520000e-01 -4.8816328591e-02 3.9871212106e-02
     vertex 5.4261520000e-01 -3.7304729210e-02 5.3455777008e-02
   endloop
 endfacet
 facet normal  5.6631878013e-02 -7.3684934312e-01 6.7368084130e-01
   outer loop
     vertex 5.2681749362e-01 -5.0362448297e-02 4.0501693389e-02
     vertex 5.4261520000e-01 -3.7304729210e-02 5.3455777008e-02
     vertex 5.2681749362e-01 -3.8072546096e-02 5.3943973187e-02
   endloop
 endfacet
 facet normal  3.8085713094e-02 -1.5603887629e-01 9.8701638666e-01
   outer loop
     vertex 5.2681749362e-01 -3.8072546096e-02 5.3943973187e-02
     vertex 5.4261520000e-01 -3.7304729210e-02 5.3455777008e-02
     vertex 5.4261520000e-01 -1.8801391577e-02 5.6380996944e-02
   endloop
 endfacet
 facet normal  5.3367066522e-02 -1.6822281397e-01 9.8430332778e-01
   outer loop
     vertex 5.2681749362e-01 -3.8072546096e-02 5.3943973187e-02
     vertex 5.4261520000e-01 -1.8801391577e-02 5.6380996944e-02
     vertex 5.2681749362e-01 -1.9205949594e-02 5.7168377559e-02
   endloop
 endfacet
 facet normal  5.0073451756e-02 -1.1632835070e-02 9.9867778917e-01
   outer loop
     vertex 5.2681749362e-01 -1.9205949594e-02 5.7168377559e-02
     vertex 5.4261520000e-01 -1.8801391577e-02 5.6380996944e-02
     vertex 5.4261520000e-01 1.2490009027e-16 5.6600000000e-02
   endloop
 endfacet
 facet normal  6.0442660320e-02 -2.0182965148e-02 9.9796760104e-01
   outer loop
     vertex 5.2681749362e-01 -1.9205949594e-02 5.7168377559e-02
     vertex 5.4261520000e-01 1.2490009027e-16 5.6600000000e-02
     vertex 5.2681749362e-01 1.1624035068e-16 5.7556800000e-02
   endloop
 endfacet
 facet normal  6.0442660320e-02 2.0182965148e-02 9.9796760104e-01
   outer loop
     vertex 5.2681749362e-01 1.1624035068e-16 5.7556800000e-02
     vertex 5.4261520000e-01 1.2490009027e-16 5.6600000000e-02
     vertex 5.2681749362e-01 1.9205949594e-02 5.7168377559e-02
   endloop
 endfacet
 facet normal  5.0073451756e-02 1.1632835070e-02 9.9867778917e-01
   outer loop
     vertex 5.4261520000e-01 1.2490009027e-16 5.6600000000e-02
     vertex 5.4261520000e-01 1.8801391577e-02 5.6380996944e-02
     vertex 5.2681749362e-01 1.9205949594e-02 5.7168377559e-02
   endloop
 endfacet
 facet normal  5.3367066522e-02 1.6822281397e-01 9.8430332778e-01
   outer loop
     vertex 5.2681749362e-01 1.9205949594e-02 5.7168377559e-02
     vertex 5.4261520000e-01 1.8801391577e-02 5.6380996944e-02
     vertex 5.2681749362e-01 3.8072546096e-02 5.3943973187e-02
   endloop
 endfacet
 facet normal  3.8085713094e-02 1.5603887629e-01 9.8701638666e-01
   outer loop
     vertex 5.4261520000e-01 1.8801391577e-02 5.6380996944e-02
     vertex 5.4261520000e-01 3.7304729210e-02 5.3455777008e-02
     vertex 5.2681749362e-01 3.8072546096e-02 5.3943973187e-02
   endloop
 endfacet
 facet normal  5.6631878013e-02 7.3684934312e-01 6.7368084130e-01
   outer loop
     vertex 5.2681749362e-01 3.8072546096e-02 5.3943973187e-02
     vertex 5.4261520000e-01 3.7304729210e-02 5.3455777008e-02
     vertex 5.2681749362e-01 5.0362448297e-02 4.0501693389e-02
   endloop
 endfacet
 facet normal  9.9964772968e-02 7.5909473736e-01 6.4325906436e-01
   outer loop
     vertex 5.4261520000e-01 3.7304729210e-02 5.3455777008e-02
     vertex 5.4261520000e-01 4.8816328591e-02 3.9871212106e-02
     vertex 5.2681749362e-01 5.0362448297e-02 4.0501693389e-02
   endloop
 endfacet
 facet normal  9.9898957462e-02 9.9260365593e-01 6.8979565982e-02
   outer loop
     vertex 5.2681749362e-01 5.0362448297e-02 4.0501693389e-02
     vertex 5.4261520000e-01 4.8816328591e-02 3.9871212106e-02
     vertex 5.2681749362e-01 5.1684000000e-02 2.1484800000e-02
   endloop
 endfacet
 facet normal  1.3771800194e-01 9.8981519780e-01 3.6050327885e-02
   outer loop
     vertex 5.4261520000e-01 4.8816328591e-02 3.9871212106e-02
     vertex 5.4261520000e-01 4.9500000000e-02 2.1100000000e-02
     vertex 5.2681749362e-01 5.1684000000e-02 2.1484800000e-02
   endloop
 endfacet
 facet normal  6.4901347451e-03 8.4131934624e-01 -5.4049943182e-01
   outer loop
     vertex 5.4261520000e-01 4.9500000000e-02 2.1100000000e-02
     vertex 5.6005109208e-01 4.9292000000e-02 2.0985600000e-02
     vertex 5.6005109208e-01 4.0552274381e-02 7.3816999569e-03
   endloop
 endfacet
 facet normal  -1.7295134674e-02 8.2725660230e-01 -5.6155800436e-01
   outer loop
     vertex 5.4261520000e-01 4.9500000000e-02 2.1100000000e-02
     vertex 5.6005109208e-01 4.0552274381e-02 7.3816999569e-03
     vertex 5.4261520000e-01 4.0331316020e-02 7.5931951854e-03
   endloop
 endfacet
 facet normal  -1.7447462481e-02 7.8925356379e-01 -6.1381951590e-01
   outer loop
     vertex 5.4261520000e-01 4.0331316020e-02 7.5931951854e-03
     vertex 5.6005109208e-01 4.0552274381e-02 7.3816999569e-03
     vertex 5.6005109208e-01 3.0566242206e-02 -5.4584122881e-03
   endloop
 endfacet
 facet normal  6.6259704709e-03 8.0490362354e-01 -5.9336856449e-01
   outer loop
     vertex 5.4261520000e-01 4.0331316020e-02 7.5931951854e-03
     vertex 5.6005109208e-01 3.0566242206e-02 -5.4584122881e-03
     vertex 5.4261520000e-01 3.0588431106e-02 -5.6230145038e-03
   endloop
 endfacet
 facet normal  8.9469141887e-03 4.6557609915e-01 -8.8496262555e-01
   outer loop
     vertex 5.4261520000e-01 3.0588431106e-02 -5.6230145038e-03
     vertex 5.6005109208e-01 3.0566242206e-02 -5.4584122881e-03
     vertex 5.6005109208e-01 1.6312666083e-02 -1.2957174585e-02
   endloop
 endfacet
 facet normal  2.8374844070e-02 4.8398823691e-01 -8.7461434630e-01
   outer loop
     vertex 5.4261520000e-01 3.0588431106e-02 -5.6230145038e-03
     vertex 5.6005109208e-01 1.6312666083e-02 -1.2957174585e-02
     vertex 5.4261520000e-01 1.6404325278e-02 -1.3472120113e-02
   endloop
 endfacet
 facet normal  2.9772485371e-02 5.7089931416e-02 -9.9792501664e-01
   outer loop
     vertex 5.4261520000e-01 1.6404325278e-02 -1.3472120113e-02
     vertex 5.6005109208e-01 1.6312666083e-02 -1.2957174585e-02
     vertex 5.6005109208e-01 -2.2981616610e-17 -1.3890400000e-02
   endloop
 endfacet
 facet normal  2.9168009740e-02 5.6448829109e-02 -9.9797933691e-01
   outer loop
     vertex 5.4261520000e-01 1.6404325278e-02 -1.3472120113e-02
     vertex 5.6005109208e-01 -2.2981616610e-17 -1.3890400000e-02
     vertex 5.4261520000e-01 -2.0816681712e-17 -1.4400000000e-02
   endloop
 endfacet
 facet normal  2.9168009740e-02 -5.6448829109e-02 -9.9797933691e-01
   outer loop
     vertex 5.4261520000e-01 -2.0816681712e-17 -1.4400000000e-02
     vertex 5.6005109208e-01 -2.2981616610e-17 -1.3890400000e-02
     vertex 5.4261520000e-01 -1.6404325278e-02 -1.3472120113e-02
   endloop
 endfacet
 facet normal  2.9772485371e-02 -5.7089931416e-02 -9.9792501664e-01
   outer loop
     vertex 5.6005109208e-01 -2.2981616610e-17 -1.3890400000e-02
     vertex 5.6005109208e-01 -1.6312666083e-02 -1.2957174585e-02
     vertex 5.4261520000e-01 -1.6404325278e-02 -1.3472120113e-02
   endloop
 endfacet
 facet normal  2.8374844070e-02 -4.8398823691e-01 -8.7461434630e-01
   outer loop
     vertex 5.4261520000e-01 -1.6404325278e-02 -1.3472120113e-02
     vertex 5.6005109208e-01 -1.6312666083e-02 -1.2957174585e-02
     vertex 5.4261520000e-01 -3.0588431106e-02 -5.6230145038e-03
   endloop
 endfacet
 facet normal  8.9469141887e-03 -4.6557609915e-01 -8.8496262555e-01
   outer loop
     vertex 5.6005109208e-01 -1.6312666083e-02 -1.2957174585e-02
     vertex 5.6005109208e-01 -3.0566242206e-02 -5.4584122881e-03
     vertex 5.4261520000e-01 -3.0588431106e-02 -5.6230145038e-03
   endloop
 endfacet
 facet normal  6.6259704709e-03 -8.0490362354e-01 -5.9336856449e-01
   outer loop
     vertex 5.4261520000e-01 -3.0588431106e-02 -5.6230145038e-03
     vertex 5.6005109208e-01 -3.0566242206e-02 -5.4584122881e-03
     vertex 5.4261520000e-01 -4.0331316020e-02 7.5931951854e-03
   endloop
 endfacet
 facet normal  -1.7447462481e-02 -7.8925356379e-01 -6.1381951590e-01
   outer loop
     vertex 5.6005109208e-01 -3.0566242206e-02 -5.4584122881e-03
     vertex 5.6005109208e-01 -4.0552274381e-02 7.3816999569e-03
     vertex 5.4261520000e-01 -4.0331316020e-02 7.5931951854e-03
   endloop
 endfacet
 facet normal  -1.7295134674e-02 -8.2725660230e-01 -5.6155800436e-01
   outer loop
     vertex 5.4261520000e-01 -4.0331316020e-02 7.5931951854e-03
     vertex 5.6005109208e-01 -4.0552274381e-02 7.3816999569e-03
     vertex 5.4261520000e-01 -4.9500000000e-02 2.1100000000e-02
   endloop
 endfacet
 facet normal  6.4901347451e-03 -8.4131934624e-01 -5.4049943182e-01
   outer loop
     vertex 5.6005109208e-01 -4.0552274381e-02 7.3816999569e-03
     vertex 5.6005109208e-01 -4.9292000000e-02 2.0985600000e-02
     vertex 5.4261520000e-01 -4.9500000000e-02 2.1100000000e-02
   endloop
 endfacet
 facet normal  1.2200648411e-02 -9.9899326261e-01 4.3169496610e-02
   outer loop
     vertex 5.4261520000e-01 -4.9500000000e-02 2.1100000000e-02
     vertex 5.6005109208e-01 -4.9292000000e-02 2.0985600000e-02
     vertex 5.6005109208e-01 -4.8491783921e-02 3.9503547490e-02
   endloop
 endfacet
 facet normal  1.9365125568e-02 -9.9915000725e-01 3.6390313513e-02
   outer loop
     vertex 5.4261520000e-01 -4.9500000000e-02 2.1100000000e-02
     vertex 5.6005109208e-01 -4.8491783921e-02 3.9503547490e-02
     vertex 5.4261520000e-01 -4.8816328591e-02 3.9871212106e-02
   endloop
 endfacet
 facet normal  2.7902307312e-02 -7.4866875899e-01 6.6235681514e-01
   outer loop
     vertex 5.4261520000e-01 -4.8816328591e-02 3.9871212106e-02
     vertex 5.6005109208e-01 -4.8491783921e-02 3.9503547490e-02
     vertex 5.6005109208e-01 -3.6837344827e-02 5.2676680542e-02
   endloop
 endfacet
 facet normal  4.9278453651e-02 -7.6198931929e-01 6.4571194142e-01
   outer loop
     vertex 5.4261520000e-01 -4.8816328591e-02 3.9871212106e-02
     vertex 5.6005109208e-01 -3.6837344827e-02 5.2676680542e-02
     vertex 5.4261520000e-01 -3.7304729210e-02 5.3455777008e-02
   endloop
 endfacet
 facet normal  4.8307321508e-02 -1.5813241018e-01 9.8623554161e-01
   outer loop
     vertex 5.4261520000e-01 -3.7304729210e-02 5.3455777008e-02
     vertex 5.6005109208e-01 -3.6837344827e-02 5.2676680542e-02
     vertex 5.6005109208e-01 -1.8567091616e-02 5.5606121890e-02
   endloop
 endfacet
 facet normal  4.5945982492e-02 -1.5598726014e-01 9.8668989119e-01
   outer loop
     vertex 5.4261520000e-01 -3.7304729210e-02 5.3455777008e-02
     vertex 5.6005109208e-01 -1.8567091616e-02 5.5606121890e-02
     vertex 5.4261520000e-01 -1.8801391577e-02 5.6380996944e-02
   endloop
 endfacet
 facet normal  4.4577695656e-02 -1.3744747562e-02 9.9891136292e-01
   outer loop
     vertex 5.4261520000e-01 -1.8801391577e-02 5.6380996944e-02
     vertex 5.6005109208e-01 -1.8567091616e-02 5.5606121890e-02
     vertex 5.6005109208e-01 1.1624035068e-16 5.5861600000e-02
   endloop
 endfacet
 facet normal  4.2308634470e-02 -1.1637017097e-02 9.9903681578e-01
   outer loop
     vertex 5.4261520000e-01 -1.8801391577e-02 5.6380996944e-02
     vertex 5.6005109208e-01 1.1624035068e-16 5.5861600000e-02
     vertex 5.4261520000e-01 1.2490009027e-16 5.6600000000e-02
   endloop
 endfacet
 facet normal  4.2308634470e-02 1.1637017097e-02 9.9903681578e-01
   outer loop
     vertex 5.4261520000e-01 1.2490009027e-16 5.6600000000e-02
     vertex 5.6005109208e-01 1.1624035068e-16 5.5861600000e-02
     vertex 5.4261520000e-01 1.8801391577e-02 5.6380996944e-02
   endloop
 endfacet
 facet normal  4.4577695656e-02 1.3744747562e-02 9.9891136292e-01
   outer loop
     vertex 5.6005109208e-01 1.1624035068e-16 5.5861600000e-02
     vertex 5.6005109208e-01 1.8567091616e-02 5.5606121890e-02
     vertex 5.4261520000e-01 1.8801391577e-02 5.6380996944e-02
   endloop
 endfacet
 facet normal  4.5945982492e-02 1.5598726014e-01 9.8668989119e-01
   outer loop
     vertex 5.4261520000e-01 1.8801391577e-02 5.6380996944e-02
     vertex 5.6005109208e-01 1.8567091616e-02 5.5606121890e-02
     vertex 5.4261520000e-01 3.7304729210e-02 5.3455777008e-02
   endloop
 endfacet
 facet normal  4.8307321508e-02 1.5813241018e-01 9.8623554161e-01
   outer loop
     vertex 5.6005109208e-01 1.8567091616e-02 5.5606121890e-02
     vertex 5.6005109208e-01 3.6837344827e-02 5.2676680542e-02
     vertex 5.4261520000e-01 3.7304729210e-02 5.3455777008e-02
   endloop
 endfacet
 facet normal  4.9278453651e-02 7.6198931929e-01 6.4571194142e-01
   outer loop
     vertex 5.4261520000e-01 3.7304729210e-02 5.3455777008e-02
     vertex 5.6005109208e-01 3.6837344827e-02 5.2676680542e-02
     vertex 5.4261520000e-01 4.8816328591e-02 3.9871212106e-02
   endloop
 endfacet
 facet normal  2.7902307312e-02 7.4866875899e-01 6.6235681514e-01
   outer loop
     vertex 5.6005109208e-01 3.6837344827e-02 5.2676680542e-02
     vertex 5.6005109208e-01 4.8491783921e-02 3.9503547490e-02
     vertex 5.4261520000e-01 4.8816328591e-02 3.9871212106e-02
   endloop
 endfacet
 facet normal  1.9365125568e-02 9.9915000725e-01 3.6390313513e-02
   outer loop
     vertex 5.4261520000e-01 4.8816328591e-02 3.9871212106e-02
     vertex 5.6005109208e-01 4.8491783921e-02 3.9503547490e-02
     vertex 5.4261520000e-01 4.9500000000e-02 2.1100000000e-02
   endloop
 endfacet
 facet normal  1.2200648411e-02 9.9899326261e-01 4.3169496610e-02
   outer loop
     vertex 5.6005109208e-01 4.8491783921e-02 3.9503547490e-02
     vertex 5.6005109208e-01 4.9292000000e-02 2.0985600000e-02
     vertex 5.4261520000e-01 4.9500000000e-02 2.1100000000e-02
   endloop
 endfacet
 facet normal  1.5568202435e-02 8.7323361415e-01 -4.8705306301e-01
   outer loop
     vertex 5.6005109208e-01 4.9292000000e-02 2.0985600000e-02
     vertex 5.7933757029e-01 4.8796000000e-02 2.0712800000e-02
     vertex 5.7933757029e-01 4.1079175089e-02 6.8773651812e-03
   endloop
 endfacet
 facet normal  -3.7093698542e-02 8.4075805082e-01 -5.4013883170e-01
   outer loop
     vertex 5.6005109208e-01 4.9292000000e-02 2.0985600000e-02
     vertex 5.7933757029e-01 4.1079175089e-02 6.8773651812e-03
     vertex 5.6005109208e-01 4.0552274381e-02 7.3816999569e-03
   endloop
 endfacet
 facet normal  -3.7761530855e-02 7.4844216750e-01 -6.6212414901e-01
   outer loop
     vertex 5.6005109208e-01 4.0552274381e-02 7.3816999569e-03
     vertex 5.7933757029e-01 4.1079175089e-02 6.8773651812e-03
     vertex 5.7933757029e-01 3.0513330215e-02 -5.0658993122e-03
   endloop
 endfacet
 facet normal  1.4658236747e-02 7.8928891260e-01 -6.1384700744e-01
   outer loop
     vertex 5.6005109208e-01 4.0552274381e-02 7.3816999569e-03
     vertex 5.7933757029e-01 3.0513330215e-02 -5.0658993122e-03
     vertex 5.6005109208e-01 3.0566242206e-02 -5.4584122881e-03
   endloop
 endfacet
 facet normal  1.9621566279e-02 4.1940793796e-01 -9.0758579523e-01
   outer loop
     vertex 5.6005109208e-01 3.0566242206e-02 -5.4584122881e-03
     vertex 5.7933757029e-01 3.0513330215e-02 -5.0658993122e-03
     vertex 5.7933757029e-01 1.6094094154e-02 -1.1729227556e-02
   endloop
 endfacet
 facet normal  6.1506638856e-02 4.6471321186e-01 -8.8332245760e-01
   outer loop
     vertex 5.6005109208e-01 3.0566242206e-02 -5.4584122881e-03
     vertex 5.7933757029e-01 1.6094094154e-02 -1.1729227556e-02
     vertex 5.6005109208e-01 1.6312666083e-02 -1.2957174585e-02
   endloop
 endfacet
 facet normal  6.4092036346e-02 5.8555703978e-02 -9.9622459336e-01
   outer loop
     vertex 5.6005109208e-01 1.6312666083e-02 -1.2957174585e-02
     vertex 5.7933757029e-01 1.6094094154e-02 -1.1729227556e-02
     vertex 5.7933757029e-01 -2.8144153674e-17 -1.2675200000e-02
   endloop
 endfacet
 facet normal  6.2780929259e-02 5.7002581091e-02 -9.9639814365e-01
   outer loop
     vertex 5.6005109208e-01 1.6312666083e-02 -1.2957174585e-02
     vertex 5.7933757029e-01 -2.8144153674e-17 -1.2675200000e-02
     vertex 5.6005109208e-01 -2.2981616610e-17 -1.3890400000e-02
   endloop
 endfacet
 facet normal  6.2780929259e-02 -5.7002581091e-02 -9.9639814365e-01
   outer loop
     vertex 5.6005109208e-01 -2.2981616610e-17 -1.3890400000e-02
     vertex 5.7933757029e-01 -2.8144153674e-17 -1.2675200000e-02
     vertex 5.6005109208e-01 -1.6312666083e-02 -1.2957174585e-02
   endloop
 endfacet
 facet normal  6.4092036346e-02 -5.8555703978e-02 -9.9622459336e-01
   outer loop
     vertex 5.7933757029e-01 -2.8144153674e-17 -1.2675200000e-02
     vertex 5.7933757029e-01 -1.6094094154e-02 -1.1729227556e-02
     vertex 5.6005109208e-01 -1.6312666083e-02 -1.2957174585e-02
   endloop
 endfacet
 facet normal  6.1506638856e-02 -4.6471321186e-01 -8.8332245760e-01
   outer loop
     vertex 5.6005109208e-01 -1.6312666083e-02 -1.2957174585e-02
     vertex 5.7933757029e-01 -1.6094094154e-02 -1.1729227556e-02
     vertex 5.6005109208e-01 -3.0566242206e-02 -5.4584122881e-03
   endloop
 endfacet
 facet normal  1.9621566279e-02 -4.1940793796e-01 -9.0758579523e-01
   outer loop
     vertex 5.7933757029e-01 -1.6094094154e-02 -1.1729227556e-02
     vertex 5.7933757029e-01 -3.0513330215e-02 -5.0658993122e-03
     vertex 5.6005109208e-01 -3.0566242206e-02 -5.4584122881e-03
   endloop
 endfacet
 facet normal  1.4658236747e-02 -7.8928891260e-01 -6.1384700744e-01
   outer loop
     vertex 5.6005109208e-01 -3.0566242206e-02 -5.4584122881e-03
     vertex 5.7933757029e-01 -3.0513330215e-02 -5.0658993122e-03
     vertex 5.6005109208e-01 -4.0552274381e-02 7.3816999569e-03
   endloop
 endfacet
 facet normal  -3.7761530855e-02 -7.4844216750e-01 -6.6212414901e-01
   outer loop
     vertex 5.7933757029e-01 -3.0513330215e-02 -5.0658993122e-03
     vertex 5.7933757029e-01 -4.1079175089e-02 6.8773651812e-03
     vertex 5.6005109208e-01 -4.0552274381e-02 7.3816999569e-03
   endloop
 endfacet
 facet normal  -3.7093698542e-02 -8.4075805082e-01 -5.4013883170e-01
   outer loop
     vertex 5.6005109208e-01 -4.0552274381e-02 7.3816999569e-03
     vertex 5.7933757029e-01 -4.1079175089e-02 6.8773651812e-03
     vertex 5.6005109208e-01 -4.9292000000e-02 2.0985600000e-02
   endloop
 endfacet
 facet normal  1.5568202435e-02 -8.7323361415e-01 -4.8705306301e-01
   outer loop
     vertex 5.7933757029e-01 -4.1079175089e-02 6.8773651812e-03
     vertex 5.7933757029e-01 -4.8796000000e-02 2.0712800000e-02
     vertex 5.6005109208e-01 -4.9292000000e-02 2.0985600000e-02
   endloop
 endfacet
 facet normal  2.6511466383e-02 -9.9784301373e-01 6.0053826656e-02
   outer loop
     vertex 5.6005109208e-01 -4.9292000000e-02 2.0985600000e-02
     vertex 5.7933757029e-01 -4.8796000000e-02 2.0712800000e-02
     vertex 5.7933757029e-01 -4.7717869709e-02 3.8626808790e-02
   endloop
 endfacet
 facet normal  4.2015324452e-02 -9.9818541359e-01 4.3134587030e-02
   outer loop
     vertex 5.6005109208e-01 -4.9292000000e-02 2.0985600000e-02
     vertex 5.7933757029e-01 -4.7717869709e-02 3.8626808790e-02
     vertex 5.6005109208e-01 -4.8491783921e-02 3.9503547490e-02
   endloop
 endfacet
 facet normal  6.0375407520e-02 -7.1154111800e-01 7.0004574677e-01
   outer loop
     vertex 5.6005109208e-01 -4.8491783921e-02 3.9503547490e-02
     vertex 5.7933757029e-01 -4.7717869709e-02 3.8626808790e-02
     vertex 5.7933757029e-01 -3.5722812837e-02 5.0818835121e-02
   endloop
 endfacet
 facet normal  1.0650089935e-01 -7.4470073041e-01 6.5884624957e-01
   outer loop
     vertex 5.6005109208e-01 -4.8491783921e-02 3.9503547490e-02
     vertex 5.7933757029e-01 -3.5722812837e-02 5.0818835121e-02
     vertex 5.6005109208e-01 -3.6837344827e-02 5.2676680542e-02
   endloop
 endfacet
 facet normal  1.0392360876e-01 -1.6281366896e-01 9.8116848336e-01
   outer loop
     vertex 5.6005109208e-01 -3.6837344827e-02 5.2676680542e-02
     vertex 5.7933757029e-01 -3.5722812837e-02 5.0818835121e-02
     vertex 5.7933757029e-01 -1.8008376324e-02 5.3758342913e-02
   endloop
 endfacet
 facet normal  9.8700709396e-02 -1.5754420527e-01 9.8256704267e-01
   outer loop
     vertex 5.6005109208e-01 -3.6837344827e-02 5.2676680542e-02
     vertex 5.7933757029e-01 -1.8008376324e-02 5.3758342913e-02
     vertex 5.6005109208e-01 -1.8567091616e-02 5.5606121890e-02
   endloop
 endfacet
 facet normal  9.5896441438e-02 -1.8925481399e-02 9.9521138391e-01
   outer loop
     vertex 5.6005109208e-01 -1.8567091616e-02 5.5606121890e-02
     vertex 5.7933757029e-01 -1.8008376324e-02 5.3758342913e-02
     vertex 5.7933757029e-01 9.5590202420e-17 5.4100800000e-02
   endloop
 endfacet
 facet normal  9.0910463756e-02 -1.3701451860e-02 9.9576481048e-01
   outer loop
     vertex 5.6005109208e-01 -1.8567091616e-02 5.5606121890e-02
     vertex 5.7933757029e-01 9.5590202420e-17 5.4100800000e-02
     vertex 5.6005109208e-01 1.1624035068e-16 5.5861600000e-02
   endloop
 endfacet
 facet normal  9.0910463756e-02 1.3701451860e-02 9.9576481048e-01
   outer loop
     vertex 5.6005109208e-01 1.1624035068e-16 5.5861600000e-02
     vertex 5.7933757029e-01 9.5590202420e-17 5.4100800000e-02
     vertex 5.6005109208e-01 1.8567091616e-02 5.5606121890e-02
   endloop
 endfacet
 facet normal  9.5896441438e-02 1.8925481399e-02 9.9521138391e-01
   outer loop
     vertex 5.7933757029e-01 9.5590202420e-17 5.4100800000e-02
     vertex 5.7933757029e-01 1.8008376324e-02 5.3758342913e-02
     vertex 5.6005109208e-01 1.8567091616e-02 5.5606121890e-02
   endloop
 endfacet
 facet normal  9.8700709396e-02 1.5754420527e-01 9.8256704267e-01
   outer loop
     vertex 5.6005109208e-01 1.8567091616e-02 5.5606121890e-02
     vertex 5.7933757029e-01 1.8008376324e-02 5.3758342913e-02
     vertex 5.6005109208e-01 3.6837344827e-02 5.2676680542e-02
   endloop
 endfacet
 facet normal  1.0392360876e-01 1.6281366896e-01 9.8116848336e-01
   outer loop
     vertex 5.7933757029e-01 1.8008376324e-02 5.3758342913e-02
     vertex 5.7933757029e-01 3.5722812837e-02 5.0818835121e-02
     vertex 5.6005109208e-01 3.6837344827e-02 5.2676680542e-02
   endloop
 endfacet
 facet normal  1.0650089935e-01 7.4470073041e-01 6.5884624957e-01
   outer loop
     vertex 5.6005109208e-01 3.6837344827e-02 5.2676680542e-02
     vertex 5.7933757029e-01 3.5722812837e-02 5.0818835121e-02
     vertex 5.6005109208e-01 4.8491783921e-02 3.9503547490e-02
   endloop
 endfacet
 facet normal  6.0375407520e-02 7.1154111800e-01 7.0004574677e-01
   outer loop
     vertex 5.7933757029e-01 3.5722812837e-02 5.0818835121e-02
     vertex 5.7933757029e-01 4.7717869709e-02 3.8626808790e-02
     vertex 5.6005109208e-01 4.8491783921e-02 3.9503547490e-02
   endloop
 endfacet
 facet normal  4.2015324452e-02 9.9818541359e-01 4.3134587030e-02
   outer loop
     vertex 5.6005109208e-01 4.8491783921e-02 3.9503547490e-02
     vertex 5.7933757029e-01 4.7717869709e-02 3.8626808790e-02
     vertex 5.6005109208e-01 4.9292000000e-02 2.0985600000e-02
   endloop
 endfacet
 facet normal  2.6511466383e-02 9.9784301373e-01 6.0053826656e-02
   outer loop
     vertex 5.7933757029e-01 4.7717869709e-02 3.8626808790e-02
     vertex 5.7933757029e-01 4.8796000000e-02 2.0712800000e-02
     vertex 5.6005109208e-01 4.9292000000e-02 2.0985600000e-02
   endloop
 endfacet
 facet normal  2.0181754373e-02 9.0819486285e-01 -4.1806074664e-01
   outer loop
     vertex 5.7933757029e-01 4.8796000000e-02 2.0712800000e-02
     vertex 5.9923330246e-01 4.8204000000e-02 2.0387200000e-02
     vertex 5.9923330246e-01 4.1708056579e-02 6.2754172232e-03
   endloop
 endfacet
 facet normal  -4.2304999882e-02 8.7255759226e-01 -4.8667600637e-01
   outer loop
     vertex 5.7933757029e-01 4.8796000000e-02 2.0712800000e-02
     vertex 5.9923330246e-01 4.1708056579e-02 6.2754172232e-03
     vertex 5.7933757029e-01 4.1079175089e-02 6.8773651812e-03
   endloop
 endfacet
 facet normal  -4.3679450104e-02 6.9403586555e-01 -7.1861416836e-01
   outer loop
     vertex 5.7933757029e-01 4.1079175089e-02 6.8773651812e-03
     vertex 5.9923330246e-01 4.1708056579e-02 6.2754172232e-03
     vertex 5.9923330246e-01 3.0450177193e-02 -4.5974160829e-03
   endloop
 endfacet
 facet normal  1.7976607603e-02 7.4885532433e-01 -6.6248965637e-01
   outer loop
     vertex 5.7933757029e-01 4.1079175089e-02 6.8773651812e-03
     vertex 5.9923330246e-01 3.0450177193e-02 -4.5974160829e-03
     vertex 5.7933757029e-01 3.0513330215e-02 -5.0658993122e-03
   endloop
 endfacet
 facet normal  2.3096166213e-02 3.6134253693e-01 -9.3214705820e-01
   outer loop
     vertex 5.7933757029e-01 3.0513330215e-02 -5.0658993122e-03
     vertex 5.9923330246e-01 3.0450177193e-02 -4.5974160829e-03
     vertex 5.9923330246e-01 1.5833217981e-02 -1.0263613361e-02
   endloop
 endfacet
 facet normal  7.2181585821e-02 4.1839446530e-01 -9.0539267176e-01
   outer loop
     vertex 5.7933757029e-01 3.0513330215e-02 -5.0658993122e-03
     vertex 5.9923330246e-01 1.5833217981e-02 -1.0263613361e-02
     vertex 5.7933757029e-01 1.6094094154e-02 -1.1729227556e-02
   endloop
 endfacet
 facet normal  7.4119486755e-02 6.0428736630e-02 -9.9541683202e-01
   outer loop
     vertex 5.7933757029e-01 1.6094094154e-02 -1.1729227556e-02
     vertex 5.9923330246e-01 1.5833217981e-02 -1.0263613361e-02
     vertex 5.9923330246e-01 -3.4305891461e-17 -1.1224800000e-02
   endloop
 endfacet
 facet normal  7.2582504992e-02 5.8521578972e-02 -9.9564401508e-01
   outer loop
     vertex 5.7933757029e-01 1.6094094154e-02 -1.1729227556e-02
     vertex 5.9923330246e-01 -3.4305891461e-17 -1.1224800000e-02
     vertex 5.7933757029e-01 -2.8144153674e-17 -1.2675200000e-02
   endloop
 endfacet
 facet normal  7.2582504992e-02 -5.8521578972e-02 -9.9564401508e-01
   outer loop
     vertex 5.7933757029e-01 -2.8144153674e-17 -1.2675200000e-02
     vertex 5.9923330246e-01 -3.4305891461e-17 -1.1224800000e-02
     vertex 5.7933757029e-01 -1.6094094154e-02 -1.1729227556e-02
   endloop
 endfacet
 facet normal  7.4119486755e-02 -6.0428736630e-02 -9.9541683202e-01
   outer loop
     vertex 5.9923330246e-01 -3.4305891461e-17 -1.1224800000e-02
     vertex 5.9923330246e-01 -1.5833217981e-02 -1.0263613361e-02
     vertex 5.7933757029e-01 -1.6094094154e-02 -1.1729227556e-02
   endloop
 endfacet
 facet normal  7.2181585821e-02 -4.1839446530e-01 -9.0539267176e-01
   outer loop
     vertex 5.7933757029e-01 -1.6094094154e-02 -1.1729227556e-02
     vertex 5.9923330246e-01 -1.5833217981e-02 -1.0263613361e-02
     vertex 5.7933757029e-01 -3.0513330215e-02 -5.0658993122e-03
   endloop
 endfacet
 facet normal  2.3096166213e-02 -3.6134253693e-01 -9.3214705820e-01
   outer loop
     vertex 5.9923330246e-01 -1.5833217981e-02 -1.0263613361e-02
     vertex 5.9923330246e-01 -3.0450177193e-02 -4.5974160829e-03
     vertex 5.7933757029e-01 -3.0513330215e-02 -5.0658993122e-03
   endloop
 endfacet
 facet normal  1.7976607603e-02 -7.4885532433e-01 -6.6248965637e-01
   outer loop
     vertex 5.7933757029e-01 -3.0513330215e-02 -5.0658993122e-03
     vertex 5.9923330246e-01 -3.0450177193e-02 -4.5974160829e-03
     vertex 5.7933757029e-01 -4.1079175089e-02 6.8773651812e-03
   endloop
 endfacet
 facet normal  -4.3679450104e-02 -6.9403586555e-01 -7.1861416836e-01
   outer loop
     vertex 5.9923330246e-01 -3.0450177193e-02 -4.5974160829e-03
     vertex 5.9923330246e-01 -4.1708056579e-02 6.2754172232e-03
     vertex 5.7933757029e-01 -4.1079175089e-02 6.8773651812e-03
   endloop
 endfacet
 facet normal  -4.2304999882e-02 -8.7255759226e-01 -4.8667600637e-01
   outer loop
     vertex 5.7933757029e-01 -4.1079175089e-02 6.8773651812e-03
     vertex 5.9923330246e-01 -4.1708056579e-02 6.2754172232e-03
     vertex 5.7933757029e-01 -4.8796000000e-02 2.0712800000e-02
   endloop
 endfacet
 facet normal  2.0181754373e-02 -9.0819486285e-01 -4.1806074664e-01
   outer loop
     vertex 5.9923330246e-01 -4.1708056579e-02 6.2754172232e-03
     vertex 5.9923330246e-01 -4.8204000000e-02 2.0387200000e-02
     vertex 5.7933757029e-01 -4.8796000000e-02 2.0712800000e-02
   endloop
 endfacet
 facet normal  3.0978177347e-02 -9.9617655643e-01 8.1686112287e-02
   outer loop
     vertex 5.7933757029e-01 -4.8796000000e-02 2.0712800000e-02
     vertex 5.9923330246e-01 -4.8204000000e-02 2.0387200000e-02
     vertex 5.9923330246e-01 -4.6794165650e-02 3.7580378729e-02
   endloop
 endfacet
 facet normal  4.9442532936e-02 -9.9697304861e-01 6.0001468986e-02
   outer loop
     vertex 5.7933757029e-01 -4.8796000000e-02 2.0712800000e-02
     vertex 5.9923330246e-01 -4.6794165650e-02 3.7580378729e-02
     vertex 5.7933757029e-01 -4.7717869709e-02 3.8626808790e-02
   endloop
 endfacet
 facet normal  6.9983123758e-02 -6.6264703045e-01 7.4565493053e-01
   outer loop
     vertex 5.7933757029e-01 -4.7717869709e-02 3.8626808790e-02
     vertex 5.9923330246e-01 -4.6794165650e-02 3.7580378729e-02
     vertex 5.9923330246e-01 -3.4392564977e-02 4.8601406717e-02
   endloop
 endfacet
 facet normal  1.2484131965e-01 -7.0726476706e-01 6.9583848283e-01
   outer loop
     vertex 5.7933757029e-01 -4.7717869709e-02 3.8626808790e-02
     vertex 5.9923330246e-01 -3.4392564977e-02 4.8601406717e-02
     vertex 5.7933757029e-01 -3.5722812837e-02 5.0818835121e-02
   endloop
 endfacet
 facet normal  1.2034232798e-01 -1.6932321666e-01 9.7818575557e-01
   outer loop
     vertex 5.7933757029e-01 -3.5722812837e-02 5.0818835121e-02
     vertex 5.9923330246e-01 -3.4392564977e-02 4.8601406717e-02
     vertex 5.9923330246e-01 -1.7341522588e-02 5.1552929296e-02
   endloop
 endfacet
 facet normal  1.1409019262e-01 -1.6263116204e-01 9.8006863692e-01
   outer loop
     vertex 5.7933757029e-01 -3.5722812837e-02 5.0818835121e-02
     vertex 5.9923330246e-01 -1.7341522588e-02 5.1552929296e-02
     vertex 5.7933757029e-01 -1.8008376324e-02 5.3758342913e-02
   endloop
 endfacet
 facet normal  1.1098424658e-01 -2.5566782232e-02 9.9349324943e-01
   outer loop
     vertex 5.7933757029e-01 -1.8008376324e-02 5.3758342913e-02
     vertex 5.9923330246e-01 -1.7341522588e-02 5.1552929296e-02
     vertex 5.9923330246e-01 7.0943251274e-17 5.1999200000e-02
   endloop
 endfacet
 facet normal  1.0502749565e-01 -1.8907951354e-02 9.9428955266e-01
   outer loop
     vertex 5.7933757029e-01 -1.8008376324e-02 5.3758342913e-02
     vertex 5.9923330246e-01 7.0943251274e-17 5.1999200000e-02
     vertex 5.7933757029e-01 9.5590202420e-17 5.4100800000e-02
   endloop
 endfacet
 facet normal  1.0502749565e-01 1.8907951354e-02 9.9428955266e-01
   outer loop
     vertex 5.7933757029e-01 9.5590202420e-17 5.4100800000e-02
     vertex 5.9923330246e-01 7.0943251274e-17 5.1999200000e-02
     vertex 5.7933757029e-01 1.8008376324e-02 5.3758342913e-02
   endloop
 endfacet
 facet normal  1.1098424658e-01 2.5566782232e-02 9.9349324943e-01
   outer loop
     vertex 5.9923330246e-01 7.0943251274e-17 5.1999200000e-02
     vertex 5.9923330246e-01 1.7341522588e-02 5.1552929296e-02
     vertex 5.7933757029e-01 1.8008376324e-02 5.3758342913e-02
   endloop
 endfacet
 facet normal  1.1409019262e-01 1.6263116204e-01 9.8006863692e-01
   outer loop
     vertex 5.7933757029e-01 1.8008376324e-02 5.3758342913e-02
     vertex 5.9923330246e-01 1.7341522588e-02 5.1552929296e-02
     vertex 5.7933757029e-01 3.5722812837e-02 5.0818835121e-02
   endloop
 endfacet
 facet normal  1.2034232798e-01 1.6932321666e-01 9.7818575557e-01
   outer loop
     vertex 5.9923330246e-01 1.7341522588e-02 5.1552929296e-02
     vertex 5.9923330246e-01 3.4392564977e-02 4.8601406717e-02
     vertex 5.7933757029e-01 3.5722812837e-02 5.0818835121e-02
   endloop
 endfacet
 facet normal  1.2484131965e-01 7.0726476706e-01 6.9583848283e-01
   outer loop
     vertex 5.7933757029e-01 3.5722812837e-02 5.0818835121e-02
     vertex 5.9923330246e-01 3.4392564977e-02 4.8601406717e-02
     vertex 5.7933757029e-01 4.7717869709e-02 3.8626808790e-02
   endloop
 endfacet
 facet normal  6.9983123758e-02 6.6264703045e-01 7.4565493053e-01
   outer loop
     vertex 5.9923330246e-01 3.4392564977e-02 4.8601406717e-02
     vertex 5.9923330246e-01 4.6794165650e-02 3.7580378729e-02
     vertex 5.7933757029e-01 4.7717869709e-02 3.8626808790e-02
   endloop
 endfacet
 facet normal  4.9442532936e-02 9.9697304861e-01 6.0001468986e-02
   outer loop
     vertex 5.7933757029e-01 4.7717869709e-02 3.8626808790e-02
     vertex 5.9923330246e-01 4.6794165650e-02 3.7580378729e-02
     vertex 5.7933757029e-01 4.8796000000e-02 2.0712800000e-02
   endloop
 endfacet
 facet normal  3.0978177347e-02 9.9617655643e-01 8.1686112287e-02
   outer loop
     vertex 5.9923330246e-01 4.6794165650e-02 3.7580378729e-02
     vertex 5.9923330246e-01 4.8204000000e-02 2.0387200000e-02
     vertex 5.7933757029e-01 4.8796000000e-02 2.0712800000e-02
   endloop
 endfacet
 facet normal  1.9004176216e-02 9.3412553661e-01 -3.5643838619e-01
   outer loop
     vertex 5.9923330246e-01 4.8204000000e-02 2.0387200000e-02
     vertex 6.1849695642e-01 4.7708000000e-02 2.0114400000e-02
     vertex 6.1849695642e-01 4.2234957287e-02 5.7710824476e-03
   endloop
 endfacet
 facet normal  -3.5770485662e-02 9.0779854011e-01 -4.1787831114e-01
   outer loop
     vertex 5.9923330246e-01 4.8204000000e-02 2.0387200000e-02
     vertex 6.1849695642e-01 4.2234957287e-02 5.7710824476e-03
     vertex 5.9923330246e-01 4.1708056579e-02 6.2754172232e-03
   endloop
 endfacet
 facet normal  -3.7619140923e-02 6.4395933833e-01 -7.6413426230e-01
   outer loop
     vertex 5.9923330246e-01 4.1708056579e-02 6.2754172232e-03
     vertex 6.1849695642e-01 4.2234957287e-02 5.7710824476e-03
     vertex 6.1849695642e-01 3.0397265202e-02 -4.2049031070e-03
   endloop
 endfacet
 facet normal  1.6562225487e-02 6.9460360096e-01 -7.1920200932e-01
   outer loop
     vertex 5.9923330246e-01 4.1708056579e-02 6.2754172232e-03
     vertex 6.1849695642e-01 3.0397265202e-02 -4.2049031070e-03
     vertex 5.9923330246e-01 3.0450177193e-02 -4.5974160829e-03
   endloop
 endfacet
 facet normal  2.0216973166e-02 3.1055824796e-01 -9.5033933341e-01
   outer loop
     vertex 5.9923330246e-01 3.0450177193e-02 -4.5974160829e-03
     vertex 6.1849695642e-01 3.0397265202e-02 -4.2049031070e-03
     vertex 6.1849695642e-01 1.5614646053e-02 -9.0356663321e-03
   endloop
 endfacet
 facet normal  6.3408016901e-02 3.6071162319e-01 -9.3051950452e-01
   outer loop
     vertex 5.9923330246e-01 3.0450177193e-02 -4.5974160829e-03
     vertex 6.1849695642e-01 1.5614646053e-02 -9.0356663321e-03
     vertex 5.9923330246e-01 1.5833217981e-02 -1.0263613361e-02
   endloop
 endfacet
 facet normal  6.4194261837e-02 6.2123711232e-02 -9.9600187814e-01
   outer loop
     vertex 5.9923330246e-01 1.5833217981e-02 -1.0263613361e-02
     vertex 6.1849695642e-01 1.5614646053e-02 -9.0356663321e-03
     vertex 6.1849695642e-01 -3.9468428525e-17 -1.0009600000e-02
   endloop
 endfacet
 facet normal  6.2842153807e-02 6.0475644185e-02 -9.9618952020e-01
   outer loop
     vertex 5.9923330246e-01 1.5833217981e-02 -1.0263613361e-02
     vertex 6.1849695642e-01 -3.9468428525e-17 -1.0009600000e-02
     vertex 5.9923330246e-01 -3.4305891461e-17 -1.1224800000e-02
   endloop
 endfacet
 facet normal  6.2842153807e-02 -6.0475644185e-02 -9.9618952020e-01
   outer loop
     vertex 5.9923330246e-01 -3.4305891461e-17 -1.1224800000e-02
     vertex 6.1849695642e-01 -3.9468428525e-17 -1.0009600000e-02
     vertex 5.9923330246e-01 -1.5833217981e-02 -1.0263613361e-02
   endloop
 endfacet
 facet normal  6.4194261837e-02 -6.2123711232e-02 -9.9600187814e-01
   outer loop
     vertex 6.1849695642e-01 -3.9468428525e-17 -1.0009600000e-02
     vertex 6.1849695642e-01 -1.5614646053e-02 -9.0356663321e-03
     vertex 5.9923330246e-01 -1.5833217981e-02 -1.0263613361e-02
   endloop
 endfacet
 facet normal  6.3408016901e-02 -3.6071162319e-01 -9.3051950452e-01
   outer loop
     vertex 5.9923330246e-01 -1.5833217981e-02 -1.0263613361e-02
     vertex 6.1849695642e-01 -1.5614646053e-02 -9.0356663321e-03
     vertex 5.9923330246e-01 -3.0450177193e-02 -4.5974160829e-03
   endloop
 endfacet
 facet normal  2.0216973166e-02 -3.1055824796e-01 -9.5033933341e-01
   outer loop
     vertex 6.1849695642e-01 -1.5614646053e-02 -9.0356663321e-03
     vertex 6.1849695642e-01 -3.0397265202e-02 -4.2049031070e-03
     vertex 5.9923330246e-01 -3.0450177193e-02 -4.5974160829e-03
   endloop
 endfacet
 facet normal  1.6562225487e-02 -6.9460360096e-01 -7.1920200932e-01
   outer loop
     vertex 5.9923330246e-01 -3.0450177193e-02 -4.5974160829e-03
     vertex 6.1849695642e-01 -3.0397265202e-02 -4.2049031070e-03
     vertex 5.9923330246e-01 -4.1708056579e-02 6.2754172232e-03
   endloop
 endfacet
 facet normal  -3.7619140923e-02 -6.4395933833e-01 -7.6413426230e-01
   outer loop
     vertex 6.1849695642e-01 -3.0397265202e-02 -4.2049031070e-03
     vertex 6.1849695642e-01 -4.2234957287e-02 5.7710824476e-03
     vertex 5.9923330246e-01 -4.1708056579e-02 6.2754172232e-03
   endloop
 endfacet
 facet normal  -3.5770485662e-02 -9.0779854011e-01 -4.1787831114e-01
   outer loop
     vertex 5.9923330246e-01 -4.1708056579e-02 6.2754172232e-03
     vertex 6.1849695642e-01 -4.2234957287e-02 5.7710824476e-03
     vertex 5.9923330246e-01 -4.8204000000e-02 2.0387200000e-02
   endloop
 endfacet
 facet normal  1.9004176216e-02 -9.3412553661e-01 -3.5643838619e-01
   outer loop
     vertex 6.1849695642e-01 -4.2234957287e-02 5.7710824476e-03
     vertex 6.1849695642e-01 -4.7708000000e-02 2.0114400000e-02
     vertex 5.9923330246e-01 -4.8204000000e-02 2.0387200000e-02
   endloop
 endfacet
 facet normal  2.7039199602e-02 -9.9450081919e-01 1.0117807234e-01
   outer loop
     vertex 5.9923330246e-01 -4.8204000000e-02 2.0387200000e-02
     vertex 6.1849695642e-01 -4.7708000000e-02 2.0114400000e-02
     vertex 6.1849695642e-01 -4.6020251438e-02 3.6703640029e-02
   endloop
 endfacet
 facet normal  4.3718143172e-02 -9.9570199305e-01 8.1647198264e-02
   outer loop
     vertex 5.9923330246e-01 -4.8204000000e-02 2.0387200000e-02
     vertex 6.1849695642e-01 -4.6020251438e-02 3.6703640029e-02
     vertex 5.9923330246e-01 -4.6794165650e-02 3.7580378729e-02
   endloop
 endfacet
 facet normal  6.0501909655e-02 -6.1776119172e-01 7.8403483911e-01
   outer loop
     vertex 5.9923330246e-01 -4.6794165650e-02 3.7580378729e-02
     vertex 6.1849695642e-01 -4.6020251438e-02 3.6703640029e-02
     vertex 6.1849695642e-01 -3.3278032987e-02 4.6743561296e-02
   endloop
 endfacet
 facet normal  1.0985389064e-01 -6.6025535289e-01 7.4296365436e-01
   outer loop
     vertex 5.9923330246e-01 -4.6794165650e-02 3.7580378729e-02
     vertex 6.1849695642e-01 -3.3278032987e-02 4.6743561296e-02
     vertex 5.9923330246e-01 -3.4392564977e-02 4.8601406717e-02
   endloop
 endfacet
 facet normal  1.0457293136e-01 -1.7574762424e-01 9.7886529952e-01
   outer loop
     vertex 5.9923330246e-01 -3.4392564977e-02 4.8601406717e-02
     vertex 6.1849695642e-01 -3.3278032987e-02 4.6743561296e-02
     vertex 6.1849695642e-01 -1.6782807296e-02 4.9705150320e-02
   endloop
 endfacet
 facet normal  9.8973524667e-02 -1.6972533781e-01 9.8050882256e-01
   outer loop
     vertex 5.9923330246e-01 -3.4392564977e-02 4.8601406717e-02
     vertex 6.1849695642e-01 -1.6782807296e-02 4.9705150320e-02
     vertex 5.9923330246e-01 -1.7341522588e-02 5.1552929296e-02
   endloop
 endfacet
 facet normal  9.6342920697e-02 -3.1609812458e-02 9.9484614961e-01
   outer loop
     vertex 5.9923330246e-01 -1.7341522588e-02 5.1552929296e-02
     vertex 6.1849695642e-01 -1.6782807296e-02 4.9705150320e-02
     vertex 6.1849695642e-01 5.0293103016e-17 5.0238400000e-02
   endloop
 endfacet
 facet normal  9.0995953727e-02 -2.5618982183e-02 9.9552167438e-01
   outer loop
     vertex 5.9923330246e-01 -1.7341522588e-02 5.1552929296e-02
     vertex 6.1849695642e-01 5.0293103016e-17 5.0238400000e-02
     vertex 5.9923330246e-01 7.0943251274e-17 5.1999200000e-02
   endloop
 endfacet
 facet normal  9.0995953727e-02 2.5618982183e-02 9.9552167438e-01
   outer loop
     vertex 5.9923330246e-01 7.0943251274e-17 5.1999200000e-02
     vertex 6.1849695642e-01 5.0293103016e-17 5.0238400000e-02
     vertex 5.9923330246e-01 1.7341522588e-02 5.1552929296e-02
   endloop
 endfacet
 facet normal  9.6342920697e-02 3.1609812458e-02 9.9484614961e-01
   outer loop
     vertex 6.1849695642e-01 5.0293103016e-17 5.0238400000e-02
     vertex 6.1849695642e-01 1.6782807296e-02 4.9705150320e-02
     vertex 5.9923330246e-01 1.7341522588e-02 5.1552929296e-02
   endloop
 endfacet
 facet normal  9.8973524667e-02 1.6972533781e-01 9.8050882256e-01
   outer loop
     vertex 5.9923330246e-01 1.7341522588e-02 5.1552929296e-02
     vertex 6.1849695642e-01 1.6782807296e-02 4.9705150320e-02
     vertex 5.9923330246e-01 3.4392564977e-02 4.8601406717e-02
   endloop
 endfacet
 facet normal  1.0457293136e-01 1.7574762424e-01 9.7886529952e-01
   outer loop
     vertex 6.1849695642e-01 1.6782807296e-02 4.9705150320e-02
     vertex 6.1849695642e-01 3.3278032987e-02 4.6743561296e-02
     vertex 5.9923330246e-01 3.4392564977e-02 4.8601406717e-02
   endloop
 endfacet
 facet normal  1.0985389064e-01 6.6025535289e-01 7.4296365436e-01
   outer loop
     vertex 5.9923330246e-01 3.4392564977e-02 4.8601406717e-02
     vertex 6.1849695642e-01 3.3278032987e-02 4.6743561296e-02
     vertex 5.9923330246e-01 4.6794165650e-02 3.7580378729e-02
   endloop
 endfacet
 facet normal  6.0501909655e-02 6.1776119172e-01 7.8403483911e-01
   outer loop
     vertex 6.1849695642e-01 3.3278032987e-02 4.6743561296e-02
     vertex 6.1849695642e-01 4.6020251438e-02 3.6703640029e-02
     vertex 5.9923330246e-01 4.6794165650e-02 3.7580378729e-02
   endloop
 endfacet
 facet normal  4.3718143172e-02 9.9570199305e-01 8.1647198264e-02
   outer loop
     vertex 5.9923330246e-01 4.6794165650e-02 3.7580378729e-02
     vertex 6.1849695642e-01 4.6020251438e-02 3.6703640029e-02
     vertex 5.9923330246e-01 4.8204000000e-02 2.0387200000e-02
   endloop
 endfacet
 facet normal  2.7039199602e-02 9.9450081919e-01 1.0117807234e-01
   outer loop
     vertex 6.1849695642e-01 4.6020251438e-02 3.6703640029e-02
     vertex 6.1849695642e-01 4.7708000000e-02 2.0114400000e-02
     vertex 5.9923330246e-01 4.8204000000e-02 2.0387200000e-02
   endloop
 endfacet
 facet normal  9.1219828001e-03 9.4402396769e-01 -3.2975072078e-01
   outer loop
     vertex 6.1849695642e-01 4.7708000000e-02 2.0114400000e-02
     vertex 6.3588720000e-01 4.7500000000e-02 2.0000000000e-02
     vertex 6.3588720000e-01 4.2455915649e-02 5.5595872191e-03
   endloop
 endfacet
 facet normal  -1.6204589494e-02 9.3417159048e-01 -3.5645595917e-01
   outer loop
     vertex 6.1849695642e-01 4.7708000000e-02 2.0114400000e-02
     vertex 6.3588720000e-01 4.2455915649e-02 5.5595872191e-03
     vertex 6.1849695642e-01 4.2234957287e-02 5.7710824476e-03
   endloop
 endfacet
 facet normal  -1.7423647759e-02 6.2203727325e-01 -7.8279374499e-01
   outer loop
     vertex 6.1849695642e-01 4.2234957287e-02 5.7710824476e-03
     vertex 6.3588720000e-01 4.2455915649e-02 5.5595872191e-03
     vertex 6.3588720000e-01 3.0375076303e-02 -4.0403008913e-03
   endloop
 endfacet
 facet normal  8.0597839287e-03 6.4439455710e-01 -7.6465070108e-01
   outer loop
     vertex 6.1849695642e-01 4.2234957287e-02 5.7710824476e-03
     vertex 6.3588720000e-01 3.0375076303e-02 -4.0403008913e-03
     vertex 6.1849695642e-01 3.0397265202e-02 -4.2049031070e-03
   endloop
 endfacet
 facet normal  9.4299374247e-03 2.8880094099e-01 -9.5734272482e-01
   outer loop
     vertex 6.1849695642e-01 3.0397265202e-02 -4.2049031070e-03
     vertex 6.3588720000e-01 3.0375076303e-02 -4.0403008913e-03
     vertex 6.3588720000e-01 1.5522986857e-02 -8.5207208040e-03
   endloop
 endfacet
 facet normal  2.9770416624e-02 3.1048405496e-01 -9.5011229542e-01
   outer loop
     vertex 6.1849695642e-01 3.0397265202e-02 -4.2049031070e-03
     vertex 6.3588720000e-01 1.5522986857e-02 -8.5207208040e-03
     vertex 6.1849695642e-01 1.5614646053e-02 -9.0356663321e-03
   endloop
 endfacet
 facet normal  2.9870938332e-02 6.2932488859e-02 -9.9757066361e-01
   outer loop
     vertex 6.1849695642e-01 1.5614646053e-02 -9.0356663321e-03
     vertex 6.3588720000e-01 1.5522986857e-02 -8.5207208040e-03
     vertex 6.3588720000e-01 -4.1633363423e-17 -9.5000000000e-03
   endloop
 endfacet
 facet normal  2.9234450717e-02 6.2225503447e-02 -9.9763386751e-01
   outer loop
     vertex 6.1849695642e-01 1.5614646053e-02 -9.0356663321e-03
     vertex 6.3588720000e-01 -4.1633363423e-17 -9.5000000000e-03
     vertex 6.1849695642e-01 -3.9468428525e-17 -1.0009600000e-02
   endloop
 endfacet
 facet normal  2.9234450717e-02 -6.2225503447e-02 -9.9763386751e-01
   outer loop
     vertex 6.1849695642e-01 -3.9468428525e-17 -1.0009600000e-02
     vertex 6.3588720000e-01 -4.1633363423e-17 -9.5000000000e-03
     vertex 6.1849695642e-01 -1.5614646053e-02 -9.0356663321e-03
   endloop
 endfacet
 facet normal  2.9870938332e-02 -6.2932488859e-02 -9.9757066361e-01
   outer loop
     vertex 6.3588720000e-01 -4.1633363423e-17 -9.5000000000e-03
     vertex 6.3588720000e-01 -1.5522986857e-02 -8.5207208040e-03
     vertex 6.1849695642e-01 -1.5614646053e-02 -9.0356663321e-03
   endloop
 endfacet
 facet normal  2.9770416624e-02 -3.1048405496e-01 -9.5011229542e-01
   outer loop
     vertex 6.1849695642e-01 -1.5614646053e-02 -9.0356663321e-03
     vertex 6.3588720000e-01 -1.5522986857e-02 -8.5207208040e-03
     vertex 6.1849695642e-01 -3.0397265202e-02 -4.2049031070e-03
   endloop
 endfacet
 facet normal  9.4299374247e-03 -2.8880094099e-01 -9.5734272482e-01
   outer loop
     vertex 6.3588720000e-01 -1.5522986857e-02 -8.5207208040e-03
     vertex 6.3588720000e-01 -3.0375076303e-02 -4.0403008913e-03
     vertex 6.1849695642e-01 -3.0397265202e-02 -4.2049031070e-03
   endloop
 endfacet
 facet normal  8.0597839287e-03 -6.4439455710e-01 -7.6465070108e-01
   outer loop
     vertex 6.1849695642e-01 -3.0397265202e-02 -4.2049031070e-03
     vertex 6.3588720000e-01 -3.0375076303e-02 -4.0403008913e-03
     vertex 6.1849695642e-01 -4.2234957287e-02 5.7710824476e-03
   endloop
 endfacet
 facet normal  -1.7423647759e-02 -6.2203727325e-01 -7.8279374499e-01
   outer loop
     vertex 6.3588720000e-01 -3.0375076303e-02 -4.0403008913e-03
     vertex 6.3588720000e-01 -4.2455915649e-02 5.5595872191e-03
     vertex 6.1849695642e-01 -4.2234957287e-02 5.7710824476e-03
   endloop
 endfacet
 facet normal  -1.6204589494e-02 -9.3417159048e-01 -3.5645595917e-01
   outer loop
     vertex 6.1849695642e-01 -4.2234957287e-02 5.7710824476e-03
     vertex 6.3588720000e-01 -4.2455915649e-02 5.5595872191e-03
     vertex 6.1849695642e-01 -4.7708000000e-02 2.0114400000e-02
   endloop
 endfacet
 facet normal  9.1219828001e-03 -9.4402396769e-01 -3.2975072078e-01
   outer loop
     vertex 6.3588720000e-01 -4.2455915649e-02 5.5595872191e-03
     vertex 6.3588720000e-01 -4.7500000000e-02 2.0000000000e-02
     vertex 6.1849695642e-01 -4.7708000000e-02 2.0114400000e-02
   endloop
 endfacet
 facet normal  1.2609619904e-02 -9.9387672250e-01 1.0977275604e-01
   outer loop
     vertex 6.1849695642e-01 -4.7708000000e-02 2.0114400000e-02
     vertex 6.3588720000e-01 -4.7500000000e-02 2.0000000000e-02
     vertex 6.3588720000e-01 -4.5695706768e-02 3.6335975413e-02
   endloop
 endfacet
 facet normal  2.0702069092e-02 -9.9465135732e-01 1.0119338772e-01
   outer loop
     vertex 6.1849695642e-01 -4.7708000000e-02 2.0114400000e-02
     vertex 6.3588720000e-01 -4.5695706768e-02 3.6335975413e-02
     vertex 6.1849695642e-01 -4.6020251438e-02 3.6703640029e-02
   endloop
 endfacet
 facet normal  2.8095997370e-02 -5.9835807635e-01 8.0073605351e-01
   outer loop
     vertex 6.1849695642e-01 -4.6020251438e-02 3.6703640029e-02
     vertex 6.3588720000e-01 -4.5695706768e-02 3.6335975413e-02
     vertex 6.3588720000e-01 -3.2810648604e-02 4.5964464830e-02
   endloop
 endfacet
 facet normal  5.1753956693e-02 -6.1806555467e-01 7.8442112293e-01
   outer loop
     vertex 6.1849695642e-01 -4.6020251438e-02 3.6703640029e-02
     vertex 6.3588720000e-01 -3.2810648604e-02 4.5964464830e-02
     vertex 6.1849695642e-01 -3.3278032987e-02 4.6743561296e-02
   endloop
 endfacet
 facet normal  4.8837489021e-02 -1.7920171775e-01 9.8259943213e-01
   outer loop
     vertex 6.1849695642e-01 -3.3278032987e-02 4.6743561296e-02
     vertex 6.3588720000e-01 -3.2810648604e-02 4.5964464830e-02
     vertex 6.3588720000e-01 -1.6548507335e-02 4.8930275265e-02
   endloop
 endfacet
 facet normal  4.6188336516e-02 -1.7652792112e-01 9.8321133569e-01
   outer loop
     vertex 6.1849695642e-01 -3.3278032987e-02 4.6743561296e-02
     vertex 6.3588720000e-01 -1.6548507335e-02 4.8930275265e-02
     vertex 6.1849695642e-01 -1.6782807296e-02 4.9705150320e-02
   endloop
 endfacet
 facet normal  4.4949741846e-02 -3.4372398642e-02 9.9839774585e-01
   outer loop
     vertex 6.1849695642e-01 -1.6782807296e-02 4.9705150320e-02
     vertex 6.3588720000e-01 -1.6548507335e-02 4.8930275265e-02
     vertex 6.3588720000e-01 4.1633363423e-17 4.9500000000e-02
   endloop
 endfacet
 facet normal  4.2401006118e-02 -3.1728981738e-02 9.9859672861e-01
   outer loop
     vertex 6.1849695642e-01 -1.6782807296e-02 4.9705150320e-02
     vertex 6.3588720000e-01 4.1633363423e-17 4.9500000000e-02
     vertex 6.1849695642e-01 5.0293103016e-17 5.0238400000e-02
   endloop
 endfacet
 facet normal  4.2401006118e-02 3.1728981738e-02 9.9859672861e-01
   outer loop
     vertex 6.1849695642e-01 5.0293103016e-17 5.0238400000e-02
     vertex 6.3588720000e-01 4.1633363423e-17 4.9500000000e-02
     vertex 6.1849695642e-01 1.6782807296e-02 4.9705150320e-02
   endloop
 endfacet
 facet normal  4.4949741846e-02 3.4372398642e-02 9.9839774585e-01
   outer loop
     vertex 6.3588720000e-01 4.1633363423e-17 4.9500000000e-02
     vertex 6.3588720000e-01 1.6548507335e-02 4.8930275265e-02
     vertex 6.1849695642e-01 1.6782807296e-02 4.9705150320e-02
   endloop
 endfacet
 facet normal  4.6188336516e-02 1.7652792112e-01 9.8321133569e-01
   outer loop
     vertex 6.1849695642e-01 1.6782807296e-02 4.9705150320e-02
     vertex 6.3588720000e-01 1.6548507335e-02 4.8930275265e-02
     vertex 6.1849695642e-01 3.3278032987e-02 4.6743561296e-02
   endloop
 endfacet
 facet normal  4.8837489021e-02 1.7920171775e-01 9.8259943213e-01
   outer loop
     vertex 6.3588720000e-01 1.6548507335e-02 4.8930275265e-02
     vertex 6.3588720000e-01 3.2810648604e-02 4.5964464830e-02
     vertex 6.1849695642e-01 3.3278032987e-02 4.6743561296e-02
   endloop
 endfacet
 facet normal  5.1753956693e-02 6.1806555467e-01 7.8442112293e-01
   outer loop
     vertex 6.1849695642e-01 3.3278032987e-02 4.6743561296e-02
     vertex 6.3588720000e-01 3.2810648604e-02 4.5964464830e-02
     vertex 6.1849695642e-01 4.6020251438e-02 3.6703640029e-02
   endloop
 endfacet
 facet normal  2.8095997370e-02 5.9835807635e-01 8.0073605351e-01
   outer loop
     vertex 6.3588720000e-01 3.2810648604e-02 4.5964464830e-02
     vertex 6.3588720000e-01 4.5695706768e-02 3.6335975413e-02
     vertex 6.1849695642e-01 4.6020251438e-02 3.6703640029e-02
   endloop
 endfacet
 facet normal  2.0702069092e-02 9.9465135732e-01 1.0119338772e-01
   outer loop
     vertex 6.1849695642e-01 4.6020251438e-02 3.6703640029e-02
     vertex 6.3588720000e-01 4.5695706768e-02 3.6335975413e-02
     vertex 6.1849695642e-01 4.7708000000e-02 2.0114400000e-02
   endloop
 endfacet
 facet normal  1.2609619904e-02 9.9387672250e-01 1.0977275604e-01
   outer loop
     vertex 6.3588720000e-01 4.5695706768e-02 3.6335975413e-02
     vertex 6.3588720000e-01 4.7500000000e-02 2.0000000000e-02
     vertex 6.1849695642e-01 4.7708000000e-02 2.0114400000e-02
   endloop
 endfacet
 facet normal  7.6900154936e-02 9.4963709770e-01 -3.0376923618e-01
   outer loop
     vertex 6.3588720000e-01 4.7500000000e-02 2.0000000000e-02
     vertex 6.5270735939e-01 4.6261018853e-02 2.0384800000e-02
     vertex 6.5270735939e-01 4.1630198456e-02 5.9080251395e-03
   endloop
 endfacet
 facet normal  5.3101147873e-02 9.4273130431e-01 -3.2929918914e-01
   outer loop
     vertex 6.3588720000e-01 4.7500000000e-02 2.0000000000e-02
     vertex 6.5270735939e-01 4.1630198456e-02 5.9080251395e-03
     vertex 6.3588720000e-01 4.2455915649e-02 5.5595872191e-03
   endloop
 endfacet
 facet normal  4.7691980004e-02 6.5228550660e-01 -7.5647147528e-01
   outer loop
     vertex 6.3588720000e-01 4.2455915649e-02 5.5595872191e-03
     vertex 6.5270735939e-01 4.1630198456e-02 5.9080251395e-03
     vertex 6.5270735939e-01 3.0109876202e-02 -4.0256464969e-03
   endloop
 endfacet
 facet normal  1.0490554171e-02 6.2209748060e-01 -7.8286951205e-01
   outer loop
     vertex 6.3588720000e-01 4.2455915649e-02 5.5595872191e-03
     vertex 6.5270735939e-01 3.0109876202e-02 -4.0256464969e-03
     vertex 6.3588720000e-01 3.0375076303e-02 -4.0403008913e-03
   endloop
 endfacet
 facet normal  5.6352452968e-03 3.0478423246e-01 -9.5240475411e-01
   outer loop
     vertex 6.3588720000e-01 3.0375076303e-02 -4.0403008913e-03
     vertex 6.5270735939e-01 3.0109876202e-02 -4.0256464969e-03
     vertex 6.5270735939e-01 1.5426732427e-02 -8.7244793054e-03
   endloop
 endfacet
 facet normal  -9.9444667102e-03 2.8879950137e-01 -9.5733795265e-01
   outer loop
     vertex 6.3588720000e-01 3.0375076303e-02 -4.0403008913e-03
     vertex 6.5270735939e-01 1.5426732427e-02 -8.7244793054e-03
     vertex 6.3588720000e-01 1.5522986857e-02 -8.5207208040e-03
   endloop
 endfacet
 facet normal  -1.1641537430e-02 7.6245906547e-02 -9.9702108119e-01
   outer loop
     vertex 6.3588720000e-01 1.5522986857e-02 -8.5207208040e-03
     vertex 6.5270735939e-01 1.5426732427e-02 -8.7244793054e-03
     vertex 6.5270735939e-01 -4.0355539376e-17 -9.9042188526e-03
   endloop
 endfacet
 facet normal  -2.3977234610e-02 6.2942483274e-02 -9.9772908949e-01
   outer loop
     vertex 6.3588720000e-01 1.5522986857e-02 -8.5207208040e-03
     vertex 6.5270735939e-01 -4.0355539376e-17 -9.9042188526e-03
     vertex 6.3588720000e-01 -4.1633363423e-17 -9.5000000000e-03
   endloop
 endfacet
 facet normal  -2.3977234610e-02 -6.2942483274e-02 -9.9772908949e-01
   outer loop
     vertex 6.3588720000e-01 -4.1633363423e-17 -9.5000000000e-03
     vertex 6.5270735939e-01 -4.0355539376e-17 -9.9042188526e-03
     vertex 6.3588720000e-01 -1.5522986857e-02 -8.5207208040e-03
   endloop
 endfacet
 facet normal  -1.1641537430e-02 -7.6245906547e-02 -9.9702108119e-01
   outer loop
     vertex 6.5270735939e-01 -4.0355539376e-17 -9.9042188526e-03
     vertex 6.5270735939e-01 -1.5426732427e-02 -8.7244793054e-03
     vertex 6.3588720000e-01 -1.5522986857e-02 -8.5207208040e-03
   endloop
 endfacet
 facet normal  -9.9444667102e-03 -2.8879950137e-01 -9.5733795265e-01
   outer loop
     vertex 6.3588720000e-01 -1.5522986857e-02 -8.5207208040e-03
     vertex 6.5270735939e-01 -1.5426732427e-02 -8.7244793054e-03
     vertex 6.3588720000e-01 -3.0375076303e-02 -4.0403008913e-03
   endloop
 endfacet
 facet normal  5.6352452968e-03 -3.0478423246e-01 -9.5240475411e-01
   outer loop
     vertex 6.5270735939e-01 -1.5426732427e-02 -8.7244793054e-03
     vertex 6.5270735939e-01 -3.0109876202e-02 -4.0256464969e-03
     vertex 6.3588720000e-01 -3.0375076303e-02 -4.0403008913e-03
   endloop
 endfacet
 facet normal  1.0490554171e-02 -6.2209748060e-01 -7.8286951205e-01
   outer loop
     vertex 6.3588720000e-01 -3.0375076303e-02 -4.0403008913e-03
     vertex 6.5270735939e-01 -3.0109876202e-02 -4.0256464969e-03
     vertex 6.3588720000e-01 -4.2455915649e-02 5.5595872191e-03
   endloop
 endfacet
 facet normal  4.7691980004e-02 -6.5228550660e-01 -7.5647147528e-01
   outer loop
     vertex 6.5270735939e-01 -3.0109876202e-02 -4.0256464969e-03
     vertex 6.5270735939e-01 -4.1630198456e-02 5.9080251395e-03
     vertex 6.3588720000e-01 -4.2455915649e-02 5.5595872191e-03
   endloop
 endfacet
 facet normal  5.3101147873e-02 -9.4273130431e-01 -3.2929918914e-01
   outer loop
     vertex 6.3588720000e-01 -4.2455915649e-02 5.5595872191e-03
     vertex 6.5270735939e-01 -4.1630198456e-02 5.9080251395e-03
     vertex 6.3588720000e-01 -4.7500000000e-02 2.0000000000e-02
   endloop
 endfacet
 facet normal  7.6900154936e-02 -9.4963709770e-01 -3.0376923618e-01
   outer loop
     vertex 6.5270735939e-01 -4.1630198456e-02 5.9080251395e-03
     vertex 6.5270735939e-01 -4.6261018853e-02 2.0384800000e-02
     vertex 6.3588720000e-01 -4.7500000000e-02 2.0000000000e-02
   endloop
 endfacet
 facet normal  7.0488407432e-02 -9.9134215310e-01 1.1077960054e-01
   outer loop
     vertex 6.3588720000e-01 -4.7500000000e-02 2.0000000000e-02
     vertex 6.5270735939e-01 -4.6261018853e-02 2.0384800000e-02
     vertex 6.5270735939e-01 -4.4461460755e-02 3.6488647557e-02
   endloop
 endfacet
 facet normal  7.1753563270e-02 -9.9139371714e-01 1.0949851042e-01
   outer loop
     vertex 6.3588720000e-01 -4.7500000000e-02 2.0000000000e-02
     vertex 6.5270735939e-01 -4.4461460755e-02 3.6488647557e-02
     vertex 6.3588720000e-01 -4.5695706768e-02 3.6335975413e-02
   endloop
 endfacet
 facet normal  3.8521694840e-02 -6.2173458277e-01 7.8228012094e-01
   outer loop
     vertex 6.3588720000e-01 -4.5695706768e-02 3.6335975413e-02
     vertex 6.5270735939e-01 -4.4461460755e-02 3.6488647557e-02
     vertex 6.5270735939e-01 -3.2084808560e-02 4.6325268075e-02
   endloop
 endfacet
 facet normal  8.6477224988e-03 -5.9857200094e-01 8.0102233214e-01
   outer loop
     vertex 6.3588720000e-01 -4.5695706768e-02 3.6335975413e-02
     vertex 6.5270735939e-01 -3.2084808560e-02 4.6325268075e-02
     vertex 6.3588720000e-01 -3.2810648604e-02 4.5964464830e-02
   endloop
 endfacet
 facet normal  -1.1845631169e-02 -2.1131922671e-01 9.7734531535e-01
   outer loop
     vertex 6.3588720000e-01 -3.2810648604e-02 4.5964464830e-02
     vertex 6.5270735939e-01 -3.2084808560e-02 4.6325268075e-02
     vertex 6.5270735939e-01 -1.6248062735e-02 4.9749450734e-02
   endloop
 endfacet
 facet normal  -4.4662365102e-02 -1.7923677574e-01 9.8279166224e-01
   outer loop
     vertex 6.3588720000e-01 -3.2810648604e-02 4.5964464830e-02
     vertex 6.5270735939e-01 -1.6248062735e-02 4.9749450734e-02
     vertex 6.3588720000e-01 -1.6548507335e-02 4.8930275265e-02
   endloop
 endfacet
 facet normal  -4.7554961278e-02 -5.6734869694e-02 9.9725607555e-01
   outer loop
     vertex 6.3588720000e-01 -1.6548507335e-02 4.8930275265e-02
     vertex 6.5270735939e-01 -1.6248062735e-02 4.9749450734e-02
     vertex 6.5270735939e-01 4.2465815765e-17 5.0673818853e-02
   endloop
 endfacet
 facet normal  -6.9576090950e-02 -3.4323794994e-02 9.9698598017e-01
   outer loop
     vertex 6.3588720000e-01 -1.6548507335e-02 4.8930275265e-02
     vertex 6.5270735939e-01 4.2465815765e-17 5.0673818853e-02
     vertex 6.3588720000e-01 4.1633363423e-17 4.9500000000e-02
   endloop
 endfacet
 facet normal  -6.9576090950e-02 3.4323794994e-02 9.9698598017e-01
   outer loop
     vertex 6.3588720000e-01 4.1633363423e-17 4.9500000000e-02
     vertex 6.5270735939e-01 4.2465815765e-17 5.0673818853e-02
     vertex 6.3588720000e-01 1.6548507335e-02 4.8930275265e-02
   endloop
 endfacet
 facet normal  -4.7554961278e-02 5.6734869694e-02 9.9725607555e-01
   outer loop
     vertex 6.5270735939e-01 4.2465815765e-17 5.0673818853e-02
     vertex 6.5270735939e-01 1.6248062735e-02 4.9749450734e-02
     vertex 6.3588720000e-01 1.6548507335e-02 4.8930275265e-02
   endloop
 endfacet
 facet normal  -4.4662365102e-02 1.7923677574e-01 9.8279166224e-01
   outer loop
     vertex 6.3588720000e-01 1.6548507335e-02 4.8930275265e-02
     vertex 6.5270735939e-01 1.6248062735e-02 4.9749450734e-02
     vertex 6.3588720000e-01 3.2810648604e-02 4.5964464830e-02
   endloop
 endfacet
 facet normal  -1.1845631169e-02 2.1131922671e-01 9.7734531535e-01
   outer loop
     vertex 6.5270735939e-01 1.6248062735e-02 4.9749450734e-02
     vertex 6.5270735939e-01 3.2084808560e-02 4.6325268075e-02
     vertex 6.3588720000e-01 3.2810648604e-02 4.5964464830e-02
   endloop
 endfacet
 facet normal  8.6477224988e-03 5.9857200094e-01 8.0102233214e-01
   outer loop
     vertex 6.3588720000e-01 3.2810648604e-02 4.5964464830e-02
     vertex 6.5270735939e-01 3.2084808560e-02 4.6325268075e-02
     vertex 6.3588720000e-01 4.5695706768e-02 3.6335975413e-02
   endloop
 endfacet
 facet normal  3.8521694840e-02 6.2173458277e-01 7.8228012094e-01
   outer loop
     vertex 6.5270735939e-01 3.2084808560e-02 4.6325268075e-02
     vertex 6.5270735939e-01 4.4461460755e-02 3.6488647557e-02
     vertex 6.3588720000e-01 4.5695706768e-02 3.6335975413e-02
   endloop
 endfacet
 facet normal  7.1753563270e-02 9.9139371714e-01 1.0949851042e-01
   outer loop
     vertex 6.3588720000e-01 4.5695706768e-02 3.6335975413e-02
     vertex 6.5270735939e-01 4.4461460755e-02 3.6488647557e-02
     vertex 6.3588720000e-01 4.7500000000e-02 2.0000000000e-02
   endloop
 endfacet
 facet normal  7.0488407432e-02 9.9134215310e-01 1.1077960054e-01
   outer loop
     vertex 6.5270735939e-01 4.4461460755e-02 3.6488647557e-02
     vertex 6.5270735939e-01 4.6261018853e-02 2.0384800000e-02
     vertex 6.3588720000e-01 4.7500000000e-02 2.0000000000e-02
   endloop
 endfacet
 facet normal  2.0201490257e-01 9.4991122517e-01 -2.3845050522e-01
   outer loop
     vertex 6.5270735939e-01 4.6261018853e-02 2.0384800000e-02
     vertex 6.7014447696e-01 4.2783056558e-02 2.1302400000e-02
     vertex 6.7014447696e-01 3.9177558434e-02 6.9392383983e-03
   endloop
 endfacet
 facet normal  1.5026146640e-01 9.4164359208e-01 -3.0121227931e-01
   outer loop
     vertex 6.5270735939e-01 4.6261018853e-02 2.0384800000e-02
     vertex 6.7014447696e-01 3.9177558434e-02 6.9392383983e-03
     vertex 6.5270735939e-01 4.1630198456e-02 5.9080251395e-03
   endloop
 endfacet
 facet normal  1.4117603737e-01 7.1643499700e-01 -6.8322047799e-01
   outer loop
     vertex 6.5270735939e-01 4.1630198456e-02 5.9080251395e-03
     vertex 6.7014447696e-01 3.9177558434e-02 6.9392383983e-03
     vertex 6.7014447696e-01 2.9107327630e-02 -3.6205530719e-03
   endloop
 endfacet
 facet normal  5.5056420093e-02 6.5203810994e-01 -7.5618456331e-01
   outer loop
     vertex 6.5270735939e-01 4.1630198456e-02 5.9080251395e-03
     vertex 6.7014447696e-01 2.9107327630e-02 -3.6205530719e-03
     vertex 6.5270735939e-01 3.0109876202e-02 -4.0256464969e-03
   endloop
 endfacet
 facet normal  4.1374182629e-02 3.3998677403e-01 -9.3951964881e-01
   outer loop
     vertex 6.5270735939e-01 3.0109876202e-02 -4.0256464969e-03
     vertex 6.7014447696e-01 2.9107327630e-02 -3.6205530719e-03
     vertex 6.7014447696e-01 1.4996879798e-02 -8.7267428621e-03
   endloop
 endfacet
 facet normal  7.3896966279e-03 3.0478074992e-01 -9.5239387170e-01
   outer loop
     vertex 6.5270735939e-01 3.0109876202e-02 -4.0256464969e-03
     vertex 6.7014447696e-01 1.4996879798e-02 -8.7267428621e-03
     vertex 6.5270735939e-01 1.5426732427e-02 -8.7244793054e-03
   endloop
 endfacet
 facet normal  2.5150814408e-03 1.0726062530e-01 -9.9422775692e-01
   outer loop
     vertex 6.5270735939e-01 1.5426732427e-02 -8.7244793054e-03
     vertex 6.7014447696e-01 1.4996879798e-02 -8.7267428621e-03
     vertex 6.7014447696e-01 -3.7383557646e-17 -1.0344656558e-02
   endloop
 endfacet
 facet normal  -2.5177109985e-02 7.6226902592e-02 -9.9677257810e-01
   outer loop
     vertex 6.5270735939e-01 1.5426732427e-02 -8.7244793054e-03
     vertex 6.7014447696e-01 -3.7383557646e-17 -1.0344656558e-02
     vertex 6.5270735939e-01 -4.0355539376e-17 -9.9042188526e-03
   endloop
 endfacet
 facet normal  -2.5177109985e-02 -7.6226902592e-02 -9.9677257810e-01
   outer loop
     vertex 6.5270735939e-01 -4.0355539376e-17 -9.9042188526e-03
     vertex 6.7014447696e-01 -3.7383557646e-17 -1.0344656558e-02
     vertex 6.5270735939e-01 -1.5426732427e-02 -8.7244793054e-03
   endloop
 endfacet
 facet normal  2.5150814408e-03 -1.0726062530e-01 -9.9422775692e-01
   outer loop
     vertex 6.7014447696e-01 -3.7383557646e-17 -1.0344656558e-02
     vertex 6.7014447696e-01 -1.4996879798e-02 -8.7267428621e-03
     vertex 6.5270735939e-01 -1.5426732427e-02 -8.7244793054e-03
   endloop
 endfacet
 facet normal  7.3896966279e-03 -3.0478074992e-01 -9.5239387170e-01
   outer loop
     vertex 6.5270735939e-01 -1.5426732427e-02 -8.7244793054e-03
     vertex 6.7014447696e-01 -1.4996879798e-02 -8.7267428621e-03
     vertex 6.5270735939e-01 -3.0109876202e-02 -4.0256464969e-03
   endloop
 endfacet
 facet normal  4.1374182629e-02 -3.3998677403e-01 -9.3951964881e-01
   outer loop
     vertex 6.7014447696e-01 -1.4996879798e-02 -8.7267428621e-03
     vertex 6.7014447696e-01 -2.9107327630e-02 -3.6205530719e-03
     vertex 6.5270735939e-01 -3.0109876202e-02 -4.0256464969e-03
   endloop
 endfacet
 facet normal  5.5056420093e-02 -6.5203810994e-01 -7.5618456331e-01
   outer loop
     vertex 6.5270735939e-01 -3.0109876202e-02 -4.0256464969e-03
     vertex 6.7014447696e-01 -2.9107327630e-02 -3.6205530719e-03
     vertex 6.5270735939e-01 -4.1630198456e-02 5.9080251395e-03
   endloop
 endfacet
 facet normal  1.4117603737e-01 -7.1643499700e-01 -6.8322047799e-01
   outer loop
     vertex 6.7014447696e-01 -2.9107327630e-02 -3.6205530719e-03
     vertex 6.7014447696e-01 -3.9177558434e-02 6.9392383983e-03
     vertex 6.5270735939e-01 -4.1630198456e-02 5.9080251395e-03
   endloop
 endfacet
 facet normal  1.5026146640e-01 -9.4164359208e-01 -3.0121227931e-01
   outer loop
     vertex 6.5270735939e-01 -4.1630198456e-02 5.9080251395e-03
     vertex 6.7014447696e-01 -3.9177558434e-02 6.9392383983e-03
     vertex 6.5270735939e-01 -4.6261018853e-02 2.0384800000e-02
   endloop
 endfacet
 facet normal  2.0201490257e-01 -9.4991122517e-01 -2.3845050522e-01
   outer loop
     vertex 6.7014447696e-01 -3.9177558434e-02 6.9392383983e-03
     vertex 6.7014447696e-01 -4.2783056558e-02 2.1302400000e-02
     vertex 6.5270735939e-01 -4.6261018853e-02 2.0384800000e-02
   endloop
 endfacet
 facet normal  1.8876481606e-01 -9.7571324810e-01 1.1113731009e-01
   outer loop
     vertex 6.5270735939e-01 -4.6261018853e-02 2.0384800000e-02
     vertex 6.7014447696e-01 -4.2783056558e-02 2.1302400000e-02
     vertex 6.7014447696e-01 -4.1034636622e-02 3.6652389067e-02
   endloop
 endfacet
 facet normal  1.9070102232e-01 -9.7557585432e-01 1.0901776253e-01
   outer loop
     vertex 6.5270735939e-01 -4.6261018853e-02 2.0384800000e-02
     vertex 6.7014447696e-01 -4.1034636622e-02 3.6652389067e-02
     vertex 6.5270735939e-01 -4.4461460755e-02 3.6488647557e-02
   endloop
 endfacet
 facet normal  1.2512935492e-01 -6.7160444504e-01 7.3026715245e-01
   outer loop
     vertex 6.5270735939e-01 -4.4461460755e-02 3.6488647557e-02
     vertex 6.7014447696e-01 -4.1034636622e-02 3.6652389067e-02
     vertex 6.7014447696e-01 -2.9983810894e-02 4.6815496712e-02
   endloop
 endfacet
 facet normal  5.2884884212e-02 -6.2132570722e-01 7.8176566474e-01
   outer loop
     vertex 6.5270735939e-01 -4.4461460755e-02 3.6488647557e-02
     vertex 6.7014447696e-01 -2.9983810894e-02 4.6815496712e-02
     vertex 6.5270735939e-01 -3.2084808560e-02 4.6325268075e-02
   endloop
 endfacet
 facet normal  7.7557021540e-03 -2.8781863279e-01 9.5765353010e-01
   outer loop
     vertex 6.5270735939e-01 -3.2084808560e-02 4.6325268075e-02
     vertex 6.7014447696e-01 -2.9983810894e-02 4.6815496712e-02
     vertex 6.7014447696e-01 -1.5331295087e-02 5.1219247060e-02
   endloop
 endfacet
 facet normal  -7.1096042257e-02 -2.1079926813e-01 9.7494052194e-01
   outer loop
     vertex 6.5270735939e-01 -3.2084808560e-02 4.6325268075e-02
     vertex 6.7014447696e-01 -1.5331295087e-02 5.1219247060e-02
     vertex 6.5270735939e-01 -1.6248062735e-02 4.9749450734e-02
   endloop
 endfacet
 facet normal  -7.7628593580e-02 -1.1180446604e-01 9.9069347572e-01
   outer loop
     vertex 6.5270735939e-01 -1.6248062735e-02 4.9749450734e-02
     vertex 6.7014447696e-01 -1.5331295087e-02 5.1219247060e-02
     vertex 6.7014447696e-01 4.4547054083e-17 5.2949456558e-02
   endloop
 endfacet
 facet normal  -1.2920259657e-01 -5.6323052966e-02 9.9001737497e-01
   outer loop
     vertex 6.5270735939e-01 -1.6248062735e-02 4.9749450734e-02
     vertex 6.7014447696e-01 4.4547054083e-17 5.2949456558e-02
     vertex 6.5270735939e-01 4.2465815765e-17 5.0673818853e-02
   endloop
 endfacet
 facet normal  -1.2920259657e-01 5.6323052966e-02 9.9001737497e-01
   outer loop
     vertex 6.5270735939e-01 4.2465815765e-17 5.0673818853e-02
     vertex 6.7014447696e-01 4.4547054083e-17 5.2949456558e-02
     vertex 6.5270735939e-01 1.6248062735e-02 4.9749450734e-02
   endloop
 endfacet
 facet normal  -7.7628593580e-02 1.1180446604e-01 9.9069347572e-01
   outer loop
     vertex 6.7014447696e-01 4.4547054083e-17 5.2949456558e-02
     vertex 6.7014447696e-01 1.5331295087e-02 5.1219247060e-02
     vertex 6.5270735939e-01 1.6248062735e-02 4.9749450734e-02
   endloop
 endfacet
 facet normal  -7.1096042257e-02 2.1079926813e-01 9.7494052194e-01
   outer loop
     vertex 6.5270735939e-01 1.6248062735e-02 4.9749450734e-02
     vertex 6.7014447696e-01 1.5331295087e-02 5.1219247060e-02
     vertex 6.5270735939e-01 3.2084808560e-02 4.6325268075e-02
   endloop
 endfacet
 facet normal  7.7557021540e-03 2.8781863279e-01 9.5765353010e-01
   outer loop
     vertex 6.7014447696e-01 1.5331295087e-02 5.1219247060e-02
     vertex 6.7014447696e-01 2.9983810894e-02 4.6815496712e-02
     vertex 6.5270735939e-01 3.2084808560e-02 4.6325268075e-02
   endloop
 endfacet
 facet normal  5.2884884212e-02 6.2132570722e-01 7.8176566474e-01
   outer loop
     vertex 6.5270735939e-01 3.2084808560e-02 4.6325268075e-02
     vertex 6.7014447696e-01 2.9983810894e-02 4.6815496712e-02
     vertex 6.5270735939e-01 4.4461460755e-02 3.6488647557e-02
   endloop
 endfacet
 facet normal  1.2512935492e-01 6.7160444504e-01 7.3026715245e-01
   outer loop
     vertex 6.7014447696e-01 2.9983810894e-02 4.6815496712e-02
     vertex 6.7014447696e-01 4.1034636622e-02 3.6652389067e-02
     vertex 6.5270735939e-01 4.4461460755e-02 3.6488647557e-02
   endloop
 endfacet
 facet normal  1.9070102232e-01 9.7557585432e-01 1.0901776253e-01
   outer loop
     vertex 6.5270735939e-01 4.4461460755e-02 3.6488647557e-02
     vertex 6.7014447696e-01 4.1034636622e-02 3.6652389067e-02
     vertex 6.5270735939e-01 4.6261018853e-02 2.0384800000e-02
   endloop
 endfacet
 facet normal  1.8876481606e-01 9.7571324810e-01 1.1113731009e-01
   outer loop
     vertex 6.7014447696e-01 4.1034636622e-02 3.6652389067e-02
     vertex 6.7014447696e-01 4.2783056558e-02 2.1302400000e-02
     vertex 6.5270735939e-01 4.6261018853e-02 2.0384800000e-02
   endloop
 endfacet
 facet normal  3.1208500818e-01 9.3717655665e-01 -1.5589435312e-01
   outer loop
     vertex 6.7014447696e-01 4.2783056558e-02 2.1302400000e-02
     vertex 6.8678279484e-01 3.7424584837e-02 2.2397600000e-02
     vertex 6.8678279484e-01 3.5134762918e-02 8.6320762415e-03
   endloop
 endfacet
 facet normal  2.5203339231e-01 9.3859830167e-01 -2.3561069003e-01
   outer loop
     vertex 6.7014447696e-01 4.2783056558e-02 2.1302400000e-02
     vertex 6.8678279484e-01 3.5134762918e-02 8.6320762415e-03
     vertex 6.7014447696e-01 3.9177558434e-02 6.9392383983e-03
   endloop
 endfacet
 facet normal  2.4785539407e-01 7.7874745196e-01 -5.7629862893e-01
   outer loop
     vertex 6.7014447696e-01 3.9177558434e-02 6.9392383983e-03
     vertex 6.8678279484e-01 3.5134762918e-02 8.6320762415e-03
     vertex 6.8678279484e-01 2.7057008185e-02 -2.2833252533e-03
   endloop
 endfacet
 facet normal  1.4315497670e-01 7.1622930895e-01 -6.8302432581e-01
   outer loop
     vertex 6.7014447696e-01 3.9177558434e-02 6.9392383983e-03
     vertex 6.8678279484e-01 2.7057008185e-02 -2.2833252533e-03
     vertex 6.7014447696e-01 2.9107327630e-02 -3.6205530719e-03
   endloop
 endfacet
 facet normal  1.2015755256e-01 3.7577370757e-01 -9.1888861309e-01
   outer loop
     vertex 6.7014447696e-01 2.9107327630e-02 -3.6205530719e-03
     vertex 6.8678279484e-01 2.7057008185e-02 -2.2833252533e-03
     vertex 6.8678279484e-01 1.4021794965e-02 -7.6139935529e-03
   endloop
 endfacet
 facet normal  8.2546956020e-02 3.3911683744e-01 -9.3711566555e-01
   outer loop
     vertex 6.7014447696e-01 2.9107327630e-02 -3.6205530719e-03
     vertex 6.8678279484e-01 1.4021794965e-02 -7.6139935529e-03
     vertex 6.7014447696e-01 1.4996879798e-02 -8.7267428621e-03
   endloop
 endfacet
 facet normal  7.4442628040e-02 1.4419217881e-01 -9.8674561600e-01
   outer loop
     vertex 6.7014447696e-01 1.4996879798e-02 -8.7267428621e-03
     vertex 6.8678279484e-01 1.4021794965e-02 -7.6139935529e-03
     vertex 6.8678279484e-01 -3.4009653855e-17 -9.6629848369e-03
   endloop
 endfacet
 facet normal  4.0699879113e-02 1.0717208990e-01 -9.9340709832e-01
   outer loop
     vertex 6.7014447696e-01 1.4996879798e-02 -8.7267428621e-03
     vertex 6.8678279484e-01 -3.4009653855e-17 -9.6629848369e-03
     vertex 6.7014447696e-01 -3.7383557646e-17 -1.0344656558e-02
   endloop
 endfacet
 facet normal  4.0699879113e-02 -1.0717208990e-01 -9.9340709832e-01
   outer loop
     vertex 6.7014447696e-01 -3.7383557646e-17 -1.0344656558e-02
     vertex 6.8678279484e-01 -3.4009653855e-17 -9.6629848369e-03
     vertex 6.7014447696e-01 -1.4996879798e-02 -8.7267428621e-03
   endloop
 endfacet
 facet normal  7.4442628040e-02 -1.4419217881e-01 -9.8674561600e-01
   outer loop
     vertex 6.8678279484e-01 -3.4009653855e-17 -9.6629848369e-03
     vertex 6.8678279484e-01 -1.4021794965e-02 -7.6139935529e-03
     vertex 6.7014447696e-01 -1.4996879798e-02 -8.7267428621e-03
   endloop
 endfacet
 facet normal  8.2546956020e-02 -3.3911683744e-01 -9.3711566555e-01
   outer loop
     vertex 6.7014447696e-01 -1.4996879798e-02 -8.7267428621e-03
     vertex 6.8678279484e-01 -1.4021794965e-02 -7.6139935529e-03
     vertex 6.7014447696e-01 -2.9107327630e-02 -3.6205530719e-03
   endloop
 endfacet
 facet normal  1.2015755256e-01 -3.7577370757e-01 -9.1888861309e-01
   outer loop
     vertex 6.8678279484e-01 -1.4021794965e-02 -7.6139935529e-03
     vertex 6.8678279484e-01 -2.7057008185e-02 -2.2833252533e-03
     vertex 6.7014447696e-01 -2.9107327630e-02 -3.6205530719e-03
   endloop
 endfacet
 facet normal  1.4315497670e-01 -7.1622930895e-01 -6.8302432581e-01
   outer loop
     vertex 6.7014447696e-01 -2.9107327630e-02 -3.6205530719e-03
     vertex 6.8678279484e-01 -2.7057008185e-02 -2.2833252533e-03
     vertex 6.7014447696e-01 -3.9177558434e-02 6.9392383983e-03
   endloop
 endfacet
 facet normal  2.4785539407e-01 -7.7874745196e-01 -5.7629862893e-01
   outer loop
     vertex 6.8678279484e-01 -2.7057008185e-02 -2.2833252533e-03
     vertex 6.8678279484e-01 -3.5134762918e-02 8.6320762415e-03
     vertex 6.7014447696e-01 -3.9177558434e-02 6.9392383983e-03
   endloop
 endfacet
 facet normal  2.5203339231e-01 -9.3859830167e-01 -2.3561069003e-01
   outer loop
     vertex 6.7014447696e-01 -3.9177558434e-02 6.9392383983e-03
     vertex 6.8678279484e-01 -3.5134762918e-02 8.6320762415e-03
     vertex 6.7014447696e-01 -4.2783056558e-02 2.1302400000e-02
   endloop
 endfacet
 facet normal  3.1208500818e-01 -9.3717655665e-01 -1.5589435312e-01
   outer loop
     vertex 6.8678279484e-01 -3.5134762918e-02 8.6320762415e-03
     vertex 6.8678279484e-01 -3.7424584837e-02 2.2397600000e-02
     vertex 6.7014447696e-01 -4.2783056558e-02 2.1302400000e-02
   endloop
 endfacet
 facet normal  2.9829410064e-01 -9.4832533462e-01 1.0816510172e-01
   outer loop
     vertex 6.7014447696e-01 -4.2783056558e-02 2.1302400000e-02
     vertex 6.8678279484e-01 -3.7424584837e-02 2.2397600000e-02
     vertex 6.8678279484e-01 -3.5829105232e-02 3.6385787560e-02
   endloop
 endfacet
 facet normal  2.9842056132e-01 -9.4830264039e-01 1.0801514154e-01
   outer loop
     vertex 6.7014447696e-01 -4.2783056558e-02 2.1302400000e-02
     vertex 6.8678279484e-01 -3.5829105232e-02 3.6385787560e-02
     vertex 6.7014447696e-01 -4.1034636622e-02 3.6652389067e-02
   endloop
 endfacet
 facet normal  2.3576840256e-01 -7.2016228619e-01 6.5251784796e-01
   outer loop
     vertex 6.7014447696e-01 -4.1034636622e-02 3.6652389067e-02
     vertex 6.8678279484e-01 -3.5829105232e-02 3.6385787560e-02
     vertex 6.8678279484e-01 -2.6622439304e-02 4.6546879097e-02
   endloop
 endfacet
 facet normal  1.4702428001e-01 -6.6956855826e-01 7.2805343683e-01
   outer loop
     vertex 6.7014447696e-01 -4.1034636622e-02 3.6652389067e-02
     vertex 6.8678279484e-01 -2.6622439304e-02 4.6546879097e-02
     vertex 6.7014447696e-01 -2.9983810894e-02 4.6815496712e-02
   endloop
 endfacet
 facet normal  9.1714967119e-02 -3.8043634739e-01 9.2024809176e-01
   outer loop
     vertex 6.7014447696e-01 -2.9983810894e-02 4.6815496712e-02
     vertex 6.8678279484e-01 -2.6622439304e-02 4.6546879097e-02
     vertex 6.8678279484e-01 -1.3775053617e-02 5.1858069121e-02
   endloop
 endfacet
 facet normal  -9.8478640058e-03 -2.8781333231e-01 9.5763589392e-01
   outer loop
     vertex 6.7014447696e-01 -2.9983810894e-02 4.6815496712e-02
     vertex 6.8678279484e-01 -1.3775053617e-02 5.1858069121e-02
     vertex 6.7014447696e-01 -1.5331295087e-02 5.1219247060e-02
   endloop
 endfacet
 facet normal  -2.0375556533e-02 -1.8544161052e-01 9.8244401662e-01
   outer loop
     vertex 6.7014447696e-01 -1.5331295087e-02 5.1219247060e-02
     vertex 6.8678279484e-01 -1.3775053617e-02 5.1858069121e-02
     vertex 6.8678279484e-01 4.7252900316e-17 5.4458184837e-02
   endloop
 endfacet
 facet normal  -8.9742369015e-02 -1.1169037922e-01 9.8968255840e-01
   outer loop
     vertex 6.7014447696e-01 -1.5331295087e-02 5.1219247060e-02
     vertex 6.8678279484e-01 4.7252900316e-17 5.4458184837e-02
     vertex 6.7014447696e-01 4.4547054083e-17 5.2949456558e-02
   endloop
 endfacet
 facet normal  -8.9742369015e-02 1.1169037922e-01 9.8968255840e-01
   outer loop
     vertex 6.7014447696e-01 4.4547054083e-17 5.2949456558e-02
     vertex 6.8678279484e-01 4.7252900316e-17 5.4458184837e-02
     vertex 6.7014447696e-01 1.5331295087e-02 5.1219247060e-02
   endloop
 endfacet
 facet normal  -2.0375556533e-02 1.8544161052e-01 9.8244401662e-01
   outer loop
     vertex 6.8678279484e-01 4.7252900316e-17 5.4458184837e-02
     vertex 6.8678279484e-01 1.3775053617e-02 5.1858069121e-02
     vertex 6.7014447696e-01 1.5331295087e-02 5.1219247060e-02
   endloop
 endfacet
 facet normal  -9.8478640058e-03 2.8781333231e-01 9.5763589392e-01
   outer loop
     vertex 6.7014447696e-01 1.5331295087e-02 5.1219247060e-02
     vertex 6.8678279484e-01 1.3775053617e-02 5.1858069121e-02
     vertex 6.7014447696e-01 2.9983810894e-02 4.6815496712e-02
   endloop
 endfacet
 facet normal  9.1714967119e-02 3.8043634739e-01 9.2024809176e-01
   outer loop
     vertex 6.8678279484e-01 1.3775053617e-02 5.1858069121e-02
     vertex 6.8678279484e-01 2.6622439304e-02 4.6546879097e-02
     vertex 6.7014447696e-01 2.9983810894e-02 4.6815496712e-02
   endloop
 endfacet
 facet normal  1.4702428001e-01 6.6956855826e-01 7.2805343683e-01
   outer loop
     vertex 6.7014447696e-01 2.9983810894e-02 4.6815496712e-02
     vertex 6.8678279484e-01 2.6622439304e-02 4.6546879097e-02
     vertex 6.7014447696e-01 4.1034636622e-02 3.6652389067e-02
   endloop
 endfacet
 facet normal  2.3576840256e-01 7.2016228619e-01 6.5251784796e-01
   outer loop
     vertex 6.8678279484e-01 2.6622439304e-02 4.6546879097e-02
     vertex 6.8678279484e-01 3.5829105232e-02 3.6385787560e-02
     vertex 6.7014447696e-01 4.1034636622e-02 3.6652389067e-02
   endloop
 endfacet
 facet normal  2.9842056132e-01 9.4830264039e-01 1.0801514154e-01
   outer loop
     vertex 6.7014447696e-01 4.1034636622e-02 3.6652389067e-02
     vertex 6.8678279484e-01 3.5829105232e-02 3.6385787560e-02
     vertex 6.7014447696e-01 4.2783056558e-02 2.1302400000e-02
   endloop
 endfacet
 facet normal  2.9829410064e-01 9.4832533462e-01 1.0816510172e-01
   outer loop
     vertex 6.8678279484e-01 3.5829105232e-02 3.6385787560e-02
     vertex 6.8678279484e-01 3.7424584837e-02 2.2397600000e-02
     vertex 6.7014447696e-01 4.2783056558e-02 2.1302400000e-02
   endloop
 endfacet
 facet normal  4.3318173810e-01 8.9833404087e-01 -7.3140500413e-02
   outer loop
     vertex 6.8678279484e-01 3.7424584837e-02 2.2397600000e-02
     vertex 7.0120655515e-01 3.0544075411e-02 2.3315200000e-02
     vertex 7.0120655515e-01 2.9538579242e-02 1.0965387915e-02
   endloop
 endfacet
 facet normal  3.7877428542e-01 9.1294442773e-01 -1.5186346690e-01
   outer loop
     vertex 6.8678279484e-01 3.7424584837e-02 2.2397600000e-02
     vertex 7.0120655515e-01 2.9538579242e-02 1.0965387915e-02
     vertex 6.8678279484e-01 3.5134762918e-02 8.6320762415e-03
   endloop
 endfacet
 facet normal  3.8519030677e-01 8.0369960335e-01 -4.5353652019e-01
   outer loop
     vertex 6.8678279484e-01 3.5134762918e-02 8.6320762415e-03
     vertex 7.0120655515e-01 2.9538579242e-02 1.0965387915e-02
     vertex 7.0120655515e-01 2.3648495463e-02 5.2773232185e-04
   endloop
 endfacet
 facet normal  2.9250885534e-01 7.6867207426e-01 -5.6884251933e-01
   outer loop
     vertex 6.8678279484e-01 3.5134762918e-02 8.6320762415e-03
     vertex 7.0120655515e-01 2.3648495463e-02 5.2773232185e-04
     vertex 6.8678279484e-01 2.7057008185e-02 -2.2833252533e-03
   endloop
 endfacet
 facet normal  2.6388769945e-01 3.8863473886e-01 -8.8279460908e-01
   outer loop
     vertex 6.8678279484e-01 2.7057008185e-02 -2.2833252533e-03
     vertex 7.0120655515e-01 2.3648495463e-02 5.2773232185e-04
     vertex 7.0120655515e-01 1.2289843921e-02 -4.4727134563e-03
   endloop
 endfacet
 facet normal  2.3982235778e-01 3.6746980329e-01 -8.9858287341e-01
   outer loop
     vertex 6.8678279484e-01 2.7057008185e-02 -2.2833252533e-03
     vertex 7.0120655515e-01 1.2289843921e-02 -4.4727134563e-03
     vertex 6.8678279484e-01 1.4021794965e-02 -7.6139935529e-03
   endloop
 endfacet
 facet normal  2.2942511380e-01 1.7363449321e-01 -9.5771351662e-01
   outer loop
     vertex 6.8678279484e-01 1.4021794965e-02 -7.6139935529e-03
     vertex 7.0120655515e-01 1.2289843921e-02 -4.4727134563e-03
     vertex 7.0120655515e-01 -3.1526063622e-17 -6.7008754106e-03
   endloop
 endfacet
 facet normal  1.9913527215e-01 1.4169746775e-01 -9.6967364150e-01
   outer loop
     vertex 6.8678279484e-01 1.4021794965e-02 -7.6139935529e-03
     vertex 7.0120655515e-01 -3.1526063622e-17 -6.7008754106e-03
     vertex 6.8678279484e-01 -3.4009653855e-17 -9.6629848369e-03
   endloop
 endfacet
 facet normal  1.9913527215e-01 -1.4169746775e-01 -9.6967364150e-01
   outer loop
     vertex 6.8678279484e-01 -3.4009653855e-17 -9.6629848369e-03
     vertex 7.0120655515e-01 -3.1526063622e-17 -6.7008754106e-03
     vertex 6.8678279484e-01 -1.4021794965e-02 -7.6139935529e-03
   endloop
 endfacet
 facet normal  2.2942511380e-01 -1.7363449321e-01 -9.5771351662e-01
   outer loop
     vertex 7.0120655515e-01 -3.1526063622e-17 -6.7008754106e-03
     vertex 7.0120655515e-01 -1.2289843921e-02 -4.4727134563e-03
     vertex 6.8678279484e-01 -1.4021794965e-02 -7.6139935529e-03
   endloop
 endfacet
 facet normal  2.3982235778e-01 -3.6746980329e-01 -8.9858287341e-01
   outer loop
     vertex 6.8678279484e-01 -1.4021794965e-02 -7.6139935529e-03
     vertex 7.0120655515e-01 -1.2289843921e-02 -4.4727134563e-03
     vertex 6.8678279484e-01 -2.7057008185e-02 -2.2833252533e-03
   endloop
 endfacet
 facet normal  2.6388769945e-01 -3.8863473886e-01 -8.8279460908e-01
   outer loop
     vertex 7.0120655515e-01 -1.2289843921e-02 -4.4727134563e-03
     vertex 7.0120655515e-01 -2.3648495463e-02 5.2773232185e-04
     vertex 6.8678279484e-01 -2.7057008185e-02 -2.2833252533e-03
   endloop
 endfacet
 facet normal  2.9250885534e-01 -7.6867207426e-01 -5.6884251933e-01
   outer loop
     vertex 6.8678279484e-01 -2.7057008185e-02 -2.2833252533e-03
     vertex 7.0120655515e-01 -2.3648495463e-02 5.2773232185e-04
     vertex 6.8678279484e-01 -3.5134762918e-02 8.6320762415e-03
   endloop
 endfacet
 facet normal  3.8519030677e-01 -8.0369960335e-01 -4.5353652019e-01
   outer loop
     vertex 7.0120655515e-01 -2.3648495463e-02 5.2773232185e-04
     vertex 7.0120655515e-01 -2.9538579242e-02 1.0965387915e-02
     vertex 6.8678279484e-01 -3.5134762918e-02 8.6320762415e-03
   endloop
 endfacet
 facet normal  3.7877428542e-01 -9.1294442773e-01 -1.5186346690e-01
   outer loop
     vertex 6.8678279484e-01 -3.5134762918e-02 8.6320762415e-03
     vertex 7.0120655515e-01 -2.9538579242e-02 1.0965387915e-02
     vertex 6.8678279484e-01 -3.7424584837e-02 2.2397600000e-02
   endloop
 endfacet
 facet normal  4.3318173810e-01 -8.9833404087e-01 -7.3140500413e-02
   outer loop
     vertex 7.0120655515e-01 -2.9538579242e-02 1.0965387915e-02
     vertex 7.0120655515e-01 -3.0544075411e-02 2.3315200000e-02
     vertex 6.8678279484e-01 -3.7424584837e-02 2.2397600000e-02
   endloop
 endfacet
 facet normal  4.2348214071e-01 -9.0069389437e-01 9.7022601261e-02
   outer loop
     vertex 6.8678279484e-01 -3.7424584837e-02 2.2397600000e-02
     vertex 7.0120655515e-01 -3.0544075411e-02 2.3315200000e-02
     vertex 7.0120655515e-01 -2.9258737446e-02 3.5247430655e-02
   endloop
 endfacet
 facet normal  4.1905429465e-01 -9.0211213770e-01 1.0289406765e-01
   outer loop
     vertex 6.8678279484e-01 -3.7424584837e-02 2.2397600000e-02
     vertex 7.0120655515e-01 -2.9258737446e-02 3.5247430655e-02
     vertex 6.8678279484e-01 -3.5829105232e-02 3.6385787560e-02
   endloop
 endfacet
 facet normal  3.7955776559e-01 -7.3614375640e-01 5.6038225569e-01
   outer loop
     vertex 6.8678279484e-01 -3.5829105232e-02 3.6385787560e-02
     vertex 7.0120655515e-01 -2.9258737446e-02 3.5247430655e-02
     vertex 7.0120655515e-01 -2.2115477488e-02 4.4631143585e-02
   endloop
 endfacet
 facet normal  3.0541095333e-01 -7.0564607067e-01 6.3936513240e-01
   outer loop
     vertex 6.8678279484e-01 -3.5829105232e-02 3.6385787560e-02
     vertex 7.0120655515e-01 -2.2115477488e-02 4.4631143585e-02
     vertex 6.8678279484e-01 -2.6622439304e-02 4.6546879097e-02
   endloop
 endfacet
 facet normal  2.5434573111e-01 -4.5015389931e-01 8.5596128183e-01
   outer loop
     vertex 6.8678279484e-01 -2.6622439304e-02 4.6546879097e-02
     vertex 7.0120655515e-01 -2.2115477488e-02 4.4631143585e-02
     vertex 7.0120655515e-01 -1.1556187554e-02 5.0184321794e-02
   endloop
 endfacet
 facet normal  1.6376890734e-01 -3.7688844520e-01 9.1166597220e-01
   outer loop
     vertex 6.8678279484e-01 -2.6622439304e-02 4.6546879097e-02
     vertex 7.0120655515e-01 -1.1556187554e-02 5.0184321794e-02
     vertex 6.8678279484e-01 -1.3775053617e-02 5.1858069121e-02
   endloop
 endfacet
 facet normal  1.5064460367e-01 -2.5975100001e-01 9.5385303972e-01
   outer loop
     vertex 6.8678279484e-01 -1.3775053617e-02 5.1858069121e-02
     vertex 7.0120655515e-01 -1.1556187554e-02 5.0184321794e-02
     vertex 7.0120655515e-01 4.9959176401e-17 5.3331275411e-02
   endloop
 endfacet
 facet normal  7.6547739166e-02 -1.8493590280e-01 9.7976484703e-01
   outer loop
     vertex 6.8678279484e-01 -1.3775053617e-02 5.1858069121e-02
     vertex 7.0120655515e-01 4.9959176401e-17 5.3331275411e-02
     vertex 6.8678279484e-01 4.7252900316e-17 5.4458184837e-02
   endloop
 endfacet
 facet normal  7.6547739166e-02 1.8493590280e-01 9.7976484703e-01
   outer loop
     vertex 6.8678279484e-01 4.7252900316e-17 5.4458184837e-02
     vertex 7.0120655515e-01 4.9959176401e-17 5.3331275411e-02
     vertex 6.8678279484e-01 1.3775053617e-02 5.1858069121e-02
   endloop
 endfacet
 facet normal  1.5064460367e-01 2.5975100001e-01 9.5385303972e-01
   outer loop
     vertex 7.0120655515e-01 4.9959176401e-17 5.3331275411e-02
     vertex 7.0120655515e-01 1.1556187554e-02 5.0184321794e-02
     vertex 6.8678279484e-01 1.3775053617e-02 5.1858069121e-02
   endloop
 endfacet
 facet normal  1.6376890734e-01 3.7688844520e-01 9.1166597220e-01
   outer loop
     vertex 6.8678279484e-01 1.3775053617e-02 5.1858069121e-02
     vertex 7.0120655515e-01 1.1556187554e-02 5.0184321794e-02
     vertex 6.8678279484e-01 2.6622439304e-02 4.6546879097e-02
   endloop
 endfacet
 facet normal  2.5434573111e-01 4.5015389931e-01 8.5596128183e-01
   outer loop
     vertex 7.0120655515e-01 1.1556187554e-02 5.0184321794e-02
     vertex 7.0120655515e-01 2.2115477488e-02 4.4631143585e-02
     vertex 6.8678279484e-01 2.6622439304e-02 4.6546879097e-02
   endloop
 endfacet
 facet normal  3.0541095333e-01 7.0564607067e-01 6.3936513240e-01
   outer loop
     vertex 6.8678279484e-01 2.6622439304e-02 4.6546879097e-02
     vertex 7.0120655515e-01 2.2115477488e-02 4.4631143585e-02
     vertex 6.8678279484e-01 3.5829105232e-02 3.6385787560e-02
   endloop
 endfacet
 facet normal  3.7955776559e-01 7.3614375640e-01 5.6038225569e-01
   outer loop
     vertex 7.0120655515e-01 2.2115477488e-02 4.4631143585e-02
     vertex 7.0120655515e-01 2.9258737446e-02 3.5247430655e-02
     vertex 6.8678279484e-01 3.5829105232e-02 3.6385787560e-02
   endloop
 endfacet
 facet normal  4.1905429465e-01 9.0211213770e-01 1.0289406765e-01
   outer loop
     vertex 6.8678279484e-01 3.5829105232e-02 3.6385787560e-02
     vertex 7.0120655515e-01 2.9258737446e-02 3.5247430655e-02
     vertex 6.8678279484e-01 3.7424584837e-02 2.2397600000e-02
   endloop
 endfacet
 facet normal  4.2348214071e-01 9.0069389437e-01 9.7022601261e-02
   outer loop
     vertex 7.0120655515e-01 2.9258737446e-02 3.5247430655e-02
     vertex 7.0120655515e-01 3.0544075411e-02 2.3315200000e-02
     vertex 6.8678279484e-01 3.7424584837e-02 2.2397600000e-02
   endloop
 endfacet
 facet normal  5.9770048145e-01 8.0169640679e-01 -6.0832406263e-03
   outer loop
     vertex 7.0120655515e-01 3.0544075411e-02 2.3315200000e-02
     vertex 7.1200000000e-01 2.2500000000e-02 2.3700000000e-02
     vertex 7.1200000000e-01 2.2425774743e-02 1.3918022666e-02
   endloop
 endfacet
 facet normal  5.6175474569e-01 8.2457532594e-01 -6.7135218331e-02
   outer loop
     vertex 7.0120655515e-01 3.0544075411e-02 2.3315200000e-02
     vertex 7.1200000000e-01 2.2425774743e-02 1.3918022666e-02
     vertex 7.0120655515e-01 2.9538579242e-02 1.0965387915e-02
   endloop
 endfacet
 facet normal  5.8065649752e-01 7.4241568203e-01 -3.3415114389e-01
   outer loop
     vertex 7.0120655515e-01 2.9538579242e-02 1.0965387915e-02
     vertex 7.1200000000e-01 2.2425774743e-02 1.3918022666e-02
     vertex 7.1200000000e-01 1.8571367062e-02 5.3543150164e-03
   endloop
 endfacet
 facet normal  5.3269362783e-01 7.3705043444e-01 -4.1592566159e-01
   outer loop
     vertex 7.0120655515e-01 2.9538579242e-02 1.0965387915e-02
     vertex 7.1200000000e-01 1.8571367062e-02 5.3543150164e-03
     vertex 7.0120655515e-01 2.3648495463e-02 5.2773232185e-04
   endloop
 endfacet
 facet normal  5.1052496047e-01 3.3080763952e-01 -7.9368165556e-01
   outer loop
     vertex 7.0120655515e-01 2.3648495463e-02 5.2773232185e-04
     vertex 7.1200000000e-01 1.8571367062e-02 5.3543150164e-03
     vertex 7.1200000000e-01 9.5893926605e-03 1.6106153489e-03
   endloop
 endfacet
 facet normal  5.2487640515e-01 3.4295406791e-01 -7.7902969559e-01
   outer loop
     vertex 7.0120655515e-01 2.3648495463e-02 5.2773232185e-04
     vertex 7.1200000000e-01 9.5893926605e-03 1.6106153489e-03
     vertex 7.0120655515e-01 1.2289843921e-02 -4.4727134563e-03
   endloop
 endfacet
 facet normal  5.1552674912e-01 1.6743465161e-01 -8.4035576298e-01
   outer loop
     vertex 7.0120655515e-01 1.2289843921e-02 -4.4727134563e-03
     vertex 7.1200000000e-01 9.5893926605e-03 1.6106153489e-03
     vertex 7.1200000000e-01 -3.1225022568e-17 -3.0000000000e-04
   endloop
 endfacet
 facet normal  5.0399192147e-01 1.5407943063e-01 -8.4985391224e-01
   outer loop
     vertex 7.0120655515e-01 1.2289843921e-02 -4.4727134563e-03
     vertex 7.1200000000e-01 -3.1225022568e-17 -3.0000000000e-04
     vertex 7.0120655515e-01 -3.1526063622e-17 -6.7008754106e-03
   endloop
 endfacet
 facet normal  5.0399192147e-01 -1.5407943063e-01 -8.4985391224e-01
   outer loop
     vertex 7.0120655515e-01 -3.1526063622e-17 -6.7008754106e-03
     vertex 7.1200000000e-01 -3.1225022568e-17 -3.0000000000e-04
     vertex 7.0120655515e-01 -1.2289843921e-02 -4.4727134563e-03
   endloop
 endfacet
 facet normal  5.1552674912e-01 -1.6743465161e-01 -8.4035576298e-01
   outer loop
     vertex 7.1200000000e-01 -3.1225022568e-17 -3.0000000000e-04
     vertex 7.1200000000e-01 -9.5893926605e-03 1.6106153489e-03
     vertex 7.0120655515e-01 -1.2289843921e-02 -4.4727134563e-03
   endloop
 endfacet
 facet normal  5.2487640515e-01 -3.4295406791e-01 -7.7902969559e-01
   outer loop
     vertex 7.0120655515e-01 -1.2289843921e-02 -4.4727134563e-03
     vertex 7.1200000000e-01 -9.5893926605e-03 1.6106153489e-03
     vertex 7.0120655515e-01 -2.3648495463e-02 5.2773232185e-04
   endloop
 endfacet
 facet normal  5.1052496047e-01 -3.3080763952e-01 -7.9368165556e-01
   outer loop
     vertex 7.1200000000e-01 -9.5893926605e-03 1.6106153489e-03
     vertex 7.1200000000e-01 -1.8571367062e-02 5.3543150164e-03
     vertex 7.0120655515e-01 -2.3648495463e-02 5.2773232185e-04
   endloop
 endfacet
 facet normal  5.3269362783e-01 -7.3705043444e-01 -4.1592566159e-01
   outer loop
     vertex 7.0120655515e-01 -2.3648495463e-02 5.2773232185e-04
     vertex 7.1200000000e-01 -1.8571367062e-02 5.3543150164e-03
     vertex 7.0120655515e-01 -2.9538579242e-02 1.0965387915e-02
   endloop
 endfacet
 facet normal  5.8065649752e-01 -7.4241568203e-01 -3.3415114389e-01
   outer loop
     vertex 7.1200000000e-01 -1.8571367062e-02 5.3543150164e-03
     vertex 7.1200000000e-01 -2.2425774743e-02 1.3918022666e-02
     vertex 7.0120655515e-01 -2.9538579242e-02 1.0965387915e-02
   endloop
 endfacet
 facet normal  5.6175474569e-01 -8.2457532594e-01 -6.7135218331e-02
   outer loop
     vertex 7.0120655515e-01 -2.9538579242e-02 1.0965387915e-02
     vertex 7.1200000000e-01 -2.2425774743e-02 1.3918022666e-02
     vertex 7.0120655515e-01 -3.0544075411e-02 2.3315200000e-02
   endloop
 endfacet
 facet normal  5.9770048145e-01 -8.0169640679e-01 -6.0832406263e-03
   outer loop
     vertex 7.1200000000e-01 -2.2425774743e-02 1.3918022666e-02
     vertex 7.1200000000e-01 -2.2500000000e-02 2.3700000000e-02
     vertex 7.0120655515e-01 -3.0544075411e-02 2.3315200000e-02
   endloop
 endfacet
 facet normal  5.9468198071e-01 -8.0115029808e-01 6.7168010975e-02
   outer loop
     vertex 7.0120655515e-01 -3.0544075411e-02 2.3315200000e-02
     vertex 7.1200000000e-01 -2.2500000000e-02 2.3700000000e-02
     vertex 7.1200000000e-01 -2.1737404126e-02 3.2795905968e-02
   endloop
 endfacet
 facet normal  5.8278398643e-01 -8.0795306559e-01 8.7032574120e-02
   outer loop
     vertex 7.0120655515e-01 -3.0544075411e-02 2.3315200000e-02
     vertex 7.1200000000e-01 -2.1737404126e-02 3.2795905968e-02
     vertex 7.0120655515e-01 -2.9258737446e-02 3.5247430655e-02
   endloop
 endfacet
 facet normal  5.7417914704e-01 -6.7112139999e-01 4.6895028904e-01
   outer loop
     vertex 7.0120655515e-01 -2.9258737446e-02 3.5247430655e-02
     vertex 7.1200000000e-01 -2.1737404126e-02 3.2795905968e-02
     vertex 7.1200000000e-01 -1.6577709144e-02 4.0180018530e-02
   endloop
 endfacet
 facet normal  5.4969546942e-01 -6.6468878502e-01 5.0598785555e-01
   outer loop
     vertex 7.0120655515e-01 -2.9258737446e-02 3.5247430655e-02
     vertex 7.1200000000e-01 -1.6577709144e-02 4.0180018530e-02
     vertex 7.0120655515e-01 -2.2115477488e-02 4.4631143585e-02
   endloop
 endfacet
 facet normal  5.2248115290e-01 -4.2353679617e-01 7.4002028834e-01
   outer loop
     vertex 7.0120655515e-01 -2.2115477488e-02 4.4631143585e-02
     vertex 7.1200000000e-01 -1.6577709144e-02 4.0180018530e-02
     vertex 7.1200000000e-01 -8.6515461237e-03 4.4716409956e-02
   endloop
 endfacet
 facet normal  4.9757955485e-01 -4.0374972290e-01 7.6772439577e-01
   outer loop
     vertex 7.0120655515e-01 -2.2115477488e-02 4.4631143585e-02
     vertex 7.1200000000e-01 -8.6515461237e-03 4.4716409956e-02
     vertex 7.0120655515e-01 -1.1556187554e-02 5.0184321794e-02
   endloop
 endfacet
 facet normal  4.9300320199e-01 -2.8364620096e-01 8.2249174799e-01
   outer loop
     vertex 7.0120655515e-01 -1.1556187554e-02 5.0184321794e-02
     vertex 7.1200000000e-01 -8.6515461237e-03 4.4716409956e-02
     vertex 7.1200000000e-01 5.2041704279e-17 4.7700000000e-02
   endloop
 endfacet
 facet normal  4.4964116088e-01 -2.3469029419e-01 8.6182555791e-01
   outer loop
     vertex 7.0120655515e-01 -1.1556187554e-02 5.0184321794e-02
     vertex 7.1200000000e-01 5.2041704279e-17 4.7700000000e-02
     vertex 7.0120655515e-01 4.9959176401e-17 5.3331275411e-02
   endloop
 endfacet
 facet normal  4.4964116088e-01 2.3469029419e-01 8.6182555791e-01
   outer loop
     vertex 7.0120655515e-01 4.9959176401e-17 5.3331275411e-02
     vertex 7.1200000000e-01 5.2041704279e-17 4.7700000000e-02
     vertex 7.0120655515e-01 1.1556187554e-02 5.0184321794e-02
   endloop
 endfacet
 facet normal  4.9300320199e-01 2.8364620096e-01 8.2249174799e-01
   outer loop
     vertex 7.1200000000e-01 5.2041704279e-17 4.7700000000e-02
     vertex 7.1200000000e-01 8.6515461237e-03 4.4716409956e-02
     vertex 7.0120655515e-01 1.1556187554e-02 5.0184321794e-02
   endloop
 endfacet
 facet normal  4.9757955485e-01 4.0374972290e-01 7.6772439577e-01
   outer loop
     vertex 7.0120655515e-01 1.1556187554e-02 5.0184321794e-02
     vertex 7.1200000000e-01 8.6515461237e-03 4.4716409956e-02
     vertex 7.0120655515e-01 2.2115477488e-02 4.4631143585e-02
   endloop
 endfacet
 facet normal  5.2248115290e-01 4.2353679617e-01 7.4002028834e-01
   outer loop
     vertex 7.1200000000e-01 8.6515461237e-03 4.4716409956e-02
     vertex 7.1200000000e-01 1.6577709144e-02 4.0180018530e-02
     vertex 7.0120655515e-01 2.2115477488e-02 4.4631143585e-02
   endloop
 endfacet
 facet normal  5.4969546942e-01 6.6468878502e-01 5.0598785555e-01
   outer loop
     vertex 7.0120655515e-01 2.2115477488e-02 4.4631143585e-02
     vertex 7.1200000000e-01 1.6577709144e-02 4.0180018530e-02
     vertex 7.0120655515e-01 2.9258737446e-02 3.5247430655e-02
   endloop
 endfacet
 facet normal  5.7417914704e-01 6.7112139999e-01 4.6895028904e-01
   outer loop
     vertex 7.1200000000e-01 1.6577709144e-02 4.0180018530e-02
     vertex 7.1200000000e-01 2.1737404126e-02 3.2795905968e-02
     vertex 7.0120655515e-01 2.9258737446e-02 3.5247430655e-02
   endloop
 endfacet
 facet normal  5.8278398643e-01 8.0795306559e-01 8.7032574120e-02
   outer loop
     vertex 7.0120655515e-01 2.9258737446e-02 3.5247430655e-02
     vertex 7.1200000000e-01 2.1737404126e-02 3.2795905968e-02
     vertex 7.0120655515e-01 3.0544075411e-02 2.3315200000e-02
   endloop
 endfacet
 facet normal  5.9468198071e-01 8.0115029808e-01 6.7168010975e-02
   outer loop
     vertex 7.1200000000e-01 2.1737404126e-02 3.2795905968e-02
     vertex 7.1200000000e-01 2.2500000000e-02 2.3700000000e-02
     vertex 7.0120655515e-01 3.0544075411e-02 2.3315200000e-02
   endloop
 endfacet
endsolid
