solid
 facet normal  1.0654617685e-15 6.2932039105e-01 -7.7714596146e-01
   outer loop
     vertex 6.4960000000e-01 -2.5797537339e-02 3.7772065671e-02
     vertex 6.4755075358e-01 -2.5797537339e-02 3.7772065671e-02
     vertex 6.4755075358e-01 -2.5678612282e-02 3.7868369283e-02
   endloop
 endfacet
 facet normal  1.4821304287e-15 6.2932039105e-01 -7.7714596146e-01
   outer loop
     vertex 6.4755075358e-01 -2.5797537339e-02 3.7772065671e-02
     vertex 6.4460446266e-01 -2.5797537339e-02 3.7772065671e-02
     vertex 6.4755075358e-01 -2.5678612282e-02 3.7868369283e-02
   endloop
 endfacet
 facet normal  6.4425090587e-16 6.2932039105e-01 -7.7714596146e-01
   outer loop
     vertex 6.4755075358e-01 -2.5678612282e-02 3.7868369283e-02
     vertex 6.4460446266e-01 -2.5797537339e-02 3.7772065671e-02
     vertex 6.4460446266e-01 -2.5511702789e-02 3.8003529926e-02
   endloop
 endfacet
 facet normal  -1.0524889599e-15 6.2932039105e-01 -7.7714596146e-01
   outer loop
     vertex 6.4460446266e-01 -2.5797537339e-02 3.7772065671e-02
     vertex 6.4045545247e-01 -2.5797537339e-02 3.7772065671e-02
     vertex 6.4460446266e-01 -2.5511702789e-02 3.8003529926e-02
   endloop
 endfacet
 facet normal  -1.4643201023e-15 6.2932039105e-01 -7.7714596146e-01
   outer loop
     vertex 6.4460446266e-01 -2.5511702789e-02 3.8003529926e-02
     vertex 6.4045545247e-01 -2.5797537339e-02 3.7772065671e-02
     vertex 6.4045545247e-01 -2.5284575538e-02 3.8187453948e-02
   endloop
 endfacet
 facet normal  -1.5389798557e-15 6.2932039105e-01 -7.7714596146e-01
   outer loop
     vertex 6.4045545247e-01 -2.5797537339e-02 3.7772065671e-02
     vertex 6.3478054073e-01 -2.5797537339e-02 3.7772065671e-02
     vertex 6.4045545247e-01 -2.5284575538e-02 3.8187453948e-02
   endloop
 endfacet
 facet normal  -7.9733395988e-16 6.2932039105e-01 -7.7714596146e-01
   outer loop
     vertex 6.4045545247e-01 -2.5284575538e-02 3.8187453948e-02
     vertex 6.3478054073e-01 -2.5797537339e-02 3.7772065671e-02
     vertex 6.3478054073e-01 -2.4988304406e-02 3.8427369579e-02
   endloop
 endfacet
 facet normal  5.8534971419e-16 6.2932039105e-01 -7.7714596146e-01
   outer loop
     vertex 6.3478054073e-01 -2.5797537339e-02 3.7772065671e-02
     vertex 6.2732040652e-01 -2.5797537339e-02 3.7772065671e-02
     vertex 6.3478054073e-01 -2.4988304406e-02 3.8427369579e-02
   endloop
 endfacet
 facet normal  6.7635574733e-16 6.2932039105e-01 -7.7714596146e-01
   outer loop
     vertex 6.3478054073e-01 -2.4988304406e-02 3.8427369579e-02
     vertex 6.2732040652e-01 -2.5797537339e-02 3.7772065671e-02
     vertex 6.2732040652e-01 -2.4623387340e-02 3.8722873593e-02
   endloop
 endfacet
 facet normal  2.3447527440e-16 6.2932039105e-01 -7.7714596146e-01
   outer loop
     vertex 6.2732040652e-01 -2.5797537339e-02 3.7772065671e-02
     vertex 6.1800857730e-01 -2.5797537339e-02 3.7772065671e-02
     vertex 6.2732040652e-01 -2.4623387340e-02 3.8722873593e-02
   endloop
 endfacet
 facet normal  -2.6681156288e-16 6.2932039105e-01 -7.7714596146e-01
   outer loop
     vertex 6.2732040652e-01 -2.4623387340e-02 3.8722873593e-02
     vertex 6.1800857730e-01 -2.5797537339e-02 3.7772065671e-02
     vertex 6.1800857730e-01 -2.4207839811e-02 3.9059377347e-02
   endloop
 endfacet
 facet normal  2.0030722144e-16 6.2932039105e-01 -7.7714596146e-01
   outer loop
     vertex 6.1800857730e-01 -2.5797537339e-02 3.7772065671e-02
     vertex 6.0710835265e-01 -2.5797537339e-02 3.7772065671e-02
     vertex 6.1800857730e-01 -2.4207839811e-02 3.9059377347e-02
   endloop
 endfacet
 facet normal  3.4481082676e-16 6.2932039105e-01 -7.7714596146e-01
   outer loop
     vertex 6.1800857730e-01 -2.4207839811e-02 3.9059377347e-02
     vertex 6.0710835265e-01 -2.5797537339e-02 3.7772065671e-02
     vertex 6.0710835265e-01 -2.3783421727e-02 3.9403064335e-02
   endloop
 endfacet
 facet normal  0.0000000000e+00 6.2932039105e-01 -7.7714596146e-01
   outer loop
     vertex 6.0710835265e-01 -2.5797537339e-02 3.7772065671e-02
     vertex 5.9526715045e-01 -2.5797537339e-02 3.7772065671e-02
     vertex 6.0710835265e-01 -2.3783421727e-02 3.9403064335e-02
   endloop
 endfacet
 facet normal  -2.3333654762e-17 6.2932039105e-01 -7.7714596146e-01
   outer loop
     vertex 6.0710835265e-01 -2.3783421727e-02 3.9403064335e-02
     vertex 5.9526715045e-01 -2.5797537339e-02 3.7772065671e-02
     vertex 5.9526715045e-01 -2.3415084388e-02 3.9701338031e-02
   endloop
 endfacet
 facet normal  1.0772084991e-16 6.2932039105e-01 -7.7714596146e-01
   outer loop
     vertex 5.9526715045e-01 -2.5797537339e-02 3.7772065671e-02
     vertex 5.8340425970e-01 -2.3175978475e-02 3.9894962181e-02
     vertex 5.9526715045e-01 -2.3415084388e-02 3.9701338031e-02
   endloop
 endfacet
 facet normal  -1.8405241680e-16 6.2932039105e-01 -7.7714596146e-01
   outer loop
     vertex 5.9526715045e-01 -2.5797537339e-02 3.7772065671e-02
     vertex 5.8340425970e-01 -2.5797537339e-02 3.7772065671e-02
     vertex 5.8340425970e-01 -2.3175978475e-02 3.9894962181e-02
   endloop
 endfacet
 facet normal  -2.0632310478e-16 6.2932039105e-01 -7.7714596146e-01
   outer loop
     vertex 5.8340425970e-01 -2.5797537339e-02 3.7772065671e-02
     vertex 5.7245113760e-01 -2.3119569331e-02 3.9940641405e-02
     vertex 5.8340425970e-01 -2.3175978475e-02 3.9894962181e-02
   endloop
 endfacet
 facet normal  1.9933984958e-16 6.2932039105e-01 -7.7714596146e-01
   outer loop
     vertex 5.8340425970e-01 -2.5797537339e-02 3.7772065671e-02
     vertex 5.7245113760e-01 -2.5797537339e-02 3.7772065671e-02
     vertex 5.7245113760e-01 -2.3119569331e-02 3.9940641405e-02
   endloop
 endfacet
 facet normal  -1.7060616626e-16 6.2932039105e-01 -7.7714596146e-01
   outer loop
     vertex 5.7245113760e-01 -2.5797537339e-02 3.7772065671e-02
     vertex 5.6308595723e-01 -2.3256902850e-02 3.9829430914e-02
     vertex 5.7245113760e-01 -2.3119569331e-02 3.9940641405e-02
   endloop
 endfacet
 facet normal  0.0000000000e+00 6.2932039105e-01 -7.7714596146e-01
   outer loop
     vertex 5.7245113760e-01 -2.5797537339e-02 3.7772065671e-02
     vertex 5.6308595723e-01 -2.5797537339e-02 3.7772065671e-02
     vertex 5.6308595723e-01 -2.3256902850e-02 3.9829430914e-02
   endloop
 endfacet
 facet normal  -6.0640738788e-16 6.2932039105e-01 -7.7714596146e-01
   outer loop
     vertex 5.6308595723e-01 -2.5797537339e-02 3.7772065671e-02
     vertex 5.5560883855e-01 -2.3558721058e-02 3.9585023349e-02
     vertex 5.6308595723e-01 -2.3256902850e-02 3.9829430914e-02
   endloop
 endfacet
 facet normal  -5.8402007717e-16 6.2932039105e-01 -7.7714596146e-01
   outer loop
     vertex 5.6308595723e-01 -2.5797537339e-02 3.7772065671e-02
     vertex 5.5560883855e-01 -2.5797537339e-02 3.7772065671e-02
     vertex 5.5560883855e-01 -2.3558721058e-02 3.9585023349e-02
   endloop
 endfacet
 facet normal  7.3248060022e-16 6.2932039105e-01 -7.7714596146e-01
   outer loop
     vertex 5.5560883855e-01 -2.5797537339e-02 3.7772065671e-02
     vertex 5.4998909691e-01 -2.3980287223e-02 3.9243645800e-02
     vertex 5.5560883855e-01 -2.3558721058e-02 3.9585023349e-02
   endloop
 endfacet
 facet normal  0.0000000000e+00 6.2932039105e-01 -7.7714596146e-01
   outer loop
     vertex 5.5560883855e-01 -2.5797537339e-02 3.7772065671e-02
     vertex 5.4998909691e-01 -2.5797537339e-02 3.7772065671e-02
     vertex 5.4998909691e-01 -2.3980287223e-02 3.9243645800e-02
   endloop
 endfacet
 facet normal  2.1533120949e-15 6.2932039105e-01 -7.7714596146e-01
   outer loop
     vertex 5.4998909691e-01 -2.5797537339e-02 3.7772065671e-02
     vertex 5.4601486661e-01 -2.4490382334e-02 3.8830578923e-02
     vertex 5.4998909691e-01 -2.3980287223e-02 3.9243645800e-02
   endloop
 endfacet
 facet normal  4.0706247261e-15 6.2932039105e-01 -7.7714596146e-01
   outer loop
     vertex 5.4998909691e-01 -2.5797537339e-02 3.7772065671e-02
     vertex 5.4601486661e-01 -2.5797537339e-02 3.7772065671e-02
     vertex 5.4601486661e-01 -2.4490382334e-02 3.8830578923e-02
   endloop
 endfacet
 facet normal  -2.9352412558e-15 6.2932039105e-01 -7.7714596146e-01
   outer loop
     vertex 5.4601486661e-01 -2.5797537339e-02 3.7772065671e-02
     vertex 5.4349498646e-01 -2.5096132966e-02 3.8340051733e-02
     vertex 5.4601486661e-01 -2.4490382334e-02 3.8830578923e-02
   endloop
 endfacet
 facet normal  -5.6058651262e-15 6.2932039105e-01 -7.7714596146e-01
   outer loop
     vertex 5.4601486661e-01 -2.5797537339e-02 3.7772065671e-02
     vertex 5.4349498646e-01 -2.5797537339e-02 3.7772065671e-02
     vertex 5.4349498646e-01 -2.5096132966e-02 3.8340051733e-02
   endloop
 endfacet
 facet normal  1.4737855744e-16 6.2932039105e-01 -7.7714596146e-01
   outer loop
     vertex 5.4349498646e-01 -2.5797537339e-02 3.7772065671e-02
     vertex 5.4260000000e-01 -2.5797537339e-02 3.7772065671e-02
     vertex 5.4349498646e-01 -2.5096132966e-02 3.8340051733e-02
   endloop
 endfacet
 facet normal  1.4737855744e-16 6.2932039105e-01 -7.7714596146e-01
   outer loop
     vertex 5.4260000000e-01 -2.5797537339e-02 3.7772065671e-02
     vertex 5.4349498646e-01 -2.5797537339e-02 3.7772065671e-02
     vertex 5.4349498646e-01 -2.6498941713e-02 3.7204079609e-02
   endloop
 endfacet
 facet normal  8.1412280783e-16 6.2932039105e-01 -7.7714596146e-01
   outer loop
     vertex 5.4349498646e-01 -2.5797537339e-02 3.7772065671e-02
     vertex 5.4601486661e-01 -2.5797537339e-02 3.7772065671e-02
     vertex 5.4349498646e-01 -2.6498941713e-02 3.7204079609e-02
   endloop
 endfacet
 facet normal  2.2982314514e-15 6.2932039105e-01 -7.7714596146e-01
   outer loop
     vertex 5.4349498646e-01 -2.6498941713e-02 3.7204079609e-02
     vertex 5.4601486661e-01 -2.5797537339e-02 3.7772065671e-02
     vertex 5.4601486661e-01 -2.7104692344e-02 3.6713552419e-02
   endloop
 endfacet
 facet normal  0.0000000000e+00 6.2932039105e-01 -7.7714596146e-01
   outer loop
     vertex 5.4601486661e-01 -2.5797537339e-02 3.7772065671e-02
     vertex 5.4998909691e-01 -2.5797537339e-02 3.7772065671e-02
     vertex 5.4601486661e-01 -2.7104692344e-02 3.6713552419e-02
   endloop
 endfacet
 facet normal  9.5702759773e-16 6.2932039105e-01 -7.7714596146e-01
   outer loop
     vertex 5.4601486661e-01 -2.7104692344e-02 3.6713552419e-02
     vertex 5.4998909691e-01 -2.5797537339e-02 3.7772065671e-02
     vertex 5.4998909691e-01 -2.7614787456e-02 3.6300485542e-02
   endloop
 endfacet
 facet normal  0.0000000000e+00 6.2932039105e-01 -7.7714596146e-01
   outer loop
     vertex 5.4998909691e-01 -2.5797537339e-02 3.7772065671e-02
     vertex 5.5560883855e-01 -2.5797537339e-02 3.7772065671e-02
     vertex 5.4998909691e-01 -2.7614787456e-02 3.6300485542e-02
   endloop
 endfacet
 facet normal  -3.4008027867e-16 6.2932039105e-01 -7.7714596146e-01
   outer loop
     vertex 5.4998909691e-01 -2.7614787456e-02 3.6300485542e-02
     vertex 5.5560883855e-01 -2.5797537339e-02 3.7772065671e-02
     vertex 5.5560883855e-01 -2.8036353621e-02 3.5959107993e-02
   endloop
 endfacet
 facet normal  -2.9201003859e-16 6.2932039105e-01 -7.7714596146e-01
   outer loop
     vertex 5.5560883855e-01 -2.5797537339e-02 3.7772065671e-02
     vertex 5.6308595723e-01 -2.5797537339e-02 3.7772065671e-02
     vertex 5.5560883855e-01 -2.8036353621e-02 3.5959107993e-02
   endloop
 endfacet
 facet normal  -7.2768886546e-16 6.2932039105e-01 -7.7714596146e-01
   outer loop
     vertex 5.5560883855e-01 -2.8036353621e-02 3.5959107993e-02
     vertex 5.6308595723e-01 -2.5797537339e-02 3.7772065671e-02
     vertex 5.6308595723e-01 -2.8338171828e-02 3.5714700427e-02
   endloop
 endfacet
 facet normal  0.0000000000e+00 6.2932039105e-01 -7.7714596146e-01
   outer loop
     vertex 5.6308595723e-01 -2.5797537339e-02 3.7772065671e-02
     vertex 5.7245113760e-01 -2.5797537339e-02 3.7772065671e-02
     vertex 5.6308595723e-01 -2.8338171828e-02 3.5714700427e-02
   endloop
 endfacet
 facet normal  -5.2494205002e-17 6.2932039105e-01 -7.7714596146e-01
   outer loop
     vertex 5.6308595723e-01 -2.8338171828e-02 3.5714700427e-02
     vertex 5.7245113760e-01 -2.5797537339e-02 3.7772065671e-02
     vertex 5.7245113760e-01 -2.8475505347e-02 3.5603489937e-02
   endloop
 endfacet
 facet normal  0.0000000000e+00 6.2932039105e-01 -7.7714596146e-01
   outer loop
     vertex 5.7245113760e-01 -2.5797537339e-02 3.7772065671e-02
     vertex 5.8340425970e-01 -2.5797537339e-02 3.7772065671e-02
     vertex 5.7245113760e-01 -2.8475505347e-02 3.5603489937e-02
   endloop
 endfacet
 facet normal  3.8972142015e-16 6.2932039105e-01 -7.7714596146e-01
   outer loop
     vertex 5.7245113760e-01 -2.8475505347e-02 3.5603489937e-02
     vertex 5.8340425970e-01 -2.5797537339e-02 3.7772065671e-02
     vertex 5.8340425970e-01 -2.8419096204e-02 3.5649169161e-02
   endloop
 endfacet
 facet normal  -1.8405241680e-16 6.2932039105e-01 -7.7714596146e-01
   outer loop
     vertex 5.8340425970e-01 -2.5797537339e-02 3.7772065671e-02
     vertex 5.9526715045e-01 -2.5797537339e-02 3.7772065671e-02
     vertex 5.8340425970e-01 -2.8419096204e-02 3.5649169161e-02
   endloop
 endfacet
 facet normal  -2.5620094032e-16 6.2932039105e-01 -7.7714596146e-01
   outer loop
     vertex 5.8340425970e-01 -2.8419096204e-02 3.5649169161e-02
     vertex 5.9526715045e-01 -2.5797537339e-02 3.7772065671e-02
     vertex 5.9526715045e-01 -2.8179990291e-02 3.5842793311e-02
   endloop
 endfacet
 facet normal  5.5417430059e-17 6.2932039105e-01 -7.7714596146e-01
   outer loop
     vertex 5.9526715045e-01 -2.5797537339e-02 3.7772065671e-02
     vertex 6.0710835265e-01 -2.7811652952e-02 3.6141067007e-02
     vertex 5.9526715045e-01 -2.8179990291e-02 3.5842793311e-02
   endloop
 endfacet
 facet normal  1.8438953038e-16 6.2932039105e-01 -7.7714596146e-01
   outer loop
     vertex 5.9526715045e-01 -2.5797537339e-02 3.7772065671e-02
     vertex 6.0710835265e-01 -2.5797537339e-02 3.7772065671e-02
     vertex 6.0710835265e-01 -2.7811652952e-02 3.6141067007e-02
   endloop
 endfacet
 facet normal  1.4242186322e-16 6.2932039105e-01 -7.7714596146e-01
   outer loop
     vertex 6.0710835265e-01 -2.5797537339e-02 3.7772065671e-02
     vertex 6.1800857730e-01 -2.7387234868e-02 3.6484753995e-02
     vertex 6.0710835265e-01 -2.7811652952e-02 3.6141067007e-02
   endloop
 endfacet
 facet normal  0.0000000000e+00 6.2932039105e-01 -7.7714596146e-01
   outer loop
     vertex 6.0710835265e-01 -2.5797537339e-02 3.7772065671e-02
     vertex 6.1800857730e-01 -2.5797537339e-02 3.7772065671e-02
     vertex 6.1800857730e-01 -2.7387234868e-02 3.6484753995e-02
   endloop
 endfacet
 facet normal  2.4179797886e-16 6.2932039105e-01 -7.7714596146e-01
   outer loop
     vertex 6.1800857730e-01 -2.5797537339e-02 3.7772065671e-02
     vertex 6.2732040652e-01 -2.6971687339e-02 3.6821257749e-02
     vertex 6.1800857730e-01 -2.7387234868e-02 3.6484753995e-02
   endloop
 endfacet
 facet normal  -2.3447527440e-16 6.2932039105e-01 -7.7714596146e-01
   outer loop
     vertex 6.1800857730e-01 -2.5797537339e-02 3.7772065671e-02
     vertex 6.2732040652e-01 -2.5797537339e-02 3.7772065671e-02
     vertex 6.2732040652e-01 -2.6971687339e-02 3.6821257749e-02
   endloop
 endfacet
 facet normal  -2.9120872455e-16 6.2932039105e-01 -7.7714596146e-01
   outer loop
     vertex 6.2732040652e-01 -2.5797537339e-02 3.7772065671e-02
     vertex 6.3478054073e-01 -2.6606770272e-02 3.7116761763e-02
     vertex 6.2732040652e-01 -2.6971687339e-02 3.6821257749e-02
   endloop
 endfacet
 facet normal  2.9267485710e-16 6.2932039105e-01 -7.7714596146e-01
   outer loop
     vertex 6.2732040652e-01 -2.5797537339e-02 3.7772065671e-02
     vertex 6.3478054073e-01 -2.5797537339e-02 3.7772065671e-02
     vertex 6.3478054073e-01 -2.6606770272e-02 3.7116761763e-02
   endloop
 endfacet
 facet normal  -1.2990272380e-16 6.2932039105e-01 -7.7714596146e-01
   outer loop
     vertex 6.3478054073e-01 -2.5797537339e-02 3.7772065671e-02
     vertex 6.4045545247e-01 -2.6310499141e-02 3.7356677394e-02
     vertex 6.3478054073e-01 -2.6606770272e-02 3.7116761763e-02
   endloop
 endfacet
 facet normal  -7.6948992786e-16 6.2932039105e-01 -7.7714596146e-01
   outer loop
     vertex 6.3478054073e-01 -2.5797537339e-02 3.7772065671e-02
     vertex 6.4045545247e-01 -2.5797537339e-02 3.7772065671e-02
     vertex 6.4045545247e-01 -2.6310499141e-02 3.7356677394e-02
   endloop
 endfacet
 facet normal  1.6189677699e-15 6.2932039105e-01 -7.7714596146e-01
   outer loop
     vertex 6.4045545247e-01 -2.5797537339e-02 3.7772065671e-02
     vertex 6.4460446266e-01 -2.6083371889e-02 3.7540601416e-02
     vertex 6.4045545247e-01 -2.6310499141e-02 3.7356677394e-02
   endloop
 endfacet
 facet normal  7.7347114392e-16 6.2932039105e-01 -7.7714596146e-01
   outer loop
     vertex 6.4045545247e-01 -2.5797537339e-02 3.7772065671e-02
     vertex 6.4460446266e-01 -2.5797537339e-02 3.7772065671e-02
     vertex 6.4460446266e-01 -2.6083371889e-02 3.7540601416e-02
   endloop
 endfacet
 facet normal  -1.7556600516e-15 6.2932039105e-01 -7.7714596146e-01
   outer loop
     vertex 6.4460446266e-01 -2.5797537339e-02 3.7772065671e-02
     vertex 6.4755075358e-01 -2.5916462396e-02 3.7675762059e-02
     vertex 6.4460446266e-01 -2.6083371889e-02 3.7540601416e-02
   endloop
 endfacet
 facet normal  -1.8302786520e-15 6.2932039105e-01 -7.7714596146e-01
   outer loop
     vertex 6.4460446266e-01 -2.5797537339e-02 3.7772065671e-02
     vertex 6.4755075358e-01 -2.5797537339e-02 3.7772065671e-02
     vertex 6.4755075358e-01 -2.5916462396e-02 3.7675762059e-02
   endloop
 endfacet
 facet normal  3.1963853054e-15 6.2932039105e-01 -7.7714596146e-01
   outer loop
     vertex 6.4755075358e-01 -2.5797537339e-02 3.7772065671e-02
     vertex 6.4960000000e-01 -2.5797537339e-02 3.7772065671e-02
     vertex 6.4755075358e-01 -2.5916462396e-02 3.7675762059e-02
   endloop
 endfacet
 facet normal  6.3253500788e-15 6.2932039105e-01 -7.7714596146e-01
   outer loop
     vertex 6.4960000000e-01 -2.5797537339e-02 3.7772065671e-02
     vertex 6.4755075358e-01 -2.5678612282e-02 3.7868369283e-02
     vertex 6.4755075358e-01 -2.5559687225e-02 3.7964672896e-02
   endloop
 endfacet
 facet normal  4.6104830929e-15 6.2932039105e-01 -7.7714596146e-01
   outer loop
     vertex 6.4755075358e-01 -2.5678612282e-02 3.7868369283e-02
     vertex 6.4460446266e-01 -2.5511702789e-02 3.8003529926e-02
     vertex 6.4755075358e-01 -2.5559687225e-02 3.7964672896e-02
   endloop
 endfacet
 facet normal  3.9021452972e-15 6.2932039105e-01 -7.7714596146e-01
   outer loop
     vertex 6.4755075358e-01 -2.5559687225e-02 3.7964672896e-02
     vertex 6.4460446266e-01 -2.5511702789e-02 3.8003529926e-02
     vertex 6.4460446266e-01 -2.5225868239e-02 3.8234994181e-02
   endloop
 endfacet
 facet normal  -3.3499026913e-16 6.2932039105e-01 -7.7714596146e-01
   outer loop
     vertex 6.4460446266e-01 -2.5511702789e-02 3.8003529926e-02
     vertex 6.4045545247e-01 -2.5284575538e-02 3.8187453948e-02
     vertex 6.4460446266e-01 -2.5225868239e-02 3.8234994181e-02
   endloop
 endfacet
 facet normal  -1.5706403737e-17 6.2932039105e-01 -7.7714596146e-01
   outer loop
     vertex 6.4460446266e-01 -2.5225868239e-02 3.8234994181e-02
     vertex 6.4045545247e-01 -2.5284575538e-02 3.8187453948e-02
     vertex 6.4045545247e-01 -2.4771613736e-02 3.8602842224e-02
   endloop
 endfacet
 facet normal  -4.8229353224e-16 6.2932039105e-01 -7.7714596146e-01
   outer loop
     vertex 6.4045545247e-01 -2.5284575538e-02 3.8187453948e-02
     vertex 6.3478054073e-01 -2.4988304406e-02 3.8427369579e-02
     vertex 6.4045545247e-01 -2.4771613736e-02 3.8602842224e-02
   endloop
 endfacet
 facet normal  -3.5387293725e-16 6.2932039105e-01 -7.7714596146e-01
   outer loop
     vertex 6.4045545247e-01 -2.4771613736e-02 3.8602842224e-02
     vertex 6.3478054073e-01 -2.4988304406e-02 3.8427369579e-02
     vertex 6.3478054073e-01 -2.4179071474e-02 3.9082673487e-02
   endloop
 endfacet
 facet normal  8.4846137747e-16 6.2932039105e-01 -7.7714596146e-01
   outer loop
     vertex 6.3478054073e-01 -2.4988304406e-02 3.8427369579e-02
     vertex 6.2732040652e-01 -2.4623387340e-02 3.8722873593e-02
     vertex 6.3478054073e-01 -2.4179071474e-02 3.9082673487e-02
   endloop
 endfacet
 facet normal  7.8438479031e-16 6.2932039105e-01 -7.7714596146e-01
   outer loop
     vertex 6.3478054073e-01 -2.4179071474e-02 3.9082673487e-02
     vertex 6.2732040652e-01 -2.4623387340e-02 3.8722873593e-02
     vertex 6.2732040652e-01 -2.3449237340e-02 3.9673681515e-02
   endloop
 endfacet
 facet normal  -2.3330068826e-16 6.2932039105e-01 -7.7714596146e-01
   outer loop
     vertex 6.2732040652e-01 -2.4623387340e-02 3.8722873593e-02
     vertex 6.1800857730e-01 -2.4207839811e-02 3.9059377347e-02
     vertex 6.2732040652e-01 -2.3449237340e-02 3.9673681515e-02
   endloop
 endfacet
 facet normal  8.8937187627e-17 6.2932039105e-01 -7.7714596146e-01
   outer loop
     vertex 6.2732040652e-01 -2.3449237340e-02 3.9673681515e-02
     vertex 6.1800857730e-01 -2.4207839811e-02 3.9059377347e-02
     vertex 6.1800857730e-01 -2.2618142282e-02 4.0346689023e-02
   endloop
 endfacet
 facet normal  2.6354570714e-16 6.2932039105e-01 -7.7714596146e-01
   outer loop
     vertex 6.1800857730e-01 -2.4207839811e-02 3.9059377347e-02
     vertex 6.0710835265e-01 -2.3783421727e-02 3.9403064335e-02
     vertex 6.1800857730e-01 -2.2618142282e-02 4.0346689023e-02
   endloop
 endfacet
 facet normal  1.4991775076e-17 6.2932039105e-01 -7.7714596146e-01
   outer loop
     vertex 6.1800857730e-01 -2.2618142282e-02 4.0346689023e-02
     vertex 6.0710835265e-01 -2.3783421727e-02 3.9403064335e-02
     vertex 6.0710835265e-01 -2.1769306115e-02 4.1034062999e-02
   endloop
 endfacet
 facet normal  -3.4501082212e-17 6.2932039105e-01 -7.7714596146e-01
   outer loop
     vertex 6.0710835265e-01 -2.3783421727e-02 3.9403064335e-02
     vertex 5.9526715045e-01 -2.3415084388e-02 3.9701338031e-02
     vertex 6.0710835265e-01 -2.1769306115e-02 4.1034062999e-02
   endloop
 endfacet
 facet normal  7.0000964285e-17 6.2932039105e-01 -7.7714596146e-01
   outer loop
     vertex 6.0710835265e-01 -2.1769306115e-02 4.1034062999e-02
     vertex 5.9526715045e-01 -2.3415084388e-02 3.9701338031e-02
     vertex 5.9526715045e-01 -2.1032631436e-02 4.1630610391e-02
   endloop
 endfacet
 facet normal  3.6101041590e-16 6.2932039105e-01 -7.7714596146e-01
   outer loop
     vertex 5.9526715045e-01 -2.3415084388e-02 3.9701338031e-02
     vertex 5.8340425970e-01 -2.0554419611e-02 4.2017858692e-02
     vertex 5.9526715045e-01 -2.1032631436e-02 4.1630610391e-02
   endloop
 endfacet
 facet normal  6.3500041360e-17 6.2932039105e-01 -7.7714596146e-01
   outer loop
     vertex 5.9526715045e-01 -2.3415084388e-02 3.9701338031e-02
     vertex 5.8340425970e-01 -2.3175978475e-02 3.9894962181e-02
     vertex 5.8340425970e-01 -2.0554419611e-02 4.2017858692e-02
   endloop
 endfacet
 facet normal  -8.1956122178e-16 6.2932039105e-01 -7.7714596146e-01
   outer loop
     vertex 5.8340425970e-01 -2.3175978475e-02 3.9894962181e-02
     vertex 5.7245113760e-01 -2.0441601323e-02 4.2109217140e-02
     vertex 5.8340425970e-01 -2.0554419611e-02 4.2017858692e-02
   endloop
 endfacet
 facet normal  -1.9776922624e-16 6.2932039105e-01 -7.7714596146e-01
   outer loop
     vertex 5.8340425970e-01 -2.3175978475e-02 3.9894962181e-02
     vertex 5.7245113760e-01 -2.3119569331e-02 3.9940641405e-02
     vertex 5.7245113760e-01 -2.0441601323e-02 4.2109217140e-02
   endloop
 endfacet
 facet normal  -1.0826929782e-16 6.2932039105e-01 -7.7714596146e-01
   outer loop
     vertex 5.7245113760e-01 -2.3119569331e-02 3.9940641405e-02
     vertex 5.6308595723e-01 -2.0716268361e-02 4.1886796158e-02
     vertex 5.7245113760e-01 -2.0441601323e-02 4.2109217140e-02
   endloop
 endfacet
 facet normal  -1.6599530811e-16 6.2932039105e-01 -7.7714596146e-01
   outer loop
     vertex 5.7245113760e-01 -2.3119569331e-02 3.9940641405e-02
     vertex 5.6308595723e-01 -2.3256902850e-02 3.9829430914e-02
     vertex 5.6308595723e-01 -2.0716268361e-02 4.1886796158e-02
   endloop
 endfacet
 facet normal  -8.4897034303e-16 6.2932039105e-01 -7.7714596146e-01
   outer loop
     vertex 5.6308595723e-01 -2.3256902850e-02 3.9829430914e-02
     vertex 5.5560883855e-01 -2.1319904777e-02 4.1397981026e-02
     vertex 5.6308595723e-01 -2.0716268361e-02 4.1886796158e-02
   endloop
 endfacet
 facet normal  -6.0951144647e-16 6.2932039105e-01 -7.7714596146e-01
   outer loop
     vertex 5.6308595723e-01 -2.3256902850e-02 3.9829430914e-02
     vertex 5.5560883855e-01 -2.3558721058e-02 3.9585023349e-02
     vertex 5.5560883855e-01 -2.1319904777e-02 4.1397981026e-02
   endloop
 endfacet
 facet normal  1.4649612004e-15 6.2932039105e-01 -7.7714596146e-01
   outer loop
     vertex 5.5560883855e-01 -2.3558721058e-02 3.9585023349e-02
     vertex 5.4998909691e-01 -2.2163037107e-02 4.0715225928e-02
     vertex 5.5560883855e-01 -2.1319904777e-02 4.1397981026e-02
   endloop
 endfacet
 facet normal  9.0240164447e-16 6.2932039105e-01 -7.7714596146e-01
   outer loop
     vertex 5.5560883855e-01 -2.3558721058e-02 3.9585023349e-02
     vertex 5.4998909691e-01 -2.3980287223e-02 3.9243645800e-02
     vertex 5.4998909691e-01 -2.2163037107e-02 4.0715225928e-02
   endloop
 endfacet
 facet normal  1.5950459962e-15 6.2932039105e-01 -7.7714596146e-01
   outer loop
     vertex 5.4998909691e-01 -2.3980287223e-02 3.9243645800e-02
     vertex 5.4601486661e-01 -2.3183227329e-02 3.9889092175e-02
     vertex 5.4998909691e-01 -2.2163037107e-02 4.0715225928e-02
   endloop
 endfacet
 facet normal  1.9482195731e-15 6.2932039105e-01 -7.7714596146e-01
   outer loop
     vertex 5.4998909691e-01 -2.3980287223e-02 3.9243645800e-02
     vertex 5.4601486661e-01 -2.4490382334e-02 3.8830578923e-02
     vertex 5.4601486661e-01 -2.3183227329e-02 3.9889092175e-02
   endloop
 endfacet
 facet normal  -4.2467320297e-16 6.2932039105e-01 -7.7714596146e-01
   outer loop
     vertex 5.4601486661e-01 -2.4490382334e-02 3.8830578923e-02
     vertex 5.4349498646e-01 -2.4394728593e-02 3.8908037795e-02
     vertex 5.4601486661e-01 -2.3183227329e-02 3.9889092175e-02
   endloop
 endfacet
 facet normal  -6.5176733792e-16 6.2932039105e-01 -7.7714596146e-01
   outer loop
     vertex 5.4601486661e-01 -2.4490382334e-02 3.8830578923e-02
     vertex 5.4349498646e-01 -2.5096132966e-02 3.8340051733e-02
     vertex 5.4349498646e-01 -2.4394728593e-02 3.8908037795e-02
   endloop
 endfacet
 facet normal  1.3107744734e-16 6.2932039105e-01 -7.7714596146e-01
   outer loop
     vertex 5.4349498646e-01 -2.5096132966e-02 3.8340051733e-02
     vertex 5.4260000000e-01 -2.5797537339e-02 3.7772065671e-02
     vertex 5.4349498646e-01 -2.4394728593e-02 3.8908037795e-02
   endloop
 endfacet
 facet normal  -8.3234179061e-15 6.2932039105e-01 -7.7714596146e-01
   outer loop
     vertex 5.4260000000e-01 -2.5797537339e-02 3.7772065671e-02
     vertex 5.4349498646e-01 -2.6498941713e-02 3.7204079609e-02
     vertex 5.4349498646e-01 -2.7200346086e-02 3.6636093546e-02
   endloop
 endfacet
 facet normal  9.8638003373e-16 6.2932039105e-01 -7.7714596146e-01
   outer loop
     vertex 5.4349498646e-01 -2.6498941713e-02 3.7204079609e-02
     vertex 5.4601486661e-01 -2.7104692344e-02 3.6713552419e-02
     vertex 5.4349498646e-01 -2.7200346086e-02 3.6636093546e-02
   endloop
 endfacet
 facet normal  8.7120458551e-16 6.2932039105e-01 -7.7714596146e-01
   outer loop
     vertex 5.4349498646e-01 -2.7200346086e-02 3.6636093546e-02
     vertex 5.4601486661e-01 -2.7104692344e-02 3.6713552419e-02
     vertex 5.4601486661e-01 -2.8411847350e-02 3.5655039167e-02
   endloop
 endfacet
 facet normal  1.0137077453e-15 6.2932039105e-01 -7.7714596146e-01
   outer loop
     vertex 5.4601486661e-01 -2.7104692344e-02 3.6713552419e-02
     vertex 5.4998909691e-01 -2.7614787456e-02 3.6300485542e-02
     vertex 5.4601486661e-01 -2.8411847350e-02 3.5655039167e-02
   endloop
 endfacet
 facet normal  1.0937458260e-15 6.2932039105e-01 -7.7714596146e-01
   outer loop
     vertex 5.4601486661e-01 -2.8411847350e-02 3.5655039167e-02
     vertex 5.4998909691e-01 -2.7614787456e-02 3.6300485542e-02
     vertex 5.4998909691e-01 -2.9432037572e-02 3.4828905414e-02
   endloop
 endfacet
 facet normal  -4.2300077085e-16 6.2932039105e-01 -7.7714596146e-01
   outer loop
     vertex 5.4998909691e-01 -2.7614787456e-02 3.6300485542e-02
     vertex 5.5560883855e-01 -2.8036353621e-02 3.5959107993e-02
     vertex 5.4998909691e-01 -2.9432037572e-02 3.4828905414e-02
   endloop
 endfacet
 facet normal  -6.8016055735e-16 6.2932039105e-01 -7.7714596146e-01
   outer loop
     vertex 5.4998909691e-01 -2.9432037572e-02 3.4828905414e-02
     vertex 5.5560883855e-01 -2.8036353621e-02 3.5959107993e-02
     vertex 5.5560883855e-01 -3.0275169902e-02 3.4146150315e-02
   endloop
 endfacet
 facet normal  -7.9629721232e-16 6.2932039105e-01 -7.7714596146e-01
   outer loop
     vertex 5.5560883855e-01 -2.8036353621e-02 3.5959107993e-02
     vertex 5.6308595723e-01 -2.8338171828e-02 3.5714700427e-02
     vertex 5.5560883855e-01 -3.0275169902e-02 3.4146150315e-02
   endloop
 endfacet
 facet normal  -3.8117035810e-16 6.2932039105e-01 -7.7714596146e-01
   outer loop
     vertex 5.5560883855e-01 -3.0275169902e-02 3.4146150315e-02
     vertex 5.6308595723e-01 -2.8338171828e-02 3.5714700427e-02
     vertex 5.6308595723e-01 -3.0878806318e-02 3.3657335184e-02
   endloop
 endfacet
 facet normal  -1.0893442095e-16 6.2932039105e-01 -7.7714596146e-01
   outer loop
     vertex 5.6308595723e-01 -2.8338171828e-02 3.5714700427e-02
     vertex 5.7245113760e-01 -2.8475505347e-02 3.5603489937e-02
     vertex 5.6308595723e-01 -3.0878806318e-02 3.3657335184e-02
   endloop
 endfacet
 facet normal  -1.2598609200e-15 6.2932039105e-01 -7.7714596146e-01
   outer loop
     vertex 5.6308595723e-01 -3.0878806318e-02 3.3657335184e-02
     vertex 5.7245113760e-01 -2.8475505347e-02 3.5603489937e-02
     vertex 5.7245113760e-01 -3.1153473355e-02 3.3434914202e-02
   endloop
 endfacet
 facet normal  3.9062928728e-16 6.2932039105e-01 -7.7714596146e-01
   outer loop
     vertex 5.7245113760e-01 -2.8475505347e-02 3.5603489937e-02
     vertex 5.8340425970e-01 -2.8419096204e-02 3.5649169161e-02
     vertex 5.7245113760e-01 -3.1153473355e-02 3.3434914202e-02
   endloop
 endfacet
 facet normal  1.3067129970e-15 6.2932039105e-01 -7.7714596146e-01
   outer loop
     vertex 5.7245113760e-01 -3.1153473355e-02 3.3434914202e-02
     vertex 5.8340425970e-01 -2.8419096204e-02 3.5649169161e-02
     vertex 5.8340425970e-01 -3.1040655068e-02 3.3526272650e-02
   endloop
 endfacet
 facet normal  -2.4606266027e-16 6.2932039105e-01 -7.7714596146e-01
   outer loop
     vertex 5.8340425970e-01 -2.8419096204e-02 3.5649169161e-02
     vertex 5.9526715045e-01 -2.8179990291e-02 3.5842793311e-02
     vertex 5.8340425970e-01 -3.1040655068e-02 3.3526272650e-02
   endloop
 endfacet
 facet normal  -5.5898386979e-16 6.2932039105e-01 -7.7714596146e-01
   outer loop
     vertex 5.8340425970e-01 -3.1040655068e-02 3.3526272650e-02
     vertex 5.9526715045e-01 -2.8179990291e-02 3.5842793311e-02
     vertex 5.9526715045e-01 -3.0562443243e-02 3.3913520951e-02
   endloop
 endfacet
 facet normal  1.1666827381e-16 6.2932039105e-01 -7.7714596146e-01
   outer loop
     vertex 5.9526715045e-01 -2.8179990291e-02 3.5842793311e-02
     vertex 6.0710835265e-01 -2.9825768564e-02 3.4510068343e-02
     vertex 5.9526715045e-01 -3.0562443243e-02 3.3913520951e-02
   endloop
 endfacet
 facet normal  6.5552056203e-17 6.2932039105e-01 -7.7714596146e-01
   outer loop
     vertex 5.9526715045e-01 -2.8179990291e-02 3.5842793311e-02
     vertex 6.0710835265e-01 -2.7811652952e-02 3.6141067007e-02
     vertex 6.0710835265e-01 -2.9825768564e-02 3.4510068343e-02
   endloop
 endfacet
 facet normal  3.6355054560e-16 6.2932039105e-01 -7.7714596146e-01
   outer loop
     vertex 6.0710835265e-01 -2.7811652952e-02 3.6141067007e-02
     vertex 6.1800857730e-01 -2.8976932396e-02 3.5197442319e-02
     vertex 6.0710835265e-01 -2.9825768564e-02 3.4510068343e-02
   endloop
 endfacet
 facet normal  2.3267999369e-16 6.2932039105e-01 -7.7714596146e-01
   outer loop
     vertex 6.0710835265e-01 -2.7811652952e-02 3.6141067007e-02
     vertex 6.1800857730e-01 -2.7387234868e-02 3.6484753995e-02
     vertex 6.1800857730e-01 -2.8976932396e-02 3.5197442319e-02
   endloop
 endfacet
 facet normal  2.7792871133e-17 6.2932039105e-01 -7.7714596146e-01
   outer loop
     vertex 6.1800857730e-01 -2.7387234868e-02 3.6484753995e-02
     vertex 6.2732040652e-01 -2.8145837338e-02 3.5870449827e-02
     vertex 6.1800857730e-01 -2.8976932396e-02 3.5197442319e-02
   endloop
 endfacet
 facet normal  2.0696028797e-16 6.2932039105e-01 -7.7714596146e-01
   outer loop
     vertex 6.1800857730e-01 -2.7387234868e-02 3.6484753995e-02
     vertex 6.2732040652e-01 -2.6971687339e-02 3.6821257749e-02
     vertex 6.2732040652e-01 -2.8145837338e-02 3.5870449827e-02
   endloop
 endfacet
 facet normal  -8.9711074820e-16 6.2932039105e-01 -7.7714596146e-01
   outer loop
     vertex 6.2732040652e-01 -2.6971687339e-02 3.6821257749e-02
     vertex 6.3478054073e-01 -2.7416003205e-02 3.6461457855e-02
     vertex 6.2732040652e-01 -2.8145837338e-02 3.5870449827e-02
   endloop
 endfacet
 facet normal  -6.8831003313e-16 6.2932039105e-01 -7.7714596146e-01
   outer loop
     vertex 6.2732040652e-01 -2.6971687339e-02 3.6821257749e-02
     vertex 6.3478054073e-01 -2.6606770272e-02 3.7116761763e-02
     vertex 6.3478054073e-01 -2.7416003205e-02 3.6461457855e-02
   endloop
 endfacet
 facet normal  8.1525157696e-16 6.2932039105e-01 -7.7714596146e-01
   outer loop
     vertex 6.3478054073e-01 -2.6606770272e-02 3.7116761763e-02
     vertex 6.4045545247e-01 -2.6823460943e-02 3.6941289118e-02
     vertex 6.3478054073e-01 -2.7416003205e-02 3.6461457855e-02
   endloop
 endfacet
 facet normal  3.6039516695e-16 6.2932039105e-01 -7.7714596146e-01
   outer loop
     vertex 6.3478054073e-01 -2.6606770272e-02 3.7116761763e-02
     vertex 6.4045545247e-01 -2.6310499141e-02 3.7356677394e-02
     vertex 6.4045545247e-01 -2.6823460943e-02 3.6941289118e-02
   endloop
 endfacet
 facet normal  8.2156573396e-17 6.2932039105e-01 -7.7714596146e-01
   outer loop
     vertex 6.4045545247e-01 -2.6310499141e-02 3.7356677394e-02
     vertex 6.4460446266e-01 -2.6369206439e-02 3.7309137161e-02
     vertex 6.4045545247e-01 -2.6823460943e-02 3.6941289118e-02
   endloop
 endfacet
 facet normal  4.2497147410e-16 6.2932039105e-01 -7.7714596146e-01
   outer loop
     vertex 6.4045545247e-01 -2.6310499141e-02 3.7356677394e-02
     vertex 6.4460446266e-01 -2.6083371889e-02 3.7540601416e-02
     vertex 6.4460446266e-01 -2.6369206439e-02 3.7309137161e-02
   endloop
 endfacet
 facet normal  3.3281207934e-16 6.2932039105e-01 -7.7714596146e-01
   outer loop
     vertex 6.4460446266e-01 -2.6083371889e-02 3.7540601416e-02
     vertex 6.4755075358e-01 -2.6035387454e-02 3.7579458446e-02
     vertex 6.4460446266e-01 -2.6369206439e-02 3.7309137161e-02
   endloop
 endfacet
 facet normal  1.9594094481e-15 6.2932039105e-01 -7.7714596146e-01
   outer loop
     vertex 6.4460446266e-01 -2.6083371889e-02 3.7540601416e-02
     vertex 6.4755075358e-01 -2.5916462396e-02 3.7675762059e-02
     vertex 6.4755075358e-01 -2.6035387454e-02 3.7579458446e-02
   endloop
 endfacet
 facet normal  6.9003819041e-15 6.2932039105e-01 -7.7714596146e-01
   outer loop
     vertex 6.4755075358e-01 -2.5916462396e-02 3.7675762059e-02
     vertex 6.4960000000e-01 -2.5797537339e-02 3.7772065671e-02
     vertex 6.4755075358e-01 -2.6035387454e-02 3.7579458446e-02
   endloop
 endfacet
 facet normal  1.4766726133e-01 7.8390127971e-01 6.0306978336e-01
   outer loop
     vertex 6.4960000000e-01 -2.5797537339e-02 3.7772065671e-02
     vertex 6.4755075358e-01 -2.5559687225e-02 3.7964672896e-02
     vertex 6.5357321079e-01 -4.0775362646e-02 5.6268139554e-02
   endloop
 endfacet
 facet normal  1.4766726133e-01 7.8390127971e-01 6.0306978336e-01
   outer loop
     vertex 6.5357321079e-01 -4.0775362646e-02 5.6268139554e-02
     vertex 6.4755075358e-01 -2.5559687225e-02 3.7964672896e-02
     vertex 6.5170470791e-01 -4.0558490912e-02 5.6443758821e-02
   endloop
 endfacet
 facet normal  1.4422482734e-01 7.8392909303e-01 6.0386619071e-01
   outer loop
     vertex 6.4755075358e-01 -2.5559687225e-02 3.7964672896e-02
     vertex 6.4460446266e-01 -2.5225868239e-02 3.8234994181e-02
     vertex 6.5170470791e-01 -4.0558490912e-02 5.6443758821e-02
   endloop
 endfacet
 facet normal  1.4422482734e-01 7.8392909303e-01 6.0386619071e-01
   outer loop
     vertex 6.5170470791e-01 -4.0558490912e-02 5.6443758821e-02
     vertex 6.4460446266e-01 -2.5225868239e-02 3.8234994181e-02
     vertex 6.4901827985e-01 -4.0254114761e-02 5.6690237769e-02
   endloop
 endfacet
 facet normal  1.3946588162e-01 7.8391897783e-01 6.0499611905e-01
   outer loop
     vertex 6.4460446266e-01 -2.5225868239e-02 3.8234994181e-02
     vertex 6.4045545247e-01 -2.4771613736e-02 3.8602842224e-02
     vertex 6.4901827985e-01 -4.0254114761e-02 5.6690237769e-02
   endloop
 endfacet
 facet normal  1.3946588162e-01 7.8391897783e-01 6.0499611905e-01
   outer loop
     vertex 6.4901827985e-01 -4.0254114761e-02 5.6690237769e-02
     vertex 6.4045545247e-01 -2.4771613736e-02 3.8602842224e-02
     vertex 6.4523521235e-01 -3.9839925505e-02 5.7025641615e-02
   endloop
 endfacet
 facet normal  1.3312777430e-01 7.8381558080e-01 6.0655595867e-01
   outer loop
     vertex 6.4045545247e-01 -2.4771613736e-02 3.8602842224e-02
     vertex 6.3478054073e-01 -2.4179071474e-02 3.9082673487e-02
     vertex 6.4523521235e-01 -3.9839925505e-02 5.7025641615e-02
   endloop
 endfacet
 facet normal  1.3312777430e-01 7.8381558080e-01 6.0655595867e-01
   outer loop
     vertex 6.4523521235e-01 -3.9839925505e-02 5.7025641615e-02
     vertex 6.3478054073e-01 -2.4179071474e-02 3.9082673487e-02
     vertex 6.4006082782e-01 -3.9299645470e-02 5.7463151761e-02
   endloop
 endfacet
 facet normal  1.2487441335e-01 7.8352265548e-01 6.0868598575e-01
   outer loop
     vertex 6.3478054073e-01 -2.4179071474e-02 3.9082673487e-02
     vertex 6.2732040652e-01 -2.3449237340e-02 3.9673681515e-02
     vertex 6.4006082782e-01 -3.9299645470e-02 5.7463151761e-02
   endloop
 endfacet
 facet normal  1.2487441335e-01 7.8352265548e-01 6.0868598575e-01
   outer loop
     vertex 6.4006082782e-01 -3.9299645470e-02 5.7463151761e-02
     vertex 6.2732040652e-01 -2.3449237340e-02 3.9673681515e-02
     vertex 6.3325867746e-01 -3.8634182707e-02 5.8002032881e-02
   endloop
 endfacet
 facet normal  1.1407815147e-01 7.8286742266e-01 6.1164104987e-01
   outer loop
     vertex 6.2732040652e-01 -2.3449237340e-02 3.9673681515e-02
     vertex 6.1800857730e-01 -2.2618142282e-02 4.0346689023e-02
     vertex 6.3325867746e-01 -3.8634182707e-02 5.8002032881e-02
   endloop
 endfacet
 facet normal  1.1407815147e-01 7.8286742266e-01 6.1164104987e-01
   outer loop
     vertex 6.3325867746e-01 -3.8634182707e-02 5.8002032881e-02
     vertex 6.1800857730e-01 -2.2618142282e-02 4.0346689023e-02
     vertex 6.2476815157e-01 -3.7876390233e-02 5.8615681126e-02
   endloop
 endfacet
 facet normal  9.9696139329e-02 7.8153230000e-01 6.1584733811e-01
   outer loop
     vertex 6.1800857730e-01 -2.2618142282e-02 4.0346689023e-02
     vertex 6.0710835265e-01 -2.1769306115e-02 4.1034062999e-02
     vertex 6.2476815157e-01 -3.7876390233e-02 5.8615681126e-02
   endloop
 endfacet
 facet normal  9.9696139329e-02 7.8153230000e-01 6.1584733811e-01
   outer loop
     vertex 6.2476815157e-01 -3.7876390233e-02 5.8615681126e-02
     vertex 6.0710835265e-01 -2.1769306115e-02 4.1034062999e-02
     vertex 6.1482932673e-01 -3.7102421416e-02 5.9242428717e-02
   endloop
 endfacet
 facet normal  7.9795857340e-02 7.7889134130e-01 6.2206181332e-01
   outer loop
     vertex 6.0710835265e-01 -2.1769306115e-02 4.1034062999e-02
     vertex 5.9526715045e-01 -2.1032631436e-02 4.1630610391e-02
     vertex 6.1482932673e-01 -3.7102421416e-02 5.9242428717e-02
   endloop
 endfacet
 facet normal  7.9795857340e-02 7.7889134130e-01 6.2206181332e-01
   outer loop
     vertex 6.1482932673e-01 -3.7102421416e-02 5.9242428717e-02
     vertex 5.9526715045e-01 -2.1032631436e-02 4.1630610391e-02
     vertex 6.0403251857e-01 -3.6430721444e-02 5.9786360629e-02
   endloop
 endfacet
 facet normal  5.1801325468e-02 7.7382368082e-01 6.3127928342e-01
   outer loop
     vertex 5.9526715045e-01 -2.1032631436e-02 4.1630610391e-02
     vertex 5.9321593479e-01 -3.5994687901e-02 6.0139453630e-02
     vertex 6.0403251857e-01 -3.6430721444e-02 5.9786360629e-02
   endloop
 endfacet
 facet normal  5.1801325468e-02 7.7382368082e-01 6.3127928342e-01
   outer loop
     vertex 5.9526715045e-01 -2.1032631436e-02 4.1630610391e-02
     vertex 5.8340425970e-01 -2.0554419611e-02 4.2017858692e-02
     vertex 5.9321593479e-01 -3.5994687901e-02 6.0139453630e-02
   endloop
 endfacet
 facet normal  1.3250063935e-02 7.6463703770e-01 6.4432494627e-01
   outer loop
     vertex 5.8340425970e-01 -2.0554419611e-02 4.2017858692e-02
     vertex 5.8322887805e-01 -3.5891820187e-02 6.0222754263e-02
     vertex 5.9321593479e-01 -3.5994687901e-02 6.0139453630e-02
   endloop
 endfacet
 facet normal  1.3250063935e-02 7.6463703770e-01 6.4432494627e-01
   outer loop
     vertex 5.8340425970e-01 -2.0554419611e-02 4.2017858692e-02
     vertex 5.7245113760e-01 -2.0441601323e-02 4.2109217140e-02
     vertex 5.8322887805e-01 -3.5891820187e-02 6.0222754263e-02
   endloop
 endfacet
 facet normal  -3.7677757843e-02 7.4910484586e-01 6.6137910193e-01
   outer loop
     vertex 5.7245113760e-01 -2.0441601323e-02 4.2109217140e-02
     vertex 5.7468970659e-01 -3.6142261592e-02 6.0019950812e-02
     vertex 5.8322887805e-01 -3.5891820187e-02 6.0222754263e-02
   endloop
 endfacet
 facet normal  -3.7677757843e-02 7.4910484586e-01 6.6137910193e-01
   outer loop
     vertex 5.7245113760e-01 -2.0441601323e-02 4.2109217140e-02
     vertex 5.6308595723e-01 -2.0716268361e-02 4.1886796158e-02
     vertex 5.7468970659e-01 -3.6142261592e-02 6.0019950812e-02
   endloop
 endfacet
 facet normal  -1.0304018662e-01 7.2411072132e-01 6.8194309382e-01
   outer loop
     vertex 5.6308595723e-01 -2.0716268361e-02 4.1886796158e-02
     vertex 5.6787206978e-01 -3.6692657276e-02 5.9574249175e-02
     vertex 5.7468970659e-01 -3.6142261592e-02 6.0019950812e-02
   endloop
 endfacet
 facet normal  -1.0304018662e-01 7.2411072132e-01 6.8194309382e-01
   outer loop
     vertex 5.6308595723e-01 -2.0716268361e-02 4.1886796158e-02
     vertex 5.5560883855e-01 -2.1319904777e-02 4.1397981026e-02
     vertex 5.6787206978e-01 -3.6692657276e-02 5.9574249175e-02
   endloop
 endfacet
 facet normal  -1.8823316569e-01 6.8360390372e-01 7.0516237715e-01
   outer loop
     vertex 5.5560883855e-01 -2.1319904777e-02 4.1397981026e-02
     vertex 5.6274798935e-01 -3.7461425334e-02 5.8951713076e-02
     vertex 5.6787206978e-01 -3.6692657276e-02 5.9574249175e-02
   endloop
 endfacet
 facet normal  -1.8823316569e-01 6.8360390372e-01 7.0516237715e-01
   outer loop
     vertex 5.5560883855e-01 -2.1319904777e-02 4.1397981026e-02
     vertex 5.4998909691e-01 -2.2163037107e-02 4.0715225928e-02
     vertex 5.6274798935e-01 -3.7461425334e-02 5.8951713076e-02
   endloop
 endfacet
 facet normal  -3.0843420853e-01 6.1142938112e-01 7.2871287275e-01
   outer loop
     vertex 5.4998909691e-01 -2.2163037107e-02 4.0715225928e-02
     vertex 5.5912428616e-01 -3.8391634779e-02 5.8198444320e-02
     vertex 5.6274798935e-01 -3.7461425334e-02 5.8951713076e-02
   endloop
 endfacet
 facet normal  -3.0843420853e-01 6.1142938112e-01 7.2871287275e-01
   outer loop
     vertex 5.4998909691e-01 -2.2163037107e-02 4.0715225928e-02
     vertex 5.4601486661e-01 -2.3183227329e-02 3.9889092175e-02
     vertex 5.5912428616e-01 -3.8391634779e-02 5.8198444320e-02
   endloop
 endfacet
 facet normal  -5.0386497214e-01 4.5190923749e-01 7.3613730439e-01
   outer loop
     vertex 5.4601486661e-01 -2.3183227329e-02 3.9889092175e-02
     vertex 5.5682665945e-01 -3.9496281631e-02 5.7303918937e-02
     vertex 5.5912428616e-01 -3.8391634779e-02 5.8198444320e-02
   endloop
 endfacet
 facet normal  -5.0386497214e-01 4.5190923749e-01 7.3613730439e-01
   outer loop
     vertex 5.4601486661e-01 -2.3183227329e-02 3.9889092175e-02
     vertex 5.4349498646e-01 -2.4394728593e-02 3.8908037795e-02
     vertex 5.5682665945e-01 -3.9496281631e-02 5.7303918937e-02
   endloop
 endfacet
 facet normal  -7.9978678940e-01 2.4567560912e-02 5.9978123216e-01
   outer loop
     vertex 5.4349498646e-01 -2.4394728593e-02 3.8908037795e-02
     vertex 5.5601061079e-01 -4.0775362646e-02 5.6268139554e-02
     vertex 5.5682665945e-01 -3.9496281631e-02 5.7303918937e-02
   endloop
 endfacet
 facet normal  -7.9978678940e-01 2.4567560912e-02 5.9978123216e-01
   outer loop
     vertex 5.4349498646e-01 -2.4394728593e-02 3.8908037795e-02
     vertex 5.4260000000e-01 -2.5797537339e-02 3.7772065671e-02
     vertex 5.5601061079e-01 -4.0775362646e-02 5.6268139554e-02
   endloop
 endfacet
 facet normal  -7.9978678940e-01 -5.9178245633e-01 1.0067082934e-01
   outer loop
     vertex 5.4260000000e-01 -2.5797537339e-02 3.7772065671e-02
     vertex 5.4349498646e-01 -2.7200346086e-02 3.6636093546e-02
     vertex 5.5601061079e-01 -4.0775362646e-02 5.6268139554e-02
   endloop
 endfacet
 facet normal  -7.9978678940e-01 -5.9178245633e-01 1.0067082934e-01
   outer loop
     vertex 5.5601061079e-01 -4.0775362646e-02 5.6268139554e-02
     vertex 5.4349498646e-01 -2.7200346086e-02 3.6636093546e-02
     vertex 5.5682665945e-01 -4.2054443661e-02 5.5232360171e-02
   endloop
 endfacet
 facet normal  -5.0386497214e-01 -8.1400815177e-01 -2.8898238477e-01
   outer loop
     vertex 5.4349498646e-01 -2.7200346086e-02 3.6636093546e-02
     vertex 5.4601486661e-01 -2.8411847350e-02 3.5655039167e-02
     vertex 5.5682665945e-01 -4.2054443661e-02 5.5232360171e-02
   endloop
 endfacet
 facet normal  -5.0386497214e-01 -8.1400815177e-01 -2.8898238477e-01
   outer loop
     vertex 5.5682665945e-01 -4.2054443661e-02 5.5232360171e-02
     vertex 5.4601486661e-01 -2.8411847350e-02 3.5655039167e-02
     vertex 5.5912428616e-01 -4.3159090514e-02 5.4337834787e-02
   endloop
 endfacet
 facet normal  -3.0843420853e-01 -8.3991206455e-01 -4.4656025667e-01
   outer loop
     vertex 5.4601486661e-01 -2.8411847350e-02 3.5655039167e-02
     vertex 5.4998909691e-01 -2.9432037572e-02 3.4828905414e-02
     vertex 5.5912428616e-01 -4.3159090514e-02 5.4337834787e-02
   endloop
 endfacet
 facet normal  -3.0843420853e-01 -8.3991206455e-01 -4.4656025667e-01
   outer loop
     vertex 5.5912428616e-01 -4.3159090514e-02 5.4337834787e-02
     vertex 5.4998909691e-01 -2.9432037572e-02 3.4828905414e-02
     vertex 5.6274798935e-01 -4.4089299959e-02 5.3584566031e-02
   endloop
 endfacet
 facet normal  -1.8823316569e-01 -8.3188213081e-01 -5.2205401614e-01
   outer loop
     vertex 5.4998909691e-01 -2.9432037572e-02 3.4828905414e-02
     vertex 5.5560883855e-01 -3.0275169902e-02 3.4146150315e-02
     vertex 5.6274798935e-01 -4.4089299959e-02 5.3584566031e-02
   endloop
 endfacet
 facet normal  -1.8823316569e-01 -8.3188213081e-01 -5.2205401614e-01
   outer loop
     vertex 5.6274798935e-01 -4.4089299959e-02 5.3584566031e-02
     vertex 5.5560883855e-01 -3.0275169902e-02 3.4146150315e-02
     vertex 5.6787206978e-01 -4.4858068017e-02 5.2962029932e-02
   endloop
 endfacet
 facet normal  -1.0304018662e-01 -8.1759208547e-01 -5.6650322305e-01
   outer loop
     vertex 5.5560883855e-01 -3.0275169902e-02 3.4146150315e-02
     vertex 5.6308595723e-01 -3.0878806318e-02 3.3657335184e-02
     vertex 5.6787206978e-01 -4.4858068017e-02 5.2962029932e-02
   endloop
 endfacet
 facet normal  -1.0304018662e-01 -8.1759208547e-01 -5.6650322305e-01
   outer loop
     vertex 5.6787206978e-01 -4.4858068017e-02 5.2962029932e-02
     vertex 5.6308595723e-01 -3.0878806318e-02 3.3657335184e-02
     vertex 5.7468970659e-01 -4.5408463701e-02 5.2516328296e-02
   endloop
 endfacet
 facet normal  -3.7677757843e-02 -8.0267403683e-01 -5.9522666032e-01
   outer loop
     vertex 5.6308595723e-01 -3.0878806318e-02 3.3657335184e-02
     vertex 5.7245113760e-01 -3.1153473355e-02 3.3434914202e-02
     vertex 5.7468970659e-01 -4.5408463701e-02 5.2516328296e-02
   endloop
 endfacet
 facet normal  -3.7677757843e-02 -8.0267403683e-01 -5.9522666032e-01
   outer loop
     vertex 5.7468970659e-01 -4.5408463701e-02 5.2516328296e-02
     vertex 5.7245113760e-01 -3.1153473355e-02 3.3434914202e-02
     vertex 5.8322887805e-01 -4.5658905106e-02 5.2313524844e-02
   endloop
 endfacet
 facet normal  1.3250063935e-02 -7.8922187966e-01 -6.1396519484e-01
   outer loop
     vertex 5.7245113760e-01 -3.1153473355e-02 3.3434914202e-02
     vertex 5.8340425970e-01 -3.1040655068e-02 3.3526272650e-02
     vertex 5.8322887805e-01 -4.5658905106e-02 5.2313524844e-02
   endloop
 endfacet
 facet normal  1.3250063935e-02 -7.8922187966e-01 -6.1396519484e-01
   outer loop
     vertex 5.8322887805e-01 -4.5658905106e-02 5.2313524844e-02
     vertex 5.8340425970e-01 -3.1040655068e-02 3.3526272650e-02
     vertex 5.9321593479e-01 -4.5556037391e-02 5.2396825477e-02
   endloop
 endfacet
 facet normal  5.1801325468e-02 -7.7837130635e-01 -6.2566343359e-01
   outer loop
     vertex 5.8340425970e-01 -3.1040655068e-02 3.3526272650e-02
     vertex 5.9526715045e-01 -3.0562443243e-02 3.3913520951e-02
     vertex 5.9321593479e-01 -4.5556037391e-02 5.2396825477e-02
   endloop
 endfacet
 facet normal  5.1801325468e-02 -7.7837130635e-01 -6.2566343359e-01
   outer loop
     vertex 5.9321593479e-01 -4.5556037391e-02 5.2396825477e-02
     vertex 5.9526715045e-01 -3.0562443243e-02 3.3913520951e-02
     vertex 6.0403251857e-01 -4.5120003849e-02 5.2749918478e-02
   endloop
 endfacet
 facet normal  7.9795857340e-02 -7.7040888594e-01 -6.3253677333e-01
   outer loop
     vertex 5.9526715045e-01 -3.0562443243e-02 3.3913520951e-02
     vertex 6.1482932673e-01 -4.4448303877e-02 5.3293850390e-02
     vertex 6.0403251857e-01 -4.5120003849e-02 5.2749918478e-02
   endloop
 endfacet
 facet normal  7.9795857340e-02 -7.7040888594e-01 -6.3253677333e-01
   outer loop
     vertex 5.9526715045e-01 -3.0562443243e-02 3.3913520951e-02
     vertex 6.0710835265e-01 -2.9825768564e-02 3.4510068343e-02
     vertex 6.1482932673e-01 -4.4448303877e-02 5.3293850390e-02
   endloop
 endfacet
 facet normal  9.9696139329e-02 -7.6487929811e-01 -6.3641208279e-01
   outer loop
     vertex 6.0710835265e-01 -2.9825768564e-02 3.4510068343e-02
     vertex 6.2476815157e-01 -4.3674335059e-02 5.3920597981e-02
     vertex 6.1482932673e-01 -4.4448303877e-02 5.3293850390e-02
   endloop
 endfacet
 facet normal  9.9696139329e-02 -7.6487929811e-01 -6.3641208279e-01
   outer loop
     vertex 6.0710835265e-01 -2.9825768564e-02 3.4510068343e-02
     vertex 6.1800857730e-01 -2.8976932396e-02 3.5197442319e-02
     vertex 6.2476815157e-01 -4.3674335059e-02 5.3920597981e-02
   endloop
 endfacet
 facet normal  1.1407815147e-01 -7.6104251498e-01 -6.3859256632e-01
   outer loop
     vertex 6.1800857730e-01 -2.8976932396e-02 3.5197442319e-02
     vertex 6.3325867746e-01 -4.2916542585e-02 5.4534246227e-02
     vertex 6.2476815157e-01 -4.3674335059e-02 5.3920597981e-02
   endloop
 endfacet
 facet normal  1.1407815147e-01 -7.6104251498e-01 -6.3859256632e-01
   outer loop
     vertex 6.1800857730e-01 -2.8976932396e-02 3.5197442319e-02
     vertex 6.2732040652e-01 -2.8145837338e-02 3.5870449827e-02
     vertex 6.3325867746e-01 -4.2916542585e-02 5.4534246227e-02
   endloop
 endfacet
 facet normal  1.2487441335e-01 -7.5828825665e-01 -6.3984787310e-01
   outer loop
     vertex 6.2732040652e-01 -2.8145837338e-02 3.5870449827e-02
     vertex 6.4006082782e-01 -4.2251079823e-02 5.5073127347e-02
     vertex 6.3325867746e-01 -4.2916542585e-02 5.4534246227e-02
   endloop
 endfacet
 facet normal  1.2487441335e-01 -7.5828825665e-01 -6.3984787310e-01
   outer loop
     vertex 6.2732040652e-01 -2.8145837338e-02 3.5870449827e-02
     vertex 6.3478054073e-01 -2.7416003205e-02 3.6461457855e-02
     vertex 6.4006082782e-01 -4.2251079823e-02 5.5073127347e-02
   endloop
 endfacet
 facet normal  1.3312777430e-01 -7.5626567838e-01 -6.4057725483e-01
   outer loop
     vertex 6.3478054073e-01 -2.7416003205e-02 3.6461457855e-02
     vertex 6.4523521235e-01 -4.1710799788e-02 5.5510637492e-02
     vertex 6.4006082782e-01 -4.2251079823e-02 5.5073127347e-02
   endloop
 endfacet
 facet normal  1.3312777430e-01 -7.5626567838e-01 -6.4057725483e-01
   outer loop
     vertex 6.3478054073e-01 -2.7416003205e-02 3.6461457855e-02
     vertex 6.4045545247e-01 -2.6823460943e-02 3.6941289118e-02
     vertex 6.4523521235e-01 -4.1710799788e-02 5.5510637492e-02
   endloop
 endfacet
 facet normal  1.3946588162e-01 -7.5476142245e-01 -6.4100270128e-01
   outer loop
     vertex 6.4045545247e-01 -2.6823460943e-02 3.6941289118e-02
     vertex 6.4901827985e-01 -4.1296610532e-02 5.5846041339e-02
     vertex 6.4523521235e-01 -4.1710799788e-02 5.5510637492e-02
   endloop
 endfacet
 facet normal  1.3946588162e-01 -7.5476142245e-01 -6.4100270128e-01
   outer loop
     vertex 6.4045545247e-01 -2.6823460943e-02 3.6941289118e-02
     vertex 6.4460446266e-01 -2.6369206439e-02 3.7309137161e-02
     vertex 6.4901827985e-01 -4.1296610532e-02 5.5846041339e-02
   endloop
 endfacet
 facet normal  1.4422482734e-01 -7.5365828882e-01 -6.4124752075e-01
   outer loop
     vertex 6.4460446266e-01 -2.6369206439e-02 3.7309137161e-02
     vertex 6.5170470791e-01 -4.0992234381e-02 5.6092520286e-02
     vertex 6.4901827985e-01 -4.1296610532e-02 5.5846041339e-02
   endloop
 endfacet
 facet normal  1.4422482734e-01 -7.5365828882e-01 -6.4124752075e-01
   outer loop
     vertex 6.4460446266e-01 -2.6369206439e-02 3.7309137161e-02
     vertex 6.4755075358e-01 -2.6035387454e-02 3.7579458446e-02
     vertex 6.5170470791e-01 -4.0992234381e-02 5.6092520286e-02
   endloop
 endfacet
 facet normal  1.4766726133e-01 -7.5287350216e-01 -6.4138589762e-01
   outer loop
     vertex 6.4755075358e-01 -2.6035387454e-02 3.7579458446e-02
     vertex 6.5357321079e-01 -4.0775362646e-02 5.6268139554e-02
     vertex 6.5170470791e-01 -4.0992234381e-02 5.6092520286e-02
   endloop
 endfacet
 facet normal  1.4766726133e-01 -7.5287350216e-01 -6.4138589762e-01
   outer loop
     vertex 6.4755075358e-01 -2.6035387454e-02 3.7579458446e-02
     vertex 6.4960000000e-01 -2.5797537339e-02 3.7772065671e-02
     vertex 6.5357321079e-01 -4.0775362646e-02 5.6268139554e-02
   endloop
 endfacet
 facet normal  1.4766726133e-01 7.8390127971e-01 6.0306978336e-01
   outer loop
     vertex 6.5357321079e-01 -4.0775362646e-02 5.6268139554e-02
     vertex 6.5170470791e-01 -4.0558490912e-02 5.6443758821e-02
     vertex 6.5754642158e-01 -5.5753187953e-02 7.4764213436e-02
   endloop
 endfacet
 facet normal  1.4766726133e-01 7.8390127971e-01 6.0306978336e-01
   outer loop
     vertex 6.5754642158e-01 -5.5753187953e-02 7.4764213436e-02
     vertex 6.5170470791e-01 -4.0558490912e-02 5.6443758821e-02
     vertex 6.5585866223e-01 -5.5557294599e-02 7.4922844747e-02
   endloop
 endfacet
 facet normal  1.4422482734e-01 7.8392909303e-01 6.0386619071e-01
   outer loop
     vertex 6.5170470791e-01 -4.0558490912e-02 5.6443758821e-02
     vertex 6.4901827985e-01 -4.0254114761e-02 5.6690237769e-02
     vertex 6.5585866223e-01 -5.5557294599e-02 7.4922844747e-02
   endloop
 endfacet
 facet normal  1.4422482734e-01 7.8392909303e-01 6.0386619071e-01
   outer loop
     vertex 6.5585866223e-01 -5.5557294599e-02 7.4922844747e-02
     vertex 6.4901827985e-01 -4.0254114761e-02 5.6690237769e-02
     vertex 6.5343209703e-01 -5.5282361282e-02 7.5145481357e-02
   endloop
 endfacet
 facet normal  1.3946588162e-01 7.8391897783e-01 6.0499611905e-01
   outer loop
     vertex 6.4901827985e-01 -4.0254114761e-02 5.6690237769e-02
     vertex 6.4523521235e-01 -3.9839925505e-02 5.7025641615e-02
     vertex 6.5343209703e-01 -5.5282361282e-02 7.5145481357e-02
   endloop
 endfacet
 facet normal  1.3946588162e-01 7.8391897783e-01 6.0499611905e-01
   outer loop
     vertex 6.5343209703e-01 -5.5282361282e-02 7.5145481357e-02
     vertex 6.4523521235e-01 -3.9839925505e-02 5.7025641615e-02
     vertex 6.5001497223e-01 -5.4908237274e-02 7.5448441006e-02
   endloop
 endfacet
 facet normal  1.3312777430e-01 7.8381558080e-01 6.0655595867e-01
   outer loop
     vertex 6.4523521235e-01 -3.9839925505e-02 5.7025641615e-02
     vertex 6.4006082782e-01 -3.9299645470e-02 5.7463151761e-02
     vertex 6.5001497223e-01 -5.4908237274e-02 7.5448441006e-02
   endloop
 endfacet
 facet normal  1.3312777430e-01 7.8381558080e-01 6.0655595867e-01
   outer loop
     vertex 6.5001497223e-01 -5.4908237274e-02 7.5448441006e-02
     vertex 6.4006082782e-01 -3.9299645470e-02 5.7463151761e-02
     vertex 6.4534111492e-01 -5.4420219466e-02 7.5843630034e-02
   endloop
 endfacet
 facet normal  1.2487441335e-01 7.8352265548e-01 6.0868598575e-01
   outer loop
     vertex 6.4006082782e-01 -3.9299645470e-02 5.7463151761e-02
     vertex 6.3325867746e-01 -3.8634182707e-02 5.8002032881e-02
     vertex 6.4534111492e-01 -5.4420219466e-02 7.5843630034e-02
   endloop
 endfacet
 facet normal  1.2487441335e-01 7.8352265548e-01 6.0868598575e-01
   outer loop
     vertex 6.4534111492e-01 -5.4420219466e-02 7.5843630034e-02
     vertex 6.3325867746e-01 -3.8634182707e-02 5.8002032881e-02
     vertex 6.3919694839e-01 -5.3819128074e-02 7.6330384246e-02
   endloop
 endfacet
 facet normal  1.1407815147e-01 7.8286742266e-01 6.1164104987e-01
   outer loop
     vertex 6.3325867746e-01 -3.8634182707e-02 5.8002032881e-02
     vertex 6.2476815157e-01 -3.7876390233e-02 5.8615681126e-02
     vertex 6.3919694839e-01 -5.3819128074e-02 7.6330384246e-02
   endloop
 endfacet
 facet normal  1.1407815147e-01 7.8286742266e-01 6.1164104987e-01
   outer loop
     vertex 6.3919694839e-01 -5.3819128074e-02 7.6330384246e-02
     vertex 6.2476815157e-01 -3.7876390233e-02 5.8615681126e-02
     vertex 6.3152772584e-01 -5.3134638184e-02 7.6884673229e-02
   endloop
 endfacet
 facet normal  9.9696139329e-02 7.8153230000e-01 6.1584733811e-01
   outer loop
     vertex 6.2476815157e-01 -3.7876390233e-02 5.8615681126e-02
     vertex 6.1482932673e-01 -3.7102421416e-02 5.9242428717e-02
     vertex 6.3152772584e-01 -5.3134638184e-02 7.6884673229e-02
   endloop
 endfacet
 facet normal  9.9696139329e-02 7.8153230000e-01 6.1584733811e-01
   outer loop
     vertex 6.3152772584e-01 -5.3134638184e-02 7.6884673229e-02
     vertex 6.1482932673e-01 -3.7102421416e-02 5.9242428717e-02
     vertex 6.2255030082e-01 -5.2435536717e-02 7.7450794435e-02
   endloop
 endfacet
 facet normal  7.9795857340e-02 7.7889134130e-01 6.2206181332e-01
   outer loop
     vertex 6.1482932673e-01 -3.7102421416e-02 5.9242428717e-02
     vertex 6.0403251857e-01 -3.6430721444e-02 5.9786360629e-02
     vertex 6.2255030082e-01 -5.2435536717e-02 7.7450794435e-02
   endloop
 endfacet
 facet normal  7.9795857340e-02 7.7889134130e-01 6.2206181332e-01
   outer loop
     vertex 6.2255030082e-01 -5.2435536717e-02 7.7450794435e-02
     vertex 6.0403251857e-01 -3.6430721444e-02 5.9786360629e-02
     vertex 6.1279788669e-01 -5.1828811451e-02 7.7942110868e-02
   endloop
 endfacet
 facet normal  5.1801325468e-02 7.7382368082e-01 6.3127928342e-01
   outer loop
     vertex 6.0403251857e-01 -3.6430721444e-02 5.9786360629e-02
     vertex 6.0302760987e-01 -5.1434956192e-02 7.8261048568e-02
     vertex 6.1279788669e-01 -5.1828811451e-02 7.7942110868e-02
   endloop
 endfacet
 facet normal  5.1801325468e-02 7.7382368082e-01 6.3127928342e-01
   outer loop
     vertex 6.0403251857e-01 -3.6430721444e-02 5.9786360629e-02
     vertex 5.9321593479e-01 -3.5994687901e-02 6.0139453630e-02
     vertex 6.0302760987e-01 -5.1434956192e-02 7.8261048568e-02
   endloop
 endfacet
 facet normal  1.3250063935e-02 7.6463703770e-01 6.4432494627e-01
   outer loop
     vertex 5.9321593479e-01 -3.5994687901e-02 6.0139453630e-02
     vertex 5.9400661851e-01 -5.1342039050e-02 7.8336291386e-02
     vertex 6.0302760987e-01 -5.1434956192e-02 7.8261048568e-02
   endloop
 endfacet
 facet normal  1.3250063935e-02 7.6463703770e-01 6.4432494627e-01
   outer loop
     vertex 5.9321593479e-01 -3.5994687901e-02 6.0139453630e-02
     vertex 5.8322887805e-01 -3.5891820187e-02 6.0222754263e-02
     vertex 5.9400661851e-01 -5.1342039050e-02 7.8336291386e-02
   endloop
 endfacet
 facet normal  -3.7677757843e-02 7.4910484586e-01 6.6137910193e-01
   outer loop
     vertex 5.8322887805e-01 -3.5891820187e-02 6.0222754263e-02
     vertex 5.8629345595e-01 -5.1568254823e-02 7.8153105465e-02
     vertex 5.9400661851e-01 -5.1342039050e-02 7.8336291386e-02
   endloop
 endfacet
 facet normal  -3.7677757843e-02 7.4910484586e-01 6.6137910193e-01
   outer loop
     vertex 5.8322887805e-01 -3.5891820187e-02 6.0222754263e-02
     vertex 5.7468970659e-01 -3.6142261592e-02 6.0019950812e-02
     vertex 5.8629345595e-01 -5.1568254823e-02 7.8153105465e-02
   endloop
 endfacet
 facet normal  -1.0304018662e-01 7.2411072132e-01 6.8194309382e-01
   outer loop
     vertex 5.7468970659e-01 -3.6142261592e-02 6.0019950812e-02
     vertex 5.8013530101e-01 -5.2065409775e-02 7.7750517323e-02
     vertex 5.8629345595e-01 -5.1568254823e-02 7.8153105465e-02
   endloop
 endfacet
 facet normal  -1.0304018662e-01 7.2411072132e-01 6.8194309382e-01
   outer loop
     vertex 5.7468970659e-01 -3.6142261592e-02 6.0019950812e-02
     vertex 5.6787206978e-01 -3.6692657276e-02 5.9574249175e-02
     vertex 5.8013530101e-01 -5.2065409775e-02 7.7750517323e-02
   endloop
 endfacet
 facet normal  -1.8823316569e-01 6.8360390372e-01 7.0516237715e-01
   outer loop
     vertex 5.6787206978e-01 -3.6692657276e-02 5.9574249175e-02
     vertex 5.7550688179e-01 -5.2759813562e-02 7.7188200224e-02
     vertex 5.8013530101e-01 -5.2065409775e-02 7.7750517323e-02
   endloop
 endfacet
 facet normal  -1.8823316569e-01 6.8360390372e-01 7.0516237715e-01
   outer loop
     vertex 5.6787206978e-01 -3.6692657276e-02 5.9574249175e-02
     vertex 5.6274798935e-01 -3.7461425334e-02 5.8951713076e-02
     vertex 5.7550688179e-01 -5.2759813562e-02 7.7188200224e-02
   endloop
 endfacet
 facet normal  -3.0843420853e-01 6.1142938112e-01 7.2871287275e-01
   outer loop
     vertex 5.6274798935e-01 -3.7461425334e-02 5.8951713076e-02
     vertex 5.7223370572e-01 -5.3600042229e-02 7.6507796465e-02
     vertex 5.7550688179e-01 -5.2759813562e-02 7.7188200224e-02
   endloop
 endfacet
 facet normal  -3.0843420853e-01 6.1142938112e-01 7.2871287275e-01
   outer loop
     vertex 5.6274798935e-01 -3.7461425334e-02 5.8951713076e-02
     vertex 5.5912428616e-01 -3.8391634779e-02 5.8198444320e-02
     vertex 5.7223370572e-01 -5.3600042229e-02 7.6507796465e-02
   endloop
 endfacet
 facet normal  -5.0386497214e-01 4.5190923749e-01 7.3613730439e-01
   outer loop
     vertex 5.5912428616e-01 -3.8391634779e-02 5.8198444320e-02
     vertex 5.7015833243e-01 -5.4597834670e-02 7.5699800078e-02
     vertex 5.7223370572e-01 -5.3600042229e-02 7.6507796465e-02
   endloop
 endfacet
 facet normal  -5.0386497214e-01 4.5190923749e-01 7.3613730439e-01
   outer loop
     vertex 5.5912428616e-01 -3.8391634779e-02 5.8198444320e-02
     vertex 5.5682665945e-01 -3.9496281631e-02 5.7303918937e-02
     vertex 5.7015833243e-01 -5.4597834670e-02 7.5699800078e-02
   endloop
 endfacet
 facet normal  -7.9978678940e-01 2.4567560912e-02 5.9978123216e-01
   outer loop
     vertex 5.5682665945e-01 -3.9496281631e-02 5.7303918937e-02
     vertex 5.6942122158e-01 -5.5753187953e-02 7.4764213436e-02
     vertex 5.7015833243e-01 -5.4597834670e-02 7.5699800078e-02
   endloop
 endfacet
 facet normal  -7.9978678940e-01 2.4567560912e-02 5.9978123216e-01
   outer loop
     vertex 5.5682665945e-01 -3.9496281631e-02 5.7303918937e-02
     vertex 5.5601061079e-01 -4.0775362646e-02 5.6268139554e-02
     vertex 5.6942122158e-01 -5.5753187953e-02 7.4764213436e-02
   endloop
 endfacet
 facet normal  -7.9978678940e-01 -5.9178245633e-01 1.0067082934e-01
   outer loop
     vertex 5.5601061079e-01 -4.0775362646e-02 5.6268139554e-02
     vertex 5.5682665945e-01 -4.2054443661e-02 5.5232360171e-02
     vertex 5.6942122158e-01 -5.5753187953e-02 7.4764213436e-02
   endloop
 endfacet
 facet normal  -7.9978678940e-01 -5.9178245633e-01 1.0067082934e-01
   outer loop
     vertex 5.6942122158e-01 -5.5753187953e-02 7.4764213436e-02
     vertex 5.5682665945e-01 -4.2054443661e-02 5.5232360171e-02
     vertex 5.7015833243e-01 -5.6908541237e-02 7.3828626795e-02
   endloop
 endfacet
 facet normal  -5.0386497214e-01 -8.1400815177e-01 -2.8898238477e-01
   outer loop
     vertex 5.5682665945e-01 -4.2054443661e-02 5.5232360171e-02
     vertex 5.5912428616e-01 -4.3159090514e-02 5.4337834787e-02
     vertex 5.7015833243e-01 -5.6908541237e-02 7.3828626795e-02
   endloop
 endfacet
 facet normal  -5.0386497214e-01 -8.1400815177e-01 -2.8898238477e-01
   outer loop
     vertex 5.7015833243e-01 -5.6908541237e-02 7.3828626795e-02
     vertex 5.5912428616e-01 -4.3159090514e-02 5.4337834787e-02
     vertex 5.7223370572e-01 -5.7906333678e-02 7.3020630408e-02
   endloop
 endfacet
 facet normal  -3.0843420853e-01 -8.3991206455e-01 -4.4656025667e-01
   outer loop
     vertex 5.5912428616e-01 -4.3159090514e-02 5.4337834787e-02
     vertex 5.6274798935e-01 -4.4089299959e-02 5.3584566031e-02
     vertex 5.7223370572e-01 -5.7906333678e-02 7.3020630408e-02
   endloop
 endfacet
 facet normal  -3.0843420853e-01 -8.3991206455e-01 -4.4656025667e-01
   outer loop
     vertex 5.7223370572e-01 -5.7906333678e-02 7.3020630408e-02
     vertex 5.6274798935e-01 -4.4089299959e-02 5.3584566031e-02
     vertex 5.7550688179e-01 -5.8746562345e-02 7.2340226649e-02
   endloop
 endfacet
 facet normal  -1.8823316569e-01 -8.3188213081e-01 -5.2205401614e-01
   outer loop
     vertex 5.6274798935e-01 -4.4089299959e-02 5.3584566031e-02
     vertex 5.6787206978e-01 -4.4858068017e-02 5.2962029932e-02
     vertex 5.7550688179e-01 -5.8746562345e-02 7.2340226649e-02
   endloop
 endfacet
 facet normal  -1.8823316569e-01 -8.3188213081e-01 -5.2205401614e-01
   outer loop
     vertex 5.7550688179e-01 -5.8746562345e-02 7.2340226649e-02
     vertex 5.6787206978e-01 -4.4858068017e-02 5.2962029932e-02
     vertex 5.8013530101e-01 -5.9440966132e-02 7.1777909549e-02
   endloop
 endfacet
 facet normal  -1.0304018662e-01 -8.1759208547e-01 -5.6650322305e-01
   outer loop
     vertex 5.6787206978e-01 -4.4858068017e-02 5.2962029932e-02
     vertex 5.7468970659e-01 -4.5408463701e-02 5.2516328296e-02
     vertex 5.8013530101e-01 -5.9440966132e-02 7.1777909549e-02
   endloop
 endfacet
 facet normal  -1.0304018662e-01 -8.1759208547e-01 -5.6650322305e-01
   outer loop
     vertex 5.8013530101e-01 -5.9440966132e-02 7.1777909549e-02
     vertex 5.7468970659e-01 -4.5408463701e-02 5.2516328296e-02
     vertex 5.8629345595e-01 -5.9938121084e-02 7.1375321407e-02
   endloop
 endfacet
 facet normal  -3.7677757843e-02 -8.0267403683e-01 -5.9522666032e-01
   outer loop
     vertex 5.7468970659e-01 -4.5408463701e-02 5.2516328296e-02
     vertex 5.8322887805e-01 -4.5658905106e-02 5.2313524844e-02
     vertex 5.8629345595e-01 -5.9938121084e-02 7.1375321407e-02
   endloop
 endfacet
 facet normal  -3.7677757843e-02 -8.0267403683e-01 -5.9522666032e-01
   outer loop
     vertex 5.8629345595e-01 -5.9938121084e-02 7.1375321407e-02
     vertex 5.8322887805e-01 -4.5658905106e-02 5.2313524844e-02
     vertex 5.9400661851e-01 -6.0164336856e-02 7.1192135487e-02
   endloop
 endfacet
 facet normal  1.3250063935e-02 -7.8922187966e-01 -6.1396519484e-01
   outer loop
     vertex 5.8322887805e-01 -4.5658905106e-02 5.2313524844e-02
     vertex 5.9321593479e-01 -4.5556037391e-02 5.2396825477e-02
     vertex 5.9400661851e-01 -6.0164336856e-02 7.1192135487e-02
   endloop
 endfacet
 facet normal  1.3250063935e-02 -7.8922187966e-01 -6.1396519484e-01
   outer loop
     vertex 5.9400661851e-01 -6.0164336856e-02 7.1192135487e-02
     vertex 5.9321593479e-01 -4.5556037391e-02 5.2396825477e-02
     vertex 6.0302760987e-01 -6.0071419715e-02 7.1267378304e-02
   endloop
 endfacet
 facet normal  5.1801325468e-02 -7.7837130635e-01 -6.2566343359e-01
   outer loop
     vertex 5.9321593479e-01 -4.5556037391e-02 5.2396825477e-02
     vertex 6.0403251857e-01 -4.5120003849e-02 5.2749918478e-02
     vertex 6.0302760987e-01 -6.0071419715e-02 7.1267378304e-02
   endloop
 endfacet
 facet normal  5.1801325468e-02 -7.7837130635e-01 -6.2566343359e-01
   outer loop
     vertex 6.0302760987e-01 -6.0071419715e-02 7.1267378304e-02
     vertex 6.0403251857e-01 -4.5120003849e-02 5.2749918478e-02
     vertex 6.1279788669e-01 -5.9677564455e-02 7.1586316005e-02
   endloop
 endfacet
 facet normal  7.9795857340e-02 -7.7040888594e-01 -6.3253677333e-01
   outer loop
     vertex 6.0403251857e-01 -4.5120003849e-02 5.2749918478e-02
     vertex 6.2255030082e-01 -5.9070839190e-02 7.2077632437e-02
     vertex 6.1279788669e-01 -5.9677564455e-02 7.1586316005e-02
   endloop
 endfacet
 facet normal  7.9795857340e-02 -7.7040888594e-01 -6.3253677333e-01
   outer loop
     vertex 6.0403251857e-01 -4.5120003849e-02 5.2749918478e-02
     vertex 6.1482932673e-01 -4.4448303877e-02 5.3293850390e-02
     vertex 6.2255030082e-01 -5.9070839190e-02 7.2077632437e-02
   endloop
 endfacet
 facet normal  9.9696139329e-02 -7.6487929811e-01 -6.3641208279e-01
   outer loop
     vertex 6.1482932673e-01 -4.4448303877e-02 5.3293850390e-02
     vertex 6.3152772584e-01 -5.8371737722e-02 7.2643753643e-02
     vertex 6.2255030082e-01 -5.9070839190e-02 7.2077632437e-02
   endloop
 endfacet
 facet normal  9.9696139329e-02 -7.6487929811e-01 -6.3641208279e-01
   outer loop
     vertex 6.1482932673e-01 -4.4448303877e-02 5.3293850390e-02
     vertex 6.2476815157e-01 -4.3674335059e-02 5.3920597981e-02
     vertex 6.3152772584e-01 -5.8371737722e-02 7.2643753643e-02
   endloop
 endfacet
 facet normal  1.1407815147e-01 -7.6104251498e-01 -6.3859256632e-01
   outer loop
     vertex 6.2476815157e-01 -4.3674335059e-02 5.3920597981e-02
     vertex 6.3919694839e-01 -5.7687247833e-02 7.3198042627e-02
     vertex 6.3152772584e-01 -5.8371737722e-02 7.2643753643e-02
   endloop
 endfacet
 facet normal  1.1407815147e-01 -7.6104251498e-01 -6.3859256632e-01
   outer loop
     vertex 6.2476815157e-01 -4.3674335059e-02 5.3920597981e-02
     vertex 6.3325867746e-01 -4.2916542585e-02 5.4534246227e-02
     vertex 6.3919694839e-01 -5.7687247833e-02 7.3198042627e-02
   endloop
 endfacet
 facet normal  1.2487441335e-01 -7.5828825665e-01 -6.3984787310e-01
   outer loop
     vertex 6.3325867746e-01 -4.2916542585e-02 5.4534246227e-02
     vertex 6.4534111492e-01 -5.7086156440e-02 7.3684796839e-02
     vertex 6.3919694839e-01 -5.7687247833e-02 7.3198042627e-02
   endloop
 endfacet
 facet normal  1.2487441335e-01 -7.5828825665e-01 -6.3984787310e-01
   outer loop
     vertex 6.3325867746e-01 -4.2916542585e-02 5.4534246227e-02
     vertex 6.4006082782e-01 -4.2251079823e-02 5.5073127347e-02
     vertex 6.4534111492e-01 -5.7086156440e-02 7.3684796839e-02
   endloop
 endfacet
 facet normal  1.3312777430e-01 -7.5626567838e-01 -6.4057725483e-01
   outer loop
     vertex 6.4006082782e-01 -4.2251079823e-02 5.5073127347e-02
     vertex 6.5001497223e-01 -5.6598138633e-02 7.4079985867e-02
     vertex 6.4534111492e-01 -5.7086156440e-02 7.3684796839e-02
   endloop
 endfacet
 facet normal  1.3312777430e-01 -7.5626567838e-01 -6.4057725483e-01
   outer loop
     vertex 6.4006082782e-01 -4.2251079823e-02 5.5073127347e-02
     vertex 6.4523521235e-01 -4.1710799788e-02 5.5510637492e-02
     vertex 6.5001497223e-01 -5.6598138633e-02 7.4079985867e-02
   endloop
 endfacet
 facet normal  1.3946588162e-01 -7.5476142245e-01 -6.4100270128e-01
   outer loop
     vertex 6.4523521235e-01 -4.1710799788e-02 5.5510637492e-02
     vertex 6.5343209703e-01 -5.6224014624e-02 7.4382945516e-02
     vertex 6.5001497223e-01 -5.6598138633e-02 7.4079985867e-02
   endloop
 endfacet
 facet normal  1.3946588162e-01 -7.5476142245e-01 -6.4100270128e-01
   outer loop
     vertex 6.4523521235e-01 -4.1710799788e-02 5.5510637492e-02
     vertex 6.4901827985e-01 -4.1296610532e-02 5.5846041339e-02
     vertex 6.5343209703e-01 -5.6224014624e-02 7.4382945516e-02
   endloop
 endfacet
 facet normal  1.4422482734e-01 -7.5365828882e-01 -6.4124752075e-01
   outer loop
     vertex 6.4901827985e-01 -4.1296610532e-02 5.5846041339e-02
     vertex 6.5585866223e-01 -5.5949081307e-02 7.4605582126e-02
     vertex 6.5343209703e-01 -5.6224014624e-02 7.4382945516e-02
   endloop
 endfacet
 facet normal  1.4422482734e-01 -7.5365828882e-01 -6.4124752075e-01
   outer loop
     vertex 6.4901827985e-01 -4.1296610532e-02 5.5846041339e-02
     vertex 6.5170470791e-01 -4.0992234381e-02 5.6092520286e-02
     vertex 6.5585866223e-01 -5.5949081307e-02 7.4605582126e-02
   endloop
 endfacet
 facet normal  1.4766726133e-01 -7.5287350216e-01 -6.4138589762e-01
   outer loop
     vertex 6.5170470791e-01 -4.0992234381e-02 5.6092520286e-02
     vertex 6.5754642158e-01 -5.5753187953e-02 7.4764213436e-02
     vertex 6.5585866223e-01 -5.5949081307e-02 7.4605582126e-02
   endloop
 endfacet
 facet normal  1.4766726133e-01 -7.5287350216e-01 -6.4138589762e-01
   outer loop
     vertex 6.5170470791e-01 -4.0992234381e-02 5.6092520286e-02
     vertex 6.5357321079e-01 -4.0775362646e-02 5.6268139554e-02
     vertex 6.5754642158e-01 -5.5753187953e-02 7.4764213436e-02
   endloop
 endfacet
 facet normal  1.4766726133e-01 7.8390127971e-01 6.0306978336e-01
   outer loop
     vertex 6.5754642158e-01 -5.5753187953e-02 7.4764213436e-02
     vertex 6.5585866223e-01 -5.5557294599e-02 7.4922844747e-02
     vertex 6.6151963237e-01 -7.0731013260e-02 9.3260287319e-02
   endloop
 endfacet
 facet normal  1.4766726133e-01 7.8390127971e-01 6.0306978336e-01
   outer loop
     vertex 6.6151963237e-01 -7.0731013260e-02 9.3260287319e-02
     vertex 6.5585866223e-01 -5.5557294599e-02 7.4922844747e-02
     vertex 6.6001261656e-01 -7.0556098286e-02 9.3401930672e-02
   endloop
 endfacet
 facet normal  1.4422482734e-01 7.8392909303e-01 6.0386619071e-01
   outer loop
     vertex 6.5585866223e-01 -5.5557294599e-02 7.4922844747e-02
     vertex 6.5343209703e-01 -5.5282361282e-02 7.5145481357e-02
     vertex 6.6001261656e-01 -7.0556098286e-02 9.3401930672e-02
   endloop
 endfacet
 facet normal  1.4422482734e-01 7.8392909303e-01 6.0386619071e-01
   outer loop
     vertex 6.6001261656e-01 -7.0556098286e-02 9.3401930672e-02
     vertex 6.5343209703e-01 -5.5282361282e-02 7.5145481357e-02
     vertex 6.5784591421e-01 -7.0310607804e-02 9.3600724945e-02
   endloop
 endfacet
 facet normal  1.3946588162e-01 7.8391897783e-01 6.0499611905e-01
   outer loop
     vertex 6.5343209703e-01 -5.5282361282e-02 7.5145481357e-02
     vertex 6.5001497223e-01 -5.4908237274e-02 7.5448441006e-02
     vertex 6.5784591421e-01 -7.0310607804e-02 9.3600724945e-02
   endloop
 endfacet
 facet normal  1.3946588162e-01 7.8391897783e-01 6.0499611905e-01
   outer loop
     vertex 6.5784591421e-01 -7.0310607804e-02 9.3600724945e-02
     vertex 6.5001497223e-01 -5.4908237274e-02 7.5448441006e-02
     vertex 6.5479473211e-01 -6.9976549042e-02 9.3871240396e-02
   endloop
 endfacet
 facet normal  1.3312777430e-01 7.8381558080e-01 6.0655595867e-01
   outer loop
     vertex 6.5001497223e-01 -5.4908237274e-02 7.5448441006e-02
     vertex 6.4534111492e-01 -5.4420219466e-02 7.5843630034e-02
     vertex 6.5479473211e-01 -6.9976549042e-02 9.3871240396e-02
   endloop
 endfacet
 facet normal  1.3312777430e-01 7.8381558080e-01 6.0655595867e-01
   outer loop
     vertex 6.5479473211e-01 -6.9976549042e-02 9.3871240396e-02
     vertex 6.4534111492e-01 -5.4420219466e-02 7.5843630034e-02
     vertex 6.5062140202e-01 -6.9540793463e-02 9.4224108307e-02
   endloop
 endfacet
 facet normal  1.2487441335e-01 7.8352265548e-01 6.0868598575e-01
   outer loop
     vertex 6.4534111492e-01 -5.4420219466e-02 7.5843630034e-02
     vertex 6.3919694839e-01 -5.3819128074e-02 7.6330384246e-02
     vertex 6.5062140202e-01 -6.9540793463e-02 9.4224108307e-02
   endloop
 endfacet
 facet normal  1.2487441335e-01 7.8352265548e-01 6.0868598575e-01
   outer loop
     vertex 6.5062140202e-01 -6.9540793463e-02 9.4224108307e-02
     vertex 6.3919694839e-01 -5.3819128074e-02 7.6330384246e-02
     vertex 6.4513521933e-01 -6.9004073441e-02 9.4658735611e-02
   endloop
 endfacet
 facet normal  1.1407815147e-01 7.8286742266e-01 6.1164104987e-01
   outer loop
     vertex 6.3919694839e-01 -5.3819128074e-02 7.6330384246e-02
     vertex 6.3152772584e-01 -5.3134638184e-02 7.6884673229e-02
     vertex 6.4513521933e-01 -6.9004073441e-02 9.4658735611e-02
   endloop
 endfacet
 facet normal  1.1407815147e-01 7.8286742266e-01 6.1164104987e-01
   outer loop
     vertex 6.4513521933e-01 -6.9004073441e-02 9.4658735611e-02
     vertex 6.3152772584e-01 -5.3134638184e-02 7.6884673229e-02
     vertex 6.3828730012e-01 -6.8392886135e-02 9.5153665332e-02
   endloop
 endfacet
 facet normal  9.9696139329e-02 7.8153230000e-01 6.1584733811e-01
   outer loop
     vertex 6.3152772584e-01 -5.3134638184e-02 7.6884673229e-02
     vertex 6.2255030082e-01 -5.2435536717e-02 7.7450794435e-02
     vertex 6.3828730012e-01 -6.8392886135e-02 9.5153665332e-02
   endloop
 endfacet
 facet normal  9.9696139329e-02 7.8153230000e-01 6.1584733811e-01
   outer loop
     vertex 6.3828730012e-01 -6.8392886135e-02 9.5153665332e-02
     vertex 6.2255030082e-01 -5.2435536717e-02 7.7450794435e-02
     vertex 6.3027127491e-01 -6.7768652018e-02 9.5659160154e-02
   endloop
 endfacet
 facet normal  7.9795857340e-02 7.7889134130e-01 6.2206181332e-01
   outer loop
     vertex 6.2255030082e-01 -5.2435536717e-02 7.7450794435e-02
     vertex 6.1279788669e-01 -5.1828811451e-02 7.7942110868e-02
     vertex 6.3027127491e-01 -6.7768652018e-02 9.5659160154e-02
   endloop
 endfacet
 facet normal  7.9795857340e-02 7.7889134130e-01 6.2206181332e-01
   outer loop
     vertex 6.3027127491e-01 -6.7768652018e-02 9.5659160154e-02
     vertex 6.1279788669e-01 -5.1828811451e-02 7.7942110868e-02
     vertex 6.2156325481e-01 -6.7226901459e-02 9.6097861106e-02
   endloop
 endfacet
 facet normal  5.1801325468e-02 7.7382368082e-01 6.3127928342e-01
   outer loop
     vertex 6.1279788669e-01 -5.1828811451e-02 7.7942110868e-02
     vertex 6.1283928496e-01 -6.6875224483e-02 9.6382643506e-02
     vertex 6.2156325481e-01 -6.7226901459e-02 9.6097861106e-02
   endloop
 endfacet
 facet normal  5.1801325468e-02 7.7382368082e-01 6.3127928342e-01
   outer loop
     vertex 6.1279788669e-01 -5.1828811451e-02 7.7942110868e-02
     vertex 6.0302760987e-01 -5.1434956192e-02 7.8261048568e-02
     vertex 6.1283928496e-01 -6.6875224483e-02 9.6382643506e-02
   endloop
 endfacet
 facet normal  1.3250063935e-02 7.6463703770e-01 6.4432494627e-01
   outer loop
     vertex 6.0302760987e-01 -5.1434956192e-02 7.8261048568e-02
     vertex 6.0478435896e-01 -6.6792257914e-02 9.6449828509e-02
     vertex 6.1283928496e-01 -6.6875224483e-02 9.6382643506e-02
   endloop
 endfacet
 facet normal  1.3250063935e-02 7.6463703770e-01 6.4432494627e-01
   outer loop
     vertex 6.0302760987e-01 -5.1434956192e-02 7.8261048568e-02
     vertex 5.9400661851e-01 -5.1342039050e-02 7.8336291386e-02
     vertex 6.0478435896e-01 -6.6792257914e-02 9.6449828509e-02
   endloop
 endfacet
 facet normal  -3.7677757843e-02 7.4910484586e-01 6.6137910193e-01
   outer loop
     vertex 5.9400661851e-01 -5.1342039050e-02 7.8336291386e-02
     vertex 5.9789720531e-01 -6.6994248054e-02 9.6286260119e-02
     vertex 6.0478435896e-01 -6.6792257914e-02 9.6449828509e-02
   endloop
 endfacet
 facet normal  -3.7677757843e-02 7.4910484586e-01 6.6137910193e-01
   outer loop
     vertex 5.9400661851e-01 -5.1342039050e-02 7.8336291386e-02
     vertex 5.8629345595e-01 -5.1568254823e-02 7.8153105465e-02
     vertex 5.9789720531e-01 -6.6994248054e-02 9.6286260119e-02
   endloop
 endfacet
 facet normal  -1.0304018662e-01 7.2411072132e-01 6.8194309382e-01
   outer loop
     vertex 5.8629345595e-01 -5.1568254823e-02 7.8153105465e-02
     vertex 5.9239853224e-01 -6.7438162274e-02 9.5926785471e-02
     vertex 5.9789720531e-01 -6.6994248054e-02 9.6286260119e-02
   endloop
 endfacet
 facet normal  -1.0304018662e-01 7.2411072132e-01 6.8194309382e-01
   outer loop
     vertex 5.8629345595e-01 -5.1568254823e-02 7.8153105465e-02
     vertex 5.8013530101e-01 -5.2065409775e-02 7.7750517323e-02
     vertex 5.9239853224e-01 -6.7438162274e-02 9.5926785471e-02
   endloop
 endfacet
 facet normal  -1.8823316569e-01 6.8360390372e-01 7.0516237715e-01
   outer loop
     vertex 5.8013530101e-01 -5.2065409775e-02 7.7750517323e-02
     vertex 5.8826577424e-01 -6.8058201789e-02 9.5424687372e-02
     vertex 5.9239853224e-01 -6.7438162274e-02 9.5926785471e-02
   endloop
 endfacet
 facet normal  -1.8823316569e-01 6.8360390372e-01 7.0516237715e-01
   outer loop
     vertex 5.8013530101e-01 -5.2065409775e-02 7.7750517323e-02
     vertex 5.7550688179e-01 -5.2759813562e-02 7.7188200224e-02
     vertex 5.8826577424e-01 -6.8058201789e-02 9.5424687372e-02
   endloop
 endfacet
 facet normal  -3.0843420853e-01 6.1142938112e-01 7.2871287275e-01
   outer loop
     vertex 5.7550688179e-01 -5.2759813562e-02 7.7188200224e-02
     vertex 5.8534312527e-01 -6.8808449679e-02 9.4817148610e-02
     vertex 5.8826577424e-01 -6.8058201789e-02 9.5424687372e-02
   endloop
 endfacet
 facet normal  -3.0843420853e-01 6.1142938112e-01 7.2871287275e-01
   outer loop
     vertex 5.7550688179e-01 -5.2759813562e-02 7.7188200224e-02
     vertex 5.7223370572e-01 -5.3600042229e-02 7.6507796465e-02
     vertex 5.8534312527e-01 -6.8808449679e-02 9.4817148610e-02
   endloop
 endfacet
 facet normal  -5.0386497214e-01 4.5190923749e-01 7.3613730439e-01
   outer loop
     vertex 5.7223370572e-01 -5.3600042229e-02 7.6507796465e-02
     vertex 5.8349000542e-01 -6.9699387708e-02 9.4095681219e-02
     vertex 5.8534312527e-01 -6.8808449679e-02 9.4817148610e-02
   endloop
 endfacet
 facet normal  -5.0386497214e-01 4.5190923749e-01 7.3613730439e-01
   outer loop
     vertex 5.7223370572e-01 -5.3600042229e-02 7.6507796465e-02
     vertex 5.7015833243e-01 -5.4597834670e-02 7.5699800078e-02
     vertex 5.8349000542e-01 -6.9699387708e-02 9.4095681219e-02
   endloop
 endfacet
 facet normal  -7.9978678940e-01 2.4567560912e-02 5.9978123216e-01
   outer loop
     vertex 5.7015833243e-01 -5.4597834670e-02 7.5699800078e-02
     vertex 5.8283183237e-01 -7.0731013260e-02 9.3260287319e-02
     vertex 5.8349000542e-01 -6.9699387708e-02 9.4095681219e-02
   endloop
 endfacet
 facet normal  -7.9978678940e-01 2.4567560912e-02 5.9978123216e-01
   outer loop
     vertex 5.7015833243e-01 -5.4597834670e-02 7.5699800078e-02
     vertex 5.6942122158e-01 -5.5753187953e-02 7.4764213436e-02
     vertex 5.8283183237e-01 -7.0731013260e-02 9.3260287319e-02
   endloop
 endfacet
 facet normal  -7.9978678940e-01 -5.9178245633e-01 1.0067082934e-01
   outer loop
     vertex 5.6942122158e-01 -5.5753187953e-02 7.4764213436e-02
     vertex 5.7015833243e-01 -5.6908541237e-02 7.3828626795e-02
     vertex 5.8283183237e-01 -7.0731013260e-02 9.3260287319e-02
   endloop
 endfacet
 facet normal  -7.9978678940e-01 -5.9178245633e-01 1.0067082934e-01
   outer loop
     vertex 5.8283183237e-01 -7.0731013260e-02 9.3260287319e-02
     vertex 5.7015833243e-01 -5.6908541237e-02 7.3828626795e-02
     vertex 5.8349000542e-01 -7.1762638812e-02 9.2424893419e-02
   endloop
 endfacet
 facet normal  -5.0386497214e-01 -8.1400815177e-01 -2.8898238477e-01
   outer loop
     vertex 5.7015833243e-01 -5.6908541237e-02 7.3828626795e-02
     vertex 5.7223370572e-01 -5.7906333678e-02 7.3020630408e-02
     vertex 5.8349000542e-01 -7.1762638812e-02 9.2424893419e-02
   endloop
 endfacet
 facet normal  -5.0386497214e-01 -8.1400815177e-01 -2.8898238477e-01
   outer loop
     vertex 5.8349000542e-01 -7.1762638812e-02 9.2424893419e-02
     vertex 5.7223370572e-01 -5.7906333678e-02 7.3020630408e-02
     vertex 5.8534312527e-01 -7.2653576842e-02 9.1703426028e-02
   endloop
 endfacet
 facet normal  -3.0843420853e-01 -8.3991206455e-01 -4.4656025667e-01
   outer loop
     vertex 5.7223370572e-01 -5.7906333678e-02 7.3020630408e-02
     vertex 5.7550688179e-01 -5.8746562345e-02 7.2340226649e-02
     vertex 5.8534312527e-01 -7.2653576842e-02 9.1703426028e-02
   endloop
 endfacet
 facet normal  -3.0843420853e-01 -8.3991206455e-01 -4.4656025667e-01
   outer loop
     vertex 5.8534312527e-01 -7.2653576842e-02 9.1703426028e-02
     vertex 5.7550688179e-01 -5.8746562345e-02 7.2340226649e-02
     vertex 5.8826577424e-01 -7.3403824731e-02 9.1095887266e-02
   endloop
 endfacet
 facet normal  -1.8823316569e-01 -8.3188213081e-01 -5.2205401614e-01
   outer loop
     vertex 5.7550688179e-01 -5.8746562345e-02 7.2340226649e-02
     vertex 5.8013530101e-01 -5.9440966132e-02 7.1777909549e-02
     vertex 5.8826577424e-01 -7.3403824731e-02 9.1095887266e-02
   endloop
 endfacet
 facet normal  -1.8823316569e-01 -8.3188213081e-01 -5.2205401614e-01
   outer loop
     vertex 5.8826577424e-01 -7.3403824731e-02 9.1095887266e-02
     vertex 5.8013530101e-01 -5.9440966132e-02 7.1777909549e-02
     vertex 5.9239853224e-01 -7.4023864247e-02 9.0593789167e-02
   endloop
 endfacet
 facet normal  -1.0304018662e-01 -8.1759208547e-01 -5.6650322305e-01
   outer loop
     vertex 5.8013530101e-01 -5.9440966132e-02 7.1777909549e-02
     vertex 5.8629345595e-01 -5.9938121084e-02 7.1375321407e-02
     vertex 5.9239853224e-01 -7.4023864247e-02 9.0593789167e-02
   endloop
 endfacet
 facet normal  -1.0304018662e-01 -8.1759208547e-01 -5.6650322305e-01
   outer loop
     vertex 5.9239853224e-01 -7.4023864247e-02 9.0593789167e-02
     vertex 5.8629345595e-01 -5.9938121084e-02 7.1375321407e-02
     vertex 5.9789720531e-01 -7.4467778467e-02 9.0234314519e-02
   endloop
 endfacet
 facet normal  -3.7677757843e-02 -8.0267403683e-01 -5.9522666032e-01
   outer loop
     vertex 5.8629345595e-01 -5.9938121084e-02 7.1375321407e-02
     vertex 5.9400661851e-01 -6.0164336856e-02 7.1192135487e-02
     vertex 5.9789720531e-01 -7.4467778467e-02 9.0234314519e-02
   endloop
 endfacet
 facet normal  -3.7677757843e-02 -8.0267403683e-01 -5.9522666032e-01
   outer loop
     vertex 5.9789720531e-01 -7.4467778467e-02 9.0234314519e-02
     vertex 5.9400661851e-01 -6.0164336856e-02 7.1192135487e-02
     vertex 6.0478435896e-01 -7.4669768607e-02 9.0070746129e-02
   endloop
 endfacet
 facet normal  1.3250063935e-02 -7.8922187966e-01 -6.1396519484e-01
   outer loop
     vertex 5.9400661851e-01 -6.0164336856e-02 7.1192135487e-02
     vertex 6.0302760987e-01 -6.0071419715e-02 7.1267378304e-02
     vertex 6.0478435896e-01 -7.4669768607e-02 9.0070746129e-02
   endloop
 endfacet
 facet normal  1.3250063935e-02 -7.8922187966e-01 -6.1396519484e-01
   outer loop
     vertex 6.0478435896e-01 -7.4669768607e-02 9.0070746129e-02
     vertex 6.0302760987e-01 -6.0071419715e-02 7.1267378304e-02
     vertex 6.1283928496e-01 -7.4586802038e-02 9.0137931131e-02
   endloop
 endfacet
 facet normal  5.1801325468e-02 -7.7837130635e-01 -6.2566343359e-01
   outer loop
     vertex 6.0302760987e-01 -6.0071419715e-02 7.1267378304e-02
     vertex 6.1279788669e-01 -5.9677564455e-02 7.1586316005e-02
     vertex 6.1283928496e-01 -7.4586802038e-02 9.0137931131e-02
   endloop
 endfacet
 facet normal  5.1801325468e-02 -7.7837130635e-01 -6.2566343359e-01
   outer loop
     vertex 6.1283928496e-01 -7.4586802038e-02 9.0137931131e-02
     vertex 6.1279788669e-01 -5.9677564455e-02 7.1586316005e-02
     vertex 6.2156325481e-01 -7.4235125062e-02 9.0422713532e-02
   endloop
 endfacet
 facet normal  7.9795857340e-02 -7.7040888594e-01 -6.3253677333e-01
   outer loop
     vertex 6.1279788669e-01 -5.9677564455e-02 7.1586316005e-02
     vertex 6.3027127491e-01 -7.3693374503e-02 9.0861414484e-02
     vertex 6.2156325481e-01 -7.4235125062e-02 9.0422713532e-02
   endloop
 endfacet
 facet normal  7.9795857340e-02 -7.7040888594e-01 -6.3253677333e-01
   outer loop
     vertex 6.1279788669e-01 -5.9677564455e-02 7.1586316005e-02
     vertex 6.2255030082e-01 -5.9070839190e-02 7.2077632437e-02
     vertex 6.3027127491e-01 -7.3693374503e-02 9.0861414484e-02
   endloop
 endfacet
 facet normal  9.9696139329e-02 -7.6487929811e-01 -6.3641208279e-01
   outer loop
     vertex 6.2255030082e-01 -5.9070839190e-02 7.2077632437e-02
     vertex 6.3828730012e-01 -7.3069140385e-02 9.1366909306e-02
     vertex 6.3027127491e-01 -7.3693374503e-02 9.0861414484e-02
   endloop
 endfacet
 facet normal  9.9696139329e-02 -7.6487929811e-01 -6.3641208279e-01
   outer loop
     vertex 6.2255030082e-01 -5.9070839190e-02 7.2077632437e-02
     vertex 6.3152772584e-01 -5.8371737722e-02 7.2643753643e-02
     vertex 6.3828730012e-01 -7.3069140385e-02 9.1366909306e-02
   endloop
 endfacet
 facet normal  1.1407815147e-01 -7.6104251498e-01 -6.3859256632e-01
   outer loop
     vertex 6.3152772584e-01 -5.8371737722e-02 7.2643753643e-02
     vertex 6.4513521933e-01 -7.2457953080e-02 9.1861839027e-02
     vertex 6.3828730012e-01 -7.3069140385e-02 9.1366909306e-02
   endloop
 endfacet
 facet normal  1.1407815147e-01 -7.6104251498e-01 -6.3859256632e-01
   outer loop
     vertex 6.3152772584e-01 -5.8371737722e-02 7.2643753643e-02
     vertex 6.3919694839e-01 -5.7687247833e-02 7.3198042627e-02
     vertex 6.4513521933e-01 -7.2457953080e-02 9.1861839027e-02
   endloop
 endfacet
 facet normal  1.2487441335e-01 -7.5828825665e-01 -6.3984787310e-01
   outer loop
     vertex 6.3919694839e-01 -5.7687247833e-02 7.3198042627e-02
     vertex 6.5062140202e-01 -7.1921233058e-02 9.2296466331e-02
     vertex 6.4513521933e-01 -7.2457953080e-02 9.1861839027e-02
   endloop
 endfacet
 facet normal  1.2487441335e-01 -7.5828825665e-01 -6.3984787310e-01
   outer loop
     vertex 6.3919694839e-01 -5.7687247833e-02 7.3198042627e-02
     vertex 6.4534111492e-01 -5.7086156440e-02 7.3684796839e-02
     vertex 6.5062140202e-01 -7.1921233058e-02 9.2296466331e-02
   endloop
 endfacet
 facet normal  1.3312777430e-01 -7.5626567838e-01 -6.4057725483e-01
   outer loop
     vertex 6.4534111492e-01 -5.7086156440e-02 7.3684796839e-02
     vertex 6.5479473211e-01 -7.1485477478e-02 9.2649334242e-02
     vertex 6.5062140202e-01 -7.1921233058e-02 9.2296466331e-02
   endloop
 endfacet
 facet normal  1.3312777430e-01 -7.5626567838e-01 -6.4057725483e-01
   outer loop
     vertex 6.4534111492e-01 -5.7086156440e-02 7.3684796839e-02
     vertex 6.5001497223e-01 -5.6598138633e-02 7.4079985867e-02
     vertex 6.5479473211e-01 -7.1485477478e-02 9.2649334242e-02
   endloop
 endfacet
 facet normal  1.3946588162e-01 -7.5476142245e-01 -6.4100270128e-01
   outer loop
     vertex 6.5001497223e-01 -5.6598138633e-02 7.4079985867e-02
     vertex 6.5784591421e-01 -7.1151418717e-02 9.2919849693e-02
     vertex 6.5479473211e-01 -7.1485477478e-02 9.2649334242e-02
   endloop
 endfacet
 facet normal  1.3946588162e-01 -7.5476142245e-01 -6.4100270128e-01
   outer loop
     vertex 6.5001497223e-01 -5.6598138633e-02 7.4079985867e-02
     vertex 6.5343209703e-01 -5.6224014624e-02 7.4382945516e-02
     vertex 6.5784591421e-01 -7.1151418717e-02 9.2919849693e-02
   endloop
 endfacet
 facet normal  1.4422482734e-01 -7.5365828882e-01 -6.4124752075e-01
   outer loop
     vertex 6.5343209703e-01 -5.6224014624e-02 7.4382945516e-02
     vertex 6.6001261656e-01 -7.0905928234e-02 9.3118643966e-02
     vertex 6.5784591421e-01 -7.1151418717e-02 9.2919849693e-02
   endloop
 endfacet
 facet normal  1.4422482734e-01 -7.5365828882e-01 -6.4124752075e-01
   outer loop
     vertex 6.5343209703e-01 -5.6224014624e-02 7.4382945516e-02
     vertex 6.5585866223e-01 -5.5949081307e-02 7.4605582126e-02
     vertex 6.6001261656e-01 -7.0905928234e-02 9.3118643966e-02
   endloop
 endfacet
 facet normal  1.4766726133e-01 -7.5287350216e-01 -6.4138589762e-01
   outer loop
     vertex 6.5585866223e-01 -5.5949081307e-02 7.4605582126e-02
     vertex 6.6151963237e-01 -7.0731013260e-02 9.3260287319e-02
     vertex 6.6001261656e-01 -7.0905928234e-02 9.3118643966e-02
   endloop
 endfacet
 facet normal  1.4766726133e-01 -7.5287350216e-01 -6.4138589762e-01
   outer loop
     vertex 6.5585866223e-01 -5.5949081307e-02 7.4605582126e-02
     vertex 6.5754642158e-01 -5.5753187953e-02 7.4764213436e-02
     vertex 6.6151963237e-01 -7.0731013260e-02 9.3260287319e-02
   endloop
 endfacet
 facet normal  1.4766726133e-01 7.8390127971e-01 6.0306978336e-01
   outer loop
     vertex 6.6151963237e-01 -7.0731013260e-02 9.3260287319e-02
     vertex 6.6416657088e-01 -8.5554901973e-02 1.1188101660e-01
     vertex 6.6549284316e-01 -8.5708838567e-02 1.1175636120e-01
   endloop
 endfacet
 facet normal  1.4766726133e-01 7.8390127971e-01 6.0306978336e-01
   outer loop
     vertex 6.6151963237e-01 -7.0731013260e-02 9.3260287319e-02
     vertex 6.6001261656e-01 -7.0556098286e-02 9.3401930672e-02
     vertex 6.6416657088e-01 -8.5554901973e-02 1.1188101660e-01
   endloop
 endfacet
 facet normal  1.4422482734e-01 7.8392909303e-01 6.0386619071e-01
   outer loop
     vertex 6.6001261656e-01 -7.0556098286e-02 9.3401930672e-02
     vertex 6.6225973140e-01 -8.5338854326e-02 1.1205596853e-01
     vertex 6.6416657088e-01 -8.5554901973e-02 1.1188101660e-01
   endloop
 endfacet
 facet normal  1.4422482734e-01 7.8392909303e-01 6.0386619071e-01
   outer loop
     vertex 6.6001261656e-01 -7.0556098286e-02 9.3401930672e-02
     vertex 6.5784591421e-01 -7.0310607804e-02 9.3600724945e-02
     vertex 6.6225973140e-01 -8.5338854326e-02 1.1205596853e-01
   endloop
 endfacet
 facet normal  1.3946588162e-01 7.8391897783e-01 6.0499611905e-01
   outer loop
     vertex 6.5784591421e-01 -7.0310607804e-02 9.3600724945e-02
     vertex 6.5957449200e-01 -8.5044860811e-02 1.1229403979e-01
     vertex 6.6225973140e-01 -8.5338854326e-02 1.1205596853e-01
   endloop
 endfacet
 facet normal  1.3946588162e-01 7.8391897783e-01 6.0499611905e-01
   outer loop
     vertex 6.5784591421e-01 -7.0310607804e-02 9.3600724945e-02
     vertex 6.5479473211e-01 -6.9976549042e-02 9.3871240396e-02
     vertex 6.5957449200e-01 -8.5044860811e-02 1.1229403979e-01
   endloop
 endfacet
 facet normal  1.3312777430e-01 7.8381558080e-01 6.0655595867e-01
   outer loop
     vertex 6.5479473211e-01 -6.9976549042e-02 9.3871240396e-02
     vertex 6.5590168912e-01 -8.4661367459e-02 1.1260458658e-01
     vertex 6.5957449200e-01 -8.5044860811e-02 1.1229403979e-01
   endloop
 endfacet
 facet normal  1.3312777430e-01 7.8381558080e-01 6.0655595867e-01
   outer loop
     vertex 6.5479473211e-01 -6.9976549042e-02 9.3871240396e-02
     vertex 6.5062140202e-01 -6.9540793463e-02 9.4224108307e-02
     vertex 6.5590168912e-01 -8.4661367459e-02 1.1260458658e-01
   endloop
 endfacet
 facet normal  1.2487441335e-01 7.8352265548e-01 6.0868598575e-01
   outer loop
     vertex 6.5062140202e-01 -6.9540793463e-02 9.4224108307e-02
     vertex 6.5107349026e-01 -8.4189018808e-02 1.1298708698e-01
     vertex 6.5590168912e-01 -8.4661367459e-02 1.1260458658e-01
   endloop
 endfacet
 facet normal  1.2487441335e-01 7.8352265548e-01 6.0868598575e-01
   outer loop
     vertex 6.5062140202e-01 -6.9540793463e-02 9.4224108307e-02
     vertex 6.4513521933e-01 -6.9004073441e-02 9.4658735611e-02
     vertex 6.5107349026e-01 -8.4189018808e-02 1.1298708698e-01
   endloop
 endfacet
 facet normal  1.1407815147e-01 7.8286742266e-01 6.1164104987e-01
   outer loop
     vertex 6.4513521933e-01 -6.9004073441e-02 9.4658735611e-02
     vertex 6.4504687439e-01 -8.3651134086e-02 1.1342265744e-01
     vertex 6.5107349026e-01 -8.4189018808e-02 1.1298708698e-01
   endloop
 endfacet
 facet normal  1.1407815147e-01 7.8286742266e-01 6.1164104987e-01
   outer loop
     vertex 6.4513521933e-01 -6.9004073441e-02 9.4658735611e-02
     vertex 6.3828730012e-01 -6.8392886135e-02 9.5153665332e-02
     vertex 6.4504687439e-01 -8.3651134086e-02 1.1342265744e-01
   endloop
 endfacet
 facet normal  9.9696139329e-02 7.8153230000e-01 6.1584733811e-01
   outer loop
     vertex 6.3828730012e-01 -6.8392886135e-02 9.5153665332e-02
     vertex 6.3799224899e-01 -8.3101767319e-02 1.1386752587e-01
     vertex 6.4504687439e-01 -8.3651134086e-02 1.1342265744e-01
   endloop
 endfacet
 facet normal  9.9696139329e-02 7.8153230000e-01 6.1584733811e-01
   outer loop
     vertex 6.3828730012e-01 -6.8392886135e-02 9.5153665332e-02
     vertex 6.3027127491e-01 -6.7768652018e-02 9.5659160154e-02
     vertex 6.3799224899e-01 -8.3101767319e-02 1.1386752587e-01
   endloop
 endfacet
 facet normal  7.9795857340e-02 7.7889134130e-01 6.2206181332e-01
   outer loop
     vertex 6.3027127491e-01 -6.7768652018e-02 9.5659160154e-02
     vertex 6.3032862293e-01 -8.2624991467e-02 1.1425361134e-01
     vertex 6.3799224899e-01 -8.3101767319e-02 1.1386752587e-01
   endloop
 endfacet
 facet normal  7.9795857340e-02 7.7889134130e-01 6.2206181332e-01
   outer loop
     vertex 6.3027127491e-01 -6.7768652018e-02 9.5659160154e-02
     vertex 6.2156325481e-01 -6.7226901459e-02 9.6097861106e-02
     vertex 6.3032862293e-01 -8.2624991467e-02 1.1425361134e-01
   endloop
 endfacet
 facet normal  5.1801325468e-02 7.7382368082e-01 6.3127928342e-01
   outer loop
     vertex 6.2156325481e-01 -6.7226901459e-02 9.6097861106e-02
     vertex 6.1283928496e-01 -6.6875224483e-02 9.6382643506e-02
     vertex 6.3032862293e-01 -8.2624991467e-02 1.1425361134e-01
   endloop
 endfacet
 facet normal  5.1801325468e-02 7.7382368082e-01 6.3127928342e-01
   outer loop
     vertex 6.3032862293e-01 -8.2624991467e-02 1.1425361134e-01
     vertex 6.1283928496e-01 -6.6875224483e-02 9.6382643506e-02
     vertex 6.2265096004e-01 -8.2315492773e-02 1.1450423844e-01
   endloop
 endfacet
 facet normal  1.3250063935e-02 7.6463703770e-01 6.4432494627e-01
   outer loop
     vertex 6.1283928496e-01 -6.6875224483e-02 9.6382643506e-02
     vertex 6.0478435896e-01 -6.6792257914e-02 9.6449828509e-02
     vertex 6.2265096004e-01 -8.2315492773e-02 1.1450423844e-01
   endloop
 endfacet
 facet normal  1.3250063935e-02 7.6463703770e-01 6.4432494627e-01
   outer loop
     vertex 6.2265096004e-01 -8.2315492773e-02 1.1450423844e-01
     vertex 6.0478435896e-01 -6.6792257914e-02 9.6449828509e-02
     vertex 6.1556209941e-01 -8.2242476778e-02 1.1456336563e-01
   endloop
 endfacet
 facet normal  -3.7677757843e-02 7.4910484586e-01 6.6137910193e-01
   outer loop
     vertex 6.0478435896e-01 -6.6792257914e-02 9.6449828509e-02
     vertex 5.9789720531e-01 -6.6994248054e-02 9.6286260119e-02
     vertex 6.1556209941e-01 -8.2242476778e-02 1.1456336563e-01
   endloop
 endfacet
 facet normal  -3.7677757843e-02 7.4910484586e-01 6.6137910193e-01
   outer loop
     vertex 6.1556209941e-01 -8.2242476778e-02 1.1456336563e-01
     vertex 5.9789720531e-01 -6.6994248054e-02 9.6286260119e-02
     vertex 6.0950095468e-01 -8.2420241285e-02 1.1441941477e-01
   endloop
 endfacet
 facet normal  -1.0304018662e-01 7.2411072132e-01 6.8194309382e-01
   outer loop
     vertex 5.9789720531e-01 -6.6994248054e-02 9.6286260119e-02
     vertex 5.9239853224e-01 -6.7438162274e-02 9.5926785471e-02
     vertex 6.0950095468e-01 -8.2420241285e-02 1.1441941477e-01
   endloop
 endfacet
 facet normal  -1.0304018662e-01 7.2411072132e-01 6.8194309382e-01
   outer loop
     vertex 6.0950095468e-01 -8.2420241285e-02 1.1441941477e-01
     vertex 5.9239853224e-01 -6.7438162274e-02 9.5926785471e-02
     vertex 6.0466176347e-01 -8.2810914773e-02 1.1410305362e-01
   endloop
 endfacet
 facet normal  -1.8823316569e-01 6.8360390372e-01 7.0516237715e-01
   outer loop
     vertex 5.9239853224e-01 -6.7438162274e-02 9.5926785471e-02
     vertex 5.8826577424e-01 -6.8058201789e-02 9.5424687372e-02
     vertex 6.0466176347e-01 -8.2810914773e-02 1.1410305362e-01
   endloop
 endfacet
 facet normal  -1.8823316569e-01 6.8360390372e-01 7.0516237715e-01
   outer loop
     vertex 6.0466176347e-01 -8.2810914773e-02 1.1410305362e-01
     vertex 5.8826577424e-01 -6.8058201789e-02 9.5424687372e-02
     vertex 6.0102466668e-01 -8.3356590017e-02 1.1366117452e-01
   endloop
 endfacet
 facet normal  -3.0843420853e-01 6.1142938112e-01 7.2871287275e-01
   outer loop
     vertex 5.8826577424e-01 -6.8058201789e-02 9.5424687372e-02
     vertex 5.8534312527e-01 -6.8808449679e-02 9.4817148610e-02
     vertex 6.0102466668e-01 -8.3356590017e-02 1.1366117452e-01
   endloop
 endfacet
 facet normal  -3.0843420853e-01 6.1142938112e-01 7.2871287275e-01
   outer loop
     vertex 6.0102466668e-01 -8.3356590017e-02 1.1366117452e-01
     vertex 5.8534312527e-01 -6.8808449679e-02 9.4817148610e-02
     vertex 5.9845254483e-01 -8.4016857129e-02 1.1312650076e-01
   endloop
 endfacet
 facet normal  -5.0386497214e-01 4.5190923749e-01 7.3613730439e-01
   outer loop
     vertex 5.8534312527e-01 -6.8808449679e-02 9.4817148610e-02
     vertex 5.8349000542e-01 -6.9699387708e-02 9.4095681219e-02
     vertex 5.9845254483e-01 -8.4016857129e-02 1.1312650076e-01
   endloop
 endfacet
 facet normal  -5.0386497214e-01 4.5190923749e-01 7.3613730439e-01
   outer loop
     vertex 5.9845254483e-01 -8.4016857129e-02 1.1312650076e-01
     vertex 5.8349000542e-01 -6.9699387708e-02 9.4095681219e-02
     vertex 5.9682167840e-01 -8.4800940747e-02 1.1249156236e-01
   endloop
 endfacet
 facet normal  -7.9978678940e-01 2.4567560912e-02 5.9978123216e-01
   outer loop
     vertex 5.8349000542e-01 -6.9699387708e-02 9.4095681219e-02
     vertex 5.8283183237e-01 -7.0731013260e-02 9.3260287319e-02
     vertex 5.9682167840e-01 -8.4800940747e-02 1.1249156236e-01
   endloop
 endfacet
 facet normal  -7.9978678940e-01 2.4567560912e-02 5.9978123216e-01
   outer loop
     vertex 5.9682167840e-01 -8.4800940747e-02 1.1249156236e-01
     vertex 5.8283183237e-01 -7.0731013260e-02 9.3260287319e-02
     vertex 5.9624244316e-01 -8.5708838567e-02 1.1175636120e-01
   endloop
 endfacet
 facet normal  -7.9978678940e-01 -5.9178245633e-01 1.0067082934e-01
   outer loop
     vertex 5.8283183237e-01 -7.0731013260e-02 9.3260287319e-02
     vertex 5.9682167840e-01 -8.6616736388e-02 1.1102116004e-01
     vertex 5.9624244316e-01 -8.5708838567e-02 1.1175636120e-01
   endloop
 endfacet
 facet normal  -7.9978678940e-01 -5.9178245633e-01 1.0067082934e-01
   outer loop
     vertex 5.8283183237e-01 -7.0731013260e-02 9.3260287319e-02
     vertex 5.8349000542e-01 -7.1762638812e-02 9.2424893419e-02
     vertex 5.9682167840e-01 -8.6616736388e-02 1.1102116004e-01
   endloop
 endfacet
 facet normal  -5.0386497214e-01 -8.1400815177e-01 -2.8898238477e-01
   outer loop
     vertex 5.8349000542e-01 -7.1762638812e-02 9.2424893419e-02
     vertex 5.9845254483e-01 -8.7400820006e-02 1.1038622165e-01
     vertex 5.9682167840e-01 -8.6616736388e-02 1.1102116004e-01
   endloop
 endfacet
 facet normal  -5.0386497214e-01 -8.1400815177e-01 -2.8898238477e-01
   outer loop
     vertex 5.8349000542e-01 -7.1762638812e-02 9.2424893419e-02
     vertex 5.8534312527e-01 -7.2653576842e-02 9.1703426028e-02
     vertex 5.9845254483e-01 -8.7400820006e-02 1.1038622165e-01
   endloop
 endfacet
 facet normal  -3.0843420853e-01 -8.3991206455e-01 -4.4656025667e-01
   outer loop
     vertex 5.8534312527e-01 -7.2653576842e-02 9.1703426028e-02
     vertex 6.0102466668e-01 -8.8061087118e-02 1.0985154788e-01
     vertex 5.9845254483e-01 -8.7400820006e-02 1.1038622165e-01
   endloop
 endfacet
 facet normal  -3.0843420853e-01 -8.3991206455e-01 -4.4656025667e-01
   outer loop
     vertex 5.8534312527e-01 -7.2653576842e-02 9.1703426028e-02
     vertex 5.8826577424e-01 -7.3403824731e-02 9.1095887266e-02
     vertex 6.0102466668e-01 -8.8061087118e-02 1.0985154788e-01
   endloop
 endfacet
 facet normal  -1.8823316569e-01 -8.3188213081e-01 -5.2205401614e-01
   outer loop
     vertex 5.8826577424e-01 -7.3403824731e-02 9.1095887266e-02
     vertex 6.0466176347e-01 -8.8606762362e-02 1.0940966878e-01
     vertex 6.0102466668e-01 -8.8061087118e-02 1.0985154788e-01
   endloop
 endfacet
 facet normal  -1.8823316569e-01 -8.3188213081e-01 -5.2205401614e-01
   outer loop
     vertex 5.8826577424e-01 -7.3403824731e-02 9.1095887266e-02
     vertex 5.9239853224e-01 -7.4023864247e-02 9.0593789167e-02
     vertex 6.0466176347e-01 -8.8606762362e-02 1.0940966878e-01
   endloop
 endfacet
 facet normal  -1.0304018662e-01 -8.1759208547e-01 -5.6650322305e-01
   outer loop
     vertex 5.9239853224e-01 -7.4023864247e-02 9.0593789167e-02
     vertex 6.0950095468e-01 -8.8997435850e-02 1.0909330763e-01
     vertex 6.0466176347e-01 -8.8606762362e-02 1.0940966878e-01
   endloop
 endfacet
 facet normal  -1.0304018662e-01 -8.1759208547e-01 -5.6650322305e-01
   outer loop
     vertex 5.9239853224e-01 -7.4023864247e-02 9.0593789167e-02
     vertex 5.9789720531e-01 -7.4467778467e-02 9.0234314519e-02
     vertex 6.0950095468e-01 -8.8997435850e-02 1.0909330763e-01
   endloop
 endfacet
 facet normal  -3.7677757843e-02 -8.0267403683e-01 -5.9522666032e-01
   outer loop
     vertex 5.9789720531e-01 -7.4467778467e-02 9.0234314519e-02
     vertex 6.1556209941e-01 -8.9175200357e-02 1.0894935677e-01
     vertex 6.0950095468e-01 -8.8997435850e-02 1.0909330763e-01
   endloop
 endfacet
 facet normal  -3.7677757843e-02 -8.0267403683e-01 -5.9522666032e-01
   outer loop
     vertex 5.9789720531e-01 -7.4467778467e-02 9.0234314519e-02
     vertex 6.0478435896e-01 -7.4669768607e-02 9.0070746129e-02
     vertex 6.1556209941e-01 -8.9175200357e-02 1.0894935677e-01
   endloop
 endfacet
 facet normal  1.3250063935e-02 -7.8922187966e-01 -6.1396519484e-01
   outer loop
     vertex 6.0478435896e-01 -7.4669768607e-02 9.0070746129e-02
     vertex 6.2265096004e-01 -8.9102184361e-02 1.0900848396e-01
     vertex 6.1556209941e-01 -8.9175200357e-02 1.0894935677e-01
   endloop
 endfacet
 facet normal  1.3250063935e-02 -7.8922187966e-01 -6.1396519484e-01
   outer loop
     vertex 6.0478435896e-01 -7.4669768607e-02 9.0070746129e-02
     vertex 6.1283928496e-01 -7.4586802038e-02 9.0137931131e-02
     vertex 6.2265096004e-01 -8.9102184361e-02 1.0900848396e-01
   endloop
 endfacet
 facet normal  5.1801325468e-02 -7.7837130635e-01 -6.2566343359e-01
   outer loop
     vertex 6.1283928496e-01 -7.4586802038e-02 9.0137931131e-02
     vertex 6.3032862293e-01 -8.8792685668e-02 1.0925911106e-01
     vertex 6.2265096004e-01 -8.9102184361e-02 1.0900848396e-01
   endloop
 endfacet
 facet normal  5.1801325468e-02 -7.7837130635e-01 -6.2566343359e-01
   outer loop
     vertex 6.1283928496e-01 -7.4586802038e-02 9.0137931131e-02
     vertex 6.2156325481e-01 -7.4235125062e-02 9.0422713532e-02
     vertex 6.3032862293e-01 -8.8792685668e-02 1.0925911106e-01
   endloop
 endfacet
 facet normal  7.9795857340e-02 -7.7040888594e-01 -6.3253677333e-01
   outer loop
     vertex 6.2156325481e-01 -7.4235125062e-02 9.0422713532e-02
     vertex 6.3027127491e-01 -7.3693374503e-02 9.0861414484e-02
     vertex 6.3032862293e-01 -8.8792685668e-02 1.0925911106e-01
   endloop
 endfacet
 facet normal  7.9795857340e-02 -7.7040888594e-01 -6.3253677333e-01
   outer loop
     vertex 6.3032862293e-01 -8.8792685668e-02 1.0925911106e-01
     vertex 6.3027127491e-01 -7.3693374503e-02 9.0861414484e-02
     vertex 6.3799224899e-01 -8.8315909816e-02 1.0964519653e-01
   endloop
 endfacet
 facet normal  9.9696139329e-02 -7.6487929811e-01 -6.3641208279e-01
   outer loop
     vertex 6.3027127491e-01 -7.3693374503e-02 9.0861414484e-02
     vertex 6.3828730012e-01 -7.3069140385e-02 9.1366909306e-02
     vertex 6.3799224899e-01 -8.8315909816e-02 1.0964519653e-01
   endloop
 endfacet
 facet normal  9.9696139329e-02 -7.6487929811e-01 -6.3641208279e-01
   outer loop
     vertex 6.3799224899e-01 -8.8315909816e-02 1.0964519653e-01
     vertex 6.3828730012e-01 -7.3069140385e-02 9.1366909306e-02
     vertex 6.4504687439e-01 -8.7766543048e-02 1.1009006497e-01
   endloop
 endfacet
 facet normal  1.1407815147e-01 -7.6104251498e-01 -6.3859256632e-01
   outer loop
     vertex 6.3828730012e-01 -7.3069140385e-02 9.1366909306e-02
     vertex 6.4513521933e-01 -7.2457953080e-02 9.1861839027e-02
     vertex 6.4504687439e-01 -8.7766543048e-02 1.1009006497e-01
   endloop
 endfacet
 facet normal  1.1407815147e-01 -7.6104251498e-01 -6.3859256632e-01
   outer loop
     vertex 6.4504687439e-01 -8.7766543048e-02 1.1009006497e-01
     vertex 6.4513521933e-01 -7.2457953080e-02 9.1861839027e-02
     vertex 6.5107349026e-01 -8.7228658327e-02 1.1052563543e-01
   endloop
 endfacet
 facet normal  1.2487441335e-01 -7.5828825665e-01 -6.3984787310e-01
   outer loop
     vertex 6.4513521933e-01 -7.2457953080e-02 9.1861839027e-02
     vertex 6.5062140202e-01 -7.1921233058e-02 9.2296466331e-02
     vertex 6.5107349026e-01 -8.7228658327e-02 1.1052563543e-01
   endloop
 endfacet
 facet normal  1.2487441335e-01 -7.5828825665e-01 -6.3984787310e-01
   outer loop
     vertex 6.5107349026e-01 -8.7228658327e-02 1.1052563543e-01
     vertex 6.5062140202e-01 -7.1921233058e-02 9.2296466331e-02
     vertex 6.5590168912e-01 -8.6756309676e-02 1.1090813582e-01
   endloop
 endfacet
 facet normal  1.3312777430e-01 -7.5626567838e-01 -6.4057725483e-01
   outer loop
     vertex 6.5062140202e-01 -7.1921233058e-02 9.2296466331e-02
     vertex 6.5479473211e-01 -7.1485477478e-02 9.2649334242e-02
     vertex 6.5590168912e-01 -8.6756309676e-02 1.1090813582e-01
   endloop
 endfacet
 facet normal  1.3312777430e-01 -7.5626567838e-01 -6.4057725483e-01
   outer loop
     vertex 6.5590168912e-01 -8.6756309676e-02 1.1090813582e-01
     vertex 6.5479473211e-01 -7.1485477478e-02 9.2649334242e-02
     vertex 6.5957449200e-01 -8.6372816323e-02 1.1121868262e-01
   endloop
 endfacet
 facet normal  1.3946588162e-01 -7.5476142245e-01 -6.4100270128e-01
   outer loop
     vertex 6.5479473211e-01 -7.1485477478e-02 9.2649334242e-02
     vertex 6.5784591421e-01 -7.1151418717e-02 9.2919849693e-02
     vertex 6.5957449200e-01 -8.6372816323e-02 1.1121868262e-01
   endloop
 endfacet
 facet normal  1.3946588162e-01 -7.5476142245e-01 -6.4100270128e-01
   outer loop
     vertex 6.5957449200e-01 -8.6372816323e-02 1.1121868262e-01
     vertex 6.5784591421e-01 -7.1151418717e-02 9.2919849693e-02
     vertex 6.6225973140e-01 -8.6078822809e-02 1.1145675387e-01
   endloop
 endfacet
 facet normal  1.4422482734e-01 -7.5365828882e-01 -6.4124752075e-01
   outer loop
     vertex 6.5784591421e-01 -7.1151418717e-02 9.2919849693e-02
     vertex 6.6001261656e-01 -7.0905928234e-02 9.3118643966e-02
     vertex 6.6225973140e-01 -8.6078822809e-02 1.1145675387e-01
   endloop
 endfacet
 facet normal  1.4422482734e-01 -7.5365828882e-01 -6.4124752075e-01
   outer loop
     vertex 6.6225973140e-01 -8.6078822809e-02 1.1145675387e-01
     vertex 6.6001261656e-01 -7.0905928234e-02 9.3118643966e-02
     vertex 6.6416657088e-01 -8.5862775161e-02 1.1163170581e-01
   endloop
 endfacet
 facet normal  1.4766726133e-01 -7.5287350216e-01 -6.4138589762e-01
   outer loop
     vertex 6.6001261656e-01 -7.0905928234e-02 9.3118643966e-02
     vertex 6.6151963237e-01 -7.0731013260e-02 9.3260287319e-02
     vertex 6.6416657088e-01 -8.5862775161e-02 1.1163170581e-01
   endloop
 endfacet
 facet normal  1.4766726133e-01 -7.5287350216e-01 -6.4138589762e-01
   outer loop
     vertex 6.6416657088e-01 -8.5862775161e-02 1.1163170581e-01
     vertex 6.6151963237e-01 -7.0731013260e-02 9.3260287319e-02
     vertex 6.6549284316e-01 -8.5708838567e-02 1.1175636120e-01
   endloop
 endfacet
 facet normal  1.4766726133e-01 7.8390127971e-01 6.0306978336e-01
   outer loop
     vertex 6.6549284316e-01 -8.5708838567e-02 1.1175636120e-01
     vertex 6.6832052520e-01 -1.0055370566e-01 1.3036010252e-01
     vertex 6.6946605395e-01 -1.0068666387e-01 1.3025243508e-01
   endloop
 endfacet
 facet normal  1.4766726133e-01 7.8390127971e-01 6.0306978336e-01
   outer loop
     vertex 6.6549284316e-01 -8.5708838567e-02 1.1175636120e-01
     vertex 6.6416657088e-01 -8.5554901973e-02 1.1188101660e-01
     vertex 6.6832052520e-01 -1.0055370566e-01 1.3036010252e-01
   endloop
 endfacet
 facet normal  1.4422482734e-01 7.8392909303e-01 6.0386619071e-01
   outer loop
     vertex 6.6416657088e-01 -8.5554901973e-02 1.1188101660e-01
     vertex 6.6667354858e-01 -1.0036710085e-01 1.3051121212e-01
     vertex 6.6832052520e-01 -1.0055370566e-01 1.3036010252e-01
   endloop
 endfacet
 facet normal  1.4422482734e-01 7.8392909303e-01 6.0386619071e-01
   outer loop
     vertex 6.6416657088e-01 -8.5554901973e-02 1.1188101660e-01
     vertex 6.6225973140e-01 -8.5338854326e-02 1.1205596853e-01
     vertex 6.6667354858e-01 -1.0036710085e-01 1.3051121212e-01
   endloop
 endfacet
 facet normal  1.3946588162e-01 7.8391897783e-01 6.0499611905e-01
   outer loop
     vertex 6.6225973140e-01 -8.5338854326e-02 1.1205596853e-01
     vertex 6.6435425188e-01 -1.0011317258e-01 1.3071683918e-01
     vertex 6.6667354858e-01 -1.0036710085e-01 1.3051121212e-01
   endloop
 endfacet
 facet normal  1.3946588162e-01 7.8391897783e-01 6.0499611905e-01
   outer loop
     vertex 6.6225973140e-01 -8.5338854326e-02 1.1205596853e-01
     vertex 6.5957449200e-01 -8.5044860811e-02 1.1229403979e-01
     vertex 6.6435425188e-01 -1.0011317258e-01 1.3071683918e-01
   endloop
 endfacet
 facet normal  1.3312777430e-01 7.8381558080e-01 6.0655595867e-01
   outer loop
     vertex 6.5957449200e-01 -8.5044860811e-02 1.1229403979e-01
     vertex 6.6118197622e-01 -9.9781941455e-02 1.3098506485e-01
     vertex 6.6435425188e-01 -1.0011317258e-01 1.3071683918e-01
   endloop
 endfacet
 facet normal  1.3312777430e-01 7.8381558080e-01 6.0655595867e-01
   outer loop
     vertex 6.5957449200e-01 -8.5044860811e-02 1.1229403979e-01
     vertex 6.5590168912e-01 -8.4661367459e-02 1.1260458658e-01
     vertex 6.6118197622e-01 -9.9781941455e-02 1.3098506485e-01
   endloop
 endfacet
 facet normal  1.2487441335e-01 7.8352265548e-01 6.0868598575e-01
   outer loop
     vertex 6.5590168912e-01 -8.4661367459e-02 1.1260458658e-01
     vertex 6.5701176120e-01 -9.9373964175e-02 1.3131543834e-01
     vertex 6.6118197622e-01 -9.9781941455e-02 1.3098506485e-01
   endloop
 endfacet
 facet normal  1.2487441335e-01 7.8352265548e-01 6.0868598575e-01
   outer loop
     vertex 6.5590168912e-01 -8.4661367459e-02 1.1260458658e-01
     vertex 6.5107349026e-01 -8.4189018808e-02 1.1298708698e-01
     vertex 6.5701176120e-01 -9.9373964175e-02 1.3131543834e-01
   endloop
 endfacet
 facet normal  1.1407815147e-01 7.8286742266e-01 6.1164104987e-01
   outer loop
     vertex 6.5107349026e-01 -8.4189018808e-02 1.1298708698e-01
     vertex 6.5180644866e-01 -9.8909382037e-02 1.3169164954e-01
     vertex 6.5701176120e-01 -9.9373964175e-02 1.3131543834e-01
   endloop
 endfacet
 facet normal  1.1407815147e-01 7.8286742266e-01 6.1164104987e-01
   outer loop
     vertex 6.5107349026e-01 -8.4189018808e-02 1.1298708698e-01
     vertex 6.4504687439e-01 -8.3651134086e-02 1.1342265744e-01
     vertex 6.5180644866e-01 -9.8909382037e-02 1.3169164954e-01
   endloop
 endfacet
 facet normal  9.9696139329e-02 7.8153230000e-01 6.1584733811e-01
   outer loop
     vertex 6.4504687439e-01 -8.3651134086e-02 1.1342265744e-01
     vertex 6.4571322308e-01 -9.8434882620e-02 1.3207589159e-01
     vertex 6.5180644866e-01 -9.8909382037e-02 1.3169164954e-01
   endloop
 endfacet
 facet normal  9.9696139329e-02 7.8153230000e-01 6.1584733811e-01
   outer loop
     vertex 6.4504687439e-01 -8.3651134086e-02 1.1342265744e-01
     vertex 6.3799224899e-01 -8.3101767319e-02 1.1386752587e-01
     vertex 6.4571322308e-01 -9.8434882620e-02 1.3207589159e-01
   endloop
 endfacet
 facet normal  7.9795857340e-02 7.7889134130e-01 6.2206181332e-01
   outer loop
     vertex 6.3799224899e-01 -8.3101767319e-02 1.1386752587e-01
     vertex 6.3909399105e-01 -9.8023081474e-02 1.3240936158e-01
     vertex 6.4571322308e-01 -9.8434882620e-02 1.3207589159e-01
   endloop
 endfacet
 facet normal  7.9795857340e-02 7.7889134130e-01 6.2206181332e-01
   outer loop
     vertex 6.3799224899e-01 -8.3101767319e-02 1.1386752587e-01
     vertex 6.3032862293e-01 -8.2624991467e-02 1.1425361134e-01
     vertex 6.3909399105e-01 -9.8023081474e-02 1.3240936158e-01
   endloop
 endfacet
 facet normal  5.1801325468e-02 7.7382368082e-01 6.3127928342e-01
   outer loop
     vertex 6.3032862293e-01 -8.2624991467e-02 1.1425361134e-01
     vertex 6.2265096004e-01 -8.2315492773e-02 1.1450423844e-01
     vertex 6.3909399105e-01 -9.8023081474e-02 1.3240936158e-01
   endloop
 endfacet
 facet normal  5.1801325468e-02 7.7382368082e-01 6.3127928342e-01
   outer loop
     vertex 6.3909399105e-01 -9.8023081474e-02 1.3240936158e-01
     vertex 6.2265096004e-01 -8.2315492773e-02 1.1450423844e-01
     vertex 6.3246263512e-01 -9.7755761064e-02 1.3262583338e-01
   endloop
 endfacet
 facet normal  1.3250063935e-02 7.6463703770e-01 6.4432494627e-01
   outer loop
     vertex 6.2265096004e-01 -8.2315492773e-02 1.1450423844e-01
     vertex 6.1556209941e-01 -8.2242476778e-02 1.1456336563e-01
     vertex 6.3246263512e-01 -9.7755761064e-02 1.3262583338e-01
   endloop
 endfacet
 facet normal  1.3250063935e-02 7.6463703770e-01 6.4432494627e-01
   outer loop
     vertex 6.3246263512e-01 -9.7755761064e-02 1.3262583338e-01
     vertex 6.1556209941e-01 -8.2242476778e-02 1.1456336563e-01
     vertex 6.2633983987e-01 -9.7692695641e-02 1.3267690276e-01
   endloop
 endfacet
 facet normal  -3.7677757843e-02 7.4910484586e-01 6.6137910193e-01
   outer loop
     vertex 6.1556209941e-01 -8.2242476778e-02 1.1456336563e-01
     vertex 6.0950095468e-01 -8.2420241285e-02 1.1441941477e-01
     vertex 6.2633983987e-01 -9.7692695641e-02 1.3267690276e-01
   endloop
 endfacet
 facet normal  -3.7677757843e-02 7.4910484586e-01 6.6137910193e-01
   outer loop
     vertex 6.2633983987e-01 -9.7692695641e-02 1.3267690276e-01
     vertex 6.0950095468e-01 -8.2420241285e-02 1.1441941477e-01
     vertex 6.2110470404e-01 -9.7846234515e-02 1.3255256943e-01
   endloop
 endfacet
 facet normal  -1.0304018662e-01 7.2411072132e-01 6.8194309382e-01
   outer loop
     vertex 6.0950095468e-01 -8.2420241285e-02 1.1441941477e-01
     vertex 6.0466176347e-01 -8.2810914773e-02 1.1410305362e-01
     vertex 6.2110470404e-01 -9.7846234515e-02 1.3255256943e-01
   endloop
 endfacet
 facet normal  -1.0304018662e-01 7.2411072132e-01 6.8194309382e-01
   outer loop
     vertex 6.2110470404e-01 -9.7846234515e-02 1.3255256943e-01
     vertex 6.0466176347e-01 -8.2810914773e-02 1.1410305362e-01
     vertex 6.1692499470e-01 -9.8183667272e-02 1.3227932177e-01
   endloop
 endfacet
 facet normal  -1.8823316569e-01 6.8360390372e-01 7.0516237715e-01
   outer loop
     vertex 6.0466176347e-01 -8.2810914773e-02 1.1410305362e-01
     vertex 6.0102466668e-01 -8.3356590017e-02 1.1366117452e-01
     vertex 6.1692499470e-01 -9.8183667272e-02 1.3227932177e-01
   endloop
 endfacet
 facet normal  -1.8823316569e-01 6.8360390372e-01 7.0516237715e-01
   outer loop
     vertex 6.1692499470e-01 -9.8183667272e-02 1.3227932177e-01
     vertex 6.0102466668e-01 -8.3356590017e-02 1.1366117452e-01
     vertex 6.1378355912e-01 -9.8654978244e-02 1.3189766167e-01
   endloop
 endfacet
 facet normal  -3.0843420853e-01 6.1142938112e-01 7.2871287275e-01
   outer loop
     vertex 6.0102466668e-01 -8.3356590017e-02 1.1366117452e-01
     vertex 5.9845254483e-01 -8.4016857129e-02 1.1312650076e-01
     vertex 6.1378355912e-01 -9.8654978244e-02 1.3189766167e-01
   endloop
 endfacet
 facet normal  -3.0843420853e-01 6.1142938112e-01 7.2871287275e-01
   outer loop
     vertex 6.1378355912e-01 -9.8654978244e-02 1.3189766167e-01
     vertex 5.9845254483e-01 -8.4016857129e-02 1.1312650076e-01
     vertex 6.1156196438e-01 -9.9225264579e-02 1.3143585290e-01
   endloop
 endfacet
 facet normal  -5.0386497214e-01 4.5190923749e-01 7.3613730439e-01
   outer loop
     vertex 5.9845254483e-01 -8.4016857129e-02 1.1312650076e-01
     vertex 5.9682167840e-01 -8.4800940747e-02 1.1249156236e-01
     vertex 6.1156196438e-01 -9.9225264579e-02 1.3143585290e-01
   endloop
 endfacet
 facet normal  -5.0386497214e-01 4.5190923749e-01 7.3613730439e-01
   outer loop
     vertex 6.1156196438e-01 -9.9225264579e-02 1.3143585290e-01
     vertex 5.9682167840e-01 -8.4800940747e-02 1.1249156236e-01
     vertex 6.1015335138e-01 -9.9902493785e-02 1.3088744350e-01
   endloop
 endfacet
 facet normal  -7.9978678940e-01 2.4567560912e-02 5.9978123216e-01
   outer loop
     vertex 5.9682167840e-01 -8.4800940747e-02 1.1249156236e-01
     vertex 5.9624244316e-01 -8.5708838567e-02 1.1175636120e-01
     vertex 6.1015335138e-01 -9.9902493785e-02 1.3088744350e-01
   endloop
 endfacet
 facet normal  -7.9978678940e-01 2.4567560912e-02 5.9978123216e-01
   outer loop
     vertex 6.1015335138e-01 -9.9902493785e-02 1.3088744350e-01
     vertex 5.9624244316e-01 -8.5708838567e-02 1.1175636120e-01
     vertex 6.0965305395e-01 -1.0068666387e-01 1.3025243508e-01
   endloop
 endfacet
 facet normal  -7.9978678940e-01 -5.9178245633e-01 1.0067082934e-01
   outer loop
     vertex 5.9624244316e-01 -8.5708838567e-02 1.1175636120e-01
     vertex 6.1015335138e-01 -1.0147083396e-01 1.2961742667e-01
     vertex 6.0965305395e-01 -1.0068666387e-01 1.3025243508e-01
   endloop
 endfacet
 facet normal  -7.9978678940e-01 -5.9178245633e-01 1.0067082934e-01
   outer loop
     vertex 5.9624244316e-01 -8.5708838567e-02 1.1175636120e-01
     vertex 5.9682167840e-01 -8.6616736388e-02 1.1102116004e-01
     vertex 6.1015335138e-01 -1.0147083396e-01 1.2961742667e-01
   endloop
 endfacet
 facet normal  -5.0386497214e-01 -8.1400815177e-01 -2.8898238477e-01
   outer loop
     vertex 5.9682167840e-01 -8.6616736388e-02 1.1102116004e-01
     vertex 6.1156196438e-01 -1.0214806317e-01 1.2906901727e-01
     vertex 6.1015335138e-01 -1.0147083396e-01 1.2961742667e-01
   endloop
 endfacet
 facet normal  -5.0386497214e-01 -8.1400815177e-01 -2.8898238477e-01
   outer loop
     vertex 5.9682167840e-01 -8.6616736388e-02 1.1102116004e-01
     vertex 5.9845254483e-01 -8.7400820006e-02 1.1038622165e-01
     vertex 6.1156196438e-01 -1.0214806317e-01 1.2906901727e-01
   endloop
 endfacet
 facet normal  -3.0843420853e-01 -8.3991206455e-01 -4.4656025667e-01
   outer loop
     vertex 5.9845254483e-01 -8.7400820006e-02 1.1038622165e-01
     vertex 6.1378355912e-01 -1.0271834950e-01 1.2860720850e-01
     vertex 6.1156196438e-01 -1.0214806317e-01 1.2906901727e-01
   endloop
 endfacet
 facet normal  -3.0843420853e-01 -8.3991206455e-01 -4.4656025667e-01
   outer loop
     vertex 5.9845254483e-01 -8.7400820006e-02 1.1038622165e-01
     vertex 6.0102466668e-01 -8.8061087118e-02 1.0985154788e-01
     vertex 6.1378355912e-01 -1.0271834950e-01 1.2860720850e-01
   endloop
 endfacet
 facet normal  -1.8823316569e-01 -8.3188213081e-01 -5.2205401614e-01
   outer loop
     vertex 6.0102466668e-01 -8.8061087118e-02 1.0985154788e-01
     vertex 6.1692499470e-01 -1.0318966048e-01 1.2822554840e-01
     vertex 6.1378355912e-01 -1.0271834950e-01 1.2860720850e-01
   endloop
 endfacet
 facet normal  -1.8823316569e-01 -8.3188213081e-01 -5.2205401614e-01
   outer loop
     vertex 6.0102466668e-01 -8.8061087118e-02 1.0985154788e-01
     vertex 6.0466176347e-01 -8.8606762362e-02 1.0940966878e-01
     vertex 6.1692499470e-01 -1.0318966048e-01 1.2822554840e-01
   endloop
 endfacet
 facet normal  -1.0304018662e-01 -8.1759208547e-01 -5.6650322305e-01
   outer loop
     vertex 6.0466176347e-01 -8.8606762362e-02 1.0940966878e-01
     vertex 6.2110470404e-01 -1.0352709323e-01 1.2795230074e-01
     vertex 6.1692499470e-01 -1.0318966048e-01 1.2822554840e-01
   endloop
 endfacet
 facet normal  -1.0304018662e-01 -8.1759208547e-01 -5.6650322305e-01
   outer loop
     vertex 6.0466176347e-01 -8.8606762362e-02 1.0940966878e-01
     vertex 6.0950095468e-01 -8.8997435850e-02 1.0909330763e-01
     vertex 6.2110470404e-01 -1.0352709323e-01 1.2795230074e-01
   endloop
 endfacet
 facet normal  -3.7677757843e-02 -8.0267403683e-01 -5.9522666032e-01
   outer loop
     vertex 6.0950095468e-01 -8.8997435850e-02 1.0909330763e-01
     vertex 6.2633983987e-01 -1.0368063211e-01 1.2782796741e-01
     vertex 6.2110470404e-01 -1.0352709323e-01 1.2795230074e-01
   endloop
 endfacet
 facet normal  -3.7677757843e-02 -8.0267403683e-01 -5.9522666032e-01
   outer loop
     vertex 6.0950095468e-01 -8.8997435850e-02 1.0909330763e-01
     vertex 6.1556209941e-01 -8.9175200357e-02 1.0894935677e-01
     vertex 6.2633983987e-01 -1.0368063211e-01 1.2782796741e-01
   endloop
 endfacet
 facet normal  1.3250063935e-02 -7.8922187966e-01 -6.1396519484e-01
   outer loop
     vertex 6.1556209941e-01 -8.9175200357e-02 1.0894935677e-01
     vertex 6.3246263512e-01 -1.0361756668e-01 1.2787903679e-01
     vertex 6.2633983987e-01 -1.0368063211e-01 1.2782796741e-01
   endloop
 endfacet
 facet normal  1.3250063935e-02 -7.8922187966e-01 -6.1396519484e-01
   outer loop
     vertex 6.1556209941e-01 -8.9175200357e-02 1.0894935677e-01
     vertex 6.2265096004e-01 -8.9102184361e-02 1.0900848396e-01
     vertex 6.3246263512e-01 -1.0361756668e-01 1.2787903679e-01
   endloop
 endfacet
 facet normal  5.1801325468e-02 -7.7837130635e-01 -6.2566343359e-01
   outer loop
     vertex 6.2265096004e-01 -8.9102184361e-02 1.0900848396e-01
     vertex 6.3909399105e-01 -1.0335024627e-01 1.2809550859e-01
     vertex 6.3246263512e-01 -1.0361756668e-01 1.2787903679e-01
   endloop
 endfacet
 facet normal  5.1801325468e-02 -7.7837130635e-01 -6.2566343359e-01
   outer loop
     vertex 6.2265096004e-01 -8.9102184361e-02 1.0900848396e-01
     vertex 6.3032862293e-01 -8.8792685668e-02 1.0925911106e-01
     vertex 6.3909399105e-01 -1.0335024627e-01 1.2809550859e-01
   endloop
 endfacet
 facet normal  7.9795857340e-02 -7.7040888594e-01 -6.3253677333e-01
   outer loop
     vertex 6.3032862293e-01 -8.8792685668e-02 1.0925911106e-01
     vertex 6.3799224899e-01 -8.8315909816e-02 1.0964519653e-01
     vertex 6.3909399105e-01 -1.0335024627e-01 1.2809550859e-01
   endloop
 endfacet
 facet normal  7.9795857340e-02 -7.7040888594e-01 -6.3253677333e-01
   outer loop
     vertex 6.3909399105e-01 -1.0335024627e-01 1.2809550859e-01
     vertex 6.3799224899e-01 -8.8315909816e-02 1.0964519653e-01
     vertex 6.4571322308e-01 -1.0293844513e-01 1.2842897858e-01
   endloop
 endfacet
 facet normal  9.9696139329e-02 -7.6487929811e-01 -6.3641208279e-01
   outer loop
     vertex 6.3799224899e-01 -8.8315909816e-02 1.0964519653e-01
     vertex 6.4504687439e-01 -8.7766543048e-02 1.1009006497e-01
     vertex 6.4571322308e-01 -1.0293844513e-01 1.2842897858e-01
   endloop
 endfacet
 facet normal  9.9696139329e-02 -7.6487929811e-01 -6.3641208279e-01
   outer loop
     vertex 6.4571322308e-01 -1.0293844513e-01 1.2842897858e-01
     vertex 6.4504687439e-01 -8.7766543048e-02 1.1009006497e-01
     vertex 6.5180644866e-01 -1.0246394571e-01 1.2881322063e-01
   endloop
 endfacet
 facet normal  1.1407815147e-01 -7.6104251498e-01 -6.3859256632e-01
   outer loop
     vertex 6.4504687439e-01 -8.7766543048e-02 1.1009006497e-01
     vertex 6.5107349026e-01 -8.7228658327e-02 1.1052563543e-01
     vertex 6.5180644866e-01 -1.0246394571e-01 1.2881322063e-01
   endloop
 endfacet
 facet normal  1.1407815147e-01 -7.6104251498e-01 -6.3859256632e-01
   outer loop
     vertex 6.5180644866e-01 -1.0246394571e-01 1.2881322063e-01
     vertex 6.5107349026e-01 -8.7228658327e-02 1.1052563543e-01
     vertex 6.5701176120e-01 -1.0199936357e-01 1.2918943183e-01
   endloop
 endfacet
 facet normal  1.2487441335e-01 -7.5828825665e-01 -6.3984787310e-01
   outer loop
     vertex 6.5107349026e-01 -8.7228658327e-02 1.1052563543e-01
     vertex 6.5590168912e-01 -8.6756309676e-02 1.1090813582e-01
     vertex 6.5701176120e-01 -1.0199936357e-01 1.2918943183e-01
   endloop
 endfacet
 facet normal  1.2487441335e-01 -7.5828825665e-01 -6.3984787310e-01
   outer loop
     vertex 6.5701176120e-01 -1.0199936357e-01 1.2918943183e-01
     vertex 6.5590168912e-01 -8.6756309676e-02 1.1090813582e-01
     vertex 6.6118197622e-01 -1.0159138629e-01 1.2951980531e-01
   endloop
 endfacet
 facet normal  1.3312777430e-01 -7.5626567838e-01 -6.4057725483e-01
   outer loop
     vertex 6.5590168912e-01 -8.6756309676e-02 1.1090813582e-01
     vertex 6.5957449200e-01 -8.6372816323e-02 1.1121868262e-01
     vertex 6.6118197622e-01 -1.0159138629e-01 1.2951980531e-01
   endloop
 endfacet
 facet normal  1.3312777430e-01 -7.5626567838e-01 -6.4057725483e-01
   outer loop
     vertex 6.6118197622e-01 -1.0159138629e-01 1.2951980531e-01
     vertex 6.5957449200e-01 -8.6372816323e-02 1.1121868262e-01
     vertex 6.6435425188e-01 -1.0126015517e-01 1.2978803099e-01
   endloop
 endfacet
 facet normal  1.3946588162e-01 -7.5476142245e-01 -6.4100270128e-01
   outer loop
     vertex 6.5957449200e-01 -8.6372816323e-02 1.1121868262e-01
     vertex 6.6225973140e-01 -8.6078822809e-02 1.1145675387e-01
     vertex 6.6435425188e-01 -1.0126015517e-01 1.2978803099e-01
   endloop
 endfacet
 facet normal  1.3946588162e-01 -7.5476142245e-01 -6.4100270128e-01
   outer loop
     vertex 6.6435425188e-01 -1.0126015517e-01 1.2978803099e-01
     vertex 6.6225973140e-01 -8.6078822809e-02 1.1145675387e-01
     vertex 6.6667354858e-01 -1.0100622690e-01 1.2999365805e-01
   endloop
 endfacet
 facet normal  1.4422482734e-01 -7.5365828882e-01 -6.4124752075e-01
   outer loop
     vertex 6.6225973140e-01 -8.6078822809e-02 1.1145675387e-01
     vertex 6.6416657088e-01 -8.5862775161e-02 1.1163170581e-01
     vertex 6.6667354858e-01 -1.0100622690e-01 1.2999365805e-01
   endloop
 endfacet
 facet normal  1.4422482734e-01 -7.5365828882e-01 -6.4124752075e-01
   outer loop
     vertex 6.6667354858e-01 -1.0100622690e-01 1.2999365805e-01
     vertex 6.6416657088e-01 -8.5862775161e-02 1.1163170581e-01
     vertex 6.6832052520e-01 -1.0081962209e-01 1.3014476765e-01
   endloop
 endfacet
 facet normal  1.4766726133e-01 -7.5287350216e-01 -6.4138589762e-01
   outer loop
     vertex 6.6416657088e-01 -8.5862775161e-02 1.1163170581e-01
     vertex 6.6549284316e-01 -8.5708838567e-02 1.1175636120e-01
     vertex 6.6832052520e-01 -1.0081962209e-01 1.3014476765e-01
   endloop
 endfacet
 facet normal  1.4766726133e-01 -7.5287350216e-01 -6.4138589762e-01
   outer loop
     vertex 6.6832052520e-01 -1.0081962209e-01 1.3014476765e-01
     vertex 6.6549284316e-01 -8.5708838567e-02 1.1175636120e-01
     vertex 6.6946605395e-01 -1.0068666387e-01 1.3025243508e-01
   endloop
 endfacet
 facet normal  1.1210109304e-14 -6.2932039105e-01 7.7714596146e-01
   outer loop
     vertex 6.6946605395e-01 -1.0068666387e-01 1.3025243508e-01
     vertex 6.6832052520e-01 -1.0055370566e-01 1.3036010252e-01
     vertex 6.6832052520e-01 -1.0062018477e-01 1.3030626880e-01
   endloop
 endfacet
 facet normal  -9.9723125268e-15 -6.2932039105e-01 7.7714596146e-01
   outer loop
     vertex 6.6832052520e-01 -1.0055370566e-01 1.3036010252e-01
     vertex 6.6667354858e-01 -1.0052688236e-01 1.3038182360e-01
     vertex 6.6832052520e-01 -1.0062018477e-01 1.3030626880e-01
   endloop
 endfacet
 facet normal  -8.2957691272e-15 -6.2932039105e-01 7.7714596146e-01
   outer loop
     vertex 6.6832052520e-01 -1.0055370566e-01 1.3036010252e-01
     vertex 6.6667354858e-01 -1.0036710085e-01 1.3051121212e-01
     vertex 6.6667354858e-01 -1.0052688236e-01 1.3038182360e-01
   endloop
 endfacet
 facet normal  1.6678976218e-15 -6.2932039105e-01 7.7714596146e-01
   outer loop
     vertex 6.6667354858e-01 -1.0036710085e-01 1.3051121212e-01
     vertex 6.6435425188e-01 -1.0039991823e-01 1.3048463713e-01
     vertex 6.6667354858e-01 -1.0052688236e-01 1.3038182360e-01
   endloop
 endfacet
 facet normal  3.5571126265e-15 -6.2932039105e-01 7.7714596146e-01
   outer loop
     vertex 6.6667354858e-01 -1.0036710085e-01 1.3051121212e-01
     vertex 6.6435425188e-01 -1.0011317258e-01 1.3071683918e-01
     vertex 6.6435425188e-01 -1.0039991823e-01 1.3048463713e-01
   endloop
 endfacet
 facet normal  2.8437614336e-15 -6.2932039105e-01 7.7714596146e-01
   outer loop
     vertex 6.6435425188e-01 -1.0011317258e-01 1.3071683918e-01
     vertex 6.6118197622e-01 -1.0023430266e-01 1.3061874997e-01
     vertex 6.6435425188e-01 -1.0039991823e-01 1.3048463713e-01
   endloop
 endfacet
 facet normal  3.1536923499e-16 -6.2932039105e-01 7.7714596146e-01
   outer loop
     vertex 6.6435425188e-01 -1.0011317258e-01 1.3071683918e-01
     vertex 6.6118197622e-01 -9.9781941455e-02 1.3098506485e-01
     vertex 6.6118197622e-01 -1.0023430266e-01 1.3061874997e-01
   endloop
 endfacet
 facet normal  -7.6577443357e-15 -6.2932039105e-01 7.7714596146e-01
   outer loop
     vertex 6.6118197622e-01 -9.9781941455e-02 1.3098506485e-01
     vertex 6.5701176120e-01 -1.0003031402e-01 1.3078393671e-01
     vertex 6.6118197622e-01 -1.0023430266e-01 1.3061874997e-01
   endloop
 endfacet
 facet normal  -7.0119809091e-15 -6.2932039105e-01 7.7714596146e-01
   outer loop
     vertex 6.6118197622e-01 -9.9781941455e-02 1.3098506485e-01
     vertex 6.5701176120e-01 -9.9373964175e-02 1.3131543834e-01
     vertex 6.5701176120e-01 -1.0003031402e-01 1.3078393671e-01
   endloop
 endfacet
 facet normal  5.7681457832e-15 -6.2932039105e-01 7.7714596146e-01
   outer loop
     vertex 6.5701176120e-01 -9.9373964175e-02 1.3131543834e-01
     vertex 6.5180644866e-01 -9.9798022956e-02 1.3097204231e-01
     vertex 6.5701176120e-01 -1.0003031402e-01 1.3078393671e-01
   endloop
 endfacet
 facet normal  4.5716494003e-15 -6.2932039105e-01 7.7714596146e-01
   outer loop
     vertex 6.5701176120e-01 -9.9373964175e-02 1.3131543834e-01
     vertex 6.5180644866e-01 -9.8909382037e-02 1.3169164954e-01
     vertex 6.5180644866e-01 -9.9798022956e-02 1.3097204231e-01
   endloop
 endfacet
 facet normal  2.2414619344e-16 -6.2932039105e-01 7.7714596146e-01
   outer loop
     vertex 6.5180644866e-01 -9.8909382037e-02 1.3169164954e-01
     vertex 6.4571322308e-01 -9.9560773247e-02 1.3116416334e-01
     vertex 6.5180644866e-01 -9.9798022956e-02 1.3097204231e-01
   endloop
 endfacet
 facet normal  3.5382740451e-16 -6.2932039105e-01 7.7714596146e-01
   outer loop
     vertex 6.5180644866e-01 -9.8909382037e-02 1.3169164954e-01
     vertex 6.4571322308e-01 -9.8434882620e-02 1.3207589159e-01
     vertex 6.4571322308e-01 -9.9560773247e-02 1.3116416334e-01
   endloop
 endfacet
 facet normal  -1.6064680611e-15 -6.2932039105e-01 7.7714596146e-01
   outer loop
     vertex 6.4571322308e-01 -9.8434882620e-02 1.3207589159e-01
     vertex 6.3909399105e-01 -9.9354872674e-02 1.3133089833e-01
     vertex 6.4571322308e-01 -9.9560773247e-02 1.3116416334e-01
   endloop
 endfacet
 facet normal  -4.6203445597e-16 -6.2932039105e-01 7.7714596146e-01
   outer loop
     vertex 6.4571322308e-01 -9.8434882620e-02 1.3207589159e-01
     vertex 6.3909399105e-01 -9.8023081474e-02 1.3240936158e-01
     vertex 6.3909399105e-01 -9.9354872674e-02 1.3133089833e-01
   endloop
 endfacet
 facet normal  6.6616294754e-15 -6.2932039105e-01 7.7714596146e-01
   outer loop
     vertex 6.3909399105e-01 -9.8023081474e-02 1.3240936158e-01
     vertex 6.3246263512e-01 -9.7755761064e-02 1.3262583338e-01
     vertex 6.3909399105e-01 -9.9354872674e-02 1.3133089833e-01
   endloop
 endfacet
 facet normal  3.0312529411e-15 -6.2932039105e-01 7.7714596146e-01
   outer loop
     vertex 6.3909399105e-01 -9.9354872674e-02 1.3133089833e-01
     vertex 6.3246263512e-01 -9.7755761064e-02 1.3262583338e-01
     vertex 6.3246263512e-01 -9.9221212469e-02 1.3143913423e-01
   endloop
 endfacet
 facet normal  -7.0738738672e-15 -6.2932039105e-01 7.7714596146e-01
   outer loop
     vertex 6.3246263512e-01 -9.7755761064e-02 1.3262583338e-01
     vertex 6.2633983987e-01 -9.7692695641e-02 1.3267690276e-01
     vertex 6.3246263512e-01 -9.9221212469e-02 1.3143913423e-01
   endloop
 endfacet
 facet normal  -9.3363972262e-16 -6.2932039105e-01 7.7714596146e-01
   outer loop
     vertex 6.3246263512e-01 -9.9221212469e-02 1.3143913423e-01
     vertex 6.2633983987e-01 -9.7692695641e-02 1.3267690276e-01
     vertex 6.2633983987e-01 -9.9189679758e-02 1.3146466892e-01
   endloop
 endfacet
 facet normal  4.8455097287e-15 -6.2932039105e-01 7.7714596146e-01
   outer loop
     vertex 6.2633983987e-01 -9.7692695641e-02 1.3267690276e-01
     vertex 6.2110470404e-01 -9.7846234515e-02 1.3255256943e-01
     vertex 6.2633983987e-01 -9.9189679758e-02 1.3146466892e-01
   endloop
 endfacet
 facet normal  -1.9920648148e-16 -6.2932039105e-01 7.7714596146e-01
   outer loop
     vertex 6.2633983987e-01 -9.9189679758e-02 1.3146466892e-01
     vertex 6.2110470404e-01 -9.7846234515e-02 1.3255256943e-01
     vertex 6.2110470404e-01 -9.9266449195e-02 1.3140250226e-01
   endloop
 endfacet
 facet normal  1.1387290499e-14 -6.2932039105e-01 7.7714596146e-01
   outer loop
     vertex 6.2110470404e-01 -9.7846234515e-02 1.3255256943e-01
     vertex 6.1692499470e-01 -9.8183667272e-02 1.3227932177e-01
     vertex 6.2110470404e-01 -9.9266449195e-02 1.3140250226e-01
   endloop
 endfacet
 facet normal  6.4494164613e-15 -6.2932039105e-01 7.7714596146e-01
   outer loop
     vertex 6.2110470404e-01 -9.9266449195e-02 1.3140250226e-01
     vertex 6.1692499470e-01 -9.8183667272e-02 1.3227932177e-01
     vertex 6.1692499470e-01 -9.9435165573e-02 1.3126587843e-01
   endloop
 endfacet
 facet normal  -1.7810825492e-14 -6.2932039105e-01 7.7714596146e-01
   outer loop
     vertex 6.1692499470e-01 -9.8183667272e-02 1.3227932177e-01
     vertex 6.1378355912e-01 -9.8654978244e-02 1.3189766167e-01
     vertex 6.1692499470e-01 -9.9435165573e-02 1.3126587843e-01
   endloop
 endfacet
 facet normal  -1.0984184997e-14 -6.2932039105e-01 7.7714596146e-01
   outer loop
     vertex 6.1692499470e-01 -9.9435165573e-02 1.3126587843e-01
     vertex 6.1378355912e-01 -9.8654978244e-02 1.3189766167e-01
     vertex 6.1378355912e-01 -9.9670821059e-02 1.3107504838e-01
   endloop
 endfacet
 facet normal  -1.0682900421e-14 -6.2932039105e-01 7.7714596146e-01
   outer loop
     vertex 6.1378355912e-01 -9.8654978244e-02 1.3189766167e-01
     vertex 6.1156196438e-01 -9.9225264579e-02 1.3143585290e-01
     vertex 6.1378355912e-01 -9.9670821059e-02 1.3107504838e-01
   endloop
 endfacet
 facet normal  -1.0391136171e-14 -6.2932039105e-01 7.7714596146e-01
   outer loop
     vertex 6.1378355912e-01 -9.9670821059e-02 1.3107504838e-01
     vertex 6.1156196438e-01 -9.9225264579e-02 1.3143585290e-01
     vertex 6.1156196438e-01 -9.9955964226e-02 1.3084414399e-01
   endloop
 endfacet
 facet normal  -4.8840387837e-15 -6.2932039105e-01 7.7714596146e-01
   outer loop
     vertex 6.1156196438e-01 -9.9225264579e-02 1.3143585290e-01
     vertex 6.1015335138e-01 -9.9902493785e-02 1.3088744350e-01
     vertex 6.1156196438e-01 -9.9955964226e-02 1.3084414399e-01
   endloop
 endfacet
 facet normal  -3.5057903339e-15 -6.2932039105e-01 7.7714596146e-01
   outer loop
     vertex 6.1156196438e-01 -9.9955964226e-02 1.3084414399e-01
     vertex 6.1015335138e-01 -9.9902493785e-02 1.3088744350e-01
     vertex 6.1015335138e-01 -1.0029457883e-01 1.3056993929e-01
   endloop
 endfacet
 facet normal  0.0000000000e+00 -6.2932039105e-01 7.7714596146e-01
   outer loop
     vertex 6.1015335138e-01 -9.9902493785e-02 1.3088744350e-01
     vertex 6.0965305395e-01 -1.0068666387e-01 1.3025243508e-01
     vertex 6.1015335138e-01 -1.0029457883e-01 1.3056993929e-01
   endloop
 endfacet
 facet normal  0.0000000000e+00 -6.2932039105e-01 7.7714596146e-01
   outer loop
     vertex 6.0965305395e-01 -1.0068666387e-01 1.3025243508e-01
     vertex 6.1015335138e-01 -1.0147083396e-01 1.2961742667e-01
     vertex 6.1015335138e-01 -1.0107874892e-01 1.2993493088e-01
   endloop
 endfacet
 facet normal  8.0358487600e-15 -6.2932039105e-01 7.7714596146e-01
   outer loop
     vertex 6.1015335138e-01 -1.0147083396e-01 1.2961742667e-01
     vertex 6.1156196438e-01 -1.0141736352e-01 1.2966072618e-01
     vertex 6.1015335138e-01 -1.0107874892e-01 1.2993493088e-01
   endloop
 endfacet
 facet normal  8.6338813486e-15 -6.2932039105e-01 7.7714596146e-01
   outer loop
     vertex 6.1015335138e-01 -1.0147083396e-01 1.2961742667e-01
     vertex 6.1156196438e-01 -1.0214806317e-01 1.2906901727e-01
     vertex 6.1156196438e-01 -1.0141736352e-01 1.2966072618e-01
   endloop
 endfacet
 facet normal  -8.7184166896e-15 -6.2932039105e-01 7.7714596146e-01
   outer loop
     vertex 6.1156196438e-01 -1.0214806317e-01 1.2906901727e-01
     vertex 6.1378355912e-01 -1.0170250669e-01 1.2942982179e-01
     vertex 6.1156196438e-01 -1.0141736352e-01 1.2966072618e-01
   endloop
 endfacet
 facet normal  -1.0828742065e-14 -6.2932039105e-01 7.7714596146e-01
   outer loop
     vertex 6.1156196438e-01 -1.0214806317e-01 1.2906901727e-01
     vertex 6.1378355912e-01 -1.0271834950e-01 1.2860720850e-01
     vertex 6.1378355912e-01 -1.0170250669e-01 1.2942982179e-01
   endloop
 endfacet
 facet normal  4.1061771379e-15 -6.2932039105e-01 7.7714596146e-01
   outer loop
     vertex 6.1378355912e-01 -1.0271834950e-01 1.2860720850e-01
     vertex 6.1692499470e-01 -1.0193816218e-01 1.2923899174e-01
     vertex 6.1378355912e-01 -1.0170250669e-01 1.2942982179e-01
   endloop
 endfacet
 facet normal  4.9393123574e-15 -6.2932039105e-01 7.7714596146e-01
   outer loop
     vertex 6.1378355912e-01 -1.0271834950e-01 1.2860720850e-01
     vertex 6.1692499470e-01 -1.0318966048e-01 1.2822554840e-01
     vertex 6.1692499470e-01 -1.0193816218e-01 1.2923899174e-01
   endloop
 endfacet
 facet normal  6.9291901249e-15 -6.2932039105e-01 7.7714596146e-01
   outer loop
     vertex 6.1692499470e-01 -1.0318966048e-01 1.2822554840e-01
     vertex 6.2110470404e-01 -1.0210687855e-01 1.2910236791e-01
     vertex 6.1692499470e-01 -1.0193816218e-01 1.2923899174e-01
   endloop
 endfacet
 facet normal  6.6882138355e-15 -6.2932039105e-01 7.7714596146e-01
   outer loop
     vertex 6.1692499470e-01 -1.0318966048e-01 1.2822554840e-01
     vertex 6.2110470404e-01 -1.0352709323e-01 1.2795230074e-01
     vertex 6.2110470404e-01 -1.0210687855e-01 1.2910236791e-01
   endloop
 endfacet
 facet normal  -2.1760541345e-15 -6.2932039105e-01 7.7714596146e-01
   outer loop
     vertex 6.2110470404e-01 -1.0352709323e-01 1.2795230074e-01
     vertex 6.2633983987e-01 -1.0218364799e-01 1.2904020125e-01
     vertex 6.2110470404e-01 -1.0210687855e-01 1.2910236791e-01
   endloop
 endfacet
 facet normal  4.7641387636e-15 -6.2932039105e-01 7.7714596146e-01
   outer loop
     vertex 6.2110470404e-01 -1.0352709323e-01 1.2795230074e-01
     vertex 6.2633983987e-01 -1.0368063211e-01 1.2782796741e-01
     vertex 6.2633983987e-01 -1.0218364799e-01 1.2904020125e-01
   endloop
 endfacet
 facet normal  -2.8222402673e-16 -6.2932039105e-01 7.7714596146e-01
   outer loop
     vertex 6.2633983987e-01 -1.0368063211e-01 1.2782796741e-01
     vertex 6.3246263512e-01 -1.0215211528e-01 1.2906573594e-01
     vertex 6.2633983987e-01 -1.0218364799e-01 1.2904020125e-01
   endloop
 endfacet
 facet normal  -4.2505143898e-15 -6.2932039105e-01 7.7714596146e-01
   outer loop
     vertex 6.2633983987e-01 -1.0368063211e-01 1.2782796741e-01
     vertex 6.3246263512e-01 -1.0361756668e-01 1.2787903679e-01
     vertex 6.3246263512e-01 -1.0215211528e-01 1.2906573594e-01
   endloop
 endfacet
 facet normal  2.2649725188e-16 -6.2932039105e-01 7.7714596146e-01
   outer loop
     vertex 6.3246263512e-01 -1.0361756668e-01 1.2787903679e-01
     vertex 6.3909399105e-01 -1.0201845507e-01 1.2917397184e-01
     vertex 6.3246263512e-01 -1.0215211528e-01 1.2906573594e-01
   endloop
 endfacet
 facet normal  4.9379910796e-16 -6.2932039105e-01 7.7714596146e-01
   outer loop
     vertex 6.3246263512e-01 -1.0361756668e-01 1.2787903679e-01
     vertex 6.3909399105e-01 -1.0335024627e-01 1.2809550859e-01
     vertex 6.3909399105e-01 -1.0201845507e-01 1.2917397184e-01
   endloop
 endfacet
 facet normal  -1.7874666327e-15 -6.2932039105e-01 7.7714596146e-01
   outer loop
     vertex 6.3909399105e-01 -1.0335024627e-01 1.2809550859e-01
     vertex 6.4571322308e-01 -1.0293844513e-01 1.2842897858e-01
     vertex 6.3909399105e-01 -1.0201845507e-01 1.2917397184e-01
   endloop
 endfacet
 facet normal  -1.0599376898e-15 -6.2932039105e-01 7.7714596146e-01
   outer loop
     vertex 6.3909399105e-01 -1.0201845507e-01 1.2917397184e-01
     vertex 6.4571322308e-01 -1.0293844513e-01 1.2842897858e-01
     vertex 6.4571322308e-01 -1.0181255450e-01 1.2934070683e-01
   endloop
 endfacet
 facet normal  1.1394441840e-15 -6.2932039105e-01 7.7714596146e-01
   outer loop
     vertex 6.4571322308e-01 -1.0293844513e-01 1.2842897858e-01
     vertex 6.5180644866e-01 -1.0246394571e-01 1.2881322063e-01
     vertex 6.4571322308e-01 -1.0181255450e-01 1.2934070683e-01
   endloop
 endfacet
 facet normal  7.2182672464e-16 -6.2932039105e-01 7.7714596146e-01
   outer loop
     vertex 6.4571322308e-01 -1.0181255450e-01 1.2934070683e-01
     vertex 6.5180644866e-01 -1.0246394571e-01 1.2881322063e-01
     vertex 6.5180644866e-01 -1.0157530479e-01 1.2953282786e-01
   endloop
 endfacet
 facet normal  -2.4014500741e-15 -6.2932039105e-01 7.7714596146e-01
   outer loop
     vertex 6.5180644866e-01 -1.0246394571e-01 1.2881322063e-01
     vertex 6.5701176120e-01 -1.0199936357e-01 1.2918943183e-01
     vertex 6.5180644866e-01 -1.0157530479e-01 1.2953282786e-01
   endloop
 endfacet
 facet normal  -1.6256778303e-15 -6.2932039105e-01 7.7714596146e-01
   outer loop
     vertex 6.5180644866e-01 -1.0157530479e-01 1.2953282786e-01
     vertex 6.5701176120e-01 -1.0199936357e-01 1.2918943183e-01
     vertex 6.5701176120e-01 -1.0134301372e-01 1.2972093346e-01
   endloop
 endfacet
 facet normal  1.8413025967e-15 -6.2932039105e-01 7.7714596146e-01
   outer loop
     vertex 6.5701176120e-01 -1.0199936357e-01 1.2918943183e-01
     vertex 6.6118197622e-01 -1.0159138629e-01 1.2951980531e-01
     vertex 6.5701176120e-01 -1.0134301372e-01 1.2972093346e-01
   endloop
 endfacet
 facet normal  1.3358115787e-15 -6.2932039105e-01 7.7714596146e-01
   outer loop
     vertex 6.5701176120e-01 -1.0134301372e-01 1.2972093346e-01
     vertex 6.6118197622e-01 -1.0159138629e-01 1.2951980531e-01
     vertex 6.6118197622e-01 -1.0113902508e-01 1.2988612020e-01
   endloop
 endfacet
 facet normal  4.4581741855e-15 -6.2932039105e-01 7.7714596146e-01
   outer loop
     vertex 6.6118197622e-01 -1.0159138629e-01 1.2951980531e-01
     vertex 6.6435425188e-01 -1.0126015517e-01 1.2978803099e-01
     vertex 6.6118197622e-01 -1.0113902508e-01 1.2988612020e-01
   endloop
 endfacet
 facet normal  2.6600193927e-15 -6.2932039105e-01 7.7714596146e-01
   outer loop
     vertex 6.6118197622e-01 -1.0113902508e-01 1.2988612020e-01
     vertex 6.6435425188e-01 -1.0126015517e-01 1.2978803099e-01
     vertex 6.6435425188e-01 -1.0097340952e-01 1.3002023304e-01
   endloop
 endfacet
 facet normal  5.7445435705e-15 -6.2932039105e-01 7.7714596146e-01
   outer loop
     vertex 6.6435425188e-01 -1.0126015517e-01 1.2978803099e-01
     vertex 6.6667354858e-01 -1.0100622690e-01 1.2999365805e-01
     vertex 6.6435425188e-01 -1.0097340952e-01 1.3002023304e-01
   endloop
 endfacet
 facet normal  5.7209842505e-15 -6.2932039105e-01 7.7714596146e-01
   outer loop
     vertex 6.6435425188e-01 -1.0097340952e-01 1.3002023304e-01
     vertex 6.6667354858e-01 -1.0100622690e-01 1.2999365805e-01
     vertex 6.6667354858e-01 -1.0084644539e-01 1.3012304657e-01
   endloop
 endfacet
 facet normal  5.1934055255e-15 -6.2932039105e-01 7.7714596146e-01
   outer loop
     vertex 6.6667354858e-01 -1.0100622690e-01 1.2999365805e-01
     vertex 6.6832052520e-01 -1.0081962209e-01 1.3014476765e-01
     vertex 6.6667354858e-01 -1.0084644539e-01 1.3012304657e-01
   endloop
 endfacet
 facet normal  4.6676411297e-15 -6.2932039105e-01 7.7714596146e-01
   outer loop
     vertex 6.6667354858e-01 -1.0084644539e-01 1.3012304657e-01
     vertex 6.6832052520e-01 -1.0081962209e-01 1.3014476765e-01
     vertex 6.6832052520e-01 -1.0075314298e-01 1.3019860136e-01
   endloop
 endfacet
 facet normal  -1.1201667957e-14 -6.2932039105e-01 7.7714596146e-01
   outer loop
     vertex 6.6832052520e-01 -1.0081962209e-01 1.3014476765e-01
     vertex 6.6946605395e-01 -1.0068666387e-01 1.3025243508e-01
     vertex 6.6832052520e-01 -1.0075314298e-01 1.3019860136e-01
   endloop
 endfacet
 facet normal  0.0000000000e+00 -6.2932039105e-01 7.7714596146e-01
   outer loop
     vertex 6.6946605395e-01 -1.0068666387e-01 1.3025243508e-01
     vertex 6.6832052520e-01 -1.0062018477e-01 1.3030626880e-01
     vertex 6.6832052520e-01 -1.0068666387e-01 1.3025243508e-01
   endloop
 endfacet
 facet normal  0.0000000000e+00 -6.2932039105e-01 7.7714596146e-01
   outer loop
     vertex 6.6832052520e-01 -1.0062018477e-01 1.3030626880e-01
     vertex 6.6667354858e-01 -1.0068666387e-01 1.3025243508e-01
     vertex 6.6832052520e-01 -1.0068666387e-01 1.3025243508e-01
   endloop
 endfacet
 facet normal  -8.7012749208e-15 -6.2932039105e-01 7.7714596146e-01
   outer loop
     vertex 6.6832052520e-01 -1.0062018477e-01 1.3030626880e-01
     vertex 6.6667354858e-01 -1.0052688236e-01 1.3038182360e-01
     vertex 6.6667354858e-01 -1.0068666387e-01 1.3025243508e-01
   endloop
 endfacet
 facet normal  0.0000000000e+00 -6.2932039105e-01 7.7714596146e-01
   outer loop
     vertex 6.6667354858e-01 -1.0052688236e-01 1.3038182360e-01
     vertex 6.6435425188e-01 -1.0068666387e-01 1.3025243508e-01
     vertex 6.6667354858e-01 -1.0068666387e-01 1.3025243508e-01
   endloop
 endfacet
 facet normal  -1.5195057198e-15 -6.2932039105e-01 7.7714596146e-01
   outer loop
     vertex 6.6667354858e-01 -1.0052688236e-01 1.3038182360e-01
     vertex 6.6435425188e-01 -1.0039991823e-01 1.3048463713e-01
     vertex 6.6435425188e-01 -1.0068666387e-01 1.3025243508e-01
   endloop
 endfacet
 facet normal  5.5061891081e-15 -6.2932039105e-01 7.7714596146e-01
   outer loop
     vertex 6.6435425188e-01 -1.0039991823e-01 1.3048463713e-01
     vertex 6.6118197622e-01 -1.0068666387e-01 1.3025243508e-01
     vertex 6.6435425188e-01 -1.0068666387e-01 1.3025243508e-01
   endloop
 endfacet
 facet normal  6.3073846997e-15 -6.2932039105e-01 7.7714596146e-01
   outer loop
     vertex 6.6435425188e-01 -1.0039991823e-01 1.3048463713e-01
     vertex 6.6118197622e-01 -1.0023430266e-01 1.3061874997e-01
     vertex 6.6118197622e-01 -1.0068666387e-01 1.3025243508e-01
   endloop
 endfacet
 facet normal  -4.1885489388e-15 -6.2932039105e-01 7.7714596146e-01
   outer loop
     vertex 6.6118197622e-01 -1.0023430266e-01 1.3061874997e-01
     vertex 6.5701176120e-01 -1.0068666387e-01 1.3025243508e-01
     vertex 6.6118197622e-01 -1.0068666387e-01 1.3025243508e-01
   endloop
 endfacet
 facet normal  -6.5798384630e-15 -6.2932039105e-01 7.7714596146e-01
   outer loop
     vertex 6.6118197622e-01 -1.0023430266e-01 1.3061874997e-01
     vertex 6.5701176120e-01 -1.0003031402e-01 1.3078393671e-01
     vertex 6.5701176120e-01 -1.0068666387e-01 1.3025243508e-01
   endloop
 endfacet
 facet normal  0.0000000000e+00 -6.2932039105e-01 7.7714596146e-01
   outer loop
     vertex 6.5701176120e-01 -1.0003031402e-01 1.3078393671e-01
     vertex 6.5180644866e-01 -1.0068666387e-01 1.3025243508e-01
     vertex 6.5701176120e-01 -1.0068666387e-01 1.3025243508e-01
   endloop
 endfacet
 facet normal  5.3454499797e-15 -6.2932039105e-01 7.7714596146e-01
   outer loop
     vertex 6.5701176120e-01 -1.0003031402e-01 1.3078393671e-01
     vertex 6.5180644866e-01 -9.9798022956e-02 1.3097204231e-01
     vertex 6.5180644866e-01 -1.0068666387e-01 1.3025243508e-01
   endloop
 endfacet
 facet normal  0.0000000000e+00 -6.2932039105e-01 7.7714596146e-01
   outer loop
     vertex 6.5180644866e-01 -9.9798022956e-02 1.3097204231e-01
     vertex 6.4571322308e-01 -1.0068666387e-01 1.3025243508e-01
     vertex 6.5180644866e-01 -1.0068666387e-01 1.3025243508e-01
   endloop
 endfacet
 facet normal  -5.6672355468e-16 -6.2932039105e-01 7.7714596146e-01
   outer loop
     vertex 6.5180644866e-01 -9.9798022956e-02 1.3097204231e-01
     vertex 6.4571322308e-01 -9.9560773247e-02 1.3116416334e-01
     vertex 6.4571322308e-01 -1.0068666387e-01 1.3025243508e-01
   endloop
 endfacet
 facet normal  0.0000000000e+00 -6.2932039105e-01 7.7714596146e-01
   outer loop
     vertex 6.4571322308e-01 -9.9560773247e-02 1.3116416334e-01
     vertex 6.3909399105e-01 -1.0068666387e-01 1.3025243508e-01
     vertex 6.4571322308e-01 -1.0068666387e-01 1.3025243508e-01
   endloop
 endfacet
 facet normal  -1.8598053607e-15 -6.2932039105e-01 7.7714596146e-01
   outer loop
     vertex 6.4571322308e-01 -9.9560773247e-02 1.3116416334e-01
     vertex 6.3909399105e-01 -9.9354872674e-02 1.3133089833e-01
     vertex 6.3909399105e-01 -1.0068666387e-01 1.3025243508e-01
   endloop
 endfacet
 facet normal  3.3308147377e-15 -6.2932039105e-01 7.7714596146e-01
   outer loop
     vertex 6.3909399105e-01 -9.9354872674e-02 1.3133089833e-01
     vertex 6.3246263512e-01 -9.9221212469e-02 1.3143913423e-01
     vertex 6.3909399105e-01 -1.0068666387e-01 1.3025243508e-01
   endloop
 endfacet
 facet normal  0.0000000000e+00 -6.2932039105e-01 7.7714596146e-01
   outer loop
     vertex 6.3909399105e-01 -1.0068666387e-01 1.3025243508e-01
     vertex 6.3246263512e-01 -9.9221212469e-02 1.3143913423e-01
     vertex 6.3246263512e-01 -1.0068666387e-01 1.3025243508e-01
   endloop
 endfacet
 facet normal  -1.0626285975e-15 -6.2932039105e-01 7.7714596146e-01
   outer loop
     vertex 6.3246263512e-01 -9.9221212469e-02 1.3143913423e-01
     vertex 6.2633983987e-01 -9.9189679758e-02 1.3146466892e-01
     vertex 6.3246263512e-01 -1.0068666387e-01 1.3025243508e-01
   endloop
 endfacet
 facet normal  0.0000000000e+00 -6.2932039105e-01 7.7714596146e-01
   outer loop
     vertex 6.3246263512e-01 -1.0068666387e-01 1.3025243508e-01
     vertex 6.2633983987e-01 -9.9189679758e-02 1.3146466892e-01
     vertex 6.2633983987e-01 -1.0068666387e-01 1.3025243508e-01
   endloop
 endfacet
 facet normal  -1.7586627943e-16 -6.2932039105e-01 7.7714596146e-01
   outer loop
     vertex 6.2633983987e-01 -9.9189679758e-02 1.3146466892e-01
     vertex 6.2110470404e-01 -9.9266449195e-02 1.3140250226e-01
     vertex 6.2633983987e-01 -1.0068666387e-01 1.3025243508e-01
   endloop
 endfacet
 facet normal  0.0000000000e+00 -6.2932039105e-01 7.7714596146e-01
   outer loop
     vertex 6.2633983987e-01 -1.0068666387e-01 1.3025243508e-01
     vertex 6.2110470404e-01 -9.9266449195e-02 1.3140250226e-01
     vertex 6.2110470404e-01 -1.0068666387e-01 1.3025243508e-01
   endloop
 endfacet
 facet normal  5.6901798538e-15 -6.2932039105e-01 7.7714596146e-01
   outer loop
     vertex 6.2110470404e-01 -9.9266449195e-02 1.3140250226e-01
     vertex 6.1692499470e-01 -9.9435165573e-02 1.3126587843e-01
     vertex 6.2110470404e-01 -1.0068666387e-01 1.3025243508e-01
   endloop
 endfacet
 facet normal  0.0000000000e+00 -6.2932039105e-01 7.7714596146e-01
   outer loop
     vertex 6.2110470404e-01 -1.0068666387e-01 1.3025243508e-01
     vertex 6.1692499470e-01 -9.9435165573e-02 1.3126587843e-01
     vertex 6.1692499470e-01 -1.0068666387e-01 1.3025243508e-01
   endloop
 endfacet
 facet normal  -8.9054127460e-15 -6.2932039105e-01 7.7714596146e-01
   outer loop
     vertex 6.1692499470e-01 -9.9435165573e-02 1.3126587843e-01
     vertex 6.1378355912e-01 -9.9670821059e-02 1.3107504838e-01
     vertex 6.1692499470e-01 -1.0068666387e-01 1.3025243508e-01
   endloop
 endfacet
 facet normal  0.0000000000e+00 -6.2932039105e-01 7.7714596146e-01
   outer loop
     vertex 6.1692499470e-01 -1.0068666387e-01 1.3025243508e-01
     vertex 6.1378355912e-01 -9.9670821059e-02 1.3107504838e-01
     vertex 6.1378355912e-01 -1.0068666387e-01 1.3025243508e-01
   endloop
 endfacet
 facet normal  -1.0199799975e-14 -6.2932039105e-01 7.7714596146e-01
   outer loop
     vertex 6.1378355912e-01 -9.9670821059e-02 1.3107504838e-01
     vertex 6.1156196438e-01 -9.9955964226e-02 1.3084414399e-01
     vertex 6.1378355912e-01 -1.0068666387e-01 1.3025243508e-01
   endloop
 endfacet
 facet normal  0.0000000000e+00 -6.2932039105e-01 7.7714596146e-01
   outer loop
     vertex 6.1378355912e-01 -1.0068666387e-01 1.3025243508e-01
     vertex 6.1156196438e-01 -9.9955964226e-02 1.3084414399e-01
     vertex 6.1156196438e-01 -1.0068666387e-01 1.3025243508e-01
   endloop
 endfacet
 facet normal  -1.8786686268e-15 -6.2932039105e-01 7.7714596146e-01
   outer loop
     vertex 6.1156196438e-01 -9.9955964226e-02 1.3084414399e-01
     vertex 6.1015335138e-01 -1.0029457883e-01 1.3056993929e-01
     vertex 6.1156196438e-01 -1.0068666387e-01 1.3025243508e-01
   endloop
 endfacet
 facet normal  -1.5308152215e-14 -6.2932039105e-01 7.7714596146e-01
   outer loop
     vertex 6.1156196438e-01 -1.0068666387e-01 1.3025243508e-01
     vertex 6.1015335138e-01 -1.0029457883e-01 1.3056993929e-01
     vertex 6.1015335138e-01 -1.0068666387e-01 1.3025243508e-01
   endloop
 endfacet
 facet normal  4.3114619588e-14 -6.2932039105e-01 7.7714596146e-01
   outer loop
     vertex 6.1015335138e-01 -1.0029457883e-01 1.3056993929e-01
     vertex 6.0965305395e-01 -1.0068666387e-01 1.3025243508e-01
     vertex 6.1015335138e-01 -1.0068666387e-01 1.3025243508e-01
   endloop
 endfacet
 facet normal  0.0000000000e+00 -6.2932039105e-01 7.7714596146e-01
   outer loop
     vertex 6.0965305395e-01 -1.0068666387e-01 1.3025243508e-01
     vertex 6.1015335138e-01 -1.0107874892e-01 1.2993493088e-01
     vertex 6.1015335138e-01 -1.0068666387e-01 1.3025243508e-01
   endloop
 endfacet
 facet normal  0.0000000000e+00 -6.2932039105e-01 7.7714596146e-01
   outer loop
     vertex 6.1015335138e-01 -1.0107874892e-01 1.2993493088e-01
     vertex 6.1156196438e-01 -1.0068666387e-01 1.3025243508e-01
     vertex 6.1015335138e-01 -1.0068666387e-01 1.3025243508e-01
   endloop
 endfacet
 facet normal  4.3169406743e-15 -6.2932039105e-01 7.7714596146e-01
   outer loop
     vertex 6.1015335138e-01 -1.0107874892e-01 1.2993493088e-01
     vertex 6.1156196438e-01 -1.0141736352e-01 1.2966072618e-01
     vertex 6.1156196438e-01 -1.0068666387e-01 1.3025243508e-01
   endloop
 endfacet
 facet normal  0.0000000000e+00 -6.2932039105e-01 7.7714596146e-01
   outer loop
     vertex 6.1156196438e-01 -1.0141736352e-01 1.2966072618e-01
     vertex 6.1378355912e-01 -1.0068666387e-01 1.3025243508e-01
     vertex 6.1156196438e-01 -1.0068666387e-01 1.3025243508e-01
   endloop
 endfacet
 facet normal  -6.2711906906e-15 -6.2932039105e-01 7.7714596146e-01
   outer loop
     vertex 6.1156196438e-01 -1.0141736352e-01 1.2966072618e-01
     vertex 6.1378355912e-01 -1.0170250669e-01 1.2942982179e-01
     vertex 6.1378355912e-01 -1.0068666387e-01 1.3025243508e-01
   endloop
 endfacet
 facet normal  0.0000000000e+00 -6.2932039105e-01 7.7714596146e-01
   outer loop
     vertex 6.1378355912e-01 -1.0170250669e-01 1.2942982179e-01
     vertex 6.1692499470e-01 -1.0068666387e-01 1.3025243508e-01
     vertex 6.1378355912e-01 -1.0068666387e-01 1.3025243508e-01
   endloop
 endfacet
 facet normal  3.8509892956e-15 -6.2932039105e-01 7.7714596146e-01
   outer loop
     vertex 6.1378355912e-01 -1.0170250669e-01 1.2942982179e-01
     vertex 6.1692499470e-01 -1.0193816218e-01 1.2923899174e-01
     vertex 6.1692499470e-01 -1.0068666387e-01 1.3025243508e-01
   endloop
 endfacet
 facet normal  0.0000000000e+00 -6.2932039105e-01 7.7714596146e-01
   outer loop
     vertex 6.1692499470e-01 -1.0193816218e-01 1.2923899174e-01
     vertex 6.2110470404e-01 -1.0068666387e-01 1.3025243508e-01
     vertex 6.1692499470e-01 -1.0068666387e-01 1.3025243508e-01
   endloop
 endfacet
 facet normal  6.1060273462e-15 -6.2932039105e-01 7.7714596146e-01
   outer loop
     vertex 6.1692499470e-01 -1.0193816218e-01 1.2923899174e-01
     vertex 6.2110470404e-01 -1.0210687855e-01 1.2910236791e-01
     vertex 6.2110470404e-01 -1.0068666387e-01 1.3025243508e-01
   endloop
 endfacet
 facet normal  0.0000000000e+00 -6.2932039105e-01 7.7714596146e-01
   outer loop
     vertex 6.2110470404e-01 -1.0210687855e-01 1.2910236791e-01
     vertex 6.2633983987e-01 -1.0068666387e-01 1.3025243508e-01
     vertex 6.2110470404e-01 -1.0068666387e-01 1.3025243508e-01
   endloop
 endfacet
 facet normal  -2.3623828580e-15 -6.2932039105e-01 7.7714596146e-01
   outer loop
     vertex 6.2110470404e-01 -1.0210687855e-01 1.2910236791e-01
     vertex 6.2633983987e-01 -1.0218364799e-01 1.2904020125e-01
     vertex 6.2633983987e-01 -1.0068666387e-01 1.3025243508e-01
   endloop
 endfacet
 facet normal  0.0000000000e+00 -6.2932039105e-01 7.7714596146e-01
   outer loop
     vertex 6.2633983987e-01 -1.0218364799e-01 1.2904020125e-01
     vertex 6.3246263512e-01 -1.0068666387e-01 1.3025243508e-01
     vertex 6.2633983987e-01 -1.0068666387e-01 1.3025243508e-01
   endloop
 endfacet
 facet normal  -3.6395316040e-16 -6.2932039105e-01 7.7714596146e-01
   outer loop
     vertex 6.2633983987e-01 -1.0218364799e-01 1.2904020125e-01
     vertex 6.3246263512e-01 -1.0215211528e-01 1.2906573594e-01
     vertex 6.3246263512e-01 -1.0068666387e-01 1.3025243508e-01
   endloop
 endfacet
 facet normal  0.0000000000e+00 -6.2932039105e-01 7.7714596146e-01
   outer loop
     vertex 6.3246263512e-01 -1.0215211528e-01 1.2906573594e-01
     vertex 6.3909399105e-01 -1.0068666387e-01 1.3025243508e-01
     vertex 6.3246263512e-01 -1.0068666387e-01 1.3025243508e-01
   endloop
 endfacet
 facet normal  2.4689955398e-16 -6.2932039105e-01 7.7714596146e-01
   outer loop
     vertex 6.3246263512e-01 -1.0215211528e-01 1.2906573594e-01
     vertex 6.3909399105e-01 -1.0201845507e-01 1.2917397184e-01
     vertex 6.3909399105e-01 -1.0068666387e-01 1.3025243508e-01
   endloop
 endfacet
 facet normal  -8.9373331635e-16 -6.2932039105e-01 7.7714596146e-01
   outer loop
     vertex 6.3909399105e-01 -1.0201845507e-01 1.2917397184e-01
     vertex 6.4571322308e-01 -1.0181255450e-01 1.2934070683e-01
     vertex 6.3909399105e-01 -1.0068666387e-01 1.3025243508e-01
   endloop
 endfacet
 facet normal  0.0000000000e+00 -6.2932039105e-01 7.7714596146e-01
   outer loop
     vertex 6.3909399105e-01 -1.0068666387e-01 1.3025243508e-01
     vertex 6.4571322308e-01 -1.0181255450e-01 1.2934070683e-01
     vertex 6.4571322308e-01 -1.0068666387e-01 1.3025243508e-01
   endloop
 endfacet
 facet normal  5.6672355468e-16 -6.2932039105e-01 7.7714596146e-01
   outer loop
     vertex 6.4571322308e-01 -1.0181255450e-01 1.2934070683e-01
     vertex 6.5180644866e-01 -1.0157530479e-01 1.2953282786e-01
     vertex 6.4571322308e-01 -1.0068666387e-01 1.3025243508e-01
   endloop
 endfacet
 facet normal  0.0000000000e+00 -6.2932039105e-01 7.7714596146e-01
   outer loop
     vertex 6.4571322308e-01 -1.0068666387e-01 1.3025243508e-01
     vertex 6.5180644866e-01 -1.0157530479e-01 1.2953282786e-01
     vertex 6.5180644866e-01 -1.0068666387e-01 1.3025243508e-01
   endloop
 endfacet
 facet normal  -1.2007250370e-15 -6.2932039105e-01 7.7714596146e-01
   outer loop
     vertex 6.5180644866e-01 -1.0157530479e-01 1.2953282786e-01
     vertex 6.5701176120e-01 -1.0134301372e-01 1.2972093346e-01
     vertex 6.5180644866e-01 -1.0068666387e-01 1.3025243508e-01
   endloop
 endfacet
 facet normal  0.0000000000e+00 -6.2932039105e-01 7.7714596146e-01
   outer loop
     vertex 6.5180644866e-01 -1.0068666387e-01 1.3025243508e-01
     vertex 6.5701176120e-01 -1.0134301372e-01 1.2972093346e-01
     vertex 6.5701176120e-01 -1.0068666387e-01 1.3025243508e-01
   endloop
 endfacet
 facet normal  9.2065129836e-16 -6.2932039105e-01 7.7714596146e-01
   outer loop
     vertex 6.5701176120e-01 -1.0134301372e-01 1.2972093346e-01
     vertex 6.6118197622e-01 -1.0113902508e-01 1.2988612020e-01
     vertex 6.5701176120e-01 -1.0068666387e-01 1.3025243508e-01
   endloop
 endfacet
 facet normal  0.0000000000e+00 -6.2932039105e-01 7.7714596146e-01
   outer loop
     vertex 6.5701176120e-01 -1.0068666387e-01 1.3025243508e-01
     vertex 6.6118197622e-01 -1.0113902508e-01 1.2988612020e-01
     vertex 6.6118197622e-01 -1.0068666387e-01 1.3025243508e-01
   endloop
 endfacet
 facet normal  2.0427325448e-16 -6.2932039105e-01 7.7714596146e-01
   outer loop
     vertex 6.6118197622e-01 -1.0113902508e-01 1.2988612020e-01
     vertex 6.6435425188e-01 -1.0097340952e-01 1.3002023304e-01
     vertex 6.6118197622e-01 -1.0068666387e-01 1.3025243508e-01
   endloop
 endfacet
 facet normal  0.0000000000e+00 -6.2932039105e-01 7.7714596146e-01
   outer loop
     vertex 6.6118197622e-01 -1.0068666387e-01 1.3025243508e-01
     vertex 6.6435425188e-01 -1.0097340952e-01 1.3002023304e-01
     vertex 6.6435425188e-01 -1.0068666387e-01 1.3025243508e-01
   endloop
 endfacet
 facet normal  3.1898020836e-15 -6.2932039105e-01 7.7714596146e-01
   outer loop
     vertex 6.6435425188e-01 -1.0097340952e-01 1.3002023304e-01
     vertex 6.6667354858e-01 -1.0084644539e-01 1.3012304657e-01
     vertex 6.6435425188e-01 -1.0068666387e-01 1.3025243508e-01
   endloop
 endfacet
 facet normal  0.0000000000e+00 -6.2932039105e-01 7.7714596146e-01
   outer loop
     vertex 6.6435425188e-01 -1.0068666387e-01 1.3025243508e-01
     vertex 6.6667354858e-01 -1.0084644539e-01 1.3012304657e-01
     vertex 6.6667354858e-01 -1.0068666387e-01 1.3025243508e-01
   endloop
 endfacet
 facet normal  6.4929783098e-15 -6.2932039105e-01 7.7714596146e-01
   outer loop
     vertex 6.6667354858e-01 -1.0084644539e-01 1.3012304657e-01
     vertex 6.6832052520e-01 -1.0075314298e-01 1.3019860136e-01
     vertex 6.6667354858e-01 -1.0068666387e-01 1.3025243508e-01
   endloop
 endfacet
 facet normal  0.0000000000e+00 -6.2932039105e-01 7.7714596146e-01
   outer loop
     vertex 6.6667354858e-01 -1.0068666387e-01 1.3025243508e-01
     vertex 6.6832052520e-01 -1.0075314298e-01 1.3019860136e-01
     vertex 6.6832052520e-01 -1.0068666387e-01 1.3025243508e-01
   endloop
 endfacet
 facet normal  0.0000000000e+00 -6.2932039105e-01 7.7714596146e-01
   outer loop
     vertex 6.6832052520e-01 -1.0075314298e-01 1.3019860136e-01
     vertex 6.6946605395e-01 -1.0068666387e-01 1.3025243508e-01
     vertex 6.6832052520e-01 -1.0068666387e-01 1.3025243508e-01
   endloop
 endfacet
endsolid
