solid
 facet normal  -6.4108033764e-01 7.5120144723e-01 -1.5720173781e-01
   outer loop
     vertex 4.3305700458e-01 3.6957374315e-01 0.0000000000e+00
     vertex 4.3305700458e-01 3.3883849686e-01 -1.4687090495e-01
     vertex -7.4014868308e-17 -3.7007434154e-17 2.0816681712e-17
   endloop
 endfacet
 facet normal  -6.4321299886e-01 6.3962795639e-01 -4.2089561117e-01
   outer loop
     vertex 4.3305700458e-01 3.3883849686e-01 -1.4687090495e-01
     vertex 4.3305700458e-01 2.5681527445e-01 -2.7152021165e-01
     vertex -7.4014868308e-17 -7.4014868308e-17 0.0000000000e+00
   endloop
 endfacet
 facet normal  -6.5040168219e-01 4.4893037423e-01 -6.1273091231e-01
   outer loop
     vertex 4.3305700458e-01 2.5681527445e-01 -2.7152021165e-01
     vertex 4.3305700458e-01 1.3877785061e-01 -3.5800284831e-01
     vertex -3.7007434154e-17 -3.0068540250e-17 6.4763009770e-17
   endloop
 endfacet
 facet normal  -6.5972600305e-01 1.7071143726e-01 -7.3186010007e-01
   outer loop
     vertex 4.3305700458e-01 1.3877785061e-01 -3.5800284831e-01
     vertex 4.3305700458e-01 7.1054273576e-18 -3.9037374315e-01
     vertex 0.0000000000e+00 0.0000000000e+00 7.4014868308e-17
   endloop
 endfacet
 facet normal  -6.5972600305e-01 -1.7071143726e-01 -7.3186010007e-01
   outer loop
     vertex 0.0000000000e+00 0.0000000000e+00 7.4014868308e-17
     vertex 4.3305700458e-01 7.1054273576e-18 -3.9037374315e-01
     vertex 4.3305700458e-01 -1.3877785061e-01 -3.5800284831e-01
   endloop
 endfacet
 facet normal  -6.5040168219e-01 -4.4893037423e-01 -6.1273091231e-01
   outer loop
     vertex -3.7007434154e-17 0.0000000000e+00 6.4763009770e-17
     vertex 4.3305700458e-01 -1.3877785061e-01 -3.5800284831e-01
     vertex 4.3305700458e-01 -2.5681527445e-01 -2.7152021165e-01
   endloop
 endfacet
 facet normal  -6.4321299886e-01 -6.3962795639e-01 -4.2089561117e-01
   outer loop
     vertex -7.4014868308e-17 0.0000000000e+00 0.0000000000e+00
     vertex 4.3305700458e-01 -2.5681527445e-01 -2.7152021165e-01
     vertex 4.3305700458e-01 -3.3883849686e-01 -1.4687090495e-01
   endloop
 endfacet
 facet normal  -6.4108033764e-01 -7.5120144723e-01 -1.5720173781e-01
   outer loop
     vertex -7.4014868308e-17 3.7007434154e-17 1.3877787808e-17
     vertex 4.3305700458e-01 -3.3883849686e-01 -1.4687090495e-01
     vertex 4.3305700458e-01 -3.6957374315e-01 -2.8421709430e-17
   endloop
 endfacet
 facet normal  -6.4108033764e-01 -7.5120144723e-01 1.5720173781e-01
   outer loop
     vertex 4.3305700458e-01 -3.6957374315e-01 -2.8421709430e-17
     vertex 4.3305700458e-01 -3.3883849686e-01 1.4687090495e-01
     vertex -6.4763009770e-17 4.6259292693e-17 -1.3877787808e-17
   endloop
 endfacet
 facet normal  -6.4321299886e-01 -6.3962795639e-01 4.2089561117e-01
   outer loop
     vertex 4.3305700458e-01 -3.3883849686e-01 1.4687090495e-01
     vertex 4.3305700458e-01 -2.5681527445e-01 2.7152021165e-01
     vertex 0.0000000000e+00 7.4014868308e-17 0.0000000000e+00
   endloop
 endfacet
 facet normal  -6.5040168219e-01 -4.4893037423e-01 6.1273091231e-01
   outer loop
     vertex 4.3305700458e-01 -2.5681527445e-01 2.7152021165e-01
     vertex 4.3305700458e-01 -1.3877785061e-01 3.5800284831e-01
     vertex 0.0000000000e+00 1.6190752442e-17 -6.4763009770e-17
   endloop
 endfacet
 facet normal  -6.5972600305e-01 -1.7071143726e-01 7.3186010007e-01
   outer loop
     vertex 4.3305700458e-01 -1.3877785061e-01 3.5800284831e-01
     vertex 4.3305700458e-01 -4.4408920985e-17 3.9037374315e-01
     vertex 0.0000000000e+00 1.6434602192e-32 -7.4014868308e-17
   endloop
 endfacet
 facet normal  -6.5972600305e-01 1.7071143726e-01 7.3186010007e-01
   outer loop
     vertex 0.0000000000e+00 1.6434602192e-32 -7.4014868308e-17
     vertex 4.3305700458e-01 -4.4408920985e-17 3.9037374315e-01
     vertex 4.3305700458e-01 1.3877785061e-01 3.5800284831e-01
   endloop
 endfacet
 facet normal  -6.5040168219e-01 4.4893037423e-01 6.1273091231e-01
   outer loop
     vertex -3.7007434154e-17 -6.9388939039e-18 -3.7007434154e-17
     vertex 4.3305700458e-01 1.3877785061e-01 3.5800284831e-01
     vertex 4.3305700458e-01 2.5681527445e-01 2.7152021165e-01
   endloop
 endfacet
 facet normal  -6.4321299886e-01 6.3962795639e-01 4.2089561117e-01
   outer loop
     vertex -7.4014868308e-17 0.0000000000e+00 0.0000000000e+00
     vertex 4.3305700458e-01 2.5681527445e-01 2.7152021165e-01
     vertex 4.3305700458e-01 3.3883849686e-01 1.4687090495e-01
   endloop
 endfacet
 facet normal  -6.4108033764e-01 7.5120144723e-01 1.5720173781e-01
   outer loop
     vertex -7.4014868308e-17 -2.7755575616e-17 0.0000000000e+00
     vertex 4.3305700458e-01 3.3883849686e-01 1.4687090495e-01
     vertex 4.3305700458e-01 3.6957374315e-01 0.0000000000e+00
   endloop
 endfacet
 facet normal  -5.3868491892e-01 8.2464407797e-01 -1.7257086313e-01
   outer loop
     vertex 4.3305700458e-01 3.6957374315e-01 0.0000000000e+00
     vertex 9.8943824534e-01 7.3302046104e-01 0.0000000000e+00
     vertex 4.3305700458e-01 3.3883849686e-01 -1.4687090495e-01
   endloop
 endfacet
 facet normal  -5.4218780268e-01 8.2489052095e-01 -1.5996254271e-01
   outer loop
     vertex 9.8943824534e-01 7.3302046104e-01 0.0000000000e+00
     vertex 9.8943824534e-01 6.7349573668e-01 -3.0695549130e-01
     vertex 4.3305700458e-01 3.3883849686e-01 -1.4687090495e-01
   endloop
 endfacet
 facet normal  -5.5120471739e-01 6.9700307615e-01 -4.5865027129e-01
   outer loop
     vertex 4.3305700458e-01 3.3883849686e-01 -1.4687090495e-01
     vertex 9.8943824534e-01 6.7349573668e-01 -3.0695549130e-01
     vertex 4.3305700458e-01 2.5681527445e-01 -2.7152021165e-01
   endloop
 endfacet
 facet normal  -5.5578910847e-01 7.0461206164e-01 -4.4115791901e-01
   outer loop
     vertex 9.8943824534e-01 6.7349573668e-01 -3.0695549130e-01
     vertex 9.8943824534e-01 5.1320282433e-01 -5.6297338098e-01
     vertex 4.3305700458e-01 2.5681527445e-01 -2.7152021165e-01
   endloop
 endfacet
 facet normal  -5.7065155267e-01 4.8533807893e-01 -6.6242264045e-01
   outer loop
     vertex 4.3305700458e-01 2.5681527445e-01 -2.7152021165e-01
     vertex 9.8943824534e-01 5.1320282433e-01 -5.6297338098e-01
     vertex 4.3305700458e-01 1.3877785061e-01 -3.5800284831e-01
   endloop
 endfacet
 facet normal  -5.7271094783e-01 4.9213616761e-01 -6.5559451094e-01
   outer loop
     vertex 9.8943824534e-01 5.1320282433e-01 -5.6297338098e-01
     vertex 9.8943824534e-01 2.7956361507e-01 -7.3835969543e-01
     vertex 4.3305700458e-01 1.3877785061e-01 -3.5800284831e-01
   endloop
 endfacet
 facet normal  -5.8602956761e-01 1.8406462895e-01 -7.8910681042e-01
   outer loop
     vertex 4.3305700458e-01 1.3877785061e-01 -3.5800284831e-01
     vertex 9.8943824534e-01 2.7956361507e-01 -7.3835969543e-01
     vertex 4.3305700458e-01 7.1054273576e-18 -3.9037374315e-01
   endloop
 endfacet
 facet normal  -5.8593587177e-01 1.8368001741e-01 -7.8926599152e-01
   outer loop
     vertex 9.8943824534e-01 2.7956361507e-01 -7.3835969543e-01
     vertex 9.8943824534e-01 7.9936057773e-18 -8.0342046104e-01
     vertex 4.3305700458e-01 7.1054273576e-18 -3.9037374315e-01
   endloop
 endfacet
 facet normal  -5.8593587177e-01 -1.8368001741e-01 -7.8926599152e-01
   outer loop
     vertex 4.3305700458e-01 7.1054273576e-18 -3.9037374315e-01
     vertex 9.8943824534e-01 7.9936057773e-18 -8.0342046104e-01
     vertex 9.8943824534e-01 -2.7956361507e-01 -7.3835969543e-01
   endloop
 endfacet
 facet normal  -5.8602956761e-01 -1.8406462895e-01 -7.8910681042e-01
   outer loop
     vertex 4.3305700458e-01 7.1054273576e-18 -3.9037374315e-01
     vertex 9.8943824534e-01 -2.7956361507e-01 -7.3835969543e-01
     vertex 4.3305700458e-01 -1.3877785061e-01 -3.5800284831e-01
   endloop
 endfacet
 facet normal  -5.7271094783e-01 -4.9213616761e-01 -6.5559451094e-01
   outer loop
     vertex 4.3305700458e-01 -1.3877785061e-01 -3.5800284831e-01
     vertex 9.8943824534e-01 -2.7956361507e-01 -7.3835969543e-01
     vertex 9.8943824534e-01 -5.1320282433e-01 -5.6297338098e-01
   endloop
 endfacet
 facet normal  -5.7065155267e-01 -4.8533807893e-01 -6.6242264045e-01
   outer loop
     vertex 4.3305700458e-01 -1.3877785061e-01 -3.5800284831e-01
     vertex 9.8943824534e-01 -5.1320282433e-01 -5.6297338098e-01
     vertex 4.3305700458e-01 -2.5681527445e-01 -2.7152021165e-01
   endloop
 endfacet
 facet normal  -5.5578910847e-01 -7.0461206164e-01 -4.4115791901e-01
   outer loop
     vertex 4.3305700458e-01 -2.5681527445e-01 -2.7152021165e-01
     vertex 9.8943824534e-01 -5.1320282433e-01 -5.6297338098e-01
     vertex 9.8943824534e-01 -6.7349573668e-01 -3.0695549130e-01
   endloop
 endfacet
 facet normal  -5.5120471739e-01 -6.9700307615e-01 -4.5865027129e-01
   outer loop
     vertex 4.3305700458e-01 -2.5681527445e-01 -2.7152021165e-01
     vertex 9.8943824534e-01 -6.7349573668e-01 -3.0695549130e-01
     vertex 4.3305700458e-01 -3.3883849686e-01 -1.4687090495e-01
   endloop
 endfacet
 facet normal  -5.4218780268e-01 -8.2489052095e-01 -1.5996254271e-01
   outer loop
     vertex 4.3305700458e-01 -3.3883849686e-01 -1.4687090495e-01
     vertex 9.8943824534e-01 -6.7349573668e-01 -3.0695549130e-01
     vertex 9.8943824534e-01 -7.3302046104e-01 -3.1974423109e-17
   endloop
 endfacet
 facet normal  -5.3868491892e-01 -8.2464407797e-01 -1.7257086313e-01
   outer loop
     vertex 4.3305700458e-01 -3.3883849686e-01 -1.4687090495e-01
     vertex 9.8943824534e-01 -7.3302046104e-01 -3.1974423109e-17
     vertex 4.3305700458e-01 -3.6957374315e-01 -2.8421709430e-17
   endloop
 endfacet
 facet normal  -5.3868491892e-01 -8.2464407797e-01 1.7257086313e-01
   outer loop
     vertex 4.3305700458e-01 -3.6957374315e-01 -2.8421709430e-17
     vertex 9.8943824534e-01 -7.3302046104e-01 -3.1974423109e-17
     vertex 4.3305700458e-01 -3.3883849686e-01 1.4687090495e-01
   endloop
 endfacet
 facet normal  -5.4218780268e-01 -8.2489052095e-01 1.5996254271e-01
   outer loop
     vertex 9.8943824534e-01 -7.3302046104e-01 -3.1974423109e-17
     vertex 9.8943824534e-01 -6.7349573668e-01 3.0695549130e-01
     vertex 4.3305700458e-01 -3.3883849686e-01 1.4687090495e-01
   endloop
 endfacet
 facet normal  -5.5120471739e-01 -6.9700307615e-01 4.5865027129e-01
   outer loop
     vertex 4.3305700458e-01 -3.3883849686e-01 1.4687090495e-01
     vertex 9.8943824534e-01 -6.7349573668e-01 3.0695549130e-01
     vertex 4.3305700458e-01 -2.5681527445e-01 2.7152021165e-01
   endloop
 endfacet
 facet normal  -5.5578910847e-01 -7.0461206164e-01 4.4115791901e-01
   outer loop
     vertex 9.8943824534e-01 -6.7349573668e-01 3.0695549130e-01
     vertex 9.8943824534e-01 -5.1320282433e-01 5.6297338098e-01
     vertex 4.3305700458e-01 -2.5681527445e-01 2.7152021165e-01
   endloop
 endfacet
 facet normal  -5.7065155267e-01 -4.8533807893e-01 6.6242264045e-01
   outer loop
     vertex 4.3305700458e-01 -2.5681527445e-01 2.7152021165e-01
     vertex 9.8943824534e-01 -5.1320282433e-01 5.6297338098e-01
     vertex 4.3305700458e-01 -1.3877785061e-01 3.5800284831e-01
   endloop
 endfacet
 facet normal  -5.7271094783e-01 -4.9213616761e-01 6.5559451094e-01
   outer loop
     vertex 9.8943824534e-01 -5.1320282433e-01 5.6297338098e-01
     vertex 9.8943824534e-01 -2.7956361507e-01 7.3835969543e-01
     vertex 4.3305700458e-01 -1.3877785061e-01 3.5800284831e-01
   endloop
 endfacet
 facet normal  -5.8602956761e-01 -1.8406462895e-01 7.8910681042e-01
   outer loop
     vertex 4.3305700458e-01 -1.3877785061e-01 3.5800284831e-01
     vertex 9.8943824534e-01 -2.7956361507e-01 7.3835969543e-01
     vertex 4.3305700458e-01 -4.4408920985e-17 3.9037374315e-01
   endloop
 endfacet
 facet normal  -5.8593587177e-01 -1.8368001741e-01 7.8926599152e-01
   outer loop
     vertex 9.8943824534e-01 -2.7956361507e-01 7.3835969543e-01
     vertex 9.8943824534e-01 -4.9960036108e-17 8.0342046104e-01
     vertex 4.3305700458e-01 -4.4408920985e-17 3.9037374315e-01
   endloop
 endfacet
 facet normal  -5.8593587177e-01 1.8368001741e-01 7.8926599152e-01
   outer loop
     vertex 4.3305700458e-01 -4.4408920985e-17 3.9037374315e-01
     vertex 9.8943824534e-01 -4.9960036108e-17 8.0342046104e-01
     vertex 9.8943824534e-01 2.7956361507e-01 7.3835969543e-01
   endloop
 endfacet
 facet normal  -5.8602956761e-01 1.8406462895e-01 7.8910681042e-01
   outer loop
     vertex 4.3305700458e-01 -4.4408920985e-17 3.9037374315e-01
     vertex 9.8943824534e-01 2.7956361507e-01 7.3835969543e-01
     vertex 4.3305700458e-01 1.3877785061e-01 3.5800284831e-01
   endloop
 endfacet
 facet normal  -5.7271094783e-01 4.9213616761e-01 6.5559451094e-01
   outer loop
     vertex 4.3305700458e-01 1.3877785061e-01 3.5800284831e-01
     vertex 9.8943824534e-01 2.7956361507e-01 7.3835969543e-01
     vertex 9.8943824534e-01 5.1320282433e-01 5.6297338098e-01
   endloop
 endfacet
 facet normal  -5.7065155267e-01 4.8533807893e-01 6.6242264045e-01
   outer loop
     vertex 4.3305700458e-01 1.3877785061e-01 3.5800284831e-01
     vertex 9.8943824534e-01 5.1320282433e-01 5.6297338098e-01
     vertex 4.3305700458e-01 2.5681527445e-01 2.7152021165e-01
   endloop
 endfacet
 facet normal  -5.5578910847e-01 7.0461206164e-01 4.4115791901e-01
   outer loop
     vertex 4.3305700458e-01 2.5681527445e-01 2.7152021165e-01
     vertex 9.8943824534e-01 5.1320282433e-01 5.6297338098e-01
     vertex 9.8943824534e-01 6.7349573668e-01 3.0695549130e-01
   endloop
 endfacet
 facet normal  -5.5120471739e-01 6.9700307615e-01 4.5865027129e-01
   outer loop
     vertex 4.3305700458e-01 2.5681527445e-01 2.7152021165e-01
     vertex 9.8943824534e-01 6.7349573668e-01 3.0695549130e-01
     vertex 4.3305700458e-01 3.3883849686e-01 1.4687090495e-01
   endloop
 endfacet
 facet normal  -5.4218780268e-01 8.2489052095e-01 1.5996254271e-01
   outer loop
     vertex 4.3305700458e-01 3.3883849686e-01 1.4687090495e-01
     vertex 9.8943824534e-01 6.7349573668e-01 3.0695549130e-01
     vertex 9.8943824534e-01 7.3302046104e-01 0.0000000000e+00
   endloop
 endfacet
 facet normal  -5.3868491892e-01 8.2464407797e-01 1.7257086313e-01
   outer loop
     vertex 4.3305700458e-01 3.3883849686e-01 1.4687090495e-01
     vertex 9.8943824534e-01 7.3302046104e-01 0.0000000000e+00
     vertex 4.3305700458e-01 3.6957374315e-01 0.0000000000e+00
   endloop
 endfacet
 facet normal  -4.3368394465e-01 8.8458617880e-01 -1.7153870824e-01
   outer loop
     vertex 9.8943824534e-01 7.3302046104e-01 0.0000000000e+00
     vertex 1.6292109838e+00 1.0466803074e+00 0.0000000000e+00
     vertex 9.8943824534e-01 6.7349573668e-01 -3.0695549130e-01
   endloop
 endfacet
 facet normal  -4.3769496562e-01 8.8426431255e-01 -1.6278741541e-01
   outer loop
     vertex 1.6292109838e+00 1.0466803074e+00 0.0000000000e+00
     vertex 1.6292109838e+00 9.6311773987e-01 -4.5391344358e-01
     vertex 9.8943824534e-01 6.7349573668e-01 -3.0695549130e-01
   endloop
 endfacet
 facet normal  -4.5120104152e-01 7.5639829005e-01 -4.7358129919e-01
   outer loop
     vertex 9.8943824534e-01 6.7349573668e-01 -3.0695549130e-01
     vertex 1.6292109838e+00 9.6311773987e-01 -4.5391344358e-01
     vertex 9.8943824534e-01 5.1320282433e-01 -5.6297338098e-01
   endloop
 endfacet
 facet normal  -4.5674643820e-01 7.6111842071e-01 -4.6052300794e-01
   outer loop
     vertex 1.6292109838e+00 9.6311773987e-01 -4.5391344358e-01
     vertex 1.6292109838e+00 7.3662343510e-01 -8.2824650529e-01
     vertex 9.8943824534e-01 5.1320282433e-01 -5.6297338098e-01
   endloop
 endfacet
 facet normal  -4.7600220368e-01 5.2796870209e-01 -7.0332848066e-01
   outer loop
     vertex 9.8943824534e-01 5.1320282433e-01 -5.6297338098e-01
     vertex 1.6292109838e+00 7.3662343510e-01 -8.2824650529e-01
     vertex 9.8943824534e-01 2.7956361507e-01 -7.3835969543e-01
   endloop
 endfacet
 facet normal  -4.7864140446e-01 5.3272452546e-01 -6.9793050221e-01
   outer loop
     vertex 1.6292109838e+00 7.3662343510e-01 -8.2824650529e-01
     vertex 1.6292109838e+00 4.0348748962e-01 -1.0825263912e+00
     vertex 9.8943824534e-01 2.7956361507e-01 -7.3835969543e-01
   endloop
 endfacet
 facet normal  -4.9379462599e-01 1.9710340138e-01 -8.4694575772e-01
   outer loop
     vertex 9.8943824534e-01 2.7956361507e-01 -7.3835969543e-01
     vertex 1.6292109838e+00 4.0348748962e-01 -1.0825263912e+00
     vertex 9.8943824534e-01 7.9936057773e-18 -8.0342046104e-01
   endloop
 endfacet
 facet normal  -4.9367767396e-01 1.9682621687e-01 -8.4707838751e-01
   outer loop
     vertex 1.6292109838e+00 4.0348748962e-01 -1.0825263912e+00
     vertex 1.6292109838e+00 5.3290705182e-18 -1.1762803074e+00
     vertex 9.8943824534e-01 7.9936057773e-18 -8.0342046104e-01
   endloop
 endfacet
 facet normal  -4.9367767396e-01 -1.9682621687e-01 -8.4707838751e-01
   outer loop
     vertex 9.8943824534e-01 7.9936057773e-18 -8.0342046104e-01
     vertex 1.6292109838e+00 5.3290705182e-18 -1.1762803074e+00
     vertex 1.6292109838e+00 -4.0348748962e-01 -1.0825263912e+00
   endloop
 endfacet
 facet normal  -4.9379462599e-01 -1.9710340138e-01 -8.4694575772e-01
   outer loop
     vertex 9.8943824534e-01 7.9936057773e-18 -8.0342046104e-01
     vertex 1.6292109838e+00 -4.0348748962e-01 -1.0825263912e+00
     vertex 9.8943824534e-01 -2.7956361507e-01 -7.3835969543e-01
   endloop
 endfacet
 facet normal  -4.7864140446e-01 -5.3272452546e-01 -6.9793050221e-01
   outer loop
     vertex 9.8943824534e-01 -2.7956361507e-01 -7.3835969543e-01
     vertex 1.6292109838e+00 -4.0348748962e-01 -1.0825263912e+00
     vertex 1.6292109838e+00 -7.3662343510e-01 -8.2824650529e-01
   endloop
 endfacet
 facet normal  -4.7600220368e-01 -5.2796870209e-01 -7.0332848066e-01
   outer loop
     vertex 9.8943824534e-01 -2.7956361507e-01 -7.3835969543e-01
     vertex 1.6292109838e+00 -7.3662343510e-01 -8.2824650529e-01
     vertex 9.8943824534e-01 -5.1320282433e-01 -5.6297338098e-01
   endloop
 endfacet
 facet normal  -4.5674643820e-01 -7.6111842071e-01 -4.6052300794e-01
   outer loop
     vertex 9.8943824534e-01 -5.1320282433e-01 -5.6297338098e-01
     vertex 1.6292109838e+00 -7.3662343510e-01 -8.2824650529e-01
     vertex 1.6292109838e+00 -9.6311773987e-01 -4.5391344358e-01
   endloop
 endfacet
 facet normal  -4.5120104152e-01 -7.5639829005e-01 -4.7358129919e-01
   outer loop
     vertex 9.8943824534e-01 -5.1320282433e-01 -5.6297338098e-01
     vertex 1.6292109838e+00 -9.6311773987e-01 -4.5391344358e-01
     vertex 9.8943824534e-01 -6.7349573668e-01 -3.0695549130e-01
   endloop
 endfacet
 facet normal  -4.3769496562e-01 -8.8426431255e-01 -1.6278741541e-01
   outer loop
     vertex 9.8943824534e-01 -6.7349573668e-01 -3.0695549130e-01
     vertex 1.6292109838e+00 -9.6311773987e-01 -4.5391344358e-01
     vertex 1.6292109838e+00 -1.0466803074e+00 -2.1316282073e-17
   endloop
 endfacet
 facet normal  -4.3368394465e-01 -8.8458617880e-01 -1.7153870824e-01
   outer loop
     vertex 9.8943824534e-01 -6.7349573668e-01 -3.0695549130e-01
     vertex 1.6292109838e+00 -1.0466803074e+00 -2.1316282073e-17
     vertex 9.8943824534e-01 -7.3302046104e-01 -3.1974423109e-17
   endloop
 endfacet
 facet normal  -4.3368394465e-01 -8.8458617880e-01 1.7153870824e-01
   outer loop
     vertex 9.8943824534e-01 -7.3302046104e-01 -3.1974423109e-17
     vertex 1.6292109838e+00 -1.0466803074e+00 -2.1316282073e-17
     vertex 9.8943824534e-01 -6.7349573668e-01 3.0695549130e-01
   endloop
 endfacet
 facet normal  -4.3769496562e-01 -8.8426431255e-01 1.6278741541e-01
   outer loop
     vertex 1.6292109838e+00 -1.0466803074e+00 -2.1316282073e-17
     vertex 1.6292109838e+00 -9.6311773987e-01 4.5391344358e-01
     vertex 9.8943824534e-01 -6.7349573668e-01 3.0695549130e-01
   endloop
 endfacet
 facet normal  -4.5120104152e-01 -7.5639829005e-01 4.7358129919e-01
   outer loop
     vertex 9.8943824534e-01 -6.7349573668e-01 3.0695549130e-01
     vertex 1.6292109838e+00 -9.6311773987e-01 4.5391344358e-01
     vertex 9.8943824534e-01 -5.1320282433e-01 5.6297338098e-01
   endloop
 endfacet
 facet normal  -4.5674643820e-01 -7.6111842071e-01 4.6052300794e-01
   outer loop
     vertex 1.6292109838e+00 -9.6311773987e-01 4.5391344358e-01
     vertex 1.6292109838e+00 -7.3662343510e-01 8.2824650529e-01
     vertex 9.8943824534e-01 -5.1320282433e-01 5.6297338098e-01
   endloop
 endfacet
 facet normal  -4.7600220368e-01 -5.2796870209e-01 7.0332848066e-01
   outer loop
     vertex 9.8943824534e-01 -5.1320282433e-01 5.6297338098e-01
     vertex 1.6292109838e+00 -7.3662343510e-01 8.2824650529e-01
     vertex 9.8943824534e-01 -2.7956361507e-01 7.3835969543e-01
   endloop
 endfacet
 facet normal  -4.7864140446e-01 -5.3272452546e-01 6.9793050221e-01
   outer loop
     vertex 1.6292109838e+00 -7.3662343510e-01 8.2824650529e-01
     vertex 1.6292109838e+00 -4.0348748962e-01 1.0825263912e+00
     vertex 9.8943824534e-01 -2.7956361507e-01 7.3835969543e-01
   endloop
 endfacet
 facet normal  -4.9379462599e-01 -1.9710340138e-01 8.4694575772e-01
   outer loop
     vertex 9.8943824534e-01 -2.7956361507e-01 7.3835969543e-01
     vertex 1.6292109838e+00 -4.0348748962e-01 1.0825263912e+00
     vertex 9.8943824534e-01 -4.9960036108e-17 8.0342046104e-01
   endloop
 endfacet
 facet normal  -4.9367767396e-01 -1.9682621687e-01 8.4707838751e-01
   outer loop
     vertex 1.6292109838e+00 -4.0348748962e-01 1.0825263912e+00
     vertex 1.6292109838e+00 -3.3306690739e-17 1.1762803074e+00
     vertex 9.8943824534e-01 -4.9960036108e-17 8.0342046104e-01
   endloop
 endfacet
 facet normal  -4.9367767396e-01 1.9682621687e-01 8.4707838751e-01
   outer loop
     vertex 9.8943824534e-01 -4.9960036108e-17 8.0342046104e-01
     vertex 1.6292109838e+00 -3.3306690739e-17 1.1762803074e+00
     vertex 1.6292109838e+00 4.0348748962e-01 1.0825263912e+00
   endloop
 endfacet
 facet normal  -4.9379462599e-01 1.9710340138e-01 8.4694575772e-01
   outer loop
     vertex 9.8943824534e-01 -4.9960036108e-17 8.0342046104e-01
     vertex 1.6292109838e+00 4.0348748962e-01 1.0825263912e+00
     vertex 9.8943824534e-01 2.7956361507e-01 7.3835969543e-01
   endloop
 endfacet
 facet normal  -4.7864140446e-01 5.3272452546e-01 6.9793050221e-01
   outer loop
     vertex 9.8943824534e-01 2.7956361507e-01 7.3835969543e-01
     vertex 1.6292109838e+00 4.0348748962e-01 1.0825263912e+00
     vertex 1.6292109838e+00 7.3662343510e-01 8.2824650529e-01
   endloop
 endfacet
 facet normal  -4.7600220368e-01 5.2796870209e-01 7.0332848066e-01
   outer loop
     vertex 9.8943824534e-01 2.7956361507e-01 7.3835969543e-01
     vertex 1.6292109838e+00 7.3662343510e-01 8.2824650529e-01
     vertex 9.8943824534e-01 5.1320282433e-01 5.6297338098e-01
   endloop
 endfacet
 facet normal  -4.5674643820e-01 7.6111842071e-01 4.6052300794e-01
   outer loop
     vertex 9.8943824534e-01 5.1320282433e-01 5.6297338098e-01
     vertex 1.6292109838e+00 7.3662343510e-01 8.2824650529e-01
     vertex 1.6292109838e+00 9.6311773987e-01 4.5391344358e-01
   endloop
 endfacet
 facet normal  -4.5120104152e-01 7.5639829005e-01 4.7358129919e-01
   outer loop
     vertex 9.8943824534e-01 5.1320282433e-01 5.6297338098e-01
     vertex 1.6292109838e+00 9.6311773987e-01 4.5391344358e-01
     vertex 9.8943824534e-01 6.7349573668e-01 3.0695549130e-01
   endloop
 endfacet
 facet normal  -4.3769496562e-01 8.8426431255e-01 1.6278741541e-01
   outer loop
     vertex 9.8943824534e-01 6.7349573668e-01 3.0695549130e-01
     vertex 1.6292109838e+00 9.6311773987e-01 4.5391344358e-01
     vertex 1.6292109838e+00 1.0466803074e+00 0.0000000000e+00
   endloop
 endfacet
 facet normal  -4.3368394465e-01 8.8458617880e-01 1.7153870824e-01
   outer loop
     vertex 9.8943824534e-01 6.7349573668e-01 3.0695549130e-01
     vertex 1.6292109838e+00 1.0466803074e+00 0.0000000000e+00
     vertex 9.8943824534e-01 7.3302046104e-01 0.0000000000e+00
   endloop
 endfacet
 facet normal  -3.0216707869e-01 9.3750117083e-01 -1.7258798119e-01
   outer loop
     vertex 1.6292109838e+00 1.0466803074e+00 0.0000000000e+00
     vertex 2.3124424815e+00 1.2668934358e+00 0.0000000000e+00
     vertex 1.6292109838e+00 9.6311773987e-01 -4.5391344358e-01
   endloop
 endfacet
 facet normal  -3.0578286742e-01 9.3733475451e-01 -1.6703411620e-01
   outer loop
     vertex 2.3124424815e+00 1.2668934358e+00 0.0000000000e+00
     vertex 2.3124424815e+00 1.1668505268e+00 -5.6140444630e-01
     vertex 1.6292109838e+00 9.6311773987e-01 -4.5391344358e-01
   endloop
 endfacet
 facet normal  -3.1898640216e-01 8.1088078671e-01 -4.9063227063e-01
   outer loop
     vertex 1.6292109838e+00 9.6311773987e-01 -4.5391344358e-01
     vertex 2.3124424815e+00 1.1668505268e+00 -5.6140444630e-01
     vertex 1.6292109838e+00 7.3662343510e-01 -8.2824650529e-01
   endloop
 endfacet
 facet normal  -3.2427394577e-01 8.1393962946e-01 -4.8202560896e-01
   outer loop
     vertex 2.3124424815e+00 1.1668505268e+00 -5.6140444630e-01
     vertex 2.3124424815e+00 8.9453789221e-01 -1.0212265819e+00
     vertex 1.6292109838e+00 7.3662343510e-01 -8.2824650529e-01
   endloop
 endfacet
 facet normal  -3.4267210220e-01 5.7000544677e-01 -7.4677280416e-01
   outer loop
     vertex 1.6292109838e+00 7.3662343510e-01 -8.2824650529e-01
     vertex 2.3124424815e+00 8.9453789221e-01 -1.0212265819e+00
     vertex 1.6292109838e+00 4.0348748962e-01 -1.0825263912e+00
   endloop
 endfacet
 facet normal  -3.4528568437e-01 5.7318654735e-01 -7.4312514296e-01
   outer loop
     vertex 2.3124424815e+00 8.9453789221e-01 -1.0212265819e+00
     vertex 2.3124424815e+00 4.9167967045e-01 -1.3319587854e+00
     vertex 1.6292109838e+00 4.0348748962e-01 -1.0825263912e+00
   endloop
 endfacet
 facet normal  -3.5914443726e-01 2.1122914766e-01 -9.0906409035e-01
   outer loop
     vertex 1.6292109838e+00 4.0348748962e-01 -1.0825263912e+00
     vertex 2.3124424815e+00 4.9167967045e-01 -1.3319587854e+00
     vertex 1.6292109838e+00 5.3290705182e-18 -1.1762803074e+00
   endloop
 endfacet
 facet normal  -3.5903083058e-01 2.1104341545e-01 -9.0915209920e-01
   outer loop
     vertex 2.3124424815e+00 4.9167967045e-01 -1.3319587854e+00
     vertex 2.3124424815e+00 1.7763568394e-18 -1.4460934358e+00
     vertex 1.6292109838e+00 5.3290705182e-18 -1.1762803074e+00
   endloop
 endfacet
 facet normal  -3.5903083058e-01 -2.1104341545e-01 -9.0915209920e-01
   outer loop
     vertex 1.6292109838e+00 5.3290705182e-18 -1.1762803074e+00
     vertex 2.3124424815e+00 1.7763568394e-18 -1.4460934358e+00
     vertex 2.3124424815e+00 -4.9167967045e-01 -1.3319587854e+00
   endloop
 endfacet
 facet normal  -3.5914443726e-01 -2.1122914766e-01 -9.0906409035e-01
   outer loop
     vertex 1.6292109838e+00 5.3290705182e-18 -1.1762803074e+00
     vertex 2.3124424815e+00 -4.9167967045e-01 -1.3319587854e+00
     vertex 1.6292109838e+00 -4.0348748962e-01 -1.0825263912e+00
   endloop
 endfacet
 facet normal  -3.4528568437e-01 -5.7318654735e-01 -7.4312514296e-01
   outer loop
     vertex 1.6292109838e+00 -4.0348748962e-01 -1.0825263912e+00
     vertex 2.3124424815e+00 -4.9167967045e-01 -1.3319587854e+00
     vertex 2.3124424815e+00 -8.9453789221e-01 -1.0212265819e+00
   endloop
 endfacet
 facet normal  -3.4267210220e-01 -5.7000544677e-01 -7.4677280416e-01
   outer loop
     vertex 1.6292109838e+00 -4.0348748962e-01 -1.0825263912e+00
     vertex 2.3124424815e+00 -8.9453789221e-01 -1.0212265819e+00
     vertex 1.6292109838e+00 -7.3662343510e-01 -8.2824650529e-01
   endloop
 endfacet
 facet normal  -3.2427394577e-01 -8.1393962946e-01 -4.8202560896e-01
   outer loop
     vertex 1.6292109838e+00 -7.3662343510e-01 -8.2824650529e-01
     vertex 2.3124424815e+00 -8.9453789221e-01 -1.0212265819e+00
     vertex 2.3124424815e+00 -1.1668505268e+00 -5.6140444630e-01
   endloop
 endfacet
 facet normal  -3.1898640216e-01 -8.1088078671e-01 -4.9063227063e-01
   outer loop
     vertex 1.6292109838e+00 -7.3662343510e-01 -8.2824650529e-01
     vertex 2.3124424815e+00 -1.1668505268e+00 -5.6140444630e-01
     vertex 1.6292109838e+00 -9.6311773987e-01 -4.5391344358e-01
   endloop
 endfacet
 facet normal  -3.0578286742e-01 -9.3733475451e-01 -1.6703411620e-01
   outer loop
     vertex 1.6292109838e+00 -9.6311773987e-01 -4.5391344358e-01
     vertex 2.3124424815e+00 -1.1668505268e+00 -5.6140444630e-01
     vertex 2.3124424815e+00 -1.2668934358e+00 -7.1054273576e-18
   endloop
 endfacet
 facet normal  -3.0216707869e-01 -9.3750117083e-01 -1.7258798119e-01
   outer loop
     vertex 1.6292109838e+00 -9.6311773987e-01 -4.5391344358e-01
     vertex 2.3124424815e+00 -1.2668934358e+00 -7.1054273576e-18
     vertex 1.6292109838e+00 -1.0466803074e+00 -2.1316282073e-17
   endloop
 endfacet
 facet normal  -3.0216707869e-01 -9.3750117083e-01 1.7258798119e-01
   outer loop
     vertex 1.6292109838e+00 -1.0466803074e+00 -2.1316282073e-17
     vertex 2.3124424815e+00 -1.2668934358e+00 -7.1054273576e-18
     vertex 1.6292109838e+00 -9.6311773987e-01 4.5391344358e-01
   endloop
 endfacet
 facet normal  -3.0578286742e-01 -9.3733475451e-01 1.6703411620e-01
   outer loop
     vertex 2.3124424815e+00 -1.2668934358e+00 -7.1054273576e-18
     vertex 2.3124424815e+00 -1.1668505268e+00 5.6140444630e-01
     vertex 1.6292109838e+00 -9.6311773987e-01 4.5391344358e-01
   endloop
 endfacet
 facet normal  -3.1898640216e-01 -8.1088078671e-01 4.9063227063e-01
   outer loop
     vertex 1.6292109838e+00 -9.6311773987e-01 4.5391344358e-01
     vertex 2.3124424815e+00 -1.1668505268e+00 5.6140444630e-01
     vertex 1.6292109838e+00 -7.3662343510e-01 8.2824650529e-01
   endloop
 endfacet
 facet normal  -3.2427394577e-01 -8.1393962946e-01 4.8202560896e-01
   outer loop
     vertex 2.3124424815e+00 -1.1668505268e+00 5.6140444630e-01
     vertex 2.3124424815e+00 -8.9453789221e-01 1.0212265819e+00
     vertex 1.6292109838e+00 -7.3662343510e-01 8.2824650529e-01
   endloop
 endfacet
 facet normal  -3.4267210220e-01 -5.7000544677e-01 7.4677280416e-01
   outer loop
     vertex 1.6292109838e+00 -7.3662343510e-01 8.2824650529e-01
     vertex 2.3124424815e+00 -8.9453789221e-01 1.0212265819e+00
     vertex 1.6292109838e+00 -4.0348748962e-01 1.0825263912e+00
   endloop
 endfacet
 facet normal  -3.4528568437e-01 -5.7318654735e-01 7.4312514296e-01
   outer loop
     vertex 2.3124424815e+00 -8.9453789221e-01 1.0212265819e+00
     vertex 2.3124424815e+00 -4.9167967045e-01 1.3319587854e+00
     vertex 1.6292109838e+00 -4.0348748962e-01 1.0825263912e+00
   endloop
 endfacet
 facet normal  -3.5914443726e-01 -2.1122914766e-01 9.0906409035e-01
   outer loop
     vertex 1.6292109838e+00 -4.0348748962e-01 1.0825263912e+00
     vertex 2.3124424815e+00 -4.9167967045e-01 1.3319587854e+00
     vertex 1.6292109838e+00 -3.3306690739e-17 1.1762803074e+00
   endloop
 endfacet
 facet normal  -3.5903083058e-01 -2.1104341545e-01 9.0915209920e-01
   outer loop
     vertex 2.3124424815e+00 -4.9167967045e-01 1.3319587854e+00
     vertex 2.3124424815e+00 -1.1102230246e-17 1.4460934358e+00
     vertex 1.6292109838e+00 -3.3306690739e-17 1.1762803074e+00
   endloop
 endfacet
 facet normal  -3.5903083058e-01 2.1104341545e-01 9.0915209920e-01
   outer loop
     vertex 1.6292109838e+00 -3.3306690739e-17 1.1762803074e+00
     vertex 2.3124424815e+00 -1.1102230246e-17 1.4460934358e+00
     vertex 2.3124424815e+00 4.9167967045e-01 1.3319587854e+00
   endloop
 endfacet
 facet normal  -3.5914443726e-01 2.1122914766e-01 9.0906409035e-01
   outer loop
     vertex 1.6292109838e+00 -3.3306690739e-17 1.1762803074e+00
     vertex 2.3124424815e+00 4.9167967045e-01 1.3319587854e+00
     vertex 1.6292109838e+00 4.0348748962e-01 1.0825263912e+00
   endloop
 endfacet
 facet normal  -3.4528568437e-01 5.7318654735e-01 7.4312514296e-01
   outer loop
     vertex 1.6292109838e+00 4.0348748962e-01 1.0825263912e+00
     vertex 2.3124424815e+00 4.9167967045e-01 1.3319587854e+00
     vertex 2.3124424815e+00 8.9453789221e-01 1.0212265819e+00
   endloop
 endfacet
 facet normal  -3.4267210220e-01 5.7000544677e-01 7.4677280416e-01
   outer loop
     vertex 1.6292109838e+00 4.0348748962e-01 1.0825263912e+00
     vertex 2.3124424815e+00 8.9453789221e-01 1.0212265819e+00
     vertex 1.6292109838e+00 7.3662343510e-01 8.2824650529e-01
   endloop
 endfacet
 facet normal  -3.2427394577e-01 8.1393962946e-01 4.8202560896e-01
   outer loop
     vertex 1.6292109838e+00 7.3662343510e-01 8.2824650529e-01
     vertex 2.3124424815e+00 8.9453789221e-01 1.0212265819e+00
     vertex 2.3124424815e+00 1.1668505268e+00 5.6140444630e-01
   endloop
 endfacet
 facet normal  -3.1898640216e-01 8.1088078671e-01 4.9063227063e-01
   outer loop
     vertex 1.6292109838e+00 7.3662343510e-01 8.2824650529e-01
     vertex 2.3124424815e+00 1.1668505268e+00 5.6140444630e-01
     vertex 1.6292109838e+00 9.6311773987e-01 4.5391344358e-01
   endloop
 endfacet
 facet normal  -3.0578286742e-01 9.3733475451e-01 1.6703411620e-01
   outer loop
     vertex 1.6292109838e+00 9.6311773987e-01 4.5391344358e-01
     vertex 2.3124424815e+00 1.1668505268e+00 5.6140444630e-01
     vertex 2.3124424815e+00 1.2668934358e+00 0.0000000000e+00
   endloop
 endfacet
 facet normal  -3.0216707869e-01 9.3750117083e-01 1.7258798119e-01
   outer loop
     vertex 1.6292109838e+00 9.6311773987e-01 4.5391344358e-01
     vertex 2.3124424815e+00 1.2668934358e+00 0.0000000000e+00
     vertex 1.6292109838e+00 1.0466803074e+00 0.0000000000e+00
   endloop
 endfacet
 facet normal  -1.1829954796e-01 9.7757746054e-01 -1.7420541205e-01
   outer loop
     vertex 2.3124424815e+00 1.2668934358e+00 0.0000000000e+00
     vertex 2.9992000000e+00 1.3500000000e+00 0.0000000000e+00
     vertex 2.3124424815e+00 1.1668505268e+00 -5.6140444630e-01
   endloop
 endfacet
 facet normal  -1.2005620772e-01 9.7773482759e-01 -1.7210785545e-01
   outer loop
     vertex 2.9992000000e+00 1.3500000000e+00 0.0000000000e+00
     vertex 2.9992000000e+00 1.2438401179e+00 -6.0308818399e-01
     vertex 2.3124424815e+00 1.1668505268e+00 -5.6140444630e-01
   endloop
 endfacet
 facet normal  -1.2636715260e-01 8.5353711436e-01 -5.0547575327e-01
   outer loop
     vertex 2.3124424815e+00 1.1668505268e+00 -5.6140444630e-01
     vertex 2.9992000000e+00 1.2438401179e+00 -6.0308818399e-01
     vertex 2.3124424815e+00 8.9453789221e-01 -1.0212265819e+00
   endloop
 endfacet
 facet normal  -1.2907838681e-01 8.5502506560e-01 -5.0226577352e-01
   outer loop
     vertex 2.9992000000e+00 1.2438401179e+00 -6.0308818399e-01
     vertex 2.9992000000e+00 9.5440698115e-01 -1.0958006080e+00
     vertex 2.3124424815e+00 8.9453789221e-01 -1.0212265819e+00
   endloop
 endfacet
 facet normal  -1.3789594556e-01 6.0491440812e-01 -7.8425969363e-01
   outer loop
     vertex 2.3124424815e+00 8.9453789221e-01 -1.0212265819e+00
     vertex 2.9992000000e+00 9.5440698115e-01 -1.0958006080e+00
     vertex 2.3124424815e+00 4.9167967045e-01 -1.3319587854e+00
   endloop
 endfacet
 facet normal  -1.3927689340e-01 6.0629482119e-01 -7.8294861693e-01
   outer loop
     vertex 2.9992000000e+00 9.5440698115e-01 -1.0958006080e+00
     vertex 2.9992000000e+00 5.2527035379e-01 -1.4281127280e+00
     vertex 2.3124424815e+00 4.9167967045e-01 -1.3319587854e+00
   endloop
 endfacet
 facet normal  -1.4586802839e-01 2.2370123011e-01 -9.6368058917e-01
   outer loop
     vertex 2.3124424815e+00 4.9167967045e-01 -1.3319587854e+00
     vertex 2.9992000000e+00 5.2527035379e-01 -1.4281127280e+00
     vertex 2.3124424815e+00 1.7763568394e-18 -1.4460934358e+00
   endloop
 endfacet
 facet normal  -1.4580910817e-01 2.2362510568e-01 -9.6370717341e-01
   outer loop
     vertex 2.9992000000e+00 5.2527035379e-01 -1.4281127280e+00
     vertex 2.9992000000e+00 0.0000000000e+00 -1.5500000000e+00
     vertex 2.3124424815e+00 1.7763568394e-18 -1.4460934358e+00
   endloop
 endfacet
 facet normal  -1.4580910817e-01 -2.2362510568e-01 -9.6370717341e-01
   outer loop
     vertex 2.3124424815e+00 1.7763568394e-18 -1.4460934358e+00
     vertex 2.9992000000e+00 0.0000000000e+00 -1.5500000000e+00
     vertex 2.9992000000e+00 -5.2527035379e-01 -1.4281127280e+00
   endloop
 endfacet
 facet normal  -1.4586802839e-01 -2.2370123011e-01 -9.6368058917e-01
   outer loop
     vertex 2.3124424815e+00 1.7763568394e-18 -1.4460934358e+00
     vertex 2.9992000000e+00 -5.2527035379e-01 -1.4281127280e+00
     vertex 2.3124424815e+00 -4.9167967045e-01 -1.3319587854e+00
   endloop
 endfacet
 facet normal  -1.3927689340e-01 -6.0629482119e-01 -7.8294861693e-01
   outer loop
     vertex 2.3124424815e+00 -4.9167967045e-01 -1.3319587854e+00
     vertex 2.9992000000e+00 -5.2527035379e-01 -1.4281127280e+00
     vertex 2.9992000000e+00 -9.5440698115e-01 -1.0958006080e+00
   endloop
 endfacet
 facet normal  -1.3789594556e-01 -6.0491440812e-01 -7.8425969363e-01
   outer loop
     vertex 2.3124424815e+00 -4.9167967045e-01 -1.3319587854e+00
     vertex 2.9992000000e+00 -9.5440698115e-01 -1.0958006080e+00
     vertex 2.3124424815e+00 -8.9453789221e-01 -1.0212265819e+00
   endloop
 endfacet
 facet normal  -1.2907838681e-01 -8.5502506560e-01 -5.0226577352e-01
   outer loop
     vertex 2.3124424815e+00 -8.9453789221e-01 -1.0212265819e+00
     vertex 2.9992000000e+00 -9.5440698115e-01 -1.0958006080e+00
     vertex 2.9992000000e+00 -1.2438401179e+00 -6.0308818399e-01
   endloop
 endfacet
 facet normal  -1.2636715260e-01 -8.5353711436e-01 -5.0547575327e-01
   outer loop
     vertex 2.3124424815e+00 -8.9453789221e-01 -1.0212265819e+00
     vertex 2.9992000000e+00 -1.2438401179e+00 -6.0308818399e-01
     vertex 2.3124424815e+00 -1.1668505268e+00 -5.6140444630e-01
   endloop
 endfacet
 facet normal  -1.2005620772e-01 -9.7773482759e-01 -1.7210785545e-01
   outer loop
     vertex 2.3124424815e+00 -1.1668505268e+00 -5.6140444630e-01
     vertex 2.9992000000e+00 -1.2438401179e+00 -6.0308818399e-01
     vertex 2.9992000000e+00 -1.3500000000e+00 0.0000000000e+00
   endloop
 endfacet
 facet normal  -1.1829954796e-01 -9.7757746054e-01 -1.7420541205e-01
   outer loop
     vertex 2.3124424815e+00 -1.1668505268e+00 -5.6140444630e-01
     vertex 2.9992000000e+00 -1.3500000000e+00 0.0000000000e+00
     vertex 2.3124424815e+00 -1.2668934358e+00 -7.1054273576e-18
   endloop
 endfacet
 facet normal  -1.1829954796e-01 -9.7757746054e-01 1.7420541205e-01
   outer loop
     vertex 2.3124424815e+00 -1.2668934358e+00 -7.1054273576e-18
     vertex 2.9992000000e+00 -1.3500000000e+00 0.0000000000e+00
     vertex 2.3124424815e+00 -1.1668505268e+00 5.6140444630e-01
   endloop
 endfacet
 facet normal  -1.2005620772e-01 -9.7773482759e-01 1.7210785545e-01
   outer loop
     vertex 2.9992000000e+00 -1.3500000000e+00 0.0000000000e+00
     vertex 2.9992000000e+00 -1.2438401179e+00 6.0308818399e-01
     vertex 2.3124424815e+00 -1.1668505268e+00 5.6140444630e-01
   endloop
 endfacet
 facet normal  -1.2636715260e-01 -8.5353711436e-01 5.0547575327e-01
   outer loop
     vertex 2.3124424815e+00 -1.1668505268e+00 5.6140444630e-01
     vertex 2.9992000000e+00 -1.2438401179e+00 6.0308818399e-01
     vertex 2.3124424815e+00 -8.9453789221e-01 1.0212265819e+00
   endloop
 endfacet
 facet normal  -1.2907838681e-01 -8.5502506560e-01 5.0226577352e-01
   outer loop
     vertex 2.9992000000e+00 -1.2438401179e+00 6.0308818399e-01
     vertex 2.9992000000e+00 -9.5440698115e-01 1.0958006080e+00
     vertex 2.3124424815e+00 -8.9453789221e-01 1.0212265819e+00
   endloop
 endfacet
 facet normal  -1.3789594556e-01 -6.0491440812e-01 7.8425969363e-01
   outer loop
     vertex 2.3124424815e+00 -8.9453789221e-01 1.0212265819e+00
     vertex 2.9992000000e+00 -9.5440698115e-01 1.0958006080e+00
     vertex 2.3124424815e+00 -4.9167967045e-01 1.3319587854e+00
   endloop
 endfacet
 facet normal  -1.3927689340e-01 -6.0629482119e-01 7.8294861693e-01
   outer loop
     vertex 2.9992000000e+00 -9.5440698115e-01 1.0958006080e+00
     vertex 2.9992000000e+00 -5.2527035379e-01 1.4281127280e+00
     vertex 2.3124424815e+00 -4.9167967045e-01 1.3319587854e+00
   endloop
 endfacet
 facet normal  -1.4586802839e-01 -2.2370123011e-01 9.6368058917e-01
   outer loop
     vertex 2.3124424815e+00 -4.9167967045e-01 1.3319587854e+00
     vertex 2.9992000000e+00 -5.2527035379e-01 1.4281127280e+00
     vertex 2.3124424815e+00 -1.1102230246e-17 1.4460934358e+00
   endloop
 endfacet
 facet normal  -1.4580910817e-01 -2.2362510568e-01 9.6370717341e-01
   outer loop
     vertex 2.9992000000e+00 -5.2527035379e-01 1.4281127280e+00
     vertex 2.9992000000e+00 0.0000000000e+00 1.5500000000e+00
     vertex 2.3124424815e+00 -1.1102230246e-17 1.4460934358e+00
   endloop
 endfacet
 facet normal  -1.4580910817e-01 2.2362510568e-01 9.6370717341e-01
   outer loop
     vertex 2.3124424815e+00 -1.1102230246e-17 1.4460934358e+00
     vertex 2.9992000000e+00 0.0000000000e+00 1.5500000000e+00
     vertex 2.9992000000e+00 5.2527035379e-01 1.4281127280e+00
   endloop
 endfacet
 facet normal  -1.4586802839e-01 2.2370123011e-01 9.6368058917e-01
   outer loop
     vertex 2.3124424815e+00 -1.1102230246e-17 1.4460934358e+00
     vertex 2.9992000000e+00 5.2527035379e-01 1.4281127280e+00
     vertex 2.3124424815e+00 4.9167967045e-01 1.3319587854e+00
   endloop
 endfacet
 facet normal  -1.3927689340e-01 6.0629482119e-01 7.8294861693e-01
   outer loop
     vertex 2.3124424815e+00 4.9167967045e-01 1.3319587854e+00
     vertex 2.9992000000e+00 5.2527035379e-01 1.4281127280e+00
     vertex 2.9992000000e+00 9.5440698115e-01 1.0958006080e+00
   endloop
 endfacet
 facet normal  -1.3789594556e-01 6.0491440812e-01 7.8425969363e-01
   outer loop
     vertex 2.3124424815e+00 4.9167967045e-01 1.3319587854e+00
     vertex 2.9992000000e+00 9.5440698115e-01 1.0958006080e+00
     vertex 2.3124424815e+00 8.9453789221e-01 1.0212265819e+00
   endloop
 endfacet
 facet normal  -1.2907838681e-01 8.5502506560e-01 5.0226577352e-01
   outer loop
     vertex 2.3124424815e+00 8.9453789221e-01 1.0212265819e+00
     vertex 2.9992000000e+00 9.5440698115e-01 1.0958006080e+00
     vertex 2.9992000000e+00 1.2438401179e+00 6.0308818399e-01
   endloop
 endfacet
 facet normal  -1.2636715260e-01 8.5353711436e-01 5.0547575327e-01
   outer loop
     vertex 2.3124424815e+00 8.9453789221e-01 1.0212265819e+00
     vertex 2.9992000000e+00 1.2438401179e+00 6.0308818399e-01
     vertex 2.3124424815e+00 1.1668505268e+00 5.6140444630e-01
   endloop
 endfacet
 facet normal  -1.2005620772e-01 9.7773482759e-01 1.7210785545e-01
   outer loop
     vertex 2.3124424815e+00 1.1668505268e+00 5.6140444630e-01
     vertex 2.9992000000e+00 1.2438401179e+00 6.0308818399e-01
     vertex 2.9992000000e+00 1.3500000000e+00 0.0000000000e+00
   endloop
 endfacet
 facet normal  -1.1829954796e-01 9.7757746054e-01 1.7420541205e-01
   outer loop
     vertex 2.3124424815e+00 1.1668505268e+00 5.6140444630e-01
     vertex 2.9992000000e+00 1.3500000000e+00 0.0000000000e+00
     vertex 2.3124424815e+00 1.2668934358e+00 0.0000000000e+00
   endloop
 endfacet
 facet normal  -8.4523189455e-02 9.8133390958e-01 -1.7274139152e-01
   outer loop
     vertex 2.9992000000e+00 1.3500000000e+00 0.0000000000e+00
     vertex 3.7538651343e+00 1.4150000000e+00 0.0000000000e+00
     vertex 2.9992000000e+00 1.2438401179e+00 -6.0308818399e-01
   endloop
 endfacet
 facet normal  -8.2735116547e-02 9.8110160727e-01 -1.7491294036e-01
   outer loop
     vertex 3.7538651343e+00 1.4150000000e+00 0.0000000000e+00
     vertex 3.7538651343e+00 1.3037287162e+00 -6.2413012527e-01
     vertex 2.9992000000e+00 1.2438401179e+00 -6.0308818399e-01
   endloop
 endfacet
 facet normal  -8.2268110621e-02 8.5931542532e-01 -5.0478605150e-01
   outer loop
     vertex 2.9992000000e+00 1.2438401179e+00 -6.0308818399e-01
     vertex 3.7538651343e+00 1.3037287162e+00 -6.2413012527e-01
     vertex 2.9992000000e+00 9.5440698115e-01 -1.0958006080e+00
   endloop
 endfacet
 facet normal  -7.7995762007e-02 8.5678233213e-01 -5.0974571745e-01
   outer loop
     vertex 3.7538651343e+00 1.3037287162e+00 -6.2413012527e-01
     vertex 3.7538651343e+00 1.0003599099e+00 -1.1340334447e+00
     vertex 2.9992000000e+00 9.5440698115e-01 -1.0958006080e+00
   endloop
 endfacet
 facet normal  -7.7107648684e-02 6.1043940633e-01 -7.8830079393e-01
   outer loop
     vertex 2.9992000000e+00 9.5440698115e-01 -1.0958006080e+00
     vertex 3.7538651343e+00 1.0003599099e+00 -1.1340334447e+00
     vertex 2.9992000000e+00 5.2527035379e-01 -1.4281127280e+00
   endloop
 endfacet
 facet normal  -7.2614168996e-02 6.0578296719e-01 -7.9230939609e-01
   outer loop
     vertex 3.7538651343e+00 1.0003599099e+00 -1.1340334447e+00
     vertex 3.7538651343e+00 5.5056114861e-01 -1.4779400418e+00
     vertex 2.9992000000e+00 5.2527035379e-01 -1.4281127280e+00
   endloop
 endfacet
 facet normal  -7.1706986230e-02 2.2545897461e-01 -9.7161018876e-01
   outer loop
     vertex 2.9992000000e+00 5.2527035379e-01 -1.4281127280e+00
     vertex 3.7538651343e+00 5.5056114861e-01 -1.4779400418e+00
     vertex 2.9992000000e+00 0.0000000000e+00 -1.5500000000e+00
   endloop
 endfacet
 facet normal  -6.9681268056e-02 2.2278234445e-01 -9.7237469521e-01
   outer loop
     vertex 3.7538651343e+00 5.5056114861e-01 -1.4779400418e+00
     vertex 3.7538651343e+00 0.0000000000e+00 -1.6040800000e+00
     vertex 2.9992000000e+00 0.0000000000e+00 -1.5500000000e+00
   endloop
 endfacet
 facet normal  -6.9681268056e-02 -2.2278234445e-01 -9.7237469521e-01
   outer loop
     vertex 2.9992000000e+00 0.0000000000e+00 -1.5500000000e+00
     vertex 3.7538651343e+00 0.0000000000e+00 -1.6040800000e+00
     vertex 3.7538651343e+00 -5.5056114861e-01 -1.4779400418e+00
   endloop
 endfacet
 facet normal  -7.1706986230e-02 -2.2545897461e-01 -9.7161018876e-01
   outer loop
     vertex 2.9992000000e+00 0.0000000000e+00 -1.5500000000e+00
     vertex 3.7538651343e+00 -5.5056114861e-01 -1.4779400418e+00
     vertex 2.9992000000e+00 -5.2527035379e-01 -1.4281127280e+00
   endloop
 endfacet
 facet normal  -7.2614168996e-02 -6.0578296719e-01 -7.9230939609e-01
   outer loop
     vertex 2.9992000000e+00 -5.2527035379e-01 -1.4281127280e+00
     vertex 3.7538651343e+00 -5.5056114861e-01 -1.4779400418e+00
     vertex 3.7538651343e+00 -1.0003599099e+00 -1.1340334447e+00
   endloop
 endfacet
 facet normal  -7.7107648684e-02 -6.1043940633e-01 -7.8830079393e-01
   outer loop
     vertex 2.9992000000e+00 -5.2527035379e-01 -1.4281127280e+00
     vertex 3.7538651343e+00 -1.0003599099e+00 -1.1340334447e+00
     vertex 2.9992000000e+00 -9.5440698115e-01 -1.0958006080e+00
   endloop
 endfacet
 facet normal  -7.7995762007e-02 -8.5678233213e-01 -5.0974571745e-01
   outer loop
     vertex 2.9992000000e+00 -9.5440698115e-01 -1.0958006080e+00
     vertex 3.7538651343e+00 -1.0003599099e+00 -1.1340334447e+00
     vertex 3.7538651343e+00 -1.3037287162e+00 -6.2413012527e-01
   endloop
 endfacet
 facet normal  -8.2268110621e-02 -8.5931542532e-01 -5.0478605150e-01
   outer loop
     vertex 2.9992000000e+00 -9.5440698115e-01 -1.0958006080e+00
     vertex 3.7538651343e+00 -1.3037287162e+00 -6.2413012527e-01
     vertex 2.9992000000e+00 -1.2438401179e+00 -6.0308818399e-01
   endloop
 endfacet
 facet normal  -8.2735116547e-02 -9.8110160727e-01 -1.7491294036e-01
   outer loop
     vertex 2.9992000000e+00 -1.2438401179e+00 -6.0308818399e-01
     vertex 3.7538651343e+00 -1.3037287162e+00 -6.2413012527e-01
     vertex 3.7538651343e+00 -1.4150000000e+00 0.0000000000e+00
   endloop
 endfacet
 facet normal  -8.4523189455e-02 -9.8133390958e-01 -1.7274139152e-01
   outer loop
     vertex 2.9992000000e+00 -1.2438401179e+00 -6.0308818399e-01
     vertex 3.7538651343e+00 -1.4150000000e+00 0.0000000000e+00
     vertex 2.9992000000e+00 -1.3500000000e+00 0.0000000000e+00
   endloop
 endfacet
 facet normal  -8.4523189455e-02 -9.8133390958e-01 1.7274139152e-01
   outer loop
     vertex 2.9992000000e+00 -1.3500000000e+00 0.0000000000e+00
     vertex 3.7538651343e+00 -1.4150000000e+00 0.0000000000e+00
     vertex 2.9992000000e+00 -1.2438401179e+00 6.0308818399e-01
   endloop
 endfacet
 facet normal  -8.2735116547e-02 -9.8110160727e-01 1.7491294036e-01
   outer loop
     vertex 3.7538651343e+00 -1.4150000000e+00 0.0000000000e+00
     vertex 3.7538651343e+00 -1.3037287162e+00 6.2413012527e-01
     vertex 2.9992000000e+00 -1.2438401179e+00 6.0308818399e-01
   endloop
 endfacet
 facet normal  -8.2268110621e-02 -8.5931542532e-01 5.0478605150e-01
   outer loop
     vertex 2.9992000000e+00 -1.2438401179e+00 6.0308818399e-01
     vertex 3.7538651343e+00 -1.3037287162e+00 6.2413012527e-01
     vertex 2.9992000000e+00 -9.5440698115e-01 1.0958006080e+00
   endloop
 endfacet
 facet normal  -7.7995762007e-02 -8.5678233213e-01 5.0974571745e-01
   outer loop
     vertex 3.7538651343e+00 -1.3037287162e+00 6.2413012527e-01
     vertex 3.7538651343e+00 -1.0003599099e+00 1.1340334447e+00
     vertex 2.9992000000e+00 -9.5440698115e-01 1.0958006080e+00
   endloop
 endfacet
 facet normal  -7.7107648684e-02 -6.1043940633e-01 7.8830079393e-01
   outer loop
     vertex 2.9992000000e+00 -9.5440698115e-01 1.0958006080e+00
     vertex 3.7538651343e+00 -1.0003599099e+00 1.1340334447e+00
     vertex 2.9992000000e+00 -5.2527035379e-01 1.4281127280e+00
   endloop
 endfacet
 facet normal  -7.2614168996e-02 -6.0578296719e-01 7.9230939609e-01
   outer loop
     vertex 3.7538651343e+00 -1.0003599099e+00 1.1340334447e+00
     vertex 3.7538651343e+00 -5.5056114861e-01 1.4779400418e+00
     vertex 2.9992000000e+00 -5.2527035379e-01 1.4281127280e+00
   endloop
 endfacet
 facet normal  -7.1706986230e-02 -2.2545897461e-01 9.7161018876e-01
   outer loop
     vertex 2.9992000000e+00 -5.2527035379e-01 1.4281127280e+00
     vertex 3.7538651343e+00 -5.5056114861e-01 1.4779400418e+00
     vertex 2.9992000000e+00 0.0000000000e+00 1.5500000000e+00
   endloop
 endfacet
 facet normal  -6.9681268056e-02 -2.2278234445e-01 9.7237469521e-01
   outer loop
     vertex 3.7538651343e+00 -5.5056114861e-01 1.4779400418e+00
     vertex 3.7538651343e+00 0.0000000000e+00 1.6040800000e+00
     vertex 2.9992000000e+00 0.0000000000e+00 1.5500000000e+00
   endloop
 endfacet
 facet normal  -6.9681268056e-02 2.2278234445e-01 9.7237469521e-01
   outer loop
     vertex 2.9992000000e+00 0.0000000000e+00 1.5500000000e+00
     vertex 3.7538651343e+00 0.0000000000e+00 1.6040800000e+00
     vertex 3.7538651343e+00 5.5056114861e-01 1.4779400418e+00
   endloop
 endfacet
 facet normal  -7.1706986230e-02 2.2545897461e-01 9.7161018876e-01
   outer loop
     vertex 2.9992000000e+00 0.0000000000e+00 1.5500000000e+00
     vertex 3.7538651343e+00 5.5056114861e-01 1.4779400418e+00
     vertex 2.9992000000e+00 5.2527035379e-01 1.4281127280e+00
   endloop
 endfacet
 facet normal  -7.2614168996e-02 6.0578296719e-01 7.9230939609e-01
   outer loop
     vertex 2.9992000000e+00 5.2527035379e-01 1.4281127280e+00
     vertex 3.7538651343e+00 5.5056114861e-01 1.4779400418e+00
     vertex 3.7538651343e+00 1.0003599099e+00 1.1340334447e+00
   endloop
 endfacet
 facet normal  -7.7107648684e-02 6.1043940633e-01 7.8830079393e-01
   outer loop
     vertex 2.9992000000e+00 5.2527035379e-01 1.4281127280e+00
     vertex 3.7538651343e+00 1.0003599099e+00 1.1340334447e+00
     vertex 2.9992000000e+00 9.5440698115e-01 1.0958006080e+00
   endloop
 endfacet
 facet normal  -7.7995762007e-02 8.5678233213e-01 5.0974571745e-01
   outer loop
     vertex 2.9992000000e+00 9.5440698115e-01 1.0958006080e+00
     vertex 3.7538651343e+00 1.0003599099e+00 1.1340334447e+00
     vertex 3.7538651343e+00 1.3037287162e+00 6.2413012527e-01
   endloop
 endfacet
 facet normal  -8.2268110621e-02 8.5931542532e-01 5.0478605150e-01
   outer loop
     vertex 2.9992000000e+00 9.5440698115e-01 1.0958006080e+00
     vertex 3.7538651343e+00 1.3037287162e+00 6.2413012527e-01
     vertex 2.9992000000e+00 1.2438401179e+00 6.0308818399e-01
   endloop
 endfacet
 facet normal  -8.2735116547e-02 9.8110160727e-01 1.7491294036e-01
   outer loop
     vertex 2.9992000000e+00 1.2438401179e+00 6.0308818399e-01
     vertex 3.7538651343e+00 1.3037287162e+00 6.2413012527e-01
     vertex 3.7538651343e+00 1.4150000000e+00 0.0000000000e+00
   endloop
 endfacet
 facet normal  -8.4523189455e-02 9.8133390958e-01 1.7274139152e-01
   outer loop
     vertex 2.9992000000e+00 1.2438401179e+00 6.0308818399e-01
     vertex 3.7538651343e+00 1.4150000000e+00 0.0000000000e+00
     vertex 2.9992000000e+00 1.3500000000e+00 0.0000000000e+00
   endloop
 endfacet
 facet normal  -1.7103544955e-01 9.6997042560e-01 -1.7292844895e-01
   outer loop
     vertex 3.7538651343e+00 1.4150000000e+00 0.0000000000e+00
     vertex 4.6328958637e+00 1.5700000000e+00 0.0000000000e+00
     vertex 3.7538651343e+00 1.3037287162e+00 -6.2413012527e-01
   endloop
 endfacet
 facet normal  -1.6768014140e-01 9.6972165619e-01 -1.7754796450e-01
   outer loop
     vertex 4.6328958637e+00 1.5700000000e+00 0.0000000000e+00
     vertex 4.6328958637e+00 1.4465399890e+00 -6.7430706218e-01
     vertex 3.7538651343e+00 1.3037287162e+00 -6.2413012527e-01
   endloop
 endfacet
 facet normal  -1.6645331862e-01 8.4741112608e-01 -5.0417028484e-01
   outer loop
     vertex 3.7538651343e+00 1.3037287162e+00 -6.2413012527e-01
     vertex 4.6328958637e+00 1.4465399890e+00 -6.7430706218e-01
     vertex 3.7538651343e+00 1.0003599099e+00 -1.1340334447e+00
   endloop
 endfacet
 facet normal  -1.5842534666e-01 8.4254602252e-01 -5.1479861060e-01
   outer loop
     vertex 4.6328958637e+00 1.4465399890e+00 -6.7430706218e-01
     vertex 4.6328958637e+00 1.1099399707e+00 -1.2252040553e+00
     vertex 3.7538651343e+00 1.0003599099e+00 -1.1340334447e+00
   endloop
 endfacet
 facet normal  -1.5617048051e-01 5.9993384145e-01 -7.8465926802e-01
   outer loop
     vertex 3.7538651343e+00 1.0003599099e+00 -1.1340334447e+00
     vertex 4.6328958637e+00 1.1099399707e+00 -1.2252040553e+00
     vertex 3.7538651343e+00 5.5056114861e-01 -1.4779400418e+00
   endloop
 endfacet
 facet normal  -1.4775332867e-01 5.9061569072e-01 -7.9331082165e-01
   outer loop
     vertex 4.6328958637e+00 1.1099399707e+00 -1.2252040553e+00
     vertex 4.6328958637e+00 6.1086996700e-01 -1.5967590207e+00
     vertex 3.7538651343e+00 5.5056114861e-01 -1.4779400418e+00
   endloop
 endfacet
 facet normal  -1.4551309315e-01 2.2094817914e-01 -9.6436914190e-01
   outer loop
     vertex 3.7538651343e+00 5.5056114861e-01 -1.4779400418e+00
     vertex 4.6328958637e+00 6.1086996700e-01 -1.5967590207e+00
     vertex 3.7538651343e+00 0.0000000000e+00 -1.6040800000e+00
   endloop
 endfacet
 facet normal  -1.4174140030e-01 2.1554215654e-01 -9.6615265574e-01
   outer loop
     vertex 4.6328958637e+00 6.1086996700e-01 -1.5967590207e+00
     vertex 4.6328958637e+00 0.0000000000e+00 -1.7330400000e+00
     vertex 3.7538651343e+00 0.0000000000e+00 -1.6040800000e+00
   endloop
 endfacet
 facet normal  -1.4174140030e-01 -2.1554215654e-01 -9.6615265574e-01
   outer loop
     vertex 3.7538651343e+00 0.0000000000e+00 -1.6040800000e+00
     vertex 4.6328958637e+00 0.0000000000e+00 -1.7330400000e+00
     vertex 4.6328958637e+00 -6.1086996700e-01 -1.5967590207e+00
   endloop
 endfacet
 facet normal  -1.4551309315e-01 -2.2094817914e-01 -9.6436914190e-01
   outer loop
     vertex 3.7538651343e+00 0.0000000000e+00 -1.6040800000e+00
     vertex 4.6328958637e+00 -6.1086996700e-01 -1.5967590207e+00
     vertex 3.7538651343e+00 -5.5056114861e-01 -1.4779400418e+00
   endloop
 endfacet
 facet normal  -1.4775332867e-01 -5.9061569072e-01 -7.9331082165e-01
   outer loop
     vertex 3.7538651343e+00 -5.5056114861e-01 -1.4779400418e+00
     vertex 4.6328958637e+00 -6.1086996700e-01 -1.5967590207e+00
     vertex 4.6328958637e+00 -1.1099399707e+00 -1.2252040553e+00
   endloop
 endfacet
 facet normal  -1.5617048051e-01 -5.9993384145e-01 -7.8465926802e-01
   outer loop
     vertex 3.7538651343e+00 -5.5056114861e-01 -1.4779400418e+00
     vertex 4.6328958637e+00 -1.1099399707e+00 -1.2252040553e+00
     vertex 3.7538651343e+00 -1.0003599099e+00 -1.1340334447e+00
   endloop
 endfacet
 facet normal  -1.5842534666e-01 -8.4254602252e-01 -5.1479861060e-01
   outer loop
     vertex 3.7538651343e+00 -1.0003599099e+00 -1.1340334447e+00
     vertex 4.6328958637e+00 -1.1099399707e+00 -1.2252040553e+00
     vertex 4.6328958637e+00 -1.4465399890e+00 -6.7430706218e-01
   endloop
 endfacet
 facet normal  -1.6645331862e-01 -8.4741112608e-01 -5.0417028484e-01
   outer loop
     vertex 3.7538651343e+00 -1.0003599099e+00 -1.1340334447e+00
     vertex 4.6328958637e+00 -1.4465399890e+00 -6.7430706218e-01
     vertex 3.7538651343e+00 -1.3037287162e+00 -6.2413012527e-01
   endloop
 endfacet
 facet normal  -1.6768014140e-01 -9.6972165619e-01 -1.7754796450e-01
   outer loop
     vertex 3.7538651343e+00 -1.3037287162e+00 -6.2413012527e-01
     vertex 4.6328958637e+00 -1.4465399890e+00 -6.7430706218e-01
     vertex 4.6328958637e+00 -1.5700000000e+00 0.0000000000e+00
   endloop
 endfacet
 facet normal  -1.7103544955e-01 -9.6997042560e-01 -1.7292844895e-01
   outer loop
     vertex 3.7538651343e+00 -1.3037287162e+00 -6.2413012527e-01
     vertex 4.6328958637e+00 -1.5700000000e+00 0.0000000000e+00
     vertex 3.7538651343e+00 -1.4150000000e+00 0.0000000000e+00
   endloop
 endfacet
 facet normal  -1.7103544955e-01 -9.6997042560e-01 1.7292844895e-01
   outer loop
     vertex 3.7538651343e+00 -1.4150000000e+00 0.0000000000e+00
     vertex 4.6328958637e+00 -1.5700000000e+00 0.0000000000e+00
     vertex 3.7538651343e+00 -1.3037287162e+00 6.2413012527e-01
   endloop
 endfacet
 facet normal  -1.6768014140e-01 -9.6972165619e-01 1.7754796450e-01
   outer loop
     vertex 4.6328958637e+00 -1.5700000000e+00 0.0000000000e+00
     vertex 4.6328958637e+00 -1.4465399890e+00 6.7430706218e-01
     vertex 3.7538651343e+00 -1.3037287162e+00 6.2413012527e-01
   endloop
 endfacet
 facet normal  -1.6645331862e-01 -8.4741112608e-01 5.0417028484e-01
   outer loop
     vertex 3.7538651343e+00 -1.3037287162e+00 6.2413012527e-01
     vertex 4.6328958637e+00 -1.4465399890e+00 6.7430706218e-01
     vertex 3.7538651343e+00 -1.0003599099e+00 1.1340334447e+00
   endloop
 endfacet
 facet normal  -1.5842534666e-01 -8.4254602252e-01 5.1479861060e-01
   outer loop
     vertex 4.6328958637e+00 -1.4465399890e+00 6.7430706218e-01
     vertex 4.6328958637e+00 -1.1099399707e+00 1.2252040553e+00
     vertex 3.7538651343e+00 -1.0003599099e+00 1.1340334447e+00
   endloop
 endfacet
 facet normal  -1.5617048051e-01 -5.9993384145e-01 7.8465926802e-01
   outer loop
     vertex 3.7538651343e+00 -1.0003599099e+00 1.1340334447e+00
     vertex 4.6328958637e+00 -1.1099399707e+00 1.2252040553e+00
     vertex 3.7538651343e+00 -5.5056114861e-01 1.4779400418e+00
   endloop
 endfacet
 facet normal  -1.4775332867e-01 -5.9061569072e-01 7.9331082165e-01
   outer loop
     vertex 4.6328958637e+00 -1.1099399707e+00 1.2252040553e+00
     vertex 4.6328958637e+00 -6.1086996700e-01 1.5967590207e+00
     vertex 3.7538651343e+00 -5.5056114861e-01 1.4779400418e+00
   endloop
 endfacet
 facet normal  -1.4551309315e-01 -2.2094817914e-01 9.6436914190e-01
   outer loop
     vertex 3.7538651343e+00 -5.5056114861e-01 1.4779400418e+00
     vertex 4.6328958637e+00 -6.1086996700e-01 1.5967590207e+00
     vertex 3.7538651343e+00 0.0000000000e+00 1.6040800000e+00
   endloop
 endfacet
 facet normal  -1.4174140030e-01 -2.1554215654e-01 9.6615265574e-01
   outer loop
     vertex 4.6328958637e+00 -6.1086996700e-01 1.5967590207e+00
     vertex 4.6328958637e+00 0.0000000000e+00 1.7330400000e+00
     vertex 3.7538651343e+00 0.0000000000e+00 1.6040800000e+00
   endloop
 endfacet
 facet normal  -1.4174140030e-01 2.1554215654e-01 9.6615265574e-01
   outer loop
     vertex 3.7538651343e+00 0.0000000000e+00 1.6040800000e+00
     vertex 4.6328958637e+00 0.0000000000e+00 1.7330400000e+00
     vertex 4.6328958637e+00 6.1086996700e-01 1.5967590207e+00
   endloop
 endfacet
 facet normal  -1.4551309315e-01 2.2094817914e-01 9.6436914190e-01
   outer loop
     vertex 3.7538651343e+00 0.0000000000e+00 1.6040800000e+00
     vertex 4.6328958637e+00 6.1086996700e-01 1.5967590207e+00
     vertex 3.7538651343e+00 5.5056114861e-01 1.4779400418e+00
   endloop
 endfacet
 facet normal  -1.4775332867e-01 5.9061569072e-01 7.9331082165e-01
   outer loop
     vertex 3.7538651343e+00 5.5056114861e-01 1.4779400418e+00
     vertex 4.6328958637e+00 6.1086996700e-01 1.5967590207e+00
     vertex 4.6328958637e+00 1.1099399707e+00 1.2252040553e+00
   endloop
 endfacet
 facet normal  -1.5617048051e-01 5.9993384145e-01 7.8465926802e-01
   outer loop
     vertex 3.7538651343e+00 5.5056114861e-01 1.4779400418e+00
     vertex 4.6328958637e+00 1.1099399707e+00 1.2252040553e+00
     vertex 3.7538651343e+00 1.0003599099e+00 1.1340334447e+00
   endloop
 endfacet
 facet normal  -1.5842534666e-01 8.4254602252e-01 5.1479861060e-01
   outer loop
     vertex 3.7538651343e+00 1.0003599099e+00 1.1340334447e+00
     vertex 4.6328958637e+00 1.1099399707e+00 1.2252040553e+00
     vertex 4.6328958637e+00 1.4465399890e+00 6.7430706218e-01
   endloop
 endfacet
 facet normal  -1.6645331862e-01 8.4741112608e-01 5.0417028484e-01
   outer loop
     vertex 3.7538651343e+00 1.0003599099e+00 1.1340334447e+00
     vertex 4.6328958637e+00 1.4465399890e+00 6.7430706218e-01
     vertex 3.7538651343e+00 1.3037287162e+00 6.2413012527e-01
   endloop
 endfacet
 facet normal  -1.6768014140e-01 9.6972165619e-01 1.7754796450e-01
   outer loop
     vertex 3.7538651343e+00 1.3037287162e+00 6.2413012527e-01
     vertex 4.6328958637e+00 1.4465399890e+00 6.7430706218e-01
     vertex 4.6328958637e+00 1.5700000000e+00 0.0000000000e+00
   endloop
 endfacet
 facet normal  -1.7103544955e-01 9.6997042560e-01 1.7292844895e-01
   outer loop
     vertex 3.7538651343e+00 1.3037287162e+00 6.2413012527e-01
     vertex 4.6328958637e+00 1.5700000000e+00 0.0000000000e+00
     vertex 3.7538651343e+00 1.4150000000e+00 0.0000000000e+00
   endloop
 endfacet
 facet normal  -1.8783122612e-01 9.6614104300e-01 -1.7689238403e-01
   outer loop
     vertex 4.6328958637e+00 1.5700000000e+00 0.0000000000e+00
     vertex 5.5844740259e+00 1.7550000000e+00 0.0000000000e+00
     vertex 4.6328958637e+00 1.4465399890e+00 -6.7430706218e-01
   endloop
 endfacet
 facet normal  -1.8444922660e-01 9.6592551825e-01 -1.8156645063e-01
   outer loop
     vertex 5.5844740259e+00 1.7550000000e+00 0.0000000000e+00
     vertex 5.5844740259e+00 1.6169921533e+00 -7.3419566429e-01
     vertex 4.6328958637e+00 1.4465399890e+00 -6.7430706218e-01
   endloop
 endfacet
 facet normal  -1.8254619691e-01 8.3898452576e-01 -5.1262252343e-01
   outer loop
     vertex 4.6328958637e+00 1.4465399890e+00 -6.7430706218e-01
     vertex 5.5844740259e+00 1.6169921533e+00 -7.3419566429e-01
     vertex 4.6328958637e+00 1.1099399707e+00 -1.2252040553e+00
   endloop
 endfacet
 facet normal  -1.7448126652e-01 8.3413148878e-01 -5.2324081172e-01
   outer loop
     vertex 5.5844740259e+00 1.6169921533e+00 -7.3419566429e-01
     vertex 5.5844740259e+00 1.2407290755e+00 -1.3340205905e+00
     vertex 4.6328958637e+00 1.1099399707e+00 -1.2252040553e+00
   endloop
 endfacet
 facet normal  -1.7123547327e-01 5.8834996085e-01 -7.9026750930e-01
   outer loop
     vertex 4.6328958637e+00 1.1099399707e+00 -1.2252040553e+00
     vertex 5.5844740259e+00 1.2407290755e+00 -1.3340205905e+00
     vertex 4.6328958637e+00 6.1086996700e-01 -1.5967590207e+00
   endloop
 endfacet
 facet normal  -1.6285282814e-01 5.7921938398e-01 -7.9873891954e-01
   outer loop
     vertex 5.5844740259e+00 1.2407290755e+00 -1.3340205905e+00
     vertex 5.5844740259e+00 6.8285145993e-01 -1.7385752214e+00
     vertex 4.6328958637e+00 6.1086996700e-01 -1.5967590207e+00
   endloop
 endfacet
 facet normal  -1.5984562300e-01 2.1494082348e-01 -9.6345722230e-01
   outer loop
     vertex 4.6328958637e+00 6.1086996700e-01 -1.5967590207e+00
     vertex 5.5844740259e+00 6.8285145993e-01 -1.7385752214e+00
     vertex 4.6328958637e+00 0.0000000000e+00 -1.7330400000e+00
   endloop
 endfacet
 facet normal  -1.5612521881e-01 2.0974208596e-01 -9.6521146565e-01
   outer loop
     vertex 5.5844740259e+00 6.8285145993e-01 -1.7385752214e+00
     vertex 5.5844740259e+00 0.0000000000e+00 -1.8869600000e+00
     vertex 4.6328958637e+00 0.0000000000e+00 -1.7330400000e+00
   endloop
 endfacet
 facet normal  -1.5612521881e-01 -2.0974208596e-01 -9.6521146565e-01
   outer loop
     vertex 4.6328958637e+00 0.0000000000e+00 -1.7330400000e+00
     vertex 5.5844740259e+00 0.0000000000e+00 -1.8869600000e+00
     vertex 5.5844740259e+00 -6.8285145993e-01 -1.7385752214e+00
   endloop
 endfacet
 facet normal  -1.5984562300e-01 -2.1494082348e-01 -9.6345722230e-01
   outer loop
     vertex 4.6328958637e+00 0.0000000000e+00 -1.7330400000e+00
     vertex 5.5844740259e+00 -6.8285145993e-01 -1.7385752214e+00
     vertex 4.6328958637e+00 -6.1086996700e-01 -1.5967590207e+00
   endloop
 endfacet
 facet normal  -1.6285282814e-01 -5.7921938398e-01 -7.9873891954e-01
   outer loop
     vertex 4.6328958637e+00 -6.1086996700e-01 -1.5967590207e+00
     vertex 5.5844740259e+00 -6.8285145993e-01 -1.7385752214e+00
     vertex 5.5844740259e+00 -1.2407290755e+00 -1.3340205905e+00
   endloop
 endfacet
 facet normal  -1.7123547327e-01 -5.8834996085e-01 -7.9026750930e-01
   outer loop
     vertex 4.6328958637e+00 -6.1086996700e-01 -1.5967590207e+00
     vertex 5.5844740259e+00 -1.2407290755e+00 -1.3340205905e+00
     vertex 4.6328958637e+00 -1.1099399707e+00 -1.2252040553e+00
   endloop
 endfacet
 facet normal  -1.7448126652e-01 -8.3413148878e-01 -5.2324081172e-01
   outer loop
     vertex 4.6328958637e+00 -1.1099399707e+00 -1.2252040553e+00
     vertex 5.5844740259e+00 -1.2407290755e+00 -1.3340205905e+00
     vertex 5.5844740259e+00 -1.6169921533e+00 -7.3419566429e-01
   endloop
 endfacet
 facet normal  -1.8254619691e-01 -8.3898452576e-01 -5.1262252343e-01
   outer loop
     vertex 4.6328958637e+00 -1.1099399707e+00 -1.2252040553e+00
     vertex 5.5844740259e+00 -1.6169921533e+00 -7.3419566429e-01
     vertex 4.6328958637e+00 -1.4465399890e+00 -6.7430706218e-01
   endloop
 endfacet
 facet normal  -1.8444922660e-01 -9.6592551825e-01 -1.8156645063e-01
   outer loop
     vertex 4.6328958637e+00 -1.4465399890e+00 -6.7430706218e-01
     vertex 5.5844740259e+00 -1.6169921533e+00 -7.3419566429e-01
     vertex 5.5844740259e+00 -1.7550000000e+00 0.0000000000e+00
   endloop
 endfacet
 facet normal  -1.8783122612e-01 -9.6614104300e-01 -1.7689238403e-01
   outer loop
     vertex 4.6328958637e+00 -1.4465399890e+00 -6.7430706218e-01
     vertex 5.5844740259e+00 -1.7550000000e+00 0.0000000000e+00
     vertex 4.6328958637e+00 -1.5700000000e+00 0.0000000000e+00
   endloop
 endfacet
 facet normal  -1.8783122612e-01 -9.6614104300e-01 1.7689238403e-01
   outer loop
     vertex 4.6328958637e+00 -1.5700000000e+00 0.0000000000e+00
     vertex 5.5844740259e+00 -1.7550000000e+00 0.0000000000e+00
     vertex 4.6328958637e+00 -1.4465399890e+00 6.7430706218e-01
   endloop
 endfacet
 facet normal  -1.8444922660e-01 -9.6592551825e-01 1.8156645063e-01
   outer loop
     vertex 5.5844740259e+00 -1.7550000000e+00 0.0000000000e+00
     vertex 5.5844740259e+00 -1.6169921533e+00 7.3419566429e-01
     vertex 4.6328958637e+00 -1.4465399890e+00 6.7430706218e-01
   endloop
 endfacet
 facet normal  -1.8254619691e-01 -8.3898452576e-01 5.1262252343e-01
   outer loop
     vertex 4.6328958637e+00 -1.4465399890e+00 6.7430706218e-01
     vertex 5.5844740259e+00 -1.6169921533e+00 7.3419566429e-01
     vertex 4.6328958637e+00 -1.1099399707e+00 1.2252040553e+00
   endloop
 endfacet
 facet normal  -1.7448126652e-01 -8.3413148878e-01 5.2324081172e-01
   outer loop
     vertex 5.5844740259e+00 -1.6169921533e+00 7.3419566429e-01
     vertex 5.5844740259e+00 -1.2407290755e+00 1.3340205905e+00
     vertex 4.6328958637e+00 -1.1099399707e+00 1.2252040553e+00
   endloop
 endfacet
 facet normal  -1.7123547327e-01 -5.8834996085e-01 7.9026750930e-01
   outer loop
     vertex 4.6328958637e+00 -1.1099399707e+00 1.2252040553e+00
     vertex 5.5844740259e+00 -1.2407290755e+00 1.3340205905e+00
     vertex 4.6328958637e+00 -6.1086996700e-01 1.5967590207e+00
   endloop
 endfacet
 facet normal  -1.6285282814e-01 -5.7921938398e-01 7.9873891954e-01
   outer loop
     vertex 5.5844740259e+00 -1.2407290755e+00 1.3340205905e+00
     vertex 5.5844740259e+00 -6.8285145993e-01 1.7385752214e+00
     vertex 4.6328958637e+00 -6.1086996700e-01 1.5967590207e+00
   endloop
 endfacet
 facet normal  -1.5984562300e-01 -2.1494082348e-01 9.6345722230e-01
   outer loop
     vertex 4.6328958637e+00 -6.1086996700e-01 1.5967590207e+00
     vertex 5.5844740259e+00 -6.8285145993e-01 1.7385752214e+00
     vertex 4.6328958637e+00 0.0000000000e+00 1.7330400000e+00
   endloop
 endfacet
 facet normal  -1.5612521881e-01 -2.0974208596e-01 9.6521146565e-01
   outer loop
     vertex 5.5844740259e+00 -6.8285145993e-01 1.7385752214e+00
     vertex 5.5844740259e+00 0.0000000000e+00 1.8869600000e+00
     vertex 4.6328958637e+00 0.0000000000e+00 1.7330400000e+00
   endloop
 endfacet
 facet normal  -1.5612521881e-01 2.0974208596e-01 9.6521146565e-01
   outer loop
     vertex 4.6328958637e+00 0.0000000000e+00 1.7330400000e+00
     vertex 5.5844740259e+00 0.0000000000e+00 1.8869600000e+00
     vertex 5.5844740259e+00 6.8285145993e-01 1.7385752214e+00
   endloop
 endfacet
 facet normal  -1.5984562300e-01 2.1494082348e-01 9.6345722230e-01
   outer loop
     vertex 4.6328958637e+00 0.0000000000e+00 1.7330400000e+00
     vertex 5.5844740259e+00 6.8285145993e-01 1.7385752214e+00
     vertex 4.6328958637e+00 6.1086996700e-01 1.5967590207e+00
   endloop
 endfacet
 facet normal  -1.6285282814e-01 5.7921938398e-01 7.9873891954e-01
   outer loop
     vertex 4.6328958637e+00 6.1086996700e-01 1.5967590207e+00
     vertex 5.5844740259e+00 6.8285145993e-01 1.7385752214e+00
     vertex 5.5844740259e+00 1.2407290755e+00 1.3340205905e+00
   endloop
 endfacet
 facet normal  -1.7123547327e-01 5.8834996085e-01 7.9026750930e-01
   outer loop
     vertex 4.6328958637e+00 6.1086996700e-01 1.5967590207e+00
     vertex 5.5844740259e+00 1.2407290755e+00 1.3340205905e+00
     vertex 4.6328958637e+00 1.1099399707e+00 1.2252040553e+00
   endloop
 endfacet
 facet normal  -1.7448126652e-01 8.3413148878e-01 5.2324081172e-01
   outer loop
     vertex 4.6328958637e+00 1.1099399707e+00 1.2252040553e+00
     vertex 5.5844740259e+00 1.2407290755e+00 1.3340205905e+00
     vertex 5.5844740259e+00 1.6169921533e+00 7.3419566429e-01
   endloop
 endfacet
 facet normal  -1.8254619691e-01 8.3898452576e-01 5.1262252343e-01
   outer loop
     vertex 4.6328958637e+00 1.1099399707e+00 1.2252040553e+00
     vertex 5.5844740259e+00 1.6169921533e+00 7.3419566429e-01
     vertex 4.6328958637e+00 1.4465399890e+00 6.7430706218e-01
   endloop
 endfacet
 facet normal  -1.8444922660e-01 9.6592551825e-01 1.8156645063e-01
   outer loop
     vertex 4.6328958637e+00 1.4465399890e+00 6.7430706218e-01
     vertex 5.5844740259e+00 1.6169921533e+00 7.3419566429e-01
     vertex 5.5844740259e+00 1.7550000000e+00 0.0000000000e+00
   endloop
 endfacet
 facet normal  -1.8783122612e-01 9.6614104300e-01 1.7689238403e-01
   outer loop
     vertex 4.6328958637e+00 1.4465399890e+00 6.7430706218e-01
     vertex 5.5844740259e+00 1.7550000000e+00 0.0000000000e+00
     vertex 4.6328958637e+00 1.5700000000e+00 0.0000000000e+00
   endloop
 endfacet
 facet normal  -1.5478266901e-01 9.7094412618e-01 -1.8250980580e-01
   outer loop
     vertex 5.5844740259e+00 1.7550000000e+00 0.0000000000e+00
     vertex 6.5567814587e+00 1.9100000000e+00 0.0000000000e+00
     vertex 5.5844740259e+00 1.6169921533e+00 -7.3419566429e-01
   endloop
 endfacet
 facet normal  -1.5217028354e-01 9.7071785507e-01 -1.8587912916e-01
   outer loop
     vertex 6.5567814587e+00 1.9100000000e+00 0.0000000000e+00
     vertex 6.5567814587e+00 1.7598034261e+00 -7.8437260120e-01
     vertex 5.5844740259e+00 1.6169921533e+00 -7.3419566429e-01
   endloop
 endfacet
 facet normal  -1.5012689266e-01 8.3752528135e-01 -5.2536969764e-01
   outer loop
     vertex 5.5844740259e+00 1.6169921533e+00 -7.3419566429e-01
     vertex 6.5567814587e+00 1.7598034261e+00 -7.8437260120e-01
     vertex 5.5844740259e+00 1.2407290755e+00 -1.3340205905e+00
   endloop
 endfacet
 facet normal  -1.4394291411e-01 8.3387176037e-01 -5.3285863485e-01
   outer loop
     vertex 6.5567814587e+00 1.7598034261e+00 -7.8437260120e-01
     vertex 6.5567814587e+00 1.3503091363e+00 -1.4251912011e+00
     vertex 5.5844740259e+00 1.2407290755e+00 -1.3340205905e+00
   endloop
 endfacet
 facet normal  -1.4065834570e-01 5.8121996832e-01 -8.0149770943e-01
   outer loop
     vertex 5.5844740259e+00 1.2407290755e+00 -1.3340205905e+00
     vertex 6.5567814587e+00 1.3503091363e+00 -1.4251912011e+00
     vertex 5.5844740259e+00 6.8285145993e-01 -1.7385752214e+00
   endloop
 endfacet
 facet normal  -1.3429810808e-01 5.7467356771e-01 -8.0728824390e-01
   outer loop
     vertex 6.5567814587e+00 1.3503091363e+00 -1.4251912011e+00
     vertex 6.5567814587e+00 7.4316027833e-01 -1.8573942004e+00
     vertex 5.5844740259e+00 6.8285145993e-01 -1.7385752214e+00
   endloop
 endfacet
 facet normal  -1.3143701946e-01 2.1050382472e-01 -9.6871690895e-01
   outer loop
     vertex 5.5844740259e+00 6.8285145993e-01 -1.7385752214e+00
     vertex 6.5567814587e+00 7.4316027833e-01 -1.8573942004e+00
     vertex 5.5844740259e+00 0.0000000000e+00 -1.8869600000e+00
   endloop
 endfacet
 facet normal  -1.2863690801e-01 2.0688625470e-01 -9.6987144690e-01
   outer loop
     vertex 6.5567814587e+00 7.4316027833e-01 -1.8573942004e+00
     vertex 6.5567814587e+00 0.0000000000e+00 -2.0159200000e+00
     vertex 5.5844740259e+00 0.0000000000e+00 -1.8869600000e+00
   endloop
 endfacet
 facet normal  -1.2863690801e-01 -2.0688625470e-01 -9.6987144690e-01
   outer loop
     vertex 5.5844740259e+00 0.0000000000e+00 -1.8869600000e+00
     vertex 6.5567814587e+00 0.0000000000e+00 -2.0159200000e+00
     vertex 6.5567814587e+00 -7.4316027833e-01 -1.8573942004e+00
   endloop
 endfacet
 facet normal  -1.3143701946e-01 -2.1050382472e-01 -9.6871690895e-01
   outer loop
     vertex 5.5844740259e+00 0.0000000000e+00 -1.8869600000e+00
     vertex 6.5567814587e+00 -7.4316027833e-01 -1.8573942004e+00
     vertex 5.5844740259e+00 -6.8285145993e-01 -1.7385752214e+00
   endloop
 endfacet
 facet normal  -1.3429810808e-01 -5.7467356771e-01 -8.0728824390e-01
   outer loop
     vertex 5.5844740259e+00 -6.8285145993e-01 -1.7385752214e+00
     vertex 6.5567814587e+00 -7.4316027833e-01 -1.8573942004e+00
     vertex 6.5567814587e+00 -1.3503091363e+00 -1.4251912011e+00
   endloop
 endfacet
 facet normal  -1.4065834570e-01 -5.8121996832e-01 -8.0149770943e-01
   outer loop
     vertex 5.5844740259e+00 -6.8285145993e-01 -1.7385752214e+00
     vertex 6.5567814587e+00 -1.3503091363e+00 -1.4251912011e+00
     vertex 5.5844740259e+00 -1.2407290755e+00 -1.3340205905e+00
   endloop
 endfacet
 facet normal  -1.4394291411e-01 -8.3387176037e-01 -5.3285863485e-01
   outer loop
     vertex 5.5844740259e+00 -1.2407290755e+00 -1.3340205905e+00
     vertex 6.5567814587e+00 -1.3503091363e+00 -1.4251912011e+00
     vertex 6.5567814587e+00 -1.7598034261e+00 -7.8437260120e-01
   endloop
 endfacet
 facet normal  -1.5012689266e-01 -8.3752528135e-01 -5.2536969764e-01
   outer loop
     vertex 5.5844740259e+00 -1.2407290755e+00 -1.3340205905e+00
     vertex 6.5567814587e+00 -1.7598034261e+00 -7.8437260120e-01
     vertex 5.5844740259e+00 -1.6169921533e+00 -7.3419566429e-01
   endloop
 endfacet
 facet normal  -1.5217028354e-01 -9.7071785507e-01 -1.8587912916e-01
   outer loop
     vertex 5.5844740259e+00 -1.6169921533e+00 -7.3419566429e-01
     vertex 6.5567814587e+00 -1.7598034261e+00 -7.8437260120e-01
     vertex 6.5567814587e+00 -1.9100000000e+00 0.0000000000e+00
   endloop
 endfacet
 facet normal  -1.5478266901e-01 -9.7094412618e-01 -1.8250980580e-01
   outer loop
     vertex 5.5844740259e+00 -1.6169921533e+00 -7.3419566429e-01
     vertex 6.5567814587e+00 -1.9100000000e+00 0.0000000000e+00
     vertex 5.5844740259e+00 -1.7550000000e+00 0.0000000000e+00
   endloop
 endfacet
 facet normal  -1.5478266901e-01 -9.7094412618e-01 1.8250980580e-01
   outer loop
     vertex 5.5844740259e+00 -1.7550000000e+00 0.0000000000e+00
     vertex 6.5567814587e+00 -1.9100000000e+00 0.0000000000e+00
     vertex 5.5844740259e+00 -1.6169921533e+00 7.3419566429e-01
   endloop
 endfacet
 facet normal  -1.5217028354e-01 -9.7071785507e-01 1.8587912916e-01
   outer loop
     vertex 6.5567814587e+00 -1.9100000000e+00 0.0000000000e+00
     vertex 6.5567814587e+00 -1.7598034261e+00 7.8437260120e-01
     vertex 5.5844740259e+00 -1.6169921533e+00 7.3419566429e-01
   endloop
 endfacet
 facet normal  -1.5012689266e-01 -8.3752528135e-01 5.2536969764e-01
   outer loop
     vertex 5.5844740259e+00 -1.6169921533e+00 7.3419566429e-01
     vertex 6.5567814587e+00 -1.7598034261e+00 7.8437260120e-01
     vertex 5.5844740259e+00 -1.2407290755e+00 1.3340205905e+00
   endloop
 endfacet
 facet normal  -1.4394291411e-01 -8.3387176037e-01 5.3285863485e-01
   outer loop
     vertex 6.5567814587e+00 -1.7598034261e+00 7.8437260120e-01
     vertex 6.5567814587e+00 -1.3503091363e+00 1.4251912011e+00
     vertex 5.5844740259e+00 -1.2407290755e+00 1.3340205905e+00
   endloop
 endfacet
 facet normal  -1.4065834570e-01 -5.8121996832e-01 8.0149770943e-01
   outer loop
     vertex 5.5844740259e+00 -1.2407290755e+00 1.3340205905e+00
     vertex 6.5567814587e+00 -1.3503091363e+00 1.4251912011e+00
     vertex 5.5844740259e+00 -6.8285145993e-01 1.7385752214e+00
   endloop
 endfacet
 facet normal  -1.3429810808e-01 -5.7467356771e-01 8.0728824390e-01
   outer loop
     vertex 6.5567814587e+00 -1.3503091363e+00 1.4251912011e+00
     vertex 6.5567814587e+00 -7.4316027833e-01 1.8573942004e+00
     vertex 5.5844740259e+00 -6.8285145993e-01 1.7385752214e+00
   endloop
 endfacet
 facet normal  -1.3143701946e-01 -2.1050382472e-01 9.6871690895e-01
   outer loop
     vertex 5.5844740259e+00 -6.8285145993e-01 1.7385752214e+00
     vertex 6.5567814587e+00 -7.4316027833e-01 1.8573942004e+00
     vertex 5.5844740259e+00 0.0000000000e+00 1.8869600000e+00
   endloop
 endfacet
 facet normal  -1.2863690801e-01 -2.0688625470e-01 9.6987144690e-01
   outer loop
     vertex 6.5567814587e+00 -7.4316027833e-01 1.8573942004e+00
     vertex 6.5567814587e+00 0.0000000000e+00 2.0159200000e+00
     vertex 5.5844740259e+00 0.0000000000e+00 1.8869600000e+00
   endloop
 endfacet
 facet normal  -1.2863690801e-01 2.0688625470e-01 9.6987144690e-01
   outer loop
     vertex 5.5844740259e+00 0.0000000000e+00 1.8869600000e+00
     vertex 6.5567814587e+00 0.0000000000e+00 2.0159200000e+00
     vertex 6.5567814587e+00 7.4316027833e-01 1.8573942004e+00
   endloop
 endfacet
 facet normal  -1.3143701946e-01 2.1050382472e-01 9.6871690895e-01
   outer loop
     vertex 5.5844740259e+00 0.0000000000e+00 1.8869600000e+00
     vertex 6.5567814587e+00 7.4316027833e-01 1.8573942004e+00
     vertex 5.5844740259e+00 6.8285145993e-01 1.7385752214e+00
   endloop
 endfacet
 facet normal  -1.3429810808e-01 5.7467356771e-01 8.0728824390e-01
   outer loop
     vertex 5.5844740259e+00 6.8285145993e-01 1.7385752214e+00
     vertex 6.5567814587e+00 7.4316027833e-01 1.8573942004e+00
     vertex 6.5567814587e+00 1.3503091363e+00 1.4251912011e+00
   endloop
 endfacet
 facet normal  -1.4065834570e-01 5.8121996832e-01 8.0149770943e-01
   outer loop
     vertex 5.5844740259e+00 6.8285145993e-01 1.7385752214e+00
     vertex 6.5567814587e+00 1.3503091363e+00 1.4251912011e+00
     vertex 5.5844740259e+00 1.2407290755e+00 1.3340205905e+00
   endloop
 endfacet
 facet normal  -1.4394291411e-01 8.3387176037e-01 5.3285863485e-01
   outer loop
     vertex 5.5844740259e+00 1.2407290755e+00 1.3340205905e+00
     vertex 6.5567814587e+00 1.3503091363e+00 1.4251912011e+00
     vertex 6.5567814587e+00 1.7598034261e+00 7.8437260120e-01
   endloop
 endfacet
 facet normal  -1.5012689266e-01 8.3752528135e-01 5.2536969764e-01
   outer loop
     vertex 5.5844740259e+00 1.2407290755e+00 1.3340205905e+00
     vertex 6.5567814587e+00 1.7598034261e+00 7.8437260120e-01
     vertex 5.5844740259e+00 1.6169921533e+00 7.3419566429e-01
   endloop
 endfacet
 facet normal  -1.5217028354e-01 9.7071785507e-01 1.8587912916e-01
   outer loop
     vertex 5.5844740259e+00 1.6169921533e+00 7.3419566429e-01
     vertex 6.5567814587e+00 1.7598034261e+00 7.8437260120e-01
     vertex 6.5567814587e+00 1.9100000000e+00 0.0000000000e+00
   endloop
 endfacet
 facet normal  -1.5478266901e-01 9.7094412618e-01 1.8250980580e-01
   outer loop
     vertex 5.5844740259e+00 1.6169921533e+00 7.3419566429e-01
     vertex 6.5567814587e+00 1.9100000000e+00 0.0000000000e+00
     vertex 5.5844740259e+00 1.7550000000e+00 0.0000000000e+00
   endloop
 endfacet
 facet normal  -6.7671616417e-02 9.7990430906e-01 -1.8763820885e-01
   outer loop
     vertex 6.5567814587e+00 1.9100000000e+00 0.0000000000e+00
     vertex 7.4980000000e+00 1.9750000000e+00 0.0000000000e+00
     vertex 6.5567814587e+00 1.7598034261e+00 -7.8437260120e-01
   endloop
 endfacet
 facet normal  -6.6562814171e-02 9.7973359123e-01 -1.8892189385e-01
   outer loop
     vertex 7.4980000000e+00 1.9750000000e+00 0.0000000000e+00
     vertex 7.4980000000e+00 1.8196920244e+00 -8.0541454248e-01
     vertex 6.5567814587e+00 1.7598034261e+00 -7.8437260120e-01
   endloop
 endfacet
 facet normal  -6.5513554057e-02 8.4083681708e-01 -5.3730942787e-01
   outer loop
     vertex 6.5567814587e+00 1.7598034261e+00 -7.8437260120e-01
     vertex 7.4980000000e+00 1.8196920244e+00 -8.0541454248e-01
     vertex 6.5567814587e+00 1.3503091363e+00 -1.4251912011e+00
   endloop
 endfacet
 facet normal  -6.2913229947e-02 8.3926610433e-01 -5.4006882120e-01
   outer loop
     vertex 7.4980000000e+00 1.8196920244e+00 -8.0541454248e-01
     vertex 7.4980000000e+00 1.3962620650e+00 -1.4634240378e+00
     vertex 6.5567814587e+00 1.3503091363e+00 -1.4251912011e+00
   endloop
 endfacet
 facet normal  -6.1290519397e-02 5.7883686045e-01 -8.1313674202e-01
   outer loop
     vertex 6.5567814587e+00 1.3503091363e+00 -1.4251912011e+00
     vertex 7.4980000000e+00 1.3962620650e+00 -1.4634240378e+00
     vertex 6.5567814587e+00 7.4316027833e-01 -1.8573942004e+00
   endloop
 endfacet
 facet normal  -5.8638329890e-02 5.7624260813e-01 -8.1517237616e-01
   outer loop
     vertex 7.4980000000e+00 1.3962620650e+00 -1.4634240378e+00
     vertex 7.4980000000e+00 7.6845107314e-01 -1.9072215142e+00
     vertex 6.5567814587e+00 7.4316027833e-01 -1.8573942004e+00
   endloop
 endfacet
 facet normal  -5.7285762169e-02 2.0827692551e-01 -9.7639083555e-01
   outer loop
     vertex 6.5567814587e+00 7.4316027833e-01 -1.8573942004e+00
     vertex 7.4980000000e+00 7.6845107314e-01 -1.9072215142e+00
     vertex 6.5567814587e+00 0.0000000000e+00 -2.0159200000e+00
   endloop
 endfacet
 facet normal  -5.6121587548e-02 2.0690192034e-01 -9.7675071680e-01
   outer loop
     vertex 7.4980000000e+00 7.6845107314e-01 -1.9072215142e+00
     vertex 7.4980000000e+00 0.0000000000e+00 -2.0700000000e+00
     vertex 6.5567814587e+00 0.0000000000e+00 -2.0159200000e+00
   endloop
 endfacet
 facet normal  -5.6121587548e-02 -2.0690192034e-01 -9.7675071680e-01
   outer loop
     vertex 6.5567814587e+00 0.0000000000e+00 -2.0159200000e+00
     vertex 7.4980000000e+00 0.0000000000e+00 -2.0700000000e+00
     vertex 7.4980000000e+00 -7.6845107314e-01 -1.9072215142e+00
   endloop
 endfacet
 facet normal  -5.7285762169e-02 -2.0827692551e-01 -9.7639083555e-01
   outer loop
     vertex 6.5567814587e+00 0.0000000000e+00 -2.0159200000e+00
     vertex 7.4980000000e+00 -7.6845107314e-01 -1.9072215142e+00
     vertex 6.5567814587e+00 -7.4316027833e-01 -1.8573942004e+00
   endloop
 endfacet
 facet normal  -5.8638329890e-02 -5.7624260813e-01 -8.1517237616e-01
   outer loop
     vertex 6.5567814587e+00 -7.4316027833e-01 -1.8573942004e+00
     vertex 7.4980000000e+00 -7.6845107314e-01 -1.9072215142e+00
     vertex 7.4980000000e+00 -1.3962620650e+00 -1.4634240378e+00
   endloop
 endfacet
 facet normal  -6.1290519397e-02 -5.7883686045e-01 -8.1313674202e-01
   outer loop
     vertex 6.5567814587e+00 -7.4316027833e-01 -1.8573942004e+00
     vertex 7.4980000000e+00 -1.3962620650e+00 -1.4634240378e+00
     vertex 6.5567814587e+00 -1.3503091363e+00 -1.4251912011e+00
   endloop
 endfacet
 facet normal  -6.2913229947e-02 -8.3926610433e-01 -5.4006882120e-01
   outer loop
     vertex 6.5567814587e+00 -1.3503091363e+00 -1.4251912011e+00
     vertex 7.4980000000e+00 -1.3962620650e+00 -1.4634240378e+00
     vertex 7.4980000000e+00 -1.8196920244e+00 -8.0541454248e-01
   endloop
 endfacet
 facet normal  -6.5513554057e-02 -8.4083681708e-01 -5.3730942787e-01
   outer loop
     vertex 6.5567814587e+00 -1.3503091363e+00 -1.4251912011e+00
     vertex 7.4980000000e+00 -1.8196920244e+00 -8.0541454248e-01
     vertex 6.5567814587e+00 -1.7598034261e+00 -7.8437260120e-01
   endloop
 endfacet
 facet normal  -6.6562814171e-02 -9.7973359123e-01 -1.8892189385e-01
   outer loop
     vertex 6.5567814587e+00 -1.7598034261e+00 -7.8437260120e-01
     vertex 7.4980000000e+00 -1.8196920244e+00 -8.0541454248e-01
     vertex 7.4980000000e+00 -1.9750000000e+00 0.0000000000e+00
   endloop
 endfacet
 facet normal  -6.7671616417e-02 -9.7990430906e-01 -1.8763820885e-01
   outer loop
     vertex 6.5567814587e+00 -1.7598034261e+00 -7.8437260120e-01
     vertex 7.4980000000e+00 -1.9750000000e+00 0.0000000000e+00
     vertex 6.5567814587e+00 -1.9100000000e+00 0.0000000000e+00
   endloop
 endfacet
 facet normal  -6.7671616417e-02 -9.7990430906e-01 1.8763820885e-01
   outer loop
     vertex 6.5567814587e+00 -1.9100000000e+00 0.0000000000e+00
     vertex 7.4980000000e+00 -1.9750000000e+00 0.0000000000e+00
     vertex 6.5567814587e+00 -1.7598034261e+00 7.8437260120e-01
   endloop
 endfacet
 facet normal  -6.6562814171e-02 -9.7973359123e-01 1.8892189385e-01
   outer loop
     vertex 7.4980000000e+00 -1.9750000000e+00 0.0000000000e+00
     vertex 7.4980000000e+00 -1.8196920244e+00 8.0541454248e-01
     vertex 6.5567814587e+00 -1.7598034261e+00 7.8437260120e-01
   endloop
 endfacet
 facet normal  -6.5513554057e-02 -8.4083681708e-01 5.3730942787e-01
   outer loop
     vertex 6.5567814587e+00 -1.7598034261e+00 7.8437260120e-01
     vertex 7.4980000000e+00 -1.8196920244e+00 8.0541454248e-01
     vertex 6.5567814587e+00 -1.3503091363e+00 1.4251912011e+00
   endloop
 endfacet
 facet normal  -6.2913229947e-02 -8.3926610433e-01 5.4006882120e-01
   outer loop
     vertex 7.4980000000e+00 -1.8196920244e+00 8.0541454248e-01
     vertex 7.4980000000e+00 -1.3962620650e+00 1.4634240378e+00
     vertex 6.5567814587e+00 -1.3503091363e+00 1.4251912011e+00
   endloop
 endfacet
 facet normal  -6.1290519397e-02 -5.7883686045e-01 8.1313674202e-01
   outer loop
     vertex 6.5567814587e+00 -1.3503091363e+00 1.4251912011e+00
     vertex 7.4980000000e+00 -1.3962620650e+00 1.4634240378e+00
     vertex 6.5567814587e+00 -7.4316027833e-01 1.8573942004e+00
   endloop
 endfacet
 facet normal  -5.8638329890e-02 -5.7624260813e-01 8.1517237616e-01
   outer loop
     vertex 7.4980000000e+00 -1.3962620650e+00 1.4634240378e+00
     vertex 7.4980000000e+00 -7.6845107314e-01 1.9072215142e+00
     vertex 6.5567814587e+00 -7.4316027833e-01 1.8573942004e+00
   endloop
 endfacet
 facet normal  -5.7285762169e-02 -2.0827692551e-01 9.7639083555e-01
   outer loop
     vertex 6.5567814587e+00 -7.4316027833e-01 1.8573942004e+00
     vertex 7.4980000000e+00 -7.6845107314e-01 1.9072215142e+00
     vertex 6.5567814587e+00 0.0000000000e+00 2.0159200000e+00
   endloop
 endfacet
 facet normal  -5.6121587548e-02 -2.0690192034e-01 9.7675071680e-01
   outer loop
     vertex 7.4980000000e+00 -7.6845107314e-01 1.9072215142e+00
     vertex 7.4980000000e+00 0.0000000000e+00 2.0700000000e+00
     vertex 6.5567814587e+00 0.0000000000e+00 2.0159200000e+00
   endloop
 endfacet
 facet normal  -5.6121587548e-02 2.0690192034e-01 9.7675071680e-01
   outer loop
     vertex 6.5567814587e+00 0.0000000000e+00 2.0159200000e+00
     vertex 7.4980000000e+00 0.0000000000e+00 2.0700000000e+00
     vertex 7.4980000000e+00 7.6845107314e-01 1.9072215142e+00
   endloop
 endfacet
 facet normal  -5.7285762169e-02 2.0827692551e-01 9.7639083555e-01
   outer loop
     vertex 6.5567814587e+00 0.0000000000e+00 2.0159200000e+00
     vertex 7.4980000000e+00 7.6845107314e-01 1.9072215142e+00
     vertex 6.5567814587e+00 7.4316027833e-01 1.8573942004e+00
   endloop
 endfacet
 facet normal  -5.8638329890e-02 5.7624260813e-01 8.1517237616e-01
   outer loop
     vertex 6.5567814587e+00 7.4316027833e-01 1.8573942004e+00
     vertex 7.4980000000e+00 7.6845107314e-01 1.9072215142e+00
     vertex 7.4980000000e+00 1.3962620650e+00 1.4634240378e+00
   endloop
 endfacet
 facet normal  -6.1290519397e-02 5.7883686045e-01 8.1313674202e-01
   outer loop
     vertex 6.5567814587e+00 7.4316027833e-01 1.8573942004e+00
     vertex 7.4980000000e+00 1.3962620650e+00 1.4634240378e+00
     vertex 6.5567814587e+00 1.3503091363e+00 1.4251912011e+00
   endloop
 endfacet
 facet normal  -6.2913229947e-02 8.3926610433e-01 5.4006882120e-01
   outer loop
     vertex 6.5567814587e+00 1.3503091363e+00 1.4251912011e+00
     vertex 7.4980000000e+00 1.3962620650e+00 1.4634240378e+00
     vertex 7.4980000000e+00 1.8196920244e+00 8.0541454248e-01
   endloop
 endfacet
 facet normal  -6.5513554057e-02 8.4083681708e-01 5.3730942787e-01
   outer loop
     vertex 6.5567814587e+00 1.3503091363e+00 1.4251912011e+00
     vertex 7.4980000000e+00 1.8196920244e+00 8.0541454248e-01
     vertex 6.5567814587e+00 1.7598034261e+00 7.8437260120e-01
   endloop
 endfacet
 facet normal  -6.6562814171e-02 9.7973359123e-01 1.8892189385e-01
   outer loop
     vertex 6.5567814587e+00 1.7598034261e+00 7.8437260120e-01
     vertex 7.4980000000e+00 1.8196920244e+00 8.0541454248e-01
     vertex 7.4980000000e+00 1.9750000000e+00 0.0000000000e+00
   endloop
 endfacet
 facet normal  -6.7671616417e-02 9.7990430906e-01 1.8763820885e-01
   outer loop
     vertex 6.5567814587e+00 1.7598034261e+00 7.8437260120e-01
     vertex 7.4980000000e+00 1.9750000000e+00 0.0000000000e+00
     vertex 6.5567814587e+00 1.9100000000e+00 0.0000000000e+00
   endloop
 endfacet
 facet normal  1.1671701367e-03 9.8191056917e-01 -1.8934168021e-01
   outer loop
     vertex 7.4980000000e+00 1.9750000000e+00 0.0000000000e+00
     vertex 9.6853139139e+00 1.9724000000e+00 0.0000000000e+00
     vertex 7.4980000000e+00 1.8196920244e+00 -8.0541454248e-01
   endloop
 endfacet
 facet normal  1.2331214875e-03 9.8187715697e-01 -1.8951445335e-01
   outer loop
     vertex 9.6853139139e+00 1.9724000000e+00 0.0000000000e+00
     vertex 9.6853139139e+00 1.8172964804e+00 -8.0359360526e-01
     vertex 7.4980000000e+00 1.8196920244e+00 -8.0541454248e-01
   endloop
 endfacet
 facet normal  1.3714858897e-03 8.4093119923e-01 -5.4114031192e-01
   outer loop
     vertex 7.4980000000e+00 1.8196920244e+00 -8.0541454248e-01
     vertex 9.6853139139e+00 1.8172964804e+00 -8.0359360526e-01
     vertex 7.4980000000e+00 1.3962620650e+00 -1.4634240378e+00
   endloop
 endfacet
 facet normal  1.5255796138e-03 8.4069790674e-01 -5.4150226427e-01
   outer loop
     vertex 9.6853139139e+00 1.8172964804e+00 -8.0359360526e-01
     vertex 9.6853139139e+00 1.3944239479e+00 -1.4601154269e+00
     vertex 7.4980000000e+00 1.3962620650e+00 -1.4634240378e+00
   endloop
 endfacet
 facet normal  1.7202645798e-03 5.7723500797e-01 -8.1657625870e-01
   outer loop
     vertex 7.4980000000e+00 1.3962620650e+00 -1.4634240378e+00
     vertex 9.6853139139e+00 1.3944239479e+00 -1.4601154269e+00
     vertex 7.4980000000e+00 7.6845107314e-01 -1.9072215142e+00
   endloop
 endfacet
 facet normal  1.8770734817e-03 5.7687068952e-01 -8.1683332705e-01
   outer loop
     vertex 9.6853139139e+00 1.3944239479e+00 -1.4601154269e+00
     vertex 9.6853139139e+00 7.6743944135e-01 -1.9029095351e+00
     vertex 7.4980000000e+00 7.6845107314e-01 -1.9072215142e+00
   endloop
 endfacet
 facet normal  2.0244039609e-03 2.0722809994e-01 -9.7829055826e-01
   outer loop
     vertex 7.4980000000e+00 7.6845107314e-01 -1.9072215142e+00
     vertex 9.6853139139e+00 7.6743944135e-01 -1.9029095351e+00
     vertex 7.4980000000e+00 0.0000000000e+00 -2.0700000000e+00
   endloop
 endfacet
 facet normal  2.0932455040e-03 2.0704050764e-01 -9.7833013166e-01
   outer loop
     vertex 9.6853139139e+00 7.6743944135e-01 -1.9029095351e+00
     vertex 9.6853139139e+00 0.0000000000e+00 -2.0653200000e+00
     vertex 7.4980000000e+00 0.0000000000e+00 -2.0700000000e+00
   endloop
 endfacet
 facet normal  2.0932455040e-03 -2.0704050764e-01 -9.7833013166e-01
   outer loop
     vertex 7.4980000000e+00 0.0000000000e+00 -2.0700000000e+00
     vertex 9.6853139139e+00 0.0000000000e+00 -2.0653200000e+00
     vertex 9.6853139139e+00 -7.6743944135e-01 -1.9029095351e+00
   endloop
 endfacet
 facet normal  2.0244039609e-03 -2.0722809994e-01 -9.7829055826e-01
   outer loop
     vertex 7.4980000000e+00 0.0000000000e+00 -2.0700000000e+00
     vertex 9.6853139139e+00 -7.6743944135e-01 -1.9029095351e+00
     vertex 7.4980000000e+00 -7.6845107314e-01 -1.9072215142e+00
   endloop
 endfacet
 facet normal  1.8770734817e-03 -5.7687068952e-01 -8.1683332705e-01
   outer loop
     vertex 7.4980000000e+00 -7.6845107314e-01 -1.9072215142e+00
     vertex 9.6853139139e+00 -7.6743944135e-01 -1.9029095351e+00
     vertex 9.6853139139e+00 -1.3944239479e+00 -1.4601154269e+00
   endloop
 endfacet
 facet normal  1.7202645798e-03 -5.7723500797e-01 -8.1657625870e-01
   outer loop
     vertex 7.4980000000e+00 -7.6845107314e-01 -1.9072215142e+00
     vertex 9.6853139139e+00 -1.3944239479e+00 -1.4601154269e+00
     vertex 7.4980000000e+00 -1.3962620650e+00 -1.4634240378e+00
   endloop
 endfacet
 facet normal  1.5255796138e-03 -8.4069790674e-01 -5.4150226427e-01
   outer loop
     vertex 7.4980000000e+00 -1.3962620650e+00 -1.4634240378e+00
     vertex 9.6853139139e+00 -1.3944239479e+00 -1.4601154269e+00
     vertex 9.6853139139e+00 -1.8172964804e+00 -8.0359360526e-01
   endloop
 endfacet
 facet normal  1.3714858897e-03 -8.4093119923e-01 -5.4114031192e-01
   outer loop
     vertex 7.4980000000e+00 -1.3962620650e+00 -1.4634240378e+00
     vertex 9.6853139139e+00 -1.8172964804e+00 -8.0359360526e-01
     vertex 7.4980000000e+00 -1.8196920244e+00 -8.0541454248e-01
   endloop
 endfacet
 facet normal  1.2331214875e-03 -9.8187715697e-01 -1.8951445335e-01
   outer loop
     vertex 7.4980000000e+00 -1.8196920244e+00 -8.0541454248e-01
     vertex 9.6853139139e+00 -1.8172964804e+00 -8.0359360526e-01
     vertex 9.6853139139e+00 -1.9724000000e+00 0.0000000000e+00
   endloop
 endfacet
 facet normal  1.1671701367e-03 -9.8191056917e-01 -1.8934168021e-01
   outer loop
     vertex 7.4980000000e+00 -1.8196920244e+00 -8.0541454248e-01
     vertex 9.6853139139e+00 -1.9724000000e+00 0.0000000000e+00
     vertex 7.4980000000e+00 -1.9750000000e+00 0.0000000000e+00
   endloop
 endfacet
 facet normal  1.1671701367e-03 -9.8191056917e-01 1.8934168021e-01
   outer loop
     vertex 7.4980000000e+00 -1.9750000000e+00 0.0000000000e+00
     vertex 9.6853139139e+00 -1.9724000000e+00 0.0000000000e+00
     vertex 7.4980000000e+00 -1.8196920244e+00 8.0541454248e-01
   endloop
 endfacet
 facet normal  1.2331214875e-03 -9.8187715697e-01 1.8951445335e-01
   outer loop
     vertex 9.6853139139e+00 -1.9724000000e+00 0.0000000000e+00
     vertex 9.6853139139e+00 -1.8172964804e+00 8.0359360526e-01
     vertex 7.4980000000e+00 -1.8196920244e+00 8.0541454248e-01
   endloop
 endfacet
 facet normal  1.3714858897e-03 -8.4093119923e-01 5.4114031192e-01
   outer loop
     vertex 7.4980000000e+00 -1.8196920244e+00 8.0541454248e-01
     vertex 9.6853139139e+00 -1.8172964804e+00 8.0359360526e-01
     vertex 7.4980000000e+00 -1.3962620650e+00 1.4634240378e+00
   endloop
 endfacet
 facet normal  1.5255796138e-03 -8.4069790674e-01 5.4150226427e-01
   outer loop
     vertex 9.6853139139e+00 -1.8172964804e+00 8.0359360526e-01
     vertex 9.6853139139e+00 -1.3944239479e+00 1.4601154269e+00
     vertex 7.4980000000e+00 -1.3962620650e+00 1.4634240378e+00
   endloop
 endfacet
 facet normal  1.7202645798e-03 -5.7723500797e-01 8.1657625870e-01
   outer loop
     vertex 7.4980000000e+00 -1.3962620650e+00 1.4634240378e+00
     vertex 9.6853139139e+00 -1.3944239479e+00 1.4601154269e+00
     vertex 7.4980000000e+00 -7.6845107314e-01 1.9072215142e+00
   endloop
 endfacet
 facet normal  1.8770734817e-03 -5.7687068952e-01 8.1683332705e-01
   outer loop
     vertex 9.6853139139e+00 -1.3944239479e+00 1.4601154269e+00
     vertex 9.6853139139e+00 -7.6743944135e-01 1.9029095351e+00
     vertex 7.4980000000e+00 -7.6845107314e-01 1.9072215142e+00
   endloop
 endfacet
 facet normal  2.0244039609e-03 -2.0722809994e-01 9.7829055826e-01
   outer loop
     vertex 7.4980000000e+00 -7.6845107314e-01 1.9072215142e+00
     vertex 9.6853139139e+00 -7.6743944135e-01 1.9029095351e+00
     vertex 7.4980000000e+00 0.0000000000e+00 2.0700000000e+00
   endloop
 endfacet
 facet normal  2.0932455040e-03 -2.0704050764e-01 9.7833013166e-01
   outer loop
     vertex 9.6853139139e+00 -7.6743944135e-01 1.9029095351e+00
     vertex 9.6853139139e+00 0.0000000000e+00 2.0653200000e+00
     vertex 7.4980000000e+00 0.0000000000e+00 2.0700000000e+00
   endloop
 endfacet
 facet normal  2.0932455040e-03 2.0704050764e-01 9.7833013166e-01
   outer loop
     vertex 7.4980000000e+00 0.0000000000e+00 2.0700000000e+00
     vertex 9.6853139139e+00 0.0000000000e+00 2.0653200000e+00
     vertex 9.6853139139e+00 7.6743944135e-01 1.9029095351e+00
   endloop
 endfacet
 facet normal  2.0244039609e-03 2.0722809994e-01 9.7829055826e-01
   outer loop
     vertex 7.4980000000e+00 0.0000000000e+00 2.0700000000e+00
     vertex 9.6853139139e+00 7.6743944135e-01 1.9029095351e+00
     vertex 7.4980000000e+00 7.6845107314e-01 1.9072215142e+00
   endloop
 endfacet
 facet normal  1.8770734817e-03 5.7687068952e-01 8.1683332705e-01
   outer loop
     vertex 7.4980000000e+00 7.6845107314e-01 1.9072215142e+00
     vertex 9.6853139139e+00 7.6743944135e-01 1.9029095351e+00
     vertex 9.6853139139e+00 1.3944239479e+00 1.4601154269e+00
   endloop
 endfacet
 facet normal  1.7202645798e-03 5.7723500797e-01 8.1657625870e-01
   outer loop
     vertex 7.4980000000e+00 7.6845107314e-01 1.9072215142e+00
     vertex 9.6853139139e+00 1.3944239479e+00 1.4601154269e+00
     vertex 7.4980000000e+00 1.3962620650e+00 1.4634240378e+00
   endloop
 endfacet
 facet normal  1.5255796138e-03 8.4069790674e-01 5.4150226427e-01
   outer loop
     vertex 7.4980000000e+00 1.3962620650e+00 1.4634240378e+00
     vertex 9.6853139139e+00 1.3944239479e+00 1.4601154269e+00
     vertex 9.6853139139e+00 1.8172964804e+00 8.0359360526e-01
   endloop
 endfacet
 facet normal  1.3714858897e-03 8.4093119923e-01 5.4114031192e-01
   outer loop
     vertex 7.4980000000e+00 1.3962620650e+00 1.4634240378e+00
     vertex 9.6853139139e+00 1.8172964804e+00 8.0359360526e-01
     vertex 7.4980000000e+00 1.8196920244e+00 8.0541454248e-01
   endloop
 endfacet
 facet normal  1.2331214875e-03 9.8187715697e-01 1.8951445335e-01
   outer loop
     vertex 7.4980000000e+00 1.8196920244e+00 8.0541454248e-01
     vertex 9.6853139139e+00 1.8172964804e+00 8.0359360526e-01
     vertex 9.6853139139e+00 1.9724000000e+00 0.0000000000e+00
   endloop
 endfacet
 facet normal  1.1671701367e-03 9.8191056917e-01 1.8934168021e-01
   outer loop
     vertex 7.4980000000e+00 1.8196920244e+00 8.0541454248e-01
     vertex 9.6853139139e+00 1.9724000000e+00 0.0000000000e+00
     vertex 7.4980000000e+00 1.9750000000e+00 0.0000000000e+00
   endloop
 endfacet
 facet normal  1.5202541274e-03 9.8187676884e-01 -1.8951437843e-01
   outer loop
     vertex 9.6853139139e+00 1.9724000000e+00 0.0000000000e+00
     vertex 1.3689668092e+01 1.9662000000e+00 0.0000000000e+00
     vertex 9.6853139139e+00 1.8172964804e+00 -8.0359360526e-01
   endloop
 endfacet
 facet normal  1.6065467812e-03 9.8179641852e-01 -1.8992949112e-01
   outer loop
     vertex 1.3689668092e+01 1.9662000000e+00 0.0000000000e+00
     vertex 1.3689668092e+01 1.8115840295e+00 -7.9925137033e-01
     vertex 9.6853139139e+00 1.8172964804e+00 -8.0359360526e-01
   endloop
 endfacet
 facet normal  1.7864984360e-03 8.4069754348e-01 -5.4150203029e-01
   outer loop
     vertex 9.6853139139e+00 1.8172964804e+00 -8.0359360526e-01
     vertex 1.3689668092e+01 1.8115840295e+00 -7.9925137033e-01
     vertex 9.6853139139e+00 1.3944239479e+00 -1.4601154269e+00
   endloop
 endfacet
 facet normal  1.9882524645e-03 8.4013696425e-01 -5.4237065570e-01
   outer loop
     vertex 1.3689668092e+01 1.8115840295e+00 -7.9925137033e-01
     vertex 1.3689668092e+01 1.3900407454e+00 -1.4522256625e+00
     vertex 9.6853139139e+00 1.3944239479e+00 -1.4601154269e+00
   endloop
 endfacet
 facet normal  2.2408499286e-03 5.7687025744e-01 -8.1683271523e-01
   outer loop
     vertex 9.6853139139e+00 1.3944239479e+00 -1.4601154269e+00
     vertex 1.3689668092e+01 1.3900407454e+00 -1.4522256625e+00
     vertex 9.6853139139e+00 7.6743944135e-01 -1.9029095351e+00
   endloop
 endfacet
 facet normal  2.4460497540e-03 5.7599632305e-01 -8.1744862387e-01
   outer loop
     vertex 1.3689668092e+01 1.3900407454e+00 -1.4522256625e+00
     vertex 1.3689668092e+01 7.6502708861e-01 -1.8926271234e+00
     vertex 9.6853139139e+00 7.6743944135e-01 -1.9029095351e+00
   endloop
 endfacet
 facet normal  2.6368882032e-03 2.0704024144e-01 -9.7832887377e-01
   outer loop
     vertex 9.6853139139e+00 7.6743944135e-01 -1.9029095351e+00
     vertex 1.3689668092e+01 7.6502708861e-01 -1.8926271234e+00
     vertex 9.6853139139e+00 0.0000000000e+00 -2.0653200000e+00
   endloop
 endfacet
 facet normal  2.7268336374e-03 2.0659083214e-01 -9.7842362628e-01
   outer loop
     vertex 1.3689668092e+01 7.6502708861e-01 -1.8926271234e+00
     vertex 1.3689668092e+01 0.0000000000e+00 -2.0541600000e+00
     vertex 9.6853139139e+00 0.0000000000e+00 -2.0653200000e+00
   endloop
 endfacet
 facet normal  2.7268336374e-03 -2.0659083214e-01 -9.7842362628e-01
   outer loop
     vertex 9.6853139139e+00 0.0000000000e+00 -2.0653200000e+00
     vertex 1.3689668092e+01 0.0000000000e+00 -2.0541600000e+00
     vertex 1.3689668092e+01 -7.6502708861e-01 -1.8926271234e+00
   endloop
 endfacet
 facet normal  2.6368882032e-03 -2.0704024144e-01 -9.7832887377e-01
   outer loop
     vertex 9.6853139139e+00 0.0000000000e+00 -2.0653200000e+00
     vertex 1.3689668092e+01 -7.6502708861e-01 -1.8926271234e+00
     vertex 9.6853139139e+00 -7.6743944135e-01 -1.9029095351e+00
   endloop
 endfacet
 facet normal  2.4460497540e-03 -5.7599632305e-01 -8.1744862387e-01
   outer loop
     vertex 9.6853139139e+00 -7.6743944135e-01 -1.9029095351e+00
     vertex 1.3689668092e+01 -7.6502708861e-01 -1.8926271234e+00
     vertex 1.3689668092e+01 -1.3900407454e+00 -1.4522256625e+00
   endloop
 endfacet
 facet normal  2.2408499286e-03 -5.7687025744e-01 -8.1683271523e-01
   outer loop
     vertex 9.6853139139e+00 -7.6743944135e-01 -1.9029095351e+00
     vertex 1.3689668092e+01 -1.3900407454e+00 -1.4522256625e+00
     vertex 9.6853139139e+00 -1.3944239479e+00 -1.4601154269e+00
   endloop
 endfacet
 facet normal  1.9882524645e-03 -8.4013696425e-01 -5.4237065570e-01
   outer loop
     vertex 9.6853139139e+00 -1.3944239479e+00 -1.4601154269e+00
     vertex 1.3689668092e+01 -1.3900407454e+00 -1.4522256625e+00
     vertex 1.3689668092e+01 -1.8115840295e+00 -7.9925137033e-01
   endloop
 endfacet
 facet normal  1.7864984360e-03 -8.4069754348e-01 -5.4150203029e-01
   outer loop
     vertex 9.6853139139e+00 -1.3944239479e+00 -1.4601154269e+00
     vertex 1.3689668092e+01 -1.8115840295e+00 -7.9925137033e-01
     vertex 9.6853139139e+00 -1.8172964804e+00 -8.0359360526e-01
   endloop
 endfacet
 facet normal  1.6065467812e-03 -9.8179641852e-01 -1.8992949112e-01
   outer loop
     vertex 9.6853139139e+00 -1.8172964804e+00 -8.0359360526e-01
     vertex 1.3689668092e+01 -1.8115840295e+00 -7.9925137033e-01
     vertex 1.3689668092e+01 -1.9662000000e+00 0.0000000000e+00
   endloop
 endfacet
 facet normal  1.5202541274e-03 -9.8187676884e-01 -1.8951437843e-01
   outer loop
     vertex 9.6853139139e+00 -1.8172964804e+00 -8.0359360526e-01
     vertex 1.3689668092e+01 -1.9662000000e+00 0.0000000000e+00
     vertex 9.6853139139e+00 -1.9724000000e+00 0.0000000000e+00
   endloop
 endfacet
 facet normal  1.5202541274e-03 -9.8187676884e-01 1.8951437843e-01
   outer loop
     vertex 9.6853139139e+00 -1.9724000000e+00 0.0000000000e+00
     vertex 1.3689668092e+01 -1.9662000000e+00 0.0000000000e+00
     vertex 9.6853139139e+00 -1.8172964804e+00 8.0359360526e-01
   endloop
 endfacet
 facet normal  1.6065467812e-03 -9.8179641852e-01 1.8992949112e-01
   outer loop
     vertex 1.3689668092e+01 -1.9662000000e+00 0.0000000000e+00
     vertex 1.3689668092e+01 -1.8115840295e+00 7.9925137033e-01
     vertex 9.6853139139e+00 -1.8172964804e+00 8.0359360526e-01
   endloop
 endfacet
 facet normal  1.7864984360e-03 -8.4069754348e-01 5.4150203029e-01
   outer loop
     vertex 9.6853139139e+00 -1.8172964804e+00 8.0359360526e-01
     vertex 1.3689668092e+01 -1.8115840295e+00 7.9925137033e-01
     vertex 9.6853139139e+00 -1.3944239479e+00 1.4601154269e+00
   endloop
 endfacet
 facet normal  1.9882524645e-03 -8.4013696425e-01 5.4237065570e-01
   outer loop
     vertex 1.3689668092e+01 -1.8115840295e+00 7.9925137033e-01
     vertex 1.3689668092e+01 -1.3900407454e+00 1.4522256625e+00
     vertex 9.6853139139e+00 -1.3944239479e+00 1.4601154269e+00
   endloop
 endfacet
 facet normal  2.2408499286e-03 -5.7687025744e-01 8.1683271523e-01
   outer loop
     vertex 9.6853139139e+00 -1.3944239479e+00 1.4601154269e+00
     vertex 1.3689668092e+01 -1.3900407454e+00 1.4522256625e+00
     vertex 9.6853139139e+00 -7.6743944135e-01 1.9029095351e+00
   endloop
 endfacet
 facet normal  2.4460497540e-03 -5.7599632305e-01 8.1744862387e-01
   outer loop
     vertex 1.3689668092e+01 -1.3900407454e+00 1.4522256625e+00
     vertex 1.3689668092e+01 -7.6502708861e-01 1.8926271234e+00
     vertex 9.6853139139e+00 -7.6743944135e-01 1.9029095351e+00
   endloop
 endfacet
 facet normal  2.6368882032e-03 -2.0704024144e-01 9.7832887377e-01
   outer loop
     vertex 9.6853139139e+00 -7.6743944135e-01 1.9029095351e+00
     vertex 1.3689668092e+01 -7.6502708861e-01 1.8926271234e+00
     vertex 9.6853139139e+00 0.0000000000e+00 2.0653200000e+00
   endloop
 endfacet
 facet normal  2.7268336374e-03 -2.0659083214e-01 9.7842362628e-01
   outer loop
     vertex 1.3689668092e+01 -7.6502708861e-01 1.8926271234e+00
     vertex 1.3689668092e+01 0.0000000000e+00 2.0541600000e+00
     vertex 9.6853139139e+00 0.0000000000e+00 2.0653200000e+00
   endloop
 endfacet
 facet normal  2.7268336374e-03 2.0659083214e-01 9.7842362628e-01
   outer loop
     vertex 9.6853139139e+00 0.0000000000e+00 2.0653200000e+00
     vertex 1.3689668092e+01 0.0000000000e+00 2.0541600000e+00
     vertex 1.3689668092e+01 7.6502708861e-01 1.8926271234e+00
   endloop
 endfacet
 facet normal  2.6368882032e-03 2.0704024144e-01 9.7832887377e-01
   outer loop
     vertex 9.6853139139e+00 0.0000000000e+00 2.0653200000e+00
     vertex 1.3689668092e+01 7.6502708861e-01 1.8926271234e+00
     vertex 9.6853139139e+00 7.6743944135e-01 1.9029095351e+00
   endloop
 endfacet
 facet normal  2.4460497540e-03 5.7599632305e-01 8.1744862387e-01
   outer loop
     vertex 9.6853139139e+00 7.6743944135e-01 1.9029095351e+00
     vertex 1.3689668092e+01 7.6502708861e-01 1.8926271234e+00
     vertex 1.3689668092e+01 1.3900407454e+00 1.4522256625e+00
   endloop
 endfacet
 facet normal  2.2408499286e-03 5.7687025744e-01 8.1683271523e-01
   outer loop
     vertex 9.6853139139e+00 7.6743944135e-01 1.9029095351e+00
     vertex 1.3689668092e+01 1.3900407454e+00 1.4522256625e+00
     vertex 9.6853139139e+00 1.3944239479e+00 1.4601154269e+00
   endloop
 endfacet
 facet normal  1.9882524645e-03 8.4013696425e-01 5.4237065570e-01
   outer loop
     vertex 9.6853139139e+00 1.3944239479e+00 1.4601154269e+00
     vertex 1.3689668092e+01 1.3900407454e+00 1.4522256625e+00
     vertex 1.3689668092e+01 1.8115840295e+00 7.9925137033e-01
   endloop
 endfacet
 facet normal  1.7864984360e-03 8.4069754348e-01 5.4150203029e-01
   outer loop
     vertex 9.6853139139e+00 1.3944239479e+00 1.4601154269e+00
     vertex 1.3689668092e+01 1.8115840295e+00 7.9925137033e-01
     vertex 9.6853139139e+00 1.8172964804e+00 8.0359360526e-01
   endloop
 endfacet
 facet normal  1.6065467812e-03 9.8179641852e-01 1.8992949112e-01
   outer loop
     vertex 9.6853139139e+00 1.8172964804e+00 8.0359360526e-01
     vertex 1.3689668092e+01 1.8115840295e+00 7.9925137033e-01
     vertex 1.3689668092e+01 1.9662000000e+00 0.0000000000e+00
   endloop
 endfacet
 facet normal  1.5202541274e-03 9.8187676884e-01 1.8951437843e-01
   outer loop
     vertex 9.6853139139e+00 1.8172964804e+00 8.0359360526e-01
     vertex 1.3689668092e+01 1.9662000000e+00 0.0000000000e+00
     vertex 9.6853139139e+00 1.9724000000e+00 0.0000000000e+00
   endloop
 endfacet
 facet normal  1.5424541776e-03 9.8179651759e-01 -1.8992951029e-01
   outer loop
     vertex 1.3689668092e+01 1.9662000000e+00 0.0000000000e+00
     vertex 1.8399885313e+01 1.9588000000e+00 0.0000000000e+00
     vertex 1.3689668092e+01 1.8115840295e+00 -7.9925137033e-01
   endloop
 endfacet
 facet normal  1.6305511334e-03 9.8169927154e-01 -1.9043077890e-01
   outer loop
     vertex 1.8399885313e+01 1.9588000000e+00 0.0000000000e+00
     vertex 1.8399885313e+01 1.8047659430e+00 -7.9406870284e-01
     vertex 1.3689668092e+01 1.8115840295e+00 -7.9925137033e-01
   endloop
 endfacet
 facet normal  1.8128794841e-03 8.4013724427e-01 -5.4237083647e-01
   outer loop
     vertex 1.3689668092e+01 1.8115840295e+00 -7.9925137033e-01
     vertex 1.8399885313e+01 1.8047659430e+00 -7.9406870284e-01
     vertex 1.3689668092e+01 1.3900407454e+00 -1.4522256625e+00
   endloop
 endfacet
 facet normal  2.0187929814e-03 8.3945999679e-01 -5.4341773827e-01
   outer loop
     vertex 1.8399885313e+01 1.8047659430e+00 -7.9406870284e-01
     vertex 1.8399885313e+01 1.3848091812e+00 -1.4428088470e+00
     vertex 1.3689668092e+01 1.3900407454e+00 -1.4522256625e+00
   endloop
 endfacet
 facet normal  2.2740201768e-03 5.7599655691e-01 -8.1744895576e-01
   outer loop
     vertex 1.3689668092e+01 1.3900407454e+00 -1.4522256625e+00
     vertex 1.8399885313e+01 1.3848091812e+00 -1.4428088470e+00
     vertex 1.3689668092e+01 7.6502708861e-01 -1.8926271234e+00
   endloop
 endfacet
 facet normal  2.4832581194e-03 5.7494366085e-01 -8.1818923256e-01
   outer loop
     vertex 1.8399885313e+01 1.3848091812e+00 -1.4428088470e+00
     vertex 1.8399885313e+01 7.6214782890e-01 -1.8803545676e+00
     vertex 1.3689668092e+01 7.6502708861e-01 -1.8926271234e+00
   endloop
 endfacet
 facet normal  2.6755855182e-03 2.0659086073e-01 -9.7842376172e-01
   outer loop
     vertex 1.3689668092e+01 7.6502708861e-01 -1.8926271234e+00
     vertex 1.8399885313e+01 7.6214782890e-01 -1.8803545676e+00
     vertex 1.3689668092e+01 0.0000000000e+00 -2.0541600000e+00
   endloop
 endfacet
 facet normal  2.7672011605e-03 2.0605058038e-01 -9.7853742950e-01
   outer loop
     vertex 1.8399885313e+01 7.6214782890e-01 -1.8803545676e+00
     vertex 1.8399885313e+01 0.0000000000e+00 -2.0408400000e+00
     vertex 1.3689668092e+01 0.0000000000e+00 -2.0541600000e+00
   endloop
 endfacet
 facet normal  2.7672011605e-03 -2.0605058038e-01 -9.7853742950e-01
   outer loop
     vertex 1.3689668092e+01 0.0000000000e+00 -2.0541600000e+00
     vertex 1.8399885313e+01 0.0000000000e+00 -2.0408400000e+00
     vertex 1.8399885313e+01 -7.6214782890e-01 -1.8803545676e+00
   endloop
 endfacet
 facet normal  2.6755855182e-03 -2.0659086073e-01 -9.7842376172e-01
   outer loop
     vertex 1.3689668092e+01 0.0000000000e+00 -2.0541600000e+00
     vertex 1.8399885313e+01 -7.6214782890e-01 -1.8803545676e+00
     vertex 1.3689668092e+01 -7.6502708861e-01 -1.8926271234e+00
   endloop
 endfacet
 facet normal  2.4832581194e-03 -5.7494366085e-01 -8.1818923256e-01
   outer loop
     vertex 1.3689668092e+01 -7.6502708861e-01 -1.8926271234e+00
     vertex 1.8399885313e+01 -7.6214782890e-01 -1.8803545676e+00
     vertex 1.8399885313e+01 -1.3848091812e+00 -1.4428088470e+00
   endloop
 endfacet
 facet normal  2.2740201768e-03 -5.7599655691e-01 -8.1744895576e-01
   outer loop
     vertex 1.3689668092e+01 -7.6502708861e-01 -1.8926271234e+00
     vertex 1.8399885313e+01 -1.3848091812e+00 -1.4428088470e+00
     vertex 1.3689668092e+01 -1.3900407454e+00 -1.4522256625e+00
   endloop
 endfacet
 facet normal  2.0187929814e-03 -8.3945999679e-01 -5.4341773827e-01
   outer loop
     vertex 1.3689668092e+01 -1.3900407454e+00 -1.4522256625e+00
     vertex 1.8399885313e+01 -1.3848091812e+00 -1.4428088470e+00
     vertex 1.8399885313e+01 -1.8047659430e+00 -7.9406870284e-01
   endloop
 endfacet
 facet normal  1.8128794841e-03 -8.4013724427e-01 -5.4237083647e-01
   outer loop
     vertex 1.3689668092e+01 -1.3900407454e+00 -1.4522256625e+00
     vertex 1.8399885313e+01 -1.8047659430e+00 -7.9406870284e-01
     vertex 1.3689668092e+01 -1.8115840295e+00 -7.9925137033e-01
   endloop
 endfacet
 facet normal  1.6305511334e-03 -9.8169927154e-01 -1.9043077890e-01
   outer loop
     vertex 1.3689668092e+01 -1.8115840295e+00 -7.9925137033e-01
     vertex 1.8399885313e+01 -1.8047659430e+00 -7.9406870284e-01
     vertex 1.8399885313e+01 -1.9588000000e+00 0.0000000000e+00
   endloop
 endfacet
 facet normal  1.5424541776e-03 -9.8179651759e-01 -1.8992951029e-01
   outer loop
     vertex 1.3689668092e+01 -1.8115840295e+00 -7.9925137033e-01
     vertex 1.8399885313e+01 -1.9588000000e+00 0.0000000000e+00
     vertex 1.3689668092e+01 -1.9662000000e+00 0.0000000000e+00
   endloop
 endfacet
 facet normal  1.5424541776e-03 -9.8179651759e-01 1.8992951029e-01
   outer loop
     vertex 1.3689668092e+01 -1.9662000000e+00 0.0000000000e+00
     vertex 1.8399885313e+01 -1.9588000000e+00 0.0000000000e+00
     vertex 1.3689668092e+01 -1.8115840295e+00 7.9925137033e-01
   endloop
 endfacet
 facet normal  1.6305511334e-03 -9.8169927154e-01 1.9043077890e-01
   outer loop
     vertex 1.8399885313e+01 -1.9588000000e+00 0.0000000000e+00
     vertex 1.8399885313e+01 -1.8047659430e+00 7.9406870284e-01
     vertex 1.3689668092e+01 -1.8115840295e+00 7.9925137033e-01
   endloop
 endfacet
 facet normal  1.8128794841e-03 -8.4013724427e-01 5.4237083647e-01
   outer loop
     vertex 1.3689668092e+01 -1.8115840295e+00 7.9925137033e-01
     vertex 1.8399885313e+01 -1.8047659430e+00 7.9406870284e-01
     vertex 1.3689668092e+01 -1.3900407454e+00 1.4522256625e+00
   endloop
 endfacet
 facet normal  2.0187929814e-03 -8.3945999679e-01 5.4341773827e-01
   outer loop
     vertex 1.8399885313e+01 -1.8047659430e+00 7.9406870284e-01
     vertex 1.8399885313e+01 -1.3848091812e+00 1.4428088470e+00
     vertex 1.3689668092e+01 -1.3900407454e+00 1.4522256625e+00
   endloop
 endfacet
 facet normal  2.2740201768e-03 -5.7599655691e-01 8.1744895576e-01
   outer loop
     vertex 1.3689668092e+01 -1.3900407454e+00 1.4522256625e+00
     vertex 1.8399885313e+01 -1.3848091812e+00 1.4428088470e+00
     vertex 1.3689668092e+01 -7.6502708861e-01 1.8926271234e+00
   endloop
 endfacet
 facet normal  2.4832581194e-03 -5.7494366085e-01 8.1818923256e-01
   outer loop
     vertex 1.8399885313e+01 -1.3848091812e+00 1.4428088470e+00
     vertex 1.8399885313e+01 -7.6214782890e-01 1.8803545676e+00
     vertex 1.3689668092e+01 -7.6502708861e-01 1.8926271234e+00
   endloop
 endfacet
 facet normal  2.6755855182e-03 -2.0659086073e-01 9.7842376172e-01
   outer loop
     vertex 1.3689668092e+01 -7.6502708861e-01 1.8926271234e+00
     vertex 1.8399885313e+01 -7.6214782890e-01 1.8803545676e+00
     vertex 1.3689668092e+01 0.0000000000e+00 2.0541600000e+00
   endloop
 endfacet
 facet normal  2.7672011605e-03 -2.0605058038e-01 9.7853742950e-01
   outer loop
     vertex 1.8399885313e+01 -7.6214782890e-01 1.8803545676e+00
     vertex 1.8399885313e+01 0.0000000000e+00 2.0408400000e+00
     vertex 1.3689668092e+01 0.0000000000e+00 2.0541600000e+00
   endloop
 endfacet
 facet normal  2.7672011605e-03 2.0605058038e-01 9.7853742950e-01
   outer loop
     vertex 1.3689668092e+01 0.0000000000e+00 2.0541600000e+00
     vertex 1.8399885313e+01 0.0000000000e+00 2.0408400000e+00
     vertex 1.8399885313e+01 7.6214782890e-01 1.8803545676e+00
   endloop
 endfacet
 facet normal  2.6755855182e-03 2.0659086073e-01 9.7842376172e-01
   outer loop
     vertex 1.3689668092e+01 0.0000000000e+00 2.0541600000e+00
     vertex 1.8399885313e+01 7.6214782890e-01 1.8803545676e+00
     vertex 1.3689668092e+01 7.6502708861e-01 1.8926271234e+00
   endloop
 endfacet
 facet normal  2.4832581194e-03 5.7494366085e-01 8.1818923256e-01
   outer loop
     vertex 1.3689668092e+01 7.6502708861e-01 1.8926271234e+00
     vertex 1.8399885313e+01 7.6214782890e-01 1.8803545676e+00
     vertex 1.8399885313e+01 1.3848091812e+00 1.4428088470e+00
   endloop
 endfacet
 facet normal  2.2740201768e-03 5.7599655691e-01 8.1744895576e-01
   outer loop
     vertex 1.3689668092e+01 7.6502708861e-01 1.8926271234e+00
     vertex 1.8399885313e+01 1.3848091812e+00 1.4428088470e+00
     vertex 1.3689668092e+01 1.3900407454e+00 1.4522256625e+00
   endloop
 endfacet
 facet normal  2.0187929814e-03 8.3945999679e-01 5.4341773827e-01
   outer loop
     vertex 1.3689668092e+01 1.3900407454e+00 1.4522256625e+00
     vertex 1.8399885313e+01 1.3848091812e+00 1.4428088470e+00
     vertex 1.8399885313e+01 1.8047659430e+00 7.9406870284e-01
   endloop
 endfacet
 facet normal  1.8128794841e-03 8.4013724427e-01 5.4237083647e-01
   outer loop
     vertex 1.3689668092e+01 1.3900407454e+00 1.4522256625e+00
     vertex 1.8399885313e+01 1.8047659430e+00 7.9406870284e-01
     vertex 1.3689668092e+01 1.8115840295e+00 7.9925137033e-01
   endloop
 endfacet
 facet normal  1.6305511334e-03 9.8169927154e-01 1.9043077890e-01
   outer loop
     vertex 1.3689668092e+01 1.8115840295e+00 7.9925137033e-01
     vertex 1.8399885313e+01 1.8047659430e+00 7.9406870284e-01
     vertex 1.8399885313e+01 1.9588000000e+00 0.0000000000e+00
   endloop
 endfacet
 facet normal  1.5424541776e-03 9.8179651759e-01 1.8992951029e-01
   outer loop
     vertex 1.3689668092e+01 1.8115840295e+00 7.9925137033e-01
     vertex 1.8399885313e+01 1.9588000000e+00 0.0000000000e+00
     vertex 1.3689668092e+01 1.9662000000e+00 0.0000000000e+00
   endloop
 endfacet
 facet normal  1.4137428315e-03 9.8161706733e-01 -1.9085579495e-01
   outer loop
     vertex 1.8399885313e+01 1.9588000000e+00 0.0000000000e+00
     vertex 2.2704788356e+01 1.9526000000e+00 0.0000000000e+00
     vertex 2.2704788356e+01 1.7990534921e+00 -7.8972646792e-01
   endloop
 endfacet
 facet normal  1.4947619909e-03 9.8169947985e-01 -1.9043081931e-01
   outer loop
     vertex 1.8399885313e+01 1.9588000000e+00 0.0000000000e+00
     vertex 2.2704788356e+01 1.7990534921e+00 -7.8972646792e-01
     vertex 1.8399885313e+01 1.8047659430e+00 -7.9406870284e-01
   endloop
 endfacet
 facet normal  1.6621961411e-03 8.3888639558e-01 -5.4430400734e-01
   outer loop
     vertex 1.8399885313e+01 1.8047659430e+00 -7.9406870284e-01
     vertex 2.2704788356e+01 1.7990534921e+00 -7.8972646792e-01
     vertex 2.2704788356e+01 1.3804259788e+00 -1.4349190826e+00
   endloop
 endfacet
 facet normal  1.8506720186e-03 8.3946026984e-01 -5.4341791503e-01
   outer loop
     vertex 1.8399885313e+01 1.8047659430e+00 -7.9406870284e-01
     vertex 2.2704788356e+01 1.3804259788e+00 -1.4349190826e+00
     vertex 1.8399885313e+01 1.3848091812e+00 -1.4428088470e+00
   endloop
 endfacet
 facet normal  2.0851690881e-03 5.7405389819e-01 -8.1881485944e-01
   outer loop
     vertex 1.8399885313e+01 1.3848091812e+00 -1.4428088470e+00
     vertex 2.2704788356e+01 1.3804259788e+00 -1.4349190826e+00
     vertex 2.2704788356e+01 7.5973547616e-01 -1.8700721560e+00
   endloop
 endfacet
 facet normal  2.2764578269e-03 5.7494394381e-01 -8.1818963524e-01
   outer loop
     vertex 1.8399885313e+01 1.3848091812e+00 -1.4428088470e+00
     vertex 2.2704788356e+01 7.5973547616e-01 -1.8700721560e+00
     vertex 1.8399885313e+01 7.6214782890e-01 -1.8803545676e+00
   endloop
 endfacet
 facet normal  2.4527117245e-03 2.0559482581e-01 -9.7863412561e-01
   outer loop
     vertex 1.8399885313e+01 7.6214782890e-01 -1.8803545676e+00
     vertex 2.2704788356e+01 7.5973547616e-01 -1.8700721560e+00
     vertex 2.2704788356e+01 0.0000000000e+00 -2.0296800000e+00
   endloop
 endfacet
 facet normal  2.5367550158e-03 2.0605070631e-01 -9.7853802752e-01
   outer loop
     vertex 1.8399885313e+01 7.6214782890e-01 -1.8803545676e+00
     vertex 2.2704788356e+01 0.0000000000e+00 -2.0296800000e+00
     vertex 1.8399885313e+01 0.0000000000e+00 -2.0408400000e+00
   endloop
 endfacet
 facet normal  2.5367550158e-03 -2.0605070631e-01 -9.7853802752e-01
   outer loop
     vertex 1.8399885313e+01 0.0000000000e+00 -2.0408400000e+00
     vertex 2.2704788356e+01 0.0000000000e+00 -2.0296800000e+00
     vertex 1.8399885313e+01 -7.6214782890e-01 -1.8803545676e+00
   endloop
 endfacet
 facet normal  2.4527117245e-03 -2.0559482581e-01 -9.7863412561e-01
   outer loop
     vertex 2.2704788356e+01 0.0000000000e+00 -2.0296800000e+00
     vertex 2.2704788356e+01 -7.5973547616e-01 -1.8700721560e+00
     vertex 1.8399885313e+01 -7.6214782890e-01 -1.8803545676e+00
   endloop
 endfacet
 facet normal  2.2764578269e-03 -5.7494394381e-01 -8.1818963524e-01
   outer loop
     vertex 1.8399885313e+01 -7.6214782890e-01 -1.8803545676e+00
     vertex 2.2704788356e+01 -7.5973547616e-01 -1.8700721560e+00
     vertex 1.8399885313e+01 -1.3848091812e+00 -1.4428088470e+00
   endloop
 endfacet
 facet normal  2.0851690881e-03 -5.7405389819e-01 -8.1881485944e-01
   outer loop
     vertex 2.2704788356e+01 -7.5973547616e-01 -1.8700721560e+00
     vertex 2.2704788356e+01 -1.3804259788e+00 -1.4349190826e+00
     vertex 1.8399885313e+01 -1.3848091812e+00 -1.4428088470e+00
   endloop
 endfacet
 facet normal  1.8506720186e-03 -8.3946026984e-01 -5.4341791503e-01
   outer loop
     vertex 1.8399885313e+01 -1.3848091812e+00 -1.4428088470e+00
     vertex 2.2704788356e+01 -1.3804259788e+00 -1.4349190826e+00
     vertex 1.8399885313e+01 -1.8047659430e+00 -7.9406870284e-01
   endloop
 endfacet
 facet normal  1.6621961411e-03 -8.3888639558e-01 -5.4430400734e-01
   outer loop
     vertex 2.2704788356e+01 -1.3804259788e+00 -1.4349190826e+00
     vertex 2.2704788356e+01 -1.7990534921e+00 -7.8972646792e-01
     vertex 1.8399885313e+01 -1.8047659430e+00 -7.9406870284e-01
   endloop
 endfacet
 facet normal  1.4947619909e-03 -9.8169947985e-01 -1.9043081931e-01
   outer loop
     vertex 1.8399885313e+01 -1.8047659430e+00 -7.9406870284e-01
     vertex 2.2704788356e+01 -1.7990534921e+00 -7.8972646792e-01
     vertex 1.8399885313e+01 -1.9588000000e+00 0.0000000000e+00
   endloop
 endfacet
 facet normal  1.4137428315e-03 -9.8161706733e-01 -1.9085579495e-01
   outer loop
     vertex 2.2704788356e+01 -1.7990534921e+00 -7.8972646792e-01
     vertex 2.2704788356e+01 -1.9526000000e+00 0.0000000000e+00
     vertex 1.8399885313e+01 -1.9588000000e+00 0.0000000000e+00
   endloop
 endfacet
 facet normal  1.4137428315e-03 -9.8161706733e-01 1.9085579495e-01
   outer loop
     vertex 1.8399885313e+01 -1.9588000000e+00 0.0000000000e+00
     vertex 2.2704788356e+01 -1.9526000000e+00 0.0000000000e+00
     vertex 2.2704788356e+01 -1.7990534921e+00 7.8972646792e-01
   endloop
 endfacet
 facet normal  1.4947619909e-03 -9.8169947985e-01 1.9043081931e-01
   outer loop
     vertex 1.8399885313e+01 -1.9588000000e+00 0.0000000000e+00
     vertex 2.2704788356e+01 -1.7990534921e+00 7.8972646792e-01
     vertex 1.8399885313e+01 -1.8047659430e+00 7.9406870284e-01
   endloop
 endfacet
 facet normal  1.6621961411e-03 -8.3888639558e-01 5.4430400734e-01
   outer loop
     vertex 1.8399885313e+01 -1.8047659430e+00 7.9406870284e-01
     vertex 2.2704788356e+01 -1.7990534921e+00 7.8972646792e-01
     vertex 2.2704788356e+01 -1.3804259788e+00 1.4349190826e+00
   endloop
 endfacet
 facet normal  1.8506720186e-03 -8.3946026984e-01 5.4341791503e-01
   outer loop
     vertex 1.8399885313e+01 -1.8047659430e+00 7.9406870284e-01
     vertex 2.2704788356e+01 -1.3804259788e+00 1.4349190826e+00
     vertex 1.8399885313e+01 -1.3848091812e+00 1.4428088470e+00
   endloop
 endfacet
 facet normal  2.0851690881e-03 -5.7405389819e-01 8.1881485944e-01
   outer loop
     vertex 1.8399885313e+01 -1.3848091812e+00 1.4428088470e+00
     vertex 2.2704788356e+01 -1.3804259788e+00 1.4349190826e+00
     vertex 2.2704788356e+01 -7.5973547616e-01 1.8700721560e+00
   endloop
 endfacet
 facet normal  2.2764578269e-03 -5.7494394381e-01 8.1818963524e-01
   outer loop
     vertex 1.8399885313e+01 -1.3848091812e+00 1.4428088470e+00
     vertex 2.2704788356e+01 -7.5973547616e-01 1.8700721560e+00
     vertex 1.8399885313e+01 -7.6214782890e-01 1.8803545676e+00
   endloop
 endfacet
 facet normal  2.4527117245e-03 -2.0559482581e-01 9.7863412561e-01
   outer loop
     vertex 1.8399885313e+01 -7.6214782890e-01 1.8803545676e+00
     vertex 2.2704788356e+01 -7.5973547616e-01 1.8700721560e+00
     vertex 2.2704788356e+01 0.0000000000e+00 2.0296800000e+00
   endloop
 endfacet
 facet normal  2.5367550158e-03 -2.0605070631e-01 9.7853802752e-01
   outer loop
     vertex 1.8399885313e+01 -7.6214782890e-01 1.8803545676e+00
     vertex 2.2704788356e+01 0.0000000000e+00 2.0296800000e+00
     vertex 1.8399885313e+01 0.0000000000e+00 2.0408400000e+00
   endloop
 endfacet
 facet normal  2.5367550158e-03 2.0605070631e-01 9.7853802752e-01
   outer loop
     vertex 1.8399885313e+01 0.0000000000e+00 2.0408400000e+00
     vertex 2.2704788356e+01 0.0000000000e+00 2.0296800000e+00
     vertex 1.8399885313e+01 7.6214782890e-01 1.8803545676e+00
   endloop
 endfacet
 facet normal  2.4527117245e-03 2.0559482581e-01 9.7863412561e-01
   outer loop
     vertex 2.2704788356e+01 0.0000000000e+00 2.0296800000e+00
     vertex 2.2704788356e+01 7.5973547616e-01 1.8700721560e+00
     vertex 1.8399885313e+01 7.6214782890e-01 1.8803545676e+00
   endloop
 endfacet
 facet normal  2.2764578269e-03 5.7494394381e-01 8.1818963524e-01
   outer loop
     vertex 1.8399885313e+01 7.6214782890e-01 1.8803545676e+00
     vertex 2.2704788356e+01 7.5973547616e-01 1.8700721560e+00
     vertex 1.8399885313e+01 1.3848091812e+00 1.4428088470e+00
   endloop
 endfacet
 facet normal  2.0851690881e-03 5.7405389819e-01 8.1881485944e-01
   outer loop
     vertex 2.2704788356e+01 7.5973547616e-01 1.8700721560e+00
     vertex 2.2704788356e+01 1.3804259788e+00 1.4349190826e+00
     vertex 1.8399885313e+01 1.3848091812e+00 1.4428088470e+00
   endloop
 endfacet
 facet normal  1.8506720186e-03 8.3946026984e-01 5.4341791503e-01
   outer loop
     vertex 1.8399885313e+01 1.3848091812e+00 1.4428088470e+00
     vertex 2.2704788356e+01 1.3804259788e+00 1.4349190826e+00
     vertex 1.8399885313e+01 1.8047659430e+00 7.9406870284e-01
   endloop
 endfacet
 facet normal  1.6621961411e-03 8.3888639558e-01 5.4430400734e-01
   outer loop
     vertex 2.2704788356e+01 1.3804259788e+00 1.4349190826e+00
     vertex 2.2704788356e+01 1.7990534921e+00 7.8972646792e-01
     vertex 1.8399885313e+01 1.8047659430e+00 7.9406870284e-01
   endloop
 endfacet
 facet normal  1.4947619909e-03 9.8169947985e-01 1.9043081931e-01
   outer loop
     vertex 1.8399885313e+01 1.8047659430e+00 7.9406870284e-01
     vertex 2.2704788356e+01 1.7990534921e+00 7.8972646792e-01
     vertex 1.8399885313e+01 1.9588000000e+00 0.0000000000e+00
   endloop
 endfacet
 facet normal  1.4137428315e-03 9.8161706733e-01 1.9085579495e-01
   outer loop
     vertex 2.2704788356e+01 1.7990534921e+00 7.8972646792e-01
     vertex 2.2704788356e+01 1.9526000000e+00 0.0000000000e+00
     vertex 1.8399885313e+01 1.9588000000e+00 0.0000000000e+00
   endloop
 endfacet
 facet normal  9.1525763179e-04 9.8158270669e-01 -1.9103547376e-01
   outer loop
     vertex 2.2704788356e+01 1.9526000000e+00 0.0000000000e+00
     vertex 2.5493200000e+01 1.9500000000e+00 0.0000000000e+00
     vertex 2.5493200000e+01 1.7966579481e+00 -7.8790553069e-01
   endloop
 endfacet
 facet normal  9.6795057823e-04 9.8161758844e-01 -1.9085589627e-01
   outer loop
     vertex 2.2704788356e+01 1.9526000000e+00 0.0000000000e+00
     vertex 2.5493200000e+01 1.7966579481e+00 -7.8790553069e-01
     vertex 2.2704788356e+01 1.7990534921e+00 -7.8972646792e-01
   endloop
 endfacet
 facet normal  1.0761805746e-03 8.3864436702e-01 -5.4467831561e-01
   outer loop
     vertex 2.2704788356e+01 1.7990534921e+00 -7.8972646792e-01
     vertex 2.5493200000e+01 1.7966579481e+00 -7.8790553069e-01
     vertex 2.5493200000e+01 1.3785878617e+00 -1.4316104717e+00
   endloop
 endfacet
 facet normal  1.1988415869e-03 8.3888695163e-01 -5.4430436813e-01
   outer loop
     vertex 2.2704788356e+01 1.7990534921e+00 -7.8972646792e-01
     vertex 2.5493200000e+01 1.3785878617e+00 -1.4316104717e+00
     vertex 2.2704788356e+01 1.3804259788e+00 -1.4349190826e+00
   endloop
 endfacet
 facet normal  1.3500529085e-03 5.7367898151e-01 -8.1907911921e-01
   outer loop
     vertex 2.2704788356e+01 1.3804259788e+00 -1.4349190826e+00
     vertex 2.5493200000e+01 1.3785878617e+00 -1.4316104717e+00
     vertex 2.5493200000e+01 7.5872384437e-01 -1.8657601769e+00
   endloop
 endfacet
 facet normal  1.4744767663e-03 5.7405452215e-01 -8.1881574943e-01
   outer loop
     vertex 2.2704788356e+01 1.3804259788e+00 -1.4349190826e+00
     vertex 2.5493200000e+01 7.5872384437e-01 -1.8657601769e+00
     vertex 2.2704788356e+01 7.5973547616e-01 -1.8700721560e+00
   endloop
 endfacet
 facet normal  1.5879375200e-03 2.0540308794e-01 -9.7867617214e-01
   outer loop
     vertex 2.2704788356e+01 7.5973547616e-01 -1.8700721560e+00
     vertex 2.5493200000e+01 7.5872384437e-01 -1.8657601769e+00
     vertex 2.5493200000e+01 0.0000000000e+00 -2.0250000000e+00
   endloop
 endfacet
 facet normal  1.6425176378e-03 2.0559516688e-01 -9.7863574914e-01
   outer loop
     vertex 2.2704788356e+01 7.5973547616e-01 -1.8700721560e+00
     vertex 2.5493200000e+01 0.0000000000e+00 -2.0250000000e+00
     vertex 2.2704788356e+01 0.0000000000e+00 -2.0296800000e+00
   endloop
 endfacet
 facet normal  1.6425176378e-03 -2.0559516688e-01 -9.7863574914e-01
   outer loop
     vertex 2.2704788356e+01 0.0000000000e+00 -2.0296800000e+00
     vertex 2.5493200000e+01 0.0000000000e+00 -2.0250000000e+00
     vertex 2.2704788356e+01 -7.5973547616e-01 -1.8700721560e+00
   endloop
 endfacet
 facet normal  1.5879375200e-03 -2.0540308794e-01 -9.7867617214e-01
   outer loop
     vertex 2.5493200000e+01 0.0000000000e+00 -2.0250000000e+00
     vertex 2.5493200000e+01 -7.5872384437e-01 -1.8657601769e+00
     vertex 2.2704788356e+01 -7.5973547616e-01 -1.8700721560e+00
   endloop
 endfacet
 facet normal  1.4744767663e-03 -5.7405452215e-01 -8.1881574943e-01
   outer loop
     vertex 2.2704788356e+01 -7.5973547616e-01 -1.8700721560e+00
     vertex 2.5493200000e+01 -7.5872384437e-01 -1.8657601769e+00
     vertex 2.2704788356e+01 -1.3804259788e+00 -1.4349190826e+00
   endloop
 endfacet
 facet normal  1.3500529085e-03 -5.7367898151e-01 -8.1907911921e-01
   outer loop
     vertex 2.5493200000e+01 -7.5872384437e-01 -1.8657601769e+00
     vertex 2.5493200000e+01 -1.3785878617e+00 -1.4316104717e+00
     vertex 2.2704788356e+01 -1.3804259788e+00 -1.4349190826e+00
   endloop
 endfacet
 facet normal  1.1988415869e-03 -8.3888695163e-01 -5.4430436813e-01
   outer loop
     vertex 2.2704788356e+01 -1.3804259788e+00 -1.4349190826e+00
     vertex 2.5493200000e+01 -1.3785878617e+00 -1.4316104717e+00
     vertex 2.2704788356e+01 -1.7990534921e+00 -7.8972646792e-01
   endloop
 endfacet
 facet normal  1.0761805746e-03 -8.3864436702e-01 -5.4467831561e-01
   outer loop
     vertex 2.5493200000e+01 -1.3785878617e+00 -1.4316104717e+00
     vertex 2.5493200000e+01 -1.7966579481e+00 -7.8790553069e-01
     vertex 2.2704788356e+01 -1.7990534921e+00 -7.8972646792e-01
   endloop
 endfacet
 facet normal  9.6795057823e-04 -9.8161758844e-01 -1.9085589627e-01
   outer loop
     vertex 2.2704788356e+01 -1.7990534921e+00 -7.8972646792e-01
     vertex 2.5493200000e+01 -1.7966579481e+00 -7.8790553069e-01
     vertex 2.2704788356e+01 -1.9526000000e+00 0.0000000000e+00
   endloop
 endfacet
 facet normal  9.1525763179e-04 -9.8158270669e-01 -1.9103547376e-01
   outer loop
     vertex 2.5493200000e+01 -1.7966579481e+00 -7.8790553069e-01
     vertex 2.5493200000e+01 -1.9500000000e+00 0.0000000000e+00
     vertex 2.2704788356e+01 -1.9526000000e+00 0.0000000000e+00
   endloop
 endfacet
 facet normal  9.1525763179e-04 -9.8158270669e-01 1.9103547376e-01
   outer loop
     vertex 2.2704788356e+01 -1.9526000000e+00 0.0000000000e+00
     vertex 2.5493200000e+01 -1.9500000000e+00 0.0000000000e+00
     vertex 2.5493200000e+01 -1.7966579481e+00 7.8790553069e-01
   endloop
 endfacet
 facet normal  9.6795057823e-04 -9.8161758844e-01 1.9085589627e-01
   outer loop
     vertex 2.2704788356e+01 -1.9526000000e+00 0.0000000000e+00
     vertex 2.5493200000e+01 -1.7966579481e+00 7.8790553069e-01
     vertex 2.2704788356e+01 -1.7990534921e+00 7.8972646792e-01
   endloop
 endfacet
 facet normal  1.0761805746e-03 -8.3864436702e-01 5.4467831561e-01
   outer loop
     vertex 2.2704788356e+01 -1.7990534921e+00 7.8972646792e-01
     vertex 2.5493200000e+01 -1.7966579481e+00 7.8790553069e-01
     vertex 2.5493200000e+01 -1.3785878617e+00 1.4316104717e+00
   endloop
 endfacet
 facet normal  1.1988415869e-03 -8.3888695163e-01 5.4430436813e-01
   outer loop
     vertex 2.2704788356e+01 -1.7990534921e+00 7.8972646792e-01
     vertex 2.5493200000e+01 -1.3785878617e+00 1.4316104717e+00
     vertex 2.2704788356e+01 -1.3804259788e+00 1.4349190826e+00
   endloop
 endfacet
 facet normal  1.3500529085e-03 -5.7367898151e-01 8.1907911921e-01
   outer loop
     vertex 2.2704788356e+01 -1.3804259788e+00 1.4349190826e+00
     vertex 2.5493200000e+01 -1.3785878617e+00 1.4316104717e+00
     vertex 2.5493200000e+01 -7.5872384437e-01 1.8657601769e+00
   endloop
 endfacet
 facet normal  1.4744767663e-03 -5.7405452215e-01 8.1881574943e-01
   outer loop
     vertex 2.2704788356e+01 -1.3804259788e+00 1.4349190826e+00
     vertex 2.5493200000e+01 -7.5872384437e-01 1.8657601769e+00
     vertex 2.2704788356e+01 -7.5973547616e-01 1.8700721560e+00
   endloop
 endfacet
 facet normal  1.5879375200e-03 -2.0540308794e-01 9.7867617214e-01
   outer loop
     vertex 2.2704788356e+01 -7.5973547616e-01 1.8700721560e+00
     vertex 2.5493200000e+01 -7.5872384437e-01 1.8657601769e+00
     vertex 2.5493200000e+01 0.0000000000e+00 2.0250000000e+00
   endloop
 endfacet
 facet normal  1.6425176378e-03 -2.0559516688e-01 9.7863574914e-01
   outer loop
     vertex 2.2704788356e+01 -7.5973547616e-01 1.8700721560e+00
     vertex 2.5493200000e+01 0.0000000000e+00 2.0250000000e+00
     vertex 2.2704788356e+01 0.0000000000e+00 2.0296800000e+00
   endloop
 endfacet
 facet normal  1.6425176378e-03 2.0559516688e-01 9.7863574914e-01
   outer loop
     vertex 2.2704788356e+01 0.0000000000e+00 2.0296800000e+00
     vertex 2.5493200000e+01 0.0000000000e+00 2.0250000000e+00
     vertex 2.2704788356e+01 7.5973547616e-01 1.8700721560e+00
   endloop
 endfacet
 facet normal  1.5879375200e-03 2.0540308794e-01 9.7867617214e-01
   outer loop
     vertex 2.5493200000e+01 0.0000000000e+00 2.0250000000e+00
     vertex 2.5493200000e+01 7.5872384437e-01 1.8657601769e+00
     vertex 2.2704788356e+01 7.5973547616e-01 1.8700721560e+00
   endloop
 endfacet
 facet normal  1.4744767663e-03 5.7405452215e-01 8.1881574943e-01
   outer loop
     vertex 2.2704788356e+01 7.5973547616e-01 1.8700721560e+00
     vertex 2.5493200000e+01 7.5872384437e-01 1.8657601769e+00
     vertex 2.2704788356e+01 1.3804259788e+00 1.4349190826e+00
   endloop
 endfacet
 facet normal  1.3500529085e-03 5.7367898151e-01 8.1907911921e-01
   outer loop
     vertex 2.5493200000e+01 7.5872384437e-01 1.8657601769e+00
     vertex 2.5493200000e+01 1.3785878617e+00 1.4316104717e+00
     vertex 2.2704788356e+01 1.3804259788e+00 1.4349190826e+00
   endloop
 endfacet
 facet normal  1.1988415869e-03 8.3888695163e-01 5.4430436813e-01
   outer loop
     vertex 2.2704788356e+01 1.3804259788e+00 1.4349190826e+00
     vertex 2.5493200000e+01 1.3785878617e+00 1.4316104717e+00
     vertex 2.2704788356e+01 1.7990534921e+00 7.8972646792e-01
   endloop
 endfacet
 facet normal  1.0761805746e-03 8.3864436702e-01 5.4467831561e-01
   outer loop
     vertex 2.5493200000e+01 1.3785878617e+00 1.4316104717e+00
     vertex 2.5493200000e+01 1.7966579481e+00 7.8790553069e-01
     vertex 2.2704788356e+01 1.7990534921e+00 7.8972646792e-01
   endloop
 endfacet
 facet normal  9.6795057823e-04 9.8161758844e-01 1.9085589627e-01
   outer loop
     vertex 2.2704788356e+01 1.7990534921e+00 7.8972646792e-01
     vertex 2.5493200000e+01 1.7966579481e+00 7.8790553069e-01
     vertex 2.2704788356e+01 1.9526000000e+00 0.0000000000e+00
   endloop
 endfacet
 facet normal  9.1525763179e-04 9.8158270669e-01 1.9103547376e-01
   outer loop
     vertex 2.5493200000e+01 1.7966579481e+00 7.8790553069e-01
     vertex 2.5493200000e+01 1.9500000000e+00 0.0000000000e+00
     vertex 2.2704788356e+01 1.9526000000e+00 0.0000000000e+00
   endloop
 endfacet
 facet normal  5.2209454551e-02 9.8073055858e-01 -1.8825977880e-01
   outer loop
     vertex 2.5493200000e+01 1.9500000000e+00 0.0000000000e+00
     vertex 2.7285006448e+01 1.8616000000e+00 3.6400000000e-02
     vertex 2.7285006448e+01 1.7152094545e+00 -7.2621473588e-01
   endloop
 endfacet
 facet normal  5.1129193319e-02 9.8029925366e-01 -1.9078568833e-01
   outer loop
     vertex 2.5493200000e+01 1.9500000000e+00 0.0000000000e+00
     vertex 2.7285006448e+01 1.7152094545e+00 -7.2621473588e-01
     vertex 2.5493200000e+01 1.7966579481e+00 -7.8790553069e-01
   endloop
 endfacet
 facet normal  5.6755897905e-02 8.4068687190e-01 -5.3853909001e-01
   outer loop
     vertex 2.5493200000e+01 1.7966579481e+00 -7.8790553069e-01
     vertex 2.7285006448e+01 1.7152094545e+00 -7.2621473588e-01
     vertex 2.7285006448e+01 1.3160918786e+00 -1.3492575430e+00
   endloop
 endfacet
 facet normal  5.4204969986e-02 8.3741190209e-01 -5.4387786079e-01
   outer loop
     vertex 2.5493200000e+01 1.7966579481e+00 -7.8790553069e-01
     vertex 2.7285006448e+01 1.3160918786e+00 -1.3492575430e+00
     vertex 2.5493200000e+01 1.3785878617e+00 -1.4316104717e+00
   endloop
 endfacet
 facet normal  5.7572240005e-02 5.7801833018e-01 -8.1399032375e-01
   outer loop
     vertex 2.5493200000e+01 1.3785878617e+00 -1.4316104717e+00
     vertex 2.7285006448e+01 1.3160918786e+00 -1.3492575430e+00
     vertex 2.7285006448e+01 7.2432836342e-01 -1.7694715786e+00
   endloop
 endfacet
 facet normal  5.4945157105e-02 5.7281288907e-01 -8.1784254220e-01
   outer loop
     vertex 2.5493200000e+01 1.3785878617e+00 -1.4316104717e+00
     vertex 2.7285006448e+01 7.2432836342e-01 -1.7694715786e+00
     vertex 2.5493200000e+01 7.5872384437e-01 -1.8657601769e+00
   endloop
 endfacet
 facet normal  5.6466485333e-02 2.0779624936e-01 -9.7654096421e-01
   outer loop
     vertex 2.5493200000e+01 7.5872384437e-01 -1.8657601769e+00
     vertex 2.7285006448e+01 7.2432836342e-01 -1.7694715786e+00
     vertex 2.7285006448e+01 0.0000000000e+00 -1.9236000000e+00
   endloop
 endfacet
 facet normal  5.5299519834e-02 2.0508904093e-01 -9.7717984445e-01
   outer loop
     vertex 2.5493200000e+01 7.5872384437e-01 -1.8657601769e+00
     vertex 2.7285006448e+01 0.0000000000e+00 -1.9236000000e+00
     vertex 2.5493200000e+01 0.0000000000e+00 -2.0250000000e+00
   endloop
 endfacet
 facet normal  5.5299519834e-02 -2.0508904093e-01 -9.7717984445e-01
   outer loop
     vertex 2.5493200000e+01 0.0000000000e+00 -2.0250000000e+00
     vertex 2.7285006448e+01 0.0000000000e+00 -1.9236000000e+00
     vertex 2.5493200000e+01 -7.5872384437e-01 -1.8657601769e+00
   endloop
 endfacet
 facet normal  5.6466485333e-02 -2.0779624936e-01 -9.7654096421e-01
   outer loop
     vertex 2.7285006448e+01 0.0000000000e+00 -1.9236000000e+00
     vertex 2.7285006448e+01 -7.2432836342e-01 -1.7694715786e+00
     vertex 2.5493200000e+01 -7.5872384437e-01 -1.8657601769e+00
   endloop
 endfacet
 facet normal  5.4945157105e-02 -5.7281288907e-01 -8.1784254220e-01
   outer loop
     vertex 2.5493200000e+01 -7.5872384437e-01 -1.8657601769e+00
     vertex 2.7285006448e+01 -7.2432836342e-01 -1.7694715786e+00
     vertex 2.5493200000e+01 -1.3785878617e+00 -1.4316104717e+00
   endloop
 endfacet
 facet normal  5.7572240005e-02 -5.7801833018e-01 -8.1399032375e-01
   outer loop
     vertex 2.7285006448e+01 -7.2432836342e-01 -1.7694715786e+00
     vertex 2.7285006448e+01 -1.3160918786e+00 -1.3492575430e+00
     vertex 2.5493200000e+01 -1.3785878617e+00 -1.4316104717e+00
   endloop
 endfacet
 facet normal  5.4204969986e-02 -8.3741190209e-01 -5.4387786079e-01
   outer loop
     vertex 2.5493200000e+01 -1.3785878617e+00 -1.4316104717e+00
     vertex 2.7285006448e+01 -1.3160918786e+00 -1.3492575430e+00
     vertex 2.5493200000e+01 -1.7966579481e+00 -7.8790553069e-01
   endloop
 endfacet
 facet normal  5.6755897905e-02 -8.4068687190e-01 -5.3853909001e-01
   outer loop
     vertex 2.7285006448e+01 -1.3160918786e+00 -1.3492575430e+00
     vertex 2.7285006448e+01 -1.7152094545e+00 -7.2621473588e-01
     vertex 2.5493200000e+01 -1.7966579481e+00 -7.8790553069e-01
   endloop
 endfacet
 facet normal  5.1129193319e-02 -9.8029925366e-01 -1.9078568833e-01
   outer loop
     vertex 2.5493200000e+01 -1.7966579481e+00 -7.8790553069e-01
     vertex 2.7285006448e+01 -1.7152094545e+00 -7.2621473588e-01
     vertex 2.5493200000e+01 -1.9500000000e+00 0.0000000000e+00
   endloop
 endfacet
 facet normal  5.2209454551e-02 -9.8073055858e-01 -1.8825977880e-01
   outer loop
     vertex 2.7285006448e+01 -1.7152094545e+00 -7.2621473588e-01
     vertex 2.7285006448e+01 -1.8616000000e+00 3.6400000000e-02
     vertex 2.5493200000e+01 -1.9500000000e+00 0.0000000000e+00
   endloop
 endfacet
 facet normal  4.4577075526e-02 -9.8109371991e-01 1.8832949078e-01
   outer loop
     vertex 2.5493200000e+01 -1.9500000000e+00 0.0000000000e+00
     vertex 2.7285006448e+01 -1.8616000000e+00 3.6400000000e-02
     vertex 2.7285006448e+01 -1.7152094545e+00 7.9901473588e-01
   endloop
 endfacet
 facet normal  4.3393584845e-02 -9.8065852028e-01 1.9085560874e-01
   outer loop
     vertex 2.5493200000e+01 -1.9500000000e+00 0.0000000000e+00
     vertex 2.7285006448e+01 -1.7152094545e+00 7.9901473588e-01
     vertex 2.5493200000e+01 -1.7966579481e+00 7.8790553069e-01
   endloop
 endfacet
 facet normal  3.4910398264e-02 -8.4153090446e-01 5.3907977232e-01
   outer loop
     vertex 2.5493200000e+01 -1.7966579481e+00 7.8790553069e-01
     vertex 2.7285006448e+01 -1.7152094545e+00 7.9901473588e-01
     vertex 2.7285006448e+01 -1.3160918786e+00 1.4220575430e+00
   endloop
 endfacet
 facet normal  3.2138208154e-02 -8.3821163756e-01 5.4439726876e-01
   outer loop
     vertex 2.5493200000e+01 -1.7966579481e+00 7.8790553069e-01
     vertex 2.7285006448e+01 -1.3160918786e+00 1.4220575430e+00
     vertex 2.5493200000e+01 -1.3785878617e+00 1.4316104717e+00
   endloop
 endfacet
 facet normal  2.4533629454e-02 -5.7880438761e-01 8.1509728371e-01
   outer loop
     vertex 2.5493200000e+01 -1.3785878617e+00 1.4316104717e+00
     vertex 2.7285006448e+01 -1.3160918786e+00 1.4220575430e+00
     vertex 2.7285006448e+01 -7.2432836342e-01 1.8422715786e+00
   endloop
 endfacet
 facet normal  2.1744427910e-02 -5.7354386467e-01 8.1888620403e-01
   outer loop
     vertex 2.5493200000e+01 -1.3785878617e+00 1.4316104717e+00
     vertex 2.7285006448e+01 -7.2432836342e-01 1.8422715786e+00
     vertex 2.5493200000e+01 -7.5872384437e-01 1.8657601769e+00
   endloop
 endfacet
 facet normal  1.6814677431e-02 -2.0809889460e-01 9.7796324915e-01
   outer loop
     vertex 2.5493200000e+01 -7.5872384437e-01 1.8657601769e+00
     vertex 2.7285006448e+01 -7.2432836342e-01 1.8422715786e+00
     vertex 2.7285006448e+01 0.0000000000e+00 1.9964000000e+00
   endloop
 endfacet
 facet normal  1.5619298253e-02 -2.0537829002e-01 9.7855801847e-01
   outer loop
     vertex 2.5493200000e+01 -7.5872384437e-01 1.8657601769e+00
     vertex 2.7285006448e+01 0.0000000000e+00 1.9964000000e+00
     vertex 2.5493200000e+01 0.0000000000e+00 2.0250000000e+00
   endloop
 endfacet
 facet normal  1.5619298253e-02 2.0537829002e-01 9.7855801847e-01
   outer loop
     vertex 2.5493200000e+01 0.0000000000e+00 2.0250000000e+00
     vertex 2.7285006448e+01 0.0000000000e+00 1.9964000000e+00
     vertex 2.5493200000e+01 7.5872384437e-01 1.8657601769e+00
   endloop
 endfacet
 facet normal  1.6814677431e-02 2.0809889460e-01 9.7796324915e-01
   outer loop
     vertex 2.7285006448e+01 0.0000000000e+00 1.9964000000e+00
     vertex 2.7285006448e+01 7.2432836342e-01 1.8422715786e+00
     vertex 2.5493200000e+01 7.5872384437e-01 1.8657601769e+00
   endloop
 endfacet
 facet normal  2.1744427910e-02 5.7354386467e-01 8.1888620403e-01
   outer loop
     vertex 2.5493200000e+01 7.5872384437e-01 1.8657601769e+00
     vertex 2.7285006448e+01 7.2432836342e-01 1.8422715786e+00
     vertex 2.5493200000e+01 1.3785878617e+00 1.4316104717e+00
   endloop
 endfacet
 facet normal  2.4533629454e-02 5.7880438761e-01 8.1509728371e-01
   outer loop
     vertex 2.7285006448e+01 7.2432836342e-01 1.8422715786e+00
     vertex 2.7285006448e+01 1.3160918786e+00 1.4220575430e+00
     vertex 2.5493200000e+01 1.3785878617e+00 1.4316104717e+00
   endloop
 endfacet
 facet normal  3.2138208154e-02 8.3821163756e-01 5.4439726876e-01
   outer loop
     vertex 2.5493200000e+01 1.3785878617e+00 1.4316104717e+00
     vertex 2.7285006448e+01 1.3160918786e+00 1.4220575430e+00
     vertex 2.5493200000e+01 1.7966579481e+00 7.8790553069e-01
   endloop
 endfacet
 facet normal  3.4910398264e-02 8.4153090446e-01 5.3907977232e-01
   outer loop
     vertex 2.7285006448e+01 1.3160918786e+00 1.4220575430e+00
     vertex 2.7285006448e+01 1.7152094545e+00 7.9901473588e-01
     vertex 2.5493200000e+01 1.7966579481e+00 7.8790553069e-01
   endloop
 endfacet
 facet normal  4.3393584845e-02 9.8065852028e-01 1.9085560874e-01
   outer loop
     vertex 2.5493200000e+01 1.7966579481e+00 7.8790553069e-01
     vertex 2.7285006448e+01 1.7152094545e+00 7.9901473588e-01
     vertex 2.5493200000e+01 1.9500000000e+00 0.0000000000e+00
   endloop
 endfacet
 facet normal  4.4577075526e-02 9.8109371991e-01 1.8832949078e-01
   outer loop
     vertex 2.7285006448e+01 1.7152094545e+00 7.9901473588e-01
     vertex 2.7285006448e+01 1.8616000000e+00 3.6400000000e-02
     vertex 2.5493200000e+01 1.9500000000e+00 0.0000000000e+00
   endloop
 endfacet
 facet normal  1.1529724969e-01 9.7678493262e-01 -1.8054844119e-01
   outer loop
     vertex 2.7285006448e+01 1.8616000000e+00 3.6400000000e-02
     vertex 2.9206803101e+01 1.6508000000e+00 1.2320000000e-01
     vertex 2.9206803101e+01 1.5209861235e+00 -5.7910591748e-01
   endloop
 endfacet
 facet normal  1.1295430410e-01 9.7578488121e-01 -1.8731041292e-01
   outer loop
     vertex 2.7285006448e+01 1.8616000000e+00 3.6400000000e-02
     vertex 2.9206803101e+01 1.5209861235e+00 -5.7910591748e-01
     vertex 2.7285006448e+01 1.7152094545e+00 -7.2621473588e-01
   endloop
 endfacet
 facet normal  1.2520948960e-01 8.4440843178e-01 -5.2086177058e-01
   outer loop
     vertex 2.7285006448e+01 1.7152094545e+00 -7.2621473588e-01
     vertex 2.9206803101e+01 1.5209861235e+00 -5.7910591748e-01
     vertex 2.9206803101e+01 1.1670629959e+00 -1.1528774822e+00
   endloop
 endfacet
 facet normal  1.1955385345e-01 8.3600479671e-01 -5.3553978004e-01
   outer loop
     vertex 2.7285006448e+01 1.7152094545e+00 -7.2621473588e-01
     vertex 2.9206803101e+01 1.1670629959e+00 -1.1528774822e+00
     vertex 2.7285006448e+01 1.3160918786e+00 -1.3492575430e+00
   endloop
 endfacet
 facet normal  1.2722417276e-01 5.8869565024e-01 -7.9828030244e-01
   outer loop
     vertex 2.7285006448e+01 1.3160918786e+00 -1.3492575430e+00
     vertex 2.9206803101e+01 1.1670629959e+00 -1.1528774822e+00
     vertex 2.9206803101e+01 6.4230837040e-01 -1.5398603058e+00
   endloop
 endfacet
 facet normal  1.2122448902e-01 5.7470875742e-01 -8.0932964076e-01
   outer loop
     vertex 2.7285006448e+01 1.3160918786e+00 -1.3492575430e+00
     vertex 2.9206803101e+01 6.4230837040e-01 -1.5398603058e+00
     vertex 2.7285006448e+01 7.2432836342e-01 -1.7694715786e+00
   endloop
 endfacet
 facet normal  1.2488650683e-01 2.1408857373e-01 -9.6879793714e-01
   outer loop
     vertex 2.7285006448e+01 7.2432836342e-01 -1.7694715786e+00
     vertex 2.9206803101e+01 6.4230837040e-01 -1.5398603058e+00
     vertex 2.9206803101e+01 0.0000000000e+00 -1.6818000000e+00
   endloop
 endfacet
 facet normal  1.2214305821e-01 2.0656995942e-01 -9.7077799996e-01
   outer loop
     vertex 2.7285006448e+01 7.2432836342e-01 -1.7694715786e+00
     vertex 2.9206803101e+01 0.0000000000e+00 -1.6818000000e+00
     vertex 2.7285006448e+01 0.0000000000e+00 -1.9236000000e+00
   endloop
 endfacet
 facet normal  1.2214305821e-01 -2.0656995942e-01 -9.7077799996e-01
   outer loop
     vertex 2.7285006448e+01 0.0000000000e+00 -1.9236000000e+00
     vertex 2.9206803101e+01 0.0000000000e+00 -1.6818000000e+00
     vertex 2.7285006448e+01 -7.2432836342e-01 -1.7694715786e+00
   endloop
 endfacet
 facet normal  1.2488650683e-01 -2.1408857373e-01 -9.6879793714e-01
   outer loop
     vertex 2.9206803101e+01 0.0000000000e+00 -1.6818000000e+00
     vertex 2.9206803101e+01 -6.4230837040e-01 -1.5398603058e+00
     vertex 2.7285006448e+01 -7.2432836342e-01 -1.7694715786e+00
   endloop
 endfacet
 facet normal  1.2122448902e-01 -5.7470875742e-01 -8.0932964076e-01
   outer loop
     vertex 2.7285006448e+01 -7.2432836342e-01 -1.7694715786e+00
     vertex 2.9206803101e+01 -6.4230837040e-01 -1.5398603058e+00
     vertex 2.7285006448e+01 -1.3160918786e+00 -1.3492575430e+00
   endloop
 endfacet
 facet normal  1.2722417276e-01 -5.8869565024e-01 -7.9828030244e-01
   outer loop
     vertex 2.9206803101e+01 -6.4230837040e-01 -1.5398603058e+00
     vertex 2.9206803101e+01 -1.1670629959e+00 -1.1528774822e+00
     vertex 2.7285006448e+01 -1.3160918786e+00 -1.3492575430e+00
   endloop
 endfacet
 facet normal  1.1955385345e-01 -8.3600479671e-01 -5.3553978004e-01
   outer loop
     vertex 2.7285006448e+01 -1.3160918786e+00 -1.3492575430e+00
     vertex 2.9206803101e+01 -1.1670629959e+00 -1.1528774822e+00
     vertex 2.7285006448e+01 -1.7152094545e+00 -7.2621473588e-01
   endloop
 endfacet
 facet normal  1.2520948960e-01 -8.4440843178e-01 -5.2086177058e-01
   outer loop
     vertex 2.9206803101e+01 -1.1670629959e+00 -1.1528774822e+00
     vertex 2.9206803101e+01 -1.5209861235e+00 -5.7910591748e-01
     vertex 2.7285006448e+01 -1.7152094545e+00 -7.2621473588e-01
   endloop
 endfacet
 facet normal  1.1295430410e-01 -9.7578488121e-01 -1.8731041292e-01
   outer loop
     vertex 2.7285006448e+01 -1.7152094545e+00 -7.2621473588e-01
     vertex 2.9206803101e+01 -1.5209861235e+00 -5.7910591748e-01
     vertex 2.7285006448e+01 -1.8616000000e+00 3.6400000000e-02
   endloop
 endfacet
 facet normal  1.1529724969e-01 -9.7678493262e-01 -1.8054844119e-01
   outer loop
     vertex 2.9206803101e+01 -1.5209861235e+00 -5.7910591748e-01
     vertex 2.9206803101e+01 -1.6508000000e+00 1.2320000000e-01
     vertex 2.7285006448e+01 -1.8616000000e+00 3.6400000000e-02
   endloop
 endfacet
 facet normal  9.9161351554e-02 -9.7849627648e-01 1.8086476514e-01
   outer loop
     vertex 2.7285006448e+01 -1.8616000000e+00 3.6400000000e-02
     vertex 2.9206803101e+01 -1.6508000000e+00 1.2320000000e-01
     vertex 2.9206803101e+01 -1.5209861235e+00 8.2550591748e-01
   endloop
 endfacet
 facet normal  9.6204399667e-02 -9.7751471453e-01 1.8764246950e-01
   outer loop
     vertex 2.7285006448e+01 -1.8616000000e+00 3.6400000000e-02
     vertex 2.9206803101e+01 -1.5209861235e+00 8.2550591748e-01
     vertex 2.7285006448e+01 -1.7152094545e+00 7.9901473588e-01
   endloop
 endfacet
 facet normal  7.8535573170e-02 -8.4847755930e-01 5.2337175613e-01
   outer loop
     vertex 2.7285006448e+01 -1.7152094545e+00 7.9901473588e-01
     vertex 2.9206803101e+01 -1.5209861235e+00 8.2550591748e-01
     vertex 2.9206803101e+01 -1.1670629959e+00 1.3992774822e+00
   endloop
 endfacet
 facet normal  7.1508063697e-02 -8.3988856079e-01 5.3802769658e-01
   outer loop
     vertex 2.7285006448e+01 -1.7152094545e+00 7.9901473588e-01
     vertex 2.9206803101e+01 -1.1670629959e+00 1.3992774822e+00
     vertex 2.7285006448e+01 -1.3160918786e+00 1.4220575430e+00
   endloop
 endfacet
 facet normal  5.5479749965e-02 -5.9260445901e-01 8.0358070690e-01
   outer loop
     vertex 2.7285006448e+01 -1.3160918786e+00 1.4220575430e+00
     vertex 2.9206803101e+01 -1.1670629959e+00 1.3992774822e+00
     vertex 2.9206803101e+01 -6.4230837040e-01 1.7862603058e+00
   endloop
 endfacet
 facet normal  4.8416650332e-02 -5.7829964622e-01 8.1438648512e-01
   outer loop
     vertex 2.7285006448e+01 -1.3160918786e+00 1.4220575430e+00
     vertex 2.9206803101e+01 -6.4230837040e-01 1.7862603058e+00
     vertex 2.7285006448e+01 -7.2432836342e-01 1.8422715786e+00
   endloop
 endfacet
 facet normal  3.7641123797e-02 -2.1562497445e-01 9.7575048870e-01
   outer loop
     vertex 2.7285006448e+01 -7.2432836342e-01 1.8422715786e+00
     vertex 2.9206803101e+01 -6.4230837040e-01 1.7862603058e+00
     vertex 2.9206803101e+01 0.0000000000e+00 1.9282000000e+00
   endloop
 endfacet
 facet normal  3.4689609793e-02 -2.0800305380e-01 9.7751284420e-01
   outer loop
     vertex 2.7285006448e+01 -7.2432836342e-01 1.8422715786e+00
     vertex 2.9206803101e+01 0.0000000000e+00 1.9282000000e+00
     vertex 2.7285006448e+01 0.0000000000e+00 1.9964000000e+00
   endloop
 endfacet
 facet normal  3.4689609793e-02 2.0800305380e-01 9.7751284420e-01
   outer loop
     vertex 2.7285006448e+01 0.0000000000e+00 1.9964000000e+00
     vertex 2.9206803101e+01 0.0000000000e+00 1.9282000000e+00
     vertex 2.7285006448e+01 7.2432836342e-01 1.8422715786e+00
   endloop
 endfacet
 facet normal  3.7641123797e-02 2.1562497445e-01 9.7575048870e-01
   outer loop
     vertex 2.9206803101e+01 0.0000000000e+00 1.9282000000e+00
     vertex 2.9206803101e+01 6.4230837040e-01 1.7862603058e+00
     vertex 2.7285006448e+01 7.2432836342e-01 1.8422715786e+00
   endloop
 endfacet
 facet normal  4.8416650332e-02 5.7829964622e-01 8.1438648512e-01
   outer loop
     vertex 2.7285006448e+01 7.2432836342e-01 1.8422715786e+00
     vertex 2.9206803101e+01 6.4230837040e-01 1.7862603058e+00
     vertex 2.7285006448e+01 1.3160918786e+00 1.4220575430e+00
   endloop
 endfacet
 facet normal  5.5479749965e-02 5.9260445901e-01 8.0358070690e-01
   outer loop
     vertex 2.9206803101e+01 6.4230837040e-01 1.7862603058e+00
     vertex 2.9206803101e+01 1.1670629959e+00 1.3992774822e+00
     vertex 2.7285006448e+01 1.3160918786e+00 1.4220575430e+00
   endloop
 endfacet
 facet normal  7.1508063697e-02 8.3988856079e-01 5.3802769658e-01
   outer loop
     vertex 2.7285006448e+01 1.3160918786e+00 1.4220575430e+00
     vertex 2.9206803101e+01 1.1670629959e+00 1.3992774822e+00
     vertex 2.7285006448e+01 1.7152094545e+00 7.9901473588e-01
   endloop
 endfacet
 facet normal  7.8535573170e-02 8.4847755930e-01 5.2337175613e-01
   outer loop
     vertex 2.9206803101e+01 1.1670629959e+00 1.3992774822e+00
     vertex 2.9206803101e+01 1.5209861235e+00 8.2550591748e-01
     vertex 2.7285006448e+01 1.7152094545e+00 7.9901473588e-01
   endloop
 endfacet
 facet normal  9.6204399667e-02 9.7751471453e-01 1.8764246950e-01
   outer loop
     vertex 2.7285006448e+01 1.7152094545e+00 7.9901473588e-01
     vertex 2.9206803101e+01 1.5209861235e+00 8.2550591748e-01
     vertex 2.7285006448e+01 1.8616000000e+00 3.6400000000e-02
   endloop
 endfacet
 facet normal  9.9161351554e-02 9.7849627648e-01 1.8086476514e-01
   outer loop
     vertex 2.9206803101e+01 1.5209861235e+00 8.2550591748e-01
     vertex 2.9206803101e+01 1.6508000000e+00 1.2320000000e-01
     vertex 2.7285006448e+01 1.8616000000e+00 3.6400000000e-02
   endloop
 endfacet
 facet normal  1.4209498763e-01 9.7510831294e-01 -1.7021396103e-01
   outer loop
     vertex 2.9206803101e+01 1.6508000000e+00 1.2320000000e-01
     vertex 3.1057476529e+01 1.3992000000e+00 2.2680000000e-01
     vertex 3.1057476529e+01 1.2891711800e+00 -4.0352442455e-01
   endloop
 endfacet
 facet normal  1.3905354904e-01 9.7378950202e-01 -1.7999476729e-01
   outer loop
     vertex 2.9206803101e+01 1.6508000000e+00 1.2320000000e-01
     vertex 3.1057476529e+01 1.2891711800e+00 -4.0352442455e-01
     vertex 2.9206803101e+01 1.5209861235e+00 -5.7910591748e-01
   endloop
 endfacet
 facet normal  1.5412597581e-01 8.5375655709e-01 -4.9733783769e-01
   outer loop
     vertex 2.9206803101e+01 1.5209861235e+00 -5.7910591748e-01
     vertex 3.1057476529e+01 1.2891711800e+00 -4.0352442455e-01
     vertex 3.1057476529e+01 9.8918981335e-01 -9.1848837738e-01
   endloop
 endfacet
 facet normal  1.4668875818e-01 8.4189968609e-01 -5.1931428517e-01
   outer loop
     vertex 2.9206803101e+01 1.5209861235e+00 -5.7910591748e-01
     vertex 3.1057476529e+01 9.8918981335e-01 -9.1848837738e-01
     vertex 2.9206803101e+01 1.1670629959e+00 -1.1528774822e+00
   endloop
 endfacet
 facet normal  1.5700392748e-01 6.0783306707e-01 -7.7838854650e-01
   outer loop
     vertex 2.9206803101e+01 1.1670629959e+00 -1.1528774822e+00
     vertex 3.1057476529e+01 9.8918981335e-01 -9.1848837738e-01
     vertex 3.1057476529e+01 5.4441354002e-01 -1.2658081415e+00
   endloop
 endfacet
 facet normal  1.4889650284e-01 5.8690250987e-01 -7.9584877669e-01
   outer loop
     vertex 2.9206803101e+01 1.1670629959e+00 -1.1528774822e+00
     vertex 3.1057476529e+01 5.4441354002e-01 -1.2658081415e+00
     vertex 2.9206803101e+01 6.4230837040e-01 -1.5398603058e+00
   endloop
 endfacet
 facet normal  1.5436695903e-01 2.2511261341e-01 -9.6202658656e-01
   outer loop
     vertex 2.9206803101e+01 6.4230837040e-01 -1.5398603058e+00
     vertex 3.1057476529e+01 5.4441354002e-01 -1.2658081415e+00
     vertex 3.1057476529e+01 0.0000000000e+00 -1.3932000000e+00
   endloop
 endfacet
 facet normal  1.5053444922e-01 2.1331905156e-01 -9.6531567989e-01
   outer loop
     vertex 2.9206803101e+01 6.4230837040e-01 -1.5398603058e+00
     vertex 3.1057476529e+01 0.0000000000e+00 -1.3932000000e+00
     vertex 2.9206803101e+01 0.0000000000e+00 -1.6818000000e+00
   endloop
 endfacet
 facet normal  1.5053444922e-01 -2.1331905156e-01 -9.6531567989e-01
   outer loop
     vertex 2.9206803101e+01 0.0000000000e+00 -1.6818000000e+00
     vertex 3.1057476529e+01 0.0000000000e+00 -1.3932000000e+00
     vertex 2.9206803101e+01 -6.4230837040e-01 -1.5398603058e+00
   endloop
 endfacet
 facet normal  1.5436695903e-01 -2.2511261341e-01 -9.6202658656e-01
   outer loop
     vertex 3.1057476529e+01 0.0000000000e+00 -1.3932000000e+00
     vertex 3.1057476529e+01 -5.4441354002e-01 -1.2658081415e+00
     vertex 2.9206803101e+01 -6.4230837040e-01 -1.5398603058e+00
   endloop
 endfacet
 facet normal  1.4889650284e-01 -5.8690250987e-01 -7.9584877669e-01
   outer loop
     vertex 2.9206803101e+01 -6.4230837040e-01 -1.5398603058e+00
     vertex 3.1057476529e+01 -5.4441354002e-01 -1.2658081415e+00
     vertex 2.9206803101e+01 -1.1670629959e+00 -1.1528774822e+00
   endloop
 endfacet
 facet normal  1.5700392748e-01 -6.0783306707e-01 -7.7838854650e-01
   outer loop
     vertex 3.1057476529e+01 -5.4441354002e-01 -1.2658081415e+00
     vertex 3.1057476529e+01 -9.8918981335e-01 -9.1848837738e-01
     vertex 2.9206803101e+01 -1.1670629959e+00 -1.1528774822e+00
   endloop
 endfacet
 facet normal  1.4668875818e-01 -8.4189968609e-01 -5.1931428517e-01
   outer loop
     vertex 2.9206803101e+01 -1.1670629959e+00 -1.1528774822e+00
     vertex 3.1057476529e+01 -9.8918981335e-01 -9.1848837738e-01
     vertex 2.9206803101e+01 -1.5209861235e+00 -5.7910591748e-01
   endloop
 endfacet
 facet normal  1.5412597581e-01 -8.5375655709e-01 -4.9733783769e-01
   outer loop
     vertex 3.1057476529e+01 -9.8918981335e-01 -9.1848837738e-01
     vertex 3.1057476529e+01 -1.2891711800e+00 -4.0352442455e-01
     vertex 2.9206803101e+01 -1.5209861235e+00 -5.7910591748e-01
   endloop
 endfacet
 facet normal  1.3905354904e-01 -9.7378950202e-01 -1.7999476729e-01
   outer loop
     vertex 2.9206803101e+01 -1.5209861235e+00 -5.7910591748e-01
     vertex 3.1057476529e+01 -1.2891711800e+00 -4.0352442455e-01
     vertex 2.9206803101e+01 -1.6508000000e+00 1.2320000000e-01
   endloop
 endfacet
 facet normal  1.4209498763e-01 -9.7510831294e-01 -1.7021396103e-01
   outer loop
     vertex 3.1057476529e+01 -1.2891711800e+00 -4.0352442455e-01
     vertex 3.1057476529e+01 -1.3992000000e+00 2.2680000000e-01
     vertex 2.9206803101e+01 -1.6508000000e+00 1.2320000000e-01
   endloop
 endfacet
 facet normal  1.2334997753e-01 -9.7758112597e-01 1.7064561287e-01
   outer loop
     vertex 2.9206803101e+01 -1.6508000000e+00 1.2320000000e-01
     vertex 3.1057476529e+01 -1.3992000000e+00 2.2680000000e-01
     vertex 3.1057476529e+01 -1.2891711800e+00 8.5712442455e-01
   endloop
 endfacet
 facet normal  1.1921172542e-01 -9.7633045232e-01 1.8046443528e-01
   outer loop
     vertex 2.9206803101e+01 -1.6508000000e+00 1.2320000000e-01
     vertex 3.1057476529e+01 -1.2891711800e+00 8.5712442455e-01
     vertex 2.9206803101e+01 -1.5209861235e+00 8.2550591748e-01
   endloop
 endfacet
 facet normal  9.9144032241e-02 -8.5982403937e-01 5.0087232125e-01
   outer loop
     vertex 2.9206803101e+01 -1.5209861235e+00 8.2550591748e-01
     vertex 3.1057476529e+01 -1.2891711800e+00 8.5712442455e-01
     vertex 3.1057476529e+01 -9.8918981335e-01 1.3720883774e+00
   endloop
 endfacet
 facet normal  8.9158535734e-02 -8.4771678555e-01 5.2290248327e-01
   outer loop
     vertex 2.9206803101e+01 -1.5209861235e+00 8.2550591748e-01
     vertex 3.1057476529e+01 -9.8918981335e-01 1.3720883774e+00
     vertex 2.9206803101e+01 -1.1670629959e+00 1.3992774822e+00
   endloop
 endfacet
 facet normal  7.0557084475e-02 -6.1393219136e-01 7.8619906019e-01
   outer loop
     vertex 2.9206803101e+01 -1.1670629959e+00 1.3992774822e+00
     vertex 3.1057476529e+01 -9.8918981335e-01 1.3720883774e+00
     vertex 3.1057476529e+01 -5.4441354002e-01 1.7194081415e+00
   endloop
 endfacet
 facet normal  6.0357679165e-02 -5.9243649366e-01 8.0335294332e-01
   outer loop
     vertex 2.9206803101e+01 -1.1670629959e+00 1.3992774822e+00
     vertex 3.1057476529e+01 -5.4441354002e-01 1.7194081415e+00
     vertex 2.9206803101e+01 -6.4230837040e-01 1.7862603058e+00
   endloop
 endfacet
 facet normal  4.7172676579e-02 -2.2758999509e-01 9.7261376338e-01
   outer loop
     vertex 2.9206803101e+01 -6.4230837040e-01 1.7862603058e+00
     vertex 3.1057476529e+01 -5.4441354002e-01 1.7194081415e+00
     vertex 3.1057476529e+01 0.0000000000e+00 1.8468000000e+00
   endloop
 endfacet
 facet normal  4.2908280823e-02 -2.1557916347e-01 9.7554318393e-01
   outer loop
     vertex 2.9206803101e+01 -6.4230837040e-01 1.7862603058e+00
     vertex 3.1057476529e+01 0.0000000000e+00 1.8468000000e+00
     vertex 2.9206803101e+01 0.0000000000e+00 1.9282000000e+00
   endloop
 endfacet
 facet normal  4.2908280823e-02 2.1557916347e-01 9.7554318393e-01
   outer loop
     vertex 2.9206803101e+01 0.0000000000e+00 1.9282000000e+00
     vertex 3.1057476529e+01 0.0000000000e+00 1.8468000000e+00
     vertex 2.9206803101e+01 6.4230837040e-01 1.7862603058e+00
   endloop
 endfacet
 facet normal  4.7172676579e-02 2.2758999509e-01 9.7261376338e-01
   outer loop
     vertex 3.1057476529e+01 0.0000000000e+00 1.8468000000e+00
     vertex 3.1057476529e+01 5.4441354002e-01 1.7194081415e+00
     vertex 2.9206803101e+01 6.4230837040e-01 1.7862603058e+00
   endloop
 endfacet
 facet normal  6.0357679165e-02 5.9243649366e-01 8.0335294332e-01
   outer loop
     vertex 2.9206803101e+01 6.4230837040e-01 1.7862603058e+00
     vertex 3.1057476529e+01 5.4441354002e-01 1.7194081415e+00
     vertex 2.9206803101e+01 1.1670629959e+00 1.3992774822e+00
   endloop
 endfacet
 facet normal  7.0557084475e-02 6.1393219136e-01 7.8619906019e-01
   outer loop
     vertex 3.1057476529e+01 5.4441354002e-01 1.7194081415e+00
     vertex 3.1057476529e+01 9.8918981335e-01 1.3720883774e+00
     vertex 2.9206803101e+01 1.1670629959e+00 1.3992774822e+00
   endloop
 endfacet
 facet normal  8.9158535734e-02 8.4771678555e-01 5.2290248327e-01
   outer loop
     vertex 2.9206803101e+01 1.1670629959e+00 1.3992774822e+00
     vertex 3.1057476529e+01 9.8918981335e-01 1.3720883774e+00
     vertex 2.9206803101e+01 1.5209861235e+00 8.2550591748e-01
   endloop
 endfacet
 facet normal  9.9144032241e-02 8.5982403937e-01 5.0087232125e-01
   outer loop
     vertex 3.1057476529e+01 9.8918981335e-01 1.3720883774e+00
     vertex 3.1057476529e+01 1.2891711800e+00 8.5712442455e-01
     vertex 2.9206803101e+01 1.5209861235e+00 8.2550591748e-01
   endloop
 endfacet
 facet normal  1.1921172542e-01 9.7633045232e-01 1.8046443528e-01
   outer loop
     vertex 2.9206803101e+01 1.5209861235e+00 8.2550591748e-01
     vertex 3.1057476529e+01 1.2891711800e+00 8.5712442455e-01
     vertex 2.9206803101e+01 1.6508000000e+00 1.2320000000e-01
   endloop
 endfacet
 facet normal  1.2334997753e-01 9.7758112597e-01 1.7064561287e-01
   outer loop
     vertex 3.1057476529e+01 1.2891711800e+00 8.5712442455e-01
     vertex 3.1057476529e+01 1.3992000000e+00 2.2680000000e-01
     vertex 2.9206803101e+01 1.6508000000e+00 1.2320000000e-01
   endloop
 endfacet
 facet normal  1.3931529637e-01 9.7720228725e-01 -1.6020904466e-01
   outer loop
     vertex 3.1057476529e+01 1.3992000000e+00 2.2680000000e-01
     vertex 3.2635913305e+01 1.1884000000e+00 3.1360000000e-01
     vertex 3.2635913305e+01 1.0949478490e+00 -2.5641560615e-01
   endloop
 endfacet
 facet normal  1.3596688743e-01 9.7595585262e-01 -1.7036190674e-01
   outer loop
     vertex 3.1057476529e+01 1.3992000000e+00 2.2680000000e-01
     vertex 3.2635913305e+01 1.0949478490e+00 -2.5641560615e-01
     vertex 3.1057476529e+01 1.2891711800e+00 -4.0352442455e-01
   endloop
 endfacet
 facet normal  1.5093182394e-01 8.6723292468e-01 -4.7447511934e-01
   outer loop
     vertex 3.1057476529e+01 1.2891711800e+00 -4.0352442455e-01
     vertex 3.2635913305e+01 1.0949478490e+00 -2.5641560615e-01
     vertex 3.2635913305e+01 8.4016093067e-01 -7.2210831658e-01
   endloop
 endfacet
 facet normal  1.4273041967e-01 8.5523447854e-01 -4.9819876959e-01
   outer loop
     vertex 3.1057476529e+01 1.2891711800e+00 -4.0352442455e-01
     vertex 3.2635913305e+01 8.4016093067e-01 -7.2210831658e-01
     vertex 3.1057476529e+01 9.8918981335e-01 -9.1848837738e-01
   endloop
 endfacet
 facet normal  1.5416362763e-01 6.3167908252e-01 -7.5974674243e-01
   outer loop
     vertex 3.1057476529e+01 9.8918981335e-01 -9.1848837738e-01
     vertex 3.2635913305e+01 8.4016093067e-01 -7.2210831658e-01
     vertex 3.2635913305e+01 4.6239354700e-01 -1.0361968687e+00
   endloop
 endfacet
 facet normal  1.4508206821e-01 6.0895422858e-01 -7.7982430135e-01
   outer loop
     vertex 3.1057476529e+01 9.8918981335e-01 -9.1848837738e-01
     vertex 3.2635913305e+01 4.6239354700e-01 -1.0361968687e+00
     vertex 3.1057476529e+01 5.4441354002e-01 -1.2658081415e+00
   endloop
 endfacet
 facet normal  1.5193037732e-01 2.3894840547e-01 -9.5907289607e-01
   outer loop
     vertex 3.1057476529e+01 5.4441354002e-01 -1.2658081415e+00
     vertex 3.2635913305e+01 4.6239354700e-01 -1.0361968687e+00
     vertex 3.2635913305e+01 0.0000000000e+00 -1.1514000000e+00
   endloop
 endfacet
 facet normal  1.4752817171e-01 2.2535054372e-01 -9.6304338999e-01
   outer loop
     vertex 3.1057476529e+01 5.4441354002e-01 -1.2658081415e+00
     vertex 3.2635913305e+01 0.0000000000e+00 -1.1514000000e+00
     vertex 3.1057476529e+01 0.0000000000e+00 -1.3932000000e+00
   endloop
 endfacet
 facet normal  1.4752817171e-01 -2.2535054372e-01 -9.6304338999e-01
   outer loop
     vertex 3.1057476529e+01 0.0000000000e+00 -1.3932000000e+00
     vertex 3.2635913305e+01 0.0000000000e+00 -1.1514000000e+00
     vertex 3.1057476529e+01 -5.4441354002e-01 -1.2658081415e+00
   endloop
 endfacet
 facet normal  1.5193037732e-01 -2.3894840547e-01 -9.5907289607e-01
   outer loop
     vertex 3.2635913305e+01 0.0000000000e+00 -1.1514000000e+00
     vertex 3.2635913305e+01 -4.6239354700e-01 -1.0361968687e+00
     vertex 3.1057476529e+01 -5.4441354002e-01 -1.2658081415e+00
   endloop
 endfacet
 facet normal  1.4508206821e-01 -6.0895422858e-01 -7.7982430135e-01
   outer loop
     vertex 3.1057476529e+01 -5.4441354002e-01 -1.2658081415e+00
     vertex 3.2635913305e+01 -4.6239354700e-01 -1.0361968687e+00
     vertex 3.1057476529e+01 -9.8918981335e-01 -9.1848837738e-01
   endloop
 endfacet
 facet normal  1.5416362763e-01 -6.3167908252e-01 -7.5974674243e-01
   outer loop
     vertex 3.2635913305e+01 -4.6239354700e-01 -1.0361968687e+00
     vertex 3.2635913305e+01 -8.4016093067e-01 -7.2210831658e-01
     vertex 3.1057476529e+01 -9.8918981335e-01 -9.1848837738e-01
   endloop
 endfacet
 facet normal  1.4273041967e-01 -8.5523447854e-01 -4.9819876959e-01
   outer loop
     vertex 3.1057476529e+01 -9.8918981335e-01 -9.1848837738e-01
     vertex 3.2635913305e+01 -8.4016093067e-01 -7.2210831658e-01
     vertex 3.1057476529e+01 -1.2891711800e+00 -4.0352442455e-01
   endloop
 endfacet
 facet normal  1.5093182394e-01 -8.6723292468e-01 -4.7447511934e-01
   outer loop
     vertex 3.2635913305e+01 -8.4016093067e-01 -7.2210831658e-01
     vertex 3.2635913305e+01 -1.0949478490e+00 -2.5641560615e-01
     vertex 3.1057476529e+01 -1.2891711800e+00 -4.0352442455e-01
   endloop
 endfacet
 facet normal  1.3596688743e-01 -9.7595585262e-01 -1.7036190674e-01
   outer loop
     vertex 3.1057476529e+01 -1.2891711800e+00 -4.0352442455e-01
     vertex 3.2635913305e+01 -1.0949478490e+00 -2.5641560615e-01
     vertex 3.1057476529e+01 -1.3992000000e+00 2.2680000000e-01
   endloop
 endfacet
 facet normal  1.3931529637e-01 -9.7720228725e-01 -1.6020904466e-01
   outer loop
     vertex 3.2635913305e+01 -1.0949478490e+00 -2.5641560615e-01
     vertex 3.2635913305e+01 -1.1884000000e+00 3.1360000000e-01
     vertex 3.1057476529e+01 -1.3992000000e+00 2.2680000000e-01
   endloop
 endfacet
 facet normal  1.2197595758e-01 -9.7945716550e-01 1.6057872441e-01
   outer loop
     vertex 3.1057476529e+01 -1.3992000000e+00 2.2680000000e-01
     vertex 3.2635913305e+01 -1.1884000000e+00 3.1360000000e-01
     vertex 3.2635913305e+01 -1.0949478490e+00 8.8361560615e-01
   endloop
 endfacet
 facet normal  1.1750917348e-01 -9.7827913694e-01 1.7076745699e-01
   outer loop
     vertex 3.1057476529e+01 -1.3992000000e+00 2.2680000000e-01
     vertex 3.2635913305e+01 -1.0949478490e+00 8.8361560615e-01
     vertex 3.1057476529e+01 -1.2891711800e+00 8.5712442455e-01
   endloop
 endfacet
 facet normal  9.9397652700e-02 -8.7293843669e-01 4.7759668382e-01
   outer loop
     vertex 3.1057476529e+01 -1.2891711800e+00 8.5712442455e-01
     vertex 3.2635913305e+01 -1.0949478490e+00 8.8361560615e-01
     vertex 3.2635913305e+01 -8.4016093067e-01 1.3493083166e+00
   endloop
 endfacet
 facet normal  8.8498450601e-02 -8.6069090407e-01 5.0137729496e-01
   outer loop
     vertex 3.1057476529e+01 -1.2891711800e+00 8.5712442455e-01
     vertex 3.2635913305e+01 -8.4016093067e-01 1.3493083166e+00
     vertex 3.1057476529e+01 -9.8918981335e-01 1.3720883774e+00
   endloop
 endfacet
 facet normal  7.1277501872e-02 -6.3769586513e-01 7.6698337748e-01
   outer loop
     vertex 3.1057476529e+01 -9.8918981335e-01 1.3720883774e+00
     vertex 3.2635913305e+01 -8.4016093067e-01 1.3493083166e+00
     vertex 3.2635913305e+01 -4.6239354700e-01 1.6633968687e+00
   endloop
 endfacet
 facet normal  5.9842101218e-02 -6.1436308676e-01 7.8675086308e-01
   outer loop
     vertex 3.1057476529e+01 -9.8918981335e-01 1.3720883774e+00
     vertex 3.2635913305e+01 -4.6239354700e-01 1.6633968687e+00
     vertex 3.1057476529e+01 -5.4441354002e-01 1.7194081415e+00
   endloop
 endfacet
 facet normal  4.6943145495e-02 -2.4148837053e-01 9.6926761423e-01
   outer loop
     vertex 3.1057476529e+01 -5.4441354002e-01 1.7194081415e+00
     vertex 3.2635913305e+01 -4.6239354700e-01 1.6633968687e+00
     vertex 3.2635913305e+01 0.0000000000e+00 1.7786000000e+00
   endloop
 endfacet
 facet normal  4.2033672963e-02 -2.2764227268e-01 9.7283717344e-01
   outer loop
     vertex 3.1057476529e+01 -5.4441354002e-01 1.7194081415e+00
     vertex 3.2635913305e+01 0.0000000000e+00 1.7786000000e+00
     vertex 3.1057476529e+01 0.0000000000e+00 1.8468000000e+00
   endloop
 endfacet
 facet normal  4.2033672963e-02 2.2764227268e-01 9.7283717344e-01
   outer loop
     vertex 3.1057476529e+01 0.0000000000e+00 1.8468000000e+00
     vertex 3.2635913305e+01 0.0000000000e+00 1.7786000000e+00
     vertex 3.1057476529e+01 5.4441354002e-01 1.7194081415e+00
   endloop
 endfacet
 facet normal  4.6943145495e-02 2.4148837053e-01 9.6926761423e-01
   outer loop
     vertex 3.2635913305e+01 0.0000000000e+00 1.7786000000e+00
     vertex 3.2635913305e+01 4.6239354700e-01 1.6633968687e+00
     vertex 3.1057476529e+01 5.4441354002e-01 1.7194081415e+00
   endloop
 endfacet
 facet normal  5.9842101218e-02 6.1436308676e-01 7.8675086308e-01
   outer loop
     vertex 3.1057476529e+01 5.4441354002e-01 1.7194081415e+00
     vertex 3.2635913305e+01 4.6239354700e-01 1.6633968687e+00
     vertex 3.1057476529e+01 9.8918981335e-01 1.3720883774e+00
   endloop
 endfacet
 facet normal  7.1277501872e-02 6.3769586513e-01 7.6698337748e-01
   outer loop
     vertex 3.2635913305e+01 4.6239354700e-01 1.6633968687e+00
     vertex 3.2635913305e+01 8.4016093067e-01 1.3493083166e+00
     vertex 3.1057476529e+01 9.8918981335e-01 1.3720883774e+00
   endloop
 endfacet
 facet normal  8.8498450601e-02 8.6069090407e-01 5.0137729496e-01
   outer loop
     vertex 3.1057476529e+01 9.8918981335e-01 1.3720883774e+00
     vertex 3.2635913305e+01 8.4016093067e-01 1.3493083166e+00
     vertex 3.1057476529e+01 1.2891711800e+00 8.5712442455e-01
   endloop
 endfacet
 facet normal  9.9397652700e-02 8.7293843669e-01 4.7759668382e-01
   outer loop
     vertex 3.2635913305e+01 8.4016093067e-01 1.3493083166e+00
     vertex 3.2635913305e+01 1.0949478490e+00 8.8361560615e-01
     vertex 3.1057476529e+01 1.2891711800e+00 8.5712442455e-01
   endloop
 endfacet
 facet normal  1.1750917348e-01 9.7827913694e-01 1.7076745699e-01
   outer loop
     vertex 3.1057476529e+01 1.2891711800e+00 8.5712442455e-01
     vertex 3.2635913305e+01 1.0949478490e+00 8.8361560615e-01
     vertex 3.1057476529e+01 1.3992000000e+00 2.2680000000e-01
   endloop
 endfacet
 facet normal  1.2197595758e-01 9.7945716550e-01 1.6057872441e-01
   outer loop
     vertex 3.2635913305e+01 1.0949478490e+00 8.8361560615e-01
     vertex 3.2635913305e+01 1.1884000000e+00 3.1360000000e-01
     vertex 3.1057476529e+01 1.3992000000e+00 2.2680000000e-01
   endloop
 endfacet
 facet normal  8.3873072148e-02 9.8414536046e-01 -1.5627929247e-01
   outer loop
     vertex 3.2635913305e+01 1.1884000000e+00 3.1360000000e-01
     vertex 3.3741000000e+01 1.1000000000e+00 3.5000000000e-01
     vertex 3.3741000000e+01 1.0134993554e+00 -1.9472481134e-01
   endloop
 endfacet
 facet normal  8.1491977220e-02 9.8354355406e-01 -1.6124867414e-01
   outer loop
     vertex 3.2635913305e+01 1.1884000000e+00 3.1360000000e-01
     vertex 3.3741000000e+01 1.0134993554e+00 -1.9472481134e-01
     vertex 3.2635913305e+01 1.0949478490e+00 -2.5641560615e-01
   endloop
 endfacet
 facet normal  9.0885875284e-02 8.7994208312e-01 -4.6630643146e-01
   outer loop
     vertex 3.2635913305e+01 1.0949478490e+00 -2.5641560615e-01
     vertex 3.3741000000e+01 1.0134993554e+00 -1.9472481134e-01
     vertex 3.3741000000e+01 7.7766494760e-01 -6.3975538786e-01
   endloop
 endfacet
 facet normal  8.5071914782e-02 8.7410261090e-01 -4.7823361962e-01
   outer loop
     vertex 3.2635913305e+01 1.0949478490e+00 -2.5641560615e-01
     vertex 3.3741000000e+01 7.7766494760e-01 -6.3975538786e-01
     vertex 3.2635913305e+01 8.4016093067e-01 -7.2210831658e-01
   endloop
 endfacet
 facet normal  9.2976757137e-02 6.4851821748e-01 -7.5549946673e-01
   outer loop
     vertex 3.2635913305e+01 8.4016093067e-01 -7.2210831658e-01
     vertex 3.3741000000e+01 7.7766494760e-01 -6.3975538786e-01
     vertex 3.3741000000e+01 4.2799806605e-01 -9.3990827045e-01
   endloop
 endfacet
 facet normal  8.6571784193e-02 6.3692170451e-01 -7.6605226226e-01
   outer loop
     vertex 3.2635913305e+01 8.4016093067e-01 -7.2210831658e-01
     vertex 3.3741000000e+01 4.2799806605e-01 -9.3990827045e-01
     vertex 3.2635913305e+01 4.6239354700e-01 -1.0361968687e+00
   endloop
 endfacet
 facet normal  9.1750225085e-02 2.4806474726e-01 -9.6438881026e-01
   outer loop
     vertex 3.2635913305e+01 4.6239354700e-01 -1.0361968687e+00
     vertex 3.3741000000e+01 4.2799806605e-01 -9.3990827045e-01
     vertex 3.3741000000e+01 0.0000000000e+00 -1.0500000000e+00
   endloop
 endfacet
 facet normal  8.8684911251e-02 2.4080231066e-01 -9.6651395939e-01
   outer loop
     vertex 3.2635913305e+01 4.6239354700e-01 -1.0361968687e+00
     vertex 3.3741000000e+01 0.0000000000e+00 -1.0500000000e+00
     vertex 3.2635913305e+01 0.0000000000e+00 -1.1514000000e+00
   endloop
 endfacet
 facet normal  8.8684911251e-02 -2.4080231066e-01 -9.6651395939e-01
   outer loop
     vertex 3.2635913305e+01 0.0000000000e+00 -1.1514000000e+00
     vertex 3.3741000000e+01 0.0000000000e+00 -1.0500000000e+00
     vertex 3.2635913305e+01 -4.6239354700e-01 -1.0361968687e+00
   endloop
 endfacet
 facet normal  9.1750225085e-02 -2.4806474726e-01 -9.6438881026e-01
   outer loop
     vertex 3.3741000000e+01 0.0000000000e+00 -1.0500000000e+00
     vertex 3.3741000000e+01 -4.2799806605e-01 -9.3990827045e-01
     vertex 3.2635913305e+01 -4.6239354700e-01 -1.0361968687e+00
   endloop
 endfacet
 facet normal  8.6571784193e-02 -6.3692170451e-01 -7.6605226226e-01
   outer loop
     vertex 3.2635913305e+01 -4.6239354700e-01 -1.0361968687e+00
     vertex 3.3741000000e+01 -4.2799806605e-01 -9.3990827045e-01
     vertex 3.2635913305e+01 -8.4016093067e-01 -7.2210831658e-01
   endloop
 endfacet
 facet normal  9.2976757137e-02 -6.4851821748e-01 -7.5549946673e-01
   outer loop
     vertex 3.3741000000e+01 -4.2799806605e-01 -9.3990827045e-01
     vertex 3.3741000000e+01 -7.7766494760e-01 -6.3975538786e-01
     vertex 3.2635913305e+01 -8.4016093067e-01 -7.2210831658e-01
   endloop
 endfacet
 facet normal  8.5071914782e-02 -8.7410261090e-01 -4.7823361962e-01
   outer loop
     vertex 3.2635913305e+01 -8.4016093067e-01 -7.2210831658e-01
     vertex 3.3741000000e+01 -7.7766494760e-01 -6.3975538786e-01
     vertex 3.2635913305e+01 -1.0949478490e+00 -2.5641560615e-01
   endloop
 endfacet
 facet normal  9.0885875284e-02 -8.7994208312e-01 -4.6630643146e-01
   outer loop
     vertex 3.3741000000e+01 -7.7766494760e-01 -6.3975538786e-01
     vertex 3.3741000000e+01 -1.0134993554e+00 -1.9472481134e-01
     vertex 3.2635913305e+01 -1.0949478490e+00 -2.5641560615e-01
   endloop
 endfacet
 facet normal  8.1491977220e-02 -9.8354355406e-01 -1.6124867414e-01
   outer loop
     vertex 3.2635913305e+01 -1.0949478490e+00 -2.5641560615e-01
     vertex 3.3741000000e+01 -1.0134993554e+00 -1.9472481134e-01
     vertex 3.2635913305e+01 -1.1884000000e+00 3.1360000000e-01
   endloop
 endfacet
 facet normal  8.3873072148e-02 -9.8414536046e-01 -1.5627929247e-01
   outer loop
     vertex 3.3741000000e+01 -1.0134993554e+00 -1.9472481134e-01
     vertex 3.3741000000e+01 -1.1000000000e+00 3.5000000000e-01
     vertex 3.2635913305e+01 -1.1884000000e+00 3.1360000000e-01
   endloop
 endfacet
 facet normal  7.3637539620e-02 -9.8494397877e-01 1.5640611063e-01
   outer loop
     vertex 3.2635913305e+01 -1.1884000000e+00 3.1360000000e-01
     vertex 3.3741000000e+01 -1.1000000000e+00 3.5000000000e-01
     vertex 3.3741000000e+01 -1.0134993554e+00 8.9472481134e-01
   endloop
 endfacet
 facet normal  7.0926788437e-02 -9.8434044180e-01 1.6137932122e-01
   outer loop
     vertex 3.2635913305e+01 -1.1884000000e+00 3.1360000000e-01
     vertex 3.3741000000e+01 -1.0134993554e+00 8.9472481134e-01
     vertex 3.2635913305e+01 -1.0949478490e+00 8.8361560615e-01
   endloop
 endfacet
 facet normal  6.0307000988e-02 -8.8199076216e-01 4.6739208497e-01
   outer loop
     vertex 3.2635913305e+01 -1.0949478490e+00 8.8361560615e-01
     vertex 3.3741000000e+01 -1.0134993554e+00 8.9472481134e-01
     vertex 3.3741000000e+01 -7.7766494760e-01 1.3397553879e+00
   endloop
 endfacet
 facet normal  5.3684600063e-02 -8.7601783219e-01 4.7928146366e-01
   outer loop
     vertex 3.2635913305e+01 -1.0949478490e+00 8.8361560615e-01
     vertex 3.3741000000e+01 -7.7766494760e-01 1.3397553879e+00
     vertex 3.2635913305e+01 -8.4016093067e-01 1.3493083166e+00
   endloop
 endfacet
 facet normal  4.3353752275e-02 -6.5072723890e-01 7.5807289407e-01
   outer loop
     vertex 3.2635913305e+01 -8.4016093067e-01 1.3493083166e+00
     vertex 3.3741000000e+01 -7.7766494760e-01 1.3397553879e+00
     vertex 3.3741000000e+01 -4.2799806605e-01 1.6399082704e+00
   endloop
 endfacet
 facet normal  3.6218707128e-02 -6.3890249785e-01 7.6843464491e-01
   outer loop
     vertex 3.2635913305e+01 -8.4016093067e-01 1.3493083166e+00
     vertex 3.3741000000e+01 -4.2799806605e-01 1.6399082704e+00
     vertex 3.2635913305e+01 -4.6239354700e-01 1.6633968687e+00
   endloop
 endfacet
 facet normal  2.8327163945e-02 -2.4901553465e-01 9.6808513845e-01
   outer loop
     vertex 3.2635913305e+01 -4.6239354700e-01 1.6633968687e+00
     vertex 3.3741000000e+01 -4.2799806605e-01 1.6399082704e+00
     vertex 3.3741000000e+01 0.0000000000e+00 1.7500000000e+00
   endloop
 endfacet
 facet normal  2.5104728667e-02 -2.4167869540e-01 9.7003152567e-01
   outer loop
     vertex 3.2635913305e+01 -4.6239354700e-01 1.6633968687e+00
     vertex 3.3741000000e+01 0.0000000000e+00 1.7500000000e+00
     vertex 3.2635913305e+01 0.0000000000e+00 1.7786000000e+00
   endloop
 endfacet
 facet normal  2.5104728667e-02 2.4167869540e-01 9.7003152567e-01
   outer loop
     vertex 3.2635913305e+01 0.0000000000e+00 1.7786000000e+00
     vertex 3.3741000000e+01 0.0000000000e+00 1.7500000000e+00
     vertex 3.2635913305e+01 4.6239354700e-01 1.6633968687e+00
   endloop
 endfacet
 facet normal  2.8327163945e-02 2.4901553465e-01 9.6808513845e-01
   outer loop
     vertex 3.3741000000e+01 0.0000000000e+00 1.7500000000e+00
     vertex 3.3741000000e+01 4.2799806605e-01 1.6399082704e+00
     vertex 3.2635913305e+01 4.6239354700e-01 1.6633968687e+00
   endloop
 endfacet
 facet normal  3.6218707128e-02 6.3890249785e-01 7.6843464491e-01
   outer loop
     vertex 3.2635913305e+01 4.6239354700e-01 1.6633968687e+00
     vertex 3.3741000000e+01 4.2799806605e-01 1.6399082704e+00
     vertex 3.2635913305e+01 8.4016093067e-01 1.3493083166e+00
   endloop
 endfacet
 facet normal  4.3353752275e-02 6.5072723890e-01 7.5807289407e-01
   outer loop
     vertex 3.3741000000e+01 4.2799806605e-01 1.6399082704e+00
     vertex 3.3741000000e+01 7.7766494760e-01 1.3397553879e+00
     vertex 3.2635913305e+01 8.4016093067e-01 1.3493083166e+00
   endloop
 endfacet
 facet normal  5.3684600063e-02 8.7601783219e-01 4.7928146366e-01
   outer loop
     vertex 3.2635913305e+01 8.4016093067e-01 1.3493083166e+00
     vertex 3.3741000000e+01 7.7766494760e-01 1.3397553879e+00
     vertex 3.2635913305e+01 1.0949478490e+00 8.8361560615e-01
   endloop
 endfacet
 facet normal  6.0307000988e-02 8.8199076216e-01 4.6739208497e-01
   outer loop
     vertex 3.3741000000e+01 7.7766494760e-01 1.3397553879e+00
     vertex 3.3741000000e+01 1.0134993554e+00 8.9472481134e-01
     vertex 3.2635913305e+01 1.0949478490e+00 8.8361560615e-01
   endloop
 endfacet
 facet normal  7.0926788437e-02 9.8434044180e-01 1.6137932122e-01
   outer loop
     vertex 3.2635913305e+01 1.0949478490e+00 8.8361560615e-01
     vertex 3.3741000000e+01 1.0134993554e+00 8.9472481134e-01
     vertex 3.2635913305e+01 1.1884000000e+00 3.1360000000e-01
   endloop
 endfacet
 facet normal  7.3637539620e-02 9.8494397877e-01 1.5640611063e-01
   outer loop
     vertex 3.3741000000e+01 1.0134993554e+00 8.9472481134e-01
     vertex 3.3741000000e+01 1.1000000000e+00 3.5000000000e-01
     vertex 3.2635913305e+01 1.1884000000e+00 3.1360000000e-01
   endloop
 endfacet
 facet normal  5.8759710040e-02 9.8535366321e-01 -1.6007952671e-01
   outer loop
     vertex 3.3741000000e+01 1.1000000000e+00 3.5000000000e-01
     vertex 3.4575776435e+01 1.0535988256e+00 3.7080000000e-01
     vertex 3.4575776435e+01 9.7025059895e-01 -1.4224174975e-01
   endloop
 endfacet
 facet normal  6.0914488990e-02 9.8579127962e-01 -1.5654065943e-01
   outer loop
     vertex 3.3741000000e+01 1.1000000000e+00 3.5000000000e-01
     vertex 3.4575776435e+01 9.7025059895e-01 -1.4224174975e-01
     vertex 3.3741000000e+01 1.0134993554e+00 -1.9472481134e-01
   endloop
 endfacet
 facet normal  7.5225041424e-02 8.7773637138e-01 -4.7320191832e-01
   outer loop
     vertex 3.3741000000e+01 1.0134993554e+00 -1.9472481134e-01
     vertex 3.4575776435e+01 9.7025059895e-01 -1.4224174975e-01
     vertex 3.4575776435e+01 7.4353698568e-01 -5.6277002015e-01
   endloop
 endfacet
 facet normal  7.9058507327e-02 8.8083333695e-01 -4.6677873231e-01
   outer loop
     vertex 3.3741000000e+01 1.0134993554e+00 -1.9472481134e-01
     vertex 3.4575776435e+01 7.4353698568e-01 -5.6277002015e-01
     vertex 3.3741000000e+01 7.7766494760e-01 -6.3975538786e-01
   endloop
 endfacet
 facet normal  9.6319454908e-02 6.4400963997e-01 -7.5892960559e-01
   outer loop
     vertex 3.3741000000e+01 7.7766494760e-01 -6.3975538786e-01
     vertex 3.4575776435e+01 7.4353698568e-01 -5.6277002015e-01
     vertex 3.4575776435e+01 4.0845458597e-01 -8.4711298688e-01
   endloop
 endfacet
 facet normal  9.9106672773e-02 6.4813297315e-01 -7.5505067150e-01
   outer loop
     vertex 3.3741000000e+01 7.7766494760e-01 -6.3975538786e-01
     vertex 3.4575776435e+01 4.0845458597e-01 -8.4711298688e-01
     vertex 3.3741000000e+01 4.2799806605e-01 -9.3990827045e-01
   endloop
 endfacet
 facet normal  1.1277209464e-01 2.4624666548e-01 -9.6262403586e-01
   outer loop
     vertex 3.3741000000e+01 4.2799806605e-01 -9.3990827045e-01
     vertex 3.4575776435e+01 4.0845458597e-01 -8.4711298688e-01
     vertex 3.4575776435e+01 -1.0658141036e-17 -9.5159882564e-01
   endloop
 endfacet
 facet normal  1.1342433105e-01 2.4750787074e-01 -9.6222386951e-01
   outer loop
     vertex 3.3741000000e+01 4.2799806605e-01 -9.3990827045e-01
     vertex 3.4575776435e+01 -1.0658141036e-17 -9.5159882564e-01
     vertex 3.3741000000e+01 0.0000000000e+00 -1.0500000000e+00
   endloop
 endfacet
 facet normal  1.1342433105e-01 -2.4750787074e-01 -9.6222386951e-01
   outer loop
     vertex 3.3741000000e+01 0.0000000000e+00 -1.0500000000e+00
     vertex 3.4575776435e+01 -1.0658141036e-17 -9.5159882564e-01
     vertex 3.3741000000e+01 -4.2799806605e-01 -9.3990827045e-01
   endloop
 endfacet
 facet normal  1.1277209464e-01 -2.4624666548e-01 -9.6262403586e-01
   outer loop
     vertex 3.4575776435e+01 -1.0658141036e-17 -9.5159882564e-01
     vertex 3.4575776435e+01 -4.0845458597e-01 -8.4711298688e-01
     vertex 3.3741000000e+01 -4.2799806605e-01 -9.3990827045e-01
   endloop
 endfacet
 facet normal  9.9106672773e-02 -6.4813297315e-01 -7.5505067150e-01
   outer loop
     vertex 3.3741000000e+01 -4.2799806605e-01 -9.3990827045e-01
     vertex 3.4575776435e+01 -4.0845458597e-01 -8.4711298688e-01
     vertex 3.3741000000e+01 -7.7766494760e-01 -6.3975538786e-01
   endloop
 endfacet
 facet normal  9.6319454908e-02 -6.4400963997e-01 -7.5892960559e-01
   outer loop
     vertex 3.4575776435e+01 -4.0845458597e-01 -8.4711298688e-01
     vertex 3.4575776435e+01 -7.4353698568e-01 -5.6277002015e-01
     vertex 3.3741000000e+01 -7.7766494760e-01 -6.3975538786e-01
   endloop
 endfacet
 facet normal  7.9058507327e-02 -8.8083333695e-01 -4.6677873231e-01
   outer loop
     vertex 3.3741000000e+01 -7.7766494760e-01 -6.3975538786e-01
     vertex 3.4575776435e+01 -7.4353698568e-01 -5.6277002015e-01
     vertex 3.3741000000e+01 -1.0134993554e+00 -1.9472481134e-01
   endloop
 endfacet
 facet normal  7.5225041424e-02 -8.7773637138e-01 -4.7320191832e-01
   outer loop
     vertex 3.4575776435e+01 -7.4353698568e-01 -5.6277002015e-01
     vertex 3.4575776435e+01 -9.7025059895e-01 -1.4224174975e-01
     vertex 3.3741000000e+01 -1.0134993554e+00 -1.9472481134e-01
   endloop
 endfacet
 facet normal  6.0914488990e-02 -9.8579127962e-01 -1.5654065943e-01
   outer loop
     vertex 3.3741000000e+01 -1.0134993554e+00 -1.9472481134e-01
     vertex 3.4575776435e+01 -9.7025059895e-01 -1.4224174975e-01
     vertex 3.3741000000e+01 -1.1000000000e+00 3.5000000000e-01
   endloop
 endfacet
 facet normal  5.8759710040e-02 -9.8535366321e-01 -1.6007952671e-01
   outer loop
     vertex 3.4575776435e+01 -9.7025059895e-01 -1.4224174975e-01
     vertex 3.4575776435e+01 -1.0535988256e+00 3.7080000000e-01
     vertex 3.3741000000e+01 -1.1000000000e+00 3.5000000000e-01
   endloop
 endfacet
 facet normal  5.0804557417e-02 -9.8578447418e-01 1.6014951581e-01
   outer loop
     vertex 3.3741000000e+01 -1.1000000000e+00 3.5000000000e-01
     vertex 3.4575776435e+01 -1.0535988256e+00 3.7080000000e-01
     vertex 3.4575776435e+01 -9.7025059895e-01 8.8384174975e-01
   endloop
 endfacet
 facet normal  5.3137127293e-02 -9.8623001895e-01 1.5661032990e-01
   outer loop
     vertex 3.3741000000e+01 -1.1000000000e+00 3.5000000000e-01
     vertex 3.4575776435e+01 -9.7025059895e-01 8.8384174975e-01
     vertex 3.3741000000e+01 -1.0134993554e+00 8.9472481134e-01
   endloop
 endfacet
 facet normal  5.1721064087e-02 -8.7905230498e-01 4.7391135947e-01
   outer loop
     vertex 3.3741000000e+01 -1.0134993554e+00 8.9472481134e-01
     vertex 3.4575776435e+01 -9.7025059895e-01 8.8384174975e-01
     vertex 3.4575776435e+01 -7.4353698568e-01 1.3043700201e+00
   endloop
 endfacet
 facet normal  5.5884917269e-02 -8.8221814795e-01 4.6751258319e-01
   outer loop
     vertex 3.3741000000e+01 -1.0134993554e+00 8.9472481134e-01
     vertex 3.4575776435e+01 -7.4353698568e-01 1.3043700201e+00
     vertex 3.3741000000e+01 -7.7766494760e-01 1.3397553879e+00
   endloop
 endfacet
 facet normal  5.8671203637e-02 -6.4590338970e-01 7.6116128451e-01
   outer loop
     vertex 3.3741000000e+01 -7.7766494760e-01 1.3397553879e+00
     vertex 3.4575776435e+01 -7.4353698568e-01 1.3043700201e+00
     vertex 3.4575776435e+01 -4.0845458597e-01 1.5887129869e+00
   endloop
 endfacet
 facet normal  6.1666290548e-02 -6.5010002435e-01 7.5734221258e-01
   outer loop
     vertex 3.3741000000e+01 -7.7766494760e-01 1.3397553879e+00
     vertex 3.4575776435e+01 -4.0845458597e-01 1.5887129869e+00
     vertex 3.3741000000e+01 -4.2799806605e-01 1.6399082704e+00
   endloop
 endfacet
 facet normal  6.5078750984e-02 -2.4730222523e-01 9.6675041534e-01
   outer loop
     vertex 3.3741000000e+01 -4.2799806605e-01 1.6399082704e+00
     vertex 3.4575776435e+01 -4.0845458597e-01 1.5887129869e+00
     vertex 3.4575776435e+01 -1.1990408666e-17 1.6931988256e+00
   endloop
 endfacet
 facet normal  6.5755799044e-02 -2.4857635400e-01 9.6637775798e-01
   outer loop
     vertex 3.3741000000e+01 -4.2799806605e-01 1.6399082704e+00
     vertex 3.4575776435e+01 -1.1990408666e-17 1.6931988256e+00
     vertex 3.3741000000e+01 0.0000000000e+00 1.7500000000e+00
   endloop
 endfacet
 facet normal  6.5755799044e-02 2.4857635400e-01 9.6637775798e-01
   outer loop
     vertex 3.3741000000e+01 0.0000000000e+00 1.7500000000e+00
     vertex 3.4575776435e+01 -1.1990408666e-17 1.6931988256e+00
     vertex 3.3741000000e+01 4.2799806605e-01 1.6399082704e+00
   endloop
 endfacet
 facet normal  6.5078750984e-02 2.4730222523e-01 9.6675041534e-01
   outer loop
     vertex 3.4575776435e+01 -1.1990408666e-17 1.6931988256e+00
     vertex 3.4575776435e+01 4.0845458597e-01 1.5887129869e+00
     vertex 3.3741000000e+01 4.2799806605e-01 1.6399082704e+00
   endloop
 endfacet
 facet normal  6.1666290548e-02 6.5010002435e-01 7.5734221258e-01
   outer loop
     vertex 3.3741000000e+01 4.2799806605e-01 1.6399082704e+00
     vertex 3.4575776435e+01 4.0845458597e-01 1.5887129869e+00
     vertex 3.3741000000e+01 7.7766494760e-01 1.3397553879e+00
   endloop
 endfacet
 facet normal  5.8671203637e-02 6.4590338970e-01 7.6116128451e-01
   outer loop
     vertex 3.4575776435e+01 4.0845458597e-01 1.5887129869e+00
     vertex 3.4575776435e+01 7.4353698568e-01 1.3043700201e+00
     vertex 3.3741000000e+01 7.7766494760e-01 1.3397553879e+00
   endloop
 endfacet
 facet normal  5.5884917269e-02 8.8221814795e-01 4.6751258319e-01
   outer loop
     vertex 3.3741000000e+01 7.7766494760e-01 1.3397553879e+00
     vertex 3.4575776435e+01 7.4353698568e-01 1.3043700201e+00
     vertex 3.3741000000e+01 1.0134993554e+00 8.9472481134e-01
   endloop
 endfacet
 facet normal  5.1721064087e-02 8.7905230498e-01 4.7391135947e-01
   outer loop
     vertex 3.4575776435e+01 7.4353698568e-01 1.3043700201e+00
     vertex 3.4575776435e+01 9.7025059895e-01 8.8384174975e-01
     vertex 3.3741000000e+01 1.0134993554e+00 8.9472481134e-01
   endloop
 endfacet
 facet normal  5.3137127293e-02 9.8623001895e-01 1.5661032990e-01
   outer loop
     vertex 3.3741000000e+01 1.0134993554e+00 8.9472481134e-01
     vertex 3.4575776435e+01 9.7025059895e-01 8.8384174975e-01
     vertex 3.3741000000e+01 1.1000000000e+00 3.5000000000e-01
   endloop
 endfacet
 facet normal  5.0804557417e-02 9.8578447418e-01 1.6014951581e-01
   outer loop
     vertex 3.4575776435e+01 9.7025059895e-01 8.8384174975e-01
     vertex 3.4575776435e+01 1.0535988256e+00 3.7080000000e-01
     vertex 3.3741000000e+01 1.1000000000e+00 3.5000000000e-01
   endloop
 endfacet
 facet normal  1.6468109939e-01 9.7207775014e-01 -1.6716753028e-01
   outer loop
     vertex 3.4575776435e+01 1.0535988256e+00 3.7080000000e-01
     vertex 3.5433640692e+01 9.1679647691e-01 4.2040000000e-01
     vertex 3.5433640692e+01 8.4321311194e-01 -7.4866341149e-03
   endloop
 endfacet
 facet normal  1.6889678129e-01 9.7287880349e-01 -1.5805287404e-01
   outer loop
     vertex 3.4575776435e+01 1.0535988256e+00 3.7080000000e-01
     vertex 3.5433640692e+01 8.4321311194e-01 -7.4866341149e-03
     vertex 3.4575776435e+01 9.7025059895e-01 -1.4224174975e-01
   endloop
 endfacet
 facet normal  2.0184692001e-01 8.5356401063e-01 -4.8029813724e-01
   outer loop
     vertex 3.4575776435e+01 9.7025059895e-01 -1.4224174975e-01
     vertex 3.5433640692e+01 8.4321311194e-01 -7.4866341149e-03
     vertex 3.5433640692e+01 6.4417446392e-01 -3.6120906921e-01
   endloop
 endfacet
 facet normal  2.0874851079e-01 8.6083838754e-01 -4.6409194108e-01
   outer loop
     vertex 3.4575776435e+01 9.7025059895e-01 -1.4224174975e-01
     vertex 3.5433640692e+01 6.4417446392e-01 -3.6120906921e-01
     vertex 3.4575776435e+01 7.4353698568e-01 -5.6277002015e-01
   endloop
 endfacet
 facet normal  2.4705987316e-01 6.1646844556e-01 -7.4761492408e-01
   outer loop
     vertex 3.4575776435e+01 7.4353698568e-01 -5.6277002015e-01
     vertex 3.5433640692e+01 6.4417446392e-01 -3.6120906921e-01
     vertex 3.5433640692e+01 3.5224770317e-01 -6.0192608893e-01
   endloop
 endfacet
 facet normal  2.5192017010e-01 6.2615035663e-01 -7.3788343171e-01
   outer loop
     vertex 3.4575776435e+01 7.4353698568e-01 -5.6277002015e-01
     vertex 3.5433640692e+01 3.5224770317e-01 -6.0192608893e-01
     vertex 3.4575776435e+01 4.0845458597e-01 -8.4711298688e-01
   endloop
 endfacet
 facet normal  2.8131594852e-01 2.3475025518e-01 -9.3045884100e-01
   outer loop
     vertex 3.4575776435e+01 4.0845458597e-01 -8.4711298688e-01
     vertex 3.5433640692e+01 3.5224770317e-01 -6.0192608893e-01
     vertex 3.5433640692e+01 -3.1974423109e-17 -6.9079647691e-01
   endloop
 endfacet
 facet normal  2.8252999232e-01 2.3773071099e-01 -9.2933358515e-01
   outer loop
     vertex 3.4575776435e+01 4.0845458597e-01 -8.4711298688e-01
     vertex 3.5433640692e+01 -3.1974423109e-17 -6.9079647691e-01
     vertex 3.4575776435e+01 -1.0658141036e-17 -9.5159882564e-01
   endloop
 endfacet
 facet normal  2.8252999232e-01 -2.3773071099e-01 -9.2933358515e-01
   outer loop
     vertex 3.4575776435e+01 -1.0658141036e-17 -9.5159882564e-01
     vertex 3.5433640692e+01 -3.1974423109e-17 -6.9079647691e-01
     vertex 3.4575776435e+01 -4.0845458597e-01 -8.4711298688e-01
   endloop
 endfacet
 facet normal  2.8131594852e-01 -2.3475025518e-01 -9.3045884100e-01
   outer loop
     vertex 3.5433640692e+01 -3.1974423109e-17 -6.9079647691e-01
     vertex 3.5433640692e+01 -3.5224770317e-01 -6.0192608893e-01
     vertex 3.4575776435e+01 -4.0845458597e-01 -8.4711298688e-01
   endloop
 endfacet
 facet normal  2.5192017010e-01 -6.2615035663e-01 -7.3788343171e-01
   outer loop
     vertex 3.4575776435e+01 -4.0845458597e-01 -8.4711298688e-01
     vertex 3.5433640692e+01 -3.5224770317e-01 -6.0192608893e-01
     vertex 3.4575776435e+01 -7.4353698568e-01 -5.6277002015e-01
   endloop
 endfacet
 facet normal  2.4705987316e-01 -6.1646844556e-01 -7.4761492408e-01
   outer loop
     vertex 3.5433640692e+01 -3.5224770317e-01 -6.0192608893e-01
     vertex 3.5433640692e+01 -6.4417446392e-01 -3.6120906921e-01
     vertex 3.4575776435e+01 -7.4353698568e-01 -5.6277002015e-01
   endloop
 endfacet
 facet normal  2.0874851079e-01 -8.6083838754e-01 -4.6409194108e-01
   outer loop
     vertex 3.4575776435e+01 -7.4353698568e-01 -5.6277002015e-01
     vertex 3.5433640692e+01 -6.4417446392e-01 -3.6120906921e-01
     vertex 3.4575776435e+01 -9.7025059895e-01 -1.4224174975e-01
   endloop
 endfacet
 facet normal  2.0184692001e-01 -8.5356401063e-01 -4.8029813724e-01
   outer loop
     vertex 3.5433640692e+01 -6.4417446392e-01 -3.6120906921e-01
     vertex 3.5433640692e+01 -8.4321311194e-01 -7.4866341149e-03
     vertex 3.4575776435e+01 -9.7025059895e-01 -1.4224174975e-01
   endloop
 endfacet
 facet normal  1.6889678129e-01 -9.7287880349e-01 -1.5805287404e-01
   outer loop
     vertex 3.4575776435e+01 -9.7025059895e-01 -1.4224174975e-01
     vertex 3.5433640692e+01 -8.4321311194e-01 -7.4866341149e-03
     vertex 3.4575776435e+01 -1.0535988256e+00 3.7080000000e-01
   endloop
 endfacet
 facet normal  1.6468109939e-01 -9.7207775014e-01 -1.6716753028e-01
   outer loop
     vertex 3.5433640692e+01 -8.4321311194e-01 -7.4866341149e-03
     vertex 3.5433640692e+01 -9.1679647691e-01 4.2040000000e-01
     vertex 3.4575776435e+01 -1.0535988256e+00 3.7080000000e-01
   endloop
 endfacet
 facet normal  1.4578803024e-01 -9.7500378483e-01 1.6767071842e-01
   outer loop
     vertex 3.4575776435e+01 -1.0535988256e+00 3.7080000000e-01
     vertex 3.5433640692e+01 -9.1679647691e-01 4.2040000000e-01
     vertex 3.5433640692e+01 -8.4321311194e-01 8.4828663411e-01
   endloop
 endfacet
 facet normal  1.5106190028e-01 -9.7573195854e-01 1.5851639463e-01
   outer loop
     vertex 3.4575776435e+01 -1.0535988256e+00 3.7080000000e-01
     vertex 3.5433640692e+01 -8.4321311194e-01 8.4828663411e-01
     vertex 3.4575776435e+01 -9.7025059895e-01 8.8384174975e-01
   endloop
 endfacet
 facet normal  1.4774253624e-01 -8.6193807649e-01 4.8501020122e-01
   outer loop
     vertex 3.4575776435e+01 -9.7025059895e-01 8.8384174975e-01
     vertex 3.5433640692e+01 -8.4321311194e-01 8.4828663411e-01
     vertex 3.5433640692e+01 -6.4417446392e-01 1.2020090692e+00
   endloop
 endfacet
 facet normal  1.5661932540e-01 -8.6936754658e-01 4.6869014909e-01
   outer loop
     vertex 3.4575776435e+01 -9.7025059895e-01 8.8384174975e-01
     vertex 3.5433640692e+01 -6.4417446392e-01 1.2020090692e+00
     vertex 3.4575776435e+01 -7.4353698568e-01 1.3043700201e+00
   endloop
 endfacet
 facet normal  1.6351594341e-01 -6.2762752419e-01 7.6114796665e-01
   outer loop
     vertex 3.4575776435e+01 -7.4353698568e-01 1.3043700201e+00
     vertex 3.5433640692e+01 -6.4417446392e-01 1.2020090692e+00
     vertex 3.5433640692e+01 -3.5224770317e-01 1.4427260889e+00
   endloop
 endfacet
 facet normal  1.6965093819e-01 -6.3763893507e-01 7.5142208356e-01
   outer loop
     vertex 3.4575776435e+01 -7.4353698568e-01 1.3043700201e+00
     vertex 3.5433640692e+01 -3.5224770317e-01 1.4427260889e+00
     vertex 3.4575776435e+01 -4.0845458597e-01 1.5887129869e+00
   endloop
 endfacet
 facet normal  1.7813687296e-01 -2.4071689666e-01 9.5410829058e-01
   outer loop
     vertex 3.4575776435e+01 -4.0845458597e-01 1.5887129869e+00
     vertex 3.5433640692e+01 -3.5224770317e-01 1.4427260889e+00
     vertex 3.5433640692e+01 -3.5971225998e-17 1.5315964769e+00
   endloop
 endfacet
 facet normal  1.7953556295e-01 -2.4380075661e-01 9.5306252298e-01
   outer loop
     vertex 3.4575776435e+01 -4.0845458597e-01 1.5887129869e+00
     vertex 3.5433640692e+01 -3.5971225998e-17 1.5315964769e+00
     vertex 3.4575776435e+01 -1.1990408666e-17 1.6931988256e+00
   endloop
 endfacet
 facet normal  1.7953556295e-01 2.4380075661e-01 9.5306252298e-01
   outer loop
     vertex 3.4575776435e+01 -1.1990408666e-17 1.6931988256e+00
     vertex 3.5433640692e+01 -3.5971225998e-17 1.5315964769e+00
     vertex 3.4575776435e+01 4.0845458597e-01 1.5887129869e+00
   endloop
 endfacet
 facet normal  1.7813687296e-01 2.4071689666e-01 9.5410829058e-01
   outer loop
     vertex 3.5433640692e+01 -3.5971225998e-17 1.5315964769e+00
     vertex 3.5433640692e+01 3.5224770317e-01 1.4427260889e+00
     vertex 3.4575776435e+01 4.0845458597e-01 1.5887129869e+00
   endloop
 endfacet
 facet normal  1.6965093819e-01 6.3763893507e-01 7.5142208356e-01
   outer loop
     vertex 3.4575776435e+01 4.0845458597e-01 1.5887129869e+00
     vertex 3.5433640692e+01 3.5224770317e-01 1.4427260889e+00
     vertex 3.4575776435e+01 7.4353698568e-01 1.3043700201e+00
   endloop
 endfacet
 facet normal  1.6351594341e-01 6.2762752419e-01 7.6114796665e-01
   outer loop
     vertex 3.5433640692e+01 3.5224770317e-01 1.4427260889e+00
     vertex 3.5433640692e+01 6.4417446392e-01 1.2020090692e+00
     vertex 3.4575776435e+01 7.4353698568e-01 1.3043700201e+00
   endloop
 endfacet
 facet normal  1.5661932540e-01 8.6936754658e-01 4.6869014909e-01
   outer loop
     vertex 3.4575776435e+01 7.4353698568e-01 1.3043700201e+00
     vertex 3.5433640692e+01 6.4417446392e-01 1.2020090692e+00
     vertex 3.4575776435e+01 9.7025059895e-01 8.8384174975e-01
   endloop
 endfacet
 facet normal  1.4774253624e-01 8.6193807649e-01 4.8501020122e-01
   outer loop
     vertex 3.5433640692e+01 6.4417446392e-01 1.2020090692e+00
     vertex 3.5433640692e+01 8.4321311194e-01 8.4828663411e-01
     vertex 3.4575776435e+01 9.7025059895e-01 8.8384174975e-01
   endloop
 endfacet
 facet normal  1.5106190028e-01 9.7573195854e-01 1.5851639463e-01
   outer loop
     vertex 3.4575776435e+01 9.7025059895e-01 8.8384174975e-01
     vertex 3.5433640692e+01 8.4321311194e-01 8.4828663411e-01
     vertex 3.4575776435e+01 1.0535988256e+00 3.7080000000e-01
   endloop
 endfacet
 facet normal  1.4578803024e-01 9.7500378483e-01 1.6767071842e-01
   outer loop
     vertex 3.5433640692e+01 8.4321311194e-01 8.4828663411e-01
     vertex 3.5433640692e+01 9.1679647691e-01 4.2040000000e-01
     vertex 3.4575776435e+01 1.0535988256e+00 3.7080000000e-01
   endloop
 endfacet
 facet normal  2.7221336862e-01 9.4591003593e-01 -1.7650520069e-01
   outer loop
     vertex 3.5433640692e+01 9.1679647691e-01 4.2040000000e-01
     vertex 3.6249016730e+01 6.9319471537e-01 4.7960000000e-01
     vertex 3.6249016730e+01 6.3645006760e-01 1.7549943186e-01
   endloop
 endfacet
 facet normal  2.7670366014e-01 9.4705351465e-01 -1.6286413002e-01
   outer loop
     vertex 3.5433640692e+01 9.1679647691e-01 4.2040000000e-01
     vertex 3.6249016730e+01 6.3645006760e-01 1.7549943186e-01
     vertex 3.5433640692e+01 8.4321311194e-01 -7.4866341149e-03
   endloop
 endfacet
 facet normal  3.1579231816e-01 8.1425918232e-01 -4.8709054168e-01
   outer loop
     vertex 3.5433640692e+01 8.4321311194e-01 -7.4866341149e-03
     vertex 3.6249016730e+01 6.3645006760e-01 1.7549943186e-01
     vertex 3.6249016730e+01 4.8410942837e-01 -7.9165263341e-02
   endloop
 endfacet
 facet normal  3.2250739783e-01 8.2493504681e-01 -4.6418869750e-01
   outer loop
     vertex 3.5433640692e+01 8.4321311194e-01 -7.4866341149e-03
     vertex 3.6249016730e+01 4.8410942837e-01 -7.9165263341e-02
     vertex 3.5433640692e+01 6.4417446392e-01 -3.6120906921e-01
   endloop
 endfacet
 facet normal  3.6581973508e-01 5.7756954077e-01 -7.2978719296e-01
   outer loop
     vertex 3.5433640692e+01 6.4417446392e-01 -3.6120906921e-01
     vertex 3.6249016730e+01 4.8410942837e-01 -7.9165263341e-02
     vertex 3.6249016730e+01 2.6301275380e-01 -2.5414600571e-01
   endloop
 endfacet
 facet normal  3.7035290929e-01 5.9095143477e-01 -7.1666946658e-01
   outer loop
     vertex 3.5433640692e+01 6.4417446392e-01 -3.6120906921e-01
     vertex 3.6249016730e+01 2.6301275380e-01 -2.5414600571e-01
     vertex 3.5433640692e+01 3.5224770317e-01 -6.0192608893e-01
   endloop
 endfacet
 facet normal  4.0298938837e-01 2.1972933360e-01 -8.8843602629e-01
   outer loop
     vertex 3.5433640692e+01 3.5224770317e-01 -6.0192608893e-01
     vertex 3.6249016730e+01 2.6301275380e-01 -2.5414600571e-01
     vertex 3.6249016730e+01 -4.7961634664e-17 -3.1919471537e-01
   endloop
 endfacet
 facet normal  4.0419088294e-01 2.2375646905e-01 -8.8688374250e-01
   outer loop
     vertex 3.5433640692e+01 3.5224770317e-01 -6.0192608893e-01
     vertex 3.6249016730e+01 -4.7961634664e-17 -3.1919471537e-01
     vertex 3.5433640692e+01 -3.1974423109e-17 -6.9079647691e-01
   endloop
 endfacet
 facet normal  4.0419088294e-01 -2.2375646905e-01 -8.8688374250e-01
   outer loop
     vertex 3.5433640692e+01 -3.1974423109e-17 -6.9079647691e-01
     vertex 3.6249016730e+01 -4.7961634664e-17 -3.1919471537e-01
     vertex 3.5433640692e+01 -3.5224770317e-01 -6.0192608893e-01
   endloop
 endfacet
 facet normal  4.0298938837e-01 -2.1972933360e-01 -8.8843602629e-01
   outer loop
     vertex 3.6249016730e+01 -4.7961634664e-17 -3.1919471537e-01
     vertex 3.6249016730e+01 -2.6301275380e-01 -2.5414600571e-01
     vertex 3.5433640692e+01 -3.5224770317e-01 -6.0192608893e-01
   endloop
 endfacet
 facet normal  3.7035290929e-01 -5.9095143477e-01 -7.1666946658e-01
   outer loop
     vertex 3.5433640692e+01 -3.5224770317e-01 -6.0192608893e-01
     vertex 3.6249016730e+01 -2.6301275380e-01 -2.5414600571e-01
     vertex 3.5433640692e+01 -6.4417446392e-01 -3.6120906921e-01
   endloop
 endfacet
 facet normal  3.6581973508e-01 -5.7756954077e-01 -7.2978719296e-01
   outer loop
     vertex 3.6249016730e+01 -2.6301275380e-01 -2.5414600571e-01
     vertex 3.6249016730e+01 -4.8410942837e-01 -7.9165263341e-02
     vertex 3.5433640692e+01 -6.4417446392e-01 -3.6120906921e-01
   endloop
 endfacet
 facet normal  3.2250739783e-01 -8.2493504681e-01 -4.6418869750e-01
   outer loop
     vertex 3.5433640692e+01 -6.4417446392e-01 -3.6120906921e-01
     vertex 3.6249016730e+01 -4.8410942837e-01 -7.9165263341e-02
     vertex 3.5433640692e+01 -8.4321311194e-01 -7.4866341149e-03
   endloop
 endfacet
 facet normal  3.1579231816e-01 -8.1425918232e-01 -4.8709054168e-01
   outer loop
     vertex 3.6249016730e+01 -4.8410942837e-01 -7.9165263341e-02
     vertex 3.6249016730e+01 -6.3645006760e-01 1.7549943186e-01
     vertex 3.5433640692e+01 -8.4321311194e-01 -7.4866341149e-03
   endloop
 endfacet
 facet normal  2.7670366014e-01 -9.4705351465e-01 -1.6286413002e-01
   outer loop
     vertex 3.5433640692e+01 -8.4321311194e-01 -7.4866341149e-03
     vertex 3.6249016730e+01 -6.3645006760e-01 1.7549943186e-01
     vertex 3.5433640692e+01 -9.1679647691e-01 4.2040000000e-01
   endloop
 endfacet
 facet normal  2.7221336862e-01 -9.4591003593e-01 -1.7650520069e-01
   outer loop
     vertex 3.6249016730e+01 -6.3645006760e-01 1.7549943186e-01
     vertex 3.6249016730e+01 -6.9319471537e-01 4.7960000000e-01
     vertex 3.5433640692e+01 -9.1679647691e-01 4.2040000000e-01
   endloop
 endfacet
 facet normal  2.4823913255e-01 -9.5226226110e-01 1.7769051508e-01
   outer loop
     vertex 3.5433640692e+01 -9.1679647691e-01 4.2040000000e-01
     vertex 3.6249016730e+01 -6.9319471537e-01 4.7960000000e-01
     vertex 3.6249016730e+01 -6.3645006760e-01 7.8370056814e-01
   endloop
 endfacet
 facet normal  2.5465454949e-01 -9.5304239475e-01 1.6389403354e-01
   outer loop
     vertex 3.5433640692e+01 -9.1679647691e-01 4.2040000000e-01
     vertex 3.6249016730e+01 -6.3645006760e-01 7.8370056814e-01
     vertex 3.5433640692e+01 -8.4321311194e-01 8.4828663411e-01
   endloop
 endfacet
 facet normal  2.5007263747e-01 -8.3090666589e-01 4.9704908064e-01
   outer loop
     vertex 3.5433640692e+01 -8.4321311194e-01 8.4828663411e-01
     vertex 3.6249016730e+01 -6.3645006760e-01 7.8370056814e-01
     vertex 3.6249016730e+01 -4.8410942837e-01 1.0383652633e+00
   endloop
 endfacet
 facet normal  2.6021889049e-01 -8.4147851592e-01 4.7349766238e-01
   outer loop
     vertex 3.5433640692e+01 -8.4321311194e-01 8.4828663411e-01
     vertex 3.6249016730e+01 -4.8410942837e-01 1.0383652633e+00
     vertex 3.5433640692e+01 -6.4417446392e-01 1.2020090692e+00
   endloop
 endfacet
 facet normal  2.6891587315e-01 -5.9772486258e-01 7.5525442191e-01
   outer loop
     vertex 3.5433640692e+01 -6.4417446392e-01 1.2020090692e+00
     vertex 3.6249016730e+01 -4.8410942837e-01 1.0383652633e+00
     vertex 3.6249016730e+01 -2.6301275380e-01 1.2133460057e+00
   endloop
 endfacet
 facet normal  2.7557114028e-01 -6.1155735252e-01 7.4165905322e-01
   outer loop
     vertex 3.5433640692e+01 -6.4417446392e-01 1.2020090692e+00
     vertex 3.6249016730e+01 -2.6301275380e-01 1.2133460057e+00
     vertex 3.5433640692e+01 -3.5224770317e-01 1.4427260889e+00
   endloop
 endfacet
 facet normal  2.8678990764e-01 -2.3000240819e-01 9.2997335505e-01
   outer loop
     vertex 3.5433640692e+01 -3.5224770317e-01 1.4427260889e+00
     vertex 3.6249016730e+01 -2.6301275380e-01 1.2133460057e+00
     vertex 3.6249016730e+01 -5.3956838997e-17 1.2783947154e+00
   endloop
 endfacet
 facet normal  2.8831288502e-01 -2.3424168320e-01 9.2844305920e-01
   outer loop
     vertex 3.5433640692e+01 -3.5224770317e-01 1.4427260889e+00
     vertex 3.6249016730e+01 -5.3956838997e-17 1.2783947154e+00
     vertex 3.5433640692e+01 -3.5971225998e-17 1.5315964769e+00
   endloop
 endfacet
 facet normal  2.8831288502e-01 2.3424168320e-01 9.2844305920e-01
   outer loop
     vertex 3.5433640692e+01 -3.5971225998e-17 1.5315964769e+00
     vertex 3.6249016730e+01 -5.3956838997e-17 1.2783947154e+00
     vertex 3.5433640692e+01 3.5224770317e-01 1.4427260889e+00
   endloop
 endfacet
 facet normal  2.8678990764e-01 2.3000240819e-01 9.2997335505e-01
   outer loop
     vertex 3.6249016730e+01 -5.3956838997e-17 1.2783947154e+00
     vertex 3.6249016730e+01 2.6301275380e-01 1.2133460057e+00
     vertex 3.5433640692e+01 3.5224770317e-01 1.4427260889e+00
   endloop
 endfacet
 facet normal  2.7557114028e-01 6.1155735252e-01 7.4165905322e-01
   outer loop
     vertex 3.5433640692e+01 3.5224770317e-01 1.4427260889e+00
     vertex 3.6249016730e+01 2.6301275380e-01 1.2133460057e+00
     vertex 3.5433640692e+01 6.4417446392e-01 1.2020090692e+00
   endloop
 endfacet
 facet normal  2.6891587315e-01 5.9772486258e-01 7.5525442191e-01
   outer loop
     vertex 3.6249016730e+01 2.6301275380e-01 1.2133460057e+00
     vertex 3.6249016730e+01 4.8410942837e-01 1.0383652633e+00
     vertex 3.5433640692e+01 6.4417446392e-01 1.2020090692e+00
   endloop
 endfacet
 facet normal  2.6021889049e-01 8.4147851592e-01 4.7349766238e-01
   outer loop
     vertex 3.5433640692e+01 6.4417446392e-01 1.2020090692e+00
     vertex 3.6249016730e+01 4.8410942837e-01 1.0383652633e+00
     vertex 3.5433640692e+01 8.4321311194e-01 8.4828663411e-01
   endloop
 endfacet
 facet normal  2.5007263747e-01 8.3090666589e-01 4.9704908064e-01
   outer loop
     vertex 3.6249016730e+01 4.8410942837e-01 1.0383652633e+00
     vertex 3.6249016730e+01 6.3645006760e-01 7.8370056814e-01
     vertex 3.5433640692e+01 8.4321311194e-01 8.4828663411e-01
   endloop
 endfacet
 facet normal  2.5465454949e-01 9.5304239475e-01 1.6389403354e-01
   outer loop
     vertex 3.5433640692e+01 8.4321311194e-01 8.4828663411e-01
     vertex 3.6249016730e+01 6.3645006760e-01 7.8370056814e-01
     vertex 3.5433640692e+01 9.1679647691e-01 4.2040000000e-01
   endloop
 endfacet
 facet normal  2.4823913255e-01 9.5226226110e-01 1.7769051508e-01
   outer loop
     vertex 3.6249016730e+01 6.3645006760e-01 7.8370056814e-01
     vertex 3.6249016730e+01 6.9319471537e-01 4.7960000000e-01
     vertex 3.5433640692e+01 9.1679647691e-01 4.2040000000e-01
   endloop
 endfacet
 facet normal  4.0194640701e-01 8.9668834702e-01 -1.8544296755e-01
   outer loop
     vertex 3.6249016730e+01 6.9319471537e-01 4.7960000000e-01
     vertex 3.6956328513e+01 3.8639530255e-01 5.2920000000e-01
     vertex 3.6956328513e+01 3.5402463919e-01 3.7267534447e-01
   endloop
 endfacet
 facet normal  4.0553507317e-01 8.9856972243e-01 -1.6767157887e-01
   outer loop
     vertex 3.6249016730e+01 6.9319471537e-01 4.7960000000e-01
     vertex 3.6956328513e+01 3.5402463919e-01 3.7267534447e-01
     vertex 3.6249016730e+01 6.3645006760e-01 1.7549943186e-01
   endloop
 endfacet
 facet normal  4.3759245698e-01 7.5536111451e-01 -4.8779342787e-01
   outer loop
     vertex 3.6249016730e+01 6.3645006760e-01 1.7549943186e-01
     vertex 3.6956328513e+01 3.5402463919e-01 3.7267534447e-01
     vertex 3.6956328513e+01 2.6787392505e-01 2.3926866916e-01
   endloop
 endfacet
 facet normal  4.4252448527e-01 7.6957245348e-01 -4.6035890214e-01
   outer loop
     vertex 3.6249016730e+01 6.3645006760e-01 1.7549943186e-01
     vertex 3.6956328513e+01 2.6787392505e-01 2.3926866916e-01
     vertex 3.6249016730e+01 4.8410942837e-01 -7.9165263341e-02
   endloop
 endfacet
 facet normal  4.7756963431e-01 5.2796833744e-01 -7.0226539075e-01
   outer loop
     vertex 3.6249016730e+01 4.8410942837e-01 -7.9165263341e-02
     vertex 3.6956328513e+01 2.6787392505e-01 2.3926866916e-01
     vertex 3.6956328513e+01 1.4438507402e-01 1.4642883364e-01
   endloop
 endfacet
 facet normal  4.8068424476e-01 5.4418705342e-01 -6.8760679733e-01
   outer loop
     vertex 3.6249016730e+01 4.8410942837e-01 -7.9165263341e-02
     vertex 3.6956328513e+01 1.4438507402e-01 1.4642883364e-01
     vertex 3.6249016730e+01 2.6301275380e-01 -2.5414600571e-01
   endloop
 endfacet
 facet normal  5.0806643331e-01 2.0194975344e-01 -8.3730806543e-01
   outer loop
     vertex 3.6249016730e+01 2.6301275380e-01 -2.5414600571e-01
     vertex 3.6956328513e+01 1.4438507402e-01 1.4642883364e-01
     vertex 3.6956328513e+01 -4.2632564146e-17 1.1160469745e-01
   endloop
 endfacet
 facet normal  5.0894766969e-01 2.0666683936e-01 -8.3562018108e-01
   outer loop
     vertex 3.6249016730e+01 2.6301275380e-01 -2.5414600571e-01
     vertex 3.6956328513e+01 -4.2632564146e-17 1.1160469745e-01
     vertex 3.6249016730e+01 -4.7961634664e-17 -3.1919471537e-01
   endloop
 endfacet
 facet normal  5.0894766969e-01 -2.0666683936e-01 -8.3562018108e-01
   outer loop
     vertex 3.6249016730e+01 -4.7961634664e-17 -3.1919471537e-01
     vertex 3.6956328513e+01 -4.2632564146e-17 1.1160469745e-01
     vertex 3.6249016730e+01 -2.6301275380e-01 -2.5414600571e-01
   endloop
 endfacet
 facet normal  5.0806643331e-01 -2.0194975344e-01 -8.3730806543e-01
   outer loop
     vertex 3.6956328513e+01 -4.2632564146e-17 1.1160469745e-01
     vertex 3.6956328513e+01 -1.4438507402e-01 1.4642883364e-01
     vertex 3.6249016730e+01 -2.6301275380e-01 -2.5414600571e-01
   endloop
 endfacet
 facet normal  4.8068424476e-01 -5.4418705342e-01 -6.8760679733e-01
   outer loop
     vertex 3.6249016730e+01 -2.6301275380e-01 -2.5414600571e-01
     vertex 3.6956328513e+01 -1.4438507402e-01 1.4642883364e-01
     vertex 3.6249016730e+01 -4.8410942837e-01 -7.9165263341e-02
   endloop
 endfacet
 facet normal  4.7756963431e-01 -5.2796833744e-01 -7.0226539075e-01
   outer loop
     vertex 3.6956328513e+01 -1.4438507402e-01 1.4642883364e-01
     vertex 3.6956328513e+01 -2.6787392505e-01 2.3926866916e-01
     vertex 3.6249016730e+01 -4.8410942837e-01 -7.9165263341e-02
   endloop
 endfacet
 facet normal  4.4252448527e-01 -7.6957245348e-01 -4.6035890214e-01
   outer loop
     vertex 3.6249016730e+01 -4.8410942837e-01 -7.9165263341e-02
     vertex 3.6956328513e+01 -2.6787392505e-01 2.3926866916e-01
     vertex 3.6249016730e+01 -6.3645006760e-01 1.7549943186e-01
   endloop
 endfacet
 facet normal  4.3759245698e-01 -7.5536111451e-01 -4.8779342787e-01
   outer loop
     vertex 3.6956328513e+01 -2.6787392505e-01 2.3926866916e-01
     vertex 3.6956328513e+01 -3.5402463919e-01 3.7267534447e-01
     vertex 3.6249016730e+01 -6.3645006760e-01 1.7549943186e-01
   endloop
 endfacet
 facet normal  4.0553507317e-01 -8.9856972243e-01 -1.6767157887e-01
   outer loop
     vertex 3.6249016730e+01 -6.3645006760e-01 1.7549943186e-01
     vertex 3.6956328513e+01 -3.5402463919e-01 3.7267534447e-01
     vertex 3.6249016730e+01 -6.9319471537e-01 4.7960000000e-01
   endloop
 endfacet
 facet normal  4.0194640701e-01 -8.9668834702e-01 -1.8544296755e-01
   outer loop
     vertex 3.6956328513e+01 -3.5402463919e-01 3.7267534447e-01
     vertex 3.6956328513e+01 -3.8639530255e-01 5.2920000000e-01
     vertex 3.6249016730e+01 -6.9319471537e-01 4.7960000000e-01
   endloop
 endfacet
 facet normal  3.7979973043e-01 -9.0589898111e-01 1.8734780698e-01
   outer loop
     vertex 3.6249016730e+01 -6.9319471537e-01 4.7960000000e-01
     vertex 3.6956328513e+01 -3.8639530255e-01 5.2920000000e-01
     vertex 3.6956328513e+01 -3.5402463919e-01 6.8572465553e-01
   endloop
 endfacet
 facet normal  3.8560665040e-01 -9.0700786192e-01 1.6924612132e-01
   outer loop
     vertex 3.6249016730e+01 -6.9319471537e-01 4.7960000000e-01
     vertex 3.6956328513e+01 -3.5402463919e-01 6.8572465553e-01
     vertex 3.6249016730e+01 -6.3645006760e-01 7.8370056814e-01
   endloop
 endfacet
 facet normal  3.7981003620e-01 -7.7711122027e-01 5.0183910542e-01
   outer loop
     vertex 3.6249016730e+01 -6.3645006760e-01 7.8370056814e-01
     vertex 3.6956328513e+01 -3.5402463919e-01 6.8572465553e-01
     vertex 3.6956328513e+01 -2.6787392505e-01 8.1913133084e-01
   endloop
 endfacet
 facet normal  3.8838674394e-01 -7.9080370002e-01 4.7305945204e-01
   outer loop
     vertex 3.6249016730e+01 -6.3645006760e-01 7.8370056814e-01
     vertex 3.6956328513e+01 -2.6787392505e-01 8.1913133084e-01
     vertex 3.6249016730e+01 -4.8410942837e-01 1.0383652633e+00
   endloop
 endfacet
 facet normal  3.9615815896e-01 -5.5175795641e-01 7.3390862553e-01
   outer loop
     vertex 3.6249016730e+01 -4.8410942837e-01 1.0383652633e+00
     vertex 3.6956328513e+01 -2.6787392505e-01 8.1913133084e-01
     vertex 3.6956328513e+01 -1.4438507402e-01 9.1197116636e-01
   endloop
 endfacet
 facet normal  4.0135078347e-01 -5.6840889821e-01 7.1821227575e-01
   outer loop
     vertex 3.6249016730e+01 -4.8410942837e-01 1.0383652633e+00
     vertex 3.6956328513e+01 -1.4438507402e-01 9.1197116636e-01
     vertex 3.6249016730e+01 -2.6301275380e-01 1.2133460057e+00
   endloop
 endfacet
 facet normal  4.1303727646e-01 -2.1353149069e-01 8.8532734666e-01
   outer loop
     vertex 3.6249016730e+01 -2.6301275380e-01 1.2133460057e+00
     vertex 3.6956328513e+01 -1.4438507402e-01 9.1197116636e-01
     vertex 3.6956328513e+01 -4.7961634664e-17 9.4679530255e-01
   endloop
 endfacet
 facet normal  4.1422434237e-01 -2.1852173219e-01 8.8355330725e-01
   outer loop
     vertex 3.6249016730e+01 -2.6301275380e-01 1.2133460057e+00
     vertex 3.6956328513e+01 -4.7961634664e-17 9.4679530255e-01
     vertex 3.6249016730e+01 -5.3956838997e-17 1.2783947154e+00
   endloop
 endfacet
 facet normal  4.1422434237e-01 2.1852173219e-01 8.8355330725e-01
   outer loop
     vertex 3.6249016730e+01 -5.3956838997e-17 1.2783947154e+00
     vertex 3.6956328513e+01 -4.7961634664e-17 9.4679530255e-01
     vertex 3.6249016730e+01 2.6301275380e-01 1.2133460057e+00
   endloop
 endfacet
 facet normal  4.1303727646e-01 2.1353149069e-01 8.8532734666e-01
   outer loop
     vertex 3.6956328513e+01 -4.7961634664e-17 9.4679530255e-01
     vertex 3.6956328513e+01 1.4438507402e-01 9.1197116636e-01
     vertex 3.6249016730e+01 2.6301275380e-01 1.2133460057e+00
   endloop
 endfacet
 facet normal  4.0135078347e-01 5.6840889821e-01 7.1821227575e-01
   outer loop
     vertex 3.6249016730e+01 2.6301275380e-01 1.2133460057e+00
     vertex 3.6956328513e+01 1.4438507402e-01 9.1197116636e-01
     vertex 3.6249016730e+01 4.8410942837e-01 1.0383652633e+00
   endloop
 endfacet
 facet normal  3.9615815896e-01 5.5175795641e-01 7.3390862553e-01
   outer loop
     vertex 3.6956328513e+01 1.4438507402e-01 9.1197116636e-01
     vertex 3.6956328513e+01 2.6787392505e-01 8.1913133084e-01
     vertex 3.6249016730e+01 4.8410942837e-01 1.0383652633e+00
   endloop
 endfacet
 facet normal  3.8838674394e-01 7.9080370002e-01 4.7305945204e-01
   outer loop
     vertex 3.6249016730e+01 4.8410942837e-01 1.0383652633e+00
     vertex 3.6956328513e+01 2.6787392505e-01 8.1913133084e-01
     vertex 3.6249016730e+01 6.3645006760e-01 7.8370056814e-01
   endloop
 endfacet
 facet normal  3.7981003620e-01 7.7711122027e-01 5.0183910542e-01
   outer loop
     vertex 3.6956328513e+01 2.6787392505e-01 8.1913133084e-01
     vertex 3.6956328513e+01 3.5402463919e-01 6.8572465553e-01
     vertex 3.6249016730e+01 6.3645006760e-01 7.8370056814e-01
   endloop
 endfacet
 facet normal  3.8560665040e-01 9.0700786192e-01 1.6924612132e-01
   outer loop
     vertex 3.6249016730e+01 6.3645006760e-01 7.8370056814e-01
     vertex 3.6956328513e+01 3.5402463919e-01 6.8572465553e-01
     vertex 3.6249016730e+01 6.9319471537e-01 4.7960000000e-01
   endloop
 endfacet
 facet normal  3.7979973043e-01 9.0589898111e-01 1.8734780698e-01
   outer loop
     vertex 3.6956328513e+01 3.5402463919e-01 6.8572465553e-01
     vertex 3.6956328513e+01 3.8639530255e-01 5.2920000000e-01
     vertex 3.6249016730e+01 6.9319471537e-01 4.7960000000e-01
   endloop
 endfacet
 facet normal  5.8265590075e-01 7.9587737227e-01 -1.6459437909e-01
   outer loop
     vertex 3.6956328513e+01 3.8639530255e-01 5.2920000000e-01
     vertex 3.7490000000e+01 0.0000000000e+00 5.5000000000e-01
     vertex 3.6956328513e+01 3.5402463919e-01 3.7267534447e-01
   endloop
 endfacet
 facet normal  5.9355857514e-01 6.7607388598e-01 -4.3659170694e-01
   outer loop
     vertex 3.6956328513e+01 3.5402463919e-01 3.7267534447e-01
     vertex 3.7490000000e+01 0.0000000000e+00 5.5000000000e-01
     vertex 3.6956328513e+01 2.6787392505e-01 2.3926866916e-01
   endloop
 endfacet
 facet normal  6.0861244735e-01 4.7681390408e-01 -6.3422345416e-01
   outer loop
     vertex 3.6956328513e+01 2.6787392505e-01 2.3926866916e-01
     vertex 3.7490000000e+01 0.0000000000e+00 5.5000000000e-01
     vertex 3.6956328513e+01 1.4438507402e-01 1.4642883364e-01
   endloop
 endfacet
 facet normal  6.2401407818e-01 1.8321479823e-01 -7.5963067865e-01
   outer loop
     vertex 3.6956328513e+01 1.4438507402e-01 1.4642883364e-01
     vertex 3.7490000000e+01 0.0000000000e+00 5.5000000000e-01
     vertex 3.6956328513e+01 -4.2632564146e-17 1.1160469745e-01
   endloop
 endfacet
 facet normal  6.2401407818e-01 -1.8321479823e-01 -7.5963067865e-01
   outer loop
     vertex 3.6956328513e+01 -4.2632564146e-17 1.1160469745e-01
     vertex 3.7490000000e+01 0.0000000000e+00 5.5000000000e-01
     vertex 3.6956328513e+01 -1.4438507402e-01 1.4642883364e-01
   endloop
 endfacet
 facet normal  6.0861244735e-01 -4.7681390408e-01 -6.3422345416e-01
   outer loop
     vertex 3.6956328513e+01 -1.4438507402e-01 1.4642883364e-01
     vertex 3.7490000000e+01 0.0000000000e+00 5.5000000000e-01
     vertex 3.6956328513e+01 -2.6787392505e-01 2.3926866916e-01
   endloop
 endfacet
 facet normal  5.9355857514e-01 -6.7607388598e-01 -4.3659170694e-01
   outer loop
     vertex 3.6956328513e+01 -2.6787392505e-01 2.3926866916e-01
     vertex 3.7490000000e+01 0.0000000000e+00 5.5000000000e-01
     vertex 3.6956328513e+01 -3.5402463919e-01 3.7267534447e-01
   endloop
 endfacet
 facet normal  5.8265590075e-01 -7.9587737227e-01 -1.6459437909e-01
   outer loop
     vertex 3.6956328513e+01 -3.5402463919e-01 3.7267534447e-01
     vertex 3.7490000000e+01 0.0000000000e+00 5.5000000000e-01
     vertex 3.6956328513e+01 -3.8639530255e-01 5.2920000000e-01
   endloop
 endfacet
 facet normal  5.7408587018e-01 -8.0182760207e-01 1.6582493849e-01
   outer loop
     vertex 3.6956328513e+01 -3.8639530255e-01 5.2920000000e-01
     vertex 3.7490000000e+01 0.0000000000e+00 5.5000000000e-01
     vertex 3.6956328513e+01 -3.5402463919e-01 6.8572465553e-01
   endloop
 endfacet
 facet normal  5.7083864454e-01 -6.8974292652e-01 4.4541883347e-01
   outer loop
     vertex 3.6956328513e+01 -3.5402463919e-01 6.8572465553e-01
     vertex 3.7490000000e+01 0.0000000000e+00 5.5000000000e-01
     vertex 3.6956328513e+01 -2.6787392505e-01 8.1913133084e-01
   endloop
 endfacet
 facet normal  5.7605015010e-01 -4.9120406603e-01 6.5336420937e-01
   outer loop
     vertex 3.6956328513e+01 -2.6787392505e-01 8.1913133084e-01
     vertex 3.7490000000e+01 0.0000000000e+00 5.5000000000e-01
     vertex 3.6956328513e+01 -1.4438507402e-01 9.1197116636e-01
   endloop
 endfacet
 facet normal  5.8579487713e-01 -1.9002515705e-01 7.8786724873e-01
   outer loop
     vertex 3.6956328513e+01 -1.4438507402e-01 9.1197116636e-01
     vertex 3.7490000000e+01 0.0000000000e+00 5.5000000000e-01
     vertex 3.6956328513e+01 -4.7961634664e-17 9.4679530255e-01
   endloop
 endfacet
 facet normal  5.8579487713e-01 1.9002515705e-01 7.8786724873e-01
   outer loop
     vertex 3.6956328513e+01 -4.7961634664e-17 9.4679530255e-01
     vertex 3.7490000000e+01 0.0000000000e+00 5.5000000000e-01
     vertex 3.6956328513e+01 1.4438507402e-01 9.1197116636e-01
   endloop
 endfacet
 facet normal  5.7605015010e-01 4.9120406603e-01 6.5336420937e-01
   outer loop
     vertex 3.6956328513e+01 1.4438507402e-01 9.1197116636e-01
     vertex 3.7490000000e+01 0.0000000000e+00 5.5000000000e-01
     vertex 3.6956328513e+01 2.6787392505e-01 8.1913133084e-01
   endloop
 endfacet
 facet normal  5.7083864454e-01 6.8974292652e-01 4.4541883347e-01
   outer loop
     vertex 3.6956328513e+01 2.6787392505e-01 8.1913133084e-01
     vertex 3.7490000000e+01 0.0000000000e+00 5.5000000000e-01
     vertex 3.6956328513e+01 3.5402463919e-01 6.8572465553e-01
   endloop
 endfacet
 facet normal  5.7408587018e-01 8.0182760207e-01 1.6582493849e-01
   outer loop
     vertex 3.6956328513e+01 3.5402463919e-01 6.8572465553e-01
     vertex 3.7490000000e+01 0.0000000000e+00 5.5000000000e-01
     vertex 3.6956328513e+01 3.8639530255e-01 5.2920000000e-01
   endloop
 endfacet
endsolid
