solid
 facet normal  1.5152225178e-01 -1.4303677152e-02 -9.8835034883e-01
   outer loop
     vertex 3.5447181427e+01 0.0000000000e+00 1.6029255016e+00
     vertex 3.5368341828e+01 0.0000000000e+00 1.5908387414e+00
     vertex 3.5602054605e+01 1.2460000000e+00 1.6086363823e+00
   endloop
 endfacet
 facet normal  1.5152225178e-01 -1.4303677152e-02 -9.8835034883e-01
   outer loop
     vertex 3.5602054605e+01 1.2460000000e+00 1.6086363823e+00
     vertex 3.5368341828e+01 0.0000000000e+00 1.5908387414e+00
     vertex 3.5533937191e+01 1.2460000000e+00 1.5981934215e+00
   endloop
 endfacet
 facet normal  1.4883958560e-01 -1.3944710705e-02 -9.8876302661e-01
   outer loop
     vertex 3.5368341828e+01 0.0000000000e+00 1.5908387414e+00
     vertex 3.5255002185e+01 0.0000000000e+00 1.5737776003e+00
     vertex 3.5533937191e+01 1.2460000000e+00 1.5981934215e+00
   endloop
 endfacet
 facet normal  1.4883958560e-01 -1.3944710705e-02 -9.8876302661e-01
   outer loop
     vertex 3.5533937191e+01 1.2460000000e+00 1.5981934215e+00
     vertex 3.5255002185e+01 0.0000000000e+00 1.5737776003e+00
     vertex 3.5436011740e+01 1.2460000000e+00 1.5834525956e+00
   endloop
 endfacet
 facet normal  1.4513372029e-01 -1.3402015599e-02 -9.8932127704e-01
   outer loop
     vertex 3.5255002185e+01 0.0000000000e+00 1.5737776003e+00
     vertex 3.5095416840e+01 0.0000000000e+00 1.5503663837e+00
     vertex 3.5436011740e+01 1.2460000000e+00 1.5834525956e+00
   endloop
 endfacet
 facet normal  1.4513372029e-01 -1.3402015599e-02 -9.8932127704e-01
   outer loop
     vertex 3.5436011740e+01 1.2460000000e+00 1.5834525956e+00
     vertex 3.5095416840e+01 0.0000000000e+00 1.5503663837e+00
     vertex 3.5298130002e+01 1.2460000000e+00 1.5632253045e+00
   endloop
 endfacet
 facet normal  1.4020349991e-01 -1.2592467944e-02 -9.9004262957e-01
   outer loop
     vertex 3.5095416840e+01 0.0000000000e+00 1.5503663837e+00
     vertex 3.4877175554e+01 0.0000000000e+00 1.5194604497e+00
     vertex 3.5298130002e+01 1.2460000000e+00 1.5632253045e+00
   endloop
 endfacet
 facet normal  1.4020349991e-01 -1.2592467944e-02 -9.9004262957e-01
   outer loop
     vertex 3.5298130002e+01 1.2460000000e+00 1.5632253045e+00
     vertex 3.4877175554e+01 0.0000000000e+00 1.5194604497e+00
     vertex 3.5109569531e+01 1.2460000000e+00 1.5365225775e+00
   endloop
 endfacet
 facet normal  1.3379351191e-01 -1.1384587437e-02 -9.9094383662e-01
   outer loop
     vertex 3.4877175554e+01 0.0000000000e+00 1.5194604497e+00
     vertex 3.4590333403e+01 0.0000000000e+00 1.4807321007e+00
     vertex 3.5109569531e+01 1.2460000000e+00 1.5365225775e+00
   endloop
 endfacet
 facet normal  1.3379351191e-01 -1.1384587437e-02 -9.9094383662e-01
   outer loop
     vertex 3.5109569531e+01 1.2460000000e+00 1.5365225775e+00
     vertex 3.4590333403e+01 0.0000000000e+00 1.4807321007e+00
     vertex 3.4861737912e+01 1.2460000000e+00 1.5030612839e+00
   endloop
 endfacet
 facet normal  1.2543392177e-01 -9.5437642065e-03 -9.9205607091e-01
   outer loop
     vertex 3.4590333403e+01 0.0000000000e+00 1.4807321007e+00
     vertex 3.4232367400e+01 0.0000000000e+00 1.4354714739e+00
     vertex 3.4861737912e+01 1.2460000000e+00 1.5030612839e+00
   endloop
 endfacet
 facet normal  1.2543392177e-01 -9.5437642065e-03 -9.9205607091e-01
   outer loop
     vertex 3.4861737912e+01 1.2460000000e+00 1.5030612839e+00
     vertex 3.4232367400e+01 0.0000000000e+00 1.4354714739e+00
     vertex 3.4552455286e+01 1.2460000000e+00 1.4639561024e+00
   endloop
 endfacet
 facet normal  1.1431969784e-01 -6.6573853583e-03 -9.9342170598e-01
   outer loop
     vertex 3.4232367400e+01 0.0000000000e+00 1.4354714739e+00
     vertex 3.3813424786e+01 0.0000000000e+00 1.3872609377e+00
     vertex 3.4552455286e+01 1.2460000000e+00 1.4639561024e+00
   endloop
 endfacet
 facet normal  1.1431969784e-01 -6.6573853583e-03 -9.9342170598e-01
   outer loop
     vertex 3.4552455286e+01 1.2460000000e+00 1.4639561024e+00
     vertex 3.3813424786e+01 0.0000000000e+00 1.3872609377e+00
     vertex 3.4190488867e+01 1.2460000000e+00 1.4223021991e+00
   endloop
 endfacet
 facet normal  9.9027631198e-02 -1.9829931664e-03 -9.9508270812e-01
   outer loop
     vertex 3.3813424786e+01 0.0000000000e+00 1.3872609377e+00
     vertex 3.3358383235e+01 0.0000000000e+00 1.3419765744e+00
     vertex 3.4190488867e+01 1.2460000000e+00 1.4223021991e+00
   endloop
 endfacet
 facet normal  9.9027631198e-02 -1.9829931664e-03 -9.9508270812e-01
   outer loop
     vertex 3.4190488867e+01 1.2460000000e+00 1.4223021991e+00
     vertex 3.3358383235e+01 0.0000000000e+00 1.3419765744e+00
     vertex 3.3797332967e+01 1.2460000000e+00 1.3831765092e+00
   endloop
 endfacet
 facet normal  7.7637906921e-02 5.6145971467e-03 -9.9696581271e-01
   outer loop
     vertex 3.3358383235e+01 0.0000000000e+00 1.3419765744e+00
     vertex 3.3403432137e+01 1.2460000000e+00 1.3525018004e+00
     vertex 3.3797332967e+01 1.2460000000e+00 1.3831765092e+00
   endloop
 endfacet
 facet normal  7.7637906921e-02 5.6145971467e-03 -9.9696581271e-01
   outer loop
     vertex 3.3358383235e+01 0.0000000000e+00 1.3419765744e+00
     vertex 3.2902479496e+01 0.0000000000e+00 1.3064734392e+00
     vertex 3.3403432137e+01 1.2460000000e+00 1.3525018004e+00
   endloop
 endfacet
 facet normal  4.8334115739e-02 1.7459419935e-02 -9.9867861793e-01
   outer loop
     vertex 3.2902479496e+01 0.0000000000e+00 1.3064734392e+00
     vertex 3.3039516954e+01 1.2460000000e+00 1.3348890086e+00
     vertex 3.3403432137e+01 1.2460000000e+00 1.3525018004e+00
   endloop
 endfacet
 facet normal  4.8334115739e-02 1.7459419935e-02 -9.9867861793e-01
   outer loop
     vertex 3.2902479496e+01 0.0000000000e+00 1.3064734392e+00
     vertex 3.2481281368e+01 0.0000000000e+00 1.2860882635e+00
     vertex 3.3039516954e+01 1.2460000000e+00 1.3348890086e+00
   endloop
 endfacet
 facet normal  9.8415194586e-03 3.4731181355e-02 -9.9934823237e-01
   outer loop
     vertex 3.2481281368e+01 0.0000000000e+00 1.2860882635e+00
     vertex 3.2727809104e+01 1.2460000000e+00 1.3318193290e+00
     vertex 3.3039516954e+01 1.2460000000e+00 1.3348890086e+00
   endloop
 endfacet
 facet normal  9.8415194586e-03 3.4731181355e-02 -9.9934823237e-01
   outer loop
     vertex 3.2481281368e+01 0.0000000000e+00 1.2860882635e+00
     vertex 3.2120508393e+01 0.0000000000e+00 1.2825353936e+00
     vertex 3.2727809104e+01 1.2460000000e+00 1.3318193290e+00
   endloop
 endfacet
 facet normal  -3.9447425533e-02 5.8681404851e-02 -9.9749706433e-01
   outer loop
     vertex 3.2120508393e+01 0.0000000000e+00 1.2825353936e+00
     vertex 3.2477955048e+01 1.2460000000e+00 1.3417001594e+00
     vertex 3.2727809104e+01 1.2460000000e+00 1.3318193290e+00
   endloop
 endfacet
 facet normal  -3.9447425533e-02 5.8681404851e-02 -9.9749706433e-01
   outer loop
     vertex 3.2120508393e+01 0.0000000000e+00 1.2825353936e+00
     vertex 3.1831325458e+01 0.0000000000e+00 1.2939715399e+00
     vertex 3.2477955048e+01 1.2460000000e+00 1.3417001594e+00
   endloop
 endfacet
 facet normal  -1.0359968258e-01 9.1701621149e-02 -9.9038271312e-01
   outer loop
     vertex 3.1831325458e+01 0.0000000000e+00 1.2939715399e+00
     vertex 3.2288590016e+01 1.2460000000e+00 1.3615088221e+00
     vertex 3.2477955048e+01 1.2460000000e+00 1.3417001594e+00
   endloop
 endfacet
 facet normal  -1.0359968258e-01 9.1701621149e-02 -9.9038271312e-01
   outer loop
     vertex 3.1831325458e+01 0.0000000000e+00 1.2939715399e+00
     vertex 3.1612152968e+01 0.0000000000e+00 1.3168982329e+00
     vertex 3.2288590016e+01 1.2460000000e+00 1.3615088221e+00
   endloop
 endfacet
 facet normal  -1.9492318289e-01 1.4057497596e-01 -9.7069234514e-01
   outer loop
     vertex 3.1612152968e+01 0.0000000000e+00 1.3168982329e+00
     vertex 3.2152038166e+01 1.2460000000e+00 1.3889295816e+00
     vertex 3.2288590016e+01 1.2460000000e+00 1.3615088221e+00
   endloop
 endfacet
 facet normal  -1.9492318289e-01 1.4057497596e-01 -9.7069234514e-01
   outer loop
     vertex 3.1612152968e+01 0.0000000000e+00 1.3168982329e+00
     vertex 3.1454106844e+01 0.0000000000e+00 1.3486352230e+00
     vertex 3.2152038166e+01 1.2460000000e+00 1.3889295816e+00
   endloop
 endfacet
 facet normal  -3.5317065732e-01 2.2717364002e-01 -9.0755860642e-01
   outer loop
     vertex 3.1454106844e+01 0.0000000000e+00 1.3486352230e+00
     vertex 3.2060004026e+01 1.2460000000e+00 1.4247440816e+00
     vertex 3.2152038166e+01 1.2460000000e+00 1.3889295816e+00
   endloop
 endfacet
 facet normal  -3.5317065732e-01 2.2717364002e-01 -9.0755860642e-01
   outer loop
     vertex 3.1454106844e+01 0.0000000000e+00 1.3486352230e+00
     vertex 3.1347585849e+01 0.0000000000e+00 1.3900871906e+00
     vertex 3.2060004026e+01 1.2460000000e+00 1.4247440816e+00
   endloop
 endfacet
 facet normal  -7.1004166807e-01 4.2166244462e-01 -5.6395178199e-01
   outer loop
     vertex 3.1347585849e+01 0.0000000000e+00 1.3900871906e+00
     vertex 3.2018889852e+01 1.2460000000e+00 1.4765087489e+00
     vertex 3.2060004026e+01 1.2460000000e+00 1.4247440816e+00
   endloop
 endfacet
 facet normal  -7.1004166807e-01 4.2166244462e-01 -5.6395178199e-01
   outer loop
     vertex 3.1347585849e+01 0.0000000000e+00 1.3900871906e+00
     vertex 3.1300000000e+01 0.0000000000e+00 1.4500000000e+00
     vertex 3.2018889852e+01 1.2460000000e+00 1.4765087489e+00
   endloop
 endfacet
 facet normal  -7.4964783024e-01 4.2166244462e-01 5.1012637004e-01
   outer loop
     vertex 3.1300000000e+01 0.0000000000e+00 1.4500000000e+00
     vertex 3.1343044099e+01 0.0000000000e+00 1.5132547491e+00
     vertex 3.2018889852e+01 1.2460000000e+00 1.4765087489e+00
   endloop
 endfacet
 facet normal  -7.4964783024e-01 4.2166244462e-01 5.1012637004e-01
   outer loop
     vertex 3.2018889852e+01 1.2460000000e+00 1.4765087489e+00
     vertex 3.1343044099e+01 0.0000000000e+00 1.5132547491e+00
     vertex 3.2056079954e+01 1.2460000000e+00 1.5311608522e+00
   endloop
 endfacet
 facet normal  -4.1905229349e-01 2.2717364002e-01 8.7908322279e-01
   outer loop
     vertex 3.1343044099e+01 0.0000000000e+00 1.5132547491e+00
     vertex 3.1446222912e+01 0.0000000000e+00 1.5624393054e+00
     vertex 3.2056079954e+01 1.2460000000e+00 1.5311608522e+00
   endloop
 endfacet
 facet normal  -4.1905229349e-01 2.2717364002e-01 8.7908322279e-01
   outer loop
     vertex 3.2056079954e+01 1.2460000000e+00 1.5311608522e+00
     vertex 3.1446222912e+01 0.0000000000e+00 1.5624393054e+00
     vertex 3.2145226448e+01 1.2460000000e+00 1.5736563088e+00
   endloop
 endfacet
 facet normal  -2.6588431906e-01 1.4057497596e-01 9.5370027001e-01
   outer loop
     vertex 3.1446222912e+01 0.0000000000e+00 1.5624393054e+00
     vertex 3.1601502421e+01 0.0000000000e+00 1.6057300412e+00
     vertex 3.2145226448e+01 1.2460000000e+00 1.5736563088e+00
   endloop
 endfacet
 facet normal  -2.6588431906e-01 1.4057497596e-01 9.5370027001e-01
   outer loop
     vertex 3.2145226448e+01 1.2460000000e+00 1.5736563088e+00
     vertex 3.1601502421e+01 0.0000000000e+00 1.6057300412e+00
     vertex 3.2279387944e+01 1.2460000000e+00 1.6110595046e+00
   endloop
 endfacet
 facet normal  -1.7625900831e-01 9.1701621149e-02 9.8006304627e-01
   outer loop
     vertex 3.1601502421e+01 0.0000000000e+00 1.6057300412e+00
     vertex 3.1818391160e+01 0.0000000000e+00 1.6447363014e+00
     vertex 3.2279387944e+01 1.2460000000e+00 1.6110595046e+00
   endloop
 endfacet
 facet normal  -1.7625900831e-01 9.1701621149e-02 9.8006304627e-01
   outer loop
     vertex 3.2279387944e+01 1.2460000000e+00 1.6110595046e+00
     vertex 3.1818391160e+01 0.0000000000e+00 1.6447363014e+00
     vertex 3.2466779815e+01 1.2460000000e+00 1.6447609133e+00
   endloop
 endfacet
 facet normal  -1.1280493902e-01 5.8681404851e-02 9.9188282496e-01
   outer loop
     vertex 3.1818391160e+01 0.0000000000e+00 1.6447363014e+00
     vertex 3.2105946480e+01 0.0000000000e+00 1.6774394186e+00
     vertex 3.2466779815e+01 1.2460000000e+00 1.6447609133e+00
   endloop
 endfacet
 facet normal  -1.1280493902e-01 5.8681404851e-02 9.9188282496e-01
   outer loop
     vertex 3.2466779815e+01 1.2460000000e+00 1.6447609133e+00
     vertex 3.2105946480e+01 0.0000000000e+00 1.6774394186e+00
     vertex 3.2715227611e+01 1.2460000000e+00 1.6730164066e+00
   endloop
 endfacet
 facet normal  -6.3786188307e-02 3.4731181355e-02 9.9735904629e-01
   outer loop
     vertex 3.2105946480e+01 0.0000000000e+00 1.6774394186e+00
     vertex 3.2466001342e+01 0.0000000000e+00 1.7004667600e+00
     vertex 3.2715227611e+01 1.2460000000e+00 1.6730164066e+00
   endloop
 endfacet
 facet normal  -6.3786188307e-02 3.4731181355e-02 9.9735904629e-01
   outer loop
     vertex 3.2715227611e+01 1.2460000000e+00 1.6730164066e+00
     vertex 3.2466001342e+01 0.0000000000e+00 1.7004667600e+00
     vertex 3.3026315012e+01 1.2460000000e+00 1.6929120296e+00
   endloop
 endfacet
 facet normal  -2.5348812798e-02 1.7459419935e-02 9.9952619093e-01
   outer loop
     vertex 3.2466001342e+01 0.0000000000e+00 1.7004667600e+00
     vertex 3.2887556938e+01 0.0000000000e+00 1.7111577594e+00
     vertex 3.3026315012e+01 1.2460000000e+00 1.6929120296e+00
   endloop
 endfacet
 facet normal  -2.5348812798e-02 1.7459419935e-02 9.9952619093e-01
   outer loop
     vertex 3.3026315012e+01 1.2460000000e+00 1.6929120296e+00
     vertex 3.2887556938e+01 0.0000000000e+00 1.7111577594e+00
     vertex 3.3390539047e+01 1.2460000000e+00 1.7021490530e+00
   endloop
 endfacet
 facet normal  4.0015422709e-03 5.6145971467e-03 9.9997623170e-01
   outer loop
     vertex 3.2887556938e+01 0.0000000000e+00 1.7111577594e+00
     vertex 3.3344837316e+01 0.0000000000e+00 1.7093278891e+00
     vertex 3.3390539047e+01 1.2460000000e+00 1.7021490530e+00
   endloop
 endfacet
 facet normal  4.0015422709e-03 5.6145971467e-03 9.9997623170e-01
   outer loop
     vertex 3.3390539047e+01 1.2460000000e+00 1.7021490530e+00
     vertex 3.3344837316e+01 0.0000000000e+00 1.7093278891e+00
     vertex 3.3785629293e+01 1.2460000000e+00 1.7005680451e+00
   endloop
 endfacet
 facet normal  2.5471865627e-02 -1.9829931664e-03 9.9967357262e-01
   outer loop
     vertex 3.3344837316e+01 0.0000000000e+00 1.7093278891e+00
     vertex 3.4180599038e+01 1.2460000000e+00 1.6905041437e+00
     vertex 3.3785629293e+01 1.2460000000e+00 1.7005680451e+00
   endloop
 endfacet
 facet normal  2.5471865627e-02 -1.9829931664e-03 9.9967357262e-01
   outer loop
     vertex 3.3344837316e+01 0.0000000000e+00 1.7093278891e+00
     vertex 3.3801978224e+01 0.0000000000e+00 1.6976798551e+00
     vertex 3.4180599038e+01 1.2460000000e+00 1.6905041437e+00
   endloop
 endfacet
 facet normal  4.0844733593e-02 -6.6573853583e-03 9.9914332653e-01
   outer loop
     vertex 3.3801978224e+01 0.0000000000e+00 1.6976798551e+00
     vertex 3.4544650205e+01 1.2460000000e+00 1.6756218215e+00
     vertex 3.4180599038e+01 1.2460000000e+00 1.6905041437e+00
   endloop
 endfacet
 facet normal  4.0844733593e-02 -6.6573853583e-03 9.9914332653e-01
   outer loop
     vertex 3.3801978224e+01 0.0000000000e+00 1.6976798551e+00
     vertex 3.4223333742e+01 0.0000000000e+00 1.6804549451e+00
     vertex 3.4544650205e+01 1.2460000000e+00 1.6756218215e+00
   endloop
 endfacet
 facet normal  5.2029351429e-02 -9.5437642065e-03 9.9859995151e-01
   outer loop
     vertex 3.4223333742e+01 0.0000000000e+00 1.6804549451e+00
     vertex 3.4855972946e+01 1.2460000000e+00 1.6594011915e+00
     vertex 3.4544650205e+01 1.2460000000e+00 1.6756218215e+00
   endloop
 endfacet
 facet normal  5.2029351429e-02 -9.5437642065e-03 9.9859995151e-01
   outer loop
     vertex 3.4223333742e+01 0.0000000000e+00 1.6804549451e+00
     vertex 3.4583660989e+01 0.0000000000e+00 1.6616810678e+00
     vertex 3.4855972946e+01 1.2460000000e+00 1.6594011915e+00
   endloop
 endfacet
 facet normal  6.0448153741e-02 -1.1384587437e-02 9.9810641310e-01
   outer loop
     vertex 3.4583660989e+01 0.0000000000e+00 1.6616810678e+00
     vertex 3.5105595900e+01 1.2460000000e+00 1.6442833178e+00
     vertex 3.4855972946e+01 1.2460000000e+00 1.6594011915e+00
   endloop
 endfacet
 facet normal  6.0448153741e-02 -1.1384587437e-02 9.9810641310e-01
   outer loop
     vertex 3.4583660989e+01 0.0000000000e+00 1.6616810678e+00
     vertex 3.4872576445e+01 0.0000000000e+00 1.6441835288e+00
     vertex 3.5105595900e+01 1.2460000000e+00 1.6442833178e+00
   endloop
 endfacet
 facet normal  6.6907106637e-02 -1.2592467944e-02 9.9767974262e-01
   outer loop
     vertex 3.4872576445e+01 0.0000000000e+00 1.6441835288e+00
     vertex 3.5295610913e+01 1.2460000000e+00 1.6315403962e+00
     vertex 3.5105595900e+01 1.2460000000e+00 1.6442833178e+00
   endloop
 endfacet
 facet normal  6.6907106637e-02 -1.2592467944e-02 9.9767974262e-01
   outer loop
     vertex 3.4872576445e+01 0.0000000000e+00 1.6441835288e+00
     vertex 3.5092501228e+01 0.0000000000e+00 1.6294347770e+00
     vertex 3.5295610913e+01 1.2460000000e+00 1.6315403962e+00
   endloop
 endfacet
 facet normal  7.1877064539e-02 -1.3402015599e-02 9.9732345484e-01
   outer loop
     vertex 3.5092501228e+01 0.0000000000e+00 1.6294347770e+00
     vertex 3.5434607914e+01 1.2460000000e+00 1.6215228875e+00
     vertex 3.5295610913e+01 1.2460000000e+00 1.6315403962e+00
   endloop
 endfacet
 facet normal  7.1877064539e-02 -1.3402015599e-02 9.9732345484e-01
   outer loop
     vertex 3.5092501228e+01 0.0000000000e+00 1.6294347770e+00
     vertex 3.5253377387e+01 0.0000000000e+00 1.6178404381e+00
     vertex 3.5434607914e+01 1.2460000000e+00 1.6215228875e+00
   endloop
 endfacet
 facet normal  7.5613980134e-02 -1.3944710705e-02 9.9703965370e-01
   outer loop
     vertex 3.5253377387e+01 0.0000000000e+00 1.6178404381e+00
     vertex 3.5533353069e+01 1.2460000000e+00 1.6140342042e+00
     vertex 3.5434607914e+01 1.2460000000e+00 1.6215228875e+00
   endloop
 endfacet
 facet normal  7.5613980134e-02 -1.3944710705e-02 9.9703965370e-01
   outer loop
     vertex 3.5253377387e+01 0.0000000000e+00 1.6178404381e+00
     vertex 3.5367665761e+01 0.0000000000e+00 1.6091729806e+00
     vertex 3.5533353069e+01 1.2460000000e+00 1.6140342042e+00
   endloop
 endfacet
 facet normal  7.8319754095e-02 -1.4303677152e-02 9.9682567229e-01
   outer loop
     vertex 3.5367665761e+01 0.0000000000e+00 1.6091729806e+00
     vertex 3.5602054605e+01 1.2460000000e+00 1.6086363823e+00
     vertex 3.5533353069e+01 1.2460000000e+00 1.6140342042e+00
   endloop
 endfacet
 facet normal  7.8319754095e-02 -1.4303677152e-02 9.9682567229e-01
   outer loop
     vertex 3.5367665761e+01 0.0000000000e+00 1.6091729806e+00
     vertex 3.5447181427e+01 0.0000000000e+00 1.6029255016e+00
     vertex 3.5602054605e+01 1.2460000000e+00 1.6086363823e+00
   endloop
 endfacet
 facet normal  1.5152225178e-01 -1.4303677152e-02 -9.8835034883e-01
   outer loop
     vertex 3.5602054605e+01 1.2460000000e+00 1.6086363823e+00
     vertex 3.5533937191e+01 1.2460000000e+00 1.5981934215e+00
     vertex 3.5756927783e+01 2.4920000000e+00 1.6143472631e+00
   endloop
 endfacet
 facet normal  1.5152225178e-01 -1.4303677152e-02 -9.8835034883e-01
   outer loop
     vertex 3.5756927783e+01 2.4920000000e+00 1.6143472631e+00
     vertex 3.5533937191e+01 1.2460000000e+00 1.5981934215e+00
     vertex 3.5699532555e+01 2.4920000000e+00 1.6055481016e+00
   endloop
 endfacet
 facet normal  1.4883958560e-01 -1.3944710705e-02 -9.8876302661e-01
   outer loop
     vertex 3.5533937191e+01 1.2460000000e+00 1.5981934215e+00
     vertex 3.5436011740e+01 1.2460000000e+00 1.5834525956e+00
     vertex 3.5699532555e+01 2.4920000000e+00 1.6055481016e+00
   endloop
 endfacet
 facet normal  1.4883958560e-01 -1.3944710705e-02 -9.8876302661e-01
   outer loop
     vertex 3.5699532555e+01 2.4920000000e+00 1.6055481016e+00
     vertex 3.5436011740e+01 1.2460000000e+00 1.5834525956e+00
     vertex 3.5617021295e+01 2.4920000000e+00 1.5931275909e+00
   endloop
 endfacet
 facet normal  1.4513372029e-01 -1.3402015599e-02 -9.8932127704e-01
   outer loop
     vertex 3.5436011740e+01 1.2460000000e+00 1.5834525956e+00
     vertex 3.5298130002e+01 1.2460000000e+00 1.5632253045e+00
     vertex 3.5617021295e+01 2.4920000000e+00 1.5931275909e+00
   endloop
 endfacet
 facet normal  1.4513372029e-01 -1.3402015599e-02 -9.8932127704e-01
   outer loop
     vertex 3.5617021295e+01 2.4920000000e+00 1.5931275909e+00
     vertex 3.5298130002e+01 1.2460000000e+00 1.5632253045e+00
     vertex 3.5500843164e+01 2.4920000000e+00 1.5760842252e+00
   endloop
 endfacet
 facet normal  1.4020349991e-01 -1.2592467944e-02 -9.9004262957e-01
   outer loop
     vertex 3.5298130002e+01 1.2460000000e+00 1.5632253045e+00
     vertex 3.5109569531e+01 1.2460000000e+00 1.5365225775e+00
     vertex 3.5500843164e+01 2.4920000000e+00 1.5760842252e+00
   endloop
 endfacet
 facet normal  1.4020349991e-01 -1.2592467944e-02 -9.9004262957e-01
   outer loop
     vertex 3.5500843164e+01 2.4920000000e+00 1.5760842252e+00
     vertex 3.5109569531e+01 1.2460000000e+00 1.5365225775e+00
     vertex 3.5341963508e+01 2.4920000000e+00 1.5535847052e+00
   endloop
 endfacet
 facet normal  1.3379351191e-01 -1.1384587437e-02 -9.9094383662e-01
   outer loop
     vertex 3.5109569531e+01 1.2460000000e+00 1.5365225775e+00
     vertex 3.4861737912e+01 1.2460000000e+00 1.5030612839e+00
     vertex 3.5341963508e+01 2.4920000000e+00 1.5535847052e+00
   endloop
 endfacet
 facet normal  1.3379351191e-01 -1.1384587437e-02 -9.9094383662e-01
   outer loop
     vertex 3.5341963508e+01 2.4920000000e+00 1.5535847052e+00
     vertex 3.4861737912e+01 1.2460000000e+00 1.5030612839e+00
     vertex 3.5133142422e+01 2.4920000000e+00 1.5253904672e+00
   endloop
 endfacet
 facet normal  1.2543392177e-01 -9.5437642065e-03 -9.9205607091e-01
   outer loop
     vertex 3.4861737912e+01 1.2460000000e+00 1.5030612839e+00
     vertex 3.4552455286e+01 1.2460000000e+00 1.4639561024e+00
     vertex 3.5133142422e+01 2.4920000000e+00 1.5253904672e+00
   endloop
 endfacet
 facet normal  1.2543392177e-01 -9.5437642065e-03 -9.9205607091e-01
   outer loop
     vertex 3.5133142422e+01 2.4920000000e+00 1.5253904672e+00
     vertex 3.4552455286e+01 1.2460000000e+00 1.4639561024e+00
     vertex 3.4872543172e+01 2.4920000000e+00 1.4924407309e+00
   endloop
 endfacet
 facet normal  1.1431969784e-01 -6.6573853583e-03 -9.9342170598e-01
   outer loop
     vertex 3.4552455286e+01 1.2460000000e+00 1.4639561024e+00
     vertex 3.4190488867e+01 1.2460000000e+00 1.4223021991e+00
     vertex 3.4872543172e+01 2.4920000000e+00 1.4924407309e+00
   endloop
 endfacet
 facet normal  1.1431969784e-01 -6.6573853583e-03 -9.9342170598e-01
   outer loop
     vertex 3.4872543172e+01 2.4920000000e+00 1.4924407309e+00
     vertex 3.4190488867e+01 1.2460000000e+00 1.4223021991e+00
     vertex 3.4567552949e+01 2.4920000000e+00 1.4573434606e+00
   endloop
 endfacet
 facet normal  9.9027631198e-02 -1.9829931664e-03 -9.9508270812e-01
   outer loop
     vertex 3.4190488867e+01 1.2460000000e+00 1.4223021991e+00
     vertex 3.3797332967e+01 1.2460000000e+00 1.3831765092e+00
     vertex 3.4567552949e+01 2.4920000000e+00 1.4573434606e+00
   endloop
 endfacet
 facet normal  9.9027631198e-02 -1.9829931664e-03 -9.9508270812e-01
   outer loop
     vertex 3.4567552949e+01 2.4920000000e+00 1.4573434606e+00
     vertex 3.3797332967e+01 1.2460000000e+00 1.3831765092e+00
     vertex 3.4236282699e+01 2.4920000000e+00 1.4243764441e+00
   endloop
 endfacet
 facet normal  7.7637906921e-02 5.6145971467e-03 -9.9696581271e-01
   outer loop
     vertex 3.3797332967e+01 1.2460000000e+00 1.3831765092e+00
     vertex 3.3904384777e+01 2.4920000000e+00 1.3985301616e+00
     vertex 3.4236282699e+01 2.4920000000e+00 1.4243764441e+00
   endloop
 endfacet
 facet normal  7.7637906921e-02 5.6145971467e-03 -9.9696581271e-01
   outer loop
     vertex 3.3797332967e+01 1.2460000000e+00 1.3831765092e+00
     vertex 3.3403432137e+01 1.2460000000e+00 1.3525018004e+00
     vertex 3.3904384777e+01 2.4920000000e+00 1.3985301616e+00
   endloop
 endfacet
 facet normal  4.8334115739e-02 1.7459419935e-02 -9.9867861793e-01
   outer loop
     vertex 3.3403432137e+01 1.2460000000e+00 1.3525018004e+00
     vertex 3.3597752540e+01 2.4920000000e+00 1.3836897537e+00
     vertex 3.3904384777e+01 2.4920000000e+00 1.3985301616e+00
   endloop
 endfacet
 facet normal  4.8334115739e-02 1.7459419935e-02 -9.9867861793e-01
   outer loop
     vertex 3.3403432137e+01 1.2460000000e+00 1.3525018004e+00
     vertex 3.3039516954e+01 1.2460000000e+00 1.3348890086e+00
     vertex 3.3597752540e+01 2.4920000000e+00 1.3836897537e+00
   endloop
 endfacet
 facet normal  9.8415194586e-03 3.4731181355e-02 -9.9934823237e-01
   outer loop
     vertex 3.3039516954e+01 1.2460000000e+00 1.3348890086e+00
     vertex 3.3335109815e+01 2.4920000000e+00 1.3811032644e+00
     vertex 3.3597752540e+01 2.4920000000e+00 1.3836897537e+00
   endloop
 endfacet
 facet normal  9.8415194586e-03 3.4731181355e-02 -9.9934823237e-01
   outer loop
     vertex 3.3039516954e+01 1.2460000000e+00 1.3348890086e+00
     vertex 3.2727809104e+01 1.2460000000e+00 1.3318193290e+00
     vertex 3.3335109815e+01 2.4920000000e+00 1.3811032644e+00
   endloop
 endfacet
 facet normal  -3.9447425533e-02 5.8681404851e-02 -9.9749706433e-01
   outer loop
     vertex 3.2727809104e+01 1.2460000000e+00 1.3318193290e+00
     vertex 3.3124584638e+01 2.4920000000e+00 1.3894287789e+00
     vertex 3.3335109815e+01 2.4920000000e+00 1.3811032644e+00
   endloop
 endfacet
 facet normal  -3.9447425533e-02 5.8681404851e-02 -9.9749706433e-01
   outer loop
     vertex 3.2727809104e+01 1.2460000000e+00 1.3318193290e+00
     vertex 3.2477955048e+01 1.2460000000e+00 1.3417001594e+00
     vertex 3.3124584638e+01 2.4920000000e+00 1.3894287789e+00
   endloop
 endfacet
 facet normal  -1.0359968258e-01 9.1701621149e-02 -9.9038271312e-01
   outer loop
     vertex 3.2477955048e+01 1.2460000000e+00 1.3417001594e+00
     vertex 3.2965027065e+01 2.4920000000e+00 1.4061194114e+00
     vertex 3.3124584638e+01 2.4920000000e+00 1.3894287789e+00
   endloop
 endfacet
 facet normal  -1.0359968258e-01 9.1701621149e-02 -9.9038271312e-01
   outer loop
     vertex 3.2477955048e+01 1.2460000000e+00 1.3417001594e+00
     vertex 3.2288590016e+01 1.2460000000e+00 1.3615088221e+00
     vertex 3.2965027065e+01 2.4920000000e+00 1.4061194114e+00
   endloop
 endfacet
 facet normal  -1.9492318289e-01 1.4057497596e-01 -9.7069234514e-01
   outer loop
     vertex 3.2288590016e+01 1.2460000000e+00 1.3615088221e+00
     vertex 3.2849969487e+01 2.4920000000e+00 1.4292239402e+00
     vertex 3.2965027065e+01 2.4920000000e+00 1.4061194114e+00
   endloop
 endfacet
 facet normal  -1.9492318289e-01 1.4057497596e-01 -9.7069234514e-01
   outer loop
     vertex 3.2288590016e+01 1.2460000000e+00 1.3615088221e+00
     vertex 3.2152038166e+01 1.2460000000e+00 1.3889295816e+00
     vertex 3.2849969487e+01 2.4920000000e+00 1.4292239402e+00
   endloop
 endfacet
 facet normal  -3.5317065732e-01 2.2717364002e-01 -9.0755860642e-01
   outer loop
     vertex 3.2152038166e+01 1.2460000000e+00 1.3889295816e+00
     vertex 3.2772422202e+01 2.4920000000e+00 1.4594009726e+00
     vertex 3.2849969487e+01 2.4920000000e+00 1.4292239402e+00
   endloop
 endfacet
 facet normal  -3.5317065732e-01 2.2717364002e-01 -9.0755860642e-01
   outer loop
     vertex 3.2152038166e+01 1.2460000000e+00 1.3889295816e+00
     vertex 3.2060004026e+01 1.2460000000e+00 1.4247440816e+00
     vertex 3.2772422202e+01 2.4920000000e+00 1.4594009726e+00
   endloop
 endfacet
 facet normal  -7.1004166807e-01 4.2166244462e-01 -5.6395178199e-01
   outer loop
     vertex 3.2060004026e+01 1.2460000000e+00 1.4247440816e+00
     vertex 3.2737779704e+01 2.4920000000e+00 1.5030174979e+00
     vertex 3.2772422202e+01 2.4920000000e+00 1.4594009726e+00
   endloop
 endfacet
 facet normal  -7.1004166807e-01 4.2166244462e-01 -5.6395178199e-01
   outer loop
     vertex 3.2060004026e+01 1.2460000000e+00 1.4247440816e+00
     vertex 3.2018889852e+01 1.2460000000e+00 1.4765087489e+00
     vertex 3.2737779704e+01 2.4920000000e+00 1.5030174979e+00
   endloop
 endfacet
 facet normal  -7.4964783024e-01 4.2166244462e-01 5.1012637004e-01
   outer loop
     vertex 3.2018889852e+01 1.2460000000e+00 1.4765087489e+00
     vertex 3.2056079954e+01 1.2460000000e+00 1.5311608522e+00
     vertex 3.2737779704e+01 2.4920000000e+00 1.5030174979e+00
   endloop
 endfacet
 facet normal  -7.4964783024e-01 4.2166244462e-01 5.1012637004e-01
   outer loop
     vertex 3.2737779704e+01 2.4920000000e+00 1.5030174979e+00
     vertex 3.2056079954e+01 1.2460000000e+00 1.5311608522e+00
     vertex 3.2769115809e+01 2.4920000000e+00 1.5490669552e+00
   endloop
 endfacet
 facet normal  -4.1905229349e-01 2.2717364002e-01 8.7908322279e-01
   outer loop
     vertex 3.2056079954e+01 1.2460000000e+00 1.5311608522e+00
     vertex 3.2145226448e+01 1.2460000000e+00 1.5736563088e+00
     vertex 3.2769115809e+01 2.4920000000e+00 1.5490669552e+00
   endloop
 endfacet
 facet normal  -4.1905229349e-01 2.2717364002e-01 8.7908322279e-01
   outer loop
     vertex 3.2769115809e+01 2.4920000000e+00 1.5490669552e+00
     vertex 3.2145226448e+01 1.2460000000e+00 1.5736563088e+00
     vertex 3.2844229984e+01 2.4920000000e+00 1.5848733122e+00
   endloop
 endfacet
 facet normal  -2.6588431906e-01 1.4057497596e-01 9.5370027001e-01
   outer loop
     vertex 3.2145226448e+01 1.2460000000e+00 1.5736563088e+00
     vertex 3.2279387944e+01 1.2460000000e+00 1.6110595046e+00
     vertex 3.2844229984e+01 2.4920000000e+00 1.5848733122e+00
   endloop
 endfacet
 facet normal  -2.6588431906e-01 1.4057497596e-01 9.5370027001e-01
   outer loop
     vertex 3.2844229984e+01 2.4920000000e+00 1.5848733122e+00
     vertex 3.2279387944e+01 1.2460000000e+00 1.6110595046e+00
     vertex 3.2957273467e+01 2.4920000000e+00 1.6163889679e+00
   endloop
 endfacet
 facet normal  -1.7625900831e-01 9.1701621149e-02 9.8006304627e-01
   outer loop
     vertex 3.2279387944e+01 1.2460000000e+00 1.6110595046e+00
     vertex 3.2466779815e+01 1.2460000000e+00 1.6447609133e+00
     vertex 3.2957273467e+01 2.4920000000e+00 1.6163889679e+00
   endloop
 endfacet
 facet normal  -1.7625900831e-01 9.1701621149e-02 9.8006304627e-01
   outer loop
     vertex 3.2957273467e+01 2.4920000000e+00 1.6163889679e+00
     vertex 3.2466779815e+01 1.2460000000e+00 1.6447609133e+00
     vertex 3.3115168469e+01 2.4920000000e+00 1.6447855253e+00
   endloop
 endfacet
 facet normal  -1.1280493902e-01 5.8681404851e-02 9.9188282496e-01
   outer loop
     vertex 3.2466779815e+01 1.2460000000e+00 1.6447609133e+00
     vertex 3.2715227611e+01 1.2460000000e+00 1.6730164066e+00
     vertex 3.3115168469e+01 2.4920000000e+00 1.6447855253e+00
   endloop
 endfacet
 facet normal  -1.1280493902e-01 5.8681404851e-02 9.9188282496e-01
   outer loop
     vertex 3.3115168469e+01 2.4920000000e+00 1.6447855253e+00
     vertex 3.2715227611e+01 1.2460000000e+00 1.6730164066e+00
     vertex 3.3324508742e+01 2.4920000000e+00 1.6685933946e+00
   endloop
 endfacet
 facet normal  -6.3786188307e-02 3.4731181355e-02 9.9735904629e-01
   outer loop
     vertex 3.2715227611e+01 1.2460000000e+00 1.6730164066e+00
     vertex 3.3026315012e+01 1.2460000000e+00 1.6929120296e+00
     vertex 3.3324508742e+01 2.4920000000e+00 1.6685933946e+00
   endloop
 endfacet
 facet normal  -6.3786188307e-02 3.4731181355e-02 9.9735904629e-01
   outer loop
     vertex 3.3324508742e+01 2.4920000000e+00 1.6685933946e+00
     vertex 3.3026315012e+01 1.2460000000e+00 1.6929120296e+00
     vertex 3.3586628681e+01 2.4920000000e+00 1.6853572991e+00
   endloop
 endfacet
 facet normal  -2.5348812798e-02 1.7459419935e-02 9.9952619093e-01
   outer loop
     vertex 3.3026315012e+01 1.2460000000e+00 1.6929120296e+00
     vertex 3.3390539047e+01 1.2460000000e+00 1.7021490530e+00
     vertex 3.3586628681e+01 2.4920000000e+00 1.6853572991e+00
   endloop
 endfacet
 facet normal  -2.5348812798e-02 1.7459419935e-02 9.9952619093e-01
   outer loop
     vertex 3.3586628681e+01 2.4920000000e+00 1.6853572991e+00
     vertex 3.3390539047e+01 1.2460000000e+00 1.7021490530e+00
     vertex 3.3893521156e+01 2.4920000000e+00 1.6931403467e+00
   endloop
 endfacet
 facet normal  4.0015422709e-03 5.6145971467e-03 9.9997623170e-01
   outer loop
     vertex 3.3390539047e+01 1.2460000000e+00 1.7021490530e+00
     vertex 3.3785629293e+01 1.2460000000e+00 1.7005680451e+00
     vertex 3.3893521156e+01 2.4920000000e+00 1.6931403467e+00
   endloop
 endfacet
 facet normal  4.0015422709e-03 5.6145971467e-03 9.9997623170e-01
   outer loop
     vertex 3.3893521156e+01 2.4920000000e+00 1.6931403467e+00
     vertex 3.3785629293e+01 1.2460000000e+00 1.7005680451e+00
     vertex 3.4226421270e+01 2.4920000000e+00 1.6918082011e+00
   endloop
 endfacet
 facet normal  2.5471865627e-02 -1.9829931664e-03 9.9967357262e-01
   outer loop
     vertex 3.3785629293e+01 1.2460000000e+00 1.7005680451e+00
     vertex 3.4559219851e+01 2.4920000000e+00 1.6833284324e+00
     vertex 3.4226421270e+01 2.4920000000e+00 1.6918082011e+00
   endloop
 endfacet
 facet normal  2.5471865627e-02 -1.9829931664e-03 9.9967357262e-01
   outer loop
     vertex 3.3785629293e+01 1.2460000000e+00 1.7005680451e+00
     vertex 3.4180599038e+01 1.2460000000e+00 1.6905041437e+00
     vertex 3.4559219851e+01 2.4920000000e+00 1.6833284324e+00
   endloop
 endfacet
 facet normal  4.0844733593e-02 -6.6573853583e-03 9.9914332653e-01
   outer loop
     vertex 3.4180599038e+01 1.2460000000e+00 1.6905041437e+00
     vertex 3.4865966668e+01 2.4920000000e+00 1.6707886979e+00
     vertex 3.4559219851e+01 2.4920000000e+00 1.6833284324e+00
   endloop
 endfacet
 facet normal  4.0844733593e-02 -6.6573853583e-03 9.9914332653e-01
   outer loop
     vertex 3.4180599038e+01 1.2460000000e+00 1.6905041437e+00
     vertex 3.4544650205e+01 1.2460000000e+00 1.6756218215e+00
     vertex 3.4865966668e+01 2.4920000000e+00 1.6707886979e+00
   endloop
 endfacet
 facet normal  5.2029351429e-02 -9.5437642065e-03 9.9859995151e-01
   outer loop
     vertex 3.4544650205e+01 1.2460000000e+00 1.6756218215e+00
     vertex 3.5128284904e+01 2.4920000000e+00 1.6571213152e+00
     vertex 3.4865966668e+01 2.4920000000e+00 1.6707886979e+00
   endloop
 endfacet
 facet normal  5.2029351429e-02 -9.5437642065e-03 9.9859995151e-01
   outer loop
     vertex 3.4544650205e+01 1.2460000000e+00 1.6756218215e+00
     vertex 3.4855972946e+01 1.2460000000e+00 1.6594011915e+00
     vertex 3.5128284904e+01 2.4920000000e+00 1.6571213152e+00
   endloop
 endfacet
 facet normal  6.0448153741e-02 -1.1384587437e-02 9.9810641310e-01
   outer loop
     vertex 3.4855972946e+01 1.2460000000e+00 1.6594011915e+00
     vertex 3.5338615356e+01 2.4920000000e+00 1.6443831068e+00
     vertex 3.5128284904e+01 2.4920000000e+00 1.6571213152e+00
   endloop
 endfacet
 facet normal  6.0448153741e-02 -1.1384587437e-02 9.9810641310e-01
   outer loop
     vertex 3.4855972946e+01 1.2460000000e+00 1.6594011915e+00
     vertex 3.5105595900e+01 1.2460000000e+00 1.6442833178e+00
     vertex 3.5338615356e+01 2.4920000000e+00 1.6443831068e+00
   endloop
 endfacet
 facet normal  6.6907106637e-02 -1.2592467944e-02 9.9767974262e-01
   outer loop
     vertex 3.5105595900e+01 1.2460000000e+00 1.6442833178e+00
     vertex 3.5498720598e+01 2.4920000000e+00 1.6336460155e+00
     vertex 3.5338615356e+01 2.4920000000e+00 1.6443831068e+00
   endloop
 endfacet
 facet normal  6.6907106637e-02 -1.2592467944e-02 9.9767974262e-01
   outer loop
     vertex 3.5105595900e+01 1.2460000000e+00 1.6442833178e+00
     vertex 3.5295610913e+01 1.2460000000e+00 1.6315403962e+00
     vertex 3.5498720598e+01 2.4920000000e+00 1.6336460155e+00
   endloop
 endfacet
 facet normal  7.1877064539e-02 -1.3402015599e-02 9.9732345484e-01
   outer loop
     vertex 3.5295610913e+01 1.2460000000e+00 1.6315403962e+00
     vertex 3.5615838442e+01 2.4920000000e+00 1.6252053368e+00
     vertex 3.5498720598e+01 2.4920000000e+00 1.6336460155e+00
   endloop
 endfacet
 facet normal  7.1877064539e-02 -1.3402015599e-02 9.9732345484e-01
   outer loop
     vertex 3.5295610913e+01 1.2460000000e+00 1.6315403962e+00
     vertex 3.5434607914e+01 1.2460000000e+00 1.6215228875e+00
     vertex 3.5615838442e+01 2.4920000000e+00 1.6252053368e+00
   endloop
 endfacet
 facet normal  7.5613980134e-02 -1.3944710705e-02 9.9703965370e-01
   outer loop
     vertex 3.5434607914e+01 1.2460000000e+00 1.6215228875e+00
     vertex 3.5699040378e+01 2.4920000000e+00 1.6188954278e+00
     vertex 3.5615838442e+01 2.4920000000e+00 1.6252053368e+00
   endloop
 endfacet
 facet normal  7.5613980134e-02 -1.3944710705e-02 9.9703965370e-01
   outer loop
     vertex 3.5434607914e+01 1.2460000000e+00 1.6215228875e+00
     vertex 3.5533353069e+01 1.2460000000e+00 1.6140342042e+00
     vertex 3.5699040378e+01 2.4920000000e+00 1.6188954278e+00
   endloop
 endfacet
 facet normal  7.8319754095e-02 -1.4303677152e-02 9.9682567229e-01
   outer loop
     vertex 3.5533353069e+01 1.2460000000e+00 1.6140342042e+00
     vertex 3.5756927783e+01 2.4920000000e+00 1.6143472631e+00
     vertex 3.5699040378e+01 2.4920000000e+00 1.6188954278e+00
   endloop
 endfacet
 facet normal  7.8319754095e-02 -1.4303677152e-02 9.9682567229e-01
   outer loop
     vertex 3.5533353069e+01 1.2460000000e+00 1.6140342042e+00
     vertex 3.5602054605e+01 1.2460000000e+00 1.6086363823e+00
     vertex 3.5756927783e+01 2.4920000000e+00 1.6143472631e+00
   endloop
 endfacet
 facet normal  1.5152225178e-01 -1.4303677152e-02 -9.8835034883e-01
   outer loop
     vertex 3.5756927783e+01 2.4920000000e+00 1.6143472631e+00
     vertex 3.5699532555e+01 2.4920000000e+00 1.6055481016e+00
     vertex 3.5911800961e+01 3.7380000000e+00 1.6200581438e+00
   endloop
 endfacet
 facet normal  1.5152225178e-01 -1.4303677152e-02 -9.8835034883e-01
   outer loop
     vertex 3.5911800961e+01 3.7380000000e+00 1.6200581438e+00
     vertex 3.5699532555e+01 2.4920000000e+00 1.6055481016e+00
     vertex 3.5865127919e+01 3.7380000000e+00 1.6129027817e+00
   endloop
 endfacet
 facet normal  1.4883958560e-01 -1.3944710705e-02 -9.8876302661e-01
   outer loop
     vertex 3.5699532555e+01 2.4920000000e+00 1.6055481016e+00
     vertex 3.5617021295e+01 2.4920000000e+00 1.5931275909e+00
     vertex 3.5865127919e+01 3.7380000000e+00 1.6129027817e+00
   endloop
 endfacet
 facet normal  1.4883958560e-01 -1.3944710705e-02 -9.8876302661e-01
   outer loop
     vertex 3.5865127919e+01 3.7380000000e+00 1.6129027817e+00
     vertex 3.5617021295e+01 2.4920000000e+00 1.5931275909e+00
     vertex 3.5798030850e+01 3.7380000000e+00 1.6028025862e+00
   endloop
 endfacet
 facet normal  1.4513372029e-01 -1.3402015599e-02 -9.8932127704e-01
   outer loop
     vertex 3.5617021295e+01 2.4920000000e+00 1.5931275909e+00
     vertex 3.5500843164e+01 2.4920000000e+00 1.5760842252e+00
     vertex 3.5798030850e+01 3.7380000000e+00 1.6028025862e+00
   endloop
 endfacet
 facet normal  1.4513372029e-01 -1.3402015599e-02 -9.8932127704e-01
   outer loop
     vertex 3.5798030850e+01 3.7380000000e+00 1.6028025862e+00
     vertex 3.5500843164e+01 2.4920000000e+00 1.5760842252e+00
     vertex 3.5703556326e+01 3.7380000000e+00 1.5889431460e+00
   endloop
 endfacet
 facet normal  1.4020349991e-01 -1.2592467944e-02 -9.9004262957e-01
   outer loop
     vertex 3.5500843164e+01 2.4920000000e+00 1.5760842252e+00
     vertex 3.5341963508e+01 2.4920000000e+00 1.5535847052e+00
     vertex 3.5703556326e+01 3.7380000000e+00 1.5889431460e+00
   endloop
 endfacet
 facet normal  1.4020349991e-01 -1.2592467944e-02 -9.9004262957e-01
   outer loop
     vertex 3.5703556326e+01 3.7380000000e+00 1.5889431460e+00
     vertex 3.5341963508e+01 2.4920000000e+00 1.5535847052e+00
     vertex 3.5574357484e+01 3.7380000000e+00 1.5706468330e+00
   endloop
 endfacet
 facet normal  1.3379351191e-01 -1.1384587437e-02 -9.9094383662e-01
   outer loop
     vertex 3.5341963508e+01 2.4920000000e+00 1.5535847052e+00
     vertex 3.5133142422e+01 2.4920000000e+00 1.5253904672e+00
     vertex 3.5574357484e+01 3.7380000000e+00 1.5706468330e+00
   endloop
 endfacet
 facet normal  1.3379351191e-01 -1.1384587437e-02 -9.9094383662e-01
   outer loop
     vertex 3.5574357484e+01 3.7380000000e+00 1.5706468330e+00
     vertex 3.5133142422e+01 2.4920000000e+00 1.5253904672e+00
     vertex 3.5404546931e+01 3.7380000000e+00 1.5477196504e+00
   endloop
 endfacet
 facet normal  1.2543392177e-01 -9.5437642065e-03 -9.9205607091e-01
   outer loop
     vertex 3.5133142422e+01 2.4920000000e+00 1.5253904672e+00
     vertex 3.4872543172e+01 2.4920000000e+00 1.4924407309e+00
     vertex 3.5404546931e+01 3.7380000000e+00 1.5477196504e+00
   endloop
 endfacet
 facet normal  1.2543392177e-01 -9.5437642065e-03 -9.9205607091e-01
   outer loop
     vertex 3.5404546931e+01 3.7380000000e+00 1.5477196504e+00
     vertex 3.4872543172e+01 2.4920000000e+00 1.4924407309e+00
     vertex 3.5192631057e+01 3.7380000000e+00 1.5209253594e+00
   endloop
 endfacet
 facet normal  1.1431969784e-01 -6.6573853583e-03 -9.9342170598e-01
   outer loop
     vertex 3.4872543172e+01 2.4920000000e+00 1.4924407309e+00
     vertex 3.4567552949e+01 2.4920000000e+00 1.4573434606e+00
     vertex 3.5192631057e+01 3.7380000000e+00 1.5209253594e+00
   endloop
 endfacet
 facet normal  1.1431969784e-01 -6.6573853583e-03 -9.9342170598e-01
   outer loop
     vertex 3.5192631057e+01 3.7380000000e+00 1.5209253594e+00
     vertex 3.4567552949e+01 2.4920000000e+00 1.4573434606e+00
     vertex 3.4944617030e+01 3.7380000000e+00 1.4923847220e+00
   endloop
 endfacet
 facet normal  9.9027631198e-02 -1.9829931664e-03 -9.9508270812e-01
   outer loop
     vertex 3.4567552949e+01 2.4920000000e+00 1.4573434606e+00
     vertex 3.4236282699e+01 2.4920000000e+00 1.4243764441e+00
     vertex 3.4944617030e+01 3.7380000000e+00 1.4923847220e+00
   endloop
 endfacet
 facet normal  9.9027631198e-02 -1.9829931664e-03 -9.9508270812e-01
   outer loop
     vertex 3.4944617030e+01 3.7380000000e+00 1.4923847220e+00
     vertex 3.4236282699e+01 2.4920000000e+00 1.4243764441e+00
     vertex 3.4675232432e+01 3.7380000000e+00 1.4655763789e+00
   endloop
 endfacet
 facet normal  7.7637906921e-02 5.6145971467e-03 -9.9696581271e-01
   outer loop
     vertex 3.4236282699e+01 2.4920000000e+00 1.4243764441e+00
     vertex 3.4405337418e+01 3.7380000000e+00 1.4445585228e+00
     vertex 3.4675232432e+01 3.7380000000e+00 1.4655763789e+00
   endloop
 endfacet
 facet normal  7.7637906921e-02 5.6145971467e-03 -9.9696581271e-01
   outer loop
     vertex 3.4236282699e+01 2.4920000000e+00 1.4243764441e+00
     vertex 3.3904384777e+01 2.4920000000e+00 1.3985301616e+00
     vertex 3.4405337418e+01 3.7380000000e+00 1.4445585228e+00
   endloop
 endfacet
 facet normal  4.8334115739e-02 1.7459419935e-02 -9.9867861793e-01
   outer loop
     vertex 3.3904384777e+01 2.4920000000e+00 1.3985301616e+00
     vertex 3.4155988126e+01 3.7380000000e+00 1.4324904988e+00
     vertex 3.4405337418e+01 3.7380000000e+00 1.4445585228e+00
   endloop
 endfacet
 facet normal  4.8334115739e-02 1.7459419935e-02 -9.9867861793e-01
   outer loop
     vertex 3.3904384777e+01 2.4920000000e+00 1.3985301616e+00
     vertex 3.3597752540e+01 2.4920000000e+00 1.3836897537e+00
     vertex 3.4155988126e+01 3.7380000000e+00 1.4324904988e+00
   endloop
 endfacet
 facet normal  9.8415194586e-03 3.4731181355e-02 -9.9934823237e-01
   outer loop
     vertex 3.3597752540e+01 2.4920000000e+00 1.3836897537e+00
     vertex 3.3942410525e+01 3.7380000000e+00 1.4303871998e+00
     vertex 3.4155988126e+01 3.7380000000e+00 1.4324904988e+00
   endloop
 endfacet
 facet normal  9.8415194586e-03 3.4731181355e-02 -9.9934823237e-01
   outer loop
     vertex 3.3597752540e+01 2.4920000000e+00 1.3836897537e+00
     vertex 3.3335109815e+01 2.4920000000e+00 1.3811032644e+00
     vertex 3.3942410525e+01 3.7380000000e+00 1.4303871998e+00
   endloop
 endfacet
 facet normal  -3.9447425533e-02 5.8681404851e-02 -9.9749706433e-01
   outer loop
     vertex 3.3335109815e+01 2.4920000000e+00 1.3811032644e+00
     vertex 3.3771214227e+01 3.7380000000e+00 1.4371573984e+00
     vertex 3.3942410525e+01 3.7380000000e+00 1.4303871998e+00
   endloop
 endfacet
 facet normal  -3.9447425533e-02 5.8681404851e-02 -9.9749706433e-01
   outer loop
     vertex 3.3335109815e+01 2.4920000000e+00 1.3811032644e+00
     vertex 3.3124584638e+01 2.4920000000e+00 1.3894287789e+00
     vertex 3.3771214227e+01 3.7380000000e+00 1.4371573984e+00
   endloop
 endfacet
 facet normal  -1.0359968258e-01 9.1701621149e-02 -9.9038271312e-01
   outer loop
     vertex 3.3124584638e+01 2.4920000000e+00 1.3894287789e+00
     vertex 3.3641464113e+01 3.7380000000e+00 1.4507300007e+00
     vertex 3.3771214227e+01 3.7380000000e+00 1.4371573984e+00
   endloop
 endfacet
 facet normal  -1.0359968258e-01 9.1701621149e-02 -9.9038271312e-01
   outer loop
     vertex 3.3124584638e+01 2.4920000000e+00 1.3894287789e+00
     vertex 3.2965027065e+01 2.4920000000e+00 1.4061194114e+00
     vertex 3.3641464113e+01 3.7380000000e+00 1.4507300007e+00
   endloop
 endfacet
 facet normal  -1.9492318289e-01 1.4057497596e-01 -9.7069234514e-01
   outer loop
     vertex 3.2965027065e+01 2.4920000000e+00 1.4061194114e+00
     vertex 3.3547900808e+01 3.7380000000e+00 1.4695182989e+00
     vertex 3.3641464113e+01 3.7380000000e+00 1.4507300007e+00
   endloop
 endfacet
 facet normal  -1.9492318289e-01 1.4057497596e-01 -9.7069234514e-01
   outer loop
     vertex 3.2965027065e+01 2.4920000000e+00 1.4061194114e+00
     vertex 3.2849969487e+01 2.4920000000e+00 1.4292239402e+00
     vertex 3.3547900808e+01 3.7380000000e+00 1.4695182989e+00
   endloop
 endfacet
 facet normal  -3.5317065732e-01 2.2717364002e-01 -9.0755860642e-01
   outer loop
     vertex 3.2849969487e+01 2.4920000000e+00 1.4292239402e+00
     vertex 3.3484840379e+01 3.7380000000e+00 1.4940578636e+00
     vertex 3.3547900808e+01 3.7380000000e+00 1.4695182989e+00
   endloop
 endfacet
 facet normal  -3.5317065732e-01 2.2717364002e-01 -9.0755860642e-01
   outer loop
     vertex 3.2849969487e+01 2.4920000000e+00 1.4292239402e+00
     vertex 3.2772422202e+01 2.4920000000e+00 1.4594009726e+00
     vertex 3.3484840379e+01 3.7380000000e+00 1.4940578636e+00
   endloop
 endfacet
 facet normal  -7.1004166807e-01 4.2166244462e-01 -5.6395178199e-01
   outer loop
     vertex 3.2772422202e+01 2.4920000000e+00 1.4594009726e+00
     vertex 3.3456669557e+01 3.7380000000e+00 1.5295262468e+00
     vertex 3.3484840379e+01 3.7380000000e+00 1.4940578636e+00
   endloop
 endfacet
 facet normal  -7.1004166807e-01 4.2166244462e-01 -5.6395178199e-01
   outer loop
     vertex 3.2772422202e+01 2.4920000000e+00 1.4594009726e+00
     vertex 3.2737779704e+01 2.4920000000e+00 1.5030174979e+00
     vertex 3.3456669557e+01 3.7380000000e+00 1.5295262468e+00
   endloop
 endfacet
 facet normal  -7.4964783024e-01 4.2166244462e-01 5.1012637004e-01
   outer loop
     vertex 3.2737779704e+01 2.4920000000e+00 1.5030174979e+00
     vertex 3.2769115809e+01 2.4920000000e+00 1.5490669552e+00
     vertex 3.3456669557e+01 3.7380000000e+00 1.5295262468e+00
   endloop
 endfacet
 facet normal  -7.4964783024e-01 4.2166244462e-01 5.1012637004e-01
   outer loop
     vertex 3.3456669557e+01 3.7380000000e+00 1.5295262468e+00
     vertex 3.2769115809e+01 2.4920000000e+00 1.5490669552e+00
     vertex 3.3482151663e+01 3.7380000000e+00 1.5669730583e+00
   endloop
 endfacet
 facet normal  -4.1905229349e-01 2.2717364002e-01 8.7908322279e-01
   outer loop
     vertex 3.2769115809e+01 2.4920000000e+00 1.5490669552e+00
     vertex 3.2844229984e+01 2.4920000000e+00 1.5848733122e+00
     vertex 3.3482151663e+01 3.7380000000e+00 1.5669730583e+00
   endloop
 endfacet
 facet normal  -4.1905229349e-01 2.2717364002e-01 8.7908322279e-01
   outer loop
     vertex 3.3482151663e+01 3.7380000000e+00 1.5669730583e+00
     vertex 3.2844229984e+01 2.4920000000e+00 1.5848733122e+00
     vertex 3.3543233521e+01 3.7380000000e+00 1.5960903156e+00
   endloop
 endfacet
 facet normal  -2.6588431906e-01 1.4057497596e-01 9.5370027001e-01
   outer loop
     vertex 3.2844229984e+01 2.4920000000e+00 1.5848733122e+00
     vertex 3.2957273467e+01 2.4920000000e+00 1.6163889679e+00
     vertex 3.3543233521e+01 3.7380000000e+00 1.5960903156e+00
   endloop
 endfacet
 facet normal  -2.6588431906e-01 1.4057497596e-01 9.5370027001e-01
   outer loop
     vertex 3.3543233521e+01 3.7380000000e+00 1.5960903156e+00
     vertex 3.2957273467e+01 2.4920000000e+00 1.6163889679e+00
     vertex 3.3635158990e+01 3.7380000000e+00 1.6217184312e+00
   endloop
 endfacet
 facet normal  -1.7625900831e-01 9.1701621149e-02 9.8006304627e-01
   outer loop
     vertex 3.2957273467e+01 2.4920000000e+00 1.6163889679e+00
     vertex 3.3115168469e+01 2.4920000000e+00 1.6447855253e+00
     vertex 3.3635158990e+01 3.7380000000e+00 1.6217184312e+00
   endloop
 endfacet
 facet normal  -1.7625900831e-01 9.1701621149e-02 9.8006304627e-01
   outer loop
     vertex 3.3635158990e+01 3.7380000000e+00 1.6217184312e+00
     vertex 3.3115168469e+01 2.4920000000e+00 1.6447855253e+00
     vertex 3.3763557124e+01 3.7380000000e+00 1.6448101372e+00
   endloop
 endfacet
 facet normal  -1.1280493902e-01 5.8681404851e-02 9.9188282496e-01
   outer loop
     vertex 3.3115168469e+01 2.4920000000e+00 1.6447855253e+00
     vertex 3.3324508742e+01 2.4920000000e+00 1.6685933946e+00
     vertex 3.3763557124e+01 3.7380000000e+00 1.6448101372e+00
   endloop
 endfacet
 facet normal  -1.1280493902e-01 5.8681404851e-02 9.9188282496e-01
   outer loop
     vertex 3.3763557124e+01 3.7380000000e+00 1.6448101372e+00
     vertex 3.3324508742e+01 2.4920000000e+00 1.6685933946e+00
     vertex 3.3933789873e+01 3.7380000000e+00 1.6641703826e+00
   endloop
 endfacet
 facet normal  -6.3786188307e-02 3.4731181355e-02 9.9735904629e-01
   outer loop
     vertex 3.3324508742e+01 2.4920000000e+00 1.6685933946e+00
     vertex 3.3586628681e+01 2.4920000000e+00 1.6853572991e+00
     vertex 3.3933789873e+01 3.7380000000e+00 1.6641703826e+00
   endloop
 endfacet
 facet normal  -6.3786188307e-02 3.4731181355e-02 9.9735904629e-01
   outer loop
     vertex 3.3933789873e+01 3.7380000000e+00 1.6641703826e+00
     vertex 3.3586628681e+01 2.4920000000e+00 1.6853572991e+00
     vertex 3.4146942351e+01 3.7380000000e+00 1.6778025687e+00
   endloop
 endfacet
 facet normal  -2.5348812798e-02 1.7459419935e-02 9.9952619093e-01
   outer loop
     vertex 3.3586628681e+01 2.4920000000e+00 1.6853572991e+00
     vertex 3.3893521156e+01 2.4920000000e+00 1.6931403467e+00
     vertex 3.4146942351e+01 3.7380000000e+00 1.6778025687e+00
   endloop
 endfacet
 facet normal  -2.5348812798e-02 1.7459419935e-02 9.9952619093e-01
   outer loop
     vertex 3.4146942351e+01 3.7380000000e+00 1.6778025687e+00
     vertex 3.3893521156e+01 2.4920000000e+00 1.6931403467e+00
     vertex 3.4396503264e+01 3.7380000000e+00 1.6841316404e+00
   endloop
 endfacet
 facet normal  4.0015422709e-03 5.6145971467e-03 9.9997623170e-01
   outer loop
     vertex 3.3893521156e+01 2.4920000000e+00 1.6931403467e+00
     vertex 3.4226421270e+01 2.4920000000e+00 1.6918082011e+00
     vertex 3.4396503264e+01 3.7380000000e+00 1.6841316404e+00
   endloop
 endfacet
 facet normal  4.0015422709e-03 5.6145971467e-03 9.9997623170e-01
   outer loop
     vertex 3.4396503264e+01 3.7380000000e+00 1.6841316404e+00
     vertex 3.4226421270e+01 2.4920000000e+00 1.6918082011e+00
     vertex 3.4667213248e+01 3.7380000000e+00 1.6830483572e+00
   endloop
 endfacet
 facet normal  2.5471865627e-02 -1.9829931664e-03 9.9967357262e-01
   outer loop
     vertex 3.4226421270e+01 2.4920000000e+00 1.6918082011e+00
     vertex 3.4937840665e+01 3.7380000000e+00 1.6761527210e+00
     vertex 3.4667213248e+01 3.7380000000e+00 1.6830483572e+00
   endloop
 endfacet
 facet normal  2.5471865627e-02 -1.9829931664e-03 9.9967357262e-01
   outer loop
     vertex 3.4226421270e+01 2.4920000000e+00 1.6918082011e+00
     vertex 3.4559219851e+01 2.4920000000e+00 1.6833284324e+00
     vertex 3.4937840665e+01 3.7380000000e+00 1.6761527210e+00
   endloop
 endfacet
 facet normal  4.0844733593e-02 -6.6573853583e-03 9.9914332653e-01
   outer loop
     vertex 3.4559219851e+01 2.4920000000e+00 1.6833284324e+00
     vertex 3.5187283132e+01 3.7380000000e+00 1.6659555743e+00
     vertex 3.4937840665e+01 3.7380000000e+00 1.6761527210e+00
   endloop
 endfacet
 facet normal  4.0844733593e-02 -6.6573853583e-03 9.9914332653e-01
   outer loop
     vertex 3.4559219851e+01 2.4920000000e+00 1.6833284324e+00
     vertex 3.4865966668e+01 2.4920000000e+00 1.6707886979e+00
     vertex 3.5187283132e+01 3.7380000000e+00 1.6659555743e+00
   endloop
 endfacet
 facet normal  5.2029351429e-02 -9.5437642065e-03 9.9859995151e-01
   outer loop
     vertex 3.4865966668e+01 2.4920000000e+00 1.6707886979e+00
     vertex 3.5400596862e+01 3.7380000000e+00 1.6548414389e+00
     vertex 3.5187283132e+01 3.7380000000e+00 1.6659555743e+00
   endloop
 endfacet
 facet normal  5.2029351429e-02 -9.5437642065e-03 9.9859995151e-01
   outer loop
     vertex 3.4865966668e+01 2.4920000000e+00 1.6707886979e+00
     vertex 3.5128284904e+01 2.4920000000e+00 1.6571213152e+00
     vertex 3.5400596862e+01 3.7380000000e+00 1.6548414389e+00
   endloop
 endfacet
 facet normal  6.0448153741e-02 -1.1384587437e-02 9.9810641310e-01
   outer loop
     vertex 3.5128284904e+01 2.4920000000e+00 1.6571213152e+00
     vertex 3.5571634812e+01 3.7380000000e+00 1.6444828958e+00
     vertex 3.5400596862e+01 3.7380000000e+00 1.6548414389e+00
   endloop
 endfacet
 facet normal  6.0448153741e-02 -1.1384587437e-02 9.9810641310e-01
   outer loop
     vertex 3.5128284904e+01 2.4920000000e+00 1.6571213152e+00
     vertex 3.5338615356e+01 2.4920000000e+00 1.6443831068e+00
     vertex 3.5571634812e+01 3.7380000000e+00 1.6444828958e+00
   endloop
 endfacet
 facet normal  6.6907106637e-02 -1.2592467944e-02 9.9767974262e-01
   outer loop
     vertex 3.5338615356e+01 2.4920000000e+00 1.6443831068e+00
     vertex 3.5701830283e+01 3.7380000000e+00 1.6357516348e+00
     vertex 3.5571634812e+01 3.7380000000e+00 1.6444828958e+00
   endloop
 endfacet
 facet normal  6.6907106637e-02 -1.2592467944e-02 9.9767974262e-01
   outer loop
     vertex 3.5338615356e+01 2.4920000000e+00 1.6443831068e+00
     vertex 3.5498720598e+01 2.4920000000e+00 1.6336460155e+00
     vertex 3.5701830283e+01 3.7380000000e+00 1.6357516348e+00
   endloop
 endfacet
 facet normal  7.1877064538e-02 -1.3402015599e-02 9.9732345484e-01
   outer loop
     vertex 3.5498720598e+01 2.4920000000e+00 1.6336460155e+00
     vertex 3.5797068970e+01 3.7380000000e+00 1.6288877862e+00
     vertex 3.5701830283e+01 3.7380000000e+00 1.6357516348e+00
   endloop
 endfacet
 facet normal  7.1877064539e-02 -1.3402015599e-02 9.9732345484e-01
   outer loop
     vertex 3.5498720598e+01 2.4920000000e+00 1.6336460155e+00
     vertex 3.5615838442e+01 2.4920000000e+00 1.6252053368e+00
     vertex 3.5797068970e+01 3.7380000000e+00 1.6288877862e+00
   endloop
 endfacet
 facet normal  7.5613980134e-02 -1.3944710705e-02 9.9703965370e-01
   outer loop
     vertex 3.5615838442e+01 2.4920000000e+00 1.6252053368e+00
     vertex 3.5864727687e+01 3.7380000000e+00 1.6237566513e+00
     vertex 3.5797068970e+01 3.7380000000e+00 1.6288877862e+00
   endloop
 endfacet
 facet normal  7.5613980134e-02 -1.3944710705e-02 9.9703965370e-01
   outer loop
     vertex 3.5615838442e+01 2.4920000000e+00 1.6252053368e+00
     vertex 3.5699040378e+01 2.4920000000e+00 1.6188954278e+00
     vertex 3.5864727687e+01 3.7380000000e+00 1.6237566513e+00
   endloop
 endfacet
 facet normal  7.8319754095e-02 -1.4303677152e-02 9.9682567229e-01
   outer loop
     vertex 3.5699040378e+01 2.4920000000e+00 1.6188954278e+00
     vertex 3.5911800961e+01 3.7380000000e+00 1.6200581438e+00
     vertex 3.5864727687e+01 3.7380000000e+00 1.6237566513e+00
   endloop
 endfacet
 facet normal  7.8319754095e-02 -1.4303677152e-02 9.9682567229e-01
   outer loop
     vertex 3.5699040378e+01 2.4920000000e+00 1.6188954278e+00
     vertex 3.5756927783e+01 2.4920000000e+00 1.6143472631e+00
     vertex 3.5911800961e+01 3.7380000000e+00 1.6200581438e+00
   endloop
 endfacet
 facet normal  1.5152225178e-01 -1.4303677152e-02 -9.8835034883e-01
   outer loop
     vertex 3.5911800961e+01 3.7380000000e+00 1.6200581438e+00
     vertex 3.5865127919e+01 3.7380000000e+00 1.6129027817e+00
     vertex 3.6066674140e+01 4.9840000000e+00 1.6257690245e+00
   endloop
 endfacet
 facet normal  1.5152225178e-01 -1.4303677152e-02 -9.8835034883e-01
   outer loop
     vertex 3.6066674140e+01 4.9840000000e+00 1.6257690245e+00
     vertex 3.5865127919e+01 3.7380000000e+00 1.6129027817e+00
     vertex 3.6030723282e+01 4.9840000000e+00 1.6202574618e+00
   endloop
 endfacet
 facet normal  1.4883958560e-01 -1.3944710705e-02 -9.8876302661e-01
   outer loop
     vertex 3.5865127919e+01 3.7380000000e+00 1.6129027817e+00
     vertex 3.5798030850e+01 3.7380000000e+00 1.6028025862e+00
     vertex 3.6030723282e+01 4.9840000000e+00 1.6202574618e+00
   endloop
 endfacet
 facet normal  1.4883958560e-01 -1.3944710705e-02 -9.8876302661e-01
   outer loop
     vertex 3.6030723282e+01 4.9840000000e+00 1.6202574618e+00
     vertex 3.5798030850e+01 3.7380000000e+00 1.6028025862e+00
     vertex 3.5979040405e+01 4.9840000000e+00 1.6124775815e+00
   endloop
 endfacet
 facet normal  1.4513372029e-01 -1.3402015599e-02 -9.8932127704e-01
   outer loop
     vertex 3.5798030850e+01 3.7380000000e+00 1.6028025862e+00
     vertex 3.5703556326e+01 3.7380000000e+00 1.5889431460e+00
     vertex 3.5979040405e+01 4.9840000000e+00 1.6124775815e+00
   endloop
 endfacet
 facet normal  1.4513372029e-01 -1.3402015599e-02 -9.8932127704e-01
   outer loop
     vertex 3.5979040405e+01 4.9840000000e+00 1.6124775815e+00
     vertex 3.5703556326e+01 3.7380000000e+00 1.5889431460e+00
     vertex 3.5906269488e+01 4.9840000000e+00 1.6018020667e+00
   endloop
 endfacet
 facet normal  1.4020349991e-01 -1.2592467944e-02 -9.9004262957e-01
   outer loop
     vertex 3.5703556326e+01 3.7380000000e+00 1.5889431460e+00
     vertex 3.5574357484e+01 3.7380000000e+00 1.5706468330e+00
     vertex 3.5906269488e+01 4.9840000000e+00 1.6018020667e+00
   endloop
 endfacet
 facet normal  1.4020349991e-01 -1.2592467944e-02 -9.9004262957e-01
   outer loop
     vertex 3.5906269488e+01 4.9840000000e+00 1.6018020667e+00
     vertex 3.5574357484e+01 3.7380000000e+00 1.5706468330e+00
     vertex 3.5806751461e+01 4.9840000000e+00 1.5877089608e+00
   endloop
 endfacet
 facet normal  1.3379351191e-01 -1.1384587437e-02 -9.9094383662e-01
   outer loop
     vertex 3.5574357484e+01 3.7380000000e+00 1.5706468330e+00
     vertex 3.5404546931e+01 3.7380000000e+00 1.5477196504e+00
     vertex 3.5806751461e+01 4.9840000000e+00 1.5877089608e+00
   endloop
 endfacet
 facet normal  1.3379351191e-01 -1.1384587437e-02 -9.9094383662e-01
   outer loop
     vertex 3.5806751461e+01 4.9840000000e+00 1.5877089608e+00
     vertex 3.5404546931e+01 3.7380000000e+00 1.5477196504e+00
     vertex 3.5675951440e+01 4.9840000000e+00 1.5700488337e+00
   endloop
 endfacet
 facet normal  1.2543392177e-01 -9.5437642065e-03 -9.9205607091e-01
   outer loop
     vertex 3.5404546931e+01 3.7380000000e+00 1.5477196504e+00
     vertex 3.5192631057e+01 3.7380000000e+00 1.5209253594e+00
     vertex 3.5675951440e+01 4.9840000000e+00 1.5700488337e+00
   endloop
 endfacet
 facet normal  1.2543392177e-01 -9.5437642065e-03 -9.9205607091e-01
   outer loop
     vertex 3.5675951440e+01 4.9840000000e+00 1.5700488337e+00
     vertex 3.5192631057e+01 3.7380000000e+00 1.5209253594e+00
     vertex 3.5512718943e+01 4.9840000000e+00 1.5494099878e+00
   endloop
 endfacet
 facet normal  1.1431969784e-01 -6.6573853583e-03 -9.9342170598e-01
   outer loop
     vertex 3.5192631057e+01 3.7380000000e+00 1.5209253594e+00
     vertex 3.4944617030e+01 3.7380000000e+00 1.4923847220e+00
     vertex 3.5512718943e+01 4.9840000000e+00 1.5494099878e+00
   endloop
 endfacet
 facet normal  1.1431969784e-01 -6.6573853583e-03 -9.9342170598e-01
   outer loop
     vertex 3.5512718943e+01 4.9840000000e+00 1.5494099878e+00
     vertex 3.4944617030e+01 3.7380000000e+00 1.4923847220e+00
     vertex 3.5321681111e+01 4.9840000000e+00 1.5274259834e+00
   endloop
 endfacet
 facet normal  9.9027631198e-02 -1.9829931664e-03 -9.9508270812e-01
   outer loop
     vertex 3.4944617030e+01 3.7380000000e+00 1.4923847220e+00
     vertex 3.4675232432e+01 3.7380000000e+00 1.4655763789e+00
     vertex 3.5321681111e+01 4.9840000000e+00 1.5274259834e+00
   endloop
 endfacet
 facet normal  9.9027631198e-02 -1.9829931664e-03 -9.9508270812e-01
   outer loop
     vertex 3.5321681111e+01 4.9840000000e+00 1.5274259834e+00
     vertex 3.4675232432e+01 3.7380000000e+00 1.4655763789e+00
     vertex 3.5114182164e+01 4.9840000000e+00 1.5067763137e+00
   endloop
 endfacet
 facet normal  7.7637906921e-02 5.6145971467e-03 -9.9696581271e-01
   outer loop
     vertex 3.4675232432e+01 3.7380000000e+00 1.4655763789e+00
     vertex 3.4906290059e+01 4.9840000000e+00 1.4905868840e+00
     vertex 3.5114182164e+01 4.9840000000e+00 1.5067763137e+00
   endloop
 endfacet
 facet normal  7.7637906921e-02 5.6145971467e-03 -9.9696581271e-01
   outer loop
     vertex 3.4675232432e+01 3.7380000000e+00 1.4655763789e+00
     vertex 3.4405337418e+01 3.7380000000e+00 1.4445585228e+00
     vertex 3.4906290059e+01 4.9840000000e+00 1.4905868840e+00
   endloop
 endfacet
 facet normal  4.8334115739e-02 1.7459419935e-02 -9.9867861793e-01
   outer loop
     vertex 3.4405337418e+01 3.7380000000e+00 1.4445585228e+00
     vertex 3.4714223713e+01 4.9840000000e+00 1.4812912439e+00
     vertex 3.4906290059e+01 4.9840000000e+00 1.4905868840e+00
   endloop
 endfacet
 facet normal  4.8334115739e-02 1.7459419935e-02 -9.9867861793e-01
   outer loop
     vertex 3.4405337418e+01 3.7380000000e+00 1.4445585228e+00
     vertex 3.4155988126e+01 3.7380000000e+00 1.4324904988e+00
     vertex 3.4714223713e+01 4.9840000000e+00 1.4812912439e+00
   endloop
 endfacet
 facet normal  9.8415194586e-03 3.4731181355e-02 -9.9934823237e-01
   outer loop
     vertex 3.4155988126e+01 3.7380000000e+00 1.4324904988e+00
     vertex 3.4549711236e+01 4.9840000000e+00 1.4796711352e+00
     vertex 3.4714223713e+01 4.9840000000e+00 1.4812912439e+00
   endloop
 endfacet
 facet normal  9.8415194586e-03 3.4731181355e-02 -9.9934823237e-01
   outer loop
     vertex 3.4155988126e+01 3.7380000000e+00 1.4324904988e+00
     vertex 3.3942410525e+01 3.7380000000e+00 1.4303871998e+00
     vertex 3.4549711236e+01 4.9840000000e+00 1.4796711352e+00
   endloop
 endfacet
 facet normal  -3.9447425533e-02 5.8681404851e-02 -9.9749706433e-01
   outer loop
     vertex 3.3942410525e+01 3.7380000000e+00 1.4303871998e+00
     vertex 3.4417843817e+01 4.9840000000e+00 1.4848860179e+00
     vertex 3.4549711236e+01 4.9840000000e+00 1.4796711352e+00
   endloop
 endfacet
 facet normal  -3.9447425533e-02 5.8681404851e-02 -9.9749706433e-01
   outer loop
     vertex 3.3942410525e+01 3.7380000000e+00 1.4303871998e+00
     vertex 3.3771214227e+01 3.7380000000e+00 1.4371573984e+00
     vertex 3.4417843817e+01 4.9840000000e+00 1.4848860179e+00
   endloop
 endfacet
 facet normal  -1.0359968258e-01 9.1701621149e-02 -9.9038271312e-01
   outer loop
     vertex 3.3771214227e+01 3.7380000000e+00 1.4371573984e+00
     vertex 3.4317901162e+01 4.9840000000e+00 1.4953405899e+00
     vertex 3.4417843817e+01 4.9840000000e+00 1.4848860179e+00
   endloop
 endfacet
 facet normal  -1.0359968258e-01 9.1701621149e-02 -9.9038271312e-01
   outer loop
     vertex 3.3771214227e+01 3.7380000000e+00 1.4371573984e+00
     vertex 3.3641464113e+01 3.7380000000e+00 1.4507300007e+00
     vertex 3.4317901162e+01 4.9840000000e+00 1.4953405899e+00
   endloop
 endfacet
 facet normal  -1.9492318289e-01 1.4057497596e-01 -9.7069234514e-01
   outer loop
     vertex 3.3641464113e+01 3.7380000000e+00 1.4507300007e+00
     vertex 3.4245832130e+01 4.9840000000e+00 1.5098126575e+00
     vertex 3.4317901162e+01 4.9840000000e+00 1.4953405899e+00
   endloop
 endfacet
 facet normal  -1.9492318289e-01 1.4057497596e-01 -9.7069234514e-01
   outer loop
     vertex 3.3641464113e+01 3.7380000000e+00 1.4507300007e+00
     vertex 3.3547900808e+01 3.7380000000e+00 1.4695182989e+00
     vertex 3.4245832130e+01 4.9840000000e+00 1.5098126575e+00
   endloop
 endfacet
 facet normal  -3.5317065732e-01 2.2717364002e-01 -9.0755860642e-01
   outer loop
     vertex 3.3547900808e+01 3.7380000000e+00 1.4695182989e+00
     vertex 3.4197258556e+01 4.9840000000e+00 1.5287147547e+00
     vertex 3.4245832130e+01 4.9840000000e+00 1.5098126575e+00
   endloop
 endfacet
 facet normal  -3.5317065732e-01 2.2717364002e-01 -9.0755860642e-01
   outer loop
     vertex 3.3547900808e+01 3.7380000000e+00 1.4695182989e+00
     vertex 3.3484840379e+01 3.7380000000e+00 1.4940578636e+00
     vertex 3.4197258556e+01 4.9840000000e+00 1.5287147547e+00
   endloop
 endfacet
 facet normal  -7.1004166807e-01 4.2166244462e-01 -5.6395178199e-01
   outer loop
     vertex 3.3484840379e+01 3.7380000000e+00 1.4940578636e+00
     vertex 3.4175559409e+01 4.9840000000e+00 1.5560349958e+00
     vertex 3.4197258556e+01 4.9840000000e+00 1.5287147547e+00
   endloop
 endfacet
 facet normal  -7.1004166807e-01 4.2166244462e-01 -5.6395178199e-01
   outer loop
     vertex 3.3484840379e+01 3.7380000000e+00 1.4940578636e+00
     vertex 3.3456669557e+01 3.7380000000e+00 1.5295262468e+00
     vertex 3.4175559409e+01 4.9840000000e+00 1.5560349958e+00
   endloop
 endfacet
 facet normal  -7.4964783024e-01 4.2166244462e-01 5.1012637004e-01
   outer loop
     vertex 3.3456669557e+01 3.7380000000e+00 1.5295262468e+00
     vertex 3.3482151663e+01 3.7380000000e+00 1.5669730583e+00
     vertex 3.4175559409e+01 4.9840000000e+00 1.5560349958e+00
   endloop
 endfacet
 facet normal  -7.4964783024e-01 4.2166244462e-01 5.1012637004e-01
   outer loop
     vertex 3.4175559409e+01 4.9840000000e+00 1.5560349958e+00
     vertex 3.3482151663e+01 3.7380000000e+00 1.5669730583e+00
     vertex 3.4195187518e+01 4.9840000000e+00 1.5848791614e+00
   endloop
 endfacet
 facet normal  -4.1905229349e-01 2.2717364002e-01 8.7908322279e-01
   outer loop
     vertex 3.3482151663e+01 3.7380000000e+00 1.5669730583e+00
     vertex 3.3543233521e+01 3.7380000000e+00 1.5960903156e+00
     vertex 3.4195187518e+01 4.9840000000e+00 1.5848791614e+00
   endloop
 endfacet
 facet normal  -4.1905229349e-01 2.2717364002e-01 8.7908322279e-01
   outer loop
     vertex 3.4195187518e+01 4.9840000000e+00 1.5848791614e+00
     vertex 3.3543233521e+01 3.7380000000e+00 1.5960903156e+00
     vertex 3.4242237057e+01 4.9840000000e+00 1.6073073190e+00
   endloop
 endfacet
 facet normal  -2.6588431906e-01 1.4057497596e-01 9.5370027001e-01
   outer loop
     vertex 3.3543233521e+01 3.7380000000e+00 1.5960903156e+00
     vertex 3.3635158990e+01 3.7380000000e+00 1.6217184312e+00
     vertex 3.4242237057e+01 4.9840000000e+00 1.6073073190e+00
   endloop
 endfacet
 facet normal  -2.6588431906e-01 1.4057497596e-01 9.5370027001e-01
   outer loop
     vertex 3.4242237057e+01 4.9840000000e+00 1.6073073190e+00
     vertex 3.3635158990e+01 3.7380000000e+00 1.6217184312e+00
     vertex 3.4313044513e+01 4.9840000000e+00 1.6270478946e+00
   endloop
 endfacet
 facet normal  -1.7625900831e-01 9.1701621149e-02 9.8006304627e-01
   outer loop
     vertex 3.3635158990e+01 3.7380000000e+00 1.6217184312e+00
     vertex 3.3763557124e+01 3.7380000000e+00 1.6448101372e+00
     vertex 3.4313044513e+01 4.9840000000e+00 1.6270478946e+00
   endloop
 endfacet
 facet normal  -1.7625900831e-01 9.1701621149e-02 9.8006304627e-01
   outer loop
     vertex 3.4313044513e+01 4.9840000000e+00 1.6270478946e+00
     vertex 3.3763557124e+01 3.7380000000e+00 1.6448101372e+00
     vertex 3.4411945778e+01 4.9840000000e+00 1.6448347492e+00
   endloop
 endfacet
 facet normal  -1.1280493902e-01 5.8681404851e-02 9.9188282496e-01
   outer loop
     vertex 3.3763557124e+01 3.7380000000e+00 1.6448101372e+00
     vertex 3.3933789873e+01 3.7380000000e+00 1.6641703826e+00
     vertex 3.4411945778e+01 4.9840000000e+00 1.6448347492e+00
   endloop
 endfacet
 facet normal  -1.1280493902e-01 5.8681404851e-02 9.9188282496e-01
   outer loop
     vertex 3.4411945778e+01 4.9840000000e+00 1.6448347492e+00
     vertex 3.3933789873e+01 3.7380000000e+00 1.6641703826e+00
     vertex 3.4543071004e+01 4.9840000000e+00 1.6597473706e+00
   endloop
 endfacet
 facet normal  -6.3786188307e-02 3.4731181355e-02 9.9735904629e-01
   outer loop
     vertex 3.3933789873e+01 3.7380000000e+00 1.6641703826e+00
     vertex 3.4146942351e+01 3.7380000000e+00 1.6778025687e+00
     vertex 3.4543071004e+01 4.9840000000e+00 1.6597473706e+00
   endloop
 endfacet
 facet normal  -6.3786188307e-02 3.4731181355e-02 9.9735904629e-01
   outer loop
     vertex 3.4543071004e+01 4.9840000000e+00 1.6597473706e+00
     vertex 3.4146942351e+01 3.7380000000e+00 1.6778025687e+00
     vertex 3.4707256021e+01 4.9840000000e+00 1.6702478383e+00
   endloop
 endfacet
 facet normal  -2.5348812798e-02 1.7459419935e-02 9.9952619093e-01
   outer loop
     vertex 3.4146942351e+01 3.7380000000e+00 1.6778025687e+00
     vertex 3.4396503264e+01 3.7380000000e+00 1.6841316404e+00
     vertex 3.4707256021e+01 4.9840000000e+00 1.6702478383e+00
   endloop
 endfacet
 facet normal  -2.5348812798e-02 1.7459419935e-02 9.9952619093e-01
   outer loop
     vertex 3.4707256021e+01 4.9840000000e+00 1.6702478383e+00
     vertex 3.4396503264e+01 3.7380000000e+00 1.6841316404e+00
     vertex 3.4899485373e+01 4.9840000000e+00 1.6751229340e+00
   endloop
 endfacet
 facet normal  4.0015422709e-03 5.6145971467e-03 9.9997623170e-01
   outer loop
     vertex 3.4396503264e+01 3.7380000000e+00 1.6841316404e+00
     vertex 3.4667213248e+01 3.7380000000e+00 1.6830483572e+00
     vertex 3.4899485373e+01 4.9840000000e+00 1.6751229340e+00
   endloop
 endfacet
 facet normal  4.0015422709e-03 5.6145971467e-03 9.9997623170e-01
   outer loop
     vertex 3.4899485373e+01 4.9840000000e+00 1.6751229340e+00
     vertex 3.4667213248e+01 3.7380000000e+00 1.6830483572e+00
     vertex 3.5108005225e+01 4.9840000000e+00 1.6742885132e+00
   endloop
 endfacet
 facet normal  2.5471865627e-02 -1.9829931664e-03 9.9967357262e-01
   outer loop
     vertex 3.4667213248e+01 3.7380000000e+00 1.6830483572e+00
     vertex 3.5316461479e+01 4.9840000000e+00 1.6689770097e+00
     vertex 3.5108005225e+01 4.9840000000e+00 1.6742885132e+00
   endloop
 endfacet
 facet normal  2.5471865627e-02 -1.9829931664e-03 9.9967357262e-01
   outer loop
     vertex 3.4667213248e+01 3.7380000000e+00 1.6830483572e+00
     vertex 3.4937840665e+01 3.7380000000e+00 1.6761527210e+00
     vertex 3.5316461479e+01 4.9840000000e+00 1.6689770097e+00
   endloop
 endfacet
 facet normal  4.0844733593e-02 -6.6573853583e-03 9.9914332653e-01
   outer loop
     vertex 3.4937840665e+01 3.7380000000e+00 1.6761527210e+00
     vertex 3.5508599595e+01 4.9840000000e+00 1.6611224507e+00
     vertex 3.5316461479e+01 4.9840000000e+00 1.6689770097e+00
   endloop
 endfacet
 facet normal  4.0844733593e-02 -6.6573853583e-03 9.9914332653e-01
   outer loop
     vertex 3.4937840665e+01 3.7380000000e+00 1.6761527210e+00
     vertex 3.5187283132e+01 3.7380000000e+00 1.6659555743e+00
     vertex 3.5508599595e+01 4.9840000000e+00 1.6611224507e+00
   endloop
 endfacet
 facet normal  5.2029351429e-02 -9.5437642065e-03 9.9859995151e-01
   outer loop
     vertex 3.5187283132e+01 3.7380000000e+00 1.6659555743e+00
     vertex 3.5672908820e+01 4.9840000000e+00 1.6525615627e+00
     vertex 3.5508599595e+01 4.9840000000e+00 1.6611224507e+00
   endloop
 endfacet
 facet normal  5.2029351429e-02 -9.5437642065e-03 9.9859995151e-01
   outer loop
     vertex 3.5187283132e+01 3.7380000000e+00 1.6659555743e+00
     vertex 3.5400596862e+01 3.7380000000e+00 1.6548414389e+00
     vertex 3.5672908820e+01 4.9840000000e+00 1.6525615627e+00
   endloop
 endfacet
 facet normal  6.0448153741e-02 -1.1384587437e-02 9.9810641310e-01
   outer loop
     vertex 3.5400596862e+01 3.7380000000e+00 1.6548414389e+00
     vertex 3.5804654268e+01 4.9840000000e+00 1.6445826849e+00
     vertex 3.5672908820e+01 4.9840000000e+00 1.6525615627e+00
   endloop
 endfacet
 facet normal  6.0448153741e-02 -1.1384587437e-02 9.9810641310e-01
   outer loop
     vertex 3.5400596862e+01 3.7380000000e+00 1.6548414389e+00
     vertex 3.5571634812e+01 3.7380000000e+00 1.6444828958e+00
     vertex 3.5804654268e+01 4.9840000000e+00 1.6445826849e+00
   endloop
 endfacet
 facet normal  6.6907106637e-02 -1.2592467944e-02 9.9767974262e-01
   outer loop
     vertex 3.5571634812e+01 3.7380000000e+00 1.6444828958e+00
     vertex 3.5904939969e+01 4.9840000000e+00 1.6378572540e+00
     vertex 3.5804654268e+01 4.9840000000e+00 1.6445826849e+00
   endloop
 endfacet
 facet normal  6.6907106637e-02 -1.2592467944e-02 9.9767974262e-01
   outer loop
     vertex 3.5571634812e+01 3.7380000000e+00 1.6444828958e+00
     vertex 3.5701830283e+01 3.7380000000e+00 1.6357516348e+00
     vertex 3.5904939969e+01 4.9840000000e+00 1.6378572540e+00
   endloop
 endfacet
 facet normal  7.1877064538e-02 -1.3402015599e-02 9.9732345484e-01
   outer loop
     vertex 3.5701830283e+01 3.7380000000e+00 1.6357516348e+00
     vertex 3.5978299497e+01 4.9840000000e+00 1.6325702355e+00
     vertex 3.5904939969e+01 4.9840000000e+00 1.6378572540e+00
   endloop
 endfacet
 facet normal  7.1877064538e-02 -1.3402015599e-02 9.9732345484e-01
   outer loop
     vertex 3.5701830283e+01 3.7380000000e+00 1.6357516348e+00
     vertex 3.5797068970e+01 3.7380000000e+00 1.6288877862e+00
     vertex 3.5978299497e+01 4.9840000000e+00 1.6325702355e+00
   endloop
 endfacet
 facet normal  7.5613980134e-02 -1.3944710705e-02 9.9703965370e-01
   outer loop
     vertex 3.5797068970e+01 3.7380000000e+00 1.6288877862e+00
     vertex 3.6030414996e+01 4.9840000000e+00 1.6286178749e+00
     vertex 3.5978299497e+01 4.9840000000e+00 1.6325702355e+00
   endloop
 endfacet
 facet normal  7.5613980134e-02 -1.3944710705e-02 9.9703965370e-01
   outer loop
     vertex 3.5797068970e+01 3.7380000000e+00 1.6288877862e+00
     vertex 3.5864727687e+01 3.7380000000e+00 1.6237566513e+00
     vertex 3.6030414996e+01 4.9840000000e+00 1.6286178749e+00
   endloop
 endfacet
 facet normal  7.8319754095e-02 -1.4303677152e-02 9.9682567229e-01
   outer loop
     vertex 3.5864727687e+01 3.7380000000e+00 1.6237566513e+00
     vertex 3.6066674140e+01 4.9840000000e+00 1.6257690245e+00
     vertex 3.6030414996e+01 4.9840000000e+00 1.6286178749e+00
   endloop
 endfacet
 facet normal  7.8319754095e-02 -1.4303677152e-02 9.9682567229e-01
   outer loop
     vertex 3.5864727687e+01 3.7380000000e+00 1.6237566513e+00
     vertex 3.5911800961e+01 3.7380000000e+00 1.6200581438e+00
     vertex 3.6066674140e+01 4.9840000000e+00 1.6257690245e+00
   endloop
 endfacet
 facet normal  1.5152225178e-01 -1.4303677152e-02 -9.8835034883e-01
   outer loop
     vertex 3.6066674140e+01 4.9840000000e+00 1.6257690245e+00
     vertex 3.6030723282e+01 4.9840000000e+00 1.6202574618e+00
     vertex 3.6221547318e+01 6.2300000000e+00 1.6314799052e+00
   endloop
 endfacet
 facet normal  1.5152225178e-01 -1.4303677152e-02 -9.8835034883e-01
   outer loop
     vertex 3.6221547318e+01 6.2300000000e+00 1.6314799052e+00
     vertex 3.6030723282e+01 4.9840000000e+00 1.6202574618e+00
     vertex 3.6196318646e+01 6.2300000000e+00 1.6276121419e+00
   endloop
 endfacet
 facet normal  1.4883958560e-01 -1.3944710705e-02 -9.8876302661e-01
   outer loop
     vertex 3.6030723282e+01 4.9840000000e+00 1.6202574618e+00
     vertex 3.5979040405e+01 4.9840000000e+00 1.6124775815e+00
     vertex 3.6196318646e+01 6.2300000000e+00 1.6276121419e+00
   endloop
 endfacet
 facet normal  1.4883958560e-01 -1.3944710705e-02 -9.8876302661e-01
   outer loop
     vertex 3.6196318646e+01 6.2300000000e+00 1.6276121419e+00
     vertex 3.5979040405e+01 4.9840000000e+00 1.6124775815e+00
     vertex 3.6160049960e+01 6.2300000000e+00 1.6221525768e+00
   endloop
 endfacet
 facet normal  1.4513372029e-01 -1.3402015599e-02 -9.8932127704e-01
   outer loop
     vertex 3.5979040405e+01 4.9840000000e+00 1.6124775815e+00
     vertex 3.5906269488e+01 4.9840000000e+00 1.6018020667e+00
     vertex 3.6160049960e+01 6.2300000000e+00 1.6221525768e+00
   endloop
 endfacet
 facet normal  1.4513372029e-01 -1.3402015599e-02 -9.8932127704e-01
   outer loop
     vertex 3.6160049960e+01 6.2300000000e+00 1.6221525768e+00
     vertex 3.5906269488e+01 4.9840000000e+00 1.6018020667e+00
     vertex 3.6108982650e+01 6.2300000000e+00 1.6146609875e+00
   endloop
 endfacet
 facet normal  1.4020349991e-01 -1.2592467944e-02 -9.9004262957e-01
   outer loop
     vertex 3.5906269488e+01 4.9840000000e+00 1.6018020667e+00
     vertex 3.5806751461e+01 4.9840000000e+00 1.5877089608e+00
     vertex 3.6108982650e+01 6.2300000000e+00 1.6146609875e+00
   endloop
 endfacet
 facet normal  1.4020349991e-01 -1.2592467944e-02 -9.9004262957e-01
   outer loop
     vertex 3.6108982650e+01 6.2300000000e+00 1.6146609875e+00
     vertex 3.5806751461e+01 4.9840000000e+00 1.5877089608e+00
     vertex 3.6039145438e+01 6.2300000000e+00 1.6047710886e+00
   endloop
 endfacet
 facet normal  1.3379351191e-01 -1.1384587437e-02 -9.9094383662e-01
   outer loop
     vertex 3.5806751461e+01 4.9840000000e+00 1.5877089608e+00
     vertex 3.5675951440e+01 4.9840000000e+00 1.5700488337e+00
     vertex 3.6039145438e+01 6.2300000000e+00 1.6047710886e+00
   endloop
 endfacet
 facet normal  1.3379351191e-01 -1.1384587437e-02 -9.9094383662e-01
   outer loop
     vertex 3.6039145438e+01 6.2300000000e+00 1.6047710886e+00
     vertex 3.5675951440e+01 4.9840000000e+00 1.5700488337e+00
     vertex 3.5947355950e+01 6.2300000000e+00 1.5923780169e+00
   endloop
 endfacet
 facet normal  1.2543392177e-01 -9.5437642065e-03 -9.9205607091e-01
   outer loop
     vertex 3.5675951440e+01 4.9840000000e+00 1.5700488337e+00
     vertex 3.5512718943e+01 4.9840000000e+00 1.5494099878e+00
     vertex 3.5947355950e+01 6.2300000000e+00 1.5923780169e+00
   endloop
 endfacet
 facet normal  1.2543392177e-01 -9.5437642065e-03 -9.9205607091e-01
   outer loop
     vertex 3.5947355950e+01 6.2300000000e+00 1.5923780169e+00
     vertex 3.5512718943e+01 4.9840000000e+00 1.5494099878e+00
     vertex 3.5832806829e+01 6.2300000000e+00 1.5778946163e+00
   endloop
 endfacet
 facet normal  1.1431969784e-01 -6.6573853583e-03 -9.9342170598e-01
   outer loop
     vertex 3.5512718943e+01 4.9840000000e+00 1.5494099878e+00
     vertex 3.5321681111e+01 4.9840000000e+00 1.5274259834e+00
     vertex 3.5832806829e+01 6.2300000000e+00 1.5778946163e+00
   endloop
 endfacet
 facet normal  1.1431969784e-01 -6.6573853583e-03 -9.9342170598e-01
   outer loop
     vertex 3.5832806829e+01 6.2300000000e+00 1.5778946163e+00
     vertex 3.5321681111e+01 4.9840000000e+00 1.5274259834e+00
     vertex 3.5698745192e+01 6.2300000000e+00 1.5624672448e+00
   endloop
 endfacet
 facet normal  9.9027631198e-02 -1.9829931664e-03 -9.9508270812e-01
   outer loop
     vertex 3.5321681111e+01 4.9840000000e+00 1.5274259834e+00
     vertex 3.5114182164e+01 4.9840000000e+00 1.5067763137e+00
     vertex 3.5698745192e+01 6.2300000000e+00 1.5624672448e+00
   endloop
 endfacet
 facet normal  9.9027631198e-02 -1.9829931664e-03 -9.9508270812e-01
   outer loop
     vertex 3.5698745192e+01 6.2300000000e+00 1.5624672448e+00
     vertex 3.5114182164e+01 4.9840000000e+00 1.5067763137e+00
     vertex 3.5553131896e+01 6.2300000000e+00 1.5479762485e+00
   endloop
 endfacet
 facet normal  7.7637906921e-02 5.6145971467e-03 -9.9696581271e-01
   outer loop
     vertex 3.5114182164e+01 4.9840000000e+00 1.5067763137e+00
     vertex 3.5407242700e+01 6.2300000000e+00 1.5366152452e+00
     vertex 3.5553131896e+01 6.2300000000e+00 1.5479762485e+00
   endloop
 endfacet
 facet normal  7.7637906921e-02 5.6145971467e-03 -9.9696581271e-01
   outer loop
     vertex 3.5114182164e+01 4.9840000000e+00 1.5067763137e+00
     vertex 3.4906290059e+01 4.9840000000e+00 1.4905868840e+00
     vertex 3.5407242700e+01 6.2300000000e+00 1.5366152452e+00
   endloop
 endfacet
 facet normal  4.8334115739e-02 1.7459419935e-02 -9.9867861793e-01
   outer loop
     vertex 3.4906290059e+01 4.9840000000e+00 1.4905868840e+00
     vertex 3.5272459299e+01 6.2300000000e+00 1.5300919890e+00
     vertex 3.5407242700e+01 6.2300000000e+00 1.5366152452e+00
   endloop
 endfacet
 facet normal  4.8334115739e-02 1.7459419935e-02 -9.9867861793e-01
   outer loop
     vertex 3.4906290059e+01 4.9840000000e+00 1.4905868840e+00
     vertex 3.4714223713e+01 4.9840000000e+00 1.4812912439e+00
     vertex 3.5272459299e+01 6.2300000000e+00 1.5300919890e+00
   endloop
 endfacet
 facet normal  9.8415194586e-03 3.4731181355e-02 -9.9934823237e-01
   outer loop
     vertex 3.4714223713e+01 4.9840000000e+00 1.4812912439e+00
     vertex 3.5157011947e+01 6.2300000000e+00 1.5289550707e+00
     vertex 3.5272459299e+01 6.2300000000e+00 1.5300919890e+00
   endloop
 endfacet
 facet normal  9.8415194586e-03 3.4731181355e-02 -9.9934823237e-01
   outer loop
     vertex 3.4714223713e+01 4.9840000000e+00 1.4812912439e+00
     vertex 3.4549711236e+01 4.9840000000e+00 1.4796711352e+00
     vertex 3.5157011947e+01 6.2300000000e+00 1.5289550707e+00
   endloop
 endfacet
 facet normal  -3.9447425533e-02 5.8681404851e-02 -9.9749706433e-01
   outer loop
     vertex 3.4549711236e+01 4.9840000000e+00 1.4796711352e+00
     vertex 3.5064473407e+01 6.2300000000e+00 1.5326146375e+00
     vertex 3.5157011947e+01 6.2300000000e+00 1.5289550707e+00
   endloop
 endfacet
 facet normal  -3.9447425533e-02 5.8681404851e-02 -9.9749706433e-01
   outer loop
     vertex 3.4549711236e+01 4.9840000000e+00 1.4796711352e+00
     vertex 3.4417843817e+01 4.9840000000e+00 1.4848860179e+00
     vertex 3.5064473407e+01 6.2300000000e+00 1.5326146375e+00
   endloop
 endfacet
 facet normal  -1.0359968258e-01 9.1701621149e-02 -9.9038271312e-01
   outer loop
     vertex 3.4417843817e+01 4.9840000000e+00 1.4848860179e+00
     vertex 3.4994338211e+01 6.2300000000e+00 1.5399511792e+00
     vertex 3.5064473407e+01 6.2300000000e+00 1.5326146375e+00
   endloop
 endfacet
 facet normal  -1.0359968258e-01 9.1701621149e-02 -9.9038271312e-01
   outer loop
     vertex 3.4417843817e+01 4.9840000000e+00 1.4848860179e+00
     vertex 3.4317901162e+01 4.9840000000e+00 1.4953405899e+00
     vertex 3.4994338211e+01 6.2300000000e+00 1.5399511792e+00
   endloop
 endfacet
 facet normal  -1.9492318289e-01 1.4057497596e-01 -9.7069234514e-01
   outer loop
     vertex 3.4317901162e+01 4.9840000000e+00 1.4953405899e+00
     vertex 3.4943763451e+01 6.2300000000e+00 1.5501070161e+00
     vertex 3.4994338211e+01 6.2300000000e+00 1.5399511792e+00
   endloop
 endfacet
 facet normal  -1.9492318289e-01 1.4057497596e-01 -9.7069234514e-01
   outer loop
     vertex 3.4317901162e+01 4.9840000000e+00 1.4953405899e+00
     vertex 3.4245832130e+01 4.9840000000e+00 1.5098126575e+00
     vertex 3.4943763451e+01 6.2300000000e+00 1.5501070161e+00
   endloop
 endfacet
 facet normal  -3.5317065732e-01 2.2717364002e-01 -9.0755860642e-01
   outer loop
     vertex 3.4245832130e+01 4.9840000000e+00 1.5098126575e+00
     vertex 3.4909676733e+01 6.2300000000e+00 1.5633716457e+00
     vertex 3.4943763451e+01 6.2300000000e+00 1.5501070161e+00
   endloop
 endfacet
 facet normal  -3.5317065732e-01 2.2717364002e-01 -9.0755860642e-01
   outer loop
     vertex 3.4245832130e+01 4.9840000000e+00 1.5098126575e+00
     vertex 3.4197258556e+01 4.9840000000e+00 1.5287147547e+00
     vertex 3.4909676733e+01 6.2300000000e+00 1.5633716457e+00
   endloop
 endfacet
 facet normal  -7.1004166807e-01 4.2166244462e-01 -5.6395178199e-01
   outer loop
     vertex 3.4197258556e+01 4.9840000000e+00 1.5287147547e+00
     vertex 3.4894449261e+01 6.2300000000e+00 1.5825437447e+00
     vertex 3.4909676733e+01 6.2300000000e+00 1.5633716457e+00
   endloop
 endfacet
 facet normal  -7.1004166807e-01 4.2166244462e-01 -5.6395178199e-01
   outer loop
     vertex 3.4197258556e+01 4.9840000000e+00 1.5287147547e+00
     vertex 3.4175559409e+01 4.9840000000e+00 1.5560349958e+00
     vertex 3.4894449261e+01 6.2300000000e+00 1.5825437447e+00
   endloop
 endfacet
 facet normal  -7.4964783024e-01 4.2166244462e-01 5.1012637004e-01
   outer loop
     vertex 3.4175559409e+01 4.9840000000e+00 1.5560349958e+00
     vertex 3.4195187518e+01 4.9840000000e+00 1.5848791614e+00
     vertex 3.4894449261e+01 6.2300000000e+00 1.5825437447e+00
   endloop
 endfacet
 facet normal  -7.4964783024e-01 4.2166244462e-01 5.1012637004e-01
   outer loop
     vertex 3.4894449261e+01 6.2300000000e+00 1.5825437447e+00
     vertex 3.4195187518e+01 4.9840000000e+00 1.5848791614e+00
     vertex 3.4908223373e+01 6.2300000000e+00 1.6027852644e+00
   endloop
 endfacet
 facet normal  -4.1905229349e-01 2.2717364002e-01 8.7908322279e-01
   outer loop
     vertex 3.4195187518e+01 4.9840000000e+00 1.5848791614e+00
     vertex 3.4242237057e+01 4.9840000000e+00 1.6073073190e+00
     vertex 3.4908223373e+01 6.2300000000e+00 1.6027852644e+00
   endloop
 endfacet
 facet normal  -4.1905229349e-01 2.2717364002e-01 8.7908322279e-01
   outer loop
     vertex 3.4908223373e+01 6.2300000000e+00 1.6027852644e+00
     vertex 3.4242237057e+01 4.9840000000e+00 1.6073073190e+00
     vertex 3.4941240593e+01 6.2300000000e+00 1.6185243224e+00
   endloop
 endfacet
 facet normal  -2.6588431906e-01 1.4057497596e-01 9.5370027001e-01
   outer loop
     vertex 3.4242237057e+01 4.9840000000e+00 1.6073073190e+00
     vertex 3.4313044513e+01 4.9840000000e+00 1.6270478946e+00
     vertex 3.4941240593e+01 6.2300000000e+00 1.6185243224e+00
   endloop
 endfacet
 facet normal  -2.6588431906e-01 1.4057497596e-01 9.5370027001e-01
   outer loop
     vertex 3.4941240593e+01 6.2300000000e+00 1.6185243224e+00
     vertex 3.4313044513e+01 4.9840000000e+00 1.6270478946e+00
     vertex 3.4990930036e+01 6.2300000000e+00 1.6323773579e+00
   endloop
 endfacet
 facet normal  -1.7625900831e-01 9.1701621149e-02 9.8006304627e-01
   outer loop
     vertex 3.4313044513e+01 4.9840000000e+00 1.6270478946e+00
     vertex 3.4411945778e+01 4.9840000000e+00 1.6448347492e+00
     vertex 3.4990930036e+01 6.2300000000e+00 1.6323773579e+00
   endloop
 endfacet
 facet normal  -1.7625900831e-01 9.1701621149e-02 9.8006304627e-01
   outer loop
     vertex 3.4990930036e+01 6.2300000000e+00 1.6323773579e+00
     vertex 3.4411945778e+01 4.9840000000e+00 1.6448347492e+00
     vertex 3.5060334432e+01 6.2300000000e+00 1.6448593611e+00
   endloop
 endfacet
 facet normal  -1.1280493902e-01 5.8681404851e-02 9.9188282496e-01
   outer loop
     vertex 3.4411945778e+01 4.9840000000e+00 1.6448347492e+00
     vertex 3.4543071004e+01 4.9840000000e+00 1.6597473706e+00
     vertex 3.5060334432e+01 6.2300000000e+00 1.6448593611e+00
   endloop
 endfacet
 facet normal  -1.1280493902e-01 5.8681404851e-02 9.9188282496e-01
   outer loop
     vertex 3.5060334432e+01 6.2300000000e+00 1.6448593611e+00
     vertex 3.4543071004e+01 4.9840000000e+00 1.6597473706e+00
     vertex 3.5152352135e+01 6.2300000000e+00 1.6553243586e+00
   endloop
 endfacet
 facet normal  -6.3786188307e-02 3.4731181355e-02 9.9735904629e-01
   outer loop
     vertex 3.4543071004e+01 4.9840000000e+00 1.6597473706e+00
     vertex 3.4707256021e+01 4.9840000000e+00 1.6702478383e+00
     vertex 3.5152352135e+01 6.2300000000e+00 1.6553243586e+00
   endloop
 endfacet
 facet normal  -6.3786188307e-02 3.4731181355e-02 9.9735904629e-01
   outer loop
     vertex 3.5152352135e+01 6.2300000000e+00 1.6553243586e+00
     vertex 3.4707256021e+01 4.9840000000e+00 1.6702478383e+00
     vertex 3.5267569690e+01 6.2300000000e+00 1.6626931079e+00
   endloop
 endfacet
 facet normal  -2.5348812798e-02 1.7459419935e-02 9.9952619093e-01
   outer loop
     vertex 3.4707256021e+01 4.9840000000e+00 1.6702478383e+00
     vertex 3.4899485373e+01 4.9840000000e+00 1.6751229340e+00
     vertex 3.5267569690e+01 6.2300000000e+00 1.6626931079e+00
   endloop
 endfacet
 facet normal  -2.5348812798e-02 1.7459419935e-02 9.9952619093e-01
   outer loop
     vertex 3.5267569690e+01 6.2300000000e+00 1.6626931079e+00
     vertex 3.4899485373e+01 4.9840000000e+00 1.6751229340e+00
     vertex 3.5402467481e+01 6.2300000000e+00 1.6661142277e+00
   endloop
 endfacet
 facet normal  4.0015422709e-03 5.6145971467e-03 9.9997623170e-01
   outer loop
     vertex 3.4899485373e+01 4.9840000000e+00 1.6751229340e+00
     vertex 3.5108005225e+01 4.9840000000e+00 1.6742885132e+00
     vertex 3.5402467481e+01 6.2300000000e+00 1.6661142277e+00
   endloop
 endfacet
 facet normal  4.0015422709e-03 5.6145971467e-03 9.9997623170e-01
   outer loop
     vertex 3.5402467481e+01 6.2300000000e+00 1.6661142277e+00
     vertex 3.5108005225e+01 4.9840000000e+00 1.6742885132e+00
     vertex 3.5548797202e+01 6.2300000000e+00 1.6655286692e+00
   endloop
 endfacet
 facet normal  2.5471865627e-02 -1.9829931664e-03 9.9967357262e-01
   outer loop
     vertex 3.5108005225e+01 4.9840000000e+00 1.6742885132e+00
     vertex 3.5695082293e+01 6.2300000000e+00 1.6618012983e+00
     vertex 3.5548797202e+01 6.2300000000e+00 1.6655286692e+00
   endloop
 endfacet
 facet normal  2.5471865627e-02 -1.9829931664e-03 9.9967357262e-01
   outer loop
     vertex 3.5108005225e+01 4.9840000000e+00 1.6742885132e+00
     vertex 3.5316461479e+01 4.9840000000e+00 1.6689770097e+00
     vertex 3.5695082293e+01 6.2300000000e+00 1.6618012983e+00
   endloop
 endfacet
 facet normal  4.0844733593e-02 -6.6573853583e-03 9.9914332653e-01
   outer loop
     vertex 3.5316461479e+01 4.9840000000e+00 1.6689770097e+00
     vertex 3.5829916058e+01 6.2300000000e+00 1.6562893271e+00
     vertex 3.5695082293e+01 6.2300000000e+00 1.6618012983e+00
   endloop
 endfacet
 facet normal  4.0844733593e-02 -6.6573853583e-03 9.9914332653e-01
   outer loop
     vertex 3.5316461479e+01 4.9840000000e+00 1.6689770097e+00
     vertex 3.5508599595e+01 4.9840000000e+00 1.6611224507e+00
     vertex 3.5829916058e+01 6.2300000000e+00 1.6562893271e+00
   endloop
 endfacet
 facet normal  5.2029351429e-02 -9.5437642065e-03 9.9859995151e-01
   outer loop
     vertex 3.5508599595e+01 4.9840000000e+00 1.6611224507e+00
     vertex 3.5945220777e+01 6.2300000000e+00 1.6502816864e+00
     vertex 3.5829916058e+01 6.2300000000e+00 1.6562893271e+00
   endloop
 endfacet
 facet normal  5.2029351429e-02 -9.5437642065e-03 9.9859995151e-01
   outer loop
     vertex 3.5508599595e+01 4.9840000000e+00 1.6611224507e+00
     vertex 3.5672908820e+01 4.9840000000e+00 1.6525615627e+00
     vertex 3.5945220777e+01 6.2300000000e+00 1.6502816864e+00
   endloop
 endfacet
 facet normal  6.0448153741e-02 -1.1384587437e-02 9.9810641310e-01
   outer loop
     vertex 3.5672908820e+01 4.9840000000e+00 1.6525615627e+00
     vertex 3.6037673723e+01 6.2300000000e+00 1.6446824739e+00
     vertex 3.5945220777e+01 6.2300000000e+00 1.6502816864e+00
   endloop
 endfacet
 facet normal  6.0448153741e-02 -1.1384587437e-02 9.9810641310e-01
   outer loop
     vertex 3.5672908820e+01 4.9840000000e+00 1.6525615627e+00
     vertex 3.5804654268e+01 4.9840000000e+00 1.6445826849e+00
     vertex 3.6037673723e+01 6.2300000000e+00 1.6446824739e+00
   endloop
 endfacet
 facet normal  6.6907106637e-02 -1.2592467944e-02 9.9767974262e-01
   outer loop
     vertex 3.5804654268e+01 4.9840000000e+00 1.6445826849e+00
     vertex 3.6108049654e+01 6.2300000000e+00 1.6399628733e+00
     vertex 3.6037673723e+01 6.2300000000e+00 1.6446824739e+00
   endloop
 endfacet
 facet normal  6.6907106637e-02 -1.2592467944e-02 9.9767974262e-01
   outer loop
     vertex 3.5804654268e+01 4.9840000000e+00 1.6445826849e+00
     vertex 3.5904939969e+01 4.9840000000e+00 1.6378572540e+00
     vertex 3.6108049654e+01 6.2300000000e+00 1.6399628733e+00
   endloop
 endfacet
 facet normal  7.1877064538e-02 -1.3402015599e-02 9.9732345484e-01
   outer loop
     vertex 3.5904939969e+01 4.9840000000e+00 1.6378572540e+00
     vertex 3.6159530025e+01 6.2300000000e+00 1.6362526849e+00
     vertex 3.6108049654e+01 6.2300000000e+00 1.6399628733e+00
   endloop
 endfacet
 facet normal  7.1877064538e-02 -1.3402015599e-02 9.9732345484e-01
   outer loop
     vertex 3.5904939969e+01 4.9840000000e+00 1.6378572540e+00
     vertex 3.5978299497e+01 4.9840000000e+00 1.6325702355e+00
     vertex 3.6159530025e+01 6.2300000000e+00 1.6362526849e+00
   endloop
 endfacet
 facet normal  7.5613980134e-02 -1.3944710705e-02 9.9703965370e-01
   outer loop
     vertex 3.5978299497e+01 4.9840000000e+00 1.6325702355e+00
     vertex 3.6196102304e+01 6.2300000000e+00 1.6334790985e+00
     vertex 3.6159530025e+01 6.2300000000e+00 1.6362526849e+00
   endloop
 endfacet
 facet normal  7.5613980134e-02 -1.3944710705e-02 9.9703965370e-01
   outer loop
     vertex 3.5978299497e+01 4.9840000000e+00 1.6325702355e+00
     vertex 3.6030414996e+01 4.9840000000e+00 1.6286178749e+00
     vertex 3.6196102304e+01 6.2300000000e+00 1.6334790985e+00
   endloop
 endfacet
 facet normal  7.8319754095e-02 -1.4303677152e-02 9.9682567229e-01
   outer loop
     vertex 3.6030414996e+01 4.9840000000e+00 1.6286178749e+00
     vertex 3.6221547318e+01 6.2300000000e+00 1.6314799052e+00
     vertex 3.6196102304e+01 6.2300000000e+00 1.6334790985e+00
   endloop
 endfacet
 facet normal  7.8319754095e-02 -1.4303677152e-02 9.9682567229e-01
   outer loop
     vertex 3.6030414996e+01 4.9840000000e+00 1.6286178749e+00
     vertex 3.6066674140e+01 4.9840000000e+00 1.6257690245e+00
     vertex 3.6221547318e+01 6.2300000000e+00 1.6314799052e+00
   endloop
 endfacet
 facet normal  0.0000000000e+00 1.0000000000e+00 -0.0000000000e+00
   outer loop
     vertex 3.6221547318e+01 6.2300000000e+00 1.6314799052e+00
     vertex 3.6196318646e+01 6.2300000000e+00 1.6276121419e+00
     vertex 3.6196264560e+01 6.2300000000e+00 1.6290788811e+00
   endloop
 endfacet
 facet normal  0.0000000000e+00 1.0000000000e+00 0.0000000000e+00
   outer loop
     vertex 3.6196318646e+01 6.2300000000e+00 1.6276121419e+00
     vertex 3.6159919976e+01 6.2300000000e+00 1.6256776038e+00
     vertex 3.6196264560e+01 6.2300000000e+00 1.6290788811e+00
   endloop
 endfacet
 facet normal  0.0000000000e+00 1.0000000000e+00 -0.0000000000e+00
   outer loop
     vertex 3.6196318646e+01 6.2300000000e+00 1.6276121419e+00
     vertex 3.6160049960e+01 6.2300000000e+00 1.6221525768e+00
     vertex 3.6159919976e+01 6.2300000000e+00 1.6256776038e+00
   endloop
 endfacet
 facet normal  0.0000000000e+00 1.0000000000e+00 0.0000000000e+00
   outer loop
     vertex 3.6160049960e+01 6.2300000000e+00 1.6221525768e+00
     vertex 3.6108749401e+01 6.2300000000e+00 1.6209864589e+00
     vertex 3.6159919976e+01 6.2300000000e+00 1.6256776038e+00
   endloop
 endfacet
 facet normal  0.0000000000e+00 1.0000000000e+00 -0.0000000000e+00
   outer loop
     vertex 3.6160049960e+01 6.2300000000e+00 1.6221525768e+00
     vertex 3.6108982650e+01 6.2300000000e+00 1.6146609875e+00
     vertex 3.6108749401e+01 6.2300000000e+00 1.6209864589e+00
   endloop
 endfacet
 facet normal  -0.0000000000e+00 1.0000000000e+00 0.0000000000e+00
   outer loop
     vertex 3.6108982650e+01 6.2300000000e+00 1.6146609875e+00
     vertex 3.6038777509e+01 6.2300000000e+00 1.6147489349e+00
     vertex 3.6108749401e+01 6.2300000000e+00 1.6209864589e+00
   endloop
 endfacet
 facet normal  0.0000000000e+00 1.0000000000e+00 -0.0000000000e+00
   outer loop
     vertex 3.6108982650e+01 6.2300000000e+00 1.6146609875e+00
     vertex 3.6039145438e+01 6.2300000000e+00 1.6047710886e+00
     vertex 3.6038777509e+01 6.2300000000e+00 1.6147489349e+00
   endloop
 endfacet
 facet normal  -0.0000000000e+00 1.0000000000e+00 0.0000000000e+00
   outer loop
     vertex 3.6039145438e+01 6.2300000000e+00 1.6047710886e+00
     vertex 3.5946822157e+01 6.2300000000e+00 1.6068539343e+00
     vertex 3.6038777509e+01 6.2300000000e+00 1.6147489349e+00
   endloop
 endfacet
 facet normal  0.0000000000e+00 1.0000000000e+00 -0.0000000000e+00
   outer loop
     vertex 3.6039145438e+01 6.2300000000e+00 1.6047710886e+00
     vertex 3.5947355950e+01 6.2300000000e+00 1.5923780169e+00
     vertex 3.5946822157e+01 6.2300000000e+00 1.6068539343e+00
   endloop
 endfacet
 facet normal  -0.0000000000e+00 1.0000000000e+00 0.0000000000e+00
   outer loop
     vertex 3.5947355950e+01 6.2300000000e+00 1.5923780169e+00
     vertex 3.5832084136e+01 6.2300000000e+00 1.5974932940e+00
     vertex 3.5946822157e+01 6.2300000000e+00 1.6068539343e+00
   endloop
 endfacet
 facet normal  0.0000000000e+00 1.0000000000e+00 -0.0000000000e+00
   outer loop
     vertex 3.5947355950e+01 6.2300000000e+00 1.5923780169e+00
     vertex 3.5832806829e+01 6.2300000000e+00 1.5778946163e+00
     vertex 3.5832084136e+01 6.2300000000e+00 1.5974932940e+00
   endloop
 endfacet
 facet normal  -0.0000000000e+00 1.0000000000e+00 0.0000000000e+00
   outer loop
     vertex 3.5832806829e+01 6.2300000000e+00 1.5778946163e+00
     vertex 3.5697829467e+01 6.2300000000e+00 1.5873007582e+00
     vertex 3.5832084136e+01 6.2300000000e+00 1.5974932940e+00
   endloop
 endfacet
 facet normal  0.0000000000e+00 1.0000000000e+00 -0.0000000000e+00
   outer loop
     vertex 3.5832806829e+01 6.2300000000e+00 1.5778946163e+00
     vertex 3.5698745192e+01 6.2300000000e+00 1.5624672448e+00
     vertex 3.5697829467e+01 6.2300000000e+00 1.5873007582e+00
   endloop
 endfacet
 facet normal  -0.0000000000e+00 1.0000000000e+00 0.0000000000e+00
   outer loop
     vertex 3.5698745192e+01 6.2300000000e+00 1.5624672448e+00
     vertex 3.5552048223e+01 6.2300000000e+00 1.5773643537e+00
     vertex 3.5697829467e+01 6.2300000000e+00 1.5873007582e+00
   endloop
 endfacet
 facet normal  0.0000000000e+00 1.0000000000e+00 -0.0000000000e+00
   outer loop
     vertex 3.5698745192e+01 6.2300000000e+00 1.5624672448e+00
     vertex 3.5553131896e+01 6.2300000000e+00 1.5479762485e+00
     vertex 3.5552048223e+01 6.2300000000e+00 1.5773643537e+00
   endloop
 endfacet
 facet normal  0.0000000000e+00 1.0000000000e+00 0.0000000000e+00
   outer loop
     vertex 3.5553131896e+01 6.2300000000e+00 1.5479762485e+00
     vertex 3.5407242700e+01 6.2300000000e+00 1.5366152452e+00
     vertex 3.5552048223e+01 6.2300000000e+00 1.5773643537e+00
   endloop
 endfacet
 facet normal  0.0000000000e+00 1.0000000000e+00 -0.0000000000e+00
   outer loop
     vertex 3.5552048223e+01 6.2300000000e+00 1.5773643537e+00
     vertex 3.5407242700e+01 6.2300000000e+00 1.5366152452e+00
     vertex 3.5406048895e+01 6.2300000000e+00 1.5689899908e+00
   endloop
 endfacet
 facet normal  0.0000000000e+00 1.0000000000e+00 0.0000000000e+00
   outer loop
     vertex 3.5407242700e+01 6.2300000000e+00 1.5366152452e+00
     vertex 3.5272459299e+01 6.2300000000e+00 1.5300919890e+00
     vertex 3.5406048895e+01 6.2300000000e+00 1.5689899908e+00
   endloop
 endfacet
 facet normal  0.0000000000e+00 1.0000000000e+00 -0.0000000000e+00
   outer loop
     vertex 3.5406048895e+01 6.2300000000e+00 1.5689899908e+00
     vertex 3.5272459299e+01 6.2300000000e+00 1.5300919890e+00
     vertex 3.5271236897e+01 6.2300000000e+00 1.5632422687e+00
   endloop
 endfacet
 facet normal  0.0000000000e+00 1.0000000000e+00 0.0000000000e+00
   outer loop
     vertex 3.5272459299e+01 6.2300000000e+00 1.5300919890e+00
     vertex 3.5157011947e+01 6.2300000000e+00 1.5289550707e+00
     vertex 3.5271236897e+01 6.2300000000e+00 1.5632422687e+00
   endloop
 endfacet
 facet normal  0.0000000000e+00 1.0000000000e+00 -0.0000000000e+00
   outer loop
     vertex 3.5271236897e+01 6.2300000000e+00 1.5632422687e+00
     vertex 3.5157011947e+01 6.2300000000e+00 1.5289550707e+00
     vertex 3.5155846994e+01 6.2300000000e+00 1.5605473926e+00
   endloop
 endfacet
 facet normal  -0.0000000000e+00 1.0000000000e+00 0.0000000000e+00
   outer loop
     vertex 3.5157011947e+01 6.2300000000e+00 1.5289550707e+00
     vertex 3.5064473407e+01 6.2300000000e+00 1.5326146375e+00
     vertex 3.5155846994e+01 6.2300000000e+00 1.5605473926e+00
   endloop
 endfacet
 facet normal  0.0000000000e+00 1.0000000000e+00 -0.0000000000e+00
   outer loop
     vertex 3.5155846994e+01 6.2300000000e+00 1.5605473926e+00
     vertex 3.5064473407e+01 6.2300000000e+00 1.5326146375e+00
     vertex 3.5063438664e+01 6.2300000000e+00 1.5606758184e+00
   endloop
 endfacet
 facet normal  -0.0000000000e+00 1.0000000000e+00 0.0000000000e+00
   outer loop
     vertex 3.5064473407e+01 6.2300000000e+00 1.5326146375e+00
     vertex 3.4994338211e+01 6.2300000000e+00 1.5399511792e+00
     vertex 3.5063438664e+01 6.2300000000e+00 1.5606758184e+00
   endloop
 endfacet
 facet normal  0.0000000000e+00 1.0000000000e+00 -0.0000000000e+00
   outer loop
     vertex 3.5063438664e+01 6.2300000000e+00 1.5606758184e+00
     vertex 3.4994338211e+01 6.2300000000e+00 1.5399511792e+00
     vertex 3.4993486167e+01 6.2300000000e+00 1.5630577239e+00
   endloop
 endfacet
 facet normal  -0.0000000000e+00 1.0000000000e+00 0.0000000000e+00
   outer loop
     vertex 3.4994338211e+01 6.2300000000e+00 1.5399511792e+00
     vertex 3.4943763451e+01 6.2300000000e+00 1.5501070161e+00
     vertex 3.4993486167e+01 6.2300000000e+00 1.5630577239e+00
   endloop
 endfacet
 facet normal  0.0000000000e+00 1.0000000000e+00 -0.0000000000e+00
   outer loop
     vertex 3.4993486167e+01 6.2300000000e+00 1.5630577239e+00
     vertex 3.4943763451e+01 6.2300000000e+00 1.5501070161e+00
     vertex 3.4943132736e+01 6.2300000000e+00 1.5672113427e+00
   endloop
 endfacet
 facet normal  -0.0000000000e+00 1.0000000000e+00 0.0000000000e+00
   outer loop
     vertex 3.4943763451e+01 6.2300000000e+00 1.5501070161e+00
     vertex 3.4909676733e+01 6.2300000000e+00 1.5633716457e+00
     vertex 3.4943132736e+01 6.2300000000e+00 1.5672113427e+00
   endloop
 endfacet
 facet normal  0.0000000000e+00 1.0000000000e+00 -0.0000000000e+00
   outer loop
     vertex 3.4943132736e+01 6.2300000000e+00 1.5672113427e+00
     vertex 3.4909676733e+01 6.2300000000e+00 1.5633716457e+00
     vertex 3.4909313393e+01 6.2300000000e+00 1.5732250504e+00
   endloop
 endfacet
 facet normal  0.0000000000e+00 1.0000000000e+00 0.0000000000e+00
   outer loop
     vertex 3.4909676733e+01 6.2300000000e+00 1.5633716457e+00
     vertex 3.4894449261e+01 6.2300000000e+00 1.5825437447e+00
     vertex 3.4909313393e+01 6.2300000000e+00 1.5732250504e+00
   endloop
 endfacet
 facet normal  0.0000000000e+00 1.0000000000e+00 0.0000000000e+00
   outer loop
     vertex 3.4894449261e+01 6.2300000000e+00 1.5825437447e+00
     vertex 3.4908223373e+01 6.2300000000e+00 1.6027852644e+00
     vertex 3.4908586713e+01 6.2300000000e+00 1.5929318597e+00
   endloop
 endfacet
 facet normal  0.0000000000e+00 1.0000000000e+00 0.0000000000e+00
   outer loop
     vertex 3.4908223373e+01 6.2300000000e+00 1.6027852644e+00
     vertex 3.4941871307e+01 6.2300000000e+00 1.6014199958e+00
     vertex 3.4908586713e+01 6.2300000000e+00 1.5929318597e+00
   endloop
 endfacet
 facet normal  0.0000000000e+00 1.0000000000e+00 0.0000000000e+00
   outer loop
     vertex 3.4908223373e+01 6.2300000000e+00 1.6027852644e+00
     vertex 3.4941240593e+01 6.2300000000e+00 1.6185243224e+00
     vertex 3.4941871307e+01 6.2300000000e+00 1.6014199958e+00
   endloop
 endfacet
 facet normal  0.0000000000e+00 1.0000000000e+00 0.0000000000e+00
   outer loop
     vertex 3.4941240593e+01 6.2300000000e+00 1.6185243224e+00
     vertex 3.4991782079e+01 6.2300000000e+00 1.6092708132e+00
     vertex 3.4941871307e+01 6.2300000000e+00 1.6014199958e+00
   endloop
 endfacet
 facet normal  0.0000000000e+00 1.0000000000e+00 0.0000000000e+00
   outer loop
     vertex 3.4941240593e+01 6.2300000000e+00 1.6185243224e+00
     vertex 3.4990930036e+01 6.2300000000e+00 1.6323773579e+00
     vertex 3.4991782079e+01 6.2300000000e+00 1.6092708132e+00
   endloop
 endfacet
 facet normal  0.0000000000e+00 1.0000000000e+00 0.0000000000e+00
   outer loop
     vertex 3.4990930036e+01 6.2300000000e+00 1.6323773579e+00
     vertex 3.5061369176e+01 6.2300000000e+00 1.6167981802e+00
     vertex 3.4991782079e+01 6.2300000000e+00 1.6092708132e+00
   endloop
 endfacet
 facet normal  0.0000000000e+00 1.0000000000e+00 0.0000000000e+00
   outer loop
     vertex 3.4990930036e+01 6.2300000000e+00 1.6323773579e+00
     vertex 3.5060334432e+01 6.2300000000e+00 1.6448593611e+00
     vertex 3.5061369176e+01 6.2300000000e+00 1.6167981802e+00
   endloop
 endfacet
 facet normal  0.0000000000e+00 1.0000000000e+00 0.0000000000e+00
   outer loop
     vertex 3.5060334432e+01 6.2300000000e+00 1.6448593611e+00
     vertex 3.5153517088e+01 6.2300000000e+00 1.6237320366e+00
     vertex 3.5061369176e+01 6.2300000000e+00 1.6167981802e+00
   endloop
 endfacet
 facet normal  0.0000000000e+00 1.0000000000e+00 0.0000000000e+00
   outer loop
     vertex 3.5060334432e+01 6.2300000000e+00 1.6448593611e+00
     vertex 3.5152352135e+01 6.2300000000e+00 1.6553243586e+00
     vertex 3.5153517088e+01 6.2300000000e+00 1.6237320366e+00
   endloop
 endfacet
 facet normal  7.6905705534e-15 1.0000000000e+00 2.8358642617e-16
   outer loop
     vertex 3.5152352135e+01 6.2300000000e+00 1.6553243586e+00
     vertex 3.5268792092e+01 6.2300000000e+00 1.6295428282e+00
     vertex 3.5153517088e+01 6.2300000000e+00 1.6237320366e+00
   endloop
 endfacet
 facet normal  7.6905705534e-15 1.0000000000e+00 2.8358642617e-16
   outer loop
     vertex 3.5152352135e+01 6.2300000000e+00 1.6553243586e+00
     vertex 3.5267569690e+01 6.2300000000e+00 1.6626931079e+00
     vertex 3.5268792092e+01 6.2300000000e+00 1.6295428282e+00
   endloop
 endfacet
 facet normal  -6.5779327683e-15 1.0000000000e+00 -2.4255839439e-16
   outer loop
     vertex 3.5267569690e+01 6.2300000000e+00 1.6626931079e+00
     vertex 3.5403661286e+01 6.2300000000e+00 1.6337394821e+00
     vertex 3.5268792092e+01 6.2300000000e+00 1.6295428282e+00
   endloop
 endfacet
 facet normal  -6.5779327683e-15 1.0000000000e+00 -2.4255839438e-16
   outer loop
     vertex 3.5267569690e+01 6.2300000000e+00 1.6626931079e+00
     vertex 3.5402467481e+01 6.2300000000e+00 1.6661142277e+00
     vertex 3.5403661286e+01 6.2300000000e+00 1.6337394821e+00
   endloop
 endfacet
 facet normal  0.0000000000e+00 1.0000000000e+00 0.0000000000e+00
   outer loop
     vertex 3.5402467481e+01 6.2300000000e+00 1.6661142277e+00
     vertex 3.5549880875e+01 6.2300000000e+00 1.6361405640e+00
     vertex 3.5403661286e+01 6.2300000000e+00 1.6337394821e+00
   endloop
 endfacet
 facet normal  0.0000000000e+00 1.0000000000e+00 0.0000000000e+00
   outer loop
     vertex 3.5402467481e+01 6.2300000000e+00 1.6661142277e+00
     vertex 3.5548797202e+01 6.2300000000e+00 1.6655286692e+00
     vertex 3.5549880875e+01 6.2300000000e+00 1.6361405640e+00
   endloop
 endfacet
 facet normal  0.0000000000e+00 1.0000000000e+00 0.0000000000e+00
   outer loop
     vertex 3.5548797202e+01 6.2300000000e+00 1.6655286692e+00
     vertex 3.5695082293e+01 6.2300000000e+00 1.6618012983e+00
     vertex 3.5549880875e+01 6.2300000000e+00 1.6361405640e+00
   endloop
 endfacet
 facet normal  0.0000000000e+00 1.0000000000e+00 0.0000000000e+00
   outer loop
     vertex 3.5549880875e+01 6.2300000000e+00 1.6361405640e+00
     vertex 3.5695082293e+01 6.2300000000e+00 1.6618012983e+00
     vertex 3.5695998018e+01 6.2300000000e+00 1.6369677849e+00
   endloop
 endfacet
 facet normal  0.0000000000e+00 1.0000000000e+00 0.0000000000e+00
   outer loop
     vertex 3.5695082293e+01 6.2300000000e+00 1.6618012983e+00
     vertex 3.5829916058e+01 6.2300000000e+00 1.6562893271e+00
     vertex 3.5695998018e+01 6.2300000000e+00 1.6369677849e+00
   endloop
 endfacet
 facet normal  0.0000000000e+00 1.0000000000e+00 0.0000000000e+00
   outer loop
     vertex 3.5695998018e+01 6.2300000000e+00 1.6369677849e+00
     vertex 3.5829916058e+01 6.2300000000e+00 1.6562893271e+00
     vertex 3.5830638751e+01 6.2300000000e+00 1.6366906494e+00
   endloop
 endfacet
 facet normal  0.0000000000e+00 1.0000000000e+00 0.0000000000e+00
   outer loop
     vertex 3.5829916058e+01 6.2300000000e+00 1.6562893271e+00
     vertex 3.5945220777e+01 6.2300000000e+00 1.6502816864e+00
     vertex 3.5830638751e+01 6.2300000000e+00 1.6366906494e+00
   endloop
 endfacet
 facet normal  0.0000000000e+00 1.0000000000e+00 0.0000000000e+00
   outer loop
     vertex 3.5830638751e+01 6.2300000000e+00 1.6366906494e+00
     vertex 3.5945220777e+01 6.2300000000e+00 1.6502816864e+00
     vertex 3.5945754570e+01 6.2300000000e+00 1.6358057690e+00
   endloop
 endfacet
 facet normal  0.0000000000e+00 1.0000000000e+00 0.0000000000e+00
   outer loop
     vertex 3.5945220777e+01 6.2300000000e+00 1.6502816864e+00
     vertex 3.6037673723e+01 6.2300000000e+00 1.6446824739e+00
     vertex 3.5945754570e+01 6.2300000000e+00 1.6358057690e+00
   endloop
 endfacet
 facet normal  0.0000000000e+00 1.0000000000e+00 0.0000000000e+00
   outer loop
     vertex 3.5945754570e+01 6.2300000000e+00 1.6358057690e+00
     vertex 3.6037673723e+01 6.2300000000e+00 1.6446824739e+00
     vertex 3.6038041652e+01 6.2300000000e+00 1.6347046276e+00
   endloop
 endfacet
 facet normal  0.0000000000e+00 1.0000000000e+00 0.0000000000e+00
   outer loop
     vertex 3.6037673723e+01 6.2300000000e+00 1.6446824739e+00
     vertex 3.6108049654e+01 6.2300000000e+00 1.6399628733e+00
     vertex 3.6038041652e+01 6.2300000000e+00 1.6347046276e+00
   endloop
 endfacet
 facet normal  0.0000000000e+00 1.0000000000e+00 0.0000000000e+00
   outer loop
     vertex 3.6038041652e+01 6.2300000000e+00 1.6347046276e+00
     vertex 3.6108049654e+01 6.2300000000e+00 1.6399628733e+00
     vertex 3.6108282903e+01 6.2300000000e+00 1.6336374019e+00
   endloop
 endfacet
 facet normal  0.0000000000e+00 1.0000000000e+00 0.0000000000e+00
   outer loop
     vertex 3.6108049654e+01 6.2300000000e+00 1.6399628733e+00
     vertex 3.6159530025e+01 6.2300000000e+00 1.6362526849e+00
     vertex 3.6108282903e+01 6.2300000000e+00 1.6336374019e+00
   endloop
 endfacet
 facet normal  0.0000000000e+00 1.0000000000e+00 0.0000000000e+00
   outer loop
     vertex 3.6108282903e+01 6.2300000000e+00 1.6336374019e+00
     vertex 3.6159530025e+01 6.2300000000e+00 1.6362526849e+00
     vertex 3.6159660009e+01 6.2300000000e+00 1.6327276579e+00
   endloop
 endfacet
 facet normal  0.0000000000e+00 1.0000000000e+00 0.0000000000e+00
   outer loop
     vertex 3.6159530025e+01 6.2300000000e+00 1.6362526849e+00
     vertex 3.6196102304e+01 6.2300000000e+00 1.6334790985e+00
     vertex 3.6159660009e+01 6.2300000000e+00 1.6327276579e+00
   endloop
 endfacet
 facet normal  0.0000000000e+00 1.0000000000e+00 0.0000000000e+00
   outer loop
     vertex 3.6159660009e+01 6.2300000000e+00 1.6327276579e+00
     vertex 3.6196102304e+01 6.2300000000e+00 1.6334790985e+00
     vertex 3.6196156390e+01 6.2300000000e+00 1.6320123594e+00
   endloop
 endfacet
 facet normal  0.0000000000e+00 1.0000000000e+00 0.0000000000e+00
   outer loop
     vertex 3.6196102304e+01 6.2300000000e+00 1.6334790985e+00
     vertex 3.6221547318e+01 6.2300000000e+00 1.6314799052e+00
     vertex 3.6196156390e+01 6.2300000000e+00 1.6320123594e+00
   endloop
 endfacet
 facet normal  0.0000000000e+00 1.0000000000e+00 -0.0000000000e+00
   outer loop
     vertex 3.6221547318e+01 6.2300000000e+00 1.6314799052e+00
     vertex 3.6196264560e+01 6.2300000000e+00 1.6290788811e+00
     vertex 3.6196210475e+01 6.2300000000e+00 1.6305456202e+00
   endloop
 endfacet
 facet normal  -0.0000000000e+00 1.0000000000e+00 0.0000000000e+00
   outer loop
     vertex 3.6196264560e+01 6.2300000000e+00 1.6290788811e+00
     vertex 3.6159789992e+01 6.2300000000e+00 1.6292026308e+00
     vertex 3.6196210475e+01 6.2300000000e+00 1.6305456202e+00
   endloop
 endfacet
 facet normal  0.0000000000e+00 1.0000000000e+00 -0.0000000000e+00
   outer loop
     vertex 3.6196264560e+01 6.2300000000e+00 1.6290788811e+00
     vertex 3.6159919976e+01 6.2300000000e+00 1.6256776038e+00
     vertex 3.6159789992e+01 6.2300000000e+00 1.6292026308e+00
   endloop
 endfacet
 facet normal  -0.0000000000e+00 1.0000000000e+00 0.0000000000e+00
   outer loop
     vertex 3.6159919976e+01 6.2300000000e+00 1.6256776038e+00
     vertex 3.6108516152e+01 6.2300000000e+00 1.6273119304e+00
     vertex 3.6159789992e+01 6.2300000000e+00 1.6292026308e+00
   endloop
 endfacet
 facet normal  0.0000000000e+00 1.0000000000e+00 -0.0000000000e+00
   outer loop
     vertex 3.6159919976e+01 6.2300000000e+00 1.6256776038e+00
     vertex 3.6108749401e+01 6.2300000000e+00 1.6209864589e+00
     vertex 3.6108516152e+01 6.2300000000e+00 1.6273119304e+00
   endloop
 endfacet
 facet normal  -0.0000000000e+00 1.0000000000e+00 0.0000000000e+00
   outer loop
     vertex 3.6108749401e+01 6.2300000000e+00 1.6209864589e+00
     vertex 3.6038409581e+01 6.2300000000e+00 1.6247267812e+00
     vertex 3.6108516152e+01 6.2300000000e+00 1.6273119304e+00
   endloop
 endfacet
 facet normal  0.0000000000e+00 1.0000000000e+00 -0.0000000000e+00
   outer loop
     vertex 3.6108749401e+01 6.2300000000e+00 1.6209864589e+00
     vertex 3.6038777509e+01 6.2300000000e+00 1.6147489349e+00
     vertex 3.6038409581e+01 6.2300000000e+00 1.6247267812e+00
   endloop
 endfacet
 facet normal  -0.0000000000e+00 1.0000000000e+00 0.0000000000e+00
   outer loop
     vertex 3.6038777509e+01 6.2300000000e+00 1.6147489349e+00
     vertex 3.5946288364e+01 6.2300000000e+00 1.6213298516e+00
     vertex 3.6038409581e+01 6.2300000000e+00 1.6247267812e+00
   endloop
 endfacet
 facet normal  0.0000000000e+00 1.0000000000e+00 -0.0000000000e+00
   outer loop
     vertex 3.6038777509e+01 6.2300000000e+00 1.6147489349e+00
     vertex 3.5946822157e+01 6.2300000000e+00 1.6068539343e+00
     vertex 3.5946288364e+01 6.2300000000e+00 1.6213298516e+00
   endloop
 endfacet
 facet normal  -0.0000000000e+00 1.0000000000e+00 0.0000000000e+00
   outer loop
     vertex 3.5946822157e+01 6.2300000000e+00 1.6068539343e+00
     vertex 3.5831361444e+01 6.2300000000e+00 1.6170919717e+00
     vertex 3.5946288364e+01 6.2300000000e+00 1.6213298516e+00
   endloop
 endfacet
 facet normal  0.0000000000e+00 1.0000000000e+00 -0.0000000000e+00
   outer loop
     vertex 3.5946822157e+01 6.2300000000e+00 1.6068539343e+00
     vertex 3.5832084136e+01 6.2300000000e+00 1.5974932940e+00
     vertex 3.5831361444e+01 6.2300000000e+00 1.6170919717e+00
   endloop
 endfacet
 facet normal  -0.0000000000e+00 1.0000000000e+00 0.0000000000e+00
   outer loop
     vertex 3.5832084136e+01 6.2300000000e+00 1.5974932940e+00
     vertex 3.5696913742e+01 6.2300000000e+00 1.6121342715e+00
     vertex 3.5831361444e+01 6.2300000000e+00 1.6170919717e+00
   endloop
 endfacet
 facet normal  0.0000000000e+00 1.0000000000e+00 -0.0000000000e+00
   outer loop
     vertex 3.5832084136e+01 6.2300000000e+00 1.5974932940e+00
     vertex 3.5697829467e+01 6.2300000000e+00 1.5873007582e+00
     vertex 3.5696913742e+01 6.2300000000e+00 1.6121342715e+00
   endloop
 endfacet
 facet normal  -0.0000000000e+00 1.0000000000e+00 0.0000000000e+00
   outer loop
     vertex 3.5697829467e+01 6.2300000000e+00 1.5873007582e+00
     vertex 3.5550964549e+01 6.2300000000e+00 1.6067524589e+00
     vertex 3.5696913742e+01 6.2300000000e+00 1.6121342715e+00
   endloop
 endfacet
 facet normal  0.0000000000e+00 1.0000000000e+00 -0.0000000000e+00
   outer loop
     vertex 3.5697829467e+01 6.2300000000e+00 1.5873007582e+00
     vertex 3.5552048223e+01 6.2300000000e+00 1.5773643537e+00
     vertex 3.5550964549e+01 6.2300000000e+00 1.6067524589e+00
   endloop
 endfacet
 facet normal  0.0000000000e+00 1.0000000000e+00 0.0000000000e+00
   outer loop
     vertex 3.5552048223e+01 6.2300000000e+00 1.5773643537e+00
     vertex 3.5406048895e+01 6.2300000000e+00 1.5689899908e+00
     vertex 3.5550964549e+01 6.2300000000e+00 1.6067524589e+00
   endloop
 endfacet
 facet normal  0.0000000000e+00 1.0000000000e+00 -0.0000000000e+00
   outer loop
     vertex 3.5550964549e+01 6.2300000000e+00 1.6067524589e+00
     vertex 3.5406048895e+01 6.2300000000e+00 1.5689899908e+00
     vertex 3.5404855090e+01 6.2300000000e+00 1.6013647365e+00
   endloop
 endfacet
 facet normal  0.0000000000e+00 1.0000000000e+00 0.0000000000e+00
   outer loop
     vertex 3.5406048895e+01 6.2300000000e+00 1.5689899908e+00
     vertex 3.5271236897e+01 6.2300000000e+00 1.5632422687e+00
     vertex 3.5404855090e+01 6.2300000000e+00 1.6013647365e+00
   endloop
 endfacet
 facet normal  0.0000000000e+00 1.0000000000e+00 -0.0000000000e+00
   outer loop
     vertex 3.5404855090e+01 6.2300000000e+00 1.6013647365e+00
     vertex 3.5271236897e+01 6.2300000000e+00 1.5632422687e+00
     vertex 3.5270014495e+01 6.2300000000e+00 1.5963925484e+00
   endloop
 endfacet
 facet normal  0.0000000000e+00 1.0000000000e+00 0.0000000000e+00
   outer loop
     vertex 3.5271236897e+01 6.2300000000e+00 1.5632422687e+00
     vertex 3.5155846994e+01 6.2300000000e+00 1.5605473926e+00
     vertex 3.5270014495e+01 6.2300000000e+00 1.5963925484e+00
   endloop
 endfacet
 facet normal  0.0000000000e+00 1.0000000000e+00 -0.0000000000e+00
   outer loop
     vertex 3.5270014495e+01 6.2300000000e+00 1.5963925484e+00
     vertex 3.5155846994e+01 6.2300000000e+00 1.5605473926e+00
     vertex 3.5154682041e+01 6.2300000000e+00 1.5921397146e+00
   endloop
 endfacet
 facet normal  -0.0000000000e+00 1.0000000000e+00 0.0000000000e+00
   outer loop
     vertex 3.5155846994e+01 6.2300000000e+00 1.5605473926e+00
     vertex 3.5063438664e+01 6.2300000000e+00 1.5606758184e+00
     vertex 3.5154682041e+01 6.2300000000e+00 1.5921397146e+00
   endloop
 endfacet
 facet normal  0.0000000000e+00 1.0000000000e+00 -0.0000000000e+00
   outer loop
     vertex 3.5154682041e+01 6.2300000000e+00 1.5921397146e+00
     vertex 3.5063438664e+01 6.2300000000e+00 1.5606758184e+00
     vertex 3.5062403920e+01 6.2300000000e+00 1.5887369993e+00
   endloop
 endfacet
 facet normal  -0.0000000000e+00 1.0000000000e+00 0.0000000000e+00
   outer loop
     vertex 3.5063438664e+01 6.2300000000e+00 1.5606758184e+00
     vertex 3.4993486167e+01 6.2300000000e+00 1.5630577239e+00
     vertex 3.5062403920e+01 6.2300000000e+00 1.5887369993e+00
   endloop
 endfacet
 facet normal  0.0000000000e+00 1.0000000000e+00 -0.0000000000e+00
   outer loop
     vertex 3.5062403920e+01 6.2300000000e+00 1.5887369993e+00
     vertex 3.4993486167e+01 6.2300000000e+00 1.5630577239e+00
     vertex 3.4992634123e+01 6.2300000000e+00 1.5861642685e+00
   endloop
 endfacet
 facet normal  -0.0000000000e+00 1.0000000000e+00 0.0000000000e+00
   outer loop
     vertex 3.4993486167e+01 6.2300000000e+00 1.5630577239e+00
     vertex 3.4943132736e+01 6.2300000000e+00 1.5672113427e+00
     vertex 3.4992634123e+01 6.2300000000e+00 1.5861642685e+00
   endloop
 endfacet
 facet normal  0.0000000000e+00 1.0000000000e+00 -0.0000000000e+00
   outer loop
     vertex 3.4992634123e+01 6.2300000000e+00 1.5861642685e+00
     vertex 3.4943132736e+01 6.2300000000e+00 1.5672113427e+00
     vertex 3.4942502022e+01 6.2300000000e+00 1.5843156692e+00
   endloop
 endfacet
 facet normal  -0.0000000000e+00 1.0000000000e+00 0.0000000000e+00
   outer loop
     vertex 3.4943132736e+01 6.2300000000e+00 1.5672113427e+00
     vertex 3.4909313393e+01 6.2300000000e+00 1.5732250504e+00
     vertex 3.4942502022e+01 6.2300000000e+00 1.5843156692e+00
   endloop
 endfacet
 facet normal  0.0000000000e+00 1.0000000000e+00 -0.0000000000e+00
   outer loop
     vertex 3.4942502022e+01 6.2300000000e+00 1.5843156692e+00
     vertex 3.4909313393e+01 6.2300000000e+00 1.5732250504e+00
     vertex 3.4908950053e+01 6.2300000000e+00 1.5830784550e+00
   endloop
 endfacet
 facet normal  -0.0000000000e+00 1.0000000000e+00 0.0000000000e+00
   outer loop
     vertex 3.4909313393e+01 6.2300000000e+00 1.5732250504e+00
     vertex 3.4894449261e+01 6.2300000000e+00 1.5825437447e+00
     vertex 3.4908950053e+01 6.2300000000e+00 1.5830784550e+00
   endloop
 endfacet
 facet normal  0.0000000000e+00 1.0000000000e+00 0.0000000000e+00
   outer loop
     vertex 3.4894449261e+01 6.2300000000e+00 1.5825437447e+00
     vertex 3.4908586713e+01 6.2300000000e+00 1.5929318597e+00
     vertex 3.4908950053e+01 6.2300000000e+00 1.5830784550e+00
   endloop
 endfacet
 facet normal  0.0000000000e+00 1.0000000000e+00 0.0000000000e+00
   outer loop
     vertex 3.4908586713e+01 6.2300000000e+00 1.5929318597e+00
     vertex 3.4942502022e+01 6.2300000000e+00 1.5843156692e+00
     vertex 3.4908950053e+01 6.2300000000e+00 1.5830784550e+00
   endloop
 endfacet
 facet normal  0.0000000000e+00 1.0000000000e+00 0.0000000000e+00
   outer loop
     vertex 3.4908586713e+01 6.2300000000e+00 1.5929318597e+00
     vertex 3.4941871307e+01 6.2300000000e+00 1.6014199958e+00
     vertex 3.4942502022e+01 6.2300000000e+00 1.5843156692e+00
   endloop
 endfacet
 facet normal  0.0000000000e+00 1.0000000000e+00 0.0000000000e+00
   outer loop
     vertex 3.4941871307e+01 6.2300000000e+00 1.6014199958e+00
     vertex 3.4992634123e+01 6.2300000000e+00 1.5861642685e+00
     vertex 3.4942502022e+01 6.2300000000e+00 1.5843156692e+00
   endloop
 endfacet
 facet normal  0.0000000000e+00 1.0000000000e+00 0.0000000000e+00
   outer loop
     vertex 3.4941871307e+01 6.2300000000e+00 1.6014199958e+00
     vertex 3.4991782079e+01 6.2300000000e+00 1.6092708132e+00
     vertex 3.4992634123e+01 6.2300000000e+00 1.5861642685e+00
   endloop
 endfacet
 facet normal  0.0000000000e+00 1.0000000000e+00 0.0000000000e+00
   outer loop
     vertex 3.4991782079e+01 6.2300000000e+00 1.6092708132e+00
     vertex 3.5062403920e+01 6.2300000000e+00 1.5887369993e+00
     vertex 3.4992634123e+01 6.2300000000e+00 1.5861642685e+00
   endloop
 endfacet
 facet normal  0.0000000000e+00 1.0000000000e+00 0.0000000000e+00
   outer loop
     vertex 3.4991782079e+01 6.2300000000e+00 1.6092708132e+00
     vertex 3.5061369176e+01 6.2300000000e+00 1.6167981802e+00
     vertex 3.5062403920e+01 6.2300000000e+00 1.5887369993e+00
   endloop
 endfacet
 facet normal  0.0000000000e+00 1.0000000000e+00 0.0000000000e+00
   outer loop
     vertex 3.5061369176e+01 6.2300000000e+00 1.6167981802e+00
     vertex 3.5154682041e+01 6.2300000000e+00 1.5921397146e+00
     vertex 3.5062403920e+01 6.2300000000e+00 1.5887369993e+00
   endloop
 endfacet
 facet normal  0.0000000000e+00 1.0000000000e+00 0.0000000000e+00
   outer loop
     vertex 3.5061369176e+01 6.2300000000e+00 1.6167981802e+00
     vertex 3.5153517088e+01 6.2300000000e+00 1.6237320366e+00
     vertex 3.5154682041e+01 6.2300000000e+00 1.5921397146e+00
   endloop
 endfacet
 facet normal  7.6905705534e-15 1.0000000000e+00 2.8358642617e-16
   outer loop
     vertex 3.5153517088e+01 6.2300000000e+00 1.6237320366e+00
     vertex 3.5270014495e+01 6.2300000000e+00 1.5963925484e+00
     vertex 3.5154682041e+01 6.2300000000e+00 1.5921397146e+00
   endloop
 endfacet
 facet normal  7.6905705534e-15 1.0000000000e+00 2.8358642617e-16
   outer loop
     vertex 3.5153517088e+01 6.2300000000e+00 1.6237320366e+00
     vertex 3.5268792092e+01 6.2300000000e+00 1.6295428282e+00
     vertex 3.5270014495e+01 6.2300000000e+00 1.5963925484e+00
   endloop
 endfacet
 facet normal  -6.5779327683e-15 1.0000000000e+00 -2.4255839439e-16
   outer loop
     vertex 3.5268792092e+01 6.2300000000e+00 1.6295428282e+00
     vertex 3.5404855090e+01 6.2300000000e+00 1.6013647365e+00
     vertex 3.5270014495e+01 6.2300000000e+00 1.5963925484e+00
   endloop
 endfacet
 facet normal  -6.5779327683e-15 1.0000000000e+00 -2.4255839438e-16
   outer loop
     vertex 3.5268792092e+01 6.2300000000e+00 1.6295428282e+00
     vertex 3.5403661286e+01 6.2300000000e+00 1.6337394821e+00
     vertex 3.5404855090e+01 6.2300000000e+00 1.6013647365e+00
   endloop
 endfacet
 facet normal  0.0000000000e+00 1.0000000000e+00 0.0000000000e+00
   outer loop
     vertex 3.5403661286e+01 6.2300000000e+00 1.6337394821e+00
     vertex 3.5550964549e+01 6.2300000000e+00 1.6067524589e+00
     vertex 3.5404855090e+01 6.2300000000e+00 1.6013647365e+00
   endloop
 endfacet
 facet normal  0.0000000000e+00 1.0000000000e+00 0.0000000000e+00
   outer loop
     vertex 3.5403661286e+01 6.2300000000e+00 1.6337394821e+00
     vertex 3.5549880875e+01 6.2300000000e+00 1.6361405640e+00
     vertex 3.5550964549e+01 6.2300000000e+00 1.6067524589e+00
   endloop
 endfacet
 facet normal  0.0000000000e+00 1.0000000000e+00 0.0000000000e+00
   outer loop
     vertex 3.5549880875e+01 6.2300000000e+00 1.6361405640e+00
     vertex 3.5695998018e+01 6.2300000000e+00 1.6369677849e+00
     vertex 3.5550964549e+01 6.2300000000e+00 1.6067524589e+00
   endloop
 endfacet
 facet normal  0.0000000000e+00 1.0000000000e+00 0.0000000000e+00
   outer loop
     vertex 3.5550964549e+01 6.2300000000e+00 1.6067524589e+00
     vertex 3.5695998018e+01 6.2300000000e+00 1.6369677849e+00
     vertex 3.5696913742e+01 6.2300000000e+00 1.6121342715e+00
   endloop
 endfacet
 facet normal  0.0000000000e+00 1.0000000000e+00 0.0000000000e+00
   outer loop
     vertex 3.5695998018e+01 6.2300000000e+00 1.6369677849e+00
     vertex 3.5830638751e+01 6.2300000000e+00 1.6366906494e+00
     vertex 3.5696913742e+01 6.2300000000e+00 1.6121342715e+00
   endloop
 endfacet
 facet normal  0.0000000000e+00 1.0000000000e+00 0.0000000000e+00
   outer loop
     vertex 3.5696913742e+01 6.2300000000e+00 1.6121342715e+00
     vertex 3.5830638751e+01 6.2300000000e+00 1.6366906494e+00
     vertex 3.5831361444e+01 6.2300000000e+00 1.6170919717e+00
   endloop
 endfacet
 facet normal  0.0000000000e+00 1.0000000000e+00 0.0000000000e+00
   outer loop
     vertex 3.5830638751e+01 6.2300000000e+00 1.6366906494e+00
     vertex 3.5945754570e+01 6.2300000000e+00 1.6358057690e+00
     vertex 3.5831361444e+01 6.2300000000e+00 1.6170919717e+00
   endloop
 endfacet
 facet normal  0.0000000000e+00 1.0000000000e+00 0.0000000000e+00
   outer loop
     vertex 3.5831361444e+01 6.2300000000e+00 1.6170919717e+00
     vertex 3.5945754570e+01 6.2300000000e+00 1.6358057690e+00
     vertex 3.5946288364e+01 6.2300000000e+00 1.6213298516e+00
   endloop
 endfacet
 facet normal  0.0000000000e+00 1.0000000000e+00 0.0000000000e+00
   outer loop
     vertex 3.5945754570e+01 6.2300000000e+00 1.6358057690e+00
     vertex 3.6038041652e+01 6.2300000000e+00 1.6347046276e+00
     vertex 3.5946288364e+01 6.2300000000e+00 1.6213298516e+00
   endloop
 endfacet
 facet normal  0.0000000000e+00 1.0000000000e+00 0.0000000000e+00
   outer loop
     vertex 3.5946288364e+01 6.2300000000e+00 1.6213298516e+00
     vertex 3.6038041652e+01 6.2300000000e+00 1.6347046276e+00
     vertex 3.6038409581e+01 6.2300000000e+00 1.6247267812e+00
   endloop
 endfacet
 facet normal  0.0000000000e+00 1.0000000000e+00 0.0000000000e+00
   outer loop
     vertex 3.6038041652e+01 6.2300000000e+00 1.6347046276e+00
     vertex 3.6108282903e+01 6.2300000000e+00 1.6336374019e+00
     vertex 3.6038409581e+01 6.2300000000e+00 1.6247267812e+00
   endloop
 endfacet
 facet normal  0.0000000000e+00 1.0000000000e+00 0.0000000000e+00
   outer loop
     vertex 3.6038409581e+01 6.2300000000e+00 1.6247267812e+00
     vertex 3.6108282903e+01 6.2300000000e+00 1.6336374019e+00
     vertex 3.6108516152e+01 6.2300000000e+00 1.6273119304e+00
   endloop
 endfacet
 facet normal  0.0000000000e+00 1.0000000000e+00 0.0000000000e+00
   outer loop
     vertex 3.6108282903e+01 6.2300000000e+00 1.6336374019e+00
     vertex 3.6159660009e+01 6.2300000000e+00 1.6327276579e+00
     vertex 3.6108516152e+01 6.2300000000e+00 1.6273119304e+00
   endloop
 endfacet
 facet normal  0.0000000000e+00 1.0000000000e+00 0.0000000000e+00
   outer loop
     vertex 3.6108516152e+01 6.2300000000e+00 1.6273119304e+00
     vertex 3.6159660009e+01 6.2300000000e+00 1.6327276579e+00
     vertex 3.6159789992e+01 6.2300000000e+00 1.6292026308e+00
   endloop
 endfacet
 facet normal  0.0000000000e+00 1.0000000000e+00 0.0000000000e+00
   outer loop
     vertex 3.6159660009e+01 6.2300000000e+00 1.6327276579e+00
     vertex 3.6196156390e+01 6.2300000000e+00 1.6320123594e+00
     vertex 3.6159789992e+01 6.2300000000e+00 1.6292026308e+00
   endloop
 endfacet
 facet normal  0.0000000000e+00 1.0000000000e+00 0.0000000000e+00
   outer loop
     vertex 3.6159789992e+01 6.2300000000e+00 1.6292026308e+00
     vertex 3.6196156390e+01 6.2300000000e+00 1.6320123594e+00
     vertex 3.6196210475e+01 6.2300000000e+00 1.6305456202e+00
   endloop
 endfacet
 facet normal  0.0000000000e+00 1.0000000000e+00 0.0000000000e+00
   outer loop
     vertex 3.6196156390e+01 6.2300000000e+00 1.6320123594e+00
     vertex 3.6221547318e+01 6.2300000000e+00 1.6314799052e+00
     vertex 3.6196210475e+01 6.2300000000e+00 1.6305456202e+00
   endloop
 endfacet
 facet normal  1.5152225178e-01 1.4303677152e-02 -9.8835034883e-01
   outer loop
     vertex 3.5447181427e+01 0.0000000000e+00 1.6029255016e+00
     vertex 3.5602054605e+01 -1.2460000000e+00 1.6086363823e+00
     vertex 3.5368341828e+01 0.0000000000e+00 1.5908387414e+00
   endloop
 endfacet
 facet normal  1.5152225178e-01 1.4303677152e-02 -9.8835034883e-01
   outer loop
     vertex 3.5602054605e+01 -1.2460000000e+00 1.6086363823e+00
     vertex 3.5533937191e+01 -1.2460000000e+00 1.5981934215e+00
     vertex 3.5368341828e+01 0.0000000000e+00 1.5908387414e+00
   endloop
 endfacet
 facet normal  1.4883958560e-01 1.3944710705e-02 -9.8876302661e-01
   outer loop
     vertex 3.5368341828e+01 0.0000000000e+00 1.5908387414e+00
     vertex 3.5533937191e+01 -1.2460000000e+00 1.5981934215e+00
     vertex 3.5255002185e+01 0.0000000000e+00 1.5737776003e+00
   endloop
 endfacet
 facet normal  1.4883958560e-01 1.3944710705e-02 -9.8876302661e-01
   outer loop
     vertex 3.5533937191e+01 -1.2460000000e+00 1.5981934215e+00
     vertex 3.5436011740e+01 -1.2460000000e+00 1.5834525956e+00
     vertex 3.5255002185e+01 0.0000000000e+00 1.5737776003e+00
   endloop
 endfacet
 facet normal  1.4513372029e-01 1.3402015599e-02 -9.8932127704e-01
   outer loop
     vertex 3.5255002185e+01 0.0000000000e+00 1.5737776003e+00
     vertex 3.5436011740e+01 -1.2460000000e+00 1.5834525956e+00
     vertex 3.5095416840e+01 0.0000000000e+00 1.5503663837e+00
   endloop
 endfacet
 facet normal  1.4513372029e-01 1.3402015599e-02 -9.8932127704e-01
   outer loop
     vertex 3.5436011740e+01 -1.2460000000e+00 1.5834525956e+00
     vertex 3.5298130002e+01 -1.2460000000e+00 1.5632253045e+00
     vertex 3.5095416840e+01 0.0000000000e+00 1.5503663837e+00
   endloop
 endfacet
 facet normal  1.4020349991e-01 1.2592467944e-02 -9.9004262957e-01
   outer loop
     vertex 3.5095416840e+01 0.0000000000e+00 1.5503663837e+00
     vertex 3.5298130002e+01 -1.2460000000e+00 1.5632253045e+00
     vertex 3.4877175554e+01 0.0000000000e+00 1.5194604497e+00
   endloop
 endfacet
 facet normal  1.4020349991e-01 1.2592467944e-02 -9.9004262957e-01
   outer loop
     vertex 3.5298130002e+01 -1.2460000000e+00 1.5632253045e+00
     vertex 3.5109569531e+01 -1.2460000000e+00 1.5365225775e+00
     vertex 3.4877175554e+01 0.0000000000e+00 1.5194604497e+00
   endloop
 endfacet
 facet normal  1.3379351191e-01 1.1384587437e-02 -9.9094383662e-01
   outer loop
     vertex 3.4877175554e+01 0.0000000000e+00 1.5194604497e+00
     vertex 3.5109569531e+01 -1.2460000000e+00 1.5365225775e+00
     vertex 3.4590333403e+01 0.0000000000e+00 1.4807321007e+00
   endloop
 endfacet
 facet normal  1.3379351191e-01 1.1384587437e-02 -9.9094383662e-01
   outer loop
     vertex 3.5109569531e+01 -1.2460000000e+00 1.5365225775e+00
     vertex 3.4861737912e+01 -1.2460000000e+00 1.5030612839e+00
     vertex 3.4590333403e+01 0.0000000000e+00 1.4807321007e+00
   endloop
 endfacet
 facet normal  1.2543392177e-01 9.5437642065e-03 -9.9205607091e-01
   outer loop
     vertex 3.4590333403e+01 0.0000000000e+00 1.4807321007e+00
     vertex 3.4861737912e+01 -1.2460000000e+00 1.5030612839e+00
     vertex 3.4232367400e+01 0.0000000000e+00 1.4354714739e+00
   endloop
 endfacet
 facet normal  1.2543392177e-01 9.5437642065e-03 -9.9205607091e-01
   outer loop
     vertex 3.4861737912e+01 -1.2460000000e+00 1.5030612839e+00
     vertex 3.4552455286e+01 -1.2460000000e+00 1.4639561024e+00
     vertex 3.4232367400e+01 0.0000000000e+00 1.4354714739e+00
   endloop
 endfacet
 facet normal  1.1431969784e-01 6.6573853583e-03 -9.9342170598e-01
   outer loop
     vertex 3.4232367400e+01 0.0000000000e+00 1.4354714739e+00
     vertex 3.4552455286e+01 -1.2460000000e+00 1.4639561024e+00
     vertex 3.3813424786e+01 0.0000000000e+00 1.3872609377e+00
   endloop
 endfacet
 facet normal  1.1431969784e-01 6.6573853583e-03 -9.9342170598e-01
   outer loop
     vertex 3.4552455286e+01 -1.2460000000e+00 1.4639561024e+00
     vertex 3.4190488867e+01 -1.2460000000e+00 1.4223021991e+00
     vertex 3.3813424786e+01 0.0000000000e+00 1.3872609377e+00
   endloop
 endfacet
 facet normal  9.9027631198e-02 1.9829931664e-03 -9.9508270812e-01
   outer loop
     vertex 3.3813424786e+01 0.0000000000e+00 1.3872609377e+00
     vertex 3.4190488867e+01 -1.2460000000e+00 1.4223021991e+00
     vertex 3.3358383235e+01 0.0000000000e+00 1.3419765744e+00
   endloop
 endfacet
 facet normal  9.9027631198e-02 1.9829931664e-03 -9.9508270812e-01
   outer loop
     vertex 3.4190488867e+01 -1.2460000000e+00 1.4223021991e+00
     vertex 3.3797332967e+01 -1.2460000000e+00 1.3831765092e+00
     vertex 3.3358383235e+01 0.0000000000e+00 1.3419765744e+00
   endloop
 endfacet
 facet normal  7.7637906921e-02 -5.6145971467e-03 -9.9696581271e-01
   outer loop
     vertex 3.3358383235e+01 0.0000000000e+00 1.3419765744e+00
     vertex 3.3797332967e+01 -1.2460000000e+00 1.3831765092e+00
     vertex 3.3403432137e+01 -1.2460000000e+00 1.3525018004e+00
   endloop
 endfacet
 facet normal  7.7637906921e-02 -5.6145971467e-03 -9.9696581271e-01
   outer loop
     vertex 3.3358383235e+01 0.0000000000e+00 1.3419765744e+00
     vertex 3.3403432137e+01 -1.2460000000e+00 1.3525018004e+00
     vertex 3.2902479496e+01 0.0000000000e+00 1.3064734392e+00
   endloop
 endfacet
 facet normal  4.8334115739e-02 -1.7459419935e-02 -9.9867861793e-01
   outer loop
     vertex 3.2902479496e+01 0.0000000000e+00 1.3064734392e+00
     vertex 3.3403432137e+01 -1.2460000000e+00 1.3525018004e+00
     vertex 3.3039516954e+01 -1.2460000000e+00 1.3348890086e+00
   endloop
 endfacet
 facet normal  4.8334115739e-02 -1.7459419935e-02 -9.9867861793e-01
   outer loop
     vertex 3.2902479496e+01 0.0000000000e+00 1.3064734392e+00
     vertex 3.3039516954e+01 -1.2460000000e+00 1.3348890086e+00
     vertex 3.2481281368e+01 0.0000000000e+00 1.2860882635e+00
   endloop
 endfacet
 facet normal  9.8415194586e-03 -3.4731181355e-02 -9.9934823237e-01
   outer loop
     vertex 3.2481281368e+01 0.0000000000e+00 1.2860882635e+00
     vertex 3.3039516954e+01 -1.2460000000e+00 1.3348890086e+00
     vertex 3.2727809104e+01 -1.2460000000e+00 1.3318193290e+00
   endloop
 endfacet
 facet normal  9.8415194586e-03 -3.4731181355e-02 -9.9934823237e-01
   outer loop
     vertex 3.2481281368e+01 0.0000000000e+00 1.2860882635e+00
     vertex 3.2727809104e+01 -1.2460000000e+00 1.3318193290e+00
     vertex 3.2120508393e+01 0.0000000000e+00 1.2825353936e+00
   endloop
 endfacet
 facet normal  -3.9447425533e-02 -5.8681404851e-02 -9.9749706433e-01
   outer loop
     vertex 3.2120508393e+01 0.0000000000e+00 1.2825353936e+00
     vertex 3.2727809104e+01 -1.2460000000e+00 1.3318193290e+00
     vertex 3.2477955048e+01 -1.2460000000e+00 1.3417001594e+00
   endloop
 endfacet
 facet normal  -3.9447425533e-02 -5.8681404851e-02 -9.9749706433e-01
   outer loop
     vertex 3.2120508393e+01 0.0000000000e+00 1.2825353936e+00
     vertex 3.2477955048e+01 -1.2460000000e+00 1.3417001594e+00
     vertex 3.1831325458e+01 0.0000000000e+00 1.2939715399e+00
   endloop
 endfacet
 facet normal  -1.0359968258e-01 -9.1701621149e-02 -9.9038271312e-01
   outer loop
     vertex 3.1831325458e+01 0.0000000000e+00 1.2939715399e+00
     vertex 3.2477955048e+01 -1.2460000000e+00 1.3417001594e+00
     vertex 3.2288590016e+01 -1.2460000000e+00 1.3615088221e+00
   endloop
 endfacet
 facet normal  -1.0359968258e-01 -9.1701621149e-02 -9.9038271312e-01
   outer loop
     vertex 3.1831325458e+01 0.0000000000e+00 1.2939715399e+00
     vertex 3.2288590016e+01 -1.2460000000e+00 1.3615088221e+00
     vertex 3.1612152968e+01 0.0000000000e+00 1.3168982329e+00
   endloop
 endfacet
 facet normal  -1.9492318289e-01 -1.4057497596e-01 -9.7069234514e-01
   outer loop
     vertex 3.1612152968e+01 0.0000000000e+00 1.3168982329e+00
     vertex 3.2288590016e+01 -1.2460000000e+00 1.3615088221e+00
     vertex 3.2152038166e+01 -1.2460000000e+00 1.3889295816e+00
   endloop
 endfacet
 facet normal  -1.9492318289e-01 -1.4057497596e-01 -9.7069234514e-01
   outer loop
     vertex 3.1612152968e+01 0.0000000000e+00 1.3168982329e+00
     vertex 3.2152038166e+01 -1.2460000000e+00 1.3889295816e+00
     vertex 3.1454106844e+01 0.0000000000e+00 1.3486352230e+00
   endloop
 endfacet
 facet normal  -3.5317065732e-01 -2.2717364002e-01 -9.0755860642e-01
   outer loop
     vertex 3.1454106844e+01 0.0000000000e+00 1.3486352230e+00
     vertex 3.2152038166e+01 -1.2460000000e+00 1.3889295816e+00
     vertex 3.2060004026e+01 -1.2460000000e+00 1.4247440816e+00
   endloop
 endfacet
 facet normal  -3.5317065732e-01 -2.2717364002e-01 -9.0755860642e-01
   outer loop
     vertex 3.1454106844e+01 0.0000000000e+00 1.3486352230e+00
     vertex 3.2060004026e+01 -1.2460000000e+00 1.4247440816e+00
     vertex 3.1347585849e+01 0.0000000000e+00 1.3900871906e+00
   endloop
 endfacet
 facet normal  -7.1004166807e-01 -4.2166244462e-01 -5.6395178199e-01
   outer loop
     vertex 3.1347585849e+01 0.0000000000e+00 1.3900871906e+00
     vertex 3.2060004026e+01 -1.2460000000e+00 1.4247440816e+00
     vertex 3.2018889852e+01 -1.2460000000e+00 1.4765087489e+00
   endloop
 endfacet
 facet normal  -7.1004166807e-01 -4.2166244462e-01 -5.6395178199e-01
   outer loop
     vertex 3.1347585849e+01 0.0000000000e+00 1.3900871906e+00
     vertex 3.2018889852e+01 -1.2460000000e+00 1.4765087489e+00
     vertex 3.1300000000e+01 0.0000000000e+00 1.4500000000e+00
   endloop
 endfacet
 facet normal  -7.4964783024e-01 -4.2166244462e-01 5.1012637004e-01
   outer loop
     vertex 3.1300000000e+01 0.0000000000e+00 1.4500000000e+00
     vertex 3.2018889852e+01 -1.2460000000e+00 1.4765087489e+00
     vertex 3.1343044099e+01 0.0000000000e+00 1.5132547491e+00
   endloop
 endfacet
 facet normal  -7.4964783024e-01 -4.2166244462e-01 5.1012637004e-01
   outer loop
     vertex 3.2018889852e+01 -1.2460000000e+00 1.4765087489e+00
     vertex 3.2056079954e+01 -1.2460000000e+00 1.5311608522e+00
     vertex 3.1343044099e+01 0.0000000000e+00 1.5132547491e+00
   endloop
 endfacet
 facet normal  -4.1905229349e-01 -2.2717364002e-01 8.7908322279e-01
   outer loop
     vertex 3.1343044099e+01 0.0000000000e+00 1.5132547491e+00
     vertex 3.2056079954e+01 -1.2460000000e+00 1.5311608522e+00
     vertex 3.1446222912e+01 0.0000000000e+00 1.5624393054e+00
   endloop
 endfacet
 facet normal  -4.1905229349e-01 -2.2717364002e-01 8.7908322279e-01
   outer loop
     vertex 3.2056079954e+01 -1.2460000000e+00 1.5311608522e+00
     vertex 3.2145226448e+01 -1.2460000000e+00 1.5736563088e+00
     vertex 3.1446222912e+01 0.0000000000e+00 1.5624393054e+00
   endloop
 endfacet
 facet normal  -2.6588431906e-01 -1.4057497596e-01 9.5370027001e-01
   outer loop
     vertex 3.1446222912e+01 0.0000000000e+00 1.5624393054e+00
     vertex 3.2145226448e+01 -1.2460000000e+00 1.5736563088e+00
     vertex 3.1601502421e+01 0.0000000000e+00 1.6057300412e+00
   endloop
 endfacet
 facet normal  -2.6588431906e-01 -1.4057497596e-01 9.5370027001e-01
   outer loop
     vertex 3.2145226448e+01 -1.2460000000e+00 1.5736563088e+00
     vertex 3.2279387944e+01 -1.2460000000e+00 1.6110595046e+00
     vertex 3.1601502421e+01 0.0000000000e+00 1.6057300412e+00
   endloop
 endfacet
 facet normal  -1.7625900831e-01 -9.1701621149e-02 9.8006304627e-01
   outer loop
     vertex 3.1601502421e+01 0.0000000000e+00 1.6057300412e+00
     vertex 3.2279387944e+01 -1.2460000000e+00 1.6110595046e+00
     vertex 3.1818391160e+01 0.0000000000e+00 1.6447363014e+00
   endloop
 endfacet
 facet normal  -1.7625900831e-01 -9.1701621149e-02 9.8006304627e-01
   outer loop
     vertex 3.2279387944e+01 -1.2460000000e+00 1.6110595046e+00
     vertex 3.2466779815e+01 -1.2460000000e+00 1.6447609133e+00
     vertex 3.1818391160e+01 0.0000000000e+00 1.6447363014e+00
   endloop
 endfacet
 facet normal  -1.1280493902e-01 -5.8681404851e-02 9.9188282496e-01
   outer loop
     vertex 3.1818391160e+01 0.0000000000e+00 1.6447363014e+00
     vertex 3.2466779815e+01 -1.2460000000e+00 1.6447609133e+00
     vertex 3.2105946480e+01 0.0000000000e+00 1.6774394186e+00
   endloop
 endfacet
 facet normal  -1.1280493902e-01 -5.8681404851e-02 9.9188282496e-01
   outer loop
     vertex 3.2466779815e+01 -1.2460000000e+00 1.6447609133e+00
     vertex 3.2715227611e+01 -1.2460000000e+00 1.6730164066e+00
     vertex 3.2105946480e+01 0.0000000000e+00 1.6774394186e+00
   endloop
 endfacet
 facet normal  -6.3786188307e-02 -3.4731181355e-02 9.9735904629e-01
   outer loop
     vertex 3.2105946480e+01 0.0000000000e+00 1.6774394186e+00
     vertex 3.2715227611e+01 -1.2460000000e+00 1.6730164066e+00
     vertex 3.2466001342e+01 0.0000000000e+00 1.7004667600e+00
   endloop
 endfacet
 facet normal  -6.3786188307e-02 -3.4731181355e-02 9.9735904629e-01
   outer loop
     vertex 3.2715227611e+01 -1.2460000000e+00 1.6730164066e+00
     vertex 3.3026315012e+01 -1.2460000000e+00 1.6929120296e+00
     vertex 3.2466001342e+01 0.0000000000e+00 1.7004667600e+00
   endloop
 endfacet
 facet normal  -2.5348812798e-02 -1.7459419935e-02 9.9952619093e-01
   outer loop
     vertex 3.2466001342e+01 0.0000000000e+00 1.7004667600e+00
     vertex 3.3026315012e+01 -1.2460000000e+00 1.6929120296e+00
     vertex 3.2887556938e+01 0.0000000000e+00 1.7111577594e+00
   endloop
 endfacet
 facet normal  -2.5348812798e-02 -1.7459419935e-02 9.9952619093e-01
   outer loop
     vertex 3.3026315012e+01 -1.2460000000e+00 1.6929120296e+00
     vertex 3.3390539047e+01 -1.2460000000e+00 1.7021490530e+00
     vertex 3.2887556938e+01 0.0000000000e+00 1.7111577594e+00
   endloop
 endfacet
 facet normal  4.0015422709e-03 -5.6145971467e-03 9.9997623170e-01
   outer loop
     vertex 3.2887556938e+01 0.0000000000e+00 1.7111577594e+00
     vertex 3.3390539047e+01 -1.2460000000e+00 1.7021490530e+00
     vertex 3.3344837316e+01 0.0000000000e+00 1.7093278891e+00
   endloop
 endfacet
 facet normal  4.0015422709e-03 -5.6145971467e-03 9.9997623170e-01
   outer loop
     vertex 3.3390539047e+01 -1.2460000000e+00 1.7021490530e+00
     vertex 3.3785629293e+01 -1.2460000000e+00 1.7005680451e+00
     vertex 3.3344837316e+01 0.0000000000e+00 1.7093278891e+00
   endloop
 endfacet
 facet normal  2.5471865627e-02 1.9829931664e-03 9.9967357262e-01
   outer loop
     vertex 3.3344837316e+01 0.0000000000e+00 1.7093278891e+00
     vertex 3.3785629293e+01 -1.2460000000e+00 1.7005680451e+00
     vertex 3.4180599038e+01 -1.2460000000e+00 1.6905041437e+00
   endloop
 endfacet
 facet normal  2.5471865627e-02 1.9829931664e-03 9.9967357262e-01
   outer loop
     vertex 3.3344837316e+01 0.0000000000e+00 1.7093278891e+00
     vertex 3.4180599038e+01 -1.2460000000e+00 1.6905041437e+00
     vertex 3.3801978224e+01 0.0000000000e+00 1.6976798551e+00
   endloop
 endfacet
 facet normal  4.0844733593e-02 6.6573853583e-03 9.9914332653e-01
   outer loop
     vertex 3.3801978224e+01 0.0000000000e+00 1.6976798551e+00
     vertex 3.4180599038e+01 -1.2460000000e+00 1.6905041437e+00
     vertex 3.4544650205e+01 -1.2460000000e+00 1.6756218215e+00
   endloop
 endfacet
 facet normal  4.0844733593e-02 6.6573853583e-03 9.9914332653e-01
   outer loop
     vertex 3.3801978224e+01 0.0000000000e+00 1.6976798551e+00
     vertex 3.4544650205e+01 -1.2460000000e+00 1.6756218215e+00
     vertex 3.4223333742e+01 0.0000000000e+00 1.6804549451e+00
   endloop
 endfacet
 facet normal  5.2029351429e-02 9.5437642065e-03 9.9859995151e-01
   outer loop
     vertex 3.4223333742e+01 0.0000000000e+00 1.6804549451e+00
     vertex 3.4544650205e+01 -1.2460000000e+00 1.6756218215e+00
     vertex 3.4855972946e+01 -1.2460000000e+00 1.6594011915e+00
   endloop
 endfacet
 facet normal  5.2029351429e-02 9.5437642065e-03 9.9859995151e-01
   outer loop
     vertex 3.4223333742e+01 0.0000000000e+00 1.6804549451e+00
     vertex 3.4855972946e+01 -1.2460000000e+00 1.6594011915e+00
     vertex 3.4583660989e+01 0.0000000000e+00 1.6616810678e+00
   endloop
 endfacet
 facet normal  6.0448153741e-02 1.1384587437e-02 9.9810641310e-01
   outer loop
     vertex 3.4583660989e+01 0.0000000000e+00 1.6616810678e+00
     vertex 3.4855972946e+01 -1.2460000000e+00 1.6594011915e+00
     vertex 3.5105595900e+01 -1.2460000000e+00 1.6442833178e+00
   endloop
 endfacet
 facet normal  6.0448153741e-02 1.1384587437e-02 9.9810641310e-01
   outer loop
     vertex 3.4583660989e+01 0.0000000000e+00 1.6616810678e+00
     vertex 3.5105595900e+01 -1.2460000000e+00 1.6442833178e+00
     vertex 3.4872576445e+01 0.0000000000e+00 1.6441835288e+00
   endloop
 endfacet
 facet normal  6.6907106637e-02 1.2592467944e-02 9.9767974262e-01
   outer loop
     vertex 3.4872576445e+01 0.0000000000e+00 1.6441835288e+00
     vertex 3.5105595900e+01 -1.2460000000e+00 1.6442833178e+00
     vertex 3.5295610913e+01 -1.2460000000e+00 1.6315403962e+00
   endloop
 endfacet
 facet normal  6.6907106637e-02 1.2592467944e-02 9.9767974262e-01
   outer loop
     vertex 3.4872576445e+01 0.0000000000e+00 1.6441835288e+00
     vertex 3.5295610913e+01 -1.2460000000e+00 1.6315403962e+00
     vertex 3.5092501228e+01 0.0000000000e+00 1.6294347770e+00
   endloop
 endfacet
 facet normal  7.1877064539e-02 1.3402015599e-02 9.9732345484e-01
   outer loop
     vertex 3.5092501228e+01 0.0000000000e+00 1.6294347770e+00
     vertex 3.5295610913e+01 -1.2460000000e+00 1.6315403962e+00
     vertex 3.5434607914e+01 -1.2460000000e+00 1.6215228875e+00
   endloop
 endfacet
 facet normal  7.1877064539e-02 1.3402015599e-02 9.9732345484e-01
   outer loop
     vertex 3.5092501228e+01 0.0000000000e+00 1.6294347770e+00
     vertex 3.5434607914e+01 -1.2460000000e+00 1.6215228875e+00
     vertex 3.5253377387e+01 0.0000000000e+00 1.6178404381e+00
   endloop
 endfacet
 facet normal  7.5613980134e-02 1.3944710705e-02 9.9703965370e-01
   outer loop
     vertex 3.5253377387e+01 0.0000000000e+00 1.6178404381e+00
     vertex 3.5434607914e+01 -1.2460000000e+00 1.6215228875e+00
     vertex 3.5533353069e+01 -1.2460000000e+00 1.6140342042e+00
   endloop
 endfacet
 facet normal  7.5613980134e-02 1.3944710705e-02 9.9703965370e-01
   outer loop
     vertex 3.5253377387e+01 0.0000000000e+00 1.6178404381e+00
     vertex 3.5533353069e+01 -1.2460000000e+00 1.6140342042e+00
     vertex 3.5367665761e+01 0.0000000000e+00 1.6091729806e+00
   endloop
 endfacet
 facet normal  7.8319754095e-02 1.4303677152e-02 9.9682567229e-01
   outer loop
     vertex 3.5367665761e+01 0.0000000000e+00 1.6091729806e+00
     vertex 3.5533353069e+01 -1.2460000000e+00 1.6140342042e+00
     vertex 3.5602054605e+01 -1.2460000000e+00 1.6086363823e+00
   endloop
 endfacet
 facet normal  7.8319754095e-02 1.4303677152e-02 9.9682567229e-01
   outer loop
     vertex 3.5367665761e+01 0.0000000000e+00 1.6091729806e+00
     vertex 3.5602054605e+01 -1.2460000000e+00 1.6086363823e+00
     vertex 3.5447181427e+01 0.0000000000e+00 1.6029255016e+00
   endloop
 endfacet
 facet normal  1.5152225178e-01 1.4303677152e-02 -9.8835034883e-01
   outer loop
     vertex 3.5602054605e+01 -1.2460000000e+00 1.6086363823e+00
     vertex 3.5756927783e+01 -2.4920000000e+00 1.6143472631e+00
     vertex 3.5533937191e+01 -1.2460000000e+00 1.5981934215e+00
   endloop
 endfacet
 facet normal  1.5152225178e-01 1.4303677152e-02 -9.8835034883e-01
   outer loop
     vertex 3.5756927783e+01 -2.4920000000e+00 1.6143472631e+00
     vertex 3.5699532555e+01 -2.4920000000e+00 1.6055481016e+00
     vertex 3.5533937191e+01 -1.2460000000e+00 1.5981934215e+00
   endloop
 endfacet
 facet normal  1.4883958560e-01 1.3944710705e-02 -9.8876302661e-01
   outer loop
     vertex 3.5533937191e+01 -1.2460000000e+00 1.5981934215e+00
     vertex 3.5699532555e+01 -2.4920000000e+00 1.6055481016e+00
     vertex 3.5436011740e+01 -1.2460000000e+00 1.5834525956e+00
   endloop
 endfacet
 facet normal  1.4883958560e-01 1.3944710705e-02 -9.8876302661e-01
   outer loop
     vertex 3.5699532555e+01 -2.4920000000e+00 1.6055481016e+00
     vertex 3.5617021295e+01 -2.4920000000e+00 1.5931275909e+00
     vertex 3.5436011740e+01 -1.2460000000e+00 1.5834525956e+00
   endloop
 endfacet
 facet normal  1.4513372029e-01 1.3402015599e-02 -9.8932127704e-01
   outer loop
     vertex 3.5436011740e+01 -1.2460000000e+00 1.5834525956e+00
     vertex 3.5617021295e+01 -2.4920000000e+00 1.5931275909e+00
     vertex 3.5298130002e+01 -1.2460000000e+00 1.5632253045e+00
   endloop
 endfacet
 facet normal  1.4513372029e-01 1.3402015599e-02 -9.8932127704e-01
   outer loop
     vertex 3.5617021295e+01 -2.4920000000e+00 1.5931275909e+00
     vertex 3.5500843164e+01 -2.4920000000e+00 1.5760842252e+00
     vertex 3.5298130002e+01 -1.2460000000e+00 1.5632253045e+00
   endloop
 endfacet
 facet normal  1.4020349991e-01 1.2592467944e-02 -9.9004262957e-01
   outer loop
     vertex 3.5298130002e+01 -1.2460000000e+00 1.5632253045e+00
     vertex 3.5500843164e+01 -2.4920000000e+00 1.5760842252e+00
     vertex 3.5109569531e+01 -1.2460000000e+00 1.5365225775e+00
   endloop
 endfacet
 facet normal  1.4020349991e-01 1.2592467944e-02 -9.9004262957e-01
   outer loop
     vertex 3.5500843164e+01 -2.4920000000e+00 1.5760842252e+00
     vertex 3.5341963508e+01 -2.4920000000e+00 1.5535847052e+00
     vertex 3.5109569531e+01 -1.2460000000e+00 1.5365225775e+00
   endloop
 endfacet
 facet normal  1.3379351191e-01 1.1384587437e-02 -9.9094383662e-01
   outer loop
     vertex 3.5109569531e+01 -1.2460000000e+00 1.5365225775e+00
     vertex 3.5341963508e+01 -2.4920000000e+00 1.5535847052e+00
     vertex 3.4861737912e+01 -1.2460000000e+00 1.5030612839e+00
   endloop
 endfacet
 facet normal  1.3379351191e-01 1.1384587437e-02 -9.9094383662e-01
   outer loop
     vertex 3.5341963508e+01 -2.4920000000e+00 1.5535847052e+00
     vertex 3.5133142422e+01 -2.4920000000e+00 1.5253904672e+00
     vertex 3.4861737912e+01 -1.2460000000e+00 1.5030612839e+00
   endloop
 endfacet
 facet normal  1.2543392177e-01 9.5437642065e-03 -9.9205607091e-01
   outer loop
     vertex 3.4861737912e+01 -1.2460000000e+00 1.5030612839e+00
     vertex 3.5133142422e+01 -2.4920000000e+00 1.5253904672e+00
     vertex 3.4552455286e+01 -1.2460000000e+00 1.4639561024e+00
   endloop
 endfacet
 facet normal  1.2543392177e-01 9.5437642065e-03 -9.9205607091e-01
   outer loop
     vertex 3.5133142422e+01 -2.4920000000e+00 1.5253904672e+00
     vertex 3.4872543172e+01 -2.4920000000e+00 1.4924407309e+00
     vertex 3.4552455286e+01 -1.2460000000e+00 1.4639561024e+00
   endloop
 endfacet
 facet normal  1.1431969784e-01 6.6573853583e-03 -9.9342170598e-01
   outer loop
     vertex 3.4552455286e+01 -1.2460000000e+00 1.4639561024e+00
     vertex 3.4872543172e+01 -2.4920000000e+00 1.4924407309e+00
     vertex 3.4190488867e+01 -1.2460000000e+00 1.4223021991e+00
   endloop
 endfacet
 facet normal  1.1431969784e-01 6.6573853583e-03 -9.9342170598e-01
   outer loop
     vertex 3.4872543172e+01 -2.4920000000e+00 1.4924407309e+00
     vertex 3.4567552949e+01 -2.4920000000e+00 1.4573434606e+00
     vertex 3.4190488867e+01 -1.2460000000e+00 1.4223021991e+00
   endloop
 endfacet
 facet normal  9.9027631198e-02 1.9829931664e-03 -9.9508270812e-01
   outer loop
     vertex 3.4190488867e+01 -1.2460000000e+00 1.4223021991e+00
     vertex 3.4567552949e+01 -2.4920000000e+00 1.4573434606e+00
     vertex 3.3797332967e+01 -1.2460000000e+00 1.3831765092e+00
   endloop
 endfacet
 facet normal  9.9027631198e-02 1.9829931664e-03 -9.9508270812e-01
   outer loop
     vertex 3.4567552949e+01 -2.4920000000e+00 1.4573434606e+00
     vertex 3.4236282699e+01 -2.4920000000e+00 1.4243764441e+00
     vertex 3.3797332967e+01 -1.2460000000e+00 1.3831765092e+00
   endloop
 endfacet
 facet normal  7.7637906921e-02 -5.6145971467e-03 -9.9696581271e-01
   outer loop
     vertex 3.3797332967e+01 -1.2460000000e+00 1.3831765092e+00
     vertex 3.4236282699e+01 -2.4920000000e+00 1.4243764441e+00
     vertex 3.3904384777e+01 -2.4920000000e+00 1.3985301616e+00
   endloop
 endfacet
 facet normal  7.7637906921e-02 -5.6145971467e-03 -9.9696581271e-01
   outer loop
     vertex 3.3797332967e+01 -1.2460000000e+00 1.3831765092e+00
     vertex 3.3904384777e+01 -2.4920000000e+00 1.3985301616e+00
     vertex 3.3403432137e+01 -1.2460000000e+00 1.3525018004e+00
   endloop
 endfacet
 facet normal  4.8334115739e-02 -1.7459419935e-02 -9.9867861793e-01
   outer loop
     vertex 3.3403432137e+01 -1.2460000000e+00 1.3525018004e+00
     vertex 3.3904384777e+01 -2.4920000000e+00 1.3985301616e+00
     vertex 3.3597752540e+01 -2.4920000000e+00 1.3836897537e+00
   endloop
 endfacet
 facet normal  4.8334115739e-02 -1.7459419935e-02 -9.9867861793e-01
   outer loop
     vertex 3.3403432137e+01 -1.2460000000e+00 1.3525018004e+00
     vertex 3.3597752540e+01 -2.4920000000e+00 1.3836897537e+00
     vertex 3.3039516954e+01 -1.2460000000e+00 1.3348890086e+00
   endloop
 endfacet
 facet normal  9.8415194586e-03 -3.4731181355e-02 -9.9934823237e-01
   outer loop
     vertex 3.3039516954e+01 -1.2460000000e+00 1.3348890086e+00
     vertex 3.3597752540e+01 -2.4920000000e+00 1.3836897537e+00
     vertex 3.3335109815e+01 -2.4920000000e+00 1.3811032644e+00
   endloop
 endfacet
 facet normal  9.8415194586e-03 -3.4731181355e-02 -9.9934823237e-01
   outer loop
     vertex 3.3039516954e+01 -1.2460000000e+00 1.3348890086e+00
     vertex 3.3335109815e+01 -2.4920000000e+00 1.3811032644e+00
     vertex 3.2727809104e+01 -1.2460000000e+00 1.3318193290e+00
   endloop
 endfacet
 facet normal  -3.9447425533e-02 -5.8681404851e-02 -9.9749706433e-01
   outer loop
     vertex 3.2727809104e+01 -1.2460000000e+00 1.3318193290e+00
     vertex 3.3335109815e+01 -2.4920000000e+00 1.3811032644e+00
     vertex 3.3124584638e+01 -2.4920000000e+00 1.3894287789e+00
   endloop
 endfacet
 facet normal  -3.9447425533e-02 -5.8681404851e-02 -9.9749706433e-01
   outer loop
     vertex 3.2727809104e+01 -1.2460000000e+00 1.3318193290e+00
     vertex 3.3124584638e+01 -2.4920000000e+00 1.3894287789e+00
     vertex 3.2477955048e+01 -1.2460000000e+00 1.3417001594e+00
   endloop
 endfacet
 facet normal  -1.0359968258e-01 -9.1701621149e-02 -9.9038271312e-01
   outer loop
     vertex 3.2477955048e+01 -1.2460000000e+00 1.3417001594e+00
     vertex 3.3124584638e+01 -2.4920000000e+00 1.3894287789e+00
     vertex 3.2965027065e+01 -2.4920000000e+00 1.4061194114e+00
   endloop
 endfacet
 facet normal  -1.0359968258e-01 -9.1701621149e-02 -9.9038271312e-01
   outer loop
     vertex 3.2477955048e+01 -1.2460000000e+00 1.3417001594e+00
     vertex 3.2965027065e+01 -2.4920000000e+00 1.4061194114e+00
     vertex 3.2288590016e+01 -1.2460000000e+00 1.3615088221e+00
   endloop
 endfacet
 facet normal  -1.9492318289e-01 -1.4057497596e-01 -9.7069234514e-01
   outer loop
     vertex 3.2288590016e+01 -1.2460000000e+00 1.3615088221e+00
     vertex 3.2965027065e+01 -2.4920000000e+00 1.4061194114e+00
     vertex 3.2849969487e+01 -2.4920000000e+00 1.4292239402e+00
   endloop
 endfacet
 facet normal  -1.9492318289e-01 -1.4057497596e-01 -9.7069234514e-01
   outer loop
     vertex 3.2288590016e+01 -1.2460000000e+00 1.3615088221e+00
     vertex 3.2849969487e+01 -2.4920000000e+00 1.4292239402e+00
     vertex 3.2152038166e+01 -1.2460000000e+00 1.3889295816e+00
   endloop
 endfacet
 facet normal  -3.5317065732e-01 -2.2717364002e-01 -9.0755860642e-01
   outer loop
     vertex 3.2152038166e+01 -1.2460000000e+00 1.3889295816e+00
     vertex 3.2849969487e+01 -2.4920000000e+00 1.4292239402e+00
     vertex 3.2772422202e+01 -2.4920000000e+00 1.4594009726e+00
   endloop
 endfacet
 facet normal  -3.5317065732e-01 -2.2717364002e-01 -9.0755860642e-01
   outer loop
     vertex 3.2152038166e+01 -1.2460000000e+00 1.3889295816e+00
     vertex 3.2772422202e+01 -2.4920000000e+00 1.4594009726e+00
     vertex 3.2060004026e+01 -1.2460000000e+00 1.4247440816e+00
   endloop
 endfacet
 facet normal  -7.1004166807e-01 -4.2166244462e-01 -5.6395178199e-01
   outer loop
     vertex 3.2060004026e+01 -1.2460000000e+00 1.4247440816e+00
     vertex 3.2772422202e+01 -2.4920000000e+00 1.4594009726e+00
     vertex 3.2737779704e+01 -2.4920000000e+00 1.5030174979e+00
   endloop
 endfacet
 facet normal  -7.1004166807e-01 -4.2166244462e-01 -5.6395178199e-01
   outer loop
     vertex 3.2060004026e+01 -1.2460000000e+00 1.4247440816e+00
     vertex 3.2737779704e+01 -2.4920000000e+00 1.5030174979e+00
     vertex 3.2018889852e+01 -1.2460000000e+00 1.4765087489e+00
   endloop
 endfacet
 facet normal  -7.4964783024e-01 -4.2166244462e-01 5.1012637004e-01
   outer loop
     vertex 3.2018889852e+01 -1.2460000000e+00 1.4765087489e+00
     vertex 3.2737779704e+01 -2.4920000000e+00 1.5030174979e+00
     vertex 3.2056079954e+01 -1.2460000000e+00 1.5311608522e+00
   endloop
 endfacet
 facet normal  -7.4964783024e-01 -4.2166244462e-01 5.1012637004e-01
   outer loop
     vertex 3.2737779704e+01 -2.4920000000e+00 1.5030174979e+00
     vertex 3.2769115809e+01 -2.4920000000e+00 1.5490669552e+00
     vertex 3.2056079954e+01 -1.2460000000e+00 1.5311608522e+00
   endloop
 endfacet
 facet normal  -4.1905229349e-01 -2.2717364002e-01 8.7908322279e-01
   outer loop
     vertex 3.2056079954e+01 -1.2460000000e+00 1.5311608522e+00
     vertex 3.2769115809e+01 -2.4920000000e+00 1.5490669552e+00
     vertex 3.2145226448e+01 -1.2460000000e+00 1.5736563088e+00
   endloop
 endfacet
 facet normal  -4.1905229349e-01 -2.2717364002e-01 8.7908322279e-01
   outer loop
     vertex 3.2769115809e+01 -2.4920000000e+00 1.5490669552e+00
     vertex 3.2844229984e+01 -2.4920000000e+00 1.5848733122e+00
     vertex 3.2145226448e+01 -1.2460000000e+00 1.5736563088e+00
   endloop
 endfacet
 facet normal  -2.6588431906e-01 -1.4057497596e-01 9.5370027001e-01
   outer loop
     vertex 3.2145226448e+01 -1.2460000000e+00 1.5736563088e+00
     vertex 3.2844229984e+01 -2.4920000000e+00 1.5848733122e+00
     vertex 3.2279387944e+01 -1.2460000000e+00 1.6110595046e+00
   endloop
 endfacet
 facet normal  -2.6588431906e-01 -1.4057497596e-01 9.5370027001e-01
   outer loop
     vertex 3.2844229984e+01 -2.4920000000e+00 1.5848733122e+00
     vertex 3.2957273467e+01 -2.4920000000e+00 1.6163889679e+00
     vertex 3.2279387944e+01 -1.2460000000e+00 1.6110595046e+00
   endloop
 endfacet
 facet normal  -1.7625900831e-01 -9.1701621149e-02 9.8006304627e-01
   outer loop
     vertex 3.2279387944e+01 -1.2460000000e+00 1.6110595046e+00
     vertex 3.2957273467e+01 -2.4920000000e+00 1.6163889679e+00
     vertex 3.2466779815e+01 -1.2460000000e+00 1.6447609133e+00
   endloop
 endfacet
 facet normal  -1.7625900831e-01 -9.1701621149e-02 9.8006304627e-01
   outer loop
     vertex 3.2957273467e+01 -2.4920000000e+00 1.6163889679e+00
     vertex 3.3115168469e+01 -2.4920000000e+00 1.6447855253e+00
     vertex 3.2466779815e+01 -1.2460000000e+00 1.6447609133e+00
   endloop
 endfacet
 facet normal  -1.1280493902e-01 -5.8681404851e-02 9.9188282496e-01
   outer loop
     vertex 3.2466779815e+01 -1.2460000000e+00 1.6447609133e+00
     vertex 3.3115168469e+01 -2.4920000000e+00 1.6447855253e+00
     vertex 3.2715227611e+01 -1.2460000000e+00 1.6730164066e+00
   endloop
 endfacet
 facet normal  -1.1280493902e-01 -5.8681404851e-02 9.9188282496e-01
   outer loop
     vertex 3.3115168469e+01 -2.4920000000e+00 1.6447855253e+00
     vertex 3.3324508742e+01 -2.4920000000e+00 1.6685933946e+00
     vertex 3.2715227611e+01 -1.2460000000e+00 1.6730164066e+00
   endloop
 endfacet
 facet normal  -6.3786188307e-02 -3.4731181355e-02 9.9735904629e-01
   outer loop
     vertex 3.2715227611e+01 -1.2460000000e+00 1.6730164066e+00
     vertex 3.3324508742e+01 -2.4920000000e+00 1.6685933946e+00
     vertex 3.3026315012e+01 -1.2460000000e+00 1.6929120296e+00
   endloop
 endfacet
 facet normal  -6.3786188307e-02 -3.4731181355e-02 9.9735904629e-01
   outer loop
     vertex 3.3324508742e+01 -2.4920000000e+00 1.6685933946e+00
     vertex 3.3586628681e+01 -2.4920000000e+00 1.6853572991e+00
     vertex 3.3026315012e+01 -1.2460000000e+00 1.6929120296e+00
   endloop
 endfacet
 facet normal  -2.5348812798e-02 -1.7459419935e-02 9.9952619093e-01
   outer loop
     vertex 3.3026315012e+01 -1.2460000000e+00 1.6929120296e+00
     vertex 3.3586628681e+01 -2.4920000000e+00 1.6853572991e+00
     vertex 3.3390539047e+01 -1.2460000000e+00 1.7021490530e+00
   endloop
 endfacet
 facet normal  -2.5348812798e-02 -1.7459419935e-02 9.9952619093e-01
   outer loop
     vertex 3.3586628681e+01 -2.4920000000e+00 1.6853572991e+00
     vertex 3.3893521156e+01 -2.4920000000e+00 1.6931403467e+00
     vertex 3.3390539047e+01 -1.2460000000e+00 1.7021490530e+00
   endloop
 endfacet
 facet normal  4.0015422709e-03 -5.6145971467e-03 9.9997623170e-01
   outer loop
     vertex 3.3390539047e+01 -1.2460000000e+00 1.7021490530e+00
     vertex 3.3893521156e+01 -2.4920000000e+00 1.6931403467e+00
     vertex 3.3785629293e+01 -1.2460000000e+00 1.7005680451e+00
   endloop
 endfacet
 facet normal  4.0015422709e-03 -5.6145971467e-03 9.9997623170e-01
   outer loop
     vertex 3.3893521156e+01 -2.4920000000e+00 1.6931403467e+00
     vertex 3.4226421270e+01 -2.4920000000e+00 1.6918082011e+00
     vertex 3.3785629293e+01 -1.2460000000e+00 1.7005680451e+00
   endloop
 endfacet
 facet normal  2.5471865627e-02 1.9829931664e-03 9.9967357262e-01
   outer loop
     vertex 3.3785629293e+01 -1.2460000000e+00 1.7005680451e+00
     vertex 3.4226421270e+01 -2.4920000000e+00 1.6918082011e+00
     vertex 3.4559219851e+01 -2.4920000000e+00 1.6833284324e+00
   endloop
 endfacet
 facet normal  2.5471865627e-02 1.9829931664e-03 9.9967357262e-01
   outer loop
     vertex 3.3785629293e+01 -1.2460000000e+00 1.7005680451e+00
     vertex 3.4559219851e+01 -2.4920000000e+00 1.6833284324e+00
     vertex 3.4180599038e+01 -1.2460000000e+00 1.6905041437e+00
   endloop
 endfacet
 facet normal  4.0844733593e-02 6.6573853583e-03 9.9914332653e-01
   outer loop
     vertex 3.4180599038e+01 -1.2460000000e+00 1.6905041437e+00
     vertex 3.4559219851e+01 -2.4920000000e+00 1.6833284324e+00
     vertex 3.4865966668e+01 -2.4920000000e+00 1.6707886979e+00
   endloop
 endfacet
 facet normal  4.0844733593e-02 6.6573853583e-03 9.9914332653e-01
   outer loop
     vertex 3.4180599038e+01 -1.2460000000e+00 1.6905041437e+00
     vertex 3.4865966668e+01 -2.4920000000e+00 1.6707886979e+00
     vertex 3.4544650205e+01 -1.2460000000e+00 1.6756218215e+00
   endloop
 endfacet
 facet normal  5.2029351429e-02 9.5437642065e-03 9.9859995151e-01
   outer loop
     vertex 3.4544650205e+01 -1.2460000000e+00 1.6756218215e+00
     vertex 3.4865966668e+01 -2.4920000000e+00 1.6707886979e+00
     vertex 3.5128284904e+01 -2.4920000000e+00 1.6571213152e+00
   endloop
 endfacet
 facet normal  5.2029351429e-02 9.5437642065e-03 9.9859995151e-01
   outer loop
     vertex 3.4544650205e+01 -1.2460000000e+00 1.6756218215e+00
     vertex 3.5128284904e+01 -2.4920000000e+00 1.6571213152e+00
     vertex 3.4855972946e+01 -1.2460000000e+00 1.6594011915e+00
   endloop
 endfacet
 facet normal  6.0448153741e-02 1.1384587437e-02 9.9810641310e-01
   outer loop
     vertex 3.4855972946e+01 -1.2460000000e+00 1.6594011915e+00
     vertex 3.5128284904e+01 -2.4920000000e+00 1.6571213152e+00
     vertex 3.5338615356e+01 -2.4920000000e+00 1.6443831068e+00
   endloop
 endfacet
 facet normal  6.0448153741e-02 1.1384587437e-02 9.9810641310e-01
   outer loop
     vertex 3.4855972946e+01 -1.2460000000e+00 1.6594011915e+00
     vertex 3.5338615356e+01 -2.4920000000e+00 1.6443831068e+00
     vertex 3.5105595900e+01 -1.2460000000e+00 1.6442833178e+00
   endloop
 endfacet
 facet normal  6.6907106637e-02 1.2592467944e-02 9.9767974262e-01
   outer loop
     vertex 3.5105595900e+01 -1.2460000000e+00 1.6442833178e+00
     vertex 3.5338615356e+01 -2.4920000000e+00 1.6443831068e+00
     vertex 3.5498720598e+01 -2.4920000000e+00 1.6336460155e+00
   endloop
 endfacet
 facet normal  6.6907106637e-02 1.2592467944e-02 9.9767974262e-01
   outer loop
     vertex 3.5105595900e+01 -1.2460000000e+00 1.6442833178e+00
     vertex 3.5498720598e+01 -2.4920000000e+00 1.6336460155e+00
     vertex 3.5295610913e+01 -1.2460000000e+00 1.6315403962e+00
   endloop
 endfacet
 facet normal  7.1877064539e-02 1.3402015599e-02 9.9732345484e-01
   outer loop
     vertex 3.5295610913e+01 -1.2460000000e+00 1.6315403962e+00
     vertex 3.5498720598e+01 -2.4920000000e+00 1.6336460155e+00
     vertex 3.5615838442e+01 -2.4920000000e+00 1.6252053368e+00
   endloop
 endfacet
 facet normal  7.1877064539e-02 1.3402015599e-02 9.9732345484e-01
   outer loop
     vertex 3.5295610913e+01 -1.2460000000e+00 1.6315403962e+00
     vertex 3.5615838442e+01 -2.4920000000e+00 1.6252053368e+00
     vertex 3.5434607914e+01 -1.2460000000e+00 1.6215228875e+00
   endloop
 endfacet
 facet normal  7.5613980134e-02 1.3944710705e-02 9.9703965370e-01
   outer loop
     vertex 3.5434607914e+01 -1.2460000000e+00 1.6215228875e+00
     vertex 3.5615838442e+01 -2.4920000000e+00 1.6252053368e+00
     vertex 3.5699040378e+01 -2.4920000000e+00 1.6188954278e+00
   endloop
 endfacet
 facet normal  7.5613980134e-02 1.3944710705e-02 9.9703965370e-01
   outer loop
     vertex 3.5434607914e+01 -1.2460000000e+00 1.6215228875e+00
     vertex 3.5699040378e+01 -2.4920000000e+00 1.6188954278e+00
     vertex 3.5533353069e+01 -1.2460000000e+00 1.6140342042e+00
   endloop
 endfacet
 facet normal  7.8319754095e-02 1.4303677152e-02 9.9682567229e-01
   outer loop
     vertex 3.5533353069e+01 -1.2460000000e+00 1.6140342042e+00
     vertex 3.5699040378e+01 -2.4920000000e+00 1.6188954278e+00
     vertex 3.5756927783e+01 -2.4920000000e+00 1.6143472631e+00
   endloop
 endfacet
 facet normal  7.8319754095e-02 1.4303677152e-02 9.9682567229e-01
   outer loop
     vertex 3.5533353069e+01 -1.2460000000e+00 1.6140342042e+00
     vertex 3.5756927783e+01 -2.4920000000e+00 1.6143472631e+00
     vertex 3.5602054605e+01 -1.2460000000e+00 1.6086363823e+00
   endloop
 endfacet
 facet normal  1.5152225178e-01 1.4303677152e-02 -9.8835034883e-01
   outer loop
     vertex 3.5756927783e+01 -2.4920000000e+00 1.6143472631e+00
     vertex 3.5911800961e+01 -3.7380000000e+00 1.6200581438e+00
     vertex 3.5699532555e+01 -2.4920000000e+00 1.6055481016e+00
   endloop
 endfacet
 facet normal  1.5152225178e-01 1.4303677152e-02 -9.8835034883e-01
   outer loop
     vertex 3.5911800961e+01 -3.7380000000e+00 1.6200581438e+00
     vertex 3.5865127919e+01 -3.7380000000e+00 1.6129027817e+00
     vertex 3.5699532555e+01 -2.4920000000e+00 1.6055481016e+00
   endloop
 endfacet
 facet normal  1.4883958560e-01 1.3944710705e-02 -9.8876302661e-01
   outer loop
     vertex 3.5699532555e+01 -2.4920000000e+00 1.6055481016e+00
     vertex 3.5865127919e+01 -3.7380000000e+00 1.6129027817e+00
     vertex 3.5617021295e+01 -2.4920000000e+00 1.5931275909e+00
   endloop
 endfacet
 facet normal  1.4883958560e-01 1.3944710705e-02 -9.8876302661e-01
   outer loop
     vertex 3.5865127919e+01 -3.7380000000e+00 1.6129027817e+00
     vertex 3.5798030850e+01 -3.7380000000e+00 1.6028025862e+00
     vertex 3.5617021295e+01 -2.4920000000e+00 1.5931275909e+00
   endloop
 endfacet
 facet normal  1.4513372029e-01 1.3402015599e-02 -9.8932127704e-01
   outer loop
     vertex 3.5617021295e+01 -2.4920000000e+00 1.5931275909e+00
     vertex 3.5798030850e+01 -3.7380000000e+00 1.6028025862e+00
     vertex 3.5500843164e+01 -2.4920000000e+00 1.5760842252e+00
   endloop
 endfacet
 facet normal  1.4513372029e-01 1.3402015599e-02 -9.8932127704e-01
   outer loop
     vertex 3.5798030850e+01 -3.7380000000e+00 1.6028025862e+00
     vertex 3.5703556326e+01 -3.7380000000e+00 1.5889431460e+00
     vertex 3.5500843164e+01 -2.4920000000e+00 1.5760842252e+00
   endloop
 endfacet
 facet normal  1.4020349991e-01 1.2592467944e-02 -9.9004262957e-01
   outer loop
     vertex 3.5500843164e+01 -2.4920000000e+00 1.5760842252e+00
     vertex 3.5703556326e+01 -3.7380000000e+00 1.5889431460e+00
     vertex 3.5341963508e+01 -2.4920000000e+00 1.5535847052e+00
   endloop
 endfacet
 facet normal  1.4020349991e-01 1.2592467944e-02 -9.9004262957e-01
   outer loop
     vertex 3.5703556326e+01 -3.7380000000e+00 1.5889431460e+00
     vertex 3.5574357484e+01 -3.7380000000e+00 1.5706468330e+00
     vertex 3.5341963508e+01 -2.4920000000e+00 1.5535847052e+00
   endloop
 endfacet
 facet normal  1.3379351191e-01 1.1384587437e-02 -9.9094383662e-01
   outer loop
     vertex 3.5341963508e+01 -2.4920000000e+00 1.5535847052e+00
     vertex 3.5574357484e+01 -3.7380000000e+00 1.5706468330e+00
     vertex 3.5133142422e+01 -2.4920000000e+00 1.5253904672e+00
   endloop
 endfacet
 facet normal  1.3379351191e-01 1.1384587437e-02 -9.9094383662e-01
   outer loop
     vertex 3.5574357484e+01 -3.7380000000e+00 1.5706468330e+00
     vertex 3.5404546931e+01 -3.7380000000e+00 1.5477196504e+00
     vertex 3.5133142422e+01 -2.4920000000e+00 1.5253904672e+00
   endloop
 endfacet
 facet normal  1.2543392177e-01 9.5437642065e-03 -9.9205607091e-01
   outer loop
     vertex 3.5133142422e+01 -2.4920000000e+00 1.5253904672e+00
     vertex 3.5404546931e+01 -3.7380000000e+00 1.5477196504e+00
     vertex 3.4872543172e+01 -2.4920000000e+00 1.4924407309e+00
   endloop
 endfacet
 facet normal  1.2543392177e-01 9.5437642065e-03 -9.9205607091e-01
   outer loop
     vertex 3.5404546931e+01 -3.7380000000e+00 1.5477196504e+00
     vertex 3.5192631057e+01 -3.7380000000e+00 1.5209253594e+00
     vertex 3.4872543172e+01 -2.4920000000e+00 1.4924407309e+00
   endloop
 endfacet
 facet normal  1.1431969784e-01 6.6573853583e-03 -9.9342170598e-01
   outer loop
     vertex 3.4872543172e+01 -2.4920000000e+00 1.4924407309e+00
     vertex 3.5192631057e+01 -3.7380000000e+00 1.5209253594e+00
     vertex 3.4567552949e+01 -2.4920000000e+00 1.4573434606e+00
   endloop
 endfacet
 facet normal  1.1431969784e-01 6.6573853583e-03 -9.9342170598e-01
   outer loop
     vertex 3.5192631057e+01 -3.7380000000e+00 1.5209253594e+00
     vertex 3.4944617030e+01 -3.7380000000e+00 1.4923847220e+00
     vertex 3.4567552949e+01 -2.4920000000e+00 1.4573434606e+00
   endloop
 endfacet
 facet normal  9.9027631198e-02 1.9829931664e-03 -9.9508270812e-01
   outer loop
     vertex 3.4567552949e+01 -2.4920000000e+00 1.4573434606e+00
     vertex 3.4944617030e+01 -3.7380000000e+00 1.4923847220e+00
     vertex 3.4236282699e+01 -2.4920000000e+00 1.4243764441e+00
   endloop
 endfacet
 facet normal  9.9027631198e-02 1.9829931664e-03 -9.9508270812e-01
   outer loop
     vertex 3.4944617030e+01 -3.7380000000e+00 1.4923847220e+00
     vertex 3.4675232432e+01 -3.7380000000e+00 1.4655763789e+00
     vertex 3.4236282699e+01 -2.4920000000e+00 1.4243764441e+00
   endloop
 endfacet
 facet normal  7.7637906921e-02 -5.6145971467e-03 -9.9696581271e-01
   outer loop
     vertex 3.4236282699e+01 -2.4920000000e+00 1.4243764441e+00
     vertex 3.4675232432e+01 -3.7380000000e+00 1.4655763789e+00
     vertex 3.4405337418e+01 -3.7380000000e+00 1.4445585228e+00
   endloop
 endfacet
 facet normal  7.7637906921e-02 -5.6145971467e-03 -9.9696581271e-01
   outer loop
     vertex 3.4236282699e+01 -2.4920000000e+00 1.4243764441e+00
     vertex 3.4405337418e+01 -3.7380000000e+00 1.4445585228e+00
     vertex 3.3904384777e+01 -2.4920000000e+00 1.3985301616e+00
   endloop
 endfacet
 facet normal  4.8334115739e-02 -1.7459419935e-02 -9.9867861793e-01
   outer loop
     vertex 3.3904384777e+01 -2.4920000000e+00 1.3985301616e+00
     vertex 3.4405337418e+01 -3.7380000000e+00 1.4445585228e+00
     vertex 3.4155988126e+01 -3.7380000000e+00 1.4324904988e+00
   endloop
 endfacet
 facet normal  4.8334115739e-02 -1.7459419935e-02 -9.9867861793e-01
   outer loop
     vertex 3.3904384777e+01 -2.4920000000e+00 1.3985301616e+00
     vertex 3.4155988126e+01 -3.7380000000e+00 1.4324904988e+00
     vertex 3.3597752540e+01 -2.4920000000e+00 1.3836897537e+00
   endloop
 endfacet
 facet normal  9.8415194586e-03 -3.4731181355e-02 -9.9934823237e-01
   outer loop
     vertex 3.3597752540e+01 -2.4920000000e+00 1.3836897537e+00
     vertex 3.4155988126e+01 -3.7380000000e+00 1.4324904988e+00
     vertex 3.3942410525e+01 -3.7380000000e+00 1.4303871998e+00
   endloop
 endfacet
 facet normal  9.8415194586e-03 -3.4731181355e-02 -9.9934823237e-01
   outer loop
     vertex 3.3597752540e+01 -2.4920000000e+00 1.3836897537e+00
     vertex 3.3942410525e+01 -3.7380000000e+00 1.4303871998e+00
     vertex 3.3335109815e+01 -2.4920000000e+00 1.3811032644e+00
   endloop
 endfacet
 facet normal  -3.9447425533e-02 -5.8681404851e-02 -9.9749706433e-01
   outer loop
     vertex 3.3335109815e+01 -2.4920000000e+00 1.3811032644e+00
     vertex 3.3942410525e+01 -3.7380000000e+00 1.4303871998e+00
     vertex 3.3771214227e+01 -3.7380000000e+00 1.4371573984e+00
   endloop
 endfacet
 facet normal  -3.9447425533e-02 -5.8681404851e-02 -9.9749706433e-01
   outer loop
     vertex 3.3335109815e+01 -2.4920000000e+00 1.3811032644e+00
     vertex 3.3771214227e+01 -3.7380000000e+00 1.4371573984e+00
     vertex 3.3124584638e+01 -2.4920000000e+00 1.3894287789e+00
   endloop
 endfacet
 facet normal  -1.0359968258e-01 -9.1701621149e-02 -9.9038271312e-01
   outer loop
     vertex 3.3124584638e+01 -2.4920000000e+00 1.3894287789e+00
     vertex 3.3771214227e+01 -3.7380000000e+00 1.4371573984e+00
     vertex 3.3641464113e+01 -3.7380000000e+00 1.4507300007e+00
   endloop
 endfacet
 facet normal  -1.0359968258e-01 -9.1701621149e-02 -9.9038271312e-01
   outer loop
     vertex 3.3124584638e+01 -2.4920000000e+00 1.3894287789e+00
     vertex 3.3641464113e+01 -3.7380000000e+00 1.4507300007e+00
     vertex 3.2965027065e+01 -2.4920000000e+00 1.4061194114e+00
   endloop
 endfacet
 facet normal  -1.9492318289e-01 -1.4057497596e-01 -9.7069234514e-01
   outer loop
     vertex 3.2965027065e+01 -2.4920000000e+00 1.4061194114e+00
     vertex 3.3641464113e+01 -3.7380000000e+00 1.4507300007e+00
     vertex 3.3547900808e+01 -3.7380000000e+00 1.4695182989e+00
   endloop
 endfacet
 facet normal  -1.9492318289e-01 -1.4057497596e-01 -9.7069234514e-01
   outer loop
     vertex 3.2965027065e+01 -2.4920000000e+00 1.4061194114e+00
     vertex 3.3547900808e+01 -3.7380000000e+00 1.4695182989e+00
     vertex 3.2849969487e+01 -2.4920000000e+00 1.4292239402e+00
   endloop
 endfacet
 facet normal  -3.5317065732e-01 -2.2717364002e-01 -9.0755860642e-01
   outer loop
     vertex 3.2849969487e+01 -2.4920000000e+00 1.4292239402e+00
     vertex 3.3547900808e+01 -3.7380000000e+00 1.4695182989e+00
     vertex 3.3484840379e+01 -3.7380000000e+00 1.4940578636e+00
   endloop
 endfacet
 facet normal  -3.5317065732e-01 -2.2717364002e-01 -9.0755860642e-01
   outer loop
     vertex 3.2849969487e+01 -2.4920000000e+00 1.4292239402e+00
     vertex 3.3484840379e+01 -3.7380000000e+00 1.4940578636e+00
     vertex 3.2772422202e+01 -2.4920000000e+00 1.4594009726e+00
   endloop
 endfacet
 facet normal  -7.1004166807e-01 -4.2166244462e-01 -5.6395178199e-01
   outer loop
     vertex 3.2772422202e+01 -2.4920000000e+00 1.4594009726e+00
     vertex 3.3484840379e+01 -3.7380000000e+00 1.4940578636e+00
     vertex 3.3456669557e+01 -3.7380000000e+00 1.5295262468e+00
   endloop
 endfacet
 facet normal  -7.1004166807e-01 -4.2166244462e-01 -5.6395178199e-01
   outer loop
     vertex 3.2772422202e+01 -2.4920000000e+00 1.4594009726e+00
     vertex 3.3456669557e+01 -3.7380000000e+00 1.5295262468e+00
     vertex 3.2737779704e+01 -2.4920000000e+00 1.5030174979e+00
   endloop
 endfacet
 facet normal  -7.4964783024e-01 -4.2166244462e-01 5.1012637004e-01
   outer loop
     vertex 3.2737779704e+01 -2.4920000000e+00 1.5030174979e+00
     vertex 3.3456669557e+01 -3.7380000000e+00 1.5295262468e+00
     vertex 3.2769115809e+01 -2.4920000000e+00 1.5490669552e+00
   endloop
 endfacet
 facet normal  -7.4964783024e-01 -4.2166244462e-01 5.1012637004e-01
   outer loop
     vertex 3.3456669557e+01 -3.7380000000e+00 1.5295262468e+00
     vertex 3.3482151663e+01 -3.7380000000e+00 1.5669730583e+00
     vertex 3.2769115809e+01 -2.4920000000e+00 1.5490669552e+00
   endloop
 endfacet
 facet normal  -4.1905229349e-01 -2.2717364002e-01 8.7908322279e-01
   outer loop
     vertex 3.2769115809e+01 -2.4920000000e+00 1.5490669552e+00
     vertex 3.3482151663e+01 -3.7380000000e+00 1.5669730583e+00
     vertex 3.2844229984e+01 -2.4920000000e+00 1.5848733122e+00
   endloop
 endfacet
 facet normal  -4.1905229349e-01 -2.2717364002e-01 8.7908322279e-01
   outer loop
     vertex 3.3482151663e+01 -3.7380000000e+00 1.5669730583e+00
     vertex 3.3543233521e+01 -3.7380000000e+00 1.5960903156e+00
     vertex 3.2844229984e+01 -2.4920000000e+00 1.5848733122e+00
   endloop
 endfacet
 facet normal  -2.6588431906e-01 -1.4057497596e-01 9.5370027001e-01
   outer loop
     vertex 3.2844229984e+01 -2.4920000000e+00 1.5848733122e+00
     vertex 3.3543233521e+01 -3.7380000000e+00 1.5960903156e+00
     vertex 3.2957273467e+01 -2.4920000000e+00 1.6163889679e+00
   endloop
 endfacet
 facet normal  -2.6588431906e-01 -1.4057497596e-01 9.5370027001e-01
   outer loop
     vertex 3.3543233521e+01 -3.7380000000e+00 1.5960903156e+00
     vertex 3.3635158990e+01 -3.7380000000e+00 1.6217184312e+00
     vertex 3.2957273467e+01 -2.4920000000e+00 1.6163889679e+00
   endloop
 endfacet
 facet normal  -1.7625900831e-01 -9.1701621149e-02 9.8006304627e-01
   outer loop
     vertex 3.2957273467e+01 -2.4920000000e+00 1.6163889679e+00
     vertex 3.3635158990e+01 -3.7380000000e+00 1.6217184312e+00
     vertex 3.3115168469e+01 -2.4920000000e+00 1.6447855253e+00
   endloop
 endfacet
 facet normal  -1.7625900831e-01 -9.1701621149e-02 9.8006304627e-01
   outer loop
     vertex 3.3635158990e+01 -3.7380000000e+00 1.6217184312e+00
     vertex 3.3763557124e+01 -3.7380000000e+00 1.6448101372e+00
     vertex 3.3115168469e+01 -2.4920000000e+00 1.6447855253e+00
   endloop
 endfacet
 facet normal  -1.1280493902e-01 -5.8681404851e-02 9.9188282496e-01
   outer loop
     vertex 3.3115168469e+01 -2.4920000000e+00 1.6447855253e+00
     vertex 3.3763557124e+01 -3.7380000000e+00 1.6448101372e+00
     vertex 3.3324508742e+01 -2.4920000000e+00 1.6685933946e+00
   endloop
 endfacet
 facet normal  -1.1280493902e-01 -5.8681404851e-02 9.9188282496e-01
   outer loop
     vertex 3.3763557124e+01 -3.7380000000e+00 1.6448101372e+00
     vertex 3.3933789873e+01 -3.7380000000e+00 1.6641703826e+00
     vertex 3.3324508742e+01 -2.4920000000e+00 1.6685933946e+00
   endloop
 endfacet
 facet normal  -6.3786188307e-02 -3.4731181355e-02 9.9735904629e-01
   outer loop
     vertex 3.3324508742e+01 -2.4920000000e+00 1.6685933946e+00
     vertex 3.3933789873e+01 -3.7380000000e+00 1.6641703826e+00
     vertex 3.3586628681e+01 -2.4920000000e+00 1.6853572991e+00
   endloop
 endfacet
 facet normal  -6.3786188307e-02 -3.4731181355e-02 9.9735904629e-01
   outer loop
     vertex 3.3933789873e+01 -3.7380000000e+00 1.6641703826e+00
     vertex 3.4146942351e+01 -3.7380000000e+00 1.6778025687e+00
     vertex 3.3586628681e+01 -2.4920000000e+00 1.6853572991e+00
   endloop
 endfacet
 facet normal  -2.5348812798e-02 -1.7459419935e-02 9.9952619093e-01
   outer loop
     vertex 3.3586628681e+01 -2.4920000000e+00 1.6853572991e+00
     vertex 3.4146942351e+01 -3.7380000000e+00 1.6778025687e+00
     vertex 3.3893521156e+01 -2.4920000000e+00 1.6931403467e+00
   endloop
 endfacet
 facet normal  -2.5348812798e-02 -1.7459419935e-02 9.9952619093e-01
   outer loop
     vertex 3.4146942351e+01 -3.7380000000e+00 1.6778025687e+00
     vertex 3.4396503264e+01 -3.7380000000e+00 1.6841316404e+00
     vertex 3.3893521156e+01 -2.4920000000e+00 1.6931403467e+00
   endloop
 endfacet
 facet normal  4.0015422709e-03 -5.6145971467e-03 9.9997623170e-01
   outer loop
     vertex 3.3893521156e+01 -2.4920000000e+00 1.6931403467e+00
     vertex 3.4396503264e+01 -3.7380000000e+00 1.6841316404e+00
     vertex 3.4226421270e+01 -2.4920000000e+00 1.6918082011e+00
   endloop
 endfacet
 facet normal  4.0015422709e-03 -5.6145971467e-03 9.9997623170e-01
   outer loop
     vertex 3.4396503264e+01 -3.7380000000e+00 1.6841316404e+00
     vertex 3.4667213248e+01 -3.7380000000e+00 1.6830483572e+00
     vertex 3.4226421270e+01 -2.4920000000e+00 1.6918082011e+00
   endloop
 endfacet
 facet normal  2.5471865627e-02 1.9829931664e-03 9.9967357262e-01
   outer loop
     vertex 3.4226421270e+01 -2.4920000000e+00 1.6918082011e+00
     vertex 3.4667213248e+01 -3.7380000000e+00 1.6830483572e+00
     vertex 3.4937840665e+01 -3.7380000000e+00 1.6761527210e+00
   endloop
 endfacet
 facet normal  2.5471865627e-02 1.9829931664e-03 9.9967357262e-01
   outer loop
     vertex 3.4226421270e+01 -2.4920000000e+00 1.6918082011e+00
     vertex 3.4937840665e+01 -3.7380000000e+00 1.6761527210e+00
     vertex 3.4559219851e+01 -2.4920000000e+00 1.6833284324e+00
   endloop
 endfacet
 facet normal  4.0844733593e-02 6.6573853583e-03 9.9914332653e-01
   outer loop
     vertex 3.4559219851e+01 -2.4920000000e+00 1.6833284324e+00
     vertex 3.4937840665e+01 -3.7380000000e+00 1.6761527210e+00
     vertex 3.5187283132e+01 -3.7380000000e+00 1.6659555743e+00
   endloop
 endfacet
 facet normal  4.0844733593e-02 6.6573853583e-03 9.9914332653e-01
   outer loop
     vertex 3.4559219851e+01 -2.4920000000e+00 1.6833284324e+00
     vertex 3.5187283132e+01 -3.7380000000e+00 1.6659555743e+00
     vertex 3.4865966668e+01 -2.4920000000e+00 1.6707886979e+00
   endloop
 endfacet
 facet normal  5.2029351429e-02 9.5437642065e-03 9.9859995151e-01
   outer loop
     vertex 3.4865966668e+01 -2.4920000000e+00 1.6707886979e+00
     vertex 3.5187283132e+01 -3.7380000000e+00 1.6659555743e+00
     vertex 3.5400596862e+01 -3.7380000000e+00 1.6548414389e+00
   endloop
 endfacet
 facet normal  5.2029351429e-02 9.5437642065e-03 9.9859995151e-01
   outer loop
     vertex 3.4865966668e+01 -2.4920000000e+00 1.6707886979e+00
     vertex 3.5400596862e+01 -3.7380000000e+00 1.6548414389e+00
     vertex 3.5128284904e+01 -2.4920000000e+00 1.6571213152e+00
   endloop
 endfacet
 facet normal  6.0448153741e-02 1.1384587437e-02 9.9810641310e-01
   outer loop
     vertex 3.5128284904e+01 -2.4920000000e+00 1.6571213152e+00
     vertex 3.5400596862e+01 -3.7380000000e+00 1.6548414389e+00
     vertex 3.5571634812e+01 -3.7380000000e+00 1.6444828958e+00
   endloop
 endfacet
 facet normal  6.0448153741e-02 1.1384587437e-02 9.9810641310e-01
   outer loop
     vertex 3.5128284904e+01 -2.4920000000e+00 1.6571213152e+00
     vertex 3.5571634812e+01 -3.7380000000e+00 1.6444828958e+00
     vertex 3.5338615356e+01 -2.4920000000e+00 1.6443831068e+00
   endloop
 endfacet
 facet normal  6.6907106637e-02 1.2592467944e-02 9.9767974262e-01
   outer loop
     vertex 3.5338615356e+01 -2.4920000000e+00 1.6443831068e+00
     vertex 3.5571634812e+01 -3.7380000000e+00 1.6444828958e+00
     vertex 3.5701830283e+01 -3.7380000000e+00 1.6357516348e+00
   endloop
 endfacet
 facet normal  6.6907106637e-02 1.2592467944e-02 9.9767974262e-01
   outer loop
     vertex 3.5338615356e+01 -2.4920000000e+00 1.6443831068e+00
     vertex 3.5701830283e+01 -3.7380000000e+00 1.6357516348e+00
     vertex 3.5498720598e+01 -2.4920000000e+00 1.6336460155e+00
   endloop
 endfacet
 facet normal  7.1877064538e-02 1.3402015599e-02 9.9732345484e-01
   outer loop
     vertex 3.5498720598e+01 -2.4920000000e+00 1.6336460155e+00
     vertex 3.5701830283e+01 -3.7380000000e+00 1.6357516348e+00
     vertex 3.5797068970e+01 -3.7380000000e+00 1.6288877862e+00
   endloop
 endfacet
 facet normal  7.1877064539e-02 1.3402015599e-02 9.9732345484e-01
   outer loop
     vertex 3.5498720598e+01 -2.4920000000e+00 1.6336460155e+00
     vertex 3.5797068970e+01 -3.7380000000e+00 1.6288877862e+00
     vertex 3.5615838442e+01 -2.4920000000e+00 1.6252053368e+00
   endloop
 endfacet
 facet normal  7.5613980134e-02 1.3944710705e-02 9.9703965370e-01
   outer loop
     vertex 3.5615838442e+01 -2.4920000000e+00 1.6252053368e+00
     vertex 3.5797068970e+01 -3.7380000000e+00 1.6288877862e+00
     vertex 3.5864727687e+01 -3.7380000000e+00 1.6237566513e+00
   endloop
 endfacet
 facet normal  7.5613980134e-02 1.3944710705e-02 9.9703965370e-01
   outer loop
     vertex 3.5615838442e+01 -2.4920000000e+00 1.6252053368e+00
     vertex 3.5864727687e+01 -3.7380000000e+00 1.6237566513e+00
     vertex 3.5699040378e+01 -2.4920000000e+00 1.6188954278e+00
   endloop
 endfacet
 facet normal  7.8319754095e-02 1.4303677152e-02 9.9682567229e-01
   outer loop
     vertex 3.5699040378e+01 -2.4920000000e+00 1.6188954278e+00
     vertex 3.5864727687e+01 -3.7380000000e+00 1.6237566513e+00
     vertex 3.5911800961e+01 -3.7380000000e+00 1.6200581438e+00
   endloop
 endfacet
 facet normal  7.8319754095e-02 1.4303677152e-02 9.9682567229e-01
   outer loop
     vertex 3.5699040378e+01 -2.4920000000e+00 1.6188954278e+00
     vertex 3.5911800961e+01 -3.7380000000e+00 1.6200581438e+00
     vertex 3.5756927783e+01 -2.4920000000e+00 1.6143472631e+00
   endloop
 endfacet
 facet normal  1.5152225178e-01 1.4303677152e-02 -9.8835034883e-01
   outer loop
     vertex 3.5911800961e+01 -3.7380000000e+00 1.6200581438e+00
     vertex 3.6066674140e+01 -4.9840000000e+00 1.6257690245e+00
     vertex 3.5865127919e+01 -3.7380000000e+00 1.6129027817e+00
   endloop
 endfacet
 facet normal  1.5152225178e-01 1.4303677152e-02 -9.8835034883e-01
   outer loop
     vertex 3.6066674140e+01 -4.9840000000e+00 1.6257690245e+00
     vertex 3.6030723282e+01 -4.9840000000e+00 1.6202574618e+00
     vertex 3.5865127919e+01 -3.7380000000e+00 1.6129027817e+00
   endloop
 endfacet
 facet normal  1.4883958560e-01 1.3944710705e-02 -9.8876302661e-01
   outer loop
     vertex 3.5865127919e+01 -3.7380000000e+00 1.6129027817e+00
     vertex 3.6030723282e+01 -4.9840000000e+00 1.6202574618e+00
     vertex 3.5798030850e+01 -3.7380000000e+00 1.6028025862e+00
   endloop
 endfacet
 facet normal  1.4883958560e-01 1.3944710705e-02 -9.8876302661e-01
   outer loop
     vertex 3.6030723282e+01 -4.9840000000e+00 1.6202574618e+00
     vertex 3.5979040405e+01 -4.9840000000e+00 1.6124775815e+00
     vertex 3.5798030850e+01 -3.7380000000e+00 1.6028025862e+00
   endloop
 endfacet
 facet normal  1.4513372029e-01 1.3402015599e-02 -9.8932127704e-01
   outer loop
     vertex 3.5798030850e+01 -3.7380000000e+00 1.6028025862e+00
     vertex 3.5979040405e+01 -4.9840000000e+00 1.6124775815e+00
     vertex 3.5703556326e+01 -3.7380000000e+00 1.5889431460e+00
   endloop
 endfacet
 facet normal  1.4513372029e-01 1.3402015599e-02 -9.8932127704e-01
   outer loop
     vertex 3.5979040405e+01 -4.9840000000e+00 1.6124775815e+00
     vertex 3.5906269488e+01 -4.9840000000e+00 1.6018020667e+00
     vertex 3.5703556326e+01 -3.7380000000e+00 1.5889431460e+00
   endloop
 endfacet
 facet normal  1.4020349991e-01 1.2592467944e-02 -9.9004262957e-01
   outer loop
     vertex 3.5703556326e+01 -3.7380000000e+00 1.5889431460e+00
     vertex 3.5906269488e+01 -4.9840000000e+00 1.6018020667e+00
     vertex 3.5574357484e+01 -3.7380000000e+00 1.5706468330e+00
   endloop
 endfacet
 facet normal  1.4020349991e-01 1.2592467944e-02 -9.9004262957e-01
   outer loop
     vertex 3.5906269488e+01 -4.9840000000e+00 1.6018020667e+00
     vertex 3.5806751461e+01 -4.9840000000e+00 1.5877089608e+00
     vertex 3.5574357484e+01 -3.7380000000e+00 1.5706468330e+00
   endloop
 endfacet
 facet normal  1.3379351191e-01 1.1384587437e-02 -9.9094383662e-01
   outer loop
     vertex 3.5574357484e+01 -3.7380000000e+00 1.5706468330e+00
     vertex 3.5806751461e+01 -4.9840000000e+00 1.5877089608e+00
     vertex 3.5404546931e+01 -3.7380000000e+00 1.5477196504e+00
   endloop
 endfacet
 facet normal  1.3379351191e-01 1.1384587437e-02 -9.9094383662e-01
   outer loop
     vertex 3.5806751461e+01 -4.9840000000e+00 1.5877089608e+00
     vertex 3.5675951440e+01 -4.9840000000e+00 1.5700488337e+00
     vertex 3.5404546931e+01 -3.7380000000e+00 1.5477196504e+00
   endloop
 endfacet
 facet normal  1.2543392177e-01 9.5437642065e-03 -9.9205607091e-01
   outer loop
     vertex 3.5404546931e+01 -3.7380000000e+00 1.5477196504e+00
     vertex 3.5675951440e+01 -4.9840000000e+00 1.5700488337e+00
     vertex 3.5192631057e+01 -3.7380000000e+00 1.5209253594e+00
   endloop
 endfacet
 facet normal  1.2543392177e-01 9.5437642065e-03 -9.9205607091e-01
   outer loop
     vertex 3.5675951440e+01 -4.9840000000e+00 1.5700488337e+00
     vertex 3.5512718943e+01 -4.9840000000e+00 1.5494099878e+00
     vertex 3.5192631057e+01 -3.7380000000e+00 1.5209253594e+00
   endloop
 endfacet
 facet normal  1.1431969784e-01 6.6573853583e-03 -9.9342170598e-01
   outer loop
     vertex 3.5192631057e+01 -3.7380000000e+00 1.5209253594e+00
     vertex 3.5512718943e+01 -4.9840000000e+00 1.5494099878e+00
     vertex 3.4944617030e+01 -3.7380000000e+00 1.4923847220e+00
   endloop
 endfacet
 facet normal  1.1431969784e-01 6.6573853583e-03 -9.9342170598e-01
   outer loop
     vertex 3.5512718943e+01 -4.9840000000e+00 1.5494099878e+00
     vertex 3.5321681111e+01 -4.9840000000e+00 1.5274259834e+00
     vertex 3.4944617030e+01 -3.7380000000e+00 1.4923847220e+00
   endloop
 endfacet
 facet normal  9.9027631198e-02 1.9829931664e-03 -9.9508270812e-01
   outer loop
     vertex 3.4944617030e+01 -3.7380000000e+00 1.4923847220e+00
     vertex 3.5321681111e+01 -4.9840000000e+00 1.5274259834e+00
     vertex 3.4675232432e+01 -3.7380000000e+00 1.4655763789e+00
   endloop
 endfacet
 facet normal  9.9027631198e-02 1.9829931664e-03 -9.9508270812e-01
   outer loop
     vertex 3.5321681111e+01 -4.9840000000e+00 1.5274259834e+00
     vertex 3.5114182164e+01 -4.9840000000e+00 1.5067763137e+00
     vertex 3.4675232432e+01 -3.7380000000e+00 1.4655763789e+00
   endloop
 endfacet
 facet normal  7.7637906921e-02 -5.6145971467e-03 -9.9696581271e-01
   outer loop
     vertex 3.4675232432e+01 -3.7380000000e+00 1.4655763789e+00
     vertex 3.5114182164e+01 -4.9840000000e+00 1.5067763137e+00
     vertex 3.4906290059e+01 -4.9840000000e+00 1.4905868840e+00
   endloop
 endfacet
 facet normal  7.7637906921e-02 -5.6145971467e-03 -9.9696581271e-01
   outer loop
     vertex 3.4675232432e+01 -3.7380000000e+00 1.4655763789e+00
     vertex 3.4906290059e+01 -4.9840000000e+00 1.4905868840e+00
     vertex 3.4405337418e+01 -3.7380000000e+00 1.4445585228e+00
   endloop
 endfacet
 facet normal  4.8334115739e-02 -1.7459419935e-02 -9.9867861793e-01
   outer loop
     vertex 3.4405337418e+01 -3.7380000000e+00 1.4445585228e+00
     vertex 3.4906290059e+01 -4.9840000000e+00 1.4905868840e+00
     vertex 3.4714223713e+01 -4.9840000000e+00 1.4812912439e+00
   endloop
 endfacet
 facet normal  4.8334115739e-02 -1.7459419935e-02 -9.9867861793e-01
   outer loop
     vertex 3.4405337418e+01 -3.7380000000e+00 1.4445585228e+00
     vertex 3.4714223713e+01 -4.9840000000e+00 1.4812912439e+00
     vertex 3.4155988126e+01 -3.7380000000e+00 1.4324904988e+00
   endloop
 endfacet
 facet normal  9.8415194586e-03 -3.4731181355e-02 -9.9934823237e-01
   outer loop
     vertex 3.4155988126e+01 -3.7380000000e+00 1.4324904988e+00
     vertex 3.4714223713e+01 -4.9840000000e+00 1.4812912439e+00
     vertex 3.4549711236e+01 -4.9840000000e+00 1.4796711352e+00
   endloop
 endfacet
 facet normal  9.8415194586e-03 -3.4731181355e-02 -9.9934823237e-01
   outer loop
     vertex 3.4155988126e+01 -3.7380000000e+00 1.4324904988e+00
     vertex 3.4549711236e+01 -4.9840000000e+00 1.4796711352e+00
     vertex 3.3942410525e+01 -3.7380000000e+00 1.4303871998e+00
   endloop
 endfacet
 facet normal  -3.9447425533e-02 -5.8681404851e-02 -9.9749706433e-01
   outer loop
     vertex 3.3942410525e+01 -3.7380000000e+00 1.4303871998e+00
     vertex 3.4549711236e+01 -4.9840000000e+00 1.4796711352e+00
     vertex 3.4417843817e+01 -4.9840000000e+00 1.4848860179e+00
   endloop
 endfacet
 facet normal  -3.9447425533e-02 -5.8681404851e-02 -9.9749706433e-01
   outer loop
     vertex 3.3942410525e+01 -3.7380000000e+00 1.4303871998e+00
     vertex 3.4417843817e+01 -4.9840000000e+00 1.4848860179e+00
     vertex 3.3771214227e+01 -3.7380000000e+00 1.4371573984e+00
   endloop
 endfacet
 facet normal  -1.0359968258e-01 -9.1701621149e-02 -9.9038271312e-01
   outer loop
     vertex 3.3771214227e+01 -3.7380000000e+00 1.4371573984e+00
     vertex 3.4417843817e+01 -4.9840000000e+00 1.4848860179e+00
     vertex 3.4317901162e+01 -4.9840000000e+00 1.4953405899e+00
   endloop
 endfacet
 facet normal  -1.0359968258e-01 -9.1701621149e-02 -9.9038271312e-01
   outer loop
     vertex 3.3771214227e+01 -3.7380000000e+00 1.4371573984e+00
     vertex 3.4317901162e+01 -4.9840000000e+00 1.4953405899e+00
     vertex 3.3641464113e+01 -3.7380000000e+00 1.4507300007e+00
   endloop
 endfacet
 facet normal  -1.9492318289e-01 -1.4057497596e-01 -9.7069234514e-01
   outer loop
     vertex 3.3641464113e+01 -3.7380000000e+00 1.4507300007e+00
     vertex 3.4317901162e+01 -4.9840000000e+00 1.4953405899e+00
     vertex 3.4245832130e+01 -4.9840000000e+00 1.5098126575e+00
   endloop
 endfacet
 facet normal  -1.9492318289e-01 -1.4057497596e-01 -9.7069234514e-01
   outer loop
     vertex 3.3641464113e+01 -3.7380000000e+00 1.4507300007e+00
     vertex 3.4245832130e+01 -4.9840000000e+00 1.5098126575e+00
     vertex 3.3547900808e+01 -3.7380000000e+00 1.4695182989e+00
   endloop
 endfacet
 facet normal  -3.5317065732e-01 -2.2717364002e-01 -9.0755860642e-01
   outer loop
     vertex 3.3547900808e+01 -3.7380000000e+00 1.4695182989e+00
     vertex 3.4245832130e+01 -4.9840000000e+00 1.5098126575e+00
     vertex 3.4197258556e+01 -4.9840000000e+00 1.5287147547e+00
   endloop
 endfacet
 facet normal  -3.5317065732e-01 -2.2717364002e-01 -9.0755860642e-01
   outer loop
     vertex 3.3547900808e+01 -3.7380000000e+00 1.4695182989e+00
     vertex 3.4197258556e+01 -4.9840000000e+00 1.5287147547e+00
     vertex 3.3484840379e+01 -3.7380000000e+00 1.4940578636e+00
   endloop
 endfacet
 facet normal  -7.1004166807e-01 -4.2166244462e-01 -5.6395178199e-01
   outer loop
     vertex 3.3484840379e+01 -3.7380000000e+00 1.4940578636e+00
     vertex 3.4197258556e+01 -4.9840000000e+00 1.5287147547e+00
     vertex 3.4175559409e+01 -4.9840000000e+00 1.5560349958e+00
   endloop
 endfacet
 facet normal  -7.1004166807e-01 -4.2166244462e-01 -5.6395178199e-01
   outer loop
     vertex 3.3484840379e+01 -3.7380000000e+00 1.4940578636e+00
     vertex 3.4175559409e+01 -4.9840000000e+00 1.5560349958e+00
     vertex 3.3456669557e+01 -3.7380000000e+00 1.5295262468e+00
   endloop
 endfacet
 facet normal  -7.4964783024e-01 -4.2166244462e-01 5.1012637004e-01
   outer loop
     vertex 3.3456669557e+01 -3.7380000000e+00 1.5295262468e+00
     vertex 3.4175559409e+01 -4.9840000000e+00 1.5560349958e+00
     vertex 3.3482151663e+01 -3.7380000000e+00 1.5669730583e+00
   endloop
 endfacet
 facet normal  -7.4964783024e-01 -4.2166244462e-01 5.1012637004e-01
   outer loop
     vertex 3.4175559409e+01 -4.9840000000e+00 1.5560349958e+00
     vertex 3.4195187518e+01 -4.9840000000e+00 1.5848791614e+00
     vertex 3.3482151663e+01 -3.7380000000e+00 1.5669730583e+00
   endloop
 endfacet
 facet normal  -4.1905229349e-01 -2.2717364002e-01 8.7908322279e-01
   outer loop
     vertex 3.3482151663e+01 -3.7380000000e+00 1.5669730583e+00
     vertex 3.4195187518e+01 -4.9840000000e+00 1.5848791614e+00
     vertex 3.3543233521e+01 -3.7380000000e+00 1.5960903156e+00
   endloop
 endfacet
 facet normal  -4.1905229349e-01 -2.2717364002e-01 8.7908322279e-01
   outer loop
     vertex 3.4195187518e+01 -4.9840000000e+00 1.5848791614e+00
     vertex 3.4242237057e+01 -4.9840000000e+00 1.6073073190e+00
     vertex 3.3543233521e+01 -3.7380000000e+00 1.5960903156e+00
   endloop
 endfacet
 facet normal  -2.6588431906e-01 -1.4057497596e-01 9.5370027001e-01
   outer loop
     vertex 3.3543233521e+01 -3.7380000000e+00 1.5960903156e+00
     vertex 3.4242237057e+01 -4.9840000000e+00 1.6073073190e+00
     vertex 3.3635158990e+01 -3.7380000000e+00 1.6217184312e+00
   endloop
 endfacet
 facet normal  -2.6588431906e-01 -1.4057497596e-01 9.5370027001e-01
   outer loop
     vertex 3.4242237057e+01 -4.9840000000e+00 1.6073073190e+00
     vertex 3.4313044513e+01 -4.9840000000e+00 1.6270478946e+00
     vertex 3.3635158990e+01 -3.7380000000e+00 1.6217184312e+00
   endloop
 endfacet
 facet normal  -1.7625900831e-01 -9.1701621149e-02 9.8006304627e-01
   outer loop
     vertex 3.3635158990e+01 -3.7380000000e+00 1.6217184312e+00
     vertex 3.4313044513e+01 -4.9840000000e+00 1.6270478946e+00
     vertex 3.3763557124e+01 -3.7380000000e+00 1.6448101372e+00
   endloop
 endfacet
 facet normal  -1.7625900831e-01 -9.1701621149e-02 9.8006304627e-01
   outer loop
     vertex 3.4313044513e+01 -4.9840000000e+00 1.6270478946e+00
     vertex 3.4411945778e+01 -4.9840000000e+00 1.6448347492e+00
     vertex 3.3763557124e+01 -3.7380000000e+00 1.6448101372e+00
   endloop
 endfacet
 facet normal  -1.1280493902e-01 -5.8681404851e-02 9.9188282496e-01
   outer loop
     vertex 3.3763557124e+01 -3.7380000000e+00 1.6448101372e+00
     vertex 3.4411945778e+01 -4.9840000000e+00 1.6448347492e+00
     vertex 3.3933789873e+01 -3.7380000000e+00 1.6641703826e+00
   endloop
 endfacet
 facet normal  -1.1280493902e-01 -5.8681404851e-02 9.9188282496e-01
   outer loop
     vertex 3.4411945778e+01 -4.9840000000e+00 1.6448347492e+00
     vertex 3.4543071004e+01 -4.9840000000e+00 1.6597473706e+00
     vertex 3.3933789873e+01 -3.7380000000e+00 1.6641703826e+00
   endloop
 endfacet
 facet normal  -6.3786188307e-02 -3.4731181355e-02 9.9735904629e-01
   outer loop
     vertex 3.3933789873e+01 -3.7380000000e+00 1.6641703826e+00
     vertex 3.4543071004e+01 -4.9840000000e+00 1.6597473706e+00
     vertex 3.4146942351e+01 -3.7380000000e+00 1.6778025687e+00
   endloop
 endfacet
 facet normal  -6.3786188307e-02 -3.4731181355e-02 9.9735904629e-01
   outer loop
     vertex 3.4543071004e+01 -4.9840000000e+00 1.6597473706e+00
     vertex 3.4707256021e+01 -4.9840000000e+00 1.6702478383e+00
     vertex 3.4146942351e+01 -3.7380000000e+00 1.6778025687e+00
   endloop
 endfacet
 facet normal  -2.5348812798e-02 -1.7459419935e-02 9.9952619093e-01
   outer loop
     vertex 3.4146942351e+01 -3.7380000000e+00 1.6778025687e+00
     vertex 3.4707256021e+01 -4.9840000000e+00 1.6702478383e+00
     vertex 3.4396503264e+01 -3.7380000000e+00 1.6841316404e+00
   endloop
 endfacet
 facet normal  -2.5348812798e-02 -1.7459419935e-02 9.9952619093e-01
   outer loop
     vertex 3.4707256021e+01 -4.9840000000e+00 1.6702478383e+00
     vertex 3.4899485373e+01 -4.9840000000e+00 1.6751229340e+00
     vertex 3.4396503264e+01 -3.7380000000e+00 1.6841316404e+00
   endloop
 endfacet
 facet normal  4.0015422709e-03 -5.6145971467e-03 9.9997623170e-01
   outer loop
     vertex 3.4396503264e+01 -3.7380000000e+00 1.6841316404e+00
     vertex 3.4899485373e+01 -4.9840000000e+00 1.6751229340e+00
     vertex 3.4667213248e+01 -3.7380000000e+00 1.6830483572e+00
   endloop
 endfacet
 facet normal  4.0015422709e-03 -5.6145971467e-03 9.9997623170e-01
   outer loop
     vertex 3.4899485373e+01 -4.9840000000e+00 1.6751229340e+00
     vertex 3.5108005225e+01 -4.9840000000e+00 1.6742885132e+00
     vertex 3.4667213248e+01 -3.7380000000e+00 1.6830483572e+00
   endloop
 endfacet
 facet normal  2.5471865627e-02 1.9829931664e-03 9.9967357262e-01
   outer loop
     vertex 3.4667213248e+01 -3.7380000000e+00 1.6830483572e+00
     vertex 3.5108005225e+01 -4.9840000000e+00 1.6742885132e+00
     vertex 3.5316461479e+01 -4.9840000000e+00 1.6689770097e+00
   endloop
 endfacet
 facet normal  2.5471865627e-02 1.9829931664e-03 9.9967357262e-01
   outer loop
     vertex 3.4667213248e+01 -3.7380000000e+00 1.6830483572e+00
     vertex 3.5316461479e+01 -4.9840000000e+00 1.6689770097e+00
     vertex 3.4937840665e+01 -3.7380000000e+00 1.6761527210e+00
   endloop
 endfacet
 facet normal  4.0844733593e-02 6.6573853583e-03 9.9914332653e-01
   outer loop
     vertex 3.4937840665e+01 -3.7380000000e+00 1.6761527210e+00
     vertex 3.5316461479e+01 -4.9840000000e+00 1.6689770097e+00
     vertex 3.5508599595e+01 -4.9840000000e+00 1.6611224507e+00
   endloop
 endfacet
 facet normal  4.0844733593e-02 6.6573853583e-03 9.9914332653e-01
   outer loop
     vertex 3.4937840665e+01 -3.7380000000e+00 1.6761527210e+00
     vertex 3.5508599595e+01 -4.9840000000e+00 1.6611224507e+00
     vertex 3.5187283132e+01 -3.7380000000e+00 1.6659555743e+00
   endloop
 endfacet
 facet normal  5.2029351429e-02 9.5437642065e-03 9.9859995151e-01
   outer loop
     vertex 3.5187283132e+01 -3.7380000000e+00 1.6659555743e+00
     vertex 3.5508599595e+01 -4.9840000000e+00 1.6611224507e+00
     vertex 3.5672908820e+01 -4.9840000000e+00 1.6525615627e+00
   endloop
 endfacet
 facet normal  5.2029351429e-02 9.5437642065e-03 9.9859995151e-01
   outer loop
     vertex 3.5187283132e+01 -3.7380000000e+00 1.6659555743e+00
     vertex 3.5672908820e+01 -4.9840000000e+00 1.6525615627e+00
     vertex 3.5400596862e+01 -3.7380000000e+00 1.6548414389e+00
   endloop
 endfacet
 facet normal  6.0448153741e-02 1.1384587437e-02 9.9810641310e-01
   outer loop
     vertex 3.5400596862e+01 -3.7380000000e+00 1.6548414389e+00
     vertex 3.5672908820e+01 -4.9840000000e+00 1.6525615627e+00
     vertex 3.5804654268e+01 -4.9840000000e+00 1.6445826849e+00
   endloop
 endfacet
 facet normal  6.0448153741e-02 1.1384587437e-02 9.9810641310e-01
   outer loop
     vertex 3.5400596862e+01 -3.7380000000e+00 1.6548414389e+00
     vertex 3.5804654268e+01 -4.9840000000e+00 1.6445826849e+00
     vertex 3.5571634812e+01 -3.7380000000e+00 1.6444828958e+00
   endloop
 endfacet
 facet normal  6.6907106637e-02 1.2592467944e-02 9.9767974262e-01
   outer loop
     vertex 3.5571634812e+01 -3.7380000000e+00 1.6444828958e+00
     vertex 3.5804654268e+01 -4.9840000000e+00 1.6445826849e+00
     vertex 3.5904939969e+01 -4.9840000000e+00 1.6378572540e+00
   endloop
 endfacet
 facet normal  6.6907106637e-02 1.2592467944e-02 9.9767974262e-01
   outer loop
     vertex 3.5571634812e+01 -3.7380000000e+00 1.6444828958e+00
     vertex 3.5904939969e+01 -4.9840000000e+00 1.6378572540e+00
     vertex 3.5701830283e+01 -3.7380000000e+00 1.6357516348e+00
   endloop
 endfacet
 facet normal  7.1877064538e-02 1.3402015599e-02 9.9732345484e-01
   outer loop
     vertex 3.5701830283e+01 -3.7380000000e+00 1.6357516348e+00
     vertex 3.5904939969e+01 -4.9840000000e+00 1.6378572540e+00
     vertex 3.5978299497e+01 -4.9840000000e+00 1.6325702355e+00
   endloop
 endfacet
 facet normal  7.1877064538e-02 1.3402015599e-02 9.9732345484e-01
   outer loop
     vertex 3.5701830283e+01 -3.7380000000e+00 1.6357516348e+00
     vertex 3.5978299497e+01 -4.9840000000e+00 1.6325702355e+00
     vertex 3.5797068970e+01 -3.7380000000e+00 1.6288877862e+00
   endloop
 endfacet
 facet normal  7.5613980134e-02 1.3944710705e-02 9.9703965370e-01
   outer loop
     vertex 3.5797068970e+01 -3.7380000000e+00 1.6288877862e+00
     vertex 3.5978299497e+01 -4.9840000000e+00 1.6325702355e+00
     vertex 3.6030414996e+01 -4.9840000000e+00 1.6286178749e+00
   endloop
 endfacet
 facet normal  7.5613980134e-02 1.3944710705e-02 9.9703965370e-01
   outer loop
     vertex 3.5797068970e+01 -3.7380000000e+00 1.6288877862e+00
     vertex 3.6030414996e+01 -4.9840000000e+00 1.6286178749e+00
     vertex 3.5864727687e+01 -3.7380000000e+00 1.6237566513e+00
   endloop
 endfacet
 facet normal  7.8319754095e-02 1.4303677152e-02 9.9682567229e-01
   outer loop
     vertex 3.5864727687e+01 -3.7380000000e+00 1.6237566513e+00
     vertex 3.6030414996e+01 -4.9840000000e+00 1.6286178749e+00
     vertex 3.6066674140e+01 -4.9840000000e+00 1.6257690245e+00
   endloop
 endfacet
 facet normal  7.8319754095e-02 1.4303677152e-02 9.9682567229e-01
   outer loop
     vertex 3.5864727687e+01 -3.7380000000e+00 1.6237566513e+00
     vertex 3.6066674140e+01 -4.9840000000e+00 1.6257690245e+00
     vertex 3.5911800961e+01 -3.7380000000e+00 1.6200581438e+00
   endloop
 endfacet
 facet normal  1.5152225178e-01 1.4303677152e-02 -9.8835034883e-01
   outer loop
     vertex 3.6066674140e+01 -4.9840000000e+00 1.6257690245e+00
     vertex 3.6221547318e+01 -6.2300000000e+00 1.6314799052e+00
     vertex 3.6030723282e+01 -4.9840000000e+00 1.6202574618e+00
   endloop
 endfacet
 facet normal  1.5152225178e-01 1.4303677152e-02 -9.8835034883e-01
   outer loop
     vertex 3.6221547318e+01 -6.2300000000e+00 1.6314799052e+00
     vertex 3.6196318646e+01 -6.2300000000e+00 1.6276121419e+00
     vertex 3.6030723282e+01 -4.9840000000e+00 1.6202574618e+00
   endloop
 endfacet
 facet normal  1.4883958560e-01 1.3944710705e-02 -9.8876302661e-01
   outer loop
     vertex 3.6030723282e+01 -4.9840000000e+00 1.6202574618e+00
     vertex 3.6196318646e+01 -6.2300000000e+00 1.6276121419e+00
     vertex 3.5979040405e+01 -4.9840000000e+00 1.6124775815e+00
   endloop
 endfacet
 facet normal  1.4883958560e-01 1.3944710705e-02 -9.8876302661e-01
   outer loop
     vertex 3.6196318646e+01 -6.2300000000e+00 1.6276121419e+00
     vertex 3.6160049960e+01 -6.2300000000e+00 1.6221525768e+00
     vertex 3.5979040405e+01 -4.9840000000e+00 1.6124775815e+00
   endloop
 endfacet
 facet normal  1.4513372029e-01 1.3402015599e-02 -9.8932127704e-01
   outer loop
     vertex 3.5979040405e+01 -4.9840000000e+00 1.6124775815e+00
     vertex 3.6160049960e+01 -6.2300000000e+00 1.6221525768e+00
     vertex 3.5906269488e+01 -4.9840000000e+00 1.6018020667e+00
   endloop
 endfacet
 facet normal  1.4513372029e-01 1.3402015599e-02 -9.8932127704e-01
   outer loop
     vertex 3.6160049960e+01 -6.2300000000e+00 1.6221525768e+00
     vertex 3.6108982650e+01 -6.2300000000e+00 1.6146609875e+00
     vertex 3.5906269488e+01 -4.9840000000e+00 1.6018020667e+00
   endloop
 endfacet
 facet normal  1.4020349991e-01 1.2592467944e-02 -9.9004262957e-01
   outer loop
     vertex 3.5906269488e+01 -4.9840000000e+00 1.6018020667e+00
     vertex 3.6108982650e+01 -6.2300000000e+00 1.6146609875e+00
     vertex 3.5806751461e+01 -4.9840000000e+00 1.5877089608e+00
   endloop
 endfacet
 facet normal  1.4020349991e-01 1.2592467944e-02 -9.9004262957e-01
   outer loop
     vertex 3.6108982650e+01 -6.2300000000e+00 1.6146609875e+00
     vertex 3.6039145438e+01 -6.2300000000e+00 1.6047710886e+00
     vertex 3.5806751461e+01 -4.9840000000e+00 1.5877089608e+00
   endloop
 endfacet
 facet normal  1.3379351191e-01 1.1384587437e-02 -9.9094383662e-01
   outer loop
     vertex 3.5806751461e+01 -4.9840000000e+00 1.5877089608e+00
     vertex 3.6039145438e+01 -6.2300000000e+00 1.6047710886e+00
     vertex 3.5675951440e+01 -4.9840000000e+00 1.5700488337e+00
   endloop
 endfacet
 facet normal  1.3379351191e-01 1.1384587437e-02 -9.9094383662e-01
   outer loop
     vertex 3.6039145438e+01 -6.2300000000e+00 1.6047710886e+00
     vertex 3.5947355950e+01 -6.2300000000e+00 1.5923780169e+00
     vertex 3.5675951440e+01 -4.9840000000e+00 1.5700488337e+00
   endloop
 endfacet
 facet normal  1.2543392177e-01 9.5437642065e-03 -9.9205607091e-01
   outer loop
     vertex 3.5675951440e+01 -4.9840000000e+00 1.5700488337e+00
     vertex 3.5947355950e+01 -6.2300000000e+00 1.5923780169e+00
     vertex 3.5512718943e+01 -4.9840000000e+00 1.5494099878e+00
   endloop
 endfacet
 facet normal  1.2543392177e-01 9.5437642065e-03 -9.9205607091e-01
   outer loop
     vertex 3.5947355950e+01 -6.2300000000e+00 1.5923780169e+00
     vertex 3.5832806829e+01 -6.2300000000e+00 1.5778946163e+00
     vertex 3.5512718943e+01 -4.9840000000e+00 1.5494099878e+00
   endloop
 endfacet
 facet normal  1.1431969784e-01 6.6573853583e-03 -9.9342170598e-01
   outer loop
     vertex 3.5512718943e+01 -4.9840000000e+00 1.5494099878e+00
     vertex 3.5832806829e+01 -6.2300000000e+00 1.5778946163e+00
     vertex 3.5321681111e+01 -4.9840000000e+00 1.5274259834e+00
   endloop
 endfacet
 facet normal  1.1431969784e-01 6.6573853583e-03 -9.9342170598e-01
   outer loop
     vertex 3.5832806829e+01 -6.2300000000e+00 1.5778946163e+00
     vertex 3.5698745192e+01 -6.2300000000e+00 1.5624672448e+00
     vertex 3.5321681111e+01 -4.9840000000e+00 1.5274259834e+00
   endloop
 endfacet
 facet normal  9.9027631198e-02 1.9829931664e-03 -9.9508270812e-01
   outer loop
     vertex 3.5321681111e+01 -4.9840000000e+00 1.5274259834e+00
     vertex 3.5698745192e+01 -6.2300000000e+00 1.5624672448e+00
     vertex 3.5114182164e+01 -4.9840000000e+00 1.5067763137e+00
   endloop
 endfacet
 facet normal  9.9027631198e-02 1.9829931664e-03 -9.9508270812e-01
   outer loop
     vertex 3.5698745192e+01 -6.2300000000e+00 1.5624672448e+00
     vertex 3.5553131896e+01 -6.2300000000e+00 1.5479762485e+00
     vertex 3.5114182164e+01 -4.9840000000e+00 1.5067763137e+00
   endloop
 endfacet
 facet normal  7.7637906921e-02 -5.6145971467e-03 -9.9696581271e-01
   outer loop
     vertex 3.5114182164e+01 -4.9840000000e+00 1.5067763137e+00
     vertex 3.5553131896e+01 -6.2300000000e+00 1.5479762485e+00
     vertex 3.5407242700e+01 -6.2300000000e+00 1.5366152452e+00
   endloop
 endfacet
 facet normal  7.7637906921e-02 -5.6145971467e-03 -9.9696581271e-01
   outer loop
     vertex 3.5114182164e+01 -4.9840000000e+00 1.5067763137e+00
     vertex 3.5407242700e+01 -6.2300000000e+00 1.5366152452e+00
     vertex 3.4906290059e+01 -4.9840000000e+00 1.4905868840e+00
   endloop
 endfacet
 facet normal  4.8334115739e-02 -1.7459419935e-02 -9.9867861793e-01
   outer loop
     vertex 3.4906290059e+01 -4.9840000000e+00 1.4905868840e+00
     vertex 3.5407242700e+01 -6.2300000000e+00 1.5366152452e+00
     vertex 3.5272459299e+01 -6.2300000000e+00 1.5300919890e+00
   endloop
 endfacet
 facet normal  4.8334115739e-02 -1.7459419935e-02 -9.9867861793e-01
   outer loop
     vertex 3.4906290059e+01 -4.9840000000e+00 1.4905868840e+00
     vertex 3.5272459299e+01 -6.2300000000e+00 1.5300919890e+00
     vertex 3.4714223713e+01 -4.9840000000e+00 1.4812912439e+00
   endloop
 endfacet
 facet normal  9.8415194586e-03 -3.4731181355e-02 -9.9934823237e-01
   outer loop
     vertex 3.4714223713e+01 -4.9840000000e+00 1.4812912439e+00
     vertex 3.5272459299e+01 -6.2300000000e+00 1.5300919890e+00
     vertex 3.5157011947e+01 -6.2300000000e+00 1.5289550707e+00
   endloop
 endfacet
 facet normal  9.8415194586e-03 -3.4731181355e-02 -9.9934823237e-01
   outer loop
     vertex 3.4714223713e+01 -4.9840000000e+00 1.4812912439e+00
     vertex 3.5157011947e+01 -6.2300000000e+00 1.5289550707e+00
     vertex 3.4549711236e+01 -4.9840000000e+00 1.4796711352e+00
   endloop
 endfacet
 facet normal  -3.9447425533e-02 -5.8681404851e-02 -9.9749706433e-01
   outer loop
     vertex 3.4549711236e+01 -4.9840000000e+00 1.4796711352e+00
     vertex 3.5157011947e+01 -6.2300000000e+00 1.5289550707e+00
     vertex 3.5064473407e+01 -6.2300000000e+00 1.5326146375e+00
   endloop
 endfacet
 facet normal  -3.9447425533e-02 -5.8681404851e-02 -9.9749706433e-01
   outer loop
     vertex 3.4549711236e+01 -4.9840000000e+00 1.4796711352e+00
     vertex 3.5064473407e+01 -6.2300000000e+00 1.5326146375e+00
     vertex 3.4417843817e+01 -4.9840000000e+00 1.4848860179e+00
   endloop
 endfacet
 facet normal  -1.0359968258e-01 -9.1701621149e-02 -9.9038271312e-01
   outer loop
     vertex 3.4417843817e+01 -4.9840000000e+00 1.4848860179e+00
     vertex 3.5064473407e+01 -6.2300000000e+00 1.5326146375e+00
     vertex 3.4994338211e+01 -6.2300000000e+00 1.5399511792e+00
   endloop
 endfacet
 facet normal  -1.0359968258e-01 -9.1701621149e-02 -9.9038271312e-01
   outer loop
     vertex 3.4417843817e+01 -4.9840000000e+00 1.4848860179e+00
     vertex 3.4994338211e+01 -6.2300000000e+00 1.5399511792e+00
     vertex 3.4317901162e+01 -4.9840000000e+00 1.4953405899e+00
   endloop
 endfacet
 facet normal  -1.9492318289e-01 -1.4057497596e-01 -9.7069234514e-01
   outer loop
     vertex 3.4317901162e+01 -4.9840000000e+00 1.4953405899e+00
     vertex 3.4994338211e+01 -6.2300000000e+00 1.5399511792e+00
     vertex 3.4943763451e+01 -6.2300000000e+00 1.5501070161e+00
   endloop
 endfacet
 facet normal  -1.9492318289e-01 -1.4057497596e-01 -9.7069234514e-01
   outer loop
     vertex 3.4317901162e+01 -4.9840000000e+00 1.4953405899e+00
     vertex 3.4943763451e+01 -6.2300000000e+00 1.5501070161e+00
     vertex 3.4245832130e+01 -4.9840000000e+00 1.5098126575e+00
   endloop
 endfacet
 facet normal  -3.5317065732e-01 -2.2717364002e-01 -9.0755860642e-01
   outer loop
     vertex 3.4245832130e+01 -4.9840000000e+00 1.5098126575e+00
     vertex 3.4943763451e+01 -6.2300000000e+00 1.5501070161e+00
     vertex 3.4909676733e+01 -6.2300000000e+00 1.5633716457e+00
   endloop
 endfacet
 facet normal  -3.5317065732e-01 -2.2717364002e-01 -9.0755860642e-01
   outer loop
     vertex 3.4245832130e+01 -4.9840000000e+00 1.5098126575e+00
     vertex 3.4909676733e+01 -6.2300000000e+00 1.5633716457e+00
     vertex 3.4197258556e+01 -4.9840000000e+00 1.5287147547e+00
   endloop
 endfacet
 facet normal  -7.1004166807e-01 -4.2166244462e-01 -5.6395178199e-01
   outer loop
     vertex 3.4197258556e+01 -4.9840000000e+00 1.5287147547e+00
     vertex 3.4909676733e+01 -6.2300000000e+00 1.5633716457e+00
     vertex 3.4894449261e+01 -6.2300000000e+00 1.5825437447e+00
   endloop
 endfacet
 facet normal  -7.1004166807e-01 -4.2166244462e-01 -5.6395178199e-01
   outer loop
     vertex 3.4197258556e+01 -4.9840000000e+00 1.5287147547e+00
     vertex 3.4894449261e+01 -6.2300000000e+00 1.5825437447e+00
     vertex 3.4175559409e+01 -4.9840000000e+00 1.5560349958e+00
   endloop
 endfacet
 facet normal  -7.4964783024e-01 -4.2166244462e-01 5.1012637004e-01
   outer loop
     vertex 3.4175559409e+01 -4.9840000000e+00 1.5560349958e+00
     vertex 3.4894449261e+01 -6.2300000000e+00 1.5825437447e+00
     vertex 3.4195187518e+01 -4.9840000000e+00 1.5848791614e+00
   endloop
 endfacet
 facet normal  -7.4964783024e-01 -4.2166244462e-01 5.1012637004e-01
   outer loop
     vertex 3.4894449261e+01 -6.2300000000e+00 1.5825437447e+00
     vertex 3.4908223373e+01 -6.2300000000e+00 1.6027852644e+00
     vertex 3.4195187518e+01 -4.9840000000e+00 1.5848791614e+00
   endloop
 endfacet
 facet normal  -4.1905229349e-01 -2.2717364002e-01 8.7908322279e-01
   outer loop
     vertex 3.4195187518e+01 -4.9840000000e+00 1.5848791614e+00
     vertex 3.4908223373e+01 -6.2300000000e+00 1.6027852644e+00
     vertex 3.4242237057e+01 -4.9840000000e+00 1.6073073190e+00
   endloop
 endfacet
 facet normal  -4.1905229349e-01 -2.2717364002e-01 8.7908322279e-01
   outer loop
     vertex 3.4908223373e+01 -6.2300000000e+00 1.6027852644e+00
     vertex 3.4941240593e+01 -6.2300000000e+00 1.6185243224e+00
     vertex 3.4242237057e+01 -4.9840000000e+00 1.6073073190e+00
   endloop
 endfacet
 facet normal  -2.6588431906e-01 -1.4057497596e-01 9.5370027001e-01
   outer loop
     vertex 3.4242237057e+01 -4.9840000000e+00 1.6073073190e+00
     vertex 3.4941240593e+01 -6.2300000000e+00 1.6185243224e+00
     vertex 3.4313044513e+01 -4.9840000000e+00 1.6270478946e+00
   endloop
 endfacet
 facet normal  -2.6588431906e-01 -1.4057497596e-01 9.5370027001e-01
   outer loop
     vertex 3.4941240593e+01 -6.2300000000e+00 1.6185243224e+00
     vertex 3.4990930036e+01 -6.2300000000e+00 1.6323773579e+00
     vertex 3.4313044513e+01 -4.9840000000e+00 1.6270478946e+00
   endloop
 endfacet
 facet normal  -1.7625900831e-01 -9.1701621149e-02 9.8006304627e-01
   outer loop
     vertex 3.4313044513e+01 -4.9840000000e+00 1.6270478946e+00
     vertex 3.4990930036e+01 -6.2300000000e+00 1.6323773579e+00
     vertex 3.4411945778e+01 -4.9840000000e+00 1.6448347492e+00
   endloop
 endfacet
 facet normal  -1.7625900831e-01 -9.1701621149e-02 9.8006304627e-01
   outer loop
     vertex 3.4990930036e+01 -6.2300000000e+00 1.6323773579e+00
     vertex 3.5060334432e+01 -6.2300000000e+00 1.6448593611e+00
     vertex 3.4411945778e+01 -4.9840000000e+00 1.6448347492e+00
   endloop
 endfacet
 facet normal  -1.1280493902e-01 -5.8681404851e-02 9.9188282496e-01
   outer loop
     vertex 3.4411945778e+01 -4.9840000000e+00 1.6448347492e+00
     vertex 3.5060334432e+01 -6.2300000000e+00 1.6448593611e+00
     vertex 3.4543071004e+01 -4.9840000000e+00 1.6597473706e+00
   endloop
 endfacet
 facet normal  -1.1280493902e-01 -5.8681404851e-02 9.9188282496e-01
   outer loop
     vertex 3.5060334432e+01 -6.2300000000e+00 1.6448593611e+00
     vertex 3.5152352135e+01 -6.2300000000e+00 1.6553243586e+00
     vertex 3.4543071004e+01 -4.9840000000e+00 1.6597473706e+00
   endloop
 endfacet
 facet normal  -6.3786188307e-02 -3.4731181355e-02 9.9735904629e-01
   outer loop
     vertex 3.4543071004e+01 -4.9840000000e+00 1.6597473706e+00
     vertex 3.5152352135e+01 -6.2300000000e+00 1.6553243586e+00
     vertex 3.4707256021e+01 -4.9840000000e+00 1.6702478383e+00
   endloop
 endfacet
 facet normal  -6.3786188307e-02 -3.4731181355e-02 9.9735904629e-01
   outer loop
     vertex 3.5152352135e+01 -6.2300000000e+00 1.6553243586e+00
     vertex 3.5267569690e+01 -6.2300000000e+00 1.6626931079e+00
     vertex 3.4707256021e+01 -4.9840000000e+00 1.6702478383e+00
   endloop
 endfacet
 facet normal  -2.5348812798e-02 -1.7459419935e-02 9.9952619093e-01
   outer loop
     vertex 3.4707256021e+01 -4.9840000000e+00 1.6702478383e+00
     vertex 3.5267569690e+01 -6.2300000000e+00 1.6626931079e+00
     vertex 3.4899485373e+01 -4.9840000000e+00 1.6751229340e+00
   endloop
 endfacet
 facet normal  -2.5348812798e-02 -1.7459419935e-02 9.9952619093e-01
   outer loop
     vertex 3.5267569690e+01 -6.2300000000e+00 1.6626931079e+00
     vertex 3.5402467481e+01 -6.2300000000e+00 1.6661142277e+00
     vertex 3.4899485373e+01 -4.9840000000e+00 1.6751229340e+00
   endloop
 endfacet
 facet normal  4.0015422709e-03 -5.6145971467e-03 9.9997623170e-01
   outer loop
     vertex 3.4899485373e+01 -4.9840000000e+00 1.6751229340e+00
     vertex 3.5402467481e+01 -6.2300000000e+00 1.6661142277e+00
     vertex 3.5108005225e+01 -4.9840000000e+00 1.6742885132e+00
   endloop
 endfacet
 facet normal  4.0015422709e-03 -5.6145971467e-03 9.9997623170e-01
   outer loop
     vertex 3.5402467481e+01 -6.2300000000e+00 1.6661142277e+00
     vertex 3.5548797202e+01 -6.2300000000e+00 1.6655286692e+00
     vertex 3.5108005225e+01 -4.9840000000e+00 1.6742885132e+00
   endloop
 endfacet
 facet normal  2.5471865627e-02 1.9829931664e-03 9.9967357262e-01
   outer loop
     vertex 3.5108005225e+01 -4.9840000000e+00 1.6742885132e+00
     vertex 3.5548797202e+01 -6.2300000000e+00 1.6655286692e+00
     vertex 3.5695082293e+01 -6.2300000000e+00 1.6618012983e+00
   endloop
 endfacet
 facet normal  2.5471865627e-02 1.9829931664e-03 9.9967357262e-01
   outer loop
     vertex 3.5108005225e+01 -4.9840000000e+00 1.6742885132e+00
     vertex 3.5695082293e+01 -6.2300000000e+00 1.6618012983e+00
     vertex 3.5316461479e+01 -4.9840000000e+00 1.6689770097e+00
   endloop
 endfacet
 facet normal  4.0844733593e-02 6.6573853583e-03 9.9914332653e-01
   outer loop
     vertex 3.5316461479e+01 -4.9840000000e+00 1.6689770097e+00
     vertex 3.5695082293e+01 -6.2300000000e+00 1.6618012983e+00
     vertex 3.5829916058e+01 -6.2300000000e+00 1.6562893271e+00
   endloop
 endfacet
 facet normal  4.0844733593e-02 6.6573853583e-03 9.9914332653e-01
   outer loop
     vertex 3.5316461479e+01 -4.9840000000e+00 1.6689770097e+00
     vertex 3.5829916058e+01 -6.2300000000e+00 1.6562893271e+00
     vertex 3.5508599595e+01 -4.9840000000e+00 1.6611224507e+00
   endloop
 endfacet
 facet normal  5.2029351429e-02 9.5437642065e-03 9.9859995151e-01
   outer loop
     vertex 3.5508599595e+01 -4.9840000000e+00 1.6611224507e+00
     vertex 3.5829916058e+01 -6.2300000000e+00 1.6562893271e+00
     vertex 3.5945220777e+01 -6.2300000000e+00 1.6502816864e+00
   endloop
 endfacet
 facet normal  5.2029351429e-02 9.5437642065e-03 9.9859995151e-01
   outer loop
     vertex 3.5508599595e+01 -4.9840000000e+00 1.6611224507e+00
     vertex 3.5945220777e+01 -6.2300000000e+00 1.6502816864e+00
     vertex 3.5672908820e+01 -4.9840000000e+00 1.6525615627e+00
   endloop
 endfacet
 facet normal  6.0448153741e-02 1.1384587437e-02 9.9810641310e-01
   outer loop
     vertex 3.5672908820e+01 -4.9840000000e+00 1.6525615627e+00
     vertex 3.5945220777e+01 -6.2300000000e+00 1.6502816864e+00
     vertex 3.6037673723e+01 -6.2300000000e+00 1.6446824739e+00
   endloop
 endfacet
 facet normal  6.0448153741e-02 1.1384587437e-02 9.9810641310e-01
   outer loop
     vertex 3.5672908820e+01 -4.9840000000e+00 1.6525615627e+00
     vertex 3.6037673723e+01 -6.2300000000e+00 1.6446824739e+00
     vertex 3.5804654268e+01 -4.9840000000e+00 1.6445826849e+00
   endloop
 endfacet
 facet normal  6.6907106637e-02 1.2592467944e-02 9.9767974262e-01
   outer loop
     vertex 3.5804654268e+01 -4.9840000000e+00 1.6445826849e+00
     vertex 3.6037673723e+01 -6.2300000000e+00 1.6446824739e+00
     vertex 3.6108049654e+01 -6.2300000000e+00 1.6399628733e+00
   endloop
 endfacet
 facet normal  6.6907106637e-02 1.2592467944e-02 9.9767974262e-01
   outer loop
     vertex 3.5804654268e+01 -4.9840000000e+00 1.6445826849e+00
     vertex 3.6108049654e+01 -6.2300000000e+00 1.6399628733e+00
     vertex 3.5904939969e+01 -4.9840000000e+00 1.6378572540e+00
   endloop
 endfacet
 facet normal  7.1877064538e-02 1.3402015599e-02 9.9732345484e-01
   outer loop
     vertex 3.5904939969e+01 -4.9840000000e+00 1.6378572540e+00
     vertex 3.6108049654e+01 -6.2300000000e+00 1.6399628733e+00
     vertex 3.6159530025e+01 -6.2300000000e+00 1.6362526849e+00
   endloop
 endfacet
 facet normal  7.1877064538e-02 1.3402015599e-02 9.9732345484e-01
   outer loop
     vertex 3.5904939969e+01 -4.9840000000e+00 1.6378572540e+00
     vertex 3.6159530025e+01 -6.2300000000e+00 1.6362526849e+00
     vertex 3.5978299497e+01 -4.9840000000e+00 1.6325702355e+00
   endloop
 endfacet
 facet normal  7.5613980134e-02 1.3944710705e-02 9.9703965370e-01
   outer loop
     vertex 3.5978299497e+01 -4.9840000000e+00 1.6325702355e+00
     vertex 3.6159530025e+01 -6.2300000000e+00 1.6362526849e+00
     vertex 3.6196102304e+01 -6.2300000000e+00 1.6334790985e+00
   endloop
 endfacet
 facet normal  7.5613980134e-02 1.3944710705e-02 9.9703965370e-01
   outer loop
     vertex 3.5978299497e+01 -4.9840000000e+00 1.6325702355e+00
     vertex 3.6196102304e+01 -6.2300000000e+00 1.6334790985e+00
     vertex 3.6030414996e+01 -4.9840000000e+00 1.6286178749e+00
   endloop
 endfacet
 facet normal  7.8319754095e-02 1.4303677152e-02 9.9682567229e-01
   outer loop
     vertex 3.6030414996e+01 -4.9840000000e+00 1.6286178749e+00
     vertex 3.6196102304e+01 -6.2300000000e+00 1.6334790985e+00
     vertex 3.6221547318e+01 -6.2300000000e+00 1.6314799052e+00
   endloop
 endfacet
 facet normal  7.8319754095e-02 1.4303677152e-02 9.9682567229e-01
   outer loop
     vertex 3.6030414996e+01 -4.9840000000e+00 1.6286178749e+00
     vertex 3.6221547318e+01 -6.2300000000e+00 1.6314799052e+00
     vertex 3.6066674140e+01 -4.9840000000e+00 1.6257690245e+00
   endloop
 endfacet
 facet normal  0.0000000000e+00 -1.0000000000e+00 0.0000000000e+00
   outer loop
     vertex 3.6221547318e+01 -6.2300000000e+00 1.6314799052e+00
     vertex 3.6196264560e+01 -6.2300000000e+00 1.6290788811e+00
     vertex 3.6196318646e+01 -6.2300000000e+00 1.6276121419e+00
   endloop
 endfacet
 facet normal  0.0000000000e+00 -1.0000000000e+00 -0.0000000000e+00
   outer loop
     vertex 3.6196318646e+01 -6.2300000000e+00 1.6276121419e+00
     vertex 3.6196264560e+01 -6.2300000000e+00 1.6290788811e+00
     vertex 3.6159919976e+01 -6.2300000000e+00 1.6256776038e+00
   endloop
 endfacet
 facet normal  0.0000000000e+00 -1.0000000000e+00 0.0000000000e+00
   outer loop
     vertex 3.6196318646e+01 -6.2300000000e+00 1.6276121419e+00
     vertex 3.6159919976e+01 -6.2300000000e+00 1.6256776038e+00
     vertex 3.6160049960e+01 -6.2300000000e+00 1.6221525768e+00
   endloop
 endfacet
 facet normal  0.0000000000e+00 -1.0000000000e+00 -0.0000000000e+00
   outer loop
     vertex 3.6160049960e+01 -6.2300000000e+00 1.6221525768e+00
     vertex 3.6159919976e+01 -6.2300000000e+00 1.6256776038e+00
     vertex 3.6108749401e+01 -6.2300000000e+00 1.6209864589e+00
   endloop
 endfacet
 facet normal  0.0000000000e+00 -1.0000000000e+00 0.0000000000e+00
   outer loop
     vertex 3.6160049960e+01 -6.2300000000e+00 1.6221525768e+00
     vertex 3.6108749401e+01 -6.2300000000e+00 1.6209864589e+00
     vertex 3.6108982650e+01 -6.2300000000e+00 1.6146609875e+00
   endloop
 endfacet
 facet normal  0.0000000000e+00 -1.0000000000e+00 -0.0000000000e+00
   outer loop
     vertex 3.6108982650e+01 -6.2300000000e+00 1.6146609875e+00
     vertex 3.6108749401e+01 -6.2300000000e+00 1.6209864589e+00
     vertex 3.6038777509e+01 -6.2300000000e+00 1.6147489349e+00
   endloop
 endfacet
 facet normal  0.0000000000e+00 -1.0000000000e+00 0.0000000000e+00
   outer loop
     vertex 3.6108982650e+01 -6.2300000000e+00 1.6146609875e+00
     vertex 3.6038777509e+01 -6.2300000000e+00 1.6147489349e+00
     vertex 3.6039145438e+01 -6.2300000000e+00 1.6047710886e+00
   endloop
 endfacet
 facet normal  0.0000000000e+00 -1.0000000000e+00 -0.0000000000e+00
   outer loop
     vertex 3.6039145438e+01 -6.2300000000e+00 1.6047710886e+00
     vertex 3.6038777509e+01 -6.2300000000e+00 1.6147489349e+00
     vertex 3.5946822157e+01 -6.2300000000e+00 1.6068539343e+00
   endloop
 endfacet
 facet normal  0.0000000000e+00 -1.0000000000e+00 0.0000000000e+00
   outer loop
     vertex 3.6039145438e+01 -6.2300000000e+00 1.6047710886e+00
     vertex 3.5946822157e+01 -6.2300000000e+00 1.6068539343e+00
     vertex 3.5947355950e+01 -6.2300000000e+00 1.5923780169e+00
   endloop
 endfacet
 facet normal  0.0000000000e+00 -1.0000000000e+00 -0.0000000000e+00
   outer loop
     vertex 3.5947355950e+01 -6.2300000000e+00 1.5923780169e+00
     vertex 3.5946822157e+01 -6.2300000000e+00 1.6068539343e+00
     vertex 3.5832084136e+01 -6.2300000000e+00 1.5974932940e+00
   endloop
 endfacet
 facet normal  0.0000000000e+00 -1.0000000000e+00 0.0000000000e+00
   outer loop
     vertex 3.5947355950e+01 -6.2300000000e+00 1.5923780169e+00
     vertex 3.5832084136e+01 -6.2300000000e+00 1.5974932940e+00
     vertex 3.5832806829e+01 -6.2300000000e+00 1.5778946163e+00
   endloop
 endfacet
 facet normal  0.0000000000e+00 -1.0000000000e+00 -0.0000000000e+00
   outer loop
     vertex 3.5832806829e+01 -6.2300000000e+00 1.5778946163e+00
     vertex 3.5832084136e+01 -6.2300000000e+00 1.5974932940e+00
     vertex 3.5697829467e+01 -6.2300000000e+00 1.5873007582e+00
   endloop
 endfacet
 facet normal  0.0000000000e+00 -1.0000000000e+00 0.0000000000e+00
   outer loop
     vertex 3.5832806829e+01 -6.2300000000e+00 1.5778946163e+00
     vertex 3.5697829467e+01 -6.2300000000e+00 1.5873007582e+00
     vertex 3.5698745192e+01 -6.2300000000e+00 1.5624672448e+00
   endloop
 endfacet
 facet normal  0.0000000000e+00 -1.0000000000e+00 -0.0000000000e+00
   outer loop
     vertex 3.5698745192e+01 -6.2300000000e+00 1.5624672448e+00
     vertex 3.5697829467e+01 -6.2300000000e+00 1.5873007582e+00
     vertex 3.5552048223e+01 -6.2300000000e+00 1.5773643537e+00
   endloop
 endfacet
 facet normal  0.0000000000e+00 -1.0000000000e+00 0.0000000000e+00
   outer loop
     vertex 3.5698745192e+01 -6.2300000000e+00 1.5624672448e+00
     vertex 3.5552048223e+01 -6.2300000000e+00 1.5773643537e+00
     vertex 3.5553131896e+01 -6.2300000000e+00 1.5479762485e+00
   endloop
 endfacet
 facet normal  0.0000000000e+00 -1.0000000000e+00 -0.0000000000e+00
   outer loop
     vertex 3.5553131896e+01 -6.2300000000e+00 1.5479762485e+00
     vertex 3.5552048223e+01 -6.2300000000e+00 1.5773643537e+00
     vertex 3.5407242700e+01 -6.2300000000e+00 1.5366152452e+00
   endloop
 endfacet
 facet normal  0.0000000000e+00 -1.0000000000e+00 0.0000000000e+00
   outer loop
     vertex 3.5552048223e+01 -6.2300000000e+00 1.5773643537e+00
     vertex 3.5406048895e+01 -6.2300000000e+00 1.5689899908e+00
     vertex 3.5407242700e+01 -6.2300000000e+00 1.5366152452e+00
   endloop
 endfacet
 facet normal  0.0000000000e+00 -1.0000000000e+00 -0.0000000000e+00
   outer loop
     vertex 3.5407242700e+01 -6.2300000000e+00 1.5366152452e+00
     vertex 3.5406048895e+01 -6.2300000000e+00 1.5689899908e+00
     vertex 3.5272459299e+01 -6.2300000000e+00 1.5300919890e+00
   endloop
 endfacet
 facet normal  0.0000000000e+00 -1.0000000000e+00 0.0000000000e+00
   outer loop
     vertex 3.5406048895e+01 -6.2300000000e+00 1.5689899908e+00
     vertex 3.5271236897e+01 -6.2300000000e+00 1.5632422687e+00
     vertex 3.5272459299e+01 -6.2300000000e+00 1.5300919890e+00
   endloop
 endfacet
 facet normal  0.0000000000e+00 -1.0000000000e+00 -0.0000000000e+00
   outer loop
     vertex 3.5272459299e+01 -6.2300000000e+00 1.5300919890e+00
     vertex 3.5271236897e+01 -6.2300000000e+00 1.5632422687e+00
     vertex 3.5157011947e+01 -6.2300000000e+00 1.5289550707e+00
   endloop
 endfacet
 facet normal  0.0000000000e+00 -1.0000000000e+00 0.0000000000e+00
   outer loop
     vertex 3.5271236897e+01 -6.2300000000e+00 1.5632422687e+00
     vertex 3.5155846994e+01 -6.2300000000e+00 1.5605473926e+00
     vertex 3.5157011947e+01 -6.2300000000e+00 1.5289550707e+00
   endloop
 endfacet
 facet normal  0.0000000000e+00 -1.0000000000e+00 -0.0000000000e+00
   outer loop
     vertex 3.5157011947e+01 -6.2300000000e+00 1.5289550707e+00
     vertex 3.5155846994e+01 -6.2300000000e+00 1.5605473926e+00
     vertex 3.5064473407e+01 -6.2300000000e+00 1.5326146375e+00
   endloop
 endfacet
 facet normal  0.0000000000e+00 -1.0000000000e+00 0.0000000000e+00
   outer loop
     vertex 3.5155846994e+01 -6.2300000000e+00 1.5605473926e+00
     vertex 3.5063438664e+01 -6.2300000000e+00 1.5606758184e+00
     vertex 3.5064473407e+01 -6.2300000000e+00 1.5326146375e+00
   endloop
 endfacet
 facet normal  0.0000000000e+00 -1.0000000000e+00 -0.0000000000e+00
   outer loop
     vertex 3.5064473407e+01 -6.2300000000e+00 1.5326146375e+00
     vertex 3.5063438664e+01 -6.2300000000e+00 1.5606758184e+00
     vertex 3.4994338211e+01 -6.2300000000e+00 1.5399511792e+00
   endloop
 endfacet
 facet normal  0.0000000000e+00 -1.0000000000e+00 0.0000000000e+00
   outer loop
     vertex 3.5063438664e+01 -6.2300000000e+00 1.5606758184e+00
     vertex 3.4993486167e+01 -6.2300000000e+00 1.5630577239e+00
     vertex 3.4994338211e+01 -6.2300000000e+00 1.5399511792e+00
   endloop
 endfacet
 facet normal  0.0000000000e+00 -1.0000000000e+00 -0.0000000000e+00
   outer loop
     vertex 3.4994338211e+01 -6.2300000000e+00 1.5399511792e+00
     vertex 3.4993486167e+01 -6.2300000000e+00 1.5630577239e+00
     vertex 3.4943763451e+01 -6.2300000000e+00 1.5501070161e+00
   endloop
 endfacet
 facet normal  0.0000000000e+00 -1.0000000000e+00 0.0000000000e+00
   outer loop
     vertex 3.4993486167e+01 -6.2300000000e+00 1.5630577239e+00
     vertex 3.4943132736e+01 -6.2300000000e+00 1.5672113427e+00
     vertex 3.4943763451e+01 -6.2300000000e+00 1.5501070161e+00
   endloop
 endfacet
 facet normal  0.0000000000e+00 -1.0000000000e+00 -0.0000000000e+00
   outer loop
     vertex 3.4943763451e+01 -6.2300000000e+00 1.5501070161e+00
     vertex 3.4943132736e+01 -6.2300000000e+00 1.5672113427e+00
     vertex 3.4909676733e+01 -6.2300000000e+00 1.5633716457e+00
   endloop
 endfacet
 facet normal  0.0000000000e+00 -1.0000000000e+00 0.0000000000e+00
   outer loop
     vertex 3.4943132736e+01 -6.2300000000e+00 1.5672113427e+00
     vertex 3.4909313393e+01 -6.2300000000e+00 1.5732250504e+00
     vertex 3.4909676733e+01 -6.2300000000e+00 1.5633716457e+00
   endloop
 endfacet
 facet normal  -0.0000000000e+00 -1.0000000000e+00 -0.0000000000e+00
   outer loop
     vertex 3.4909676733e+01 -6.2300000000e+00 1.5633716457e+00
     vertex 3.4909313393e+01 -6.2300000000e+00 1.5732250504e+00
     vertex 3.4894449261e+01 -6.2300000000e+00 1.5825437447e+00
   endloop
 endfacet
 facet normal  -0.0000000000e+00 -1.0000000000e+00 0.0000000000e+00
   outer loop
     vertex 3.4894449261e+01 -6.2300000000e+00 1.5825437447e+00
     vertex 3.4908586713e+01 -6.2300000000e+00 1.5929318597e+00
     vertex 3.4908223373e+01 -6.2300000000e+00 1.6027852644e+00
   endloop
 endfacet
 facet normal  0.0000000000e+00 -1.0000000000e+00 0.0000000000e+00
   outer loop
     vertex 3.4908223373e+01 -6.2300000000e+00 1.6027852644e+00
     vertex 3.4908586713e+01 -6.2300000000e+00 1.5929318597e+00
     vertex 3.4941871307e+01 -6.2300000000e+00 1.6014199958e+00
   endloop
 endfacet
 facet normal  0.0000000000e+00 -1.0000000000e+00 0.0000000000e+00
   outer loop
     vertex 3.4908223373e+01 -6.2300000000e+00 1.6027852644e+00
     vertex 3.4941871307e+01 -6.2300000000e+00 1.6014199958e+00
     vertex 3.4941240593e+01 -6.2300000000e+00 1.6185243224e+00
   endloop
 endfacet
 facet normal  0.0000000000e+00 -1.0000000000e+00 0.0000000000e+00
   outer loop
     vertex 3.4941240593e+01 -6.2300000000e+00 1.6185243224e+00
     vertex 3.4941871307e+01 -6.2300000000e+00 1.6014199958e+00
     vertex 3.4991782079e+01 -6.2300000000e+00 1.6092708132e+00
   endloop
 endfacet
 facet normal  0.0000000000e+00 -1.0000000000e+00 0.0000000000e+00
   outer loop
     vertex 3.4941240593e+01 -6.2300000000e+00 1.6185243224e+00
     vertex 3.4991782079e+01 -6.2300000000e+00 1.6092708132e+00
     vertex 3.4990930036e+01 -6.2300000000e+00 1.6323773579e+00
   endloop
 endfacet
 facet normal  0.0000000000e+00 -1.0000000000e+00 0.0000000000e+00
   outer loop
     vertex 3.4990930036e+01 -6.2300000000e+00 1.6323773579e+00
     vertex 3.4991782079e+01 -6.2300000000e+00 1.6092708132e+00
     vertex 3.5061369176e+01 -6.2300000000e+00 1.6167981802e+00
   endloop
 endfacet
 facet normal  0.0000000000e+00 -1.0000000000e+00 0.0000000000e+00
   outer loop
     vertex 3.4990930036e+01 -6.2300000000e+00 1.6323773579e+00
     vertex 3.5061369176e+01 -6.2300000000e+00 1.6167981802e+00
     vertex 3.5060334432e+01 -6.2300000000e+00 1.6448593611e+00
   endloop
 endfacet
 facet normal  0.0000000000e+00 -1.0000000000e+00 0.0000000000e+00
   outer loop
     vertex 3.5060334432e+01 -6.2300000000e+00 1.6448593611e+00
     vertex 3.5061369176e+01 -6.2300000000e+00 1.6167981802e+00
     vertex 3.5153517088e+01 -6.2300000000e+00 1.6237320366e+00
   endloop
 endfacet
 facet normal  0.0000000000e+00 -1.0000000000e+00 0.0000000000e+00
   outer loop
     vertex 3.5060334432e+01 -6.2300000000e+00 1.6448593611e+00
     vertex 3.5153517088e+01 -6.2300000000e+00 1.6237320366e+00
     vertex 3.5152352135e+01 -6.2300000000e+00 1.6553243586e+00
   endloop
 endfacet
 facet normal  7.6905705534e-15 -1.0000000000e+00 2.8358642617e-16
   outer loop
     vertex 3.5152352135e+01 -6.2300000000e+00 1.6553243586e+00
     vertex 3.5153517088e+01 -6.2300000000e+00 1.6237320366e+00
     vertex 3.5268792092e+01 -6.2300000000e+00 1.6295428282e+00
   endloop
 endfacet
 facet normal  7.6905705534e-15 -1.0000000000e+00 2.8358642617e-16
   outer loop
     vertex 3.5152352135e+01 -6.2300000000e+00 1.6553243586e+00
     vertex 3.5268792092e+01 -6.2300000000e+00 1.6295428282e+00
     vertex 3.5267569690e+01 -6.2300000000e+00 1.6626931079e+00
   endloop
 endfacet
 facet normal  -6.5779327683e-15 -1.0000000000e+00 -2.4255839439e-16
   outer loop
     vertex 3.5267569690e+01 -6.2300000000e+00 1.6626931079e+00
     vertex 3.5268792092e+01 -6.2300000000e+00 1.6295428282e+00
     vertex 3.5403661286e+01 -6.2300000000e+00 1.6337394821e+00
   endloop
 endfacet
 facet normal  -6.5779327683e-15 -1.0000000000e+00 -2.4255839438e-16
   outer loop
     vertex 3.5267569690e+01 -6.2300000000e+00 1.6626931079e+00
     vertex 3.5403661286e+01 -6.2300000000e+00 1.6337394821e+00
     vertex 3.5402467481e+01 -6.2300000000e+00 1.6661142277e+00
   endloop
 endfacet
 facet normal  0.0000000000e+00 -1.0000000000e+00 0.0000000000e+00
   outer loop
     vertex 3.5402467481e+01 -6.2300000000e+00 1.6661142277e+00
     vertex 3.5403661286e+01 -6.2300000000e+00 1.6337394821e+00
     vertex 3.5549880875e+01 -6.2300000000e+00 1.6361405640e+00
   endloop
 endfacet
 facet normal  0.0000000000e+00 -1.0000000000e+00 0.0000000000e+00
   outer loop
     vertex 3.5402467481e+01 -6.2300000000e+00 1.6661142277e+00
     vertex 3.5549880875e+01 -6.2300000000e+00 1.6361405640e+00
     vertex 3.5548797202e+01 -6.2300000000e+00 1.6655286692e+00
   endloop
 endfacet
 facet normal  0.0000000000e+00 -1.0000000000e+00 0.0000000000e+00
   outer loop
     vertex 3.5548797202e+01 -6.2300000000e+00 1.6655286692e+00
     vertex 3.5549880875e+01 -6.2300000000e+00 1.6361405640e+00
     vertex 3.5695082293e+01 -6.2300000000e+00 1.6618012983e+00
   endloop
 endfacet
 facet normal  -0.0000000000e+00 -1.0000000000e+00 0.0000000000e+00
   outer loop
     vertex 3.5549880875e+01 -6.2300000000e+00 1.6361405640e+00
     vertex 3.5695998018e+01 -6.2300000000e+00 1.6369677849e+00
     vertex 3.5695082293e+01 -6.2300000000e+00 1.6618012983e+00
   endloop
 endfacet
 facet normal  0.0000000000e+00 -1.0000000000e+00 0.0000000000e+00
   outer loop
     vertex 3.5695082293e+01 -6.2300000000e+00 1.6618012983e+00
     vertex 3.5695998018e+01 -6.2300000000e+00 1.6369677849e+00
     vertex 3.5829916058e+01 -6.2300000000e+00 1.6562893271e+00
   endloop
 endfacet
 facet normal  0.0000000000e+00 -1.0000000000e+00 0.0000000000e+00
   outer loop
     vertex 3.5695998018e+01 -6.2300000000e+00 1.6369677849e+00
     vertex 3.5830638751e+01 -6.2300000000e+00 1.6366906494e+00
     vertex 3.5829916058e+01 -6.2300000000e+00 1.6562893271e+00
   endloop
 endfacet
 facet normal  0.0000000000e+00 -1.0000000000e+00 0.0000000000e+00
   outer loop
     vertex 3.5829916058e+01 -6.2300000000e+00 1.6562893271e+00
     vertex 3.5830638751e+01 -6.2300000000e+00 1.6366906494e+00
     vertex 3.5945220777e+01 -6.2300000000e+00 1.6502816864e+00
   endloop
 endfacet
 facet normal  0.0000000000e+00 -1.0000000000e+00 0.0000000000e+00
   outer loop
     vertex 3.5830638751e+01 -6.2300000000e+00 1.6366906494e+00
     vertex 3.5945754570e+01 -6.2300000000e+00 1.6358057690e+00
     vertex 3.5945220777e+01 -6.2300000000e+00 1.6502816864e+00
   endloop
 endfacet
 facet normal  0.0000000000e+00 -1.0000000000e+00 0.0000000000e+00
   outer loop
     vertex 3.5945220777e+01 -6.2300000000e+00 1.6502816864e+00
     vertex 3.5945754570e+01 -6.2300000000e+00 1.6358057690e+00
     vertex 3.6037673723e+01 -6.2300000000e+00 1.6446824739e+00
   endloop
 endfacet
 facet normal  0.0000000000e+00 -1.0000000000e+00 0.0000000000e+00
   outer loop
     vertex 3.5945754570e+01 -6.2300000000e+00 1.6358057690e+00
     vertex 3.6038041652e+01 -6.2300000000e+00 1.6347046276e+00
     vertex 3.6037673723e+01 -6.2300000000e+00 1.6446824739e+00
   endloop
 endfacet
 facet normal  0.0000000000e+00 -1.0000000000e+00 0.0000000000e+00
   outer loop
     vertex 3.6037673723e+01 -6.2300000000e+00 1.6446824739e+00
     vertex 3.6038041652e+01 -6.2300000000e+00 1.6347046276e+00
     vertex 3.6108049654e+01 -6.2300000000e+00 1.6399628733e+00
   endloop
 endfacet
 facet normal  0.0000000000e+00 -1.0000000000e+00 0.0000000000e+00
   outer loop
     vertex 3.6038041652e+01 -6.2300000000e+00 1.6347046276e+00
     vertex 3.6108282903e+01 -6.2300000000e+00 1.6336374019e+00
     vertex 3.6108049654e+01 -6.2300000000e+00 1.6399628733e+00
   endloop
 endfacet
 facet normal  0.0000000000e+00 -1.0000000000e+00 0.0000000000e+00
   outer loop
     vertex 3.6108049654e+01 -6.2300000000e+00 1.6399628733e+00
     vertex 3.6108282903e+01 -6.2300000000e+00 1.6336374019e+00
     vertex 3.6159530025e+01 -6.2300000000e+00 1.6362526849e+00
   endloop
 endfacet
 facet normal  0.0000000000e+00 -1.0000000000e+00 0.0000000000e+00
   outer loop
     vertex 3.6108282903e+01 -6.2300000000e+00 1.6336374019e+00
     vertex 3.6159660009e+01 -6.2300000000e+00 1.6327276579e+00
     vertex 3.6159530025e+01 -6.2300000000e+00 1.6362526849e+00
   endloop
 endfacet
 facet normal  0.0000000000e+00 -1.0000000000e+00 0.0000000000e+00
   outer loop
     vertex 3.6159530025e+01 -6.2300000000e+00 1.6362526849e+00
     vertex 3.6159660009e+01 -6.2300000000e+00 1.6327276579e+00
     vertex 3.6196102304e+01 -6.2300000000e+00 1.6334790985e+00
   endloop
 endfacet
 facet normal  0.0000000000e+00 -1.0000000000e+00 0.0000000000e+00
   outer loop
     vertex 3.6159660009e+01 -6.2300000000e+00 1.6327276579e+00
     vertex 3.6196156390e+01 -6.2300000000e+00 1.6320123594e+00
     vertex 3.6196102304e+01 -6.2300000000e+00 1.6334790985e+00
   endloop
 endfacet
 facet normal  0.0000000000e+00 -1.0000000000e+00 0.0000000000e+00
   outer loop
     vertex 3.6196102304e+01 -6.2300000000e+00 1.6334790985e+00
     vertex 3.6196156390e+01 -6.2300000000e+00 1.6320123594e+00
     vertex 3.6221547318e+01 -6.2300000000e+00 1.6314799052e+00
   endloop
 endfacet
 facet normal  0.0000000000e+00 -1.0000000000e+00 0.0000000000e+00
   outer loop
     vertex 3.6221547318e+01 -6.2300000000e+00 1.6314799052e+00
     vertex 3.6196210475e+01 -6.2300000000e+00 1.6305456202e+00
     vertex 3.6196264560e+01 -6.2300000000e+00 1.6290788811e+00
   endloop
 endfacet
 facet normal  0.0000000000e+00 -1.0000000000e+00 -0.0000000000e+00
   outer loop
     vertex 3.6196264560e+01 -6.2300000000e+00 1.6290788811e+00
     vertex 3.6196210475e+01 -6.2300000000e+00 1.6305456202e+00
     vertex 3.6159789992e+01 -6.2300000000e+00 1.6292026308e+00
   endloop
 endfacet
 facet normal  0.0000000000e+00 -1.0000000000e+00 0.0000000000e+00
   outer loop
     vertex 3.6196264560e+01 -6.2300000000e+00 1.6290788811e+00
     vertex 3.6159789992e+01 -6.2300000000e+00 1.6292026308e+00
     vertex 3.6159919976e+01 -6.2300000000e+00 1.6256776038e+00
   endloop
 endfacet
 facet normal  0.0000000000e+00 -1.0000000000e+00 -0.0000000000e+00
   outer loop
     vertex 3.6159919976e+01 -6.2300000000e+00 1.6256776038e+00
     vertex 3.6159789992e+01 -6.2300000000e+00 1.6292026308e+00
     vertex 3.6108516152e+01 -6.2300000000e+00 1.6273119304e+00
   endloop
 endfacet
 facet normal  0.0000000000e+00 -1.0000000000e+00 0.0000000000e+00
   outer loop
     vertex 3.6159919976e+01 -6.2300000000e+00 1.6256776038e+00
     vertex 3.6108516152e+01 -6.2300000000e+00 1.6273119304e+00
     vertex 3.6108749401e+01 -6.2300000000e+00 1.6209864589e+00
   endloop
 endfacet
 facet normal  0.0000000000e+00 -1.0000000000e+00 -0.0000000000e+00
   outer loop
     vertex 3.6108749401e+01 -6.2300000000e+00 1.6209864589e+00
     vertex 3.6108516152e+01 -6.2300000000e+00 1.6273119304e+00
     vertex 3.6038409581e+01 -6.2300000000e+00 1.6247267812e+00
   endloop
 endfacet
 facet normal  0.0000000000e+00 -1.0000000000e+00 0.0000000000e+00
   outer loop
     vertex 3.6108749401e+01 -6.2300000000e+00 1.6209864589e+00
     vertex 3.6038409581e+01 -6.2300000000e+00 1.6247267812e+00
     vertex 3.6038777509e+01 -6.2300000000e+00 1.6147489349e+00
   endloop
 endfacet
 facet normal  0.0000000000e+00 -1.0000000000e+00 -0.0000000000e+00
   outer loop
     vertex 3.6038777509e+01 -6.2300000000e+00 1.6147489349e+00
     vertex 3.6038409581e+01 -6.2300000000e+00 1.6247267812e+00
     vertex 3.5946288364e+01 -6.2300000000e+00 1.6213298516e+00
   endloop
 endfacet
 facet normal  0.0000000000e+00 -1.0000000000e+00 0.0000000000e+00
   outer loop
     vertex 3.6038777509e+01 -6.2300000000e+00 1.6147489349e+00
     vertex 3.5946288364e+01 -6.2300000000e+00 1.6213298516e+00
     vertex 3.5946822157e+01 -6.2300000000e+00 1.6068539343e+00
   endloop
 endfacet
 facet normal  0.0000000000e+00 -1.0000000000e+00 -0.0000000000e+00
   outer loop
     vertex 3.5946822157e+01 -6.2300000000e+00 1.6068539343e+00
     vertex 3.5946288364e+01 -6.2300000000e+00 1.6213298516e+00
     vertex 3.5831361444e+01 -6.2300000000e+00 1.6170919717e+00
   endloop
 endfacet
 facet normal  0.0000000000e+00 -1.0000000000e+00 0.0000000000e+00
   outer loop
     vertex 3.5946822157e+01 -6.2300000000e+00 1.6068539343e+00
     vertex 3.5831361444e+01 -6.2300000000e+00 1.6170919717e+00
     vertex 3.5832084136e+01 -6.2300000000e+00 1.5974932940e+00
   endloop
 endfacet
 facet normal  0.0000000000e+00 -1.0000000000e+00 -0.0000000000e+00
   outer loop
     vertex 3.5832084136e+01 -6.2300000000e+00 1.5974932940e+00
     vertex 3.5831361444e+01 -6.2300000000e+00 1.6170919717e+00
     vertex 3.5696913742e+01 -6.2300000000e+00 1.6121342715e+00
   endloop
 endfacet
 facet normal  0.0000000000e+00 -1.0000000000e+00 0.0000000000e+00
   outer loop
     vertex 3.5832084136e+01 -6.2300000000e+00 1.5974932940e+00
     vertex 3.5696913742e+01 -6.2300000000e+00 1.6121342715e+00
     vertex 3.5697829467e+01 -6.2300000000e+00 1.5873007582e+00
   endloop
 endfacet
 facet normal  0.0000000000e+00 -1.0000000000e+00 -0.0000000000e+00
   outer loop
     vertex 3.5697829467e+01 -6.2300000000e+00 1.5873007582e+00
     vertex 3.5696913742e+01 -6.2300000000e+00 1.6121342715e+00
     vertex 3.5550964549e+01 -6.2300000000e+00 1.6067524589e+00
   endloop
 endfacet
 facet normal  0.0000000000e+00 -1.0000000000e+00 0.0000000000e+00
   outer loop
     vertex 3.5697829467e+01 -6.2300000000e+00 1.5873007582e+00
     vertex 3.5550964549e+01 -6.2300000000e+00 1.6067524589e+00
     vertex 3.5552048223e+01 -6.2300000000e+00 1.5773643537e+00
   endloop
 endfacet
 facet normal  0.0000000000e+00 -1.0000000000e+00 -0.0000000000e+00
   outer loop
     vertex 3.5552048223e+01 -6.2300000000e+00 1.5773643537e+00
     vertex 3.5550964549e+01 -6.2300000000e+00 1.6067524589e+00
     vertex 3.5406048895e+01 -6.2300000000e+00 1.5689899908e+00
   endloop
 endfacet
 facet normal  0.0000000000e+00 -1.0000000000e+00 0.0000000000e+00
   outer loop
     vertex 3.5550964549e+01 -6.2300000000e+00 1.6067524589e+00
     vertex 3.5404855090e+01 -6.2300000000e+00 1.6013647365e+00
     vertex 3.5406048895e+01 -6.2300000000e+00 1.5689899908e+00
   endloop
 endfacet
 facet normal  0.0000000000e+00 -1.0000000000e+00 -0.0000000000e+00
   outer loop
     vertex 3.5406048895e+01 -6.2300000000e+00 1.5689899908e+00
     vertex 3.5404855090e+01 -6.2300000000e+00 1.6013647365e+00
     vertex 3.5271236897e+01 -6.2300000000e+00 1.5632422687e+00
   endloop
 endfacet
 facet normal  0.0000000000e+00 -1.0000000000e+00 0.0000000000e+00
   outer loop
     vertex 3.5404855090e+01 -6.2300000000e+00 1.6013647365e+00
     vertex 3.5270014495e+01 -6.2300000000e+00 1.5963925484e+00
     vertex 3.5271236897e+01 -6.2300000000e+00 1.5632422687e+00
   endloop
 endfacet
 facet normal  0.0000000000e+00 -1.0000000000e+00 -0.0000000000e+00
   outer loop
     vertex 3.5271236897e+01 -6.2300000000e+00 1.5632422687e+00
     vertex 3.5270014495e+01 -6.2300000000e+00 1.5963925484e+00
     vertex 3.5155846994e+01 -6.2300000000e+00 1.5605473926e+00
   endloop
 endfacet
 facet normal  0.0000000000e+00 -1.0000000000e+00 0.0000000000e+00
   outer loop
     vertex 3.5270014495e+01 -6.2300000000e+00 1.5963925484e+00
     vertex 3.5154682041e+01 -6.2300000000e+00 1.5921397146e+00
     vertex 3.5155846994e+01 -6.2300000000e+00 1.5605473926e+00
   endloop
 endfacet
 facet normal  0.0000000000e+00 -1.0000000000e+00 -0.0000000000e+00
   outer loop
     vertex 3.5155846994e+01 -6.2300000000e+00 1.5605473926e+00
     vertex 3.5154682041e+01 -6.2300000000e+00 1.5921397146e+00
     vertex 3.5063438664e+01 -6.2300000000e+00 1.5606758184e+00
   endloop
 endfacet
 facet normal  0.0000000000e+00 -1.0000000000e+00 0.0000000000e+00
   outer loop
     vertex 3.5154682041e+01 -6.2300000000e+00 1.5921397146e+00
     vertex 3.5062403920e+01 -6.2300000000e+00 1.5887369993e+00
     vertex 3.5063438664e+01 -6.2300000000e+00 1.5606758184e+00
   endloop
 endfacet
 facet normal  0.0000000000e+00 -1.0000000000e+00 -0.0000000000e+00
   outer loop
     vertex 3.5063438664e+01 -6.2300000000e+00 1.5606758184e+00
     vertex 3.5062403920e+01 -6.2300000000e+00 1.5887369993e+00
     vertex 3.4993486167e+01 -6.2300000000e+00 1.5630577239e+00
   endloop
 endfacet
 facet normal  0.0000000000e+00 -1.0000000000e+00 0.0000000000e+00
   outer loop
     vertex 3.5062403920e+01 -6.2300000000e+00 1.5887369993e+00
     vertex 3.4992634123e+01 -6.2300000000e+00 1.5861642685e+00
     vertex 3.4993486167e+01 -6.2300000000e+00 1.5630577239e+00
   endloop
 endfacet
 facet normal  0.0000000000e+00 -1.0000000000e+00 -0.0000000000e+00
   outer loop
     vertex 3.4993486167e+01 -6.2300000000e+00 1.5630577239e+00
     vertex 3.4992634123e+01 -6.2300000000e+00 1.5861642685e+00
     vertex 3.4943132736e+01 -6.2300000000e+00 1.5672113427e+00
   endloop
 endfacet
 facet normal  0.0000000000e+00 -1.0000000000e+00 0.0000000000e+00
   outer loop
     vertex 3.4992634123e+01 -6.2300000000e+00 1.5861642685e+00
     vertex 3.4942502022e+01 -6.2300000000e+00 1.5843156692e+00
     vertex 3.4943132736e+01 -6.2300000000e+00 1.5672113427e+00
   endloop
 endfacet
 facet normal  0.0000000000e+00 -1.0000000000e+00 -0.0000000000e+00
   outer loop
     vertex 3.4943132736e+01 -6.2300000000e+00 1.5672113427e+00
     vertex 3.4942502022e+01 -6.2300000000e+00 1.5843156692e+00
     vertex 3.4909313393e+01 -6.2300000000e+00 1.5732250504e+00
   endloop
 endfacet
 facet normal  0.0000000000e+00 -1.0000000000e+00 0.0000000000e+00
   outer loop
     vertex 3.4942502022e+01 -6.2300000000e+00 1.5843156692e+00
     vertex 3.4908950053e+01 -6.2300000000e+00 1.5830784550e+00
     vertex 3.4909313393e+01 -6.2300000000e+00 1.5732250504e+00
   endloop
 endfacet
 facet normal  0.0000000000e+00 -1.0000000000e+00 -0.0000000000e+00
   outer loop
     vertex 3.4909313393e+01 -6.2300000000e+00 1.5732250504e+00
     vertex 3.4908950053e+01 -6.2300000000e+00 1.5830784550e+00
     vertex 3.4894449261e+01 -6.2300000000e+00 1.5825437447e+00
   endloop
 endfacet
 facet normal  -0.0000000000e+00 -1.0000000000e+00 0.0000000000e+00
   outer loop
     vertex 3.4894449261e+01 -6.2300000000e+00 1.5825437447e+00
     vertex 3.4908950053e+01 -6.2300000000e+00 1.5830784550e+00
     vertex 3.4908586713e+01 -6.2300000000e+00 1.5929318597e+00
   endloop
 endfacet
 facet normal  0.0000000000e+00 -1.0000000000e+00 0.0000000000e+00
   outer loop
     vertex 3.4908586713e+01 -6.2300000000e+00 1.5929318597e+00
     vertex 3.4908950053e+01 -6.2300000000e+00 1.5830784550e+00
     vertex 3.4942502022e+01 -6.2300000000e+00 1.5843156692e+00
   endloop
 endfacet
 facet normal  0.0000000000e+00 -1.0000000000e+00 0.0000000000e+00
   outer loop
     vertex 3.4908586713e+01 -6.2300000000e+00 1.5929318597e+00
     vertex 3.4942502022e+01 -6.2300000000e+00 1.5843156692e+00
     vertex 3.4941871307e+01 -6.2300000000e+00 1.6014199958e+00
   endloop
 endfacet
 facet normal  0.0000000000e+00 -1.0000000000e+00 0.0000000000e+00
   outer loop
     vertex 3.4941871307e+01 -6.2300000000e+00 1.6014199958e+00
     vertex 3.4942502022e+01 -6.2300000000e+00 1.5843156692e+00
     vertex 3.4992634123e+01 -6.2300000000e+00 1.5861642685e+00
   endloop
 endfacet
 facet normal  0.0000000000e+00 -1.0000000000e+00 0.0000000000e+00
   outer loop
     vertex 3.4941871307e+01 -6.2300000000e+00 1.6014199958e+00
     vertex 3.4992634123e+01 -6.2300000000e+00 1.5861642685e+00
     vertex 3.4991782079e+01 -6.2300000000e+00 1.6092708132e+00
   endloop
 endfacet
 facet normal  0.0000000000e+00 -1.0000000000e+00 0.0000000000e+00
   outer loop
     vertex 3.4991782079e+01 -6.2300000000e+00 1.6092708132e+00
     vertex 3.4992634123e+01 -6.2300000000e+00 1.5861642685e+00
     vertex 3.5062403920e+01 -6.2300000000e+00 1.5887369993e+00
   endloop
 endfacet
 facet normal  0.0000000000e+00 -1.0000000000e+00 0.0000000000e+00
   outer loop
     vertex 3.4991782079e+01 -6.2300000000e+00 1.6092708132e+00
     vertex 3.5062403920e+01 -6.2300000000e+00 1.5887369993e+00
     vertex 3.5061369176e+01 -6.2300000000e+00 1.6167981802e+00
   endloop
 endfacet
 facet normal  0.0000000000e+00 -1.0000000000e+00 0.0000000000e+00
   outer loop
     vertex 3.5061369176e+01 -6.2300000000e+00 1.6167981802e+00
     vertex 3.5062403920e+01 -6.2300000000e+00 1.5887369993e+00
     vertex 3.5154682041e+01 -6.2300000000e+00 1.5921397146e+00
   endloop
 endfacet
 facet normal  0.0000000000e+00 -1.0000000000e+00 0.0000000000e+00
   outer loop
     vertex 3.5061369176e+01 -6.2300000000e+00 1.6167981802e+00
     vertex 3.5154682041e+01 -6.2300000000e+00 1.5921397146e+00
     vertex 3.5153517088e+01 -6.2300000000e+00 1.6237320366e+00
   endloop
 endfacet
 facet normal  7.6905705534e-15 -1.0000000000e+00 2.8358642617e-16
   outer loop
     vertex 3.5153517088e+01 -6.2300000000e+00 1.6237320366e+00
     vertex 3.5154682041e+01 -6.2300000000e+00 1.5921397146e+00
     vertex 3.5270014495e+01 -6.2300000000e+00 1.5963925484e+00
   endloop
 endfacet
 facet normal  7.6905705534e-15 -1.0000000000e+00 2.8358642617e-16
   outer loop
     vertex 3.5153517088e+01 -6.2300000000e+00 1.6237320366e+00
     vertex 3.5270014495e+01 -6.2300000000e+00 1.5963925484e+00
     vertex 3.5268792092e+01 -6.2300000000e+00 1.6295428282e+00
   endloop
 endfacet
 facet normal  -6.5779327683e-15 -1.0000000000e+00 -2.4255839439e-16
   outer loop
     vertex 3.5268792092e+01 -6.2300000000e+00 1.6295428282e+00
     vertex 3.5270014495e+01 -6.2300000000e+00 1.5963925484e+00
     vertex 3.5404855090e+01 -6.2300000000e+00 1.6013647365e+00
   endloop
 endfacet
 facet normal  -6.5779327683e-15 -1.0000000000e+00 -2.4255839438e-16
   outer loop
     vertex 3.5268792092e+01 -6.2300000000e+00 1.6295428282e+00
     vertex 3.5404855090e+01 -6.2300000000e+00 1.6013647365e+00
     vertex 3.5403661286e+01 -6.2300000000e+00 1.6337394821e+00
   endloop
 endfacet
 facet normal  0.0000000000e+00 -1.0000000000e+00 0.0000000000e+00
   outer loop
     vertex 3.5403661286e+01 -6.2300000000e+00 1.6337394821e+00
     vertex 3.5404855090e+01 -6.2300000000e+00 1.6013647365e+00
     vertex 3.5550964549e+01 -6.2300000000e+00 1.6067524589e+00
   endloop
 endfacet
 facet normal  0.0000000000e+00 -1.0000000000e+00 0.0000000000e+00
   outer loop
     vertex 3.5403661286e+01 -6.2300000000e+00 1.6337394821e+00
     vertex 3.5550964549e+01 -6.2300000000e+00 1.6067524589e+00
     vertex 3.5549880875e+01 -6.2300000000e+00 1.6361405640e+00
   endloop
 endfacet
 facet normal  0.0000000000e+00 -1.0000000000e+00 0.0000000000e+00
   outer loop
     vertex 3.5549880875e+01 -6.2300000000e+00 1.6361405640e+00
     vertex 3.5550964549e+01 -6.2300000000e+00 1.6067524589e+00
     vertex 3.5695998018e+01 -6.2300000000e+00 1.6369677849e+00
   endloop
 endfacet
 facet normal  -0.0000000000e+00 -1.0000000000e+00 0.0000000000e+00
   outer loop
     vertex 3.5550964549e+01 -6.2300000000e+00 1.6067524589e+00
     vertex 3.5696913742e+01 -6.2300000000e+00 1.6121342715e+00
     vertex 3.5695998018e+01 -6.2300000000e+00 1.6369677849e+00
   endloop
 endfacet
 facet normal  0.0000000000e+00 -1.0000000000e+00 0.0000000000e+00
   outer loop
     vertex 3.5695998018e+01 -6.2300000000e+00 1.6369677849e+00
     vertex 3.5696913742e+01 -6.2300000000e+00 1.6121342715e+00
     vertex 3.5830638751e+01 -6.2300000000e+00 1.6366906494e+00
   endloop
 endfacet
 facet normal  -0.0000000000e+00 -1.0000000000e+00 0.0000000000e+00
   outer loop
     vertex 3.5696913742e+01 -6.2300000000e+00 1.6121342715e+00
     vertex 3.5831361444e+01 -6.2300000000e+00 1.6170919717e+00
     vertex 3.5830638751e+01 -6.2300000000e+00 1.6366906494e+00
   endloop
 endfacet
 facet normal  0.0000000000e+00 -1.0000000000e+00 0.0000000000e+00
   outer loop
     vertex 3.5830638751e+01 -6.2300000000e+00 1.6366906494e+00
     vertex 3.5831361444e+01 -6.2300000000e+00 1.6170919717e+00
     vertex 3.5945754570e+01 -6.2300000000e+00 1.6358057690e+00
   endloop
 endfacet
 facet normal  -0.0000000000e+00 -1.0000000000e+00 0.0000000000e+00
   outer loop
     vertex 3.5831361444e+01 -6.2300000000e+00 1.6170919717e+00
     vertex 3.5946288364e+01 -6.2300000000e+00 1.6213298516e+00
     vertex 3.5945754570e+01 -6.2300000000e+00 1.6358057690e+00
   endloop
 endfacet
 facet normal  0.0000000000e+00 -1.0000000000e+00 0.0000000000e+00
   outer loop
     vertex 3.5945754570e+01 -6.2300000000e+00 1.6358057690e+00
     vertex 3.5946288364e+01 -6.2300000000e+00 1.6213298516e+00
     vertex 3.6038041652e+01 -6.2300000000e+00 1.6347046276e+00
   endloop
 endfacet
 facet normal  -0.0000000000e+00 -1.0000000000e+00 0.0000000000e+00
   outer loop
     vertex 3.5946288364e+01 -6.2300000000e+00 1.6213298516e+00
     vertex 3.6038409581e+01 -6.2300000000e+00 1.6247267812e+00
     vertex 3.6038041652e+01 -6.2300000000e+00 1.6347046276e+00
   endloop
 endfacet
 facet normal  0.0000000000e+00 -1.0000000000e+00 0.0000000000e+00
   outer loop
     vertex 3.6038041652e+01 -6.2300000000e+00 1.6347046276e+00
     vertex 3.6038409581e+01 -6.2300000000e+00 1.6247267812e+00
     vertex 3.6108282903e+01 -6.2300000000e+00 1.6336374019e+00
   endloop
 endfacet
 facet normal  -0.0000000000e+00 -1.0000000000e+00 0.0000000000e+00
   outer loop
     vertex 3.6038409581e+01 -6.2300000000e+00 1.6247267812e+00
     vertex 3.6108516152e+01 -6.2300000000e+00 1.6273119304e+00
     vertex 3.6108282903e+01 -6.2300000000e+00 1.6336374019e+00
   endloop
 endfacet
 facet normal  0.0000000000e+00 -1.0000000000e+00 0.0000000000e+00
   outer loop
     vertex 3.6108282903e+01 -6.2300000000e+00 1.6336374019e+00
     vertex 3.6108516152e+01 -6.2300000000e+00 1.6273119304e+00
     vertex 3.6159660009e+01 -6.2300000000e+00 1.6327276579e+00
   endloop
 endfacet
 facet normal  -0.0000000000e+00 -1.0000000000e+00 0.0000000000e+00
   outer loop
     vertex 3.6108516152e+01 -6.2300000000e+00 1.6273119304e+00
     vertex 3.6159789992e+01 -6.2300000000e+00 1.6292026308e+00
     vertex 3.6159660009e+01 -6.2300000000e+00 1.6327276579e+00
   endloop
 endfacet
 facet normal  0.0000000000e+00 -1.0000000000e+00 0.0000000000e+00
   outer loop
     vertex 3.6159660009e+01 -6.2300000000e+00 1.6327276579e+00
     vertex 3.6159789992e+01 -6.2300000000e+00 1.6292026308e+00
     vertex 3.6196156390e+01 -6.2300000000e+00 1.6320123594e+00
   endloop
 endfacet
 facet normal  -0.0000000000e+00 -1.0000000000e+00 0.0000000000e+00
   outer loop
     vertex 3.6159789992e+01 -6.2300000000e+00 1.6292026308e+00
     vertex 3.6196210475e+01 -6.2300000000e+00 1.6305456202e+00
     vertex 3.6196156390e+01 -6.2300000000e+00 1.6320123594e+00
   endloop
 endfacet
 facet normal  0.0000000000e+00 -1.0000000000e+00 0.0000000000e+00
   outer loop
     vertex 3.6196156390e+01 -6.2300000000e+00 1.6320123594e+00
     vertex 3.6196210475e+01 -6.2300000000e+00 1.6305456202e+00
     vertex 3.6221547318e+01 -6.2300000000e+00 1.6314799052e+00
   endloop
 endfacet
endsolid
