solid
 facet normal  0.0000000000e+00 0.0000000000e+00 -1.0000000000e+00
   outer loop
     vertex 3.6200000000e+01 0.0000000000e+00 7.7021872499e-01
     vertex 3.6093085279e+01 8.5259919799e-16 7.7021872499e-01
     vertex 3.6093085279e+01 6.1892481210e-03 7.7021872499e-01
   endloop
 endfacet
 facet normal  0.0000000000e+00 0.0000000000e+00 -1.0000000000e+00
   outer loop
     vertex 3.6093085279e+01 8.5259919799e-16 7.7021872499e-01
     vertex 3.5939400552e+01 1.1068534486e-15 7.7021872499e-01
     vertex 3.6093085279e+01 6.1892481210e-03 7.7021872499e-01
   endloop
 endfacet
 facet normal  0.0000000000e+00 0.0000000000e+00 -1.0000000000e+00
   outer loop
     vertex 3.6093085279e+01 6.1892481210e-03 7.7021872499e-01
     vertex 3.5939400552e+01 1.1068534486e-15 7.7021872499e-01
     vertex 3.5939400552e+01 1.4874674278e-02 7.7021872499e-01
   endloop
 endfacet
 facet normal  0.0000000000e+00 0.0000000000e+00 -1.0000000000e+00
   outer loop
     vertex 3.5939400552e+01 1.1068534486e-15 7.7021872499e-01
     vertex 3.5723038614e+01 4.1681977143e-16 7.7021872499e-01
     vertex 3.5939400552e+01 1.4874674278e-02 7.7021872499e-01
   endloop
 endfacet
 facet normal  0.0000000000e+00 0.0000000000e+00 -1.0000000000e+00
   outer loop
     vertex 3.5939400552e+01 1.4874674278e-02 7.7021872499e-01
     vertex 3.5723038614e+01 4.1681977143e-16 7.7021872499e-01
     vertex 3.5723038614e+01 2.6691803214e-02 7.7021872499e-01
   endloop
 endfacet
 facet normal  0.0000000000e+00 0.0000000000e+00 -1.0000000000e+00
   outer loop
     vertex 3.5723038614e+01 4.1681977143e-16 7.7021872499e-01
     vertex 3.5427207574e+01 -2.2573278409e-16 7.7021872499e-01
     vertex 3.5723038614e+01 2.6691803214e-02 7.7021872499e-01
   endloop
 endfacet
 facet normal  0.0000000000e+00 0.0000000000e+00 -1.0000000000e+00
   outer loop
     vertex 3.5723038614e+01 2.6691803214e-02 7.7021872499e-01
     vertex 3.5427207574e+01 -2.2573278409e-16 7.7021872499e-01
     vertex 3.5427207574e+01 4.2103851448e-02 7.7021872499e-01
   endloop
 endfacet
 facet normal  0.0000000000e+00 0.0000000000e+00 -1.0000000000e+00
   outer loop
     vertex 3.5427207574e+01 -2.2573278409e-16 7.7021872499e-01
     vertex 3.5038480597e+01 -1.5736036388e-16 7.7021872499e-01
     vertex 3.5427207574e+01 4.2103851448e-02 7.7021872499e-01
   endloop
 endfacet
 facet normal  0.0000000000e+00 0.0000000000e+00 -1.0000000000e+00
   outer loop
     vertex 3.5427207574e+01 4.2103851448e-02 7.7021872499e-01
     vertex 3.5038480597e+01 -1.5736036388e-16 7.7021872499e-01
     vertex 3.5038480597e+01 6.1084512075e-02 7.7021872499e-01
   endloop
 endfacet
 facet normal  0.0000000000e+00 0.0000000000e+00 -1.0000000000e+00
   outer loop
     vertex 3.5038480597e+01 -1.5736036388e-16 7.7021872499e-01
     vertex 3.4553519634e+01 -1.1539667049e-16 7.7021872499e-01
     vertex 3.5038480597e+01 6.1084512075e-02 7.7021872499e-01
   endloop
 endfacet
 facet normal  0.0000000000e+00 0.0000000000e+00 -1.0000000000e+00
   outer loop
     vertex 3.5038480597e+01 6.1084512075e-02 7.7021872499e-01
     vertex 3.4553519634e+01 -1.1539667049e-16 7.7021872499e-01
     vertex 3.4553519634e+01 8.2701194942e-02 7.7021872499e-01
   endloop
 endfacet
 facet normal  0.0000000000e+00 0.0000000000e+00 -1.0000000000e+00
   outer loop
     vertex 3.4553519634e+01 -1.1539667049e-16 7.7021872499e-01
     vertex 3.3986186178e+01 -1.1238766271e-16 7.7021872499e-01
     vertex 3.4553519634e+01 8.2701194942e-02 7.7021872499e-01
   endloop
 endfacet
 facet normal  0.0000000000e+00 0.0000000000e+00 -1.0000000000e+00
   outer loop
     vertex 3.4553519634e+01 8.2701194942e-02 7.7021872499e-01
     vertex 3.3986186178e+01 -1.1238766271e-16 7.7021872499e-01
     vertex 3.3986186178e+01 1.0479080597e-01 7.7021872499e-01
   endloop
 endfacet
 facet normal  0.0000000000e+00 0.0000000000e+00 -1.0000000000e+00
   outer loop
     vertex 3.3986186178e+01 -1.1238766271e-16 7.7021872499e-01
     vertex 3.3370319491e+01 -2.7755575616e-17 7.7021872499e-01
     vertex 3.3986186178e+01 1.0479080597e-01 7.7021872499e-01
   endloop
 endfacet
 facet normal  0.0000000000e+00 0.0000000000e+00 -1.0000000000e+00
   outer loop
     vertex 3.3986186178e+01 1.0479080597e-01 7.7021872499e-01
     vertex 3.3370319491e+01 -2.7755575616e-17 7.7021872499e-01
     vertex 3.3370319491e+01 1.2400996908e-01 7.7021872499e-01
   endloop
 endfacet
 facet normal  0.0000000000e+00 0.0000000000e+00 -1.0000000000e+00
   outer loop
     vertex 3.3370319491e+01 -2.7755575616e-17 7.7021872499e-01
     vertex 3.2753776528e+01 1.3661279550e-01 7.7021872499e-01
     vertex 3.3370319491e+01 1.2400996908e-01 7.7021872499e-01
   endloop
 endfacet
 facet normal  0.0000000000e+00 0.0000000000e+00 -1.0000000000e+00
   outer loop
     vertex 3.3370319491e+01 -2.7755575616e-17 7.7021872499e-01
     vertex 3.2753776528e+01 -2.9800104004e-18 7.7021872499e-01
     vertex 3.2753776528e+01 1.3661279550e-01 7.7021872499e-01
   endloop
 endfacet
 facet normal  0.0000000000e+00 0.0000000000e+00 -1.0000000000e+00
   outer loop
     vertex 3.2753776528e+01 -2.9800104004e-18 7.7021872499e-01
     vertex 3.2184785162e+01 1.3988534266e-01 7.7021872499e-01
     vertex 3.2753776528e+01 1.3661279550e-01 7.7021872499e-01
   endloop
 endfacet
 facet normal  0.0000000000e+00 0.0000000000e+00 -1.0000000000e+00
   outer loop
     vertex 3.2753776528e+01 -2.9800104004e-18 7.7021872499e-01
     vertex 3.2184785162e+01 -1.4350729323e-17 7.7021872499e-01
     vertex 3.2184785162e+01 1.3988534266e-01 7.7021872499e-01
   endloop
 endfacet
 facet normal  0.0000000000e+00 0.0000000000e+00 -1.0000000000e+00
   outer loop
     vertex 3.2184785162e+01 -1.4350729323e-17 7.7021872499e-01
     vertex 3.1698112953e+01 1.3331117643e-01 7.7021872499e-01
     vertex 3.2184785162e+01 1.3988534266e-01 7.7021872499e-01
   endloop
 endfacet
 facet normal  0.0000000000e+00 0.0000000000e+00 -1.0000000000e+00
   outer loop
     vertex 3.2184785162e+01 -1.4350729323e-17 7.7021872499e-01
     vertex 3.1698112953e+01 2.5572416306e-17 7.7021872499e-01
     vertex 3.1698112953e+01 1.3331117643e-01 7.7021872499e-01
   endloop
 endfacet
 facet normal  0.0000000000e+00 0.0000000000e+00 -1.0000000000e+00
   outer loop
     vertex 3.1698112953e+01 2.5572416306e-17 7.7021872499e-01
     vertex 3.1308723884e+01 1.1841070247e-01 7.7021872499e-01
     vertex 3.1698112953e+01 1.3331117643e-01 7.7021872499e-01
   endloop
 endfacet
 facet normal  0.0000000000e+00 0.0000000000e+00 -1.0000000000e+00
   outer loop
     vertex 3.1698112953e+01 2.5572416306e-17 7.7021872499e-01
     vertex 3.1308723884e+01 -5.0003655745e-17 7.7021872499e-01
     vertex 3.1308723884e+01 1.1841070247e-01 7.7021872499e-01
   endloop
 endfacet
 facet normal  0.0000000000e+00 0.0000000000e+00 -1.0000000000e+00
   outer loop
     vertex 3.1308723884e+01 -5.0003655745e-17 7.7021872499e-01
     vertex 3.1014313943e+01 9.7503458391e-02 7.7021872499e-01
     vertex 3.1308723884e+01 1.1841070247e-01 7.7021872499e-01
   endloop
 endfacet
 facet normal  0.0000000000e+00 0.0000000000e+00 -1.0000000000e+00
   outer loop
     vertex 3.1308723884e+01 -5.0003655745e-17 7.7021872499e-01
     vertex 3.1014313943e+01 9.1279878473e-17 7.7021872499e-01
     vertex 3.1014313943e+01 9.7503458391e-02 7.7021872499e-01
   endloop
 endfacet
 facet normal  0.0000000000e+00 0.0000000000e+00 -1.0000000000e+00
   outer loop
     vertex 3.1014313943e+01 9.1279878473e-17 7.7021872499e-01
     vertex 3.0802769841e+01 7.2175698254e-02 7.7021872499e-01
     vertex 3.1014313943e+01 9.7503458391e-02 7.7021872499e-01
   endloop
 endfacet
 facet normal  0.0000000000e+00 0.0000000000e+00 -1.0000000000e+00
   outer loop
     vertex 3.1014313943e+01 9.1279878473e-17 7.7021872499e-01
     vertex 3.0802769841e+01 9.1711418706e-18 7.7021872499e-01
     vertex 3.0802769841e+01 7.2175698254e-02 7.7021872499e-01
   endloop
 endfacet
 facet normal  0.0000000000e+00 0.0000000000e+00 -1.0000000000e+00
   outer loop
     vertex 3.0802769841e+01 9.1711418706e-18 7.7021872499e-01
     vertex 3.0661189475e+01 4.1578740880e-02 7.7021872499e-01
     vertex 3.0802769841e+01 7.2175698254e-02 7.7021872499e-01
   endloop
 endfacet
 facet normal  0.0000000000e+00 0.0000000000e+00 -1.0000000000e+00
   outer loop
     vertex 3.0802769841e+01 9.1711418706e-18 7.7021872499e-01
     vertex 3.0661189475e+01 4.0262213096e-16 7.7021872499e-01
     vertex 3.0661189475e+01 4.1578740880e-02 7.7021872499e-01
   endloop
 endfacet
 facet normal  0.0000000000e+00 0.0000000000e+00 -1.0000000000e+00
   outer loop
     vertex 3.0661189475e+01 4.0262213096e-16 7.7021872499e-01
     vertex 3.0600000000e+01 0.0000000000e+00 7.7021872499e-01
     vertex 3.0661189475e+01 4.1578740880e-02 7.7021872499e-01
   endloop
 endfacet
 facet normal  0.0000000000e+00 -0.0000000000e+00 -1.0000000000e+00
   outer loop
     vertex 3.0600000000e+01 0.0000000000e+00 7.7021872499e-01
     vertex 3.0661189475e+01 4.0262213096e-16 7.7021872499e-01
     vertex 3.0661189475e+01 -4.1578740880e-02 7.7021872499e-01
   endloop
 endfacet
 facet normal  -0.0000000000e+00 0.0000000000e+00 -1.0000000000e+00
   outer loop
     vertex 3.0661189475e+01 4.0262213096e-16 7.7021872499e-01
     vertex 3.0802769841e+01 9.1711418706e-18 7.7021872499e-01
     vertex 3.0661189475e+01 -4.1578740880e-02 7.7021872499e-01
   endloop
 endfacet
 facet normal  0.0000000000e+00 -0.0000000000e+00 -1.0000000000e+00
   outer loop
     vertex 3.0661189475e+01 -4.1578740880e-02 7.7021872499e-01
     vertex 3.0802769841e+01 9.1711418706e-18 7.7021872499e-01
     vertex 3.0802769841e+01 -7.2175698254e-02 7.7021872499e-01
   endloop
 endfacet
 facet normal  0.0000000000e+00 0.0000000000e+00 -1.0000000000e+00
   outer loop
     vertex 3.0802769841e+01 9.1711418706e-18 7.7021872499e-01
     vertex 3.1014313943e+01 9.1279878473e-17 7.7021872499e-01
     vertex 3.0802769841e+01 -7.2175698254e-02 7.7021872499e-01
   endloop
 endfacet
 facet normal  0.0000000000e+00 -0.0000000000e+00 -1.0000000000e+00
   outer loop
     vertex 3.0802769841e+01 -7.2175698254e-02 7.7021872499e-01
     vertex 3.1014313943e+01 9.1279878473e-17 7.7021872499e-01
     vertex 3.1014313943e+01 -9.7503458391e-02 7.7021872499e-01
   endloop
 endfacet
 facet normal  -0.0000000000e+00 0.0000000000e+00 -1.0000000000e+00
   outer loop
     vertex 3.1014313943e+01 9.1279878473e-17 7.7021872499e-01
     vertex 3.1308723884e+01 -5.0003655745e-17 7.7021872499e-01
     vertex 3.1014313943e+01 -9.7503458391e-02 7.7021872499e-01
   endloop
 endfacet
 facet normal  0.0000000000e+00 -0.0000000000e+00 -1.0000000000e+00
   outer loop
     vertex 3.1014313943e+01 -9.7503458391e-02 7.7021872499e-01
     vertex 3.1308723884e+01 -5.0003655745e-17 7.7021872499e-01
     vertex 3.1308723884e+01 -1.1841070247e-01 7.7021872499e-01
   endloop
 endfacet
 facet normal  0.0000000000e+00 0.0000000000e+00 -1.0000000000e+00
   outer loop
     vertex 3.1308723884e+01 -5.0003655745e-17 7.7021872499e-01
     vertex 3.1698112953e+01 2.5572416306e-17 7.7021872499e-01
     vertex 3.1308723884e+01 -1.1841070247e-01 7.7021872499e-01
   endloop
 endfacet
 facet normal  0.0000000000e+00 -0.0000000000e+00 -1.0000000000e+00
   outer loop
     vertex 3.1308723884e+01 -1.1841070247e-01 7.7021872499e-01
     vertex 3.1698112953e+01 2.5572416306e-17 7.7021872499e-01
     vertex 3.1698112953e+01 -1.3331117643e-01 7.7021872499e-01
   endloop
 endfacet
 facet normal  -0.0000000000e+00 0.0000000000e+00 -1.0000000000e+00
   outer loop
     vertex 3.1698112953e+01 2.5572416306e-17 7.7021872499e-01
     vertex 3.2184785162e+01 -1.4350729323e-17 7.7021872499e-01
     vertex 3.1698112953e+01 -1.3331117643e-01 7.7021872499e-01
   endloop
 endfacet
 facet normal  0.0000000000e+00 -0.0000000000e+00 -1.0000000000e+00
   outer loop
     vertex 3.1698112953e+01 -1.3331117643e-01 7.7021872499e-01
     vertex 3.2184785162e+01 -1.4350729323e-17 7.7021872499e-01
     vertex 3.2184785162e+01 -1.3988534266e-01 7.7021872499e-01
   endloop
 endfacet
 facet normal  0.0000000000e+00 0.0000000000e+00 -1.0000000000e+00
   outer loop
     vertex 3.2184785162e+01 -1.4350729323e-17 7.7021872499e-01
     vertex 3.2753776528e+01 -2.9800104004e-18 7.7021872499e-01
     vertex 3.2184785162e+01 -1.3988534266e-01 7.7021872499e-01
   endloop
 endfacet
 facet normal  0.0000000000e+00 -0.0000000000e+00 -1.0000000000e+00
   outer loop
     vertex 3.2184785162e+01 -1.3988534266e-01 7.7021872499e-01
     vertex 3.2753776528e+01 -2.9800104004e-18 7.7021872499e-01
     vertex 3.2753776528e+01 -1.3661279550e-01 7.7021872499e-01
   endloop
 endfacet
 facet normal  -0.0000000000e+00 0.0000000000e+00 -1.0000000000e+00
   outer loop
     vertex 3.2753776528e+01 -2.9800104004e-18 7.7021872499e-01
     vertex 3.3370319491e+01 -2.7755575616e-17 7.7021872499e-01
     vertex 3.2753776528e+01 -1.3661279550e-01 7.7021872499e-01
   endloop
 endfacet
 facet normal  0.0000000000e+00 -0.0000000000e+00 -1.0000000000e+00
   outer loop
     vertex 3.2753776528e+01 -1.3661279550e-01 7.7021872499e-01
     vertex 3.3370319491e+01 -2.7755575616e-17 7.7021872499e-01
     vertex 3.3370319491e+01 -1.2400996908e-01 7.7021872499e-01
   endloop
 endfacet
 facet normal  -0.0000000000e+00 0.0000000000e+00 -1.0000000000e+00
   outer loop
     vertex 3.3370319491e+01 -2.7755575616e-17 7.7021872499e-01
     vertex 3.3986186178e+01 -1.0479080597e-01 7.7021872499e-01
     vertex 3.3370319491e+01 -1.2400996908e-01 7.7021872499e-01
   endloop
 endfacet
 facet normal  -0.0000000000e+00 -0.0000000000e+00 -1.0000000000e+00
   outer loop
     vertex 3.3370319491e+01 -2.7755575616e-17 7.7021872499e-01
     vertex 3.3986186178e+01 -1.1238766271e-16 7.7021872499e-01
     vertex 3.3986186178e+01 -1.0479080597e-01 7.7021872499e-01
   endloop
 endfacet
 facet normal  -0.0000000000e+00 0.0000000000e+00 -1.0000000000e+00
   outer loop
     vertex 3.3986186178e+01 -1.1238766271e-16 7.7021872499e-01
     vertex 3.4553519634e+01 -8.2701194942e-02 7.7021872499e-01
     vertex 3.3986186178e+01 -1.0479080597e-01 7.7021872499e-01
   endloop
 endfacet
 facet normal  -0.0000000000e+00 -0.0000000000e+00 -1.0000000000e+00
   outer loop
     vertex 3.3986186178e+01 -1.1238766271e-16 7.7021872499e-01
     vertex 3.4553519634e+01 -1.1539667049e-16 7.7021872499e-01
     vertex 3.4553519634e+01 -8.2701194942e-02 7.7021872499e-01
   endloop
 endfacet
 facet normal  -0.0000000000e+00 0.0000000000e+00 -1.0000000000e+00
   outer loop
     vertex 3.4553519634e+01 -1.1539667049e-16 7.7021872499e-01
     vertex 3.5038480597e+01 -6.1084512075e-02 7.7021872499e-01
     vertex 3.4553519634e+01 -8.2701194942e-02 7.7021872499e-01
   endloop
 endfacet
 facet normal  -0.0000000000e+00 -0.0000000000e+00 -1.0000000000e+00
   outer loop
     vertex 3.4553519634e+01 -1.1539667049e-16 7.7021872499e-01
     vertex 3.5038480597e+01 -1.5736036388e-16 7.7021872499e-01
     vertex 3.5038480597e+01 -6.1084512075e-02 7.7021872499e-01
   endloop
 endfacet
 facet normal  -0.0000000000e+00 0.0000000000e+00 -1.0000000000e+00
   outer loop
     vertex 3.5038480597e+01 -1.5736036388e-16 7.7021872499e-01
     vertex 3.5427207574e+01 -4.2103851448e-02 7.7021872499e-01
     vertex 3.5038480597e+01 -6.1084512075e-02 7.7021872499e-01
   endloop
 endfacet
 facet normal  -0.0000000000e+00 -0.0000000000e+00 -1.0000000000e+00
   outer loop
     vertex 3.5038480597e+01 -1.5736036388e-16 7.7021872499e-01
     vertex 3.5427207574e+01 -2.2573278409e-16 7.7021872499e-01
     vertex 3.5427207574e+01 -4.2103851448e-02 7.7021872499e-01
   endloop
 endfacet
 facet normal  -0.0000000000e+00 0.0000000000e+00 -1.0000000000e+00
   outer loop
     vertex 3.5427207574e+01 -2.2573278409e-16 7.7021872499e-01
     vertex 3.5723038614e+01 -2.6691803214e-02 7.7021872499e-01
     vertex 3.5427207574e+01 -4.2103851448e-02 7.7021872499e-01
   endloop
 endfacet
 facet normal  0.0000000000e+00 -0.0000000000e+00 -1.0000000000e+00
   outer loop
     vertex 3.5427207574e+01 -2.2573278409e-16 7.7021872499e-01
     vertex 3.5723038614e+01 4.1681977143e-16 7.7021872499e-01
     vertex 3.5723038614e+01 -2.6691803214e-02 7.7021872499e-01
   endloop
 endfacet
 facet normal  -0.0000000000e+00 0.0000000000e+00 -1.0000000000e+00
   outer loop
     vertex 3.5723038614e+01 4.1681977143e-16 7.7021872499e-01
     vertex 3.5939400552e+01 -1.4874674278e-02 7.7021872499e-01
     vertex 3.5723038614e+01 -2.6691803214e-02 7.7021872499e-01
   endloop
 endfacet
 facet normal  0.0000000000e+00 -0.0000000000e+00 -1.0000000000e+00
   outer loop
     vertex 3.5723038614e+01 4.1681977143e-16 7.7021872499e-01
     vertex 3.5939400552e+01 1.1068534486e-15 7.7021872499e-01
     vertex 3.5939400552e+01 -1.4874674278e-02 7.7021872499e-01
   endloop
 endfacet
 facet normal  -0.0000000000e+00 0.0000000000e+00 -1.0000000000e+00
   outer loop
     vertex 3.5939400552e+01 1.1068534486e-15 7.7021872499e-01
     vertex 3.6093085279e+01 -6.1892481210e-03 7.7021872499e-01
     vertex 3.5939400552e+01 -1.4874674278e-02 7.7021872499e-01
   endloop
 endfacet
 facet normal  -0.0000000000e+00 -0.0000000000e+00 -1.0000000000e+00
   outer loop
     vertex 3.5939400552e+01 1.1068534486e-15 7.7021872499e-01
     vertex 3.6093085279e+01 8.5259919799e-16 7.7021872499e-01
     vertex 3.6093085279e+01 -6.1892481210e-03 7.7021872499e-01
   endloop
 endfacet
 facet normal  -0.0000000000e+00 0.0000000000e+00 -1.0000000000e+00
   outer loop
     vertex 3.6093085279e+01 8.5259919799e-16 7.7021872499e-01
     vertex 3.6200000000e+01 0.0000000000e+00 7.7021872499e-01
     vertex 3.6093085279e+01 -6.1892481210e-03 7.7021872499e-01
   endloop
 endfacet
 facet normal  0.0000000000e+00 0.0000000000e+00 -1.0000000000e+00
   outer loop
     vertex 3.6200000000e+01 0.0000000000e+00 7.7021872499e-01
     vertex 3.6093085279e+01 6.1892481210e-03 7.7021872499e-01
     vertex 3.6093085279e+01 1.2378496242e-02 7.7021872499e-01
   endloop
 endfacet
 facet normal  0.0000000000e+00 0.0000000000e+00 -1.0000000000e+00
   outer loop
     vertex 3.6093085279e+01 6.1892481210e-03 7.7021872499e-01
     vertex 3.5939400552e+01 1.4874674278e-02 7.7021872499e-01
     vertex 3.6093085279e+01 1.2378496242e-02 7.7021872499e-01
   endloop
 endfacet
 facet normal  0.0000000000e+00 0.0000000000e+00 -1.0000000000e+00
   outer loop
     vertex 3.6093085279e+01 1.2378496242e-02 7.7021872499e-01
     vertex 3.5939400552e+01 1.4874674278e-02 7.7021872499e-01
     vertex 3.5939400552e+01 2.9749348555e-02 7.7021872499e-01
   endloop
 endfacet
 facet normal  0.0000000000e+00 0.0000000000e+00 -1.0000000000e+00
   outer loop
     vertex 3.5939400552e+01 1.4874674278e-02 7.7021872499e-01
     vertex 3.5723038614e+01 2.6691803214e-02 7.7021872499e-01
     vertex 3.5939400552e+01 2.9749348555e-02 7.7021872499e-01
   endloop
 endfacet
 facet normal  0.0000000000e+00 0.0000000000e+00 -1.0000000000e+00
   outer loop
     vertex 3.5939400552e+01 2.9749348555e-02 7.7021872499e-01
     vertex 3.5723038614e+01 2.6691803214e-02 7.7021872499e-01
     vertex 3.5723038614e+01 5.3383606429e-02 7.7021872499e-01
   endloop
 endfacet
 facet normal  0.0000000000e+00 0.0000000000e+00 -1.0000000000e+00
   outer loop
     vertex 3.5723038614e+01 2.6691803214e-02 7.7021872499e-01
     vertex 3.5427207574e+01 4.2103851448e-02 7.7021872499e-01
     vertex 3.5723038614e+01 5.3383606429e-02 7.7021872499e-01
   endloop
 endfacet
 facet normal  0.0000000000e+00 0.0000000000e+00 -1.0000000000e+00
   outer loop
     vertex 3.5723038614e+01 5.3383606429e-02 7.7021872499e-01
     vertex 3.5427207574e+01 4.2103851448e-02 7.7021872499e-01
     vertex 3.5427207574e+01 8.4207702895e-02 7.7021872499e-01
   endloop
 endfacet
 facet normal  0.0000000000e+00 0.0000000000e+00 -1.0000000000e+00
   outer loop
     vertex 3.5427207574e+01 4.2103851448e-02 7.7021872499e-01
     vertex 3.5038480597e+01 6.1084512075e-02 7.7021872499e-01
     vertex 3.5427207574e+01 8.4207702895e-02 7.7021872499e-01
   endloop
 endfacet
 facet normal  0.0000000000e+00 0.0000000000e+00 -1.0000000000e+00
   outer loop
     vertex 3.5427207574e+01 8.4207702895e-02 7.7021872499e-01
     vertex 3.5038480597e+01 6.1084512075e-02 7.7021872499e-01
     vertex 3.5038480597e+01 1.2216902415e-01 7.7021872499e-01
   endloop
 endfacet
 facet normal  0.0000000000e+00 0.0000000000e+00 -1.0000000000e+00
   outer loop
     vertex 3.5038480597e+01 6.1084512075e-02 7.7021872499e-01
     vertex 3.4553519634e+01 8.2701194942e-02 7.7021872499e-01
     vertex 3.5038480597e+01 1.2216902415e-01 7.7021872499e-01
   endloop
 endfacet
 facet normal  0.0000000000e+00 0.0000000000e+00 -1.0000000000e+00
   outer loop
     vertex 3.5038480597e+01 1.2216902415e-01 7.7021872499e-01
     vertex 3.4553519634e+01 8.2701194942e-02 7.7021872499e-01
     vertex 3.4553519634e+01 1.6540238988e-01 7.7021872499e-01
   endloop
 endfacet
 facet normal  0.0000000000e+00 0.0000000000e+00 -1.0000000000e+00
   outer loop
     vertex 3.4553519634e+01 8.2701194942e-02 7.7021872499e-01
     vertex 3.3986186178e+01 1.0479080597e-01 7.7021872499e-01
     vertex 3.4553519634e+01 1.6540238988e-01 7.7021872499e-01
   endloop
 endfacet
 facet normal  0.0000000000e+00 0.0000000000e+00 -1.0000000000e+00
   outer loop
     vertex 3.4553519634e+01 1.6540238988e-01 7.7021872499e-01
     vertex 3.3986186178e+01 1.0479080597e-01 7.7021872499e-01
     vertex 3.3986186178e+01 2.0958161194e-01 7.7021872499e-01
   endloop
 endfacet
 facet normal  0.0000000000e+00 0.0000000000e+00 -1.0000000000e+00
   outer loop
     vertex 3.3986186178e+01 1.0479080597e-01 7.7021872499e-01
     vertex 3.3370319491e+01 1.2400996908e-01 7.7021872499e-01
     vertex 3.3986186178e+01 2.0958161194e-01 7.7021872499e-01
   endloop
 endfacet
 facet normal  0.0000000000e+00 0.0000000000e+00 -1.0000000000e+00
   outer loop
     vertex 3.3986186178e+01 2.0958161194e-01 7.7021872499e-01
     vertex 3.3370319491e+01 1.2400996908e-01 7.7021872499e-01
     vertex 3.3370319491e+01 2.4801993816e-01 7.7021872499e-01
   endloop
 endfacet
 facet normal  0.0000000000e+00 0.0000000000e+00 -1.0000000000e+00
   outer loop
     vertex 3.3370319491e+01 1.2400996908e-01 7.7021872499e-01
     vertex 3.2753776528e+01 2.7322559101e-01 7.7021872499e-01
     vertex 3.3370319491e+01 2.4801993816e-01 7.7021872499e-01
   endloop
 endfacet
 facet normal  0.0000000000e+00 0.0000000000e+00 -1.0000000000e+00
   outer loop
     vertex 3.3370319491e+01 1.2400996908e-01 7.7021872499e-01
     vertex 3.2753776528e+01 1.3661279550e-01 7.7021872499e-01
     vertex 3.2753776528e+01 2.7322559101e-01 7.7021872499e-01
   endloop
 endfacet
 facet normal  0.0000000000e+00 0.0000000000e+00 -1.0000000000e+00
   outer loop
     vertex 3.2753776528e+01 1.3661279550e-01 7.7021872499e-01
     vertex 3.2184785162e+01 2.7977068532e-01 7.7021872499e-01
     vertex 3.2753776528e+01 2.7322559101e-01 7.7021872499e-01
   endloop
 endfacet
 facet normal  0.0000000000e+00 0.0000000000e+00 -1.0000000000e+00
   outer loop
     vertex 3.2753776528e+01 1.3661279550e-01 7.7021872499e-01
     vertex 3.2184785162e+01 1.3988534266e-01 7.7021872499e-01
     vertex 3.2184785162e+01 2.7977068532e-01 7.7021872499e-01
   endloop
 endfacet
 facet normal  0.0000000000e+00 0.0000000000e+00 -1.0000000000e+00
   outer loop
     vertex 3.2184785162e+01 1.3988534266e-01 7.7021872499e-01
     vertex 3.1698112953e+01 2.6662235287e-01 7.7021872499e-01
     vertex 3.2184785162e+01 2.7977068532e-01 7.7021872499e-01
   endloop
 endfacet
 facet normal  0.0000000000e+00 0.0000000000e+00 -1.0000000000e+00
   outer loop
     vertex 3.2184785162e+01 1.3988534266e-01 7.7021872499e-01
     vertex 3.1698112953e+01 1.3331117643e-01 7.7021872499e-01
     vertex 3.1698112953e+01 2.6662235287e-01 7.7021872499e-01
   endloop
 endfacet
 facet normal  0.0000000000e+00 0.0000000000e+00 -1.0000000000e+00
   outer loop
     vertex 3.1698112953e+01 1.3331117643e-01 7.7021872499e-01
     vertex 3.1308723884e+01 2.3682140494e-01 7.7021872499e-01
     vertex 3.1698112953e+01 2.6662235287e-01 7.7021872499e-01
   endloop
 endfacet
 facet normal  0.0000000000e+00 0.0000000000e+00 -1.0000000000e+00
   outer loop
     vertex 3.1698112953e+01 1.3331117643e-01 7.7021872499e-01
     vertex 3.1308723884e+01 1.1841070247e-01 7.7021872499e-01
     vertex 3.1308723884e+01 2.3682140494e-01 7.7021872499e-01
   endloop
 endfacet
 facet normal  0.0000000000e+00 0.0000000000e+00 -1.0000000000e+00
   outer loop
     vertex 3.1308723884e+01 1.1841070247e-01 7.7021872499e-01
     vertex 3.1014313943e+01 1.9500691678e-01 7.7021872499e-01
     vertex 3.1308723884e+01 2.3682140494e-01 7.7021872499e-01
   endloop
 endfacet
 facet normal  0.0000000000e+00 0.0000000000e+00 -1.0000000000e+00
   outer loop
     vertex 3.1308723884e+01 1.1841070247e-01 7.7021872499e-01
     vertex 3.1014313943e+01 9.7503458391e-02 7.7021872499e-01
     vertex 3.1014313943e+01 1.9500691678e-01 7.7021872499e-01
   endloop
 endfacet
 facet normal  0.0000000000e+00 0.0000000000e+00 -1.0000000000e+00
   outer loop
     vertex 3.1014313943e+01 9.7503458391e-02 7.7021872499e-01
     vertex 3.0802769841e+01 1.4435139651e-01 7.7021872499e-01
     vertex 3.1014313943e+01 1.9500691678e-01 7.7021872499e-01
   endloop
 endfacet
 facet normal  0.0000000000e+00 0.0000000000e+00 -1.0000000000e+00
   outer loop
     vertex 3.1014313943e+01 9.7503458391e-02 7.7021872499e-01
     vertex 3.0802769841e+01 7.2175698254e-02 7.7021872499e-01
     vertex 3.0802769841e+01 1.4435139651e-01 7.7021872499e-01
   endloop
 endfacet
 facet normal  0.0000000000e+00 0.0000000000e+00 -1.0000000000e+00
   outer loop
     vertex 3.0802769841e+01 7.2175698254e-02 7.7021872499e-01
     vertex 3.0661189475e+01 8.3157481759e-02 7.7021872499e-01
     vertex 3.0802769841e+01 1.4435139651e-01 7.7021872499e-01
   endloop
 endfacet
 facet normal  0.0000000000e+00 0.0000000000e+00 -1.0000000000e+00
   outer loop
     vertex 3.0802769841e+01 7.2175698254e-02 7.7021872499e-01
     vertex 3.0661189475e+01 4.1578740880e-02 7.7021872499e-01
     vertex 3.0661189475e+01 8.3157481759e-02 7.7021872499e-01
   endloop
 endfacet
 facet normal  0.0000000000e+00 0.0000000000e+00 -1.0000000000e+00
   outer loop
     vertex 3.0661189475e+01 4.1578740880e-02 7.7021872499e-01
     vertex 3.0600000000e+01 0.0000000000e+00 7.7021872499e-01
     vertex 3.0661189475e+01 8.3157481759e-02 7.7021872499e-01
   endloop
 endfacet
 facet normal  -0.0000000000e+00 -0.0000000000e+00 -1.0000000000e+00
   outer loop
     vertex 3.0600000000e+01 0.0000000000e+00 7.7021872499e-01
     vertex 3.0661189475e+01 -4.1578740880e-02 7.7021872499e-01
     vertex 3.0661189475e+01 -8.3157481759e-02 7.7021872499e-01
   endloop
 endfacet
 facet normal  -0.0000000000e+00 0.0000000000e+00 -1.0000000000e+00
   outer loop
     vertex 3.0661189475e+01 -4.1578740880e-02 7.7021872499e-01
     vertex 3.0802769841e+01 -7.2175698254e-02 7.7021872499e-01
     vertex 3.0661189475e+01 -8.3157481759e-02 7.7021872499e-01
   endloop
 endfacet
 facet normal  0.0000000000e+00 -0.0000000000e+00 -1.0000000000e+00
   outer loop
     vertex 3.0661189475e+01 -8.3157481759e-02 7.7021872499e-01
     vertex 3.0802769841e+01 -7.2175698254e-02 7.7021872499e-01
     vertex 3.0802769841e+01 -1.4435139651e-01 7.7021872499e-01
   endloop
 endfacet
 facet normal  -0.0000000000e+00 0.0000000000e+00 -1.0000000000e+00
   outer loop
     vertex 3.0802769841e+01 -7.2175698254e-02 7.7021872499e-01
     vertex 3.1014313943e+01 -9.7503458391e-02 7.7021872499e-01
     vertex 3.0802769841e+01 -1.4435139651e-01 7.7021872499e-01
   endloop
 endfacet
 facet normal  0.0000000000e+00 -0.0000000000e+00 -1.0000000000e+00
   outer loop
     vertex 3.0802769841e+01 -1.4435139651e-01 7.7021872499e-01
     vertex 3.1014313943e+01 -9.7503458391e-02 7.7021872499e-01
     vertex 3.1014313943e+01 -1.9500691678e-01 7.7021872499e-01
   endloop
 endfacet
 facet normal  -0.0000000000e+00 0.0000000000e+00 -1.0000000000e+00
   outer loop
     vertex 3.1014313943e+01 -9.7503458391e-02 7.7021872499e-01
     vertex 3.1308723884e+01 -1.1841070247e-01 7.7021872499e-01
     vertex 3.1014313943e+01 -1.9500691678e-01 7.7021872499e-01
   endloop
 endfacet
 facet normal  0.0000000000e+00 -0.0000000000e+00 -1.0000000000e+00
   outer loop
     vertex 3.1014313943e+01 -1.9500691678e-01 7.7021872499e-01
     vertex 3.1308723884e+01 -1.1841070247e-01 7.7021872499e-01
     vertex 3.1308723884e+01 -2.3682140494e-01 7.7021872499e-01
   endloop
 endfacet
 facet normal  -0.0000000000e+00 0.0000000000e+00 -1.0000000000e+00
   outer loop
     vertex 3.1308723884e+01 -1.1841070247e-01 7.7021872499e-01
     vertex 3.1698112953e+01 -1.3331117643e-01 7.7021872499e-01
     vertex 3.1308723884e+01 -2.3682140494e-01 7.7021872499e-01
   endloop
 endfacet
 facet normal  0.0000000000e+00 -0.0000000000e+00 -1.0000000000e+00
   outer loop
     vertex 3.1308723884e+01 -2.3682140494e-01 7.7021872499e-01
     vertex 3.1698112953e+01 -1.3331117643e-01 7.7021872499e-01
     vertex 3.1698112953e+01 -2.6662235287e-01 7.7021872499e-01
   endloop
 endfacet
 facet normal  -0.0000000000e+00 0.0000000000e+00 -1.0000000000e+00
   outer loop
     vertex 3.1698112953e+01 -1.3331117643e-01 7.7021872499e-01
     vertex 3.2184785162e+01 -1.3988534266e-01 7.7021872499e-01
     vertex 3.1698112953e+01 -2.6662235287e-01 7.7021872499e-01
   endloop
 endfacet
 facet normal  0.0000000000e+00 -0.0000000000e+00 -1.0000000000e+00
   outer loop
     vertex 3.1698112953e+01 -2.6662235287e-01 7.7021872499e-01
     vertex 3.2184785162e+01 -1.3988534266e-01 7.7021872499e-01
     vertex 3.2184785162e+01 -2.7977068532e-01 7.7021872499e-01
   endloop
 endfacet
 facet normal  0.0000000000e+00 0.0000000000e+00 -1.0000000000e+00
   outer loop
     vertex 3.2184785162e+01 -1.3988534266e-01 7.7021872499e-01
     vertex 3.2753776528e+01 -1.3661279550e-01 7.7021872499e-01
     vertex 3.2184785162e+01 -2.7977068532e-01 7.7021872499e-01
   endloop
 endfacet
 facet normal  0.0000000000e+00 -0.0000000000e+00 -1.0000000000e+00
   outer loop
     vertex 3.2184785162e+01 -2.7977068532e-01 7.7021872499e-01
     vertex 3.2753776528e+01 -1.3661279550e-01 7.7021872499e-01
     vertex 3.2753776528e+01 -2.7322559101e-01 7.7021872499e-01
   endloop
 endfacet
 facet normal  0.0000000000e+00 0.0000000000e+00 -1.0000000000e+00
   outer loop
     vertex 3.2753776528e+01 -1.3661279550e-01 7.7021872499e-01
     vertex 3.3370319491e+01 -1.2400996908e-01 7.7021872499e-01
     vertex 3.2753776528e+01 -2.7322559101e-01 7.7021872499e-01
   endloop
 endfacet
 facet normal  0.0000000000e+00 -0.0000000000e+00 -1.0000000000e+00
   outer loop
     vertex 3.2753776528e+01 -2.7322559101e-01 7.7021872499e-01
     vertex 3.3370319491e+01 -1.2400996908e-01 7.7021872499e-01
     vertex 3.3370319491e+01 -2.4801993816e-01 7.7021872499e-01
   endloop
 endfacet
 facet normal  -0.0000000000e+00 0.0000000000e+00 -1.0000000000e+00
   outer loop
     vertex 3.3370319491e+01 -1.2400996908e-01 7.7021872499e-01
     vertex 3.3986186178e+01 -2.0958161194e-01 7.7021872499e-01
     vertex 3.3370319491e+01 -2.4801993816e-01 7.7021872499e-01
   endloop
 endfacet
 facet normal  0.0000000000e+00 -0.0000000000e+00 -1.0000000000e+00
   outer loop
     vertex 3.3370319491e+01 -1.2400996908e-01 7.7021872499e-01
     vertex 3.3986186178e+01 -1.0479080597e-01 7.7021872499e-01
     vertex 3.3986186178e+01 -2.0958161194e-01 7.7021872499e-01
   endloop
 endfacet
 facet normal  -0.0000000000e+00 0.0000000000e+00 -1.0000000000e+00
   outer loop
     vertex 3.3986186178e+01 -1.0479080597e-01 7.7021872499e-01
     vertex 3.4553519634e+01 -1.6540238988e-01 7.7021872499e-01
     vertex 3.3986186178e+01 -2.0958161194e-01 7.7021872499e-01
   endloop
 endfacet
 facet normal  0.0000000000e+00 -0.0000000000e+00 -1.0000000000e+00
   outer loop
     vertex 3.3986186178e+01 -1.0479080597e-01 7.7021872499e-01
     vertex 3.4553519634e+01 -8.2701194942e-02 7.7021872499e-01
     vertex 3.4553519634e+01 -1.6540238988e-01 7.7021872499e-01
   endloop
 endfacet
 facet normal  -0.0000000000e+00 0.0000000000e+00 -1.0000000000e+00
   outer loop
     vertex 3.4553519634e+01 -8.2701194942e-02 7.7021872499e-01
     vertex 3.5038480597e+01 -1.2216902415e-01 7.7021872499e-01
     vertex 3.4553519634e+01 -1.6540238988e-01 7.7021872499e-01
   endloop
 endfacet
 facet normal  0.0000000000e+00 -0.0000000000e+00 -1.0000000000e+00
   outer loop
     vertex 3.4553519634e+01 -8.2701194942e-02 7.7021872499e-01
     vertex 3.5038480597e+01 -6.1084512075e-02 7.7021872499e-01
     vertex 3.5038480597e+01 -1.2216902415e-01 7.7021872499e-01
   endloop
 endfacet
 facet normal  -0.0000000000e+00 0.0000000000e+00 -1.0000000000e+00
   outer loop
     vertex 3.5038480597e+01 -6.1084512075e-02 7.7021872499e-01
     vertex 3.5427207574e+01 -8.4207702895e-02 7.7021872499e-01
     vertex 3.5038480597e+01 -1.2216902415e-01 7.7021872499e-01
   endloop
 endfacet
 facet normal  0.0000000000e+00 -0.0000000000e+00 -1.0000000000e+00
   outer loop
     vertex 3.5038480597e+01 -6.1084512075e-02 7.7021872499e-01
     vertex 3.5427207574e+01 -4.2103851448e-02 7.7021872499e-01
     vertex 3.5427207574e+01 -8.4207702895e-02 7.7021872499e-01
   endloop
 endfacet
 facet normal  -0.0000000000e+00 0.0000000000e+00 -1.0000000000e+00
   outer loop
     vertex 3.5427207574e+01 -4.2103851448e-02 7.7021872499e-01
     vertex 3.5723038614e+01 -5.3383606429e-02 7.7021872499e-01
     vertex 3.5427207574e+01 -8.4207702895e-02 7.7021872499e-01
   endloop
 endfacet
 facet normal  0.0000000000e+00 -0.0000000000e+00 -1.0000000000e+00
   outer loop
     vertex 3.5427207574e+01 -4.2103851448e-02 7.7021872499e-01
     vertex 3.5723038614e+01 -2.6691803214e-02 7.7021872499e-01
     vertex 3.5723038614e+01 -5.3383606429e-02 7.7021872499e-01
   endloop
 endfacet
 facet normal  -0.0000000000e+00 0.0000000000e+00 -1.0000000000e+00
   outer loop
     vertex 3.5723038614e+01 -2.6691803214e-02 7.7021872499e-01
     vertex 3.5939400552e+01 -2.9749348555e-02 7.7021872499e-01
     vertex 3.5723038614e+01 -5.3383606429e-02 7.7021872499e-01
   endloop
 endfacet
 facet normal  0.0000000000e+00 -0.0000000000e+00 -1.0000000000e+00
   outer loop
     vertex 3.5723038614e+01 -2.6691803214e-02 7.7021872499e-01
     vertex 3.5939400552e+01 -1.4874674278e-02 7.7021872499e-01
     vertex 3.5939400552e+01 -2.9749348555e-02 7.7021872499e-01
   endloop
 endfacet
 facet normal  0.0000000000e+00 0.0000000000e+00 -1.0000000000e+00
   outer loop
     vertex 3.5939400552e+01 -1.4874674278e-02 7.7021872499e-01
     vertex 3.6093085279e+01 -1.2378496242e-02 7.7021872499e-01
     vertex 3.5939400552e+01 -2.9749348555e-02 7.7021872499e-01
   endloop
 endfacet
 facet normal  0.0000000000e+00 -0.0000000000e+00 -1.0000000000e+00
   outer loop
     vertex 3.5939400552e+01 -1.4874674278e-02 7.7021872499e-01
     vertex 3.6093085279e+01 -6.1892481210e-03 7.7021872499e-01
     vertex 3.6093085279e+01 -1.2378496242e-02 7.7021872499e-01
   endloop
 endfacet
 facet normal  0.0000000000e+00 0.0000000000e+00 -1.0000000000e+00
   outer loop
     vertex 3.6093085279e+01 -6.1892481210e-03 7.7021872499e-01
     vertex 3.6200000000e+01 0.0000000000e+00 7.7021872499e-01
     vertex 3.6093085279e+01 -1.2378496242e-02 7.7021872499e-01
   endloop
 endfacet
 facet normal  1.1495641288e-01 9.9289385091e-01 -3.0770504859e-02
   outer loop
     vertex 3.6200000000e+01 0.0000000000e+00 7.7021872499e-01
     vertex 3.6093085279e+01 1.2378496242e-02 7.7021872499e-01
     vertex 3.6567244694e+01 8.4010770422e-17 2.1422187250e+00
   endloop
 endfacet
 facet normal  1.1495641288e-01 9.9289385091e-01 -3.0770504859e-02
   outer loop
     vertex 3.6567244694e+01 8.4010770422e-17 2.1422187250e+00
     vertex 3.6093085279e+01 1.2378496242e-02 7.7021872499e-01
     vertex 3.6475298034e+01 1.0645506768e-02 2.1422187250e+00
   endloop
 endfacet
 facet normal  1.1226335712e-01 9.9322492269e-01 -3.0019853254e-02
   outer loop
     vertex 3.6093085279e+01 1.2378496242e-02 7.7021872499e-01
     vertex 3.5939400552e+01 2.9749348555e-02 7.7021872499e-01
     vertex 3.6475298034e+01 1.0645506768e-02 2.1422187250e+00
   endloop
 endfacet
 facet normal  1.1226335712e-01 9.9322492269e-01 -3.0019853254e-02
   outer loop
     vertex 3.6475298034e+01 1.0645506768e-02 2.1422187250e+00
     vertex 3.5939400552e+01 2.9749348555e-02 7.7021872499e-01
     vertex 3.6343129168e+01 2.5584439757e-02 2.1422187250e+00
   endloop
 endfacet
 facet normal  1.0854345733e-01 9.9367083460e-01 -2.8923871344e-02
   outer loop
     vertex 3.5939400552e+01 2.9749348555e-02 7.7021872499e-01
     vertex 3.5723038614e+01 5.3383606429e-02 7.7021872499e-01
     vertex 3.6343129168e+01 2.5584439757e-02 2.1422187250e+00
   endloop
 endfacet
 facet normal  1.0854345733e-01 9.9367083460e-01 -2.8923871344e-02
   outer loop
     vertex 3.6343129168e+01 2.5584439757e-02 2.1422187250e+00
     vertex 3.5723038614e+01 5.3383606429e-02 7.7021872499e-01
     vertex 3.6157057902e+01 4.5909901529e-02 2.1422187250e+00
   endloop
 endfacet
 facet normal  1.0359511732e-01 9.9424329728e-01 -2.7355392172e-02
   outer loop
     vertex 3.5723038614e+01 5.3383606429e-02 7.7021872499e-01
     vertex 3.5427207574e+01 8.4207702895e-02 7.7021872499e-01
     vertex 3.6157057902e+01 4.5909901529e-02 2.1422187250e+00
   endloop
 endfacet
 facet normal  1.0359511732e-01 9.9424329728e-01 -2.7355392172e-02
   outer loop
     vertex 3.6157057902e+01 4.5909901529e-02 2.1422187250e+00
     vertex 3.5427207574e+01 8.4207702895e-02 7.7021872499e-01
     vertex 3.5902643207e+01 7.2418624490e-02 2.1422187250e+00
   endloop
 endfacet
 facet normal  9.7162467859e-02 9.9495147093e-01 -2.5120217618e-02
   outer loop
     vertex 3.5427207574e+01 8.4207702895e-02 7.7021872499e-01
     vertex 3.5038480597e+01 1.2216902415e-01 7.7021872499e-01
     vertex 3.5902643207e+01 7.2418624490e-02 2.1422187250e+00
   endloop
 endfacet
 facet normal  9.7162467859e-02 9.9495147093e-01 -2.5120217618e-02
   outer loop
     vertex 3.5902643207e+01 7.2418624490e-02 2.1422187250e+00
     vertex 3.5038480597e+01 1.2216902415e-01 7.7021872499e-01
     vertex 3.5568338007e+01 1.0506536077e-01 2.1422187250e+00
   endloop
 endfacet
 facet normal  8.8774747428e-02 9.9581159766e-01 -2.1870212410e-02
   outer loop
     vertex 3.5038480597e+01 1.2216902415e-01 7.7021872499e-01
     vertex 3.4553519634e+01 1.6540238988e-01 7.7021872499e-01
     vertex 3.5568338007e+01 1.0506536077e-01 2.1422187250e+00
   endloop
 endfacet
 facet normal  8.8774747428e-02 9.9581159766e-01 -2.1870212410e-02
   outer loop
     vertex 3.5568338007e+01 1.0506536077e-01 2.1422187250e+00
     vertex 3.4553519634e+01 1.6540238988e-01 7.7021872499e-01
     vertex 3.5151271579e+01 1.4224605530e-01 2.1422187250e+00
   endloop
 endfacet
 facet normal  7.7625450637e-02 9.9683772330e-01 -1.6995376292e-02
   outer loop
     vertex 3.4553519634e+01 1.6540238988e-01 7.7021872499e-01
     vertex 3.3986186178e+01 2.0958161194e-01 7.7021872499e-01
     vertex 3.5151271579e+01 1.4224605530e-01 2.1422187250e+00
   endloop
 endfacet
 facet normal  7.7625450637e-02 9.9683772330e-01 -1.6995376292e-02
   outer loop
     vertex 3.5151271579e+01 1.4224605530e-01 2.1422187250e+00
     vertex 3.3986186178e+01 2.0958161194e-01 7.7021872499e-01
     vertex 3.4663364807e+01 1.8024018627e-01 2.1422187250e+00
   endloop
 endfacet
 facet normal  6.2289425434e-02 9.9801385369e-01 -9.4008151674e-03
   outer loop
     vertex 3.3986186178e+01 2.0958161194e-01 7.7021872499e-01
     vertex 3.3370319491e+01 2.4801993816e-01 7.7021872499e-01
     vertex 3.4663364807e+01 1.8024018627e-01 2.1422187250e+00
   endloop
 endfacet
 facet normal  6.2289425434e-02 9.9801385369e-01 -9.4008151674e-03
   outer loop
     vertex 3.4663364807e+01 1.8024018627e-01 2.1422187250e+00
     vertex 3.3370319491e+01 2.4801993816e-01 7.7021872499e-01
     vertex 3.4133719457e+01 2.1329714682e-01 2.1422187250e+00
   endloop
 endfacet
 facet normal  4.0847977285e-02 9.9916209721e-01 2.5585660212e-03
   outer loop
     vertex 3.3370319491e+01 2.4801993816e-01 7.7021872499e-01
     vertex 3.3603492508e+01 2.3497400827e-01 2.1422187250e+00
     vertex 3.4133719457e+01 2.1329714682e-01 2.1422187250e+00
   endloop
 endfacet
 facet normal  4.0847977285e-02 9.9916209721e-01 2.5585660212e-03
   outer loop
     vertex 3.3370319491e+01 2.4801993816e-01 7.7021872499e-01
     vertex 3.2753776528e+01 2.7322559101e-01 7.7021872499e-01
     vertex 3.3603492508e+01 2.3497400827e-01 2.1422187250e+00
   endloop
 endfacet
 facet normal  1.1499739008e-02 9.9971855253e-01 2.0750222251e-02
   outer loop
     vertex 3.2753776528e+01 2.7322559101e-01 7.7021872499e-01
     vertex 3.3114159933e+01 2.4060278937e-01 2.1422187250e+00
     vertex 3.3603492508e+01 2.3497400827e-01 2.1422187250e+00
   endloop
 endfacet
 facet normal  1.1499739008e-02 9.9971855253e-01 2.0750222251e-02
   outer loop
     vertex 3.2753776528e+01 2.7322559101e-01 7.7021872499e-01
     vertex 3.2184785162e+01 2.7977068532e-01 7.7021872499e-01
     vertex 3.3114159933e+01 2.4060278937e-01 2.1422187250e+00
   endloop
 endfacet
 facet normal  -2.6977391931e-02 9.9854083782e-01 4.6780503710e-02
   outer loop
     vertex 3.2184785162e+01 2.7977068532e-01 7.7021872499e-01
     vertex 3.2695621834e+01 2.2929522346e-01 2.1422187250e+00
     vertex 3.3114159933e+01 2.4060278937e-01 2.1422187250e+00
   endloop
 endfacet
 facet normal  -2.6977391931e-02 9.9854083782e-01 4.6780503710e-02
   outer loop
     vertex 3.2184785162e+01 2.7977068532e-01 7.7021872499e-01
     vertex 3.1698112953e+01 2.6662235287e-01 7.7021872499e-01
     vertex 3.2695621834e+01 2.2929522346e-01 2.1422187250e+00
   endloop
 endfacet
 facet normal  -7.6050376434e-02 9.9369944036e-01 8.2327167241e-02
   outer loop
     vertex 3.1698112953e+01 2.6662235287e-01 7.7021872499e-01
     vertex 3.2360747235e+01 2.0366640825e-01 2.1422187250e+00
     vertex 3.2695621834e+01 2.2929522346e-01 2.1422187250e+00
   endloop
 endfacet
 facet normal  -7.6050376434e-02 9.9369944036e-01 8.2327167241e-02
   outer loop
     vertex 3.1698112953e+01 2.6662235287e-01 7.7021872499e-01
     vertex 3.1308723884e+01 2.3682140494e-01 7.7021872499e-01
     vertex 3.2360747235e+01 2.0366640825e-01 2.1422187250e+00
   endloop
 endfacet
 facet normal  -1.3941221588e-01 9.8158184299e-01 1.3061898626e-01
   outer loop
     vertex 3.1308723884e+01 2.3682140494e-01 7.7021872499e-01
     vertex 3.2107554685e+01 1.6770594843e-01 2.1422187250e+00
     vertex 3.2360747235e+01 2.0366640825e-01 2.1422187250e+00
   endloop
 endfacet
 facet normal  -1.3941221588e-01 9.8158184299e-01 1.3061898626e-01
   outer loop
     vertex 3.1308723884e+01 2.3682140494e-01 7.7021872499e-01
     vertex 3.1014313943e+01 1.9500691678e-01 7.7021872499e-01
     vertex 3.2107554685e+01 1.6770594843e-01 2.1422187250e+00
   endloop
 endfacet
 facet normal  -2.2813258291e-01 9.5271161159e-01 2.0073890945e-01
   outer loop
     vertex 3.1014313943e+01 1.9500691678e-01 7.7021872499e-01
     vertex 3.1925626757e+01 1.2414220100e-01 2.1422187250e+00
     vertex 3.2107554685e+01 1.6770594843e-01 2.1422187250e+00
   endloop
 endfacet
 facet normal  -2.2813258291e-01 9.5271161159e-01 2.0073890945e-01
   outer loop
     vertex 3.1014313943e+01 1.9500691678e-01 7.7021872499e-01
     vertex 3.0802769841e+01 1.4435139651e-01 7.7021872499e-01
     vertex 3.1925626757e+01 1.2414220100e-01 2.1422187250e+00
   endloop
 endfacet
 facet normal  -3.7583252951e-01 8.6953918852e-01 3.2039274241e-01
   outer loop
     vertex 3.0802769841e+01 1.4435139651e-01 7.7021872499e-01
     vertex 3.1803867643e+01 7.1515434313e-02 2.1422187250e+00
     vertex 3.1925626757e+01 1.2414220100e-01 2.1422187250e+00
   endloop
 endfacet
 facet normal  -3.7583252951e-01 8.6953918852e-01 3.2039274241e-01
   outer loop
     vertex 3.0802769841e+01 1.4435139651e-01 7.7021872499e-01
     vertex 3.0661189475e+01 8.3157481759e-02 7.7021872499e-01
     vertex 3.1803867643e+01 7.1515434313e-02 2.1422187250e+00
   endloop
 endfacet
 facet normal  -6.6733006059e-01 4.9103911421e-01 5.5995640772e-01
   outer loop
     vertex 3.0661189475e+01 8.3157481759e-02 7.7021872499e-01
     vertex 3.1751244694e+01 8.4010770422e-17 2.1422187250e+00
     vertex 3.1803867643e+01 7.1515434313e-02 2.1422187250e+00
   endloop
 endfacet
 facet normal  -6.6733006059e-01 4.9103911421e-01 5.5995640772e-01
   outer loop
     vertex 3.0661189475e+01 8.3157481759e-02 7.7021872499e-01
     vertex 3.0600000000e+01 0.0000000000e+00 7.7021872499e-01
     vertex 3.1751244694e+01 8.4010770422e-17 2.1422187250e+00
   endloop
 endfacet
 facet normal  -6.6733006059e-01 -4.9103911421e-01 5.5995640772e-01
   outer loop
     vertex 3.0600000000e+01 0.0000000000e+00 7.7021872499e-01
     vertex 3.0661189475e+01 -8.3157481759e-02 7.7021872499e-01
     vertex 3.1751244694e+01 8.4010770422e-17 2.1422187250e+00
   endloop
 endfacet
 facet normal  -6.6733006059e-01 -4.9103911421e-01 5.5995640772e-01
   outer loop
     vertex 3.1751244694e+01 8.4010770422e-17 2.1422187250e+00
     vertex 3.0661189475e+01 -8.3157481759e-02 7.7021872499e-01
     vertex 3.1803867643e+01 -7.1515434313e-02 2.1422187250e+00
   endloop
 endfacet
 facet normal  -3.7583252951e-01 -8.6953918852e-01 3.2039274241e-01
   outer loop
     vertex 3.0661189475e+01 -8.3157481759e-02 7.7021872499e-01
     vertex 3.0802769841e+01 -1.4435139651e-01 7.7021872499e-01
     vertex 3.1803867643e+01 -7.1515434313e-02 2.1422187250e+00
   endloop
 endfacet
 facet normal  -3.7583252951e-01 -8.6953918852e-01 3.2039274241e-01
   outer loop
     vertex 3.1803867643e+01 -7.1515434313e-02 2.1422187250e+00
     vertex 3.0802769841e+01 -1.4435139651e-01 7.7021872499e-01
     vertex 3.1925626757e+01 -1.2414220100e-01 2.1422187250e+00
   endloop
 endfacet
 facet normal  -2.2813258291e-01 -9.5271161159e-01 2.0073890945e-01
   outer loop
     vertex 3.0802769841e+01 -1.4435139651e-01 7.7021872499e-01
     vertex 3.1014313943e+01 -1.9500691678e-01 7.7021872499e-01
     vertex 3.1925626757e+01 -1.2414220100e-01 2.1422187250e+00
   endloop
 endfacet
 facet normal  -2.2813258291e-01 -9.5271161159e-01 2.0073890945e-01
   outer loop
     vertex 3.1925626757e+01 -1.2414220100e-01 2.1422187250e+00
     vertex 3.1014313943e+01 -1.9500691678e-01 7.7021872499e-01
     vertex 3.2107554685e+01 -1.6770594843e-01 2.1422187250e+00
   endloop
 endfacet
 facet normal  -1.3941221588e-01 -9.8158184299e-01 1.3061898626e-01
   outer loop
     vertex 3.1014313943e+01 -1.9500691678e-01 7.7021872499e-01
     vertex 3.1308723884e+01 -2.3682140494e-01 7.7021872499e-01
     vertex 3.2107554685e+01 -1.6770594843e-01 2.1422187250e+00
   endloop
 endfacet
 facet normal  -1.3941221588e-01 -9.8158184299e-01 1.3061898626e-01
   outer loop
     vertex 3.2107554685e+01 -1.6770594843e-01 2.1422187250e+00
     vertex 3.1308723884e+01 -2.3682140494e-01 7.7021872499e-01
     vertex 3.2360747235e+01 -2.0366640825e-01 2.1422187250e+00
   endloop
 endfacet
 facet normal  -7.6050376434e-02 -9.9369944036e-01 8.2327167241e-02
   outer loop
     vertex 3.1308723884e+01 -2.3682140494e-01 7.7021872499e-01
     vertex 3.1698112953e+01 -2.6662235287e-01 7.7021872499e-01
     vertex 3.2360747235e+01 -2.0366640825e-01 2.1422187250e+00
   endloop
 endfacet
 facet normal  -7.6050376434e-02 -9.9369944036e-01 8.2327167241e-02
   outer loop
     vertex 3.2360747235e+01 -2.0366640825e-01 2.1422187250e+00
     vertex 3.1698112953e+01 -2.6662235287e-01 7.7021872499e-01
     vertex 3.2695621834e+01 -2.2929522346e-01 2.1422187250e+00
   endloop
 endfacet
 facet normal  -2.6977391931e-02 -9.9854083782e-01 4.6780503710e-02
   outer loop
     vertex 3.1698112953e+01 -2.6662235287e-01 7.7021872499e-01
     vertex 3.2184785162e+01 -2.7977068532e-01 7.7021872499e-01
     vertex 3.2695621834e+01 -2.2929522346e-01 2.1422187250e+00
   endloop
 endfacet
 facet normal  -2.6977391931e-02 -9.9854083782e-01 4.6780503710e-02
   outer loop
     vertex 3.2695621834e+01 -2.2929522346e-01 2.1422187250e+00
     vertex 3.2184785162e+01 -2.7977068532e-01 7.7021872499e-01
     vertex 3.3114159933e+01 -2.4060278937e-01 2.1422187250e+00
   endloop
 endfacet
 facet normal  1.1499739008e-02 -9.9971855253e-01 2.0750222251e-02
   outer loop
     vertex 3.2184785162e+01 -2.7977068532e-01 7.7021872499e-01
     vertex 3.2753776528e+01 -2.7322559101e-01 7.7021872499e-01
     vertex 3.3114159933e+01 -2.4060278937e-01 2.1422187250e+00
   endloop
 endfacet
 facet normal  1.1499739008e-02 -9.9971855253e-01 2.0750222251e-02
   outer loop
     vertex 3.3114159933e+01 -2.4060278937e-01 2.1422187250e+00
     vertex 3.2753776528e+01 -2.7322559101e-01 7.7021872499e-01
     vertex 3.3603492508e+01 -2.3497400827e-01 2.1422187250e+00
   endloop
 endfacet
 facet normal  4.0847977285e-02 -9.9916209721e-01 2.5585660212e-03
   outer loop
     vertex 3.2753776528e+01 -2.7322559101e-01 7.7021872499e-01
     vertex 3.3370319491e+01 -2.4801993816e-01 7.7021872499e-01
     vertex 3.3603492508e+01 -2.3497400827e-01 2.1422187250e+00
   endloop
 endfacet
 facet normal  4.0847977285e-02 -9.9916209721e-01 2.5585660212e-03
   outer loop
     vertex 3.3603492508e+01 -2.3497400827e-01 2.1422187250e+00
     vertex 3.3370319491e+01 -2.4801993816e-01 7.7021872499e-01
     vertex 3.4133719457e+01 -2.1329714682e-01 2.1422187250e+00
   endloop
 endfacet
 facet normal  6.2289425434e-02 -9.9801385369e-01 -9.4008151674e-03
   outer loop
     vertex 3.3370319491e+01 -2.4801993816e-01 7.7021872499e-01
     vertex 3.4663364807e+01 -1.8024018627e-01 2.1422187250e+00
     vertex 3.4133719457e+01 -2.1329714682e-01 2.1422187250e+00
   endloop
 endfacet
 facet normal  6.2289425434e-02 -9.9801385369e-01 -9.4008151674e-03
   outer loop
     vertex 3.3370319491e+01 -2.4801993816e-01 7.7021872499e-01
     vertex 3.3986186178e+01 -2.0958161194e-01 7.7021872499e-01
     vertex 3.4663364807e+01 -1.8024018627e-01 2.1422187250e+00
   endloop
 endfacet
 facet normal  7.7625450637e-02 -9.9683772330e-01 -1.6995376292e-02
   outer loop
     vertex 3.3986186178e+01 -2.0958161194e-01 7.7021872499e-01
     vertex 3.5151271579e+01 -1.4224605530e-01 2.1422187250e+00
     vertex 3.4663364807e+01 -1.8024018627e-01 2.1422187250e+00
   endloop
 endfacet
 facet normal  7.7625450637e-02 -9.9683772330e-01 -1.6995376292e-02
   outer loop
     vertex 3.3986186178e+01 -2.0958161194e-01 7.7021872499e-01
     vertex 3.4553519634e+01 -1.6540238988e-01 7.7021872499e-01
     vertex 3.5151271579e+01 -1.4224605530e-01 2.1422187250e+00
   endloop
 endfacet
 facet normal  8.8774747428e-02 -9.9581159766e-01 -2.1870212410e-02
   outer loop
     vertex 3.4553519634e+01 -1.6540238988e-01 7.7021872499e-01
     vertex 3.5568338007e+01 -1.0506536077e-01 2.1422187250e+00
     vertex 3.5151271579e+01 -1.4224605530e-01 2.1422187250e+00
   endloop
 endfacet
 facet normal  8.8774747428e-02 -9.9581159766e-01 -2.1870212410e-02
   outer loop
     vertex 3.4553519634e+01 -1.6540238988e-01 7.7021872499e-01
     vertex 3.5038480597e+01 -1.2216902415e-01 7.7021872499e-01
     vertex 3.5568338007e+01 -1.0506536077e-01 2.1422187250e+00
   endloop
 endfacet
 facet normal  9.7162467859e-02 -9.9495147093e-01 -2.5120217618e-02
   outer loop
     vertex 3.5038480597e+01 -1.2216902415e-01 7.7021872499e-01
     vertex 3.5902643207e+01 -7.2418624490e-02 2.1422187250e+00
     vertex 3.5568338007e+01 -1.0506536077e-01 2.1422187250e+00
   endloop
 endfacet
 facet normal  9.7162467859e-02 -9.9495147093e-01 -2.5120217618e-02
   outer loop
     vertex 3.5038480597e+01 -1.2216902415e-01 7.7021872499e-01
     vertex 3.5427207574e+01 -8.4207702895e-02 7.7021872499e-01
     vertex 3.5902643207e+01 -7.2418624490e-02 2.1422187250e+00
   endloop
 endfacet
 facet normal  1.0359511732e-01 -9.9424329728e-01 -2.7355392172e-02
   outer loop
     vertex 3.5427207574e+01 -8.4207702895e-02 7.7021872499e-01
     vertex 3.6157057902e+01 -4.5909901529e-02 2.1422187250e+00
     vertex 3.5902643207e+01 -7.2418624490e-02 2.1422187250e+00
   endloop
 endfacet
 facet normal  1.0359511732e-01 -9.9424329728e-01 -2.7355392172e-02
   outer loop
     vertex 3.5427207574e+01 -8.4207702895e-02 7.7021872499e-01
     vertex 3.5723038614e+01 -5.3383606429e-02 7.7021872499e-01
     vertex 3.6157057902e+01 -4.5909901529e-02 2.1422187250e+00
   endloop
 endfacet
 facet normal  1.0854345733e-01 -9.9367083460e-01 -2.8923871344e-02
   outer loop
     vertex 3.5723038614e+01 -5.3383606429e-02 7.7021872499e-01
     vertex 3.6343129168e+01 -2.5584439757e-02 2.1422187250e+00
     vertex 3.6157057902e+01 -4.5909901529e-02 2.1422187250e+00
   endloop
 endfacet
 facet normal  1.0854345733e-01 -9.9367083460e-01 -2.8923871344e-02
   outer loop
     vertex 3.5723038614e+01 -5.3383606429e-02 7.7021872499e-01
     vertex 3.5939400552e+01 -2.9749348555e-02 7.7021872499e-01
     vertex 3.6343129168e+01 -2.5584439757e-02 2.1422187250e+00
   endloop
 endfacet
 facet normal  1.1226335712e-01 -9.9322492269e-01 -3.0019853254e-02
   outer loop
     vertex 3.5939400552e+01 -2.9749348555e-02 7.7021872499e-01
     vertex 3.6475298034e+01 -1.0645506768e-02 2.1422187250e+00
     vertex 3.6343129168e+01 -2.5584439757e-02 2.1422187250e+00
   endloop
 endfacet
 facet normal  1.1226335712e-01 -9.9322492269e-01 -3.0019853254e-02
   outer loop
     vertex 3.5939400552e+01 -2.9749348555e-02 7.7021872499e-01
     vertex 3.6093085279e+01 -1.2378496242e-02 7.7021872499e-01
     vertex 3.6475298034e+01 -1.0645506768e-02 2.1422187250e+00
   endloop
 endfacet
 facet normal  1.1495641288e-01 -9.9289385091e-01 -3.0770504859e-02
   outer loop
     vertex 3.6093085279e+01 -1.2378496242e-02 7.7021872499e-01
     vertex 3.6567244694e+01 8.4010770422e-17 2.1422187250e+00
     vertex 3.6475298034e+01 -1.0645506768e-02 2.1422187250e+00
   endloop
 endfacet
 facet normal  1.1495641288e-01 -9.9289385091e-01 -3.0770504859e-02
   outer loop
     vertex 3.6093085279e+01 -1.2378496242e-02 7.7021872499e-01
     vertex 3.6200000000e+01 0.0000000000e+00 7.7021872499e-01
     vertex 3.6567244694e+01 8.4010770422e-17 2.1422187250e+00
   endloop
 endfacet
 facet normal  1.1495641288e-01 9.9289385091e-01 -3.0770504859e-02
   outer loop
     vertex 3.6567244694e+01 8.4010770422e-17 2.1422187250e+00
     vertex 3.6475298034e+01 1.0645506768e-02 2.1422187250e+00
     vertex 3.6934489388e+01 1.6802154084e-16 3.5142187250e+00
   endloop
 endfacet
 facet normal  1.1495641288e-01 9.9289385091e-01 -3.0770504859e-02
   outer loop
     vertex 3.6934489388e+01 1.6802154084e-16 3.5142187250e+00
     vertex 3.6475298034e+01 1.0645506768e-02 2.1422187250e+00
     vertex 3.6857510789e+01 8.9125172943e-03 3.5142187250e+00
   endloop
 endfacet
 facet normal  1.1226335712e-01 9.9322492269e-01 -3.0019853254e-02
   outer loop
     vertex 3.6475298034e+01 1.0645506768e-02 2.1422187250e+00
     vertex 3.6343129168e+01 2.5584439757e-02 2.1422187250e+00
     vertex 3.6857510789e+01 8.9125172943e-03 3.5142187250e+00
   endloop
 endfacet
 facet normal  1.1226335712e-01 9.9322492269e-01 -3.0019853254e-02
   outer loop
     vertex 3.6857510789e+01 8.9125172943e-03 3.5142187250e+00
     vertex 3.6343129168e+01 2.5584439757e-02 2.1422187250e+00
     vertex 3.6746857785e+01 2.1419530960e-02 3.5142187250e+00
   endloop
 endfacet
 facet normal  1.0854345733e-01 9.9367083460e-01 -2.8923871344e-02
   outer loop
     vertex 3.6343129168e+01 2.5584439757e-02 2.1422187250e+00
     vertex 3.6157057902e+01 4.5909901529e-02 2.1422187250e+00
     vertex 3.6746857785e+01 2.1419530960e-02 3.5142187250e+00
   endloop
 endfacet
 facet normal  1.0854345733e-01 9.9367083460e-01 -2.8923871344e-02
   outer loop
     vertex 3.6746857785e+01 2.1419530960e-02 3.5142187250e+00
     vertex 3.6157057902e+01 4.5909901529e-02 2.1422187250e+00
     vertex 3.6591077190e+01 3.8436196629e-02 3.5142187250e+00
   endloop
 endfacet
 facet normal  1.0359511732e-01 9.9424329728e-01 -2.7355392172e-02
   outer loop
     vertex 3.6157057902e+01 4.5909901529e-02 2.1422187250e+00
     vertex 3.5902643207e+01 7.2418624490e-02 2.1422187250e+00
     vertex 3.6591077190e+01 3.8436196629e-02 3.5142187250e+00
   endloop
 endfacet
 facet normal  1.0359511732e-01 9.9424329728e-01 -2.7355392172e-02
   outer loop
     vertex 3.6591077190e+01 3.8436196629e-02 3.5142187250e+00
     vertex 3.5902643207e+01 7.2418624490e-02 2.1422187250e+00
     vertex 3.6378078841e+01 6.0629546084e-02 3.5142187250e+00
   endloop
 endfacet
 facet normal  9.7162467859e-02 9.9495147093e-01 -2.5120217618e-02
   outer loop
     vertex 3.5902643207e+01 7.2418624490e-02 2.1422187250e+00
     vertex 3.5568338007e+01 1.0506536077e-01 2.1422187250e+00
     vertex 3.6378078841e+01 6.0629546084e-02 3.5142187250e+00
   endloop
 endfacet
 facet normal  9.7162467859e-02 9.9495147093e-01 -2.5120217618e-02
   outer loop
     vertex 3.6378078841e+01 6.0629546084e-02 3.5142187250e+00
     vertex 3.5568338007e+01 1.0506536077e-01 2.1422187250e+00
     vertex 3.6098195418e+01 8.7961697388e-02 3.5142187250e+00
   endloop
 endfacet
 facet normal  8.8774747428e-02 9.9581159766e-01 -2.1870212410e-02
   outer loop
     vertex 3.5568338007e+01 1.0506536077e-01 2.1422187250e+00
     vertex 3.5151271579e+01 1.4224605530e-01 2.1422187250e+00
     vertex 3.6098195418e+01 8.7961697388e-02 3.5142187250e+00
   endloop
 endfacet
 facet normal  8.8774747428e-02 9.9581159766e-01 -2.1870212410e-02
   outer loop
     vertex 3.6098195418e+01 8.7961697388e-02 3.5142187250e+00
     vertex 3.5151271579e+01 1.4224605530e-01 2.1422187250e+00
     vertex 3.5749023524e+01 1.1908972072e-01 3.5142187250e+00
   endloop
 endfacet
 facet normal  7.7625450637e-02 9.9683772330e-01 -1.6995376292e-02
   outer loop
     vertex 3.5151271579e+01 1.4224605530e-01 2.1422187250e+00
     vertex 3.4663364807e+01 1.8024018627e-01 2.1422187250e+00
     vertex 3.5749023524e+01 1.1908972072e-01 3.5142187250e+00
   endloop
 endfacet
 facet normal  7.7625450637e-02 9.9683772330e-01 -1.6995376292e-02
   outer loop
     vertex 3.5749023524e+01 1.1908972072e-01 3.5142187250e+00
     vertex 3.4663364807e+01 1.8024018627e-01 2.1422187250e+00
     vertex 3.5340543436e+01 1.5089876060e-01 3.5142187250e+00
   endloop
 endfacet
 facet normal  6.2289425434e-02 9.9801385369e-01 -9.4008151674e-03
   outer loop
     vertex 3.4663364807e+01 1.8024018627e-01 2.1422187250e+00
     vertex 3.4133719457e+01 2.1329714682e-01 2.1422187250e+00
     vertex 3.5340543436e+01 1.5089876060e-01 3.5142187250e+00
   endloop
 endfacet
 facet normal  6.2289425434e-02 9.9801385369e-01 -9.4008151674e-03
   outer loop
     vertex 3.5340543436e+01 1.5089876060e-01 3.5142187250e+00
     vertex 3.4133719457e+01 2.1329714682e-01 2.1422187250e+00
     vertex 3.4897119422e+01 1.7857435547e-01 3.5142187250e+00
   endloop
 endfacet
 facet normal  4.0847977285e-02 9.9916209721e-01 2.5585660212e-03
   outer loop
     vertex 3.4133719457e+01 2.1329714682e-01 2.1422187250e+00
     vertex 3.4453208488e+01 1.9672242552e-01 3.5142187250e+00
     vertex 3.4897119422e+01 1.7857435547e-01 3.5142187250e+00
   endloop
 endfacet
 facet normal  4.0847977285e-02 9.9916209721e-01 2.5585660212e-03
   outer loop
     vertex 3.4133719457e+01 2.1329714682e-01 2.1422187250e+00
     vertex 3.3603492508e+01 2.3497400827e-01 2.1422187250e+00
     vertex 3.4453208488e+01 1.9672242552e-01 3.5142187250e+00
   endloop
 endfacet
 facet normal  1.1499739008e-02 9.9971855253e-01 2.0750222251e-02
   outer loop
     vertex 3.3603492508e+01 2.3497400827e-01 2.1422187250e+00
     vertex 3.4043534704e+01 2.0143489343e-01 3.5142187250e+00
     vertex 3.4453208488e+01 1.9672242552e-01 3.5142187250e+00
   endloop
 endfacet
 facet normal  1.1499739008e-02 9.9971855253e-01 2.0750222251e-02
   outer loop
     vertex 3.3603492508e+01 2.3497400827e-01 2.1422187250e+00
     vertex 3.3114159933e+01 2.4060278937e-01 2.1422187250e+00
     vertex 3.4043534704e+01 2.0143489343e-01 3.5142187250e+00
   endloop
 endfacet
 facet normal  -2.6977391931e-02 9.9854083782e-01 4.6780503710e-02
   outer loop
     vertex 3.3114159933e+01 2.4060278937e-01 2.1422187250e+00
     vertex 3.3693130714e+01 1.9196809406e-01 3.5142187250e+00
     vertex 3.4043534704e+01 2.0143489343e-01 3.5142187250e+00
   endloop
 endfacet
 facet normal  -2.6977391931e-02 9.9854083782e-01 4.6780503710e-02
   outer loop
     vertex 3.3114159933e+01 2.4060278937e-01 2.1422187250e+00
     vertex 3.2695621834e+01 2.2929522346e-01 2.1422187250e+00
     vertex 3.3693130714e+01 1.9196809406e-01 3.5142187250e+00
   endloop
 endfacet
 facet normal  -7.6050376434e-02 9.9369944036e-01 8.2327167241e-02
   outer loop
     vertex 3.2695621834e+01 2.2929522346e-01 2.1422187250e+00
     vertex 3.3412770585e+01 1.7051141156e-01 3.5142187250e+00
     vertex 3.3693130714e+01 1.9196809406e-01 3.5142187250e+00
   endloop
 endfacet
 facet normal  -7.6050376434e-02 9.9369944036e-01 8.2327167241e-02
   outer loop
     vertex 3.2695621834e+01 2.2929522346e-01 2.1422187250e+00
     vertex 3.2360747235e+01 2.0366640825e-01 2.1422187250e+00
     vertex 3.3412770585e+01 1.7051141156e-01 3.5142187250e+00
   endloop
 endfacet
 facet normal  -1.3941221588e-01 9.8158184299e-01 1.3061898626e-01
   outer loop
     vertex 3.2360747235e+01 2.0366640825e-01 2.1422187250e+00
     vertex 3.3200795427e+01 1.4040498008e-01 3.5142187250e+00
     vertex 3.3412770585e+01 1.7051141156e-01 3.5142187250e+00
   endloop
 endfacet
 facet normal  -1.3941221588e-01 9.8158184299e-01 1.3061898626e-01
   outer loop
     vertex 3.2360747235e+01 2.0366640825e-01 2.1422187250e+00
     vertex 3.2107554685e+01 1.6770594843e-01 2.1422187250e+00
     vertex 3.3200795427e+01 1.4040498008e-01 3.5142187250e+00
   endloop
 endfacet
 facet normal  -2.2813258291e-01 9.5271161159e-01 2.0073890945e-01
   outer loop
     vertex 3.2107554685e+01 1.6770594843e-01 2.1422187250e+00
     vertex 3.3048483673e+01 1.0393300549e-01 3.5142187250e+00
     vertex 3.3200795427e+01 1.4040498008e-01 3.5142187250e+00
   endloop
 endfacet
 facet normal  -2.2813258291e-01 9.5271161159e-01 2.0073890945e-01
   outer loop
     vertex 3.2107554685e+01 1.6770594843e-01 2.1422187250e+00
     vertex 3.1925626757e+01 1.2414220100e-01 2.1422187250e+00
     vertex 3.3048483673e+01 1.0393300549e-01 3.5142187250e+00
   endloop
 endfacet
 facet normal  -3.7583252951e-01 8.6953918852e-01 3.2039274241e-01
   outer loop
     vertex 3.1925626757e+01 1.2414220100e-01 2.1422187250e+00
     vertex 3.2946545810e+01 5.9873386867e-02 3.5142187250e+00
     vertex 3.3048483673e+01 1.0393300549e-01 3.5142187250e+00
   endloop
 endfacet
 facet normal  -3.7583252951e-01 8.6953918852e-01 3.2039274241e-01
   outer loop
     vertex 3.1925626757e+01 1.2414220100e-01 2.1422187250e+00
     vertex 3.1803867643e+01 7.1515434313e-02 2.1422187250e+00
     vertex 3.2946545810e+01 5.9873386867e-02 3.5142187250e+00
   endloop
 endfacet
 facet normal  -6.6733006059e-01 4.9103911421e-01 5.5995640772e-01
   outer loop
     vertex 3.1803867643e+01 7.1515434313e-02 2.1422187250e+00
     vertex 3.2902489388e+01 1.6802154084e-16 3.5142187250e+00
     vertex 3.2946545810e+01 5.9873386867e-02 3.5142187250e+00
   endloop
 endfacet
 facet normal  -6.6733006059e-01 4.9103911421e-01 5.5995640772e-01
   outer loop
     vertex 3.1803867643e+01 7.1515434313e-02 2.1422187250e+00
     vertex 3.1751244694e+01 8.4010770422e-17 2.1422187250e+00
     vertex 3.2902489388e+01 1.6802154084e-16 3.5142187250e+00
   endloop
 endfacet
 facet normal  -6.6733006059e-01 -4.9103911421e-01 5.5995640772e-01
   outer loop
     vertex 3.1751244694e+01 8.4010770422e-17 2.1422187250e+00
     vertex 3.1803867643e+01 -7.1515434313e-02 2.1422187250e+00
     vertex 3.2902489388e+01 1.6802154084e-16 3.5142187250e+00
   endloop
 endfacet
 facet normal  -6.6733006059e-01 -4.9103911421e-01 5.5995640772e-01
   outer loop
     vertex 3.2902489388e+01 1.6802154084e-16 3.5142187250e+00
     vertex 3.1803867643e+01 -7.1515434313e-02 2.1422187250e+00
     vertex 3.2946545810e+01 -5.9873386867e-02 3.5142187250e+00
   endloop
 endfacet
 facet normal  -3.7583252951e-01 -8.6953918852e-01 3.2039274241e-01
   outer loop
     vertex 3.1803867643e+01 -7.1515434313e-02 2.1422187250e+00
     vertex 3.1925626757e+01 -1.2414220100e-01 2.1422187250e+00
     vertex 3.2946545810e+01 -5.9873386867e-02 3.5142187250e+00
   endloop
 endfacet
 facet normal  -3.7583252951e-01 -8.6953918852e-01 3.2039274241e-01
   outer loop
     vertex 3.2946545810e+01 -5.9873386867e-02 3.5142187250e+00
     vertex 3.1925626757e+01 -1.2414220100e-01 2.1422187250e+00
     vertex 3.3048483673e+01 -1.0393300549e-01 3.5142187250e+00
   endloop
 endfacet
 facet normal  -2.2813258291e-01 -9.5271161159e-01 2.0073890945e-01
   outer loop
     vertex 3.1925626757e+01 -1.2414220100e-01 2.1422187250e+00
     vertex 3.2107554685e+01 -1.6770594843e-01 2.1422187250e+00
     vertex 3.3048483673e+01 -1.0393300549e-01 3.5142187250e+00
   endloop
 endfacet
 facet normal  -2.2813258291e-01 -9.5271161159e-01 2.0073890945e-01
   outer loop
     vertex 3.3048483673e+01 -1.0393300549e-01 3.5142187250e+00
     vertex 3.2107554685e+01 -1.6770594843e-01 2.1422187250e+00
     vertex 3.3200795427e+01 -1.4040498008e-01 3.5142187250e+00
   endloop
 endfacet
 facet normal  -1.3941221588e-01 -9.8158184299e-01 1.3061898626e-01
   outer loop
     vertex 3.2107554685e+01 -1.6770594843e-01 2.1422187250e+00
     vertex 3.2360747235e+01 -2.0366640825e-01 2.1422187250e+00
     vertex 3.3200795427e+01 -1.4040498008e-01 3.5142187250e+00
   endloop
 endfacet
 facet normal  -1.3941221588e-01 -9.8158184299e-01 1.3061898626e-01
   outer loop
     vertex 3.3200795427e+01 -1.4040498008e-01 3.5142187250e+00
     vertex 3.2360747235e+01 -2.0366640825e-01 2.1422187250e+00
     vertex 3.3412770585e+01 -1.7051141156e-01 3.5142187250e+00
   endloop
 endfacet
 facet normal  -7.6050376434e-02 -9.9369944036e-01 8.2327167241e-02
   outer loop
     vertex 3.2360747235e+01 -2.0366640825e-01 2.1422187250e+00
     vertex 3.2695621834e+01 -2.2929522346e-01 2.1422187250e+00
     vertex 3.3412770585e+01 -1.7051141156e-01 3.5142187250e+00
   endloop
 endfacet
 facet normal  -7.6050376434e-02 -9.9369944036e-01 8.2327167241e-02
   outer loop
     vertex 3.3412770585e+01 -1.7051141156e-01 3.5142187250e+00
     vertex 3.2695621834e+01 -2.2929522346e-01 2.1422187250e+00
     vertex 3.3693130714e+01 -1.9196809406e-01 3.5142187250e+00
   endloop
 endfacet
 facet normal  -2.6977391931e-02 -9.9854083782e-01 4.6780503710e-02
   outer loop
     vertex 3.2695621834e+01 -2.2929522346e-01 2.1422187250e+00
     vertex 3.3114159933e+01 -2.4060278937e-01 2.1422187250e+00
     vertex 3.3693130714e+01 -1.9196809406e-01 3.5142187250e+00
   endloop
 endfacet
 facet normal  -2.6977391931e-02 -9.9854083782e-01 4.6780503710e-02
   outer loop
     vertex 3.3693130714e+01 -1.9196809406e-01 3.5142187250e+00
     vertex 3.3114159933e+01 -2.4060278937e-01 2.1422187250e+00
     vertex 3.4043534704e+01 -2.0143489343e-01 3.5142187250e+00
   endloop
 endfacet
 facet normal  1.1499739008e-02 -9.9971855253e-01 2.0750222251e-02
   outer loop
     vertex 3.3114159933e+01 -2.4060278937e-01 2.1422187250e+00
     vertex 3.3603492508e+01 -2.3497400827e-01 2.1422187250e+00
     vertex 3.4043534704e+01 -2.0143489343e-01 3.5142187250e+00
   endloop
 endfacet
 facet normal  1.1499739008e-02 -9.9971855253e-01 2.0750222251e-02
   outer loop
     vertex 3.4043534704e+01 -2.0143489343e-01 3.5142187250e+00
     vertex 3.3603492508e+01 -2.3497400827e-01 2.1422187250e+00
     vertex 3.4453208488e+01 -1.9672242552e-01 3.5142187250e+00
   endloop
 endfacet
 facet normal  4.0847977285e-02 -9.9916209721e-01 2.5585660212e-03
   outer loop
     vertex 3.3603492508e+01 -2.3497400827e-01 2.1422187250e+00
     vertex 3.4133719457e+01 -2.1329714682e-01 2.1422187250e+00
     vertex 3.4453208488e+01 -1.9672242552e-01 3.5142187250e+00
   endloop
 endfacet
 facet normal  4.0847977285e-02 -9.9916209721e-01 2.5585660212e-03
   outer loop
     vertex 3.4453208488e+01 -1.9672242552e-01 3.5142187250e+00
     vertex 3.4133719457e+01 -2.1329714682e-01 2.1422187250e+00
     vertex 3.4897119422e+01 -1.7857435547e-01 3.5142187250e+00
   endloop
 endfacet
 facet normal  6.2289425434e-02 -9.9801385369e-01 -9.4008151674e-03
   outer loop
     vertex 3.4133719457e+01 -2.1329714682e-01 2.1422187250e+00
     vertex 3.5340543436e+01 -1.5089876060e-01 3.5142187250e+00
     vertex 3.4897119422e+01 -1.7857435547e-01 3.5142187250e+00
   endloop
 endfacet
 facet normal  6.2289425434e-02 -9.9801385369e-01 -9.4008151674e-03
   outer loop
     vertex 3.4133719457e+01 -2.1329714682e-01 2.1422187250e+00
     vertex 3.4663364807e+01 -1.8024018627e-01 2.1422187250e+00
     vertex 3.5340543436e+01 -1.5089876060e-01 3.5142187250e+00
   endloop
 endfacet
 facet normal  7.7625450637e-02 -9.9683772330e-01 -1.6995376292e-02
   outer loop
     vertex 3.4663364807e+01 -1.8024018627e-01 2.1422187250e+00
     vertex 3.5749023524e+01 -1.1908972072e-01 3.5142187250e+00
     vertex 3.5340543436e+01 -1.5089876060e-01 3.5142187250e+00
   endloop
 endfacet
 facet normal  7.7625450637e-02 -9.9683772330e-01 -1.6995376292e-02
   outer loop
     vertex 3.4663364807e+01 -1.8024018627e-01 2.1422187250e+00
     vertex 3.5151271579e+01 -1.4224605530e-01 2.1422187250e+00
     vertex 3.5749023524e+01 -1.1908972072e-01 3.5142187250e+00
   endloop
 endfacet
 facet normal  8.8774747428e-02 -9.9581159766e-01 -2.1870212410e-02
   outer loop
     vertex 3.5151271579e+01 -1.4224605530e-01 2.1422187250e+00
     vertex 3.6098195418e+01 -8.7961697388e-02 3.5142187250e+00
     vertex 3.5749023524e+01 -1.1908972072e-01 3.5142187250e+00
   endloop
 endfacet
 facet normal  8.8774747428e-02 -9.9581159766e-01 -2.1870212410e-02
   outer loop
     vertex 3.5151271579e+01 -1.4224605530e-01 2.1422187250e+00
     vertex 3.5568338007e+01 -1.0506536077e-01 2.1422187250e+00
     vertex 3.6098195418e+01 -8.7961697388e-02 3.5142187250e+00
   endloop
 endfacet
 facet normal  9.7162467859e-02 -9.9495147093e-01 -2.5120217618e-02
   outer loop
     vertex 3.5568338007e+01 -1.0506536077e-01 2.1422187250e+00
     vertex 3.6378078841e+01 -6.0629546084e-02 3.5142187250e+00
     vertex 3.6098195418e+01 -8.7961697388e-02 3.5142187250e+00
   endloop
 endfacet
 facet normal  9.7162467859e-02 -9.9495147093e-01 -2.5120217618e-02
   outer loop
     vertex 3.5568338007e+01 -1.0506536077e-01 2.1422187250e+00
     vertex 3.5902643207e+01 -7.2418624490e-02 2.1422187250e+00
     vertex 3.6378078841e+01 -6.0629546084e-02 3.5142187250e+00
   endloop
 endfacet
 facet normal  1.0359511732e-01 -9.9424329728e-01 -2.7355392172e-02
   outer loop
     vertex 3.5902643207e+01 -7.2418624490e-02 2.1422187250e+00
     vertex 3.6591077190e+01 -3.8436196629e-02 3.5142187250e+00
     vertex 3.6378078841e+01 -6.0629546084e-02 3.5142187250e+00
   endloop
 endfacet
 facet normal  1.0359511732e-01 -9.9424329728e-01 -2.7355392172e-02
   outer loop
     vertex 3.5902643207e+01 -7.2418624490e-02 2.1422187250e+00
     vertex 3.6157057902e+01 -4.5909901529e-02 2.1422187250e+00
     vertex 3.6591077190e+01 -3.8436196629e-02 3.5142187250e+00
   endloop
 endfacet
 facet normal  1.0854345733e-01 -9.9367083460e-01 -2.8923871344e-02
   outer loop
     vertex 3.6157057902e+01 -4.5909901529e-02 2.1422187250e+00
     vertex 3.6746857785e+01 -2.1419530960e-02 3.5142187250e+00
     vertex 3.6591077190e+01 -3.8436196629e-02 3.5142187250e+00
   endloop
 endfacet
 facet normal  1.0854345733e-01 -9.9367083460e-01 -2.8923871344e-02
   outer loop
     vertex 3.6157057902e+01 -4.5909901529e-02 2.1422187250e+00
     vertex 3.6343129168e+01 -2.5584439757e-02 2.1422187250e+00
     vertex 3.6746857785e+01 -2.1419530960e-02 3.5142187250e+00
   endloop
 endfacet
 facet normal  1.1226335712e-01 -9.9322492269e-01 -3.0019853254e-02
   outer loop
     vertex 3.6343129168e+01 -2.5584439757e-02 2.1422187250e+00
     vertex 3.6857510789e+01 -8.9125172943e-03 3.5142187250e+00
     vertex 3.6746857785e+01 -2.1419530960e-02 3.5142187250e+00
   endloop
 endfacet
 facet normal  1.1226335712e-01 -9.9322492269e-01 -3.0019853254e-02
   outer loop
     vertex 3.6343129168e+01 -2.5584439757e-02 2.1422187250e+00
     vertex 3.6475298034e+01 -1.0645506768e-02 2.1422187250e+00
     vertex 3.6857510789e+01 -8.9125172943e-03 3.5142187250e+00
   endloop
 endfacet
 facet normal  1.1495641288e-01 -9.9289385091e-01 -3.0770504859e-02
   outer loop
     vertex 3.6475298034e+01 -1.0645506768e-02 2.1422187250e+00
     vertex 3.6934489388e+01 1.6802154084e-16 3.5142187250e+00
     vertex 3.6857510789e+01 -8.9125172943e-03 3.5142187250e+00
   endloop
 endfacet
 facet normal  1.1495641288e-01 -9.9289385091e-01 -3.0770504859e-02
   outer loop
     vertex 3.6475298034e+01 -1.0645506768e-02 2.1422187250e+00
     vertex 3.6567244694e+01 8.4010770422e-17 2.1422187250e+00
     vertex 3.6934489388e+01 1.6802154084e-16 3.5142187250e+00
   endloop
 endfacet
 facet normal  1.1495641288e-01 9.9289385091e-01 -3.0770504859e-02
   outer loop
     vertex 3.6934489388e+01 1.6802154084e-16 3.5142187250e+00
     vertex 3.6857510789e+01 8.9125172943e-03 3.5142187250e+00
     vertex 3.7301734082e+01 2.5203231126e-16 4.8862187250e+00
   endloop
 endfacet
 facet normal  1.1495641288e-01 9.9289385091e-01 -3.0770504859e-02
   outer loop
     vertex 3.7301734082e+01 2.5203231126e-16 4.8862187250e+00
     vertex 3.6857510789e+01 8.9125172943e-03 3.5142187250e+00
     vertex 3.7239723544e+01 7.1795278204e-03 4.8862187250e+00
   endloop
 endfacet
 facet normal  1.1226335712e-01 9.9322492269e-01 -3.0019853254e-02
   outer loop
     vertex 3.6857510789e+01 8.9125172943e-03 3.5142187250e+00
     vertex 3.6746857785e+01 2.1419530960e-02 3.5142187250e+00
     vertex 3.7239723544e+01 7.1795278204e-03 4.8862187250e+00
   endloop
 endfacet
 facet normal  1.1226335712e-01 9.9322492269e-01 -3.0019853254e-02
   outer loop
     vertex 3.7239723544e+01 7.1795278204e-03 4.8862187250e+00
     vertex 3.6746857785e+01 2.1419530960e-02 3.5142187250e+00
     vertex 3.7150586402e+01 1.7254622162e-02 4.8862187250e+00
   endloop
 endfacet
 facet normal  1.0854345733e-01 9.9367083460e-01 -2.8923871344e-02
   outer loop
     vertex 3.6746857785e+01 2.1419530960e-02 3.5142187250e+00
     vertex 3.6591077190e+01 3.8436196629e-02 3.5142187250e+00
     vertex 3.7150586402e+01 1.7254622162e-02 4.8862187250e+00
   endloop
 endfacet
 facet normal  1.0854345733e-01 9.9367083460e-01 -2.8923871344e-02
   outer loop
     vertex 3.7150586402e+01 1.7254622162e-02 4.8862187250e+00
     vertex 3.6591077190e+01 3.8436196629e-02 3.5142187250e+00
     vertex 3.7025096478e+01 3.0962491729e-02 4.8862187250e+00
   endloop
 endfacet
 facet normal  1.0359511732e-01 9.9424329728e-01 -2.7355392172e-02
   outer loop
     vertex 3.6591077190e+01 3.8436196629e-02 3.5142187250e+00
     vertex 3.6378078841e+01 6.0629546084e-02 3.5142187250e+00
     vertex 3.7025096478e+01 3.0962491729e-02 4.8862187250e+00
   endloop
 endfacet
 facet normal  1.0359511732e-01 9.9424329728e-01 -2.7355392172e-02
   outer loop
     vertex 3.7025096478e+01 3.0962491729e-02 4.8862187250e+00
     vertex 3.6378078841e+01 6.0629546084e-02 3.5142187250e+00
     vertex 3.6853514475e+01 4.8840467679e-02 4.8862187250e+00
   endloop
 endfacet
 facet normal  9.7162467859e-02 9.9495147093e-01 -2.5120217618e-02
   outer loop
     vertex 3.6378078841e+01 6.0629546084e-02 3.5142187250e+00
     vertex 3.6098195418e+01 8.7961697388e-02 3.5142187250e+00
     vertex 3.6853514475e+01 4.8840467679e-02 4.8862187250e+00
   endloop
 endfacet
 facet normal  9.7162467859e-02 9.9495147093e-01 -2.5120217618e-02
   outer loop
     vertex 3.6853514475e+01 4.8840467679e-02 4.8862187250e+00
     vertex 3.6098195418e+01 8.7961697388e-02 3.5142187250e+00
     vertex 3.6628052828e+01 7.0858034007e-02 4.8862187250e+00
   endloop
 endfacet
 facet normal  8.8774747428e-02 9.9581159766e-01 -2.1870212410e-02
   outer loop
     vertex 3.6098195418e+01 8.7961697388e-02 3.5142187250e+00
     vertex 3.5749023524e+01 1.1908972072e-01 3.5142187250e+00
     vertex 3.6628052828e+01 7.0858034007e-02 4.8862187250e+00
   endloop
 endfacet
 facet normal  8.8774747428e-02 9.9581159766e-01 -2.1870212410e-02
   outer loop
     vertex 3.6628052828e+01 7.0858034007e-02 4.8862187250e+00
     vertex 3.5749023524e+01 1.1908972072e-01 3.5142187250e+00
     vertex 3.6346775469e+01 9.5933386132e-02 4.8862187250e+00
   endloop
 endfacet
 facet normal  7.7625450637e-02 9.9683772330e-01 -1.6995376292e-02
   outer loop
     vertex 3.5749023524e+01 1.1908972072e-01 3.5142187250e+00
     vertex 3.5340543436e+01 1.5089876060e-01 3.5142187250e+00
     vertex 3.6346775469e+01 9.5933386132e-02 4.8862187250e+00
   endloop
 endfacet
 facet normal  7.7625450637e-02 9.9683772330e-01 -1.6995376292e-02
   outer loop
     vertex 3.6346775469e+01 9.5933386132e-02 4.8862187250e+00
     vertex 3.5340543436e+01 1.5089876060e-01 3.5142187250e+00
     vertex 3.6017722065e+01 1.2155733493e-01 4.8862187250e+00
   endloop
 endfacet
 facet normal  6.2289425434e-02 9.9801385369e-01 -9.4008151674e-03
   outer loop
     vertex 3.5340543436e+01 1.5089876060e-01 3.5142187250e+00
     vertex 3.4897119422e+01 1.7857435547e-01 3.5142187250e+00
     vertex 3.6017722065e+01 1.2155733493e-01 4.8862187250e+00
   endloop
 endfacet
 facet normal  6.2289425434e-02 9.9801385369e-01 -9.4008151674e-03
   outer loop
     vertex 3.6017722065e+01 1.2155733493e-01 4.8862187250e+00
     vertex 3.4897119422e+01 1.7857435547e-01 3.5142187250e+00
     vertex 3.5660519387e+01 1.4385156413e-01 4.8862187250e+00
   endloop
 endfacet
 facet normal  4.0847977285e-02 9.9916209721e-01 2.5585660212e-03
   outer loop
     vertex 3.4897119422e+01 1.7857435547e-01 3.5142187250e+00
     vertex 3.5302924468e+01 1.5847084278e-01 4.8862187250e+00
     vertex 3.5660519387e+01 1.4385156413e-01 4.8862187250e+00
   endloop
 endfacet
 facet normal  4.0847977285e-02 9.9916209721e-01 2.5585660212e-03
   outer loop
     vertex 3.4897119422e+01 1.7857435547e-01 3.5142187250e+00
     vertex 3.4453208488e+01 1.9672242552e-01 3.5142187250e+00
     vertex 3.5302924468e+01 1.5847084278e-01 4.8862187250e+00
   endloop
 endfacet
 facet normal  1.1499739008e-02 9.9971855253e-01 2.0750222251e-02
   outer loop
     vertex 3.4453208488e+01 1.9672242552e-01 3.5142187250e+00
     vertex 3.4972909476e+01 1.6226699748e-01 4.8862187250e+00
     vertex 3.5302924468e+01 1.5847084278e-01 4.8862187250e+00
   endloop
 endfacet
 facet normal  1.1499739008e-02 9.9971855253e-01 2.0750222251e-02
   outer loop
     vertex 3.4453208488e+01 1.9672242552e-01 3.5142187250e+00
     vertex 3.4043534704e+01 2.0143489343e-01 3.5142187250e+00
     vertex 3.4972909476e+01 1.6226699748e-01 4.8862187250e+00
   endloop
 endfacet
 facet normal  -2.6977391931e-02 9.9854083782e-01 4.6780503710e-02
   outer loop
     vertex 3.4043534704e+01 2.0143489343e-01 3.5142187250e+00
     vertex 3.4690639595e+01 1.5464096466e-01 4.8862187250e+00
     vertex 3.4972909476e+01 1.6226699748e-01 4.8862187250e+00
   endloop
 endfacet
 facet normal  -2.6977391931e-02 9.9854083782e-01 4.6780503710e-02
   outer loop
     vertex 3.4043534704e+01 2.0143489343e-01 3.5142187250e+00
     vertex 3.3693130714e+01 1.9196809406e-01 3.5142187250e+00
     vertex 3.4690639595e+01 1.5464096466e-01 4.8862187250e+00
   endloop
 endfacet
 facet normal  -7.6050376434e-02 9.9369944036e-01 8.2327167241e-02
   outer loop
     vertex 3.3693130714e+01 1.9196809406e-01 3.5142187250e+00
     vertex 3.4464793935e+01 1.3735641487e-01 4.8862187250e+00
     vertex 3.4690639595e+01 1.5464096466e-01 4.8862187250e+00
   endloop
 endfacet
 facet normal  -7.6050376434e-02 9.9369944036e-01 8.2327167241e-02
   outer loop
     vertex 3.3693130714e+01 1.9196809406e-01 3.5142187250e+00
     vertex 3.3412770585e+01 1.7051141156e-01 3.5142187250e+00
     vertex 3.4464793935e+01 1.3735641487e-01 4.8862187250e+00
   endloop
 endfacet
 facet normal  -1.3941221588e-01 9.8158184299e-01 1.3061898626e-01
   outer loop
     vertex 3.3412770585e+01 1.7051141156e-01 3.5142187250e+00
     vertex 3.4294036169e+01 1.1310401173e-01 4.8862187250e+00
     vertex 3.4464793935e+01 1.3735641487e-01 4.8862187250e+00
   endloop
 endfacet
 facet normal  -1.3941221588e-01 9.8158184299e-01 1.3061898626e-01
   outer loop
     vertex 3.3412770585e+01 1.7051141156e-01 3.5142187250e+00
     vertex 3.3200795427e+01 1.4040498008e-01 3.5142187250e+00
     vertex 3.4294036169e+01 1.1310401173e-01 4.8862187250e+00
   endloop
 endfacet
 facet normal  -2.2813258291e-01 9.5271161159e-01 2.0073890945e-01
   outer loop
     vertex 3.3200795427e+01 1.4040498008e-01 3.5142187250e+00
     vertex 3.4171340590e+01 8.3723809974e-02 4.8862187250e+00
     vertex 3.4294036169e+01 1.1310401173e-01 4.8862187250e+00
   endloop
 endfacet
 facet normal  -2.2813258291e-01 9.5271161159e-01 2.0073890945e-01
   outer loop
     vertex 3.3200795427e+01 1.4040498008e-01 3.5142187250e+00
     vertex 3.3048483673e+01 1.0393300549e-01 3.5142187250e+00
     vertex 3.4171340590e+01 8.3723809974e-02 4.8862187250e+00
   endloop
 endfacet
 facet normal  -3.7583252951e-01 8.6953918852e-01 3.2039274241e-01
   outer loop
     vertex 3.3048483673e+01 1.0393300549e-01 3.5142187250e+00
     vertex 3.4089223978e+01 4.8231339421e-02 4.8862187250e+00
     vertex 3.4171340590e+01 8.3723809974e-02 4.8862187250e+00
   endloop
 endfacet
 facet normal  -3.7583252951e-01 8.6953918852e-01 3.2039274241e-01
   outer loop
     vertex 3.3048483673e+01 1.0393300549e-01 3.5142187250e+00
     vertex 3.2946545810e+01 5.9873386867e-02 3.5142187250e+00
     vertex 3.4089223978e+01 4.8231339421e-02 4.8862187250e+00
   endloop
 endfacet
 facet normal  -6.6733006059e-01 4.9103911421e-01 5.5995640772e-01
   outer loop
     vertex 3.2946545810e+01 5.9873386867e-02 3.5142187250e+00
     vertex 3.4053734082e+01 2.5203231126e-16 4.8862187250e+00
     vertex 3.4089223978e+01 4.8231339421e-02 4.8862187250e+00
   endloop
 endfacet
 facet normal  -6.6733006059e-01 4.9103911421e-01 5.5995640772e-01
   outer loop
     vertex 3.2946545810e+01 5.9873386867e-02 3.5142187250e+00
     vertex 3.2902489388e+01 1.6802154084e-16 3.5142187250e+00
     vertex 3.4053734082e+01 2.5203231126e-16 4.8862187250e+00
   endloop
 endfacet
 facet normal  -6.6733006059e-01 -4.9103911421e-01 5.5995640772e-01
   outer loop
     vertex 3.2902489388e+01 1.6802154084e-16 3.5142187250e+00
     vertex 3.2946545810e+01 -5.9873386867e-02 3.5142187250e+00
     vertex 3.4053734082e+01 2.5203231126e-16 4.8862187250e+00
   endloop
 endfacet
 facet normal  -6.6733006059e-01 -4.9103911421e-01 5.5995640772e-01
   outer loop
     vertex 3.4053734082e+01 2.5203231126e-16 4.8862187250e+00
     vertex 3.2946545810e+01 -5.9873386867e-02 3.5142187250e+00
     vertex 3.4089223978e+01 -4.8231339421e-02 4.8862187250e+00
   endloop
 endfacet
 facet normal  -3.7583252951e-01 -8.6953918852e-01 3.2039274241e-01
   outer loop
     vertex 3.2946545810e+01 -5.9873386867e-02 3.5142187250e+00
     vertex 3.3048483673e+01 -1.0393300549e-01 3.5142187250e+00
     vertex 3.4089223978e+01 -4.8231339421e-02 4.8862187250e+00
   endloop
 endfacet
 facet normal  -3.7583252951e-01 -8.6953918852e-01 3.2039274241e-01
   outer loop
     vertex 3.4089223978e+01 -4.8231339421e-02 4.8862187250e+00
     vertex 3.3048483673e+01 -1.0393300549e-01 3.5142187250e+00
     vertex 3.4171340590e+01 -8.3723809974e-02 4.8862187250e+00
   endloop
 endfacet
 facet normal  -2.2813258291e-01 -9.5271161159e-01 2.0073890945e-01
   outer loop
     vertex 3.3048483673e+01 -1.0393300549e-01 3.5142187250e+00
     vertex 3.3200795427e+01 -1.4040498008e-01 3.5142187250e+00
     vertex 3.4171340590e+01 -8.3723809974e-02 4.8862187250e+00
   endloop
 endfacet
 facet normal  -2.2813258291e-01 -9.5271161159e-01 2.0073890945e-01
   outer loop
     vertex 3.4171340590e+01 -8.3723809974e-02 4.8862187250e+00
     vertex 3.3200795427e+01 -1.4040498008e-01 3.5142187250e+00
     vertex 3.4294036169e+01 -1.1310401173e-01 4.8862187250e+00
   endloop
 endfacet
 facet normal  -1.3941221588e-01 -9.8158184299e-01 1.3061898626e-01
   outer loop
     vertex 3.3200795427e+01 -1.4040498008e-01 3.5142187250e+00
     vertex 3.3412770585e+01 -1.7051141156e-01 3.5142187250e+00
     vertex 3.4294036169e+01 -1.1310401173e-01 4.8862187250e+00
   endloop
 endfacet
 facet normal  -1.3941221588e-01 -9.8158184299e-01 1.3061898626e-01
   outer loop
     vertex 3.4294036169e+01 -1.1310401173e-01 4.8862187250e+00
     vertex 3.3412770585e+01 -1.7051141156e-01 3.5142187250e+00
     vertex 3.4464793935e+01 -1.3735641487e-01 4.8862187250e+00
   endloop
 endfacet
 facet normal  -7.6050376434e-02 -9.9369944036e-01 8.2327167241e-02
   outer loop
     vertex 3.3412770585e+01 -1.7051141156e-01 3.5142187250e+00
     vertex 3.3693130714e+01 -1.9196809406e-01 3.5142187250e+00
     vertex 3.4464793935e+01 -1.3735641487e-01 4.8862187250e+00
   endloop
 endfacet
 facet normal  -7.6050376434e-02 -9.9369944036e-01 8.2327167241e-02
   outer loop
     vertex 3.4464793935e+01 -1.3735641487e-01 4.8862187250e+00
     vertex 3.3693130714e+01 -1.9196809406e-01 3.5142187250e+00
     vertex 3.4690639595e+01 -1.5464096466e-01 4.8862187250e+00
   endloop
 endfacet
 facet normal  -2.6977391931e-02 -9.9854083782e-01 4.6780503710e-02
   outer loop
     vertex 3.3693130714e+01 -1.9196809406e-01 3.5142187250e+00
     vertex 3.4043534704e+01 -2.0143489343e-01 3.5142187250e+00
     vertex 3.4690639595e+01 -1.5464096466e-01 4.8862187250e+00
   endloop
 endfacet
 facet normal  -2.6977391931e-02 -9.9854083782e-01 4.6780503710e-02
   outer loop
     vertex 3.4690639595e+01 -1.5464096466e-01 4.8862187250e+00
     vertex 3.4043534704e+01 -2.0143489343e-01 3.5142187250e+00
     vertex 3.4972909476e+01 -1.6226699748e-01 4.8862187250e+00
   endloop
 endfacet
 facet normal  1.1499739008e-02 -9.9971855253e-01 2.0750222251e-02
   outer loop
     vertex 3.4043534704e+01 -2.0143489343e-01 3.5142187250e+00
     vertex 3.4453208488e+01 -1.9672242552e-01 3.5142187250e+00
     vertex 3.4972909476e+01 -1.6226699748e-01 4.8862187250e+00
   endloop
 endfacet
 facet normal  1.1499739008e-02 -9.9971855253e-01 2.0750222251e-02
   outer loop
     vertex 3.4972909476e+01 -1.6226699748e-01 4.8862187250e+00
     vertex 3.4453208488e+01 -1.9672242552e-01 3.5142187250e+00
     vertex 3.5302924468e+01 -1.5847084278e-01 4.8862187250e+00
   endloop
 endfacet
 facet normal  4.0847977285e-02 -9.9916209721e-01 2.5585660212e-03
   outer loop
     vertex 3.4453208488e+01 -1.9672242552e-01 3.5142187250e+00
     vertex 3.4897119422e+01 -1.7857435547e-01 3.5142187250e+00
     vertex 3.5302924468e+01 -1.5847084278e-01 4.8862187250e+00
   endloop
 endfacet
 facet normal  4.0847977285e-02 -9.9916209721e-01 2.5585660212e-03
   outer loop
     vertex 3.5302924468e+01 -1.5847084278e-01 4.8862187250e+00
     vertex 3.4897119422e+01 -1.7857435547e-01 3.5142187250e+00
     vertex 3.5660519387e+01 -1.4385156413e-01 4.8862187250e+00
   endloop
 endfacet
 facet normal  6.2289425434e-02 -9.9801385369e-01 -9.4008151674e-03
   outer loop
     vertex 3.4897119422e+01 -1.7857435547e-01 3.5142187250e+00
     vertex 3.6017722065e+01 -1.2155733493e-01 4.8862187250e+00
     vertex 3.5660519387e+01 -1.4385156413e-01 4.8862187250e+00
   endloop
 endfacet
 facet normal  6.2289425434e-02 -9.9801385369e-01 -9.4008151674e-03
   outer loop
     vertex 3.4897119422e+01 -1.7857435547e-01 3.5142187250e+00
     vertex 3.5340543436e+01 -1.5089876060e-01 3.5142187250e+00
     vertex 3.6017722065e+01 -1.2155733493e-01 4.8862187250e+00
   endloop
 endfacet
 facet normal  7.7625450637e-02 -9.9683772330e-01 -1.6995376292e-02
   outer loop
     vertex 3.5340543436e+01 -1.5089876060e-01 3.5142187250e+00
     vertex 3.6346775469e+01 -9.5933386132e-02 4.8862187250e+00
     vertex 3.6017722065e+01 -1.2155733493e-01 4.8862187250e+00
   endloop
 endfacet
 facet normal  7.7625450637e-02 -9.9683772330e-01 -1.6995376292e-02
   outer loop
     vertex 3.5340543436e+01 -1.5089876060e-01 3.5142187250e+00
     vertex 3.5749023524e+01 -1.1908972072e-01 3.5142187250e+00
     vertex 3.6346775469e+01 -9.5933386132e-02 4.8862187250e+00
   endloop
 endfacet
 facet normal  8.8774747428e-02 -9.9581159766e-01 -2.1870212410e-02
   outer loop
     vertex 3.5749023524e+01 -1.1908972072e-01 3.5142187250e+00
     vertex 3.6628052828e+01 -7.0858034007e-02 4.8862187250e+00
     vertex 3.6346775469e+01 -9.5933386132e-02 4.8862187250e+00
   endloop
 endfacet
 facet normal  8.8774747428e-02 -9.9581159766e-01 -2.1870212410e-02
   outer loop
     vertex 3.5749023524e+01 -1.1908972072e-01 3.5142187250e+00
     vertex 3.6098195418e+01 -8.7961697388e-02 3.5142187250e+00
     vertex 3.6628052828e+01 -7.0858034007e-02 4.8862187250e+00
   endloop
 endfacet
 facet normal  9.7162467859e-02 -9.9495147093e-01 -2.5120217618e-02
   outer loop
     vertex 3.6098195418e+01 -8.7961697388e-02 3.5142187250e+00
     vertex 3.6853514475e+01 -4.8840467679e-02 4.8862187250e+00
     vertex 3.6628052828e+01 -7.0858034007e-02 4.8862187250e+00
   endloop
 endfacet
 facet normal  9.7162467859e-02 -9.9495147093e-01 -2.5120217618e-02
   outer loop
     vertex 3.6098195418e+01 -8.7961697388e-02 3.5142187250e+00
     vertex 3.6378078841e+01 -6.0629546084e-02 3.5142187250e+00
     vertex 3.6853514475e+01 -4.8840467679e-02 4.8862187250e+00
   endloop
 endfacet
 facet normal  1.0359511732e-01 -9.9424329728e-01 -2.7355392172e-02
   outer loop
     vertex 3.6378078841e+01 -6.0629546084e-02 3.5142187250e+00
     vertex 3.7025096478e+01 -3.0962491729e-02 4.8862187250e+00
     vertex 3.6853514475e+01 -4.8840467679e-02 4.8862187250e+00
   endloop
 endfacet
 facet normal  1.0359511732e-01 -9.9424329728e-01 -2.7355392172e-02
   outer loop
     vertex 3.6378078841e+01 -6.0629546084e-02 3.5142187250e+00
     vertex 3.6591077190e+01 -3.8436196629e-02 3.5142187250e+00
     vertex 3.7025096478e+01 -3.0962491729e-02 4.8862187250e+00
   endloop
 endfacet
 facet normal  1.0854345733e-01 -9.9367083460e-01 -2.8923871344e-02
   outer loop
     vertex 3.6591077190e+01 -3.8436196629e-02 3.5142187250e+00
     vertex 3.7150586402e+01 -1.7254622162e-02 4.8862187250e+00
     vertex 3.7025096478e+01 -3.0962491729e-02 4.8862187250e+00
   endloop
 endfacet
 facet normal  1.0854345733e-01 -9.9367083460e-01 -2.8923871344e-02
   outer loop
     vertex 3.6591077190e+01 -3.8436196629e-02 3.5142187250e+00
     vertex 3.6746857785e+01 -2.1419530960e-02 3.5142187250e+00
     vertex 3.7150586402e+01 -1.7254622162e-02 4.8862187250e+00
   endloop
 endfacet
 facet normal  1.1226335712e-01 -9.9322492269e-01 -3.0019853254e-02
   outer loop
     vertex 3.6746857785e+01 -2.1419530960e-02 3.5142187250e+00
     vertex 3.7239723544e+01 -7.1795278204e-03 4.8862187250e+00
     vertex 3.7150586402e+01 -1.7254622162e-02 4.8862187250e+00
   endloop
 endfacet
 facet normal  1.1226335712e-01 -9.9322492269e-01 -3.0019853254e-02
   outer loop
     vertex 3.6746857785e+01 -2.1419530960e-02 3.5142187250e+00
     vertex 3.6857510789e+01 -8.9125172943e-03 3.5142187250e+00
     vertex 3.7239723544e+01 -7.1795278204e-03 4.8862187250e+00
   endloop
 endfacet
 facet normal  1.1495641288e-01 -9.9289385091e-01 -3.0770504859e-02
   outer loop
     vertex 3.6857510789e+01 -8.9125172943e-03 3.5142187250e+00
     vertex 3.7301734082e+01 2.5203231126e-16 4.8862187250e+00
     vertex 3.7239723544e+01 -7.1795278204e-03 4.8862187250e+00
   endloop
 endfacet
 facet normal  1.1495641288e-01 -9.9289385091e-01 -3.0770504859e-02
   outer loop
     vertex 3.6857510789e+01 -8.9125172943e-03 3.5142187250e+00
     vertex 3.6934489388e+01 1.6802154084e-16 3.5142187250e+00
     vertex 3.7301734082e+01 2.5203231126e-16 4.8862187250e+00
   endloop
 endfacet
 facet normal  1.1495641288e-01 9.9289385091e-01 -3.0770504859e-02
   outer loop
     vertex 3.7301734082e+01 2.5203231126e-16 4.8862187250e+00
     vertex 3.7621936299e+01 5.4465383465e-03 6.2582187250e+00
     vertex 3.7668978776e+01 3.3604308169e-16 6.2582187250e+00
   endloop
 endfacet
 facet normal  1.1495641288e-01 9.9289385091e-01 -3.0770504859e-02
   outer loop
     vertex 3.7301734082e+01 2.5203231126e-16 4.8862187250e+00
     vertex 3.7239723544e+01 7.1795278204e-03 4.8862187250e+00
     vertex 3.7621936299e+01 5.4465383465e-03 6.2582187250e+00
   endloop
 endfacet
 facet normal  1.1226335712e-01 9.9322492269e-01 -3.0019853254e-02
   outer loop
     vertex 3.7239723544e+01 7.1795278204e-03 4.8862187250e+00
     vertex 3.7554315019e+01 1.3089713364e-02 6.2582187250e+00
     vertex 3.7621936299e+01 5.4465383465e-03 6.2582187250e+00
   endloop
 endfacet
 facet normal  1.1226335712e-01 9.9322492269e-01 -3.0019853254e-02
   outer loop
     vertex 3.7239723544e+01 7.1795278204e-03 4.8862187250e+00
     vertex 3.7150586402e+01 1.7254622162e-02 4.8862187250e+00
     vertex 3.7554315019e+01 1.3089713364e-02 6.2582187250e+00
   endloop
 endfacet
 facet normal  1.0854345733e-01 9.9367083460e-01 -2.8923871344e-02
   outer loop
     vertex 3.7150586402e+01 1.7254622162e-02 4.8862187250e+00
     vertex 3.7459115766e+01 2.3488786829e-02 6.2582187250e+00
     vertex 3.7554315019e+01 1.3089713364e-02 6.2582187250e+00
   endloop
 endfacet
 facet normal  1.0854345733e-01 9.9367083460e-01 -2.8923871344e-02
   outer loop
     vertex 3.7150586402e+01 1.7254622162e-02 4.8862187250e+00
     vertex 3.7025096478e+01 3.0962491729e-02 4.8862187250e+00
     vertex 3.7459115766e+01 2.3488786829e-02 6.2582187250e+00
   endloop
 endfacet
 facet normal  1.0359511732e-01 9.9424329728e-01 -2.7355392172e-02
   outer loop
     vertex 3.7025096478e+01 3.0962491729e-02 4.8862187250e+00
     vertex 3.7328950108e+01 3.7051389274e-02 6.2582187250e+00
     vertex 3.7459115766e+01 2.3488786829e-02 6.2582187250e+00
   endloop
 endfacet
 facet normal  1.0359511732e-01 9.9424329728e-01 -2.7355392172e-02
   outer loop
     vertex 3.7025096478e+01 3.0962491729e-02 4.8862187250e+00
     vertex 3.6853514475e+01 4.8840467679e-02 4.8862187250e+00
     vertex 3.7328950108e+01 3.7051389274e-02 6.2582187250e+00
   endloop
 endfacet
 facet normal  9.7162467859e-02 9.9495147093e-01 -2.5120217618e-02
   outer loop
     vertex 3.6853514475e+01 4.8840467679e-02 4.8862187250e+00
     vertex 3.7157910238e+01 5.3754370626e-02 6.2582187250e+00
     vertex 3.7328950108e+01 3.7051389274e-02 6.2582187250e+00
   endloop
 endfacet
 facet normal  9.7162467859e-02 9.9495147093e-01 -2.5120217618e-02
   outer loop
     vertex 3.6853514475e+01 4.8840467679e-02 4.8862187250e+00
     vertex 3.6628052828e+01 7.0858034007e-02 4.8862187250e+00
     vertex 3.7157910238e+01 5.3754370626e-02 6.2582187250e+00
   endloop
 endfacet
 facet normal  8.8774747428e-02 9.9581159766e-01 -2.1870212410e-02
   outer loop
     vertex 3.6628052828e+01 7.0858034007e-02 4.8862187250e+00
     vertex 3.6944527415e+01 7.2777051549e-02 6.2582187250e+00
     vertex 3.7157910238e+01 5.3754370626e-02 6.2582187250e+00
   endloop
 endfacet
 facet normal  8.8774747428e-02 9.9581159766e-01 -2.1870212410e-02
   outer loop
     vertex 3.6628052828e+01 7.0858034007e-02 4.8862187250e+00
     vertex 3.6346775469e+01 9.5933386132e-02 4.8862187250e+00
     vertex 3.6944527415e+01 7.2777051549e-02 6.2582187250e+00
   endloop
 endfacet
 facet normal  7.7625450637e-02 9.9683772330e-01 -1.6995376292e-02
   outer loop
     vertex 3.6346775469e+01 9.5933386132e-02 4.8862187250e+00
     vertex 3.6694900694e+01 9.2215909256e-02 6.2582187250e+00
     vertex 3.6944527415e+01 7.2777051549e-02 6.2582187250e+00
   endloop
 endfacet
 facet normal  7.7625450637e-02 9.9683772330e-01 -1.6995376292e-02
   outer loop
     vertex 3.6346775469e+01 9.5933386132e-02 4.8862187250e+00
     vertex 3.6017722065e+01 1.2155733493e-01 4.8862187250e+00
     vertex 3.6694900694e+01 9.2215909256e-02 6.2582187250e+00
   endloop
 endfacet
 facet normal  6.2289425434e-02 9.9801385369e-01 -9.4008151674e-03
   outer loop
     vertex 3.6017722065e+01 1.2155733493e-01 4.8862187250e+00
     vertex 3.6423919352e+01 1.0912877279e-01 6.2582187250e+00
     vertex 3.6694900694e+01 9.2215909256e-02 6.2582187250e+00
   endloop
 endfacet
 facet normal  6.2289425434e-02 9.9801385369e-01 -9.4008151674e-03
   outer loop
     vertex 3.6017722065e+01 1.2155733493e-01 4.8862187250e+00
     vertex 3.5660519387e+01 1.4385156413e-01 4.8862187250e+00
     vertex 3.6423919352e+01 1.0912877279e-01 6.2582187250e+00
   endloop
 endfacet
 facet normal  4.0847977285e-02 9.9916209721e-01 2.5585660212e-03
   outer loop
     vertex 3.5660519387e+01 1.4385156413e-01 4.8862187250e+00
     vertex 3.5302924468e+01 1.5847084278e-01 4.8862187250e+00
     vertex 3.6423919352e+01 1.0912877279e-01 6.2582187250e+00
   endloop
 endfacet
 facet normal  4.0847977285e-02 9.9916209721e-01 2.5585660212e-03
   outer loop
     vertex 3.6423919352e+01 1.0912877279e-01 6.2582187250e+00
     vertex 3.5302924468e+01 1.5847084278e-01 4.8862187250e+00
     vertex 3.6152640448e+01 1.2021926004e-01 6.2582187250e+00
   endloop
 endfacet
 facet normal  1.1499739008e-02 9.9971855253e-01 2.0750222251e-02
   outer loop
     vertex 3.5302924468e+01 1.5847084278e-01 4.8862187250e+00
     vertex 3.4972909476e+01 1.6226699748e-01 4.8862187250e+00
     vertex 3.6152640448e+01 1.2021926004e-01 6.2582187250e+00
   endloop
 endfacet
 facet normal  1.1499739008e-02 9.9971855253e-01 2.0750222251e-02
   outer loop
     vertex 3.6152640448e+01 1.2021926004e-01 6.2582187250e+00
     vertex 3.4972909476e+01 1.6226699748e-01 4.8862187250e+00
     vertex 3.5902284247e+01 1.2309910154e-01 6.2582187250e+00
   endloop
 endfacet
 facet normal  -2.6977391931e-02 9.9854083782e-01 4.6780503710e-02
   outer loop
     vertex 3.4972909476e+01 1.6226699748e-01 4.8862187250e+00
     vertex 3.4690639595e+01 1.5464096466e-01 4.8862187250e+00
     vertex 3.5902284247e+01 1.2309910154e-01 6.2582187250e+00
   endloop
 endfacet
 facet normal  -2.6977391931e-02 9.9854083782e-01 4.6780503710e-02
   outer loop
     vertex 3.5902284247e+01 1.2309910154e-01 6.2582187250e+00
     vertex 3.4690639595e+01 1.5464096466e-01 4.8862187250e+00
     vertex 3.5688148475e+01 1.1731383526e-01 6.2582187250e+00
   endloop
 endfacet
 facet normal  -7.6050376434e-02 9.9369944036e-01 8.2327167241e-02
   outer loop
     vertex 3.4690639595e+01 1.5464096466e-01 4.8862187250e+00
     vertex 3.4464793935e+01 1.3735641487e-01 4.8862187250e+00
     vertex 3.5688148475e+01 1.1731383526e-01 6.2582187250e+00
   endloop
 endfacet
 facet normal  -7.6050376434e-02 9.9369944036e-01 8.2327167241e-02
   outer loop
     vertex 3.5688148475e+01 1.1731383526e-01 6.2582187250e+00
     vertex 3.4464793935e+01 1.3735641487e-01 4.8862187250e+00
     vertex 3.5516817285e+01 1.0420141817e-01 6.2582187250e+00
   endloop
 endfacet
 facet normal  -1.3941221588e-01 9.8158184299e-01 1.3061898626e-01
   outer loop
     vertex 3.4464793935e+01 1.3735641487e-01 4.8862187250e+00
     vertex 3.4294036169e+01 1.1310401173e-01 4.8862187250e+00
     vertex 3.5516817285e+01 1.0420141817e-01 6.2582187250e+00
   endloop
 endfacet
 facet normal  -1.3941221588e-01 9.8158184299e-01 1.3061898626e-01
   outer loop
     vertex 3.5516817285e+01 1.0420141817e-01 6.2582187250e+00
     vertex 3.4294036169e+01 1.1310401173e-01 4.8862187250e+00
     vertex 3.5387276911e+01 8.5803043384e-02 6.2582187250e+00
   endloop
 endfacet
 facet normal  -2.2813258291e-01 9.5271161159e-01 2.0073890945e-01
   outer loop
     vertex 3.4294036169e+01 1.1310401173e-01 4.8862187250e+00
     vertex 3.4171340590e+01 8.3723809974e-02 4.8862187250e+00
     vertex 3.5387276911e+01 8.5803043384e-02 6.2582187250e+00
   endloop
 endfacet
 facet normal  -2.2813258291e-01 9.5271161159e-01 2.0073890945e-01
   outer loop
     vertex 3.5387276911e+01 8.5803043384e-02 6.2582187250e+00
     vertex 3.4171340590e+01 8.3723809974e-02 4.8862187250e+00
     vertex 3.5294197506e+01 6.3514614463e-02 6.2582187250e+00
   endloop
 endfacet
 facet normal  -3.7583252951e-01 8.6953918852e-01 3.2039274241e-01
   outer loop
     vertex 3.4171340590e+01 8.3723809974e-02 4.8862187250e+00
     vertex 3.4089223978e+01 4.8231339421e-02 4.8862187250e+00
     vertex 3.5294197506e+01 6.3514614463e-02 6.2582187250e+00
   endloop
 endfacet
 facet normal  -3.7583252951e-01 8.6953918852e-01 3.2039274241e-01
   outer loop
     vertex 3.5294197506e+01 6.3514614463e-02 6.2582187250e+00
     vertex 3.4089223978e+01 4.8231339421e-02 4.8862187250e+00
     vertex 3.5231902145e+01 3.6589291974e-02 6.2582187250e+00
   endloop
 endfacet
 facet normal  -6.6733006059e-01 4.9103911421e-01 5.5995640772e-01
   outer loop
     vertex 3.4089223978e+01 4.8231339421e-02 4.8862187250e+00
     vertex 3.4053734082e+01 2.5203231126e-16 4.8862187250e+00
     vertex 3.5231902145e+01 3.6589291974e-02 6.2582187250e+00
   endloop
 endfacet
 facet normal  -6.6733006059e-01 4.9103911421e-01 5.5995640772e-01
   outer loop
     vertex 3.5231902145e+01 3.6589291974e-02 6.2582187250e+00
     vertex 3.4053734082e+01 2.5203231126e-16 4.8862187250e+00
     vertex 3.5204978776e+01 3.3604308169e-16 6.2582187250e+00
   endloop
 endfacet
 facet normal  -6.6733006059e-01 -4.9103911421e-01 5.5995640772e-01
   outer loop
     vertex 3.4053734082e+01 2.5203231126e-16 4.8862187250e+00
     vertex 3.5231902145e+01 -3.6589291974e-02 6.2582187250e+00
     vertex 3.5204978776e+01 3.3604308169e-16 6.2582187250e+00
   endloop
 endfacet
 facet normal  -6.6733006059e-01 -4.9103911421e-01 5.5995640772e-01
   outer loop
     vertex 3.4053734082e+01 2.5203231126e-16 4.8862187250e+00
     vertex 3.4089223978e+01 -4.8231339421e-02 4.8862187250e+00
     vertex 3.5231902145e+01 -3.6589291974e-02 6.2582187250e+00
   endloop
 endfacet
 facet normal  -3.7583252951e-01 -8.6953918852e-01 3.2039274241e-01
   outer loop
     vertex 3.4089223978e+01 -4.8231339421e-02 4.8862187250e+00
     vertex 3.5294197506e+01 -6.3514614463e-02 6.2582187250e+00
     vertex 3.5231902145e+01 -3.6589291974e-02 6.2582187250e+00
   endloop
 endfacet
 facet normal  -3.7583252951e-01 -8.6953918852e-01 3.2039274241e-01
   outer loop
     vertex 3.4089223978e+01 -4.8231339421e-02 4.8862187250e+00
     vertex 3.4171340590e+01 -8.3723809974e-02 4.8862187250e+00
     vertex 3.5294197506e+01 -6.3514614463e-02 6.2582187250e+00
   endloop
 endfacet
 facet normal  -2.2813258291e-01 -9.5271161159e-01 2.0073890945e-01
   outer loop
     vertex 3.4171340590e+01 -8.3723809974e-02 4.8862187250e+00
     vertex 3.5387276911e+01 -8.5803043384e-02 6.2582187250e+00
     vertex 3.5294197506e+01 -6.3514614463e-02 6.2582187250e+00
   endloop
 endfacet
 facet normal  -2.2813258291e-01 -9.5271161159e-01 2.0073890945e-01
   outer loop
     vertex 3.4171340590e+01 -8.3723809974e-02 4.8862187250e+00
     vertex 3.4294036169e+01 -1.1310401173e-01 4.8862187250e+00
     vertex 3.5387276911e+01 -8.5803043384e-02 6.2582187250e+00
   endloop
 endfacet
 facet normal  -1.3941221588e-01 -9.8158184299e-01 1.3061898626e-01
   outer loop
     vertex 3.4294036169e+01 -1.1310401173e-01 4.8862187250e+00
     vertex 3.5516817285e+01 -1.0420141817e-01 6.2582187250e+00
     vertex 3.5387276911e+01 -8.5803043384e-02 6.2582187250e+00
   endloop
 endfacet
 facet normal  -1.3941221588e-01 -9.8158184299e-01 1.3061898626e-01
   outer loop
     vertex 3.4294036169e+01 -1.1310401173e-01 4.8862187250e+00
     vertex 3.4464793935e+01 -1.3735641487e-01 4.8862187250e+00
     vertex 3.5516817285e+01 -1.0420141817e-01 6.2582187250e+00
   endloop
 endfacet
 facet normal  -7.6050376434e-02 -9.9369944036e-01 8.2327167241e-02
   outer loop
     vertex 3.4464793935e+01 -1.3735641487e-01 4.8862187250e+00
     vertex 3.5688148475e+01 -1.1731383526e-01 6.2582187250e+00
     vertex 3.5516817285e+01 -1.0420141817e-01 6.2582187250e+00
   endloop
 endfacet
 facet normal  -7.6050376434e-02 -9.9369944036e-01 8.2327167241e-02
   outer loop
     vertex 3.4464793935e+01 -1.3735641487e-01 4.8862187250e+00
     vertex 3.4690639595e+01 -1.5464096466e-01 4.8862187250e+00
     vertex 3.5688148475e+01 -1.1731383526e-01 6.2582187250e+00
   endloop
 endfacet
 facet normal  -2.6977391931e-02 -9.9854083782e-01 4.6780503710e-02
   outer loop
     vertex 3.4690639595e+01 -1.5464096466e-01 4.8862187250e+00
     vertex 3.5902284247e+01 -1.2309910154e-01 6.2582187250e+00
     vertex 3.5688148475e+01 -1.1731383526e-01 6.2582187250e+00
   endloop
 endfacet
 facet normal  -2.6977391931e-02 -9.9854083782e-01 4.6780503710e-02
   outer loop
     vertex 3.4690639595e+01 -1.5464096466e-01 4.8862187250e+00
     vertex 3.4972909476e+01 -1.6226699748e-01 4.8862187250e+00
     vertex 3.5902284247e+01 -1.2309910154e-01 6.2582187250e+00
   endloop
 endfacet
 facet normal  1.1499739008e-02 -9.9971855253e-01 2.0750222251e-02
   outer loop
     vertex 3.4972909476e+01 -1.6226699748e-01 4.8862187250e+00
     vertex 3.6152640448e+01 -1.2021926004e-01 6.2582187250e+00
     vertex 3.5902284247e+01 -1.2309910154e-01 6.2582187250e+00
   endloop
 endfacet
 facet normal  1.1499739008e-02 -9.9971855253e-01 2.0750222251e-02
   outer loop
     vertex 3.4972909476e+01 -1.6226699748e-01 4.8862187250e+00
     vertex 3.5302924468e+01 -1.5847084278e-01 4.8862187250e+00
     vertex 3.6152640448e+01 -1.2021926004e-01 6.2582187250e+00
   endloop
 endfacet
 facet normal  4.0847977285e-02 -9.9916209721e-01 2.5585660212e-03
   outer loop
     vertex 3.5302924468e+01 -1.5847084278e-01 4.8862187250e+00
     vertex 3.6423919352e+01 -1.0912877279e-01 6.2582187250e+00
     vertex 3.6152640448e+01 -1.2021926004e-01 6.2582187250e+00
   endloop
 endfacet
 facet normal  4.0847977285e-02 -9.9916209721e-01 2.5585660212e-03
   outer loop
     vertex 3.5302924468e+01 -1.5847084278e-01 4.8862187250e+00
     vertex 3.5660519387e+01 -1.4385156413e-01 4.8862187250e+00
     vertex 3.6423919352e+01 -1.0912877279e-01 6.2582187250e+00
   endloop
 endfacet
 facet normal  6.2289425434e-02 -9.9801385369e-01 -9.4008151674e-03
   outer loop
     vertex 3.5660519387e+01 -1.4385156413e-01 4.8862187250e+00
     vertex 3.6017722065e+01 -1.2155733493e-01 4.8862187250e+00
     vertex 3.6423919352e+01 -1.0912877279e-01 6.2582187250e+00
   endloop
 endfacet
 facet normal  6.2289425434e-02 -9.9801385369e-01 -9.4008151674e-03
   outer loop
     vertex 3.6423919352e+01 -1.0912877279e-01 6.2582187250e+00
     vertex 3.6017722065e+01 -1.2155733493e-01 4.8862187250e+00
     vertex 3.6694900694e+01 -9.2215909256e-02 6.2582187250e+00
   endloop
 endfacet
 facet normal  7.7625450637e-02 -9.9683772330e-01 -1.6995376292e-02
   outer loop
     vertex 3.6017722065e+01 -1.2155733493e-01 4.8862187250e+00
     vertex 3.6346775469e+01 -9.5933386132e-02 4.8862187250e+00
     vertex 3.6694900694e+01 -9.2215909256e-02 6.2582187250e+00
   endloop
 endfacet
 facet normal  7.7625450637e-02 -9.9683772330e-01 -1.6995376292e-02
   outer loop
     vertex 3.6694900694e+01 -9.2215909256e-02 6.2582187250e+00
     vertex 3.6346775469e+01 -9.5933386132e-02 4.8862187250e+00
     vertex 3.6944527415e+01 -7.2777051549e-02 6.2582187250e+00
   endloop
 endfacet
 facet normal  8.8774747428e-02 -9.9581159766e-01 -2.1870212410e-02
   outer loop
     vertex 3.6346775469e+01 -9.5933386132e-02 4.8862187250e+00
     vertex 3.6628052828e+01 -7.0858034007e-02 4.8862187250e+00
     vertex 3.6944527415e+01 -7.2777051549e-02 6.2582187250e+00
   endloop
 endfacet
 facet normal  8.8774747428e-02 -9.9581159766e-01 -2.1870212410e-02
   outer loop
     vertex 3.6944527415e+01 -7.2777051549e-02 6.2582187250e+00
     vertex 3.6628052828e+01 -7.0858034007e-02 4.8862187250e+00
     vertex 3.7157910238e+01 -5.3754370626e-02 6.2582187250e+00
   endloop
 endfacet
 facet normal  9.7162467859e-02 -9.9495147093e-01 -2.5120217618e-02
   outer loop
     vertex 3.6628052828e+01 -7.0858034007e-02 4.8862187250e+00
     vertex 3.6853514475e+01 -4.8840467679e-02 4.8862187250e+00
     vertex 3.7157910238e+01 -5.3754370626e-02 6.2582187250e+00
   endloop
 endfacet
 facet normal  9.7162467859e-02 -9.9495147093e-01 -2.5120217618e-02
   outer loop
     vertex 3.7157910238e+01 -5.3754370626e-02 6.2582187250e+00
     vertex 3.6853514475e+01 -4.8840467679e-02 4.8862187250e+00
     vertex 3.7328950108e+01 -3.7051389274e-02 6.2582187250e+00
   endloop
 endfacet
 facet normal  1.0359511732e-01 -9.9424329728e-01 -2.7355392172e-02
   outer loop
     vertex 3.6853514475e+01 -4.8840467679e-02 4.8862187250e+00
     vertex 3.7025096478e+01 -3.0962491729e-02 4.8862187250e+00
     vertex 3.7328950108e+01 -3.7051389274e-02 6.2582187250e+00
   endloop
 endfacet
 facet normal  1.0359511732e-01 -9.9424329728e-01 -2.7355392172e-02
   outer loop
     vertex 3.7328950108e+01 -3.7051389274e-02 6.2582187250e+00
     vertex 3.7025096478e+01 -3.0962491729e-02 4.8862187250e+00
     vertex 3.7459115766e+01 -2.3488786829e-02 6.2582187250e+00
   endloop
 endfacet
 facet normal  1.0854345733e-01 -9.9367083460e-01 -2.8923871344e-02
   outer loop
     vertex 3.7025096478e+01 -3.0962491729e-02 4.8862187250e+00
     vertex 3.7150586402e+01 -1.7254622162e-02 4.8862187250e+00
     vertex 3.7459115766e+01 -2.3488786829e-02 6.2582187250e+00
   endloop
 endfacet
 facet normal  1.0854345733e-01 -9.9367083460e-01 -2.8923871344e-02
   outer loop
     vertex 3.7459115766e+01 -2.3488786829e-02 6.2582187250e+00
     vertex 3.7150586402e+01 -1.7254622162e-02 4.8862187250e+00
     vertex 3.7554315019e+01 -1.3089713364e-02 6.2582187250e+00
   endloop
 endfacet
 facet normal  1.1226335712e-01 -9.9322492269e-01 -3.0019853254e-02
   outer loop
     vertex 3.7150586402e+01 -1.7254622162e-02 4.8862187250e+00
     vertex 3.7239723544e+01 -7.1795278204e-03 4.8862187250e+00
     vertex 3.7554315019e+01 -1.3089713364e-02 6.2582187250e+00
   endloop
 endfacet
 facet normal  1.1226335712e-01 -9.9322492269e-01 -3.0019853254e-02
   outer loop
     vertex 3.7554315019e+01 -1.3089713364e-02 6.2582187250e+00
     vertex 3.7239723544e+01 -7.1795278204e-03 4.8862187250e+00
     vertex 3.7621936299e+01 -5.4465383465e-03 6.2582187250e+00
   endloop
 endfacet
 facet normal  1.1495641288e-01 -9.9289385091e-01 -3.0770504859e-02
   outer loop
     vertex 3.7239723544e+01 -7.1795278204e-03 4.8862187250e+00
     vertex 3.7301734082e+01 2.5203231126e-16 4.8862187250e+00
     vertex 3.7621936299e+01 -5.4465383465e-03 6.2582187250e+00
   endloop
 endfacet
 facet normal  1.1495641288e-01 -9.9289385091e-01 -3.0770504859e-02
   outer loop
     vertex 3.7621936299e+01 -5.4465383465e-03 6.2582187250e+00
     vertex 3.7301734082e+01 2.5203231126e-16 4.8862187250e+00
     vertex 3.7668978776e+01 3.3604308169e-16 6.2582187250e+00
   endloop
 endfacet
 facet normal  1.1495641288e-01 9.9289385091e-01 -3.0770504859e-02
   outer loop
     vertex 3.7668978776e+01 3.3604308169e-16 6.2582187250e+00
     vertex 3.8004149054e+01 3.7135488726e-03 7.6302187250e+00
     vertex 3.8036223470e+01 4.2005385211e-16 7.6302187250e+00
   endloop
 endfacet
 facet normal  1.1495641288e-01 9.9289385091e-01 -3.0770504859e-02
   outer loop
     vertex 3.7668978776e+01 3.3604308169e-16 6.2582187250e+00
     vertex 3.7621936299e+01 5.4465383465e-03 6.2582187250e+00
     vertex 3.8004149054e+01 3.7135488726e-03 7.6302187250e+00
   endloop
 endfacet
 facet normal  1.1226335712e-01 9.9322492269e-01 -3.0019853254e-02
   outer loop
     vertex 3.7621936299e+01 5.4465383465e-03 6.2582187250e+00
     vertex 3.7958043635e+01 8.9248045665e-03 7.6302187250e+00
     vertex 3.8004149054e+01 3.7135488726e-03 7.6302187250e+00
   endloop
 endfacet
 facet normal  1.1226335712e-01 9.9322492269e-01 -3.0019853254e-02
   outer loop
     vertex 3.7621936299e+01 5.4465383465e-03 6.2582187250e+00
     vertex 3.7554315019e+01 1.3089713364e-02 6.2582187250e+00
     vertex 3.7958043635e+01 8.9248045665e-03 7.6302187250e+00
   endloop
 endfacet
 facet normal  1.0854345733e-01 9.9367083460e-01 -2.8923871344e-02
   outer loop
     vertex 3.7554315019e+01 1.3089713364e-02 6.2582187250e+00
     vertex 3.7893135054e+01 1.6015081929e-02 7.6302187250e+00
     vertex 3.7958043635e+01 8.9248045665e-03 7.6302187250e+00
   endloop
 endfacet
 facet normal  1.0854345733e-01 9.9367083460e-01 -2.8923871344e-02
   outer loop
     vertex 3.7554315019e+01 1.3089713364e-02 6.2582187250e+00
     vertex 3.7459115766e+01 2.3488786829e-02 6.2582187250e+00
     vertex 3.7893135054e+01 1.6015081929e-02 7.6302187250e+00
   endloop
 endfacet
 facet normal  1.0359511732e-01 9.9424329728e-01 -2.7355392172e-02
   outer loop
     vertex 3.7459115766e+01 2.3488786829e-02 6.2582187250e+00
     vertex 3.7804385742e+01 2.5262310869e-02 7.6302187250e+00
     vertex 3.7893135054e+01 1.6015081929e-02 7.6302187250e+00
   endloop
 endfacet
 facet normal  1.0359511732e-01 9.9424329728e-01 -2.7355392172e-02
   outer loop
     vertex 3.7459115766e+01 2.3488786829e-02 6.2582187250e+00
     vertex 3.7328950108e+01 3.7051389274e-02 6.2582187250e+00
     vertex 3.7804385742e+01 2.5262310869e-02 7.6302187250e+00
   endloop
 endfacet
 facet normal  9.7162467859e-02 9.9495147093e-01 -2.5120217618e-02
   outer loop
     vertex 3.7328950108e+01 3.7051389274e-02 6.2582187250e+00
     vertex 3.7687767649e+01 3.6650707245e-02 7.6302187250e+00
     vertex 3.7804385742e+01 2.5262310869e-02 7.6302187250e+00
   endloop
 endfacet
 facet normal  9.7162467859e-02 9.9495147093e-01 -2.5120217618e-02
   outer loop
     vertex 3.7328950108e+01 3.7051389274e-02 6.2582187250e+00
     vertex 3.7157910238e+01 5.3754370626e-02 6.2582187250e+00
     vertex 3.7687767649e+01 3.6650707245e-02 7.6302187250e+00
   endloop
 endfacet
 facet normal  8.8774747428e-02 9.9581159766e-01 -2.1870212410e-02
   outer loop
     vertex 3.7157910238e+01 5.3754370626e-02 6.2582187250e+00
     vertex 3.7542279360e+01 4.9620716965e-02 7.6302187250e+00
     vertex 3.7687767649e+01 3.6650707245e-02 7.6302187250e+00
   endloop
 endfacet
 facet normal  8.8774747428e-02 9.9581159766e-01 -2.1870212410e-02
   outer loop
     vertex 3.7157910238e+01 5.3754370626e-02 6.2582187250e+00
     vertex 3.6944527415e+01 7.2777051549e-02 6.2582187250e+00
     vertex 3.7542279360e+01 4.9620716965e-02 7.6302187250e+00
   endloop
 endfacet
 facet normal  7.7625450637e-02 9.9683772330e-01 -1.6995376292e-02
   outer loop
     vertex 3.6944527415e+01 7.2777051549e-02 6.2582187250e+00
     vertex 3.7372079323e+01 6.2874483583e-02 7.6302187250e+00
     vertex 3.7542279360e+01 4.9620716965e-02 7.6302187250e+00
   endloop
 endfacet
 facet normal  7.7625450637e-02 9.9683772330e-01 -1.6995376292e-02
   outer loop
     vertex 3.6944527415e+01 7.2777051549e-02 6.2582187250e+00
     vertex 3.6694900694e+01 9.2215909256e-02 6.2582187250e+00
     vertex 3.7372079323e+01 6.2874483583e-02 7.6302187250e+00
   endloop
 endfacet
 facet normal  6.2289425434e-02 9.9801385369e-01 -9.4008151674e-03
   outer loop
     vertex 3.6694900694e+01 9.2215909256e-02 6.2582187250e+00
     vertex 3.7187319317e+01 7.4405981448e-02 7.6302187250e+00
     vertex 3.7372079323e+01 6.2874483583e-02 7.6302187250e+00
   endloop
 endfacet
 facet normal  6.2289425434e-02 9.9801385369e-01 -9.4008151674e-03
   outer loop
     vertex 3.6694900694e+01 9.2215909256e-02 6.2582187250e+00
     vertex 3.6423919352e+01 1.0912877279e-01 6.2582187250e+00
     vertex 3.7187319317e+01 7.4405981448e-02 7.6302187250e+00
   endloop
 endfacet
 facet normal  4.0847977285e-02 9.9916209721e-01 2.5585660212e-03
   outer loop
     vertex 3.6423919352e+01 1.0912877279e-01 6.2582187250e+00
     vertex 3.6152640448e+01 1.2021926004e-01 6.2582187250e+00
     vertex 3.7187319317e+01 7.4405981448e-02 7.6302187250e+00
   endloop
 endfacet
 facet normal  4.0847977285e-02 9.9916209721e-01 2.5585660212e-03
   outer loop
     vertex 3.7187319317e+01 7.4405981448e-02 7.6302187250e+00
     vertex 3.6152640448e+01 1.2021926004e-01 6.2582187250e+00
     vertex 3.7002356428e+01 8.1967677302e-02 7.6302187250e+00
   endloop
 endfacet
 facet normal  1.1499739008e-02 9.9971855253e-01 2.0750222251e-02
   outer loop
     vertex 3.6152640448e+01 1.2021926004e-01 6.2582187250e+00
     vertex 3.5902284247e+01 1.2309910154e-01 6.2582187250e+00
     vertex 3.7002356428e+01 8.1967677302e-02 7.6302187250e+00
   endloop
 endfacet
 facet normal  1.1499739008e-02 9.9971855253e-01 2.0750222251e-02
   outer loop
     vertex 3.7002356428e+01 8.1967677302e-02 7.6302187250e+00
     vertex 3.5902284247e+01 1.2309910154e-01 6.2582187250e+00
     vertex 3.6831659018e+01 8.3931205595e-02 7.6302187250e+00
   endloop
 endfacet
 facet normal  -2.6977391931e-02 9.9854083782e-01 4.6780503710e-02
   outer loop
     vertex 3.5902284247e+01 1.2309910154e-01 6.2582187250e+00
     vertex 3.5688148475e+01 1.1731383526e-01 6.2582187250e+00
     vertex 3.6831659018e+01 8.3931205595e-02 7.6302187250e+00
   endloop
 endfacet
 facet normal  -2.6977391931e-02 9.9854083782e-01 4.6780503710e-02
   outer loop
     vertex 3.6831659018e+01 8.3931205595e-02 7.6302187250e+00
     vertex 3.5688148475e+01 1.1731383526e-01 6.2582187250e+00
     vertex 3.6685657356e+01 7.9986705860e-02 7.6302187250e+00
   endloop
 endfacet
 facet normal  -7.6050376434e-02 9.9369944036e-01 8.2327167241e-02
   outer loop
     vertex 3.5688148475e+01 1.1731383526e-01 6.2582187250e+00
     vertex 3.5516817285e+01 1.0420141817e-01 6.2582187250e+00
     vertex 3.6685657356e+01 7.9986705860e-02 7.6302187250e+00
   endloop
 endfacet
 facet normal  -7.6050376434e-02 9.9369944036e-01 8.2327167241e-02
   outer loop
     vertex 3.6685657356e+01 7.9986705860e-02 7.6302187250e+00
     vertex 3.5516817285e+01 1.0420141817e-01 6.2582187250e+00
     vertex 3.6568840635e+01 7.1046421482e-02 7.6302187250e+00
   endloop
 endfacet
 facet normal  -1.3941221588e-01 9.8158184299e-01 1.3061898626e-01
   outer loop
     vertex 3.5516817285e+01 1.0420141817e-01 6.2582187250e+00
     vertex 3.5387276911e+01 8.5803043384e-02 6.2582187250e+00
     vertex 3.6568840635e+01 7.1046421482e-02 7.6302187250e+00
   endloop
 endfacet
 facet normal  -1.3941221588e-01 9.8158184299e-01 1.3061898626e-01
   outer loop
     vertex 3.6568840635e+01 7.1046421482e-02 7.6302187250e+00
     vertex 3.5387276911e+01 8.5803043384e-02 6.2582187250e+00
     vertex 3.6480517653e+01 5.8502075034e-02 7.6302187250e+00
   endloop
 endfacet
 facet normal  -2.2813258291e-01 9.5271161159e-01 2.0073890945e-01
   outer loop
     vertex 3.5387276911e+01 8.5803043384e-02 6.2582187250e+00
     vertex 3.5294197506e+01 6.3514614463e-02 6.2582187250e+00
     vertex 3.6480517653e+01 5.8502075034e-02 7.6302187250e+00
   endloop
 endfacet
 facet normal  -2.2813258291e-01 9.5271161159e-01 2.0073890945e-01
   outer loop
     vertex 3.6480517653e+01 5.8502075034e-02 7.6302187250e+00
     vertex 3.5294197506e+01 6.3514614463e-02 6.2582187250e+00
     vertex 3.6417054422e+01 4.3305418952e-02 7.6302187250e+00
   endloop
 endfacet
 facet normal  -3.7583252951e-01 8.6953918852e-01 3.2039274241e-01
   outer loop
     vertex 3.5294197506e+01 6.3514614463e-02 6.2582187250e+00
     vertex 3.5231902145e+01 3.6589291974e-02 6.2582187250e+00
     vertex 3.6417054422e+01 4.3305418952e-02 7.6302187250e+00
   endloop
 endfacet
 facet normal  -3.7583252951e-01 8.6953918852e-01 3.2039274241e-01
   outer loop
     vertex 3.6417054422e+01 4.3305418952e-02 7.6302187250e+00
     vertex 3.5231902145e+01 3.6589291974e-02 6.2582187250e+00
     vertex 3.6374580312e+01 2.4947244528e-02 7.6302187250e+00
   endloop
 endfacet
 facet normal  -6.6733006059e-01 4.9103911421e-01 5.5995640772e-01
   outer loop
     vertex 3.5231902145e+01 3.6589291974e-02 6.2582187250e+00
     vertex 3.5204978776e+01 3.3604308169e-16 6.2582187250e+00
     vertex 3.6374580312e+01 2.4947244528e-02 7.6302187250e+00
   endloop
 endfacet
 facet normal  -6.6733006059e-01 4.9103911421e-01 5.5995640772e-01
   outer loop
     vertex 3.6374580312e+01 2.4947244528e-02 7.6302187250e+00
     vertex 3.5204978776e+01 3.3604308169e-16 6.2582187250e+00
     vertex 3.6356223470e+01 4.2005385211e-16 7.6302187250e+00
   endloop
 endfacet
 facet normal  -6.6733006059e-01 -4.9103911421e-01 5.5995640772e-01
   outer loop
     vertex 3.5204978776e+01 3.3604308169e-16 6.2582187250e+00
     vertex 3.6374580312e+01 -2.4947244528e-02 7.6302187250e+00
     vertex 3.6356223470e+01 4.2005385211e-16 7.6302187250e+00
   endloop
 endfacet
 facet normal  -6.6733006059e-01 -4.9103911421e-01 5.5995640772e-01
   outer loop
     vertex 3.5204978776e+01 3.3604308169e-16 6.2582187250e+00
     vertex 3.5231902145e+01 -3.6589291974e-02 6.2582187250e+00
     vertex 3.6374580312e+01 -2.4947244528e-02 7.6302187250e+00
   endloop
 endfacet
 facet normal  -3.7583252951e-01 -8.6953918852e-01 3.2039274241e-01
   outer loop
     vertex 3.5231902145e+01 -3.6589291974e-02 6.2582187250e+00
     vertex 3.6417054422e+01 -4.3305418952e-02 7.6302187250e+00
     vertex 3.6374580312e+01 -2.4947244528e-02 7.6302187250e+00
   endloop
 endfacet
 facet normal  -3.7583252951e-01 -8.6953918852e-01 3.2039274241e-01
   outer loop
     vertex 3.5231902145e+01 -3.6589291974e-02 6.2582187250e+00
     vertex 3.5294197506e+01 -6.3514614463e-02 6.2582187250e+00
     vertex 3.6417054422e+01 -4.3305418952e-02 7.6302187250e+00
   endloop
 endfacet
 facet normal  -2.2813258291e-01 -9.5271161159e-01 2.0073890945e-01
   outer loop
     vertex 3.5294197506e+01 -6.3514614463e-02 6.2582187250e+00
     vertex 3.6480517653e+01 -5.8502075034e-02 7.6302187250e+00
     vertex 3.6417054422e+01 -4.3305418952e-02 7.6302187250e+00
   endloop
 endfacet
 facet normal  -2.2813258291e-01 -9.5271161159e-01 2.0073890945e-01
   outer loop
     vertex 3.5294197506e+01 -6.3514614463e-02 6.2582187250e+00
     vertex 3.5387276911e+01 -8.5803043384e-02 6.2582187250e+00
     vertex 3.6480517653e+01 -5.8502075034e-02 7.6302187250e+00
   endloop
 endfacet
 facet normal  -1.3941221588e-01 -9.8158184299e-01 1.3061898626e-01
   outer loop
     vertex 3.5387276911e+01 -8.5803043384e-02 6.2582187250e+00
     vertex 3.6568840635e+01 -7.1046421482e-02 7.6302187250e+00
     vertex 3.6480517653e+01 -5.8502075034e-02 7.6302187250e+00
   endloop
 endfacet
 facet normal  -1.3941221588e-01 -9.8158184299e-01 1.3061898626e-01
   outer loop
     vertex 3.5387276911e+01 -8.5803043384e-02 6.2582187250e+00
     vertex 3.5516817285e+01 -1.0420141817e-01 6.2582187250e+00
     vertex 3.6568840635e+01 -7.1046421482e-02 7.6302187250e+00
   endloop
 endfacet
 facet normal  -7.6050376434e-02 -9.9369944036e-01 8.2327167241e-02
   outer loop
     vertex 3.5516817285e+01 -1.0420141817e-01 6.2582187250e+00
     vertex 3.6685657356e+01 -7.9986705860e-02 7.6302187250e+00
     vertex 3.6568840635e+01 -7.1046421482e-02 7.6302187250e+00
   endloop
 endfacet
 facet normal  -7.6050376434e-02 -9.9369944036e-01 8.2327167241e-02
   outer loop
     vertex 3.5516817285e+01 -1.0420141817e-01 6.2582187250e+00
     vertex 3.5688148475e+01 -1.1731383526e-01 6.2582187250e+00
     vertex 3.6685657356e+01 -7.9986705860e-02 7.6302187250e+00
   endloop
 endfacet
 facet normal  -2.6977391931e-02 -9.9854083782e-01 4.6780503710e-02
   outer loop
     vertex 3.5688148475e+01 -1.1731383526e-01 6.2582187250e+00
     vertex 3.6831659018e+01 -8.3931205595e-02 7.6302187250e+00
     vertex 3.6685657356e+01 -7.9986705860e-02 7.6302187250e+00
   endloop
 endfacet
 facet normal  -2.6977391931e-02 -9.9854083782e-01 4.6780503710e-02
   outer loop
     vertex 3.5688148475e+01 -1.1731383526e-01 6.2582187250e+00
     vertex 3.5902284247e+01 -1.2309910154e-01 6.2582187250e+00
     vertex 3.6831659018e+01 -8.3931205595e-02 7.6302187250e+00
   endloop
 endfacet
 facet normal  1.1499739008e-02 -9.9971855253e-01 2.0750222251e-02
   outer loop
     vertex 3.5902284247e+01 -1.2309910154e-01 6.2582187250e+00
     vertex 3.7002356428e+01 -8.1967677302e-02 7.6302187250e+00
     vertex 3.6831659018e+01 -8.3931205595e-02 7.6302187250e+00
   endloop
 endfacet
 facet normal  1.1499739008e-02 -9.9971855253e-01 2.0750222251e-02
   outer loop
     vertex 3.5902284247e+01 -1.2309910154e-01 6.2582187250e+00
     vertex 3.6152640448e+01 -1.2021926004e-01 6.2582187250e+00
     vertex 3.7002356428e+01 -8.1967677302e-02 7.6302187250e+00
   endloop
 endfacet
 facet normal  4.0847977285e-02 -9.9916209721e-01 2.5585660212e-03
   outer loop
     vertex 3.6152640448e+01 -1.2021926004e-01 6.2582187250e+00
     vertex 3.7187319317e+01 -7.4405981448e-02 7.6302187250e+00
     vertex 3.7002356428e+01 -8.1967677302e-02 7.6302187250e+00
   endloop
 endfacet
 facet normal  4.0847977285e-02 -9.9916209721e-01 2.5585660212e-03
   outer loop
     vertex 3.6152640448e+01 -1.2021926004e-01 6.2582187250e+00
     vertex 3.6423919352e+01 -1.0912877279e-01 6.2582187250e+00
     vertex 3.7187319317e+01 -7.4405981448e-02 7.6302187250e+00
   endloop
 endfacet
 facet normal  6.2289425434e-02 -9.9801385369e-01 -9.4008151674e-03
   outer loop
     vertex 3.6423919352e+01 -1.0912877279e-01 6.2582187250e+00
     vertex 3.6694900694e+01 -9.2215909256e-02 6.2582187250e+00
     vertex 3.7187319317e+01 -7.4405981448e-02 7.6302187250e+00
   endloop
 endfacet
 facet normal  6.2289425434e-02 -9.9801385369e-01 -9.4008151674e-03
   outer loop
     vertex 3.7187319317e+01 -7.4405981448e-02 7.6302187250e+00
     vertex 3.6694900694e+01 -9.2215909256e-02 6.2582187250e+00
     vertex 3.7372079323e+01 -6.2874483583e-02 7.6302187250e+00
   endloop
 endfacet
 facet normal  7.7625450637e-02 -9.9683772330e-01 -1.6995376292e-02
   outer loop
     vertex 3.6694900694e+01 -9.2215909256e-02 6.2582187250e+00
     vertex 3.6944527415e+01 -7.2777051549e-02 6.2582187250e+00
     vertex 3.7372079323e+01 -6.2874483583e-02 7.6302187250e+00
   endloop
 endfacet
 facet normal  7.7625450637e-02 -9.9683772330e-01 -1.6995376292e-02
   outer loop
     vertex 3.7372079323e+01 -6.2874483583e-02 7.6302187250e+00
     vertex 3.6944527415e+01 -7.2777051549e-02 6.2582187250e+00
     vertex 3.7542279360e+01 -4.9620716965e-02 7.6302187250e+00
   endloop
 endfacet
 facet normal  8.8774747428e-02 -9.9581159766e-01 -2.1870212410e-02
   outer loop
     vertex 3.6944527415e+01 -7.2777051549e-02 6.2582187250e+00
     vertex 3.7157910238e+01 -5.3754370626e-02 6.2582187250e+00
     vertex 3.7542279360e+01 -4.9620716965e-02 7.6302187250e+00
   endloop
 endfacet
 facet normal  8.8774747428e-02 -9.9581159766e-01 -2.1870212410e-02
   outer loop
     vertex 3.7542279360e+01 -4.9620716965e-02 7.6302187250e+00
     vertex 3.7157910238e+01 -5.3754370626e-02 6.2582187250e+00
     vertex 3.7687767649e+01 -3.6650707245e-02 7.6302187250e+00
   endloop
 endfacet
 facet normal  9.7162467859e-02 -9.9495147093e-01 -2.5120217618e-02
   outer loop
     vertex 3.7157910238e+01 -5.3754370626e-02 6.2582187250e+00
     vertex 3.7328950108e+01 -3.7051389274e-02 6.2582187250e+00
     vertex 3.7687767649e+01 -3.6650707245e-02 7.6302187250e+00
   endloop
 endfacet
 facet normal  9.7162467859e-02 -9.9495147093e-01 -2.5120217618e-02
   outer loop
     vertex 3.7687767649e+01 -3.6650707245e-02 7.6302187250e+00
     vertex 3.7328950108e+01 -3.7051389274e-02 6.2582187250e+00
     vertex 3.7804385742e+01 -2.5262310869e-02 7.6302187250e+00
   endloop
 endfacet
 facet normal  1.0359511732e-01 -9.9424329728e-01 -2.7355392172e-02
   outer loop
     vertex 3.7328950108e+01 -3.7051389274e-02 6.2582187250e+00
     vertex 3.7459115766e+01 -2.3488786829e-02 6.2582187250e+00
     vertex 3.7804385742e+01 -2.5262310869e-02 7.6302187250e+00
   endloop
 endfacet
 facet normal  1.0359511732e-01 -9.9424329728e-01 -2.7355392172e-02
   outer loop
     vertex 3.7804385742e+01 -2.5262310869e-02 7.6302187250e+00
     vertex 3.7459115766e+01 -2.3488786829e-02 6.2582187250e+00
     vertex 3.7893135054e+01 -1.6015081929e-02 7.6302187250e+00
   endloop
 endfacet
 facet normal  1.0854345733e-01 -9.9367083460e-01 -2.8923871344e-02
   outer loop
     vertex 3.7459115766e+01 -2.3488786829e-02 6.2582187250e+00
     vertex 3.7554315019e+01 -1.3089713364e-02 6.2582187250e+00
     vertex 3.7893135054e+01 -1.6015081929e-02 7.6302187250e+00
   endloop
 endfacet
 facet normal  1.0854345733e-01 -9.9367083460e-01 -2.8923871344e-02
   outer loop
     vertex 3.7893135054e+01 -1.6015081929e-02 7.6302187250e+00
     vertex 3.7554315019e+01 -1.3089713364e-02 6.2582187250e+00
     vertex 3.7958043635e+01 -8.9248045665e-03 7.6302187250e+00
   endloop
 endfacet
 facet normal  1.1226335712e-01 -9.9322492269e-01 -3.0019853254e-02
   outer loop
     vertex 3.7554315019e+01 -1.3089713364e-02 6.2582187250e+00
     vertex 3.7621936299e+01 -5.4465383465e-03 6.2582187250e+00
     vertex 3.7958043635e+01 -8.9248045665e-03 7.6302187250e+00
   endloop
 endfacet
 facet normal  1.1226335712e-01 -9.9322492269e-01 -3.0019853254e-02
   outer loop
     vertex 3.7958043635e+01 -8.9248045665e-03 7.6302187250e+00
     vertex 3.7621936299e+01 -5.4465383465e-03 6.2582187250e+00
     vertex 3.8004149054e+01 -3.7135488726e-03 7.6302187250e+00
   endloop
 endfacet
 facet normal  1.1495641288e-01 -9.9289385091e-01 -3.0770504859e-02
   outer loop
     vertex 3.7621936299e+01 -5.4465383465e-03 6.2582187250e+00
     vertex 3.7668978776e+01 3.3604308169e-16 6.2582187250e+00
     vertex 3.8004149054e+01 -3.7135488726e-03 7.6302187250e+00
   endloop
 endfacet
 facet normal  1.1495641288e-01 -9.9289385091e-01 -3.0770504859e-02
   outer loop
     vertex 3.8004149054e+01 -3.7135488726e-03 7.6302187250e+00
     vertex 3.7668978776e+01 3.3604308169e-16 6.2582187250e+00
     vertex 3.8036223470e+01 4.2005385211e-16 7.6302187250e+00
   endloop
 endfacet
 facet normal  -2.7691179535e-14 0.0000000000e+00 1.0000000000e+00
   outer loop
     vertex 3.8036223470e+01 4.2005385211e-16 7.6302187250e+00
     vertex 3.8004149054e+01 3.7135488726e-03 7.6302187250e+00
     vertex 3.8004149054e+01 1.8567744363e-03 7.6302187250e+00
   endloop
 endfacet
 facet normal  1.9264079007e-14 0.0000000000e+00 1.0000000000e+00
   outer loop
     vertex 3.8004149054e+01 3.7135488726e-03 7.6302187250e+00
     vertex 3.7958043635e+01 4.4624022833e-03 7.6302187250e+00
     vertex 3.8004149054e+01 1.8567744363e-03 7.6302187250e+00
   endloop
 endfacet
 facet normal  1.9264079007e-14 0.0000000000e+00 1.0000000000e+00
   outer loop
     vertex 3.8004149054e+01 3.7135488726e-03 7.6302187250e+00
     vertex 3.7958043635e+01 8.9248045665e-03 7.6302187250e+00
     vertex 3.7958043635e+01 4.4624022833e-03 7.6302187250e+00
   endloop
 endfacet
 facet normal  -0.0000000000e+00 0.0000000000e+00 1.0000000000e+00
   outer loop
     vertex 3.7958043635e+01 8.9248045665e-03 7.6302187250e+00
     vertex 3.7893135054e+01 8.0075409643e-03 7.6302187250e+00
     vertex 3.7958043635e+01 4.4624022833e-03 7.6302187250e+00
   endloop
 endfacet
 facet normal  0.0000000000e+00 0.0000000000e+00 1.0000000000e+00
   outer loop
     vertex 3.7958043635e+01 8.9248045665e-03 7.6302187250e+00
     vertex 3.7893135054e+01 1.6015081929e-02 7.6302187250e+00
     vertex 3.7893135054e+01 8.0075409643e-03 7.6302187250e+00
   endloop
 endfacet
 facet normal  -0.0000000000e+00 0.0000000000e+00 1.0000000000e+00
   outer loop
     vertex 3.7893135054e+01 1.6015081929e-02 7.6302187250e+00
     vertex 3.7804385742e+01 1.2631155434e-02 7.6302187250e+00
     vertex 3.7893135054e+01 8.0075409643e-03 7.6302187250e+00
   endloop
 endfacet
 facet normal  0.0000000000e+00 0.0000000000e+00 1.0000000000e+00
   outer loop
     vertex 3.7893135054e+01 1.6015081929e-02 7.6302187250e+00
     vertex 3.7804385742e+01 2.5262310869e-02 7.6302187250e+00
     vertex 3.7804385742e+01 1.2631155434e-02 7.6302187250e+00
   endloop
 endfacet
 facet normal  7.6161288169e-15 0.0000000000e+00 1.0000000000e+00
   outer loop
     vertex 3.7804385742e+01 2.5262310869e-02 7.6302187250e+00
     vertex 3.7687767649e+01 1.8325353622e-02 7.6302187250e+00
     vertex 3.7804385742e+01 1.2631155434e-02 7.6302187250e+00
   endloop
 endfacet
 facet normal  7.6161288169e-15 0.0000000000e+00 1.0000000000e+00
   outer loop
     vertex 3.7804385742e+01 2.5262310869e-02 7.6302187250e+00
     vertex 3.7687767649e+01 3.6650707245e-02 7.6302187250e+00
     vertex 3.7687767649e+01 1.8325353622e-02 7.6302187250e+00
   endloop
 endfacet
 facet normal  -0.0000000000e+00 0.0000000000e+00 1.0000000000e+00
   outer loop
     vertex 3.7687767649e+01 3.6650707245e-02 7.6302187250e+00
     vertex 3.7542279360e+01 2.4810358483e-02 7.6302187250e+00
     vertex 3.7687767649e+01 1.8325353622e-02 7.6302187250e+00
   endloop
 endfacet
 facet normal  0.0000000000e+00 0.0000000000e+00 1.0000000000e+00
   outer loop
     vertex 3.7687767649e+01 3.6650707245e-02 7.6302187250e+00
     vertex 3.7542279360e+01 4.9620716965e-02 7.6302187250e+00
     vertex 3.7542279360e+01 2.4810358483e-02 7.6302187250e+00
   endloop
 endfacet
 facet normal  -0.0000000000e+00 0.0000000000e+00 1.0000000000e+00
   outer loop
     vertex 3.7542279360e+01 4.9620716965e-02 7.6302187250e+00
     vertex 3.7372079323e+01 3.1437241792e-02 7.6302187250e+00
     vertex 3.7542279360e+01 2.4810358483e-02 7.6302187250e+00
   endloop
 endfacet
 facet normal  0.0000000000e+00 0.0000000000e+00 1.0000000000e+00
   outer loop
     vertex 3.7542279360e+01 4.9620716965e-02 7.6302187250e+00
     vertex 3.7372079323e+01 6.2874483583e-02 7.6302187250e+00
     vertex 3.7372079323e+01 3.1437241792e-02 7.6302187250e+00
   endloop
 endfacet
 facet normal  -4.8072006410e-15 0.0000000000e+00 1.0000000000e+00
   outer loop
     vertex 3.7372079323e+01 6.2874483583e-02 7.6302187250e+00
     vertex 3.7187319317e+01 3.7202990724e-02 7.6302187250e+00
     vertex 3.7372079323e+01 3.1437241792e-02 7.6302187250e+00
   endloop
 endfacet
 facet normal  -4.8072006410e-15 0.0000000000e+00 1.0000000000e+00
   outer loop
     vertex 3.7372079323e+01 6.2874483583e-02 7.6302187250e+00
     vertex 3.7187319317e+01 7.4405981448e-02 7.6302187250e+00
     vertex 3.7187319317e+01 3.7202990724e-02 7.6302187250e+00
   endloop
 endfacet
 facet normal  -4.8019276977e-15 0.0000000000e+00 1.0000000000e+00
   outer loop
     vertex 3.7187319317e+01 7.4405981448e-02 7.6302187250e+00
     vertex 3.7002356428e+01 8.1967677302e-02 7.6302187250e+00
     vertex 3.7187319317e+01 3.7202990724e-02 7.6302187250e+00
   endloop
 endfacet
 facet normal  -4.8019276977e-15 0.0000000000e+00 1.0000000000e+00
   outer loop
     vertex 3.7187319317e+01 3.7202990724e-02 7.6302187250e+00
     vertex 3.7002356428e+01 8.1967677302e-02 7.6302187250e+00
     vertex 3.7002356428e+01 4.0983838651e-02 7.6302187250e+00
   endloop
 endfacet
 facet normal  5.2032331373e-15 0.0000000000e+00 1.0000000000e+00
   outer loop
     vertex 3.7002356428e+01 8.1967677302e-02 7.6302187250e+00
     vertex 3.6831659018e+01 8.3931205595e-02 7.6302187250e+00
     vertex 3.7002356428e+01 4.0983838651e-02 7.6302187250e+00
   endloop
 endfacet
 facet normal  5.2032331373e-15 0.0000000000e+00 1.0000000000e+00
   outer loop
     vertex 3.7002356428e+01 4.0983838651e-02 7.6302187250e+00
     vertex 3.6831659018e+01 8.3931205595e-02 7.6302187250e+00
     vertex 3.6831659018e+01 4.1965602798e-02 7.6302187250e+00
   endloop
 endfacet
 facet normal  -0.0000000000e+00 0.0000000000e+00 1.0000000000e+00
   outer loop
     vertex 3.6831659018e+01 8.3931205595e-02 7.6302187250e+00
     vertex 3.6685657356e+01 7.9986705860e-02 7.6302187250e+00
     vertex 3.6831659018e+01 4.1965602798e-02 7.6302187250e+00
   endloop
 endfacet
 facet normal  0.0000000000e+00 0.0000000000e+00 1.0000000000e+00
   outer loop
     vertex 3.6831659018e+01 4.1965602798e-02 7.6302187250e+00
     vertex 3.6685657356e+01 7.9986705860e-02 7.6302187250e+00
     vertex 3.6685657356e+01 3.9993352930e-02 7.6302187250e+00
   endloop
 endfacet
 facet normal  -0.0000000000e+00 0.0000000000e+00 1.0000000000e+00
   outer loop
     vertex 3.6685657356e+01 7.9986705860e-02 7.6302187250e+00
     vertex 3.6568840635e+01 7.1046421482e-02 7.6302187250e+00
     vertex 3.6685657356e+01 3.9993352930e-02 7.6302187250e+00
   endloop
 endfacet
 facet normal  0.0000000000e+00 0.0000000000e+00 1.0000000000e+00
   outer loop
     vertex 3.6685657356e+01 3.9993352930e-02 7.6302187250e+00
     vertex 3.6568840635e+01 7.1046421482e-02 7.6302187250e+00
     vertex 3.6568840635e+01 3.5523210741e-02 7.6302187250e+00
   endloop
 endfacet
 facet normal  1.0056028390e-14 0.0000000000e+00 1.0000000000e+00
   outer loop
     vertex 3.6568840635e+01 7.1046421482e-02 7.6302187250e+00
     vertex 3.6480517653e+01 5.8502075034e-02 7.6302187250e+00
     vertex 3.6568840635e+01 3.5523210741e-02 7.6302187250e+00
   endloop
 endfacet
 facet normal  1.0056028390e-14 0.0000000000e+00 1.0000000000e+00
   outer loop
     vertex 3.6568840635e+01 3.5523210741e-02 7.6302187250e+00
     vertex 3.6480517653e+01 5.8502075034e-02 7.6302187250e+00
     vertex 3.6480517653e+01 2.9251037517e-02 7.6302187250e+00
   endloop
 endfacet
 facet normal  -2.7990331154e-14 0.0000000000e+00 1.0000000000e+00
   outer loop
     vertex 3.6480517653e+01 5.8502075034e-02 7.6302187250e+00
     vertex 3.6417054422e+01 4.3305418952e-02 7.6302187250e+00
     vertex 3.6480517653e+01 2.9251037517e-02 7.6302187250e+00
   endloop
 endfacet
 facet normal  -2.7990331154e-14 0.0000000000e+00 1.0000000000e+00
   outer loop
     vertex 3.6480517653e+01 2.9251037517e-02 7.6302187250e+00
     vertex 3.6417054422e+01 4.3305418952e-02 7.6302187250e+00
     vertex 3.6417054422e+01 2.1652709476e-02 7.6302187250e+00
   endloop
 endfacet
 facet normal  2.0911054422e-14 0.0000000000e+00 1.0000000000e+00
   outer loop
     vertex 3.6417054422e+01 4.3305418952e-02 7.6302187250e+00
     vertex 3.6374580312e+01 2.4947244528e-02 7.6302187250e+00
     vertex 3.6417054422e+01 2.1652709476e-02 7.6302187250e+00
   endloop
 endfacet
 facet normal  2.0911054422e-14 0.0000000000e+00 1.0000000000e+00
   outer loop
     vertex 3.6417054422e+01 2.1652709476e-02 7.6302187250e+00
     vertex 3.6374580312e+01 2.4947244528e-02 7.6302187250e+00
     vertex 3.6374580312e+01 1.2473622264e-02 7.6302187250e+00
   endloop
 endfacet
 facet normal  0.0000000000e+00 0.0000000000e+00 1.0000000000e+00
   outer loop
     vertex 3.6374580312e+01 2.4947244528e-02 7.6302187250e+00
     vertex 3.6356223470e+01 4.2005385211e-16 7.6302187250e+00
     vertex 3.6374580312e+01 1.2473622264e-02 7.6302187250e+00
   endloop
 endfacet
 facet normal  4.8384051724e-14 -0.0000000000e+00 1.0000000000e+00
   outer loop
     vertex 3.6356223470e+01 4.2005385211e-16 7.6302187250e+00
     vertex 3.6374580312e+01 -2.4947244528e-02 7.6302187250e+00
     vertex 3.6374580312e+01 -1.2473622264e-02 7.6302187250e+00
   endloop
 endfacet
 facet normal  -2.0911054422e-14 0.0000000000e+00 1.0000000000e+00
   outer loop
     vertex 3.6374580312e+01 -2.4947244528e-02 7.6302187250e+00
     vertex 3.6417054422e+01 -2.1652709476e-02 7.6302187250e+00
     vertex 3.6374580312e+01 -1.2473622264e-02 7.6302187250e+00
   endloop
 endfacet
 facet normal  -2.0911054422e-14 0.0000000000e+00 1.0000000000e+00
   outer loop
     vertex 3.6374580312e+01 -2.4947244528e-02 7.6302187250e+00
     vertex 3.6417054422e+01 -4.3305418952e-02 7.6302187250e+00
     vertex 3.6417054422e+01 -2.1652709476e-02 7.6302187250e+00
   endloop
 endfacet
 facet normal  -1.3995165577e-14 0.0000000000e+00 1.0000000000e+00
   outer loop
     vertex 3.6417054422e+01 -4.3305418952e-02 7.6302187250e+00
     vertex 3.6480517653e+01 -2.9251037517e-02 7.6302187250e+00
     vertex 3.6417054422e+01 -2.1652709476e-02 7.6302187250e+00
   endloop
 endfacet
 facet normal  -1.3995165577e-14 0.0000000000e+00 1.0000000000e+00
   outer loop
     vertex 3.6417054422e+01 -4.3305418952e-02 7.6302187250e+00
     vertex 3.6480517653e+01 -5.8502075034e-02 7.6302187250e+00
     vertex 3.6480517653e+01 -2.9251037517e-02 7.6302187250e+00
   endloop
 endfacet
 facet normal  0.0000000000e+00 0.0000000000e+00 1.0000000000e+00
   outer loop
     vertex 3.6480517653e+01 -5.8502075034e-02 7.6302187250e+00
     vertex 3.6568840635e+01 -3.5523210741e-02 7.6302187250e+00
     vertex 3.6480517653e+01 -2.9251037517e-02 7.6302187250e+00
   endloop
 endfacet
 facet normal  0.0000000000e+00 -0.0000000000e+00 1.0000000000e+00
   outer loop
     vertex 3.6480517653e+01 -5.8502075034e-02 7.6302187250e+00
     vertex 3.6568840635e+01 -7.1046421482e-02 7.6302187250e+00
     vertex 3.6568840635e+01 -3.5523210741e-02 7.6302187250e+00
   endloop
 endfacet
 facet normal  7.6031788467e-15 0.0000000000e+00 1.0000000000e+00
   outer loop
     vertex 3.6568840635e+01 -7.1046421482e-02 7.6302187250e+00
     vertex 3.6685657356e+01 -3.9993352930e-02 7.6302187250e+00
     vertex 3.6568840635e+01 -3.5523210741e-02 7.6302187250e+00
   endloop
 endfacet
 facet normal  7.6031788467e-15 -0.0000000000e+00 1.0000000000e+00
   outer loop
     vertex 3.6568840635e+01 -7.1046421482e-02 7.6302187250e+00
     vertex 3.6685657356e+01 -7.9986705860e-02 7.6302187250e+00
     vertex 3.6685657356e+01 -3.9993352930e-02 7.6302187250e+00
   endloop
 endfacet
 facet normal  0.0000000000e+00 0.0000000000e+00 1.0000000000e+00
   outer loop
     vertex 3.6685657356e+01 -7.9986705860e-02 7.6302187250e+00
     vertex 3.6831659018e+01 -4.1965602798e-02 7.6302187250e+00
     vertex 3.6685657356e+01 -3.9993352930e-02 7.6302187250e+00
   endloop
 endfacet
 facet normal  0.0000000000e+00 -0.0000000000e+00 1.0000000000e+00
   outer loop
     vertex 3.6685657356e+01 -7.9986705860e-02 7.6302187250e+00
     vertex 3.6831659018e+01 -8.3931205595e-02 7.6302187250e+00
     vertex 3.6831659018e+01 -4.1965602798e-02 7.6302187250e+00
   endloop
 endfacet
 facet normal  0.0000000000e+00 0.0000000000e+00 1.0000000000e+00
   outer loop
     vertex 3.6831659018e+01 -8.3931205595e-02 7.6302187250e+00
     vertex 3.7002356428e+01 -4.0983838651e-02 7.6302187250e+00
     vertex 3.6831659018e+01 -4.1965602798e-02 7.6302187250e+00
   endloop
 endfacet
 facet normal  0.0000000000e+00 -0.0000000000e+00 1.0000000000e+00
   outer loop
     vertex 3.6831659018e+01 -8.3931205595e-02 7.6302187250e+00
     vertex 3.7002356428e+01 -8.1967677302e-02 7.6302187250e+00
     vertex 3.7002356428e+01 -4.0983838651e-02 7.6302187250e+00
   endloop
 endfacet
 facet normal  0.0000000000e+00 0.0000000000e+00 1.0000000000e+00
   outer loop
     vertex 3.7002356428e+01 -8.1967677302e-02 7.6302187250e+00
     vertex 3.7187319317e+01 -3.7202990724e-02 7.6302187250e+00
     vertex 3.7002356428e+01 -4.0983838651e-02 7.6302187250e+00
   endloop
 endfacet
 facet normal  0.0000000000e+00 -0.0000000000e+00 1.0000000000e+00
   outer loop
     vertex 3.7002356428e+01 -8.1967677302e-02 7.6302187250e+00
     vertex 3.7187319317e+01 -7.4405981448e-02 7.6302187250e+00
     vertex 3.7187319317e+01 -3.7202990724e-02 7.6302187250e+00
   endloop
 endfacet
 facet normal  0.0000000000e+00 0.0000000000e+00 1.0000000000e+00
   outer loop
     vertex 3.7187319317e+01 -7.4405981448e-02 7.6302187250e+00
     vertex 3.7372079323e+01 -6.2874483583e-02 7.6302187250e+00
     vertex 3.7187319317e+01 -3.7202990724e-02 7.6302187250e+00
   endloop
 endfacet
 facet normal  0.0000000000e+00 -0.0000000000e+00 1.0000000000e+00
   outer loop
     vertex 3.7187319317e+01 -3.7202990724e-02 7.6302187250e+00
     vertex 3.7372079323e+01 -6.2874483583e-02 7.6302187250e+00
     vertex 3.7372079323e+01 -3.1437241792e-02 7.6302187250e+00
   endloop
 endfacet
 facet normal  -5.2184384760e-15 0.0000000000e+00 1.0000000000e+00
   outer loop
     vertex 3.7372079323e+01 -6.2874483583e-02 7.6302187250e+00
     vertex 3.7542279360e+01 -4.9620716965e-02 7.6302187250e+00
     vertex 3.7372079323e+01 -3.1437241792e-02 7.6302187250e+00
   endloop
 endfacet
 facet normal  -5.2184384760e-15 0.0000000000e+00 1.0000000000e+00
   outer loop
     vertex 3.7372079323e+01 -3.1437241792e-02 7.6302187250e+00
     vertex 3.7542279360e+01 -4.9620716965e-02 7.6302187250e+00
     vertex 3.7542279360e+01 -2.4810358483e-02 7.6302187250e+00
   endloop
 endfacet
 facet normal  6.1048104036e-15 0.0000000000e+00 1.0000000000e+00
   outer loop
     vertex 3.7542279360e+01 -4.9620716965e-02 7.6302187250e+00
     vertex 3.7687767649e+01 -3.6650707245e-02 7.6302187250e+00
     vertex 3.7542279360e+01 -2.4810358483e-02 7.6302187250e+00
   endloop
 endfacet
 facet normal  6.1048104036e-15 -0.0000000000e+00 1.0000000000e+00
   outer loop
     vertex 3.7542279360e+01 -2.4810358483e-02 7.6302187250e+00
     vertex 3.7687767649e+01 -3.6650707245e-02 7.6302187250e+00
     vertex 3.7687767649e+01 -1.8325353622e-02 7.6302187250e+00
   endloop
 endfacet
 facet normal  0.0000000000e+00 0.0000000000e+00 1.0000000000e+00
   outer loop
     vertex 3.7687767649e+01 -3.6650707245e-02 7.6302187250e+00
     vertex 3.7804385742e+01 -2.5262310869e-02 7.6302187250e+00
     vertex 3.7687767649e+01 -1.8325353622e-02 7.6302187250e+00
   endloop
 endfacet
 facet normal  0.0000000000e+00 -0.0000000000e+00 1.0000000000e+00
   outer loop
     vertex 3.7687767649e+01 -1.8325353622e-02 7.6302187250e+00
     vertex 3.7804385742e+01 -2.5262310869e-02 7.6302187250e+00
     vertex 3.7804385742e+01 -1.2631155434e-02 7.6302187250e+00
   endloop
 endfacet
 facet normal  0.0000000000e+00 0.0000000000e+00 1.0000000000e+00
   outer loop
     vertex 3.7804385742e+01 -2.5262310869e-02 7.6302187250e+00
     vertex 3.7893135054e+01 -1.6015081929e-02 7.6302187250e+00
     vertex 3.7804385742e+01 -1.2631155434e-02 7.6302187250e+00
   endloop
 endfacet
 facet normal  0.0000000000e+00 -0.0000000000e+00 1.0000000000e+00
   outer loop
     vertex 3.7804385742e+01 -1.2631155434e-02 7.6302187250e+00
     vertex 3.7893135054e+01 -1.6015081929e-02 7.6302187250e+00
     vertex 3.7893135054e+01 -8.0075409643e-03 7.6302187250e+00
   endloop
 endfacet
 facet normal  -1.3683528464e-14 0.0000000000e+00 1.0000000000e+00
   outer loop
     vertex 3.7893135054e+01 -1.6015081929e-02 7.6302187250e+00
     vertex 3.7958043635e+01 -8.9248045665e-03 7.6302187250e+00
     vertex 3.7893135054e+01 -8.0075409643e-03 7.6302187250e+00
   endloop
 endfacet
 facet normal  -1.3683528464e-14 0.0000000000e+00 1.0000000000e+00
   outer loop
     vertex 3.7893135054e+01 -8.0075409643e-03 7.6302187250e+00
     vertex 3.7958043635e+01 -8.9248045665e-03 7.6302187250e+00
     vertex 3.7958043635e+01 -4.4624022833e-03 7.6302187250e+00
   endloop
 endfacet
 facet normal  1.9264079007e-14 0.0000000000e+00 1.0000000000e+00
   outer loop
     vertex 3.7958043635e+01 -8.9248045665e-03 7.6302187250e+00
     vertex 3.8004149054e+01 -3.7135488726e-03 7.6302187250e+00
     vertex 3.7958043635e+01 -4.4624022833e-03 7.6302187250e+00
   endloop
 endfacet
 facet normal  1.9264079007e-14 -0.0000000000e+00 1.0000000000e+00
   outer loop
     vertex 3.7958043635e+01 -4.4624022833e-03 7.6302187250e+00
     vertex 3.8004149054e+01 -3.7135488726e-03 7.6302187250e+00
     vertex 3.8004149054e+01 -1.8567744363e-03 7.6302187250e+00
   endloop
 endfacet
 facet normal  0.0000000000e+00 0.0000000000e+00 1.0000000000e+00
   outer loop
     vertex 3.8004149054e+01 -3.7135488726e-03 7.6302187250e+00
     vertex 3.8036223470e+01 4.2005385211e-16 7.6302187250e+00
     vertex 3.8004149054e+01 -1.8567744363e-03 7.6302187250e+00
   endloop
 endfacet
 facet normal  -2.7691179535e-14 0.0000000000e+00 1.0000000000e+00
   outer loop
     vertex 3.8036223470e+01 4.2005385211e-16 7.6302187250e+00
     vertex 3.8004149054e+01 1.8567744363e-03 7.6302187250e+00
     vertex 3.8004149054e+01 6.7555827337e-16 7.6302187250e+00
   endloop
 endfacet
 facet normal  1.9264079007e-14 0.0000000000e+00 1.0000000000e+00
   outer loop
     vertex 3.8004149054e+01 1.8567744363e-03 7.6302187250e+00
     vertex 3.7958043635e+01 7.5138046925e-16 7.6302187250e+00
     vertex 3.8004149054e+01 6.7555827337e-16 7.6302187250e+00
   endloop
 endfacet
 facet normal  1.9264079007e-14 0.0000000000e+00 1.0000000000e+00
   outer loop
     vertex 3.8004149054e+01 1.8567744363e-03 7.6302187250e+00
     vertex 3.7958043635e+01 4.4624022833e-03 7.6302187250e+00
     vertex 3.7958043635e+01 7.5138046925e-16 7.6302187250e+00
   endloop
 endfacet
 facet normal  0.0000000000e+00 0.0000000000e+00 1.0000000000e+00
   outer loop
     vertex 3.7958043635e+01 4.4624022833e-03 7.6302187250e+00
     vertex 3.7893135054e+01 5.4389713736e-16 7.6302187250e+00
     vertex 3.7958043635e+01 7.5138046925e-16 7.6302187250e+00
   endloop
 endfacet
 facet normal  0.0000000000e+00 0.0000000000e+00 1.0000000000e+00
   outer loop
     vertex 3.7958043635e+01 4.4624022833e-03 7.6302187250e+00
     vertex 3.7893135054e+01 8.0075409643e-03 7.6302187250e+00
     vertex 3.7893135054e+01 5.4389713736e-16 7.6302187250e+00
   endloop
 endfacet
 facet normal  0.0000000000e+00 0.0000000000e+00 1.0000000000e+00
   outer loop
     vertex 3.7893135054e+01 8.0075409643e-03 7.6302187250e+00
     vertex 3.7804385742e+01 3.5160828938e-16 7.6302187250e+00
     vertex 3.7893135054e+01 5.4389713736e-16 7.6302187250e+00
   endloop
 endfacet
 facet normal  0.0000000000e+00 0.0000000000e+00 1.0000000000e+00
   outer loop
     vertex 3.7893135054e+01 8.0075409643e-03 7.6302187250e+00
     vertex 3.7804385742e+01 1.2631155434e-02 7.6302187250e+00
     vertex 3.7804385742e+01 3.5160828938e-16 7.6302187250e+00
   endloop
 endfacet
 facet normal  7.6161288169e-15 0.0000000000e+00 1.0000000000e+00
   outer loop
     vertex 3.7804385742e+01 1.2631155434e-02 7.6302187250e+00
     vertex 3.7687767649e+01 3.7226897539e-16 7.6302187250e+00
     vertex 3.7804385742e+01 3.5160828938e-16 7.6302187250e+00
   endloop
 endfacet
 facet normal  7.6161288169e-15 0.0000000000e+00 1.0000000000e+00
   outer loop
     vertex 3.7804385742e+01 1.2631155434e-02 7.6302187250e+00
     vertex 3.7687767649e+01 1.8325353622e-02 7.6302187250e+00
     vertex 3.7687767649e+01 3.7226897539e-16 7.6302187250e+00
   endloop
 endfacet
 facet normal  -0.0000000000e+00 0.0000000000e+00 1.0000000000e+00
   outer loop
     vertex 3.7687767649e+01 1.8325353622e-02 7.6302187250e+00
     vertex 3.7542279360e+01 3.8679297893e-16 7.6302187250e+00
     vertex 3.7687767649e+01 3.7226897539e-16 7.6302187250e+00
   endloop
 endfacet
 facet normal  0.0000000000e+00 0.0000000000e+00 1.0000000000e+00
   outer loop
     vertex 3.7687767649e+01 1.8325353622e-02 7.6302187250e+00
     vertex 3.7542279360e+01 2.4810358483e-02 7.6302187250e+00
     vertex 3.7542279360e+01 3.8679297893e-16 7.6302187250e+00
   endloop
 endfacet
 facet normal  -0.0000000000e+00 0.0000000000e+00 1.0000000000e+00
   outer loop
     vertex 3.7542279360e+01 2.4810358483e-02 7.6302187250e+00
     vertex 3.7372079323e+01 3.9125318369e-16 7.6302187250e+00
     vertex 3.7542279360e+01 3.8679297893e-16 7.6302187250e+00
   endloop
 endfacet
 facet normal  0.0000000000e+00 0.0000000000e+00 1.0000000000e+00
   outer loop
     vertex 3.7542279360e+01 2.4810358483e-02 7.6302187250e+00
     vertex 3.7372079323e+01 3.1437241792e-02 7.6302187250e+00
     vertex 3.7372079323e+01 3.9125318369e-16 7.6302187250e+00
   endloop
 endfacet
 facet normal  -4.8072006410e-15 0.0000000000e+00 1.0000000000e+00
   outer loop
     vertex 3.7372079323e+01 3.1437241792e-02 7.6302187250e+00
     vertex 3.7187319317e+01 4.2005385211e-16 7.6302187250e+00
     vertex 3.7372079323e+01 3.9125318369e-16 7.6302187250e+00
   endloop
 endfacet
 facet normal  -4.8072006410e-15 0.0000000000e+00 1.0000000000e+00
   outer loop
     vertex 3.7372079323e+01 3.1437241792e-02 7.6302187250e+00
     vertex 3.7187319317e+01 3.7202990724e-02 7.6302187250e+00
     vertex 3.7187319317e+01 4.2005385211e-16 7.6302187250e+00
   endloop
 endfacet
 facet normal  -4.8019276977e-15 0.0000000000e+00 1.0000000000e+00
   outer loop
     vertex 3.7187319317e+01 3.7202990724e-02 7.6302187250e+00
     vertex 3.7002356428e+01 4.0983838651e-02 7.6302187250e+00
     vertex 3.7187319317e+01 4.2005385211e-16 7.6302187250e+00
   endloop
 endfacet
 facet normal  -4.8019276977e-15 0.0000000000e+00 1.0000000000e+00
   outer loop
     vertex 3.7187319317e+01 4.2005385211e-16 7.6302187250e+00
     vertex 3.7002356428e+01 4.0983838651e-02 7.6302187250e+00
     vertex 3.7002356428e+01 4.3488261124e-16 7.6302187250e+00
   endloop
 endfacet
 facet normal  5.2032331373e-15 0.0000000000e+00 1.0000000000e+00
   outer loop
     vertex 3.7002356428e+01 4.0983838651e-02 7.6302187250e+00
     vertex 3.6831659018e+01 4.1965602798e-02 7.6302187250e+00
     vertex 3.7002356428e+01 4.3488261124e-16 7.6302187250e+00
   endloop
 endfacet
 facet normal  5.2032331373e-15 0.0000000000e+00 1.0000000000e+00
   outer loop
     vertex 3.7002356428e+01 4.3488261124e-16 7.6302187250e+00
     vertex 3.6831659018e+01 4.1965602798e-02 7.6302187250e+00
     vertex 3.6831659018e+01 4.1265141369e-16 7.6302187250e+00
   endloop
 endfacet
 facet normal  -0.0000000000e+00 0.0000000000e+00 1.0000000000e+00
   outer loop
     vertex 3.6831659018e+01 4.1965602798e-02 7.6302187250e+00
     vertex 3.6685657356e+01 3.9993352930e-02 7.6302187250e+00
     vertex 3.6831659018e+01 4.1265141369e-16 7.6302187250e+00
   endloop
 endfacet
 facet normal  0.0000000000e+00 0.0000000000e+00 1.0000000000e+00
   outer loop
     vertex 3.6831659018e+01 4.1265141369e-16 7.6302187250e+00
     vertex 3.6685657356e+01 3.9993352930e-02 7.6302187250e+00
     vertex 3.6685657356e+01 4.2074345363e-16 7.6302187250e+00
   endloop
 endfacet
 facet normal  -0.0000000000e+00 0.0000000000e+00 1.0000000000e+00
   outer loop
     vertex 3.6685657356e+01 3.9993352930e-02 7.6302187250e+00
     vertex 3.6568840635e+01 3.5523210741e-02 7.6302187250e+00
     vertex 3.6685657356e+01 4.2074345363e-16 7.6302187250e+00
   endloop
 endfacet
 facet normal  0.0000000000e+00 0.0000000000e+00 1.0000000000e+00
   outer loop
     vertex 3.6685657356e+01 4.2074345363e-16 7.6302187250e+00
     vertex 3.6568840635e+01 3.5523210741e-02 7.6302187250e+00
     vertex 3.6568840635e+01 4.0270878394e-16 7.6302187250e+00
   endloop
 endfacet
 facet normal  1.0056028390e-14 0.0000000000e+00 1.0000000000e+00
   outer loop
     vertex 3.6568840635e+01 3.5523210741e-02 7.6302187250e+00
     vertex 3.6480517653e+01 2.9251037517e-02 7.6302187250e+00
     vertex 3.6568840635e+01 4.0270878394e-16 7.6302187250e+00
   endloop
 endfacet
 facet normal  1.0056028390e-14 0.0000000000e+00 1.0000000000e+00
   outer loop
     vertex 3.6568840635e+01 4.0270878394e-16 7.6302187250e+00
     vertex 3.6480517653e+01 2.9251037517e-02 7.6302187250e+00
     vertex 3.6480517653e+01 4.5077213260e-16 7.6302187250e+00
   endloop
 endfacet
 facet normal  -2.7990331154e-14 0.0000000000e+00 1.0000000000e+00
   outer loop
     vertex 3.6480517653e+01 2.9251037517e-02 7.6302187250e+00
     vertex 3.6417054422e+01 2.1652709476e-02 7.6302187250e+00
     vertex 3.6480517653e+01 4.5077213260e-16 7.6302187250e+00
   endloop
 endfacet
 facet normal  -2.7990331154e-14 0.0000000000e+00 1.0000000000e+00
   outer loop
     vertex 3.6480517653e+01 4.5077213260e-16 7.6302187250e+00
     vertex 3.6417054422e+01 2.1652709476e-02 7.6302187250e+00
     vertex 3.6417054422e+01 4.2140537696e-16 7.6302187250e+00
   endloop
 endfacet
 facet normal  2.0911054422e-14 0.0000000000e+00 1.0000000000e+00
   outer loop
     vertex 3.6417054422e+01 2.1652709476e-02 7.6302187250e+00
     vertex 3.6374580312e+01 1.2473622264e-02 7.6302187250e+00
     vertex 3.6417054422e+01 4.2140537696e-16 7.6302187250e+00
   endloop
 endfacet
 facet normal  2.0911054422e-14 0.0000000000e+00 1.0000000000e+00
   outer loop
     vertex 3.6417054422e+01 4.2140537696e-16 7.6302187250e+00
     vertex 3.6374580312e+01 1.2473622264e-02 7.6302187250e+00
     vertex 3.6374580312e+01 5.3869260534e-16 7.6302187250e+00
   endloop
 endfacet
 facet normal  0.0000000000e+00 0.0000000000e+00 1.0000000000e+00
   outer loop
     vertex 3.6374580312e+01 1.2473622264e-02 7.6302187250e+00
     vertex 3.6356223470e+01 4.2005385211e-16 7.6302187250e+00
     vertex 3.6374580312e+01 5.3869260534e-16 7.6302187250e+00
   endloop
 endfacet
 facet normal  4.8384051724e-14 -0.0000000000e+00 1.0000000000e+00
   outer loop
     vertex 3.6356223470e+01 4.2005385211e-16 7.6302187250e+00
     vertex 3.6374580312e+01 -1.2473622264e-02 7.6302187250e+00
     vertex 3.6374580312e+01 5.3869260534e-16 7.6302187250e+00
   endloop
 endfacet
 facet normal  -2.0911054422e-14 0.0000000000e+00 1.0000000000e+00
   outer loop
     vertex 3.6374580312e+01 -1.2473622264e-02 7.6302187250e+00
     vertex 3.6417054422e+01 4.2140537696e-16 7.6302187250e+00
     vertex 3.6374580312e+01 5.3869260534e-16 7.6302187250e+00
   endloop
 endfacet
 facet normal  -2.0911054422e-14 0.0000000000e+00 1.0000000000e+00
   outer loop
     vertex 3.6374580312e+01 -1.2473622264e-02 7.6302187250e+00
     vertex 3.6417054422e+01 -2.1652709476e-02 7.6302187250e+00
     vertex 3.6417054422e+01 4.2140537696e-16 7.6302187250e+00
   endloop
 endfacet
 facet normal  -1.3995165577e-14 0.0000000000e+00 1.0000000000e+00
   outer loop
     vertex 3.6417054422e+01 -2.1652709476e-02 7.6302187250e+00
     vertex 3.6480517653e+01 4.5077213260e-16 7.6302187250e+00
     vertex 3.6417054422e+01 4.2140537696e-16 7.6302187250e+00
   endloop
 endfacet
 facet normal  -1.3995165577e-14 0.0000000000e+00 1.0000000000e+00
   outer loop
     vertex 3.6417054422e+01 -2.1652709476e-02 7.6302187250e+00
     vertex 3.6480517653e+01 -2.9251037517e-02 7.6302187250e+00
     vertex 3.6480517653e+01 4.5077213260e-16 7.6302187250e+00
   endloop
 endfacet
 facet normal  0.0000000000e+00 0.0000000000e+00 1.0000000000e+00
   outer loop
     vertex 3.6480517653e+01 -2.9251037517e-02 7.6302187250e+00
     vertex 3.6568840635e+01 4.0270878394e-16 7.6302187250e+00
     vertex 3.6480517653e+01 4.5077213260e-16 7.6302187250e+00
   endloop
 endfacet
 facet normal  0.0000000000e+00 -0.0000000000e+00 1.0000000000e+00
   outer loop
     vertex 3.6480517653e+01 -2.9251037517e-02 7.6302187250e+00
     vertex 3.6568840635e+01 -3.5523210741e-02 7.6302187250e+00
     vertex 3.6568840635e+01 4.0270878394e-16 7.6302187250e+00
   endloop
 endfacet
 facet normal  7.6031788467e-15 0.0000000000e+00 1.0000000000e+00
   outer loop
     vertex 3.6568840635e+01 -3.5523210741e-02 7.6302187250e+00
     vertex 3.6685657356e+01 4.2074345363e-16 7.6302187250e+00
     vertex 3.6568840635e+01 4.0270878394e-16 7.6302187250e+00
   endloop
 endfacet
 facet normal  7.6031788467e-15 -0.0000000000e+00 1.0000000000e+00
   outer loop
     vertex 3.6568840635e+01 -3.5523210741e-02 7.6302187250e+00
     vertex 3.6685657356e+01 -3.9993352930e-02 7.6302187250e+00
     vertex 3.6685657356e+01 4.2074345363e-16 7.6302187250e+00
   endloop
 endfacet
 facet normal  0.0000000000e+00 0.0000000000e+00 1.0000000000e+00
   outer loop
     vertex 3.6685657356e+01 -3.9993352930e-02 7.6302187250e+00
     vertex 3.6831659018e+01 4.1265141369e-16 7.6302187250e+00
     vertex 3.6685657356e+01 4.2074345363e-16 7.6302187250e+00
   endloop
 endfacet
 facet normal  0.0000000000e+00 -0.0000000000e+00 1.0000000000e+00
   outer loop
     vertex 3.6685657356e+01 -3.9993352930e-02 7.6302187250e+00
     vertex 3.6831659018e+01 -4.1965602798e-02 7.6302187250e+00
     vertex 3.6831659018e+01 4.1265141369e-16 7.6302187250e+00
   endloop
 endfacet
 facet normal  0.0000000000e+00 0.0000000000e+00 1.0000000000e+00
   outer loop
     vertex 3.6831659018e+01 -4.1965602798e-02 7.6302187250e+00
     vertex 3.7002356428e+01 4.3488261124e-16 7.6302187250e+00
     vertex 3.6831659018e+01 4.1265141369e-16 7.6302187250e+00
   endloop
 endfacet
 facet normal  0.0000000000e+00 -0.0000000000e+00 1.0000000000e+00
   outer loop
     vertex 3.6831659018e+01 -4.1965602798e-02 7.6302187250e+00
     vertex 3.7002356428e+01 -4.0983838651e-02 7.6302187250e+00
     vertex 3.7002356428e+01 4.3488261124e-16 7.6302187250e+00
   endloop
 endfacet
 facet normal  0.0000000000e+00 0.0000000000e+00 1.0000000000e+00
   outer loop
     vertex 3.7002356428e+01 -4.0983838651e-02 7.6302187250e+00
     vertex 3.7187319317e+01 4.2005385211e-16 7.6302187250e+00
     vertex 3.7002356428e+01 4.3488261124e-16 7.6302187250e+00
   endloop
 endfacet
 facet normal  0.0000000000e+00 -0.0000000000e+00 1.0000000000e+00
   outer loop
     vertex 3.7002356428e+01 -4.0983838651e-02 7.6302187250e+00
     vertex 3.7187319317e+01 -3.7202990724e-02 7.6302187250e+00
     vertex 3.7187319317e+01 4.2005385211e-16 7.6302187250e+00
   endloop
 endfacet
 facet normal  0.0000000000e+00 0.0000000000e+00 1.0000000000e+00
   outer loop
     vertex 3.7187319317e+01 -3.7202990724e-02 7.6302187250e+00
     vertex 3.7372079323e+01 -3.1437241792e-02 7.6302187250e+00
     vertex 3.7187319317e+01 4.2005385211e-16 7.6302187250e+00
   endloop
 endfacet
 facet normal  0.0000000000e+00 -0.0000000000e+00 1.0000000000e+00
   outer loop
     vertex 3.7187319317e+01 4.2005385211e-16 7.6302187250e+00
     vertex 3.7372079323e+01 -3.1437241792e-02 7.6302187250e+00
     vertex 3.7372079323e+01 3.9125318369e-16 7.6302187250e+00
   endloop
 endfacet
 facet normal  -5.2184384760e-15 0.0000000000e+00 1.0000000000e+00
   outer loop
     vertex 3.7372079323e+01 -3.1437241792e-02 7.6302187250e+00
     vertex 3.7542279360e+01 -2.4810358483e-02 7.6302187250e+00
     vertex 3.7372079323e+01 3.9125318369e-16 7.6302187250e+00
   endloop
 endfacet
 facet normal  -5.2184384760e-15 0.0000000000e+00 1.0000000000e+00
   outer loop
     vertex 3.7372079323e+01 3.9125318369e-16 7.6302187250e+00
     vertex 3.7542279360e+01 -2.4810358483e-02 7.6302187250e+00
     vertex 3.7542279360e+01 3.8679297893e-16 7.6302187250e+00
   endloop
 endfacet
 facet normal  6.1048104036e-15 0.0000000000e+00 1.0000000000e+00
   outer loop
     vertex 3.7542279360e+01 -2.4810358483e-02 7.6302187250e+00
     vertex 3.7687767649e+01 -1.8325353622e-02 7.6302187250e+00
     vertex 3.7542279360e+01 3.8679297893e-16 7.6302187250e+00
   endloop
 endfacet
 facet normal  6.1048104036e-15 -0.0000000000e+00 1.0000000000e+00
   outer loop
     vertex 3.7542279360e+01 3.8679297893e-16 7.6302187250e+00
     vertex 3.7687767649e+01 -1.8325353622e-02 7.6302187250e+00
     vertex 3.7687767649e+01 3.7226897539e-16 7.6302187250e+00
   endloop
 endfacet
 facet normal  0.0000000000e+00 0.0000000000e+00 1.0000000000e+00
   outer loop
     vertex 3.7687767649e+01 -1.8325353622e-02 7.6302187250e+00
     vertex 3.7804385742e+01 -1.2631155434e-02 7.6302187250e+00
     vertex 3.7687767649e+01 3.7226897539e-16 7.6302187250e+00
   endloop
 endfacet
 facet normal  0.0000000000e+00 -0.0000000000e+00 1.0000000000e+00
   outer loop
     vertex 3.7687767649e+01 3.7226897539e-16 7.6302187250e+00
     vertex 3.7804385742e+01 -1.2631155434e-02 7.6302187250e+00
     vertex 3.7804385742e+01 3.5160828938e-16 7.6302187250e+00
   endloop
 endfacet
 facet normal  0.0000000000e+00 0.0000000000e+00 1.0000000000e+00
   outer loop
     vertex 3.7804385742e+01 -1.2631155434e-02 7.6302187250e+00
     vertex 3.7893135054e+01 -8.0075409643e-03 7.6302187250e+00
     vertex 3.7804385742e+01 3.5160828938e-16 7.6302187250e+00
   endloop
 endfacet
 facet normal  0.0000000000e+00 -0.0000000000e+00 1.0000000000e+00
   outer loop
     vertex 3.7804385742e+01 3.5160828938e-16 7.6302187250e+00
     vertex 3.7893135054e+01 -8.0075409643e-03 7.6302187250e+00
     vertex 3.7893135054e+01 5.4389713736e-16 7.6302187250e+00
   endloop
 endfacet
 facet normal  -1.3683528464e-14 0.0000000000e+00 1.0000000000e+00
   outer loop
     vertex 3.7893135054e+01 -8.0075409643e-03 7.6302187250e+00
     vertex 3.7958043635e+01 -4.4624022833e-03 7.6302187250e+00
     vertex 3.7893135054e+01 5.4389713736e-16 7.6302187250e+00
   endloop
 endfacet
 facet normal  -1.3683528464e-14 0.0000000000e+00 1.0000000000e+00
   outer loop
     vertex 3.7893135054e+01 5.4389713736e-16 7.6302187250e+00
     vertex 3.7958043635e+01 -4.4624022833e-03 7.6302187250e+00
     vertex 3.7958043635e+01 7.5138046925e-16 7.6302187250e+00
   endloop
 endfacet
 facet normal  1.9264079007e-14 0.0000000000e+00 1.0000000000e+00
   outer loop
     vertex 3.7958043635e+01 -4.4624022833e-03 7.6302187250e+00
     vertex 3.8004149054e+01 -1.8567744363e-03 7.6302187250e+00
     vertex 3.7958043635e+01 7.5138046925e-16 7.6302187250e+00
   endloop
 endfacet
 facet normal  1.9264079007e-14 -0.0000000000e+00 1.0000000000e+00
   outer loop
     vertex 3.7958043635e+01 7.5138046925e-16 7.6302187250e+00
     vertex 3.8004149054e+01 -1.8567744363e-03 7.6302187250e+00
     vertex 3.8004149054e+01 6.7555827337e-16 7.6302187250e+00
   endloop
 endfacet
 facet normal  0.0000000000e+00 0.0000000000e+00 1.0000000000e+00
   outer loop
     vertex 3.8004149054e+01 -1.8567744363e-03 7.6302187250e+00
     vertex 3.8036223470e+01 4.2005385211e-16 7.6302187250e+00
     vertex 3.8004149054e+01 6.7555827337e-16 7.6302187250e+00
   endloop
 endfacet
endsolid
