solid
 facet normal  4.8342465545e-17 -8.7265354984e-03 -9.9996192306e-01
   outer loop
     vertex 2.6834001887e+00 0.0000000000e+00 2.5785746161e-01
     vertex 2.6677980695e+00 -8.6431196787e-17 2.5785746161e-01
     vertex 2.6677980695e+00 6.3223539696e-04 2.5785194418e-01
   endloop
 endfacet
 facet normal  1.2201752169e-17 -8.7265354984e-03 -9.9996192306e-01
   outer loop
     vertex 2.6677980695e+00 -8.6431196787e-17 2.5785746161e-01
     vertex 2.6453743149e+00 -1.1778488778e-16 2.5785746161e-01
     vertex 2.6677980695e+00 6.3223539696e-04 2.5785194418e-01
   endloop
 endfacet
 facet normal  1.2413676879e-15 -8.7265354984e-03 -9.9996192306e-01
   outer loop
     vertex 2.6677980695e+00 6.3223539696e-04 2.5785194418e-01
     vertex 2.6453743149e+00 -1.1778488778e-16 2.5785746161e-01
     vertex 2.6453743149e+00 1.5193849480e-03 2.5784420214e-01
   endloop
 endfacet
 facet normal  -1.6322133541e-17 -8.7265354984e-03 -9.9996192306e-01
   outer loop
     vertex 2.6453743149e+00 -1.1778488778e-16 2.5785746161e-01
     vertex 2.6138121745e+00 -5.8750982506e-17 2.5785746161e-01
     vertex 2.6453743149e+00 1.5193849480e-03 2.5784420214e-01
   endloop
 endfacet
 facet normal  -8.6029583483e-16 -8.7265354984e-03 -9.9996192306e-01
   outer loop
     vertex 2.6453743149e+00 1.5193849480e-03 2.5784420214e-01
     vertex 2.6138121745e+00 -5.8750982506e-17 2.5785746161e-01
     vertex 2.6138121745e+00 2.7262970133e-03 2.5783366958e-01
   endloop
 endfacet
 facet normal  -1.3277501901e-17 -8.7265354984e-03 -9.9996192306e-01
   outer loop
     vertex 2.6138121745e+00 -5.8750982506e-17 2.5785746161e-01
     vertex 2.5706690229e+00 6.8917089817e-18 2.5785746161e-01
     vertex 2.6138121745e+00 2.7262970133e-03 2.5783366958e-01
   endloop
 endfacet
 facet normal  -1.1680359252e-15 -8.7265354984e-03 -9.9996192306e-01
   outer loop
     vertex 2.6138121745e+00 2.7262970133e-03 2.5783366958e-01
     vertex 2.5706690229e+00 6.8917089817e-18 2.5785746161e-01
     vertex 2.5706690229e+00 4.3002183787e-03 2.5781993417e-01
   endloop
 endfacet
 facet normal  -8.4946225064e-19 -8.7265354984e-03 -9.9996192306e-01
   outer loop
     vertex 2.5706690229e+00 6.8917089817e-18 2.5785746161e-01
     vertex 2.5139970080e+00 1.2408301142e-17 2.5785746161e-01
     vertex 2.5706690229e+00 4.3002183787e-03 2.5781993417e-01
   endloop
 endfacet
 facet normal  1.3052172168e-15 -8.7265354984e-03 -9.9996192306e-01
   outer loop
     vertex 2.5706690229e+00 4.3002183787e-03 2.5781993417e-01
     vertex 2.5139970080e+00 1.2408301142e-17 2.5785746161e-01
     vertex 2.5139970080e+00 6.2384885518e-03 2.5780301915e-01
   endloop
 endfacet
 facet normal  2.7704835347e-19 -8.7265354984e-03 -9.9996192306e-01
   outer loop
     vertex 2.5139970080e+00 1.2408301142e-17 2.5785746161e-01
     vertex 2.4433235129e+00 1.0164572751e-17 2.5785746161e-01
     vertex 2.5139970080e+00 6.2384885518e-03 2.5780301915e-01
   endloop
 endfacet
 facet normal  -3.0977260348e-16 -8.7265354984e-03 -9.9996192306e-01
   outer loop
     vertex 2.5139970080e+00 6.2384885518e-03 2.5780301915e-01
     vertex 2.4433235129e+00 1.0164572751e-17 2.5785746161e-01
     vertex 2.4433235129e+00 8.4462278735e-03 2.5778375250e-01
   endloop
 endfacet
 facet normal  4.5997109931e-19 -8.7265354984e-03 -9.9996192306e-01
   outer loop
     vertex 2.4433235129e+00 1.0164572751e-17 2.5785746161e-01
     vertex 2.3606851680e+00 5.8087490276e-18 2.5785746161e-01
     vertex 2.4433235129e+00 8.4462278735e-03 2.5778375250e-01
   endloop
 endfacet
 facet normal  -1.6075120641e-16 -8.7265354984e-03 -9.9996192306e-01
   outer loop
     vertex 2.4433235129e+00 8.4462278735e-03 2.5778375250e-01
     vertex 2.3606851680e+00 5.8087490276e-18 2.5785746161e-01
     vertex 2.3606851680e+00 1.0703700310e-02 2.5776405183e-01
   endloop
 endfacet
 facet normal  -4.4764333085e-19 -8.7265354984e-03 -9.9996192306e-01
   outer loop
     vertex 2.3606851680e+00 5.8087490276e-18 2.5785746161e-01
     vertex 2.2710266382e+00 1.0407944538e-17 2.5785746161e-01
     vertex 2.3606851680e+00 1.0703700310e-02 2.5776405183e-01
   endloop
 endfacet
 facet normal  2.4153275522e-16 -8.7265354984e-03 -9.9996192306e-01
   outer loop
     vertex 2.3606851680e+00 1.0703700310e-02 2.5776405183e-01
     vertex 2.2710266382e+00 1.0407944538e-17 2.5785746161e-01
     vertex 2.2710266382e+00 1.2672465821e-02 2.5774687068e-01
   endloop
 endfacet
 facet normal  -6.5789809846e-16 -8.7265354984e-03 -9.9996192306e-01
   outer loop
     vertex 2.2710266382e+00 1.0407944538e-17 2.5785746161e-01
     vertex 2.1813199734e+00 1.3974905577e-02 2.5773550446e-01
     vertex 2.2710266382e+00 1.2672465821e-02 2.5774687068e-01
   endloop
 endfacet
 facet normal  2.6217622654e-19 -8.7265354984e-03 -9.9996192306e-01
   outer loop
     vertex 2.2710266382e+00 1.0407944538e-17 2.5785746161e-01
     vertex 2.1813199734e+00 7.7128366245e-18 2.5785746161e-01
     vertex 2.1813199734e+00 1.3974905577e-02 2.5773550446e-01
   endloop
 endfacet
 facet normal  -2.0620796423e-16 -8.7265354984e-03 -9.9996192306e-01
   outer loop
     vertex 2.1813199734e+00 7.7128366245e-18 2.5785746161e-01
     vertex 2.0985630642e+00 1.4339734834e-02 2.5773232064e-01
     vertex 2.1813199734e+00 1.3974905577e-02 2.5773550446e-01
   endloop
 endfacet
 facet normal  6.8315678950e-19 -8.7265354984e-03 -9.9996192306e-01
   outer loop
     vertex 2.1813199734e+00 7.7128366245e-18 2.5785746161e-01
     vertex 2.0985630642e+00 1.2342123857e-18 2.5785746161e-01
     vertex 2.0985630642e+00 1.4339734834e-02 2.5773232064e-01
   endloop
 endfacet
 facet normal  7.0097985294e-16 -8.7265354984e-03 -9.9996192306e-01
   outer loop
     vertex 2.0985630642e+00 1.2342123857e-18 2.5785746161e-01
     vertex 2.0277649968e+00 1.3718537942e-02 2.5773774174e-01
     vertex 2.0985630642e+00 1.4339734834e-02 2.5773232064e-01
   endloop
 endfacet
 facet normal  1.3691151667e-18 -8.7265354984e-03 -9.9996192306e-01
   outer loop
     vertex 2.0985630642e+00 1.2342123857e-18 2.5785746161e-01
     vertex 2.0277649968e+00 -9.8733695206e-18 2.5785746161e-01
     vertex 2.0277649968e+00 1.3718537942e-02 2.5773774174e-01
   endloop
 endfacet
 facet normal  7.0303265541e-16 -8.7265354984e-03 -9.9996192306e-01
   outer loop
     vertex 2.0277649968e+00 -9.8733695206e-18 2.5785746161e-01
     vertex 1.9710378504e+00 1.2267885243e-02 2.5775040140e-01
     vertex 2.0277649968e+00 1.3718537942e-02 2.5773774174e-01
   endloop
 endfacet
 facet normal  1.7431625458e-18 -8.7265354984e-03 -9.9996192306e-01
   outer loop
     vertex 2.0277649968e+00 -9.8733695206e-18 2.5785746161e-01
     vertex 1.9710378504e+00 -2.1204858069e-17 2.5785746161e-01
     vertex 1.9710378504e+00 1.2267885243e-02 2.5775040140e-01
   endloop
 endfacet
 facet normal  -1.0254708523e-15 -8.7265354984e-03 -9.9996192306e-01
   outer loop
     vertex 1.9710378504e+00 -2.1204858069e-17 2.5785746161e-01
     vertex 1.9279778794e+00 1.0224796564e-02 2.5776823116e-01
     vertex 1.9710378504e+00 1.2267885243e-02 2.5775040140e-01
   endloop
 endfacet
 facet normal  8.1670842731e-20 -8.7265354984e-03 -9.9996192306e-01
   outer loop
     vertex 1.9710378504e+00 -2.1204858069e-17 2.5785746161e-01
     vertex 1.9279778794e+00 -2.1607852375e-17 2.5785746161e-01
     vertex 1.9279778794e+00 1.0224796564e-02 2.5776823116e-01
   endloop
 endfacet
 facet normal  1.8715037176e-15 -8.7265354984e-03 -9.9996192306e-01
   outer loop
     vertex 1.9279778794e+00 -2.1607852375e-17 2.5785746161e-01
     vertex 1.8967186951e+00 7.7565184490e-03 2.5778977150e-01
     vertex 1.9279778794e+00 1.0224796564e-02 2.5776823116e-01
   endloop
 endfacet
 facet normal  -1.5070966438e-18 -8.7265354984e-03 -9.9996192306e-01
   outer loop
     vertex 1.9279778794e+00 -2.1607852375e-17 2.5785746161e-01
     vertex 1.8967186951e+00 -1.6209305416e-17 2.5785746161e-01
     vertex 1.8967186951e+00 7.7565184490e-03 2.5778977150e-01
   endloop
 endfacet
 facet normal  7.8017659205e-16 -8.7265354984e-03 -9.9996192306e-01
   outer loop
     vertex 1.8967186951e+00 -1.6209305416e-17 2.5785746161e-01
     vertex 1.8750545094e+00 4.7778488732e-03 2.5781576596e-01
     vertex 1.8967186951e+00 7.7565184490e-03 2.5778977150e-01
   endloop
 endfacet
 facet normal  -3.2609139230e-18 -8.7265354984e-03 -9.9996192306e-01
   outer loop
     vertex 1.8967186951e+00 -1.6209305416e-17 2.5785746161e-01
     vertex 1.8750545094e+00 -8.1138768306e-18 2.5785746161e-01
     vertex 1.8750545094e+00 4.7778488732e-03 2.5781576596e-01
   endloop
 endfacet
 facet normal  -6.1994724437e-18 -8.7265354984e-03 -9.9996192306e-01
   outer loop
     vertex 1.8750545094e+00 -8.1138768306e-18 2.5785746161e-01
     vertex 1.8636332095e+00 0.0000000000e+00 2.5785746161e-01
     vertex 1.8750545094e+00 4.7778488732e-03 2.5781576596e-01
   endloop
 endfacet
 facet normal  -6.1994724437e-18 -8.7265354984e-03 -9.9996192306e-01
   outer loop
     vertex 1.8636332095e+00 0.0000000000e+00 2.5785746161e-01
     vertex 1.8750545094e+00 -8.1138768306e-18 2.5785746161e-01
     vertex 1.8750545094e+00 -4.7778488732e-03 2.5789915727e-01
   endloop
 endfacet
 facet normal  -3.2609139230e-18 -8.7265354984e-03 -9.9996192306e-01
   outer loop
     vertex 1.8750545094e+00 -8.1138768306e-18 2.5785746161e-01
     vertex 1.8967186951e+00 -1.6209305416e-17 2.5785746161e-01
     vertex 1.8750545094e+00 -4.7778488732e-03 2.5789915727e-01
   endloop
 endfacet
 facet normal  1.7717396138e-15 -8.7265354984e-03 -9.9996192306e-01
   outer loop
     vertex 1.8750545094e+00 -4.7778488732e-03 2.5789915727e-01
     vertex 1.8967186951e+00 -1.6209305416e-17 2.5785746161e-01
     vertex 1.8967186951e+00 -7.7565184490e-03 2.5792515172e-01
   endloop
 endfacet
 facet normal  -1.5070966438e-18 -8.7265354984e-03 -9.9996192306e-01
   outer loop
     vertex 1.8967186951e+00 -1.6209305416e-17 2.5785746161e-01
     vertex 1.9279778794e+00 -2.1607852375e-17 2.5785746161e-01
     vertex 1.8967186951e+00 -7.7565184490e-03 2.5792515172e-01
   endloop
 endfacet
 facet normal  -1.8768865993e-15 -8.7265354984e-03 -9.9996192306e-01
   outer loop
     vertex 1.8967186951e+00 -7.7565184490e-03 2.5792515172e-01
     vertex 1.9279778794e+00 -2.1607852375e-17 2.5785746161e-01
     vertex 1.9279778794e+00 -1.0224796564e-02 2.5794669206e-01
   endloop
 endfacet
 facet normal  8.1670842731e-20 -8.7265354984e-03 -9.9996192306e-01
   outer loop
     vertex 1.9279778794e+00 -2.1607852375e-17 2.5785746161e-01
     vertex 1.9710378504e+00 -2.1204858069e-17 2.5785746161e-01
     vertex 1.9279778794e+00 -1.0224796564e-02 2.5794669206e-01
   endloop
 endfacet
 facet normal  -4.8502676881e-17 -8.7265354984e-03 -9.9996192306e-01
   outer loop
     vertex 1.9279778794e+00 -1.0224796564e-02 2.5794669206e-01
     vertex 1.9710378504e+00 -2.1204858069e-17 2.5785746161e-01
     vertex 1.9710378504e+00 -1.2267885243e-02 2.5796452182e-01
   endloop
 endfacet
 facet normal  1.7431625458e-18 -8.7265354984e-03 -9.9996192306e-01
   outer loop
     vertex 1.9710378504e+00 -2.1204858069e-17 2.5785746161e-01
     vertex 2.0277649968e+00 -9.8733695206e-18 2.5785746161e-01
     vertex 1.9710378504e+00 -1.2267885243e-02 2.5796452182e-01
   endloop
 endfacet
 facet normal  2.7862813319e-16 -8.7265354984e-03 -9.9996192306e-01
   outer loop
     vertex 1.9710378504e+00 -1.2267885243e-02 2.5796452182e-01
     vertex 2.0277649968e+00 -9.8733695206e-18 2.5785746161e-01
     vertex 2.0277649968e+00 -1.3718537942e-02 2.5797718148e-01
   endloop
 endfacet
 facet normal  1.3691151667e-18 -8.7265354984e-03 -9.9996192306e-01
   outer loop
     vertex 2.0277649968e+00 -9.8733695206e-18 2.5785746161e-01
     vertex 2.0985630642e+00 1.2342123857e-18 2.5785746161e-01
     vertex 2.0277649968e+00 -1.3718537942e-02 2.5797718148e-01
   endloop
 endfacet
 facet normal  5.2560778960e-17 -8.7265354984e-03 -9.9996192306e-01
   outer loop
     vertex 2.0277649968e+00 -1.3718537942e-02 2.5797718148e-01
     vertex 2.0985630642e+00 1.2342123857e-18 2.5785746161e-01
     vertex 2.0985630642e+00 -1.4339734834e-02 2.5798260258e-01
   endloop
 endfacet
 facet normal  6.8315678950e-19 -8.7265354984e-03 -9.9996192306e-01
   outer loop
     vertex 2.0985630642e+00 1.2342123857e-18 2.5785746161e-01
     vertex 2.1813199734e+00 7.7128366245e-18 2.5785746161e-01
     vertex 2.0985630642e+00 -1.4339734834e-02 2.5798260258e-01
   endloop
 endfacet
 facet normal  2.2465453684e-16 -8.7265354984e-03 -9.9996192306e-01
   outer loop
     vertex 2.0985630642e+00 -1.4339734834e-02 2.5798260258e-01
     vertex 2.1813199734e+00 7.7128366245e-18 2.5785746161e-01
     vertex 2.1813199734e+00 -1.3974905577e-02 2.5797941876e-01
   endloop
 endfacet
 facet normal  2.6217622654e-19 -8.7265354984e-03 -9.9996192306e-01
   outer loop
     vertex 2.1813199734e+00 7.7128366245e-18 2.5785746161e-01
     vertex 2.2710266382e+00 1.0407944538e-17 2.5785746161e-01
     vertex 2.1813199734e+00 -1.3974905577e-02 2.5797941876e-01
   endloop
 endfacet
 facet normal  3.9861323066e-17 -8.7265354984e-03 -9.9996192306e-01
   outer loop
     vertex 2.1813199734e+00 -1.3974905577e-02 2.5797941876e-01
     vertex 2.2710266382e+00 1.0407944538e-17 2.5785746161e-01
     vertex 2.2710266382e+00 -1.2672465821e-02 2.5796805254e-01
   endloop
 endfacet
 facet normal  -2.4276744233e-16 -8.7265354984e-03 -9.9996192306e-01
   outer loop
     vertex 2.2710266382e+00 1.0407944538e-17 2.5785746161e-01
     vertex 2.3606851680e+00 -1.0703700310e-02 2.5795087139e-01
     vertex 2.2710266382e+00 -1.2672465821e-02 2.5796805254e-01
   endloop
 endfacet
 facet normal  -4.4764333085e-19 -8.7265354984e-03 -9.9996192306e-01
   outer loop
     vertex 2.2710266382e+00 1.0407944538e-17 2.5785746161e-01
     vertex 2.3606851680e+00 5.8087490276e-18 2.5785746161e-01
     vertex 2.3606851680e+00 -1.0703700310e-02 2.5795087139e-01
   endloop
 endfacet
 facet normal  1.6122998886e-16 -8.7265354984e-03 -9.9996192306e-01
   outer loop
     vertex 2.3606851680e+00 5.8087490276e-18 2.5785746161e-01
     vertex 2.4433235129e+00 -8.4462278735e-03 2.5793117072e-01
     vertex 2.3606851680e+00 -1.0703700310e-02 2.5795087139e-01
   endloop
 endfacet
 facet normal  4.5997109931e-19 -8.7265354984e-03 -9.9996192306e-01
   outer loop
     vertex 2.3606851680e+00 5.8087490276e-18 2.5785746161e-01
     vertex 2.4433235129e+00 1.0164572751e-17 2.5785746161e-01
     vertex 2.4433235129e+00 -8.4462278735e-03 2.5793117072e-01
   endloop
 endfacet
 facet normal  3.1017168070e-16 -8.7265354984e-03 -9.9996192306e-01
   outer loop
     vertex 2.4433235129e+00 1.0164572751e-17 2.5785746161e-01
     vertex 2.5139970080e+00 -6.2384885518e-03 2.5791190408e-01
     vertex 2.4433235129e+00 -8.4462278735e-03 2.5793117072e-01
   endloop
 endfacet
 facet normal  2.7704835347e-19 -8.7265354984e-03 -9.9996192306e-01
   outer loop
     vertex 2.4433235129e+00 1.0164572751e-17 2.5785746161e-01
     vertex 2.5139970080e+00 1.2408301142e-17 2.5785746161e-01
     vertex 2.5139970080e+00 -6.2384885518e-03 2.5791190408e-01
   endloop
 endfacet
 facet normal  -3.2619200492e-16 -8.7265354984e-03 -9.9996192306e-01
   outer loop
     vertex 2.5139970080e+00 1.2408301142e-17 2.5785746161e-01
     vertex 2.5706690229e+00 -4.3002183787e-03 2.5789498905e-01
     vertex 2.5139970080e+00 -6.2384885518e-03 2.5791190408e-01
   endloop
 endfacet
 facet normal  -8.4946225064e-19 -8.7265354984e-03 -9.9996192306e-01
   outer loop
     vertex 2.5139970080e+00 1.2408301142e-17 2.5785746161e-01
     vertex 2.5706690229e+00 6.8917089817e-18 2.5785746161e-01
     vertex 2.5706690229e+00 -4.3002183787e-03 2.5789498905e-01
   endloop
 endfacet
 facet normal  3.2500132376e-16 -8.7265354984e-03 -9.9996192306e-01
   outer loop
     vertex 2.5706690229e+00 6.8917089817e-18 2.5785746161e-01
     vertex 2.6138121745e+00 -2.7262970133e-03 2.5788125364e-01
     vertex 2.5706690229e+00 -4.3002183787e-03 2.5789498905e-01
   endloop
 endfacet
 facet normal  -1.3277501901e-17 -8.7265354984e-03 -9.9996192306e-01
   outer loop
     vertex 2.5706690229e+00 6.8917089817e-18 2.5785746161e-01
     vertex 2.6138121745e+00 -5.8750982506e-17 2.5785746161e-01
     vertex 2.6138121745e+00 -2.7262970133e-03 2.5788125364e-01
   endloop
 endfacet
 facet normal  8.2949682868e-16 -8.7265354984e-03 -9.9996192306e-01
   outer loop
     vertex 2.6138121745e+00 -5.8750982506e-17 2.5785746161e-01
     vertex 2.6453743149e+00 -1.5193849480e-03 2.5787072108e-01
     vertex 2.6138121745e+00 -2.7262970133e-03 2.5788125364e-01
   endloop
 endfacet
 facet normal  -1.6322133541e-17 -8.7265354984e-03 -9.9996192306e-01
   outer loop
     vertex 2.6138121745e+00 -5.8750982506e-17 2.5785746161e-01
     vertex 2.6453743149e+00 -1.1778488778e-16 2.5785746161e-01
     vertex 2.6453743149e+00 -1.5193849480e-03 2.5787072108e-01
   endloop
 endfacet
 facet normal  -1.2192992527e-15 -8.7265354984e-03 -9.9996192306e-01
   outer loop
     vertex 2.6453743149e+00 -1.1778488778e-16 2.5785746161e-01
     vertex 2.6677980695e+00 -6.3223539696e-04 2.5786297905e-01
     vertex 2.6453743149e+00 -1.5193849480e-03 2.5787072108e-01
   endloop
 endfacet
 facet normal  1.2201752169e-17 -8.7265354984e-03 -9.9996192306e-01
   outer loop
     vertex 2.6453743149e+00 -1.1778488778e-16 2.5785746161e-01
     vertex 2.6677980695e+00 -8.6431196787e-17 2.5785746161e-01
     vertex 2.6677980695e+00 -6.3223539696e-04 2.5786297905e-01
   endloop
 endfacet
 facet normal  4.8342465545e-17 -8.7265354984e-03 -9.9996192306e-01
   outer loop
     vertex 2.6677980695e+00 -8.6431196787e-17 2.5785746161e-01
     vertex 2.6834001887e+00 0.0000000000e+00 2.5785746161e-01
     vertex 2.6677980695e+00 -6.3223539696e-04 2.5786297905e-01
   endloop
 endfacet
 facet normal  4.8257713529e-17 -8.7265354984e-03 -9.9996192306e-01
   outer loop
     vertex 2.6834001887e+00 0.0000000000e+00 2.5785746161e-01
     vertex 2.6677980695e+00 6.3223539696e-04 2.5785194418e-01
     vertex 2.6677980695e+00 1.2644707939e-03 2.5784642674e-01
   endloop
 endfacet
 facet normal  2.9660371285e-15 -8.7265354984e-03 -9.9996192306e-01
   outer loop
     vertex 2.6677980695e+00 6.3223539696e-04 2.5785194418e-01
     vertex 2.6453743149e+00 1.5193849480e-03 2.5784420214e-01
     vertex 2.6677980695e+00 1.2644707939e-03 2.5784642674e-01
   endloop
 endfacet
 facet normal  3.3010883060e-15 -8.7265354983e-03 -9.9996192306e-01
   outer loop
     vertex 2.6677980695e+00 1.2644707939e-03 2.5784642674e-01
     vertex 2.6453743149e+00 1.5193849480e-03 2.5784420214e-01
     vertex 2.6453743149e+00 3.0387698960e-03 2.5783094267e-01
   endloop
 endfacet
 facet normal  1.2632490613e-15 -8.7265354983e-03 -9.9996192306e-01
   outer loop
     vertex 2.6453743149e+00 1.5193849480e-03 2.5784420214e-01
     vertex 2.6138121745e+00 2.7262970133e-03 2.5783366958e-01
     vertex 2.6453743149e+00 3.0387698960e-03 2.5783094267e-01
   endloop
 endfacet
 facet normal  1.8130559768e-15 -8.7265354984e-03 -9.9996192306e-01
   outer loop
     vertex 2.6453743149e+00 3.0387698960e-03 2.5783094267e-01
     vertex 2.6138121745e+00 2.7262970133e-03 2.5783366958e-01
     vertex 2.6138121745e+00 5.4525940265e-03 2.5780987754e-01
   endloop
 endfacet
 facet normal  -1.8347047937e-15 -8.7265354984e-03 -9.9996192306e-01
   outer loop
     vertex 2.6138121745e+00 2.7262970133e-03 2.5783366958e-01
     vertex 2.5706690229e+00 4.3002183787e-03 2.5781993417e-01
     vertex 2.6138121745e+00 5.4525940265e-03 2.5780987754e-01
   endloop
 endfacet
 facet normal  -2.3228392461e-15 -8.7265354984e-03 -9.9996192306e-01
   outer loop
     vertex 2.6138121745e+00 5.4525940265e-03 2.5780987754e-01
     vertex 2.5706690229e+00 4.3002183787e-03 2.5781993417e-01
     vertex 2.5706690229e+00 8.6004367574e-03 2.5778240674e-01
   endloop
 endfacet
 facet normal  1.8939621561e-15 -8.7265354984e-03 -9.9996192306e-01
   outer loop
     vertex 2.5706690229e+00 4.3002183787e-03 2.5781993417e-01
     vertex 2.5139970080e+00 6.2384885518e-03 2.5780301915e-01
     vertex 2.5706690229e+00 8.6004367574e-03 2.5778240674e-01
   endloop
 endfacet
 facet normal  2.6113328280e-15 -8.7265354984e-03 -9.9996192306e-01
   outer loop
     vertex 2.5706690229e+00 8.6004367574e-03 2.5778240674e-01
     vertex 2.5139970080e+00 6.2384885518e-03 2.5780301915e-01
     vertex 2.5139970080e+00 1.2476977104e-02 2.5774857668e-01
   endloop
 endfacet
 facet normal  -4.1942807736e-16 -8.7265354984e-03 -9.9996192306e-01
   outer loop
     vertex 2.5139970080e+00 6.2384885518e-03 2.5780301915e-01
     vertex 2.4433235129e+00 8.4462278735e-03 2.5778375250e-01
     vertex 2.5139970080e+00 1.2476977104e-02 2.5774857668e-01
   endloop
 endfacet
 facet normal  -9.9450042240e-16 -8.7265354984e-03 -9.9996192306e-01
   outer loop
     vertex 2.5139970080e+00 1.2476977104e-02 2.5774857668e-01
     vertex 2.4433235129e+00 8.4462278735e-03 2.5778375250e-01
     vertex 2.4433235129e+00 1.6892455747e-02 2.5771004338e-01
   endloop
 endfacet
 facet normal  -2.4269976600e-17 -8.7265354984e-03 -9.9996192306e-01
   outer loop
     vertex 2.4433235129e+00 8.4462278735e-03 2.5778375250e-01
     vertex 2.3606851680e+00 1.0703700310e-02 2.5776405183e-01
     vertex 2.4433235129e+00 1.6892455747e-02 2.5771004338e-01
   endloop
 endfacet
 facet normal  3.4975057717e-16 -8.7265354984e-03 -9.9996192306e-01
   outer loop
     vertex 2.4433235129e+00 1.6892455747e-02 2.5771004338e-01
     vertex 2.3606851680e+00 1.0703700310e-02 2.5776405183e-01
     vertex 2.3606851680e+00 2.1407400620e-02 2.5767064206e-01
   endloop
 endfacet
 facet normal  2.8609654457e-16 -8.7265354984e-03 -9.9996192306e-01
   outer loop
     vertex 2.3606851680e+00 1.0703700310e-02 2.5776405183e-01
     vertex 2.2710266382e+00 1.2672465821e-02 2.5774687068e-01
     vertex 2.3606851680e+00 2.1407400620e-02 2.5767064206e-01
   endloop
 endfacet
 facet normal  5.6655831471e-17 -8.7265354984e-03 -9.9996192306e-01
   outer loop
     vertex 2.3606851680e+00 2.1407400620e-02 2.5767064206e-01
     vertex 2.2710266382e+00 1.2672465821e-02 2.5774687068e-01
     vertex 2.2710266382e+00 2.5344931641e-02 2.5763627974e-01
   endloop
 endfacet
 facet normal  4.8662479678e-17 -8.7265354984e-03 -9.9996192306e-01
   outer loop
     vertex 2.2710266382e+00 1.2672465821e-02 2.5774687068e-01
     vertex 2.1813199734e+00 2.7949811154e-02 2.5761354730e-01
     vertex 2.2710266382e+00 2.5344931641e-02 2.5763627974e-01
   endloop
 endfacet
 facet normal  -6.5422285526e-16 -8.7265354984e-03 -9.9996192306e-01
   outer loop
     vertex 2.2710266382e+00 1.2672465821e-02 2.5774687068e-01
     vertex 2.1813199734e+00 1.3974905577e-02 2.5773550446e-01
     vertex 2.1813199734e+00 2.7949811154e-02 2.5761354730e-01
   endloop
 endfacet
 facet normal  -1.1189242366e-15 -8.7265354984e-03 -9.9996192306e-01
   outer loop
     vertex 2.1813199734e+00 1.3974905577e-02 2.5773550446e-01
     vertex 2.0985630642e+00 2.8679469669e-02 2.5760717967e-01
     vertex 2.1813199734e+00 2.7949811154e-02 2.5761354730e-01
   endloop
 endfacet
 facet normal  -2.0094492572e-16 -8.7265354984e-03 -9.9996192306e-01
   outer loop
     vertex 2.1813199734e+00 1.3974905577e-02 2.5773550446e-01
     vertex 2.0985630642e+00 1.4339734834e-02 2.5773232064e-01
     vertex 2.0985630642e+00 2.8679469669e-02 2.5760717967e-01
   endloop
 endfacet
 facet normal  1.4006821869e-15 -8.7265354984e-03 -9.9996192306e-01
   outer loop
     vertex 2.0985630642e+00 1.4339734834e-02 2.5773232064e-01
     vertex 2.0277649968e+00 2.7437075884e-02 2.5761802188e-01
     vertex 2.0985630642e+00 2.8679469669e-02 2.5760717967e-01
   endloop
 endfacet
 facet normal  7.3265318800e-16 -8.7265354984e-03 -9.9996192306e-01
   outer loop
     vertex 2.0985630642e+00 1.4339734834e-02 2.5773232064e-01
     vertex 2.0277649968e+00 1.3718537942e-02 2.5773774174e-01
     vertex 2.0277649968e+00 2.7437075884e-02 2.5761802188e-01
   endloop
 endfacet
 facet normal  4.2596908448e-16 -8.7265354984e-03 -9.9996192306e-01
   outer loop
     vertex 2.0277649968e+00 1.3718537942e-02 2.5773774174e-01
     vertex 1.9710378504e+00 2.4535770486e-02 2.5764334119e-01
     vertex 2.0277649968e+00 2.7437075884e-02 2.5761802188e-01
   endloop
 endfacet
 facet normal  6.7027494658e-16 -8.7265354984e-03 -9.9996192306e-01
   outer loop
     vertex 2.0277649968e+00 1.3718537942e-02 2.5773774174e-01
     vertex 1.9710378504e+00 1.2267885243e-02 2.5775040140e-01
     vertex 1.9710378504e+00 2.4535770486e-02 2.5764334119e-01
   endloop
 endfacet
 facet normal  -1.1911215236e-15 -8.7265354984e-03 -9.9996192306e-01
   outer loop
     vertex 1.9710378504e+00 1.2267885243e-02 2.5775040140e-01
     vertex 1.9279778794e+00 2.0449593128e-02 2.5767900072e-01
     vertex 1.9710378504e+00 2.4535770486e-02 2.5764334119e-01
   endloop
 endfacet
 facet normal  -1.2303774122e-15 -8.7265354984e-03 -9.9996192306e-01
   outer loop
     vertex 1.9710378504e+00 1.2267885243e-02 2.5775040140e-01
     vertex 1.9279778794e+00 1.0224796564e-02 2.5776823116e-01
     vertex 1.9279778794e+00 2.0449593128e-02 2.5767900072e-01
   endloop
 endfacet
 facet normal  1.9689752817e-15 -8.7265354984e-03 -9.9996192306e-01
   outer loop
     vertex 1.9279778794e+00 1.0224796564e-02 2.5776823116e-01
     vertex 1.8967186951e+00 1.5513036898e-02 2.5772208139e-01
     vertex 1.9279778794e+00 2.0449593128e-02 2.5767900072e-01
   endloop
 endfacet
 facet normal  1.9025534620e-15 -8.7265354984e-03 -9.9996192306e-01
   outer loop
     vertex 1.9279778794e+00 1.0224796564e-02 2.5776823116e-01
     vertex 1.8967186951e+00 7.7565184490e-03 2.5778977150e-01
     vertex 1.8967186951e+00 1.5513036898e-02 2.5772208139e-01
   endloop
 endfacet
 facet normal  -4.0434349118e-16 -8.7265354984e-03 -9.9996192306e-01
   outer loop
     vertex 1.8967186951e+00 7.7565184490e-03 2.5778977150e-01
     vertex 1.8750545094e+00 9.5556977465e-03 2.5777407030e-01
     vertex 1.8967186951e+00 1.5513036898e-02 2.5772208139e-01
   endloop
 endfacet
 facet normal  -3.2859589733e-16 -8.7265354984e-03 -9.9996192306e-01
   outer loop
     vertex 1.8967186951e+00 7.7565184490e-03 2.5778977150e-01
     vertex 1.8750545094e+00 4.7778488732e-03 2.5781576596e-01
     vertex 1.8750545094e+00 9.5556977465e-03 2.5777407030e-01
   endloop
 endfacet
 facet normal  -4.8669842390e-15 -8.7265354984e-03 -9.9996192306e-01
   outer loop
     vertex 1.8750545094e+00 4.7778488732e-03 2.5781576596e-01
     vertex 1.8636332095e+00 0.0000000000e+00 2.5785746161e-01
     vertex 1.8750545094e+00 9.5556977465e-03 2.5777407030e-01
   endloop
 endfacet
 facet normal  -6.7906895900e-18 -8.7265354984e-03 -9.9996192306e-01
   outer loop
     vertex 1.8636332095e+00 0.0000000000e+00 2.5785746161e-01
     vertex 1.8750545094e+00 -4.7778488732e-03 2.5789915727e-01
     vertex 1.8750545094e+00 -9.5556977465e-03 2.5794085292e-01
   endloop
 endfacet
 facet normal  2.8779630556e-15 -8.7265354984e-03 -9.9996192306e-01
   outer loop
     vertex 1.8750545094e+00 -4.7778488732e-03 2.5789915727e-01
     vertex 1.8967186951e+00 -7.7565184490e-03 2.5792515172e-01
     vertex 1.8750545094e+00 -9.5556977465e-03 2.5794085292e-01
   endloop
 endfacet
 facet normal  2.9518492500e-15 -8.7265354984e-03 -9.9996192306e-01
   outer loop
     vertex 1.8750545094e+00 -9.5556977465e-03 2.5794085292e-01
     vertex 1.8967186951e+00 -7.7565184490e-03 2.5792515172e-01
     vertex 1.8967186951e+00 -1.5513036898e-02 2.5799284183e-01
   endloop
 endfacet
 facet normal  -1.9085576186e-15 -8.7265354984e-03 -9.9996192306e-01
   outer loop
     vertex 1.8967186951e+00 -7.7565184490e-03 2.5792515172e-01
     vertex 1.9279778794e+00 -1.0224796564e-02 2.5794669206e-01
     vertex 1.8967186951e+00 -1.5513036898e-02 2.5799284183e-01
   endloop
 endfacet
 facet normal  -1.0580260851e-15 -8.7265354984e-03 -9.9996192306e-01
   outer loop
     vertex 1.8967186951e+00 -1.5513036898e-02 2.5799284183e-01
     vertex 1.9279778794e+00 -1.0224796564e-02 2.5794669206e-01
     vertex 1.9279778794e+00 -2.0449593128e-02 2.5803592251e-01
   endloop
 endfacet
 facet normal  -3.1592071245e-16 -8.7265354984e-03 -9.9996192306e-01
   outer loop
     vertex 1.9279778794e+00 -1.0224796564e-02 2.5794669206e-01
     vertex 1.9710378504e+00 -1.2267885243e-02 2.5796452182e-01
     vertex 1.9279778794e+00 -2.0449593128e-02 2.5803592251e-01
   endloop
 endfacet
 facet normal  -1.3863347768e-15 -8.7265354984e-03 -9.9996192306e-01
   outer loop
     vertex 1.9279778794e+00 -2.0449593128e-02 2.5803592251e-01
     vertex 1.9710378504e+00 -1.2267885243e-02 2.5796452182e-01
     vertex 1.9710378504e+00 -2.4535770486e-02 2.5807158204e-01
   endloop
 endfacet
 facet normal  3.1119500726e-16 -8.7265354984e-03 -9.9996192306e-01
   outer loop
     vertex 1.9710378504e+00 -1.2267885243e-02 2.5796452182e-01
     vertex 2.0277649968e+00 -1.3718537942e-02 2.5797718148e-01
     vertex 1.9710378504e+00 -2.4535770486e-02 2.5807158204e-01
   endloop
 endfacet
 facet normal  5.5507948409e-16 -8.7265354984e-03 -9.9996192306e-01
   outer loop
     vertex 1.9710378504e+00 -2.4535770486e-02 2.5807158204e-01
     vertex 2.0277649968e+00 -1.3718537942e-02 2.5797718148e-01
     vertex 2.0277649968e+00 -2.7437075884e-02 2.5809690134e-01
   endloop
 endfacet
 facet normal  5.4818177640e-17 -8.7265354984e-03 -9.9996192306e-01
   outer loop
     vertex 2.0277649968e+00 -1.3718537942e-02 2.5797718148e-01
     vertex 2.0985630642e+00 -1.4339734834e-02 2.5798260258e-01
     vertex 2.0277649968e+00 -2.7437075884e-02 2.5809690134e-01
   endloop
 endfacet
 facet normal  1.0366153628e-16 -8.7265354984e-03 -9.9996192306e-01
   outer loop
     vertex 2.0277649968e+00 -2.7437075884e-02 2.5809690134e-01
     vertex 2.0985630642e+00 -1.4339734834e-02 2.5798260258e-01
     vertex 2.0985630642e+00 -2.8679469669e-02 2.5810774355e-01
   endloop
 endfacet
 facet normal  2.1893891178e-16 -8.7265354984e-03 -9.9996192306e-01
   outer loop
     vertex 2.0985630642e+00 -1.4339734834e-02 2.5798260258e-01
     vertex 2.1813199734e+00 -1.3974905577e-02 2.5797941876e-01
     vertex 2.0985630642e+00 -2.8679469669e-02 2.5810774355e-01
   endloop
 endfacet
 facet normal  4.4857670355e-16 -8.7265354984e-03 -9.9996192306e-01
   outer loop
     vertex 2.0985630642e+00 -2.8679469669e-02 2.5810774355e-01
     vertex 2.1813199734e+00 -1.3974905577e-02 2.5797941876e-01
     vertex 2.1813199734e+00 -2.7949811154e-02 2.5810137592e-01
   endloop
 endfacet
 facet normal  3.6104081924e-17 -8.7265354984e-03 -9.9996192306e-01
   outer loop
     vertex 2.1813199734e+00 -1.3974905577e-02 2.5797941876e-01
     vertex 2.2710266382e+00 -1.2672465821e-02 2.5796805254e-01
     vertex 2.1813199734e+00 -2.7949811154e-02 2.5810137592e-01
   endloop
 endfacet
 facet normal  -6.6665268811e-16 -8.7265354984e-03 -9.9996192306e-01
   outer loop
     vertex 2.1813199734e+00 -2.7949811154e-02 2.5810137592e-01
     vertex 2.2710266382e+00 -1.2672465821e-02 2.5796805254e-01
     vertex 2.2710266382e+00 -2.5344931641e-02 2.5807864348e-01
   endloop
 endfacet
 facet normal  -5.8472918171e-17 -8.7265354984e-03 -9.9996192306e-01
   outer loop
     vertex 2.2710266382e+00 -1.2672465821e-02 2.5796805254e-01
     vertex 2.3606851680e+00 -2.1407400620e-02 2.5804428117e-01
     vertex 2.2710266382e+00 -2.5344931641e-02 2.5807864348e-01
   endloop
 endfacet
 facet normal  -2.8736526539e-16 -8.7265354984e-03 -9.9996192306e-01
   outer loop
     vertex 2.2710266382e+00 -1.2672465821e-02 2.5796805254e-01
     vertex 2.3606851680e+00 -1.0703700310e-02 2.5795087139e-01
     vertex 2.3606851680e+00 -2.1407400620e-02 2.5804428117e-01
   endloop
 endfacet
 facet normal  -3.4969072937e-16 -8.7265354984e-03 -9.9996192306e-01
   outer loop
     vertex 2.3606851680e+00 -1.0703700310e-02 2.5795087139e-01
     vertex 2.4433235129e+00 -1.6892455747e-02 2.5800487984e-01
     vertex 2.3606851680e+00 -2.1407400620e-02 2.5804428117e-01
   endloop
 endfacet
 facet normal  2.4649194984e-17 -8.7265354984e-03 -9.9996192306e-01
   outer loop
     vertex 2.3606851680e+00 -1.0703700310e-02 2.5795087139e-01
     vertex 2.4433235129e+00 -8.4462278735e-03 2.5793117072e-01
     vertex 2.4433235129e+00 -1.6892455747e-02 2.5800487984e-01
   endloop
 endfacet
 facet normal  2.0951553843e-16 -8.7265354984e-03 -9.9996192306e-01
   outer loop
     vertex 2.4433235129e+00 -8.4462278735e-03 2.5793117072e-01
     vertex 2.5139970080e+00 -1.2476977104e-02 2.5796634654e-01
     vertex 2.4433235129e+00 -1.6892455747e-02 2.5800487984e-01
   endloop
 endfacet
 facet normal  1.4192055749e-16 -8.7265354984e-03 -9.9996192306e-01
   outer loop
     vertex 2.4433235129e+00 -8.4462278735e-03 2.5793117072e-01
     vertex 2.5139970080e+00 -6.2384885518e-03 2.5791190408e-01
     vertex 2.5139970080e+00 -1.2476977104e-02 2.5796634654e-01
   endloop
 endfacet
 facet normal  -2.8071079239e-16 -8.7265354984e-03 -9.9996192306e-01
   outer loop
     vertex 2.5139970080e+00 -6.2384885518e-03 2.5791190408e-01
     vertex 2.5706690229e+00 -8.6004367574e-03 2.5793251649e-01
     vertex 2.5139970080e+00 -1.2476977104e-02 2.5796634654e-01
   endloop
 endfacet
 facet normal  -4.7283887182e-16 -8.7265354984e-03 -9.9996192306e-01
   outer loop
     vertex 2.5139970080e+00 -6.2384885518e-03 2.5791190408e-01
     vertex 2.5706690229e+00 -4.3002183787e-03 2.5789498905e-01
     vertex 2.5706690229e+00 -8.6004367574e-03 2.5793251649e-01
   endloop
 endfacet
 facet normal  6.6312824972e-16 -8.7265354984e-03 -9.9996192306e-01
   outer loop
     vertex 2.5706690229e+00 -4.3002183787e-03 2.5789498905e-01
     vertex 2.6138121745e+00 -5.4525940265e-03 2.5790504568e-01
     vertex 2.5706690229e+00 -8.6004367574e-03 2.5793251649e-01
   endloop
 endfacet
 facet normal  5.2022308438e-16 -8.7265354984e-03 -9.9996192306e-01
   outer loop
     vertex 2.5706690229e+00 -4.3002183787e-03 2.5789498905e-01
     vertex 2.6138121745e+00 -2.7262970133e-03 2.5788125364e-01
     vertex 2.6138121745e+00 -5.4525940265e-03 2.5790504568e-01
   endloop
 endfacet
 facet normal  -1.8423746313e-15 -8.7265354984e-03 -9.9996192306e-01
   outer loop
     vertex 2.6138121745e+00 -2.7262970133e-03 2.5788125364e-01
     vertex 2.6453743149e+00 -3.0387698960e-03 2.5788398055e-01
     vertex 2.6138121745e+00 -5.4525940265e-03 2.5790504568e-01
   endloop
 endfacet
 facet normal  -1.2929422317e-15 -8.7265354983e-03 -9.9996192306e-01
   outer loop
     vertex 2.6138121745e+00 -2.7262970133e-03 2.5788125364e-01
     vertex 2.6453743149e+00 -1.5193849480e-03 2.5787072108e-01
     vertex 2.6453743149e+00 -3.0387698960e-03 2.5788398055e-01
   endloop
 endfacet
 facet normal  -3.2815204745e-15 -8.7265354983e-03 -9.9996192306e-01
   outer loop
     vertex 2.6453743149e+00 -1.5193849480e-03 2.5787072108e-01
     vertex 2.6677980695e+00 -1.2644707939e-03 2.5786849648e-01
     vertex 2.6453743149e+00 -3.0387698960e-03 2.5788398055e-01
   endloop
 endfacet
 facet normal  -2.9474253724e-15 -8.7265354984e-03 -9.9996192306e-01
   outer loop
     vertex 2.6453743149e+00 -1.5193849480e-03 2.5787072108e-01
     vertex 2.6677980695e+00 -6.3223539696e-04 2.5786297905e-01
     vertex 2.6677980695e+00 -1.2644707939e-03 2.5786849648e-01
   endloop
 endfacet
 facet normal  4.8299640301e-17 -8.7265354984e-03 -9.9996192306e-01
   outer loop
     vertex 2.6677980695e+00 -6.3223539696e-04 2.5786297905e-01
     vertex 2.6834001887e+00 0.0000000000e+00 2.5785746161e-01
     vertex 2.6677980695e+00 -1.2644707939e-03 2.5786849648e-01
   endloop
 endfacet
 facet normal  8.0775088893e-02 9.9671823636e-01 5.3049342189e-03
   outer loop
     vertex 2.6834001887e+00 0.0000000000e+00 2.5785746161e-01
     vertex 2.6677980695e+00 1.2644707939e-03 2.5784642674e-01
     vertex 2.6716381686e+00 5.9209531909e-04 3.2570486497e-01
   endloop
 endfacet
 facet normal  8.0775088893e-02 9.9671823636e-01 5.3049342189e-03
   outer loop
     vertex 2.6716381686e+00 5.9209531909e-04 3.2570486497e-01
     vertex 2.6677980695e+00 1.2644707939e-03 2.5784642674e-01
     vertex 2.6586260013e+00 1.6466639612e-03 3.2569566189e-01
   endloop
 endfacet
 facet normal  7.8874859317e-02 9.9687174824e-01 5.0471906123e-03
   outer loop
     vertex 2.6677980695e+00 1.2644707939e-03 2.5784642674e-01
     vertex 2.6453743149e+00 3.0387698960e-03 2.5783094267e-01
     vertex 2.6586260013e+00 1.6466639612e-03 3.2569566189e-01
   endloop
 endfacet
 facet normal  7.8874859317e-02 9.9687174824e-01 5.0471906123e-03
   outer loop
     vertex 2.6586260013e+00 1.6466639612e-03 3.2569566189e-01
     vertex 2.6453743149e+00 3.0387698960e-03 2.5783094267e-01
     vertex 2.6399245899e+00 3.1264294124e-03 3.2568274817e-01
   endloop
 endfacet
 facet normal  7.6251683596e-02 9.9707687344e-01 4.8362372364e-03
   outer loop
     vertex 2.6453743149e+00 3.0387698960e-03 2.5783094267e-01
     vertex 2.6138121745e+00 5.4525940265e-03 2.5780987754e-01
     vertex 2.6399245899e+00 3.1264294124e-03 3.2568274817e-01
   endloop
 endfacet
 facet normal  7.6251683596e-02 9.9707687344e-01 4.8362372364e-03
   outer loop
     vertex 2.6399245899e+00 3.1264294124e-03 3.2568274817e-01
     vertex 2.6138121745e+00 5.4525940265e-03 2.5780987754e-01
     vertex 2.6136017648e+00 5.1395587372e-03 3.2566517986e-01
   endloop
 endfacet
 facet normal  7.2765400612e-02 9.9733740536e-01 4.8266286727e-03
   outer loop
     vertex 2.6138121745e+00 5.4525940265e-03 2.5780987754e-01
     vertex 2.5706690229e+00 8.6004367574e-03 2.5778240674e-01
     vertex 2.6136017648e+00 5.1395587372e-03 3.2566517986e-01
   endloop
 endfacet
 facet normal  7.2765400612e-02 9.9733740536e-01 4.8266286727e-03
   outer loop
     vertex 2.6136017648e+00 5.1395587372e-03 3.2566517986e-01
     vertex 2.5706690229e+00 8.6004367574e-03 2.5778240674e-01
     vertex 2.5776203764e+00 7.7648595748e-03 3.2564226921e-01
   endloop
 endfacet
 facet normal  6.8239508661e-02 9.9765492098e-01 5.2941566408e-03
   outer loop
     vertex 2.5706690229e+00 8.6004367574e-03 2.5778240674e-01
     vertex 2.5139970080e+00 1.2476977104e-02 2.5774857668e-01
     vertex 2.5776203764e+00 7.7648595748e-03 3.2564226921e-01
   endloop
 endfacet
 facet normal  6.8239508661e-02 9.9765492098e-01 5.2941566408e-03
   outer loop
     vertex 2.5776203764e+00 7.7648595748e-03 3.2564226921e-01
     vertex 2.5139970080e+00 1.2476977104e-02 2.5774857668e-01
     vertex 2.5303559159e+00 1.0997894224e-02 3.2561405494e-01
   endloop
 endfacet
 facet normal  6.2350511099e-02 9.9803167773e-01 6.7219049753e-03
   outer loop
     vertex 2.5139970080e+00 1.2476977104e-02 2.5774857668e-01
     vertex 2.4433235129e+00 1.6892455747e-02 2.5771004338e-01
     vertex 2.5303559159e+00 1.0997894224e-02 3.2561405494e-01
   endloop
 endfacet
 facet normal  6.2350511099e-02 9.9803167773e-01 6.7219049753e-03
   outer loop
     vertex 2.5303559159e+00 1.0997894224e-02 3.2561405494e-01
     vertex 2.4433235129e+00 1.6892455747e-02 2.5771004338e-01
     vertex 2.4714142210e+00 1.4680403412e-02 3.2558191817e-01
   endloop
 endfacet
 facet normal  5.4546179800e-02 9.9846151350e-01 9.9659587563e-03
   outer loop
     vertex 2.4433235129e+00 1.6892455747e-02 2.5771004338e-01
     vertex 2.3606851680e+00 2.1407400620e-02 2.5767064206e-01
     vertex 2.4714142210e+00 1.4680403412e-02 3.2558191817e-01
   endloop
 endfacet
 facet normal  5.4546179800e-02 9.9846151350e-01 9.9659587563e-03
   outer loop
     vertex 2.4714142210e+00 1.4680403412e-02 3.2558191817e-01
     vertex 2.3606851680e+00 2.1407400620e-02 2.5767064206e-01
     vertex 2.4024938414e+00 1.8445867436e-02 3.2554905746e-01
   endloop
 endfacet
 facet normal  4.3862323331e-02 9.9890023303e-01 1.6565658316e-02
   outer loop
     vertex 2.3606851680e+00 2.1407400620e-02 2.5767064206e-01
     vertex 2.2710266382e+00 2.5344931641e-02 2.5763627974e-01
     vertex 2.4024938414e+00 1.8445867436e-02 3.2554905746e-01
   endloop
 endfacet
 facet normal  4.3862323331e-02 9.9890023303e-01 1.6565658316e-02
   outer loop
     vertex 2.4024938414e+00 1.8445867436e-02 3.2554905746e-01
     vertex 2.2710266382e+00 2.5344931641e-02 2.5763627974e-01
     vertex 2.3277186276e+00 2.1729768308e-02 3.2552039930e-01
   endloop
 endfacet
 facet normal  2.9005977841e-02 9.9915886732e-01 2.8986395167e-02
   outer loop
     vertex 2.2710266382e+00 2.5344931641e-02 2.5763627974e-01
     vertex 2.2529032691e+00 2.3902237822e-02 3.2550144044e-01
     vertex 2.3277186276e+00 2.1729768308e-02 3.2552039930e-01
   endloop
 endfacet
 facet normal  2.9005977841e-02 9.9915886732e-01 2.8986395167e-02
   outer loop
     vertex 2.2710266382e+00 2.5344931641e-02 2.5763627974e-01
     vertex 2.1813199734e+00 2.7949811154e-02 2.5761354730e-01
     vertex 2.2529032691e+00 2.3902237822e-02 3.2550144044e-01
   endloop
 endfacet
 facet normal  8.8015355467e-03 9.9869722724e-01 5.0263120343e-02
   outer loop
     vertex 2.1813199734e+00 2.7949811154e-02 2.5761354730e-01
     vertex 2.1838840068e+00 2.4510773023e-02 3.2549612983e-01
     vertex 2.2529032691e+00 2.3902237822e-02 3.2550144044e-01
   endloop
 endfacet
 facet normal  8.8015355467e-03 9.9869722724e-01 5.0263120343e-02
   outer loop
     vertex 2.1813199734e+00 2.7949811154e-02 2.5761354730e-01
     vertex 2.0985630642e+00 2.8679469669e-02 2.5760717967e-01
     vertex 2.1838840068e+00 2.4510773023e-02 3.2549612983e-01
   endloop
 endfacet
 facet normal  -1.7472236647e-02 9.9638459039e-01 8.3141259172e-02
   outer loop
     vertex 2.0985630642e+00 2.8679469669e-02 2.5760717967e-01
     vertex 2.1248384187e+00 2.3474616607e-02 3.2550517223e-01
     vertex 2.1838840068e+00 2.4510773023e-02 3.2549612983e-01
   endloop
 endfacet
 facet normal  -1.7472236647e-02 9.9638459039e-01 8.3141259172e-02
   outer loop
     vertex 2.0985630642e+00 2.8679469669e-02 2.5760717967e-01
     vertex 2.0277649968e+00 2.7437075884e-02 2.5761802188e-01
     vertex 2.1248384187e+00 2.3474616607e-02 3.2550517223e-01
   endloop
 endfacet
 facet normal  -5.0585903880e-02 9.9020558042e-01 1.3013060686e-01
   outer loop
     vertex 2.0277649968e+00 2.7437075884e-02 2.5761802188e-01
     vertex 2.0775279785e+00 2.1054927904e-02 3.2552628854e-01
     vertex 2.1248384187e+00 2.3474616607e-02 3.2550517223e-01
   endloop
 endfacet
 facet normal  -5.0585903880e-02 9.9020558042e-01 1.3013060686e-01
   outer loop
     vertex 2.0277649968e+00 2.7437075884e-02 2.5761802188e-01
     vertex 1.9710378504e+00 2.4535770486e-02 2.5764334119e-01
     vertex 2.0775279785e+00 2.1054927904e-02 3.2552628854e-01
   endloop
 endfacet
 facet normal  -9.2493818037e-02 9.7639927464e-01 1.9516493055e-01
   outer loop
     vertex 1.9710378504e+00 2.4535770486e-02 2.5764334119e-01
     vertex 2.0416159627e+00 1.7647055987e-02 3.2555602859e-01
     vertex 2.0775279785e+00 2.1054927904e-02 3.2552628854e-01
   endloop
 endfacet
 facet normal  -9.2493818037e-02 9.7639927464e-01 1.9516493055e-01
   outer loop
     vertex 1.9710378504e+00 2.4535770486e-02 2.5764334119e-01
     vertex 1.9279778794e+00 2.0449593128e-02 2.5767900072e-01
     vertex 2.0416159627e+00 1.7647055987e-02 3.2555602859e-01
   endloop
 endfacet
 facet normal  -1.4897161790e-01 9.4583307536e-01 2.8845667027e-01
   outer loop
     vertex 1.9279778794e+00 2.0449593128e-02 2.5767900072e-01
     vertex 2.0155458030e+00 1.3529968092e-02 3.2559195787e-01
     vertex 2.0416159627e+00 1.7647055987e-02 3.2555602859e-01
   endloop
 endfacet
 facet normal  -1.4897161790e-01 9.4583307536e-01 2.8845667027e-01
   outer loop
     vertex 1.9279778794e+00 2.0449593128e-02 2.5767900072e-01
     vertex 1.8967186951e+00 1.5513036898e-02 2.5772208139e-01
     vertex 2.0155458030e+00 1.3529968092e-02 3.2559195787e-01
   endloop
 endfacet
 facet normal  -2.3706847512e-01 8.6595531367e-01 4.4036340996e-01
   outer loop
     vertex 1.8967186951e+00 1.5513036898e-02 2.5772208139e-01
     vertex 1.9974778721e+00 8.5615472396e-03 3.2563531662e-01
     vertex 2.0155458030e+00 1.3529968092e-02 3.2559195787e-01
   endloop
 endfacet
 facet normal  -2.3706847512e-01 8.6595531367e-01 4.4036340996e-01
   outer loop
     vertex 1.8967186951e+00 1.5513036898e-02 2.5772208139e-01
     vertex 1.8750545094e+00 9.5556977465e-03 2.5777407030e-01
     vertex 1.9974778721e+00 8.5615472396e-03 3.2563531662e-01
   endloop
 endfacet
 facet normal  -4.1574095894e-01 5.0351753520e-01 7.5738335525e-01
   outer loop
     vertex 1.8750545094e+00 9.5556977465e-03 2.5777407030e-01
     vertex 1.9879525080e+00 5.9209531909e-04 3.2570486497e-01
     vertex 1.9974778721e+00 8.5615472396e-03 3.2563531662e-01
   endloop
 endfacet
 facet normal  -4.1574095894e-01 5.0351753520e-01 7.5738335525e-01
   outer loop
     vertex 1.8750545094e+00 9.5556977465e-03 2.5777407030e-01
     vertex 1.8636332095e+00 0.0000000000e+00 2.5785746161e-01
     vertex 1.9879525080e+00 5.9209531909e-04 3.2570486497e-01
   endloop
 endfacet
 facet normal  -4.1574095894e-01 -4.9022268489e-01 7.6605559477e-01
   outer loop
     vertex 1.8636332095e+00 0.0000000000e+00 2.5785746161e-01
     vertex 1.8750545094e+00 -9.5556977465e-03 2.5794085292e-01
     vertex 1.9879525080e+00 5.9209531909e-04 3.2570486497e-01
   endloop
 endfacet
 facet normal  -4.1574095894e-01 -4.9022268489e-01 7.6605559477e-01
   outer loop
     vertex 1.9879525080e+00 5.9209531909e-04 3.2570486497e-01
     vertex 1.8750545094e+00 -9.5556977465e-03 2.5794085292e-01
     vertex 1.9974778721e+00 -7.3773566015e-03 3.2577441333e-01
   endloop
 endfacet
 facet normal  -2.3706847512e-01 -8.5813802327e-01 4.5540934458e-01
   outer loop
     vertex 1.8750545094e+00 -9.5556977465e-03 2.5794085292e-01
     vertex 1.8967186951e+00 -1.5513036898e-02 2.5799284183e-01
     vertex 1.9974778721e+00 -7.3773566015e-03 3.2577441333e-01
   endloop
 endfacet
 facet normal  -2.3706847512e-01 -8.5813802327e-01 4.5540934458e-01
   outer loop
     vertex 1.9974778721e+00 -7.3773566015e-03 3.2577441333e-01
     vertex 1.8967186951e+00 -1.5513036898e-02 2.5799284183e-01
     vertex 2.0155458030e+00 -1.2345777454e-02 3.2581777208e-01
   endloop
 endfacet
 facet normal  -1.4897161790e-01 -9.4065475735e-01 3.0491980017e-01
   outer loop
     vertex 1.8967186951e+00 -1.5513036898e-02 2.5799284183e-01
     vertex 1.9279778794e+00 -2.0449593128e-02 2.5803592251e-01
     vertex 2.0155458030e+00 -1.2345777454e-02 3.2581777208e-01
   endloop
 endfacet
 facet normal  -1.4897161790e-01 -9.4065475735e-01 3.0491980017e-01
   outer loop
     vertex 2.0155458030e+00 -1.2345777454e-02 3.2581777208e-01
     vertex 1.9279778794e+00 -2.0449593128e-02 2.5803592251e-01
     vertex 2.0416159627e+00 -1.6462865349e-02 3.2585370136e-01
   endloop
 endfacet
 facet normal  -9.2493818037e-02 -9.7284446661e-01 2.1217572297e-01
   outer loop
     vertex 1.9279778794e+00 -2.0449593128e-02 2.5803592251e-01
     vertex 1.9710378504e+00 -2.4535770486e-02 2.5807158204e-01
     vertex 2.0416159627e+00 -1.6462865349e-02 3.2585370136e-01
   endloop
 endfacet
 facet normal  -9.2493818037e-02 -9.7284446661e-01 2.1217572297e-01
   outer loop
     vertex 2.0416159627e+00 -1.6462865349e-02 3.2585370136e-01
     vertex 1.9710378504e+00 -2.4535770486e-02 2.5807158204e-01
     vertex 2.0775279785e+00 -1.9870737266e-02 3.2588344141e-01
   endloop
 endfacet
 facet normal  -5.0585903880e-02 -9.8778367507e-01 1.4739225758e-01
   outer loop
     vertex 1.9710378504e+00 -2.4535770486e-02 2.5807158204e-01
     vertex 2.0277649968e+00 -2.7437075884e-02 2.5809690134e-01
     vertex 2.0775279785e+00 -1.9870737266e-02 3.2588344141e-01
   endloop
 endfacet
 facet normal  -5.0585903880e-02 -9.8778367507e-01 1.4739225758e-01
   outer loop
     vertex 2.0775279785e+00 -1.9870737266e-02 3.2588344141e-01
     vertex 2.0277649968e+00 -2.7437075884e-02 2.5809690134e-01
     vertex 2.1248384187e+00 -2.2290425968e-02 3.2590455771e-01
   endloop
 endfacet
 facet normal  -1.7472236647e-02 -9.9478182115e-01 1.0051790520e-01
   outer loop
     vertex 2.0277649968e+00 -2.7437075884e-02 2.5809690134e-01
     vertex 2.0985630642e+00 -2.8679469669e-02 2.5810774355e-01
     vertex 2.1248384187e+00 -2.2290425968e-02 3.2590455771e-01
   endloop
 endfacet
 facet normal  -1.7472236647e-02 -9.9478182115e-01 1.0051790520e-01
   outer loop
     vertex 2.1248384187e+00 -2.2290425968e-02 3.2590455771e-01
     vertex 2.0985630642e+00 -2.8679469669e-02 2.5810774355e-01
     vertex 2.1838840068e+00 -2.3326582384e-02 3.2591360011e-01
   endloop
 endfacet
 facet normal  8.8015355467e-03 -9.9766790841e-01 6.7685134944e-02
   outer loop
     vertex 2.0985630642e+00 -2.8679469669e-02 2.5810774355e-01
     vertex 2.1813199734e+00 -2.7949811154e-02 2.5810137592e-01
     vertex 2.1838840068e+00 -2.3326582384e-02 3.2591360011e-01
   endloop
 endfacet
 facet normal  8.8015355467e-03 -9.9766790841e-01 6.7685134944e-02
   outer loop
     vertex 2.1838840068e+00 -2.3326582384e-02 3.2591360011e-01
     vertex 2.1813199734e+00 -2.7949811154e-02 2.5810137592e-01
     vertex 2.2529032691e+00 -2.2718047183e-02 3.2590828950e-01
   endloop
 endfacet
 facet normal  2.9005977841e-02 -9.9850080824e-01 4.6419707046e-02
   outer loop
     vertex 2.1813199734e+00 -2.7949811154e-02 2.5810137592e-01
     vertex 2.2710266382e+00 -2.5344931641e-02 2.5807864348e-01
     vertex 2.2529032691e+00 -2.2718047183e-02 3.2590828950e-01
   endloop
 endfacet
 facet normal  2.9005977841e-02 -9.9850080824e-01 4.6419707046e-02
   outer loop
     vertex 2.2529032691e+00 -2.2718047183e-02 3.2590828950e-01
     vertex 2.2710266382e+00 -2.5344931641e-02 2.5807864348e-01
     vertex 2.3277186276e+00 -2.0545577670e-02 3.2588933065e-01
   endloop
 endfacet
 facet normal  4.3862323331e-02 -9.9845898509e-01 3.3996348143e-02
   outer loop
     vertex 2.2710266382e+00 -2.5344931641e-02 2.5807864348e-01
     vertex 2.4024938414e+00 -1.7261676798e-02 3.2586067248e-01
     vertex 2.3277186276e+00 -2.0545577670e-02 3.2588933065e-01
   endloop
 endfacet
 facet normal  4.3862323331e-02 -9.9845898509e-01 3.3996348143e-02
   outer loop
     vertex 2.2710266382e+00 -2.5344931641e-02 2.5807864348e-01
     vertex 2.3606851680e+00 -2.1407400620e-02 2.5804428117e-01
     vertex 2.4024938414e+00 -1.7261676798e-02 3.2586067248e-01
   endloop
 endfacet
 facet normal  5.4546179800e-02 -9.9813551301e-01 2.7389997038e-02
   outer loop
     vertex 2.3606851680e+00 -2.1407400620e-02 2.5804428117e-01
     vertex 2.4714142210e+00 -1.3496212774e-02 3.2582781177e-01
     vertex 2.4024938414e+00 -1.7261676798e-02 3.2586067248e-01
   endloop
 endfacet
 facet normal  5.4546179800e-02 -9.9813551301e-01 2.7389997038e-02
   outer loop
     vertex 2.3606851680e+00 -2.1407400620e-02 2.5804428117e-01
     vertex 2.4433235129e+00 -1.6892455747e-02 2.5800487984e-01
     vertex 2.4714142210e+00 -1.3496212774e-02 3.2582781177e-01
   endloop
 endfacet
 facet normal  6.2350511099e-02 -9.9776235926e-01 2.4138935674e-02
   outer loop
     vertex 2.4433235129e+00 -1.6892455747e-02 2.5800487984e-01
     vertex 2.5303559159e+00 -9.8137035854e-03 3.2579567500e-01
     vertex 2.4714142210e+00 -1.3496212774e-02 3.2582781177e-01
   endloop
 endfacet
 facet normal  6.2350511099e-02 -9.9776235926e-01 2.4138935674e-02
   outer loop
     vertex 2.4433235129e+00 -1.6892455747e-02 2.5800487984e-01
     vertex 2.5139970080e+00 -1.2476977104e-02 2.5796634654e-01
     vertex 2.5303559159e+00 -9.8137035854e-03 3.2579567500e-01
   endloop
 endfacet
 facet normal  6.8239508661e-02 -9.9741057753e-01 2.2704829480e-02
   outer loop
     vertex 2.5139970080e+00 -1.2476977104e-02 2.5796634654e-01
     vertex 2.5776203764e+00 -6.5806689366e-03 3.2576746074e-01
     vertex 2.5303559159e+00 -9.8137035854e-03 3.2579567500e-01
   endloop
 endfacet
 facet normal  6.8239508661e-02 -9.9741057753e-01 2.2704829480e-02
   outer loop
     vertex 2.5139970080e+00 -1.2476977104e-02 2.5796634654e-01
     vertex 2.5706690229e+00 -8.6004367574e-03 2.5793251649e-01
     vertex 2.5776203764e+00 -6.5806689366e-03 3.2576746074e-01
   endloop
 endfacet
 facet normal  7.2765400612e-02 -9.9710126976e-01 2.2231831307e-02
   outer loop
     vertex 2.5706690229e+00 -8.6004367574e-03 2.5793251649e-01
     vertex 2.6136017648e+00 -3.9553680991e-03 3.2574455008e-01
     vertex 2.5776203764e+00 -6.5806689366e-03 3.2576746074e-01
   endloop
 endfacet
 facet normal  7.2765400612e-02 -9.9710126976e-01 2.2231831307e-02
   outer loop
     vertex 2.5706690229e+00 -8.6004367574e-03 2.5793251649e-01
     vertex 2.6138121745e+00 -5.4525940265e-03 2.5790504568e-01
     vertex 2.6136017648e+00 -3.9553680991e-03 3.2574455008e-01
   endloop
 endfacet
 facet normal  7.6251683596e-02 -9.9684060983e-01 2.2236891499e-02
   outer loop
     vertex 2.6138121745e+00 -5.4525940265e-03 2.5790504568e-01
     vertex 2.6399245899e+00 -1.9422387742e-03 3.2572698177e-01
     vertex 2.6136017648e+00 -3.9553680991e-03 3.2574455008e-01
   endloop
 endfacet
 facet normal  7.6251683596e-02 -9.9684060983e-01 2.2236891499e-02
   outer loop
     vertex 2.6138121745e+00 -5.4525940265e-03 2.5790504568e-01
     vertex 2.6453743149e+00 -3.0387698960e-03 2.5788398055e-01
     vertex 2.6399245899e+00 -1.9422387742e-03 3.2572698177e-01
   endloop
 endfacet
 facet normal  7.8874859317e-02 -9.9663183422e-01 2.2444232817e-02
   outer loop
     vertex 2.6453743149e+00 -3.0387698960e-03 2.5788398055e-01
     vertex 2.6586260013e+00 -4.6247332305e-04 3.2571406805e-01
     vertex 2.6399245899e+00 -1.9422387742e-03 3.2572698177e-01
   endloop
 endfacet
 facet normal  7.8874859317e-02 -9.9663183422e-01 2.2444232817e-02
   outer loop
     vertex 2.6453743149e+00 -3.0387698960e-03 2.5788398055e-01
     vertex 2.6677980695e+00 -1.2644707939e-03 2.5786849648e-01
     vertex 2.6586260013e+00 -4.6247332305e-04 3.2571406805e-01
   endloop
 endfacet
 facet normal  8.0775088893e-02 -9.9647384747e-01 2.2699258016e-02
   outer loop
     vertex 2.6677980695e+00 -1.2644707939e-03 2.5786849648e-01
     vertex 2.6716381686e+00 5.9209531909e-04 3.2570486497e-01
     vertex 2.6586260013e+00 -4.6247332305e-04 3.2571406805e-01
   endloop
 endfacet
 facet normal  8.0775088893e-02 -9.9647384747e-01 2.2699258016e-02
   outer loop
     vertex 2.6677980695e+00 -1.2644707939e-03 2.5786849648e-01
     vertex 2.6834001887e+00 0.0000000000e+00 2.5785746161e-01
     vertex 2.6716381686e+00 5.9209531909e-04 3.2570486497e-01
   endloop
 endfacet
 facet normal  8.0775088893e-02 9.9671823636e-01 5.3049342189e-03
   outer loop
     vertex 2.6716381686e+00 5.9209531909e-04 3.2570486497e-01
     vertex 2.6586260013e+00 1.6466639612e-03 3.2569566189e-01
     vertex 2.6598761486e+00 1.1841906382e-03 3.9355226833e-01
   endloop
 endfacet
 facet normal  8.0775088893e-02 9.9671823636e-01 5.3049342189e-03
   outer loop
     vertex 2.6598761486e+00 1.1841906382e-03 3.9355226833e-01
     vertex 2.6586260013e+00 1.6466639612e-03 3.2569566189e-01
     vertex 2.6494539330e+00 2.0288571285e-03 3.9354489704e-01
   endloop
 endfacet
 facet normal  7.8874859317e-02 9.9687174824e-01 5.0471906123e-03
   outer loop
     vertex 2.6586260013e+00 1.6466639612e-03 3.2569566189e-01
     vertex 2.6399245899e+00 3.1264294124e-03 3.2568274817e-01
     vertex 2.6494539330e+00 2.0288571285e-03 3.9354489704e-01
   endloop
 endfacet
 facet normal  7.8874859317e-02 9.9687174824e-01 5.0471906123e-03
   outer loop
     vertex 2.6494539330e+00 2.0288571285e-03 3.9354489704e-01
     vertex 2.6399245899e+00 3.1264294124e-03 3.2568274817e-01
     vertex 2.6344748649e+00 3.2140889287e-03 3.9353455368e-01
   endloop
 endfacet
 facet normal  7.6251683596e-02 9.9707687344e-01 4.8362372364e-03
   outer loop
     vertex 2.6399245899e+00 3.1264294124e-03 3.2568274817e-01
     vertex 2.6136017648e+00 5.1395587372e-03 3.2566517986e-01
     vertex 2.6344748649e+00 3.2140889287e-03 3.9353455368e-01
   endloop
 endfacet
 facet normal  7.6251683596e-02 9.9707687344e-01 4.8362372364e-03
   outer loop
     vertex 2.6344748649e+00 3.2140889287e-03 3.9353455368e-01
     vertex 2.6136017648e+00 5.1395587372e-03 3.2566517986e-01
     vertex 2.6133913551e+00 4.8265234479e-03 3.9352048218e-01
   endloop
 endfacet
 facet normal  7.2765400612e-02 9.9733740536e-01 4.8266286727e-03
   outer loop
     vertex 2.6136017648e+00 5.1395587372e-03 3.2566517986e-01
     vertex 2.5776203764e+00 7.7648595748e-03 3.2564226921e-01
     vertex 2.6133913551e+00 4.8265234479e-03 3.9352048218e-01
   endloop
 endfacet
 facet normal  7.2765400612e-02 9.9733740536e-01 4.8266286727e-03
   outer loop
     vertex 2.6133913551e+00 4.8265234479e-03 3.9352048218e-01
     vertex 2.5776203764e+00 7.7648595748e-03 3.2564226921e-01
     vertex 2.5845717299e+00 6.9292823921e-03 3.9350213168e-01
   endloop
 endfacet
 facet normal  6.8239508661e-02 9.9765492098e-01 5.2941566408e-03
   outer loop
     vertex 2.5776203764e+00 7.7648595748e-03 3.2564226921e-01
     vertex 2.5303559159e+00 1.0997894224e-02 3.2561405494e-01
     vertex 2.5845717299e+00 6.9292823921e-03 3.9350213168e-01
   endloop
 endfacet
 facet normal  6.8239508661e-02 9.9765492098e-01 5.2941566408e-03
   outer loop
     vertex 2.5845717299e+00 6.9292823921e-03 3.9350213168e-01
     vertex 2.5303559159e+00 1.0997894224e-02 3.2561405494e-01
     vertex 2.5467148239e+00 9.5188113434e-03 3.9347953320e-01
   endloop
 endfacet
 facet normal  6.2350511099e-02 9.9803167773e-01 6.7219049753e-03
   outer loop
     vertex 2.5303559159e+00 1.0997894224e-02 3.2561405494e-01
     vertex 2.4714142210e+00 1.4680403412e-02 3.2558191817e-01
     vertex 2.5467148239e+00 9.5188113434e-03 3.9347953320e-01
   endloop
 endfacet
 facet normal  6.2350511099e-02 9.9803167773e-01 6.7219049753e-03
   outer loop
     vertex 2.5467148239e+00 9.5188113434e-03 3.9347953320e-01
     vertex 2.4714142210e+00 1.4680403412e-02 3.2558191817e-01
     vertex 2.4995049292e+00 1.2468351077e-02 3.9345379296e-01
   endloop
 endfacet
 facet normal  5.4546179800e-02 9.9846151350e-01 9.9659587563e-03
   outer loop
     vertex 2.4714142210e+00 1.4680403412e-02 3.2558191817e-01
     vertex 2.4024938414e+00 1.8445867436e-02 3.2554905746e-01
     vertex 2.4995049292e+00 1.2468351077e-02 3.9345379296e-01
   endloop
 endfacet
 facet normal  5.4546179800e-02 9.9846151350e-01 9.9659587563e-03
   outer loop
     vertex 2.4995049292e+00 1.2468351077e-02 3.9345379296e-01
     vertex 2.4024938414e+00 1.8445867436e-02 3.2554905746e-01
     vertex 2.4443025148e+00 1.5484334252e-02 3.9342747287e-01
   endloop
 endfacet
 facet normal  4.3862323331e-02 9.9890023303e-01 1.6565658316e-02
   outer loop
     vertex 2.4024938414e+00 1.8445867436e-02 3.2554905746e-01
     vertex 2.3277186276e+00 2.1729768308e-02 3.2552039930e-01
     vertex 2.4443025148e+00 1.5484334252e-02 3.9342747287e-01
   endloop
 endfacet
 facet normal  4.3862323331e-02 9.9890023303e-01 1.6565658316e-02
   outer loop
     vertex 2.4443025148e+00 1.5484334252e-02 3.9342747287e-01
     vertex 2.3277186276e+00 2.1729768308e-02 3.2552039930e-01
     vertex 2.3844106169e+00 1.8114604975e-02 3.9340451885e-01
   endloop
 endfacet
 facet normal  2.9005977841e-02 9.9915886732e-01 2.8986395167e-02
   outer loop
     vertex 2.3277186276e+00 2.1729768308e-02 3.2552039930e-01
     vertex 2.3244865648e+00 1.9854664489e-02 3.9338933358e-01
     vertex 2.3844106169e+00 1.8114604975e-02 3.9340451885e-01
   endloop
 endfacet
 facet normal  2.9005977841e-02 9.9915886732e-01 2.8986395167e-02
   outer loop
     vertex 2.3277186276e+00 2.1729768308e-02 3.2552039930e-01
     vertex 2.2529032691e+00 2.3902237822e-02 3.2550144044e-01
     vertex 2.3244865648e+00 1.9854664489e-02 3.9338933358e-01
   endloop
 endfacet
 facet normal  8.8015355467e-03 9.9869722724e-01 5.0263120343e-02
   outer loop
     vertex 2.2529032691e+00 2.3902237822e-02 3.2550144044e-01
     vertex 2.2692049495e+00 2.0342076377e-02 3.9338508000e-01
     vertex 2.3244865648e+00 1.9854664489e-02 3.9338933358e-01
   endloop
 endfacet
 facet normal  8.8015355467e-03 9.9869722724e-01 5.0263120343e-02
   outer loop
     vertex 2.2529032691e+00 2.3902237822e-02 3.2550144044e-01
     vertex 2.1838840068e+00 2.4510773023e-02 3.2549612983e-01
     vertex 2.2692049495e+00 2.0342076377e-02 3.9338508000e-01
   endloop
 endfacet
 facet normal  -1.7472236647e-02 9.9638459039e-01 8.3141259172e-02
   outer loop
     vertex 2.1838840068e+00 2.4510773023e-02 3.2549612983e-01
     vertex 2.2219118405e+00 1.9512157329e-02 3.9339232259e-01
     vertex 2.2692049495e+00 2.0342076377e-02 3.9338508000e-01
   endloop
 endfacet
 facet normal  -1.7472236647e-02 9.9638459039e-01 8.3141259172e-02
   outer loop
     vertex 2.1838840068e+00 2.4510773023e-02 3.2549612983e-01
     vertex 2.1248384187e+00 2.3474616607e-02 3.2550517223e-01
     vertex 2.2219118405e+00 1.9512157329e-02 3.9339232259e-01
   endloop
 endfacet
 facet normal  -5.0585903880e-02 9.9020558042e-01 1.3013060686e-01
   outer loop
     vertex 2.1248384187e+00 2.3474616607e-02 3.2550517223e-01
     vertex 2.1840181066e+00 1.7574085323e-02 3.9340923589e-01
     vertex 2.2219118405e+00 1.9512157329e-02 3.9339232259e-01
   endloop
 endfacet
 facet normal  -5.0585903880e-02 9.9020558042e-01 1.3013060686e-01
   outer loop
     vertex 2.1248384187e+00 2.3474616607e-02 3.2550517223e-01
     vertex 2.0775279785e+00 2.1054927904e-02 3.2552628854e-01
     vertex 2.1840181066e+00 1.7574085323e-02 3.9340923589e-01
   endloop
 endfacet
 facet normal  -9.2493818037e-02 9.7639927464e-01 1.9516493055e-01
   outer loop
     vertex 2.0775279785e+00 2.1054927904e-02 3.2552628854e-01
     vertex 2.1552540460e+00 1.4844518847e-02 3.9343305646e-01
     vertex 2.1840181066e+00 1.7574085323e-02 3.9340923589e-01
   endloop
 endfacet
 facet normal  -9.2493818037e-02 9.7639927464e-01 1.9516493055e-01
   outer loop
     vertex 2.0775279785e+00 2.1054927904e-02 3.2552628854e-01
     vertex 2.0416159627e+00 1.7647055987e-02 3.2555602859e-01
     vertex 2.1552540460e+00 1.4844518847e-02 3.9343305646e-01
   endloop
 endfacet
 facet normal  -1.4897161790e-01 9.4583307536e-01 2.8845667027e-01
   outer loop
     vertex 2.0416159627e+00 1.7647055987e-02 3.2555602859e-01
     vertex 2.1343729109e+00 1.1546899286e-02 3.9346183435e-01
     vertex 2.1552540460e+00 1.4844518847e-02 3.9343305646e-01
   endloop
 endfacet
 facet normal  -1.4897161790e-01 9.4583307536e-01 2.8845667027e-01
   outer loop
     vertex 2.0416159627e+00 1.7647055987e-02 3.2555602859e-01
     vertex 2.0155458030e+00 1.3529968092e-02 3.2559195787e-01
     vertex 2.1343729109e+00 1.1546899286e-02 3.9346183435e-01
   endloop
 endfacet
 facet normal  -2.3706847512e-01 8.6595531367e-01 4.4036340996e-01
   outer loop
     vertex 2.0155458030e+00 1.3529968092e-02 3.2559195787e-01
     vertex 2.1199012349e+00 7.5673967328e-03 3.9349656294e-01
     vertex 2.1343729109e+00 1.1546899286e-02 3.9346183435e-01
   endloop
 endfacet
 facet normal  -2.3706847512e-01 8.6595531367e-01 4.4036340996e-01
   outer loop
     vertex 2.0155458030e+00 1.3529968092e-02 3.2559195787e-01
     vertex 1.9974778721e+00 8.5615472396e-03 3.2563531662e-01
     vertex 2.1199012349e+00 7.5673967328e-03 3.9349656294e-01
   endloop
 endfacet
 facet normal  -4.1574095894e-01 5.0351753520e-01 7.5738335525e-01
   outer loop
     vertex 1.9974778721e+00 8.5615472396e-03 3.2563531662e-01
     vertex 2.1122718065e+00 1.1841906382e-03 3.9355226833e-01
     vertex 2.1199012349e+00 7.5673967328e-03 3.9349656294e-01
   endloop
 endfacet
 facet normal  -4.1574095894e-01 5.0351753520e-01 7.5738335525e-01
   outer loop
     vertex 1.9974778721e+00 8.5615472396e-03 3.2563531662e-01
     vertex 1.9879525080e+00 5.9209531909e-04 3.2570486497e-01
     vertex 2.1122718065e+00 1.1841906382e-03 3.9355226833e-01
   endloop
 endfacet
 facet normal  -4.1574095894e-01 -4.9022268489e-01 7.6605559477e-01
   outer loop
     vertex 1.9879525080e+00 5.9209531909e-04 3.2570486497e-01
     vertex 1.9974778721e+00 -7.3773566015e-03 3.2577441333e-01
     vertex 2.1122718065e+00 1.1841906382e-03 3.9355226833e-01
   endloop
 endfacet
 facet normal  -4.1574095894e-01 -4.9022268489e-01 7.6605559477e-01
   outer loop
     vertex 2.1122718065e+00 1.1841906382e-03 3.9355226833e-01
     vertex 1.9974778721e+00 -7.3773566015e-03 3.2577441333e-01
     vertex 2.1199012349e+00 -5.1990154565e-03 3.9360797373e-01
   endloop
 endfacet
 facet normal  -2.3706847512e-01 -8.5813802327e-01 4.5540934458e-01
   outer loop
     vertex 1.9974778721e+00 -7.3773566015e-03 3.2577441333e-01
     vertex 2.0155458030e+00 -1.2345777454e-02 3.2581777208e-01
     vertex 2.1199012349e+00 -5.1990154565e-03 3.9360797373e-01
   endloop
 endfacet
 facet normal  -2.3706847512e-01 -8.5813802327e-01 4.5540934458e-01
   outer loop
     vertex 2.1199012349e+00 -5.1990154565e-03 3.9360797373e-01
     vertex 2.0155458030e+00 -1.2345777454e-02 3.2581777208e-01
     vertex 2.1343729109e+00 -9.1785180097e-03 3.9364270232e-01
   endloop
 endfacet
 facet normal  -1.4897161790e-01 -9.4065475735e-01 3.0491980017e-01
   outer loop
     vertex 2.0155458030e+00 -1.2345777454e-02 3.2581777208e-01
     vertex 2.0416159627e+00 -1.6462865349e-02 3.2585370136e-01
     vertex 2.1343729109e+00 -9.1785180097e-03 3.9364270232e-01
   endloop
 endfacet
 facet normal  -1.4897161790e-01 -9.4065475735e-01 3.0491980017e-01
   outer loop
     vertex 2.1343729109e+00 -9.1785180097e-03 3.9364270232e-01
     vertex 2.0416159627e+00 -1.6462865349e-02 3.2585370136e-01
     vertex 2.1552540460e+00 -1.2476137571e-02 3.9367148021e-01
   endloop
 endfacet
 facet normal  -9.2493818037e-02 -9.7284446661e-01 2.1217572297e-01
   outer loop
     vertex 2.0416159627e+00 -1.6462865349e-02 3.2585370136e-01
     vertex 2.0775279785e+00 -1.9870737266e-02 3.2588344141e-01
     vertex 2.1552540460e+00 -1.2476137571e-02 3.9367148021e-01
   endloop
 endfacet
 facet normal  -9.2493818037e-02 -9.7284446661e-01 2.1217572297e-01
   outer loop
     vertex 2.1552540460e+00 -1.2476137571e-02 3.9367148021e-01
     vertex 2.0775279785e+00 -1.9870737266e-02 3.2588344141e-01
     vertex 2.1840181066e+00 -1.5205704046e-02 3.9369530078e-01
   endloop
 endfacet
 facet normal  -5.0585903880e-02 -9.8778367507e-01 1.4739225758e-01
   outer loop
     vertex 2.0775279785e+00 -1.9870737266e-02 3.2588344141e-01
     vertex 2.1248384187e+00 -2.2290425968e-02 3.2590455771e-01
     vertex 2.1840181066e+00 -1.5205704046e-02 3.9369530078e-01
   endloop
 endfacet
 facet normal  -5.0585903880e-02 -9.8778367507e-01 1.4739225758e-01
   outer loop
     vertex 2.1840181066e+00 -1.5205704046e-02 3.9369530078e-01
     vertex 2.1248384187e+00 -2.2290425968e-02 3.2590455771e-01
     vertex 2.2219118405e+00 -1.7143776052e-02 3.9371221408e-01
   endloop
 endfacet
 facet normal  -1.7472236647e-02 -9.9478182115e-01 1.0051790520e-01
   outer loop
     vertex 2.1248384187e+00 -2.2290425968e-02 3.2590455771e-01
     vertex 2.1838840068e+00 -2.3326582384e-02 3.2591360011e-01
     vertex 2.2219118405e+00 -1.7143776052e-02 3.9371221408e-01
   endloop
 endfacet
 facet normal  -1.7472236647e-02 -9.9478182115e-01 1.0051790520e-01
   outer loop
     vertex 2.2219118405e+00 -1.7143776052e-02 3.9371221408e-01
     vertex 2.1838840068e+00 -2.3326582384e-02 3.2591360011e-01
     vertex 2.2692049495e+00 -1.7973695100e-02 3.9371945667e-01
   endloop
 endfacet
 facet normal  8.8015355467e-03 -9.9766790841e-01 6.7685134944e-02
   outer loop
     vertex 2.1838840068e+00 -2.3326582384e-02 3.2591360011e-01
     vertex 2.2529032691e+00 -2.2718047183e-02 3.2590828950e-01
     vertex 2.2692049495e+00 -1.7973695100e-02 3.9371945667e-01
   endloop
 endfacet
 facet normal  8.8015355467e-03 -9.9766790841e-01 6.7685134944e-02
   outer loop
     vertex 2.2692049495e+00 -1.7973695100e-02 3.9371945667e-01
     vertex 2.2529032691e+00 -2.2718047183e-02 3.2590828950e-01
     vertex 2.3244865648e+00 -1.7486283213e-02 3.9371520309e-01
   endloop
 endfacet
 facet normal  2.9005977841e-02 -9.9850080824e-01 4.6419707046e-02
   outer loop
     vertex 2.2529032691e+00 -2.2718047183e-02 3.2590828950e-01
     vertex 2.3277186276e+00 -2.0545577670e-02 3.2588933065e-01
     vertex 2.3244865648e+00 -1.7486283213e-02 3.9371520309e-01
   endloop
 endfacet
 facet normal  2.9005977841e-02 -9.9850080824e-01 4.6419707046e-02
   outer loop
     vertex 2.3244865648e+00 -1.7486283213e-02 3.9371520309e-01
     vertex 2.3277186276e+00 -2.0545577670e-02 3.2588933065e-01
     vertex 2.3844106169e+00 -1.5746223698e-02 3.9370001782e-01
   endloop
 endfacet
 facet normal  4.3862323331e-02 -9.9845898509e-01 3.3996348143e-02
   outer loop
     vertex 2.3277186276e+00 -2.0545577670e-02 3.2588933065e-01
     vertex 2.4443025148e+00 -1.3115952976e-02 3.9367706380e-01
     vertex 2.3844106169e+00 -1.5746223698e-02 3.9370001782e-01
   endloop
 endfacet
 facet normal  4.3862323331e-02 -9.9845898509e-01 3.3996348143e-02
   outer loop
     vertex 2.3277186276e+00 -2.0545577670e-02 3.2588933065e-01
     vertex 2.4024938414e+00 -1.7261676798e-02 3.2586067248e-01
     vertex 2.4443025148e+00 -1.3115952976e-02 3.9367706380e-01
   endloop
 endfacet
 facet normal  5.4546179800e-02 -9.9813551301e-01 2.7389997038e-02
   outer loop
     vertex 2.4024938414e+00 -1.7261676798e-02 3.2586067248e-01
     vertex 2.4995049292e+00 -1.0099969801e-02 3.9365074371e-01
     vertex 2.4443025148e+00 -1.3115952976e-02 3.9367706380e-01
   endloop
 endfacet
 facet normal  5.4546179800e-02 -9.9813551301e-01 2.7389997038e-02
   outer loop
     vertex 2.4024938414e+00 -1.7261676798e-02 3.2586067248e-01
     vertex 2.4714142210e+00 -1.3496212774e-02 3.2582781177e-01
     vertex 2.4995049292e+00 -1.0099969801e-02 3.9365074371e-01
   endloop
 endfacet
 facet normal  6.2350511099e-02 -9.9776235926e-01 2.4138935674e-02
   outer loop
     vertex 2.4714142210e+00 -1.3496212774e-02 3.2582781177e-01
     vertex 2.5467148239e+00 -7.1504300671e-03 3.9362500347e-01
     vertex 2.4995049292e+00 -1.0099969801e-02 3.9365074371e-01
   endloop
 endfacet
 facet normal  6.2350511099e-02 -9.9776235926e-01 2.4138935674e-02
   outer loop
     vertex 2.4714142210e+00 -1.3496212774e-02 3.2582781177e-01
     vertex 2.5303559159e+00 -9.8137035854e-03 3.2579567500e-01
     vertex 2.5467148239e+00 -7.1504300671e-03 3.9362500347e-01
   endloop
 endfacet
 facet normal  6.8239508661e-02 -9.9741057753e-01 2.2704829480e-02
   outer loop
     vertex 2.5303559159e+00 -9.8137035854e-03 3.2579567500e-01
     vertex 2.5845717299e+00 -4.5609011158e-03 3.9360240499e-01
     vertex 2.5467148239e+00 -7.1504300671e-03 3.9362500347e-01
   endloop
 endfacet
 facet normal  6.8239508661e-02 -9.9741057753e-01 2.2704829480e-02
   outer loop
     vertex 2.5303559159e+00 -9.8137035854e-03 3.2579567500e-01
     vertex 2.5776203764e+00 -6.5806689366e-03 3.2576746074e-01
     vertex 2.5845717299e+00 -4.5609011158e-03 3.9360240499e-01
   endloop
 endfacet
 facet normal  7.2765400612e-02 -9.9710126976e-01 2.2231831307e-02
   outer loop
     vertex 2.5776203764e+00 -6.5806689366e-03 3.2576746074e-01
     vertex 2.6133913551e+00 -2.4581421716e-03 3.9358405449e-01
     vertex 2.5845717299e+00 -4.5609011158e-03 3.9360240499e-01
   endloop
 endfacet
 facet normal  7.2765400612e-02 -9.9710126976e-01 2.2231831307e-02
   outer loop
     vertex 2.5776203764e+00 -6.5806689366e-03 3.2576746074e-01
     vertex 2.6136017648e+00 -3.9553680991e-03 3.2574455008e-01
     vertex 2.6133913551e+00 -2.4581421716e-03 3.9358405449e-01
   endloop
 endfacet
 facet normal  7.6251683596e-02 -9.9684060983e-01 2.2236891499e-02
   outer loop
     vertex 2.6136017648e+00 -3.9553680991e-03 3.2574455008e-01
     vertex 2.6344748649e+00 -8.4570765237e-04 3.9356998299e-01
     vertex 2.6133913551e+00 -2.4581421716e-03 3.9358405449e-01
   endloop
 endfacet
 facet normal  7.6251683596e-02 -9.9684060983e-01 2.2236891499e-02
   outer loop
     vertex 2.6136017648e+00 -3.9553680991e-03 3.2574455008e-01
     vertex 2.6399245899e+00 -1.9422387742e-03 3.2572698177e-01
     vertex 2.6344748649e+00 -8.4570765237e-04 3.9356998299e-01
   endloop
 endfacet
 facet normal  7.8874859317e-02 -9.9663183422e-01 2.2444232817e-02
   outer loop
     vertex 2.6399245899e+00 -1.9422387742e-03 3.2572698177e-01
     vertex 2.6494539330e+00 3.3952414783e-04 3.9355963963e-01
     vertex 2.6344748649e+00 -8.4570765237e-04 3.9356998299e-01
   endloop
 endfacet
 facet normal  7.8874859317e-02 -9.9663183422e-01 2.2444232817e-02
   outer loop
     vertex 2.6399245899e+00 -1.9422387742e-03 3.2572698177e-01
     vertex 2.6586260013e+00 -4.6247332305e-04 3.2571406805e-01
     vertex 2.6494539330e+00 3.3952414783e-04 3.9355963963e-01
   endloop
 endfacet
 facet normal  8.0775088893e-02 -9.9647384747e-01 2.2699258016e-02
   outer loop
     vertex 2.6586260013e+00 -4.6247332305e-04 3.2571406805e-01
     vertex 2.6598761486e+00 1.1841906382e-03 3.9355226833e-01
     vertex 2.6494539330e+00 3.3952414783e-04 3.9355963963e-01
   endloop
 endfacet
 facet normal  8.0775088893e-02 -9.9647384747e-01 2.2699258016e-02
   outer loop
     vertex 2.6586260013e+00 -4.6247332305e-04 3.2571406805e-01
     vertex 2.6716381686e+00 5.9209531909e-04 3.2570486497e-01
     vertex 2.6598761486e+00 1.1841906382e-03 3.9355226833e-01
   endloop
 endfacet
 facet normal  8.0775088893e-02 9.9671823636e-01 5.3049342189e-03
   outer loop
     vertex 2.6598761486e+00 1.1841906382e-03 3.9355226833e-01
     vertex 2.6494539330e+00 2.0288571285e-03 3.9354489704e-01
     vertex 2.6481141286e+00 1.7762859573e-03 4.6139967170e-01
   endloop
 endfacet
 facet normal  8.0775088893e-02 9.9671823636e-01 5.3049342189e-03
   outer loop
     vertex 2.6481141286e+00 1.7762859573e-03 4.6139967170e-01
     vertex 2.6494539330e+00 2.0288571285e-03 3.9354489704e-01
     vertex 2.6402818648e+00 2.4110502958e-03 4.6139413219e-01
   endloop
 endfacet
 facet normal  7.8874859317e-02 9.9687174824e-01 5.0471906123e-03
   outer loop
     vertex 2.6494539330e+00 2.0288571285e-03 3.9354489704e-01
     vertex 2.6344748649e+00 3.2140889287e-03 3.9353455368e-01
     vertex 2.6402818648e+00 2.4110502958e-03 4.6139413219e-01
   endloop
 endfacet
 facet normal  7.8874859317e-02 9.9687174824e-01 5.0471906123e-03
   outer loop
     vertex 2.6402818648e+00 2.4110502958e-03 4.6139413219e-01
     vertex 2.6344748649e+00 3.2140889287e-03 3.9353455368e-01
     vertex 2.6290251399e+00 3.3017484451e-03 4.6138635919e-01
   endloop
 endfacet
 facet normal  7.6251683596e-02 9.9707687344e-01 4.8362372364e-03
   outer loop
     vertex 2.6344748649e+00 3.2140889287e-03 3.9353455368e-01
     vertex 2.6133913551e+00 4.8265234479e-03 3.9352048218e-01
     vertex 2.6290251399e+00 3.3017484451e-03 4.6138635919e-01
   endloop
 endfacet
 facet normal  7.6251683596e-02 9.9707687344e-01 4.8362372364e-03
   outer loop
     vertex 2.6290251399e+00 3.3017484451e-03 4.6138635919e-01
     vertex 2.6133913551e+00 4.8265234479e-03 3.9352048218e-01
     vertex 2.6131809454e+00 4.5134881586e-03 4.6137578449e-01
   endloop
 endfacet
 facet normal  7.2765400612e-02 9.9733740536e-01 4.8266286727e-03
   outer loop
     vertex 2.6133913551e+00 4.8265234479e-03 3.9352048218e-01
     vertex 2.5845717299e+00 6.9292823921e-03 3.9350213168e-01
     vertex 2.6131809454e+00 4.5134881586e-03 4.6137578449e-01
   endloop
 endfacet
 facet normal  7.2765400612e-02 9.9733740536e-01 4.8266286727e-03
   outer loop
     vertex 2.6131809454e+00 4.5134881586e-03 4.6137578449e-01
     vertex 2.5845717299e+00 6.9292823921e-03 3.9350213168e-01
     vertex 2.5915230833e+00 6.0937052095e-03 4.6136199415e-01
   endloop
 endfacet
 facet normal  6.8239508661e-02 9.9765492098e-01 5.2941566408e-03
   outer loop
     vertex 2.5845717299e+00 6.9292823921e-03 3.9350213168e-01
     vertex 2.5467148239e+00 9.5188113434e-03 3.9347953320e-01
     vertex 2.5915230833e+00 6.0937052095e-03 4.6136199415e-01
   endloop
 endfacet
 facet normal  6.8239508661e-02 9.9765492098e-01 5.2941566408e-03
   outer loop
     vertex 2.5915230833e+00 6.0937052095e-03 4.6136199415e-01
     vertex 2.5467148239e+00 9.5188113434e-03 3.9347953320e-01
     vertex 2.5630737319e+00 8.0397284633e-03 4.6134501146e-01
   endloop
 endfacet
 facet normal  6.2350511099e-02 9.9803167773e-01 6.7219049753e-03
   outer loop
     vertex 2.5467148239e+00 9.5188113434e-03 3.9347953320e-01
     vertex 2.4995049292e+00 1.2468351077e-02 3.9345379296e-01
     vertex 2.5630737319e+00 8.0397284633e-03 4.6134501146e-01
   endloop
 endfacet
 facet normal  6.2350511099e-02 9.9803167773e-01 6.7219049753e-03
   outer loop
     vertex 2.5630737319e+00 8.0397284633e-03 4.6134501146e-01
     vertex 2.4995049292e+00 1.2468351077e-02 3.9345379296e-01
     vertex 2.5275956373e+00 1.0256298742e-02 4.6132566775e-01
   endloop
 endfacet
 facet normal  5.4546179800e-02 9.9846151350e-01 9.9659587563e-03
   outer loop
     vertex 2.4995049292e+00 1.2468351077e-02 3.9345379296e-01
     vertex 2.4443025148e+00 1.5484334252e-02 3.9342747287e-01
     vertex 2.5275956373e+00 1.0256298742e-02 4.6132566775e-01
   endloop
 endfacet
 facet normal  5.4546179800e-02 9.9846151350e-01 9.9659587563e-03
   outer loop
     vertex 2.5275956373e+00 1.0256298742e-02 4.6132566775e-01
     vertex 2.4443025148e+00 1.5484334252e-02 3.9342747287e-01
     vertex 2.4861111882e+00 1.2522801069e-02 4.6130588828e-01
   endloop
 endfacet
 facet normal  4.3862323331e-02 9.9890023303e-01 1.6565658316e-02
   outer loop
     vertex 2.4443025148e+00 1.5484334252e-02 3.9342747287e-01
     vertex 2.3844106169e+00 1.8114604975e-02 3.9340451885e-01
     vertex 2.4861111882e+00 1.2522801069e-02 4.6130588828e-01
   endloop
 endfacet
 facet normal  4.3862323331e-02 9.9890023303e-01 1.6565658316e-02
   outer loop
     vertex 2.4861111882e+00 1.2522801069e-02 4.6130588828e-01
     vertex 2.3844106169e+00 1.8114604975e-02 3.9340451885e-01
     vertex 2.4411026063e+00 1.4499441641e-02 4.6128863840e-01
   endloop
 endfacet
 facet normal  2.9005977841e-02 9.9915886732e-01 2.8986395167e-02
   outer loop
     vertex 2.3844106169e+00 1.8114604975e-02 3.9340451885e-01
     vertex 2.3960698605e+00 1.5807091157e-02 4.6127722671e-01
     vertex 2.4411026063e+00 1.4499441641e-02 4.6128863840e-01
   endloop
 endfacet
 facet normal  2.9005977841e-02 9.9915886732e-01 2.8986395167e-02
   outer loop
     vertex 2.3844106169e+00 1.8114604975e-02 3.9340451885e-01
     vertex 2.3244865648e+00 1.9854664489e-02 3.9338933358e-01
     vertex 2.3960698605e+00 1.5807091157e-02 4.6127722671e-01
   endloop
 endfacet
 facet normal  8.8015355467e-03 9.9869722724e-01 5.0263120343e-02
   outer loop
     vertex 2.3244865648e+00 1.9854664489e-02 3.9338933358e-01
     vertex 2.3545258921e+00 1.6173379731e-02 4.6127403016e-01
     vertex 2.3960698605e+00 1.5807091157e-02 4.6127722671e-01
   endloop
 endfacet
 facet normal  8.8015355467e-03 9.9869722724e-01 5.0263120343e-02
   outer loop
     vertex 2.3244865648e+00 1.9854664489e-02 3.9338933358e-01
     vertex 2.2692049495e+00 2.0342076377e-02 3.9338508000e-01
     vertex 2.3545258921e+00 1.6173379731e-02 4.6127403016e-01
   endloop
 endfacet
 facet normal  -1.7472236647e-02 9.9638459039e-01 8.3141259172e-02
   outer loop
     vertex 2.2692049495e+00 2.0342076377e-02 3.9338508000e-01
     vertex 2.3189852623e+00 1.5549698051e-02 4.6127947295e-01
     vertex 2.3545258921e+00 1.6173379731e-02 4.6127403016e-01
   endloop
 endfacet
 facet normal  -1.7472236647e-02 9.9638459039e-01 8.3141259172e-02
   outer loop
     vertex 2.2692049495e+00 2.0342076377e-02 3.9338508000e-01
     vertex 2.2219118405e+00 1.9512157329e-02 3.9339232259e-01
     vertex 2.3189852623e+00 1.5549698051e-02 4.6127947295e-01
   endloop
 endfacet
 facet normal  -5.0585903880e-02 9.9020558042e-01 1.3013060686e-01
   outer loop
     vertex 2.2219118405e+00 1.9512157329e-02 3.9339232259e-01
     vertex 2.2905082347e+00 1.4093242741e-02 4.6129218324e-01
     vertex 2.3189852623e+00 1.5549698051e-02 4.6127947295e-01
   endloop
 endfacet
 facet normal  -5.0585903880e-02 9.9020558042e-01 1.3013060686e-01
   outer loop
     vertex 2.2219118405e+00 1.9512157329e-02 3.9339232259e-01
     vertex 2.1840181066e+00 1.7574085323e-02 3.9340923589e-01
     vertex 2.2905082347e+00 1.4093242741e-02 4.6129218324e-01
   endloop
 endfacet
 facet normal  -9.2493818037e-02 9.7639927464e-01 1.9516493055e-01
   outer loop
     vertex 2.1840181066e+00 1.7574085323e-02 3.9340923589e-01
     vertex 2.2688921293e+00 1.2041981707e-02 4.6131008433e-01
     vertex 2.2905082347e+00 1.4093242741e-02 4.6129218324e-01
   endloop
 endfacet
 facet normal  -9.2493818037e-02 9.7639927464e-01 1.9516493055e-01
   outer loop
     vertex 2.1840181066e+00 1.7574085323e-02 3.9340923589e-01
     vertex 2.1552540460e+00 1.4844518847e-02 3.9343305646e-01
     vertex 2.2688921293e+00 1.2041981707e-02 4.6131008433e-01
   endloop
 endfacet
 facet normal  -1.4897161790e-01 9.4583307536e-01 2.8845667027e-01
   outer loop
     vertex 2.1552540460e+00 1.4844518847e-02 3.9343305646e-01
     vertex 2.2532000188e+00 9.5638304800e-03 4.6133171083e-01
     vertex 2.2688921293e+00 1.2041981707e-02 4.6131008433e-01
   endloop
 endfacet
 facet normal  -1.4897161790e-01 9.4583307536e-01 2.8845667027e-01
   outer loop
     vertex 2.1552540460e+00 1.4844518847e-02 3.9343305646e-01
     vertex 2.1343729109e+00 1.1546899286e-02 3.9346183435e-01
     vertex 2.2532000188e+00 9.5638304800e-03 4.6133171083e-01
   endloop
 endfacet
 facet normal  -2.3706847512e-01 8.6595531367e-01 4.4036340996e-01
   outer loop
     vertex 2.1343729109e+00 1.1546899286e-02 3.9346183435e-01
     vertex 2.2423245976e+00 6.5732462260e-03 4.6135780926e-01
     vertex 2.2532000188e+00 9.5638304800e-03 4.6133171083e-01
   endloop
 endfacet
 facet normal  -2.3706847512e-01 8.6595531367e-01 4.4036340996e-01
   outer loop
     vertex 2.1343729109e+00 1.1546899286e-02 3.9346183435e-01
     vertex 2.1199012349e+00 7.5673967328e-03 3.9349656294e-01
     vertex 2.2423245976e+00 6.5732462260e-03 4.6135780926e-01
   endloop
 endfacet
 facet normal  -4.1574095894e-01 5.0351753520e-01 7.5738335525e-01
   outer loop
     vertex 2.1199012349e+00 7.5673967328e-03 3.9349656294e-01
     vertex 2.2365911050e+00 1.7762859573e-03 4.6139967170e-01
     vertex 2.2423245976e+00 6.5732462260e-03 4.6135780926e-01
   endloop
 endfacet
 facet normal  -4.1574095894e-01 5.0351753520e-01 7.5738335525e-01
   outer loop
     vertex 2.1199012349e+00 7.5673967328e-03 3.9349656294e-01
     vertex 2.1122718065e+00 1.1841906382e-03 3.9355226833e-01
     vertex 2.2365911050e+00 1.7762859573e-03 4.6139967170e-01
   endloop
 endfacet
 facet normal  -4.1574095894e-01 -4.9022268489e-01 7.6605559477e-01
   outer loop
     vertex 2.1122718065e+00 1.1841906382e-03 3.9355226833e-01
     vertex 2.1199012349e+00 -5.1990154565e-03 3.9360797373e-01
     vertex 2.2365911050e+00 1.7762859573e-03 4.6139967170e-01
   endloop
 endfacet
 facet normal  -4.1574095894e-01 -4.9022268489e-01 7.6605559477e-01
   outer loop
     vertex 2.2365911050e+00 1.7762859573e-03 4.6139967170e-01
     vertex 2.1199012349e+00 -5.1990154565e-03 3.9360797373e-01
     vertex 2.2423245976e+00 -3.0206743115e-03 4.6144153413e-01
   endloop
 endfacet
 facet normal  -2.3706847512e-01 -8.5813802327e-01 4.5540934458e-01
   outer loop
     vertex 2.1199012349e+00 -5.1990154565e-03 3.9360797373e-01
     vertex 2.1343729109e+00 -9.1785180097e-03 3.9364270232e-01
     vertex 2.2423245976e+00 -3.0206743115e-03 4.6144153413e-01
   endloop
 endfacet
 facet normal  -2.3706847512e-01 -8.5813802327e-01 4.5540934458e-01
   outer loop
     vertex 2.2423245976e+00 -3.0206743115e-03 4.6144153413e-01
     vertex 2.1343729109e+00 -9.1785180097e-03 3.9364270232e-01
     vertex 2.2532000188e+00 -6.0112585655e-03 4.6146763257e-01
   endloop
 endfacet
 facet normal  -1.4897161790e-01 -9.4065475735e-01 3.0491980017e-01
   outer loop
     vertex 2.1343729109e+00 -9.1785180097e-03 3.9364270232e-01
     vertex 2.1552540460e+00 -1.2476137571e-02 3.9367148021e-01
     vertex 2.2532000188e+00 -6.0112585655e-03 4.6146763257e-01
   endloop
 endfacet
 facet normal  -1.4897161790e-01 -9.4065475735e-01 3.0491980017e-01
   outer loop
     vertex 2.2532000188e+00 -6.0112585655e-03 4.6146763257e-01
     vertex 2.1552540460e+00 -1.2476137571e-02 3.9367148021e-01
     vertex 2.2688921293e+00 -8.4894097928e-03 4.6148925907e-01
   endloop
 endfacet
 facet normal  -9.2493818037e-02 -9.7284446661e-01 2.1217572297e-01
   outer loop
     vertex 2.1552540460e+00 -1.2476137571e-02 3.9367148021e-01
     vertex 2.1840181066e+00 -1.5205704046e-02 3.9369530078e-01
     vertex 2.2688921293e+00 -8.4894097928e-03 4.6148925907e-01
   endloop
 endfacet
 facet normal  -9.2493818037e-02 -9.7284446661e-01 2.1217572297e-01
   outer loop
     vertex 2.2688921293e+00 -8.4894097928e-03 4.6148925907e-01
     vertex 2.1840181066e+00 -1.5205704046e-02 3.9369530078e-01
     vertex 2.2905082347e+00 -1.0540670827e-02 4.6150716015e-01
   endloop
 endfacet
 facet normal  -5.0585903880e-02 -9.8778367507e-01 1.4739225758e-01
   outer loop
     vertex 2.1840181066e+00 -1.5205704046e-02 3.9369530078e-01
     vertex 2.2219118405e+00 -1.7143776052e-02 3.9371221408e-01
     vertex 2.2905082347e+00 -1.0540670827e-02 4.6150716015e-01
   endloop
 endfacet
 facet normal  -5.0585903880e-02 -9.8778367507e-01 1.4739225758e-01
   outer loop
     vertex 2.2905082347e+00 -1.0540670827e-02 4.6150716015e-01
     vertex 2.2219118405e+00 -1.7143776052e-02 3.9371221408e-01
     vertex 2.3189852623e+00 -1.1997126137e-02 4.6151987044e-01
   endloop
 endfacet
 facet normal  -1.7472236647e-02 -9.9478182115e-01 1.0051790520e-01
   outer loop
     vertex 2.2219118405e+00 -1.7143776052e-02 3.9371221408e-01
     vertex 2.2692049495e+00 -1.7973695100e-02 3.9371945667e-01
     vertex 2.3189852623e+00 -1.1997126137e-02 4.6151987044e-01
   endloop
 endfacet
 facet normal  -1.7472236647e-02 -9.9478182115e-01 1.0051790520e-01
   outer loop
     vertex 2.3189852623e+00 -1.1997126137e-02 4.6151987044e-01
     vertex 2.2692049495e+00 -1.7973695100e-02 3.9371945667e-01
     vertex 2.3545258921e+00 -1.2620807816e-02 4.6152531323e-01
   endloop
 endfacet
 facet normal  8.8015355467e-03 -9.9766790841e-01 6.7685134944e-02
   outer loop
     vertex 2.2692049495e+00 -1.7973695100e-02 3.9371945667e-01
     vertex 2.3244865648e+00 -1.7486283213e-02 3.9371520309e-01
     vertex 2.3545258921e+00 -1.2620807816e-02 4.6152531323e-01
   endloop
 endfacet
 facet normal  8.8015355467e-03 -9.9766790841e-01 6.7685134944e-02
   outer loop
     vertex 2.3545258921e+00 -1.2620807816e-02 4.6152531323e-01
     vertex 2.3244865648e+00 -1.7486283213e-02 3.9371520309e-01
     vertex 2.3960698605e+00 -1.2254519242e-02 4.6152211668e-01
   endloop
 endfacet
 facet normal  2.9005977841e-02 -9.9850080824e-01 4.6419707046e-02
   outer loop
     vertex 2.3244865648e+00 -1.7486283213e-02 3.9371520309e-01
     vertex 2.3844106169e+00 -1.5746223698e-02 3.9370001782e-01
     vertex 2.3960698605e+00 -1.2254519242e-02 4.6152211668e-01
   endloop
 endfacet
 facet normal  2.9005977841e-02 -9.9850080824e-01 4.6419707046e-02
   outer loop
     vertex 2.3960698605e+00 -1.2254519242e-02 4.6152211668e-01
     vertex 2.3844106169e+00 -1.5746223698e-02 3.9370001782e-01
     vertex 2.4411026063e+00 -1.0946869727e-02 4.6151070499e-01
   endloop
 endfacet
 facet normal  4.3862323331e-02 -9.9845898509e-01 3.3996348143e-02
   outer loop
     vertex 2.3844106169e+00 -1.5746223698e-02 3.9370001782e-01
     vertex 2.4861111882e+00 -8.9702291540e-03 4.6149345511e-01
     vertex 2.4411026063e+00 -1.0946869727e-02 4.6151070499e-01
   endloop
 endfacet
 facet normal  4.3862323331e-02 -9.9845898509e-01 3.3996348143e-02
   outer loop
     vertex 2.3844106169e+00 -1.5746223698e-02 3.9370001782e-01
     vertex 2.4443025148e+00 -1.3115952976e-02 3.9367706380e-01
     vertex 2.4861111882e+00 -8.9702291540e-03 4.6149345511e-01
   endloop
 endfacet
 facet normal  5.4546179800e-02 -9.9813551301e-01 2.7389997038e-02
   outer loop
     vertex 2.4443025148e+00 -1.3115952976e-02 3.9367706380e-01
     vertex 2.5275956373e+00 -6.7037268277e-03 4.6147367565e-01
     vertex 2.4861111882e+00 -8.9702291540e-03 4.6149345511e-01
   endloop
 endfacet
 facet normal  5.4546179800e-02 -9.9813551301e-01 2.7389997038e-02
   outer loop
     vertex 2.4443025148e+00 -1.3115952976e-02 3.9367706380e-01
     vertex 2.4995049292e+00 -1.0099969801e-02 3.9365074371e-01
     vertex 2.5275956373e+00 -6.7037268277e-03 4.6147367565e-01
   endloop
 endfacet
 facet normal  6.2350511099e-02 -9.9776235926e-01 2.4138935674e-02
   outer loop
     vertex 2.4995049292e+00 -1.0099969801e-02 3.9365074371e-01
     vertex 2.5630737319e+00 -4.4871565488e-03 4.6145433193e-01
     vertex 2.5275956373e+00 -6.7037268277e-03 4.6147367565e-01
   endloop
 endfacet
 facet normal  6.2350511099e-02 -9.9776235926e-01 2.4138935674e-02
   outer loop
     vertex 2.4995049292e+00 -1.0099969801e-02 3.9365074371e-01
     vertex 2.5467148239e+00 -7.1504300671e-03 3.9362500347e-01
     vertex 2.5630737319e+00 -4.4871565488e-03 4.6145433193e-01
   endloop
 endfacet
 facet normal  6.8239508661e-02 -9.9741057753e-01 2.2704829480e-02
   outer loop
     vertex 2.5467148239e+00 -7.1504300671e-03 3.9362500347e-01
     vertex 2.5915230833e+00 -2.5411332950e-03 4.6143734924e-01
     vertex 2.5630737319e+00 -4.4871565488e-03 4.6145433193e-01
   endloop
 endfacet
 facet normal  6.8239508661e-02 -9.9741057753e-01 2.2704829480e-02
   outer loop
     vertex 2.5467148239e+00 -7.1504300671e-03 3.9362500347e-01
     vertex 2.5845717299e+00 -4.5609011158e-03 3.9360240499e-01
     vertex 2.5915230833e+00 -2.5411332950e-03 4.6143734924e-01
   endloop
 endfacet
 facet normal  7.2765400612e-02 -9.9710126976e-01 2.2231831307e-02
   outer loop
     vertex 2.5845717299e+00 -4.5609011158e-03 3.9360240499e-01
     vertex 2.6131809454e+00 -9.6091624407e-04 4.6142355890e-01
     vertex 2.5915230833e+00 -2.5411332950e-03 4.6143734924e-01
   endloop
 endfacet
 facet normal  7.2765400612e-02 -9.9710126976e-01 2.2231831307e-02
   outer loop
     vertex 2.5845717299e+00 -4.5609011158e-03 3.9360240499e-01
     vertex 2.6133913551e+00 -2.4581421716e-03 3.9358405449e-01
     vertex 2.6131809454e+00 -9.6091624407e-04 4.6142355890e-01
   endloop
 endfacet
 facet normal  7.6251683596e-02 -9.9684060983e-01 2.2236891499e-02
   outer loop
     vertex 2.6133913551e+00 -2.4581421716e-03 3.9358405449e-01
     vertex 2.6290251399e+00 2.5082346945e-04 4.6141298421e-01
     vertex 2.6131809454e+00 -9.6091624407e-04 4.6142355890e-01
   endloop
 endfacet
 facet normal  7.6251683596e-02 -9.9684060983e-01 2.2236891499e-02
   outer loop
     vertex 2.6133913551e+00 -2.4581421716e-03 3.9358405449e-01
     vertex 2.6344748649e+00 -8.4570765237e-04 3.9356998299e-01
     vertex 2.6290251399e+00 2.5082346945e-04 4.6141298421e-01
   endloop
 endfacet
 facet normal  7.8874859317e-02 -9.9663183422e-01 2.2444232817e-02
   outer loop
     vertex 2.6344748649e+00 -8.4570765237e-04 3.9356998299e-01
     vertex 2.6402818648e+00 1.1415216187e-03 4.6140521120e-01
     vertex 2.6290251399e+00 2.5082346945e-04 4.6141298421e-01
   endloop
 endfacet
 facet normal  7.8874859317e-02 -9.9663183422e-01 2.2444232817e-02
   outer loop
     vertex 2.6344748649e+00 -8.4570765237e-04 3.9356998299e-01
     vertex 2.6494539330e+00 3.3952414783e-04 3.9355963963e-01
     vertex 2.6402818648e+00 1.1415216187e-03 4.6140521120e-01
   endloop
 endfacet
 facet normal  8.0775088893e-02 -9.9647384747e-01 2.2699258016e-02
   outer loop
     vertex 2.6494539330e+00 3.3952414783e-04 3.9355963963e-01
     vertex 2.6481141286e+00 1.7762859573e-03 4.6139967170e-01
     vertex 2.6402818648e+00 1.1415216187e-03 4.6140521120e-01
   endloop
 endfacet
 facet normal  8.0775088893e-02 -9.9647384747e-01 2.2699258016e-02
   outer loop
     vertex 2.6494539330e+00 3.3952414783e-04 3.9355963963e-01
     vertex 2.6598761486e+00 1.1841906382e-03 3.9355226833e-01
     vertex 2.6481141286e+00 1.7762859573e-03 4.6139967170e-01
   endloop
 endfacet
 facet normal  8.0775088893e-02 9.9671823636e-01 5.3049342189e-03
   outer loop
     vertex 2.6481141286e+00 1.7762859573e-03 4.6139967170e-01
     vertex 2.6311097965e+00 2.7932434631e-03 5.2924336734e-01
     vertex 2.6363521085e+00 2.3683812763e-03 5.2924707506e-01
   endloop
 endfacet
 facet normal  8.0775088893e-02 9.9671823636e-01 5.3049342189e-03
   outer loop
     vertex 2.6481141286e+00 1.7762859573e-03 4.6139967170e-01
     vertex 2.6402818648e+00 2.4110502958e-03 4.6139413219e-01
     vertex 2.6311097965e+00 2.7932434631e-03 5.2924336734e-01
   endloop
 endfacet
 facet normal  7.8874859317e-02 9.9687174824e-01 5.0471906123e-03
   outer loop
     vertex 2.6402818648e+00 2.4110502958e-03 4.6139413219e-01
     vertex 2.6235754149e+00 3.3894079614e-03 5.2923816469e-01
     vertex 2.6311097965e+00 2.7932434631e-03 5.2924336734e-01
   endloop
 endfacet
 facet normal  7.8874859317e-02 9.9687174824e-01 5.0471906123e-03
   outer loop
     vertex 2.6402818648e+00 2.4110502958e-03 4.6139413219e-01
     vertex 2.6290251399e+00 3.3017484451e-03 4.6138635919e-01
     vertex 2.6235754149e+00 3.3894079614e-03 5.2923816469e-01
   endloop
 endfacet
 facet normal  7.6251683596e-02 9.9707687344e-01 4.8362372364e-03
   outer loop
     vertex 2.6290251399e+00 3.3017484451e-03 4.6138635919e-01
     vertex 2.6129705358e+00 4.2004528693e-03 5.2923108681e-01
     vertex 2.6235754149e+00 3.3894079614e-03 5.2923816469e-01
   endloop
 endfacet
 facet normal  7.6251683596e-02 9.9707687344e-01 4.8362372364e-03
   outer loop
     vertex 2.6290251399e+00 3.3017484451e-03 4.6138635919e-01
     vertex 2.6131809454e+00 4.5134881586e-03 4.6137578449e-01
     vertex 2.6129705358e+00 4.2004528693e-03 5.2923108681e-01
   endloop
 endfacet
 facet normal  7.2765400612e-02 9.9733740536e-01 4.8266286727e-03
   outer loop
     vertex 2.6131809454e+00 4.5134881586e-03 4.6137578449e-01
     vertex 2.5984744368e+00 5.2581280268e-03 5.2922185662e-01
     vertex 2.6129705358e+00 4.2004528693e-03 5.2923108681e-01
   endloop
 endfacet
 facet normal  7.2765400612e-02 9.9733740536e-01 4.8266286727e-03
   outer loop
     vertex 2.6131809454e+00 4.5134881586e-03 4.6137578449e-01
     vertex 2.5915230833e+00 6.0937052095e-03 4.6136199415e-01
     vertex 2.5984744368e+00 5.2581280268e-03 5.2922185662e-01
   endloop
 endfacet
 facet normal  6.8239508661e-02 9.9765492098e-01 5.2941566408e-03
   outer loop
     vertex 2.5915230833e+00 6.0937052095e-03 4.6136199415e-01
     vertex 2.5794326398e+00 6.5606455832e-03 5.2921048972e-01
     vertex 2.5984744368e+00 5.2581280268e-03 5.2922185662e-01
   endloop
 endfacet
 facet normal  6.8239508661e-02 9.9765492098e-01 5.2941566408e-03
   outer loop
     vertex 2.5915230833e+00 6.0937052095e-03 4.6136199415e-01
     vertex 2.5630737319e+00 8.0397284633e-03 4.6134501146e-01
     vertex 2.5794326398e+00 6.5606455832e-03 5.2921048972e-01
   endloop
 endfacet
 facet normal  6.2350511099e-02 9.9803167773e-01 6.7219049753e-03
   outer loop
     vertex 2.5630737319e+00 8.0397284633e-03 4.6134501146e-01
     vertex 2.5556863455e+00 8.0442464073e-03 5.2919754253e-01
     vertex 2.5794326398e+00 6.5606455832e-03 5.2921048972e-01
   endloop
 endfacet
 facet normal  6.2350511099e-02 9.9803167773e-01 6.7219049753e-03
   outer loop
     vertex 2.5630737319e+00 8.0397284633e-03 4.6134501146e-01
     vertex 2.5275956373e+00 1.0256298742e-02 4.6132566775e-01
     vertex 2.5556863455e+00 8.0442464073e-03 5.2919754253e-01
   endloop
 endfacet
 facet normal  5.4546179800e-02 9.9846151350e-01 9.9659587563e-03
   outer loop
     vertex 2.5275956373e+00 1.0256298742e-02 4.6132566775e-01
     vertex 2.5279198616e+00 9.5612678847e-03 5.2918430369e-01
     vertex 2.5556863455e+00 8.0442464073e-03 5.2919754253e-01
   endloop
 endfacet
 facet normal  5.4546179800e-02 9.9846151350e-01 9.9659587563e-03
   outer loop
     vertex 2.5275956373e+00 1.0256298742e-02 4.6132566775e-01
     vertex 2.4861111882e+00 1.2522801069e-02 4.6130588828e-01
     vertex 2.5279198616e+00 9.5612678847e-03 5.2918430369e-01
   endloop
 endfacet
 facet normal  4.3862323331e-02 9.9890023303e-01 1.6565658316e-02
   outer loop
     vertex 2.4861111882e+00 1.2522801069e-02 4.6130588828e-01
     vertex 2.4977945956e+00 1.0884278308e-02 5.2917275795e-01
     vertex 2.5279198616e+00 9.5612678847e-03 5.2918430369e-01
   endloop
 endfacet
 facet normal  4.3862323331e-02 9.9890023303e-01 1.6565658316e-02
   outer loop
     vertex 2.4861111882e+00 1.2522801069e-02 4.6130588828e-01
     vertex 2.4411026063e+00 1.4499441641e-02 4.6128863840e-01
     vertex 2.4977945956e+00 1.0884278308e-02 5.2917275795e-01
   endloop
 endfacet
 facet normal  2.9005977841e-02 9.9915886732e-01 2.8986395167e-02
   outer loop
     vertex 2.4411026063e+00 1.4499441641e-02 4.6128863840e-01
     vertex 2.3960698605e+00 1.5807091157e-02 4.6127722671e-01
     vertex 2.4977945956e+00 1.0884278308e-02 5.2917275795e-01
   endloop
 endfacet
 facet normal  2.9005977841e-02 9.9915886732e-01 2.8986395167e-02
   outer loop
     vertex 2.4977945956e+00 1.0884278308e-02 5.2917275795e-01
     vertex 2.3960698605e+00 1.5807091157e-02 4.6127722671e-01
     vertex 2.4676531562e+00 1.1759517824e-02 5.2916511985e-01
   endloop
 endfacet
 facet normal  8.8015355467e-03 9.9869722724e-01 5.0263120343e-02
   outer loop
     vertex 2.3960698605e+00 1.5807091157e-02 4.6127722671e-01
     vertex 2.3545258921e+00 1.6173379731e-02 4.6127403016e-01
     vertex 2.4676531562e+00 1.1759517824e-02 5.2916511985e-01
   endloop
 endfacet
 facet normal  8.8015355467e-03 9.9869722724e-01 5.0263120343e-02
   outer loop
     vertex 2.4676531562e+00 1.1759517824e-02 5.2916511985e-01
     vertex 2.3545258921e+00 1.6173379731e-02 4.6127403016e-01
     vertex 2.4398468347e+00 1.2004683085e-02 5.2916298033e-01
   endloop
 endfacet
 facet normal  -1.7472236647e-02 9.9638459039e-01 8.3141259172e-02
   outer loop
     vertex 2.3545258921e+00 1.6173379731e-02 4.6127403016e-01
     vertex 2.3189852623e+00 1.5549698051e-02 4.6127947295e-01
     vertex 2.4398468347e+00 1.2004683085e-02 5.2916298033e-01
   endloop
 endfacet
 facet normal  -1.7472236647e-02 9.9638459039e-01 8.3141259172e-02
   outer loop
     vertex 2.4398468347e+00 1.2004683085e-02 5.2916298033e-01
     vertex 2.3189852623e+00 1.5549698051e-02 4.6127947295e-01
     vertex 2.4160586841e+00 1.1587238773e-02 5.2916662331e-01
   endloop
 endfacet
 facet normal  -5.0585903880e-02 9.9020558042e-01 1.3013060686e-01
   outer loop
     vertex 2.3189852623e+00 1.5549698051e-02 4.6127947295e-01
     vertex 2.2905082347e+00 1.4093242741e-02 4.6129218324e-01
     vertex 2.4160586841e+00 1.1587238773e-02 5.2916662331e-01
   endloop
 endfacet
 facet normal  -5.0585903880e-02 9.9020558042e-01 1.3013060686e-01
   outer loop
     vertex 2.4160586841e+00 1.1587238773e-02 5.2916662331e-01
     vertex 2.2905082347e+00 1.4093242741e-02 4.6129218324e-01
     vertex 2.3969983629e+00 1.0612400160e-02 5.2917513060e-01
   endloop
 endfacet
 facet normal  -9.2493818037e-02 9.7639927464e-01 1.9516493055e-01
   outer loop
     vertex 2.2905082347e+00 1.4093242741e-02 4.6129218324e-01
     vertex 2.2688921293e+00 1.2041981707e-02 4.6131008433e-01
     vertex 2.3969983629e+00 1.0612400160e-02 5.2917513060e-01
   endloop
 endfacet
 facet normal  -9.2493818037e-02 9.7639927464e-01 1.9516493055e-01
   outer loop
     vertex 2.3969983629e+00 1.0612400160e-02 5.2917513060e-01
     vertex 2.2688921293e+00 1.2041981707e-02 4.6131008433e-01
     vertex 2.3825302126e+00 9.2394445672e-03 5.2918711220e-01
   endloop
 endfacet
 facet normal  -1.4897161790e-01 9.4583307536e-01 2.8845667027e-01
   outer loop
     vertex 2.2688921293e+00 1.2041981707e-02 4.6131008433e-01
     vertex 2.2532000188e+00 9.5638304800e-03 4.6133171083e-01
     vertex 2.3825302126e+00 9.2394445672e-03 5.2918711220e-01
   endloop
 endfacet
 facet normal  -1.4897161790e-01 9.4583307536e-01 2.8845667027e-01
   outer loop
     vertex 2.3825302126e+00 9.2394445672e-03 5.2918711220e-01
     vertex 2.2532000188e+00 9.5638304800e-03 4.6133171083e-01
     vertex 2.3720271267e+00 7.5807616741e-03 5.2920158730e-01
   endloop
 endfacet
 facet normal  -2.3706847512e-01 8.6595531367e-01 4.4036340996e-01
   outer loop
     vertex 2.2532000188e+00 9.5638304800e-03 4.6133171083e-01
     vertex 2.2423245976e+00 6.5732462260e-03 4.6135780926e-01
     vertex 2.3720271267e+00 7.5807616741e-03 5.2920158730e-01
   endloop
 endfacet
 facet normal  -2.3706847512e-01 8.6595531367e-01 4.4036340996e-01
   outer loop
     vertex 2.3720271267e+00 7.5807616741e-03 5.2920158730e-01
     vertex 2.2423245976e+00 6.5732462260e-03 4.6135780926e-01
     vertex 2.3647479603e+00 5.5790957192e-03 5.2921905558e-01
   endloop
 endfacet
 facet normal  -4.1574095894e-01 5.0351753520e-01 7.5738335525e-01
   outer loop
     vertex 2.2423245976e+00 6.5732462260e-03 4.6135780926e-01
     vertex 2.2365911050e+00 1.7762859573e-03 4.6139967170e-01
     vertex 2.3647479603e+00 5.5790957192e-03 5.2921905558e-01
   endloop
 endfacet
 facet normal  -4.1574095894e-01 5.0351753520e-01 7.5738335525e-01
   outer loop
     vertex 2.3647479603e+00 5.5790957192e-03 5.2921905558e-01
     vertex 2.2365911050e+00 1.7762859573e-03 4.6139967170e-01
     vertex 2.3609104035e+00 2.3683812763e-03 5.2924707506e-01
   endloop
 endfacet
 facet normal  -4.1574095894e-01 -4.9022268489e-01 7.6605559477e-01
   outer loop
     vertex 2.2365911050e+00 1.7762859573e-03 4.6139967170e-01
     vertex 2.3647479603e+00 -8.4233316647e-04 5.2927509454e-01
     vertex 2.3609104035e+00 2.3683812763e-03 5.2924707506e-01
   endloop
 endfacet
 facet normal  -4.1574095894e-01 -4.9022268489e-01 7.6605559477e-01
   outer loop
     vertex 2.2365911050e+00 1.7762859573e-03 4.6139967170e-01
     vertex 2.2423245976e+00 -3.0206743115e-03 4.6144153413e-01
     vertex 2.3647479603e+00 -8.4233316647e-04 5.2927509454e-01
   endloop
 endfacet
 facet normal  -2.3706847512e-01 -8.5813802327e-01 4.5540934458e-01
   outer loop
     vertex 2.2423245976e+00 -3.0206743115e-03 4.6144153413e-01
     vertex 2.3720271267e+00 -2.8439991214e-03 5.2929256281e-01
     vertex 2.3647479603e+00 -8.4233316647e-04 5.2927509454e-01
   endloop
 endfacet
 facet normal  -2.3706847512e-01 -8.5813802327e-01 4.5540934458e-01
   outer loop
     vertex 2.2423245976e+00 -3.0206743115e-03 4.6144153413e-01
     vertex 2.2532000188e+00 -6.0112585655e-03 4.6146763257e-01
     vertex 2.3720271267e+00 -2.8439991214e-03 5.2929256281e-01
   endloop
 endfacet
 facet normal  -1.4897161790e-01 -9.4065475735e-01 3.0491980017e-01
   outer loop
     vertex 2.2532000188e+00 -6.0112585655e-03 4.6146763257e-01
     vertex 2.3825302126e+00 -4.5026820145e-03 5.2930703792e-01
     vertex 2.3720271267e+00 -2.8439991214e-03 5.2929256281e-01
   endloop
 endfacet
 facet normal  -1.4897161790e-01 -9.4065475735e-01 3.0491980017e-01
   outer loop
     vertex 2.2532000188e+00 -6.0112585655e-03 4.6146763257e-01
     vertex 2.2688921293e+00 -8.4894097928e-03 4.6148925907e-01
     vertex 2.3825302126e+00 -4.5026820145e-03 5.2930703792e-01
   endloop
 endfacet
 facet normal  -9.2493818037e-02 -9.7284446661e-01 2.1217572297e-01
   outer loop
     vertex 2.2688921293e+00 -8.4894097928e-03 4.6148925907e-01
     vertex 2.3969983629e+00 -5.8756376069e-03 5.2931901952e-01
     vertex 2.3825302126e+00 -4.5026820145e-03 5.2930703792e-01
   endloop
 endfacet
 facet normal  -9.2493818037e-02 -9.7284446661e-01 2.1217572297e-01
   outer loop
     vertex 2.2688921293e+00 -8.4894097928e-03 4.6148925907e-01
     vertex 2.2905082347e+00 -1.0540670827e-02 4.6150716015e-01
     vertex 2.3969983629e+00 -5.8756376069e-03 5.2931901952e-01
   endloop
 endfacet
 facet normal  -5.0585903880e-02 -9.8778367507e-01 1.4739225758e-01
   outer loop
     vertex 2.2905082347e+00 -1.0540670827e-02 4.6150716015e-01
     vertex 2.4160586841e+00 -6.8504762208e-03 5.2932752681e-01
     vertex 2.3969983629e+00 -5.8756376069e-03 5.2931901952e-01
   endloop
 endfacet
 facet normal  -5.0585903880e-02 -9.8778367507e-01 1.4739225758e-01
   outer loop
     vertex 2.2905082347e+00 -1.0540670827e-02 4.6150716015e-01
     vertex 2.3189852623e+00 -1.1997126137e-02 4.6151987044e-01
     vertex 2.4160586841e+00 -6.8504762208e-03 5.2932752681e-01
   endloop
 endfacet
 facet normal  -1.7472236647e-02 -9.9478182115e-01 1.0051790520e-01
   outer loop
     vertex 2.3189852623e+00 -1.1997126137e-02 4.6151987044e-01
     vertex 2.4398468347e+00 -7.2679205323e-03 5.2933116979e-01
     vertex 2.4160586841e+00 -6.8504762208e-03 5.2932752681e-01
   endloop
 endfacet
 facet normal  -1.7472236647e-02 -9.9478182115e-01 1.0051790520e-01
   outer loop
     vertex 2.3189852623e+00 -1.1997126137e-02 4.6151987044e-01
     vertex 2.3545258921e+00 -1.2620807816e-02 4.6152531323e-01
     vertex 2.4398468347e+00 -7.2679205323e-03 5.2933116979e-01
   endloop
 endfacet
 facet normal  8.8015355467e-03 -9.9766790841e-01 6.7685134944e-02
   outer loop
     vertex 2.3545258921e+00 -1.2620807816e-02 4.6152531323e-01
     vertex 2.4676531562e+00 -7.0227552714e-03 5.2932903027e-01
     vertex 2.4398468347e+00 -7.2679205323e-03 5.2933116979e-01
   endloop
 endfacet
 facet normal  8.8015355467e-03 -9.9766790841e-01 6.7685134944e-02
   outer loop
     vertex 2.3545258921e+00 -1.2620807816e-02 4.6152531323e-01
     vertex 2.3960698605e+00 -1.2254519242e-02 4.6152211668e-01
     vertex 2.4676531562e+00 -7.0227552714e-03 5.2932903027e-01
   endloop
 endfacet
 facet normal  2.9005977841e-02 -9.9850080824e-01 4.6419707046e-02
   outer loop
     vertex 2.3960698605e+00 -1.2254519242e-02 4.6152211668e-01
     vertex 2.4977945956e+00 -6.1475157551e-03 5.2932139217e-01
     vertex 2.4676531562e+00 -7.0227552714e-03 5.2932903027e-01
   endloop
 endfacet
 facet normal  2.9005977841e-02 -9.9850080824e-01 4.6419707046e-02
   outer loop
     vertex 2.3960698605e+00 -1.2254519242e-02 4.6152211668e-01
     vertex 2.4411026063e+00 -1.0946869727e-02 4.6151070499e-01
     vertex 2.4977945956e+00 -6.1475157551e-03 5.2932139217e-01
   endloop
 endfacet
 facet normal  4.3862323331e-02 -9.9845898509e-01 3.3996348143e-02
   outer loop
     vertex 2.4411026063e+00 -1.0946869727e-02 4.6151070499e-01
     vertex 2.4861111882e+00 -8.9702291540e-03 4.6149345511e-01
     vertex 2.4977945956e+00 -6.1475157551e-03 5.2932139217e-01
   endloop
 endfacet
 facet normal  4.3862323331e-02 -9.9845898509e-01 3.3996348143e-02
   outer loop
     vertex 2.4977945956e+00 -6.1475157551e-03 5.2932139217e-01
     vertex 2.4861111882e+00 -8.9702291540e-03 4.6149345511e-01
     vertex 2.5279198616e+00 -4.8245053320e-03 5.2930984643e-01
   endloop
 endfacet
 facet normal  5.4546179800e-02 -9.9813551301e-01 2.7389997038e-02
   outer loop
     vertex 2.4861111882e+00 -8.9702291540e-03 4.6149345511e-01
     vertex 2.5275956373e+00 -6.7037268277e-03 4.6147367565e-01
     vertex 2.5279198616e+00 -4.8245053320e-03 5.2930984643e-01
   endloop
 endfacet
 facet normal  5.4546179800e-02 -9.9813551301e-01 2.7389997038e-02
   outer loop
     vertex 2.5279198616e+00 -4.8245053320e-03 5.2930984643e-01
     vertex 2.5275956373e+00 -6.7037268277e-03 4.6147367565e-01
     vertex 2.5556863455e+00 -3.3074838546e-03 5.2929660758e-01
   endloop
 endfacet
 facet normal  6.2350511099e-02 -9.9776235926e-01 2.4138935674e-02
   outer loop
     vertex 2.5275956373e+00 -6.7037268277e-03 4.6147367565e-01
     vertex 2.5630737319e+00 -4.4871565488e-03 4.6145433193e-01
     vertex 2.5556863455e+00 -3.3074838546e-03 5.2929660758e-01
   endloop
 endfacet
 facet normal  6.2350511099e-02 -9.9776235926e-01 2.4138935674e-02
   outer loop
     vertex 2.5556863455e+00 -3.3074838546e-03 5.2929660758e-01
     vertex 2.5630737319e+00 -4.4871565488e-03 4.6145433193e-01
     vertex 2.5794326398e+00 -1.8238830305e-03 5.2928366039e-01
   endloop
 endfacet
 facet normal  6.8239508661e-02 -9.9741057753e-01 2.2704829480e-02
   outer loop
     vertex 2.5630737319e+00 -4.4871565488e-03 4.6145433193e-01
     vertex 2.5915230833e+00 -2.5411332950e-03 4.6143734924e-01
     vertex 2.5794326398e+00 -1.8238830305e-03 5.2928366039e-01
   endloop
 endfacet
 facet normal  6.8239508661e-02 -9.9741057753e-01 2.2704829480e-02
   outer loop
     vertex 2.5794326398e+00 -1.8238830305e-03 5.2928366039e-01
     vertex 2.5915230833e+00 -2.5411332950e-03 4.6143734924e-01
     vertex 2.5984744368e+00 -5.2136547415e-04 5.2927229350e-01
   endloop
 endfacet
 facet normal  7.2765400612e-02 -9.9710126976e-01 2.2231831307e-02
   outer loop
     vertex 2.5915230833e+00 -2.5411332950e-03 4.6143734924e-01
     vertex 2.6131809454e+00 -9.6091624407e-04 4.6142355890e-01
     vertex 2.5984744368e+00 -5.2136547415e-04 5.2927229350e-01
   endloop
 endfacet
 facet normal  7.2765400612e-02 -9.9710126976e-01 2.2231831307e-02
   outer loop
     vertex 2.5984744368e+00 -5.2136547415e-04 5.2927229350e-01
     vertex 2.6131809454e+00 -9.6091624407e-04 4.6142355890e-01
     vertex 2.6129705358e+00 5.3630968342e-04 5.2926306331e-01
   endloop
 endfacet
 facet normal  7.6251683596e-02 -9.9684060983e-01 2.2236891499e-02
   outer loop
     vertex 2.6131809454e+00 -9.6091624407e-04 4.6142355890e-01
     vertex 2.6290251399e+00 2.5082346945e-04 4.6141298421e-01
     vertex 2.6129705358e+00 5.3630968342e-04 5.2926306331e-01
   endloop
 endfacet
 facet normal  7.6251683596e-02 -9.9684060983e-01 2.2236891499e-02
   outer loop
     vertex 2.6129705358e+00 5.3630968342e-04 5.2926306331e-01
     vertex 2.6290251399e+00 2.5082346945e-04 4.6141298421e-01
     vertex 2.6235754149e+00 1.3473545913e-03 5.2925598542e-01
   endloop
 endfacet
 facet normal  7.8874859317e-02 -9.9663183422e-01 2.2444232817e-02
   outer loop
     vertex 2.6290251399e+00 2.5082346945e-04 4.6141298421e-01
     vertex 2.6402818648e+00 1.1415216187e-03 4.6140521120e-01
     vertex 2.6235754149e+00 1.3473545913e-03 5.2925598542e-01
   endloop
 endfacet
 facet normal  7.8874859317e-02 -9.9663183422e-01 2.2444232817e-02
   outer loop
     vertex 2.6235754149e+00 1.3473545913e-03 5.2925598542e-01
     vertex 2.6402818648e+00 1.1415216187e-03 4.6140521120e-01
     vertex 2.6311097965e+00 1.9435190896e-03 5.2925078277e-01
   endloop
 endfacet
 facet normal  8.0775088893e-02 -9.9647384747e-01 2.2699258016e-02
   outer loop
     vertex 2.6402818648e+00 1.1415216187e-03 4.6140521120e-01
     vertex 2.6481141286e+00 1.7762859573e-03 4.6139967170e-01
     vertex 2.6311097965e+00 1.9435190896e-03 5.2925078277e-01
   endloop
 endfacet
 facet normal  8.0775088893e-02 -9.9647384747e-01 2.2699258016e-02
   outer loop
     vertex 2.6311097965e+00 1.9435190896e-03 5.2925078277e-01
     vertex 2.6481141286e+00 1.7762859573e-03 4.6139967170e-01
     vertex 2.6363521085e+00 2.3683812763e-03 5.2924707506e-01
   endloop
 endfacet
 facet normal  8.0775088893e-02 9.9671823636e-01 5.3049342189e-03
   outer loop
     vertex 2.6363521085e+00 2.3683812763e-03 5.2924707506e-01
     vertex 2.6219377283e+00 3.1754366304e-03 5.9709260249e-01
     vertex 2.6245900885e+00 2.9604765954e-03 5.9709447842e-01
   endloop
 endfacet
 facet normal  8.0775088893e-02 9.9671823636e-01 5.3049342189e-03
   outer loop
     vertex 2.6363521085e+00 2.3683812763e-03 5.2924707506e-01
     vertex 2.6311097965e+00 2.7932434631e-03 5.2924336734e-01
     vertex 2.6219377283e+00 3.1754366304e-03 5.9709260249e-01
   endloop
 endfacet
 facet normal  7.8874859317e-02 9.9687174824e-01 5.0471906123e-03
   outer loop
     vertex 2.6311097965e+00 2.7932434631e-03 5.2924336734e-01
     vertex 2.6181256900e+00 3.4770674778e-03 5.9708997020e-01
     vertex 2.6219377283e+00 3.1754366304e-03 5.9709260249e-01
   endloop
 endfacet
 facet normal  7.8874859317e-02 9.9687174824e-01 5.0471906123e-03
   outer loop
     vertex 2.6311097965e+00 2.7932434631e-03 5.2924336734e-01
     vertex 2.6235754149e+00 3.3894079614e-03 5.2923816469e-01
     vertex 2.6181256900e+00 3.4770674778e-03 5.9708997020e-01
   endloop
 endfacet
 facet normal  7.6251683596e-02 9.9707687344e-01 4.8362372364e-03
   outer loop
     vertex 2.6235754149e+00 3.3894079614e-03 5.2923816469e-01
     vertex 2.6127601261e+00 3.8874175799e-03 5.9708638913e-01
     vertex 2.6181256900e+00 3.4770674778e-03 5.9708997020e-01
   endloop
 endfacet
 facet normal  7.6251683596e-02 9.9707687344e-01 4.8362372364e-03
   outer loop
     vertex 2.6235754149e+00 3.3894079614e-03 5.2923816469e-01
     vertex 2.6129705358e+00 4.2004528693e-03 5.2923108681e-01
     vertex 2.6127601261e+00 3.8874175799e-03 5.9708638913e-01
   endloop
 endfacet
 facet normal  7.2765400612e-02 9.9733740536e-01 4.8266286727e-03
   outer loop
     vertex 2.6129705358e+00 4.2004528693e-03 5.2923108681e-01
     vertex 2.6054257903e+00 4.4225508442e-03 5.9708171909e-01
     vertex 2.6127601261e+00 3.8874175799e-03 5.9708638913e-01
   endloop
 endfacet
 facet normal  7.2765400612e-02 9.9733740536e-01 4.8266286727e-03
   outer loop
     vertex 2.6129705358e+00 4.2004528693e-03 5.2923108681e-01
     vertex 2.5984744368e+00 5.2581280268e-03 5.2922185662e-01
     vertex 2.6054257903e+00 4.4225508442e-03 5.9708171909e-01
   endloop
 endfacet
 facet normal  6.8239508661e-02 9.9765492098e-01 5.2941566408e-03
   outer loop
     vertex 2.5984744368e+00 5.2581280268e-03 5.2922185662e-01
     vertex 2.5957915478e+00 5.0815627031e-03 5.9707596798e-01
     vertex 2.6054257903e+00 4.4225508442e-03 5.9708171909e-01
   endloop
 endfacet
 facet normal  6.8239508661e-02 9.9765492098e-01 5.2941566408e-03
   outer loop
     vertex 2.5984744368e+00 5.2581280268e-03 5.2922185662e-01
     vertex 2.5794326398e+00 6.5606455832e-03 5.2921048972e-01
     vertex 2.5957915478e+00 5.0815627031e-03 5.9707596798e-01
   endloop
 endfacet
 facet normal  6.2350511099e-02 9.9803167773e-01 6.7219049753e-03
   outer loop
     vertex 2.5794326398e+00 6.5606455832e-03 5.2921048972e-01
     vertex 2.5837770536e+00 5.8321940724e-03 5.9706941732e-01
     vertex 2.5957915478e+00 5.0815627031e-03 5.9707596798e-01
   endloop
 endfacet
 facet normal  6.2350511099e-02 9.9803167773e-01 6.7219049753e-03
   outer loop
     vertex 2.5794326398e+00 6.5606455832e-03 5.2921048972e-01
     vertex 2.5556863455e+00 8.0442464073e-03 5.2919754253e-01
     vertex 2.5837770536e+00 5.8321940724e-03 5.9706941732e-01
   endloop
 endfacet
 facet normal  5.4546179800e-02 9.9846151350e-01 9.9659587563e-03
   outer loop
     vertex 2.5556863455e+00 8.0442464073e-03 5.2919754253e-01
     vertex 2.5697285350e+00 6.5997347008e-03 5.9706271910e-01
     vertex 2.5837770536e+00 5.8321940724e-03 5.9706941732e-01
   endloop
 endfacet
 facet normal  5.4546179800e-02 9.9846151350e-01 9.9659587563e-03
   outer loop
     vertex 2.5556863455e+00 8.0442464073e-03 5.2919754253e-01
     vertex 2.5279198616e+00 9.5612678847e-03 5.2918430369e-01
     vertex 2.5697285350e+00 6.5997347008e-03 5.9706271910e-01
   endloop
 endfacet
 facet normal  4.3862323331e-02 9.9890023303e-01 1.6565658316e-02
   outer loop
     vertex 2.5279198616e+00 9.5612678847e-03 5.2918430369e-01
     vertex 2.5544865849e+00 7.2691149744e-03 5.9705687750e-01
     vertex 2.5697285350e+00 6.5997347008e-03 5.9706271910e-01
   endloop
 endfacet
 facet normal  4.3862323331e-02 9.9890023303e-01 1.6565658316e-02
   outer loop
     vertex 2.5279198616e+00 9.5612678847e-03 5.2918430369e-01
     vertex 2.4977945956e+00 1.0884278308e-02 5.2917275795e-01
     vertex 2.5544865849e+00 7.2691149744e-03 5.9705687750e-01
   endloop
 endfacet
 facet normal  2.9005977841e-02 9.9915886732e-01 2.8986395167e-02
   outer loop
     vertex 2.4977945956e+00 1.0884278308e-02 5.2917275795e-01
     vertex 2.4676531562e+00 1.1759517824e-02 5.2916511985e-01
     vertex 2.5544865849e+00 7.2691149744e-03 5.9705687750e-01
   endloop
 endfacet
 facet normal  2.9005977841e-02 9.9915886732e-01 2.8986395167e-02
   outer loop
     vertex 2.5544865849e+00 7.2691149744e-03 5.9705687750e-01
     vertex 2.4676531562e+00 1.1759517824e-02 5.2916511985e-01
     vertex 2.5392364519e+00 7.7119444916e-03 5.9705301299e-01
   endloop
 endfacet
 facet normal  8.8015355467e-03 9.9869722724e-01 5.0263120343e-02
   outer loop
     vertex 2.4676531562e+00 1.1759517824e-02 5.2916511985e-01
     vertex 2.4398468347e+00 1.2004683085e-02 5.2916298033e-01
     vertex 2.5392364519e+00 7.7119444916e-03 5.9705301299e-01
   endloop
 endfacet
 facet normal  8.8015355467e-03 9.9869722724e-01 5.0263120343e-02
   outer loop
     vertex 2.5392364519e+00 7.7119444916e-03 5.9705301299e-01
     vertex 2.4398468347e+00 1.2004683085e-02 5.2916298033e-01
     vertex 2.5251677773e+00 7.8359864391e-03 5.9705193049e-01
   endloop
 endfacet
 facet normal  -1.7472236647e-02 9.9638459039e-01 8.3141259172e-02
   outer loop
     vertex 2.4398468347e+00 1.2004683085e-02 5.2916298033e-01
     vertex 2.4160586841e+00 1.1587238773e-02 5.2916662331e-01
     vertex 2.5251677773e+00 7.8359864391e-03 5.9705193049e-01
   endloop
 endfacet
 facet normal  -1.7472236647e-02 9.9638459039e-01 8.3141259172e-02
   outer loop
     vertex 2.5251677773e+00 7.8359864391e-03 5.9705193049e-01
     vertex 2.4160586841e+00 1.1587238773e-02 5.2916662331e-01
     vertex 2.5131321059e+00 7.6247794957e-03 5.9705377367e-01
   endloop
 endfacet
 facet normal  -5.0585903880e-02 9.9020558042e-01 1.3013060686e-01
   outer loop
     vertex 2.4160586841e+00 1.1587238773e-02 5.2916662331e-01
     vertex 2.3969983629e+00 1.0612400160e-02 5.2917513060e-01
     vertex 2.5131321059e+00 7.6247794957e-03 5.9705377367e-01
   endloop
 endfacet
 facet normal  -5.0585903880e-02 9.9020558042e-01 1.3013060686e-01
   outer loop
     vertex 2.5131321059e+00 7.6247794957e-03 5.9705377367e-01
     vertex 2.3969983629e+00 1.0612400160e-02 5.2917513060e-01
     vertex 2.5034884910e+00 7.1315575780e-03 5.9705807795e-01
   endloop
 endfacet
 facet normal  -9.2493818037e-02 9.7639927464e-01 1.9516493055e-01
   outer loop
     vertex 2.3969983629e+00 1.0612400160e-02 5.2917513060e-01
     vertex 2.3825302126e+00 9.2394445672e-03 5.2918711220e-01
     vertex 2.5034884910e+00 7.1315575780e-03 5.9705807795e-01
   endloop
 endfacet
 facet normal  -9.2493818037e-02 9.7639927464e-01 1.9516493055e-01
   outer loop
     vertex 2.5034884910e+00 7.1315575780e-03 5.9705807795e-01
     vertex 2.3825302126e+00 9.2394445672e-03 5.2918711220e-01
     vertex 2.4961682959e+00 6.4369074271e-03 5.9706414007e-01
   endloop
 endfacet
 facet normal  -1.4897161790e-01 9.4583307536e-01 2.8845667027e-01
   outer loop
     vertex 2.3825302126e+00 9.2394445672e-03 5.2918711220e-01
     vertex 2.3720271267e+00 7.5807616741e-03 5.2920158730e-01
     vertex 2.4961682959e+00 6.4369074271e-03 5.9706414007e-01
   endloop
 endfacet
 facet normal  -1.4897161790e-01 9.4583307536e-01 2.8845667027e-01
   outer loop
     vertex 2.4961682959e+00 6.4369074271e-03 5.9706414007e-01
     vertex 2.3720271267e+00 7.5807616741e-03 5.2920158730e-01
     vertex 2.4908542346e+00 5.5976928681e-03 5.9707146378e-01
   endloop
 endfacet
 facet normal  -2.3706847512e-01 8.6595531367e-01 4.4036340996e-01
   outer loop
     vertex 2.3720271267e+00 7.5807616741e-03 5.2920158730e-01
     vertex 2.3647479603e+00 5.5790957192e-03 5.2921905558e-01
     vertex 2.4908542346e+00 5.5976928681e-03 5.9707146378e-01
   endloop
 endfacet
 facet normal  -2.3706847512e-01 8.6595531367e-01 4.4036340996e-01
   outer loop
     vertex 2.4908542346e+00 5.5976928681e-03 5.9707146378e-01
     vertex 2.3647479603e+00 5.5790957192e-03 5.2921905558e-01
     vertex 2.4871713230e+00 4.5849452123e-03 5.9708030190e-01
   endloop
 endfacet
 facet normal  -4.1574095894e-01 5.0351753520e-01 7.5738335525e-01
   outer loop
     vertex 2.3647479603e+00 5.5790957192e-03 5.2921905558e-01
     vertex 2.3609104035e+00 2.3683812763e-03 5.2924707506e-01
     vertex 2.4871713230e+00 4.5849452123e-03 5.9708030190e-01
   endloop
 endfacet
 facet normal  -4.1574095894e-01 5.0351753520e-01 7.5738335525e-01
   outer loop
     vertex 2.4871713230e+00 4.5849452123e-03 5.9708030190e-01
     vertex 2.3609104035e+00 2.3683812763e-03 5.2924707506e-01
     vertex 2.4852297020e+00 2.9604765954e-03 5.9709447842e-01
   endloop
 endfacet
 facet normal  -4.1574095894e-01 -4.9022268489e-01 7.6605559477e-01
   outer loop
     vertex 2.3609104035e+00 2.3683812763e-03 5.2924707506e-01
     vertex 2.4871713230e+00 1.3360079785e-03 5.9710865494e-01
     vertex 2.4852297020e+00 2.9604765954e-03 5.9709447842e-01
   endloop
 endfacet
 facet normal  -4.1574095894e-01 -4.9022268489e-01 7.6605559477e-01
   outer loop
     vertex 2.3609104035e+00 2.3683812763e-03 5.2924707506e-01
     vertex 2.3647479603e+00 -8.4233316647e-04 5.2927509454e-01
     vertex 2.4871713230e+00 1.3360079785e-03 5.9710865494e-01
   endloop
 endfacet
 facet normal  -2.3706847512e-01 -8.5813802327e-01 4.5540934458e-01
   outer loop
     vertex 2.3647479603e+00 -8.4233316647e-04 5.2927509454e-01
     vertex 2.4908542346e+00 3.2326032277e-04 5.9711749306e-01
     vertex 2.4871713230e+00 1.3360079785e-03 5.9710865494e-01
   endloop
 endfacet
 facet normal  -2.3706847512e-01 -8.5813802327e-01 4.5540934458e-01
   outer loop
     vertex 2.3647479603e+00 -8.4233316647e-04 5.2927509454e-01
     vertex 2.3720271267e+00 -2.8439991214e-03 5.2929256281e-01
     vertex 2.4908542346e+00 3.2326032277e-04 5.9711749306e-01
   endloop
 endfacet
 facet normal  -1.4897161790e-01 -9.4065475735e-01 3.0491980017e-01
   outer loop
     vertex 2.3720271267e+00 -2.8439991214e-03 5.2929256281e-01
     vertex 2.4961682959e+00 -5.1595423625e-04 5.9712481677e-01
     vertex 2.4908542346e+00 3.2326032277e-04 5.9711749306e-01
   endloop
 endfacet
 facet normal  -1.4897161790e-01 -9.4065475735e-01 3.0491980017e-01
   outer loop
     vertex 2.3720271267e+00 -2.8439991214e-03 5.2929256281e-01
     vertex 2.3825302126e+00 -4.5026820145e-03 5.2930703792e-01
     vertex 2.4961682959e+00 -5.1595423625e-04 5.9712481677e-01
   endloop
 endfacet
 facet normal  -9.2493818037e-02 -9.7284446661e-01 2.1217572297e-01
   outer loop
     vertex 2.3825302126e+00 -4.5026820145e-03 5.2930703792e-01
     vertex 2.5034884910e+00 -1.2106043871e-03 5.9713087889e-01
     vertex 2.4961682959e+00 -5.1595423625e-04 5.9712481677e-01
   endloop
 endfacet
 facet normal  -9.2493818037e-02 -9.7284446661e-01 2.1217572297e-01
   outer loop
     vertex 2.3825302126e+00 -4.5026820145e-03 5.2930703792e-01
     vertex 2.3969983629e+00 -5.8756376069e-03 5.2931901952e-01
     vertex 2.5034884910e+00 -1.2106043871e-03 5.9713087889e-01
   endloop
 endfacet
 facet normal  -5.0585903880e-02 -9.8778367507e-01 1.4739225758e-01
   outer loop
     vertex 2.3969983629e+00 -5.8756376069e-03 5.2931901952e-01
     vertex 2.5131321059e+00 -1.7038263049e-03 5.9713518318e-01
     vertex 2.5034884910e+00 -1.2106043871e-03 5.9713087889e-01
   endloop
 endfacet
 facet normal  -5.0585903880e-02 -9.8778367507e-01 1.4739225758e-01
   outer loop
     vertex 2.3969983629e+00 -5.8756376069e-03 5.2931901952e-01
     vertex 2.4160586841e+00 -6.8504762208e-03 5.2932752681e-01
     vertex 2.5131321059e+00 -1.7038263049e-03 5.9713518318e-01
   endloop
 endfacet
 facet normal  -1.7472236647e-02 -9.9478182115e-01 1.0051790520e-01
   outer loop
     vertex 2.4160586841e+00 -6.8504762208e-03 5.2932752681e-01
     vertex 2.5251677773e+00 -1.9150332482e-03 5.9713702635e-01
     vertex 2.5131321059e+00 -1.7038263049e-03 5.9713518318e-01
   endloop
 endfacet
 facet normal  -1.7472236647e-02 -9.9478182115e-01 1.0051790520e-01
   outer loop
     vertex 2.4160586841e+00 -6.8504762208e-03 5.2932752681e-01
     vertex 2.4398468347e+00 -7.2679205323e-03 5.2933116979e-01
     vertex 2.5251677773e+00 -1.9150332482e-03 5.9713702635e-01
   endloop
 endfacet
 facet normal  8.8015355467e-03 -9.9766790841e-01 6.7685134944e-02
   outer loop
     vertex 2.4398468347e+00 -7.2679205323e-03 5.2933116979e-01
     vertex 2.5392364519e+00 -1.7909913008e-03 5.9713594385e-01
     vertex 2.5251677773e+00 -1.9150332482e-03 5.9713702635e-01
   endloop
 endfacet
 facet normal  8.8015355467e-03 -9.9766790841e-01 6.7685134944e-02
   outer loop
     vertex 2.4398468347e+00 -7.2679205323e-03 5.2933116979e-01
     vertex 2.4676531562e+00 -7.0227552714e-03 5.2932903027e-01
     vertex 2.5392364519e+00 -1.7909913008e-03 5.9713594385e-01
   endloop
 endfacet
 facet normal  2.9005977841e-02 -9.9850080824e-01 4.6419707046e-02
   outer loop
     vertex 2.4676531562e+00 -7.0227552714e-03 5.2932903027e-01
     vertex 2.5544865849e+00 -1.3481617836e-03 5.9713207934e-01
     vertex 2.5392364519e+00 -1.7909913008e-03 5.9713594385e-01
   endloop
 endfacet
 facet normal  2.9005977841e-02 -9.9850080824e-01 4.6419707046e-02
   outer loop
     vertex 2.4676531562e+00 -7.0227552714e-03 5.2932903027e-01
     vertex 2.4977945956e+00 -6.1475157551e-03 5.2932139217e-01
     vertex 2.5544865849e+00 -1.3481617836e-03 5.9713207934e-01
   endloop
 endfacet
 facet normal  4.3862323331e-02 -9.9845898509e-01 3.3996348143e-02
   outer loop
     vertex 2.4977945956e+00 -6.1475157551e-03 5.2932139217e-01
     vertex 2.5279198616e+00 -4.8245053320e-03 5.2930984643e-01
     vertex 2.5544865849e+00 -1.3481617836e-03 5.9713207934e-01
   endloop
 endfacet
 facet normal  4.3862323331e-02 -9.9845898509e-01 3.3996348143e-02
   outer loop
     vertex 2.5544865849e+00 -1.3481617836e-03 5.9713207934e-01
     vertex 2.5279198616e+00 -4.8245053320e-03 5.2930984643e-01
     vertex 2.5697285350e+00 -6.7878150998e-04 5.9712623774e-01
   endloop
 endfacet
 facet normal  5.4546179800e-02 -9.9813551301e-01 2.7389997038e-02
   outer loop
     vertex 2.5279198616e+00 -4.8245053320e-03 5.2930984643e-01
     vertex 2.5556863455e+00 -3.3074838546e-03 5.2929660758e-01
     vertex 2.5697285350e+00 -6.7878150998e-04 5.9712623774e-01
   endloop
 endfacet
 facet normal  5.4546179800e-02 -9.9813551301e-01 2.7389997038e-02
   outer loop
     vertex 2.5697285350e+00 -6.7878150998e-04 5.9712623774e-01
     vertex 2.5556863455e+00 -3.3074838546e-03 5.2929660758e-01
     vertex 2.5837770536e+00 8.8759118454e-05 5.9711953952e-01
   endloop
 endfacet
 facet normal  6.2350511099e-02 -9.9776235926e-01 2.4138935674e-02
   outer loop
     vertex 2.5556863455e+00 -3.3074838546e-03 5.2929660758e-01
     vertex 2.5794326398e+00 -1.8238830305e-03 5.2928366039e-01
     vertex 2.5837770536e+00 8.8759118454e-05 5.9711953952e-01
   endloop
 endfacet
 facet normal  6.2350511099e-02 -9.9776235926e-01 2.4138935674e-02
   outer loop
     vertex 2.5837770536e+00 8.8759118454e-05 5.9711953952e-01
     vertex 2.5794326398e+00 -1.8238830305e-03 5.2928366039e-01
     vertex 2.5957915478e+00 8.3939048781e-04 5.9711298886e-01
   endloop
 endfacet
 facet normal  6.8239508661e-02 -9.9741057753e-01 2.2704829480e-02
   outer loop
     vertex 2.5794326398e+00 -1.8238830305e-03 5.2928366039e-01
     vertex 2.5984744368e+00 -5.2136547415e-04 5.2927229350e-01
     vertex 2.5957915478e+00 8.3939048781e-04 5.9711298886e-01
   endloop
 endfacet
 facet normal  6.8239508661e-02 -9.9741057753e-01 2.2704829480e-02
   outer loop
     vertex 2.5957915478e+00 8.3939048781e-04 5.9711298886e-01
     vertex 2.5984744368e+00 -5.2136547415e-04 5.2927229350e-01
     vertex 2.6054257903e+00 1.4984023467e-03 5.9710723775e-01
   endloop
 endfacet
 facet normal  7.2765400612e-02 -9.9710126976e-01 2.2231831307e-02
   outer loop
     vertex 2.5984744368e+00 -5.2136547415e-04 5.2927229350e-01
     vertex 2.6129705358e+00 5.3630968342e-04 5.2926306331e-01
     vertex 2.6054257903e+00 1.4984023467e-03 5.9710723775e-01
   endloop
 endfacet
 facet normal  7.2765400612e-02 -9.9710126976e-01 2.2231831307e-02
   outer loop
     vertex 2.6054257903e+00 1.4984023467e-03 5.9710723775e-01
     vertex 2.6129705358e+00 5.3630968342e-04 5.2926306331e-01
     vertex 2.6127601261e+00 2.0335356109e-03 5.9710256771e-01
   endloop
 endfacet
 facet normal  7.6251683596e-02 -9.9684060983e-01 2.2236891499e-02
   outer loop
     vertex 2.6129705358e+00 5.3630968342e-04 5.2926306331e-01
     vertex 2.6235754149e+00 1.3473545913e-03 5.2925598542e-01
     vertex 2.6127601261e+00 2.0335356109e-03 5.9710256771e-01
   endloop
 endfacet
 facet normal  7.6251683596e-02 -9.9684060983e-01 2.2236891499e-02
   outer loop
     vertex 2.6127601261e+00 2.0335356109e-03 5.9710256771e-01
     vertex 2.6235754149e+00 1.3473545913e-03 5.2925598542e-01
     vertex 2.6181256900e+00 2.4438857131e-03 5.9709898664e-01
   endloop
 endfacet
 facet normal  7.8874859317e-02 -9.9663183422e-01 2.2444232817e-02
   outer loop
     vertex 2.6235754149e+00 1.3473545913e-03 5.2925598542e-01
     vertex 2.6311097965e+00 1.9435190896e-03 5.2925078277e-01
     vertex 2.6181256900e+00 2.4438857131e-03 5.9709898664e-01
   endloop
 endfacet
 facet normal  7.8874859317e-02 -9.9663183422e-01 2.2444232817e-02
   outer loop
     vertex 2.6181256900e+00 2.4438857131e-03 5.9709898664e-01
     vertex 2.6311097965e+00 1.9435190896e-03 5.2925078277e-01
     vertex 2.6219377283e+00 2.7455165605e-03 5.9709635435e-01
   endloop
 endfacet
 facet normal  8.0775088893e-02 -9.9647384747e-01 2.2699258016e-02
   outer loop
     vertex 2.6311097965e+00 1.9435190896e-03 5.2925078277e-01
     vertex 2.6363521085e+00 2.3683812763e-03 5.2924707506e-01
     vertex 2.6219377283e+00 2.7455165605e-03 5.9709635435e-01
   endloop
 endfacet
 facet normal  8.0775088893e-02 -9.9647384747e-01 2.2699258016e-02
   outer loop
     vertex 2.6219377283e+00 2.7455165605e-03 5.9709635435e-01
     vertex 2.6363521085e+00 2.3683812763e-03 5.2924707506e-01
     vertex 2.6245900885e+00 2.9604765954e-03 5.9709447842e-01
   endloop
 endfacet
 facet normal  -5.1411070957e-17 8.7265354977e-03 9.9996192306e-01
   outer loop
     vertex 2.6245900885e+00 2.9604765954e-03 5.9709447842e-01
     vertex 2.6219377283e+00 3.1754366304e-03 5.9709260249e-01
     vertex 2.6219377283e+00 3.0679566129e-03 5.9709354046e-01
   endloop
 endfacet
 facet normal  -4.3041600671e-14 8.7265354977e-03 9.9996192306e-01
   outer loop
     vertex 2.6219377283e+00 3.1754366304e-03 5.9709260249e-01
     vertex 2.6181256900e+00 3.2187720366e-03 5.9709222431e-01
     vertex 2.6219377283e+00 3.0679566129e-03 5.9709354046e-01
   endloop
 endfacet
 facet normal  -3.5822322956e-14 8.7265354983e-03 9.9996192306e-01
   outer loop
     vertex 2.6219377283e+00 3.1754366304e-03 5.9709260249e-01
     vertex 2.6181256900e+00 3.4770674778e-03 5.9708997020e-01
     vertex 2.6181256900e+00 3.2187720366e-03 5.9709222431e-01
   endloop
 endfacet
 facet normal  4.5479955347e-15 8.7265354983e-03 9.9996192306e-01
   outer loop
     vertex 2.6181256900e+00 3.4770674778e-03 5.9708997020e-01
     vertex 2.6127601261e+00 3.4239470877e-03 5.9709043377e-01
     vertex 2.6181256900e+00 3.2187720366e-03 5.9709222431e-01
   endloop
 endfacet
 facet normal  2.6957894882e-15 8.7265354985e-03 9.9996192306e-01
   outer loop
     vertex 2.6181256900e+00 3.4770674778e-03 5.9708997020e-01
     vertex 2.6127601261e+00 3.8874175799e-03 5.9708638913e-01
     vertex 2.6127601261e+00 3.4239470877e-03 5.9709043377e-01
   endloop
 endfacet
 facet normal  2.7836833939e-15 8.7265354985e-03 9.9996192306e-01
   outer loop
     vertex 2.6127601261e+00 3.8874175799e-03 5.9708638913e-01
     vertex 2.6054257903e+00 3.6915137198e-03 5.9708809876e-01
     vertex 2.6127601261e+00 3.4239470877e-03 5.9709043377e-01
   endloop
 endfacet
 facet normal  1.1639033821e-14 8.7265354982e-03 9.9996192306e-01
   outer loop
     vertex 2.6127601261e+00 3.8874175799e-03 5.9708638913e-01
     vertex 2.6054257903e+00 4.4225508442e-03 5.9708171909e-01
     vertex 2.6054257903e+00 3.6915137198e-03 5.9708809876e-01
   endloop
 endfacet
 facet normal  -2.6295173876e-15 8.7265354982e-03 9.9996192306e-01
   outer loop
     vertex 2.6054257903e+00 4.4225508442e-03 5.9708171909e-01
     vertex 2.5957915478e+00 4.0210196492e-03 5.9708522320e-01
     vertex 2.6054257903e+00 3.6915137198e-03 5.9708809876e-01
   endloop
 endfacet
 facet normal  -1.2351383797e-14 8.7265354984e-03 9.9996192306e-01
   outer loop
     vertex 2.6054257903e+00 4.4225508442e-03 5.9708171909e-01
     vertex 2.5957915478e+00 5.0815627031e-03 5.9707596798e-01
     vertex 2.5957915478e+00 4.0210196492e-03 5.9708522320e-01
   endloop
 endfacet
 facet normal  -4.3386759710e-15 8.7265354984e-03 9.9996192306e-01
   outer loop
     vertex 2.5957915478e+00 5.0815627031e-03 5.9707596798e-01
     vertex 2.5837770536e+00 4.3963353339e-03 5.9708194787e-01
     vertex 2.5957915478e+00 4.0210196492e-03 5.9708522320e-01
   endloop
 endfacet
 facet normal  -1.9995095713e-15 8.7265354984e-03 9.9996192306e-01
   outer loop
     vertex 2.5957915478e+00 5.0815627031e-03 5.9707596798e-01
     vertex 2.5837770536e+00 5.8321940724e-03 5.9706941732e-01
     vertex 2.5837770536e+00 4.3963353339e-03 5.9708194787e-01
   endloop
 endfacet
 facet normal  5.6466757384e-15 8.7265354984e-03 9.9996192306e-01
   outer loop
     vertex 2.5837770536e+00 5.8321940724e-03 5.9706941732e-01
     vertex 2.5697285350e+00 4.7801056481e-03 5.9707859876e-01
     vertex 2.5837770536e+00 4.3963353339e-03 5.9708194787e-01
   endloop
 endfacet
 facet normal  8.9118094058e-15 8.7265354983e-03 9.9996192306e-01
   outer loop
     vertex 2.5837770536e+00 5.8321940724e-03 5.9706941732e-01
     vertex 2.5697285350e+00 6.5997347008e-03 5.9706271910e-01
     vertex 2.5697285350e+00 4.7801056481e-03 5.9707859876e-01
   endloop
 endfacet
 facet normal  5.8543773665e-16 8.7265354983e-03 9.9996192306e-01
   outer loop
     vertex 2.5697285350e+00 6.5997347008e-03 5.9706271910e-01
     vertex 2.5544865849e+00 5.1147957849e-03 5.9707567796e-01
     vertex 2.5697285350e+00 4.7801056481e-03 5.9707859876e-01
   endloop
 endfacet
 facet normal  -4.0319583614e-15 8.7265354984e-03 9.9996192306e-01
   outer loop
     vertex 2.5697285350e+00 6.5997347008e-03 5.9706271910e-01
     vertex 2.5544865849e+00 7.2691149744e-03 5.9705687750e-01
     vertex 2.5544865849e+00 5.1147957849e-03 5.9707567796e-01
   endloop
 endfacet
 facet normal  -3.3791766162e-15 8.7265354984e-03 9.9996192306e-01
   outer loop
     vertex 2.5544865849e+00 7.2691149744e-03 5.9705687750e-01
     vertex 2.5392364519e+00 7.7119444916e-03 5.9705301299e-01
     vertex 2.5544865849e+00 5.1147957849e-03 5.9707567796e-01
   endloop
 endfacet
 facet normal  -5.5117919439e-15 8.7265354984e-03 9.9996192306e-01
   outer loop
     vertex 2.5544865849e+00 5.1147957849e-03 5.9707567796e-01
     vertex 2.5392364519e+00 7.7119444916e-03 5.9705301299e-01
     vertex 2.5392364519e+00 5.3362105435e-03 5.9707374570e-01
   endloop
 endfacet
 facet normal  9.8076782469e-15 8.7265354984e-03 9.9996192306e-01
   outer loop
     vertex 2.5392364519e+00 7.7119444916e-03 5.9705301299e-01
     vertex 2.5251677773e+00 7.8359864391e-03 5.9705193049e-01
     vertex 2.5392364519e+00 5.3362105435e-03 5.9707374570e-01
   endloop
 endfacet
 facet normal  7.3260717620e-16 8.7265354983e-03 9.9996192306e-01
   outer loop
     vertex 2.5392364519e+00 5.3362105435e-03 5.9707374570e-01
     vertex 2.5251677773e+00 7.8359864391e-03 5.9705193049e-01
     vertex 2.5251677773e+00 5.3982315173e-03 5.9707320446e-01
   endloop
 endfacet
 facet normal  -1.2894440820e-14 8.7265354983e-03 9.9996192306e-01
   outer loop
     vertex 2.5251677773e+00 7.8359864391e-03 5.9705193049e-01
     vertex 2.5131321059e+00 7.6247794957e-03 5.9705377367e-01
     vertex 2.5251677773e+00 5.3982315173e-03 5.9707320446e-01
   endloop
 endfacet
 facet normal  -6.7393079937e-15 8.7265354984e-03 9.9996192306e-01
   outer loop
     vertex 2.5251677773e+00 5.3982315173e-03 5.9707320446e-01
     vertex 2.5131321059e+00 7.6247794957e-03 5.9705377367e-01
     vertex 2.5131321059e+00 5.2926280456e-03 5.9707412604e-01
   endloop
 endfacet
 facet normal  3.4046058979e-15 8.7265354984e-03 9.9996192306e-01
   outer loop
     vertex 2.5131321059e+00 7.6247794957e-03 5.9705377367e-01
     vertex 2.5034884910e+00 7.1315575780e-03 5.9705807795e-01
     vertex 2.5131321059e+00 5.2926280456e-03 5.9707412604e-01
   endloop
 endfacet
 facet normal  6.9780729208e-15 8.7265354984e-03 9.9996192306e-01
   outer loop
     vertex 2.5131321059e+00 5.2926280456e-03 5.9707412604e-01
     vertex 2.5034884910e+00 7.1315575780e-03 5.9705807795e-01
     vertex 2.5034884910e+00 5.0460170867e-03 5.9707627818e-01
   endloop
 endfacet
 facet normal  1.8475530131e-15 8.7265354984e-03 9.9996192306e-01
   outer loop
     vertex 2.5034884910e+00 7.1315575780e-03 5.9705807795e-01
     vertex 2.4961682959e+00 6.4369074271e-03 5.9706414007e-01
     vertex 2.5034884910e+00 5.0460170867e-03 5.9707627818e-01
   endloop
 endfacet
 facet normal  1.1082327891e-15 8.7265354984e-03 9.9996192306e-01
   outer loop
     vertex 2.5034884910e+00 5.0460170867e-03 5.9707627818e-01
     vertex 2.4961682959e+00 6.4369074271e-03 5.9706414007e-01
     vertex 2.4961682959e+00 4.6986920113e-03 5.9707930924e-01
   endloop
 endfacet
 facet normal  1.3992340129e-14 8.7265354984e-03 9.9996192306e-01
   outer loop
     vertex 2.4961682959e+00 6.4369074271e-03 5.9706414007e-01
     vertex 2.4908542346e+00 5.5976928681e-03 5.9707146378e-01
     vertex 2.4961682959e+00 4.6986920113e-03 5.9707930924e-01
   endloop
 endfacet
 facet normal  2.1014075763e-15 8.7265354983e-03 9.9996192306e-01
   outer loop
     vertex 2.4961682959e+00 4.6986920113e-03 5.9707930924e-01
     vertex 2.4908542346e+00 5.5976928681e-03 5.9707146378e-01
     vertex 2.4908542346e+00 4.2790847318e-03 5.9708297110e-01
   endloop
 endfacet
 facet normal  1.5470135846e-14 8.7265354983e-03 9.9996192306e-01
   outer loop
     vertex 2.4908542346e+00 5.5976928681e-03 5.9707146378e-01
     vertex 2.4871713230e+00 4.5849452123e-03 5.9708030190e-01
     vertex 2.4908542346e+00 4.2790847318e-03 5.9708297110e-01
   endloop
 endfacet
 facet normal  1.8233636939e-14 8.7265354983e-03 9.9996192306e-01
   outer loop
     vertex 2.4908542346e+00 4.2790847318e-03 5.9708297110e-01
     vertex 2.4871713230e+00 4.5849452123e-03 5.9708030190e-01
     vertex 2.4871713230e+00 3.7727109039e-03 5.9708739016e-01
   endloop
 endfacet
 facet normal  5.2449097798e-18 8.7265354983e-03 9.9996192306e-01
   outer loop
     vertex 2.4871713230e+00 4.5849452123e-03 5.9708030190e-01
     vertex 2.4852297020e+00 2.9604765954e-03 5.9709447842e-01
     vertex 2.4871713230e+00 3.7727109039e-03 5.9708739016e-01
   endloop
 endfacet
 facet normal  6.2938917357e-18 8.7265354985e-03 9.9996192306e-01
   outer loop
     vertex 2.4852297020e+00 2.9604765954e-03 5.9709447842e-01
     vertex 2.4871713230e+00 1.3360079785e-03 5.9710865494e-01
     vertex 2.4871713230e+00 2.1482422870e-03 5.9710156668e-01
   endloop
 endfacet
 facet normal  3.0717105594e-14 8.7265354985e-03 9.9996192306e-01
   outer loop
     vertex 2.4871713230e+00 1.3360079785e-03 5.9710865494e-01
     vertex 2.4908542346e+00 1.6418684591e-03 5.9710598574e-01
     vertex 2.4871713230e+00 2.1482422870e-03 5.9710156668e-01
   endloop
 endfacet
 facet normal  4.4833800095e-14 8.7265354983e-03 9.9996192306e-01
   outer loop
     vertex 2.4871713230e+00 1.3360079785e-03 5.9710865494e-01
     vertex 2.4908542346e+00 3.2326032277e-04 5.9711749306e-01
     vertex 2.4908542346e+00 1.6418684591e-03 5.9710598574e-01
   endloop
 endfacet
 facet normal  -2.2985222511e-14 8.7265354983e-03 9.9996192306e-01
   outer loop
     vertex 2.4908542346e+00 3.2326032277e-04 5.9711749306e-01
     vertex 2.4961682959e+00 1.2222611796e-03 5.9710964760e-01
     vertex 2.4908542346e+00 1.6418684591e-03 5.9710598574e-01
   endloop
 endfacet
 facet normal  -4.5679452902e-14 8.7265354984e-03 9.9996192306e-01
   outer loop
     vertex 2.4908542346e+00 3.2326032277e-04 5.9711749306e-01
     vertex 2.4961682959e+00 -5.1595423625e-04 5.9712481677e-01
     vertex 2.4961682959e+00 1.2222611796e-03 5.9710964760e-01
   endloop
 endfacet
 facet normal  1.7088744186e-14 8.7265354984e-03 9.9996192306e-01
   outer loop
     vertex 2.4961682959e+00 -5.1595423625e-04 5.9712481677e-01
     vertex 2.5034884910e+00 8.7493610414e-04 5.9711267866e-01
     vertex 2.4961682959e+00 1.2222611796e-03 5.9710964760e-01
   endloop
 endfacet
 facet normal  1.8370745159e-14 8.7265354984e-03 9.9996192306e-01
   outer loop
     vertex 2.4961682959e+00 -5.1595423625e-04 5.9712481677e-01
     vertex 2.5034884910e+00 -1.2106043871e-03 5.9713087889e-01
     vertex 2.5034884910e+00 8.7493610414e-04 5.9711267866e-01
   endloop
 endfacet
 facet normal  -5.6213807764e-15 8.7265354984e-03 9.9996192306e-01
   outer loop
     vertex 2.5034884910e+00 -1.2106043871e-03 5.9713087889e-01
     vertex 2.5131321059e+00 6.2832514527e-04 5.9711483080e-01
     vertex 2.5034884910e+00 8.7493610414e-04 5.9711267866e-01
   endloop
 endfacet
 facet normal  -9.7439429482e-16 8.7265354984e-03 9.9996192306e-01
   outer loop
     vertex 2.5034884910e+00 -1.2106043871e-03 5.9713087889e-01
     vertex 2.5131321059e+00 -1.7038263049e-03 5.9713518318e-01
     vertex 2.5131321059e+00 6.2832514527e-04 5.9711483080e-01
   endloop
 endfacet
 facet normal  -2.0699496773e-15 8.7265354984e-03 9.9996192306e-01
   outer loop
     vertex 2.5131321059e+00 -1.7038263049e-03 5.9713518318e-01
     vertex 2.5251677773e+00 5.2272167360e-04 5.9711575239e-01
     vertex 2.5131321059e+00 6.2832514527e-04 5.9711483080e-01
   endloop
 endfacet
 facet normal  -3.9596850890e-15 8.7265354984e-03 9.9996192306e-01
   outer loop
     vertex 2.5131321059e+00 -1.7038263049e-03 5.9713518318e-01
     vertex 2.5251677773e+00 -1.9150332482e-03 5.9713702635e-01
     vertex 2.5251677773e+00 5.2272167360e-04 5.9711575239e-01
   endloop
 endfacet
 facet normal  6.7556156655e-15 8.7265354984e-03 9.9996192306e-01
   outer loop
     vertex 2.5251677773e+00 -1.9150332482e-03 5.9713702635e-01
     vertex 2.5392364519e+00 5.8474264733e-04 5.9711521114e-01
     vertex 2.5251677773e+00 5.2272167360e-04 5.9711575239e-01
   endloop
 endfacet
 facet normal  1.3865094285e-14 8.7265354984e-03 9.9996192306e-01
   outer loop
     vertex 2.5251677773e+00 -1.9150332482e-03 5.9713702635e-01
     vertex 2.5392364519e+00 -1.7909913008e-03 5.9713594385e-01
     vertex 2.5392364519e+00 5.8474264733e-04 5.9711521114e-01
   endloop
 endfacet
 facet normal  -1.7689860452e-15 8.7265354984e-03 9.9996192306e-01
   outer loop
     vertex 2.5392364519e+00 -1.7909913008e-03 5.9713594385e-01
     vertex 2.5544865849e+00 8.0615740593e-04 5.9711327888e-01
     vertex 2.5392364519e+00 5.8474264733e-04 5.9711521114e-01
   endloop
 endfacet
 facet normal  -3.9012926116e-15 8.7265354984e-03 9.9996192306e-01
   outer loop
     vertex 2.5392364519e+00 -1.7909913008e-03 5.9713594385e-01
     vertex 2.5544865849e+00 -1.3481617836e-03 5.9713207934e-01
     vertex 2.5544865849e+00 8.0615740593e-04 5.9711327888e-01
   endloop
 endfacet
 facet normal  -3.2505554602e-15 8.7265354984e-03 9.9996192306e-01
   outer loop
     vertex 2.5544865849e+00 -1.3481617836e-03 5.9713207934e-01
     vertex 2.5697285350e+00 -6.7878150998e-04 5.9712623774e-01
     vertex 2.5544865849e+00 8.0615740593e-04 5.9711327888e-01
   endloop
 endfacet
 facet normal  -1.9241009179e-15 8.7265354984e-03 9.9996192306e-01
   outer loop
     vertex 2.5544865849e+00 8.0615740593e-04 5.9711327888e-01
     vertex 2.5697285350e+00 -6.7878150998e-04 5.9712623774e-01
     vertex 2.5697285350e+00 1.1408475427e-03 5.9711035808e-01
   endloop
 endfacet
 facet normal  3.5604202599e-15 8.7265354984e-03 9.9996192306e-01
   outer loop
     vertex 2.5697285350e+00 -6.7878150998e-04 5.9712623774e-01
     vertex 2.5837770536e+00 8.8759118454e-05 5.9711953952e-01
     vertex 2.5697285350e+00 1.1408475427e-03 5.9711035808e-01
   endloop
 endfacet
 facet normal  2.2559557347e-15 8.7265354984e-03 9.9996192306e-01
   outer loop
     vertex 2.5697285350e+00 1.1408475427e-03 5.9711035808e-01
     vertex 2.5837770536e+00 8.8759118454e-05 5.9711953952e-01
     vertex 2.5837770536e+00 1.5246178569e-03 5.9710700897e-01
   endloop
 endfacet
 facet normal  1.9989342004e-15 8.7265354984e-03 9.9996192306e-01
   outer loop
     vertex 2.5837770536e+00 8.8759118454e-05 5.9711953952e-01
     vertex 2.5957915478e+00 8.3939048781e-04 5.9711298886e-01
     vertex 2.5837770536e+00 1.5246178569e-03 5.9710700897e-01
   endloop
 endfacet
 facet normal  4.3380592715e-15 8.7265354984e-03 9.9996192306e-01
   outer loop
     vertex 2.5837770536e+00 1.5246178569e-03 5.9710700897e-01
     vertex 2.5957915478e+00 8.3939048781e-04 5.9711298886e-01
     vertex 2.5957915478e+00 1.8999335416e-03 5.9710373364e-01
   endloop
 endfacet
 facet normal  8.2747058443e-16 8.7265354984e-03 9.9996192306e-01
   outer loop
     vertex 2.5957915478e+00 8.3939048781e-04 5.9711298886e-01
     vertex 2.6054257903e+00 1.4984023467e-03 5.9710723775e-01
     vertex 2.5957915478e+00 1.8999335416e-03 5.9710373364e-01
   endloop
 endfacet
 facet normal  -2.5638961618e-15 8.7265354983e-03 9.9996192306e-01
   outer loop
     vertex 2.5957915478e+00 1.8999335416e-03 5.9710373364e-01
     vertex 2.6054257903e+00 1.4984023467e-03 5.9710723775e-01
     vertex 2.6054257903e+00 2.2294394710e-03 5.9710085808e-01
   endloop
 endfacet
 facet normal  -7.5553906662e-15 8.7265354983e-03 9.9996192306e-01
   outer loop
     vertex 2.6054257903e+00 1.4984023467e-03 5.9710723775e-01
     vertex 2.6127601261e+00 2.0335356109e-03 5.9710256771e-01
     vertex 2.6054257903e+00 2.2294394710e-03 5.9710085808e-01
   endloop
 endfacet
 facet normal  -2.7570536435e-15 8.7265354985e-03 9.9996192306e-01
   outer loop
     vertex 2.6054257903e+00 2.2294394710e-03 5.9710085808e-01
     vertex 2.6127601261e+00 2.0335356109e-03 5.9710256771e-01
     vertex 2.6127601261e+00 2.4970061032e-03 5.9709852307e-01
   endloop
 endfacet
 facet normal  -2.6676416507e-15 8.7265354985e-03 9.9996192306e-01
   outer loop
     vertex 2.6127601261e+00 2.0335356109e-03 5.9710256771e-01
     vertex 2.6181256900e+00 2.4438857131e-03 5.9709898664e-01
     vertex 2.6127601261e+00 2.4970061032e-03 5.9709852307e-01
   endloop
 endfacet
 facet normal  -4.5192077427e-15 8.7265354983e-03 9.9996192306e-01
   outer loop
     vertex 2.6127601261e+00 2.4970061032e-03 5.9709852307e-01
     vertex 2.6181256900e+00 2.4438857131e-03 5.9709898664e-01
     vertex 2.6181256900e+00 2.7021811543e-03 5.9709673253e-01
   endloop
 endfacet
 facet normal  -2.2445235804e-14 8.7265354983e-03 9.9996192306e-01
   outer loop
     vertex 2.6181256900e+00 2.4438857131e-03 5.9709898664e-01
     vertex 2.6219377283e+00 2.7455165605e-03 5.9709635435e-01
     vertex 2.6181256900e+00 2.7021811543e-03 5.9709673253e-01
   endloop
 endfacet
 facet normal  -2.6967946967e-14 8.7265354987e-03 9.9996192306e-01
   outer loop
     vertex 2.6181256900e+00 2.7021811543e-03 5.9709673253e-01
     vertex 2.6219377283e+00 2.7455165605e-03 5.9709635435e-01
     vertex 2.6219377283e+00 2.8529965779e-03 5.9709541638e-01
   endloop
 endfacet
 facet normal  -4.9960317632e-17 8.7265354987e-03 9.9996192306e-01
   outer loop
     vertex 2.6219377283e+00 2.7455165605e-03 5.9709635435e-01
     vertex 2.6245900885e+00 2.9604765954e-03 5.9709447842e-01
     vertex 2.6219377283e+00 2.8529965779e-03 5.9709541638e-01
   endloop
 endfacet
 facet normal  -4.9914981590e-17 8.7265354977e-03 9.9996192306e-01
   outer loop
     vertex 2.6245900885e+00 2.9604765954e-03 5.9709447842e-01
     vertex 2.6219377283e+00 3.0679566129e-03 5.9709354046e-01
     vertex 2.6219377283e+00 2.9604765954e-03 5.9709447842e-01
   endloop
 endfacet
 facet normal  -1.1913410734e-17 8.7265354977e-03 9.9996192306e-01
   outer loop
     vertex 2.6219377283e+00 3.0679566129e-03 5.9709354046e-01
     vertex 2.6181256900e+00 2.9604765954e-03 5.9709447842e-01
     vertex 2.6219377283e+00 2.9604765954e-03 5.9709447842e-01
   endloop
 endfacet
 facet normal  -1.7916516854e-14 8.7265354983e-03 9.9996192306e-01
   outer loop
     vertex 2.6219377283e+00 3.0679566129e-03 5.9709354046e-01
     vertex 2.6181256900e+00 3.2187720366e-03 5.9709222431e-01
     vertex 2.6181256900e+00 2.9604765954e-03 5.9709447842e-01
   endloop
 endfacet
 facet normal  1.6928091488e-17 8.7265354983e-03 9.9996192306e-01
   outer loop
     vertex 2.6181256900e+00 3.2187720366e-03 5.9709222431e-01
     vertex 2.6127601261e+00 2.9604765954e-03 5.9709447842e-01
     vertex 2.6181256900e+00 2.9604765954e-03 5.9709447842e-01
   endloop
 endfacet
 facet normal  2.5424523767e-15 8.7265354983e-03 9.9996192306e-01
   outer loop
     vertex 2.6181256900e+00 3.2187720366e-03 5.9709222431e-01
     vertex 2.6127601261e+00 3.4239470877e-03 5.9709043377e-01
     vertex 2.6127601261e+00 2.9604765954e-03 5.9709447842e-01
   endloop
 endfacet
 facet normal  1.2384046595e-17 8.7265354983e-03 9.9996192306e-01
   outer loop
     vertex 2.6127601261e+00 3.4239470877e-03 5.9709043377e-01
     vertex 2.6054257903e+00 2.9604765954e-03 5.9709447842e-01
     vertex 2.6127601261e+00 2.9604765954e-03 5.9709447842e-01
   endloop
 endfacet
 facet normal  -3.7708399267e-15 8.7265354983e-03 9.9996192306e-01
   outer loop
     vertex 2.6127601261e+00 3.4239470877e-03 5.9709043377e-01
     vertex 2.6054257903e+00 3.6915137198e-03 5.9708809876e-01
     vertex 2.6054257903e+00 2.9604765954e-03 5.9709447842e-01
   endloop
 endfacet
 facet normal  1.5712834655e-18 8.7265354983e-03 9.9996192306e-01
   outer loop
     vertex 2.6054257903e+00 3.6915137198e-03 5.9708809876e-01
     vertex 2.5957915478e+00 2.9604765954e-03 5.9709447842e-01
     vertex 2.6054257903e+00 2.9604765954e-03 5.9709447842e-01
   endloop
 endfacet
 facet normal  1.7681957154e-15 8.7265354983e-03 9.9996192306e-01
   outer loop
     vertex 2.6054257903e+00 3.6915137198e-03 5.9708809876e-01
     vertex 2.5957915478e+00 4.0210196492e-03 5.9708522320e-01
     vertex 2.5957915478e+00 2.9604765954e-03 5.9709447842e-01
   endloop
 endfacet
 facet normal  -0.0000000000e+00 8.7265354983e-03 9.9996192306e-01
   outer loop
     vertex 2.5957915478e+00 4.0210196492e-03 5.9708522320e-01
     vertex 2.5837770536e+00 2.9604765954e-03 5.9709447842e-01
     vertex 2.5957915478e+00 2.9604765954e-03 5.9709447842e-01
   endloop
 endfacet
 facet normal  -5.6199346998e-15 8.7265354984e-03 9.9996192306e-01
   outer loop
     vertex 2.5957915478e+00 4.0210196492e-03 5.9708522320e-01
     vertex 2.5837770536e+00 4.3963353339e-03 5.9708194787e-01
     vertex 2.5837770536e+00 2.9604765954e-03 5.9709447842e-01
   endloop
 endfacet
 facet normal  -2.6939007571e-19 8.7265354984e-03 9.9996192306e-01
   outer loop
     vertex 2.5837770536e+00 4.3963353339e-03 5.9708194787e-01
     vertex 2.5697285350e+00 2.9604765954e-03 5.9709447842e-01
     vertex 2.5837770536e+00 2.9604765954e-03 5.9709447842e-01
   endloop
 endfacet
 facet normal  4.4557105599e-15 8.7265354983e-03 9.9996192306e-01
   outer loop
     vertex 2.5837770536e+00 4.3963353339e-03 5.9708194787e-01
     vertex 2.5697285350e+00 4.7801056481e-03 5.9707859876e-01
     vertex 2.5697285350e+00 2.9604765954e-03 5.9709447842e-01
   endloop
 endfacet
 facet normal  -0.0000000000e+00 8.7265354983e-03 9.9996192306e-01
   outer loop
     vertex 2.5697285350e+00 4.7801056481e-03 5.9707859876e-01
     vertex 2.5544865849e+00 2.9604765954e-03 5.9709447842e-01
     vertex 2.5697285350e+00 2.9604765954e-03 5.9709447842e-01
   endloop
 endfacet
 facet normal  4.9451064971e-16 8.7265354983e-03 9.9996192306e-01
   outer loop
     vertex 2.5697285350e+00 4.7801056481e-03 5.9707859876e-01
     vertex 2.5544865849e+00 5.1147957849e-03 5.9707567796e-01
     vertex 2.5544865849e+00 2.9604765954e-03 5.9709447842e-01
   endloop
 endfacet
 facet normal  -6.0782026096e-15 8.7265354983e-03 9.9996192306e-01
   outer loop
     vertex 2.5544865849e+00 5.1147957849e-03 5.9707567796e-01
     vertex 2.5392364519e+00 5.3362105435e-03 5.9707374570e-01
     vertex 2.5544865849e+00 2.9604765954e-03 5.9709447842e-01
   endloop
 endfacet
 facet normal  -3.6528543601e-19 8.7265354984e-03 9.9996192306e-01
   outer loop
     vertex 2.5544865849e+00 2.9604765954e-03 5.9709447842e-01
     vertex 2.5392364519e+00 5.3362105435e-03 5.9707374570e-01
     vertex 2.5392364519e+00 2.9604765954e-03 5.9709447842e-01
   endloop
 endfacet
 facet normal  9.5773153529e-16 8.7265354984e-03 9.9996192306e-01
   outer loop
     vertex 2.5392364519e+00 5.3362105435e-03 5.9707374570e-01
     vertex 2.5251677773e+00 5.3982315173e-03 5.9707320446e-01
     vertex 2.5392364519e+00 2.9604765954e-03 5.9709447842e-01
   endloop
 endfacet
 facet normal  -7.7177474449e-19 8.7265354984e-03 9.9996192306e-01
   outer loop
     vertex 2.5392364519e+00 2.9604765954e-03 5.9709447842e-01
     vertex 2.5251677773e+00 5.3982315173e-03 5.9707320446e-01
     vertex 2.5251677773e+00 2.9604765954e-03 5.9709447842e-01
   endloop
 endfacet
 facet normal  -6.8468256664e-15 8.7265354984e-03 9.9996192306e-01
   outer loop
     vertex 2.5251677773e+00 5.3982315173e-03 5.9707320446e-01
     vertex 2.5131321059e+00 5.2926280456e-03 5.9707412604e-01
     vertex 2.5251677773e+00 2.9604765954e-03 5.9709447842e-01
   endloop
 endfacet
 facet normal  -9.4298919000e-19 8.7265354984e-03 9.9996192306e-01
   outer loop
     vertex 2.5251677773e+00 2.9604765954e-03 5.9709447842e-01
     vertex 2.5131321059e+00 5.2926280456e-03 5.9707412604e-01
     vertex 2.5131321059e+00 2.9604765954e-03 5.9709447842e-01
   endloop
 endfacet
 facet normal  6.2398527682e-15 8.7265354984e-03 9.9996192306e-01
   outer loop
     vertex 2.5131321059e+00 5.2926280456e-03 5.9707412604e-01
     vertex 2.5034884910e+00 5.0460170867e-03 5.9707627818e-01
     vertex 2.5131321059e+00 2.9604765954e-03 5.9709447842e-01
   endloop
 endfacet
 facet normal  -2.6321176560e-18 8.7265354984e-03 9.9996192306e-01
   outer loop
     vertex 2.5131321059e+00 2.9604765954e-03 5.9709447842e-01
     vertex 2.5034884910e+00 5.0460170867e-03 5.9707627818e-01
     vertex 2.5034884910e+00 2.9604765954e-03 5.9709447842e-01
   endloop
 endfacet
 facet normal  9.2393904785e-16 8.7265354984e-03 9.9996192306e-01
   outer loop
     vertex 2.5034884910e+00 5.0460170867e-03 5.9707627818e-01
     vertex 2.4961682959e+00 4.6986920113e-03 5.9707930924e-01
     vertex 2.5034884910e+00 2.9604765954e-03 5.9709447842e-01
   endloop
 endfacet
 facet normal  1.0401058555e-18 8.7265354984e-03 9.9996192306e-01
   outer loop
     vertex 2.5034884910e+00 2.9604765954e-03 5.9709447842e-01
     vertex 2.4961682959e+00 4.6986920113e-03 5.9707930924e-01
     vertex 2.4961682959e+00 2.9604765954e-03 5.9709447842e-01
   endloop
 endfacet
 facet normal  -3.4488338863e-15 8.7265354984e-03 9.9996192306e-01
   outer loop
     vertex 2.4961682959e+00 4.6986920113e-03 5.9707930924e-01
     vertex 2.4908542346e+00 4.2790847318e-03 5.9708297110e-01
     vertex 2.4961682959e+00 2.9604765954e-03 5.9709447842e-01
   endloop
 endfacet
 facet normal  2.8330402107e-18 8.7265354984e-03 9.9996192306e-01
   outer loop
     vertex 2.4961682959e+00 2.9604765954e-03 5.9709447842e-01
     vertex 2.4908542346e+00 4.2790847318e-03 5.9708297110e-01
     vertex 2.4908542346e+00 2.9604765954e-03 5.9709447842e-01
   endloop
 endfacet
 facet normal  1.1232380596e-14 8.7265354984e-03 9.9996192306e-01
   outer loop
     vertex 2.4908542346e+00 4.2790847318e-03 5.9708297110e-01
     vertex 2.4871713230e+00 3.7727109039e-03 5.9708739016e-01
     vertex 2.4908542346e+00 2.9604765954e-03 5.9709447842e-01
   endloop
 endfacet
 facet normal  1.9355715412e-18 8.7265354983e-03 9.9996192306e-01
   outer loop
     vertex 2.4908542346e+00 2.9604765954e-03 5.9709447842e-01
     vertex 2.4871713230e+00 3.7727109039e-03 5.9708739016e-01
     vertex 2.4871713230e+00 2.9604765954e-03 5.9709447842e-01
   endloop
 endfacet
 facet normal  5.8474823684e-18 8.7265354983e-03 9.9996192306e-01
   outer loop
     vertex 2.4871713230e+00 3.7727109039e-03 5.9708739016e-01
     vertex 2.4852297020e+00 2.9604765954e-03 5.9709447842e-01
     vertex 2.4871713230e+00 2.9604765954e-03 5.9709447842e-01
   endloop
 endfacet
 facet normal  7.8673646696e-18 8.7265354985e-03 9.9996192306e-01
   outer loop
     vertex 2.4852297020e+00 2.9604765954e-03 5.9709447842e-01
     vertex 2.4871713230e+00 2.1482422870e-03 5.9710156668e-01
     vertex 2.4871713230e+00 2.9604765954e-03 5.9709447842e-01
   endloop
 endfacet
 facet normal  1.0275922784e-18 8.7265354985e-03 9.9996192306e-01
   outer loop
     vertex 2.4871713230e+00 2.1482422870e-03 5.9710156668e-01
     vertex 2.4908542346e+00 2.9604765954e-03 5.9709447842e-01
     vertex 2.4871713230e+00 2.9604765954e-03 5.9709447842e-01
   endloop
 endfacet
 facet normal  1.8921673848e-14 8.7265354984e-03 9.9996192306e-01
   outer loop
     vertex 2.4871713230e+00 2.1482422870e-03 5.9710156668e-01
     vertex 2.4908542346e+00 1.6418684591e-03 5.9710598574e-01
     vertex 2.4908542346e+00 2.9604765954e-03 5.9709447842e-01
   endloop
 endfacet
 facet normal  2.8486923790e-18 8.7265354984e-03 9.9996192306e-01
   outer loop
     vertex 2.4908542346e+00 1.6418684591e-03 5.9710598574e-01
     vertex 2.4961682959e+00 2.9604765954e-03 5.9709447842e-01
     vertex 2.4908542346e+00 2.9604765954e-03 5.9709447842e-01
   endloop
 endfacet
 facet normal  -1.2392752454e-14 8.7265354984e-03 9.9996192306e-01
   outer loop
     vertex 2.4908542346e+00 1.6418684591e-03 5.9710598574e-01
     vertex 2.4961682959e+00 1.2222611796e-03 5.9710964760e-01
     vertex 2.4961682959e+00 2.9604765954e-03 5.9709447842e-01
   endloop
 endfacet
 facet normal  1.0339974455e-18 8.7265354984e-03 9.9996192306e-01
   outer loop
     vertex 2.4961682959e+00 1.2222611796e-03 5.9710964760e-01
     vertex 2.5034884910e+00 2.9604765954e-03 5.9709447842e-01
     vertex 2.4961682959e+00 2.9604765954e-03 5.9709447842e-01
   endloop
 endfacet
 facet normal  1.4243008318e-14 8.7265354984e-03 9.9996192306e-01
   outer loop
     vertex 2.4961682959e+00 1.2222611796e-03 5.9710964760e-01
     vertex 2.5034884910e+00 8.7493610414e-04 5.9711267866e-01
     vertex 2.5034884910e+00 2.9604765954e-03 5.9709447842e-01
   endloop
 endfacet
 facet normal  -2.7470736606e-18 8.7265354984e-03 9.9996192306e-01
   outer loop
     vertex 2.5034884910e+00 8.7493610414e-04 5.9711267866e-01
     vertex 2.5131321059e+00 2.9604765954e-03 5.9709447842e-01
     vertex 2.5034884910e+00 2.9604765954e-03 5.9709447842e-01
   endloop
 endfacet
 facet normal  -6.2445971203e-15 8.7265354984e-03 9.9996192306e-01
   outer loop
     vertex 2.5034884910e+00 8.7493610414e-04 5.9711267866e-01
     vertex 2.5131321059e+00 6.2832514527e-04 5.9711483080e-01
     vertex 2.5131321059e+00 2.9604765954e-03 5.9709447842e-01
   endloop
 endfacet
 facet normal  -9.4332871578e-19 8.7265354984e-03 9.9996192306e-01
   outer loop
     vertex 2.5131321059e+00 6.2832514527e-04 5.9711483080e-01
     vertex 2.5251677773e+00 2.9604765954e-03 5.9709447842e-01
     vertex 2.5131321059e+00 2.9604765954e-03 5.9709447842e-01
   endloop
 endfacet
 facet normal  -1.9803077099e-15 8.7265354984e-03 9.9996192306e-01
   outer loop
     vertex 2.5131321059e+00 6.2832514527e-04 5.9711483080e-01
     vertex 2.5251677773e+00 5.2272167360e-04 5.9711575239e-01
     vertex 2.5251677773e+00 2.9604765954e-03 5.9709447842e-01
   endloop
 endfacet
 facet normal  -1.0760165020e-18 8.7265354984e-03 9.9996192306e-01
   outer loop
     vertex 2.5251677773e+00 5.2272167360e-04 5.9711575239e-01
     vertex 2.5392364519e+00 2.9604765954e-03 5.9709447842e-01
     vertex 2.5251677773e+00 2.9604765954e-03 5.9709447842e-01
   endloop
 endfacet
 facet normal  6.9320088825e-15 8.7265354984e-03 9.9996192306e-01
   outer loop
     vertex 2.5251677773e+00 5.2272167360e-04 5.9711575239e-01
     vertex 2.5392364519e+00 5.8474264733e-04 5.9711521114e-01
     vertex 2.5392364519e+00 2.9604765954e-03 5.9709447842e-01
   endloop
 endfacet
 facet normal  -2.4816383524e-19 8.7265354984e-03 9.9996192306e-01
   outer loop
     vertex 2.5392364519e+00 5.8474264733e-04 5.9711521114e-01
     vertex 2.5544865849e+00 2.9604765954e-03 5.9709447842e-01
     vertex 2.5392364519e+00 2.9604765954e-03 5.9709447842e-01
   endloop
 endfacet
 facet normal  -1.9507721897e-15 8.7265354984e-03 9.9996192306e-01
   outer loop
     vertex 2.5392364519e+00 5.8474264733e-04 5.9711521114e-01
     vertex 2.5544865849e+00 8.0615740593e-04 5.9711327888e-01
     vertex 2.5544865849e+00 2.9604765954e-03 5.9709447842e-01
   endloop
 endfacet
 facet normal  -1.6251517786e-15 8.7265354984e-03 9.9996192306e-01
   outer loop
     vertex 2.5544865849e+00 8.0615740593e-04 5.9711327888e-01
     vertex 2.5697285350e+00 1.1408475427e-03 5.9711035808e-01
     vertex 2.5544865849e+00 2.9604765954e-03 5.9709447842e-01
   endloop
 endfacet
 facet normal  2.3858899099e-19 8.7265354984e-03 9.9996192306e-01
   outer loop
     vertex 2.5544865849e+00 2.9604765954e-03 5.9709447842e-01
     vertex 2.5697285350e+00 1.1408475427e-03 5.9711035808e-01
     vertex 2.5697285350e+00 2.9604765954e-03 5.9709447842e-01
   endloop
 endfacet
 facet normal  1.7801939513e-15 8.7265354984e-03 9.9996192306e-01
   outer loop
     vertex 2.5697285350e+00 1.1408475427e-03 5.9711035808e-01
     vertex 2.5837770536e+00 1.5246178569e-03 5.9710700897e-01
     vertex 2.5697285350e+00 2.9604765954e-03 5.9709447842e-01
   endloop
 endfacet
 facet normal  0.0000000000e+00 8.7265354984e-03 9.9996192306e-01
   outer loop
     vertex 2.5697285350e+00 2.9604765954e-03 5.9709447842e-01
     vertex 2.5837770536e+00 1.5246178569e-03 5.9710700897e-01
     vertex 2.5837770536e+00 2.9604765954e-03 5.9709447842e-01
   endloop
 endfacet
 facet normal  5.6192154862e-15 8.7265354984e-03 9.9996192306e-01
   outer loop
     vertex 2.5837770536e+00 1.5246178569e-03 5.9710700897e-01
     vertex 2.5957915478e+00 1.8999335416e-03 5.9710373364e-01
     vertex 2.5837770536e+00 2.9604765954e-03 5.9709447842e-01
   endloop
 endfacet
 facet normal  -6.4915740452e-19 8.7265354983e-03 9.9996192306e-01
   outer loop
     vertex 2.5837770536e+00 2.9604765954e-03 5.9709447842e-01
     vertex 2.5957915478e+00 1.8999335416e-03 5.9710373364e-01
     vertex 2.5957915478e+00 2.9604765954e-03 5.9709447842e-01
   endloop
 endfacet
 facet normal  -1.7667385447e-15 8.7265354983e-03 9.9996192306e-01
   outer loop
     vertex 2.5957915478e+00 1.8999335416e-03 5.9710373364e-01
     vertex 2.6054257903e+00 2.2294394710e-03 5.9710085808e-01
     vertex 2.5957915478e+00 2.9604765954e-03 5.9709447842e-01
   endloop
 endfacet
 facet normal  1.6442007359e-18 8.7265354983e-03 9.9996192306e-01
   outer loop
     vertex 2.5957915478e+00 2.9604765954e-03 5.9709447842e-01
     vertex 2.6054257903e+00 2.2294394710e-03 5.9710085808e-01
     vertex 2.6054257903e+00 2.9604765954e-03 5.9709447842e-01
   endloop
 endfacet
 facet normal  3.7965645741e-15 8.7265354983e-03 9.9996192306e-01
   outer loop
     vertex 2.6054257903e+00 2.2294394710e-03 5.9710085808e-01
     vertex 2.6127601261e+00 2.4970061032e-03 5.9709852307e-01
     vertex 2.6054257903e+00 2.9604765954e-03 5.9709447842e-01
   endloop
 endfacet
 facet normal  1.1801648375e-17 8.7265354983e-03 9.9996192306e-01
   outer loop
     vertex 2.6054257903e+00 2.9604765954e-03 5.9709447842e-01
     vertex 2.6127601261e+00 2.4970061032e-03 5.9709852307e-01
     vertex 2.6127601261e+00 2.9604765954e-03 5.9709447842e-01
   endloop
 endfacet
 facet normal  -2.5110822979e-15 8.7265354983e-03 9.9996192306e-01
   outer loop
     vertex 2.6127601261e+00 2.4970061032e-03 5.9709852307e-01
     vertex 2.6181256900e+00 2.7021811543e-03 5.9709673253e-01
     vertex 2.6127601261e+00 2.9604765954e-03 5.9709447842e-01
   endloop
 endfacet
 facet normal  1.7606527788e-17 8.7265354983e-03 9.9996192306e-01
   outer loop
     vertex 2.6127601261e+00 2.9604765954e-03 5.9709447842e-01
     vertex 2.6181256900e+00 2.7021811543e-03 5.9709673253e-01
     vertex 2.6181256900e+00 2.9604765954e-03 5.9709447842e-01
   endloop
 endfacet
 facet normal  -1.1228675515e-14 8.7265354983e-03 9.9996192306e-01
   outer loop
     vertex 2.6181256900e+00 2.7021811543e-03 5.9709673253e-01
     vertex 2.6219377283e+00 2.8529965779e-03 5.9709541638e-01
     vertex 2.6181256900e+00 2.9604765954e-03 5.9709447842e-01
   endloop
 endfacet
 facet normal  -1.1923689337e-17 8.7265354987e-03 9.9996192306e-01
   outer loop
     vertex 2.6181256900e+00 2.9604765954e-03 5.9709447842e-01
     vertex 2.6219377283e+00 2.8529965779e-03 5.9709541638e-01
     vertex 2.6219377283e+00 2.9604765954e-03 5.9709447842e-01
   endloop
 endfacet
 facet normal  -4.9939898722e-17 8.7265354987e-03 9.9996192306e-01
   outer loop
     vertex 2.6219377283e+00 2.8529965779e-03 5.9709541638e-01
     vertex 2.6245900885e+00 2.9604765954e-03 5.9709447842e-01
     vertex 2.6219377283e+00 2.9604765954e-03 5.9709447842e-01
   endloop
 endfacet
endsolid
