solid
 facet normal  1.4425692122e-01 -4.0511832182e-04 -9.8954018441e-01
   outer loop
     vertex 2.7428077400e+00 0.0000000000e+00 2.5303537009e-01
     vertex 2.7344015984e+00 0.0000000000e+00 2.5180990787e-01
     vertex 2.7432661616e+00 1.3020000000e-01 2.5304889564e-01
   endloop
 endfacet
 facet normal  1.4425692122e-01 -4.0511832182e-04 -9.8954018441e-01
   outer loop
     vertex 2.7432661616e+00 1.3020000000e-01 2.5304889564e-01
     vertex 2.7344015984e+00 0.0000000000e+00 2.5180990787e-01
     vertex 2.7359023815e+00 1.3020000000e-01 2.5197539074e-01
   endloop
 endfacet
 facet normal  1.4157029897e-01 -3.7365721265e-04 -9.8992813417e-01
   outer loop
     vertex 2.7344015984e+00 0.0000000000e+00 2.5180990787e-01
     vertex 2.7223171936e+00 0.0000000000e+00 2.5008170889e-01
     vertex 2.7359023815e+00 1.3020000000e-01 2.5197539074e-01
   endloop
 endfacet
 facet normal  1.4157029897e-01 -3.7365721265e-04 -9.8992813417e-01
   outer loop
     vertex 2.7359023815e+00 1.3020000000e-01 2.5197539074e-01
     vertex 2.7223171936e+00 0.0000000000e+00 2.5008170889e-01
     vertex 2.7253164430e+00 1.3020000000e-01 2.5046148843e-01
   endloop
 endfacet
 facet normal  1.3785904468e-01 -2.8663831151e-04 -9.9045181692e-01
   outer loop
     vertex 2.7223171936e+00 0.0000000000e+00 2.5008170889e-01
     vertex 2.7053024977e+00 0.0000000000e+00 2.4771346675e-01
     vertex 2.7253164430e+00 1.3020000000e-01 2.5046148843e-01
   endloop
 endfacet
 facet normal  1.3785904468e-01 -2.8663831151e-04 -9.9045181692e-01
   outer loop
     vertex 2.7253164430e+00 1.3020000000e-01 2.5046148843e-01
     vertex 2.7053024977e+00 0.0000000000e+00 2.4771346675e-01
     vertex 2.7104115693e+00 1.3020000000e-01 2.4838690832e-01
   endloop
 endfacet
 facet normal  1.3292181050e-01 -8.9410522586e-05 -9.9112652285e-01
   outer loop
     vertex 2.7053024977e+00 0.0000000000e+00 2.4771346675e-01
     vertex 2.6820348834e+00 0.0000000000e+00 2.4459300398e-01
     vertex 2.7104115693e+00 1.3020000000e-01 2.4838690832e-01
   endloop
 endfacet
 facet normal  1.3292181050e-01 -8.9410522586e-05 -9.9112652285e-01
   outer loop
     vertex 2.7104115693e+00 1.3020000000e-01 2.4838690832e-01
     vertex 2.6820348834e+00 0.0000000000e+00 2.4459300398e-01
     vertex 2.6900291392e+00 1.3020000000e-01 2.4565338294e-01
   endloop
 endfacet
 facet normal  1.2650301523e-01 3.1154062576e-04 -9.9196617386e-01
   outer loop
     vertex 2.6820348834e+00 0.0000000000e+00 2.4459300398e-01
     vertex 2.6514549286e+00 0.0000000000e+00 2.4069321728e-01
     vertex 2.6900291392e+00 1.3020000000e-01 2.4565338294e-01
   endloop
 endfacet
 facet normal  1.2650301523e-01 3.1154062576e-04 -9.9196617386e-01
   outer loop
     vertex 2.6900291392e+00 1.3020000000e-01 2.4565338294e-01
     vertex 2.6514549286e+00 0.0000000000e+00 2.4069321728e-01
     vertex 2.6632410988e+00 1.3020000000e-01 2.4223716978e-01
   endloop
 endfacet
 facet normal  1.1813258256e-01 1.0814888967e-03 -9.9299724235e-01
   outer loop
     vertex 2.6514549286e+00 0.0000000000e+00 2.4069321728e-01
     vertex 2.6132949385e+00 0.0000000000e+00 2.3615348848e-01
     vertex 2.6632410988e+00 1.3020000000e-01 2.4223716978e-01
   endloop
 endfacet
 facet normal  1.1813258256e-01 1.0814888967e-03 -9.9299724235e-01
   outer loop
     vertex 2.6632410988e+00 1.3020000000e-01 2.4223716978e-01
     vertex 2.6132949385e+00 0.0000000000e+00 2.3615348848e-01
     vertex 2.6298129475e+00 1.3020000000e-01 2.3826036736e-01
   endloop
 endfacet
 facet normal  1.0700532866e-01 2.5135210889e-03 -9.9425526996e-01
   outer loop
     vertex 2.6132949385e+00 0.0000000000e+00 2.3615348848e-01
     vertex 2.5686384351e+00 0.0000000000e+00 2.3134739495e-01
     vertex 2.6298129475e+00 1.3020000000e-01 2.3826036736e-01
   endloop
 endfacet
 facet normal  1.0700532866e-01 2.5135210889e-03 -9.9425526996e-01
   outer loop
     vertex 2.6298129475e+00 1.3020000000e-01 2.3826036736e-01
     vertex 2.5686384351e+00 0.0000000000e+00 2.3134739495e-01
     vertex 2.5906938505e+00 1.3020000000e-01 2.3405022942e-01
   endloop
 endfacet
 facet normal  9.1698385157e-02 5.1379812830e-03 -9.9577357231e-01
   outer loop
     vertex 2.5686384351e+00 0.0000000000e+00 2.3134739495e-01
     vertex 2.5201395759e+00 0.0000000000e+00 2.2688125205e-01
     vertex 2.5906938505e+00 1.3020000000e-01 2.3405022942e-01
   endloop
 endfacet
 facet normal  9.1698385157e-02 5.1379812830e-03 -9.9577357231e-01
   outer loop
     vertex 2.5906938505e+00 1.3020000000e-01 2.3405022942e-01
     vertex 2.5201395759e+00 0.0000000000e+00 2.2688125205e-01
     vertex 2.5482088499e+00 1.3020000000e-01 2.3013788824e-01
   endloop
 endfacet
 facet normal  7.0294143337e-02 9.7950698305e-03 -9.9747821531e-01
   outer loop
     vertex 2.5201395759e+00 0.0000000000e+00 2.2688125205e-01
     vertex 2.5056501281e+00 1.3020000000e-01 2.2713869603e-01
     vertex 2.5482088499e+00 1.3020000000e-01 2.3013788824e-01
   endloop
 endfacet
 facet normal  7.0294143337e-02 9.7950698305e-03 -9.9747821531e-01
   outer loop
     vertex 2.5201395759e+00 0.0000000000e+00 2.2688125205e-01
     vertex 2.4715565602e+00 0.0000000000e+00 2.2345751665e-01
     vertex 2.5056501281e+00 1.3020000000e-01 2.2713869603e-01
   endloop
 endfacet
 facet normal  4.0980762130e-02 1.7514143227e-02 -9.9900642236e-01
   outer loop
     vertex 2.4715565602e+00 0.0000000000e+00 2.2345751665e-01
     vertex 2.4663397107e+00 1.3020000000e-01 2.2552612295e-01
     vertex 2.5056501281e+00 1.3020000000e-01 2.2713869603e-01
   endloop
 endfacet
 facet normal  4.0980762130e-02 1.7514143227e-02 -9.9900642236e-01
   outer loop
     vertex 2.4715565602e+00 0.0000000000e+00 2.2345751665e-01
     vertex 2.4266816545e+00 0.0000000000e+00 2.2161667980e-01
     vertex 2.4663397107e+00 1.3020000000e-01 2.2552612295e-01
   endloop
 endfacet
 facet normal  2.4847542437e-03 2.9256659349e-02 -9.9956884399e-01
   outer loop
     vertex 2.4266816545e+00 0.0000000000e+00 2.2161667980e-01
     vertex 2.4326783248e+00 1.3020000000e-01 2.2544244660e-01
     vertex 2.4663397107e+00 1.3020000000e-01 2.2552612295e-01
   endloop
 endfacet
 facet normal  2.4847542437e-03 2.9256659349e-02 -9.9956884399e-01
   outer loop
     vertex 2.4266816545e+00 0.0000000000e+00 2.2161667980e-01
     vertex 2.3882554149e+00 0.0000000000e+00 2.2152115886e-01
     vertex 2.4326783248e+00 1.3020000000e-01 2.2544244660e-01
   endloop
 endfacet
 facet normal  -4.6820757967e-02 4.6027198247e-02 -9.9784232905e-01
   outer loop
     vertex 2.3882554149e+00 0.0000000000e+00 2.2152115886e-01
     vertex 2.4057063519e+00 1.3020000000e-01 2.2670802552e-01
     vertex 2.4326783248e+00 1.3020000000e-01 2.2544244660e-01
   endloop
 endfacet
 facet normal  -4.6820757967e-02 4.6027198247e-02 -9.9784232905e-01
   outer loop
     vertex 2.3882554149e+00 0.0000000000e+00 2.2152115886e-01
     vertex 2.3574654915e+00 0.0000000000e+00 2.2296588365e-01
     vertex 2.4057063519e+00 1.3020000000e-01 2.2670802552e-01
   endloop
 endfacet
 facet normal  -1.1108655657e-01 6.9652431860e-02 -9.9136689257e-01
   outer loop
     vertex 2.3574654915e+00 0.0000000000e+00 2.2296588365e-01
     vertex 2.3852740182e+00 1.3020000000e-01 2.2899754881e-01
     vertex 2.4057063519e+00 1.3020000000e-01 2.2670802552e-01
   endloop
 endfacet
 facet normal  -1.1108655657e-01 6.9652431860e-02 -9.9136689257e-01
   outer loop
     vertex 2.3574654915e+00 0.0000000000e+00 2.2296588365e-01
     vertex 2.3341409096e+00 0.0000000000e+00 2.2557949471e-01
     vertex 2.3852740182e+00 1.3020000000e-01 2.2899754881e-01
   endloop
 endfacet
 facet normal  -2.0295663422e-01 1.0526363121e-01 -9.7351331402e-01
   outer loop
     vertex 2.3341409096e+00 0.0000000000e+00 2.2557949471e-01
     vertex 2.3705506271e+00 1.3020000000e-01 2.3206705990e-01
     vertex 2.3852740182e+00 1.3020000000e-01 2.2899754881e-01
   endloop
 endfacet
 facet normal  -2.0295663422e-01 1.0526363121e-01 -9.7351331402e-01
   outer loop
     vertex 2.3341409096e+00 0.0000000000e+00 2.2557949471e-01
     vertex 2.3173333855e+00 0.0000000000e+00 2.2908350280e-01
     vertex 2.3705506271e+00 1.3020000000e-01 2.3206705990e-01
   endloop
 endfacet
 facet normal  -3.6413627092e-01 1.6981926558e-01 -9.1573259920e-01
   outer loop
     vertex 2.3173333855e+00 0.0000000000e+00 2.2908350280e-01
     vertex 2.3606410356e+00 1.3020000000e-01 2.3600755704e-01
     vertex 2.3705506271e+00 1.3020000000e-01 2.3206705990e-01
   endloop
 endfacet
 facet normal  -3.6413627092e-01 1.6981926558e-01 -9.1573259920e-01
   outer loop
     vertex 2.3173333855e+00 0.0000000000e+00 2.2908350280e-01
     vertex 2.3060210665e+00 0.0000000000e+00 2.3358178721e-01
     vertex 2.3606410356e+00 1.3020000000e-01 2.3600755704e-01
   endloop
 endfacet
 facet normal  -7.4526368671e-01 3.2350675202e-01 -5.8303123301e-01
   outer loop
     vertex 2.3060210665e+00 0.0000000000e+00 2.3358178721e-01
     vertex 2.3562425813e+00 1.3020000000e-01 2.4162991145e-01
     vertex 2.3606410356e+00 1.3020000000e-01 2.3600755704e-01
   endloop
 endfacet
 facet normal  -7.4526368671e-01 3.2350675202e-01 -5.8303123301e-01
   outer loop
     vertex 2.3060210665e+00 0.0000000000e+00 2.3358178721e-01
     vertex 2.3010000000e+00 0.0000000000e+00 2.4000000000e-01
     vertex 2.3562425813e+00 1.3020000000e-01 2.4162991145e-01
   endloop
 endfacet
 facet normal  -7.7834158531e-01 3.2350675202e-01 5.3807783634e-01
   outer loop
     vertex 2.3010000000e+00 0.0000000000e+00 2.4000000000e-01
     vertex 2.3056339277e+00 0.0000000000e+00 2.4670307974e-01
     vertex 2.3562425813e+00 1.3020000000e-01 2.4162991145e-01
   endloop
 endfacet
 facet normal  -7.7834158531e-01 3.2350675202e-01 5.3807783634e-01
   outer loop
     vertex 2.3562425813e+00 1.3020000000e-01 2.4162991145e-01
     vertex 2.3056339277e+00 0.0000000000e+00 2.4670307974e-01
     vertex 2.3603019020e+00 1.3020000000e-01 2.4750180930e-01
   endloop
 endfacet
 facet normal  -4.1749253255e-01 1.6981926558e-01 8.9267093730e-01
   outer loop
     vertex 2.3056339277e+00 0.0000000000e+00 2.4670307974e-01
     vertex 2.3166613592e+00 0.0000000000e+00 2.5186049003e-01
     vertex 2.3603019020e+00 1.3020000000e-01 2.4750180930e-01
   endloop
 endfacet
 facet normal  -4.1749253255e-01 1.6981926558e-01 8.9267093730e-01
   outer loop
     vertex 2.3603019020e+00 1.3020000000e-01 2.4750180930e-01
     vertex 2.3166613592e+00 0.0000000000e+00 2.5186049003e-01
     vertex 2.3699619320e+00 1.3020000000e-01 2.5201970071e-01
   endloop
 endfacet
 facet normal  -2.5999990352e-01 1.0526363121e-01 9.5985395666e-01
   outer loop
     vertex 2.3166613592e+00 0.0000000000e+00 2.5186049003e-01
     vertex 2.3332330570e+00 0.0000000000e+00 2.5634933942e-01
     vertex 2.3699619320e+00 1.3020000000e-01 2.5201970071e-01
   endloop
 endfacet
 facet normal  -2.5999990352e-01 1.0526363121e-01 9.5985395666e-01
   outer loop
     vertex 2.3699619320e+00 1.3020000000e-01 2.5201970071e-01
     vertex 2.3332330570e+00 0.0000000000e+00 2.5634933942e-01
     vertex 2.3844787393e+00 1.3020000000e-01 2.5595193278e-01
   endloop
 endfacet
 facet normal  -1.6934224654e-01 6.9652431860e-02 9.8309294691e-01
   outer loop
     vertex 2.3332330570e+00 0.0000000000e+00 2.5634933942e-01
     vertex 2.3563629720e+00 0.0000000000e+00 2.6033357283e-01
     vertex 2.3844787393e+00 1.3020000000e-01 2.5595193278e-01
   endloop
 endfacet
 facet normal  -1.6934224654e-01 6.9652431860e-02 9.8309294691e-01
   outer loop
     vertex 2.3844787393e+00 1.3020000000e-01 2.5595193278e-01
     vertex 2.3563629720e+00 0.0000000000e+00 2.6033357283e-01
     vertex 2.4047405448e+00 1.3020000000e-01 2.5944212124e-01
   endloop
 endfacet
 facet normal  -1.0557001855e-01 4.6027198247e-02 9.9334609689e-01
   outer loop
     vertex 2.3563629720e+00 0.0000000000e+00 2.6033357283e-01
     vertex 2.3870141574e+00 0.0000000000e+00 2.6359109427e-01
     vertex 2.4047405448e+00 1.3020000000e-01 2.5944212124e-01
   endloop
 endfacet
 facet normal  -1.0557001855e-01 4.6027198247e-02 9.9334609689e-01
   outer loop
     vertex 2.4047405448e+00 1.3020000000e-01 2.5944212124e-01
     vertex 2.3870141574e+00 0.0000000000e+00 2.6359109427e-01
     vertex 2.4315909832e+00 1.3020000000e-01 2.6229571002e-01
   endloop
 endfacet
 facet normal  -5.6452066538e-02 2.9256659349e-02 9.9797655888e-01
   outer loop
     vertex 2.3870141574e+00 0.0000000000e+00 2.6359109427e-01
     vertex 2.4253791850e+00 0.0000000000e+00 2.6576127059e-01
     vertex 2.4315909832e+00 1.3020000000e-01 2.6229571002e-01
   endloop
 endfacet
 facet normal  -5.6452066538e-02 2.9256659349e-02 9.9797655888e-01
   outer loop
     vertex 2.4315909832e+00 1.3020000000e-01 2.6229571002e-01
     vertex 2.4253791850e+00 0.0000000000e+00 2.6576127059e-01
     vertex 2.4651987474e+00 1.3020000000e-01 2.6419678448e-01
   endloop
 endfacet
 facet normal  -1.7989864445e-02 1.7514143227e-02 9.9968476009e-01
   outer loop
     vertex 2.4253791850e+00 0.0000000000e+00 2.6576127059e-01
     vertex 2.4702845614e+00 0.0000000000e+00 2.6656936696e-01
     vertex 2.4651987474e+00 1.3020000000e-01 2.6419678448e-01
   endloop
 endfacet
 facet normal  -1.7989864445e-02 1.7514143227e-02 9.9968476009e-01
   outer loop
     vertex 2.4651987474e+00 1.3020000000e-01 2.6419678448e-01
     vertex 2.4702845614e+00 0.0000000000e+00 2.6656936696e-01
     vertex 2.5045358571e+00 1.3020000000e-01 2.6490467691e-01
   endloop
 endfacet
 facet normal  1.1362625132e-02 9.7950698305e-03 9.9988746735e-01
   outer loop
     vertex 2.4702845614e+00 0.0000000000e+00 2.6656936696e-01
     vertex 2.5189849218e+00 0.0000000000e+00 2.6601594075e-01
     vertex 2.5045358571e+00 1.3020000000e-01 2.6490467691e-01
   endloop
 endfacet
 facet normal  1.1362625132e-02 9.7950698305e-03 9.9988746735e-01
   outer loop
     vertex 2.5045358571e+00 1.3020000000e-01 2.6490467691e-01
     vertex 2.5189849218e+00 0.0000000000e+00 2.6601594075e-01
     vertex 2.5471973728e+00 1.3020000000e-01 2.6441987554e-01
   endloop
 endfacet
 facet normal  3.2830135812e-02 5.1379812830e-03 9.9944773917e-01
   outer loop
     vertex 2.5189849218e+00 0.0000000000e+00 2.6601594075e-01
     vertex 2.5898391329e+00 1.3020000000e-01 2.6301916721e-01
     vertex 2.5471973728e+00 1.3020000000e-01 2.6441987554e-01
   endloop
 endfacet
 facet normal  3.2830135812e-02 5.1379812830e-03 9.9944773917e-01
   outer loop
     vertex 2.5189849218e+00 0.0000000000e+00 2.6601594075e-01
     vertex 2.5676627301e+00 0.0000000000e+00 2.6441695863e-01
     vertex 2.5898391329e+00 1.3020000000e-01 2.6301916721e-01
   endloop
 endfacet
 facet normal  4.8199968360e-02 2.5135210889e-03 9.9883454349e-01
   outer loop
     vertex 2.5676627301e+00 0.0000000000e+00 2.6441695863e-01
     vertex 2.6291384020e+00 1.3020000000e-01 2.6112273347e-01
     vertex 2.5898391329e+00 1.3020000000e-01 2.6301916721e-01
   endloop
 endfacet
 facet normal  4.8199968360e-02 2.5135210889e-03 9.9883454349e-01
   outer loop
     vertex 2.5676627301e+00 0.0000000000e+00 2.6441695863e-01
     vertex 2.6125249095e+00 0.0000000000e+00 2.6225207994e-01
     vertex 2.6291384020e+00 1.3020000000e-01 2.6112273347e-01
   endloop
 endfacet
 facet normal  5.9382036744e-02 1.0814888967e-03 9.9823474398e-01
   outer loop
     vertex 2.6125249095e+00 0.0000000000e+00 2.6225207994e-01
     vertex 2.6627428680e+00 1.3020000000e-01 2.5912370304e-01
     vertex 2.6291384020e+00 1.3020000000e-01 2.6112273347e-01
   endloop
 endfacet
 facet normal  5.9382036744e-02 1.0814888967e-03 9.9823474398e-01
   outer loop
     vertex 2.6125249095e+00 0.0000000000e+00 2.6225207994e-01
     vertex 2.6508861720e+00 0.0000000000e+00 2.5997008173e-01
     vertex 2.6627428680e+00 1.3020000000e-01 2.5912370304e-01
   endloop
 endfacet
 facet normal  6.7798698438e-02 3.1154062576e-04 9.9769897235e-01
   outer loop
     vertex 2.6508861720e+00 0.0000000000e+00 2.5997008173e-01
     vertex 2.6896857227e+00 1.3020000000e-01 2.5729279960e-01
     vertex 2.6627428680e+00 1.3020000000e-01 2.5912370304e-01
   endloop
 endfacet
 facet normal  6.7798698438e-02 3.1154062576e-04 9.9769897235e-01
   outer loop
     vertex 2.6508861720e+00 0.0000000000e+00 2.5997008173e-01
     vertex 2.6816428554e+00 0.0000000000e+00 2.5788000931e-01
     vertex 2.6896857227e+00 1.3020000000e-01 2.5729279960e-01
   endloop
 endfacet
 facet normal  7.4255832088e-02 -8.9410522586e-05 9.9723922075e-01
   outer loop
     vertex 2.6816428554e+00 0.0000000000e+00 2.5788000931e-01
     vertex 2.7101938598e+00 1.3020000000e-01 2.5576573492e-01
     vertex 2.6896857227e+00 1.3020000000e-01 2.5729279960e-01
   endloop
 endfacet
 facet normal  7.4255832088e-02 -8.9410522586e-05 9.9723922075e-01
   outer loop
     vertex 2.6816428554e+00 0.0000000000e+00 2.5788000931e-01
     vertex 2.7050539709e+00 0.0000000000e+00 2.5613678479e-01
     vertex 2.7101938598e+00 1.3020000000e-01 2.5576573492e-01
   endloop
 endfacet
 facet normal  7.9224257058e-02 -2.8663831151e-04 9.9685677754e-01
   outer loop
     vertex 2.7050539709e+00 0.0000000000e+00 2.5613678479e-01
     vertex 2.7251951189e+00 1.3020000000e-01 2.5457352393e-01
     vertex 2.7101938598e+00 1.3020000000e-01 2.5576573492e-01
   endloop
 endfacet
 facet normal  7.9224257058e-02 -2.8663831151e-04 9.9685677754e-01
   outer loop
     vertex 2.7050539709e+00 0.0000000000e+00 2.5613678479e-01
     vertex 2.7221786959e+00 0.0000000000e+00 2.5477581334e-01
     vertex 2.7251951189e+00 1.3020000000e-01 2.5457352393e-01
   endloop
 endfacet
 facet normal  8.2959930750e-02 -3.7365721265e-04 9.9655281359e-01
   outer loop
     vertex 2.7221786959e+00 0.0000000000e+00 2.5477581334e-01
     vertex 2.7358518995e+00 1.3020000000e-01 2.5368638000e-01
     vertex 2.7251951189e+00 1.3020000000e-01 2.5457352393e-01
   endloop
 endfacet
 facet normal  8.2959930750e-02 -3.7365721265e-04 9.9655281359e-01
   outer loop
     vertex 2.7221786959e+00 0.0000000000e+00 2.5477581334e-01
     vertex 2.7343439704e+00 0.0000000000e+00 2.5376309196e-01
     vertex 2.7358518995e+00 1.3020000000e-01 2.5368638000e-01
   endloop
 endfacet
 facet normal  8.5664752247e-02 -4.0511832182e-04 9.9632393633e-01
   outer loop
     vertex 2.7343439704e+00 0.0000000000e+00 2.5376309196e-01
     vertex 2.7432661616e+00 1.3020000000e-01 2.5304889564e-01
     vertex 2.7358518995e+00 1.3020000000e-01 2.5368638000e-01
   endloop
 endfacet
 facet normal  8.5664752247e-02 -4.0511832182e-04 9.9632393633e-01
   outer loop
     vertex 2.7343439704e+00 0.0000000000e+00 2.5376309196e-01
     vertex 2.7428077400e+00 0.0000000000e+00 2.5303537009e-01
     vertex 2.7432661616e+00 1.3020000000e-01 2.5304889564e-01
   endloop
 endfacet
 facet normal  1.4425692122e-01 -4.0511832182e-04 -9.8954018441e-01
   outer loop
     vertex 2.7432661616e+00 1.3020000000e-01 2.5304889564e-01
     vertex 2.7359023815e+00 1.3020000000e-01 2.5197539074e-01
     vertex 2.7437245832e+00 2.6040000000e-01 2.5306242120e-01
   endloop
 endfacet
 facet normal  1.4425692122e-01 -4.0511832182e-04 -9.8954018441e-01
   outer loop
     vertex 2.7437245832e+00 2.6040000000e-01 2.5306242120e-01
     vertex 2.7359023815e+00 1.3020000000e-01 2.5197539074e-01
     vertex 2.7374031647e+00 2.6040000000e-01 2.5214087361e-01
   endloop
 endfacet
 facet normal  1.4157029897e-01 -3.7365721265e-04 -9.8992813417e-01
   outer loop
     vertex 2.7359023815e+00 1.3020000000e-01 2.5197539074e-01
     vertex 2.7253164430e+00 1.3020000000e-01 2.5046148843e-01
     vertex 2.7374031647e+00 2.6040000000e-01 2.5214087361e-01
   endloop
 endfacet
 facet normal  1.4157029897e-01 -3.7365721265e-04 -9.8992813417e-01
   outer loop
     vertex 2.7374031647e+00 2.6040000000e-01 2.5214087361e-01
     vertex 2.7253164430e+00 1.3020000000e-01 2.5046148843e-01
     vertex 2.7283156923e+00 2.6040000000e-01 2.5084126798e-01
   endloop
 endfacet
 facet normal  1.3785904468e-01 -2.8663831151e-04 -9.9045181692e-01
   outer loop
     vertex 2.7253164430e+00 1.3020000000e-01 2.5046148843e-01
     vertex 2.7104115693e+00 1.3020000000e-01 2.4838690832e-01
     vertex 2.7283156923e+00 2.6040000000e-01 2.5084126798e-01
   endloop
 endfacet
 facet normal  1.3785904468e-01 -2.8663831151e-04 -9.9045181692e-01
   outer loop
     vertex 2.7283156923e+00 2.6040000000e-01 2.5084126798e-01
     vertex 2.7104115693e+00 1.3020000000e-01 2.4838690832e-01
     vertex 2.7155206409e+00 2.6040000000e-01 2.4906034989e-01
   endloop
 endfacet
 facet normal  1.3292181050e-01 -8.9410522586e-05 -9.9112652285e-01
   outer loop
     vertex 2.7104115693e+00 1.3020000000e-01 2.4838690832e-01
     vertex 2.6900291392e+00 1.3020000000e-01 2.4565338294e-01
     vertex 2.7155206409e+00 2.6040000000e-01 2.4906034989e-01
   endloop
 endfacet
 facet normal  1.3292181050e-01 -8.9410522587e-05 -9.9112652285e-01
   outer loop
     vertex 2.7155206409e+00 2.6040000000e-01 2.4906034989e-01
     vertex 2.6900291392e+00 1.3020000000e-01 2.4565338294e-01
     vertex 2.6980233950e+00 2.6040000000e-01 2.4671376189e-01
   endloop
 endfacet
 facet normal  1.2650301523e-01 3.1154062576e-04 -9.9196617386e-01
   outer loop
     vertex 2.6900291392e+00 1.3020000000e-01 2.4565338294e-01
     vertex 2.6632410988e+00 1.3020000000e-01 2.4223716978e-01
     vertex 2.6980233950e+00 2.6040000000e-01 2.4671376189e-01
   endloop
 endfacet
 facet normal  1.2650301523e-01 3.1154062576e-04 -9.9196617386e-01
   outer loop
     vertex 2.6980233950e+00 2.6040000000e-01 2.4671376189e-01
     vertex 2.6632410988e+00 1.3020000000e-01 2.4223716978e-01
     vertex 2.6750272690e+00 2.6040000000e-01 2.4378112228e-01
   endloop
 endfacet
 facet normal  1.1813258256e-01 1.0814888967e-03 -9.9299724235e-01
   outer loop
     vertex 2.6632410988e+00 1.3020000000e-01 2.4223716978e-01
     vertex 2.6298129475e+00 1.3020000000e-01 2.3826036736e-01
     vertex 2.6750272690e+00 2.6040000000e-01 2.4378112228e-01
   endloop
 endfacet
 facet normal  1.1813258256e-01 1.0814888967e-03 -9.9299724235e-01
   outer loop
     vertex 2.6750272690e+00 2.6040000000e-01 2.4378112228e-01
     vertex 2.6298129475e+00 1.3020000000e-01 2.3826036736e-01
     vertex 2.6463309565e+00 2.6040000000e-01 2.4036724623e-01
   endloop
 endfacet
 facet normal  1.0700532866e-01 2.5135210889e-03 -9.9425526996e-01
   outer loop
     vertex 2.6298129475e+00 1.3020000000e-01 2.3826036736e-01
     vertex 2.5906938505e+00 1.3020000000e-01 2.3405022942e-01
     vertex 2.6463309565e+00 2.6040000000e-01 2.4036724623e-01
   endloop
 endfacet
 facet normal  1.0700532866e-01 2.5135210889e-03 -9.9425526996e-01
   outer loop
     vertex 2.6463309565e+00 2.6040000000e-01 2.4036724623e-01
     vertex 2.5906938505e+00 1.3020000000e-01 2.3405022942e-01
     vertex 2.6127492659e+00 2.6040000000e-01 2.3675306389e-01
   endloop
 endfacet
 facet normal  9.1698385157e-02 5.1379812830e-03 -9.9577357231e-01
   outer loop
     vertex 2.5906938505e+00 1.3020000000e-01 2.3405022942e-01
     vertex 2.5482088499e+00 1.3020000000e-01 2.3013788824e-01
     vertex 2.6127492659e+00 2.6040000000e-01 2.3675306389e-01
   endloop
 endfacet
 facet normal  9.1698385157e-02 5.1379812830e-03 -9.9577357231e-01
   outer loop
     vertex 2.6127492659e+00 2.6040000000e-01 2.3675306389e-01
     vertex 2.5482088499e+00 1.3020000000e-01 2.3013788824e-01
     vertex 2.5762781238e+00 2.6040000000e-01 2.3339452443e-01
   endloop
 endfacet
 facet normal  7.0294143337e-02 9.7950698305e-03 -9.9747821531e-01
   outer loop
     vertex 2.5482088499e+00 1.3020000000e-01 2.3013788824e-01
     vertex 2.5397436959e+00 2.6040000000e-01 2.3081987541e-01
     vertex 2.5762781238e+00 2.6040000000e-01 2.3339452443e-01
   endloop
 endfacet
 facet normal  7.0294143337e-02 9.7950698305e-03 -9.9747821531e-01
   outer loop
     vertex 2.5482088499e+00 1.3020000000e-01 2.3013788824e-01
     vertex 2.5056501281e+00 1.3020000000e-01 2.2713869603e-01
     vertex 2.5397436959e+00 2.6040000000e-01 2.3081987541e-01
   endloop
 endfacet
 facet normal  4.0980762130e-02 1.7514143227e-02 -9.9900642236e-01
   outer loop
     vertex 2.5056501281e+00 1.3020000000e-01 2.2713869603e-01
     vertex 2.5059977669e+00 2.6040000000e-01 2.2943556610e-01
     vertex 2.5397436959e+00 2.6040000000e-01 2.3081987541e-01
   endloop
 endfacet
 facet normal  4.0980762130e-02 1.7514143227e-02 -9.9900642236e-01
   outer loop
     vertex 2.5056501281e+00 1.3020000000e-01 2.2713869603e-01
     vertex 2.4663397107e+00 1.3020000000e-01 2.2552612295e-01
     vertex 2.5059977669e+00 2.6040000000e-01 2.2943556610e-01
   endloop
 endfacet
 facet normal  2.4847542437e-03 2.9256659349e-02 -9.9956884399e-01
   outer loop
     vertex 2.4663397107e+00 1.3020000000e-01 2.2552612295e-01
     vertex 2.4771012347e+00 2.6040000000e-01 2.2936373435e-01
     vertex 2.5059977669e+00 2.6040000000e-01 2.2943556610e-01
   endloop
 endfacet
 facet normal  2.4847542437e-03 2.9256659349e-02 -9.9956884399e-01
   outer loop
     vertex 2.4663397107e+00 1.3020000000e-01 2.2552612295e-01
     vertex 2.4326783248e+00 1.3020000000e-01 2.2544244660e-01
     vertex 2.4771012347e+00 2.6040000000e-01 2.2936373435e-01
   endloop
 endfacet
 facet normal  -4.6820757967e-02 4.6027198247e-02 -9.9784232905e-01
   outer loop
     vertex 2.4326783248e+00 1.3020000000e-01 2.2544244660e-01
     vertex 2.4539472123e+00 2.6040000000e-01 2.3045016739e-01
     vertex 2.4771012347e+00 2.6040000000e-01 2.2936373435e-01
   endloop
 endfacet
 facet normal  -4.6820757967e-02 4.6027198247e-02 -9.9784232905e-01
   outer loop
     vertex 2.4326783248e+00 1.3020000000e-01 2.2544244660e-01
     vertex 2.4057063519e+00 1.3020000000e-01 2.2670802552e-01
     vertex 2.4539472123e+00 2.6040000000e-01 2.3045016739e-01
   endloop
 endfacet
 facet normal  -1.1108655657e-01 6.9652431860e-02 -9.9136689257e-01
   outer loop
     vertex 2.4057063519e+00 1.3020000000e-01 2.2670802552e-01
     vertex 2.4364071267e+00 2.6040000000e-01 2.3241560292e-01
     vertex 2.4539472123e+00 2.6040000000e-01 2.3045016739e-01
   endloop
 endfacet
 facet normal  -1.1108655657e-01 6.9652431860e-02 -9.9136689257e-01
   outer loop
     vertex 2.4057063519e+00 1.3020000000e-01 2.2670802552e-01
     vertex 2.3852740182e+00 1.3020000000e-01 2.2899754881e-01
     vertex 2.4364071267e+00 2.6040000000e-01 2.3241560292e-01
   endloop
 endfacet
 facet normal  -2.0295663422e-01 1.0526363121e-01 -9.7351331402e-01
   outer loop
     vertex 2.3852740182e+00 1.3020000000e-01 2.2899754881e-01
     vertex 2.4237678686e+00 2.6040000000e-01 2.3505061700e-01
     vertex 2.4364071267e+00 2.6040000000e-01 2.3241560292e-01
   endloop
 endfacet
 facet normal  -2.0295663422e-01 1.0526363121e-01 -9.7351331402e-01
   outer loop
     vertex 2.3852740182e+00 1.3020000000e-01 2.2899754881e-01
     vertex 2.3705506271e+00 1.3020000000e-01 2.3206705990e-01
     vertex 2.4237678686e+00 2.6040000000e-01 2.3505061700e-01
   endloop
 endfacet
 facet normal  -3.6413627092e-01 1.6981926558e-01 -9.1573259920e-01
   outer loop
     vertex 2.3705506271e+00 1.3020000000e-01 2.3206705990e-01
     vertex 2.4152610047e+00 2.6040000000e-01 2.3843332687e-01
     vertex 2.4237678686e+00 2.6040000000e-01 2.3505061700e-01
   endloop
 endfacet
 facet normal  -3.6413627092e-01 1.6981926558e-01 -9.1573259920e-01
   outer loop
     vertex 2.3705506271e+00 1.3020000000e-01 2.3206705990e-01
     vertex 2.3606410356e+00 1.3020000000e-01 2.3600755704e-01
     vertex 2.4152610047e+00 2.6040000000e-01 2.3843332687e-01
   endloop
 endfacet
 facet normal  -7.4526368671e-01 3.2350675202e-01 -5.8303123301e-01
   outer loop
     vertex 2.3606410356e+00 1.3020000000e-01 2.3600755704e-01
     vertex 2.4114851627e+00 2.6040000000e-01 2.4325982289e-01
     vertex 2.4152610047e+00 2.6040000000e-01 2.3843332687e-01
   endloop
 endfacet
 facet normal  -7.4526368671e-01 3.2350675202e-01 -5.8303123301e-01
   outer loop
     vertex 2.3606410356e+00 1.3020000000e-01 2.3600755704e-01
     vertex 2.3562425813e+00 1.3020000000e-01 2.4162991145e-01
     vertex 2.4114851627e+00 2.6040000000e-01 2.4325982289e-01
   endloop
 endfacet
 facet normal  -7.7834158531e-01 3.2350675202e-01 5.3807783634e-01
   outer loop
     vertex 2.3562425813e+00 1.3020000000e-01 2.4162991145e-01
     vertex 2.3603019020e+00 1.3020000000e-01 2.4750180930e-01
     vertex 2.4114851627e+00 2.6040000000e-01 2.4325982289e-01
   endloop
 endfacet
 facet normal  -7.7834158531e-01 3.2350675202e-01 5.3807783634e-01
   outer loop
     vertex 2.4114851627e+00 2.6040000000e-01 2.4325982289e-01
     vertex 2.3603019020e+00 1.3020000000e-01 2.4750180930e-01
     vertex 2.4149698763e+00 2.6040000000e-01 2.4830053886e-01
   endloop
 endfacet
 facet normal  -4.1749253255e-01 1.6981926558e-01 8.9267093730e-01
   outer loop
     vertex 2.3603019020e+00 1.3020000000e-01 2.4750180930e-01
     vertex 2.3699619320e+00 1.3020000000e-01 2.5201970071e-01
     vertex 2.4149698763e+00 2.6040000000e-01 2.4830053886e-01
   endloop
 endfacet
 facet normal  -4.1749253255e-01 1.6981926558e-01 8.9267093730e-01
   outer loop
     vertex 2.4149698763e+00 2.6040000000e-01 2.4830053886e-01
     vertex 2.3699619320e+00 1.3020000000e-01 2.5201970071e-01
     vertex 2.4232625048e+00 2.6040000000e-01 2.5217891140e-01
   endloop
 endfacet
 facet normal  -2.5999990352e-01 1.0526363121e-01 9.5985395666e-01
   outer loop
     vertex 2.3699619320e+00 1.3020000000e-01 2.5201970071e-01
     vertex 2.3844787393e+00 1.3020000000e-01 2.5595193278e-01
     vertex 2.4232625048e+00 2.6040000000e-01 2.5217891140e-01
   endloop
 endfacet
 facet normal  -2.5999990352e-01 1.0526363121e-01 9.5985395666e-01
   outer loop
     vertex 2.4232625048e+00 2.6040000000e-01 2.5217891140e-01
     vertex 2.3844787393e+00 1.3020000000e-01 2.5595193278e-01
     vertex 2.4357244216e+00 2.6040000000e-01 2.5555452614e-01
   endloop
 endfacet
 facet normal  -1.6934224654e-01 6.9652431860e-02 9.8309294691e-01
   outer loop
     vertex 2.3844787393e+00 1.3020000000e-01 2.5595193278e-01
     vertex 2.4047405448e+00 1.3020000000e-01 2.5944212124e-01
     vertex 2.4357244216e+00 2.6040000000e-01 2.5555452614e-01
   endloop
 endfacet
 facet normal  -1.6934224654e-01 6.9652431860e-02 9.8309294691e-01
   outer loop
     vertex 2.4357244216e+00 2.6040000000e-01 2.5555452614e-01
     vertex 2.4047405448e+00 1.3020000000e-01 2.5944212124e-01
     vertex 2.4531181176e+00 2.6040000000e-01 2.5855066966e-01
   endloop
 endfacet
 facet normal  -1.0557001855e-01 4.6027198247e-02 9.9334609689e-01
   outer loop
     vertex 2.4047405448e+00 1.3020000000e-01 2.5944212124e-01
     vertex 2.4315909832e+00 1.3020000000e-01 2.6229571002e-01
     vertex 2.4531181176e+00 2.6040000000e-01 2.5855066966e-01
   endloop
 endfacet
 facet normal  -1.0557001855e-01 4.6027198247e-02 9.9334609689e-01
   outer loop
     vertex 2.4531181176e+00 2.6040000000e-01 2.5855066966e-01
     vertex 2.4315909832e+00 1.3020000000e-01 2.6229571002e-01
     vertex 2.4761678090e+00 2.6040000000e-01 2.6100032578e-01
   endloop
 endfacet
 facet normal  -5.6452066538e-02 2.9256659349e-02 9.9797655888e-01
   outer loop
     vertex 2.4315909832e+00 1.3020000000e-01 2.6229571002e-01
     vertex 2.4651987474e+00 1.3020000000e-01 2.6419678448e-01
     vertex 2.4761678090e+00 2.6040000000e-01 2.6100032578e-01
   endloop
 endfacet
 facet normal  -5.6452066538e-02 2.9256659349e-02 9.9797655888e-01
   outer loop
     vertex 2.4761678090e+00 2.6040000000e-01 2.6100032578e-01
     vertex 2.4651987474e+00 1.3020000000e-01 2.6419678448e-01
     vertex 2.5050183098e+00 2.6040000000e-01 2.6263229837e-01
   endloop
 endfacet
 facet normal  -1.7989864445e-02 1.7514143227e-02 9.9968476009e-01
   outer loop
     vertex 2.4651987474e+00 1.3020000000e-01 2.6419678448e-01
     vertex 2.5045358571e+00 1.3020000000e-01 2.6490467691e-01
     vertex 2.5050183098e+00 2.6040000000e-01 2.6263229837e-01
   endloop
 endfacet
 facet normal  -1.7989864445e-02 1.7514143227e-02 9.9968476009e-01
   outer loop
     vertex 2.5050183098e+00 2.6040000000e-01 2.6263229837e-01
     vertex 2.5045358571e+00 1.3020000000e-01 2.6490467691e-01
     vertex 2.5387871528e+00 2.6040000000e-01 2.6323998685e-01
   endloop
 endfacet
 facet normal  1.1362625132e-02 9.7950698305e-03 9.9988746735e-01
   outer loop
     vertex 2.5045358571e+00 1.3020000000e-01 2.6490467691e-01
     vertex 2.5471973728e+00 1.3020000000e-01 2.6441987554e-01
     vertex 2.5387871528e+00 2.6040000000e-01 2.6323998685e-01
   endloop
 endfacet
 facet normal  1.1362625132e-02 9.7950698305e-03 9.9988746735e-01
   outer loop
     vertex 2.5387871528e+00 2.6040000000e-01 2.6323998685e-01
     vertex 2.5471973728e+00 1.3020000000e-01 2.6441987554e-01
     vertex 2.5754098238e+00 2.6040000000e-01 2.6282381033e-01
   endloop
 endfacet
 facet normal  3.2830135812e-02 5.1379812830e-03 9.9944773917e-01
   outer loop
     vertex 2.5471973728e+00 1.3020000000e-01 2.6441987554e-01
     vertex 2.6120155357e+00 2.6040000000e-01 2.6162137578e-01
     vertex 2.5754098238e+00 2.6040000000e-01 2.6282381033e-01
   endloop
 endfacet
 facet normal  3.2830135812e-02 5.1379812830e-03 9.9944773917e-01
   outer loop
     vertex 2.5471973728e+00 1.3020000000e-01 2.6441987554e-01
     vertex 2.5898391329e+00 1.3020000000e-01 2.6301916721e-01
     vertex 2.6120155357e+00 2.6040000000e-01 2.6162137578e-01
   endloop
 endfacet
 facet normal  4.8199968360e-02 2.5135210889e-03 9.9883454349e-01
   outer loop
     vertex 2.5898391329e+00 1.3020000000e-01 2.6301916721e-01
     vertex 2.6457518946e+00 2.6040000000e-01 2.5999338700e-01
     vertex 2.6120155357e+00 2.6040000000e-01 2.6162137578e-01
   endloop
 endfacet
 facet normal  4.8199968360e-02 2.5135210889e-03 9.9883454349e-01
   outer loop
     vertex 2.5898391329e+00 1.3020000000e-01 2.6301916721e-01
     vertex 2.6291384020e+00 1.3020000000e-01 2.6112273347e-01
     vertex 2.6457518946e+00 2.6040000000e-01 2.5999338700e-01
   endloop
 endfacet
 facet normal  5.9382036744e-02 1.0814888967e-03 9.9823474398e-01
   outer loop
     vertex 2.6291384020e+00 1.3020000000e-01 2.6112273347e-01
     vertex 2.6745995640e+00 2.6040000000e-01 2.5827732435e-01
     vertex 2.6457518946e+00 2.6040000000e-01 2.5999338700e-01
   endloop
 endfacet
 facet normal  5.9382036744e-02 1.0814888967e-03 9.9823474398e-01
   outer loop
     vertex 2.6291384020e+00 1.3020000000e-01 2.6112273347e-01
     vertex 2.6627428680e+00 1.3020000000e-01 2.5912370304e-01
     vertex 2.6745995640e+00 2.6040000000e-01 2.5827732435e-01
   endloop
 endfacet
 facet normal  6.7798698438e-02 3.1154062576e-04 9.9769897235e-01
   outer loop
     vertex 2.6627428680e+00 1.3020000000e-01 2.5912370304e-01
     vertex 2.6977285899e+00 2.6040000000e-01 2.5670558989e-01
     vertex 2.6745995640e+00 2.6040000000e-01 2.5827732435e-01
   endloop
 endfacet
 facet normal  6.7798698438e-02 3.1154062576e-04 9.9769897235e-01
   outer loop
     vertex 2.6627428680e+00 1.3020000000e-01 2.5912370304e-01
     vertex 2.6896857227e+00 1.3020000000e-01 2.5729279960e-01
     vertex 2.6977285899e+00 2.6040000000e-01 2.5670558989e-01
   endloop
 endfacet
 facet normal  7.4255832088e-02 -8.9410522586e-05 9.9723922075e-01
   outer loop
     vertex 2.6896857227e+00 1.3020000000e-01 2.5729279960e-01
     vertex 2.7153337488e+00 2.6040000000e-01 2.5539468505e-01
     vertex 2.6977285899e+00 2.6040000000e-01 2.5670558989e-01
   endloop
 endfacet
 facet normal  7.4255832088e-02 -8.9410522586e-05 9.9723922075e-01
   outer loop
     vertex 2.6896857227e+00 1.3020000000e-01 2.5729279960e-01
     vertex 2.7101938598e+00 1.3020000000e-01 2.5576573492e-01
     vertex 2.7153337488e+00 2.6040000000e-01 2.5539468505e-01
   endloop
 endfacet
 facet normal  7.9224257058e-02 -2.8663831151e-04 9.9685677754e-01
   outer loop
     vertex 2.7101938598e+00 1.3020000000e-01 2.5576573492e-01
     vertex 2.7282115420e+00 2.6040000000e-01 2.5437123452e-01
     vertex 2.7153337488e+00 2.6040000000e-01 2.5539468505e-01
   endloop
 endfacet
 facet normal  7.9224257058e-02 -2.8663831151e-04 9.9685677754e-01
   outer loop
     vertex 2.7101938598e+00 1.3020000000e-01 2.5576573492e-01
     vertex 2.7251951189e+00 1.3020000000e-01 2.5457352393e-01
     vertex 2.7282115420e+00 2.6040000000e-01 2.5437123452e-01
   endloop
 endfacet
 facet normal  8.2959930750e-02 -3.7365721265e-04 9.9655281359e-01
   outer loop
     vertex 2.7251951189e+00 1.3020000000e-01 2.5457352393e-01
     vertex 2.7373598285e+00 2.6040000000e-01 2.5360966805e-01
     vertex 2.7282115420e+00 2.6040000000e-01 2.5437123452e-01
   endloop
 endfacet
 facet normal  8.2959930750e-02 -3.7365721265e-04 9.9655281359e-01
   outer loop
     vertex 2.7251951189e+00 1.3020000000e-01 2.5457352393e-01
     vertex 2.7358518995e+00 1.3020000000e-01 2.5368638000e-01
     vertex 2.7373598285e+00 2.6040000000e-01 2.5360966805e-01
   endloop
 endfacet
 facet normal  8.5664752247e-02 -4.0511832182e-04 9.9632393633e-01
   outer loop
     vertex 2.7358518995e+00 1.3020000000e-01 2.5368638000e-01
     vertex 2.7437245832e+00 2.6040000000e-01 2.5306242120e-01
     vertex 2.7373598285e+00 2.6040000000e-01 2.5360966805e-01
   endloop
 endfacet
 facet normal  8.5664752247e-02 -4.0511832182e-04 9.9632393633e-01
   outer loop
     vertex 2.7358518995e+00 1.3020000000e-01 2.5368638000e-01
     vertex 2.7432661616e+00 1.3020000000e-01 2.5304889564e-01
     vertex 2.7437245832e+00 2.6040000000e-01 2.5306242120e-01
   endloop
 endfacet
 facet normal  1.4425692122e-01 -4.0511832182e-04 -9.8954018441e-01
   outer loop
     vertex 2.7437245832e+00 2.6040000000e-01 2.5306242120e-01
     vertex 2.7374031647e+00 2.6040000000e-01 2.5214087361e-01
     vertex 2.7441830047e+00 3.9060000000e-01 2.5307594675e-01
   endloop
 endfacet
 facet normal  1.4425692122e-01 -4.0511832182e-04 -9.8954018441e-01
   outer loop
     vertex 2.7441830047e+00 3.9060000000e-01 2.5307594675e-01
     vertex 2.7374031647e+00 2.6040000000e-01 2.5214087361e-01
     vertex 2.7389039478e+00 3.9060000000e-01 2.5230635648e-01
   endloop
 endfacet
 facet normal  1.4157029897e-01 -3.7365721265e-04 -9.8992813417e-01
   outer loop
     vertex 2.7374031647e+00 2.6040000000e-01 2.5214087361e-01
     vertex 2.7283156923e+00 2.6040000000e-01 2.5084126798e-01
     vertex 2.7389039478e+00 3.9060000000e-01 2.5230635648e-01
   endloop
 endfacet
 facet normal  1.4157029897e-01 -3.7365721265e-04 -9.8992813417e-01
   outer loop
     vertex 2.7389039478e+00 3.9060000000e-01 2.5230635648e-01
     vertex 2.7283156923e+00 2.6040000000e-01 2.5084126798e-01
     vertex 2.7313149416e+00 3.9060000000e-01 2.5122104752e-01
   endloop
 endfacet
 facet normal  1.3785904468e-01 -2.8663831151e-04 -9.9045181692e-01
   outer loop
     vertex 2.7283156923e+00 2.6040000000e-01 2.5084126798e-01
     vertex 2.7155206409e+00 2.6040000000e-01 2.4906034989e-01
     vertex 2.7313149416e+00 3.9060000000e-01 2.5122104752e-01
   endloop
 endfacet
 facet normal  1.3785904468e-01 -2.8663831151e-04 -9.9045181692e-01
   outer loop
     vertex 2.7313149416e+00 3.9060000000e-01 2.5122104752e-01
     vertex 2.7155206409e+00 2.6040000000e-01 2.4906034989e-01
     vertex 2.7206297126e+00 3.9060000000e-01 2.4973379146e-01
   endloop
 endfacet
 facet normal  1.3292181050e-01 -8.9410522587e-05 -9.9112652285e-01
   outer loop
     vertex 2.7155206409e+00 2.6040000000e-01 2.4906034989e-01
     vertex 2.6980233950e+00 2.6040000000e-01 2.4671376189e-01
     vertex 2.7206297126e+00 3.9060000000e-01 2.4973379146e-01
   endloop
 endfacet
 facet normal  1.3292181050e-01 -8.9410522586e-05 -9.9112652285e-01
   outer loop
     vertex 2.7206297126e+00 3.9060000000e-01 2.4973379146e-01
     vertex 2.6980233950e+00 2.6040000000e-01 2.4671376189e-01
     vertex 2.7060176508e+00 3.9060000000e-01 2.4777414084e-01
   endloop
 endfacet
 facet normal  1.2650301523e-01 3.1154062576e-04 -9.9196617386e-01
   outer loop
     vertex 2.6980233950e+00 2.6040000000e-01 2.4671376189e-01
     vertex 2.6750272690e+00 2.6040000000e-01 2.4378112228e-01
     vertex 2.7060176508e+00 3.9060000000e-01 2.4777414084e-01
   endloop
 endfacet
 facet normal  1.2650301523e-01 3.1154062576e-04 -9.9196617386e-01
   outer loop
     vertex 2.7060176508e+00 3.9060000000e-01 2.4777414084e-01
     vertex 2.6750272690e+00 2.6040000000e-01 2.4378112228e-01
     vertex 2.6868134392e+00 3.9060000000e-01 2.4532507479e-01
   endloop
 endfacet
 facet normal  1.1813258256e-01 1.0814888967e-03 -9.9299724235e-01
   outer loop
     vertex 2.6750272690e+00 2.6040000000e-01 2.4378112228e-01
     vertex 2.6463309565e+00 2.6040000000e-01 2.4036724623e-01
     vertex 2.6868134392e+00 3.9060000000e-01 2.4532507479e-01
   endloop
 endfacet
 facet normal  1.1813258256e-01 1.0814888967e-03 -9.9299724235e-01
   outer loop
     vertex 2.6868134392e+00 3.9060000000e-01 2.4532507479e-01
     vertex 2.6463309565e+00 2.6040000000e-01 2.4036724623e-01
     vertex 2.6628489654e+00 3.9060000000e-01 2.4247412511e-01
   endloop
 endfacet
 facet normal  1.0700532866e-01 2.5135210889e-03 -9.9425526996e-01
   outer loop
     vertex 2.6463309565e+00 2.6040000000e-01 2.4036724623e-01
     vertex 2.6127492659e+00 2.6040000000e-01 2.3675306389e-01
     vertex 2.6628489654e+00 3.9060000000e-01 2.4247412511e-01
   endloop
 endfacet
 facet normal  1.0700532866e-01 2.5135210889e-03 -9.9425526996e-01
   outer loop
     vertex 2.6628489654e+00 3.9060000000e-01 2.4247412511e-01
     vertex 2.6127492659e+00 2.6040000000e-01 2.3675306389e-01
     vertex 2.6348046813e+00 3.9060000000e-01 2.3945589836e-01
   endloop
 endfacet
 facet normal  9.1698385157e-02 5.1379812830e-03 -9.9577357231e-01
   outer loop
     vertex 2.6127492659e+00 2.6040000000e-01 2.3675306389e-01
     vertex 2.5762781238e+00 2.6040000000e-01 2.3339452443e-01
     vertex 2.6348046813e+00 3.9060000000e-01 2.3945589836e-01
   endloop
 endfacet
 facet normal  9.1698385157e-02 5.1379812830e-03 -9.9577357231e-01
   outer loop
     vertex 2.6348046813e+00 3.9060000000e-01 2.3945589836e-01
     vertex 2.5762781238e+00 2.6040000000e-01 2.3339452443e-01
     vertex 2.6043473977e+00 3.9060000000e-01 2.3665116062e-01
   endloop
 endfacet
 facet normal  7.0294143337e-02 9.7950698305e-03 -9.9747821531e-01
   outer loop
     vertex 2.5762781238e+00 2.6040000000e-01 2.3339452443e-01
     vertex 2.5738372638e+00 3.9060000000e-01 2.3450105480e-01
     vertex 2.6043473977e+00 3.9060000000e-01 2.3665116062e-01
   endloop
 endfacet
 facet normal  7.0294143337e-02 9.7950698305e-03 -9.9747821531e-01
   outer loop
     vertex 2.5762781238e+00 2.6040000000e-01 2.3339452443e-01
     vertex 2.5397436959e+00 2.6040000000e-01 2.3081987541e-01
     vertex 2.5738372638e+00 3.9060000000e-01 2.3450105480e-01
   endloop
 endfacet
 facet normal  4.0980762130e-02 1.7514143227e-02 -9.9900642236e-01
   outer loop
     vertex 2.5397436959e+00 2.6040000000e-01 2.3081987541e-01
     vertex 2.5456558230e+00 3.9060000000e-01 2.3334500925e-01
     vertex 2.5738372638e+00 3.9060000000e-01 2.3450105480e-01
   endloop
 endfacet
 facet normal  4.0980762130e-02 1.7514143227e-02 -9.9900642236e-01
   outer loop
     vertex 2.5397436959e+00 2.6040000000e-01 2.3081987541e-01
     vertex 2.5059977669e+00 2.6040000000e-01 2.2943556610e-01
     vertex 2.5456558230e+00 3.9060000000e-01 2.3334500925e-01
   endloop
 endfacet
 facet normal  2.4847542437e-03 2.9256659349e-02 -9.9956884399e-01
   outer loop
     vertex 2.5059977669e+00 2.6040000000e-01 2.2943556610e-01
     vertex 2.5215241446e+00 3.9060000000e-01 2.3328502210e-01
     vertex 2.5456558230e+00 3.9060000000e-01 2.3334500925e-01
   endloop
 endfacet
 facet normal  2.4847542437e-03 2.9256659349e-02 -9.9956884399e-01
   outer loop
     vertex 2.5059977669e+00 2.6040000000e-01 2.2943556610e-01
     vertex 2.4771012347e+00 2.6040000000e-01 2.2936373435e-01
     vertex 2.5215241446e+00 3.9060000000e-01 2.3328502210e-01
   endloop
 endfacet
 facet normal  -4.6820757967e-02 4.6027198247e-02 -9.9784232905e-01
   outer loop
     vertex 2.4771012347e+00 2.6040000000e-01 2.2936373435e-01
     vertex 2.5021880727e+00 3.9060000000e-01 2.3419230927e-01
     vertex 2.5215241446e+00 3.9060000000e-01 2.3328502210e-01
   endloop
 endfacet
 facet normal  -4.6820757967e-02 4.6027198247e-02 -9.9784232905e-01
   outer loop
     vertex 2.4771012347e+00 2.6040000000e-01 2.2936373435e-01
     vertex 2.4539472123e+00 2.6040000000e-01 2.3045016739e-01
     vertex 2.5021880727e+00 3.9060000000e-01 2.3419230927e-01
   endloop
 endfacet
 facet normal  -1.1108655657e-01 6.9652431860e-02 -9.9136689257e-01
   outer loop
     vertex 2.4539472123e+00 2.6040000000e-01 2.3045016739e-01
     vertex 2.4875402353e+00 3.9060000000e-01 2.3583365702e-01
     vertex 2.5021880727e+00 3.9060000000e-01 2.3419230927e-01
   endloop
 endfacet
 facet normal  -1.1108655657e-01 6.9652431860e-02 -9.9136689257e-01
   outer loop
     vertex 2.4539472123e+00 2.6040000000e-01 2.3045016739e-01
     vertex 2.4364071267e+00 2.6040000000e-01 2.3241560292e-01
     vertex 2.4875402353e+00 3.9060000000e-01 2.3583365702e-01
   endloop
 endfacet
 facet normal  -2.0295663422e-01 1.0526363121e-01 -9.7351331402e-01
   outer loop
     vertex 2.4364071267e+00 2.6040000000e-01 2.3241560292e-01
     vertex 2.4769851101e+00 3.9060000000e-01 2.3803417409e-01
     vertex 2.4875402353e+00 3.9060000000e-01 2.3583365702e-01
   endloop
 endfacet
 facet normal  -2.0295663422e-01 1.0526363121e-01 -9.7351331402e-01
   outer loop
     vertex 2.4364071267e+00 2.6040000000e-01 2.3241560292e-01
     vertex 2.4237678686e+00 2.6040000000e-01 2.3505061700e-01
     vertex 2.4769851101e+00 3.9060000000e-01 2.3803417409e-01
   endloop
 endfacet
 facet normal  -3.6413627092e-01 1.6981926558e-01 -9.1573259920e-01
   outer loop
     vertex 2.4237678686e+00 2.6040000000e-01 2.3505061700e-01
     vertex 2.4698809738e+00 3.9060000000e-01 2.4085909671e-01
     vertex 2.4769851101e+00 3.9060000000e-01 2.3803417409e-01
   endloop
 endfacet
 facet normal  -3.6413627092e-01 1.6981926558e-01 -9.1573259920e-01
   outer loop
     vertex 2.4237678686e+00 2.6040000000e-01 2.3505061700e-01
     vertex 2.4152610047e+00 2.6040000000e-01 2.3843332687e-01
     vertex 2.4698809738e+00 3.9060000000e-01 2.4085909671e-01
   endloop
 endfacet
 facet normal  -7.4526368671e-01 3.2350675202e-01 -5.8303123301e-01
   outer loop
     vertex 2.4152610047e+00 2.6040000000e-01 2.3843332687e-01
     vertex 2.4667277440e+00 3.9060000000e-01 2.4488973434e-01
     vertex 2.4698809738e+00 3.9060000000e-01 2.4085909671e-01
   endloop
 endfacet
 facet normal  -7.4526368671e-01 3.2350675202e-01 -5.8303123301e-01
   outer loop
     vertex 2.4152610047e+00 2.6040000000e-01 2.3843332687e-01
     vertex 2.4114851627e+00 2.6040000000e-01 2.4325982289e-01
     vertex 2.4667277440e+00 3.9060000000e-01 2.4488973434e-01
   endloop
 endfacet
 facet normal  -7.7834158531e-01 3.2350675202e-01 5.3807783634e-01
   outer loop
     vertex 2.4114851627e+00 2.6040000000e-01 2.4325982289e-01
     vertex 2.4149698763e+00 2.6040000000e-01 2.4830053886e-01
     vertex 2.4667277440e+00 3.9060000000e-01 2.4488973434e-01
   endloop
 endfacet
 facet normal  -7.7834158531e-01 3.2350675202e-01 5.3807783634e-01
   outer loop
     vertex 2.4667277440e+00 3.9060000000e-01 2.4488973434e-01
     vertex 2.4149698763e+00 2.6040000000e-01 2.4830053886e-01
     vertex 2.4696378506e+00 3.9060000000e-01 2.4909926841e-01
   endloop
 endfacet
 facet normal  -4.1749253255e-01 1.6981926558e-01 8.9267093730e-01
   outer loop
     vertex 2.4149698763e+00 2.6040000000e-01 2.4830053886e-01
     vertex 2.4232625048e+00 2.6040000000e-01 2.5217891140e-01
     vertex 2.4696378506e+00 3.9060000000e-01 2.4909926841e-01
   endloop
 endfacet
 facet normal  -4.1749253255e-01 1.6981926558e-01 8.9267093730e-01
   outer loop
     vertex 2.4696378506e+00 3.9060000000e-01 2.4909926841e-01
     vertex 2.4232625048e+00 2.6040000000e-01 2.5217891140e-01
     vertex 2.4765630776e+00 3.9060000000e-01 2.5233812208e-01
   endloop
 endfacet
 facet normal  -2.5999990352e-01 1.0526363121e-01 9.5985395666e-01
   outer loop
     vertex 2.4232625048e+00 2.6040000000e-01 2.5217891140e-01
     vertex 2.4357244216e+00 2.6040000000e-01 2.5555452614e-01
     vertex 2.4765630776e+00 3.9060000000e-01 2.5233812208e-01
   endloop
 endfacet
 facet normal  -2.5999990352e-01 1.0526363121e-01 9.5985395666e-01
   outer loop
     vertex 2.4765630776e+00 3.9060000000e-01 2.5233812208e-01
     vertex 2.4357244216e+00 2.6040000000e-01 2.5555452614e-01
     vertex 2.4869701038e+00 3.9060000000e-01 2.5515711950e-01
   endloop
 endfacet
 facet normal  -1.6934224654e-01 6.9652431860e-02 9.8309294691e-01
   outer loop
     vertex 2.4357244216e+00 2.6040000000e-01 2.5555452614e-01
     vertex 2.4531181176e+00 2.6040000000e-01 2.5855066966e-01
     vertex 2.4869701038e+00 3.9060000000e-01 2.5515711950e-01
   endloop
 endfacet
 facet normal  -1.6934224654e-01 6.9652431860e-02 9.8309294691e-01
   outer loop
     vertex 2.4869701038e+00 3.9060000000e-01 2.5515711950e-01
     vertex 2.4531181176e+00 2.6040000000e-01 2.5855066966e-01
     vertex 2.5014956904e+00 3.9060000000e-01 2.5765921807e-01
   endloop
 endfacet
 facet normal  -1.0557001855e-01 4.6027198247e-02 9.9334609689e-01
   outer loop
     vertex 2.4531181176e+00 2.6040000000e-01 2.5855066966e-01
     vertex 2.4761678090e+00 2.6040000000e-01 2.6100032578e-01
     vertex 2.5014956904e+00 3.9060000000e-01 2.5765921807e-01
   endloop
 endfacet
 facet normal  -1.0557001855e-01 4.6027198247e-02 9.9334609689e-01
   outer loop
     vertex 2.5014956904e+00 3.9060000000e-01 2.5765921807e-01
     vertex 2.4761678090e+00 2.6040000000e-01 2.6100032578e-01
     vertex 2.5207446348e+00 3.9060000000e-01 2.5970494154e-01
   endloop
 endfacet
 facet normal  -5.6452066538e-02 2.9256659349e-02 9.9797655888e-01
   outer loop
     vertex 2.4761678090e+00 2.6040000000e-01 2.6100032578e-01
     vertex 2.5050183098e+00 2.6040000000e-01 2.6263229837e-01
     vertex 2.5207446348e+00 3.9060000000e-01 2.5970494154e-01
   endloop
 endfacet
 facet normal  -5.6452066538e-02 2.9256659349e-02 9.9797655888e-01
   outer loop
     vertex 2.5207446348e+00 3.9060000000e-01 2.5970494154e-01
     vertex 2.5050183098e+00 2.6040000000e-01 2.6263229837e-01
     vertex 2.5448378722e+00 3.9060000000e-01 2.6106781227e-01
   endloop
 endfacet
 facet normal  -1.7989864445e-02 1.7514143227e-02 9.9968476009e-01
   outer loop
     vertex 2.5050183098e+00 2.6040000000e-01 2.6263229837e-01
     vertex 2.5387871528e+00 2.6040000000e-01 2.6323998685e-01
     vertex 2.5448378722e+00 3.9060000000e-01 2.6106781227e-01
   endloop
 endfacet
 facet normal  -1.7989864445e-02 1.7514143227e-02 9.9968476009e-01
   outer loop
     vertex 2.5448378722e+00 3.9060000000e-01 2.6106781227e-01
     vertex 2.5387871528e+00 2.6040000000e-01 2.6323998685e-01
     vertex 2.5730384486e+00 3.9060000000e-01 2.6157529679e-01
   endloop
 endfacet
 facet normal  1.1362625132e-02 9.7950698305e-03 9.9988746735e-01
   outer loop
     vertex 2.5387871528e+00 2.6040000000e-01 2.6323998685e-01
     vertex 2.5754098238e+00 2.6040000000e-01 2.6282381033e-01
     vertex 2.5730384486e+00 3.9060000000e-01 2.6157529679e-01
   endloop
 endfacet
 facet normal  1.1362625132e-02 9.7950698305e-03 9.9988746735e-01
   outer loop
     vertex 2.5730384486e+00 3.9060000000e-01 2.6157529679e-01
     vertex 2.5754098238e+00 2.6040000000e-01 2.6282381033e-01
     vertex 2.6036222749e+00 3.9060000000e-01 2.6122774513e-01
   endloop
 endfacet
 facet normal  3.2830135812e-02 5.1379812830e-03 9.9944773917e-01
   outer loop
     vertex 2.5754098238e+00 2.6040000000e-01 2.6282381033e-01
     vertex 2.6341919386e+00 3.9060000000e-01 2.6022358436e-01
     vertex 2.6036222749e+00 3.9060000000e-01 2.6122774513e-01
   endloop
 endfacet
 facet normal  3.2830135812e-02 5.1379812830e-03 9.9944773917e-01
   outer loop
     vertex 2.5754098238e+00 2.6040000000e-01 2.6282381033e-01
     vertex 2.6120155357e+00 2.6040000000e-01 2.6162137578e-01
     vertex 2.6341919386e+00 3.9060000000e-01 2.6022358436e-01
   endloop
 endfacet
 facet normal  4.8199968360e-02 2.5135210889e-03 9.9883454349e-01
   outer loop
     vertex 2.6120155357e+00 2.6040000000e-01 2.6162137578e-01
     vertex 2.6623653872e+00 3.9060000000e-01 2.5886404054e-01
     vertex 2.6341919386e+00 3.9060000000e-01 2.6022358436e-01
   endloop
 endfacet
 facet normal  4.8199968360e-02 2.5135210889e-03 9.9883454349e-01
   outer loop
     vertex 2.6120155357e+00 2.6040000000e-01 2.6162137578e-01
     vertex 2.6457518946e+00 2.6040000000e-01 2.5999338700e-01
     vertex 2.6623653872e+00 3.9060000000e-01 2.5886404054e-01
   endloop
 endfacet
 facet normal  5.9382036744e-02 1.0814888967e-03 9.9823474398e-01
   outer loop
     vertex 2.6457518946e+00 2.6040000000e-01 2.5999338700e-01
     vertex 2.6864562600e+00 3.9060000000e-01 2.5743094566e-01
     vertex 2.6623653872e+00 3.9060000000e-01 2.5886404054e-01
   endloop
 endfacet
 facet normal  5.9382036744e-02 1.0814888967e-03 9.9823474398e-01
   outer loop
     vertex 2.6457518946e+00 2.6040000000e-01 2.5999338700e-01
     vertex 2.6745995640e+00 2.6040000000e-01 2.5827732435e-01
     vertex 2.6864562600e+00 3.9060000000e-01 2.5743094566e-01
   endloop
 endfacet
 facet normal  6.7798698438e-02 3.1154062576e-04 9.9769897235e-01
   outer loop
     vertex 2.6745995640e+00 2.6040000000e-01 2.5827732435e-01
     vertex 2.7057714572e+00 3.9060000000e-01 2.5611838018e-01
     vertex 2.6864562600e+00 3.9060000000e-01 2.5743094566e-01
   endloop
 endfacet
 facet normal  6.7798698438e-02 3.1154062576e-04 9.9769897235e-01
   outer loop
     vertex 2.6745995640e+00 2.6040000000e-01 2.5827732435e-01
     vertex 2.6977285899e+00 2.6040000000e-01 2.5670558989e-01
     vertex 2.7057714572e+00 3.9060000000e-01 2.5611838018e-01
   endloop
 endfacet
 facet normal  7.4255832088e-02 -8.9410522586e-05 9.9723922075e-01
   outer loop
     vertex 2.6977285899e+00 2.6040000000e-01 2.5670558989e-01
     vertex 2.7204736377e+00 3.9060000000e-01 2.5502363518e-01
     vertex 2.7057714572e+00 3.9060000000e-01 2.5611838018e-01
   endloop
 endfacet
 facet normal  7.4255832088e-02 -8.9410522586e-05 9.9723922075e-01
   outer loop
     vertex 2.6977285899e+00 2.6040000000e-01 2.5670558989e-01
     vertex 2.7153337488e+00 2.6040000000e-01 2.5539468505e-01
     vertex 2.7204736377e+00 3.9060000000e-01 2.5502363518e-01
   endloop
 endfacet
 facet normal  7.9224257058e-02 -2.8663831151e-04 9.9685677754e-01
   outer loop
     vertex 2.7153337488e+00 2.6040000000e-01 2.5539468505e-01
     vertex 2.7312279650e+00 3.9060000000e-01 2.5416894511e-01
     vertex 2.7204736377e+00 3.9060000000e-01 2.5502363518e-01
   endloop
 endfacet
 facet normal  7.9224257058e-02 -2.8663831151e-04 9.9685677754e-01
   outer loop
     vertex 2.7153337488e+00 2.6040000000e-01 2.5539468505e-01
     vertex 2.7282115420e+00 2.6040000000e-01 2.5437123452e-01
     vertex 2.7312279650e+00 3.9060000000e-01 2.5416894511e-01
   endloop
 endfacet
 facet normal  8.2959930750e-02 -3.7365721265e-04 9.9655281359e-01
   outer loop
     vertex 2.7282115420e+00 2.6040000000e-01 2.5437123452e-01
     vertex 2.7388677575e+00 3.9060000000e-01 2.5353295609e-01
     vertex 2.7312279650e+00 3.9060000000e-01 2.5416894511e-01
   endloop
 endfacet
 facet normal  8.2959930750e-02 -3.7365721265e-04 9.9655281359e-01
   outer loop
     vertex 2.7282115420e+00 2.6040000000e-01 2.5437123452e-01
     vertex 2.7373598285e+00 2.6040000000e-01 2.5360966805e-01
     vertex 2.7388677575e+00 3.9060000000e-01 2.5353295609e-01
   endloop
 endfacet
 facet normal  8.5664752247e-02 -4.0511832182e-04 9.9632393633e-01
   outer loop
     vertex 2.7373598285e+00 2.6040000000e-01 2.5360966805e-01
     vertex 2.7441830047e+00 3.9060000000e-01 2.5307594675e-01
     vertex 2.7388677575e+00 3.9060000000e-01 2.5353295609e-01
   endloop
 endfacet
 facet normal  8.5664752247e-02 -4.0511832182e-04 9.9632393633e-01
   outer loop
     vertex 2.7373598285e+00 2.6040000000e-01 2.5360966805e-01
     vertex 2.7437245832e+00 2.6040000000e-01 2.5306242120e-01
     vertex 2.7441830047e+00 3.9060000000e-01 2.5307594675e-01
   endloop
 endfacet
 facet normal  1.4425692122e-01 -4.0511832182e-04 -9.8954018441e-01
   outer loop
     vertex 2.7441830047e+00 3.9060000000e-01 2.5307594675e-01
     vertex 2.7389039478e+00 3.9060000000e-01 2.5230635648e-01
     vertex 2.7446414263e+00 5.2080000000e-01 2.5308947231e-01
   endloop
 endfacet
 facet normal  1.4425692122e-01 -4.0511832182e-04 -9.8954018441e-01
   outer loop
     vertex 2.7446414263e+00 5.2080000000e-01 2.5308947231e-01
     vertex 2.7389039478e+00 3.9060000000e-01 2.5230635648e-01
     vertex 2.7404047310e+00 5.2080000000e-01 2.5247183935e-01
   endloop
 endfacet
 facet normal  1.4157029897e-01 -3.7365721265e-04 -9.8992813417e-01
   outer loop
     vertex 2.7389039478e+00 3.9060000000e-01 2.5230635648e-01
     vertex 2.7313149416e+00 3.9060000000e-01 2.5122104752e-01
     vertex 2.7404047310e+00 5.2080000000e-01 2.5247183935e-01
   endloop
 endfacet
 facet normal  1.4157029897e-01 -3.7365721265e-04 -9.8992813417e-01
   outer loop
     vertex 2.7404047310e+00 5.2080000000e-01 2.5247183935e-01
     vertex 2.7313149416e+00 3.9060000000e-01 2.5122104752e-01
     vertex 2.7343141910e+00 5.2080000000e-01 2.5160082706e-01
   endloop
 endfacet
 facet normal  1.3785904468e-01 -2.8663831151e-04 -9.9045181692e-01
   outer loop
     vertex 2.7313149416e+00 3.9060000000e-01 2.5122104752e-01
     vertex 2.7206297126e+00 3.9060000000e-01 2.4973379146e-01
     vertex 2.7343141910e+00 5.2080000000e-01 2.5160082706e-01
   endloop
 endfacet
 facet normal  1.3785904468e-01 -2.8663831151e-04 -9.9045181692e-01
   outer loop
     vertex 2.7343141910e+00 5.2080000000e-01 2.5160082706e-01
     vertex 2.7206297126e+00 3.9060000000e-01 2.4973379146e-01
     vertex 2.7257387842e+00 5.2080000000e-01 2.5040723303e-01
   endloop
 endfacet
 facet normal  1.3292181050e-01 -8.9410522585e-05 -9.9112652285e-01
   outer loop
     vertex 2.7206297126e+00 3.9060000000e-01 2.4973379146e-01
     vertex 2.7060176508e+00 3.9060000000e-01 2.4777414084e-01
     vertex 2.7257387842e+00 5.2080000000e-01 2.5040723303e-01
   endloop
 endfacet
 facet normal  1.3292181050e-01 -8.9410522587e-05 -9.9112652285e-01
   outer loop
     vertex 2.7257387842e+00 5.2080000000e-01 2.5040723303e-01
     vertex 2.7060176508e+00 3.9060000000e-01 2.4777414084e-01
     vertex 2.7140119066e+00 5.2080000000e-01 2.4883451979e-01
   endloop
 endfacet
 facet normal  1.2650301523e-01 3.1154062576e-04 -9.9196617386e-01
   outer loop
     vertex 2.7060176508e+00 3.9060000000e-01 2.4777414084e-01
     vertex 2.6868134392e+00 3.9060000000e-01 2.4532507479e-01
     vertex 2.7140119066e+00 5.2080000000e-01 2.4883451979e-01
   endloop
 endfacet
 facet normal  1.2650301523e-01 3.1154062576e-04 -9.9196617386e-01
   outer loop
     vertex 2.7140119066e+00 5.2080000000e-01 2.4883451979e-01
     vertex 2.6868134392e+00 3.9060000000e-01 2.4532507479e-01
     vertex 2.6985996094e+00 5.2080000000e-01 2.4686902729e-01
   endloop
 endfacet
 facet normal  1.1813258256e-01 1.0814888967e-03 -9.9299724235e-01
   outer loop
     vertex 2.6868134392e+00 3.9060000000e-01 2.4532507479e-01
     vertex 2.6628489654e+00 3.9060000000e-01 2.4247412511e-01
     vertex 2.6985996094e+00 5.2080000000e-01 2.4686902729e-01
   endloop
 endfacet
 facet normal  1.1813258256e-01 1.0814888967e-03 -9.9299724235e-01
   outer loop
     vertex 2.6985996094e+00 5.2080000000e-01 2.4686902729e-01
     vertex 2.6628489654e+00 3.9060000000e-01 2.4247412511e-01
     vertex 2.6793669744e+00 5.2080000000e-01 2.4458100398e-01
   endloop
 endfacet
 facet normal  1.0700532866e-01 2.5135210889e-03 -9.9425526996e-01
   outer loop
     vertex 2.6628489654e+00 3.9060000000e-01 2.4247412511e-01
     vertex 2.6348046813e+00 3.9060000000e-01 2.3945589836e-01
     vertex 2.6793669744e+00 5.2080000000e-01 2.4458100398e-01
   endloop
 endfacet
 facet normal  1.0700532866e-01 2.5135210889e-03 -9.9425526996e-01
   outer loop
     vertex 2.6793669744e+00 5.2080000000e-01 2.4458100398e-01
     vertex 2.6348046813e+00 3.9060000000e-01 2.3945589836e-01
     vertex 2.6568600967e+00 5.2080000000e-01 2.4215873284e-01
   endloop
 endfacet
 facet normal  9.1698385157e-02 5.1379812830e-03 -9.9577357231e-01
   outer loop
     vertex 2.6348046813e+00 3.9060000000e-01 2.3945589836e-01
     vertex 2.6043473977e+00 3.9060000000e-01 2.3665116062e-01
     vertex 2.6568600967e+00 5.2080000000e-01 2.4215873284e-01
   endloop
 endfacet
 facet normal  9.1698385157e-02 5.1379812830e-03 -9.9577357231e-01
   outer loop
     vertex 2.6568600967e+00 5.2080000000e-01 2.4215873284e-01
     vertex 2.6043473977e+00 3.9060000000e-01 2.3665116062e-01
     vertex 2.6324166716e+00 5.2080000000e-01 2.3990779682e-01
   endloop
 endfacet
 facet normal  7.0294143337e-02 9.7950698305e-03 -9.9747821531e-01
   outer loop
     vertex 2.6043473977e+00 3.9060000000e-01 2.3665116062e-01
     vertex 2.6079308317e+00 5.2080000000e-01 2.3818223418e-01
     vertex 2.6324166716e+00 5.2080000000e-01 2.3990779682e-01
   endloop
 endfacet
 facet normal  7.0294143337e-02 9.7950698305e-03 -9.9747821531e-01
   outer loop
     vertex 2.6043473977e+00 3.9060000000e-01 2.3665116062e-01
     vertex 2.5738372638e+00 3.9060000000e-01 2.3450105480e-01
     vertex 2.6079308317e+00 5.2080000000e-01 2.3818223418e-01
   endloop
 endfacet
 facet normal  4.0980762130e-02 1.7514143227e-02 -9.9900642236e-01
   outer loop
     vertex 2.5738372638e+00 3.9060000000e-01 2.3450105480e-01
     vertex 2.5853138792e+00 5.2080000000e-01 2.3725445240e-01
     vertex 2.6079308317e+00 5.2080000000e-01 2.3818223418e-01
   endloop
 endfacet
 facet normal  4.0980762130e-02 1.7514143227e-02 -9.9900642236e-01
   outer loop
     vertex 2.5738372638e+00 3.9060000000e-01 2.3450105480e-01
     vertex 2.5456558230e+00 3.9060000000e-01 2.3334500925e-01
     vertex 2.5853138792e+00 5.2080000000e-01 2.3725445240e-01
   endloop
 endfacet
 facet normal  2.4847542437e-03 2.9256659349e-02 -9.9956884399e-01
   outer loop
     vertex 2.5456558230e+00 3.9060000000e-01 2.3334500925e-01
     vertex 2.5659470545e+00 5.2080000000e-01 2.3720630985e-01
     vertex 2.5853138792e+00 5.2080000000e-01 2.3725445240e-01
   endloop
 endfacet
 facet normal  2.4847542437e-03 2.9256659349e-02 -9.9956884399e-01
   outer loop
     vertex 2.5456558230e+00 3.9060000000e-01 2.3334500925e-01
     vertex 2.5215241446e+00 3.9060000000e-01 2.3328502210e-01
     vertex 2.5659470545e+00 5.2080000000e-01 2.3720630985e-01
   endloop
 endfacet
 facet normal  -4.6820757967e-02 4.6027198247e-02 -9.9784232905e-01
   outer loop
     vertex 2.5215241446e+00 3.9060000000e-01 2.3328502210e-01
     vertex 2.5504289331e+00 5.2080000000e-01 2.3793445114e-01
     vertex 2.5659470545e+00 5.2080000000e-01 2.3720630985e-01
   endloop
 endfacet
 facet normal  -4.6820757967e-02 4.6027198247e-02 -9.9784232905e-01
   outer loop
     vertex 2.5215241446e+00 3.9060000000e-01 2.3328502210e-01
     vertex 2.5021880727e+00 3.9060000000e-01 2.3419230927e-01
     vertex 2.5504289331e+00 5.2080000000e-01 2.3793445114e-01
   endloop
 endfacet
 facet normal  -1.1108655657e-01 6.9652431860e-02 -9.9136689257e-01
   outer loop
     vertex 2.5021880727e+00 3.9060000000e-01 2.3419230927e-01
     vertex 2.5386733438e+00 5.2080000000e-01 2.3925171112e-01
     vertex 2.5504289331e+00 5.2080000000e-01 2.3793445114e-01
   endloop
 endfacet
 facet normal  -1.1108655657e-01 6.9652431860e-02 -9.9136689257e-01
   outer loop
     vertex 2.5021880727e+00 3.9060000000e-01 2.3419230927e-01
     vertex 2.4875402353e+00 3.9060000000e-01 2.3583365702e-01
     vertex 2.5386733438e+00 5.2080000000e-01 2.3925171112e-01
   endloop
 endfacet
 facet normal  -2.0295663422e-01 1.0526363121e-01 -9.7351331402e-01
   outer loop
     vertex 2.4875402353e+00 3.9060000000e-01 2.3583365702e-01
     vertex 2.5302023517e+00 5.2080000000e-01 2.4101773119e-01
     vertex 2.5386733438e+00 5.2080000000e-01 2.3925171112e-01
   endloop
 endfacet
 facet normal  -2.0295663422e-01 1.0526363121e-01 -9.7351331402e-01
   outer loop
     vertex 2.4875402353e+00 3.9060000000e-01 2.3583365702e-01
     vertex 2.4769851101e+00 3.9060000000e-01 2.3803417409e-01
     vertex 2.5302023517e+00 5.2080000000e-01 2.4101773119e-01
   endloop
 endfacet
 facet normal  -3.6413627092e-01 1.6981926558e-01 -9.1573259920e-01
   outer loop
     vertex 2.4769851101e+00 3.9060000000e-01 2.3803417409e-01
     vertex 2.5245009429e+00 5.2080000000e-01 2.4328486654e-01
     vertex 2.5302023517e+00 5.2080000000e-01 2.4101773119e-01
   endloop
 endfacet
 facet normal  -3.6413627092e-01 1.6981926558e-01 -9.1573259920e-01
   outer loop
     vertex 2.4769851101e+00 3.9060000000e-01 2.3803417409e-01
     vertex 2.4698809738e+00 3.9060000000e-01 2.4085909671e-01
     vertex 2.5245009429e+00 5.2080000000e-01 2.4328486654e-01
   endloop
 endfacet
 facet normal  -7.4526368671e-01 3.2350675202e-01 -5.8303123301e-01
   outer loop
     vertex 2.4698809738e+00 3.9060000000e-01 2.4085909671e-01
     vertex 2.5219703254e+00 5.2080000000e-01 2.4651964578e-01
     vertex 2.5245009429e+00 5.2080000000e-01 2.4328486654e-01
   endloop
 endfacet
 facet normal  -7.4526368671e-01 3.2350675202e-01 -5.8303123301e-01
   outer loop
     vertex 2.4698809738e+00 3.9060000000e-01 2.4085909671e-01
     vertex 2.4667277440e+00 3.9060000000e-01 2.4488973434e-01
     vertex 2.5219703254e+00 5.2080000000e-01 2.4651964578e-01
   endloop
 endfacet
 facet normal  -7.7834158531e-01 3.2350675202e-01 5.3807783634e-01
   outer loop
     vertex 2.4667277440e+00 3.9060000000e-01 2.4488973434e-01
     vertex 2.4696378506e+00 3.9060000000e-01 2.4909926841e-01
     vertex 2.5219703254e+00 5.2080000000e-01 2.4651964578e-01
   endloop
 endfacet
 facet normal  -7.7834158531e-01 3.2350675202e-01 5.3807783634e-01
   outer loop
     vertex 2.5219703254e+00 5.2080000000e-01 2.4651964578e-01
     vertex 2.4696378506e+00 3.9060000000e-01 2.4909926841e-01
     vertex 2.5243058249e+00 5.2080000000e-01 2.4989799797e-01
   endloop
 endfacet
 facet normal  -4.1749253255e-01 1.6981926558e-01 8.9267093730e-01
   outer loop
     vertex 2.4696378506e+00 3.9060000000e-01 2.4909926841e-01
     vertex 2.4765630776e+00 3.9060000000e-01 2.5233812208e-01
     vertex 2.5243058249e+00 5.2080000000e-01 2.4989799797e-01
   endloop
 endfacet
 facet normal  -4.1749253255e-01 1.6981926558e-01 8.9267093730e-01
   outer loop
     vertex 2.5243058249e+00 5.2080000000e-01 2.4989799797e-01
     vertex 2.4765630776e+00 3.9060000000e-01 2.5233812208e-01
     vertex 2.5298636504e+00 5.2080000000e-01 2.5249733276e-01
   endloop
 endfacet
 facet normal  -2.5999990352e-01 1.0526363121e-01 9.5985395666e-01
   outer loop
     vertex 2.4765630776e+00 3.9060000000e-01 2.5233812208e-01
     vertex 2.4869701038e+00 3.9060000000e-01 2.5515711950e-01
     vertex 2.5298636504e+00 5.2080000000e-01 2.5249733276e-01
   endloop
 endfacet
 facet normal  -2.5999990352e-01 1.0526363121e-01 9.5985395666e-01
   outer loop
     vertex 2.5298636504e+00 5.2080000000e-01 2.5249733276e-01
     vertex 2.4869701038e+00 3.9060000000e-01 2.5515711950e-01
     vertex 2.5382157861e+00 5.2080000000e-01 2.5475971285e-01
   endloop
 endfacet
 facet normal  -1.6934224654e-01 6.9652431860e-02 9.8309294691e-01
   outer loop
     vertex 2.4869701038e+00 3.9060000000e-01 2.5515711950e-01
     vertex 2.5014956904e+00 3.9060000000e-01 2.5765921807e-01
     vertex 2.5382157861e+00 5.2080000000e-01 2.5475971285e-01
   endloop
 endfacet
 facet normal  -1.6934224654e-01 6.9652431860e-02 9.8309294691e-01
   outer loop
     vertex 2.5382157861e+00 5.2080000000e-01 2.5475971285e-01
     vertex 2.5014956904e+00 3.9060000000e-01 2.5765921807e-01
     vertex 2.5498732632e+00 5.2080000000e-01 2.5676776649e-01
   endloop
 endfacet
 facet normal  -1.0557001855e-01 4.6027198247e-02 9.9334609689e-01
   outer loop
     vertex 2.5014956904e+00 3.9060000000e-01 2.5765921807e-01
     vertex 2.5207446348e+00 3.9060000000e-01 2.5970494154e-01
     vertex 2.5498732632e+00 5.2080000000e-01 2.5676776649e-01
   endloop
 endfacet
 facet normal  -1.0557001855e-01 4.6027198247e-02 9.9334609689e-01
   outer loop
     vertex 2.5498732632e+00 5.2080000000e-01 2.5676776649e-01
     vertex 2.5207446348e+00 3.9060000000e-01 2.5970494154e-01
     vertex 2.5653214607e+00 5.2080000000e-01 2.5840955729e-01
   endloop
 endfacet
 facet normal  -5.6452066538e-02 2.9256659349e-02 9.9797655888e-01
   outer loop
     vertex 2.5207446348e+00 3.9060000000e-01 2.5970494154e-01
     vertex 2.5448378722e+00 3.9060000000e-01 2.6106781227e-01
     vertex 2.5653214607e+00 5.2080000000e-01 2.5840955729e-01
   endloop
 endfacet
 facet normal  -5.6452066538e-02 2.9256659349e-02 9.9797655888e-01
   outer loop
     vertex 2.5653214607e+00 5.2080000000e-01 2.5840955729e-01
     vertex 2.5448378722e+00 3.9060000000e-01 2.6106781227e-01
     vertex 2.5846574346e+00 5.2080000000e-01 2.5950332616e-01
   endloop
 endfacet
 facet normal  -1.7989864445e-02 1.7514143227e-02 9.9968476009e-01
   outer loop
     vertex 2.5448378722e+00 3.9060000000e-01 2.6106781227e-01
     vertex 2.5730384486e+00 3.9060000000e-01 2.6157529679e-01
     vertex 2.5846574346e+00 5.2080000000e-01 2.5950332616e-01
   endloop
 endfacet
 facet normal  -1.7989864445e-02 1.7514143227e-02 9.9968476009e-01
   outer loop
     vertex 2.5846574346e+00 5.2080000000e-01 2.5950332616e-01
     vertex 2.5730384486e+00 3.9060000000e-01 2.6157529679e-01
     vertex 2.6072897443e+00 5.2080000000e-01 2.5991060673e-01
   endloop
 endfacet
 facet normal  1.1362625132e-02 9.7950698305e-03 9.9988746735e-01
   outer loop
     vertex 2.5730384486e+00 3.9060000000e-01 2.6157529679e-01
     vertex 2.6036222749e+00 3.9060000000e-01 2.6122774513e-01
     vertex 2.6072897443e+00 5.2080000000e-01 2.5991060673e-01
   endloop
 endfacet
 facet normal  1.1362625132e-02 9.7950698305e-03 9.9988746735e-01
   outer loop
     vertex 2.6072897443e+00 5.2080000000e-01 2.5991060673e-01
     vertex 2.6036222749e+00 3.9060000000e-01 2.6122774513e-01
     vertex 2.6318347259e+00 5.2080000000e-01 2.5963167992e-01
   endloop
 endfacet
 facet normal  3.2830135812e-02 5.1379812830e-03 9.9944773917e-01
   outer loop
     vertex 2.6036222749e+00 3.9060000000e-01 2.6122774513e-01
     vertex 2.6563683414e+00 5.2080000000e-01 2.5882579293e-01
     vertex 2.6318347259e+00 5.2080000000e-01 2.5963167992e-01
   endloop
 endfacet
 facet normal  3.2830135812e-02 5.1379812830e-03 9.9944773917e-01
   outer loop
     vertex 2.6036222749e+00 3.9060000000e-01 2.6122774513e-01
     vertex 2.6341919386e+00 3.9060000000e-01 2.6022358436e-01
     vertex 2.6563683414e+00 5.2080000000e-01 2.5882579293e-01
   endloop
 endfacet
 facet normal  4.8199968360e-02 2.5135210889e-03 9.9883454349e-01
   outer loop
     vertex 2.6341919386e+00 3.9060000000e-01 2.6022358436e-01
     vertex 2.6789788797e+00 5.2080000000e-01 2.5773469407e-01
     vertex 2.6563683414e+00 5.2080000000e-01 2.5882579293e-01
   endloop
 endfacet
 facet normal  4.8199968360e-02 2.5135210889e-03 9.9883454349e-01
   outer loop
     vertex 2.6341919386e+00 3.9060000000e-01 2.6022358436e-01
     vertex 2.6623653872e+00 3.9060000000e-01 2.5886404054e-01
     vertex 2.6789788797e+00 5.2080000000e-01 2.5773469407e-01
   endloop
 endfacet
 facet normal  5.9382036744e-02 1.0814888967e-03 9.9823474398e-01
   outer loop
     vertex 2.6623653872e+00 3.9060000000e-01 2.5886404054e-01
     vertex 2.6983129560e+00 5.2080000000e-01 2.5658456697e-01
     vertex 2.6789788797e+00 5.2080000000e-01 2.5773469407e-01
   endloop
 endfacet
 facet normal  5.9382036744e-02 1.0814888967e-03 9.9823474398e-01
   outer loop
     vertex 2.6623653872e+00 3.9060000000e-01 2.5886404054e-01
     vertex 2.6864562600e+00 3.9060000000e-01 2.5743094566e-01
     vertex 2.6983129560e+00 5.2080000000e-01 2.5658456697e-01
   endloop
 endfacet
 facet normal  6.7798698438e-02 3.1154062576e-04 9.9769897235e-01
   outer loop
     vertex 2.6864562600e+00 3.9060000000e-01 2.5743094566e-01
     vertex 2.7138143245e+00 5.2080000000e-01 2.5553117047e-01
     vertex 2.6983129560e+00 5.2080000000e-01 2.5658456697e-01
   endloop
 endfacet
 facet normal  6.7798698438e-02 3.1154062576e-04 9.9769897235e-01
   outer loop
     vertex 2.6864562600e+00 3.9060000000e-01 2.5743094566e-01
     vertex 2.7057714572e+00 3.9060000000e-01 2.5611838018e-01
     vertex 2.7138143245e+00 5.2080000000e-01 2.5553117047e-01
   endloop
 endfacet
 facet normal  7.4255832088e-02 -8.9410522586e-05 9.9723922075e-01
   outer loop
     vertex 2.7057714572e+00 3.9060000000e-01 2.5611838018e-01
     vertex 2.7256135267e+00 5.2080000000e-01 2.5465258532e-01
     vertex 2.7138143245e+00 5.2080000000e-01 2.5553117047e-01
   endloop
 endfacet
 facet normal  7.4255832088e-02 -8.9410522586e-05 9.9723922075e-01
   outer loop
     vertex 2.7057714572e+00 3.9060000000e-01 2.5611838018e-01
     vertex 2.7204736377e+00 3.9060000000e-01 2.5502363518e-01
     vertex 2.7256135267e+00 5.2080000000e-01 2.5465258532e-01
   endloop
 endfacet
 facet normal  7.9224257058e-02 -2.8663831151e-04 9.9685677754e-01
   outer loop
     vertex 2.7204736377e+00 3.9060000000e-01 2.5502363518e-01
     vertex 2.7342443881e+00 5.2080000000e-01 2.5396665571e-01
     vertex 2.7256135267e+00 5.2080000000e-01 2.5465258532e-01
   endloop
 endfacet
 facet normal  7.9224257058e-02 -2.8663831151e-04 9.9685677754e-01
   outer loop
     vertex 2.7204736377e+00 3.9060000000e-01 2.5502363518e-01
     vertex 2.7312279650e+00 3.9060000000e-01 2.5416894511e-01
     vertex 2.7342443881e+00 5.2080000000e-01 2.5396665571e-01
   endloop
 endfacet
 facet normal  8.2959930750e-02 -3.7365721265e-04 9.9655281359e-01
   outer loop
     vertex 2.7312279650e+00 3.9060000000e-01 2.5416894511e-01
     vertex 2.7403756865e+00 5.2080000000e-01 2.5345624413e-01
     vertex 2.7342443881e+00 5.2080000000e-01 2.5396665571e-01
   endloop
 endfacet
 facet normal  8.2959930750e-02 -3.7365721265e-04 9.9655281359e-01
   outer loop
     vertex 2.7312279650e+00 3.9060000000e-01 2.5416894511e-01
     vertex 2.7388677575e+00 3.9060000000e-01 2.5353295609e-01
     vertex 2.7403756865e+00 5.2080000000e-01 2.5345624413e-01
   endloop
 endfacet
 facet normal  8.5664752247e-02 -4.0511832182e-04 9.9632393633e-01
   outer loop
     vertex 2.7388677575e+00 3.9060000000e-01 2.5353295609e-01
     vertex 2.7446414263e+00 5.2080000000e-01 2.5308947231e-01
     vertex 2.7403756865e+00 5.2080000000e-01 2.5345624413e-01
   endloop
 endfacet
 facet normal  8.5664752247e-02 -4.0511832182e-04 9.9632393633e-01
   outer loop
     vertex 2.7388677575e+00 3.9060000000e-01 2.5353295609e-01
     vertex 2.7441830047e+00 3.9060000000e-01 2.5307594675e-01
     vertex 2.7446414263e+00 5.2080000000e-01 2.5308947231e-01
   endloop
 endfacet
 facet normal  1.4425692122e-01 -4.0511832182e-04 -9.8954018441e-01
   outer loop
     vertex 2.7446414263e+00 5.2080000000e-01 2.5308947231e-01
     vertex 2.7404047310e+00 5.2080000000e-01 2.5247183935e-01
     vertex 2.7450998479e+00 6.5100000000e-01 2.5310299786e-01
   endloop
 endfacet
 facet normal  1.4425692122e-01 -4.0511832182e-04 -9.8954018441e-01
   outer loop
     vertex 2.7450998479e+00 6.5100000000e-01 2.5310299786e-01
     vertex 2.7404047310e+00 5.2080000000e-01 2.5247183935e-01
     vertex 2.7419055141e+00 6.5100000000e-01 2.5263732222e-01
   endloop
 endfacet
 facet normal  1.4157029897e-01 -3.7365721265e-04 -9.8992813417e-01
   outer loop
     vertex 2.7404047310e+00 5.2080000000e-01 2.5247183935e-01
     vertex 2.7343141910e+00 5.2080000000e-01 2.5160082706e-01
     vertex 2.7419055141e+00 6.5100000000e-01 2.5263732222e-01
   endloop
 endfacet
 facet normal  1.4157029897e-01 -3.7365721265e-04 -9.8992813417e-01
   outer loop
     vertex 2.7419055141e+00 6.5100000000e-01 2.5263732222e-01
     vertex 2.7343141910e+00 5.2080000000e-01 2.5160082706e-01
     vertex 2.7373134403e+00 6.5100000000e-01 2.5198060661e-01
   endloop
 endfacet
 facet normal  1.3785904468e-01 -2.8663831151e-04 -9.9045181692e-01
   outer loop
     vertex 2.7343141910e+00 5.2080000000e-01 2.5160082706e-01
     vertex 2.7257387842e+00 5.2080000000e-01 2.5040723303e-01
     vertex 2.7373134403e+00 6.5100000000e-01 2.5198060661e-01
   endloop
 endfacet
 facet normal  1.3785904468e-01 -2.8663831151e-04 -9.9045181692e-01
   outer loop
     vertex 2.7373134403e+00 6.5100000000e-01 2.5198060661e-01
     vertex 2.7257387842e+00 5.2080000000e-01 2.5040723303e-01
     vertex 2.7308478558e+00 6.5100000000e-01 2.5108067459e-01
   endloop
 endfacet
 facet normal  1.3292181050e-01 -8.9410522587e-05 -9.9112652285e-01
   outer loop
     vertex 2.7257387842e+00 5.2080000000e-01 2.5040723303e-01
     vertex 2.7140119066e+00 5.2080000000e-01 2.4883451979e-01
     vertex 2.7308478558e+00 6.5100000000e-01 2.5108067459e-01
   endloop
 endfacet
 facet normal  1.3292181050e-01 -8.9410522587e-05 -9.9112652285e-01
   outer loop
     vertex 2.7308478558e+00 6.5100000000e-01 2.5108067459e-01
     vertex 2.7140119066e+00 5.2080000000e-01 2.4883451979e-01
     vertex 2.7220061624e+00 6.5100000000e-01 2.4989489874e-01
   endloop
 endfacet
 facet normal  1.2650301523e-01 3.1154062576e-04 -9.9196617386e-01
   outer loop
     vertex 2.7140119066e+00 5.2080000000e-01 2.4883451979e-01
     vertex 2.6985996094e+00 5.2080000000e-01 2.4686902729e-01
     vertex 2.7220061624e+00 6.5100000000e-01 2.4989489874e-01
   endloop
 endfacet
 facet normal  1.2650301523e-01 3.1154062576e-04 -9.9196617386e-01
   outer loop
     vertex 2.7220061624e+00 6.5100000000e-01 2.4989489874e-01
     vertex 2.6985996094e+00 5.2080000000e-01 2.4686902729e-01
     vertex 2.7103857796e+00 6.5100000000e-01 2.4841297979e-01
   endloop
 endfacet
 facet normal  1.1813258256e-01 1.0814888967e-03 -9.9299724235e-01
   outer loop
     vertex 2.6985996094e+00 5.2080000000e-01 2.4686902729e-01
     vertex 2.6793669744e+00 5.2080000000e-01 2.4458100398e-01
     vertex 2.7103857796e+00 6.5100000000e-01 2.4841297979e-01
   endloop
 endfacet
 facet normal  1.1813258256e-01 1.0814888967e-03 -9.9299724235e-01
   outer loop
     vertex 2.7103857796e+00 6.5100000000e-01 2.4841297979e-01
     vertex 2.6793669744e+00 5.2080000000e-01 2.4458100398e-01
     vertex 2.6958849833e+00 6.5100000000e-01 2.4668788285e-01
   endloop
 endfacet
 facet normal  1.0700532866e-01 2.5135210889e-03 -9.9425526996e-01
   outer loop
     vertex 2.6793669744e+00 5.2080000000e-01 2.4458100398e-01
     vertex 2.6568600967e+00 5.2080000000e-01 2.4215873284e-01
     vertex 2.6958849833e+00 6.5100000000e-01 2.4668788285e-01
   endloop
 endfacet
 facet normal  1.0700532866e-01 2.5135210889e-03 -9.9425526996e-01
   outer loop
     vertex 2.6958849833e+00 6.5100000000e-01 2.4668788285e-01
     vertex 2.6568600967e+00 5.2080000000e-01 2.4215873284e-01
     vertex 2.6789155120e+00 6.5100000000e-01 2.4486156731e-01
   endloop
 endfacet
 facet normal  9.1698385157e-02 5.1379812830e-03 -9.9577357231e-01
   outer loop
     vertex 2.6568600967e+00 5.2080000000e-01 2.4215873284e-01
     vertex 2.6324166716e+00 5.2080000000e-01 2.3990779682e-01
     vertex 2.6789155120e+00 6.5100000000e-01 2.4486156731e-01
   endloop
 endfacet
 facet normal  9.1698385157e-02 5.1379812830e-03 -9.9577357231e-01
   outer loop
     vertex 2.6789155120e+00 6.5100000000e-01 2.4486156731e-01
     vertex 2.6324166716e+00 5.2080000000e-01 2.3990779682e-01
     vertex 2.6604859456e+00 6.5100000000e-01 2.4316443301e-01
   endloop
 endfacet
 facet normal  7.0294143337e-02 9.7950698305e-03 -9.9747821531e-01
   outer loop
     vertex 2.6324166716e+00 5.2080000000e-01 2.3990779682e-01
     vertex 2.6420243996e+00 6.5100000000e-01 2.4186341356e-01
     vertex 2.6604859456e+00 6.5100000000e-01 2.4316443301e-01
   endloop
 endfacet
 facet normal  7.0294143337e-02 9.7950698305e-03 -9.9747821531e-01
   outer loop
     vertex 2.6324166716e+00 5.2080000000e-01 2.3990779682e-01
     vertex 2.6079308317e+00 5.2080000000e-01 2.3818223418e-01
     vertex 2.6420243996e+00 6.5100000000e-01 2.4186341356e-01
   endloop
 endfacet
 facet normal  4.0980762130e-02 1.7514143227e-02 -9.9900642236e-01
   outer loop
     vertex 2.6079308317e+00 5.2080000000e-01 2.3818223418e-01
     vertex 2.6249719354e+00 6.5100000000e-01 2.4116389555e-01
     vertex 2.6420243996e+00 6.5100000000e-01 2.4186341356e-01
   endloop
 endfacet
 facet normal  4.0980762130e-02 1.7514143227e-02 -9.9900642236e-01
   outer loop
     vertex 2.6079308317e+00 5.2080000000e-01 2.3818223418e-01
     vertex 2.5853138792e+00 5.2080000000e-01 2.3725445240e-01
     vertex 2.6249719354e+00 6.5100000000e-01 2.4116389555e-01
   endloop
 endfacet
 facet normal  2.4847542437e-03 2.9256659349e-02 -9.9956884399e-01
   outer loop
     vertex 2.5853138792e+00 5.2080000000e-01 2.3725445240e-01
     vertex 2.6103699644e+00 6.5100000000e-01 2.4112759760e-01
     vertex 2.6249719354e+00 6.5100000000e-01 2.4116389555e-01
   endloop
 endfacet
 facet normal  2.4847542437e-03 2.9256659349e-02 -9.9956884399e-01
   outer loop
     vertex 2.5853138792e+00 5.2080000000e-01 2.3725445240e-01
     vertex 2.5659470545e+00 5.2080000000e-01 2.3720630985e-01
     vertex 2.6103699644e+00 6.5100000000e-01 2.4112759760e-01
   endloop
 endfacet
 facet normal  -4.6820757967e-02 4.6027198247e-02 -9.9784232905e-01
   outer loop
     vertex 2.5659470545e+00 5.2080000000e-01 2.3720630985e-01
     vertex 2.5986697935e+00 6.5100000000e-01 2.4167659302e-01
     vertex 2.6103699644e+00 6.5100000000e-01 2.4112759760e-01
   endloop
 endfacet
 facet normal  -4.6820757967e-02 4.6027198247e-02 -9.9784232905e-01
   outer loop
     vertex 2.5659470545e+00 5.2080000000e-01 2.3720630985e-01
     vertex 2.5504289331e+00 5.2080000000e-01 2.3793445114e-01
     vertex 2.5986697935e+00 6.5100000000e-01 2.4167659302e-01
   endloop
 endfacet
 facet normal  -1.1108655657e-01 6.9652431860e-02 -9.9136689257e-01
   outer loop
     vertex 2.5504289331e+00 5.2080000000e-01 2.3793445114e-01
     vertex 2.5898064524e+00 6.5100000000e-01 2.4266976522e-01
     vertex 2.5986697935e+00 6.5100000000e-01 2.4167659302e-01
   endloop
 endfacet
 facet normal  -1.1108655657e-01 6.9652431860e-02 -9.9136689257e-01
   outer loop
     vertex 2.5504289331e+00 5.2080000000e-01 2.3793445114e-01
     vertex 2.5386733438e+00 5.2080000000e-01 2.3925171112e-01
     vertex 2.5898064524e+00 6.5100000000e-01 2.4266976522e-01
   endloop
 endfacet
 facet normal  -2.0295663422e-01 1.0526363121e-01 -9.7351331402e-01
   outer loop
     vertex 2.5386733438e+00 5.2080000000e-01 2.3925171112e-01
     vertex 2.5834195932e+00 6.5100000000e-01 2.4400128829e-01
     vertex 2.5898064524e+00 6.5100000000e-01 2.4266976522e-01
   endloop
 endfacet
 facet normal  -2.0295663422e-01 1.0526363121e-01 -9.7351331402e-01
   outer loop
     vertex 2.5386733438e+00 5.2080000000e-01 2.3925171112e-01
     vertex 2.5302023517e+00 5.2080000000e-01 2.4101773119e-01
     vertex 2.5834195932e+00 6.5100000000e-01 2.4400128829e-01
   endloop
 endfacet
 facet normal  -3.6413627092e-01 1.6981926558e-01 -9.1573259920e-01
   outer loop
     vertex 2.5302023517e+00 5.2080000000e-01 2.4101773119e-01
     vertex 2.5791209120e+00 6.5100000000e-01 2.4571063637e-01
     vertex 2.5834195932e+00 6.5100000000e-01 2.4400128829e-01
   endloop
 endfacet
 facet normal  -3.6413627092e-01 1.6981926558e-01 -9.1573259920e-01
   outer loop
     vertex 2.5302023517e+00 5.2080000000e-01 2.4101773119e-01
     vertex 2.5245009429e+00 5.2080000000e-01 2.4328486654e-01
     vertex 2.5791209120e+00 6.5100000000e-01 2.4571063637e-01
   endloop
 endfacet
 facet normal  -7.4526368671e-01 3.2350675202e-01 -5.8303123301e-01
   outer loop
     vertex 2.5245009429e+00 5.2080000000e-01 2.4328486654e-01
     vertex 2.5772129067e+00 6.5100000000e-01 2.4814955723e-01
     vertex 2.5791209120e+00 6.5100000000e-01 2.4571063637e-01
   endloop
 endfacet
 facet normal  -7.4526368671e-01 3.2350675202e-01 -5.8303123301e-01
   outer loop
     vertex 2.5245009429e+00 5.2080000000e-01 2.4328486654e-01
     vertex 2.5219703254e+00 5.2080000000e-01 2.4651964578e-01
     vertex 2.5772129067e+00 6.5100000000e-01 2.4814955723e-01
   endloop
 endfacet
 facet normal  -7.7834158531e-01 3.2350675202e-01 5.3807783634e-01
   outer loop
     vertex 2.5219703254e+00 5.2080000000e-01 2.4651964578e-01
     vertex 2.5243058249e+00 5.2080000000e-01 2.4989799797e-01
     vertex 2.5772129067e+00 6.5100000000e-01 2.4814955723e-01
   endloop
 endfacet
 facet normal  -7.7834158531e-01 3.2350675202e-01 5.3807783634e-01
   outer loop
     vertex 2.5772129067e+00 6.5100000000e-01 2.4814955723e-01
     vertex 2.5243058249e+00 5.2080000000e-01 2.4989799797e-01
     vertex 2.5789737992e+00 6.5100000000e-01 2.5069672753e-01
   endloop
 endfacet
 facet normal  -4.1749253255e-01 1.6981926558e-01 8.9267093730e-01
   outer loop
     vertex 2.5243058249e+00 5.2080000000e-01 2.4989799797e-01
     vertex 2.5298636504e+00 5.2080000000e-01 2.5249733276e-01
     vertex 2.5789737992e+00 6.5100000000e-01 2.5069672753e-01
   endloop
 endfacet
 facet normal  -4.1749253255e-01 1.6981926558e-01 8.9267093730e-01
   outer loop
     vertex 2.5789737992e+00 6.5100000000e-01 2.5069672753e-01
     vertex 2.5298636504e+00 5.2080000000e-01 2.5249733276e-01
     vertex 2.5831642232e+00 6.5100000000e-01 2.5265654344e-01
   endloop
 endfacet
 facet normal  -2.5999990352e-01 1.0526363121e-01 9.5985395666e-01
   outer loop
     vertex 2.5298636504e+00 5.2080000000e-01 2.5249733276e-01
     vertex 2.5382157861e+00 5.2080000000e-01 2.5475971285e-01
     vertex 2.5831642232e+00 6.5100000000e-01 2.5265654344e-01
   endloop
 endfacet
 facet normal  -2.5999990352e-01 1.0526363121e-01 9.5985395666e-01
   outer loop
     vertex 2.5831642232e+00 6.5100000000e-01 2.5265654344e-01
     vertex 2.5382157861e+00 5.2080000000e-01 2.5475971285e-01
     vertex 2.5894614684e+00 6.5100000000e-01 2.5436230621e-01
   endloop
 endfacet
 facet normal  -1.6934224654e-01 6.9652431860e-02 9.8309294691e-01
   outer loop
     vertex 2.5382157861e+00 5.2080000000e-01 2.5475971285e-01
     vertex 2.5498732632e+00 5.2080000000e-01 2.5676776649e-01
     vertex 2.5894614684e+00 6.5100000000e-01 2.5436230621e-01
   endloop
 endfacet
 facet normal  -1.6934224654e-01 6.9652431860e-02 9.8309294691e-01
   outer loop
     vertex 2.5894614684e+00 6.5100000000e-01 2.5436230621e-01
     vertex 2.5498732632e+00 5.2080000000e-01 2.5676776649e-01
     vertex 2.5982508361e+00 6.5100000000e-01 2.5587631490e-01
   endloop
 endfacet
 facet normal  -1.0557001855e-01 4.6027198247e-02 9.9334609689e-01
   outer loop
     vertex 2.5498732632e+00 5.2080000000e-01 2.5676776649e-01
     vertex 2.5653214607e+00 5.2080000000e-01 2.5840955729e-01
     vertex 2.5982508361e+00 6.5100000000e-01 2.5587631490e-01
   endloop
 endfacet
 facet normal  -1.0557001855e-01 4.6027198247e-02 9.9334609689e-01
   outer loop
     vertex 2.5982508361e+00 6.5100000000e-01 2.5587631490e-01
     vertex 2.5653214607e+00 5.2080000000e-01 2.5840955729e-01
     vertex 2.6098982865e+00 6.5100000000e-01 2.5711417305e-01
   endloop
 endfacet
 facet normal  -5.6452066538e-02 2.9256659349e-02 9.9797655888e-01
   outer loop
     vertex 2.5653214607e+00 5.2080000000e-01 2.5840955729e-01
     vertex 2.5846574346e+00 5.2080000000e-01 2.5950332616e-01
     vertex 2.6098982865e+00 6.5100000000e-01 2.5711417305e-01
   endloop
 endfacet
 facet normal  -5.6452066538e-02 2.9256659349e-02 9.9797655888e-01
   outer loop
     vertex 2.6098982865e+00 6.5100000000e-01 2.5711417305e-01
     vertex 2.5846574346e+00 5.2080000000e-01 2.5950332616e-01
     vertex 2.6244769970e+00 6.5100000000e-01 2.5793884005e-01
   endloop
 endfacet
 facet normal  -1.7989864445e-02 1.7514143227e-02 9.9968476009e-01
   outer loop
     vertex 2.5846574346e+00 5.2080000000e-01 2.5950332616e-01
     vertex 2.6072897443e+00 5.2080000000e-01 2.5991060673e-01
     vertex 2.6244769970e+00 6.5100000000e-01 2.5793884005e-01
   endloop
 endfacet
 facet normal  -1.7989864445e-02 1.7514143227e-02 9.9968476009e-01
   outer loop
     vertex 2.6244769970e+00 6.5100000000e-01 2.5793884005e-01
     vertex 2.6072897443e+00 5.2080000000e-01 2.5991060673e-01
     vertex 2.6415410400e+00 6.5100000000e-01 2.5824591668e-01
   endloop
 endfacet
 facet normal  1.1362625132e-02 9.7950698305e-03 9.9988746735e-01
   outer loop
     vertex 2.6072897443e+00 5.2080000000e-01 2.5991060673e-01
     vertex 2.6318347259e+00 5.2080000000e-01 2.5963167992e-01
     vertex 2.6415410400e+00 6.5100000000e-01 2.5824591668e-01
   endloop
 endfacet
 facet normal  1.1362625132e-02 9.7950698305e-03 9.9988746735e-01
   outer loop
     vertex 2.6415410400e+00 6.5100000000e-01 2.5824591668e-01
     vertex 2.6318347259e+00 5.2080000000e-01 2.5963167992e-01
     vertex 2.6600471770e+00 6.5100000000e-01 2.5803561471e-01
   endloop
 endfacet
 facet normal  3.2830135812e-02 5.1379812830e-03 9.9944773917e-01
   outer loop
     vertex 2.6318347259e+00 5.2080000000e-01 2.5963167992e-01
     vertex 2.6785447442e+00 6.5100000000e-01 2.5742800151e-01
     vertex 2.6600471770e+00 6.5100000000e-01 2.5803561471e-01
   endloop
 endfacet
 facet normal  3.2830135812e-02 5.1379812830e-03 9.9944773917e-01
   outer loop
     vertex 2.6318347259e+00 5.2080000000e-01 2.5963167992e-01
     vertex 2.6563683414e+00 5.2080000000e-01 2.5882579293e-01
     vertex 2.6785447442e+00 6.5100000000e-01 2.5742800151e-01
   endloop
 endfacet
 facet normal  4.8199968360e-02 2.5135210889e-03 9.9883454349e-01
   outer loop
     vertex 2.6563683414e+00 5.2080000000e-01 2.5882579293e-01
     vertex 2.6955923723e+00 6.5100000000e-01 2.5660534761e-01
     vertex 2.6785447442e+00 6.5100000000e-01 2.5742800151e-01
   endloop
 endfacet
 facet normal  4.8199968360e-02 2.5135210889e-03 9.9883454349e-01
   outer loop
     vertex 2.6563683414e+00 5.2080000000e-01 2.5882579293e-01
     vertex 2.6789788797e+00 5.2080000000e-01 2.5773469407e-01
     vertex 2.6955923723e+00 6.5100000000e-01 2.5660534761e-01
   endloop
 endfacet
 facet normal  5.9382036744e-02 1.0814888967e-03 9.9823474398e-01
   outer loop
     vertex 2.6789788797e+00 5.2080000000e-01 2.5773469407e-01
     vertex 2.7101696521e+00 6.5100000000e-01 2.5573818829e-01
     vertex 2.6955923723e+00 6.5100000000e-01 2.5660534761e-01
   endloop
 endfacet
 facet normal  5.9382036744e-02 1.0814888967e-03 9.9823474398e-01
   outer loop
     vertex 2.6789788797e+00 5.2080000000e-01 2.5773469407e-01
     vertex 2.6983129560e+00 5.2080000000e-01 2.5658456697e-01
     vertex 2.7101696521e+00 6.5100000000e-01 2.5573818829e-01
   endloop
 endfacet
 facet normal  6.7798698438e-02 3.1154062576e-04 9.9769897235e-01
   outer loop
     vertex 2.6983129560e+00 5.2080000000e-01 2.5658456697e-01
     vertex 2.7218571918e+00 6.5100000000e-01 2.5494396077e-01
     vertex 2.7101696521e+00 6.5100000000e-01 2.5573818829e-01
   endloop
 endfacet
 facet normal  6.7798698438e-02 3.1154062576e-04 9.9769897235e-01
   outer loop
     vertex 2.6983129560e+00 5.2080000000e-01 2.5658456697e-01
     vertex 2.7138143245e+00 5.2080000000e-01 2.5553117047e-01
     vertex 2.7218571918e+00 6.5100000000e-01 2.5494396077e-01
   endloop
 endfacet
 facet normal  7.4255832088e-02 -8.9410522586e-05 9.9723922075e-01
   outer loop
     vertex 2.7138143245e+00 5.2080000000e-01 2.5553117047e-01
     vertex 2.7307534156e+00 6.5100000000e-01 2.5428153545e-01
     vertex 2.7218571918e+00 6.5100000000e-01 2.5494396077e-01
   endloop
 endfacet
 facet normal  7.4255832088e-02 -8.9410522586e-05 9.9723922075e-01
   outer loop
     vertex 2.7138143245e+00 5.2080000000e-01 2.5553117047e-01
     vertex 2.7256135267e+00 5.2080000000e-01 2.5465258532e-01
     vertex 2.7307534156e+00 6.5100000000e-01 2.5428153545e-01
   endloop
 endfacet
 facet normal  7.9224257058e-02 -2.8663831151e-04 9.9685677754e-01
   outer loop
     vertex 2.7256135267e+00 5.2080000000e-01 2.5465258532e-01
     vertex 2.7372608111e+00 6.5100000000e-01 2.5376436630e-01
     vertex 2.7307534156e+00 6.5100000000e-01 2.5428153545e-01
   endloop
 endfacet
 facet normal  7.9224257058e-02 -2.8663831151e-04 9.9685677754e-01
   outer loop
     vertex 2.7256135267e+00 5.2080000000e-01 2.5465258532e-01
     vertex 2.7342443881e+00 5.2080000000e-01 2.5396665571e-01
     vertex 2.7372608111e+00 6.5100000000e-01 2.5376436630e-01
   endloop
 endfacet
 facet normal  8.2959930750e-02 -3.7365721265e-04 9.9655281359e-01
   outer loop
     vertex 2.7342443881e+00 5.2080000000e-01 2.5396665571e-01
     vertex 2.7418836155e+00 6.5100000000e-01 2.5337953218e-01
     vertex 2.7372608111e+00 6.5100000000e-01 2.5376436630e-01
   endloop
 endfacet
 facet normal  8.2959930750e-02 -3.7365721265e-04 9.9655281359e-01
   outer loop
     vertex 2.7342443881e+00 5.2080000000e-01 2.5396665571e-01
     vertex 2.7403756865e+00 5.2080000000e-01 2.5345624413e-01
     vertex 2.7418836155e+00 6.5100000000e-01 2.5337953218e-01
   endloop
 endfacet
 facet normal  8.5664752247e-02 -4.0511832182e-04 9.9632393633e-01
   outer loop
     vertex 2.7403756865e+00 5.2080000000e-01 2.5345624413e-01
     vertex 2.7450998479e+00 6.5100000000e-01 2.5310299786e-01
     vertex 2.7418836155e+00 6.5100000000e-01 2.5337953218e-01
   endloop
 endfacet
 facet normal  8.5664752247e-02 -4.0511832182e-04 9.9632393633e-01
   outer loop
     vertex 2.7403756865e+00 5.2080000000e-01 2.5345624413e-01
     vertex 2.7446414263e+00 5.2080000000e-01 2.5308947231e-01
     vertex 2.7450998479e+00 6.5100000000e-01 2.5310299786e-01
   endloop
 endfacet
 facet normal  0.0000000000e+00 1.0000000000e+00 -0.0000000000e+00
   outer loop
     vertex 2.7450998479e+00 6.5100000000e-01 2.5310299786e-01
     vertex 2.7419055141e+00 6.5100000000e-01 2.5263732222e-01
     vertex 2.7419000394e+00 6.5100000000e-01 2.5282287471e-01
   endloop
 endfacet
 facet normal  0.0000000000e+00 1.0000000000e+00 0.0000000000e+00
   outer loop
     vertex 2.7419055141e+00 6.5100000000e-01 2.5263732222e-01
     vertex 2.7373002830e+00 6.5100000000e-01 2.5242654653e-01
     vertex 2.7419000394e+00 6.5100000000e-01 2.5282287471e-01
   endloop
 endfacet
 facet normal  0.0000000000e+00 1.0000000000e+00 -0.0000000000e+00
   outer loop
     vertex 2.7419055141e+00 6.5100000000e-01 2.5263732222e-01
     vertex 2.7373134403e+00 6.5100000000e-01 2.5198060661e-01
     vertex 2.7373002830e+00 6.5100000000e-01 2.5242654653e-01
   endloop
 endfacet
 facet normal  0.0000000000e+00 1.0000000000e+00 0.0000000000e+00
   outer loop
     vertex 2.7373134403e+00 6.5100000000e-01 2.5198060661e-01
     vertex 2.7308242458e+00 6.5100000000e-01 2.5188088981e-01
     vertex 2.7373002830e+00 6.5100000000e-01 2.5242654653e-01
   endloop
 endfacet
 facet normal  0.0000000000e+00 1.0000000000e+00 -0.0000000000e+00
   outer loop
     vertex 2.7373134403e+00 6.5100000000e-01 2.5198060661e-01
     vertex 2.7308478558e+00 6.5100000000e-01 2.5108067459e-01
     vertex 2.7308242458e+00 6.5100000000e-01 2.5188088981e-01
   endloop
 endfacet
 facet normal  -0.0000000000e+00 1.0000000000e+00 0.0000000000e+00
   outer loop
     vertex 2.7308478558e+00 6.5100000000e-01 2.5108067459e-01
     vertex 2.7219689197e+00 6.5100000000e-01 2.5115716425e-01
     vertex 2.7308242458e+00 6.5100000000e-01 2.5188088981e-01
   endloop
 endfacet
 facet normal  0.0000000000e+00 1.0000000000e+00 -0.0000000000e+00
   outer loop
     vertex 2.7308478558e+00 6.5100000000e-01 2.5108067459e-01
     vertex 2.7220061624e+00 6.5100000000e-01 2.4989489874e-01
     vertex 2.7219689197e+00 6.5100000000e-01 2.5115716425e-01
   endloop
 endfacet
 facet normal  -0.0000000000e+00 1.0000000000e+00 0.0000000000e+00
   outer loop
     vertex 2.7220061624e+00 6.5100000000e-01 2.4989489874e-01
     vertex 2.7103317477e+00 6.5100000000e-01 2.5024428192e-01
     vertex 2.7219689197e+00 6.5100000000e-01 2.5115716425e-01
   endloop
 endfacet
 facet normal  0.0000000000e+00 1.0000000000e+00 -0.0000000000e+00
   outer loop
     vertex 2.7220061624e+00 6.5100000000e-01 2.4989489874e-01
     vertex 2.7103857796e+00 6.5100000000e-01 2.4841297979e-01
     vertex 2.7103317477e+00 6.5100000000e-01 2.5024428192e-01
   endloop
 endfacet
 facet normal  -0.0000000000e+00 1.0000000000e+00 0.0000000000e+00
   outer loop
     vertex 2.7103857796e+00 6.5100000000e-01 2.4841297979e-01
     vertex 2.6958118306e+00 6.5100000000e-01 2.4916724904e-01
     vertex 2.7103317477e+00 6.5100000000e-01 2.5024428192e-01
   endloop
 endfacet
 facet normal  0.0000000000e+00 1.0000000000e+00 -0.0000000000e+00
   outer loop
     vertex 2.7103857796e+00 6.5100000000e-01 2.4841297979e-01
     vertex 2.6958849833e+00 6.5100000000e-01 2.4668788285e-01
     vertex 2.6958118306e+00 6.5100000000e-01 2.4916724904e-01
   endloop
 endfacet
 facet normal  -0.0000000000e+00 1.0000000000e+00 0.0000000000e+00
   outer loop
     vertex 2.6958849833e+00 6.5100000000e-01 2.4668788285e-01
     vertex 2.6788228201e+00 6.5100000000e-01 2.4800317586e-01
     vertex 2.6958118306e+00 6.5100000000e-01 2.4916724904e-01
   endloop
 endfacet
 facet normal  0.0000000000e+00 1.0000000000e+00 -0.0000000000e+00
   outer loop
     vertex 2.6958849833e+00 6.5100000000e-01 2.4668788285e-01
     vertex 2.6789155120e+00 6.5100000000e-01 2.4486156731e-01
     vertex 2.6788228201e+00 6.5100000000e-01 2.4800317586e-01
   endloop
 endfacet
 facet normal  -0.0000000000e+00 1.0000000000e+00 0.0000000000e+00
   outer loop
     vertex 2.6789155120e+00 6.5100000000e-01 2.4486156731e-01
     vertex 2.6603762534e+00 6.5100000000e-01 2.4688222843e-01
     vertex 2.6788228201e+00 6.5100000000e-01 2.4800317586e-01
   endloop
 endfacet
 facet normal  0.0000000000e+00 1.0000000000e+00 -0.0000000000e+00
   outer loop
     vertex 2.6789155120e+00 6.5100000000e-01 2.4486156731e-01
     vertex 2.6604859456e+00 6.5100000000e-01 2.4316443301e-01
     vertex 2.6603762534e+00 6.5100000000e-01 2.4688222843e-01
   endloop
 endfacet
 facet normal  0.0000000000e+00 1.0000000000e+00 0.0000000000e+00
   outer loop
     vertex 2.6604859456e+00 6.5100000000e-01 2.4316443301e-01
     vertex 2.6420243996e+00 6.5100000000e-01 2.4186341356e-01
     vertex 2.6603762534e+00 6.5100000000e-01 2.4688222843e-01
   endloop
 endfacet
 facet normal  0.0000000000e+00 1.0000000000e+00 -0.0000000000e+00
   outer loop
     vertex 2.6603762534e+00 6.5100000000e-01 2.4688222843e-01
     vertex 2.6420243996e+00 6.5100000000e-01 2.4186341356e-01
     vertex 2.6419035597e+00 6.5100000000e-01 2.4595903934e-01
   endloop
 endfacet
 facet normal  0.0000000000e+00 1.0000000000e+00 0.0000000000e+00
   outer loop
     vertex 2.6420243996e+00 6.5100000000e-01 2.4186341356e-01
     vertex 2.6249719354e+00 6.5100000000e-01 2.4116389555e-01
     vertex 2.6419035597e+00 6.5100000000e-01 2.4595903934e-01
   endloop
 endfacet
 facet normal  0.0000000000e+00 1.0000000000e+00 -0.0000000000e+00
   outer loop
     vertex 2.6419035597e+00 6.5100000000e-01 2.4595903934e-01
     vertex 2.6249719354e+00 6.5100000000e-01 2.4116389555e-01
     vertex 2.6248482008e+00 6.5100000000e-01 2.4535763168e-01
   endloop
 endfacet
 facet normal  0.0000000000e+00 1.0000000000e+00 0.0000000000e+00
   outer loop
     vertex 2.6249719354e+00 6.5100000000e-01 2.4116389555e-01
     vertex 2.6103699644e+00 6.5100000000e-01 2.4112759760e-01
     vertex 2.6248482008e+00 6.5100000000e-01 2.4535763168e-01
   endloop
 endfacet
 facet normal  0.0000000000e+00 1.0000000000e+00 -0.0000000000e+00
   outer loop
     vertex 2.6248482008e+00 6.5100000000e-01 2.4535763168e-01
     vertex 2.6103699644e+00 6.5100000000e-01 2.4112759760e-01
     vertex 2.6102520449e+00 6.5100000000e-01 2.4512424146e-01
   endloop
 endfacet
 facet normal  -0.0000000000e+00 1.0000000000e+00 0.0000000000e+00
   outer loop
     vertex 2.6103699644e+00 6.5100000000e-01 2.4112759760e-01
     vertex 2.5986697935e+00 6.5100000000e-01 2.4167659302e-01
     vertex 2.6102520449e+00 6.5100000000e-01 2.4512424146e-01
   endloop
 endfacet
 facet normal  0.0000000000e+00 1.0000000000e+00 -0.0000000000e+00
   outer loop
     vertex 2.6102520449e+00 6.5100000000e-01 2.4512424146e-01
     vertex 2.5986697935e+00 6.5100000000e-01 2.4167659302e-01
     vertex 2.5985650541e+00 6.5100000000e-01 2.4522652349e-01
   endloop
 endfacet
 facet normal  -0.0000000000e+00 1.0000000000e+00 0.0000000000e+00
   outer loop
     vertex 2.5986697935e+00 6.5100000000e-01 2.4167659302e-01
     vertex 2.5898064524e+00 6.5100000000e-01 2.4266976522e-01
     vertex 2.5985650541e+00 6.5100000000e-01 2.4522652349e-01
   endloop
 endfacet
 facet normal  0.0000000000e+00 1.0000000000e+00 -0.0000000000e+00
   outer loop
     vertex 2.5985650541e+00 6.5100000000e-01 2.4522652349e-01
     vertex 2.5898064524e+00 6.5100000000e-01 2.4266976522e-01
     vertex 2.5897202064e+00 6.5100000000e-01 2.4559290047e-01
   endloop
 endfacet
 facet normal  -5.2471535710e-14 1.0000000000e+00 -1.5481527938e-15
   outer loop
     vertex 2.5898064524e+00 6.5100000000e-01 2.4266976522e-01
     vertex 2.5834195932e+00 6.5100000000e-01 2.4400128829e-01
     vertex 2.5897202064e+00 6.5100000000e-01 2.4559290047e-01
   endloop
 endfacet
 facet normal  -5.2471535710e-14 1.0000000000e+00 -1.5481527938e-15
   outer loop
     vertex 2.5897202064e+00 6.5100000000e-01 2.4559290047e-01
     vertex 2.5834195932e+00 6.5100000000e-01 2.4400128829e-01
     vertex 2.5833557507e+00 6.5100000000e-01 2.4616510208e-01
   endloop
 endfacet
 facet normal  7.8401011607e-14 1.0000000000e+00 2.3131921625e-15
   outer loop
     vertex 2.5834195932e+00 6.5100000000e-01 2.4400128829e-01
     vertex 2.5791209120e+00 6.5100000000e-01 2.4571063637e-01
     vertex 2.5833557507e+00 6.5100000000e-01 2.4616510208e-01
   endloop
 endfacet
 facet normal  7.8401011607e-14 1.0000000000e+00 2.3131921625e-15
   outer loop
     vertex 2.5833557507e+00 6.5100000000e-01 2.4616510208e-01
     vertex 2.5791209120e+00 6.5100000000e-01 2.4571063637e-01
     vertex 2.5790841338e+00 6.5100000000e-01 2.4695715916e-01
   endloop
 endfacet
 facet normal  0.0000000000e+00 1.0000000000e+00 0.0000000000e+00
   outer loop
     vertex 2.5791209120e+00 6.5100000000e-01 2.4571063637e-01
     vertex 2.5772129067e+00 6.5100000000e-01 2.4814955723e-01
     vertex 2.5790841338e+00 6.5100000000e-01 2.4695715916e-01
   endloop
 endfacet
 facet normal  0.0000000000e+00 1.0000000000e+00 0.0000000000e+00
   outer loop
     vertex 2.5772129067e+00 6.5100000000e-01 2.4814955723e-01
     vertex 2.5789737992e+00 6.5100000000e-01 2.5069672753e-01
     vertex 2.5790105774e+00 6.5100000000e-01 2.4945020474e-01
   endloop
 endfacet
 facet normal  0.0000000000e+00 1.0000000000e+00 0.0000000000e+00
   outer loop
     vertex 2.5789737992e+00 6.5100000000e-01 2.5069672753e-01
     vertex 2.5832280657e+00 6.5100000000e-01 2.5049272965e-01
     vertex 2.5790105774e+00 6.5100000000e-01 2.4945020474e-01
   endloop
 endfacet
 facet normal  0.0000000000e+00 1.0000000000e+00 0.0000000000e+00
   outer loop
     vertex 2.5789737992e+00 6.5100000000e-01 2.5069672753e-01
     vertex 2.5831642232e+00 6.5100000000e-01 2.5265654344e-01
     vertex 2.5832280657e+00 6.5100000000e-01 2.5049272965e-01
   endloop
 endfacet
 facet normal  0.0000000000e+00 1.0000000000e+00 0.0000000000e+00
   outer loop
     vertex 2.5831642232e+00 6.5100000000e-01 2.5265654344e-01
     vertex 2.5895477144e+00 6.5100000000e-01 2.5143917096e-01
     vertex 2.5832280657e+00 6.5100000000e-01 2.5049272965e-01
   endloop
 endfacet
 facet normal  0.0000000000e+00 1.0000000000e+00 0.0000000000e+00
   outer loop
     vertex 2.5831642232e+00 6.5100000000e-01 2.5265654344e-01
     vertex 2.5894614684e+00 6.5100000000e-01 2.5436230621e-01
     vertex 2.5895477144e+00 6.5100000000e-01 2.5143917096e-01
   endloop
 endfacet
 facet normal  0.0000000000e+00 1.0000000000e+00 0.0000000000e+00
   outer loop
     vertex 2.5894614684e+00 6.5100000000e-01 2.5436230621e-01
     vertex 2.5983555754e+00 6.5100000000e-01 2.5232638443e-01
     vertex 2.5895477144e+00 6.5100000000e-01 2.5143917096e-01
   endloop
 endfacet
 facet normal  0.0000000000e+00 1.0000000000e+00 0.0000000000e+00
   outer loop
     vertex 2.5894614684e+00 6.5100000000e-01 2.5436230621e-01
     vertex 2.5982508361e+00 6.5100000000e-01 2.5587631490e-01
     vertex 2.5983555754e+00 6.5100000000e-01 2.5232638443e-01
   endloop
 endfacet
 facet normal  0.0000000000e+00 1.0000000000e+00 0.0000000000e+00
   outer loop
     vertex 2.5982508361e+00 6.5100000000e-01 2.5587631490e-01
     vertex 2.6100162060e+00 6.5100000000e-01 2.5311752919e-01
     vertex 2.5983555754e+00 6.5100000000e-01 2.5232638443e-01
   endloop
 endfacet
 facet normal  0.0000000000e+00 1.0000000000e+00 0.0000000000e+00
   outer loop
     vertex 2.5982508361e+00 6.5100000000e-01 2.5587631490e-01
     vertex 2.6098982865e+00 6.5100000000e-01 2.5711417305e-01
     vertex 2.6100162060e+00 6.5100000000e-01 2.5311752919e-01
   endloop
 endfacet
 facet normal  0.0000000000e+00 1.0000000000e+00 0.0000000000e+00
   outer loop
     vertex 2.6098982865e+00 6.5100000000e-01 2.5711417305e-01
     vertex 2.6246007316e+00 6.5100000000e-01 2.5374510393e-01
     vertex 2.6100162060e+00 6.5100000000e-01 2.5311752919e-01
   endloop
 endfacet
 facet normal  0.0000000000e+00 1.0000000000e+00 0.0000000000e+00
   outer loop
     vertex 2.6098982865e+00 6.5100000000e-01 2.5711417305e-01
     vertex 2.6244769970e+00 6.5100000000e-01 2.5793884005e-01
     vertex 2.6246007316e+00 6.5100000000e-01 2.5374510393e-01
   endloop
 endfacet
 facet normal  0.0000000000e+00 1.0000000000e+00 0.0000000000e+00
   outer loop
     vertex 2.6244769970e+00 6.5100000000e-01 2.5793884005e-01
     vertex 2.6416618799e+00 6.5100000000e-01 2.5415029090e-01
     vertex 2.6246007316e+00 6.5100000000e-01 2.5374510393e-01
   endloop
 endfacet
 facet normal  0.0000000000e+00 1.0000000000e+00 0.0000000000e+00
   outer loop
     vertex 2.6244769970e+00 6.5100000000e-01 2.5793884005e-01
     vertex 2.6415410400e+00 6.5100000000e-01 2.5824591668e-01
     vertex 2.6416618799e+00 6.5100000000e-01 2.5415029090e-01
   endloop
 endfacet
 facet normal  0.0000000000e+00 1.0000000000e+00 0.0000000000e+00
   outer loop
     vertex 2.6415410400e+00 6.5100000000e-01 2.5824591668e-01
     vertex 2.6601568691e+00 6.5100000000e-01 2.5431781929e-01
     vertex 2.6416618799e+00 6.5100000000e-01 2.5415029090e-01
   endloop
 endfacet
 facet normal  0.0000000000e+00 1.0000000000e+00 0.0000000000e+00
   outer loop
     vertex 2.6415410400e+00 6.5100000000e-01 2.5824591668e-01
     vertex 2.6600471770e+00 6.5100000000e-01 2.5803561471e-01
     vertex 2.6601568691e+00 6.5100000000e-01 2.5431781929e-01
   endloop
 endfacet
 facet normal  0.0000000000e+00 1.0000000000e+00 0.0000000000e+00
   outer loop
     vertex 2.6600471770e+00 6.5100000000e-01 2.5803561471e-01
     vertex 2.6785447442e+00 6.5100000000e-01 2.5742800151e-01
     vertex 2.6601568691e+00 6.5100000000e-01 2.5431781929e-01
   endloop
 endfacet
 facet normal  0.0000000000e+00 1.0000000000e+00 0.0000000000e+00
   outer loop
     vertex 2.6601568691e+00 6.5100000000e-01 2.5431781929e-01
     vertex 2.6785447442e+00 6.5100000000e-01 2.5742800151e-01
     vertex 2.6786374361e+00 6.5100000000e-01 2.5428639296e-01
   endloop
 endfacet
 facet normal  0.0000000000e+00 1.0000000000e+00 0.0000000000e+00
   outer loop
     vertex 2.6785447442e+00 6.5100000000e-01 2.5742800151e-01
     vertex 2.6955923723e+00 6.5100000000e-01 2.5660534761e-01
     vertex 2.6786374361e+00 6.5100000000e-01 2.5428639296e-01
   endloop
 endfacet
 facet normal  0.0000000000e+00 1.0000000000e+00 0.0000000000e+00
   outer loop
     vertex 2.6786374361e+00 6.5100000000e-01 2.5428639296e-01
     vertex 2.6955923723e+00 6.5100000000e-01 2.5660534761e-01
     vertex 2.6956655251e+00 6.5100000000e-01 2.5412598142e-01
   endloop
 endfacet
 facet normal  0.0000000000e+00 1.0000000000e+00 0.0000000000e+00
   outer loop
     vertex 2.6955923723e+00 6.5100000000e-01 2.5660534761e-01
     vertex 2.7101696521e+00 6.5100000000e-01 2.5573818829e-01
     vertex 2.6956655251e+00 6.5100000000e-01 2.5412598142e-01
   endloop
 endfacet
 facet normal  0.0000000000e+00 1.0000000000e+00 0.0000000000e+00
   outer loop
     vertex 2.6956655251e+00 6.5100000000e-01 2.5412598142e-01
     vertex 2.7101696521e+00 6.5100000000e-01 2.5573818829e-01
     vertex 2.7102236839e+00 6.5100000000e-01 2.5390688616e-01
   endloop
 endfacet
 facet normal  0.0000000000e+00 1.0000000000e+00 0.0000000000e+00
   outer loop
     vertex 2.7101696521e+00 6.5100000000e-01 2.5573818829e-01
     vertex 2.7218571918e+00 6.5100000000e-01 2.5494396077e-01
     vertex 2.7102236839e+00 6.5100000000e-01 2.5390688616e-01
   endloop
 endfacet
 facet normal  0.0000000000e+00 1.0000000000e+00 0.0000000000e+00
   outer loop
     vertex 2.7102236839e+00 6.5100000000e-01 2.5390688616e-01
     vertex 2.7218571918e+00 6.5100000000e-01 2.5494396077e-01
     vertex 2.7218944344e+00 6.5100000000e-01 2.5368169526e-01
   endloop
 endfacet
 facet normal  0.0000000000e+00 1.0000000000e+00 0.0000000000e+00
   outer loop
     vertex 2.7218571918e+00 6.5100000000e-01 2.5494396077e-01
     vertex 2.7307534156e+00 6.5100000000e-01 2.5428153545e-01
     vertex 2.7218944344e+00 6.5100000000e-01 2.5368169526e-01
   endloop
 endfacet
 facet normal  0.0000000000e+00 1.0000000000e+00 0.0000000000e+00
   outer loop
     vertex 2.7218944344e+00 6.5100000000e-01 2.5368169526e-01
     vertex 2.7307534156e+00 6.5100000000e-01 2.5428153545e-01
     vertex 2.7307770257e+00 6.5100000000e-01 2.5348132024e-01
   endloop
 endfacet
 facet normal  0.0000000000e+00 1.0000000000e+00 0.0000000000e+00
   outer loop
     vertex 2.7307534156e+00 6.5100000000e-01 2.5428153545e-01
     vertex 2.7372608111e+00 6.5100000000e-01 2.5376436630e-01
     vertex 2.7307770257e+00 6.5100000000e-01 2.5348132024e-01
   endloop
 endfacet
 facet normal  0.0000000000e+00 1.0000000000e+00 0.0000000000e+00
   outer loop
     vertex 2.7307770257e+00 6.5100000000e-01 2.5348132024e-01
     vertex 2.7372608111e+00 6.5100000000e-01 2.5376436630e-01
     vertex 2.7372739684e+00 6.5100000000e-01 2.5331842638e-01
   endloop
 endfacet
 facet normal  0.0000000000e+00 1.0000000000e+00 0.0000000000e+00
   outer loop
     vertex 2.7372608111e+00 6.5100000000e-01 2.5376436630e-01
     vertex 2.7418836155e+00 6.5100000000e-01 2.5337953218e-01
     vertex 2.7372739684e+00 6.5100000000e-01 2.5331842638e-01
   endloop
 endfacet
 facet normal  0.0000000000e+00 1.0000000000e+00 0.0000000000e+00
   outer loop
     vertex 2.7372739684e+00 6.5100000000e-01 2.5331842638e-01
     vertex 2.7418836155e+00 6.5100000000e-01 2.5337953218e-01
     vertex 2.7418890901e+00 6.5100000000e-01 2.5319397969e-01
   endloop
 endfacet
 facet normal  0.0000000000e+00 1.0000000000e+00 0.0000000000e+00
   outer loop
     vertex 2.7418836155e+00 6.5100000000e-01 2.5337953218e-01
     vertex 2.7450998479e+00 6.5100000000e-01 2.5310299786e-01
     vertex 2.7418890901e+00 6.5100000000e-01 2.5319397969e-01
   endloop
 endfacet
 facet normal  0.0000000000e+00 1.0000000000e+00 -0.0000000000e+00
   outer loop
     vertex 2.7450998479e+00 6.5100000000e-01 2.5310299786e-01
     vertex 2.7419000394e+00 6.5100000000e-01 2.5282287471e-01
     vertex 2.7418945648e+00 6.5100000000e-01 2.5300842720e-01
   endloop
 endfacet
 facet normal  -0.0000000000e+00 1.0000000000e+00 0.0000000000e+00
   outer loop
     vertex 2.7419000394e+00 6.5100000000e-01 2.5282287471e-01
     vertex 2.7372871257e+00 6.5100000000e-01 2.5287248645e-01
     vertex 2.7418945648e+00 6.5100000000e-01 2.5300842720e-01
   endloop
 endfacet
 facet normal  0.0000000000e+00 1.0000000000e+00 -0.0000000000e+00
   outer loop
     vertex 2.7419000394e+00 6.5100000000e-01 2.5282287471e-01
     vertex 2.7373002830e+00 6.5100000000e-01 2.5242654653e-01
     vertex 2.7372871257e+00 6.5100000000e-01 2.5287248645e-01
   endloop
 endfacet
 facet normal  -0.0000000000e+00 1.0000000000e+00 0.0000000000e+00
   outer loop
     vertex 2.7373002830e+00 6.5100000000e-01 2.5242654653e-01
     vertex 2.7308006357e+00 6.5100000000e-01 2.5268110502e-01
     vertex 2.7372871257e+00 6.5100000000e-01 2.5287248645e-01
   endloop
 endfacet
 facet normal  0.0000000000e+00 1.0000000000e+00 -0.0000000000e+00
   outer loop
     vertex 2.7373002830e+00 6.5100000000e-01 2.5242654653e-01
     vertex 2.7308242458e+00 6.5100000000e-01 2.5188088981e-01
     vertex 2.7308006357e+00 6.5100000000e-01 2.5268110502e-01
   endloop
 endfacet
 facet normal  -0.0000000000e+00 1.0000000000e+00 0.0000000000e+00
   outer loop
     vertex 2.7308242458e+00 6.5100000000e-01 2.5188088981e-01
     vertex 2.7219316771e+00 6.5100000000e-01 2.5241942976e-01
     vertex 2.7308006357e+00 6.5100000000e-01 2.5268110502e-01
   endloop
 endfacet
 facet normal  0.0000000000e+00 1.0000000000e+00 -0.0000000000e+00
   outer loop
     vertex 2.7308242458e+00 6.5100000000e-01 2.5188088981e-01
     vertex 2.7219689197e+00 6.5100000000e-01 2.5115716425e-01
     vertex 2.7219316771e+00 6.5100000000e-01 2.5241942976e-01
   endloop
 endfacet
 facet normal  -0.0000000000e+00 1.0000000000e+00 0.0000000000e+00
   outer loop
     vertex 2.7219689197e+00 6.5100000000e-01 2.5115716425e-01
     vertex 2.7102777158e+00 6.5100000000e-01 2.5207558404e-01
     vertex 2.7219316771e+00 6.5100000000e-01 2.5241942976e-01
   endloop
 endfacet
 facet normal  0.0000000000e+00 1.0000000000e+00 -0.0000000000e+00
   outer loop
     vertex 2.7219689197e+00 6.5100000000e-01 2.5115716425e-01
     vertex 2.7103317477e+00 6.5100000000e-01 2.5024428192e-01
     vertex 2.7102777158e+00 6.5100000000e-01 2.5207558404e-01
   endloop
 endfacet
 facet normal  -0.0000000000e+00 1.0000000000e+00 0.0000000000e+00
   outer loop
     vertex 2.7103317477e+00 6.5100000000e-01 2.5024428192e-01
     vertex 2.6957386778e+00 6.5100000000e-01 2.5164661523e-01
     vertex 2.7102777158e+00 6.5100000000e-01 2.5207558404e-01
   endloop
 endfacet
 facet normal  0.0000000000e+00 1.0000000000e+00 -0.0000000000e+00
   outer loop
     vertex 2.7103317477e+00 6.5100000000e-01 2.5024428192e-01
     vertex 2.6958118306e+00 6.5100000000e-01 2.4916724904e-01
     vertex 2.6957386778e+00 6.5100000000e-01 2.5164661523e-01
   endloop
 endfacet
 facet normal  -0.0000000000e+00 1.0000000000e+00 0.0000000000e+00
   outer loop
     vertex 2.6958118306e+00 6.5100000000e-01 2.4916724904e-01
     vertex 2.6787301281e+00 6.5100000000e-01 2.5114478441e-01
     vertex 2.6957386778e+00 6.5100000000e-01 2.5164661523e-01
   endloop
 endfacet
 facet normal  0.0000000000e+00 1.0000000000e+00 -0.0000000000e+00
   outer loop
     vertex 2.6958118306e+00 6.5100000000e-01 2.4916724904e-01
     vertex 2.6788228201e+00 6.5100000000e-01 2.4800317586e-01
     vertex 2.6787301281e+00 6.5100000000e-01 2.5114478441e-01
   endloop
 endfacet
 facet normal  -0.0000000000e+00 1.0000000000e+00 0.0000000000e+00
   outer loop
     vertex 2.6788228201e+00 6.5100000000e-01 2.4800317586e-01
     vertex 2.6602665613e+00 6.5100000000e-01 2.5060002386e-01
     vertex 2.6787301281e+00 6.5100000000e-01 2.5114478441e-01
   endloop
 endfacet
 facet normal  0.0000000000e+00 1.0000000000e+00 -0.0000000000e+00
   outer loop
     vertex 2.6788228201e+00 6.5100000000e-01 2.4800317586e-01
     vertex 2.6603762534e+00 6.5100000000e-01 2.4688222843e-01
     vertex 2.6602665613e+00 6.5100000000e-01 2.5060002386e-01
   endloop
 endfacet
 facet normal  0.0000000000e+00 1.0000000000e+00 0.0000000000e+00
   outer loop
     vertex 2.6603762534e+00 6.5100000000e-01 2.4688222843e-01
     vertex 2.6419035597e+00 6.5100000000e-01 2.4595903934e-01
     vertex 2.6602665613e+00 6.5100000000e-01 2.5060002386e-01
   endloop
 endfacet
 facet normal  0.0000000000e+00 1.0000000000e+00 -0.0000000000e+00
   outer loop
     vertex 2.6602665613e+00 6.5100000000e-01 2.5060002386e-01
     vertex 2.6419035597e+00 6.5100000000e-01 2.4595903934e-01
     vertex 2.6417827198e+00 6.5100000000e-01 2.5005466512e-01
   endloop
 endfacet
 facet normal  0.0000000000e+00 1.0000000000e+00 0.0000000000e+00
   outer loop
     vertex 2.6419035597e+00 6.5100000000e-01 2.4595903934e-01
     vertex 2.6248482008e+00 6.5100000000e-01 2.4535763168e-01
     vertex 2.6417827198e+00 6.5100000000e-01 2.5005466512e-01
   endloop
 endfacet
 facet normal  0.0000000000e+00 1.0000000000e+00 -0.0000000000e+00
   outer loop
     vertex 2.6417827198e+00 6.5100000000e-01 2.5005466512e-01
     vertex 2.6248482008e+00 6.5100000000e-01 2.4535763168e-01
     vertex 2.6247244662e+00 6.5100000000e-01 2.4955136780e-01
   endloop
 endfacet
 facet normal  0.0000000000e+00 1.0000000000e+00 0.0000000000e+00
   outer loop
     vertex 2.6248482008e+00 6.5100000000e-01 2.4535763168e-01
     vertex 2.6102520449e+00 6.5100000000e-01 2.4512424146e-01
     vertex 2.6247244662e+00 6.5100000000e-01 2.4955136780e-01
   endloop
 endfacet
 facet normal  0.0000000000e+00 1.0000000000e+00 -0.0000000000e+00
   outer loop
     vertex 2.6247244662e+00 6.5100000000e-01 2.4955136780e-01
     vertex 2.6102520449e+00 6.5100000000e-01 2.4512424146e-01
     vertex 2.6101341254e+00 6.5100000000e-01 2.4912088532e-01
   endloop
 endfacet
 facet normal  -0.0000000000e+00 1.0000000000e+00 0.0000000000e+00
   outer loop
     vertex 2.6102520449e+00 6.5100000000e-01 2.4512424146e-01
     vertex 2.5985650541e+00 6.5100000000e-01 2.4522652349e-01
     vertex 2.6101341254e+00 6.5100000000e-01 2.4912088532e-01
   endloop
 endfacet
 facet normal  0.0000000000e+00 1.0000000000e+00 -0.0000000000e+00
   outer loop
     vertex 2.6101341254e+00 6.5100000000e-01 2.4912088532e-01
     vertex 2.5985650541e+00 6.5100000000e-01 2.4522652349e-01
     vertex 2.5984603148e+00 6.5100000000e-01 2.4877645396e-01
   endloop
 endfacet
 facet normal  -0.0000000000e+00 1.0000000000e+00 0.0000000000e+00
   outer loop
     vertex 2.5985650541e+00 6.5100000000e-01 2.4522652349e-01
     vertex 2.5897202064e+00 6.5100000000e-01 2.4559290047e-01
     vertex 2.5984603148e+00 6.5100000000e-01 2.4877645396e-01
   endloop
 endfacet
 facet normal  0.0000000000e+00 1.0000000000e+00 -0.0000000000e+00
   outer loop
     vertex 2.5984603148e+00 6.5100000000e-01 2.4877645396e-01
     vertex 2.5897202064e+00 6.5100000000e-01 2.4559290047e-01
     vertex 2.5896339604e+00 6.5100000000e-01 2.4851603572e-01
   endloop
 endfacet
 facet normal  -5.2471535710e-14 1.0000000000e+00 -1.5481527938e-15
   outer loop
     vertex 2.5897202064e+00 6.5100000000e-01 2.4559290047e-01
     vertex 2.5833557507e+00 6.5100000000e-01 2.4616510208e-01
     vertex 2.5896339604e+00 6.5100000000e-01 2.4851603572e-01
   endloop
 endfacet
 facet normal  -5.2471535710e-14 1.0000000000e+00 -1.5481527938e-15
   outer loop
     vertex 2.5896339604e+00 6.5100000000e-01 2.4851603572e-01
     vertex 2.5833557507e+00 6.5100000000e-01 2.4616510208e-01
     vertex 2.5832919082e+00 6.5100000000e-01 2.4832891587e-01
   endloop
 endfacet
 facet normal  7.8401011607e-14 1.0000000000e+00 2.3131921625e-15
   outer loop
     vertex 2.5833557507e+00 6.5100000000e-01 2.4616510208e-01
     vertex 2.5790841338e+00 6.5100000000e-01 2.4695715916e-01
     vertex 2.5832919082e+00 6.5100000000e-01 2.4832891587e-01
   endloop
 endfacet
 facet normal  7.8401011607e-14 1.0000000000e+00 2.3131921625e-15
   outer loop
     vertex 2.5832919082e+00 6.5100000000e-01 2.4832891587e-01
     vertex 2.5790841338e+00 6.5100000000e-01 2.4695715916e-01
     vertex 2.5790473556e+00 6.5100000000e-01 2.4820368195e-01
   endloop
 endfacet
 facet normal  -0.0000000000e+00 1.0000000000e+00 0.0000000000e+00
   outer loop
     vertex 2.5790841338e+00 6.5100000000e-01 2.4695715916e-01
     vertex 2.5772129067e+00 6.5100000000e-01 2.4814955723e-01
     vertex 2.5790473556e+00 6.5100000000e-01 2.4820368195e-01
   endloop
 endfacet
 facet normal  0.0000000000e+00 1.0000000000e+00 0.0000000000e+00
   outer loop
     vertex 2.5772129067e+00 6.5100000000e-01 2.4814955723e-01
     vertex 2.5790105774e+00 6.5100000000e-01 2.4945020474e-01
     vertex 2.5790473556e+00 6.5100000000e-01 2.4820368195e-01
   endloop
 endfacet
 facet normal  0.0000000000e+00 1.0000000000e+00 0.0000000000e+00
   outer loop
     vertex 2.5790105774e+00 6.5100000000e-01 2.4945020474e-01
     vertex 2.5832919082e+00 6.5100000000e-01 2.4832891587e-01
     vertex 2.5790473556e+00 6.5100000000e-01 2.4820368195e-01
   endloop
 endfacet
 facet normal  0.0000000000e+00 1.0000000000e+00 0.0000000000e+00
   outer loop
     vertex 2.5790105774e+00 6.5100000000e-01 2.4945020474e-01
     vertex 2.5832280657e+00 6.5100000000e-01 2.5049272965e-01
     vertex 2.5832919082e+00 6.5100000000e-01 2.4832891587e-01
   endloop
 endfacet
 facet normal  0.0000000000e+00 1.0000000000e+00 0.0000000000e+00
   outer loop
     vertex 2.5832280657e+00 6.5100000000e-01 2.5049272965e-01
     vertex 2.5896339604e+00 6.5100000000e-01 2.4851603572e-01
     vertex 2.5832919082e+00 6.5100000000e-01 2.4832891587e-01
   endloop
 endfacet
 facet normal  0.0000000000e+00 1.0000000000e+00 0.0000000000e+00
   outer loop
     vertex 2.5832280657e+00 6.5100000000e-01 2.5049272965e-01
     vertex 2.5895477144e+00 6.5100000000e-01 2.5143917096e-01
     vertex 2.5896339604e+00 6.5100000000e-01 2.4851603572e-01
   endloop
 endfacet
 facet normal  0.0000000000e+00 1.0000000000e+00 0.0000000000e+00
   outer loop
     vertex 2.5895477144e+00 6.5100000000e-01 2.5143917096e-01
     vertex 2.5984603148e+00 6.5100000000e-01 2.4877645396e-01
     vertex 2.5896339604e+00 6.5100000000e-01 2.4851603572e-01
   endloop
 endfacet
 facet normal  0.0000000000e+00 1.0000000000e+00 0.0000000000e+00
   outer loop
     vertex 2.5895477144e+00 6.5100000000e-01 2.5143917096e-01
     vertex 2.5983555754e+00 6.5100000000e-01 2.5232638443e-01
     vertex 2.5984603148e+00 6.5100000000e-01 2.4877645396e-01
   endloop
 endfacet
 facet normal  0.0000000000e+00 1.0000000000e+00 0.0000000000e+00
   outer loop
     vertex 2.5983555754e+00 6.5100000000e-01 2.5232638443e-01
     vertex 2.6101341254e+00 6.5100000000e-01 2.4912088532e-01
     vertex 2.5984603148e+00 6.5100000000e-01 2.4877645396e-01
   endloop
 endfacet
 facet normal  0.0000000000e+00 1.0000000000e+00 0.0000000000e+00
   outer loop
     vertex 2.5983555754e+00 6.5100000000e-01 2.5232638443e-01
     vertex 2.6100162060e+00 6.5100000000e-01 2.5311752919e-01
     vertex 2.6101341254e+00 6.5100000000e-01 2.4912088532e-01
   endloop
 endfacet
 facet normal  0.0000000000e+00 1.0000000000e+00 0.0000000000e+00
   outer loop
     vertex 2.6100162060e+00 6.5100000000e-01 2.5311752919e-01
     vertex 2.6247244662e+00 6.5100000000e-01 2.4955136780e-01
     vertex 2.6101341254e+00 6.5100000000e-01 2.4912088532e-01
   endloop
 endfacet
 facet normal  0.0000000000e+00 1.0000000000e+00 0.0000000000e+00
   outer loop
     vertex 2.6100162060e+00 6.5100000000e-01 2.5311752919e-01
     vertex 2.6246007316e+00 6.5100000000e-01 2.5374510393e-01
     vertex 2.6247244662e+00 6.5100000000e-01 2.4955136780e-01
   endloop
 endfacet
 facet normal  0.0000000000e+00 1.0000000000e+00 0.0000000000e+00
   outer loop
     vertex 2.6246007316e+00 6.5100000000e-01 2.5374510393e-01
     vertex 2.6417827198e+00 6.5100000000e-01 2.5005466512e-01
     vertex 2.6247244662e+00 6.5100000000e-01 2.4955136780e-01
   endloop
 endfacet
 facet normal  0.0000000000e+00 1.0000000000e+00 0.0000000000e+00
   outer loop
     vertex 2.6246007316e+00 6.5100000000e-01 2.5374510393e-01
     vertex 2.6416618799e+00 6.5100000000e-01 2.5415029090e-01
     vertex 2.6417827198e+00 6.5100000000e-01 2.5005466512e-01
   endloop
 endfacet
 facet normal  0.0000000000e+00 1.0000000000e+00 0.0000000000e+00
   outer loop
     vertex 2.6416618799e+00 6.5100000000e-01 2.5415029090e-01
     vertex 2.6602665613e+00 6.5100000000e-01 2.5060002386e-01
     vertex 2.6417827198e+00 6.5100000000e-01 2.5005466512e-01
   endloop
 endfacet
 facet normal  0.0000000000e+00 1.0000000000e+00 0.0000000000e+00
   outer loop
     vertex 2.6416618799e+00 6.5100000000e-01 2.5415029090e-01
     vertex 2.6601568691e+00 6.5100000000e-01 2.5431781929e-01
     vertex 2.6602665613e+00 6.5100000000e-01 2.5060002386e-01
   endloop
 endfacet
 facet normal  0.0000000000e+00 1.0000000000e+00 0.0000000000e+00
   outer loop
     vertex 2.6601568691e+00 6.5100000000e-01 2.5431781929e-01
     vertex 2.6786374361e+00 6.5100000000e-01 2.5428639296e-01
     vertex 2.6602665613e+00 6.5100000000e-01 2.5060002386e-01
   endloop
 endfacet
 facet normal  0.0000000000e+00 1.0000000000e+00 0.0000000000e+00
   outer loop
     vertex 2.6602665613e+00 6.5100000000e-01 2.5060002386e-01
     vertex 2.6786374361e+00 6.5100000000e-01 2.5428639296e-01
     vertex 2.6787301281e+00 6.5100000000e-01 2.5114478441e-01
   endloop
 endfacet
 facet normal  0.0000000000e+00 1.0000000000e+00 0.0000000000e+00
   outer loop
     vertex 2.6786374361e+00 6.5100000000e-01 2.5428639296e-01
     vertex 2.6956655251e+00 6.5100000000e-01 2.5412598142e-01
     vertex 2.6787301281e+00 6.5100000000e-01 2.5114478441e-01
   endloop
 endfacet
 facet normal  0.0000000000e+00 1.0000000000e+00 0.0000000000e+00
   outer loop
     vertex 2.6787301281e+00 6.5100000000e-01 2.5114478441e-01
     vertex 2.6956655251e+00 6.5100000000e-01 2.5412598142e-01
     vertex 2.6957386778e+00 6.5100000000e-01 2.5164661523e-01
   endloop
 endfacet
 facet normal  0.0000000000e+00 1.0000000000e+00 0.0000000000e+00
   outer loop
     vertex 2.6956655251e+00 6.5100000000e-01 2.5412598142e-01
     vertex 2.7102236839e+00 6.5100000000e-01 2.5390688616e-01
     vertex 2.6957386778e+00 6.5100000000e-01 2.5164661523e-01
   endloop
 endfacet
 facet normal  0.0000000000e+00 1.0000000000e+00 0.0000000000e+00
   outer loop
     vertex 2.6957386778e+00 6.5100000000e-01 2.5164661523e-01
     vertex 2.7102236839e+00 6.5100000000e-01 2.5390688616e-01
     vertex 2.7102777158e+00 6.5100000000e-01 2.5207558404e-01
   endloop
 endfacet
 facet normal  0.0000000000e+00 1.0000000000e+00 0.0000000000e+00
   outer loop
     vertex 2.7102236839e+00 6.5100000000e-01 2.5390688616e-01
     vertex 2.7218944344e+00 6.5100000000e-01 2.5368169526e-01
     vertex 2.7102777158e+00 6.5100000000e-01 2.5207558404e-01
   endloop
 endfacet
 facet normal  0.0000000000e+00 1.0000000000e+00 0.0000000000e+00
   outer loop
     vertex 2.7102777158e+00 6.5100000000e-01 2.5207558404e-01
     vertex 2.7218944344e+00 6.5100000000e-01 2.5368169526e-01
     vertex 2.7219316771e+00 6.5100000000e-01 2.5241942976e-01
   endloop
 endfacet
 facet normal  0.0000000000e+00 1.0000000000e+00 0.0000000000e+00
   outer loop
     vertex 2.7218944344e+00 6.5100000000e-01 2.5368169526e-01
     vertex 2.7307770257e+00 6.5100000000e-01 2.5348132024e-01
     vertex 2.7219316771e+00 6.5100000000e-01 2.5241942976e-01
   endloop
 endfacet
 facet normal  0.0000000000e+00 1.0000000000e+00 0.0000000000e+00
   outer loop
     vertex 2.7219316771e+00 6.5100000000e-01 2.5241942976e-01
     vertex 2.7307770257e+00 6.5100000000e-01 2.5348132024e-01
     vertex 2.7308006357e+00 6.5100000000e-01 2.5268110502e-01
   endloop
 endfacet
 facet normal  0.0000000000e+00 1.0000000000e+00 0.0000000000e+00
   outer loop
     vertex 2.7307770257e+00 6.5100000000e-01 2.5348132024e-01
     vertex 2.7372739684e+00 6.5100000000e-01 2.5331842638e-01
     vertex 2.7308006357e+00 6.5100000000e-01 2.5268110502e-01
   endloop
 endfacet
 facet normal  0.0000000000e+00 1.0000000000e+00 0.0000000000e+00
   outer loop
     vertex 2.7308006357e+00 6.5100000000e-01 2.5268110502e-01
     vertex 2.7372739684e+00 6.5100000000e-01 2.5331842638e-01
     vertex 2.7372871257e+00 6.5100000000e-01 2.5287248645e-01
   endloop
 endfacet
 facet normal  0.0000000000e+00 1.0000000000e+00 0.0000000000e+00
   outer loop
     vertex 2.7372739684e+00 6.5100000000e-01 2.5331842638e-01
     vertex 2.7418890901e+00 6.5100000000e-01 2.5319397969e-01
     vertex 2.7372871257e+00 6.5100000000e-01 2.5287248645e-01
   endloop
 endfacet
 facet normal  0.0000000000e+00 1.0000000000e+00 0.0000000000e+00
   outer loop
     vertex 2.7372871257e+00 6.5100000000e-01 2.5287248645e-01
     vertex 2.7418890901e+00 6.5100000000e-01 2.5319397969e-01
     vertex 2.7418945648e+00 6.5100000000e-01 2.5300842720e-01
   endloop
 endfacet
 facet normal  0.0000000000e+00 1.0000000000e+00 0.0000000000e+00
   outer loop
     vertex 2.7418890901e+00 6.5100000000e-01 2.5319397969e-01
     vertex 2.7450998479e+00 6.5100000000e-01 2.5310299786e-01
     vertex 2.7418945648e+00 6.5100000000e-01 2.5300842720e-01
   endloop
 endfacet
 facet normal  1.4425692122e-01 4.0511832182e-04 -9.8954018441e-01
   outer loop
     vertex 2.7428077400e+00 0.0000000000e+00 2.5303537009e-01
     vertex 2.7432661616e+00 -1.3020000000e-01 2.5304889564e-01
     vertex 2.7344015984e+00 0.0000000000e+00 2.5180990787e-01
   endloop
 endfacet
 facet normal  1.4425692122e-01 4.0511832182e-04 -9.8954018441e-01
   outer loop
     vertex 2.7432661616e+00 -1.3020000000e-01 2.5304889564e-01
     vertex 2.7359023815e+00 -1.3020000000e-01 2.5197539074e-01
     vertex 2.7344015984e+00 0.0000000000e+00 2.5180990787e-01
   endloop
 endfacet
 facet normal  1.4157029897e-01 3.7365721265e-04 -9.8992813417e-01
   outer loop
     vertex 2.7344015984e+00 0.0000000000e+00 2.5180990787e-01
     vertex 2.7359023815e+00 -1.3020000000e-01 2.5197539074e-01
     vertex 2.7223171936e+00 0.0000000000e+00 2.5008170889e-01
   endloop
 endfacet
 facet normal  1.4157029897e-01 3.7365721265e-04 -9.8992813417e-01
   outer loop
     vertex 2.7359023815e+00 -1.3020000000e-01 2.5197539074e-01
     vertex 2.7253164430e+00 -1.3020000000e-01 2.5046148843e-01
     vertex 2.7223171936e+00 0.0000000000e+00 2.5008170889e-01
   endloop
 endfacet
 facet normal  1.3785904468e-01 2.8663831151e-04 -9.9045181692e-01
   outer loop
     vertex 2.7223171936e+00 0.0000000000e+00 2.5008170889e-01
     vertex 2.7253164430e+00 -1.3020000000e-01 2.5046148843e-01
     vertex 2.7053024977e+00 0.0000000000e+00 2.4771346675e-01
   endloop
 endfacet
 facet normal  1.3785904468e-01 2.8663831151e-04 -9.9045181692e-01
   outer loop
     vertex 2.7253164430e+00 -1.3020000000e-01 2.5046148843e-01
     vertex 2.7104115693e+00 -1.3020000000e-01 2.4838690832e-01
     vertex 2.7053024977e+00 0.0000000000e+00 2.4771346675e-01
   endloop
 endfacet
 facet normal  1.3292181050e-01 8.9410522586e-05 -9.9112652285e-01
   outer loop
     vertex 2.7053024977e+00 0.0000000000e+00 2.4771346675e-01
     vertex 2.7104115693e+00 -1.3020000000e-01 2.4838690832e-01
     vertex 2.6820348834e+00 0.0000000000e+00 2.4459300398e-01
   endloop
 endfacet
 facet normal  1.3292181050e-01 8.9410522586e-05 -9.9112652285e-01
   outer loop
     vertex 2.7104115693e+00 -1.3020000000e-01 2.4838690832e-01
     vertex 2.6900291392e+00 -1.3020000000e-01 2.4565338294e-01
     vertex 2.6820348834e+00 0.0000000000e+00 2.4459300398e-01
   endloop
 endfacet
 facet normal  1.2650301523e-01 -3.1154062576e-04 -9.9196617386e-01
   outer loop
     vertex 2.6820348834e+00 0.0000000000e+00 2.4459300398e-01
     vertex 2.6900291392e+00 -1.3020000000e-01 2.4565338294e-01
     vertex 2.6514549286e+00 0.0000000000e+00 2.4069321728e-01
   endloop
 endfacet
 facet normal  1.2650301523e-01 -3.1154062576e-04 -9.9196617386e-01
   outer loop
     vertex 2.6900291392e+00 -1.3020000000e-01 2.4565338294e-01
     vertex 2.6632410988e+00 -1.3020000000e-01 2.4223716978e-01
     vertex 2.6514549286e+00 0.0000000000e+00 2.4069321728e-01
   endloop
 endfacet
 facet normal  1.1813258256e-01 -1.0814888967e-03 -9.9299724235e-01
   outer loop
     vertex 2.6514549286e+00 0.0000000000e+00 2.4069321728e-01
     vertex 2.6632410988e+00 -1.3020000000e-01 2.4223716978e-01
     vertex 2.6132949385e+00 0.0000000000e+00 2.3615348848e-01
   endloop
 endfacet
 facet normal  1.1813258256e-01 -1.0814888967e-03 -9.9299724235e-01
   outer loop
     vertex 2.6632410988e+00 -1.3020000000e-01 2.4223716978e-01
     vertex 2.6298129475e+00 -1.3020000000e-01 2.3826036736e-01
     vertex 2.6132949385e+00 0.0000000000e+00 2.3615348848e-01
   endloop
 endfacet
 facet normal  1.0700532866e-01 -2.5135210889e-03 -9.9425526996e-01
   outer loop
     vertex 2.6132949385e+00 0.0000000000e+00 2.3615348848e-01
     vertex 2.6298129475e+00 -1.3020000000e-01 2.3826036736e-01
     vertex 2.5686384351e+00 0.0000000000e+00 2.3134739495e-01
   endloop
 endfacet
 facet normal  1.0700532866e-01 -2.5135210889e-03 -9.9425526996e-01
   outer loop
     vertex 2.6298129475e+00 -1.3020000000e-01 2.3826036736e-01
     vertex 2.5906938505e+00 -1.3020000000e-01 2.3405022942e-01
     vertex 2.5686384351e+00 0.0000000000e+00 2.3134739495e-01
   endloop
 endfacet
 facet normal  9.1698385157e-02 -5.1379812830e-03 -9.9577357231e-01
   outer loop
     vertex 2.5686384351e+00 0.0000000000e+00 2.3134739495e-01
     vertex 2.5906938505e+00 -1.3020000000e-01 2.3405022942e-01
     vertex 2.5201395759e+00 0.0000000000e+00 2.2688125205e-01
   endloop
 endfacet
 facet normal  9.1698385157e-02 -5.1379812830e-03 -9.9577357231e-01
   outer loop
     vertex 2.5906938505e+00 -1.3020000000e-01 2.3405022942e-01
     vertex 2.5482088499e+00 -1.3020000000e-01 2.3013788824e-01
     vertex 2.5201395759e+00 0.0000000000e+00 2.2688125205e-01
   endloop
 endfacet
 facet normal  7.0294143337e-02 -9.7950698305e-03 -9.9747821531e-01
   outer loop
     vertex 2.5201395759e+00 0.0000000000e+00 2.2688125205e-01
     vertex 2.5482088499e+00 -1.3020000000e-01 2.3013788824e-01
     vertex 2.5056501281e+00 -1.3020000000e-01 2.2713869603e-01
   endloop
 endfacet
 facet normal  7.0294143337e-02 -9.7950698305e-03 -9.9747821531e-01
   outer loop
     vertex 2.5201395759e+00 0.0000000000e+00 2.2688125205e-01
     vertex 2.5056501281e+00 -1.3020000000e-01 2.2713869603e-01
     vertex 2.4715565602e+00 0.0000000000e+00 2.2345751665e-01
   endloop
 endfacet
 facet normal  4.0980762130e-02 -1.7514143227e-02 -9.9900642236e-01
   outer loop
     vertex 2.4715565602e+00 0.0000000000e+00 2.2345751665e-01
     vertex 2.5056501281e+00 -1.3020000000e-01 2.2713869603e-01
     vertex 2.4663397107e+00 -1.3020000000e-01 2.2552612295e-01
   endloop
 endfacet
 facet normal  4.0980762130e-02 -1.7514143227e-02 -9.9900642236e-01
   outer loop
     vertex 2.4715565602e+00 0.0000000000e+00 2.2345751665e-01
     vertex 2.4663397107e+00 -1.3020000000e-01 2.2552612295e-01
     vertex 2.4266816545e+00 0.0000000000e+00 2.2161667980e-01
   endloop
 endfacet
 facet normal  2.4847542437e-03 -2.9256659349e-02 -9.9956884399e-01
   outer loop
     vertex 2.4266816545e+00 0.0000000000e+00 2.2161667980e-01
     vertex 2.4663397107e+00 -1.3020000000e-01 2.2552612295e-01
     vertex 2.4326783248e+00 -1.3020000000e-01 2.2544244660e-01
   endloop
 endfacet
 facet normal  2.4847542437e-03 -2.9256659349e-02 -9.9956884399e-01
   outer loop
     vertex 2.4266816545e+00 0.0000000000e+00 2.2161667980e-01
     vertex 2.4326783248e+00 -1.3020000000e-01 2.2544244660e-01
     vertex 2.3882554149e+00 0.0000000000e+00 2.2152115886e-01
   endloop
 endfacet
 facet normal  -4.6820757967e-02 -4.6027198247e-02 -9.9784232905e-01
   outer loop
     vertex 2.3882554149e+00 0.0000000000e+00 2.2152115886e-01
     vertex 2.4326783248e+00 -1.3020000000e-01 2.2544244660e-01
     vertex 2.4057063519e+00 -1.3020000000e-01 2.2670802552e-01
   endloop
 endfacet
 facet normal  -4.6820757967e-02 -4.6027198247e-02 -9.9784232905e-01
   outer loop
     vertex 2.3882554149e+00 0.0000000000e+00 2.2152115886e-01
     vertex 2.4057063519e+00 -1.3020000000e-01 2.2670802552e-01
     vertex 2.3574654915e+00 0.0000000000e+00 2.2296588365e-01
   endloop
 endfacet
 facet normal  -1.1108655657e-01 -6.9652431860e-02 -9.9136689257e-01
   outer loop
     vertex 2.3574654915e+00 0.0000000000e+00 2.2296588365e-01
     vertex 2.4057063519e+00 -1.3020000000e-01 2.2670802552e-01
     vertex 2.3852740182e+00 -1.3020000000e-01 2.2899754881e-01
   endloop
 endfacet
 facet normal  -1.1108655657e-01 -6.9652431860e-02 -9.9136689257e-01
   outer loop
     vertex 2.3574654915e+00 0.0000000000e+00 2.2296588365e-01
     vertex 2.3852740182e+00 -1.3020000000e-01 2.2899754881e-01
     vertex 2.3341409096e+00 0.0000000000e+00 2.2557949471e-01
   endloop
 endfacet
 facet normal  -2.0295663422e-01 -1.0526363121e-01 -9.7351331402e-01
   outer loop
     vertex 2.3341409096e+00 0.0000000000e+00 2.2557949471e-01
     vertex 2.3852740182e+00 -1.3020000000e-01 2.2899754881e-01
     vertex 2.3705506271e+00 -1.3020000000e-01 2.3206705990e-01
   endloop
 endfacet
 facet normal  -2.0295663422e-01 -1.0526363121e-01 -9.7351331402e-01
   outer loop
     vertex 2.3341409096e+00 0.0000000000e+00 2.2557949471e-01
     vertex 2.3705506271e+00 -1.3020000000e-01 2.3206705990e-01
     vertex 2.3173333855e+00 0.0000000000e+00 2.2908350280e-01
   endloop
 endfacet
 facet normal  -3.6413627092e-01 -1.6981926558e-01 -9.1573259920e-01
   outer loop
     vertex 2.3173333855e+00 0.0000000000e+00 2.2908350280e-01
     vertex 2.3705506271e+00 -1.3020000000e-01 2.3206705990e-01
     vertex 2.3606410356e+00 -1.3020000000e-01 2.3600755704e-01
   endloop
 endfacet
 facet normal  -3.6413627092e-01 -1.6981926558e-01 -9.1573259920e-01
   outer loop
     vertex 2.3173333855e+00 0.0000000000e+00 2.2908350280e-01
     vertex 2.3606410356e+00 -1.3020000000e-01 2.3600755704e-01
     vertex 2.3060210665e+00 0.0000000000e+00 2.3358178721e-01
   endloop
 endfacet
 facet normal  -7.4526368671e-01 -3.2350675202e-01 -5.8303123301e-01
   outer loop
     vertex 2.3060210665e+00 0.0000000000e+00 2.3358178721e-01
     vertex 2.3606410356e+00 -1.3020000000e-01 2.3600755704e-01
     vertex 2.3562425813e+00 -1.3020000000e-01 2.4162991145e-01
   endloop
 endfacet
 facet normal  -7.4526368671e-01 -3.2350675202e-01 -5.8303123301e-01
   outer loop
     vertex 2.3060210665e+00 0.0000000000e+00 2.3358178721e-01
     vertex 2.3562425813e+00 -1.3020000000e-01 2.4162991145e-01
     vertex 2.3010000000e+00 0.0000000000e+00 2.4000000000e-01
   endloop
 endfacet
 facet normal  -7.7834158531e-01 -3.2350675202e-01 5.3807783634e-01
   outer loop
     vertex 2.3010000000e+00 0.0000000000e+00 2.4000000000e-01
     vertex 2.3562425813e+00 -1.3020000000e-01 2.4162991145e-01
     vertex 2.3056339277e+00 0.0000000000e+00 2.4670307974e-01
   endloop
 endfacet
 facet normal  -7.7834158531e-01 -3.2350675202e-01 5.3807783634e-01
   outer loop
     vertex 2.3562425813e+00 -1.3020000000e-01 2.4162991145e-01
     vertex 2.3603019020e+00 -1.3020000000e-01 2.4750180930e-01
     vertex 2.3056339277e+00 0.0000000000e+00 2.4670307974e-01
   endloop
 endfacet
 facet normal  -4.1749253255e-01 -1.6981926558e-01 8.9267093730e-01
   outer loop
     vertex 2.3056339277e+00 0.0000000000e+00 2.4670307974e-01
     vertex 2.3603019020e+00 -1.3020000000e-01 2.4750180930e-01
     vertex 2.3166613592e+00 0.0000000000e+00 2.5186049003e-01
   endloop
 endfacet
 facet normal  -4.1749253255e-01 -1.6981926558e-01 8.9267093730e-01
   outer loop
     vertex 2.3603019020e+00 -1.3020000000e-01 2.4750180930e-01
     vertex 2.3699619320e+00 -1.3020000000e-01 2.5201970071e-01
     vertex 2.3166613592e+00 0.0000000000e+00 2.5186049003e-01
   endloop
 endfacet
 facet normal  -2.5999990352e-01 -1.0526363121e-01 9.5985395666e-01
   outer loop
     vertex 2.3166613592e+00 0.0000000000e+00 2.5186049003e-01
     vertex 2.3699619320e+00 -1.3020000000e-01 2.5201970071e-01
     vertex 2.3332330570e+00 0.0000000000e+00 2.5634933942e-01
   endloop
 endfacet
 facet normal  -2.5999990352e-01 -1.0526363121e-01 9.5985395666e-01
   outer loop
     vertex 2.3699619320e+00 -1.3020000000e-01 2.5201970071e-01
     vertex 2.3844787393e+00 -1.3020000000e-01 2.5595193278e-01
     vertex 2.3332330570e+00 0.0000000000e+00 2.5634933942e-01
   endloop
 endfacet
 facet normal  -1.6934224654e-01 -6.9652431860e-02 9.8309294691e-01
   outer loop
     vertex 2.3332330570e+00 0.0000000000e+00 2.5634933942e-01
     vertex 2.3844787393e+00 -1.3020000000e-01 2.5595193278e-01
     vertex 2.3563629720e+00 0.0000000000e+00 2.6033357283e-01
   endloop
 endfacet
 facet normal  -1.6934224654e-01 -6.9652431860e-02 9.8309294691e-01
   outer loop
     vertex 2.3844787393e+00 -1.3020000000e-01 2.5595193278e-01
     vertex 2.4047405448e+00 -1.3020000000e-01 2.5944212124e-01
     vertex 2.3563629720e+00 0.0000000000e+00 2.6033357283e-01
   endloop
 endfacet
 facet normal  -1.0557001855e-01 -4.6027198247e-02 9.9334609689e-01
   outer loop
     vertex 2.3563629720e+00 0.0000000000e+00 2.6033357283e-01
     vertex 2.4047405448e+00 -1.3020000000e-01 2.5944212124e-01
     vertex 2.3870141574e+00 0.0000000000e+00 2.6359109427e-01
   endloop
 endfacet
 facet normal  -1.0557001855e-01 -4.6027198247e-02 9.9334609689e-01
   outer loop
     vertex 2.4047405448e+00 -1.3020000000e-01 2.5944212124e-01
     vertex 2.4315909832e+00 -1.3020000000e-01 2.6229571002e-01
     vertex 2.3870141574e+00 0.0000000000e+00 2.6359109427e-01
   endloop
 endfacet
 facet normal  -5.6452066538e-02 -2.9256659349e-02 9.9797655888e-01
   outer loop
     vertex 2.3870141574e+00 0.0000000000e+00 2.6359109427e-01
     vertex 2.4315909832e+00 -1.3020000000e-01 2.6229571002e-01
     vertex 2.4253791850e+00 0.0000000000e+00 2.6576127059e-01
   endloop
 endfacet
 facet normal  -5.6452066538e-02 -2.9256659349e-02 9.9797655888e-01
   outer loop
     vertex 2.4315909832e+00 -1.3020000000e-01 2.6229571002e-01
     vertex 2.4651987474e+00 -1.3020000000e-01 2.6419678448e-01
     vertex 2.4253791850e+00 0.0000000000e+00 2.6576127059e-01
   endloop
 endfacet
 facet normal  -1.7989864445e-02 -1.7514143227e-02 9.9968476009e-01
   outer loop
     vertex 2.4253791850e+00 0.0000000000e+00 2.6576127059e-01
     vertex 2.4651987474e+00 -1.3020000000e-01 2.6419678448e-01
     vertex 2.4702845614e+00 0.0000000000e+00 2.6656936696e-01
   endloop
 endfacet
 facet normal  -1.7989864445e-02 -1.7514143227e-02 9.9968476009e-01
   outer loop
     vertex 2.4651987474e+00 -1.3020000000e-01 2.6419678448e-01
     vertex 2.5045358571e+00 -1.3020000000e-01 2.6490467691e-01
     vertex 2.4702845614e+00 0.0000000000e+00 2.6656936696e-01
   endloop
 endfacet
 facet normal  1.1362625132e-02 -9.7950698305e-03 9.9988746735e-01
   outer loop
     vertex 2.4702845614e+00 0.0000000000e+00 2.6656936696e-01
     vertex 2.5045358571e+00 -1.3020000000e-01 2.6490467691e-01
     vertex 2.5189849218e+00 0.0000000000e+00 2.6601594075e-01
   endloop
 endfacet
 facet normal  1.1362625132e-02 -9.7950698305e-03 9.9988746735e-01
   outer loop
     vertex 2.5045358571e+00 -1.3020000000e-01 2.6490467691e-01
     vertex 2.5471973728e+00 -1.3020000000e-01 2.6441987554e-01
     vertex 2.5189849218e+00 0.0000000000e+00 2.6601594075e-01
   endloop
 endfacet
 facet normal  3.2830135812e-02 -5.1379812830e-03 9.9944773917e-01
   outer loop
     vertex 2.5189849218e+00 0.0000000000e+00 2.6601594075e-01
     vertex 2.5471973728e+00 -1.3020000000e-01 2.6441987554e-01
     vertex 2.5898391329e+00 -1.3020000000e-01 2.6301916721e-01
   endloop
 endfacet
 facet normal  3.2830135812e-02 -5.1379812830e-03 9.9944773917e-01
   outer loop
     vertex 2.5189849218e+00 0.0000000000e+00 2.6601594075e-01
     vertex 2.5898391329e+00 -1.3020000000e-01 2.6301916721e-01
     vertex 2.5676627301e+00 0.0000000000e+00 2.6441695863e-01
   endloop
 endfacet
 facet normal  4.8199968360e-02 -2.5135210889e-03 9.9883454349e-01
   outer loop
     vertex 2.5676627301e+00 0.0000000000e+00 2.6441695863e-01
     vertex 2.5898391329e+00 -1.3020000000e-01 2.6301916721e-01
     vertex 2.6291384020e+00 -1.3020000000e-01 2.6112273347e-01
   endloop
 endfacet
 facet normal  4.8199968360e-02 -2.5135210889e-03 9.9883454349e-01
   outer loop
     vertex 2.5676627301e+00 0.0000000000e+00 2.6441695863e-01
     vertex 2.6291384020e+00 -1.3020000000e-01 2.6112273347e-01
     vertex 2.6125249095e+00 0.0000000000e+00 2.6225207994e-01
   endloop
 endfacet
 facet normal  5.9382036744e-02 -1.0814888967e-03 9.9823474398e-01
   outer loop
     vertex 2.6125249095e+00 0.0000000000e+00 2.6225207994e-01
     vertex 2.6291384020e+00 -1.3020000000e-01 2.6112273347e-01
     vertex 2.6627428680e+00 -1.3020000000e-01 2.5912370304e-01
   endloop
 endfacet
 facet normal  5.9382036744e-02 -1.0814888967e-03 9.9823474398e-01
   outer loop
     vertex 2.6125249095e+00 0.0000000000e+00 2.6225207994e-01
     vertex 2.6627428680e+00 -1.3020000000e-01 2.5912370304e-01
     vertex 2.6508861720e+00 0.0000000000e+00 2.5997008173e-01
   endloop
 endfacet
 facet normal  6.7798698438e-02 -3.1154062576e-04 9.9769897235e-01
   outer loop
     vertex 2.6508861720e+00 0.0000000000e+00 2.5997008173e-01
     vertex 2.6627428680e+00 -1.3020000000e-01 2.5912370304e-01
     vertex 2.6896857227e+00 -1.3020000000e-01 2.5729279960e-01
   endloop
 endfacet
 facet normal  6.7798698438e-02 -3.1154062576e-04 9.9769897235e-01
   outer loop
     vertex 2.6508861720e+00 0.0000000000e+00 2.5997008173e-01
     vertex 2.6896857227e+00 -1.3020000000e-01 2.5729279960e-01
     vertex 2.6816428554e+00 0.0000000000e+00 2.5788000931e-01
   endloop
 endfacet
 facet normal  7.4255832088e-02 8.9410522586e-05 9.9723922075e-01
   outer loop
     vertex 2.6816428554e+00 0.0000000000e+00 2.5788000931e-01
     vertex 2.6896857227e+00 -1.3020000000e-01 2.5729279960e-01
     vertex 2.7101938598e+00 -1.3020000000e-01 2.5576573492e-01
   endloop
 endfacet
 facet normal  7.4255832088e-02 8.9410522586e-05 9.9723922075e-01
   outer loop
     vertex 2.6816428554e+00 0.0000000000e+00 2.5788000931e-01
     vertex 2.7101938598e+00 -1.3020000000e-01 2.5576573492e-01
     vertex 2.7050539709e+00 0.0000000000e+00 2.5613678479e-01
   endloop
 endfacet
 facet normal  7.9224257058e-02 2.8663831151e-04 9.9685677754e-01
   outer loop
     vertex 2.7050539709e+00 0.0000000000e+00 2.5613678479e-01
     vertex 2.7101938598e+00 -1.3020000000e-01 2.5576573492e-01
     vertex 2.7251951189e+00 -1.3020000000e-01 2.5457352393e-01
   endloop
 endfacet
 facet normal  7.9224257058e-02 2.8663831151e-04 9.9685677754e-01
   outer loop
     vertex 2.7050539709e+00 0.0000000000e+00 2.5613678479e-01
     vertex 2.7251951189e+00 -1.3020000000e-01 2.5457352393e-01
     vertex 2.7221786959e+00 0.0000000000e+00 2.5477581334e-01
   endloop
 endfacet
 facet normal  8.2959930750e-02 3.7365721265e-04 9.9655281359e-01
   outer loop
     vertex 2.7221786959e+00 0.0000000000e+00 2.5477581334e-01
     vertex 2.7251951189e+00 -1.3020000000e-01 2.5457352393e-01
     vertex 2.7358518995e+00 -1.3020000000e-01 2.5368638000e-01
   endloop
 endfacet
 facet normal  8.2959930750e-02 3.7365721265e-04 9.9655281359e-01
   outer loop
     vertex 2.7221786959e+00 0.0000000000e+00 2.5477581334e-01
     vertex 2.7358518995e+00 -1.3020000000e-01 2.5368638000e-01
     vertex 2.7343439704e+00 0.0000000000e+00 2.5376309196e-01
   endloop
 endfacet
 facet normal  8.5664752247e-02 4.0511832182e-04 9.9632393633e-01
   outer loop
     vertex 2.7343439704e+00 0.0000000000e+00 2.5376309196e-01
     vertex 2.7358518995e+00 -1.3020000000e-01 2.5368638000e-01
     vertex 2.7432661616e+00 -1.3020000000e-01 2.5304889564e-01
   endloop
 endfacet
 facet normal  8.5664752247e-02 4.0511832182e-04 9.9632393633e-01
   outer loop
     vertex 2.7343439704e+00 0.0000000000e+00 2.5376309196e-01
     vertex 2.7432661616e+00 -1.3020000000e-01 2.5304889564e-01
     vertex 2.7428077400e+00 0.0000000000e+00 2.5303537009e-01
   endloop
 endfacet
 facet normal  1.4425692122e-01 4.0511832182e-04 -9.8954018441e-01
   outer loop
     vertex 2.7432661616e+00 -1.3020000000e-01 2.5304889564e-01
     vertex 2.7437245832e+00 -2.6040000000e-01 2.5306242120e-01
     vertex 2.7359023815e+00 -1.3020000000e-01 2.5197539074e-01
   endloop
 endfacet
 facet normal  1.4425692122e-01 4.0511832182e-04 -9.8954018441e-01
   outer loop
     vertex 2.7437245832e+00 -2.6040000000e-01 2.5306242120e-01
     vertex 2.7374031647e+00 -2.6040000000e-01 2.5214087361e-01
     vertex 2.7359023815e+00 -1.3020000000e-01 2.5197539074e-01
   endloop
 endfacet
 facet normal  1.4157029897e-01 3.7365721265e-04 -9.8992813417e-01
   outer loop
     vertex 2.7359023815e+00 -1.3020000000e-01 2.5197539074e-01
     vertex 2.7374031647e+00 -2.6040000000e-01 2.5214087361e-01
     vertex 2.7253164430e+00 -1.3020000000e-01 2.5046148843e-01
   endloop
 endfacet
 facet normal  1.4157029897e-01 3.7365721265e-04 -9.8992813417e-01
   outer loop
     vertex 2.7374031647e+00 -2.6040000000e-01 2.5214087361e-01
     vertex 2.7283156923e+00 -2.6040000000e-01 2.5084126798e-01
     vertex 2.7253164430e+00 -1.3020000000e-01 2.5046148843e-01
   endloop
 endfacet
 facet normal  1.3785904468e-01 2.8663831151e-04 -9.9045181692e-01
   outer loop
     vertex 2.7253164430e+00 -1.3020000000e-01 2.5046148843e-01
     vertex 2.7283156923e+00 -2.6040000000e-01 2.5084126798e-01
     vertex 2.7104115693e+00 -1.3020000000e-01 2.4838690832e-01
   endloop
 endfacet
 facet normal  1.3785904468e-01 2.8663831151e-04 -9.9045181692e-01
   outer loop
     vertex 2.7283156923e+00 -2.6040000000e-01 2.5084126798e-01
     vertex 2.7155206409e+00 -2.6040000000e-01 2.4906034989e-01
     vertex 2.7104115693e+00 -1.3020000000e-01 2.4838690832e-01
   endloop
 endfacet
 facet normal  1.3292181050e-01 8.9410522586e-05 -9.9112652285e-01
   outer loop
     vertex 2.7104115693e+00 -1.3020000000e-01 2.4838690832e-01
     vertex 2.7155206409e+00 -2.6040000000e-01 2.4906034989e-01
     vertex 2.6900291392e+00 -1.3020000000e-01 2.4565338294e-01
   endloop
 endfacet
 facet normal  1.3292181050e-01 8.9410522587e-05 -9.9112652285e-01
   outer loop
     vertex 2.7155206409e+00 -2.6040000000e-01 2.4906034989e-01
     vertex 2.6980233950e+00 -2.6040000000e-01 2.4671376189e-01
     vertex 2.6900291392e+00 -1.3020000000e-01 2.4565338294e-01
   endloop
 endfacet
 facet normal  1.2650301523e-01 -3.1154062576e-04 -9.9196617386e-01
   outer loop
     vertex 2.6900291392e+00 -1.3020000000e-01 2.4565338294e-01
     vertex 2.6980233950e+00 -2.6040000000e-01 2.4671376189e-01
     vertex 2.6632410988e+00 -1.3020000000e-01 2.4223716978e-01
   endloop
 endfacet
 facet normal  1.2650301523e-01 -3.1154062576e-04 -9.9196617386e-01
   outer loop
     vertex 2.6980233950e+00 -2.6040000000e-01 2.4671376189e-01
     vertex 2.6750272690e+00 -2.6040000000e-01 2.4378112228e-01
     vertex 2.6632410988e+00 -1.3020000000e-01 2.4223716978e-01
   endloop
 endfacet
 facet normal  1.1813258256e-01 -1.0814888967e-03 -9.9299724235e-01
   outer loop
     vertex 2.6632410988e+00 -1.3020000000e-01 2.4223716978e-01
     vertex 2.6750272690e+00 -2.6040000000e-01 2.4378112228e-01
     vertex 2.6298129475e+00 -1.3020000000e-01 2.3826036736e-01
   endloop
 endfacet
 facet normal  1.1813258256e-01 -1.0814888967e-03 -9.9299724235e-01
   outer loop
     vertex 2.6750272690e+00 -2.6040000000e-01 2.4378112228e-01
     vertex 2.6463309565e+00 -2.6040000000e-01 2.4036724623e-01
     vertex 2.6298129475e+00 -1.3020000000e-01 2.3826036736e-01
   endloop
 endfacet
 facet normal  1.0700532866e-01 -2.5135210889e-03 -9.9425526996e-01
   outer loop
     vertex 2.6298129475e+00 -1.3020000000e-01 2.3826036736e-01
     vertex 2.6463309565e+00 -2.6040000000e-01 2.4036724623e-01
     vertex 2.5906938505e+00 -1.3020000000e-01 2.3405022942e-01
   endloop
 endfacet
 facet normal  1.0700532866e-01 -2.5135210889e-03 -9.9425526996e-01
   outer loop
     vertex 2.6463309565e+00 -2.6040000000e-01 2.4036724623e-01
     vertex 2.6127492659e+00 -2.6040000000e-01 2.3675306389e-01
     vertex 2.5906938505e+00 -1.3020000000e-01 2.3405022942e-01
   endloop
 endfacet
 facet normal  9.1698385157e-02 -5.1379812830e-03 -9.9577357231e-01
   outer loop
     vertex 2.5906938505e+00 -1.3020000000e-01 2.3405022942e-01
     vertex 2.6127492659e+00 -2.6040000000e-01 2.3675306389e-01
     vertex 2.5482088499e+00 -1.3020000000e-01 2.3013788824e-01
   endloop
 endfacet
 facet normal  9.1698385157e-02 -5.1379812830e-03 -9.9577357231e-01
   outer loop
     vertex 2.6127492659e+00 -2.6040000000e-01 2.3675306389e-01
     vertex 2.5762781238e+00 -2.6040000000e-01 2.3339452443e-01
     vertex 2.5482088499e+00 -1.3020000000e-01 2.3013788824e-01
   endloop
 endfacet
 facet normal  7.0294143337e-02 -9.7950698305e-03 -9.9747821531e-01
   outer loop
     vertex 2.5482088499e+00 -1.3020000000e-01 2.3013788824e-01
     vertex 2.5762781238e+00 -2.6040000000e-01 2.3339452443e-01
     vertex 2.5397436959e+00 -2.6040000000e-01 2.3081987541e-01
   endloop
 endfacet
 facet normal  7.0294143337e-02 -9.7950698305e-03 -9.9747821531e-01
   outer loop
     vertex 2.5482088499e+00 -1.3020000000e-01 2.3013788824e-01
     vertex 2.5397436959e+00 -2.6040000000e-01 2.3081987541e-01
     vertex 2.5056501281e+00 -1.3020000000e-01 2.2713869603e-01
   endloop
 endfacet
 facet normal  4.0980762130e-02 -1.7514143227e-02 -9.9900642236e-01
   outer loop
     vertex 2.5056501281e+00 -1.3020000000e-01 2.2713869603e-01
     vertex 2.5397436959e+00 -2.6040000000e-01 2.3081987541e-01
     vertex 2.5059977669e+00 -2.6040000000e-01 2.2943556610e-01
   endloop
 endfacet
 facet normal  4.0980762130e-02 -1.7514143227e-02 -9.9900642236e-01
   outer loop
     vertex 2.5056501281e+00 -1.3020000000e-01 2.2713869603e-01
     vertex 2.5059977669e+00 -2.6040000000e-01 2.2943556610e-01
     vertex 2.4663397107e+00 -1.3020000000e-01 2.2552612295e-01
   endloop
 endfacet
 facet normal  2.4847542437e-03 -2.9256659349e-02 -9.9956884399e-01
   outer loop
     vertex 2.4663397107e+00 -1.3020000000e-01 2.2552612295e-01
     vertex 2.5059977669e+00 -2.6040000000e-01 2.2943556610e-01
     vertex 2.4771012347e+00 -2.6040000000e-01 2.2936373435e-01
   endloop
 endfacet
 facet normal  2.4847542437e-03 -2.9256659349e-02 -9.9956884399e-01
   outer loop
     vertex 2.4663397107e+00 -1.3020000000e-01 2.2552612295e-01
     vertex 2.4771012347e+00 -2.6040000000e-01 2.2936373435e-01
     vertex 2.4326783248e+00 -1.3020000000e-01 2.2544244660e-01
   endloop
 endfacet
 facet normal  -4.6820757967e-02 -4.6027198247e-02 -9.9784232905e-01
   outer loop
     vertex 2.4326783248e+00 -1.3020000000e-01 2.2544244660e-01
     vertex 2.4771012347e+00 -2.6040000000e-01 2.2936373435e-01
     vertex 2.4539472123e+00 -2.6040000000e-01 2.3045016739e-01
   endloop
 endfacet
 facet normal  -4.6820757967e-02 -4.6027198247e-02 -9.9784232905e-01
   outer loop
     vertex 2.4326783248e+00 -1.3020000000e-01 2.2544244660e-01
     vertex 2.4539472123e+00 -2.6040000000e-01 2.3045016739e-01
     vertex 2.4057063519e+00 -1.3020000000e-01 2.2670802552e-01
   endloop
 endfacet
 facet normal  -1.1108655657e-01 -6.9652431860e-02 -9.9136689257e-01
   outer loop
     vertex 2.4057063519e+00 -1.3020000000e-01 2.2670802552e-01
     vertex 2.4539472123e+00 -2.6040000000e-01 2.3045016739e-01
     vertex 2.4364071267e+00 -2.6040000000e-01 2.3241560292e-01
   endloop
 endfacet
 facet normal  -1.1108655657e-01 -6.9652431860e-02 -9.9136689257e-01
   outer loop
     vertex 2.4057063519e+00 -1.3020000000e-01 2.2670802552e-01
     vertex 2.4364071267e+00 -2.6040000000e-01 2.3241560292e-01
     vertex 2.3852740182e+00 -1.3020000000e-01 2.2899754881e-01
   endloop
 endfacet
 facet normal  -2.0295663422e-01 -1.0526363121e-01 -9.7351331402e-01
   outer loop
     vertex 2.3852740182e+00 -1.3020000000e-01 2.2899754881e-01
     vertex 2.4364071267e+00 -2.6040000000e-01 2.3241560292e-01
     vertex 2.4237678686e+00 -2.6040000000e-01 2.3505061700e-01
   endloop
 endfacet
 facet normal  -2.0295663422e-01 -1.0526363121e-01 -9.7351331402e-01
   outer loop
     vertex 2.3852740182e+00 -1.3020000000e-01 2.2899754881e-01
     vertex 2.4237678686e+00 -2.6040000000e-01 2.3505061700e-01
     vertex 2.3705506271e+00 -1.3020000000e-01 2.3206705990e-01
   endloop
 endfacet
 facet normal  -3.6413627092e-01 -1.6981926558e-01 -9.1573259920e-01
   outer loop
     vertex 2.3705506271e+00 -1.3020000000e-01 2.3206705990e-01
     vertex 2.4237678686e+00 -2.6040000000e-01 2.3505061700e-01
     vertex 2.4152610047e+00 -2.6040000000e-01 2.3843332687e-01
   endloop
 endfacet
 facet normal  -3.6413627092e-01 -1.6981926558e-01 -9.1573259920e-01
   outer loop
     vertex 2.3705506271e+00 -1.3020000000e-01 2.3206705990e-01
     vertex 2.4152610047e+00 -2.6040000000e-01 2.3843332687e-01
     vertex 2.3606410356e+00 -1.3020000000e-01 2.3600755704e-01
   endloop
 endfacet
 facet normal  -7.4526368671e-01 -3.2350675202e-01 -5.8303123301e-01
   outer loop
     vertex 2.3606410356e+00 -1.3020000000e-01 2.3600755704e-01
     vertex 2.4152610047e+00 -2.6040000000e-01 2.3843332687e-01
     vertex 2.4114851627e+00 -2.6040000000e-01 2.4325982289e-01
   endloop
 endfacet
 facet normal  -7.4526368671e-01 -3.2350675202e-01 -5.8303123301e-01
   outer loop
     vertex 2.3606410356e+00 -1.3020000000e-01 2.3600755704e-01
     vertex 2.4114851627e+00 -2.6040000000e-01 2.4325982289e-01
     vertex 2.3562425813e+00 -1.3020000000e-01 2.4162991145e-01
   endloop
 endfacet
 facet normal  -7.7834158531e-01 -3.2350675202e-01 5.3807783634e-01
   outer loop
     vertex 2.3562425813e+00 -1.3020000000e-01 2.4162991145e-01
     vertex 2.4114851627e+00 -2.6040000000e-01 2.4325982289e-01
     vertex 2.3603019020e+00 -1.3020000000e-01 2.4750180930e-01
   endloop
 endfacet
 facet normal  -7.7834158531e-01 -3.2350675202e-01 5.3807783634e-01
   outer loop
     vertex 2.4114851627e+00 -2.6040000000e-01 2.4325982289e-01
     vertex 2.4149698763e+00 -2.6040000000e-01 2.4830053886e-01
     vertex 2.3603019020e+00 -1.3020000000e-01 2.4750180930e-01
   endloop
 endfacet
 facet normal  -4.1749253255e-01 -1.6981926558e-01 8.9267093730e-01
   outer loop
     vertex 2.3603019020e+00 -1.3020000000e-01 2.4750180930e-01
     vertex 2.4149698763e+00 -2.6040000000e-01 2.4830053886e-01
     vertex 2.3699619320e+00 -1.3020000000e-01 2.5201970071e-01
   endloop
 endfacet
 facet normal  -4.1749253255e-01 -1.6981926558e-01 8.9267093730e-01
   outer loop
     vertex 2.4149698763e+00 -2.6040000000e-01 2.4830053886e-01
     vertex 2.4232625048e+00 -2.6040000000e-01 2.5217891140e-01
     vertex 2.3699619320e+00 -1.3020000000e-01 2.5201970071e-01
   endloop
 endfacet
 facet normal  -2.5999990352e-01 -1.0526363121e-01 9.5985395666e-01
   outer loop
     vertex 2.3699619320e+00 -1.3020000000e-01 2.5201970071e-01
     vertex 2.4232625048e+00 -2.6040000000e-01 2.5217891140e-01
     vertex 2.3844787393e+00 -1.3020000000e-01 2.5595193278e-01
   endloop
 endfacet
 facet normal  -2.5999990352e-01 -1.0526363121e-01 9.5985395666e-01
   outer loop
     vertex 2.4232625048e+00 -2.6040000000e-01 2.5217891140e-01
     vertex 2.4357244216e+00 -2.6040000000e-01 2.5555452614e-01
     vertex 2.3844787393e+00 -1.3020000000e-01 2.5595193278e-01
   endloop
 endfacet
 facet normal  -1.6934224654e-01 -6.9652431860e-02 9.8309294691e-01
   outer loop
     vertex 2.3844787393e+00 -1.3020000000e-01 2.5595193278e-01
     vertex 2.4357244216e+00 -2.6040000000e-01 2.5555452614e-01
     vertex 2.4047405448e+00 -1.3020000000e-01 2.5944212124e-01
   endloop
 endfacet
 facet normal  -1.6934224654e-01 -6.9652431860e-02 9.8309294691e-01
   outer loop
     vertex 2.4357244216e+00 -2.6040000000e-01 2.5555452614e-01
     vertex 2.4531181176e+00 -2.6040000000e-01 2.5855066966e-01
     vertex 2.4047405448e+00 -1.3020000000e-01 2.5944212124e-01
   endloop
 endfacet
 facet normal  -1.0557001855e-01 -4.6027198247e-02 9.9334609689e-01
   outer loop
     vertex 2.4047405448e+00 -1.3020000000e-01 2.5944212124e-01
     vertex 2.4531181176e+00 -2.6040000000e-01 2.5855066966e-01
     vertex 2.4315909832e+00 -1.3020000000e-01 2.6229571002e-01
   endloop
 endfacet
 facet normal  -1.0557001855e-01 -4.6027198247e-02 9.9334609689e-01
   outer loop
     vertex 2.4531181176e+00 -2.6040000000e-01 2.5855066966e-01
     vertex 2.4761678090e+00 -2.6040000000e-01 2.6100032578e-01
     vertex 2.4315909832e+00 -1.3020000000e-01 2.6229571002e-01
   endloop
 endfacet
 facet normal  -5.6452066538e-02 -2.9256659349e-02 9.9797655888e-01
   outer loop
     vertex 2.4315909832e+00 -1.3020000000e-01 2.6229571002e-01
     vertex 2.4761678090e+00 -2.6040000000e-01 2.6100032578e-01
     vertex 2.4651987474e+00 -1.3020000000e-01 2.6419678448e-01
   endloop
 endfacet
 facet normal  -5.6452066538e-02 -2.9256659349e-02 9.9797655888e-01
   outer loop
     vertex 2.4761678090e+00 -2.6040000000e-01 2.6100032578e-01
     vertex 2.5050183098e+00 -2.6040000000e-01 2.6263229837e-01
     vertex 2.4651987474e+00 -1.3020000000e-01 2.6419678448e-01
   endloop
 endfacet
 facet normal  -1.7989864445e-02 -1.7514143227e-02 9.9968476009e-01
   outer loop
     vertex 2.4651987474e+00 -1.3020000000e-01 2.6419678448e-01
     vertex 2.5050183098e+00 -2.6040000000e-01 2.6263229837e-01
     vertex 2.5045358571e+00 -1.3020000000e-01 2.6490467691e-01
   endloop
 endfacet
 facet normal  -1.7989864445e-02 -1.7514143227e-02 9.9968476009e-01
   outer loop
     vertex 2.5050183098e+00 -2.6040000000e-01 2.6263229837e-01
     vertex 2.5387871528e+00 -2.6040000000e-01 2.6323998685e-01
     vertex 2.5045358571e+00 -1.3020000000e-01 2.6490467691e-01
   endloop
 endfacet
 facet normal  1.1362625132e-02 -9.7950698305e-03 9.9988746735e-01
   outer loop
     vertex 2.5045358571e+00 -1.3020000000e-01 2.6490467691e-01
     vertex 2.5387871528e+00 -2.6040000000e-01 2.6323998685e-01
     vertex 2.5471973728e+00 -1.3020000000e-01 2.6441987554e-01
   endloop
 endfacet
 facet normal  1.1362625132e-02 -9.7950698305e-03 9.9988746735e-01
   outer loop
     vertex 2.5387871528e+00 -2.6040000000e-01 2.6323998685e-01
     vertex 2.5754098238e+00 -2.6040000000e-01 2.6282381033e-01
     vertex 2.5471973728e+00 -1.3020000000e-01 2.6441987554e-01
   endloop
 endfacet
 facet normal  3.2830135812e-02 -5.1379812830e-03 9.9944773917e-01
   outer loop
     vertex 2.5471973728e+00 -1.3020000000e-01 2.6441987554e-01
     vertex 2.5754098238e+00 -2.6040000000e-01 2.6282381033e-01
     vertex 2.6120155357e+00 -2.6040000000e-01 2.6162137578e-01
   endloop
 endfacet
 facet normal  3.2830135812e-02 -5.1379812830e-03 9.9944773917e-01
   outer loop
     vertex 2.5471973728e+00 -1.3020000000e-01 2.6441987554e-01
     vertex 2.6120155357e+00 -2.6040000000e-01 2.6162137578e-01
     vertex 2.5898391329e+00 -1.3020000000e-01 2.6301916721e-01
   endloop
 endfacet
 facet normal  4.8199968360e-02 -2.5135210889e-03 9.9883454349e-01
   outer loop
     vertex 2.5898391329e+00 -1.3020000000e-01 2.6301916721e-01
     vertex 2.6120155357e+00 -2.6040000000e-01 2.6162137578e-01
     vertex 2.6457518946e+00 -2.6040000000e-01 2.5999338700e-01
   endloop
 endfacet
 facet normal  4.8199968360e-02 -2.5135210889e-03 9.9883454349e-01
   outer loop
     vertex 2.5898391329e+00 -1.3020000000e-01 2.6301916721e-01
     vertex 2.6457518946e+00 -2.6040000000e-01 2.5999338700e-01
     vertex 2.6291384020e+00 -1.3020000000e-01 2.6112273347e-01
   endloop
 endfacet
 facet normal  5.9382036744e-02 -1.0814888967e-03 9.9823474398e-01
   outer loop
     vertex 2.6291384020e+00 -1.3020000000e-01 2.6112273347e-01
     vertex 2.6457518946e+00 -2.6040000000e-01 2.5999338700e-01
     vertex 2.6745995640e+00 -2.6040000000e-01 2.5827732435e-01
   endloop
 endfacet
 facet normal  5.9382036744e-02 -1.0814888967e-03 9.9823474398e-01
   outer loop
     vertex 2.6291384020e+00 -1.3020000000e-01 2.6112273347e-01
     vertex 2.6745995640e+00 -2.6040000000e-01 2.5827732435e-01
     vertex 2.6627428680e+00 -1.3020000000e-01 2.5912370304e-01
   endloop
 endfacet
 facet normal  6.7798698438e-02 -3.1154062576e-04 9.9769897235e-01
   outer loop
     vertex 2.6627428680e+00 -1.3020000000e-01 2.5912370304e-01
     vertex 2.6745995640e+00 -2.6040000000e-01 2.5827732435e-01
     vertex 2.6977285899e+00 -2.6040000000e-01 2.5670558989e-01
   endloop
 endfacet
 facet normal  6.7798698438e-02 -3.1154062576e-04 9.9769897235e-01
   outer loop
     vertex 2.6627428680e+00 -1.3020000000e-01 2.5912370304e-01
     vertex 2.6977285899e+00 -2.6040000000e-01 2.5670558989e-01
     vertex 2.6896857227e+00 -1.3020000000e-01 2.5729279960e-01
   endloop
 endfacet
 facet normal  7.4255832088e-02 8.9410522586e-05 9.9723922075e-01
   outer loop
     vertex 2.6896857227e+00 -1.3020000000e-01 2.5729279960e-01
     vertex 2.6977285899e+00 -2.6040000000e-01 2.5670558989e-01
     vertex 2.7153337488e+00 -2.6040000000e-01 2.5539468505e-01
   endloop
 endfacet
 facet normal  7.4255832088e-02 8.9410522586e-05 9.9723922075e-01
   outer loop
     vertex 2.6896857227e+00 -1.3020000000e-01 2.5729279960e-01
     vertex 2.7153337488e+00 -2.6040000000e-01 2.5539468505e-01
     vertex 2.7101938598e+00 -1.3020000000e-01 2.5576573492e-01
   endloop
 endfacet
 facet normal  7.9224257058e-02 2.8663831151e-04 9.9685677754e-01
   outer loop
     vertex 2.7101938598e+00 -1.3020000000e-01 2.5576573492e-01
     vertex 2.7153337488e+00 -2.6040000000e-01 2.5539468505e-01
     vertex 2.7282115420e+00 -2.6040000000e-01 2.5437123452e-01
   endloop
 endfacet
 facet normal  7.9224257058e-02 2.8663831151e-04 9.9685677754e-01
   outer loop
     vertex 2.7101938598e+00 -1.3020000000e-01 2.5576573492e-01
     vertex 2.7282115420e+00 -2.6040000000e-01 2.5437123452e-01
     vertex 2.7251951189e+00 -1.3020000000e-01 2.5457352393e-01
   endloop
 endfacet
 facet normal  8.2959930750e-02 3.7365721265e-04 9.9655281359e-01
   outer loop
     vertex 2.7251951189e+00 -1.3020000000e-01 2.5457352393e-01
     vertex 2.7282115420e+00 -2.6040000000e-01 2.5437123452e-01
     vertex 2.7373598285e+00 -2.6040000000e-01 2.5360966805e-01
   endloop
 endfacet
 facet normal  8.2959930750e-02 3.7365721265e-04 9.9655281359e-01
   outer loop
     vertex 2.7251951189e+00 -1.3020000000e-01 2.5457352393e-01
     vertex 2.7373598285e+00 -2.6040000000e-01 2.5360966805e-01
     vertex 2.7358518995e+00 -1.3020000000e-01 2.5368638000e-01
   endloop
 endfacet
 facet normal  8.5664752247e-02 4.0511832182e-04 9.9632393633e-01
   outer loop
     vertex 2.7358518995e+00 -1.3020000000e-01 2.5368638000e-01
     vertex 2.7373598285e+00 -2.6040000000e-01 2.5360966805e-01
     vertex 2.7437245832e+00 -2.6040000000e-01 2.5306242120e-01
   endloop
 endfacet
 facet normal  8.5664752247e-02 4.0511832182e-04 9.9632393633e-01
   outer loop
     vertex 2.7358518995e+00 -1.3020000000e-01 2.5368638000e-01
     vertex 2.7437245832e+00 -2.6040000000e-01 2.5306242120e-01
     vertex 2.7432661616e+00 -1.3020000000e-01 2.5304889564e-01
   endloop
 endfacet
 facet normal  1.4425692122e-01 4.0511832182e-04 -9.8954018441e-01
   outer loop
     vertex 2.7437245832e+00 -2.6040000000e-01 2.5306242120e-01
     vertex 2.7441830047e+00 -3.9060000000e-01 2.5307594675e-01
     vertex 2.7374031647e+00 -2.6040000000e-01 2.5214087361e-01
   endloop
 endfacet
 facet normal  1.4425692122e-01 4.0511832182e-04 -9.8954018441e-01
   outer loop
     vertex 2.7441830047e+00 -3.9060000000e-01 2.5307594675e-01
     vertex 2.7389039478e+00 -3.9060000000e-01 2.5230635648e-01
     vertex 2.7374031647e+00 -2.6040000000e-01 2.5214087361e-01
   endloop
 endfacet
 facet normal  1.4157029897e-01 3.7365721265e-04 -9.8992813417e-01
   outer loop
     vertex 2.7374031647e+00 -2.6040000000e-01 2.5214087361e-01
     vertex 2.7389039478e+00 -3.9060000000e-01 2.5230635648e-01
     vertex 2.7283156923e+00 -2.6040000000e-01 2.5084126798e-01
   endloop
 endfacet
 facet normal  1.4157029897e-01 3.7365721265e-04 -9.8992813417e-01
   outer loop
     vertex 2.7389039478e+00 -3.9060000000e-01 2.5230635648e-01
     vertex 2.7313149416e+00 -3.9060000000e-01 2.5122104752e-01
     vertex 2.7283156923e+00 -2.6040000000e-01 2.5084126798e-01
   endloop
 endfacet
 facet normal  1.3785904468e-01 2.8663831151e-04 -9.9045181692e-01
   outer loop
     vertex 2.7283156923e+00 -2.6040000000e-01 2.5084126798e-01
     vertex 2.7313149416e+00 -3.9060000000e-01 2.5122104752e-01
     vertex 2.7155206409e+00 -2.6040000000e-01 2.4906034989e-01
   endloop
 endfacet
 facet normal  1.3785904468e-01 2.8663831151e-04 -9.9045181692e-01
   outer loop
     vertex 2.7313149416e+00 -3.9060000000e-01 2.5122104752e-01
     vertex 2.7206297126e+00 -3.9060000000e-01 2.4973379146e-01
     vertex 2.7155206409e+00 -2.6040000000e-01 2.4906034989e-01
   endloop
 endfacet
 facet normal  1.3292181050e-01 8.9410522587e-05 -9.9112652285e-01
   outer loop
     vertex 2.7155206409e+00 -2.6040000000e-01 2.4906034989e-01
     vertex 2.7206297126e+00 -3.9060000000e-01 2.4973379146e-01
     vertex 2.6980233950e+00 -2.6040000000e-01 2.4671376189e-01
   endloop
 endfacet
 facet normal  1.3292181050e-01 8.9410522586e-05 -9.9112652285e-01
   outer loop
     vertex 2.7206297126e+00 -3.9060000000e-01 2.4973379146e-01
     vertex 2.7060176508e+00 -3.9060000000e-01 2.4777414084e-01
     vertex 2.6980233950e+00 -2.6040000000e-01 2.4671376189e-01
   endloop
 endfacet
 facet normal  1.2650301523e-01 -3.1154062576e-04 -9.9196617386e-01
   outer loop
     vertex 2.6980233950e+00 -2.6040000000e-01 2.4671376189e-01
     vertex 2.7060176508e+00 -3.9060000000e-01 2.4777414084e-01
     vertex 2.6750272690e+00 -2.6040000000e-01 2.4378112228e-01
   endloop
 endfacet
 facet normal  1.2650301523e-01 -3.1154062576e-04 -9.9196617386e-01
   outer loop
     vertex 2.7060176508e+00 -3.9060000000e-01 2.4777414084e-01
     vertex 2.6868134392e+00 -3.9060000000e-01 2.4532507479e-01
     vertex 2.6750272690e+00 -2.6040000000e-01 2.4378112228e-01
   endloop
 endfacet
 facet normal  1.1813258256e-01 -1.0814888967e-03 -9.9299724235e-01
   outer loop
     vertex 2.6750272690e+00 -2.6040000000e-01 2.4378112228e-01
     vertex 2.6868134392e+00 -3.9060000000e-01 2.4532507479e-01
     vertex 2.6463309565e+00 -2.6040000000e-01 2.4036724623e-01
   endloop
 endfacet
 facet normal  1.1813258256e-01 -1.0814888967e-03 -9.9299724235e-01
   outer loop
     vertex 2.6868134392e+00 -3.9060000000e-01 2.4532507479e-01
     vertex 2.6628489654e+00 -3.9060000000e-01 2.4247412511e-01
     vertex 2.6463309565e+00 -2.6040000000e-01 2.4036724623e-01
   endloop
 endfacet
 facet normal  1.0700532866e-01 -2.5135210889e-03 -9.9425526996e-01
   outer loop
     vertex 2.6463309565e+00 -2.6040000000e-01 2.4036724623e-01
     vertex 2.6628489654e+00 -3.9060000000e-01 2.4247412511e-01
     vertex 2.6127492659e+00 -2.6040000000e-01 2.3675306389e-01
   endloop
 endfacet
 facet normal  1.0700532866e-01 -2.5135210889e-03 -9.9425526996e-01
   outer loop
     vertex 2.6628489654e+00 -3.9060000000e-01 2.4247412511e-01
     vertex 2.6348046813e+00 -3.9060000000e-01 2.3945589836e-01
     vertex 2.6127492659e+00 -2.6040000000e-01 2.3675306389e-01
   endloop
 endfacet
 facet normal  9.1698385157e-02 -5.1379812830e-03 -9.9577357231e-01
   outer loop
     vertex 2.6127492659e+00 -2.6040000000e-01 2.3675306389e-01
     vertex 2.6348046813e+00 -3.9060000000e-01 2.3945589836e-01
     vertex 2.5762781238e+00 -2.6040000000e-01 2.3339452443e-01
   endloop
 endfacet
 facet normal  9.1698385157e-02 -5.1379812830e-03 -9.9577357231e-01
   outer loop
     vertex 2.6348046813e+00 -3.9060000000e-01 2.3945589836e-01
     vertex 2.6043473977e+00 -3.9060000000e-01 2.3665116062e-01
     vertex 2.5762781238e+00 -2.6040000000e-01 2.3339452443e-01
   endloop
 endfacet
 facet normal  7.0294143337e-02 -9.7950698305e-03 -9.9747821531e-01
   outer loop
     vertex 2.5762781238e+00 -2.6040000000e-01 2.3339452443e-01
     vertex 2.6043473977e+00 -3.9060000000e-01 2.3665116062e-01
     vertex 2.5738372638e+00 -3.9060000000e-01 2.3450105480e-01
   endloop
 endfacet
 facet normal  7.0294143337e-02 -9.7950698305e-03 -9.9747821531e-01
   outer loop
     vertex 2.5762781238e+00 -2.6040000000e-01 2.3339452443e-01
     vertex 2.5738372638e+00 -3.9060000000e-01 2.3450105480e-01
     vertex 2.5397436959e+00 -2.6040000000e-01 2.3081987541e-01
   endloop
 endfacet
 facet normal  4.0980762130e-02 -1.7514143227e-02 -9.9900642236e-01
   outer loop
     vertex 2.5397436959e+00 -2.6040000000e-01 2.3081987541e-01
     vertex 2.5738372638e+00 -3.9060000000e-01 2.3450105480e-01
     vertex 2.5456558230e+00 -3.9060000000e-01 2.3334500925e-01
   endloop
 endfacet
 facet normal  4.0980762130e-02 -1.7514143227e-02 -9.9900642236e-01
   outer loop
     vertex 2.5397436959e+00 -2.6040000000e-01 2.3081987541e-01
     vertex 2.5456558230e+00 -3.9060000000e-01 2.3334500925e-01
     vertex 2.5059977669e+00 -2.6040000000e-01 2.2943556610e-01
   endloop
 endfacet
 facet normal  2.4847542437e-03 -2.9256659349e-02 -9.9956884399e-01
   outer loop
     vertex 2.5059977669e+00 -2.6040000000e-01 2.2943556610e-01
     vertex 2.5456558230e+00 -3.9060000000e-01 2.3334500925e-01
     vertex 2.5215241446e+00 -3.9060000000e-01 2.3328502210e-01
   endloop
 endfacet
 facet normal  2.4847542437e-03 -2.9256659349e-02 -9.9956884399e-01
   outer loop
     vertex 2.5059977669e+00 -2.6040000000e-01 2.2943556610e-01
     vertex 2.5215241446e+00 -3.9060000000e-01 2.3328502210e-01
     vertex 2.4771012347e+00 -2.6040000000e-01 2.2936373435e-01
   endloop
 endfacet
 facet normal  -4.6820757967e-02 -4.6027198247e-02 -9.9784232905e-01
   outer loop
     vertex 2.4771012347e+00 -2.6040000000e-01 2.2936373435e-01
     vertex 2.5215241446e+00 -3.9060000000e-01 2.3328502210e-01
     vertex 2.5021880727e+00 -3.9060000000e-01 2.3419230927e-01
   endloop
 endfacet
 facet normal  -4.6820757967e-02 -4.6027198247e-02 -9.9784232905e-01
   outer loop
     vertex 2.4771012347e+00 -2.6040000000e-01 2.2936373435e-01
     vertex 2.5021880727e+00 -3.9060000000e-01 2.3419230927e-01
     vertex 2.4539472123e+00 -2.6040000000e-01 2.3045016739e-01
   endloop
 endfacet
 facet normal  -1.1108655657e-01 -6.9652431860e-02 -9.9136689257e-01
   outer loop
     vertex 2.4539472123e+00 -2.6040000000e-01 2.3045016739e-01
     vertex 2.5021880727e+00 -3.9060000000e-01 2.3419230927e-01
     vertex 2.4875402353e+00 -3.9060000000e-01 2.3583365702e-01
   endloop
 endfacet
 facet normal  -1.1108655657e-01 -6.9652431860e-02 -9.9136689257e-01
   outer loop
     vertex 2.4539472123e+00 -2.6040000000e-01 2.3045016739e-01
     vertex 2.4875402353e+00 -3.9060000000e-01 2.3583365702e-01
     vertex 2.4364071267e+00 -2.6040000000e-01 2.3241560292e-01
   endloop
 endfacet
 facet normal  -2.0295663422e-01 -1.0526363121e-01 -9.7351331402e-01
   outer loop
     vertex 2.4364071267e+00 -2.6040000000e-01 2.3241560292e-01
     vertex 2.4875402353e+00 -3.9060000000e-01 2.3583365702e-01
     vertex 2.4769851101e+00 -3.9060000000e-01 2.3803417409e-01
   endloop
 endfacet
 facet normal  -2.0295663422e-01 -1.0526363121e-01 -9.7351331402e-01
   outer loop
     vertex 2.4364071267e+00 -2.6040000000e-01 2.3241560292e-01
     vertex 2.4769851101e+00 -3.9060000000e-01 2.3803417409e-01
     vertex 2.4237678686e+00 -2.6040000000e-01 2.3505061700e-01
   endloop
 endfacet
 facet normal  -3.6413627092e-01 -1.6981926558e-01 -9.1573259920e-01
   outer loop
     vertex 2.4237678686e+00 -2.6040000000e-01 2.3505061700e-01
     vertex 2.4769851101e+00 -3.9060000000e-01 2.3803417409e-01
     vertex 2.4698809738e+00 -3.9060000000e-01 2.4085909671e-01
   endloop
 endfacet
 facet normal  -3.6413627092e-01 -1.6981926558e-01 -9.1573259920e-01
   outer loop
     vertex 2.4237678686e+00 -2.6040000000e-01 2.3505061700e-01
     vertex 2.4698809738e+00 -3.9060000000e-01 2.4085909671e-01
     vertex 2.4152610047e+00 -2.6040000000e-01 2.3843332687e-01
   endloop
 endfacet
 facet normal  -7.4526368671e-01 -3.2350675202e-01 -5.8303123301e-01
   outer loop
     vertex 2.4152610047e+00 -2.6040000000e-01 2.3843332687e-01
     vertex 2.4698809738e+00 -3.9060000000e-01 2.4085909671e-01
     vertex 2.4667277440e+00 -3.9060000000e-01 2.4488973434e-01
   endloop
 endfacet
 facet normal  -7.4526368671e-01 -3.2350675202e-01 -5.8303123301e-01
   outer loop
     vertex 2.4152610047e+00 -2.6040000000e-01 2.3843332687e-01
     vertex 2.4667277440e+00 -3.9060000000e-01 2.4488973434e-01
     vertex 2.4114851627e+00 -2.6040000000e-01 2.4325982289e-01
   endloop
 endfacet
 facet normal  -7.7834158531e-01 -3.2350675202e-01 5.3807783634e-01
   outer loop
     vertex 2.4114851627e+00 -2.6040000000e-01 2.4325982289e-01
     vertex 2.4667277440e+00 -3.9060000000e-01 2.4488973434e-01
     vertex 2.4149698763e+00 -2.6040000000e-01 2.4830053886e-01
   endloop
 endfacet
 facet normal  -7.7834158531e-01 -3.2350675202e-01 5.3807783634e-01
   outer loop
     vertex 2.4667277440e+00 -3.9060000000e-01 2.4488973434e-01
     vertex 2.4696378506e+00 -3.9060000000e-01 2.4909926841e-01
     vertex 2.4149698763e+00 -2.6040000000e-01 2.4830053886e-01
   endloop
 endfacet
 facet normal  -4.1749253255e-01 -1.6981926558e-01 8.9267093730e-01
   outer loop
     vertex 2.4149698763e+00 -2.6040000000e-01 2.4830053886e-01
     vertex 2.4696378506e+00 -3.9060000000e-01 2.4909926841e-01
     vertex 2.4232625048e+00 -2.6040000000e-01 2.5217891140e-01
   endloop
 endfacet
 facet normal  -4.1749253255e-01 -1.6981926558e-01 8.9267093730e-01
   outer loop
     vertex 2.4696378506e+00 -3.9060000000e-01 2.4909926841e-01
     vertex 2.4765630776e+00 -3.9060000000e-01 2.5233812208e-01
     vertex 2.4232625048e+00 -2.6040000000e-01 2.5217891140e-01
   endloop
 endfacet
 facet normal  -2.5999990352e-01 -1.0526363121e-01 9.5985395666e-01
   outer loop
     vertex 2.4232625048e+00 -2.6040000000e-01 2.5217891140e-01
     vertex 2.4765630776e+00 -3.9060000000e-01 2.5233812208e-01
     vertex 2.4357244216e+00 -2.6040000000e-01 2.5555452614e-01
   endloop
 endfacet
 facet normal  -2.5999990352e-01 -1.0526363121e-01 9.5985395666e-01
   outer loop
     vertex 2.4765630776e+00 -3.9060000000e-01 2.5233812208e-01
     vertex 2.4869701038e+00 -3.9060000000e-01 2.5515711950e-01
     vertex 2.4357244216e+00 -2.6040000000e-01 2.5555452614e-01
   endloop
 endfacet
 facet normal  -1.6934224654e-01 -6.9652431860e-02 9.8309294691e-01
   outer loop
     vertex 2.4357244216e+00 -2.6040000000e-01 2.5555452614e-01
     vertex 2.4869701038e+00 -3.9060000000e-01 2.5515711950e-01
     vertex 2.4531181176e+00 -2.6040000000e-01 2.5855066966e-01
   endloop
 endfacet
 facet normal  -1.6934224654e-01 -6.9652431860e-02 9.8309294691e-01
   outer loop
     vertex 2.4869701038e+00 -3.9060000000e-01 2.5515711950e-01
     vertex 2.5014956904e+00 -3.9060000000e-01 2.5765921807e-01
     vertex 2.4531181176e+00 -2.6040000000e-01 2.5855066966e-01
   endloop
 endfacet
 facet normal  -1.0557001855e-01 -4.6027198247e-02 9.9334609689e-01
   outer loop
     vertex 2.4531181176e+00 -2.6040000000e-01 2.5855066966e-01
     vertex 2.5014956904e+00 -3.9060000000e-01 2.5765921807e-01
     vertex 2.4761678090e+00 -2.6040000000e-01 2.6100032578e-01
   endloop
 endfacet
 facet normal  -1.0557001855e-01 -4.6027198247e-02 9.9334609689e-01
   outer loop
     vertex 2.5014956904e+00 -3.9060000000e-01 2.5765921807e-01
     vertex 2.5207446348e+00 -3.9060000000e-01 2.5970494154e-01
     vertex 2.4761678090e+00 -2.6040000000e-01 2.6100032578e-01
   endloop
 endfacet
 facet normal  -5.6452066538e-02 -2.9256659349e-02 9.9797655888e-01
   outer loop
     vertex 2.4761678090e+00 -2.6040000000e-01 2.6100032578e-01
     vertex 2.5207446348e+00 -3.9060000000e-01 2.5970494154e-01
     vertex 2.5050183098e+00 -2.6040000000e-01 2.6263229837e-01
   endloop
 endfacet
 facet normal  -5.6452066538e-02 -2.9256659349e-02 9.9797655888e-01
   outer loop
     vertex 2.5207446348e+00 -3.9060000000e-01 2.5970494154e-01
     vertex 2.5448378722e+00 -3.9060000000e-01 2.6106781227e-01
     vertex 2.5050183098e+00 -2.6040000000e-01 2.6263229837e-01
   endloop
 endfacet
 facet normal  -1.7989864445e-02 -1.7514143227e-02 9.9968476009e-01
   outer loop
     vertex 2.5050183098e+00 -2.6040000000e-01 2.6263229837e-01
     vertex 2.5448378722e+00 -3.9060000000e-01 2.6106781227e-01
     vertex 2.5387871528e+00 -2.6040000000e-01 2.6323998685e-01
   endloop
 endfacet
 facet normal  -1.7989864445e-02 -1.7514143227e-02 9.9968476009e-01
   outer loop
     vertex 2.5448378722e+00 -3.9060000000e-01 2.6106781227e-01
     vertex 2.5730384486e+00 -3.9060000000e-01 2.6157529679e-01
     vertex 2.5387871528e+00 -2.6040000000e-01 2.6323998685e-01
   endloop
 endfacet
 facet normal  1.1362625132e-02 -9.7950698305e-03 9.9988746735e-01
   outer loop
     vertex 2.5387871528e+00 -2.6040000000e-01 2.6323998685e-01
     vertex 2.5730384486e+00 -3.9060000000e-01 2.6157529679e-01
     vertex 2.5754098238e+00 -2.6040000000e-01 2.6282381033e-01
   endloop
 endfacet
 facet normal  1.1362625132e-02 -9.7950698305e-03 9.9988746735e-01
   outer loop
     vertex 2.5730384486e+00 -3.9060000000e-01 2.6157529679e-01
     vertex 2.6036222749e+00 -3.9060000000e-01 2.6122774513e-01
     vertex 2.5754098238e+00 -2.6040000000e-01 2.6282381033e-01
   endloop
 endfacet
 facet normal  3.2830135812e-02 -5.1379812830e-03 9.9944773917e-01
   outer loop
     vertex 2.5754098238e+00 -2.6040000000e-01 2.6282381033e-01
     vertex 2.6036222749e+00 -3.9060000000e-01 2.6122774513e-01
     vertex 2.6341919386e+00 -3.9060000000e-01 2.6022358436e-01
   endloop
 endfacet
 facet normal  3.2830135812e-02 -5.1379812830e-03 9.9944773917e-01
   outer loop
     vertex 2.5754098238e+00 -2.6040000000e-01 2.6282381033e-01
     vertex 2.6341919386e+00 -3.9060000000e-01 2.6022358436e-01
     vertex 2.6120155357e+00 -2.6040000000e-01 2.6162137578e-01
   endloop
 endfacet
 facet normal  4.8199968360e-02 -2.5135210889e-03 9.9883454349e-01
   outer loop
     vertex 2.6120155357e+00 -2.6040000000e-01 2.6162137578e-01
     vertex 2.6341919386e+00 -3.9060000000e-01 2.6022358436e-01
     vertex 2.6623653872e+00 -3.9060000000e-01 2.5886404054e-01
   endloop
 endfacet
 facet normal  4.8199968360e-02 -2.5135210889e-03 9.9883454349e-01
   outer loop
     vertex 2.6120155357e+00 -2.6040000000e-01 2.6162137578e-01
     vertex 2.6623653872e+00 -3.9060000000e-01 2.5886404054e-01
     vertex 2.6457518946e+00 -2.6040000000e-01 2.5999338700e-01
   endloop
 endfacet
 facet normal  5.9382036744e-02 -1.0814888967e-03 9.9823474398e-01
   outer loop
     vertex 2.6457518946e+00 -2.6040000000e-01 2.5999338700e-01
     vertex 2.6623653872e+00 -3.9060000000e-01 2.5886404054e-01
     vertex 2.6864562600e+00 -3.9060000000e-01 2.5743094566e-01
   endloop
 endfacet
 facet normal  5.9382036744e-02 -1.0814888967e-03 9.9823474398e-01
   outer loop
     vertex 2.6457518946e+00 -2.6040000000e-01 2.5999338700e-01
     vertex 2.6864562600e+00 -3.9060000000e-01 2.5743094566e-01
     vertex 2.6745995640e+00 -2.6040000000e-01 2.5827732435e-01
   endloop
 endfacet
 facet normal  6.7798698438e-02 -3.1154062576e-04 9.9769897235e-01
   outer loop
     vertex 2.6745995640e+00 -2.6040000000e-01 2.5827732435e-01
     vertex 2.6864562600e+00 -3.9060000000e-01 2.5743094566e-01
     vertex 2.7057714572e+00 -3.9060000000e-01 2.5611838018e-01
   endloop
 endfacet
 facet normal  6.7798698438e-02 -3.1154062576e-04 9.9769897235e-01
   outer loop
     vertex 2.6745995640e+00 -2.6040000000e-01 2.5827732435e-01
     vertex 2.7057714572e+00 -3.9060000000e-01 2.5611838018e-01
     vertex 2.6977285899e+00 -2.6040000000e-01 2.5670558989e-01
   endloop
 endfacet
 facet normal  7.4255832088e-02 8.9410522586e-05 9.9723922075e-01
   outer loop
     vertex 2.6977285899e+00 -2.6040000000e-01 2.5670558989e-01
     vertex 2.7057714572e+00 -3.9060000000e-01 2.5611838018e-01
     vertex 2.7204736377e+00 -3.9060000000e-01 2.5502363518e-01
   endloop
 endfacet
 facet normal  7.4255832088e-02 8.9410522586e-05 9.9723922075e-01
   outer loop
     vertex 2.6977285899e+00 -2.6040000000e-01 2.5670558989e-01
     vertex 2.7204736377e+00 -3.9060000000e-01 2.5502363518e-01
     vertex 2.7153337488e+00 -2.6040000000e-01 2.5539468505e-01
   endloop
 endfacet
 facet normal  7.9224257058e-02 2.8663831151e-04 9.9685677754e-01
   outer loop
     vertex 2.7153337488e+00 -2.6040000000e-01 2.5539468505e-01
     vertex 2.7204736377e+00 -3.9060000000e-01 2.5502363518e-01
     vertex 2.7312279650e+00 -3.9060000000e-01 2.5416894511e-01
   endloop
 endfacet
 facet normal  7.9224257058e-02 2.8663831151e-04 9.9685677754e-01
   outer loop
     vertex 2.7153337488e+00 -2.6040000000e-01 2.5539468505e-01
     vertex 2.7312279650e+00 -3.9060000000e-01 2.5416894511e-01
     vertex 2.7282115420e+00 -2.6040000000e-01 2.5437123452e-01
   endloop
 endfacet
 facet normal  8.2959930750e-02 3.7365721265e-04 9.9655281359e-01
   outer loop
     vertex 2.7282115420e+00 -2.6040000000e-01 2.5437123452e-01
     vertex 2.7312279650e+00 -3.9060000000e-01 2.5416894511e-01
     vertex 2.7388677575e+00 -3.9060000000e-01 2.5353295609e-01
   endloop
 endfacet
 facet normal  8.2959930750e-02 3.7365721265e-04 9.9655281359e-01
   outer loop
     vertex 2.7282115420e+00 -2.6040000000e-01 2.5437123452e-01
     vertex 2.7388677575e+00 -3.9060000000e-01 2.5353295609e-01
     vertex 2.7373598285e+00 -2.6040000000e-01 2.5360966805e-01
   endloop
 endfacet
 facet normal  8.5664752247e-02 4.0511832182e-04 9.9632393633e-01
   outer loop
     vertex 2.7373598285e+00 -2.6040000000e-01 2.5360966805e-01
     vertex 2.7388677575e+00 -3.9060000000e-01 2.5353295609e-01
     vertex 2.7441830047e+00 -3.9060000000e-01 2.5307594675e-01
   endloop
 endfacet
 facet normal  8.5664752247e-02 4.0511832182e-04 9.9632393633e-01
   outer loop
     vertex 2.7373598285e+00 -2.6040000000e-01 2.5360966805e-01
     vertex 2.7441830047e+00 -3.9060000000e-01 2.5307594675e-01
     vertex 2.7437245832e+00 -2.6040000000e-01 2.5306242120e-01
   endloop
 endfacet
 facet normal  1.4425692122e-01 4.0511832182e-04 -9.8954018441e-01
   outer loop
     vertex 2.7441830047e+00 -3.9060000000e-01 2.5307594675e-01
     vertex 2.7446414263e+00 -5.2080000000e-01 2.5308947231e-01
     vertex 2.7389039478e+00 -3.9060000000e-01 2.5230635648e-01
   endloop
 endfacet
 facet normal  1.4425692122e-01 4.0511832182e-04 -9.8954018441e-01
   outer loop
     vertex 2.7446414263e+00 -5.2080000000e-01 2.5308947231e-01
     vertex 2.7404047310e+00 -5.2080000000e-01 2.5247183935e-01
     vertex 2.7389039478e+00 -3.9060000000e-01 2.5230635648e-01
   endloop
 endfacet
 facet normal  1.4157029897e-01 3.7365721265e-04 -9.8992813417e-01
   outer loop
     vertex 2.7389039478e+00 -3.9060000000e-01 2.5230635648e-01
     vertex 2.7404047310e+00 -5.2080000000e-01 2.5247183935e-01
     vertex 2.7313149416e+00 -3.9060000000e-01 2.5122104752e-01
   endloop
 endfacet
 facet normal  1.4157029897e-01 3.7365721265e-04 -9.8992813417e-01
   outer loop
     vertex 2.7404047310e+00 -5.2080000000e-01 2.5247183935e-01
     vertex 2.7343141910e+00 -5.2080000000e-01 2.5160082706e-01
     vertex 2.7313149416e+00 -3.9060000000e-01 2.5122104752e-01
   endloop
 endfacet
 facet normal  1.3785904468e-01 2.8663831151e-04 -9.9045181692e-01
   outer loop
     vertex 2.7313149416e+00 -3.9060000000e-01 2.5122104752e-01
     vertex 2.7343141910e+00 -5.2080000000e-01 2.5160082706e-01
     vertex 2.7206297126e+00 -3.9060000000e-01 2.4973379146e-01
   endloop
 endfacet
 facet normal  1.3785904468e-01 2.8663831151e-04 -9.9045181692e-01
   outer loop
     vertex 2.7343141910e+00 -5.2080000000e-01 2.5160082706e-01
     vertex 2.7257387842e+00 -5.2080000000e-01 2.5040723303e-01
     vertex 2.7206297126e+00 -3.9060000000e-01 2.4973379146e-01
   endloop
 endfacet
 facet normal  1.3292181050e-01 8.9410522585e-05 -9.9112652285e-01
   outer loop
     vertex 2.7206297126e+00 -3.9060000000e-01 2.4973379146e-01
     vertex 2.7257387842e+00 -5.2080000000e-01 2.5040723303e-01
     vertex 2.7060176508e+00 -3.9060000000e-01 2.4777414084e-01
   endloop
 endfacet
 facet normal  1.3292181050e-01 8.9410522587e-05 -9.9112652285e-01
   outer loop
     vertex 2.7257387842e+00 -5.2080000000e-01 2.5040723303e-01
     vertex 2.7140119066e+00 -5.2080000000e-01 2.4883451979e-01
     vertex 2.7060176508e+00 -3.9060000000e-01 2.4777414084e-01
   endloop
 endfacet
 facet normal  1.2650301523e-01 -3.1154062576e-04 -9.9196617386e-01
   outer loop
     vertex 2.7060176508e+00 -3.9060000000e-01 2.4777414084e-01
     vertex 2.7140119066e+00 -5.2080000000e-01 2.4883451979e-01
     vertex 2.6868134392e+00 -3.9060000000e-01 2.4532507479e-01
   endloop
 endfacet
 facet normal  1.2650301523e-01 -3.1154062576e-04 -9.9196617386e-01
   outer loop
     vertex 2.7140119066e+00 -5.2080000000e-01 2.4883451979e-01
     vertex 2.6985996094e+00 -5.2080000000e-01 2.4686902729e-01
     vertex 2.6868134392e+00 -3.9060000000e-01 2.4532507479e-01
   endloop
 endfacet
 facet normal  1.1813258256e-01 -1.0814888967e-03 -9.9299724235e-01
   outer loop
     vertex 2.6868134392e+00 -3.9060000000e-01 2.4532507479e-01
     vertex 2.6985996094e+00 -5.2080000000e-01 2.4686902729e-01
     vertex 2.6628489654e+00 -3.9060000000e-01 2.4247412511e-01
   endloop
 endfacet
 facet normal  1.1813258256e-01 -1.0814888967e-03 -9.9299724235e-01
   outer loop
     vertex 2.6985996094e+00 -5.2080000000e-01 2.4686902729e-01
     vertex 2.6793669744e+00 -5.2080000000e-01 2.4458100398e-01
     vertex 2.6628489654e+00 -3.9060000000e-01 2.4247412511e-01
   endloop
 endfacet
 facet normal  1.0700532866e-01 -2.5135210889e-03 -9.9425526996e-01
   outer loop
     vertex 2.6628489654e+00 -3.9060000000e-01 2.4247412511e-01
     vertex 2.6793669744e+00 -5.2080000000e-01 2.4458100398e-01
     vertex 2.6348046813e+00 -3.9060000000e-01 2.3945589836e-01
   endloop
 endfacet
 facet normal  1.0700532866e-01 -2.5135210889e-03 -9.9425526996e-01
   outer loop
     vertex 2.6793669744e+00 -5.2080000000e-01 2.4458100398e-01
     vertex 2.6568600967e+00 -5.2080000000e-01 2.4215873284e-01
     vertex 2.6348046813e+00 -3.9060000000e-01 2.3945589836e-01
   endloop
 endfacet
 facet normal  9.1698385157e-02 -5.1379812830e-03 -9.9577357231e-01
   outer loop
     vertex 2.6348046813e+00 -3.9060000000e-01 2.3945589836e-01
     vertex 2.6568600967e+00 -5.2080000000e-01 2.4215873284e-01
     vertex 2.6043473977e+00 -3.9060000000e-01 2.3665116062e-01
   endloop
 endfacet
 facet normal  9.1698385157e-02 -5.1379812830e-03 -9.9577357231e-01
   outer loop
     vertex 2.6568600967e+00 -5.2080000000e-01 2.4215873284e-01
     vertex 2.6324166716e+00 -5.2080000000e-01 2.3990779682e-01
     vertex 2.6043473977e+00 -3.9060000000e-01 2.3665116062e-01
   endloop
 endfacet
 facet normal  7.0294143337e-02 -9.7950698305e-03 -9.9747821531e-01
   outer loop
     vertex 2.6043473977e+00 -3.9060000000e-01 2.3665116062e-01
     vertex 2.6324166716e+00 -5.2080000000e-01 2.3990779682e-01
     vertex 2.6079308317e+00 -5.2080000000e-01 2.3818223418e-01
   endloop
 endfacet
 facet normal  7.0294143337e-02 -9.7950698305e-03 -9.9747821531e-01
   outer loop
     vertex 2.6043473977e+00 -3.9060000000e-01 2.3665116062e-01
     vertex 2.6079308317e+00 -5.2080000000e-01 2.3818223418e-01
     vertex 2.5738372638e+00 -3.9060000000e-01 2.3450105480e-01
   endloop
 endfacet
 facet normal  4.0980762130e-02 -1.7514143227e-02 -9.9900642236e-01
   outer loop
     vertex 2.5738372638e+00 -3.9060000000e-01 2.3450105480e-01
     vertex 2.6079308317e+00 -5.2080000000e-01 2.3818223418e-01
     vertex 2.5853138792e+00 -5.2080000000e-01 2.3725445240e-01
   endloop
 endfacet
 facet normal  4.0980762130e-02 -1.7514143227e-02 -9.9900642236e-01
   outer loop
     vertex 2.5738372638e+00 -3.9060000000e-01 2.3450105480e-01
     vertex 2.5853138792e+00 -5.2080000000e-01 2.3725445240e-01
     vertex 2.5456558230e+00 -3.9060000000e-01 2.3334500925e-01
   endloop
 endfacet
 facet normal  2.4847542437e-03 -2.9256659349e-02 -9.9956884399e-01
   outer loop
     vertex 2.5456558230e+00 -3.9060000000e-01 2.3334500925e-01
     vertex 2.5853138792e+00 -5.2080000000e-01 2.3725445240e-01
     vertex 2.5659470545e+00 -5.2080000000e-01 2.3720630985e-01
   endloop
 endfacet
 facet normal  2.4847542437e-03 -2.9256659349e-02 -9.9956884399e-01
   outer loop
     vertex 2.5456558230e+00 -3.9060000000e-01 2.3334500925e-01
     vertex 2.5659470545e+00 -5.2080000000e-01 2.3720630985e-01
     vertex 2.5215241446e+00 -3.9060000000e-01 2.3328502210e-01
   endloop
 endfacet
 facet normal  -4.6820757967e-02 -4.6027198247e-02 -9.9784232905e-01
   outer loop
     vertex 2.5215241446e+00 -3.9060000000e-01 2.3328502210e-01
     vertex 2.5659470545e+00 -5.2080000000e-01 2.3720630985e-01
     vertex 2.5504289331e+00 -5.2080000000e-01 2.3793445114e-01
   endloop
 endfacet
 facet normal  -4.6820757967e-02 -4.6027198247e-02 -9.9784232905e-01
   outer loop
     vertex 2.5215241446e+00 -3.9060000000e-01 2.3328502210e-01
     vertex 2.5504289331e+00 -5.2080000000e-01 2.3793445114e-01
     vertex 2.5021880727e+00 -3.9060000000e-01 2.3419230927e-01
   endloop
 endfacet
 facet normal  -1.1108655657e-01 -6.9652431860e-02 -9.9136689257e-01
   outer loop
     vertex 2.5021880727e+00 -3.9060000000e-01 2.3419230927e-01
     vertex 2.5504289331e+00 -5.2080000000e-01 2.3793445114e-01
     vertex 2.5386733438e+00 -5.2080000000e-01 2.3925171112e-01
   endloop
 endfacet
 facet normal  -1.1108655657e-01 -6.9652431860e-02 -9.9136689257e-01
   outer loop
     vertex 2.5021880727e+00 -3.9060000000e-01 2.3419230927e-01
     vertex 2.5386733438e+00 -5.2080000000e-01 2.3925171112e-01
     vertex 2.4875402353e+00 -3.9060000000e-01 2.3583365702e-01
   endloop
 endfacet
 facet normal  -2.0295663422e-01 -1.0526363121e-01 -9.7351331402e-01
   outer loop
     vertex 2.4875402353e+00 -3.9060000000e-01 2.3583365702e-01
     vertex 2.5386733438e+00 -5.2080000000e-01 2.3925171112e-01
     vertex 2.5302023517e+00 -5.2080000000e-01 2.4101773119e-01
   endloop
 endfacet
 facet normal  -2.0295663422e-01 -1.0526363121e-01 -9.7351331402e-01
   outer loop
     vertex 2.4875402353e+00 -3.9060000000e-01 2.3583365702e-01
     vertex 2.5302023517e+00 -5.2080000000e-01 2.4101773119e-01
     vertex 2.4769851101e+00 -3.9060000000e-01 2.3803417409e-01
   endloop
 endfacet
 facet normal  -3.6413627092e-01 -1.6981926558e-01 -9.1573259920e-01
   outer loop
     vertex 2.4769851101e+00 -3.9060000000e-01 2.3803417409e-01
     vertex 2.5302023517e+00 -5.2080000000e-01 2.4101773119e-01
     vertex 2.5245009429e+00 -5.2080000000e-01 2.4328486654e-01
   endloop
 endfacet
 facet normal  -3.6413627092e-01 -1.6981926558e-01 -9.1573259920e-01
   outer loop
     vertex 2.4769851101e+00 -3.9060000000e-01 2.3803417409e-01
     vertex 2.5245009429e+00 -5.2080000000e-01 2.4328486654e-01
     vertex 2.4698809738e+00 -3.9060000000e-01 2.4085909671e-01
   endloop
 endfacet
 facet normal  -7.4526368671e-01 -3.2350675202e-01 -5.8303123301e-01
   outer loop
     vertex 2.4698809738e+00 -3.9060000000e-01 2.4085909671e-01
     vertex 2.5245009429e+00 -5.2080000000e-01 2.4328486654e-01
     vertex 2.5219703254e+00 -5.2080000000e-01 2.4651964578e-01
   endloop
 endfacet
 facet normal  -7.4526368671e-01 -3.2350675202e-01 -5.8303123301e-01
   outer loop
     vertex 2.4698809738e+00 -3.9060000000e-01 2.4085909671e-01
     vertex 2.5219703254e+00 -5.2080000000e-01 2.4651964578e-01
     vertex 2.4667277440e+00 -3.9060000000e-01 2.4488973434e-01
   endloop
 endfacet
 facet normal  -7.7834158531e-01 -3.2350675202e-01 5.3807783634e-01
   outer loop
     vertex 2.4667277440e+00 -3.9060000000e-01 2.4488973434e-01
     vertex 2.5219703254e+00 -5.2080000000e-01 2.4651964578e-01
     vertex 2.4696378506e+00 -3.9060000000e-01 2.4909926841e-01
   endloop
 endfacet
 facet normal  -7.7834158531e-01 -3.2350675202e-01 5.3807783634e-01
   outer loop
     vertex 2.5219703254e+00 -5.2080000000e-01 2.4651964578e-01
     vertex 2.5243058249e+00 -5.2080000000e-01 2.4989799797e-01
     vertex 2.4696378506e+00 -3.9060000000e-01 2.4909926841e-01
   endloop
 endfacet
 facet normal  -4.1749253255e-01 -1.6981926558e-01 8.9267093730e-01
   outer loop
     vertex 2.4696378506e+00 -3.9060000000e-01 2.4909926841e-01
     vertex 2.5243058249e+00 -5.2080000000e-01 2.4989799797e-01
     vertex 2.4765630776e+00 -3.9060000000e-01 2.5233812208e-01
   endloop
 endfacet
 facet normal  -4.1749253255e-01 -1.6981926558e-01 8.9267093730e-01
   outer loop
     vertex 2.5243058249e+00 -5.2080000000e-01 2.4989799797e-01
     vertex 2.5298636504e+00 -5.2080000000e-01 2.5249733276e-01
     vertex 2.4765630776e+00 -3.9060000000e-01 2.5233812208e-01
   endloop
 endfacet
 facet normal  -2.5999990352e-01 -1.0526363121e-01 9.5985395666e-01
   outer loop
     vertex 2.4765630776e+00 -3.9060000000e-01 2.5233812208e-01
     vertex 2.5298636504e+00 -5.2080000000e-01 2.5249733276e-01
     vertex 2.4869701038e+00 -3.9060000000e-01 2.5515711950e-01
   endloop
 endfacet
 facet normal  -2.5999990352e-01 -1.0526363121e-01 9.5985395666e-01
   outer loop
     vertex 2.5298636504e+00 -5.2080000000e-01 2.5249733276e-01
     vertex 2.5382157861e+00 -5.2080000000e-01 2.5475971285e-01
     vertex 2.4869701038e+00 -3.9060000000e-01 2.5515711950e-01
   endloop
 endfacet
 facet normal  -1.6934224654e-01 -6.9652431860e-02 9.8309294691e-01
   outer loop
     vertex 2.4869701038e+00 -3.9060000000e-01 2.5515711950e-01
     vertex 2.5382157861e+00 -5.2080000000e-01 2.5475971285e-01
     vertex 2.5014956904e+00 -3.9060000000e-01 2.5765921807e-01
   endloop
 endfacet
 facet normal  -1.6934224654e-01 -6.9652431860e-02 9.8309294691e-01
   outer loop
     vertex 2.5382157861e+00 -5.2080000000e-01 2.5475971285e-01
     vertex 2.5498732632e+00 -5.2080000000e-01 2.5676776649e-01
     vertex 2.5014956904e+00 -3.9060000000e-01 2.5765921807e-01
   endloop
 endfacet
 facet normal  -1.0557001855e-01 -4.6027198247e-02 9.9334609689e-01
   outer loop
     vertex 2.5014956904e+00 -3.9060000000e-01 2.5765921807e-01
     vertex 2.5498732632e+00 -5.2080000000e-01 2.5676776649e-01
     vertex 2.5207446348e+00 -3.9060000000e-01 2.5970494154e-01
   endloop
 endfacet
 facet normal  -1.0557001855e-01 -4.6027198247e-02 9.9334609689e-01
   outer loop
     vertex 2.5498732632e+00 -5.2080000000e-01 2.5676776649e-01
     vertex 2.5653214607e+00 -5.2080000000e-01 2.5840955729e-01
     vertex 2.5207446348e+00 -3.9060000000e-01 2.5970494154e-01
   endloop
 endfacet
 facet normal  -5.6452066538e-02 -2.9256659349e-02 9.9797655888e-01
   outer loop
     vertex 2.5207446348e+00 -3.9060000000e-01 2.5970494154e-01
     vertex 2.5653214607e+00 -5.2080000000e-01 2.5840955729e-01
     vertex 2.5448378722e+00 -3.9060000000e-01 2.6106781227e-01
   endloop
 endfacet
 facet normal  -5.6452066538e-02 -2.9256659349e-02 9.9797655888e-01
   outer loop
     vertex 2.5653214607e+00 -5.2080000000e-01 2.5840955729e-01
     vertex 2.5846574346e+00 -5.2080000000e-01 2.5950332616e-01
     vertex 2.5448378722e+00 -3.9060000000e-01 2.6106781227e-01
   endloop
 endfacet
 facet normal  -1.7989864445e-02 -1.7514143227e-02 9.9968476009e-01
   outer loop
     vertex 2.5448378722e+00 -3.9060000000e-01 2.6106781227e-01
     vertex 2.5846574346e+00 -5.2080000000e-01 2.5950332616e-01
     vertex 2.5730384486e+00 -3.9060000000e-01 2.6157529679e-01
   endloop
 endfacet
 facet normal  -1.7989864445e-02 -1.7514143227e-02 9.9968476009e-01
   outer loop
     vertex 2.5846574346e+00 -5.2080000000e-01 2.5950332616e-01
     vertex 2.6072897443e+00 -5.2080000000e-01 2.5991060673e-01
     vertex 2.5730384486e+00 -3.9060000000e-01 2.6157529679e-01
   endloop
 endfacet
 facet normal  1.1362625132e-02 -9.7950698305e-03 9.9988746735e-01
   outer loop
     vertex 2.5730384486e+00 -3.9060000000e-01 2.6157529679e-01
     vertex 2.6072897443e+00 -5.2080000000e-01 2.5991060673e-01
     vertex 2.6036222749e+00 -3.9060000000e-01 2.6122774513e-01
   endloop
 endfacet
 facet normal  1.1362625132e-02 -9.7950698305e-03 9.9988746735e-01
   outer loop
     vertex 2.6072897443e+00 -5.2080000000e-01 2.5991060673e-01
     vertex 2.6318347259e+00 -5.2080000000e-01 2.5963167992e-01
     vertex 2.6036222749e+00 -3.9060000000e-01 2.6122774513e-01
   endloop
 endfacet
 facet normal  3.2830135812e-02 -5.1379812830e-03 9.9944773917e-01
   outer loop
     vertex 2.6036222749e+00 -3.9060000000e-01 2.6122774513e-01
     vertex 2.6318347259e+00 -5.2080000000e-01 2.5963167992e-01
     vertex 2.6563683414e+00 -5.2080000000e-01 2.5882579293e-01
   endloop
 endfacet
 facet normal  3.2830135812e-02 -5.1379812830e-03 9.9944773917e-01
   outer loop
     vertex 2.6036222749e+00 -3.9060000000e-01 2.6122774513e-01
     vertex 2.6563683414e+00 -5.2080000000e-01 2.5882579293e-01
     vertex 2.6341919386e+00 -3.9060000000e-01 2.6022358436e-01
   endloop
 endfacet
 facet normal  4.8199968360e-02 -2.5135210889e-03 9.9883454349e-01
   outer loop
     vertex 2.6341919386e+00 -3.9060000000e-01 2.6022358436e-01
     vertex 2.6563683414e+00 -5.2080000000e-01 2.5882579293e-01
     vertex 2.6789788797e+00 -5.2080000000e-01 2.5773469407e-01
   endloop
 endfacet
 facet normal  4.8199968360e-02 -2.5135210889e-03 9.9883454349e-01
   outer loop
     vertex 2.6341919386e+00 -3.9060000000e-01 2.6022358436e-01
     vertex 2.6789788797e+00 -5.2080000000e-01 2.5773469407e-01
     vertex 2.6623653872e+00 -3.9060000000e-01 2.5886404054e-01
   endloop
 endfacet
 facet normal  5.9382036744e-02 -1.0814888967e-03 9.9823474398e-01
   outer loop
     vertex 2.6623653872e+00 -3.9060000000e-01 2.5886404054e-01
     vertex 2.6789788797e+00 -5.2080000000e-01 2.5773469407e-01
     vertex 2.6983129560e+00 -5.2080000000e-01 2.5658456697e-01
   endloop
 endfacet
 facet normal  5.9382036744e-02 -1.0814888967e-03 9.9823474398e-01
   outer loop
     vertex 2.6623653872e+00 -3.9060000000e-01 2.5886404054e-01
     vertex 2.6983129560e+00 -5.2080000000e-01 2.5658456697e-01
     vertex 2.6864562600e+00 -3.9060000000e-01 2.5743094566e-01
   endloop
 endfacet
 facet normal  6.7798698438e-02 -3.1154062576e-04 9.9769897235e-01
   outer loop
     vertex 2.6864562600e+00 -3.9060000000e-01 2.5743094566e-01
     vertex 2.6983129560e+00 -5.2080000000e-01 2.5658456697e-01
     vertex 2.7138143245e+00 -5.2080000000e-01 2.5553117047e-01
   endloop
 endfacet
 facet normal  6.7798698438e-02 -3.1154062576e-04 9.9769897235e-01
   outer loop
     vertex 2.6864562600e+00 -3.9060000000e-01 2.5743094566e-01
     vertex 2.7138143245e+00 -5.2080000000e-01 2.5553117047e-01
     vertex 2.7057714572e+00 -3.9060000000e-01 2.5611838018e-01
   endloop
 endfacet
 facet normal  7.4255832088e-02 8.9410522586e-05 9.9723922075e-01
   outer loop
     vertex 2.7057714572e+00 -3.9060000000e-01 2.5611838018e-01
     vertex 2.7138143245e+00 -5.2080000000e-01 2.5553117047e-01
     vertex 2.7256135267e+00 -5.2080000000e-01 2.5465258532e-01
   endloop
 endfacet
 facet normal  7.4255832088e-02 8.9410522586e-05 9.9723922075e-01
   outer loop
     vertex 2.7057714572e+00 -3.9060000000e-01 2.5611838018e-01
     vertex 2.7256135267e+00 -5.2080000000e-01 2.5465258532e-01
     vertex 2.7204736377e+00 -3.9060000000e-01 2.5502363518e-01
   endloop
 endfacet
 facet normal  7.9224257058e-02 2.8663831151e-04 9.9685677754e-01
   outer loop
     vertex 2.7204736377e+00 -3.9060000000e-01 2.5502363518e-01
     vertex 2.7256135267e+00 -5.2080000000e-01 2.5465258532e-01
     vertex 2.7342443881e+00 -5.2080000000e-01 2.5396665571e-01
   endloop
 endfacet
 facet normal  7.9224257058e-02 2.8663831151e-04 9.9685677754e-01
   outer loop
     vertex 2.7204736377e+00 -3.9060000000e-01 2.5502363518e-01
     vertex 2.7342443881e+00 -5.2080000000e-01 2.5396665571e-01
     vertex 2.7312279650e+00 -3.9060000000e-01 2.5416894511e-01
   endloop
 endfacet
 facet normal  8.2959930750e-02 3.7365721265e-04 9.9655281359e-01
   outer loop
     vertex 2.7312279650e+00 -3.9060000000e-01 2.5416894511e-01
     vertex 2.7342443881e+00 -5.2080000000e-01 2.5396665571e-01
     vertex 2.7403756865e+00 -5.2080000000e-01 2.5345624413e-01
   endloop
 endfacet
 facet normal  8.2959930750e-02 3.7365721265e-04 9.9655281359e-01
   outer loop
     vertex 2.7312279650e+00 -3.9060000000e-01 2.5416894511e-01
     vertex 2.7403756865e+00 -5.2080000000e-01 2.5345624413e-01
     vertex 2.7388677575e+00 -3.9060000000e-01 2.5353295609e-01
   endloop
 endfacet
 facet normal  8.5664752247e-02 4.0511832182e-04 9.9632393633e-01
   outer loop
     vertex 2.7388677575e+00 -3.9060000000e-01 2.5353295609e-01
     vertex 2.7403756865e+00 -5.2080000000e-01 2.5345624413e-01
     vertex 2.7446414263e+00 -5.2080000000e-01 2.5308947231e-01
   endloop
 endfacet
 facet normal  8.5664752247e-02 4.0511832182e-04 9.9632393633e-01
   outer loop
     vertex 2.7388677575e+00 -3.9060000000e-01 2.5353295609e-01
     vertex 2.7446414263e+00 -5.2080000000e-01 2.5308947231e-01
     vertex 2.7441830047e+00 -3.9060000000e-01 2.5307594675e-01
   endloop
 endfacet
 facet normal  1.4425692122e-01 4.0511832182e-04 -9.8954018441e-01
   outer loop
     vertex 2.7446414263e+00 -5.2080000000e-01 2.5308947231e-01
     vertex 2.7450998479e+00 -6.5100000000e-01 2.5310299786e-01
     vertex 2.7404047310e+00 -5.2080000000e-01 2.5247183935e-01
   endloop
 endfacet
 facet normal  1.4425692122e-01 4.0511832182e-04 -9.8954018441e-01
   outer loop
     vertex 2.7450998479e+00 -6.5100000000e-01 2.5310299786e-01
     vertex 2.7419055141e+00 -6.5100000000e-01 2.5263732222e-01
     vertex 2.7404047310e+00 -5.2080000000e-01 2.5247183935e-01
   endloop
 endfacet
 facet normal  1.4157029897e-01 3.7365721265e-04 -9.8992813417e-01
   outer loop
     vertex 2.7404047310e+00 -5.2080000000e-01 2.5247183935e-01
     vertex 2.7419055141e+00 -6.5100000000e-01 2.5263732222e-01
     vertex 2.7343141910e+00 -5.2080000000e-01 2.5160082706e-01
   endloop
 endfacet
 facet normal  1.4157029897e-01 3.7365721265e-04 -9.8992813417e-01
   outer loop
     vertex 2.7419055141e+00 -6.5100000000e-01 2.5263732222e-01
     vertex 2.7373134403e+00 -6.5100000000e-01 2.5198060661e-01
     vertex 2.7343141910e+00 -5.2080000000e-01 2.5160082706e-01
   endloop
 endfacet
 facet normal  1.3785904468e-01 2.8663831151e-04 -9.9045181692e-01
   outer loop
     vertex 2.7343141910e+00 -5.2080000000e-01 2.5160082706e-01
     vertex 2.7373134403e+00 -6.5100000000e-01 2.5198060661e-01
     vertex 2.7257387842e+00 -5.2080000000e-01 2.5040723303e-01
   endloop
 endfacet
 facet normal  1.3785904468e-01 2.8663831151e-04 -9.9045181692e-01
   outer loop
     vertex 2.7373134403e+00 -6.5100000000e-01 2.5198060661e-01
     vertex 2.7308478558e+00 -6.5100000000e-01 2.5108067459e-01
     vertex 2.7257387842e+00 -5.2080000000e-01 2.5040723303e-01
   endloop
 endfacet
 facet normal  1.3292181050e-01 8.9410522587e-05 -9.9112652285e-01
   outer loop
     vertex 2.7257387842e+00 -5.2080000000e-01 2.5040723303e-01
     vertex 2.7308478558e+00 -6.5100000000e-01 2.5108067459e-01
     vertex 2.7140119066e+00 -5.2080000000e-01 2.4883451979e-01
   endloop
 endfacet
 facet normal  1.3292181050e-01 8.9410522587e-05 -9.9112652285e-01
   outer loop
     vertex 2.7308478558e+00 -6.5100000000e-01 2.5108067459e-01
     vertex 2.7220061624e+00 -6.5100000000e-01 2.4989489874e-01
     vertex 2.7140119066e+00 -5.2080000000e-01 2.4883451979e-01
   endloop
 endfacet
 facet normal  1.2650301523e-01 -3.1154062576e-04 -9.9196617386e-01
   outer loop
     vertex 2.7140119066e+00 -5.2080000000e-01 2.4883451979e-01
     vertex 2.7220061624e+00 -6.5100000000e-01 2.4989489874e-01
     vertex 2.6985996094e+00 -5.2080000000e-01 2.4686902729e-01
   endloop
 endfacet
 facet normal  1.2650301523e-01 -3.1154062576e-04 -9.9196617386e-01
   outer loop
     vertex 2.7220061624e+00 -6.5100000000e-01 2.4989489874e-01
     vertex 2.7103857796e+00 -6.5100000000e-01 2.4841297979e-01
     vertex 2.6985996094e+00 -5.2080000000e-01 2.4686902729e-01
   endloop
 endfacet
 facet normal  1.1813258256e-01 -1.0814888967e-03 -9.9299724235e-01
   outer loop
     vertex 2.6985996094e+00 -5.2080000000e-01 2.4686902729e-01
     vertex 2.7103857796e+00 -6.5100000000e-01 2.4841297979e-01
     vertex 2.6793669744e+00 -5.2080000000e-01 2.4458100398e-01
   endloop
 endfacet
 facet normal  1.1813258256e-01 -1.0814888967e-03 -9.9299724235e-01
   outer loop
     vertex 2.7103857796e+00 -6.5100000000e-01 2.4841297979e-01
     vertex 2.6958849833e+00 -6.5100000000e-01 2.4668788285e-01
     vertex 2.6793669744e+00 -5.2080000000e-01 2.4458100398e-01
   endloop
 endfacet
 facet normal  1.0700532866e-01 -2.5135210889e-03 -9.9425526996e-01
   outer loop
     vertex 2.6793669744e+00 -5.2080000000e-01 2.4458100398e-01
     vertex 2.6958849833e+00 -6.5100000000e-01 2.4668788285e-01
     vertex 2.6568600967e+00 -5.2080000000e-01 2.4215873284e-01
   endloop
 endfacet
 facet normal  1.0700532866e-01 -2.5135210889e-03 -9.9425526996e-01
   outer loop
     vertex 2.6958849833e+00 -6.5100000000e-01 2.4668788285e-01
     vertex 2.6789155120e+00 -6.5100000000e-01 2.4486156731e-01
     vertex 2.6568600967e+00 -5.2080000000e-01 2.4215873284e-01
   endloop
 endfacet
 facet normal  9.1698385157e-02 -5.1379812830e-03 -9.9577357231e-01
   outer loop
     vertex 2.6568600967e+00 -5.2080000000e-01 2.4215873284e-01
     vertex 2.6789155120e+00 -6.5100000000e-01 2.4486156731e-01
     vertex 2.6324166716e+00 -5.2080000000e-01 2.3990779682e-01
   endloop
 endfacet
 facet normal  9.1698385157e-02 -5.1379812830e-03 -9.9577357231e-01
   outer loop
     vertex 2.6789155120e+00 -6.5100000000e-01 2.4486156731e-01
     vertex 2.6604859456e+00 -6.5100000000e-01 2.4316443301e-01
     vertex 2.6324166716e+00 -5.2080000000e-01 2.3990779682e-01
   endloop
 endfacet
 facet normal  7.0294143337e-02 -9.7950698305e-03 -9.9747821531e-01
   outer loop
     vertex 2.6324166716e+00 -5.2080000000e-01 2.3990779682e-01
     vertex 2.6604859456e+00 -6.5100000000e-01 2.4316443301e-01
     vertex 2.6420243996e+00 -6.5100000000e-01 2.4186341356e-01
   endloop
 endfacet
 facet normal  7.0294143337e-02 -9.7950698305e-03 -9.9747821531e-01
   outer loop
     vertex 2.6324166716e+00 -5.2080000000e-01 2.3990779682e-01
     vertex 2.6420243996e+00 -6.5100000000e-01 2.4186341356e-01
     vertex 2.6079308317e+00 -5.2080000000e-01 2.3818223418e-01
   endloop
 endfacet
 facet normal  4.0980762130e-02 -1.7514143227e-02 -9.9900642236e-01
   outer loop
     vertex 2.6079308317e+00 -5.2080000000e-01 2.3818223418e-01
     vertex 2.6420243996e+00 -6.5100000000e-01 2.4186341356e-01
     vertex 2.6249719354e+00 -6.5100000000e-01 2.4116389555e-01
   endloop
 endfacet
 facet normal  4.0980762130e-02 -1.7514143227e-02 -9.9900642236e-01
   outer loop
     vertex 2.6079308317e+00 -5.2080000000e-01 2.3818223418e-01
     vertex 2.6249719354e+00 -6.5100000000e-01 2.4116389555e-01
     vertex 2.5853138792e+00 -5.2080000000e-01 2.3725445240e-01
   endloop
 endfacet
 facet normal  2.4847542437e-03 -2.9256659349e-02 -9.9956884399e-01
   outer loop
     vertex 2.5853138792e+00 -5.2080000000e-01 2.3725445240e-01
     vertex 2.6249719354e+00 -6.5100000000e-01 2.4116389555e-01
     vertex 2.6103699644e+00 -6.5100000000e-01 2.4112759760e-01
   endloop
 endfacet
 facet normal  2.4847542437e-03 -2.9256659349e-02 -9.9956884399e-01
   outer loop
     vertex 2.5853138792e+00 -5.2080000000e-01 2.3725445240e-01
     vertex 2.6103699644e+00 -6.5100000000e-01 2.4112759760e-01
     vertex 2.5659470545e+00 -5.2080000000e-01 2.3720630985e-01
   endloop
 endfacet
 facet normal  -4.6820757967e-02 -4.6027198247e-02 -9.9784232905e-01
   outer loop
     vertex 2.5659470545e+00 -5.2080000000e-01 2.3720630985e-01
     vertex 2.6103699644e+00 -6.5100000000e-01 2.4112759760e-01
     vertex 2.5986697935e+00 -6.5100000000e-01 2.4167659302e-01
   endloop
 endfacet
 facet normal  -4.6820757967e-02 -4.6027198247e-02 -9.9784232905e-01
   outer loop
     vertex 2.5659470545e+00 -5.2080000000e-01 2.3720630985e-01
     vertex 2.5986697935e+00 -6.5100000000e-01 2.4167659302e-01
     vertex 2.5504289331e+00 -5.2080000000e-01 2.3793445114e-01
   endloop
 endfacet
 facet normal  -1.1108655657e-01 -6.9652431860e-02 -9.9136689257e-01
   outer loop
     vertex 2.5504289331e+00 -5.2080000000e-01 2.3793445114e-01
     vertex 2.5986697935e+00 -6.5100000000e-01 2.4167659302e-01
     vertex 2.5898064524e+00 -6.5100000000e-01 2.4266976522e-01
   endloop
 endfacet
 facet normal  -1.1108655657e-01 -6.9652431860e-02 -9.9136689257e-01
   outer loop
     vertex 2.5504289331e+00 -5.2080000000e-01 2.3793445114e-01
     vertex 2.5898064524e+00 -6.5100000000e-01 2.4266976522e-01
     vertex 2.5386733438e+00 -5.2080000000e-01 2.3925171112e-01
   endloop
 endfacet
 facet normal  -2.0295663422e-01 -1.0526363121e-01 -9.7351331402e-01
   outer loop
     vertex 2.5386733438e+00 -5.2080000000e-01 2.3925171112e-01
     vertex 2.5898064524e+00 -6.5100000000e-01 2.4266976522e-01
     vertex 2.5834195932e+00 -6.5100000000e-01 2.4400128829e-01
   endloop
 endfacet
 facet normal  -2.0295663422e-01 -1.0526363121e-01 -9.7351331402e-01
   outer loop
     vertex 2.5386733438e+00 -5.2080000000e-01 2.3925171112e-01
     vertex 2.5834195932e+00 -6.5100000000e-01 2.4400128829e-01
     vertex 2.5302023517e+00 -5.2080000000e-01 2.4101773119e-01
   endloop
 endfacet
 facet normal  -3.6413627092e-01 -1.6981926558e-01 -9.1573259920e-01
   outer loop
     vertex 2.5302023517e+00 -5.2080000000e-01 2.4101773119e-01
     vertex 2.5834195932e+00 -6.5100000000e-01 2.4400128829e-01
     vertex 2.5791209120e+00 -6.5100000000e-01 2.4571063637e-01
   endloop
 endfacet
 facet normal  -3.6413627092e-01 -1.6981926558e-01 -9.1573259920e-01
   outer loop
     vertex 2.5302023517e+00 -5.2080000000e-01 2.4101773119e-01
     vertex 2.5791209120e+00 -6.5100000000e-01 2.4571063637e-01
     vertex 2.5245009429e+00 -5.2080000000e-01 2.4328486654e-01
   endloop
 endfacet
 facet normal  -7.4526368671e-01 -3.2350675202e-01 -5.8303123301e-01
   outer loop
     vertex 2.5245009429e+00 -5.2080000000e-01 2.4328486654e-01
     vertex 2.5791209120e+00 -6.5100000000e-01 2.4571063637e-01
     vertex 2.5772129067e+00 -6.5100000000e-01 2.4814955723e-01
   endloop
 endfacet
 facet normal  -7.4526368671e-01 -3.2350675202e-01 -5.8303123301e-01
   outer loop
     vertex 2.5245009429e+00 -5.2080000000e-01 2.4328486654e-01
     vertex 2.5772129067e+00 -6.5100000000e-01 2.4814955723e-01
     vertex 2.5219703254e+00 -5.2080000000e-01 2.4651964578e-01
   endloop
 endfacet
 facet normal  -7.7834158531e-01 -3.2350675202e-01 5.3807783634e-01
   outer loop
     vertex 2.5219703254e+00 -5.2080000000e-01 2.4651964578e-01
     vertex 2.5772129067e+00 -6.5100000000e-01 2.4814955723e-01
     vertex 2.5243058249e+00 -5.2080000000e-01 2.4989799797e-01
   endloop
 endfacet
 facet normal  -7.7834158531e-01 -3.2350675202e-01 5.3807783634e-01
   outer loop
     vertex 2.5772129067e+00 -6.5100000000e-01 2.4814955723e-01
     vertex 2.5789737992e+00 -6.5100000000e-01 2.5069672753e-01
     vertex 2.5243058249e+00 -5.2080000000e-01 2.4989799797e-01
   endloop
 endfacet
 facet normal  -4.1749253255e-01 -1.6981926558e-01 8.9267093730e-01
   outer loop
     vertex 2.5243058249e+00 -5.2080000000e-01 2.4989799797e-01
     vertex 2.5789737992e+00 -6.5100000000e-01 2.5069672753e-01
     vertex 2.5298636504e+00 -5.2080000000e-01 2.5249733276e-01
   endloop
 endfacet
 facet normal  -4.1749253255e-01 -1.6981926558e-01 8.9267093730e-01
   outer loop
     vertex 2.5789737992e+00 -6.5100000000e-01 2.5069672753e-01
     vertex 2.5831642232e+00 -6.5100000000e-01 2.5265654344e-01
     vertex 2.5298636504e+00 -5.2080000000e-01 2.5249733276e-01
   endloop
 endfacet
 facet normal  -2.5999990352e-01 -1.0526363121e-01 9.5985395666e-01
   outer loop
     vertex 2.5298636504e+00 -5.2080000000e-01 2.5249733276e-01
     vertex 2.5831642232e+00 -6.5100000000e-01 2.5265654344e-01
     vertex 2.5382157861e+00 -5.2080000000e-01 2.5475971285e-01
   endloop
 endfacet
 facet normal  -2.5999990352e-01 -1.0526363121e-01 9.5985395666e-01
   outer loop
     vertex 2.5831642232e+00 -6.5100000000e-01 2.5265654344e-01
     vertex 2.5894614684e+00 -6.5100000000e-01 2.5436230621e-01
     vertex 2.5382157861e+00 -5.2080000000e-01 2.5475971285e-01
   endloop
 endfacet
 facet normal  -1.6934224654e-01 -6.9652431860e-02 9.8309294691e-01
   outer loop
     vertex 2.5382157861e+00 -5.2080000000e-01 2.5475971285e-01
     vertex 2.5894614684e+00 -6.5100000000e-01 2.5436230621e-01
     vertex 2.5498732632e+00 -5.2080000000e-01 2.5676776649e-01
   endloop
 endfacet
 facet normal  -1.6934224654e-01 -6.9652431860e-02 9.8309294691e-01
   outer loop
     vertex 2.5894614684e+00 -6.5100000000e-01 2.5436230621e-01
     vertex 2.5982508361e+00 -6.5100000000e-01 2.5587631490e-01
     vertex 2.5498732632e+00 -5.2080000000e-01 2.5676776649e-01
   endloop
 endfacet
 facet normal  -1.0557001855e-01 -4.6027198247e-02 9.9334609689e-01
   outer loop
     vertex 2.5498732632e+00 -5.2080000000e-01 2.5676776649e-01
     vertex 2.5982508361e+00 -6.5100000000e-01 2.5587631490e-01
     vertex 2.5653214607e+00 -5.2080000000e-01 2.5840955729e-01
   endloop
 endfacet
 facet normal  -1.0557001855e-01 -4.6027198247e-02 9.9334609689e-01
   outer loop
     vertex 2.5982508361e+00 -6.5100000000e-01 2.5587631490e-01
     vertex 2.6098982865e+00 -6.5100000000e-01 2.5711417305e-01
     vertex 2.5653214607e+00 -5.2080000000e-01 2.5840955729e-01
   endloop
 endfacet
 facet normal  -5.6452066538e-02 -2.9256659349e-02 9.9797655888e-01
   outer loop
     vertex 2.5653214607e+00 -5.2080000000e-01 2.5840955729e-01
     vertex 2.6098982865e+00 -6.5100000000e-01 2.5711417305e-01
     vertex 2.5846574346e+00 -5.2080000000e-01 2.5950332616e-01
   endloop
 endfacet
 facet normal  -5.6452066538e-02 -2.9256659349e-02 9.9797655888e-01
   outer loop
     vertex 2.6098982865e+00 -6.5100000000e-01 2.5711417305e-01
     vertex 2.6244769970e+00 -6.5100000000e-01 2.5793884005e-01
     vertex 2.5846574346e+00 -5.2080000000e-01 2.5950332616e-01
   endloop
 endfacet
 facet normal  -1.7989864445e-02 -1.7514143227e-02 9.9968476009e-01
   outer loop
     vertex 2.5846574346e+00 -5.2080000000e-01 2.5950332616e-01
     vertex 2.6244769970e+00 -6.5100000000e-01 2.5793884005e-01
     vertex 2.6072897443e+00 -5.2080000000e-01 2.5991060673e-01
   endloop
 endfacet
 facet normal  -1.7989864445e-02 -1.7514143227e-02 9.9968476009e-01
   outer loop
     vertex 2.6244769970e+00 -6.5100000000e-01 2.5793884005e-01
     vertex 2.6415410400e+00 -6.5100000000e-01 2.5824591668e-01
     vertex 2.6072897443e+00 -5.2080000000e-01 2.5991060673e-01
   endloop
 endfacet
 facet normal  1.1362625132e-02 -9.7950698305e-03 9.9988746735e-01
   outer loop
     vertex 2.6072897443e+00 -5.2080000000e-01 2.5991060673e-01
     vertex 2.6415410400e+00 -6.5100000000e-01 2.5824591668e-01
     vertex 2.6318347259e+00 -5.2080000000e-01 2.5963167992e-01
   endloop
 endfacet
 facet normal  1.1362625132e-02 -9.7950698305e-03 9.9988746735e-01
   outer loop
     vertex 2.6415410400e+00 -6.5100000000e-01 2.5824591668e-01
     vertex 2.6600471770e+00 -6.5100000000e-01 2.5803561471e-01
     vertex 2.6318347259e+00 -5.2080000000e-01 2.5963167992e-01
   endloop
 endfacet
 facet normal  3.2830135812e-02 -5.1379812830e-03 9.9944773917e-01
   outer loop
     vertex 2.6318347259e+00 -5.2080000000e-01 2.5963167992e-01
     vertex 2.6600471770e+00 -6.5100000000e-01 2.5803561471e-01
     vertex 2.6785447442e+00 -6.5100000000e-01 2.5742800151e-01
   endloop
 endfacet
 facet normal  3.2830135812e-02 -5.1379812830e-03 9.9944773917e-01
   outer loop
     vertex 2.6318347259e+00 -5.2080000000e-01 2.5963167992e-01
     vertex 2.6785447442e+00 -6.5100000000e-01 2.5742800151e-01
     vertex 2.6563683414e+00 -5.2080000000e-01 2.5882579293e-01
   endloop
 endfacet
 facet normal  4.8199968360e-02 -2.5135210889e-03 9.9883454349e-01
   outer loop
     vertex 2.6563683414e+00 -5.2080000000e-01 2.5882579293e-01
     vertex 2.6785447442e+00 -6.5100000000e-01 2.5742800151e-01
     vertex 2.6955923723e+00 -6.5100000000e-01 2.5660534761e-01
   endloop
 endfacet
 facet normal  4.8199968360e-02 -2.5135210889e-03 9.9883454349e-01
   outer loop
     vertex 2.6563683414e+00 -5.2080000000e-01 2.5882579293e-01
     vertex 2.6955923723e+00 -6.5100000000e-01 2.5660534761e-01
     vertex 2.6789788797e+00 -5.2080000000e-01 2.5773469407e-01
   endloop
 endfacet
 facet normal  5.9382036744e-02 -1.0814888967e-03 9.9823474398e-01
   outer loop
     vertex 2.6789788797e+00 -5.2080000000e-01 2.5773469407e-01
     vertex 2.6955923723e+00 -6.5100000000e-01 2.5660534761e-01
     vertex 2.7101696521e+00 -6.5100000000e-01 2.5573818829e-01
   endloop
 endfacet
 facet normal  5.9382036744e-02 -1.0814888967e-03 9.9823474398e-01
   outer loop
     vertex 2.6789788797e+00 -5.2080000000e-01 2.5773469407e-01
     vertex 2.7101696521e+00 -6.5100000000e-01 2.5573818829e-01
     vertex 2.6983129560e+00 -5.2080000000e-01 2.5658456697e-01
   endloop
 endfacet
 facet normal  6.7798698438e-02 -3.1154062576e-04 9.9769897235e-01
   outer loop
     vertex 2.6983129560e+00 -5.2080000000e-01 2.5658456697e-01
     vertex 2.7101696521e+00 -6.5100000000e-01 2.5573818829e-01
     vertex 2.7218571918e+00 -6.5100000000e-01 2.5494396077e-01
   endloop
 endfacet
 facet normal  6.7798698438e-02 -3.1154062576e-04 9.9769897235e-01
   outer loop
     vertex 2.6983129560e+00 -5.2080000000e-01 2.5658456697e-01
     vertex 2.7218571918e+00 -6.5100000000e-01 2.5494396077e-01
     vertex 2.7138143245e+00 -5.2080000000e-01 2.5553117047e-01
   endloop
 endfacet
 facet normal  7.4255832088e-02 8.9410522586e-05 9.9723922075e-01
   outer loop
     vertex 2.7138143245e+00 -5.2080000000e-01 2.5553117047e-01
     vertex 2.7218571918e+00 -6.5100000000e-01 2.5494396077e-01
     vertex 2.7307534156e+00 -6.5100000000e-01 2.5428153545e-01
   endloop
 endfacet
 facet normal  7.4255832088e-02 8.9410522586e-05 9.9723922075e-01
   outer loop
     vertex 2.7138143245e+00 -5.2080000000e-01 2.5553117047e-01
     vertex 2.7307534156e+00 -6.5100000000e-01 2.5428153545e-01
     vertex 2.7256135267e+00 -5.2080000000e-01 2.5465258532e-01
   endloop
 endfacet
 facet normal  7.9224257058e-02 2.8663831151e-04 9.9685677754e-01
   outer loop
     vertex 2.7256135267e+00 -5.2080000000e-01 2.5465258532e-01
     vertex 2.7307534156e+00 -6.5100000000e-01 2.5428153545e-01
     vertex 2.7372608111e+00 -6.5100000000e-01 2.5376436630e-01
   endloop
 endfacet
 facet normal  7.9224257058e-02 2.8663831151e-04 9.9685677754e-01
   outer loop
     vertex 2.7256135267e+00 -5.2080000000e-01 2.5465258532e-01
     vertex 2.7372608111e+00 -6.5100000000e-01 2.5376436630e-01
     vertex 2.7342443881e+00 -5.2080000000e-01 2.5396665571e-01
   endloop
 endfacet
 facet normal  8.2959930750e-02 3.7365721265e-04 9.9655281359e-01
   outer loop
     vertex 2.7342443881e+00 -5.2080000000e-01 2.5396665571e-01
     vertex 2.7372608111e+00 -6.5100000000e-01 2.5376436630e-01
     vertex 2.7418836155e+00 -6.5100000000e-01 2.5337953218e-01
   endloop
 endfacet
 facet normal  8.2959930750e-02 3.7365721265e-04 9.9655281359e-01
   outer loop
     vertex 2.7342443881e+00 -5.2080000000e-01 2.5396665571e-01
     vertex 2.7418836155e+00 -6.5100000000e-01 2.5337953218e-01
     vertex 2.7403756865e+00 -5.2080000000e-01 2.5345624413e-01
   endloop
 endfacet
 facet normal  8.5664752247e-02 4.0511832182e-04 9.9632393633e-01
   outer loop
     vertex 2.7403756865e+00 -5.2080000000e-01 2.5345624413e-01
     vertex 2.7418836155e+00 -6.5100000000e-01 2.5337953218e-01
     vertex 2.7450998479e+00 -6.5100000000e-01 2.5310299786e-01
   endloop
 endfacet
 facet normal  8.5664752247e-02 4.0511832182e-04 9.9632393633e-01
   outer loop
     vertex 2.7403756865e+00 -5.2080000000e-01 2.5345624413e-01
     vertex 2.7450998479e+00 -6.5100000000e-01 2.5310299786e-01
     vertex 2.7446414263e+00 -5.2080000000e-01 2.5308947231e-01
   endloop
 endfacet
 facet normal  0.0000000000e+00 -1.0000000000e+00 0.0000000000e+00
   outer loop
     vertex 2.7450998479e+00 -6.5100000000e-01 2.5310299786e-01
     vertex 2.7419000394e+00 -6.5100000000e-01 2.5282287471e-01
     vertex 2.7419055141e+00 -6.5100000000e-01 2.5263732222e-01
   endloop
 endfacet
 facet normal  0.0000000000e+00 -1.0000000000e+00 -0.0000000000e+00
   outer loop
     vertex 2.7419055141e+00 -6.5100000000e-01 2.5263732222e-01
     vertex 2.7419000394e+00 -6.5100000000e-01 2.5282287471e-01
     vertex 2.7373002830e+00 -6.5100000000e-01 2.5242654653e-01
   endloop
 endfacet
 facet normal  0.0000000000e+00 -1.0000000000e+00 0.0000000000e+00
   outer loop
     vertex 2.7419055141e+00 -6.5100000000e-01 2.5263732222e-01
     vertex 2.7373002830e+00 -6.5100000000e-01 2.5242654653e-01
     vertex 2.7373134403e+00 -6.5100000000e-01 2.5198060661e-01
   endloop
 endfacet
 facet normal  0.0000000000e+00 -1.0000000000e+00 -0.0000000000e+00
   outer loop
     vertex 2.7373134403e+00 -6.5100000000e-01 2.5198060661e-01
     vertex 2.7373002830e+00 -6.5100000000e-01 2.5242654653e-01
     vertex 2.7308242458e+00 -6.5100000000e-01 2.5188088981e-01
   endloop
 endfacet
 facet normal  0.0000000000e+00 -1.0000000000e+00 0.0000000000e+00
   outer loop
     vertex 2.7373134403e+00 -6.5100000000e-01 2.5198060661e-01
     vertex 2.7308242458e+00 -6.5100000000e-01 2.5188088981e-01
     vertex 2.7308478558e+00 -6.5100000000e-01 2.5108067459e-01
   endloop
 endfacet
 facet normal  0.0000000000e+00 -1.0000000000e+00 -0.0000000000e+00
   outer loop
     vertex 2.7308478558e+00 -6.5100000000e-01 2.5108067459e-01
     vertex 2.7308242458e+00 -6.5100000000e-01 2.5188088981e-01
     vertex 2.7219689197e+00 -6.5100000000e-01 2.5115716425e-01
   endloop
 endfacet
 facet normal  0.0000000000e+00 -1.0000000000e+00 0.0000000000e+00
   outer loop
     vertex 2.7308478558e+00 -6.5100000000e-01 2.5108067459e-01
     vertex 2.7219689197e+00 -6.5100000000e-01 2.5115716425e-01
     vertex 2.7220061624e+00 -6.5100000000e-01 2.4989489874e-01
   endloop
 endfacet
 facet normal  0.0000000000e+00 -1.0000000000e+00 -0.0000000000e+00
   outer loop
     vertex 2.7220061624e+00 -6.5100000000e-01 2.4989489874e-01
     vertex 2.7219689197e+00 -6.5100000000e-01 2.5115716425e-01
     vertex 2.7103317477e+00 -6.5100000000e-01 2.5024428192e-01
   endloop
 endfacet
 facet normal  0.0000000000e+00 -1.0000000000e+00 0.0000000000e+00
   outer loop
     vertex 2.7220061624e+00 -6.5100000000e-01 2.4989489874e-01
     vertex 2.7103317477e+00 -6.5100000000e-01 2.5024428192e-01
     vertex 2.7103857796e+00 -6.5100000000e-01 2.4841297979e-01
   endloop
 endfacet
 facet normal  0.0000000000e+00 -1.0000000000e+00 -0.0000000000e+00
   outer loop
     vertex 2.7103857796e+00 -6.5100000000e-01 2.4841297979e-01
     vertex 2.7103317477e+00 -6.5100000000e-01 2.5024428192e-01
     vertex 2.6958118306e+00 -6.5100000000e-01 2.4916724904e-01
   endloop
 endfacet
 facet normal  0.0000000000e+00 -1.0000000000e+00 0.0000000000e+00
   outer loop
     vertex 2.7103857796e+00 -6.5100000000e-01 2.4841297979e-01
     vertex 2.6958118306e+00 -6.5100000000e-01 2.4916724904e-01
     vertex 2.6958849833e+00 -6.5100000000e-01 2.4668788285e-01
   endloop
 endfacet
 facet normal  0.0000000000e+00 -1.0000000000e+00 -0.0000000000e+00
   outer loop
     vertex 2.6958849833e+00 -6.5100000000e-01 2.4668788285e-01
     vertex 2.6958118306e+00 -6.5100000000e-01 2.4916724904e-01
     vertex 2.6788228201e+00 -6.5100000000e-01 2.4800317586e-01
   endloop
 endfacet
 facet normal  0.0000000000e+00 -1.0000000000e+00 0.0000000000e+00
   outer loop
     vertex 2.6958849833e+00 -6.5100000000e-01 2.4668788285e-01
     vertex 2.6788228201e+00 -6.5100000000e-01 2.4800317586e-01
     vertex 2.6789155120e+00 -6.5100000000e-01 2.4486156731e-01
   endloop
 endfacet
 facet normal  0.0000000000e+00 -1.0000000000e+00 -0.0000000000e+00
   outer loop
     vertex 2.6789155120e+00 -6.5100000000e-01 2.4486156731e-01
     vertex 2.6788228201e+00 -6.5100000000e-01 2.4800317586e-01
     vertex 2.6603762534e+00 -6.5100000000e-01 2.4688222843e-01
   endloop
 endfacet
 facet normal  0.0000000000e+00 -1.0000000000e+00 0.0000000000e+00
   outer loop
     vertex 2.6789155120e+00 -6.5100000000e-01 2.4486156731e-01
     vertex 2.6603762534e+00 -6.5100000000e-01 2.4688222843e-01
     vertex 2.6604859456e+00 -6.5100000000e-01 2.4316443301e-01
   endloop
 endfacet
 facet normal  0.0000000000e+00 -1.0000000000e+00 -0.0000000000e+00
   outer loop
     vertex 2.6604859456e+00 -6.5100000000e-01 2.4316443301e-01
     vertex 2.6603762534e+00 -6.5100000000e-01 2.4688222843e-01
     vertex 2.6420243996e+00 -6.5100000000e-01 2.4186341356e-01
   endloop
 endfacet
 facet normal  0.0000000000e+00 -1.0000000000e+00 0.0000000000e+00
   outer loop
     vertex 2.6603762534e+00 -6.5100000000e-01 2.4688222843e-01
     vertex 2.6419035597e+00 -6.5100000000e-01 2.4595903934e-01
     vertex 2.6420243996e+00 -6.5100000000e-01 2.4186341356e-01
   endloop
 endfacet
 facet normal  0.0000000000e+00 -1.0000000000e+00 -0.0000000000e+00
   outer loop
     vertex 2.6420243996e+00 -6.5100000000e-01 2.4186341356e-01
     vertex 2.6419035597e+00 -6.5100000000e-01 2.4595903934e-01
     vertex 2.6249719354e+00 -6.5100000000e-01 2.4116389555e-01
   endloop
 endfacet
 facet normal  0.0000000000e+00 -1.0000000000e+00 0.0000000000e+00
   outer loop
     vertex 2.6419035597e+00 -6.5100000000e-01 2.4595903934e-01
     vertex 2.6248482008e+00 -6.5100000000e-01 2.4535763168e-01
     vertex 2.6249719354e+00 -6.5100000000e-01 2.4116389555e-01
   endloop
 endfacet
 facet normal  0.0000000000e+00 -1.0000000000e+00 -0.0000000000e+00
   outer loop
     vertex 2.6249719354e+00 -6.5100000000e-01 2.4116389555e-01
     vertex 2.6248482008e+00 -6.5100000000e-01 2.4535763168e-01
     vertex 2.6103699644e+00 -6.5100000000e-01 2.4112759760e-01
   endloop
 endfacet
 facet normal  0.0000000000e+00 -1.0000000000e+00 0.0000000000e+00
   outer loop
     vertex 2.6248482008e+00 -6.5100000000e-01 2.4535763168e-01
     vertex 2.6102520449e+00 -6.5100000000e-01 2.4512424146e-01
     vertex 2.6103699644e+00 -6.5100000000e-01 2.4112759760e-01
   endloop
 endfacet
 facet normal  0.0000000000e+00 -1.0000000000e+00 -0.0000000000e+00
   outer loop
     vertex 2.6103699644e+00 -6.5100000000e-01 2.4112759760e-01
     vertex 2.6102520449e+00 -6.5100000000e-01 2.4512424146e-01
     vertex 2.5986697935e+00 -6.5100000000e-01 2.4167659302e-01
   endloop
 endfacet
 facet normal  0.0000000000e+00 -1.0000000000e+00 0.0000000000e+00
   outer loop
     vertex 2.6102520449e+00 -6.5100000000e-01 2.4512424146e-01
     vertex 2.5985650541e+00 -6.5100000000e-01 2.4522652349e-01
     vertex 2.5986697935e+00 -6.5100000000e-01 2.4167659302e-01
   endloop
 endfacet
 facet normal  0.0000000000e+00 -1.0000000000e+00 -0.0000000000e+00
   outer loop
     vertex 2.5986697935e+00 -6.5100000000e-01 2.4167659302e-01
     vertex 2.5985650541e+00 -6.5100000000e-01 2.4522652349e-01
     vertex 2.5898064524e+00 -6.5100000000e-01 2.4266976522e-01
   endloop
 endfacet
 facet normal  0.0000000000e+00 -1.0000000000e+00 0.0000000000e+00
   outer loop
     vertex 2.5985650541e+00 -6.5100000000e-01 2.4522652349e-01
     vertex 2.5897202064e+00 -6.5100000000e-01 2.4559290047e-01
     vertex 2.5898064524e+00 -6.5100000000e-01 2.4266976522e-01
   endloop
 endfacet
 facet normal  -5.2471535710e-14 -1.0000000000e+00 -1.5481527938e-15
   outer loop
     vertex 2.5898064524e+00 -6.5100000000e-01 2.4266976522e-01
     vertex 2.5897202064e+00 -6.5100000000e-01 2.4559290047e-01
     vertex 2.5834195932e+00 -6.5100000000e-01 2.4400128829e-01
   endloop
 endfacet
 facet normal  -5.2471535710e-14 -1.0000000000e+00 -1.5481527938e-15
   outer loop
     vertex 2.5897202064e+00 -6.5100000000e-01 2.4559290047e-01
     vertex 2.5833557507e+00 -6.5100000000e-01 2.4616510208e-01
     vertex 2.5834195932e+00 -6.5100000000e-01 2.4400128829e-01
   endloop
 endfacet
 facet normal  7.8401011607e-14 -1.0000000000e+00 2.3131921625e-15
   outer loop
     vertex 2.5834195932e+00 -6.5100000000e-01 2.4400128829e-01
     vertex 2.5833557507e+00 -6.5100000000e-01 2.4616510208e-01
     vertex 2.5791209120e+00 -6.5100000000e-01 2.4571063637e-01
   endloop
 endfacet
 facet normal  7.8401011607e-14 -1.0000000000e+00 2.3131921625e-15
   outer loop
     vertex 2.5833557507e+00 -6.5100000000e-01 2.4616510208e-01
     vertex 2.5790841338e+00 -6.5100000000e-01 2.4695715916e-01
     vertex 2.5791209120e+00 -6.5100000000e-01 2.4571063637e-01
   endloop
 endfacet
 facet normal  -0.0000000000e+00 -1.0000000000e+00 -0.0000000000e+00
   outer loop
     vertex 2.5791209120e+00 -6.5100000000e-01 2.4571063637e-01
     vertex 2.5790841338e+00 -6.5100000000e-01 2.4695715916e-01
     vertex 2.5772129067e+00 -6.5100000000e-01 2.4814955723e-01
   endloop
 endfacet
 facet normal  -0.0000000000e+00 -1.0000000000e+00 0.0000000000e+00
   outer loop
     vertex 2.5772129067e+00 -6.5100000000e-01 2.4814955723e-01
     vertex 2.5790105774e+00 -6.5100000000e-01 2.4945020474e-01
     vertex 2.5789737992e+00 -6.5100000000e-01 2.5069672753e-01
   endloop
 endfacet
 facet normal  0.0000000000e+00 -1.0000000000e+00 0.0000000000e+00
   outer loop
     vertex 2.5789737992e+00 -6.5100000000e-01 2.5069672753e-01
     vertex 2.5790105774e+00 -6.5100000000e-01 2.4945020474e-01
     vertex 2.5832280657e+00 -6.5100000000e-01 2.5049272965e-01
   endloop
 endfacet
 facet normal  0.0000000000e+00 -1.0000000000e+00 0.0000000000e+00
   outer loop
     vertex 2.5789737992e+00 -6.5100000000e-01 2.5069672753e-01
     vertex 2.5832280657e+00 -6.5100000000e-01 2.5049272965e-01
     vertex 2.5831642232e+00 -6.5100000000e-01 2.5265654344e-01
   endloop
 endfacet
 facet normal  0.0000000000e+00 -1.0000000000e+00 0.0000000000e+00
   outer loop
     vertex 2.5831642232e+00 -6.5100000000e-01 2.5265654344e-01
     vertex 2.5832280657e+00 -6.5100000000e-01 2.5049272965e-01
     vertex 2.5895477144e+00 -6.5100000000e-01 2.5143917096e-01
   endloop
 endfacet
 facet normal  0.0000000000e+00 -1.0000000000e+00 0.0000000000e+00
   outer loop
     vertex 2.5831642232e+00 -6.5100000000e-01 2.5265654344e-01
     vertex 2.5895477144e+00 -6.5100000000e-01 2.5143917096e-01
     vertex 2.5894614684e+00 -6.5100000000e-01 2.5436230621e-01
   endloop
 endfacet
 facet normal  0.0000000000e+00 -1.0000000000e+00 0.0000000000e+00
   outer loop
     vertex 2.5894614684e+00 -6.5100000000e-01 2.5436230621e-01
     vertex 2.5895477144e+00 -6.5100000000e-01 2.5143917096e-01
     vertex 2.5983555754e+00 -6.5100000000e-01 2.5232638443e-01
   endloop
 endfacet
 facet normal  0.0000000000e+00 -1.0000000000e+00 0.0000000000e+00
   outer loop
     vertex 2.5894614684e+00 -6.5100000000e-01 2.5436230621e-01
     vertex 2.5983555754e+00 -6.5100000000e-01 2.5232638443e-01
     vertex 2.5982508361e+00 -6.5100000000e-01 2.5587631490e-01
   endloop
 endfacet
 facet normal  0.0000000000e+00 -1.0000000000e+00 0.0000000000e+00
   outer loop
     vertex 2.5982508361e+00 -6.5100000000e-01 2.5587631490e-01
     vertex 2.5983555754e+00 -6.5100000000e-01 2.5232638443e-01
     vertex 2.6100162060e+00 -6.5100000000e-01 2.5311752919e-01
   endloop
 endfacet
 facet normal  0.0000000000e+00 -1.0000000000e+00 0.0000000000e+00
   outer loop
     vertex 2.5982508361e+00 -6.5100000000e-01 2.5587631490e-01
     vertex 2.6100162060e+00 -6.5100000000e-01 2.5311752919e-01
     vertex 2.6098982865e+00 -6.5100000000e-01 2.5711417305e-01
   endloop
 endfacet
 facet normal  0.0000000000e+00 -1.0000000000e+00 0.0000000000e+00
   outer loop
     vertex 2.6098982865e+00 -6.5100000000e-01 2.5711417305e-01
     vertex 2.6100162060e+00 -6.5100000000e-01 2.5311752919e-01
     vertex 2.6246007316e+00 -6.5100000000e-01 2.5374510393e-01
   endloop
 endfacet
 facet normal  0.0000000000e+00 -1.0000000000e+00 0.0000000000e+00
   outer loop
     vertex 2.6098982865e+00 -6.5100000000e-01 2.5711417305e-01
     vertex 2.6246007316e+00 -6.5100000000e-01 2.5374510393e-01
     vertex 2.6244769970e+00 -6.5100000000e-01 2.5793884005e-01
   endloop
 endfacet
 facet normal  0.0000000000e+00 -1.0000000000e+00 0.0000000000e+00
   outer loop
     vertex 2.6244769970e+00 -6.5100000000e-01 2.5793884005e-01
     vertex 2.6246007316e+00 -6.5100000000e-01 2.5374510393e-01
     vertex 2.6416618799e+00 -6.5100000000e-01 2.5415029090e-01
   endloop
 endfacet
 facet normal  0.0000000000e+00 -1.0000000000e+00 0.0000000000e+00
   outer loop
     vertex 2.6244769970e+00 -6.5100000000e-01 2.5793884005e-01
     vertex 2.6416618799e+00 -6.5100000000e-01 2.5415029090e-01
     vertex 2.6415410400e+00 -6.5100000000e-01 2.5824591668e-01
   endloop
 endfacet
 facet normal  0.0000000000e+00 -1.0000000000e+00 0.0000000000e+00
   outer loop
     vertex 2.6415410400e+00 -6.5100000000e-01 2.5824591668e-01
     vertex 2.6416618799e+00 -6.5100000000e-01 2.5415029090e-01
     vertex 2.6601568691e+00 -6.5100000000e-01 2.5431781929e-01
   endloop
 endfacet
 facet normal  0.0000000000e+00 -1.0000000000e+00 0.0000000000e+00
   outer loop
     vertex 2.6415410400e+00 -6.5100000000e-01 2.5824591668e-01
     vertex 2.6601568691e+00 -6.5100000000e-01 2.5431781929e-01
     vertex 2.6600471770e+00 -6.5100000000e-01 2.5803561471e-01
   endloop
 endfacet
 facet normal  0.0000000000e+00 -1.0000000000e+00 0.0000000000e+00
   outer loop
     vertex 2.6600471770e+00 -6.5100000000e-01 2.5803561471e-01
     vertex 2.6601568691e+00 -6.5100000000e-01 2.5431781929e-01
     vertex 2.6785447442e+00 -6.5100000000e-01 2.5742800151e-01
   endloop
 endfacet
 facet normal  0.0000000000e+00 -1.0000000000e+00 0.0000000000e+00
   outer loop
     vertex 2.6601568691e+00 -6.5100000000e-01 2.5431781929e-01
     vertex 2.6786374361e+00 -6.5100000000e-01 2.5428639296e-01
     vertex 2.6785447442e+00 -6.5100000000e-01 2.5742800151e-01
   endloop
 endfacet
 facet normal  0.0000000000e+00 -1.0000000000e+00 0.0000000000e+00
   outer loop
     vertex 2.6785447442e+00 -6.5100000000e-01 2.5742800151e-01
     vertex 2.6786374361e+00 -6.5100000000e-01 2.5428639296e-01
     vertex 2.6955923723e+00 -6.5100000000e-01 2.5660534761e-01
   endloop
 endfacet
 facet normal  0.0000000000e+00 -1.0000000000e+00 0.0000000000e+00
   outer loop
     vertex 2.6786374361e+00 -6.5100000000e-01 2.5428639296e-01
     vertex 2.6956655251e+00 -6.5100000000e-01 2.5412598142e-01
     vertex 2.6955923723e+00 -6.5100000000e-01 2.5660534761e-01
   endloop
 endfacet
 facet normal  0.0000000000e+00 -1.0000000000e+00 0.0000000000e+00
   outer loop
     vertex 2.6955923723e+00 -6.5100000000e-01 2.5660534761e-01
     vertex 2.6956655251e+00 -6.5100000000e-01 2.5412598142e-01
     vertex 2.7101696521e+00 -6.5100000000e-01 2.5573818829e-01
   endloop
 endfacet
 facet normal  0.0000000000e+00 -1.0000000000e+00 0.0000000000e+00
   outer loop
     vertex 2.6956655251e+00 -6.5100000000e-01 2.5412598142e-01
     vertex 2.7102236839e+00 -6.5100000000e-01 2.5390688616e-01
     vertex 2.7101696521e+00 -6.5100000000e-01 2.5573818829e-01
   endloop
 endfacet
 facet normal  0.0000000000e+00 -1.0000000000e+00 0.0000000000e+00
   outer loop
     vertex 2.7101696521e+00 -6.5100000000e-01 2.5573818829e-01
     vertex 2.7102236839e+00 -6.5100000000e-01 2.5390688616e-01
     vertex 2.7218571918e+00 -6.5100000000e-01 2.5494396077e-01
   endloop
 endfacet
 facet normal  0.0000000000e+00 -1.0000000000e+00 0.0000000000e+00
   outer loop
     vertex 2.7102236839e+00 -6.5100000000e-01 2.5390688616e-01
     vertex 2.7218944344e+00 -6.5100000000e-01 2.5368169526e-01
     vertex 2.7218571918e+00 -6.5100000000e-01 2.5494396077e-01
   endloop
 endfacet
 facet normal  0.0000000000e+00 -1.0000000000e+00 0.0000000000e+00
   outer loop
     vertex 2.7218571918e+00 -6.5100000000e-01 2.5494396077e-01
     vertex 2.7218944344e+00 -6.5100000000e-01 2.5368169526e-01
     vertex 2.7307534156e+00 -6.5100000000e-01 2.5428153545e-01
   endloop
 endfacet
 facet normal  0.0000000000e+00 -1.0000000000e+00 0.0000000000e+00
   outer loop
     vertex 2.7218944344e+00 -6.5100000000e-01 2.5368169526e-01
     vertex 2.7307770257e+00 -6.5100000000e-01 2.5348132024e-01
     vertex 2.7307534156e+00 -6.5100000000e-01 2.5428153545e-01
   endloop
 endfacet
 facet normal  0.0000000000e+00 -1.0000000000e+00 0.0000000000e+00
   outer loop
     vertex 2.7307534156e+00 -6.5100000000e-01 2.5428153545e-01
     vertex 2.7307770257e+00 -6.5100000000e-01 2.5348132024e-01
     vertex 2.7372608111e+00 -6.5100000000e-01 2.5376436630e-01
   endloop
 endfacet
 facet normal  0.0000000000e+00 -1.0000000000e+00 0.0000000000e+00
   outer loop
     vertex 2.7307770257e+00 -6.5100000000e-01 2.5348132024e-01
     vertex 2.7372739684e+00 -6.5100000000e-01 2.5331842638e-01
     vertex 2.7372608111e+00 -6.5100000000e-01 2.5376436630e-01
   endloop
 endfacet
 facet normal  0.0000000000e+00 -1.0000000000e+00 0.0000000000e+00
   outer loop
     vertex 2.7372608111e+00 -6.5100000000e-01 2.5376436630e-01
     vertex 2.7372739684e+00 -6.5100000000e-01 2.5331842638e-01
     vertex 2.7418836155e+00 -6.5100000000e-01 2.5337953218e-01
   endloop
 endfacet
 facet normal  0.0000000000e+00 -1.0000000000e+00 0.0000000000e+00
   outer loop
     vertex 2.7372739684e+00 -6.5100000000e-01 2.5331842638e-01
     vertex 2.7418890901e+00 -6.5100000000e-01 2.5319397969e-01
     vertex 2.7418836155e+00 -6.5100000000e-01 2.5337953218e-01
   endloop
 endfacet
 facet normal  0.0000000000e+00 -1.0000000000e+00 0.0000000000e+00
   outer loop
     vertex 2.7418836155e+00 -6.5100000000e-01 2.5337953218e-01
     vertex 2.7418890901e+00 -6.5100000000e-01 2.5319397969e-01
     vertex 2.7450998479e+00 -6.5100000000e-01 2.5310299786e-01
   endloop
 endfacet
 facet normal  0.0000000000e+00 -1.0000000000e+00 0.0000000000e+00
   outer loop
     vertex 2.7450998479e+00 -6.5100000000e-01 2.5310299786e-01
     vertex 2.7418945648e+00 -6.5100000000e-01 2.5300842720e-01
     vertex 2.7419000394e+00 -6.5100000000e-01 2.5282287471e-01
   endloop
 endfacet
 facet normal  0.0000000000e+00 -1.0000000000e+00 -0.0000000000e+00
   outer loop
     vertex 2.7419000394e+00 -6.5100000000e-01 2.5282287471e-01
     vertex 2.7418945648e+00 -6.5100000000e-01 2.5300842720e-01
     vertex 2.7372871257e+00 -6.5100000000e-01 2.5287248645e-01
   endloop
 endfacet
 facet normal  0.0000000000e+00 -1.0000000000e+00 0.0000000000e+00
   outer loop
     vertex 2.7419000394e+00 -6.5100000000e-01 2.5282287471e-01
     vertex 2.7372871257e+00 -6.5100000000e-01 2.5287248645e-01
     vertex 2.7373002830e+00 -6.5100000000e-01 2.5242654653e-01
   endloop
 endfacet
 facet normal  0.0000000000e+00 -1.0000000000e+00 -0.0000000000e+00
   outer loop
     vertex 2.7373002830e+00 -6.5100000000e-01 2.5242654653e-01
     vertex 2.7372871257e+00 -6.5100000000e-01 2.5287248645e-01
     vertex 2.7308006357e+00 -6.5100000000e-01 2.5268110502e-01
   endloop
 endfacet
 facet normal  0.0000000000e+00 -1.0000000000e+00 0.0000000000e+00
   outer loop
     vertex 2.7373002830e+00 -6.5100000000e-01 2.5242654653e-01
     vertex 2.7308006357e+00 -6.5100000000e-01 2.5268110502e-01
     vertex 2.7308242458e+00 -6.5100000000e-01 2.5188088981e-01
   endloop
 endfacet
 facet normal  0.0000000000e+00 -1.0000000000e+00 -0.0000000000e+00
   outer loop
     vertex 2.7308242458e+00 -6.5100000000e-01 2.5188088981e-01
     vertex 2.7308006357e+00 -6.5100000000e-01 2.5268110502e-01
     vertex 2.7219316771e+00 -6.5100000000e-01 2.5241942976e-01
   endloop
 endfacet
 facet normal  0.0000000000e+00 -1.0000000000e+00 0.0000000000e+00
   outer loop
     vertex 2.7308242458e+00 -6.5100000000e-01 2.5188088981e-01
     vertex 2.7219316771e+00 -6.5100000000e-01 2.5241942976e-01
     vertex 2.7219689197e+00 -6.5100000000e-01 2.5115716425e-01
   endloop
 endfacet
 facet normal  0.0000000000e+00 -1.0000000000e+00 -0.0000000000e+00
   outer loop
     vertex 2.7219689197e+00 -6.5100000000e-01 2.5115716425e-01
     vertex 2.7219316771e+00 -6.5100000000e-01 2.5241942976e-01
     vertex 2.7102777158e+00 -6.5100000000e-01 2.5207558404e-01
   endloop
 endfacet
 facet normal  0.0000000000e+00 -1.0000000000e+00 0.0000000000e+00
   outer loop
     vertex 2.7219689197e+00 -6.5100000000e-01 2.5115716425e-01
     vertex 2.7102777158e+00 -6.5100000000e-01 2.5207558404e-01
     vertex 2.7103317477e+00 -6.5100000000e-01 2.5024428192e-01
   endloop
 endfacet
 facet normal  0.0000000000e+00 -1.0000000000e+00 -0.0000000000e+00
   outer loop
     vertex 2.7103317477e+00 -6.5100000000e-01 2.5024428192e-01
     vertex 2.7102777158e+00 -6.5100000000e-01 2.5207558404e-01
     vertex 2.6957386778e+00 -6.5100000000e-01 2.5164661523e-01
   endloop
 endfacet
 facet normal  0.0000000000e+00 -1.0000000000e+00 0.0000000000e+00
   outer loop
     vertex 2.7103317477e+00 -6.5100000000e-01 2.5024428192e-01
     vertex 2.6957386778e+00 -6.5100000000e-01 2.5164661523e-01
     vertex 2.6958118306e+00 -6.5100000000e-01 2.4916724904e-01
   endloop
 endfacet
 facet normal  0.0000000000e+00 -1.0000000000e+00 -0.0000000000e+00
   outer loop
     vertex 2.6958118306e+00 -6.5100000000e-01 2.4916724904e-01
     vertex 2.6957386778e+00 -6.5100000000e-01 2.5164661523e-01
     vertex 2.6787301281e+00 -6.5100000000e-01 2.5114478441e-01
   endloop
 endfacet
 facet normal  0.0000000000e+00 -1.0000000000e+00 0.0000000000e+00
   outer loop
     vertex 2.6958118306e+00 -6.5100000000e-01 2.4916724904e-01
     vertex 2.6787301281e+00 -6.5100000000e-01 2.5114478441e-01
     vertex 2.6788228201e+00 -6.5100000000e-01 2.4800317586e-01
   endloop
 endfacet
 facet normal  0.0000000000e+00 -1.0000000000e+00 -0.0000000000e+00
   outer loop
     vertex 2.6788228201e+00 -6.5100000000e-01 2.4800317586e-01
     vertex 2.6787301281e+00 -6.5100000000e-01 2.5114478441e-01
     vertex 2.6602665613e+00 -6.5100000000e-01 2.5060002386e-01
   endloop
 endfacet
 facet normal  0.0000000000e+00 -1.0000000000e+00 0.0000000000e+00
   outer loop
     vertex 2.6788228201e+00 -6.5100000000e-01 2.4800317586e-01
     vertex 2.6602665613e+00 -6.5100000000e-01 2.5060002386e-01
     vertex 2.6603762534e+00 -6.5100000000e-01 2.4688222843e-01
   endloop
 endfacet
 facet normal  0.0000000000e+00 -1.0000000000e+00 -0.0000000000e+00
   outer loop
     vertex 2.6603762534e+00 -6.5100000000e-01 2.4688222843e-01
     vertex 2.6602665613e+00 -6.5100000000e-01 2.5060002386e-01
     vertex 2.6419035597e+00 -6.5100000000e-01 2.4595903934e-01
   endloop
 endfacet
 facet normal  0.0000000000e+00 -1.0000000000e+00 0.0000000000e+00
   outer loop
     vertex 2.6602665613e+00 -6.5100000000e-01 2.5060002386e-01
     vertex 2.6417827198e+00 -6.5100000000e-01 2.5005466512e-01
     vertex 2.6419035597e+00 -6.5100000000e-01 2.4595903934e-01
   endloop
 endfacet
 facet normal  0.0000000000e+00 -1.0000000000e+00 -0.0000000000e+00
   outer loop
     vertex 2.6419035597e+00 -6.5100000000e-01 2.4595903934e-01
     vertex 2.6417827198e+00 -6.5100000000e-01 2.5005466512e-01
     vertex 2.6248482008e+00 -6.5100000000e-01 2.4535763168e-01
   endloop
 endfacet
 facet normal  0.0000000000e+00 -1.0000000000e+00 0.0000000000e+00
   outer loop
     vertex 2.6417827198e+00 -6.5100000000e-01 2.5005466512e-01
     vertex 2.6247244662e+00 -6.5100000000e-01 2.4955136780e-01
     vertex 2.6248482008e+00 -6.5100000000e-01 2.4535763168e-01
   endloop
 endfacet
 facet normal  0.0000000000e+00 -1.0000000000e+00 -0.0000000000e+00
   outer loop
     vertex 2.6248482008e+00 -6.5100000000e-01 2.4535763168e-01
     vertex 2.6247244662e+00 -6.5100000000e-01 2.4955136780e-01
     vertex 2.6102520449e+00 -6.5100000000e-01 2.4512424146e-01
   endloop
 endfacet
 facet normal  0.0000000000e+00 -1.0000000000e+00 0.0000000000e+00
   outer loop
     vertex 2.6247244662e+00 -6.5100000000e-01 2.4955136780e-01
     vertex 2.6101341254e+00 -6.5100000000e-01 2.4912088532e-01
     vertex 2.6102520449e+00 -6.5100000000e-01 2.4512424146e-01
   endloop
 endfacet
 facet normal  0.0000000000e+00 -1.0000000000e+00 -0.0000000000e+00
   outer loop
     vertex 2.6102520449e+00 -6.5100000000e-01 2.4512424146e-01
     vertex 2.6101341254e+00 -6.5100000000e-01 2.4912088532e-01
     vertex 2.5985650541e+00 -6.5100000000e-01 2.4522652349e-01
   endloop
 endfacet
 facet normal  0.0000000000e+00 -1.0000000000e+00 0.0000000000e+00
   outer loop
     vertex 2.6101341254e+00 -6.5100000000e-01 2.4912088532e-01
     vertex 2.5984603148e+00 -6.5100000000e-01 2.4877645396e-01
     vertex 2.5985650541e+00 -6.5100000000e-01 2.4522652349e-01
   endloop
 endfacet
 facet normal  0.0000000000e+00 -1.0000000000e+00 -0.0000000000e+00
   outer loop
     vertex 2.5985650541e+00 -6.5100000000e-01 2.4522652349e-01
     vertex 2.5984603148e+00 -6.5100000000e-01 2.4877645396e-01
     vertex 2.5897202064e+00 -6.5100000000e-01 2.4559290047e-01
   endloop
 endfacet
 facet normal  0.0000000000e+00 -1.0000000000e+00 0.0000000000e+00
   outer loop
     vertex 2.5984603148e+00 -6.5100000000e-01 2.4877645396e-01
     vertex 2.5896339604e+00 -6.5100000000e-01 2.4851603572e-01
     vertex 2.5897202064e+00 -6.5100000000e-01 2.4559290047e-01
   endloop
 endfacet
 facet normal  -5.2471535710e-14 -1.0000000000e+00 -1.5481527938e-15
   outer loop
     vertex 2.5897202064e+00 -6.5100000000e-01 2.4559290047e-01
     vertex 2.5896339604e+00 -6.5100000000e-01 2.4851603572e-01
     vertex 2.5833557507e+00 -6.5100000000e-01 2.4616510208e-01
   endloop
 endfacet
 facet normal  -5.2471535710e-14 -1.0000000000e+00 -1.5481527938e-15
   outer loop
     vertex 2.5896339604e+00 -6.5100000000e-01 2.4851603572e-01
     vertex 2.5832919082e+00 -6.5100000000e-01 2.4832891587e-01
     vertex 2.5833557507e+00 -6.5100000000e-01 2.4616510208e-01
   endloop
 endfacet
 facet normal  7.8401011607e-14 -1.0000000000e+00 2.3131921625e-15
   outer loop
     vertex 2.5833557507e+00 -6.5100000000e-01 2.4616510208e-01
     vertex 2.5832919082e+00 -6.5100000000e-01 2.4832891587e-01
     vertex 2.5790841338e+00 -6.5100000000e-01 2.4695715916e-01
   endloop
 endfacet
 facet normal  7.8401011607e-14 -1.0000000000e+00 2.3131921625e-15
   outer loop
     vertex 2.5832919082e+00 -6.5100000000e-01 2.4832891587e-01
     vertex 2.5790473556e+00 -6.5100000000e-01 2.4820368195e-01
     vertex 2.5790841338e+00 -6.5100000000e-01 2.4695715916e-01
   endloop
 endfacet
 facet normal  0.0000000000e+00 -1.0000000000e+00 -0.0000000000e+00
   outer loop
     vertex 2.5790841338e+00 -6.5100000000e-01 2.4695715916e-01
     vertex 2.5790473556e+00 -6.5100000000e-01 2.4820368195e-01
     vertex 2.5772129067e+00 -6.5100000000e-01 2.4814955723e-01
   endloop
 endfacet
 facet normal  -0.0000000000e+00 -1.0000000000e+00 0.0000000000e+00
   outer loop
     vertex 2.5772129067e+00 -6.5100000000e-01 2.4814955723e-01
     vertex 2.5790473556e+00 -6.5100000000e-01 2.4820368195e-01
     vertex 2.5790105774e+00 -6.5100000000e-01 2.4945020474e-01
   endloop
 endfacet
 facet normal  0.0000000000e+00 -1.0000000000e+00 0.0000000000e+00
   outer loop
     vertex 2.5790105774e+00 -6.5100000000e-01 2.4945020474e-01
     vertex 2.5790473556e+00 -6.5100000000e-01 2.4820368195e-01
     vertex 2.5832919082e+00 -6.5100000000e-01 2.4832891587e-01
   endloop
 endfacet
 facet normal  0.0000000000e+00 -1.0000000000e+00 0.0000000000e+00
   outer loop
     vertex 2.5790105774e+00 -6.5100000000e-01 2.4945020474e-01
     vertex 2.5832919082e+00 -6.5100000000e-01 2.4832891587e-01
     vertex 2.5832280657e+00 -6.5100000000e-01 2.5049272965e-01
   endloop
 endfacet
 facet normal  0.0000000000e+00 -1.0000000000e+00 0.0000000000e+00
   outer loop
     vertex 2.5832280657e+00 -6.5100000000e-01 2.5049272965e-01
     vertex 2.5832919082e+00 -6.5100000000e-01 2.4832891587e-01
     vertex 2.5896339604e+00 -6.5100000000e-01 2.4851603572e-01
   endloop
 endfacet
 facet normal  0.0000000000e+00 -1.0000000000e+00 0.0000000000e+00
   outer loop
     vertex 2.5832280657e+00 -6.5100000000e-01 2.5049272965e-01
     vertex 2.5896339604e+00 -6.5100000000e-01 2.4851603572e-01
     vertex 2.5895477144e+00 -6.5100000000e-01 2.5143917096e-01
   endloop
 endfacet
 facet normal  0.0000000000e+00 -1.0000000000e+00 0.0000000000e+00
   outer loop
     vertex 2.5895477144e+00 -6.5100000000e-01 2.5143917096e-01
     vertex 2.5896339604e+00 -6.5100000000e-01 2.4851603572e-01
     vertex 2.5984603148e+00 -6.5100000000e-01 2.4877645396e-01
   endloop
 endfacet
 facet normal  0.0000000000e+00 -1.0000000000e+00 0.0000000000e+00
   outer loop
     vertex 2.5895477144e+00 -6.5100000000e-01 2.5143917096e-01
     vertex 2.5984603148e+00 -6.5100000000e-01 2.4877645396e-01
     vertex 2.5983555754e+00 -6.5100000000e-01 2.5232638443e-01
   endloop
 endfacet
 facet normal  0.0000000000e+00 -1.0000000000e+00 0.0000000000e+00
   outer loop
     vertex 2.5983555754e+00 -6.5100000000e-01 2.5232638443e-01
     vertex 2.5984603148e+00 -6.5100000000e-01 2.4877645396e-01
     vertex 2.6101341254e+00 -6.5100000000e-01 2.4912088532e-01
   endloop
 endfacet
 facet normal  0.0000000000e+00 -1.0000000000e+00 0.0000000000e+00
   outer loop
     vertex 2.5983555754e+00 -6.5100000000e-01 2.5232638443e-01
     vertex 2.6101341254e+00 -6.5100000000e-01 2.4912088532e-01
     vertex 2.6100162060e+00 -6.5100000000e-01 2.5311752919e-01
   endloop
 endfacet
 facet normal  0.0000000000e+00 -1.0000000000e+00 0.0000000000e+00
   outer loop
     vertex 2.6100162060e+00 -6.5100000000e-01 2.5311752919e-01
     vertex 2.6101341254e+00 -6.5100000000e-01 2.4912088532e-01
     vertex 2.6247244662e+00 -6.5100000000e-01 2.4955136780e-01
   endloop
 endfacet
 facet normal  0.0000000000e+00 -1.0000000000e+00 0.0000000000e+00
   outer loop
     vertex 2.6100162060e+00 -6.5100000000e-01 2.5311752919e-01
     vertex 2.6247244662e+00 -6.5100000000e-01 2.4955136780e-01
     vertex 2.6246007316e+00 -6.5100000000e-01 2.5374510393e-01
   endloop
 endfacet
 facet normal  0.0000000000e+00 -1.0000000000e+00 0.0000000000e+00
   outer loop
     vertex 2.6246007316e+00 -6.5100000000e-01 2.5374510393e-01
     vertex 2.6247244662e+00 -6.5100000000e-01 2.4955136780e-01
     vertex 2.6417827198e+00 -6.5100000000e-01 2.5005466512e-01
   endloop
 endfacet
 facet normal  0.0000000000e+00 -1.0000000000e+00 0.0000000000e+00
   outer loop
     vertex 2.6246007316e+00 -6.5100000000e-01 2.5374510393e-01
     vertex 2.6417827198e+00 -6.5100000000e-01 2.5005466512e-01
     vertex 2.6416618799e+00 -6.5100000000e-01 2.5415029090e-01
   endloop
 endfacet
 facet normal  0.0000000000e+00 -1.0000000000e+00 0.0000000000e+00
   outer loop
     vertex 2.6416618799e+00 -6.5100000000e-01 2.5415029090e-01
     vertex 2.6417827198e+00 -6.5100000000e-01 2.5005466512e-01
     vertex 2.6602665613e+00 -6.5100000000e-01 2.5060002386e-01
   endloop
 endfacet
 facet normal  0.0000000000e+00 -1.0000000000e+00 0.0000000000e+00
   outer loop
     vertex 2.6416618799e+00 -6.5100000000e-01 2.5415029090e-01
     vertex 2.6602665613e+00 -6.5100000000e-01 2.5060002386e-01
     vertex 2.6601568691e+00 -6.5100000000e-01 2.5431781929e-01
   endloop
 endfacet
 facet normal  0.0000000000e+00 -1.0000000000e+00 0.0000000000e+00
   outer loop
     vertex 2.6601568691e+00 -6.5100000000e-01 2.5431781929e-01
     vertex 2.6602665613e+00 -6.5100000000e-01 2.5060002386e-01
     vertex 2.6786374361e+00 -6.5100000000e-01 2.5428639296e-01
   endloop
 endfacet
 facet normal  -0.0000000000e+00 -1.0000000000e+00 0.0000000000e+00
   outer loop
     vertex 2.6602665613e+00 -6.5100000000e-01 2.5060002386e-01
     vertex 2.6787301281e+00 -6.5100000000e-01 2.5114478441e-01
     vertex 2.6786374361e+00 -6.5100000000e-01 2.5428639296e-01
   endloop
 endfacet
 facet normal  0.0000000000e+00 -1.0000000000e+00 0.0000000000e+00
   outer loop
     vertex 2.6786374361e+00 -6.5100000000e-01 2.5428639296e-01
     vertex 2.6787301281e+00 -6.5100000000e-01 2.5114478441e-01
     vertex 2.6956655251e+00 -6.5100000000e-01 2.5412598142e-01
   endloop
 endfacet
 facet normal  -0.0000000000e+00 -1.0000000000e+00 0.0000000000e+00
   outer loop
     vertex 2.6787301281e+00 -6.5100000000e-01 2.5114478441e-01
     vertex 2.6957386778e+00 -6.5100000000e-01 2.5164661523e-01
     vertex 2.6956655251e+00 -6.5100000000e-01 2.5412598142e-01
   endloop
 endfacet
 facet normal  0.0000000000e+00 -1.0000000000e+00 0.0000000000e+00
   outer loop
     vertex 2.6956655251e+00 -6.5100000000e-01 2.5412598142e-01
     vertex 2.6957386778e+00 -6.5100000000e-01 2.5164661523e-01
     vertex 2.7102236839e+00 -6.5100000000e-01 2.5390688616e-01
   endloop
 endfacet
 facet normal  -0.0000000000e+00 -1.0000000000e+00 0.0000000000e+00
   outer loop
     vertex 2.6957386778e+00 -6.5100000000e-01 2.5164661523e-01
     vertex 2.7102777158e+00 -6.5100000000e-01 2.5207558404e-01
     vertex 2.7102236839e+00 -6.5100000000e-01 2.5390688616e-01
   endloop
 endfacet
 facet normal  0.0000000000e+00 -1.0000000000e+00 0.0000000000e+00
   outer loop
     vertex 2.7102236839e+00 -6.5100000000e-01 2.5390688616e-01
     vertex 2.7102777158e+00 -6.5100000000e-01 2.5207558404e-01
     vertex 2.7218944344e+00 -6.5100000000e-01 2.5368169526e-01
   endloop
 endfacet
 facet normal  -0.0000000000e+00 -1.0000000000e+00 0.0000000000e+00
   outer loop
     vertex 2.7102777158e+00 -6.5100000000e-01 2.5207558404e-01
     vertex 2.7219316771e+00 -6.5100000000e-01 2.5241942976e-01
     vertex 2.7218944344e+00 -6.5100000000e-01 2.5368169526e-01
   endloop
 endfacet
 facet normal  0.0000000000e+00 -1.0000000000e+00 0.0000000000e+00
   outer loop
     vertex 2.7218944344e+00 -6.5100000000e-01 2.5368169526e-01
     vertex 2.7219316771e+00 -6.5100000000e-01 2.5241942976e-01
     vertex 2.7307770257e+00 -6.5100000000e-01 2.5348132024e-01
   endloop
 endfacet
 facet normal  -0.0000000000e+00 -1.0000000000e+00 0.0000000000e+00
   outer loop
     vertex 2.7219316771e+00 -6.5100000000e-01 2.5241942976e-01
     vertex 2.7308006357e+00 -6.5100000000e-01 2.5268110502e-01
     vertex 2.7307770257e+00 -6.5100000000e-01 2.5348132024e-01
   endloop
 endfacet
 facet normal  0.0000000000e+00 -1.0000000000e+00 0.0000000000e+00
   outer loop
     vertex 2.7307770257e+00 -6.5100000000e-01 2.5348132024e-01
     vertex 2.7308006357e+00 -6.5100000000e-01 2.5268110502e-01
     vertex 2.7372739684e+00 -6.5100000000e-01 2.5331842638e-01
   endloop
 endfacet
 facet normal  -0.0000000000e+00 -1.0000000000e+00 0.0000000000e+00
   outer loop
     vertex 2.7308006357e+00 -6.5100000000e-01 2.5268110502e-01
     vertex 2.7372871257e+00 -6.5100000000e-01 2.5287248645e-01
     vertex 2.7372739684e+00 -6.5100000000e-01 2.5331842638e-01
   endloop
 endfacet
 facet normal  0.0000000000e+00 -1.0000000000e+00 0.0000000000e+00
   outer loop
     vertex 2.7372739684e+00 -6.5100000000e-01 2.5331842638e-01
     vertex 2.7372871257e+00 -6.5100000000e-01 2.5287248645e-01
     vertex 2.7418890901e+00 -6.5100000000e-01 2.5319397969e-01
   endloop
 endfacet
 facet normal  -0.0000000000e+00 -1.0000000000e+00 0.0000000000e+00
   outer loop
     vertex 2.7372871257e+00 -6.5100000000e-01 2.5287248645e-01
     vertex 2.7418945648e+00 -6.5100000000e-01 2.5300842720e-01
     vertex 2.7418890901e+00 -6.5100000000e-01 2.5319397969e-01
   endloop
 endfacet
 facet normal  0.0000000000e+00 -1.0000000000e+00 0.0000000000e+00
   outer loop
     vertex 2.7418890901e+00 -6.5100000000e-01 2.5319397969e-01
     vertex 2.7418945648e+00 -6.5100000000e-01 2.5300842720e-01
     vertex 2.7450998479e+00 -6.5100000000e-01 2.5310299786e-01
   endloop
 endfacet
endsolid
