solid
 facet normal  1.5772206498e-01 -5.7412132365e-03 -9.8746685448e-01
   outer loop
     vertex 2.2348094468e+00 0.0000000000e+00 3.7883688236e-01
     vertex 2.2309187758e+00 0.0000000000e+00 3.7821544919e-01
     vertex 2.2388990570e+00 8.2000000000e-02 3.7901333616e-01
   endloop
 endfacet
 facet normal  1.5772206498e-01 -5.7412132365e-03 -9.8746685448e-01
   outer loop
     vertex 2.2388990570e+00 8.2000000000e-02 3.7901333616e-01
     vertex 2.2309187758e+00 0.0000000000e+00 3.7821544919e-01
     vertex 2.2354363598e+00 8.2000000000e-02 3.7846026063e-01
   endloop
 endfacet
 facet normal  1.5504115029e-01 -5.5922451528e-03 -9.8789218466e-01
   outer loop
     vertex 2.2309187758e+00 0.0000000000e+00 3.7821544919e-01
     vertex 2.2253254580e+00 0.0000000000e+00 3.7733762624e-01
     vertex 2.2354363598e+00 8.2000000000e-02 3.7846026063e-01
   endloop
 endfacet
 facet normal  1.5504115029e-01 -5.5922451528e-03 -9.8789218466e-01
   outer loop
     vertex 2.2354363598e+00 8.2000000000e-02 3.7846026063e-01
     vertex 2.2253254580e+00 0.0000000000e+00 3.7733762624e-01
     vertex 2.2304583069e+00 8.2000000000e-02 3.7767899821e-01
   endloop
 endfacet
 facet normal  1.5133762227e-01 -5.3580246184e-03 -9.8846760982e-01
   outer loop
     vertex 2.2253254580e+00 0.0000000000e+00 3.7733762624e-01
     vertex 2.2174497231e+00 0.0000000000e+00 3.7613182548e-01
     vertex 2.2304583069e+00 8.2000000000e-02 3.7767899821e-01
   endloop
 endfacet
 facet normal  1.5133762227e-01 -5.3580246184e-03 -9.8846760982e-01
   outer loop
     vertex 2.2304583069e+00 8.2000000000e-02 3.7767899821e-01
     vertex 2.2174497231e+00 0.0000000000e+00 3.7613182548e-01
     vertex 2.2234489028e+00 8.2000000000e-02 3.7660583553e-01
   endloop
 endfacet
 facet normal  1.4641037975e-01 -4.9932447708e-03 -9.8921133647e-01
   outer loop
     vertex 2.2174497231e+00 0.0000000000e+00 3.7613182548e-01
     vertex 2.2066789012e+00 0.0000000000e+00 3.7453766650e-01
     vertex 2.2234489028e+00 8.2000000000e-02 3.7660583553e-01
   endloop
 endfacet
 facet normal  1.4641037975e-01 -4.9932447708e-03 -9.8921133647e-01
   outer loop
     vertex 2.2234489028e+00 8.2000000000e-02 3.7660583553e-01
     vertex 2.2066789012e+00 0.0000000000e+00 3.7453766650e-01
     vertex 2.2138628713e+00 8.2000000000e-02 3.7518703404e-01
   endloop
 endfacet
 facet normal  1.4000408023e-01 -4.4246303275e-03 -9.9014104054e-01
   outer loop
     vertex 2.2066789012e+00 0.0000000000e+00 3.7453766650e-01
     vertex 2.1925218480e+00 0.0000000000e+00 3.7253588583e-01
     vertex 2.2138628713e+00 8.2000000000e-02 3.7518703404e-01
   endloop
 endfacet
 facet normal  1.4000408023e-01 -4.4246303275e-03 -9.9014104054e-01
   outer loop
     vertex 2.2138628713e+00 8.2000000000e-02 3.7518703404e-01
     vertex 2.1925218480e+00 0.0000000000e+00 3.7253588583e-01
     vertex 2.2012630941e+00 8.2000000000e-02 3.7340544924e-01
   endloop
 endfacet
 facet normal  1.3164909550e-01 -3.5217988761e-03 -9.9129012533e-01
   outer loop
     vertex 2.1925218480e+00 0.0000000000e+00 3.7253588583e-01
     vertex 2.1748535376e+00 0.0000000000e+00 3.7018943142e-01
     vertex 2.2012630941e+00 8.2000000000e-02 3.7340544924e-01
   endloop
 endfacet
 facet normal  1.3164909550e-01 -3.5217988761e-03 -9.9129012533e-01
   outer loop
     vertex 2.2012630941e+00 8.2000000000e-02 3.7340544924e-01
     vertex 2.1748535376e+00 0.0000000000e+00 3.7018943142e-01
     vertex 2.1855382978e+00 8.2000000000e-02 3.7131710482e-01
   endloop
 endfacet
 facet normal  1.2054087889e-01 -2.0549020185e-03 -9.9270623746e-01
   outer loop
     vertex 2.1748535376e+00 0.0000000000e+00 3.7018943142e-01
     vertex 2.1541741011e+00 0.0000000000e+00 3.6767839909e-01
     vertex 2.1855382978e+00 8.2000000000e-02 3.7131710482e-01
   endloop
 endfacet
 facet normal  1.2054087889e-01 -2.0549020185e-03 -9.9270623746e-01
   outer loop
     vertex 2.1855382978e+00 8.2000000000e-02 3.7131710482e-01
     vertex 2.1541741011e+00 0.0000000000e+00 3.6767839909e-01
     vertex 2.1671335993e+00 8.2000000000e-02 3.6908228604e-01
   endloop
 endfacet
 facet normal  1.0525729578e-01 3.9032379649e-04 -9.9444494535e-01
   outer loop
     vertex 2.1541741011e+00 0.0000000000e+00 3.6767839909e-01
     vertex 2.1317105939e+00 0.0000000000e+00 3.6530074306e-01
     vertex 2.1671335993e+00 8.2000000000e-02 3.6908228604e-01
   endloop
 endfacet
 facet normal  1.0525729578e-01 3.9032379649e-04 -9.9444494535e-01
   outer loop
     vertex 2.1671335993e+00 8.2000000000e-02 3.6908228604e-01
     vertex 2.1317105939e+00 0.0000000000e+00 3.6530074306e-01
     vertex 2.1471410778e+00 8.2000000000e-02 3.6696617217e-01
   endloop
 endfacet
 facet normal  8.3880074434e-02 4.4540632104e-03 -9.9646590229e-01
   outer loop
     vertex 2.1317105939e+00 0.0000000000e+00 3.6530074306e-01
     vertex 2.1271079591e+00 8.2000000000e-02 3.6527983300e-01
     vertex 2.1471410778e+00 8.2000000000e-02 3.6696617217e-01
   endloop
 endfacet
 facet normal  8.3880074434e-02 4.4540632104e-03 -9.9646590229e-01
   outer loop
     vertex 2.1317105939e+00 0.0000000000e+00 3.6530074306e-01
     vertex 2.1092014717e+00 0.0000000000e+00 3.6340597994e-01
     vertex 2.1271079591e+00 8.2000000000e-02 3.6527983300e-01
   endloop
 endfacet
 facet normal  5.4592175128e-02 1.0895038633e-02 -9.9844929393e-01
   outer loop
     vertex 2.1092014717e+00 0.0000000000e+00 3.6340597994e-01
     vertex 2.1085964409e+00 8.2000000000e-02 3.6426767940e-01
     vertex 2.1271079591e+00 8.2000000000e-02 3.6527983300e-01
   endloop
 endfacet
 facet normal  5.4592175128e-02 1.0895038633e-02 -9.9844929393e-01
   outer loop
     vertex 2.1092014717e+00 0.0000000000e+00 3.6340597994e-01
     vertex 2.0884020130e+00 0.0000000000e+00 3.6226872870e-01
     vertex 2.1085964409e+00 8.2000000000e-02 3.6426767940e-01
   endloop
 endfacet
 facet normal  1.6105810971e-02 2.0402775947e-02 -9.9966210771e-01
   outer loop
     vertex 2.0884020130e+00 0.0000000000e+00 3.6226872870e-01
     vertex 2.0927367591e+00 8.2000000000e-02 3.6401216003e-01
     vertex 2.1085964409e+00 8.2000000000e-02 3.6426767940e-01
   endloop
 endfacet
 facet normal  1.6105810971e-02 2.0402775947e-02 -9.9966210771e-01
   outer loop
     vertex 2.0884020130e+00 0.0000000000e+00 3.6226872870e-01
     vertex 2.0705821459e+00 0.0000000000e+00 3.6198162828e-01
     vertex 2.0927367591e+00 8.2000000000e-02 3.6401216003e-01
   endloop
 endfacet
 facet normal  -3.3238528591e-02 3.3715140026e-02 -9.9887861602e-01
   outer loop
     vertex 2.0705821459e+00 0.0000000000e+00 3.6198162828e-01
     vertex 2.0800202632e+00 8.2000000000e-02 3.6443531216e-01
     vertex 2.0927367591e+00 8.2000000000e-02 3.6401216003e-01
   endloop
 endfacet
 facet normal  -3.3238528591e-02 3.3715140026e-02 -9.9887861602e-01
   outer loop
     vertex 2.0705821459e+00 0.0000000000e+00 3.6198162828e-01
     vertex 2.0562939481e+00 0.0000000000e+00 3.6245708012e-01
     vertex 2.0800202632e+00 8.2000000000e-02 3.6443531216e-01
   endloop
 endfacet
 facet normal  -9.7674246286e-02 5.2237914640e-02 -9.9384653840e-01
   outer loop
     vertex 2.0562939481e+00 0.0000000000e+00 3.6245708012e-01
     vertex 2.0703784725e+00 8.2000000000e-02 3.6538289773e-01
     vertex 2.0800202632e+00 8.2000000000e-02 3.6443531216e-01
   endloop
 endfacet
 facet normal  -9.7674246286e-02 5.2237914640e-02 -9.9384653840e-01
   outer loop
     vertex 2.0562939481e+00 0.0000000000e+00 3.6245708012e-01
     vertex 2.0454604755e+00 0.0000000000e+00 3.6352178300e-01
     vertex 2.0703784725e+00 8.2000000000e-02 3.6538289773e-01
   endloop
 endfacet
 facet normal  -1.9012361111e-01 7.9982855496e-02 -9.7849668130e-01
   outer loop
     vertex 2.0454604755e+00 0.0000000000e+00 3.6352178300e-01
     vertex 2.0634215543e+00 8.2000000000e-02 3.6673463906e-01
     vertex 2.0703784725e+00 8.2000000000e-02 3.6538289773e-01
   endloop
 endfacet
 facet normal  -1.9012361111e-01 7.9982855496e-02 -9.7849668130e-01
   outer loop
     vertex 2.0454604755e+00 0.0000000000e+00 3.6352178300e-01
     vertex 2.0376437134e+00 0.0000000000e+00 3.6504059349e-01
     vertex 2.0634215543e+00 8.2000000000e-02 3.6673463906e-01
   endloop
 endfacet
 facet normal  -3.5376538225e-01 1.3034567284e-01 -9.2620735254e-01
   outer loop
     vertex 2.0376437134e+00 0.0000000000e+00 3.6504059349e-01
     vertex 2.0587271603e+00 8.2000000000e-02 3.6852766529e-01
     vertex 2.0634215543e+00 8.2000000000e-02 3.6673463906e-01
   endloop
 endfacet
 facet normal  -3.5376538225e-01 1.3034567284e-01 -9.2620735254e-01
   outer loop
     vertex 2.0376437134e+00 0.0000000000e+00 3.6504059349e-01
     vertex 2.0323691135e+00 0.0000000000e+00 3.6705522971e-01
     vertex 2.0587271603e+00 8.2000000000e-02 3.6852766529e-01
   endloop
 endfacet
 facet normal  -7.5376452827e-01 2.5317888002e-01 -6.0641527903e-01
   outer loop
     vertex 2.0323691135e+00 0.0000000000e+00 3.6705522971e-01
     vertex 2.0566186493e+00 8.2000000000e-02 3.7114851085e-01
     vertex 2.0587271603e+00 8.2000000000e-02 3.6852766529e-01
   endloop
 endfacet
 facet normal  -7.5376452827e-01 2.5317888002e-01 -6.0641527903e-01
   outer loop
     vertex 2.0323691135e+00 0.0000000000e+00 3.6705522971e-01
     vertex 2.0300000000e+00 0.0000000000e+00 3.7000000000e-01
     vertex 2.0566186493e+00 8.2000000000e-02 3.7114851085e-01
   endloop
 endfacet
 facet normal  -8.0319582952e-01 2.5317888002e-01 5.3923734492e-01
   outer loop
     vertex 2.0300000000e+00 0.0000000000e+00 3.7000000000e-01
     vertex 2.0321066660e+00 0.0000000000e+00 3.7313788608e-01
     vertex 2.0566186493e+00 8.2000000000e-02 3.7114851085e-01
   endloop
 endfacet
 facet normal  -8.0319582952e-01 2.5317888002e-01 5.3923734492e-01
   outer loop
     vertex 2.0566186493e+00 8.2000000000e-02 3.7114851085e-01
     vertex 2.0321066660e+00 0.0000000000e+00 3.7313788608e-01
     vertex 2.0584935821e+00 8.2000000000e-02 3.7394122946e-01
   endloop
 endfacet
 facet normal  -4.3222799554e-01 1.3034567284e-01 8.9229421462e-01
   outer loop
     vertex 2.0321066660e+00 0.0000000000e+00 3.7313788608e-01
     vertex 2.0371881362e+00 0.0000000000e+00 3.7559935409e-01
     vertex 2.0584935821e+00 8.2000000000e-02 3.7394122946e-01
   endloop
 endfacet
 facet normal  -4.3222799554e-01 1.3034567284e-01 8.9229421462e-01
   outer loop
     vertex 2.0584935821e+00 8.2000000000e-02 3.7394122946e-01
     vertex 2.0371881362e+00 0.0000000000e+00 3.7559935409e-01
     vertex 2.0630160905e+00 8.2000000000e-02 3.7613193599e-01
   endloop
 endfacet
 facet normal  -2.7369823482e-01 7.9982855496e-02 9.5848422996e-01
   outer loop
     vertex 2.0371881362e+00 0.0000000000e+00 3.7559935409e-01
     vertex 2.0448450279e+00 0.0000000000e+00 3.7778580399e-01
     vertex 2.0630160905e+00 8.2000000000e-02 3.7613193599e-01
   endloop
 endfacet
 facet normal  -2.7369823482e-01 7.9982855496e-02 9.5848422996e-01
   outer loop
     vertex 2.0630160905e+00 8.2000000000e-02 3.7613193599e-01
     vertex 2.0448450279e+00 0.0000000000e+00 3.7778580399e-01
     vertex 2.0698307241e+00 8.2000000000e-02 3.7807787640e-01
   endloop
 endfacet
 facet normal  -1.8291458180e-01 5.2237914640e-02 9.8174001448e-01
   outer loop
     vertex 2.0448450279e+00 0.0000000000e+00 3.7778580399e-01
     vertex 2.0555465328e+00 0.0000000000e+00 3.7977967331e-01
     vertex 2.0698307241e+00 8.2000000000e-02 3.7807787640e-01
   endloop
 endfacet
 facet normal  -1.8291458180e-01 5.2237914640e-02 9.8174001448e-01
   outer loop
     vertex 2.0698307241e+00 8.2000000000e-02 3.7807787640e-01
     vertex 2.0555465328e+00 0.0000000000e+00 3.7977967331e-01
     vertex 2.0793550635e+00 8.2000000000e-02 3.7985242010e-01
   endloop
 endfacet
 facet normal  -1.1915176158e-01 3.3715140026e-02 9.9230345512e-01
   outer loop
     vertex 2.0555465328e+00 0.0000000000e+00 3.7977967331e-01
     vertex 2.0697406779e+00 0.0000000000e+00 3.8148404850e-01
     vertex 2.0793550635e+00 8.2000000000e-02 3.7985242010e-01
   endloop
 endfacet
 facet normal  -1.1915176158e-01 3.3715140026e-02 9.9230345512e-01
   outer loop
     vertex 2.0793550635e+00 8.2000000000e-02 3.7985242010e-01
     vertex 2.0697406779e+00 0.0000000000e+00 3.8148404850e-01
     vertex 2.0919878526e+00 8.2000000000e-02 3.8136931402e-01
   endloop
 endfacet
 facet normal  -7.0058289227e-02 2.0402775947e-02 9.9733422825e-01
   outer loop
     vertex 2.0697406779e+00 0.0000000000e+00 3.8148404850e-01
     vertex 2.0875190485e+00 0.0000000000e+00 3.8273289988e-01
     vertex 2.0919878526e+00 8.2000000000e-02 3.8136931402e-01
   endloop
 endfacet
 facet normal  -7.0058289227e-02 2.0402775947e-02 9.9733422825e-01
   outer loop
     vertex 2.0919878526e+00 8.2000000000e-02 3.8136931402e-01
     vertex 2.0875190485e+00 0.0000000000e+00 3.8273289988e-01
     vertex 2.1078106025e+00 8.2000000000e-02 3.8248079175e-01
   endloop
 endfacet
 facet normal  -3.1610491412e-02 1.0895038633e-02 9.9944088118e-01
   outer loop
     vertex 2.0875190485e+00 0.0000000000e+00 3.8273289988e-01
     vertex 2.1083391637e+00 0.0000000000e+00 3.8339140214e-01
     vertex 2.1078106025e+00 8.2000000000e-02 3.8248079175e-01
   endloop
 endfacet
 facet normal  -3.1610491412e-02 1.0895038633e-02 9.9944088118e-01
   outer loop
     vertex 2.1078106025e+00 8.2000000000e-02 3.8248079175e-01
     vertex 2.1083391637e+00 0.0000000000e+00 3.8339140214e-01
     vertex 2.1263405050e+00 8.2000000000e-02 3.8306685875e-01
   endloop
 endfacet
 facet normal  -2.2606009830e-03 4.4540632104e-03 9.9998752542e-01
   outer loop
     vertex 2.1083391637e+00 0.0000000000e+00 3.8339140214e-01
     vertex 2.1309278356e+00 0.0000000000e+00 3.8344246675e-01
     vertex 2.1263405050e+00 8.2000000000e-02 3.8306685875e-01
   endloop
 endfacet
 facet normal  -2.2606009830e-03 4.4540632104e-03 9.9998752542e-01
   outer loop
     vertex 2.1263405050e+00 8.2000000000e-02 3.8306685875e-01
     vertex 2.1309278356e+00 0.0000000000e+00 3.8344246675e-01
     vertex 2.1464444230e+00 8.2000000000e-02 3.8311230626e-01
   endloop
 endfacet
 facet normal  1.9211246216e-02 3.9032379649e-04 9.9981537079e-01
   outer loop
     vertex 2.1309278356e+00 0.0000000000e+00 3.8344246675e-01
     vertex 2.1665449126e+00 8.2000000000e-02 3.8272607950e-01
     vertex 2.1464444230e+00 8.2000000000e-02 3.8311230626e-01
   endloop
 endfacet
 facet normal  1.9211246216e-02 3.9032379649e-04 9.9981537079e-01
   outer loop
     vertex 2.1309278356e+00 0.0000000000e+00 3.8344246675e-01
     vertex 2.1535126554e+00 0.0000000000e+00 3.8300850409e-01
     vertex 2.1665449126e+00 8.2000000000e-02 3.8272607950e-01
   endloop
 endfacet
 facet normal  3.4587790417e-02 -2.0549020185e-03 9.9939955080e-01
   outer loop
     vertex 2.1535126554e+00 0.0000000000e+00 3.8300850409e-01
     vertex 2.1850737046e+00 8.2000000000e-02 3.8208482448e-01
     vertex 2.1665449126e+00 8.2000000000e-02 3.8272607950e-01
   endloop
 endfacet
 facet normal  3.4587790417e-02 -2.0549020185e-03 9.9939955080e-01
   outer loop
     vertex 2.1535126554e+00 0.0000000000e+00 3.8300850409e-01
     vertex 2.1743315228e+00 0.0000000000e+00 3.8228799284e-01
     vertex 2.1850737046e+00 8.2000000000e-02 3.8208482448e-01
   endloop
 endfacet
 facet normal  4.5776699129e-02 -3.5217988761e-03 9.9894548938e-01
   outer loop
     vertex 2.1743315228e+00 0.0000000000e+00 3.8228799284e-01
     vertex 2.2009199376e+00 8.2000000000e-02 3.8135867050e-01
     vertex 2.1850737046e+00 8.2000000000e-02 3.8208482448e-01
   endloop
 endfacet
 facet normal  4.5776699129e-02 -3.5217988761e-03 9.9894548938e-01
   outer loop
     vertex 2.1743315228e+00 0.0000000000e+00 3.8228799284e-01
     vertex 2.1921362790e+00 0.0000000000e+00 3.8147208949e-01
     vertex 2.2009199376e+00 8.2000000000e-02 3.8135867050e-01
   endloop
 endfacet
 facet normal  5.4199608054e-02 -4.4246303275e-03 9.9852031784e-01
   outer loop
     vertex 2.1921362790e+00 0.0000000000e+00 3.8147208949e-01
     vertex 2.2136263432e+00 8.2000000000e-02 3.8066896776e-01
     vertex 2.2009199376e+00 8.2000000000e-02 3.8135867050e-01
   endloop
 endfacet
 facet normal  5.4199608054e-02 -4.4246303275e-03 9.9852031784e-01
   outer loop
     vertex 2.1921362790e+00 0.0000000000e+00 3.8147208949e-01
     vertex 2.2064131392e+00 0.0000000000e+00 3.8069714259e-01
     vertex 2.2136263432e+00 8.2000000000e-02 3.8066896776e-01
   endloop
 endfacet
 facet normal  6.0662177843e-02 -4.9932447708e-03 9.9814586493e-01
   outer loop
     vertex 2.2064131392e+00 0.0000000000e+00 3.8069714259e-01
     vertex 2.2232989554e+00 8.2000000000e-02 3.8008111608e-01
     vertex 2.2136263432e+00 8.2000000000e-02 3.8066896776e-01
   endloop
 endfacet
 facet normal  6.0662177843e-02 -4.9932447708e-03 9.9814586493e-01
   outer loop
     vertex 2.2064131392e+00 0.0000000000e+00 3.8069714259e-01
     vertex 2.2172812428e+00 0.0000000000e+00 3.8003663508e-01
     vertex 2.2232989554e+00 8.2000000000e-02 3.8008111608e-01
   endloop
 endfacet
 facet normal  6.5635168511e-02 -5.3580246184e-03 9.9782930215e-01
   outer loop
     vertex 2.2172812428e+00 0.0000000000e+00 3.8003663508e-01
     vertex 2.2303747450e+00 8.2000000000e-02 3.7961568513e-01
     vertex 2.2232989554e+00 8.2000000000e-02 3.8008111608e-01
   endloop
 endfacet
 facet normal  6.5635168511e-02 -5.3580246184e-03 9.9782930215e-01
   outer loop
     vertex 2.2172812428e+00 0.0000000000e+00 3.8003663508e-01
     vertex 2.2252315682e+00 0.0000000000e+00 3.7951367896e-01
     vertex 2.2303747450e+00 8.2000000000e-02 3.7961568513e-01
   endloop
 endfacet
 facet normal  6.9374496101e-02 -5.5922451528e-03 9.9757501276e-01
   outer loop
     vertex 2.2252315682e+00 0.0000000000e+00 3.7951367896e-01
     vertex 2.2354015903e+00 8.2000000000e-02 3.7926610254e-01
     vertex 2.2303747450e+00 8.2000000000e-02 3.7961568513e-01
   endloop
 endfacet
 facet normal  6.9374496101e-02 -5.5922451528e-03 9.9757501276e-01
   outer loop
     vertex 2.2252315682e+00 0.0000000000e+00 3.7951367896e-01
     vertex 2.2308797089e+00 0.0000000000e+00 3.7912088953e-01
     vertex 2.2354015903e+00 8.2000000000e-02 3.7926610254e-01
   endloop
 endfacet
 facet normal  7.2082082594e-02 -5.7412132365e-03 9.9738217943e-01
   outer loop
     vertex 2.2308797089e+00 0.0000000000e+00 3.7912088953e-01
     vertex 2.2388990570e+00 8.2000000000e-02 3.7901333616e-01
     vertex 2.2354015903e+00 8.2000000000e-02 3.7926610254e-01
   endloop
 endfacet
 facet normal  7.2082082594e-02 -5.7412132365e-03 9.9738217943e-01
   outer loop
     vertex 2.2308797089e+00 0.0000000000e+00 3.7912088953e-01
     vertex 2.2348094468e+00 0.0000000000e+00 3.7883688236e-01
     vertex 2.2388990570e+00 8.2000000000e-02 3.7901333616e-01
   endloop
 endfacet
 facet normal  1.5772206498e-01 -5.7412132365e-03 -9.8746685448e-01
   outer loop
     vertex 2.2388990570e+00 8.2000000000e-02 3.7901333616e-01
     vertex 2.2354363598e+00 8.2000000000e-02 3.7846026063e-01
     vertex 2.2429886671e+00 1.6400000000e-01 3.7918978995e-01
   endloop
 endfacet
 facet normal  1.5772206498e-01 -5.7412132365e-03 -9.8746685448e-01
   outer loop
     vertex 2.2429886671e+00 1.6400000000e-01 3.7918978995e-01
     vertex 2.2354363598e+00 8.2000000000e-02 3.7846026063e-01
     vertex 2.2399539438e+00 1.6400000000e-01 3.7870507207e-01
   endloop
 endfacet
 facet normal  1.5504115029e-01 -5.5922451528e-03 -9.8789218466e-01
   outer loop
     vertex 2.2354363598e+00 8.2000000000e-02 3.7846026063e-01
     vertex 2.2304583069e+00 8.2000000000e-02 3.7767899821e-01
     vertex 2.2399539438e+00 1.6400000000e-01 3.7870507207e-01
   endloop
 endfacet
 facet normal  1.5504115029e-01 -5.5922451528e-03 -9.8789218466e-01
   outer loop
     vertex 2.2399539438e+00 1.6400000000e-01 3.7870507207e-01
     vertex 2.2304583069e+00 8.2000000000e-02 3.7767899821e-01
     vertex 2.2355911558e+00 1.6400000000e-01 3.7802037017e-01
   endloop
 endfacet
 facet normal  1.5133762227e-01 -5.3580246184e-03 -9.8846760982e-01
   outer loop
     vertex 2.2304583069e+00 8.2000000000e-02 3.7767899821e-01
     vertex 2.2234489028e+00 8.2000000000e-02 3.7660583553e-01
     vertex 2.2355911558e+00 1.6400000000e-01 3.7802037017e-01
   endloop
 endfacet
 facet normal  1.5133762227e-01 -5.3580246184e-03 -9.8846760982e-01
   outer loop
     vertex 2.2355911558e+00 1.6400000000e-01 3.7802037017e-01
     vertex 2.2234489028e+00 8.2000000000e-02 3.7660583553e-01
     vertex 2.2294480826e+00 1.6400000000e-01 3.7707984558e-01
   endloop
 endfacet
 facet normal  1.4641037975e-01 -4.9932447708e-03 -9.8921133647e-01
   outer loop
     vertex 2.2234489028e+00 8.2000000000e-02 3.7660583553e-01
     vertex 2.2138628713e+00 8.2000000000e-02 3.7518703404e-01
     vertex 2.2294480826e+00 1.6400000000e-01 3.7707984558e-01
   endloop
 endfacet
 facet normal  1.4641037975e-01 -4.9932447708e-03 -9.8921133647e-01
   outer loop
     vertex 2.2294480826e+00 1.6400000000e-01 3.7707984558e-01
     vertex 2.2138628713e+00 8.2000000000e-02 3.7518703404e-01
     vertex 2.2210468415e+00 1.6400000000e-01 3.7583640158e-01
   endloop
 endfacet
 facet normal  1.4000408023e-01 -4.4246303275e-03 -9.9014104054e-01
   outer loop
     vertex 2.2138628713e+00 8.2000000000e-02 3.7518703404e-01
     vertex 2.2012630941e+00 8.2000000000e-02 3.7340544924e-01
     vertex 2.2210468415e+00 1.6400000000e-01 3.7583640158e-01
   endloop
 endfacet
 facet normal  1.4000408023e-01 -4.4246303275e-03 -9.9014104054e-01
   outer loop
     vertex 2.2210468415e+00 1.6400000000e-01 3.7583640158e-01
     vertex 2.2012630941e+00 8.2000000000e-02 3.7340544924e-01
     vertex 2.2100043401e+00 1.6400000000e-01 3.7427501265e-01
   endloop
 endfacet
 facet normal  1.3164909550e-01 -3.5217988761e-03 -9.9129012533e-01
   outer loop
     vertex 2.2012630941e+00 8.2000000000e-02 3.7340544924e-01
     vertex 2.1855382978e+00 8.2000000000e-02 3.7131710482e-01
     vertex 2.2100043401e+00 1.6400000000e-01 3.7427501265e-01
   endloop
 endfacet
 facet normal  1.3164909550e-01 -3.5217988761e-03 -9.9129012533e-01
   outer loop
     vertex 2.2100043401e+00 1.6400000000e-01 3.7427501265e-01
     vertex 2.1855382978e+00 8.2000000000e-02 3.7131710482e-01
     vertex 2.1962230579e+00 1.6400000000e-01 3.7244477821e-01
   endloop
 endfacet
 facet normal  1.2054087889e-01 -2.0549020185e-03 -9.9270623746e-01
   outer loop
     vertex 2.1855382978e+00 8.2000000000e-02 3.7131710482e-01
     vertex 2.1671335993e+00 8.2000000000e-02 3.6908228604e-01
     vertex 2.1962230579e+00 1.6400000000e-01 3.7244477821e-01
   endloop
 endfacet
 facet normal  1.2054087889e-01 -2.0549020185e-03 -9.9270623746e-01
   outer loop
     vertex 2.1962230579e+00 1.6400000000e-01 3.7244477821e-01
     vertex 2.1671335993e+00 8.2000000000e-02 3.6908228604e-01
     vertex 2.1800930974e+00 1.6400000000e-01 3.7048617300e-01
   endloop
 endfacet
 facet normal  1.0525729578e-01 3.9032379649e-04 -9.9444494535e-01
   outer loop
     vertex 2.1671335993e+00 8.2000000000e-02 3.6908228604e-01
     vertex 2.1471410778e+00 8.2000000000e-02 3.6696617217e-01
     vertex 2.1800930974e+00 1.6400000000e-01 3.7048617300e-01
   endloop
 endfacet
 facet normal  1.0525729578e-01 3.9032379649e-04 -9.9444494535e-01
   outer loop
     vertex 2.1800930974e+00 1.6400000000e-01 3.7048617300e-01
     vertex 2.1471410778e+00 8.2000000000e-02 3.6696617217e-01
     vertex 2.1625715618e+00 1.6400000000e-01 3.6863160129e-01
   endloop
 endfacet
 facet normal  8.3880074434e-02 4.4540632104e-03 -9.9646590229e-01
   outer loop
     vertex 2.1471410778e+00 8.2000000000e-02 3.6696617217e-01
     vertex 2.1450144466e+00 1.6400000000e-01 3.6715368606e-01
     vertex 2.1625715618e+00 1.6400000000e-01 3.6863160129e-01
   endloop
 endfacet
 facet normal  8.3880074434e-02 4.4540632104e-03 -9.9646590229e-01
   outer loop
     vertex 2.1471410778e+00 8.2000000000e-02 3.6696617217e-01
     vertex 2.1271079591e+00 8.2000000000e-02 3.6527983300e-01
     vertex 2.1450144466e+00 1.6400000000e-01 3.6715368606e-01
   endloop
 endfacet
 facet normal  5.4592175128e-02 1.0895038633e-02 -9.9844929393e-01
   outer loop
     vertex 2.1271079591e+00 8.2000000000e-02 3.6527983300e-01
     vertex 2.1287908688e+00 1.6400000000e-01 3.6626663010e-01
     vertex 2.1450144466e+00 1.6400000000e-01 3.6715368606e-01
   endloop
 endfacet
 facet normal  5.4592175128e-02 1.0895038633e-02 -9.9844929393e-01
   outer loop
     vertex 2.1271079591e+00 8.2000000000e-02 3.6527983300e-01
     vertex 2.1085964409e+00 8.2000000000e-02 3.6426767940e-01
     vertex 2.1287908688e+00 1.6400000000e-01 3.6626663010e-01
   endloop
 endfacet
 facet normal  1.6105810971e-02 2.0402775947e-02 -9.9966210771e-01
   outer loop
     vertex 2.1085964409e+00 8.2000000000e-02 3.6426767940e-01
     vertex 2.1148913724e+00 1.6400000000e-01 3.6604269177e-01
     vertex 2.1287908688e+00 1.6400000000e-01 3.6626663010e-01
   endloop
 endfacet
 facet normal  1.6105810971e-02 2.0402775947e-02 -9.9966210771e-01
   outer loop
     vertex 2.1085964409e+00 8.2000000000e-02 3.6426767940e-01
     vertex 2.0927367591e+00 8.2000000000e-02 3.6401216003e-01
     vertex 2.1148913724e+00 1.6400000000e-01 3.6604269177e-01
   endloop
 endfacet
 facet normal  -3.3238528591e-02 3.3715140026e-02 -9.9887861602e-01
   outer loop
     vertex 2.0927367591e+00 8.2000000000e-02 3.6401216003e-01
     vertex 2.1037465782e+00 1.6400000000e-01 3.6641354420e-01
     vertex 2.1148913724e+00 1.6400000000e-01 3.6604269177e-01
   endloop
 endfacet
 facet normal  -3.3238528591e-02 3.3715140026e-02 -9.9887861602e-01
   outer loop
     vertex 2.0927367591e+00 8.2000000000e-02 3.6401216003e-01
     vertex 2.0800202632e+00 8.2000000000e-02 3.6443531216e-01
     vertex 2.1037465782e+00 1.6400000000e-01 3.6641354420e-01
   endloop
 endfacet
 facet normal  -9.7674246286e-02 5.2237914640e-02 -9.9384653840e-01
   outer loop
     vertex 2.0800202632e+00 8.2000000000e-02 3.6443531216e-01
     vertex 2.0952964695e+00 1.6400000000e-01 3.6724401245e-01
     vertex 2.1037465782e+00 1.6400000000e-01 3.6641354420e-01
   endloop
 endfacet
 facet normal  -9.7674246286e-02 5.2237914640e-02 -9.9384653840e-01
   outer loop
     vertex 2.0800202632e+00 8.2000000000e-02 3.6443531216e-01
     vertex 2.0703784725e+00 8.2000000000e-02 3.6538289773e-01
     vertex 2.0952964695e+00 1.6400000000e-01 3.6724401245e-01
   endloop
 endfacet
 facet normal  -1.9012361111e-01 7.9982855496e-02 -9.7849668130e-01
   outer loop
     vertex 2.0703784725e+00 8.2000000000e-02 3.6538289773e-01
     vertex 2.0891993951e+00 1.6400000000e-01 3.6842868463e-01
     vertex 2.0952964695e+00 1.6400000000e-01 3.6724401245e-01
   endloop
 endfacet
 facet normal  -1.9012361111e-01 7.9982855496e-02 -9.7849668130e-01
   outer loop
     vertex 2.0703784725e+00 8.2000000000e-02 3.6538289773e-01
     vertex 2.0634215543e+00 8.2000000000e-02 3.6673463906e-01
     vertex 2.0891993951e+00 1.6400000000e-01 3.6842868463e-01
   endloop
 endfacet
 facet normal  -3.5376538225e-01 1.3034567284e-01 -9.2620735254e-01
   outer loop
     vertex 2.0634215543e+00 8.2000000000e-02 3.6673463906e-01
     vertex 2.0850852071e+00 1.6400000000e-01 3.7000010088e-01
     vertex 2.0891993951e+00 1.6400000000e-01 3.6842868463e-01
   endloop
 endfacet
 facet normal  -3.5376538225e-01 1.3034567284e-01 -9.2620735254e-01
   outer loop
     vertex 2.0634215543e+00 8.2000000000e-02 3.6673463906e-01
     vertex 2.0587271603e+00 8.2000000000e-02 3.6852766529e-01
     vertex 2.0850852071e+00 1.6400000000e-01 3.7000010088e-01
   endloop
 endfacet
 facet normal  -7.5376452827e-01 2.5317888002e-01 -6.0641527903e-01
   outer loop
     vertex 2.0587271603e+00 8.2000000000e-02 3.6852766529e-01
     vertex 2.0832372986e+00 1.6400000000e-01 3.7229702171e-01
     vertex 2.0850852071e+00 1.6400000000e-01 3.7000010088e-01
   endloop
 endfacet
 facet normal  -7.5376452827e-01 2.5317888002e-01 -6.0641527903e-01
   outer loop
     vertex 2.0587271603e+00 8.2000000000e-02 3.6852766529e-01
     vertex 2.0566186493e+00 8.2000000000e-02 3.7114851085e-01
     vertex 2.0832372986e+00 1.6400000000e-01 3.7229702171e-01
   endloop
 endfacet
 facet normal  -8.0319582952e-01 2.5317888002e-01 5.3923734492e-01
   outer loop
     vertex 2.0566186493e+00 8.2000000000e-02 3.7114851085e-01
     vertex 2.0584935821e+00 8.2000000000e-02 3.7394122946e-01
     vertex 2.0832372986e+00 1.6400000000e-01 3.7229702171e-01
   endloop
 endfacet
 facet normal  -8.0319582952e-01 2.5317888002e-01 5.3923734492e-01
   outer loop
     vertex 2.0832372986e+00 1.6400000000e-01 3.7229702171e-01
     vertex 2.0584935821e+00 8.2000000000e-02 3.7394122946e-01
     vertex 2.0848804981e+00 1.6400000000e-01 3.7474457285e-01
   endloop
 endfacet
 facet normal  -4.3222799554e-01 1.3034567284e-01 8.9229421462e-01
   outer loop
     vertex 2.0584935821e+00 8.2000000000e-02 3.7394122946e-01
     vertex 2.0630160905e+00 8.2000000000e-02 3.7613193599e-01
     vertex 2.0848804981e+00 1.6400000000e-01 3.7474457285e-01
   endloop
 endfacet
 facet normal  -4.3222799554e-01 1.3034567284e-01 8.9229421462e-01
   outer loop
     vertex 2.0848804981e+00 1.6400000000e-01 3.7474457285e-01
     vertex 2.0630160905e+00 8.2000000000e-02 3.7613193599e-01
     vertex 2.0888440448e+00 1.6400000000e-01 3.7666451790e-01
   endloop
 endfacet
 facet normal  -2.7369823482e-01 7.9982855496e-02 9.5848422996e-01
   outer loop
     vertex 2.0630160905e+00 8.2000000000e-02 3.7613193599e-01
     vertex 2.0698307241e+00 8.2000000000e-02 3.7807787640e-01
     vertex 2.0888440448e+00 1.6400000000e-01 3.7666451790e-01
   endloop
 endfacet
 facet normal  -2.7369823482e-01 7.9982855496e-02 9.5848422996e-01
   outer loop
     vertex 2.0888440448e+00 1.6400000000e-01 3.7666451790e-01
     vertex 2.0698307241e+00 8.2000000000e-02 3.7807787640e-01
     vertex 2.0948164204e+00 1.6400000000e-01 3.7836994882e-01
   endloop
 endfacet
 facet normal  -1.8291458180e-01 5.2237914640e-02 9.8174001448e-01
   outer loop
     vertex 2.0698307241e+00 8.2000000000e-02 3.7807787640e-01
     vertex 2.0793550635e+00 8.2000000000e-02 3.7985242010e-01
     vertex 2.0948164204e+00 1.6400000000e-01 3.7836994882e-01
   endloop
 endfacet
 facet normal  -1.8291458180e-01 5.2237914640e-02 9.8174001448e-01
   outer loop
     vertex 2.0948164204e+00 1.6400000000e-01 3.7836994882e-01
     vertex 2.0793550635e+00 8.2000000000e-02 3.7985242010e-01
     vertex 2.1031635942e+00 1.6400000000e-01 3.7992516689e-01
   endloop
 endfacet
 facet normal  -1.1915176158e-01 3.3715140026e-02 9.9230345512e-01
   outer loop
     vertex 2.0793550635e+00 8.2000000000e-02 3.7985242010e-01
     vertex 2.0919878526e+00 8.2000000000e-02 3.8136931402e-01
     vertex 2.1031635942e+00 1.6400000000e-01 3.7992516689e-01
   endloop
 endfacet
 facet normal  -1.1915176158e-01 3.3715140026e-02 9.9230345512e-01
   outer loop
     vertex 2.1031635942e+00 1.6400000000e-01 3.7992516689e-01
     vertex 2.0919878526e+00 8.2000000000e-02 3.8136931402e-01
     vertex 2.1142350274e+00 1.6400000000e-01 3.8125457953e-01
   endloop
 endfacet
 facet normal  -7.0058289227e-02 2.0402775947e-02 9.9733422825e-01
   outer loop
     vertex 2.0919878526e+00 8.2000000000e-02 3.8136931402e-01
     vertex 2.1078106025e+00 8.2000000000e-02 3.8248079175e-01
     vertex 2.1142350274e+00 1.6400000000e-01 3.8125457953e-01
   endloop
 endfacet
 facet normal  -7.0058289227e-02 2.0402775947e-02 9.9733422825e-01
   outer loop
     vertex 2.1142350274e+00 1.6400000000e-01 3.8125457953e-01
     vertex 2.1078106025e+00 8.2000000000e-02 3.8248079175e-01
     vertex 2.1281021564e+00 1.6400000000e-01 3.8222868361e-01
   endloop
 endfacet
 facet normal  -3.1610491412e-02 1.0895038633e-02 9.9944088118e-01
   outer loop
     vertex 2.1078106025e+00 8.2000000000e-02 3.8248079175e-01
     vertex 2.1263405050e+00 8.2000000000e-02 3.8306685875e-01
     vertex 2.1281021564e+00 1.6400000000e-01 3.8222868361e-01
   endloop
 endfacet
 facet normal  -3.1610491412e-02 1.0895038633e-02 9.9944088118e-01
   outer loop
     vertex 2.1281021564e+00 1.6400000000e-01 3.8222868361e-01
     vertex 2.1263405050e+00 8.2000000000e-02 3.8306685875e-01
     vertex 2.1443418463e+00 1.6400000000e-01 3.8274231537e-01
   endloop
 endfacet
 facet normal  -2.2606009830e-03 4.4540632104e-03 9.9998752542e-01
   outer loop
     vertex 2.1263405050e+00 8.2000000000e-02 3.8306685875e-01
     vertex 2.1464444230e+00 8.2000000000e-02 3.8311230626e-01
     vertex 2.1443418463e+00 1.6400000000e-01 3.8274231537e-01
   endloop
 endfacet
 facet normal  -2.2606009830e-03 4.4540632104e-03 9.9998752542e-01
   outer loop
     vertex 2.1443418463e+00 1.6400000000e-01 3.8274231537e-01
     vertex 2.1464444230e+00 8.2000000000e-02 3.8311230626e-01
     vertex 2.1619610104e+00 1.6400000000e-01 3.8278214577e-01
   endloop
 endfacet
 facet normal  1.9211246216e-02 3.9032379649e-04 9.9981537079e-01
   outer loop
     vertex 2.1464444230e+00 8.2000000000e-02 3.8311230626e-01
     vertex 2.1795771698e+00 1.6400000000e-01 3.8244365490e-01
     vertex 2.1619610104e+00 1.6400000000e-01 3.8278214577e-01
   endloop
 endfacet
 facet normal  1.9211246216e-02 3.9032379649e-04 9.9981537079e-01
   outer loop
     vertex 2.1464444230e+00 8.2000000000e-02 3.8311230626e-01
     vertex 2.1665449126e+00 8.2000000000e-02 3.8272607950e-01
     vertex 2.1795771698e+00 1.6400000000e-01 3.8244365490e-01
   endloop
 endfacet
 facet normal  3.4587790417e-02 -2.0549020185e-03 9.9939955080e-01
   outer loop
     vertex 2.1665449126e+00 8.2000000000e-02 3.8272607950e-01
     vertex 2.1958158864e+00 1.6400000000e-01 3.8188165612e-01
     vertex 2.1795771698e+00 1.6400000000e-01 3.8244365490e-01
   endloop
 endfacet
 facet normal  3.4587790417e-02 -2.0549020185e-03 9.9939955080e-01
   outer loop
     vertex 2.1665449126e+00 8.2000000000e-02 3.8272607950e-01
     vertex 2.1850737046e+00 8.2000000000e-02 3.8208482448e-01
     vertex 2.1958158864e+00 1.6400000000e-01 3.8188165612e-01
   endloop
 endfacet
 facet normal  4.5776699129e-02 -3.5217988761e-03 9.9894548938e-01
   outer loop
     vertex 2.1850737046e+00 8.2000000000e-02 3.8208482448e-01
     vertex 2.2097035962e+00 1.6400000000e-01 3.8124525151e-01
     vertex 2.1958158864e+00 1.6400000000e-01 3.8188165612e-01
   endloop
 endfacet
 facet normal  4.5776699129e-02 -3.5217988761e-03 9.9894548938e-01
   outer loop
     vertex 2.1850737046e+00 8.2000000000e-02 3.8208482448e-01
     vertex 2.2009199376e+00 8.2000000000e-02 3.8135867050e-01
     vertex 2.2097035962e+00 1.6400000000e-01 3.8124525151e-01
   endloop
 endfacet
 facet normal  5.4199608054e-02 -4.4246303275e-03 9.9852031784e-01
   outer loop
     vertex 2.2009199376e+00 8.2000000000e-02 3.8135867050e-01
     vertex 2.2208395472e+00 1.6400000000e-01 3.8064079293e-01
     vertex 2.2097035962e+00 1.6400000000e-01 3.8124525151e-01
   endloop
 endfacet
 facet normal  5.4199608054e-02 -4.4246303275e-03 9.9852031784e-01
   outer loop
     vertex 2.2009199376e+00 8.2000000000e-02 3.8135867050e-01
     vertex 2.2136263432e+00 8.2000000000e-02 3.8066896776e-01
     vertex 2.2208395472e+00 1.6400000000e-01 3.8064079293e-01
   endloop
 endfacet
 facet normal  6.0662177843e-02 -4.9932447708e-03 9.9814586493e-01
   outer loop
     vertex 2.2136263432e+00 8.2000000000e-02 3.8066896776e-01
     vertex 2.2293166680e+00 1.6400000000e-01 3.8012559707e-01
     vertex 2.2208395472e+00 1.6400000000e-01 3.8064079293e-01
   endloop
 endfacet
 facet normal  6.0662177843e-02 -4.9932447708e-03 9.9814586493e-01
   outer loop
     vertex 2.2136263432e+00 8.2000000000e-02 3.8066896776e-01
     vertex 2.2232989554e+00 8.2000000000e-02 3.8008111608e-01
     vertex 2.2293166680e+00 1.6400000000e-01 3.8012559707e-01
   endloop
 endfacet
 facet normal  6.5635168511e-02 -5.3580246184e-03 9.9782930215e-01
   outer loop
     vertex 2.2232989554e+00 8.2000000000e-02 3.8008111608e-01
     vertex 2.2355179218e+00 1.6400000000e-01 3.7971769130e-01
     vertex 2.2293166680e+00 1.6400000000e-01 3.8012559707e-01
   endloop
 endfacet
 facet normal  6.5635168511e-02 -5.3580246184e-03 9.9782930215e-01
   outer loop
     vertex 2.2232989554e+00 8.2000000000e-02 3.8008111608e-01
     vertex 2.2303747450e+00 8.2000000000e-02 3.7961568513e-01
     vertex 2.2355179218e+00 1.6400000000e-01 3.7971769130e-01
   endloop
 endfacet
 facet normal  6.9374496101e-02 -5.5922451528e-03 9.9757501276e-01
   outer loop
     vertex 2.2303747450e+00 8.2000000000e-02 3.7961568513e-01
     vertex 2.2399234716e+00 1.6400000000e-01 3.7941131554e-01
     vertex 2.2355179218e+00 1.6400000000e-01 3.7971769130e-01
   endloop
 endfacet
 facet normal  6.9374496101e-02 -5.5922451528e-03 9.9757501276e-01
   outer loop
     vertex 2.2303747450e+00 8.2000000000e-02 3.7961568513e-01
     vertex 2.2354015903e+00 8.2000000000e-02 3.7926610254e-01
     vertex 2.2399234716e+00 1.6400000000e-01 3.7941131554e-01
   endloop
 endfacet
 facet normal  7.2082082594e-02 -5.7412132365e-03 9.9738217943e-01
   outer loop
     vertex 2.2354015903e+00 8.2000000000e-02 3.7926610254e-01
     vertex 2.2429886671e+00 1.6400000000e-01 3.7918978995e-01
     vertex 2.2399234716e+00 1.6400000000e-01 3.7941131554e-01
   endloop
 endfacet
 facet normal  7.2082082594e-02 -5.7412132365e-03 9.9738217943e-01
   outer loop
     vertex 2.2354015903e+00 8.2000000000e-02 3.7926610254e-01
     vertex 2.2388990570e+00 8.2000000000e-02 3.7901333616e-01
     vertex 2.2429886671e+00 1.6400000000e-01 3.7918978995e-01
   endloop
 endfacet
 facet normal  1.5772206498e-01 -5.7412132365e-03 -9.8746685448e-01
   outer loop
     vertex 2.2429886671e+00 1.6400000000e-01 3.7918978995e-01
     vertex 2.2399539438e+00 1.6400000000e-01 3.7870507207e-01
     vertex 2.2470782773e+00 2.4600000000e-01 3.7936624374e-01
   endloop
 endfacet
 facet normal  1.5772206498e-01 -5.7412132365e-03 -9.8746685448e-01
   outer loop
     vertex 2.2470782773e+00 2.4600000000e-01 3.7936624374e-01
     vertex 2.2399539438e+00 1.6400000000e-01 3.7870507207e-01
     vertex 2.2444715277e+00 2.4600000000e-01 3.7894988351e-01
   endloop
 endfacet
 facet normal  1.5504115029e-01 -5.5922451528e-03 -9.8789218466e-01
   outer loop
     vertex 2.2399539438e+00 1.6400000000e-01 3.7870507207e-01
     vertex 2.2355911558e+00 1.6400000000e-01 3.7802037017e-01
     vertex 2.2444715277e+00 2.4600000000e-01 3.7894988351e-01
   endloop
 endfacet
 facet normal  1.5504115029e-01 -5.5922451528e-03 -9.8789218466e-01
   outer loop
     vertex 2.2444715277e+00 2.4600000000e-01 3.7894988351e-01
     vertex 2.2355911558e+00 1.6400000000e-01 3.7802037017e-01
     vertex 2.2407240048e+00 2.4600000000e-01 3.7836174214e-01
   endloop
 endfacet
 facet normal  1.5133762227e-01 -5.3580246184e-03 -9.8846760982e-01
   outer loop
     vertex 2.2355911558e+00 1.6400000000e-01 3.7802037017e-01
     vertex 2.2294480826e+00 1.6400000000e-01 3.7707984558e-01
     vertex 2.2407240048e+00 2.4600000000e-01 3.7836174214e-01
   endloop
 endfacet
 facet normal  1.5133762227e-01 -5.3580246184e-03 -9.8846760982e-01
   outer loop
     vertex 2.2407240048e+00 2.4600000000e-01 3.7836174214e-01
     vertex 2.2294480826e+00 1.6400000000e-01 3.7707984558e-01
     vertex 2.2354472624e+00 2.4600000000e-01 3.7755385563e-01
   endloop
 endfacet
 facet normal  1.4641037975e-01 -4.9932447708e-03 -9.8921133647e-01
   outer loop
     vertex 2.2294480826e+00 1.6400000000e-01 3.7707984558e-01
     vertex 2.2210468415e+00 1.6400000000e-01 3.7583640158e-01
     vertex 2.2354472624e+00 2.4600000000e-01 3.7755385563e-01
   endloop
 endfacet
 facet normal  1.4641037975e-01 -4.9932447708e-03 -9.8921133647e-01
   outer loop
     vertex 2.2354472624e+00 2.4600000000e-01 3.7755385563e-01
     vertex 2.2210468415e+00 1.6400000000e-01 3.7583640158e-01
     vertex 2.2282308117e+00 2.4600000000e-01 3.7648576912e-01
   endloop
 endfacet
 facet normal  1.4000408023e-01 -4.4246303275e-03 -9.9014104054e-01
   outer loop
     vertex 2.2210468415e+00 1.6400000000e-01 3.7583640158e-01
     vertex 2.2100043401e+00 1.6400000000e-01 3.7427501265e-01
     vertex 2.2282308117e+00 2.4600000000e-01 3.7648576912e-01
   endloop
 endfacet
 facet normal  1.4000408023e-01 -4.4246303275e-03 -9.9014104054e-01
   outer loop
     vertex 2.2282308117e+00 2.4600000000e-01 3.7648576912e-01
     vertex 2.2100043401e+00 1.6400000000e-01 3.7427501265e-01
     vertex 2.2187455861e+00 2.4600000000e-01 3.7514457606e-01
   endloop
 endfacet
 facet normal  1.3164909550e-01 -3.5217988761e-03 -9.9129012533e-01
   outer loop
     vertex 2.2100043401e+00 1.6400000000e-01 3.7427501265e-01
     vertex 2.1962230579e+00 1.6400000000e-01 3.7244477821e-01
     vertex 2.2187455861e+00 2.4600000000e-01 3.7514457606e-01
   endloop
 endfacet
 facet normal  1.3164909550e-01 -3.5217988761e-03 -9.9129012533e-01
   outer loop
     vertex 2.2187455861e+00 2.4600000000e-01 3.7514457606e-01
     vertex 2.1962230579e+00 1.6400000000e-01 3.7244477821e-01
     vertex 2.2069078181e+00 2.4600000000e-01 3.7357245161e-01
   endloop
 endfacet
 facet normal  1.2054087889e-01 -2.0549020185e-03 -9.9270623746e-01
   outer loop
     vertex 2.1962230579e+00 1.6400000000e-01 3.7244477821e-01
     vertex 2.1800930974e+00 1.6400000000e-01 3.7048617300e-01
     vertex 2.2069078181e+00 2.4600000000e-01 3.7357245161e-01
   endloop
 endfacet
 facet normal  1.2054087889e-01 -2.0549020185e-03 -9.9270623746e-01
   outer loop
     vertex 2.2069078181e+00 2.4600000000e-01 3.7357245161e-01
     vertex 2.1800930974e+00 1.6400000000e-01 3.7048617300e-01
     vertex 2.1930525956e+00 2.4600000000e-01 3.7189005995e-01
   endloop
 endfacet
 facet normal  1.0525729578e-01 3.9032379649e-04 -9.9444494535e-01
   outer loop
     vertex 2.1800930974e+00 1.6400000000e-01 3.7048617300e-01
     vertex 2.1625715618e+00 1.6400000000e-01 3.6863160129e-01
     vertex 2.1930525956e+00 2.4600000000e-01 3.7189005995e-01
   endloop
 endfacet
 facet normal  1.0525729578e-01 3.9032379649e-04 -9.9444494535e-01
   outer loop
     vertex 2.1930525956e+00 2.4600000000e-01 3.7189005995e-01
     vertex 2.1625715618e+00 1.6400000000e-01 3.6863160129e-01
     vertex 2.1780020458e+00 2.4600000000e-01 3.7029703041e-01
   endloop
 endfacet
 facet normal  8.3880074434e-02 4.4540632104e-03 -9.9646590229e-01
   outer loop
     vertex 2.1625715618e+00 1.6400000000e-01 3.6863160129e-01
     vertex 2.1629209340e+00 2.4600000000e-01 3.6902753912e-01
     vertex 2.1780020458e+00 2.4600000000e-01 3.7029703041e-01
   endloop
 endfacet
 facet normal  8.3880074434e-02 4.4540632104e-03 -9.9646590229e-01
   outer loop
     vertex 2.1625715618e+00 1.6400000000e-01 3.6863160129e-01
     vertex 2.1450144466e+00 1.6400000000e-01 3.6715368606e-01
     vertex 2.1629209340e+00 2.4600000000e-01 3.6902753912e-01
   endloop
 endfacet
 facet normal  5.4592175128e-02 1.0895038633e-02 -9.9844929393e-01
   outer loop
     vertex 2.1450144466e+00 1.6400000000e-01 3.6715368606e-01
     vertex 2.1489852966e+00 2.4600000000e-01 3.6826558079e-01
     vertex 2.1629209340e+00 2.4600000000e-01 3.6902753912e-01
   endloop
 endfacet
 facet normal  5.4592175128e-02 1.0895038633e-02 -9.9844929393e-01
   outer loop
     vertex 2.1450144466e+00 1.6400000000e-01 3.6715368606e-01
     vertex 2.1287908688e+00 1.6400000000e-01 3.6626663010e-01
     vertex 2.1489852966e+00 2.4600000000e-01 3.6826558079e-01
   endloop
 endfacet
 facet normal  1.6105810971e-02 2.0402775947e-02 -9.9966210771e-01
   outer loop
     vertex 2.1287908688e+00 1.6400000000e-01 3.6626663010e-01
     vertex 2.1370459856e+00 2.4600000000e-01 3.6807322351e-01
     vertex 2.1489852966e+00 2.4600000000e-01 3.6826558079e-01
   endloop
 endfacet
 facet normal  1.6105810971e-02 2.0402775947e-02 -9.9966210771e-01
   outer loop
     vertex 2.1287908688e+00 1.6400000000e-01 3.6626663010e-01
     vertex 2.1148913724e+00 1.6400000000e-01 3.6604269177e-01
     vertex 2.1370459856e+00 2.4600000000e-01 3.6807322351e-01
   endloop
 endfacet
 facet normal  -3.3238528591e-02 3.3715140026e-02 -9.9887861602e-01
   outer loop
     vertex 2.1148913724e+00 1.6400000000e-01 3.6604269177e-01
     vertex 2.1274728932e+00 2.4600000000e-01 3.6839177624e-01
     vertex 2.1370459856e+00 2.4600000000e-01 3.6807322351e-01
   endloop
 endfacet
 facet normal  -3.3238528591e-02 3.3715140026e-02 -9.9887861602e-01
   outer loop
     vertex 2.1148913724e+00 1.6400000000e-01 3.6604269177e-01
     vertex 2.1037465782e+00 1.6400000000e-01 3.6641354420e-01
     vertex 2.1274728932e+00 2.4600000000e-01 3.6839177624e-01
   endloop
 endfacet
 facet normal  -9.7674246286e-02 5.2237914640e-02 -9.9384653840e-01
   outer loop
     vertex 2.1037465782e+00 1.6400000000e-01 3.6641354420e-01
     vertex 2.1202144665e+00 2.4600000000e-01 3.6910512717e-01
     vertex 2.1274728932e+00 2.4600000000e-01 3.6839177624e-01
   endloop
 endfacet
 facet normal  -9.7674246286e-02 5.2237914640e-02 -9.9384653840e-01
   outer loop
     vertex 2.1037465782e+00 1.6400000000e-01 3.6641354420e-01
     vertex 2.0952964695e+00 1.6400000000e-01 3.6724401245e-01
     vertex 2.1202144665e+00 2.4600000000e-01 3.6910512717e-01
   endloop
 endfacet
 facet normal  -1.9012361111e-01 7.9982855496e-02 -9.7849668130e-01
   outer loop
     vertex 2.0952964695e+00 1.6400000000e-01 3.6724401245e-01
     vertex 2.1149772359e+00 2.4600000000e-01 3.7012273020e-01
     vertex 2.1202144665e+00 2.4600000000e-01 3.6910512717e-01
   endloop
 endfacet
 facet normal  -1.9012361111e-01 7.9982855496e-02 -9.7849668130e-01
   outer loop
     vertex 2.0952964695e+00 1.6400000000e-01 3.6724401245e-01
     vertex 2.0891993951e+00 1.6400000000e-01 3.6842868463e-01
     vertex 2.1149772359e+00 2.4600000000e-01 3.7012273020e-01
   endloop
 endfacet
 facet normal  -3.5376538225e-01 1.3034567284e-01 -9.2620735254e-01
   outer loop
     vertex 2.0891993951e+00 1.6400000000e-01 3.6842868463e-01
     vertex 2.1114432539e+00 2.4600000000e-01 3.7147253646e-01
     vertex 2.1149772359e+00 2.4600000000e-01 3.7012273020e-01
   endloop
 endfacet
 facet normal  -3.5376538225e-01 1.3034567284e-01 -9.2620735254e-01
   outer loop
     vertex 2.0891993951e+00 1.6400000000e-01 3.6842868463e-01
     vertex 2.0850852071e+00 1.6400000000e-01 3.7000010088e-01
     vertex 2.1114432539e+00 2.4600000000e-01 3.7147253646e-01
   endloop
 endfacet
 facet normal  -7.5376452827e-01 2.5317888002e-01 -6.0641527903e-01
   outer loop
     vertex 2.0850852071e+00 1.6400000000e-01 3.7000010088e-01
     vertex 2.1098559479e+00 2.4600000000e-01 3.7344553256e-01
     vertex 2.1114432539e+00 2.4600000000e-01 3.7147253646e-01
   endloop
 endfacet
 facet normal  -7.5376452827e-01 2.5317888002e-01 -6.0641527903e-01
   outer loop
     vertex 2.0850852071e+00 1.6400000000e-01 3.7000010088e-01
     vertex 2.0832372986e+00 1.6400000000e-01 3.7229702171e-01
     vertex 2.1098559479e+00 2.4600000000e-01 3.7344553256e-01
   endloop
 endfacet
 facet normal  -8.0319582952e-01 2.5317888002e-01 5.3923734492e-01
   outer loop
     vertex 2.0832372986e+00 1.6400000000e-01 3.7229702171e-01
     vertex 2.0848804981e+00 1.6400000000e-01 3.7474457285e-01
     vertex 2.1098559479e+00 2.4600000000e-01 3.7344553256e-01
   endloop
 endfacet
 facet normal  -8.0319582952e-01 2.5317888002e-01 5.3923734492e-01
   outer loop
     vertex 2.1098559479e+00 2.4600000000e-01 3.7344553256e-01
     vertex 2.0848804981e+00 1.6400000000e-01 3.7474457285e-01
     vertex 2.1112674141e+00 2.4600000000e-01 3.7554791623e-01
   endloop
 endfacet
 facet normal  -4.3222799554e-01 1.3034567284e-01 8.9229421462e-01
   outer loop
     vertex 2.0848804981e+00 1.6400000000e-01 3.7474457285e-01
     vertex 2.0888440448e+00 1.6400000000e-01 3.7666451790e-01
     vertex 2.1112674141e+00 2.4600000000e-01 3.7554791623e-01
   endloop
 endfacet
 facet normal  -4.3222799554e-01 1.3034567284e-01 8.9229421462e-01
   outer loop
     vertex 2.1112674141e+00 2.4600000000e-01 3.7554791623e-01
     vertex 2.0888440448e+00 1.6400000000e-01 3.7666451790e-01
     vertex 2.1146719991e+00 2.4600000000e-01 3.7719709980e-01
   endloop
 endfacet
 facet normal  -2.7369823482e-01 7.9982855496e-02 9.5848422996e-01
   outer loop
     vertex 2.0888440448e+00 1.6400000000e-01 3.7666451790e-01
     vertex 2.0948164204e+00 1.6400000000e-01 3.7836994882e-01
     vertex 2.1146719991e+00 2.4600000000e-01 3.7719709980e-01
   endloop
 endfacet
 facet normal  -2.7369823482e-01 7.9982855496e-02 9.5848422996e-01
   outer loop
     vertex 2.1146719991e+00 2.4600000000e-01 3.7719709980e-01
     vertex 2.0948164204e+00 1.6400000000e-01 3.7836994882e-01
     vertex 2.1198021166e+00 2.4600000000e-01 3.7866202123e-01
   endloop
 endfacet
 facet normal  -1.8291458180e-01 5.2237914640e-02 9.8174001448e-01
   outer loop
     vertex 2.0948164204e+00 1.6400000000e-01 3.7836994882e-01
     vertex 2.1031635942e+00 1.6400000000e-01 3.7992516689e-01
     vertex 2.1198021166e+00 2.4600000000e-01 3.7866202123e-01
   endloop
 endfacet
 facet normal  -1.8291458180e-01 5.2237914640e-02 9.8174001448e-01
   outer loop
     vertex 2.1198021166e+00 2.4600000000e-01 3.7866202123e-01
     vertex 2.1031635942e+00 1.6400000000e-01 3.7992516689e-01
     vertex 2.1269721249e+00 2.4600000000e-01 3.7999791368e-01
   endloop
 endfacet
 facet normal  -1.1915176158e-01 3.3715140026e-02 9.9230345512e-01
   outer loop
     vertex 2.1031635942e+00 1.6400000000e-01 3.7992516689e-01
     vertex 2.1142350274e+00 1.6400000000e-01 3.8125457953e-01
     vertex 2.1269721249e+00 2.4600000000e-01 3.7999791368e-01
   endloop
 endfacet
 facet normal  -1.1915176158e-01 3.3715140026e-02 9.9230345512e-01
   outer loop
     vertex 2.1269721249e+00 2.4600000000e-01 3.7999791368e-01
     vertex 2.1142350274e+00 1.6400000000e-01 3.8125457953e-01
     vertex 2.1364822021e+00 2.4600000000e-01 3.8113984505e-01
   endloop
 endfacet
 facet normal  -7.0058289227e-02 2.0402775947e-02 9.9733422825e-01
   outer loop
     vertex 2.1142350274e+00 1.6400000000e-01 3.8125457953e-01
     vertex 2.1281021564e+00 1.6400000000e-01 3.8222868361e-01
     vertex 2.1364822021e+00 2.4600000000e-01 3.8113984505e-01
   endloop
 endfacet
 facet normal  -7.0058289227e-02 2.0402775947e-02 9.9733422825e-01
   outer loop
     vertex 2.1364822021e+00 2.4600000000e-01 3.8113984505e-01
     vertex 2.1281021564e+00 1.6400000000e-01 3.8222868361e-01
     vertex 2.1483937104e+00 2.4600000000e-01 3.8197657548e-01
   endloop
 endfacet
 facet normal  -3.1610491412e-02 1.0895038633e-02 9.9944088118e-01
   outer loop
     vertex 2.1281021564e+00 1.6400000000e-01 3.8222868361e-01
     vertex 2.1443418463e+00 1.6400000000e-01 3.8274231537e-01
     vertex 2.1483937104e+00 2.4600000000e-01 3.8197657548e-01
   endloop
 endfacet
 facet normal  -3.1610491412e-02 1.0895038633e-02 9.9944088118e-01
   outer loop
     vertex 2.1483937104e+00 2.4600000000e-01 3.8197657548e-01
     vertex 2.1443418463e+00 1.6400000000e-01 3.8274231537e-01
     vertex 2.1623431876e+00 2.4600000000e-01 3.8241777199e-01
   endloop
 endfacet
 facet normal  -2.2606009830e-03 4.4540632104e-03 9.9998752542e-01
   outer loop
     vertex 2.1443418463e+00 1.6400000000e-01 3.8274231537e-01
     vertex 2.1619610104e+00 1.6400000000e-01 3.8278214577e-01
     vertex 2.1623431876e+00 2.4600000000e-01 3.8241777199e-01
   endloop
 endfacet
 facet normal  -2.2606009830e-03 4.4540632104e-03 9.9998752542e-01
   outer loop
     vertex 2.1623431876e+00 2.4600000000e-01 3.8241777199e-01
     vertex 2.1619610104e+00 1.6400000000e-01 3.8278214577e-01
     vertex 2.1774775978e+00 2.4600000000e-01 3.8245198528e-01
   endloop
 endfacet
 facet normal  1.9211246216e-02 3.9032379649e-04 9.9981537079e-01
   outer loop
     vertex 2.1619610104e+00 1.6400000000e-01 3.8278214577e-01
     vertex 2.1926094270e+00 2.4600000000e-01 3.8216123030e-01
     vertex 2.1774775978e+00 2.4600000000e-01 3.8245198528e-01
   endloop
 endfacet
 facet normal  1.9211246216e-02 3.9032379649e-04 9.9981537079e-01
   outer loop
     vertex 2.1619610104e+00 1.6400000000e-01 3.8278214577e-01
     vertex 2.1795771698e+00 1.6400000000e-01 3.8244365490e-01
     vertex 2.1926094270e+00 2.4600000000e-01 3.8216123030e-01
   endloop
 endfacet
 facet normal  3.4587790417e-02 -2.0549020185e-03 9.9939955080e-01
   outer loop
     vertex 2.1795771698e+00 1.6400000000e-01 3.8244365490e-01
     vertex 2.2065580682e+00 2.4600000000e-01 3.8167848776e-01
     vertex 2.1926094270e+00 2.4600000000e-01 3.8216123030e-01
   endloop
 endfacet
 facet normal  3.4587790417e-02 -2.0549020185e-03 9.9939955080e-01
   outer loop
     vertex 2.1795771698e+00 1.6400000000e-01 3.8244365490e-01
     vertex 2.1958158864e+00 1.6400000000e-01 3.8188165612e-01
     vertex 2.2065580682e+00 2.4600000000e-01 3.8167848776e-01
   endloop
 endfacet
 facet normal  4.5776699129e-02 -3.5217988761e-03 9.9894548938e-01
   outer loop
     vertex 2.1958158864e+00 1.6400000000e-01 3.8188165612e-01
     vertex 2.2184872548e+00 2.4600000000e-01 3.8113183252e-01
     vertex 2.2065580682e+00 2.4600000000e-01 3.8167848776e-01
   endloop
 endfacet
 facet normal  4.5776699129e-02 -3.5217988761e-03 9.9894548938e-01
   outer loop
     vertex 2.1958158864e+00 1.6400000000e-01 3.8188165612e-01
     vertex 2.2097035962e+00 1.6400000000e-01 3.8124525151e-01
     vertex 2.2184872548e+00 2.4600000000e-01 3.8113183252e-01
   endloop
 endfacet
 facet normal  5.4199608054e-02 -4.4246303275e-03 9.9852031784e-01
   outer loop
     vertex 2.2097035962e+00 1.6400000000e-01 3.8124525151e-01
     vertex 2.2280527511e+00 2.4600000000e-01 3.8061261810e-01
     vertex 2.2184872548e+00 2.4600000000e-01 3.8113183252e-01
   endloop
 endfacet
 facet normal  5.4199608054e-02 -4.4246303275e-03 9.9852031784e-01
   outer loop
     vertex 2.2097035962e+00 1.6400000000e-01 3.8124525151e-01
     vertex 2.2208395472e+00 1.6400000000e-01 3.8064079293e-01
     vertex 2.2280527511e+00 2.4600000000e-01 3.8061261810e-01
   endloop
 endfacet
 facet normal  6.0662177843e-02 -4.9932447708e-03 9.9814586493e-01
   outer loop
     vertex 2.2208395472e+00 1.6400000000e-01 3.8064079293e-01
     vertex 2.2353343806e+00 2.4600000000e-01 3.8017007807e-01
     vertex 2.2280527511e+00 2.4600000000e-01 3.8061261810e-01
   endloop
 endfacet
 facet normal  6.0662177843e-02 -4.9932447708e-03 9.9814586493e-01
   outer loop
     vertex 2.2208395472e+00 1.6400000000e-01 3.8064079293e-01
     vertex 2.2293166680e+00 1.6400000000e-01 3.8012559707e-01
     vertex 2.2353343806e+00 2.4600000000e-01 3.8017007807e-01
   endloop
 endfacet
 facet normal  6.5635168511e-02 -5.3580246184e-03 9.9782930215e-01
   outer loop
     vertex 2.2293166680e+00 1.6400000000e-01 3.8012559707e-01
     vertex 2.2406610986e+00 2.4600000000e-01 3.7981969746e-01
     vertex 2.2353343806e+00 2.4600000000e-01 3.8017007807e-01
   endloop
 endfacet
 facet normal  6.5635168511e-02 -5.3580246184e-03 9.9782930215e-01
   outer loop
     vertex 2.2293166680e+00 1.6400000000e-01 3.8012559707e-01
     vertex 2.2355179218e+00 1.6400000000e-01 3.7971769130e-01
     vertex 2.2406610986e+00 2.4600000000e-01 3.7981969746e-01
   endloop
 endfacet
 facet normal  6.9374496101e-02 -5.5922451528e-03 9.9757501276e-01
   outer loop
     vertex 2.2355179218e+00 1.6400000000e-01 3.7971769130e-01
     vertex 2.2444453529e+00 2.4600000000e-01 3.7955652855e-01
     vertex 2.2406610986e+00 2.4600000000e-01 3.7981969746e-01
   endloop
 endfacet
 facet normal  6.9374496101e-02 -5.5922451528e-03 9.9757501276e-01
   outer loop
     vertex 2.2355179218e+00 1.6400000000e-01 3.7971769130e-01
     vertex 2.2399234716e+00 1.6400000000e-01 3.7941131554e-01
     vertex 2.2444453529e+00 2.4600000000e-01 3.7955652855e-01
   endloop
 endfacet
 facet normal  7.2082082594e-02 -5.7412132365e-03 9.9738217943e-01
   outer loop
     vertex 2.2399234716e+00 1.6400000000e-01 3.7941131554e-01
     vertex 2.2470782773e+00 2.4600000000e-01 3.7936624374e-01
     vertex 2.2444453529e+00 2.4600000000e-01 3.7955652855e-01
   endloop
 endfacet
 facet normal  7.2082082594e-02 -5.7412132365e-03 9.9738217943e-01
   outer loop
     vertex 2.2399234716e+00 1.6400000000e-01 3.7941131554e-01
     vertex 2.2429886671e+00 1.6400000000e-01 3.7918978995e-01
     vertex 2.2470782773e+00 2.4600000000e-01 3.7936624374e-01
   endloop
 endfacet
 facet normal  1.5772206498e-01 -5.7412132365e-03 -9.8746685448e-01
   outer loop
     vertex 2.2470782773e+00 2.4600000000e-01 3.7936624374e-01
     vertex 2.2444715277e+00 2.4600000000e-01 3.7894988351e-01
     vertex 2.2511678874e+00 3.2800000000e-01 3.7954269753e-01
   endloop
 endfacet
 facet normal  1.5772206498e-01 -5.7412132365e-03 -9.8746685448e-01
   outer loop
     vertex 2.2511678874e+00 3.2800000000e-01 3.7954269753e-01
     vertex 2.2444715277e+00 2.4600000000e-01 3.7894988351e-01
     vertex 2.2489891117e+00 3.2800000000e-01 3.7919469496e-01
   endloop
 endfacet
 facet normal  1.5504115029e-01 -5.5922451528e-03 -9.8789218466e-01
   outer loop
     vertex 2.2444715277e+00 2.4600000000e-01 3.7894988351e-01
     vertex 2.2407240048e+00 2.4600000000e-01 3.7836174214e-01
     vertex 2.2489891117e+00 3.2800000000e-01 3.7919469496e-01
   endloop
 endfacet
 facet normal  1.5504115029e-01 -5.5922451528e-03 -9.8789218466e-01
   outer loop
     vertex 2.2489891117e+00 3.2800000000e-01 3.7919469496e-01
     vertex 2.2407240048e+00 2.4600000000e-01 3.7836174214e-01
     vertex 2.2458568537e+00 3.2800000000e-01 3.7870311411e-01
   endloop
 endfacet
 facet normal  1.5133762227e-01 -5.3580246184e-03 -9.8846760982e-01
   outer loop
     vertex 2.2407240048e+00 2.4600000000e-01 3.7836174214e-01
     vertex 2.2354472624e+00 2.4600000000e-01 3.7755385563e-01
     vertex 2.2458568537e+00 3.2800000000e-01 3.7870311411e-01
   endloop
 endfacet
 facet normal  1.5133762227e-01 -5.3580246184e-03 -9.8846760982e-01
   outer loop
     vertex 2.2458568537e+00 3.2800000000e-01 3.7870311411e-01
     vertex 2.2354472624e+00 2.4600000000e-01 3.7755385563e-01
     vertex 2.2414464421e+00 3.2800000000e-01 3.7802786568e-01
   endloop
 endfacet
 facet normal  1.4641037975e-01 -4.9932447708e-03 -9.8921133647e-01
   outer loop
     vertex 2.2354472624e+00 2.4600000000e-01 3.7755385563e-01
     vertex 2.2282308117e+00 2.4600000000e-01 3.7648576912e-01
     vertex 2.2414464421e+00 3.2800000000e-01 3.7802786568e-01
   endloop
 endfacet
 facet normal  1.4641037975e-01 -4.9932447708e-03 -9.8921133647e-01
   outer loop
     vertex 2.2414464421e+00 3.2800000000e-01 3.7802786568e-01
     vertex 2.2282308117e+00 2.4600000000e-01 3.7648576912e-01
     vertex 2.2354147818e+00 3.2800000000e-01 3.7713513665e-01
   endloop
 endfacet
 facet normal  1.4000408023e-01 -4.4246303275e-03 -9.9014104054e-01
   outer loop
     vertex 2.2282308117e+00 2.4600000000e-01 3.7648576912e-01
     vertex 2.2187455861e+00 2.4600000000e-01 3.7514457606e-01
     vertex 2.2354147818e+00 3.2800000000e-01 3.7713513665e-01
   endloop
 endfacet
 facet normal  1.4000408023e-01 -4.4246303275e-03 -9.9014104054e-01
   outer loop
     vertex 2.2354147818e+00 3.2800000000e-01 3.7713513665e-01
     vertex 2.2187455861e+00 2.4600000000e-01 3.7514457606e-01
     vertex 2.2274868321e+00 3.2800000000e-01 3.7601413948e-01
   endloop
 endfacet
 facet normal  1.3164909550e-01 -3.5217988761e-03 -9.9129012533e-01
   outer loop
     vertex 2.2187455861e+00 2.4600000000e-01 3.7514457606e-01
     vertex 2.2069078181e+00 2.4600000000e-01 3.7357245161e-01
     vertex 2.2274868321e+00 3.2800000000e-01 3.7601413948e-01
   endloop
 endfacet
 facet normal  1.3164909550e-01 -3.5217988761e-03 -9.9129012533e-01
   outer loop
     vertex 2.2274868321e+00 3.2800000000e-01 3.7601413948e-01
     vertex 2.2069078181e+00 2.4600000000e-01 3.7357245161e-01
     vertex 2.2175925783e+00 3.2800000000e-01 3.7470012501e-01
   endloop
 endfacet
 facet normal  1.2054087889e-01 -2.0549020185e-03 -9.9270623746e-01
   outer loop
     vertex 2.2069078181e+00 2.4600000000e-01 3.7357245161e-01
     vertex 2.1930525956e+00 2.4600000000e-01 3.7189005995e-01
     vertex 2.2175925783e+00 3.2800000000e-01 3.7470012501e-01
   endloop
 endfacet
 facet normal  1.2054087889e-01 -2.0549020185e-03 -9.9270623746e-01
   outer loop
     vertex 2.2175925783e+00 3.2800000000e-01 3.7470012501e-01
     vertex 2.1930525956e+00 2.4600000000e-01 3.7189005995e-01
     vertex 2.2060120938e+00 3.2800000000e-01 3.7329394690e-01
   endloop
 endfacet
 facet normal  1.0525729578e-01 3.9032379649e-04 -9.9444494535e-01
   outer loop
     vertex 2.1930525956e+00 2.4600000000e-01 3.7189005995e-01
     vertex 2.1780020458e+00 2.4600000000e-01 3.7029703041e-01
     vertex 2.2060120938e+00 3.2800000000e-01 3.7329394690e-01
   endloop
 endfacet
 facet normal  1.0525729578e-01 3.9032379649e-04 -9.9444494535e-01
   outer loop
     vertex 2.2060120938e+00 3.2800000000e-01 3.7329394690e-01
     vertex 2.1780020458e+00 2.4600000000e-01 3.7029703041e-01
     vertex 2.1934325298e+00 3.2800000000e-01 3.7196245952e-01
   endloop
 endfacet
 facet normal  8.3880074434e-02 4.4540632104e-03 -9.9646590229e-01
   outer loop
     vertex 2.1780020458e+00 2.4600000000e-01 3.7029703041e-01
     vertex 2.1808274214e+00 3.2800000000e-01 3.7090139218e-01
     vertex 2.1934325298e+00 3.2800000000e-01 3.7196245952e-01
   endloop
 endfacet
 facet normal  8.3880074434e-02 4.4540632104e-03 -9.9646590229e-01
   outer loop
     vertex 2.1780020458e+00 2.4600000000e-01 3.7029703041e-01
     vertex 2.1629209340e+00 2.4600000000e-01 3.6902753912e-01
     vertex 2.1808274214e+00 3.2800000000e-01 3.7090139218e-01
   endloop
 endfacet
 facet normal  5.4592175128e-02 1.0895038633e-02 -9.9844929393e-01
   outer loop
     vertex 2.1629209340e+00 2.4600000000e-01 3.6902753912e-01
     vertex 2.1691797245e+00 3.2800000000e-01 3.7026453149e-01
     vertex 2.1808274214e+00 3.2800000000e-01 3.7090139218e-01
   endloop
 endfacet
 facet normal  5.4592175128e-02 1.0895038633e-02 -9.9844929393e-01
   outer loop
     vertex 2.1629209340e+00 2.4600000000e-01 3.6902753912e-01
     vertex 2.1489852966e+00 2.4600000000e-01 3.6826558079e-01
     vertex 2.1691797245e+00 3.2800000000e-01 3.7026453149e-01
   endloop
 endfacet
 facet normal  1.6105810971e-02 2.0402775947e-02 -9.9966210771e-01
   outer loop
     vertex 2.1489852966e+00 2.4600000000e-01 3.6826558079e-01
     vertex 2.1592005989e+00 3.2800000000e-01 3.7010375525e-01
     vertex 2.1691797245e+00 3.2800000000e-01 3.7026453149e-01
   endloop
 endfacet
 facet normal  1.6105810971e-02 2.0402775947e-02 -9.9966210771e-01
   outer loop
     vertex 2.1489852966e+00 2.4600000000e-01 3.6826558079e-01
     vertex 2.1370459856e+00 2.4600000000e-01 3.6807322351e-01
     vertex 2.1592005989e+00 3.2800000000e-01 3.7010375525e-01
   endloop
 endfacet
 facet normal  -3.3238528591e-02 3.3715140026e-02 -9.9887861602e-01
   outer loop
     vertex 2.1370459856e+00 2.4600000000e-01 3.6807322351e-01
     vertex 2.1511992082e+00 3.2800000000e-01 3.7037000828e-01
     vertex 2.1592005989e+00 3.2800000000e-01 3.7010375525e-01
   endloop
 endfacet
 facet normal  -3.3238528591e-02 3.3715140026e-02 -9.9887861602e-01
   outer loop
     vertex 2.1370459856e+00 2.4600000000e-01 3.6807322351e-01
     vertex 2.1274728932e+00 2.4600000000e-01 3.6839177624e-01
     vertex 2.1511992082e+00 3.2800000000e-01 3.7037000828e-01
   endloop
 endfacet
 facet normal  -9.7674246286e-02 5.2237914640e-02 -9.9384653840e-01
   outer loop
     vertex 2.1274728932e+00 2.4600000000e-01 3.6839177624e-01
     vertex 2.1451324635e+00 3.2800000000e-01 3.7096624189e-01
     vertex 2.1511992082e+00 3.2800000000e-01 3.7037000828e-01
   endloop
 endfacet
 facet normal  -9.7674246286e-02 5.2237914640e-02 -9.9384653840e-01
   outer loop
     vertex 2.1274728932e+00 2.4600000000e-01 3.6839177624e-01
     vertex 2.1202144665e+00 2.4600000000e-01 3.6910512717e-01
     vertex 2.1451324635e+00 3.2800000000e-01 3.7096624189e-01
   endloop
 endfacet
 facet normal  -1.9012361111e-01 7.9982855496e-02 -9.7849668130e-01
   outer loop
     vertex 2.1202144665e+00 2.4600000000e-01 3.6910512717e-01
     vertex 2.1407550767e+00 3.2800000000e-01 3.7181677577e-01
     vertex 2.1451324635e+00 3.2800000000e-01 3.7096624189e-01
   endloop
 endfacet
 facet normal  -1.9012361111e-01 7.9982855496e-02 -9.7849668130e-01
   outer loop
     vertex 2.1202144665e+00 2.4600000000e-01 3.6910512717e-01
     vertex 2.1149772359e+00 2.4600000000e-01 3.7012273020e-01
     vertex 2.1407550767e+00 3.2800000000e-01 3.7181677577e-01
   endloop
 endfacet
 facet normal  -3.5376538225e-01 1.3034567284e-01 -9.2620735254e-01
   outer loop
     vertex 2.1149772359e+00 2.4600000000e-01 3.7012273020e-01
     vertex 2.1378013007e+00 3.2800000000e-01 3.7294497205e-01
     vertex 2.1407550767e+00 3.2800000000e-01 3.7181677577e-01
   endloop
 endfacet
 facet normal  -3.5376538225e-01 1.3034567284e-01 -9.2620735254e-01
   outer loop
     vertex 2.1149772359e+00 2.4600000000e-01 3.7012273020e-01
     vertex 2.1114432539e+00 2.4600000000e-01 3.7147253646e-01
     vertex 2.1378013007e+00 3.2800000000e-01 3.7294497205e-01
   endloop
 endfacet
 facet normal  -7.5376452827e-01 2.5317888002e-01 -6.0641527903e-01
   outer loop
     vertex 2.1114432539e+00 2.4600000000e-01 3.7147253646e-01
     vertex 2.1364745972e+00 3.2800000000e-01 3.7459404341e-01
     vertex 2.1378013007e+00 3.2800000000e-01 3.7294497205e-01
   endloop
 endfacet
 facet normal  -7.5376452827e-01 2.5317888002e-01 -6.0641527903e-01
   outer loop
     vertex 2.1114432539e+00 2.4600000000e-01 3.7147253646e-01
     vertex 2.1098559479e+00 2.4600000000e-01 3.7344553256e-01
     vertex 2.1364745972e+00 3.2800000000e-01 3.7459404341e-01
   endloop
 endfacet
 facet normal  -8.0319582952e-01 2.5317888002e-01 5.3923734492e-01
   outer loop
     vertex 2.1098559479e+00 2.4600000000e-01 3.7344553256e-01
     vertex 2.1112674141e+00 2.4600000000e-01 3.7554791623e-01
     vertex 2.1364745972e+00 3.2800000000e-01 3.7459404341e-01
   endloop
 endfacet
 facet normal  -8.0319582952e-01 2.5317888002e-01 5.3923734492e-01
   outer loop
     vertex 2.1364745972e+00 3.2800000000e-01 3.7459404341e-01
     vertex 2.1112674141e+00 2.4600000000e-01 3.7554791623e-01
     vertex 2.1376543302e+00 3.2800000000e-01 3.7635125962e-01
   endloop
 endfacet
 facet normal  -4.3222799554e-01 1.3034567284e-01 8.9229421462e-01
   outer loop
     vertex 2.1112674141e+00 2.4600000000e-01 3.7554791623e-01
     vertex 2.1146719991e+00 2.4600000000e-01 3.7719709980e-01
     vertex 2.1376543302e+00 3.2800000000e-01 3.7635125962e-01
   endloop
 endfacet
 facet normal  -4.3222799554e-01 1.3034567284e-01 8.9229421462e-01
   outer loop
     vertex 2.1376543302e+00 3.2800000000e-01 3.7635125962e-01
     vertex 2.1146719991e+00 2.4600000000e-01 3.7719709980e-01
     vertex 2.1404999535e+00 3.2800000000e-01 3.7772968170e-01
   endloop
 endfacet
 facet normal  -2.7369823482e-01 7.9982855496e-02 9.5848422996e-01
   outer loop
     vertex 2.1146719991e+00 2.4600000000e-01 3.7719709980e-01
     vertex 2.1198021166e+00 2.4600000000e-01 3.7866202123e-01
     vertex 2.1404999535e+00 3.2800000000e-01 3.7772968170e-01
   endloop
 endfacet
 facet normal  -2.7369823482e-01 7.9982855496e-02 9.5848422996e-01
   outer loop
     vertex 2.1404999535e+00 3.2800000000e-01 3.7772968170e-01
     vertex 2.1198021166e+00 2.4600000000e-01 3.7866202123e-01
     vertex 2.1447878128e+00 3.2800000000e-01 3.7895409364e-01
   endloop
 endfacet
 facet normal  -1.8291458180e-01 5.2237914640e-02 9.8174001448e-01
   outer loop
     vertex 2.1198021166e+00 2.4600000000e-01 3.7866202123e-01
     vertex 2.1269721249e+00 2.4600000000e-01 3.7999791368e-01
     vertex 2.1447878128e+00 3.2800000000e-01 3.7895409364e-01
   endloop
 endfacet
 facet normal  -1.8291458180e-01 5.2237914640e-02 9.8174001448e-01
   outer loop
     vertex 2.1447878128e+00 3.2800000000e-01 3.7895409364e-01
     vertex 2.1269721249e+00 2.4600000000e-01 3.7999791368e-01
     vertex 2.1507806556e+00 3.2800000000e-01 3.8007066047e-01
   endloop
 endfacet
 facet normal  -1.1915176158e-01 3.3715140026e-02 9.9230345512e-01
   outer loop
     vertex 2.1269721249e+00 2.4600000000e-01 3.7999791368e-01
     vertex 2.1364822021e+00 2.4600000000e-01 3.8113984505e-01
     vertex 2.1507806556e+00 3.2800000000e-01 3.8007066047e-01
   endloop
 endfacet
 facet normal  -1.1915176158e-01 3.3715140026e-02 9.9230345512e-01
   outer loop
     vertex 2.1507806556e+00 3.2800000000e-01 3.8007066047e-01
     vertex 2.1364822021e+00 2.4600000000e-01 3.8113984505e-01
     vertex 2.1587293768e+00 3.2800000000e-01 3.8102511057e-01
   endloop
 endfacet
 facet normal  -7.0058289227e-02 2.0402775947e-02 9.9733422825e-01
   outer loop
     vertex 2.1364822021e+00 2.4600000000e-01 3.8113984505e-01
     vertex 2.1483937104e+00 2.4600000000e-01 3.8197657548e-01
     vertex 2.1587293768e+00 3.2800000000e-01 3.8102511057e-01
   endloop
 endfacet
 facet normal  -7.0058289227e-02 2.0402775947e-02 9.9733422825e-01
   outer loop
     vertex 2.1587293768e+00 3.2800000000e-01 3.8102511057e-01
     vertex 2.1483937104e+00 2.4600000000e-01 3.8197657548e-01
     vertex 2.1686852644e+00 3.2800000000e-01 3.8172446735e-01
   endloop
 endfacet
 facet normal  -3.1610491412e-02 1.0895038633e-02 9.9944088118e-01
   outer loop
     vertex 2.1483937104e+00 2.4600000000e-01 3.8197657548e-01
     vertex 2.1623431876e+00 2.4600000000e-01 3.8241777199e-01
     vertex 2.1686852644e+00 3.2800000000e-01 3.8172446735e-01
   endloop
 endfacet
 facet normal  -3.1610491412e-02 1.0895038633e-02 9.9944088118e-01
   outer loop
     vertex 2.1686852644e+00 3.2800000000e-01 3.8172446735e-01
     vertex 2.1623431876e+00 2.4600000000e-01 3.8241777199e-01
     vertex 2.1803445289e+00 3.2800000000e-01 3.8209322861e-01
   endloop
 endfacet
 facet normal  -2.2606009830e-03 4.4540632104e-03 9.9998752542e-01
   outer loop
     vertex 2.1623431876e+00 2.4600000000e-01 3.8241777199e-01
     vertex 2.1774775978e+00 2.4600000000e-01 3.8245198528e-01
     vertex 2.1803445289e+00 3.2800000000e-01 3.8209322861e-01
   endloop
 endfacet
 facet normal  -2.2606009830e-03 4.4540632104e-03 9.9998752542e-01
   outer loop
     vertex 2.1803445289e+00 3.2800000000e-01 3.8209322861e-01
     vertex 2.1774775978e+00 2.4600000000e-01 3.8245198528e-01
     vertex 2.1929941852e+00 3.2800000000e-01 3.8212182479e-01
   endloop
 endfacet
 facet normal  1.9211246216e-02 3.9032379649e-04 9.9981537079e-01
   outer loop
     vertex 2.1774775978e+00 2.4600000000e-01 3.8245198528e-01
     vertex 2.2056416842e+00 3.2800000000e-01 3.8187880570e-01
     vertex 2.1929941852e+00 3.2800000000e-01 3.8212182479e-01
   endloop
 endfacet
 facet normal  1.9211246216e-02 3.9032379649e-04 9.9981537079e-01
   outer loop
     vertex 2.1774775978e+00 2.4600000000e-01 3.8245198528e-01
     vertex 2.1926094270e+00 2.4600000000e-01 3.8216123030e-01
     vertex 2.2056416842e+00 3.2800000000e-01 3.8187880570e-01
   endloop
 endfacet
 facet normal  3.4587790417e-02 -2.0549020185e-03 9.9939955080e-01
   outer loop
     vertex 2.1926094270e+00 2.4600000000e-01 3.8216123030e-01
     vertex 2.2173002500e+00 3.2800000000e-01 3.8147531940e-01
     vertex 2.2056416842e+00 3.2800000000e-01 3.8187880570e-01
   endloop
 endfacet
 facet normal  3.4587790417e-02 -2.0549020185e-03 9.9939955080e-01
   outer loop
     vertex 2.1926094270e+00 2.4600000000e-01 3.8216123030e-01
     vertex 2.2065580682e+00 2.4600000000e-01 3.8167848776e-01
     vertex 2.2173002500e+00 3.2800000000e-01 3.8147531940e-01
   endloop
 endfacet
 facet normal  4.5776699128e-02 -3.5217988761e-03 9.9894548938e-01
   outer loop
     vertex 2.2065580682e+00 2.4600000000e-01 3.8167848776e-01
     vertex 2.2272709134e+00 3.2800000000e-01 3.8101841353e-01
     vertex 2.2173002500e+00 3.2800000000e-01 3.8147531940e-01
   endloop
 endfacet
 facet normal  4.5776699129e-02 -3.5217988761e-03 9.9894548938e-01
   outer loop
     vertex 2.2065580682e+00 2.4600000000e-01 3.8167848776e-01
     vertex 2.2184872548e+00 2.4600000000e-01 3.8113183252e-01
     vertex 2.2272709134e+00 3.2800000000e-01 3.8101841353e-01
   endloop
 endfacet
 facet normal  5.4199608054e-02 -4.4246303275e-03 9.9852031784e-01
   outer loop
     vertex 2.2184872548e+00 2.4600000000e-01 3.8113183252e-01
     vertex 2.2352659551e+00 3.2800000000e-01 3.8058444326e-01
     vertex 2.2272709134e+00 3.2800000000e-01 3.8101841353e-01
   endloop
 endfacet
 facet normal  5.4199608054e-02 -4.4246303275e-03 9.9852031784e-01
   outer loop
     vertex 2.2184872548e+00 2.4600000000e-01 3.8113183252e-01
     vertex 2.2280527511e+00 2.4600000000e-01 3.8061261810e-01
     vertex 2.2352659551e+00 3.2800000000e-01 3.8058444326e-01
   endloop
 endfacet
 facet normal  6.0662177843e-02 -4.9932447708e-03 9.9814586493e-01
   outer loop
     vertex 2.2280527511e+00 2.4600000000e-01 3.8061261810e-01
     vertex 2.2413520932e+00 3.2800000000e-01 3.8021455906e-01
     vertex 2.2352659551e+00 3.2800000000e-01 3.8058444326e-01
   endloop
 endfacet
 facet normal  6.0662177843e-02 -4.9932447708e-03 9.9814586493e-01
   outer loop
     vertex 2.2280527511e+00 2.4600000000e-01 3.8061261810e-01
     vertex 2.2353343806e+00 2.4600000000e-01 3.8017007807e-01
     vertex 2.2413520932e+00 3.2800000000e-01 3.8021455906e-01
   endloop
 endfacet
 facet normal  6.5635168511e-02 -5.3580246184e-03 9.9782930215e-01
   outer loop
     vertex 2.2353343806e+00 2.4600000000e-01 3.8017007807e-01
     vertex 2.2458042754e+00 3.2800000000e-01 3.7992170363e-01
     vertex 2.2413520932e+00 3.2800000000e-01 3.8021455906e-01
   endloop
 endfacet
 facet normal  6.5635168511e-02 -5.3580246184e-03 9.9782930215e-01
   outer loop
     vertex 2.2353343806e+00 2.4600000000e-01 3.8017007807e-01
     vertex 2.2406610986e+00 2.4600000000e-01 3.7981969746e-01
     vertex 2.2458042754e+00 3.2800000000e-01 3.7992170363e-01
   endloop
 endfacet
 facet normal  6.9374496101e-02 -5.5922451528e-03 9.9757501276e-01
   outer loop
     vertex 2.2406610986e+00 2.4600000000e-01 3.7981969746e-01
     vertex 2.2489672342e+00 3.2800000000e-01 3.7970174155e-01
     vertex 2.2458042754e+00 3.2800000000e-01 3.7992170363e-01
   endloop
 endfacet
 facet normal  6.9374496101e-02 -5.5922451528e-03 9.9757501276e-01
   outer loop
     vertex 2.2406610986e+00 2.4600000000e-01 3.7981969746e-01
     vertex 2.2444453529e+00 2.4600000000e-01 3.7955652855e-01
     vertex 2.2489672342e+00 3.2800000000e-01 3.7970174155e-01
   endloop
 endfacet
 facet normal  7.2082082594e-02 -5.7412132365e-03 9.9738217943e-01
   outer loop
     vertex 2.2444453529e+00 2.4600000000e-01 3.7955652855e-01
     vertex 2.2511678874e+00 3.2800000000e-01 3.7954269753e-01
     vertex 2.2489672342e+00 3.2800000000e-01 3.7970174155e-01
   endloop
 endfacet
 facet normal  7.2082082594e-02 -5.7412132365e-03 9.9738217943e-01
   outer loop
     vertex 2.2444453529e+00 2.4600000000e-01 3.7955652855e-01
     vertex 2.2470782773e+00 2.4600000000e-01 3.7936624374e-01
     vertex 2.2511678874e+00 3.2800000000e-01 3.7954269753e-01
   endloop
 endfacet
 facet normal  1.5772206498e-01 -5.7412132365e-03 -9.8746685448e-01
   outer loop
     vertex 2.2511678874e+00 3.2800000000e-01 3.7954269753e-01
     vertex 2.2489891117e+00 3.2800000000e-01 3.7919469496e-01
     vertex 2.2552574976e+00 4.1000000000e-01 3.7971915133e-01
   endloop
 endfacet
 facet normal  1.5772206498e-01 -5.7412132365e-03 -9.8746685448e-01
   outer loop
     vertex 2.2552574976e+00 4.1000000000e-01 3.7971915133e-01
     vertex 2.2489891117e+00 3.2800000000e-01 3.7919469496e-01
     vertex 2.2535066956e+00 4.1000000000e-01 3.7943950640e-01
   endloop
 endfacet
 facet normal  1.5504115029e-01 -5.5922451528e-03 -9.8789218466e-01
   outer loop
     vertex 2.2489891117e+00 3.2800000000e-01 3.7919469496e-01
     vertex 2.2458568537e+00 3.2800000000e-01 3.7870311411e-01
     vertex 2.2535066956e+00 4.1000000000e-01 3.7943950640e-01
   endloop
 endfacet
 facet normal  1.5504115029e-01 -5.5922451528e-03 -9.8789218466e-01
   outer loop
     vertex 2.2535066956e+00 4.1000000000e-01 3.7943950640e-01
     vertex 2.2458568537e+00 3.2800000000e-01 3.7870311411e-01
     vertex 2.2509897026e+00 4.1000000000e-01 3.7904448607e-01
   endloop
 endfacet
 facet normal  1.5133762227e-01 -5.3580246184e-03 -9.8846760982e-01
   outer loop
     vertex 2.2458568537e+00 3.2800000000e-01 3.7870311411e-01
     vertex 2.2414464421e+00 3.2800000000e-01 3.7802786568e-01
     vertex 2.2509897026e+00 4.1000000000e-01 3.7904448607e-01
   endloop
 endfacet
 facet normal  1.5133762227e-01 -5.3580246184e-03 -9.8846760982e-01
   outer loop
     vertex 2.2509897026e+00 4.1000000000e-01 3.7904448607e-01
     vertex 2.2414464421e+00 3.2800000000e-01 3.7802786568e-01
     vertex 2.2474456219e+00 4.1000000000e-01 3.7850187573e-01
   endloop
 endfacet
 facet normal  1.4641037975e-01 -4.9932447708e-03 -9.8921133647e-01
   outer loop
     vertex 2.2414464421e+00 3.2800000000e-01 3.7802786568e-01
     vertex 2.2354147818e+00 3.2800000000e-01 3.7713513665e-01
     vertex 2.2474456219e+00 4.1000000000e-01 3.7850187573e-01
   endloop
 endfacet
 facet normal  1.4641037975e-01 -4.9932447708e-03 -9.8921133647e-01
   outer loop
     vertex 2.2474456219e+00 4.1000000000e-01 3.7850187573e-01
     vertex 2.2354147818e+00 3.2800000000e-01 3.7713513665e-01
     vertex 2.2425987520e+00 4.1000000000e-01 3.7778450419e-01
   endloop
 endfacet
 facet normal  1.4000408023e-01 -4.4246303275e-03 -9.9014104054e-01
   outer loop
     vertex 2.2354147818e+00 3.2800000000e-01 3.7713513665e-01
     vertex 2.2274868321e+00 3.2800000000e-01 3.7601413948e-01
     vertex 2.2425987520e+00 4.1000000000e-01 3.7778450419e-01
   endloop
 endfacet
 facet normal  1.4000408023e-01 -4.4246303275e-03 -9.9014104054e-01
   outer loop
     vertex 2.2425987520e+00 4.1000000000e-01 3.7778450419e-01
     vertex 2.2274868321e+00 3.2800000000e-01 3.7601413948e-01
     vertex 2.2362280781e+00 4.1000000000e-01 3.7688370289e-01
   endloop
 endfacet
 facet normal  1.3164909550e-01 -3.5217988761e-03 -9.9129012533e-01
   outer loop
     vertex 2.2274868321e+00 3.2800000000e-01 3.7601413948e-01
     vertex 2.2175925783e+00 3.2800000000e-01 3.7470012501e-01
     vertex 2.2362280781e+00 4.1000000000e-01 3.7688370289e-01
   endloop
 endfacet
 facet normal  1.3164909550e-01 -3.5217988761e-03 -9.9129012533e-01
   outer loop
     vertex 2.2362280781e+00 4.1000000000e-01 3.7688370289e-01
     vertex 2.2175925783e+00 3.2800000000e-01 3.7470012501e-01
     vertex 2.2282773384e+00 4.1000000000e-01 3.7582779840e-01
   endloop
 endfacet
 facet normal  1.2054087889e-01 -2.0549020185e-03 -9.9270623746e-01
   outer loop
     vertex 2.2175925783e+00 3.2800000000e-01 3.7470012501e-01
     vertex 2.2060120938e+00 3.2800000000e-01 3.7329394690e-01
     vertex 2.2282773384e+00 4.1000000000e-01 3.7582779840e-01
   endloop
 endfacet
 facet normal  1.2054087889e-01 -2.0549020185e-03 -9.9270623746e-01
   outer loop
     vertex 2.2282773384e+00 4.1000000000e-01 3.7582779840e-01
     vertex 2.2060120938e+00 3.2800000000e-01 3.7329394690e-01
     vertex 2.2189715920e+00 4.1000000000e-01 3.7469783386e-01
   endloop
 endfacet
 facet normal  1.0525729578e-01 3.9032379649e-04 -9.9444494535e-01
   outer loop
     vertex 2.2060120938e+00 3.2800000000e-01 3.7329394690e-01
     vertex 2.1934325298e+00 3.2800000000e-01 3.7196245952e-01
     vertex 2.2189715920e+00 4.1000000000e-01 3.7469783386e-01
   endloop
 endfacet
 facet normal  1.0525729578e-01 3.9032379649e-04 -9.9444494535e-01
   outer loop
     vertex 2.2189715920e+00 4.1000000000e-01 3.7469783386e-01
     vertex 2.1934325298e+00 3.2800000000e-01 3.7196245952e-01
     vertex 2.2088630137e+00 4.1000000000e-01 3.7362788864e-01
   endloop
 endfacet
 facet normal  8.3880074434e-02 4.4540632104e-03 -9.9646590229e-01
   outer loop
     vertex 2.1934325298e+00 3.2800000000e-01 3.7196245952e-01
     vertex 2.1987339088e+00 4.1000000000e-01 3.7277524524e-01
     vertex 2.2088630137e+00 4.1000000000e-01 3.7362788864e-01
   endloop
 endfacet
 facet normal  8.3880074434e-02 4.4540632104e-03 -9.9646590229e-01
   outer loop
     vertex 2.1934325298e+00 3.2800000000e-01 3.7196245952e-01
     vertex 2.1808274214e+00 3.2800000000e-01 3.7090139218e-01
     vertex 2.1987339088e+00 4.1000000000e-01 3.7277524524e-01
   endloop
 endfacet
 facet normal  5.4592175128e-02 1.0895038633e-02 -9.9844929393e-01
   outer loop
     vertex 2.1808274214e+00 3.2800000000e-01 3.7090139218e-01
     vertex 2.1893741524e+00 4.1000000000e-01 3.7226348218e-01
     vertex 2.1987339088e+00 4.1000000000e-01 3.7277524524e-01
   endloop
 endfacet
 facet normal  5.4592175128e-02 1.0895038633e-02 -9.9844929393e-01
   outer loop
     vertex 2.1808274214e+00 3.2800000000e-01 3.7090139218e-01
     vertex 2.1691797245e+00 3.2800000000e-01 3.7026453149e-01
     vertex 2.1893741524e+00 4.1000000000e-01 3.7226348218e-01
   endloop
 endfacet
 facet normal  1.6105810971e-02 2.0402775947e-02 -9.9966210771e-01
   outer loop
     vertex 2.1691797245e+00 3.2800000000e-01 3.7026453149e-01
     vertex 2.1813552121e+00 4.1000000000e-01 3.7213428699e-01
     vertex 2.1893741524e+00 4.1000000000e-01 3.7226348218e-01
   endloop
 endfacet
 facet normal  1.6105810971e-02 2.0402775947e-02 -9.9966210771e-01
   outer loop
     vertex 2.1691797245e+00 3.2800000000e-01 3.7026453149e-01
     vertex 2.1592005989e+00 3.2800000000e-01 3.7010375525e-01
     vertex 2.1813552121e+00 4.1000000000e-01 3.7213428699e-01
   endloop
 endfacet
 facet normal  -3.3238528591e-02 3.3715140026e-02 -9.9887861602e-01
   outer loop
     vertex 2.1592005989e+00 3.2800000000e-01 3.7010375525e-01
     vertex 2.1749255232e+00 4.1000000000e-01 3.7234824032e-01
     vertex 2.1813552121e+00 4.1000000000e-01 3.7213428699e-01
   endloop
 endfacet
 facet normal  -3.3238528591e-02 3.3715140026e-02 -9.9887861602e-01
   outer loop
     vertex 2.1592005989e+00 3.2800000000e-01 3.7010375525e-01
     vertex 2.1511992082e+00 3.2800000000e-01 3.7037000828e-01
     vertex 2.1749255232e+00 4.1000000000e-01 3.7234824032e-01
   endloop
 endfacet
 facet normal  -9.7674246286e-02 5.2237914640e-02 -9.9384653840e-01
   outer loop
     vertex 2.1511992082e+00 3.2800000000e-01 3.7037000828e-01
     vertex 2.1700504605e+00 4.1000000000e-01 3.7282735662e-01
     vertex 2.1749255232e+00 4.1000000000e-01 3.7234824032e-01
   endloop
 endfacet
 facet normal  -9.7674246286e-02 5.2237914640e-02 -9.9384653840e-01
   outer loop
     vertex 2.1511992082e+00 3.2800000000e-01 3.7037000828e-01
     vertex 2.1451324635e+00 3.2800000000e-01 3.7096624189e-01
     vertex 2.1700504605e+00 4.1000000000e-01 3.7282735662e-01
   endloop
 endfacet
 facet normal  -1.9012361111e-01 7.9982855496e-02 -9.7849668130e-01
   outer loop
     vertex 2.1451324635e+00 3.2800000000e-01 3.7096624189e-01
     vertex 2.1665329175e+00 4.1000000000e-01 3.7351082134e-01
     vertex 2.1700504605e+00 4.1000000000e-01 3.7282735662e-01
   endloop
 endfacet
 facet normal  -1.9012361111e-01 7.9982855496e-02 -9.7849668130e-01
   outer loop
     vertex 2.1451324635e+00 3.2800000000e-01 3.7096624189e-01
     vertex 2.1407550767e+00 3.2800000000e-01 3.7181677577e-01
     vertex 2.1665329175e+00 4.1000000000e-01 3.7351082134e-01
   endloop
 endfacet
 facet normal  -3.5376538225e-01 1.3034567284e-01 -9.2620735254e-01
   outer loop
     vertex 2.1407550767e+00 3.2800000000e-01 3.7181677577e-01
     vertex 2.1641593476e+00 4.1000000000e-01 3.7441740763e-01
     vertex 2.1665329175e+00 4.1000000000e-01 3.7351082134e-01
   endloop
 endfacet
 facet normal  -3.5376538225e-01 1.3034567284e-01 -9.2620735254e-01
   outer loop
     vertex 2.1407550767e+00 3.2800000000e-01 3.7181677577e-01
     vertex 2.1378013007e+00 3.2800000000e-01 3.7294497205e-01
     vertex 2.1641593476e+00 4.1000000000e-01 3.7441740763e-01
   endloop
 endfacet
 facet normal  -7.5376452827e-01 2.5317888002e-01 -6.0641527903e-01
   outer loop
     vertex 2.1378013007e+00 3.2800000000e-01 3.7294497205e-01
     vertex 2.1630932465e+00 4.1000000000e-01 3.7574255427e-01
     vertex 2.1641593476e+00 4.1000000000e-01 3.7441740763e-01
   endloop
 endfacet
 facet normal  -7.5376452827e-01 2.5317888002e-01 -6.0641527903e-01
   outer loop
     vertex 2.1378013007e+00 3.2800000000e-01 3.7294497205e-01
     vertex 2.1364745972e+00 3.2800000000e-01 3.7459404341e-01
     vertex 2.1630932465e+00 4.1000000000e-01 3.7574255427e-01
   endloop
 endfacet
 facet normal  -8.0319582952e-01 2.5317888002e-01 5.3923734492e-01
   outer loop
     vertex 2.1364745972e+00 3.2800000000e-01 3.7459404341e-01
     vertex 2.1376543302e+00 3.2800000000e-01 3.7635125962e-01
     vertex 2.1630932465e+00 4.1000000000e-01 3.7574255427e-01
   endloop
 endfacet
 facet normal  -8.0319582952e-01 2.5317888002e-01 5.3923734492e-01
   outer loop
     vertex 2.1630932465e+00 4.1000000000e-01 3.7574255427e-01
     vertex 2.1376543302e+00 3.2800000000e-01 3.7635125962e-01
     vertex 2.1640412462e+00 4.1000000000e-01 3.7715460300e-01
   endloop
 endfacet
 facet normal  -4.3222799554e-01 1.3034567284e-01 8.9229421462e-01
   outer loop
     vertex 2.1376543302e+00 3.2800000000e-01 3.7635125962e-01
     vertex 2.1404999535e+00 3.2800000000e-01 3.7772968170e-01
     vertex 2.1640412462e+00 4.1000000000e-01 3.7715460300e-01
   endloop
 endfacet
 facet normal  -4.3222799554e-01 1.3034567284e-01 8.9229421462e-01
   outer loop
     vertex 2.1640412462e+00 4.1000000000e-01 3.7715460300e-01
     vertex 2.1404999535e+00 3.2800000000e-01 3.7772968170e-01
     vertex 2.1663279078e+00 4.1000000000e-01 3.7826226361e-01
   endloop
 endfacet
 facet normal  -2.7369823482e-01 7.9982855496e-02 9.5848422996e-01
   outer loop
     vertex 2.1404999535e+00 3.2800000000e-01 3.7772968170e-01
     vertex 2.1447878128e+00 3.2800000000e-01 3.7895409364e-01
     vertex 2.1663279078e+00 4.1000000000e-01 3.7826226361e-01
   endloop
 endfacet
 facet normal  -2.7369823482e-01 7.9982855496e-02 9.5848422996e-01
   outer loop
     vertex 2.1663279078e+00 4.1000000000e-01 3.7826226361e-01
     vertex 2.1447878128e+00 3.2800000000e-01 3.7895409364e-01
     vertex 2.1697735091e+00 4.1000000000e-01 3.7924616606e-01
   endloop
 endfacet
 facet normal  -1.8291458180e-01 5.2237914640e-02 9.8174001448e-01
   outer loop
     vertex 2.1447878128e+00 3.2800000000e-01 3.7895409364e-01
     vertex 2.1507806556e+00 3.2800000000e-01 3.8007066047e-01
     vertex 2.1697735091e+00 4.1000000000e-01 3.7924616606e-01
   endloop
 endfacet
 facet normal  -1.8291458180e-01 5.2237914640e-02 9.8174001448e-01
   outer loop
     vertex 2.1697735091e+00 4.1000000000e-01 3.7924616606e-01
     vertex 2.1507806556e+00 3.2800000000e-01 3.8007066047e-01
     vertex 2.1745891863e+00 4.1000000000e-01 3.8014340725e-01
   endloop
 endfacet
 facet normal  -1.1915176158e-01 3.3715140026e-02 9.9230345512e-01
   outer loop
     vertex 2.1507806556e+00 3.2800000000e-01 3.8007066047e-01
     vertex 2.1587293768e+00 3.2800000000e-01 3.8102511057e-01
     vertex 2.1745891863e+00 4.1000000000e-01 3.8014340725e-01
   endloop
 endfacet
 facet normal  -1.1915176158e-01 3.3715140026e-02 9.9230345512e-01
   outer loop
     vertex 2.1745891863e+00 4.1000000000e-01 3.8014340725e-01
     vertex 2.1587293768e+00 3.2800000000e-01 3.8102511057e-01
     vertex 2.1809765515e+00 4.1000000000e-01 3.8091037609e-01
   endloop
 endfacet
 facet normal  -7.0058289227e-02 2.0402775947e-02 9.9733422825e-01
   outer loop
     vertex 2.1587293768e+00 3.2800000000e-01 3.8102511057e-01
     vertex 2.1686852644e+00 3.2800000000e-01 3.8172446735e-01
     vertex 2.1809765515e+00 4.1000000000e-01 3.8091037609e-01
   endloop
 endfacet
 facet normal  -7.0058289227e-02 2.0402775947e-02 9.9733422825e-01
   outer loop
     vertex 2.1809765515e+00 4.1000000000e-01 3.8091037609e-01
     vertex 2.1686852644e+00 3.2800000000e-01 3.8172446735e-01
     vertex 2.1889768183e+00 4.1000000000e-01 3.8147235921e-01
   endloop
 endfacet
 facet normal  -3.1610491412e-02 1.0895038633e-02 9.9944088118e-01
   outer loop
     vertex 2.1686852644e+00 3.2800000000e-01 3.8172446735e-01
     vertex 2.1803445289e+00 3.2800000000e-01 3.8209322861e-01
     vertex 2.1889768183e+00 4.1000000000e-01 3.8147235921e-01
   endloop
 endfacet
 facet normal  -3.1610491412e-02 1.0895038633e-02 9.9944088118e-01
   outer loop
     vertex 2.1889768183e+00 4.1000000000e-01 3.8147235921e-01
     vertex 2.1803445289e+00 3.2800000000e-01 3.8209322861e-01
     vertex 2.1983458702e+00 4.1000000000e-01 3.8176868523e-01
   endloop
 endfacet
 facet normal  -2.2606009830e-03 4.4540632104e-03 9.9998752542e-01
   outer loop
     vertex 2.1803445289e+00 3.2800000000e-01 3.8209322861e-01
     vertex 2.1929941852e+00 3.2800000000e-01 3.8212182479e-01
     vertex 2.1983458702e+00 4.1000000000e-01 3.8176868523e-01
   endloop
 endfacet
 facet normal  -2.2606009830e-03 4.4540632104e-03 9.9998752542e-01
   outer loop
     vertex 2.1983458702e+00 4.1000000000e-01 3.8176868523e-01
     vertex 2.1929941852e+00 3.2800000000e-01 3.8212182479e-01
     vertex 2.2085107725e+00 4.1000000000e-01 3.8179166430e-01
   endloop
 endfacet
 facet normal  1.9211246216e-02 3.9032379649e-04 9.9981537079e-01
   outer loop
     vertex 2.1929941852e+00 3.2800000000e-01 3.8212182479e-01
     vertex 2.2186739414e+00 4.1000000000e-01 3.8159638111e-01
     vertex 2.2085107725e+00 4.1000000000e-01 3.8179166430e-01
   endloop
 endfacet
 facet normal  1.9211246216e-02 3.9032379649e-04 9.9981537079e-01
   outer loop
     vertex 2.1929941852e+00 3.2800000000e-01 3.8212182479e-01
     vertex 2.2056416842e+00 3.2800000000e-01 3.8187880570e-01
     vertex 2.2186739414e+00 4.1000000000e-01 3.8159638111e-01
   endloop
 endfacet
 facet normal  3.4587790417e-02 -2.0549020185e-03 9.9939955080e-01
   outer loop
     vertex 2.2056416842e+00 3.2800000000e-01 3.8187880570e-01
     vertex 2.2280424318e+00 4.1000000000e-01 3.8127215104e-01
     vertex 2.2186739414e+00 4.1000000000e-01 3.8159638111e-01
   endloop
 endfacet
 facet normal  3.4587790417e-02 -2.0549020185e-03 9.9939955080e-01
   outer loop
     vertex 2.2056416842e+00 3.2800000000e-01 3.8187880570e-01
     vertex 2.2173002500e+00 3.2800000000e-01 3.8147531940e-01
     vertex 2.2280424318e+00 4.1000000000e-01 3.8127215104e-01
   endloop
 endfacet
 facet normal  4.5776699128e-02 -3.5217988761e-03 9.9894548938e-01
   outer loop
     vertex 2.2173002500e+00 3.2800000000e-01 3.8147531940e-01
     vertex 2.2360545721e+00 4.1000000000e-01 3.8090499454e-01
     vertex 2.2280424318e+00 4.1000000000e-01 3.8127215104e-01
   endloop
 endfacet
 facet normal  4.5776699128e-02 -3.5217988761e-03 9.9894548938e-01
   outer loop
     vertex 2.2173002500e+00 3.2800000000e-01 3.8147531940e-01
     vertex 2.2272709134e+00 3.2800000000e-01 3.8101841353e-01
     vertex 2.2360545721e+00 4.1000000000e-01 3.8090499454e-01
   endloop
 endfacet
 facet normal  5.4199608054e-02 -4.4246303275e-03 9.9852031784e-01
   outer loop
     vertex 2.2272709134e+00 3.2800000000e-01 3.8101841353e-01
     vertex 2.2424791591e+00 4.1000000000e-01 3.8055626843e-01
     vertex 2.2360545721e+00 4.1000000000e-01 3.8090499454e-01
   endloop
 endfacet
 facet normal  5.4199608054e-02 -4.4246303275e-03 9.9852031784e-01
   outer loop
     vertex 2.2272709134e+00 3.2800000000e-01 3.8101841353e-01
     vertex 2.2352659551e+00 3.2800000000e-01 3.8058444326e-01
     vertex 2.2424791591e+00 4.1000000000e-01 3.8055626843e-01
   endloop
 endfacet
 facet normal  6.0662177843e-02 -4.9932447708e-03 9.9814586493e-01
   outer loop
     vertex 2.2352659551e+00 3.2800000000e-01 3.8058444326e-01
     vertex 2.2473698058e+00 4.1000000000e-01 3.8025904005e-01
     vertex 2.2424791591e+00 4.1000000000e-01 3.8055626843e-01
   endloop
 endfacet
 facet normal  6.0662177843e-02 -4.9932447708e-03 9.9814586493e-01
   outer loop
     vertex 2.2352659551e+00 3.2800000000e-01 3.8058444326e-01
     vertex 2.2413520932e+00 3.2800000000e-01 3.8021455906e-01
     vertex 2.2473698058e+00 4.1000000000e-01 3.8025904005e-01
   endloop
 endfacet
 facet normal  6.5635168511e-02 -5.3580246184e-03 9.9782930215e-01
   outer loop
     vertex 2.2413520932e+00 3.2800000000e-01 3.8021455906e-01
     vertex 2.2509474522e+00 4.1000000000e-01 3.8002370980e-01
     vertex 2.2473698058e+00 4.1000000000e-01 3.8025904005e-01
   endloop
 endfacet
 facet normal  6.5635168511e-02 -5.3580246184e-03 9.9782930215e-01
   outer loop
     vertex 2.2413520932e+00 3.2800000000e-01 3.8021455906e-01
     vertex 2.2458042754e+00 3.2800000000e-01 3.7992170363e-01
     vertex 2.2509474522e+00 4.1000000000e-01 3.8002370980e-01
   endloop
 endfacet
 facet normal  6.9374496101e-02 -5.5922451528e-03 9.9757501276e-01
   outer loop
     vertex 2.2458042754e+00 3.2800000000e-01 3.7992170363e-01
     vertex 2.2534891155e+00 4.1000000000e-01 3.7984695455e-01
     vertex 2.2509474522e+00 4.1000000000e-01 3.8002370980e-01
   endloop
 endfacet
 facet normal  6.9374496101e-02 -5.5922451528e-03 9.9757501276e-01
   outer loop
     vertex 2.2458042754e+00 3.2800000000e-01 3.7992170363e-01
     vertex 2.2489672342e+00 3.2800000000e-01 3.7970174155e-01
     vertex 2.2534891155e+00 4.1000000000e-01 3.7984695455e-01
   endloop
 endfacet
 facet normal  7.2082082594e-02 -5.7412132365e-03 9.9738217943e-01
   outer loop
     vertex 2.2489672342e+00 3.2800000000e-01 3.7970174155e-01
     vertex 2.2552574976e+00 4.1000000000e-01 3.7971915133e-01
     vertex 2.2534891155e+00 4.1000000000e-01 3.7984695455e-01
   endloop
 endfacet
 facet normal  7.2082082594e-02 -5.7412132365e-03 9.9738217943e-01
   outer loop
     vertex 2.2489672342e+00 3.2800000000e-01 3.7970174155e-01
     vertex 2.2511678874e+00 3.2800000000e-01 3.7954269753e-01
     vertex 2.2552574976e+00 4.1000000000e-01 3.7971915133e-01
   endloop
 endfacet
 facet normal  0.0000000000e+00 1.0000000000e+00 -0.0000000000e+00
   outer loop
     vertex 2.2552574976e+00 4.1000000000e-01 3.7971915133e-01
     vertex 2.2535066956e+00 4.1000000000e-01 3.7943950640e-01
     vertex 2.2535023006e+00 4.1000000000e-01 3.7954136844e-01
   endloop
 endfacet
 facet normal  0.0000000000e+00 1.0000000000e+00 0.0000000000e+00
   outer loop
     vertex 2.2535066956e+00 4.1000000000e-01 3.7943950640e-01
     vertex 2.2509791400e+00 4.1000000000e-01 3.7928929200e-01
     vertex 2.2535023006e+00 4.1000000000e-01 3.7954136844e-01
   endloop
 endfacet
 facet normal  0.0000000000e+00 1.0000000000e+00 -0.0000000000e+00
   outer loop
     vertex 2.2535066956e+00 4.1000000000e-01 3.7943950640e-01
     vertex 2.2509897026e+00 4.1000000000e-01 3.7904448607e-01
     vertex 2.2509791400e+00 4.1000000000e-01 3.7928929200e-01
   endloop
 endfacet
 facet normal  0.0000000000e+00 1.0000000000e+00 0.0000000000e+00
   outer loop
     vertex 2.2509897026e+00 4.1000000000e-01 3.7904448607e-01
     vertex 2.2474266679e+00 4.1000000000e-01 3.7894116681e-01
     vertex 2.2509791400e+00 4.1000000000e-01 3.7928929200e-01
   endloop
 endfacet
 facet normal  0.0000000000e+00 1.0000000000e+00 -0.0000000000e+00
   outer loop
     vertex 2.2509897026e+00 4.1000000000e-01 3.7904448607e-01
     vertex 2.2474456219e+00 4.1000000000e-01 3.7850187573e-01
     vertex 2.2474266679e+00 4.1000000000e-01 3.7894116681e-01
   endloop
 endfacet
 facet normal  0.0000000000e+00 1.0000000000e+00 0.0000000000e+00
   outer loop
     vertex 2.2474456219e+00 4.1000000000e-01 3.7850187573e-01
     vertex 2.2425688538e+00 4.1000000000e-01 3.7847744525e-01
     vertex 2.2474266679e+00 4.1000000000e-01 3.7894116681e-01
   endloop
 endfacet
 facet normal  0.0000000000e+00 1.0000000000e+00 -0.0000000000e+00
   outer loop
     vertex 2.2474456219e+00 4.1000000000e-01 3.7850187573e-01
     vertex 2.2425987520e+00 4.1000000000e-01 3.7778450419e-01
     vertex 2.2425688538e+00 4.1000000000e-01 3.7847744525e-01
   endloop
 endfacet
 facet normal  -8.6607066506e-15 1.0000000000e+00 -3.7368220571e-16
   outer loop
     vertex 2.2425987520e+00 4.1000000000e-01 3.7778450419e-01
     vertex 2.2361847016e+00 4.1000000000e-01 3.7788902580e-01
     vertex 2.2425688538e+00 4.1000000000e-01 3.7847744525e-01
   endloop
 endfacet
 facet normal  -8.6607066506e-15 1.0000000000e+00 -3.7368220571e-16
   outer loop
     vertex 2.2425987520e+00 4.1000000000e-01 3.7778450419e-01
     vertex 2.2362280781e+00 4.1000000000e-01 3.7688370289e-01
     vertex 2.2361847016e+00 4.1000000000e-01 3.7788902580e-01
   endloop
 endfacet
 facet normal  1.3884211608e-14 1.0000000000e+00 5.9905998754e-16
   outer loop
     vertex 2.2362280781e+00 4.1000000000e-01 3.7688370289e-01
     vertex 2.2282186118e+00 4.1000000000e-01 3.7718888656e-01
     vertex 2.2361847016e+00 4.1000000000e-01 3.7788902580e-01
   endloop
 endfacet
 facet normal  1.3884211608e-14 1.0000000000e+00 5.9905998754e-16
   outer loop
     vertex 2.2362280781e+00 4.1000000000e-01 3.7688370289e-01
     vertex 2.2282773384e+00 4.1000000000e-01 3.7582779840e-01
     vertex 2.2282186118e+00 4.1000000000e-01 3.7718888656e-01
   endloop
 endfacet
 facet normal  -0.0000000000e+00 1.0000000000e+00 0.0000000000e+00
   outer loop
     vertex 2.2282773384e+00 4.1000000000e-01 3.7582779840e-01
     vertex 2.2188971793e+00 4.1000000000e-01 3.7642247067e-01
     vertex 2.2282186118e+00 4.1000000000e-01 3.7718888656e-01
   endloop
 endfacet
 facet normal  0.0000000000e+00 1.0000000000e+00 -0.0000000000e+00
   outer loop
     vertex 2.2282773384e+00 4.1000000000e-01 3.7582779840e-01
     vertex 2.2189715920e+00 4.1000000000e-01 3.7469783386e-01
     vertex 2.2188971793e+00 4.1000000000e-01 3.7642247067e-01
   endloop
 endfacet
 facet normal  -5.4665244724e-15 1.0000000000e+00 -2.3586330825e-16
   outer loop
     vertex 2.2189715920e+00 4.1000000000e-01 3.7469783386e-01
     vertex 2.2087749534e+00 4.1000000000e-01 3.7566883256e-01
     vertex 2.2188971793e+00 4.1000000000e-01 3.7642247067e-01
   endloop
 endfacet
 facet normal  -5.4665244724e-15 1.0000000000e+00 -2.3586330825e-16
   outer loop
     vertex 2.2189715920e+00 4.1000000000e-01 3.7469783386e-01
     vertex 2.2088630137e+00 4.1000000000e-01 3.7362788864e-01
     vertex 2.2087749534e+00 4.1000000000e-01 3.7566883256e-01
   endloop
 endfacet
 facet normal  0.0000000000e+00 1.0000000000e+00 0.0000000000e+00
   outer loop
     vertex 2.2088630137e+00 4.1000000000e-01 3.7362788864e-01
     vertex 2.1987339088e+00 4.1000000000e-01 3.7277524524e-01
     vertex 2.2087749534e+00 4.1000000000e-01 3.7566883256e-01
   endloop
 endfacet
 facet normal  0.0000000000e+00 1.0000000000e+00 -0.0000000000e+00
   outer loop
     vertex 2.2087749534e+00 4.1000000000e-01 3.7566883256e-01
     vertex 2.1987339088e+00 4.1000000000e-01 3.7277524524e-01
     vertex 2.1986368991e+00 4.1000000000e-01 3.7502360524e-01
   endloop
 endfacet
 facet normal  0.0000000000e+00 1.0000000000e+00 0.0000000000e+00
   outer loop
     vertex 2.1987339088e+00 4.1000000000e-01 3.7277524524e-01
     vertex 2.1893741524e+00 4.1000000000e-01 3.7226348218e-01
     vertex 2.1986368991e+00 4.1000000000e-01 3.7502360524e-01
   endloop
 endfacet
 facet normal  0.0000000000e+00 1.0000000000e+00 -0.0000000000e+00
   outer loop
     vertex 2.1986368991e+00 4.1000000000e-01 3.7502360524e-01
     vertex 2.1893741524e+00 4.1000000000e-01 3.7226348218e-01
     vertex 2.1892748189e+00 4.1000000000e-01 3.7456570144e-01
   endloop
 endfacet
 facet normal  0.0000000000e+00 1.0000000000e+00 0.0000000000e+00
   outer loop
     vertex 2.1893741524e+00 4.1000000000e-01 3.7226348218e-01
     vertex 2.1813552121e+00 4.1000000000e-01 3.7213428699e-01
     vertex 2.1892748189e+00 4.1000000000e-01 3.7456570144e-01
   endloop
 endfacet
 facet normal  0.0000000000e+00 1.0000000000e+00 -0.0000000000e+00
   outer loop
     vertex 2.1892748189e+00 4.1000000000e-01 3.7456570144e-01
     vertex 2.1813552121e+00 4.1000000000e-01 3.7213428699e-01
     vertex 2.1812605470e+00 4.1000000000e-01 3.7432830927e-01
   endloop
 endfacet
 facet normal  8.6459805482e-15 1.0000000000e+00 3.7304682079e-16
   outer loop
     vertex 2.1813552121e+00 4.1000000000e-01 3.7213428699e-01
     vertex 2.1749255232e+00 4.1000000000e-01 3.7234824032e-01
     vertex 2.1812605470e+00 4.1000000000e-01 3.7432830927e-01
   endloop
 endfacet
 facet normal  8.6459805482e-15 1.0000000000e+00 3.7304682079e-16
   outer loop
     vertex 2.1812605470e+00 4.1000000000e-01 3.7432830927e-01
     vertex 2.1749255232e+00 4.1000000000e-01 3.7234824032e-01
     vertex 2.1748414389e+00 4.1000000000e-01 3.7429703205e-01
   endloop
 endfacet
 facet normal  -1.1435246705e-14 1.0000000000e+00 -4.9339486765e-16
   outer loop
     vertex 2.1749255232e+00 4.1000000000e-01 3.7234824032e-01
     vertex 2.1700504605e+00 4.1000000000e-01 3.7282735662e-01
     vertex 2.1748414389e+00 4.1000000000e-01 3.7429703205e-01
   endloop
 endfacet
 facet normal  -1.1435246705e-14 1.0000000000e+00 -4.9339486764e-16
   outer loop
     vertex 2.1748414389e+00 4.1000000000e-01 3.7429703205e-01
     vertex 2.1700504605e+00 4.1000000000e-01 3.7282735662e-01
     vertex 2.1699812226e+00 4.1000000000e-01 3.7443205898e-01
   endloop
 endfacet
 facet normal  -0.0000000000e+00 1.0000000000e+00 0.0000000000e+00
   outer loop
     vertex 2.1700504605e+00 4.1000000000e-01 3.7282735662e-01
     vertex 2.1665329175e+00 4.1000000000e-01 3.7351082134e-01
     vertex 2.1699812226e+00 4.1000000000e-01 3.7443205898e-01
   endloop
 endfacet
 facet normal  0.0000000000e+00 1.0000000000e+00 -0.0000000000e+00
   outer loop
     vertex 2.1699812226e+00 4.1000000000e-01 3.7443205898e-01
     vertex 2.1665329175e+00 4.1000000000e-01 3.7351082134e-01
     vertex 2.1664816651e+00 4.1000000000e-01 3.7469868190e-01
   endloop
 endfacet
 facet normal  2.3779076281e-14 1.0000000000e+00 1.0259922236e-15
   outer loop
     vertex 2.1665329175e+00 4.1000000000e-01 3.7351082134e-01
     vertex 2.1641593476e+00 4.1000000000e-01 3.7441740763e-01
     vertex 2.1664816651e+00 4.1000000000e-01 3.7469868190e-01
   endloop
 endfacet
 facet normal  2.3779076281e-14 1.0000000000e+00 1.0259922236e-15
   outer loop
     vertex 2.1664816651e+00 4.1000000000e-01 3.7469868190e-01
     vertex 2.1641593476e+00 4.1000000000e-01 3.7441740763e-01
     vertex 2.1641298222e+00 4.1000000000e-01 3.7510170647e-01
   endloop
 endfacet
 facet normal  -5.5020088108e-14 1.0000000000e+00 -2.3739434566e-15
   outer loop
     vertex 2.1641593476e+00 4.1000000000e-01 3.7441740763e-01
     vertex 2.1630932465e+00 4.1000000000e-01 3.7574255427e-01
     vertex 2.1641298222e+00 4.1000000000e-01 3.7510170647e-01
   endloop
 endfacet
 facet normal  0.0000000000e+00 1.0000000000e+00 0.0000000000e+00
   outer loop
     vertex 2.1630932465e+00 4.1000000000e-01 3.7574255427e-01
     vertex 2.1640412462e+00 4.1000000000e-01 3.7715460300e-01
     vertex 2.1640707715e+00 4.1000000000e-01 3.7647030416e-01
   endloop
 endfacet
 facet normal  2.3779076281e-14 1.0000000000e+00 1.0259922236e-15
   outer loop
     vertex 2.1640412462e+00 4.1000000000e-01 3.7715460300e-01
     vertex 2.1663791602e+00 4.1000000000e-01 3.7707440304e-01
     vertex 2.1640707715e+00 4.1000000000e-01 3.7647030416e-01
   endloop
 endfacet
 facet normal  2.3779076281e-14 1.0000000000e+00 1.0259922236e-15
   outer loop
     vertex 2.1640412462e+00 4.1000000000e-01 3.7715460300e-01
     vertex 2.1663279078e+00 4.1000000000e-01 3.7826226361e-01
     vertex 2.1663791602e+00 4.1000000000e-01 3.7707440304e-01
   endloop
 endfacet
 facet normal  -1.5914649883e-14 1.0000000000e+00 -6.8666700206e-16
   outer loop
     vertex 2.1663279078e+00 4.1000000000e-01 3.7826226361e-01
     vertex 2.1698427469e+00 4.1000000000e-01 3.7764146370e-01
     vertex 2.1663791602e+00 4.1000000000e-01 3.7707440304e-01
   endloop
 endfacet
 facet normal  -1.5914649883e-14 1.0000000000e+00 -6.8666700206e-16
   outer loop
     vertex 2.1663279078e+00 4.1000000000e-01 3.7826226361e-01
     vertex 2.1697735091e+00 4.1000000000e-01 3.7924616606e-01
     vertex 2.1698427469e+00 4.1000000000e-01 3.7764146370e-01
   endloop
 endfacet
 facet normal  0.0000000000e+00 1.0000000000e+00 0.0000000000e+00
   outer loop
     vertex 2.1697735091e+00 4.1000000000e-01 3.7924616606e-01
     vertex 2.1746732705e+00 4.1000000000e-01 3.7819461552e-01
     vertex 2.1698427469e+00 4.1000000000e-01 3.7764146370e-01
   endloop
 endfacet
 facet normal  0.0000000000e+00 1.0000000000e+00 0.0000000000e+00
   outer loop
     vertex 2.1697735091e+00 4.1000000000e-01 3.7924616606e-01
     vertex 2.1745891863e+00 4.1000000000e-01 3.8014340725e-01
     vertex 2.1746732705e+00 4.1000000000e-01 3.7819461552e-01
   endloop
 endfacet
 facet normal  0.0000000000e+00 1.0000000000e+00 0.0000000000e+00
   outer loop
     vertex 2.1745891863e+00 4.1000000000e-01 3.8014340725e-01
     vertex 2.1810712167e+00 4.1000000000e-01 3.7871635382e-01
     vertex 2.1746732705e+00 4.1000000000e-01 3.7819461552e-01
   endloop
 endfacet
 facet normal  0.0000000000e+00 1.0000000000e+00 0.0000000000e+00
   outer loop
     vertex 2.1745891863e+00 4.1000000000e-01 3.8014340725e-01
     vertex 2.1809765515e+00 4.1000000000e-01 3.8091037609e-01
     vertex 2.1810712167e+00 4.1000000000e-01 3.7871635382e-01
   endloop
 endfacet
 facet normal  6.9176958518e-15 1.0000000000e+00 2.9847678124e-16
   outer loop
     vertex 2.1809765515e+00 4.1000000000e-01 3.8091037609e-01
     vertex 2.1890761518e+00 4.1000000000e-01 3.7917013995e-01
     vertex 2.1810712167e+00 4.1000000000e-01 3.7871635382e-01
   endloop
 endfacet
 facet normal  6.9176958518e-15 1.0000000000e+00 2.9847678124e-16
   outer loop
     vertex 2.1809765515e+00 4.1000000000e-01 3.8091037609e-01
     vertex 2.1889768183e+00 4.1000000000e-01 3.8147235921e-01
     vertex 2.1890761518e+00 4.1000000000e-01 3.7917013995e-01
   endloop
 endfacet
 facet normal  -5.9168741654e-15 1.0000000000e+00 -2.5529447864e-16
   outer loop
     vertex 2.1889768183e+00 4.1000000000e-01 3.8147235921e-01
     vertex 2.1984428798e+00 4.1000000000e-01 3.7952032523e-01
     vertex 2.1890761518e+00 4.1000000000e-01 3.7917013995e-01
   endloop
 endfacet
 facet normal  -5.9168741654e-15 1.0000000000e+00 -2.5529447864e-16
   outer loop
     vertex 2.1889768183e+00 4.1000000000e-01 3.8147235921e-01
     vertex 2.1983458702e+00 4.1000000000e-01 3.8176868523e-01
     vertex 2.1984428798e+00 4.1000000000e-01 3.7952032523e-01
   endloop
 endfacet
 facet normal  0.0000000000e+00 1.0000000000e+00 0.0000000000e+00
   outer loop
     vertex 2.1983458702e+00 4.1000000000e-01 3.8176868523e-01
     vertex 2.2085988328e+00 4.1000000000e-01 3.7975072039e-01
     vertex 2.1984428798e+00 4.1000000000e-01 3.7952032523e-01
   endloop
 endfacet
 facet normal  0.0000000000e+00 1.0000000000e+00 0.0000000000e+00
   outer loop
     vertex 2.1983458702e+00 4.1000000000e-01 3.8176868523e-01
     vertex 2.2085107725e+00 4.1000000000e-01 3.8179166430e-01
     vertex 2.2085988328e+00 4.1000000000e-01 3.7975072039e-01
   endloop
 endfacet
 facet normal  0.0000000000e+00 1.0000000000e+00 0.0000000000e+00
   outer loop
     vertex 2.2085107725e+00 4.1000000000e-01 3.8179166430e-01
     vertex 2.2186739414e+00 4.1000000000e-01 3.8159638111e-01
     vertex 2.2085988328e+00 4.1000000000e-01 3.7975072039e-01
   endloop
 endfacet
 facet normal  0.0000000000e+00 1.0000000000e+00 0.0000000000e+00
   outer loop
     vertex 2.2085988328e+00 4.1000000000e-01 3.7975072039e-01
     vertex 2.2186739414e+00 4.1000000000e-01 3.8159638111e-01
     vertex 2.2187483541e+00 4.1000000000e-01 3.7987174429e-01
   endloop
 endfacet
 facet normal  0.0000000000e+00 1.0000000000e+00 0.0000000000e+00
   outer loop
     vertex 2.2186739414e+00 4.1000000000e-01 3.8159638111e-01
     vertex 2.2280424318e+00 4.1000000000e-01 3.8127215104e-01
     vertex 2.2187483541e+00 4.1000000000e-01 3.7987174429e-01
   endloop
 endfacet
 facet normal  0.0000000000e+00 1.0000000000e+00 0.0000000000e+00
   outer loop
     vertex 2.2187483541e+00 4.1000000000e-01 3.7987174429e-01
     vertex 2.2280424318e+00 4.1000000000e-01 3.8127215104e-01
     vertex 2.2281011584e+00 4.1000000000e-01 3.7991106288e-01
   endloop
 endfacet
 facet normal  0.0000000000e+00 1.0000000000e+00 0.0000000000e+00
   outer loop
     vertex 2.2280424318e+00 4.1000000000e-01 3.8127215104e-01
     vertex 2.2360545721e+00 4.1000000000e-01 3.8090499454e-01
     vertex 2.2281011584e+00 4.1000000000e-01 3.7991106288e-01
   endloop
 endfacet
 facet normal  0.0000000000e+00 1.0000000000e+00 0.0000000000e+00
   outer loop
     vertex 2.2281011584e+00 4.1000000000e-01 3.7991106288e-01
     vertex 2.2360545721e+00 4.1000000000e-01 3.8090499454e-01
     vertex 2.2360979486e+00 4.1000000000e-01 3.7989967162e-01
   endloop
 endfacet
 facet normal  0.0000000000e+00 1.0000000000e+00 0.0000000000e+00
   outer loop
     vertex 2.2360545721e+00 4.1000000000e-01 3.8090499454e-01
     vertex 2.2424791591e+00 4.1000000000e-01 3.8055626843e-01
     vertex 2.2360979486e+00 4.1000000000e-01 3.7989967162e-01
   endloop
 endfacet
 facet normal  0.0000000000e+00 1.0000000000e+00 0.0000000000e+00
   outer loop
     vertex 2.2360979486e+00 4.1000000000e-01 3.7989967162e-01
     vertex 2.2424791591e+00 4.1000000000e-01 3.8055626843e-01
     vertex 2.2425090573e+00 4.1000000000e-01 3.7986332737e-01
   endloop
 endfacet
 facet normal  -1.1380314638e-14 1.0000000000e+00 -4.9102472202e-16
   outer loop
     vertex 2.2424791591e+00 4.1000000000e-01 3.8055626843e-01
     vertex 2.2473698058e+00 4.1000000000e-01 3.8025904005e-01
     vertex 2.2425090573e+00 4.1000000000e-01 3.7986332737e-01
   endloop
 endfacet
 facet normal  -1.1380314638e-14 1.0000000000e+00 -4.9102472202e-16
   outer loop
     vertex 2.2425090573e+00 4.1000000000e-01 3.7986332737e-01
     vertex 2.2473698058e+00 4.1000000000e-01 3.8025904005e-01
     vertex 2.2473887598e+00 4.1000000000e-01 3.7981974897e-01
   endloop
 endfacet
 facet normal  0.0000000000e+00 1.0000000000e+00 0.0000000000e+00
   outer loop
     vertex 2.2473698058e+00 4.1000000000e-01 3.8025904005e-01
     vertex 2.2509474522e+00 4.1000000000e-01 3.8002370980e-01
     vertex 2.2473887598e+00 4.1000000000e-01 3.7981974897e-01
   endloop
 endfacet
 facet normal  0.0000000000e+00 1.0000000000e+00 0.0000000000e+00
   outer loop
     vertex 2.2473887598e+00 4.1000000000e-01 3.7981974897e-01
     vertex 2.2509474522e+00 4.1000000000e-01 3.8002370980e-01
     vertex 2.2509580148e+00 4.1000000000e-01 3.7977890387e-01
   endloop
 endfacet
 facet normal  2.1906212616e-14 1.0000000000e+00 9.4518405707e-16
   outer loop
     vertex 2.2509474522e+00 4.1000000000e-01 3.8002370980e-01
     vertex 2.2534891155e+00 4.1000000000e-01 3.7984695455e-01
     vertex 2.2509580148e+00 4.1000000000e-01 3.7977890387e-01
   endloop
 endfacet
 facet normal  2.1906212616e-14 1.0000000000e+00 9.4518405704e-16
   outer loop
     vertex 2.2509580148e+00 4.1000000000e-01 3.7977890387e-01
     vertex 2.2534891155e+00 4.1000000000e-01 3.7984695455e-01
     vertex 2.2534935105e+00 4.1000000000e-01 3.7974509252e-01
   endloop
 endfacet
 facet normal  0.0000000000e+00 1.0000000000e+00 0.0000000000e+00
   outer loop
     vertex 2.2534891155e+00 4.1000000000e-01 3.7984695455e-01
     vertex 2.2552574976e+00 4.1000000000e-01 3.7971915133e-01
     vertex 2.2534935105e+00 4.1000000000e-01 3.7974509252e-01
   endloop
 endfacet
 facet normal  0.0000000000e+00 1.0000000000e+00 -0.0000000000e+00
   outer loop
     vertex 2.2552574976e+00 4.1000000000e-01 3.7971915133e-01
     vertex 2.2535023006e+00 4.1000000000e-01 3.7954136844e-01
     vertex 2.2534979056e+00 4.1000000000e-01 3.7964323048e-01
   endloop
 endfacet
 facet normal  0.0000000000e+00 1.0000000000e+00 0.0000000000e+00
   outer loop
     vertex 2.2535023006e+00 4.1000000000e-01 3.7954136844e-01
     vertex 2.2509685774e+00 4.1000000000e-01 3.7953409794e-01
     vertex 2.2534979056e+00 4.1000000000e-01 3.7964323048e-01
   endloop
 endfacet
 facet normal  0.0000000000e+00 1.0000000000e+00 -0.0000000000e+00
   outer loop
     vertex 2.2535023006e+00 4.1000000000e-01 3.7954136844e-01
     vertex 2.2509791400e+00 4.1000000000e-01 3.7928929200e-01
     vertex 2.2509685774e+00 4.1000000000e-01 3.7953409794e-01
   endloop
 endfacet
 facet normal  -0.0000000000e+00 1.0000000000e+00 0.0000000000e+00
   outer loop
     vertex 2.2509791400e+00 4.1000000000e-01 3.7928929200e-01
     vertex 2.2474077138e+00 4.1000000000e-01 3.7938045789e-01
     vertex 2.2509685774e+00 4.1000000000e-01 3.7953409794e-01
   endloop
 endfacet
 facet normal  0.0000000000e+00 1.0000000000e+00 -0.0000000000e+00
   outer loop
     vertex 2.2509791400e+00 4.1000000000e-01 3.7928929200e-01
     vertex 2.2474266679e+00 4.1000000000e-01 3.7894116681e-01
     vertex 2.2474077138e+00 4.1000000000e-01 3.7938045789e-01
   endloop
 endfacet
 facet normal  -0.0000000000e+00 1.0000000000e+00 0.0000000000e+00
   outer loop
     vertex 2.2474266679e+00 4.1000000000e-01 3.7894116681e-01
     vertex 2.2425389556e+00 4.1000000000e-01 3.7917038631e-01
     vertex 2.2474077138e+00 4.1000000000e-01 3.7938045789e-01
   endloop
 endfacet
 facet normal  0.0000000000e+00 1.0000000000e+00 -0.0000000000e+00
   outer loop
     vertex 2.2474266679e+00 4.1000000000e-01 3.7894116681e-01
     vertex 2.2425688538e+00 4.1000000000e-01 3.7847744525e-01
     vertex 2.2425389556e+00 4.1000000000e-01 3.7917038631e-01
   endloop
 endfacet
 facet normal  -8.6607066506e-15 1.0000000000e+00 -3.7368220571e-16
   outer loop
     vertex 2.2425688538e+00 4.1000000000e-01 3.7847744525e-01
     vertex 2.2361413251e+00 4.1000000000e-01 3.7889434871e-01
     vertex 2.2425389556e+00 4.1000000000e-01 3.7917038631e-01
   endloop
 endfacet
 facet normal  -8.6607066506e-15 1.0000000000e+00 -3.7368220571e-16
   outer loop
     vertex 2.2425688538e+00 4.1000000000e-01 3.7847744525e-01
     vertex 2.2361847016e+00 4.1000000000e-01 3.7788902580e-01
     vertex 2.2361413251e+00 4.1000000000e-01 3.7889434871e-01
   endloop
 endfacet
 facet normal  1.3884211608e-14 1.0000000000e+00 5.9905998753e-16
   outer loop
     vertex 2.2361847016e+00 4.1000000000e-01 3.7788902580e-01
     vertex 2.2281598851e+00 4.1000000000e-01 3.7854997472e-01
     vertex 2.2361413251e+00 4.1000000000e-01 3.7889434871e-01
   endloop
 endfacet
 facet normal  1.3884211608e-14 1.0000000000e+00 5.9905998754e-16
   outer loop
     vertex 2.2361847016e+00 4.1000000000e-01 3.7788902580e-01
     vertex 2.2282186118e+00 4.1000000000e-01 3.7718888656e-01
     vertex 2.2281598851e+00 4.1000000000e-01 3.7854997472e-01
   endloop
 endfacet
 facet normal  -0.0000000000e+00 1.0000000000e+00 0.0000000000e+00
   outer loop
     vertex 2.2282186118e+00 4.1000000000e-01 3.7718888656e-01
     vertex 2.2188227667e+00 4.1000000000e-01 3.7814710748e-01
     vertex 2.2281598851e+00 4.1000000000e-01 3.7854997472e-01
   endloop
 endfacet
 facet normal  0.0000000000e+00 1.0000000000e+00 -0.0000000000e+00
   outer loop
     vertex 2.2282186118e+00 4.1000000000e-01 3.7718888656e-01
     vertex 2.2188971793e+00 4.1000000000e-01 3.7642247067e-01
     vertex 2.2188227667e+00 4.1000000000e-01 3.7814710748e-01
   endloop
 endfacet
 facet normal  -5.4665244724e-15 1.0000000000e+00 -2.3586330825e-16
   outer loop
     vertex 2.2188971793e+00 4.1000000000e-01 3.7642247067e-01
     vertex 2.2086868931e+00 4.1000000000e-01 3.7770977647e-01
     vertex 2.2188227667e+00 4.1000000000e-01 3.7814710748e-01
   endloop
 endfacet
 facet normal  -5.4665244724e-15 1.0000000000e+00 -2.3586330825e-16
   outer loop
     vertex 2.2188971793e+00 4.1000000000e-01 3.7642247067e-01
     vertex 2.2087749534e+00 4.1000000000e-01 3.7566883256e-01
     vertex 2.2086868931e+00 4.1000000000e-01 3.7770977647e-01
   endloop
 endfacet
 facet normal  0.0000000000e+00 1.0000000000e+00 0.0000000000e+00
   outer loop
     vertex 2.2087749534e+00 4.1000000000e-01 3.7566883256e-01
     vertex 2.1986368991e+00 4.1000000000e-01 3.7502360524e-01
     vertex 2.2086868931e+00 4.1000000000e-01 3.7770977647e-01
   endloop
 endfacet
 facet normal  0.0000000000e+00 1.0000000000e+00 -0.0000000000e+00
   outer loop
     vertex 2.2086868931e+00 4.1000000000e-01 3.7770977647e-01
     vertex 2.1986368991e+00 4.1000000000e-01 3.7502360524e-01
     vertex 2.1985398895e+00 4.1000000000e-01 3.7727196523e-01
   endloop
 endfacet
 facet normal  0.0000000000e+00 1.0000000000e+00 0.0000000000e+00
   outer loop
     vertex 2.1986368991e+00 4.1000000000e-01 3.7502360524e-01
     vertex 2.1892748189e+00 4.1000000000e-01 3.7456570144e-01
     vertex 2.1985398895e+00 4.1000000000e-01 3.7727196523e-01
   endloop
 endfacet
 facet normal  0.0000000000e+00 1.0000000000e+00 -0.0000000000e+00
   outer loop
     vertex 2.1985398895e+00 4.1000000000e-01 3.7727196523e-01
     vertex 2.1892748189e+00 4.1000000000e-01 3.7456570144e-01
     vertex 2.1891754853e+00 4.1000000000e-01 3.7686792070e-01
   endloop
 endfacet
 facet normal  0.0000000000e+00 1.0000000000e+00 0.0000000000e+00
   outer loop
     vertex 2.1892748189e+00 4.1000000000e-01 3.7456570144e-01
     vertex 2.1812605470e+00 4.1000000000e-01 3.7432830927e-01
     vertex 2.1891754853e+00 4.1000000000e-01 3.7686792070e-01
   endloop
 endfacet
 facet normal  0.0000000000e+00 1.0000000000e+00 -0.0000000000e+00
   outer loop
     vertex 2.1891754853e+00 4.1000000000e-01 3.7686792070e-01
     vertex 2.1812605470e+00 4.1000000000e-01 3.7432830927e-01
     vertex 2.1811658818e+00 4.1000000000e-01 3.7652233154e-01
   endloop
 endfacet
 facet normal  8.6459805482e-15 1.0000000000e+00 3.7304682079e-16
   outer loop
     vertex 2.1812605470e+00 4.1000000000e-01 3.7432830927e-01
     vertex 2.1748414389e+00 4.1000000000e-01 3.7429703205e-01
     vertex 2.1811658818e+00 4.1000000000e-01 3.7652233154e-01
   endloop
 endfacet
 facet normal  8.6459805482e-15 1.0000000000e+00 3.7304682079e-16
   outer loop
     vertex 2.1811658818e+00 4.1000000000e-01 3.7652233154e-01
     vertex 2.1748414389e+00 4.1000000000e-01 3.7429703205e-01
     vertex 2.1747573547e+00 4.1000000000e-01 3.7624582379e-01
   endloop
 endfacet
 facet normal  -1.1435246705e-14 1.0000000000e+00 -4.9339486765e-16
   outer loop
     vertex 2.1748414389e+00 4.1000000000e-01 3.7429703205e-01
     vertex 2.1699812226e+00 4.1000000000e-01 3.7443205898e-01
     vertex 2.1747573547e+00 4.1000000000e-01 3.7624582379e-01
   endloop
 endfacet
 facet normal  -1.1435246705e-14 1.0000000000e+00 -4.9339486765e-16
   outer loop
     vertex 2.1747573547e+00 4.1000000000e-01 3.7624582379e-01
     vertex 2.1699812226e+00 4.1000000000e-01 3.7443205898e-01
     vertex 2.1699119848e+00 4.1000000000e-01 3.7603676134e-01
   endloop
 endfacet
 facet normal  -0.0000000000e+00 1.0000000000e+00 0.0000000000e+00
   outer loop
     vertex 2.1699812226e+00 4.1000000000e-01 3.7443205898e-01
     vertex 2.1664816651e+00 4.1000000000e-01 3.7469868190e-01
     vertex 2.1699119848e+00 4.1000000000e-01 3.7603676134e-01
   endloop
 endfacet
 facet normal  0.0000000000e+00 1.0000000000e+00 -0.0000000000e+00
   outer loop
     vertex 2.1699119848e+00 4.1000000000e-01 3.7603676134e-01
     vertex 2.1664816651e+00 4.1000000000e-01 3.7469868190e-01
     vertex 2.1664304127e+00 4.1000000000e-01 3.7588654247e-01
   endloop
 endfacet
 facet normal  2.3779076281e-14 1.0000000000e+00 1.0259922236e-15
   outer loop
     vertex 2.1664816651e+00 4.1000000000e-01 3.7469868190e-01
     vertex 2.1641298222e+00 4.1000000000e-01 3.7510170647e-01
     vertex 2.1664304127e+00 4.1000000000e-01 3.7588654247e-01
   endloop
 endfacet
 facet normal  2.3779076281e-14 1.0000000000e+00 1.0259922236e-15
   outer loop
     vertex 2.1664304127e+00 4.1000000000e-01 3.7588654247e-01
     vertex 2.1641298222e+00 4.1000000000e-01 3.7510170647e-01
     vertex 2.1641002969e+00 4.1000000000e-01 3.7578600532e-01
   endloop
 endfacet
 facet normal  -5.5020088108e-14 1.0000000000e+00 -2.3739434566e-15
   outer loop
     vertex 2.1641298222e+00 4.1000000000e-01 3.7510170647e-01
     vertex 2.1630932465e+00 4.1000000000e-01 3.7574255427e-01
     vertex 2.1641002969e+00 4.1000000000e-01 3.7578600532e-01
   endloop
 endfacet
 facet normal  0.0000000000e+00 1.0000000000e+00 0.0000000000e+00
   outer loop
     vertex 2.1630932465e+00 4.1000000000e-01 3.7574255427e-01
     vertex 2.1640707715e+00 4.1000000000e-01 3.7647030416e-01
     vertex 2.1641002969e+00 4.1000000000e-01 3.7578600532e-01
   endloop
 endfacet
 facet normal  2.3779076281e-14 1.0000000000e+00 1.0259922236e-15
   outer loop
     vertex 2.1640707715e+00 4.1000000000e-01 3.7647030416e-01
     vertex 2.1664304127e+00 4.1000000000e-01 3.7588654247e-01
     vertex 2.1641002969e+00 4.1000000000e-01 3.7578600532e-01
   endloop
 endfacet
 facet normal  2.3779076281e-14 1.0000000000e+00 1.0259922236e-15
   outer loop
     vertex 2.1640707715e+00 4.1000000000e-01 3.7647030416e-01
     vertex 2.1663791602e+00 4.1000000000e-01 3.7707440304e-01
     vertex 2.1664304127e+00 4.1000000000e-01 3.7588654247e-01
   endloop
 endfacet
 facet normal  -1.5914649883e-14 1.0000000000e+00 -6.8666700206e-16
   outer loop
     vertex 2.1663791602e+00 4.1000000000e-01 3.7707440304e-01
     vertex 2.1699119848e+00 4.1000000000e-01 3.7603676134e-01
     vertex 2.1664304127e+00 4.1000000000e-01 3.7588654247e-01
   endloop
 endfacet
 facet normal  -1.5914649883e-14 1.0000000000e+00 -6.8666700206e-16
   outer loop
     vertex 2.1663791602e+00 4.1000000000e-01 3.7707440304e-01
     vertex 2.1698427469e+00 4.1000000000e-01 3.7764146370e-01
     vertex 2.1699119848e+00 4.1000000000e-01 3.7603676134e-01
   endloop
 endfacet
 facet normal  0.0000000000e+00 1.0000000000e+00 0.0000000000e+00
   outer loop
     vertex 2.1698427469e+00 4.1000000000e-01 3.7764146370e-01
     vertex 2.1747573547e+00 4.1000000000e-01 3.7624582379e-01
     vertex 2.1699119848e+00 4.1000000000e-01 3.7603676134e-01
   endloop
 endfacet
 facet normal  0.0000000000e+00 1.0000000000e+00 0.0000000000e+00
   outer loop
     vertex 2.1698427469e+00 4.1000000000e-01 3.7764146370e-01
     vertex 2.1746732705e+00 4.1000000000e-01 3.7819461552e-01
     vertex 2.1747573547e+00 4.1000000000e-01 3.7624582379e-01
   endloop
 endfacet
 facet normal  0.0000000000e+00 1.0000000000e+00 0.0000000000e+00
   outer loop
     vertex 2.1746732705e+00 4.1000000000e-01 3.7819461552e-01
     vertex 2.1811658818e+00 4.1000000000e-01 3.7652233154e-01
     vertex 2.1747573547e+00 4.1000000000e-01 3.7624582379e-01
   endloop
 endfacet
 facet normal  0.0000000000e+00 1.0000000000e+00 0.0000000000e+00
   outer loop
     vertex 2.1746732705e+00 4.1000000000e-01 3.7819461552e-01
     vertex 2.1810712167e+00 4.1000000000e-01 3.7871635382e-01
     vertex 2.1811658818e+00 4.1000000000e-01 3.7652233154e-01
   endloop
 endfacet
 facet normal  6.9176958518e-15 1.0000000000e+00 2.9847678124e-16
   outer loop
     vertex 2.1810712167e+00 4.1000000000e-01 3.7871635382e-01
     vertex 2.1891754853e+00 4.1000000000e-01 3.7686792070e-01
     vertex 2.1811658818e+00 4.1000000000e-01 3.7652233154e-01
   endloop
 endfacet
 facet normal  6.9176958518e-15 1.0000000000e+00 2.9847678124e-16
   outer loop
     vertex 2.1810712167e+00 4.1000000000e-01 3.7871635382e-01
     vertex 2.1890761518e+00 4.1000000000e-01 3.7917013995e-01
     vertex 2.1891754853e+00 4.1000000000e-01 3.7686792070e-01
   endloop
 endfacet
 facet normal  -5.9168741654e-15 1.0000000000e+00 -2.5529447864e-16
   outer loop
     vertex 2.1890761518e+00 4.1000000000e-01 3.7917013995e-01
     vertex 2.1985398895e+00 4.1000000000e-01 3.7727196523e-01
     vertex 2.1891754853e+00 4.1000000000e-01 3.7686792070e-01
   endloop
 endfacet
 facet normal  -5.9168741654e-15 1.0000000000e+00 -2.5529447864e-16
   outer loop
     vertex 2.1890761518e+00 4.1000000000e-01 3.7917013995e-01
     vertex 2.1984428798e+00 4.1000000000e-01 3.7952032523e-01
     vertex 2.1985398895e+00 4.1000000000e-01 3.7727196523e-01
   endloop
 endfacet
 facet normal  0.0000000000e+00 1.0000000000e+00 0.0000000000e+00
   outer loop
     vertex 2.1984428798e+00 4.1000000000e-01 3.7952032523e-01
     vertex 2.2086868931e+00 4.1000000000e-01 3.7770977647e-01
     vertex 2.1985398895e+00 4.1000000000e-01 3.7727196523e-01
   endloop
 endfacet
 facet normal  0.0000000000e+00 1.0000000000e+00 0.0000000000e+00
   outer loop
     vertex 2.1984428798e+00 4.1000000000e-01 3.7952032523e-01
     vertex 2.2085988328e+00 4.1000000000e-01 3.7975072039e-01
     vertex 2.2086868931e+00 4.1000000000e-01 3.7770977647e-01
   endloop
 endfacet
 facet normal  0.0000000000e+00 1.0000000000e+00 0.0000000000e+00
   outer loop
     vertex 2.2085988328e+00 4.1000000000e-01 3.7975072039e-01
     vertex 2.2187483541e+00 4.1000000000e-01 3.7987174429e-01
     vertex 2.2086868931e+00 4.1000000000e-01 3.7770977647e-01
   endloop
 endfacet
 facet normal  0.0000000000e+00 1.0000000000e+00 0.0000000000e+00
   outer loop
     vertex 2.2086868931e+00 4.1000000000e-01 3.7770977647e-01
     vertex 2.2187483541e+00 4.1000000000e-01 3.7987174429e-01
     vertex 2.2188227667e+00 4.1000000000e-01 3.7814710748e-01
   endloop
 endfacet
 facet normal  0.0000000000e+00 1.0000000000e+00 0.0000000000e+00
   outer loop
     vertex 2.2187483541e+00 4.1000000000e-01 3.7987174429e-01
     vertex 2.2281011584e+00 4.1000000000e-01 3.7991106288e-01
     vertex 2.2188227667e+00 4.1000000000e-01 3.7814710748e-01
   endloop
 endfacet
 facet normal  0.0000000000e+00 1.0000000000e+00 0.0000000000e+00
   outer loop
     vertex 2.2188227667e+00 4.1000000000e-01 3.7814710748e-01
     vertex 2.2281011584e+00 4.1000000000e-01 3.7991106288e-01
     vertex 2.2281598851e+00 4.1000000000e-01 3.7854997472e-01
   endloop
 endfacet
 facet normal  0.0000000000e+00 1.0000000000e+00 0.0000000000e+00
   outer loop
     vertex 2.2281011584e+00 4.1000000000e-01 3.7991106288e-01
     vertex 2.2360979486e+00 4.1000000000e-01 3.7989967162e-01
     vertex 2.2281598851e+00 4.1000000000e-01 3.7854997472e-01
   endloop
 endfacet
 facet normal  0.0000000000e+00 1.0000000000e+00 0.0000000000e+00
   outer loop
     vertex 2.2281598851e+00 4.1000000000e-01 3.7854997472e-01
     vertex 2.2360979486e+00 4.1000000000e-01 3.7989967162e-01
     vertex 2.2361413251e+00 4.1000000000e-01 3.7889434871e-01
   endloop
 endfacet
 facet normal  0.0000000000e+00 1.0000000000e+00 0.0000000000e+00
   outer loop
     vertex 2.2360979486e+00 4.1000000000e-01 3.7989967162e-01
     vertex 2.2425090573e+00 4.1000000000e-01 3.7986332737e-01
     vertex 2.2361413251e+00 4.1000000000e-01 3.7889434871e-01
   endloop
 endfacet
 facet normal  0.0000000000e+00 1.0000000000e+00 0.0000000000e+00
   outer loop
     vertex 2.2361413251e+00 4.1000000000e-01 3.7889434871e-01
     vertex 2.2425090573e+00 4.1000000000e-01 3.7986332737e-01
     vertex 2.2425389556e+00 4.1000000000e-01 3.7917038631e-01
   endloop
 endfacet
 facet normal  -1.1380314638e-14 1.0000000000e+00 -4.9102472203e-16
   outer loop
     vertex 2.2425090573e+00 4.1000000000e-01 3.7986332737e-01
     vertex 2.2473887598e+00 4.1000000000e-01 3.7981974897e-01
     vertex 2.2425389556e+00 4.1000000000e-01 3.7917038631e-01
   endloop
 endfacet
 facet normal  -1.1380314638e-14 1.0000000000e+00 -4.9102472202e-16
   outer loop
     vertex 2.2425389556e+00 4.1000000000e-01 3.7917038631e-01
     vertex 2.2473887598e+00 4.1000000000e-01 3.7981974897e-01
     vertex 2.2474077138e+00 4.1000000000e-01 3.7938045789e-01
   endloop
 endfacet
 facet normal  0.0000000000e+00 1.0000000000e+00 0.0000000000e+00
   outer loop
     vertex 2.2473887598e+00 4.1000000000e-01 3.7981974897e-01
     vertex 2.2509580148e+00 4.1000000000e-01 3.7977890387e-01
     vertex 2.2474077138e+00 4.1000000000e-01 3.7938045789e-01
   endloop
 endfacet
 facet normal  0.0000000000e+00 1.0000000000e+00 0.0000000000e+00
   outer loop
     vertex 2.2474077138e+00 4.1000000000e-01 3.7938045789e-01
     vertex 2.2509580148e+00 4.1000000000e-01 3.7977890387e-01
     vertex 2.2509685774e+00 4.1000000000e-01 3.7953409794e-01
   endloop
 endfacet
 facet normal  2.1906212616e-14 1.0000000000e+00 9.4518405703e-16
   outer loop
     vertex 2.2509580148e+00 4.1000000000e-01 3.7977890387e-01
     vertex 2.2534935105e+00 4.1000000000e-01 3.7974509252e-01
     vertex 2.2509685774e+00 4.1000000000e-01 3.7953409794e-01
   endloop
 endfacet
 facet normal  2.1906212616e-14 1.0000000000e+00 9.4518405704e-16
   outer loop
     vertex 2.2509685774e+00 4.1000000000e-01 3.7953409794e-01
     vertex 2.2534935105e+00 4.1000000000e-01 3.7974509252e-01
     vertex 2.2534979056e+00 4.1000000000e-01 3.7964323048e-01
   endloop
 endfacet
 facet normal  0.0000000000e+00 1.0000000000e+00 0.0000000000e+00
   outer loop
     vertex 2.2534935105e+00 4.1000000000e-01 3.7974509252e-01
     vertex 2.2552574976e+00 4.1000000000e-01 3.7971915133e-01
     vertex 2.2534979056e+00 4.1000000000e-01 3.7964323048e-01
   endloop
 endfacet
 facet normal  1.5772206498e-01 5.7412132365e-03 -9.8746685448e-01
   outer loop
     vertex 2.2348094468e+00 0.0000000000e+00 3.7883688236e-01
     vertex 2.2388990570e+00 -8.2000000000e-02 3.7901333616e-01
     vertex 2.2309187758e+00 0.0000000000e+00 3.7821544919e-01
   endloop
 endfacet
 facet normal  1.5772206498e-01 5.7412132365e-03 -9.8746685448e-01
   outer loop
     vertex 2.2388990570e+00 -8.2000000000e-02 3.7901333616e-01
     vertex 2.2354363598e+00 -8.2000000000e-02 3.7846026063e-01
     vertex 2.2309187758e+00 0.0000000000e+00 3.7821544919e-01
   endloop
 endfacet
 facet normal  1.5504115029e-01 5.5922451528e-03 -9.8789218466e-01
   outer loop
     vertex 2.2309187758e+00 0.0000000000e+00 3.7821544919e-01
     vertex 2.2354363598e+00 -8.2000000000e-02 3.7846026063e-01
     vertex 2.2253254580e+00 0.0000000000e+00 3.7733762624e-01
   endloop
 endfacet
 facet normal  1.5504115029e-01 5.5922451528e-03 -9.8789218466e-01
   outer loop
     vertex 2.2354363598e+00 -8.2000000000e-02 3.7846026063e-01
     vertex 2.2304583069e+00 -8.2000000000e-02 3.7767899821e-01
     vertex 2.2253254580e+00 0.0000000000e+00 3.7733762624e-01
   endloop
 endfacet
 facet normal  1.5133762227e-01 5.3580246184e-03 -9.8846760982e-01
   outer loop
     vertex 2.2253254580e+00 0.0000000000e+00 3.7733762624e-01
     vertex 2.2304583069e+00 -8.2000000000e-02 3.7767899821e-01
     vertex 2.2174497231e+00 0.0000000000e+00 3.7613182548e-01
   endloop
 endfacet
 facet normal  1.5133762227e-01 5.3580246184e-03 -9.8846760982e-01
   outer loop
     vertex 2.2304583069e+00 -8.2000000000e-02 3.7767899821e-01
     vertex 2.2234489028e+00 -8.2000000000e-02 3.7660583553e-01
     vertex 2.2174497231e+00 0.0000000000e+00 3.7613182548e-01
   endloop
 endfacet
 facet normal  1.4641037975e-01 4.9932447708e-03 -9.8921133647e-01
   outer loop
     vertex 2.2174497231e+00 0.0000000000e+00 3.7613182548e-01
     vertex 2.2234489028e+00 -8.2000000000e-02 3.7660583553e-01
     vertex 2.2066789012e+00 0.0000000000e+00 3.7453766650e-01
   endloop
 endfacet
 facet normal  1.4641037975e-01 4.9932447708e-03 -9.8921133647e-01
   outer loop
     vertex 2.2234489028e+00 -8.2000000000e-02 3.7660583553e-01
     vertex 2.2138628713e+00 -8.2000000000e-02 3.7518703404e-01
     vertex 2.2066789012e+00 0.0000000000e+00 3.7453766650e-01
   endloop
 endfacet
 facet normal  1.4000408023e-01 4.4246303275e-03 -9.9014104054e-01
   outer loop
     vertex 2.2066789012e+00 0.0000000000e+00 3.7453766650e-01
     vertex 2.2138628713e+00 -8.2000000000e-02 3.7518703404e-01
     vertex 2.1925218480e+00 0.0000000000e+00 3.7253588583e-01
   endloop
 endfacet
 facet normal  1.4000408023e-01 4.4246303275e-03 -9.9014104054e-01
   outer loop
     vertex 2.2138628713e+00 -8.2000000000e-02 3.7518703404e-01
     vertex 2.2012630941e+00 -8.2000000000e-02 3.7340544924e-01
     vertex 2.1925218480e+00 0.0000000000e+00 3.7253588583e-01
   endloop
 endfacet
 facet normal  1.3164909550e-01 3.5217988761e-03 -9.9129012533e-01
   outer loop
     vertex 2.1925218480e+00 0.0000000000e+00 3.7253588583e-01
     vertex 2.2012630941e+00 -8.2000000000e-02 3.7340544924e-01
     vertex 2.1748535376e+00 0.0000000000e+00 3.7018943142e-01
   endloop
 endfacet
 facet normal  1.3164909550e-01 3.5217988761e-03 -9.9129012533e-01
   outer loop
     vertex 2.2012630941e+00 -8.2000000000e-02 3.7340544924e-01
     vertex 2.1855382978e+00 -8.2000000000e-02 3.7131710482e-01
     vertex 2.1748535376e+00 0.0000000000e+00 3.7018943142e-01
   endloop
 endfacet
 facet normal  1.2054087889e-01 2.0549020185e-03 -9.9270623746e-01
   outer loop
     vertex 2.1748535376e+00 0.0000000000e+00 3.7018943142e-01
     vertex 2.1855382978e+00 -8.2000000000e-02 3.7131710482e-01
     vertex 2.1541741011e+00 0.0000000000e+00 3.6767839909e-01
   endloop
 endfacet
 facet normal  1.2054087889e-01 2.0549020185e-03 -9.9270623746e-01
   outer loop
     vertex 2.1855382978e+00 -8.2000000000e-02 3.7131710482e-01
     vertex 2.1671335993e+00 -8.2000000000e-02 3.6908228604e-01
     vertex 2.1541741011e+00 0.0000000000e+00 3.6767839909e-01
   endloop
 endfacet
 facet normal  1.0525729578e-01 -3.9032379649e-04 -9.9444494535e-01
   outer loop
     vertex 2.1541741011e+00 0.0000000000e+00 3.6767839909e-01
     vertex 2.1671335993e+00 -8.2000000000e-02 3.6908228604e-01
     vertex 2.1317105939e+00 0.0000000000e+00 3.6530074306e-01
   endloop
 endfacet
 facet normal  1.0525729578e-01 -3.9032379649e-04 -9.9444494535e-01
   outer loop
     vertex 2.1671335993e+00 -8.2000000000e-02 3.6908228604e-01
     vertex 2.1471410778e+00 -8.2000000000e-02 3.6696617217e-01
     vertex 2.1317105939e+00 0.0000000000e+00 3.6530074306e-01
   endloop
 endfacet
 facet normal  8.3880074434e-02 -4.4540632104e-03 -9.9646590229e-01
   outer loop
     vertex 2.1317105939e+00 0.0000000000e+00 3.6530074306e-01
     vertex 2.1471410778e+00 -8.2000000000e-02 3.6696617217e-01
     vertex 2.1271079591e+00 -8.2000000000e-02 3.6527983300e-01
   endloop
 endfacet
 facet normal  8.3880074434e-02 -4.4540632104e-03 -9.9646590229e-01
   outer loop
     vertex 2.1317105939e+00 0.0000000000e+00 3.6530074306e-01
     vertex 2.1271079591e+00 -8.2000000000e-02 3.6527983300e-01
     vertex 2.1092014717e+00 0.0000000000e+00 3.6340597994e-01
   endloop
 endfacet
 facet normal  5.4592175128e-02 -1.0895038633e-02 -9.9844929393e-01
   outer loop
     vertex 2.1092014717e+00 0.0000000000e+00 3.6340597994e-01
     vertex 2.1271079591e+00 -8.2000000000e-02 3.6527983300e-01
     vertex 2.1085964409e+00 -8.2000000000e-02 3.6426767940e-01
   endloop
 endfacet
 facet normal  5.4592175128e-02 -1.0895038633e-02 -9.9844929393e-01
   outer loop
     vertex 2.1092014717e+00 0.0000000000e+00 3.6340597994e-01
     vertex 2.1085964409e+00 -8.2000000000e-02 3.6426767940e-01
     vertex 2.0884020130e+00 0.0000000000e+00 3.6226872870e-01
   endloop
 endfacet
 facet normal  1.6105810971e-02 -2.0402775947e-02 -9.9966210771e-01
   outer loop
     vertex 2.0884020130e+00 0.0000000000e+00 3.6226872870e-01
     vertex 2.1085964409e+00 -8.2000000000e-02 3.6426767940e-01
     vertex 2.0927367591e+00 -8.2000000000e-02 3.6401216003e-01
   endloop
 endfacet
 facet normal  1.6105810971e-02 -2.0402775947e-02 -9.9966210771e-01
   outer loop
     vertex 2.0884020130e+00 0.0000000000e+00 3.6226872870e-01
     vertex 2.0927367591e+00 -8.2000000000e-02 3.6401216003e-01
     vertex 2.0705821459e+00 0.0000000000e+00 3.6198162828e-01
   endloop
 endfacet
 facet normal  -3.3238528591e-02 -3.3715140026e-02 -9.9887861602e-01
   outer loop
     vertex 2.0705821459e+00 0.0000000000e+00 3.6198162828e-01
     vertex 2.0927367591e+00 -8.2000000000e-02 3.6401216003e-01
     vertex 2.0800202632e+00 -8.2000000000e-02 3.6443531216e-01
   endloop
 endfacet
 facet normal  -3.3238528591e-02 -3.3715140026e-02 -9.9887861602e-01
   outer loop
     vertex 2.0705821459e+00 0.0000000000e+00 3.6198162828e-01
     vertex 2.0800202632e+00 -8.2000000000e-02 3.6443531216e-01
     vertex 2.0562939481e+00 0.0000000000e+00 3.6245708012e-01
   endloop
 endfacet
 facet normal  -9.7674246286e-02 -5.2237914640e-02 -9.9384653840e-01
   outer loop
     vertex 2.0562939481e+00 0.0000000000e+00 3.6245708012e-01
     vertex 2.0800202632e+00 -8.2000000000e-02 3.6443531216e-01
     vertex 2.0703784725e+00 -8.2000000000e-02 3.6538289773e-01
   endloop
 endfacet
 facet normal  -9.7674246286e-02 -5.2237914640e-02 -9.9384653840e-01
   outer loop
     vertex 2.0562939481e+00 0.0000000000e+00 3.6245708012e-01
     vertex 2.0703784725e+00 -8.2000000000e-02 3.6538289773e-01
     vertex 2.0454604755e+00 0.0000000000e+00 3.6352178300e-01
   endloop
 endfacet
 facet normal  -1.9012361111e-01 -7.9982855496e-02 -9.7849668130e-01
   outer loop
     vertex 2.0454604755e+00 0.0000000000e+00 3.6352178300e-01
     vertex 2.0703784725e+00 -8.2000000000e-02 3.6538289773e-01
     vertex 2.0634215543e+00 -8.2000000000e-02 3.6673463906e-01
   endloop
 endfacet
 facet normal  -1.9012361111e-01 -7.9982855496e-02 -9.7849668130e-01
   outer loop
     vertex 2.0454604755e+00 0.0000000000e+00 3.6352178300e-01
     vertex 2.0634215543e+00 -8.2000000000e-02 3.6673463906e-01
     vertex 2.0376437134e+00 0.0000000000e+00 3.6504059349e-01
   endloop
 endfacet
 facet normal  -3.5376538225e-01 -1.3034567284e-01 -9.2620735254e-01
   outer loop
     vertex 2.0376437134e+00 0.0000000000e+00 3.6504059349e-01
     vertex 2.0634215543e+00 -8.2000000000e-02 3.6673463906e-01
     vertex 2.0587271603e+00 -8.2000000000e-02 3.6852766529e-01
   endloop
 endfacet
 facet normal  -3.5376538225e-01 -1.3034567284e-01 -9.2620735254e-01
   outer loop
     vertex 2.0376437134e+00 0.0000000000e+00 3.6504059349e-01
     vertex 2.0587271603e+00 -8.2000000000e-02 3.6852766529e-01
     vertex 2.0323691135e+00 0.0000000000e+00 3.6705522971e-01
   endloop
 endfacet
 facet normal  -7.5376452827e-01 -2.5317888002e-01 -6.0641527903e-01
   outer loop
     vertex 2.0323691135e+00 0.0000000000e+00 3.6705522971e-01
     vertex 2.0587271603e+00 -8.2000000000e-02 3.6852766529e-01
     vertex 2.0566186493e+00 -8.2000000000e-02 3.7114851085e-01
   endloop
 endfacet
 facet normal  -7.5376452827e-01 -2.5317888002e-01 -6.0641527903e-01
   outer loop
     vertex 2.0323691135e+00 0.0000000000e+00 3.6705522971e-01
     vertex 2.0566186493e+00 -8.2000000000e-02 3.7114851085e-01
     vertex 2.0300000000e+00 0.0000000000e+00 3.7000000000e-01
   endloop
 endfacet
 facet normal  -8.0319582952e-01 -2.5317888002e-01 5.3923734492e-01
   outer loop
     vertex 2.0300000000e+00 0.0000000000e+00 3.7000000000e-01
     vertex 2.0566186493e+00 -8.2000000000e-02 3.7114851085e-01
     vertex 2.0321066660e+00 0.0000000000e+00 3.7313788608e-01
   endloop
 endfacet
 facet normal  -8.0319582952e-01 -2.5317888002e-01 5.3923734492e-01
   outer loop
     vertex 2.0566186493e+00 -8.2000000000e-02 3.7114851085e-01
     vertex 2.0584935821e+00 -8.2000000000e-02 3.7394122946e-01
     vertex 2.0321066660e+00 0.0000000000e+00 3.7313788608e-01
   endloop
 endfacet
 facet normal  -4.3222799554e-01 -1.3034567284e-01 8.9229421462e-01
   outer loop
     vertex 2.0321066660e+00 0.0000000000e+00 3.7313788608e-01
     vertex 2.0584935821e+00 -8.2000000000e-02 3.7394122946e-01
     vertex 2.0371881362e+00 0.0000000000e+00 3.7559935409e-01
   endloop
 endfacet
 facet normal  -4.3222799554e-01 -1.3034567284e-01 8.9229421462e-01
   outer loop
     vertex 2.0584935821e+00 -8.2000000000e-02 3.7394122946e-01
     vertex 2.0630160905e+00 -8.2000000000e-02 3.7613193599e-01
     vertex 2.0371881362e+00 0.0000000000e+00 3.7559935409e-01
   endloop
 endfacet
 facet normal  -2.7369823482e-01 -7.9982855496e-02 9.5848422996e-01
   outer loop
     vertex 2.0371881362e+00 0.0000000000e+00 3.7559935409e-01
     vertex 2.0630160905e+00 -8.2000000000e-02 3.7613193599e-01
     vertex 2.0448450279e+00 0.0000000000e+00 3.7778580399e-01
   endloop
 endfacet
 facet normal  -2.7369823482e-01 -7.9982855496e-02 9.5848422996e-01
   outer loop
     vertex 2.0630160905e+00 -8.2000000000e-02 3.7613193599e-01
     vertex 2.0698307241e+00 -8.2000000000e-02 3.7807787640e-01
     vertex 2.0448450279e+00 0.0000000000e+00 3.7778580399e-01
   endloop
 endfacet
 facet normal  -1.8291458180e-01 -5.2237914640e-02 9.8174001448e-01
   outer loop
     vertex 2.0448450279e+00 0.0000000000e+00 3.7778580399e-01
     vertex 2.0698307241e+00 -8.2000000000e-02 3.7807787640e-01
     vertex 2.0555465328e+00 0.0000000000e+00 3.7977967331e-01
   endloop
 endfacet
 facet normal  -1.8291458180e-01 -5.2237914640e-02 9.8174001448e-01
   outer loop
     vertex 2.0698307241e+00 -8.2000000000e-02 3.7807787640e-01
     vertex 2.0793550635e+00 -8.2000000000e-02 3.7985242010e-01
     vertex 2.0555465328e+00 0.0000000000e+00 3.7977967331e-01
   endloop
 endfacet
 facet normal  -1.1915176158e-01 -3.3715140026e-02 9.9230345512e-01
   outer loop
     vertex 2.0555465328e+00 0.0000000000e+00 3.7977967331e-01
     vertex 2.0793550635e+00 -8.2000000000e-02 3.7985242010e-01
     vertex 2.0697406779e+00 0.0000000000e+00 3.8148404850e-01
   endloop
 endfacet
 facet normal  -1.1915176158e-01 -3.3715140026e-02 9.9230345512e-01
   outer loop
     vertex 2.0793550635e+00 -8.2000000000e-02 3.7985242010e-01
     vertex 2.0919878526e+00 -8.2000000000e-02 3.8136931402e-01
     vertex 2.0697406779e+00 0.0000000000e+00 3.8148404850e-01
   endloop
 endfacet
 facet normal  -7.0058289227e-02 -2.0402775947e-02 9.9733422825e-01
   outer loop
     vertex 2.0697406779e+00 0.0000000000e+00 3.8148404850e-01
     vertex 2.0919878526e+00 -8.2000000000e-02 3.8136931402e-01
     vertex 2.0875190485e+00 0.0000000000e+00 3.8273289988e-01
   endloop
 endfacet
 facet normal  -7.0058289227e-02 -2.0402775947e-02 9.9733422825e-01
   outer loop
     vertex 2.0919878526e+00 -8.2000000000e-02 3.8136931402e-01
     vertex 2.1078106025e+00 -8.2000000000e-02 3.8248079175e-01
     vertex 2.0875190485e+00 0.0000000000e+00 3.8273289988e-01
   endloop
 endfacet
 facet normal  -3.1610491412e-02 -1.0895038633e-02 9.9944088118e-01
   outer loop
     vertex 2.0875190485e+00 0.0000000000e+00 3.8273289988e-01
     vertex 2.1078106025e+00 -8.2000000000e-02 3.8248079175e-01
     vertex 2.1083391637e+00 0.0000000000e+00 3.8339140214e-01
   endloop
 endfacet
 facet normal  -3.1610491412e-02 -1.0895038633e-02 9.9944088118e-01
   outer loop
     vertex 2.1078106025e+00 -8.2000000000e-02 3.8248079175e-01
     vertex 2.1263405050e+00 -8.2000000000e-02 3.8306685875e-01
     vertex 2.1083391637e+00 0.0000000000e+00 3.8339140214e-01
   endloop
 endfacet
 facet normal  -2.2606009830e-03 -4.4540632104e-03 9.9998752542e-01
   outer loop
     vertex 2.1083391637e+00 0.0000000000e+00 3.8339140214e-01
     vertex 2.1263405050e+00 -8.2000000000e-02 3.8306685875e-01
     vertex 2.1309278356e+00 0.0000000000e+00 3.8344246675e-01
   endloop
 endfacet
 facet normal  -2.2606009830e-03 -4.4540632104e-03 9.9998752542e-01
   outer loop
     vertex 2.1263405050e+00 -8.2000000000e-02 3.8306685875e-01
     vertex 2.1464444230e+00 -8.2000000000e-02 3.8311230626e-01
     vertex 2.1309278356e+00 0.0000000000e+00 3.8344246675e-01
   endloop
 endfacet
 facet normal  1.9211246216e-02 -3.9032379649e-04 9.9981537079e-01
   outer loop
     vertex 2.1309278356e+00 0.0000000000e+00 3.8344246675e-01
     vertex 2.1464444230e+00 -8.2000000000e-02 3.8311230626e-01
     vertex 2.1665449126e+00 -8.2000000000e-02 3.8272607950e-01
   endloop
 endfacet
 facet normal  1.9211246216e-02 -3.9032379649e-04 9.9981537079e-01
   outer loop
     vertex 2.1309278356e+00 0.0000000000e+00 3.8344246675e-01
     vertex 2.1665449126e+00 -8.2000000000e-02 3.8272607950e-01
     vertex 2.1535126554e+00 0.0000000000e+00 3.8300850409e-01
   endloop
 endfacet
 facet normal  3.4587790417e-02 2.0549020185e-03 9.9939955080e-01
   outer loop
     vertex 2.1535126554e+00 0.0000000000e+00 3.8300850409e-01
     vertex 2.1665449126e+00 -8.2000000000e-02 3.8272607950e-01
     vertex 2.1850737046e+00 -8.2000000000e-02 3.8208482448e-01
   endloop
 endfacet
 facet normal  3.4587790417e-02 2.0549020185e-03 9.9939955080e-01
   outer loop
     vertex 2.1535126554e+00 0.0000000000e+00 3.8300850409e-01
     vertex 2.1850737046e+00 -8.2000000000e-02 3.8208482448e-01
     vertex 2.1743315228e+00 0.0000000000e+00 3.8228799284e-01
   endloop
 endfacet
 facet normal  4.5776699129e-02 3.5217988761e-03 9.9894548938e-01
   outer loop
     vertex 2.1743315228e+00 0.0000000000e+00 3.8228799284e-01
     vertex 2.1850737046e+00 -8.2000000000e-02 3.8208482448e-01
     vertex 2.2009199376e+00 -8.2000000000e-02 3.8135867050e-01
   endloop
 endfacet
 facet normal  4.5776699129e-02 3.5217988761e-03 9.9894548938e-01
   outer loop
     vertex 2.1743315228e+00 0.0000000000e+00 3.8228799284e-01
     vertex 2.2009199376e+00 -8.2000000000e-02 3.8135867050e-01
     vertex 2.1921362790e+00 0.0000000000e+00 3.8147208949e-01
   endloop
 endfacet
 facet normal  5.4199608054e-02 4.4246303275e-03 9.9852031784e-01
   outer loop
     vertex 2.1921362790e+00 0.0000000000e+00 3.8147208949e-01
     vertex 2.2009199376e+00 -8.2000000000e-02 3.8135867050e-01
     vertex 2.2136263432e+00 -8.2000000000e-02 3.8066896776e-01
   endloop
 endfacet
 facet normal  5.4199608054e-02 4.4246303275e-03 9.9852031784e-01
   outer loop
     vertex 2.1921362790e+00 0.0000000000e+00 3.8147208949e-01
     vertex 2.2136263432e+00 -8.2000000000e-02 3.8066896776e-01
     vertex 2.2064131392e+00 0.0000000000e+00 3.8069714259e-01
   endloop
 endfacet
 facet normal  6.0662177843e-02 4.9932447708e-03 9.9814586493e-01
   outer loop
     vertex 2.2064131392e+00 0.0000000000e+00 3.8069714259e-01
     vertex 2.2136263432e+00 -8.2000000000e-02 3.8066896776e-01
     vertex 2.2232989554e+00 -8.2000000000e-02 3.8008111608e-01
   endloop
 endfacet
 facet normal  6.0662177843e-02 4.9932447708e-03 9.9814586493e-01
   outer loop
     vertex 2.2064131392e+00 0.0000000000e+00 3.8069714259e-01
     vertex 2.2232989554e+00 -8.2000000000e-02 3.8008111608e-01
     vertex 2.2172812428e+00 0.0000000000e+00 3.8003663508e-01
   endloop
 endfacet
 facet normal  6.5635168511e-02 5.3580246184e-03 9.9782930215e-01
   outer loop
     vertex 2.2172812428e+00 0.0000000000e+00 3.8003663508e-01
     vertex 2.2232989554e+00 -8.2000000000e-02 3.8008111608e-01
     vertex 2.2303747450e+00 -8.2000000000e-02 3.7961568513e-01
   endloop
 endfacet
 facet normal  6.5635168511e-02 5.3580246184e-03 9.9782930215e-01
   outer loop
     vertex 2.2172812428e+00 0.0000000000e+00 3.8003663508e-01
     vertex 2.2303747450e+00 -8.2000000000e-02 3.7961568513e-01
     vertex 2.2252315682e+00 0.0000000000e+00 3.7951367896e-01
   endloop
 endfacet
 facet normal  6.9374496101e-02 5.5922451528e-03 9.9757501276e-01
   outer loop
     vertex 2.2252315682e+00 0.0000000000e+00 3.7951367896e-01
     vertex 2.2303747450e+00 -8.2000000000e-02 3.7961568513e-01
     vertex 2.2354015903e+00 -8.2000000000e-02 3.7926610254e-01
   endloop
 endfacet
 facet normal  6.9374496101e-02 5.5922451528e-03 9.9757501276e-01
   outer loop
     vertex 2.2252315682e+00 0.0000000000e+00 3.7951367896e-01
     vertex 2.2354015903e+00 -8.2000000000e-02 3.7926610254e-01
     vertex 2.2308797089e+00 0.0000000000e+00 3.7912088953e-01
   endloop
 endfacet
 facet normal  7.2082082594e-02 5.7412132365e-03 9.9738217943e-01
   outer loop
     vertex 2.2308797089e+00 0.0000000000e+00 3.7912088953e-01
     vertex 2.2354015903e+00 -8.2000000000e-02 3.7926610254e-01
     vertex 2.2388990570e+00 -8.2000000000e-02 3.7901333616e-01
   endloop
 endfacet
 facet normal  7.2082082594e-02 5.7412132365e-03 9.9738217943e-01
   outer loop
     vertex 2.2308797089e+00 0.0000000000e+00 3.7912088953e-01
     vertex 2.2388990570e+00 -8.2000000000e-02 3.7901333616e-01
     vertex 2.2348094468e+00 0.0000000000e+00 3.7883688236e-01
   endloop
 endfacet
 facet normal  1.5772206498e-01 5.7412132365e-03 -9.8746685448e-01
   outer loop
     vertex 2.2388990570e+00 -8.2000000000e-02 3.7901333616e-01
     vertex 2.2429886671e+00 -1.6400000000e-01 3.7918978995e-01
     vertex 2.2354363598e+00 -8.2000000000e-02 3.7846026063e-01
   endloop
 endfacet
 facet normal  1.5772206498e-01 5.7412132365e-03 -9.8746685448e-01
   outer loop
     vertex 2.2429886671e+00 -1.6400000000e-01 3.7918978995e-01
     vertex 2.2399539438e+00 -1.6400000000e-01 3.7870507207e-01
     vertex 2.2354363598e+00 -8.2000000000e-02 3.7846026063e-01
   endloop
 endfacet
 facet normal  1.5504115029e-01 5.5922451528e-03 -9.8789218466e-01
   outer loop
     vertex 2.2354363598e+00 -8.2000000000e-02 3.7846026063e-01
     vertex 2.2399539438e+00 -1.6400000000e-01 3.7870507207e-01
     vertex 2.2304583069e+00 -8.2000000000e-02 3.7767899821e-01
   endloop
 endfacet
 facet normal  1.5504115029e-01 5.5922451528e-03 -9.8789218466e-01
   outer loop
     vertex 2.2399539438e+00 -1.6400000000e-01 3.7870507207e-01
     vertex 2.2355911558e+00 -1.6400000000e-01 3.7802037017e-01
     vertex 2.2304583069e+00 -8.2000000000e-02 3.7767899821e-01
   endloop
 endfacet
 facet normal  1.5133762227e-01 5.3580246184e-03 -9.8846760982e-01
   outer loop
     vertex 2.2304583069e+00 -8.2000000000e-02 3.7767899821e-01
     vertex 2.2355911558e+00 -1.6400000000e-01 3.7802037017e-01
     vertex 2.2234489028e+00 -8.2000000000e-02 3.7660583553e-01
   endloop
 endfacet
 facet normal  1.5133762227e-01 5.3580246184e-03 -9.8846760982e-01
   outer loop
     vertex 2.2355911558e+00 -1.6400000000e-01 3.7802037017e-01
     vertex 2.2294480826e+00 -1.6400000000e-01 3.7707984558e-01
     vertex 2.2234489028e+00 -8.2000000000e-02 3.7660583553e-01
   endloop
 endfacet
 facet normal  1.4641037975e-01 4.9932447708e-03 -9.8921133647e-01
   outer loop
     vertex 2.2234489028e+00 -8.2000000000e-02 3.7660583553e-01
     vertex 2.2294480826e+00 -1.6400000000e-01 3.7707984558e-01
     vertex 2.2138628713e+00 -8.2000000000e-02 3.7518703404e-01
   endloop
 endfacet
 facet normal  1.4641037975e-01 4.9932447708e-03 -9.8921133647e-01
   outer loop
     vertex 2.2294480826e+00 -1.6400000000e-01 3.7707984558e-01
     vertex 2.2210468415e+00 -1.6400000000e-01 3.7583640158e-01
     vertex 2.2138628713e+00 -8.2000000000e-02 3.7518703404e-01
   endloop
 endfacet
 facet normal  1.4000408023e-01 4.4246303275e-03 -9.9014104054e-01
   outer loop
     vertex 2.2138628713e+00 -8.2000000000e-02 3.7518703404e-01
     vertex 2.2210468415e+00 -1.6400000000e-01 3.7583640158e-01
     vertex 2.2012630941e+00 -8.2000000000e-02 3.7340544924e-01
   endloop
 endfacet
 facet normal  1.4000408023e-01 4.4246303275e-03 -9.9014104054e-01
   outer loop
     vertex 2.2210468415e+00 -1.6400000000e-01 3.7583640158e-01
     vertex 2.2100043401e+00 -1.6400000000e-01 3.7427501265e-01
     vertex 2.2012630941e+00 -8.2000000000e-02 3.7340544924e-01
   endloop
 endfacet
 facet normal  1.3164909550e-01 3.5217988761e-03 -9.9129012533e-01
   outer loop
     vertex 2.2012630941e+00 -8.2000000000e-02 3.7340544924e-01
     vertex 2.2100043401e+00 -1.6400000000e-01 3.7427501265e-01
     vertex 2.1855382978e+00 -8.2000000000e-02 3.7131710482e-01
   endloop
 endfacet
 facet normal  1.3164909550e-01 3.5217988761e-03 -9.9129012533e-01
   outer loop
     vertex 2.2100043401e+00 -1.6400000000e-01 3.7427501265e-01
     vertex 2.1962230579e+00 -1.6400000000e-01 3.7244477821e-01
     vertex 2.1855382978e+00 -8.2000000000e-02 3.7131710482e-01
   endloop
 endfacet
 facet normal  1.2054087889e-01 2.0549020185e-03 -9.9270623746e-01
   outer loop
     vertex 2.1855382978e+00 -8.2000000000e-02 3.7131710482e-01
     vertex 2.1962230579e+00 -1.6400000000e-01 3.7244477821e-01
     vertex 2.1671335993e+00 -8.2000000000e-02 3.6908228604e-01
   endloop
 endfacet
 facet normal  1.2054087889e-01 2.0549020185e-03 -9.9270623746e-01
   outer loop
     vertex 2.1962230579e+00 -1.6400000000e-01 3.7244477821e-01
     vertex 2.1800930974e+00 -1.6400000000e-01 3.7048617300e-01
     vertex 2.1671335993e+00 -8.2000000000e-02 3.6908228604e-01
   endloop
 endfacet
 facet normal  1.0525729578e-01 -3.9032379649e-04 -9.9444494535e-01
   outer loop
     vertex 2.1671335993e+00 -8.2000000000e-02 3.6908228604e-01
     vertex 2.1800930974e+00 -1.6400000000e-01 3.7048617300e-01
     vertex 2.1471410778e+00 -8.2000000000e-02 3.6696617217e-01
   endloop
 endfacet
 facet normal  1.0525729578e-01 -3.9032379649e-04 -9.9444494535e-01
   outer loop
     vertex 2.1800930974e+00 -1.6400000000e-01 3.7048617300e-01
     vertex 2.1625715618e+00 -1.6400000000e-01 3.6863160129e-01
     vertex 2.1471410778e+00 -8.2000000000e-02 3.6696617217e-01
   endloop
 endfacet
 facet normal  8.3880074434e-02 -4.4540632104e-03 -9.9646590229e-01
   outer loop
     vertex 2.1471410778e+00 -8.2000000000e-02 3.6696617217e-01
     vertex 2.1625715618e+00 -1.6400000000e-01 3.6863160129e-01
     vertex 2.1450144466e+00 -1.6400000000e-01 3.6715368606e-01
   endloop
 endfacet
 facet normal  8.3880074434e-02 -4.4540632104e-03 -9.9646590229e-01
   outer loop
     vertex 2.1471410778e+00 -8.2000000000e-02 3.6696617217e-01
     vertex 2.1450144466e+00 -1.6400000000e-01 3.6715368606e-01
     vertex 2.1271079591e+00 -8.2000000000e-02 3.6527983300e-01
   endloop
 endfacet
 facet normal  5.4592175128e-02 -1.0895038633e-02 -9.9844929393e-01
   outer loop
     vertex 2.1271079591e+00 -8.2000000000e-02 3.6527983300e-01
     vertex 2.1450144466e+00 -1.6400000000e-01 3.6715368606e-01
     vertex 2.1287908688e+00 -1.6400000000e-01 3.6626663010e-01
   endloop
 endfacet
 facet normal  5.4592175128e-02 -1.0895038633e-02 -9.9844929393e-01
   outer loop
     vertex 2.1271079591e+00 -8.2000000000e-02 3.6527983300e-01
     vertex 2.1287908688e+00 -1.6400000000e-01 3.6626663010e-01
     vertex 2.1085964409e+00 -8.2000000000e-02 3.6426767940e-01
   endloop
 endfacet
 facet normal  1.6105810971e-02 -2.0402775947e-02 -9.9966210771e-01
   outer loop
     vertex 2.1085964409e+00 -8.2000000000e-02 3.6426767940e-01
     vertex 2.1287908688e+00 -1.6400000000e-01 3.6626663010e-01
     vertex 2.1148913724e+00 -1.6400000000e-01 3.6604269177e-01
   endloop
 endfacet
 facet normal  1.6105810971e-02 -2.0402775947e-02 -9.9966210771e-01
   outer loop
     vertex 2.1085964409e+00 -8.2000000000e-02 3.6426767940e-01
     vertex 2.1148913724e+00 -1.6400000000e-01 3.6604269177e-01
     vertex 2.0927367591e+00 -8.2000000000e-02 3.6401216003e-01
   endloop
 endfacet
 facet normal  -3.3238528591e-02 -3.3715140026e-02 -9.9887861602e-01
   outer loop
     vertex 2.0927367591e+00 -8.2000000000e-02 3.6401216003e-01
     vertex 2.1148913724e+00 -1.6400000000e-01 3.6604269177e-01
     vertex 2.1037465782e+00 -1.6400000000e-01 3.6641354420e-01
   endloop
 endfacet
 facet normal  -3.3238528591e-02 -3.3715140026e-02 -9.9887861602e-01
   outer loop
     vertex 2.0927367591e+00 -8.2000000000e-02 3.6401216003e-01
     vertex 2.1037465782e+00 -1.6400000000e-01 3.6641354420e-01
     vertex 2.0800202632e+00 -8.2000000000e-02 3.6443531216e-01
   endloop
 endfacet
 facet normal  -9.7674246286e-02 -5.2237914640e-02 -9.9384653840e-01
   outer loop
     vertex 2.0800202632e+00 -8.2000000000e-02 3.6443531216e-01
     vertex 2.1037465782e+00 -1.6400000000e-01 3.6641354420e-01
     vertex 2.0952964695e+00 -1.6400000000e-01 3.6724401245e-01
   endloop
 endfacet
 facet normal  -9.7674246286e-02 -5.2237914640e-02 -9.9384653840e-01
   outer loop
     vertex 2.0800202632e+00 -8.2000000000e-02 3.6443531216e-01
     vertex 2.0952964695e+00 -1.6400000000e-01 3.6724401245e-01
     vertex 2.0703784725e+00 -8.2000000000e-02 3.6538289773e-01
   endloop
 endfacet
 facet normal  -1.9012361111e-01 -7.9982855496e-02 -9.7849668130e-01
   outer loop
     vertex 2.0703784725e+00 -8.2000000000e-02 3.6538289773e-01
     vertex 2.0952964695e+00 -1.6400000000e-01 3.6724401245e-01
     vertex 2.0891993951e+00 -1.6400000000e-01 3.6842868463e-01
   endloop
 endfacet
 facet normal  -1.9012361111e-01 -7.9982855496e-02 -9.7849668130e-01
   outer loop
     vertex 2.0703784725e+00 -8.2000000000e-02 3.6538289773e-01
     vertex 2.0891993951e+00 -1.6400000000e-01 3.6842868463e-01
     vertex 2.0634215543e+00 -8.2000000000e-02 3.6673463906e-01
   endloop
 endfacet
 facet normal  -3.5376538225e-01 -1.3034567284e-01 -9.2620735254e-01
   outer loop
     vertex 2.0634215543e+00 -8.2000000000e-02 3.6673463906e-01
     vertex 2.0891993951e+00 -1.6400000000e-01 3.6842868463e-01
     vertex 2.0850852071e+00 -1.6400000000e-01 3.7000010088e-01
   endloop
 endfacet
 facet normal  -3.5376538225e-01 -1.3034567284e-01 -9.2620735254e-01
   outer loop
     vertex 2.0634215543e+00 -8.2000000000e-02 3.6673463906e-01
     vertex 2.0850852071e+00 -1.6400000000e-01 3.7000010088e-01
     vertex 2.0587271603e+00 -8.2000000000e-02 3.6852766529e-01
   endloop
 endfacet
 facet normal  -7.5376452827e-01 -2.5317888002e-01 -6.0641527903e-01
   outer loop
     vertex 2.0587271603e+00 -8.2000000000e-02 3.6852766529e-01
     vertex 2.0850852071e+00 -1.6400000000e-01 3.7000010088e-01
     vertex 2.0832372986e+00 -1.6400000000e-01 3.7229702171e-01
   endloop
 endfacet
 facet normal  -7.5376452827e-01 -2.5317888002e-01 -6.0641527903e-01
   outer loop
     vertex 2.0587271603e+00 -8.2000000000e-02 3.6852766529e-01
     vertex 2.0832372986e+00 -1.6400000000e-01 3.7229702171e-01
     vertex 2.0566186493e+00 -8.2000000000e-02 3.7114851085e-01
   endloop
 endfacet
 facet normal  -8.0319582952e-01 -2.5317888002e-01 5.3923734492e-01
   outer loop
     vertex 2.0566186493e+00 -8.2000000000e-02 3.7114851085e-01
     vertex 2.0832372986e+00 -1.6400000000e-01 3.7229702171e-01
     vertex 2.0584935821e+00 -8.2000000000e-02 3.7394122946e-01
   endloop
 endfacet
 facet normal  -8.0319582952e-01 -2.5317888002e-01 5.3923734492e-01
   outer loop
     vertex 2.0832372986e+00 -1.6400000000e-01 3.7229702171e-01
     vertex 2.0848804981e+00 -1.6400000000e-01 3.7474457285e-01
     vertex 2.0584935821e+00 -8.2000000000e-02 3.7394122946e-01
   endloop
 endfacet
 facet normal  -4.3222799554e-01 -1.3034567284e-01 8.9229421462e-01
   outer loop
     vertex 2.0584935821e+00 -8.2000000000e-02 3.7394122946e-01
     vertex 2.0848804981e+00 -1.6400000000e-01 3.7474457285e-01
     vertex 2.0630160905e+00 -8.2000000000e-02 3.7613193599e-01
   endloop
 endfacet
 facet normal  -4.3222799554e-01 -1.3034567284e-01 8.9229421462e-01
   outer loop
     vertex 2.0848804981e+00 -1.6400000000e-01 3.7474457285e-01
     vertex 2.0888440448e+00 -1.6400000000e-01 3.7666451790e-01
     vertex 2.0630160905e+00 -8.2000000000e-02 3.7613193599e-01
   endloop
 endfacet
 facet normal  -2.7369823482e-01 -7.9982855496e-02 9.5848422996e-01
   outer loop
     vertex 2.0630160905e+00 -8.2000000000e-02 3.7613193599e-01
     vertex 2.0888440448e+00 -1.6400000000e-01 3.7666451790e-01
     vertex 2.0698307241e+00 -8.2000000000e-02 3.7807787640e-01
   endloop
 endfacet
 facet normal  -2.7369823482e-01 -7.9982855496e-02 9.5848422996e-01
   outer loop
     vertex 2.0888440448e+00 -1.6400000000e-01 3.7666451790e-01
     vertex 2.0948164204e+00 -1.6400000000e-01 3.7836994882e-01
     vertex 2.0698307241e+00 -8.2000000000e-02 3.7807787640e-01
   endloop
 endfacet
 facet normal  -1.8291458180e-01 -5.2237914640e-02 9.8174001448e-01
   outer loop
     vertex 2.0698307241e+00 -8.2000000000e-02 3.7807787640e-01
     vertex 2.0948164204e+00 -1.6400000000e-01 3.7836994882e-01
     vertex 2.0793550635e+00 -8.2000000000e-02 3.7985242010e-01
   endloop
 endfacet
 facet normal  -1.8291458180e-01 -5.2237914640e-02 9.8174001448e-01
   outer loop
     vertex 2.0948164204e+00 -1.6400000000e-01 3.7836994882e-01
     vertex 2.1031635942e+00 -1.6400000000e-01 3.7992516689e-01
     vertex 2.0793550635e+00 -8.2000000000e-02 3.7985242010e-01
   endloop
 endfacet
 facet normal  -1.1915176158e-01 -3.3715140026e-02 9.9230345512e-01
   outer loop
     vertex 2.0793550635e+00 -8.2000000000e-02 3.7985242010e-01
     vertex 2.1031635942e+00 -1.6400000000e-01 3.7992516689e-01
     vertex 2.0919878526e+00 -8.2000000000e-02 3.8136931402e-01
   endloop
 endfacet
 facet normal  -1.1915176158e-01 -3.3715140026e-02 9.9230345512e-01
   outer loop
     vertex 2.1031635942e+00 -1.6400000000e-01 3.7992516689e-01
     vertex 2.1142350274e+00 -1.6400000000e-01 3.8125457953e-01
     vertex 2.0919878526e+00 -8.2000000000e-02 3.8136931402e-01
   endloop
 endfacet
 facet normal  -7.0058289227e-02 -2.0402775947e-02 9.9733422825e-01
   outer loop
     vertex 2.0919878526e+00 -8.2000000000e-02 3.8136931402e-01
     vertex 2.1142350274e+00 -1.6400000000e-01 3.8125457953e-01
     vertex 2.1078106025e+00 -8.2000000000e-02 3.8248079175e-01
   endloop
 endfacet
 facet normal  -7.0058289227e-02 -2.0402775947e-02 9.9733422825e-01
   outer loop
     vertex 2.1142350274e+00 -1.6400000000e-01 3.8125457953e-01
     vertex 2.1281021564e+00 -1.6400000000e-01 3.8222868361e-01
     vertex 2.1078106025e+00 -8.2000000000e-02 3.8248079175e-01
   endloop
 endfacet
 facet normal  -3.1610491412e-02 -1.0895038633e-02 9.9944088118e-01
   outer loop
     vertex 2.1078106025e+00 -8.2000000000e-02 3.8248079175e-01
     vertex 2.1281021564e+00 -1.6400000000e-01 3.8222868361e-01
     vertex 2.1263405050e+00 -8.2000000000e-02 3.8306685875e-01
   endloop
 endfacet
 facet normal  -3.1610491412e-02 -1.0895038633e-02 9.9944088118e-01
   outer loop
     vertex 2.1281021564e+00 -1.6400000000e-01 3.8222868361e-01
     vertex 2.1443418463e+00 -1.6400000000e-01 3.8274231537e-01
     vertex 2.1263405050e+00 -8.2000000000e-02 3.8306685875e-01
   endloop
 endfacet
 facet normal  -2.2606009830e-03 -4.4540632104e-03 9.9998752542e-01
   outer loop
     vertex 2.1263405050e+00 -8.2000000000e-02 3.8306685875e-01
     vertex 2.1443418463e+00 -1.6400000000e-01 3.8274231537e-01
     vertex 2.1464444230e+00 -8.2000000000e-02 3.8311230626e-01
   endloop
 endfacet
 facet normal  -2.2606009830e-03 -4.4540632104e-03 9.9998752542e-01
   outer loop
     vertex 2.1443418463e+00 -1.6400000000e-01 3.8274231537e-01
     vertex 2.1619610104e+00 -1.6400000000e-01 3.8278214577e-01
     vertex 2.1464444230e+00 -8.2000000000e-02 3.8311230626e-01
   endloop
 endfacet
 facet normal  1.9211246216e-02 -3.9032379649e-04 9.9981537079e-01
   outer loop
     vertex 2.1464444230e+00 -8.2000000000e-02 3.8311230626e-01
     vertex 2.1619610104e+00 -1.6400000000e-01 3.8278214577e-01
     vertex 2.1795771698e+00 -1.6400000000e-01 3.8244365490e-01
   endloop
 endfacet
 facet normal  1.9211246216e-02 -3.9032379649e-04 9.9981537079e-01
   outer loop
     vertex 2.1464444230e+00 -8.2000000000e-02 3.8311230626e-01
     vertex 2.1795771698e+00 -1.6400000000e-01 3.8244365490e-01
     vertex 2.1665449126e+00 -8.2000000000e-02 3.8272607950e-01
   endloop
 endfacet
 facet normal  3.4587790417e-02 2.0549020185e-03 9.9939955080e-01
   outer loop
     vertex 2.1665449126e+00 -8.2000000000e-02 3.8272607950e-01
     vertex 2.1795771698e+00 -1.6400000000e-01 3.8244365490e-01
     vertex 2.1958158864e+00 -1.6400000000e-01 3.8188165612e-01
   endloop
 endfacet
 facet normal  3.4587790417e-02 2.0549020185e-03 9.9939955080e-01
   outer loop
     vertex 2.1665449126e+00 -8.2000000000e-02 3.8272607950e-01
     vertex 2.1958158864e+00 -1.6400000000e-01 3.8188165612e-01
     vertex 2.1850737046e+00 -8.2000000000e-02 3.8208482448e-01
   endloop
 endfacet
 facet normal  4.5776699129e-02 3.5217988761e-03 9.9894548938e-01
   outer loop
     vertex 2.1850737046e+00 -8.2000000000e-02 3.8208482448e-01
     vertex 2.1958158864e+00 -1.6400000000e-01 3.8188165612e-01
     vertex 2.2097035962e+00 -1.6400000000e-01 3.8124525151e-01
   endloop
 endfacet
 facet normal  4.5776699129e-02 3.5217988761e-03 9.9894548938e-01
   outer loop
     vertex 2.1850737046e+00 -8.2000000000e-02 3.8208482448e-01
     vertex 2.2097035962e+00 -1.6400000000e-01 3.8124525151e-01
     vertex 2.2009199376e+00 -8.2000000000e-02 3.8135867050e-01
   endloop
 endfacet
 facet normal  5.4199608054e-02 4.4246303275e-03 9.9852031784e-01
   outer loop
     vertex 2.2009199376e+00 -8.2000000000e-02 3.8135867050e-01
     vertex 2.2097035962e+00 -1.6400000000e-01 3.8124525151e-01
     vertex 2.2208395472e+00 -1.6400000000e-01 3.8064079293e-01
   endloop
 endfacet
 facet normal  5.4199608054e-02 4.4246303275e-03 9.9852031784e-01
   outer loop
     vertex 2.2009199376e+00 -8.2000000000e-02 3.8135867050e-01
     vertex 2.2208395472e+00 -1.6400000000e-01 3.8064079293e-01
     vertex 2.2136263432e+00 -8.2000000000e-02 3.8066896776e-01
   endloop
 endfacet
 facet normal  6.0662177843e-02 4.9932447708e-03 9.9814586493e-01
   outer loop
     vertex 2.2136263432e+00 -8.2000000000e-02 3.8066896776e-01
     vertex 2.2208395472e+00 -1.6400000000e-01 3.8064079293e-01
     vertex 2.2293166680e+00 -1.6400000000e-01 3.8012559707e-01
   endloop
 endfacet
 facet normal  6.0662177843e-02 4.9932447708e-03 9.9814586493e-01
   outer loop
     vertex 2.2136263432e+00 -8.2000000000e-02 3.8066896776e-01
     vertex 2.2293166680e+00 -1.6400000000e-01 3.8012559707e-01
     vertex 2.2232989554e+00 -8.2000000000e-02 3.8008111608e-01
   endloop
 endfacet
 facet normal  6.5635168511e-02 5.3580246184e-03 9.9782930215e-01
   outer loop
     vertex 2.2232989554e+00 -8.2000000000e-02 3.8008111608e-01
     vertex 2.2293166680e+00 -1.6400000000e-01 3.8012559707e-01
     vertex 2.2355179218e+00 -1.6400000000e-01 3.7971769130e-01
   endloop
 endfacet
 facet normal  6.5635168511e-02 5.3580246184e-03 9.9782930215e-01
   outer loop
     vertex 2.2232989554e+00 -8.2000000000e-02 3.8008111608e-01
     vertex 2.2355179218e+00 -1.6400000000e-01 3.7971769130e-01
     vertex 2.2303747450e+00 -8.2000000000e-02 3.7961568513e-01
   endloop
 endfacet
 facet normal  6.9374496101e-02 5.5922451528e-03 9.9757501276e-01
   outer loop
     vertex 2.2303747450e+00 -8.2000000000e-02 3.7961568513e-01
     vertex 2.2355179218e+00 -1.6400000000e-01 3.7971769130e-01
     vertex 2.2399234716e+00 -1.6400000000e-01 3.7941131554e-01
   endloop
 endfacet
 facet normal  6.9374496101e-02 5.5922451528e-03 9.9757501276e-01
   outer loop
     vertex 2.2303747450e+00 -8.2000000000e-02 3.7961568513e-01
     vertex 2.2399234716e+00 -1.6400000000e-01 3.7941131554e-01
     vertex 2.2354015903e+00 -8.2000000000e-02 3.7926610254e-01
   endloop
 endfacet
 facet normal  7.2082082594e-02 5.7412132365e-03 9.9738217943e-01
   outer loop
     vertex 2.2354015903e+00 -8.2000000000e-02 3.7926610254e-01
     vertex 2.2399234716e+00 -1.6400000000e-01 3.7941131554e-01
     vertex 2.2429886671e+00 -1.6400000000e-01 3.7918978995e-01
   endloop
 endfacet
 facet normal  7.2082082594e-02 5.7412132365e-03 9.9738217943e-01
   outer loop
     vertex 2.2354015903e+00 -8.2000000000e-02 3.7926610254e-01
     vertex 2.2429886671e+00 -1.6400000000e-01 3.7918978995e-01
     vertex 2.2388990570e+00 -8.2000000000e-02 3.7901333616e-01
   endloop
 endfacet
 facet normal  1.5772206498e-01 5.7412132365e-03 -9.8746685448e-01
   outer loop
     vertex 2.2429886671e+00 -1.6400000000e-01 3.7918978995e-01
     vertex 2.2470782773e+00 -2.4600000000e-01 3.7936624374e-01
     vertex 2.2399539438e+00 -1.6400000000e-01 3.7870507207e-01
   endloop
 endfacet
 facet normal  1.5772206498e-01 5.7412132365e-03 -9.8746685448e-01
   outer loop
     vertex 2.2470782773e+00 -2.4600000000e-01 3.7936624374e-01
     vertex 2.2444715277e+00 -2.4600000000e-01 3.7894988351e-01
     vertex 2.2399539438e+00 -1.6400000000e-01 3.7870507207e-01
   endloop
 endfacet
 facet normal  1.5504115029e-01 5.5922451528e-03 -9.8789218466e-01
   outer loop
     vertex 2.2399539438e+00 -1.6400000000e-01 3.7870507207e-01
     vertex 2.2444715277e+00 -2.4600000000e-01 3.7894988351e-01
     vertex 2.2355911558e+00 -1.6400000000e-01 3.7802037017e-01
   endloop
 endfacet
 facet normal  1.5504115029e-01 5.5922451528e-03 -9.8789218466e-01
   outer loop
     vertex 2.2444715277e+00 -2.4600000000e-01 3.7894988351e-01
     vertex 2.2407240048e+00 -2.4600000000e-01 3.7836174214e-01
     vertex 2.2355911558e+00 -1.6400000000e-01 3.7802037017e-01
   endloop
 endfacet
 facet normal  1.5133762227e-01 5.3580246184e-03 -9.8846760982e-01
   outer loop
     vertex 2.2355911558e+00 -1.6400000000e-01 3.7802037017e-01
     vertex 2.2407240048e+00 -2.4600000000e-01 3.7836174214e-01
     vertex 2.2294480826e+00 -1.6400000000e-01 3.7707984558e-01
   endloop
 endfacet
 facet normal  1.5133762227e-01 5.3580246184e-03 -9.8846760982e-01
   outer loop
     vertex 2.2407240048e+00 -2.4600000000e-01 3.7836174214e-01
     vertex 2.2354472624e+00 -2.4600000000e-01 3.7755385563e-01
     vertex 2.2294480826e+00 -1.6400000000e-01 3.7707984558e-01
   endloop
 endfacet
 facet normal  1.4641037975e-01 4.9932447708e-03 -9.8921133647e-01
   outer loop
     vertex 2.2294480826e+00 -1.6400000000e-01 3.7707984558e-01
     vertex 2.2354472624e+00 -2.4600000000e-01 3.7755385563e-01
     vertex 2.2210468415e+00 -1.6400000000e-01 3.7583640158e-01
   endloop
 endfacet
 facet normal  1.4641037975e-01 4.9932447708e-03 -9.8921133647e-01
   outer loop
     vertex 2.2354472624e+00 -2.4600000000e-01 3.7755385563e-01
     vertex 2.2282308117e+00 -2.4600000000e-01 3.7648576912e-01
     vertex 2.2210468415e+00 -1.6400000000e-01 3.7583640158e-01
   endloop
 endfacet
 facet normal  1.4000408023e-01 4.4246303275e-03 -9.9014104054e-01
   outer loop
     vertex 2.2210468415e+00 -1.6400000000e-01 3.7583640158e-01
     vertex 2.2282308117e+00 -2.4600000000e-01 3.7648576912e-01
     vertex 2.2100043401e+00 -1.6400000000e-01 3.7427501265e-01
   endloop
 endfacet
 facet normal  1.4000408023e-01 4.4246303275e-03 -9.9014104054e-01
   outer loop
     vertex 2.2282308117e+00 -2.4600000000e-01 3.7648576912e-01
     vertex 2.2187455861e+00 -2.4600000000e-01 3.7514457606e-01
     vertex 2.2100043401e+00 -1.6400000000e-01 3.7427501265e-01
   endloop
 endfacet
 facet normal  1.3164909550e-01 3.5217988761e-03 -9.9129012533e-01
   outer loop
     vertex 2.2100043401e+00 -1.6400000000e-01 3.7427501265e-01
     vertex 2.2187455861e+00 -2.4600000000e-01 3.7514457606e-01
     vertex 2.1962230579e+00 -1.6400000000e-01 3.7244477821e-01
   endloop
 endfacet
 facet normal  1.3164909550e-01 3.5217988761e-03 -9.9129012533e-01
   outer loop
     vertex 2.2187455861e+00 -2.4600000000e-01 3.7514457606e-01
     vertex 2.2069078181e+00 -2.4600000000e-01 3.7357245161e-01
     vertex 2.1962230579e+00 -1.6400000000e-01 3.7244477821e-01
   endloop
 endfacet
 facet normal  1.2054087889e-01 2.0549020185e-03 -9.9270623746e-01
   outer loop
     vertex 2.1962230579e+00 -1.6400000000e-01 3.7244477821e-01
     vertex 2.2069078181e+00 -2.4600000000e-01 3.7357245161e-01
     vertex 2.1800930974e+00 -1.6400000000e-01 3.7048617300e-01
   endloop
 endfacet
 facet normal  1.2054087889e-01 2.0549020185e-03 -9.9270623746e-01
   outer loop
     vertex 2.2069078181e+00 -2.4600000000e-01 3.7357245161e-01
     vertex 2.1930525956e+00 -2.4600000000e-01 3.7189005995e-01
     vertex 2.1800930974e+00 -1.6400000000e-01 3.7048617300e-01
   endloop
 endfacet
 facet normal  1.0525729578e-01 -3.9032379649e-04 -9.9444494535e-01
   outer loop
     vertex 2.1800930974e+00 -1.6400000000e-01 3.7048617300e-01
     vertex 2.1930525956e+00 -2.4600000000e-01 3.7189005995e-01
     vertex 2.1625715618e+00 -1.6400000000e-01 3.6863160129e-01
   endloop
 endfacet
 facet normal  1.0525729578e-01 -3.9032379649e-04 -9.9444494535e-01
   outer loop
     vertex 2.1930525956e+00 -2.4600000000e-01 3.7189005995e-01
     vertex 2.1780020458e+00 -2.4600000000e-01 3.7029703041e-01
     vertex 2.1625715618e+00 -1.6400000000e-01 3.6863160129e-01
   endloop
 endfacet
 facet normal  8.3880074434e-02 -4.4540632104e-03 -9.9646590229e-01
   outer loop
     vertex 2.1625715618e+00 -1.6400000000e-01 3.6863160129e-01
     vertex 2.1780020458e+00 -2.4600000000e-01 3.7029703041e-01
     vertex 2.1629209340e+00 -2.4600000000e-01 3.6902753912e-01
   endloop
 endfacet
 facet normal  8.3880074434e-02 -4.4540632104e-03 -9.9646590229e-01
   outer loop
     vertex 2.1625715618e+00 -1.6400000000e-01 3.6863160129e-01
     vertex 2.1629209340e+00 -2.4600000000e-01 3.6902753912e-01
     vertex 2.1450144466e+00 -1.6400000000e-01 3.6715368606e-01
   endloop
 endfacet
 facet normal  5.4592175128e-02 -1.0895038633e-02 -9.9844929393e-01
   outer loop
     vertex 2.1450144466e+00 -1.6400000000e-01 3.6715368606e-01
     vertex 2.1629209340e+00 -2.4600000000e-01 3.6902753912e-01
     vertex 2.1489852966e+00 -2.4600000000e-01 3.6826558079e-01
   endloop
 endfacet
 facet normal  5.4592175128e-02 -1.0895038633e-02 -9.9844929393e-01
   outer loop
     vertex 2.1450144466e+00 -1.6400000000e-01 3.6715368606e-01
     vertex 2.1489852966e+00 -2.4600000000e-01 3.6826558079e-01
     vertex 2.1287908688e+00 -1.6400000000e-01 3.6626663010e-01
   endloop
 endfacet
 facet normal  1.6105810971e-02 -2.0402775947e-02 -9.9966210771e-01
   outer loop
     vertex 2.1287908688e+00 -1.6400000000e-01 3.6626663010e-01
     vertex 2.1489852966e+00 -2.4600000000e-01 3.6826558079e-01
     vertex 2.1370459856e+00 -2.4600000000e-01 3.6807322351e-01
   endloop
 endfacet
 facet normal  1.6105810971e-02 -2.0402775947e-02 -9.9966210771e-01
   outer loop
     vertex 2.1287908688e+00 -1.6400000000e-01 3.6626663010e-01
     vertex 2.1370459856e+00 -2.4600000000e-01 3.6807322351e-01
     vertex 2.1148913724e+00 -1.6400000000e-01 3.6604269177e-01
   endloop
 endfacet
 facet normal  -3.3238528591e-02 -3.3715140026e-02 -9.9887861602e-01
   outer loop
     vertex 2.1148913724e+00 -1.6400000000e-01 3.6604269177e-01
     vertex 2.1370459856e+00 -2.4600000000e-01 3.6807322351e-01
     vertex 2.1274728932e+00 -2.4600000000e-01 3.6839177624e-01
   endloop
 endfacet
 facet normal  -3.3238528591e-02 -3.3715140026e-02 -9.9887861602e-01
   outer loop
     vertex 2.1148913724e+00 -1.6400000000e-01 3.6604269177e-01
     vertex 2.1274728932e+00 -2.4600000000e-01 3.6839177624e-01
     vertex 2.1037465782e+00 -1.6400000000e-01 3.6641354420e-01
   endloop
 endfacet
 facet normal  -9.7674246286e-02 -5.2237914640e-02 -9.9384653840e-01
   outer loop
     vertex 2.1037465782e+00 -1.6400000000e-01 3.6641354420e-01
     vertex 2.1274728932e+00 -2.4600000000e-01 3.6839177624e-01
     vertex 2.1202144665e+00 -2.4600000000e-01 3.6910512717e-01
   endloop
 endfacet
 facet normal  -9.7674246286e-02 -5.2237914640e-02 -9.9384653840e-01
   outer loop
     vertex 2.1037465782e+00 -1.6400000000e-01 3.6641354420e-01
     vertex 2.1202144665e+00 -2.4600000000e-01 3.6910512717e-01
     vertex 2.0952964695e+00 -1.6400000000e-01 3.6724401245e-01
   endloop
 endfacet
 facet normal  -1.9012361111e-01 -7.9982855496e-02 -9.7849668130e-01
   outer loop
     vertex 2.0952964695e+00 -1.6400000000e-01 3.6724401245e-01
     vertex 2.1202144665e+00 -2.4600000000e-01 3.6910512717e-01
     vertex 2.1149772359e+00 -2.4600000000e-01 3.7012273020e-01
   endloop
 endfacet
 facet normal  -1.9012361111e-01 -7.9982855496e-02 -9.7849668130e-01
   outer loop
     vertex 2.0952964695e+00 -1.6400000000e-01 3.6724401245e-01
     vertex 2.1149772359e+00 -2.4600000000e-01 3.7012273020e-01
     vertex 2.0891993951e+00 -1.6400000000e-01 3.6842868463e-01
   endloop
 endfacet
 facet normal  -3.5376538225e-01 -1.3034567284e-01 -9.2620735254e-01
   outer loop
     vertex 2.0891993951e+00 -1.6400000000e-01 3.6842868463e-01
     vertex 2.1149772359e+00 -2.4600000000e-01 3.7012273020e-01
     vertex 2.1114432539e+00 -2.4600000000e-01 3.7147253646e-01
   endloop
 endfacet
 facet normal  -3.5376538225e-01 -1.3034567284e-01 -9.2620735254e-01
   outer loop
     vertex 2.0891993951e+00 -1.6400000000e-01 3.6842868463e-01
     vertex 2.1114432539e+00 -2.4600000000e-01 3.7147253646e-01
     vertex 2.0850852071e+00 -1.6400000000e-01 3.7000010088e-01
   endloop
 endfacet
 facet normal  -7.5376452827e-01 -2.5317888002e-01 -6.0641527903e-01
   outer loop
     vertex 2.0850852071e+00 -1.6400000000e-01 3.7000010088e-01
     vertex 2.1114432539e+00 -2.4600000000e-01 3.7147253646e-01
     vertex 2.1098559479e+00 -2.4600000000e-01 3.7344553256e-01
   endloop
 endfacet
 facet normal  -7.5376452827e-01 -2.5317888002e-01 -6.0641527903e-01
   outer loop
     vertex 2.0850852071e+00 -1.6400000000e-01 3.7000010088e-01
     vertex 2.1098559479e+00 -2.4600000000e-01 3.7344553256e-01
     vertex 2.0832372986e+00 -1.6400000000e-01 3.7229702171e-01
   endloop
 endfacet
 facet normal  -8.0319582952e-01 -2.5317888002e-01 5.3923734492e-01
   outer loop
     vertex 2.0832372986e+00 -1.6400000000e-01 3.7229702171e-01
     vertex 2.1098559479e+00 -2.4600000000e-01 3.7344553256e-01
     vertex 2.0848804981e+00 -1.6400000000e-01 3.7474457285e-01
   endloop
 endfacet
 facet normal  -8.0319582952e-01 -2.5317888002e-01 5.3923734492e-01
   outer loop
     vertex 2.1098559479e+00 -2.4600000000e-01 3.7344553256e-01
     vertex 2.1112674141e+00 -2.4600000000e-01 3.7554791623e-01
     vertex 2.0848804981e+00 -1.6400000000e-01 3.7474457285e-01
   endloop
 endfacet
 facet normal  -4.3222799554e-01 -1.3034567284e-01 8.9229421462e-01
   outer loop
     vertex 2.0848804981e+00 -1.6400000000e-01 3.7474457285e-01
     vertex 2.1112674141e+00 -2.4600000000e-01 3.7554791623e-01
     vertex 2.0888440448e+00 -1.6400000000e-01 3.7666451790e-01
   endloop
 endfacet
 facet normal  -4.3222799554e-01 -1.3034567284e-01 8.9229421462e-01
   outer loop
     vertex 2.1112674141e+00 -2.4600000000e-01 3.7554791623e-01
     vertex 2.1146719991e+00 -2.4600000000e-01 3.7719709980e-01
     vertex 2.0888440448e+00 -1.6400000000e-01 3.7666451790e-01
   endloop
 endfacet
 facet normal  -2.7369823482e-01 -7.9982855496e-02 9.5848422996e-01
   outer loop
     vertex 2.0888440448e+00 -1.6400000000e-01 3.7666451790e-01
     vertex 2.1146719991e+00 -2.4600000000e-01 3.7719709980e-01
     vertex 2.0948164204e+00 -1.6400000000e-01 3.7836994882e-01
   endloop
 endfacet
 facet normal  -2.7369823482e-01 -7.9982855496e-02 9.5848422996e-01
   outer loop
     vertex 2.1146719991e+00 -2.4600000000e-01 3.7719709980e-01
     vertex 2.1198021166e+00 -2.4600000000e-01 3.7866202123e-01
     vertex 2.0948164204e+00 -1.6400000000e-01 3.7836994882e-01
   endloop
 endfacet
 facet normal  -1.8291458180e-01 -5.2237914640e-02 9.8174001448e-01
   outer loop
     vertex 2.0948164204e+00 -1.6400000000e-01 3.7836994882e-01
     vertex 2.1198021166e+00 -2.4600000000e-01 3.7866202123e-01
     vertex 2.1031635942e+00 -1.6400000000e-01 3.7992516689e-01
   endloop
 endfacet
 facet normal  -1.8291458180e-01 -5.2237914640e-02 9.8174001448e-01
   outer loop
     vertex 2.1198021166e+00 -2.4600000000e-01 3.7866202123e-01
     vertex 2.1269721249e+00 -2.4600000000e-01 3.7999791368e-01
     vertex 2.1031635942e+00 -1.6400000000e-01 3.7992516689e-01
   endloop
 endfacet
 facet normal  -1.1915176158e-01 -3.3715140026e-02 9.9230345512e-01
   outer loop
     vertex 2.1031635942e+00 -1.6400000000e-01 3.7992516689e-01
     vertex 2.1269721249e+00 -2.4600000000e-01 3.7999791368e-01
     vertex 2.1142350274e+00 -1.6400000000e-01 3.8125457953e-01
   endloop
 endfacet
 facet normal  -1.1915176158e-01 -3.3715140026e-02 9.9230345512e-01
   outer loop
     vertex 2.1269721249e+00 -2.4600000000e-01 3.7999791368e-01
     vertex 2.1364822021e+00 -2.4600000000e-01 3.8113984505e-01
     vertex 2.1142350274e+00 -1.6400000000e-01 3.8125457953e-01
   endloop
 endfacet
 facet normal  -7.0058289227e-02 -2.0402775947e-02 9.9733422825e-01
   outer loop
     vertex 2.1142350274e+00 -1.6400000000e-01 3.8125457953e-01
     vertex 2.1364822021e+00 -2.4600000000e-01 3.8113984505e-01
     vertex 2.1281021564e+00 -1.6400000000e-01 3.8222868361e-01
   endloop
 endfacet
 facet normal  -7.0058289227e-02 -2.0402775947e-02 9.9733422825e-01
   outer loop
     vertex 2.1364822021e+00 -2.4600000000e-01 3.8113984505e-01
     vertex 2.1483937104e+00 -2.4600000000e-01 3.8197657548e-01
     vertex 2.1281021564e+00 -1.6400000000e-01 3.8222868361e-01
   endloop
 endfacet
 facet normal  -3.1610491412e-02 -1.0895038633e-02 9.9944088118e-01
   outer loop
     vertex 2.1281021564e+00 -1.6400000000e-01 3.8222868361e-01
     vertex 2.1483937104e+00 -2.4600000000e-01 3.8197657548e-01
     vertex 2.1443418463e+00 -1.6400000000e-01 3.8274231537e-01
   endloop
 endfacet
 facet normal  -3.1610491412e-02 -1.0895038633e-02 9.9944088118e-01
   outer loop
     vertex 2.1483937104e+00 -2.4600000000e-01 3.8197657548e-01
     vertex 2.1623431876e+00 -2.4600000000e-01 3.8241777199e-01
     vertex 2.1443418463e+00 -1.6400000000e-01 3.8274231537e-01
   endloop
 endfacet
 facet normal  -2.2606009830e-03 -4.4540632104e-03 9.9998752542e-01
   outer loop
     vertex 2.1443418463e+00 -1.6400000000e-01 3.8274231537e-01
     vertex 2.1623431876e+00 -2.4600000000e-01 3.8241777199e-01
     vertex 2.1619610104e+00 -1.6400000000e-01 3.8278214577e-01
   endloop
 endfacet
 facet normal  -2.2606009830e-03 -4.4540632104e-03 9.9998752542e-01
   outer loop
     vertex 2.1623431876e+00 -2.4600000000e-01 3.8241777199e-01
     vertex 2.1774775978e+00 -2.4600000000e-01 3.8245198528e-01
     vertex 2.1619610104e+00 -1.6400000000e-01 3.8278214577e-01
   endloop
 endfacet
 facet normal  1.9211246216e-02 -3.9032379649e-04 9.9981537079e-01
   outer loop
     vertex 2.1619610104e+00 -1.6400000000e-01 3.8278214577e-01
     vertex 2.1774775978e+00 -2.4600000000e-01 3.8245198528e-01
     vertex 2.1926094270e+00 -2.4600000000e-01 3.8216123030e-01
   endloop
 endfacet
 facet normal  1.9211246216e-02 -3.9032379649e-04 9.9981537079e-01
   outer loop
     vertex 2.1619610104e+00 -1.6400000000e-01 3.8278214577e-01
     vertex 2.1926094270e+00 -2.4600000000e-01 3.8216123030e-01
     vertex 2.1795771698e+00 -1.6400000000e-01 3.8244365490e-01
   endloop
 endfacet
 facet normal  3.4587790417e-02 2.0549020185e-03 9.9939955080e-01
   outer loop
     vertex 2.1795771698e+00 -1.6400000000e-01 3.8244365490e-01
     vertex 2.1926094270e+00 -2.4600000000e-01 3.8216123030e-01
     vertex 2.2065580682e+00 -2.4600000000e-01 3.8167848776e-01
   endloop
 endfacet
 facet normal  3.4587790417e-02 2.0549020185e-03 9.9939955080e-01
   outer loop
     vertex 2.1795771698e+00 -1.6400000000e-01 3.8244365490e-01
     vertex 2.2065580682e+00 -2.4600000000e-01 3.8167848776e-01
     vertex 2.1958158864e+00 -1.6400000000e-01 3.8188165612e-01
   endloop
 endfacet
 facet normal  4.5776699129e-02 3.5217988761e-03 9.9894548938e-01
   outer loop
     vertex 2.1958158864e+00 -1.6400000000e-01 3.8188165612e-01
     vertex 2.2065580682e+00 -2.4600000000e-01 3.8167848776e-01
     vertex 2.2184872548e+00 -2.4600000000e-01 3.8113183252e-01
   endloop
 endfacet
 facet normal  4.5776699129e-02 3.5217988761e-03 9.9894548938e-01
   outer loop
     vertex 2.1958158864e+00 -1.6400000000e-01 3.8188165612e-01
     vertex 2.2184872548e+00 -2.4600000000e-01 3.8113183252e-01
     vertex 2.2097035962e+00 -1.6400000000e-01 3.8124525151e-01
   endloop
 endfacet
 facet normal  5.4199608054e-02 4.4246303275e-03 9.9852031784e-01
   outer loop
     vertex 2.2097035962e+00 -1.6400000000e-01 3.8124525151e-01
     vertex 2.2184872548e+00 -2.4600000000e-01 3.8113183252e-01
     vertex 2.2280527511e+00 -2.4600000000e-01 3.8061261810e-01
   endloop
 endfacet
 facet normal  5.4199608054e-02 4.4246303275e-03 9.9852031784e-01
   outer loop
     vertex 2.2097035962e+00 -1.6400000000e-01 3.8124525151e-01
     vertex 2.2280527511e+00 -2.4600000000e-01 3.8061261810e-01
     vertex 2.2208395472e+00 -1.6400000000e-01 3.8064079293e-01
   endloop
 endfacet
 facet normal  6.0662177843e-02 4.9932447708e-03 9.9814586493e-01
   outer loop
     vertex 2.2208395472e+00 -1.6400000000e-01 3.8064079293e-01
     vertex 2.2280527511e+00 -2.4600000000e-01 3.8061261810e-01
     vertex 2.2353343806e+00 -2.4600000000e-01 3.8017007807e-01
   endloop
 endfacet
 facet normal  6.0662177843e-02 4.9932447708e-03 9.9814586493e-01
   outer loop
     vertex 2.2208395472e+00 -1.6400000000e-01 3.8064079293e-01
     vertex 2.2353343806e+00 -2.4600000000e-01 3.8017007807e-01
     vertex 2.2293166680e+00 -1.6400000000e-01 3.8012559707e-01
   endloop
 endfacet
 facet normal  6.5635168511e-02 5.3580246184e-03 9.9782930215e-01
   outer loop
     vertex 2.2293166680e+00 -1.6400000000e-01 3.8012559707e-01
     vertex 2.2353343806e+00 -2.4600000000e-01 3.8017007807e-01
     vertex 2.2406610986e+00 -2.4600000000e-01 3.7981969746e-01
   endloop
 endfacet
 facet normal  6.5635168511e-02 5.3580246184e-03 9.9782930215e-01
   outer loop
     vertex 2.2293166680e+00 -1.6400000000e-01 3.8012559707e-01
     vertex 2.2406610986e+00 -2.4600000000e-01 3.7981969746e-01
     vertex 2.2355179218e+00 -1.6400000000e-01 3.7971769130e-01
   endloop
 endfacet
 facet normal  6.9374496101e-02 5.5922451528e-03 9.9757501276e-01
   outer loop
     vertex 2.2355179218e+00 -1.6400000000e-01 3.7971769130e-01
     vertex 2.2406610986e+00 -2.4600000000e-01 3.7981969746e-01
     vertex 2.2444453529e+00 -2.4600000000e-01 3.7955652855e-01
   endloop
 endfacet
 facet normal  6.9374496101e-02 5.5922451528e-03 9.9757501276e-01
   outer loop
     vertex 2.2355179218e+00 -1.6400000000e-01 3.7971769130e-01
     vertex 2.2444453529e+00 -2.4600000000e-01 3.7955652855e-01
     vertex 2.2399234716e+00 -1.6400000000e-01 3.7941131554e-01
   endloop
 endfacet
 facet normal  7.2082082594e-02 5.7412132365e-03 9.9738217943e-01
   outer loop
     vertex 2.2399234716e+00 -1.6400000000e-01 3.7941131554e-01
     vertex 2.2444453529e+00 -2.4600000000e-01 3.7955652855e-01
     vertex 2.2470782773e+00 -2.4600000000e-01 3.7936624374e-01
   endloop
 endfacet
 facet normal  7.2082082594e-02 5.7412132365e-03 9.9738217943e-01
   outer loop
     vertex 2.2399234716e+00 -1.6400000000e-01 3.7941131554e-01
     vertex 2.2470782773e+00 -2.4600000000e-01 3.7936624374e-01
     vertex 2.2429886671e+00 -1.6400000000e-01 3.7918978995e-01
   endloop
 endfacet
 facet normal  1.5772206498e-01 5.7412132365e-03 -9.8746685448e-01
   outer loop
     vertex 2.2470782773e+00 -2.4600000000e-01 3.7936624374e-01
     vertex 2.2511678874e+00 -3.2800000000e-01 3.7954269753e-01
     vertex 2.2444715277e+00 -2.4600000000e-01 3.7894988351e-01
   endloop
 endfacet
 facet normal  1.5772206498e-01 5.7412132365e-03 -9.8746685448e-01
   outer loop
     vertex 2.2511678874e+00 -3.2800000000e-01 3.7954269753e-01
     vertex 2.2489891117e+00 -3.2800000000e-01 3.7919469496e-01
     vertex 2.2444715277e+00 -2.4600000000e-01 3.7894988351e-01
   endloop
 endfacet
 facet normal  1.5504115029e-01 5.5922451528e-03 -9.8789218466e-01
   outer loop
     vertex 2.2444715277e+00 -2.4600000000e-01 3.7894988351e-01
     vertex 2.2489891117e+00 -3.2800000000e-01 3.7919469496e-01
     vertex 2.2407240048e+00 -2.4600000000e-01 3.7836174214e-01
   endloop
 endfacet
 facet normal  1.5504115029e-01 5.5922451528e-03 -9.8789218466e-01
   outer loop
     vertex 2.2489891117e+00 -3.2800000000e-01 3.7919469496e-01
     vertex 2.2458568537e+00 -3.2800000000e-01 3.7870311411e-01
     vertex 2.2407240048e+00 -2.4600000000e-01 3.7836174214e-01
   endloop
 endfacet
 facet normal  1.5133762227e-01 5.3580246184e-03 -9.8846760982e-01
   outer loop
     vertex 2.2407240048e+00 -2.4600000000e-01 3.7836174214e-01
     vertex 2.2458568537e+00 -3.2800000000e-01 3.7870311411e-01
     vertex 2.2354472624e+00 -2.4600000000e-01 3.7755385563e-01
   endloop
 endfacet
 facet normal  1.5133762227e-01 5.3580246184e-03 -9.8846760982e-01
   outer loop
     vertex 2.2458568537e+00 -3.2800000000e-01 3.7870311411e-01
     vertex 2.2414464421e+00 -3.2800000000e-01 3.7802786568e-01
     vertex 2.2354472624e+00 -2.4600000000e-01 3.7755385563e-01
   endloop
 endfacet
 facet normal  1.4641037975e-01 4.9932447708e-03 -9.8921133647e-01
   outer loop
     vertex 2.2354472624e+00 -2.4600000000e-01 3.7755385563e-01
     vertex 2.2414464421e+00 -3.2800000000e-01 3.7802786568e-01
     vertex 2.2282308117e+00 -2.4600000000e-01 3.7648576912e-01
   endloop
 endfacet
 facet normal  1.4641037975e-01 4.9932447708e-03 -9.8921133647e-01
   outer loop
     vertex 2.2414464421e+00 -3.2800000000e-01 3.7802786568e-01
     vertex 2.2354147818e+00 -3.2800000000e-01 3.7713513665e-01
     vertex 2.2282308117e+00 -2.4600000000e-01 3.7648576912e-01
   endloop
 endfacet
 facet normal  1.4000408023e-01 4.4246303275e-03 -9.9014104054e-01
   outer loop
     vertex 2.2282308117e+00 -2.4600000000e-01 3.7648576912e-01
     vertex 2.2354147818e+00 -3.2800000000e-01 3.7713513665e-01
     vertex 2.2187455861e+00 -2.4600000000e-01 3.7514457606e-01
   endloop
 endfacet
 facet normal  1.4000408023e-01 4.4246303275e-03 -9.9014104054e-01
   outer loop
     vertex 2.2354147818e+00 -3.2800000000e-01 3.7713513665e-01
     vertex 2.2274868321e+00 -3.2800000000e-01 3.7601413948e-01
     vertex 2.2187455861e+00 -2.4600000000e-01 3.7514457606e-01
   endloop
 endfacet
 facet normal  1.3164909550e-01 3.5217988761e-03 -9.9129012533e-01
   outer loop
     vertex 2.2187455861e+00 -2.4600000000e-01 3.7514457606e-01
     vertex 2.2274868321e+00 -3.2800000000e-01 3.7601413948e-01
     vertex 2.2069078181e+00 -2.4600000000e-01 3.7357245161e-01
   endloop
 endfacet
 facet normal  1.3164909550e-01 3.5217988761e-03 -9.9129012533e-01
   outer loop
     vertex 2.2274868321e+00 -3.2800000000e-01 3.7601413948e-01
     vertex 2.2175925783e+00 -3.2800000000e-01 3.7470012501e-01
     vertex 2.2069078181e+00 -2.4600000000e-01 3.7357245161e-01
   endloop
 endfacet
 facet normal  1.2054087889e-01 2.0549020185e-03 -9.9270623746e-01
   outer loop
     vertex 2.2069078181e+00 -2.4600000000e-01 3.7357245161e-01
     vertex 2.2175925783e+00 -3.2800000000e-01 3.7470012501e-01
     vertex 2.1930525956e+00 -2.4600000000e-01 3.7189005995e-01
   endloop
 endfacet
 facet normal  1.2054087889e-01 2.0549020185e-03 -9.9270623746e-01
   outer loop
     vertex 2.2175925783e+00 -3.2800000000e-01 3.7470012501e-01
     vertex 2.2060120938e+00 -3.2800000000e-01 3.7329394690e-01
     vertex 2.1930525956e+00 -2.4600000000e-01 3.7189005995e-01
   endloop
 endfacet
 facet normal  1.0525729578e-01 -3.9032379649e-04 -9.9444494535e-01
   outer loop
     vertex 2.1930525956e+00 -2.4600000000e-01 3.7189005995e-01
     vertex 2.2060120938e+00 -3.2800000000e-01 3.7329394690e-01
     vertex 2.1780020458e+00 -2.4600000000e-01 3.7029703041e-01
   endloop
 endfacet
 facet normal  1.0525729578e-01 -3.9032379649e-04 -9.9444494535e-01
   outer loop
     vertex 2.2060120938e+00 -3.2800000000e-01 3.7329394690e-01
     vertex 2.1934325298e+00 -3.2800000000e-01 3.7196245952e-01
     vertex 2.1780020458e+00 -2.4600000000e-01 3.7029703041e-01
   endloop
 endfacet
 facet normal  8.3880074434e-02 -4.4540632104e-03 -9.9646590229e-01
   outer loop
     vertex 2.1780020458e+00 -2.4600000000e-01 3.7029703041e-01
     vertex 2.1934325298e+00 -3.2800000000e-01 3.7196245952e-01
     vertex 2.1808274214e+00 -3.2800000000e-01 3.7090139218e-01
   endloop
 endfacet
 facet normal  8.3880074434e-02 -4.4540632104e-03 -9.9646590229e-01
   outer loop
     vertex 2.1780020458e+00 -2.4600000000e-01 3.7029703041e-01
     vertex 2.1808274214e+00 -3.2800000000e-01 3.7090139218e-01
     vertex 2.1629209340e+00 -2.4600000000e-01 3.6902753912e-01
   endloop
 endfacet
 facet normal  5.4592175128e-02 -1.0895038633e-02 -9.9844929393e-01
   outer loop
     vertex 2.1629209340e+00 -2.4600000000e-01 3.6902753912e-01
     vertex 2.1808274214e+00 -3.2800000000e-01 3.7090139218e-01
     vertex 2.1691797245e+00 -3.2800000000e-01 3.7026453149e-01
   endloop
 endfacet
 facet normal  5.4592175128e-02 -1.0895038633e-02 -9.9844929393e-01
   outer loop
     vertex 2.1629209340e+00 -2.4600000000e-01 3.6902753912e-01
     vertex 2.1691797245e+00 -3.2800000000e-01 3.7026453149e-01
     vertex 2.1489852966e+00 -2.4600000000e-01 3.6826558079e-01
   endloop
 endfacet
 facet normal  1.6105810971e-02 -2.0402775947e-02 -9.9966210771e-01
   outer loop
     vertex 2.1489852966e+00 -2.4600000000e-01 3.6826558079e-01
     vertex 2.1691797245e+00 -3.2800000000e-01 3.7026453149e-01
     vertex 2.1592005989e+00 -3.2800000000e-01 3.7010375525e-01
   endloop
 endfacet
 facet normal  1.6105810971e-02 -2.0402775947e-02 -9.9966210771e-01
   outer loop
     vertex 2.1489852966e+00 -2.4600000000e-01 3.6826558079e-01
     vertex 2.1592005989e+00 -3.2800000000e-01 3.7010375525e-01
     vertex 2.1370459856e+00 -2.4600000000e-01 3.6807322351e-01
   endloop
 endfacet
 facet normal  -3.3238528591e-02 -3.3715140026e-02 -9.9887861602e-01
   outer loop
     vertex 2.1370459856e+00 -2.4600000000e-01 3.6807322351e-01
     vertex 2.1592005989e+00 -3.2800000000e-01 3.7010375525e-01
     vertex 2.1511992082e+00 -3.2800000000e-01 3.7037000828e-01
   endloop
 endfacet
 facet normal  -3.3238528591e-02 -3.3715140026e-02 -9.9887861602e-01
   outer loop
     vertex 2.1370459856e+00 -2.4600000000e-01 3.6807322351e-01
     vertex 2.1511992082e+00 -3.2800000000e-01 3.7037000828e-01
     vertex 2.1274728932e+00 -2.4600000000e-01 3.6839177624e-01
   endloop
 endfacet
 facet normal  -9.7674246286e-02 -5.2237914640e-02 -9.9384653840e-01
   outer loop
     vertex 2.1274728932e+00 -2.4600000000e-01 3.6839177624e-01
     vertex 2.1511992082e+00 -3.2800000000e-01 3.7037000828e-01
     vertex 2.1451324635e+00 -3.2800000000e-01 3.7096624189e-01
   endloop
 endfacet
 facet normal  -9.7674246286e-02 -5.2237914640e-02 -9.9384653840e-01
   outer loop
     vertex 2.1274728932e+00 -2.4600000000e-01 3.6839177624e-01
     vertex 2.1451324635e+00 -3.2800000000e-01 3.7096624189e-01
     vertex 2.1202144665e+00 -2.4600000000e-01 3.6910512717e-01
   endloop
 endfacet
 facet normal  -1.9012361111e-01 -7.9982855496e-02 -9.7849668130e-01
   outer loop
     vertex 2.1202144665e+00 -2.4600000000e-01 3.6910512717e-01
     vertex 2.1451324635e+00 -3.2800000000e-01 3.7096624189e-01
     vertex 2.1407550767e+00 -3.2800000000e-01 3.7181677577e-01
   endloop
 endfacet
 facet normal  -1.9012361111e-01 -7.9982855496e-02 -9.7849668130e-01
   outer loop
     vertex 2.1202144665e+00 -2.4600000000e-01 3.6910512717e-01
     vertex 2.1407550767e+00 -3.2800000000e-01 3.7181677577e-01
     vertex 2.1149772359e+00 -2.4600000000e-01 3.7012273020e-01
   endloop
 endfacet
 facet normal  -3.5376538225e-01 -1.3034567284e-01 -9.2620735254e-01
   outer loop
     vertex 2.1149772359e+00 -2.4600000000e-01 3.7012273020e-01
     vertex 2.1407550767e+00 -3.2800000000e-01 3.7181677577e-01
     vertex 2.1378013007e+00 -3.2800000000e-01 3.7294497205e-01
   endloop
 endfacet
 facet normal  -3.5376538225e-01 -1.3034567284e-01 -9.2620735254e-01
   outer loop
     vertex 2.1149772359e+00 -2.4600000000e-01 3.7012273020e-01
     vertex 2.1378013007e+00 -3.2800000000e-01 3.7294497205e-01
     vertex 2.1114432539e+00 -2.4600000000e-01 3.7147253646e-01
   endloop
 endfacet
 facet normal  -7.5376452827e-01 -2.5317888002e-01 -6.0641527903e-01
   outer loop
     vertex 2.1114432539e+00 -2.4600000000e-01 3.7147253646e-01
     vertex 2.1378013007e+00 -3.2800000000e-01 3.7294497205e-01
     vertex 2.1364745972e+00 -3.2800000000e-01 3.7459404341e-01
   endloop
 endfacet
 facet normal  -7.5376452827e-01 -2.5317888002e-01 -6.0641527903e-01
   outer loop
     vertex 2.1114432539e+00 -2.4600000000e-01 3.7147253646e-01
     vertex 2.1364745972e+00 -3.2800000000e-01 3.7459404341e-01
     vertex 2.1098559479e+00 -2.4600000000e-01 3.7344553256e-01
   endloop
 endfacet
 facet normal  -8.0319582952e-01 -2.5317888002e-01 5.3923734492e-01
   outer loop
     vertex 2.1098559479e+00 -2.4600000000e-01 3.7344553256e-01
     vertex 2.1364745972e+00 -3.2800000000e-01 3.7459404341e-01
     vertex 2.1112674141e+00 -2.4600000000e-01 3.7554791623e-01
   endloop
 endfacet
 facet normal  -8.0319582952e-01 -2.5317888002e-01 5.3923734492e-01
   outer loop
     vertex 2.1364745972e+00 -3.2800000000e-01 3.7459404341e-01
     vertex 2.1376543302e+00 -3.2800000000e-01 3.7635125962e-01
     vertex 2.1112674141e+00 -2.4600000000e-01 3.7554791623e-01
   endloop
 endfacet
 facet normal  -4.3222799554e-01 -1.3034567284e-01 8.9229421462e-01
   outer loop
     vertex 2.1112674141e+00 -2.4600000000e-01 3.7554791623e-01
     vertex 2.1376543302e+00 -3.2800000000e-01 3.7635125962e-01
     vertex 2.1146719991e+00 -2.4600000000e-01 3.7719709980e-01
   endloop
 endfacet
 facet normal  -4.3222799554e-01 -1.3034567284e-01 8.9229421462e-01
   outer loop
     vertex 2.1376543302e+00 -3.2800000000e-01 3.7635125962e-01
     vertex 2.1404999535e+00 -3.2800000000e-01 3.7772968170e-01
     vertex 2.1146719991e+00 -2.4600000000e-01 3.7719709980e-01
   endloop
 endfacet
 facet normal  -2.7369823482e-01 -7.9982855496e-02 9.5848422996e-01
   outer loop
     vertex 2.1146719991e+00 -2.4600000000e-01 3.7719709980e-01
     vertex 2.1404999535e+00 -3.2800000000e-01 3.7772968170e-01
     vertex 2.1198021166e+00 -2.4600000000e-01 3.7866202123e-01
   endloop
 endfacet
 facet normal  -2.7369823482e-01 -7.9982855496e-02 9.5848422996e-01
   outer loop
     vertex 2.1404999535e+00 -3.2800000000e-01 3.7772968170e-01
     vertex 2.1447878128e+00 -3.2800000000e-01 3.7895409364e-01
     vertex 2.1198021166e+00 -2.4600000000e-01 3.7866202123e-01
   endloop
 endfacet
 facet normal  -1.8291458180e-01 -5.2237914640e-02 9.8174001448e-01
   outer loop
     vertex 2.1198021166e+00 -2.4600000000e-01 3.7866202123e-01
     vertex 2.1447878128e+00 -3.2800000000e-01 3.7895409364e-01
     vertex 2.1269721249e+00 -2.4600000000e-01 3.7999791368e-01
   endloop
 endfacet
 facet normal  -1.8291458180e-01 -5.2237914640e-02 9.8174001448e-01
   outer loop
     vertex 2.1447878128e+00 -3.2800000000e-01 3.7895409364e-01
     vertex 2.1507806556e+00 -3.2800000000e-01 3.8007066047e-01
     vertex 2.1269721249e+00 -2.4600000000e-01 3.7999791368e-01
   endloop
 endfacet
 facet normal  -1.1915176158e-01 -3.3715140026e-02 9.9230345512e-01
   outer loop
     vertex 2.1269721249e+00 -2.4600000000e-01 3.7999791368e-01
     vertex 2.1507806556e+00 -3.2800000000e-01 3.8007066047e-01
     vertex 2.1364822021e+00 -2.4600000000e-01 3.8113984505e-01
   endloop
 endfacet
 facet normal  -1.1915176158e-01 -3.3715140026e-02 9.9230345512e-01
   outer loop
     vertex 2.1507806556e+00 -3.2800000000e-01 3.8007066047e-01
     vertex 2.1587293768e+00 -3.2800000000e-01 3.8102511057e-01
     vertex 2.1364822021e+00 -2.4600000000e-01 3.8113984505e-01
   endloop
 endfacet
 facet normal  -7.0058289227e-02 -2.0402775947e-02 9.9733422825e-01
   outer loop
     vertex 2.1364822021e+00 -2.4600000000e-01 3.8113984505e-01
     vertex 2.1587293768e+00 -3.2800000000e-01 3.8102511057e-01
     vertex 2.1483937104e+00 -2.4600000000e-01 3.8197657548e-01
   endloop
 endfacet
 facet normal  -7.0058289227e-02 -2.0402775947e-02 9.9733422825e-01
   outer loop
     vertex 2.1587293768e+00 -3.2800000000e-01 3.8102511057e-01
     vertex 2.1686852644e+00 -3.2800000000e-01 3.8172446735e-01
     vertex 2.1483937104e+00 -2.4600000000e-01 3.8197657548e-01
   endloop
 endfacet
 facet normal  -3.1610491412e-02 -1.0895038633e-02 9.9944088118e-01
   outer loop
     vertex 2.1483937104e+00 -2.4600000000e-01 3.8197657548e-01
     vertex 2.1686852644e+00 -3.2800000000e-01 3.8172446735e-01
     vertex 2.1623431876e+00 -2.4600000000e-01 3.8241777199e-01
   endloop
 endfacet
 facet normal  -3.1610491412e-02 -1.0895038633e-02 9.9944088118e-01
   outer loop
     vertex 2.1686852644e+00 -3.2800000000e-01 3.8172446735e-01
     vertex 2.1803445289e+00 -3.2800000000e-01 3.8209322861e-01
     vertex 2.1623431876e+00 -2.4600000000e-01 3.8241777199e-01
   endloop
 endfacet
 facet normal  -2.2606009830e-03 -4.4540632104e-03 9.9998752542e-01
   outer loop
     vertex 2.1623431876e+00 -2.4600000000e-01 3.8241777199e-01
     vertex 2.1803445289e+00 -3.2800000000e-01 3.8209322861e-01
     vertex 2.1774775978e+00 -2.4600000000e-01 3.8245198528e-01
   endloop
 endfacet
 facet normal  -2.2606009830e-03 -4.4540632104e-03 9.9998752542e-01
   outer loop
     vertex 2.1803445289e+00 -3.2800000000e-01 3.8209322861e-01
     vertex 2.1929941852e+00 -3.2800000000e-01 3.8212182479e-01
     vertex 2.1774775978e+00 -2.4600000000e-01 3.8245198528e-01
   endloop
 endfacet
 facet normal  1.9211246216e-02 -3.9032379649e-04 9.9981537079e-01
   outer loop
     vertex 2.1774775978e+00 -2.4600000000e-01 3.8245198528e-01
     vertex 2.1929941852e+00 -3.2800000000e-01 3.8212182479e-01
     vertex 2.2056416842e+00 -3.2800000000e-01 3.8187880570e-01
   endloop
 endfacet
 facet normal  1.9211246216e-02 -3.9032379649e-04 9.9981537079e-01
   outer loop
     vertex 2.1774775978e+00 -2.4600000000e-01 3.8245198528e-01
     vertex 2.2056416842e+00 -3.2800000000e-01 3.8187880570e-01
     vertex 2.1926094270e+00 -2.4600000000e-01 3.8216123030e-01
   endloop
 endfacet
 facet normal  3.4587790417e-02 2.0549020185e-03 9.9939955080e-01
   outer loop
     vertex 2.1926094270e+00 -2.4600000000e-01 3.8216123030e-01
     vertex 2.2056416842e+00 -3.2800000000e-01 3.8187880570e-01
     vertex 2.2173002500e+00 -3.2800000000e-01 3.8147531940e-01
   endloop
 endfacet
 facet normal  3.4587790417e-02 2.0549020185e-03 9.9939955080e-01
   outer loop
     vertex 2.1926094270e+00 -2.4600000000e-01 3.8216123030e-01
     vertex 2.2173002500e+00 -3.2800000000e-01 3.8147531940e-01
     vertex 2.2065580682e+00 -2.4600000000e-01 3.8167848776e-01
   endloop
 endfacet
 facet normal  4.5776699128e-02 3.5217988761e-03 9.9894548938e-01
   outer loop
     vertex 2.2065580682e+00 -2.4600000000e-01 3.8167848776e-01
     vertex 2.2173002500e+00 -3.2800000000e-01 3.8147531940e-01
     vertex 2.2272709134e+00 -3.2800000000e-01 3.8101841353e-01
   endloop
 endfacet
 facet normal  4.5776699129e-02 3.5217988761e-03 9.9894548938e-01
   outer loop
     vertex 2.2065580682e+00 -2.4600000000e-01 3.8167848776e-01
     vertex 2.2272709134e+00 -3.2800000000e-01 3.8101841353e-01
     vertex 2.2184872548e+00 -2.4600000000e-01 3.8113183252e-01
   endloop
 endfacet
 facet normal  5.4199608054e-02 4.4246303275e-03 9.9852031784e-01
   outer loop
     vertex 2.2184872548e+00 -2.4600000000e-01 3.8113183252e-01
     vertex 2.2272709134e+00 -3.2800000000e-01 3.8101841353e-01
     vertex 2.2352659551e+00 -3.2800000000e-01 3.8058444326e-01
   endloop
 endfacet
 facet normal  5.4199608054e-02 4.4246303275e-03 9.9852031784e-01
   outer loop
     vertex 2.2184872548e+00 -2.4600000000e-01 3.8113183252e-01
     vertex 2.2352659551e+00 -3.2800000000e-01 3.8058444326e-01
     vertex 2.2280527511e+00 -2.4600000000e-01 3.8061261810e-01
   endloop
 endfacet
 facet normal  6.0662177843e-02 4.9932447708e-03 9.9814586493e-01
   outer loop
     vertex 2.2280527511e+00 -2.4600000000e-01 3.8061261810e-01
     vertex 2.2352659551e+00 -3.2800000000e-01 3.8058444326e-01
     vertex 2.2413520932e+00 -3.2800000000e-01 3.8021455906e-01
   endloop
 endfacet
 facet normal  6.0662177843e-02 4.9932447708e-03 9.9814586493e-01
   outer loop
     vertex 2.2280527511e+00 -2.4600000000e-01 3.8061261810e-01
     vertex 2.2413520932e+00 -3.2800000000e-01 3.8021455906e-01
     vertex 2.2353343806e+00 -2.4600000000e-01 3.8017007807e-01
   endloop
 endfacet
 facet normal  6.5635168511e-02 5.3580246184e-03 9.9782930215e-01
   outer loop
     vertex 2.2353343806e+00 -2.4600000000e-01 3.8017007807e-01
     vertex 2.2413520932e+00 -3.2800000000e-01 3.8021455906e-01
     vertex 2.2458042754e+00 -3.2800000000e-01 3.7992170363e-01
   endloop
 endfacet
 facet normal  6.5635168511e-02 5.3580246184e-03 9.9782930215e-01
   outer loop
     vertex 2.2353343806e+00 -2.4600000000e-01 3.8017007807e-01
     vertex 2.2458042754e+00 -3.2800000000e-01 3.7992170363e-01
     vertex 2.2406610986e+00 -2.4600000000e-01 3.7981969746e-01
   endloop
 endfacet
 facet normal  6.9374496101e-02 5.5922451528e-03 9.9757501276e-01
   outer loop
     vertex 2.2406610986e+00 -2.4600000000e-01 3.7981969746e-01
     vertex 2.2458042754e+00 -3.2800000000e-01 3.7992170363e-01
     vertex 2.2489672342e+00 -3.2800000000e-01 3.7970174155e-01
   endloop
 endfacet
 facet normal  6.9374496101e-02 5.5922451528e-03 9.9757501276e-01
   outer loop
     vertex 2.2406610986e+00 -2.4600000000e-01 3.7981969746e-01
     vertex 2.2489672342e+00 -3.2800000000e-01 3.7970174155e-01
     vertex 2.2444453529e+00 -2.4600000000e-01 3.7955652855e-01
   endloop
 endfacet
 facet normal  7.2082082594e-02 5.7412132365e-03 9.9738217943e-01
   outer loop
     vertex 2.2444453529e+00 -2.4600000000e-01 3.7955652855e-01
     vertex 2.2489672342e+00 -3.2800000000e-01 3.7970174155e-01
     vertex 2.2511678874e+00 -3.2800000000e-01 3.7954269753e-01
   endloop
 endfacet
 facet normal  7.2082082594e-02 5.7412132365e-03 9.9738217943e-01
   outer loop
     vertex 2.2444453529e+00 -2.4600000000e-01 3.7955652855e-01
     vertex 2.2511678874e+00 -3.2800000000e-01 3.7954269753e-01
     vertex 2.2470782773e+00 -2.4600000000e-01 3.7936624374e-01
   endloop
 endfacet
 facet normal  1.5772206498e-01 5.7412132365e-03 -9.8746685448e-01
   outer loop
     vertex 2.2511678874e+00 -3.2800000000e-01 3.7954269753e-01
     vertex 2.2552574976e+00 -4.1000000000e-01 3.7971915133e-01
     vertex 2.2489891117e+00 -3.2800000000e-01 3.7919469496e-01
   endloop
 endfacet
 facet normal  1.5772206498e-01 5.7412132365e-03 -9.8746685448e-01
   outer loop
     vertex 2.2552574976e+00 -4.1000000000e-01 3.7971915133e-01
     vertex 2.2535066956e+00 -4.1000000000e-01 3.7943950640e-01
     vertex 2.2489891117e+00 -3.2800000000e-01 3.7919469496e-01
   endloop
 endfacet
 facet normal  1.5504115029e-01 5.5922451528e-03 -9.8789218466e-01
   outer loop
     vertex 2.2489891117e+00 -3.2800000000e-01 3.7919469496e-01
     vertex 2.2535066956e+00 -4.1000000000e-01 3.7943950640e-01
     vertex 2.2458568537e+00 -3.2800000000e-01 3.7870311411e-01
   endloop
 endfacet
 facet normal  1.5504115029e-01 5.5922451528e-03 -9.8789218466e-01
   outer loop
     vertex 2.2535066956e+00 -4.1000000000e-01 3.7943950640e-01
     vertex 2.2509897026e+00 -4.1000000000e-01 3.7904448607e-01
     vertex 2.2458568537e+00 -3.2800000000e-01 3.7870311411e-01
   endloop
 endfacet
 facet normal  1.5133762227e-01 5.3580246184e-03 -9.8846760982e-01
   outer loop
     vertex 2.2458568537e+00 -3.2800000000e-01 3.7870311411e-01
     vertex 2.2509897026e+00 -4.1000000000e-01 3.7904448607e-01
     vertex 2.2414464421e+00 -3.2800000000e-01 3.7802786568e-01
   endloop
 endfacet
 facet normal  1.5133762227e-01 5.3580246184e-03 -9.8846760982e-01
   outer loop
     vertex 2.2509897026e+00 -4.1000000000e-01 3.7904448607e-01
     vertex 2.2474456219e+00 -4.1000000000e-01 3.7850187573e-01
     vertex 2.2414464421e+00 -3.2800000000e-01 3.7802786568e-01
   endloop
 endfacet
 facet normal  1.4641037975e-01 4.9932447708e-03 -9.8921133647e-01
   outer loop
     vertex 2.2414464421e+00 -3.2800000000e-01 3.7802786568e-01
     vertex 2.2474456219e+00 -4.1000000000e-01 3.7850187573e-01
     vertex 2.2354147818e+00 -3.2800000000e-01 3.7713513665e-01
   endloop
 endfacet
 facet normal  1.4641037975e-01 4.9932447708e-03 -9.8921133647e-01
   outer loop
     vertex 2.2474456219e+00 -4.1000000000e-01 3.7850187573e-01
     vertex 2.2425987520e+00 -4.1000000000e-01 3.7778450419e-01
     vertex 2.2354147818e+00 -3.2800000000e-01 3.7713513665e-01
   endloop
 endfacet
 facet normal  1.4000408023e-01 4.4246303275e-03 -9.9014104054e-01
   outer loop
     vertex 2.2354147818e+00 -3.2800000000e-01 3.7713513665e-01
     vertex 2.2425987520e+00 -4.1000000000e-01 3.7778450419e-01
     vertex 2.2274868321e+00 -3.2800000000e-01 3.7601413948e-01
   endloop
 endfacet
 facet normal  1.4000408023e-01 4.4246303275e-03 -9.9014104054e-01
   outer loop
     vertex 2.2425987520e+00 -4.1000000000e-01 3.7778450419e-01
     vertex 2.2362280781e+00 -4.1000000000e-01 3.7688370289e-01
     vertex 2.2274868321e+00 -3.2800000000e-01 3.7601413948e-01
   endloop
 endfacet
 facet normal  1.3164909550e-01 3.5217988761e-03 -9.9129012533e-01
   outer loop
     vertex 2.2274868321e+00 -3.2800000000e-01 3.7601413948e-01
     vertex 2.2362280781e+00 -4.1000000000e-01 3.7688370289e-01
     vertex 2.2175925783e+00 -3.2800000000e-01 3.7470012501e-01
   endloop
 endfacet
 facet normal  1.3164909550e-01 3.5217988761e-03 -9.9129012533e-01
   outer loop
     vertex 2.2362280781e+00 -4.1000000000e-01 3.7688370289e-01
     vertex 2.2282773384e+00 -4.1000000000e-01 3.7582779840e-01
     vertex 2.2175925783e+00 -3.2800000000e-01 3.7470012501e-01
   endloop
 endfacet
 facet normal  1.2054087889e-01 2.0549020185e-03 -9.9270623746e-01
   outer loop
     vertex 2.2175925783e+00 -3.2800000000e-01 3.7470012501e-01
     vertex 2.2282773384e+00 -4.1000000000e-01 3.7582779840e-01
     vertex 2.2060120938e+00 -3.2800000000e-01 3.7329394690e-01
   endloop
 endfacet
 facet normal  1.2054087889e-01 2.0549020185e-03 -9.9270623746e-01
   outer loop
     vertex 2.2282773384e+00 -4.1000000000e-01 3.7582779840e-01
     vertex 2.2189715920e+00 -4.1000000000e-01 3.7469783386e-01
     vertex 2.2060120938e+00 -3.2800000000e-01 3.7329394690e-01
   endloop
 endfacet
 facet normal  1.0525729578e-01 -3.9032379649e-04 -9.9444494535e-01
   outer loop
     vertex 2.2060120938e+00 -3.2800000000e-01 3.7329394690e-01
     vertex 2.2189715920e+00 -4.1000000000e-01 3.7469783386e-01
     vertex 2.1934325298e+00 -3.2800000000e-01 3.7196245952e-01
   endloop
 endfacet
 facet normal  1.0525729578e-01 -3.9032379649e-04 -9.9444494535e-01
   outer loop
     vertex 2.2189715920e+00 -4.1000000000e-01 3.7469783386e-01
     vertex 2.2088630137e+00 -4.1000000000e-01 3.7362788864e-01
     vertex 2.1934325298e+00 -3.2800000000e-01 3.7196245952e-01
   endloop
 endfacet
 facet normal  8.3880074434e-02 -4.4540632104e-03 -9.9646590229e-01
   outer loop
     vertex 2.1934325298e+00 -3.2800000000e-01 3.7196245952e-01
     vertex 2.2088630137e+00 -4.1000000000e-01 3.7362788864e-01
     vertex 2.1987339088e+00 -4.1000000000e-01 3.7277524524e-01
   endloop
 endfacet
 facet normal  8.3880074434e-02 -4.4540632104e-03 -9.9646590229e-01
   outer loop
     vertex 2.1934325298e+00 -3.2800000000e-01 3.7196245952e-01
     vertex 2.1987339088e+00 -4.1000000000e-01 3.7277524524e-01
     vertex 2.1808274214e+00 -3.2800000000e-01 3.7090139218e-01
   endloop
 endfacet
 facet normal  5.4592175128e-02 -1.0895038633e-02 -9.9844929393e-01
   outer loop
     vertex 2.1808274214e+00 -3.2800000000e-01 3.7090139218e-01
     vertex 2.1987339088e+00 -4.1000000000e-01 3.7277524524e-01
     vertex 2.1893741524e+00 -4.1000000000e-01 3.7226348218e-01
   endloop
 endfacet
 facet normal  5.4592175128e-02 -1.0895038633e-02 -9.9844929393e-01
   outer loop
     vertex 2.1808274214e+00 -3.2800000000e-01 3.7090139218e-01
     vertex 2.1893741524e+00 -4.1000000000e-01 3.7226348218e-01
     vertex 2.1691797245e+00 -3.2800000000e-01 3.7026453149e-01
   endloop
 endfacet
 facet normal  1.6105810971e-02 -2.0402775947e-02 -9.9966210771e-01
   outer loop
     vertex 2.1691797245e+00 -3.2800000000e-01 3.7026453149e-01
     vertex 2.1893741524e+00 -4.1000000000e-01 3.7226348218e-01
     vertex 2.1813552121e+00 -4.1000000000e-01 3.7213428699e-01
   endloop
 endfacet
 facet normal  1.6105810971e-02 -2.0402775947e-02 -9.9966210771e-01
   outer loop
     vertex 2.1691797245e+00 -3.2800000000e-01 3.7026453149e-01
     vertex 2.1813552121e+00 -4.1000000000e-01 3.7213428699e-01
     vertex 2.1592005989e+00 -3.2800000000e-01 3.7010375525e-01
   endloop
 endfacet
 facet normal  -3.3238528591e-02 -3.3715140026e-02 -9.9887861602e-01
   outer loop
     vertex 2.1592005989e+00 -3.2800000000e-01 3.7010375525e-01
     vertex 2.1813552121e+00 -4.1000000000e-01 3.7213428699e-01
     vertex 2.1749255232e+00 -4.1000000000e-01 3.7234824032e-01
   endloop
 endfacet
 facet normal  -3.3238528591e-02 -3.3715140026e-02 -9.9887861602e-01
   outer loop
     vertex 2.1592005989e+00 -3.2800000000e-01 3.7010375525e-01
     vertex 2.1749255232e+00 -4.1000000000e-01 3.7234824032e-01
     vertex 2.1511992082e+00 -3.2800000000e-01 3.7037000828e-01
   endloop
 endfacet
 facet normal  -9.7674246286e-02 -5.2237914640e-02 -9.9384653840e-01
   outer loop
     vertex 2.1511992082e+00 -3.2800000000e-01 3.7037000828e-01
     vertex 2.1749255232e+00 -4.1000000000e-01 3.7234824032e-01
     vertex 2.1700504605e+00 -4.1000000000e-01 3.7282735662e-01
   endloop
 endfacet
 facet normal  -9.7674246286e-02 -5.2237914640e-02 -9.9384653840e-01
   outer loop
     vertex 2.1511992082e+00 -3.2800000000e-01 3.7037000828e-01
     vertex 2.1700504605e+00 -4.1000000000e-01 3.7282735662e-01
     vertex 2.1451324635e+00 -3.2800000000e-01 3.7096624189e-01
   endloop
 endfacet
 facet normal  -1.9012361111e-01 -7.9982855496e-02 -9.7849668130e-01
   outer loop
     vertex 2.1451324635e+00 -3.2800000000e-01 3.7096624189e-01
     vertex 2.1700504605e+00 -4.1000000000e-01 3.7282735662e-01
     vertex 2.1665329175e+00 -4.1000000000e-01 3.7351082134e-01
   endloop
 endfacet
 facet normal  -1.9012361111e-01 -7.9982855496e-02 -9.7849668130e-01
   outer loop
     vertex 2.1451324635e+00 -3.2800000000e-01 3.7096624189e-01
     vertex 2.1665329175e+00 -4.1000000000e-01 3.7351082134e-01
     vertex 2.1407550767e+00 -3.2800000000e-01 3.7181677577e-01
   endloop
 endfacet
 facet normal  -3.5376538225e-01 -1.3034567284e-01 -9.2620735254e-01
   outer loop
     vertex 2.1407550767e+00 -3.2800000000e-01 3.7181677577e-01
     vertex 2.1665329175e+00 -4.1000000000e-01 3.7351082134e-01
     vertex 2.1641593476e+00 -4.1000000000e-01 3.7441740763e-01
   endloop
 endfacet
 facet normal  -3.5376538225e-01 -1.3034567284e-01 -9.2620735254e-01
   outer loop
     vertex 2.1407550767e+00 -3.2800000000e-01 3.7181677577e-01
     vertex 2.1641593476e+00 -4.1000000000e-01 3.7441740763e-01
     vertex 2.1378013007e+00 -3.2800000000e-01 3.7294497205e-01
   endloop
 endfacet
 facet normal  -7.5376452827e-01 -2.5317888002e-01 -6.0641527903e-01
   outer loop
     vertex 2.1378013007e+00 -3.2800000000e-01 3.7294497205e-01
     vertex 2.1641593476e+00 -4.1000000000e-01 3.7441740763e-01
     vertex 2.1630932465e+00 -4.1000000000e-01 3.7574255427e-01
   endloop
 endfacet
 facet normal  -7.5376452827e-01 -2.5317888002e-01 -6.0641527903e-01
   outer loop
     vertex 2.1378013007e+00 -3.2800000000e-01 3.7294497205e-01
     vertex 2.1630932465e+00 -4.1000000000e-01 3.7574255427e-01
     vertex 2.1364745972e+00 -3.2800000000e-01 3.7459404341e-01
   endloop
 endfacet
 facet normal  -8.0319582952e-01 -2.5317888002e-01 5.3923734492e-01
   outer loop
     vertex 2.1364745972e+00 -3.2800000000e-01 3.7459404341e-01
     vertex 2.1630932465e+00 -4.1000000000e-01 3.7574255427e-01
     vertex 2.1376543302e+00 -3.2800000000e-01 3.7635125962e-01
   endloop
 endfacet
 facet normal  -8.0319582952e-01 -2.5317888002e-01 5.3923734492e-01
   outer loop
     vertex 2.1630932465e+00 -4.1000000000e-01 3.7574255427e-01
     vertex 2.1640412462e+00 -4.1000000000e-01 3.7715460300e-01
     vertex 2.1376543302e+00 -3.2800000000e-01 3.7635125962e-01
   endloop
 endfacet
 facet normal  -4.3222799554e-01 -1.3034567284e-01 8.9229421462e-01
   outer loop
     vertex 2.1376543302e+00 -3.2800000000e-01 3.7635125962e-01
     vertex 2.1640412462e+00 -4.1000000000e-01 3.7715460300e-01
     vertex 2.1404999535e+00 -3.2800000000e-01 3.7772968170e-01
   endloop
 endfacet
 facet normal  -4.3222799554e-01 -1.3034567284e-01 8.9229421462e-01
   outer loop
     vertex 2.1640412462e+00 -4.1000000000e-01 3.7715460300e-01
     vertex 2.1663279078e+00 -4.1000000000e-01 3.7826226361e-01
     vertex 2.1404999535e+00 -3.2800000000e-01 3.7772968170e-01
   endloop
 endfacet
 facet normal  -2.7369823482e-01 -7.9982855496e-02 9.5848422996e-01
   outer loop
     vertex 2.1404999535e+00 -3.2800000000e-01 3.7772968170e-01
     vertex 2.1663279078e+00 -4.1000000000e-01 3.7826226361e-01
     vertex 2.1447878128e+00 -3.2800000000e-01 3.7895409364e-01
   endloop
 endfacet
 facet normal  -2.7369823482e-01 -7.9982855496e-02 9.5848422996e-01
   outer loop
     vertex 2.1663279078e+00 -4.1000000000e-01 3.7826226361e-01
     vertex 2.1697735091e+00 -4.1000000000e-01 3.7924616606e-01
     vertex 2.1447878128e+00 -3.2800000000e-01 3.7895409364e-01
   endloop
 endfacet
 facet normal  -1.8291458180e-01 -5.2237914640e-02 9.8174001448e-01
   outer loop
     vertex 2.1447878128e+00 -3.2800000000e-01 3.7895409364e-01
     vertex 2.1697735091e+00 -4.1000000000e-01 3.7924616606e-01
     vertex 2.1507806556e+00 -3.2800000000e-01 3.8007066047e-01
   endloop
 endfacet
 facet normal  -1.8291458180e-01 -5.2237914640e-02 9.8174001448e-01
   outer loop
     vertex 2.1697735091e+00 -4.1000000000e-01 3.7924616606e-01
     vertex 2.1745891863e+00 -4.1000000000e-01 3.8014340725e-01
     vertex 2.1507806556e+00 -3.2800000000e-01 3.8007066047e-01
   endloop
 endfacet
 facet normal  -1.1915176158e-01 -3.3715140026e-02 9.9230345512e-01
   outer loop
     vertex 2.1507806556e+00 -3.2800000000e-01 3.8007066047e-01
     vertex 2.1745891863e+00 -4.1000000000e-01 3.8014340725e-01
     vertex 2.1587293768e+00 -3.2800000000e-01 3.8102511057e-01
   endloop
 endfacet
 facet normal  -1.1915176158e-01 -3.3715140026e-02 9.9230345512e-01
   outer loop
     vertex 2.1745891863e+00 -4.1000000000e-01 3.8014340725e-01
     vertex 2.1809765515e+00 -4.1000000000e-01 3.8091037609e-01
     vertex 2.1587293768e+00 -3.2800000000e-01 3.8102511057e-01
   endloop
 endfacet
 facet normal  -7.0058289227e-02 -2.0402775947e-02 9.9733422825e-01
   outer loop
     vertex 2.1587293768e+00 -3.2800000000e-01 3.8102511057e-01
     vertex 2.1809765515e+00 -4.1000000000e-01 3.8091037609e-01
     vertex 2.1686852644e+00 -3.2800000000e-01 3.8172446735e-01
   endloop
 endfacet
 facet normal  -7.0058289227e-02 -2.0402775947e-02 9.9733422825e-01
   outer loop
     vertex 2.1809765515e+00 -4.1000000000e-01 3.8091037609e-01
     vertex 2.1889768183e+00 -4.1000000000e-01 3.8147235921e-01
     vertex 2.1686852644e+00 -3.2800000000e-01 3.8172446735e-01
   endloop
 endfacet
 facet normal  -3.1610491412e-02 -1.0895038633e-02 9.9944088118e-01
   outer loop
     vertex 2.1686852644e+00 -3.2800000000e-01 3.8172446735e-01
     vertex 2.1889768183e+00 -4.1000000000e-01 3.8147235921e-01
     vertex 2.1803445289e+00 -3.2800000000e-01 3.8209322861e-01
   endloop
 endfacet
 facet normal  -3.1610491412e-02 -1.0895038633e-02 9.9944088118e-01
   outer loop
     vertex 2.1889768183e+00 -4.1000000000e-01 3.8147235921e-01
     vertex 2.1983458702e+00 -4.1000000000e-01 3.8176868523e-01
     vertex 2.1803445289e+00 -3.2800000000e-01 3.8209322861e-01
   endloop
 endfacet
 facet normal  -2.2606009830e-03 -4.4540632104e-03 9.9998752542e-01
   outer loop
     vertex 2.1803445289e+00 -3.2800000000e-01 3.8209322861e-01
     vertex 2.1983458702e+00 -4.1000000000e-01 3.8176868523e-01
     vertex 2.1929941852e+00 -3.2800000000e-01 3.8212182479e-01
   endloop
 endfacet
 facet normal  -2.2606009830e-03 -4.4540632104e-03 9.9998752542e-01
   outer loop
     vertex 2.1983458702e+00 -4.1000000000e-01 3.8176868523e-01
     vertex 2.2085107725e+00 -4.1000000000e-01 3.8179166430e-01
     vertex 2.1929941852e+00 -3.2800000000e-01 3.8212182479e-01
   endloop
 endfacet
 facet normal  1.9211246216e-02 -3.9032379649e-04 9.9981537079e-01
   outer loop
     vertex 2.1929941852e+00 -3.2800000000e-01 3.8212182479e-01
     vertex 2.2085107725e+00 -4.1000000000e-01 3.8179166430e-01
     vertex 2.2186739414e+00 -4.1000000000e-01 3.8159638111e-01
   endloop
 endfacet
 facet normal  1.9211246216e-02 -3.9032379649e-04 9.9981537079e-01
   outer loop
     vertex 2.1929941852e+00 -3.2800000000e-01 3.8212182479e-01
     vertex 2.2186739414e+00 -4.1000000000e-01 3.8159638111e-01
     vertex 2.2056416842e+00 -3.2800000000e-01 3.8187880570e-01
   endloop
 endfacet
 facet normal  3.4587790417e-02 2.0549020185e-03 9.9939955080e-01
   outer loop
     vertex 2.2056416842e+00 -3.2800000000e-01 3.8187880570e-01
     vertex 2.2186739414e+00 -4.1000000000e-01 3.8159638111e-01
     vertex 2.2280424318e+00 -4.1000000000e-01 3.8127215104e-01
   endloop
 endfacet
 facet normal  3.4587790417e-02 2.0549020185e-03 9.9939955080e-01
   outer loop
     vertex 2.2056416842e+00 -3.2800000000e-01 3.8187880570e-01
     vertex 2.2280424318e+00 -4.1000000000e-01 3.8127215104e-01
     vertex 2.2173002500e+00 -3.2800000000e-01 3.8147531940e-01
   endloop
 endfacet
 facet normal  4.5776699128e-02 3.5217988761e-03 9.9894548938e-01
   outer loop
     vertex 2.2173002500e+00 -3.2800000000e-01 3.8147531940e-01
     vertex 2.2280424318e+00 -4.1000000000e-01 3.8127215104e-01
     vertex 2.2360545721e+00 -4.1000000000e-01 3.8090499454e-01
   endloop
 endfacet
 facet normal  4.5776699128e-02 3.5217988761e-03 9.9894548938e-01
   outer loop
     vertex 2.2173002500e+00 -3.2800000000e-01 3.8147531940e-01
     vertex 2.2360545721e+00 -4.1000000000e-01 3.8090499454e-01
     vertex 2.2272709134e+00 -3.2800000000e-01 3.8101841353e-01
   endloop
 endfacet
 facet normal  5.4199608054e-02 4.4246303275e-03 9.9852031784e-01
   outer loop
     vertex 2.2272709134e+00 -3.2800000000e-01 3.8101841353e-01
     vertex 2.2360545721e+00 -4.1000000000e-01 3.8090499454e-01
     vertex 2.2424791591e+00 -4.1000000000e-01 3.8055626843e-01
   endloop
 endfacet
 facet normal  5.4199608054e-02 4.4246303275e-03 9.9852031784e-01
   outer loop
     vertex 2.2272709134e+00 -3.2800000000e-01 3.8101841353e-01
     vertex 2.2424791591e+00 -4.1000000000e-01 3.8055626843e-01
     vertex 2.2352659551e+00 -3.2800000000e-01 3.8058444326e-01
   endloop
 endfacet
 facet normal  6.0662177843e-02 4.9932447708e-03 9.9814586493e-01
   outer loop
     vertex 2.2352659551e+00 -3.2800000000e-01 3.8058444326e-01
     vertex 2.2424791591e+00 -4.1000000000e-01 3.8055626843e-01
     vertex 2.2473698058e+00 -4.1000000000e-01 3.8025904005e-01
   endloop
 endfacet
 facet normal  6.0662177843e-02 4.9932447708e-03 9.9814586493e-01
   outer loop
     vertex 2.2352659551e+00 -3.2800000000e-01 3.8058444326e-01
     vertex 2.2473698058e+00 -4.1000000000e-01 3.8025904005e-01
     vertex 2.2413520932e+00 -3.2800000000e-01 3.8021455906e-01
   endloop
 endfacet
 facet normal  6.5635168511e-02 5.3580246184e-03 9.9782930215e-01
   outer loop
     vertex 2.2413520932e+00 -3.2800000000e-01 3.8021455906e-01
     vertex 2.2473698058e+00 -4.1000000000e-01 3.8025904005e-01
     vertex 2.2509474522e+00 -4.1000000000e-01 3.8002370980e-01
   endloop
 endfacet
 facet normal  6.5635168511e-02 5.3580246184e-03 9.9782930215e-01
   outer loop
     vertex 2.2413520932e+00 -3.2800000000e-01 3.8021455906e-01
     vertex 2.2509474522e+00 -4.1000000000e-01 3.8002370980e-01
     vertex 2.2458042754e+00 -3.2800000000e-01 3.7992170363e-01
   endloop
 endfacet
 facet normal  6.9374496101e-02 5.5922451528e-03 9.9757501276e-01
   outer loop
     vertex 2.2458042754e+00 -3.2800000000e-01 3.7992170363e-01
     vertex 2.2509474522e+00 -4.1000000000e-01 3.8002370980e-01
     vertex 2.2534891155e+00 -4.1000000000e-01 3.7984695455e-01
   endloop
 endfacet
 facet normal  6.9374496101e-02 5.5922451528e-03 9.9757501276e-01
   outer loop
     vertex 2.2458042754e+00 -3.2800000000e-01 3.7992170363e-01
     vertex 2.2534891155e+00 -4.1000000000e-01 3.7984695455e-01
     vertex 2.2489672342e+00 -3.2800000000e-01 3.7970174155e-01
   endloop
 endfacet
 facet normal  7.2082082594e-02 5.7412132365e-03 9.9738217943e-01
   outer loop
     vertex 2.2489672342e+00 -3.2800000000e-01 3.7970174155e-01
     vertex 2.2534891155e+00 -4.1000000000e-01 3.7984695455e-01
     vertex 2.2552574976e+00 -4.1000000000e-01 3.7971915133e-01
   endloop
 endfacet
 facet normal  7.2082082594e-02 5.7412132365e-03 9.9738217943e-01
   outer loop
     vertex 2.2489672342e+00 -3.2800000000e-01 3.7970174155e-01
     vertex 2.2552574976e+00 -4.1000000000e-01 3.7971915133e-01
     vertex 2.2511678874e+00 -3.2800000000e-01 3.7954269753e-01
   endloop
 endfacet
 facet normal  0.0000000000e+00 -1.0000000000e+00 0.0000000000e+00
   outer loop
     vertex 2.2552574976e+00 -4.1000000000e-01 3.7971915133e-01
     vertex 2.2535023006e+00 -4.1000000000e-01 3.7954136844e-01
     vertex 2.2535066956e+00 -4.1000000000e-01 3.7943950640e-01
   endloop
 endfacet
 facet normal  0.0000000000e+00 -1.0000000000e+00 -0.0000000000e+00
   outer loop
     vertex 2.2535066956e+00 -4.1000000000e-01 3.7943950640e-01
     vertex 2.2535023006e+00 -4.1000000000e-01 3.7954136844e-01
     vertex 2.2509791400e+00 -4.1000000000e-01 3.7928929200e-01
   endloop
 endfacet
 facet normal  0.0000000000e+00 -1.0000000000e+00 0.0000000000e+00
   outer loop
     vertex 2.2535066956e+00 -4.1000000000e-01 3.7943950640e-01
     vertex 2.2509791400e+00 -4.1000000000e-01 3.7928929200e-01
     vertex 2.2509897026e+00 -4.1000000000e-01 3.7904448607e-01
   endloop
 endfacet
 facet normal  0.0000000000e+00 -1.0000000000e+00 -0.0000000000e+00
   outer loop
     vertex 2.2509897026e+00 -4.1000000000e-01 3.7904448607e-01
     vertex 2.2509791400e+00 -4.1000000000e-01 3.7928929200e-01
     vertex 2.2474266679e+00 -4.1000000000e-01 3.7894116681e-01
   endloop
 endfacet
 facet normal  0.0000000000e+00 -1.0000000000e+00 0.0000000000e+00
   outer loop
     vertex 2.2509897026e+00 -4.1000000000e-01 3.7904448607e-01
     vertex 2.2474266679e+00 -4.1000000000e-01 3.7894116681e-01
     vertex 2.2474456219e+00 -4.1000000000e-01 3.7850187573e-01
   endloop
 endfacet
 facet normal  0.0000000000e+00 -1.0000000000e+00 -0.0000000000e+00
   outer loop
     vertex 2.2474456219e+00 -4.1000000000e-01 3.7850187573e-01
     vertex 2.2474266679e+00 -4.1000000000e-01 3.7894116681e-01
     vertex 2.2425688538e+00 -4.1000000000e-01 3.7847744525e-01
   endloop
 endfacet
 facet normal  0.0000000000e+00 -1.0000000000e+00 0.0000000000e+00
   outer loop
     vertex 2.2474456219e+00 -4.1000000000e-01 3.7850187573e-01
     vertex 2.2425688538e+00 -4.1000000000e-01 3.7847744525e-01
     vertex 2.2425987520e+00 -4.1000000000e-01 3.7778450419e-01
   endloop
 endfacet
 facet normal  -8.6607066506e-15 -1.0000000000e+00 -3.7368220571e-16
   outer loop
     vertex 2.2425987520e+00 -4.1000000000e-01 3.7778450419e-01
     vertex 2.2425688538e+00 -4.1000000000e-01 3.7847744525e-01
     vertex 2.2361847016e+00 -4.1000000000e-01 3.7788902580e-01
   endloop
 endfacet
 facet normal  -8.6607066506e-15 -1.0000000000e+00 -3.7368220571e-16
   outer loop
     vertex 2.2425987520e+00 -4.1000000000e-01 3.7778450419e-01
     vertex 2.2361847016e+00 -4.1000000000e-01 3.7788902580e-01
     vertex 2.2362280781e+00 -4.1000000000e-01 3.7688370289e-01
   endloop
 endfacet
 facet normal  1.3884211608e-14 -1.0000000000e+00 5.9905998754e-16
   outer loop
     vertex 2.2362280781e+00 -4.1000000000e-01 3.7688370289e-01
     vertex 2.2361847016e+00 -4.1000000000e-01 3.7788902580e-01
     vertex 2.2282186118e+00 -4.1000000000e-01 3.7718888656e-01
   endloop
 endfacet
 facet normal  1.3884211608e-14 -1.0000000000e+00 5.9905998754e-16
   outer loop
     vertex 2.2362280781e+00 -4.1000000000e-01 3.7688370289e-01
     vertex 2.2282186118e+00 -4.1000000000e-01 3.7718888656e-01
     vertex 2.2282773384e+00 -4.1000000000e-01 3.7582779840e-01
   endloop
 endfacet
 facet normal  0.0000000000e+00 -1.0000000000e+00 -0.0000000000e+00
   outer loop
     vertex 2.2282773384e+00 -4.1000000000e-01 3.7582779840e-01
     vertex 2.2282186118e+00 -4.1000000000e-01 3.7718888656e-01
     vertex 2.2188971793e+00 -4.1000000000e-01 3.7642247067e-01
   endloop
 endfacet
 facet normal  0.0000000000e+00 -1.0000000000e+00 0.0000000000e+00
   outer loop
     vertex 2.2282773384e+00 -4.1000000000e-01 3.7582779840e-01
     vertex 2.2188971793e+00 -4.1000000000e-01 3.7642247067e-01
     vertex 2.2189715920e+00 -4.1000000000e-01 3.7469783386e-01
   endloop
 endfacet
 facet normal  -5.4665244724e-15 -1.0000000000e+00 -2.3586330825e-16
   outer loop
     vertex 2.2189715920e+00 -4.1000000000e-01 3.7469783386e-01
     vertex 2.2188971793e+00 -4.1000000000e-01 3.7642247067e-01
     vertex 2.2087749534e+00 -4.1000000000e-01 3.7566883256e-01
   endloop
 endfacet
 facet normal  -5.4665244724e-15 -1.0000000000e+00 -2.3586330825e-16
   outer loop
     vertex 2.2189715920e+00 -4.1000000000e-01 3.7469783386e-01
     vertex 2.2087749534e+00 -4.1000000000e-01 3.7566883256e-01
     vertex 2.2088630137e+00 -4.1000000000e-01 3.7362788864e-01
   endloop
 endfacet
 facet normal  0.0000000000e+00 -1.0000000000e+00 -0.0000000000e+00
   outer loop
     vertex 2.2088630137e+00 -4.1000000000e-01 3.7362788864e-01
     vertex 2.2087749534e+00 -4.1000000000e-01 3.7566883256e-01
     vertex 2.1987339088e+00 -4.1000000000e-01 3.7277524524e-01
   endloop
 endfacet
 facet normal  0.0000000000e+00 -1.0000000000e+00 0.0000000000e+00
   outer loop
     vertex 2.2087749534e+00 -4.1000000000e-01 3.7566883256e-01
     vertex 2.1986368991e+00 -4.1000000000e-01 3.7502360524e-01
     vertex 2.1987339088e+00 -4.1000000000e-01 3.7277524524e-01
   endloop
 endfacet
 facet normal  0.0000000000e+00 -1.0000000000e+00 -0.0000000000e+00
   outer loop
     vertex 2.1987339088e+00 -4.1000000000e-01 3.7277524524e-01
     vertex 2.1986368991e+00 -4.1000000000e-01 3.7502360524e-01
     vertex 2.1893741524e+00 -4.1000000000e-01 3.7226348218e-01
   endloop
 endfacet
 facet normal  0.0000000000e+00 -1.0000000000e+00 0.0000000000e+00
   outer loop
     vertex 2.1986368991e+00 -4.1000000000e-01 3.7502360524e-01
     vertex 2.1892748189e+00 -4.1000000000e-01 3.7456570144e-01
     vertex 2.1893741524e+00 -4.1000000000e-01 3.7226348218e-01
   endloop
 endfacet
 facet normal  0.0000000000e+00 -1.0000000000e+00 -0.0000000000e+00
   outer loop
     vertex 2.1893741524e+00 -4.1000000000e-01 3.7226348218e-01
     vertex 2.1892748189e+00 -4.1000000000e-01 3.7456570144e-01
     vertex 2.1813552121e+00 -4.1000000000e-01 3.7213428699e-01
   endloop
 endfacet
 facet normal  0.0000000000e+00 -1.0000000000e+00 0.0000000000e+00
   outer loop
     vertex 2.1892748189e+00 -4.1000000000e-01 3.7456570144e-01
     vertex 2.1812605470e+00 -4.1000000000e-01 3.7432830927e-01
     vertex 2.1813552121e+00 -4.1000000000e-01 3.7213428699e-01
   endloop
 endfacet
 facet normal  8.6459805482e-15 -1.0000000000e+00 3.7304682079e-16
   outer loop
     vertex 2.1813552121e+00 -4.1000000000e-01 3.7213428699e-01
     vertex 2.1812605470e+00 -4.1000000000e-01 3.7432830927e-01
     vertex 2.1749255232e+00 -4.1000000000e-01 3.7234824032e-01
   endloop
 endfacet
 facet normal  8.6459805482e-15 -1.0000000000e+00 3.7304682079e-16
   outer loop
     vertex 2.1812605470e+00 -4.1000000000e-01 3.7432830927e-01
     vertex 2.1748414389e+00 -4.1000000000e-01 3.7429703205e-01
     vertex 2.1749255232e+00 -4.1000000000e-01 3.7234824032e-01
   endloop
 endfacet
 facet normal  -1.1435246705e-14 -1.0000000000e+00 -4.9339486765e-16
   outer loop
     vertex 2.1749255232e+00 -4.1000000000e-01 3.7234824032e-01
     vertex 2.1748414389e+00 -4.1000000000e-01 3.7429703205e-01
     vertex 2.1700504605e+00 -4.1000000000e-01 3.7282735662e-01
   endloop
 endfacet
 facet normal  -1.1435246705e-14 -1.0000000000e+00 -4.9339486764e-16
   outer loop
     vertex 2.1748414389e+00 -4.1000000000e-01 3.7429703205e-01
     vertex 2.1699812226e+00 -4.1000000000e-01 3.7443205898e-01
     vertex 2.1700504605e+00 -4.1000000000e-01 3.7282735662e-01
   endloop
 endfacet
 facet normal  0.0000000000e+00 -1.0000000000e+00 -0.0000000000e+00
   outer loop
     vertex 2.1700504605e+00 -4.1000000000e-01 3.7282735662e-01
     vertex 2.1699812226e+00 -4.1000000000e-01 3.7443205898e-01
     vertex 2.1665329175e+00 -4.1000000000e-01 3.7351082134e-01
   endloop
 endfacet
 facet normal  0.0000000000e+00 -1.0000000000e+00 0.0000000000e+00
   outer loop
     vertex 2.1699812226e+00 -4.1000000000e-01 3.7443205898e-01
     vertex 2.1664816651e+00 -4.1000000000e-01 3.7469868190e-01
     vertex 2.1665329175e+00 -4.1000000000e-01 3.7351082134e-01
   endloop
 endfacet
 facet normal  2.3779076281e-14 -1.0000000000e+00 1.0259922236e-15
   outer loop
     vertex 2.1665329175e+00 -4.1000000000e-01 3.7351082134e-01
     vertex 2.1664816651e+00 -4.1000000000e-01 3.7469868190e-01
     vertex 2.1641593476e+00 -4.1000000000e-01 3.7441740763e-01
   endloop
 endfacet
 facet normal  2.3779076281e-14 -1.0000000000e+00 1.0259922236e-15
   outer loop
     vertex 2.1664816651e+00 -4.1000000000e-01 3.7469868190e-01
     vertex 2.1641298222e+00 -4.1000000000e-01 3.7510170647e-01
     vertex 2.1641593476e+00 -4.1000000000e-01 3.7441740763e-01
   endloop
 endfacet
 facet normal  -5.5020088108e-14 -1.0000000000e+00 -2.3739434566e-15
   outer loop
     vertex 2.1641593476e+00 -4.1000000000e-01 3.7441740763e-01
     vertex 2.1641298222e+00 -4.1000000000e-01 3.7510170647e-01
     vertex 2.1630932465e+00 -4.1000000000e-01 3.7574255427e-01
   endloop
 endfacet
 facet normal  -0.0000000000e+00 -1.0000000000e+00 0.0000000000e+00
   outer loop
     vertex 2.1630932465e+00 -4.1000000000e-01 3.7574255427e-01
     vertex 2.1640707715e+00 -4.1000000000e-01 3.7647030416e-01
     vertex 2.1640412462e+00 -4.1000000000e-01 3.7715460300e-01
   endloop
 endfacet
 facet normal  2.3779076281e-14 -1.0000000000e+00 1.0259922236e-15
   outer loop
     vertex 2.1640412462e+00 -4.1000000000e-01 3.7715460300e-01
     vertex 2.1640707715e+00 -4.1000000000e-01 3.7647030416e-01
     vertex 2.1663791602e+00 -4.1000000000e-01 3.7707440304e-01
   endloop
 endfacet
 facet normal  2.3779076281e-14 -1.0000000000e+00 1.0259922236e-15
   outer loop
     vertex 2.1640412462e+00 -4.1000000000e-01 3.7715460300e-01
     vertex 2.1663791602e+00 -4.1000000000e-01 3.7707440304e-01
     vertex 2.1663279078e+00 -4.1000000000e-01 3.7826226361e-01
   endloop
 endfacet
 facet normal  -1.5914649883e-14 -1.0000000000e+00 -6.8666700206e-16
   outer loop
     vertex 2.1663279078e+00 -4.1000000000e-01 3.7826226361e-01
     vertex 2.1663791602e+00 -4.1000000000e-01 3.7707440304e-01
     vertex 2.1698427469e+00 -4.1000000000e-01 3.7764146370e-01
   endloop
 endfacet
 facet normal  -1.5914649883e-14 -1.0000000000e+00 -6.8666700206e-16
   outer loop
     vertex 2.1663279078e+00 -4.1000000000e-01 3.7826226361e-01
     vertex 2.1698427469e+00 -4.1000000000e-01 3.7764146370e-01
     vertex 2.1697735091e+00 -4.1000000000e-01 3.7924616606e-01
   endloop
 endfacet
 facet normal  0.0000000000e+00 -1.0000000000e+00 0.0000000000e+00
   outer loop
     vertex 2.1697735091e+00 -4.1000000000e-01 3.7924616606e-01
     vertex 2.1698427469e+00 -4.1000000000e-01 3.7764146370e-01
     vertex 2.1746732705e+00 -4.1000000000e-01 3.7819461552e-01
   endloop
 endfacet
 facet normal  0.0000000000e+00 -1.0000000000e+00 0.0000000000e+00
   outer loop
     vertex 2.1697735091e+00 -4.1000000000e-01 3.7924616606e-01
     vertex 2.1746732705e+00 -4.1000000000e-01 3.7819461552e-01
     vertex 2.1745891863e+00 -4.1000000000e-01 3.8014340725e-01
   endloop
 endfacet
 facet normal  0.0000000000e+00 -1.0000000000e+00 0.0000000000e+00
   outer loop
     vertex 2.1745891863e+00 -4.1000000000e-01 3.8014340725e-01
     vertex 2.1746732705e+00 -4.1000000000e-01 3.7819461552e-01
     vertex 2.1810712167e+00 -4.1000000000e-01 3.7871635382e-01
   endloop
 endfacet
 facet normal  0.0000000000e+00 -1.0000000000e+00 0.0000000000e+00
   outer loop
     vertex 2.1745891863e+00 -4.1000000000e-01 3.8014340725e-01
     vertex 2.1810712167e+00 -4.1000000000e-01 3.7871635382e-01
     vertex 2.1809765515e+00 -4.1000000000e-01 3.8091037609e-01
   endloop
 endfacet
 facet normal  6.9176958518e-15 -1.0000000000e+00 2.9847678124e-16
   outer loop
     vertex 2.1809765515e+00 -4.1000000000e-01 3.8091037609e-01
     vertex 2.1810712167e+00 -4.1000000000e-01 3.7871635382e-01
     vertex 2.1890761518e+00 -4.1000000000e-01 3.7917013995e-01
   endloop
 endfacet
 facet normal  6.9176958518e-15 -1.0000000000e+00 2.9847678124e-16
   outer loop
     vertex 2.1809765515e+00 -4.1000000000e-01 3.8091037609e-01
     vertex 2.1890761518e+00 -4.1000000000e-01 3.7917013995e-01
     vertex 2.1889768183e+00 -4.1000000000e-01 3.8147235921e-01
   endloop
 endfacet
 facet normal  -5.9168741654e-15 -1.0000000000e+00 -2.5529447864e-16
   outer loop
     vertex 2.1889768183e+00 -4.1000000000e-01 3.8147235921e-01
     vertex 2.1890761518e+00 -4.1000000000e-01 3.7917013995e-01
     vertex 2.1984428798e+00 -4.1000000000e-01 3.7952032523e-01
   endloop
 endfacet
 facet normal  -5.9168741654e-15 -1.0000000000e+00 -2.5529447864e-16
   outer loop
     vertex 2.1889768183e+00 -4.1000000000e-01 3.8147235921e-01
     vertex 2.1984428798e+00 -4.1000000000e-01 3.7952032523e-01
     vertex 2.1983458702e+00 -4.1000000000e-01 3.8176868523e-01
   endloop
 endfacet
 facet normal  0.0000000000e+00 -1.0000000000e+00 0.0000000000e+00
   outer loop
     vertex 2.1983458702e+00 -4.1000000000e-01 3.8176868523e-01
     vertex 2.1984428798e+00 -4.1000000000e-01 3.7952032523e-01
     vertex 2.2085988328e+00 -4.1000000000e-01 3.7975072039e-01
   endloop
 endfacet
 facet normal  0.0000000000e+00 -1.0000000000e+00 0.0000000000e+00
   outer loop
     vertex 2.1983458702e+00 -4.1000000000e-01 3.8176868523e-01
     vertex 2.2085988328e+00 -4.1000000000e-01 3.7975072039e-01
     vertex 2.2085107725e+00 -4.1000000000e-01 3.8179166430e-01
   endloop
 endfacet
 facet normal  0.0000000000e+00 -1.0000000000e+00 0.0000000000e+00
   outer loop
     vertex 2.2085107725e+00 -4.1000000000e-01 3.8179166430e-01
     vertex 2.2085988328e+00 -4.1000000000e-01 3.7975072039e-01
     vertex 2.2186739414e+00 -4.1000000000e-01 3.8159638111e-01
   endloop
 endfacet
 facet normal  -0.0000000000e+00 -1.0000000000e+00 0.0000000000e+00
   outer loop
     vertex 2.2085988328e+00 -4.1000000000e-01 3.7975072039e-01
     vertex 2.2187483541e+00 -4.1000000000e-01 3.7987174429e-01
     vertex 2.2186739414e+00 -4.1000000000e-01 3.8159638111e-01
   endloop
 endfacet
 facet normal  0.0000000000e+00 -1.0000000000e+00 0.0000000000e+00
   outer loop
     vertex 2.2186739414e+00 -4.1000000000e-01 3.8159638111e-01
     vertex 2.2187483541e+00 -4.1000000000e-01 3.7987174429e-01
     vertex 2.2280424318e+00 -4.1000000000e-01 3.8127215104e-01
   endloop
 endfacet
 facet normal  -0.0000000000e+00 -1.0000000000e+00 0.0000000000e+00
   outer loop
     vertex 2.2187483541e+00 -4.1000000000e-01 3.7987174429e-01
     vertex 2.2281011584e+00 -4.1000000000e-01 3.7991106288e-01
     vertex 2.2280424318e+00 -4.1000000000e-01 3.8127215104e-01
   endloop
 endfacet
 facet normal  0.0000000000e+00 -1.0000000000e+00 0.0000000000e+00
   outer loop
     vertex 2.2280424318e+00 -4.1000000000e-01 3.8127215104e-01
     vertex 2.2281011584e+00 -4.1000000000e-01 3.7991106288e-01
     vertex 2.2360545721e+00 -4.1000000000e-01 3.8090499454e-01
   endloop
 endfacet
 facet normal  0.0000000000e+00 -1.0000000000e+00 0.0000000000e+00
   outer loop
     vertex 2.2281011584e+00 -4.1000000000e-01 3.7991106288e-01
     vertex 2.2360979486e+00 -4.1000000000e-01 3.7989967162e-01
     vertex 2.2360545721e+00 -4.1000000000e-01 3.8090499454e-01
   endloop
 endfacet
 facet normal  0.0000000000e+00 -1.0000000000e+00 0.0000000000e+00
   outer loop
     vertex 2.2360545721e+00 -4.1000000000e-01 3.8090499454e-01
     vertex 2.2360979486e+00 -4.1000000000e-01 3.7989967162e-01
     vertex 2.2424791591e+00 -4.1000000000e-01 3.8055626843e-01
   endloop
 endfacet
 facet normal  0.0000000000e+00 -1.0000000000e+00 0.0000000000e+00
   outer loop
     vertex 2.2360979486e+00 -4.1000000000e-01 3.7989967162e-01
     vertex 2.2425090573e+00 -4.1000000000e-01 3.7986332737e-01
     vertex 2.2424791591e+00 -4.1000000000e-01 3.8055626843e-01
   endloop
 endfacet
 facet normal  -1.1380314638e-14 -1.0000000000e+00 -4.9102472202e-16
   outer loop
     vertex 2.2424791591e+00 -4.1000000000e-01 3.8055626843e-01
     vertex 2.2425090573e+00 -4.1000000000e-01 3.7986332737e-01
     vertex 2.2473698058e+00 -4.1000000000e-01 3.8025904005e-01
   endloop
 endfacet
 facet normal  -1.1380314638e-14 -1.0000000000e+00 -4.9102472202e-16
   outer loop
     vertex 2.2425090573e+00 -4.1000000000e-01 3.7986332737e-01
     vertex 2.2473887598e+00 -4.1000000000e-01 3.7981974897e-01
     vertex 2.2473698058e+00 -4.1000000000e-01 3.8025904005e-01
   endloop
 endfacet
 facet normal  0.0000000000e+00 -1.0000000000e+00 0.0000000000e+00
   outer loop
     vertex 2.2473698058e+00 -4.1000000000e-01 3.8025904005e-01
     vertex 2.2473887598e+00 -4.1000000000e-01 3.7981974897e-01
     vertex 2.2509474522e+00 -4.1000000000e-01 3.8002370980e-01
   endloop
 endfacet
 facet normal  0.0000000000e+00 -1.0000000000e+00 0.0000000000e+00
   outer loop
     vertex 2.2473887598e+00 -4.1000000000e-01 3.7981974897e-01
     vertex 2.2509580148e+00 -4.1000000000e-01 3.7977890387e-01
     vertex 2.2509474522e+00 -4.1000000000e-01 3.8002370980e-01
   endloop
 endfacet
 facet normal  2.1906212616e-14 -1.0000000000e+00 9.4518405707e-16
   outer loop
     vertex 2.2509474522e+00 -4.1000000000e-01 3.8002370980e-01
     vertex 2.2509580148e+00 -4.1000000000e-01 3.7977890387e-01
     vertex 2.2534891155e+00 -4.1000000000e-01 3.7984695455e-01
   endloop
 endfacet
 facet normal  2.1906212616e-14 -1.0000000000e+00 9.4518405704e-16
   outer loop
     vertex 2.2509580148e+00 -4.1000000000e-01 3.7977890387e-01
     vertex 2.2534935105e+00 -4.1000000000e-01 3.7974509252e-01
     vertex 2.2534891155e+00 -4.1000000000e-01 3.7984695455e-01
   endloop
 endfacet
 facet normal  0.0000000000e+00 -1.0000000000e+00 0.0000000000e+00
   outer loop
     vertex 2.2534891155e+00 -4.1000000000e-01 3.7984695455e-01
     vertex 2.2534935105e+00 -4.1000000000e-01 3.7974509252e-01
     vertex 2.2552574976e+00 -4.1000000000e-01 3.7971915133e-01
   endloop
 endfacet
 facet normal  0.0000000000e+00 -1.0000000000e+00 0.0000000000e+00
   outer loop
     vertex 2.2552574976e+00 -4.1000000000e-01 3.7971915133e-01
     vertex 2.2534979056e+00 -4.1000000000e-01 3.7964323048e-01
     vertex 2.2535023006e+00 -4.1000000000e-01 3.7954136844e-01
   endloop
 endfacet
 facet normal  0.0000000000e+00 -1.0000000000e+00 -0.0000000000e+00
   outer loop
     vertex 2.2535023006e+00 -4.1000000000e-01 3.7954136844e-01
     vertex 2.2534979056e+00 -4.1000000000e-01 3.7964323048e-01
     vertex 2.2509685774e+00 -4.1000000000e-01 3.7953409794e-01
   endloop
 endfacet
 facet normal  0.0000000000e+00 -1.0000000000e+00 0.0000000000e+00
   outer loop
     vertex 2.2535023006e+00 -4.1000000000e-01 3.7954136844e-01
     vertex 2.2509685774e+00 -4.1000000000e-01 3.7953409794e-01
     vertex 2.2509791400e+00 -4.1000000000e-01 3.7928929200e-01
   endloop
 endfacet
 facet normal  0.0000000000e+00 -1.0000000000e+00 -0.0000000000e+00
   outer loop
     vertex 2.2509791400e+00 -4.1000000000e-01 3.7928929200e-01
     vertex 2.2509685774e+00 -4.1000000000e-01 3.7953409794e-01
     vertex 2.2474077138e+00 -4.1000000000e-01 3.7938045789e-01
   endloop
 endfacet
 facet normal  0.0000000000e+00 -1.0000000000e+00 0.0000000000e+00
   outer loop
     vertex 2.2509791400e+00 -4.1000000000e-01 3.7928929200e-01
     vertex 2.2474077138e+00 -4.1000000000e-01 3.7938045789e-01
     vertex 2.2474266679e+00 -4.1000000000e-01 3.7894116681e-01
   endloop
 endfacet
 facet normal  0.0000000000e+00 -1.0000000000e+00 -0.0000000000e+00
   outer loop
     vertex 2.2474266679e+00 -4.1000000000e-01 3.7894116681e-01
     vertex 2.2474077138e+00 -4.1000000000e-01 3.7938045789e-01
     vertex 2.2425389556e+00 -4.1000000000e-01 3.7917038631e-01
   endloop
 endfacet
 facet normal  0.0000000000e+00 -1.0000000000e+00 0.0000000000e+00
   outer loop
     vertex 2.2474266679e+00 -4.1000000000e-01 3.7894116681e-01
     vertex 2.2425389556e+00 -4.1000000000e-01 3.7917038631e-01
     vertex 2.2425688538e+00 -4.1000000000e-01 3.7847744525e-01
   endloop
 endfacet
 facet normal  -8.6607066506e-15 -1.0000000000e+00 -3.7368220571e-16
   outer loop
     vertex 2.2425688538e+00 -4.1000000000e-01 3.7847744525e-01
     vertex 2.2425389556e+00 -4.1000000000e-01 3.7917038631e-01
     vertex 2.2361413251e+00 -4.1000000000e-01 3.7889434871e-01
   endloop
 endfacet
 facet normal  -8.6607066506e-15 -1.0000000000e+00 -3.7368220571e-16
   outer loop
     vertex 2.2425688538e+00 -4.1000000000e-01 3.7847744525e-01
     vertex 2.2361413251e+00 -4.1000000000e-01 3.7889434871e-01
     vertex 2.2361847016e+00 -4.1000000000e-01 3.7788902580e-01
   endloop
 endfacet
 facet normal  1.3884211608e-14 -1.0000000000e+00 5.9905998753e-16
   outer loop
     vertex 2.2361847016e+00 -4.1000000000e-01 3.7788902580e-01
     vertex 2.2361413251e+00 -4.1000000000e-01 3.7889434871e-01
     vertex 2.2281598851e+00 -4.1000000000e-01 3.7854997472e-01
   endloop
 endfacet
 facet normal  1.3884211608e-14 -1.0000000000e+00 5.9905998754e-16
   outer loop
     vertex 2.2361847016e+00 -4.1000000000e-01 3.7788902580e-01
     vertex 2.2281598851e+00 -4.1000000000e-01 3.7854997472e-01
     vertex 2.2282186118e+00 -4.1000000000e-01 3.7718888656e-01
   endloop
 endfacet
 facet normal  0.0000000000e+00 -1.0000000000e+00 -0.0000000000e+00
   outer loop
     vertex 2.2282186118e+00 -4.1000000000e-01 3.7718888656e-01
     vertex 2.2281598851e+00 -4.1000000000e-01 3.7854997472e-01
     vertex 2.2188227667e+00 -4.1000000000e-01 3.7814710748e-01
   endloop
 endfacet
 facet normal  0.0000000000e+00 -1.0000000000e+00 0.0000000000e+00
   outer loop
     vertex 2.2282186118e+00 -4.1000000000e-01 3.7718888656e-01
     vertex 2.2188227667e+00 -4.1000000000e-01 3.7814710748e-01
     vertex 2.2188971793e+00 -4.1000000000e-01 3.7642247067e-01
   endloop
 endfacet
 facet normal  -5.4665244724e-15 -1.0000000000e+00 -2.3586330825e-16
   outer loop
     vertex 2.2188971793e+00 -4.1000000000e-01 3.7642247067e-01
     vertex 2.2188227667e+00 -4.1000000000e-01 3.7814710748e-01
     vertex 2.2086868931e+00 -4.1000000000e-01 3.7770977647e-01
   endloop
 endfacet
 facet normal  -5.4665244724e-15 -1.0000000000e+00 -2.3586330825e-16
   outer loop
     vertex 2.2188971793e+00 -4.1000000000e-01 3.7642247067e-01
     vertex 2.2086868931e+00 -4.1000000000e-01 3.7770977647e-01
     vertex 2.2087749534e+00 -4.1000000000e-01 3.7566883256e-01
   endloop
 endfacet
 facet normal  0.0000000000e+00 -1.0000000000e+00 -0.0000000000e+00
   outer loop
     vertex 2.2087749534e+00 -4.1000000000e-01 3.7566883256e-01
     vertex 2.2086868931e+00 -4.1000000000e-01 3.7770977647e-01
     vertex 2.1986368991e+00 -4.1000000000e-01 3.7502360524e-01
   endloop
 endfacet
 facet normal  0.0000000000e+00 -1.0000000000e+00 0.0000000000e+00
   outer loop
     vertex 2.2086868931e+00 -4.1000000000e-01 3.7770977647e-01
     vertex 2.1985398895e+00 -4.1000000000e-01 3.7727196523e-01
     vertex 2.1986368991e+00 -4.1000000000e-01 3.7502360524e-01
   endloop
 endfacet
 facet normal  0.0000000000e+00 -1.0000000000e+00 -0.0000000000e+00
   outer loop
     vertex 2.1986368991e+00 -4.1000000000e-01 3.7502360524e-01
     vertex 2.1985398895e+00 -4.1000000000e-01 3.7727196523e-01
     vertex 2.1892748189e+00 -4.1000000000e-01 3.7456570144e-01
   endloop
 endfacet
 facet normal  0.0000000000e+00 -1.0000000000e+00 0.0000000000e+00
   outer loop
     vertex 2.1985398895e+00 -4.1000000000e-01 3.7727196523e-01
     vertex 2.1891754853e+00 -4.1000000000e-01 3.7686792070e-01
     vertex 2.1892748189e+00 -4.1000000000e-01 3.7456570144e-01
   endloop
 endfacet
 facet normal  0.0000000000e+00 -1.0000000000e+00 -0.0000000000e+00
   outer loop
     vertex 2.1892748189e+00 -4.1000000000e-01 3.7456570144e-01
     vertex 2.1891754853e+00 -4.1000000000e-01 3.7686792070e-01
     vertex 2.1812605470e+00 -4.1000000000e-01 3.7432830927e-01
   endloop
 endfacet
 facet normal  0.0000000000e+00 -1.0000000000e+00 0.0000000000e+00
   outer loop
     vertex 2.1891754853e+00 -4.1000000000e-01 3.7686792070e-01
     vertex 2.1811658818e+00 -4.1000000000e-01 3.7652233154e-01
     vertex 2.1812605470e+00 -4.1000000000e-01 3.7432830927e-01
   endloop
 endfacet
 facet normal  8.6459805482e-15 -1.0000000000e+00 3.7304682079e-16
   outer loop
     vertex 2.1812605470e+00 -4.1000000000e-01 3.7432830927e-01
     vertex 2.1811658818e+00 -4.1000000000e-01 3.7652233154e-01
     vertex 2.1748414389e+00 -4.1000000000e-01 3.7429703205e-01
   endloop
 endfacet
 facet normal  8.6459805482e-15 -1.0000000000e+00 3.7304682079e-16
   outer loop
     vertex 2.1811658818e+00 -4.1000000000e-01 3.7652233154e-01
     vertex 2.1747573547e+00 -4.1000000000e-01 3.7624582379e-01
     vertex 2.1748414389e+00 -4.1000000000e-01 3.7429703205e-01
   endloop
 endfacet
 facet normal  -1.1435246705e-14 -1.0000000000e+00 -4.9339486765e-16
   outer loop
     vertex 2.1748414389e+00 -4.1000000000e-01 3.7429703205e-01
     vertex 2.1747573547e+00 -4.1000000000e-01 3.7624582379e-01
     vertex 2.1699812226e+00 -4.1000000000e-01 3.7443205898e-01
   endloop
 endfacet
 facet normal  -1.1435246705e-14 -1.0000000000e+00 -4.9339486765e-16
   outer loop
     vertex 2.1747573547e+00 -4.1000000000e-01 3.7624582379e-01
     vertex 2.1699119848e+00 -4.1000000000e-01 3.7603676134e-01
     vertex 2.1699812226e+00 -4.1000000000e-01 3.7443205898e-01
   endloop
 endfacet
 facet normal  0.0000000000e+00 -1.0000000000e+00 -0.0000000000e+00
   outer loop
     vertex 2.1699812226e+00 -4.1000000000e-01 3.7443205898e-01
     vertex 2.1699119848e+00 -4.1000000000e-01 3.7603676134e-01
     vertex 2.1664816651e+00 -4.1000000000e-01 3.7469868190e-01
   endloop
 endfacet
 facet normal  0.0000000000e+00 -1.0000000000e+00 0.0000000000e+00
   outer loop
     vertex 2.1699119848e+00 -4.1000000000e-01 3.7603676134e-01
     vertex 2.1664304127e+00 -4.1000000000e-01 3.7588654247e-01
     vertex 2.1664816651e+00 -4.1000000000e-01 3.7469868190e-01
   endloop
 endfacet
 facet normal  2.3779076281e-14 -1.0000000000e+00 1.0259922236e-15
   outer loop
     vertex 2.1664816651e+00 -4.1000000000e-01 3.7469868190e-01
     vertex 2.1664304127e+00 -4.1000000000e-01 3.7588654247e-01
     vertex 2.1641298222e+00 -4.1000000000e-01 3.7510170647e-01
   endloop
 endfacet
 facet normal  2.3779076281e-14 -1.0000000000e+00 1.0259922236e-15
   outer loop
     vertex 2.1664304127e+00 -4.1000000000e-01 3.7588654247e-01
     vertex 2.1641002969e+00 -4.1000000000e-01 3.7578600532e-01
     vertex 2.1641298222e+00 -4.1000000000e-01 3.7510170647e-01
   endloop
 endfacet
 facet normal  -5.5020088108e-14 -1.0000000000e+00 -2.3739434566e-15
   outer loop
     vertex 2.1641298222e+00 -4.1000000000e-01 3.7510170647e-01
     vertex 2.1641002969e+00 -4.1000000000e-01 3.7578600532e-01
     vertex 2.1630932465e+00 -4.1000000000e-01 3.7574255427e-01
   endloop
 endfacet
 facet normal  -0.0000000000e+00 -1.0000000000e+00 0.0000000000e+00
   outer loop
     vertex 2.1630932465e+00 -4.1000000000e-01 3.7574255427e-01
     vertex 2.1641002969e+00 -4.1000000000e-01 3.7578600532e-01
     vertex 2.1640707715e+00 -4.1000000000e-01 3.7647030416e-01
   endloop
 endfacet
 facet normal  2.3779076281e-14 -1.0000000000e+00 1.0259922236e-15
   outer loop
     vertex 2.1640707715e+00 -4.1000000000e-01 3.7647030416e-01
     vertex 2.1641002969e+00 -4.1000000000e-01 3.7578600532e-01
     vertex 2.1664304127e+00 -4.1000000000e-01 3.7588654247e-01
   endloop
 endfacet
 facet normal  2.3779076281e-14 -1.0000000000e+00 1.0259922236e-15
   outer loop
     vertex 2.1640707715e+00 -4.1000000000e-01 3.7647030416e-01
     vertex 2.1664304127e+00 -4.1000000000e-01 3.7588654247e-01
     vertex 2.1663791602e+00 -4.1000000000e-01 3.7707440304e-01
   endloop
 endfacet
 facet normal  -1.5914649883e-14 -1.0000000000e+00 -6.8666700206e-16
   outer loop
     vertex 2.1663791602e+00 -4.1000000000e-01 3.7707440304e-01
     vertex 2.1664304127e+00 -4.1000000000e-01 3.7588654247e-01
     vertex 2.1699119848e+00 -4.1000000000e-01 3.7603676134e-01
   endloop
 endfacet
 facet normal  -1.5914649883e-14 -1.0000000000e+00 -6.8666700206e-16
   outer loop
     vertex 2.1663791602e+00 -4.1000000000e-01 3.7707440304e-01
     vertex 2.1699119848e+00 -4.1000000000e-01 3.7603676134e-01
     vertex 2.1698427469e+00 -4.1000000000e-01 3.7764146370e-01
   endloop
 endfacet
 facet normal  0.0000000000e+00 -1.0000000000e+00 0.0000000000e+00
   outer loop
     vertex 2.1698427469e+00 -4.1000000000e-01 3.7764146370e-01
     vertex 2.1699119848e+00 -4.1000000000e-01 3.7603676134e-01
     vertex 2.1747573547e+00 -4.1000000000e-01 3.7624582379e-01
   endloop
 endfacet
 facet normal  0.0000000000e+00 -1.0000000000e+00 0.0000000000e+00
   outer loop
     vertex 2.1698427469e+00 -4.1000000000e-01 3.7764146370e-01
     vertex 2.1747573547e+00 -4.1000000000e-01 3.7624582379e-01
     vertex 2.1746732705e+00 -4.1000000000e-01 3.7819461552e-01
   endloop
 endfacet
 facet normal  0.0000000000e+00 -1.0000000000e+00 0.0000000000e+00
   outer loop
     vertex 2.1746732705e+00 -4.1000000000e-01 3.7819461552e-01
     vertex 2.1747573547e+00 -4.1000000000e-01 3.7624582379e-01
     vertex 2.1811658818e+00 -4.1000000000e-01 3.7652233154e-01
   endloop
 endfacet
 facet normal  0.0000000000e+00 -1.0000000000e+00 0.0000000000e+00
   outer loop
     vertex 2.1746732705e+00 -4.1000000000e-01 3.7819461552e-01
     vertex 2.1811658818e+00 -4.1000000000e-01 3.7652233154e-01
     vertex 2.1810712167e+00 -4.1000000000e-01 3.7871635382e-01
   endloop
 endfacet
 facet normal  6.9176958518e-15 -1.0000000000e+00 2.9847678124e-16
   outer loop
     vertex 2.1810712167e+00 -4.1000000000e-01 3.7871635382e-01
     vertex 2.1811658818e+00 -4.1000000000e-01 3.7652233154e-01
     vertex 2.1891754853e+00 -4.1000000000e-01 3.7686792070e-01
   endloop
 endfacet
 facet normal  6.9176958518e-15 -1.0000000000e+00 2.9847678124e-16
   outer loop
     vertex 2.1810712167e+00 -4.1000000000e-01 3.7871635382e-01
     vertex 2.1891754853e+00 -4.1000000000e-01 3.7686792070e-01
     vertex 2.1890761518e+00 -4.1000000000e-01 3.7917013995e-01
   endloop
 endfacet
 facet normal  -5.9168741654e-15 -1.0000000000e+00 -2.5529447864e-16
   outer loop
     vertex 2.1890761518e+00 -4.1000000000e-01 3.7917013995e-01
     vertex 2.1891754853e+00 -4.1000000000e-01 3.7686792070e-01
     vertex 2.1985398895e+00 -4.1000000000e-01 3.7727196523e-01
   endloop
 endfacet
 facet normal  -5.9168741654e-15 -1.0000000000e+00 -2.5529447864e-16
   outer loop
     vertex 2.1890761518e+00 -4.1000000000e-01 3.7917013995e-01
     vertex 2.1985398895e+00 -4.1000000000e-01 3.7727196523e-01
     vertex 2.1984428798e+00 -4.1000000000e-01 3.7952032523e-01
   endloop
 endfacet
 facet normal  0.0000000000e+00 -1.0000000000e+00 0.0000000000e+00
   outer loop
     vertex 2.1984428798e+00 -4.1000000000e-01 3.7952032523e-01
     vertex 2.1985398895e+00 -4.1000000000e-01 3.7727196523e-01
     vertex 2.2086868931e+00 -4.1000000000e-01 3.7770977647e-01
   endloop
 endfacet
 facet normal  0.0000000000e+00 -1.0000000000e+00 0.0000000000e+00
   outer loop
     vertex 2.1984428798e+00 -4.1000000000e-01 3.7952032523e-01
     vertex 2.2086868931e+00 -4.1000000000e-01 3.7770977647e-01
     vertex 2.2085988328e+00 -4.1000000000e-01 3.7975072039e-01
   endloop
 endfacet
 facet normal  0.0000000000e+00 -1.0000000000e+00 0.0000000000e+00
   outer loop
     vertex 2.2085988328e+00 -4.1000000000e-01 3.7975072039e-01
     vertex 2.2086868931e+00 -4.1000000000e-01 3.7770977647e-01
     vertex 2.2187483541e+00 -4.1000000000e-01 3.7987174429e-01
   endloop
 endfacet
 facet normal  -0.0000000000e+00 -1.0000000000e+00 0.0000000000e+00
   outer loop
     vertex 2.2086868931e+00 -4.1000000000e-01 3.7770977647e-01
     vertex 2.2188227667e+00 -4.1000000000e-01 3.7814710748e-01
     vertex 2.2187483541e+00 -4.1000000000e-01 3.7987174429e-01
   endloop
 endfacet
 facet normal  0.0000000000e+00 -1.0000000000e+00 0.0000000000e+00
   outer loop
     vertex 2.2187483541e+00 -4.1000000000e-01 3.7987174429e-01
     vertex 2.2188227667e+00 -4.1000000000e-01 3.7814710748e-01
     vertex 2.2281011584e+00 -4.1000000000e-01 3.7991106288e-01
   endloop
 endfacet
 facet normal  -0.0000000000e+00 -1.0000000000e+00 0.0000000000e+00
   outer loop
     vertex 2.2188227667e+00 -4.1000000000e-01 3.7814710748e-01
     vertex 2.2281598851e+00 -4.1000000000e-01 3.7854997472e-01
     vertex 2.2281011584e+00 -4.1000000000e-01 3.7991106288e-01
   endloop
 endfacet
 facet normal  0.0000000000e+00 -1.0000000000e+00 0.0000000000e+00
   outer loop
     vertex 2.2281011584e+00 -4.1000000000e-01 3.7991106288e-01
     vertex 2.2281598851e+00 -4.1000000000e-01 3.7854997472e-01
     vertex 2.2360979486e+00 -4.1000000000e-01 3.7989967162e-01
   endloop
 endfacet
 facet normal  -0.0000000000e+00 -1.0000000000e+00 0.0000000000e+00
   outer loop
     vertex 2.2281598851e+00 -4.1000000000e-01 3.7854997472e-01
     vertex 2.2361413251e+00 -4.1000000000e-01 3.7889434871e-01
     vertex 2.2360979486e+00 -4.1000000000e-01 3.7989967162e-01
   endloop
 endfacet
 facet normal  0.0000000000e+00 -1.0000000000e+00 0.0000000000e+00
   outer loop
     vertex 2.2360979486e+00 -4.1000000000e-01 3.7989967162e-01
     vertex 2.2361413251e+00 -4.1000000000e-01 3.7889434871e-01
     vertex 2.2425090573e+00 -4.1000000000e-01 3.7986332737e-01
   endloop
 endfacet
 facet normal  -0.0000000000e+00 -1.0000000000e+00 0.0000000000e+00
   outer loop
     vertex 2.2361413251e+00 -4.1000000000e-01 3.7889434871e-01
     vertex 2.2425389556e+00 -4.1000000000e-01 3.7917038631e-01
     vertex 2.2425090573e+00 -4.1000000000e-01 3.7986332737e-01
   endloop
 endfacet
 facet normal  -1.1380314638e-14 -1.0000000000e+00 -4.9102472203e-16
   outer loop
     vertex 2.2425090573e+00 -4.1000000000e-01 3.7986332737e-01
     vertex 2.2425389556e+00 -4.1000000000e-01 3.7917038631e-01
     vertex 2.2473887598e+00 -4.1000000000e-01 3.7981974897e-01
   endloop
 endfacet
 facet normal  -1.1380314638e-14 -1.0000000000e+00 -4.9102472202e-16
   outer loop
     vertex 2.2425389556e+00 -4.1000000000e-01 3.7917038631e-01
     vertex 2.2474077138e+00 -4.1000000000e-01 3.7938045789e-01
     vertex 2.2473887598e+00 -4.1000000000e-01 3.7981974897e-01
   endloop
 endfacet
 facet normal  0.0000000000e+00 -1.0000000000e+00 0.0000000000e+00
   outer loop
     vertex 2.2473887598e+00 -4.1000000000e-01 3.7981974897e-01
     vertex 2.2474077138e+00 -4.1000000000e-01 3.7938045789e-01
     vertex 2.2509580148e+00 -4.1000000000e-01 3.7977890387e-01
   endloop
 endfacet
 facet normal  -0.0000000000e+00 -1.0000000000e+00 0.0000000000e+00
   outer loop
     vertex 2.2474077138e+00 -4.1000000000e-01 3.7938045789e-01
     vertex 2.2509685774e+00 -4.1000000000e-01 3.7953409794e-01
     vertex 2.2509580148e+00 -4.1000000000e-01 3.7977890387e-01
   endloop
 endfacet
 facet normal  2.1906212616e-14 -1.0000000000e+00 9.4518405703e-16
   outer loop
     vertex 2.2509580148e+00 -4.1000000000e-01 3.7977890387e-01
     vertex 2.2509685774e+00 -4.1000000000e-01 3.7953409794e-01
     vertex 2.2534935105e+00 -4.1000000000e-01 3.7974509252e-01
   endloop
 endfacet
 facet normal  2.1906212616e-14 -1.0000000000e+00 9.4518405704e-16
   outer loop
     vertex 2.2509685774e+00 -4.1000000000e-01 3.7953409794e-01
     vertex 2.2534979056e+00 -4.1000000000e-01 3.7964323048e-01
     vertex 2.2534935105e+00 -4.1000000000e-01 3.7974509252e-01
   endloop
 endfacet
 facet normal  0.0000000000e+00 -1.0000000000e+00 0.0000000000e+00
   outer loop
     vertex 2.2534935105e+00 -4.1000000000e-01 3.7974509252e-01
     vertex 2.2534979056e+00 -4.1000000000e-01 3.7964323048e-01
     vertex 2.2552574976e+00 -4.1000000000e-01 3.7971915133e-01
   endloop
 endfacet
endsolid
