solid
 facet normal  -5.3188360984e-01 8.2539251602e-01 -1.8928026859e-01
   outer loop
     vertex 2.7774212427e-02 1.7897725118e-02 0.0000000000e+00
     vertex 2.7774212427e-02 1.6390389283e-02 -6.5730238342e-03
     vertex -2.3129646346e-18 -1.7347234760e-18 5.7824115866e-19
   endloop
 endfacet
 facet normal  -5.2589686878e-01 6.9390175528e-01 -4.9186668665e-01
   outer loop
     vertex 2.7774212427e-02 1.6390389283e-02 -6.5730238342e-03
     vertex 2.7774212427e-02 1.2386685800e-02 -1.2221255256e-02
     vertex 0.0000000000e+00 0.0000000000e+00 4.6259292693e-18
   endloop
 endfacet
 facet normal  -5.2418320426e-01 4.8405720076e-01 -7.0065725912e-01
   outer loop
     vertex 2.7774212427e-02 1.2386685800e-02 -1.2221255256e-02
     vertex 2.7774212427e-02 6.6640706955e-03 -1.6174790330e-02
     vertex -4.0476881106e-18 -4.3368086899e-19 2.8912057933e-18
   endloop
 endfacet
 facet normal  -5.2735233454e-01 1.8526629206e-01 -8.2920197556e-01
   outer loop
     vertex 2.7774212427e-02 6.6640706955e-03 -1.6174790330e-02
     vertex 2.7774212427e-02 -2.2204460493e-18 -1.7663725118e-02
     vertex -4.6259292693e-18 0.0000000000e+00 4.6259292693e-18
   endloop
 endfacet
 facet normal  -5.2735233454e-01 -1.8526629206e-01 -8.2920197556e-01
   outer loop
     vertex -4.6259292693e-18 0.0000000000e+00 4.6259292693e-18
     vertex 2.7774212427e-02 -2.2204460493e-18 -1.7663725118e-02
     vertex 2.7774212427e-02 -6.6640706955e-03 -1.6174790330e-02
   endloop
 endfacet
 facet normal  -5.2418320426e-01 -4.8405720076e-01 -7.0065725912e-01
   outer loop
     vertex -2.8912057933e-18 1.4456028966e-18 2.8912057933e-18
     vertex 2.7774212427e-02 -6.6640706955e-03 -1.6174790330e-02
     vertex 2.7774212427e-02 -1.2386685800e-02 -1.2221255256e-02
   endloop
 endfacet
 facet normal  -5.2589686878e-01 -6.9390175528e-01 -4.9186668665e-01
   outer loop
     vertex -4.6259292693e-18 4.6259292693e-18 4.6259292693e-18
     vertex 2.7774212427e-02 -1.2386685800e-02 -1.2221255256e-02
     vertex 2.7774212427e-02 -1.6390389283e-02 -6.5730238342e-03
   endloop
 endfacet
 facet normal  -5.3188360984e-01 -8.2539251602e-01 -1.8928026859e-01
   outer loop
     vertex -5.7824115866e-19 5.7824115866e-19 1.0119220277e-18
     vertex 2.7774212427e-02 -1.6390389283e-02 -6.5730238342e-03
     vertex 2.7774212427e-02 -1.7897725118e-02 -1.7763568394e-18
   endloop
 endfacet
 facet normal  -5.3188360984e-01 -8.2539251602e-01 1.8928026859e-01
   outer loop
     vertex 2.7774212427e-02 -1.7897725118e-02 -1.7763568394e-18
     vertex 2.7774212427e-02 -1.6390389283e-02 6.5730238342e-03
     vertex -1.7347234760e-18 0.0000000000e+00 -1.8792837656e-18
   endloop
 endfacet
 facet normal  -5.2589686878e-01 -6.9390175528e-01 4.9186668665e-01
   outer loop
     vertex 2.7774212427e-02 -1.6390389283e-02 6.5730238342e-03
     vertex 2.7774212427e-02 -1.2386685800e-02 1.2221255256e-02
     vertex 0.0000000000e+00 0.0000000000e+00 -4.6259292693e-18
   endloop
 endfacet
 facet normal  -5.2418320426e-01 -4.8405720076e-01 7.0065725912e-01
   outer loop
     vertex 2.7774212427e-02 -1.2386685800e-02 1.2221255256e-02
     vertex 2.7774212427e-02 -6.6640706955e-03 1.6174790330e-02
     vertex -2.3129646346e-18 8.6736173799e-19 -5.7824115866e-19
   endloop
 endfacet
 facet normal  -5.2735233454e-01 -1.8526629206e-01 8.2920197556e-01
   outer loop
     vertex 2.7774212427e-02 -6.6640706955e-03 1.6174790330e-02
     vertex 2.7774212427e-02 -2.5535129566e-18 1.7663725118e-02
     vertex -4.6259292693e-18 0.0000000000e+00 0.0000000000e+00
   endloop
 endfacet
 facet normal  -5.2735233454e-01 1.8526629206e-01 8.2920197556e-01
   outer loop
     vertex -4.6259292693e-18 0.0000000000e+00 0.0000000000e+00
     vertex 2.7774212427e-02 -2.5535129566e-18 1.7663725118e-02
     vertex 2.7774212427e-02 6.6640706955e-03 1.6174790330e-02
   endloop
 endfacet
 facet normal  -5.2418320426e-01 4.8405720076e-01 7.0065725912e-01
   outer loop
     vertex -5.7824115866e-19 -8.6736173799e-19 0.0000000000e+00
     vertex 2.7774212427e-02 6.6640706955e-03 1.6174790330e-02
     vertex 2.7774212427e-02 1.2386685800e-02 1.2221255256e-02
   endloop
 endfacet
 facet normal  -5.2589686878e-01 6.9390175528e-01 4.9186668665e-01
   outer loop
     vertex 0.0000000000e+00 0.0000000000e+00 0.0000000000e+00
     vertex 2.7774212427e-02 1.2386685800e-02 1.2221255256e-02
     vertex 2.7774212427e-02 1.6390389283e-02 6.5730238342e-03
   endloop
 endfacet
 facet normal  -5.3188360984e-01 8.2539251602e-01 1.8928026859e-01
   outer loop
     vertex -2.3129646346e-18 0.0000000000e+00 0.0000000000e+00
     vertex 2.7774212427e-02 1.6390389283e-02 6.5730238342e-03
     vertex 2.7774212427e-02 1.7897725118e-02 0.0000000000e+00
   endloop
 endfacet
 facet normal  -2.9015815040e-01 9.3276661464e-01 -2.1390346039e-01
   outer loop
     vertex 2.7774212427e-02 1.7897725118e-02 0.0000000000e+00
     vertex 6.5561902685e-02 2.9652440758e-02 0.0000000000e+00
     vertex 2.7774212427e-02 1.6390389283e-02 -6.5730238342e-03
   endloop
 endfacet
 facet normal  -2.9117208427e-01 9.3345709306e-01 -2.0946759356e-01
   outer loop
     vertex 6.5561902685e-02 2.9652440758e-02 0.0000000000e+00
     vertex 6.5561902685e-02 2.7208260775e-02 -1.0892076919e-02
     vertex 2.7774212427e-02 1.6390389283e-02 -6.5730238342e-03
   endloop
 endfacet
 facet normal  -2.8704329712e-01 7.8149668495e-01 -5.5395764909e-01
   outer loop
     vertex 2.7774212427e-02 1.6390389283e-02 -6.5730238342e-03
     vertex 6.5561902685e-02 2.7208260775e-02 -1.0892076919e-02
     vertex 2.7774212427e-02 1.2386685800e-02 -1.2221255256e-02
   endloop
 endfacet
 facet normal  -2.8679817381e-01 7.8095195472e-01 -5.5485209914e-01
   outer loop
     vertex 6.5561902685e-02 2.7208260775e-02 -1.0892076919e-02
     vertex 6.5561902685e-02 2.0663590742e-02 -2.0103671979e-02
     vertex 2.7774212427e-02 1.2386685800e-02 -1.2221255256e-02
   endloop
 endfacet
 facet normal  -2.8393745898e-01 5.4501145164e-01 -7.8888658054e-01
   outer loop
     vertex 2.7774212427e-02 1.2386685800e-02 -1.2221255256e-02
     vertex 6.5561902685e-02 2.0663590742e-02 -2.0103671979e-02
     vertex 2.7774212427e-02 6.6640706955e-03 -1.6174790330e-02
   endloop
 endfacet
 facet normal  -2.8137057573e-01 5.3612441468e-01 -7.9586507091e-01
   outer loop
     vertex 6.5561902685e-02 2.0663590742e-02 -2.0103671979e-02
     vertex 6.5561902685e-02 1.1200235527e-02 -2.6478541239e-02
     vertex 2.7774212427e-02 6.6640706955e-03 -1.6174790330e-02
   endloop
 endfacet
 facet normal  -2.8055057128e-01 2.0929388405e-01 -9.3674299947e-01
   outer loop
     vertex 2.7774212427e-02 6.6640706955e-03 -1.6174790330e-02
     vertex 6.5561902685e-02 1.1200235527e-02 -2.6478541239e-02
     vertex 2.7774212427e-02 -2.2204460493e-18 -1.7663725118e-02
   endloop
 endfacet
 facet normal  -2.7836896547e-01 1.9979140211e-01 -9.3946480227e-01
   outer loop
     vertex 6.5561902685e-02 1.1200235527e-02 -2.6478541239e-02
     vertex 6.5561902685e-02 -2.4980018054e-18 -2.8860440758e-02
     vertex 2.7774212427e-02 -2.2204460493e-18 -1.7663725118e-02
   endloop
 endfacet
 facet normal  -2.7836896547e-01 -1.9979140211e-01 -9.3946480227e-01
   outer loop
     vertex 2.7774212427e-02 -2.2204460493e-18 -1.7663725118e-02
     vertex 6.5561902685e-02 -2.4980018054e-18 -2.8860440758e-02
     vertex 6.5561902685e-02 -1.1200235527e-02 -2.6478541239e-02
   endloop
 endfacet
 facet normal  -2.8055057128e-01 -2.0929388405e-01 -9.3674299947e-01
   outer loop
     vertex 2.7774212427e-02 -2.2204460493e-18 -1.7663725118e-02
     vertex 6.5561902685e-02 -1.1200235527e-02 -2.6478541239e-02
     vertex 2.7774212427e-02 -6.6640706955e-03 -1.6174790330e-02
   endloop
 endfacet
 facet normal  -2.8137057573e-01 -5.3612441468e-01 -7.9586507091e-01
   outer loop
     vertex 2.7774212427e-02 -6.6640706955e-03 -1.6174790330e-02
     vertex 6.5561902685e-02 -1.1200235527e-02 -2.6478541239e-02
     vertex 6.5561902685e-02 -2.0663590742e-02 -2.0103671979e-02
   endloop
 endfacet
 facet normal  -2.8393745898e-01 -5.4501145164e-01 -7.8888658054e-01
   outer loop
     vertex 2.7774212427e-02 -6.6640706955e-03 -1.6174790330e-02
     vertex 6.5561902685e-02 -2.0663590742e-02 -2.0103671979e-02
     vertex 2.7774212427e-02 -1.2386685800e-02 -1.2221255256e-02
   endloop
 endfacet
 facet normal  -2.8679817381e-01 -7.8095195472e-01 -5.5485209914e-01
   outer loop
     vertex 2.7774212427e-02 -1.2386685800e-02 -1.2221255256e-02
     vertex 6.5561902685e-02 -2.0663590742e-02 -2.0103671979e-02
     vertex 6.5561902685e-02 -2.7208260775e-02 -1.0892076919e-02
   endloop
 endfacet
 facet normal  -2.8704329712e-01 -7.8149668495e-01 -5.5395764909e-01
   outer loop
     vertex 2.7774212427e-02 -1.2386685800e-02 -1.2221255256e-02
     vertex 6.5561902685e-02 -2.7208260775e-02 -1.0892076919e-02
     vertex 2.7774212427e-02 -1.6390389283e-02 -6.5730238342e-03
   endloop
 endfacet
 facet normal  -2.9117208427e-01 -9.3345709306e-01 -2.0946759356e-01
   outer loop
     vertex 2.7774212427e-02 -1.6390389283e-02 -6.5730238342e-03
     vertex 6.5561902685e-02 -2.7208260775e-02 -1.0892076919e-02
     vertex 6.5561902685e-02 -2.9652440758e-02 -1.9984014443e-18
   endloop
 endfacet
 facet normal  -2.9015815040e-01 -9.3276661464e-01 -2.1390346039e-01
   outer loop
     vertex 2.7774212427e-02 -1.6390389283e-02 -6.5730238342e-03
     vertex 6.5561902685e-02 -2.9652440758e-02 -1.9984014443e-18
     vertex 2.7774212427e-02 -1.7897725118e-02 -1.7763568394e-18
   endloop
 endfacet
 facet normal  -2.9015815040e-01 -9.3276661464e-01 2.1390346039e-01
   outer loop
     vertex 2.7774212427e-02 -1.7897725118e-02 -1.7763568394e-18
     vertex 6.5561902685e-02 -2.9652440758e-02 -1.9984014443e-18
     vertex 2.7774212427e-02 -1.6390389283e-02 6.5730238342e-03
   endloop
 endfacet
 facet normal  -2.9117208427e-01 -9.3345709306e-01 2.0946759356e-01
   outer loop
     vertex 6.5561902685e-02 -2.9652440758e-02 -1.9984014443e-18
     vertex 6.5561902685e-02 -2.7208260775e-02 1.0892076919e-02
     vertex 2.7774212427e-02 -1.6390389283e-02 6.5730238342e-03
   endloop
 endfacet
 facet normal  -2.8704329712e-01 -7.8149668495e-01 5.5395764909e-01
   outer loop
     vertex 2.7774212427e-02 -1.6390389283e-02 6.5730238342e-03
     vertex 6.5561902685e-02 -2.7208260775e-02 1.0892076919e-02
     vertex 2.7774212427e-02 -1.2386685800e-02 1.2221255256e-02
   endloop
 endfacet
 facet normal  -2.8679817381e-01 -7.8095195472e-01 5.5485209914e-01
   outer loop
     vertex 6.5561902685e-02 -2.7208260775e-02 1.0892076919e-02
     vertex 6.5561902685e-02 -2.0663590742e-02 2.0103671979e-02
     vertex 2.7774212427e-02 -1.2386685800e-02 1.2221255256e-02
   endloop
 endfacet
 facet normal  -2.8393745898e-01 -5.4501145164e-01 7.8888658054e-01
   outer loop
     vertex 2.7774212427e-02 -1.2386685800e-02 1.2221255256e-02
     vertex 6.5561902685e-02 -2.0663590742e-02 2.0103671979e-02
     vertex 2.7774212427e-02 -6.6640706955e-03 1.6174790330e-02
   endloop
 endfacet
 facet normal  -2.8137057573e-01 -5.3612441468e-01 7.9586507091e-01
   outer loop
     vertex 6.5561902685e-02 -2.0663590742e-02 2.0103671979e-02
     vertex 6.5561902685e-02 -1.1200235527e-02 2.6478541239e-02
     vertex 2.7774212427e-02 -6.6640706955e-03 1.6174790330e-02
   endloop
 endfacet
 facet normal  -2.8055057128e-01 -2.0929388405e-01 9.3674299947e-01
   outer loop
     vertex 2.7774212427e-02 -6.6640706955e-03 1.6174790330e-02
     vertex 6.5561902685e-02 -1.1200235527e-02 2.6478541239e-02
     vertex 2.7774212427e-02 -2.5535129566e-18 1.7663725118e-02
   endloop
 endfacet
 facet normal  -2.7836896547e-01 -1.9979140211e-01 9.3946480227e-01
   outer loop
     vertex 6.5561902685e-02 -1.1200235527e-02 2.6478541239e-02
     vertex 6.5561902685e-02 -2.8727020762e-18 2.8860440758e-02
     vertex 2.7774212427e-02 -2.5535129566e-18 1.7663725118e-02
   endloop
 endfacet
 facet normal  -2.7836896547e-01 1.9979140211e-01 9.3946480227e-01
   outer loop
     vertex 2.7774212427e-02 -2.5535129566e-18 1.7663725118e-02
     vertex 6.5561902685e-02 -2.8727020762e-18 2.8860440758e-02
     vertex 6.5561902685e-02 1.1200235527e-02 2.6478541239e-02
   endloop
 endfacet
 facet normal  -2.8055057128e-01 2.0929388405e-01 9.3674299947e-01
   outer loop
     vertex 2.7774212427e-02 -2.5535129566e-18 1.7663725118e-02
     vertex 6.5561902685e-02 1.1200235527e-02 2.6478541239e-02
     vertex 2.7774212427e-02 6.6640706955e-03 1.6174790330e-02
   endloop
 endfacet
 facet normal  -2.8137057573e-01 5.3612441468e-01 7.9586507091e-01
   outer loop
     vertex 2.7774212427e-02 6.6640706955e-03 1.6174790330e-02
     vertex 6.5561902685e-02 1.1200235527e-02 2.6478541239e-02
     vertex 6.5561902685e-02 2.0663590742e-02 2.0103671979e-02
   endloop
 endfacet
 facet normal  -2.8393745898e-01 5.4501145164e-01 7.8888658054e-01
   outer loop
     vertex 2.7774212427e-02 6.6640706955e-03 1.6174790330e-02
     vertex 6.5561902685e-02 2.0663590742e-02 2.0103671979e-02
     vertex 2.7774212427e-02 1.2386685800e-02 1.2221255256e-02
   endloop
 endfacet
 facet normal  -2.8679817381e-01 7.8095195472e-01 5.5485209914e-01
   outer loop
     vertex 2.7774212427e-02 1.2386685800e-02 1.2221255256e-02
     vertex 6.5561902685e-02 2.0663590742e-02 2.0103671979e-02
     vertex 6.5561902685e-02 2.7208260775e-02 1.0892076919e-02
   endloop
 endfacet
 facet normal  -2.8704329712e-01 7.8149668495e-01 5.5395764909e-01
   outer loop
     vertex 2.7774212427e-02 1.2386685800e-02 1.2221255256e-02
     vertex 6.5561902685e-02 2.7208260775e-02 1.0892076919e-02
     vertex 2.7774212427e-02 1.6390389283e-02 6.5730238342e-03
   endloop
 endfacet
 facet normal  -2.9117208427e-01 9.3345709306e-01 2.0946759356e-01
   outer loop
     vertex 2.7774212427e-02 1.6390389283e-02 6.5730238342e-03
     vertex 6.5561902685e-02 2.7208260775e-02 1.0892076919e-02
     vertex 6.5561902685e-02 2.9652440758e-02 0.0000000000e+00
   endloop
 endfacet
 facet normal  -2.9015815040e-01 9.3276661464e-01 2.1390346039e-01
   outer loop
     vertex 2.7774212427e-02 1.6390389283e-02 6.5730238342e-03
     vertex 6.5561902685e-02 2.9652440758e-02 0.0000000000e+00
     vertex 2.7774212427e-02 1.7897725118e-02 0.0000000000e+00
   endloop
 endfacet
 facet normal  -1.5148248021e-01 9.6447497572e-01 -2.1642800051e-01
   outer loop
     vertex 6.5561902685e-02 2.9652440758e-02 0.0000000000e+00
     vertex 1.0921248673e-01 3.6508293838e-02 0.0000000000e+00
     vertex 6.5561902685e-02 2.7208260775e-02 -1.0892076919e-02
   endloop
 endfacet
 facet normal  -1.5275497563e-01 9.6525808346e-01 -2.1199705124e-01
   outer loop
     vertex 1.0921248673e-01 3.6508293838e-02 0.0000000000e+00
     vertex 1.0921248673e-01 3.3562457979e-02 -1.3412884089e-02
     vertex 6.5561902685e-02 2.7208260775e-02 -1.0892076919e-02
   endloop
 endfacet
 facet normal  -1.5038565019e-01 8.0592665992e-01 -5.7259617101e-01
   outer loop
     vertex 6.5561902685e-02 2.7208260775e-02 -1.0892076919e-02
     vertex 1.0921248673e-01 3.3562457979e-02 -1.3412884089e-02
     vertex 6.5561902685e-02 2.0663590742e-02 -2.0103671979e-02
   endloop
 endfacet
 facet normal  -1.5007373431e-01 8.0534078047e-01 -5.7350161428e-01
   outer loop
     vertex 1.0921248673e-01 3.3562457979e-02 -1.3412884089e-02
     vertex 1.0921248673e-01 2.5610373727e-02 -2.4579614188e-02
     vertex 6.5561902685e-02 2.0663590742e-02 -2.0103671979e-02
   endloop
 endfacet
 facet normal  -1.4675307407e-01 5.5264727958e-01 -8.2039290564e-01
   outer loop
     vertex 6.5561902685e-02 2.0663590742e-02 -2.0103671979e-02
     vertex 1.0921248673e-01 2.5610373727e-02 -2.4579614188e-02
     vertex 6.5561902685e-02 1.1200235527e-02 -2.6478541239e-02
   endloop
 endfacet
 facet normal  -1.4338677206e-01 5.4334387918e-01 -8.2717450551e-01
   outer loop
     vertex 1.0921248673e-01 2.5610373727e-02 -2.4579614188e-02
     vertex 1.0921248673e-01 1.3980176072e-02 -3.2219110652e-02
     vertex 6.5561902685e-02 1.1200235527e-02 -2.6478541239e-02
   endloop
 endfacet
 facet normal  -1.4047585262e-01 2.0595065259e-01 -9.6842700475e-01
   outer loop
     vertex 6.5561902685e-02 1.1200235527e-02 -2.6478541239e-02
     vertex 1.0921248673e-01 1.3980176072e-02 -3.2219110652e-02
     vertex 6.5561902685e-02 -2.4980018054e-18 -2.8860440758e-02
   endloop
 endfacet
 facet normal  -1.3766005121e-01 1.9659522902e-01 -9.7077290147e-01
   outer loop
     vertex 1.0921248673e-01 1.3980176072e-02 -3.2219110652e-02
     vertex 1.0921248673e-01 -1.6653345369e-18 -3.5050293838e-02
     vertex 6.5561902685e-02 -2.4980018054e-18 -2.8860440758e-02
   endloop
 endfacet
 facet normal  -1.3766005121e-01 -1.9659522902e-01 -9.7077290147e-01
   outer loop
     vertex 6.5561902685e-02 -2.4980018054e-18 -2.8860440758e-02
     vertex 1.0921248673e-01 -1.6653345369e-18 -3.5050293838e-02
     vertex 1.0921248673e-01 -1.3980176072e-02 -3.2219110652e-02
   endloop
 endfacet
 facet normal  -1.4047585262e-01 -2.0595065259e-01 -9.6842700475e-01
   outer loop
     vertex 6.5561902685e-02 -2.4980018054e-18 -2.8860440758e-02
     vertex 1.0921248673e-01 -1.3980176072e-02 -3.2219110652e-02
     vertex 6.5561902685e-02 -1.1200235527e-02 -2.6478541239e-02
   endloop
 endfacet
 facet normal  -1.4338677206e-01 -5.4334387918e-01 -8.2717450551e-01
   outer loop
     vertex 6.5561902685e-02 -1.1200235527e-02 -2.6478541239e-02
     vertex 1.0921248673e-01 -1.3980176072e-02 -3.2219110652e-02
     vertex 1.0921248673e-01 -2.5610373727e-02 -2.4579614188e-02
   endloop
 endfacet
 facet normal  -1.4675307407e-01 -5.5264727958e-01 -8.2039290564e-01
   outer loop
     vertex 6.5561902685e-02 -1.1200235527e-02 -2.6478541239e-02
     vertex 1.0921248673e-01 -2.5610373727e-02 -2.4579614188e-02
     vertex 6.5561902685e-02 -2.0663590742e-02 -2.0103671979e-02
   endloop
 endfacet
 facet normal  -1.5007373431e-01 -8.0534078047e-01 -5.7350161428e-01
   outer loop
     vertex 6.5561902685e-02 -2.0663590742e-02 -2.0103671979e-02
     vertex 1.0921248673e-01 -2.5610373727e-02 -2.4579614188e-02
     vertex 1.0921248673e-01 -3.3562457979e-02 -1.3412884089e-02
   endloop
 endfacet
 facet normal  -1.5038565019e-01 -8.0592665992e-01 -5.7259617101e-01
   outer loop
     vertex 6.5561902685e-02 -2.0663590742e-02 -2.0103671979e-02
     vertex 1.0921248673e-01 -3.3562457979e-02 -1.3412884089e-02
     vertex 6.5561902685e-02 -2.7208260775e-02 -1.0892076919e-02
   endloop
 endfacet
 facet normal  -1.5275497563e-01 -9.6525808346e-01 -2.1199705124e-01
   outer loop
     vertex 6.5561902685e-02 -2.7208260775e-02 -1.0892076919e-02
     vertex 1.0921248673e-01 -3.3562457979e-02 -1.3412884089e-02
     vertex 1.0921248673e-01 -3.6508293838e-02 -1.3322676296e-18
   endloop
 endfacet
 facet normal  -1.5148248021e-01 -9.6447497572e-01 -2.1642800051e-01
   outer loop
     vertex 6.5561902685e-02 -2.7208260775e-02 -1.0892076919e-02
     vertex 1.0921248673e-01 -3.6508293838e-02 -1.3322676296e-18
     vertex 6.5561902685e-02 -2.9652440758e-02 -1.9984014443e-18
   endloop
 endfacet
 facet normal  -1.5148248021e-01 -9.6447497572e-01 2.1642800051e-01
   outer loop
     vertex 6.5561902685e-02 -2.9652440758e-02 -1.9984014443e-18
     vertex 1.0921248673e-01 -3.6508293838e-02 -1.3322676296e-18
     vertex 6.5561902685e-02 -2.7208260775e-02 1.0892076919e-02
   endloop
 endfacet
 facet normal  -1.5275497563e-01 -9.6525808346e-01 2.1199705124e-01
   outer loop
     vertex 1.0921248673e-01 -3.6508293838e-02 -1.3322676296e-18
     vertex 1.0921248673e-01 -3.3562457979e-02 1.3412884089e-02
     vertex 6.5561902685e-02 -2.7208260775e-02 1.0892076919e-02
   endloop
 endfacet
 facet normal  -1.5038565019e-01 -8.0592665992e-01 5.7259617101e-01
   outer loop
     vertex 6.5561902685e-02 -2.7208260775e-02 1.0892076919e-02
     vertex 1.0921248673e-01 -3.3562457979e-02 1.3412884089e-02
     vertex 6.5561902685e-02 -2.0663590742e-02 2.0103671979e-02
   endloop
 endfacet
 facet normal  -1.5007373431e-01 -8.0534078047e-01 5.7350161428e-01
   outer loop
     vertex 1.0921248673e-01 -3.3562457979e-02 1.3412884089e-02
     vertex 1.0921248673e-01 -2.5610373727e-02 2.4579614188e-02
     vertex 6.5561902685e-02 -2.0663590742e-02 2.0103671979e-02
   endloop
 endfacet
 facet normal  -1.4675307407e-01 -5.5264727958e-01 8.2039290564e-01
   outer loop
     vertex 6.5561902685e-02 -2.0663590742e-02 2.0103671979e-02
     vertex 1.0921248673e-01 -2.5610373727e-02 2.4579614188e-02
     vertex 6.5561902685e-02 -1.1200235527e-02 2.6478541239e-02
   endloop
 endfacet
 facet normal  -1.4338677206e-01 -5.4334387918e-01 8.2717450551e-01
   outer loop
     vertex 1.0921248673e-01 -2.5610373727e-02 2.4579614188e-02
     vertex 1.0921248673e-01 -1.3980176072e-02 3.2219110652e-02
     vertex 6.5561902685e-02 -1.1200235527e-02 2.6478541239e-02
   endloop
 endfacet
 facet normal  -1.4047585262e-01 -2.0595065259e-01 9.6842700475e-01
   outer loop
     vertex 6.5561902685e-02 -1.1200235527e-02 2.6478541239e-02
     vertex 1.0921248673e-01 -1.3980176072e-02 3.2219110652e-02
     vertex 6.5561902685e-02 -2.8727020762e-18 2.8860440758e-02
   endloop
 endfacet
 facet normal  -1.3766005121e-01 -1.9659522902e-01 9.7077290147e-01
   outer loop
     vertex 1.0921248673e-01 -1.3980176072e-02 3.2219110652e-02
     vertex 1.0921248673e-01 -1.9151347175e-18 3.5050293838e-02
     vertex 6.5561902685e-02 -2.8727020762e-18 2.8860440758e-02
   endloop
 endfacet
 facet normal  -1.3766005121e-01 1.9659522902e-01 9.7077290147e-01
   outer loop
     vertex 6.5561902685e-02 -2.8727020762e-18 2.8860440758e-02
     vertex 1.0921248673e-01 -1.9151347175e-18 3.5050293838e-02
     vertex 1.0921248673e-01 1.3980176072e-02 3.2219110652e-02
   endloop
 endfacet
 facet normal  -1.4047585262e-01 2.0595065259e-01 9.6842700475e-01
   outer loop
     vertex 6.5561902685e-02 -2.8727020762e-18 2.8860440758e-02
     vertex 1.0921248673e-01 1.3980176072e-02 3.2219110652e-02
     vertex 6.5561902685e-02 1.1200235527e-02 2.6478541239e-02
   endloop
 endfacet
 facet normal  -1.4338677206e-01 5.4334387918e-01 8.2717450551e-01
   outer loop
     vertex 6.5561902685e-02 1.1200235527e-02 2.6478541239e-02
     vertex 1.0921248673e-01 1.3980176072e-02 3.2219110652e-02
     vertex 1.0921248673e-01 2.5610373727e-02 2.4579614188e-02
   endloop
 endfacet
 facet normal  -1.4675307407e-01 5.5264727958e-01 8.2039290564e-01
   outer loop
     vertex 6.5561902685e-02 1.1200235527e-02 2.6478541239e-02
     vertex 1.0921248673e-01 2.5610373727e-02 2.4579614188e-02
     vertex 6.5561902685e-02 2.0663590742e-02 2.0103671979e-02
   endloop
 endfacet
 facet normal  -1.5007373431e-01 8.0534078047e-01 5.7350161428e-01
   outer loop
     vertex 6.5561902685e-02 2.0663590742e-02 2.0103671979e-02
     vertex 1.0921248673e-01 2.5610373727e-02 2.4579614188e-02
     vertex 1.0921248673e-01 3.3562457979e-02 1.3412884089e-02
   endloop
 endfacet
 facet normal  -1.5038565019e-01 8.0592665992e-01 5.7259617101e-01
   outer loop
     vertex 6.5561902685e-02 2.0663590742e-02 2.0103671979e-02
     vertex 1.0921248673e-01 3.3562457979e-02 1.3412884089e-02
     vertex 6.5561902685e-02 2.7208260775e-02 1.0892076919e-02
   endloop
 endfacet
 facet normal  -1.5275497563e-01 9.6525808346e-01 2.1199705124e-01
   outer loop
     vertex 6.5561902685e-02 2.7208260775e-02 1.0892076919e-02
     vertex 1.0921248673e-01 3.3562457979e-02 1.3412884089e-02
     vertex 1.0921248673e-01 3.6508293838e-02 0.0000000000e+00
   endloop
 endfacet
 facet normal  -1.5148248021e-01 9.6447497572e-01 2.1642800051e-01
   outer loop
     vertex 6.5561902685e-02 2.7208260775e-02 1.0892076919e-02
     vertex 1.0921248673e-01 3.6508293838e-02 0.0000000000e+00
     vertex 6.5561902685e-02 2.9652440758e-02 0.0000000000e+00
   endloop
 endfacet
 facet normal  -6.8761424435e-02 9.7440901888e-01 -2.1400684671e-01
   outer loop
     vertex 1.0921248673e-01 3.6508293838e-02 0.0000000000e+00
     vertex 1.5457538052e-01 3.9709431279e-02 0.0000000000e+00
     vertex 1.0921248673e-01 3.3562457979e-02 -1.3412884089e-02
   endloop
 endfacet
 facet normal  -6.9938221511e-02 9.7512063881e-01 -2.1035300078e-01
   outer loop
     vertex 1.5457538052e-01 3.9709431279e-02 0.0000000000e+00
     vertex 1.5457538052e-01 3.6561824399e-02 -1.4591170180e-02
     vertex 1.0921248673e-01 3.3562457979e-02 -1.3412884089e-02
   endloop
 endfacet
 facet normal  -6.8762600696e-02 8.1263786053e-01 -5.7869803212e-01
   outer loop
     vertex 1.0921248673e-01 3.3562457979e-02 -1.3412884089e-02
     vertex 1.5457538052e-01 3.6561824399e-02 -1.4591170180e-02
     vertex 1.0921248673e-01 2.5610373727e-02 -2.4579614188e-02
   endloop
 endfacet
 facet normal  -6.8471765613e-02 8.1212316643e-01 -5.7945455375e-01
   outer loop
     vertex 1.5457538052e-01 3.6561824399e-02 -1.4591170180e-02
     vertex 1.5457538052e-01 2.8006693658e-02 -2.6581445899e-02
     vertex 1.0921248673e-01 2.5610373727e-02 -2.4579614188e-02
   endloop
 endfacet
 facet normal  -6.5743330565e-02 5.4782925956e-01 -8.3400294775e-01
   outer loop
     vertex 1.0921248673e-01 2.5610373727e-02 -2.4579614188e-02
     vertex 1.5457538052e-01 2.8006693658e-02 -2.6581445899e-02
     vertex 1.0921248673e-01 1.3980176072e-02 -3.2219110652e-02
   endloop
 endfacet
 facet normal  -6.2595220608e-02 5.3983376463e-01 -8.3944109080e-01
   outer loop
     vertex 1.5457538052e-01 2.8006693658e-02 -2.6581445899e-02
     vertex 1.5457538052e-01 1.5375573908e-02 -3.4704356489e-02
     vertex 1.0921248673e-01 1.3980176072e-02 -3.2219110652e-02
   endloop
 endfacet
 facet normal  -5.9694756883e-02 1.9813093493e-01 -9.7835610522e-01
   outer loop
     vertex 1.0921248673e-01 1.3980176072e-02 -3.2219110652e-02
     vertex 1.5457538052e-01 1.5375573908e-02 -3.4704356489e-02
     vertex 1.0921248673e-01 -1.6653345369e-18 -3.5050293838e-02
   endloop
 endfacet
 facet normal  -5.7102408941e-02 1.9052013518e-01 -9.8002111864e-01
   outer loop
     vertex 1.5457538052e-01 1.5375573908e-02 -3.4704356489e-02
     vertex 1.5457538052e-01 -5.5511151231e-19 -3.7693431279e-02
     vertex 1.0921248673e-01 -1.6653345369e-18 -3.5050293838e-02
   endloop
 endfacet
 facet normal  -5.7102408941e-02 -1.9052013518e-01 -9.8002111864e-01
   outer loop
     vertex 1.0921248673e-01 -1.6653345369e-18 -3.5050293838e-02
     vertex 1.5457538052e-01 -5.5511151231e-19 -3.7693431279e-02
     vertex 1.5457538052e-01 -1.5375573908e-02 -3.4704356489e-02
   endloop
 endfacet
 facet normal  -5.9694756883e-02 -1.9813093493e-01 -9.7835610522e-01
   outer loop
     vertex 1.0921248673e-01 -1.6653345369e-18 -3.5050293838e-02
     vertex 1.5457538052e-01 -1.5375573908e-02 -3.4704356489e-02
     vertex 1.0921248673e-01 -1.3980176072e-02 -3.2219110652e-02
   endloop
 endfacet
 facet normal  -6.2595220608e-02 -5.3983376463e-01 -8.3944109080e-01
   outer loop
     vertex 1.0921248673e-01 -1.3980176072e-02 -3.2219110652e-02
     vertex 1.5457538052e-01 -1.5375573908e-02 -3.4704356489e-02
     vertex 1.5457538052e-01 -2.8006693658e-02 -2.6581445899e-02
   endloop
 endfacet
 facet normal  -6.5743330565e-02 -5.4782925956e-01 -8.3400294775e-01
   outer loop
     vertex 1.0921248673e-01 -1.3980176072e-02 -3.2219110652e-02
     vertex 1.5457538052e-01 -2.8006693658e-02 -2.6581445899e-02
     vertex 1.0921248673e-01 -2.5610373727e-02 -2.4579614188e-02
   endloop
 endfacet
 facet normal  -6.8471765613e-02 -8.1212316643e-01 -5.7945455375e-01
   outer loop
     vertex 1.0921248673e-01 -2.5610373727e-02 -2.4579614188e-02
     vertex 1.5457538052e-01 -2.8006693658e-02 -2.6581445899e-02
     vertex 1.5457538052e-01 -3.6561824399e-02 -1.4591170180e-02
   endloop
 endfacet
 facet normal  -6.8762600696e-02 -8.1263786053e-01 -5.7869803212e-01
   outer loop
     vertex 1.0921248673e-01 -2.5610373727e-02 -2.4579614188e-02
     vertex 1.5457538052e-01 -3.6561824399e-02 -1.4591170180e-02
     vertex 1.0921248673e-01 -3.3562457979e-02 -1.3412884089e-02
   endloop
 endfacet
 facet normal  -6.9938221511e-02 -9.7512063881e-01 -2.1035300078e-01
   outer loop
     vertex 1.0921248673e-01 -3.3562457979e-02 -1.3412884089e-02
     vertex 1.5457538052e-01 -3.6561824399e-02 -1.4591170180e-02
     vertex 1.5457538052e-01 -3.9709431279e-02 -4.4408920985e-19
   endloop
 endfacet
 facet normal  -6.8761424435e-02 -9.7440901888e-01 -2.1400684671e-01
   outer loop
     vertex 1.0921248673e-01 -3.3562457979e-02 -1.3412884089e-02
     vertex 1.5457538052e-01 -3.9709431279e-02 -4.4408920985e-19
     vertex 1.0921248673e-01 -3.6508293838e-02 -1.3322676296e-18
   endloop
 endfacet
 facet normal  -6.8761424435e-02 -9.7440901888e-01 2.1400684671e-01
   outer loop
     vertex 1.0921248673e-01 -3.6508293838e-02 -1.3322676296e-18
     vertex 1.5457538052e-01 -3.9709431279e-02 -4.4408920985e-19
     vertex 1.0921248673e-01 -3.3562457979e-02 1.3412884089e-02
   endloop
 endfacet
 facet normal  -6.9938221511e-02 -9.7512063881e-01 2.1035300078e-01
   outer loop
     vertex 1.5457538052e-01 -3.9709431279e-02 -4.4408920985e-19
     vertex 1.5457538052e-01 -3.6561824399e-02 1.4591170180e-02
     vertex 1.0921248673e-01 -3.3562457979e-02 1.3412884089e-02
   endloop
 endfacet
 facet normal  -6.8762600696e-02 -8.1263786053e-01 5.7869803212e-01
   outer loop
     vertex 1.0921248673e-01 -3.3562457979e-02 1.3412884089e-02
     vertex 1.5457538052e-01 -3.6561824399e-02 1.4591170180e-02
     vertex 1.0921248673e-01 -2.5610373727e-02 2.4579614188e-02
   endloop
 endfacet
 facet normal  -6.8471765613e-02 -8.1212316643e-01 5.7945455375e-01
   outer loop
     vertex 1.5457538052e-01 -3.6561824399e-02 1.4591170180e-02
     vertex 1.5457538052e-01 -2.8006693658e-02 2.6581445899e-02
     vertex 1.0921248673e-01 -2.5610373727e-02 2.4579614188e-02
   endloop
 endfacet
 facet normal  -6.5743330565e-02 -5.4782925956e-01 8.3400294775e-01
   outer loop
     vertex 1.0921248673e-01 -2.5610373727e-02 2.4579614188e-02
     vertex 1.5457538052e-01 -2.8006693658e-02 2.6581445899e-02
     vertex 1.0921248673e-01 -1.3980176072e-02 3.2219110652e-02
   endloop
 endfacet
 facet normal  -6.2595220608e-02 -5.3983376463e-01 8.3944109080e-01
   outer loop
     vertex 1.5457538052e-01 -2.8006693658e-02 2.6581445899e-02
     vertex 1.5457538052e-01 -1.5375573908e-02 3.4704356489e-02
     vertex 1.0921248673e-01 -1.3980176072e-02 3.2219110652e-02
   endloop
 endfacet
 facet normal  -5.9694756883e-02 -1.9813093493e-01 9.7835610522e-01
   outer loop
     vertex 1.0921248673e-01 -1.3980176072e-02 3.2219110652e-02
     vertex 1.5457538052e-01 -1.5375573908e-02 3.4704356489e-02
     vertex 1.0921248673e-01 -1.9151347175e-18 3.5050293838e-02
   endloop
 endfacet
 facet normal  -5.7102408941e-02 -1.9052013518e-01 9.8002111864e-01
   outer loop
     vertex 1.5457538052e-01 -1.5375573908e-02 3.4704356489e-02
     vertex 1.5457538052e-01 -6.3837823916e-19 3.7693431279e-02
     vertex 1.0921248673e-01 -1.9151347175e-18 3.5050293838e-02
   endloop
 endfacet
 facet normal  -5.7102408941e-02 1.9052013518e-01 9.8002111864e-01
   outer loop
     vertex 1.0921248673e-01 -1.9151347175e-18 3.5050293838e-02
     vertex 1.5457538052e-01 -6.3837823916e-19 3.7693431279e-02
     vertex 1.5457538052e-01 1.5375573908e-02 3.4704356489e-02
   endloop
 endfacet
 facet normal  -5.9694756883e-02 1.9813093493e-01 9.7835610522e-01
   outer loop
     vertex 1.0921248673e-01 -1.9151347175e-18 3.5050293838e-02
     vertex 1.5457538052e-01 1.5375573908e-02 3.4704356489e-02
     vertex 1.0921248673e-01 1.3980176072e-02 3.2219110652e-02
   endloop
 endfacet
 facet normal  -6.2595220608e-02 5.3983376463e-01 8.3944109080e-01
   outer loop
     vertex 1.0921248673e-01 1.3980176072e-02 3.2219110652e-02
     vertex 1.5457538052e-01 1.5375573908e-02 3.4704356489e-02
     vertex 1.5457538052e-01 2.8006693658e-02 2.6581445899e-02
   endloop
 endfacet
 facet normal  -6.5743330565e-02 5.4782925956e-01 8.3400294775e-01
   outer loop
     vertex 1.0921248673e-01 1.3980176072e-02 3.2219110652e-02
     vertex 1.5457538052e-01 2.8006693658e-02 2.6581445899e-02
     vertex 1.0921248673e-01 2.5610373727e-02 2.4579614188e-02
   endloop
 endfacet
 facet normal  -6.8471765613e-02 8.1212316643e-01 5.7945455375e-01
   outer loop
     vertex 1.0921248673e-01 2.5610373727e-02 2.4579614188e-02
     vertex 1.5457538052e-01 2.8006693658e-02 2.6581445899e-02
     vertex 1.5457538052e-01 3.6561824399e-02 1.4591170180e-02
   endloop
 endfacet
 facet normal  -6.8762600696e-02 8.1263786053e-01 5.7869803212e-01
   outer loop
     vertex 1.0921248673e-01 2.5610373727e-02 2.4579614188e-02
     vertex 1.5457538052e-01 3.6561824399e-02 1.4591170180e-02
     vertex 1.0921248673e-01 3.3562457979e-02 1.3412884089e-02
   endloop
 endfacet
 facet normal  -6.9938221511e-02 9.7512063881e-01 2.1035300078e-01
   outer loop
     vertex 1.0921248673e-01 3.3562457979e-02 1.3412884089e-02
     vertex 1.5457538052e-01 3.6561824399e-02 1.4591170180e-02
     vertex 1.5457538052e-01 3.9709431279e-02 0.0000000000e+00
   endloop
 endfacet
 facet normal  -6.8761424435e-02 9.7440901888e-01 2.1400684671e-01
   outer loop
     vertex 1.0921248673e-01 3.3562457979e-02 1.3412884089e-02
     vertex 1.5457538052e-01 3.9709431279e-02 0.0000000000e+00
     vertex 1.0921248673e-01 3.6508293838e-02 0.0000000000e+00
   endloop
 endfacet
 facet normal  -1.8000555209e-02 9.7735587403e-01 -2.1083518566e-01
   outer loop
     vertex 1.5457538052e-01 3.9709431279e-02 0.0000000000e+00
     vertex 1.9750000000e-01 4.0500000000e-02 0.0000000000e+00
     vertex 1.5457538052e-01 3.6561824399e-02 -1.4591170180e-02
   endloop
 endfacet
 facet normal  -1.8580439754e-02 9.7769205625e-01 -2.0922000480e-01
   outer loop
     vertex 1.9750000000e-01 4.0500000000e-02 0.0000000000e+00
     vertex 1.9750000000e-01 3.7315203538e-02 -1.4882660024e-02
     vertex 1.5457538052e-01 3.6561824399e-02 -1.4591170180e-02
   endloop
 endfacet
 facet normal  -1.8228429777e-02 8.1389840598e-01 -5.8072119738e-01
   outer loop
     vertex 1.5457538052e-01 3.6561824399e-02 -1.4591170180e-02
     vertex 1.9750000000e-01 3.7315203538e-02 -1.4882660024e-02
     vertex 1.5457538052e-01 2.8006693658e-02 -2.6581445899e-02
   endloop
 endfacet
 facet normal  -1.8085055382e-02 8.1366095686e-01 -5.8105832586e-01
   outer loop
     vertex 1.9750000000e-01 3.7315203538e-02 -1.4882660024e-02
     vertex 1.9750000000e-01 2.8632209434e-02 -2.7041531133e-02
     vertex 1.5457538052e-01 2.8006693658e-02 -2.6581445899e-02
   endloop
 endfacet
 facet normal  -1.6894915090e-02 5.4081725914e-01 -8.4097042401e-01
   outer loop
     vertex 1.5457538052e-01 2.8006693658e-02 -2.6581445899e-02
     vertex 1.9750000000e-01 2.8632209434e-02 -2.7041531133e-02
     vertex 1.5457538052e-01 1.5375573908e-02 -3.4704356489e-02
   endloop
 endfacet
 facet normal  -1.5352874592e-02 5.3718502810e-01 -8.4332469123e-01
   outer loop
     vertex 1.9750000000e-01 2.8632209434e-02 -2.7041531133e-02
     vertex 1.9750000000e-01 1.5758110614e-02 -3.5242136675e-02
     vertex 1.5457538052e-01 1.5375573908e-02 -3.4704356489e-02
   endloop
 endfacet
 facet normal  -1.3997526113e-02 1.9081281415e-01 -9.8152663704e-01
   outer loop
     vertex 1.5457538052e-01 1.5375573908e-02 -3.4704356489e-02
     vertex 1.9750000000e-01 1.5758110614e-02 -3.5242136675e-02
     vertex 1.5457538052e-01 -5.5511151231e-19 -3.7693431279e-02
   endloop
 endfacet
 facet normal  -1.2735214842e-02 1.8747695385e-01 -9.8218644161e-01
   outer loop
     vertex 1.9750000000e-01 1.5758110614e-02 -3.5242136675e-02
     vertex 1.9750000000e-01 0.0000000000e+00 -3.8250000000e-02
     vertex 1.5457538052e-01 -5.5511151231e-19 -3.7693431279e-02
   endloop
 endfacet
 facet normal  -1.2735214842e-02 -1.8747695385e-01 -9.8218644161e-01
   outer loop
     vertex 1.5457538052e-01 -5.5511151231e-19 -3.7693431279e-02
     vertex 1.9750000000e-01 0.0000000000e+00 -3.8250000000e-02
     vertex 1.9750000000e-01 -1.5758110614e-02 -3.5242136675e-02
   endloop
 endfacet
 facet normal  -1.3997526113e-02 -1.9081281415e-01 -9.8152663704e-01
   outer loop
     vertex 1.5457538052e-01 -5.5511151231e-19 -3.7693431279e-02
     vertex 1.9750000000e-01 -1.5758110614e-02 -3.5242136675e-02
     vertex 1.5457538052e-01 -1.5375573908e-02 -3.4704356489e-02
   endloop
 endfacet
 facet normal  -1.5352874592e-02 -5.3718502810e-01 -8.4332469123e-01
   outer loop
     vertex 1.5457538052e-01 -1.5375573908e-02 -3.4704356489e-02
     vertex 1.9750000000e-01 -1.5758110614e-02 -3.5242136675e-02
     vertex 1.9750000000e-01 -2.8632209434e-02 -2.7041531133e-02
   endloop
 endfacet
 facet normal  -1.6894915090e-02 -5.4081725914e-01 -8.4097042401e-01
   outer loop
     vertex 1.5457538052e-01 -1.5375573908e-02 -3.4704356489e-02
     vertex 1.9750000000e-01 -2.8632209434e-02 -2.7041531133e-02
     vertex 1.5457538052e-01 -2.8006693658e-02 -2.6581445899e-02
   endloop
 endfacet
 facet normal  -1.8085055382e-02 -8.1366095686e-01 -5.8105832586e-01
   outer loop
     vertex 1.5457538052e-01 -2.8006693658e-02 -2.6581445899e-02
     vertex 1.9750000000e-01 -2.8632209434e-02 -2.7041531133e-02
     vertex 1.9750000000e-01 -3.7315203538e-02 -1.4882660024e-02
   endloop
 endfacet
 facet normal  -1.8228429777e-02 -8.1389840598e-01 -5.8072119738e-01
   outer loop
     vertex 1.5457538052e-01 -2.8006693658e-02 -2.6581445899e-02
     vertex 1.9750000000e-01 -3.7315203538e-02 -1.4882660024e-02
     vertex 1.5457538052e-01 -3.6561824399e-02 -1.4591170180e-02
   endloop
 endfacet
 facet normal  -1.8580439754e-02 -9.7769205625e-01 -2.0922000480e-01
   outer loop
     vertex 1.5457538052e-01 -3.6561824399e-02 -1.4591170180e-02
     vertex 1.9750000000e-01 -3.7315203538e-02 -1.4882660024e-02
     vertex 1.9750000000e-01 -4.0500000000e-02 0.0000000000e+00
   endloop
 endfacet
 facet normal  -1.8000555209e-02 -9.7735587403e-01 -2.1083518566e-01
   outer loop
     vertex 1.5457538052e-01 -3.6561824399e-02 -1.4591170180e-02
     vertex 1.9750000000e-01 -4.0500000000e-02 0.0000000000e+00
     vertex 1.5457538052e-01 -3.9709431279e-02 -4.4408920985e-19
   endloop
 endfacet
 facet normal  -1.8000555209e-02 -9.7735587403e-01 2.1083518566e-01
   outer loop
     vertex 1.5457538052e-01 -3.9709431279e-02 -4.4408920985e-19
     vertex 1.9750000000e-01 -4.0500000000e-02 0.0000000000e+00
     vertex 1.5457538052e-01 -3.6561824399e-02 1.4591170180e-02
   endloop
 endfacet
 facet normal  -1.8580439754e-02 -9.7769205625e-01 2.0922000480e-01
   outer loop
     vertex 1.9750000000e-01 -4.0500000000e-02 0.0000000000e+00
     vertex 1.9750000000e-01 -3.7315203538e-02 1.4882660024e-02
     vertex 1.5457538052e-01 -3.6561824399e-02 1.4591170180e-02
   endloop
 endfacet
 facet normal  -1.8228429777e-02 -8.1389840598e-01 5.8072119738e-01
   outer loop
     vertex 1.5457538052e-01 -3.6561824399e-02 1.4591170180e-02
     vertex 1.9750000000e-01 -3.7315203538e-02 1.4882660024e-02
     vertex 1.5457538052e-01 -2.8006693658e-02 2.6581445899e-02
   endloop
 endfacet
 facet normal  -1.8085055382e-02 -8.1366095686e-01 5.8105832586e-01
   outer loop
     vertex 1.9750000000e-01 -3.7315203538e-02 1.4882660024e-02
     vertex 1.9750000000e-01 -2.8632209434e-02 2.7041531133e-02
     vertex 1.5457538052e-01 -2.8006693658e-02 2.6581445899e-02
   endloop
 endfacet
 facet normal  -1.6894915090e-02 -5.4081725914e-01 8.4097042401e-01
   outer loop
     vertex 1.5457538052e-01 -2.8006693658e-02 2.6581445899e-02
     vertex 1.9750000000e-01 -2.8632209434e-02 2.7041531133e-02
     vertex 1.5457538052e-01 -1.5375573908e-02 3.4704356489e-02
   endloop
 endfacet
 facet normal  -1.5352874592e-02 -5.3718502810e-01 8.4332469123e-01
   outer loop
     vertex 1.9750000000e-01 -2.8632209434e-02 2.7041531133e-02
     vertex 1.9750000000e-01 -1.5758110614e-02 3.5242136675e-02
     vertex 1.5457538052e-01 -1.5375573908e-02 3.4704356489e-02
   endloop
 endfacet
 facet normal  -1.3997526113e-02 -1.9081281415e-01 9.8152663704e-01
   outer loop
     vertex 1.5457538052e-01 -1.5375573908e-02 3.4704356489e-02
     vertex 1.9750000000e-01 -1.5758110614e-02 3.5242136675e-02
     vertex 1.5457538052e-01 -6.3837823916e-19 3.7693431279e-02
   endloop
 endfacet
 facet normal  -1.2735214842e-02 -1.8747695385e-01 9.8218644161e-01
   outer loop
     vertex 1.9750000000e-01 -1.5758110614e-02 3.5242136675e-02
     vertex 1.9750000000e-01 0.0000000000e+00 3.8250000000e-02
     vertex 1.5457538052e-01 -6.3837823916e-19 3.7693431279e-02
   endloop
 endfacet
 facet normal  -1.2735214842e-02 1.8747695385e-01 9.8218644161e-01
   outer loop
     vertex 1.5457538052e-01 -6.3837823916e-19 3.7693431279e-02
     vertex 1.9750000000e-01 0.0000000000e+00 3.8250000000e-02
     vertex 1.9750000000e-01 1.5758110614e-02 3.5242136675e-02
   endloop
 endfacet
 facet normal  -1.3997526113e-02 1.9081281415e-01 9.8152663704e-01
   outer loop
     vertex 1.5457538052e-01 -6.3837823916e-19 3.7693431279e-02
     vertex 1.9750000000e-01 1.5758110614e-02 3.5242136675e-02
     vertex 1.5457538052e-01 1.5375573908e-02 3.4704356489e-02
   endloop
 endfacet
 facet normal  -1.5352874592e-02 5.3718502810e-01 8.4332469123e-01
   outer loop
     vertex 1.5457538052e-01 1.5375573908e-02 3.4704356489e-02
     vertex 1.9750000000e-01 1.5758110614e-02 3.5242136675e-02
     vertex 1.9750000000e-01 2.8632209434e-02 2.7041531133e-02
   endloop
 endfacet
 facet normal  -1.6894915090e-02 5.4081725914e-01 8.4097042401e-01
   outer loop
     vertex 1.5457538052e-01 1.5375573908e-02 3.4704356489e-02
     vertex 1.9750000000e-01 2.8632209434e-02 2.7041531133e-02
     vertex 1.5457538052e-01 2.8006693658e-02 2.6581445899e-02
   endloop
 endfacet
 facet normal  -1.8085055382e-02 8.1366095686e-01 5.8105832586e-01
   outer loop
     vertex 1.5457538052e-01 2.8006693658e-02 2.6581445899e-02
     vertex 1.9750000000e-01 2.8632209434e-02 2.7041531133e-02
     vertex 1.9750000000e-01 3.7315203538e-02 1.4882660024e-02
   endloop
 endfacet
 facet normal  -1.8228429777e-02 8.1389840598e-01 5.8072119738e-01
   outer loop
     vertex 1.5457538052e-01 2.8006693658e-02 2.6581445899e-02
     vertex 1.9750000000e-01 3.7315203538e-02 1.4882660024e-02
     vertex 1.5457538052e-01 3.6561824399e-02 1.4591170180e-02
   endloop
 endfacet
 facet normal  -1.8580439754e-02 9.7769205625e-01 2.0922000480e-01
   outer loop
     vertex 1.5457538052e-01 3.6561824399e-02 1.4591170180e-02
     vertex 1.9750000000e-01 3.7315203538e-02 1.4882660024e-02
     vertex 1.9750000000e-01 4.0500000000e-02 0.0000000000e+00
   endloop
 endfacet
 facet normal  -1.8000555209e-02 9.7735587403e-01 2.1083518566e-01
   outer loop
     vertex 1.5457538052e-01 3.6561824399e-02 1.4591170180e-02
     vertex 1.9750000000e-01 4.0500000000e-02 0.0000000000e+00
     vertex 1.5457538052e-01 3.9709431279e-02 0.0000000000e+00
   endloop
 endfacet
 facet normal  -1.2480587118e-01 9.7021514780e-01 -2.0761999301e-01
   outer loop
     vertex 1.9750000000e-01 4.0500000000e-02 0.0000000000e+00
     vertex 2.3751949214e-01 4.5648000000e-02 0.0000000000e+00
     vertex 1.9750000000e-01 3.7315203538e-02 -1.4882660024e-02
   endloop
 endfacet
 facet normal  -1.2480587118e-01 9.7021514780e-01 -2.0761999301e-01
   outer loop
     vertex 2.3751949214e-01 4.5648000000e-02 0.0000000000e+00
     vertex 2.3751949214e-01 4.2058380521e-02 -1.6774411476e-02
     vertex 1.9750000000e-01 3.7315203538e-02 -1.4882660024e-02
   endloop
 endfacet
 facet normal  -1.2298305141e-01 8.0761635437e-01 -5.7674170408e-01
   outer loop
     vertex 1.9750000000e-01 3.7315203538e-02 -1.4882660024e-02
     vertex 2.3751949214e-01 4.2058380521e-02 -1.6774411476e-02
     vertex 1.9750000000e-01 2.8632209434e-02 -2.7041531133e-02
   endloop
 endfacet
 facet normal  -1.2298305141e-01 8.0761635437e-01 -5.7674170408e-01
   outer loop
     vertex 2.3751949214e-01 4.2058380521e-02 -1.6774411476e-02
     vertex 2.3751949214e-01 3.2271681389e-02 -3.0478810201e-02
     vertex 1.9750000000e-01 2.8632209434e-02 -2.7041531133e-02
   endloop
 endfacet
 facet normal  -1.2041782982e-01 5.3333895326e-01 -8.3728675327e-01
   outer loop
     vertex 1.9750000000e-01 2.8632209434e-02 -2.7041531133e-02
     vertex 2.3751949214e-01 3.2271681389e-02 -3.0478810201e-02
     vertex 1.9750000000e-01 1.5758110614e-02 -3.5242136675e-02
   endloop
 endfacet
 facet normal  -1.2041782982e-01 5.3333895326e-01 -8.3728675327e-01
   outer loop
     vertex 2.3751949214e-01 3.2271681389e-02 -3.0478810201e-02
     vertex 2.3751949214e-01 1.7761141563e-02 -3.9721803825e-02
     vertex 1.9750000000e-01 1.5758110614e-02 -3.5242136675e-02
   endloop
 endfacet
 facet normal  -1.1849551797e-01 1.8617119908e-01 -9.7534562943e-01
   outer loop
     vertex 1.9750000000e-01 1.5758110614e-02 -3.5242136675e-02
     vertex 2.3751949214e-01 1.7761141563e-02 -3.9721803825e-02
     vertex 1.9750000000e-01 0.0000000000e+00 -3.8250000000e-02
   endloop
 endfacet
 facet normal  -1.1849551797e-01 1.8617119908e-01 -9.7534562943e-01
   outer loop
     vertex 2.3751949214e-01 1.7761141563e-02 -3.9721803825e-02
     vertex 2.3751949214e-01 0.0000000000e+00 -4.3112000000e-02
     vertex 1.9750000000e-01 0.0000000000e+00 -3.8250000000e-02
   endloop
 endfacet
 facet normal  -1.1849551797e-01 -1.8617119908e-01 -9.7534562943e-01
   outer loop
     vertex 1.9750000000e-01 0.0000000000e+00 -3.8250000000e-02
     vertex 2.3751949214e-01 0.0000000000e+00 -4.3112000000e-02
     vertex 2.3751949214e-01 -1.7761141563e-02 -3.9721803825e-02
   endloop
 endfacet
 facet normal  -1.1849551797e-01 -1.8617119908e-01 -9.7534562943e-01
   outer loop
     vertex 1.9750000000e-01 0.0000000000e+00 -3.8250000000e-02
     vertex 2.3751949214e-01 -1.7761141563e-02 -3.9721803825e-02
     vertex 1.9750000000e-01 -1.5758110614e-02 -3.5242136675e-02
   endloop
 endfacet
 facet normal  -1.2041782982e-01 -5.3333895326e-01 -8.3728675327e-01
   outer loop
     vertex 1.9750000000e-01 -1.5758110614e-02 -3.5242136675e-02
     vertex 2.3751949214e-01 -1.7761141563e-02 -3.9721803825e-02
     vertex 2.3751949214e-01 -3.2271681389e-02 -3.0478810201e-02
   endloop
 endfacet
 facet normal  -1.2041782982e-01 -5.3333895326e-01 -8.3728675327e-01
   outer loop
     vertex 1.9750000000e-01 -1.5758110614e-02 -3.5242136675e-02
     vertex 2.3751949214e-01 -3.2271681389e-02 -3.0478810201e-02
     vertex 1.9750000000e-01 -2.8632209434e-02 -2.7041531133e-02
   endloop
 endfacet
 facet normal  -1.2298305141e-01 -8.0761635437e-01 -5.7674170408e-01
   outer loop
     vertex 1.9750000000e-01 -2.8632209434e-02 -2.7041531133e-02
     vertex 2.3751949214e-01 -3.2271681389e-02 -3.0478810201e-02
     vertex 2.3751949214e-01 -4.2058380521e-02 -1.6774411476e-02
   endloop
 endfacet
 facet normal  -1.2298305141e-01 -8.0761635437e-01 -5.7674170408e-01
   outer loop
     vertex 1.9750000000e-01 -2.8632209434e-02 -2.7041531133e-02
     vertex 2.3751949214e-01 -4.2058380521e-02 -1.6774411476e-02
     vertex 1.9750000000e-01 -3.7315203538e-02 -1.4882660024e-02
   endloop
 endfacet
 facet normal  -1.2480587118e-01 -9.7021514780e-01 -2.0761999301e-01
   outer loop
     vertex 1.9750000000e-01 -3.7315203538e-02 -1.4882660024e-02
     vertex 2.3751949214e-01 -4.2058380521e-02 -1.6774411476e-02
     vertex 2.3751949214e-01 -4.5648000000e-02 0.0000000000e+00
   endloop
 endfacet
 facet normal  -1.2480587118e-01 -9.7021514780e-01 -2.0761999301e-01
   outer loop
     vertex 1.9750000000e-01 -3.7315203538e-02 -1.4882660024e-02
     vertex 2.3751949214e-01 -4.5648000000e-02 0.0000000000e+00
     vertex 1.9750000000e-01 -4.0500000000e-02 0.0000000000e+00
   endloop
 endfacet
 facet normal  -1.2480587118e-01 -9.7021514780e-01 2.0761999301e-01
   outer loop
     vertex 1.9750000000e-01 -4.0500000000e-02 0.0000000000e+00
     vertex 2.3751949214e-01 -4.5648000000e-02 0.0000000000e+00
     vertex 1.9750000000e-01 -3.7315203538e-02 1.4882660024e-02
   endloop
 endfacet
 facet normal  -1.2480587118e-01 -9.7021514780e-01 2.0761999301e-01
   outer loop
     vertex 2.3751949214e-01 -4.5648000000e-02 0.0000000000e+00
     vertex 2.3751949214e-01 -4.2058380521e-02 1.6774411476e-02
     vertex 1.9750000000e-01 -3.7315203538e-02 1.4882660024e-02
   endloop
 endfacet
 facet normal  -1.2298305141e-01 -8.0761635437e-01 5.7674170408e-01
   outer loop
     vertex 1.9750000000e-01 -3.7315203538e-02 1.4882660024e-02
     vertex 2.3751949214e-01 -4.2058380521e-02 1.6774411476e-02
     vertex 1.9750000000e-01 -2.8632209434e-02 2.7041531133e-02
   endloop
 endfacet
 facet normal  -1.2298305141e-01 -8.0761635437e-01 5.7674170408e-01
   outer loop
     vertex 2.3751949214e-01 -4.2058380521e-02 1.6774411476e-02
     vertex 2.3751949214e-01 -3.2271681389e-02 3.0478810201e-02
     vertex 1.9750000000e-01 -2.8632209434e-02 2.7041531133e-02
   endloop
 endfacet
 facet normal  -1.2041782982e-01 -5.3333895326e-01 8.3728675327e-01
   outer loop
     vertex 1.9750000000e-01 -2.8632209434e-02 2.7041531133e-02
     vertex 2.3751949214e-01 -3.2271681389e-02 3.0478810201e-02
     vertex 1.9750000000e-01 -1.5758110614e-02 3.5242136675e-02
   endloop
 endfacet
 facet normal  -1.2041782982e-01 -5.3333895326e-01 8.3728675327e-01
   outer loop
     vertex 2.3751949214e-01 -3.2271681389e-02 3.0478810201e-02
     vertex 2.3751949214e-01 -1.7761141563e-02 3.9721803825e-02
     vertex 1.9750000000e-01 -1.5758110614e-02 3.5242136675e-02
   endloop
 endfacet
 facet normal  -1.1849551797e-01 -1.8617119908e-01 9.7534562943e-01
   outer loop
     vertex 1.9750000000e-01 -1.5758110614e-02 3.5242136675e-02
     vertex 2.3751949214e-01 -1.7761141563e-02 3.9721803825e-02
     vertex 1.9750000000e-01 0.0000000000e+00 3.8250000000e-02
   endloop
 endfacet
 facet normal  -1.1849551797e-01 -1.8617119908e-01 9.7534562943e-01
   outer loop
     vertex 2.3751949214e-01 -1.7761141563e-02 3.9721803825e-02
     vertex 2.3751949214e-01 0.0000000000e+00 4.3112000000e-02
     vertex 1.9750000000e-01 0.0000000000e+00 3.8250000000e-02
   endloop
 endfacet
 facet normal  -1.1849551797e-01 1.8617119908e-01 9.7534562943e-01
   outer loop
     vertex 1.9750000000e-01 0.0000000000e+00 3.8250000000e-02
     vertex 2.3751949214e-01 0.0000000000e+00 4.3112000000e-02
     vertex 2.3751949214e-01 1.7761141563e-02 3.9721803825e-02
   endloop
 endfacet
 facet normal  -1.1849551797e-01 1.8617119908e-01 9.7534562943e-01
   outer loop
     vertex 1.9750000000e-01 0.0000000000e+00 3.8250000000e-02
     vertex 2.3751949214e-01 1.7761141563e-02 3.9721803825e-02
     vertex 1.9750000000e-01 1.5758110614e-02 3.5242136675e-02
   endloop
 endfacet
 facet normal  -1.2041782982e-01 5.3333895326e-01 8.3728675327e-01
   outer loop
     vertex 1.9750000000e-01 1.5758110614e-02 3.5242136675e-02
     vertex 2.3751949214e-01 1.7761141563e-02 3.9721803825e-02
     vertex 2.3751949214e-01 3.2271681389e-02 3.0478810201e-02
   endloop
 endfacet
 facet normal  -1.2041782982e-01 5.3333895326e-01 8.3728675327e-01
   outer loop
     vertex 1.9750000000e-01 1.5758110614e-02 3.5242136675e-02
     vertex 2.3751949214e-01 3.2271681389e-02 3.0478810201e-02
     vertex 1.9750000000e-01 2.8632209434e-02 2.7041531133e-02
   endloop
 endfacet
 facet normal  -1.2298305141e-01 8.0761635437e-01 5.7674170408e-01
   outer loop
     vertex 1.9750000000e-01 2.8632209434e-02 2.7041531133e-02
     vertex 2.3751949214e-01 3.2271681389e-02 3.0478810201e-02
     vertex 2.3751949214e-01 4.2058380521e-02 1.6774411476e-02
   endloop
 endfacet
 facet normal  -1.2298305141e-01 8.0761635437e-01 5.7674170408e-01
   outer loop
     vertex 1.9750000000e-01 2.8632209434e-02 2.7041531133e-02
     vertex 2.3751949214e-01 4.2058380521e-02 1.6774411476e-02
     vertex 1.9750000000e-01 3.7315203538e-02 1.4882660024e-02
   endloop
 endfacet
 facet normal  -1.2480587118e-01 9.7021514780e-01 2.0761999301e-01
   outer loop
     vertex 1.9750000000e-01 3.7315203538e-02 1.4882660024e-02
     vertex 2.3751949214e-01 4.2058380521e-02 1.6774411476e-02
     vertex 2.3751949214e-01 4.5648000000e-02 0.0000000000e+00
   endloop
 endfacet
 facet normal  -1.2480587118e-01 9.7021514780e-01 2.0761999301e-01
   outer loop
     vertex 1.9750000000e-01 3.7315203538e-02 1.4882660024e-02
     vertex 2.3751949214e-01 4.5648000000e-02 0.0000000000e+00
     vertex 1.9750000000e-01 4.0500000000e-02 0.0000000000e+00
   endloop
 endfacet
 facet normal  -2.9041888788e-01 9.3571468398e-01 -2.0023710884e-01
   outer loop
     vertex 2.3751949214e-01 4.5648000000e-02 0.0000000000e+00
     vertex 2.7707213124e-01 5.7924000000e-02 0.0000000000e+00
     vertex 2.3751949214e-01 4.2058380521e-02 -1.6774411476e-02
   endloop
 endfacet
 facet normal  -2.9041888788e-01 9.3571468398e-01 -2.0023710884e-01
   outer loop
     vertex 2.7707213124e-01 5.7924000000e-02 0.0000000000e+00
     vertex 2.7707213124e-01 5.3369033327e-02 -2.1285511092e-02
     vertex 2.3751949214e-01 4.2058380521e-02 -1.6774411476e-02
   endloop
 endfacet
 facet normal  -2.8646752996e-01 7.7968790271e-01 -5.5679720604e-01
   outer loop
     vertex 2.3751949214e-01 4.2058380521e-02 -1.6774411476e-02
     vertex 2.7707213124e-01 5.3369033327e-02 -2.1285511092e-02
     vertex 2.3751949214e-01 3.2271681389e-02 -3.0478810201e-02
   endloop
 endfacet
 facet normal  -2.8646752996e-01 7.7968790271e-01 -5.5679720604e-01
   outer loop
     vertex 2.7707213124e-01 5.3369033327e-02 -2.1285511092e-02
     vertex 2.7707213124e-01 4.0950422205e-02 -3.8675398749e-02
     vertex 2.3751949214e-01 3.2271681389e-02 -3.0478810201e-02
   endloop
 endfacet
 facet normal  -2.8088662406e-01 5.1561924500e-01 -8.0946865202e-01
   outer loop
     vertex 2.3751949214e-01 3.2271681389e-02 -3.0478810201e-02
     vertex 2.7707213124e-01 4.0950422205e-02 -3.8675398749e-02
     vertex 2.3751949214e-01 1.7761141563e-02 -3.9721803825e-02
   endloop
 endfacet
 facet normal  -2.8088662406e-01 5.1561924500e-01 -8.0946865202e-01
   outer loop
     vertex 2.7707213124e-01 4.0950422205e-02 -3.8675398749e-02
     vertex 2.7707213124e-01 2.2537599980e-02 -5.0404087031e-02
     vertex 2.3751949214e-01 1.7761141563e-02 -3.9721803825e-02
   endloop
 endfacet
 facet normal  -2.7668910862e-01 1.8017236883e-01 -9.4391792794e-01
   outer loop
     vertex 2.3751949214e-01 1.7761141563e-02 -3.9721803825e-02
     vertex 2.7707213124e-01 2.2537599980e-02 -5.0404087031e-02
     vertex 2.3751949214e-01 0.0000000000e+00 -4.3112000000e-02
   endloop
 endfacet
 facet normal  -2.7668910862e-01 1.8017236883e-01 -9.4391792794e-01
   outer loop
     vertex 2.7707213124e-01 2.2537599980e-02 -5.0404087031e-02
     vertex 2.7707213124e-01 0.0000000000e+00 -5.4706000000e-02
     vertex 2.3751949214e-01 0.0000000000e+00 -4.3112000000e-02
   endloop
 endfacet
 facet normal  -2.7668910862e-01 -1.8017236883e-01 -9.4391792794e-01
   outer loop
     vertex 2.3751949214e-01 0.0000000000e+00 -4.3112000000e-02
     vertex 2.7707213124e-01 0.0000000000e+00 -5.4706000000e-02
     vertex 2.7707213124e-01 -2.2537599980e-02 -5.0404087031e-02
   endloop
 endfacet
 facet normal  -2.7668910862e-01 -1.8017236883e-01 -9.4391792794e-01
   outer loop
     vertex 2.3751949214e-01 0.0000000000e+00 -4.3112000000e-02
     vertex 2.7707213124e-01 -2.2537599980e-02 -5.0404087031e-02
     vertex 2.3751949214e-01 -1.7761141563e-02 -3.9721803825e-02
   endloop
 endfacet
 facet normal  -2.8088662406e-01 -5.1561924500e-01 -8.0946865202e-01
   outer loop
     vertex 2.3751949214e-01 -1.7761141563e-02 -3.9721803825e-02
     vertex 2.7707213124e-01 -2.2537599980e-02 -5.0404087031e-02
     vertex 2.7707213124e-01 -4.0950422205e-02 -3.8675398749e-02
   endloop
 endfacet
 facet normal  -2.8088662406e-01 -5.1561924500e-01 -8.0946865202e-01
   outer loop
     vertex 2.3751949214e-01 -1.7761141563e-02 -3.9721803825e-02
     vertex 2.7707213124e-01 -4.0950422205e-02 -3.8675398749e-02
     vertex 2.3751949214e-01 -3.2271681389e-02 -3.0478810201e-02
   endloop
 endfacet
 facet normal  -2.8646752996e-01 -7.7968790271e-01 -5.5679720604e-01
   outer loop
     vertex 2.3751949214e-01 -3.2271681389e-02 -3.0478810201e-02
     vertex 2.7707213124e-01 -4.0950422205e-02 -3.8675398749e-02
     vertex 2.7707213124e-01 -5.3369033327e-02 -2.1285511092e-02
   endloop
 endfacet
 facet normal  -2.8646752996e-01 -7.7968790271e-01 -5.5679720604e-01
   outer loop
     vertex 2.3751949214e-01 -3.2271681389e-02 -3.0478810201e-02
     vertex 2.7707213124e-01 -5.3369033327e-02 -2.1285511092e-02
     vertex 2.3751949214e-01 -4.2058380521e-02 -1.6774411476e-02
   endloop
 endfacet
 facet normal  -2.9041888788e-01 -9.3571468398e-01 -2.0023710884e-01
   outer loop
     vertex 2.3751949214e-01 -4.2058380521e-02 -1.6774411476e-02
     vertex 2.7707213124e-01 -5.3369033327e-02 -2.1285511092e-02
     vertex 2.7707213124e-01 -5.7924000000e-02 0.0000000000e+00
   endloop
 endfacet
 facet normal  -2.9041888788e-01 -9.3571468398e-01 -2.0023710884e-01
   outer loop
     vertex 2.3751949214e-01 -4.2058380521e-02 -1.6774411476e-02
     vertex 2.7707213124e-01 -5.7924000000e-02 0.0000000000e+00
     vertex 2.3751949214e-01 -4.5648000000e-02 0.0000000000e+00
   endloop
 endfacet
 facet normal  -2.9041888788e-01 -9.3571468398e-01 2.0023710884e-01
   outer loop
     vertex 2.3751949214e-01 -4.5648000000e-02 0.0000000000e+00
     vertex 2.7707213124e-01 -5.7924000000e-02 0.0000000000e+00
     vertex 2.3751949214e-01 -4.2058380521e-02 1.6774411476e-02
   endloop
 endfacet
 facet normal  -2.9041888788e-01 -9.3571468398e-01 2.0023710884e-01
   outer loop
     vertex 2.7707213124e-01 -5.7924000000e-02 0.0000000000e+00
     vertex 2.7707213124e-01 -5.3369033327e-02 2.1285511092e-02
     vertex 2.3751949214e-01 -4.2058380521e-02 1.6774411476e-02
   endloop
 endfacet
 facet normal  -2.8646752996e-01 -7.7968790271e-01 5.5679720604e-01
   outer loop
     vertex 2.3751949214e-01 -4.2058380521e-02 1.6774411476e-02
     vertex 2.7707213124e-01 -5.3369033327e-02 2.1285511092e-02
     vertex 2.3751949214e-01 -3.2271681389e-02 3.0478810201e-02
   endloop
 endfacet
 facet normal  -2.8646752996e-01 -7.7968790271e-01 5.5679720604e-01
   outer loop
     vertex 2.7707213124e-01 -5.3369033327e-02 2.1285511092e-02
     vertex 2.7707213124e-01 -4.0950422205e-02 3.8675398749e-02
     vertex 2.3751949214e-01 -3.2271681389e-02 3.0478810201e-02
   endloop
 endfacet
 facet normal  -2.8088662406e-01 -5.1561924500e-01 8.0946865202e-01
   outer loop
     vertex 2.3751949214e-01 -3.2271681389e-02 3.0478810201e-02
     vertex 2.7707213124e-01 -4.0950422205e-02 3.8675398749e-02
     vertex 2.3751949214e-01 -1.7761141563e-02 3.9721803825e-02
   endloop
 endfacet
 facet normal  -2.8088662406e-01 -5.1561924500e-01 8.0946865202e-01
   outer loop
     vertex 2.7707213124e-01 -4.0950422205e-02 3.8675398749e-02
     vertex 2.7707213124e-01 -2.2537599980e-02 5.0404087031e-02
     vertex 2.3751949214e-01 -1.7761141563e-02 3.9721803825e-02
   endloop
 endfacet
 facet normal  -2.7668910862e-01 -1.8017236883e-01 9.4391792794e-01
   outer loop
     vertex 2.3751949214e-01 -1.7761141563e-02 3.9721803825e-02
     vertex 2.7707213124e-01 -2.2537599980e-02 5.0404087031e-02
     vertex 2.3751949214e-01 0.0000000000e+00 4.3112000000e-02
   endloop
 endfacet
 facet normal  -2.7668910862e-01 -1.8017236883e-01 9.4391792794e-01
   outer loop
     vertex 2.7707213124e-01 -2.2537599980e-02 5.0404087031e-02
     vertex 2.7707213124e-01 0.0000000000e+00 5.4706000000e-02
     vertex 2.3751949214e-01 0.0000000000e+00 4.3112000000e-02
   endloop
 endfacet
 facet normal  -2.7668910862e-01 1.8017236883e-01 9.4391792794e-01
   outer loop
     vertex 2.3751949214e-01 0.0000000000e+00 4.3112000000e-02
     vertex 2.7707213124e-01 0.0000000000e+00 5.4706000000e-02
     vertex 2.7707213124e-01 2.2537599980e-02 5.0404087031e-02
   endloop
 endfacet
 facet normal  -2.7668910862e-01 1.8017236883e-01 9.4391792794e-01
   outer loop
     vertex 2.3751949214e-01 0.0000000000e+00 4.3112000000e-02
     vertex 2.7707213124e-01 2.2537599980e-02 5.0404087031e-02
     vertex 2.3751949214e-01 1.7761141563e-02 3.9721803825e-02
   endloop
 endfacet
 facet normal  -2.8088662406e-01 5.1561924500e-01 8.0946865202e-01
   outer loop
     vertex 2.3751949214e-01 1.7761141563e-02 3.9721803825e-02
     vertex 2.7707213124e-01 2.2537599980e-02 5.0404087031e-02
     vertex 2.7707213124e-01 4.0950422205e-02 3.8675398749e-02
   endloop
 endfacet
 facet normal  -2.8088662406e-01 5.1561924500e-01 8.0946865202e-01
   outer loop
     vertex 2.3751949214e-01 1.7761141563e-02 3.9721803825e-02
     vertex 2.7707213124e-01 4.0950422205e-02 3.8675398749e-02
     vertex 2.3751949214e-01 3.2271681389e-02 3.0478810201e-02
   endloop
 endfacet
 facet normal  -2.8646752996e-01 7.7968790271e-01 5.5679720604e-01
   outer loop
     vertex 2.3751949214e-01 3.2271681389e-02 3.0478810201e-02
     vertex 2.7707213124e-01 4.0950422205e-02 3.8675398749e-02
     vertex 2.7707213124e-01 5.3369033327e-02 2.1285511092e-02
   endloop
 endfacet
 facet normal  -2.8646752996e-01 7.7968790271e-01 5.5679720604e-01
   outer loop
     vertex 2.3751949214e-01 3.2271681389e-02 3.0478810201e-02
     vertex 2.7707213124e-01 5.3369033327e-02 2.1285511092e-02
     vertex 2.3751949214e-01 4.2058380521e-02 1.6774411476e-02
   endloop
 endfacet
 facet normal  -2.9041888788e-01 9.3571468398e-01 2.0023710884e-01
   outer loop
     vertex 2.3751949214e-01 4.2058380521e-02 1.6774411476e-02
     vertex 2.7707213124e-01 5.3369033327e-02 2.1285511092e-02
     vertex 2.7707213124e-01 5.7924000000e-02 0.0000000000e+00
   endloop
 endfacet
 facet normal  -2.9041888788e-01 9.3571468398e-01 2.0023710884e-01
   outer loop
     vertex 2.3751949214e-01 4.2058380521e-02 1.6774411476e-02
     vertex 2.7707213124e-01 5.7924000000e-02 0.0000000000e+00
     vertex 2.3751949214e-01 4.5648000000e-02 0.0000000000e+00
   endloop
 endfacet
 facet normal  -3.4257269477e-01 9.1869179980e-01 -1.9659431775e-01
   outer loop
     vertex 2.7707213124e-01 5.7924000000e-02 0.0000000000e+00
     vertex 3.1636502427e-01 7.2576000000e-02 0.0000000000e+00
     vertex 2.7707213124e-01 5.3369033327e-02 -2.1285511092e-02
   endloop
 endfacet
 facet normal  -3.4257269477e-01 9.1869179980e-01 -1.9659431775e-01
   outer loop
     vertex 3.1636502427e-01 7.2576000000e-02 0.0000000000e+00
     vertex 3.1636502427e-01 6.6868844740e-02 -2.6669726763e-02
     vertex 2.7707213124e-01 5.3369033327e-02 -2.1285511092e-02
   endloop
 endfacet
 facet normal  -3.3807649813e-01 7.6587674506e-01 -5.4693426734e-01
   outer loop
     vertex 2.7707213124e-01 5.3369033327e-02 -2.1285511092e-02
     vertex 3.1636502427e-01 6.6868844740e-02 -2.6669726763e-02
     vertex 2.7707213124e-01 4.0950422205e-02 -3.8675398749e-02
   endloop
 endfacet
 facet normal  -3.3807649813e-01 7.6587674506e-01 -5.4693426734e-01
   outer loop
     vertex 3.1636502427e-01 6.6868844740e-02 -2.6669726763e-02
     vertex 3.1636502427e-01 5.1308919307e-02 -4.8458423790e-02
     vertex 2.7707213124e-01 4.0950422205e-02 -3.8675398749e-02
   endloop
 endfacet
 facet normal  -3.3171494045e-01 5.0682916961e-01 -7.9566914677e-01
   outer loop
     vertex 2.7707213124e-01 4.0950422205e-02 -3.8675398749e-02
     vertex 3.1636502427e-01 5.1308919307e-02 -4.8458423790e-02
     vertex 2.7707213124e-01 2.2537599980e-02 -5.0404087031e-02
   endloop
 endfacet
 facet normal  -3.3171494045e-01 5.0682916961e-01 -7.9566914677e-01
   outer loop
     vertex 3.1636502427e-01 5.1308919307e-02 -4.8458423790e-02
     vertex 3.1636502427e-01 2.8238534220e-02 -6.3153908921e-02
     vertex 2.7707213124e-01 2.2537599980e-02 -5.0404087031e-02
   endloop
 endfacet
 facet normal  -3.2692181449e-01 1.7718972498e-01 -9.2829194146e-01
   outer loop
     vertex 2.7707213124e-01 2.2537599980e-02 -5.0404087031e-02
     vertex 3.1636502427e-01 2.8238534220e-02 -6.3153908921e-02
     vertex 2.7707213124e-01 0.0000000000e+00 -5.4706000000e-02
   endloop
 endfacet
 facet normal  -3.2692181449e-01 1.7718972498e-01 -9.2829194146e-01
   outer loop
     vertex 3.1636502427e-01 2.8238534220e-02 -6.3153908921e-02
     vertex 3.1636502427e-01 0.0000000000e+00 -6.8544000000e-02
     vertex 2.7707213124e-01 0.0000000000e+00 -5.4706000000e-02
   endloop
 endfacet
 facet normal  -3.2692181449e-01 -1.7718972498e-01 -9.2829194146e-01
   outer loop
     vertex 2.7707213124e-01 0.0000000000e+00 -5.4706000000e-02
     vertex 3.1636502427e-01 0.0000000000e+00 -6.8544000000e-02
     vertex 3.1636502427e-01 -2.8238534220e-02 -6.3153908921e-02
   endloop
 endfacet
 facet normal  -3.2692181449e-01 -1.7718972498e-01 -9.2829194146e-01
   outer loop
     vertex 2.7707213124e-01 0.0000000000e+00 -5.4706000000e-02
     vertex 3.1636502427e-01 -2.8238534220e-02 -6.3153908921e-02
     vertex 2.7707213124e-01 -2.2537599980e-02 -5.0404087031e-02
   endloop
 endfacet
 facet normal  -3.3171494045e-01 -5.0682916961e-01 -7.9566914677e-01
   outer loop
     vertex 2.7707213124e-01 -2.2537599980e-02 -5.0404087031e-02
     vertex 3.1636502427e-01 -2.8238534220e-02 -6.3153908921e-02
     vertex 3.1636502427e-01 -5.1308919307e-02 -4.8458423790e-02
   endloop
 endfacet
 facet normal  -3.3171494045e-01 -5.0682916961e-01 -7.9566914677e-01
   outer loop
     vertex 2.7707213124e-01 -2.2537599980e-02 -5.0404087031e-02
     vertex 3.1636502427e-01 -5.1308919307e-02 -4.8458423790e-02
     vertex 2.7707213124e-01 -4.0950422205e-02 -3.8675398749e-02
   endloop
 endfacet
 facet normal  -3.3807649813e-01 -7.6587674506e-01 -5.4693426734e-01
   outer loop
     vertex 2.7707213124e-01 -4.0950422205e-02 -3.8675398749e-02
     vertex 3.1636502427e-01 -5.1308919307e-02 -4.8458423790e-02
     vertex 3.1636502427e-01 -6.6868844740e-02 -2.6669726763e-02
   endloop
 endfacet
 facet normal  -3.3807649813e-01 -7.6587674506e-01 -5.4693426734e-01
   outer loop
     vertex 2.7707213124e-01 -4.0950422205e-02 -3.8675398749e-02
     vertex 3.1636502427e-01 -6.6868844740e-02 -2.6669726763e-02
     vertex 2.7707213124e-01 -5.3369033327e-02 -2.1285511092e-02
   endloop
 endfacet
 facet normal  -3.4257269477e-01 -9.1869179980e-01 -1.9659431775e-01
   outer loop
     vertex 2.7707213124e-01 -5.3369033327e-02 -2.1285511092e-02
     vertex 3.1636502427e-01 -6.6868844740e-02 -2.6669726763e-02
     vertex 3.1636502427e-01 -7.2576000000e-02 0.0000000000e+00
   endloop
 endfacet
 facet normal  -3.4257269477e-01 -9.1869179980e-01 -1.9659431775e-01
   outer loop
     vertex 2.7707213124e-01 -5.3369033327e-02 -2.1285511092e-02
     vertex 3.1636502427e-01 -7.2576000000e-02 0.0000000000e+00
     vertex 2.7707213124e-01 -5.7924000000e-02 0.0000000000e+00
   endloop
 endfacet
 facet normal  -3.4257269477e-01 -9.1869179980e-01 1.9659431775e-01
   outer loop
     vertex 2.7707213124e-01 -5.7924000000e-02 0.0000000000e+00
     vertex 3.1636502427e-01 -7.2576000000e-02 0.0000000000e+00
     vertex 2.7707213124e-01 -5.3369033327e-02 2.1285511092e-02
   endloop
 endfacet
 facet normal  -3.4257269477e-01 -9.1869179980e-01 1.9659431775e-01
   outer loop
     vertex 3.1636502427e-01 -7.2576000000e-02 0.0000000000e+00
     vertex 3.1636502427e-01 -6.6868844740e-02 2.6669726763e-02
     vertex 2.7707213124e-01 -5.3369033327e-02 2.1285511092e-02
   endloop
 endfacet
 facet normal  -3.3807649813e-01 -7.6587674506e-01 5.4693426734e-01
   outer loop
     vertex 2.7707213124e-01 -5.3369033327e-02 2.1285511092e-02
     vertex 3.1636502427e-01 -6.6868844740e-02 2.6669726763e-02
     vertex 2.7707213124e-01 -4.0950422205e-02 3.8675398749e-02
   endloop
 endfacet
 facet normal  -3.3807649813e-01 -7.6587674506e-01 5.4693426734e-01
   outer loop
     vertex 3.1636502427e-01 -6.6868844740e-02 2.6669726763e-02
     vertex 3.1636502427e-01 -5.1308919307e-02 4.8458423790e-02
     vertex 2.7707213124e-01 -4.0950422205e-02 3.8675398749e-02
   endloop
 endfacet
 facet normal  -3.3171494045e-01 -5.0682916961e-01 7.9566914677e-01
   outer loop
     vertex 2.7707213124e-01 -4.0950422205e-02 3.8675398749e-02
     vertex 3.1636502427e-01 -5.1308919307e-02 4.8458423790e-02
     vertex 2.7707213124e-01 -2.2537599980e-02 5.0404087031e-02
   endloop
 endfacet
 facet normal  -3.3171494045e-01 -5.0682916961e-01 7.9566914677e-01
   outer loop
     vertex 3.1636502427e-01 -5.1308919307e-02 4.8458423790e-02
     vertex 3.1636502427e-01 -2.8238534220e-02 6.3153908921e-02
     vertex 2.7707213124e-01 -2.2537599980e-02 5.0404087031e-02
   endloop
 endfacet
 facet normal  -3.2692181449e-01 -1.7718972498e-01 9.2829194146e-01
   outer loop
     vertex 2.7707213124e-01 -2.2537599980e-02 5.0404087031e-02
     vertex 3.1636502427e-01 -2.8238534220e-02 6.3153908921e-02
     vertex 2.7707213124e-01 0.0000000000e+00 5.4706000000e-02
   endloop
 endfacet
 facet normal  -3.2692181449e-01 -1.7718972498e-01 9.2829194146e-01
   outer loop
     vertex 3.1636502427e-01 -2.8238534220e-02 6.3153908921e-02
     vertex 3.1636502427e-01 0.0000000000e+00 6.8544000000e-02
     vertex 2.7707213124e-01 0.0000000000e+00 5.4706000000e-02
   endloop
 endfacet
 facet normal  -3.2692181449e-01 1.7718972498e-01 9.2829194146e-01
   outer loop
     vertex 2.7707213124e-01 0.0000000000e+00 5.4706000000e-02
     vertex 3.1636502427e-01 0.0000000000e+00 6.8544000000e-02
     vertex 3.1636502427e-01 2.8238534220e-02 6.3153908921e-02
   endloop
 endfacet
 facet normal  -3.2692181449e-01 1.7718972498e-01 9.2829194146e-01
   outer loop
     vertex 2.7707213124e-01 0.0000000000e+00 5.4706000000e-02
     vertex 3.1636502427e-01 2.8238534220e-02 6.3153908921e-02
     vertex 2.7707213124e-01 2.2537599980e-02 5.0404087031e-02
   endloop
 endfacet
 facet normal  -3.3171494045e-01 5.0682916961e-01 7.9566914677e-01
   outer loop
     vertex 2.7707213124e-01 2.2537599980e-02 5.0404087031e-02
     vertex 3.1636502427e-01 2.8238534220e-02 6.3153908921e-02
     vertex 3.1636502427e-01 5.1308919307e-02 4.8458423790e-02
   endloop
 endfacet
 facet normal  -3.3171494045e-01 5.0682916961e-01 7.9566914677e-01
   outer loop
     vertex 2.7707213124e-01 2.2537599980e-02 5.0404087031e-02
     vertex 3.1636502427e-01 5.1308919307e-02 4.8458423790e-02
     vertex 2.7707213124e-01 4.0950422205e-02 3.8675398749e-02
   endloop
 endfacet
 facet normal  -3.3807649813e-01 7.6587674506e-01 5.4693426734e-01
   outer loop
     vertex 2.7707213124e-01 4.0950422205e-02 3.8675398749e-02
     vertex 3.1636502427e-01 5.1308919307e-02 4.8458423790e-02
     vertex 3.1636502427e-01 6.6868844740e-02 2.6669726763e-02
   endloop
 endfacet
 facet normal  -3.3807649813e-01 7.6587674506e-01 5.4693426734e-01
   outer loop
     vertex 2.7707213124e-01 4.0950422205e-02 3.8675398749e-02
     vertex 3.1636502427e-01 6.6868844740e-02 2.6669726763e-02
     vertex 2.7707213124e-01 5.3369033327e-02 2.1285511092e-02
   endloop
 endfacet
 facet normal  -3.4257269477e-01 9.1869179980e-01 1.9659431775e-01
   outer loop
     vertex 2.7707213124e-01 5.3369033327e-02 2.1285511092e-02
     vertex 3.1636502427e-01 6.6868844740e-02 2.6669726763e-02
     vertex 3.1636502427e-01 7.2576000000e-02 0.0000000000e+00
   endloop
 endfacet
 facet normal  -3.4257269477e-01 9.1869179980e-01 1.9659431775e-01
   outer loop
     vertex 2.7707213124e-01 5.3369033327e-02 2.1285511092e-02
     vertex 3.1636502427e-01 7.2576000000e-02 0.0000000000e+00
     vertex 2.7707213124e-01 5.7924000000e-02 0.0000000000e+00
   endloop
 endfacet
 facet normal  -2.9253372986e-01 9.3508454241e-01 -2.0010226247e-01
   outer loop
     vertex 3.1636502427e-01 7.2576000000e-02 0.0000000000e+00
     vertex 3.5560527820e-01 8.4852000000e-02 0.0000000000e+00
     vertex 3.1636502427e-01 6.6868844740e-02 -2.6669726763e-02
   endloop
 endfacet
 facet normal  -2.9253372986e-01 9.3508454241e-01 -2.0010226247e-01
   outer loop
     vertex 3.5560527820e-01 8.4852000000e-02 0.0000000000e+00
     vertex 3.5560527820e-01 7.8179497546e-02 -3.1180826379e-02
     vertex 3.1636502427e-01 6.6868844740e-02 -2.6669726763e-02
   endloop
 endfacet
 facet normal  -2.8855884817e-01 7.7917701150e-01 -5.5643236416e-01
   outer loop
     vertex 3.1636502427e-01 6.6868844740e-02 -2.6669726763e-02
     vertex 3.5560527820e-01 7.8179497546e-02 -3.1180826379e-02
     vertex 3.1636502427e-01 5.1308919307e-02 -4.8458423790e-02
   endloop
 endfacet
 facet normal  -2.8855884817e-01 7.7917701150e-01 -5.5643236416e-01
   outer loop
     vertex 3.5560527820e-01 7.8179497546e-02 -3.1180826379e-02
     vertex 3.5560527820e-01 5.9987660122e-02 -5.6655012337e-02
     vertex 3.1636502427e-01 5.1308919307e-02 -4.8458423790e-02
   endloop
 endfacet
 facet normal  -2.8294435082e-01 5.1529440872e-01 -8.0895869281e-01
   outer loop
     vertex 3.1636502427e-01 5.1308919307e-02 -4.8458423790e-02
     vertex 3.5560527820e-01 5.9987660122e-02 -5.6655012337e-02
     vertex 3.1636502427e-01 2.8238534220e-02 -6.3153908921e-02
   endloop
 endfacet
 facet normal  -2.8294435082e-01 5.1529440872e-01 -8.0895869281e-01
   outer loop
     vertex 3.5560527820e-01 5.9987660122e-02 -5.6655012337e-02
     vertex 3.5560527820e-01 3.3014992637e-02 -7.3836192126e-02
     vertex 3.1636502427e-01 2.8238534220e-02 -6.3153908921e-02
   endloop
 endfacet
 facet normal  -2.7872129234e-01 1.8006222560e-01 -9.4334089072e-01
   outer loop
     vertex 3.1636502427e-01 2.8238534220e-02 -6.3153908921e-02
     vertex 3.5560527820e-01 3.3014992637e-02 -7.3836192126e-02
     vertex 3.1636502427e-01 0.0000000000e+00 -6.8544000000e-02
   endloop
 endfacet
 facet normal  -2.7872129234e-01 1.8006222560e-01 -9.4334089072e-01
   outer loop
     vertex 3.5560527820e-01 3.3014992637e-02 -7.3836192126e-02
     vertex 3.5560527820e-01 0.0000000000e+00 -8.0138000000e-02
     vertex 3.1636502427e-01 0.0000000000e+00 -6.8544000000e-02
   endloop
 endfacet
 facet normal  -2.7872129234e-01 -1.8006222560e-01 -9.4334089072e-01
   outer loop
     vertex 3.1636502427e-01 0.0000000000e+00 -6.8544000000e-02
     vertex 3.5560527820e-01 0.0000000000e+00 -8.0138000000e-02
     vertex 3.5560527820e-01 -3.3014992637e-02 -7.3836192126e-02
   endloop
 endfacet
 facet normal  -2.7872129234e-01 -1.8006222560e-01 -9.4334089072e-01
   outer loop
     vertex 3.1636502427e-01 0.0000000000e+00 -6.8544000000e-02
     vertex 3.5560527820e-01 -3.3014992637e-02 -7.3836192126e-02
     vertex 3.1636502427e-01 -2.8238534220e-02 -6.3153908921e-02
   endloop
 endfacet
 facet normal  -2.8294435082e-01 -5.1529440872e-01 -8.0895869281e-01
   outer loop
     vertex 3.1636502427e-01 -2.8238534220e-02 -6.3153908921e-02
     vertex 3.5560527820e-01 -3.3014992637e-02 -7.3836192126e-02
     vertex 3.5560527820e-01 -5.9987660122e-02 -5.6655012337e-02
   endloop
 endfacet
 facet normal  -2.8294435082e-01 -5.1529440872e-01 -8.0895869281e-01
   outer loop
     vertex 3.1636502427e-01 -2.8238534220e-02 -6.3153908921e-02
     vertex 3.5560527820e-01 -5.9987660122e-02 -5.6655012337e-02
     vertex 3.1636502427e-01 -5.1308919307e-02 -4.8458423790e-02
   endloop
 endfacet
 facet normal  -2.8855884817e-01 -7.7917701150e-01 -5.5643236416e-01
   outer loop
     vertex 3.1636502427e-01 -5.1308919307e-02 -4.8458423790e-02
     vertex 3.5560527820e-01 -5.9987660122e-02 -5.6655012337e-02
     vertex 3.5560527820e-01 -7.8179497546e-02 -3.1180826379e-02
   endloop
 endfacet
 facet normal  -2.8855884817e-01 -7.7917701150e-01 -5.5643236416e-01
   outer loop
     vertex 3.1636502427e-01 -5.1308919307e-02 -4.8458423790e-02
     vertex 3.5560527820e-01 -7.8179497546e-02 -3.1180826379e-02
     vertex 3.1636502427e-01 -6.6868844740e-02 -2.6669726763e-02
   endloop
 endfacet
 facet normal  -2.9253372986e-01 -9.3508454241e-01 -2.0010226247e-01
   outer loop
     vertex 3.1636502427e-01 -6.6868844740e-02 -2.6669726763e-02
     vertex 3.5560527820e-01 -7.8179497546e-02 -3.1180826379e-02
     vertex 3.5560527820e-01 -8.4852000000e-02 0.0000000000e+00
   endloop
 endfacet
 facet normal  -2.9253372986e-01 -9.3508454241e-01 -2.0010226247e-01
   outer loop
     vertex 3.1636502427e-01 -6.6868844740e-02 -2.6669726763e-02
     vertex 3.5560527820e-01 -8.4852000000e-02 0.0000000000e+00
     vertex 3.1636502427e-01 -7.2576000000e-02 0.0000000000e+00
   endloop
 endfacet
 facet normal  -2.9253372986e-01 -9.3508454241e-01 2.0010226247e-01
   outer loop
     vertex 3.1636502427e-01 -7.2576000000e-02 0.0000000000e+00
     vertex 3.5560527820e-01 -8.4852000000e-02 0.0000000000e+00
     vertex 3.1636502427e-01 -6.6868844740e-02 2.6669726763e-02
   endloop
 endfacet
 facet normal  -2.9253372986e-01 -9.3508454241e-01 2.0010226247e-01
   outer loop
     vertex 3.5560527820e-01 -8.4852000000e-02 0.0000000000e+00
     vertex 3.5560527820e-01 -7.8179497546e-02 3.1180826379e-02
     vertex 3.1636502427e-01 -6.6868844740e-02 2.6669726763e-02
   endloop
 endfacet
 facet normal  -2.8855884817e-01 -7.7917701150e-01 5.5643236416e-01
   outer loop
     vertex 3.1636502427e-01 -6.6868844740e-02 2.6669726763e-02
     vertex 3.5560527820e-01 -7.8179497546e-02 3.1180826379e-02
     vertex 3.1636502427e-01 -5.1308919307e-02 4.8458423790e-02
   endloop
 endfacet
 facet normal  -2.8855884817e-01 -7.7917701150e-01 5.5643236416e-01
   outer loop
     vertex 3.5560527820e-01 -7.8179497546e-02 3.1180826379e-02
     vertex 3.5560527820e-01 -5.9987660122e-02 5.6655012337e-02
     vertex 3.1636502427e-01 -5.1308919307e-02 4.8458423790e-02
   endloop
 endfacet
 facet normal  -2.8294435082e-01 -5.1529440872e-01 8.0895869281e-01
   outer loop
     vertex 3.1636502427e-01 -5.1308919307e-02 4.8458423790e-02
     vertex 3.5560527820e-01 -5.9987660122e-02 5.6655012337e-02
     vertex 3.1636502427e-01 -2.8238534220e-02 6.3153908921e-02
   endloop
 endfacet
 facet normal  -2.8294435082e-01 -5.1529440872e-01 8.0895869281e-01
   outer loop
     vertex 3.5560527820e-01 -5.9987660122e-02 5.6655012337e-02
     vertex 3.5560527820e-01 -3.3014992637e-02 7.3836192126e-02
     vertex 3.1636502427e-01 -2.8238534220e-02 6.3153908921e-02
   endloop
 endfacet
 facet normal  -2.7872129234e-01 -1.8006222560e-01 9.4334089072e-01
   outer loop
     vertex 3.1636502427e-01 -2.8238534220e-02 6.3153908921e-02
     vertex 3.5560527820e-01 -3.3014992637e-02 7.3836192126e-02
     vertex 3.1636502427e-01 0.0000000000e+00 6.8544000000e-02
   endloop
 endfacet
 facet normal  -2.7872129234e-01 -1.8006222560e-01 9.4334089072e-01
   outer loop
     vertex 3.5560527820e-01 -3.3014992637e-02 7.3836192126e-02
     vertex 3.5560527820e-01 0.0000000000e+00 8.0138000000e-02
     vertex 3.1636502427e-01 0.0000000000e+00 6.8544000000e-02
   endloop
 endfacet
 facet normal  -2.7872129234e-01 1.8006222560e-01 9.4334089072e-01
   outer loop
     vertex 3.1636502427e-01 0.0000000000e+00 6.8544000000e-02
     vertex 3.5560527820e-01 0.0000000000e+00 8.0138000000e-02
     vertex 3.5560527820e-01 3.3014992637e-02 7.3836192126e-02
   endloop
 endfacet
 facet normal  -2.7872129234e-01 1.8006222560e-01 9.4334089072e-01
   outer loop
     vertex 3.1636502427e-01 0.0000000000e+00 6.8544000000e-02
     vertex 3.5560527820e-01 3.3014992637e-02 7.3836192126e-02
     vertex 3.1636502427e-01 2.8238534220e-02 6.3153908921e-02
   endloop
 endfacet
 facet normal  -2.8294435082e-01 5.1529440872e-01 8.0895869281e-01
   outer loop
     vertex 3.1636502427e-01 2.8238534220e-02 6.3153908921e-02
     vertex 3.5560527820e-01 3.3014992637e-02 7.3836192126e-02
     vertex 3.5560527820e-01 5.9987660122e-02 5.6655012337e-02
   endloop
 endfacet
 facet normal  -2.8294435082e-01 5.1529440872e-01 8.0895869281e-01
   outer loop
     vertex 3.1636502427e-01 2.8238534220e-02 6.3153908921e-02
     vertex 3.5560527820e-01 5.9987660122e-02 5.6655012337e-02
     vertex 3.1636502427e-01 5.1308919307e-02 4.8458423790e-02
   endloop
 endfacet
 facet normal  -2.8855884817e-01 7.7917701150e-01 5.5643236416e-01
   outer loop
     vertex 3.1636502427e-01 5.1308919307e-02 4.8458423790e-02
     vertex 3.5560527820e-01 5.9987660122e-02 5.6655012337e-02
     vertex 3.5560527820e-01 7.8179497546e-02 3.1180826379e-02
   endloop
 endfacet
 facet normal  -2.8855884817e-01 7.7917701150e-01 5.5643236416e-01
   outer loop
     vertex 3.1636502427e-01 5.1308919307e-02 4.8458423790e-02
     vertex 3.5560527820e-01 7.8179497546e-02 3.1180826379e-02
     vertex 3.1636502427e-01 6.6868844740e-02 2.6669726763e-02
   endloop
 endfacet
 facet normal  -2.9253372986e-01 9.3508454241e-01 2.0010226247e-01
   outer loop
     vertex 3.1636502427e-01 6.6868844740e-02 2.6669726763e-02
     vertex 3.5560527820e-01 7.8179497546e-02 3.1180826379e-02
     vertex 3.5560527820e-01 8.4852000000e-02 0.0000000000e+00
   endloop
 endfacet
 facet normal  -2.9253372986e-01 9.3508454241e-01 2.0010226247e-01
   outer loop
     vertex 3.1636502427e-01 6.6868844740e-02 2.6669726763e-02
     vertex 3.5560527820e-01 8.4852000000e-02 0.0000000000e+00
     vertex 3.1636502427e-01 7.2576000000e-02 0.0000000000e+00
   endloop
 endfacet
 facet normal  -1.2675364092e-01 9.6997366373e-01 -2.0756831692e-01
   outer loop
     vertex 3.5560527820e-01 8.4852000000e-02 0.0000000000e+00
     vertex 3.9500000000e-01 9.0000000000e-02 0.0000000000e+00
     vertex 3.5560527820e-01 7.8179497546e-02 -3.1180826379e-02
   endloop
 endfacet
 facet normal  -1.2675364092e-01 9.6997366373e-01 -2.0756831692e-01
   outer loop
     vertex 3.9500000000e-01 9.0000000000e-02 0.0000000000e+00
     vertex 3.9500000000e-01 8.2922674529e-02 -3.3072577831e-02
     vertex 3.5560527820e-01 7.8179497546e-02 -3.1180826379e-02
   endloop
 endfacet
 facet normal  -1.2490327486e-01 8.0742116743e-01 -5.7660231557e-01
   outer loop
     vertex 3.5560527820e-01 7.8179497546e-02 -3.1180826379e-02
     vertex 3.9500000000e-01 8.2922674529e-02 -3.3072577831e-02
     vertex 3.5560527820e-01 5.9987660122e-02 -5.6655012337e-02
   endloop
 endfacet
 facet normal  -1.2490327486e-01 8.0742116743e-01 -5.7660231557e-01
   outer loop
     vertex 3.9500000000e-01 8.2922674529e-02 -3.3072577831e-02
     vertex 3.9500000000e-01 6.3627132077e-02 -6.0092291406e-02
     vertex 3.5560527820e-01 5.9987660122e-02 -5.6655012337e-02
   endloop
 endfacet
 facet normal  -1.2229922065e-01 5.3321537374e-01 -8.3709274626e-01
   outer loop
     vertex 3.5560527820e-01 5.9987660122e-02 -5.6655012337e-02
     vertex 3.9500000000e-01 6.3627132077e-02 -6.0092291406e-02
     vertex 3.5560527820e-01 3.3014992637e-02 -7.3836192126e-02
   endloop
 endfacet
 facet normal  -1.2229922065e-01 5.3321537374e-01 -8.3709274626e-01
   outer loop
     vertex 3.9500000000e-01 6.3627132077e-02 -6.0092291406e-02
     vertex 3.9500000000e-01 3.5018023586e-02 -7.8315859277e-02
     vertex 3.5560527820e-01 3.3014992637e-02 -7.3836192126e-02
   endloop
 endfacet
 facet normal  -1.2034775799e-01 1.8612942733e-01 -9.7512678839e-01
   outer loop
     vertex 3.5560527820e-01 3.3014992637e-02 -7.3836192126e-02
     vertex 3.9500000000e-01 3.5018023586e-02 -7.8315859277e-02
     vertex 3.5560527820e-01 0.0000000000e+00 -8.0138000000e-02
   endloop
 endfacet
 facet normal  -1.2034775799e-01 1.8612942733e-01 -9.7512678839e-01
   outer loop
     vertex 3.9500000000e-01 3.5018023586e-02 -7.8315859277e-02
     vertex 3.9500000000e-01 0.0000000000e+00 -8.5000000000e-02
     vertex 3.5560527820e-01 0.0000000000e+00 -8.0138000000e-02
   endloop
 endfacet
 facet normal  -1.2034775799e-01 -1.8612942733e-01 -9.7512678839e-01
   outer loop
     vertex 3.5560527820e-01 0.0000000000e+00 -8.0138000000e-02
     vertex 3.9500000000e-01 0.0000000000e+00 -8.5000000000e-02
     vertex 3.9500000000e-01 -3.5018023586e-02 -7.8315859277e-02
   endloop
 endfacet
 facet normal  -1.2034775799e-01 -1.8612942733e-01 -9.7512678839e-01
   outer loop
     vertex 3.5560527820e-01 0.0000000000e+00 -8.0138000000e-02
     vertex 3.9500000000e-01 -3.5018023586e-02 -7.8315859277e-02
     vertex 3.5560527820e-01 -3.3014992637e-02 -7.3836192126e-02
   endloop
 endfacet
 facet normal  -1.2229922065e-01 -5.3321537374e-01 -8.3709274626e-01
   outer loop
     vertex 3.5560527820e-01 -3.3014992637e-02 -7.3836192126e-02
     vertex 3.9500000000e-01 -3.5018023586e-02 -7.8315859277e-02
     vertex 3.9500000000e-01 -6.3627132077e-02 -6.0092291406e-02
   endloop
 endfacet
 facet normal  -1.2229922065e-01 -5.3321537374e-01 -8.3709274626e-01
   outer loop
     vertex 3.5560527820e-01 -3.3014992637e-02 -7.3836192126e-02
     vertex 3.9500000000e-01 -6.3627132077e-02 -6.0092291406e-02
     vertex 3.5560527820e-01 -5.9987660122e-02 -5.6655012337e-02
   endloop
 endfacet
 facet normal  -1.2490327486e-01 -8.0742116743e-01 -5.7660231557e-01
   outer loop
     vertex 3.5560527820e-01 -5.9987660122e-02 -5.6655012337e-02
     vertex 3.9500000000e-01 -6.3627132077e-02 -6.0092291406e-02
     vertex 3.9500000000e-01 -8.2922674529e-02 -3.3072577831e-02
   endloop
 endfacet
 facet normal  -1.2490327486e-01 -8.0742116743e-01 -5.7660231557e-01
   outer loop
     vertex 3.5560527820e-01 -5.9987660122e-02 -5.6655012337e-02
     vertex 3.9500000000e-01 -8.2922674529e-02 -3.3072577831e-02
     vertex 3.5560527820e-01 -7.8179497546e-02 -3.1180826379e-02
   endloop
 endfacet
 facet normal  -1.2675364092e-01 -9.6997366373e-01 -2.0756831692e-01
   outer loop
     vertex 3.5560527820e-01 -7.8179497546e-02 -3.1180826379e-02
     vertex 3.9500000000e-01 -8.2922674529e-02 -3.3072577831e-02
     vertex 3.9500000000e-01 -9.0000000000e-02 0.0000000000e+00
   endloop
 endfacet
 facet normal  -1.2675364092e-01 -9.6997366373e-01 -2.0756831692e-01
   outer loop
     vertex 3.5560527820e-01 -7.8179497546e-02 -3.1180826379e-02
     vertex 3.9500000000e-01 -9.0000000000e-02 0.0000000000e+00
     vertex 3.5560527820e-01 -8.4852000000e-02 0.0000000000e+00
   endloop
 endfacet
 facet normal  -1.2675364092e-01 -9.6997366373e-01 2.0756831692e-01
   outer loop
     vertex 3.5560527820e-01 -8.4852000000e-02 0.0000000000e+00
     vertex 3.9500000000e-01 -9.0000000000e-02 0.0000000000e+00
     vertex 3.5560527820e-01 -7.8179497546e-02 3.1180826379e-02
   endloop
 endfacet
 facet normal  -1.2675364092e-01 -9.6997366373e-01 2.0756831692e-01
   outer loop
     vertex 3.9500000000e-01 -9.0000000000e-02 0.0000000000e+00
     vertex 3.9500000000e-01 -8.2922674529e-02 3.3072577831e-02
     vertex 3.5560527820e-01 -7.8179497546e-02 3.1180826379e-02
   endloop
 endfacet
 facet normal  -1.2490327486e-01 -8.0742116743e-01 5.7660231557e-01
   outer loop
     vertex 3.5560527820e-01 -7.8179497546e-02 3.1180826379e-02
     vertex 3.9500000000e-01 -8.2922674529e-02 3.3072577831e-02
     vertex 3.5560527820e-01 -5.9987660122e-02 5.6655012337e-02
   endloop
 endfacet
 facet normal  -1.2490327486e-01 -8.0742116743e-01 5.7660231557e-01
   outer loop
     vertex 3.9500000000e-01 -8.2922674529e-02 3.3072577831e-02
     vertex 3.9500000000e-01 -6.3627132077e-02 6.0092291406e-02
     vertex 3.5560527820e-01 -5.9987660122e-02 5.6655012337e-02
   endloop
 endfacet
 facet normal  -1.2229922065e-01 -5.3321537374e-01 8.3709274626e-01
   outer loop
     vertex 3.5560527820e-01 -5.9987660122e-02 5.6655012337e-02
     vertex 3.9500000000e-01 -6.3627132077e-02 6.0092291406e-02
     vertex 3.5560527820e-01 -3.3014992637e-02 7.3836192126e-02
   endloop
 endfacet
 facet normal  -1.2229922065e-01 -5.3321537374e-01 8.3709274626e-01
   outer loop
     vertex 3.9500000000e-01 -6.3627132077e-02 6.0092291406e-02
     vertex 3.9500000000e-01 -3.5018023586e-02 7.8315859277e-02
     vertex 3.5560527820e-01 -3.3014992637e-02 7.3836192126e-02
   endloop
 endfacet
 facet normal  -1.2034775799e-01 -1.8612942733e-01 9.7512678839e-01
   outer loop
     vertex 3.5560527820e-01 -3.3014992637e-02 7.3836192126e-02
     vertex 3.9500000000e-01 -3.5018023586e-02 7.8315859277e-02
     vertex 3.5560527820e-01 0.0000000000e+00 8.0138000000e-02
   endloop
 endfacet
 facet normal  -1.2034775799e-01 -1.8612942733e-01 9.7512678839e-01
   outer loop
     vertex 3.9500000000e-01 -3.5018023586e-02 7.8315859277e-02
     vertex 3.9500000000e-01 0.0000000000e+00 8.5000000000e-02
     vertex 3.5560527820e-01 0.0000000000e+00 8.0138000000e-02
   endloop
 endfacet
 facet normal  -1.2034775799e-01 1.8612942733e-01 9.7512678839e-01
   outer loop
     vertex 3.5560527820e-01 0.0000000000e+00 8.0138000000e-02
     vertex 3.9500000000e-01 0.0000000000e+00 8.5000000000e-02
     vertex 3.9500000000e-01 3.5018023586e-02 7.8315859277e-02
   endloop
 endfacet
 facet normal  -1.2034775799e-01 1.8612942733e-01 9.7512678839e-01
   outer loop
     vertex 3.5560527820e-01 0.0000000000e+00 8.0138000000e-02
     vertex 3.9500000000e-01 3.5018023586e-02 7.8315859277e-02
     vertex 3.5560527820e-01 3.3014992637e-02 7.3836192126e-02
   endloop
 endfacet
 facet normal  -1.2229922065e-01 5.3321537374e-01 8.3709274626e-01
   outer loop
     vertex 3.5560527820e-01 3.3014992637e-02 7.3836192126e-02
     vertex 3.9500000000e-01 3.5018023586e-02 7.8315859277e-02
     vertex 3.9500000000e-01 6.3627132077e-02 6.0092291406e-02
   endloop
 endfacet
 facet normal  -1.2229922065e-01 5.3321537374e-01 8.3709274626e-01
   outer loop
     vertex 3.5560527820e-01 3.3014992637e-02 7.3836192126e-02
     vertex 3.9500000000e-01 6.3627132077e-02 6.0092291406e-02
     vertex 3.5560527820e-01 5.9987660122e-02 5.6655012337e-02
   endloop
 endfacet
 facet normal  -1.2490327486e-01 8.0742116743e-01 5.7660231557e-01
   outer loop
     vertex 3.5560527820e-01 5.9987660122e-02 5.6655012337e-02
     vertex 3.9500000000e-01 6.3627132077e-02 6.0092291406e-02
     vertex 3.9500000000e-01 8.2922674529e-02 3.3072577831e-02
   endloop
 endfacet
 facet normal  -1.2490327486e-01 8.0742116743e-01 5.7660231557e-01
   outer loop
     vertex 3.5560527820e-01 5.9987660122e-02 5.6655012337e-02
     vertex 3.9500000000e-01 8.2922674529e-02 3.3072577831e-02
     vertex 3.5560527820e-01 7.8179497546e-02 3.1180826379e-02
   endloop
 endfacet
 facet normal  -1.2675364092e-01 9.6997366373e-01 2.0756831692e-01
   outer loop
     vertex 3.5560527820e-01 7.8179497546e-02 3.1180826379e-02
     vertex 3.9500000000e-01 8.2922674529e-02 3.3072577831e-02
     vertex 3.9500000000e-01 9.0000000000e-02 0.0000000000e+00
   endloop
 endfacet
 facet normal  -1.2675364092e-01 9.6997366373e-01 2.0756831692e-01
   outer loop
     vertex 3.5560527820e-01 7.8179497546e-02 3.1180826379e-02
     vertex 3.9500000000e-01 9.0000000000e-02 0.0000000000e+00
     vertex 3.5560527820e-01 8.4852000000e-02 0.0000000000e+00
   endloop
 endfacet
 facet normal  2.3153843670e-02 9.7759871463e-01 -2.0920003028e-01
   outer loop
     vertex 3.9500000000e-01 9.0000000000e-02 0.0000000000e+00
     vertex 4.3451967587e-01 8.9064000000e-02 0.0000000000e+00
     vertex 4.3451967587e-01 8.2060278714e-02 -3.2728623022e-02
   endloop
 endfacet
 facet normal  2.3153843670e-02 9.7759871463e-01 -2.0920003028e-01
   outer loop
     vertex 3.9500000000e-01 9.0000000000e-02 0.0000000000e+00
     vertex 4.3451967587e-01 8.2060278714e-02 -3.2728623022e-02
     vertex 3.9500000000e-01 8.2922674529e-02 -3.3072577831e-02
   endloop
 endfacet
 facet normal  2.2810623877e-02 8.1358230518e-01 -5.8100215847e-01
   outer loop
     vertex 3.9500000000e-01 8.2922674529e-02 -3.3072577831e-02
     vertex 4.3451967587e-01 8.2060278714e-02 -3.2728623022e-02
     vertex 4.3451967587e-01 6.2965409903e-02 -5.9467331575e-02
   endloop
 endfacet
 facet normal  2.2810623877e-02 8.1358230518e-01 -5.8100215847e-01
   outer loop
     vertex 3.9500000000e-01 8.2922674529e-02 -3.3072577831e-02
     vertex 4.3451967587e-01 6.2965409903e-02 -5.9467331575e-02
     vertex 3.9500000000e-01 6.3627132077e-02 -6.0092291406e-02
   endloop
 endfacet
 facet normal  2.2327999195e-02 5.3711441296e-01 -8.4321383281e-01
   outer loop
     vertex 3.9500000000e-01 6.3627132077e-02 -6.0092291406e-02
     vertex 4.3451967587e-01 6.2965409903e-02 -5.9467331575e-02
     vertex 4.3451967587e-01 3.4653836141e-02 -7.7501374341e-02
   endloop
 endfacet
 facet normal  2.2327999195e-02 5.3711441296e-01 -8.4321383281e-01
   outer loop
     vertex 3.9500000000e-01 6.3627132077e-02 -6.0092291406e-02
     vertex 4.3451967587e-01 3.4653836141e-02 -7.7501374341e-02
     vertex 3.9500000000e-01 3.5018023586e-02 -7.8315859277e-02
   endloop
 endfacet
 facet normal  2.1966620188e-02 1.8744691776e-01 -9.8202908339e-01
   outer loop
     vertex 3.9500000000e-01 3.5018023586e-02 -7.8315859277e-02
     vertex 4.3451967587e-01 3.4653836141e-02 -7.7501374341e-02
     vertex 4.3451967587e-01 0.0000000000e+00 -8.4116000000e-02
   endloop
 endfacet
 facet normal  2.1966620188e-02 1.8744691776e-01 -9.8202908339e-01
   outer loop
     vertex 3.9500000000e-01 3.5018023586e-02 -7.8315859277e-02
     vertex 4.3451967587e-01 0.0000000000e+00 -8.4116000000e-02
     vertex 3.9500000000e-01 0.0000000000e+00 -8.5000000000e-02
   endloop
 endfacet
 facet normal  2.1966620188e-02 -1.8744691776e-01 -9.8202908339e-01
   outer loop
     vertex 3.9500000000e-01 0.0000000000e+00 -8.5000000000e-02
     vertex 4.3451967587e-01 0.0000000000e+00 -8.4116000000e-02
     vertex 3.9500000000e-01 -3.5018023586e-02 -7.8315859277e-02
   endloop
 endfacet
 facet normal  2.1966620188e-02 -1.8744691776e-01 -9.8202908339e-01
   outer loop
     vertex 4.3451967587e-01 0.0000000000e+00 -8.4116000000e-02
     vertex 4.3451967587e-01 -3.4653836141e-02 -7.7501374341e-02
     vertex 3.9500000000e-01 -3.5018023586e-02 -7.8315859277e-02
   endloop
 endfacet
 facet normal  2.2327999195e-02 -5.3711441296e-01 -8.4321383281e-01
   outer loop
     vertex 3.9500000000e-01 -3.5018023586e-02 -7.8315859277e-02
     vertex 4.3451967587e-01 -3.4653836141e-02 -7.7501374341e-02
     vertex 3.9500000000e-01 -6.3627132077e-02 -6.0092291406e-02
   endloop
 endfacet
 facet normal  2.2327999195e-02 -5.3711441296e-01 -8.4321383281e-01
   outer loop
     vertex 4.3451967587e-01 -3.4653836141e-02 -7.7501374341e-02
     vertex 4.3451967587e-01 -6.2965409903e-02 -5.9467331575e-02
     vertex 3.9500000000e-01 -6.3627132077e-02 -6.0092291406e-02
   endloop
 endfacet
 facet normal  2.2810623877e-02 -8.1358230518e-01 -5.8100215847e-01
   outer loop
     vertex 3.9500000000e-01 -6.3627132077e-02 -6.0092291406e-02
     vertex 4.3451967587e-01 -6.2965409903e-02 -5.9467331575e-02
     vertex 3.9500000000e-01 -8.2922674529e-02 -3.3072577831e-02
   endloop
 endfacet
 facet normal  2.2810623877e-02 -8.1358230518e-01 -5.8100215847e-01
   outer loop
     vertex 4.3451967587e-01 -6.2965409903e-02 -5.9467331575e-02
     vertex 4.3451967587e-01 -8.2060278714e-02 -3.2728623022e-02
     vertex 3.9500000000e-01 -8.2922674529e-02 -3.3072577831e-02
   endloop
 endfacet
 facet normal  2.3153843670e-02 -9.7759871463e-01 -2.0920003028e-01
   outer loop
     vertex 3.9500000000e-01 -8.2922674529e-02 -3.3072577831e-02
     vertex 4.3451967587e-01 -8.2060278714e-02 -3.2728623022e-02
     vertex 3.9500000000e-01 -9.0000000000e-02 0.0000000000e+00
   endloop
 endfacet
 facet normal  2.3153843670e-02 -9.7759871463e-01 -2.0920003028e-01
   outer loop
     vertex 4.3451967587e-01 -8.2060278714e-02 -3.2728623022e-02
     vertex 4.3451967587e-01 -8.9064000000e-02 0.0000000000e+00
     vertex 3.9500000000e-01 -9.0000000000e-02 0.0000000000e+00
   endloop
 endfacet
 facet normal  2.3153843670e-02 -9.7759871463e-01 2.0920003028e-01
   outer loop
     vertex 3.9500000000e-01 -9.0000000000e-02 0.0000000000e+00
     vertex 4.3451967587e-01 -8.9064000000e-02 0.0000000000e+00
     vertex 4.3451967587e-01 -8.2060278714e-02 3.2728623022e-02
   endloop
 endfacet
 facet normal  2.3153843670e-02 -9.7759871463e-01 2.0920003028e-01
   outer loop
     vertex 3.9500000000e-01 -9.0000000000e-02 0.0000000000e+00
     vertex 4.3451967587e-01 -8.2060278714e-02 3.2728623022e-02
     vertex 3.9500000000e-01 -8.2922674529e-02 3.3072577831e-02
   endloop
 endfacet
 facet normal  2.2810623877e-02 -8.1358230518e-01 5.8100215847e-01
   outer loop
     vertex 3.9500000000e-01 -8.2922674529e-02 3.3072577831e-02
     vertex 4.3451967587e-01 -8.2060278714e-02 3.2728623022e-02
     vertex 4.3451967587e-01 -6.2965409903e-02 5.9467331575e-02
   endloop
 endfacet
 facet normal  2.2810623877e-02 -8.1358230518e-01 5.8100215847e-01
   outer loop
     vertex 3.9500000000e-01 -8.2922674529e-02 3.3072577831e-02
     vertex 4.3451967587e-01 -6.2965409903e-02 5.9467331575e-02
     vertex 3.9500000000e-01 -6.3627132077e-02 6.0092291406e-02
   endloop
 endfacet
 facet normal  2.2327999195e-02 -5.3711441296e-01 8.4321383281e-01
   outer loop
     vertex 3.9500000000e-01 -6.3627132077e-02 6.0092291406e-02
     vertex 4.3451967587e-01 -6.2965409903e-02 5.9467331575e-02
     vertex 4.3451967587e-01 -3.4653836141e-02 7.7501374341e-02
   endloop
 endfacet
 facet normal  2.2327999195e-02 -5.3711441296e-01 8.4321383281e-01
   outer loop
     vertex 3.9500000000e-01 -6.3627132077e-02 6.0092291406e-02
     vertex 4.3451967587e-01 -3.4653836141e-02 7.7501374341e-02
     vertex 3.9500000000e-01 -3.5018023586e-02 7.8315859277e-02
   endloop
 endfacet
 facet normal  2.1966620188e-02 -1.8744691776e-01 9.8202908339e-01
   outer loop
     vertex 3.9500000000e-01 -3.5018023586e-02 7.8315859277e-02
     vertex 4.3451967587e-01 -3.4653836141e-02 7.7501374341e-02
     vertex 4.3451967587e-01 0.0000000000e+00 8.4116000000e-02
   endloop
 endfacet
 facet normal  2.1966620188e-02 -1.8744691776e-01 9.8202908339e-01
   outer loop
     vertex 3.9500000000e-01 -3.5018023586e-02 7.8315859277e-02
     vertex 4.3451967587e-01 0.0000000000e+00 8.4116000000e-02
     vertex 3.9500000000e-01 0.0000000000e+00 8.5000000000e-02
   endloop
 endfacet
 facet normal  2.1966620188e-02 1.8744691776e-01 9.8202908339e-01
   outer loop
     vertex 3.9500000000e-01 0.0000000000e+00 8.5000000000e-02
     vertex 4.3451967587e-01 0.0000000000e+00 8.4116000000e-02
     vertex 3.9500000000e-01 3.5018023586e-02 7.8315859277e-02
   endloop
 endfacet
 facet normal  2.1966620188e-02 1.8744691776e-01 9.8202908339e-01
   outer loop
     vertex 4.3451967587e-01 0.0000000000e+00 8.4116000000e-02
     vertex 4.3451967587e-01 3.4653836141e-02 7.7501374341e-02
     vertex 3.9500000000e-01 3.5018023586e-02 7.8315859277e-02
   endloop
 endfacet
 facet normal  2.2327999195e-02 5.3711441296e-01 8.4321383281e-01
   outer loop
     vertex 3.9500000000e-01 3.5018023586e-02 7.8315859277e-02
     vertex 4.3451967587e-01 3.4653836141e-02 7.7501374341e-02
     vertex 3.9500000000e-01 6.3627132077e-02 6.0092291406e-02
   endloop
 endfacet
 facet normal  2.2327999195e-02 5.3711441296e-01 8.4321383281e-01
   outer loop
     vertex 4.3451967587e-01 3.4653836141e-02 7.7501374341e-02
     vertex 4.3451967587e-01 6.2965409903e-02 5.9467331575e-02
     vertex 3.9500000000e-01 6.3627132077e-02 6.0092291406e-02
   endloop
 endfacet
 facet normal  2.2810623877e-02 8.1358230518e-01 5.8100215847e-01
   outer loop
     vertex 3.9500000000e-01 6.3627132077e-02 6.0092291406e-02
     vertex 4.3451967587e-01 6.2965409903e-02 5.9467331575e-02
     vertex 3.9500000000e-01 8.2922674529e-02 3.3072577831e-02
   endloop
 endfacet
 facet normal  2.2810623877e-02 8.1358230518e-01 5.8100215847e-01
   outer loop
     vertex 4.3451967587e-01 6.2965409903e-02 5.9467331575e-02
     vertex 4.3451967587e-01 8.2060278714e-02 3.2728623022e-02
     vertex 3.9500000000e-01 8.2922674529e-02 3.3072577831e-02
   endloop
 endfacet
 facet normal  2.3153843670e-02 9.7759871463e-01 2.0920003028e-01
   outer loop
     vertex 3.9500000000e-01 8.2922674529e-02 3.3072577831e-02
     vertex 4.3451967587e-01 8.2060278714e-02 3.2728623022e-02
     vertex 3.9500000000e-01 9.0000000000e-02 0.0000000000e+00
   endloop
 endfacet
 facet normal  2.3153843670e-02 9.7759871463e-01 2.0920003028e-01
   outer loop
     vertex 4.3451967587e-01 8.2060278714e-02 3.2728623022e-02
     vertex 4.3451967587e-01 8.9064000000e-02 0.0000000000e+00
     vertex 3.9500000000e-01 9.0000000000e-02 0.0000000000e+00
   endloop
 endfacet
 facet normal  5.5184871717e-02 9.7637075616e-01 -2.0893725482e-01
   outer loop
     vertex 4.3451967587e-01 8.9064000000e-02 0.0000000000e+00
     vertex 4.7400983793e-01 8.6832000000e-02 0.0000000000e+00
     vertex 4.7400983793e-01 8.0003796385e-02 -3.1908423092e-02
   endloop
 endfacet
 facet normal  5.5184871717e-02 9.7637075616e-01 -2.0893725482e-01
   outer loop
     vertex 4.3451967587e-01 8.9064000000e-02 0.0000000000e+00
     vertex 4.7400983793e-01 8.0003796385e-02 -3.1908423092e-02
     vertex 4.3451967587e-01 8.2060278714e-02 -3.2728623022e-02
   endloop
 endfacet
 facet normal  5.4368850082e-02 8.1259038492e-01 -5.8029380013e-01
   outer loop
     vertex 4.3451967587e-01 8.2060278714e-02 -3.2728623022e-02
     vertex 4.7400983793e-01 8.0003796385e-02 -3.1908423092e-02
     vertex 4.7400983793e-01 6.1387457028e-02 -5.7977042748e-02
   endloop
 endfacet
 facet normal  5.4368850082e-02 8.1259038492e-01 -5.8029380013e-01
   outer loop
     vertex 4.3451967587e-01 8.2060278714e-02 -3.2728623022e-02
     vertex 4.7400983793e-01 6.1387457028e-02 -5.7977042748e-02
     vertex 4.3451967587e-01 6.2965409903e-02 -5.9467331575e-02
   endloop
 endfacet
 facet normal  5.3221235033e-02 5.3648693194e-01 -8.4222875278e-01
   outer loop
     vertex 4.3451967587e-01 6.2965409903e-02 -5.9467331575e-02
     vertex 4.7400983793e-01 6.1387457028e-02 -5.7977042748e-02
     vertex 4.7400983793e-01 3.3785389156e-02 -7.5559141031e-02
   endloop
 endfacet
 facet normal  5.3221235033e-02 5.3648693194e-01 -8.4222875278e-01
   outer loop
     vertex 4.3451967587e-01 6.2965409903e-02 -5.9467331575e-02
     vertex 4.7400983793e-01 3.3785389156e-02 -7.5559141031e-02
     vertex 4.3451967587e-01 3.4653836141e-02 -7.7501374341e-02
   endloop
 endfacet
 facet normal  5.2361811519e-02 1.8723495313e-01 -9.8091860673e-01
   outer loop
     vertex 4.3451967587e-01 3.4653836141e-02 -7.7501374341e-02
     vertex 4.7400983793e-01 3.3785389156e-02 -7.5559141031e-02
     vertex 4.7400983793e-01 0.0000000000e+00 -8.2008000000e-02
   endloop
 endfacet
 facet normal  5.2361811519e-02 1.8723495313e-01 -9.8091860673e-01
   outer loop
     vertex 4.3451967587e-01 3.4653836141e-02 -7.7501374341e-02
     vertex 4.7400983793e-01 0.0000000000e+00 -8.2008000000e-02
     vertex 4.3451967587e-01 0.0000000000e+00 -8.4116000000e-02
   endloop
 endfacet
 facet normal  5.2361811519e-02 -1.8723495313e-01 -9.8091860673e-01
   outer loop
     vertex 4.3451967587e-01 0.0000000000e+00 -8.4116000000e-02
     vertex 4.7400983793e-01 0.0000000000e+00 -8.2008000000e-02
     vertex 4.3451967587e-01 -3.4653836141e-02 -7.7501374341e-02
   endloop
 endfacet
 facet normal  5.2361811519e-02 -1.8723495313e-01 -9.8091860673e-01
   outer loop
     vertex 4.7400983793e-01 0.0000000000e+00 -8.2008000000e-02
     vertex 4.7400983793e-01 -3.3785389156e-02 -7.5559141031e-02
     vertex 4.3451967587e-01 -3.4653836141e-02 -7.7501374341e-02
   endloop
 endfacet
 facet normal  5.3221235033e-02 -5.3648693194e-01 -8.4222875278e-01
   outer loop
     vertex 4.3451967587e-01 -3.4653836141e-02 -7.7501374341e-02
     vertex 4.7400983793e-01 -3.3785389156e-02 -7.5559141031e-02
     vertex 4.3451967587e-01 -6.2965409903e-02 -5.9467331575e-02
   endloop
 endfacet
 facet normal  5.3221235033e-02 -5.3648693194e-01 -8.4222875278e-01
   outer loop
     vertex 4.7400983793e-01 -3.3785389156e-02 -7.5559141031e-02
     vertex 4.7400983793e-01 -6.1387457028e-02 -5.7977042748e-02
     vertex 4.3451967587e-01 -6.2965409903e-02 -5.9467331575e-02
   endloop
 endfacet
 facet normal  5.4368850082e-02 -8.1259038492e-01 -5.8029380013e-01
   outer loop
     vertex 4.3451967587e-01 -6.2965409903e-02 -5.9467331575e-02
     vertex 4.7400983793e-01 -6.1387457028e-02 -5.7977042748e-02
     vertex 4.3451967587e-01 -8.2060278714e-02 -3.2728623022e-02
   endloop
 endfacet
 facet normal  5.4368850082e-02 -8.1259038492e-01 -5.8029380013e-01
   outer loop
     vertex 4.7400983793e-01 -6.1387457028e-02 -5.7977042748e-02
     vertex 4.7400983793e-01 -8.0003796385e-02 -3.1908423092e-02
     vertex 4.3451967587e-01 -8.2060278714e-02 -3.2728623022e-02
   endloop
 endfacet
 facet normal  5.5184871717e-02 -9.7637075616e-01 -2.0893725482e-01
   outer loop
     vertex 4.3451967587e-01 -8.2060278714e-02 -3.2728623022e-02
     vertex 4.7400983793e-01 -8.0003796385e-02 -3.1908423092e-02
     vertex 4.3451967587e-01 -8.9064000000e-02 0.0000000000e+00
   endloop
 endfacet
 facet normal  5.5184871717e-02 -9.7637075616e-01 -2.0893725482e-01
   outer loop
     vertex 4.7400983793e-01 -8.0003796385e-02 -3.1908423092e-02
     vertex 4.7400983793e-01 -8.6832000000e-02 0.0000000000e+00
     vertex 4.3451967587e-01 -8.9064000000e-02 0.0000000000e+00
   endloop
 endfacet
 facet normal  5.5184871717e-02 -9.7637075616e-01 2.0893725482e-01
   outer loop
     vertex 4.3451967587e-01 -8.9064000000e-02 0.0000000000e+00
     vertex 4.7400983793e-01 -8.6832000000e-02 0.0000000000e+00
     vertex 4.7400983793e-01 -8.0003796385e-02 3.1908423092e-02
   endloop
 endfacet
 facet normal  5.5184871717e-02 -9.7637075616e-01 2.0893725482e-01
   outer loop
     vertex 4.3451967587e-01 -8.9064000000e-02 0.0000000000e+00
     vertex 4.7400983793e-01 -8.0003796385e-02 3.1908423092e-02
     vertex 4.3451967587e-01 -8.2060278714e-02 3.2728623022e-02
   endloop
 endfacet
 facet normal  5.4368850082e-02 -8.1259038492e-01 5.8029380013e-01
   outer loop
     vertex 4.3451967587e-01 -8.2060278714e-02 3.2728623022e-02
     vertex 4.7400983793e-01 -8.0003796385e-02 3.1908423092e-02
     vertex 4.7400983793e-01 -6.1387457028e-02 5.7977042748e-02
   endloop
 endfacet
 facet normal  5.4368850082e-02 -8.1259038492e-01 5.8029380013e-01
   outer loop
     vertex 4.3451967587e-01 -8.2060278714e-02 3.2728623022e-02
     vertex 4.7400983793e-01 -6.1387457028e-02 5.7977042748e-02
     vertex 4.3451967587e-01 -6.2965409903e-02 5.9467331575e-02
   endloop
 endfacet
 facet normal  5.3221235033e-02 -5.3648693194e-01 8.4222875278e-01
   outer loop
     vertex 4.3451967587e-01 -6.2965409903e-02 5.9467331575e-02
     vertex 4.7400983793e-01 -6.1387457028e-02 5.7977042748e-02
     vertex 4.7400983793e-01 -3.3785389156e-02 7.5559141031e-02
   endloop
 endfacet
 facet normal  5.3221235033e-02 -5.3648693194e-01 8.4222875278e-01
   outer loop
     vertex 4.3451967587e-01 -6.2965409903e-02 5.9467331575e-02
     vertex 4.7400983793e-01 -3.3785389156e-02 7.5559141031e-02
     vertex 4.3451967587e-01 -3.4653836141e-02 7.7501374341e-02
   endloop
 endfacet
 facet normal  5.2361811519e-02 -1.8723495313e-01 9.8091860673e-01
   outer loop
     vertex 4.3451967587e-01 -3.4653836141e-02 7.7501374341e-02
     vertex 4.7400983793e-01 -3.3785389156e-02 7.5559141031e-02
     vertex 4.7400983793e-01 0.0000000000e+00 8.2008000000e-02
   endloop
 endfacet
 facet normal  5.2361811519e-02 -1.8723495313e-01 9.8091860673e-01
   outer loop
     vertex 4.3451967587e-01 -3.4653836141e-02 7.7501374341e-02
     vertex 4.7400983793e-01 0.0000000000e+00 8.2008000000e-02
     vertex 4.3451967587e-01 0.0000000000e+00 8.4116000000e-02
   endloop
 endfacet
 facet normal  5.2361811519e-02 1.8723495313e-01 9.8091860673e-01
   outer loop
     vertex 4.3451967587e-01 0.0000000000e+00 8.4116000000e-02
     vertex 4.7400983793e-01 0.0000000000e+00 8.2008000000e-02
     vertex 4.3451967587e-01 3.4653836141e-02 7.7501374341e-02
   endloop
 endfacet
 facet normal  5.2361811519e-02 1.8723495313e-01 9.8091860673e-01
   outer loop
     vertex 4.7400983793e-01 0.0000000000e+00 8.2008000000e-02
     vertex 4.7400983793e-01 3.3785389156e-02 7.5559141031e-02
     vertex 4.3451967587e-01 3.4653836141e-02 7.7501374341e-02
   endloop
 endfacet
 facet normal  5.3221235033e-02 5.3648693194e-01 8.4222875278e-01
   outer loop
     vertex 4.3451967587e-01 3.4653836141e-02 7.7501374341e-02
     vertex 4.7400983793e-01 3.3785389156e-02 7.5559141031e-02
     vertex 4.3451967587e-01 6.2965409903e-02 5.9467331575e-02
   endloop
 endfacet
 facet normal  5.3221235033e-02 5.3648693194e-01 8.4222875278e-01
   outer loop
     vertex 4.7400983793e-01 3.3785389156e-02 7.5559141031e-02
     vertex 4.7400983793e-01 6.1387457028e-02 5.7977042748e-02
     vertex 4.3451967587e-01 6.2965409903e-02 5.9467331575e-02
   endloop
 endfacet
 facet normal  5.4368850082e-02 8.1259038492e-01 5.8029380013e-01
   outer loop
     vertex 4.3451967587e-01 6.2965409903e-02 5.9467331575e-02
     vertex 4.7400983793e-01 6.1387457028e-02 5.7977042748e-02
     vertex 4.3451967587e-01 8.2060278714e-02 3.2728623022e-02
   endloop
 endfacet
 facet normal  5.4368850082e-02 8.1259038492e-01 5.8029380013e-01
   outer loop
     vertex 4.7400983793e-01 6.1387457028e-02 5.7977042748e-02
     vertex 4.7400983793e-01 8.0003796385e-02 3.1908423092e-02
     vertex 4.3451967587e-01 8.2060278714e-02 3.2728623022e-02
   endloop
 endfacet
 facet normal  5.5184871717e-02 9.7637075616e-01 2.0893725482e-01
   outer loop
     vertex 4.3451967587e-01 8.2060278714e-02 3.2728623022e-02
     vertex 4.7400983793e-01 8.0003796385e-02 3.1908423092e-02
     vertex 4.3451967587e-01 8.9064000000e-02 0.0000000000e+00
   endloop
 endfacet
 facet normal  5.5184871717e-02 9.7637075616e-01 2.0893725482e-01
   outer loop
     vertex 4.7400983793e-01 8.0003796385e-02 3.1908423092e-02
     vertex 4.7400983793e-01 8.6832000000e-02 0.0000000000e+00
     vertex 4.3451967587e-01 8.9064000000e-02 0.0000000000e+00
   endloop
 endfacet
 facet normal  6.5839606880e-02 9.7573912179e-01 -2.0880208900e-01
   outer loop
     vertex 4.7400983793e-01 8.6832000000e-02 0.0000000000e+00
     vertex 5.1349016207e-01 8.4168000000e-02 0.0000000000e+00
     vertex 5.1349016207e-01 7.7549285219e-02 -3.0929474788e-02
   endloop
 endfacet
 facet normal  6.5839606880e-02 9.7573912179e-01 -2.0880208900e-01
   outer loop
     vertex 4.7400983793e-01 8.6832000000e-02 0.0000000000e+00
     vertex 5.1349016207e-01 7.7549285219e-02 -3.0929474788e-02
     vertex 4.7400983793e-01 8.0003796385e-02 -3.1908423092e-02
   endloop
 endfacet
 facet normal  6.4867264594e-02 8.1208012054e-01 -5.7992940589e-01
   outer loop
     vertex 4.7400983793e-01 8.0003796385e-02 -3.1908423092e-02
     vertex 5.1349016207e-01 7.7549285219e-02 -3.0929474788e-02
     vertex 5.1349016207e-01 5.9504093918e-02 -5.6198310923e-02
   endloop
 endfacet
 facet normal  6.4867264594e-02 8.1208012054e-01 -5.7992940589e-01
   outer loop
     vertex 4.7400983793e-01 8.0003796385e-02 -3.1908423092e-02
     vertex 5.1349016207e-01 5.9504093918e-02 -5.6198310923e-02
     vertex 4.7400983793e-01 6.1387457028e-02 -5.7977042748e-02
   endloop
 endfacet
 facet normal  6.3499714592e-02 5.3616410526e-01 -8.4172194843e-01
   outer loop
     vertex 4.7400983793e-01 6.1387457028e-02 -5.7977042748e-02
     vertex 5.1349016207e-01 5.9504093918e-02 -5.6198310923e-02
     vertex 5.1349016207e-01 3.2748855658e-02 -7.3240991596e-02
   endloop
 endfacet
 facet normal  6.3499714592e-02 5.3616410526e-01 -8.4172194843e-01
   outer loop
     vertex 4.7400983793e-01 6.1387457028e-02 -5.7977042748e-02
     vertex 5.1349016207e-01 3.2748855658e-02 -7.3240991596e-02
     vertex 4.7400983793e-01 3.3785389156e-02 -7.5559141031e-02
   endloop
 endfacet
 facet normal  6.2475516832e-02 1.8712589221e-01 -9.8034723964e-01
   outer loop
     vertex 4.7400983793e-01 3.3785389156e-02 -7.5559141031e-02
     vertex 5.1349016207e-01 3.2748855658e-02 -7.3240991596e-02
     vertex 5.1349016207e-01 0.0000000000e+00 -7.9492000000e-02
   endloop
 endfacet
 facet normal  6.2475516832e-02 1.8712589221e-01 -9.8034723964e-01
   outer loop
     vertex 4.7400983793e-01 3.3785389156e-02 -7.5559141031e-02
     vertex 5.1349016207e-01 0.0000000000e+00 -7.9492000000e-02
     vertex 4.7400983793e-01 0.0000000000e+00 -8.2008000000e-02
   endloop
 endfacet
 facet normal  6.2475516832e-02 -1.8712589221e-01 -9.8034723964e-01
   outer loop
     vertex 4.7400983793e-01 0.0000000000e+00 -8.2008000000e-02
     vertex 5.1349016207e-01 0.0000000000e+00 -7.9492000000e-02
     vertex 4.7400983793e-01 -3.3785389156e-02 -7.5559141031e-02
   endloop
 endfacet
 facet normal  6.2475516832e-02 -1.8712589221e-01 -9.8034723964e-01
   outer loop
     vertex 5.1349016207e-01 0.0000000000e+00 -7.9492000000e-02
     vertex 5.1349016207e-01 -3.2748855658e-02 -7.3240991596e-02
     vertex 4.7400983793e-01 -3.3785389156e-02 -7.5559141031e-02
   endloop
 endfacet
 facet normal  6.3499714592e-02 -5.3616410526e-01 -8.4172194843e-01
   outer loop
     vertex 4.7400983793e-01 -3.3785389156e-02 -7.5559141031e-02
     vertex 5.1349016207e-01 -3.2748855658e-02 -7.3240991596e-02
     vertex 4.7400983793e-01 -6.1387457028e-02 -5.7977042748e-02
   endloop
 endfacet
 facet normal  6.3499714592e-02 -5.3616410526e-01 -8.4172194843e-01
   outer loop
     vertex 5.1349016207e-01 -3.2748855658e-02 -7.3240991596e-02
     vertex 5.1349016207e-01 -5.9504093918e-02 -5.6198310923e-02
     vertex 4.7400983793e-01 -6.1387457028e-02 -5.7977042748e-02
   endloop
 endfacet
 facet normal  6.4867264594e-02 -8.1208012054e-01 -5.7992940589e-01
   outer loop
     vertex 4.7400983793e-01 -6.1387457028e-02 -5.7977042748e-02
     vertex 5.1349016207e-01 -5.9504093918e-02 -5.6198310923e-02
     vertex 4.7400983793e-01 -8.0003796385e-02 -3.1908423092e-02
   endloop
 endfacet
 facet normal  6.4867264594e-02 -8.1208012054e-01 -5.7992940589e-01
   outer loop
     vertex 5.1349016207e-01 -5.9504093918e-02 -5.6198310923e-02
     vertex 5.1349016207e-01 -7.7549285219e-02 -3.0929474788e-02
     vertex 4.7400983793e-01 -8.0003796385e-02 -3.1908423092e-02
   endloop
 endfacet
 facet normal  6.5839606880e-02 -9.7573912179e-01 -2.0880208900e-01
   outer loop
     vertex 4.7400983793e-01 -8.0003796385e-02 -3.1908423092e-02
     vertex 5.1349016207e-01 -7.7549285219e-02 -3.0929474788e-02
     vertex 4.7400983793e-01 -8.6832000000e-02 0.0000000000e+00
   endloop
 endfacet
 facet normal  6.5839606880e-02 -9.7573912179e-01 -2.0880208900e-01
   outer loop
     vertex 5.1349016207e-01 -7.7549285219e-02 -3.0929474788e-02
     vertex 5.1349016207e-01 -8.4168000000e-02 0.0000000000e+00
     vertex 4.7400983793e-01 -8.6832000000e-02 0.0000000000e+00
   endloop
 endfacet
 facet normal  6.5839606880e-02 -9.7573912179e-01 2.0880208900e-01
   outer loop
     vertex 4.7400983793e-01 -8.6832000000e-02 0.0000000000e+00
     vertex 5.1349016207e-01 -8.4168000000e-02 0.0000000000e+00
     vertex 5.1349016207e-01 -7.7549285219e-02 3.0929474788e-02
   endloop
 endfacet
 facet normal  6.5839606880e-02 -9.7573912179e-01 2.0880208900e-01
   outer loop
     vertex 4.7400983793e-01 -8.6832000000e-02 0.0000000000e+00
     vertex 5.1349016207e-01 -7.7549285219e-02 3.0929474788e-02
     vertex 4.7400983793e-01 -8.0003796385e-02 3.1908423092e-02
   endloop
 endfacet
 facet normal  6.4867264594e-02 -8.1208012054e-01 5.7992940589e-01
   outer loop
     vertex 4.7400983793e-01 -8.0003796385e-02 3.1908423092e-02
     vertex 5.1349016207e-01 -7.7549285219e-02 3.0929474788e-02
     vertex 5.1349016207e-01 -5.9504093918e-02 5.6198310923e-02
   endloop
 endfacet
 facet normal  6.4867264594e-02 -8.1208012054e-01 5.7992940589e-01
   outer loop
     vertex 4.7400983793e-01 -8.0003796385e-02 3.1908423092e-02
     vertex 5.1349016207e-01 -5.9504093918e-02 5.6198310923e-02
     vertex 4.7400983793e-01 -6.1387457028e-02 5.7977042748e-02
   endloop
 endfacet
 facet normal  6.3499714592e-02 -5.3616410526e-01 8.4172194843e-01
   outer loop
     vertex 4.7400983793e-01 -6.1387457028e-02 5.7977042748e-02
     vertex 5.1349016207e-01 -5.9504093918e-02 5.6198310923e-02
     vertex 5.1349016207e-01 -3.2748855658e-02 7.3240991596e-02
   endloop
 endfacet
 facet normal  6.3499714592e-02 -5.3616410526e-01 8.4172194843e-01
   outer loop
     vertex 4.7400983793e-01 -6.1387457028e-02 5.7977042748e-02
     vertex 5.1349016207e-01 -3.2748855658e-02 7.3240991596e-02
     vertex 4.7400983793e-01 -3.3785389156e-02 7.5559141031e-02
   endloop
 endfacet
 facet normal  6.2475516832e-02 -1.8712589221e-01 9.8034723964e-01
   outer loop
     vertex 4.7400983793e-01 -3.3785389156e-02 7.5559141031e-02
     vertex 5.1349016207e-01 -3.2748855658e-02 7.3240991596e-02
     vertex 5.1349016207e-01 0.0000000000e+00 7.9492000000e-02
   endloop
 endfacet
 facet normal  6.2475516832e-02 -1.8712589221e-01 9.8034723964e-01
   outer loop
     vertex 4.7400983793e-01 -3.3785389156e-02 7.5559141031e-02
     vertex 5.1349016207e-01 0.0000000000e+00 7.9492000000e-02
     vertex 4.7400983793e-01 0.0000000000e+00 8.2008000000e-02
   endloop
 endfacet
 facet normal  6.2475516832e-02 1.8712589221e-01 9.8034723964e-01
   outer loop
     vertex 4.7400983793e-01 0.0000000000e+00 8.2008000000e-02
     vertex 5.1349016207e-01 0.0000000000e+00 7.9492000000e-02
     vertex 4.7400983793e-01 3.3785389156e-02 7.5559141031e-02
   endloop
 endfacet
 facet normal  6.2475516832e-02 1.8712589221e-01 9.8034723964e-01
   outer loop
     vertex 5.1349016207e-01 0.0000000000e+00 7.9492000000e-02
     vertex 5.1349016207e-01 3.2748855658e-02 7.3240991596e-02
     vertex 4.7400983793e-01 3.3785389156e-02 7.5559141031e-02
   endloop
 endfacet
 facet normal  6.3499714592e-02 5.3616410526e-01 8.4172194843e-01
   outer loop
     vertex 4.7400983793e-01 3.3785389156e-02 7.5559141031e-02
     vertex 5.1349016207e-01 3.2748855658e-02 7.3240991596e-02
     vertex 4.7400983793e-01 6.1387457028e-02 5.7977042748e-02
   endloop
 endfacet
 facet normal  6.3499714592e-02 5.3616410526e-01 8.4172194843e-01
   outer loop
     vertex 5.1349016207e-01 3.2748855658e-02 7.3240991596e-02
     vertex 5.1349016207e-01 5.9504093918e-02 5.6198310923e-02
     vertex 4.7400983793e-01 6.1387457028e-02 5.7977042748e-02
   endloop
 endfacet
 facet normal  6.4867264594e-02 8.1208012054e-01 5.7992940589e-01
   outer loop
     vertex 4.7400983793e-01 6.1387457028e-02 5.7977042748e-02
     vertex 5.1349016207e-01 5.9504093918e-02 5.6198310923e-02
     vertex 4.7400983793e-01 8.0003796385e-02 3.1908423092e-02
   endloop
 endfacet
 facet normal  6.4867264594e-02 8.1208012054e-01 5.7992940589e-01
   outer loop
     vertex 5.1349016207e-01 5.9504093918e-02 5.6198310923e-02
     vertex 5.1349016207e-01 7.7549285219e-02 3.0929474788e-02
     vertex 4.7400983793e-01 8.0003796385e-02 3.1908423092e-02
   endloop
 endfacet
 facet normal  6.5839606880e-02 9.7573912179e-01 2.0880208900e-01
   outer loop
     vertex 4.7400983793e-01 8.0003796385e-02 3.1908423092e-02
     vertex 5.1349016207e-01 7.7549285219e-02 3.0929474788e-02
     vertex 4.7400983793e-01 8.6832000000e-02 0.0000000000e+00
   endloop
 endfacet
 facet normal  6.5839606880e-02 9.7573912179e-01 2.0880208900e-01
   outer loop
     vertex 5.1349016207e-01 7.7549285219e-02 3.0929474788e-02
     vertex 5.1349016207e-01 8.4168000000e-02 0.0000000000e+00
     vertex 4.7400983793e-01 8.6832000000e-02 0.0000000000e+00
   endloop
 endfacet
 facet normal  5.5184871717e-02 9.7637075616e-01 -2.0893725482e-01
   outer loop
     vertex 5.1349016207e-01 8.4168000000e-02 0.0000000000e+00
     vertex 5.5298032413e-01 8.1936000000e-02 0.0000000000e+00
     vertex 5.5298032413e-01 7.5492802891e-02 -3.0109274858e-02
   endloop
 endfacet
 facet normal  5.5184871717e-02 9.7637075616e-01 -2.0893725482e-01
   outer loop
     vertex 5.1349016207e-01 8.4168000000e-02 0.0000000000e+00
     vertex 5.5298032413e-01 7.5492802891e-02 -3.0109274858e-02
     vertex 5.1349016207e-01 7.7549285219e-02 -3.0929474788e-02
   endloop
 endfacet
 facet normal  5.4368850082e-02 8.1259038492e-01 -5.8029380013e-01
   outer loop
     vertex 5.1349016207e-01 7.7549285219e-02 -3.0929474788e-02
     vertex 5.5298032413e-01 7.5492802891e-02 -3.0109274858e-02
     vertex 5.5298032413e-01 5.7926141043e-02 -5.4708022096e-02
   endloop
 endfacet
 facet normal  5.4368850082e-02 8.1259038492e-01 -5.8029380013e-01
   outer loop
     vertex 5.1349016207e-01 7.7549285219e-02 -3.0929474788e-02
     vertex 5.5298032413e-01 5.7926141043e-02 -5.4708022096e-02
     vertex 5.1349016207e-01 5.9504093918e-02 -5.6198310923e-02
   endloop
 endfacet
 facet normal  5.3221235033e-02 5.3648693194e-01 -8.4222875278e-01
   outer loop
     vertex 5.1349016207e-01 5.9504093918e-02 -5.6198310923e-02
     vertex 5.5298032413e-01 5.7926141043e-02 -5.4708022096e-02
     vertex 5.5298032413e-01 3.1880408673e-02 -7.1298758286e-02
   endloop
 endfacet
 facet normal  5.3221235033e-02 5.3648693194e-01 -8.4222875278e-01
   outer loop
     vertex 5.1349016207e-01 5.9504093918e-02 -5.6198310923e-02
     vertex 5.5298032413e-01 3.1880408673e-02 -7.1298758286e-02
     vertex 5.1349016207e-01 3.2748855658e-02 -7.3240991596e-02
   endloop
 endfacet
 facet normal  5.2361811519e-02 1.8723495313e-01 -9.8091860673e-01
   outer loop
     vertex 5.1349016207e-01 3.2748855658e-02 -7.3240991596e-02
     vertex 5.5298032413e-01 3.1880408673e-02 -7.1298758286e-02
     vertex 5.5298032413e-01 0.0000000000e+00 -7.7384000000e-02
   endloop
 endfacet
 facet normal  5.2361811519e-02 1.8723495313e-01 -9.8091860673e-01
   outer loop
     vertex 5.1349016207e-01 3.2748855658e-02 -7.3240991596e-02
     vertex 5.5298032413e-01 0.0000000000e+00 -7.7384000000e-02
     vertex 5.1349016207e-01 0.0000000000e+00 -7.9492000000e-02
   endloop
 endfacet
 facet normal  5.2361811519e-02 -1.8723495313e-01 -9.8091860673e-01
   outer loop
     vertex 5.1349016207e-01 0.0000000000e+00 -7.9492000000e-02
     vertex 5.5298032413e-01 0.0000000000e+00 -7.7384000000e-02
     vertex 5.1349016207e-01 -3.2748855658e-02 -7.3240991596e-02
   endloop
 endfacet
 facet normal  5.2361811519e-02 -1.8723495313e-01 -9.8091860673e-01
   outer loop
     vertex 5.5298032413e-01 0.0000000000e+00 -7.7384000000e-02
     vertex 5.5298032413e-01 -3.1880408673e-02 -7.1298758286e-02
     vertex 5.1349016207e-01 -3.2748855658e-02 -7.3240991596e-02
   endloop
 endfacet
 facet normal  5.3221235033e-02 -5.3648693194e-01 -8.4222875278e-01
   outer loop
     vertex 5.1349016207e-01 -3.2748855658e-02 -7.3240991596e-02
     vertex 5.5298032413e-01 -3.1880408673e-02 -7.1298758286e-02
     vertex 5.1349016207e-01 -5.9504093918e-02 -5.6198310923e-02
   endloop
 endfacet
 facet normal  5.3221235033e-02 -5.3648693194e-01 -8.4222875278e-01
   outer loop
     vertex 5.5298032413e-01 -3.1880408673e-02 -7.1298758286e-02
     vertex 5.5298032413e-01 -5.7926141043e-02 -5.4708022096e-02
     vertex 5.1349016207e-01 -5.9504093918e-02 -5.6198310923e-02
   endloop
 endfacet
 facet normal  5.4368850082e-02 -8.1259038492e-01 -5.8029380013e-01
   outer loop
     vertex 5.1349016207e-01 -5.9504093918e-02 -5.6198310923e-02
     vertex 5.5298032413e-01 -5.7926141043e-02 -5.4708022096e-02
     vertex 5.1349016207e-01 -7.7549285219e-02 -3.0929474788e-02
   endloop
 endfacet
 facet normal  5.4368850082e-02 -8.1259038492e-01 -5.8029380013e-01
   outer loop
     vertex 5.5298032413e-01 -5.7926141043e-02 -5.4708022096e-02
     vertex 5.5298032413e-01 -7.5492802891e-02 -3.0109274858e-02
     vertex 5.1349016207e-01 -7.7549285219e-02 -3.0929474788e-02
   endloop
 endfacet
 facet normal  5.5184871717e-02 -9.7637075616e-01 -2.0893725482e-01
   outer loop
     vertex 5.1349016207e-01 -7.7549285219e-02 -3.0929474788e-02
     vertex 5.5298032413e-01 -7.5492802891e-02 -3.0109274858e-02
     vertex 5.1349016207e-01 -8.4168000000e-02 0.0000000000e+00
   endloop
 endfacet
 facet normal  5.5184871717e-02 -9.7637075616e-01 -2.0893725482e-01
   outer loop
     vertex 5.5298032413e-01 -7.5492802891e-02 -3.0109274858e-02
     vertex 5.5298032413e-01 -8.1936000000e-02 0.0000000000e+00
     vertex 5.1349016207e-01 -8.4168000000e-02 0.0000000000e+00
   endloop
 endfacet
 facet normal  5.5184871717e-02 -9.7637075616e-01 2.0893725482e-01
   outer loop
     vertex 5.1349016207e-01 -8.4168000000e-02 0.0000000000e+00
     vertex 5.5298032413e-01 -8.1936000000e-02 0.0000000000e+00
     vertex 5.5298032413e-01 -7.5492802891e-02 3.0109274858e-02
   endloop
 endfacet
 facet normal  5.5184871717e-02 -9.7637075616e-01 2.0893725482e-01
   outer loop
     vertex 5.1349016207e-01 -8.4168000000e-02 0.0000000000e+00
     vertex 5.5298032413e-01 -7.5492802891e-02 3.0109274858e-02
     vertex 5.1349016207e-01 -7.7549285219e-02 3.0929474788e-02
   endloop
 endfacet
 facet normal  5.4368850082e-02 -8.1259038492e-01 5.8029380013e-01
   outer loop
     vertex 5.1349016207e-01 -7.7549285219e-02 3.0929474788e-02
     vertex 5.5298032413e-01 -7.5492802891e-02 3.0109274858e-02
     vertex 5.5298032413e-01 -5.7926141043e-02 5.4708022096e-02
   endloop
 endfacet
 facet normal  5.4368850082e-02 -8.1259038492e-01 5.8029380013e-01
   outer loop
     vertex 5.1349016207e-01 -7.7549285219e-02 3.0929474788e-02
     vertex 5.5298032413e-01 -5.7926141043e-02 5.4708022096e-02
     vertex 5.1349016207e-01 -5.9504093918e-02 5.6198310923e-02
   endloop
 endfacet
 facet normal  5.3221235033e-02 -5.3648693194e-01 8.4222875278e-01
   outer loop
     vertex 5.1349016207e-01 -5.9504093918e-02 5.6198310923e-02
     vertex 5.5298032413e-01 -5.7926141043e-02 5.4708022096e-02
     vertex 5.5298032413e-01 -3.1880408673e-02 7.1298758286e-02
   endloop
 endfacet
 facet normal  5.3221235033e-02 -5.3648693194e-01 8.4222875278e-01
   outer loop
     vertex 5.1349016207e-01 -5.9504093918e-02 5.6198310923e-02
     vertex 5.5298032413e-01 -3.1880408673e-02 7.1298758286e-02
     vertex 5.1349016207e-01 -3.2748855658e-02 7.3240991596e-02
   endloop
 endfacet
 facet normal  5.2361811519e-02 -1.8723495313e-01 9.8091860673e-01
   outer loop
     vertex 5.1349016207e-01 -3.2748855658e-02 7.3240991596e-02
     vertex 5.5298032413e-01 -3.1880408673e-02 7.1298758286e-02
     vertex 5.5298032413e-01 0.0000000000e+00 7.7384000000e-02
   endloop
 endfacet
 facet normal  5.2361811519e-02 -1.8723495313e-01 9.8091860673e-01
   outer loop
     vertex 5.1349016207e-01 -3.2748855658e-02 7.3240991596e-02
     vertex 5.5298032413e-01 0.0000000000e+00 7.7384000000e-02
     vertex 5.1349016207e-01 0.0000000000e+00 7.9492000000e-02
   endloop
 endfacet
 facet normal  5.2361811519e-02 1.8723495313e-01 9.8091860673e-01
   outer loop
     vertex 5.1349016207e-01 0.0000000000e+00 7.9492000000e-02
     vertex 5.5298032413e-01 0.0000000000e+00 7.7384000000e-02
     vertex 5.1349016207e-01 3.2748855658e-02 7.3240991596e-02
   endloop
 endfacet
 facet normal  5.2361811519e-02 1.8723495313e-01 9.8091860673e-01
   outer loop
     vertex 5.5298032413e-01 0.0000000000e+00 7.7384000000e-02
     vertex 5.5298032413e-01 3.1880408673e-02 7.1298758286e-02
     vertex 5.1349016207e-01 3.2748855658e-02 7.3240991596e-02
   endloop
 endfacet
 facet normal  5.3221235033e-02 5.3648693194e-01 8.4222875278e-01
   outer loop
     vertex 5.1349016207e-01 3.2748855658e-02 7.3240991596e-02
     vertex 5.5298032413e-01 3.1880408673e-02 7.1298758286e-02
     vertex 5.1349016207e-01 5.9504093918e-02 5.6198310923e-02
   endloop
 endfacet
 facet normal  5.3221235033e-02 5.3648693194e-01 8.4222875278e-01
   outer loop
     vertex 5.5298032413e-01 3.1880408673e-02 7.1298758286e-02
     vertex 5.5298032413e-01 5.7926141043e-02 5.4708022096e-02
     vertex 5.1349016207e-01 5.9504093918e-02 5.6198310923e-02
   endloop
 endfacet
 facet normal  5.4368850082e-02 8.1259038492e-01 5.8029380013e-01
   outer loop
     vertex 5.1349016207e-01 5.9504093918e-02 5.6198310923e-02
     vertex 5.5298032413e-01 5.7926141043e-02 5.4708022096e-02
     vertex 5.1349016207e-01 7.7549285219e-02 3.0929474788e-02
   endloop
 endfacet
 facet normal  5.4368850082e-02 8.1259038492e-01 5.8029380013e-01
   outer loop
     vertex 5.5298032413e-01 5.7926141043e-02 5.4708022096e-02
     vertex 5.5298032413e-01 7.5492802891e-02 3.0109274858e-02
     vertex 5.1349016207e-01 7.7549285219e-02 3.0929474788e-02
   endloop
 endfacet
 facet normal  5.5184871717e-02 9.7637075616e-01 2.0893725482e-01
   outer loop
     vertex 5.1349016207e-01 7.7549285219e-02 3.0929474788e-02
     vertex 5.5298032413e-01 7.5492802891e-02 3.0109274858e-02
     vertex 5.1349016207e-01 8.4168000000e-02 0.0000000000e+00
   endloop
 endfacet
 facet normal  5.5184871717e-02 9.7637075616e-01 2.0893725482e-01
   outer loop
     vertex 5.5298032413e-01 7.5492802891e-02 3.0109274858e-02
     vertex 5.5298032413e-01 8.1936000000e-02 0.0000000000e+00
     vertex 5.1349016207e-01 8.4168000000e-02 0.0000000000e+00
   endloop
 endfacet
 facet normal  2.3153843670e-02 9.7759871463e-01 -2.0920003028e-01
   outer loop
     vertex 5.5298032413e-01 8.1936000000e-02 0.0000000000e+00
     vertex 5.9250000000e-01 8.1000000000e-02 0.0000000000e+00
     vertex 5.9250000000e-01 7.4630407076e-02 -2.9765320048e-02
   endloop
 endfacet
 facet normal  2.3153843670e-02 9.7759871463e-01 -2.0920003028e-01
   outer loop
     vertex 5.5298032413e-01 8.1936000000e-02 0.0000000000e+00
     vertex 5.9250000000e-01 7.4630407076e-02 -2.9765320048e-02
     vertex 5.5298032413e-01 7.5492802891e-02 -3.0109274858e-02
   endloop
 endfacet
 facet normal  2.2810623877e-02 8.1358230518e-01 -5.8100215847e-01
   outer loop
     vertex 5.5298032413e-01 7.5492802891e-02 -3.0109274858e-02
     vertex 5.9250000000e-01 7.4630407076e-02 -2.9765320048e-02
     vertex 5.9250000000e-01 5.7264418869e-02 -5.4083062265e-02
   endloop
 endfacet
 facet normal  2.2810623877e-02 8.1358230518e-01 -5.8100215847e-01
   outer loop
     vertex 5.5298032413e-01 7.5492802891e-02 -3.0109274858e-02
     vertex 5.9250000000e-01 5.7264418869e-02 -5.4083062265e-02
     vertex 5.5298032413e-01 5.7926141043e-02 -5.4708022096e-02
   endloop
 endfacet
 facet normal  2.2327999195e-02 5.3711441296e-01 -8.4321383281e-01
   outer loop
     vertex 5.5298032413e-01 5.7926141043e-02 -5.4708022096e-02
     vertex 5.9250000000e-01 5.7264418869e-02 -5.4083062265e-02
     vertex 5.9250000000e-01 3.1516221228e-02 -7.0484273349e-02
   endloop
 endfacet
 facet normal  2.2327999195e-02 5.3711441296e-01 -8.4321383281e-01
   outer loop
     vertex 5.5298032413e-01 5.7926141043e-02 -5.4708022096e-02
     vertex 5.9250000000e-01 3.1516221228e-02 -7.0484273349e-02
     vertex 5.5298032413e-01 3.1880408673e-02 -7.1298758286e-02
   endloop
 endfacet
 facet normal  2.1966620188e-02 1.8744691776e-01 -9.8202908339e-01
   outer loop
     vertex 5.5298032413e-01 3.1880408673e-02 -7.1298758286e-02
     vertex 5.9250000000e-01 3.1516221228e-02 -7.0484273349e-02
     vertex 5.9250000000e-01 0.0000000000e+00 -7.6500000000e-02
   endloop
 endfacet
 facet normal  2.1966620188e-02 1.8744691776e-01 -9.8202908339e-01
   outer loop
     vertex 5.5298032413e-01 3.1880408673e-02 -7.1298758286e-02
     vertex 5.9250000000e-01 0.0000000000e+00 -7.6500000000e-02
     vertex 5.5298032413e-01 0.0000000000e+00 -7.7384000000e-02
   endloop
 endfacet
 facet normal  2.1966620188e-02 -1.8744691776e-01 -9.8202908339e-01
   outer loop
     vertex 5.5298032413e-01 0.0000000000e+00 -7.7384000000e-02
     vertex 5.9250000000e-01 0.0000000000e+00 -7.6500000000e-02
     vertex 5.5298032413e-01 -3.1880408673e-02 -7.1298758286e-02
   endloop
 endfacet
 facet normal  2.1966620188e-02 -1.8744691776e-01 -9.8202908339e-01
   outer loop
     vertex 5.9250000000e-01 0.0000000000e+00 -7.6500000000e-02
     vertex 5.9250000000e-01 -3.1516221228e-02 -7.0484273349e-02
     vertex 5.5298032413e-01 -3.1880408673e-02 -7.1298758286e-02
   endloop
 endfacet
 facet normal  2.2327999195e-02 -5.3711441296e-01 -8.4321383281e-01
   outer loop
     vertex 5.5298032413e-01 -3.1880408673e-02 -7.1298758286e-02
     vertex 5.9250000000e-01 -3.1516221228e-02 -7.0484273349e-02
     vertex 5.5298032413e-01 -5.7926141043e-02 -5.4708022096e-02
   endloop
 endfacet
 facet normal  2.2327999195e-02 -5.3711441296e-01 -8.4321383281e-01
   outer loop
     vertex 5.9250000000e-01 -3.1516221228e-02 -7.0484273349e-02
     vertex 5.9250000000e-01 -5.7264418869e-02 -5.4083062265e-02
     vertex 5.5298032413e-01 -5.7926141043e-02 -5.4708022096e-02
   endloop
 endfacet
 facet normal  2.2810623877e-02 -8.1358230518e-01 -5.8100215847e-01
   outer loop
     vertex 5.5298032413e-01 -5.7926141043e-02 -5.4708022096e-02
     vertex 5.9250000000e-01 -5.7264418869e-02 -5.4083062265e-02
     vertex 5.5298032413e-01 -7.5492802891e-02 -3.0109274858e-02
   endloop
 endfacet
 facet normal  2.2810623877e-02 -8.1358230518e-01 -5.8100215847e-01
   outer loop
     vertex 5.9250000000e-01 -5.7264418869e-02 -5.4083062265e-02
     vertex 5.9250000000e-01 -7.4630407076e-02 -2.9765320048e-02
     vertex 5.5298032413e-01 -7.5492802891e-02 -3.0109274858e-02
   endloop
 endfacet
 facet normal  2.3153843670e-02 -9.7759871463e-01 -2.0920003028e-01
   outer loop
     vertex 5.5298032413e-01 -7.5492802891e-02 -3.0109274858e-02
     vertex 5.9250000000e-01 -7.4630407076e-02 -2.9765320048e-02
     vertex 5.5298032413e-01 -8.1936000000e-02 0.0000000000e+00
   endloop
 endfacet
 facet normal  2.3153843670e-02 -9.7759871463e-01 -2.0920003028e-01
   outer loop
     vertex 5.9250000000e-01 -7.4630407076e-02 -2.9765320048e-02
     vertex 5.9250000000e-01 -8.1000000000e-02 0.0000000000e+00
     vertex 5.5298032413e-01 -8.1936000000e-02 0.0000000000e+00
   endloop
 endfacet
 facet normal  2.3153843670e-02 -9.7759871463e-01 2.0920003028e-01
   outer loop
     vertex 5.5298032413e-01 -8.1936000000e-02 0.0000000000e+00
     vertex 5.9250000000e-01 -8.1000000000e-02 0.0000000000e+00
     vertex 5.9250000000e-01 -7.4630407076e-02 2.9765320048e-02
   endloop
 endfacet
 facet normal  2.3153843670e-02 -9.7759871463e-01 2.0920003028e-01
   outer loop
     vertex 5.5298032413e-01 -8.1936000000e-02 0.0000000000e+00
     vertex 5.9250000000e-01 -7.4630407076e-02 2.9765320048e-02
     vertex 5.5298032413e-01 -7.5492802891e-02 3.0109274858e-02
   endloop
 endfacet
 facet normal  2.2810623877e-02 -8.1358230518e-01 5.8100215847e-01
   outer loop
     vertex 5.5298032413e-01 -7.5492802891e-02 3.0109274858e-02
     vertex 5.9250000000e-01 -7.4630407076e-02 2.9765320048e-02
     vertex 5.9250000000e-01 -5.7264418869e-02 5.4083062265e-02
   endloop
 endfacet
 facet normal  2.2810623877e-02 -8.1358230518e-01 5.8100215847e-01
   outer loop
     vertex 5.5298032413e-01 -7.5492802891e-02 3.0109274858e-02
     vertex 5.9250000000e-01 -5.7264418869e-02 5.4083062265e-02
     vertex 5.5298032413e-01 -5.7926141043e-02 5.4708022096e-02
   endloop
 endfacet
 facet normal  2.2327999195e-02 -5.3711441296e-01 8.4321383281e-01
   outer loop
     vertex 5.5298032413e-01 -5.7926141043e-02 5.4708022096e-02
     vertex 5.9250000000e-01 -5.7264418869e-02 5.4083062265e-02
     vertex 5.9250000000e-01 -3.1516221228e-02 7.0484273349e-02
   endloop
 endfacet
 facet normal  2.2327999195e-02 -5.3711441296e-01 8.4321383281e-01
   outer loop
     vertex 5.5298032413e-01 -5.7926141043e-02 5.4708022096e-02
     vertex 5.9250000000e-01 -3.1516221228e-02 7.0484273349e-02
     vertex 5.5298032413e-01 -3.1880408673e-02 7.1298758286e-02
   endloop
 endfacet
 facet normal  2.1966620188e-02 -1.8744691776e-01 9.8202908339e-01
   outer loop
     vertex 5.5298032413e-01 -3.1880408673e-02 7.1298758286e-02
     vertex 5.9250000000e-01 -3.1516221228e-02 7.0484273349e-02
     vertex 5.9250000000e-01 0.0000000000e+00 7.6500000000e-02
   endloop
 endfacet
 facet normal  2.1966620188e-02 -1.8744691776e-01 9.8202908339e-01
   outer loop
     vertex 5.5298032413e-01 -3.1880408673e-02 7.1298758286e-02
     vertex 5.9250000000e-01 0.0000000000e+00 7.6500000000e-02
     vertex 5.5298032413e-01 0.0000000000e+00 7.7384000000e-02
   endloop
 endfacet
 facet normal  2.1966620188e-02 1.8744691776e-01 9.8202908339e-01
   outer loop
     vertex 5.5298032413e-01 0.0000000000e+00 7.7384000000e-02
     vertex 5.9250000000e-01 0.0000000000e+00 7.6500000000e-02
     vertex 5.5298032413e-01 3.1880408673e-02 7.1298758286e-02
   endloop
 endfacet
 facet normal  2.1966620188e-02 1.8744691776e-01 9.8202908339e-01
   outer loop
     vertex 5.9250000000e-01 0.0000000000e+00 7.6500000000e-02
     vertex 5.9250000000e-01 3.1516221228e-02 7.0484273349e-02
     vertex 5.5298032413e-01 3.1880408673e-02 7.1298758286e-02
   endloop
 endfacet
 facet normal  2.2327999195e-02 5.3711441296e-01 8.4321383281e-01
   outer loop
     vertex 5.5298032413e-01 3.1880408673e-02 7.1298758286e-02
     vertex 5.9250000000e-01 3.1516221228e-02 7.0484273349e-02
     vertex 5.5298032413e-01 5.7926141043e-02 5.4708022096e-02
   endloop
 endfacet
 facet normal  2.2327999195e-02 5.3711441296e-01 8.4321383281e-01
   outer loop
     vertex 5.9250000000e-01 3.1516221228e-02 7.0484273349e-02
     vertex 5.9250000000e-01 5.7264418869e-02 5.4083062265e-02
     vertex 5.5298032413e-01 5.7926141043e-02 5.4708022096e-02
   endloop
 endfacet
 facet normal  2.2810623877e-02 8.1358230518e-01 5.8100215847e-01
   outer loop
     vertex 5.5298032413e-01 5.7926141043e-02 5.4708022096e-02
     vertex 5.9250000000e-01 5.7264418869e-02 5.4083062265e-02
     vertex 5.5298032413e-01 7.5492802891e-02 3.0109274858e-02
   endloop
 endfacet
 facet normal  2.2810623877e-02 8.1358230518e-01 5.8100215847e-01
   outer loop
     vertex 5.9250000000e-01 5.7264418869e-02 5.4083062265e-02
     vertex 5.9250000000e-01 7.4630407076e-02 2.9765320048e-02
     vertex 5.5298032413e-01 7.5492802891e-02 3.0109274858e-02
   endloop
 endfacet
 facet normal  2.3153843670e-02 9.7759871463e-01 2.0920003028e-01
   outer loop
     vertex 5.5298032413e-01 7.5492802891e-02 3.0109274858e-02
     vertex 5.9250000000e-01 7.4630407076e-02 2.9765320048e-02
     vertex 5.5298032413e-01 8.1936000000e-02 0.0000000000e+00
   endloop
 endfacet
 facet normal  2.3153843670e-02 9.7759871463e-01 2.0920003028e-01
   outer loop
     vertex 5.9250000000e-01 7.4630407076e-02 2.9765320048e-02
     vertex 5.9250000000e-01 8.1000000000e-02 0.0000000000e+00
     vertex 5.5298032413e-01 8.1936000000e-02 0.0000000000e+00
   endloop
 endfacet
 facet normal  1.1049321149e-01 9.7168352732e-01 -2.0885969679e-01
   outer loop
     vertex 5.9250000000e-01 8.1000000000e-02 0.0000000000e+00
     vertex 6.3472361555e-01 7.6198618942e-02 0.0000000000e+00
     vertex 6.3472361555e-01 7.0180144867e-02 -2.7999907156e-02
   endloop
 endfacet
 facet normal  1.1112080460e-01 9.7180488154e-01 -2.0796018612e-01
   outer loop
     vertex 5.9250000000e-01 8.1000000000e-02 0.0000000000e+00
     vertex 6.3472361555e-01 7.0180144867e-02 -2.7999907156e-02
     vertex 5.9250000000e-01 7.4630407076e-02 -2.9765320048e-02
   endloop
 endfacet
 facet normal  1.0941577034e-01 8.0903984344e-01 -5.7747962815e-01
   outer loop
     vertex 5.9250000000e-01 7.4630407076e-02 -2.9765320048e-02
     vertex 6.3472361555e-01 7.0180144867e-02 -2.7999907156e-02
     vertex 6.3472361555e-01 5.3799469829e-02 -5.0948974312e-02
   endloop
 endfacet
 facet normal  1.0926006806e-01 8.0892202728e-01 -5.7767412208e-01
   outer loop
     vertex 5.9250000000e-01 7.4630407076e-02 -2.9765320048e-02
     vertex 6.3472361555e-01 5.3799469829e-02 -5.0948974312e-02
     vertex 5.9250000000e-01 5.7264418869e-02 -5.4083062265e-02
   endloop
 endfacet
 facet normal  1.0615815262e-01 5.3621727657e-01 -8.3737773970e-01
   outer loop
     vertex 5.9250000000e-01 5.7264418869e-02 -5.4083062265e-02
     vertex 6.3472361555e-01 5.3799469829e-02 -5.0948974312e-02
     vertex 6.3472361555e-01 2.9568714613e-02 -6.6465209048e-02
   endloop
 endfacet
 facet normal  1.0448628684e-01 5.3430762786e-01 -8.3880747176e-01
   outer loop
     vertex 5.9250000000e-01 5.7264418869e-02 -5.4083062265e-02
     vertex 6.3472361555e-01 2.9568714613e-02 -6.6465209048e-02
     vertex 5.9250000000e-01 3.1516221228e-02 -7.0484273349e-02
   endloop
 endfacet
 facet normal  1.0166675892e-01 1.8835050334e-01 -9.7682544911e-01
   outer loop
     vertex 5.9250000000e-01 3.1516221228e-02 -7.0484273349e-02
     vertex 6.3472361555e-01 2.9568714613e-02 -6.6465209048e-02
     vertex 6.3472361555e-01 -4.4408920985e-19 -7.2166618942e-02
   endloop
 endfacet
 facet normal  1.0030093771e-01 1.8654666311e-01 -9.7731267483e-01
   outer loop
     vertex 5.9250000000e-01 3.1516221228e-02 -7.0484273349e-02
     vertex 6.3472361555e-01 -4.4408920985e-19 -7.2166618942e-02
     vertex 5.9250000000e-01 0.0000000000e+00 -7.6500000000e-02
   endloop
 endfacet
 facet normal  1.0030093771e-01 -1.8654666311e-01 -9.7731267483e-01
   outer loop
     vertex 5.9250000000e-01 0.0000000000e+00 -7.6500000000e-02
     vertex 6.3472361555e-01 -4.4408920985e-19 -7.2166618942e-02
     vertex 5.9250000000e-01 -3.1516221228e-02 -7.0484273349e-02
   endloop
 endfacet
 facet normal  1.0166675892e-01 -1.8835050334e-01 -9.7682544911e-01
   outer loop
     vertex 6.3472361555e-01 -4.4408920985e-19 -7.2166618942e-02
     vertex 6.3472361555e-01 -2.9568714613e-02 -6.6465209048e-02
     vertex 5.9250000000e-01 -3.1516221228e-02 -7.0484273349e-02
   endloop
 endfacet
 facet normal  1.0448628684e-01 -5.3430762786e-01 -8.3880747176e-01
   outer loop
     vertex 5.9250000000e-01 -3.1516221228e-02 -7.0484273349e-02
     vertex 6.3472361555e-01 -2.9568714613e-02 -6.6465209048e-02
     vertex 5.9250000000e-01 -5.7264418869e-02 -5.4083062265e-02
   endloop
 endfacet
 facet normal  1.0615815262e-01 -5.3621727657e-01 -8.3737773970e-01
   outer loop
     vertex 6.3472361555e-01 -2.9568714613e-02 -6.6465209048e-02
     vertex 6.3472361555e-01 -5.3799469829e-02 -5.0948974312e-02
     vertex 5.9250000000e-01 -5.7264418869e-02 -5.4083062265e-02
   endloop
 endfacet
 facet normal  1.0926006806e-01 -8.0892202728e-01 -5.7767412208e-01
   outer loop
     vertex 5.9250000000e-01 -5.7264418869e-02 -5.4083062265e-02
     vertex 6.3472361555e-01 -5.3799469829e-02 -5.0948974312e-02
     vertex 5.9250000000e-01 -7.4630407076e-02 -2.9765320048e-02
   endloop
 endfacet
 facet normal  1.0941577034e-01 -8.0903984344e-01 -5.7747962815e-01
   outer loop
     vertex 6.3472361555e-01 -5.3799469829e-02 -5.0948974312e-02
     vertex 6.3472361555e-01 -7.0180144867e-02 -2.7999907156e-02
     vertex 5.9250000000e-01 -7.4630407076e-02 -2.9765320048e-02
   endloop
 endfacet
 facet normal  1.1112080460e-01 -9.7180488154e-01 -2.0796018612e-01
   outer loop
     vertex 5.9250000000e-01 -7.4630407076e-02 -2.9765320048e-02
     vertex 6.3472361555e-01 -7.0180144867e-02 -2.7999907156e-02
     vertex 5.9250000000e-01 -8.1000000000e-02 0.0000000000e+00
   endloop
 endfacet
 facet normal  1.1049321149e-01 -9.7168352732e-01 -2.0885969679e-01
   outer loop
     vertex 6.3472361555e-01 -7.0180144867e-02 -2.7999907156e-02
     vertex 6.3472361555e-01 -7.6198618942e-02 -4.4408920985e-19
     vertex 5.9250000000e-01 -8.1000000000e-02 0.0000000000e+00
   endloop
 endfacet
 facet normal  1.1049321149e-01 -9.7168352732e-01 2.0885969679e-01
   outer loop
     vertex 5.9250000000e-01 -8.1000000000e-02 0.0000000000e+00
     vertex 6.3472361555e-01 -7.6198618942e-02 -4.4408920985e-19
     vertex 6.3472361555e-01 -7.0180144867e-02 2.7999907156e-02
   endloop
 endfacet
 facet normal  1.1112080460e-01 -9.7180488154e-01 2.0796018612e-01
   outer loop
     vertex 5.9250000000e-01 -8.1000000000e-02 0.0000000000e+00
     vertex 6.3472361555e-01 -7.0180144867e-02 2.7999907156e-02
     vertex 5.9250000000e-01 -7.4630407076e-02 2.9765320048e-02
   endloop
 endfacet
 facet normal  1.0941577034e-01 -8.0903984344e-01 5.7747962815e-01
   outer loop
     vertex 5.9250000000e-01 -7.4630407076e-02 2.9765320048e-02
     vertex 6.3472361555e-01 -7.0180144867e-02 2.7999907156e-02
     vertex 6.3472361555e-01 -5.3799469829e-02 5.0948974312e-02
   endloop
 endfacet
 facet normal  1.0926006806e-01 -8.0892202728e-01 5.7767412208e-01
   outer loop
     vertex 5.9250000000e-01 -7.4630407076e-02 2.9765320048e-02
     vertex 6.3472361555e-01 -5.3799469829e-02 5.0948974312e-02
     vertex 5.9250000000e-01 -5.7264418869e-02 5.4083062265e-02
   endloop
 endfacet
 facet normal  1.0615815262e-01 -5.3621727657e-01 8.3737773970e-01
   outer loop
     vertex 5.9250000000e-01 -5.7264418869e-02 5.4083062265e-02
     vertex 6.3472361555e-01 -5.3799469829e-02 5.0948974312e-02
     vertex 6.3472361555e-01 -2.9568714613e-02 6.6465209048e-02
   endloop
 endfacet
 facet normal  1.0448628684e-01 -5.3430762786e-01 8.3880747176e-01
   outer loop
     vertex 5.9250000000e-01 -5.7264418869e-02 5.4083062265e-02
     vertex 6.3472361555e-01 -2.9568714613e-02 6.6465209048e-02
     vertex 5.9250000000e-01 -3.1516221228e-02 7.0484273349e-02
   endloop
 endfacet
 facet normal  1.0166675892e-01 -1.8835050334e-01 9.7682544911e-01
   outer loop
     vertex 5.9250000000e-01 -3.1516221228e-02 7.0484273349e-02
     vertex 6.3472361555e-01 -2.9568714613e-02 6.6465209048e-02
     vertex 6.3472361555e-01 -5.8286708793e-19 7.2166618942e-02
   endloop
 endfacet
 facet normal  1.0030093771e-01 -1.8654666311e-01 9.7731267483e-01
   outer loop
     vertex 5.9250000000e-01 -3.1516221228e-02 7.0484273349e-02
     vertex 6.3472361555e-01 -5.8286708793e-19 7.2166618942e-02
     vertex 5.9250000000e-01 0.0000000000e+00 7.6500000000e-02
   endloop
 endfacet
 facet normal  1.0030093771e-01 1.8654666311e-01 9.7731267483e-01
   outer loop
     vertex 5.9250000000e-01 0.0000000000e+00 7.6500000000e-02
     vertex 6.3472361555e-01 -5.8286708793e-19 7.2166618942e-02
     vertex 5.9250000000e-01 3.1516221228e-02 7.0484273349e-02
   endloop
 endfacet
 facet normal  1.0166675892e-01 1.8835050334e-01 9.7682544911e-01
   outer loop
     vertex 6.3472361555e-01 -5.8286708793e-19 7.2166618942e-02
     vertex 6.3472361555e-01 2.9568714613e-02 6.6465209048e-02
     vertex 5.9250000000e-01 3.1516221228e-02 7.0484273349e-02
   endloop
 endfacet
 facet normal  1.0448628684e-01 5.3430762786e-01 8.3880747176e-01
   outer loop
     vertex 5.9250000000e-01 3.1516221228e-02 7.0484273349e-02
     vertex 6.3472361555e-01 2.9568714613e-02 6.6465209048e-02
     vertex 5.9250000000e-01 5.7264418869e-02 5.4083062265e-02
   endloop
 endfacet
 facet normal  1.0615815262e-01 5.3621727657e-01 8.3737773970e-01
   outer loop
     vertex 6.3472361555e-01 2.9568714613e-02 6.6465209048e-02
     vertex 6.3472361555e-01 5.3799469829e-02 5.0948974312e-02
     vertex 5.9250000000e-01 5.7264418869e-02 5.4083062265e-02
   endloop
 endfacet
 facet normal  1.0926006806e-01 8.0892202728e-01 5.7767412208e-01
   outer loop
     vertex 5.9250000000e-01 5.7264418869e-02 5.4083062265e-02
     vertex 6.3472361555e-01 5.3799469829e-02 5.0948974312e-02
     vertex 5.9250000000e-01 7.4630407076e-02 2.9765320048e-02
   endloop
 endfacet
 facet normal  1.0941577034e-01 8.0903984344e-01 5.7747962815e-01
   outer loop
     vertex 6.3472361555e-01 5.3799469829e-02 5.0948974312e-02
     vertex 6.3472361555e-01 7.0180144867e-02 2.7999907156e-02
     vertex 5.9250000000e-01 7.4630407076e-02 2.9765320048e-02
   endloop
 endfacet
 facet normal  1.1112080460e-01 9.7180488154e-01 2.0796018612e-01
   outer loop
     vertex 5.9250000000e-01 7.4630407076e-02 2.9765320048e-02
     vertex 6.3472361555e-01 7.0180144867e-02 2.7999907156e-02
     vertex 5.9250000000e-01 8.1000000000e-02 0.0000000000e+00
   endloop
 endfacet
 facet normal  1.1049321149e-01 9.7168352732e-01 2.0885969679e-01
   outer loop
     vertex 6.3472361555e-01 7.0180144867e-02 2.7999907156e-02
     vertex 6.3472361555e-01 7.6198618942e-02 0.0000000000e+00
     vertex 5.9250000000e-01 8.1000000000e-02 0.0000000000e+00
   endloop
 endfacet
 facet normal  2.6919407438e-01 9.4109714050e-01 -2.0462336737e-01
   outer loop
     vertex 6.3472361555e-01 7.6198618942e-02 0.0000000000e+00
     vertex 6.7962165697e-01 6.3355856826e-02 0.0000000000e+00
     vertex 6.7962165697e-01 5.8294404166e-02 -2.3278468570e-02
   endloop
 endfacet
 facet normal  2.7044651802e-01 9.4123704955e-01 -2.0231534161e-01
   outer loop
     vertex 6.3472361555e-01 7.6198618942e-02 0.0000000000e+00
     vertex 6.7962165697e-01 5.8294404166e-02 -2.3278468570e-02
     vertex 6.3472361555e-01 7.0180144867e-02 -2.7999907156e-02
   endloop
 endfacet
 facet normal  2.6659237375e-01 7.8479950284e-01 -5.5948033620e-01
   outer loop
     vertex 6.3472361555e-01 7.0180144867e-02 -2.7999907156e-02
     vertex 6.7962165697e-01 5.8294404166e-02 -2.3278468570e-02
     vertex 6.7962165697e-01 4.4578994995e-02 -4.2517475916e-02
   endloop
 endfacet
 facet normal  2.6627913918e-01 7.8454056169e-01 -5.5999243487e-01
   outer loop
     vertex 6.3472361555e-01 7.0180144867e-02 -2.7999907156e-02
     vertex 6.7962165697e-01 4.4578994995e-02 -4.2517475916e-02
     vertex 6.3472361555e-01 5.3799469829e-02 -5.0948974312e-02
   endloop
 endfacet
 facet normal  2.6006417103e-01 5.2573819536e-01 -8.0991726546e-01
   outer loop
     vertex 6.3472361555e-01 5.3799469829e-02 -5.0948974312e-02
     vertex 6.7962165697e-01 4.4578994995e-02 -4.2517475916e-02
     vertex 6.7962165697e-01 2.4413052534e-02 -5.5607709511e-02
   endloop
 endfacet
 facet normal  2.5667675276e-01 5.2119770766e-01 -8.1392259713e-01
   outer loop
     vertex 6.3472361555e-01 5.3799469829e-02 -5.0948974312e-02
     vertex 6.7962165697e-01 2.4413052534e-02 -5.5607709511e-02
     vertex 6.3472361555e-01 2.9568714613e-02 -6.6465209048e-02
   endloop
 endfacet
 facet normal  2.5119826624e-01 1.8794021137e-01 -9.4951456439e-01
   outer loop
     vertex 6.3472361555e-01 2.9568714613e-02 -6.6465209048e-02
     vertex 6.7962165697e-01 2.4413052534e-02 -5.5607709511e-02
     vertex 6.7962165697e-01 -1.3322676296e-18 -6.0439856826e-02
   endloop
 endfacet
 facet normal  2.4842280998e-01 1.8339630032e-01 -9.5113190700e-01
   outer loop
     vertex 6.3472361555e-01 2.9568714613e-02 -6.6465209048e-02
     vertex 6.7962165697e-01 -1.3322676296e-18 -6.0439856826e-02
     vertex 6.3472361555e-01 -4.4408920985e-19 -7.2166618942e-02
   endloop
 endfacet
 facet normal  2.4842280998e-01 -1.8339630032e-01 -9.5113190700e-01
   outer loop
     vertex 6.3472361555e-01 -4.4408920985e-19 -7.2166618942e-02
     vertex 6.7962165697e-01 -1.3322676296e-18 -6.0439856826e-02
     vertex 6.3472361555e-01 -2.9568714613e-02 -6.6465209048e-02
   endloop
 endfacet
 facet normal  2.5119826624e-01 -1.8794021137e-01 -9.4951456439e-01
   outer loop
     vertex 6.7962165697e-01 -1.3322676296e-18 -6.0439856826e-02
     vertex 6.7962165697e-01 -2.4413052534e-02 -5.5607709511e-02
     vertex 6.3472361555e-01 -2.9568714613e-02 -6.6465209048e-02
   endloop
 endfacet
 facet normal  2.5667675276e-01 -5.2119770766e-01 -8.1392259713e-01
   outer loop
     vertex 6.3472361555e-01 -2.9568714613e-02 -6.6465209048e-02
     vertex 6.7962165697e-01 -2.4413052534e-02 -5.5607709511e-02
     vertex 6.3472361555e-01 -5.3799469829e-02 -5.0948974312e-02
   endloop
 endfacet
 facet normal  2.6006417103e-01 -5.2573819536e-01 -8.0991726546e-01
   outer loop
     vertex 6.7962165697e-01 -2.4413052534e-02 -5.5607709511e-02
     vertex 6.7962165697e-01 -4.4578994995e-02 -4.2517475916e-02
     vertex 6.3472361555e-01 -5.3799469829e-02 -5.0948974312e-02
   endloop
 endfacet
 facet normal  2.6627913918e-01 -7.8454056169e-01 -5.5999243487e-01
   outer loop
     vertex 6.3472361555e-01 -5.3799469829e-02 -5.0948974312e-02
     vertex 6.7962165697e-01 -4.4578994995e-02 -4.2517475916e-02
     vertex 6.3472361555e-01 -7.0180144867e-02 -2.7999907156e-02
   endloop
 endfacet
 facet normal  2.6659237375e-01 -7.8479950284e-01 -5.5948033620e-01
   outer loop
     vertex 6.7962165697e-01 -4.4578994995e-02 -4.2517475916e-02
     vertex 6.7962165697e-01 -5.8294404166e-02 -2.3278468570e-02
     vertex 6.3472361555e-01 -7.0180144867e-02 -2.7999907156e-02
   endloop
 endfacet
 facet normal  2.7044651802e-01 -9.4123704955e-01 -2.0231534161e-01
   outer loop
     vertex 6.3472361555e-01 -7.0180144867e-02 -2.7999907156e-02
     vertex 6.7962165697e-01 -5.8294404166e-02 -2.3278468570e-02
     vertex 6.3472361555e-01 -7.6198618942e-02 -4.4408920985e-19
   endloop
 endfacet
 facet normal  2.6919407438e-01 -9.4109714050e-01 -2.0462336737e-01
   outer loop
     vertex 6.7962165697e-01 -5.8294404166e-02 -2.3278468570e-02
     vertex 6.7962165697e-01 -6.3355856826e-02 -1.3322676296e-18
     vertex 6.3472361555e-01 -7.6198618942e-02 -4.4408920985e-19
   endloop
 endfacet
 facet normal  2.6919407438e-01 -9.4109714050e-01 2.0462336737e-01
   outer loop
     vertex 6.3472361555e-01 -7.6198618942e-02 -4.4408920985e-19
     vertex 6.7962165697e-01 -6.3355856826e-02 -1.3322676296e-18
     vertex 6.7962165697e-01 -5.8294404166e-02 2.3278468570e-02
   endloop
 endfacet
 facet normal  2.7044651802e-01 -9.4123704955e-01 2.0231534161e-01
   outer loop
     vertex 6.3472361555e-01 -7.6198618942e-02 -4.4408920985e-19
     vertex 6.7962165697e-01 -5.8294404166e-02 2.3278468570e-02
     vertex 6.3472361555e-01 -7.0180144867e-02 2.7999907156e-02
   endloop
 endfacet
 facet normal  2.6659237375e-01 -7.8479950284e-01 5.5948033620e-01
   outer loop
     vertex 6.3472361555e-01 -7.0180144867e-02 2.7999907156e-02
     vertex 6.7962165697e-01 -5.8294404166e-02 2.3278468570e-02
     vertex 6.7962165697e-01 -4.4578994995e-02 4.2517475916e-02
   endloop
 endfacet
 facet normal  2.6627913918e-01 -7.8454056169e-01 5.5999243487e-01
   outer loop
     vertex 6.3472361555e-01 -7.0180144867e-02 2.7999907156e-02
     vertex 6.7962165697e-01 -4.4578994995e-02 4.2517475916e-02
     vertex 6.3472361555e-01 -5.3799469829e-02 5.0948974312e-02
   endloop
 endfacet
 facet normal  2.6006417103e-01 -5.2573819536e-01 8.0991726546e-01
   outer loop
     vertex 6.3472361555e-01 -5.3799469829e-02 5.0948974312e-02
     vertex 6.7962165697e-01 -4.4578994995e-02 4.2517475916e-02
     vertex 6.7962165697e-01 -2.4413052534e-02 5.5607709511e-02
   endloop
 endfacet
 facet normal  2.5667675276e-01 -5.2119770766e-01 8.1392259713e-01
   outer loop
     vertex 6.3472361555e-01 -5.3799469829e-02 5.0948974312e-02
     vertex 6.7962165697e-01 -2.4413052534e-02 5.5607709511e-02
     vertex 6.3472361555e-01 -2.9568714613e-02 6.6465209048e-02
   endloop
 endfacet
 facet normal  2.5119826624e-01 -1.8794021137e-01 9.4951456439e-01
   outer loop
     vertex 6.3472361555e-01 -2.9568714613e-02 6.6465209048e-02
     vertex 6.7962165697e-01 -2.4413052534e-02 5.5607709511e-02
     vertex 6.7962165697e-01 -1.7486012638e-18 6.0439856826e-02
   endloop
 endfacet
 facet normal  2.4842280998e-01 -1.8339630032e-01 9.5113190700e-01
   outer loop
     vertex 6.3472361555e-01 -2.9568714613e-02 6.6465209048e-02
     vertex 6.7962165697e-01 -1.7486012638e-18 6.0439856826e-02
     vertex 6.3472361555e-01 -5.8286708793e-19 7.2166618942e-02
   endloop
 endfacet
 facet normal  2.4842280998e-01 1.8339630032e-01 9.5113190700e-01
   outer loop
     vertex 6.3472361555e-01 -5.8286708793e-19 7.2166618942e-02
     vertex 6.7962165697e-01 -1.7486012638e-18 6.0439856826e-02
     vertex 6.3472361555e-01 2.9568714613e-02 6.6465209048e-02
   endloop
 endfacet
 facet normal  2.5119826624e-01 1.8794021137e-01 9.4951456439e-01
   outer loop
     vertex 6.7962165697e-01 -1.7486012638e-18 6.0439856826e-02
     vertex 6.7962165697e-01 2.4413052534e-02 5.5607709511e-02
     vertex 6.3472361555e-01 2.9568714613e-02 6.6465209048e-02
   endloop
 endfacet
 facet normal  2.5667675276e-01 5.2119770766e-01 8.1392259713e-01
   outer loop
     vertex 6.3472361555e-01 2.9568714613e-02 6.6465209048e-02
     vertex 6.7962165697e-01 2.4413052534e-02 5.5607709511e-02
     vertex 6.3472361555e-01 5.3799469829e-02 5.0948974312e-02
   endloop
 endfacet
 facet normal  2.6006417103e-01 5.2573819536e-01 8.0991726546e-01
   outer loop
     vertex 6.7962165697e-01 2.4413052534e-02 5.5607709511e-02
     vertex 6.7962165697e-01 4.4578994995e-02 4.2517475916e-02
     vertex 6.3472361555e-01 5.3799469829e-02 5.0948974312e-02
   endloop
 endfacet
 facet normal  2.6627913918e-01 7.8454056169e-01 5.5999243487e-01
   outer loop
     vertex 6.3472361555e-01 5.3799469829e-02 5.0948974312e-02
     vertex 6.7962165697e-01 4.4578994995e-02 4.2517475916e-02
     vertex 6.3472361555e-01 7.0180144867e-02 2.7999907156e-02
   endloop
 endfacet
 facet normal  2.6659237375e-01 7.8479950284e-01 5.5948033620e-01
   outer loop
     vertex 6.7962165697e-01 4.4578994995e-02 4.2517475916e-02
     vertex 6.7962165697e-01 5.8294404166e-02 2.3278468570e-02
     vertex 6.3472361555e-01 7.0180144867e-02 2.7999907156e-02
   endloop
 endfacet
 facet normal  2.7044651802e-01 9.4123704955e-01 2.0231534161e-01
   outer loop
     vertex 6.3472361555e-01 7.0180144867e-02 2.7999907156e-02
     vertex 6.7962165697e-01 5.8294404166e-02 2.3278468570e-02
     vertex 6.3472361555e-01 7.6198618942e-02 0.0000000000e+00
   endloop
 endfacet
 facet normal  2.6919407438e-01 9.4109714050e-01 2.0462336737e-01
   outer loop
     vertex 6.7962165697e-01 5.8294404166e-02 2.3278468570e-02
     vertex 6.7962165697e-01 6.3355856826e-02 0.0000000000e+00
     vertex 6.3472361555e-01 7.6198618942e-02 0.0000000000e+00
   endloop
 endfacet
 facet normal  3.8396518381e-01 9.0153885335e-01 -1.9949544735e-01
   outer loop
     vertex 6.7962165697e-01 6.3355856826e-02 0.0000000000e+00
     vertex 7.2315789063e-01 4.4813785240e-02 0.0000000000e+00
     vertex 7.2315789063e-01 4.1170753861e-02 -1.6463204425e-02
   endloop
 endfacet
 facet normal  3.8534862157e-01 9.0170270870e-01 -1.9605781027e-01
   outer loop
     vertex 6.7962165697e-01 6.3355856826e-02 0.0000000000e+00
     vertex 7.2315789063e-01 4.1170753861e-02 -1.6463204425e-02
     vertex 6.7962165697e-01 5.8294404166e-02 -2.3278468570e-02
   endloop
 endfacet
 facet normal  3.8032593574e-01 7.5355810665e-01 -5.3619246778e-01
   outer loop
     vertex 6.7962165697e-01 5.8294404166e-02 -2.3278468570e-02
     vertex 7.2315789063e-01 4.1170753861e-02 -1.6463204425e-02
     vertex 7.2315789063e-01 3.1364552794e-02 -3.0244715270e-02
   endloop
 endfacet
 facet normal  3.7997969851e-01 7.5319404505e-01 -5.3694893539e-01
   outer loop
     vertex 6.7962165697e-01 5.8294404166e-02 -2.3278468570e-02
     vertex 7.2315789063e-01 3.1364552794e-02 -3.0244715270e-02
     vertex 6.7962165697e-01 4.4578994995e-02 -4.2517475916e-02
   endloop
 endfacet
 facet normal  3.7351138655e-01 5.1242529692e-01 -7.7324611813e-01
   outer loop
     vertex 6.7962165697e-01 4.4578994995e-02 -4.2517475916e-02
     vertex 7.2315789063e-01 3.1364552794e-02 -3.0244715270e-02
     vertex 7.2315789063e-01 1.7079521640e-02 -3.9711314790e-02
   endloop
 endfacet
 facet normal  3.6977053660e-01 5.0588223848e-01 -7.7932850009e-01
   outer loop
     vertex 6.7962165697e-01 4.4578994995e-02 -4.2517475916e-02
     vertex 7.2315789063e-01 1.7079521640e-02 -3.9711314790e-02
     vertex 6.7962165697e-01 2.4413052534e-02 -5.5607709511e-02
   endloop
 endfacet
 facet normal  3.6464444228e-01 1.8787596719e-01 -9.1199619060e-01
   outer loop
     vertex 6.7962165697e-01 2.4413052534e-02 -5.5607709511e-02
     vertex 7.2315789063e-01 1.7079521640e-02 -3.9711314790e-02
     vertex 7.2315789063e-01 -1.9984014443e-18 -4.3229785240e-02
   endloop
 endfacet
 facet normal  3.6154916174e-01 1.8103127813e-01 -9.1460914055e-01
   outer loop
     vertex 6.7962165697e-01 2.4413052534e-02 -5.5607709511e-02
     vertex 7.2315789063e-01 -1.9984014443e-18 -4.3229785240e-02
     vertex 6.7962165697e-01 -1.3322676296e-18 -6.0439856826e-02
   endloop
 endfacet
 facet normal  3.6154916174e-01 -1.8103127813e-01 -9.1460914055e-01
   outer loop
     vertex 6.7962165697e-01 -1.3322676296e-18 -6.0439856826e-02
     vertex 7.2315789063e-01 -1.9984014443e-18 -4.3229785240e-02
     vertex 6.7962165697e-01 -2.4413052534e-02 -5.5607709511e-02
   endloop
 endfacet
 facet normal  3.6464444228e-01 -1.8787596719e-01 -9.1199619060e-01
   outer loop
     vertex 7.2315789063e-01 -1.9984014443e-18 -4.3229785240e-02
     vertex 7.2315789063e-01 -1.7079521640e-02 -3.9711314790e-02
     vertex 6.7962165697e-01 -2.4413052534e-02 -5.5607709511e-02
   endloop
 endfacet
 facet normal  3.6977053660e-01 -5.0588223848e-01 -7.7932850009e-01
   outer loop
     vertex 6.7962165697e-01 -2.4413052534e-02 -5.5607709511e-02
     vertex 7.2315789063e-01 -1.7079521640e-02 -3.9711314790e-02
     vertex 6.7962165697e-01 -4.4578994995e-02 -4.2517475916e-02
   endloop
 endfacet
 facet normal  3.7351138655e-01 -5.1242529692e-01 -7.7324611813e-01
   outer loop
     vertex 7.2315789063e-01 -1.7079521640e-02 -3.9711314790e-02
     vertex 7.2315789063e-01 -3.1364552794e-02 -3.0244715270e-02
     vertex 6.7962165697e-01 -4.4578994995e-02 -4.2517475916e-02
   endloop
 endfacet
 facet normal  3.7997969851e-01 -7.5319404505e-01 -5.3694893539e-01
   outer loop
     vertex 6.7962165697e-01 -4.4578994995e-02 -4.2517475916e-02
     vertex 7.2315789063e-01 -3.1364552794e-02 -3.0244715270e-02
     vertex 6.7962165697e-01 -5.8294404166e-02 -2.3278468570e-02
   endloop
 endfacet
 facet normal  3.8032593574e-01 -7.5355810665e-01 -5.3619246778e-01
   outer loop
     vertex 7.2315789063e-01 -3.1364552794e-02 -3.0244715270e-02
     vertex 7.2315789063e-01 -4.1170753861e-02 -1.6463204425e-02
     vertex 6.7962165697e-01 -5.8294404166e-02 -2.3278468570e-02
   endloop
 endfacet
 facet normal  3.8534862157e-01 -9.0170270870e-01 -1.9605781027e-01
   outer loop
     vertex 6.7962165697e-01 -5.8294404166e-02 -2.3278468570e-02
     vertex 7.2315789063e-01 -4.1170753861e-02 -1.6463204425e-02
     vertex 6.7962165697e-01 -6.3355856826e-02 -1.3322676296e-18
   endloop
 endfacet
 facet normal  3.8396518381e-01 -9.0153885335e-01 -1.9949544735e-01
   outer loop
     vertex 7.2315789063e-01 -4.1170753861e-02 -1.6463204425e-02
     vertex 7.2315789063e-01 -4.4813785240e-02 -1.9984014443e-18
     vertex 6.7962165697e-01 -6.3355856826e-02 -1.3322676296e-18
   endloop
 endfacet
 facet normal  3.8396518381e-01 -9.0153885335e-01 1.9949544735e-01
   outer loop
     vertex 6.7962165697e-01 -6.3355856826e-02 -1.3322676296e-18
     vertex 7.2315789063e-01 -4.4813785240e-02 -1.9984014443e-18
     vertex 7.2315789063e-01 -4.1170753861e-02 1.6463204425e-02
   endloop
 endfacet
 facet normal  3.8534862157e-01 -9.0170270870e-01 1.9605781027e-01
   outer loop
     vertex 6.7962165697e-01 -6.3355856826e-02 -1.3322676296e-18
     vertex 7.2315789063e-01 -4.1170753861e-02 1.6463204425e-02
     vertex 6.7962165697e-01 -5.8294404166e-02 2.3278468570e-02
   endloop
 endfacet
 facet normal  3.8032593574e-01 -7.5355810665e-01 5.3619246778e-01
   outer loop
     vertex 6.7962165697e-01 -5.8294404166e-02 2.3278468570e-02
     vertex 7.2315789063e-01 -4.1170753861e-02 1.6463204425e-02
     vertex 7.2315789063e-01 -3.1364552794e-02 3.0244715270e-02
   endloop
 endfacet
 facet normal  3.7997969851e-01 -7.5319404505e-01 5.3694893539e-01
   outer loop
     vertex 6.7962165697e-01 -5.8294404166e-02 2.3278468570e-02
     vertex 7.2315789063e-01 -3.1364552794e-02 3.0244715270e-02
     vertex 6.7962165697e-01 -4.4578994995e-02 4.2517475916e-02
   endloop
 endfacet
 facet normal  3.7351138655e-01 -5.1242529692e-01 7.7324611813e-01
   outer loop
     vertex 6.7962165697e-01 -4.4578994995e-02 4.2517475916e-02
     vertex 7.2315789063e-01 -3.1364552794e-02 3.0244715270e-02
     vertex 7.2315789063e-01 -1.7079521640e-02 3.9711314790e-02
   endloop
 endfacet
 facet normal  3.6977053660e-01 -5.0588223848e-01 7.7932850009e-01
   outer loop
     vertex 6.7962165697e-01 -4.4578994995e-02 4.2517475916e-02
     vertex 7.2315789063e-01 -1.7079521640e-02 3.9711314790e-02
     vertex 6.7962165697e-01 -2.4413052534e-02 5.5607709511e-02
   endloop
 endfacet
 facet normal  3.6464444228e-01 -1.8787596719e-01 9.1199619060e-01
   outer loop
     vertex 6.7962165697e-01 -2.4413052534e-02 5.5607709511e-02
     vertex 7.2315789063e-01 -1.7079521640e-02 3.9711314790e-02
     vertex 7.2315789063e-01 -2.6229018957e-18 4.3229785240e-02
   endloop
 endfacet
 facet normal  3.6154916174e-01 -1.8103127813e-01 9.1460914055e-01
   outer loop
     vertex 6.7962165697e-01 -2.4413052534e-02 5.5607709511e-02
     vertex 7.2315789063e-01 -2.6229018957e-18 4.3229785240e-02
     vertex 6.7962165697e-01 -1.7486012638e-18 6.0439856826e-02
   endloop
 endfacet
 facet normal  3.6154916174e-01 1.8103127813e-01 9.1460914055e-01
   outer loop
     vertex 6.7962165697e-01 -1.7486012638e-18 6.0439856826e-02
     vertex 7.2315789063e-01 -2.6229018957e-18 4.3229785240e-02
     vertex 6.7962165697e-01 2.4413052534e-02 5.5607709511e-02
   endloop
 endfacet
 facet normal  3.6464444228e-01 1.8787596719e-01 9.1199619060e-01
   outer loop
     vertex 7.2315789063e-01 -2.6229018957e-18 4.3229785240e-02
     vertex 7.2315789063e-01 1.7079521640e-02 3.9711314790e-02
     vertex 6.7962165697e-01 2.4413052534e-02 5.5607709511e-02
   endloop
 endfacet
 facet normal  3.6977053660e-01 5.0588223848e-01 7.7932850009e-01
   outer loop
     vertex 6.7962165697e-01 2.4413052534e-02 5.5607709511e-02
     vertex 7.2315789063e-01 1.7079521640e-02 3.9711314790e-02
     vertex 6.7962165697e-01 4.4578994995e-02 4.2517475916e-02
   endloop
 endfacet
 facet normal  3.7351138655e-01 5.1242529692e-01 7.7324611813e-01
   outer loop
     vertex 7.2315789063e-01 1.7079521640e-02 3.9711314790e-02
     vertex 7.2315789063e-01 3.1364552794e-02 3.0244715270e-02
     vertex 6.7962165697e-01 4.4578994995e-02 4.2517475916e-02
   endloop
 endfacet
 facet normal  3.7997969851e-01 7.5319404505e-01 5.3694893539e-01
   outer loop
     vertex 6.7962165697e-01 4.4578994995e-02 4.2517475916e-02
     vertex 7.2315789063e-01 3.1364552794e-02 3.0244715270e-02
     vertex 6.7962165697e-01 5.8294404166e-02 2.3278468570e-02
   endloop
 endfacet
 facet normal  3.8032593574e-01 7.5355810665e-01 5.3619246778e-01
   outer loop
     vertex 7.2315789063e-01 3.1364552794e-02 3.0244715270e-02
     vertex 7.2315789063e-01 4.1170753861e-02 1.6463204425e-02
     vertex 6.7962165697e-01 5.8294404166e-02 2.3278468570e-02
   endloop
 endfacet
 facet normal  3.8534862157e-01 9.0170270870e-01 1.9605781027e-01
   outer loop
     vertex 6.7962165697e-01 5.8294404166e-02 2.3278468570e-02
     vertex 7.2315789063e-01 4.1170753861e-02 1.6463204425e-02
     vertex 6.7962165697e-01 6.3355856826e-02 0.0000000000e+00
   endloop
 endfacet
 facet normal  3.8396518381e-01 9.0153885335e-01 1.9949544735e-01
   outer loop
     vertex 7.2315789063e-01 4.1170753861e-02 1.6463204425e-02
     vertex 7.2315789063e-01 4.4813785240e-02 0.0000000000e+00
     vertex 6.7962165697e-01 6.3355856826e-02 0.0000000000e+00
   endloop
 endfacet
 facet normal  4.8860570548e-01 8.5091899100e-01 -1.9287647686e-01
   outer loop
     vertex 7.2315789063e-01 4.4813785240e-02 0.0000000000e+00
     vertex 7.6129608285e-01 2.2914475769e-02 0.0000000000e+00
     vertex 7.6129608285e-01 2.1006762843e-02 -8.4163148563e-03
   endloop
 endfacet
 facet normal  4.8980247301e-01 8.5124143838e-01 -1.8836547191e-01
   outer loop
     vertex 7.2315789063e-01 4.4813785240e-02 0.0000000000e+00
     vertex 7.6129608285e-01 2.1006762843e-02 -8.4163148563e-03
     vertex 7.2315789063e-01 4.1170753861e-02 -1.6463204425e-02
   endloop
 endfacet
 facet normal  4.8411629943e-01 7.1355760028e-01 -5.0642567046e-01
   outer loop
     vertex 7.2315789063e-01 4.1170753861e-02 -1.6463204425e-02
     vertex 7.6129608285e-01 2.1006762843e-02 -8.4163148563e-03
     vertex 7.6129608285e-01 1.5917701653e-02 -1.5586840566e-02
   endloop
 endfacet
 facet normal  4.8381931851e-01 7.1307571518e-01 -5.0738731898e-01
   outer loop
     vertex 7.2315789063e-01 4.1170753861e-02 -1.6463204425e-02
     vertex 7.6129608285e-01 1.5917701653e-02 -1.5586840566e-02
     vertex 7.2315789063e-01 3.1364552794e-02 -3.0244715270e-02
   endloop
 endfacet
 facet normal  4.7901444711e-01 4.9438581993e-01 -7.2534668988e-01
   outer loop
     vertex 7.2315789063e-01 3.1364552794e-02 -3.0244715270e-02
     vertex 7.6129608285e-01 1.5917701653e-02 -1.5586840566e-02
     vertex 7.6129608285e-01 8.5984085789e-03 -2.0575564936e-02
   endloop
 endfacet
 facet normal  4.7588941519e-01 4.8584329414e-01 -7.3313406554e-01
   outer loop
     vertex 7.2315789063e-01 3.1364552794e-02 -3.0244715270e-02
     vertex 7.6129608285e-01 8.5984085789e-03 -2.0575564936e-02
     vertex 7.2315789063e-01 1.7079521640e-02 -3.9711314790e-02
   endloop
 endfacet
 facet normal  4.7348175918e-01 1.8727047631e-01 -8.6066531964e-01
   outer loop
     vertex 7.2315789063e-01 1.7079521640e-02 -3.9711314790e-02
     vertex 7.6129608285e-01 8.5984085789e-03 -2.0575564936e-02
     vertex 7.6129608285e-01 -1.7763568394e-18 -2.2446475769e-02
   endloop
 endfacet
 facet normal  4.7086727401e-01 1.7800086441e-01 -8.6406001096e-01
   outer loop
     vertex 7.2315789063e-01 1.7079521640e-02 -3.9711314790e-02
     vertex 7.6129608285e-01 -1.7763568394e-18 -2.2446475769e-02
     vertex 7.2315789063e-01 -1.9984014443e-18 -4.3229785240e-02
   endloop
 endfacet
 facet normal  4.7086727401e-01 -1.7800086441e-01 -8.6406001096e-01
   outer loop
     vertex 7.2315789063e-01 -1.9984014443e-18 -4.3229785240e-02
     vertex 7.6129608285e-01 -1.7763568394e-18 -2.2446475769e-02
     vertex 7.2315789063e-01 -1.7079521640e-02 -3.9711314790e-02
   endloop
 endfacet
 facet normal  4.7348175918e-01 -1.8727047631e-01 -8.6066531964e-01
   outer loop
     vertex 7.6129608285e-01 -1.7763568394e-18 -2.2446475769e-02
     vertex 7.6129608285e-01 -8.5984085789e-03 -2.0575564936e-02
     vertex 7.2315789063e-01 -1.7079521640e-02 -3.9711314790e-02
   endloop
 endfacet
 facet normal  4.7588941519e-01 -4.8584329414e-01 -7.3313406554e-01
   outer loop
     vertex 7.2315789063e-01 -1.7079521640e-02 -3.9711314790e-02
     vertex 7.6129608285e-01 -8.5984085789e-03 -2.0575564936e-02
     vertex 7.2315789063e-01 -3.1364552794e-02 -3.0244715270e-02
   endloop
 endfacet
 facet normal  4.7901444711e-01 -4.9438581993e-01 -7.2534668988e-01
   outer loop
     vertex 7.6129608285e-01 -8.5984085789e-03 -2.0575564936e-02
     vertex 7.6129608285e-01 -1.5917701653e-02 -1.5586840566e-02
     vertex 7.2315789063e-01 -3.1364552794e-02 -3.0244715270e-02
   endloop
 endfacet
 facet normal  4.8381931851e-01 -7.1307571518e-01 -5.0738731898e-01
   outer loop
     vertex 7.2315789063e-01 -3.1364552794e-02 -3.0244715270e-02
     vertex 7.6129608285e-01 -1.5917701653e-02 -1.5586840566e-02
     vertex 7.2315789063e-01 -4.1170753861e-02 -1.6463204425e-02
   endloop
 endfacet
 facet normal  4.8411629943e-01 -7.1355760028e-01 -5.0642567046e-01
   outer loop
     vertex 7.6129608285e-01 -1.5917701653e-02 -1.5586840566e-02
     vertex 7.6129608285e-01 -2.1006762843e-02 -8.4163148563e-03
     vertex 7.2315789063e-01 -4.1170753861e-02 -1.6463204425e-02
   endloop
 endfacet
 facet normal  4.8980247301e-01 -8.5124143838e-01 -1.8836547191e-01
   outer loop
     vertex 7.2315789063e-01 -4.1170753861e-02 -1.6463204425e-02
     vertex 7.6129608285e-01 -2.1006762843e-02 -8.4163148563e-03
     vertex 7.2315789063e-01 -4.4813785240e-02 -1.9984014443e-18
   endloop
 endfacet
 facet normal  4.8860570548e-01 -8.5091899100e-01 -1.9287647686e-01
   outer loop
     vertex 7.6129608285e-01 -2.1006762843e-02 -8.4163148563e-03
     vertex 7.6129608285e-01 -2.2914475769e-02 -1.7763568394e-18
     vertex 7.2315789063e-01 -4.4813785240e-02 -1.9984014443e-18
   endloop
 endfacet
 facet normal  4.8860570548e-01 -8.5091899100e-01 1.9287647686e-01
   outer loop
     vertex 7.2315789063e-01 -4.4813785240e-02 -1.9984014443e-18
     vertex 7.6129608285e-01 -2.2914475769e-02 -1.7763568394e-18
     vertex 7.6129608285e-01 -2.1006762843e-02 8.4163148563e-03
   endloop
 endfacet
 facet normal  4.8980247301e-01 -8.5124143838e-01 1.8836547191e-01
   outer loop
     vertex 7.2315789063e-01 -4.4813785240e-02 -1.9984014443e-18
     vertex 7.6129608285e-01 -2.1006762843e-02 8.4163148563e-03
     vertex 7.2315789063e-01 -4.1170753861e-02 1.6463204425e-02
   endloop
 endfacet
 facet normal  4.8411629943e-01 -7.1355760028e-01 5.0642567046e-01
   outer loop
     vertex 7.2315789063e-01 -4.1170753861e-02 1.6463204425e-02
     vertex 7.6129608285e-01 -2.1006762843e-02 8.4163148563e-03
     vertex 7.6129608285e-01 -1.5917701653e-02 1.5586840566e-02
   endloop
 endfacet
 facet normal  4.8381931851e-01 -7.1307571518e-01 5.0738731898e-01
   outer loop
     vertex 7.2315789063e-01 -4.1170753861e-02 1.6463204425e-02
     vertex 7.6129608285e-01 -1.5917701653e-02 1.5586840566e-02
     vertex 7.2315789063e-01 -3.1364552794e-02 3.0244715270e-02
   endloop
 endfacet
 facet normal  4.7901444711e-01 -4.9438581993e-01 7.2534668988e-01
   outer loop
     vertex 7.2315789063e-01 -3.1364552794e-02 3.0244715270e-02
     vertex 7.6129608285e-01 -1.5917701653e-02 1.5586840566e-02
     vertex 7.6129608285e-01 -8.5984085789e-03 2.0575564936e-02
   endloop
 endfacet
 facet normal  4.7588941519e-01 -4.8584329414e-01 7.3313406554e-01
   outer loop
     vertex 7.2315789063e-01 -3.1364552794e-02 3.0244715270e-02
     vertex 7.6129608285e-01 -8.5984085789e-03 2.0575564936e-02
     vertex 7.2315789063e-01 -1.7079521640e-02 3.9711314790e-02
   endloop
 endfacet
 facet normal  4.7348175918e-01 -1.8727047631e-01 8.6066531964e-01
   outer loop
     vertex 7.2315789063e-01 -1.7079521640e-02 3.9711314790e-02
     vertex 7.6129608285e-01 -8.5984085789e-03 2.0575564936e-02
     vertex 7.6129608285e-01 -2.3314683517e-18 2.2446475769e-02
   endloop
 endfacet
 facet normal  4.7086727401e-01 -1.7800086441e-01 8.6406001096e-01
   outer loop
     vertex 7.2315789063e-01 -1.7079521640e-02 3.9711314790e-02
     vertex 7.6129608285e-01 -2.3314683517e-18 2.2446475769e-02
     vertex 7.2315789063e-01 -2.6229018957e-18 4.3229785240e-02
   endloop
 endfacet
 facet normal  4.7086727401e-01 1.7800086441e-01 8.6406001096e-01
   outer loop
     vertex 7.2315789063e-01 -2.6229018957e-18 4.3229785240e-02
     vertex 7.6129608285e-01 -2.3314683517e-18 2.2446475769e-02
     vertex 7.2315789063e-01 1.7079521640e-02 3.9711314790e-02
   endloop
 endfacet
 facet normal  4.7348175918e-01 1.8727047631e-01 8.6066531964e-01
   outer loop
     vertex 7.6129608285e-01 -2.3314683517e-18 2.2446475769e-02
     vertex 7.6129608285e-01 8.5984085789e-03 2.0575564936e-02
     vertex 7.2315789063e-01 1.7079521640e-02 3.9711314790e-02
   endloop
 endfacet
 facet normal  4.7588941519e-01 4.8584329414e-01 7.3313406554e-01
   outer loop
     vertex 7.2315789063e-01 1.7079521640e-02 3.9711314790e-02
     vertex 7.6129608285e-01 8.5984085789e-03 2.0575564936e-02
     vertex 7.2315789063e-01 3.1364552794e-02 3.0244715270e-02
   endloop
 endfacet
 facet normal  4.7901444711e-01 4.9438581993e-01 7.2534668988e-01
   outer loop
     vertex 7.6129608285e-01 8.5984085789e-03 2.0575564936e-02
     vertex 7.6129608285e-01 1.5917701653e-02 1.5586840566e-02
     vertex 7.2315789063e-01 3.1364552794e-02 3.0244715270e-02
   endloop
 endfacet
 facet normal  4.8381931851e-01 7.1307571518e-01 5.0738731898e-01
   outer loop
     vertex 7.2315789063e-01 3.1364552794e-02 3.0244715270e-02
     vertex 7.6129608285e-01 1.5917701653e-02 1.5586840566e-02
     vertex 7.2315789063e-01 4.1170753861e-02 1.6463204425e-02
   endloop
 endfacet
 facet normal  4.8411629943e-01 7.1355760028e-01 5.0642567046e-01
   outer loop
     vertex 7.6129608285e-01 1.5917701653e-02 1.5586840566e-02
     vertex 7.6129608285e-01 2.1006762843e-02 8.4163148563e-03
     vertex 7.2315789063e-01 4.1170753861e-02 1.6463204425e-02
   endloop
 endfacet
 facet normal  4.8980247301e-01 8.5124143838e-01 1.8836547191e-01
   outer loop
     vertex 7.2315789063e-01 4.1170753861e-02 1.6463204425e-02
     vertex 7.6129608285e-01 2.1006762843e-02 8.4163148563e-03
     vertex 7.2315789063e-01 4.4813785240e-02 0.0000000000e+00
   endloop
 endfacet
 facet normal  4.8860570548e-01 8.5091899100e-01 1.9287647686e-01
   outer loop
     vertex 7.6129608285e-01 2.1006762843e-02 8.4163148563e-03
     vertex 7.6129608285e-01 2.2914475769e-02 0.0000000000e+00
     vertex 7.2315789063e-01 4.4813785240e-02 0.0000000000e+00
   endloop
 endfacet
 facet normal  6.1432256652e-01 7.6953381909e-01 -1.7442902723e-01
   outer loop
     vertex 7.6129608285e-01 2.2914475769e-02 0.0000000000e+00
     vertex 7.9000000000e-01 0.0000000000e+00 0.0000000000e+00
     vertex 7.6129608285e-01 2.1006762843e-02 -8.4163148563e-03
   endloop
 endfacet
 facet normal  6.0835488174e-01 6.4722676010e-01 -4.5934938650e-01
   outer loop
     vertex 7.6129608285e-01 2.1006762843e-02 -8.4163148563e-03
     vertex 7.9000000000e-01 0.0000000000e+00 0.0000000000e+00
     vertex 7.6129608285e-01 1.5917701653e-02 -1.5586840566e-02
   endloop
 endfacet
 facet normal  6.0560382507e-01 4.4818003031e-01 -6.5755506803e-01
   outer loop
     vertex 7.6129608285e-01 1.5917701653e-02 -1.5586840566e-02
     vertex 7.9000000000e-01 0.0000000000e+00 0.0000000000e+00
     vertex 7.6129608285e-01 8.5984085789e-03 -2.0575564936e-02
   endloop
 endfacet
 facet normal  6.0715687816e-01 1.6893861710e-01 -7.7641501077e-01
   outer loop
     vertex 7.6129608285e-01 8.5984085789e-03 -2.0575564936e-02
     vertex 7.9000000000e-01 0.0000000000e+00 0.0000000000e+00
     vertex 7.6129608285e-01 -1.7763568394e-18 -2.2446475769e-02
   endloop
 endfacet
 facet normal  6.0715687816e-01 -1.6893861710e-01 -7.7641501077e-01
   outer loop
     vertex 7.6129608285e-01 -1.7763568394e-18 -2.2446475769e-02
     vertex 7.9000000000e-01 0.0000000000e+00 0.0000000000e+00
     vertex 7.6129608285e-01 -8.5984085789e-03 -2.0575564936e-02
   endloop
 endfacet
 facet normal  6.0560382507e-01 -4.4818003031e-01 -6.5755506803e-01
   outer loop
     vertex 7.6129608285e-01 -8.5984085789e-03 -2.0575564936e-02
     vertex 7.9000000000e-01 0.0000000000e+00 0.0000000000e+00
     vertex 7.6129608285e-01 -1.5917701653e-02 -1.5586840566e-02
   endloop
 endfacet
 facet normal  6.0835488174e-01 -6.4722676010e-01 -4.5934938650e-01
   outer loop
     vertex 7.6129608285e-01 -1.5917701653e-02 -1.5586840566e-02
     vertex 7.9000000000e-01 0.0000000000e+00 0.0000000000e+00
     vertex 7.6129608285e-01 -2.1006762843e-02 -8.4163148563e-03
   endloop
 endfacet
 facet normal  6.1432256652e-01 -7.6953381909e-01 -1.7442902723e-01
   outer loop
     vertex 7.6129608285e-01 -2.1006762843e-02 -8.4163148563e-03
     vertex 7.9000000000e-01 0.0000000000e+00 0.0000000000e+00
     vertex 7.6129608285e-01 -2.2914475769e-02 -1.7763568394e-18
   endloop
 endfacet
 facet normal  6.1432256652e-01 -7.6953381909e-01 1.7442902723e-01
   outer loop
     vertex 7.6129608285e-01 -2.2914475769e-02 -1.7763568394e-18
     vertex 7.9000000000e-01 0.0000000000e+00 0.0000000000e+00
     vertex 7.6129608285e-01 -2.1006762843e-02 8.4163148563e-03
   endloop
 endfacet
 facet normal  6.0835488174e-01 -6.4722676010e-01 4.5934938650e-01
   outer loop
     vertex 7.6129608285e-01 -2.1006762843e-02 8.4163148563e-03
     vertex 7.9000000000e-01 0.0000000000e+00 0.0000000000e+00
     vertex 7.6129608285e-01 -1.5917701653e-02 1.5586840566e-02
   endloop
 endfacet
 facet normal  6.0560382507e-01 -4.4818003031e-01 6.5755506803e-01
   outer loop
     vertex 7.6129608285e-01 -1.5917701653e-02 1.5586840566e-02
     vertex 7.9000000000e-01 0.0000000000e+00 0.0000000000e+00
     vertex 7.6129608285e-01 -8.5984085789e-03 2.0575564936e-02
   endloop
 endfacet
 facet normal  6.0715687816e-01 -1.6893861710e-01 7.7641501077e-01
   outer loop
     vertex 7.6129608285e-01 -8.5984085789e-03 2.0575564936e-02
     vertex 7.9000000000e-01 0.0000000000e+00 0.0000000000e+00
     vertex 7.6129608285e-01 -2.3314683517e-18 2.2446475769e-02
   endloop
 endfacet
 facet normal  6.0715687816e-01 1.6893861710e-01 7.7641501077e-01
   outer loop
     vertex 7.6129608285e-01 -2.3314683517e-18 2.2446475769e-02
     vertex 7.9000000000e-01 0.0000000000e+00 0.0000000000e+00
     vertex 7.6129608285e-01 8.5984085789e-03 2.0575564936e-02
   endloop
 endfacet
 facet normal  6.0560382507e-01 4.4818003031e-01 6.5755506803e-01
   outer loop
     vertex 7.6129608285e-01 8.5984085789e-03 2.0575564936e-02
     vertex 7.9000000000e-01 0.0000000000e+00 0.0000000000e+00
     vertex 7.6129608285e-01 1.5917701653e-02 1.5586840566e-02
   endloop
 endfacet
 facet normal  6.0835488174e-01 6.4722676010e-01 4.5934938650e-01
   outer loop
     vertex 7.6129608285e-01 1.5917701653e-02 1.5586840566e-02
     vertex 7.9000000000e-01 0.0000000000e+00 0.0000000000e+00
     vertex 7.6129608285e-01 2.1006762843e-02 8.4163148563e-03
   endloop
 endfacet
 facet normal  6.1432256652e-01 7.6953381909e-01 1.7442902723e-01
   outer loop
     vertex 7.6129608285e-01 2.1006762843e-02 8.4163148563e-03
     vertex 7.9000000000e-01 0.0000000000e+00 0.0000000000e+00
     vertex 7.6129608285e-01 2.2914475769e-02 0.0000000000e+00
   endloop
 endfacet
endsolid
