solid
 facet normal  1.1497157669e-01 -2.6138818910e-02 -9.9302482280e-01
   outer loop
     vertex 2.4800000000e+00 0.0000000000e+00 1.0000000000e-01
     vertex 2.4746542640e+00 0.0000000000e+00 9.9381075188e-02
     vertex 2.5000068237e+00 8.8000000000e-02 1.0000000000e-01
   endloop
 endfacet
 facet normal  1.1497157669e-01 -2.6138818910e-02 -9.9302482280e-01
   outer loop
     vertex 2.5000068237e+00 8.8000000000e-02 1.0000000000e-01
     vertex 2.4746542640e+00 0.0000000000e+00 9.9381075188e-02
     vertex 2.4952491186e+00 8.8000000000e-02 9.9449156917e-02
   endloop
 endfacet
 facet normal  1.1227743165e-01 -2.5508050429e-02 -9.9334944390e-01
   outer loop
     vertex 2.4746542640e+00 0.0000000000e+00 9.9381075188e-02
     vertex 2.4669700276e+00 0.0000000000e+00 9.8512532572e-02
     vertex 2.4952491186e+00 8.8000000000e-02 9.9449156917e-02
   endloop
 endfacet
 facet normal  1.1227743165e-01 -2.5508050429e-02 -9.9334944390e-01
   outer loop
     vertex 2.4952491186e+00 8.8000000000e-02 9.9449156917e-02
     vertex 2.4669700276e+00 0.0000000000e+00 9.8512532572e-02
     vertex 2.4884101482e+00 8.8000000000e-02 9.8676153989e-02
   endloop
 endfacet
 facet normal  1.0855602573e-01 -2.4600564017e-02 -9.9378589320e-01
   outer loop
     vertex 2.4669700276e+00 0.0000000000e+00 9.8512532572e-02
     vertex 2.4561519307e+00 0.0000000000e+00 9.7330819679e-02
     vertex 2.4884101482e+00 8.8000000000e-02 9.8676153989e-02
   endloop
 endfacet
 facet normal  1.0855602573e-01 -2.4600564017e-02 -9.9378589320e-01
   outer loop
     vertex 2.4884101482e+00 8.8000000000e-02 9.8676153989e-02
     vertex 2.4561519307e+00 0.0000000000e+00 9.7330819679e-02
     vertex 2.4787820420e+00 8.8000000000e-02 9.7624429514e-02
   endloop
 endfacet
 facet normal  1.0360570334e-01 -2.3325672252e-02 -9.9434489552e-01
   outer loop
     vertex 2.4561519307e+00 0.0000000000e+00 9.7330819679e-02
     vertex 2.4413603787e+00 0.0000000000e+00 9.5789614855e-02
     vertex 2.4787820420e+00 8.8000000000e-02 9.7624429514e-02
   endloop
 endfacet
 facet normal  1.0360570334e-01 -2.3325672252e-02 -9.9434489552e-01
   outer loop
     vertex 2.4787820420e+00 8.8000000000e-02 9.7624429514e-02
     vertex 2.4413603787e+00 0.0000000000e+00 9.5789614855e-02
     vertex 2.4656175607e+00 8.8000000000e-02 9.6252757221e-02
   endloop
 endfacet
 facet normal  9.7170571146e-02 -2.1548200267e-02 -9.9503444924e-01
   outer loop
     vertex 2.4413603787e+00 0.0000000000e+00 9.5789614855e-02
     vertex 2.4219240298e+00 0.0000000000e+00 9.3891548793e-02
     vertex 2.4656175607e+00 8.8000000000e-02 9.6252757221e-02
   endloop
 endfacet
 facet normal  9.7170571146e-02 -2.1548200267e-02 -9.9503444924e-01
   outer loop
     vertex 2.4656175607e+00 8.8000000000e-02 9.6252757221e-02
     vertex 2.4219240298e+00 0.0000000000e+00 9.3891548793e-02
     vertex 2.4483192102e+00 8.8000000000e-02 9.4563478425e-02
   endloop
 endfacet
 facet normal  8.8779914321e-02 -1.9025086248e-02 -9.9586955617e-01
   outer loop
     vertex 2.4219240298e+00 0.0000000000e+00 9.3891548793e-02
     vertex 2.3976759817e+00 0.0000000000e+00 9.1729880506e-02
     vertex 2.4483192102e+00 8.8000000000e-02 9.4563478425e-02
   endloop
 endfacet
 facet normal  8.8779914321e-02 -1.9025086248e-02 -9.9586955617e-01
   outer loop
     vertex 2.4483192102e+00 8.8000000000e-02 9.4563478425e-02
     vertex 2.3976759817e+00 0.0000000000e+00 9.1729880506e-02
     vertex 2.4267384474e+00 8.8000000000e-02 9.2639593650e-02
   endloop
 endfacet
 facet normal  7.7627538666e-02 -1.5331669405e-02 -9.9686453701e-01
   outer loop
     vertex 2.3976759817e+00 0.0000000000e+00 9.1729880506e-02
     vertex 2.3693093089e+00 0.0000000000e+00 8.9520919403e-02
     vertex 2.4267384474e+00 8.8000000000e-02 9.2639593650e-02
   endloop
 endfacet
 facet normal  7.7627538666e-02 -1.5331669405e-02 -9.9686453701e-01
   outer loop
     vertex 2.4267384474e+00 8.8000000000e-02 9.2639593650e-02
     vertex 2.3693093089e+00 0.0000000000e+00 8.9520919403e-02
     vertex 2.4014921086e+00 8.8000000000e-02 9.0673618268e-02
   endloop
 endfacet
 facet normal  6.2289243067e-02 -9.7072291431e-03 -9.9801093175e-01
   outer loop
     vertex 2.3693093089e+00 0.0000000000e+00 8.9520919403e-02
     vertex 2.3385159746e+00 0.0000000000e+00 8.7599003092e-02
     vertex 2.4014921086e+00 8.8000000000e-02 9.0673618268e-02
   endloop
 endfacet
 facet normal  6.2289243067e-02 -9.7072291431e-03 -9.9801093175e-01
   outer loop
     vertex 2.4014921086e+00 8.8000000000e-02 9.0673618268e-02
     vertex 2.3385159746e+00 0.0000000000e+00 8.7599003092e-02
     vertex 2.3740860411e+00 8.8000000000e-02 8.8963112752e-02
   endloop
 endfacet
 facet normal  4.0848089624e-02 -1.0227141681e-03 -9.9916484507e-01
   outer loop
     vertex 2.3385159746e+00 0.0000000000e+00 8.7599003092e-02
     vertex 2.3466498792e+00 8.8000000000e-02 8.7841461200e-02
     vertex 2.3740860411e+00 8.8000000000e-02 8.8963112752e-02
   endloop
 endfacet
 facet normal  4.0848089624e-02 -1.0227141681e-03 -9.9916484507e-01
   outer loop
     vertex 2.3385159746e+00 0.0000000000e+00 8.7599003092e-02
     vertex 2.3076888264e+00 0.0000000000e+00 8.6338720450e-02
     vertex 2.3466498792e+00 8.8000000000e-02 8.7841461200e-02
   endloop
 endfacet
 facet normal  1.1501389815e-02 1.1982127415e-02 -9.9986206381e-01
   outer loop
     vertex 2.3076888264e+00 0.0000000000e+00 8.6338720450e-02
     vertex 2.3213297634e+00 8.8000000000e-02 8.7550204503e-02
     vertex 2.3466498792e+00 8.8000000000e-02 8.7841461200e-02
   endloop
 endfacet
 facet normal  1.1501389815e-02 1.1982127415e-02 -9.9986206381e-01
   outer loop
     vertex 2.3076888264e+00 0.0000000000e+00 8.6338720450e-02
     vertex 2.2792392581e+00 0.0000000000e+00 8.6011465734e-02
     vertex 2.3213297634e+00 8.8000000000e-02 8.7550204503e-02
   endloop
 endfacet
 facet normal  -2.6994491272e-02 3.0382717822e-02 -9.9917375261e-01
   outer loop
     vertex 2.2792392581e+00 0.0000000000e+00 8.6011465734e-02
     vertex 2.2996728501e+00 8.8000000000e-02 8.8135305297e-02
     vertex 2.3213297634e+00 8.8000000000e-02 8.7550204503e-02
   endloop
 endfacet
 facet normal  -2.6994491272e-02 3.0382717822e-02 -9.9917375261e-01
   outer loop
     vertex 2.2792392581e+00 0.0000000000e+00 8.6011465734e-02
     vertex 2.2549056477e+00 0.0000000000e+00 8.6668882357e-02
     vertex 2.2996728501e+00 8.8000000000e-02 8.8135305297e-02
   endloop
 endfacet
 facet normal  -7.6192437040e-02 5.5350317042e-02 -9.9555565135e-01
   outer loop
     vertex 2.2549056477e+00 0.0000000000e+00 8.6668882357e-02
     vertex 2.2823450365e+00 8.8000000000e-02 8.9461447480e-02
     vertex 2.2996728501e+00 8.8000000000e-02 8.8135305297e-02
   endloop
 endfacet
 facet normal  -7.6192437040e-02 5.5350317042e-02 -9.9555565135e-01
   outer loop
     vertex 2.2549056477e+00 0.0000000000e+00 8.6668882357e-02
     vertex 2.2354361942e+00 0.0000000000e+00 8.8158929753e-02
     vertex 2.2823450365e+00 8.8000000000e-02 8.9461447480e-02
   endloop
 endfacet
 facet normal  -1.4005572522e-01 8.9253195524e-02 -9.8611270194e-01
   outer loop
     vertex 2.2354361942e+00 0.0000000000e+00 8.8158929753e-02
     vertex 2.2692437941e+00 8.8000000000e-02 9.1322192203e-02
     vertex 2.2823450365e+00 8.8000000000e-02 8.9461447480e-02
   endloop
 endfacet
 facet normal  -1.4005572522e-01 8.9253195524e-02 -9.8611270194e-01
   outer loop
     vertex 2.2354361942e+00 0.0000000000e+00 8.8158929753e-02
     vertex 2.2207156971e+00 0.0000000000e+00 9.0249654161e-02
     vertex 2.2692437941e+00 8.8000000000e-02 9.1322192203e-02
   endloop
 endfacet
 facet normal  -2.3061499915e-01 1.3891187939e-01 -9.6307850767e-01
   outer loop
     vertex 2.2207156971e+00 0.0000000000e+00 9.0249654161e-02
     vertex 2.2598300816e+00 8.8000000000e-02 9.3576362855e-02
     vertex 2.2692437941e+00 8.8000000000e-02 9.1322192203e-02
   endloop
 endfacet
 facet normal  -2.3061499915e-01 1.3891187939e-01 -9.6307850767e-01
   outer loop
     vertex 2.2207156971e+00 0.0000000000e+00 9.0249654161e-02
     vertex 2.2101384920e+00 0.0000000000e+00 9.2782430175e-02
     vertex 2.2598300816e+00 8.8000000000e-02 9.3576362855e-02
   endloop
 endfacet
 facet normal  -3.8645556674e-01 2.2628931962e-01 -8.9411701626e-01
   outer loop
     vertex 2.2101384920e+00 0.0000000000e+00 9.2782430175e-02
     vertex 2.2535297553e+00 8.8000000000e-02 9.6299492062e-02
     vertex 2.2598300816e+00 8.8000000000e-02 9.3576362855e-02
   endloop
 endfacet
 facet normal  -3.8645556674e-01 2.2628931962e-01 -8.9411701626e-01
   outer loop
     vertex 2.2101384920e+00 0.0000000000e+00 9.2782430175e-02
     vertex 2.2030594738e+00 0.0000000000e+00 9.5842125912e-02
     vertex 2.2535297553e+00 8.8000000000e-02 9.6299492062e-02
   endloop
 endfacet
 facet normal  -7.3034077773e-01 4.2166244462e-01 -5.3740406696e-01
   outer loop
     vertex 2.2030594738e+00 0.0000000000e+00 9.5842125912e-02
     vertex 2.2508068237e+00 8.8000000000e-02 1.0000000000e-01
     vertex 2.2535297553e+00 8.8000000000e-02 9.6299492062e-02
   endloop
 endfacet
 facet normal  -7.3034077773e-01 4.2166244462e-01 -5.3740406696e-01
   outer loop
     vertex 2.2030594738e+00 0.0000000000e+00 9.5842125912e-02
     vertex 2.2000000000e+00 0.0000000000e+00 1.0000000000e-01
     vertex 2.2508068237e+00 8.8000000000e-02 1.0000000000e-01
   endloop
 endfacet
 facet normal  -7.3034077773e-01 4.2166244462e-01 5.3740406696e-01
   outer loop
     vertex 2.2000000000e+00 0.0000000000e+00 1.0000000000e-01
     vertex 2.2030594738e+00 0.0000000000e+00 1.0415787409e-01
     vertex 2.2508068237e+00 8.8000000000e-02 1.0000000000e-01
   endloop
 endfacet
 facet normal  -7.3034077773e-01 4.2166244462e-01 5.3740406696e-01
   outer loop
     vertex 2.2508068237e+00 8.8000000000e-02 1.0000000000e-01
     vertex 2.2030594738e+00 0.0000000000e+00 1.0415787409e-01
     vertex 2.2535297553e+00 8.8000000000e-02 1.0370050794e-01
   endloop
 endfacet
 facet normal  -3.8645556674e-01 2.2628931962e-01 8.9411701626e-01
   outer loop
     vertex 2.2030594738e+00 0.0000000000e+00 1.0415787409e-01
     vertex 2.2101384920e+00 0.0000000000e+00 1.0721756983e-01
     vertex 2.2535297553e+00 8.8000000000e-02 1.0370050794e-01
   endloop
 endfacet
 facet normal  -3.8645556674e-01 2.2628931962e-01 8.9411701626e-01
   outer loop
     vertex 2.2535297553e+00 8.8000000000e-02 1.0370050794e-01
     vertex 2.2101384920e+00 0.0000000000e+00 1.0721756983e-01
     vertex 2.2598300816e+00 8.8000000000e-02 1.0642363714e-01
   endloop
 endfacet
 facet normal  -2.3061499915e-01 1.3891187939e-01 9.6307850767e-01
   outer loop
     vertex 2.2101384920e+00 0.0000000000e+00 1.0721756983e-01
     vertex 2.2207156971e+00 0.0000000000e+00 1.0975034584e-01
     vertex 2.2598300816e+00 8.8000000000e-02 1.0642363714e-01
   endloop
 endfacet
 facet normal  -2.3061499915e-01 1.3891187939e-01 9.6307850767e-01
   outer loop
     vertex 2.2598300816e+00 8.8000000000e-02 1.0642363714e-01
     vertex 2.2207156971e+00 0.0000000000e+00 1.0975034584e-01
     vertex 2.2692437941e+00 8.8000000000e-02 1.0867780780e-01
   endloop
 endfacet
 facet normal  -1.4005572522e-01 8.9253195524e-02 9.8611270194e-01
   outer loop
     vertex 2.2207156971e+00 0.0000000000e+00 1.0975034584e-01
     vertex 2.2354361942e+00 0.0000000000e+00 1.1184107025e-01
     vertex 2.2692437941e+00 8.8000000000e-02 1.0867780780e-01
   endloop
 endfacet
 facet normal  -1.4005572522e-01 8.9253195524e-02 9.8611270194e-01
   outer loop
     vertex 2.2692437941e+00 8.8000000000e-02 1.0867780780e-01
     vertex 2.2354361942e+00 0.0000000000e+00 1.1184107025e-01
     vertex 2.2823450365e+00 8.8000000000e-02 1.1053855252e-01
   endloop
 endfacet
 facet normal  -7.6192437040e-02 5.5350317042e-02 9.9555565135e-01
   outer loop
     vertex 2.2354361942e+00 0.0000000000e+00 1.1184107025e-01
     vertex 2.2549056477e+00 0.0000000000e+00 1.1333111764e-01
     vertex 2.2823450365e+00 8.8000000000e-02 1.1053855252e-01
   endloop
 endfacet
 facet normal  -7.6192437040e-02 5.5350317042e-02 9.9555565135e-01
   outer loop
     vertex 2.2823450365e+00 8.8000000000e-02 1.1053855252e-01
     vertex 2.2549056477e+00 0.0000000000e+00 1.1333111764e-01
     vertex 2.2996728501e+00 8.8000000000e-02 1.1186469470e-01
   endloop
 endfacet
 facet normal  -2.6994491272e-02 3.0382717822e-02 9.9917375261e-01
   outer loop
     vertex 2.2549056477e+00 0.0000000000e+00 1.1333111764e-01
     vertex 2.2792392581e+00 0.0000000000e+00 1.1398853427e-01
     vertex 2.2996728501e+00 8.8000000000e-02 1.1186469470e-01
   endloop
 endfacet
 facet normal  -2.6994491272e-02 3.0382717822e-02 9.9917375261e-01
   outer loop
     vertex 2.2996728501e+00 8.8000000000e-02 1.1186469470e-01
     vertex 2.2792392581e+00 0.0000000000e+00 1.1398853427e-01
     vertex 2.3213297634e+00 8.8000000000e-02 1.1244979550e-01
   endloop
 endfacet
 facet normal  1.1501389815e-02 1.1982127415e-02 9.9986206381e-01
   outer loop
     vertex 2.2792392581e+00 0.0000000000e+00 1.1398853427e-01
     vertex 2.3076888264e+00 0.0000000000e+00 1.1366127955e-01
     vertex 2.3213297634e+00 8.8000000000e-02 1.1244979550e-01
   endloop
 endfacet
 facet normal  1.1501389815e-02 1.1982127415e-02 9.9986206381e-01
   outer loop
     vertex 2.3213297634e+00 8.8000000000e-02 1.1244979550e-01
     vertex 2.3076888264e+00 0.0000000000e+00 1.1366127955e-01
     vertex 2.3466498792e+00 8.8000000000e-02 1.1215853880e-01
   endloop
 endfacet
 facet normal  4.0848089624e-02 -1.0227141681e-03 9.9916484507e-01
   outer loop
     vertex 2.3076888264e+00 0.0000000000e+00 1.1366127955e-01
     vertex 2.3385159746e+00 0.0000000000e+00 1.1240099691e-01
     vertex 2.3466498792e+00 8.8000000000e-02 1.1215853880e-01
   endloop
 endfacet
 facet normal  4.0848089624e-02 -1.0227141681e-03 9.9916484507e-01
   outer loop
     vertex 2.3466498792e+00 8.8000000000e-02 1.1215853880e-01
     vertex 2.3385159746e+00 0.0000000000e+00 1.1240099691e-01
     vertex 2.3740860411e+00 8.8000000000e-02 1.1103688725e-01
   endloop
 endfacet
 facet normal  6.2289243067e-02 -9.7072291431e-03 9.9801093175e-01
   outer loop
     vertex 2.3385159746e+00 0.0000000000e+00 1.1240099691e-01
     vertex 2.4014921086e+00 8.8000000000e-02 1.0932638173e-01
     vertex 2.3740860411e+00 8.8000000000e-02 1.1103688725e-01
   endloop
 endfacet
 facet normal  6.2289243067e-02 -9.7072291431e-03 9.9801093175e-01
   outer loop
     vertex 2.3385159746e+00 0.0000000000e+00 1.1240099691e-01
     vertex 2.3693093089e+00 0.0000000000e+00 1.1047908060e-01
     vertex 2.4014921086e+00 8.8000000000e-02 1.0932638173e-01
   endloop
 endfacet
 facet normal  7.7627538666e-02 -1.5331669405e-02 9.9686453701e-01
   outer loop
     vertex 2.3693093089e+00 0.0000000000e+00 1.1047908060e-01
     vertex 2.4267384474e+00 8.8000000000e-02 1.0736040635e-01
     vertex 2.4014921086e+00 8.8000000000e-02 1.0932638173e-01
   endloop
 endfacet
 facet normal  7.7627538666e-02 -1.5331669405e-02 9.9686453701e-01
   outer loop
     vertex 2.3693093089e+00 0.0000000000e+00 1.1047908060e-01
     vertex 2.3976759817e+00 0.0000000000e+00 1.0827011949e-01
     vertex 2.4267384474e+00 8.8000000000e-02 1.0736040635e-01
   endloop
 endfacet
 facet normal  8.8779914321e-02 -1.9025086248e-02 9.9586955617e-01
   outer loop
     vertex 2.3976759817e+00 0.0000000000e+00 1.0827011949e-01
     vertex 2.4483192102e+00 8.8000000000e-02 1.0543652157e-01
     vertex 2.4267384474e+00 8.8000000000e-02 1.0736040635e-01
   endloop
 endfacet
 facet normal  8.8779914321e-02 -1.9025086248e-02 9.9586955617e-01
   outer loop
     vertex 2.3976759817e+00 0.0000000000e+00 1.0827011949e-01
     vertex 2.4219240298e+00 0.0000000000e+00 1.0610845121e-01
     vertex 2.4483192102e+00 8.8000000000e-02 1.0543652157e-01
   endloop
 endfacet
 facet normal  9.7170571146e-02 -2.1548200267e-02 9.9503444924e-01
   outer loop
     vertex 2.4219240298e+00 0.0000000000e+00 1.0610845121e-01
     vertex 2.4656175607e+00 8.8000000000e-02 1.0374724278e-01
     vertex 2.4483192102e+00 8.8000000000e-02 1.0543652157e-01
   endloop
 endfacet
 facet normal  9.7170571146e-02 -2.1548200267e-02 9.9503444924e-01
   outer loop
     vertex 2.4219240298e+00 0.0000000000e+00 1.0610845121e-01
     vertex 2.4413603787e+00 0.0000000000e+00 1.0421038514e-01
     vertex 2.4656175607e+00 8.8000000000e-02 1.0374724278e-01
   endloop
 endfacet
 facet normal  1.0360570334e-01 -2.3325672252e-02 9.9434489552e-01
   outer loop
     vertex 2.4413603787e+00 0.0000000000e+00 1.0421038514e-01
     vertex 2.4787820420e+00 8.8000000000e-02 1.0237557049e-01
     vertex 2.4656175607e+00 8.8000000000e-02 1.0374724278e-01
   endloop
 endfacet
 facet normal  1.0360570334e-01 -2.3325672252e-02 9.9434489552e-01
   outer loop
     vertex 2.4413603787e+00 0.0000000000e+00 1.0421038514e-01
     vertex 2.4561519307e+00 0.0000000000e+00 1.0266918032e-01
     vertex 2.4787820420e+00 8.8000000000e-02 1.0237557049e-01
   endloop
 endfacet
 facet normal  1.0855602573e-01 -2.4600564017e-02 9.9378589320e-01
   outer loop
     vertex 2.4561519307e+00 0.0000000000e+00 1.0266918032e-01
     vertex 2.4884101482e+00 8.8000000000e-02 1.0132384601e-01
     vertex 2.4787820420e+00 8.8000000000e-02 1.0237557049e-01
   endloop
 endfacet
 facet normal  1.0855602573e-01 -2.4600564017e-02 9.9378589320e-01
   outer loop
     vertex 2.4561519307e+00 0.0000000000e+00 1.0266918032e-01
     vertex 2.4669700276e+00 0.0000000000e+00 1.0148746743e-01
     vertex 2.4884101482e+00 8.8000000000e-02 1.0132384601e-01
   endloop
 endfacet
 facet normal  1.1227743165e-01 -2.5508050429e-02 9.9334944390e-01
   outer loop
     vertex 2.4669700276e+00 0.0000000000e+00 1.0148746743e-01
     vertex 2.4952491186e+00 8.8000000000e-02 1.0055084308e-01
     vertex 2.4884101482e+00 8.8000000000e-02 1.0132384601e-01
   endloop
 endfacet
 facet normal  1.1227743165e-01 -2.5508050429e-02 9.9334944390e-01
   outer loop
     vertex 2.4669700276e+00 0.0000000000e+00 1.0148746743e-01
     vertex 2.4746542640e+00 0.0000000000e+00 1.0061892481e-01
     vertex 2.4952491186e+00 8.8000000000e-02 1.0055084308e-01
   endloop
 endfacet
 facet normal  1.1497157669e-01 -2.6138818910e-02 9.9302482280e-01
   outer loop
     vertex 2.4746542640e+00 0.0000000000e+00 1.0061892481e-01
     vertex 2.5000068237e+00 8.8000000000e-02 1.0000000000e-01
     vertex 2.4952491186e+00 8.8000000000e-02 1.0055084308e-01
   endloop
 endfacet
 facet normal  1.1497157669e-01 -2.6138818910e-02 9.9302482280e-01
   outer loop
     vertex 2.4746542640e+00 0.0000000000e+00 1.0061892481e-01
     vertex 2.4800000000e+00 0.0000000000e+00 1.0000000000e-01
     vertex 2.5000068237e+00 8.8000000000e-02 1.0000000000e-01
   endloop
 endfacet
 facet normal  1.1497157669e-01 -2.6138818910e-02 -9.9302482280e-01
   outer loop
     vertex 2.5000068237e+00 8.8000000000e-02 1.0000000000e-01
     vertex 2.4952491186e+00 8.8000000000e-02 9.9449156917e-02
     vertex 2.5200136474e+00 1.7600000000e-01 1.0000000000e-01
   endloop
 endfacet
 facet normal  1.1497157669e-01 -2.6138818910e-02 -9.9302482280e-01
   outer loop
     vertex 2.5200136474e+00 1.7600000000e-01 1.0000000000e-01
     vertex 2.4952491186e+00 8.8000000000e-02 9.9449156917e-02
     vertex 2.5158439733e+00 1.7600000000e-01 9.9517238647e-02
   endloop
 endfacet
 facet normal  1.1227743165e-01 -2.5508050429e-02 -9.9334944390e-01
   outer loop
     vertex 2.4952491186e+00 8.8000000000e-02 9.9449156917e-02
     vertex 2.4884101482e+00 8.8000000000e-02 9.8676153989e-02
     vertex 2.5158439733e+00 1.7600000000e-01 9.9517238647e-02
   endloop
 endfacet
 facet normal  1.1227743165e-01 -2.5508050429e-02 -9.9334944390e-01
   outer loop
     vertex 2.5158439733e+00 1.7600000000e-01 9.9517238647e-02
     vertex 2.4884101482e+00 8.8000000000e-02 9.8676153989e-02
     vertex 2.5098502689e+00 1.7600000000e-01 9.8839775406e-02
   endloop
 endfacet
 facet normal  1.0855602573e-01 -2.4600564017e-02 -9.9378589320e-01
   outer loop
     vertex 2.4884101482e+00 8.8000000000e-02 9.8676153989e-02
     vertex 2.4787820420e+00 8.8000000000e-02 9.7624429514e-02
     vertex 2.5098502689e+00 1.7600000000e-01 9.8839775406e-02
   endloop
 endfacet
 facet normal  1.0855602573e-01 -2.4600564017e-02 -9.9378589320e-01
   outer loop
     vertex 2.5098502689e+00 1.7600000000e-01 9.8839775406e-02
     vertex 2.4787820420e+00 8.8000000000e-02 9.7624429514e-02
     vertex 2.5014121533e+00 1.7600000000e-01 9.7918039349e-02
   endloop
 endfacet
 facet normal  1.0360570334e-01 -2.3325672252e-02 -9.9434489552e-01
   outer loop
     vertex 2.4787820420e+00 8.8000000000e-02 9.7624429514e-02
     vertex 2.4656175607e+00 8.8000000000e-02 9.6252757221e-02
     vertex 2.5014121533e+00 1.7600000000e-01 9.7918039349e-02
   endloop
 endfacet
 facet normal  1.0360570334e-01 -2.3325672252e-02 -9.9434489552e-01
   outer loop
     vertex 2.5014121533e+00 1.7600000000e-01 9.7918039349e-02
     vertex 2.4656175607e+00 8.8000000000e-02 9.6252757221e-02
     vertex 2.4898747428e+00 1.7600000000e-01 9.6715899587e-02
   endloop
 endfacet
 facet normal  9.7170571146e-02 -2.1548200267e-02 -9.9503444924e-01
   outer loop
     vertex 2.4656175607e+00 8.8000000000e-02 9.6252757221e-02
     vertex 2.4483192102e+00 8.8000000000e-02 9.4563478425e-02
     vertex 2.4898747428e+00 1.7600000000e-01 9.6715899587e-02
   endloop
 endfacet
 facet normal  9.7170571146e-02 -2.1548200267e-02 -9.9503444924e-01
   outer loop
     vertex 2.4898747428e+00 1.7600000000e-01 9.6715899587e-02
     vertex 2.4483192102e+00 8.8000000000e-02 9.4563478425e-02
     vertex 2.4747143906e+00 1.7600000000e-01 9.5235408058e-02
   endloop
 endfacet
 facet normal  8.8779914321e-02 -1.9025086248e-02 -9.9586955617e-01
   outer loop
     vertex 2.4483192102e+00 8.8000000000e-02 9.4563478425e-02
     vertex 2.4267384474e+00 8.8000000000e-02 9.2639593650e-02
     vertex 2.4747143906e+00 1.7600000000e-01 9.5235408058e-02
   endloop
 endfacet
 facet normal  8.8779914321e-02 -1.9025086248e-02 -9.9586955617e-01
   outer loop
     vertex 2.4747143906e+00 1.7600000000e-01 9.5235408058e-02
     vertex 2.4267384474e+00 8.8000000000e-02 9.2639593650e-02
     vertex 2.4558009131e+00 1.7600000000e-01 9.3549306795e-02
   endloop
 endfacet
 facet normal  7.7627538666e-02 -1.5331669405e-02 -9.9686453701e-01
   outer loop
     vertex 2.4267384474e+00 8.8000000000e-02 9.2639593650e-02
     vertex 2.4014921086e+00 8.8000000000e-02 9.0673618268e-02
     vertex 2.4558009131e+00 1.7600000000e-01 9.3549306795e-02
   endloop
 endfacet
 facet normal  7.7627538666e-02 -1.5331669405e-02 -9.9686453701e-01
   outer loop
     vertex 2.4558009131e+00 1.7600000000e-01 9.3549306795e-02
     vertex 2.4014921086e+00 8.8000000000e-02 9.0673618268e-02
     vertex 2.4336749083e+00 1.7600000000e-01 9.1826317134e-02
   endloop
 endfacet
 facet normal  6.2289243067e-02 -9.7072291431e-03 -9.9801093175e-01
   outer loop
     vertex 2.4014921086e+00 8.8000000000e-02 9.0673618268e-02
     vertex 2.3740860411e+00 8.8000000000e-02 8.8963112752e-02
     vertex 2.4336749083e+00 1.7600000000e-01 9.1826317134e-02
   endloop
 endfacet
 facet normal  6.2289243067e-02 -9.7072291431e-03 -9.9801093175e-01
   outer loop
     vertex 2.4336749083e+00 1.7600000000e-01 9.1826317134e-02
     vertex 2.3740860411e+00 8.8000000000e-02 8.8963112752e-02
     vertex 2.4096561075e+00 1.7600000000e-01 9.0327222412e-02
   endloop
 endfacet
 facet normal  4.0848089624e-02 -1.0227141681e-03 -9.9916484507e-01
   outer loop
     vertex 2.3740860411e+00 8.8000000000e-02 8.8963112752e-02
     vertex 2.3856109320e+00 1.7600000000e-01 8.9344201951e-02
     vertex 2.4096561075e+00 1.7600000000e-01 9.0327222412e-02
   endloop
 endfacet
 facet normal  4.0848089624e-02 -1.0227141681e-03 -9.9916484507e-01
   outer loop
     vertex 2.3740860411e+00 8.8000000000e-02 8.8963112752e-02
     vertex 2.3466498792e+00 8.8000000000e-02 8.7841461200e-02
     vertex 2.3856109320e+00 1.7600000000e-01 8.9344201951e-02
   endloop
 endfacet
 facet normal  1.1501389815e-02 1.1982127415e-02 -9.9986206381e-01
   outer loop
     vertex 2.3466498792e+00 8.8000000000e-02 8.7841461200e-02
     vertex 2.3634202687e+00 1.7600000000e-01 8.9088943273e-02
     vertex 2.3856109320e+00 1.7600000000e-01 8.9344201951e-02
   endloop
 endfacet
 facet normal  1.1501389815e-02 1.1982127415e-02 -9.9986206381e-01
   outer loop
     vertex 2.3466498792e+00 8.8000000000e-02 8.7841461200e-02
     vertex 2.3213297634e+00 8.8000000000e-02 8.7550204503e-02
     vertex 2.3634202687e+00 1.7600000000e-01 8.9088943273e-02
   endloop
 endfacet
 facet normal  -2.6994491272e-02 3.0382717822e-02 -9.9917375261e-01
   outer loop
     vertex 2.3213297634e+00 8.8000000000e-02 8.7550204503e-02
     vertex 2.3444400526e+00 1.7600000000e-01 8.9601728238e-02
     vertex 2.3634202687e+00 1.7600000000e-01 8.9088943273e-02
   endloop
 endfacet
 facet normal  -2.6994491272e-02 3.0382717822e-02 -9.9917375261e-01
   outer loop
     vertex 2.3213297634e+00 8.8000000000e-02 8.7550204503e-02
     vertex 2.2996728501e+00 8.8000000000e-02 8.8135305297e-02
     vertex 2.3444400526e+00 1.7600000000e-01 8.9601728238e-02
   endloop
 endfacet
 facet normal  -7.6192437040e-02 5.5350317042e-02 -9.9555565135e-01
   outer loop
     vertex 2.2996728501e+00 8.8000000000e-02 8.8135305297e-02
     vertex 2.3292538789e+00 1.7600000000e-01 9.0763965207e-02
     vertex 2.3444400526e+00 1.7600000000e-01 8.9601728238e-02
   endloop
 endfacet
 facet normal  -7.6192437040e-02 5.5350317042e-02 -9.9555565135e-01
   outer loop
     vertex 2.2996728501e+00 8.8000000000e-02 8.8135305297e-02
     vertex 2.2823450365e+00 8.8000000000e-02 8.9461447480e-02
     vertex 2.3292538789e+00 1.7600000000e-01 9.0763965207e-02
   endloop
 endfacet
 facet normal  -1.4005572522e-01 8.9253195524e-02 -9.8611270194e-01
   outer loop
     vertex 2.2823450365e+00 8.8000000000e-02 8.9461447480e-02
     vertex 2.3177718911e+00 1.7600000000e-01 9.2394730246e-02
     vertex 2.3292538789e+00 1.7600000000e-01 9.0763965207e-02
   endloop
 endfacet
 facet normal  -1.4005572522e-01 8.9253195524e-02 -9.8611270194e-01
   outer loop
     vertex 2.2823450365e+00 8.8000000000e-02 8.9461447480e-02
     vertex 2.2692437941e+00 8.8000000000e-02 9.1322192203e-02
     vertex 2.3177718911e+00 1.7600000000e-01 9.2394730246e-02
   endloop
 endfacet
 facet normal  -2.3061499915e-01 1.3891187939e-01 -9.6307850767e-01
   outer loop
     vertex 2.2692437941e+00 8.8000000000e-02 9.1322192203e-02
     vertex 2.3095216712e+00 1.7600000000e-01 9.4370295536e-02
     vertex 2.3177718911e+00 1.7600000000e-01 9.2394730246e-02
   endloop
 endfacet
 facet normal  -2.3061499915e-01 1.3891187939e-01 -9.6307850767e-01
   outer loop
     vertex 2.2692437941e+00 8.8000000000e-02 9.1322192203e-02
     vertex 2.2598300816e+00 8.8000000000e-02 9.3576362855e-02
     vertex 2.3095216712e+00 1.7600000000e-01 9.4370295536e-02
   endloop
 endfacet
 facet normal  -3.8645556674e-01 2.2628931962e-01 -8.9411701626e-01
   outer loop
     vertex 2.2598300816e+00 8.8000000000e-02 9.3576362855e-02
     vertex 2.3040000369e+00 1.7600000000e-01 9.6756858211e-02
     vertex 2.3095216712e+00 1.7600000000e-01 9.4370295536e-02
   endloop
 endfacet
 facet normal  -3.8645556674e-01 2.2628931962e-01 -8.9411701626e-01
   outer loop
     vertex 2.2598300816e+00 8.8000000000e-02 9.3576362855e-02
     vertex 2.2535297553e+00 8.8000000000e-02 9.6299492062e-02
     vertex 2.3040000369e+00 1.7600000000e-01 9.6756858211e-02
   endloop
 endfacet
 facet normal  -7.3034077773e-01 4.2166244462e-01 -5.3740406696e-01
   outer loop
     vertex 2.2535297553e+00 8.8000000000e-02 9.6299492062e-02
     vertex 2.3016136474e+00 1.7600000000e-01 1.0000000000e-01
     vertex 2.3040000369e+00 1.7600000000e-01 9.6756858211e-02
   endloop
 endfacet
 facet normal  -7.3034077773e-01 4.2166244462e-01 -5.3740406696e-01
   outer loop
     vertex 2.2535297553e+00 8.8000000000e-02 9.6299492062e-02
     vertex 2.2508068237e+00 8.8000000000e-02 1.0000000000e-01
     vertex 2.3016136474e+00 1.7600000000e-01 1.0000000000e-01
   endloop
 endfacet
 facet normal  -7.3034077773e-01 4.2166244462e-01 5.3740406696e-01
   outer loop
     vertex 2.2508068237e+00 8.8000000000e-02 1.0000000000e-01
     vertex 2.2535297553e+00 8.8000000000e-02 1.0370050794e-01
     vertex 2.3016136474e+00 1.7600000000e-01 1.0000000000e-01
   endloop
 endfacet
 facet normal  -7.3034077773e-01 4.2166244462e-01 5.3740406696e-01
   outer loop
     vertex 2.3016136474e+00 1.7600000000e-01 1.0000000000e-01
     vertex 2.2535297553e+00 8.8000000000e-02 1.0370050794e-01
     vertex 2.3040000369e+00 1.7600000000e-01 1.0324314179e-01
   endloop
 endfacet
 facet normal  -3.8645556674e-01 2.2628931962e-01 8.9411701626e-01
   outer loop
     vertex 2.2535297553e+00 8.8000000000e-02 1.0370050794e-01
     vertex 2.2598300816e+00 8.8000000000e-02 1.0642363714e-01
     vertex 2.3040000369e+00 1.7600000000e-01 1.0324314179e-01
   endloop
 endfacet
 facet normal  -3.8645556674e-01 2.2628931962e-01 8.9411701626e-01
   outer loop
     vertex 2.3040000369e+00 1.7600000000e-01 1.0324314179e-01
     vertex 2.2598300816e+00 8.8000000000e-02 1.0642363714e-01
     vertex 2.3095216712e+00 1.7600000000e-01 1.0562970446e-01
   endloop
 endfacet
 facet normal  -2.3061499915e-01 1.3891187939e-01 9.6307850767e-01
   outer loop
     vertex 2.2598300816e+00 8.8000000000e-02 1.0642363714e-01
     vertex 2.2692437941e+00 8.8000000000e-02 1.0867780780e-01
     vertex 2.3095216712e+00 1.7600000000e-01 1.0562970446e-01
   endloop
 endfacet
 facet normal  -2.3061499915e-01 1.3891187939e-01 9.6307850767e-01
   outer loop
     vertex 2.3095216712e+00 1.7600000000e-01 1.0562970446e-01
     vertex 2.2692437941e+00 8.8000000000e-02 1.0867780780e-01
     vertex 2.3177718911e+00 1.7600000000e-01 1.0760526975e-01
   endloop
 endfacet
 facet normal  -1.4005572522e-01 8.9253195524e-02 9.8611270194e-01
   outer loop
     vertex 2.2692437941e+00 8.8000000000e-02 1.0867780780e-01
     vertex 2.2823450365e+00 8.8000000000e-02 1.1053855252e-01
     vertex 2.3177718911e+00 1.7600000000e-01 1.0760526975e-01
   endloop
 endfacet
 facet normal  -1.4005572522e-01 8.9253195524e-02 9.8611270194e-01
   outer loop
     vertex 2.3177718911e+00 1.7600000000e-01 1.0760526975e-01
     vertex 2.2823450365e+00 8.8000000000e-02 1.1053855252e-01
     vertex 2.3292538789e+00 1.7600000000e-01 1.0923603479e-01
   endloop
 endfacet
 facet normal  -7.6192437040e-02 5.5350317042e-02 9.9555565135e-01
   outer loop
     vertex 2.2823450365e+00 8.8000000000e-02 1.1053855252e-01
     vertex 2.2996728501e+00 8.8000000000e-02 1.1186469470e-01
     vertex 2.3292538789e+00 1.7600000000e-01 1.0923603479e-01
   endloop
 endfacet
 facet normal  -7.6192437040e-02 5.5350317042e-02 9.9555565135e-01
   outer loop
     vertex 2.3292538789e+00 1.7600000000e-01 1.0923603479e-01
     vertex 2.2996728501e+00 8.8000000000e-02 1.1186469470e-01
     vertex 2.3444400526e+00 1.7600000000e-01 1.1039827176e-01
   endloop
 endfacet
 facet normal  -2.6994491272e-02 3.0382717822e-02 9.9917375261e-01
   outer loop
     vertex 2.2996728501e+00 8.8000000000e-02 1.1186469470e-01
     vertex 2.3213297634e+00 8.8000000000e-02 1.1244979550e-01
     vertex 2.3444400526e+00 1.7600000000e-01 1.1039827176e-01
   endloop
 endfacet
 facet normal  -2.6994491272e-02 3.0382717822e-02 9.9917375261e-01
   outer loop
     vertex 2.3444400526e+00 1.7600000000e-01 1.1039827176e-01
     vertex 2.3213297634e+00 8.8000000000e-02 1.1244979550e-01
     vertex 2.3634202687e+00 1.7600000000e-01 1.1091105673e-01
   endloop
 endfacet
 facet normal  1.1501389815e-02 1.1982127415e-02 9.9986206381e-01
   outer loop
     vertex 2.3213297634e+00 8.8000000000e-02 1.1244979550e-01
     vertex 2.3466498792e+00 8.8000000000e-02 1.1215853880e-01
     vertex 2.3634202687e+00 1.7600000000e-01 1.1091105673e-01
   endloop
 endfacet
 facet normal  1.1501389815e-02 1.1982127415e-02 9.9986206381e-01
   outer loop
     vertex 2.3634202687e+00 1.7600000000e-01 1.1091105673e-01
     vertex 2.3466498792e+00 8.8000000000e-02 1.1215853880e-01
     vertex 2.3856109320e+00 1.7600000000e-01 1.1065579805e-01
   endloop
 endfacet
 facet normal  4.0848089624e-02 -1.0227141681e-03 9.9916484507e-01
   outer loop
     vertex 2.3466498792e+00 8.8000000000e-02 1.1215853880e-01
     vertex 2.3740860411e+00 8.8000000000e-02 1.1103688725e-01
     vertex 2.3856109320e+00 1.7600000000e-01 1.1065579805e-01
   endloop
 endfacet
 facet normal  4.0848089624e-02 -1.0227141681e-03 9.9916484507e-01
   outer loop
     vertex 2.3856109320e+00 1.7600000000e-01 1.1065579805e-01
     vertex 2.3740860411e+00 8.8000000000e-02 1.1103688725e-01
     vertex 2.4096561075e+00 1.7600000000e-01 1.0967277759e-01
   endloop
 endfacet
 facet normal  6.2289243067e-02 -9.7072291431e-03 9.9801093175e-01
   outer loop
     vertex 2.3740860411e+00 8.8000000000e-02 1.1103688725e-01
     vertex 2.4336749083e+00 1.7600000000e-01 1.0817368287e-01
     vertex 2.4096561075e+00 1.7600000000e-01 1.0967277759e-01
   endloop
 endfacet
 facet normal  6.2289243067e-02 -9.7072291431e-03 9.9801093175e-01
   outer loop
     vertex 2.3740860411e+00 8.8000000000e-02 1.1103688725e-01
     vertex 2.4014921086e+00 8.8000000000e-02 1.0932638173e-01
     vertex 2.4336749083e+00 1.7600000000e-01 1.0817368287e-01
   endloop
 endfacet
 facet normal  7.7627538666e-02 -1.5331669405e-02 9.9686453701e-01
   outer loop
     vertex 2.4014921086e+00 8.8000000000e-02 1.0932638173e-01
     vertex 2.4558009131e+00 1.7600000000e-01 1.0645069321e-01
     vertex 2.4336749083e+00 1.7600000000e-01 1.0817368287e-01
   endloop
 endfacet
 facet normal  7.7627538666e-02 -1.5331669405e-02 9.9686453701e-01
   outer loop
     vertex 2.4014921086e+00 8.8000000000e-02 1.0932638173e-01
     vertex 2.4267384474e+00 8.8000000000e-02 1.0736040635e-01
     vertex 2.4558009131e+00 1.7600000000e-01 1.0645069321e-01
   endloop
 endfacet
 facet normal  8.8779914321e-02 -1.9025086248e-02 9.9586955617e-01
   outer loop
     vertex 2.4267384474e+00 8.8000000000e-02 1.0736040635e-01
     vertex 2.4747143906e+00 1.7600000000e-01 1.0476459194e-01
     vertex 2.4558009131e+00 1.7600000000e-01 1.0645069321e-01
   endloop
 endfacet
 facet normal  8.8779914321e-02 -1.9025086248e-02 9.9586955617e-01
   outer loop
     vertex 2.4267384474e+00 8.8000000000e-02 1.0736040635e-01
     vertex 2.4483192102e+00 8.8000000000e-02 1.0543652157e-01
     vertex 2.4747143906e+00 1.7600000000e-01 1.0476459194e-01
   endloop
 endfacet
 facet normal  9.7170571146e-02 -2.1548200267e-02 9.9503444924e-01
   outer loop
     vertex 2.4483192102e+00 8.8000000000e-02 1.0543652157e-01
     vertex 2.4898747428e+00 1.7600000000e-01 1.0328410041e-01
     vertex 2.4747143906e+00 1.7600000000e-01 1.0476459194e-01
   endloop
 endfacet
 facet normal  9.7170571146e-02 -2.1548200267e-02 9.9503444924e-01
   outer loop
     vertex 2.4483192102e+00 8.8000000000e-02 1.0543652157e-01
     vertex 2.4656175607e+00 8.8000000000e-02 1.0374724278e-01
     vertex 2.4898747428e+00 1.7600000000e-01 1.0328410041e-01
   endloop
 endfacet
 facet normal  1.0360570334e-01 -2.3325672252e-02 9.9434489552e-01
   outer loop
     vertex 2.4656175607e+00 8.8000000000e-02 1.0374724278e-01
     vertex 2.5014121533e+00 1.7600000000e-01 1.0208196065e-01
     vertex 2.4898747428e+00 1.7600000000e-01 1.0328410041e-01
   endloop
 endfacet
 facet normal  1.0360570334e-01 -2.3325672252e-02 9.9434489552e-01
   outer loop
     vertex 2.4656175607e+00 8.8000000000e-02 1.0374724278e-01
     vertex 2.4787820420e+00 8.8000000000e-02 1.0237557049e-01
     vertex 2.5014121533e+00 1.7600000000e-01 1.0208196065e-01
   endloop
 endfacet
 facet normal  1.0855602573e-01 -2.4600564017e-02 9.9378589320e-01
   outer loop
     vertex 2.4787820420e+00 8.8000000000e-02 1.0237557049e-01
     vertex 2.5098502689e+00 1.7600000000e-01 1.0116022459e-01
     vertex 2.5014121533e+00 1.7600000000e-01 1.0208196065e-01
   endloop
 endfacet
 facet normal  1.0855602573e-01 -2.4600564017e-02 9.9378589320e-01
   outer loop
     vertex 2.4787820420e+00 8.8000000000e-02 1.0237557049e-01
     vertex 2.4884101482e+00 8.8000000000e-02 1.0132384601e-01
     vertex 2.5098502689e+00 1.7600000000e-01 1.0116022459e-01
   endloop
 endfacet
 facet normal  1.1227743165e-01 -2.5508050429e-02 9.9334944390e-01
   outer loop
     vertex 2.4884101482e+00 8.8000000000e-02 1.0132384601e-01
     vertex 2.5158439733e+00 1.7600000000e-01 1.0048276135e-01
     vertex 2.5098502689e+00 1.7600000000e-01 1.0116022459e-01
   endloop
 endfacet
 facet normal  1.1227743165e-01 -2.5508050429e-02 9.9334944390e-01
   outer loop
     vertex 2.4884101482e+00 8.8000000000e-02 1.0132384601e-01
     vertex 2.4952491186e+00 8.8000000000e-02 1.0055084308e-01
     vertex 2.5158439733e+00 1.7600000000e-01 1.0048276135e-01
   endloop
 endfacet
 facet normal  1.1497157669e-01 -2.6138818910e-02 9.9302482280e-01
   outer loop
     vertex 2.4952491186e+00 8.8000000000e-02 1.0055084308e-01
     vertex 2.5200136474e+00 1.7600000000e-01 1.0000000000e-01
     vertex 2.5158439733e+00 1.7600000000e-01 1.0048276135e-01
   endloop
 endfacet
 facet normal  1.1497157669e-01 -2.6138818910e-02 9.9302482280e-01
   outer loop
     vertex 2.4952491186e+00 8.8000000000e-02 1.0055084308e-01
     vertex 2.5000068237e+00 8.8000000000e-02 1.0000000000e-01
     vertex 2.5200136474e+00 1.7600000000e-01 1.0000000000e-01
   endloop
 endfacet
 facet normal  1.1497157669e-01 -2.6138818910e-02 -9.9302482280e-01
   outer loop
     vertex 2.5200136474e+00 1.7600000000e-01 1.0000000000e-01
     vertex 2.5158439733e+00 1.7600000000e-01 9.9517238647e-02
     vertex 2.5400204711e+00 2.6400000000e-01 1.0000000000e-01
   endloop
 endfacet
 facet normal  1.1497157669e-01 -2.6138818910e-02 -9.9302482280e-01
   outer loop
     vertex 2.5400204711e+00 2.6400000000e-01 1.0000000000e-01
     vertex 2.5158439733e+00 1.7600000000e-01 9.9517238647e-02
     vertex 2.5364388279e+00 2.6400000000e-01 9.9585320376e-02
   endloop
 endfacet
 facet normal  1.1227743165e-01 -2.5508050429e-02 -9.9334944390e-01
   outer loop
     vertex 2.5158439733e+00 1.7600000000e-01 9.9517238647e-02
     vertex 2.5098502689e+00 1.7600000000e-01 9.8839775406e-02
     vertex 2.5364388279e+00 2.6400000000e-01 9.9585320376e-02
   endloop
 endfacet
 facet normal  1.1227743165e-01 -2.5508050429e-02 -9.9334944390e-01
   outer loop
     vertex 2.5364388279e+00 2.6400000000e-01 9.9585320376e-02
     vertex 2.5098502689e+00 1.7600000000e-01 9.8839775406e-02
     vertex 2.5312903895e+00 2.6400000000e-01 9.9003396823e-02
   endloop
 endfacet
 facet normal  1.0855602573e-01 -2.4600564017e-02 -9.9378589320e-01
   outer loop
     vertex 2.5098502689e+00 1.7600000000e-01 9.8839775406e-02
     vertex 2.5014121533e+00 1.7600000000e-01 9.7918039349e-02
     vertex 2.5312903895e+00 2.6400000000e-01 9.9003396823e-02
   endloop
 endfacet
 facet normal  1.0855602573e-01 -2.4600564017e-02 -9.9378589320e-01
   outer loop
     vertex 2.5312903895e+00 2.6400000000e-01 9.9003396823e-02
     vertex 2.5014121533e+00 1.7600000000e-01 9.7918039349e-02
     vertex 2.5240422646e+00 2.6400000000e-01 9.8211649185e-02
   endloop
 endfacet
 facet normal  1.0360570334e-01 -2.3325672252e-02 -9.9434489552e-01
   outer loop
     vertex 2.5014121533e+00 1.7600000000e-01 9.7918039349e-02
     vertex 2.4898747428e+00 1.7600000000e-01 9.6715899587e-02
     vertex 2.5240422646e+00 2.6400000000e-01 9.8211649185e-02
   endloop
 endfacet
 facet normal  1.0360570334e-01 -2.3325672252e-02 -9.9434489552e-01
   outer loop
     vertex 2.5240422646e+00 2.6400000000e-01 9.8211649185e-02
     vertex 2.4898747428e+00 1.7600000000e-01 9.6715899587e-02
     vertex 2.5141319248e+00 2.6400000000e-01 9.7179041953e-02
   endloop
 endfacet
 facet normal  9.7170571146e-02 -2.1548200267e-02 -9.9503444924e-01
   outer loop
     vertex 2.4898747428e+00 1.7600000000e-01 9.6715899587e-02
     vertex 2.4747143906e+00 1.7600000000e-01 9.5235408058e-02
     vertex 2.5141319248e+00 2.6400000000e-01 9.7179041953e-02
   endloop
 endfacet
 facet normal  9.7170571146e-02 -2.1548200267e-02 -9.9503444924e-01
   outer loop
     vertex 2.5141319248e+00 2.6400000000e-01 9.7179041953e-02
     vertex 2.4747143906e+00 1.7600000000e-01 9.5235408058e-02
     vertex 2.5011095711e+00 2.6400000000e-01 9.5907337691e-02
   endloop
 endfacet
 facet normal  8.8779914321e-02 -1.9025086248e-02 -9.9586955617e-01
   outer loop
     vertex 2.4747143906e+00 1.7600000000e-01 9.5235408058e-02
     vertex 2.4558009131e+00 1.7600000000e-01 9.3549306795e-02
     vertex 2.5011095711e+00 2.6400000000e-01 9.5907337691e-02
   endloop
 endfacet
 facet normal  8.8779914321e-02 -1.9025086248e-02 -9.9586955617e-01
   outer loop
     vertex 2.5011095711e+00 2.6400000000e-01 9.5907337691e-02
     vertex 2.4558009131e+00 1.7600000000e-01 9.3549306795e-02
     vertex 2.4848633788e+00 2.6400000000e-01 9.4459019939e-02
   endloop
 endfacet
 facet normal  7.7627538666e-02 -1.5331669405e-02 -9.9686453701e-01
   outer loop
     vertex 2.4558009131e+00 1.7600000000e-01 9.3549306795e-02
     vertex 2.4336749083e+00 1.7600000000e-01 9.1826317134e-02
     vertex 2.4848633788e+00 2.6400000000e-01 9.4459019939e-02
   endloop
 endfacet
 facet normal  7.7627538666e-02 -1.5331669405e-02 -9.9686453701e-01
   outer loop
     vertex 2.4848633788e+00 2.6400000000e-01 9.4459019939e-02
     vertex 2.4336749083e+00 1.7600000000e-01 9.1826317134e-02
     vertex 2.4658577080e+00 2.6400000000e-01 9.2979016000e-02
   endloop
 endfacet
 facet normal  6.2289243067e-02 -9.7072291431e-03 -9.9801093175e-01
   outer loop
     vertex 2.4336749083e+00 1.7600000000e-01 9.1826317134e-02
     vertex 2.4096561075e+00 1.7600000000e-01 9.0327222412e-02
     vertex 2.4658577080e+00 2.6400000000e-01 9.2979016000e-02
   endloop
 endfacet
 facet normal  6.2289243067e-02 -9.7072291431e-03 -9.9801093175e-01
   outer loop
     vertex 2.4658577080e+00 2.6400000000e-01 9.2979016000e-02
     vertex 2.4096561075e+00 1.7600000000e-01 9.0327222412e-02
     vertex 2.4452261740e+00 2.6400000000e-01 9.1691332072e-02
   endloop
 endfacet
 facet normal  4.0848089624e-02 -1.0227141681e-03 -9.9916484507e-01
   outer loop
     vertex 2.4096561075e+00 1.7600000000e-01 9.0327222412e-02
     vertex 2.4245719848e+00 2.6400000000e-01 9.0846942701e-02
     vertex 2.4452261740e+00 2.6400000000e-01 9.1691332072e-02
   endloop
 endfacet
 facet normal  4.0848089624e-02 -1.0227141681e-03 -9.9916484507e-01
   outer loop
     vertex 2.4096561075e+00 1.7600000000e-01 9.0327222412e-02
     vertex 2.3856109320e+00 1.7600000000e-01 8.9344201951e-02
     vertex 2.4245719848e+00 2.6400000000e-01 9.0846942701e-02
   endloop
 endfacet
 facet normal  1.1501389815e-02 1.1982127415e-02 -9.9986206381e-01
   outer loop
     vertex 2.3856109320e+00 1.7600000000e-01 8.9344201951e-02
     vertex 2.4055107740e+00 2.6400000000e-01 9.0627682042e-02
     vertex 2.4245719848e+00 2.6400000000e-01 9.0846942701e-02
   endloop
 endfacet
 facet normal  1.1501389815e-02 1.1982127415e-02 -9.9986206381e-01
   outer loop
     vertex 2.3856109320e+00 1.7600000000e-01 8.9344201951e-02
     vertex 2.3634202687e+00 1.7600000000e-01 8.9088943273e-02
     vertex 2.4055107740e+00 2.6400000000e-01 9.0627682042e-02
   endloop
 endfacet
 facet normal  -2.6994491272e-02 3.0382717822e-02 -9.9917375261e-01
   outer loop
     vertex 2.3634202687e+00 1.7600000000e-01 8.9088943273e-02
     vertex 2.3892072550e+00 2.6400000000e-01 9.1068151179e-02
     vertex 2.4055107740e+00 2.6400000000e-01 9.0627682042e-02
   endloop
 endfacet
 facet normal  -2.6994491272e-02 3.0382717822e-02 -9.9917375261e-01
   outer loop
     vertex 2.3634202687e+00 1.7600000000e-01 8.9088943273e-02
     vertex 2.3444400526e+00 1.7600000000e-01 8.9601728238e-02
     vertex 2.3892072550e+00 2.6400000000e-01 9.1068151179e-02
   endloop
 endfacet
 facet normal  -7.6192437040e-02 5.5350317042e-02 -9.9555565135e-01
   outer loop
     vertex 2.3444400526e+00 1.7600000000e-01 8.9601728238e-02
     vertex 2.3761627212e+00 2.6400000000e-01 9.2066482934e-02
     vertex 2.3892072550e+00 2.6400000000e-01 9.1068151179e-02
   endloop
 endfacet
 facet normal  -7.6192437040e-02 5.5350317042e-02 -9.9555565135e-01
   outer loop
     vertex 2.3444400526e+00 1.7600000000e-01 8.9601728238e-02
     vertex 2.3292538789e+00 1.7600000000e-01 9.0763965207e-02
     vertex 2.3761627212e+00 2.6400000000e-01 9.2066482934e-02
   endloop
 endfacet
 facet normal  -1.4005572522e-01 8.9253195524e-02 -9.8611270194e-01
   outer loop
     vertex 2.3292538789e+00 1.7600000000e-01 9.0763965207e-02
     vertex 2.3662999881e+00 2.6400000000e-01 9.3467268288e-02
     vertex 2.3761627212e+00 2.6400000000e-01 9.2066482934e-02
   endloop
 endfacet
 facet normal  -1.4005572522e-01 8.9253195524e-02 -9.8611270194e-01
   outer loop
     vertex 2.3292538789e+00 1.7600000000e-01 9.0763965207e-02
     vertex 2.3177718911e+00 1.7600000000e-01 9.2394730246e-02
     vertex 2.3662999881e+00 2.6400000000e-01 9.3467268288e-02
   endloop
 endfacet
 facet normal  -2.3061499915e-01 1.3891187939e-01 -9.6307850767e-01
   outer loop
     vertex 2.3177718911e+00 1.7600000000e-01 9.2394730246e-02
     vertex 2.3592132607e+00 2.6400000000e-01 9.5164228217e-02
     vertex 2.3662999881e+00 2.6400000000e-01 9.3467268288e-02
   endloop
 endfacet
 facet normal  -2.3061499915e-01 1.3891187939e-01 -9.6307850767e-01
   outer loop
     vertex 2.3177718911e+00 1.7600000000e-01 9.2394730246e-02
     vertex 2.3095216712e+00 1.7600000000e-01 9.4370295536e-02
     vertex 2.3592132607e+00 2.6400000000e-01 9.5164228217e-02
   endloop
 endfacet
 facet normal  -3.8645556674e-01 2.2628931962e-01 -8.9411701626e-01
   outer loop
     vertex 2.3095216712e+00 1.7600000000e-01 9.4370295536e-02
     vertex 2.3544703185e+00 2.6400000000e-01 9.7214224361e-02
     vertex 2.3592132607e+00 2.6400000000e-01 9.5164228217e-02
   endloop
 endfacet
 facet normal  -3.8645556674e-01 2.2628931962e-01 -8.9411701626e-01
   outer loop
     vertex 2.3095216712e+00 1.7600000000e-01 9.4370295536e-02
     vertex 2.3040000369e+00 1.7600000000e-01 9.6756858211e-02
     vertex 2.3544703185e+00 2.6400000000e-01 9.7214224361e-02
   endloop
 endfacet
 facet normal  -7.3034077773e-01 4.2166244462e-01 -5.3740406696e-01
   outer loop
     vertex 2.3040000369e+00 1.7600000000e-01 9.6756858211e-02
     vertex 2.3524204711e+00 2.6400000000e-01 1.0000000000e-01
     vertex 2.3544703185e+00 2.6400000000e-01 9.7214224361e-02
   endloop
 endfacet
 facet normal  -7.3034077773e-01 4.2166244462e-01 -5.3740406696e-01
   outer loop
     vertex 2.3040000369e+00 1.7600000000e-01 9.6756858211e-02
     vertex 2.3016136474e+00 1.7600000000e-01 1.0000000000e-01
     vertex 2.3524204711e+00 2.6400000000e-01 1.0000000000e-01
   endloop
 endfacet
 facet normal  -7.3034077773e-01 4.2166244462e-01 5.3740406696e-01
   outer loop
     vertex 2.3016136474e+00 1.7600000000e-01 1.0000000000e-01
     vertex 2.3040000369e+00 1.7600000000e-01 1.0324314179e-01
     vertex 2.3524204711e+00 2.6400000000e-01 1.0000000000e-01
   endloop
 endfacet
 facet normal  -7.3034077773e-01 4.2166244462e-01 5.3740406696e-01
   outer loop
     vertex 2.3524204711e+00 2.6400000000e-01 1.0000000000e-01
     vertex 2.3040000369e+00 1.7600000000e-01 1.0324314179e-01
     vertex 2.3544703185e+00 2.6400000000e-01 1.0278577564e-01
   endloop
 endfacet
 facet normal  -3.8645556674e-01 2.2628931962e-01 8.9411701626e-01
   outer loop
     vertex 2.3040000369e+00 1.7600000000e-01 1.0324314179e-01
     vertex 2.3095216712e+00 1.7600000000e-01 1.0562970446e-01
     vertex 2.3544703185e+00 2.6400000000e-01 1.0278577564e-01
   endloop
 endfacet
 facet normal  -3.8645556674e-01 2.2628931962e-01 8.9411701626e-01
   outer loop
     vertex 2.3544703185e+00 2.6400000000e-01 1.0278577564e-01
     vertex 2.3095216712e+00 1.7600000000e-01 1.0562970446e-01
     vertex 2.3592132607e+00 2.6400000000e-01 1.0483577178e-01
   endloop
 endfacet
 facet normal  -2.3061499915e-01 1.3891187939e-01 9.6307850767e-01
   outer loop
     vertex 2.3095216712e+00 1.7600000000e-01 1.0562970446e-01
     vertex 2.3177718911e+00 1.7600000000e-01 1.0760526975e-01
     vertex 2.3592132607e+00 2.6400000000e-01 1.0483577178e-01
   endloop
 endfacet
 facet normal  -2.3061499915e-01 1.3891187939e-01 9.6307850767e-01
   outer loop
     vertex 2.3592132607e+00 2.6400000000e-01 1.0483577178e-01
     vertex 2.3177718911e+00 1.7600000000e-01 1.0760526975e-01
     vertex 2.3662999881e+00 2.6400000000e-01 1.0653273171e-01
   endloop
 endfacet
 facet normal  -1.4005572522e-01 8.9253195524e-02 9.8611270194e-01
   outer loop
     vertex 2.3177718911e+00 1.7600000000e-01 1.0760526975e-01
     vertex 2.3292538789e+00 1.7600000000e-01 1.0923603479e-01
     vertex 2.3662999881e+00 2.6400000000e-01 1.0653273171e-01
   endloop
 endfacet
 facet normal  -1.4005572522e-01 8.9253195524e-02 9.8611270194e-01
   outer loop
     vertex 2.3662999881e+00 2.6400000000e-01 1.0653273171e-01
     vertex 2.3292538789e+00 1.7600000000e-01 1.0923603479e-01
     vertex 2.3761627212e+00 2.6400000000e-01 1.0793351707e-01
   endloop
 endfacet
 facet normal  -7.6192437040e-02 5.5350317042e-02 9.9555565135e-01
   outer loop
     vertex 2.3292538789e+00 1.7600000000e-01 1.0923603479e-01
     vertex 2.3444400526e+00 1.7600000000e-01 1.1039827176e-01
     vertex 2.3761627212e+00 2.6400000000e-01 1.0793351707e-01
   endloop
 endfacet
 facet normal  -7.6192437040e-02 5.5350317042e-02 9.9555565135e-01
   outer loop
     vertex 2.3761627212e+00 2.6400000000e-01 1.0793351707e-01
     vertex 2.3444400526e+00 1.7600000000e-01 1.1039827176e-01
     vertex 2.3892072550e+00 2.6400000000e-01 1.0893184882e-01
   endloop
 endfacet
 facet normal  -2.6994491272e-02 3.0382717822e-02 9.9917375261e-01
   outer loop
     vertex 2.3444400526e+00 1.7600000000e-01 1.1039827176e-01
     vertex 2.3634202687e+00 1.7600000000e-01 1.1091105673e-01
     vertex 2.3892072550e+00 2.6400000000e-01 1.0893184882e-01
   endloop
 endfacet
 facet normal  -2.6994491272e-02 3.0382717822e-02 9.9917375261e-01
   outer loop
     vertex 2.3892072550e+00 2.6400000000e-01 1.0893184882e-01
     vertex 2.3634202687e+00 1.7600000000e-01 1.1091105673e-01
     vertex 2.4055107740e+00 2.6400000000e-01 1.0937231796e-01
   endloop
 endfacet
 facet normal  1.1501389815e-02 1.1982127415e-02 9.9986206381e-01
   outer loop
     vertex 2.3634202687e+00 1.7600000000e-01 1.1091105673e-01
     vertex 2.3856109320e+00 1.7600000000e-01 1.1065579805e-01
     vertex 2.4055107740e+00 2.6400000000e-01 1.0937231796e-01
   endloop
 endfacet
 facet normal  1.1501389815e-02 1.1982127415e-02 9.9986206381e-01
   outer loop
     vertex 2.4055107740e+00 2.6400000000e-01 1.0937231796e-01
     vertex 2.3856109320e+00 1.7600000000e-01 1.1065579805e-01
     vertex 2.4245719848e+00 2.6400000000e-01 1.0915305730e-01
   endloop
 endfacet
 facet normal  4.0848089624e-02 -1.0227141681e-03 9.9916484507e-01
   outer loop
     vertex 2.3856109320e+00 1.7600000000e-01 1.1065579805e-01
     vertex 2.4096561075e+00 1.7600000000e-01 1.0967277759e-01
     vertex 2.4245719848e+00 2.6400000000e-01 1.0915305730e-01
   endloop
 endfacet
 facet normal  4.0848089624e-02 -1.0227141681e-03 9.9916484507e-01
   outer loop
     vertex 2.4245719848e+00 2.6400000000e-01 1.0915305730e-01
     vertex 2.4096561075e+00 1.7600000000e-01 1.0967277759e-01
     vertex 2.4452261740e+00 2.6400000000e-01 1.0830866793e-01
   endloop
 endfacet
 facet normal  6.2289243067e-02 -9.7072291431e-03 9.9801093175e-01
   outer loop
     vertex 2.4096561075e+00 1.7600000000e-01 1.0967277759e-01
     vertex 2.4658577080e+00 2.6400000000e-01 1.0702098400e-01
     vertex 2.4452261740e+00 2.6400000000e-01 1.0830866793e-01
   endloop
 endfacet
 facet normal  6.2289243067e-02 -9.7072291431e-03 9.9801093175e-01
   outer loop
     vertex 2.4096561075e+00 1.7600000000e-01 1.0967277759e-01
     vertex 2.4336749083e+00 1.7600000000e-01 1.0817368287e-01
     vertex 2.4658577080e+00 2.6400000000e-01 1.0702098400e-01
   endloop
 endfacet
 facet normal  7.7627538666e-02 -1.5331669405e-02 9.9686453701e-01
   outer loop
     vertex 2.4336749083e+00 1.7600000000e-01 1.0817368287e-01
     vertex 2.4848633788e+00 2.6400000000e-01 1.0554098006e-01
     vertex 2.4658577080e+00 2.6400000000e-01 1.0702098400e-01
   endloop
 endfacet
 facet normal  7.7627538666e-02 -1.5331669405e-02 9.9686453701e-01
   outer loop
     vertex 2.4336749083e+00 1.7600000000e-01 1.0817368287e-01
     vertex 2.4558009131e+00 1.7600000000e-01 1.0645069321e-01
     vertex 2.4848633788e+00 2.6400000000e-01 1.0554098006e-01
   endloop
 endfacet
 facet normal  8.8779914321e-02 -1.9025086248e-02 9.9586955617e-01
   outer loop
     vertex 2.4558009131e+00 1.7600000000e-01 1.0645069321e-01
     vertex 2.5011095711e+00 2.6400000000e-01 1.0409266231e-01
     vertex 2.4848633788e+00 2.6400000000e-01 1.0554098006e-01
   endloop
 endfacet
 facet normal  8.8779914321e-02 -1.9025086248e-02 9.9586955617e-01
   outer loop
     vertex 2.4558009131e+00 1.7600000000e-01 1.0645069321e-01
     vertex 2.4747143906e+00 1.7600000000e-01 1.0476459194e-01
     vertex 2.5011095711e+00 2.6400000000e-01 1.0409266231e-01
   endloop
 endfacet
 facet normal  9.7170571146e-02 -2.1548200267e-02 9.9503444924e-01
   outer loop
     vertex 2.4747143906e+00 1.7600000000e-01 1.0476459194e-01
     vertex 2.5141319248e+00 2.6400000000e-01 1.0282095805e-01
     vertex 2.5011095711e+00 2.6400000000e-01 1.0409266231e-01
   endloop
 endfacet
 facet normal  9.7170571146e-02 -2.1548200267e-02 9.9503444924e-01
   outer loop
     vertex 2.4747143906e+00 1.7600000000e-01 1.0476459194e-01
     vertex 2.4898747428e+00 1.7600000000e-01 1.0328410041e-01
     vertex 2.5141319248e+00 2.6400000000e-01 1.0282095805e-01
   endloop
 endfacet
 facet normal  1.0360570334e-01 -2.3325672252e-02 9.9434489552e-01
   outer loop
     vertex 2.4898747428e+00 1.7600000000e-01 1.0328410041e-01
     vertex 2.5240422646e+00 2.6400000000e-01 1.0178835082e-01
     vertex 2.5141319248e+00 2.6400000000e-01 1.0282095805e-01
   endloop
 endfacet
 facet normal  1.0360570334e-01 -2.3325672252e-02 9.9434489552e-01
   outer loop
     vertex 2.4898747428e+00 1.7600000000e-01 1.0328410041e-01
     vertex 2.5014121533e+00 1.7600000000e-01 1.0208196065e-01
     vertex 2.5240422646e+00 2.6400000000e-01 1.0178835082e-01
   endloop
 endfacet
 facet normal  1.0855602573e-01 -2.4600564017e-02 9.9378589320e-01
   outer loop
     vertex 2.5014121533e+00 1.7600000000e-01 1.0208196065e-01
     vertex 2.5312903895e+00 2.6400000000e-01 1.0099660318e-01
     vertex 2.5240422646e+00 2.6400000000e-01 1.0178835082e-01
   endloop
 endfacet
 facet normal  1.0855602573e-01 -2.4600564017e-02 9.9378589320e-01
   outer loop
     vertex 2.5014121533e+00 1.7600000000e-01 1.0208196065e-01
     vertex 2.5098502689e+00 1.7600000000e-01 1.0116022459e-01
     vertex 2.5312903895e+00 2.6400000000e-01 1.0099660318e-01
   endloop
 endfacet
 facet normal  1.1227743165e-01 -2.5508050429e-02 9.9334944390e-01
   outer loop
     vertex 2.5098502689e+00 1.7600000000e-01 1.0116022459e-01
     vertex 2.5364388279e+00 2.6400000000e-01 1.0041467962e-01
     vertex 2.5312903895e+00 2.6400000000e-01 1.0099660318e-01
   endloop
 endfacet
 facet normal  1.1227743165e-01 -2.5508050429e-02 9.9334944390e-01
   outer loop
     vertex 2.5098502689e+00 1.7600000000e-01 1.0116022459e-01
     vertex 2.5158439733e+00 1.7600000000e-01 1.0048276135e-01
     vertex 2.5364388279e+00 2.6400000000e-01 1.0041467962e-01
   endloop
 endfacet
 facet normal  1.1497157669e-01 -2.6138818910e-02 9.9302482280e-01
   outer loop
     vertex 2.5158439733e+00 1.7600000000e-01 1.0048276135e-01
     vertex 2.5400204711e+00 2.6400000000e-01 1.0000000000e-01
     vertex 2.5364388279e+00 2.6400000000e-01 1.0041467962e-01
   endloop
 endfacet
 facet normal  1.1497157669e-01 -2.6138818910e-02 9.9302482280e-01
   outer loop
     vertex 2.5158439733e+00 1.7600000000e-01 1.0048276135e-01
     vertex 2.5200136474e+00 1.7600000000e-01 1.0000000000e-01
     vertex 2.5400204711e+00 2.6400000000e-01 1.0000000000e-01
   endloop
 endfacet
 facet normal  1.1497157669e-01 -2.6138818910e-02 -9.9302482280e-01
   outer loop
     vertex 2.5400204711e+00 2.6400000000e-01 1.0000000000e-01
     vertex 2.5364388279e+00 2.6400000000e-01 9.9585320376e-02
     vertex 2.5600272948e+00 3.5200000000e-01 1.0000000000e-01
   endloop
 endfacet
 facet normal  1.1497157669e-01 -2.6138818910e-02 -9.9302482280e-01
   outer loop
     vertex 2.5600272948e+00 3.5200000000e-01 1.0000000000e-01
     vertex 2.5364388279e+00 2.6400000000e-01 9.9585320376e-02
     vertex 2.5570336826e+00 3.5200000000e-01 9.9653402105e-02
   endloop
 endfacet
 facet normal  1.1227743165e-01 -2.5508050429e-02 -9.9334944390e-01
   outer loop
     vertex 2.5364388279e+00 2.6400000000e-01 9.9585320376e-02
     vertex 2.5312903895e+00 2.6400000000e-01 9.9003396823e-02
     vertex 2.5570336826e+00 3.5200000000e-01 9.9653402105e-02
   endloop
 endfacet
 facet normal  1.1227743165e-01 -2.5508050429e-02 -9.9334944390e-01
   outer loop
     vertex 2.5570336826e+00 3.5200000000e-01 9.9653402105e-02
     vertex 2.5312903895e+00 2.6400000000e-01 9.9003396823e-02
     vertex 2.5527305102e+00 3.5200000000e-01 9.9167018240e-02
   endloop
 endfacet
 facet normal  1.0855602573e-01 -2.4600564017e-02 -9.9378589320e-01
   outer loop
     vertex 2.5312903895e+00 2.6400000000e-01 9.9003396823e-02
     vertex 2.5240422646e+00 2.6400000000e-01 9.8211649185e-02
     vertex 2.5527305102e+00 3.5200000000e-01 9.9167018240e-02
   endloop
 endfacet
 facet normal  1.0855602573e-01 -2.4600564017e-02 -9.9378589320e-01
   outer loop
     vertex 2.5527305102e+00 3.5200000000e-01 9.9167018240e-02
     vertex 2.5240422646e+00 2.6400000000e-01 9.8211649185e-02
     vertex 2.5466723759e+00 3.5200000000e-01 9.8505259020e-02
   endloop
 endfacet
 facet normal  1.0360570334e-01 -2.3325672252e-02 -9.9434489552e-01
   outer loop
     vertex 2.5240422646e+00 2.6400000000e-01 9.8211649185e-02
     vertex 2.5141319248e+00 2.6400000000e-01 9.7179041953e-02
     vertex 2.5466723759e+00 3.5200000000e-01 9.8505259020e-02
   endloop
 endfacet
 facet normal  1.0360570334e-01 -2.3325672252e-02 -9.9434489552e-01
   outer loop
     vertex 2.5466723759e+00 3.5200000000e-01 9.8505259020e-02
     vertex 2.5141319248e+00 2.6400000000e-01 9.7179041953e-02
     vertex 2.5383891068e+00 3.5200000000e-01 9.7642184319e-02
   endloop
 endfacet
 facet normal  9.7170571146e-02 -2.1548200267e-02 -9.9503444924e-01
   outer loop
     vertex 2.5141319248e+00 2.6400000000e-01 9.7179041953e-02
     vertex 2.5011095711e+00 2.6400000000e-01 9.5907337691e-02
     vertex 2.5383891068e+00 3.5200000000e-01 9.7642184319e-02
   endloop
 endfacet
 facet normal  9.7170571146e-02 -2.1548200267e-02 -9.9503444924e-01
   outer loop
     vertex 2.5383891068e+00 3.5200000000e-01 9.7642184319e-02
     vertex 2.5011095711e+00 2.6400000000e-01 9.5907337691e-02
     vertex 2.5275047515e+00 3.5200000000e-01 9.6579267324e-02
   endloop
 endfacet
 facet normal  8.8779914321e-02 -1.9025086248e-02 -9.9586955617e-01
   outer loop
     vertex 2.5011095711e+00 2.6400000000e-01 9.5907337691e-02
     vertex 2.4848633788e+00 2.6400000000e-01 9.4459019939e-02
     vertex 2.5275047515e+00 3.5200000000e-01 9.6579267324e-02
   endloop
 endfacet
 facet normal  8.8779914321e-02 -1.9025086248e-02 -9.9586955617e-01
   outer loop
     vertex 2.5275047515e+00 3.5200000000e-01 9.6579267324e-02
     vertex 2.4848633788e+00 2.6400000000e-01 9.4459019939e-02
     vertex 2.5139258445e+00 3.5200000000e-01 9.5368733083e-02
   endloop
 endfacet
 facet normal  7.7627538666e-02 -1.5331669405e-02 -9.9686453701e-01
   outer loop
     vertex 2.4848633788e+00 2.6400000000e-01 9.4459019939e-02
     vertex 2.4658577080e+00 2.6400000000e-01 9.2979016000e-02
     vertex 2.5139258445e+00 3.5200000000e-01 9.5368733083e-02
   endloop
 endfacet
 facet normal  7.7627538666e-02 -1.5331669405e-02 -9.9686453701e-01
   outer loop
     vertex 2.5139258445e+00 3.5200000000e-01 9.5368733083e-02
     vertex 2.4658577080e+00 2.6400000000e-01 9.2979016000e-02
     vertex 2.4980405077e+00 3.5200000000e-01 9.4131714866e-02
   endloop
 endfacet
 facet normal  6.2289243067e-02 -9.7072291431e-03 -9.9801093175e-01
   outer loop
     vertex 2.4658577080e+00 2.6400000000e-01 9.2979016000e-02
     vertex 2.4452261740e+00 2.6400000000e-01 9.1691332072e-02
     vertex 2.4980405077e+00 3.5200000000e-01 9.4131714866e-02
   endloop
 endfacet
 facet normal  6.2289243067e-02 -9.7072291431e-03 -9.9801093175e-01
   outer loop
     vertex 2.4980405077e+00 3.5200000000e-01 9.4131714866e-02
     vertex 2.4452261740e+00 2.6400000000e-01 9.1691332072e-02
     vertex 2.4807962405e+00 3.5200000000e-01 9.3055441732e-02
   endloop
 endfacet
 facet normal  4.0848089624e-02 -1.0227141681e-03 -9.9916484507e-01
   outer loop
     vertex 2.4452261740e+00 2.6400000000e-01 9.1691332072e-02
     vertex 2.4635330375e+00 3.5200000000e-01 9.2349683452e-02
     vertex 2.4807962405e+00 3.5200000000e-01 9.3055441732e-02
   endloop
 endfacet
 facet normal  4.0848089624e-02 -1.0227141681e-03 -9.9916484507e-01
   outer loop
     vertex 2.4452261740e+00 2.6400000000e-01 9.1691332072e-02
     vertex 2.4245719848e+00 2.6400000000e-01 9.0846942701e-02
     vertex 2.4635330375e+00 3.5200000000e-01 9.2349683452e-02
   endloop
 endfacet
 facet normal  1.1501389815e-02 1.1982127415e-02 -9.9986206381e-01
   outer loop
     vertex 2.4245719848e+00 2.6400000000e-01 9.0846942701e-02
     vertex 2.4476012793e+00 3.5200000000e-01 9.2166420811e-02
     vertex 2.4635330375e+00 3.5200000000e-01 9.2349683452e-02
   endloop
 endfacet
 facet normal  1.1501389815e-02 1.1982127415e-02 -9.9986206381e-01
   outer loop
     vertex 2.4245719848e+00 2.6400000000e-01 9.0846942701e-02
     vertex 2.4055107740e+00 2.6400000000e-01 9.0627682042e-02
     vertex 2.4476012793e+00 3.5200000000e-01 9.2166420811e-02
   endloop
 endfacet
 facet normal  -2.6994491272e-02 3.0382717822e-02 -9.9917375261e-01
   outer loop
     vertex 2.4055107740e+00 2.6400000000e-01 9.0627682042e-02
     vertex 2.4339744575e+00 3.5200000000e-01 9.2534574120e-02
     vertex 2.4476012793e+00 3.5200000000e-01 9.2166420811e-02
   endloop
 endfacet
 facet normal  -2.6994491272e-02 3.0382717822e-02 -9.9917375261e-01
   outer loop
     vertex 2.4055107740e+00 2.6400000000e-01 9.0627682042e-02
     vertex 2.3892072550e+00 2.6400000000e-01 9.1068151179e-02
     vertex 2.4339744575e+00 3.5200000000e-01 9.2534574120e-02
   endloop
 endfacet
 facet normal  -7.6192437040e-02 5.5350317042e-02 -9.9555565135e-01
   outer loop
     vertex 2.3892072550e+00 2.6400000000e-01 9.1068151179e-02
     vertex 2.4230715635e+00 3.5200000000e-01 9.3369000662e-02
     vertex 2.4339744575e+00 3.5200000000e-01 9.2534574120e-02
   endloop
 endfacet
 facet normal  -7.6192437040e-02 5.5350317042e-02 -9.9555565135e-01
   outer loop
     vertex 2.3892072550e+00 2.6400000000e-01 9.1068151179e-02
     vertex 2.3761627212e+00 2.6400000000e-01 9.2066482934e-02
     vertex 2.4230715635e+00 3.5200000000e-01 9.3369000662e-02
   endloop
 endfacet
 facet normal  -1.4005572522e-01 8.9253195524e-02 -9.8611270194e-01
   outer loop
     vertex 2.3761627212e+00 2.6400000000e-01 9.2066482934e-02
     vertex 2.4148280852e+00 3.5200000000e-01 9.4539806330e-02
     vertex 2.4230715635e+00 3.5200000000e-01 9.3369000662e-02
   endloop
 endfacet
 facet normal  -1.4005572522e-01 8.9253195524e-02 -9.8611270194e-01
   outer loop
     vertex 2.3761627212e+00 2.6400000000e-01 9.2066482934e-02
     vertex 2.3662999881e+00 2.6400000000e-01 9.3467268288e-02
     vertex 2.4148280852e+00 3.5200000000e-01 9.4539806330e-02
   endloop
 endfacet
 facet normal  -2.3061499915e-01 1.3891187939e-01 -9.6307850767e-01
   outer loop
     vertex 2.3662999881e+00 2.6400000000e-01 9.3467268288e-02
     vertex 2.4089048503e+00 3.5200000000e-01 9.5958160898e-02
     vertex 2.4148280852e+00 3.5200000000e-01 9.4539806330e-02
   endloop
 endfacet
 facet normal  -2.3061499915e-01 1.3891187939e-01 -9.6307850767e-01
   outer loop
     vertex 2.3662999881e+00 2.6400000000e-01 9.3467268288e-02
     vertex 2.3592132607e+00 2.6400000000e-01 9.5164228217e-02
     vertex 2.4089048503e+00 3.5200000000e-01 9.5958160898e-02
   endloop
 endfacet
 facet normal  -3.8645556674e-01 2.2628931962e-01 -8.9411701626e-01
   outer loop
     vertex 2.3592132607e+00 2.6400000000e-01 9.5164228217e-02
     vertex 2.4049406001e+00 3.5200000000e-01 9.7671590511e-02
     vertex 2.4089048503e+00 3.5200000000e-01 9.5958160898e-02
   endloop
 endfacet
 facet normal  -3.8645556674e-01 2.2628931962e-01 -8.9411701626e-01
   outer loop
     vertex 2.3592132607e+00 2.6400000000e-01 9.5164228217e-02
     vertex 2.3544703185e+00 2.6400000000e-01 9.7214224361e-02
     vertex 2.4049406001e+00 3.5200000000e-01 9.7671590511e-02
   endloop
 endfacet
 facet normal  -7.3034077773e-01 4.2166244462e-01 -5.3740406696e-01
   outer loop
     vertex 2.3544703185e+00 2.6400000000e-01 9.7214224361e-02
     vertex 2.4032272948e+00 3.5200000000e-01 1.0000000000e-01
     vertex 2.4049406001e+00 3.5200000000e-01 9.7671590511e-02
   endloop
 endfacet
 facet normal  -7.3034077773e-01 4.2166244462e-01 -5.3740406696e-01
   outer loop
     vertex 2.3544703185e+00 2.6400000000e-01 9.7214224361e-02
     vertex 2.3524204711e+00 2.6400000000e-01 1.0000000000e-01
     vertex 2.4032272948e+00 3.5200000000e-01 1.0000000000e-01
   endloop
 endfacet
 facet normal  -7.3034077773e-01 4.2166244462e-01 5.3740406696e-01
   outer loop
     vertex 2.3524204711e+00 2.6400000000e-01 1.0000000000e-01
     vertex 2.3544703185e+00 2.6400000000e-01 1.0278577564e-01
     vertex 2.4032272948e+00 3.5200000000e-01 1.0000000000e-01
   endloop
 endfacet
 facet normal  -7.3034077773e-01 4.2166244462e-01 5.3740406696e-01
   outer loop
     vertex 2.4032272948e+00 3.5200000000e-01 1.0000000000e-01
     vertex 2.3544703185e+00 2.6400000000e-01 1.0278577564e-01
     vertex 2.4049406001e+00 3.5200000000e-01 1.0232840949e-01
   endloop
 endfacet
 facet normal  -3.8645556674e-01 2.2628931962e-01 8.9411701626e-01
   outer loop
     vertex 2.3544703185e+00 2.6400000000e-01 1.0278577564e-01
     vertex 2.3592132607e+00 2.6400000000e-01 1.0483577178e-01
     vertex 2.4049406001e+00 3.5200000000e-01 1.0232840949e-01
   endloop
 endfacet
 facet normal  -3.8645556674e-01 2.2628931962e-01 8.9411701626e-01
   outer loop
     vertex 2.4049406001e+00 3.5200000000e-01 1.0232840949e-01
     vertex 2.3592132607e+00 2.6400000000e-01 1.0483577178e-01
     vertex 2.4089048503e+00 3.5200000000e-01 1.0404183910e-01
   endloop
 endfacet
 facet normal  -2.3061499915e-01 1.3891187939e-01 9.6307850767e-01
   outer loop
     vertex 2.3592132607e+00 2.6400000000e-01 1.0483577178e-01
     vertex 2.3662999881e+00 2.6400000000e-01 1.0653273171e-01
     vertex 2.4089048503e+00 3.5200000000e-01 1.0404183910e-01
   endloop
 endfacet
 facet normal  -2.3061499915e-01 1.3891187939e-01 9.6307850767e-01
   outer loop
     vertex 2.4089048503e+00 3.5200000000e-01 1.0404183910e-01
     vertex 2.3662999881e+00 2.6400000000e-01 1.0653273171e-01
     vertex 2.4148280852e+00 3.5200000000e-01 1.0546019367e-01
   endloop
 endfacet
 facet normal  -1.4005572522e-01 8.9253195524e-02 9.8611270194e-01
   outer loop
     vertex 2.3662999881e+00 2.6400000000e-01 1.0653273171e-01
     vertex 2.3761627212e+00 2.6400000000e-01 1.0793351707e-01
     vertex 2.4148280852e+00 3.5200000000e-01 1.0546019367e-01
   endloop
 endfacet
 facet normal  -1.4005572522e-01 8.9253195524e-02 9.8611270194e-01
   outer loop
     vertex 2.4148280852e+00 3.5200000000e-01 1.0546019367e-01
     vertex 2.3761627212e+00 2.6400000000e-01 1.0793351707e-01
     vertex 2.4230715635e+00 3.5200000000e-01 1.0663099934e-01
   endloop
 endfacet
 facet normal  -7.6192437040e-02 5.5350317042e-02 9.9555565135e-01
   outer loop
     vertex 2.3761627212e+00 2.6400000000e-01 1.0793351707e-01
     vertex 2.3892072550e+00 2.6400000000e-01 1.0893184882e-01
     vertex 2.4230715635e+00 3.5200000000e-01 1.0663099934e-01
   endloop
 endfacet
 facet normal  -7.6192437040e-02 5.5350317042e-02 9.9555565135e-01
   outer loop
     vertex 2.4230715635e+00 3.5200000000e-01 1.0663099934e-01
     vertex 2.3892072550e+00 2.6400000000e-01 1.0893184882e-01
     vertex 2.4339744575e+00 3.5200000000e-01 1.0746542588e-01
   endloop
 endfacet
 facet normal  -2.6994491272e-02 3.0382717822e-02 9.9917375261e-01
   outer loop
     vertex 2.3892072550e+00 2.6400000000e-01 1.0893184882e-01
     vertex 2.4055107740e+00 2.6400000000e-01 1.0937231796e-01
     vertex 2.4339744575e+00 3.5200000000e-01 1.0746542588e-01
   endloop
 endfacet
 facet normal  -2.6994491272e-02 3.0382717822e-02 9.9917375261e-01
   outer loop
     vertex 2.4339744575e+00 3.5200000000e-01 1.0746542588e-01
     vertex 2.4055107740e+00 2.6400000000e-01 1.0937231796e-01
     vertex 2.4476012793e+00 3.5200000000e-01 1.0783357919e-01
   endloop
 endfacet
 facet normal  1.1501389815e-02 1.1982127415e-02 9.9986206381e-01
   outer loop
     vertex 2.4055107740e+00 2.6400000000e-01 1.0937231796e-01
     vertex 2.4245719848e+00 2.6400000000e-01 1.0915305730e-01
     vertex 2.4476012793e+00 3.5200000000e-01 1.0783357919e-01
   endloop
 endfacet
 facet normal  1.1501389815e-02 1.1982127415e-02 9.9986206381e-01
   outer loop
     vertex 2.4476012793e+00 3.5200000000e-01 1.0783357919e-01
     vertex 2.4245719848e+00 2.6400000000e-01 1.0915305730e-01
     vertex 2.4635330375e+00 3.5200000000e-01 1.0765031655e-01
   endloop
 endfacet
 facet normal  4.0848089624e-02 -1.0227141681e-03 9.9916484507e-01
   outer loop
     vertex 2.4245719848e+00 2.6400000000e-01 1.0915305730e-01
     vertex 2.4452261740e+00 2.6400000000e-01 1.0830866793e-01
     vertex 2.4635330375e+00 3.5200000000e-01 1.0765031655e-01
   endloop
 endfacet
 facet normal  4.0848089624e-02 -1.0227141681e-03 9.9916484507e-01
   outer loop
     vertex 2.4635330375e+00 3.5200000000e-01 1.0765031655e-01
     vertex 2.4452261740e+00 2.6400000000e-01 1.0830866793e-01
     vertex 2.4807962405e+00 3.5200000000e-01 1.0694455827e-01
   endloop
 endfacet
 facet normal  6.2289243067e-02 -9.7072291431e-03 9.9801093175e-01
   outer loop
     vertex 2.4452261740e+00 2.6400000000e-01 1.0830866793e-01
     vertex 2.4980405077e+00 3.5200000000e-01 1.0586828513e-01
     vertex 2.4807962405e+00 3.5200000000e-01 1.0694455827e-01
   endloop
 endfacet
 facet normal  6.2289243067e-02 -9.7072291431e-03 9.9801093175e-01
   outer loop
     vertex 2.4452261740e+00 2.6400000000e-01 1.0830866793e-01
     vertex 2.4658577080e+00 2.6400000000e-01 1.0702098400e-01
     vertex 2.4980405077e+00 3.5200000000e-01 1.0586828513e-01
   endloop
 endfacet
 facet normal  7.7627538666e-02 -1.5331669405e-02 9.9686453701e-01
   outer loop
     vertex 2.4658577080e+00 2.6400000000e-01 1.0702098400e-01
     vertex 2.5139258445e+00 3.5200000000e-01 1.0463126692e-01
     vertex 2.4980405077e+00 3.5200000000e-01 1.0586828513e-01
   endloop
 endfacet
 facet normal  7.7627538666e-02 -1.5331669405e-02 9.9686453701e-01
   outer loop
     vertex 2.4658577080e+00 2.6400000000e-01 1.0702098400e-01
     vertex 2.4848633788e+00 2.6400000000e-01 1.0554098006e-01
     vertex 2.5139258445e+00 3.5200000000e-01 1.0463126692e-01
   endloop
 endfacet
 facet normal  8.8779914321e-02 -1.9025086248e-02 9.9586955617e-01
   outer loop
     vertex 2.4848633788e+00 2.6400000000e-01 1.0554098006e-01
     vertex 2.5275047515e+00 3.5200000000e-01 1.0342073268e-01
     vertex 2.5139258445e+00 3.5200000000e-01 1.0463126692e-01
   endloop
 endfacet
 facet normal  8.8779914321e-02 -1.9025086248e-02 9.9586955617e-01
   outer loop
     vertex 2.4848633788e+00 2.6400000000e-01 1.0554098006e-01
     vertex 2.5011095711e+00 2.6400000000e-01 1.0409266231e-01
     vertex 2.5275047515e+00 3.5200000000e-01 1.0342073268e-01
   endloop
 endfacet
 facet normal  9.7170571146e-02 -2.1548200267e-02 9.9503444924e-01
   outer loop
     vertex 2.5011095711e+00 2.6400000000e-01 1.0409266231e-01
     vertex 2.5383891068e+00 3.5200000000e-01 1.0235781568e-01
     vertex 2.5275047515e+00 3.5200000000e-01 1.0342073268e-01
   endloop
 endfacet
 facet normal  9.7170571146e-02 -2.1548200267e-02 9.9503444924e-01
   outer loop
     vertex 2.5011095711e+00 2.6400000000e-01 1.0409266231e-01
     vertex 2.5141319248e+00 2.6400000000e-01 1.0282095805e-01
     vertex 2.5383891068e+00 3.5200000000e-01 1.0235781568e-01
   endloop
 endfacet
 facet normal  1.0360570334e-01 -2.3325672252e-02 9.9434489552e-01
   outer loop
     vertex 2.5141319248e+00 2.6400000000e-01 1.0282095805e-01
     vertex 2.5466723759e+00 3.5200000000e-01 1.0149474098e-01
     vertex 2.5383891068e+00 3.5200000000e-01 1.0235781568e-01
   endloop
 endfacet
 facet normal  1.0360570334e-01 -2.3325672252e-02 9.9434489552e-01
   outer loop
     vertex 2.5141319248e+00 2.6400000000e-01 1.0282095805e-01
     vertex 2.5240422646e+00 2.6400000000e-01 1.0178835082e-01
     vertex 2.5466723759e+00 3.5200000000e-01 1.0149474098e-01
   endloop
 endfacet
 facet normal  1.0855602573e-01 -2.4600564017e-02 9.9378589320e-01
   outer loop
     vertex 2.5240422646e+00 2.6400000000e-01 1.0178835082e-01
     vertex 2.5527305102e+00 3.5200000000e-01 1.0083298176e-01
     vertex 2.5466723759e+00 3.5200000000e-01 1.0149474098e-01
   endloop
 endfacet
 facet normal  1.0855602573e-01 -2.4600564017e-02 9.9378589320e-01
   outer loop
     vertex 2.5240422646e+00 2.6400000000e-01 1.0178835082e-01
     vertex 2.5312903895e+00 2.6400000000e-01 1.0099660318e-01
     vertex 2.5527305102e+00 3.5200000000e-01 1.0083298176e-01
   endloop
 endfacet
 facet normal  1.1227743165e-01 -2.5508050429e-02 9.9334944390e-01
   outer loop
     vertex 2.5312903895e+00 2.6400000000e-01 1.0099660318e-01
     vertex 2.5570336826e+00 3.5200000000e-01 1.0034659789e-01
     vertex 2.5527305102e+00 3.5200000000e-01 1.0083298176e-01
   endloop
 endfacet
 facet normal  1.1227743165e-01 -2.5508050429e-02 9.9334944390e-01
   outer loop
     vertex 2.5312903895e+00 2.6400000000e-01 1.0099660318e-01
     vertex 2.5364388279e+00 2.6400000000e-01 1.0041467962e-01
     vertex 2.5570336826e+00 3.5200000000e-01 1.0034659789e-01
   endloop
 endfacet
 facet normal  1.1497157669e-01 -2.6138818910e-02 9.9302482280e-01
   outer loop
     vertex 2.5364388279e+00 2.6400000000e-01 1.0041467962e-01
     vertex 2.5600272948e+00 3.5200000000e-01 1.0000000000e-01
     vertex 2.5570336826e+00 3.5200000000e-01 1.0034659789e-01
   endloop
 endfacet
 facet normal  1.1497157669e-01 -2.6138818910e-02 9.9302482280e-01
   outer loop
     vertex 2.5364388279e+00 2.6400000000e-01 1.0041467962e-01
     vertex 2.5400204711e+00 2.6400000000e-01 1.0000000000e-01
     vertex 2.5600272948e+00 3.5200000000e-01 1.0000000000e-01
   endloop
 endfacet
 facet normal  1.1497157669e-01 -2.6138818910e-02 -9.9302482280e-01
   outer loop
     vertex 2.5600272948e+00 3.5200000000e-01 1.0000000000e-01
     vertex 2.5570336826e+00 3.5200000000e-01 9.9653402105e-02
     vertex 2.5800341184e+00 4.4000000000e-01 1.0000000000e-01
   endloop
 endfacet
 facet normal  1.1497157669e-01 -2.6138818910e-02 -9.9302482280e-01
   outer loop
     vertex 2.5800341184e+00 4.4000000000e-01 1.0000000000e-01
     vertex 2.5570336826e+00 3.5200000000e-01 9.9653402105e-02
     vertex 2.5776285372e+00 4.4000000000e-01 9.9721483835e-02
   endloop
 endfacet
 facet normal  1.1227743165e-01 -2.5508050429e-02 -9.9334944390e-01
   outer loop
     vertex 2.5570336826e+00 3.5200000000e-01 9.9653402105e-02
     vertex 2.5527305102e+00 3.5200000000e-01 9.9167018240e-02
     vertex 2.5776285372e+00 4.4000000000e-01 9.9721483835e-02
   endloop
 endfacet
 facet normal  1.1227743165e-01 -2.5508050429e-02 -9.9334944390e-01
   outer loop
     vertex 2.5776285372e+00 4.4000000000e-01 9.9721483835e-02
     vertex 2.5527305102e+00 3.5200000000e-01 9.9167018240e-02
     vertex 2.5741706309e+00 4.4000000000e-01 9.9330639658e-02
   endloop
 endfacet
 facet normal  1.0855602573e-01 -2.4600564017e-02 -9.9378589320e-01
   outer loop
     vertex 2.5527305102e+00 3.5200000000e-01 9.9167018240e-02
     vertex 2.5466723759e+00 3.5200000000e-01 9.8505259020e-02
     vertex 2.5741706309e+00 4.4000000000e-01 9.9330639658e-02
   endloop
 endfacet
 facet normal  1.0855602573e-01 -2.4600564017e-02 -9.9378589320e-01
   outer loop
     vertex 2.5741706309e+00 4.4000000000e-01 9.9330639658e-02
     vertex 2.5466723759e+00 3.5200000000e-01 9.8505259020e-02
     vertex 2.5693024873e+00 4.4000000000e-01 9.8798868855e-02
   endloop
 endfacet
 facet normal  1.0360570334e-01 -2.3325672252e-02 -9.9434489552e-01
   outer loop
     vertex 2.5466723759e+00 3.5200000000e-01 9.8505259020e-02
     vertex 2.5383891068e+00 3.5200000000e-01 9.7642184319e-02
     vertex 2.5693024873e+00 4.4000000000e-01 9.8798868855e-02
   endloop
 endfacet
 facet normal  1.0360570334e-01 -2.3325672252e-02 -9.9434489552e-01
   outer loop
     vertex 2.5693024873e+00 4.4000000000e-01 9.8798868855e-02
     vertex 2.5383891068e+00 3.5200000000e-01 9.7642184319e-02
     vertex 2.5626462889e+00 4.4000000000e-01 9.8105326685e-02
   endloop
 endfacet
 facet normal  9.7170571146e-02 -2.1548200267e-02 -9.9503444924e-01
   outer loop
     vertex 2.5383891068e+00 3.5200000000e-01 9.7642184319e-02
     vertex 2.5275047515e+00 3.5200000000e-01 9.6579267324e-02
     vertex 2.5626462889e+00 4.4000000000e-01 9.8105326685e-02
   endloop
 endfacet
 facet normal  9.7170571146e-02 -2.1548200267e-02 -9.9503444924e-01
   outer loop
     vertex 2.5626462889e+00 4.4000000000e-01 9.8105326685e-02
     vertex 2.5275047515e+00 3.5200000000e-01 9.6579267324e-02
     vertex 2.5538999319e+00 4.4000000000e-01 9.7251196957e-02
   endloop
 endfacet
 facet normal  8.8779914321e-02 -1.9025086248e-02 -9.9586955617e-01
   outer loop
     vertex 2.5275047515e+00 3.5200000000e-01 9.6579267324e-02
     vertex 2.5139258445e+00 3.5200000000e-01 9.5368733083e-02
     vertex 2.5538999319e+00 4.4000000000e-01 9.7251196957e-02
   endloop
 endfacet
 facet normal  8.8779914321e-02 -1.9025086248e-02 -9.9586955617e-01
   outer loop
     vertex 2.5538999319e+00 4.4000000000e-01 9.7251196957e-02
     vertex 2.5139258445e+00 3.5200000000e-01 9.5368733083e-02
     vertex 2.5429883102e+00 4.4000000000e-01 9.6278446228e-02
   endloop
 endfacet
 facet normal  7.7627538666e-02 -1.5331669405e-02 -9.9686453701e-01
   outer loop
     vertex 2.5139258445e+00 3.5200000000e-01 9.5368733083e-02
     vertex 2.4980405077e+00 3.5200000000e-01 9.4131714866e-02
     vertex 2.5429883102e+00 4.4000000000e-01 9.6278446228e-02
   endloop
 endfacet
 facet normal  7.7627538666e-02 -1.5331669405e-02 -9.9686453701e-01
   outer loop
     vertex 2.5429883102e+00 4.4000000000e-01 9.6278446228e-02
     vertex 2.4980405077e+00 3.5200000000e-01 9.4131714866e-02
     vertex 2.5302233075e+00 4.4000000000e-01 9.5284413731e-02
   endloop
 endfacet
 facet normal  6.2289243067e-02 -9.7072291431e-03 -9.9801093175e-01
   outer loop
     vertex 2.4980405077e+00 3.5200000000e-01 9.4131714866e-02
     vertex 2.4807962405e+00 3.5200000000e-01 9.3055441732e-02
     vertex 2.5302233075e+00 4.4000000000e-01 9.5284413731e-02
   endloop
 endfacet
 facet normal  6.2289243067e-02 -9.7072291431e-03 -9.9801093175e-01
   outer loop
     vertex 2.5302233075e+00 4.4000000000e-01 9.5284413731e-02
     vertex 2.4807962405e+00 3.5200000000e-01 9.3055441732e-02
     vertex 2.5163663070e+00 4.4000000000e-01 9.4419551391e-02
   endloop
 endfacet
 facet normal  4.0848089624e-02 -1.0227141681e-03 -9.9916484507e-01
   outer loop
     vertex 2.4807962405e+00 3.5200000000e-01 9.3055441732e-02
     vertex 2.5024940903e+00 4.4000000000e-01 9.3852424202e-02
     vertex 2.5163663070e+00 4.4000000000e-01 9.4419551391e-02
   endloop
 endfacet
 facet normal  4.0848089624e-02 -1.0227141681e-03 -9.9916484507e-01
   outer loop
     vertex 2.4807962405e+00 3.5200000000e-01 9.3055441732e-02
     vertex 2.4635330375e+00 3.5200000000e-01 9.2349683452e-02
     vertex 2.5024940903e+00 4.4000000000e-01 9.3852424202e-02
   endloop
 endfacet
 facet normal  1.1501389815e-02 1.1982127415e-02 -9.9986206381e-01
   outer loop
     vertex 2.4635330375e+00 3.5200000000e-01 9.2349683452e-02
     vertex 2.4896917846e+00 4.4000000000e-01 9.3705159580e-02
     vertex 2.5024940903e+00 4.4000000000e-01 9.3852424202e-02
   endloop
 endfacet
 facet normal  1.1501389815e-02 1.1982127415e-02 -9.9986206381e-01
   outer loop
     vertex 2.4635330375e+00 3.5200000000e-01 9.2349683452e-02
     vertex 2.4476012793e+00 3.5200000000e-01 9.2166420811e-02
     vertex 2.4896917846e+00 4.4000000000e-01 9.3705159580e-02
   endloop
 endfacet
 facet normal  -2.6994491272e-02 3.0382717822e-02 -9.9917375261e-01
   outer loop
     vertex 2.4476012793e+00 3.5200000000e-01 9.2166420811e-02
     vertex 2.4787416599e+00 4.4000000000e-01 9.4000997061e-02
     vertex 2.4896917846e+00 4.4000000000e-01 9.3705159580e-02
   endloop
 endfacet
 facet normal  -2.6994491272e-02 3.0382717822e-02 -9.9917375261e-01
   outer loop
     vertex 2.4476012793e+00 3.5200000000e-01 9.2166420811e-02
     vertex 2.4339744575e+00 3.5200000000e-01 9.2534574120e-02
     vertex 2.4787416599e+00 4.4000000000e-01 9.4000997061e-02
   endloop
 endfacet
 facet normal  -7.6192437040e-02 5.5350317042e-02 -9.9555565135e-01
   outer loop
     vertex 2.4339744575e+00 3.5200000000e-01 9.2534574120e-02
     vertex 2.4699804058e+00 4.4000000000e-01 9.4671518389e-02
     vertex 2.4787416599e+00 4.4000000000e-01 9.4000997061e-02
   endloop
 endfacet
 facet normal  -7.6192437040e-02 5.5350317042e-02 -9.9555565135e-01
   outer loop
     vertex 2.4339744575e+00 3.5200000000e-01 9.2534574120e-02
     vertex 2.4230715635e+00 3.5200000000e-01 9.3369000662e-02
     vertex 2.4699804058e+00 4.4000000000e-01 9.4671518389e-02
   endloop
 endfacet
 facet normal  -1.4005572522e-01 8.9253195524e-02 -9.8611270194e-01
   outer loop
     vertex 2.4230715635e+00 3.5200000000e-01 9.3369000662e-02
     vertex 2.4633561822e+00 4.4000000000e-01 9.5612344372e-02
     vertex 2.4699804058e+00 4.4000000000e-01 9.4671518389e-02
   endloop
 endfacet
 facet normal  -1.4005572522e-01 8.9253195524e-02 -9.8611270194e-01
   outer loop
     vertex 2.4230715635e+00 3.5200000000e-01 9.3369000662e-02
     vertex 2.4148280852e+00 3.5200000000e-01 9.4539806330e-02
     vertex 2.4633561822e+00 4.4000000000e-01 9.5612344372e-02
   endloop
 endfacet
 facet normal  -2.3061499915e-01 1.3891187939e-01 -9.6307850767e-01
   outer loop
     vertex 2.4148280852e+00 3.5200000000e-01 9.4539806330e-02
     vertex 2.4585964399e+00 4.4000000000e-01 9.6752093579e-02
     vertex 2.4633561822e+00 4.4000000000e-01 9.5612344372e-02
   endloop
 endfacet
 facet normal  -2.3061499915e-01 1.3891187939e-01 -9.6307850767e-01
   outer loop
     vertex 2.4148280852e+00 3.5200000000e-01 9.4539806330e-02
     vertex 2.4089048503e+00 3.5200000000e-01 9.5958160898e-02
     vertex 2.4585964399e+00 4.4000000000e-01 9.6752093579e-02
   endloop
 endfacet
 facet normal  -3.8645556674e-01 2.2628931962e-01 -8.9411701626e-01
   outer loop
     vertex 2.4089048503e+00 3.5200000000e-01 9.5958160898e-02
     vertex 2.4554108816e+00 4.4000000000e-01 9.8128956660e-02
     vertex 2.4585964399e+00 4.4000000000e-01 9.6752093579e-02
   endloop
 endfacet
 facet normal  -3.8645556674e-01 2.2628931962e-01 -8.9411701626e-01
   outer loop
     vertex 2.4089048503e+00 3.5200000000e-01 9.5958160898e-02
     vertex 2.4049406001e+00 3.5200000000e-01 9.7671590511e-02
     vertex 2.4554108816e+00 4.4000000000e-01 9.8128956660e-02
   endloop
 endfacet
 facet normal  -7.3034077773e-01 4.2166244462e-01 -5.3740406696e-01
   outer loop
     vertex 2.4049406001e+00 3.5200000000e-01 9.7671590511e-02
     vertex 2.4540341184e+00 4.4000000000e-01 1.0000000000e-01
     vertex 2.4554108816e+00 4.4000000000e-01 9.8128956660e-02
   endloop
 endfacet
 facet normal  -7.3034077773e-01 4.2166244462e-01 -5.3740406696e-01
   outer loop
     vertex 2.4049406001e+00 3.5200000000e-01 9.7671590511e-02
     vertex 2.4032272948e+00 3.5200000000e-01 1.0000000000e-01
     vertex 2.4540341184e+00 4.4000000000e-01 1.0000000000e-01
   endloop
 endfacet
 facet normal  -7.3034077773e-01 4.2166244462e-01 5.3740406696e-01
   outer loop
     vertex 2.4032272948e+00 3.5200000000e-01 1.0000000000e-01
     vertex 2.4049406001e+00 3.5200000000e-01 1.0232840949e-01
     vertex 2.4540341184e+00 4.4000000000e-01 1.0000000000e-01
   endloop
 endfacet
 facet normal  -7.3034077773e-01 4.2166244462e-01 5.3740406696e-01
   outer loop
     vertex 2.4540341184e+00 4.4000000000e-01 1.0000000000e-01
     vertex 2.4049406001e+00 3.5200000000e-01 1.0232840949e-01
     vertex 2.4554108816e+00 4.4000000000e-01 1.0187104334e-01
   endloop
 endfacet
 facet normal  -3.8645556674e-01 2.2628931962e-01 8.9411701626e-01
   outer loop
     vertex 2.4049406001e+00 3.5200000000e-01 1.0232840949e-01
     vertex 2.4089048503e+00 3.5200000000e-01 1.0404183910e-01
     vertex 2.4554108816e+00 4.4000000000e-01 1.0187104334e-01
   endloop
 endfacet
 facet normal  -3.8645556674e-01 2.2628931962e-01 8.9411701626e-01
   outer loop
     vertex 2.4554108816e+00 4.4000000000e-01 1.0187104334e-01
     vertex 2.4089048503e+00 3.5200000000e-01 1.0404183910e-01
     vertex 2.4585964399e+00 4.4000000000e-01 1.0324790642e-01
   endloop
 endfacet
 facet normal  -2.3061499915e-01 1.3891187939e-01 9.6307850767e-01
   outer loop
     vertex 2.4089048503e+00 3.5200000000e-01 1.0404183910e-01
     vertex 2.4148280852e+00 3.5200000000e-01 1.0546019367e-01
     vertex 2.4585964399e+00 4.4000000000e-01 1.0324790642e-01
   endloop
 endfacet
 facet normal  -2.3061499915e-01 1.3891187939e-01 9.6307850767e-01
   outer loop
     vertex 2.4585964399e+00 4.4000000000e-01 1.0324790642e-01
     vertex 2.4148280852e+00 3.5200000000e-01 1.0546019367e-01
     vertex 2.4633561822e+00 4.4000000000e-01 1.0438765563e-01
   endloop
 endfacet
 facet normal  -1.4005572522e-01 8.9253195524e-02 9.8611270194e-01
   outer loop
     vertex 2.4148280852e+00 3.5200000000e-01 1.0546019367e-01
     vertex 2.4230715635e+00 3.5200000000e-01 1.0663099934e-01
     vertex 2.4633561822e+00 4.4000000000e-01 1.0438765563e-01
   endloop
 endfacet
 facet normal  -1.4005572522e-01 8.9253195524e-02 9.8611270194e-01
   outer loop
     vertex 2.4633561822e+00 4.4000000000e-01 1.0438765563e-01
     vertex 2.4230715635e+00 3.5200000000e-01 1.0663099934e-01
     vertex 2.4699804058e+00 4.4000000000e-01 1.0532848161e-01
   endloop
 endfacet
 facet normal  -7.6192437040e-02 5.5350317042e-02 9.9555565135e-01
   outer loop
     vertex 2.4230715635e+00 3.5200000000e-01 1.0663099934e-01
     vertex 2.4339744575e+00 3.5200000000e-01 1.0746542588e-01
     vertex 2.4699804058e+00 4.4000000000e-01 1.0532848161e-01
   endloop
 endfacet
 facet normal  -7.6192437040e-02 5.5350317042e-02 9.9555565135e-01
   outer loop
     vertex 2.4699804058e+00 4.4000000000e-01 1.0532848161e-01
     vertex 2.4339744575e+00 3.5200000000e-01 1.0746542588e-01
     vertex 2.4787416599e+00 4.4000000000e-01 1.0599900294e-01
   endloop
 endfacet
 facet normal  -2.6994491272e-02 3.0382717822e-02 9.9917375261e-01
   outer loop
     vertex 2.4339744575e+00 3.5200000000e-01 1.0746542588e-01
     vertex 2.4476012793e+00 3.5200000000e-01 1.0783357919e-01
     vertex 2.4787416599e+00 4.4000000000e-01 1.0599900294e-01
   endloop
 endfacet
 facet normal  -2.6994491272e-02 3.0382717822e-02 9.9917375261e-01
   outer loop
     vertex 2.4787416599e+00 4.4000000000e-01 1.0599900294e-01
     vertex 2.4476012793e+00 3.5200000000e-01 1.0783357919e-01
     vertex 2.4896917846e+00 4.4000000000e-01 1.0629484042e-01
   endloop
 endfacet
 facet normal  1.1501389815e-02 1.1982127415e-02 9.9986206381e-01
   outer loop
     vertex 2.4476012793e+00 3.5200000000e-01 1.0783357919e-01
     vertex 2.4635330375e+00 3.5200000000e-01 1.0765031655e-01
     vertex 2.4896917846e+00 4.4000000000e-01 1.0629484042e-01
   endloop
 endfacet
 facet normal  1.1501389815e-02 1.1982127415e-02 9.9986206381e-01
   outer loop
     vertex 2.4896917846e+00 4.4000000000e-01 1.0629484042e-01
     vertex 2.4635330375e+00 3.5200000000e-01 1.0765031655e-01
     vertex 2.5024940903e+00 4.4000000000e-01 1.0614757580e-01
   endloop
 endfacet
 facet normal  4.0848089624e-02 -1.0227141681e-03 9.9916484507e-01
   outer loop
     vertex 2.4635330375e+00 3.5200000000e-01 1.0765031655e-01
     vertex 2.4807962405e+00 3.5200000000e-01 1.0694455827e-01
     vertex 2.5024940903e+00 4.4000000000e-01 1.0614757580e-01
   endloop
 endfacet
 facet normal  4.0848089624e-02 -1.0227141681e-03 9.9916484507e-01
   outer loop
     vertex 2.5024940903e+00 4.4000000000e-01 1.0614757580e-01
     vertex 2.4807962405e+00 3.5200000000e-01 1.0694455827e-01
     vertex 2.5163663070e+00 4.4000000000e-01 1.0558044861e-01
   endloop
 endfacet
 facet normal  6.2289243067e-02 -9.7072291431e-03 9.9801093175e-01
   outer loop
     vertex 2.4807962405e+00 3.5200000000e-01 1.0694455827e-01
     vertex 2.5302233075e+00 4.4000000000e-01 1.0471558627e-01
     vertex 2.5163663070e+00 4.4000000000e-01 1.0558044861e-01
   endloop
 endfacet
 facet normal  6.2289243067e-02 -9.7072291431e-03 9.9801093175e-01
   outer loop
     vertex 2.4807962405e+00 3.5200000000e-01 1.0694455827e-01
     vertex 2.4980405077e+00 3.5200000000e-01 1.0586828513e-01
     vertex 2.5302233075e+00 4.4000000000e-01 1.0471558627e-01
   endloop
 endfacet
 facet normal  7.7627538666e-02 -1.5331669405e-02 9.9686453701e-01
   outer loop
     vertex 2.4980405077e+00 3.5200000000e-01 1.0586828513e-01
     vertex 2.5429883102e+00 4.4000000000e-01 1.0372155377e-01
     vertex 2.5302233075e+00 4.4000000000e-01 1.0471558627e-01
   endloop
 endfacet
 facet normal  7.7627538666e-02 -1.5331669405e-02 9.9686453701e-01
   outer loop
     vertex 2.4980405077e+00 3.5200000000e-01 1.0586828513e-01
     vertex 2.5139258445e+00 3.5200000000e-01 1.0463126692e-01
     vertex 2.5429883102e+00 4.4000000000e-01 1.0372155377e-01
   endloop
 endfacet
 facet normal  8.8779914321e-02 -1.9025086248e-02 9.9586955617e-01
   outer loop
     vertex 2.5139258445e+00 3.5200000000e-01 1.0463126692e-01
     vertex 2.5538999319e+00 4.4000000000e-01 1.0274880304e-01
     vertex 2.5429883102e+00 4.4000000000e-01 1.0372155377e-01
   endloop
 endfacet
 facet normal  8.8779914321e-02 -1.9025086248e-02 9.9586955617e-01
   outer loop
     vertex 2.5139258445e+00 3.5200000000e-01 1.0463126692e-01
     vertex 2.5275047515e+00 3.5200000000e-01 1.0342073268e-01
     vertex 2.5538999319e+00 4.4000000000e-01 1.0274880304e-01
   endloop
 endfacet
 facet normal  9.7170571146e-02 -2.1548200267e-02 9.9503444924e-01
   outer loop
     vertex 2.5275047515e+00 3.5200000000e-01 1.0342073268e-01
     vertex 2.5626462889e+00 4.4000000000e-01 1.0189467332e-01
     vertex 2.5538999319e+00 4.4000000000e-01 1.0274880304e-01
   endloop
 endfacet
 facet normal  9.7170571146e-02 -2.1548200267e-02 9.9503444924e-01
   outer loop
     vertex 2.5275047515e+00 3.5200000000e-01 1.0342073268e-01
     vertex 2.5383891068e+00 3.5200000000e-01 1.0235781568e-01
     vertex 2.5626462889e+00 4.4000000000e-01 1.0189467332e-01
   endloop
 endfacet
 facet normal  1.0360570334e-01 -2.3325672252e-02 9.9434489552e-01
   outer loop
     vertex 2.5383891068e+00 3.5200000000e-01 1.0235781568e-01
     vertex 2.5693024873e+00 4.4000000000e-01 1.0120113114e-01
     vertex 2.5626462889e+00 4.4000000000e-01 1.0189467332e-01
   endloop
 endfacet
 facet normal  1.0360570334e-01 -2.3325672252e-02 9.9434489552e-01
   outer loop
     vertex 2.5383891068e+00 3.5200000000e-01 1.0235781568e-01
     vertex 2.5466723759e+00 3.5200000000e-01 1.0149474098e-01
     vertex 2.5693024873e+00 4.4000000000e-01 1.0120113114e-01
   endloop
 endfacet
 facet normal  1.0855602573e-01 -2.4600564017e-02 9.9378589320e-01
   outer loop
     vertex 2.5466723759e+00 3.5200000000e-01 1.0149474098e-01
     vertex 2.5741706309e+00 4.4000000000e-01 1.0066936034e-01
     vertex 2.5693024873e+00 4.4000000000e-01 1.0120113114e-01
   endloop
 endfacet
 facet normal  1.0855602573e-01 -2.4600564017e-02 9.9378589320e-01
   outer loop
     vertex 2.5466723759e+00 3.5200000000e-01 1.0149474098e-01
     vertex 2.5527305102e+00 3.5200000000e-01 1.0083298176e-01
     vertex 2.5741706309e+00 4.4000000000e-01 1.0066936034e-01
   endloop
 endfacet
 facet normal  1.1227743165e-01 -2.5508050429e-02 9.9334944390e-01
   outer loop
     vertex 2.5527305102e+00 3.5200000000e-01 1.0083298176e-01
     vertex 2.5776285372e+00 4.4000000000e-01 1.0027851617e-01
     vertex 2.5741706309e+00 4.4000000000e-01 1.0066936034e-01
   endloop
 endfacet
 facet normal  1.1227743165e-01 -2.5508050429e-02 9.9334944390e-01
   outer loop
     vertex 2.5527305102e+00 3.5200000000e-01 1.0083298176e-01
     vertex 2.5570336826e+00 3.5200000000e-01 1.0034659789e-01
     vertex 2.5776285372e+00 4.4000000000e-01 1.0027851617e-01
   endloop
 endfacet
 facet normal  1.1497157669e-01 -2.6138818910e-02 9.9302482280e-01
   outer loop
     vertex 2.5570336826e+00 3.5200000000e-01 1.0034659789e-01
     vertex 2.5800341184e+00 4.4000000000e-01 1.0000000000e-01
     vertex 2.5776285372e+00 4.4000000000e-01 1.0027851617e-01
   endloop
 endfacet
 facet normal  1.1497157669e-01 -2.6138818910e-02 9.9302482280e-01
   outer loop
     vertex 2.5570336826e+00 3.5200000000e-01 1.0034659789e-01
     vertex 2.5600272948e+00 3.5200000000e-01 1.0000000000e-01
     vertex 2.5800341184e+00 4.4000000000e-01 1.0000000000e-01
   endloop
 endfacet
 facet normal  0.0000000000e+00 1.0000000000e+00 0.0000000000e+00
   outer loop
     vertex 2.5800341184e+00 4.4000000000e-01 1.0000000000e-01
     vertex 2.5776285372e+00 4.4000000000e-01 9.9721483835e-02
     vertex 2.5776285372e+00 4.4000000000e-01 9.9860741917e-02
   endloop
 endfacet
 facet normal  0.0000000000e+00 1.0000000000e+00 0.0000000000e+00
   outer loop
     vertex 2.5776285372e+00 4.4000000000e-01 9.9721483835e-02
     vertex 2.5741706309e+00 4.4000000000e-01 9.9665319829e-02
     vertex 2.5776285372e+00 4.4000000000e-01 9.9860741917e-02
   endloop
 endfacet
 facet normal  0.0000000000e+00 1.0000000000e+00 0.0000000000e+00
   outer loop
     vertex 2.5776285372e+00 4.4000000000e-01 9.9721483835e-02
     vertex 2.5741706309e+00 4.4000000000e-01 9.9330639658e-02
     vertex 2.5741706309e+00 4.4000000000e-01 9.9665319829e-02
   endloop
 endfacet
 facet normal  1.1402940387e-14 1.0000000000e+00 0.0000000000e+00
   outer loop
     vertex 2.5741706309e+00 4.4000000000e-01 9.9330639658e-02
     vertex 2.5693024873e+00 4.4000000000e-01 9.9399434428e-02
     vertex 2.5741706309e+00 4.4000000000e-01 9.9665319829e-02
   endloop
 endfacet
 facet normal  1.1402940387e-14 1.0000000000e+00 -0.0000000000e+00
   outer loop
     vertex 2.5741706309e+00 4.4000000000e-01 9.9330639658e-02
     vertex 2.5693024873e+00 4.4000000000e-01 9.8798868855e-02
     vertex 2.5693024873e+00 4.4000000000e-01 9.9399434428e-02
   endloop
 endfacet
 facet normal  8.3397681195e-15 1.0000000000e+00 0.0000000000e+00
   outer loop
     vertex 2.5693024873e+00 4.4000000000e-01 9.8798868855e-02
     vertex 2.5626462889e+00 4.4000000000e-01 9.9052663342e-02
     vertex 2.5693024873e+00 4.4000000000e-01 9.9399434428e-02
   endloop
 endfacet
 facet normal  8.3397681195e-15 1.0000000000e+00 -0.0000000000e+00
   outer loop
     vertex 2.5693024873e+00 4.4000000000e-01 9.8798868855e-02
     vertex 2.5626462889e+00 4.4000000000e-01 9.8105326685e-02
     vertex 2.5626462889e+00 4.4000000000e-01 9.9052663342e-02
   endloop
 endfacet
 facet normal  -1.2693548028e-14 1.0000000000e+00 0.0000000000e+00
   outer loop
     vertex 2.5626462889e+00 4.4000000000e-01 9.8105326685e-02
     vertex 2.5538999319e+00 4.4000000000e-01 9.8625598478e-02
     vertex 2.5626462889e+00 4.4000000000e-01 9.9052663342e-02
   endloop
 endfacet
 facet normal  -1.2693548028e-14 1.0000000000e+00 0.0000000000e+00
   outer loop
     vertex 2.5626462889e+00 4.4000000000e-01 9.8105326685e-02
     vertex 2.5538999319e+00 4.4000000000e-01 9.7251196957e-02
     vertex 2.5538999319e+00 4.4000000000e-01 9.8625598478e-02
   endloop
 endfacet
 facet normal  -0.0000000000e+00 1.0000000000e+00 0.0000000000e+00
   outer loop
     vertex 2.5538999319e+00 4.4000000000e-01 9.7251196957e-02
     vertex 2.5429883102e+00 4.4000000000e-01 9.8139223114e-02
     vertex 2.5538999319e+00 4.4000000000e-01 9.8625598478e-02
   endloop
 endfacet
 facet normal  0.0000000000e+00 1.0000000000e+00 0.0000000000e+00
   outer loop
     vertex 2.5538999319e+00 4.4000000000e-01 9.7251196957e-02
     vertex 2.5429883102e+00 4.4000000000e-01 9.6278446228e-02
     vertex 2.5429883102e+00 4.4000000000e-01 9.8139223114e-02
   endloop
 endfacet
 facet normal  -0.0000000000e+00 1.0000000000e+00 0.0000000000e+00
   outer loop
     vertex 2.5429883102e+00 4.4000000000e-01 9.6278446228e-02
     vertex 2.5302233075e+00 4.4000000000e-01 9.7642206866e-02
     vertex 2.5429883102e+00 4.4000000000e-01 9.8139223114e-02
   endloop
 endfacet
 facet normal  0.0000000000e+00 1.0000000000e+00 0.0000000000e+00
   outer loop
     vertex 2.5429883102e+00 4.4000000000e-01 9.6278446228e-02
     vertex 2.5302233075e+00 4.4000000000e-01 9.5284413731e-02
     vertex 2.5302233075e+00 4.4000000000e-01 9.7642206866e-02
   endloop
 endfacet
 facet normal  -0.0000000000e+00 1.0000000000e+00 0.0000000000e+00
   outer loop
     vertex 2.5302233075e+00 4.4000000000e-01 9.5284413731e-02
     vertex 2.5163663070e+00 4.4000000000e-01 9.7209775696e-02
     vertex 2.5302233075e+00 4.4000000000e-01 9.7642206866e-02
   endloop
 endfacet
 facet normal  0.0000000000e+00 1.0000000000e+00 0.0000000000e+00
   outer loop
     vertex 2.5302233075e+00 4.4000000000e-01 9.5284413731e-02
     vertex 2.5163663070e+00 4.4000000000e-01 9.4419551391e-02
     vertex 2.5163663070e+00 4.4000000000e-01 9.7209775696e-02
   endloop
 endfacet
 facet normal  0.0000000000e+00 1.0000000000e+00 0.0000000000e+00
   outer loop
     vertex 2.5163663070e+00 4.4000000000e-01 9.4419551391e-02
     vertex 2.5024940903e+00 4.4000000000e-01 9.3852424202e-02
     vertex 2.5163663070e+00 4.4000000000e-01 9.7209775696e-02
   endloop
 endfacet
 facet normal  0.0000000000e+00 1.0000000000e+00 0.0000000000e+00
   outer loop
     vertex 2.5163663070e+00 4.4000000000e-01 9.7209775696e-02
     vertex 2.5024940903e+00 4.4000000000e-01 9.3852424202e-02
     vertex 2.5024940903e+00 4.4000000000e-01 9.6926212101e-02
   endloop
 endfacet
 facet normal  4.3360276144e-15 1.0000000000e+00 0.0000000000e+00
   outer loop
     vertex 2.5024940903e+00 4.4000000000e-01 9.3852424202e-02
     vertex 2.4896917846e+00 4.4000000000e-01 9.3705159580e-02
     vertex 2.5024940903e+00 4.4000000000e-01 9.6926212101e-02
   endloop
 endfacet
 facet normal  4.3360276144e-15 1.0000000000e+00 -0.0000000000e+00
   outer loop
     vertex 2.5024940903e+00 4.4000000000e-01 9.6926212101e-02
     vertex 2.4896917846e+00 4.4000000000e-01 9.3705159580e-02
     vertex 2.4896917846e+00 4.4000000000e-01 9.6852579790e-02
   endloop
 endfacet
 facet normal  -5.0694538033e-15 1.0000000000e+00 0.0000000000e+00
   outer loop
     vertex 2.4896917846e+00 4.4000000000e-01 9.3705159580e-02
     vertex 2.4787416599e+00 4.4000000000e-01 9.4000997061e-02
     vertex 2.4896917846e+00 4.4000000000e-01 9.6852579790e-02
   endloop
 endfacet
 facet normal  -5.0694538033e-15 1.0000000000e+00 0.0000000000e+00
   outer loop
     vertex 2.4896917846e+00 4.4000000000e-01 9.6852579790e-02
     vertex 2.4787416599e+00 4.4000000000e-01 9.4000997061e-02
     vertex 2.4787416599e+00 4.4000000000e-01 9.7000498530e-02
   endloop
 endfacet
 facet normal  -6.3359823723e-15 1.0000000000e+00 0.0000000000e+00
   outer loop
     vertex 2.4787416599e+00 4.4000000000e-01 9.4000997061e-02
     vertex 2.4699804058e+00 4.4000000000e-01 9.4671518389e-02
     vertex 2.4787416599e+00 4.4000000000e-01 9.7000498530e-02
   endloop
 endfacet
 facet normal  -6.3359823723e-15 1.0000000000e+00 0.0000000000e+00
   outer loop
     vertex 2.4787416599e+00 4.4000000000e-01 9.7000498530e-02
     vertex 2.4699804058e+00 4.4000000000e-01 9.4671518389e-02
     vertex 2.4699804058e+00 4.4000000000e-01 9.7335759194e-02
   endloop
 endfacet
 facet normal  8.3800236586e-15 1.0000000000e+00 0.0000000000e+00
   outer loop
     vertex 2.4699804058e+00 4.4000000000e-01 9.4671518389e-02
     vertex 2.4633561822e+00 4.4000000000e-01 9.5612344372e-02
     vertex 2.4699804058e+00 4.4000000000e-01 9.7335759194e-02
   endloop
 endfacet
 facet normal  8.3800236586e-15 1.0000000000e+00 -0.0000000000e+00
   outer loop
     vertex 2.4699804058e+00 4.4000000000e-01 9.7335759194e-02
     vertex 2.4633561822e+00 4.4000000000e-01 9.5612344372e-02
     vertex 2.4633561822e+00 4.4000000000e-01 9.7806172186e-02
   endloop
 endfacet
 facet normal  -0.0000000000e+00 1.0000000000e+00 0.0000000000e+00
   outer loop
     vertex 2.4633561822e+00 4.4000000000e-01 9.5612344372e-02
     vertex 2.4585964399e+00 4.4000000000e-01 9.6752093579e-02
     vertex 2.4633561822e+00 4.4000000000e-01 9.7806172186e-02
   endloop
 endfacet
 facet normal  0.0000000000e+00 1.0000000000e+00 0.0000000000e+00
   outer loop
     vertex 2.4633561822e+00 4.4000000000e-01 9.7806172186e-02
     vertex 2.4585964399e+00 4.4000000000e-01 9.6752093579e-02
     vertex 2.4585964399e+00 4.4000000000e-01 9.8376046789e-02
   endloop
 endfacet
 facet normal  -0.0000000000e+00 1.0000000000e+00 0.0000000000e+00
   outer loop
     vertex 2.4585964399e+00 4.4000000000e-01 9.6752093579e-02
     vertex 2.4554108816e+00 4.4000000000e-01 9.8128956660e-02
     vertex 2.4585964399e+00 4.4000000000e-01 9.8376046789e-02
   endloop
 endfacet
 facet normal  0.0000000000e+00 1.0000000000e+00 0.0000000000e+00
   outer loop
     vertex 2.4585964399e+00 4.4000000000e-01 9.8376046789e-02
     vertex 2.4554108816e+00 4.4000000000e-01 9.8128956660e-02
     vertex 2.4554108816e+00 4.4000000000e-01 9.9064478330e-02
   endloop
 endfacet
 facet normal  0.0000000000e+00 1.0000000000e+00 0.0000000000e+00
   outer loop
     vertex 2.4554108816e+00 4.4000000000e-01 9.8128956660e-02
     vertex 2.4540341184e+00 4.4000000000e-01 1.0000000000e-01
     vertex 2.4554108816e+00 4.4000000000e-01 9.9064478330e-02
   endloop
 endfacet
 facet normal  0.0000000000e+00 1.0000000000e+00 0.0000000000e+00
   outer loop
     vertex 2.4540341184e+00 4.4000000000e-01 1.0000000000e-01
     vertex 2.4554108816e+00 4.4000000000e-01 1.0187104334e-01
     vertex 2.4554108816e+00 4.4000000000e-01 1.0093552167e-01
   endloop
 endfacet
 facet normal  0.0000000000e+00 1.0000000000e+00 0.0000000000e+00
   outer loop
     vertex 2.4554108816e+00 4.4000000000e-01 1.0187104334e-01
     vertex 2.4585964399e+00 4.4000000000e-01 1.0162395321e-01
     vertex 2.4554108816e+00 4.4000000000e-01 1.0093552167e-01
   endloop
 endfacet
 facet normal  0.0000000000e+00 1.0000000000e+00 0.0000000000e+00
   outer loop
     vertex 2.4554108816e+00 4.4000000000e-01 1.0187104334e-01
     vertex 2.4585964399e+00 4.4000000000e-01 1.0324790642e-01
     vertex 2.4585964399e+00 4.4000000000e-01 1.0162395321e-01
   endloop
 endfacet
 facet normal  -2.3325275961e-14 1.0000000000e+00 0.0000000000e+00
   outer loop
     vertex 2.4585964399e+00 4.4000000000e-01 1.0324790642e-01
     vertex 2.4633561822e+00 4.4000000000e-01 1.0219382781e-01
     vertex 2.4585964399e+00 4.4000000000e-01 1.0162395321e-01
   endloop
 endfacet
 facet normal  -2.3325275961e-14 1.0000000000e+00 0.0000000000e+00
   outer loop
     vertex 2.4585964399e+00 4.4000000000e-01 1.0324790642e-01
     vertex 2.4633561822e+00 4.4000000000e-01 1.0438765563e-01
     vertex 2.4633561822e+00 4.4000000000e-01 1.0219382781e-01
   endloop
 endfacet
 facet normal  8.3800236586e-15 1.0000000000e+00 0.0000000000e+00
   outer loop
     vertex 2.4633561822e+00 4.4000000000e-01 1.0438765563e-01
     vertex 2.4699804058e+00 4.4000000000e-01 1.0266424081e-01
     vertex 2.4633561822e+00 4.4000000000e-01 1.0219382781e-01
   endloop
 endfacet
 facet normal  8.3800236586e-15 1.0000000000e+00 0.0000000000e+00
   outer loop
     vertex 2.4633561822e+00 4.4000000000e-01 1.0438765563e-01
     vertex 2.4699804058e+00 4.4000000000e-01 1.0532848161e-01
     vertex 2.4699804058e+00 4.4000000000e-01 1.0266424081e-01
   endloop
 endfacet
 facet normal  0.0000000000e+00 1.0000000000e+00 0.0000000000e+00
   outer loop
     vertex 2.4699804058e+00 4.4000000000e-01 1.0532848161e-01
     vertex 2.4787416599e+00 4.4000000000e-01 1.0299950147e-01
     vertex 2.4699804058e+00 4.4000000000e-01 1.0266424081e-01
   endloop
 endfacet
 facet normal  0.0000000000e+00 1.0000000000e+00 0.0000000000e+00
   outer loop
     vertex 2.4699804058e+00 4.4000000000e-01 1.0532848161e-01
     vertex 2.4787416599e+00 4.4000000000e-01 1.0599900294e-01
     vertex 2.4787416599e+00 4.4000000000e-01 1.0299950147e-01
   endloop
 endfacet
 facet normal  5.0694538033e-15 1.0000000000e+00 0.0000000000e+00
   outer loop
     vertex 2.4787416599e+00 4.4000000000e-01 1.0599900294e-01
     vertex 2.4896917846e+00 4.4000000000e-01 1.0314742021e-01
     vertex 2.4787416599e+00 4.4000000000e-01 1.0299950147e-01
   endloop
 endfacet
 facet normal  5.0694538033e-15 1.0000000000e+00 0.0000000000e+00
   outer loop
     vertex 2.4787416599e+00 4.4000000000e-01 1.0599900294e-01
     vertex 2.4896917846e+00 4.4000000000e-01 1.0629484042e-01
     vertex 2.4896917846e+00 4.4000000000e-01 1.0314742021e-01
   endloop
 endfacet
 facet normal  0.0000000000e+00 1.0000000000e+00 0.0000000000e+00
   outer loop
     vertex 2.4896917846e+00 4.4000000000e-01 1.0629484042e-01
     vertex 2.5024940903e+00 4.4000000000e-01 1.0307378790e-01
     vertex 2.4896917846e+00 4.4000000000e-01 1.0314742021e-01
   endloop
 endfacet
 facet normal  0.0000000000e+00 1.0000000000e+00 0.0000000000e+00
   outer loop
     vertex 2.4896917846e+00 4.4000000000e-01 1.0629484042e-01
     vertex 2.5024940903e+00 4.4000000000e-01 1.0614757580e-01
     vertex 2.5024940903e+00 4.4000000000e-01 1.0307378790e-01
   endloop
 endfacet
 facet normal  0.0000000000e+00 1.0000000000e+00 0.0000000000e+00
   outer loop
     vertex 2.5024940903e+00 4.4000000000e-01 1.0614757580e-01
     vertex 2.5163663070e+00 4.4000000000e-01 1.0279022430e-01
     vertex 2.5024940903e+00 4.4000000000e-01 1.0307378790e-01
   endloop
 endfacet
 facet normal  0.0000000000e+00 1.0000000000e+00 0.0000000000e+00
   outer loop
     vertex 2.5024940903e+00 4.4000000000e-01 1.0614757580e-01
     vertex 2.5163663070e+00 4.4000000000e-01 1.0558044861e-01
     vertex 2.5163663070e+00 4.4000000000e-01 1.0279022430e-01
   endloop
 endfacet
 facet normal  0.0000000000e+00 1.0000000000e+00 0.0000000000e+00
   outer loop
     vertex 2.5163663070e+00 4.4000000000e-01 1.0558044861e-01
     vertex 2.5302233075e+00 4.4000000000e-01 1.0471558627e-01
     vertex 2.5163663070e+00 4.4000000000e-01 1.0279022430e-01
   endloop
 endfacet
 facet normal  0.0000000000e+00 1.0000000000e+00 0.0000000000e+00
   outer loop
     vertex 2.5163663070e+00 4.4000000000e-01 1.0279022430e-01
     vertex 2.5302233075e+00 4.4000000000e-01 1.0471558627e-01
     vertex 2.5302233075e+00 4.4000000000e-01 1.0235779313e-01
   endloop
 endfacet
 facet normal  -4.3486987300e-15 1.0000000000e+00 -8.1907532714e-28
   outer loop
     vertex 2.5302233075e+00 4.4000000000e-01 1.0471558627e-01
     vertex 2.5429883102e+00 4.4000000000e-01 1.0372155377e-01
     vertex 2.5302233075e+00 4.4000000000e-01 1.0235779313e-01
   endloop
 endfacet
 facet normal  -4.3486987300e-15 1.0000000000e+00 0.0000000000e+00
   outer loop
     vertex 2.5302233075e+00 4.4000000000e-01 1.0235779313e-01
     vertex 2.5429883102e+00 4.4000000000e-01 1.0372155377e-01
     vertex 2.5429883102e+00 4.4000000000e-01 1.0186077689e-01
   endloop
 endfacet
 facet normal  0.0000000000e+00 1.0000000000e+00 0.0000000000e+00
   outer loop
     vertex 2.5429883102e+00 4.4000000000e-01 1.0372155377e-01
     vertex 2.5538999319e+00 4.4000000000e-01 1.0274880304e-01
     vertex 2.5429883102e+00 4.4000000000e-01 1.0186077689e-01
   endloop
 endfacet
 facet normal  0.0000000000e+00 1.0000000000e+00 0.0000000000e+00
   outer loop
     vertex 2.5429883102e+00 4.4000000000e-01 1.0186077689e-01
     vertex 2.5538999319e+00 4.4000000000e-01 1.0274880304e-01
     vertex 2.5538999319e+00 4.4000000000e-01 1.0137440152e-01
   endloop
 endfacet
 facet normal  0.0000000000e+00 1.0000000000e+00 0.0000000000e+00
   outer loop
     vertex 2.5538999319e+00 4.4000000000e-01 1.0274880304e-01
     vertex 2.5626462889e+00 4.4000000000e-01 1.0189467332e-01
     vertex 2.5538999319e+00 4.4000000000e-01 1.0137440152e-01
   endloop
 endfacet
 facet normal  0.0000000000e+00 1.0000000000e+00 0.0000000000e+00
   outer loop
     vertex 2.5538999319e+00 4.4000000000e-01 1.0137440152e-01
     vertex 2.5626462889e+00 4.4000000000e-01 1.0189467332e-01
     vertex 2.5626462889e+00 4.4000000000e-01 1.0094733666e-01
   endloop
 endfacet
 facet normal  1.6679536239e-14 1.0000000000e+00 0.0000000000e+00
   outer loop
     vertex 2.5626462889e+00 4.4000000000e-01 1.0189467332e-01
     vertex 2.5693024873e+00 4.4000000000e-01 1.0120113114e-01
     vertex 2.5626462889e+00 4.4000000000e-01 1.0094733666e-01
   endloop
 endfacet
 facet normal  1.6679536239e-14 1.0000000000e+00 -1.2333710773e-26
   outer loop
     vertex 2.5626462889e+00 4.4000000000e-01 1.0094733666e-01
     vertex 2.5693024873e+00 4.4000000000e-01 1.0120113114e-01
     vertex 2.5693024873e+00 4.4000000000e-01 1.0060056557e-01
   endloop
 endfacet
 facet normal  0.0000000000e+00 1.0000000000e+00 0.0000000000e+00
   outer loop
     vertex 2.5693024873e+00 4.4000000000e-01 1.0120113114e-01
     vertex 2.5741706309e+00 4.4000000000e-01 1.0066936034e-01
     vertex 2.5693024873e+00 4.4000000000e-01 1.0060056557e-01
   endloop
 endfacet
 facet normal  0.0000000000e+00 1.0000000000e+00 0.0000000000e+00
   outer loop
     vertex 2.5693024873e+00 4.4000000000e-01 1.0060056557e-01
     vertex 2.5741706309e+00 4.4000000000e-01 1.0066936034e-01
     vertex 2.5741706309e+00 4.4000000000e-01 1.0033468017e-01
   endloop
 endfacet
 facet normal  -1.6053399172e-14 1.0000000000e+00 0.0000000000e+00
   outer loop
     vertex 2.5741706309e+00 4.4000000000e-01 1.0066936034e-01
     vertex 2.5776285372e+00 4.4000000000e-01 1.0027851617e-01
     vertex 2.5741706309e+00 4.4000000000e-01 1.0033468017e-01
   endloop
 endfacet
 facet normal  -1.6053399172e-14 1.0000000000e+00 0.0000000000e+00
   outer loop
     vertex 2.5741706309e+00 4.4000000000e-01 1.0033468017e-01
     vertex 2.5776285372e+00 4.4000000000e-01 1.0027851617e-01
     vertex 2.5776285372e+00 4.4000000000e-01 1.0013925808e-01
   endloop
 endfacet
 facet normal  0.0000000000e+00 1.0000000000e+00 0.0000000000e+00
   outer loop
     vertex 2.5776285372e+00 4.4000000000e-01 1.0027851617e-01
     vertex 2.5800341184e+00 4.4000000000e-01 1.0000000000e-01
     vertex 2.5776285372e+00 4.4000000000e-01 1.0013925808e-01
   endloop
 endfacet
 facet normal  0.0000000000e+00 1.0000000000e+00 0.0000000000e+00
   outer loop
     vertex 2.5800341184e+00 4.4000000000e-01 1.0000000000e-01
     vertex 2.5776285372e+00 4.4000000000e-01 9.9860741917e-02
     vertex 2.5776285372e+00 4.4000000000e-01 1.0000000000e-01
   endloop
 endfacet
 facet normal  -0.0000000000e+00 1.0000000000e+00 0.0000000000e+00
   outer loop
     vertex 2.5776285372e+00 4.4000000000e-01 9.9860741917e-02
     vertex 2.5741706309e+00 4.4000000000e-01 1.0000000000e-01
     vertex 2.5776285372e+00 4.4000000000e-01 1.0000000000e-01
   endloop
 endfacet
 facet normal  0.0000000000e+00 1.0000000000e+00 0.0000000000e+00
   outer loop
     vertex 2.5776285372e+00 4.4000000000e-01 9.9860741917e-02
     vertex 2.5741706309e+00 4.4000000000e-01 9.9665319829e-02
     vertex 2.5741706309e+00 4.4000000000e-01 1.0000000000e-01
   endloop
 endfacet
 facet normal  1.1402940387e-14 1.0000000000e+00 0.0000000000e+00
   outer loop
     vertex 2.5741706309e+00 4.4000000000e-01 9.9665319829e-02
     vertex 2.5693024873e+00 4.4000000000e-01 1.0000000000e-01
     vertex 2.5741706309e+00 4.4000000000e-01 1.0000000000e-01
   endloop
 endfacet
 facet normal  1.1402940387e-14 1.0000000000e+00 -0.0000000000e+00
   outer loop
     vertex 2.5741706309e+00 4.4000000000e-01 9.9665319829e-02
     vertex 2.5693024873e+00 4.4000000000e-01 9.9399434428e-02
     vertex 2.5693024873e+00 4.4000000000e-01 1.0000000000e-01
   endloop
 endfacet
 facet normal  8.3397681195e-15 1.0000000000e+00 0.0000000000e+00
   outer loop
     vertex 2.5693024873e+00 4.4000000000e-01 9.9399434428e-02
     vertex 2.5626462889e+00 4.4000000000e-01 1.0000000000e-01
     vertex 2.5693024873e+00 4.4000000000e-01 1.0000000000e-01
   endloop
 endfacet
 facet normal  8.3397681195e-15 1.0000000000e+00 -0.0000000000e+00
   outer loop
     vertex 2.5693024873e+00 4.4000000000e-01 9.9399434428e-02
     vertex 2.5626462889e+00 4.4000000000e-01 9.9052663342e-02
     vertex 2.5626462889e+00 4.4000000000e-01 1.0000000000e-01
   endloop
 endfacet
 facet normal  -1.2693548028e-14 1.0000000000e+00 0.0000000000e+00
   outer loop
     vertex 2.5626462889e+00 4.4000000000e-01 9.9052663342e-02
     vertex 2.5538999319e+00 4.4000000000e-01 1.0000000000e-01
     vertex 2.5626462889e+00 4.4000000000e-01 1.0000000000e-01
   endloop
 endfacet
 facet normal  -1.2693548028e-14 1.0000000000e+00 0.0000000000e+00
   outer loop
     vertex 2.5626462889e+00 4.4000000000e-01 9.9052663342e-02
     vertex 2.5538999319e+00 4.4000000000e-01 9.8625598478e-02
     vertex 2.5538999319e+00 4.4000000000e-01 1.0000000000e-01
   endloop
 endfacet
 facet normal  -0.0000000000e+00 1.0000000000e+00 0.0000000000e+00
   outer loop
     vertex 2.5538999319e+00 4.4000000000e-01 9.8625598478e-02
     vertex 2.5429883102e+00 4.4000000000e-01 1.0000000000e-01
     vertex 2.5538999319e+00 4.4000000000e-01 1.0000000000e-01
   endloop
 endfacet
 facet normal  0.0000000000e+00 1.0000000000e+00 0.0000000000e+00
   outer loop
     vertex 2.5538999319e+00 4.4000000000e-01 9.8625598478e-02
     vertex 2.5429883102e+00 4.4000000000e-01 9.8139223114e-02
     vertex 2.5429883102e+00 4.4000000000e-01 1.0000000000e-01
   endloop
 endfacet
 facet normal  -0.0000000000e+00 1.0000000000e+00 0.0000000000e+00
   outer loop
     vertex 2.5429883102e+00 4.4000000000e-01 9.8139223114e-02
     vertex 2.5302233075e+00 4.4000000000e-01 1.0000000000e-01
     vertex 2.5429883102e+00 4.4000000000e-01 1.0000000000e-01
   endloop
 endfacet
 facet normal  0.0000000000e+00 1.0000000000e+00 0.0000000000e+00
   outer loop
     vertex 2.5429883102e+00 4.4000000000e-01 9.8139223114e-02
     vertex 2.5302233075e+00 4.4000000000e-01 9.7642206866e-02
     vertex 2.5302233075e+00 4.4000000000e-01 1.0000000000e-01
   endloop
 endfacet
 facet normal  -0.0000000000e+00 1.0000000000e+00 0.0000000000e+00
   outer loop
     vertex 2.5302233075e+00 4.4000000000e-01 9.7642206866e-02
     vertex 2.5163663070e+00 4.4000000000e-01 1.0000000000e-01
     vertex 2.5302233075e+00 4.4000000000e-01 1.0000000000e-01
   endloop
 endfacet
 facet normal  0.0000000000e+00 1.0000000000e+00 0.0000000000e+00
   outer loop
     vertex 2.5302233075e+00 4.4000000000e-01 9.7642206866e-02
     vertex 2.5163663070e+00 4.4000000000e-01 9.7209775696e-02
     vertex 2.5163663070e+00 4.4000000000e-01 1.0000000000e-01
   endloop
 endfacet
 facet normal  0.0000000000e+00 1.0000000000e+00 0.0000000000e+00
   outer loop
     vertex 2.5163663070e+00 4.4000000000e-01 9.7209775696e-02
     vertex 2.5024940903e+00 4.4000000000e-01 9.6926212101e-02
     vertex 2.5163663070e+00 4.4000000000e-01 1.0000000000e-01
   endloop
 endfacet
 facet normal  0.0000000000e+00 1.0000000000e+00 0.0000000000e+00
   outer loop
     vertex 2.5163663070e+00 4.4000000000e-01 1.0000000000e-01
     vertex 2.5024940903e+00 4.4000000000e-01 9.6926212101e-02
     vertex 2.5024940903e+00 4.4000000000e-01 1.0000000000e-01
   endloop
 endfacet
 facet normal  4.3360276144e-15 1.0000000000e+00 0.0000000000e+00
   outer loop
     vertex 2.5024940903e+00 4.4000000000e-01 9.6926212101e-02
     vertex 2.4896917846e+00 4.4000000000e-01 9.6852579790e-02
     vertex 2.5024940903e+00 4.4000000000e-01 1.0000000000e-01
   endloop
 endfacet
 facet normal  4.3360276144e-15 1.0000000000e+00 -0.0000000000e+00
   outer loop
     vertex 2.5024940903e+00 4.4000000000e-01 1.0000000000e-01
     vertex 2.4896917846e+00 4.4000000000e-01 9.6852579790e-02
     vertex 2.4896917846e+00 4.4000000000e-01 1.0000000000e-01
   endloop
 endfacet
 facet normal  -5.0694538033e-15 1.0000000000e+00 0.0000000000e+00
   outer loop
     vertex 2.4896917846e+00 4.4000000000e-01 9.6852579790e-02
     vertex 2.4787416599e+00 4.4000000000e-01 9.7000498530e-02
     vertex 2.4896917846e+00 4.4000000000e-01 1.0000000000e-01
   endloop
 endfacet
 facet normal  -5.0694538033e-15 1.0000000000e+00 0.0000000000e+00
   outer loop
     vertex 2.4896917846e+00 4.4000000000e-01 1.0000000000e-01
     vertex 2.4787416599e+00 4.4000000000e-01 9.7000498530e-02
     vertex 2.4787416599e+00 4.4000000000e-01 1.0000000000e-01
   endloop
 endfacet
 facet normal  -6.3359823723e-15 1.0000000000e+00 0.0000000000e+00
   outer loop
     vertex 2.4787416599e+00 4.4000000000e-01 9.7000498530e-02
     vertex 2.4699804058e+00 4.4000000000e-01 9.7335759194e-02
     vertex 2.4787416599e+00 4.4000000000e-01 1.0000000000e-01
   endloop
 endfacet
 facet normal  -6.3359823723e-15 1.0000000000e+00 -1.0561137715e-27
   outer loop
     vertex 2.4787416599e+00 4.4000000000e-01 1.0000000000e-01
     vertex 2.4699804058e+00 4.4000000000e-01 9.7335759194e-02
     vertex 2.4699804058e+00 4.4000000000e-01 1.0000000000e-01
   endloop
 endfacet
 facet normal  8.3800236586e-15 1.0000000000e+00 1.3968249706e-27
   outer loop
     vertex 2.4699804058e+00 4.4000000000e-01 9.7335759194e-02
     vertex 2.4633561822e+00 4.4000000000e-01 9.7806172186e-02
     vertex 2.4699804058e+00 4.4000000000e-01 1.0000000000e-01
   endloop
 endfacet
 facet normal  8.3800236586e-15 1.0000000000e+00 -0.0000000000e+00
   outer loop
     vertex 2.4699804058e+00 4.4000000000e-01 1.0000000000e-01
     vertex 2.4633561822e+00 4.4000000000e-01 9.7806172186e-02
     vertex 2.4633561822e+00 4.4000000000e-01 1.0000000000e-01
   endloop
 endfacet
 facet normal  -0.0000000000e+00 1.0000000000e+00 0.0000000000e+00
   outer loop
     vertex 2.4633561822e+00 4.4000000000e-01 9.7806172186e-02
     vertex 2.4585964399e+00 4.4000000000e-01 9.8376046789e-02
     vertex 2.4633561822e+00 4.4000000000e-01 1.0000000000e-01
   endloop
 endfacet
 facet normal  0.0000000000e+00 1.0000000000e+00 0.0000000000e+00
   outer loop
     vertex 2.4633561822e+00 4.4000000000e-01 1.0000000000e-01
     vertex 2.4585964399e+00 4.4000000000e-01 9.8376046789e-02
     vertex 2.4585964399e+00 4.4000000000e-01 1.0000000000e-01
   endloop
 endfacet
 facet normal  -0.0000000000e+00 1.0000000000e+00 0.0000000000e+00
   outer loop
     vertex 2.4585964399e+00 4.4000000000e-01 9.8376046789e-02
     vertex 2.4554108816e+00 4.4000000000e-01 9.9064478330e-02
     vertex 2.4585964399e+00 4.4000000000e-01 1.0000000000e-01
   endloop
 endfacet
 facet normal  0.0000000000e+00 1.0000000000e+00 0.0000000000e+00
   outer loop
     vertex 2.4585964399e+00 4.4000000000e-01 1.0000000000e-01
     vertex 2.4554108816e+00 4.4000000000e-01 9.9064478330e-02
     vertex 2.4554108816e+00 4.4000000000e-01 1.0000000000e-01
   endloop
 endfacet
 facet normal  -0.0000000000e+00 1.0000000000e+00 0.0000000000e+00
   outer loop
     vertex 2.4554108816e+00 4.4000000000e-01 9.9064478330e-02
     vertex 2.4540341184e+00 4.4000000000e-01 1.0000000000e-01
     vertex 2.4554108816e+00 4.4000000000e-01 1.0000000000e-01
   endloop
 endfacet
 facet normal  0.0000000000e+00 1.0000000000e+00 0.0000000000e+00
   outer loop
     vertex 2.4540341184e+00 4.4000000000e-01 1.0000000000e-01
     vertex 2.4554108816e+00 4.4000000000e-01 1.0093552167e-01
     vertex 2.4554108816e+00 4.4000000000e-01 1.0000000000e-01
   endloop
 endfacet
 facet normal  0.0000000000e+00 1.0000000000e+00 0.0000000000e+00
   outer loop
     vertex 2.4554108816e+00 4.4000000000e-01 1.0093552167e-01
     vertex 2.4585964399e+00 4.4000000000e-01 1.0000000000e-01
     vertex 2.4554108816e+00 4.4000000000e-01 1.0000000000e-01
   endloop
 endfacet
 facet normal  0.0000000000e+00 1.0000000000e+00 0.0000000000e+00
   outer loop
     vertex 2.4554108816e+00 4.4000000000e-01 1.0093552167e-01
     vertex 2.4585964399e+00 4.4000000000e-01 1.0162395321e-01
     vertex 2.4585964399e+00 4.4000000000e-01 1.0000000000e-01
   endloop
 endfacet
 facet normal  -2.3325275961e-14 1.0000000000e+00 0.0000000000e+00
   outer loop
     vertex 2.4585964399e+00 4.4000000000e-01 1.0162395321e-01
     vertex 2.4633561822e+00 4.4000000000e-01 1.0000000000e-01
     vertex 2.4585964399e+00 4.4000000000e-01 1.0000000000e-01
   endloop
 endfacet
 facet normal  -2.3325275961e-14 1.0000000000e+00 0.0000000000e+00
   outer loop
     vertex 2.4585964399e+00 4.4000000000e-01 1.0162395321e-01
     vertex 2.4633561822e+00 4.4000000000e-01 1.0219382781e-01
     vertex 2.4633561822e+00 4.4000000000e-01 1.0000000000e-01
   endloop
 endfacet
 facet normal  8.3800236586e-15 1.0000000000e+00 0.0000000000e+00
   outer loop
     vertex 2.4633561822e+00 4.4000000000e-01 1.0219382781e-01
     vertex 2.4699804058e+00 4.4000000000e-01 1.0000000000e-01
     vertex 2.4633561822e+00 4.4000000000e-01 1.0000000000e-01
   endloop
 endfacet
 facet normal  8.3800236586e-15 1.0000000000e+00 0.0000000000e+00
   outer loop
     vertex 2.4633561822e+00 4.4000000000e-01 1.0219382781e-01
     vertex 2.4699804058e+00 4.4000000000e-01 1.0266424081e-01
     vertex 2.4699804058e+00 4.4000000000e-01 1.0000000000e-01
   endloop
 endfacet
 facet normal  0.0000000000e+00 1.0000000000e+00 0.0000000000e+00
   outer loop
     vertex 2.4699804058e+00 4.4000000000e-01 1.0266424081e-01
     vertex 2.4787416599e+00 4.4000000000e-01 1.0000000000e-01
     vertex 2.4699804058e+00 4.4000000000e-01 1.0000000000e-01
   endloop
 endfacet
 facet normal  0.0000000000e+00 1.0000000000e+00 0.0000000000e+00
   outer loop
     vertex 2.4699804058e+00 4.4000000000e-01 1.0266424081e-01
     vertex 2.4787416599e+00 4.4000000000e-01 1.0299950147e-01
     vertex 2.4787416599e+00 4.4000000000e-01 1.0000000000e-01
   endloop
 endfacet
 facet normal  5.0694538033e-15 1.0000000000e+00 0.0000000000e+00
   outer loop
     vertex 2.4787416599e+00 4.4000000000e-01 1.0299950147e-01
     vertex 2.4896917846e+00 4.4000000000e-01 1.0000000000e-01
     vertex 2.4787416599e+00 4.4000000000e-01 1.0000000000e-01
   endloop
 endfacet
 facet normal  5.0694538033e-15 1.0000000000e+00 0.0000000000e+00
   outer loop
     vertex 2.4787416599e+00 4.4000000000e-01 1.0299950147e-01
     vertex 2.4896917846e+00 4.4000000000e-01 1.0314742021e-01
     vertex 2.4896917846e+00 4.4000000000e-01 1.0000000000e-01
   endloop
 endfacet
 facet normal  0.0000000000e+00 1.0000000000e+00 0.0000000000e+00
   outer loop
     vertex 2.4896917846e+00 4.4000000000e-01 1.0314742021e-01
     vertex 2.5024940903e+00 4.4000000000e-01 1.0000000000e-01
     vertex 2.4896917846e+00 4.4000000000e-01 1.0000000000e-01
   endloop
 endfacet
 facet normal  0.0000000000e+00 1.0000000000e+00 0.0000000000e+00
   outer loop
     vertex 2.4896917846e+00 4.4000000000e-01 1.0314742021e-01
     vertex 2.5024940903e+00 4.4000000000e-01 1.0307378790e-01
     vertex 2.5024940903e+00 4.4000000000e-01 1.0000000000e-01
   endloop
 endfacet
 facet normal  0.0000000000e+00 1.0000000000e+00 0.0000000000e+00
   outer loop
     vertex 2.5024940903e+00 4.4000000000e-01 1.0307378790e-01
     vertex 2.5163663070e+00 4.4000000000e-01 1.0000000000e-01
     vertex 2.5024940903e+00 4.4000000000e-01 1.0000000000e-01
   endloop
 endfacet
 facet normal  0.0000000000e+00 1.0000000000e+00 0.0000000000e+00
   outer loop
     vertex 2.5024940903e+00 4.4000000000e-01 1.0307378790e-01
     vertex 2.5163663070e+00 4.4000000000e-01 1.0279022430e-01
     vertex 2.5163663070e+00 4.4000000000e-01 1.0000000000e-01
   endloop
 endfacet
 facet normal  0.0000000000e+00 1.0000000000e+00 0.0000000000e+00
   outer loop
     vertex 2.5163663070e+00 4.4000000000e-01 1.0279022430e-01
     vertex 2.5302233075e+00 4.4000000000e-01 1.0235779313e-01
     vertex 2.5163663070e+00 4.4000000000e-01 1.0000000000e-01
   endloop
 endfacet
 facet normal  0.0000000000e+00 1.0000000000e+00 0.0000000000e+00
   outer loop
     vertex 2.5163663070e+00 4.4000000000e-01 1.0000000000e-01
     vertex 2.5302233075e+00 4.4000000000e-01 1.0235779313e-01
     vertex 2.5302233075e+00 4.4000000000e-01 1.0000000000e-01
   endloop
 endfacet
 facet normal  -4.3486987300e-15 1.0000000000e+00 0.0000000000e+00
   outer loop
     vertex 2.5302233075e+00 4.4000000000e-01 1.0235779313e-01
     vertex 2.5429883102e+00 4.4000000000e-01 1.0186077689e-01
     vertex 2.5302233075e+00 4.4000000000e-01 1.0000000000e-01
   endloop
 endfacet
 facet normal  -4.3486987300e-15 1.0000000000e+00 0.0000000000e+00
   outer loop
     vertex 2.5302233075e+00 4.4000000000e-01 1.0000000000e-01
     vertex 2.5429883102e+00 4.4000000000e-01 1.0186077689e-01
     vertex 2.5429883102e+00 4.4000000000e-01 1.0000000000e-01
   endloop
 endfacet
 facet normal  0.0000000000e+00 1.0000000000e+00 0.0000000000e+00
   outer loop
     vertex 2.5429883102e+00 4.4000000000e-01 1.0186077689e-01
     vertex 2.5538999319e+00 4.4000000000e-01 1.0137440152e-01
     vertex 2.5429883102e+00 4.4000000000e-01 1.0000000000e-01
   endloop
 endfacet
 facet normal  0.0000000000e+00 1.0000000000e+00 0.0000000000e+00
   outer loop
     vertex 2.5429883102e+00 4.4000000000e-01 1.0000000000e-01
     vertex 2.5538999319e+00 4.4000000000e-01 1.0137440152e-01
     vertex 2.5538999319e+00 4.4000000000e-01 1.0000000000e-01
   endloop
 endfacet
 facet normal  0.0000000000e+00 1.0000000000e+00 0.0000000000e+00
   outer loop
     vertex 2.5538999319e+00 4.4000000000e-01 1.0137440152e-01
     vertex 2.5626462889e+00 4.4000000000e-01 1.0094733666e-01
     vertex 2.5538999319e+00 4.4000000000e-01 1.0000000000e-01
   endloop
 endfacet
 facet normal  0.0000000000e+00 1.0000000000e+00 0.0000000000e+00
   outer loop
     vertex 2.5538999319e+00 4.4000000000e-01 1.0000000000e-01
     vertex 2.5626462889e+00 4.4000000000e-01 1.0094733666e-01
     vertex 2.5626462889e+00 4.4000000000e-01 1.0000000000e-01
   endloop
 endfacet
 facet normal  1.6679536239e-14 1.0000000000e+00 0.0000000000e+00
   outer loop
     vertex 2.5626462889e+00 4.4000000000e-01 1.0094733666e-01
     vertex 2.5693024873e+00 4.4000000000e-01 1.0060056557e-01
     vertex 2.5626462889e+00 4.4000000000e-01 1.0000000000e-01
   endloop
 endfacet
 facet normal  1.6679536239e-14 1.0000000000e+00 0.0000000000e+00
   outer loop
     vertex 2.5626462889e+00 4.4000000000e-01 1.0000000000e-01
     vertex 2.5693024873e+00 4.4000000000e-01 1.0060056557e-01
     vertex 2.5693024873e+00 4.4000000000e-01 1.0000000000e-01
   endloop
 endfacet
 facet normal  0.0000000000e+00 1.0000000000e+00 0.0000000000e+00
   outer loop
     vertex 2.5693024873e+00 4.4000000000e-01 1.0060056557e-01
     vertex 2.5741706309e+00 4.4000000000e-01 1.0033468017e-01
     vertex 2.5693024873e+00 4.4000000000e-01 1.0000000000e-01
   endloop
 endfacet
 facet normal  0.0000000000e+00 1.0000000000e+00 0.0000000000e+00
   outer loop
     vertex 2.5693024873e+00 4.4000000000e-01 1.0000000000e-01
     vertex 2.5741706309e+00 4.4000000000e-01 1.0033468017e-01
     vertex 2.5741706309e+00 4.4000000000e-01 1.0000000000e-01
   endloop
 endfacet
 facet normal  -1.6053399172e-14 1.0000000000e+00 0.0000000000e+00
   outer loop
     vertex 2.5741706309e+00 4.4000000000e-01 1.0033468017e-01
     vertex 2.5776285372e+00 4.4000000000e-01 1.0013925808e-01
     vertex 2.5741706309e+00 4.4000000000e-01 1.0000000000e-01
   endloop
 endfacet
 facet normal  -1.6053399172e-14 1.0000000000e+00 0.0000000000e+00
   outer loop
     vertex 2.5741706309e+00 4.4000000000e-01 1.0000000000e-01
     vertex 2.5776285372e+00 4.4000000000e-01 1.0013925808e-01
     vertex 2.5776285372e+00 4.4000000000e-01 1.0000000000e-01
   endloop
 endfacet
 facet normal  0.0000000000e+00 1.0000000000e+00 0.0000000000e+00
   outer loop
     vertex 2.5776285372e+00 4.4000000000e-01 1.0013925808e-01
     vertex 2.5800341184e+00 4.4000000000e-01 1.0000000000e-01
     vertex 2.5776285372e+00 4.4000000000e-01 1.0000000000e-01
   endloop
 endfacet
 facet normal  1.1497157669e-01 2.6138818910e-02 -9.9302482280e-01
   outer loop
     vertex 2.4800000000e+00 0.0000000000e+00 1.0000000000e-01
     vertex 2.5000068237e+00 -8.8000000000e-02 1.0000000000e-01
     vertex 2.4746542640e+00 0.0000000000e+00 9.9381075188e-02
   endloop
 endfacet
 facet normal  1.1497157669e-01 2.6138818910e-02 -9.9302482280e-01
   outer loop
     vertex 2.5000068237e+00 -8.8000000000e-02 1.0000000000e-01
     vertex 2.4952491186e+00 -8.8000000000e-02 9.9449156917e-02
     vertex 2.4746542640e+00 0.0000000000e+00 9.9381075188e-02
   endloop
 endfacet
 facet normal  1.1227743165e-01 2.5508050429e-02 -9.9334944390e-01
   outer loop
     vertex 2.4746542640e+00 0.0000000000e+00 9.9381075188e-02
     vertex 2.4952491186e+00 -8.8000000000e-02 9.9449156917e-02
     vertex 2.4669700276e+00 0.0000000000e+00 9.8512532572e-02
   endloop
 endfacet
 facet normal  1.1227743165e-01 2.5508050429e-02 -9.9334944390e-01
   outer loop
     vertex 2.4952491186e+00 -8.8000000000e-02 9.9449156917e-02
     vertex 2.4884101482e+00 -8.8000000000e-02 9.8676153989e-02
     vertex 2.4669700276e+00 0.0000000000e+00 9.8512532572e-02
   endloop
 endfacet
 facet normal  1.0855602573e-01 2.4600564017e-02 -9.9378589320e-01
   outer loop
     vertex 2.4669700276e+00 0.0000000000e+00 9.8512532572e-02
     vertex 2.4884101482e+00 -8.8000000000e-02 9.8676153989e-02
     vertex 2.4561519307e+00 0.0000000000e+00 9.7330819679e-02
   endloop
 endfacet
 facet normal  1.0855602573e-01 2.4600564017e-02 -9.9378589320e-01
   outer loop
     vertex 2.4884101482e+00 -8.8000000000e-02 9.8676153989e-02
     vertex 2.4787820420e+00 -8.8000000000e-02 9.7624429514e-02
     vertex 2.4561519307e+00 0.0000000000e+00 9.7330819679e-02
   endloop
 endfacet
 facet normal  1.0360570334e-01 2.3325672252e-02 -9.9434489552e-01
   outer loop
     vertex 2.4561519307e+00 0.0000000000e+00 9.7330819679e-02
     vertex 2.4787820420e+00 -8.8000000000e-02 9.7624429514e-02
     vertex 2.4413603787e+00 0.0000000000e+00 9.5789614855e-02
   endloop
 endfacet
 facet normal  1.0360570334e-01 2.3325672252e-02 -9.9434489552e-01
   outer loop
     vertex 2.4787820420e+00 -8.8000000000e-02 9.7624429514e-02
     vertex 2.4656175607e+00 -8.8000000000e-02 9.6252757221e-02
     vertex 2.4413603787e+00 0.0000000000e+00 9.5789614855e-02
   endloop
 endfacet
 facet normal  9.7170571146e-02 2.1548200267e-02 -9.9503444924e-01
   outer loop
     vertex 2.4413603787e+00 0.0000000000e+00 9.5789614855e-02
     vertex 2.4656175607e+00 -8.8000000000e-02 9.6252757221e-02
     vertex 2.4219240298e+00 0.0000000000e+00 9.3891548793e-02
   endloop
 endfacet
 facet normal  9.7170571146e-02 2.1548200267e-02 -9.9503444924e-01
   outer loop
     vertex 2.4656175607e+00 -8.8000000000e-02 9.6252757221e-02
     vertex 2.4483192102e+00 -8.8000000000e-02 9.4563478425e-02
     vertex 2.4219240298e+00 0.0000000000e+00 9.3891548793e-02
   endloop
 endfacet
 facet normal  8.8779914321e-02 1.9025086248e-02 -9.9586955617e-01
   outer loop
     vertex 2.4219240298e+00 0.0000000000e+00 9.3891548793e-02
     vertex 2.4483192102e+00 -8.8000000000e-02 9.4563478425e-02
     vertex 2.3976759817e+00 0.0000000000e+00 9.1729880506e-02
   endloop
 endfacet
 facet normal  8.8779914321e-02 1.9025086248e-02 -9.9586955617e-01
   outer loop
     vertex 2.4483192102e+00 -8.8000000000e-02 9.4563478425e-02
     vertex 2.4267384474e+00 -8.8000000000e-02 9.2639593650e-02
     vertex 2.3976759817e+00 0.0000000000e+00 9.1729880506e-02
   endloop
 endfacet
 facet normal  7.7627538666e-02 1.5331669405e-02 -9.9686453701e-01
   outer loop
     vertex 2.3976759817e+00 0.0000000000e+00 9.1729880506e-02
     vertex 2.4267384474e+00 -8.8000000000e-02 9.2639593650e-02
     vertex 2.3693093089e+00 0.0000000000e+00 8.9520919403e-02
   endloop
 endfacet
 facet normal  7.7627538666e-02 1.5331669405e-02 -9.9686453701e-01
   outer loop
     vertex 2.4267384474e+00 -8.8000000000e-02 9.2639593650e-02
     vertex 2.4014921086e+00 -8.8000000000e-02 9.0673618268e-02
     vertex 2.3693093089e+00 0.0000000000e+00 8.9520919403e-02
   endloop
 endfacet
 facet normal  6.2289243067e-02 9.7072291431e-03 -9.9801093175e-01
   outer loop
     vertex 2.3693093089e+00 0.0000000000e+00 8.9520919403e-02
     vertex 2.4014921086e+00 -8.8000000000e-02 9.0673618268e-02
     vertex 2.3385159746e+00 0.0000000000e+00 8.7599003092e-02
   endloop
 endfacet
 facet normal  6.2289243067e-02 9.7072291431e-03 -9.9801093175e-01
   outer loop
     vertex 2.4014921086e+00 -8.8000000000e-02 9.0673618268e-02
     vertex 2.3740860411e+00 -8.8000000000e-02 8.8963112752e-02
     vertex 2.3385159746e+00 0.0000000000e+00 8.7599003092e-02
   endloop
 endfacet
 facet normal  4.0848089624e-02 1.0227141681e-03 -9.9916484507e-01
   outer loop
     vertex 2.3385159746e+00 0.0000000000e+00 8.7599003092e-02
     vertex 2.3740860411e+00 -8.8000000000e-02 8.8963112752e-02
     vertex 2.3466498792e+00 -8.8000000000e-02 8.7841461200e-02
   endloop
 endfacet
 facet normal  4.0848089624e-02 1.0227141681e-03 -9.9916484507e-01
   outer loop
     vertex 2.3385159746e+00 0.0000000000e+00 8.7599003092e-02
     vertex 2.3466498792e+00 -8.8000000000e-02 8.7841461200e-02
     vertex 2.3076888264e+00 0.0000000000e+00 8.6338720450e-02
   endloop
 endfacet
 facet normal  1.1501389815e-02 -1.1982127415e-02 -9.9986206381e-01
   outer loop
     vertex 2.3076888264e+00 0.0000000000e+00 8.6338720450e-02
     vertex 2.3466498792e+00 -8.8000000000e-02 8.7841461200e-02
     vertex 2.3213297634e+00 -8.8000000000e-02 8.7550204503e-02
   endloop
 endfacet
 facet normal  1.1501389815e-02 -1.1982127415e-02 -9.9986206381e-01
   outer loop
     vertex 2.3076888264e+00 0.0000000000e+00 8.6338720450e-02
     vertex 2.3213297634e+00 -8.8000000000e-02 8.7550204503e-02
     vertex 2.2792392581e+00 0.0000000000e+00 8.6011465734e-02
   endloop
 endfacet
 facet normal  -2.6994491272e-02 -3.0382717822e-02 -9.9917375261e-01
   outer loop
     vertex 2.2792392581e+00 0.0000000000e+00 8.6011465734e-02
     vertex 2.3213297634e+00 -8.8000000000e-02 8.7550204503e-02
     vertex 2.2996728501e+00 -8.8000000000e-02 8.8135305297e-02
   endloop
 endfacet
 facet normal  -2.6994491272e-02 -3.0382717822e-02 -9.9917375261e-01
   outer loop
     vertex 2.2792392581e+00 0.0000000000e+00 8.6011465734e-02
     vertex 2.2996728501e+00 -8.8000000000e-02 8.8135305297e-02
     vertex 2.2549056477e+00 0.0000000000e+00 8.6668882357e-02
   endloop
 endfacet
 facet normal  -7.6192437040e-02 -5.5350317042e-02 -9.9555565135e-01
   outer loop
     vertex 2.2549056477e+00 0.0000000000e+00 8.6668882357e-02
     vertex 2.2996728501e+00 -8.8000000000e-02 8.8135305297e-02
     vertex 2.2823450365e+00 -8.8000000000e-02 8.9461447480e-02
   endloop
 endfacet
 facet normal  -7.6192437040e-02 -5.5350317042e-02 -9.9555565135e-01
   outer loop
     vertex 2.2549056477e+00 0.0000000000e+00 8.6668882357e-02
     vertex 2.2823450365e+00 -8.8000000000e-02 8.9461447480e-02
     vertex 2.2354361942e+00 0.0000000000e+00 8.8158929753e-02
   endloop
 endfacet
 facet normal  -1.4005572522e-01 -8.9253195524e-02 -9.8611270194e-01
   outer loop
     vertex 2.2354361942e+00 0.0000000000e+00 8.8158929753e-02
     vertex 2.2823450365e+00 -8.8000000000e-02 8.9461447480e-02
     vertex 2.2692437941e+00 -8.8000000000e-02 9.1322192203e-02
   endloop
 endfacet
 facet normal  -1.4005572522e-01 -8.9253195524e-02 -9.8611270194e-01
   outer loop
     vertex 2.2354361942e+00 0.0000000000e+00 8.8158929753e-02
     vertex 2.2692437941e+00 -8.8000000000e-02 9.1322192203e-02
     vertex 2.2207156971e+00 0.0000000000e+00 9.0249654161e-02
   endloop
 endfacet
 facet normal  -2.3061499915e-01 -1.3891187939e-01 -9.6307850767e-01
   outer loop
     vertex 2.2207156971e+00 0.0000000000e+00 9.0249654161e-02
     vertex 2.2692437941e+00 -8.8000000000e-02 9.1322192203e-02
     vertex 2.2598300816e+00 -8.8000000000e-02 9.3576362855e-02
   endloop
 endfacet
 facet normal  -2.3061499915e-01 -1.3891187939e-01 -9.6307850767e-01
   outer loop
     vertex 2.2207156971e+00 0.0000000000e+00 9.0249654161e-02
     vertex 2.2598300816e+00 -8.8000000000e-02 9.3576362855e-02
     vertex 2.2101384920e+00 0.0000000000e+00 9.2782430175e-02
   endloop
 endfacet
 facet normal  -3.8645556674e-01 -2.2628931962e-01 -8.9411701626e-01
   outer loop
     vertex 2.2101384920e+00 0.0000000000e+00 9.2782430175e-02
     vertex 2.2598300816e+00 -8.8000000000e-02 9.3576362855e-02
     vertex 2.2535297553e+00 -8.8000000000e-02 9.6299492062e-02
   endloop
 endfacet
 facet normal  -3.8645556674e-01 -2.2628931962e-01 -8.9411701626e-01
   outer loop
     vertex 2.2101384920e+00 0.0000000000e+00 9.2782430175e-02
     vertex 2.2535297553e+00 -8.8000000000e-02 9.6299492062e-02
     vertex 2.2030594738e+00 0.0000000000e+00 9.5842125912e-02
   endloop
 endfacet
 facet normal  -7.3034077773e-01 -4.2166244462e-01 -5.3740406696e-01
   outer loop
     vertex 2.2030594738e+00 0.0000000000e+00 9.5842125912e-02
     vertex 2.2535297553e+00 -8.8000000000e-02 9.6299492062e-02
     vertex 2.2508068237e+00 -8.8000000000e-02 1.0000000000e-01
   endloop
 endfacet
 facet normal  -7.3034077773e-01 -4.2166244462e-01 -5.3740406696e-01
   outer loop
     vertex 2.2030594738e+00 0.0000000000e+00 9.5842125912e-02
     vertex 2.2508068237e+00 -8.8000000000e-02 1.0000000000e-01
     vertex 2.2000000000e+00 0.0000000000e+00 1.0000000000e-01
   endloop
 endfacet
 facet normal  -7.3034077773e-01 -4.2166244462e-01 5.3740406696e-01
   outer loop
     vertex 2.2000000000e+00 0.0000000000e+00 1.0000000000e-01
     vertex 2.2508068237e+00 -8.8000000000e-02 1.0000000000e-01
     vertex 2.2030594738e+00 0.0000000000e+00 1.0415787409e-01
   endloop
 endfacet
 facet normal  -7.3034077773e-01 -4.2166244462e-01 5.3740406696e-01
   outer loop
     vertex 2.2508068237e+00 -8.8000000000e-02 1.0000000000e-01
     vertex 2.2535297553e+00 -8.8000000000e-02 1.0370050794e-01
     vertex 2.2030594738e+00 0.0000000000e+00 1.0415787409e-01
   endloop
 endfacet
 facet normal  -3.8645556674e-01 -2.2628931962e-01 8.9411701626e-01
   outer loop
     vertex 2.2030594738e+00 0.0000000000e+00 1.0415787409e-01
     vertex 2.2535297553e+00 -8.8000000000e-02 1.0370050794e-01
     vertex 2.2101384920e+00 0.0000000000e+00 1.0721756983e-01
   endloop
 endfacet
 facet normal  -3.8645556674e-01 -2.2628931962e-01 8.9411701626e-01
   outer loop
     vertex 2.2535297553e+00 -8.8000000000e-02 1.0370050794e-01
     vertex 2.2598300816e+00 -8.8000000000e-02 1.0642363714e-01
     vertex 2.2101384920e+00 0.0000000000e+00 1.0721756983e-01
   endloop
 endfacet
 facet normal  -2.3061499915e-01 -1.3891187939e-01 9.6307850767e-01
   outer loop
     vertex 2.2101384920e+00 0.0000000000e+00 1.0721756983e-01
     vertex 2.2598300816e+00 -8.8000000000e-02 1.0642363714e-01
     vertex 2.2207156971e+00 0.0000000000e+00 1.0975034584e-01
   endloop
 endfacet
 facet normal  -2.3061499915e-01 -1.3891187939e-01 9.6307850767e-01
   outer loop
     vertex 2.2598300816e+00 -8.8000000000e-02 1.0642363714e-01
     vertex 2.2692437941e+00 -8.8000000000e-02 1.0867780780e-01
     vertex 2.2207156971e+00 0.0000000000e+00 1.0975034584e-01
   endloop
 endfacet
 facet normal  -1.4005572522e-01 -8.9253195524e-02 9.8611270194e-01
   outer loop
     vertex 2.2207156971e+00 0.0000000000e+00 1.0975034584e-01
     vertex 2.2692437941e+00 -8.8000000000e-02 1.0867780780e-01
     vertex 2.2354361942e+00 0.0000000000e+00 1.1184107025e-01
   endloop
 endfacet
 facet normal  -1.4005572522e-01 -8.9253195524e-02 9.8611270194e-01
   outer loop
     vertex 2.2692437941e+00 -8.8000000000e-02 1.0867780780e-01
     vertex 2.2823450365e+00 -8.8000000000e-02 1.1053855252e-01
     vertex 2.2354361942e+00 0.0000000000e+00 1.1184107025e-01
   endloop
 endfacet
 facet normal  -7.6192437040e-02 -5.5350317042e-02 9.9555565135e-01
   outer loop
     vertex 2.2354361942e+00 0.0000000000e+00 1.1184107025e-01
     vertex 2.2823450365e+00 -8.8000000000e-02 1.1053855252e-01
     vertex 2.2549056477e+00 0.0000000000e+00 1.1333111764e-01
   endloop
 endfacet
 facet normal  -7.6192437040e-02 -5.5350317042e-02 9.9555565135e-01
   outer loop
     vertex 2.2823450365e+00 -8.8000000000e-02 1.1053855252e-01
     vertex 2.2996728501e+00 -8.8000000000e-02 1.1186469470e-01
     vertex 2.2549056477e+00 0.0000000000e+00 1.1333111764e-01
   endloop
 endfacet
 facet normal  -2.6994491272e-02 -3.0382717822e-02 9.9917375261e-01
   outer loop
     vertex 2.2549056477e+00 0.0000000000e+00 1.1333111764e-01
     vertex 2.2996728501e+00 -8.8000000000e-02 1.1186469470e-01
     vertex 2.2792392581e+00 0.0000000000e+00 1.1398853427e-01
   endloop
 endfacet
 facet normal  -2.6994491272e-02 -3.0382717822e-02 9.9917375261e-01
   outer loop
     vertex 2.2996728501e+00 -8.8000000000e-02 1.1186469470e-01
     vertex 2.3213297634e+00 -8.8000000000e-02 1.1244979550e-01
     vertex 2.2792392581e+00 0.0000000000e+00 1.1398853427e-01
   endloop
 endfacet
 facet normal  1.1501389815e-02 -1.1982127415e-02 9.9986206381e-01
   outer loop
     vertex 2.2792392581e+00 0.0000000000e+00 1.1398853427e-01
     vertex 2.3213297634e+00 -8.8000000000e-02 1.1244979550e-01
     vertex 2.3076888264e+00 0.0000000000e+00 1.1366127955e-01
   endloop
 endfacet
 facet normal  1.1501389815e-02 -1.1982127415e-02 9.9986206381e-01
   outer loop
     vertex 2.3213297634e+00 -8.8000000000e-02 1.1244979550e-01
     vertex 2.3466498792e+00 -8.8000000000e-02 1.1215853880e-01
     vertex 2.3076888264e+00 0.0000000000e+00 1.1366127955e-01
   endloop
 endfacet
 facet normal  4.0848089624e-02 1.0227141681e-03 9.9916484507e-01
   outer loop
     vertex 2.3076888264e+00 0.0000000000e+00 1.1366127955e-01
     vertex 2.3466498792e+00 -8.8000000000e-02 1.1215853880e-01
     vertex 2.3385159746e+00 0.0000000000e+00 1.1240099691e-01
   endloop
 endfacet
 facet normal  4.0848089624e-02 1.0227141681e-03 9.9916484507e-01
   outer loop
     vertex 2.3466498792e+00 -8.8000000000e-02 1.1215853880e-01
     vertex 2.3740860411e+00 -8.8000000000e-02 1.1103688725e-01
     vertex 2.3385159746e+00 0.0000000000e+00 1.1240099691e-01
   endloop
 endfacet
 facet normal  6.2289243067e-02 9.7072291431e-03 9.9801093175e-01
   outer loop
     vertex 2.3385159746e+00 0.0000000000e+00 1.1240099691e-01
     vertex 2.3740860411e+00 -8.8000000000e-02 1.1103688725e-01
     vertex 2.4014921086e+00 -8.8000000000e-02 1.0932638173e-01
   endloop
 endfacet
 facet normal  6.2289243067e-02 9.7072291431e-03 9.9801093175e-01
   outer loop
     vertex 2.3385159746e+00 0.0000000000e+00 1.1240099691e-01
     vertex 2.4014921086e+00 -8.8000000000e-02 1.0932638173e-01
     vertex 2.3693093089e+00 0.0000000000e+00 1.1047908060e-01
   endloop
 endfacet
 facet normal  7.7627538666e-02 1.5331669405e-02 9.9686453701e-01
   outer loop
     vertex 2.3693093089e+00 0.0000000000e+00 1.1047908060e-01
     vertex 2.4014921086e+00 -8.8000000000e-02 1.0932638173e-01
     vertex 2.4267384474e+00 -8.8000000000e-02 1.0736040635e-01
   endloop
 endfacet
 facet normal  7.7627538666e-02 1.5331669405e-02 9.9686453701e-01
   outer loop
     vertex 2.3693093089e+00 0.0000000000e+00 1.1047908060e-01
     vertex 2.4267384474e+00 -8.8000000000e-02 1.0736040635e-01
     vertex 2.3976759817e+00 0.0000000000e+00 1.0827011949e-01
   endloop
 endfacet
 facet normal  8.8779914321e-02 1.9025086248e-02 9.9586955617e-01
   outer loop
     vertex 2.3976759817e+00 0.0000000000e+00 1.0827011949e-01
     vertex 2.4267384474e+00 -8.8000000000e-02 1.0736040635e-01
     vertex 2.4483192102e+00 -8.8000000000e-02 1.0543652157e-01
   endloop
 endfacet
 facet normal  8.8779914321e-02 1.9025086248e-02 9.9586955617e-01
   outer loop
     vertex 2.3976759817e+00 0.0000000000e+00 1.0827011949e-01
     vertex 2.4483192102e+00 -8.8000000000e-02 1.0543652157e-01
     vertex 2.4219240298e+00 0.0000000000e+00 1.0610845121e-01
   endloop
 endfacet
 facet normal  9.7170571146e-02 2.1548200267e-02 9.9503444924e-01
   outer loop
     vertex 2.4219240298e+00 0.0000000000e+00 1.0610845121e-01
     vertex 2.4483192102e+00 -8.8000000000e-02 1.0543652157e-01
     vertex 2.4656175607e+00 -8.8000000000e-02 1.0374724278e-01
   endloop
 endfacet
 facet normal  9.7170571146e-02 2.1548200267e-02 9.9503444924e-01
   outer loop
     vertex 2.4219240298e+00 0.0000000000e+00 1.0610845121e-01
     vertex 2.4656175607e+00 -8.8000000000e-02 1.0374724278e-01
     vertex 2.4413603787e+00 0.0000000000e+00 1.0421038514e-01
   endloop
 endfacet
 facet normal  1.0360570334e-01 2.3325672252e-02 9.9434489552e-01
   outer loop
     vertex 2.4413603787e+00 0.0000000000e+00 1.0421038514e-01
     vertex 2.4656175607e+00 -8.8000000000e-02 1.0374724278e-01
     vertex 2.4787820420e+00 -8.8000000000e-02 1.0237557049e-01
   endloop
 endfacet
 facet normal  1.0360570334e-01 2.3325672252e-02 9.9434489552e-01
   outer loop
     vertex 2.4413603787e+00 0.0000000000e+00 1.0421038514e-01
     vertex 2.4787820420e+00 -8.8000000000e-02 1.0237557049e-01
     vertex 2.4561519307e+00 0.0000000000e+00 1.0266918032e-01
   endloop
 endfacet
 facet normal  1.0855602573e-01 2.4600564017e-02 9.9378589320e-01
   outer loop
     vertex 2.4561519307e+00 0.0000000000e+00 1.0266918032e-01
     vertex 2.4787820420e+00 -8.8000000000e-02 1.0237557049e-01
     vertex 2.4884101482e+00 -8.8000000000e-02 1.0132384601e-01
   endloop
 endfacet
 facet normal  1.0855602573e-01 2.4600564017e-02 9.9378589320e-01
   outer loop
     vertex 2.4561519307e+00 0.0000000000e+00 1.0266918032e-01
     vertex 2.4884101482e+00 -8.8000000000e-02 1.0132384601e-01
     vertex 2.4669700276e+00 0.0000000000e+00 1.0148746743e-01
   endloop
 endfacet
 facet normal  1.1227743165e-01 2.5508050429e-02 9.9334944390e-01
   outer loop
     vertex 2.4669700276e+00 0.0000000000e+00 1.0148746743e-01
     vertex 2.4884101482e+00 -8.8000000000e-02 1.0132384601e-01
     vertex 2.4952491186e+00 -8.8000000000e-02 1.0055084308e-01
   endloop
 endfacet
 facet normal  1.1227743165e-01 2.5508050429e-02 9.9334944390e-01
   outer loop
     vertex 2.4669700276e+00 0.0000000000e+00 1.0148746743e-01
     vertex 2.4952491186e+00 -8.8000000000e-02 1.0055084308e-01
     vertex 2.4746542640e+00 0.0000000000e+00 1.0061892481e-01
   endloop
 endfacet
 facet normal  1.1497157669e-01 2.6138818910e-02 9.9302482280e-01
   outer loop
     vertex 2.4746542640e+00 0.0000000000e+00 1.0061892481e-01
     vertex 2.4952491186e+00 -8.8000000000e-02 1.0055084308e-01
     vertex 2.5000068237e+00 -8.8000000000e-02 1.0000000000e-01
   endloop
 endfacet
 facet normal  1.1497157669e-01 2.6138818910e-02 9.9302482280e-01
   outer loop
     vertex 2.4746542640e+00 0.0000000000e+00 1.0061892481e-01
     vertex 2.5000068237e+00 -8.8000000000e-02 1.0000000000e-01
     vertex 2.4800000000e+00 0.0000000000e+00 1.0000000000e-01
   endloop
 endfacet
 facet normal  1.1497157669e-01 2.6138818910e-02 -9.9302482280e-01
   outer loop
     vertex 2.5000068237e+00 -8.8000000000e-02 1.0000000000e-01
     vertex 2.5200136474e+00 -1.7600000000e-01 1.0000000000e-01
     vertex 2.4952491186e+00 -8.8000000000e-02 9.9449156917e-02
   endloop
 endfacet
 facet normal  1.1497157669e-01 2.6138818910e-02 -9.9302482280e-01
   outer loop
     vertex 2.5200136474e+00 -1.7600000000e-01 1.0000000000e-01
     vertex 2.5158439733e+00 -1.7600000000e-01 9.9517238647e-02
     vertex 2.4952491186e+00 -8.8000000000e-02 9.9449156917e-02
   endloop
 endfacet
 facet normal  1.1227743165e-01 2.5508050429e-02 -9.9334944390e-01
   outer loop
     vertex 2.4952491186e+00 -8.8000000000e-02 9.9449156917e-02
     vertex 2.5158439733e+00 -1.7600000000e-01 9.9517238647e-02
     vertex 2.4884101482e+00 -8.8000000000e-02 9.8676153989e-02
   endloop
 endfacet
 facet normal  1.1227743165e-01 2.5508050429e-02 -9.9334944390e-01
   outer loop
     vertex 2.5158439733e+00 -1.7600000000e-01 9.9517238647e-02
     vertex 2.5098502689e+00 -1.7600000000e-01 9.8839775406e-02
     vertex 2.4884101482e+00 -8.8000000000e-02 9.8676153989e-02
   endloop
 endfacet
 facet normal  1.0855602573e-01 2.4600564017e-02 -9.9378589320e-01
   outer loop
     vertex 2.4884101482e+00 -8.8000000000e-02 9.8676153989e-02
     vertex 2.5098502689e+00 -1.7600000000e-01 9.8839775406e-02
     vertex 2.4787820420e+00 -8.8000000000e-02 9.7624429514e-02
   endloop
 endfacet
 facet normal  1.0855602573e-01 2.4600564017e-02 -9.9378589320e-01
   outer loop
     vertex 2.5098502689e+00 -1.7600000000e-01 9.8839775406e-02
     vertex 2.5014121533e+00 -1.7600000000e-01 9.7918039349e-02
     vertex 2.4787820420e+00 -8.8000000000e-02 9.7624429514e-02
   endloop
 endfacet
 facet normal  1.0360570334e-01 2.3325672252e-02 -9.9434489552e-01
   outer loop
     vertex 2.4787820420e+00 -8.8000000000e-02 9.7624429514e-02
     vertex 2.5014121533e+00 -1.7600000000e-01 9.7918039349e-02
     vertex 2.4656175607e+00 -8.8000000000e-02 9.6252757221e-02
   endloop
 endfacet
 facet normal  1.0360570334e-01 2.3325672252e-02 -9.9434489552e-01
   outer loop
     vertex 2.5014121533e+00 -1.7600000000e-01 9.7918039349e-02
     vertex 2.4898747428e+00 -1.7600000000e-01 9.6715899587e-02
     vertex 2.4656175607e+00 -8.8000000000e-02 9.6252757221e-02
   endloop
 endfacet
 facet normal  9.7170571146e-02 2.1548200267e-02 -9.9503444924e-01
   outer loop
     vertex 2.4656175607e+00 -8.8000000000e-02 9.6252757221e-02
     vertex 2.4898747428e+00 -1.7600000000e-01 9.6715899587e-02
     vertex 2.4483192102e+00 -8.8000000000e-02 9.4563478425e-02
   endloop
 endfacet
 facet normal  9.7170571146e-02 2.1548200267e-02 -9.9503444924e-01
   outer loop
     vertex 2.4898747428e+00 -1.7600000000e-01 9.6715899587e-02
     vertex 2.4747143906e+00 -1.7600000000e-01 9.5235408058e-02
     vertex 2.4483192102e+00 -8.8000000000e-02 9.4563478425e-02
   endloop
 endfacet
 facet normal  8.8779914321e-02 1.9025086248e-02 -9.9586955617e-01
   outer loop
     vertex 2.4483192102e+00 -8.8000000000e-02 9.4563478425e-02
     vertex 2.4747143906e+00 -1.7600000000e-01 9.5235408058e-02
     vertex 2.4267384474e+00 -8.8000000000e-02 9.2639593650e-02
   endloop
 endfacet
 facet normal  8.8779914321e-02 1.9025086248e-02 -9.9586955617e-01
   outer loop
     vertex 2.4747143906e+00 -1.7600000000e-01 9.5235408058e-02
     vertex 2.4558009131e+00 -1.7600000000e-01 9.3549306795e-02
     vertex 2.4267384474e+00 -8.8000000000e-02 9.2639593650e-02
   endloop
 endfacet
 facet normal  7.7627538666e-02 1.5331669405e-02 -9.9686453701e-01
   outer loop
     vertex 2.4267384474e+00 -8.8000000000e-02 9.2639593650e-02
     vertex 2.4558009131e+00 -1.7600000000e-01 9.3549306795e-02
     vertex 2.4014921086e+00 -8.8000000000e-02 9.0673618268e-02
   endloop
 endfacet
 facet normal  7.7627538666e-02 1.5331669405e-02 -9.9686453701e-01
   outer loop
     vertex 2.4558009131e+00 -1.7600000000e-01 9.3549306795e-02
     vertex 2.4336749083e+00 -1.7600000000e-01 9.1826317134e-02
     vertex 2.4014921086e+00 -8.8000000000e-02 9.0673618268e-02
   endloop
 endfacet
 facet normal  6.2289243067e-02 9.7072291431e-03 -9.9801093175e-01
   outer loop
     vertex 2.4014921086e+00 -8.8000000000e-02 9.0673618268e-02
     vertex 2.4336749083e+00 -1.7600000000e-01 9.1826317134e-02
     vertex 2.3740860411e+00 -8.8000000000e-02 8.8963112752e-02
   endloop
 endfacet
 facet normal  6.2289243067e-02 9.7072291431e-03 -9.9801093175e-01
   outer loop
     vertex 2.4336749083e+00 -1.7600000000e-01 9.1826317134e-02
     vertex 2.4096561075e+00 -1.7600000000e-01 9.0327222412e-02
     vertex 2.3740860411e+00 -8.8000000000e-02 8.8963112752e-02
   endloop
 endfacet
 facet normal  4.0848089624e-02 1.0227141681e-03 -9.9916484507e-01
   outer loop
     vertex 2.3740860411e+00 -8.8000000000e-02 8.8963112752e-02
     vertex 2.4096561075e+00 -1.7600000000e-01 9.0327222412e-02
     vertex 2.3856109320e+00 -1.7600000000e-01 8.9344201951e-02
   endloop
 endfacet
 facet normal  4.0848089624e-02 1.0227141681e-03 -9.9916484507e-01
   outer loop
     vertex 2.3740860411e+00 -8.8000000000e-02 8.8963112752e-02
     vertex 2.3856109320e+00 -1.7600000000e-01 8.9344201951e-02
     vertex 2.3466498792e+00 -8.8000000000e-02 8.7841461200e-02
   endloop
 endfacet
 facet normal  1.1501389815e-02 -1.1982127415e-02 -9.9986206381e-01
   outer loop
     vertex 2.3466498792e+00 -8.8000000000e-02 8.7841461200e-02
     vertex 2.3856109320e+00 -1.7600000000e-01 8.9344201951e-02
     vertex 2.3634202687e+00 -1.7600000000e-01 8.9088943273e-02
   endloop
 endfacet
 facet normal  1.1501389815e-02 -1.1982127415e-02 -9.9986206381e-01
   outer loop
     vertex 2.3466498792e+00 -8.8000000000e-02 8.7841461200e-02
     vertex 2.3634202687e+00 -1.7600000000e-01 8.9088943273e-02
     vertex 2.3213297634e+00 -8.8000000000e-02 8.7550204503e-02
   endloop
 endfacet
 facet normal  -2.6994491272e-02 -3.0382717822e-02 -9.9917375261e-01
   outer loop
     vertex 2.3213297634e+00 -8.8000000000e-02 8.7550204503e-02
     vertex 2.3634202687e+00 -1.7600000000e-01 8.9088943273e-02
     vertex 2.3444400526e+00 -1.7600000000e-01 8.9601728238e-02
   endloop
 endfacet
 facet normal  -2.6994491272e-02 -3.0382717822e-02 -9.9917375261e-01
   outer loop
     vertex 2.3213297634e+00 -8.8000000000e-02 8.7550204503e-02
     vertex 2.3444400526e+00 -1.7600000000e-01 8.9601728238e-02
     vertex 2.2996728501e+00 -8.8000000000e-02 8.8135305297e-02
   endloop
 endfacet
 facet normal  -7.6192437040e-02 -5.5350317042e-02 -9.9555565135e-01
   outer loop
     vertex 2.2996728501e+00 -8.8000000000e-02 8.8135305297e-02
     vertex 2.3444400526e+00 -1.7600000000e-01 8.9601728238e-02
     vertex 2.3292538789e+00 -1.7600000000e-01 9.0763965207e-02
   endloop
 endfacet
 facet normal  -7.6192437040e-02 -5.5350317042e-02 -9.9555565135e-01
   outer loop
     vertex 2.2996728501e+00 -8.8000000000e-02 8.8135305297e-02
     vertex 2.3292538789e+00 -1.7600000000e-01 9.0763965207e-02
     vertex 2.2823450365e+00 -8.8000000000e-02 8.9461447480e-02
   endloop
 endfacet
 facet normal  -1.4005572522e-01 -8.9253195524e-02 -9.8611270194e-01
   outer loop
     vertex 2.2823450365e+00 -8.8000000000e-02 8.9461447480e-02
     vertex 2.3292538789e+00 -1.7600000000e-01 9.0763965207e-02
     vertex 2.3177718911e+00 -1.7600000000e-01 9.2394730246e-02
   endloop
 endfacet
 facet normal  -1.4005572522e-01 -8.9253195524e-02 -9.8611270194e-01
   outer loop
     vertex 2.2823450365e+00 -8.8000000000e-02 8.9461447480e-02
     vertex 2.3177718911e+00 -1.7600000000e-01 9.2394730246e-02
     vertex 2.2692437941e+00 -8.8000000000e-02 9.1322192203e-02
   endloop
 endfacet
 facet normal  -2.3061499915e-01 -1.3891187939e-01 -9.6307850767e-01
   outer loop
     vertex 2.2692437941e+00 -8.8000000000e-02 9.1322192203e-02
     vertex 2.3177718911e+00 -1.7600000000e-01 9.2394730246e-02
     vertex 2.3095216712e+00 -1.7600000000e-01 9.4370295536e-02
   endloop
 endfacet
 facet normal  -2.3061499915e-01 -1.3891187939e-01 -9.6307850767e-01
   outer loop
     vertex 2.2692437941e+00 -8.8000000000e-02 9.1322192203e-02
     vertex 2.3095216712e+00 -1.7600000000e-01 9.4370295536e-02
     vertex 2.2598300816e+00 -8.8000000000e-02 9.3576362855e-02
   endloop
 endfacet
 facet normal  -3.8645556674e-01 -2.2628931962e-01 -8.9411701626e-01
   outer loop
     vertex 2.2598300816e+00 -8.8000000000e-02 9.3576362855e-02
     vertex 2.3095216712e+00 -1.7600000000e-01 9.4370295536e-02
     vertex 2.3040000369e+00 -1.7600000000e-01 9.6756858211e-02
   endloop
 endfacet
 facet normal  -3.8645556674e-01 -2.2628931962e-01 -8.9411701626e-01
   outer loop
     vertex 2.2598300816e+00 -8.8000000000e-02 9.3576362855e-02
     vertex 2.3040000369e+00 -1.7600000000e-01 9.6756858211e-02
     vertex 2.2535297553e+00 -8.8000000000e-02 9.6299492062e-02
   endloop
 endfacet
 facet normal  -7.3034077773e-01 -4.2166244462e-01 -5.3740406696e-01
   outer loop
     vertex 2.2535297553e+00 -8.8000000000e-02 9.6299492062e-02
     vertex 2.3040000369e+00 -1.7600000000e-01 9.6756858211e-02
     vertex 2.3016136474e+00 -1.7600000000e-01 1.0000000000e-01
   endloop
 endfacet
 facet normal  -7.3034077773e-01 -4.2166244462e-01 -5.3740406696e-01
   outer loop
     vertex 2.2535297553e+00 -8.8000000000e-02 9.6299492062e-02
     vertex 2.3016136474e+00 -1.7600000000e-01 1.0000000000e-01
     vertex 2.2508068237e+00 -8.8000000000e-02 1.0000000000e-01
   endloop
 endfacet
 facet normal  -7.3034077773e-01 -4.2166244462e-01 5.3740406696e-01
   outer loop
     vertex 2.2508068237e+00 -8.8000000000e-02 1.0000000000e-01
     vertex 2.3016136474e+00 -1.7600000000e-01 1.0000000000e-01
     vertex 2.2535297553e+00 -8.8000000000e-02 1.0370050794e-01
   endloop
 endfacet
 facet normal  -7.3034077773e-01 -4.2166244462e-01 5.3740406696e-01
   outer loop
     vertex 2.3016136474e+00 -1.7600000000e-01 1.0000000000e-01
     vertex 2.3040000369e+00 -1.7600000000e-01 1.0324314179e-01
     vertex 2.2535297553e+00 -8.8000000000e-02 1.0370050794e-01
   endloop
 endfacet
 facet normal  -3.8645556674e-01 -2.2628931962e-01 8.9411701626e-01
   outer loop
     vertex 2.2535297553e+00 -8.8000000000e-02 1.0370050794e-01
     vertex 2.3040000369e+00 -1.7600000000e-01 1.0324314179e-01
     vertex 2.2598300816e+00 -8.8000000000e-02 1.0642363714e-01
   endloop
 endfacet
 facet normal  -3.8645556674e-01 -2.2628931962e-01 8.9411701626e-01
   outer loop
     vertex 2.3040000369e+00 -1.7600000000e-01 1.0324314179e-01
     vertex 2.3095216712e+00 -1.7600000000e-01 1.0562970446e-01
     vertex 2.2598300816e+00 -8.8000000000e-02 1.0642363714e-01
   endloop
 endfacet
 facet normal  -2.3061499915e-01 -1.3891187939e-01 9.6307850767e-01
   outer loop
     vertex 2.2598300816e+00 -8.8000000000e-02 1.0642363714e-01
     vertex 2.3095216712e+00 -1.7600000000e-01 1.0562970446e-01
     vertex 2.2692437941e+00 -8.8000000000e-02 1.0867780780e-01
   endloop
 endfacet
 facet normal  -2.3061499915e-01 -1.3891187939e-01 9.6307850767e-01
   outer loop
     vertex 2.3095216712e+00 -1.7600000000e-01 1.0562970446e-01
     vertex 2.3177718911e+00 -1.7600000000e-01 1.0760526975e-01
     vertex 2.2692437941e+00 -8.8000000000e-02 1.0867780780e-01
   endloop
 endfacet
 facet normal  -1.4005572522e-01 -8.9253195524e-02 9.8611270194e-01
   outer loop
     vertex 2.2692437941e+00 -8.8000000000e-02 1.0867780780e-01
     vertex 2.3177718911e+00 -1.7600000000e-01 1.0760526975e-01
     vertex 2.2823450365e+00 -8.8000000000e-02 1.1053855252e-01
   endloop
 endfacet
 facet normal  -1.4005572522e-01 -8.9253195524e-02 9.8611270194e-01
   outer loop
     vertex 2.3177718911e+00 -1.7600000000e-01 1.0760526975e-01
     vertex 2.3292538789e+00 -1.7600000000e-01 1.0923603479e-01
     vertex 2.2823450365e+00 -8.8000000000e-02 1.1053855252e-01
   endloop
 endfacet
 facet normal  -7.6192437040e-02 -5.5350317042e-02 9.9555565135e-01
   outer loop
     vertex 2.2823450365e+00 -8.8000000000e-02 1.1053855252e-01
     vertex 2.3292538789e+00 -1.7600000000e-01 1.0923603479e-01
     vertex 2.2996728501e+00 -8.8000000000e-02 1.1186469470e-01
   endloop
 endfacet
 facet normal  -7.6192437040e-02 -5.5350317042e-02 9.9555565135e-01
   outer loop
     vertex 2.3292538789e+00 -1.7600000000e-01 1.0923603479e-01
     vertex 2.3444400526e+00 -1.7600000000e-01 1.1039827176e-01
     vertex 2.2996728501e+00 -8.8000000000e-02 1.1186469470e-01
   endloop
 endfacet
 facet normal  -2.6994491272e-02 -3.0382717822e-02 9.9917375261e-01
   outer loop
     vertex 2.2996728501e+00 -8.8000000000e-02 1.1186469470e-01
     vertex 2.3444400526e+00 -1.7600000000e-01 1.1039827176e-01
     vertex 2.3213297634e+00 -8.8000000000e-02 1.1244979550e-01
   endloop
 endfacet
 facet normal  -2.6994491272e-02 -3.0382717822e-02 9.9917375261e-01
   outer loop
     vertex 2.3444400526e+00 -1.7600000000e-01 1.1039827176e-01
     vertex 2.3634202687e+00 -1.7600000000e-01 1.1091105673e-01
     vertex 2.3213297634e+00 -8.8000000000e-02 1.1244979550e-01
   endloop
 endfacet
 facet normal  1.1501389815e-02 -1.1982127415e-02 9.9986206381e-01
   outer loop
     vertex 2.3213297634e+00 -8.8000000000e-02 1.1244979550e-01
     vertex 2.3634202687e+00 -1.7600000000e-01 1.1091105673e-01
     vertex 2.3466498792e+00 -8.8000000000e-02 1.1215853880e-01
   endloop
 endfacet
 facet normal  1.1501389815e-02 -1.1982127415e-02 9.9986206381e-01
   outer loop
     vertex 2.3634202687e+00 -1.7600000000e-01 1.1091105673e-01
     vertex 2.3856109320e+00 -1.7600000000e-01 1.1065579805e-01
     vertex 2.3466498792e+00 -8.8000000000e-02 1.1215853880e-01
   endloop
 endfacet
 facet normal  4.0848089624e-02 1.0227141681e-03 9.9916484507e-01
   outer loop
     vertex 2.3466498792e+00 -8.8000000000e-02 1.1215853880e-01
     vertex 2.3856109320e+00 -1.7600000000e-01 1.1065579805e-01
     vertex 2.3740860411e+00 -8.8000000000e-02 1.1103688725e-01
   endloop
 endfacet
 facet normal  4.0848089624e-02 1.0227141681e-03 9.9916484507e-01
   outer loop
     vertex 2.3856109320e+00 -1.7600000000e-01 1.1065579805e-01
     vertex 2.4096561075e+00 -1.7600000000e-01 1.0967277759e-01
     vertex 2.3740860411e+00 -8.8000000000e-02 1.1103688725e-01
   endloop
 endfacet
 facet normal  6.2289243067e-02 9.7072291431e-03 9.9801093175e-01
   outer loop
     vertex 2.3740860411e+00 -8.8000000000e-02 1.1103688725e-01
     vertex 2.4096561075e+00 -1.7600000000e-01 1.0967277759e-01
     vertex 2.4336749083e+00 -1.7600000000e-01 1.0817368287e-01
   endloop
 endfacet
 facet normal  6.2289243067e-02 9.7072291431e-03 9.9801093175e-01
   outer loop
     vertex 2.3740860411e+00 -8.8000000000e-02 1.1103688725e-01
     vertex 2.4336749083e+00 -1.7600000000e-01 1.0817368287e-01
     vertex 2.4014921086e+00 -8.8000000000e-02 1.0932638173e-01
   endloop
 endfacet
 facet normal  7.7627538666e-02 1.5331669405e-02 9.9686453701e-01
   outer loop
     vertex 2.4014921086e+00 -8.8000000000e-02 1.0932638173e-01
     vertex 2.4336749083e+00 -1.7600000000e-01 1.0817368287e-01
     vertex 2.4558009131e+00 -1.7600000000e-01 1.0645069321e-01
   endloop
 endfacet
 facet normal  7.7627538666e-02 1.5331669405e-02 9.9686453701e-01
   outer loop
     vertex 2.4014921086e+00 -8.8000000000e-02 1.0932638173e-01
     vertex 2.4558009131e+00 -1.7600000000e-01 1.0645069321e-01
     vertex 2.4267384474e+00 -8.8000000000e-02 1.0736040635e-01
   endloop
 endfacet
 facet normal  8.8779914321e-02 1.9025086248e-02 9.9586955617e-01
   outer loop
     vertex 2.4267384474e+00 -8.8000000000e-02 1.0736040635e-01
     vertex 2.4558009131e+00 -1.7600000000e-01 1.0645069321e-01
     vertex 2.4747143906e+00 -1.7600000000e-01 1.0476459194e-01
   endloop
 endfacet
 facet normal  8.8779914321e-02 1.9025086248e-02 9.9586955617e-01
   outer loop
     vertex 2.4267384474e+00 -8.8000000000e-02 1.0736040635e-01
     vertex 2.4747143906e+00 -1.7600000000e-01 1.0476459194e-01
     vertex 2.4483192102e+00 -8.8000000000e-02 1.0543652157e-01
   endloop
 endfacet
 facet normal  9.7170571146e-02 2.1548200267e-02 9.9503444924e-01
   outer loop
     vertex 2.4483192102e+00 -8.8000000000e-02 1.0543652157e-01
     vertex 2.4747143906e+00 -1.7600000000e-01 1.0476459194e-01
     vertex 2.4898747428e+00 -1.7600000000e-01 1.0328410041e-01
   endloop
 endfacet
 facet normal  9.7170571146e-02 2.1548200267e-02 9.9503444924e-01
   outer loop
     vertex 2.4483192102e+00 -8.8000000000e-02 1.0543652157e-01
     vertex 2.4898747428e+00 -1.7600000000e-01 1.0328410041e-01
     vertex 2.4656175607e+00 -8.8000000000e-02 1.0374724278e-01
   endloop
 endfacet
 facet normal  1.0360570334e-01 2.3325672252e-02 9.9434489552e-01
   outer loop
     vertex 2.4656175607e+00 -8.8000000000e-02 1.0374724278e-01
     vertex 2.4898747428e+00 -1.7600000000e-01 1.0328410041e-01
     vertex 2.5014121533e+00 -1.7600000000e-01 1.0208196065e-01
   endloop
 endfacet
 facet normal  1.0360570334e-01 2.3325672252e-02 9.9434489552e-01
   outer loop
     vertex 2.4656175607e+00 -8.8000000000e-02 1.0374724278e-01
     vertex 2.5014121533e+00 -1.7600000000e-01 1.0208196065e-01
     vertex 2.4787820420e+00 -8.8000000000e-02 1.0237557049e-01
   endloop
 endfacet
 facet normal  1.0855602573e-01 2.4600564017e-02 9.9378589320e-01
   outer loop
     vertex 2.4787820420e+00 -8.8000000000e-02 1.0237557049e-01
     vertex 2.5014121533e+00 -1.7600000000e-01 1.0208196065e-01
     vertex 2.5098502689e+00 -1.7600000000e-01 1.0116022459e-01
   endloop
 endfacet
 facet normal  1.0855602573e-01 2.4600564017e-02 9.9378589320e-01
   outer loop
     vertex 2.4787820420e+00 -8.8000000000e-02 1.0237557049e-01
     vertex 2.5098502689e+00 -1.7600000000e-01 1.0116022459e-01
     vertex 2.4884101482e+00 -8.8000000000e-02 1.0132384601e-01
   endloop
 endfacet
 facet normal  1.1227743165e-01 2.5508050429e-02 9.9334944390e-01
   outer loop
     vertex 2.4884101482e+00 -8.8000000000e-02 1.0132384601e-01
     vertex 2.5098502689e+00 -1.7600000000e-01 1.0116022459e-01
     vertex 2.5158439733e+00 -1.7600000000e-01 1.0048276135e-01
   endloop
 endfacet
 facet normal  1.1227743165e-01 2.5508050429e-02 9.9334944390e-01
   outer loop
     vertex 2.4884101482e+00 -8.8000000000e-02 1.0132384601e-01
     vertex 2.5158439733e+00 -1.7600000000e-01 1.0048276135e-01
     vertex 2.4952491186e+00 -8.8000000000e-02 1.0055084308e-01
   endloop
 endfacet
 facet normal  1.1497157669e-01 2.6138818910e-02 9.9302482280e-01
   outer loop
     vertex 2.4952491186e+00 -8.8000000000e-02 1.0055084308e-01
     vertex 2.5158439733e+00 -1.7600000000e-01 1.0048276135e-01
     vertex 2.5200136474e+00 -1.7600000000e-01 1.0000000000e-01
   endloop
 endfacet
 facet normal  1.1497157669e-01 2.6138818910e-02 9.9302482280e-01
   outer loop
     vertex 2.4952491186e+00 -8.8000000000e-02 1.0055084308e-01
     vertex 2.5200136474e+00 -1.7600000000e-01 1.0000000000e-01
     vertex 2.5000068237e+00 -8.8000000000e-02 1.0000000000e-01
   endloop
 endfacet
 facet normal  1.1497157669e-01 2.6138818910e-02 -9.9302482280e-01
   outer loop
     vertex 2.5200136474e+00 -1.7600000000e-01 1.0000000000e-01
     vertex 2.5400204711e+00 -2.6400000000e-01 1.0000000000e-01
     vertex 2.5158439733e+00 -1.7600000000e-01 9.9517238647e-02
   endloop
 endfacet
 facet normal  1.1497157669e-01 2.6138818910e-02 -9.9302482280e-01
   outer loop
     vertex 2.5400204711e+00 -2.6400000000e-01 1.0000000000e-01
     vertex 2.5364388279e+00 -2.6400000000e-01 9.9585320376e-02
     vertex 2.5158439733e+00 -1.7600000000e-01 9.9517238647e-02
   endloop
 endfacet
 facet normal  1.1227743165e-01 2.5508050429e-02 -9.9334944390e-01
   outer loop
     vertex 2.5158439733e+00 -1.7600000000e-01 9.9517238647e-02
     vertex 2.5364388279e+00 -2.6400000000e-01 9.9585320376e-02
     vertex 2.5098502689e+00 -1.7600000000e-01 9.8839775406e-02
   endloop
 endfacet
 facet normal  1.1227743165e-01 2.5508050429e-02 -9.9334944390e-01
   outer loop
     vertex 2.5364388279e+00 -2.6400000000e-01 9.9585320376e-02
     vertex 2.5312903895e+00 -2.6400000000e-01 9.9003396823e-02
     vertex 2.5098502689e+00 -1.7600000000e-01 9.8839775406e-02
   endloop
 endfacet
 facet normal  1.0855602573e-01 2.4600564017e-02 -9.9378589320e-01
   outer loop
     vertex 2.5098502689e+00 -1.7600000000e-01 9.8839775406e-02
     vertex 2.5312903895e+00 -2.6400000000e-01 9.9003396823e-02
     vertex 2.5014121533e+00 -1.7600000000e-01 9.7918039349e-02
   endloop
 endfacet
 facet normal  1.0855602573e-01 2.4600564017e-02 -9.9378589320e-01
   outer loop
     vertex 2.5312903895e+00 -2.6400000000e-01 9.9003396823e-02
     vertex 2.5240422646e+00 -2.6400000000e-01 9.8211649185e-02
     vertex 2.5014121533e+00 -1.7600000000e-01 9.7918039349e-02
   endloop
 endfacet
 facet normal  1.0360570334e-01 2.3325672252e-02 -9.9434489552e-01
   outer loop
     vertex 2.5014121533e+00 -1.7600000000e-01 9.7918039349e-02
     vertex 2.5240422646e+00 -2.6400000000e-01 9.8211649185e-02
     vertex 2.4898747428e+00 -1.7600000000e-01 9.6715899587e-02
   endloop
 endfacet
 facet normal  1.0360570334e-01 2.3325672252e-02 -9.9434489552e-01
   outer loop
     vertex 2.5240422646e+00 -2.6400000000e-01 9.8211649185e-02
     vertex 2.5141319248e+00 -2.6400000000e-01 9.7179041953e-02
     vertex 2.4898747428e+00 -1.7600000000e-01 9.6715899587e-02
   endloop
 endfacet
 facet normal  9.7170571146e-02 2.1548200267e-02 -9.9503444924e-01
   outer loop
     vertex 2.4898747428e+00 -1.7600000000e-01 9.6715899587e-02
     vertex 2.5141319248e+00 -2.6400000000e-01 9.7179041953e-02
     vertex 2.4747143906e+00 -1.7600000000e-01 9.5235408058e-02
   endloop
 endfacet
 facet normal  9.7170571146e-02 2.1548200267e-02 -9.9503444924e-01
   outer loop
     vertex 2.5141319248e+00 -2.6400000000e-01 9.7179041953e-02
     vertex 2.5011095711e+00 -2.6400000000e-01 9.5907337691e-02
     vertex 2.4747143906e+00 -1.7600000000e-01 9.5235408058e-02
   endloop
 endfacet
 facet normal  8.8779914321e-02 1.9025086248e-02 -9.9586955617e-01
   outer loop
     vertex 2.4747143906e+00 -1.7600000000e-01 9.5235408058e-02
     vertex 2.5011095711e+00 -2.6400000000e-01 9.5907337691e-02
     vertex 2.4558009131e+00 -1.7600000000e-01 9.3549306795e-02
   endloop
 endfacet
 facet normal  8.8779914321e-02 1.9025086248e-02 -9.9586955617e-01
   outer loop
     vertex 2.5011095711e+00 -2.6400000000e-01 9.5907337691e-02
     vertex 2.4848633788e+00 -2.6400000000e-01 9.4459019939e-02
     vertex 2.4558009131e+00 -1.7600000000e-01 9.3549306795e-02
   endloop
 endfacet
 facet normal  7.7627538666e-02 1.5331669405e-02 -9.9686453701e-01
   outer loop
     vertex 2.4558009131e+00 -1.7600000000e-01 9.3549306795e-02
     vertex 2.4848633788e+00 -2.6400000000e-01 9.4459019939e-02
     vertex 2.4336749083e+00 -1.7600000000e-01 9.1826317134e-02
   endloop
 endfacet
 facet normal  7.7627538666e-02 1.5331669405e-02 -9.9686453701e-01
   outer loop
     vertex 2.4848633788e+00 -2.6400000000e-01 9.4459019939e-02
     vertex 2.4658577080e+00 -2.6400000000e-01 9.2979016000e-02
     vertex 2.4336749083e+00 -1.7600000000e-01 9.1826317134e-02
   endloop
 endfacet
 facet normal  6.2289243067e-02 9.7072291431e-03 -9.9801093175e-01
   outer loop
     vertex 2.4336749083e+00 -1.7600000000e-01 9.1826317134e-02
     vertex 2.4658577080e+00 -2.6400000000e-01 9.2979016000e-02
     vertex 2.4096561075e+00 -1.7600000000e-01 9.0327222412e-02
   endloop
 endfacet
 facet normal  6.2289243067e-02 9.7072291431e-03 -9.9801093175e-01
   outer loop
     vertex 2.4658577080e+00 -2.6400000000e-01 9.2979016000e-02
     vertex 2.4452261740e+00 -2.6400000000e-01 9.1691332072e-02
     vertex 2.4096561075e+00 -1.7600000000e-01 9.0327222412e-02
   endloop
 endfacet
 facet normal  4.0848089624e-02 1.0227141681e-03 -9.9916484507e-01
   outer loop
     vertex 2.4096561075e+00 -1.7600000000e-01 9.0327222412e-02
     vertex 2.4452261740e+00 -2.6400000000e-01 9.1691332072e-02
     vertex 2.4245719848e+00 -2.6400000000e-01 9.0846942701e-02
   endloop
 endfacet
 facet normal  4.0848089624e-02 1.0227141681e-03 -9.9916484507e-01
   outer loop
     vertex 2.4096561075e+00 -1.7600000000e-01 9.0327222412e-02
     vertex 2.4245719848e+00 -2.6400000000e-01 9.0846942701e-02
     vertex 2.3856109320e+00 -1.7600000000e-01 8.9344201951e-02
   endloop
 endfacet
 facet normal  1.1501389815e-02 -1.1982127415e-02 -9.9986206381e-01
   outer loop
     vertex 2.3856109320e+00 -1.7600000000e-01 8.9344201951e-02
     vertex 2.4245719848e+00 -2.6400000000e-01 9.0846942701e-02
     vertex 2.4055107740e+00 -2.6400000000e-01 9.0627682042e-02
   endloop
 endfacet
 facet normal  1.1501389815e-02 -1.1982127415e-02 -9.9986206381e-01
   outer loop
     vertex 2.3856109320e+00 -1.7600000000e-01 8.9344201951e-02
     vertex 2.4055107740e+00 -2.6400000000e-01 9.0627682042e-02
     vertex 2.3634202687e+00 -1.7600000000e-01 8.9088943273e-02
   endloop
 endfacet
 facet normal  -2.6994491272e-02 -3.0382717822e-02 -9.9917375261e-01
   outer loop
     vertex 2.3634202687e+00 -1.7600000000e-01 8.9088943273e-02
     vertex 2.4055107740e+00 -2.6400000000e-01 9.0627682042e-02
     vertex 2.3892072550e+00 -2.6400000000e-01 9.1068151179e-02
   endloop
 endfacet
 facet normal  -2.6994491272e-02 -3.0382717822e-02 -9.9917375261e-01
   outer loop
     vertex 2.3634202687e+00 -1.7600000000e-01 8.9088943273e-02
     vertex 2.3892072550e+00 -2.6400000000e-01 9.1068151179e-02
     vertex 2.3444400526e+00 -1.7600000000e-01 8.9601728238e-02
   endloop
 endfacet
 facet normal  -7.6192437040e-02 -5.5350317042e-02 -9.9555565135e-01
   outer loop
     vertex 2.3444400526e+00 -1.7600000000e-01 8.9601728238e-02
     vertex 2.3892072550e+00 -2.6400000000e-01 9.1068151179e-02
     vertex 2.3761627212e+00 -2.6400000000e-01 9.2066482934e-02
   endloop
 endfacet
 facet normal  -7.6192437040e-02 -5.5350317042e-02 -9.9555565135e-01
   outer loop
     vertex 2.3444400526e+00 -1.7600000000e-01 8.9601728238e-02
     vertex 2.3761627212e+00 -2.6400000000e-01 9.2066482934e-02
     vertex 2.3292538789e+00 -1.7600000000e-01 9.0763965207e-02
   endloop
 endfacet
 facet normal  -1.4005572522e-01 -8.9253195524e-02 -9.8611270194e-01
   outer loop
     vertex 2.3292538789e+00 -1.7600000000e-01 9.0763965207e-02
     vertex 2.3761627212e+00 -2.6400000000e-01 9.2066482934e-02
     vertex 2.3662999881e+00 -2.6400000000e-01 9.3467268288e-02
   endloop
 endfacet
 facet normal  -1.4005572522e-01 -8.9253195524e-02 -9.8611270194e-01
   outer loop
     vertex 2.3292538789e+00 -1.7600000000e-01 9.0763965207e-02
     vertex 2.3662999881e+00 -2.6400000000e-01 9.3467268288e-02
     vertex 2.3177718911e+00 -1.7600000000e-01 9.2394730246e-02
   endloop
 endfacet
 facet normal  -2.3061499915e-01 -1.3891187939e-01 -9.6307850767e-01
   outer loop
     vertex 2.3177718911e+00 -1.7600000000e-01 9.2394730246e-02
     vertex 2.3662999881e+00 -2.6400000000e-01 9.3467268288e-02
     vertex 2.3592132607e+00 -2.6400000000e-01 9.5164228217e-02
   endloop
 endfacet
 facet normal  -2.3061499915e-01 -1.3891187939e-01 -9.6307850767e-01
   outer loop
     vertex 2.3177718911e+00 -1.7600000000e-01 9.2394730246e-02
     vertex 2.3592132607e+00 -2.6400000000e-01 9.5164228217e-02
     vertex 2.3095216712e+00 -1.7600000000e-01 9.4370295536e-02
   endloop
 endfacet
 facet normal  -3.8645556674e-01 -2.2628931962e-01 -8.9411701626e-01
   outer loop
     vertex 2.3095216712e+00 -1.7600000000e-01 9.4370295536e-02
     vertex 2.3592132607e+00 -2.6400000000e-01 9.5164228217e-02
     vertex 2.3544703185e+00 -2.6400000000e-01 9.7214224361e-02
   endloop
 endfacet
 facet normal  -3.8645556674e-01 -2.2628931962e-01 -8.9411701626e-01
   outer loop
     vertex 2.3095216712e+00 -1.7600000000e-01 9.4370295536e-02
     vertex 2.3544703185e+00 -2.6400000000e-01 9.7214224361e-02
     vertex 2.3040000369e+00 -1.7600000000e-01 9.6756858211e-02
   endloop
 endfacet
 facet normal  -7.3034077773e-01 -4.2166244462e-01 -5.3740406696e-01
   outer loop
     vertex 2.3040000369e+00 -1.7600000000e-01 9.6756858211e-02
     vertex 2.3544703185e+00 -2.6400000000e-01 9.7214224361e-02
     vertex 2.3524204711e+00 -2.6400000000e-01 1.0000000000e-01
   endloop
 endfacet
 facet normal  -7.3034077773e-01 -4.2166244462e-01 -5.3740406696e-01
   outer loop
     vertex 2.3040000369e+00 -1.7600000000e-01 9.6756858211e-02
     vertex 2.3524204711e+00 -2.6400000000e-01 1.0000000000e-01
     vertex 2.3016136474e+00 -1.7600000000e-01 1.0000000000e-01
   endloop
 endfacet
 facet normal  -7.3034077773e-01 -4.2166244462e-01 5.3740406696e-01
   outer loop
     vertex 2.3016136474e+00 -1.7600000000e-01 1.0000000000e-01
     vertex 2.3524204711e+00 -2.6400000000e-01 1.0000000000e-01
     vertex 2.3040000369e+00 -1.7600000000e-01 1.0324314179e-01
   endloop
 endfacet
 facet normal  -7.3034077773e-01 -4.2166244462e-01 5.3740406696e-01
   outer loop
     vertex 2.3524204711e+00 -2.6400000000e-01 1.0000000000e-01
     vertex 2.3544703185e+00 -2.6400000000e-01 1.0278577564e-01
     vertex 2.3040000369e+00 -1.7600000000e-01 1.0324314179e-01
   endloop
 endfacet
 facet normal  -3.8645556674e-01 -2.2628931962e-01 8.9411701626e-01
   outer loop
     vertex 2.3040000369e+00 -1.7600000000e-01 1.0324314179e-01
     vertex 2.3544703185e+00 -2.6400000000e-01 1.0278577564e-01
     vertex 2.3095216712e+00 -1.7600000000e-01 1.0562970446e-01
   endloop
 endfacet
 facet normal  -3.8645556674e-01 -2.2628931962e-01 8.9411701626e-01
   outer loop
     vertex 2.3544703185e+00 -2.6400000000e-01 1.0278577564e-01
     vertex 2.3592132607e+00 -2.6400000000e-01 1.0483577178e-01
     vertex 2.3095216712e+00 -1.7600000000e-01 1.0562970446e-01
   endloop
 endfacet
 facet normal  -2.3061499915e-01 -1.3891187939e-01 9.6307850767e-01
   outer loop
     vertex 2.3095216712e+00 -1.7600000000e-01 1.0562970446e-01
     vertex 2.3592132607e+00 -2.6400000000e-01 1.0483577178e-01
     vertex 2.3177718911e+00 -1.7600000000e-01 1.0760526975e-01
   endloop
 endfacet
 facet normal  -2.3061499915e-01 -1.3891187939e-01 9.6307850767e-01
   outer loop
     vertex 2.3592132607e+00 -2.6400000000e-01 1.0483577178e-01
     vertex 2.3662999881e+00 -2.6400000000e-01 1.0653273171e-01
     vertex 2.3177718911e+00 -1.7600000000e-01 1.0760526975e-01
   endloop
 endfacet
 facet normal  -1.4005572522e-01 -8.9253195524e-02 9.8611270194e-01
   outer loop
     vertex 2.3177718911e+00 -1.7600000000e-01 1.0760526975e-01
     vertex 2.3662999881e+00 -2.6400000000e-01 1.0653273171e-01
     vertex 2.3292538789e+00 -1.7600000000e-01 1.0923603479e-01
   endloop
 endfacet
 facet normal  -1.4005572522e-01 -8.9253195524e-02 9.8611270194e-01
   outer loop
     vertex 2.3662999881e+00 -2.6400000000e-01 1.0653273171e-01
     vertex 2.3761627212e+00 -2.6400000000e-01 1.0793351707e-01
     vertex 2.3292538789e+00 -1.7600000000e-01 1.0923603479e-01
   endloop
 endfacet
 facet normal  -7.6192437040e-02 -5.5350317042e-02 9.9555565135e-01
   outer loop
     vertex 2.3292538789e+00 -1.7600000000e-01 1.0923603479e-01
     vertex 2.3761627212e+00 -2.6400000000e-01 1.0793351707e-01
     vertex 2.3444400526e+00 -1.7600000000e-01 1.1039827176e-01
   endloop
 endfacet
 facet normal  -7.6192437040e-02 -5.5350317042e-02 9.9555565135e-01
   outer loop
     vertex 2.3761627212e+00 -2.6400000000e-01 1.0793351707e-01
     vertex 2.3892072550e+00 -2.6400000000e-01 1.0893184882e-01
     vertex 2.3444400526e+00 -1.7600000000e-01 1.1039827176e-01
   endloop
 endfacet
 facet normal  -2.6994491272e-02 -3.0382717822e-02 9.9917375261e-01
   outer loop
     vertex 2.3444400526e+00 -1.7600000000e-01 1.1039827176e-01
     vertex 2.3892072550e+00 -2.6400000000e-01 1.0893184882e-01
     vertex 2.3634202687e+00 -1.7600000000e-01 1.1091105673e-01
   endloop
 endfacet
 facet normal  -2.6994491272e-02 -3.0382717822e-02 9.9917375261e-01
   outer loop
     vertex 2.3892072550e+00 -2.6400000000e-01 1.0893184882e-01
     vertex 2.4055107740e+00 -2.6400000000e-01 1.0937231796e-01
     vertex 2.3634202687e+00 -1.7600000000e-01 1.1091105673e-01
   endloop
 endfacet
 facet normal  1.1501389815e-02 -1.1982127415e-02 9.9986206381e-01
   outer loop
     vertex 2.3634202687e+00 -1.7600000000e-01 1.1091105673e-01
     vertex 2.4055107740e+00 -2.6400000000e-01 1.0937231796e-01
     vertex 2.3856109320e+00 -1.7600000000e-01 1.1065579805e-01
   endloop
 endfacet
 facet normal  1.1501389815e-02 -1.1982127415e-02 9.9986206381e-01
   outer loop
     vertex 2.4055107740e+00 -2.6400000000e-01 1.0937231796e-01
     vertex 2.4245719848e+00 -2.6400000000e-01 1.0915305730e-01
     vertex 2.3856109320e+00 -1.7600000000e-01 1.1065579805e-01
   endloop
 endfacet
 facet normal  4.0848089624e-02 1.0227141681e-03 9.9916484507e-01
   outer loop
     vertex 2.3856109320e+00 -1.7600000000e-01 1.1065579805e-01
     vertex 2.4245719848e+00 -2.6400000000e-01 1.0915305730e-01
     vertex 2.4096561075e+00 -1.7600000000e-01 1.0967277759e-01
   endloop
 endfacet
 facet normal  4.0848089624e-02 1.0227141681e-03 9.9916484507e-01
   outer loop
     vertex 2.4245719848e+00 -2.6400000000e-01 1.0915305730e-01
     vertex 2.4452261740e+00 -2.6400000000e-01 1.0830866793e-01
     vertex 2.4096561075e+00 -1.7600000000e-01 1.0967277759e-01
   endloop
 endfacet
 facet normal  6.2289243067e-02 9.7072291431e-03 9.9801093175e-01
   outer loop
     vertex 2.4096561075e+00 -1.7600000000e-01 1.0967277759e-01
     vertex 2.4452261740e+00 -2.6400000000e-01 1.0830866793e-01
     vertex 2.4658577080e+00 -2.6400000000e-01 1.0702098400e-01
   endloop
 endfacet
 facet normal  6.2289243067e-02 9.7072291431e-03 9.9801093175e-01
   outer loop
     vertex 2.4096561075e+00 -1.7600000000e-01 1.0967277759e-01
     vertex 2.4658577080e+00 -2.6400000000e-01 1.0702098400e-01
     vertex 2.4336749083e+00 -1.7600000000e-01 1.0817368287e-01
   endloop
 endfacet
 facet normal  7.7627538666e-02 1.5331669405e-02 9.9686453701e-01
   outer loop
     vertex 2.4336749083e+00 -1.7600000000e-01 1.0817368287e-01
     vertex 2.4658577080e+00 -2.6400000000e-01 1.0702098400e-01
     vertex 2.4848633788e+00 -2.6400000000e-01 1.0554098006e-01
   endloop
 endfacet
 facet normal  7.7627538666e-02 1.5331669405e-02 9.9686453701e-01
   outer loop
     vertex 2.4336749083e+00 -1.7600000000e-01 1.0817368287e-01
     vertex 2.4848633788e+00 -2.6400000000e-01 1.0554098006e-01
     vertex 2.4558009131e+00 -1.7600000000e-01 1.0645069321e-01
   endloop
 endfacet
 facet normal  8.8779914321e-02 1.9025086248e-02 9.9586955617e-01
   outer loop
     vertex 2.4558009131e+00 -1.7600000000e-01 1.0645069321e-01
     vertex 2.4848633788e+00 -2.6400000000e-01 1.0554098006e-01
     vertex 2.5011095711e+00 -2.6400000000e-01 1.0409266231e-01
   endloop
 endfacet
 facet normal  8.8779914321e-02 1.9025086248e-02 9.9586955617e-01
   outer loop
     vertex 2.4558009131e+00 -1.7600000000e-01 1.0645069321e-01
     vertex 2.5011095711e+00 -2.6400000000e-01 1.0409266231e-01
     vertex 2.4747143906e+00 -1.7600000000e-01 1.0476459194e-01
   endloop
 endfacet
 facet normal  9.7170571146e-02 2.1548200267e-02 9.9503444924e-01
   outer loop
     vertex 2.4747143906e+00 -1.7600000000e-01 1.0476459194e-01
     vertex 2.5011095711e+00 -2.6400000000e-01 1.0409266231e-01
     vertex 2.5141319248e+00 -2.6400000000e-01 1.0282095805e-01
   endloop
 endfacet
 facet normal  9.7170571146e-02 2.1548200267e-02 9.9503444924e-01
   outer loop
     vertex 2.4747143906e+00 -1.7600000000e-01 1.0476459194e-01
     vertex 2.5141319248e+00 -2.6400000000e-01 1.0282095805e-01
     vertex 2.4898747428e+00 -1.7600000000e-01 1.0328410041e-01
   endloop
 endfacet
 facet normal  1.0360570334e-01 2.3325672252e-02 9.9434489552e-01
   outer loop
     vertex 2.4898747428e+00 -1.7600000000e-01 1.0328410041e-01
     vertex 2.5141319248e+00 -2.6400000000e-01 1.0282095805e-01
     vertex 2.5240422646e+00 -2.6400000000e-01 1.0178835082e-01
   endloop
 endfacet
 facet normal  1.0360570334e-01 2.3325672252e-02 9.9434489552e-01
   outer loop
     vertex 2.4898747428e+00 -1.7600000000e-01 1.0328410041e-01
     vertex 2.5240422646e+00 -2.6400000000e-01 1.0178835082e-01
     vertex 2.5014121533e+00 -1.7600000000e-01 1.0208196065e-01
   endloop
 endfacet
 facet normal  1.0855602573e-01 2.4600564017e-02 9.9378589320e-01
   outer loop
     vertex 2.5014121533e+00 -1.7600000000e-01 1.0208196065e-01
     vertex 2.5240422646e+00 -2.6400000000e-01 1.0178835082e-01
     vertex 2.5312903895e+00 -2.6400000000e-01 1.0099660318e-01
   endloop
 endfacet
 facet normal  1.0855602573e-01 2.4600564017e-02 9.9378589320e-01
   outer loop
     vertex 2.5014121533e+00 -1.7600000000e-01 1.0208196065e-01
     vertex 2.5312903895e+00 -2.6400000000e-01 1.0099660318e-01
     vertex 2.5098502689e+00 -1.7600000000e-01 1.0116022459e-01
   endloop
 endfacet
 facet normal  1.1227743165e-01 2.5508050429e-02 9.9334944390e-01
   outer loop
     vertex 2.5098502689e+00 -1.7600000000e-01 1.0116022459e-01
     vertex 2.5312903895e+00 -2.6400000000e-01 1.0099660318e-01
     vertex 2.5364388279e+00 -2.6400000000e-01 1.0041467962e-01
   endloop
 endfacet
 facet normal  1.1227743165e-01 2.5508050429e-02 9.9334944390e-01
   outer loop
     vertex 2.5098502689e+00 -1.7600000000e-01 1.0116022459e-01
     vertex 2.5364388279e+00 -2.6400000000e-01 1.0041467962e-01
     vertex 2.5158439733e+00 -1.7600000000e-01 1.0048276135e-01
   endloop
 endfacet
 facet normal  1.1497157669e-01 2.6138818910e-02 9.9302482280e-01
   outer loop
     vertex 2.5158439733e+00 -1.7600000000e-01 1.0048276135e-01
     vertex 2.5364388279e+00 -2.6400000000e-01 1.0041467962e-01
     vertex 2.5400204711e+00 -2.6400000000e-01 1.0000000000e-01
   endloop
 endfacet
 facet normal  1.1497157669e-01 2.6138818910e-02 9.9302482280e-01
   outer loop
     vertex 2.5158439733e+00 -1.7600000000e-01 1.0048276135e-01
     vertex 2.5400204711e+00 -2.6400000000e-01 1.0000000000e-01
     vertex 2.5200136474e+00 -1.7600000000e-01 1.0000000000e-01
   endloop
 endfacet
 facet normal  1.1497157669e-01 2.6138818910e-02 -9.9302482280e-01
   outer loop
     vertex 2.5400204711e+00 -2.6400000000e-01 1.0000000000e-01
     vertex 2.5600272948e+00 -3.5200000000e-01 1.0000000000e-01
     vertex 2.5364388279e+00 -2.6400000000e-01 9.9585320376e-02
   endloop
 endfacet
 facet normal  1.1497157669e-01 2.6138818910e-02 -9.9302482280e-01
   outer loop
     vertex 2.5600272948e+00 -3.5200000000e-01 1.0000000000e-01
     vertex 2.5570336826e+00 -3.5200000000e-01 9.9653402105e-02
     vertex 2.5364388279e+00 -2.6400000000e-01 9.9585320376e-02
   endloop
 endfacet
 facet normal  1.1227743165e-01 2.5508050429e-02 -9.9334944390e-01
   outer loop
     vertex 2.5364388279e+00 -2.6400000000e-01 9.9585320376e-02
     vertex 2.5570336826e+00 -3.5200000000e-01 9.9653402105e-02
     vertex 2.5312903895e+00 -2.6400000000e-01 9.9003396823e-02
   endloop
 endfacet
 facet normal  1.1227743165e-01 2.5508050429e-02 -9.9334944390e-01
   outer loop
     vertex 2.5570336826e+00 -3.5200000000e-01 9.9653402105e-02
     vertex 2.5527305102e+00 -3.5200000000e-01 9.9167018240e-02
     vertex 2.5312903895e+00 -2.6400000000e-01 9.9003396823e-02
   endloop
 endfacet
 facet normal  1.0855602573e-01 2.4600564017e-02 -9.9378589320e-01
   outer loop
     vertex 2.5312903895e+00 -2.6400000000e-01 9.9003396823e-02
     vertex 2.5527305102e+00 -3.5200000000e-01 9.9167018240e-02
     vertex 2.5240422646e+00 -2.6400000000e-01 9.8211649185e-02
   endloop
 endfacet
 facet normal  1.0855602573e-01 2.4600564017e-02 -9.9378589320e-01
   outer loop
     vertex 2.5527305102e+00 -3.5200000000e-01 9.9167018240e-02
     vertex 2.5466723759e+00 -3.5200000000e-01 9.8505259020e-02
     vertex 2.5240422646e+00 -2.6400000000e-01 9.8211649185e-02
   endloop
 endfacet
 facet normal  1.0360570334e-01 2.3325672252e-02 -9.9434489552e-01
   outer loop
     vertex 2.5240422646e+00 -2.6400000000e-01 9.8211649185e-02
     vertex 2.5466723759e+00 -3.5200000000e-01 9.8505259020e-02
     vertex 2.5141319248e+00 -2.6400000000e-01 9.7179041953e-02
   endloop
 endfacet
 facet normal  1.0360570334e-01 2.3325672252e-02 -9.9434489552e-01
   outer loop
     vertex 2.5466723759e+00 -3.5200000000e-01 9.8505259020e-02
     vertex 2.5383891068e+00 -3.5200000000e-01 9.7642184319e-02
     vertex 2.5141319248e+00 -2.6400000000e-01 9.7179041953e-02
   endloop
 endfacet
 facet normal  9.7170571146e-02 2.1548200267e-02 -9.9503444924e-01
   outer loop
     vertex 2.5141319248e+00 -2.6400000000e-01 9.7179041953e-02
     vertex 2.5383891068e+00 -3.5200000000e-01 9.7642184319e-02
     vertex 2.5011095711e+00 -2.6400000000e-01 9.5907337691e-02
   endloop
 endfacet
 facet normal  9.7170571146e-02 2.1548200267e-02 -9.9503444924e-01
   outer loop
     vertex 2.5383891068e+00 -3.5200000000e-01 9.7642184319e-02
     vertex 2.5275047515e+00 -3.5200000000e-01 9.6579267324e-02
     vertex 2.5011095711e+00 -2.6400000000e-01 9.5907337691e-02
   endloop
 endfacet
 facet normal  8.8779914321e-02 1.9025086248e-02 -9.9586955617e-01
   outer loop
     vertex 2.5011095711e+00 -2.6400000000e-01 9.5907337691e-02
     vertex 2.5275047515e+00 -3.5200000000e-01 9.6579267324e-02
     vertex 2.4848633788e+00 -2.6400000000e-01 9.4459019939e-02
   endloop
 endfacet
 facet normal  8.8779914321e-02 1.9025086248e-02 -9.9586955617e-01
   outer loop
     vertex 2.5275047515e+00 -3.5200000000e-01 9.6579267324e-02
     vertex 2.5139258445e+00 -3.5200000000e-01 9.5368733083e-02
     vertex 2.4848633788e+00 -2.6400000000e-01 9.4459019939e-02
   endloop
 endfacet
 facet normal  7.7627538666e-02 1.5331669405e-02 -9.9686453701e-01
   outer loop
     vertex 2.4848633788e+00 -2.6400000000e-01 9.4459019939e-02
     vertex 2.5139258445e+00 -3.5200000000e-01 9.5368733083e-02
     vertex 2.4658577080e+00 -2.6400000000e-01 9.2979016000e-02
   endloop
 endfacet
 facet normal  7.7627538666e-02 1.5331669405e-02 -9.9686453701e-01
   outer loop
     vertex 2.5139258445e+00 -3.5200000000e-01 9.5368733083e-02
     vertex 2.4980405077e+00 -3.5200000000e-01 9.4131714866e-02
     vertex 2.4658577080e+00 -2.6400000000e-01 9.2979016000e-02
   endloop
 endfacet
 facet normal  6.2289243067e-02 9.7072291431e-03 -9.9801093175e-01
   outer loop
     vertex 2.4658577080e+00 -2.6400000000e-01 9.2979016000e-02
     vertex 2.4980405077e+00 -3.5200000000e-01 9.4131714866e-02
     vertex 2.4452261740e+00 -2.6400000000e-01 9.1691332072e-02
   endloop
 endfacet
 facet normal  6.2289243067e-02 9.7072291431e-03 -9.9801093175e-01
   outer loop
     vertex 2.4980405077e+00 -3.5200000000e-01 9.4131714866e-02
     vertex 2.4807962405e+00 -3.5200000000e-01 9.3055441732e-02
     vertex 2.4452261740e+00 -2.6400000000e-01 9.1691332072e-02
   endloop
 endfacet
 facet normal  4.0848089624e-02 1.0227141681e-03 -9.9916484507e-01
   outer loop
     vertex 2.4452261740e+00 -2.6400000000e-01 9.1691332072e-02
     vertex 2.4807962405e+00 -3.5200000000e-01 9.3055441732e-02
     vertex 2.4635330375e+00 -3.5200000000e-01 9.2349683452e-02
   endloop
 endfacet
 facet normal  4.0848089624e-02 1.0227141681e-03 -9.9916484507e-01
   outer loop
     vertex 2.4452261740e+00 -2.6400000000e-01 9.1691332072e-02
     vertex 2.4635330375e+00 -3.5200000000e-01 9.2349683452e-02
     vertex 2.4245719848e+00 -2.6400000000e-01 9.0846942701e-02
   endloop
 endfacet
 facet normal  1.1501389815e-02 -1.1982127415e-02 -9.9986206381e-01
   outer loop
     vertex 2.4245719848e+00 -2.6400000000e-01 9.0846942701e-02
     vertex 2.4635330375e+00 -3.5200000000e-01 9.2349683452e-02
     vertex 2.4476012793e+00 -3.5200000000e-01 9.2166420811e-02
   endloop
 endfacet
 facet normal  1.1501389815e-02 -1.1982127415e-02 -9.9986206381e-01
   outer loop
     vertex 2.4245719848e+00 -2.6400000000e-01 9.0846942701e-02
     vertex 2.4476012793e+00 -3.5200000000e-01 9.2166420811e-02
     vertex 2.4055107740e+00 -2.6400000000e-01 9.0627682042e-02
   endloop
 endfacet
 facet normal  -2.6994491272e-02 -3.0382717822e-02 -9.9917375261e-01
   outer loop
     vertex 2.4055107740e+00 -2.6400000000e-01 9.0627682042e-02
     vertex 2.4476012793e+00 -3.5200000000e-01 9.2166420811e-02
     vertex 2.4339744575e+00 -3.5200000000e-01 9.2534574120e-02
   endloop
 endfacet
 facet normal  -2.6994491272e-02 -3.0382717822e-02 -9.9917375261e-01
   outer loop
     vertex 2.4055107740e+00 -2.6400000000e-01 9.0627682042e-02
     vertex 2.4339744575e+00 -3.5200000000e-01 9.2534574120e-02
     vertex 2.3892072550e+00 -2.6400000000e-01 9.1068151179e-02
   endloop
 endfacet
 facet normal  -7.6192437040e-02 -5.5350317042e-02 -9.9555565135e-01
   outer loop
     vertex 2.3892072550e+00 -2.6400000000e-01 9.1068151179e-02
     vertex 2.4339744575e+00 -3.5200000000e-01 9.2534574120e-02
     vertex 2.4230715635e+00 -3.5200000000e-01 9.3369000662e-02
   endloop
 endfacet
 facet normal  -7.6192437040e-02 -5.5350317042e-02 -9.9555565135e-01
   outer loop
     vertex 2.3892072550e+00 -2.6400000000e-01 9.1068151179e-02
     vertex 2.4230715635e+00 -3.5200000000e-01 9.3369000662e-02
     vertex 2.3761627212e+00 -2.6400000000e-01 9.2066482934e-02
   endloop
 endfacet
 facet normal  -1.4005572522e-01 -8.9253195524e-02 -9.8611270194e-01
   outer loop
     vertex 2.3761627212e+00 -2.6400000000e-01 9.2066482934e-02
     vertex 2.4230715635e+00 -3.5200000000e-01 9.3369000662e-02
     vertex 2.4148280852e+00 -3.5200000000e-01 9.4539806330e-02
   endloop
 endfacet
 facet normal  -1.4005572522e-01 -8.9253195524e-02 -9.8611270194e-01
   outer loop
     vertex 2.3761627212e+00 -2.6400000000e-01 9.2066482934e-02
     vertex 2.4148280852e+00 -3.5200000000e-01 9.4539806330e-02
     vertex 2.3662999881e+00 -2.6400000000e-01 9.3467268288e-02
   endloop
 endfacet
 facet normal  -2.3061499915e-01 -1.3891187939e-01 -9.6307850767e-01
   outer loop
     vertex 2.3662999881e+00 -2.6400000000e-01 9.3467268288e-02
     vertex 2.4148280852e+00 -3.5200000000e-01 9.4539806330e-02
     vertex 2.4089048503e+00 -3.5200000000e-01 9.5958160898e-02
   endloop
 endfacet
 facet normal  -2.3061499915e-01 -1.3891187939e-01 -9.6307850767e-01
   outer loop
     vertex 2.3662999881e+00 -2.6400000000e-01 9.3467268288e-02
     vertex 2.4089048503e+00 -3.5200000000e-01 9.5958160898e-02
     vertex 2.3592132607e+00 -2.6400000000e-01 9.5164228217e-02
   endloop
 endfacet
 facet normal  -3.8645556674e-01 -2.2628931962e-01 -8.9411701626e-01
   outer loop
     vertex 2.3592132607e+00 -2.6400000000e-01 9.5164228217e-02
     vertex 2.4089048503e+00 -3.5200000000e-01 9.5958160898e-02
     vertex 2.4049406001e+00 -3.5200000000e-01 9.7671590511e-02
   endloop
 endfacet
 facet normal  -3.8645556674e-01 -2.2628931962e-01 -8.9411701626e-01
   outer loop
     vertex 2.3592132607e+00 -2.6400000000e-01 9.5164228217e-02
     vertex 2.4049406001e+00 -3.5200000000e-01 9.7671590511e-02
     vertex 2.3544703185e+00 -2.6400000000e-01 9.7214224361e-02
   endloop
 endfacet
 facet normal  -7.3034077773e-01 -4.2166244462e-01 -5.3740406696e-01
   outer loop
     vertex 2.3544703185e+00 -2.6400000000e-01 9.7214224361e-02
     vertex 2.4049406001e+00 -3.5200000000e-01 9.7671590511e-02
     vertex 2.4032272948e+00 -3.5200000000e-01 1.0000000000e-01
   endloop
 endfacet
 facet normal  -7.3034077773e-01 -4.2166244462e-01 -5.3740406696e-01
   outer loop
     vertex 2.3544703185e+00 -2.6400000000e-01 9.7214224361e-02
     vertex 2.4032272948e+00 -3.5200000000e-01 1.0000000000e-01
     vertex 2.3524204711e+00 -2.6400000000e-01 1.0000000000e-01
   endloop
 endfacet
 facet normal  -7.3034077773e-01 -4.2166244462e-01 5.3740406696e-01
   outer loop
     vertex 2.3524204711e+00 -2.6400000000e-01 1.0000000000e-01
     vertex 2.4032272948e+00 -3.5200000000e-01 1.0000000000e-01
     vertex 2.3544703185e+00 -2.6400000000e-01 1.0278577564e-01
   endloop
 endfacet
 facet normal  -7.3034077773e-01 -4.2166244462e-01 5.3740406696e-01
   outer loop
     vertex 2.4032272948e+00 -3.5200000000e-01 1.0000000000e-01
     vertex 2.4049406001e+00 -3.5200000000e-01 1.0232840949e-01
     vertex 2.3544703185e+00 -2.6400000000e-01 1.0278577564e-01
   endloop
 endfacet
 facet normal  -3.8645556674e-01 -2.2628931962e-01 8.9411701626e-01
   outer loop
     vertex 2.3544703185e+00 -2.6400000000e-01 1.0278577564e-01
     vertex 2.4049406001e+00 -3.5200000000e-01 1.0232840949e-01
     vertex 2.3592132607e+00 -2.6400000000e-01 1.0483577178e-01
   endloop
 endfacet
 facet normal  -3.8645556674e-01 -2.2628931962e-01 8.9411701626e-01
   outer loop
     vertex 2.4049406001e+00 -3.5200000000e-01 1.0232840949e-01
     vertex 2.4089048503e+00 -3.5200000000e-01 1.0404183910e-01
     vertex 2.3592132607e+00 -2.6400000000e-01 1.0483577178e-01
   endloop
 endfacet
 facet normal  -2.3061499915e-01 -1.3891187939e-01 9.6307850767e-01
   outer loop
     vertex 2.3592132607e+00 -2.6400000000e-01 1.0483577178e-01
     vertex 2.4089048503e+00 -3.5200000000e-01 1.0404183910e-01
     vertex 2.3662999881e+00 -2.6400000000e-01 1.0653273171e-01
   endloop
 endfacet
 facet normal  -2.3061499915e-01 -1.3891187939e-01 9.6307850767e-01
   outer loop
     vertex 2.4089048503e+00 -3.5200000000e-01 1.0404183910e-01
     vertex 2.4148280852e+00 -3.5200000000e-01 1.0546019367e-01
     vertex 2.3662999881e+00 -2.6400000000e-01 1.0653273171e-01
   endloop
 endfacet
 facet normal  -1.4005572522e-01 -8.9253195524e-02 9.8611270194e-01
   outer loop
     vertex 2.3662999881e+00 -2.6400000000e-01 1.0653273171e-01
     vertex 2.4148280852e+00 -3.5200000000e-01 1.0546019367e-01
     vertex 2.3761627212e+00 -2.6400000000e-01 1.0793351707e-01
   endloop
 endfacet
 facet normal  -1.4005572522e-01 -8.9253195524e-02 9.8611270194e-01
   outer loop
     vertex 2.4148280852e+00 -3.5200000000e-01 1.0546019367e-01
     vertex 2.4230715635e+00 -3.5200000000e-01 1.0663099934e-01
     vertex 2.3761627212e+00 -2.6400000000e-01 1.0793351707e-01
   endloop
 endfacet
 facet normal  -7.6192437040e-02 -5.5350317042e-02 9.9555565135e-01
   outer loop
     vertex 2.3761627212e+00 -2.6400000000e-01 1.0793351707e-01
     vertex 2.4230715635e+00 -3.5200000000e-01 1.0663099934e-01
     vertex 2.3892072550e+00 -2.6400000000e-01 1.0893184882e-01
   endloop
 endfacet
 facet normal  -7.6192437040e-02 -5.5350317042e-02 9.9555565135e-01
   outer loop
     vertex 2.4230715635e+00 -3.5200000000e-01 1.0663099934e-01
     vertex 2.4339744575e+00 -3.5200000000e-01 1.0746542588e-01
     vertex 2.3892072550e+00 -2.6400000000e-01 1.0893184882e-01
   endloop
 endfacet
 facet normal  -2.6994491272e-02 -3.0382717822e-02 9.9917375261e-01
   outer loop
     vertex 2.3892072550e+00 -2.6400000000e-01 1.0893184882e-01
     vertex 2.4339744575e+00 -3.5200000000e-01 1.0746542588e-01
     vertex 2.4055107740e+00 -2.6400000000e-01 1.0937231796e-01
   endloop
 endfacet
 facet normal  -2.6994491272e-02 -3.0382717822e-02 9.9917375261e-01
   outer loop
     vertex 2.4339744575e+00 -3.5200000000e-01 1.0746542588e-01
     vertex 2.4476012793e+00 -3.5200000000e-01 1.0783357919e-01
     vertex 2.4055107740e+00 -2.6400000000e-01 1.0937231796e-01
   endloop
 endfacet
 facet normal  1.1501389815e-02 -1.1982127415e-02 9.9986206381e-01
   outer loop
     vertex 2.4055107740e+00 -2.6400000000e-01 1.0937231796e-01
     vertex 2.4476012793e+00 -3.5200000000e-01 1.0783357919e-01
     vertex 2.4245719848e+00 -2.6400000000e-01 1.0915305730e-01
   endloop
 endfacet
 facet normal  1.1501389815e-02 -1.1982127415e-02 9.9986206381e-01
   outer loop
     vertex 2.4476012793e+00 -3.5200000000e-01 1.0783357919e-01
     vertex 2.4635330375e+00 -3.5200000000e-01 1.0765031655e-01
     vertex 2.4245719848e+00 -2.6400000000e-01 1.0915305730e-01
   endloop
 endfacet
 facet normal  4.0848089624e-02 1.0227141681e-03 9.9916484507e-01
   outer loop
     vertex 2.4245719848e+00 -2.6400000000e-01 1.0915305730e-01
     vertex 2.4635330375e+00 -3.5200000000e-01 1.0765031655e-01
     vertex 2.4452261740e+00 -2.6400000000e-01 1.0830866793e-01
   endloop
 endfacet
 facet normal  4.0848089624e-02 1.0227141681e-03 9.9916484507e-01
   outer loop
     vertex 2.4635330375e+00 -3.5200000000e-01 1.0765031655e-01
     vertex 2.4807962405e+00 -3.5200000000e-01 1.0694455827e-01
     vertex 2.4452261740e+00 -2.6400000000e-01 1.0830866793e-01
   endloop
 endfacet
 facet normal  6.2289243067e-02 9.7072291431e-03 9.9801093175e-01
   outer loop
     vertex 2.4452261740e+00 -2.6400000000e-01 1.0830866793e-01
     vertex 2.4807962405e+00 -3.5200000000e-01 1.0694455827e-01
     vertex 2.4980405077e+00 -3.5200000000e-01 1.0586828513e-01
   endloop
 endfacet
 facet normal  6.2289243067e-02 9.7072291431e-03 9.9801093175e-01
   outer loop
     vertex 2.4452261740e+00 -2.6400000000e-01 1.0830866793e-01
     vertex 2.4980405077e+00 -3.5200000000e-01 1.0586828513e-01
     vertex 2.4658577080e+00 -2.6400000000e-01 1.0702098400e-01
   endloop
 endfacet
 facet normal  7.7627538666e-02 1.5331669405e-02 9.9686453701e-01
   outer loop
     vertex 2.4658577080e+00 -2.6400000000e-01 1.0702098400e-01
     vertex 2.4980405077e+00 -3.5200000000e-01 1.0586828513e-01
     vertex 2.5139258445e+00 -3.5200000000e-01 1.0463126692e-01
   endloop
 endfacet
 facet normal  7.7627538666e-02 1.5331669405e-02 9.9686453701e-01
   outer loop
     vertex 2.4658577080e+00 -2.6400000000e-01 1.0702098400e-01
     vertex 2.5139258445e+00 -3.5200000000e-01 1.0463126692e-01
     vertex 2.4848633788e+00 -2.6400000000e-01 1.0554098006e-01
   endloop
 endfacet
 facet normal  8.8779914321e-02 1.9025086248e-02 9.9586955617e-01
   outer loop
     vertex 2.4848633788e+00 -2.6400000000e-01 1.0554098006e-01
     vertex 2.5139258445e+00 -3.5200000000e-01 1.0463126692e-01
     vertex 2.5275047515e+00 -3.5200000000e-01 1.0342073268e-01
   endloop
 endfacet
 facet normal  8.8779914321e-02 1.9025086248e-02 9.9586955617e-01
   outer loop
     vertex 2.4848633788e+00 -2.6400000000e-01 1.0554098006e-01
     vertex 2.5275047515e+00 -3.5200000000e-01 1.0342073268e-01
     vertex 2.5011095711e+00 -2.6400000000e-01 1.0409266231e-01
   endloop
 endfacet
 facet normal  9.7170571146e-02 2.1548200267e-02 9.9503444924e-01
   outer loop
     vertex 2.5011095711e+00 -2.6400000000e-01 1.0409266231e-01
     vertex 2.5275047515e+00 -3.5200000000e-01 1.0342073268e-01
     vertex 2.5383891068e+00 -3.5200000000e-01 1.0235781568e-01
   endloop
 endfacet
 facet normal  9.7170571146e-02 2.1548200267e-02 9.9503444924e-01
   outer loop
     vertex 2.5011095711e+00 -2.6400000000e-01 1.0409266231e-01
     vertex 2.5383891068e+00 -3.5200000000e-01 1.0235781568e-01
     vertex 2.5141319248e+00 -2.6400000000e-01 1.0282095805e-01
   endloop
 endfacet
 facet normal  1.0360570334e-01 2.3325672252e-02 9.9434489552e-01
   outer loop
     vertex 2.5141319248e+00 -2.6400000000e-01 1.0282095805e-01
     vertex 2.5383891068e+00 -3.5200000000e-01 1.0235781568e-01
     vertex 2.5466723759e+00 -3.5200000000e-01 1.0149474098e-01
   endloop
 endfacet
 facet normal  1.0360570334e-01 2.3325672252e-02 9.9434489552e-01
   outer loop
     vertex 2.5141319248e+00 -2.6400000000e-01 1.0282095805e-01
     vertex 2.5466723759e+00 -3.5200000000e-01 1.0149474098e-01
     vertex 2.5240422646e+00 -2.6400000000e-01 1.0178835082e-01
   endloop
 endfacet
 facet normal  1.0855602573e-01 2.4600564017e-02 9.9378589320e-01
   outer loop
     vertex 2.5240422646e+00 -2.6400000000e-01 1.0178835082e-01
     vertex 2.5466723759e+00 -3.5200000000e-01 1.0149474098e-01
     vertex 2.5527305102e+00 -3.5200000000e-01 1.0083298176e-01
   endloop
 endfacet
 facet normal  1.0855602573e-01 2.4600564017e-02 9.9378589320e-01
   outer loop
     vertex 2.5240422646e+00 -2.6400000000e-01 1.0178835082e-01
     vertex 2.5527305102e+00 -3.5200000000e-01 1.0083298176e-01
     vertex 2.5312903895e+00 -2.6400000000e-01 1.0099660318e-01
   endloop
 endfacet
 facet normal  1.1227743165e-01 2.5508050429e-02 9.9334944390e-01
   outer loop
     vertex 2.5312903895e+00 -2.6400000000e-01 1.0099660318e-01
     vertex 2.5527305102e+00 -3.5200000000e-01 1.0083298176e-01
     vertex 2.5570336826e+00 -3.5200000000e-01 1.0034659789e-01
   endloop
 endfacet
 facet normal  1.1227743165e-01 2.5508050429e-02 9.9334944390e-01
   outer loop
     vertex 2.5312903895e+00 -2.6400000000e-01 1.0099660318e-01
     vertex 2.5570336826e+00 -3.5200000000e-01 1.0034659789e-01
     vertex 2.5364388279e+00 -2.6400000000e-01 1.0041467962e-01
   endloop
 endfacet
 facet normal  1.1497157669e-01 2.6138818910e-02 9.9302482280e-01
   outer loop
     vertex 2.5364388279e+00 -2.6400000000e-01 1.0041467962e-01
     vertex 2.5570336826e+00 -3.5200000000e-01 1.0034659789e-01
     vertex 2.5600272948e+00 -3.5200000000e-01 1.0000000000e-01
   endloop
 endfacet
 facet normal  1.1497157669e-01 2.6138818910e-02 9.9302482280e-01
   outer loop
     vertex 2.5364388279e+00 -2.6400000000e-01 1.0041467962e-01
     vertex 2.5600272948e+00 -3.5200000000e-01 1.0000000000e-01
     vertex 2.5400204711e+00 -2.6400000000e-01 1.0000000000e-01
   endloop
 endfacet
 facet normal  1.1497157669e-01 2.6138818910e-02 -9.9302482280e-01
   outer loop
     vertex 2.5600272948e+00 -3.5200000000e-01 1.0000000000e-01
     vertex 2.5800341184e+00 -4.4000000000e-01 1.0000000000e-01
     vertex 2.5570336826e+00 -3.5200000000e-01 9.9653402105e-02
   endloop
 endfacet
 facet normal  1.1497157669e-01 2.6138818910e-02 -9.9302482280e-01
   outer loop
     vertex 2.5800341184e+00 -4.4000000000e-01 1.0000000000e-01
     vertex 2.5776285372e+00 -4.4000000000e-01 9.9721483835e-02
     vertex 2.5570336826e+00 -3.5200000000e-01 9.9653402105e-02
   endloop
 endfacet
 facet normal  1.1227743165e-01 2.5508050429e-02 -9.9334944390e-01
   outer loop
     vertex 2.5570336826e+00 -3.5200000000e-01 9.9653402105e-02
     vertex 2.5776285372e+00 -4.4000000000e-01 9.9721483835e-02
     vertex 2.5527305102e+00 -3.5200000000e-01 9.9167018240e-02
   endloop
 endfacet
 facet normal  1.1227743165e-01 2.5508050429e-02 -9.9334944390e-01
   outer loop
     vertex 2.5776285372e+00 -4.4000000000e-01 9.9721483835e-02
     vertex 2.5741706309e+00 -4.4000000000e-01 9.9330639658e-02
     vertex 2.5527305102e+00 -3.5200000000e-01 9.9167018240e-02
   endloop
 endfacet
 facet normal  1.0855602573e-01 2.4600564017e-02 -9.9378589320e-01
   outer loop
     vertex 2.5527305102e+00 -3.5200000000e-01 9.9167018240e-02
     vertex 2.5741706309e+00 -4.4000000000e-01 9.9330639658e-02
     vertex 2.5466723759e+00 -3.5200000000e-01 9.8505259020e-02
   endloop
 endfacet
 facet normal  1.0855602573e-01 2.4600564017e-02 -9.9378589320e-01
   outer loop
     vertex 2.5741706309e+00 -4.4000000000e-01 9.9330639658e-02
     vertex 2.5693024873e+00 -4.4000000000e-01 9.8798868855e-02
     vertex 2.5466723759e+00 -3.5200000000e-01 9.8505259020e-02
   endloop
 endfacet
 facet normal  1.0360570334e-01 2.3325672252e-02 -9.9434489552e-01
   outer loop
     vertex 2.5466723759e+00 -3.5200000000e-01 9.8505259020e-02
     vertex 2.5693024873e+00 -4.4000000000e-01 9.8798868855e-02
     vertex 2.5383891068e+00 -3.5200000000e-01 9.7642184319e-02
   endloop
 endfacet
 facet normal  1.0360570334e-01 2.3325672252e-02 -9.9434489552e-01
   outer loop
     vertex 2.5693024873e+00 -4.4000000000e-01 9.8798868855e-02
     vertex 2.5626462889e+00 -4.4000000000e-01 9.8105326685e-02
     vertex 2.5383891068e+00 -3.5200000000e-01 9.7642184319e-02
   endloop
 endfacet
 facet normal  9.7170571146e-02 2.1548200267e-02 -9.9503444924e-01
   outer loop
     vertex 2.5383891068e+00 -3.5200000000e-01 9.7642184319e-02
     vertex 2.5626462889e+00 -4.4000000000e-01 9.8105326685e-02
     vertex 2.5275047515e+00 -3.5200000000e-01 9.6579267324e-02
   endloop
 endfacet
 facet normal  9.7170571146e-02 2.1548200267e-02 -9.9503444924e-01
   outer loop
     vertex 2.5626462889e+00 -4.4000000000e-01 9.8105326685e-02
     vertex 2.5538999319e+00 -4.4000000000e-01 9.7251196957e-02
     vertex 2.5275047515e+00 -3.5200000000e-01 9.6579267324e-02
   endloop
 endfacet
 facet normal  8.8779914321e-02 1.9025086248e-02 -9.9586955617e-01
   outer loop
     vertex 2.5275047515e+00 -3.5200000000e-01 9.6579267324e-02
     vertex 2.5538999319e+00 -4.4000000000e-01 9.7251196957e-02
     vertex 2.5139258445e+00 -3.5200000000e-01 9.5368733083e-02
   endloop
 endfacet
 facet normal  8.8779914321e-02 1.9025086248e-02 -9.9586955617e-01
   outer loop
     vertex 2.5538999319e+00 -4.4000000000e-01 9.7251196957e-02
     vertex 2.5429883102e+00 -4.4000000000e-01 9.6278446228e-02
     vertex 2.5139258445e+00 -3.5200000000e-01 9.5368733083e-02
   endloop
 endfacet
 facet normal  7.7627538666e-02 1.5331669405e-02 -9.9686453701e-01
   outer loop
     vertex 2.5139258445e+00 -3.5200000000e-01 9.5368733083e-02
     vertex 2.5429883102e+00 -4.4000000000e-01 9.6278446228e-02
     vertex 2.4980405077e+00 -3.5200000000e-01 9.4131714866e-02
   endloop
 endfacet
 facet normal  7.7627538666e-02 1.5331669405e-02 -9.9686453701e-01
   outer loop
     vertex 2.5429883102e+00 -4.4000000000e-01 9.6278446228e-02
     vertex 2.5302233075e+00 -4.4000000000e-01 9.5284413731e-02
     vertex 2.4980405077e+00 -3.5200000000e-01 9.4131714866e-02
   endloop
 endfacet
 facet normal  6.2289243067e-02 9.7072291431e-03 -9.9801093175e-01
   outer loop
     vertex 2.4980405077e+00 -3.5200000000e-01 9.4131714866e-02
     vertex 2.5302233075e+00 -4.4000000000e-01 9.5284413731e-02
     vertex 2.4807962405e+00 -3.5200000000e-01 9.3055441732e-02
   endloop
 endfacet
 facet normal  6.2289243067e-02 9.7072291431e-03 -9.9801093175e-01
   outer loop
     vertex 2.5302233075e+00 -4.4000000000e-01 9.5284413731e-02
     vertex 2.5163663070e+00 -4.4000000000e-01 9.4419551391e-02
     vertex 2.4807962405e+00 -3.5200000000e-01 9.3055441732e-02
   endloop
 endfacet
 facet normal  4.0848089624e-02 1.0227141681e-03 -9.9916484507e-01
   outer loop
     vertex 2.4807962405e+00 -3.5200000000e-01 9.3055441732e-02
     vertex 2.5163663070e+00 -4.4000000000e-01 9.4419551391e-02
     vertex 2.5024940903e+00 -4.4000000000e-01 9.3852424202e-02
   endloop
 endfacet
 facet normal  4.0848089624e-02 1.0227141681e-03 -9.9916484507e-01
   outer loop
     vertex 2.4807962405e+00 -3.5200000000e-01 9.3055441732e-02
     vertex 2.5024940903e+00 -4.4000000000e-01 9.3852424202e-02
     vertex 2.4635330375e+00 -3.5200000000e-01 9.2349683452e-02
   endloop
 endfacet
 facet normal  1.1501389815e-02 -1.1982127415e-02 -9.9986206381e-01
   outer loop
     vertex 2.4635330375e+00 -3.5200000000e-01 9.2349683452e-02
     vertex 2.5024940903e+00 -4.4000000000e-01 9.3852424202e-02
     vertex 2.4896917846e+00 -4.4000000000e-01 9.3705159580e-02
   endloop
 endfacet
 facet normal  1.1501389815e-02 -1.1982127415e-02 -9.9986206381e-01
   outer loop
     vertex 2.4635330375e+00 -3.5200000000e-01 9.2349683452e-02
     vertex 2.4896917846e+00 -4.4000000000e-01 9.3705159580e-02
     vertex 2.4476012793e+00 -3.5200000000e-01 9.2166420811e-02
   endloop
 endfacet
 facet normal  -2.6994491272e-02 -3.0382717822e-02 -9.9917375261e-01
   outer loop
     vertex 2.4476012793e+00 -3.5200000000e-01 9.2166420811e-02
     vertex 2.4896917846e+00 -4.4000000000e-01 9.3705159580e-02
     vertex 2.4787416599e+00 -4.4000000000e-01 9.4000997061e-02
   endloop
 endfacet
 facet normal  -2.6994491272e-02 -3.0382717822e-02 -9.9917375261e-01
   outer loop
     vertex 2.4476012793e+00 -3.5200000000e-01 9.2166420811e-02
     vertex 2.4787416599e+00 -4.4000000000e-01 9.4000997061e-02
     vertex 2.4339744575e+00 -3.5200000000e-01 9.2534574120e-02
   endloop
 endfacet
 facet normal  -7.6192437040e-02 -5.5350317042e-02 -9.9555565135e-01
   outer loop
     vertex 2.4339744575e+00 -3.5200000000e-01 9.2534574120e-02
     vertex 2.4787416599e+00 -4.4000000000e-01 9.4000997061e-02
     vertex 2.4699804058e+00 -4.4000000000e-01 9.4671518389e-02
   endloop
 endfacet
 facet normal  -7.6192437040e-02 -5.5350317042e-02 -9.9555565135e-01
   outer loop
     vertex 2.4339744575e+00 -3.5200000000e-01 9.2534574120e-02
     vertex 2.4699804058e+00 -4.4000000000e-01 9.4671518389e-02
     vertex 2.4230715635e+00 -3.5200000000e-01 9.3369000662e-02
   endloop
 endfacet
 facet normal  -1.4005572522e-01 -8.9253195524e-02 -9.8611270194e-01
   outer loop
     vertex 2.4230715635e+00 -3.5200000000e-01 9.3369000662e-02
     vertex 2.4699804058e+00 -4.4000000000e-01 9.4671518389e-02
     vertex 2.4633561822e+00 -4.4000000000e-01 9.5612344372e-02
   endloop
 endfacet
 facet normal  -1.4005572522e-01 -8.9253195524e-02 -9.8611270194e-01
   outer loop
     vertex 2.4230715635e+00 -3.5200000000e-01 9.3369000662e-02
     vertex 2.4633561822e+00 -4.4000000000e-01 9.5612344372e-02
     vertex 2.4148280852e+00 -3.5200000000e-01 9.4539806330e-02
   endloop
 endfacet
 facet normal  -2.3061499915e-01 -1.3891187939e-01 -9.6307850767e-01
   outer loop
     vertex 2.4148280852e+00 -3.5200000000e-01 9.4539806330e-02
     vertex 2.4633561822e+00 -4.4000000000e-01 9.5612344372e-02
     vertex 2.4585964399e+00 -4.4000000000e-01 9.6752093579e-02
   endloop
 endfacet
 facet normal  -2.3061499915e-01 -1.3891187939e-01 -9.6307850767e-01
   outer loop
     vertex 2.4148280852e+00 -3.5200000000e-01 9.4539806330e-02
     vertex 2.4585964399e+00 -4.4000000000e-01 9.6752093579e-02
     vertex 2.4089048503e+00 -3.5200000000e-01 9.5958160898e-02
   endloop
 endfacet
 facet normal  -3.8645556674e-01 -2.2628931962e-01 -8.9411701626e-01
   outer loop
     vertex 2.4089048503e+00 -3.5200000000e-01 9.5958160898e-02
     vertex 2.4585964399e+00 -4.4000000000e-01 9.6752093579e-02
     vertex 2.4554108816e+00 -4.4000000000e-01 9.8128956660e-02
   endloop
 endfacet
 facet normal  -3.8645556674e-01 -2.2628931962e-01 -8.9411701626e-01
   outer loop
     vertex 2.4089048503e+00 -3.5200000000e-01 9.5958160898e-02
     vertex 2.4554108816e+00 -4.4000000000e-01 9.8128956660e-02
     vertex 2.4049406001e+00 -3.5200000000e-01 9.7671590511e-02
   endloop
 endfacet
 facet normal  -7.3034077773e-01 -4.2166244462e-01 -5.3740406696e-01
   outer loop
     vertex 2.4049406001e+00 -3.5200000000e-01 9.7671590511e-02
     vertex 2.4554108816e+00 -4.4000000000e-01 9.8128956660e-02
     vertex 2.4540341184e+00 -4.4000000000e-01 1.0000000000e-01
   endloop
 endfacet
 facet normal  -7.3034077773e-01 -4.2166244462e-01 -5.3740406696e-01
   outer loop
     vertex 2.4049406001e+00 -3.5200000000e-01 9.7671590511e-02
     vertex 2.4540341184e+00 -4.4000000000e-01 1.0000000000e-01
     vertex 2.4032272948e+00 -3.5200000000e-01 1.0000000000e-01
   endloop
 endfacet
 facet normal  -7.3034077773e-01 -4.2166244462e-01 5.3740406696e-01
   outer loop
     vertex 2.4032272948e+00 -3.5200000000e-01 1.0000000000e-01
     vertex 2.4540341184e+00 -4.4000000000e-01 1.0000000000e-01
     vertex 2.4049406001e+00 -3.5200000000e-01 1.0232840949e-01
   endloop
 endfacet
 facet normal  -7.3034077773e-01 -4.2166244462e-01 5.3740406696e-01
   outer loop
     vertex 2.4540341184e+00 -4.4000000000e-01 1.0000000000e-01
     vertex 2.4554108816e+00 -4.4000000000e-01 1.0187104334e-01
     vertex 2.4049406001e+00 -3.5200000000e-01 1.0232840949e-01
   endloop
 endfacet
 facet normal  -3.8645556674e-01 -2.2628931962e-01 8.9411701626e-01
   outer loop
     vertex 2.4049406001e+00 -3.5200000000e-01 1.0232840949e-01
     vertex 2.4554108816e+00 -4.4000000000e-01 1.0187104334e-01
     vertex 2.4089048503e+00 -3.5200000000e-01 1.0404183910e-01
   endloop
 endfacet
 facet normal  -3.8645556674e-01 -2.2628931962e-01 8.9411701626e-01
   outer loop
     vertex 2.4554108816e+00 -4.4000000000e-01 1.0187104334e-01
     vertex 2.4585964399e+00 -4.4000000000e-01 1.0324790642e-01
     vertex 2.4089048503e+00 -3.5200000000e-01 1.0404183910e-01
   endloop
 endfacet
 facet normal  -2.3061499915e-01 -1.3891187939e-01 9.6307850767e-01
   outer loop
     vertex 2.4089048503e+00 -3.5200000000e-01 1.0404183910e-01
     vertex 2.4585964399e+00 -4.4000000000e-01 1.0324790642e-01
     vertex 2.4148280852e+00 -3.5200000000e-01 1.0546019367e-01
   endloop
 endfacet
 facet normal  -2.3061499915e-01 -1.3891187939e-01 9.6307850767e-01
   outer loop
     vertex 2.4585964399e+00 -4.4000000000e-01 1.0324790642e-01
     vertex 2.4633561822e+00 -4.4000000000e-01 1.0438765563e-01
     vertex 2.4148280852e+00 -3.5200000000e-01 1.0546019367e-01
   endloop
 endfacet
 facet normal  -1.4005572522e-01 -8.9253195524e-02 9.8611270194e-01
   outer loop
     vertex 2.4148280852e+00 -3.5200000000e-01 1.0546019367e-01
     vertex 2.4633561822e+00 -4.4000000000e-01 1.0438765563e-01
     vertex 2.4230715635e+00 -3.5200000000e-01 1.0663099934e-01
   endloop
 endfacet
 facet normal  -1.4005572522e-01 -8.9253195524e-02 9.8611270194e-01
   outer loop
     vertex 2.4633561822e+00 -4.4000000000e-01 1.0438765563e-01
     vertex 2.4699804058e+00 -4.4000000000e-01 1.0532848161e-01
     vertex 2.4230715635e+00 -3.5200000000e-01 1.0663099934e-01
   endloop
 endfacet
 facet normal  -7.6192437040e-02 -5.5350317042e-02 9.9555565135e-01
   outer loop
     vertex 2.4230715635e+00 -3.5200000000e-01 1.0663099934e-01
     vertex 2.4699804058e+00 -4.4000000000e-01 1.0532848161e-01
     vertex 2.4339744575e+00 -3.5200000000e-01 1.0746542588e-01
   endloop
 endfacet
 facet normal  -7.6192437040e-02 -5.5350317042e-02 9.9555565135e-01
   outer loop
     vertex 2.4699804058e+00 -4.4000000000e-01 1.0532848161e-01
     vertex 2.4787416599e+00 -4.4000000000e-01 1.0599900294e-01
     vertex 2.4339744575e+00 -3.5200000000e-01 1.0746542588e-01
   endloop
 endfacet
 facet normal  -2.6994491272e-02 -3.0382717822e-02 9.9917375261e-01
   outer loop
     vertex 2.4339744575e+00 -3.5200000000e-01 1.0746542588e-01
     vertex 2.4787416599e+00 -4.4000000000e-01 1.0599900294e-01
     vertex 2.4476012793e+00 -3.5200000000e-01 1.0783357919e-01
   endloop
 endfacet
 facet normal  -2.6994491272e-02 -3.0382717822e-02 9.9917375261e-01
   outer loop
     vertex 2.4787416599e+00 -4.4000000000e-01 1.0599900294e-01
     vertex 2.4896917846e+00 -4.4000000000e-01 1.0629484042e-01
     vertex 2.4476012793e+00 -3.5200000000e-01 1.0783357919e-01
   endloop
 endfacet
 facet normal  1.1501389815e-02 -1.1982127415e-02 9.9986206381e-01
   outer loop
     vertex 2.4476012793e+00 -3.5200000000e-01 1.0783357919e-01
     vertex 2.4896917846e+00 -4.4000000000e-01 1.0629484042e-01
     vertex 2.4635330375e+00 -3.5200000000e-01 1.0765031655e-01
   endloop
 endfacet
 facet normal  1.1501389815e-02 -1.1982127415e-02 9.9986206381e-01
   outer loop
     vertex 2.4896917846e+00 -4.4000000000e-01 1.0629484042e-01
     vertex 2.5024940903e+00 -4.4000000000e-01 1.0614757580e-01
     vertex 2.4635330375e+00 -3.5200000000e-01 1.0765031655e-01
   endloop
 endfacet
 facet normal  4.0848089624e-02 1.0227141681e-03 9.9916484507e-01
   outer loop
     vertex 2.4635330375e+00 -3.5200000000e-01 1.0765031655e-01
     vertex 2.5024940903e+00 -4.4000000000e-01 1.0614757580e-01
     vertex 2.4807962405e+00 -3.5200000000e-01 1.0694455827e-01
   endloop
 endfacet
 facet normal  4.0848089624e-02 1.0227141681e-03 9.9916484507e-01
   outer loop
     vertex 2.5024940903e+00 -4.4000000000e-01 1.0614757580e-01
     vertex 2.5163663070e+00 -4.4000000000e-01 1.0558044861e-01
     vertex 2.4807962405e+00 -3.5200000000e-01 1.0694455827e-01
   endloop
 endfacet
 facet normal  6.2289243067e-02 9.7072291431e-03 9.9801093175e-01
   outer loop
     vertex 2.4807962405e+00 -3.5200000000e-01 1.0694455827e-01
     vertex 2.5163663070e+00 -4.4000000000e-01 1.0558044861e-01
     vertex 2.5302233075e+00 -4.4000000000e-01 1.0471558627e-01
   endloop
 endfacet
 facet normal  6.2289243067e-02 9.7072291431e-03 9.9801093175e-01
   outer loop
     vertex 2.4807962405e+00 -3.5200000000e-01 1.0694455827e-01
     vertex 2.5302233075e+00 -4.4000000000e-01 1.0471558627e-01
     vertex 2.4980405077e+00 -3.5200000000e-01 1.0586828513e-01
   endloop
 endfacet
 facet normal  7.7627538666e-02 1.5331669405e-02 9.9686453701e-01
   outer loop
     vertex 2.4980405077e+00 -3.5200000000e-01 1.0586828513e-01
     vertex 2.5302233075e+00 -4.4000000000e-01 1.0471558627e-01
     vertex 2.5429883102e+00 -4.4000000000e-01 1.0372155377e-01
   endloop
 endfacet
 facet normal  7.7627538666e-02 1.5331669405e-02 9.9686453701e-01
   outer loop
     vertex 2.4980405077e+00 -3.5200000000e-01 1.0586828513e-01
     vertex 2.5429883102e+00 -4.4000000000e-01 1.0372155377e-01
     vertex 2.5139258445e+00 -3.5200000000e-01 1.0463126692e-01
   endloop
 endfacet
 facet normal  8.8779914321e-02 1.9025086248e-02 9.9586955617e-01
   outer loop
     vertex 2.5139258445e+00 -3.5200000000e-01 1.0463126692e-01
     vertex 2.5429883102e+00 -4.4000000000e-01 1.0372155377e-01
     vertex 2.5538999319e+00 -4.4000000000e-01 1.0274880304e-01
   endloop
 endfacet
 facet normal  8.8779914321e-02 1.9025086248e-02 9.9586955617e-01
   outer loop
     vertex 2.5139258445e+00 -3.5200000000e-01 1.0463126692e-01
     vertex 2.5538999319e+00 -4.4000000000e-01 1.0274880304e-01
     vertex 2.5275047515e+00 -3.5200000000e-01 1.0342073268e-01
   endloop
 endfacet
 facet normal  9.7170571146e-02 2.1548200267e-02 9.9503444924e-01
   outer loop
     vertex 2.5275047515e+00 -3.5200000000e-01 1.0342073268e-01
     vertex 2.5538999319e+00 -4.4000000000e-01 1.0274880304e-01
     vertex 2.5626462889e+00 -4.4000000000e-01 1.0189467332e-01
   endloop
 endfacet
 facet normal  9.7170571146e-02 2.1548200267e-02 9.9503444924e-01
   outer loop
     vertex 2.5275047515e+00 -3.5200000000e-01 1.0342073268e-01
     vertex 2.5626462889e+00 -4.4000000000e-01 1.0189467332e-01
     vertex 2.5383891068e+00 -3.5200000000e-01 1.0235781568e-01
   endloop
 endfacet
 facet normal  1.0360570334e-01 2.3325672252e-02 9.9434489552e-01
   outer loop
     vertex 2.5383891068e+00 -3.5200000000e-01 1.0235781568e-01
     vertex 2.5626462889e+00 -4.4000000000e-01 1.0189467332e-01
     vertex 2.5693024873e+00 -4.4000000000e-01 1.0120113114e-01
   endloop
 endfacet
 facet normal  1.0360570334e-01 2.3325672252e-02 9.9434489552e-01
   outer loop
     vertex 2.5383891068e+00 -3.5200000000e-01 1.0235781568e-01
     vertex 2.5693024873e+00 -4.4000000000e-01 1.0120113114e-01
     vertex 2.5466723759e+00 -3.5200000000e-01 1.0149474098e-01
   endloop
 endfacet
 facet normal  1.0855602573e-01 2.4600564017e-02 9.9378589320e-01
   outer loop
     vertex 2.5466723759e+00 -3.5200000000e-01 1.0149474098e-01
     vertex 2.5693024873e+00 -4.4000000000e-01 1.0120113114e-01
     vertex 2.5741706309e+00 -4.4000000000e-01 1.0066936034e-01
   endloop
 endfacet
 facet normal  1.0855602573e-01 2.4600564017e-02 9.9378589320e-01
   outer loop
     vertex 2.5466723759e+00 -3.5200000000e-01 1.0149474098e-01
     vertex 2.5741706309e+00 -4.4000000000e-01 1.0066936034e-01
     vertex 2.5527305102e+00 -3.5200000000e-01 1.0083298176e-01
   endloop
 endfacet
 facet normal  1.1227743165e-01 2.5508050429e-02 9.9334944390e-01
   outer loop
     vertex 2.5527305102e+00 -3.5200000000e-01 1.0083298176e-01
     vertex 2.5741706309e+00 -4.4000000000e-01 1.0066936034e-01
     vertex 2.5776285372e+00 -4.4000000000e-01 1.0027851617e-01
   endloop
 endfacet
 facet normal  1.1227743165e-01 2.5508050429e-02 9.9334944390e-01
   outer loop
     vertex 2.5527305102e+00 -3.5200000000e-01 1.0083298176e-01
     vertex 2.5776285372e+00 -4.4000000000e-01 1.0027851617e-01
     vertex 2.5570336826e+00 -3.5200000000e-01 1.0034659789e-01
   endloop
 endfacet
 facet normal  1.1497157669e-01 2.6138818910e-02 9.9302482280e-01
   outer loop
     vertex 2.5570336826e+00 -3.5200000000e-01 1.0034659789e-01
     vertex 2.5776285372e+00 -4.4000000000e-01 1.0027851617e-01
     vertex 2.5800341184e+00 -4.4000000000e-01 1.0000000000e-01
   endloop
 endfacet
 facet normal  1.1497157669e-01 2.6138818910e-02 9.9302482280e-01
   outer loop
     vertex 2.5570336826e+00 -3.5200000000e-01 1.0034659789e-01
     vertex 2.5800341184e+00 -4.4000000000e-01 1.0000000000e-01
     vertex 2.5600272948e+00 -3.5200000000e-01 1.0000000000e-01
   endloop
 endfacet
 facet normal  0.0000000000e+00 -1.0000000000e+00 0.0000000000e+00
   outer loop
     vertex 2.5800341184e+00 -4.4000000000e-01 1.0000000000e-01
     vertex 2.5776285372e+00 -4.4000000000e-01 9.9860741917e-02
     vertex 2.5776285372e+00 -4.4000000000e-01 9.9721483835e-02
   endloop
 endfacet
 facet normal  0.0000000000e+00 -1.0000000000e+00 -0.0000000000e+00
   outer loop
     vertex 2.5776285372e+00 -4.4000000000e-01 9.9721483835e-02
     vertex 2.5776285372e+00 -4.4000000000e-01 9.9860741917e-02
     vertex 2.5741706309e+00 -4.4000000000e-01 9.9665319829e-02
   endloop
 endfacet
 facet normal  0.0000000000e+00 -1.0000000000e+00 0.0000000000e+00
   outer loop
     vertex 2.5776285372e+00 -4.4000000000e-01 9.9721483835e-02
     vertex 2.5741706309e+00 -4.4000000000e-01 9.9665319829e-02
     vertex 2.5741706309e+00 -4.4000000000e-01 9.9330639658e-02
   endloop
 endfacet
 facet normal  1.1402940387e-14 -1.0000000000e+00 0.0000000000e+00
   outer loop
     vertex 2.5741706309e+00 -4.4000000000e-01 9.9330639658e-02
     vertex 2.5741706309e+00 -4.4000000000e-01 9.9665319829e-02
     vertex 2.5693024873e+00 -4.4000000000e-01 9.9399434428e-02
   endloop
 endfacet
 facet normal  1.1402940387e-14 -1.0000000000e+00 0.0000000000e+00
   outer loop
     vertex 2.5741706309e+00 -4.4000000000e-01 9.9330639658e-02
     vertex 2.5693024873e+00 -4.4000000000e-01 9.9399434428e-02
     vertex 2.5693024873e+00 -4.4000000000e-01 9.8798868855e-02
   endloop
 endfacet
 facet normal  8.3397681195e-15 -1.0000000000e+00 0.0000000000e+00
   outer loop
     vertex 2.5693024873e+00 -4.4000000000e-01 9.8798868855e-02
     vertex 2.5693024873e+00 -4.4000000000e-01 9.9399434428e-02
     vertex 2.5626462889e+00 -4.4000000000e-01 9.9052663342e-02
   endloop
 endfacet
 facet normal  8.3397681195e-15 -1.0000000000e+00 0.0000000000e+00
   outer loop
     vertex 2.5693024873e+00 -4.4000000000e-01 9.8798868855e-02
     vertex 2.5626462889e+00 -4.4000000000e-01 9.9052663342e-02
     vertex 2.5626462889e+00 -4.4000000000e-01 9.8105326685e-02
   endloop
 endfacet
 facet normal  -1.2693548028e-14 -1.0000000000e+00 -0.0000000000e+00
   outer loop
     vertex 2.5626462889e+00 -4.4000000000e-01 9.8105326685e-02
     vertex 2.5626462889e+00 -4.4000000000e-01 9.9052663342e-02
     vertex 2.5538999319e+00 -4.4000000000e-01 9.8625598478e-02
   endloop
 endfacet
 facet normal  -1.2693548028e-14 -1.0000000000e+00 -0.0000000000e+00
   outer loop
     vertex 2.5626462889e+00 -4.4000000000e-01 9.8105326685e-02
     vertex 2.5538999319e+00 -4.4000000000e-01 9.8625598478e-02
     vertex 2.5538999319e+00 -4.4000000000e-01 9.7251196957e-02
   endloop
 endfacet
 facet normal  0.0000000000e+00 -1.0000000000e+00 -0.0000000000e+00
   outer loop
     vertex 2.5538999319e+00 -4.4000000000e-01 9.7251196957e-02
     vertex 2.5538999319e+00 -4.4000000000e-01 9.8625598478e-02
     vertex 2.5429883102e+00 -4.4000000000e-01 9.8139223114e-02
   endloop
 endfacet
 facet normal  0.0000000000e+00 -1.0000000000e+00 0.0000000000e+00
   outer loop
     vertex 2.5538999319e+00 -4.4000000000e-01 9.7251196957e-02
     vertex 2.5429883102e+00 -4.4000000000e-01 9.8139223114e-02
     vertex 2.5429883102e+00 -4.4000000000e-01 9.6278446228e-02
   endloop
 endfacet
 facet normal  0.0000000000e+00 -1.0000000000e+00 -0.0000000000e+00
   outer loop
     vertex 2.5429883102e+00 -4.4000000000e-01 9.6278446228e-02
     vertex 2.5429883102e+00 -4.4000000000e-01 9.8139223114e-02
     vertex 2.5302233075e+00 -4.4000000000e-01 9.7642206866e-02
   endloop
 endfacet
 facet normal  0.0000000000e+00 -1.0000000000e+00 0.0000000000e+00
   outer loop
     vertex 2.5429883102e+00 -4.4000000000e-01 9.6278446228e-02
     vertex 2.5302233075e+00 -4.4000000000e-01 9.7642206866e-02
     vertex 2.5302233075e+00 -4.4000000000e-01 9.5284413731e-02
   endloop
 endfacet
 facet normal  0.0000000000e+00 -1.0000000000e+00 -0.0000000000e+00
   outer loop
     vertex 2.5302233075e+00 -4.4000000000e-01 9.5284413731e-02
     vertex 2.5302233075e+00 -4.4000000000e-01 9.7642206866e-02
     vertex 2.5163663070e+00 -4.4000000000e-01 9.7209775696e-02
   endloop
 endfacet
 facet normal  0.0000000000e+00 -1.0000000000e+00 0.0000000000e+00
   outer loop
     vertex 2.5302233075e+00 -4.4000000000e-01 9.5284413731e-02
     vertex 2.5163663070e+00 -4.4000000000e-01 9.7209775696e-02
     vertex 2.5163663070e+00 -4.4000000000e-01 9.4419551391e-02
   endloop
 endfacet
 facet normal  0.0000000000e+00 -1.0000000000e+00 -0.0000000000e+00
   outer loop
     vertex 2.5163663070e+00 -4.4000000000e-01 9.4419551391e-02
     vertex 2.5163663070e+00 -4.4000000000e-01 9.7209775696e-02
     vertex 2.5024940903e+00 -4.4000000000e-01 9.3852424202e-02
   endloop
 endfacet
 facet normal  0.0000000000e+00 -1.0000000000e+00 0.0000000000e+00
   outer loop
     vertex 2.5163663070e+00 -4.4000000000e-01 9.7209775696e-02
     vertex 2.5024940903e+00 -4.4000000000e-01 9.6926212101e-02
     vertex 2.5024940903e+00 -4.4000000000e-01 9.3852424202e-02
   endloop
 endfacet
 facet normal  4.3360276144e-15 -1.0000000000e+00 0.0000000000e+00
   outer loop
     vertex 2.5024940903e+00 -4.4000000000e-01 9.3852424202e-02
     vertex 2.5024940903e+00 -4.4000000000e-01 9.6926212101e-02
     vertex 2.4896917846e+00 -4.4000000000e-01 9.3705159580e-02
   endloop
 endfacet
 facet normal  4.3360276144e-15 -1.0000000000e+00 0.0000000000e+00
   outer loop
     vertex 2.5024940903e+00 -4.4000000000e-01 9.6926212101e-02
     vertex 2.4896917846e+00 -4.4000000000e-01 9.6852579790e-02
     vertex 2.4896917846e+00 -4.4000000000e-01 9.3705159580e-02
   endloop
 endfacet
 facet normal  -5.0694538033e-15 -1.0000000000e+00 -0.0000000000e+00
   outer loop
     vertex 2.4896917846e+00 -4.4000000000e-01 9.3705159580e-02
     vertex 2.4896917846e+00 -4.4000000000e-01 9.6852579790e-02
     vertex 2.4787416599e+00 -4.4000000000e-01 9.4000997061e-02
   endloop
 endfacet
 facet normal  -5.0694538033e-15 -1.0000000000e+00 -0.0000000000e+00
   outer loop
     vertex 2.4896917846e+00 -4.4000000000e-01 9.6852579790e-02
     vertex 2.4787416599e+00 -4.4000000000e-01 9.7000498530e-02
     vertex 2.4787416599e+00 -4.4000000000e-01 9.4000997061e-02
   endloop
 endfacet
 facet normal  -6.3359823723e-15 -1.0000000000e+00 -0.0000000000e+00
   outer loop
     vertex 2.4787416599e+00 -4.4000000000e-01 9.4000997061e-02
     vertex 2.4787416599e+00 -4.4000000000e-01 9.7000498530e-02
     vertex 2.4699804058e+00 -4.4000000000e-01 9.4671518389e-02
   endloop
 endfacet
 facet normal  -6.3359823723e-15 -1.0000000000e+00 -0.0000000000e+00
   outer loop
     vertex 2.4787416599e+00 -4.4000000000e-01 9.7000498530e-02
     vertex 2.4699804058e+00 -4.4000000000e-01 9.7335759194e-02
     vertex 2.4699804058e+00 -4.4000000000e-01 9.4671518389e-02
   endloop
 endfacet
 facet normal  8.3800236586e-15 -1.0000000000e+00 0.0000000000e+00
   outer loop
     vertex 2.4699804058e+00 -4.4000000000e-01 9.4671518389e-02
     vertex 2.4699804058e+00 -4.4000000000e-01 9.7335759194e-02
     vertex 2.4633561822e+00 -4.4000000000e-01 9.5612344372e-02
   endloop
 endfacet
 facet normal  8.3800236586e-15 -1.0000000000e+00 0.0000000000e+00
   outer loop
     vertex 2.4699804058e+00 -4.4000000000e-01 9.7335759194e-02
     vertex 2.4633561822e+00 -4.4000000000e-01 9.7806172186e-02
     vertex 2.4633561822e+00 -4.4000000000e-01 9.5612344372e-02
   endloop
 endfacet
 facet normal  0.0000000000e+00 -1.0000000000e+00 -0.0000000000e+00
   outer loop
     vertex 2.4633561822e+00 -4.4000000000e-01 9.5612344372e-02
     vertex 2.4633561822e+00 -4.4000000000e-01 9.7806172186e-02
     vertex 2.4585964399e+00 -4.4000000000e-01 9.6752093579e-02
   endloop
 endfacet
 facet normal  0.0000000000e+00 -1.0000000000e+00 0.0000000000e+00
   outer loop
     vertex 2.4633561822e+00 -4.4000000000e-01 9.7806172186e-02
     vertex 2.4585964399e+00 -4.4000000000e-01 9.8376046789e-02
     vertex 2.4585964399e+00 -4.4000000000e-01 9.6752093579e-02
   endloop
 endfacet
 facet normal  0.0000000000e+00 -1.0000000000e+00 -0.0000000000e+00
   outer loop
     vertex 2.4585964399e+00 -4.4000000000e-01 9.6752093579e-02
     vertex 2.4585964399e+00 -4.4000000000e-01 9.8376046789e-02
     vertex 2.4554108816e+00 -4.4000000000e-01 9.8128956660e-02
   endloop
 endfacet
 facet normal  0.0000000000e+00 -1.0000000000e+00 0.0000000000e+00
   outer loop
     vertex 2.4585964399e+00 -4.4000000000e-01 9.8376046789e-02
     vertex 2.4554108816e+00 -4.4000000000e-01 9.9064478330e-02
     vertex 2.4554108816e+00 -4.4000000000e-01 9.8128956660e-02
   endloop
 endfacet
 facet normal  -0.0000000000e+00 -1.0000000000e+00 -0.0000000000e+00
   outer loop
     vertex 2.4554108816e+00 -4.4000000000e-01 9.8128956660e-02
     vertex 2.4554108816e+00 -4.4000000000e-01 9.9064478330e-02
     vertex 2.4540341184e+00 -4.4000000000e-01 1.0000000000e-01
   endloop
 endfacet
 facet normal  -0.0000000000e+00 -1.0000000000e+00 0.0000000000e+00
   outer loop
     vertex 2.4540341184e+00 -4.4000000000e-01 1.0000000000e-01
     vertex 2.4554108816e+00 -4.4000000000e-01 1.0093552167e-01
     vertex 2.4554108816e+00 -4.4000000000e-01 1.0187104334e-01
   endloop
 endfacet
 facet normal  0.0000000000e+00 -1.0000000000e+00 0.0000000000e+00
   outer loop
     vertex 2.4554108816e+00 -4.4000000000e-01 1.0187104334e-01
     vertex 2.4554108816e+00 -4.4000000000e-01 1.0093552167e-01
     vertex 2.4585964399e+00 -4.4000000000e-01 1.0162395321e-01
   endloop
 endfacet
 facet normal  0.0000000000e+00 -1.0000000000e+00 0.0000000000e+00
   outer loop
     vertex 2.4554108816e+00 -4.4000000000e-01 1.0187104334e-01
     vertex 2.4585964399e+00 -4.4000000000e-01 1.0162395321e-01
     vertex 2.4585964399e+00 -4.4000000000e-01 1.0324790642e-01
   endloop
 endfacet
 facet normal  -2.3325275961e-14 -1.0000000000e+00 0.0000000000e+00
   outer loop
     vertex 2.4585964399e+00 -4.4000000000e-01 1.0324790642e-01
     vertex 2.4585964399e+00 -4.4000000000e-01 1.0162395321e-01
     vertex 2.4633561822e+00 -4.4000000000e-01 1.0219382781e-01
   endloop
 endfacet
 facet normal  -2.3325275961e-14 -1.0000000000e+00 0.0000000000e+00
   outer loop
     vertex 2.4585964399e+00 -4.4000000000e-01 1.0324790642e-01
     vertex 2.4633561822e+00 -4.4000000000e-01 1.0219382781e-01
     vertex 2.4633561822e+00 -4.4000000000e-01 1.0438765563e-01
   endloop
 endfacet
 facet normal  8.3800236586e-15 -1.0000000000e+00 0.0000000000e+00
   outer loop
     vertex 2.4633561822e+00 -4.4000000000e-01 1.0438765563e-01
     vertex 2.4633561822e+00 -4.4000000000e-01 1.0219382781e-01
     vertex 2.4699804058e+00 -4.4000000000e-01 1.0266424081e-01
   endloop
 endfacet
 facet normal  8.3800236586e-15 -1.0000000000e+00 0.0000000000e+00
   outer loop
     vertex 2.4633561822e+00 -4.4000000000e-01 1.0438765563e-01
     vertex 2.4699804058e+00 -4.4000000000e-01 1.0266424081e-01
     vertex 2.4699804058e+00 -4.4000000000e-01 1.0532848161e-01
   endloop
 endfacet
 facet normal  0.0000000000e+00 -1.0000000000e+00 0.0000000000e+00
   outer loop
     vertex 2.4699804058e+00 -4.4000000000e-01 1.0532848161e-01
     vertex 2.4699804058e+00 -4.4000000000e-01 1.0266424081e-01
     vertex 2.4787416599e+00 -4.4000000000e-01 1.0299950147e-01
   endloop
 endfacet
 facet normal  0.0000000000e+00 -1.0000000000e+00 0.0000000000e+00
   outer loop
     vertex 2.4699804058e+00 -4.4000000000e-01 1.0532848161e-01
     vertex 2.4787416599e+00 -4.4000000000e-01 1.0299950147e-01
     vertex 2.4787416599e+00 -4.4000000000e-01 1.0599900294e-01
   endloop
 endfacet
 facet normal  5.0694538033e-15 -1.0000000000e+00 0.0000000000e+00
   outer loop
     vertex 2.4787416599e+00 -4.4000000000e-01 1.0599900294e-01
     vertex 2.4787416599e+00 -4.4000000000e-01 1.0299950147e-01
     vertex 2.4896917846e+00 -4.4000000000e-01 1.0314742021e-01
   endloop
 endfacet
 facet normal  5.0694538033e-15 -1.0000000000e+00 0.0000000000e+00
   outer loop
     vertex 2.4787416599e+00 -4.4000000000e-01 1.0599900294e-01
     vertex 2.4896917846e+00 -4.4000000000e-01 1.0314742021e-01
     vertex 2.4896917846e+00 -4.4000000000e-01 1.0629484042e-01
   endloop
 endfacet
 facet normal  0.0000000000e+00 -1.0000000000e+00 0.0000000000e+00
   outer loop
     vertex 2.4896917846e+00 -4.4000000000e-01 1.0629484042e-01
     vertex 2.4896917846e+00 -4.4000000000e-01 1.0314742021e-01
     vertex 2.5024940903e+00 -4.4000000000e-01 1.0307378790e-01
   endloop
 endfacet
 facet normal  0.0000000000e+00 -1.0000000000e+00 0.0000000000e+00
   outer loop
     vertex 2.4896917846e+00 -4.4000000000e-01 1.0629484042e-01
     vertex 2.5024940903e+00 -4.4000000000e-01 1.0307378790e-01
     vertex 2.5024940903e+00 -4.4000000000e-01 1.0614757580e-01
   endloop
 endfacet
 facet normal  0.0000000000e+00 -1.0000000000e+00 0.0000000000e+00
   outer loop
     vertex 2.5024940903e+00 -4.4000000000e-01 1.0614757580e-01
     vertex 2.5024940903e+00 -4.4000000000e-01 1.0307378790e-01
     vertex 2.5163663070e+00 -4.4000000000e-01 1.0279022430e-01
   endloop
 endfacet
 facet normal  0.0000000000e+00 -1.0000000000e+00 0.0000000000e+00
   outer loop
     vertex 2.5024940903e+00 -4.4000000000e-01 1.0614757580e-01
     vertex 2.5163663070e+00 -4.4000000000e-01 1.0279022430e-01
     vertex 2.5163663070e+00 -4.4000000000e-01 1.0558044861e-01
   endloop
 endfacet
 facet normal  0.0000000000e+00 -1.0000000000e+00 0.0000000000e+00
   outer loop
     vertex 2.5163663070e+00 -4.4000000000e-01 1.0558044861e-01
     vertex 2.5163663070e+00 -4.4000000000e-01 1.0279022430e-01
     vertex 2.5302233075e+00 -4.4000000000e-01 1.0471558627e-01
   endloop
 endfacet
 facet normal  0.0000000000e+00 -1.0000000000e+00 0.0000000000e+00
   outer loop
     vertex 2.5163663070e+00 -4.4000000000e-01 1.0279022430e-01
     vertex 2.5302233075e+00 -4.4000000000e-01 1.0235779313e-01
     vertex 2.5302233075e+00 -4.4000000000e-01 1.0471558627e-01
   endloop
 endfacet
 facet normal  -4.3486987300e-15 -1.0000000000e+00 -8.1907532714e-28
   outer loop
     vertex 2.5302233075e+00 -4.4000000000e-01 1.0471558627e-01
     vertex 2.5302233075e+00 -4.4000000000e-01 1.0235779313e-01
     vertex 2.5429883102e+00 -4.4000000000e-01 1.0372155377e-01
   endloop
 endfacet
 facet normal  -4.3486987300e-15 -1.0000000000e+00 0.0000000000e+00
   outer loop
     vertex 2.5302233075e+00 -4.4000000000e-01 1.0235779313e-01
     vertex 2.5429883102e+00 -4.4000000000e-01 1.0186077689e-01
     vertex 2.5429883102e+00 -4.4000000000e-01 1.0372155377e-01
   endloop
 endfacet
 facet normal  0.0000000000e+00 -1.0000000000e+00 0.0000000000e+00
   outer loop
     vertex 2.5429883102e+00 -4.4000000000e-01 1.0372155377e-01
     vertex 2.5429883102e+00 -4.4000000000e-01 1.0186077689e-01
     vertex 2.5538999319e+00 -4.4000000000e-01 1.0274880304e-01
   endloop
 endfacet
 facet normal  0.0000000000e+00 -1.0000000000e+00 0.0000000000e+00
   outer loop
     vertex 2.5429883102e+00 -4.4000000000e-01 1.0186077689e-01
     vertex 2.5538999319e+00 -4.4000000000e-01 1.0137440152e-01
     vertex 2.5538999319e+00 -4.4000000000e-01 1.0274880304e-01
   endloop
 endfacet
 facet normal  0.0000000000e+00 -1.0000000000e+00 0.0000000000e+00
   outer loop
     vertex 2.5538999319e+00 -4.4000000000e-01 1.0274880304e-01
     vertex 2.5538999319e+00 -4.4000000000e-01 1.0137440152e-01
     vertex 2.5626462889e+00 -4.4000000000e-01 1.0189467332e-01
   endloop
 endfacet
 facet normal  0.0000000000e+00 -1.0000000000e+00 0.0000000000e+00
   outer loop
     vertex 2.5538999319e+00 -4.4000000000e-01 1.0137440152e-01
     vertex 2.5626462889e+00 -4.4000000000e-01 1.0094733666e-01
     vertex 2.5626462889e+00 -4.4000000000e-01 1.0189467332e-01
   endloop
 endfacet
 facet normal  1.6679536239e-14 -1.0000000000e+00 0.0000000000e+00
   outer loop
     vertex 2.5626462889e+00 -4.4000000000e-01 1.0189467332e-01
     vertex 2.5626462889e+00 -4.4000000000e-01 1.0094733666e-01
     vertex 2.5693024873e+00 -4.4000000000e-01 1.0120113114e-01
   endloop
 endfacet
 facet normal  1.6679536239e-14 -1.0000000000e+00 -1.2333710773e-26
   outer loop
     vertex 2.5626462889e+00 -4.4000000000e-01 1.0094733666e-01
     vertex 2.5693024873e+00 -4.4000000000e-01 1.0060056557e-01
     vertex 2.5693024873e+00 -4.4000000000e-01 1.0120113114e-01
   endloop
 endfacet
 facet normal  0.0000000000e+00 -1.0000000000e+00 0.0000000000e+00
   outer loop
     vertex 2.5693024873e+00 -4.4000000000e-01 1.0120113114e-01
     vertex 2.5693024873e+00 -4.4000000000e-01 1.0060056557e-01
     vertex 2.5741706309e+00 -4.4000000000e-01 1.0066936034e-01
   endloop
 endfacet
 facet normal  0.0000000000e+00 -1.0000000000e+00 0.0000000000e+00
   outer loop
     vertex 2.5693024873e+00 -4.4000000000e-01 1.0060056557e-01
     vertex 2.5741706309e+00 -4.4000000000e-01 1.0033468017e-01
     vertex 2.5741706309e+00 -4.4000000000e-01 1.0066936034e-01
   endloop
 endfacet
 facet normal  -1.6053399172e-14 -1.0000000000e+00 0.0000000000e+00
   outer loop
     vertex 2.5741706309e+00 -4.4000000000e-01 1.0066936034e-01
     vertex 2.5741706309e+00 -4.4000000000e-01 1.0033468017e-01
     vertex 2.5776285372e+00 -4.4000000000e-01 1.0027851617e-01
   endloop
 endfacet
 facet normal  -1.6053399172e-14 -1.0000000000e+00 0.0000000000e+00
   outer loop
     vertex 2.5741706309e+00 -4.4000000000e-01 1.0033468017e-01
     vertex 2.5776285372e+00 -4.4000000000e-01 1.0013925808e-01
     vertex 2.5776285372e+00 -4.4000000000e-01 1.0027851617e-01
   endloop
 endfacet
 facet normal  0.0000000000e+00 -1.0000000000e+00 0.0000000000e+00
   outer loop
     vertex 2.5776285372e+00 -4.4000000000e-01 1.0027851617e-01
     vertex 2.5776285372e+00 -4.4000000000e-01 1.0013925808e-01
     vertex 2.5800341184e+00 -4.4000000000e-01 1.0000000000e-01
   endloop
 endfacet
 facet normal  0.0000000000e+00 -1.0000000000e+00 0.0000000000e+00
   outer loop
     vertex 2.5800341184e+00 -4.4000000000e-01 1.0000000000e-01
     vertex 2.5776285372e+00 -4.4000000000e-01 1.0000000000e-01
     vertex 2.5776285372e+00 -4.4000000000e-01 9.9860741917e-02
   endloop
 endfacet
 facet normal  -0.0000000000e+00 -1.0000000000e+00 -0.0000000000e+00
   outer loop
     vertex 2.5776285372e+00 -4.4000000000e-01 9.9860741917e-02
     vertex 2.5776285372e+00 -4.4000000000e-01 1.0000000000e-01
     vertex 2.5741706309e+00 -4.4000000000e-01 1.0000000000e-01
   endloop
 endfacet
 facet normal  0.0000000000e+00 -1.0000000000e+00 0.0000000000e+00
   outer loop
     vertex 2.5776285372e+00 -4.4000000000e-01 9.9860741917e-02
     vertex 2.5741706309e+00 -4.4000000000e-01 1.0000000000e-01
     vertex 2.5741706309e+00 -4.4000000000e-01 9.9665319829e-02
   endloop
 endfacet
 facet normal  1.1402940387e-14 -1.0000000000e+00 0.0000000000e+00
   outer loop
     vertex 2.5741706309e+00 -4.4000000000e-01 9.9665319829e-02
     vertex 2.5741706309e+00 -4.4000000000e-01 1.0000000000e-01
     vertex 2.5693024873e+00 -4.4000000000e-01 1.0000000000e-01
   endloop
 endfacet
 facet normal  1.1402940387e-14 -1.0000000000e+00 0.0000000000e+00
   outer loop
     vertex 2.5741706309e+00 -4.4000000000e-01 9.9665319829e-02
     vertex 2.5693024873e+00 -4.4000000000e-01 1.0000000000e-01
     vertex 2.5693024873e+00 -4.4000000000e-01 9.9399434428e-02
   endloop
 endfacet
 facet normal  8.3397681195e-15 -1.0000000000e+00 0.0000000000e+00
   outer loop
     vertex 2.5693024873e+00 -4.4000000000e-01 9.9399434428e-02
     vertex 2.5693024873e+00 -4.4000000000e-01 1.0000000000e-01
     vertex 2.5626462889e+00 -4.4000000000e-01 1.0000000000e-01
   endloop
 endfacet
 facet normal  8.3397681195e-15 -1.0000000000e+00 0.0000000000e+00
   outer loop
     vertex 2.5693024873e+00 -4.4000000000e-01 9.9399434428e-02
     vertex 2.5626462889e+00 -4.4000000000e-01 1.0000000000e-01
     vertex 2.5626462889e+00 -4.4000000000e-01 9.9052663342e-02
   endloop
 endfacet
 facet normal  -1.2693548028e-14 -1.0000000000e+00 -0.0000000000e+00
   outer loop
     vertex 2.5626462889e+00 -4.4000000000e-01 9.9052663342e-02
     vertex 2.5626462889e+00 -4.4000000000e-01 1.0000000000e-01
     vertex 2.5538999319e+00 -4.4000000000e-01 1.0000000000e-01
   endloop
 endfacet
 facet normal  -1.2693548028e-14 -1.0000000000e+00 -0.0000000000e+00
   outer loop
     vertex 2.5626462889e+00 -4.4000000000e-01 9.9052663342e-02
     vertex 2.5538999319e+00 -4.4000000000e-01 1.0000000000e-01
     vertex 2.5538999319e+00 -4.4000000000e-01 9.8625598478e-02
   endloop
 endfacet
 facet normal  -0.0000000000e+00 -1.0000000000e+00 -0.0000000000e+00
   outer loop
     vertex 2.5538999319e+00 -4.4000000000e-01 9.8625598478e-02
     vertex 2.5538999319e+00 -4.4000000000e-01 1.0000000000e-01
     vertex 2.5429883102e+00 -4.4000000000e-01 1.0000000000e-01
   endloop
 endfacet
 facet normal  0.0000000000e+00 -1.0000000000e+00 0.0000000000e+00
   outer loop
     vertex 2.5538999319e+00 -4.4000000000e-01 9.8625598478e-02
     vertex 2.5429883102e+00 -4.4000000000e-01 1.0000000000e-01
     vertex 2.5429883102e+00 -4.4000000000e-01 9.8139223114e-02
   endloop
 endfacet
 facet normal  -0.0000000000e+00 -1.0000000000e+00 -0.0000000000e+00
   outer loop
     vertex 2.5429883102e+00 -4.4000000000e-01 9.8139223114e-02
     vertex 2.5429883102e+00 -4.4000000000e-01 1.0000000000e-01
     vertex 2.5302233075e+00 -4.4000000000e-01 1.0000000000e-01
   endloop
 endfacet
 facet normal  0.0000000000e+00 -1.0000000000e+00 0.0000000000e+00
   outer loop
     vertex 2.5429883102e+00 -4.4000000000e-01 9.8139223114e-02
     vertex 2.5302233075e+00 -4.4000000000e-01 1.0000000000e-01
     vertex 2.5302233075e+00 -4.4000000000e-01 9.7642206866e-02
   endloop
 endfacet
 facet normal  -0.0000000000e+00 -1.0000000000e+00 -0.0000000000e+00
   outer loop
     vertex 2.5302233075e+00 -4.4000000000e-01 9.7642206866e-02
     vertex 2.5302233075e+00 -4.4000000000e-01 1.0000000000e-01
     vertex 2.5163663070e+00 -4.4000000000e-01 1.0000000000e-01
   endloop
 endfacet
 facet normal  0.0000000000e+00 -1.0000000000e+00 0.0000000000e+00
   outer loop
     vertex 2.5302233075e+00 -4.4000000000e-01 9.7642206866e-02
     vertex 2.5163663070e+00 -4.4000000000e-01 1.0000000000e-01
     vertex 2.5163663070e+00 -4.4000000000e-01 9.7209775696e-02
   endloop
 endfacet
 facet normal  0.0000000000e+00 -1.0000000000e+00 -0.0000000000e+00
   outer loop
     vertex 2.5163663070e+00 -4.4000000000e-01 9.7209775696e-02
     vertex 2.5163663070e+00 -4.4000000000e-01 1.0000000000e-01
     vertex 2.5024940903e+00 -4.4000000000e-01 9.6926212101e-02
   endloop
 endfacet
 facet normal  0.0000000000e+00 -1.0000000000e+00 0.0000000000e+00
   outer loop
     vertex 2.5163663070e+00 -4.4000000000e-01 1.0000000000e-01
     vertex 2.5024940903e+00 -4.4000000000e-01 1.0000000000e-01
     vertex 2.5024940903e+00 -4.4000000000e-01 9.6926212101e-02
   endloop
 endfacet
 facet normal  4.3360276144e-15 -1.0000000000e+00 0.0000000000e+00
   outer loop
     vertex 2.5024940903e+00 -4.4000000000e-01 9.6926212101e-02
     vertex 2.5024940903e+00 -4.4000000000e-01 1.0000000000e-01
     vertex 2.4896917846e+00 -4.4000000000e-01 9.6852579790e-02
   endloop
 endfacet
 facet normal  4.3360276144e-15 -1.0000000000e+00 0.0000000000e+00
   outer loop
     vertex 2.5024940903e+00 -4.4000000000e-01 1.0000000000e-01
     vertex 2.4896917846e+00 -4.4000000000e-01 1.0000000000e-01
     vertex 2.4896917846e+00 -4.4000000000e-01 9.6852579790e-02
   endloop
 endfacet
 facet normal  -5.0694538033e-15 -1.0000000000e+00 -0.0000000000e+00
   outer loop
     vertex 2.4896917846e+00 -4.4000000000e-01 9.6852579790e-02
     vertex 2.4896917846e+00 -4.4000000000e-01 1.0000000000e-01
     vertex 2.4787416599e+00 -4.4000000000e-01 9.7000498530e-02
   endloop
 endfacet
 facet normal  -5.0694538033e-15 -1.0000000000e+00 -0.0000000000e+00
   outer loop
     vertex 2.4896917846e+00 -4.4000000000e-01 1.0000000000e-01
     vertex 2.4787416599e+00 -4.4000000000e-01 1.0000000000e-01
     vertex 2.4787416599e+00 -4.4000000000e-01 9.7000498530e-02
   endloop
 endfacet
 facet normal  -6.3359823723e-15 -1.0000000000e+00 -0.0000000000e+00
   outer loop
     vertex 2.4787416599e+00 -4.4000000000e-01 9.7000498530e-02
     vertex 2.4787416599e+00 -4.4000000000e-01 1.0000000000e-01
     vertex 2.4699804058e+00 -4.4000000000e-01 9.7335759194e-02
   endloop
 endfacet
 facet normal  -6.3359823723e-15 -1.0000000000e+00 -1.0561137715e-27
   outer loop
     vertex 2.4787416599e+00 -4.4000000000e-01 1.0000000000e-01
     vertex 2.4699804058e+00 -4.4000000000e-01 1.0000000000e-01
     vertex 2.4699804058e+00 -4.4000000000e-01 9.7335759194e-02
   endloop
 endfacet
 facet normal  8.3800236586e-15 -1.0000000000e+00 1.3968249706e-27
   outer loop
     vertex 2.4699804058e+00 -4.4000000000e-01 9.7335759194e-02
     vertex 2.4699804058e+00 -4.4000000000e-01 1.0000000000e-01
     vertex 2.4633561822e+00 -4.4000000000e-01 9.7806172186e-02
   endloop
 endfacet
 facet normal  8.3800236586e-15 -1.0000000000e+00 0.0000000000e+00
   outer loop
     vertex 2.4699804058e+00 -4.4000000000e-01 1.0000000000e-01
     vertex 2.4633561822e+00 -4.4000000000e-01 1.0000000000e-01
     vertex 2.4633561822e+00 -4.4000000000e-01 9.7806172186e-02
   endloop
 endfacet
 facet normal  0.0000000000e+00 -1.0000000000e+00 -0.0000000000e+00
   outer loop
     vertex 2.4633561822e+00 -4.4000000000e-01 9.7806172186e-02
     vertex 2.4633561822e+00 -4.4000000000e-01 1.0000000000e-01
     vertex 2.4585964399e+00 -4.4000000000e-01 9.8376046789e-02
   endloop
 endfacet
 facet normal  0.0000000000e+00 -1.0000000000e+00 0.0000000000e+00
   outer loop
     vertex 2.4633561822e+00 -4.4000000000e-01 1.0000000000e-01
     vertex 2.4585964399e+00 -4.4000000000e-01 1.0000000000e-01
     vertex 2.4585964399e+00 -4.4000000000e-01 9.8376046789e-02
   endloop
 endfacet
 facet normal  0.0000000000e+00 -1.0000000000e+00 -0.0000000000e+00
   outer loop
     vertex 2.4585964399e+00 -4.4000000000e-01 9.8376046789e-02
     vertex 2.4585964399e+00 -4.4000000000e-01 1.0000000000e-01
     vertex 2.4554108816e+00 -4.4000000000e-01 9.9064478330e-02
   endloop
 endfacet
 facet normal  0.0000000000e+00 -1.0000000000e+00 0.0000000000e+00
   outer loop
     vertex 2.4585964399e+00 -4.4000000000e-01 1.0000000000e-01
     vertex 2.4554108816e+00 -4.4000000000e-01 1.0000000000e-01
     vertex 2.4554108816e+00 -4.4000000000e-01 9.9064478330e-02
   endloop
 endfacet
 facet normal  -0.0000000000e+00 -1.0000000000e+00 -0.0000000000e+00
   outer loop
     vertex 2.4554108816e+00 -4.4000000000e-01 9.9064478330e-02
     vertex 2.4554108816e+00 -4.4000000000e-01 1.0000000000e-01
     vertex 2.4540341184e+00 -4.4000000000e-01 1.0000000000e-01
   endloop
 endfacet
 facet normal  0.0000000000e+00 -1.0000000000e+00 0.0000000000e+00
   outer loop
     vertex 2.4540341184e+00 -4.4000000000e-01 1.0000000000e-01
     vertex 2.4554108816e+00 -4.4000000000e-01 1.0000000000e-01
     vertex 2.4554108816e+00 -4.4000000000e-01 1.0093552167e-01
   endloop
 endfacet
 facet normal  0.0000000000e+00 -1.0000000000e+00 0.0000000000e+00
   outer loop
     vertex 2.4554108816e+00 -4.4000000000e-01 1.0093552167e-01
     vertex 2.4554108816e+00 -4.4000000000e-01 1.0000000000e-01
     vertex 2.4585964399e+00 -4.4000000000e-01 1.0000000000e-01
   endloop
 endfacet
 facet normal  0.0000000000e+00 -1.0000000000e+00 0.0000000000e+00
   outer loop
     vertex 2.4554108816e+00 -4.4000000000e-01 1.0093552167e-01
     vertex 2.4585964399e+00 -4.4000000000e-01 1.0000000000e-01
     vertex 2.4585964399e+00 -4.4000000000e-01 1.0162395321e-01
   endloop
 endfacet
 facet normal  -2.3325275961e-14 -1.0000000000e+00 0.0000000000e+00
   outer loop
     vertex 2.4585964399e+00 -4.4000000000e-01 1.0162395321e-01
     vertex 2.4585964399e+00 -4.4000000000e-01 1.0000000000e-01
     vertex 2.4633561822e+00 -4.4000000000e-01 1.0000000000e-01
   endloop
 endfacet
 facet normal  -2.3325275961e-14 -1.0000000000e+00 0.0000000000e+00
   outer loop
     vertex 2.4585964399e+00 -4.4000000000e-01 1.0162395321e-01
     vertex 2.4633561822e+00 -4.4000000000e-01 1.0000000000e-01
     vertex 2.4633561822e+00 -4.4000000000e-01 1.0219382781e-01
   endloop
 endfacet
 facet normal  8.3800236586e-15 -1.0000000000e+00 0.0000000000e+00
   outer loop
     vertex 2.4633561822e+00 -4.4000000000e-01 1.0219382781e-01
     vertex 2.4633561822e+00 -4.4000000000e-01 1.0000000000e-01
     vertex 2.4699804058e+00 -4.4000000000e-01 1.0000000000e-01
   endloop
 endfacet
 facet normal  8.3800236586e-15 -1.0000000000e+00 0.0000000000e+00
   outer loop
     vertex 2.4633561822e+00 -4.4000000000e-01 1.0219382781e-01
     vertex 2.4699804058e+00 -4.4000000000e-01 1.0000000000e-01
     vertex 2.4699804058e+00 -4.4000000000e-01 1.0266424081e-01
   endloop
 endfacet
 facet normal  0.0000000000e+00 -1.0000000000e+00 0.0000000000e+00
   outer loop
     vertex 2.4699804058e+00 -4.4000000000e-01 1.0266424081e-01
     vertex 2.4699804058e+00 -4.4000000000e-01 1.0000000000e-01
     vertex 2.4787416599e+00 -4.4000000000e-01 1.0000000000e-01
   endloop
 endfacet
 facet normal  0.0000000000e+00 -1.0000000000e+00 0.0000000000e+00
   outer loop
     vertex 2.4699804058e+00 -4.4000000000e-01 1.0266424081e-01
     vertex 2.4787416599e+00 -4.4000000000e-01 1.0000000000e-01
     vertex 2.4787416599e+00 -4.4000000000e-01 1.0299950147e-01
   endloop
 endfacet
 facet normal  5.0694538033e-15 -1.0000000000e+00 0.0000000000e+00
   outer loop
     vertex 2.4787416599e+00 -4.4000000000e-01 1.0299950147e-01
     vertex 2.4787416599e+00 -4.4000000000e-01 1.0000000000e-01
     vertex 2.4896917846e+00 -4.4000000000e-01 1.0000000000e-01
   endloop
 endfacet
 facet normal  5.0694538033e-15 -1.0000000000e+00 0.0000000000e+00
   outer loop
     vertex 2.4787416599e+00 -4.4000000000e-01 1.0299950147e-01
     vertex 2.4896917846e+00 -4.4000000000e-01 1.0000000000e-01
     vertex 2.4896917846e+00 -4.4000000000e-01 1.0314742021e-01
   endloop
 endfacet
 facet normal  0.0000000000e+00 -1.0000000000e+00 0.0000000000e+00
   outer loop
     vertex 2.4896917846e+00 -4.4000000000e-01 1.0314742021e-01
     vertex 2.4896917846e+00 -4.4000000000e-01 1.0000000000e-01
     vertex 2.5024940903e+00 -4.4000000000e-01 1.0000000000e-01
   endloop
 endfacet
 facet normal  0.0000000000e+00 -1.0000000000e+00 0.0000000000e+00
   outer loop
     vertex 2.4896917846e+00 -4.4000000000e-01 1.0314742021e-01
     vertex 2.5024940903e+00 -4.4000000000e-01 1.0000000000e-01
     vertex 2.5024940903e+00 -4.4000000000e-01 1.0307378790e-01
   endloop
 endfacet
 facet normal  0.0000000000e+00 -1.0000000000e+00 0.0000000000e+00
   outer loop
     vertex 2.5024940903e+00 -4.4000000000e-01 1.0307378790e-01
     vertex 2.5024940903e+00 -4.4000000000e-01 1.0000000000e-01
     vertex 2.5163663070e+00 -4.4000000000e-01 1.0000000000e-01
   endloop
 endfacet
 facet normal  0.0000000000e+00 -1.0000000000e+00 0.0000000000e+00
   outer loop
     vertex 2.5024940903e+00 -4.4000000000e-01 1.0307378790e-01
     vertex 2.5163663070e+00 -4.4000000000e-01 1.0000000000e-01
     vertex 2.5163663070e+00 -4.4000000000e-01 1.0279022430e-01
   endloop
 endfacet
 facet normal  0.0000000000e+00 -1.0000000000e+00 0.0000000000e+00
   outer loop
     vertex 2.5163663070e+00 -4.4000000000e-01 1.0279022430e-01
     vertex 2.5163663070e+00 -4.4000000000e-01 1.0000000000e-01
     vertex 2.5302233075e+00 -4.4000000000e-01 1.0235779313e-01
   endloop
 endfacet
 facet normal  0.0000000000e+00 -1.0000000000e+00 0.0000000000e+00
   outer loop
     vertex 2.5163663070e+00 -4.4000000000e-01 1.0000000000e-01
     vertex 2.5302233075e+00 -4.4000000000e-01 1.0000000000e-01
     vertex 2.5302233075e+00 -4.4000000000e-01 1.0235779313e-01
   endloop
 endfacet
 facet normal  -4.3486987300e-15 -1.0000000000e+00 0.0000000000e+00
   outer loop
     vertex 2.5302233075e+00 -4.4000000000e-01 1.0235779313e-01
     vertex 2.5302233075e+00 -4.4000000000e-01 1.0000000000e-01
     vertex 2.5429883102e+00 -4.4000000000e-01 1.0186077689e-01
   endloop
 endfacet
 facet normal  -4.3486987300e-15 -1.0000000000e+00 0.0000000000e+00
   outer loop
     vertex 2.5302233075e+00 -4.4000000000e-01 1.0000000000e-01
     vertex 2.5429883102e+00 -4.4000000000e-01 1.0000000000e-01
     vertex 2.5429883102e+00 -4.4000000000e-01 1.0186077689e-01
   endloop
 endfacet
 facet normal  0.0000000000e+00 -1.0000000000e+00 0.0000000000e+00
   outer loop
     vertex 2.5429883102e+00 -4.4000000000e-01 1.0186077689e-01
     vertex 2.5429883102e+00 -4.4000000000e-01 1.0000000000e-01
     vertex 2.5538999319e+00 -4.4000000000e-01 1.0137440152e-01
   endloop
 endfacet
 facet normal  0.0000000000e+00 -1.0000000000e+00 0.0000000000e+00
   outer loop
     vertex 2.5429883102e+00 -4.4000000000e-01 1.0000000000e-01
     vertex 2.5538999319e+00 -4.4000000000e-01 1.0000000000e-01
     vertex 2.5538999319e+00 -4.4000000000e-01 1.0137440152e-01
   endloop
 endfacet
 facet normal  0.0000000000e+00 -1.0000000000e+00 0.0000000000e+00
   outer loop
     vertex 2.5538999319e+00 -4.4000000000e-01 1.0137440152e-01
     vertex 2.5538999319e+00 -4.4000000000e-01 1.0000000000e-01
     vertex 2.5626462889e+00 -4.4000000000e-01 1.0094733666e-01
   endloop
 endfacet
 facet normal  0.0000000000e+00 -1.0000000000e+00 0.0000000000e+00
   outer loop
     vertex 2.5538999319e+00 -4.4000000000e-01 1.0000000000e-01
     vertex 2.5626462889e+00 -4.4000000000e-01 1.0000000000e-01
     vertex 2.5626462889e+00 -4.4000000000e-01 1.0094733666e-01
   endloop
 endfacet
 facet normal  1.6679536239e-14 -1.0000000000e+00 0.0000000000e+00
   outer loop
     vertex 2.5626462889e+00 -4.4000000000e-01 1.0094733666e-01
     vertex 2.5626462889e+00 -4.4000000000e-01 1.0000000000e-01
     vertex 2.5693024873e+00 -4.4000000000e-01 1.0060056557e-01
   endloop
 endfacet
 facet normal  1.6679536239e-14 -1.0000000000e+00 0.0000000000e+00
   outer loop
     vertex 2.5626462889e+00 -4.4000000000e-01 1.0000000000e-01
     vertex 2.5693024873e+00 -4.4000000000e-01 1.0000000000e-01
     vertex 2.5693024873e+00 -4.4000000000e-01 1.0060056557e-01
   endloop
 endfacet
 facet normal  0.0000000000e+00 -1.0000000000e+00 0.0000000000e+00
   outer loop
     vertex 2.5693024873e+00 -4.4000000000e-01 1.0060056557e-01
     vertex 2.5693024873e+00 -4.4000000000e-01 1.0000000000e-01
     vertex 2.5741706309e+00 -4.4000000000e-01 1.0033468017e-01
   endloop
 endfacet
 facet normal  0.0000000000e+00 -1.0000000000e+00 0.0000000000e+00
   outer loop
     vertex 2.5693024873e+00 -4.4000000000e-01 1.0000000000e-01
     vertex 2.5741706309e+00 -4.4000000000e-01 1.0000000000e-01
     vertex 2.5741706309e+00 -4.4000000000e-01 1.0033468017e-01
   endloop
 endfacet
 facet normal  -1.6053399172e-14 -1.0000000000e+00 0.0000000000e+00
   outer loop
     vertex 2.5741706309e+00 -4.4000000000e-01 1.0033468017e-01
     vertex 2.5741706309e+00 -4.4000000000e-01 1.0000000000e-01
     vertex 2.5776285372e+00 -4.4000000000e-01 1.0013925808e-01
   endloop
 endfacet
 facet normal  -1.6053399172e-14 -1.0000000000e+00 0.0000000000e+00
   outer loop
     vertex 2.5741706309e+00 -4.4000000000e-01 1.0000000000e-01
     vertex 2.5776285372e+00 -4.4000000000e-01 1.0000000000e-01
     vertex 2.5776285372e+00 -4.4000000000e-01 1.0013925808e-01
   endloop
 endfacet
 facet normal  0.0000000000e+00 -1.0000000000e+00 0.0000000000e+00
   outer loop
     vertex 2.5776285372e+00 -4.4000000000e-01 1.0013925808e-01
     vertex 2.5776285372e+00 -4.4000000000e-01 1.0000000000e-01
     vertex 2.5800341184e+00 -4.4000000000e-01 1.0000000000e-01
   endloop
 endfacet
endsolid
