solid
 facet normal  0.0000000000e+00 0.0000000000e+00 -1.0000000000e+00
   outer loop
     vertex 2.5200000000e+00 0.0000000000e+00 3.6910838351e-02
     vertex 2.5119813959e+00 6.3876105315e-17 3.6910838351e-02
     vertex 2.5119813959e+00 4.6419360908e-04 3.6910838351e-02
   endloop
 endfacet
 facet normal  0.0000000000e+00 0.0000000000e+00 -1.0000000000e+00
   outer loop
     vertex 2.5119813959e+00 6.3876105315e-17 3.6910838351e-02
     vertex 2.5004550414e+00 8.2831654286e-17 3.6910838351e-02
     vertex 2.5119813959e+00 4.6419360908e-04 3.6910838351e-02
   endloop
 endfacet
 facet normal  0.0000000000e+00 0.0000000000e+00 -1.0000000000e+00
   outer loop
     vertex 2.5119813959e+00 4.6419360908e-04 3.6910838351e-02
     vertex 2.5004550414e+00 8.2831654286e-17 3.6910838351e-02
     vertex 2.5004550414e+00 1.1156005708e-03 3.6910838351e-02
   endloop
 endfacet
 facet normal  0.0000000000e+00 0.0000000000e+00 -1.0000000000e+00
   outer loop
     vertex 2.5004550414e+00 8.2831654286e-17 3.6910838351e-02
     vertex 2.4842278960e+00 3.0960821313e-17 3.6910838351e-02
     vertex 2.5004550414e+00 1.1156005708e-03 3.6910838351e-02
   endloop
 endfacet
 facet normal  0.0000000000e+00 0.0000000000e+00 -1.0000000000e+00
   outer loop
     vertex 2.5004550414e+00 1.1156005708e-03 3.6910838351e-02
     vertex 2.4842278960e+00 3.0960821313e-17 3.6910838351e-02
     vertex 2.4842278960e+00 2.0018852411e-03 3.6910838351e-02
   endloop
 endfacet
 facet normal  -9.3822391344e-16 0.0000000000e+00 -1.0000000000e+00
   outer loop
     vertex 2.4842278960e+00 3.0960821313e-17 3.6910838351e-02
     vertex 2.4620405680e+00 -1.7111390682e-17 3.6910838351e-02
     vertex 2.4842278960e+00 2.0018852411e-03 3.6910838351e-02
   endloop
 endfacet
 facet normal  -9.3822391344e-16 0.0000000000e+00 -1.0000000000e+00
   outer loop
     vertex 2.4842278960e+00 2.0018852411e-03 3.6910838351e-02
     vertex 2.4620405680e+00 -1.7111390682e-17 3.6910838351e-02
     vertex 2.4620405680e+00 3.1577888586e-03 3.6910838351e-02
   endloop
 endfacet
 facet normal  7.1401207658e-16 0.0000000000e+00 -1.0000000000e+00
   outer loop
     vertex 2.4620405680e+00 -1.7111390682e-17 3.6910838351e-02
     vertex 2.4328860448e+00 -1.1946219178e-17 3.6910838351e-02
     vertex 2.4620405680e+00 3.1577888586e-03 3.6910838351e-02
   endloop
 endfacet
 facet normal  7.1401207658e-16 0.0000000000e+00 -1.0000000000e+00
   outer loop
     vertex 2.4620405680e+00 3.1577888586e-03 3.6910838351e-02
     vertex 2.4328860448e+00 -1.1946219178e-17 3.6910838351e-02
     vertex 2.4328860448e+00 4.5813384056e-03 3.6910838351e-02
   endloop
 endfacet
 facet normal  0.0000000000e+00 0.0000000000e+00 -1.0000000000e+00
   outer loop
     vertex 2.4328860448e+00 -1.1946219178e-17 3.6910838351e-02
     vertex 2.3965139725e+00 -8.3152182944e-18 3.6910838351e-02
     vertex 2.4328860448e+00 4.5813384056e-03 3.6910838351e-02
   endloop
 endfacet
 facet normal  0.0000000000e+00 0.0000000000e+00 -1.0000000000e+00
   outer loop
     vertex 2.4328860448e+00 4.5813384056e-03 3.6910838351e-02
     vertex 2.3965139725e+00 -8.3152182944e-18 3.6910838351e-02
     vertex 2.3965139725e+00 6.2025896206e-03 3.6910838351e-02
   endloop
 endfacet
 facet normal  0.0000000000e+00 0.0000000000e+00 -1.0000000000e+00
   outer loop
     vertex 2.3965139725e+00 -8.3152182944e-18 3.6910838351e-02
     vertex 2.3539639634e+00 -7.2001671055e-18 3.6910838351e-02
     vertex 2.3965139725e+00 6.2025896206e-03 3.6910838351e-02
   endloop
 endfacet
 facet normal  0.0000000000e+00 0.0000000000e+00 -1.0000000000e+00
   outer loop
     vertex 2.3965139725e+00 6.2025896206e-03 3.6910838351e-02
     vertex 2.3539639634e+00 -7.2001671055e-18 3.6910838351e-02
     vertex 2.3539639634e+00 7.8593104479e-03 3.6910838351e-02
   endloop
 endfacet
 facet normal  0.0000000000e+00 0.0000000000e+00 -1.0000000000e+00
   outer loop
     vertex 2.3539639634e+00 -7.2001671055e-18 3.6910838351e-02
     vertex 2.3077739619e+00 0.0000000000e+00 3.6910838351e-02
     vertex 2.3539639634e+00 7.8593104479e-03 3.6910838351e-02
   endloop
 endfacet
 facet normal  0.0000000000e+00 0.0000000000e+00 -1.0000000000e+00
   outer loop
     vertex 2.3539639634e+00 7.8593104479e-03 3.6910838351e-02
     vertex 2.3077739619e+00 0.0000000000e+00 3.6910838351e-02
     vertex 2.3077739619e+00 9.3007476810e-03 3.6910838351e-02
   endloop
 endfacet
 facet normal  0.0000000000e+00 0.0000000000e+00 -1.0000000000e+00
   outer loop
     vertex 2.3077739619e+00 0.0000000000e+00 3.6910838351e-02
     vertex 2.2615332396e+00 1.0245959663e-02 3.6910838351e-02
     vertex 2.3077739619e+00 9.3007476810e-03 3.6910838351e-02
   endloop
 endfacet
 facet normal  0.0000000000e+00 0.0000000000e+00 -1.0000000000e+00
   outer loop
     vertex 2.3077739619e+00 0.0000000000e+00 3.6910838351e-02
     vertex 2.2615332396e+00 3.7071897835e-18 3.6910838351e-02
     vertex 2.2615332396e+00 1.0245959663e-02 3.6910838351e-02
   endloop
 endfacet
 facet normal  0.0000000000e+00 0.0000000000e+00 -1.0000000000e+00
   outer loop
     vertex 2.2615332396e+00 3.7071897835e-18 3.6910838351e-02
     vertex 2.2188588871e+00 1.0491400699e-02 3.6910838351e-02
     vertex 2.2615332396e+00 1.0245959663e-02 3.6910838351e-02
   endloop
 endfacet
 facet normal  0.0000000000e+00 0.0000000000e+00 -1.0000000000e+00
   outer loop
     vertex 2.2615332396e+00 3.7071897835e-18 3.6910838351e-02
     vertex 2.2188588871e+00 -1.8506096044e-18 3.6910838351e-02
     vertex 2.2188588871e+00 1.0491400699e-02 3.6910838351e-02
   endloop
 endfacet
 facet normal  0.0000000000e+00 0.0000000000e+00 -1.0000000000e+00
   outer loop
     vertex 2.2188588871e+00 -1.8506096044e-18 3.6910838351e-02
     vertex 2.1823584715e+00 9.9983382324e-03 3.6910838351e-02
     vertex 2.2188588871e+00 1.0491400699e-02 3.6910838351e-02
   endloop
 endfacet
 facet normal  0.0000000000e+00 0.0000000000e+00 -1.0000000000e+00
   outer loop
     vertex 2.2188588871e+00 -1.8506096044e-18 3.6910838351e-02
     vertex 2.1823584715e+00 1.7240038156e-19 3.6910838351e-02
     vertex 2.1823584715e+00 9.9983382324e-03 3.6910838351e-02
   endloop
 endfacet
 facet normal  0.0000000000e+00 0.0000000000e+00 -1.0000000000e+00
   outer loop
     vertex 2.1823584715e+00 1.7240038156e-19 3.6910838351e-02
     vertex 2.1531542913e+00 8.8808026853e-03 3.6910838351e-02
     vertex 2.1823584715e+00 9.9983382324e-03 3.6910838351e-02
   endloop
 endfacet
 facet normal  0.0000000000e+00 0.0000000000e+00 -1.0000000000e+00
   outer loop
     vertex 2.1823584715e+00 1.7240038156e-19 3.6910838351e-02
     vertex 2.1531542913e+00 -4.3362670421e-18 3.6910838351e-02
     vertex 2.1531542913e+00 8.8808026853e-03 3.6910838351e-02
   endloop
 endfacet
 facet normal  0.0000000000e+00 0.0000000000e+00 -1.0000000000e+00
   outer loop
     vertex 2.1531542913e+00 -4.3362670421e-18 3.6910838351e-02
     vertex 2.1310735457e+00 7.3127593793e-03 3.6910838351e-02
     vertex 2.1531542913e+00 8.8808026853e-03 3.6910838351e-02
   endloop
 endfacet
 facet normal  0.0000000000e+00 0.0000000000e+00 -1.0000000000e+00
   outer loop
     vertex 2.1531542913e+00 -4.3362670421e-18 3.6910838351e-02
     vertex 2.1310735457e+00 7.6795701229e-18 3.6910838351e-02
     vertex 2.1310735457e+00 7.3127593793e-03 3.6910838351e-02
   endloop
 endfacet
 facet normal  8.7469784855e-16 0.0000000000e+00 -1.0000000000e+00
   outer loop
     vertex 2.1310735457e+00 7.6795701229e-18 3.6910838351e-02
     vertex 2.1152077381e+00 5.4131773690e-03 3.6910838351e-02
     vertex 2.1310735457e+00 7.3127593793e-03 3.6910838351e-02
   endloop
 endfacet
 facet normal  8.7469784855e-16 0.0000000000e+00 -1.0000000000e+00
   outer loop
     vertex 2.1310735457e+00 7.6795701229e-18 3.6910838351e-02
     vertex 2.1152077381e+00 3.3788121379e-19 3.6910838351e-02
     vertex 2.1152077381e+00 5.4131773690e-03 3.6910838351e-02
   endloop
 endfacet
 facet normal  -1.3069409014e-15 0.0000000000e+00 -1.0000000000e+00
   outer loop
     vertex 2.1152077381e+00 3.3788121379e-19 3.6910838351e-02
     vertex 2.1045892106e+00 3.1184055660e-03 3.6910838351e-02
     vertex 2.1152077381e+00 5.4131773690e-03 3.6910838351e-02
   endloop
 endfacet
 facet normal  -1.3069409014e-15 0.0000000000e+00 -1.0000000000e+00
   outer loop
     vertex 2.1152077381e+00 3.3788121379e-19 3.6910838351e-02
     vertex 2.1045892106e+00 2.9659688309e-17 3.6910838351e-02
     vertex 2.1045892106e+00 3.1184055660e-03 3.6910838351e-02
   endloop
 endfacet
 facet normal  0.0000000000e+00 0.0000000000e+00 -1.0000000000e+00
   outer loop
     vertex 2.1045892106e+00 2.9659688309e-17 3.6910838351e-02
     vertex 2.1000000000e+00 0.0000000000e+00 3.6910838351e-02
     vertex 2.1045892106e+00 3.1184055660e-03 3.6910838351e-02
   endloop
 endfacet
 facet normal  0.0000000000e+00 -0.0000000000e+00 -1.0000000000e+00
   outer loop
     vertex 2.1000000000e+00 0.0000000000e+00 3.6910838351e-02
     vertex 2.1045892106e+00 2.9659688309e-17 3.6910838351e-02
     vertex 2.1045892106e+00 -3.1184055660e-03 3.6910838351e-02
   endloop
 endfacet
 facet normal  -0.0000000000e+00 0.0000000000e+00 -1.0000000000e+00
   outer loop
     vertex 2.1045892106e+00 2.9659688309e-17 3.6910838351e-02
     vertex 2.1152077381e+00 3.3788121379e-19 3.6910838351e-02
     vertex 2.1045892106e+00 -3.1184055660e-03 3.6910838351e-02
   endloop
 endfacet
 facet normal  0.0000000000e+00 -0.0000000000e+00 -1.0000000000e+00
   outer loop
     vertex 2.1045892106e+00 -3.1184055660e-03 3.6910838351e-02
     vertex 2.1152077381e+00 3.3788121379e-19 3.6910838351e-02
     vertex 2.1152077381e+00 -5.4131773690e-03 3.6910838351e-02
   endloop
 endfacet
 facet normal  0.0000000000e+00 0.0000000000e+00 -1.0000000000e+00
   outer loop
     vertex 2.1152077381e+00 3.3788121379e-19 3.6910838351e-02
     vertex 2.1310735457e+00 7.6795701229e-18 3.6910838351e-02
     vertex 2.1152077381e+00 -5.4131773690e-03 3.6910838351e-02
   endloop
 endfacet
 facet normal  0.0000000000e+00 -0.0000000000e+00 -1.0000000000e+00
   outer loop
     vertex 2.1152077381e+00 -5.4131773690e-03 3.6910838351e-02
     vertex 2.1310735457e+00 7.6795701229e-18 3.6910838351e-02
     vertex 2.1310735457e+00 -7.3127593793e-03 3.6910838351e-02
   endloop
 endfacet
 facet normal  -0.0000000000e+00 0.0000000000e+00 -1.0000000000e+00
   outer loop
     vertex 2.1310735457e+00 7.6795701229e-18 3.6910838351e-02
     vertex 2.1531542913e+00 -4.3362670421e-18 3.6910838351e-02
     vertex 2.1310735457e+00 -7.3127593793e-03 3.6910838351e-02
   endloop
 endfacet
 facet normal  0.0000000000e+00 -0.0000000000e+00 -1.0000000000e+00
   outer loop
     vertex 2.1310735457e+00 -7.3127593793e-03 3.6910838351e-02
     vertex 2.1531542913e+00 -4.3362670421e-18 3.6910838351e-02
     vertex 2.1531542913e+00 -8.8808026853e-03 3.6910838351e-02
   endloop
 endfacet
 facet normal  0.0000000000e+00 0.0000000000e+00 -1.0000000000e+00
   outer loop
     vertex 2.1531542913e+00 -4.3362670421e-18 3.6910838351e-02
     vertex 2.1823584715e+00 1.7240038156e-19 3.6910838351e-02
     vertex 2.1531542913e+00 -8.8808026853e-03 3.6910838351e-02
   endloop
 endfacet
 facet normal  0.0000000000e+00 -0.0000000000e+00 -1.0000000000e+00
   outer loop
     vertex 2.1531542913e+00 -8.8808026853e-03 3.6910838351e-02
     vertex 2.1823584715e+00 1.7240038156e-19 3.6910838351e-02
     vertex 2.1823584715e+00 -9.9983382324e-03 3.6910838351e-02
   endloop
 endfacet
 facet normal  -0.0000000000e+00 0.0000000000e+00 -1.0000000000e+00
   outer loop
     vertex 2.1823584715e+00 1.7240038156e-19 3.6910838351e-02
     vertex 2.2188588871e+00 -1.8506096044e-18 3.6910838351e-02
     vertex 2.1823584715e+00 -9.9983382324e-03 3.6910838351e-02
   endloop
 endfacet
 facet normal  0.0000000000e+00 -0.0000000000e+00 -1.0000000000e+00
   outer loop
     vertex 2.1823584715e+00 -9.9983382324e-03 3.6910838351e-02
     vertex 2.2188588871e+00 -1.8506096044e-18 3.6910838351e-02
     vertex 2.2188588871e+00 -1.0491400699e-02 3.6910838351e-02
   endloop
 endfacet
 facet normal  0.0000000000e+00 0.0000000000e+00 -1.0000000000e+00
   outer loop
     vertex 2.2188588871e+00 -1.8506096044e-18 3.6910838351e-02
     vertex 2.2615332396e+00 3.7071897835e-18 3.6910838351e-02
     vertex 2.2188588871e+00 -1.0491400699e-02 3.6910838351e-02
   endloop
 endfacet
 facet normal  0.0000000000e+00 -0.0000000000e+00 -1.0000000000e+00
   outer loop
     vertex 2.2188588871e+00 -1.0491400699e-02 3.6910838351e-02
     vertex 2.2615332396e+00 3.7071897835e-18 3.6910838351e-02
     vertex 2.2615332396e+00 -1.0245959663e-02 3.6910838351e-02
   endloop
 endfacet
 facet normal  -0.0000000000e+00 0.0000000000e+00 -1.0000000000e+00
   outer loop
     vertex 2.2615332396e+00 3.7071897835e-18 3.6910838351e-02
     vertex 2.3077739619e+00 0.0000000000e+00 3.6910838351e-02
     vertex 2.2615332396e+00 -1.0245959663e-02 3.6910838351e-02
   endloop
 endfacet
 facet normal  0.0000000000e+00 -0.0000000000e+00 -1.0000000000e+00
   outer loop
     vertex 2.2615332396e+00 -1.0245959663e-02 3.6910838351e-02
     vertex 2.3077739619e+00 0.0000000000e+00 3.6910838351e-02
     vertex 2.3077739619e+00 -9.3007476810e-03 3.6910838351e-02
   endloop
 endfacet
 facet normal  -0.0000000000e+00 0.0000000000e+00 -1.0000000000e+00
   outer loop
     vertex 2.3077739619e+00 0.0000000000e+00 3.6910838351e-02
     vertex 2.3539639634e+00 -7.8593104479e-03 3.6910838351e-02
     vertex 2.3077739619e+00 -9.3007476810e-03 3.6910838351e-02
   endloop
 endfacet
 facet normal  -0.0000000000e+00 -0.0000000000e+00 -1.0000000000e+00
   outer loop
     vertex 2.3077739619e+00 0.0000000000e+00 3.6910838351e-02
     vertex 2.3539639634e+00 -7.2001671055e-18 3.6910838351e-02
     vertex 2.3539639634e+00 -7.8593104479e-03 3.6910838351e-02
   endloop
 endfacet
 facet normal  -0.0000000000e+00 0.0000000000e+00 -1.0000000000e+00
   outer loop
     vertex 2.3539639634e+00 -7.2001671055e-18 3.6910838351e-02
     vertex 2.3965139725e+00 -6.2025896206e-03 3.6910838351e-02
     vertex 2.3539639634e+00 -7.8593104479e-03 3.6910838351e-02
   endloop
 endfacet
 facet normal  -0.0000000000e+00 -0.0000000000e+00 -1.0000000000e+00
   outer loop
     vertex 2.3539639634e+00 -7.2001671055e-18 3.6910838351e-02
     vertex 2.3965139725e+00 -8.3152182944e-18 3.6910838351e-02
     vertex 2.3965139725e+00 -6.2025896206e-03 3.6910838351e-02
   endloop
 endfacet
 facet normal  -0.0000000000e+00 0.0000000000e+00 -1.0000000000e+00
   outer loop
     vertex 2.3965139725e+00 -8.3152182944e-18 3.6910838351e-02
     vertex 2.4328860448e+00 -4.5813384056e-03 3.6910838351e-02
     vertex 2.3965139725e+00 -6.2025896206e-03 3.6910838351e-02
   endloop
 endfacet
 facet normal  -0.0000000000e+00 -0.0000000000e+00 -1.0000000000e+00
   outer loop
     vertex 2.3965139725e+00 -8.3152182944e-18 3.6910838351e-02
     vertex 2.4328860448e+00 -1.1946219178e-17 3.6910838351e-02
     vertex 2.4328860448e+00 -4.5813384056e-03 3.6910838351e-02
   endloop
 endfacet
 facet normal  -0.0000000000e+00 0.0000000000e+00 -1.0000000000e+00
   outer loop
     vertex 2.4328860448e+00 -1.1946219178e-17 3.6910838351e-02
     vertex 2.4620405680e+00 -3.1577888586e-03 3.6910838351e-02
     vertex 2.4328860448e+00 -4.5813384056e-03 3.6910838351e-02
   endloop
 endfacet
 facet normal  -0.0000000000e+00 -0.0000000000e+00 -1.0000000000e+00
   outer loop
     vertex 2.4328860448e+00 -1.1946219178e-17 3.6910838351e-02
     vertex 2.4620405680e+00 -1.7111390682e-17 3.6910838351e-02
     vertex 2.4620405680e+00 -3.1577888586e-03 3.6910838351e-02
   endloop
 endfacet
 facet normal  -0.0000000000e+00 0.0000000000e+00 -1.0000000000e+00
   outer loop
     vertex 2.4620405680e+00 -1.7111390682e-17 3.6910838351e-02
     vertex 2.4842278960e+00 -2.0018852411e-03 3.6910838351e-02
     vertex 2.4620405680e+00 -3.1577888586e-03 3.6910838351e-02
   endloop
 endfacet
 facet normal  0.0000000000e+00 -0.0000000000e+00 -1.0000000000e+00
   outer loop
     vertex 2.4620405680e+00 -1.7111390682e-17 3.6910838351e-02
     vertex 2.4842278960e+00 3.0960821313e-17 3.6910838351e-02
     vertex 2.4842278960e+00 -2.0018852411e-03 3.6910838351e-02
   endloop
 endfacet
 facet normal  -0.0000000000e+00 0.0000000000e+00 -1.0000000000e+00
   outer loop
     vertex 2.4842278960e+00 3.0960821313e-17 3.6910838351e-02
     vertex 2.5004550414e+00 -1.1156005708e-03 3.6910838351e-02
     vertex 2.4842278960e+00 -2.0018852411e-03 3.6910838351e-02
   endloop
 endfacet
 facet normal  0.0000000000e+00 -0.0000000000e+00 -1.0000000000e+00
   outer loop
     vertex 2.4842278960e+00 3.0960821313e-17 3.6910838351e-02
     vertex 2.5004550414e+00 8.2831654286e-17 3.6910838351e-02
     vertex 2.5004550414e+00 -1.1156005708e-03 3.6910838351e-02
   endloop
 endfacet
 facet normal  6.0200246896e-16 0.0000000000e+00 -1.0000000000e+00
   outer loop
     vertex 2.5004550414e+00 8.2831654286e-17 3.6910838351e-02
     vertex 2.5119813959e+00 -4.6419360908e-04 3.6910838351e-02
     vertex 2.5004550414e+00 -1.1156005708e-03 3.6910838351e-02
   endloop
 endfacet
 facet normal  6.0200246896e-16 0.0000000000e+00 -1.0000000000e+00
   outer loop
     vertex 2.5004550414e+00 8.2831654286e-17 3.6910838351e-02
     vertex 2.5119813959e+00 6.3876105315e-17 3.6910838351e-02
     vertex 2.5119813959e+00 -4.6419360908e-04 3.6910838351e-02
   endloop
 endfacet
 facet normal  -8.6534936047e-16 0.0000000000e+00 -1.0000000000e+00
   outer loop
     vertex 2.5119813959e+00 6.3876105315e-17 3.6910838351e-02
     vertex 2.5200000000e+00 0.0000000000e+00 3.6910838351e-02
     vertex 2.5119813959e+00 -4.6419360908e-04 3.6910838351e-02
   endloop
 endfacet
 facet normal  0.0000000000e+00 0.0000000000e+00 -1.0000000000e+00
   outer loop
     vertex 2.5200000000e+00 0.0000000000e+00 3.6910838351e-02
     vertex 2.5119813959e+00 4.6419360908e-04 3.6910838351e-02
     vertex 2.5119813959e+00 9.2838721816e-04 3.6910838351e-02
   endloop
 endfacet
 facet normal  0.0000000000e+00 0.0000000000e+00 -1.0000000000e+00
   outer loop
     vertex 2.5119813959e+00 4.6419360908e-04 3.6910838351e-02
     vertex 2.5004550414e+00 1.1156005708e-03 3.6910838351e-02
     vertex 2.5119813959e+00 9.2838721816e-04 3.6910838351e-02
   endloop
 endfacet
 facet normal  0.0000000000e+00 0.0000000000e+00 -1.0000000000e+00
   outer loop
     vertex 2.5119813959e+00 9.2838721816e-04 3.6910838351e-02
     vertex 2.5004550414e+00 1.1156005708e-03 3.6910838351e-02
     vertex 2.5004550414e+00 2.2312011416e-03 3.6910838351e-02
   endloop
 endfacet
 facet normal  0.0000000000e+00 0.0000000000e+00 -1.0000000000e+00
   outer loop
     vertex 2.5004550414e+00 1.1156005708e-03 3.6910838351e-02
     vertex 2.4842278960e+00 2.0018852411e-03 3.6910838351e-02
     vertex 2.5004550414e+00 2.2312011416e-03 3.6910838351e-02
   endloop
 endfacet
 facet normal  0.0000000000e+00 0.0000000000e+00 -1.0000000000e+00
   outer loop
     vertex 2.5004550414e+00 2.2312011416e-03 3.6910838351e-02
     vertex 2.4842278960e+00 2.0018852411e-03 3.6910838351e-02
     vertex 2.4842278960e+00 4.0037704822e-03 3.6910838351e-02
   endloop
 endfacet
 facet normal  -9.3822391344e-16 0.0000000000e+00 -1.0000000000e+00
   outer loop
     vertex 2.4842278960e+00 2.0018852411e-03 3.6910838351e-02
     vertex 2.4620405680e+00 3.1577888586e-03 3.6910838351e-02
     vertex 2.4842278960e+00 4.0037704822e-03 3.6910838351e-02
   endloop
 endfacet
 facet normal  -9.3822391344e-16 0.0000000000e+00 -1.0000000000e+00
   outer loop
     vertex 2.4842278960e+00 4.0037704822e-03 3.6910838351e-02
     vertex 2.4620405680e+00 3.1577888586e-03 3.6910838351e-02
     vertex 2.4620405680e+00 6.3155777171e-03 3.6910838351e-02
   endloop
 endfacet
 facet normal  7.1401207658e-16 0.0000000000e+00 -1.0000000000e+00
   outer loop
     vertex 2.4620405680e+00 3.1577888586e-03 3.6910838351e-02
     vertex 2.4328860448e+00 4.5813384056e-03 3.6910838351e-02
     vertex 2.4620405680e+00 6.3155777171e-03 3.6910838351e-02
   endloop
 endfacet
 facet normal  7.1401207658e-16 0.0000000000e+00 -1.0000000000e+00
   outer loop
     vertex 2.4620405680e+00 6.3155777171e-03 3.6910838351e-02
     vertex 2.4328860448e+00 4.5813384056e-03 3.6910838351e-02
     vertex 2.4328860448e+00 9.1626768112e-03 3.6910838351e-02
   endloop
 endfacet
 facet normal  0.0000000000e+00 0.0000000000e+00 -1.0000000000e+00
   outer loop
     vertex 2.4328860448e+00 4.5813384056e-03 3.6910838351e-02
     vertex 2.3965139725e+00 6.2025896206e-03 3.6910838351e-02
     vertex 2.4328860448e+00 9.1626768112e-03 3.6910838351e-02
   endloop
 endfacet
 facet normal  0.0000000000e+00 0.0000000000e+00 -1.0000000000e+00
   outer loop
     vertex 2.4328860448e+00 9.1626768112e-03 3.6910838351e-02
     vertex 2.3965139725e+00 6.2025896206e-03 3.6910838351e-02
     vertex 2.3965139725e+00 1.2405179241e-02 3.6910838351e-02
   endloop
 endfacet
 facet normal  0.0000000000e+00 0.0000000000e+00 -1.0000000000e+00
   outer loop
     vertex 2.3965139725e+00 6.2025896206e-03 3.6910838351e-02
     vertex 2.3539639634e+00 7.8593104479e-03 3.6910838351e-02
     vertex 2.3965139725e+00 1.2405179241e-02 3.6910838351e-02
   endloop
 endfacet
 facet normal  0.0000000000e+00 0.0000000000e+00 -1.0000000000e+00
   outer loop
     vertex 2.3965139725e+00 1.2405179241e-02 3.6910838351e-02
     vertex 2.3539639634e+00 7.8593104479e-03 3.6910838351e-02
     vertex 2.3539639634e+00 1.5718620896e-02 3.6910838351e-02
   endloop
 endfacet
 facet normal  0.0000000000e+00 0.0000000000e+00 -1.0000000000e+00
   outer loop
     vertex 2.3539639634e+00 7.8593104479e-03 3.6910838351e-02
     vertex 2.3077739619e+00 9.3007476810e-03 3.6910838351e-02
     vertex 2.3539639634e+00 1.5718620896e-02 3.6910838351e-02
   endloop
 endfacet
 facet normal  0.0000000000e+00 0.0000000000e+00 -1.0000000000e+00
   outer loop
     vertex 2.3539639634e+00 1.5718620896e-02 3.6910838351e-02
     vertex 2.3077739619e+00 9.3007476810e-03 3.6910838351e-02
     vertex 2.3077739619e+00 1.8601495362e-02 3.6910838351e-02
   endloop
 endfacet
 facet normal  0.0000000000e+00 0.0000000000e+00 -1.0000000000e+00
   outer loop
     vertex 2.3077739619e+00 9.3007476810e-03 3.6910838351e-02
     vertex 2.2615332396e+00 2.0491919326e-02 3.6910838351e-02
     vertex 2.3077739619e+00 1.8601495362e-02 3.6910838351e-02
   endloop
 endfacet
 facet normal  0.0000000000e+00 0.0000000000e+00 -1.0000000000e+00
   outer loop
     vertex 2.3077739619e+00 9.3007476810e-03 3.6910838351e-02
     vertex 2.2615332396e+00 1.0245959663e-02 3.6910838351e-02
     vertex 2.2615332396e+00 2.0491919326e-02 3.6910838351e-02
   endloop
 endfacet
 facet normal  0.0000000000e+00 0.0000000000e+00 -1.0000000000e+00
   outer loop
     vertex 2.2615332396e+00 1.0245959663e-02 3.6910838351e-02
     vertex 2.2188588871e+00 2.0982801399e-02 3.6910838351e-02
     vertex 2.2615332396e+00 2.0491919326e-02 3.6910838351e-02
   endloop
 endfacet
 facet normal  0.0000000000e+00 0.0000000000e+00 -1.0000000000e+00
   outer loop
     vertex 2.2615332396e+00 1.0245959663e-02 3.6910838351e-02
     vertex 2.2188588871e+00 1.0491400699e-02 3.6910838351e-02
     vertex 2.2188588871e+00 2.0982801399e-02 3.6910838351e-02
   endloop
 endfacet
 facet normal  0.0000000000e+00 0.0000000000e+00 -1.0000000000e+00
   outer loop
     vertex 2.2188588871e+00 1.0491400699e-02 3.6910838351e-02
     vertex 2.1823584715e+00 1.9996676465e-02 3.6910838351e-02
     vertex 2.2188588871e+00 2.0982801399e-02 3.6910838351e-02
   endloop
 endfacet
 facet normal  0.0000000000e+00 0.0000000000e+00 -1.0000000000e+00
   outer loop
     vertex 2.2188588871e+00 1.0491400699e-02 3.6910838351e-02
     vertex 2.1823584715e+00 9.9983382324e-03 3.6910838351e-02
     vertex 2.1823584715e+00 1.9996676465e-02 3.6910838351e-02
   endloop
 endfacet
 facet normal  0.0000000000e+00 0.0000000000e+00 -1.0000000000e+00
   outer loop
     vertex 2.1823584715e+00 9.9983382324e-03 3.6910838351e-02
     vertex 2.1531542913e+00 1.7761605371e-02 3.6910838351e-02
     vertex 2.1823584715e+00 1.9996676465e-02 3.6910838351e-02
   endloop
 endfacet
 facet normal  0.0000000000e+00 0.0000000000e+00 -1.0000000000e+00
   outer loop
     vertex 2.1823584715e+00 9.9983382324e-03 3.6910838351e-02
     vertex 2.1531542913e+00 8.8808026853e-03 3.6910838351e-02
     vertex 2.1531542913e+00 1.7761605371e-02 3.6910838351e-02
   endloop
 endfacet
 facet normal  0.0000000000e+00 0.0000000000e+00 -1.0000000000e+00
   outer loop
     vertex 2.1531542913e+00 8.8808026853e-03 3.6910838351e-02
     vertex 2.1310735457e+00 1.4625518759e-02 3.6910838351e-02
     vertex 2.1531542913e+00 1.7761605371e-02 3.6910838351e-02
   endloop
 endfacet
 facet normal  0.0000000000e+00 0.0000000000e+00 -1.0000000000e+00
   outer loop
     vertex 2.1531542913e+00 8.8808026853e-03 3.6910838351e-02
     vertex 2.1310735457e+00 7.3127593793e-03 3.6910838351e-02
     vertex 2.1310735457e+00 1.4625518759e-02 3.6910838351e-02
   endloop
 endfacet
 facet normal  8.7469784855e-16 0.0000000000e+00 -1.0000000000e+00
   outer loop
     vertex 2.1310735457e+00 7.3127593793e-03 3.6910838351e-02
     vertex 2.1152077381e+00 1.0826354738e-02 3.6910838351e-02
     vertex 2.1310735457e+00 1.4625518759e-02 3.6910838351e-02
   endloop
 endfacet
 facet normal  8.7469784855e-16 0.0000000000e+00 -1.0000000000e+00
   outer loop
     vertex 2.1310735457e+00 7.3127593793e-03 3.6910838351e-02
     vertex 2.1152077381e+00 5.4131773690e-03 3.6910838351e-02
     vertex 2.1152077381e+00 1.0826354738e-02 3.6910838351e-02
   endloop
 endfacet
 facet normal  -1.3069409014e-15 0.0000000000e+00 -1.0000000000e+00
   outer loop
     vertex 2.1152077381e+00 5.4131773690e-03 3.6910838351e-02
     vertex 2.1045892106e+00 6.2368111320e-03 3.6910838351e-02
     vertex 2.1152077381e+00 1.0826354738e-02 3.6910838351e-02
   endloop
 endfacet
 facet normal  -1.3069409014e-15 0.0000000000e+00 -1.0000000000e+00
   outer loop
     vertex 2.1152077381e+00 5.4131773690e-03 3.6910838351e-02
     vertex 2.1045892106e+00 3.1184055660e-03 3.6910838351e-02
     vertex 2.1045892106e+00 6.2368111320e-03 3.6910838351e-02
   endloop
 endfacet
 facet normal  0.0000000000e+00 0.0000000000e+00 -1.0000000000e+00
   outer loop
     vertex 2.1045892106e+00 3.1184055660e-03 3.6910838351e-02
     vertex 2.1000000000e+00 0.0000000000e+00 3.6910838351e-02
     vertex 2.1045892106e+00 6.2368111320e-03 3.6910838351e-02
   endloop
 endfacet
 facet normal  -0.0000000000e+00 -0.0000000000e+00 -1.0000000000e+00
   outer loop
     vertex 2.1000000000e+00 0.0000000000e+00 3.6910838351e-02
     vertex 2.1045892106e+00 -3.1184055660e-03 3.6910838351e-02
     vertex 2.1045892106e+00 -6.2368111320e-03 3.6910838351e-02
   endloop
 endfacet
 facet normal  -0.0000000000e+00 0.0000000000e+00 -1.0000000000e+00
   outer loop
     vertex 2.1045892106e+00 -3.1184055660e-03 3.6910838351e-02
     vertex 2.1152077381e+00 -5.4131773690e-03 3.6910838351e-02
     vertex 2.1045892106e+00 -6.2368111320e-03 3.6910838351e-02
   endloop
 endfacet
 facet normal  0.0000000000e+00 -0.0000000000e+00 -1.0000000000e+00
   outer loop
     vertex 2.1045892106e+00 -6.2368111320e-03 3.6910838351e-02
     vertex 2.1152077381e+00 -5.4131773690e-03 3.6910838351e-02
     vertex 2.1152077381e+00 -1.0826354738e-02 3.6910838351e-02
   endloop
 endfacet
 facet normal  -0.0000000000e+00 0.0000000000e+00 -1.0000000000e+00
   outer loop
     vertex 2.1152077381e+00 -5.4131773690e-03 3.6910838351e-02
     vertex 2.1310735457e+00 -7.3127593793e-03 3.6910838351e-02
     vertex 2.1152077381e+00 -1.0826354738e-02 3.6910838351e-02
   endloop
 endfacet
 facet normal  0.0000000000e+00 -0.0000000000e+00 -1.0000000000e+00
   outer loop
     vertex 2.1152077381e+00 -1.0826354738e-02 3.6910838351e-02
     vertex 2.1310735457e+00 -7.3127593793e-03 3.6910838351e-02
     vertex 2.1310735457e+00 -1.4625518759e-02 3.6910838351e-02
   endloop
 endfacet
 facet normal  -0.0000000000e+00 0.0000000000e+00 -1.0000000000e+00
   outer loop
     vertex 2.1310735457e+00 -7.3127593793e-03 3.6910838351e-02
     vertex 2.1531542913e+00 -8.8808026853e-03 3.6910838351e-02
     vertex 2.1310735457e+00 -1.4625518759e-02 3.6910838351e-02
   endloop
 endfacet
 facet normal  0.0000000000e+00 -0.0000000000e+00 -1.0000000000e+00
   outer loop
     vertex 2.1310735457e+00 -1.4625518759e-02 3.6910838351e-02
     vertex 2.1531542913e+00 -8.8808026853e-03 3.6910838351e-02
     vertex 2.1531542913e+00 -1.7761605371e-02 3.6910838351e-02
   endloop
 endfacet
 facet normal  -0.0000000000e+00 0.0000000000e+00 -1.0000000000e+00
   outer loop
     vertex 2.1531542913e+00 -8.8808026853e-03 3.6910838351e-02
     vertex 2.1823584715e+00 -9.9983382324e-03 3.6910838351e-02
     vertex 2.1531542913e+00 -1.7761605371e-02 3.6910838351e-02
   endloop
 endfacet
 facet normal  0.0000000000e+00 -0.0000000000e+00 -1.0000000000e+00
   outer loop
     vertex 2.1531542913e+00 -1.7761605371e-02 3.6910838351e-02
     vertex 2.1823584715e+00 -9.9983382324e-03 3.6910838351e-02
     vertex 2.1823584715e+00 -1.9996676465e-02 3.6910838351e-02
   endloop
 endfacet
 facet normal  -0.0000000000e+00 0.0000000000e+00 -1.0000000000e+00
   outer loop
     vertex 2.1823584715e+00 -9.9983382324e-03 3.6910838351e-02
     vertex 2.2188588871e+00 -1.0491400699e-02 3.6910838351e-02
     vertex 2.1823584715e+00 -1.9996676465e-02 3.6910838351e-02
   endloop
 endfacet
 facet normal  0.0000000000e+00 -0.0000000000e+00 -1.0000000000e+00
   outer loop
     vertex 2.1823584715e+00 -1.9996676465e-02 3.6910838351e-02
     vertex 2.2188588871e+00 -1.0491400699e-02 3.6910838351e-02
     vertex 2.2188588871e+00 -2.0982801399e-02 3.6910838351e-02
   endloop
 endfacet
 facet normal  0.0000000000e+00 0.0000000000e+00 -1.0000000000e+00
   outer loop
     vertex 2.2188588871e+00 -1.0491400699e-02 3.6910838351e-02
     vertex 2.2615332396e+00 -1.0245959663e-02 3.6910838351e-02
     vertex 2.2188588871e+00 -2.0982801399e-02 3.6910838351e-02
   endloop
 endfacet
 facet normal  0.0000000000e+00 -0.0000000000e+00 -1.0000000000e+00
   outer loop
     vertex 2.2188588871e+00 -2.0982801399e-02 3.6910838351e-02
     vertex 2.2615332396e+00 -1.0245959663e-02 3.6910838351e-02
     vertex 2.2615332396e+00 -2.0491919326e-02 3.6910838351e-02
   endloop
 endfacet
 facet normal  0.0000000000e+00 0.0000000000e+00 -1.0000000000e+00
   outer loop
     vertex 2.2615332396e+00 -1.0245959663e-02 3.6910838351e-02
     vertex 2.3077739619e+00 -9.3007476810e-03 3.6910838351e-02
     vertex 2.2615332396e+00 -2.0491919326e-02 3.6910838351e-02
   endloop
 endfacet
 facet normal  0.0000000000e+00 -0.0000000000e+00 -1.0000000000e+00
   outer loop
     vertex 2.2615332396e+00 -2.0491919326e-02 3.6910838351e-02
     vertex 2.3077739619e+00 -9.3007476810e-03 3.6910838351e-02
     vertex 2.3077739619e+00 -1.8601495362e-02 3.6910838351e-02
   endloop
 endfacet
 facet normal  -0.0000000000e+00 0.0000000000e+00 -1.0000000000e+00
   outer loop
     vertex 2.3077739619e+00 -9.3007476810e-03 3.6910838351e-02
     vertex 2.3539639634e+00 -1.5718620896e-02 3.6910838351e-02
     vertex 2.3077739619e+00 -1.8601495362e-02 3.6910838351e-02
   endloop
 endfacet
 facet normal  0.0000000000e+00 0.0000000000e+00 -1.0000000000e+00
   outer loop
     vertex 2.3077739619e+00 -9.3007476810e-03 3.6910838351e-02
     vertex 2.3539639634e+00 -7.8593104479e-03 3.6910838351e-02
     vertex 2.3539639634e+00 -1.5718620896e-02 3.6910838351e-02
   endloop
 endfacet
 facet normal  -0.0000000000e+00 0.0000000000e+00 -1.0000000000e+00
   outer loop
     vertex 2.3539639634e+00 -7.8593104479e-03 3.6910838351e-02
     vertex 2.3965139725e+00 -1.2405179241e-02 3.6910838351e-02
     vertex 2.3539639634e+00 -1.5718620896e-02 3.6910838351e-02
   endloop
 endfacet
 facet normal  0.0000000000e+00 -0.0000000000e+00 -1.0000000000e+00
   outer loop
     vertex 2.3539639634e+00 -7.8593104479e-03 3.6910838351e-02
     vertex 2.3965139725e+00 -6.2025896206e-03 3.6910838351e-02
     vertex 2.3965139725e+00 -1.2405179241e-02 3.6910838351e-02
   endloop
 endfacet
 facet normal  -0.0000000000e+00 0.0000000000e+00 -1.0000000000e+00
   outer loop
     vertex 2.3965139725e+00 -6.2025896206e-03 3.6910838351e-02
     vertex 2.4328860448e+00 -9.1626768112e-03 3.6910838351e-02
     vertex 2.3965139725e+00 -1.2405179241e-02 3.6910838351e-02
   endloop
 endfacet
 facet normal  0.0000000000e+00 -0.0000000000e+00 -1.0000000000e+00
   outer loop
     vertex 2.3965139725e+00 -6.2025896206e-03 3.6910838351e-02
     vertex 2.4328860448e+00 -4.5813384056e-03 3.6910838351e-02
     vertex 2.4328860448e+00 -9.1626768112e-03 3.6910838351e-02
   endloop
 endfacet
 facet normal  -0.0000000000e+00 0.0000000000e+00 -1.0000000000e+00
   outer loop
     vertex 2.4328860448e+00 -4.5813384056e-03 3.6910838351e-02
     vertex 2.4620405680e+00 -6.3155777171e-03 3.6910838351e-02
     vertex 2.4328860448e+00 -9.1626768112e-03 3.6910838351e-02
   endloop
 endfacet
 facet normal  0.0000000000e+00 -0.0000000000e+00 -1.0000000000e+00
   outer loop
     vertex 2.4328860448e+00 -4.5813384056e-03 3.6910838351e-02
     vertex 2.4620405680e+00 -3.1577888586e-03 3.6910838351e-02
     vertex 2.4620405680e+00 -6.3155777171e-03 3.6910838351e-02
   endloop
 endfacet
 facet normal  -0.0000000000e+00 0.0000000000e+00 -1.0000000000e+00
   outer loop
     vertex 2.4620405680e+00 -3.1577888586e-03 3.6910838351e-02
     vertex 2.4842278960e+00 -4.0037704822e-03 3.6910838351e-02
     vertex 2.4620405680e+00 -6.3155777171e-03 3.6910838351e-02
   endloop
 endfacet
 facet normal  0.0000000000e+00 -0.0000000000e+00 -1.0000000000e+00
   outer loop
     vertex 2.4620405680e+00 -3.1577888586e-03 3.6910838351e-02
     vertex 2.4842278960e+00 -2.0018852411e-03 3.6910838351e-02
     vertex 2.4842278960e+00 -4.0037704822e-03 3.6910838351e-02
   endloop
 endfacet
 facet normal  -0.0000000000e+00 0.0000000000e+00 -1.0000000000e+00
   outer loop
     vertex 2.4842278960e+00 -2.0018852411e-03 3.6910838351e-02
     vertex 2.5004550414e+00 -2.2312011416e-03 3.6910838351e-02
     vertex 2.4842278960e+00 -4.0037704822e-03 3.6910838351e-02
   endloop
 endfacet
 facet normal  0.0000000000e+00 -0.0000000000e+00 -1.0000000000e+00
   outer loop
     vertex 2.4842278960e+00 -2.0018852411e-03 3.6910838351e-02
     vertex 2.5004550414e+00 -1.1156005708e-03 3.6910838351e-02
     vertex 2.5004550414e+00 -2.2312011416e-03 3.6910838351e-02
   endloop
 endfacet
 facet normal  6.0200246896e-16 0.0000000000e+00 -1.0000000000e+00
   outer loop
     vertex 2.5004550414e+00 -1.1156005708e-03 3.6910838351e-02
     vertex 2.5119813959e+00 -9.2838721816e-04 3.6910838351e-02
     vertex 2.5004550414e+00 -2.2312011416e-03 3.6910838351e-02
   endloop
 endfacet
 facet normal  6.0200246896e-16 5.7592951635e-28 -1.0000000000e+00
   outer loop
     vertex 2.5004550414e+00 -1.1156005708e-03 3.6910838351e-02
     vertex 2.5119813959e+00 -4.6419360908e-04 3.6910838351e-02
     vertex 2.5119813959e+00 -9.2838721816e-04 3.6910838351e-02
   endloop
 endfacet
 facet normal  -8.6534936047e-16 -8.2787075526e-28 -1.0000000000e+00
   outer loop
     vertex 2.5119813959e+00 -4.6419360908e-04 3.6910838351e-02
     vertex 2.5200000000e+00 0.0000000000e+00 3.6910838351e-02
     vertex 2.5119813959e+00 -9.2838721816e-04 3.6910838351e-02
   endloop
 endfacet
 facet normal  1.1497929745e-01 9.9309150806e-01 -2.3431128167e-02
   outer loop
     vertex 2.5200000000e+00 0.0000000000e+00 3.6910838351e-02
     vertex 2.5119813959e+00 9.2838721816e-04 3.6910838351e-02
     vertex 2.5363028501e+00 4.8985871966e-18 1.1691083835e-01
   endloop
 endfacet
 facet normal  1.1497929745e-01 9.9309150806e-01 -2.3431128167e-02
   outer loop
     vertex 2.5363028501e+00 4.8985871966e-18 1.1691083835e-01
     vertex 2.5119813959e+00 9.2838721816e-04 3.6910838351e-02
     vertex 2.5291662925e+00 8.2626462416e-04 1.1691083835e-01
   endloop
 endfacet
 facet normal  1.1228464726e-01 9.9341328244e-01 -2.2851876352e-02
   outer loop
     vertex 2.5119813959e+00 9.2838721816e-04 3.6910838351e-02
     vertex 2.5004550414e+00 2.2312011416e-03 3.6910838351e-02
     vertex 2.5291662925e+00 8.2626462416e-04 1.1691083835e-01
   endloop
 endfacet
 facet normal  1.1228464726e-01 9.9341328244e-01 -2.2851876352e-02
   outer loop
     vertex 2.5291662925e+00 8.2626462416e-04 1.1691083835e-01
     vertex 2.5004550414e+00 2.2312011416e-03 3.6910838351e-02
     vertex 2.5189078369e+00 1.9857690161e-03 1.1691083835e-01
   endloop
 endfacet
 facet normal  1.0856262640e-01 9.9384631956e-01 -2.1992026709e-02
   outer loop
     vertex 2.5004550414e+00 2.2312011416e-03 3.6910838351e-02
     vertex 2.4842278960e+00 4.0037704822e-03 3.6910838351e-02
     vertex 2.5189078369e+00 1.9857690161e-03 1.1691083835e-01
   endloop
 endfacet
 facet normal  1.0856262640e-01 9.9384631956e-01 -2.1992026709e-02
   outer loop
     vertex 2.5189078369e+00 1.9857690161e-03 1.1691083835e-01
     vertex 2.4842278960e+00 4.0037704822e-03 3.6910838351e-02
     vertex 2.5044656776e+00 3.5633557291e-03 1.1691083835e-01
   endloop
 endfacet
 facet normal  1.0361161630e-01 9.9440164445e-01 -2.0736501282e-02
   outer loop
     vertex 2.4842278960e+00 4.0037704822e-03 3.6910838351e-02
     vertex 2.4620405680e+00 6.3155777171e-03 3.6910838351e-02
     vertex 2.5044656776e+00 3.5633557291e-03 1.1691083835e-01
   endloop
 endfacet
 facet normal  1.0361161630e-01 9.9440164445e-01 -2.0736501282e-02
   outer loop
     vertex 2.5044656776e+00 3.5633557291e-03 1.1691083835e-01
     vertex 2.4620405680e+00 6.3155777171e-03 3.6910838351e-02
     vertex 2.4847189557e+00 5.6208641682e-03 1.1691083835e-01
   endloop
 endfacet
 facet normal  9.7175766406e-02 9.9508764911e-01 -1.8906110341e-02
   outer loop
     vertex 2.4620405680e+00 6.3155777171e-03 3.6910838351e-02
     vertex 2.4328860448e+00 9.1626768112e-03 3.6910838351e-02
     vertex 2.4847189557e+00 5.6208641682e-03 1.1691083835e-01
   endloop
 endfacet
 facet normal  9.7175766406e-02 9.9508764911e-01 -1.8906110341e-02
   outer loop
     vertex 2.4847189557e+00 5.6208641682e-03 1.1691083835e-01
     vertex 2.4328860448e+00 9.1626768112e-03 3.6910838351e-02
     vertex 2.4587714300e+00 8.1547823620e-03 1.1691083835e-01
   endloop
 endfacet
 facet normal  8.8784361343e-02 9.9591943968e-01 -1.6180446472e-02
   outer loop
     vertex 2.4328860448e+00 9.1626768112e-03 3.6910838351e-02
     vertex 2.3965139725e+00 1.2405179241e-02 3.6910838351e-02
     vertex 2.4587714300e+00 8.1547823620e-03 1.1691083835e-01
   endloop
 endfacet
 facet normal  8.8784361343e-02 9.9591943968e-01 -1.6180446472e-02
   outer loop
     vertex 2.4587714300e+00 8.1547823620e-03 1.1691083835e-01
     vertex 2.3965139725e+00 1.2405179241e-02 3.6910838351e-02
     vertex 2.4264002857e+00 1.1040609525e-02 1.1691083835e-01
   endloop
 endfacet
 facet normal  7.7631076672e-02 9.9690997080e-01 -1.1996918884e-02
   outer loop
     vertex 2.3965139725e+00 1.2405179241e-02 3.6910838351e-02
     vertex 2.3539639634e+00 1.5718620896e-02 3.6910838351e-02
     vertex 2.4264002857e+00 1.1040609525e-02 1.1691083835e-01
   endloop
 endfacet
 facet normal  7.7631076672e-02 9.9690997080e-01 -1.1996918884e-02
   outer loop
     vertex 2.4264002857e+00 1.1040609525e-02 1.1691083835e-01
     vertex 2.3539639634e+00 1.5718620896e-02 3.6910838351e-02
     vertex 2.3885307775e+00 1.3989572597e-02 1.1691083835e-01
   endloop
 endfacet
 facet normal  6.2291288448e-02 9.9804370326e-01 -5.3443202987e-03
   outer loop
     vertex 2.3539639634e+00 1.5718620896e-02 3.6910838351e-02
     vertex 2.3077739619e+00 1.8601495362e-02 3.6910838351e-02
     vertex 2.3885307775e+00 1.3989572597e-02 1.1691083835e-01
   endloop
 endfacet
 facet normal  6.2291288448e-02 9.9804370326e-01 -5.3443202987e-03
   outer loop
     vertex 2.3885307775e+00 1.3989572597e-02 1.1691083835e-01
     vertex 2.3077739619e+00 1.8601495362e-02 3.6910838351e-02
     vertex 2.3474216762e+00 1.6555330872e-02 1.1691083835e-01
   endloop
 endfacet
 facet normal  4.0847534788e-02 9.9915127350e-01 5.3114558247e-03
   outer loop
     vertex 2.3077739619e+00 1.8601495362e-02 3.6910838351e-02
     vertex 2.3062674334e+00 1.8237808200e-02 1.1691083835e-01
     vertex 2.3474216762e+00 1.6555330872e-02 1.1691083835e-01
   endloop
 endfacet
 facet normal  4.0847534788e-02 9.9915127350e-01 5.3114558247e-03
   outer loop
     vertex 2.3077739619e+00 1.8601495362e-02 3.6910838351e-02
     vertex 2.2615332396e+00 2.0491919326e-02 3.6910838351e-02
     vertex 2.3062674334e+00 1.8237808200e-02 1.1691083835e-01
   endloop
 endfacet
 facet normal  1.1499497683e-02 9.9969757324e-01 2.1737608309e-02
   outer loop
     vertex 2.2615332396e+00 2.0491919326e-02 3.6910838351e-02
     vertex 2.2682872597e+00 1.8674693245e-02 1.1691083835e-01
     vertex 2.3062674334e+00 1.8237808200e-02 1.1691083835e-01
   endloop
 endfacet
 facet normal  1.1499497683e-02 9.9969757324e-01 2.1737608309e-02
   outer loop
     vertex 2.2615332396e+00 2.0491919326e-02 3.6910838351e-02
     vertex 2.2188588871e+00 2.0982801399e-02 3.6910838351e-02
     vertex 2.2682872597e+00 1.8674693245e-02 1.1691083835e-01
   endloop
 endfacet
 facet normal  -2.6979013759e-02 9.9860086813e-01 4.5480094362e-02
   outer loop
     vertex 2.2188588871e+00 2.0982801399e-02 3.6910838351e-02
     vertex 2.2358018898e+00 1.7797042054e-02 1.1691083835e-01
     vertex 2.2682872597e+00 1.8674693245e-02 1.1691083835e-01
   endloop
 endfacet
 facet normal  -2.6979013759e-02 9.9860086813e-01 4.5480094362e-02
   outer loop
     vertex 2.2188588871e+00 2.0982801399e-02 3.6910838351e-02
     vertex 2.1823584715e+00 1.9996676465e-02 3.6910838351e-02
     vertex 2.2358018898e+00 1.7797042054e-02 1.1691083835e-01
   endloop
 endfacet
 facet normal  -7.6076015312e-02 9.9403444645e-01 7.8153433497e-02
   outer loop
     vertex 2.1823584715e+00 1.9996676465e-02 3.6910838351e-02
     vertex 2.2098101694e+00 1.5807828780e-02 1.1691083835e-01
     vertex 2.2358018898e+00 1.7797042054e-02 1.1691083835e-01
   endloop
 endfacet
 facet normal  -7.6076015312e-02 9.9403444645e-01 7.8153433497e-02
   outer loop
     vertex 2.1823584715e+00 1.9996676465e-02 3.6910838351e-02
     vertex 2.1531542913e+00 1.7761605371e-02 3.6910838351e-02
     vertex 2.2098101694e+00 1.5807828780e-02 1.1691083835e-01
   endloop
 endfacet
 facet normal  -1.3955219197e-01 9.8256739499e-01 1.2282711435e-01
   outer loop
     vertex 2.1531542913e+00 1.7761605371e-02 3.6910838351e-02
     vertex 2.1901583058e+00 1.3016711695e-02 1.1691083835e-01
     vertex 2.2098101694e+00 1.5807828780e-02 1.1691083835e-01
   endloop
 endfacet
 facet normal  -1.3955219197e-01 9.8256739499e-01 1.2282711435e-01
   outer loop
     vertex 2.1531542913e+00 1.7761605371e-02 3.6910838351e-02
     vertex 2.1310735457e+00 1.4625518759e-02 3.6910838351e-02
     vertex 2.1901583058e+00 1.3016711695e-02 1.1691083835e-01
   endloop
 endfacet
 facet normal  -2.2871472945e-01 9.5514273196e-01 1.8812744116e-01
   outer loop
     vertex 2.1310735457e+00 1.4625518759e-02 3.6910838351e-02
     vertex 2.1760377370e+00 9.6354557169e-03 1.1691083835e-01
     vertex 2.1901583058e+00 1.3016711695e-02 1.1691083835e-01
   endloop
 endfacet
 facet normal  -2.2871472945e-01 9.5514273196e-01 1.8812744116e-01
   outer loop
     vertex 2.1310735457e+00 1.4625518759e-02 3.6910838351e-02
     vertex 2.1152077381e+00 1.0826354738e-02 3.6910838351e-02
     vertex 2.1760377370e+00 9.6354557169e-03 1.1691083835e-01
   endloop
 endfacet
 facet normal  -3.7837987659e-01 8.7543281916e-01 3.0074249471e-01
   outer loop
     vertex 2.1152077381e+00 1.0826354738e-02 3.6910838351e-02
     vertex 2.1665872476e+00 5.5507619074e-03 1.1691083835e-01
     vertex 2.1760377370e+00 9.6354557169e-03 1.1691083835e-01
   endloop
 endfacet
 facet normal  -3.7837987659e-01 8.7543281916e-01 3.0074249471e-01
   outer loop
     vertex 2.1152077381e+00 1.0826354738e-02 3.6910838351e-02
     vertex 2.1045892106e+00 6.2368111320e-03 3.6910838351e-02
     vertex 2.1665872476e+00 5.5507619074e-03 1.1691083835e-01
   endloop
 endfacet
 facet normal  -6.8170146018e-01 5.0161397026e-01 5.3260355241e-01
   outer loop
     vertex 2.1045892106e+00 6.2368111320e-03 3.6910838351e-02
     vertex 2.1625028501e+00 4.8985871966e-18 1.1691083835e-01
     vertex 2.1665872476e+00 5.5507619074e-03 1.1691083835e-01
   endloop
 endfacet
 facet normal  -6.8170146018e-01 5.0161397026e-01 5.3260355241e-01
   outer loop
     vertex 2.1045892106e+00 6.2368111320e-03 3.6910838351e-02
     vertex 2.1000000000e+00 0.0000000000e+00 3.6910838351e-02
     vertex 2.1625028501e+00 4.8985871966e-18 1.1691083835e-01
   endloop
 endfacet
 facet normal  -6.8170146018e-01 -5.0161397026e-01 5.3260355241e-01
   outer loop
     vertex 2.1000000000e+00 0.0000000000e+00 3.6910838351e-02
     vertex 2.1045892106e+00 -6.2368111320e-03 3.6910838351e-02
     vertex 2.1625028501e+00 4.8985871966e-18 1.1691083835e-01
   endloop
 endfacet
 facet normal  -6.8170146018e-01 -5.0161397026e-01 5.3260355241e-01
   outer loop
     vertex 2.1625028501e+00 4.8985871966e-18 1.1691083835e-01
     vertex 2.1045892106e+00 -6.2368111320e-03 3.6910838351e-02
     vertex 2.1665872476e+00 -5.5507619074e-03 1.1691083835e-01
   endloop
 endfacet
 facet normal  -3.7837987659e-01 -8.7543281916e-01 3.0074249471e-01
   outer loop
     vertex 2.1045892106e+00 -6.2368111320e-03 3.6910838351e-02
     vertex 2.1152077381e+00 -1.0826354738e-02 3.6910838351e-02
     vertex 2.1665872476e+00 -5.5507619074e-03 1.1691083835e-01
   endloop
 endfacet
 facet normal  -3.7837987659e-01 -8.7543281916e-01 3.0074249471e-01
   outer loop
     vertex 2.1665872476e+00 -5.5507619074e-03 1.1691083835e-01
     vertex 2.1152077381e+00 -1.0826354738e-02 3.6910838351e-02
     vertex 2.1760377370e+00 -9.6354557169e-03 1.1691083835e-01
   endloop
 endfacet
 facet normal  -2.2871472945e-01 -9.5514273196e-01 1.8812744116e-01
   outer loop
     vertex 2.1152077381e+00 -1.0826354738e-02 3.6910838351e-02
     vertex 2.1310735457e+00 -1.4625518759e-02 3.6910838351e-02
     vertex 2.1760377370e+00 -9.6354557169e-03 1.1691083835e-01
   endloop
 endfacet
 facet normal  -2.2871472945e-01 -9.5514273196e-01 1.8812744116e-01
   outer loop
     vertex 2.1760377370e+00 -9.6354557169e-03 1.1691083835e-01
     vertex 2.1310735457e+00 -1.4625518759e-02 3.6910838351e-02
     vertex 2.1901583058e+00 -1.3016711695e-02 1.1691083835e-01
   endloop
 endfacet
 facet normal  -1.3955219197e-01 -9.8256739499e-01 1.2282711435e-01
   outer loop
     vertex 2.1310735457e+00 -1.4625518759e-02 3.6910838351e-02
     vertex 2.1531542913e+00 -1.7761605371e-02 3.6910838351e-02
     vertex 2.1901583058e+00 -1.3016711695e-02 1.1691083835e-01
   endloop
 endfacet
 facet normal  -1.3955219197e-01 -9.8256739499e-01 1.2282711435e-01
   outer loop
     vertex 2.1901583058e+00 -1.3016711695e-02 1.1691083835e-01
     vertex 2.1531542913e+00 -1.7761605371e-02 3.6910838351e-02
     vertex 2.2098101694e+00 -1.5807828780e-02 1.1691083835e-01
   endloop
 endfacet
 facet normal  -7.6076015312e-02 -9.9403444645e-01 7.8153433497e-02
   outer loop
     vertex 2.1531542913e+00 -1.7761605371e-02 3.6910838351e-02
     vertex 2.1823584715e+00 -1.9996676465e-02 3.6910838351e-02
     vertex 2.2098101694e+00 -1.5807828780e-02 1.1691083835e-01
   endloop
 endfacet
 facet normal  -7.6076015312e-02 -9.9403444645e-01 7.8153433497e-02
   outer loop
     vertex 2.2098101694e+00 -1.5807828780e-02 1.1691083835e-01
     vertex 2.1823584715e+00 -1.9996676465e-02 3.6910838351e-02
     vertex 2.2358018898e+00 -1.7797042054e-02 1.1691083835e-01
   endloop
 endfacet
 facet normal  -2.6979013759e-02 -9.9860086813e-01 4.5480094362e-02
   outer loop
     vertex 2.1823584715e+00 -1.9996676465e-02 3.6910838351e-02
     vertex 2.2188588871e+00 -2.0982801399e-02 3.6910838351e-02
     vertex 2.2358018898e+00 -1.7797042054e-02 1.1691083835e-01
   endloop
 endfacet
 facet normal  -2.6979013759e-02 -9.9860086813e-01 4.5480094362e-02
   outer loop
     vertex 2.2358018898e+00 -1.7797042054e-02 1.1691083835e-01
     vertex 2.2188588871e+00 -2.0982801399e-02 3.6910838351e-02
     vertex 2.2682872597e+00 -1.8674693245e-02 1.1691083835e-01
   endloop
 endfacet
 facet normal  1.1499497683e-02 -9.9969757324e-01 2.1737608309e-02
   outer loop
     vertex 2.2188588871e+00 -2.0982801399e-02 3.6910838351e-02
     vertex 2.2615332396e+00 -2.0491919326e-02 3.6910838351e-02
     vertex 2.2682872597e+00 -1.8674693245e-02 1.1691083835e-01
   endloop
 endfacet
 facet normal  1.1499497683e-02 -9.9969757324e-01 2.1737608309e-02
   outer loop
     vertex 2.2682872597e+00 -1.8674693245e-02 1.1691083835e-01
     vertex 2.2615332396e+00 -2.0491919326e-02 3.6910838351e-02
     vertex 2.3062674334e+00 -1.8237808200e-02 1.1691083835e-01
   endloop
 endfacet
 facet normal  4.0847534788e-02 -9.9915127350e-01 5.3114558247e-03
   outer loop
     vertex 2.2615332396e+00 -2.0491919326e-02 3.6910838351e-02
     vertex 2.3077739619e+00 -1.8601495362e-02 3.6910838351e-02
     vertex 2.3062674334e+00 -1.8237808200e-02 1.1691083835e-01
   endloop
 endfacet
 facet normal  4.0847534788e-02 -9.9915127350e-01 5.3114558247e-03
   outer loop
     vertex 2.3062674334e+00 -1.8237808200e-02 1.1691083835e-01
     vertex 2.3077739619e+00 -1.8601495362e-02 3.6910838351e-02
     vertex 2.3474216762e+00 -1.6555330872e-02 1.1691083835e-01
   endloop
 endfacet
 facet normal  6.2291288448e-02 -9.9804370326e-01 -5.3443202987e-03
   outer loop
     vertex 2.3077739619e+00 -1.8601495362e-02 3.6910838351e-02
     vertex 2.3885307775e+00 -1.3989572597e-02 1.1691083835e-01
     vertex 2.3474216762e+00 -1.6555330872e-02 1.1691083835e-01
   endloop
 endfacet
 facet normal  6.2291288448e-02 -9.9804370326e-01 -5.3443202987e-03
   outer loop
     vertex 2.3077739619e+00 -1.8601495362e-02 3.6910838351e-02
     vertex 2.3539639634e+00 -1.5718620896e-02 3.6910838351e-02
     vertex 2.3885307775e+00 -1.3989572597e-02 1.1691083835e-01
   endloop
 endfacet
 facet normal  7.7631076672e-02 -9.9690997080e-01 -1.1996918884e-02
   outer loop
     vertex 2.3539639634e+00 -1.5718620896e-02 3.6910838351e-02
     vertex 2.4264002857e+00 -1.1040609525e-02 1.1691083835e-01
     vertex 2.3885307775e+00 -1.3989572597e-02 1.1691083835e-01
   endloop
 endfacet
 facet normal  7.7631076672e-02 -9.9690997080e-01 -1.1996918884e-02
   outer loop
     vertex 2.3539639634e+00 -1.5718620896e-02 3.6910838351e-02
     vertex 2.3965139725e+00 -1.2405179241e-02 3.6910838351e-02
     vertex 2.4264002857e+00 -1.1040609525e-02 1.1691083835e-01
   endloop
 endfacet
 facet normal  8.8784361343e-02 -9.9591943968e-01 -1.6180446472e-02
   outer loop
     vertex 2.3965139725e+00 -1.2405179241e-02 3.6910838351e-02
     vertex 2.4587714300e+00 -8.1547823620e-03 1.1691083835e-01
     vertex 2.4264002857e+00 -1.1040609525e-02 1.1691083835e-01
   endloop
 endfacet
 facet normal  8.8784361343e-02 -9.9591943968e-01 -1.6180446472e-02
   outer loop
     vertex 2.3965139725e+00 -1.2405179241e-02 3.6910838351e-02
     vertex 2.4328860448e+00 -9.1626768112e-03 3.6910838351e-02
     vertex 2.4587714300e+00 -8.1547823620e-03 1.1691083835e-01
   endloop
 endfacet
 facet normal  9.7175766406e-02 -9.9508764911e-01 -1.8906110341e-02
   outer loop
     vertex 2.4328860448e+00 -9.1626768112e-03 3.6910838351e-02
     vertex 2.4847189557e+00 -5.6208641682e-03 1.1691083835e-01
     vertex 2.4587714300e+00 -8.1547823620e-03 1.1691083835e-01
   endloop
 endfacet
 facet normal  9.7175766406e-02 -9.9508764911e-01 -1.8906110341e-02
   outer loop
     vertex 2.4328860448e+00 -9.1626768112e-03 3.6910838351e-02
     vertex 2.4620405680e+00 -6.3155777171e-03 3.6910838351e-02
     vertex 2.4847189557e+00 -5.6208641682e-03 1.1691083835e-01
   endloop
 endfacet
 facet normal  1.0361161630e-01 -9.9440164445e-01 -2.0736501282e-02
   outer loop
     vertex 2.4620405680e+00 -6.3155777171e-03 3.6910838351e-02
     vertex 2.5044656776e+00 -3.5633557291e-03 1.1691083835e-01
     vertex 2.4847189557e+00 -5.6208641682e-03 1.1691083835e-01
   endloop
 endfacet
 facet normal  1.0361161630e-01 -9.9440164445e-01 -2.0736501282e-02
   outer loop
     vertex 2.4620405680e+00 -6.3155777171e-03 3.6910838351e-02
     vertex 2.4842278960e+00 -4.0037704822e-03 3.6910838351e-02
     vertex 2.5044656776e+00 -3.5633557291e-03 1.1691083835e-01
   endloop
 endfacet
 facet normal  1.0856262640e-01 -9.9384631956e-01 -2.1992026709e-02
   outer loop
     vertex 2.4842278960e+00 -4.0037704822e-03 3.6910838351e-02
     vertex 2.5189078369e+00 -1.9857690161e-03 1.1691083835e-01
     vertex 2.5044656776e+00 -3.5633557291e-03 1.1691083835e-01
   endloop
 endfacet
 facet normal  1.0856262640e-01 -9.9384631956e-01 -2.1992026709e-02
   outer loop
     vertex 2.4842278960e+00 -4.0037704822e-03 3.6910838351e-02
     vertex 2.5004550414e+00 -2.2312011416e-03 3.6910838351e-02
     vertex 2.5189078369e+00 -1.9857690161e-03 1.1691083835e-01
   endloop
 endfacet
 facet normal  1.1228464726e-01 -9.9341328244e-01 -2.2851876352e-02
   outer loop
     vertex 2.5004550414e+00 -2.2312011416e-03 3.6910838351e-02
     vertex 2.5291662925e+00 -8.2626462416e-04 1.1691083835e-01
     vertex 2.5189078369e+00 -1.9857690161e-03 1.1691083835e-01
   endloop
 endfacet
 facet normal  1.1228464726e-01 -9.9341328244e-01 -2.2851876352e-02
   outer loop
     vertex 2.5004550414e+00 -2.2312011416e-03 3.6910838351e-02
     vertex 2.5119813959e+00 -9.2838721816e-04 3.6910838351e-02
     vertex 2.5291662925e+00 -8.2626462416e-04 1.1691083835e-01
   endloop
 endfacet
 facet normal  1.1497929745e-01 -9.9309150806e-01 -2.3431128167e-02
   outer loop
     vertex 2.5119813959e+00 -9.2838721816e-04 3.6910838351e-02
     vertex 2.5363028501e+00 4.8985871966e-18 1.1691083835e-01
     vertex 2.5291662925e+00 -8.2626462416e-04 1.1691083835e-01
   endloop
 endfacet
 facet normal  1.1497929745e-01 -9.9309150806e-01 -2.3431128167e-02
   outer loop
     vertex 2.5119813959e+00 -9.2838721816e-04 3.6910838351e-02
     vertex 2.5200000000e+00 0.0000000000e+00 3.6910838351e-02
     vertex 2.5363028501e+00 4.8985871966e-18 1.1691083835e-01
   endloop
 endfacet
 facet normal  1.1497929745e-01 9.9309150806e-01 -2.3431128167e-02
   outer loop
     vertex 2.5363028501e+00 4.8985871966e-18 1.1691083835e-01
     vertex 2.5291662925e+00 8.2626462416e-04 1.1691083835e-01
     vertex 2.5526057002e+00 9.7971743932e-18 1.9691083835e-01
   endloop
 endfacet
 facet normal  1.1497929745e-01 9.9309150806e-01 -2.3431128167e-02
   outer loop
     vertex 2.5526057002e+00 9.7971743932e-18 1.9691083835e-01
     vertex 2.5291662925e+00 8.2626462416e-04 1.1691083835e-01
     vertex 2.5463511891e+00 7.2414203016e-04 1.9691083835e-01
   endloop
 endfacet
 facet normal  1.1228464726e-01 9.9341328244e-01 -2.2851876352e-02
   outer loop
     vertex 2.5291662925e+00 8.2626462416e-04 1.1691083835e-01
     vertex 2.5189078369e+00 1.9857690161e-03 1.1691083835e-01
     vertex 2.5463511891e+00 7.2414203016e-04 1.9691083835e-01
   endloop
 endfacet
 facet normal  1.1228464726e-01 9.9341328244e-01 -2.2851876352e-02
   outer loop
     vertex 2.5463511891e+00 7.2414203016e-04 1.9691083835e-01
     vertex 2.5189078369e+00 1.9857690161e-03 1.1691083835e-01
     vertex 2.5373606325e+00 1.7403368905e-03 1.9691083835e-01
   endloop
 endfacet
 facet normal  1.0856262640e-01 9.9384631956e-01 -2.1992026709e-02
   outer loop
     vertex 2.5189078369e+00 1.9857690161e-03 1.1691083835e-01
     vertex 2.5044656776e+00 3.5633557291e-03 1.1691083835e-01
     vertex 2.5373606325e+00 1.7403368905e-03 1.9691083835e-01
   endloop
 endfacet
 facet normal  1.0856262640e-01 9.9384631956e-01 -2.1992026709e-02
   outer loop
     vertex 2.5373606325e+00 1.7403368905e-03 1.9691083835e-01
     vertex 2.5044656776e+00 3.5633557291e-03 1.1691083835e-01
     vertex 2.5247034592e+00 3.1229409761e-03 1.9691083835e-01
   endloop
 endfacet
 facet normal  1.0361161630e-01 9.9440164445e-01 -2.0736501282e-02
   outer loop
     vertex 2.5044656776e+00 3.5633557291e-03 1.1691083835e-01
     vertex 2.4847189557e+00 5.6208641682e-03 1.1691083835e-01
     vertex 2.5247034592e+00 3.1229409761e-03 1.9691083835e-01
   endloop
 endfacet
 facet normal  1.0361161630e-01 9.9440164445e-01 -2.0736501282e-02
   outer loop
     vertex 2.5247034592e+00 3.1229409761e-03 1.9691083835e-01
     vertex 2.4847189557e+00 5.6208641682e-03 1.1691083835e-01
     vertex 2.5073973433e+00 4.9261506194e-03 1.9691083835e-01
   endloop
 endfacet
 facet normal  9.7175766406e-02 9.9508764911e-01 -1.8906110341e-02
   outer loop
     vertex 2.4847189557e+00 5.6208641682e-03 1.1691083835e-01
     vertex 2.4587714300e+00 8.1547823620e-03 1.1691083835e-01
     vertex 2.5073973433e+00 4.9261506194e-03 1.9691083835e-01
   endloop
 endfacet
 facet normal  9.7175766406e-02 9.9508764911e-01 -1.8906110341e-02
   outer loop
     vertex 2.5073973433e+00 4.9261506194e-03 1.9691083835e-01
     vertex 2.4587714300e+00 8.1547823620e-03 1.1691083835e-01
     vertex 2.4846568151e+00 7.1468879127e-03 1.9691083835e-01
   endloop
 endfacet
 facet normal  8.8784361343e-02 9.9591943968e-01 -1.6180446472e-02
   outer loop
     vertex 2.4587714300e+00 8.1547823620e-03 1.1691083835e-01
     vertex 2.4264002857e+00 1.1040609525e-02 1.1691083835e-01
     vertex 2.4846568151e+00 7.1468879127e-03 1.9691083835e-01
   endloop
 endfacet
 facet normal  8.8784361343e-02 9.9591943968e-01 -1.6180446472e-02
   outer loop
     vertex 2.4846568151e+00 7.1468879127e-03 1.9691083835e-01
     vertex 2.4264002857e+00 1.1040609525e-02 1.1691083835e-01
     vertex 2.4562865988e+00 9.6760398082e-03 1.9691083835e-01
   endloop
 endfacet
 facet normal  7.7631076672e-02 9.9690997080e-01 -1.1996918884e-02
   outer loop
     vertex 2.4264002857e+00 1.1040609525e-02 1.1691083835e-01
     vertex 2.3885307775e+00 1.3989572597e-02 1.1691083835e-01
     vertex 2.4562865988e+00 9.6760398082e-03 1.9691083835e-01
   endloop
 endfacet
 facet normal  7.7631076672e-02 9.9690997080e-01 -1.1996918884e-02
   outer loop
     vertex 2.4562865988e+00 9.6760398082e-03 1.9691083835e-01
     vertex 2.3885307775e+00 1.3989572597e-02 1.1691083835e-01
     vertex 2.4230975917e+00 1.2260524299e-02 1.9691083835e-01
   endloop
 endfacet
 facet normal  6.2291288448e-02 9.9804370326e-01 -5.3443202987e-03
   outer loop
     vertex 2.3885307775e+00 1.3989572597e-02 1.1691083835e-01
     vertex 2.3474216762e+00 1.6555330872e-02 1.1691083835e-01
     vertex 2.4230975917e+00 1.2260524299e-02 1.9691083835e-01
   endloop
 endfacet
 facet normal  6.2291288448e-02 9.9804370326e-01 -5.3443202987e-03
   outer loop
     vertex 2.4230975917e+00 1.2260524299e-02 1.9691083835e-01
     vertex 2.3474216762e+00 1.6555330872e-02 1.1691083835e-01
     vertex 2.3870693905e+00 1.4509166382e-02 1.9691083835e-01
   endloop
 endfacet
 facet normal  4.0847534788e-02 9.9915127350e-01 5.3114558247e-03
   outer loop
     vertex 2.3474216762e+00 1.6555330872e-02 1.1691083835e-01
     vertex 2.3510016271e+00 1.5983697074e-02 1.9691083835e-01
     vertex 2.3870693905e+00 1.4509166382e-02 1.9691083835e-01
   endloop
 endfacet
 facet normal  4.0847534788e-02 9.9915127350e-01 5.3114558247e-03
   outer loop
     vertex 2.3474216762e+00 1.6555330872e-02 1.1691083835e-01
     vertex 2.3062674334e+00 1.8237808200e-02 1.1691083835e-01
     vertex 2.3510016271e+00 1.5983697074e-02 1.9691083835e-01
   endloop
 endfacet
 facet normal  1.1499497683e-02 9.9969757324e-01 2.1737608309e-02
   outer loop
     vertex 2.3062674334e+00 1.8237808200e-02 1.1691083835e-01
     vertex 2.3177156322e+00 1.6366585091e-02 1.9691083835e-01
     vertex 2.3510016271e+00 1.5983697074e-02 1.9691083835e-01
   endloop
 endfacet
 facet normal  1.1499497683e-02 9.9969757324e-01 2.1737608309e-02
   outer loop
     vertex 2.3062674334e+00 1.8237808200e-02 1.1691083835e-01
     vertex 2.2682872597e+00 1.8674693245e-02 1.1691083835e-01
     vertex 2.3177156322e+00 1.6366585091e-02 1.9691083835e-01
   endloop
 endfacet
 facet normal  -2.6979013759e-02 9.9860086813e-01 4.5480094362e-02
   outer loop
     vertex 2.2682872597e+00 1.8674693245e-02 1.1691083835e-01
     vertex 2.2892453080e+00 1.5597407643e-02 1.9691083835e-01
     vertex 2.3177156322e+00 1.6366585091e-02 1.9691083835e-01
   endloop
 endfacet
 facet normal  -2.6979013759e-02 9.9860086813e-01 4.5480094362e-02
   outer loop
     vertex 2.2682872597e+00 1.8674693245e-02 1.1691083835e-01
     vertex 2.2358018898e+00 1.7797042054e-02 1.1691083835e-01
     vertex 2.2892453080e+00 1.5597407643e-02 1.9691083835e-01
   endloop
 endfacet
 facet normal  -7.6076015312e-02 9.9403444645e-01 7.8153433497e-02
   outer loop
     vertex 2.2358018898e+00 1.7797042054e-02 1.1691083835e-01
     vertex 2.2664660475e+00 1.3854052189e-02 1.9691083835e-01
     vertex 2.2892453080e+00 1.5597407643e-02 1.9691083835e-01
   endloop
 endfacet
 facet normal  -7.6076015312e-02 9.9403444645e-01 7.8153433497e-02
   outer loop
     vertex 2.2358018898e+00 1.7797042054e-02 1.1691083835e-01
     vertex 2.2098101694e+00 1.5807828780e-02 1.1691083835e-01
     vertex 2.2664660475e+00 1.3854052189e-02 1.9691083835e-01
   endloop
 endfacet
 facet normal  -1.3955219197e-01 9.8256739499e-01 1.2282711435e-01
   outer loop
     vertex 2.2098101694e+00 1.5807828780e-02 1.1691083835e-01
     vertex 2.2492430659e+00 1.1407904632e-02 1.9691083835e-01
     vertex 2.2664660475e+00 1.3854052189e-02 1.9691083835e-01
   endloop
 endfacet
 facet normal  -1.3955219197e-01 9.8256739499e-01 1.2282711435e-01
   outer loop
     vertex 2.2098101694e+00 1.5807828780e-02 1.1691083835e-01
     vertex 2.1901583058e+00 1.3016711695e-02 1.1691083835e-01
     vertex 2.2492430659e+00 1.1407904632e-02 1.9691083835e-01
   endloop
 endfacet
 facet normal  -2.2871472945e-01 9.5514273196e-01 1.8812744116e-01
   outer loop
     vertex 2.1901583058e+00 1.3016711695e-02 1.1691083835e-01
     vertex 2.2368677359e+00 8.4445566957e-03 1.9691083835e-01
     vertex 2.2492430659e+00 1.1407904632e-02 1.9691083835e-01
   endloop
 endfacet
 facet normal  -2.2871472945e-01 9.5514273196e-01 1.8812744116e-01
   outer loop
     vertex 2.1901583058e+00 1.3016711695e-02 1.1691083835e-01
     vertex 2.1760377370e+00 9.6354557169e-03 1.1691083835e-01
     vertex 2.2368677359e+00 8.4445566957e-03 1.9691083835e-01
   endloop
 endfacet
 facet normal  -3.7837987659e-01 8.7543281916e-01 3.0074249471e-01
   outer loop
     vertex 2.1760377370e+00 9.6354557169e-03 1.1691083835e-01
     vertex 2.2285852845e+00 4.8647126829e-03 1.9691083835e-01
     vertex 2.2368677359e+00 8.4445566957e-03 1.9691083835e-01
   endloop
 endfacet
 facet normal  -3.7837987659e-01 8.7543281916e-01 3.0074249471e-01
   outer loop
     vertex 2.1760377370e+00 9.6354557169e-03 1.1691083835e-01
     vertex 2.1665872476e+00 5.5507619074e-03 1.1691083835e-01
     vertex 2.2285852845e+00 4.8647126829e-03 1.9691083835e-01
   endloop
 endfacet
 facet normal  -6.8170146018e-01 5.0161397026e-01 5.3260355241e-01
   outer loop
     vertex 2.1665872476e+00 5.5507619074e-03 1.1691083835e-01
     vertex 2.2250057002e+00 9.7971743932e-18 1.9691083835e-01
     vertex 2.2285852845e+00 4.8647126829e-03 1.9691083835e-01
   endloop
 endfacet
 facet normal  -6.8170146018e-01 5.0161397026e-01 5.3260355241e-01
   outer loop
     vertex 2.1665872476e+00 5.5507619074e-03 1.1691083835e-01
     vertex 2.1625028501e+00 4.8985871966e-18 1.1691083835e-01
     vertex 2.2250057002e+00 9.7971743932e-18 1.9691083835e-01
   endloop
 endfacet
 facet normal  -6.8170146018e-01 -5.0161397026e-01 5.3260355241e-01
   outer loop
     vertex 2.1625028501e+00 4.8985871966e-18 1.1691083835e-01
     vertex 2.1665872476e+00 -5.5507619074e-03 1.1691083835e-01
     vertex 2.2250057002e+00 9.7971743932e-18 1.9691083835e-01
   endloop
 endfacet
 facet normal  -6.8170146018e-01 -5.0161397026e-01 5.3260355241e-01
   outer loop
     vertex 2.2250057002e+00 9.7971743932e-18 1.9691083835e-01
     vertex 2.1665872476e+00 -5.5507619074e-03 1.1691083835e-01
     vertex 2.2285852845e+00 -4.8647126829e-03 1.9691083835e-01
   endloop
 endfacet
 facet normal  -3.7837987659e-01 -8.7543281916e-01 3.0074249471e-01
   outer loop
     vertex 2.1665872476e+00 -5.5507619074e-03 1.1691083835e-01
     vertex 2.1760377370e+00 -9.6354557169e-03 1.1691083835e-01
     vertex 2.2285852845e+00 -4.8647126829e-03 1.9691083835e-01
   endloop
 endfacet
 facet normal  -3.7837987659e-01 -8.7543281916e-01 3.0074249471e-01
   outer loop
     vertex 2.2285852845e+00 -4.8647126829e-03 1.9691083835e-01
     vertex 2.1760377370e+00 -9.6354557169e-03 1.1691083835e-01
     vertex 2.2368677359e+00 -8.4445566957e-03 1.9691083835e-01
   endloop
 endfacet
 facet normal  -2.2871472945e-01 -9.5514273196e-01 1.8812744116e-01
   outer loop
     vertex 2.1760377370e+00 -9.6354557169e-03 1.1691083835e-01
     vertex 2.1901583058e+00 -1.3016711695e-02 1.1691083835e-01
     vertex 2.2368677359e+00 -8.4445566957e-03 1.9691083835e-01
   endloop
 endfacet
 facet normal  -2.2871472945e-01 -9.5514273196e-01 1.8812744116e-01
   outer loop
     vertex 2.2368677359e+00 -8.4445566957e-03 1.9691083835e-01
     vertex 2.1901583058e+00 -1.3016711695e-02 1.1691083835e-01
     vertex 2.2492430659e+00 -1.1407904632e-02 1.9691083835e-01
   endloop
 endfacet
 facet normal  -1.3955219197e-01 -9.8256739499e-01 1.2282711435e-01
   outer loop
     vertex 2.1901583058e+00 -1.3016711695e-02 1.1691083835e-01
     vertex 2.2098101694e+00 -1.5807828780e-02 1.1691083835e-01
     vertex 2.2492430659e+00 -1.1407904632e-02 1.9691083835e-01
   endloop
 endfacet
 facet normal  -1.3955219197e-01 -9.8256739499e-01 1.2282711435e-01
   outer loop
     vertex 2.2492430659e+00 -1.1407904632e-02 1.9691083835e-01
     vertex 2.2098101694e+00 -1.5807828780e-02 1.1691083835e-01
     vertex 2.2664660475e+00 -1.3854052189e-02 1.9691083835e-01
   endloop
 endfacet
 facet normal  -7.6076015312e-02 -9.9403444645e-01 7.8153433497e-02
   outer loop
     vertex 2.2098101694e+00 -1.5807828780e-02 1.1691083835e-01
     vertex 2.2358018898e+00 -1.7797042054e-02 1.1691083835e-01
     vertex 2.2664660475e+00 -1.3854052189e-02 1.9691083835e-01
   endloop
 endfacet
 facet normal  -7.6076015312e-02 -9.9403444645e-01 7.8153433497e-02
   outer loop
     vertex 2.2664660475e+00 -1.3854052189e-02 1.9691083835e-01
     vertex 2.2358018898e+00 -1.7797042054e-02 1.1691083835e-01
     vertex 2.2892453080e+00 -1.5597407643e-02 1.9691083835e-01
   endloop
 endfacet
 facet normal  -2.6979013759e-02 -9.9860086813e-01 4.5480094362e-02
   outer loop
     vertex 2.2358018898e+00 -1.7797042054e-02 1.1691083835e-01
     vertex 2.2682872597e+00 -1.8674693245e-02 1.1691083835e-01
     vertex 2.2892453080e+00 -1.5597407643e-02 1.9691083835e-01
   endloop
 endfacet
 facet normal  -2.6979013759e-02 -9.9860086813e-01 4.5480094362e-02
   outer loop
     vertex 2.2892453080e+00 -1.5597407643e-02 1.9691083835e-01
     vertex 2.2682872597e+00 -1.8674693245e-02 1.1691083835e-01
     vertex 2.3177156322e+00 -1.6366585091e-02 1.9691083835e-01
   endloop
 endfacet
 facet normal  1.1499497683e-02 -9.9969757324e-01 2.1737608309e-02
   outer loop
     vertex 2.2682872597e+00 -1.8674693245e-02 1.1691083835e-01
     vertex 2.3062674334e+00 -1.8237808200e-02 1.1691083835e-01
     vertex 2.3177156322e+00 -1.6366585091e-02 1.9691083835e-01
   endloop
 endfacet
 facet normal  1.1499497683e-02 -9.9969757324e-01 2.1737608309e-02
   outer loop
     vertex 2.3177156322e+00 -1.6366585091e-02 1.9691083835e-01
     vertex 2.3062674334e+00 -1.8237808200e-02 1.1691083835e-01
     vertex 2.3510016271e+00 -1.5983697074e-02 1.9691083835e-01
   endloop
 endfacet
 facet normal  4.0847534788e-02 -9.9915127350e-01 5.3114558247e-03
   outer loop
     vertex 2.3062674334e+00 -1.8237808200e-02 1.1691083835e-01
     vertex 2.3474216762e+00 -1.6555330872e-02 1.1691083835e-01
     vertex 2.3510016271e+00 -1.5983697074e-02 1.9691083835e-01
   endloop
 endfacet
 facet normal  4.0847534788e-02 -9.9915127350e-01 5.3114558247e-03
   outer loop
     vertex 2.3510016271e+00 -1.5983697074e-02 1.9691083835e-01
     vertex 2.3474216762e+00 -1.6555330872e-02 1.1691083835e-01
     vertex 2.3870693905e+00 -1.4509166382e-02 1.9691083835e-01
   endloop
 endfacet
 facet normal  6.2291288448e-02 -9.9804370326e-01 -5.3443202987e-03
   outer loop
     vertex 2.3474216762e+00 -1.6555330872e-02 1.1691083835e-01
     vertex 2.4230975917e+00 -1.2260524299e-02 1.9691083835e-01
     vertex 2.3870693905e+00 -1.4509166382e-02 1.9691083835e-01
   endloop
 endfacet
 facet normal  6.2291288448e-02 -9.9804370326e-01 -5.3443202987e-03
   outer loop
     vertex 2.3474216762e+00 -1.6555330872e-02 1.1691083835e-01
     vertex 2.3885307775e+00 -1.3989572597e-02 1.1691083835e-01
     vertex 2.4230975917e+00 -1.2260524299e-02 1.9691083835e-01
   endloop
 endfacet
 facet normal  7.7631076672e-02 -9.9690997080e-01 -1.1996918884e-02
   outer loop
     vertex 2.3885307775e+00 -1.3989572597e-02 1.1691083835e-01
     vertex 2.4562865988e+00 -9.6760398082e-03 1.9691083835e-01
     vertex 2.4230975917e+00 -1.2260524299e-02 1.9691083835e-01
   endloop
 endfacet
 facet normal  7.7631076672e-02 -9.9690997080e-01 -1.1996918884e-02
   outer loop
     vertex 2.3885307775e+00 -1.3989572597e-02 1.1691083835e-01
     vertex 2.4264002857e+00 -1.1040609525e-02 1.1691083835e-01
     vertex 2.4562865988e+00 -9.6760398082e-03 1.9691083835e-01
   endloop
 endfacet
 facet normal  8.8784361343e-02 -9.9591943968e-01 -1.6180446472e-02
   outer loop
     vertex 2.4264002857e+00 -1.1040609525e-02 1.1691083835e-01
     vertex 2.4846568151e+00 -7.1468879127e-03 1.9691083835e-01
     vertex 2.4562865988e+00 -9.6760398082e-03 1.9691083835e-01
   endloop
 endfacet
 facet normal  8.8784361343e-02 -9.9591943968e-01 -1.6180446472e-02
   outer loop
     vertex 2.4264002857e+00 -1.1040609525e-02 1.1691083835e-01
     vertex 2.4587714300e+00 -8.1547823620e-03 1.1691083835e-01
     vertex 2.4846568151e+00 -7.1468879127e-03 1.9691083835e-01
   endloop
 endfacet
 facet normal  9.7175766406e-02 -9.9508764911e-01 -1.8906110341e-02
   outer loop
     vertex 2.4587714300e+00 -8.1547823620e-03 1.1691083835e-01
     vertex 2.5073973433e+00 -4.9261506194e-03 1.9691083835e-01
     vertex 2.4846568151e+00 -7.1468879127e-03 1.9691083835e-01
   endloop
 endfacet
 facet normal  9.7175766406e-02 -9.9508764911e-01 -1.8906110341e-02
   outer loop
     vertex 2.4587714300e+00 -8.1547823620e-03 1.1691083835e-01
     vertex 2.4847189557e+00 -5.6208641682e-03 1.1691083835e-01
     vertex 2.5073973433e+00 -4.9261506194e-03 1.9691083835e-01
   endloop
 endfacet
 facet normal  1.0361161630e-01 -9.9440164445e-01 -2.0736501282e-02
   outer loop
     vertex 2.4847189557e+00 -5.6208641682e-03 1.1691083835e-01
     vertex 2.5247034592e+00 -3.1229409761e-03 1.9691083835e-01
     vertex 2.5073973433e+00 -4.9261506194e-03 1.9691083835e-01
   endloop
 endfacet
 facet normal  1.0361161630e-01 -9.9440164445e-01 -2.0736501282e-02
   outer loop
     vertex 2.4847189557e+00 -5.6208641682e-03 1.1691083835e-01
     vertex 2.5044656776e+00 -3.5633557291e-03 1.1691083835e-01
     vertex 2.5247034592e+00 -3.1229409761e-03 1.9691083835e-01
   endloop
 endfacet
 facet normal  1.0856262640e-01 -9.9384631956e-01 -2.1992026709e-02
   outer loop
     vertex 2.5044656776e+00 -3.5633557291e-03 1.1691083835e-01
     vertex 2.5373606325e+00 -1.7403368905e-03 1.9691083835e-01
     vertex 2.5247034592e+00 -3.1229409761e-03 1.9691083835e-01
   endloop
 endfacet
 facet normal  1.0856262640e-01 -9.9384631956e-01 -2.1992026709e-02
   outer loop
     vertex 2.5044656776e+00 -3.5633557291e-03 1.1691083835e-01
     vertex 2.5189078369e+00 -1.9857690161e-03 1.1691083835e-01
     vertex 2.5373606325e+00 -1.7403368905e-03 1.9691083835e-01
   endloop
 endfacet
 facet normal  1.1228464726e-01 -9.9341328244e-01 -2.2851876352e-02
   outer loop
     vertex 2.5189078369e+00 -1.9857690161e-03 1.1691083835e-01
     vertex 2.5463511891e+00 -7.2414203016e-04 1.9691083835e-01
     vertex 2.5373606325e+00 -1.7403368905e-03 1.9691083835e-01
   endloop
 endfacet
 facet normal  1.1228464726e-01 -9.9341328244e-01 -2.2851876352e-02
   outer loop
     vertex 2.5189078369e+00 -1.9857690161e-03 1.1691083835e-01
     vertex 2.5291662925e+00 -8.2626462416e-04 1.1691083835e-01
     vertex 2.5463511891e+00 -7.2414203016e-04 1.9691083835e-01
   endloop
 endfacet
 facet normal  1.1497929745e-01 -9.9309150806e-01 -2.3431128167e-02
   outer loop
     vertex 2.5291662925e+00 -8.2626462416e-04 1.1691083835e-01
     vertex 2.5526057002e+00 9.7971743932e-18 1.9691083835e-01
     vertex 2.5463511891e+00 -7.2414203016e-04 1.9691083835e-01
   endloop
 endfacet
 facet normal  1.1497929745e-01 -9.9309150806e-01 -2.3431128167e-02
   outer loop
     vertex 2.5291662925e+00 -8.2626462416e-04 1.1691083835e-01
     vertex 2.5363028501e+00 4.8985871966e-18 1.1691083835e-01
     vertex 2.5526057002e+00 9.7971743932e-18 1.9691083835e-01
   endloop
 endfacet
 facet normal  1.1497929745e-01 9.9309150806e-01 -2.3431128167e-02
   outer loop
     vertex 2.5526057002e+00 9.7971743932e-18 1.9691083835e-01
     vertex 2.5463511891e+00 7.2414203016e-04 1.9691083835e-01
     vertex 2.5689085504e+00 1.4695761590e-17 2.7691083835e-01
   endloop
 endfacet
 facet normal  1.1497929745e-01 9.9309150806e-01 -2.3431128167e-02
   outer loop
     vertex 2.5689085504e+00 1.4695761590e-17 2.7691083835e-01
     vertex 2.5463511891e+00 7.2414203016e-04 1.9691083835e-01
     vertex 2.5635360856e+00 6.2201943616e-04 2.7691083835e-01
   endloop
 endfacet
 facet normal  1.1228464726e-01 9.9341328244e-01 -2.2851876352e-02
   outer loop
     vertex 2.5463511891e+00 7.2414203016e-04 1.9691083835e-01
     vertex 2.5373606325e+00 1.7403368905e-03 1.9691083835e-01
     vertex 2.5635360856e+00 6.2201943616e-04 2.7691083835e-01
   endloop
 endfacet
 facet normal  1.1228464726e-01 9.9341328244e-01 -2.2851876352e-02
   outer loop
     vertex 2.5635360856e+00 6.2201943616e-04 2.7691083835e-01
     vertex 2.5373606325e+00 1.7403368905e-03 1.9691083835e-01
     vertex 2.5558134281e+00 1.4949047649e-03 2.7691083835e-01
   endloop
 endfacet
 facet normal  1.0856262640e-01 9.9384631956e-01 -2.1992026709e-02
   outer loop
     vertex 2.5373606325e+00 1.7403368905e-03 1.9691083835e-01
     vertex 2.5247034592e+00 3.1229409761e-03 1.9691083835e-01
     vertex 2.5558134281e+00 1.4949047649e-03 2.7691083835e-01
   endloop
 endfacet
 facet normal  1.0856262640e-01 9.9384631956e-01 -2.1992026709e-02
   outer loop
     vertex 2.5558134281e+00 1.4949047649e-03 2.7691083835e-01
     vertex 2.5247034592e+00 3.1229409761e-03 1.9691083835e-01
     vertex 2.5449412407e+00 2.6825262231e-03 2.7691083835e-01
   endloop
 endfacet
 facet normal  1.0361161630e-01 9.9440164445e-01 -2.0736501282e-02
   outer loop
     vertex 2.5247034592e+00 3.1229409761e-03 1.9691083835e-01
     vertex 2.5073973433e+00 4.9261506194e-03 1.9691083835e-01
     vertex 2.5449412407e+00 2.6825262231e-03 2.7691083835e-01
   endloop
 endfacet
 facet normal  1.0361161630e-01 9.9440164445e-01 -2.0736501282e-02
   outer loop
     vertex 2.5449412407e+00 2.6825262231e-03 2.7691083835e-01
     vertex 2.5073973433e+00 4.9261506194e-03 1.9691083835e-01
     vertex 2.5300757309e+00 4.2314370705e-03 2.7691083835e-01
   endloop
 endfacet
 facet normal  9.7175766406e-02 9.9508764911e-01 -1.8906110341e-02
   outer loop
     vertex 2.5073973433e+00 4.9261506194e-03 1.9691083835e-01
     vertex 2.4846568151e+00 7.1468879127e-03 1.9691083835e-01
     vertex 2.5300757309e+00 4.2314370705e-03 2.7691083835e-01
   endloop
 endfacet
 facet normal  9.7175766406e-02 9.9508764911e-01 -1.8906110341e-02
   outer loop
     vertex 2.5300757309e+00 4.2314370705e-03 2.7691083835e-01
     vertex 2.4846568151e+00 7.1468879127e-03 1.9691083835e-01
     vertex 2.5105422003e+00 6.1389934635e-03 2.7691083835e-01
   endloop
 endfacet
 facet normal  8.8784361343e-02 9.9591943968e-01 -1.6180446472e-02
   outer loop
     vertex 2.4846568151e+00 7.1468879127e-03 1.9691083835e-01
     vertex 2.4562865988e+00 9.6760398082e-03 1.9691083835e-01
     vertex 2.5105422003e+00 6.1389934635e-03 2.7691083835e-01
   endloop
 endfacet
 facet normal  8.8784361343e-02 9.9591943968e-01 -1.6180446472e-02
   outer loop
     vertex 2.5105422003e+00 6.1389934635e-03 2.7691083835e-01
     vertex 2.4562865988e+00 9.6760398082e-03 1.9691083835e-01
     vertex 2.4861729120e+00 8.3114700917e-03 2.7691083835e-01
   endloop
 endfacet
 facet normal  7.7631076672e-02 9.9690997080e-01 -1.1996918884e-02
   outer loop
     vertex 2.4562865988e+00 9.6760398082e-03 1.9691083835e-01
     vertex 2.4230975917e+00 1.2260524299e-02 1.9691083835e-01
     vertex 2.4861729120e+00 8.3114700917e-03 2.7691083835e-01
   endloop
 endfacet
 facet normal  7.7631076672e-02 9.9690997080e-01 -1.1996918884e-02
   outer loop
     vertex 2.4861729120e+00 8.3114700917e-03 2.7691083835e-01
     vertex 2.4230975917e+00 1.2260524299e-02 1.9691083835e-01
     vertex 2.4576644058e+00 1.0531476000e-02 2.7691083835e-01
   endloop
 endfacet
 facet normal  6.2291288448e-02 9.9804370326e-01 -5.3443202987e-03
   outer loop
     vertex 2.4230975917e+00 1.2260524299e-02 1.9691083835e-01
     vertex 2.3870693905e+00 1.4509166382e-02 1.9691083835e-01
     vertex 2.4576644058e+00 1.0531476000e-02 2.7691083835e-01
   endloop
 endfacet
 facet normal  6.2291288448e-02 9.9804370326e-01 -5.3443202987e-03
   outer loop
     vertex 2.4576644058e+00 1.0531476000e-02 2.7691083835e-01
     vertex 2.3870693905e+00 1.4509166382e-02 1.9691083835e-01
     vertex 2.4267171048e+00 1.2463001892e-02 2.7691083835e-01
   endloop
 endfacet
 facet normal  4.0847534788e-02 9.9915127350e-01 5.3114558247e-03
   outer loop
     vertex 2.3870693905e+00 1.4509166382e-02 1.9691083835e-01
     vertex 2.3957358209e+00 1.3729585948e-02 2.7691083835e-01
     vertex 2.4267171048e+00 1.2463001892e-02 2.7691083835e-01
   endloop
 endfacet
 facet normal  4.0847534788e-02 9.9915127350e-01 5.3114558247e-03
   outer loop
     vertex 2.3870693905e+00 1.4509166382e-02 1.9691083835e-01
     vertex 2.3510016271e+00 1.5983697074e-02 1.9691083835e-01
     vertex 2.3957358209e+00 1.3729585948e-02 2.7691083835e-01
   endloop
 endfacet
 facet normal  1.1499497683e-02 9.9969757324e-01 2.1737608309e-02
   outer loop
     vertex 2.3510016271e+00 1.5983697074e-02 1.9691083835e-01
     vertex 2.3671440047e+00 1.4058476937e-02 2.7691083835e-01
     vertex 2.3957358209e+00 1.3729585948e-02 2.7691083835e-01
   endloop
 endfacet
 facet normal  1.1499497683e-02 9.9969757324e-01 2.1737608309e-02
   outer loop
     vertex 2.3510016271e+00 1.5983697074e-02 1.9691083835e-01
     vertex 2.3177156322e+00 1.6366585091e-02 1.9691083835e-01
     vertex 2.3671440047e+00 1.4058476937e-02 2.7691083835e-01
   endloop
 endfacet
 facet normal  -2.6979013759e-02 9.9860086813e-01 4.5480094362e-02
   outer loop
     vertex 2.3177156322e+00 1.6366585091e-02 1.9691083835e-01
     vertex 2.3426887263e+00 1.3397773231e-02 2.7691083835e-01
     vertex 2.3671440047e+00 1.4058476937e-02 2.7691083835e-01
   endloop
 endfacet
 facet normal  -2.6979013759e-02 9.9860086813e-01 4.5480094362e-02
   outer loop
     vertex 2.3177156322e+00 1.6366585091e-02 1.9691083835e-01
     vertex 2.2892453080e+00 1.5597407643e-02 1.9691083835e-01
     vertex 2.3426887263e+00 1.3397773231e-02 2.7691083835e-01
   endloop
 endfacet
 facet normal  -7.6076015312e-02 9.9403444645e-01 7.8153433497e-02
   outer loop
     vertex 2.2892453080e+00 1.5597407643e-02 1.9691083835e-01
     vertex 2.3231219256e+00 1.1900275598e-02 2.7691083835e-01
     vertex 2.3426887263e+00 1.3397773231e-02 2.7691083835e-01
   endloop
 endfacet
 facet normal  -7.6076015312e-02 9.9403444645e-01 7.8153433497e-02
   outer loop
     vertex 2.2892453080e+00 1.5597407643e-02 1.9691083835e-01
     vertex 2.2664660475e+00 1.3854052189e-02 1.9691083835e-01
     vertex 2.3231219256e+00 1.1900275598e-02 2.7691083835e-01
   endloop
 endfacet
 facet normal  -1.3955219197e-01 9.8256739499e-01 1.2282711435e-01
   outer loop
     vertex 2.2664660475e+00 1.3854052189e-02 1.9691083835e-01
     vertex 2.3083278260e+00 9.7990975683e-03 2.7691083835e-01
     vertex 2.3231219256e+00 1.1900275598e-02 2.7691083835e-01
   endloop
 endfacet
 facet normal  -1.3955219197e-01 9.8256739499e-01 1.2282711435e-01
   outer loop
     vertex 2.2664660475e+00 1.3854052189e-02 1.9691083835e-01
     vertex 2.2492430659e+00 1.1407904632e-02 1.9691083835e-01
     vertex 2.3083278260e+00 9.7990975683e-03 2.7691083835e-01
   endloop
 endfacet
 facet normal  -2.2871472945e-01 9.5514273196e-01 1.8812744116e-01
   outer loop
     vertex 2.2492430659e+00 1.1407904632e-02 1.9691083835e-01
     vertex 2.2976977349e+00 7.2536576745e-03 2.7691083835e-01
     vertex 2.3083278260e+00 9.7990975683e-03 2.7691083835e-01
   endloop
 endfacet
 facet normal  -2.2871472945e-01 9.5514273196e-01 1.8812744116e-01
   outer loop
     vertex 2.2492430659e+00 1.1407904632e-02 1.9691083835e-01
     vertex 2.2368677359e+00 8.4445566957e-03 1.9691083835e-01
     vertex 2.2976977349e+00 7.2536576745e-03 2.7691083835e-01
   endloop
 endfacet
 facet normal  -3.7837987659e-01 8.7543281916e-01 3.0074249471e-01
   outer loop
     vertex 2.2368677359e+00 8.4445566957e-03 1.9691083835e-01
     vertex 2.2905833215e+00 4.1786634584e-03 2.7691083835e-01
     vertex 2.2976977349e+00 7.2536576745e-03 2.7691083835e-01
   endloop
 endfacet
 facet normal  -3.7837987659e-01 8.7543281916e-01 3.0074249471e-01
   outer loop
     vertex 2.2368677359e+00 8.4445566957e-03 1.9691083835e-01
     vertex 2.2285852845e+00 4.8647126829e-03 1.9691083835e-01
     vertex 2.2905833215e+00 4.1786634584e-03 2.7691083835e-01
   endloop
 endfacet
 facet normal  -6.8170146018e-01 5.0161397026e-01 5.3260355241e-01
   outer loop
     vertex 2.2285852845e+00 4.8647126829e-03 1.9691083835e-01
     vertex 2.2875085504e+00 1.4695761590e-17 2.7691083835e-01
     vertex 2.2905833215e+00 4.1786634584e-03 2.7691083835e-01
   endloop
 endfacet
 facet normal  -6.8170146018e-01 5.0161397026e-01 5.3260355241e-01
   outer loop
     vertex 2.2285852845e+00 4.8647126829e-03 1.9691083835e-01
     vertex 2.2250057002e+00 9.7971743932e-18 1.9691083835e-01
     vertex 2.2875085504e+00 1.4695761590e-17 2.7691083835e-01
   endloop
 endfacet
 facet normal  -6.8170146018e-01 -5.0161397026e-01 5.3260355241e-01
   outer loop
     vertex 2.2250057002e+00 9.7971743932e-18 1.9691083835e-01
     vertex 2.2285852845e+00 -4.8647126829e-03 1.9691083835e-01
     vertex 2.2875085504e+00 1.4695761590e-17 2.7691083835e-01
   endloop
 endfacet
 facet normal  -6.8170146018e-01 -5.0161397026e-01 5.3260355241e-01
   outer loop
     vertex 2.2875085504e+00 1.4695761590e-17 2.7691083835e-01
     vertex 2.2285852845e+00 -4.8647126829e-03 1.9691083835e-01
     vertex 2.2905833215e+00 -4.1786634584e-03 2.7691083835e-01
   endloop
 endfacet
 facet normal  -3.7837987659e-01 -8.7543281916e-01 3.0074249471e-01
   outer loop
     vertex 2.2285852845e+00 -4.8647126829e-03 1.9691083835e-01
     vertex 2.2368677359e+00 -8.4445566957e-03 1.9691083835e-01
     vertex 2.2905833215e+00 -4.1786634584e-03 2.7691083835e-01
   endloop
 endfacet
 facet normal  -3.7837987659e-01 -8.7543281916e-01 3.0074249471e-01
   outer loop
     vertex 2.2905833215e+00 -4.1786634584e-03 2.7691083835e-01
     vertex 2.2368677359e+00 -8.4445566957e-03 1.9691083835e-01
     vertex 2.2976977349e+00 -7.2536576745e-03 2.7691083835e-01
   endloop
 endfacet
 facet normal  -2.2871472945e-01 -9.5514273196e-01 1.8812744116e-01
   outer loop
     vertex 2.2368677359e+00 -8.4445566957e-03 1.9691083835e-01
     vertex 2.2492430659e+00 -1.1407904632e-02 1.9691083835e-01
     vertex 2.2976977349e+00 -7.2536576745e-03 2.7691083835e-01
   endloop
 endfacet
 facet normal  -2.2871472945e-01 -9.5514273196e-01 1.8812744116e-01
   outer loop
     vertex 2.2976977349e+00 -7.2536576745e-03 2.7691083835e-01
     vertex 2.2492430659e+00 -1.1407904632e-02 1.9691083835e-01
     vertex 2.3083278260e+00 -9.7990975683e-03 2.7691083835e-01
   endloop
 endfacet
 facet normal  -1.3955219197e-01 -9.8256739499e-01 1.2282711435e-01
   outer loop
     vertex 2.2492430659e+00 -1.1407904632e-02 1.9691083835e-01
     vertex 2.2664660475e+00 -1.3854052189e-02 1.9691083835e-01
     vertex 2.3083278260e+00 -9.7990975683e-03 2.7691083835e-01
   endloop
 endfacet
 facet normal  -1.3955219197e-01 -9.8256739499e-01 1.2282711435e-01
   outer loop
     vertex 2.3083278260e+00 -9.7990975683e-03 2.7691083835e-01
     vertex 2.2664660475e+00 -1.3854052189e-02 1.9691083835e-01
     vertex 2.3231219256e+00 -1.1900275598e-02 2.7691083835e-01
   endloop
 endfacet
 facet normal  -7.6076015312e-02 -9.9403444645e-01 7.8153433497e-02
   outer loop
     vertex 2.2664660475e+00 -1.3854052189e-02 1.9691083835e-01
     vertex 2.2892453080e+00 -1.5597407643e-02 1.9691083835e-01
     vertex 2.3231219256e+00 -1.1900275598e-02 2.7691083835e-01
   endloop
 endfacet
 facet normal  -7.6076015312e-02 -9.9403444645e-01 7.8153433497e-02
   outer loop
     vertex 2.3231219256e+00 -1.1900275598e-02 2.7691083835e-01
     vertex 2.2892453080e+00 -1.5597407643e-02 1.9691083835e-01
     vertex 2.3426887263e+00 -1.3397773231e-02 2.7691083835e-01
   endloop
 endfacet
 facet normal  -2.6979013759e-02 -9.9860086813e-01 4.5480094362e-02
   outer loop
     vertex 2.2892453080e+00 -1.5597407643e-02 1.9691083835e-01
     vertex 2.3177156322e+00 -1.6366585091e-02 1.9691083835e-01
     vertex 2.3426887263e+00 -1.3397773231e-02 2.7691083835e-01
   endloop
 endfacet
 facet normal  -2.6979013759e-02 -9.9860086813e-01 4.5480094362e-02
   outer loop
     vertex 2.3426887263e+00 -1.3397773231e-02 2.7691083835e-01
     vertex 2.3177156322e+00 -1.6366585091e-02 1.9691083835e-01
     vertex 2.3671440047e+00 -1.4058476937e-02 2.7691083835e-01
   endloop
 endfacet
 facet normal  1.1499497683e-02 -9.9969757324e-01 2.1737608309e-02
   outer loop
     vertex 2.3177156322e+00 -1.6366585091e-02 1.9691083835e-01
     vertex 2.3510016271e+00 -1.5983697074e-02 1.9691083835e-01
     vertex 2.3671440047e+00 -1.4058476937e-02 2.7691083835e-01
   endloop
 endfacet
 facet normal  1.1499497683e-02 -9.9969757324e-01 2.1737608309e-02
   outer loop
     vertex 2.3671440047e+00 -1.4058476937e-02 2.7691083835e-01
     vertex 2.3510016271e+00 -1.5983697074e-02 1.9691083835e-01
     vertex 2.3957358209e+00 -1.3729585948e-02 2.7691083835e-01
   endloop
 endfacet
 facet normal  4.0847534788e-02 -9.9915127350e-01 5.3114558247e-03
   outer loop
     vertex 2.3510016271e+00 -1.5983697074e-02 1.9691083835e-01
     vertex 2.3870693905e+00 -1.4509166382e-02 1.9691083835e-01
     vertex 2.3957358209e+00 -1.3729585948e-02 2.7691083835e-01
   endloop
 endfacet
 facet normal  4.0847534788e-02 -9.9915127350e-01 5.3114558247e-03
   outer loop
     vertex 2.3957358209e+00 -1.3729585948e-02 2.7691083835e-01
     vertex 2.3870693905e+00 -1.4509166382e-02 1.9691083835e-01
     vertex 2.4267171048e+00 -1.2463001892e-02 2.7691083835e-01
   endloop
 endfacet
 facet normal  6.2291288448e-02 -9.9804370326e-01 -5.3443202987e-03
   outer loop
     vertex 2.3870693905e+00 -1.4509166382e-02 1.9691083835e-01
     vertex 2.4576644058e+00 -1.0531476000e-02 2.7691083835e-01
     vertex 2.4267171048e+00 -1.2463001892e-02 2.7691083835e-01
   endloop
 endfacet
 facet normal  6.2291288448e-02 -9.9804370326e-01 -5.3443202987e-03
   outer loop
     vertex 2.3870693905e+00 -1.4509166382e-02 1.9691083835e-01
     vertex 2.4230975917e+00 -1.2260524299e-02 1.9691083835e-01
     vertex 2.4576644058e+00 -1.0531476000e-02 2.7691083835e-01
   endloop
 endfacet
 facet normal  7.7631076672e-02 -9.9690997080e-01 -1.1996918884e-02
   outer loop
     vertex 2.4230975917e+00 -1.2260524299e-02 1.9691083835e-01
     vertex 2.4861729120e+00 -8.3114700917e-03 2.7691083835e-01
     vertex 2.4576644058e+00 -1.0531476000e-02 2.7691083835e-01
   endloop
 endfacet
 facet normal  7.7631076672e-02 -9.9690997080e-01 -1.1996918884e-02
   outer loop
     vertex 2.4230975917e+00 -1.2260524299e-02 1.9691083835e-01
     vertex 2.4562865988e+00 -9.6760398082e-03 1.9691083835e-01
     vertex 2.4861729120e+00 -8.3114700917e-03 2.7691083835e-01
   endloop
 endfacet
 facet normal  8.8784361343e-02 -9.9591943968e-01 -1.6180446472e-02
   outer loop
     vertex 2.4562865988e+00 -9.6760398082e-03 1.9691083835e-01
     vertex 2.5105422003e+00 -6.1389934635e-03 2.7691083835e-01
     vertex 2.4861729120e+00 -8.3114700917e-03 2.7691083835e-01
   endloop
 endfacet
 facet normal  8.8784361343e-02 -9.9591943968e-01 -1.6180446472e-02
   outer loop
     vertex 2.4562865988e+00 -9.6760398082e-03 1.9691083835e-01
     vertex 2.4846568151e+00 -7.1468879127e-03 1.9691083835e-01
     vertex 2.5105422003e+00 -6.1389934635e-03 2.7691083835e-01
   endloop
 endfacet
 facet normal  9.7175766406e-02 -9.9508764911e-01 -1.8906110341e-02
   outer loop
     vertex 2.4846568151e+00 -7.1468879127e-03 1.9691083835e-01
     vertex 2.5300757309e+00 -4.2314370705e-03 2.7691083835e-01
     vertex 2.5105422003e+00 -6.1389934635e-03 2.7691083835e-01
   endloop
 endfacet
 facet normal  9.7175766406e-02 -9.9508764911e-01 -1.8906110341e-02
   outer loop
     vertex 2.4846568151e+00 -7.1468879127e-03 1.9691083835e-01
     vertex 2.5073973433e+00 -4.9261506194e-03 1.9691083835e-01
     vertex 2.5300757309e+00 -4.2314370705e-03 2.7691083835e-01
   endloop
 endfacet
 facet normal  1.0361161630e-01 -9.9440164445e-01 -2.0736501282e-02
   outer loop
     vertex 2.5073973433e+00 -4.9261506194e-03 1.9691083835e-01
     vertex 2.5449412407e+00 -2.6825262231e-03 2.7691083835e-01
     vertex 2.5300757309e+00 -4.2314370705e-03 2.7691083835e-01
   endloop
 endfacet
 facet normal  1.0361161630e-01 -9.9440164445e-01 -2.0736501282e-02
   outer loop
     vertex 2.5073973433e+00 -4.9261506194e-03 1.9691083835e-01
     vertex 2.5247034592e+00 -3.1229409761e-03 1.9691083835e-01
     vertex 2.5449412407e+00 -2.6825262231e-03 2.7691083835e-01
   endloop
 endfacet
 facet normal  1.0856262640e-01 -9.9384631956e-01 -2.1992026709e-02
   outer loop
     vertex 2.5247034592e+00 -3.1229409761e-03 1.9691083835e-01
     vertex 2.5558134281e+00 -1.4949047649e-03 2.7691083835e-01
     vertex 2.5449412407e+00 -2.6825262231e-03 2.7691083835e-01
   endloop
 endfacet
 facet normal  1.0856262640e-01 -9.9384631956e-01 -2.1992026709e-02
   outer loop
     vertex 2.5247034592e+00 -3.1229409761e-03 1.9691083835e-01
     vertex 2.5373606325e+00 -1.7403368905e-03 1.9691083835e-01
     vertex 2.5558134281e+00 -1.4949047649e-03 2.7691083835e-01
   endloop
 endfacet
 facet normal  1.1228464726e-01 -9.9341328244e-01 -2.2851876352e-02
   outer loop
     vertex 2.5373606325e+00 -1.7403368905e-03 1.9691083835e-01
     vertex 2.5635360856e+00 -6.2201943616e-04 2.7691083835e-01
     vertex 2.5558134281e+00 -1.4949047649e-03 2.7691083835e-01
   endloop
 endfacet
 facet normal  1.1228464726e-01 -9.9341328244e-01 -2.2851876352e-02
   outer loop
     vertex 2.5373606325e+00 -1.7403368905e-03 1.9691083835e-01
     vertex 2.5463511891e+00 -7.2414203016e-04 1.9691083835e-01
     vertex 2.5635360856e+00 -6.2201943616e-04 2.7691083835e-01
   endloop
 endfacet
 facet normal  1.1497929745e-01 -9.9309150806e-01 -2.3431128167e-02
   outer loop
     vertex 2.5463511891e+00 -7.2414203016e-04 1.9691083835e-01
     vertex 2.5689085504e+00 1.4695761590e-17 2.7691083835e-01
     vertex 2.5635360856e+00 -6.2201943616e-04 2.7691083835e-01
   endloop
 endfacet
 facet normal  1.1497929745e-01 -9.9309150806e-01 -2.3431128167e-02
   outer loop
     vertex 2.5463511891e+00 -7.2414203016e-04 1.9691083835e-01
     vertex 2.5526057002e+00 9.7971743932e-18 1.9691083835e-01
     vertex 2.5689085504e+00 1.4695761590e-17 2.7691083835e-01
   endloop
 endfacet
 facet normal  1.1497929745e-01 9.9309150806e-01 -2.3431128167e-02
   outer loop
     vertex 2.5689085504e+00 1.4695761590e-17 2.7691083835e-01
     vertex 2.5807209822e+00 5.1989684217e-04 3.5691083835e-01
     vertex 2.5852114005e+00 1.9594348786e-17 3.5691083835e-01
   endloop
 endfacet
 facet normal  1.1497929745e-01 9.9309150806e-01 -2.3431128167e-02
   outer loop
     vertex 2.5689085504e+00 1.4695761590e-17 2.7691083835e-01
     vertex 2.5635360856e+00 6.2201943616e-04 2.7691083835e-01
     vertex 2.5807209822e+00 5.1989684217e-04 3.5691083835e-01
   endloop
 endfacet
 facet normal  1.1228464726e-01 9.9341328244e-01 -2.2851876352e-02
   outer loop
     vertex 2.5635360856e+00 6.2201943616e-04 2.7691083835e-01
     vertex 2.5742662236e+00 1.2494726393e-03 3.5691083835e-01
     vertex 2.5807209822e+00 5.1989684217e-04 3.5691083835e-01
   endloop
 endfacet
 facet normal  1.1228464726e-01 9.9341328244e-01 -2.2851876352e-02
   outer loop
     vertex 2.5635360856e+00 6.2201943616e-04 2.7691083835e-01
     vertex 2.5558134281e+00 1.4949047649e-03 2.7691083835e-01
     vertex 2.5742662236e+00 1.2494726393e-03 3.5691083835e-01
   endloop
 endfacet
 facet normal  1.0856262640e-01 9.9384631956e-01 -2.1992026709e-02
   outer loop
     vertex 2.5558134281e+00 1.4949047649e-03 2.7691083835e-01
     vertex 2.5651790223e+00 2.2421114700e-03 3.5691083835e-01
     vertex 2.5742662236e+00 1.2494726393e-03 3.5691083835e-01
   endloop
 endfacet
 facet normal  1.0856262640e-01 9.9384631956e-01 -2.1992026709e-02
   outer loop
     vertex 2.5558134281e+00 1.4949047649e-03 2.7691083835e-01
     vertex 2.5449412407e+00 2.6825262231e-03 2.7691083835e-01
     vertex 2.5651790223e+00 2.2421114700e-03 3.5691083835e-01
   endloop
 endfacet
 facet normal  1.0361161630e-01 9.9440164445e-01 -2.0736501282e-02
   outer loop
     vertex 2.5449412407e+00 2.6825262231e-03 2.7691083835e-01
     vertex 2.5527541186e+00 3.5367235216e-03 3.5691083835e-01
     vertex 2.5651790223e+00 2.2421114700e-03 3.5691083835e-01
   endloop
 endfacet
 facet normal  1.0361161630e-01 9.9440164445e-01 -2.0736501282e-02
   outer loop
     vertex 2.5449412407e+00 2.6825262231e-03 2.7691083835e-01
     vertex 2.5300757309e+00 4.2314370705e-03 2.7691083835e-01
     vertex 2.5527541186e+00 3.5367235216e-03 3.5691083835e-01
   endloop
 endfacet
 facet normal  9.7175766406e-02 9.9508764911e-01 -1.8906110341e-02
   outer loop
     vertex 2.5300757309e+00 4.2314370705e-03 2.7691083835e-01
     vertex 2.5364275855e+00 5.1310990143e-03 3.5691083835e-01
     vertex 2.5527541186e+00 3.5367235216e-03 3.5691083835e-01
   endloop
 endfacet
 facet normal  9.7175766406e-02 9.9508764911e-01 -1.8906110341e-02
   outer loop
     vertex 2.5300757309e+00 4.2314370705e-03 2.7691083835e-01
     vertex 2.5105422003e+00 6.1389934635e-03 2.7691083835e-01
     vertex 2.5364275855e+00 5.1310990143e-03 3.5691083835e-01
   endloop
 endfacet
 facet normal  8.8784361343e-02 9.9591943968e-01 -1.6180446472e-02
   outer loop
     vertex 2.5105422003e+00 6.1389934635e-03 2.7691083835e-01
     vertex 2.5160592251e+00 6.9469003751e-03 3.5691083835e-01
     vertex 2.5364275855e+00 5.1310990143e-03 3.5691083835e-01
   endloop
 endfacet
 facet normal  8.8784361343e-02 9.9591943968e-01 -1.6180446472e-02
   outer loop
     vertex 2.5105422003e+00 6.1389934635e-03 2.7691083835e-01
     vertex 2.4861729120e+00 8.3114700917e-03 2.7691083835e-01
     vertex 2.5160592251e+00 6.9469003751e-03 3.5691083835e-01
   endloop
 endfacet
 facet normal  7.7631076672e-02 9.9690997080e-01 -1.1996918884e-02
   outer loop
     vertex 2.4861729120e+00 8.3114700917e-03 2.7691083835e-01
     vertex 2.4922312200e+00 8.8024277017e-03 3.5691083835e-01
     vertex 2.5160592251e+00 6.9469003751e-03 3.5691083835e-01
   endloop
 endfacet
 facet normal  7.7631076672e-02 9.9690997080e-01 -1.1996918884e-02
   outer loop
     vertex 2.4861729120e+00 8.3114700917e-03 2.7691083835e-01
     vertex 2.4576644058e+00 1.0531476000e-02 2.7691083835e-01
     vertex 2.4922312200e+00 8.8024277017e-03 3.5691083835e-01
   endloop
 endfacet
 facet normal  6.2291288448e-02 9.9804370326e-01 -5.3443202987e-03
   outer loop
     vertex 2.4576644058e+00 1.0531476000e-02 2.7691083835e-01
     vertex 2.4663648191e+00 1.0416837403e-02 3.5691083835e-01
     vertex 2.4922312200e+00 8.8024277017e-03 3.5691083835e-01
   endloop
 endfacet
 facet normal  6.2291288448e-02 9.9804370326e-01 -5.3443202987e-03
   outer loop
     vertex 2.4576644058e+00 1.0531476000e-02 2.7691083835e-01
     vertex 2.4267171048e+00 1.2463001892e-02 2.7691083835e-01
     vertex 2.4663648191e+00 1.0416837403e-02 3.5691083835e-01
   endloop
 endfacet
 facet normal  4.0847534788e-02 9.9915127350e-01 5.3114558247e-03
   outer loop
     vertex 2.4267171048e+00 1.2463001892e-02 2.7691083835e-01
     vertex 2.3957358209e+00 1.3729585948e-02 2.7691083835e-01
     vertex 2.4663648191e+00 1.0416837403e-02 3.5691083835e-01
   endloop
 endfacet
 facet normal  4.0847534788e-02 9.9915127350e-01 5.3114558247e-03
   outer loop
     vertex 2.4663648191e+00 1.0416837403e-02 3.5691083835e-01
     vertex 2.3957358209e+00 1.3729585948e-02 2.7691083835e-01
     vertex 2.4404700147e+00 1.1475474822e-02 3.5691083835e-01
   endloop
 endfacet
 facet normal  1.1499497683e-02 9.9969757324e-01 2.1737608309e-02
   outer loop
     vertex 2.3957358209e+00 1.3729585948e-02 2.7691083835e-01
     vertex 2.3671440047e+00 1.4058476937e-02 2.7691083835e-01
     vertex 2.4404700147e+00 1.1475474822e-02 3.5691083835e-01
   endloop
 endfacet
 facet normal  1.1499497683e-02 9.9969757324e-01 2.1737608309e-02
   outer loop
     vertex 2.4404700147e+00 1.1475474822e-02 3.5691083835e-01
     vertex 2.3671440047e+00 1.4058476937e-02 2.7691083835e-01
     vertex 2.4165723773e+00 1.1750368783e-02 3.5691083835e-01
   endloop
 endfacet
 facet normal  -2.6979013759e-02 9.9860086813e-01 4.5480094362e-02
   outer loop
     vertex 2.3671440047e+00 1.4058476937e-02 2.7691083835e-01
     vertex 2.3426887263e+00 1.3397773231e-02 2.7691083835e-01
     vertex 2.4165723773e+00 1.1750368783e-02 3.5691083835e-01
   endloop
 endfacet
 facet normal  -2.6979013759e-02 9.9860086813e-01 4.5480094362e-02
   outer loop
     vertex 2.4165723773e+00 1.1750368783e-02 3.5691083835e-01
     vertex 2.3426887263e+00 1.3397773231e-02 2.7691083835e-01
     vertex 2.3961321445e+00 1.1198138820e-02 3.5691083835e-01
   endloop
 endfacet
 facet normal  -7.6076015312e-02 9.9403444645e-01 7.8153433497e-02
   outer loop
     vertex 2.3426887263e+00 1.3397773231e-02 2.7691083835e-01
     vertex 2.3231219256e+00 1.1900275598e-02 2.7691083835e-01
     vertex 2.3961321445e+00 1.1198138820e-02 3.5691083835e-01
   endloop
 endfacet
 facet normal  -7.6076015312e-02 9.9403444645e-01 7.8153433497e-02
   outer loop
     vertex 2.3961321445e+00 1.1198138820e-02 3.5691083835e-01
     vertex 2.3231219256e+00 1.1900275598e-02 2.7691083835e-01
     vertex 2.3797778036e+00 9.9464990075e-03 3.5691083835e-01
   endloop
 endfacet
 facet normal  -1.3955219197e-01 9.8256739499e-01 1.2282711435e-01
   outer loop
     vertex 2.3231219256e+00 1.1900275598e-02 2.7691083835e-01
     vertex 2.3083278260e+00 9.7990975683e-03 2.7691083835e-01
     vertex 2.3797778036e+00 9.9464990075e-03 3.5691083835e-01
   endloop
 endfacet
 facet normal  -1.3955219197e-01 9.8256739499e-01 1.2282711435e-01
   outer loop
     vertex 2.3797778036e+00 9.9464990075e-03 3.5691083835e-01
     vertex 2.3083278260e+00 9.7990975683e-03 2.7691083835e-01
     vertex 2.3674125861e+00 8.1902905048e-03 3.5691083835e-01
   endloop
 endfacet
 facet normal  -2.2871472945e-01 9.5514273196e-01 1.8812744116e-01
   outer loop
     vertex 2.3083278260e+00 9.7990975683e-03 2.7691083835e-01
     vertex 2.2976977349e+00 7.2536576745e-03 2.7691083835e-01
     vertex 2.3674125861e+00 8.1902905048e-03 3.5691083835e-01
   endloop
 endfacet
 facet normal  -2.2871472945e-01 9.5514273196e-01 1.8812744116e-01
   outer loop
     vertex 2.3674125861e+00 8.1902905048e-03 3.5691083835e-01
     vertex 2.2976977349e+00 7.2536576745e-03 2.7691083835e-01
     vertex 2.3585277338e+00 6.0627586533e-03 3.5691083835e-01
   endloop
 endfacet
 facet normal  -3.7837987659e-01 8.7543281916e-01 3.0074249471e-01
   outer loop
     vertex 2.2976977349e+00 7.2536576745e-03 2.7691083835e-01
     vertex 2.2905833215e+00 4.1786634584e-03 2.7691083835e-01
     vertex 2.3585277338e+00 6.0627586533e-03 3.5691083835e-01
   endloop
 endfacet
 facet normal  -3.7837987659e-01 8.7543281916e-01 3.0074249471e-01
   outer loop
     vertex 2.3585277338e+00 6.0627586533e-03 3.5691083835e-01
     vertex 2.2905833215e+00 4.1786634584e-03 2.7691083835e-01
     vertex 2.3525813584e+00 3.4926142339e-03 3.5691083835e-01
   endloop
 endfacet
 facet normal  -6.8170146018e-01 5.0161397026e-01 5.3260355241e-01
   outer loop
     vertex 2.2905833215e+00 4.1786634584e-03 2.7691083835e-01
     vertex 2.2875085504e+00 1.4695761590e-17 2.7691083835e-01
     vertex 2.3525813584e+00 3.4926142339e-03 3.5691083835e-01
   endloop
 endfacet
 facet normal  -6.8170146018e-01 5.0161397026e-01 5.3260355241e-01
   outer loop
     vertex 2.3525813584e+00 3.4926142339e-03 3.5691083835e-01
     vertex 2.2875085504e+00 1.4695761590e-17 2.7691083835e-01
     vertex 2.3500114005e+00 1.9594348786e-17 3.5691083835e-01
   endloop
 endfacet
 facet normal  -6.8170146018e-01 -5.0161397026e-01 5.3260355241e-01
   outer loop
     vertex 2.2875085504e+00 1.4695761590e-17 2.7691083835e-01
     vertex 2.3525813584e+00 -3.4926142339e-03 3.5691083835e-01
     vertex 2.3500114005e+00 1.9594348786e-17 3.5691083835e-01
   endloop
 endfacet
 facet normal  -6.8170146018e-01 -5.0161397026e-01 5.3260355241e-01
   outer loop
     vertex 2.2875085504e+00 1.4695761590e-17 2.7691083835e-01
     vertex 2.2905833215e+00 -4.1786634584e-03 2.7691083835e-01
     vertex 2.3525813584e+00 -3.4926142339e-03 3.5691083835e-01
   endloop
 endfacet
 facet normal  -3.7837987659e-01 -8.7543281916e-01 3.0074249471e-01
   outer loop
     vertex 2.2905833215e+00 -4.1786634584e-03 2.7691083835e-01
     vertex 2.3585277338e+00 -6.0627586533e-03 3.5691083835e-01
     vertex 2.3525813584e+00 -3.4926142339e-03 3.5691083835e-01
   endloop
 endfacet
 facet normal  -3.7837987659e-01 -8.7543281916e-01 3.0074249471e-01
   outer loop
     vertex 2.2905833215e+00 -4.1786634584e-03 2.7691083835e-01
     vertex 2.2976977349e+00 -7.2536576745e-03 2.7691083835e-01
     vertex 2.3585277338e+00 -6.0627586533e-03 3.5691083835e-01
   endloop
 endfacet
 facet normal  -2.2871472945e-01 -9.5514273196e-01 1.8812744116e-01
   outer loop
     vertex 2.2976977349e+00 -7.2536576745e-03 2.7691083835e-01
     vertex 2.3674125861e+00 -8.1902905048e-03 3.5691083835e-01
     vertex 2.3585277338e+00 -6.0627586533e-03 3.5691083835e-01
   endloop
 endfacet
 facet normal  -2.2871472945e-01 -9.5514273196e-01 1.8812744116e-01
   outer loop
     vertex 2.2976977349e+00 -7.2536576745e-03 2.7691083835e-01
     vertex 2.3083278260e+00 -9.7990975683e-03 2.7691083835e-01
     vertex 2.3674125861e+00 -8.1902905048e-03 3.5691083835e-01
   endloop
 endfacet
 facet normal  -1.3955219197e-01 -9.8256739499e-01 1.2282711435e-01
   outer loop
     vertex 2.3083278260e+00 -9.7990975683e-03 2.7691083835e-01
     vertex 2.3797778036e+00 -9.9464990075e-03 3.5691083835e-01
     vertex 2.3674125861e+00 -8.1902905048e-03 3.5691083835e-01
   endloop
 endfacet
 facet normal  -1.3955219197e-01 -9.8256739499e-01 1.2282711435e-01
   outer loop
     vertex 2.3083278260e+00 -9.7990975683e-03 2.7691083835e-01
     vertex 2.3231219256e+00 -1.1900275598e-02 2.7691083835e-01
     vertex 2.3797778036e+00 -9.9464990075e-03 3.5691083835e-01
   endloop
 endfacet
 facet normal  -7.6076015312e-02 -9.9403444645e-01 7.8153433497e-02
   outer loop
     vertex 2.3231219256e+00 -1.1900275598e-02 2.7691083835e-01
     vertex 2.3961321445e+00 -1.1198138820e-02 3.5691083835e-01
     vertex 2.3797778036e+00 -9.9464990075e-03 3.5691083835e-01
   endloop
 endfacet
 facet normal  -7.6076015312e-02 -9.9403444645e-01 7.8153433497e-02
   outer loop
     vertex 2.3231219256e+00 -1.1900275598e-02 2.7691083835e-01
     vertex 2.3426887263e+00 -1.3397773231e-02 2.7691083835e-01
     vertex 2.3961321445e+00 -1.1198138820e-02 3.5691083835e-01
   endloop
 endfacet
 facet normal  -2.6979013759e-02 -9.9860086813e-01 4.5480094362e-02
   outer loop
     vertex 2.3426887263e+00 -1.3397773231e-02 2.7691083835e-01
     vertex 2.4165723773e+00 -1.1750368783e-02 3.5691083835e-01
     vertex 2.3961321445e+00 -1.1198138820e-02 3.5691083835e-01
   endloop
 endfacet
 facet normal  -2.6979013759e-02 -9.9860086813e-01 4.5480094362e-02
   outer loop
     vertex 2.3426887263e+00 -1.3397773231e-02 2.7691083835e-01
     vertex 2.3671440047e+00 -1.4058476937e-02 2.7691083835e-01
     vertex 2.4165723773e+00 -1.1750368783e-02 3.5691083835e-01
   endloop
 endfacet
 facet normal  1.1499497683e-02 -9.9969757324e-01 2.1737608309e-02
   outer loop
     vertex 2.3671440047e+00 -1.4058476937e-02 2.7691083835e-01
     vertex 2.4404700147e+00 -1.1475474822e-02 3.5691083835e-01
     vertex 2.4165723773e+00 -1.1750368783e-02 3.5691083835e-01
   endloop
 endfacet
 facet normal  1.1499497683e-02 -9.9969757324e-01 2.1737608309e-02
   outer loop
     vertex 2.3671440047e+00 -1.4058476937e-02 2.7691083835e-01
     vertex 2.3957358209e+00 -1.3729585948e-02 2.7691083835e-01
     vertex 2.4404700147e+00 -1.1475474822e-02 3.5691083835e-01
   endloop
 endfacet
 facet normal  4.0847534788e-02 -9.9915127350e-01 5.3114558247e-03
   outer loop
     vertex 2.3957358209e+00 -1.3729585948e-02 2.7691083835e-01
     vertex 2.4663648191e+00 -1.0416837403e-02 3.5691083835e-01
     vertex 2.4404700147e+00 -1.1475474822e-02 3.5691083835e-01
   endloop
 endfacet
 facet normal  4.0847534788e-02 -9.9915127350e-01 5.3114558247e-03
   outer loop
     vertex 2.3957358209e+00 -1.3729585948e-02 2.7691083835e-01
     vertex 2.4267171048e+00 -1.2463001892e-02 2.7691083835e-01
     vertex 2.4663648191e+00 -1.0416837403e-02 3.5691083835e-01
   endloop
 endfacet
 facet normal  6.2291288448e-02 -9.9804370326e-01 -5.3443202987e-03
   outer loop
     vertex 2.4267171048e+00 -1.2463001892e-02 2.7691083835e-01
     vertex 2.4576644058e+00 -1.0531476000e-02 2.7691083835e-01
     vertex 2.4663648191e+00 -1.0416837403e-02 3.5691083835e-01
   endloop
 endfacet
 facet normal  6.2291288448e-02 -9.9804370326e-01 -5.3443202987e-03
   outer loop
     vertex 2.4663648191e+00 -1.0416837403e-02 3.5691083835e-01
     vertex 2.4576644058e+00 -1.0531476000e-02 2.7691083835e-01
     vertex 2.4922312200e+00 -8.8024277017e-03 3.5691083835e-01
   endloop
 endfacet
 facet normal  7.7631076672e-02 -9.9690997080e-01 -1.1996918884e-02
   outer loop
     vertex 2.4576644058e+00 -1.0531476000e-02 2.7691083835e-01
     vertex 2.4861729120e+00 -8.3114700917e-03 2.7691083835e-01
     vertex 2.4922312200e+00 -8.8024277017e-03 3.5691083835e-01
   endloop
 endfacet
 facet normal  7.7631076672e-02 -9.9690997080e-01 -1.1996918884e-02
   outer loop
     vertex 2.4922312200e+00 -8.8024277017e-03 3.5691083835e-01
     vertex 2.4861729120e+00 -8.3114700917e-03 2.7691083835e-01
     vertex 2.5160592251e+00 -6.9469003751e-03 3.5691083835e-01
   endloop
 endfacet
 facet normal  8.8784361343e-02 -9.9591943968e-01 -1.6180446472e-02
   outer loop
     vertex 2.4861729120e+00 -8.3114700917e-03 2.7691083835e-01
     vertex 2.5105422003e+00 -6.1389934635e-03 2.7691083835e-01
     vertex 2.5160592251e+00 -6.9469003751e-03 3.5691083835e-01
   endloop
 endfacet
 facet normal  8.8784361343e-02 -9.9591943968e-01 -1.6180446472e-02
   outer loop
     vertex 2.5160592251e+00 -6.9469003751e-03 3.5691083835e-01
     vertex 2.5105422003e+00 -6.1389934635e-03 2.7691083835e-01
     vertex 2.5364275855e+00 -5.1310990143e-03 3.5691083835e-01
   endloop
 endfacet
 facet normal  9.7175766406e-02 -9.9508764911e-01 -1.8906110341e-02
   outer loop
     vertex 2.5105422003e+00 -6.1389934635e-03 2.7691083835e-01
     vertex 2.5300757309e+00 -4.2314370705e-03 2.7691083835e-01
     vertex 2.5364275855e+00 -5.1310990143e-03 3.5691083835e-01
   endloop
 endfacet
 facet normal  9.7175766406e-02 -9.9508764911e-01 -1.8906110341e-02
   outer loop
     vertex 2.5364275855e+00 -5.1310990143e-03 3.5691083835e-01
     vertex 2.5300757309e+00 -4.2314370705e-03 2.7691083835e-01
     vertex 2.5527541186e+00 -3.5367235216e-03 3.5691083835e-01
   endloop
 endfacet
 facet normal  1.0361161630e-01 -9.9440164445e-01 -2.0736501282e-02
   outer loop
     vertex 2.5300757309e+00 -4.2314370705e-03 2.7691083835e-01
     vertex 2.5449412407e+00 -2.6825262231e-03 2.7691083835e-01
     vertex 2.5527541186e+00 -3.5367235216e-03 3.5691083835e-01
   endloop
 endfacet
 facet normal  1.0361161630e-01 -9.9440164445e-01 -2.0736501282e-02
   outer loop
     vertex 2.5527541186e+00 -3.5367235216e-03 3.5691083835e-01
     vertex 2.5449412407e+00 -2.6825262231e-03 2.7691083835e-01
     vertex 2.5651790223e+00 -2.2421114700e-03 3.5691083835e-01
   endloop
 endfacet
 facet normal  1.0856262640e-01 -9.9384631956e-01 -2.1992026709e-02
   outer loop
     vertex 2.5449412407e+00 -2.6825262231e-03 2.7691083835e-01
     vertex 2.5558134281e+00 -1.4949047649e-03 2.7691083835e-01
     vertex 2.5651790223e+00 -2.2421114700e-03 3.5691083835e-01
   endloop
 endfacet
 facet normal  1.0856262640e-01 -9.9384631956e-01 -2.1992026709e-02
   outer loop
     vertex 2.5651790223e+00 -2.2421114700e-03 3.5691083835e-01
     vertex 2.5558134281e+00 -1.4949047649e-03 2.7691083835e-01
     vertex 2.5742662236e+00 -1.2494726393e-03 3.5691083835e-01
   endloop
 endfacet
 facet normal  1.1228464726e-01 -9.9341328244e-01 -2.2851876352e-02
   outer loop
     vertex 2.5558134281e+00 -1.4949047649e-03 2.7691083835e-01
     vertex 2.5635360856e+00 -6.2201943616e-04 2.7691083835e-01
     vertex 2.5742662236e+00 -1.2494726393e-03 3.5691083835e-01
   endloop
 endfacet
 facet normal  1.1228464726e-01 -9.9341328244e-01 -2.2851876352e-02
   outer loop
     vertex 2.5742662236e+00 -1.2494726393e-03 3.5691083835e-01
     vertex 2.5635360856e+00 -6.2201943616e-04 2.7691083835e-01
     vertex 2.5807209822e+00 -5.1989684217e-04 3.5691083835e-01
   endloop
 endfacet
 facet normal  1.1497929745e-01 -9.9309150806e-01 -2.3431128167e-02
   outer loop
     vertex 2.5635360856e+00 -6.2201943616e-04 2.7691083835e-01
     vertex 2.5689085504e+00 1.4695761590e-17 2.7691083835e-01
     vertex 2.5807209822e+00 -5.1989684217e-04 3.5691083835e-01
   endloop
 endfacet
 facet normal  1.1497929745e-01 -9.9309150806e-01 -2.3431128167e-02
   outer loop
     vertex 2.5807209822e+00 -5.1989684217e-04 3.5691083835e-01
     vertex 2.5689085504e+00 1.4695761590e-17 2.7691083835e-01
     vertex 2.5852114005e+00 1.9594348786e-17 3.5691083835e-01
   endloop
 endfacet
 facet normal  1.1497929745e-01 9.9309150806e-01 -2.3431128167e-02
   outer loop
     vertex 2.5852114005e+00 1.9594348786e-17 3.5691083835e-01
     vertex 2.5979058788e+00 4.1777424817e-04 4.3691083835e-01
     vertex 2.6015142506e+00 2.4492935983e-17 4.3691083835e-01
   endloop
 endfacet
 facet normal  1.1497929745e-01 9.9309150806e-01 -2.3431128167e-02
   outer loop
     vertex 2.5852114005e+00 1.9594348786e-17 3.5691083835e-01
     vertex 2.5807209822e+00 5.1989684217e-04 3.5691083835e-01
     vertex 2.5979058788e+00 4.1777424817e-04 4.3691083835e-01
   endloop
 endfacet
 facet normal  1.1228464726e-01 9.9341328244e-01 -2.2851876352e-02
   outer loop
     vertex 2.5807209822e+00 5.1989684217e-04 3.5691083835e-01
     vertex 2.5927190192e+00 1.0040405137e-03 4.3691083835e-01
     vertex 2.5979058788e+00 4.1777424817e-04 4.3691083835e-01
   endloop
 endfacet
 facet normal  1.1228464726e-01 9.9341328244e-01 -2.2851876352e-02
   outer loop
     vertex 2.5807209822e+00 5.1989684217e-04 3.5691083835e-01
     vertex 2.5742662236e+00 1.2494726393e-03 3.5691083835e-01
     vertex 2.5927190192e+00 1.0040405137e-03 4.3691083835e-01
   endloop
 endfacet
 facet normal  1.0856262640e-01 9.9384631956e-01 -2.1992026709e-02
   outer loop
     vertex 2.5742662236e+00 1.2494726393e-03 3.5691083835e-01
     vertex 2.5854168038e+00 1.8016967170e-03 4.3691083835e-01
     vertex 2.5927190192e+00 1.0040405137e-03 4.3691083835e-01
   endloop
 endfacet
 facet normal  1.0856262640e-01 9.9384631956e-01 -2.1992026709e-02
   outer loop
     vertex 2.5742662236e+00 1.2494726393e-03 3.5691083835e-01
     vertex 2.5651790223e+00 2.2421114700e-03 3.5691083835e-01
     vertex 2.5854168038e+00 1.8016967170e-03 4.3691083835e-01
   endloop
 endfacet
 facet normal  1.0361161630e-01 9.9440164445e-01 -2.0736501282e-02
   outer loop
     vertex 2.5651790223e+00 2.2421114700e-03 3.5691083835e-01
     vertex 2.5754325062e+00 2.8420099727e-03 4.3691083835e-01
     vertex 2.5854168038e+00 1.8016967170e-03 4.3691083835e-01
   endloop
 endfacet
 facet normal  1.0361161630e-01 9.9440164445e-01 -2.0736501282e-02
   outer loop
     vertex 2.5651790223e+00 2.2421114700e-03 3.5691083835e-01
     vertex 2.5527541186e+00 3.5367235216e-03 3.5691083835e-01
     vertex 2.5754325062e+00 2.8420099727e-03 4.3691083835e-01
   endloop
 endfacet
 facet normal  9.7175766406e-02 9.9508764911e-01 -1.8906110341e-02
   outer loop
     vertex 2.5527541186e+00 3.5367235216e-03 3.5691083835e-01
     vertex 2.5623129707e+00 4.1232045650e-03 4.3691083835e-01
     vertex 2.5754325062e+00 2.8420099727e-03 4.3691083835e-01
   endloop
 endfacet
 facet normal  9.7175766406e-02 9.9508764911e-01 -1.8906110341e-02
   outer loop
     vertex 2.5527541186e+00 3.5367235216e-03 3.5691083835e-01
     vertex 2.5364275855e+00 5.1310990143e-03 3.5691083835e-01
     vertex 2.5623129707e+00 4.1232045650e-03 4.3691083835e-01
   endloop
 endfacet
 facet normal  8.8784361343e-02 9.9591943968e-01 -1.6180446472e-02
   outer loop
     vertex 2.5364275855e+00 5.1310990143e-03 3.5691083835e-01
     vertex 2.5459455382e+00 5.5823306586e-03 4.3691083835e-01
     vertex 2.5623129707e+00 4.1232045650e-03 4.3691083835e-01
   endloop
 endfacet
 facet normal  8.8784361343e-02 9.9591943968e-01 -1.6180446472e-02
   outer loop
     vertex 2.5364275855e+00 5.1310990143e-03 3.5691083835e-01
     vertex 2.5160592251e+00 6.9469003751e-03 3.5691083835e-01
     vertex 2.5459455382e+00 5.5823306586e-03 4.3691083835e-01
   endloop
 endfacet
 facet normal  7.7631076672e-02 9.9690997080e-01 -1.1996918884e-02
   outer loop
     vertex 2.5160592251e+00 6.9469003751e-03 3.5691083835e-01
     vertex 2.5267980341e+00 7.0733794031e-03 4.3691083835e-01
     vertex 2.5459455382e+00 5.5823306586e-03 4.3691083835e-01
   endloop
 endfacet
 facet normal  7.7631076672e-02 9.9690997080e-01 -1.1996918884e-02
   outer loop
     vertex 2.5160592251e+00 6.9469003751e-03 3.5691083835e-01
     vertex 2.4922312200e+00 8.8024277017e-03 3.5691083835e-01
     vertex 2.5267980341e+00 7.0733794031e-03 4.3691083835e-01
   endloop
 endfacet
 facet normal  6.2291288448e-02 9.9804370326e-01 -5.3443202987e-03
   outer loop
     vertex 2.4922312200e+00 8.8024277017e-03 3.5691083835e-01
     vertex 2.5060125334e+00 8.3706729129e-03 4.3691083835e-01
     vertex 2.5267980341e+00 7.0733794031e-03 4.3691083835e-01
   endloop
 endfacet
 facet normal  6.2291288448e-02 9.9804370326e-01 -5.3443202987e-03
   outer loop
     vertex 2.4922312200e+00 8.8024277017e-03 3.5691083835e-01
     vertex 2.4663648191e+00 1.0416837403e-02 3.5691083835e-01
     vertex 2.5060125334e+00 8.3706729129e-03 4.3691083835e-01
   endloop
 endfacet
 facet normal  4.0847534788e-02 9.9915127350e-01 5.3114558247e-03
   outer loop
     vertex 2.4663648191e+00 1.0416837403e-02 3.5691083835e-01
     vertex 2.4404700147e+00 1.1475474822e-02 3.5691083835e-01
     vertex 2.5060125334e+00 8.3706729129e-03 4.3691083835e-01
   endloop
 endfacet
 facet normal  4.0847534788e-02 9.9915127350e-01 5.3114558247e-03
   outer loop
     vertex 2.5060125334e+00 8.3706729129e-03 4.3691083835e-01
     vertex 2.4404700147e+00 1.1475474822e-02 3.5691083835e-01
     vertex 2.4852042084e+00 9.2213636965e-03 4.3691083835e-01
   endloop
 endfacet
 facet normal  1.1499497683e-02 9.9969757324e-01 2.1737608309e-02
   outer loop
     vertex 2.4404700147e+00 1.1475474822e-02 3.5691083835e-01
     vertex 2.4165723773e+00 1.1750368783e-02 3.5691083835e-01
     vertex 2.4852042084e+00 9.2213636965e-03 4.3691083835e-01
   endloop
 endfacet
 facet normal  1.1499497683e-02 9.9969757324e-01 2.1737608309e-02
   outer loop
     vertex 2.4852042084e+00 9.2213636965e-03 4.3691083835e-01
     vertex 2.4165723773e+00 1.1750368783e-02 3.5691083835e-01
     vertex 2.4660007498e+00 9.4422606295e-03 4.3691083835e-01
   endloop
 endfacet
 facet normal  -2.6979013759e-02 9.9860086813e-01 4.5480094362e-02
   outer loop
     vertex 2.4165723773e+00 1.1750368783e-02 3.5691083835e-01
     vertex 2.3961321445e+00 1.1198138820e-02 3.5691083835e-01
     vertex 2.4660007498e+00 9.4422606295e-03 4.3691083835e-01
   endloop
 endfacet
 facet normal  -2.6979013759e-02 9.9860086813e-01 4.5480094362e-02
   outer loop
     vertex 2.4660007498e+00 9.4422606295e-03 4.3691083835e-01
     vertex 2.3961321445e+00 1.1198138820e-02 3.5691083835e-01
     vertex 2.4495755628e+00 8.9985044092e-03 4.3691083835e-01
   endloop
 endfacet
 facet normal  -7.6076015312e-02 9.9403444645e-01 7.8153433497e-02
   outer loop
     vertex 2.3961321445e+00 1.1198138820e-02 3.5691083835e-01
     vertex 2.3797778036e+00 9.9464990075e-03 3.5691083835e-01
     vertex 2.4495755628e+00 8.9985044092e-03 4.3691083835e-01
   endloop
 endfacet
 facet normal  -7.6076015312e-02 9.9403444645e-01 7.8153433497e-02
   outer loop
     vertex 2.4495755628e+00 8.9985044092e-03 4.3691083835e-01
     vertex 2.3797778036e+00 9.9464990075e-03 3.5691083835e-01
     vertex 2.4364336817e+00 7.9927224168e-03 4.3691083835e-01
   endloop
 endfacet
 facet normal  -1.3955219197e-01 9.8256739499e-01 1.2282711435e-01
   outer loop
     vertex 2.3797778036e+00 9.9464990075e-03 3.5691083835e-01
     vertex 2.3674125861e+00 8.1902905048e-03 3.5691083835e-01
     vertex 2.4364336817e+00 7.9927224168e-03 4.3691083835e-01
   endloop
 endfacet
 facet normal  -1.3955219197e-01 9.8256739499e-01 1.2282711435e-01
   outer loop
     vertex 2.4364336817e+00 7.9927224168e-03 4.3691083835e-01
     vertex 2.3674125861e+00 8.1902905048e-03 3.5691083835e-01
     vertex 2.4264973462e+00 6.5814834414e-03 4.3691083835e-01
   endloop
 endfacet
 facet normal  -2.2871472945e-01 9.5514273196e-01 1.8812744116e-01
   outer loop
     vertex 2.3674125861e+00 8.1902905048e-03 3.5691083835e-01
     vertex 2.3585277338e+00 6.0627586533e-03 3.5691083835e-01
     vertex 2.4264973462e+00 6.5814834414e-03 4.3691083835e-01
   endloop
 endfacet
 facet normal  -2.2871472945e-01 9.5514273196e-01 1.8812744116e-01
   outer loop
     vertex 2.4264973462e+00 6.5814834414e-03 4.3691083835e-01
     vertex 2.3585277338e+00 6.0627586533e-03 3.5691083835e-01
     vertex 2.4193577327e+00 4.8718596321e-03 4.3691083835e-01
   endloop
 endfacet
 facet normal  -3.7837987659e-01 8.7543281916e-01 3.0074249471e-01
   outer loop
     vertex 2.3585277338e+00 6.0627586533e-03 3.5691083835e-01
     vertex 2.3525813584e+00 3.4926142339e-03 3.5691083835e-01
     vertex 2.4193577327e+00 4.8718596321e-03 4.3691083835e-01
   endloop
 endfacet
 facet normal  -3.7837987659e-01 8.7543281916e-01 3.0074249471e-01
   outer loop
     vertex 2.4193577327e+00 4.8718596321e-03 4.3691083835e-01
     vertex 2.3525813584e+00 3.4926142339e-03 3.5691083835e-01
     vertex 2.4145793954e+00 2.8065650094e-03 4.3691083835e-01
   endloop
 endfacet
 facet normal  -6.8170146018e-01 5.0161397026e-01 5.3260355241e-01
   outer loop
     vertex 2.3525813584e+00 3.4926142339e-03 3.5691083835e-01
     vertex 2.3500114005e+00 1.9594348786e-17 3.5691083835e-01
     vertex 2.4145793954e+00 2.8065650094e-03 4.3691083835e-01
   endloop
 endfacet
 facet normal  -6.8170146018e-01 5.0161397026e-01 5.3260355241e-01
   outer loop
     vertex 2.4145793954e+00 2.8065650094e-03 4.3691083835e-01
     vertex 2.3500114005e+00 1.9594348786e-17 3.5691083835e-01
     vertex 2.4125142506e+00 2.4492935983e-17 4.3691083835e-01
   endloop
 endfacet
 facet normal  -6.8170146018e-01 -5.0161397026e-01 5.3260355241e-01
   outer loop
     vertex 2.3500114005e+00 1.9594348786e-17 3.5691083835e-01
     vertex 2.4145793954e+00 -2.8065650094e-03 4.3691083835e-01
     vertex 2.4125142506e+00 2.4492935983e-17 4.3691083835e-01
   endloop
 endfacet
 facet normal  -6.8170146018e-01 -5.0161397026e-01 5.3260355241e-01
   outer loop
     vertex 2.3500114005e+00 1.9594348786e-17 3.5691083835e-01
     vertex 2.3525813584e+00 -3.4926142339e-03 3.5691083835e-01
     vertex 2.4145793954e+00 -2.8065650094e-03 4.3691083835e-01
   endloop
 endfacet
 facet normal  -3.7837987659e-01 -8.7543281916e-01 3.0074249471e-01
   outer loop
     vertex 2.3525813584e+00 -3.4926142339e-03 3.5691083835e-01
     vertex 2.4193577327e+00 -4.8718596321e-03 4.3691083835e-01
     vertex 2.4145793954e+00 -2.8065650094e-03 4.3691083835e-01
   endloop
 endfacet
 facet normal  -3.7837987659e-01 -8.7543281916e-01 3.0074249471e-01
   outer loop
     vertex 2.3525813584e+00 -3.4926142339e-03 3.5691083835e-01
     vertex 2.3585277338e+00 -6.0627586533e-03 3.5691083835e-01
     vertex 2.4193577327e+00 -4.8718596321e-03 4.3691083835e-01
   endloop
 endfacet
 facet normal  -2.2871472945e-01 -9.5514273196e-01 1.8812744116e-01
   outer loop
     vertex 2.3585277338e+00 -6.0627586533e-03 3.5691083835e-01
     vertex 2.4264973462e+00 -6.5814834414e-03 4.3691083835e-01
     vertex 2.4193577327e+00 -4.8718596321e-03 4.3691083835e-01
   endloop
 endfacet
 facet normal  -2.2871472945e-01 -9.5514273196e-01 1.8812744116e-01
   outer loop
     vertex 2.3585277338e+00 -6.0627586533e-03 3.5691083835e-01
     vertex 2.3674125861e+00 -8.1902905048e-03 3.5691083835e-01
     vertex 2.4264973462e+00 -6.5814834414e-03 4.3691083835e-01
   endloop
 endfacet
 facet normal  -1.3955219197e-01 -9.8256739499e-01 1.2282711435e-01
   outer loop
     vertex 2.3674125861e+00 -8.1902905048e-03 3.5691083835e-01
     vertex 2.4364336817e+00 -7.9927224168e-03 4.3691083835e-01
     vertex 2.4264973462e+00 -6.5814834414e-03 4.3691083835e-01
   endloop
 endfacet
 facet normal  -1.3955219197e-01 -9.8256739499e-01 1.2282711435e-01
   outer loop
     vertex 2.3674125861e+00 -8.1902905048e-03 3.5691083835e-01
     vertex 2.3797778036e+00 -9.9464990075e-03 3.5691083835e-01
     vertex 2.4364336817e+00 -7.9927224168e-03 4.3691083835e-01
   endloop
 endfacet
 facet normal  -7.6076015312e-02 -9.9403444645e-01 7.8153433497e-02
   outer loop
     vertex 2.3797778036e+00 -9.9464990075e-03 3.5691083835e-01
     vertex 2.4495755628e+00 -8.9985044092e-03 4.3691083835e-01
     vertex 2.4364336817e+00 -7.9927224168e-03 4.3691083835e-01
   endloop
 endfacet
 facet normal  -7.6076015312e-02 -9.9403444645e-01 7.8153433497e-02
   outer loop
     vertex 2.3797778036e+00 -9.9464990075e-03 3.5691083835e-01
     vertex 2.3961321445e+00 -1.1198138820e-02 3.5691083835e-01
     vertex 2.4495755628e+00 -8.9985044092e-03 4.3691083835e-01
   endloop
 endfacet
 facet normal  -2.6979013759e-02 -9.9860086813e-01 4.5480094362e-02
   outer loop
     vertex 2.3961321445e+00 -1.1198138820e-02 3.5691083835e-01
     vertex 2.4660007498e+00 -9.4422606295e-03 4.3691083835e-01
     vertex 2.4495755628e+00 -8.9985044092e-03 4.3691083835e-01
   endloop
 endfacet
 facet normal  -2.6979013759e-02 -9.9860086813e-01 4.5480094362e-02
   outer loop
     vertex 2.3961321445e+00 -1.1198138820e-02 3.5691083835e-01
     vertex 2.4165723773e+00 -1.1750368783e-02 3.5691083835e-01
     vertex 2.4660007498e+00 -9.4422606295e-03 4.3691083835e-01
   endloop
 endfacet
 facet normal  1.1499497683e-02 -9.9969757324e-01 2.1737608309e-02
   outer loop
     vertex 2.4165723773e+00 -1.1750368783e-02 3.5691083835e-01
     vertex 2.4852042084e+00 -9.2213636965e-03 4.3691083835e-01
     vertex 2.4660007498e+00 -9.4422606295e-03 4.3691083835e-01
   endloop
 endfacet
 facet normal  1.1499497683e-02 -9.9969757324e-01 2.1737608309e-02
   outer loop
     vertex 2.4165723773e+00 -1.1750368783e-02 3.5691083835e-01
     vertex 2.4404700147e+00 -1.1475474822e-02 3.5691083835e-01
     vertex 2.4852042084e+00 -9.2213636965e-03 4.3691083835e-01
   endloop
 endfacet
 facet normal  4.0847534788e-02 -9.9915127350e-01 5.3114558247e-03
   outer loop
     vertex 2.4404700147e+00 -1.1475474822e-02 3.5691083835e-01
     vertex 2.5060125334e+00 -8.3706729129e-03 4.3691083835e-01
     vertex 2.4852042084e+00 -9.2213636965e-03 4.3691083835e-01
   endloop
 endfacet
 facet normal  4.0847534788e-02 -9.9915127350e-01 5.3114558247e-03
   outer loop
     vertex 2.4404700147e+00 -1.1475474822e-02 3.5691083835e-01
     vertex 2.4663648191e+00 -1.0416837403e-02 3.5691083835e-01
     vertex 2.5060125334e+00 -8.3706729129e-03 4.3691083835e-01
   endloop
 endfacet
 facet normal  6.2291288448e-02 -9.9804370326e-01 -5.3443202987e-03
   outer loop
     vertex 2.4663648191e+00 -1.0416837403e-02 3.5691083835e-01
     vertex 2.4922312200e+00 -8.8024277017e-03 3.5691083835e-01
     vertex 2.5060125334e+00 -8.3706729129e-03 4.3691083835e-01
   endloop
 endfacet
 facet normal  6.2291288448e-02 -9.9804370326e-01 -5.3443202987e-03
   outer loop
     vertex 2.5060125334e+00 -8.3706729129e-03 4.3691083835e-01
     vertex 2.4922312200e+00 -8.8024277017e-03 3.5691083835e-01
     vertex 2.5267980341e+00 -7.0733794031e-03 4.3691083835e-01
   endloop
 endfacet
 facet normal  7.7631076672e-02 -9.9690997080e-01 -1.1996918884e-02
   outer loop
     vertex 2.4922312200e+00 -8.8024277017e-03 3.5691083835e-01
     vertex 2.5160592251e+00 -6.9469003751e-03 3.5691083835e-01
     vertex 2.5267980341e+00 -7.0733794031e-03 4.3691083835e-01
   endloop
 endfacet
 facet normal  7.7631076672e-02 -9.9690997080e-01 -1.1996918884e-02
   outer loop
     vertex 2.5267980341e+00 -7.0733794031e-03 4.3691083835e-01
     vertex 2.5160592251e+00 -6.9469003751e-03 3.5691083835e-01
     vertex 2.5459455382e+00 -5.5823306586e-03 4.3691083835e-01
   endloop
 endfacet
 facet normal  8.8784361343e-02 -9.9591943968e-01 -1.6180446472e-02
   outer loop
     vertex 2.5160592251e+00 -6.9469003751e-03 3.5691083835e-01
     vertex 2.5364275855e+00 -5.1310990143e-03 3.5691083835e-01
     vertex 2.5459455382e+00 -5.5823306586e-03 4.3691083835e-01
   endloop
 endfacet
 facet normal  8.8784361343e-02 -9.9591943968e-01 -1.6180446472e-02
   outer loop
     vertex 2.5459455382e+00 -5.5823306586e-03 4.3691083835e-01
     vertex 2.5364275855e+00 -5.1310990143e-03 3.5691083835e-01
     vertex 2.5623129707e+00 -4.1232045650e-03 4.3691083835e-01
   endloop
 endfacet
 facet normal  9.7175766406e-02 -9.9508764911e-01 -1.8906110341e-02
   outer loop
     vertex 2.5364275855e+00 -5.1310990143e-03 3.5691083835e-01
     vertex 2.5527541186e+00 -3.5367235216e-03 3.5691083835e-01
     vertex 2.5623129707e+00 -4.1232045650e-03 4.3691083835e-01
   endloop
 endfacet
 facet normal  9.7175766406e-02 -9.9508764911e-01 -1.8906110341e-02
   outer loop
     vertex 2.5623129707e+00 -4.1232045650e-03 4.3691083835e-01
     vertex 2.5527541186e+00 -3.5367235216e-03 3.5691083835e-01
     vertex 2.5754325062e+00 -2.8420099727e-03 4.3691083835e-01
   endloop
 endfacet
 facet normal  1.0361161630e-01 -9.9440164445e-01 -2.0736501282e-02
   outer loop
     vertex 2.5527541186e+00 -3.5367235216e-03 3.5691083835e-01
     vertex 2.5651790223e+00 -2.2421114700e-03 3.5691083835e-01
     vertex 2.5754325062e+00 -2.8420099727e-03 4.3691083835e-01
   endloop
 endfacet
 facet normal  1.0361161630e-01 -9.9440164445e-01 -2.0736501282e-02
   outer loop
     vertex 2.5754325062e+00 -2.8420099727e-03 4.3691083835e-01
     vertex 2.5651790223e+00 -2.2421114700e-03 3.5691083835e-01
     vertex 2.5854168038e+00 -1.8016967170e-03 4.3691083835e-01
   endloop
 endfacet
 facet normal  1.0856262640e-01 -9.9384631956e-01 -2.1992026709e-02
   outer loop
     vertex 2.5651790223e+00 -2.2421114700e-03 3.5691083835e-01
     vertex 2.5742662236e+00 -1.2494726393e-03 3.5691083835e-01
     vertex 2.5854168038e+00 -1.8016967170e-03 4.3691083835e-01
   endloop
 endfacet
 facet normal  1.0856262640e-01 -9.9384631956e-01 -2.1992026709e-02
   outer loop
     vertex 2.5854168038e+00 -1.8016967170e-03 4.3691083835e-01
     vertex 2.5742662236e+00 -1.2494726393e-03 3.5691083835e-01
     vertex 2.5927190192e+00 -1.0040405137e-03 4.3691083835e-01
   endloop
 endfacet
 facet normal  1.1228464726e-01 -9.9341328244e-01 -2.2851876352e-02
   outer loop
     vertex 2.5742662236e+00 -1.2494726393e-03 3.5691083835e-01
     vertex 2.5807209822e+00 -5.1989684217e-04 3.5691083835e-01
     vertex 2.5927190192e+00 -1.0040405137e-03 4.3691083835e-01
   endloop
 endfacet
 facet normal  1.1228464726e-01 -9.9341328244e-01 -2.2851876352e-02
   outer loop
     vertex 2.5927190192e+00 -1.0040405137e-03 4.3691083835e-01
     vertex 2.5807209822e+00 -5.1989684217e-04 3.5691083835e-01
     vertex 2.5979058788e+00 -4.1777424817e-04 4.3691083835e-01
   endloop
 endfacet
 facet normal  1.1497929745e-01 -9.9309150806e-01 -2.3431128167e-02
   outer loop
     vertex 2.5807209822e+00 -5.1989684217e-04 3.5691083835e-01
     vertex 2.5852114005e+00 1.9594348786e-17 3.5691083835e-01
     vertex 2.5979058788e+00 -4.1777424817e-04 4.3691083835e-01
   endloop
 endfacet
 facet normal  1.1497929745e-01 -9.9309150806e-01 -2.3431128167e-02
   outer loop
     vertex 2.5979058788e+00 -4.1777424817e-04 4.3691083835e-01
     vertex 2.5852114005e+00 1.9594348786e-17 3.5691083835e-01
     vertex 2.6015142506e+00 2.4492935983e-17 4.3691083835e-01
   endloop
 endfacet
 facet normal  0.0000000000e+00 0.0000000000e+00 1.0000000000e+00
   outer loop
     vertex 2.6015142506e+00 2.4492935983e-17 4.3691083835e-01
     vertex 2.5979058788e+00 4.1777424817e-04 4.3691083835e-01
     vertex 2.5979058788e+00 2.0888712409e-04 4.3691083835e-01
   endloop
 endfacet
 facet normal  0.0000000000e+00 0.0000000000e+00 1.0000000000e+00
   outer loop
     vertex 2.5979058788e+00 4.1777424817e-04 4.3691083835e-01
     vertex 2.5927190192e+00 5.0202025687e-04 4.3691083835e-01
     vertex 2.5979058788e+00 2.0888712409e-04 4.3691083835e-01
   endloop
 endfacet
 facet normal  0.0000000000e+00 0.0000000000e+00 1.0000000000e+00
   outer loop
     vertex 2.5979058788e+00 4.1777424817e-04 4.3691083835e-01
     vertex 2.5927190192e+00 1.0040405137e-03 4.3691083835e-01
     vertex 2.5927190192e+00 5.0202025687e-04 4.3691083835e-01
   endloop
 endfacet
 facet normal  -0.0000000000e+00 0.0000000000e+00 1.0000000000e+00
   outer loop
     vertex 2.5927190192e+00 1.0040405137e-03 4.3691083835e-01
     vertex 2.5854168038e+00 9.0084835849e-04 4.3691083835e-01
     vertex 2.5927190192e+00 5.0202025687e-04 4.3691083835e-01
   endloop
 endfacet
 facet normal  0.0000000000e+00 0.0000000000e+00 1.0000000000e+00
   outer loop
     vertex 2.5927190192e+00 1.0040405137e-03 4.3691083835e-01
     vertex 2.5854168038e+00 1.8016967170e-03 4.3691083835e-01
     vertex 2.5854168038e+00 9.0084835849e-04 4.3691083835e-01
   endloop
 endfacet
 facet normal  1.1119690826e-14 0.0000000000e+00 1.0000000000e+00
   outer loop
     vertex 2.5854168038e+00 1.8016967170e-03 4.3691083835e-01
     vertex 2.5754325062e+00 1.4210049864e-03 4.3691083835e-01
     vertex 2.5854168038e+00 9.0084835849e-04 4.3691083835e-01
   endloop
 endfacet
 facet normal  1.1119690826e-14 0.0000000000e+00 1.0000000000e+00
   outer loop
     vertex 2.5854168038e+00 1.8016967170e-03 4.3691083835e-01
     vertex 2.5754325062e+00 2.8420099727e-03 4.3691083835e-01
     vertex 2.5754325062e+00 1.4210049864e-03 4.3691083835e-01
   endloop
 endfacet
 facet normal  -8.4623653521e-15 0.0000000000e+00 1.0000000000e+00
   outer loop
     vertex 2.5754325062e+00 2.8420099727e-03 4.3691083835e-01
     vertex 2.5623129707e+00 2.0616022825e-03 4.3691083835e-01
     vertex 2.5754325062e+00 1.4210049864e-03 4.3691083835e-01
   endloop
 endfacet
 facet normal  -8.4623653521e-15 0.0000000000e+00 1.0000000000e+00
   outer loop
     vertex 2.5754325062e+00 2.8420099727e-03 4.3691083835e-01
     vertex 2.5623129707e+00 4.1232045650e-03 4.3691083835e-01
     vertex 2.5623129707e+00 2.0616022825e-03 4.3691083835e-01
   endloop
 endfacet
 facet normal  3.3915613353e-15 0.0000000000e+00 1.0000000000e+00
   outer loop
     vertex 2.5623129707e+00 4.1232045650e-03 4.3691083835e-01
     vertex 2.5459455382e+00 2.7911653293e-03 4.3691083835e-01
     vertex 2.5623129707e+00 2.0616022825e-03 4.3691083835e-01
   endloop
 endfacet
 facet normal  3.3915613353e-15 -5.3961539926e-28 1.0000000000e+00
   outer loop
     vertex 2.5623129707e+00 4.1232045650e-03 4.3691083835e-01
     vertex 2.5459455382e+00 5.5823306586e-03 4.3691083835e-01
     vertex 2.5459455382e+00 2.7911653293e-03 4.3691083835e-01
   endloop
 endfacet
 facet normal  2.8991324866e-15 -4.6126735731e-28 1.0000000000e+00
   outer loop
     vertex 2.5459455382e+00 5.5823306586e-03 4.3691083835e-01
     vertex 2.5267980341e+00 3.5366897016e-03 4.3691083835e-01
     vertex 2.5459455382e+00 2.7911653293e-03 4.3691083835e-01
   endloop
 endfacet
 facet normal  2.8991324866e-15 0.0000000000e+00 1.0000000000e+00
   outer loop
     vertex 2.5459455382e+00 5.5823306586e-03 4.3691083835e-01
     vertex 2.5267980341e+00 7.0733794031e-03 4.3691083835e-01
     vertex 2.5267980341e+00 3.5366897016e-03 4.3691083835e-01
   endloop
 endfacet
 facet normal  -5.3413340456e-15 0.0000000000e+00 1.0000000000e+00
   outer loop
     vertex 2.5267980341e+00 7.0733794031e-03 4.3691083835e-01
     vertex 2.5060125334e+00 4.1853364564e-03 4.3691083835e-01
     vertex 2.5267980341e+00 3.5366897016e-03 4.3691083835e-01
   endloop
 endfacet
 facet normal  -5.3413340456e-15 0.0000000000e+00 1.0000000000e+00
   outer loop
     vertex 2.5267980341e+00 7.0733794031e-03 4.3691083835e-01
     vertex 2.5060125334e+00 8.3706729129e-03 4.3691083835e-01
     vertex 2.5060125334e+00 4.1853364564e-03 4.3691083835e-01
   endloop
 endfacet
 facet normal  0.0000000000e+00 0.0000000000e+00 1.0000000000e+00
   outer loop
     vertex 2.5060125334e+00 8.3706729129e-03 4.3691083835e-01
     vertex 2.4852042084e+00 9.2213636965e-03 4.3691083835e-01
     vertex 2.5060125334e+00 4.1853364564e-03 4.3691083835e-01
   endloop
 endfacet
 facet normal  0.0000000000e+00 0.0000000000e+00 1.0000000000e+00
   outer loop
     vertex 2.5060125334e+00 4.1853364564e-03 4.3691083835e-01
     vertex 2.4852042084e+00 9.2213636965e-03 4.3691083835e-01
     vertex 2.4852042084e+00 4.6106818482e-03 4.3691083835e-01
   endloop
 endfacet
 facet normal  -2.8906850763e-15 0.0000000000e+00 1.0000000000e+00
   outer loop
     vertex 2.4852042084e+00 9.2213636965e-03 4.3691083835e-01
     vertex 2.4660007498e+00 9.4422606295e-03 4.3691083835e-01
     vertex 2.4852042084e+00 4.6106818482e-03 4.3691083835e-01
   endloop
 endfacet
 facet normal  -2.8906850763e-15 0.0000000000e+00 1.0000000000e+00
   outer loop
     vertex 2.4852042084e+00 4.6106818482e-03 4.3691083835e-01
     vertex 2.4660007498e+00 9.4422606295e-03 4.3691083835e-01
     vertex 2.4660007498e+00 4.7211303147e-03 4.3691083835e-01
   endloop
 endfacet
 facet normal  3.3796358689e-15 0.0000000000e+00 1.0000000000e+00
   outer loop
     vertex 2.4660007498e+00 9.4422606295e-03 4.3691083835e-01
     vertex 2.4495755628e+00 8.9985044092e-03 4.3691083835e-01
     vertex 2.4660007498e+00 4.7211303147e-03 4.3691083835e-01
   endloop
 endfacet
 facet normal  3.3796358689e-15 0.0000000000e+00 1.0000000000e+00
   outer loop
     vertex 2.4660007498e+00 4.7211303147e-03 4.3691083835e-01
     vertex 2.4495755628e+00 8.9985044092e-03 4.3691083835e-01
     vertex 2.4495755628e+00 4.4992522046e-03 4.3691083835e-01
   endloop
 endfacet
 facet normal  -4.2239882482e-15 0.0000000000e+00 1.0000000000e+00
   outer loop
     vertex 2.4495755628e+00 8.9985044092e-03 4.3691083835e-01
     vertex 2.4364336817e+00 7.9927224168e-03 4.3691083835e-01
     vertex 2.4495755628e+00 4.4992522046e-03 4.3691083835e-01
   endloop
 endfacet
 facet normal  -4.2239882482e-15 0.0000000000e+00 1.0000000000e+00
   outer loop
     vertex 2.4495755628e+00 4.4992522046e-03 4.3691083835e-01
     vertex 2.4364336817e+00 7.9927224168e-03 4.3691083835e-01
     vertex 2.4364336817e+00 3.9963612084e-03 4.3691083835e-01
   endloop
 endfacet
 facet normal  5.5866824390e-15 0.0000000000e+00 1.0000000000e+00
   outer loop
     vertex 2.4364336817e+00 7.9927224168e-03 4.3691083835e-01
     vertex 2.4264973462e+00 6.5814834414e-03 4.3691083835e-01
     vertex 2.4364336817e+00 3.9963612084e-03 4.3691083835e-01
   endloop
 endfacet
 facet normal  5.5866824390e-15 0.0000000000e+00 1.0000000000e+00
   outer loop
     vertex 2.4364336817e+00 3.9963612084e-03 4.3691083835e-01
     vertex 2.4264973462e+00 6.5814834414e-03 4.3691083835e-01
     vertex 2.4264973462e+00 3.2907417207e-03 4.3691083835e-01
   endloop
 endfacet
 facet normal  -0.0000000000e+00 0.0000000000e+00 1.0000000000e+00
   outer loop
     vertex 2.4264973462e+00 6.5814834414e-03 4.3691083835e-01
     vertex 2.4193577327e+00 4.8718596321e-03 4.3691083835e-01
     vertex 2.4264973462e+00 3.2907417207e-03 4.3691083835e-01
   endloop
 endfacet
 facet normal  0.0000000000e+00 0.0000000000e+00 1.0000000000e+00
   outer loop
     vertex 2.4264973462e+00 3.2907417207e-03 4.3691083835e-01
     vertex 2.4193577327e+00 4.8718596321e-03 4.3691083835e-01
     vertex 2.4193577327e+00 2.4359298161e-03 4.3691083835e-01
   endloop
 endfacet
 facet normal  -1.1617252457e-14 0.0000000000e+00 1.0000000000e+00
   outer loop
     vertex 2.4193577327e+00 4.8718596321e-03 4.3691083835e-01
     vertex 2.4145793954e+00 2.8065650094e-03 4.3691083835e-01
     vertex 2.4193577327e+00 2.4359298161e-03 4.3691083835e-01
   endloop
 endfacet
 facet normal  -1.1617252457e-14 0.0000000000e+00 1.0000000000e+00
   outer loop
     vertex 2.4193577327e+00 2.4359298161e-03 4.3691083835e-01
     vertex 2.4145793954e+00 2.8065650094e-03 4.3691083835e-01
     vertex 2.4145793954e+00 1.4032825047e-03 4.3691083835e-01
   endloop
 endfacet
 facet normal  2.6880028735e-14 0.0000000000e+00 1.0000000000e+00
   outer loop
     vertex 2.4145793954e+00 2.8065650094e-03 4.3691083835e-01
     vertex 2.4125142506e+00 2.4492935983e-17 4.3691083835e-01
     vertex 2.4145793954e+00 1.4032825047e-03 4.3691083835e-01
   endloop
 endfacet
 facet normal  0.0000000000e+00 -0.0000000000e+00 1.0000000000e+00
   outer loop
     vertex 2.4125142506e+00 2.4492935983e-17 4.3691083835e-01
     vertex 2.4145793954e+00 -2.8065650094e-03 4.3691083835e-01
     vertex 2.4145793954e+00 -1.4032825047e-03 4.3691083835e-01
   endloop
 endfacet
 facet normal  0.0000000000e+00 0.0000000000e+00 1.0000000000e+00
   outer loop
     vertex 2.4145793954e+00 -2.8065650094e-03 4.3691083835e-01
     vertex 2.4193577327e+00 -2.4359298161e-03 4.3691083835e-01
     vertex 2.4145793954e+00 -1.4032825047e-03 4.3691083835e-01
   endloop
 endfacet
 facet normal  0.0000000000e+00 -0.0000000000e+00 1.0000000000e+00
   outer loop
     vertex 2.4145793954e+00 -2.8065650094e-03 4.3691083835e-01
     vertex 2.4193577327e+00 -4.8718596321e-03 4.3691083835e-01
     vertex 2.4193577327e+00 -2.4359298161e-03 4.3691083835e-01
   endloop
 endfacet
 facet normal  -2.3325275961e-14 0.0000000000e+00 1.0000000000e+00
   outer loop
     vertex 2.4193577327e+00 -4.8718596321e-03 4.3691083835e-01
     vertex 2.4264973462e+00 -3.2907417207e-03 4.3691083835e-01
     vertex 2.4193577327e+00 -2.4359298161e-03 4.3691083835e-01
   endloop
 endfacet
 facet normal  -2.3325275961e-14 0.0000000000e+00 1.0000000000e+00
   outer loop
     vertex 2.4193577327e+00 -4.8718596321e-03 4.3691083835e-01
     vertex 2.4264973462e+00 -6.5814834414e-03 4.3691083835e-01
     vertex 2.4264973462e+00 -3.2907417207e-03 4.3691083835e-01
   endloop
 endfacet
 facet normal  1.6760047317e-14 0.0000000000e+00 1.0000000000e+00
   outer loop
     vertex 2.4264973462e+00 -6.5814834414e-03 4.3691083835e-01
     vertex 2.4364336817e+00 -3.9963612084e-03 4.3691083835e-01
     vertex 2.4264973462e+00 -3.2907417207e-03 4.3691083835e-01
   endloop
 endfacet
 facet normal  1.6760047317e-14 -0.0000000000e+00 1.0000000000e+00
   outer loop
     vertex 2.4264973462e+00 -6.5814834414e-03 4.3691083835e-01
     vertex 2.4364336817e+00 -7.9927224168e-03 4.3691083835e-01
     vertex 2.4364336817e+00 -3.9963612084e-03 4.3691083835e-01
   endloop
 endfacet
 facet normal  -4.2239882482e-15 0.0000000000e+00 1.0000000000e+00
   outer loop
     vertex 2.4364336817e+00 -7.9927224168e-03 4.3691083835e-01
     vertex 2.4495755628e+00 -4.4992522046e-03 4.3691083835e-01
     vertex 2.4364336817e+00 -3.9963612084e-03 4.3691083835e-01
   endloop
 endfacet
 facet normal  -4.2239882482e-15 0.0000000000e+00 1.0000000000e+00
   outer loop
     vertex 2.4364336817e+00 -7.9927224168e-03 4.3691083835e-01
     vertex 2.4495755628e+00 -8.9985044092e-03 4.3691083835e-01
     vertex 2.4495755628e+00 -4.4992522046e-03 4.3691083835e-01
   endloop
 endfacet
 facet normal  6.7592717378e-15 0.0000000000e+00 1.0000000000e+00
   outer loop
     vertex 2.4495755628e+00 -8.9985044092e-03 4.3691083835e-01
     vertex 2.4660007498e+00 -4.7211303147e-03 4.3691083835e-01
     vertex 2.4495755628e+00 -4.4992522046e-03 4.3691083835e-01
   endloop
 endfacet
 facet normal  6.7592717378e-15 -0.0000000000e+00 1.0000000000e+00
   outer loop
     vertex 2.4495755628e+00 -8.9985044092e-03 4.3691083835e-01
     vertex 2.4660007498e+00 -9.4422606295e-03 4.3691083835e-01
     vertex 2.4660007498e+00 -4.7211303147e-03 4.3691083835e-01
   endloop
 endfacet
 facet normal  -2.8906850763e-15 0.0000000000e+00 1.0000000000e+00
   outer loop
     vertex 2.4660007498e+00 -9.4422606295e-03 4.3691083835e-01
     vertex 2.4852042084e+00 -4.6106818482e-03 4.3691083835e-01
     vertex 2.4660007498e+00 -4.7211303147e-03 4.3691083835e-01
   endloop
 endfacet
 facet normal  -2.8906850763e-15 0.0000000000e+00 1.0000000000e+00
   outer loop
     vertex 2.4660007498e+00 -9.4422606295e-03 4.3691083835e-01
     vertex 2.4852042084e+00 -9.2213636965e-03 4.3691083835e-01
     vertex 2.4852042084e+00 -4.6106818482e-03 4.3691083835e-01
   endloop
 endfacet
 facet normal  0.0000000000e+00 0.0000000000e+00 1.0000000000e+00
   outer loop
     vertex 2.4852042084e+00 -9.2213636965e-03 4.3691083835e-01
     vertex 2.5060125334e+00 -4.1853364564e-03 4.3691083835e-01
     vertex 2.4852042084e+00 -4.6106818482e-03 4.3691083835e-01
   endloop
 endfacet
 facet normal  0.0000000000e+00 -0.0000000000e+00 1.0000000000e+00
   outer loop
     vertex 2.4852042084e+00 -9.2213636965e-03 4.3691083835e-01
     vertex 2.5060125334e+00 -8.3706729129e-03 4.3691083835e-01
     vertex 2.5060125334e+00 -4.1853364564e-03 4.3691083835e-01
   endloop
 endfacet
 facet normal  0.0000000000e+00 0.0000000000e+00 1.0000000000e+00
   outer loop
     vertex 2.5060125334e+00 -8.3706729129e-03 4.3691083835e-01
     vertex 2.5267980341e+00 -7.0733794031e-03 4.3691083835e-01
     vertex 2.5060125334e+00 -4.1853364564e-03 4.3691083835e-01
   endloop
 endfacet
 facet normal  0.0000000000e+00 -0.0000000000e+00 1.0000000000e+00
   outer loop
     vertex 2.5060125334e+00 -4.1853364564e-03 4.3691083835e-01
     vertex 2.5267980341e+00 -7.0733794031e-03 4.3691083835e-01
     vertex 2.5267980341e+00 -3.5366897016e-03 4.3691083835e-01
   endloop
 endfacet
 facet normal  0.0000000000e+00 0.0000000000e+00 1.0000000000e+00
   outer loop
     vertex 2.5267980341e+00 -7.0733794031e-03 4.3691083835e-01
     vertex 2.5459455382e+00 -5.5823306586e-03 4.3691083835e-01
     vertex 2.5267980341e+00 -3.5366897016e-03 4.3691083835e-01
   endloop
 endfacet
 facet normal  0.0000000000e+00 -0.0000000000e+00 1.0000000000e+00
   outer loop
     vertex 2.5267980341e+00 -3.5366897016e-03 4.3691083835e-01
     vertex 2.5459455382e+00 -5.5823306586e-03 4.3691083835e-01
     vertex 2.5459455382e+00 -2.7911653293e-03 4.3691083835e-01
   endloop
 endfacet
 facet normal  -3.3915613353e-15 0.0000000000e+00 1.0000000000e+00
   outer loop
     vertex 2.5459455382e+00 -5.5823306586e-03 4.3691083835e-01
     vertex 2.5623129707e+00 -4.1232045650e-03 4.3691083835e-01
     vertex 2.5459455382e+00 -2.7911653293e-03 4.3691083835e-01
   endloop
 endfacet
 facet normal  -3.3915613353e-15 7.3057534246e-28 1.0000000000e+00
   outer loop
     vertex 2.5459455382e+00 -2.7911653293e-03 4.3691083835e-01
     vertex 2.5623129707e+00 -4.1232045650e-03 4.3691083835e-01
     vertex 2.5623129707e+00 -2.0616022825e-03 4.3691083835e-01
   endloop
 endfacet
 facet normal  0.0000000000e+00 0.0000000000e+00 1.0000000000e+00
   outer loop
     vertex 2.5623129707e+00 -4.1232045650e-03 4.3691083835e-01
     vertex 2.5754325062e+00 -2.8420099727e-03 4.3691083835e-01
     vertex 2.5623129707e+00 -2.0616022825e-03 4.3691083835e-01
   endloop
 endfacet
 facet normal  0.0000000000e+00 -0.0000000000e+00 1.0000000000e+00
   outer loop
     vertex 2.5623129707e+00 -2.0616022825e-03 4.3691083835e-01
     vertex 2.5754325062e+00 -2.8420099727e-03 4.3691083835e-01
     vertex 2.5754325062e+00 -1.4210049864e-03 4.3691083835e-01
   endloop
 endfacet
 facet normal  0.0000000000e+00 0.0000000000e+00 1.0000000000e+00
   outer loop
     vertex 2.5754325062e+00 -2.8420099727e-03 4.3691083835e-01
     vertex 2.5854168038e+00 -1.8016967170e-03 4.3691083835e-01
     vertex 2.5754325062e+00 -1.4210049864e-03 4.3691083835e-01
   endloop
 endfacet
 facet normal  0.0000000000e+00 -0.0000000000e+00 1.0000000000e+00
   outer loop
     vertex 2.5754325062e+00 -1.4210049864e-03 4.3691083835e-01
     vertex 2.5854168038e+00 -1.8016967170e-03 4.3691083835e-01
     vertex 2.5854168038e+00 -9.0084835849e-04 4.3691083835e-01
   endloop
 endfacet
 facet normal  0.0000000000e+00 0.0000000000e+00 1.0000000000e+00
   outer loop
     vertex 2.5854168038e+00 -1.8016967170e-03 4.3691083835e-01
     vertex 2.5927190192e+00 -1.0040405137e-03 4.3691083835e-01
     vertex 2.5854168038e+00 -9.0084835849e-04 4.3691083835e-01
   endloop
 endfacet
 facet normal  0.0000000000e+00 -0.0000000000e+00 1.0000000000e+00
   outer loop
     vertex 2.5854168038e+00 -9.0084835849e-04 4.3691083835e-01
     vertex 2.5927190192e+00 -1.0040405137e-03 4.3691083835e-01
     vertex 2.5927190192e+00 -5.0202025687e-04 4.3691083835e-01
   endloop
 endfacet
 facet normal  1.0702266115e-14 0.0000000000e+00 1.0000000000e+00
   outer loop
     vertex 2.5927190192e+00 -1.0040405137e-03 4.3691083835e-01
     vertex 2.5979058788e+00 -4.1777424817e-04 4.3691083835e-01
     vertex 2.5927190192e+00 -5.0202025687e-04 4.3691083835e-01
   endloop
 endfacet
 facet normal  1.0702266115e-14 -0.0000000000e+00 1.0000000000e+00
   outer loop
     vertex 2.5927190192e+00 -5.0202025687e-04 4.3691083835e-01
     vertex 2.5979058788e+00 -4.1777424817e-04 4.3691083835e-01
     vertex 2.5979058788e+00 -2.0888712409e-04 4.3691083835e-01
   endloop
 endfacet
 facet normal  0.0000000000e+00 0.0000000000e+00 1.0000000000e+00
   outer loop
     vertex 2.5979058788e+00 -4.1777424817e-04 4.3691083835e-01
     vertex 2.6015142506e+00 2.4492935983e-17 4.3691083835e-01
     vertex 2.5979058788e+00 -2.0888712409e-04 4.3691083835e-01
   endloop
 endfacet
 facet normal  0.0000000000e+00 0.0000000000e+00 1.0000000000e+00
   outer loop
     vertex 2.6015142506e+00 2.4492935983e-17 4.3691083835e-01
     vertex 2.5979058788e+00 2.0888712409e-04 4.3691083835e-01
     vertex 2.5979058788e+00 5.3252205219e-17 4.3691083835e-01
   endloop
 endfacet
 facet normal  -0.0000000000e+00 0.0000000000e+00 1.0000000000e+00
   outer loop
     vertex 2.5979058788e+00 2.0888712409e-04 4.3691083835e-01
     vertex 2.5927190192e+00 6.1882096813e-17 4.3691083835e-01
     vertex 2.5979058788e+00 5.3252205219e-17 4.3691083835e-01
   endloop
 endfacet
 facet normal  0.0000000000e+00 0.0000000000e+00 1.0000000000e+00
   outer loop
     vertex 2.5979058788e+00 2.0888712409e-04 4.3691083835e-01
     vertex 2.5927190192e+00 5.0202025687e-04 4.3691083835e-01
     vertex 2.5927190192e+00 6.1882096813e-17 4.3691083835e-01
   endloop
 endfacet
 facet normal  0.0000000000e+00 0.0000000000e+00 1.0000000000e+00
   outer loop
     vertex 2.5927190192e+00 5.0202025687e-04 4.3691083835e-01
     vertex 2.5854168038e+00 3.8741889597e-17 4.3691083835e-01
     vertex 2.5927190192e+00 6.1882096813e-17 4.3691083835e-01
   endloop
 endfacet
 facet normal  0.0000000000e+00 0.0000000000e+00 1.0000000000e+00
   outer loop
     vertex 2.5927190192e+00 5.0202025687e-04 4.3691083835e-01
     vertex 2.5854168038e+00 9.0084835849e-04 4.3691083835e-01
     vertex 2.5854168038e+00 3.8741889597e-17 4.3691083835e-01
   endloop
 endfacet
 facet normal  1.1119690826e-14 0.0000000000e+00 1.0000000000e+00
   outer loop
     vertex 2.5854168038e+00 9.0084835849e-04 4.3691083835e-01
     vertex 2.5754325062e+00 1.7227391780e-17 4.3691083835e-01
     vertex 2.5854168038e+00 3.8741889597e-17 4.3691083835e-01
   endloop
 endfacet
 facet normal  1.1119690826e-14 0.0000000000e+00 1.0000000000e+00
   outer loop
     vertex 2.5854168038e+00 9.0084835849e-04 4.3691083835e-01
     vertex 2.5754325062e+00 1.4210049864e-03 4.3691083835e-01
     vertex 2.5754325062e+00 1.7227391780e-17 4.3691083835e-01
   endloop
 endfacet
 facet normal  -8.4623653521e-15 0.0000000000e+00 1.0000000000e+00
   outer loop
     vertex 2.5754325062e+00 1.4210049864e-03 4.3691083835e-01
     vertex 2.5623129707e+00 1.9512679119e-17 4.3691083835e-01
     vertex 2.5754325062e+00 1.7227391780e-17 4.3691083835e-01
   endloop
 endfacet
 facet normal  -8.4623653521e-15 1.8228759128e-27 1.0000000000e+00
   outer loop
     vertex 2.5754325062e+00 1.4210049864e-03 4.3691083835e-01
     vertex 2.5623129707e+00 2.0616022825e-03 4.3691083835e-01
     vertex 2.5623129707e+00 1.9512679119e-17 4.3691083835e-01
   endloop
 endfacet
 facet normal  3.3915613353e-15 -7.3057534246e-28 1.0000000000e+00
   outer loop
     vertex 2.5623129707e+00 2.0616022825e-03 4.3691083835e-01
     vertex 2.5459455382e+00 2.0886790030e-17 4.3691083835e-01
     vertex 2.5623129707e+00 1.9512679119e-17 4.3691083835e-01
   endloop
 endfacet
 facet normal  3.3915613353e-15 0.0000000000e+00 1.0000000000e+00
   outer loop
     vertex 2.5623129707e+00 2.0616022825e-03 4.3691083835e-01
     vertex 2.5459455382e+00 2.7911653293e-03 4.3691083835e-01
     vertex 2.5459455382e+00 2.0886790030e-17 4.3691083835e-01
   endloop
 endfacet
 facet normal  2.8991324866e-15 0.0000000000e+00 1.0000000000e+00
   outer loop
     vertex 2.5459455382e+00 2.7911653293e-03 4.3691083835e-01
     vertex 2.5267980341e+00 2.0978863644e-17 4.3691083835e-01
     vertex 2.5459455382e+00 2.0886790030e-17 4.3691083835e-01
   endloop
 endfacet
 facet normal  2.8991324866e-15 0.0000000000e+00 1.0000000000e+00
   outer loop
     vertex 2.5459455382e+00 2.7911653293e-03 4.3691083835e-01
     vertex 2.5267980341e+00 3.5366897016e-03 4.3691083835e-01
     vertex 2.5267980341e+00 2.0978863644e-17 4.3691083835e-01
   endloop
 endfacet
 facet normal  -5.3413340456e-15 0.0000000000e+00 1.0000000000e+00
   outer loop
     vertex 2.5267980341e+00 3.5366897016e-03 4.3691083835e-01
     vertex 2.5060125334e+00 2.2758212507e-17 4.3691083835e-01
     vertex 2.5267980341e+00 2.0978863644e-17 4.3691083835e-01
   endloop
 endfacet
 facet normal  -5.3413340456e-15 0.0000000000e+00 1.0000000000e+00
   outer loop
     vertex 2.5267980341e+00 3.5366897016e-03 4.3691083835e-01
     vertex 2.5060125334e+00 4.1853364564e-03 4.3691083835e-01
     vertex 2.5060125334e+00 2.2758212507e-17 4.3691083835e-01
   endloop
 endfacet
 facet normal  0.0000000000e+00 0.0000000000e+00 1.0000000000e+00
   outer loop
     vertex 2.5060125334e+00 4.1853364564e-03 4.3691083835e-01
     vertex 2.4852042084e+00 4.6106818482e-03 4.3691083835e-01
     vertex 2.5060125334e+00 2.2758212507e-17 4.3691083835e-01
   endloop
 endfacet
 facet normal  0.0000000000e+00 0.0000000000e+00 1.0000000000e+00
   outer loop
     vertex 2.5060125334e+00 2.2758212507e-17 4.3691083835e-01
     vertex 2.4852042084e+00 4.6106818482e-03 4.3691083835e-01
     vertex 2.4852042084e+00 2.4801364917e-17 4.3691083835e-01
   endloop
 endfacet
 facet normal  -2.8906850763e-15 0.0000000000e+00 1.0000000000e+00
   outer loop
     vertex 2.4852042084e+00 4.6106818482e-03 4.3691083835e-01
     vertex 2.4660007498e+00 4.7211303147e-03 4.3691083835e-01
     vertex 2.4852042084e+00 2.4801364917e-17 4.3691083835e-01
   endloop
 endfacet
 facet normal  -2.8906850763e-15 0.0000000000e+00 1.0000000000e+00
   outer loop
     vertex 2.4852042084e+00 2.4801364917e-17 4.3691083835e-01
     vertex 2.4660007498e+00 4.7211303147e-03 4.3691083835e-01
     vertex 2.4660007498e+00 2.4072859911e-17 4.3691083835e-01
   endloop
 endfacet
 facet normal  3.3796358689e-15 0.0000000000e+00 1.0000000000e+00
   outer loop
     vertex 2.4660007498e+00 4.7211303147e-03 4.3691083835e-01
     vertex 2.4495755628e+00 4.4992522046e-03 4.3691083835e-01
     vertex 2.4660007498e+00 2.4072859911e-17 4.3691083835e-01
   endloop
 endfacet
 facet normal  3.3796358689e-15 0.0000000000e+00 1.0000000000e+00
   outer loop
     vertex 2.4660007498e+00 2.4072859911e-17 4.3691083835e-01
     vertex 2.4495755628e+00 4.4992522046e-03 4.3691083835e-01
     vertex 2.4495755628e+00 2.5672199109e-17 4.3691083835e-01
   endloop
 endfacet
 facet normal  -4.2239882482e-15 0.0000000000e+00 1.0000000000e+00
   outer loop
     vertex 2.4495755628e+00 4.4992522046e-03 4.3691083835e-01
     vertex 2.4364336817e+00 3.9963612084e-03 4.3691083835e-01
     vertex 2.4495755628e+00 2.5672199109e-17 4.3691083835e-01
   endloop
 endfacet
 facet normal  -4.2239882482e-15 0.0000000000e+00 1.0000000000e+00
   outer loop
     vertex 2.4495755628e+00 2.5672199109e-17 4.3691083835e-01
     vertex 2.4364336817e+00 3.9963612084e-03 4.3691083835e-01
     vertex 2.4364336817e+00 2.3192164200e-17 4.3691083835e-01
   endloop
 endfacet
 facet normal  5.5866824390e-15 0.0000000000e+00 1.0000000000e+00
   outer loop
     vertex 2.4364336817e+00 3.9963612084e-03 4.3691083835e-01
     vertex 2.4264973462e+00 3.2907417207e-03 4.3691083835e-01
     vertex 2.4364336817e+00 2.3192164200e-17 4.3691083835e-01
   endloop
 endfacet
 facet normal  5.5866824390e-15 0.0000000000e+00 1.0000000000e+00
   outer loop
     vertex 2.4364336817e+00 2.3192164200e-17 4.3691083835e-01
     vertex 2.4264973462e+00 3.2907417207e-03 4.3691083835e-01
     vertex 2.4264973462e+00 2.7651743000e-17 4.3691083835e-01
   endloop
 endfacet
 facet normal  -0.0000000000e+00 0.0000000000e+00 1.0000000000e+00
   outer loop
     vertex 2.4264973462e+00 3.2907417207e-03 4.3691083835e-01
     vertex 2.4193577327e+00 2.4359298161e-03 4.3691083835e-01
     vertex 2.4264973462e+00 2.7651743000e-17 4.3691083835e-01
   endloop
 endfacet
 facet normal  0.0000000000e+00 0.0000000000e+00 1.0000000000e+00
   outer loop
     vertex 2.4264973462e+00 2.7651743000e-17 4.3691083835e-01
     vertex 2.4193577327e+00 2.4359298161e-03 4.3691083835e-01
     vertex 2.4193577327e+00 2.4681542040e-17 4.3691083835e-01
   endloop
 endfacet
 facet normal  -1.1617252457e-14 0.0000000000e+00 1.0000000000e+00
   outer loop
     vertex 2.4193577327e+00 2.4359298161e-03 4.3691083835e-01
     vertex 2.4145793954e+00 1.4032825047e-03 4.3691083835e-01
     vertex 2.4193577327e+00 2.4681542040e-17 4.3691083835e-01
   endloop
 endfacet
 facet normal  -1.1617252457e-14 0.0000000000e+00 1.0000000000e+00
   outer loop
     vertex 2.4193577327e+00 2.4681542040e-17 4.3691083835e-01
     vertex 2.4145793954e+00 1.4032825047e-03 4.3691083835e-01
     vertex 2.4145793954e+00 3.7992983577e-17 4.3691083835e-01
   endloop
 endfacet
 facet normal  2.6880028735e-14 0.0000000000e+00 1.0000000000e+00
   outer loop
     vertex 2.4145793954e+00 1.4032825047e-03 4.3691083835e-01
     vertex 2.4125142506e+00 2.4492935983e-17 4.3691083835e-01
     vertex 2.4145793954e+00 3.7992983577e-17 4.3691083835e-01
   endloop
 endfacet
 facet normal  0.0000000000e+00 -0.0000000000e+00 1.0000000000e+00
   outer loop
     vertex 2.4125142506e+00 2.4492935983e-17 4.3691083835e-01
     vertex 2.4145793954e+00 -1.4032825047e-03 4.3691083835e-01
     vertex 2.4145793954e+00 3.7992983577e-17 4.3691083835e-01
   endloop
 endfacet
 facet normal  0.0000000000e+00 0.0000000000e+00 1.0000000000e+00
   outer loop
     vertex 2.4145793954e+00 -1.4032825047e-03 4.3691083835e-01
     vertex 2.4193577327e+00 2.4681542040e-17 4.3691083835e-01
     vertex 2.4145793954e+00 3.7992983577e-17 4.3691083835e-01
   endloop
 endfacet
 facet normal  0.0000000000e+00 -0.0000000000e+00 1.0000000000e+00
   outer loop
     vertex 2.4145793954e+00 -1.4032825047e-03 4.3691083835e-01
     vertex 2.4193577327e+00 -2.4359298161e-03 4.3691083835e-01
     vertex 2.4193577327e+00 2.4681542040e-17 4.3691083835e-01
   endloop
 endfacet
 facet normal  -2.3325275961e-14 0.0000000000e+00 1.0000000000e+00
   outer loop
     vertex 2.4193577327e+00 -2.4359298161e-03 4.3691083835e-01
     vertex 2.4264973462e+00 2.7651743000e-17 4.3691083835e-01
     vertex 2.4193577327e+00 2.4681542040e-17 4.3691083835e-01
   endloop
 endfacet
 facet normal  -2.3325275961e-14 0.0000000000e+00 1.0000000000e+00
   outer loop
     vertex 2.4193577327e+00 -2.4359298161e-03 4.3691083835e-01
     vertex 2.4264973462e+00 -3.2907417207e-03 4.3691083835e-01
     vertex 2.4264973462e+00 2.7651743000e-17 4.3691083835e-01
   endloop
 endfacet
 facet normal  1.6760047317e-14 0.0000000000e+00 1.0000000000e+00
   outer loop
     vertex 2.4264973462e+00 -3.2907417207e-03 4.3691083835e-01
     vertex 2.4364336817e+00 2.3192164200e-17 4.3691083835e-01
     vertex 2.4264973462e+00 2.7651743000e-17 4.3691083835e-01
   endloop
 endfacet
 facet normal  1.6760047317e-14 -0.0000000000e+00 1.0000000000e+00
   outer loop
     vertex 2.4264973462e+00 -3.2907417207e-03 4.3691083835e-01
     vertex 2.4364336817e+00 -3.9963612084e-03 4.3691083835e-01
     vertex 2.4364336817e+00 2.3192164200e-17 4.3691083835e-01
   endloop
 endfacet
 facet normal  -4.2239882482e-15 0.0000000000e+00 1.0000000000e+00
   outer loop
     vertex 2.4364336817e+00 -3.9963612084e-03 4.3691083835e-01
     vertex 2.4495755628e+00 2.5672199109e-17 4.3691083835e-01
     vertex 2.4364336817e+00 2.3192164200e-17 4.3691083835e-01
   endloop
 endfacet
 facet normal  -4.2239882482e-15 0.0000000000e+00 1.0000000000e+00
   outer loop
     vertex 2.4364336817e+00 -3.9963612084e-03 4.3691083835e-01
     vertex 2.4495755628e+00 -4.4992522046e-03 4.3691083835e-01
     vertex 2.4495755628e+00 2.5672199109e-17 4.3691083835e-01
   endloop
 endfacet
 facet normal  6.7592717378e-15 0.0000000000e+00 1.0000000000e+00
   outer loop
     vertex 2.4495755628e+00 -4.4992522046e-03 4.3691083835e-01
     vertex 2.4660007498e+00 2.4072859911e-17 4.3691083835e-01
     vertex 2.4495755628e+00 2.5672199109e-17 4.3691083835e-01
   endloop
 endfacet
 facet normal  6.7592717378e-15 -0.0000000000e+00 1.0000000000e+00
   outer loop
     vertex 2.4495755628e+00 -4.4992522046e-03 4.3691083835e-01
     vertex 2.4660007498e+00 -4.7211303147e-03 4.3691083835e-01
     vertex 2.4660007498e+00 2.4072859911e-17 4.3691083835e-01
   endloop
 endfacet
 facet normal  -2.8906850763e-15 0.0000000000e+00 1.0000000000e+00
   outer loop
     vertex 2.4660007498e+00 -4.7211303147e-03 4.3691083835e-01
     vertex 2.4852042084e+00 2.4801364917e-17 4.3691083835e-01
     vertex 2.4660007498e+00 2.4072859911e-17 4.3691083835e-01
   endloop
 endfacet
 facet normal  -2.8906850763e-15 0.0000000000e+00 1.0000000000e+00
   outer loop
     vertex 2.4660007498e+00 -4.7211303147e-03 4.3691083835e-01
     vertex 2.4852042084e+00 -4.6106818482e-03 4.3691083835e-01
     vertex 2.4852042084e+00 2.4801364917e-17 4.3691083835e-01
   endloop
 endfacet
 facet normal  0.0000000000e+00 0.0000000000e+00 1.0000000000e+00
   outer loop
     vertex 2.4852042084e+00 -4.6106818482e-03 4.3691083835e-01
     vertex 2.5060125334e+00 2.2758212507e-17 4.3691083835e-01
     vertex 2.4852042084e+00 2.4801364917e-17 4.3691083835e-01
   endloop
 endfacet
 facet normal  0.0000000000e+00 -0.0000000000e+00 1.0000000000e+00
   outer loop
     vertex 2.4852042084e+00 -4.6106818482e-03 4.3691083835e-01
     vertex 2.5060125334e+00 -4.1853364564e-03 4.3691083835e-01
     vertex 2.5060125334e+00 2.2758212507e-17 4.3691083835e-01
   endloop
 endfacet
 facet normal  0.0000000000e+00 0.0000000000e+00 1.0000000000e+00
   outer loop
     vertex 2.5060125334e+00 -4.1853364564e-03 4.3691083835e-01
     vertex 2.5267980341e+00 -3.5366897016e-03 4.3691083835e-01
     vertex 2.5060125334e+00 2.2758212507e-17 4.3691083835e-01
   endloop
 endfacet
 facet normal  0.0000000000e+00 -0.0000000000e+00 1.0000000000e+00
   outer loop
     vertex 2.5060125334e+00 2.2758212507e-17 4.3691083835e-01
     vertex 2.5267980341e+00 -3.5366897016e-03 4.3691083835e-01
     vertex 2.5267980341e+00 2.0978863644e-17 4.3691083835e-01
   endloop
 endfacet
 facet normal  0.0000000000e+00 0.0000000000e+00 1.0000000000e+00
   outer loop
     vertex 2.5267980341e+00 -3.5366897016e-03 4.3691083835e-01
     vertex 2.5459455382e+00 -2.7911653293e-03 4.3691083835e-01
     vertex 2.5267980341e+00 2.0978863644e-17 4.3691083835e-01
   endloop
 endfacet
 facet normal  0.0000000000e+00 -0.0000000000e+00 1.0000000000e+00
   outer loop
     vertex 2.5267980341e+00 2.0978863644e-17 4.3691083835e-01
     vertex 2.5459455382e+00 -2.7911653293e-03 4.3691083835e-01
     vertex 2.5459455382e+00 2.0886790030e-17 4.3691083835e-01
   endloop
 endfacet
 facet normal  -3.3915613353e-15 0.0000000000e+00 1.0000000000e+00
   outer loop
     vertex 2.5459455382e+00 -2.7911653293e-03 4.3691083835e-01
     vertex 2.5623129707e+00 -2.0616022825e-03 4.3691083835e-01
     vertex 2.5459455382e+00 2.0886790030e-17 4.3691083835e-01
   endloop
 endfacet
 facet normal  -3.3915613353e-15 0.0000000000e+00 1.0000000000e+00
   outer loop
     vertex 2.5459455382e+00 2.0886790030e-17 4.3691083835e-01
     vertex 2.5623129707e+00 -2.0616022825e-03 4.3691083835e-01
     vertex 2.5623129707e+00 1.9512679119e-17 4.3691083835e-01
   endloop
 endfacet
 facet normal  0.0000000000e+00 0.0000000000e+00 1.0000000000e+00
   outer loop
     vertex 2.5623129707e+00 -2.0616022825e-03 4.3691083835e-01
     vertex 2.5754325062e+00 -1.4210049864e-03 4.3691083835e-01
     vertex 2.5623129707e+00 1.9512679119e-17 4.3691083835e-01
   endloop
 endfacet
 facet normal  0.0000000000e+00 -0.0000000000e+00 1.0000000000e+00
   outer loop
     vertex 2.5623129707e+00 1.9512679119e-17 4.3691083835e-01
     vertex 2.5754325062e+00 -1.4210049864e-03 4.3691083835e-01
     vertex 2.5754325062e+00 1.7227391780e-17 4.3691083835e-01
   endloop
 endfacet
 facet normal  0.0000000000e+00 0.0000000000e+00 1.0000000000e+00
   outer loop
     vertex 2.5754325062e+00 -1.4210049864e-03 4.3691083835e-01
     vertex 2.5854168038e+00 -9.0084835849e-04 4.3691083835e-01
     vertex 2.5754325062e+00 1.7227391780e-17 4.3691083835e-01
   endloop
 endfacet
 facet normal  0.0000000000e+00 -0.0000000000e+00 1.0000000000e+00
   outer loop
     vertex 2.5754325062e+00 1.7227391780e-17 4.3691083835e-01
     vertex 2.5854168038e+00 -9.0084835849e-04 4.3691083835e-01
     vertex 2.5854168038e+00 3.8741889597e-17 4.3691083835e-01
   endloop
 endfacet
 facet normal  0.0000000000e+00 0.0000000000e+00 1.0000000000e+00
   outer loop
     vertex 2.5854168038e+00 -9.0084835849e-04 4.3691083835e-01
     vertex 2.5927190192e+00 -5.0202025687e-04 4.3691083835e-01
     vertex 2.5854168038e+00 3.8741889597e-17 4.3691083835e-01
   endloop
 endfacet
 facet normal  0.0000000000e+00 -0.0000000000e+00 1.0000000000e+00
   outer loop
     vertex 2.5854168038e+00 3.8741889597e-17 4.3691083835e-01
     vertex 2.5927190192e+00 -5.0202025687e-04 4.3691083835e-01
     vertex 2.5927190192e+00 6.1882096813e-17 4.3691083835e-01
   endloop
 endfacet
 facet normal  1.0702266115e-14 -9.4672691740e-27 1.0000000000e+00
   outer loop
     vertex 2.5927190192e+00 -5.0202025687e-04 4.3691083835e-01
     vertex 2.5979058788e+00 -2.0888712409e-04 4.3691083835e-01
     vertex 2.5927190192e+00 6.1882096813e-17 4.3691083835e-01
   endloop
 endfacet
 facet normal  1.0702266115e-14 -0.0000000000e+00 1.0000000000e+00
   outer loop
     vertex 2.5927190192e+00 6.1882096813e-17 4.3691083835e-01
     vertex 2.5979058788e+00 -2.0888712409e-04 4.3691083835e-01
     vertex 2.5979058788e+00 5.3252205219e-17 4.3691083835e-01
   endloop
 endfacet
 facet normal  0.0000000000e+00 0.0000000000e+00 1.0000000000e+00
   outer loop
     vertex 2.5979058788e+00 -2.0888712409e-04 4.3691083835e-01
     vertex 2.6015142506e+00 2.4492935983e-17 4.3691083835e-01
     vertex 2.5979058788e+00 5.3252205219e-17 4.3691083835e-01
   endloop
 endfacet
endsolid
