solid
 facet normal  1.5822873990e-01 -5.7412132365e-03 -9.8738579306e-01
   outer loop
     vertex 2.2348048854e+00 0.0000000000e+00 3.7894197441e-01
     vertex 2.2309145338e+00 0.0000000000e+00 3.7831854491e-01
     vertex 2.2388944045e+00 8.2000000000e-02 3.7912052667e-01
   endloop
 endfacet
 facet normal  1.5822873990e-01 -5.7412132365e-03 -9.8738579306e-01
   outer loop
     vertex 2.2388944045e+00 8.2000000000e-02 3.7912052667e-01
     vertex 2.2309145338e+00 0.0000000000e+00 3.7831854491e-01
     vertex 2.2354319916e+00 8.2000000000e-02 3.7856567441e-01
   endloop
 endfacet
 facet normal  1.5554804382e-01 -5.5922451528e-03 -9.8781249884e-01
   outer loop
     vertex 2.2309145338e+00 0.0000000000e+00 3.7831854491e-01
     vertex 2.2253216672e+00 0.0000000000e+00 3.7743785200e-01
     vertex 2.2354319916e+00 8.2000000000e-02 3.7856567441e-01
   endloop
 endfacet
 facet normal  1.5554804382e-01 -5.5922451528e-03 -9.8781249884e-01
   outer loop
     vertex 2.2354319916e+00 8.2000000000e-02 3.7856567441e-01
     vertex 2.2253216672e+00 0.0000000000e+00 3.7743785200e-01
     vertex 2.2304543402e+00 8.2000000000e-02 3.7778185772e-01
   endloop
 endfacet
 facet normal  1.5184481155e-01 -5.3580246184e-03 -9.8838982430e-01
   outer loop
     vertex 2.2253216672e+00 0.0000000000e+00 3.7743785200e-01
     vertex 2.2174465520e+00 0.0000000000e+00 3.7622801014e-01
     vertex 2.2304543402e+00 8.2000000000e-02 3.7778185772e-01
   endloop
 endfacet
 facet normal  1.5184481155e-01 -5.3580246184e-03 -9.8838982430e-01
   outer loop
     vertex 2.2304543402e+00 8.2000000000e-02 3.7778185772e-01
     vertex 2.2174465520e+00 0.0000000000e+00 3.7622801014e-01
     vertex 2.2234454877e+00 8.2000000000e-02 3.7670509847e-01
   endloop
 endfacet
 facet normal  1.4691795130e-01 -4.9932447708e-03 -9.8913607916e-01
   outer loop
     vertex 2.2174465520e+00 0.0000000000e+00 3.7622801014e-01
     vertex 2.2066765495e+00 0.0000000000e+00 3.7462832458e-01
     vertex 2.2234454877e+00 8.2000000000e-02 3.7670509847e-01
   endloop
 endfacet
 facet normal  1.4691795130e-01 -4.9932447708e-03 -9.8913607916e-01
   outer loop
     vertex 2.2234454877e+00 8.2000000000e-02 3.7670509847e-01
     vertex 2.2066765495e+00 0.0000000000e+00 3.7462832458e-01
     vertex 2.2138601855e+00 8.2000000000e-02 3.7528137832e-01
   endloop
 endfacet
 facet normal  1.4051212968e-01 -4.4246303275e-03 -9.9006907035e-01
   outer loop
     vertex 2.2066765495e+00 0.0000000000e+00 3.7462832458e-01
     vertex 2.1925205254e+00 0.0000000000e+00 3.7261927981e-01
     vertex 2.2138601855e+00 8.2000000000e-02 3.7528137832e-01
   endloop
 endfacet
 facet normal  1.4051212968e-01 -4.4246303275e-03 -9.9006907035e-01
   outer loop
     vertex 2.2138601855e+00 8.2000000000e-02 3.7528137832e-01
     vertex 2.1925205254e+00 0.0000000000e+00 3.7261927981e-01
     vertex 2.2012613241e+00 8.2000000000e-02 3.7349332847e-01
   endloop
 endfacet
 facet normal  1.3215773568e-01 -3.5217988761e-03 -9.9122244216e-01
   outer loop
     vertex 2.1925205254e+00 0.0000000000e+00 3.7261927981e-01
     vertex 2.1748534213e+00 0.0000000000e+00 3.7026375962e-01
     vertex 2.2012613241e+00 8.2000000000e-02 3.7349332847e-01
   endloop
 endfacet
 facet normal  1.3215773568e-01 -3.5217988761e-03 -9.9122244216e-01
   outer loop
     vertex 2.2012613241e+00 8.2000000000e-02 3.7349332847e-01
     vertex 2.1748534213e+00 0.0000000000e+00 3.7026375962e-01
     vertex 2.1855376015e+00 8.2000000000e-02 3.7139691551e-01
   endloop
 endfacet
 facet normal  1.2105024717e-01 -2.0549020185e-03 -9.9264425402e-01
   outer loop
     vertex 2.1748534213e+00 0.0000000000e+00 3.7026375962e-01
     vertex 2.1541752760e+00 0.0000000000e+00 3.6774211645e-01
     vertex 2.1855376015e+00 8.2000000000e-02 3.7139691551e-01
   endloop
 endfacet
 facet normal  1.2105024717e-01 -2.0549020185e-03 -9.9264425402e-01
   outer loop
     vertex 2.1855376015e+00 8.2000000000e-02 3.7139691551e-01
     vertex 2.1541752760e+00 0.0000000000e+00 3.6774211645e-01
     vertex 2.1671340521e+00 8.2000000000e-02 3.6915265309e-01
   endloop
 endfacet
 facet normal  1.0576755825e-01 3.9032379649e-04 -9.9439080410e-01
   outer loop
     vertex 2.1541752760e+00 0.0000000000e+00 3.6774211645e-01
     vertex 2.1317129918e+00 0.0000000000e+00 3.6535293410e-01
     vertex 2.1671340521e+00 8.2000000000e-02 3.6915265309e-01
   endloop
 endfacet
 facet normal  1.0576755825e-01 3.9032379649e-04 -9.9439080410e-01
   outer loop
     vertex 2.1671340521e+00 8.2000000000e-02 3.6915265309e-01
     vertex 2.1317129918e+00 0.0000000000e+00 3.6535293410e-01
     vertex 2.1471426191e+00 8.2000000000e-02 3.6702628080e-01
   endloop
 endfacet
 facet normal  8.4391376729e-02 4.4540632104e-03 -9.9642273000e-01
   outer loop
     vertex 2.1317129918e+00 0.0000000000e+00 3.6535293410e-01
     vertex 2.1271103684e+00 8.2000000000e-02 3.6532966231e-01
     vertex 2.1471426191e+00 8.2000000000e-02 3.6702628080e-01
   endloop
 endfacet
 facet normal  8.4391376729e-02 4.4540632104e-03 -9.9642273000e-01
   outer loop
     vertex 2.1317129918e+00 0.0000000000e+00 3.6535293410e-01
     vertex 2.1092048449e+00 0.0000000000e+00 3.6344662120e-01
     vertex 2.1271103684e+00 8.2000000000e-02 3.6532966231e-01
   endloop
 endfacet
 facet normal  5.5104499010e-02 1.0895038633e-02 -9.9842114978e-01
   outer loop
     vertex 2.1092048449e+00 0.0000000000e+00 3.6344662120e-01
     vertex 2.1085993720e+00 8.2000000000e-02 3.6430801009e-01
     vertex 2.1271103684e+00 8.2000000000e-02 3.6532966231e-01
   endloop
 endfacet
 facet normal  5.5104499010e-02 1.0895038633e-02 -9.9842114978e-01
   outer loop
     vertex 2.1092048449e+00 0.0000000000e+00 3.6344662120e-01
     vertex 2.0884059725e+00 0.0000000000e+00 3.6229869736e-01
     vertex 2.1085993720e+00 8.2000000000e-02 3.6430801009e-01
   endloop
 endfacet
 facet normal  1.6618762246e-02 2.0402775947e-02 -9.9965371178e-01
   outer loop
     vertex 2.0884059725e+00 0.0000000000e+00 3.6229869736e-01
     vertex 2.0927398234e+00 8.2000000000e-02 3.6404435272e-01
     vertex 2.1085993720e+00 8.2000000000e-02 3.6430801009e-01
   endloop
 endfacet
 facet normal  1.6618762246e-02 2.0402775947e-02 -9.9965371178e-01
   outer loop
     vertex 2.0884059725e+00 0.0000000000e+00 3.6229869736e-01
     vertex 2.0705862550e+00 0.0000000000e+00 3.6200245312e-01
     vertex 2.0927398234e+00 8.2000000000e-02 3.6404435272e-01
   endloop
 endfacet
 facet normal  -3.2725972850e-02 3.3715140026e-02 -9.9889554010e-01
   outer loop
     vertex 2.0705862550e+00 0.0000000000e+00 3.6200245312e-01
     vertex 2.0800231120e+00 8.2000000000e-02 3.6446097963e-01
     vertex 2.0927398234e+00 8.2000000000e-02 3.6404435272e-01
   endloop
 endfacet
 facet normal  -3.2725972850e-02 3.3715140026e-02 -9.9889554010e-01
   outer loop
     vertex 2.0705862550e+00 0.0000000000e+00 3.6200245312e-01
     vertex 2.0562978152e+00 0.0000000000e+00 3.6247057324e-01
     vertex 2.0800231120e+00 8.2000000000e-02 3.6446097963e-01
   endloop
 endfacet
 facet normal  -9.7164264156e-02 5.2237914640e-02 -9.9389652683e-01
   outer loop
     vertex 2.0562978152e+00 0.0000000000e+00 3.6247057324e-01
     vertex 2.0703808363e+00 8.2000000000e-02 3.6540361761e-01
     vertex 2.0800231120e+00 8.2000000000e-02 3.6446097963e-01
   endloop
 endfacet
 facet normal  -9.7164264156e-02 5.2237914640e-02 -9.9389652683e-01
   outer loop
     vertex 2.0562978152e+00 0.0000000000e+00 3.6247057324e-01
     vertex 2.0454637976e+00 0.0000000000e+00 3.6352971704e-01
     vertex 2.0703808363e+00 8.2000000000e-02 3.6540361761e-01
   endloop
 endfacet
 facet normal  -1.8962149323e-01 7.9982855496e-02 -9.7859411000e-01
   outer loop
     vertex 2.0454637976e+00 0.0000000000e+00 3.6352971704e-01
     vertex 2.0634232254e+00 8.2000000000e-02 3.6675178899e-01
     vertex 2.0703808363e+00 8.2000000000e-02 3.6540361761e-01
   endloop
 endfacet
 facet normal  -1.8962149323e-01 7.9982855496e-02 -9.7859411000e-01
   outer loop
     vertex 2.0454637976e+00 0.0000000000e+00 3.6352971704e-01
     vertex 2.0376462572e+00 0.0000000000e+00 3.6504451634e-01
     vertex 2.0634232254e+00 8.2000000000e-02 3.6675178899e-01
   endloop
 endfacet
 facet normal  -3.5329007389e-01 1.3034567284e-01 -9.2638875709e-01
   outer loop
     vertex 2.0376462572e+00 0.0000000000e+00 3.6504451634e-01
     vertex 2.0587279120e+00 8.2000000000e-02 3.6854240616e-01
     vertex 2.0634232254e+00 8.2000000000e-02 3.6675178899e-01
   endloop
 endfacet
 facet normal  -3.5329007389e-01 1.3034567284e-01 -9.2638875709e-01
   outer loop
     vertex 2.0376462572e+00 0.0000000000e+00 3.6504451634e-01
     vertex 2.0323706242e+00 0.0000000000e+00 3.6705644575e-01
     vertex 2.0587279120e+00 8.2000000000e-02 3.6854240616e-01
   endloop
 endfacet
 facet normal  -7.5345326112e-01 2.5317888002e-01 -6.0680197595e-01
   outer loop
     vertex 2.0323706242e+00 0.0000000000e+00 3.6705644575e-01
     vertex 2.0566180565e+00 8.2000000000e-02 3.7116216944e-01
     vertex 2.0587279120e+00 8.2000000000e-02 3.6854240616e-01
   endloop
 endfacet
 facet normal  -7.5345326112e-01 2.5317888002e-01 -6.0680197595e-01
   outer loop
     vertex 2.0323706242e+00 0.0000000000e+00 3.6705644575e-01
     vertex 2.0300000000e+00 0.0000000000e+00 3.7000000000e-01
     vertex 2.0566180565e+00 8.2000000000e-02 3.7116216944e-01
   endloop
 endfacet
 facet normal  -8.0347242090e-01 2.5317888002e-01 5.3882513264e-01
   outer loop
     vertex 2.0300000000e+00 0.0000000000e+00 3.7000000000e-01
     vertex 2.0321050556e+00 0.0000000000e+00 3.7313896665e-01
     vertex 2.0566180565e+00 8.2000000000e-02 3.7116216944e-01
   endloop
 endfacet
 facet normal  -8.0347242090e-01 2.5317888002e-01 5.3882513264e-01
   outer loop
     vertex 2.0566180565e+00 8.2000000000e-02 3.7116216944e-01
     vertex 2.0321050556e+00 0.0000000000e+00 3.7313896665e-01
     vertex 2.0584915560e+00 8.2000000000e-02 3.7395584976e-01
   endloop
 endfacet
 facet normal  -4.3268579869e-01 1.3034567284e-01 8.9207230939e-01
   outer loop
     vertex 2.0321050556e+00 0.0000000000e+00 3.7313896665e-01
     vertex 2.0371852621e+00 0.0000000000e+00 3.7560304178e-01
     vertex 2.0584915560e+00 8.2000000000e-02 3.7395584976e-01
   endloop
 endfacet
 facet normal  -4.3268579869e-01 1.3034567284e-01 8.9207230939e-01
   outer loop
     vertex 2.0584915560e+00 8.2000000000e-02 3.7395584976e-01
     vertex 2.0371852621e+00 0.0000000000e+00 3.7560304178e-01
     vertex 2.0630129397e+00 8.2000000000e-02 3.7614887663e-01
   endloop
 endfacet
 facet normal  -2.7419002271e-01 7.9982855496e-02 9.5834366188e-01
   outer loop
     vertex 2.0371852621e+00 0.0000000000e+00 3.7560304178e-01
     vertex 2.0448410308e+00 0.0000000000e+00 3.7779342034e-01
     vertex 2.0630129397e+00 8.2000000000e-02 3.7614887663e-01
   endloop
 endfacet
 facet normal  -2.7419002271e-01 7.9982855496e-02 9.5834366188e-01
   outer loop
     vertex 2.0630129397e+00 8.2000000000e-02 3.7614887663e-01
     vertex 2.0448410308e+00 0.0000000000e+00 3.7779342034e-01
     vertex 2.0698265739e+00 8.2000000000e-02 3.7809831355e-01
   endloop
 endfacet
 facet normal  -1.8341831481e-01 5.2237914640e-02 9.8164602687e-01
   outer loop
     vertex 2.0448410308e+00 0.0000000000e+00 3.7779342034e-01
     vertex 2.0555415113e+00 0.0000000000e+00 3.7979278063e-01
     vertex 2.0698265739e+00 8.2000000000e-02 3.7809831355e-01
   endloop
 endfacet
 facet normal  -1.8341831481e-01 5.2237914640e-02 9.8164602687e-01
   outer loop
     vertex 2.0698265739e+00 8.2000000000e-02 3.7809831355e-01
     vertex 2.0555415113e+00 0.0000000000e+00 3.7979278063e-01
     vertex 2.0793500015e+00 8.2000000000e-02 3.7987774421e-01
   endloop
 endfacet
 facet normal  -1.1966092337e-01 3.3715140026e-02 9.9224218453e-01
   outer loop
     vertex 2.0555415113e+00 0.0000000000e+00 3.7979278063e-01
     vertex 2.0697347799e+00 0.0000000000e+00 3.8150443899e-01
     vertex 2.0793500015e+00 8.2000000000e-02 3.7987774421e-01
   endloop
 endfacet
 facet normal  -1.1966092337e-01 3.3715140026e-02 9.9224218453e-01
   outer loop
     vertex 2.0793500015e+00 8.2000000000e-02 3.7987774421e-01
     vertex 2.0697347799e+00 0.0000000000e+00 3.8150443899e-01
     vertex 2.0919820106e+00 8.2000000000e-02 3.8140112015e-01
   endloop
 endfacet
 facet normal  -7.0570038902e-02 2.0402775947e-02 9.9729814817e-01
   outer loop
     vertex 2.0697347799e+00 0.0000000000e+00 3.8150443899e-01
     vertex 2.0875125073e+00 0.0000000000e+00 3.8276241277e-01
     vertex 2.0919820106e+00 8.2000000000e-02 3.8140112015e-01
   endloop
 endfacet
 facet normal  -7.0570038902e-02 2.0402775947e-02 9.9729814817e-01
   outer loop
     vertex 2.0919820106e+00 8.2000000000e-02 3.8140112015e-01
     vertex 2.0875125073e+00 0.0000000000e+00 3.8276241277e-01
     vertex 2.1078041880e+00 8.2000000000e-02 3.8252071681e-01
   endloop
 endfacet
 facet normal  -3.2123327129e-02 1.0895038633e-02 9.9942452941e-01
   outer loop
     vertex 2.0875125073e+00 0.0000000000e+00 3.8276241277e-01
     vertex 2.1083322819e+00 0.0000000000e+00 3.8343159830e-01
     vertex 2.1078041880e+00 8.2000000000e-02 3.8252071681e-01
   endloop
 endfacet
 facet normal  -3.2123327129e-02 1.0895038633e-02 9.9942452941e-01
   outer loop
     vertex 2.1078041880e+00 8.2000000000e-02 3.8252071681e-01
     vertex 2.1083322819e+00 0.0000000000e+00 3.8343159830e-01
     vertex 2.1263337874e+00 8.2000000000e-02 3.8311629193e-01
   endloop
 endfacet
 facet normal  -2.7737210619e-03 4.4540632104e-03 9.9998623380e-01
   outer loop
     vertex 2.1083322819e+00 0.0000000000e+00 3.8343159830e-01
     vertex 2.1309209247e+00 0.0000000000e+00 3.8349425375e-01
     vertex 2.1263337874e+00 8.2000000000e-02 3.8311629193e-01
   endloop
 endfacet
 facet normal  -2.7737210619e-03 4.4540632104e-03 9.9998623380e-01
   outer loop
     vertex 2.1263337874e+00 8.2000000000e-02 3.8311629193e-01
     vertex 2.1309209247e+00 0.0000000000e+00 3.8349425375e-01
     vertex 2.1464376794e+00 8.2000000000e-02 3.8317205528e-01
   endloop
 endfacet
 facet normal  1.8698211648e-02 3.9032379649e-04 9.9982509697e-01
   outer loop
     vertex 2.1309209247e+00 0.0000000000e+00 3.8349425375e-01
     vertex 2.1665383645e+00 8.2000000000e-02 3.8279614267e-01
     vertex 2.1464376794e+00 8.2000000000e-02 3.8317205528e-01
   endloop
 endfacet
 facet normal  1.8698211648e-02 3.9032379649e-04 9.9982509697e-01
   outer loop
     vertex 2.1309209247e+00 0.0000000000e+00 3.8349425375e-01
     vertex 2.1535059641e+00 0.0000000000e+00 3.8307188003e-01
     vertex 2.1665383645e+00 8.2000000000e-02 3.8279614267e-01
   endloop
 endfacet
 facet normal  3.4074967192e-02 -2.0549020185e-03 9.9941716715e-01
   outer loop
     vertex 2.1535059641e+00 0.0000000000e+00 3.8307188003e-01
     vertex 2.1850674831e+00 8.2000000000e-02 3.8216439536e-01
     vertex 2.1665383645e+00 8.2000000000e-02 3.8279614267e-01
   endloop
 endfacet
 facet normal  3.4074967192e-02 -2.0549020185e-03 9.9941716715e-01
   outer loop
     vertex 2.1535059641e+00 0.0000000000e+00 3.8307188003e-01
     vertex 2.1743251985e+00 0.0000000000e+00 3.8236205159e-01
     vertex 2.1850674831e+00 8.2000000000e-02 3.8216439536e-01
   endloop
 endfacet
 facet normal  4.5264107422e-02 -3.5217988761e-03 9.9896884712e-01
   outer loop
     vertex 2.1743251985e+00 0.0000000000e+00 3.8236205159e-01
     vertex 2.2009140867e+00 8.2000000000e-02 3.8144637260e-01
     vertex 2.1850674831e+00 8.2000000000e-02 3.8216439536e-01
   endloop
 endfacet
 facet normal  4.5264107422e-02 -3.5217988761e-03 9.9896884712e-01
   outer loop
     vertex 2.1743251985e+00 0.0000000000e+00 3.8236205159e-01
     vertex 2.1921303710e+00 0.0000000000e+00 3.8155528445e-01
     vertex 2.2009140867e+00 8.2000000000e-02 3.8144637260e-01
   endloop
 endfacet
 facet normal  5.3687233405e-02 -4.4246303275e-03 9.9854799765e-01
   outer loop
     vertex 2.1921303710e+00 0.0000000000e+00 3.8155528445e-01
     vertex 2.2136208445e+00 8.2000000000e-02 3.8076318995e-01
     vertex 2.2009140867e+00 8.2000000000e-02 3.8144637260e-01
   endloop
 endfacet
 facet normal  5.3687233405e-02 -4.4246303275e-03 9.9854799765e-01
   outer loop
     vertex 2.1921303710e+00 0.0000000000e+00 3.8155528445e-01
     vertex 2.2064076270e+00 0.0000000000e+00 3.8078766349e-01
     vertex 2.2136208445e+00 8.2000000000e-02 3.8076318995e-01
   endloop
 endfacet
 facet normal  6.0149994486e-02 -4.9932447708e-03 9.9817686092e-01
   outer loop
     vertex 2.2064076270e+00 0.0000000000e+00 3.8078766349e-01
     vertex 2.2232937571e+00 8.2000000000e-02 3.8018030162e-01
     vertex 2.2136208445e+00 8.2000000000e-02 3.8076318995e-01
   endloop
 endfacet
 facet normal  6.0149994486e-02 -4.9932447708e-03 9.9817686092e-01
   outer loop
     vertex 2.2064076270e+00 0.0000000000e+00 3.8078766349e-01
     vertex 2.2172760681e+00 0.0000000000e+00 3.8013273278e-01
     vertex 2.2232937571e+00 8.2000000000e-02 3.8018030162e-01
   endloop
 endfacet
 facet normal  6.5123146936e-02 -5.3580246184e-03 9.9786284995e-01
   outer loop
     vertex 2.2172760681e+00 0.0000000000e+00 3.8013273278e-01
     vertex 2.2303697845e+00 8.2000000000e-02 3.7971850151e-01
     vertex 2.2232937571e+00 8.2000000000e-02 3.8018030162e-01
   endloop
 endfacet
 facet normal  6.5123146936e-02 -5.3580246184e-03 9.9786284995e-01
   outer loop
     vertex 2.2172760681e+00 0.0000000000e+00 3.8013273278e-01
     vertex 2.2252266608e+00 0.0000000000e+00 3.7961385625e-01
     vertex 2.2303697845e+00 8.2000000000e-02 3.7971850151e-01
   endloop
 endfacet
 facet normal  6.8862604516e-02 -5.5922451528e-03 9.9761047934e-01
   outer loop
     vertex 2.2252266608e+00 0.0000000000e+00 3.7961385625e-01
     vertex 2.2353968085e+00 8.2000000000e-02 3.7937149837e-01
     vertex 2.2303697845e+00 8.2000000000e-02 3.7971850151e-01
   endloop
 endfacet
 facet normal  6.8862604516e-02 -5.5922451528e-03 9.9761047934e-01
   outer loop
     vertex 2.2252266608e+00 0.0000000000e+00 3.7961385625e-01
     vertex 2.2308750023e+00 0.0000000000e+00 3.7922396509e-01
     vertex 2.2353968085e+00 8.2000000000e-02 3.7937149837e-01
   endloop
 endfacet
 facet normal  7.1570289600e-02 -5.7412132365e-03 9.9741903537e-01
   outer loop
     vertex 2.2308750023e+00 0.0000000000e+00 3.7922396509e-01
     vertex 2.2388944045e+00 8.2000000000e-02 3.7912052667e-01
     vertex 2.2353968085e+00 8.2000000000e-02 3.7937149837e-01
   endloop
 endfacet
 facet normal  7.1570289600e-02 -5.7412132365e-03 9.9741903537e-01
   outer loop
     vertex 2.2308750023e+00 0.0000000000e+00 3.7922396509e-01
     vertex 2.2348048854e+00 0.0000000000e+00 3.7894197441e-01
     vertex 2.2388944045e+00 8.2000000000e-02 3.7912052667e-01
   endloop
 endfacet
 facet normal  1.5822873990e-01 -5.7412132365e-03 -9.8738579306e-01
   outer loop
     vertex 2.2388944045e+00 8.2000000000e-02 3.7912052667e-01
     vertex 2.2354319916e+00 8.2000000000e-02 3.7856567441e-01
     vertex 2.2429839236e+00 1.6400000000e-01 3.7929907893e-01
   endloop
 endfacet
 facet normal  1.5822873990e-01 -5.7412132365e-03 -9.8738579306e-01
   outer loop
     vertex 2.2429839236e+00 1.6400000000e-01 3.7929907893e-01
     vertex 2.2354319916e+00 8.2000000000e-02 3.7856567441e-01
     vertex 2.2399494493e+00 1.6400000000e-01 3.7881280392e-01
   endloop
 endfacet
 facet normal  1.5554804382e-01 -5.5922451528e-03 -9.8781249884e-01
   outer loop
     vertex 2.2354319916e+00 8.2000000000e-02 3.7856567441e-01
     vertex 2.2304543402e+00 8.2000000000e-02 3.7778185772e-01
     vertex 2.2399494493e+00 1.6400000000e-01 3.7881280392e-01
   endloop
 endfacet
 facet normal  1.5554804382e-01 -5.5922451528e-03 -9.8781249884e-01
   outer loop
     vertex 2.2399494493e+00 1.6400000000e-01 3.7881280392e-01
     vertex 2.2304543402e+00 8.2000000000e-02 3.7778185772e-01
     vertex 2.2355870133e+00 1.6400000000e-01 3.7812586344e-01
   endloop
 endfacet
 facet normal  1.5184481155e-01 -5.3580246184e-03 -9.8838982430e-01
   outer loop
     vertex 2.2304543402e+00 8.2000000000e-02 3.7778185772e-01
     vertex 2.2234454877e+00 8.2000000000e-02 3.7670509847e-01
     vertex 2.2355870133e+00 1.6400000000e-01 3.7812586344e-01
   endloop
 endfacet
 facet normal  1.5184481155e-01 -5.3580246184e-03 -9.8838982430e-01
   outer loop
     vertex 2.2355870133e+00 1.6400000000e-01 3.7812586344e-01
     vertex 2.2234454877e+00 8.2000000000e-02 3.7670509847e-01
     vertex 2.2294444235e+00 1.6400000000e-01 3.7718218680e-01
   endloop
 endfacet
 facet normal  1.4691795130e-01 -4.9932447708e-03 -9.8913607916e-01
   outer loop
     vertex 2.2234454877e+00 8.2000000000e-02 3.7670509847e-01
     vertex 2.2138601855e+00 8.2000000000e-02 3.7528137832e-01
     vertex 2.2294444235e+00 1.6400000000e-01 3.7718218680e-01
   endloop
 endfacet
 facet normal  1.4691795130e-01 -4.9932447708e-03 -9.8913607916e-01
   outer loop
     vertex 2.2294444235e+00 1.6400000000e-01 3.7718218680e-01
     vertex 2.2138601855e+00 8.2000000000e-02 3.7528137832e-01
     vertex 2.2210438215e+00 1.6400000000e-01 3.7593443206e-01
   endloop
 endfacet
 facet normal  1.4051212968e-01 -4.4246303275e-03 -9.9006907035e-01
   outer loop
     vertex 2.2138601855e+00 8.2000000000e-02 3.7528137832e-01
     vertex 2.2012613241e+00 8.2000000000e-02 3.7349332847e-01
     vertex 2.2210438215e+00 1.6400000000e-01 3.7593443206e-01
   endloop
 endfacet
 facet normal  1.4051212968e-01 -4.4246303275e-03 -9.9006907035e-01
   outer loop
     vertex 2.2210438215e+00 1.6400000000e-01 3.7593443206e-01
     vertex 2.2012613241e+00 8.2000000000e-02 3.7349332847e-01
     vertex 2.2100021228e+00 1.6400000000e-01 3.7436737714e-01
   endloop
 endfacet
 facet normal  1.3215773568e-01 -3.5217988761e-03 -9.9122244216e-01
   outer loop
     vertex 2.2012613241e+00 8.2000000000e-02 3.7349332847e-01
     vertex 2.1855376015e+00 8.2000000000e-02 3.7139691551e-01
     vertex 2.2100021228e+00 1.6400000000e-01 3.7436737714e-01
   endloop
 endfacet
 facet normal  1.3215773568e-01 -3.5217988761e-03 -9.9122244216e-01
   outer loop
     vertex 2.2100021228e+00 1.6400000000e-01 3.7436737714e-01
     vertex 2.1855376015e+00 8.2000000000e-02 3.7139691551e-01
     vertex 2.1962217816e+00 1.6400000000e-01 3.7253007139e-01
   endloop
 endfacet
 facet normal  1.2105024717e-01 -2.0549020185e-03 -9.9264425402e-01
   outer loop
     vertex 2.1855376015e+00 8.2000000000e-02 3.7139691551e-01
     vertex 2.1671340521e+00 8.2000000000e-02 3.6915265309e-01
     vertex 2.1962217816e+00 1.6400000000e-01 3.7253007139e-01
   endloop
 endfacet
 facet normal  1.2105024717e-01 -2.0549020185e-03 -9.9264425402e-01
   outer loop
     vertex 2.1962217816e+00 1.6400000000e-01 3.7253007139e-01
     vertex 2.1671340521e+00 8.2000000000e-02 3.6915265309e-01
     vertex 2.1800928282e+00 1.6400000000e-01 3.7056318972e-01
   endloop
 endfacet
 facet normal  1.0576755825e-01 3.9032379649e-04 -9.9439080410e-01
   outer loop
     vertex 2.1671340521e+00 8.2000000000e-02 3.6915265309e-01
     vertex 2.1471426191e+00 8.2000000000e-02 3.6702628080e-01
     vertex 2.1800928282e+00 1.6400000000e-01 3.7056318972e-01
   endloop
 endfacet
 facet normal  1.0576755825e-01 3.9032379649e-04 -9.9439080410e-01
   outer loop
     vertex 2.1800928282e+00 1.6400000000e-01 3.7056318972e-01
     vertex 2.1471426191e+00 8.2000000000e-02 3.6702628080e-01
     vertex 2.1625722465e+00 1.6400000000e-01 3.6869962749e-01
   endloop
 endfacet
 facet normal  8.4391376729e-02 4.4540632104e-03 -9.9642273000e-01
   outer loop
     vertex 2.1471426191e+00 8.2000000000e-02 3.6702628080e-01
     vertex 2.1450158919e+00 1.6400000000e-01 3.6721270343e-01
     vertex 2.1625722465e+00 1.6400000000e-01 3.6869962749e-01
   endloop
 endfacet
 facet normal  8.4391376729e-02 4.4540632104e-03 -9.9642273000e-01
   outer loop
     vertex 2.1471426191e+00 8.2000000000e-02 3.6702628080e-01
     vertex 2.1271103684e+00 8.2000000000e-02 3.6532966231e-01
     vertex 2.1450158919e+00 1.6400000000e-01 3.6721270343e-01
   endloop
 endfacet
 facet normal  5.5104499010e-02 1.0895038633e-02 -9.9842114978e-01
   outer loop
     vertex 2.1271103684e+00 8.2000000000e-02 3.6532966231e-01
     vertex 2.1287927714e+00 1.6400000000e-01 3.6631732283e-01
     vertex 2.1450158919e+00 1.6400000000e-01 3.6721270343e-01
   endloop
 endfacet
 facet normal  5.5104499010e-02 1.0895038633e-02 -9.9842114978e-01
   outer loop
     vertex 2.1271103684e+00 8.2000000000e-02 3.6532966231e-01
     vertex 2.1085993720e+00 8.2000000000e-02 3.6430801009e-01
     vertex 2.1287927714e+00 1.6400000000e-01 3.6631732283e-01
   endloop
 endfacet
 facet normal  1.6618762246e-02 2.0402775947e-02 -9.9965371178e-01
   outer loop
     vertex 2.1085993720e+00 8.2000000000e-02 3.6430801009e-01
     vertex 2.1148933918e+00 1.6400000000e-01 3.6608625232e-01
     vertex 2.1287927714e+00 1.6400000000e-01 3.6631732283e-01
   endloop
 endfacet
 facet normal  1.6618762246e-02 2.0402775947e-02 -9.9965371178e-01
   outer loop
     vertex 2.1085993720e+00 8.2000000000e-02 3.6430801009e-01
     vertex 2.0927398234e+00 8.2000000000e-02 3.6404435272e-01
     vertex 2.1148933918e+00 1.6400000000e-01 3.6608625232e-01
   endloop
 endfacet
 facet normal  -3.2725972850e-02 3.3715140026e-02 -9.9889554010e-01
   outer loop
     vertex 2.0927398234e+00 8.2000000000e-02 3.6404435272e-01
     vertex 2.1037484088e+00 1.6400000000e-01 3.6645138601e-01
     vertex 2.1148933918e+00 1.6400000000e-01 3.6608625232e-01
   endloop
 endfacet
 facet normal  -3.2725972850e-02 3.3715140026e-02 -9.9889554010e-01
   outer loop
     vertex 2.0927398234e+00 8.2000000000e-02 3.6404435272e-01
     vertex 2.0800231120e+00 8.2000000000e-02 3.6446097963e-01
     vertex 2.1037484088e+00 1.6400000000e-01 3.6645138601e-01
   endloop
 endfacet
 facet normal  -9.7164264156e-02 5.2237914640e-02 -9.9389652683e-01
   outer loop
     vertex 2.0800231120e+00 8.2000000000e-02 3.6446097963e-01
     vertex 2.0952978750e+00 1.6400000000e-01 3.6727751818e-01
     vertex 2.1037484088e+00 1.6400000000e-01 3.6645138601e-01
   endloop
 endfacet
 facet normal  -9.7164264156e-02 5.2237914640e-02 -9.9389652683e-01
   outer loop
     vertex 2.0800231120e+00 8.2000000000e-02 3.6446097963e-01
     vertex 2.0703808363e+00 8.2000000000e-02 3.6540361761e-01
     vertex 2.0952978750e+00 1.6400000000e-01 3.6727751818e-01
   endloop
 endfacet
 facet normal  -1.8962149323e-01 7.9982855496e-02 -9.7859411000e-01
   outer loop
     vertex 2.0703808363e+00 8.2000000000e-02 3.6540361761e-01
     vertex 2.0892001936e+00 1.6400000000e-01 3.6845906163e-01
     vertex 2.0952978750e+00 1.6400000000e-01 3.6727751818e-01
   endloop
 endfacet
 facet normal  -1.8962149323e-01 7.9982855496e-02 -9.7859411000e-01
   outer loop
     vertex 2.0703808363e+00 8.2000000000e-02 3.6540361761e-01
     vertex 2.0634232254e+00 8.2000000000e-02 3.6675178899e-01
     vertex 2.0892001936e+00 1.6400000000e-01 3.6845906163e-01
   endloop
 endfacet
 facet normal  -3.5329007389e-01 1.3034567284e-01 -9.2638875709e-01
   outer loop
     vertex 2.0634232254e+00 8.2000000000e-02 3.6675178899e-01
     vertex 2.0850851998e+00 1.6400000000e-01 3.7002836657e-01
     vertex 2.0892001936e+00 1.6400000000e-01 3.6845906163e-01
   endloop
 endfacet
 facet normal  -3.5329007389e-01 1.3034567284e-01 -9.2638875709e-01
   outer loop
     vertex 2.0634232254e+00 8.2000000000e-02 3.6675178899e-01
     vertex 2.0587279120e+00 8.2000000000e-02 3.6854240616e-01
     vertex 2.0850851998e+00 1.6400000000e-01 3.7002836657e-01
   endloop
 endfacet
 facet normal  -7.5345326112e-01 2.5317888002e-01 -6.0680197596e-01
   outer loop
     vertex 2.0587279120e+00 8.2000000000e-02 3.6854240616e-01
     vertex 2.0832361129e+00 1.6400000000e-01 3.7232433889e-01
     vertex 2.0850851998e+00 1.6400000000e-01 3.7002836657e-01
   endloop
 endfacet
 facet normal  -7.5345326112e-01 2.5317888002e-01 -6.0680197595e-01
   outer loop
     vertex 2.0587279120e+00 8.2000000000e-02 3.6854240616e-01
     vertex 2.0566180565e+00 8.2000000000e-02 3.7116216944e-01
     vertex 2.0832361129e+00 1.6400000000e-01 3.7232433889e-01
   endloop
 endfacet
 facet normal  -8.0347242090e-01 2.5317888002e-01 5.3882513264e-01
   outer loop
     vertex 2.0566180565e+00 8.2000000000e-02 3.7116216944e-01
     vertex 2.0584915560e+00 8.2000000000e-02 3.7395584976e-01
     vertex 2.0832361129e+00 1.6400000000e-01 3.7232433889e-01
   endloop
 endfacet
 facet normal  -8.0347242090e-01 2.5317888002e-01 5.3882513264e-01
   outer loop
     vertex 2.0832361129e+00 1.6400000000e-01 3.7232433889e-01
     vertex 2.0584915560e+00 8.2000000000e-02 3.7395584976e-01
     vertex 2.0848780563e+00 1.6400000000e-01 3.7477273287e-01
   endloop
 endfacet
 facet normal  -4.3268579869e-01 1.3034567284e-01 8.9207230939e-01
   outer loop
     vertex 2.0584915560e+00 8.2000000000e-02 3.7395584976e-01
     vertex 2.0630129397e+00 8.2000000000e-02 3.7614887663e-01
     vertex 2.0848780563e+00 1.6400000000e-01 3.7477273287e-01
   endloop
 endfacet
 facet normal  -4.3268579869e-01 1.3034567284e-01 8.9207230939e-01
   outer loop
     vertex 2.0848780563e+00 1.6400000000e-01 3.7477273287e-01
     vertex 2.0630129397e+00 8.2000000000e-02 3.7614887663e-01
     vertex 2.0888406173e+00 1.6400000000e-01 3.7669471147e-01
   endloop
 endfacet
 facet normal  -2.7419002271e-01 7.9982855496e-02 9.5834366188e-01
   outer loop
     vertex 2.0630129397e+00 8.2000000000e-02 3.7614887663e-01
     vertex 2.0698265739e+00 8.2000000000e-02 3.7809831355e-01
     vertex 2.0888406173e+00 1.6400000000e-01 3.7669471147e-01
   endloop
 endfacet
 facet normal  -2.7419002271e-01 7.9982855496e-02 9.5834366188e-01
   outer loop
     vertex 2.0888406173e+00 1.6400000000e-01 3.7669471147e-01
     vertex 2.0698265739e+00 8.2000000000e-02 3.7809831355e-01
     vertex 2.0948121170e+00 1.6400000000e-01 3.7840320675e-01
   endloop
 endfacet
 facet normal  -1.8341831481e-01 5.2237914640e-02 9.8164602687e-01
   outer loop
     vertex 2.0698265739e+00 8.2000000000e-02 3.7809831355e-01
     vertex 2.0793500015e+00 8.2000000000e-02 3.7987774421e-01
     vertex 2.0948121170e+00 1.6400000000e-01 3.7840320675e-01
   endloop
 endfacet
 facet normal  -1.8341831481e-01 5.2237914640e-02 9.8164602687e-01
   outer loop
     vertex 2.0948121170e+00 1.6400000000e-01 3.7840320675e-01
     vertex 2.0793500015e+00 8.2000000000e-02 3.7987774421e-01
     vertex 2.1031584917e+00 1.6400000000e-01 3.7996270778e-01
   endloop
 endfacet
 facet normal  -1.1966092337e-01 3.3715140026e-02 9.9224218453e-01
   outer loop
     vertex 2.0793500015e+00 8.2000000000e-02 3.7987774421e-01
     vertex 2.0919820106e+00 8.2000000000e-02 3.8140112015e-01
     vertex 2.1031584917e+00 1.6400000000e-01 3.7996270778e-01
   endloop
 endfacet
 facet normal  -1.1966092337e-01 3.3715140026e-02 9.9224218453e-01
   outer loop
     vertex 2.1031584917e+00 1.6400000000e-01 3.7996270778e-01
     vertex 2.0919820106e+00 8.2000000000e-02 3.8140112015e-01
     vertex 2.1142292412e+00 1.6400000000e-01 3.8129780130e-01
   endloop
 endfacet
 facet normal  -7.0570038902e-02 2.0402775947e-02 9.9729814817e-01
   outer loop
     vertex 2.0919820106e+00 8.2000000000e-02 3.8140112015e-01
     vertex 2.1078041880e+00 8.2000000000e-02 3.8252071681e-01
     vertex 2.1142292412e+00 1.6400000000e-01 3.8129780130e-01
   endloop
 endfacet
 facet normal  -7.0570038902e-02 2.0402775947e-02 9.9729814817e-01
   outer loop
     vertex 2.1142292412e+00 1.6400000000e-01 3.8129780130e-01
     vertex 2.1078041880e+00 8.2000000000e-02 3.8252071681e-01
     vertex 2.1280958687e+00 1.6400000000e-01 3.8227902085e-01
   endloop
 endfacet
 facet normal  -3.2123327129e-02 1.0895038633e-02 9.9942452941e-01
   outer loop
     vertex 2.1078041880e+00 8.2000000000e-02 3.8252071681e-01
     vertex 2.1263337874e+00 8.2000000000e-02 3.8311629193e-01
     vertex 2.1280958687e+00 1.6400000000e-01 3.8227902085e-01
   endloop
 endfacet
 facet normal  -3.2123327129e-02 1.0895038633e-02 9.9942452941e-01
   outer loop
     vertex 2.1280958687e+00 1.6400000000e-01 3.8227902085e-01
     vertex 2.1263337874e+00 8.2000000000e-02 3.8311629193e-01
     vertex 2.1443352928e+00 1.6400000000e-01 3.8280098556e-01
   endloop
 endfacet
 facet normal  -2.7737210619e-03 4.4540632104e-03 9.9998623380e-01
   outer loop
     vertex 2.1263337874e+00 8.2000000000e-02 3.8311629193e-01
     vertex 2.1464376794e+00 8.2000000000e-02 3.8317205528e-01
     vertex 2.1443352928e+00 1.6400000000e-01 3.8280098556e-01
   endloop
 endfacet
 facet normal  -2.7737210619e-03 4.4540632104e-03 9.9998623380e-01
   outer loop
     vertex 2.1443352928e+00 1.6400000000e-01 3.8280098556e-01
     vertex 2.1464376794e+00 8.2000000000e-02 3.8317205528e-01
     vertex 2.1619544342e+00 1.6400000000e-01 3.8284985681e-01
   endloop
 endfacet
 facet normal  1.8698211648e-02 3.9032379649e-04 9.9982509697e-01
   outer loop
     vertex 2.1464376794e+00 8.2000000000e-02 3.8317205528e-01
     vertex 2.1795707649e+00 1.6400000000e-01 3.8252040531e-01
     vertex 2.1619544342e+00 1.6400000000e-01 3.8284985681e-01
   endloop
 endfacet
 facet normal  1.8698211648e-02 3.9032379649e-04 9.9982509697e-01
   outer loop
     vertex 2.1464376794e+00 8.2000000000e-02 3.8317205528e-01
     vertex 2.1665383645e+00 8.2000000000e-02 3.8279614267e-01
     vertex 2.1795707649e+00 1.6400000000e-01 3.8252040531e-01
   endloop
 endfacet
 facet normal  3.4074967192e-02 -2.0549020185e-03 9.9941716715e-01
   outer loop
     vertex 2.1665383645e+00 8.2000000000e-02 3.8279614267e-01
     vertex 2.1958097678e+00 1.6400000000e-01 3.8196673913e-01
     vertex 2.1795707649e+00 1.6400000000e-01 3.8252040531e-01
   endloop
 endfacet
 facet normal  3.4074967192e-02 -2.0549020185e-03 9.9941716715e-01
   outer loop
     vertex 2.1665383645e+00 8.2000000000e-02 3.8279614267e-01
     vertex 2.1850674831e+00 8.2000000000e-02 3.8216439536e-01
     vertex 2.1958097678e+00 1.6400000000e-01 3.8196673913e-01
   endloop
 endfacet
 facet normal  4.5264107422e-02 -3.5217988761e-03 9.9896884712e-01
   outer loop
     vertex 2.1850674831e+00 8.2000000000e-02 3.8216439536e-01
     vertex 2.2096978023e+00 1.6400000000e-01 3.8133746076e-01
     vertex 2.1958097678e+00 1.6400000000e-01 3.8196673913e-01
   endloop
 endfacet
 facet normal  4.5264107422e-02 -3.5217988761e-03 9.9896884712e-01
   outer loop
     vertex 2.1850674831e+00 8.2000000000e-02 3.8216439536e-01
     vertex 2.2009140867e+00 8.2000000000e-02 3.8144637260e-01
     vertex 2.2096978023e+00 1.6400000000e-01 3.8133746076e-01
   endloop
 endfacet
 facet normal  5.3687233405e-02 -4.4246303275e-03 9.9854799765e-01
   outer loop
     vertex 2.2009140867e+00 8.2000000000e-02 3.8144637260e-01
     vertex 2.2208340620e+00 1.6400000000e-01 3.8073871641e-01
     vertex 2.2096978023e+00 1.6400000000e-01 3.8133746076e-01
   endloop
 endfacet
 facet normal  5.3687233405e-02 -4.4246303275e-03 9.9854799765e-01
   outer loop
     vertex 2.2009140867e+00 8.2000000000e-02 3.8144637260e-01
     vertex 2.2136208445e+00 8.2000000000e-02 3.8076318995e-01
     vertex 2.2208340620e+00 1.6400000000e-01 3.8073871641e-01
   endloop
 endfacet
 facet normal  6.0149994486e-02 -4.9932447708e-03 9.9817686092e-01
   outer loop
     vertex 2.2136208445e+00 8.2000000000e-02 3.8076318995e-01
     vertex 2.2293114461e+00 1.6400000000e-01 3.8022787046e-01
     vertex 2.2208340620e+00 1.6400000000e-01 3.8073871641e-01
   endloop
 endfacet
 facet normal  6.0149994486e-02 -4.9932447708e-03 9.9817686092e-01
   outer loop
     vertex 2.2136208445e+00 8.2000000000e-02 3.8076318995e-01
     vertex 2.2232937571e+00 8.2000000000e-02 3.8018030162e-01
     vertex 2.2293114461e+00 1.6400000000e-01 3.8022787046e-01
   endloop
 endfacet
 facet normal  6.5123146936e-02 -5.3580246184e-03 9.9786284995e-01
   outer loop
     vertex 2.2232937571e+00 8.2000000000e-02 3.8018030162e-01
     vertex 2.2355129083e+00 1.6400000000e-01 3.7982314676e-01
     vertex 2.2293114461e+00 1.6400000000e-01 3.8022787046e-01
   endloop
 endfacet
 facet normal  6.5123146936e-02 -5.3580246184e-03 9.9786284995e-01
   outer loop
     vertex 2.2232937571e+00 8.2000000000e-02 3.8018030162e-01
     vertex 2.2303697845e+00 8.2000000000e-02 3.7971850151e-01
     vertex 2.2355129083e+00 1.6400000000e-01 3.7982314676e-01
   endloop
 endfacet
 facet normal  6.8862604516e-02 -5.5922451528e-03 9.9761047934e-01
   outer loop
     vertex 2.2303697845e+00 8.2000000000e-02 3.7971850151e-01
     vertex 2.2399186147e+00 1.6400000000e-01 3.7951903166e-01
     vertex 2.2355129083e+00 1.6400000000e-01 3.7982314676e-01
   endloop
 endfacet
 facet normal  6.8862604516e-02 -5.5922451528e-03 9.9761047934e-01
   outer loop
     vertex 2.2303697845e+00 8.2000000000e-02 3.7971850151e-01
     vertex 2.2353968085e+00 8.2000000000e-02 3.7937149837e-01
     vertex 2.2399186147e+00 1.6400000000e-01 3.7951903166e-01
   endloop
 endfacet
 facet normal  7.1570289600e-02 -5.7412132365e-03 9.9741903537e-01
   outer loop
     vertex 2.2353968085e+00 8.2000000000e-02 3.7937149837e-01
     vertex 2.2429839236e+00 1.6400000000e-01 3.7929907893e-01
     vertex 2.2399186147e+00 1.6400000000e-01 3.7951903166e-01
   endloop
 endfacet
 facet normal  7.1570289600e-02 -5.7412132365e-03 9.9741903537e-01
   outer loop
     vertex 2.2353968085e+00 8.2000000000e-02 3.7937149837e-01
     vertex 2.2388944045e+00 8.2000000000e-02 3.7912052667e-01
     vertex 2.2429839236e+00 1.6400000000e-01 3.7929907893e-01
   endloop
 endfacet
 facet normal  1.5822873990e-01 -5.7412132365e-03 -9.8738579306e-01
   outer loop
     vertex 2.2429839236e+00 1.6400000000e-01 3.7929907893e-01
     vertex 2.2399494493e+00 1.6400000000e-01 3.7881280392e-01
     vertex 2.2470734426e+00 2.4600000000e-01 3.7947763119e-01
   endloop
 endfacet
 facet normal  1.5822873990e-01 -5.7412132365e-03 -9.8738579306e-01
   outer loop
     vertex 2.2470734426e+00 2.4600000000e-01 3.7947763119e-01
     vertex 2.2399494493e+00 1.6400000000e-01 3.7881280392e-01
     vertex 2.2444669071e+00 2.4600000000e-01 3.7905993342e-01
   endloop
 endfacet
 facet normal  1.5554804382e-01 -5.5922451528e-03 -9.8781249884e-01
   outer loop
     vertex 2.2399494493e+00 1.6400000000e-01 3.7881280392e-01
     vertex 2.2355870133e+00 1.6400000000e-01 3.7812586344e-01
     vertex 2.2444669071e+00 2.4600000000e-01 3.7905993342e-01
   endloop
 endfacet
 facet normal  1.5554804382e-01 -5.5922451528e-03 -9.8781249884e-01
   outer loop
     vertex 2.2444669071e+00 2.4600000000e-01 3.7905993342e-01
     vertex 2.2355870133e+00 1.6400000000e-01 3.7812586344e-01
     vertex 2.2407196864e+00 2.4600000000e-01 3.7846986917e-01
   endloop
 endfacet
 facet normal  1.5184481155e-01 -5.3580246184e-03 -9.8838982430e-01
   outer loop
     vertex 2.2355870133e+00 1.6400000000e-01 3.7812586344e-01
     vertex 2.2294444235e+00 1.6400000000e-01 3.7718218680e-01
     vertex 2.2407196864e+00 2.4600000000e-01 3.7846986917e-01
   endloop
 endfacet
 facet normal  1.5184481155e-01 -5.3580246184e-03 -9.8838982430e-01
   outer loop
     vertex 2.2407196864e+00 2.4600000000e-01 3.7846986917e-01
     vertex 2.2294444235e+00 1.6400000000e-01 3.7718218680e-01
     vertex 2.2354433592e+00 2.4600000000e-01 3.7765927513e-01
   endloop
 endfacet
 facet normal  1.4691795130e-01 -4.9932447708e-03 -9.8913607916e-01
   outer loop
     vertex 2.2294444235e+00 1.6400000000e-01 3.7718218680e-01
     vertex 2.2210438215e+00 1.6400000000e-01 3.7593443206e-01
     vertex 2.2354433592e+00 2.4600000000e-01 3.7765927513e-01
   endloop
 endfacet
 facet normal  1.4691795130e-01 -4.9932447708e-03 -9.8913607916e-01
   outer loop
     vertex 2.2354433592e+00 2.4600000000e-01 3.7765927513e-01
     vertex 2.2210438215e+00 1.6400000000e-01 3.7593443206e-01
     vertex 2.2282274576e+00 2.4600000000e-01 3.7658748580e-01
   endloop
 endfacet
 facet normal  1.4051212968e-01 -4.4246303275e-03 -9.9006907035e-01
   outer loop
     vertex 2.2210438215e+00 1.6400000000e-01 3.7593443206e-01
     vertex 2.2100021228e+00 1.6400000000e-01 3.7436737714e-01
     vertex 2.2282274576e+00 2.4600000000e-01 3.7658748580e-01
   endloop
 endfacet
 facet normal  1.4051212968e-01 -4.4246303275e-03 -9.9006907035e-01
   outer loop
     vertex 2.2282274576e+00 2.4600000000e-01 3.7658748580e-01
     vertex 2.2100021228e+00 1.6400000000e-01 3.7436737714e-01
     vertex 2.2187429214e+00 2.4600000000e-01 3.7524142580e-01
   endloop
 endfacet
 facet normal  1.3215773568e-01 -3.5217988761e-03 -9.9122244216e-01
   outer loop
     vertex 2.2100021228e+00 1.6400000000e-01 3.7436737714e-01
     vertex 2.1962217816e+00 1.6400000000e-01 3.7253007139e-01
     vertex 2.2187429214e+00 2.4600000000e-01 3.7524142580e-01
   endloop
 endfacet
 facet normal  1.3215773568e-01 -3.5217988761e-03 -9.9122244216e-01
   outer loop
     vertex 2.2187429214e+00 2.4600000000e-01 3.7524142580e-01
     vertex 2.1962217816e+00 1.6400000000e-01 3.7253007139e-01
     vertex 2.2069059617e+00 2.4600000000e-01 3.7366322728e-01
   endloop
 endfacet
 facet normal  1.2105024717e-01 -2.0549020185e-03 -9.9264425402e-01
   outer loop
     vertex 2.1962217816e+00 1.6400000000e-01 3.7253007139e-01
     vertex 2.1800928282e+00 1.6400000000e-01 3.7056318972e-01
     vertex 2.2069059617e+00 2.4600000000e-01 3.7366322728e-01
   endloop
 endfacet
 facet normal  1.2105024717e-01 -2.0549020185e-03 -9.9264425402e-01
   outer loop
     vertex 2.2069059617e+00 2.4600000000e-01 3.7366322728e-01
     vertex 2.1800928282e+00 1.6400000000e-01 3.7056318972e-01
     vertex 2.1930516043e+00 2.4600000000e-01 3.7197372635e-01
   endloop
 endfacet
 facet normal  1.0576755825e-01 3.9032379649e-04 -9.9439080410e-01
   outer loop
     vertex 2.1800928282e+00 1.6400000000e-01 3.7056318972e-01
     vertex 2.1625722465e+00 1.6400000000e-01 3.6869962749e-01
     vertex 2.1930516043e+00 2.4600000000e-01 3.7197372635e-01
   endloop
 endfacet
 facet normal  1.0576755825e-01 3.9032379649e-04 -9.9439080410e-01
   outer loop
     vertex 2.1930516043e+00 2.4600000000e-01 3.7197372635e-01
     vertex 2.1625722465e+00 1.6400000000e-01 3.6869962749e-01
     vertex 2.1780018739e+00 2.4600000000e-01 3.7037297418e-01
   endloop
 endfacet
 facet normal  8.4391376729e-02 4.4540632104e-03 -9.9642273000e-01
   outer loop
     vertex 2.1625722465e+00 1.6400000000e-01 3.6869962749e-01
     vertex 2.1629214155e+00 2.4600000000e-01 3.6909574454e-01
     vertex 2.1780018739e+00 2.4600000000e-01 3.7037297418e-01
   endloop
 endfacet
 facet normal  8.4391376729e-02 4.4540632104e-03 -9.9642273000e-01
   outer loop
     vertex 2.1625722465e+00 1.6400000000e-01 3.6869962749e-01
     vertex 2.1450158919e+00 1.6400000000e-01 3.6721270343e-01
     vertex 2.1629214155e+00 2.4600000000e-01 3.6909574454e-01
   endloop
 endfacet
 facet normal  5.5104499010e-02 1.0895038633e-02 -9.9842114978e-01
   outer loop
     vertex 2.1450158919e+00 1.6400000000e-01 3.6721270343e-01
     vertex 2.1489861709e+00 2.4600000000e-01 3.6832663556e-01
     vertex 2.1629214155e+00 2.4600000000e-01 3.6909574454e-01
   endloop
 endfacet
 facet normal  5.5104499010e-02 1.0895038633e-02 -9.9842114978e-01
   outer loop
     vertex 2.1450158919e+00 1.6400000000e-01 3.6721270343e-01
     vertex 2.1287927714e+00 1.6400000000e-01 3.6631732283e-01
     vertex 2.1489861709e+00 2.4600000000e-01 3.6832663556e-01
   endloop
 endfacet
 facet normal  1.6618762246e-02 2.0402775947e-02 -9.9965371178e-01
   outer loop
     vertex 2.1287927714e+00 1.6400000000e-01 3.6631732283e-01
     vertex 2.1370469602e+00 2.4600000000e-01 3.6812815192e-01
     vertex 2.1489861709e+00 2.4600000000e-01 3.6832663556e-01
   endloop
 endfacet
 facet normal  1.6618762246e-02 2.0402775947e-02 -9.9965371178e-01
   outer loop
     vertex 2.1287927714e+00 1.6400000000e-01 3.6631732283e-01
     vertex 2.1148933918e+00 1.6400000000e-01 3.6608625232e-01
     vertex 2.1370469602e+00 2.4600000000e-01 3.6812815192e-01
   endloop
 endfacet
 facet normal  -3.2725972850e-02 3.3715140026e-02 -9.9889554010e-01
   outer loop
     vertex 2.1148933918e+00 1.6400000000e-01 3.6608625232e-01
     vertex 2.1274737055e+00 2.4600000000e-01 3.6844179240e-01
     vertex 2.1370469602e+00 2.4600000000e-01 3.6812815192e-01
   endloop
 endfacet
 facet normal  -3.2725972850e-02 3.3715140026e-02 -9.9889554010e-01
   outer loop
     vertex 2.1148933918e+00 1.6400000000e-01 3.6608625232e-01
     vertex 2.1037484088e+00 1.6400000000e-01 3.6645138601e-01
     vertex 2.1274737055e+00 2.4600000000e-01 3.6844179240e-01
   endloop
 endfacet
 facet normal  -9.7164264156e-02 5.2237914640e-02 -9.9389652683e-01
   outer loop
     vertex 2.1037484088e+00 1.6400000000e-01 3.6645138601e-01
     vertex 2.1202149138e+00 2.4600000000e-01 3.6915141875e-01
     vertex 2.1274737055e+00 2.4600000000e-01 3.6844179240e-01
   endloop
 endfacet
 facet normal  -9.7164264156e-02 5.2237914640e-02 -9.9389652683e-01
   outer loop
     vertex 2.1037484088e+00 1.6400000000e-01 3.6645138601e-01
     vertex 2.0952978750e+00 1.6400000000e-01 3.6727751818e-01
     vertex 2.1202149138e+00 2.4600000000e-01 3.6915141875e-01
   endloop
 endfacet
 facet normal  -1.8962149323e-01 7.9982855496e-02 -9.7859411000e-01
   outer loop
     vertex 2.0952978750e+00 1.6400000000e-01 3.6727751818e-01
     vertex 2.1149771617e+00 2.4600000000e-01 3.7016633428e-01
     vertex 2.1202149138e+00 2.4600000000e-01 3.6915141875e-01
   endloop
 endfacet
 facet normal  -1.8962149323e-01 7.9982855496e-02 -9.7859411000e-01
   outer loop
     vertex 2.0952978750e+00 1.6400000000e-01 3.6727751818e-01
     vertex 2.0892001936e+00 1.6400000000e-01 3.6845906163e-01
     vertex 2.1149771617e+00 2.4600000000e-01 3.7016633428e-01
   endloop
 endfacet
 facet normal  -3.5329007389e-01 1.3034567284e-01 -9.2638875709e-01
   outer loop
     vertex 2.0892001936e+00 1.6400000000e-01 3.6845906163e-01
     vertex 2.1114424876e+00 2.4600000000e-01 3.7151432698e-01
     vertex 2.1149771617e+00 2.4600000000e-01 3.7016633428e-01
   endloop
 endfacet
 facet normal  -3.5329007389e-01 1.3034567284e-01 -9.2638875709e-01
   outer loop
     vertex 2.0892001936e+00 1.6400000000e-01 3.6845906163e-01
     vertex 2.0850851998e+00 1.6400000000e-01 3.7002836657e-01
     vertex 2.1114424876e+00 2.4600000000e-01 3.7151432698e-01
   endloop
 endfacet
 facet normal  -7.5345326112e-01 2.5317888002e-01 -6.0680197595e-01
   outer loop
     vertex 2.0850851998e+00 1.6400000000e-01 3.7002836657e-01
     vertex 2.1098541694e+00 2.4600000000e-01 3.7348650833e-01
     vertex 2.1114424876e+00 2.4600000000e-01 3.7151432698e-01
   endloop
 endfacet
 facet normal  -7.5345326112e-01 2.5317888002e-01 -6.0680197596e-01
   outer loop
     vertex 2.0850851998e+00 1.6400000000e-01 3.7002836657e-01
     vertex 2.0832361129e+00 1.6400000000e-01 3.7232433889e-01
     vertex 2.1098541694e+00 2.4600000000e-01 3.7348650833e-01
   endloop
 endfacet
 facet normal  -8.0347242090e-01 2.5317888002e-01 5.3882513264e-01
   outer loop
     vertex 2.0832361129e+00 1.6400000000e-01 3.7232433889e-01
     vertex 2.0848780563e+00 1.6400000000e-01 3.7477273287e-01
     vertex 2.1098541694e+00 2.4600000000e-01 3.7348650833e-01
   endloop
 endfacet
 facet normal  -8.0347242090e-01 2.5317888002e-01 5.3882513264e-01
   outer loop
     vertex 2.1098541694e+00 2.4600000000e-01 3.7348650833e-01
     vertex 2.0848780563e+00 1.6400000000e-01 3.7477273287e-01
     vertex 2.1112645566e+00 2.4600000000e-01 3.7558961599e-01
   endloop
 endfacet
 facet normal  -4.3268579869e-01 1.3034567284e-01 8.9207230939e-01
   outer loop
     vertex 2.0848780563e+00 1.6400000000e-01 3.7477273287e-01
     vertex 2.0888406173e+00 1.6400000000e-01 3.7669471147e-01
     vertex 2.1112645566e+00 2.4600000000e-01 3.7558961599e-01
   endloop
 endfacet
 facet normal  -4.3268579869e-01 1.3034567284e-01 8.9207230939e-01
   outer loop
     vertex 2.1112645566e+00 2.4600000000e-01 3.7558961599e-01
     vertex 2.0888406173e+00 1.6400000000e-01 3.7669471147e-01
     vertex 2.1146682950e+00 2.4600000000e-01 3.7724054632e-01
   endloop
 endfacet
 facet normal  -2.7419002271e-01 7.9982855496e-02 9.5834366188e-01
   outer loop
     vertex 2.0888406173e+00 1.6400000000e-01 3.7669471147e-01
     vertex 2.0948121170e+00 1.6400000000e-01 3.7840320675e-01
     vertex 2.1146682950e+00 2.4600000000e-01 3.7724054632e-01
   endloop
 endfacet
 facet normal  -2.7419002271e-01 7.9982855496e-02 9.5834366188e-01
   outer loop
     vertex 2.1146682950e+00 2.4600000000e-01 3.7724054632e-01
     vertex 2.0948121170e+00 1.6400000000e-01 3.7840320675e-01
     vertex 2.1197976601e+00 2.4600000000e-01 3.7870809996e-01
   endloop
 endfacet
 facet normal  -1.8341831481e-01 5.2237914640e-02 9.8164602687e-01
   outer loop
     vertex 2.0948121170e+00 1.6400000000e-01 3.7840320675e-01
     vertex 2.1031584917e+00 1.6400000000e-01 3.7996270778e-01
     vertex 2.1197976601e+00 2.4600000000e-01 3.7870809996e-01
   endloop
 endfacet
 facet normal  -1.8341831481e-01 5.2237914640e-02 9.8164602687e-01
   outer loop
     vertex 2.1197976601e+00 2.4600000000e-01 3.7870809996e-01
     vertex 2.1031584917e+00 1.6400000000e-01 3.7996270778e-01
     vertex 2.1269669819e+00 2.4600000000e-01 3.8004767135e-01
   endloop
 endfacet
 facet normal  -1.1966092337e-01 3.3715140026e-02 9.9224218453e-01
   outer loop
     vertex 2.1031584917e+00 1.6400000000e-01 3.7996270778e-01
     vertex 2.1142292412e+00 1.6400000000e-01 3.8129780130e-01
     vertex 2.1269669819e+00 2.4600000000e-01 3.8004767135e-01
   endloop
 endfacet
 facet normal  -1.1966092337e-01 3.3715140026e-02 9.9224218453e-01
   outer loop
     vertex 2.1269669819e+00 2.4600000000e-01 3.8004767135e-01
     vertex 2.1142292412e+00 1.6400000000e-01 3.8129780130e-01
     vertex 2.1364764719e+00 2.4600000000e-01 3.8119448246e-01
   endloop
 endfacet
 facet normal  -7.0570038902e-02 2.0402775947e-02 9.9729814817e-01
   outer loop
     vertex 2.1142292412e+00 1.6400000000e-01 3.8129780130e-01
     vertex 2.1280958687e+00 1.6400000000e-01 3.8227902085e-01
     vertex 2.1364764719e+00 2.4600000000e-01 3.8119448246e-01
   endloop
 endfacet
 facet normal  -7.0570038902e-02 2.0402775947e-02 9.9729814817e-01
   outer loop
     vertex 2.1364764719e+00 2.4600000000e-01 3.8119448246e-01
     vertex 2.1280958687e+00 1.6400000000e-01 3.8227902085e-01
     vertex 2.1483875493e+00 2.4600000000e-01 3.8203732489e-01
   endloop
 endfacet
 facet normal  -3.2123327129e-02 1.0895038633e-02 9.9942452941e-01
   outer loop
     vertex 2.1280958687e+00 1.6400000000e-01 3.8227902085e-01
     vertex 2.1443352928e+00 1.6400000000e-01 3.8280098556e-01
     vertex 2.1483875493e+00 2.4600000000e-01 3.8203732489e-01
   endloop
 endfacet
 facet normal  -3.2123327129e-02 1.0895038633e-02 9.9942452941e-01
   outer loop
     vertex 2.1483875493e+00 2.4600000000e-01 3.8203732489e-01
     vertex 2.1443352928e+00 1.6400000000e-01 3.8280098556e-01
     vertex 2.1623367983e+00 2.4600000000e-01 3.8248567919e-01
   endloop
 endfacet
 facet normal  -2.7737210619e-03 4.4540632104e-03 9.9998623380e-01
   outer loop
     vertex 2.1443352928e+00 1.6400000000e-01 3.8280098556e-01
     vertex 2.1619544342e+00 1.6400000000e-01 3.8284985681e-01
     vertex 2.1623367983e+00 2.4600000000e-01 3.8248567919e-01
   endloop
 endfacet
 facet normal  -2.7737210619e-03 4.4540632104e-03 9.9998623380e-01
   outer loop
     vertex 2.1623367983e+00 2.4600000000e-01 3.8248567919e-01
     vertex 2.1619544342e+00 1.6400000000e-01 3.8284985681e-01
     vertex 2.1774711889e+00 2.4600000000e-01 3.8252765835e-01
   endloop
 endfacet
 facet normal  1.8698211648e-02 3.9032379649e-04 9.9982509697e-01
   outer loop
     vertex 2.1619544342e+00 1.6400000000e-01 3.8284985681e-01
     vertex 2.1926031653e+00 2.4600000000e-01 3.8224466795e-01
     vertex 2.1774711889e+00 2.4600000000e-01 3.8252765835e-01
   endloop
 endfacet
 facet normal  1.8698211648e-02 3.9032379649e-04 9.9982509697e-01
   outer loop
     vertex 2.1619544342e+00 1.6400000000e-01 3.8284985681e-01
     vertex 2.1795707649e+00 1.6400000000e-01 3.8252040531e-01
     vertex 2.1926031653e+00 2.4600000000e-01 3.8224466795e-01
   endloop
 endfacet
 facet normal  3.4074967192e-02 -2.0549020185e-03 9.9941716715e-01
   outer loop
     vertex 2.1795707649e+00 1.6400000000e-01 3.8252040531e-01
     vertex 2.2065520524e+00 2.4600000000e-01 3.8176908290e-01
     vertex 2.1926031653e+00 2.4600000000e-01 3.8224466795e-01
   endloop
 endfacet
 facet normal  3.4074967192e-02 -2.0549020185e-03 9.9941716715e-01
   outer loop
     vertex 2.1795707649e+00 1.6400000000e-01 3.8252040531e-01
     vertex 2.1958097678e+00 1.6400000000e-01 3.8196673913e-01
     vertex 2.2065520524e+00 2.4600000000e-01 3.8176908290e-01
   endloop
 endfacet
 facet normal  4.5264107422e-02 -3.5217988761e-03 9.9896884712e-01
   outer loop
     vertex 2.1958097678e+00 1.6400000000e-01 3.8196673913e-01
     vertex 2.2184815180e+00 2.4600000000e-01 3.8122854891e-01
     vertex 2.2065520524e+00 2.4600000000e-01 3.8176908290e-01
   endloop
 endfacet
 facet normal  4.5264107422e-02 -3.5217988761e-03 9.9896884712e-01
   outer loop
     vertex 2.1958097678e+00 1.6400000000e-01 3.8196673913e-01
     vertex 2.2096978023e+00 1.6400000000e-01 3.8133746076e-01
     vertex 2.2184815180e+00 2.4600000000e-01 3.8122854891e-01
   endloop
 endfacet
 facet normal  5.3687233405e-02 -4.4246303275e-03 9.9854799765e-01
   outer loop
     vertex 2.2096978023e+00 1.6400000000e-01 3.8133746076e-01
     vertex 2.2280472795e+00 2.4600000000e-01 3.8071424287e-01
     vertex 2.2184815180e+00 2.4600000000e-01 3.8122854891e-01
   endloop
 endfacet
 facet normal  5.3687233405e-02 -4.4246303275e-03 9.9854799765e-01
   outer loop
     vertex 2.2096978023e+00 1.6400000000e-01 3.8133746076e-01
     vertex 2.2208340620e+00 1.6400000000e-01 3.8073871641e-01
     vertex 2.2280472795e+00 2.4600000000e-01 3.8071424287e-01
   endloop
 endfacet
 facet normal  6.0149994486e-02 -4.9932447708e-03 9.9817686092e-01
   outer loop
     vertex 2.2208340620e+00 1.6400000000e-01 3.8073871641e-01
     vertex 2.2353291350e+00 2.4600000000e-01 3.8027543930e-01
     vertex 2.2280472795e+00 2.4600000000e-01 3.8071424287e-01
   endloop
 endfacet
 facet normal  6.0149994486e-02 -4.9932447708e-03 9.9817686092e-01
   outer loop
     vertex 2.2208340620e+00 1.6400000000e-01 3.8073871641e-01
     vertex 2.2293114461e+00 1.6400000000e-01 3.8022787046e-01
     vertex 2.2353291350e+00 2.4600000000e-01 3.8027543930e-01
   endloop
 endfacet
 facet normal  6.5123146936e-02 -5.3580246184e-03 9.9786284995e-01
   outer loop
     vertex 2.2293114461e+00 1.6400000000e-01 3.8022787046e-01
     vertex 2.2406560321e+00 2.4600000000e-01 3.7992779202e-01
     vertex 2.2353291350e+00 2.4600000000e-01 3.8027543930e-01
   endloop
 endfacet
 facet normal  6.5123146936e-02 -5.3580246184e-03 9.9786284995e-01
   outer loop
     vertex 2.2293114461e+00 1.6400000000e-01 3.8022787046e-01
     vertex 2.2355129083e+00 1.6400000000e-01 3.7982314676e-01
     vertex 2.2406560321e+00 2.4600000000e-01 3.7992779202e-01
   endloop
 endfacet
 facet normal  6.8862604517e-02 -5.5922451528e-03 9.9761047934e-01
   outer loop
     vertex 2.2355129083e+00 1.6400000000e-01 3.7982314676e-01
     vertex 2.2444404209e+00 2.4600000000e-01 3.7966656494e-01
     vertex 2.2406560321e+00 2.4600000000e-01 3.7992779202e-01
   endloop
 endfacet
 facet normal  6.8862604516e-02 -5.5922451528e-03 9.9761047934e-01
   outer loop
     vertex 2.2355129083e+00 1.6400000000e-01 3.7982314676e-01
     vertex 2.2399186147e+00 1.6400000000e-01 3.7951903166e-01
     vertex 2.2444404209e+00 2.4600000000e-01 3.7966656494e-01
   endloop
 endfacet
 facet normal  7.1570289600e-02 -5.7412132365e-03 9.9741903537e-01
   outer loop
     vertex 2.2399186147e+00 1.6400000000e-01 3.7951903166e-01
     vertex 2.2470734426e+00 2.4600000000e-01 3.7947763119e-01
     vertex 2.2444404209e+00 2.4600000000e-01 3.7966656494e-01
   endloop
 endfacet
 facet normal  7.1570289600e-02 -5.7412132365e-03 9.9741903537e-01
   outer loop
     vertex 2.2399186147e+00 1.6400000000e-01 3.7951903166e-01
     vertex 2.2429839236e+00 1.6400000000e-01 3.7929907893e-01
     vertex 2.2470734426e+00 2.4600000000e-01 3.7947763119e-01
   endloop
 endfacet
 facet normal  1.5822873990e-01 -5.7412132365e-03 -9.8738579306e-01
   outer loop
     vertex 2.2470734426e+00 2.4600000000e-01 3.7947763119e-01
     vertex 2.2444669071e+00 2.4600000000e-01 3.7905993342e-01
     vertex 2.2511629617e+00 3.2800000000e-01 3.7965618344e-01
   endloop
 endfacet
 facet normal  1.5822873990e-01 -5.7412132365e-03 -9.8738579306e-01
   outer loop
     vertex 2.2511629617e+00 3.2800000000e-01 3.7965618344e-01
     vertex 2.2444669071e+00 2.4600000000e-01 3.7905993342e-01
     vertex 2.2489843648e+00 3.2800000000e-01 3.7930706292e-01
   endloop
 endfacet
 facet normal  1.5554804382e-01 -5.5922451528e-03 -9.8781249884e-01
   outer loop
     vertex 2.2444669071e+00 2.4600000000e-01 3.7905993342e-01
     vertex 2.2407196864e+00 2.4600000000e-01 3.7846986917e-01
     vertex 2.2489843648e+00 3.2800000000e-01 3.7930706292e-01
   endloop
 endfacet
 facet normal  1.5554804382e-01 -5.5922451528e-03 -9.8781249884e-01
   outer loop
     vertex 2.2489843648e+00 3.2800000000e-01 3.7930706292e-01
     vertex 2.2407196864e+00 2.4600000000e-01 3.7846986917e-01
     vertex 2.2458523595e+00 3.2800000000e-01 3.7881387489e-01
   endloop
 endfacet
 facet normal  1.5184481155e-01 -5.3580246184e-03 -9.8838982430e-01
   outer loop
     vertex 2.2407196864e+00 2.4600000000e-01 3.7846986917e-01
     vertex 2.2354433592e+00 2.4600000000e-01 3.7765927513e-01
     vertex 2.2458523595e+00 3.2800000000e-01 3.7881387489e-01
   endloop
 endfacet
 facet normal  1.5184481155e-01 -5.3580246184e-03 -9.8838982430e-01
   outer loop
     vertex 2.2458523595e+00 3.2800000000e-01 3.7881387489e-01
     vertex 2.2354433592e+00 2.4600000000e-01 3.7765927513e-01
     vertex 2.2414422950e+00 3.2800000000e-01 3.7813636345e-01
   endloop
 endfacet
 facet normal  1.4691795130e-01 -4.9932447708e-03 -9.8913607916e-01
   outer loop
     vertex 2.2354433592e+00 2.4600000000e-01 3.7765927513e-01
     vertex 2.2282274576e+00 2.4600000000e-01 3.7658748580e-01
     vertex 2.2414422950e+00 3.2800000000e-01 3.7813636345e-01
   endloop
 endfacet
 facet normal  1.4691795130e-01 -4.9932447708e-03 -9.8913607916e-01
   outer loop
     vertex 2.2414422950e+00 3.2800000000e-01 3.7813636345e-01
     vertex 2.2282274576e+00 2.4600000000e-01 3.7658748580e-01
     vertex 2.2354110936e+00 3.2800000000e-01 3.7724053954e-01
   endloop
 endfacet
 facet normal  1.4051212968e-01 -4.4246303275e-03 -9.9006907035e-01
   outer loop
     vertex 2.2282274576e+00 2.4600000000e-01 3.7658748580e-01
     vertex 2.2187429214e+00 2.4600000000e-01 3.7524142580e-01
     vertex 2.2354110936e+00 3.2800000000e-01 3.7724053954e-01
   endloop
 endfacet
 facet normal  1.4051212968e-01 -4.4246303275e-03 -9.9006907035e-01
   outer loop
     vertex 2.2354110936e+00 3.2800000000e-01 3.7724053954e-01
     vertex 2.2187429214e+00 2.4600000000e-01 3.7524142580e-01
     vertex 2.2274837201e+00 3.2800000000e-01 3.7611547447e-01
   endloop
 endfacet
 facet normal  1.3215773568e-01 -3.5217988761e-03 -9.9122244216e-01
   outer loop
     vertex 2.2187429214e+00 2.4600000000e-01 3.7524142580e-01
     vertex 2.2069059617e+00 2.4600000000e-01 3.7366322728e-01
     vertex 2.2274837201e+00 3.2800000000e-01 3.7611547447e-01
   endloop
 endfacet
 facet normal  1.3215773568e-01 -3.5217988761e-03 -9.9122244216e-01
   outer loop
     vertex 2.2274837201e+00 3.2800000000e-01 3.7611547447e-01
     vertex 2.2069059617e+00 2.4600000000e-01 3.7366322728e-01
     vertex 2.2175901418e+00 3.2800000000e-01 3.7479638316e-01
   endloop
 endfacet
 facet normal  1.2105024717e-01 -2.0549020185e-03 -9.9264425402e-01
   outer loop
     vertex 2.2069059617e+00 2.4600000000e-01 3.7366322728e-01
     vertex 2.1930516043e+00 2.4600000000e-01 3.7197372635e-01
     vertex 2.2175901418e+00 3.2800000000e-01 3.7479638316e-01
   endloop
 endfacet
 facet normal  1.2105024717e-01 -2.0549020185e-03 -9.9264425402e-01
   outer loop
     vertex 2.2175901418e+00 3.2800000000e-01 3.7479638316e-01
     vertex 2.1930516043e+00 2.4600000000e-01 3.7197372635e-01
     vertex 2.2060103804e+00 3.2800000000e-01 3.7338426299e-01
   endloop
 endfacet
 facet normal  1.0576755825e-01 3.9032379649e-04 -9.9439080410e-01
   outer loop
     vertex 2.1930516043e+00 2.4600000000e-01 3.7197372635e-01
     vertex 2.1780018739e+00 2.4600000000e-01 3.7037297418e-01
     vertex 2.2060103804e+00 3.2800000000e-01 3.7338426299e-01
   endloop
 endfacet
 facet normal  1.0576755825e-01 3.9032379649e-04 -9.9439080410e-01
   outer loop
     vertex 2.2060103804e+00 3.2800000000e-01 3.7338426299e-01
     vertex 2.1780018739e+00 2.4600000000e-01 3.7037297418e-01
     vertex 2.1934315013e+00 3.2800000000e-01 3.7204632087e-01
   endloop
 endfacet
 facet normal  8.4391376729e-02 4.4540632104e-03 -9.9642273000e-01
   outer loop
     vertex 2.1780018739e+00 2.4600000000e-01 3.7037297418e-01
     vertex 2.1808269390e+00 3.2800000000e-01 3.7097878565e-01
     vertex 2.1934315013e+00 3.2800000000e-01 3.7204632087e-01
   endloop
 endfacet
 facet normal  8.4391376729e-02 4.4540632104e-03 -9.9642273000e-01
   outer loop
     vertex 2.1780018739e+00 2.4600000000e-01 3.7037297418e-01
     vertex 2.1629214155e+00 2.4600000000e-01 3.6909574454e-01
     vertex 2.1808269390e+00 3.2800000000e-01 3.7097878565e-01
   endloop
 endfacet
 facet normal  5.5104499010e-02 1.0895038633e-02 -9.9842114978e-01
   outer loop
     vertex 2.1629214155e+00 2.4600000000e-01 3.6909574454e-01
     vertex 2.1691795704e+00 3.2800000000e-01 3.7033594830e-01
     vertex 2.1808269390e+00 3.2800000000e-01 3.7097878565e-01
   endloop
 endfacet
 facet normal  5.5104499010e-02 1.0895038633e-02 -9.9842114978e-01
   outer loop
     vertex 2.1629214155e+00 2.4600000000e-01 3.6909574454e-01
     vertex 2.1489861709e+00 2.4600000000e-01 3.6832663556e-01
     vertex 2.1691795704e+00 3.2800000000e-01 3.7033594830e-01
   endloop
 endfacet
 facet normal  1.6618762246e-02 2.0402775947e-02 -9.9965371178e-01
   outer loop
     vertex 2.1489861709e+00 2.4600000000e-01 3.6832663556e-01
     vertex 2.1592005286e+00 3.2800000000e-01 3.7017005152e-01
     vertex 2.1691795704e+00 3.2800000000e-01 3.7033594830e-01
   endloop
 endfacet
 facet normal  1.6618762246e-02 2.0402775947e-02 -9.9965371178e-01
   outer loop
     vertex 2.1489861709e+00 2.4600000000e-01 3.6832663556e-01
     vertex 2.1370469602e+00 2.4600000000e-01 3.6812815192e-01
     vertex 2.1592005286e+00 3.2800000000e-01 3.7017005152e-01
   endloop
 endfacet
 facet normal  -3.2725972850e-02 3.3715140026e-02 -9.9889554010e-01
   outer loop
     vertex 2.1370469602e+00 2.4600000000e-01 3.6812815192e-01
     vertex 2.1511990023e+00 3.2800000000e-01 3.7043219879e-01
     vertex 2.1592005286e+00 3.2800000000e-01 3.7017005152e-01
   endloop
 endfacet
 facet normal  -3.2725972850e-02 3.3715140026e-02 -9.9889554010e-01
   outer loop
     vertex 2.1370469602e+00 2.4600000000e-01 3.6812815192e-01
     vertex 2.1274737055e+00 2.4600000000e-01 3.6844179240e-01
     vertex 2.1511990023e+00 3.2800000000e-01 3.7043219879e-01
   endloop
 endfacet
 facet normal  -9.7164264156e-02 5.2237914640e-02 -9.9389652683e-01
   outer loop
     vertex 2.1274737055e+00 2.4600000000e-01 3.6844179240e-01
     vertex 2.1451319525e+00 3.2800000000e-01 3.7102531932e-01
     vertex 2.1511990023e+00 3.2800000000e-01 3.7043219879e-01
   endloop
 endfacet
 facet normal  -9.7164264156e-02 5.2237914640e-02 -9.9389652683e-01
   outer loop
     vertex 2.1274737055e+00 2.4600000000e-01 3.6844179240e-01
     vertex 2.1202149138e+00 2.4600000000e-01 3.6915141875e-01
     vertex 2.1451319525e+00 3.2800000000e-01 3.7102531932e-01
   endloop
 endfacet
 facet normal  -1.8962149323e-01 7.9982855496e-02 -9.7859411000e-01
   outer loop
     vertex 2.1202149138e+00 2.4600000000e-01 3.6915141875e-01
     vertex 2.1407541299e+00 3.2800000000e-01 3.7187360692e-01
     vertex 2.1451319525e+00 3.2800000000e-01 3.7102531932e-01
   endloop
 endfacet
 facet normal  -1.8962149323e-01 7.9982855496e-02 -9.7859411000e-01
   outer loop
     vertex 2.1202149138e+00 2.4600000000e-01 3.6915141875e-01
     vertex 2.1149771617e+00 2.4600000000e-01 3.7016633428e-01
     vertex 2.1407541299e+00 3.2800000000e-01 3.7187360692e-01
   endloop
 endfacet
 facet normal  -3.5329007389e-01 1.3034567284e-01 -9.2638875709e-01
   outer loop
     vertex 2.1149771617e+00 2.4600000000e-01 3.7016633428e-01
     vertex 2.1377997754e+00 3.2800000000e-01 3.7300028739e-01
     vertex 2.1407541299e+00 3.2800000000e-01 3.7187360692e-01
   endloop
 endfacet
 facet normal  -3.5329007389e-01 1.3034567284e-01 -9.2638875709e-01
   outer loop
     vertex 2.1149771617e+00 2.4600000000e-01 3.7016633428e-01
     vertex 2.1114424876e+00 2.4600000000e-01 3.7151432698e-01
     vertex 2.1377997754e+00 3.2800000000e-01 3.7300028739e-01
   endloop
 endfacet
 facet normal  -7.5345326112e-01 2.5317888002e-01 -6.0680197596e-01
   outer loop
     vertex 2.1114424876e+00 2.4600000000e-01 3.7151432698e-01
     vertex 2.1364722259e+00 3.2800000000e-01 3.7464867777e-01
     vertex 2.1377997754e+00 3.2800000000e-01 3.7300028739e-01
   endloop
 endfacet
 facet normal  -7.5345326112e-01 2.5317888002e-01 -6.0680197595e-01
   outer loop
     vertex 2.1114424876e+00 2.4600000000e-01 3.7151432698e-01
     vertex 2.1098541694e+00 2.4600000000e-01 3.7348650833e-01
     vertex 2.1364722259e+00 3.2800000000e-01 3.7464867777e-01
   endloop
 endfacet
 facet normal  -8.0347242090e-01 2.5317888002e-01 5.3882513264e-01
   outer loop
     vertex 2.1098541694e+00 2.4600000000e-01 3.7348650833e-01
     vertex 2.1112645566e+00 2.4600000000e-01 3.7558961599e-01
     vertex 2.1364722259e+00 3.2800000000e-01 3.7464867777e-01
   endloop
 endfacet
 facet normal  -8.0347242090e-01 2.5317888002e-01 5.3882513264e-01
   outer loop
     vertex 2.1364722259e+00 3.2800000000e-01 3.7464867777e-01
     vertex 2.1112645566e+00 2.4600000000e-01 3.7558961599e-01
     vertex 2.1376510570e+00 3.2800000000e-01 3.7640649910e-01
   endloop
 endfacet
 facet normal  -4.3268579869e-01 1.3034567284e-01 8.9207230939e-01
   outer loop
     vertex 2.1112645566e+00 2.4600000000e-01 3.7558961599e-01
     vertex 2.1146682950e+00 2.4600000000e-01 3.7724054632e-01
     vertex 2.1376510570e+00 3.2800000000e-01 3.7640649910e-01
   endloop
 endfacet
 facet normal  -4.3268579869e-01 1.3034567284e-01 8.9207230939e-01
   outer loop
     vertex 2.1376510570e+00 3.2800000000e-01 3.7640649910e-01
     vertex 2.1146682950e+00 2.4600000000e-01 3.7724054632e-01
     vertex 2.1404959726e+00 3.2800000000e-01 3.7778638117e-01
   endloop
 endfacet
 facet normal  -2.7419002271e-01 7.9982855496e-02 9.5834366188e-01
   outer loop
     vertex 2.1146682950e+00 2.4600000000e-01 3.7724054632e-01
     vertex 2.1197976601e+00 2.4600000000e-01 3.7870809996e-01
     vertex 2.1404959726e+00 3.2800000000e-01 3.7778638117e-01
   endloop
 endfacet
 facet normal  -2.7419002271e-01 7.9982855496e-02 9.5834366188e-01
   outer loop
     vertex 2.1404959726e+00 3.2800000000e-01 3.7778638117e-01
     vertex 2.1197976601e+00 2.4600000000e-01 3.7870809996e-01
     vertex 2.1447832031e+00 3.2800000000e-01 3.7901299317e-01
   endloop
 endfacet
 facet normal  -1.8341831481e-01 5.2237914640e-02 9.8164602687e-01
   outer loop
     vertex 2.1197976601e+00 2.4600000000e-01 3.7870809996e-01
     vertex 2.1269669819e+00 2.4600000000e-01 3.8004767135e-01
     vertex 2.1447832031e+00 3.2800000000e-01 3.7901299317e-01
   endloop
 endfacet
 facet normal  -1.8341831481e-01 5.2237914640e-02 9.8164602687e-01
   outer loop
     vertex 2.1447832031e+00 3.2800000000e-01 3.7901299317e-01
     vertex 2.1269669819e+00 2.4600000000e-01 3.8004767135e-01
     vertex 2.1507754722e+00 3.2800000000e-01 3.8013263493e-01
   endloop
 endfacet
 facet normal  -1.1966092337e-01 3.3715140026e-02 9.9224218453e-01
   outer loop
     vertex 2.1269669819e+00 2.4600000000e-01 3.8004767135e-01
     vertex 2.1364764719e+00 2.4600000000e-01 3.8119448246e-01
     vertex 2.1507754722e+00 3.2800000000e-01 3.8013263493e-01
   endloop
 endfacet
 facet normal  -1.1966092337e-01 3.3715140026e-02 9.9224218453e-01
   outer loop
     vertex 2.1507754722e+00 3.2800000000e-01 3.8013263493e-01
     vertex 2.1364764719e+00 2.4600000000e-01 3.8119448246e-01
     vertex 2.1587237026e+00 3.2800000000e-01 3.8109116361e-01
   endloop
 endfacet
 facet normal  -7.0570038902e-02 2.0402775947e-02 9.9729814817e-01
   outer loop
     vertex 2.1364764719e+00 2.4600000000e-01 3.8119448246e-01
     vertex 2.1483875493e+00 2.4600000000e-01 3.8203732489e-01
     vertex 2.1587237026e+00 3.2800000000e-01 3.8109116361e-01
   endloop
 endfacet
 facet normal  -7.0570038902e-02 2.0402775947e-02 9.9729814817e-01
   outer loop
     vertex 2.1587237026e+00 3.2800000000e-01 3.8109116361e-01
     vertex 2.1483875493e+00 2.4600000000e-01 3.8203732489e-01
     vertex 2.1686792300e+00 3.2800000000e-01 3.8179562893e-01
   endloop
 endfacet
 facet normal  -3.2123327129e-02 1.0895038633e-02 9.9942452941e-01
   outer loop
     vertex 2.1483875493e+00 2.4600000000e-01 3.8203732489e-01
     vertex 2.1623367983e+00 2.4600000000e-01 3.8248567919e-01
     vertex 2.1686792300e+00 3.2800000000e-01 3.8179562893e-01
   endloop
 endfacet
 facet normal  -3.2123327129e-02 1.0895038633e-02 9.9942452941e-01
   outer loop
     vertex 2.1686792300e+00 3.2800000000e-01 3.8179562893e-01
     vertex 2.1623367983e+00 2.4600000000e-01 3.8248567919e-01
     vertex 2.1803383037e+00 3.2800000000e-01 3.8217037282e-01
   endloop
 endfacet
 facet normal  -2.7737210619e-03 4.4540632104e-03 9.9998623380e-01
   outer loop
     vertex 2.1623367983e+00 2.4600000000e-01 3.8248567919e-01
     vertex 2.1774711889e+00 2.4600000000e-01 3.8252765835e-01
     vertex 2.1803383037e+00 3.2800000000e-01 3.8217037282e-01
   endloop
 endfacet
 facet normal  -2.7737210619e-03 4.4540632104e-03 9.9998623380e-01
   outer loop
     vertex 2.1803383037e+00 3.2800000000e-01 3.8217037282e-01
     vertex 2.1774711889e+00 2.4600000000e-01 3.8252765835e-01
     vertex 2.1929879437e+00 3.2800000000e-01 3.8220545988e-01
   endloop
 endfacet
 facet normal  1.8698211648e-02 3.9032379649e-04 9.9982509697e-01
   outer loop
     vertex 2.1774711889e+00 2.4600000000e-01 3.8252765835e-01
     vertex 2.2056355657e+00 3.2800000000e-01 3.8196893059e-01
     vertex 2.1929879437e+00 3.2800000000e-01 3.8220545988e-01
   endloop
 endfacet
 facet normal  1.8698211648e-02 3.9032379649e-04 9.9982509697e-01
   outer loop
     vertex 2.1774711889e+00 2.4600000000e-01 3.8252765835e-01
     vertex 2.1926031653e+00 2.4600000000e-01 3.8224466795e-01
     vertex 2.2056355657e+00 3.2800000000e-01 3.8196893059e-01
   endloop
 endfacet
 facet normal  3.4074967192e-02 -2.0549020185e-03 9.9941716715e-01
   outer loop
     vertex 2.1926031653e+00 2.4600000000e-01 3.8224466795e-01
     vertex 2.2172943370e+00 3.2800000000e-01 3.8157142666e-01
     vertex 2.2056355657e+00 3.2800000000e-01 3.8196893059e-01
   endloop
 endfacet
 facet normal  3.4074967192e-02 -2.0549020185e-03 9.9941716715e-01
   outer loop
     vertex 2.1926031653e+00 2.4600000000e-01 3.8224466795e-01
     vertex 2.2065520524e+00 2.4600000000e-01 3.8176908290e-01
     vertex 2.2172943370e+00 3.2800000000e-01 3.8157142666e-01
   endloop
 endfacet
 facet normal  4.5264107422e-02 -3.5217988761e-03 9.9896884712e-01
   outer loop
     vertex 2.2065520524e+00 2.4600000000e-01 3.8176908290e-01
     vertex 2.2272652336e+00 3.2800000000e-01 3.8111963707e-01
     vertex 2.2172943370e+00 3.2800000000e-01 3.8157142666e-01
   endloop
 endfacet
 facet normal  4.5264107422e-02 -3.5217988761e-03 9.9896884712e-01
   outer loop
     vertex 2.2065520524e+00 2.4600000000e-01 3.8176908290e-01
     vertex 2.2184815180e+00 2.4600000000e-01 3.8122854891e-01
     vertex 2.2272652336e+00 3.2800000000e-01 3.8111963707e-01
   endloop
 endfacet
 facet normal  5.3687233405e-02 -4.4246303275e-03 9.9854799765e-01
   outer loop
     vertex 2.2184815180e+00 2.4600000000e-01 3.8122854891e-01
     vertex 2.2352604970e+00 3.2800000000e-01 3.8068976933e-01
     vertex 2.2272652336e+00 3.2800000000e-01 3.8111963707e-01
   endloop
 endfacet
 facet normal  5.3687233405e-02 -4.4246303275e-03 9.9854799765e-01
   outer loop
     vertex 2.2184815180e+00 2.4600000000e-01 3.8122854891e-01
     vertex 2.2280472795e+00 2.4600000000e-01 3.8071424287e-01
     vertex 2.2352604970e+00 3.2800000000e-01 3.8068976933e-01
   endloop
 endfacet
 facet normal  6.0149994486e-02 -4.9932447708e-03 9.9817686092e-01
   outer loop
     vertex 2.2280472795e+00 2.4600000000e-01 3.8071424287e-01
     vertex 2.2413468240e+00 3.2800000000e-01 3.8032300813e-01
     vertex 2.2352604970e+00 3.2800000000e-01 3.8068976933e-01
   endloop
 endfacet
 facet normal  6.0149994486e-02 -4.9932447708e-03 9.9817686092e-01
   outer loop
     vertex 2.2280472795e+00 2.4600000000e-01 3.8071424287e-01
     vertex 2.2353291350e+00 2.4600000000e-01 3.8027543930e-01
     vertex 2.2413468240e+00 3.2800000000e-01 3.8032300813e-01
   endloop
 endfacet
 facet normal  6.5123146936e-02 -5.3580246184e-03 9.9786284995e-01
   outer loop
     vertex 2.2353291350e+00 2.4600000000e-01 3.8027543930e-01
     vertex 2.2457991559e+00 3.2800000000e-01 3.8003243728e-01
     vertex 2.2413468240e+00 3.2800000000e-01 3.8032300813e-01
   endloop
 endfacet
 facet normal  6.5123146936e-02 -5.3580246184e-03 9.9786284995e-01
   outer loop
     vertex 2.2353291350e+00 2.4600000000e-01 3.8027543930e-01
     vertex 2.2406560321e+00 2.4600000000e-01 3.7992779202e-01
     vertex 2.2457991559e+00 3.2800000000e-01 3.8003243728e-01
   endloop
 endfacet
 facet normal  6.8862604517e-02 -5.5922451528e-03 9.9761047934e-01
   outer loop
     vertex 2.2406560321e+00 2.4600000000e-01 3.7992779202e-01
     vertex 2.2489622272e+00 3.2800000000e-01 3.7981409822e-01
     vertex 2.2457991559e+00 3.2800000000e-01 3.8003243728e-01
   endloop
 endfacet
 facet normal  6.8862604517e-02 -5.5922451528e-03 9.9761047934e-01
   outer loop
     vertex 2.2406560321e+00 2.4600000000e-01 3.7992779202e-01
     vertex 2.2444404209e+00 2.4600000000e-01 3.7966656494e-01
     vertex 2.2489622272e+00 3.2800000000e-01 3.7981409822e-01
   endloop
 endfacet
 facet normal  7.1570289600e-02 -5.7412132365e-03 9.9741903537e-01
   outer loop
     vertex 2.2444404209e+00 2.4600000000e-01 3.7966656494e-01
     vertex 2.2511629617e+00 3.2800000000e-01 3.7965618344e-01
     vertex 2.2489622272e+00 3.2800000000e-01 3.7981409822e-01
   endloop
 endfacet
 facet normal  7.1570289600e-02 -5.7412132365e-03 9.9741903537e-01
   outer loop
     vertex 2.2444404209e+00 2.4600000000e-01 3.7966656494e-01
     vertex 2.2470734426e+00 2.4600000000e-01 3.7947763119e-01
     vertex 2.2511629617e+00 3.2800000000e-01 3.7965618344e-01
   endloop
 endfacet
 facet normal  1.5822873990e-01 -5.7412132365e-03 -9.8738579306e-01
   outer loop
     vertex 2.2511629617e+00 3.2800000000e-01 3.7965618344e-01
     vertex 2.2489843648e+00 3.2800000000e-01 3.7930706292e-01
     vertex 2.2552524808e+00 4.1000000000e-01 3.7983473570e-01
   endloop
 endfacet
 facet normal  1.5822873990e-01 -5.7412132365e-03 -9.8738579306e-01
   outer loop
     vertex 2.2552524808e+00 4.1000000000e-01 3.7983473570e-01
     vertex 2.2489843648e+00 3.2800000000e-01 3.7930706292e-01
     vertex 2.2535018225e+00 4.1000000000e-01 3.7955419243e-01
   endloop
 endfacet
 facet normal  1.5554804382e-01 -5.5922451528e-03 -9.8781249884e-01
   outer loop
     vertex 2.2489843648e+00 3.2800000000e-01 3.7930706292e-01
     vertex 2.2458523595e+00 3.2800000000e-01 3.7881387489e-01
     vertex 2.2535018225e+00 4.1000000000e-01 3.7955419243e-01
   endloop
 endfacet
 facet normal  1.5554804382e-01 -5.5922451528e-03 -9.8781249884e-01
   outer loop
     vertex 2.2535018225e+00 4.1000000000e-01 3.7955419243e-01
     vertex 2.2458523595e+00 3.2800000000e-01 3.7881387489e-01
     vertex 2.2509850325e+00 4.1000000000e-01 3.7915788062e-01
   endloop
 endfacet
 facet normal  1.5184481155e-01 -5.3580246184e-03 -9.8838982430e-01
   outer loop
     vertex 2.2458523595e+00 3.2800000000e-01 3.7881387489e-01
     vertex 2.2414422950e+00 3.2800000000e-01 3.7813636345e-01
     vertex 2.2509850325e+00 4.1000000000e-01 3.7915788062e-01
   endloop
 endfacet
 facet normal  1.5184481155e-01 -5.3580246184e-03 -9.8838982430e-01
   outer loop
     vertex 2.2509850325e+00 4.1000000000e-01 3.7915788062e-01
     vertex 2.2414422950e+00 3.2800000000e-01 3.7813636345e-01
     vertex 2.2474412307e+00 4.1000000000e-01 3.7861345178e-01
   endloop
 endfacet
 facet normal  1.4691795130e-01 -4.9932447708e-03 -9.8913607916e-01
   outer loop
     vertex 2.2414422950e+00 3.2800000000e-01 3.7813636345e-01
     vertex 2.2354110936e+00 3.2800000000e-01 3.7724053954e-01
     vertex 2.2474412307e+00 4.1000000000e-01 3.7861345178e-01
   endloop
 endfacet
 facet normal  1.4691795130e-01 -4.9932447708e-03 -9.8913607916e-01
   outer loop
     vertex 2.2474412307e+00 4.1000000000e-01 3.7861345178e-01
     vertex 2.2354110936e+00 3.2800000000e-01 3.7724053954e-01
     vertex 2.2425947296e+00 4.1000000000e-01 3.7789359328e-01
   endloop
 endfacet
 facet normal  1.4051212968e-01 -4.4246303275e-03 -9.9006907035e-01
   outer loop
     vertex 2.2354110936e+00 3.2800000000e-01 3.7724053954e-01
     vertex 2.2274837201e+00 3.2800000000e-01 3.7611547447e-01
     vertex 2.2425947296e+00 4.1000000000e-01 3.7789359328e-01
   endloop
 endfacet
 facet normal  1.4051212968e-01 -4.4246303275e-03 -9.9006907035e-01
   outer loop
     vertex 2.2425947296e+00 4.1000000000e-01 3.7789359328e-01
     vertex 2.2274837201e+00 3.2800000000e-01 3.7611547447e-01
     vertex 2.2362245188e+00 4.1000000000e-01 3.7698952313e-01
   endloop
 endfacet
 facet normal  1.3215773568e-01 -3.5217988761e-03 -9.9122244216e-01
   outer loop
     vertex 2.2274837201e+00 3.2800000000e-01 3.7611547447e-01
     vertex 2.2175901418e+00 3.2800000000e-01 3.7479638316e-01
     vertex 2.2362245188e+00 4.1000000000e-01 3.7698952313e-01
   endloop
 endfacet
 facet normal  1.3215773568e-01 -3.5217988761e-03 -9.9122244216e-01
   outer loop
     vertex 2.2362245188e+00 4.1000000000e-01 3.7698952313e-01
     vertex 2.2175901418e+00 3.2800000000e-01 3.7479638316e-01
     vertex 2.2282743219e+00 4.1000000000e-01 3.7592953905e-01
   endloop
 endfacet
 facet normal  1.2105024717e-01 -2.0549020185e-03 -9.9264425402e-01
   outer loop
     vertex 2.2175901418e+00 3.2800000000e-01 3.7479638316e-01
     vertex 2.2060103804e+00 3.2800000000e-01 3.7338426299e-01
     vertex 2.2282743219e+00 4.1000000000e-01 3.7592953905e-01
   endloop
 endfacet
 facet normal  1.2105024717e-01 -2.0549020185e-03 -9.9264425402e-01
   outer loop
     vertex 2.2282743219e+00 4.1000000000e-01 3.7592953905e-01
     vertex 2.2060103804e+00 3.2800000000e-01 3.7338426299e-01
     vertex 2.2189691565e+00 4.1000000000e-01 3.7479479962e-01
   endloop
 endfacet
 facet normal  1.0576755825e-01 3.9032379649e-04 -9.9439080410e-01
   outer loop
     vertex 2.2060103804e+00 3.2800000000e-01 3.7338426299e-01
     vertex 2.1934315013e+00 3.2800000000e-01 3.7204632087e-01
     vertex 2.2189691565e+00 4.1000000000e-01 3.7479479962e-01
   endloop
 endfacet
 facet normal  1.0576755825e-01 3.9032379649e-04 -9.9439080410e-01
   outer loop
     vertex 2.2189691565e+00 4.1000000000e-01 3.7479479962e-01
     vertex 2.1934315013e+00 3.2800000000e-01 3.7204632087e-01
     vertex 2.2088611286e+00 4.1000000000e-01 3.7371966756e-01
   endloop
 endfacet
 facet normal  8.4391376729e-02 4.4540632104e-03 -9.9642273000e-01
   outer loop
     vertex 2.1934315013e+00 3.2800000000e-01 3.7204632087e-01
     vertex 2.1987324625e+00 4.1000000000e-01 3.7286182676e-01
     vertex 2.2088611286e+00 4.1000000000e-01 3.7371966756e-01
   endloop
 endfacet
 facet normal  8.4391376729e-02 4.4540632104e-03 -9.9642273000e-01
   outer loop
     vertex 2.1934315013e+00 3.2800000000e-01 3.7204632087e-01
     vertex 2.1808269390e+00 3.2800000000e-01 3.7097878565e-01
     vertex 2.1987324625e+00 4.1000000000e-01 3.7286182676e-01
   endloop
 endfacet
 facet normal  5.5104499010e-02 1.0895038633e-02 -9.9842114978e-01
   outer loop
     vertex 2.1808269390e+00 3.2800000000e-01 3.7097878565e-01
     vertex 2.1893729699e+00 4.1000000000e-01 3.7234526103e-01
     vertex 2.1987324625e+00 4.1000000000e-01 3.7286182676e-01
   endloop
 endfacet
 facet normal  5.5104499010e-02 1.0895038633e-02 -9.9842114978e-01
   outer loop
     vertex 2.1808269390e+00 3.2800000000e-01 3.7097878565e-01
     vertex 2.1691795704e+00 3.2800000000e-01 3.7033594830e-01
     vertex 2.1893729699e+00 4.1000000000e-01 3.7234526103e-01
   endloop
 endfacet
 facet normal  1.6618762246e-02 2.0402775947e-02 -9.9965371178e-01
   outer loop
     vertex 2.1691795704e+00 3.2800000000e-01 3.7033594830e-01
     vertex 2.1813540971e+00 4.1000000000e-01 3.7221195112e-01
     vertex 2.1893729699e+00 4.1000000000e-01 3.7234526103e-01
   endloop
 endfacet
 facet normal  1.6618762246e-02 2.0402775947e-02 -9.9965371178e-01
   outer loop
     vertex 2.1691795704e+00 3.2800000000e-01 3.7033594830e-01
     vertex 2.1592005286e+00 3.2800000000e-01 3.7017005152e-01
     vertex 2.1813540971e+00 4.1000000000e-01 3.7221195112e-01
   endloop
 endfacet
 facet normal  -3.2725972850e-02 3.3715140026e-02 -9.9889554010e-01
   outer loop
     vertex 2.1592005286e+00 3.2800000000e-01 3.7017005152e-01
     vertex 2.1749242991e+00 4.1000000000e-01 3.7242260518e-01
     vertex 2.1813540971e+00 4.1000000000e-01 3.7221195112e-01
   endloop
 endfacet
 facet normal  -3.2725972850e-02 3.3715140026e-02 -9.9889554010e-01
   outer loop
     vertex 2.1592005286e+00 3.2800000000e-01 3.7017005152e-01
     vertex 2.1511990023e+00 3.2800000000e-01 3.7043219879e-01
     vertex 2.1749242991e+00 4.1000000000e-01 3.7242260518e-01
   endloop
 endfacet
 facet normal  -9.7164264156e-02 5.2237914640e-02 -9.9389652683e-01
   outer loop
     vertex 2.1511990023e+00 3.2800000000e-01 3.7043219879e-01
     vertex 2.1700489912e+00 4.1000000000e-01 3.7289921989e-01
     vertex 2.1749242991e+00 4.1000000000e-01 3.7242260518e-01
   endloop
 endfacet
 facet normal  -9.7164264156e-02 5.2237914640e-02 -9.9389652683e-01
   outer loop
     vertex 2.1511990023e+00 3.2800000000e-01 3.7043219879e-01
     vertex 2.1451319525e+00 3.2800000000e-01 3.7102531932e-01
     vertex 2.1700489912e+00 4.1000000000e-01 3.7289921989e-01
   endloop
 endfacet
 facet normal  -1.8962149323e-01 7.9982855496e-02 -9.7859411000e-01
   outer loop
     vertex 2.1451319525e+00 3.2800000000e-01 3.7102531932e-01
     vertex 2.1665310981e+00 4.1000000000e-01 3.7358087957e-01
     vertex 2.1700489912e+00 4.1000000000e-01 3.7289921989e-01
   endloop
 endfacet
 facet normal  -1.8962149323e-01 7.9982855496e-02 -9.7859411000e-01
   outer loop
     vertex 2.1451319525e+00 3.2800000000e-01 3.7102531932e-01
     vertex 2.1407541299e+00 3.2800000000e-01 3.7187360692e-01
     vertex 2.1665310981e+00 4.1000000000e-01 3.7358087957e-01
   endloop
 endfacet
 facet normal  -3.5329007389e-01 1.3034567284e-01 -9.2638875709e-01
   outer loop
     vertex 2.1407541299e+00 3.2800000000e-01 3.7187360692e-01
     vertex 2.1641570632e+00 4.1000000000e-01 3.7448624781e-01
     vertex 2.1665310981e+00 4.1000000000e-01 3.7358087957e-01
   endloop
 endfacet
 facet normal  -3.5329007389e-01 1.3034567284e-01 -9.2638875709e-01
   outer loop
     vertex 2.1407541299e+00 3.2800000000e-01 3.7187360692e-01
     vertex 2.1377997754e+00 3.2800000000e-01 3.7300028739e-01
     vertex 2.1641570632e+00 4.1000000000e-01 3.7448624781e-01
   endloop
 endfacet
 facet normal  -7.5345326112e-01 2.5317888002e-01 -6.0680197596e-01
   outer loop
     vertex 2.1377997754e+00 3.2800000000e-01 3.7300028739e-01
     vertex 2.1630902823e+00 4.1000000000e-01 3.7581084722e-01
     vertex 2.1641570632e+00 4.1000000000e-01 3.7448624781e-01
   endloop
 endfacet
 facet normal  -7.5345326112e-01 2.5317888002e-01 -6.0680197596e-01
   outer loop
     vertex 2.1377997754e+00 3.2800000000e-01 3.7300028739e-01
     vertex 2.1364722259e+00 3.2800000000e-01 3.7464867777e-01
     vertex 2.1630902823e+00 4.1000000000e-01 3.7581084722e-01
   endloop
 endfacet
 facet normal  -8.0347242090e-01 2.5317888002e-01 5.3882513264e-01
   outer loop
     vertex 2.1364722259e+00 3.2800000000e-01 3.7464867777e-01
     vertex 2.1376510570e+00 3.2800000000e-01 3.7640649910e-01
     vertex 2.1630902823e+00 4.1000000000e-01 3.7581084722e-01
   endloop
 endfacet
 facet normal  -8.0347242090e-01 2.5317888002e-01 5.3882513264e-01
   outer loop
     vertex 2.1630902823e+00 4.1000000000e-01 3.7581084722e-01
     vertex 2.1376510570e+00 3.2800000000e-01 3.7640649910e-01
     vertex 2.1640375573e+00 4.1000000000e-01 3.7722338221e-01
   endloop
 endfacet
 facet normal  -4.3268579869e-01 1.3034567284e-01 8.9207230939e-01
   outer loop
     vertex 2.1376510570e+00 3.2800000000e-01 3.7640649910e-01
     vertex 2.1404959726e+00 3.2800000000e-01 3.7778638117e-01
     vertex 2.1640375573e+00 4.1000000000e-01 3.7722338221e-01
   endloop
 endfacet
 facet normal  -4.3268579869e-01 1.3034567284e-01 8.9207230939e-01
   outer loop
     vertex 2.1640375573e+00 4.1000000000e-01 3.7722338221e-01
     vertex 2.1404959726e+00 3.2800000000e-01 3.7778638117e-01
     vertex 2.1663236502e+00 4.1000000000e-01 3.7833221602e-01
   endloop
 endfacet
 facet normal  -2.7419002271e-01 7.9982855496e-02 9.5834366188e-01
   outer loop
     vertex 2.1404959726e+00 3.2800000000e-01 3.7778638117e-01
     vertex 2.1447832031e+00 3.2800000000e-01 3.7901299317e-01
     vertex 2.1663236502e+00 4.1000000000e-01 3.7833221602e-01
   endloop
 endfacet
 facet normal  -2.7419002271e-01 7.9982855496e-02 9.5834366188e-01
   outer loop
     vertex 2.1663236502e+00 4.1000000000e-01 3.7833221602e-01
     vertex 2.1447832031e+00 3.2800000000e-01 3.7901299317e-01
     vertex 2.1697687462e+00 4.1000000000e-01 3.7931788637e-01
   endloop
 endfacet
 facet normal  -1.8341831481e-01 5.2237914640e-02 9.8164602687e-01
   outer loop
     vertex 2.1447832031e+00 3.2800000000e-01 3.7901299317e-01
     vertex 2.1507754722e+00 3.2800000000e-01 3.8013263493e-01
     vertex 2.1697687462e+00 4.1000000000e-01 3.7931788637e-01
   endloop
 endfacet
 facet normal  -1.8341831481e-01 5.2237914640e-02 9.8164602687e-01
   outer loop
     vertex 2.1697687462e+00 4.1000000000e-01 3.7931788637e-01
     vertex 2.1507754722e+00 3.2800000000e-01 3.8013263493e-01
     vertex 2.1745839624e+00 4.1000000000e-01 3.8021759850e-01
   endloop
 endfacet
 facet normal  -1.1966092337e-01 3.3715140026e-02 9.9224218453e-01
   outer loop
     vertex 2.1507754722e+00 3.2800000000e-01 3.8013263493e-01
     vertex 2.1587237026e+00 3.2800000000e-01 3.8109116361e-01
     vertex 2.1745839624e+00 4.1000000000e-01 3.8021759850e-01
   endloop
 endfacet
 facet normal  -1.1966092337e-01 3.3715140026e-02 9.9224218453e-01
   outer loop
     vertex 2.1745839624e+00 4.1000000000e-01 3.8021759850e-01
     vertex 2.1587237026e+00 3.2800000000e-01 3.8109116361e-01
     vertex 2.1809709333e+00 4.1000000000e-01 3.8098784476e-01
   endloop
 endfacet
 facet normal  -7.0570038902e-02 2.0402775947e-02 9.9729814817e-01
   outer loop
     vertex 2.1587237026e+00 3.2800000000e-01 3.8109116361e-01
     vertex 2.1686792300e+00 3.2800000000e-01 3.8179562893e-01
     vertex 2.1809709333e+00 4.1000000000e-01 3.8098784476e-01
   endloop
 endfacet
 facet normal  -7.0570038902e-02 2.0402775947e-02 9.9729814817e-01
   outer loop
     vertex 2.1809709333e+00 4.1000000000e-01 3.8098784476e-01
     vertex 2.1686792300e+00 3.2800000000e-01 3.8179562893e-01
     vertex 2.1889709106e+00 4.1000000000e-01 3.8155393296e-01
   endloop
 endfacet
 facet normal  -3.2123327129e-02 1.0895038633e-02 9.9942452941e-01
   outer loop
     vertex 2.1686792300e+00 3.2800000000e-01 3.8179562893e-01
     vertex 2.1803383037e+00 3.2800000000e-01 3.8217037282e-01
     vertex 2.1889709106e+00 4.1000000000e-01 3.8155393296e-01
   endloop
 endfacet
 facet normal  -3.2123327129e-02 1.0895038633e-02 9.9942452941e-01
   outer loop
     vertex 2.1889709106e+00 4.1000000000e-01 3.8155393296e-01
     vertex 2.1803383037e+00 3.2800000000e-01 3.8217037282e-01
     vertex 2.1983398092e+00 4.1000000000e-01 3.8185506645e-01
   endloop
 endfacet
 facet normal  -2.7737210619e-03 4.4540632104e-03 9.9998623380e-01
   outer loop
     vertex 2.1803383037e+00 3.2800000000e-01 3.8217037282e-01
     vertex 2.1929879437e+00 3.2800000000e-01 3.8220545988e-01
     vertex 2.1983398092e+00 4.1000000000e-01 3.8185506645e-01
   endloop
 endfacet
 facet normal  -2.7737210619e-03 4.4540632104e-03 9.9998623380e-01
   outer loop
     vertex 2.1983398092e+00 4.1000000000e-01 3.8185506645e-01
     vertex 2.1929879437e+00 3.2800000000e-01 3.8220545988e-01
     vertex 2.2085046984e+00 4.1000000000e-01 3.8188326141e-01
   endloop
 endfacet
 facet normal  1.8698211648e-02 3.9032379649e-04 9.9982509697e-01
   outer loop
     vertex 2.1929879437e+00 3.2800000000e-01 3.8220545988e-01
     vertex 2.2186679662e+00 4.1000000000e-01 3.8169319323e-01
     vertex 2.2085046984e+00 4.1000000000e-01 3.8188326141e-01
   endloop
 endfacet
 facet normal  1.8698211648e-02 3.9032379649e-04 9.9982509697e-01
   outer loop
     vertex 2.1929879437e+00 3.2800000000e-01 3.8220545988e-01
     vertex 2.2056355657e+00 3.2800000000e-01 3.8196893059e-01
     vertex 2.2186679662e+00 4.1000000000e-01 3.8169319323e-01
   endloop
 endfacet
 facet normal  3.4074967192e-02 -2.0549020185e-03 9.9941716715e-01
   outer loop
     vertex 2.2056355657e+00 3.2800000000e-01 3.8196893059e-01
     vertex 2.2280366216e+00 4.1000000000e-01 3.8137377043e-01
     vertex 2.2186679662e+00 4.1000000000e-01 3.8169319323e-01
   endloop
 endfacet
 facet normal  3.4074967192e-02 -2.0549020185e-03 9.9941716715e-01
   outer loop
     vertex 2.2056355657e+00 3.2800000000e-01 3.8196893059e-01
     vertex 2.2172943370e+00 3.2800000000e-01 3.8157142666e-01
     vertex 2.2280366216e+00 4.1000000000e-01 3.8137377043e-01
   endloop
 endfacet
 facet normal  4.5264107422e-02 -3.5217988761e-03 9.9896884712e-01
   outer loop
     vertex 2.2172943370e+00 3.2800000000e-01 3.8157142666e-01
     vertex 2.2360489493e+00 4.1000000000e-01 3.8101072522e-01
     vertex 2.2280366216e+00 4.1000000000e-01 3.8137377043e-01
   endloop
 endfacet
 facet normal  4.5264107422e-02 -3.5217988761e-03 9.9896884712e-01
   outer loop
     vertex 2.2172943370e+00 3.2800000000e-01 3.8157142666e-01
     vertex 2.2272652336e+00 3.2800000000e-01 3.8111963707e-01
     vertex 2.2360489493e+00 4.1000000000e-01 3.8101072522e-01
   endloop
 endfacet
 facet normal  5.3687233405e-02 -4.4246303275e-03 9.9854799765e-01
   outer loop
     vertex 2.2272652336e+00 3.2800000000e-01 3.8111963707e-01
     vertex 2.2424737144e+00 4.1000000000e-01 3.8066529579e-01
     vertex 2.2360489493e+00 4.1000000000e-01 3.8101072522e-01
   endloop
 endfacet
 facet normal  5.3687233405e-02 -4.4246303275e-03 9.9854799765e-01
   outer loop
     vertex 2.2272652336e+00 3.2800000000e-01 3.8111963707e-01
     vertex 2.2352604970e+00 3.2800000000e-01 3.8068976933e-01
     vertex 2.2424737144e+00 4.1000000000e-01 3.8066529579e-01
   endloop
 endfacet
 facet normal  6.0149994486e-02 -4.9932447708e-03 9.9817686092e-01
   outer loop
     vertex 2.2352604970e+00 3.2800000000e-01 3.8068976933e-01
     vertex 2.2473645130e+00 4.1000000000e-01 3.8037057697e-01
     vertex 2.2424737144e+00 4.1000000000e-01 3.8066529579e-01
   endloop
 endfacet
 facet normal  6.0149994486e-02 -4.9932447708e-03 9.9817686092e-01
   outer loop
     vertex 2.2352604970e+00 3.2800000000e-01 3.8068976933e-01
     vertex 2.2413468240e+00 3.2800000000e-01 3.8032300813e-01
     vertex 2.2473645130e+00 4.1000000000e-01 3.8037057697e-01
   endloop
 endfacet
 facet normal  6.5123146936e-02 -5.3580246184e-03 9.9786284995e-01
   outer loop
     vertex 2.2413468240e+00 3.2800000000e-01 3.8032300813e-01
     vertex 2.2509422797e+00 4.1000000000e-01 3.8013708253e-01
     vertex 2.2473645130e+00 4.1000000000e-01 3.8037057697e-01
   endloop
 endfacet
 facet normal  6.5123146936e-02 -5.3580246184e-03 9.9786284995e-01
   outer loop
     vertex 2.2413468240e+00 3.2800000000e-01 3.8032300813e-01
     vertex 2.2457991559e+00 3.2800000000e-01 3.8003243728e-01
     vertex 2.2509422797e+00 4.1000000000e-01 3.8013708253e-01
   endloop
 endfacet
 facet normal  6.8862604517e-02 -5.5922451528e-03 9.9761047934e-01
   outer loop
     vertex 2.2457991559e+00 3.2800000000e-01 3.8003243728e-01
     vertex 2.2534840334e+00 4.1000000000e-01 3.7996163151e-01
     vertex 2.2509422797e+00 4.1000000000e-01 3.8013708253e-01
   endloop
 endfacet
 facet normal  6.8862604517e-02 -5.5922451528e-03 9.9761047934e-01
   outer loop
     vertex 2.2457991559e+00 3.2800000000e-01 3.8003243728e-01
     vertex 2.2489622272e+00 3.2800000000e-01 3.7981409822e-01
     vertex 2.2534840334e+00 4.1000000000e-01 3.7996163151e-01
   endloop
 endfacet
 facet normal  7.1570289600e-02 -5.7412132365e-03 9.9741903537e-01
   outer loop
     vertex 2.2489622272e+00 3.2800000000e-01 3.7981409822e-01
     vertex 2.2552524808e+00 4.1000000000e-01 3.7983473570e-01
     vertex 2.2534840334e+00 4.1000000000e-01 3.7996163151e-01
   endloop
 endfacet
 facet normal  7.1570289600e-02 -5.7412132365e-03 9.9741903537e-01
   outer loop
     vertex 2.2489622272e+00 3.2800000000e-01 3.7981409822e-01
     vertex 2.2511629617e+00 3.2800000000e-01 3.7965618344e-01
     vertex 2.2552524808e+00 4.1000000000e-01 3.7983473570e-01
   endloop
 endfacet
 facet normal  0.0000000000e+00 1.0000000000e+00 -0.0000000000e+00
   outer loop
     vertex 2.2552524808e+00 4.1000000000e-01 3.7983473570e-01
     vertex 2.2535018225e+00 4.1000000000e-01 3.7955419243e-01
     vertex 2.2534973752e+00 4.1000000000e-01 3.7965605220e-01
   endloop
 endfacet
 facet normal  0.0000000000e+00 1.0000000000e+00 0.0000000000e+00
   outer loop
     vertex 2.2535018225e+00 4.1000000000e-01 3.7955419243e-01
     vertex 2.2509743443e+00 4.1000000000e-01 3.7940268109e-01
     vertex 2.2534973752e+00 4.1000000000e-01 3.7965605220e-01
   endloop
 endfacet
 facet normal  0.0000000000e+00 1.0000000000e+00 -0.0000000000e+00
   outer loop
     vertex 2.2535018225e+00 4.1000000000e-01 3.7955419243e-01
     vertex 2.2509850325e+00 4.1000000000e-01 3.7915788062e-01
     vertex 2.2509743443e+00 4.1000000000e-01 3.7940268109e-01
   endloop
 endfacet
 facet normal  0.0000000000e+00 1.0000000000e+00 0.0000000000e+00
   outer loop
     vertex 2.2509850325e+00 4.1000000000e-01 3.7915788062e-01
     vertex 2.2474220513e+00 4.1000000000e-01 3.7905273308e-01
     vertex 2.2509743443e+00 4.1000000000e-01 3.7940268109e-01
   endloop
 endfacet
 facet normal  0.0000000000e+00 1.0000000000e+00 -0.0000000000e+00
   outer loop
     vertex 2.2509850325e+00 4.1000000000e-01 3.7915788062e-01
     vertex 2.2474412307e+00 4.1000000000e-01 3.7861345178e-01
     vertex 2.2474220513e+00 4.1000000000e-01 3.7905273308e-01
   endloop
 endfacet
 facet normal  0.0000000000e+00 1.0000000000e+00 0.0000000000e+00
   outer loop
     vertex 2.2474412307e+00 4.1000000000e-01 3.7861345178e-01
     vertex 2.2425644758e+00 4.1000000000e-01 3.7858651891e-01
     vertex 2.2474220513e+00 4.1000000000e-01 3.7905273308e-01
   endloop
 endfacet
 facet normal  0.0000000000e+00 1.0000000000e+00 -0.0000000000e+00
   outer loop
     vertex 2.2474412307e+00 4.1000000000e-01 3.7861345178e-01
     vertex 2.2425947296e+00 4.1000000000e-01 3.7789359328e-01
     vertex 2.2425644758e+00 4.1000000000e-01 3.7858651891e-01
   endloop
 endfacet
 facet normal  -8.6605137640e-15 1.0000000000e+00 -3.7812619701e-16
   outer loop
     vertex 2.2425947296e+00 4.1000000000e-01 3.7789359328e-01
     vertex 2.2361806264e+00 4.1000000000e-01 3.7799482365e-01
     vertex 2.2425644758e+00 4.1000000000e-01 3.7858651891e-01
   endloop
 endfacet
 facet normal  -8.6605137640e-15 1.0000000000e+00 -3.7812619701e-16
   outer loop
     vertex 2.2425947296e+00 4.1000000000e-01 3.7789359328e-01
     vertex 2.2362245188e+00 4.1000000000e-01 3.7698952313e-01
     vertex 2.2361806264e+00 4.1000000000e-01 3.7799482365e-01
   endloop
 endfacet
 facet normal  1.3883902386e-14 1.0000000000e+00 6.0618426943e-16
   outer loop
     vertex 2.2362245188e+00 4.1000000000e-01 3.7698952313e-01
     vertex 2.2282148969e+00 4.1000000000e-01 3.7729059689e-01
     vertex 2.2361806264e+00 4.1000000000e-01 3.7799482365e-01
   endloop
 endfacet
 facet normal  1.3883902386e-14 1.0000000000e+00 6.0618426943e-16
   outer loop
     vertex 2.2362245188e+00 4.1000000000e-01 3.7698952313e-01
     vertex 2.2282743219e+00 4.1000000000e-01 3.7592953905e-01
     vertex 2.2282148969e+00 4.1000000000e-01 3.7729059689e-01
   endloop
 endfacet
 facet normal  -0.0000000000e+00 1.0000000000e+00 0.0000000000e+00
   outer loop
     vertex 2.2282743219e+00 4.1000000000e-01 3.7592953905e-01
     vertex 2.2188938589e+00 4.1000000000e-01 3.7651939802e-01
     vertex 2.2282148969e+00 4.1000000000e-01 3.7729059689e-01
   endloop
 endfacet
 facet normal  0.0000000000e+00 1.0000000000e+00 -0.0000000000e+00
   outer loop
     vertex 2.2282743219e+00 4.1000000000e-01 3.7592953905e-01
     vertex 2.2189691565e+00 4.1000000000e-01 3.7479479962e-01
     vertex 2.2188938589e+00 4.1000000000e-01 3.7651939802e-01
   endloop
 endfacet
 facet normal  -5.4664027249e-15 1.0000000000e+00 -2.3866829729e-16
   outer loop
     vertex 2.2189691565e+00 4.1000000000e-01 3.7479479962e-01
     vertex 2.2087720211e+00 4.1000000000e-01 3.7576056603e-01
     vertex 2.2188938589e+00 4.1000000000e-01 3.7651939802e-01
   endloop
 endfacet
 facet normal  -5.4664027249e-15 1.0000000000e+00 -2.3866829729e-16
   outer loop
     vertex 2.2189691565e+00 4.1000000000e-01 3.7479479962e-01
     vertex 2.2088611286e+00 4.1000000000e-01 3.7371966756e-01
     vertex 2.2087720211e+00 4.1000000000e-01 3.7576056603e-01
   endloop
 endfacet
 facet normal  0.0000000000e+00 1.0000000000e+00 0.0000000000e+00
   outer loop
     vertex 2.2088611286e+00 4.1000000000e-01 3.7371966756e-01
     vertex 2.1987324625e+00 4.1000000000e-01 3.7286182676e-01
     vertex 2.2087720211e+00 4.1000000000e-01 3.7576056603e-01
   endloop
 endfacet
 facet normal  0.0000000000e+00 1.0000000000e+00 -0.0000000000e+00
   outer loop
     vertex 2.2087720211e+00 4.1000000000e-01 3.7576056603e-01
     vertex 2.1987324625e+00 4.1000000000e-01 3.7286182676e-01
     vertex 2.1986342992e+00 4.1000000000e-01 3.7511013668e-01
   endloop
 endfacet
 facet normal  0.0000000000e+00 1.0000000000e+00 0.0000000000e+00
   outer loop
     vertex 2.1987324625e+00 4.1000000000e-01 3.7286182676e-01
     vertex 2.1893729699e+00 4.1000000000e-01 3.7234526103e-01
     vertex 2.1986342992e+00 4.1000000000e-01 3.7511013668e-01
   endloop
 endfacet
 facet normal  0.0000000000e+00 1.0000000000e+00 -0.0000000000e+00
   outer loop
     vertex 2.1986342992e+00 4.1000000000e-01 3.7511013668e-01
     vertex 2.1893729699e+00 4.1000000000e-01 3.7234526103e-01
     vertex 2.1892724551e+00 4.1000000000e-01 3.7464742901e-01
   endloop
 endfacet
 facet normal  0.0000000000e+00 1.0000000000e+00 0.0000000000e+00
   outer loop
     vertex 2.1893729699e+00 4.1000000000e-01 3.7234526103e-01
     vertex 2.1813540971e+00 4.1000000000e-01 3.7221195112e-01
     vertex 2.1892724551e+00 4.1000000000e-01 3.7464742901e-01
   endloop
 endfacet
 facet normal  0.0000000000e+00 1.0000000000e+00 -0.0000000000e+00
   outer loop
     vertex 2.1892724551e+00 4.1000000000e-01 3.7464742901e-01
     vertex 2.1813540971e+00 4.1000000000e-01 3.7221195112e-01
     vertex 2.1812583061e+00 4.1000000000e-01 3.7440592453e-01
   endloop
 endfacet
 facet normal  8.6457879896e-15 1.0000000000e+00 3.7748325581e-16
   outer loop
     vertex 2.1813540971e+00 4.1000000000e-01 3.7221195112e-01
     vertex 2.1749242991e+00 4.1000000000e-01 3.7242260518e-01
     vertex 2.1812583061e+00 4.1000000000e-01 3.7440592453e-01
   endloop
 endfacet
 facet normal  8.6457879896e-15 1.0000000000e+00 3.7748325581e-16
   outer loop
     vertex 2.1812583061e+00 4.1000000000e-01 3.7440592453e-01
     vertex 2.1749242991e+00 4.1000000000e-01 3.7242260518e-01
     vertex 2.1748392150e+00 4.1000000000e-01 3.7437135351e-01
   endloop
 endfacet
 facet normal  -1.1434992025e-14 1.0000000000e+00 -4.9926253398e-16
   outer loop
     vertex 2.1749242991e+00 4.1000000000e-01 3.7242260518e-01
     vertex 2.1700489912e+00 4.1000000000e-01 3.7289921989e-01
     vertex 2.1748392150e+00 4.1000000000e-01 3.7437135351e-01
   endloop
 endfacet
 facet normal  -1.1434992025e-14 1.0000000000e+00 -4.9926253398e-16
   outer loop
     vertex 2.1748392150e+00 4.1000000000e-01 3.7437135351e-01
     vertex 2.1700489912e+00 4.1000000000e-01 3.7289921989e-01
     vertex 2.1699789300e+00 4.1000000000e-01 3.7450388651e-01
   endloop
 endfacet
 facet normal  -0.0000000000e+00 1.0000000000e+00 0.0000000000e+00
   outer loop
     vertex 2.1700489912e+00 4.1000000000e-01 3.7289921989e-01
     vertex 2.1665310981e+00 4.1000000000e-01 3.7358087957e-01
     vertex 2.1699789300e+00 4.1000000000e-01 3.7450388651e-01
   endloop
 endfacet
 facet normal  0.0000000000e+00 1.0000000000e+00 -0.0000000000e+00
   outer loop
     vertex 2.1699789300e+00 4.1000000000e-01 3.7450388651e-01
     vertex 2.1665310981e+00 4.1000000000e-01 3.7358087957e-01
     vertex 2.1664792361e+00 4.1000000000e-01 3.7476871368e-01
   endloop
 endfacet
 facet normal  2.3778546686e-14 1.0000000000e+00 1.0381937693e-15
   outer loop
     vertex 2.1665310981e+00 4.1000000000e-01 3.7358087957e-01
     vertex 2.1641570632e+00 4.1000000000e-01 3.7448624781e-01
     vertex 2.1664792361e+00 4.1000000000e-01 3.7476871368e-01
   endloop
 endfacet
 facet normal  2.3778546686e-14 1.0000000000e+00 1.0381937693e-15
   outer loop
     vertex 2.1664792361e+00 4.1000000000e-01 3.7476871368e-01
     vertex 2.1641570632e+00 4.1000000000e-01 3.7448624781e-01
     vertex 2.1641271867e+00 4.1000000000e-01 3.7517053141e-01
   endloop
 endfacet
 facet normal  -5.5018862730e-14 1.0000000000e+00 -2.4021754246e-15
   outer loop
     vertex 2.1641570632e+00 4.1000000000e-01 3.7448624781e-01
     vertex 2.1630902823e+00 4.1000000000e-01 3.7581084722e-01
     vertex 2.1641271867e+00 4.1000000000e-01 3.7517053141e-01
   endloop
 endfacet
 facet normal  0.0000000000e+00 1.0000000000e+00 0.0000000000e+00
   outer loop
     vertex 2.1630902823e+00 4.1000000000e-01 3.7581084722e-01
     vertex 2.1640375573e+00 4.1000000000e-01 3.7722338221e-01
     vertex 2.1640674338e+00 4.1000000000e-01 3.7653909861e-01
   endloop
 endfacet
 facet normal  2.3778546686e-14 1.0000000000e+00 1.0381937693e-15
   outer loop
     vertex 2.1640375573e+00 4.1000000000e-01 3.7722338221e-01
     vertex 2.1663755122e+00 4.1000000000e-01 3.7714438191e-01
     vertex 2.1640674338e+00 4.1000000000e-01 3.7653909861e-01
   endloop
 endfacet
 facet normal  2.3778546686e-14 1.0000000000e+00 1.0381937693e-15
   outer loop
     vertex 2.1640375573e+00 4.1000000000e-01 3.7722338221e-01
     vertex 2.1663236502e+00 4.1000000000e-01 3.7833221602e-01
     vertex 2.1663755122e+00 4.1000000000e-01 3.7714438191e-01
   endloop
 endfacet
 facet normal  -1.5914295441e-14 1.0000000000e+00 -6.9483314468e-16
   outer loop
     vertex 2.1663236502e+00 4.1000000000e-01 3.7833221602e-01
     vertex 2.1698388075e+00 4.1000000000e-01 3.7771321975e-01
     vertex 2.1663755122e+00 4.1000000000e-01 3.7714438191e-01
   endloop
 endfacet
 facet normal  -1.5914295441e-14 1.0000000000e+00 -6.9483314468e-16
   outer loop
     vertex 2.1663236502e+00 4.1000000000e-01 3.7833221602e-01
     vertex 2.1697687462e+00 4.1000000000e-01 3.7931788637e-01
     vertex 2.1698388075e+00 4.1000000000e-01 3.7771321975e-01
   endloop
 endfacet
 facet normal  0.0000000000e+00 1.0000000000e+00 0.0000000000e+00
   outer loop
     vertex 2.1697687462e+00 4.1000000000e-01 3.7931788637e-01
     vertex 2.1746690466e+00 4.1000000000e-01 3.7826885017e-01
     vertex 2.1698388075e+00 4.1000000000e-01 3.7771321975e-01
   endloop
 endfacet
 facet normal  0.0000000000e+00 1.0000000000e+00 0.0000000000e+00
   outer loop
     vertex 2.1697687462e+00 4.1000000000e-01 3.7931788637e-01
     vertex 2.1745839624e+00 4.1000000000e-01 3.8021759850e-01
     vertex 2.1746690466e+00 4.1000000000e-01 3.7826885017e-01
   endloop
 endfacet
 facet normal  0.0000000000e+00 1.0000000000e+00 0.0000000000e+00
   outer loop
     vertex 2.1745839624e+00 4.1000000000e-01 3.8021759850e-01
     vertex 2.1810667242e+00 4.1000000000e-01 3.7879387135e-01
     vertex 2.1746690466e+00 4.1000000000e-01 3.7826885017e-01
   endloop
 endfacet
 facet normal  0.0000000000e+00 1.0000000000e+00 0.0000000000e+00
   outer loop
     vertex 2.1745839624e+00 4.1000000000e-01 3.8021759850e-01
     vertex 2.1809709333e+00 4.1000000000e-01 3.8098784476e-01
     vertex 2.1810667242e+00 4.1000000000e-01 3.7879387135e-01
   endloop
 endfacet
 facet normal  6.9175417846e-15 1.0000000000e+00 3.0202639692e-16
   outer loop
     vertex 2.1809709333e+00 4.1000000000e-01 3.8098784476e-01
     vertex 2.1890714254e+00 4.1000000000e-01 3.7925176498e-01
     vertex 2.1810667242e+00 4.1000000000e-01 3.7879387135e-01
   endloop
 endfacet
 facet normal  6.9175417846e-15 1.0000000000e+00 3.0202639693e-16
   outer loop
     vertex 2.1809709333e+00 4.1000000000e-01 3.8098784476e-01
     vertex 2.1889709106e+00 4.1000000000e-01 3.8155393296e-01
     vertex 2.1890714254e+00 4.1000000000e-01 3.7925176498e-01
   endloop
 endfacet
 facet normal  -5.9167423880e-15 1.0000000000e+00 -2.5833055161e-16
   outer loop
     vertex 2.1889709106e+00 4.1000000000e-01 3.8155393296e-01
     vertex 2.1984379725e+00 4.1000000000e-01 3.7960675653e-01
     vertex 2.1890714254e+00 4.1000000000e-01 3.7925176498e-01
   endloop
 endfacet
 facet normal  -5.9167423880e-15 1.0000000000e+00 -2.5833055161e-16
   outer loop
     vertex 2.1889709106e+00 4.1000000000e-01 3.8155393296e-01
     vertex 2.1983398092e+00 4.1000000000e-01 3.8185506645e-01
     vertex 2.1984379725e+00 4.1000000000e-01 3.7960675653e-01
   endloop
 endfacet
 facet normal  0.0000000000e+00 1.0000000000e+00 0.0000000000e+00
   outer loop
     vertex 2.1983398092e+00 4.1000000000e-01 3.8185506645e-01
     vertex 2.2085938060e+00 4.1000000000e-01 3.7984236295e-01
     vertex 2.1984379725e+00 4.1000000000e-01 3.7960675653e-01
   endloop
 endfacet
 facet normal  0.0000000000e+00 1.0000000000e+00 0.0000000000e+00
   outer loop
     vertex 2.1983398092e+00 4.1000000000e-01 3.8185506645e-01
     vertex 2.2085046984e+00 4.1000000000e-01 3.8188326141e-01
     vertex 2.2085938060e+00 4.1000000000e-01 3.7984236295e-01
   endloop
 endfacet
 facet normal  0.0000000000e+00 1.0000000000e+00 0.0000000000e+00
   outer loop
     vertex 2.2085046984e+00 4.1000000000e-01 3.8188326141e-01
     vertex 2.2186679662e+00 4.1000000000e-01 3.8169319323e-01
     vertex 2.2085938060e+00 4.1000000000e-01 3.7984236295e-01
   endloop
 endfacet
 facet normal  0.0000000000e+00 1.0000000000e+00 0.0000000000e+00
   outer loop
     vertex 2.2085938060e+00 4.1000000000e-01 3.7984236295e-01
     vertex 2.2186679662e+00 4.1000000000e-01 3.8169319323e-01
     vertex 2.2187432637e+00 4.1000000000e-01 3.7996859483e-01
   endloop
 endfacet
 facet normal  0.0000000000e+00 1.0000000000e+00 0.0000000000e+00
   outer loop
     vertex 2.2186679662e+00 4.1000000000e-01 3.8169319323e-01
     vertex 2.2280366216e+00 4.1000000000e-01 3.8137377043e-01
     vertex 2.2187432637e+00 4.1000000000e-01 3.7996859483e-01
   endloop
 endfacet
 facet normal  0.0000000000e+00 1.0000000000e+00 0.0000000000e+00
   outer loop
     vertex 2.2187432637e+00 4.1000000000e-01 3.7996859483e-01
     vertex 2.2280366216e+00 4.1000000000e-01 3.8137377043e-01
     vertex 2.2280960467e+00 4.1000000000e-01 3.8001271259e-01
   endloop
 endfacet
 facet normal  0.0000000000e+00 1.0000000000e+00 0.0000000000e+00
   outer loop
     vertex 2.2280366216e+00 4.1000000000e-01 3.8137377043e-01
     vertex 2.2360489493e+00 4.1000000000e-01 3.8101072522e-01
     vertex 2.2280960467e+00 4.1000000000e-01 3.8001271259e-01
   endloop
 endfacet
 facet normal  0.0000000000e+00 1.0000000000e+00 0.0000000000e+00
   outer loop
     vertex 2.2280960467e+00 4.1000000000e-01 3.8001271259e-01
     vertex 2.2360489493e+00 4.1000000000e-01 3.8101072522e-01
     vertex 2.2360928417e+00 4.1000000000e-01 3.8000542470e-01
   endloop
 endfacet
 facet normal  0.0000000000e+00 1.0000000000e+00 0.0000000000e+00
   outer loop
     vertex 2.2360489493e+00 4.1000000000e-01 3.8101072522e-01
     vertex 2.2424737144e+00 4.1000000000e-01 3.8066529579e-01
     vertex 2.2360928417e+00 4.1000000000e-01 3.8000542470e-01
   endloop
 endfacet
 facet normal  0.0000000000e+00 1.0000000000e+00 0.0000000000e+00
   outer loop
     vertex 2.2360928417e+00 4.1000000000e-01 3.8000542470e-01
     vertex 2.2424737144e+00 4.1000000000e-01 3.8066529579e-01
     vertex 2.2425039682e+00 4.1000000000e-01 3.7997237016e-01
   endloop
 endfacet
 facet normal  -1.1380061182e-14 1.0000000000e+00 -4.9686420156e-16
   outer loop
     vertex 2.2424737144e+00 4.1000000000e-01 3.8066529579e-01
     vertex 2.2473645130e+00 4.1000000000e-01 3.8037057697e-01
     vertex 2.2425039682e+00 4.1000000000e-01 3.7997237016e-01
   endloop
 endfacet
 facet normal  -1.1380061182e-14 1.0000000000e+00 -4.9686420156e-16
   outer loop
     vertex 2.2425039682e+00 4.1000000000e-01 3.7997237016e-01
     vertex 2.2473645130e+00 4.1000000000e-01 3.8037057697e-01
     vertex 2.2473836924e+00 4.1000000000e-01 3.7993129567e-01
   endloop
 endfacet
 facet normal  0.0000000000e+00 1.0000000000e+00 0.0000000000e+00
   outer loop
     vertex 2.2473645130e+00 4.1000000000e-01 3.8037057697e-01
     vertex 2.2509422797e+00 4.1000000000e-01 3.8013708253e-01
     vertex 2.2473836924e+00 4.1000000000e-01 3.7993129567e-01
   endloop
 endfacet
 facet normal  0.0000000000e+00 1.0000000000e+00 0.0000000000e+00
   outer loop
     vertex 2.2473836924e+00 4.1000000000e-01 3.7993129567e-01
     vertex 2.2509422797e+00 4.1000000000e-01 3.8013708253e-01
     vertex 2.2509529679e+00 4.1000000000e-01 3.7989228205e-01
   endloop
 endfacet
 facet normal  2.1905724733e-14 1.0000000000e+00 9.5642459689e-16
   outer loop
     vertex 2.2509422797e+00 4.1000000000e-01 3.8013708253e-01
     vertex 2.2534840334e+00 4.1000000000e-01 3.7996163151e-01
     vertex 2.2509529679e+00 4.1000000000e-01 3.7989228205e-01
   endloop
 endfacet
 facet normal  2.1905724733e-14 1.0000000000e+00 9.5642459685e-16
   outer loop
     vertex 2.2509529679e+00 4.1000000000e-01 3.7989228205e-01
     vertex 2.2534840334e+00 4.1000000000e-01 3.7996163151e-01
     vertex 2.2534884807e+00 4.1000000000e-01 3.7985977174e-01
   endloop
 endfacet
 facet normal  0.0000000000e+00 1.0000000000e+00 0.0000000000e+00
   outer loop
     vertex 2.2534840334e+00 4.1000000000e-01 3.7996163151e-01
     vertex 2.2552524808e+00 4.1000000000e-01 3.7983473570e-01
     vertex 2.2534884807e+00 4.1000000000e-01 3.7985977174e-01
   endloop
 endfacet
 facet normal  0.0000000000e+00 1.0000000000e+00 -0.0000000000e+00
   outer loop
     vertex 2.2552524808e+00 4.1000000000e-01 3.7983473570e-01
     vertex 2.2534973752e+00 4.1000000000e-01 3.7965605220e-01
     vertex 2.2534929280e+00 4.1000000000e-01 3.7975791197e-01
   endloop
 endfacet
 facet normal  0.0000000000e+00 1.0000000000e+00 0.0000000000e+00
   outer loop
     vertex 2.2534973752e+00 4.1000000000e-01 3.7965605220e-01
     vertex 2.2509636561e+00 4.1000000000e-01 3.7964748157e-01
     vertex 2.2534929280e+00 4.1000000000e-01 3.7975791197e-01
   endloop
 endfacet
 facet normal  0.0000000000e+00 1.0000000000e+00 -0.0000000000e+00
   outer loop
     vertex 2.2534973752e+00 4.1000000000e-01 3.7965605220e-01
     vertex 2.2509743443e+00 4.1000000000e-01 3.7940268109e-01
     vertex 2.2509636561e+00 4.1000000000e-01 3.7964748157e-01
   endloop
 endfacet
 facet normal  -0.0000000000e+00 1.0000000000e+00 0.0000000000e+00
   outer loop
     vertex 2.2509743443e+00 4.1000000000e-01 3.7940268109e-01
     vertex 2.2474028718e+00 4.1000000000e-01 3.7949201438e-01
     vertex 2.2509636561e+00 4.1000000000e-01 3.7964748157e-01
   endloop
 endfacet
 facet normal  0.0000000000e+00 1.0000000000e+00 -0.0000000000e+00
   outer loop
     vertex 2.2509743443e+00 4.1000000000e-01 3.7940268109e-01
     vertex 2.2474220513e+00 4.1000000000e-01 3.7905273308e-01
     vertex 2.2474028718e+00 4.1000000000e-01 3.7949201438e-01
   endloop
 endfacet
 facet normal  -0.0000000000e+00 1.0000000000e+00 0.0000000000e+00
   outer loop
     vertex 2.2474220513e+00 4.1000000000e-01 3.7905273308e-01
     vertex 2.2425342220e+00 4.1000000000e-01 3.7927944453e-01
     vertex 2.2474028718e+00 4.1000000000e-01 3.7949201438e-01
   endloop
 endfacet
 facet normal  0.0000000000e+00 1.0000000000e+00 -0.0000000000e+00
   outer loop
     vertex 2.2474220513e+00 4.1000000000e-01 3.7905273308e-01
     vertex 2.2425644758e+00 4.1000000000e-01 3.7858651891e-01
     vertex 2.2425342220e+00 4.1000000000e-01 3.7927944453e-01
   endloop
 endfacet
 facet normal  -8.6605137640e-15 1.0000000000e+00 -3.7812619701e-16
   outer loop
     vertex 2.2425644758e+00 4.1000000000e-01 3.7858651891e-01
     vertex 2.2361367340e+00 4.1000000000e-01 3.7900012418e-01
     vertex 2.2425342220e+00 4.1000000000e-01 3.7927944453e-01
   endloop
 endfacet
 facet normal  -8.6605137640e-15 1.0000000000e+00 -3.7812619701e-16
   outer loop
     vertex 2.2425644758e+00 4.1000000000e-01 3.7858651891e-01
     vertex 2.2361806264e+00 4.1000000000e-01 3.7799482365e-01
     vertex 2.2361367340e+00 4.1000000000e-01 3.7900012418e-01
   endloop
 endfacet
 facet normal  1.3883902386e-14 1.0000000000e+00 6.0618426944e-16
   outer loop
     vertex 2.2361806264e+00 4.1000000000e-01 3.7799482365e-01
     vertex 2.2281554718e+00 4.1000000000e-01 3.7865165474e-01
     vertex 2.2361367340e+00 4.1000000000e-01 3.7900012418e-01
   endloop
 endfacet
 facet normal  1.3883902386e-14 1.0000000000e+00 6.0618426943e-16
   outer loop
     vertex 2.2361806264e+00 4.1000000000e-01 3.7799482365e-01
     vertex 2.2282148969e+00 4.1000000000e-01 3.7729059689e-01
     vertex 2.2281554718e+00 4.1000000000e-01 3.7865165474e-01
   endloop
 endfacet
 facet normal  -0.0000000000e+00 1.0000000000e+00 0.0000000000e+00
   outer loop
     vertex 2.2282148969e+00 4.1000000000e-01 3.7729059689e-01
     vertex 2.2188185613e+00 4.1000000000e-01 3.7824399643e-01
     vertex 2.2281554718e+00 4.1000000000e-01 3.7865165474e-01
   endloop
 endfacet
 facet normal  0.0000000000e+00 1.0000000000e+00 -0.0000000000e+00
   outer loop
     vertex 2.2282148969e+00 4.1000000000e-01 3.7729059689e-01
     vertex 2.2188938589e+00 4.1000000000e-01 3.7651939802e-01
     vertex 2.2188185613e+00 4.1000000000e-01 3.7824399643e-01
   endloop
 endfacet
 facet normal  -5.4664027249e-15 1.0000000000e+00 -2.3866829729e-16
   outer loop
     vertex 2.2188938589e+00 4.1000000000e-01 3.7651939802e-01
     vertex 2.2086829135e+00 4.1000000000e-01 3.7780146449e-01
     vertex 2.2188185613e+00 4.1000000000e-01 3.7824399643e-01
   endloop
 endfacet
 facet normal  -5.4664027249e-15 1.0000000000e+00 -2.3866829729e-16
   outer loop
     vertex 2.2188938589e+00 4.1000000000e-01 3.7651939802e-01
     vertex 2.2087720211e+00 4.1000000000e-01 3.7576056603e-01
     vertex 2.2086829135e+00 4.1000000000e-01 3.7780146449e-01
   endloop
 endfacet
 facet normal  0.0000000000e+00 1.0000000000e+00 0.0000000000e+00
   outer loop
     vertex 2.2087720211e+00 4.1000000000e-01 3.7576056603e-01
     vertex 2.1986342992e+00 4.1000000000e-01 3.7511013668e-01
     vertex 2.2086829135e+00 4.1000000000e-01 3.7780146449e-01
   endloop
 endfacet
 facet normal  0.0000000000e+00 1.0000000000e+00 -0.0000000000e+00
   outer loop
     vertex 2.2086829135e+00 4.1000000000e-01 3.7780146449e-01
     vertex 2.1986342992e+00 4.1000000000e-01 3.7511013668e-01
     vertex 2.1985361358e+00 4.1000000000e-01 3.7735844661e-01
   endloop
 endfacet
 facet normal  0.0000000000e+00 1.0000000000e+00 0.0000000000e+00
   outer loop
     vertex 2.1986342992e+00 4.1000000000e-01 3.7511013668e-01
     vertex 2.1892724551e+00 4.1000000000e-01 3.7464742901e-01
     vertex 2.1985361358e+00 4.1000000000e-01 3.7735844661e-01
   endloop
 endfacet
 facet normal  0.0000000000e+00 1.0000000000e+00 -0.0000000000e+00
   outer loop
     vertex 2.1985361358e+00 4.1000000000e-01 3.7735844661e-01
     vertex 2.1892724551e+00 4.1000000000e-01 3.7464742901e-01
     vertex 2.1891719403e+00 4.1000000000e-01 3.7694959700e-01
   endloop
 endfacet
 facet normal  0.0000000000e+00 1.0000000000e+00 0.0000000000e+00
   outer loop
     vertex 2.1892724551e+00 4.1000000000e-01 3.7464742901e-01
     vertex 2.1812583061e+00 4.1000000000e-01 3.7440592453e-01
     vertex 2.1891719403e+00 4.1000000000e-01 3.7694959700e-01
   endloop
 endfacet
 facet normal  0.0000000000e+00 1.0000000000e+00 -0.0000000000e+00
   outer loop
     vertex 2.1891719403e+00 4.1000000000e-01 3.7694959700e-01
     vertex 2.1812583061e+00 4.1000000000e-01 3.7440592453e-01
     vertex 2.1811625152e+00 4.1000000000e-01 3.7659989794e-01
   endloop
 endfacet
 facet normal  8.6457879896e-15 1.0000000000e+00 3.7748325582e-16
   outer loop
     vertex 2.1812583061e+00 4.1000000000e-01 3.7440592453e-01
     vertex 2.1748392150e+00 4.1000000000e-01 3.7437135351e-01
     vertex 2.1811625152e+00 4.1000000000e-01 3.7659989794e-01
   endloop
 endfacet
 facet normal  8.6457879896e-15 1.0000000000e+00 3.7748325582e-16
   outer loop
     vertex 2.1811625152e+00 4.1000000000e-01 3.7659989794e-01
     vertex 2.1748392150e+00 4.1000000000e-01 3.7437135351e-01
     vertex 2.1747541308e+00 4.1000000000e-01 3.7632010184e-01
   endloop
 endfacet
 facet normal  -1.1434992025e-14 1.0000000000e+00 -4.9926253398e-16
   outer loop
     vertex 2.1748392150e+00 4.1000000000e-01 3.7437135351e-01
     vertex 2.1699789300e+00 4.1000000000e-01 3.7450388651e-01
     vertex 2.1747541308e+00 4.1000000000e-01 3.7632010184e-01
   endloop
 endfacet
 facet normal  -1.1434992025e-14 1.0000000000e+00 -4.9926253398e-16
   outer loop
     vertex 2.1747541308e+00 4.1000000000e-01 3.7632010184e-01
     vertex 2.1699789300e+00 4.1000000000e-01 3.7450388651e-01
     vertex 2.1699088687e+00 4.1000000000e-01 3.7610855313e-01
   endloop
 endfacet
 facet normal  -0.0000000000e+00 1.0000000000e+00 0.0000000000e+00
   outer loop
     vertex 2.1699789300e+00 4.1000000000e-01 3.7450388651e-01
     vertex 2.1664792361e+00 4.1000000000e-01 3.7476871368e-01
     vertex 2.1699088687e+00 4.1000000000e-01 3.7610855313e-01
   endloop
 endfacet
 facet normal  0.0000000000e+00 1.0000000000e+00 -0.0000000000e+00
   outer loop
     vertex 2.1699088687e+00 4.1000000000e-01 3.7610855313e-01
     vertex 2.1664792361e+00 4.1000000000e-01 3.7476871368e-01
     vertex 2.1664273742e+00 4.1000000000e-01 3.7595654779e-01
   endloop
 endfacet
 facet normal  2.3778546686e-14 1.0000000000e+00 1.0381937693e-15
   outer loop
     vertex 2.1664792361e+00 4.1000000000e-01 3.7476871368e-01
     vertex 2.1641271867e+00 4.1000000000e-01 3.7517053141e-01
     vertex 2.1664273742e+00 4.1000000000e-01 3.7595654779e-01
   endloop
 endfacet
 facet normal  2.3778546686e-14 1.0000000000e+00 1.0381937693e-15
   outer loop
     vertex 2.1664273742e+00 4.1000000000e-01 3.7595654779e-01
     vertex 2.1641271867e+00 4.1000000000e-01 3.7517053141e-01
     vertex 2.1640973103e+00 4.1000000000e-01 3.7585481501e-01
   endloop
 endfacet
 facet normal  -5.5018862730e-14 1.0000000000e+00 -2.4021754246e-15
   outer loop
     vertex 2.1641271867e+00 4.1000000000e-01 3.7517053141e-01
     vertex 2.1630902823e+00 4.1000000000e-01 3.7581084722e-01
     vertex 2.1640973103e+00 4.1000000000e-01 3.7585481501e-01
   endloop
 endfacet
 facet normal  0.0000000000e+00 1.0000000000e+00 0.0000000000e+00
   outer loop
     vertex 2.1630902823e+00 4.1000000000e-01 3.7581084722e-01
     vertex 2.1640674338e+00 4.1000000000e-01 3.7653909861e-01
     vertex 2.1640973103e+00 4.1000000000e-01 3.7585481501e-01
   endloop
 endfacet
 facet normal  2.3778546686e-14 1.0000000000e+00 1.0381937693e-15
   outer loop
     vertex 2.1640674338e+00 4.1000000000e-01 3.7653909861e-01
     vertex 2.1664273742e+00 4.1000000000e-01 3.7595654779e-01
     vertex 2.1640973103e+00 4.1000000000e-01 3.7585481501e-01
   endloop
 endfacet
 facet normal  2.3778546686e-14 1.0000000000e+00 1.0381937693e-15
   outer loop
     vertex 2.1640674338e+00 4.1000000000e-01 3.7653909861e-01
     vertex 2.1663755122e+00 4.1000000000e-01 3.7714438191e-01
     vertex 2.1664273742e+00 4.1000000000e-01 3.7595654779e-01
   endloop
 endfacet
 facet normal  -1.5914295441e-14 1.0000000000e+00 -6.9483314467e-16
   outer loop
     vertex 2.1663755122e+00 4.1000000000e-01 3.7714438191e-01
     vertex 2.1699088687e+00 4.1000000000e-01 3.7610855313e-01
     vertex 2.1664273742e+00 4.1000000000e-01 3.7595654779e-01
   endloop
 endfacet
 facet normal  -1.5914295441e-14 1.0000000000e+00 -6.9483314467e-16
   outer loop
     vertex 2.1663755122e+00 4.1000000000e-01 3.7714438191e-01
     vertex 2.1698388075e+00 4.1000000000e-01 3.7771321975e-01
     vertex 2.1699088687e+00 4.1000000000e-01 3.7610855313e-01
   endloop
 endfacet
 facet normal  0.0000000000e+00 1.0000000000e+00 0.0000000000e+00
   outer loop
     vertex 2.1698388075e+00 4.1000000000e-01 3.7771321975e-01
     vertex 2.1747541308e+00 4.1000000000e-01 3.7632010184e-01
     vertex 2.1699088687e+00 4.1000000000e-01 3.7610855313e-01
   endloop
 endfacet
 facet normal  0.0000000000e+00 1.0000000000e+00 0.0000000000e+00
   outer loop
     vertex 2.1698388075e+00 4.1000000000e-01 3.7771321975e-01
     vertex 2.1746690466e+00 4.1000000000e-01 3.7826885017e-01
     vertex 2.1747541308e+00 4.1000000000e-01 3.7632010184e-01
   endloop
 endfacet
 facet normal  0.0000000000e+00 1.0000000000e+00 0.0000000000e+00
   outer loop
     vertex 2.1746690466e+00 4.1000000000e-01 3.7826885017e-01
     vertex 2.1811625152e+00 4.1000000000e-01 3.7659989794e-01
     vertex 2.1747541308e+00 4.1000000000e-01 3.7632010184e-01
   endloop
 endfacet
 facet normal  0.0000000000e+00 1.0000000000e+00 0.0000000000e+00
   outer loop
     vertex 2.1746690466e+00 4.1000000000e-01 3.7826885017e-01
     vertex 2.1810667242e+00 4.1000000000e-01 3.7879387135e-01
     vertex 2.1811625152e+00 4.1000000000e-01 3.7659989794e-01
   endloop
 endfacet
 facet normal  6.9175417846e-15 1.0000000000e+00 3.0202639692e-16
   outer loop
     vertex 2.1810667242e+00 4.1000000000e-01 3.7879387135e-01
     vertex 2.1891719403e+00 4.1000000000e-01 3.7694959700e-01
     vertex 2.1811625152e+00 4.1000000000e-01 3.7659989794e-01
   endloop
 endfacet
 facet normal  6.9175417846e-15 1.0000000000e+00 3.0202639693e-16
   outer loop
     vertex 2.1810667242e+00 4.1000000000e-01 3.7879387135e-01
     vertex 2.1890714254e+00 4.1000000000e-01 3.7925176498e-01
     vertex 2.1891719403e+00 4.1000000000e-01 3.7694959700e-01
   endloop
 endfacet
 facet normal  -5.9167423880e-15 1.0000000000e+00 -2.5833055161e-16
   outer loop
     vertex 2.1890714254e+00 4.1000000000e-01 3.7925176498e-01
     vertex 2.1985361358e+00 4.1000000000e-01 3.7735844661e-01
     vertex 2.1891719403e+00 4.1000000000e-01 3.7694959700e-01
   endloop
 endfacet
 facet normal  -5.9167423880e-15 1.0000000000e+00 -2.5833055161e-16
   outer loop
     vertex 2.1890714254e+00 4.1000000000e-01 3.7925176498e-01
     vertex 2.1984379725e+00 4.1000000000e-01 3.7960675653e-01
     vertex 2.1985361358e+00 4.1000000000e-01 3.7735844661e-01
   endloop
 endfacet
 facet normal  0.0000000000e+00 1.0000000000e+00 0.0000000000e+00
   outer loop
     vertex 2.1984379725e+00 4.1000000000e-01 3.7960675653e-01
     vertex 2.2086829135e+00 4.1000000000e-01 3.7780146449e-01
     vertex 2.1985361358e+00 4.1000000000e-01 3.7735844661e-01
   endloop
 endfacet
 facet normal  0.0000000000e+00 1.0000000000e+00 0.0000000000e+00
   outer loop
     vertex 2.1984379725e+00 4.1000000000e-01 3.7960675653e-01
     vertex 2.2085938060e+00 4.1000000000e-01 3.7984236295e-01
     vertex 2.2086829135e+00 4.1000000000e-01 3.7780146449e-01
   endloop
 endfacet
 facet normal  0.0000000000e+00 1.0000000000e+00 0.0000000000e+00
   outer loop
     vertex 2.2085938060e+00 4.1000000000e-01 3.7984236295e-01
     vertex 2.2187432637e+00 4.1000000000e-01 3.7996859483e-01
     vertex 2.2086829135e+00 4.1000000000e-01 3.7780146449e-01
   endloop
 endfacet
 facet normal  0.0000000000e+00 1.0000000000e+00 0.0000000000e+00
   outer loop
     vertex 2.2086829135e+00 4.1000000000e-01 3.7780146449e-01
     vertex 2.2187432637e+00 4.1000000000e-01 3.7996859483e-01
     vertex 2.2188185613e+00 4.1000000000e-01 3.7824399643e-01
   endloop
 endfacet
 facet normal  0.0000000000e+00 1.0000000000e+00 0.0000000000e+00
   outer loop
     vertex 2.2187432637e+00 4.1000000000e-01 3.7996859483e-01
     vertex 2.2280960467e+00 4.1000000000e-01 3.8001271259e-01
     vertex 2.2188185613e+00 4.1000000000e-01 3.7824399643e-01
   endloop
 endfacet
 facet normal  0.0000000000e+00 1.0000000000e+00 0.0000000000e+00
   outer loop
     vertex 2.2188185613e+00 4.1000000000e-01 3.7824399643e-01
     vertex 2.2280960467e+00 4.1000000000e-01 3.8001271259e-01
     vertex 2.2281554718e+00 4.1000000000e-01 3.7865165474e-01
   endloop
 endfacet
 facet normal  0.0000000000e+00 1.0000000000e+00 0.0000000000e+00
   outer loop
     vertex 2.2280960467e+00 4.1000000000e-01 3.8001271259e-01
     vertex 2.2360928417e+00 4.1000000000e-01 3.8000542470e-01
     vertex 2.2281554718e+00 4.1000000000e-01 3.7865165474e-01
   endloop
 endfacet
 facet normal  0.0000000000e+00 1.0000000000e+00 0.0000000000e+00
   outer loop
     vertex 2.2281554718e+00 4.1000000000e-01 3.7865165474e-01
     vertex 2.2360928417e+00 4.1000000000e-01 3.8000542470e-01
     vertex 2.2361367340e+00 4.1000000000e-01 3.7900012418e-01
   endloop
 endfacet
 facet normal  0.0000000000e+00 1.0000000000e+00 0.0000000000e+00
   outer loop
     vertex 2.2360928417e+00 4.1000000000e-01 3.8000542470e-01
     vertex 2.2425039682e+00 4.1000000000e-01 3.7997237016e-01
     vertex 2.2361367340e+00 4.1000000000e-01 3.7900012418e-01
   endloop
 endfacet
 facet normal  0.0000000000e+00 1.0000000000e+00 0.0000000000e+00
   outer loop
     vertex 2.2361367340e+00 4.1000000000e-01 3.7900012418e-01
     vertex 2.2425039682e+00 4.1000000000e-01 3.7997237016e-01
     vertex 2.2425342220e+00 4.1000000000e-01 3.7927944453e-01
   endloop
 endfacet
 facet normal  -1.1380061182e-14 1.0000000000e+00 -4.9686420156e-16
   outer loop
     vertex 2.2425039682e+00 4.1000000000e-01 3.7997237016e-01
     vertex 2.2473836924e+00 4.1000000000e-01 3.7993129567e-01
     vertex 2.2425342220e+00 4.1000000000e-01 3.7927944453e-01
   endloop
 endfacet
 facet normal  -1.1380061182e-14 1.0000000000e+00 -4.9686420155e-16
   outer loop
     vertex 2.2425342220e+00 4.1000000000e-01 3.7927944453e-01
     vertex 2.2473836924e+00 4.1000000000e-01 3.7993129567e-01
     vertex 2.2474028718e+00 4.1000000000e-01 3.7949201438e-01
   endloop
 endfacet
 facet normal  0.0000000000e+00 1.0000000000e+00 0.0000000000e+00
   outer loop
     vertex 2.2473836924e+00 4.1000000000e-01 3.7993129567e-01
     vertex 2.2509529679e+00 4.1000000000e-01 3.7989228205e-01
     vertex 2.2474028718e+00 4.1000000000e-01 3.7949201438e-01
   endloop
 endfacet
 facet normal  0.0000000000e+00 1.0000000000e+00 0.0000000000e+00
   outer loop
     vertex 2.2474028718e+00 4.1000000000e-01 3.7949201438e-01
     vertex 2.2509529679e+00 4.1000000000e-01 3.7989228205e-01
     vertex 2.2509636561e+00 4.1000000000e-01 3.7964748157e-01
   endloop
 endfacet
 facet normal  2.1905724733e-14 1.0000000000e+00 9.5642459693e-16
   outer loop
     vertex 2.2509529679e+00 4.1000000000e-01 3.7989228205e-01
     vertex 2.2534884807e+00 4.1000000000e-01 3.7985977174e-01
     vertex 2.2509636561e+00 4.1000000000e-01 3.7964748157e-01
   endloop
 endfacet
 facet normal  2.1905724733e-14 1.0000000000e+00 9.5642459694e-16
   outer loop
     vertex 2.2509636561e+00 4.1000000000e-01 3.7964748157e-01
     vertex 2.2534884807e+00 4.1000000000e-01 3.7985977174e-01
     vertex 2.2534929280e+00 4.1000000000e-01 3.7975791197e-01
   endloop
 endfacet
 facet normal  0.0000000000e+00 1.0000000000e+00 0.0000000000e+00
   outer loop
     vertex 2.2534884807e+00 4.1000000000e-01 3.7985977174e-01
     vertex 2.2552524808e+00 4.1000000000e-01 3.7983473570e-01
     vertex 2.2534929280e+00 4.1000000000e-01 3.7975791197e-01
   endloop
 endfacet
 facet normal  1.5822873990e-01 5.7412132365e-03 -9.8738579306e-01
   outer loop
     vertex 2.2348048854e+00 0.0000000000e+00 3.7894197441e-01
     vertex 2.2388944045e+00 -8.2000000000e-02 3.7912052667e-01
     vertex 2.2309145338e+00 0.0000000000e+00 3.7831854491e-01
   endloop
 endfacet
 facet normal  1.5822873990e-01 5.7412132365e-03 -9.8738579306e-01
   outer loop
     vertex 2.2388944045e+00 -8.2000000000e-02 3.7912052667e-01
     vertex 2.2354319916e+00 -8.2000000000e-02 3.7856567441e-01
     vertex 2.2309145338e+00 0.0000000000e+00 3.7831854491e-01
   endloop
 endfacet
 facet normal  1.5554804382e-01 5.5922451528e-03 -9.8781249884e-01
   outer loop
     vertex 2.2309145338e+00 0.0000000000e+00 3.7831854491e-01
     vertex 2.2354319916e+00 -8.2000000000e-02 3.7856567441e-01
     vertex 2.2253216672e+00 0.0000000000e+00 3.7743785200e-01
   endloop
 endfacet
 facet normal  1.5554804382e-01 5.5922451528e-03 -9.8781249884e-01
   outer loop
     vertex 2.2354319916e+00 -8.2000000000e-02 3.7856567441e-01
     vertex 2.2304543402e+00 -8.2000000000e-02 3.7778185772e-01
     vertex 2.2253216672e+00 0.0000000000e+00 3.7743785200e-01
   endloop
 endfacet
 facet normal  1.5184481155e-01 5.3580246184e-03 -9.8838982430e-01
   outer loop
     vertex 2.2253216672e+00 0.0000000000e+00 3.7743785200e-01
     vertex 2.2304543402e+00 -8.2000000000e-02 3.7778185772e-01
     vertex 2.2174465520e+00 0.0000000000e+00 3.7622801014e-01
   endloop
 endfacet
 facet normal  1.5184481155e-01 5.3580246184e-03 -9.8838982430e-01
   outer loop
     vertex 2.2304543402e+00 -8.2000000000e-02 3.7778185772e-01
     vertex 2.2234454877e+00 -8.2000000000e-02 3.7670509847e-01
     vertex 2.2174465520e+00 0.0000000000e+00 3.7622801014e-01
   endloop
 endfacet
 facet normal  1.4691795130e-01 4.9932447708e-03 -9.8913607916e-01
   outer loop
     vertex 2.2174465520e+00 0.0000000000e+00 3.7622801014e-01
     vertex 2.2234454877e+00 -8.2000000000e-02 3.7670509847e-01
     vertex 2.2066765495e+00 0.0000000000e+00 3.7462832458e-01
   endloop
 endfacet
 facet normal  1.4691795130e-01 4.9932447708e-03 -9.8913607916e-01
   outer loop
     vertex 2.2234454877e+00 -8.2000000000e-02 3.7670509847e-01
     vertex 2.2138601855e+00 -8.2000000000e-02 3.7528137832e-01
     vertex 2.2066765495e+00 0.0000000000e+00 3.7462832458e-01
   endloop
 endfacet
 facet normal  1.4051212968e-01 4.4246303275e-03 -9.9006907035e-01
   outer loop
     vertex 2.2066765495e+00 0.0000000000e+00 3.7462832458e-01
     vertex 2.2138601855e+00 -8.2000000000e-02 3.7528137832e-01
     vertex 2.1925205254e+00 0.0000000000e+00 3.7261927981e-01
   endloop
 endfacet
 facet normal  1.4051212968e-01 4.4246303275e-03 -9.9006907035e-01
   outer loop
     vertex 2.2138601855e+00 -8.2000000000e-02 3.7528137832e-01
     vertex 2.2012613241e+00 -8.2000000000e-02 3.7349332847e-01
     vertex 2.1925205254e+00 0.0000000000e+00 3.7261927981e-01
   endloop
 endfacet
 facet normal  1.3215773568e-01 3.5217988761e-03 -9.9122244216e-01
   outer loop
     vertex 2.1925205254e+00 0.0000000000e+00 3.7261927981e-01
     vertex 2.2012613241e+00 -8.2000000000e-02 3.7349332847e-01
     vertex 2.1748534213e+00 0.0000000000e+00 3.7026375962e-01
   endloop
 endfacet
 facet normal  1.3215773568e-01 3.5217988761e-03 -9.9122244216e-01
   outer loop
     vertex 2.2012613241e+00 -8.2000000000e-02 3.7349332847e-01
     vertex 2.1855376015e+00 -8.2000000000e-02 3.7139691551e-01
     vertex 2.1748534213e+00 0.0000000000e+00 3.7026375962e-01
   endloop
 endfacet
 facet normal  1.2105024717e-01 2.0549020185e-03 -9.9264425402e-01
   outer loop
     vertex 2.1748534213e+00 0.0000000000e+00 3.7026375962e-01
     vertex 2.1855376015e+00 -8.2000000000e-02 3.7139691551e-01
     vertex 2.1541752760e+00 0.0000000000e+00 3.6774211645e-01
   endloop
 endfacet
 facet normal  1.2105024717e-01 2.0549020185e-03 -9.9264425402e-01
   outer loop
     vertex 2.1855376015e+00 -8.2000000000e-02 3.7139691551e-01
     vertex 2.1671340521e+00 -8.2000000000e-02 3.6915265309e-01
     vertex 2.1541752760e+00 0.0000000000e+00 3.6774211645e-01
   endloop
 endfacet
 facet normal  1.0576755825e-01 -3.9032379649e-04 -9.9439080410e-01
   outer loop
     vertex 2.1541752760e+00 0.0000000000e+00 3.6774211645e-01
     vertex 2.1671340521e+00 -8.2000000000e-02 3.6915265309e-01
     vertex 2.1317129918e+00 0.0000000000e+00 3.6535293410e-01
   endloop
 endfacet
 facet normal  1.0576755825e-01 -3.9032379649e-04 -9.9439080410e-01
   outer loop
     vertex 2.1671340521e+00 -8.2000000000e-02 3.6915265309e-01
     vertex 2.1471426191e+00 -8.2000000000e-02 3.6702628080e-01
     vertex 2.1317129918e+00 0.0000000000e+00 3.6535293410e-01
   endloop
 endfacet
 facet normal  8.4391376729e-02 -4.4540632104e-03 -9.9642273000e-01
   outer loop
     vertex 2.1317129918e+00 0.0000000000e+00 3.6535293410e-01
     vertex 2.1471426191e+00 -8.2000000000e-02 3.6702628080e-01
     vertex 2.1271103684e+00 -8.2000000000e-02 3.6532966231e-01
   endloop
 endfacet
 facet normal  8.4391376729e-02 -4.4540632104e-03 -9.9642273000e-01
   outer loop
     vertex 2.1317129918e+00 0.0000000000e+00 3.6535293410e-01
     vertex 2.1271103684e+00 -8.2000000000e-02 3.6532966231e-01
     vertex 2.1092048449e+00 0.0000000000e+00 3.6344662120e-01
   endloop
 endfacet
 facet normal  5.5104499010e-02 -1.0895038633e-02 -9.9842114978e-01
   outer loop
     vertex 2.1092048449e+00 0.0000000000e+00 3.6344662120e-01
     vertex 2.1271103684e+00 -8.2000000000e-02 3.6532966231e-01
     vertex 2.1085993720e+00 -8.2000000000e-02 3.6430801009e-01
   endloop
 endfacet
 facet normal  5.5104499010e-02 -1.0895038633e-02 -9.9842114978e-01
   outer loop
     vertex 2.1092048449e+00 0.0000000000e+00 3.6344662120e-01
     vertex 2.1085993720e+00 -8.2000000000e-02 3.6430801009e-01
     vertex 2.0884059725e+00 0.0000000000e+00 3.6229869736e-01
   endloop
 endfacet
 facet normal  1.6618762246e-02 -2.0402775947e-02 -9.9965371178e-01
   outer loop
     vertex 2.0884059725e+00 0.0000000000e+00 3.6229869736e-01
     vertex 2.1085993720e+00 -8.2000000000e-02 3.6430801009e-01
     vertex 2.0927398234e+00 -8.2000000000e-02 3.6404435272e-01
   endloop
 endfacet
 facet normal  1.6618762246e-02 -2.0402775947e-02 -9.9965371178e-01
   outer loop
     vertex 2.0884059725e+00 0.0000000000e+00 3.6229869736e-01
     vertex 2.0927398234e+00 -8.2000000000e-02 3.6404435272e-01
     vertex 2.0705862550e+00 0.0000000000e+00 3.6200245312e-01
   endloop
 endfacet
 facet normal  -3.2725972850e-02 -3.3715140026e-02 -9.9889554010e-01
   outer loop
     vertex 2.0705862550e+00 0.0000000000e+00 3.6200245312e-01
     vertex 2.0927398234e+00 -8.2000000000e-02 3.6404435272e-01
     vertex 2.0800231120e+00 -8.2000000000e-02 3.6446097963e-01
   endloop
 endfacet
 facet normal  -3.2725972850e-02 -3.3715140026e-02 -9.9889554010e-01
   outer loop
     vertex 2.0705862550e+00 0.0000000000e+00 3.6200245312e-01
     vertex 2.0800231120e+00 -8.2000000000e-02 3.6446097963e-01
     vertex 2.0562978152e+00 0.0000000000e+00 3.6247057324e-01
   endloop
 endfacet
 facet normal  -9.7164264156e-02 -5.2237914640e-02 -9.9389652683e-01
   outer loop
     vertex 2.0562978152e+00 0.0000000000e+00 3.6247057324e-01
     vertex 2.0800231120e+00 -8.2000000000e-02 3.6446097963e-01
     vertex 2.0703808363e+00 -8.2000000000e-02 3.6540361761e-01
   endloop
 endfacet
 facet normal  -9.7164264156e-02 -5.2237914640e-02 -9.9389652683e-01
   outer loop
     vertex 2.0562978152e+00 0.0000000000e+00 3.6247057324e-01
     vertex 2.0703808363e+00 -8.2000000000e-02 3.6540361761e-01
     vertex 2.0454637976e+00 0.0000000000e+00 3.6352971704e-01
   endloop
 endfacet
 facet normal  -1.8962149323e-01 -7.9982855496e-02 -9.7859411000e-01
   outer loop
     vertex 2.0454637976e+00 0.0000000000e+00 3.6352971704e-01
     vertex 2.0703808363e+00 -8.2000000000e-02 3.6540361761e-01
     vertex 2.0634232254e+00 -8.2000000000e-02 3.6675178899e-01
   endloop
 endfacet
 facet normal  -1.8962149323e-01 -7.9982855496e-02 -9.7859411000e-01
   outer loop
     vertex 2.0454637976e+00 0.0000000000e+00 3.6352971704e-01
     vertex 2.0634232254e+00 -8.2000000000e-02 3.6675178899e-01
     vertex 2.0376462572e+00 0.0000000000e+00 3.6504451634e-01
   endloop
 endfacet
 facet normal  -3.5329007389e-01 -1.3034567284e-01 -9.2638875709e-01
   outer loop
     vertex 2.0376462572e+00 0.0000000000e+00 3.6504451634e-01
     vertex 2.0634232254e+00 -8.2000000000e-02 3.6675178899e-01
     vertex 2.0587279120e+00 -8.2000000000e-02 3.6854240616e-01
   endloop
 endfacet
 facet normal  -3.5329007389e-01 -1.3034567284e-01 -9.2638875709e-01
   outer loop
     vertex 2.0376462572e+00 0.0000000000e+00 3.6504451634e-01
     vertex 2.0587279120e+00 -8.2000000000e-02 3.6854240616e-01
     vertex 2.0323706242e+00 0.0000000000e+00 3.6705644575e-01
   endloop
 endfacet
 facet normal  -7.5345326112e-01 -2.5317888002e-01 -6.0680197595e-01
   outer loop
     vertex 2.0323706242e+00 0.0000000000e+00 3.6705644575e-01
     vertex 2.0587279120e+00 -8.2000000000e-02 3.6854240616e-01
     vertex 2.0566180565e+00 -8.2000000000e-02 3.7116216944e-01
   endloop
 endfacet
 facet normal  -7.5345326112e-01 -2.5317888002e-01 -6.0680197595e-01
   outer loop
     vertex 2.0323706242e+00 0.0000000000e+00 3.6705644575e-01
     vertex 2.0566180565e+00 -8.2000000000e-02 3.7116216944e-01
     vertex 2.0300000000e+00 0.0000000000e+00 3.7000000000e-01
   endloop
 endfacet
 facet normal  -8.0347242090e-01 -2.5317888002e-01 5.3882513264e-01
   outer loop
     vertex 2.0300000000e+00 0.0000000000e+00 3.7000000000e-01
     vertex 2.0566180565e+00 -8.2000000000e-02 3.7116216944e-01
     vertex 2.0321050556e+00 0.0000000000e+00 3.7313896665e-01
   endloop
 endfacet
 facet normal  -8.0347242090e-01 -2.5317888002e-01 5.3882513264e-01
   outer loop
     vertex 2.0566180565e+00 -8.2000000000e-02 3.7116216944e-01
     vertex 2.0584915560e+00 -8.2000000000e-02 3.7395584976e-01
     vertex 2.0321050556e+00 0.0000000000e+00 3.7313896665e-01
   endloop
 endfacet
 facet normal  -4.3268579869e-01 -1.3034567284e-01 8.9207230939e-01
   outer loop
     vertex 2.0321050556e+00 0.0000000000e+00 3.7313896665e-01
     vertex 2.0584915560e+00 -8.2000000000e-02 3.7395584976e-01
     vertex 2.0371852621e+00 0.0000000000e+00 3.7560304178e-01
   endloop
 endfacet
 facet normal  -4.3268579869e-01 -1.3034567284e-01 8.9207230939e-01
   outer loop
     vertex 2.0584915560e+00 -8.2000000000e-02 3.7395584976e-01
     vertex 2.0630129397e+00 -8.2000000000e-02 3.7614887663e-01
     vertex 2.0371852621e+00 0.0000000000e+00 3.7560304178e-01
   endloop
 endfacet
 facet normal  -2.7419002271e-01 -7.9982855496e-02 9.5834366188e-01
   outer loop
     vertex 2.0371852621e+00 0.0000000000e+00 3.7560304178e-01
     vertex 2.0630129397e+00 -8.2000000000e-02 3.7614887663e-01
     vertex 2.0448410308e+00 0.0000000000e+00 3.7779342034e-01
   endloop
 endfacet
 facet normal  -2.7419002271e-01 -7.9982855496e-02 9.5834366188e-01
   outer loop
     vertex 2.0630129397e+00 -8.2000000000e-02 3.7614887663e-01
     vertex 2.0698265739e+00 -8.2000000000e-02 3.7809831355e-01
     vertex 2.0448410308e+00 0.0000000000e+00 3.7779342034e-01
   endloop
 endfacet
 facet normal  -1.8341831481e-01 -5.2237914640e-02 9.8164602687e-01
   outer loop
     vertex 2.0448410308e+00 0.0000000000e+00 3.7779342034e-01
     vertex 2.0698265739e+00 -8.2000000000e-02 3.7809831355e-01
     vertex 2.0555415113e+00 0.0000000000e+00 3.7979278063e-01
   endloop
 endfacet
 facet normal  -1.8341831481e-01 -5.2237914640e-02 9.8164602687e-01
   outer loop
     vertex 2.0698265739e+00 -8.2000000000e-02 3.7809831355e-01
     vertex 2.0793500015e+00 -8.2000000000e-02 3.7987774421e-01
     vertex 2.0555415113e+00 0.0000000000e+00 3.7979278063e-01
   endloop
 endfacet
 facet normal  -1.1966092337e-01 -3.3715140026e-02 9.9224218453e-01
   outer loop
     vertex 2.0555415113e+00 0.0000000000e+00 3.7979278063e-01
     vertex 2.0793500015e+00 -8.2000000000e-02 3.7987774421e-01
     vertex 2.0697347799e+00 0.0000000000e+00 3.8150443899e-01
   endloop
 endfacet
 facet normal  -1.1966092337e-01 -3.3715140026e-02 9.9224218453e-01
   outer loop
     vertex 2.0793500015e+00 -8.2000000000e-02 3.7987774421e-01
     vertex 2.0919820106e+00 -8.2000000000e-02 3.8140112015e-01
     vertex 2.0697347799e+00 0.0000000000e+00 3.8150443899e-01
   endloop
 endfacet
 facet normal  -7.0570038902e-02 -2.0402775947e-02 9.9729814817e-01
   outer loop
     vertex 2.0697347799e+00 0.0000000000e+00 3.8150443899e-01
     vertex 2.0919820106e+00 -8.2000000000e-02 3.8140112015e-01
     vertex 2.0875125073e+00 0.0000000000e+00 3.8276241277e-01
   endloop
 endfacet
 facet normal  -7.0570038902e-02 -2.0402775947e-02 9.9729814817e-01
   outer loop
     vertex 2.0919820106e+00 -8.2000000000e-02 3.8140112015e-01
     vertex 2.1078041880e+00 -8.2000000000e-02 3.8252071681e-01
     vertex 2.0875125073e+00 0.0000000000e+00 3.8276241277e-01
   endloop
 endfacet
 facet normal  -3.2123327129e-02 -1.0895038633e-02 9.9942452941e-01
   outer loop
     vertex 2.0875125073e+00 0.0000000000e+00 3.8276241277e-01
     vertex 2.1078041880e+00 -8.2000000000e-02 3.8252071681e-01
     vertex 2.1083322819e+00 0.0000000000e+00 3.8343159830e-01
   endloop
 endfacet
 facet normal  -3.2123327129e-02 -1.0895038633e-02 9.9942452941e-01
   outer loop
     vertex 2.1078041880e+00 -8.2000000000e-02 3.8252071681e-01
     vertex 2.1263337874e+00 -8.2000000000e-02 3.8311629193e-01
     vertex 2.1083322819e+00 0.0000000000e+00 3.8343159830e-01
   endloop
 endfacet
 facet normal  -2.7737210619e-03 -4.4540632104e-03 9.9998623380e-01
   outer loop
     vertex 2.1083322819e+00 0.0000000000e+00 3.8343159830e-01
     vertex 2.1263337874e+00 -8.2000000000e-02 3.8311629193e-01
     vertex 2.1309209247e+00 0.0000000000e+00 3.8349425375e-01
   endloop
 endfacet
 facet normal  -2.7737210619e-03 -4.4540632104e-03 9.9998623380e-01
   outer loop
     vertex 2.1263337874e+00 -8.2000000000e-02 3.8311629193e-01
     vertex 2.1464376794e+00 -8.2000000000e-02 3.8317205528e-01
     vertex 2.1309209247e+00 0.0000000000e+00 3.8349425375e-01
   endloop
 endfacet
 facet normal  1.8698211648e-02 -3.9032379649e-04 9.9982509697e-01
   outer loop
     vertex 2.1309209247e+00 0.0000000000e+00 3.8349425375e-01
     vertex 2.1464376794e+00 -8.2000000000e-02 3.8317205528e-01
     vertex 2.1665383645e+00 -8.2000000000e-02 3.8279614267e-01
   endloop
 endfacet
 facet normal  1.8698211648e-02 -3.9032379649e-04 9.9982509697e-01
   outer loop
     vertex 2.1309209247e+00 0.0000000000e+00 3.8349425375e-01
     vertex 2.1665383645e+00 -8.2000000000e-02 3.8279614267e-01
     vertex 2.1535059641e+00 0.0000000000e+00 3.8307188003e-01
   endloop
 endfacet
 facet normal  3.4074967192e-02 2.0549020185e-03 9.9941716715e-01
   outer loop
     vertex 2.1535059641e+00 0.0000000000e+00 3.8307188003e-01
     vertex 2.1665383645e+00 -8.2000000000e-02 3.8279614267e-01
     vertex 2.1850674831e+00 -8.2000000000e-02 3.8216439536e-01
   endloop
 endfacet
 facet normal  3.4074967192e-02 2.0549020185e-03 9.9941716715e-01
   outer loop
     vertex 2.1535059641e+00 0.0000000000e+00 3.8307188003e-01
     vertex 2.1850674831e+00 -8.2000000000e-02 3.8216439536e-01
     vertex 2.1743251985e+00 0.0000000000e+00 3.8236205159e-01
   endloop
 endfacet
 facet normal  4.5264107422e-02 3.5217988761e-03 9.9896884712e-01
   outer loop
     vertex 2.1743251985e+00 0.0000000000e+00 3.8236205159e-01
     vertex 2.1850674831e+00 -8.2000000000e-02 3.8216439536e-01
     vertex 2.2009140867e+00 -8.2000000000e-02 3.8144637260e-01
   endloop
 endfacet
 facet normal  4.5264107422e-02 3.5217988761e-03 9.9896884712e-01
   outer loop
     vertex 2.1743251985e+00 0.0000000000e+00 3.8236205159e-01
     vertex 2.2009140867e+00 -8.2000000000e-02 3.8144637260e-01
     vertex 2.1921303710e+00 0.0000000000e+00 3.8155528445e-01
   endloop
 endfacet
 facet normal  5.3687233405e-02 4.4246303275e-03 9.9854799765e-01
   outer loop
     vertex 2.1921303710e+00 0.0000000000e+00 3.8155528445e-01
     vertex 2.2009140867e+00 -8.2000000000e-02 3.8144637260e-01
     vertex 2.2136208445e+00 -8.2000000000e-02 3.8076318995e-01
   endloop
 endfacet
 facet normal  5.3687233405e-02 4.4246303275e-03 9.9854799765e-01
   outer loop
     vertex 2.1921303710e+00 0.0000000000e+00 3.8155528445e-01
     vertex 2.2136208445e+00 -8.2000000000e-02 3.8076318995e-01
     vertex 2.2064076270e+00 0.0000000000e+00 3.8078766349e-01
   endloop
 endfacet
 facet normal  6.0149994486e-02 4.9932447708e-03 9.9817686092e-01
   outer loop
     vertex 2.2064076270e+00 0.0000000000e+00 3.8078766349e-01
     vertex 2.2136208445e+00 -8.2000000000e-02 3.8076318995e-01
     vertex 2.2232937571e+00 -8.2000000000e-02 3.8018030162e-01
   endloop
 endfacet
 facet normal  6.0149994486e-02 4.9932447708e-03 9.9817686092e-01
   outer loop
     vertex 2.2064076270e+00 0.0000000000e+00 3.8078766349e-01
     vertex 2.2232937571e+00 -8.2000000000e-02 3.8018030162e-01
     vertex 2.2172760681e+00 0.0000000000e+00 3.8013273278e-01
   endloop
 endfacet
 facet normal  6.5123146936e-02 5.3580246184e-03 9.9786284995e-01
   outer loop
     vertex 2.2172760681e+00 0.0000000000e+00 3.8013273278e-01
     vertex 2.2232937571e+00 -8.2000000000e-02 3.8018030162e-01
     vertex 2.2303697845e+00 -8.2000000000e-02 3.7971850151e-01
   endloop
 endfacet
 facet normal  6.5123146936e-02 5.3580246184e-03 9.9786284995e-01
   outer loop
     vertex 2.2172760681e+00 0.0000000000e+00 3.8013273278e-01
     vertex 2.2303697845e+00 -8.2000000000e-02 3.7971850151e-01
     vertex 2.2252266608e+00 0.0000000000e+00 3.7961385625e-01
   endloop
 endfacet
 facet normal  6.8862604516e-02 5.5922451528e-03 9.9761047934e-01
   outer loop
     vertex 2.2252266608e+00 0.0000000000e+00 3.7961385625e-01
     vertex 2.2303697845e+00 -8.2000000000e-02 3.7971850151e-01
     vertex 2.2353968085e+00 -8.2000000000e-02 3.7937149837e-01
   endloop
 endfacet
 facet normal  6.8862604516e-02 5.5922451528e-03 9.9761047934e-01
   outer loop
     vertex 2.2252266608e+00 0.0000000000e+00 3.7961385625e-01
     vertex 2.2353968085e+00 -8.2000000000e-02 3.7937149837e-01
     vertex 2.2308750023e+00 0.0000000000e+00 3.7922396509e-01
   endloop
 endfacet
 facet normal  7.1570289600e-02 5.7412132365e-03 9.9741903537e-01
   outer loop
     vertex 2.2308750023e+00 0.0000000000e+00 3.7922396509e-01
     vertex 2.2353968085e+00 -8.2000000000e-02 3.7937149837e-01
     vertex 2.2388944045e+00 -8.2000000000e-02 3.7912052667e-01
   endloop
 endfacet
 facet normal  7.1570289600e-02 5.7412132365e-03 9.9741903537e-01
   outer loop
     vertex 2.2308750023e+00 0.0000000000e+00 3.7922396509e-01
     vertex 2.2388944045e+00 -8.2000000000e-02 3.7912052667e-01
     vertex 2.2348048854e+00 0.0000000000e+00 3.7894197441e-01
   endloop
 endfacet
 facet normal  1.5822873990e-01 5.7412132365e-03 -9.8738579306e-01
   outer loop
     vertex 2.2388944045e+00 -8.2000000000e-02 3.7912052667e-01
     vertex 2.2429839236e+00 -1.6400000000e-01 3.7929907893e-01
     vertex 2.2354319916e+00 -8.2000000000e-02 3.7856567441e-01
   endloop
 endfacet
 facet normal  1.5822873990e-01 5.7412132365e-03 -9.8738579306e-01
   outer loop
     vertex 2.2429839236e+00 -1.6400000000e-01 3.7929907893e-01
     vertex 2.2399494493e+00 -1.6400000000e-01 3.7881280392e-01
     vertex 2.2354319916e+00 -8.2000000000e-02 3.7856567441e-01
   endloop
 endfacet
 facet normal  1.5554804382e-01 5.5922451528e-03 -9.8781249884e-01
   outer loop
     vertex 2.2354319916e+00 -8.2000000000e-02 3.7856567441e-01
     vertex 2.2399494493e+00 -1.6400000000e-01 3.7881280392e-01
     vertex 2.2304543402e+00 -8.2000000000e-02 3.7778185772e-01
   endloop
 endfacet
 facet normal  1.5554804382e-01 5.5922451528e-03 -9.8781249884e-01
   outer loop
     vertex 2.2399494493e+00 -1.6400000000e-01 3.7881280392e-01
     vertex 2.2355870133e+00 -1.6400000000e-01 3.7812586344e-01
     vertex 2.2304543402e+00 -8.2000000000e-02 3.7778185772e-01
   endloop
 endfacet
 facet normal  1.5184481155e-01 5.3580246184e-03 -9.8838982430e-01
   outer loop
     vertex 2.2304543402e+00 -8.2000000000e-02 3.7778185772e-01
     vertex 2.2355870133e+00 -1.6400000000e-01 3.7812586344e-01
     vertex 2.2234454877e+00 -8.2000000000e-02 3.7670509847e-01
   endloop
 endfacet
 facet normal  1.5184481155e-01 5.3580246184e-03 -9.8838982430e-01
   outer loop
     vertex 2.2355870133e+00 -1.6400000000e-01 3.7812586344e-01
     vertex 2.2294444235e+00 -1.6400000000e-01 3.7718218680e-01
     vertex 2.2234454877e+00 -8.2000000000e-02 3.7670509847e-01
   endloop
 endfacet
 facet normal  1.4691795130e-01 4.9932447708e-03 -9.8913607916e-01
   outer loop
     vertex 2.2234454877e+00 -8.2000000000e-02 3.7670509847e-01
     vertex 2.2294444235e+00 -1.6400000000e-01 3.7718218680e-01
     vertex 2.2138601855e+00 -8.2000000000e-02 3.7528137832e-01
   endloop
 endfacet
 facet normal  1.4691795130e-01 4.9932447708e-03 -9.8913607916e-01
   outer loop
     vertex 2.2294444235e+00 -1.6400000000e-01 3.7718218680e-01
     vertex 2.2210438215e+00 -1.6400000000e-01 3.7593443206e-01
     vertex 2.2138601855e+00 -8.2000000000e-02 3.7528137832e-01
   endloop
 endfacet
 facet normal  1.4051212968e-01 4.4246303275e-03 -9.9006907035e-01
   outer loop
     vertex 2.2138601855e+00 -8.2000000000e-02 3.7528137832e-01
     vertex 2.2210438215e+00 -1.6400000000e-01 3.7593443206e-01
     vertex 2.2012613241e+00 -8.2000000000e-02 3.7349332847e-01
   endloop
 endfacet
 facet normal  1.4051212968e-01 4.4246303275e-03 -9.9006907035e-01
   outer loop
     vertex 2.2210438215e+00 -1.6400000000e-01 3.7593443206e-01
     vertex 2.2100021228e+00 -1.6400000000e-01 3.7436737714e-01
     vertex 2.2012613241e+00 -8.2000000000e-02 3.7349332847e-01
   endloop
 endfacet
 facet normal  1.3215773568e-01 3.5217988761e-03 -9.9122244216e-01
   outer loop
     vertex 2.2012613241e+00 -8.2000000000e-02 3.7349332847e-01
     vertex 2.2100021228e+00 -1.6400000000e-01 3.7436737714e-01
     vertex 2.1855376015e+00 -8.2000000000e-02 3.7139691551e-01
   endloop
 endfacet
 facet normal  1.3215773568e-01 3.5217988761e-03 -9.9122244216e-01
   outer loop
     vertex 2.2100021228e+00 -1.6400000000e-01 3.7436737714e-01
     vertex 2.1962217816e+00 -1.6400000000e-01 3.7253007139e-01
     vertex 2.1855376015e+00 -8.2000000000e-02 3.7139691551e-01
   endloop
 endfacet
 facet normal  1.2105024717e-01 2.0549020185e-03 -9.9264425402e-01
   outer loop
     vertex 2.1855376015e+00 -8.2000000000e-02 3.7139691551e-01
     vertex 2.1962217816e+00 -1.6400000000e-01 3.7253007139e-01
     vertex 2.1671340521e+00 -8.2000000000e-02 3.6915265309e-01
   endloop
 endfacet
 facet normal  1.2105024717e-01 2.0549020185e-03 -9.9264425402e-01
   outer loop
     vertex 2.1962217816e+00 -1.6400000000e-01 3.7253007139e-01
     vertex 2.1800928282e+00 -1.6400000000e-01 3.7056318972e-01
     vertex 2.1671340521e+00 -8.2000000000e-02 3.6915265309e-01
   endloop
 endfacet
 facet normal  1.0576755825e-01 -3.9032379649e-04 -9.9439080410e-01
   outer loop
     vertex 2.1671340521e+00 -8.2000000000e-02 3.6915265309e-01
     vertex 2.1800928282e+00 -1.6400000000e-01 3.7056318972e-01
     vertex 2.1471426191e+00 -8.2000000000e-02 3.6702628080e-01
   endloop
 endfacet
 facet normal  1.0576755825e-01 -3.9032379649e-04 -9.9439080410e-01
   outer loop
     vertex 2.1800928282e+00 -1.6400000000e-01 3.7056318972e-01
     vertex 2.1625722465e+00 -1.6400000000e-01 3.6869962749e-01
     vertex 2.1471426191e+00 -8.2000000000e-02 3.6702628080e-01
   endloop
 endfacet
 facet normal  8.4391376729e-02 -4.4540632104e-03 -9.9642273000e-01
   outer loop
     vertex 2.1471426191e+00 -8.2000000000e-02 3.6702628080e-01
     vertex 2.1625722465e+00 -1.6400000000e-01 3.6869962749e-01
     vertex 2.1450158919e+00 -1.6400000000e-01 3.6721270343e-01
   endloop
 endfacet
 facet normal  8.4391376729e-02 -4.4540632104e-03 -9.9642273000e-01
   outer loop
     vertex 2.1471426191e+00 -8.2000000000e-02 3.6702628080e-01
     vertex 2.1450158919e+00 -1.6400000000e-01 3.6721270343e-01
     vertex 2.1271103684e+00 -8.2000000000e-02 3.6532966231e-01
   endloop
 endfacet
 facet normal  5.5104499010e-02 -1.0895038633e-02 -9.9842114978e-01
   outer loop
     vertex 2.1271103684e+00 -8.2000000000e-02 3.6532966231e-01
     vertex 2.1450158919e+00 -1.6400000000e-01 3.6721270343e-01
     vertex 2.1287927714e+00 -1.6400000000e-01 3.6631732283e-01
   endloop
 endfacet
 facet normal  5.5104499010e-02 -1.0895038633e-02 -9.9842114978e-01
   outer loop
     vertex 2.1271103684e+00 -8.2000000000e-02 3.6532966231e-01
     vertex 2.1287927714e+00 -1.6400000000e-01 3.6631732283e-01
     vertex 2.1085993720e+00 -8.2000000000e-02 3.6430801009e-01
   endloop
 endfacet
 facet normal  1.6618762246e-02 -2.0402775947e-02 -9.9965371178e-01
   outer loop
     vertex 2.1085993720e+00 -8.2000000000e-02 3.6430801009e-01
     vertex 2.1287927714e+00 -1.6400000000e-01 3.6631732283e-01
     vertex 2.1148933918e+00 -1.6400000000e-01 3.6608625232e-01
   endloop
 endfacet
 facet normal  1.6618762246e-02 -2.0402775947e-02 -9.9965371178e-01
   outer loop
     vertex 2.1085993720e+00 -8.2000000000e-02 3.6430801009e-01
     vertex 2.1148933918e+00 -1.6400000000e-01 3.6608625232e-01
     vertex 2.0927398234e+00 -8.2000000000e-02 3.6404435272e-01
   endloop
 endfacet
 facet normal  -3.2725972850e-02 -3.3715140026e-02 -9.9889554010e-01
   outer loop
     vertex 2.0927398234e+00 -8.2000000000e-02 3.6404435272e-01
     vertex 2.1148933918e+00 -1.6400000000e-01 3.6608625232e-01
     vertex 2.1037484088e+00 -1.6400000000e-01 3.6645138601e-01
   endloop
 endfacet
 facet normal  -3.2725972850e-02 -3.3715140026e-02 -9.9889554010e-01
   outer loop
     vertex 2.0927398234e+00 -8.2000000000e-02 3.6404435272e-01
     vertex 2.1037484088e+00 -1.6400000000e-01 3.6645138601e-01
     vertex 2.0800231120e+00 -8.2000000000e-02 3.6446097963e-01
   endloop
 endfacet
 facet normal  -9.7164264156e-02 -5.2237914640e-02 -9.9389652683e-01
   outer loop
     vertex 2.0800231120e+00 -8.2000000000e-02 3.6446097963e-01
     vertex 2.1037484088e+00 -1.6400000000e-01 3.6645138601e-01
     vertex 2.0952978750e+00 -1.6400000000e-01 3.6727751818e-01
   endloop
 endfacet
 facet normal  -9.7164264156e-02 -5.2237914640e-02 -9.9389652683e-01
   outer loop
     vertex 2.0800231120e+00 -8.2000000000e-02 3.6446097963e-01
     vertex 2.0952978750e+00 -1.6400000000e-01 3.6727751818e-01
     vertex 2.0703808363e+00 -8.2000000000e-02 3.6540361761e-01
   endloop
 endfacet
 facet normal  -1.8962149323e-01 -7.9982855496e-02 -9.7859411000e-01
   outer loop
     vertex 2.0703808363e+00 -8.2000000000e-02 3.6540361761e-01
     vertex 2.0952978750e+00 -1.6400000000e-01 3.6727751818e-01
     vertex 2.0892001936e+00 -1.6400000000e-01 3.6845906163e-01
   endloop
 endfacet
 facet normal  -1.8962149323e-01 -7.9982855496e-02 -9.7859411000e-01
   outer loop
     vertex 2.0703808363e+00 -8.2000000000e-02 3.6540361761e-01
     vertex 2.0892001936e+00 -1.6400000000e-01 3.6845906163e-01
     vertex 2.0634232254e+00 -8.2000000000e-02 3.6675178899e-01
   endloop
 endfacet
 facet normal  -3.5329007389e-01 -1.3034567284e-01 -9.2638875709e-01
   outer loop
     vertex 2.0634232254e+00 -8.2000000000e-02 3.6675178899e-01
     vertex 2.0892001936e+00 -1.6400000000e-01 3.6845906163e-01
     vertex 2.0850851998e+00 -1.6400000000e-01 3.7002836657e-01
   endloop
 endfacet
 facet normal  -3.5329007389e-01 -1.3034567284e-01 -9.2638875709e-01
   outer loop
     vertex 2.0634232254e+00 -8.2000000000e-02 3.6675178899e-01
     vertex 2.0850851998e+00 -1.6400000000e-01 3.7002836657e-01
     vertex 2.0587279120e+00 -8.2000000000e-02 3.6854240616e-01
   endloop
 endfacet
 facet normal  -7.5345326112e-01 -2.5317888002e-01 -6.0680197596e-01
   outer loop
     vertex 2.0587279120e+00 -8.2000000000e-02 3.6854240616e-01
     vertex 2.0850851998e+00 -1.6400000000e-01 3.7002836657e-01
     vertex 2.0832361129e+00 -1.6400000000e-01 3.7232433889e-01
   endloop
 endfacet
 facet normal  -7.5345326112e-01 -2.5317888002e-01 -6.0680197595e-01
   outer loop
     vertex 2.0587279120e+00 -8.2000000000e-02 3.6854240616e-01
     vertex 2.0832361129e+00 -1.6400000000e-01 3.7232433889e-01
     vertex 2.0566180565e+00 -8.2000000000e-02 3.7116216944e-01
   endloop
 endfacet
 facet normal  -8.0347242090e-01 -2.5317888002e-01 5.3882513264e-01
   outer loop
     vertex 2.0566180565e+00 -8.2000000000e-02 3.7116216944e-01
     vertex 2.0832361129e+00 -1.6400000000e-01 3.7232433889e-01
     vertex 2.0584915560e+00 -8.2000000000e-02 3.7395584976e-01
   endloop
 endfacet
 facet normal  -8.0347242090e-01 -2.5317888002e-01 5.3882513264e-01
   outer loop
     vertex 2.0832361129e+00 -1.6400000000e-01 3.7232433889e-01
     vertex 2.0848780563e+00 -1.6400000000e-01 3.7477273287e-01
     vertex 2.0584915560e+00 -8.2000000000e-02 3.7395584976e-01
   endloop
 endfacet
 facet normal  -4.3268579869e-01 -1.3034567284e-01 8.9207230939e-01
   outer loop
     vertex 2.0584915560e+00 -8.2000000000e-02 3.7395584976e-01
     vertex 2.0848780563e+00 -1.6400000000e-01 3.7477273287e-01
     vertex 2.0630129397e+00 -8.2000000000e-02 3.7614887663e-01
   endloop
 endfacet
 facet normal  -4.3268579869e-01 -1.3034567284e-01 8.9207230939e-01
   outer loop
     vertex 2.0848780563e+00 -1.6400000000e-01 3.7477273287e-01
     vertex 2.0888406173e+00 -1.6400000000e-01 3.7669471147e-01
     vertex 2.0630129397e+00 -8.2000000000e-02 3.7614887663e-01
   endloop
 endfacet
 facet normal  -2.7419002271e-01 -7.9982855496e-02 9.5834366188e-01
   outer loop
     vertex 2.0630129397e+00 -8.2000000000e-02 3.7614887663e-01
     vertex 2.0888406173e+00 -1.6400000000e-01 3.7669471147e-01
     vertex 2.0698265739e+00 -8.2000000000e-02 3.7809831355e-01
   endloop
 endfacet
 facet normal  -2.7419002271e-01 -7.9982855496e-02 9.5834366188e-01
   outer loop
     vertex 2.0888406173e+00 -1.6400000000e-01 3.7669471147e-01
     vertex 2.0948121170e+00 -1.6400000000e-01 3.7840320675e-01
     vertex 2.0698265739e+00 -8.2000000000e-02 3.7809831355e-01
   endloop
 endfacet
 facet normal  -1.8341831481e-01 -5.2237914640e-02 9.8164602687e-01
   outer loop
     vertex 2.0698265739e+00 -8.2000000000e-02 3.7809831355e-01
     vertex 2.0948121170e+00 -1.6400000000e-01 3.7840320675e-01
     vertex 2.0793500015e+00 -8.2000000000e-02 3.7987774421e-01
   endloop
 endfacet
 facet normal  -1.8341831481e-01 -5.2237914640e-02 9.8164602687e-01
   outer loop
     vertex 2.0948121170e+00 -1.6400000000e-01 3.7840320675e-01
     vertex 2.1031584917e+00 -1.6400000000e-01 3.7996270778e-01
     vertex 2.0793500015e+00 -8.2000000000e-02 3.7987774421e-01
   endloop
 endfacet
 facet normal  -1.1966092337e-01 -3.3715140026e-02 9.9224218453e-01
   outer loop
     vertex 2.0793500015e+00 -8.2000000000e-02 3.7987774421e-01
     vertex 2.1031584917e+00 -1.6400000000e-01 3.7996270778e-01
     vertex 2.0919820106e+00 -8.2000000000e-02 3.8140112015e-01
   endloop
 endfacet
 facet normal  -1.1966092337e-01 -3.3715140026e-02 9.9224218453e-01
   outer loop
     vertex 2.1031584917e+00 -1.6400000000e-01 3.7996270778e-01
     vertex 2.1142292412e+00 -1.6400000000e-01 3.8129780130e-01
     vertex 2.0919820106e+00 -8.2000000000e-02 3.8140112015e-01
   endloop
 endfacet
 facet normal  -7.0570038902e-02 -2.0402775947e-02 9.9729814817e-01
   outer loop
     vertex 2.0919820106e+00 -8.2000000000e-02 3.8140112015e-01
     vertex 2.1142292412e+00 -1.6400000000e-01 3.8129780130e-01
     vertex 2.1078041880e+00 -8.2000000000e-02 3.8252071681e-01
   endloop
 endfacet
 facet normal  -7.0570038902e-02 -2.0402775947e-02 9.9729814817e-01
   outer loop
     vertex 2.1142292412e+00 -1.6400000000e-01 3.8129780130e-01
     vertex 2.1280958687e+00 -1.6400000000e-01 3.8227902085e-01
     vertex 2.1078041880e+00 -8.2000000000e-02 3.8252071681e-01
   endloop
 endfacet
 facet normal  -3.2123327129e-02 -1.0895038633e-02 9.9942452941e-01
   outer loop
     vertex 2.1078041880e+00 -8.2000000000e-02 3.8252071681e-01
     vertex 2.1280958687e+00 -1.6400000000e-01 3.8227902085e-01
     vertex 2.1263337874e+00 -8.2000000000e-02 3.8311629193e-01
   endloop
 endfacet
 facet normal  -3.2123327129e-02 -1.0895038633e-02 9.9942452941e-01
   outer loop
     vertex 2.1280958687e+00 -1.6400000000e-01 3.8227902085e-01
     vertex 2.1443352928e+00 -1.6400000000e-01 3.8280098556e-01
     vertex 2.1263337874e+00 -8.2000000000e-02 3.8311629193e-01
   endloop
 endfacet
 facet normal  -2.7737210619e-03 -4.4540632104e-03 9.9998623380e-01
   outer loop
     vertex 2.1263337874e+00 -8.2000000000e-02 3.8311629193e-01
     vertex 2.1443352928e+00 -1.6400000000e-01 3.8280098556e-01
     vertex 2.1464376794e+00 -8.2000000000e-02 3.8317205528e-01
   endloop
 endfacet
 facet normal  -2.7737210619e-03 -4.4540632104e-03 9.9998623380e-01
   outer loop
     vertex 2.1443352928e+00 -1.6400000000e-01 3.8280098556e-01
     vertex 2.1619544342e+00 -1.6400000000e-01 3.8284985681e-01
     vertex 2.1464376794e+00 -8.2000000000e-02 3.8317205528e-01
   endloop
 endfacet
 facet normal  1.8698211648e-02 -3.9032379649e-04 9.9982509697e-01
   outer loop
     vertex 2.1464376794e+00 -8.2000000000e-02 3.8317205528e-01
     vertex 2.1619544342e+00 -1.6400000000e-01 3.8284985681e-01
     vertex 2.1795707649e+00 -1.6400000000e-01 3.8252040531e-01
   endloop
 endfacet
 facet normal  1.8698211648e-02 -3.9032379649e-04 9.9982509697e-01
   outer loop
     vertex 2.1464376794e+00 -8.2000000000e-02 3.8317205528e-01
     vertex 2.1795707649e+00 -1.6400000000e-01 3.8252040531e-01
     vertex 2.1665383645e+00 -8.2000000000e-02 3.8279614267e-01
   endloop
 endfacet
 facet normal  3.4074967192e-02 2.0549020185e-03 9.9941716715e-01
   outer loop
     vertex 2.1665383645e+00 -8.2000000000e-02 3.8279614267e-01
     vertex 2.1795707649e+00 -1.6400000000e-01 3.8252040531e-01
     vertex 2.1958097678e+00 -1.6400000000e-01 3.8196673913e-01
   endloop
 endfacet
 facet normal  3.4074967192e-02 2.0549020185e-03 9.9941716715e-01
   outer loop
     vertex 2.1665383645e+00 -8.2000000000e-02 3.8279614267e-01
     vertex 2.1958097678e+00 -1.6400000000e-01 3.8196673913e-01
     vertex 2.1850674831e+00 -8.2000000000e-02 3.8216439536e-01
   endloop
 endfacet
 facet normal  4.5264107422e-02 3.5217988761e-03 9.9896884712e-01
   outer loop
     vertex 2.1850674831e+00 -8.2000000000e-02 3.8216439536e-01
     vertex 2.1958097678e+00 -1.6400000000e-01 3.8196673913e-01
     vertex 2.2096978023e+00 -1.6400000000e-01 3.8133746076e-01
   endloop
 endfacet
 facet normal  4.5264107422e-02 3.5217988761e-03 9.9896884712e-01
   outer loop
     vertex 2.1850674831e+00 -8.2000000000e-02 3.8216439536e-01
     vertex 2.2096978023e+00 -1.6400000000e-01 3.8133746076e-01
     vertex 2.2009140867e+00 -8.2000000000e-02 3.8144637260e-01
   endloop
 endfacet
 facet normal  5.3687233405e-02 4.4246303275e-03 9.9854799765e-01
   outer loop
     vertex 2.2009140867e+00 -8.2000000000e-02 3.8144637260e-01
     vertex 2.2096978023e+00 -1.6400000000e-01 3.8133746076e-01
     vertex 2.2208340620e+00 -1.6400000000e-01 3.8073871641e-01
   endloop
 endfacet
 facet normal  5.3687233405e-02 4.4246303275e-03 9.9854799765e-01
   outer loop
     vertex 2.2009140867e+00 -8.2000000000e-02 3.8144637260e-01
     vertex 2.2208340620e+00 -1.6400000000e-01 3.8073871641e-01
     vertex 2.2136208445e+00 -8.2000000000e-02 3.8076318995e-01
   endloop
 endfacet
 facet normal  6.0149994486e-02 4.9932447708e-03 9.9817686092e-01
   outer loop
     vertex 2.2136208445e+00 -8.2000000000e-02 3.8076318995e-01
     vertex 2.2208340620e+00 -1.6400000000e-01 3.8073871641e-01
     vertex 2.2293114461e+00 -1.6400000000e-01 3.8022787046e-01
   endloop
 endfacet
 facet normal  6.0149994486e-02 4.9932447708e-03 9.9817686092e-01
   outer loop
     vertex 2.2136208445e+00 -8.2000000000e-02 3.8076318995e-01
     vertex 2.2293114461e+00 -1.6400000000e-01 3.8022787046e-01
     vertex 2.2232937571e+00 -8.2000000000e-02 3.8018030162e-01
   endloop
 endfacet
 facet normal  6.5123146936e-02 5.3580246184e-03 9.9786284995e-01
   outer loop
     vertex 2.2232937571e+00 -8.2000000000e-02 3.8018030162e-01
     vertex 2.2293114461e+00 -1.6400000000e-01 3.8022787046e-01
     vertex 2.2355129083e+00 -1.6400000000e-01 3.7982314676e-01
   endloop
 endfacet
 facet normal  6.5123146936e-02 5.3580246184e-03 9.9786284995e-01
   outer loop
     vertex 2.2232937571e+00 -8.2000000000e-02 3.8018030162e-01
     vertex 2.2355129083e+00 -1.6400000000e-01 3.7982314676e-01
     vertex 2.2303697845e+00 -8.2000000000e-02 3.7971850151e-01
   endloop
 endfacet
 facet normal  6.8862604516e-02 5.5922451528e-03 9.9761047934e-01
   outer loop
     vertex 2.2303697845e+00 -8.2000000000e-02 3.7971850151e-01
     vertex 2.2355129083e+00 -1.6400000000e-01 3.7982314676e-01
     vertex 2.2399186147e+00 -1.6400000000e-01 3.7951903166e-01
   endloop
 endfacet
 facet normal  6.8862604516e-02 5.5922451528e-03 9.9761047934e-01
   outer loop
     vertex 2.2303697845e+00 -8.2000000000e-02 3.7971850151e-01
     vertex 2.2399186147e+00 -1.6400000000e-01 3.7951903166e-01
     vertex 2.2353968085e+00 -8.2000000000e-02 3.7937149837e-01
   endloop
 endfacet
 facet normal  7.1570289600e-02 5.7412132365e-03 9.9741903537e-01
   outer loop
     vertex 2.2353968085e+00 -8.2000000000e-02 3.7937149837e-01
     vertex 2.2399186147e+00 -1.6400000000e-01 3.7951903166e-01
     vertex 2.2429839236e+00 -1.6400000000e-01 3.7929907893e-01
   endloop
 endfacet
 facet normal  7.1570289600e-02 5.7412132365e-03 9.9741903537e-01
   outer loop
     vertex 2.2353968085e+00 -8.2000000000e-02 3.7937149837e-01
     vertex 2.2429839236e+00 -1.6400000000e-01 3.7929907893e-01
     vertex 2.2388944045e+00 -8.2000000000e-02 3.7912052667e-01
   endloop
 endfacet
 facet normal  1.5822873990e-01 5.7412132365e-03 -9.8738579306e-01
   outer loop
     vertex 2.2429839236e+00 -1.6400000000e-01 3.7929907893e-01
     vertex 2.2470734426e+00 -2.4600000000e-01 3.7947763119e-01
     vertex 2.2399494493e+00 -1.6400000000e-01 3.7881280392e-01
   endloop
 endfacet
 facet normal  1.5822873990e-01 5.7412132365e-03 -9.8738579306e-01
   outer loop
     vertex 2.2470734426e+00 -2.4600000000e-01 3.7947763119e-01
     vertex 2.2444669071e+00 -2.4600000000e-01 3.7905993342e-01
     vertex 2.2399494493e+00 -1.6400000000e-01 3.7881280392e-01
   endloop
 endfacet
 facet normal  1.5554804382e-01 5.5922451528e-03 -9.8781249884e-01
   outer loop
     vertex 2.2399494493e+00 -1.6400000000e-01 3.7881280392e-01
     vertex 2.2444669071e+00 -2.4600000000e-01 3.7905993342e-01
     vertex 2.2355870133e+00 -1.6400000000e-01 3.7812586344e-01
   endloop
 endfacet
 facet normal  1.5554804382e-01 5.5922451528e-03 -9.8781249884e-01
   outer loop
     vertex 2.2444669071e+00 -2.4600000000e-01 3.7905993342e-01
     vertex 2.2407196864e+00 -2.4600000000e-01 3.7846986917e-01
     vertex 2.2355870133e+00 -1.6400000000e-01 3.7812586344e-01
   endloop
 endfacet
 facet normal  1.5184481155e-01 5.3580246184e-03 -9.8838982430e-01
   outer loop
     vertex 2.2355870133e+00 -1.6400000000e-01 3.7812586344e-01
     vertex 2.2407196864e+00 -2.4600000000e-01 3.7846986917e-01
     vertex 2.2294444235e+00 -1.6400000000e-01 3.7718218680e-01
   endloop
 endfacet
 facet normal  1.5184481155e-01 5.3580246184e-03 -9.8838982430e-01
   outer loop
     vertex 2.2407196864e+00 -2.4600000000e-01 3.7846986917e-01
     vertex 2.2354433592e+00 -2.4600000000e-01 3.7765927513e-01
     vertex 2.2294444235e+00 -1.6400000000e-01 3.7718218680e-01
   endloop
 endfacet
 facet normal  1.4691795130e-01 4.9932447708e-03 -9.8913607916e-01
   outer loop
     vertex 2.2294444235e+00 -1.6400000000e-01 3.7718218680e-01
     vertex 2.2354433592e+00 -2.4600000000e-01 3.7765927513e-01
     vertex 2.2210438215e+00 -1.6400000000e-01 3.7593443206e-01
   endloop
 endfacet
 facet normal  1.4691795130e-01 4.9932447708e-03 -9.8913607916e-01
   outer loop
     vertex 2.2354433592e+00 -2.4600000000e-01 3.7765927513e-01
     vertex 2.2282274576e+00 -2.4600000000e-01 3.7658748580e-01
     vertex 2.2210438215e+00 -1.6400000000e-01 3.7593443206e-01
   endloop
 endfacet
 facet normal  1.4051212968e-01 4.4246303275e-03 -9.9006907035e-01
   outer loop
     vertex 2.2210438215e+00 -1.6400000000e-01 3.7593443206e-01
     vertex 2.2282274576e+00 -2.4600000000e-01 3.7658748580e-01
     vertex 2.2100021228e+00 -1.6400000000e-01 3.7436737714e-01
   endloop
 endfacet
 facet normal  1.4051212968e-01 4.4246303275e-03 -9.9006907035e-01
   outer loop
     vertex 2.2282274576e+00 -2.4600000000e-01 3.7658748580e-01
     vertex 2.2187429214e+00 -2.4600000000e-01 3.7524142580e-01
     vertex 2.2100021228e+00 -1.6400000000e-01 3.7436737714e-01
   endloop
 endfacet
 facet normal  1.3215773568e-01 3.5217988761e-03 -9.9122244216e-01
   outer loop
     vertex 2.2100021228e+00 -1.6400000000e-01 3.7436737714e-01
     vertex 2.2187429214e+00 -2.4600000000e-01 3.7524142580e-01
     vertex 2.1962217816e+00 -1.6400000000e-01 3.7253007139e-01
   endloop
 endfacet
 facet normal  1.3215773568e-01 3.5217988761e-03 -9.9122244216e-01
   outer loop
     vertex 2.2187429214e+00 -2.4600000000e-01 3.7524142580e-01
     vertex 2.2069059617e+00 -2.4600000000e-01 3.7366322728e-01
     vertex 2.1962217816e+00 -1.6400000000e-01 3.7253007139e-01
   endloop
 endfacet
 facet normal  1.2105024717e-01 2.0549020185e-03 -9.9264425402e-01
   outer loop
     vertex 2.1962217816e+00 -1.6400000000e-01 3.7253007139e-01
     vertex 2.2069059617e+00 -2.4600000000e-01 3.7366322728e-01
     vertex 2.1800928282e+00 -1.6400000000e-01 3.7056318972e-01
   endloop
 endfacet
 facet normal  1.2105024717e-01 2.0549020185e-03 -9.9264425402e-01
   outer loop
     vertex 2.2069059617e+00 -2.4600000000e-01 3.7366322728e-01
     vertex 2.1930516043e+00 -2.4600000000e-01 3.7197372635e-01
     vertex 2.1800928282e+00 -1.6400000000e-01 3.7056318972e-01
   endloop
 endfacet
 facet normal  1.0576755825e-01 -3.9032379649e-04 -9.9439080410e-01
   outer loop
     vertex 2.1800928282e+00 -1.6400000000e-01 3.7056318972e-01
     vertex 2.1930516043e+00 -2.4600000000e-01 3.7197372635e-01
     vertex 2.1625722465e+00 -1.6400000000e-01 3.6869962749e-01
   endloop
 endfacet
 facet normal  1.0576755825e-01 -3.9032379649e-04 -9.9439080410e-01
   outer loop
     vertex 2.1930516043e+00 -2.4600000000e-01 3.7197372635e-01
     vertex 2.1780018739e+00 -2.4600000000e-01 3.7037297418e-01
     vertex 2.1625722465e+00 -1.6400000000e-01 3.6869962749e-01
   endloop
 endfacet
 facet normal  8.4391376729e-02 -4.4540632104e-03 -9.9642273000e-01
   outer loop
     vertex 2.1625722465e+00 -1.6400000000e-01 3.6869962749e-01
     vertex 2.1780018739e+00 -2.4600000000e-01 3.7037297418e-01
     vertex 2.1629214155e+00 -2.4600000000e-01 3.6909574454e-01
   endloop
 endfacet
 facet normal  8.4391376729e-02 -4.4540632104e-03 -9.9642273000e-01
   outer loop
     vertex 2.1625722465e+00 -1.6400000000e-01 3.6869962749e-01
     vertex 2.1629214155e+00 -2.4600000000e-01 3.6909574454e-01
     vertex 2.1450158919e+00 -1.6400000000e-01 3.6721270343e-01
   endloop
 endfacet
 facet normal  5.5104499010e-02 -1.0895038633e-02 -9.9842114978e-01
   outer loop
     vertex 2.1450158919e+00 -1.6400000000e-01 3.6721270343e-01
     vertex 2.1629214155e+00 -2.4600000000e-01 3.6909574454e-01
     vertex 2.1489861709e+00 -2.4600000000e-01 3.6832663556e-01
   endloop
 endfacet
 facet normal  5.5104499010e-02 -1.0895038633e-02 -9.9842114978e-01
   outer loop
     vertex 2.1450158919e+00 -1.6400000000e-01 3.6721270343e-01
     vertex 2.1489861709e+00 -2.4600000000e-01 3.6832663556e-01
     vertex 2.1287927714e+00 -1.6400000000e-01 3.6631732283e-01
   endloop
 endfacet
 facet normal  1.6618762246e-02 -2.0402775947e-02 -9.9965371178e-01
   outer loop
     vertex 2.1287927714e+00 -1.6400000000e-01 3.6631732283e-01
     vertex 2.1489861709e+00 -2.4600000000e-01 3.6832663556e-01
     vertex 2.1370469602e+00 -2.4600000000e-01 3.6812815192e-01
   endloop
 endfacet
 facet normal  1.6618762246e-02 -2.0402775947e-02 -9.9965371178e-01
   outer loop
     vertex 2.1287927714e+00 -1.6400000000e-01 3.6631732283e-01
     vertex 2.1370469602e+00 -2.4600000000e-01 3.6812815192e-01
     vertex 2.1148933918e+00 -1.6400000000e-01 3.6608625232e-01
   endloop
 endfacet
 facet normal  -3.2725972850e-02 -3.3715140026e-02 -9.9889554010e-01
   outer loop
     vertex 2.1148933918e+00 -1.6400000000e-01 3.6608625232e-01
     vertex 2.1370469602e+00 -2.4600000000e-01 3.6812815192e-01
     vertex 2.1274737055e+00 -2.4600000000e-01 3.6844179240e-01
   endloop
 endfacet
 facet normal  -3.2725972850e-02 -3.3715140026e-02 -9.9889554010e-01
   outer loop
     vertex 2.1148933918e+00 -1.6400000000e-01 3.6608625232e-01
     vertex 2.1274737055e+00 -2.4600000000e-01 3.6844179240e-01
     vertex 2.1037484088e+00 -1.6400000000e-01 3.6645138601e-01
   endloop
 endfacet
 facet normal  -9.7164264156e-02 -5.2237914640e-02 -9.9389652683e-01
   outer loop
     vertex 2.1037484088e+00 -1.6400000000e-01 3.6645138601e-01
     vertex 2.1274737055e+00 -2.4600000000e-01 3.6844179240e-01
     vertex 2.1202149138e+00 -2.4600000000e-01 3.6915141875e-01
   endloop
 endfacet
 facet normal  -9.7164264156e-02 -5.2237914640e-02 -9.9389652683e-01
   outer loop
     vertex 2.1037484088e+00 -1.6400000000e-01 3.6645138601e-01
     vertex 2.1202149138e+00 -2.4600000000e-01 3.6915141875e-01
     vertex 2.0952978750e+00 -1.6400000000e-01 3.6727751818e-01
   endloop
 endfacet
 facet normal  -1.8962149323e-01 -7.9982855496e-02 -9.7859411000e-01
   outer loop
     vertex 2.0952978750e+00 -1.6400000000e-01 3.6727751818e-01
     vertex 2.1202149138e+00 -2.4600000000e-01 3.6915141875e-01
     vertex 2.1149771617e+00 -2.4600000000e-01 3.7016633428e-01
   endloop
 endfacet
 facet normal  -1.8962149323e-01 -7.9982855496e-02 -9.7859411000e-01
   outer loop
     vertex 2.0952978750e+00 -1.6400000000e-01 3.6727751818e-01
     vertex 2.1149771617e+00 -2.4600000000e-01 3.7016633428e-01
     vertex 2.0892001936e+00 -1.6400000000e-01 3.6845906163e-01
   endloop
 endfacet
 facet normal  -3.5329007389e-01 -1.3034567284e-01 -9.2638875709e-01
   outer loop
     vertex 2.0892001936e+00 -1.6400000000e-01 3.6845906163e-01
     vertex 2.1149771617e+00 -2.4600000000e-01 3.7016633428e-01
     vertex 2.1114424876e+00 -2.4600000000e-01 3.7151432698e-01
   endloop
 endfacet
 facet normal  -3.5329007389e-01 -1.3034567284e-01 -9.2638875709e-01
   outer loop
     vertex 2.0892001936e+00 -1.6400000000e-01 3.6845906163e-01
     vertex 2.1114424876e+00 -2.4600000000e-01 3.7151432698e-01
     vertex 2.0850851998e+00 -1.6400000000e-01 3.7002836657e-01
   endloop
 endfacet
 facet normal  -7.5345326112e-01 -2.5317888002e-01 -6.0680197595e-01
   outer loop
     vertex 2.0850851998e+00 -1.6400000000e-01 3.7002836657e-01
     vertex 2.1114424876e+00 -2.4600000000e-01 3.7151432698e-01
     vertex 2.1098541694e+00 -2.4600000000e-01 3.7348650833e-01
   endloop
 endfacet
 facet normal  -7.5345326112e-01 -2.5317888002e-01 -6.0680197596e-01
   outer loop
     vertex 2.0850851998e+00 -1.6400000000e-01 3.7002836657e-01
     vertex 2.1098541694e+00 -2.4600000000e-01 3.7348650833e-01
     vertex 2.0832361129e+00 -1.6400000000e-01 3.7232433889e-01
   endloop
 endfacet
 facet normal  -8.0347242090e-01 -2.5317888002e-01 5.3882513264e-01
   outer loop
     vertex 2.0832361129e+00 -1.6400000000e-01 3.7232433889e-01
     vertex 2.1098541694e+00 -2.4600000000e-01 3.7348650833e-01
     vertex 2.0848780563e+00 -1.6400000000e-01 3.7477273287e-01
   endloop
 endfacet
 facet normal  -8.0347242090e-01 -2.5317888002e-01 5.3882513264e-01
   outer loop
     vertex 2.1098541694e+00 -2.4600000000e-01 3.7348650833e-01
     vertex 2.1112645566e+00 -2.4600000000e-01 3.7558961599e-01
     vertex 2.0848780563e+00 -1.6400000000e-01 3.7477273287e-01
   endloop
 endfacet
 facet normal  -4.3268579869e-01 -1.3034567284e-01 8.9207230939e-01
   outer loop
     vertex 2.0848780563e+00 -1.6400000000e-01 3.7477273287e-01
     vertex 2.1112645566e+00 -2.4600000000e-01 3.7558961599e-01
     vertex 2.0888406173e+00 -1.6400000000e-01 3.7669471147e-01
   endloop
 endfacet
 facet normal  -4.3268579869e-01 -1.3034567284e-01 8.9207230939e-01
   outer loop
     vertex 2.1112645566e+00 -2.4600000000e-01 3.7558961599e-01
     vertex 2.1146682950e+00 -2.4600000000e-01 3.7724054632e-01
     vertex 2.0888406173e+00 -1.6400000000e-01 3.7669471147e-01
   endloop
 endfacet
 facet normal  -2.7419002271e-01 -7.9982855496e-02 9.5834366188e-01
   outer loop
     vertex 2.0888406173e+00 -1.6400000000e-01 3.7669471147e-01
     vertex 2.1146682950e+00 -2.4600000000e-01 3.7724054632e-01
     vertex 2.0948121170e+00 -1.6400000000e-01 3.7840320675e-01
   endloop
 endfacet
 facet normal  -2.7419002271e-01 -7.9982855496e-02 9.5834366188e-01
   outer loop
     vertex 2.1146682950e+00 -2.4600000000e-01 3.7724054632e-01
     vertex 2.1197976601e+00 -2.4600000000e-01 3.7870809996e-01
     vertex 2.0948121170e+00 -1.6400000000e-01 3.7840320675e-01
   endloop
 endfacet
 facet normal  -1.8341831481e-01 -5.2237914640e-02 9.8164602687e-01
   outer loop
     vertex 2.0948121170e+00 -1.6400000000e-01 3.7840320675e-01
     vertex 2.1197976601e+00 -2.4600000000e-01 3.7870809996e-01
     vertex 2.1031584917e+00 -1.6400000000e-01 3.7996270778e-01
   endloop
 endfacet
 facet normal  -1.8341831481e-01 -5.2237914640e-02 9.8164602687e-01
   outer loop
     vertex 2.1197976601e+00 -2.4600000000e-01 3.7870809996e-01
     vertex 2.1269669819e+00 -2.4600000000e-01 3.8004767135e-01
     vertex 2.1031584917e+00 -1.6400000000e-01 3.7996270778e-01
   endloop
 endfacet
 facet normal  -1.1966092337e-01 -3.3715140026e-02 9.9224218453e-01
   outer loop
     vertex 2.1031584917e+00 -1.6400000000e-01 3.7996270778e-01
     vertex 2.1269669819e+00 -2.4600000000e-01 3.8004767135e-01
     vertex 2.1142292412e+00 -1.6400000000e-01 3.8129780130e-01
   endloop
 endfacet
 facet normal  -1.1966092337e-01 -3.3715140026e-02 9.9224218453e-01
   outer loop
     vertex 2.1269669819e+00 -2.4600000000e-01 3.8004767135e-01
     vertex 2.1364764719e+00 -2.4600000000e-01 3.8119448246e-01
     vertex 2.1142292412e+00 -1.6400000000e-01 3.8129780130e-01
   endloop
 endfacet
 facet normal  -7.0570038902e-02 -2.0402775947e-02 9.9729814817e-01
   outer loop
     vertex 2.1142292412e+00 -1.6400000000e-01 3.8129780130e-01
     vertex 2.1364764719e+00 -2.4600000000e-01 3.8119448246e-01
     vertex 2.1280958687e+00 -1.6400000000e-01 3.8227902085e-01
   endloop
 endfacet
 facet normal  -7.0570038902e-02 -2.0402775947e-02 9.9729814817e-01
   outer loop
     vertex 2.1364764719e+00 -2.4600000000e-01 3.8119448246e-01
     vertex 2.1483875493e+00 -2.4600000000e-01 3.8203732489e-01
     vertex 2.1280958687e+00 -1.6400000000e-01 3.8227902085e-01
   endloop
 endfacet
 facet normal  -3.2123327129e-02 -1.0895038633e-02 9.9942452941e-01
   outer loop
     vertex 2.1280958687e+00 -1.6400000000e-01 3.8227902085e-01
     vertex 2.1483875493e+00 -2.4600000000e-01 3.8203732489e-01
     vertex 2.1443352928e+00 -1.6400000000e-01 3.8280098556e-01
   endloop
 endfacet
 facet normal  -3.2123327129e-02 -1.0895038633e-02 9.9942452941e-01
   outer loop
     vertex 2.1483875493e+00 -2.4600000000e-01 3.8203732489e-01
     vertex 2.1623367983e+00 -2.4600000000e-01 3.8248567919e-01
     vertex 2.1443352928e+00 -1.6400000000e-01 3.8280098556e-01
   endloop
 endfacet
 facet normal  -2.7737210619e-03 -4.4540632104e-03 9.9998623380e-01
   outer loop
     vertex 2.1443352928e+00 -1.6400000000e-01 3.8280098556e-01
     vertex 2.1623367983e+00 -2.4600000000e-01 3.8248567919e-01
     vertex 2.1619544342e+00 -1.6400000000e-01 3.8284985681e-01
   endloop
 endfacet
 facet normal  -2.7737210619e-03 -4.4540632104e-03 9.9998623380e-01
   outer loop
     vertex 2.1623367983e+00 -2.4600000000e-01 3.8248567919e-01
     vertex 2.1774711889e+00 -2.4600000000e-01 3.8252765835e-01
     vertex 2.1619544342e+00 -1.6400000000e-01 3.8284985681e-01
   endloop
 endfacet
 facet normal  1.8698211648e-02 -3.9032379649e-04 9.9982509697e-01
   outer loop
     vertex 2.1619544342e+00 -1.6400000000e-01 3.8284985681e-01
     vertex 2.1774711889e+00 -2.4600000000e-01 3.8252765835e-01
     vertex 2.1926031653e+00 -2.4600000000e-01 3.8224466795e-01
   endloop
 endfacet
 facet normal  1.8698211648e-02 -3.9032379649e-04 9.9982509697e-01
   outer loop
     vertex 2.1619544342e+00 -1.6400000000e-01 3.8284985681e-01
     vertex 2.1926031653e+00 -2.4600000000e-01 3.8224466795e-01
     vertex 2.1795707649e+00 -1.6400000000e-01 3.8252040531e-01
   endloop
 endfacet
 facet normal  3.4074967192e-02 2.0549020185e-03 9.9941716715e-01
   outer loop
     vertex 2.1795707649e+00 -1.6400000000e-01 3.8252040531e-01
     vertex 2.1926031653e+00 -2.4600000000e-01 3.8224466795e-01
     vertex 2.2065520524e+00 -2.4600000000e-01 3.8176908290e-01
   endloop
 endfacet
 facet normal  3.4074967192e-02 2.0549020185e-03 9.9941716715e-01
   outer loop
     vertex 2.1795707649e+00 -1.6400000000e-01 3.8252040531e-01
     vertex 2.2065520524e+00 -2.4600000000e-01 3.8176908290e-01
     vertex 2.1958097678e+00 -1.6400000000e-01 3.8196673913e-01
   endloop
 endfacet
 facet normal  4.5264107422e-02 3.5217988761e-03 9.9896884712e-01
   outer loop
     vertex 2.1958097678e+00 -1.6400000000e-01 3.8196673913e-01
     vertex 2.2065520524e+00 -2.4600000000e-01 3.8176908290e-01
     vertex 2.2184815180e+00 -2.4600000000e-01 3.8122854891e-01
   endloop
 endfacet
 facet normal  4.5264107422e-02 3.5217988761e-03 9.9896884712e-01
   outer loop
     vertex 2.1958097678e+00 -1.6400000000e-01 3.8196673913e-01
     vertex 2.2184815180e+00 -2.4600000000e-01 3.8122854891e-01
     vertex 2.2096978023e+00 -1.6400000000e-01 3.8133746076e-01
   endloop
 endfacet
 facet normal  5.3687233405e-02 4.4246303275e-03 9.9854799765e-01
   outer loop
     vertex 2.2096978023e+00 -1.6400000000e-01 3.8133746076e-01
     vertex 2.2184815180e+00 -2.4600000000e-01 3.8122854891e-01
     vertex 2.2280472795e+00 -2.4600000000e-01 3.8071424287e-01
   endloop
 endfacet
 facet normal  5.3687233405e-02 4.4246303275e-03 9.9854799765e-01
   outer loop
     vertex 2.2096978023e+00 -1.6400000000e-01 3.8133746076e-01
     vertex 2.2280472795e+00 -2.4600000000e-01 3.8071424287e-01
     vertex 2.2208340620e+00 -1.6400000000e-01 3.8073871641e-01
   endloop
 endfacet
 facet normal  6.0149994486e-02 4.9932447708e-03 9.9817686092e-01
   outer loop
     vertex 2.2208340620e+00 -1.6400000000e-01 3.8073871641e-01
     vertex 2.2280472795e+00 -2.4600000000e-01 3.8071424287e-01
     vertex 2.2353291350e+00 -2.4600000000e-01 3.8027543930e-01
   endloop
 endfacet
 facet normal  6.0149994486e-02 4.9932447708e-03 9.9817686092e-01
   outer loop
     vertex 2.2208340620e+00 -1.6400000000e-01 3.8073871641e-01
     vertex 2.2353291350e+00 -2.4600000000e-01 3.8027543930e-01
     vertex 2.2293114461e+00 -1.6400000000e-01 3.8022787046e-01
   endloop
 endfacet
 facet normal  6.5123146936e-02 5.3580246184e-03 9.9786284995e-01
   outer loop
     vertex 2.2293114461e+00 -1.6400000000e-01 3.8022787046e-01
     vertex 2.2353291350e+00 -2.4600000000e-01 3.8027543930e-01
     vertex 2.2406560321e+00 -2.4600000000e-01 3.7992779202e-01
   endloop
 endfacet
 facet normal  6.5123146936e-02 5.3580246184e-03 9.9786284995e-01
   outer loop
     vertex 2.2293114461e+00 -1.6400000000e-01 3.8022787046e-01
     vertex 2.2406560321e+00 -2.4600000000e-01 3.7992779202e-01
     vertex 2.2355129083e+00 -1.6400000000e-01 3.7982314676e-01
   endloop
 endfacet
 facet normal  6.8862604517e-02 5.5922451528e-03 9.9761047934e-01
   outer loop
     vertex 2.2355129083e+00 -1.6400000000e-01 3.7982314676e-01
     vertex 2.2406560321e+00 -2.4600000000e-01 3.7992779202e-01
     vertex 2.2444404209e+00 -2.4600000000e-01 3.7966656494e-01
   endloop
 endfacet
 facet normal  6.8862604516e-02 5.5922451528e-03 9.9761047934e-01
   outer loop
     vertex 2.2355129083e+00 -1.6400000000e-01 3.7982314676e-01
     vertex 2.2444404209e+00 -2.4600000000e-01 3.7966656494e-01
     vertex 2.2399186147e+00 -1.6400000000e-01 3.7951903166e-01
   endloop
 endfacet
 facet normal  7.1570289600e-02 5.7412132365e-03 9.9741903537e-01
   outer loop
     vertex 2.2399186147e+00 -1.6400000000e-01 3.7951903166e-01
     vertex 2.2444404209e+00 -2.4600000000e-01 3.7966656494e-01
     vertex 2.2470734426e+00 -2.4600000000e-01 3.7947763119e-01
   endloop
 endfacet
 facet normal  7.1570289600e-02 5.7412132365e-03 9.9741903537e-01
   outer loop
     vertex 2.2399186147e+00 -1.6400000000e-01 3.7951903166e-01
     vertex 2.2470734426e+00 -2.4600000000e-01 3.7947763119e-01
     vertex 2.2429839236e+00 -1.6400000000e-01 3.7929907893e-01
   endloop
 endfacet
 facet normal  1.5822873990e-01 5.7412132365e-03 -9.8738579306e-01
   outer loop
     vertex 2.2470734426e+00 -2.4600000000e-01 3.7947763119e-01
     vertex 2.2511629617e+00 -3.2800000000e-01 3.7965618344e-01
     vertex 2.2444669071e+00 -2.4600000000e-01 3.7905993342e-01
   endloop
 endfacet
 facet normal  1.5822873990e-01 5.7412132365e-03 -9.8738579306e-01
   outer loop
     vertex 2.2511629617e+00 -3.2800000000e-01 3.7965618344e-01
     vertex 2.2489843648e+00 -3.2800000000e-01 3.7930706292e-01
     vertex 2.2444669071e+00 -2.4600000000e-01 3.7905993342e-01
   endloop
 endfacet
 facet normal  1.5554804382e-01 5.5922451528e-03 -9.8781249884e-01
   outer loop
     vertex 2.2444669071e+00 -2.4600000000e-01 3.7905993342e-01
     vertex 2.2489843648e+00 -3.2800000000e-01 3.7930706292e-01
     vertex 2.2407196864e+00 -2.4600000000e-01 3.7846986917e-01
   endloop
 endfacet
 facet normal  1.5554804382e-01 5.5922451528e-03 -9.8781249884e-01
   outer loop
     vertex 2.2489843648e+00 -3.2800000000e-01 3.7930706292e-01
     vertex 2.2458523595e+00 -3.2800000000e-01 3.7881387489e-01
     vertex 2.2407196864e+00 -2.4600000000e-01 3.7846986917e-01
   endloop
 endfacet
 facet normal  1.5184481155e-01 5.3580246184e-03 -9.8838982430e-01
   outer loop
     vertex 2.2407196864e+00 -2.4600000000e-01 3.7846986917e-01
     vertex 2.2458523595e+00 -3.2800000000e-01 3.7881387489e-01
     vertex 2.2354433592e+00 -2.4600000000e-01 3.7765927513e-01
   endloop
 endfacet
 facet normal  1.5184481155e-01 5.3580246184e-03 -9.8838982430e-01
   outer loop
     vertex 2.2458523595e+00 -3.2800000000e-01 3.7881387489e-01
     vertex 2.2414422950e+00 -3.2800000000e-01 3.7813636345e-01
     vertex 2.2354433592e+00 -2.4600000000e-01 3.7765927513e-01
   endloop
 endfacet
 facet normal  1.4691795130e-01 4.9932447708e-03 -9.8913607916e-01
   outer loop
     vertex 2.2354433592e+00 -2.4600000000e-01 3.7765927513e-01
     vertex 2.2414422950e+00 -3.2800000000e-01 3.7813636345e-01
     vertex 2.2282274576e+00 -2.4600000000e-01 3.7658748580e-01
   endloop
 endfacet
 facet normal  1.4691795130e-01 4.9932447708e-03 -9.8913607916e-01
   outer loop
     vertex 2.2414422950e+00 -3.2800000000e-01 3.7813636345e-01
     vertex 2.2354110936e+00 -3.2800000000e-01 3.7724053954e-01
     vertex 2.2282274576e+00 -2.4600000000e-01 3.7658748580e-01
   endloop
 endfacet
 facet normal  1.4051212968e-01 4.4246303275e-03 -9.9006907035e-01
   outer loop
     vertex 2.2282274576e+00 -2.4600000000e-01 3.7658748580e-01
     vertex 2.2354110936e+00 -3.2800000000e-01 3.7724053954e-01
     vertex 2.2187429214e+00 -2.4600000000e-01 3.7524142580e-01
   endloop
 endfacet
 facet normal  1.4051212968e-01 4.4246303275e-03 -9.9006907035e-01
   outer loop
     vertex 2.2354110936e+00 -3.2800000000e-01 3.7724053954e-01
     vertex 2.2274837201e+00 -3.2800000000e-01 3.7611547447e-01
     vertex 2.2187429214e+00 -2.4600000000e-01 3.7524142580e-01
   endloop
 endfacet
 facet normal  1.3215773568e-01 3.5217988761e-03 -9.9122244216e-01
   outer loop
     vertex 2.2187429214e+00 -2.4600000000e-01 3.7524142580e-01
     vertex 2.2274837201e+00 -3.2800000000e-01 3.7611547447e-01
     vertex 2.2069059617e+00 -2.4600000000e-01 3.7366322728e-01
   endloop
 endfacet
 facet normal  1.3215773568e-01 3.5217988761e-03 -9.9122244216e-01
   outer loop
     vertex 2.2274837201e+00 -3.2800000000e-01 3.7611547447e-01
     vertex 2.2175901418e+00 -3.2800000000e-01 3.7479638316e-01
     vertex 2.2069059617e+00 -2.4600000000e-01 3.7366322728e-01
   endloop
 endfacet
 facet normal  1.2105024717e-01 2.0549020185e-03 -9.9264425402e-01
   outer loop
     vertex 2.2069059617e+00 -2.4600000000e-01 3.7366322728e-01
     vertex 2.2175901418e+00 -3.2800000000e-01 3.7479638316e-01
     vertex 2.1930516043e+00 -2.4600000000e-01 3.7197372635e-01
   endloop
 endfacet
 facet normal  1.2105024717e-01 2.0549020185e-03 -9.9264425402e-01
   outer loop
     vertex 2.2175901418e+00 -3.2800000000e-01 3.7479638316e-01
     vertex 2.2060103804e+00 -3.2800000000e-01 3.7338426299e-01
     vertex 2.1930516043e+00 -2.4600000000e-01 3.7197372635e-01
   endloop
 endfacet
 facet normal  1.0576755825e-01 -3.9032379649e-04 -9.9439080410e-01
   outer loop
     vertex 2.1930516043e+00 -2.4600000000e-01 3.7197372635e-01
     vertex 2.2060103804e+00 -3.2800000000e-01 3.7338426299e-01
     vertex 2.1780018739e+00 -2.4600000000e-01 3.7037297418e-01
   endloop
 endfacet
 facet normal  1.0576755825e-01 -3.9032379649e-04 -9.9439080410e-01
   outer loop
     vertex 2.2060103804e+00 -3.2800000000e-01 3.7338426299e-01
     vertex 2.1934315013e+00 -3.2800000000e-01 3.7204632087e-01
     vertex 2.1780018739e+00 -2.4600000000e-01 3.7037297418e-01
   endloop
 endfacet
 facet normal  8.4391376729e-02 -4.4540632104e-03 -9.9642273000e-01
   outer loop
     vertex 2.1780018739e+00 -2.4600000000e-01 3.7037297418e-01
     vertex 2.1934315013e+00 -3.2800000000e-01 3.7204632087e-01
     vertex 2.1808269390e+00 -3.2800000000e-01 3.7097878565e-01
   endloop
 endfacet
 facet normal  8.4391376729e-02 -4.4540632104e-03 -9.9642273000e-01
   outer loop
     vertex 2.1780018739e+00 -2.4600000000e-01 3.7037297418e-01
     vertex 2.1808269390e+00 -3.2800000000e-01 3.7097878565e-01
     vertex 2.1629214155e+00 -2.4600000000e-01 3.6909574454e-01
   endloop
 endfacet
 facet normal  5.5104499010e-02 -1.0895038633e-02 -9.9842114978e-01
   outer loop
     vertex 2.1629214155e+00 -2.4600000000e-01 3.6909574454e-01
     vertex 2.1808269390e+00 -3.2800000000e-01 3.7097878565e-01
     vertex 2.1691795704e+00 -3.2800000000e-01 3.7033594830e-01
   endloop
 endfacet
 facet normal  5.5104499010e-02 -1.0895038633e-02 -9.9842114978e-01
   outer loop
     vertex 2.1629214155e+00 -2.4600000000e-01 3.6909574454e-01
     vertex 2.1691795704e+00 -3.2800000000e-01 3.7033594830e-01
     vertex 2.1489861709e+00 -2.4600000000e-01 3.6832663556e-01
   endloop
 endfacet
 facet normal  1.6618762246e-02 -2.0402775947e-02 -9.9965371178e-01
   outer loop
     vertex 2.1489861709e+00 -2.4600000000e-01 3.6832663556e-01
     vertex 2.1691795704e+00 -3.2800000000e-01 3.7033594830e-01
     vertex 2.1592005286e+00 -3.2800000000e-01 3.7017005152e-01
   endloop
 endfacet
 facet normal  1.6618762246e-02 -2.0402775947e-02 -9.9965371178e-01
   outer loop
     vertex 2.1489861709e+00 -2.4600000000e-01 3.6832663556e-01
     vertex 2.1592005286e+00 -3.2800000000e-01 3.7017005152e-01
     vertex 2.1370469602e+00 -2.4600000000e-01 3.6812815192e-01
   endloop
 endfacet
 facet normal  -3.2725972850e-02 -3.3715140026e-02 -9.9889554010e-01
   outer loop
     vertex 2.1370469602e+00 -2.4600000000e-01 3.6812815192e-01
     vertex 2.1592005286e+00 -3.2800000000e-01 3.7017005152e-01
     vertex 2.1511990023e+00 -3.2800000000e-01 3.7043219879e-01
   endloop
 endfacet
 facet normal  -3.2725972850e-02 -3.3715140026e-02 -9.9889554010e-01
   outer loop
     vertex 2.1370469602e+00 -2.4600000000e-01 3.6812815192e-01
     vertex 2.1511990023e+00 -3.2800000000e-01 3.7043219879e-01
     vertex 2.1274737055e+00 -2.4600000000e-01 3.6844179240e-01
   endloop
 endfacet
 facet normal  -9.7164264156e-02 -5.2237914640e-02 -9.9389652683e-01
   outer loop
     vertex 2.1274737055e+00 -2.4600000000e-01 3.6844179240e-01
     vertex 2.1511990023e+00 -3.2800000000e-01 3.7043219879e-01
     vertex 2.1451319525e+00 -3.2800000000e-01 3.7102531932e-01
   endloop
 endfacet
 facet normal  -9.7164264156e-02 -5.2237914640e-02 -9.9389652683e-01
   outer loop
     vertex 2.1274737055e+00 -2.4600000000e-01 3.6844179240e-01
     vertex 2.1451319525e+00 -3.2800000000e-01 3.7102531932e-01
     vertex 2.1202149138e+00 -2.4600000000e-01 3.6915141875e-01
   endloop
 endfacet
 facet normal  -1.8962149323e-01 -7.9982855496e-02 -9.7859411000e-01
   outer loop
     vertex 2.1202149138e+00 -2.4600000000e-01 3.6915141875e-01
     vertex 2.1451319525e+00 -3.2800000000e-01 3.7102531932e-01
     vertex 2.1407541299e+00 -3.2800000000e-01 3.7187360692e-01
   endloop
 endfacet
 facet normal  -1.8962149323e-01 -7.9982855496e-02 -9.7859411000e-01
   outer loop
     vertex 2.1202149138e+00 -2.4600000000e-01 3.6915141875e-01
     vertex 2.1407541299e+00 -3.2800000000e-01 3.7187360692e-01
     vertex 2.1149771617e+00 -2.4600000000e-01 3.7016633428e-01
   endloop
 endfacet
 facet normal  -3.5329007389e-01 -1.3034567284e-01 -9.2638875709e-01
   outer loop
     vertex 2.1149771617e+00 -2.4600000000e-01 3.7016633428e-01
     vertex 2.1407541299e+00 -3.2800000000e-01 3.7187360692e-01
     vertex 2.1377997754e+00 -3.2800000000e-01 3.7300028739e-01
   endloop
 endfacet
 facet normal  -3.5329007389e-01 -1.3034567284e-01 -9.2638875709e-01
   outer loop
     vertex 2.1149771617e+00 -2.4600000000e-01 3.7016633428e-01
     vertex 2.1377997754e+00 -3.2800000000e-01 3.7300028739e-01
     vertex 2.1114424876e+00 -2.4600000000e-01 3.7151432698e-01
   endloop
 endfacet
 facet normal  -7.5345326112e-01 -2.5317888002e-01 -6.0680197596e-01
   outer loop
     vertex 2.1114424876e+00 -2.4600000000e-01 3.7151432698e-01
     vertex 2.1377997754e+00 -3.2800000000e-01 3.7300028739e-01
     vertex 2.1364722259e+00 -3.2800000000e-01 3.7464867777e-01
   endloop
 endfacet
 facet normal  -7.5345326112e-01 -2.5317888002e-01 -6.0680197595e-01
   outer loop
     vertex 2.1114424876e+00 -2.4600000000e-01 3.7151432698e-01
     vertex 2.1364722259e+00 -3.2800000000e-01 3.7464867777e-01
     vertex 2.1098541694e+00 -2.4600000000e-01 3.7348650833e-01
   endloop
 endfacet
 facet normal  -8.0347242090e-01 -2.5317888002e-01 5.3882513264e-01
   outer loop
     vertex 2.1098541694e+00 -2.4600000000e-01 3.7348650833e-01
     vertex 2.1364722259e+00 -3.2800000000e-01 3.7464867777e-01
     vertex 2.1112645566e+00 -2.4600000000e-01 3.7558961599e-01
   endloop
 endfacet
 facet normal  -8.0347242090e-01 -2.5317888002e-01 5.3882513264e-01
   outer loop
     vertex 2.1364722259e+00 -3.2800000000e-01 3.7464867777e-01
     vertex 2.1376510570e+00 -3.2800000000e-01 3.7640649910e-01
     vertex 2.1112645566e+00 -2.4600000000e-01 3.7558961599e-01
   endloop
 endfacet
 facet normal  -4.3268579869e-01 -1.3034567284e-01 8.9207230939e-01
   outer loop
     vertex 2.1112645566e+00 -2.4600000000e-01 3.7558961599e-01
     vertex 2.1376510570e+00 -3.2800000000e-01 3.7640649910e-01
     vertex 2.1146682950e+00 -2.4600000000e-01 3.7724054632e-01
   endloop
 endfacet
 facet normal  -4.3268579869e-01 -1.3034567284e-01 8.9207230939e-01
   outer loop
     vertex 2.1376510570e+00 -3.2800000000e-01 3.7640649910e-01
     vertex 2.1404959726e+00 -3.2800000000e-01 3.7778638117e-01
     vertex 2.1146682950e+00 -2.4600000000e-01 3.7724054632e-01
   endloop
 endfacet
 facet normal  -2.7419002271e-01 -7.9982855496e-02 9.5834366188e-01
   outer loop
     vertex 2.1146682950e+00 -2.4600000000e-01 3.7724054632e-01
     vertex 2.1404959726e+00 -3.2800000000e-01 3.7778638117e-01
     vertex 2.1197976601e+00 -2.4600000000e-01 3.7870809996e-01
   endloop
 endfacet
 facet normal  -2.7419002271e-01 -7.9982855496e-02 9.5834366188e-01
   outer loop
     vertex 2.1404959726e+00 -3.2800000000e-01 3.7778638117e-01
     vertex 2.1447832031e+00 -3.2800000000e-01 3.7901299317e-01
     vertex 2.1197976601e+00 -2.4600000000e-01 3.7870809996e-01
   endloop
 endfacet
 facet normal  -1.8341831481e-01 -5.2237914640e-02 9.8164602687e-01
   outer loop
     vertex 2.1197976601e+00 -2.4600000000e-01 3.7870809996e-01
     vertex 2.1447832031e+00 -3.2800000000e-01 3.7901299317e-01
     vertex 2.1269669819e+00 -2.4600000000e-01 3.8004767135e-01
   endloop
 endfacet
 facet normal  -1.8341831481e-01 -5.2237914640e-02 9.8164602687e-01
   outer loop
     vertex 2.1447832031e+00 -3.2800000000e-01 3.7901299317e-01
     vertex 2.1507754722e+00 -3.2800000000e-01 3.8013263493e-01
     vertex 2.1269669819e+00 -2.4600000000e-01 3.8004767135e-01
   endloop
 endfacet
 facet normal  -1.1966092337e-01 -3.3715140026e-02 9.9224218453e-01
   outer loop
     vertex 2.1269669819e+00 -2.4600000000e-01 3.8004767135e-01
     vertex 2.1507754722e+00 -3.2800000000e-01 3.8013263493e-01
     vertex 2.1364764719e+00 -2.4600000000e-01 3.8119448246e-01
   endloop
 endfacet
 facet normal  -1.1966092337e-01 -3.3715140026e-02 9.9224218453e-01
   outer loop
     vertex 2.1507754722e+00 -3.2800000000e-01 3.8013263493e-01
     vertex 2.1587237026e+00 -3.2800000000e-01 3.8109116361e-01
     vertex 2.1364764719e+00 -2.4600000000e-01 3.8119448246e-01
   endloop
 endfacet
 facet normal  -7.0570038902e-02 -2.0402775947e-02 9.9729814817e-01
   outer loop
     vertex 2.1364764719e+00 -2.4600000000e-01 3.8119448246e-01
     vertex 2.1587237026e+00 -3.2800000000e-01 3.8109116361e-01
     vertex 2.1483875493e+00 -2.4600000000e-01 3.8203732489e-01
   endloop
 endfacet
 facet normal  -7.0570038902e-02 -2.0402775947e-02 9.9729814817e-01
   outer loop
     vertex 2.1587237026e+00 -3.2800000000e-01 3.8109116361e-01
     vertex 2.1686792300e+00 -3.2800000000e-01 3.8179562893e-01
     vertex 2.1483875493e+00 -2.4600000000e-01 3.8203732489e-01
   endloop
 endfacet
 facet normal  -3.2123327129e-02 -1.0895038633e-02 9.9942452941e-01
   outer loop
     vertex 2.1483875493e+00 -2.4600000000e-01 3.8203732489e-01
     vertex 2.1686792300e+00 -3.2800000000e-01 3.8179562893e-01
     vertex 2.1623367983e+00 -2.4600000000e-01 3.8248567919e-01
   endloop
 endfacet
 facet normal  -3.2123327129e-02 -1.0895038633e-02 9.9942452941e-01
   outer loop
     vertex 2.1686792300e+00 -3.2800000000e-01 3.8179562893e-01
     vertex 2.1803383037e+00 -3.2800000000e-01 3.8217037282e-01
     vertex 2.1623367983e+00 -2.4600000000e-01 3.8248567919e-01
   endloop
 endfacet
 facet normal  -2.7737210619e-03 -4.4540632104e-03 9.9998623380e-01
   outer loop
     vertex 2.1623367983e+00 -2.4600000000e-01 3.8248567919e-01
     vertex 2.1803383037e+00 -3.2800000000e-01 3.8217037282e-01
     vertex 2.1774711889e+00 -2.4600000000e-01 3.8252765835e-01
   endloop
 endfacet
 facet normal  -2.7737210619e-03 -4.4540632104e-03 9.9998623380e-01
   outer loop
     vertex 2.1803383037e+00 -3.2800000000e-01 3.8217037282e-01
     vertex 2.1929879437e+00 -3.2800000000e-01 3.8220545988e-01
     vertex 2.1774711889e+00 -2.4600000000e-01 3.8252765835e-01
   endloop
 endfacet
 facet normal  1.8698211648e-02 -3.9032379649e-04 9.9982509697e-01
   outer loop
     vertex 2.1774711889e+00 -2.4600000000e-01 3.8252765835e-01
     vertex 2.1929879437e+00 -3.2800000000e-01 3.8220545988e-01
     vertex 2.2056355657e+00 -3.2800000000e-01 3.8196893059e-01
   endloop
 endfacet
 facet normal  1.8698211648e-02 -3.9032379649e-04 9.9982509697e-01
   outer loop
     vertex 2.1774711889e+00 -2.4600000000e-01 3.8252765835e-01
     vertex 2.2056355657e+00 -3.2800000000e-01 3.8196893059e-01
     vertex 2.1926031653e+00 -2.4600000000e-01 3.8224466795e-01
   endloop
 endfacet
 facet normal  3.4074967192e-02 2.0549020185e-03 9.9941716715e-01
   outer loop
     vertex 2.1926031653e+00 -2.4600000000e-01 3.8224466795e-01
     vertex 2.2056355657e+00 -3.2800000000e-01 3.8196893059e-01
     vertex 2.2172943370e+00 -3.2800000000e-01 3.8157142666e-01
   endloop
 endfacet
 facet normal  3.4074967192e-02 2.0549020185e-03 9.9941716715e-01
   outer loop
     vertex 2.1926031653e+00 -2.4600000000e-01 3.8224466795e-01
     vertex 2.2172943370e+00 -3.2800000000e-01 3.8157142666e-01
     vertex 2.2065520524e+00 -2.4600000000e-01 3.8176908290e-01
   endloop
 endfacet
 facet normal  4.5264107422e-02 3.5217988761e-03 9.9896884712e-01
   outer loop
     vertex 2.2065520524e+00 -2.4600000000e-01 3.8176908290e-01
     vertex 2.2172943370e+00 -3.2800000000e-01 3.8157142666e-01
     vertex 2.2272652336e+00 -3.2800000000e-01 3.8111963707e-01
   endloop
 endfacet
 facet normal  4.5264107422e-02 3.5217988761e-03 9.9896884712e-01
   outer loop
     vertex 2.2065520524e+00 -2.4600000000e-01 3.8176908290e-01
     vertex 2.2272652336e+00 -3.2800000000e-01 3.8111963707e-01
     vertex 2.2184815180e+00 -2.4600000000e-01 3.8122854891e-01
   endloop
 endfacet
 facet normal  5.3687233405e-02 4.4246303275e-03 9.9854799765e-01
   outer loop
     vertex 2.2184815180e+00 -2.4600000000e-01 3.8122854891e-01
     vertex 2.2272652336e+00 -3.2800000000e-01 3.8111963707e-01
     vertex 2.2352604970e+00 -3.2800000000e-01 3.8068976933e-01
   endloop
 endfacet
 facet normal  5.3687233405e-02 4.4246303275e-03 9.9854799765e-01
   outer loop
     vertex 2.2184815180e+00 -2.4600000000e-01 3.8122854891e-01
     vertex 2.2352604970e+00 -3.2800000000e-01 3.8068976933e-01
     vertex 2.2280472795e+00 -2.4600000000e-01 3.8071424287e-01
   endloop
 endfacet
 facet normal  6.0149994486e-02 4.9932447708e-03 9.9817686092e-01
   outer loop
     vertex 2.2280472795e+00 -2.4600000000e-01 3.8071424287e-01
     vertex 2.2352604970e+00 -3.2800000000e-01 3.8068976933e-01
     vertex 2.2413468240e+00 -3.2800000000e-01 3.8032300813e-01
   endloop
 endfacet
 facet normal  6.0149994486e-02 4.9932447708e-03 9.9817686092e-01
   outer loop
     vertex 2.2280472795e+00 -2.4600000000e-01 3.8071424287e-01
     vertex 2.2413468240e+00 -3.2800000000e-01 3.8032300813e-01
     vertex 2.2353291350e+00 -2.4600000000e-01 3.8027543930e-01
   endloop
 endfacet
 facet normal  6.5123146936e-02 5.3580246184e-03 9.9786284995e-01
   outer loop
     vertex 2.2353291350e+00 -2.4600000000e-01 3.8027543930e-01
     vertex 2.2413468240e+00 -3.2800000000e-01 3.8032300813e-01
     vertex 2.2457991559e+00 -3.2800000000e-01 3.8003243728e-01
   endloop
 endfacet
 facet normal  6.5123146936e-02 5.3580246184e-03 9.9786284995e-01
   outer loop
     vertex 2.2353291350e+00 -2.4600000000e-01 3.8027543930e-01
     vertex 2.2457991559e+00 -3.2800000000e-01 3.8003243728e-01
     vertex 2.2406560321e+00 -2.4600000000e-01 3.7992779202e-01
   endloop
 endfacet
 facet normal  6.8862604517e-02 5.5922451528e-03 9.9761047934e-01
   outer loop
     vertex 2.2406560321e+00 -2.4600000000e-01 3.7992779202e-01
     vertex 2.2457991559e+00 -3.2800000000e-01 3.8003243728e-01
     vertex 2.2489622272e+00 -3.2800000000e-01 3.7981409822e-01
   endloop
 endfacet
 facet normal  6.8862604517e-02 5.5922451528e-03 9.9761047934e-01
   outer loop
     vertex 2.2406560321e+00 -2.4600000000e-01 3.7992779202e-01
     vertex 2.2489622272e+00 -3.2800000000e-01 3.7981409822e-01
     vertex 2.2444404209e+00 -2.4600000000e-01 3.7966656494e-01
   endloop
 endfacet
 facet normal  7.1570289600e-02 5.7412132365e-03 9.9741903537e-01
   outer loop
     vertex 2.2444404209e+00 -2.4600000000e-01 3.7966656494e-01
     vertex 2.2489622272e+00 -3.2800000000e-01 3.7981409822e-01
     vertex 2.2511629617e+00 -3.2800000000e-01 3.7965618344e-01
   endloop
 endfacet
 facet normal  7.1570289600e-02 5.7412132365e-03 9.9741903537e-01
   outer loop
     vertex 2.2444404209e+00 -2.4600000000e-01 3.7966656494e-01
     vertex 2.2511629617e+00 -3.2800000000e-01 3.7965618344e-01
     vertex 2.2470734426e+00 -2.4600000000e-01 3.7947763119e-01
   endloop
 endfacet
 facet normal  1.5822873990e-01 5.7412132365e-03 -9.8738579306e-01
   outer loop
     vertex 2.2511629617e+00 -3.2800000000e-01 3.7965618344e-01
     vertex 2.2552524808e+00 -4.1000000000e-01 3.7983473570e-01
     vertex 2.2489843648e+00 -3.2800000000e-01 3.7930706292e-01
   endloop
 endfacet
 facet normal  1.5822873990e-01 5.7412132365e-03 -9.8738579306e-01
   outer loop
     vertex 2.2552524808e+00 -4.1000000000e-01 3.7983473570e-01
     vertex 2.2535018225e+00 -4.1000000000e-01 3.7955419243e-01
     vertex 2.2489843648e+00 -3.2800000000e-01 3.7930706292e-01
   endloop
 endfacet
 facet normal  1.5554804382e-01 5.5922451528e-03 -9.8781249884e-01
   outer loop
     vertex 2.2489843648e+00 -3.2800000000e-01 3.7930706292e-01
     vertex 2.2535018225e+00 -4.1000000000e-01 3.7955419243e-01
     vertex 2.2458523595e+00 -3.2800000000e-01 3.7881387489e-01
   endloop
 endfacet
 facet normal  1.5554804382e-01 5.5922451528e-03 -9.8781249884e-01
   outer loop
     vertex 2.2535018225e+00 -4.1000000000e-01 3.7955419243e-01
     vertex 2.2509850325e+00 -4.1000000000e-01 3.7915788062e-01
     vertex 2.2458523595e+00 -3.2800000000e-01 3.7881387489e-01
   endloop
 endfacet
 facet normal  1.5184481155e-01 5.3580246184e-03 -9.8838982430e-01
   outer loop
     vertex 2.2458523595e+00 -3.2800000000e-01 3.7881387489e-01
     vertex 2.2509850325e+00 -4.1000000000e-01 3.7915788062e-01
     vertex 2.2414422950e+00 -3.2800000000e-01 3.7813636345e-01
   endloop
 endfacet
 facet normal  1.5184481155e-01 5.3580246184e-03 -9.8838982430e-01
   outer loop
     vertex 2.2509850325e+00 -4.1000000000e-01 3.7915788062e-01
     vertex 2.2474412307e+00 -4.1000000000e-01 3.7861345178e-01
     vertex 2.2414422950e+00 -3.2800000000e-01 3.7813636345e-01
   endloop
 endfacet
 facet normal  1.4691795130e-01 4.9932447708e-03 -9.8913607916e-01
   outer loop
     vertex 2.2414422950e+00 -3.2800000000e-01 3.7813636345e-01
     vertex 2.2474412307e+00 -4.1000000000e-01 3.7861345178e-01
     vertex 2.2354110936e+00 -3.2800000000e-01 3.7724053954e-01
   endloop
 endfacet
 facet normal  1.4691795130e-01 4.9932447708e-03 -9.8913607916e-01
   outer loop
     vertex 2.2474412307e+00 -4.1000000000e-01 3.7861345178e-01
     vertex 2.2425947296e+00 -4.1000000000e-01 3.7789359328e-01
     vertex 2.2354110936e+00 -3.2800000000e-01 3.7724053954e-01
   endloop
 endfacet
 facet normal  1.4051212968e-01 4.4246303275e-03 -9.9006907035e-01
   outer loop
     vertex 2.2354110936e+00 -3.2800000000e-01 3.7724053954e-01
     vertex 2.2425947296e+00 -4.1000000000e-01 3.7789359328e-01
     vertex 2.2274837201e+00 -3.2800000000e-01 3.7611547447e-01
   endloop
 endfacet
 facet normal  1.4051212968e-01 4.4246303275e-03 -9.9006907035e-01
   outer loop
     vertex 2.2425947296e+00 -4.1000000000e-01 3.7789359328e-01
     vertex 2.2362245188e+00 -4.1000000000e-01 3.7698952313e-01
     vertex 2.2274837201e+00 -3.2800000000e-01 3.7611547447e-01
   endloop
 endfacet
 facet normal  1.3215773568e-01 3.5217988761e-03 -9.9122244216e-01
   outer loop
     vertex 2.2274837201e+00 -3.2800000000e-01 3.7611547447e-01
     vertex 2.2362245188e+00 -4.1000000000e-01 3.7698952313e-01
     vertex 2.2175901418e+00 -3.2800000000e-01 3.7479638316e-01
   endloop
 endfacet
 facet normal  1.3215773568e-01 3.5217988761e-03 -9.9122244216e-01
   outer loop
     vertex 2.2362245188e+00 -4.1000000000e-01 3.7698952313e-01
     vertex 2.2282743219e+00 -4.1000000000e-01 3.7592953905e-01
     vertex 2.2175901418e+00 -3.2800000000e-01 3.7479638316e-01
   endloop
 endfacet
 facet normal  1.2105024717e-01 2.0549020185e-03 -9.9264425402e-01
   outer loop
     vertex 2.2175901418e+00 -3.2800000000e-01 3.7479638316e-01
     vertex 2.2282743219e+00 -4.1000000000e-01 3.7592953905e-01
     vertex 2.2060103804e+00 -3.2800000000e-01 3.7338426299e-01
   endloop
 endfacet
 facet normal  1.2105024717e-01 2.0549020185e-03 -9.9264425402e-01
   outer loop
     vertex 2.2282743219e+00 -4.1000000000e-01 3.7592953905e-01
     vertex 2.2189691565e+00 -4.1000000000e-01 3.7479479962e-01
     vertex 2.2060103804e+00 -3.2800000000e-01 3.7338426299e-01
   endloop
 endfacet
 facet normal  1.0576755825e-01 -3.9032379649e-04 -9.9439080410e-01
   outer loop
     vertex 2.2060103804e+00 -3.2800000000e-01 3.7338426299e-01
     vertex 2.2189691565e+00 -4.1000000000e-01 3.7479479962e-01
     vertex 2.1934315013e+00 -3.2800000000e-01 3.7204632087e-01
   endloop
 endfacet
 facet normal  1.0576755825e-01 -3.9032379649e-04 -9.9439080410e-01
   outer loop
     vertex 2.2189691565e+00 -4.1000000000e-01 3.7479479962e-01
     vertex 2.2088611286e+00 -4.1000000000e-01 3.7371966756e-01
     vertex 2.1934315013e+00 -3.2800000000e-01 3.7204632087e-01
   endloop
 endfacet
 facet normal  8.4391376729e-02 -4.4540632104e-03 -9.9642273000e-01
   outer loop
     vertex 2.1934315013e+00 -3.2800000000e-01 3.7204632087e-01
     vertex 2.2088611286e+00 -4.1000000000e-01 3.7371966756e-01
     vertex 2.1987324625e+00 -4.1000000000e-01 3.7286182676e-01
   endloop
 endfacet
 facet normal  8.4391376729e-02 -4.4540632104e-03 -9.9642273000e-01
   outer loop
     vertex 2.1934315013e+00 -3.2800000000e-01 3.7204632087e-01
     vertex 2.1987324625e+00 -4.1000000000e-01 3.7286182676e-01
     vertex 2.1808269390e+00 -3.2800000000e-01 3.7097878565e-01
   endloop
 endfacet
 facet normal  5.5104499010e-02 -1.0895038633e-02 -9.9842114978e-01
   outer loop
     vertex 2.1808269390e+00 -3.2800000000e-01 3.7097878565e-01
     vertex 2.1987324625e+00 -4.1000000000e-01 3.7286182676e-01
     vertex 2.1893729699e+00 -4.1000000000e-01 3.7234526103e-01
   endloop
 endfacet
 facet normal  5.5104499010e-02 -1.0895038633e-02 -9.9842114978e-01
   outer loop
     vertex 2.1808269390e+00 -3.2800000000e-01 3.7097878565e-01
     vertex 2.1893729699e+00 -4.1000000000e-01 3.7234526103e-01
     vertex 2.1691795704e+00 -3.2800000000e-01 3.7033594830e-01
   endloop
 endfacet
 facet normal  1.6618762246e-02 -2.0402775947e-02 -9.9965371178e-01
   outer loop
     vertex 2.1691795704e+00 -3.2800000000e-01 3.7033594830e-01
     vertex 2.1893729699e+00 -4.1000000000e-01 3.7234526103e-01
     vertex 2.1813540971e+00 -4.1000000000e-01 3.7221195112e-01
   endloop
 endfacet
 facet normal  1.6618762246e-02 -2.0402775947e-02 -9.9965371178e-01
   outer loop
     vertex 2.1691795704e+00 -3.2800000000e-01 3.7033594830e-01
     vertex 2.1813540971e+00 -4.1000000000e-01 3.7221195112e-01
     vertex 2.1592005286e+00 -3.2800000000e-01 3.7017005152e-01
   endloop
 endfacet
 facet normal  -3.2725972850e-02 -3.3715140026e-02 -9.9889554010e-01
   outer loop
     vertex 2.1592005286e+00 -3.2800000000e-01 3.7017005152e-01
     vertex 2.1813540971e+00 -4.1000000000e-01 3.7221195112e-01
     vertex 2.1749242991e+00 -4.1000000000e-01 3.7242260518e-01
   endloop
 endfacet
 facet normal  -3.2725972850e-02 -3.3715140026e-02 -9.9889554010e-01
   outer loop
     vertex 2.1592005286e+00 -3.2800000000e-01 3.7017005152e-01
     vertex 2.1749242991e+00 -4.1000000000e-01 3.7242260518e-01
     vertex 2.1511990023e+00 -3.2800000000e-01 3.7043219879e-01
   endloop
 endfacet
 facet normal  -9.7164264156e-02 -5.2237914640e-02 -9.9389652683e-01
   outer loop
     vertex 2.1511990023e+00 -3.2800000000e-01 3.7043219879e-01
     vertex 2.1749242991e+00 -4.1000000000e-01 3.7242260518e-01
     vertex 2.1700489912e+00 -4.1000000000e-01 3.7289921989e-01
   endloop
 endfacet
 facet normal  -9.7164264156e-02 -5.2237914640e-02 -9.9389652683e-01
   outer loop
     vertex 2.1511990023e+00 -3.2800000000e-01 3.7043219879e-01
     vertex 2.1700489912e+00 -4.1000000000e-01 3.7289921989e-01
     vertex 2.1451319525e+00 -3.2800000000e-01 3.7102531932e-01
   endloop
 endfacet
 facet normal  -1.8962149323e-01 -7.9982855496e-02 -9.7859411000e-01
   outer loop
     vertex 2.1451319525e+00 -3.2800000000e-01 3.7102531932e-01
     vertex 2.1700489912e+00 -4.1000000000e-01 3.7289921989e-01
     vertex 2.1665310981e+00 -4.1000000000e-01 3.7358087957e-01
   endloop
 endfacet
 facet normal  -1.8962149323e-01 -7.9982855496e-02 -9.7859411000e-01
   outer loop
     vertex 2.1451319525e+00 -3.2800000000e-01 3.7102531932e-01
     vertex 2.1665310981e+00 -4.1000000000e-01 3.7358087957e-01
     vertex 2.1407541299e+00 -3.2800000000e-01 3.7187360692e-01
   endloop
 endfacet
 facet normal  -3.5329007389e-01 -1.3034567284e-01 -9.2638875709e-01
   outer loop
     vertex 2.1407541299e+00 -3.2800000000e-01 3.7187360692e-01
     vertex 2.1665310981e+00 -4.1000000000e-01 3.7358087957e-01
     vertex 2.1641570632e+00 -4.1000000000e-01 3.7448624781e-01
   endloop
 endfacet
 facet normal  -3.5329007389e-01 -1.3034567284e-01 -9.2638875709e-01
   outer loop
     vertex 2.1407541299e+00 -3.2800000000e-01 3.7187360692e-01
     vertex 2.1641570632e+00 -4.1000000000e-01 3.7448624781e-01
     vertex 2.1377997754e+00 -3.2800000000e-01 3.7300028739e-01
   endloop
 endfacet
 facet normal  -7.5345326112e-01 -2.5317888002e-01 -6.0680197596e-01
   outer loop
     vertex 2.1377997754e+00 -3.2800000000e-01 3.7300028739e-01
     vertex 2.1641570632e+00 -4.1000000000e-01 3.7448624781e-01
     vertex 2.1630902823e+00 -4.1000000000e-01 3.7581084722e-01
   endloop
 endfacet
 facet normal  -7.5345326112e-01 -2.5317888002e-01 -6.0680197596e-01
   outer loop
     vertex 2.1377997754e+00 -3.2800000000e-01 3.7300028739e-01
     vertex 2.1630902823e+00 -4.1000000000e-01 3.7581084722e-01
     vertex 2.1364722259e+00 -3.2800000000e-01 3.7464867777e-01
   endloop
 endfacet
 facet normal  -8.0347242090e-01 -2.5317888002e-01 5.3882513264e-01
   outer loop
     vertex 2.1364722259e+00 -3.2800000000e-01 3.7464867777e-01
     vertex 2.1630902823e+00 -4.1000000000e-01 3.7581084722e-01
     vertex 2.1376510570e+00 -3.2800000000e-01 3.7640649910e-01
   endloop
 endfacet
 facet normal  -8.0347242090e-01 -2.5317888002e-01 5.3882513264e-01
   outer loop
     vertex 2.1630902823e+00 -4.1000000000e-01 3.7581084722e-01
     vertex 2.1640375573e+00 -4.1000000000e-01 3.7722338221e-01
     vertex 2.1376510570e+00 -3.2800000000e-01 3.7640649910e-01
   endloop
 endfacet
 facet normal  -4.3268579869e-01 -1.3034567284e-01 8.9207230939e-01
   outer loop
     vertex 2.1376510570e+00 -3.2800000000e-01 3.7640649910e-01
     vertex 2.1640375573e+00 -4.1000000000e-01 3.7722338221e-01
     vertex 2.1404959726e+00 -3.2800000000e-01 3.7778638117e-01
   endloop
 endfacet
 facet normal  -4.3268579869e-01 -1.3034567284e-01 8.9207230939e-01
   outer loop
     vertex 2.1640375573e+00 -4.1000000000e-01 3.7722338221e-01
     vertex 2.1663236502e+00 -4.1000000000e-01 3.7833221602e-01
     vertex 2.1404959726e+00 -3.2800000000e-01 3.7778638117e-01
   endloop
 endfacet
 facet normal  -2.7419002271e-01 -7.9982855496e-02 9.5834366188e-01
   outer loop
     vertex 2.1404959726e+00 -3.2800000000e-01 3.7778638117e-01
     vertex 2.1663236502e+00 -4.1000000000e-01 3.7833221602e-01
     vertex 2.1447832031e+00 -3.2800000000e-01 3.7901299317e-01
   endloop
 endfacet
 facet normal  -2.7419002271e-01 -7.9982855496e-02 9.5834366188e-01
   outer loop
     vertex 2.1663236502e+00 -4.1000000000e-01 3.7833221602e-01
     vertex 2.1697687462e+00 -4.1000000000e-01 3.7931788637e-01
     vertex 2.1447832031e+00 -3.2800000000e-01 3.7901299317e-01
   endloop
 endfacet
 facet normal  -1.8341831481e-01 -5.2237914640e-02 9.8164602687e-01
   outer loop
     vertex 2.1447832031e+00 -3.2800000000e-01 3.7901299317e-01
     vertex 2.1697687462e+00 -4.1000000000e-01 3.7931788637e-01
     vertex 2.1507754722e+00 -3.2800000000e-01 3.8013263493e-01
   endloop
 endfacet
 facet normal  -1.8341831481e-01 -5.2237914640e-02 9.8164602687e-01
   outer loop
     vertex 2.1697687462e+00 -4.1000000000e-01 3.7931788637e-01
     vertex 2.1745839624e+00 -4.1000000000e-01 3.8021759850e-01
     vertex 2.1507754722e+00 -3.2800000000e-01 3.8013263493e-01
   endloop
 endfacet
 facet normal  -1.1966092337e-01 -3.3715140026e-02 9.9224218453e-01
   outer loop
     vertex 2.1507754722e+00 -3.2800000000e-01 3.8013263493e-01
     vertex 2.1745839624e+00 -4.1000000000e-01 3.8021759850e-01
     vertex 2.1587237026e+00 -3.2800000000e-01 3.8109116361e-01
   endloop
 endfacet
 facet normal  -1.1966092337e-01 -3.3715140026e-02 9.9224218453e-01
   outer loop
     vertex 2.1745839624e+00 -4.1000000000e-01 3.8021759850e-01
     vertex 2.1809709333e+00 -4.1000000000e-01 3.8098784476e-01
     vertex 2.1587237026e+00 -3.2800000000e-01 3.8109116361e-01
   endloop
 endfacet
 facet normal  -7.0570038902e-02 -2.0402775947e-02 9.9729814817e-01
   outer loop
     vertex 2.1587237026e+00 -3.2800000000e-01 3.8109116361e-01
     vertex 2.1809709333e+00 -4.1000000000e-01 3.8098784476e-01
     vertex 2.1686792300e+00 -3.2800000000e-01 3.8179562893e-01
   endloop
 endfacet
 facet normal  -7.0570038902e-02 -2.0402775947e-02 9.9729814817e-01
   outer loop
     vertex 2.1809709333e+00 -4.1000000000e-01 3.8098784476e-01
     vertex 2.1889709106e+00 -4.1000000000e-01 3.8155393296e-01
     vertex 2.1686792300e+00 -3.2800000000e-01 3.8179562893e-01
   endloop
 endfacet
 facet normal  -3.2123327129e-02 -1.0895038633e-02 9.9942452941e-01
   outer loop
     vertex 2.1686792300e+00 -3.2800000000e-01 3.8179562893e-01
     vertex 2.1889709106e+00 -4.1000000000e-01 3.8155393296e-01
     vertex 2.1803383037e+00 -3.2800000000e-01 3.8217037282e-01
   endloop
 endfacet
 facet normal  -3.2123327129e-02 -1.0895038633e-02 9.9942452941e-01
   outer loop
     vertex 2.1889709106e+00 -4.1000000000e-01 3.8155393296e-01
     vertex 2.1983398092e+00 -4.1000000000e-01 3.8185506645e-01
     vertex 2.1803383037e+00 -3.2800000000e-01 3.8217037282e-01
   endloop
 endfacet
 facet normal  -2.7737210619e-03 -4.4540632104e-03 9.9998623380e-01
   outer loop
     vertex 2.1803383037e+00 -3.2800000000e-01 3.8217037282e-01
     vertex 2.1983398092e+00 -4.1000000000e-01 3.8185506645e-01
     vertex 2.1929879437e+00 -3.2800000000e-01 3.8220545988e-01
   endloop
 endfacet
 facet normal  -2.7737210619e-03 -4.4540632104e-03 9.9998623380e-01
   outer loop
     vertex 2.1983398092e+00 -4.1000000000e-01 3.8185506645e-01
     vertex 2.2085046984e+00 -4.1000000000e-01 3.8188326141e-01
     vertex 2.1929879437e+00 -3.2800000000e-01 3.8220545988e-01
   endloop
 endfacet
 facet normal  1.8698211648e-02 -3.9032379649e-04 9.9982509697e-01
   outer loop
     vertex 2.1929879437e+00 -3.2800000000e-01 3.8220545988e-01
     vertex 2.2085046984e+00 -4.1000000000e-01 3.8188326141e-01
     vertex 2.2186679662e+00 -4.1000000000e-01 3.8169319323e-01
   endloop
 endfacet
 facet normal  1.8698211648e-02 -3.9032379649e-04 9.9982509697e-01
   outer loop
     vertex 2.1929879437e+00 -3.2800000000e-01 3.8220545988e-01
     vertex 2.2186679662e+00 -4.1000000000e-01 3.8169319323e-01
     vertex 2.2056355657e+00 -3.2800000000e-01 3.8196893059e-01
   endloop
 endfacet
 facet normal  3.4074967192e-02 2.0549020185e-03 9.9941716715e-01
   outer loop
     vertex 2.2056355657e+00 -3.2800000000e-01 3.8196893059e-01
     vertex 2.2186679662e+00 -4.1000000000e-01 3.8169319323e-01
     vertex 2.2280366216e+00 -4.1000000000e-01 3.8137377043e-01
   endloop
 endfacet
 facet normal  3.4074967192e-02 2.0549020185e-03 9.9941716715e-01
   outer loop
     vertex 2.2056355657e+00 -3.2800000000e-01 3.8196893059e-01
     vertex 2.2280366216e+00 -4.1000000000e-01 3.8137377043e-01
     vertex 2.2172943370e+00 -3.2800000000e-01 3.8157142666e-01
   endloop
 endfacet
 facet normal  4.5264107422e-02 3.5217988761e-03 9.9896884712e-01
   outer loop
     vertex 2.2172943370e+00 -3.2800000000e-01 3.8157142666e-01
     vertex 2.2280366216e+00 -4.1000000000e-01 3.8137377043e-01
     vertex 2.2360489493e+00 -4.1000000000e-01 3.8101072522e-01
   endloop
 endfacet
 facet normal  4.5264107422e-02 3.5217988761e-03 9.9896884712e-01
   outer loop
     vertex 2.2172943370e+00 -3.2800000000e-01 3.8157142666e-01
     vertex 2.2360489493e+00 -4.1000000000e-01 3.8101072522e-01
     vertex 2.2272652336e+00 -3.2800000000e-01 3.8111963707e-01
   endloop
 endfacet
 facet normal  5.3687233405e-02 4.4246303275e-03 9.9854799765e-01
   outer loop
     vertex 2.2272652336e+00 -3.2800000000e-01 3.8111963707e-01
     vertex 2.2360489493e+00 -4.1000000000e-01 3.8101072522e-01
     vertex 2.2424737144e+00 -4.1000000000e-01 3.8066529579e-01
   endloop
 endfacet
 facet normal  5.3687233405e-02 4.4246303275e-03 9.9854799765e-01
   outer loop
     vertex 2.2272652336e+00 -3.2800000000e-01 3.8111963707e-01
     vertex 2.2424737144e+00 -4.1000000000e-01 3.8066529579e-01
     vertex 2.2352604970e+00 -3.2800000000e-01 3.8068976933e-01
   endloop
 endfacet
 facet normal  6.0149994486e-02 4.9932447708e-03 9.9817686092e-01
   outer loop
     vertex 2.2352604970e+00 -3.2800000000e-01 3.8068976933e-01
     vertex 2.2424737144e+00 -4.1000000000e-01 3.8066529579e-01
     vertex 2.2473645130e+00 -4.1000000000e-01 3.8037057697e-01
   endloop
 endfacet
 facet normal  6.0149994486e-02 4.9932447708e-03 9.9817686092e-01
   outer loop
     vertex 2.2352604970e+00 -3.2800000000e-01 3.8068976933e-01
     vertex 2.2473645130e+00 -4.1000000000e-01 3.8037057697e-01
     vertex 2.2413468240e+00 -3.2800000000e-01 3.8032300813e-01
   endloop
 endfacet
 facet normal  6.5123146936e-02 5.3580246184e-03 9.9786284995e-01
   outer loop
     vertex 2.2413468240e+00 -3.2800000000e-01 3.8032300813e-01
     vertex 2.2473645130e+00 -4.1000000000e-01 3.8037057697e-01
     vertex 2.2509422797e+00 -4.1000000000e-01 3.8013708253e-01
   endloop
 endfacet
 facet normal  6.5123146936e-02 5.3580246184e-03 9.9786284995e-01
   outer loop
     vertex 2.2413468240e+00 -3.2800000000e-01 3.8032300813e-01
     vertex 2.2509422797e+00 -4.1000000000e-01 3.8013708253e-01
     vertex 2.2457991559e+00 -3.2800000000e-01 3.8003243728e-01
   endloop
 endfacet
 facet normal  6.8862604517e-02 5.5922451528e-03 9.9761047934e-01
   outer loop
     vertex 2.2457991559e+00 -3.2800000000e-01 3.8003243728e-01
     vertex 2.2509422797e+00 -4.1000000000e-01 3.8013708253e-01
     vertex 2.2534840334e+00 -4.1000000000e-01 3.7996163151e-01
   endloop
 endfacet
 facet normal  6.8862604517e-02 5.5922451528e-03 9.9761047934e-01
   outer loop
     vertex 2.2457991559e+00 -3.2800000000e-01 3.8003243728e-01
     vertex 2.2534840334e+00 -4.1000000000e-01 3.7996163151e-01
     vertex 2.2489622272e+00 -3.2800000000e-01 3.7981409822e-01
   endloop
 endfacet
 facet normal  7.1570289600e-02 5.7412132365e-03 9.9741903537e-01
   outer loop
     vertex 2.2489622272e+00 -3.2800000000e-01 3.7981409822e-01
     vertex 2.2534840334e+00 -4.1000000000e-01 3.7996163151e-01
     vertex 2.2552524808e+00 -4.1000000000e-01 3.7983473570e-01
   endloop
 endfacet
 facet normal  7.1570289600e-02 5.7412132365e-03 9.9741903537e-01
   outer loop
     vertex 2.2489622272e+00 -3.2800000000e-01 3.7981409822e-01
     vertex 2.2552524808e+00 -4.1000000000e-01 3.7983473570e-01
     vertex 2.2511629617e+00 -3.2800000000e-01 3.7965618344e-01
   endloop
 endfacet
 facet normal  0.0000000000e+00 -1.0000000000e+00 0.0000000000e+00
   outer loop
     vertex 2.2552524808e+00 -4.1000000000e-01 3.7983473570e-01
     vertex 2.2534973752e+00 -4.1000000000e-01 3.7965605220e-01
     vertex 2.2535018225e+00 -4.1000000000e-01 3.7955419243e-01
   endloop
 endfacet
 facet normal  0.0000000000e+00 -1.0000000000e+00 -0.0000000000e+00
   outer loop
     vertex 2.2535018225e+00 -4.1000000000e-01 3.7955419243e-01
     vertex 2.2534973752e+00 -4.1000000000e-01 3.7965605220e-01
     vertex 2.2509743443e+00 -4.1000000000e-01 3.7940268109e-01
   endloop
 endfacet
 facet normal  0.0000000000e+00 -1.0000000000e+00 0.0000000000e+00
   outer loop
     vertex 2.2535018225e+00 -4.1000000000e-01 3.7955419243e-01
     vertex 2.2509743443e+00 -4.1000000000e-01 3.7940268109e-01
     vertex 2.2509850325e+00 -4.1000000000e-01 3.7915788062e-01
   endloop
 endfacet
 facet normal  0.0000000000e+00 -1.0000000000e+00 -0.0000000000e+00
   outer loop
     vertex 2.2509850325e+00 -4.1000000000e-01 3.7915788062e-01
     vertex 2.2509743443e+00 -4.1000000000e-01 3.7940268109e-01
     vertex 2.2474220513e+00 -4.1000000000e-01 3.7905273308e-01
   endloop
 endfacet
 facet normal  0.0000000000e+00 -1.0000000000e+00 0.0000000000e+00
   outer loop
     vertex 2.2509850325e+00 -4.1000000000e-01 3.7915788062e-01
     vertex 2.2474220513e+00 -4.1000000000e-01 3.7905273308e-01
     vertex 2.2474412307e+00 -4.1000000000e-01 3.7861345178e-01
   endloop
 endfacet
 facet normal  0.0000000000e+00 -1.0000000000e+00 -0.0000000000e+00
   outer loop
     vertex 2.2474412307e+00 -4.1000000000e-01 3.7861345178e-01
     vertex 2.2474220513e+00 -4.1000000000e-01 3.7905273308e-01
     vertex 2.2425644758e+00 -4.1000000000e-01 3.7858651891e-01
   endloop
 endfacet
 facet normal  0.0000000000e+00 -1.0000000000e+00 0.0000000000e+00
   outer loop
     vertex 2.2474412307e+00 -4.1000000000e-01 3.7861345178e-01
     vertex 2.2425644758e+00 -4.1000000000e-01 3.7858651891e-01
     vertex 2.2425947296e+00 -4.1000000000e-01 3.7789359328e-01
   endloop
 endfacet
 facet normal  -8.6605137640e-15 -1.0000000000e+00 -3.7812619701e-16
   outer loop
     vertex 2.2425947296e+00 -4.1000000000e-01 3.7789359328e-01
     vertex 2.2425644758e+00 -4.1000000000e-01 3.7858651891e-01
     vertex 2.2361806264e+00 -4.1000000000e-01 3.7799482365e-01
   endloop
 endfacet
 facet normal  -8.6605137640e-15 -1.0000000000e+00 -3.7812619701e-16
   outer loop
     vertex 2.2425947296e+00 -4.1000000000e-01 3.7789359328e-01
     vertex 2.2361806264e+00 -4.1000000000e-01 3.7799482365e-01
     vertex 2.2362245188e+00 -4.1000000000e-01 3.7698952313e-01
   endloop
 endfacet
 facet normal  1.3883902386e-14 -1.0000000000e+00 6.0618426943e-16
   outer loop
     vertex 2.2362245188e+00 -4.1000000000e-01 3.7698952313e-01
     vertex 2.2361806264e+00 -4.1000000000e-01 3.7799482365e-01
     vertex 2.2282148969e+00 -4.1000000000e-01 3.7729059689e-01
   endloop
 endfacet
 facet normal  1.3883902386e-14 -1.0000000000e+00 6.0618426943e-16
   outer loop
     vertex 2.2362245188e+00 -4.1000000000e-01 3.7698952313e-01
     vertex 2.2282148969e+00 -4.1000000000e-01 3.7729059689e-01
     vertex 2.2282743219e+00 -4.1000000000e-01 3.7592953905e-01
   endloop
 endfacet
 facet normal  0.0000000000e+00 -1.0000000000e+00 -0.0000000000e+00
   outer loop
     vertex 2.2282743219e+00 -4.1000000000e-01 3.7592953905e-01
     vertex 2.2282148969e+00 -4.1000000000e-01 3.7729059689e-01
     vertex 2.2188938589e+00 -4.1000000000e-01 3.7651939802e-01
   endloop
 endfacet
 facet normal  0.0000000000e+00 -1.0000000000e+00 0.0000000000e+00
   outer loop
     vertex 2.2282743219e+00 -4.1000000000e-01 3.7592953905e-01
     vertex 2.2188938589e+00 -4.1000000000e-01 3.7651939802e-01
     vertex 2.2189691565e+00 -4.1000000000e-01 3.7479479962e-01
   endloop
 endfacet
 facet normal  -5.4664027249e-15 -1.0000000000e+00 -2.3866829729e-16
   outer loop
     vertex 2.2189691565e+00 -4.1000000000e-01 3.7479479962e-01
     vertex 2.2188938589e+00 -4.1000000000e-01 3.7651939802e-01
     vertex 2.2087720211e+00 -4.1000000000e-01 3.7576056603e-01
   endloop
 endfacet
 facet normal  -5.4664027249e-15 -1.0000000000e+00 -2.3866829729e-16
   outer loop
     vertex 2.2189691565e+00 -4.1000000000e-01 3.7479479962e-01
     vertex 2.2087720211e+00 -4.1000000000e-01 3.7576056603e-01
     vertex 2.2088611286e+00 -4.1000000000e-01 3.7371966756e-01
   endloop
 endfacet
 facet normal  0.0000000000e+00 -1.0000000000e+00 -0.0000000000e+00
   outer loop
     vertex 2.2088611286e+00 -4.1000000000e-01 3.7371966756e-01
     vertex 2.2087720211e+00 -4.1000000000e-01 3.7576056603e-01
     vertex 2.1987324625e+00 -4.1000000000e-01 3.7286182676e-01
   endloop
 endfacet
 facet normal  0.0000000000e+00 -1.0000000000e+00 0.0000000000e+00
   outer loop
     vertex 2.2087720211e+00 -4.1000000000e-01 3.7576056603e-01
     vertex 2.1986342992e+00 -4.1000000000e-01 3.7511013668e-01
     vertex 2.1987324625e+00 -4.1000000000e-01 3.7286182676e-01
   endloop
 endfacet
 facet normal  0.0000000000e+00 -1.0000000000e+00 -0.0000000000e+00
   outer loop
     vertex 2.1987324625e+00 -4.1000000000e-01 3.7286182676e-01
     vertex 2.1986342992e+00 -4.1000000000e-01 3.7511013668e-01
     vertex 2.1893729699e+00 -4.1000000000e-01 3.7234526103e-01
   endloop
 endfacet
 facet normal  0.0000000000e+00 -1.0000000000e+00 0.0000000000e+00
   outer loop
     vertex 2.1986342992e+00 -4.1000000000e-01 3.7511013668e-01
     vertex 2.1892724551e+00 -4.1000000000e-01 3.7464742901e-01
     vertex 2.1893729699e+00 -4.1000000000e-01 3.7234526103e-01
   endloop
 endfacet
 facet normal  0.0000000000e+00 -1.0000000000e+00 -0.0000000000e+00
   outer loop
     vertex 2.1893729699e+00 -4.1000000000e-01 3.7234526103e-01
     vertex 2.1892724551e+00 -4.1000000000e-01 3.7464742901e-01
     vertex 2.1813540971e+00 -4.1000000000e-01 3.7221195112e-01
   endloop
 endfacet
 facet normal  0.0000000000e+00 -1.0000000000e+00 0.0000000000e+00
   outer loop
     vertex 2.1892724551e+00 -4.1000000000e-01 3.7464742901e-01
     vertex 2.1812583061e+00 -4.1000000000e-01 3.7440592453e-01
     vertex 2.1813540971e+00 -4.1000000000e-01 3.7221195112e-01
   endloop
 endfacet
 facet normal  8.6457879896e-15 -1.0000000000e+00 3.7748325581e-16
   outer loop
     vertex 2.1813540971e+00 -4.1000000000e-01 3.7221195112e-01
     vertex 2.1812583061e+00 -4.1000000000e-01 3.7440592453e-01
     vertex 2.1749242991e+00 -4.1000000000e-01 3.7242260518e-01
   endloop
 endfacet
 facet normal  8.6457879896e-15 -1.0000000000e+00 3.7748325581e-16
   outer loop
     vertex 2.1812583061e+00 -4.1000000000e-01 3.7440592453e-01
     vertex 2.1748392150e+00 -4.1000000000e-01 3.7437135351e-01
     vertex 2.1749242991e+00 -4.1000000000e-01 3.7242260518e-01
   endloop
 endfacet
 facet normal  -1.1434992025e-14 -1.0000000000e+00 -4.9926253398e-16
   outer loop
     vertex 2.1749242991e+00 -4.1000000000e-01 3.7242260518e-01
     vertex 2.1748392150e+00 -4.1000000000e-01 3.7437135351e-01
     vertex 2.1700489912e+00 -4.1000000000e-01 3.7289921989e-01
   endloop
 endfacet
 facet normal  -1.1434992025e-14 -1.0000000000e+00 -4.9926253398e-16
   outer loop
     vertex 2.1748392150e+00 -4.1000000000e-01 3.7437135351e-01
     vertex 2.1699789300e+00 -4.1000000000e-01 3.7450388651e-01
     vertex 2.1700489912e+00 -4.1000000000e-01 3.7289921989e-01
   endloop
 endfacet
 facet normal  0.0000000000e+00 -1.0000000000e+00 -0.0000000000e+00
   outer loop
     vertex 2.1700489912e+00 -4.1000000000e-01 3.7289921989e-01
     vertex 2.1699789300e+00 -4.1000000000e-01 3.7450388651e-01
     vertex 2.1665310981e+00 -4.1000000000e-01 3.7358087957e-01
   endloop
 endfacet
 facet normal  0.0000000000e+00 -1.0000000000e+00 0.0000000000e+00
   outer loop
     vertex 2.1699789300e+00 -4.1000000000e-01 3.7450388651e-01
     vertex 2.1664792361e+00 -4.1000000000e-01 3.7476871368e-01
     vertex 2.1665310981e+00 -4.1000000000e-01 3.7358087957e-01
   endloop
 endfacet
 facet normal  2.3778546686e-14 -1.0000000000e+00 1.0381937693e-15
   outer loop
     vertex 2.1665310981e+00 -4.1000000000e-01 3.7358087957e-01
     vertex 2.1664792361e+00 -4.1000000000e-01 3.7476871368e-01
     vertex 2.1641570632e+00 -4.1000000000e-01 3.7448624781e-01
   endloop
 endfacet
 facet normal  2.3778546686e-14 -1.0000000000e+00 1.0381937693e-15
   outer loop
     vertex 2.1664792361e+00 -4.1000000000e-01 3.7476871368e-01
     vertex 2.1641271867e+00 -4.1000000000e-01 3.7517053141e-01
     vertex 2.1641570632e+00 -4.1000000000e-01 3.7448624781e-01
   endloop
 endfacet
 facet normal  -5.5018862730e-14 -1.0000000000e+00 -2.4021754246e-15
   outer loop
     vertex 2.1641570632e+00 -4.1000000000e-01 3.7448624781e-01
     vertex 2.1641271867e+00 -4.1000000000e-01 3.7517053141e-01
     vertex 2.1630902823e+00 -4.1000000000e-01 3.7581084722e-01
   endloop
 endfacet
 facet normal  -0.0000000000e+00 -1.0000000000e+00 0.0000000000e+00
   outer loop
     vertex 2.1630902823e+00 -4.1000000000e-01 3.7581084722e-01
     vertex 2.1640674338e+00 -4.1000000000e-01 3.7653909861e-01
     vertex 2.1640375573e+00 -4.1000000000e-01 3.7722338221e-01
   endloop
 endfacet
 facet normal  2.3778546686e-14 -1.0000000000e+00 1.0381937693e-15
   outer loop
     vertex 2.1640375573e+00 -4.1000000000e-01 3.7722338221e-01
     vertex 2.1640674338e+00 -4.1000000000e-01 3.7653909861e-01
     vertex 2.1663755122e+00 -4.1000000000e-01 3.7714438191e-01
   endloop
 endfacet
 facet normal  2.3778546686e-14 -1.0000000000e+00 1.0381937693e-15
   outer loop
     vertex 2.1640375573e+00 -4.1000000000e-01 3.7722338221e-01
     vertex 2.1663755122e+00 -4.1000000000e-01 3.7714438191e-01
     vertex 2.1663236502e+00 -4.1000000000e-01 3.7833221602e-01
   endloop
 endfacet
 facet normal  -1.5914295441e-14 -1.0000000000e+00 -6.9483314468e-16
   outer loop
     vertex 2.1663236502e+00 -4.1000000000e-01 3.7833221602e-01
     vertex 2.1663755122e+00 -4.1000000000e-01 3.7714438191e-01
     vertex 2.1698388075e+00 -4.1000000000e-01 3.7771321975e-01
   endloop
 endfacet
 facet normal  -1.5914295441e-14 -1.0000000000e+00 -6.9483314468e-16
   outer loop
     vertex 2.1663236502e+00 -4.1000000000e-01 3.7833221602e-01
     vertex 2.1698388075e+00 -4.1000000000e-01 3.7771321975e-01
     vertex 2.1697687462e+00 -4.1000000000e-01 3.7931788637e-01
   endloop
 endfacet
 facet normal  0.0000000000e+00 -1.0000000000e+00 0.0000000000e+00
   outer loop
     vertex 2.1697687462e+00 -4.1000000000e-01 3.7931788637e-01
     vertex 2.1698388075e+00 -4.1000000000e-01 3.7771321975e-01
     vertex 2.1746690466e+00 -4.1000000000e-01 3.7826885017e-01
   endloop
 endfacet
 facet normal  0.0000000000e+00 -1.0000000000e+00 0.0000000000e+00
   outer loop
     vertex 2.1697687462e+00 -4.1000000000e-01 3.7931788637e-01
     vertex 2.1746690466e+00 -4.1000000000e-01 3.7826885017e-01
     vertex 2.1745839624e+00 -4.1000000000e-01 3.8021759850e-01
   endloop
 endfacet
 facet normal  0.0000000000e+00 -1.0000000000e+00 0.0000000000e+00
   outer loop
     vertex 2.1745839624e+00 -4.1000000000e-01 3.8021759850e-01
     vertex 2.1746690466e+00 -4.1000000000e-01 3.7826885017e-01
     vertex 2.1810667242e+00 -4.1000000000e-01 3.7879387135e-01
   endloop
 endfacet
 facet normal  0.0000000000e+00 -1.0000000000e+00 0.0000000000e+00
   outer loop
     vertex 2.1745839624e+00 -4.1000000000e-01 3.8021759850e-01
     vertex 2.1810667242e+00 -4.1000000000e-01 3.7879387135e-01
     vertex 2.1809709333e+00 -4.1000000000e-01 3.8098784476e-01
   endloop
 endfacet
 facet normal  6.9175417846e-15 -1.0000000000e+00 3.0202639692e-16
   outer loop
     vertex 2.1809709333e+00 -4.1000000000e-01 3.8098784476e-01
     vertex 2.1810667242e+00 -4.1000000000e-01 3.7879387135e-01
     vertex 2.1890714254e+00 -4.1000000000e-01 3.7925176498e-01
   endloop
 endfacet
 facet normal  6.9175417846e-15 -1.0000000000e+00 3.0202639693e-16
   outer loop
     vertex 2.1809709333e+00 -4.1000000000e-01 3.8098784476e-01
     vertex 2.1890714254e+00 -4.1000000000e-01 3.7925176498e-01
     vertex 2.1889709106e+00 -4.1000000000e-01 3.8155393296e-01
   endloop
 endfacet
 facet normal  -5.9167423880e-15 -1.0000000000e+00 -2.5833055161e-16
   outer loop
     vertex 2.1889709106e+00 -4.1000000000e-01 3.8155393296e-01
     vertex 2.1890714254e+00 -4.1000000000e-01 3.7925176498e-01
     vertex 2.1984379725e+00 -4.1000000000e-01 3.7960675653e-01
   endloop
 endfacet
 facet normal  -5.9167423880e-15 -1.0000000000e+00 -2.5833055161e-16
   outer loop
     vertex 2.1889709106e+00 -4.1000000000e-01 3.8155393296e-01
     vertex 2.1984379725e+00 -4.1000000000e-01 3.7960675653e-01
     vertex 2.1983398092e+00 -4.1000000000e-01 3.8185506645e-01
   endloop
 endfacet
 facet normal  0.0000000000e+00 -1.0000000000e+00 0.0000000000e+00
   outer loop
     vertex 2.1983398092e+00 -4.1000000000e-01 3.8185506645e-01
     vertex 2.1984379725e+00 -4.1000000000e-01 3.7960675653e-01
     vertex 2.2085938060e+00 -4.1000000000e-01 3.7984236295e-01
   endloop
 endfacet
 facet normal  0.0000000000e+00 -1.0000000000e+00 0.0000000000e+00
   outer loop
     vertex 2.1983398092e+00 -4.1000000000e-01 3.8185506645e-01
     vertex 2.2085938060e+00 -4.1000000000e-01 3.7984236295e-01
     vertex 2.2085046984e+00 -4.1000000000e-01 3.8188326141e-01
   endloop
 endfacet
 facet normal  0.0000000000e+00 -1.0000000000e+00 0.0000000000e+00
   outer loop
     vertex 2.2085046984e+00 -4.1000000000e-01 3.8188326141e-01
     vertex 2.2085938060e+00 -4.1000000000e-01 3.7984236295e-01
     vertex 2.2186679662e+00 -4.1000000000e-01 3.8169319323e-01
   endloop
 endfacet
 facet normal  -0.0000000000e+00 -1.0000000000e+00 0.0000000000e+00
   outer loop
     vertex 2.2085938060e+00 -4.1000000000e-01 3.7984236295e-01
     vertex 2.2187432637e+00 -4.1000000000e-01 3.7996859483e-01
     vertex 2.2186679662e+00 -4.1000000000e-01 3.8169319323e-01
   endloop
 endfacet
 facet normal  0.0000000000e+00 -1.0000000000e+00 0.0000000000e+00
   outer loop
     vertex 2.2186679662e+00 -4.1000000000e-01 3.8169319323e-01
     vertex 2.2187432637e+00 -4.1000000000e-01 3.7996859483e-01
     vertex 2.2280366216e+00 -4.1000000000e-01 3.8137377043e-01
   endloop
 endfacet
 facet normal  -0.0000000000e+00 -1.0000000000e+00 0.0000000000e+00
   outer loop
     vertex 2.2187432637e+00 -4.1000000000e-01 3.7996859483e-01
     vertex 2.2280960467e+00 -4.1000000000e-01 3.8001271259e-01
     vertex 2.2280366216e+00 -4.1000000000e-01 3.8137377043e-01
   endloop
 endfacet
 facet normal  0.0000000000e+00 -1.0000000000e+00 0.0000000000e+00
   outer loop
     vertex 2.2280366216e+00 -4.1000000000e-01 3.8137377043e-01
     vertex 2.2280960467e+00 -4.1000000000e-01 3.8001271259e-01
     vertex 2.2360489493e+00 -4.1000000000e-01 3.8101072522e-01
   endloop
 endfacet
 facet normal  0.0000000000e+00 -1.0000000000e+00 0.0000000000e+00
   outer loop
     vertex 2.2280960467e+00 -4.1000000000e-01 3.8001271259e-01
     vertex 2.2360928417e+00 -4.1000000000e-01 3.8000542470e-01
     vertex 2.2360489493e+00 -4.1000000000e-01 3.8101072522e-01
   endloop
 endfacet
 facet normal  0.0000000000e+00 -1.0000000000e+00 0.0000000000e+00
   outer loop
     vertex 2.2360489493e+00 -4.1000000000e-01 3.8101072522e-01
     vertex 2.2360928417e+00 -4.1000000000e-01 3.8000542470e-01
     vertex 2.2424737144e+00 -4.1000000000e-01 3.8066529579e-01
   endloop
 endfacet
 facet normal  0.0000000000e+00 -1.0000000000e+00 0.0000000000e+00
   outer loop
     vertex 2.2360928417e+00 -4.1000000000e-01 3.8000542470e-01
     vertex 2.2425039682e+00 -4.1000000000e-01 3.7997237016e-01
     vertex 2.2424737144e+00 -4.1000000000e-01 3.8066529579e-01
   endloop
 endfacet
 facet normal  -1.1380061182e-14 -1.0000000000e+00 -4.9686420156e-16
   outer loop
     vertex 2.2424737144e+00 -4.1000000000e-01 3.8066529579e-01
     vertex 2.2425039682e+00 -4.1000000000e-01 3.7997237016e-01
     vertex 2.2473645130e+00 -4.1000000000e-01 3.8037057697e-01
   endloop
 endfacet
 facet normal  -1.1380061182e-14 -1.0000000000e+00 -4.9686420156e-16
   outer loop
     vertex 2.2425039682e+00 -4.1000000000e-01 3.7997237016e-01
     vertex 2.2473836924e+00 -4.1000000000e-01 3.7993129567e-01
     vertex 2.2473645130e+00 -4.1000000000e-01 3.8037057697e-01
   endloop
 endfacet
 facet normal  0.0000000000e+00 -1.0000000000e+00 0.0000000000e+00
   outer loop
     vertex 2.2473645130e+00 -4.1000000000e-01 3.8037057697e-01
     vertex 2.2473836924e+00 -4.1000000000e-01 3.7993129567e-01
     vertex 2.2509422797e+00 -4.1000000000e-01 3.8013708253e-01
   endloop
 endfacet
 facet normal  0.0000000000e+00 -1.0000000000e+00 0.0000000000e+00
   outer loop
     vertex 2.2473836924e+00 -4.1000000000e-01 3.7993129567e-01
     vertex 2.2509529679e+00 -4.1000000000e-01 3.7989228205e-01
     vertex 2.2509422797e+00 -4.1000000000e-01 3.8013708253e-01
   endloop
 endfacet
 facet normal  2.1905724733e-14 -1.0000000000e+00 9.5642459689e-16
   outer loop
     vertex 2.2509422797e+00 -4.1000000000e-01 3.8013708253e-01
     vertex 2.2509529679e+00 -4.1000000000e-01 3.7989228205e-01
     vertex 2.2534840334e+00 -4.1000000000e-01 3.7996163151e-01
   endloop
 endfacet
 facet normal  2.1905724733e-14 -1.0000000000e+00 9.5642459685e-16
   outer loop
     vertex 2.2509529679e+00 -4.1000000000e-01 3.7989228205e-01
     vertex 2.2534884807e+00 -4.1000000000e-01 3.7985977174e-01
     vertex 2.2534840334e+00 -4.1000000000e-01 3.7996163151e-01
   endloop
 endfacet
 facet normal  0.0000000000e+00 -1.0000000000e+00 0.0000000000e+00
   outer loop
     vertex 2.2534840334e+00 -4.1000000000e-01 3.7996163151e-01
     vertex 2.2534884807e+00 -4.1000000000e-01 3.7985977174e-01
     vertex 2.2552524808e+00 -4.1000000000e-01 3.7983473570e-01
   endloop
 endfacet
 facet normal  0.0000000000e+00 -1.0000000000e+00 0.0000000000e+00
   outer loop
     vertex 2.2552524808e+00 -4.1000000000e-01 3.7983473570e-01
     vertex 2.2534929280e+00 -4.1000000000e-01 3.7975791197e-01
     vertex 2.2534973752e+00 -4.1000000000e-01 3.7965605220e-01
   endloop
 endfacet
 facet normal  0.0000000000e+00 -1.0000000000e+00 -0.0000000000e+00
   outer loop
     vertex 2.2534973752e+00 -4.1000000000e-01 3.7965605220e-01
     vertex 2.2534929280e+00 -4.1000000000e-01 3.7975791197e-01
     vertex 2.2509636561e+00 -4.1000000000e-01 3.7964748157e-01
   endloop
 endfacet
 facet normal  0.0000000000e+00 -1.0000000000e+00 0.0000000000e+00
   outer loop
     vertex 2.2534973752e+00 -4.1000000000e-01 3.7965605220e-01
     vertex 2.2509636561e+00 -4.1000000000e-01 3.7964748157e-01
     vertex 2.2509743443e+00 -4.1000000000e-01 3.7940268109e-01
   endloop
 endfacet
 facet normal  0.0000000000e+00 -1.0000000000e+00 -0.0000000000e+00
   outer loop
     vertex 2.2509743443e+00 -4.1000000000e-01 3.7940268109e-01
     vertex 2.2509636561e+00 -4.1000000000e-01 3.7964748157e-01
     vertex 2.2474028718e+00 -4.1000000000e-01 3.7949201438e-01
   endloop
 endfacet
 facet normal  0.0000000000e+00 -1.0000000000e+00 0.0000000000e+00
   outer loop
     vertex 2.2509743443e+00 -4.1000000000e-01 3.7940268109e-01
     vertex 2.2474028718e+00 -4.1000000000e-01 3.7949201438e-01
     vertex 2.2474220513e+00 -4.1000000000e-01 3.7905273308e-01
   endloop
 endfacet
 facet normal  0.0000000000e+00 -1.0000000000e+00 -0.0000000000e+00
   outer loop
     vertex 2.2474220513e+00 -4.1000000000e-01 3.7905273308e-01
     vertex 2.2474028718e+00 -4.1000000000e-01 3.7949201438e-01
     vertex 2.2425342220e+00 -4.1000000000e-01 3.7927944453e-01
   endloop
 endfacet
 facet normal  0.0000000000e+00 -1.0000000000e+00 0.0000000000e+00
   outer loop
     vertex 2.2474220513e+00 -4.1000000000e-01 3.7905273308e-01
     vertex 2.2425342220e+00 -4.1000000000e-01 3.7927944453e-01
     vertex 2.2425644758e+00 -4.1000000000e-01 3.7858651891e-01
   endloop
 endfacet
 facet normal  -8.6605137640e-15 -1.0000000000e+00 -3.7812619701e-16
   outer loop
     vertex 2.2425644758e+00 -4.1000000000e-01 3.7858651891e-01
     vertex 2.2425342220e+00 -4.1000000000e-01 3.7927944453e-01
     vertex 2.2361367340e+00 -4.1000000000e-01 3.7900012418e-01
   endloop
 endfacet
 facet normal  -8.6605137640e-15 -1.0000000000e+00 -3.7812619701e-16
   outer loop
     vertex 2.2425644758e+00 -4.1000000000e-01 3.7858651891e-01
     vertex 2.2361367340e+00 -4.1000000000e-01 3.7900012418e-01
     vertex 2.2361806264e+00 -4.1000000000e-01 3.7799482365e-01
   endloop
 endfacet
 facet normal  1.3883902386e-14 -1.0000000000e+00 6.0618426944e-16
   outer loop
     vertex 2.2361806264e+00 -4.1000000000e-01 3.7799482365e-01
     vertex 2.2361367340e+00 -4.1000000000e-01 3.7900012418e-01
     vertex 2.2281554718e+00 -4.1000000000e-01 3.7865165474e-01
   endloop
 endfacet
 facet normal  1.3883902386e-14 -1.0000000000e+00 6.0618426943e-16
   outer loop
     vertex 2.2361806264e+00 -4.1000000000e-01 3.7799482365e-01
     vertex 2.2281554718e+00 -4.1000000000e-01 3.7865165474e-01
     vertex 2.2282148969e+00 -4.1000000000e-01 3.7729059689e-01
   endloop
 endfacet
 facet normal  0.0000000000e+00 -1.0000000000e+00 -0.0000000000e+00
   outer loop
     vertex 2.2282148969e+00 -4.1000000000e-01 3.7729059689e-01
     vertex 2.2281554718e+00 -4.1000000000e-01 3.7865165474e-01
     vertex 2.2188185613e+00 -4.1000000000e-01 3.7824399643e-01
   endloop
 endfacet
 facet normal  0.0000000000e+00 -1.0000000000e+00 0.0000000000e+00
   outer loop
     vertex 2.2282148969e+00 -4.1000000000e-01 3.7729059689e-01
     vertex 2.2188185613e+00 -4.1000000000e-01 3.7824399643e-01
     vertex 2.2188938589e+00 -4.1000000000e-01 3.7651939802e-01
   endloop
 endfacet
 facet normal  -5.4664027249e-15 -1.0000000000e+00 -2.3866829729e-16
   outer loop
     vertex 2.2188938589e+00 -4.1000000000e-01 3.7651939802e-01
     vertex 2.2188185613e+00 -4.1000000000e-01 3.7824399643e-01
     vertex 2.2086829135e+00 -4.1000000000e-01 3.7780146449e-01
   endloop
 endfacet
 facet normal  -5.4664027249e-15 -1.0000000000e+00 -2.3866829729e-16
   outer loop
     vertex 2.2188938589e+00 -4.1000000000e-01 3.7651939802e-01
     vertex 2.2086829135e+00 -4.1000000000e-01 3.7780146449e-01
     vertex 2.2087720211e+00 -4.1000000000e-01 3.7576056603e-01
   endloop
 endfacet
 facet normal  0.0000000000e+00 -1.0000000000e+00 -0.0000000000e+00
   outer loop
     vertex 2.2087720211e+00 -4.1000000000e-01 3.7576056603e-01
     vertex 2.2086829135e+00 -4.1000000000e-01 3.7780146449e-01
     vertex 2.1986342992e+00 -4.1000000000e-01 3.7511013668e-01
   endloop
 endfacet
 facet normal  0.0000000000e+00 -1.0000000000e+00 0.0000000000e+00
   outer loop
     vertex 2.2086829135e+00 -4.1000000000e-01 3.7780146449e-01
     vertex 2.1985361358e+00 -4.1000000000e-01 3.7735844661e-01
     vertex 2.1986342992e+00 -4.1000000000e-01 3.7511013668e-01
   endloop
 endfacet
 facet normal  0.0000000000e+00 -1.0000000000e+00 -0.0000000000e+00
   outer loop
     vertex 2.1986342992e+00 -4.1000000000e-01 3.7511013668e-01
     vertex 2.1985361358e+00 -4.1000000000e-01 3.7735844661e-01
     vertex 2.1892724551e+00 -4.1000000000e-01 3.7464742901e-01
   endloop
 endfacet
 facet normal  0.0000000000e+00 -1.0000000000e+00 0.0000000000e+00
   outer loop
     vertex 2.1985361358e+00 -4.1000000000e-01 3.7735844661e-01
     vertex 2.1891719403e+00 -4.1000000000e-01 3.7694959700e-01
     vertex 2.1892724551e+00 -4.1000000000e-01 3.7464742901e-01
   endloop
 endfacet
 facet normal  0.0000000000e+00 -1.0000000000e+00 -0.0000000000e+00
   outer loop
     vertex 2.1892724551e+00 -4.1000000000e-01 3.7464742901e-01
     vertex 2.1891719403e+00 -4.1000000000e-01 3.7694959700e-01
     vertex 2.1812583061e+00 -4.1000000000e-01 3.7440592453e-01
   endloop
 endfacet
 facet normal  0.0000000000e+00 -1.0000000000e+00 0.0000000000e+00
   outer loop
     vertex 2.1891719403e+00 -4.1000000000e-01 3.7694959700e-01
     vertex 2.1811625152e+00 -4.1000000000e-01 3.7659989794e-01
     vertex 2.1812583061e+00 -4.1000000000e-01 3.7440592453e-01
   endloop
 endfacet
 facet normal  8.6457879896e-15 -1.0000000000e+00 3.7748325582e-16
   outer loop
     vertex 2.1812583061e+00 -4.1000000000e-01 3.7440592453e-01
     vertex 2.1811625152e+00 -4.1000000000e-01 3.7659989794e-01
     vertex 2.1748392150e+00 -4.1000000000e-01 3.7437135351e-01
   endloop
 endfacet
 facet normal  8.6457879896e-15 -1.0000000000e+00 3.7748325582e-16
   outer loop
     vertex 2.1811625152e+00 -4.1000000000e-01 3.7659989794e-01
     vertex 2.1747541308e+00 -4.1000000000e-01 3.7632010184e-01
     vertex 2.1748392150e+00 -4.1000000000e-01 3.7437135351e-01
   endloop
 endfacet
 facet normal  -1.1434992025e-14 -1.0000000000e+00 -4.9926253398e-16
   outer loop
     vertex 2.1748392150e+00 -4.1000000000e-01 3.7437135351e-01
     vertex 2.1747541308e+00 -4.1000000000e-01 3.7632010184e-01
     vertex 2.1699789300e+00 -4.1000000000e-01 3.7450388651e-01
   endloop
 endfacet
 facet normal  -1.1434992025e-14 -1.0000000000e+00 -4.9926253398e-16
   outer loop
     vertex 2.1747541308e+00 -4.1000000000e-01 3.7632010184e-01
     vertex 2.1699088687e+00 -4.1000000000e-01 3.7610855313e-01
     vertex 2.1699789300e+00 -4.1000000000e-01 3.7450388651e-01
   endloop
 endfacet
 facet normal  0.0000000000e+00 -1.0000000000e+00 -0.0000000000e+00
   outer loop
     vertex 2.1699789300e+00 -4.1000000000e-01 3.7450388651e-01
     vertex 2.1699088687e+00 -4.1000000000e-01 3.7610855313e-01
     vertex 2.1664792361e+00 -4.1000000000e-01 3.7476871368e-01
   endloop
 endfacet
 facet normal  0.0000000000e+00 -1.0000000000e+00 0.0000000000e+00
   outer loop
     vertex 2.1699088687e+00 -4.1000000000e-01 3.7610855313e-01
     vertex 2.1664273742e+00 -4.1000000000e-01 3.7595654779e-01
     vertex 2.1664792361e+00 -4.1000000000e-01 3.7476871368e-01
   endloop
 endfacet
 facet normal  2.3778546686e-14 -1.0000000000e+00 1.0381937693e-15
   outer loop
     vertex 2.1664792361e+00 -4.1000000000e-01 3.7476871368e-01
     vertex 2.1664273742e+00 -4.1000000000e-01 3.7595654779e-01
     vertex 2.1641271867e+00 -4.1000000000e-01 3.7517053141e-01
   endloop
 endfacet
 facet normal  2.3778546686e-14 -1.0000000000e+00 1.0381937693e-15
   outer loop
     vertex 2.1664273742e+00 -4.1000000000e-01 3.7595654779e-01
     vertex 2.1640973103e+00 -4.1000000000e-01 3.7585481501e-01
     vertex 2.1641271867e+00 -4.1000000000e-01 3.7517053141e-01
   endloop
 endfacet
 facet normal  -5.5018862730e-14 -1.0000000000e+00 -2.4021754246e-15
   outer loop
     vertex 2.1641271867e+00 -4.1000000000e-01 3.7517053141e-01
     vertex 2.1640973103e+00 -4.1000000000e-01 3.7585481501e-01
     vertex 2.1630902823e+00 -4.1000000000e-01 3.7581084722e-01
   endloop
 endfacet
 facet normal  -0.0000000000e+00 -1.0000000000e+00 0.0000000000e+00
   outer loop
     vertex 2.1630902823e+00 -4.1000000000e-01 3.7581084722e-01
     vertex 2.1640973103e+00 -4.1000000000e-01 3.7585481501e-01
     vertex 2.1640674338e+00 -4.1000000000e-01 3.7653909861e-01
   endloop
 endfacet
 facet normal  2.3778546686e-14 -1.0000000000e+00 1.0381937693e-15
   outer loop
     vertex 2.1640674338e+00 -4.1000000000e-01 3.7653909861e-01
     vertex 2.1640973103e+00 -4.1000000000e-01 3.7585481501e-01
     vertex 2.1664273742e+00 -4.1000000000e-01 3.7595654779e-01
   endloop
 endfacet
 facet normal  2.3778546686e-14 -1.0000000000e+00 1.0381937693e-15
   outer loop
     vertex 2.1640674338e+00 -4.1000000000e-01 3.7653909861e-01
     vertex 2.1664273742e+00 -4.1000000000e-01 3.7595654779e-01
     vertex 2.1663755122e+00 -4.1000000000e-01 3.7714438191e-01
   endloop
 endfacet
 facet normal  -1.5914295441e-14 -1.0000000000e+00 -6.9483314467e-16
   outer loop
     vertex 2.1663755122e+00 -4.1000000000e-01 3.7714438191e-01
     vertex 2.1664273742e+00 -4.1000000000e-01 3.7595654779e-01
     vertex 2.1699088687e+00 -4.1000000000e-01 3.7610855313e-01
   endloop
 endfacet
 facet normal  -1.5914295441e-14 -1.0000000000e+00 -6.9483314467e-16
   outer loop
     vertex 2.1663755122e+00 -4.1000000000e-01 3.7714438191e-01
     vertex 2.1699088687e+00 -4.1000000000e-01 3.7610855313e-01
     vertex 2.1698388075e+00 -4.1000000000e-01 3.7771321975e-01
   endloop
 endfacet
 facet normal  0.0000000000e+00 -1.0000000000e+00 0.0000000000e+00
   outer loop
     vertex 2.1698388075e+00 -4.1000000000e-01 3.7771321975e-01
     vertex 2.1699088687e+00 -4.1000000000e-01 3.7610855313e-01
     vertex 2.1747541308e+00 -4.1000000000e-01 3.7632010184e-01
   endloop
 endfacet
 facet normal  0.0000000000e+00 -1.0000000000e+00 0.0000000000e+00
   outer loop
     vertex 2.1698388075e+00 -4.1000000000e-01 3.7771321975e-01
     vertex 2.1747541308e+00 -4.1000000000e-01 3.7632010184e-01
     vertex 2.1746690466e+00 -4.1000000000e-01 3.7826885017e-01
   endloop
 endfacet
 facet normal  0.0000000000e+00 -1.0000000000e+00 0.0000000000e+00
   outer loop
     vertex 2.1746690466e+00 -4.1000000000e-01 3.7826885017e-01
     vertex 2.1747541308e+00 -4.1000000000e-01 3.7632010184e-01
     vertex 2.1811625152e+00 -4.1000000000e-01 3.7659989794e-01
   endloop
 endfacet
 facet normal  0.0000000000e+00 -1.0000000000e+00 0.0000000000e+00
   outer loop
     vertex 2.1746690466e+00 -4.1000000000e-01 3.7826885017e-01
     vertex 2.1811625152e+00 -4.1000000000e-01 3.7659989794e-01
     vertex 2.1810667242e+00 -4.1000000000e-01 3.7879387135e-01
   endloop
 endfacet
 facet normal  6.9175417846e-15 -1.0000000000e+00 3.0202639692e-16
   outer loop
     vertex 2.1810667242e+00 -4.1000000000e-01 3.7879387135e-01
     vertex 2.1811625152e+00 -4.1000000000e-01 3.7659989794e-01
     vertex 2.1891719403e+00 -4.1000000000e-01 3.7694959700e-01
   endloop
 endfacet
 facet normal  6.9175417846e-15 -1.0000000000e+00 3.0202639693e-16
   outer loop
     vertex 2.1810667242e+00 -4.1000000000e-01 3.7879387135e-01
     vertex 2.1891719403e+00 -4.1000000000e-01 3.7694959700e-01
     vertex 2.1890714254e+00 -4.1000000000e-01 3.7925176498e-01
   endloop
 endfacet
 facet normal  -5.9167423880e-15 -1.0000000000e+00 -2.5833055161e-16
   outer loop
     vertex 2.1890714254e+00 -4.1000000000e-01 3.7925176498e-01
     vertex 2.1891719403e+00 -4.1000000000e-01 3.7694959700e-01
     vertex 2.1985361358e+00 -4.1000000000e-01 3.7735844661e-01
   endloop
 endfacet
 facet normal  -5.9167423880e-15 -1.0000000000e+00 -2.5833055161e-16
   outer loop
     vertex 2.1890714254e+00 -4.1000000000e-01 3.7925176498e-01
     vertex 2.1985361358e+00 -4.1000000000e-01 3.7735844661e-01
     vertex 2.1984379725e+00 -4.1000000000e-01 3.7960675653e-01
   endloop
 endfacet
 facet normal  0.0000000000e+00 -1.0000000000e+00 0.0000000000e+00
   outer loop
     vertex 2.1984379725e+00 -4.1000000000e-01 3.7960675653e-01
     vertex 2.1985361358e+00 -4.1000000000e-01 3.7735844661e-01
     vertex 2.2086829135e+00 -4.1000000000e-01 3.7780146449e-01
   endloop
 endfacet
 facet normal  0.0000000000e+00 -1.0000000000e+00 0.0000000000e+00
   outer loop
     vertex 2.1984379725e+00 -4.1000000000e-01 3.7960675653e-01
     vertex 2.2086829135e+00 -4.1000000000e-01 3.7780146449e-01
     vertex 2.2085938060e+00 -4.1000000000e-01 3.7984236295e-01
   endloop
 endfacet
 facet normal  0.0000000000e+00 -1.0000000000e+00 0.0000000000e+00
   outer loop
     vertex 2.2085938060e+00 -4.1000000000e-01 3.7984236295e-01
     vertex 2.2086829135e+00 -4.1000000000e-01 3.7780146449e-01
     vertex 2.2187432637e+00 -4.1000000000e-01 3.7996859483e-01
   endloop
 endfacet
 facet normal  -0.0000000000e+00 -1.0000000000e+00 0.0000000000e+00
   outer loop
     vertex 2.2086829135e+00 -4.1000000000e-01 3.7780146449e-01
     vertex 2.2188185613e+00 -4.1000000000e-01 3.7824399643e-01
     vertex 2.2187432637e+00 -4.1000000000e-01 3.7996859483e-01
   endloop
 endfacet
 facet normal  0.0000000000e+00 -1.0000000000e+00 0.0000000000e+00
   outer loop
     vertex 2.2187432637e+00 -4.1000000000e-01 3.7996859483e-01
     vertex 2.2188185613e+00 -4.1000000000e-01 3.7824399643e-01
     vertex 2.2280960467e+00 -4.1000000000e-01 3.8001271259e-01
   endloop
 endfacet
 facet normal  -0.0000000000e+00 -1.0000000000e+00 0.0000000000e+00
   outer loop
     vertex 2.2188185613e+00 -4.1000000000e-01 3.7824399643e-01
     vertex 2.2281554718e+00 -4.1000000000e-01 3.7865165474e-01
     vertex 2.2280960467e+00 -4.1000000000e-01 3.8001271259e-01
   endloop
 endfacet
 facet normal  0.0000000000e+00 -1.0000000000e+00 0.0000000000e+00
   outer loop
     vertex 2.2280960467e+00 -4.1000000000e-01 3.8001271259e-01
     vertex 2.2281554718e+00 -4.1000000000e-01 3.7865165474e-01
     vertex 2.2360928417e+00 -4.1000000000e-01 3.8000542470e-01
   endloop
 endfacet
 facet normal  -0.0000000000e+00 -1.0000000000e+00 0.0000000000e+00
   outer loop
     vertex 2.2281554718e+00 -4.1000000000e-01 3.7865165474e-01
     vertex 2.2361367340e+00 -4.1000000000e-01 3.7900012418e-01
     vertex 2.2360928417e+00 -4.1000000000e-01 3.8000542470e-01
   endloop
 endfacet
 facet normal  0.0000000000e+00 -1.0000000000e+00 0.0000000000e+00
   outer loop
     vertex 2.2360928417e+00 -4.1000000000e-01 3.8000542470e-01
     vertex 2.2361367340e+00 -4.1000000000e-01 3.7900012418e-01
     vertex 2.2425039682e+00 -4.1000000000e-01 3.7997237016e-01
   endloop
 endfacet
 facet normal  -0.0000000000e+00 -1.0000000000e+00 0.0000000000e+00
   outer loop
     vertex 2.2361367340e+00 -4.1000000000e-01 3.7900012418e-01
     vertex 2.2425342220e+00 -4.1000000000e-01 3.7927944453e-01
     vertex 2.2425039682e+00 -4.1000000000e-01 3.7997237016e-01
   endloop
 endfacet
 facet normal  -1.1380061182e-14 -1.0000000000e+00 -4.9686420156e-16
   outer loop
     vertex 2.2425039682e+00 -4.1000000000e-01 3.7997237016e-01
     vertex 2.2425342220e+00 -4.1000000000e-01 3.7927944453e-01
     vertex 2.2473836924e+00 -4.1000000000e-01 3.7993129567e-01
   endloop
 endfacet
 facet normal  -1.1380061182e-14 -1.0000000000e+00 -4.9686420155e-16
   outer loop
     vertex 2.2425342220e+00 -4.1000000000e-01 3.7927944453e-01
     vertex 2.2474028718e+00 -4.1000000000e-01 3.7949201438e-01
     vertex 2.2473836924e+00 -4.1000000000e-01 3.7993129567e-01
   endloop
 endfacet
 facet normal  0.0000000000e+00 -1.0000000000e+00 0.0000000000e+00
   outer loop
     vertex 2.2473836924e+00 -4.1000000000e-01 3.7993129567e-01
     vertex 2.2474028718e+00 -4.1000000000e-01 3.7949201438e-01
     vertex 2.2509529679e+00 -4.1000000000e-01 3.7989228205e-01
   endloop
 endfacet
 facet normal  -0.0000000000e+00 -1.0000000000e+00 0.0000000000e+00
   outer loop
     vertex 2.2474028718e+00 -4.1000000000e-01 3.7949201438e-01
     vertex 2.2509636561e+00 -4.1000000000e-01 3.7964748157e-01
     vertex 2.2509529679e+00 -4.1000000000e-01 3.7989228205e-01
   endloop
 endfacet
 facet normal  2.1905724733e-14 -1.0000000000e+00 9.5642459693e-16
   outer loop
     vertex 2.2509529679e+00 -4.1000000000e-01 3.7989228205e-01
     vertex 2.2509636561e+00 -4.1000000000e-01 3.7964748157e-01
     vertex 2.2534884807e+00 -4.1000000000e-01 3.7985977174e-01
   endloop
 endfacet
 facet normal  2.1905724733e-14 -1.0000000000e+00 9.5642459694e-16
   outer loop
     vertex 2.2509636561e+00 -4.1000000000e-01 3.7964748157e-01
     vertex 2.2534929280e+00 -4.1000000000e-01 3.7975791197e-01
     vertex 2.2534884807e+00 -4.1000000000e-01 3.7985977174e-01
   endloop
 endfacet
 facet normal  0.0000000000e+00 -1.0000000000e+00 0.0000000000e+00
   outer loop
     vertex 2.2534884807e+00 -4.1000000000e-01 3.7985977174e-01
     vertex 2.2534929280e+00 -4.1000000000e-01 3.7975791197e-01
     vertex 2.2552524808e+00 -4.1000000000e-01 3.7983473570e-01
   endloop
 endfacet
endsolid
