solid
 facet normal  0.0000000000e+00 0.0000000000e+00 -1.0000000000e+00
   outer loop
     vertex 2.2800000000e+00 0.0000000000e+00 2.6215879828e-02
     vertex 2.2738905874e+00 4.8763873958e-17 2.6215879828e-02
     vertex 2.2738905874e+00 3.5367132120e-04 2.6215879828e-02
   endloop
 endfacet
 facet normal  0.0000000000e+00 0.0000000000e+00 -1.0000000000e+00
   outer loop
     vertex 2.2738905874e+00 4.8763873958e-17 2.6215879828e-02
     vertex 2.2651086029e+00 6.3282083425e-17 2.6215879828e-02
     vertex 2.2738905874e+00 3.5367132120e-04 2.6215879828e-02
   endloop
 endfacet
 facet normal  0.0000000000e+00 0.0000000000e+00 -1.0000000000e+00
   outer loop
     vertex 2.2738905874e+00 3.5367132120e-04 2.6215879828e-02
     vertex 2.2651086029e+00 6.3282083425e-17 2.6215879828e-02
     vertex 2.2651086029e+00 8.4998138729e-04 2.6215879828e-02
   endloop
 endfacet
 facet normal  0.0000000000e+00 0.0000000000e+00 -1.0000000000e+00
   outer loop
     vertex 2.2651086029e+00 6.3282083425e-17 2.6215879828e-02
     vertex 2.2527450637e+00 2.3723037341e-17 2.6215879828e-02
     vertex 2.2651086029e+00 8.4998138729e-04 2.6215879828e-02
   endloop
 endfacet
 facet normal  0.0000000000e+00 0.0000000000e+00 -1.0000000000e+00
   outer loop
     vertex 2.2651086029e+00 8.4998138729e-04 2.6215879828e-02
     vertex 2.2527450637e+00 2.3723037341e-17 2.6215879828e-02
     vertex 2.2527450637e+00 1.5252458980e-03 2.6215879828e-02
   endloop
 endfacet
 facet normal  0.0000000000e+00 0.0000000000e+00 -1.0000000000e+00
   outer loop
     vertex 2.2527450637e+00 2.3723037341e-17 2.6215879828e-02
     vertex 2.2358404328e+00 -1.3251462499e-17 2.6215879828e-02
     vertex 2.2527450637e+00 1.5252458980e-03 2.6215879828e-02
   endloop
 endfacet
 facet normal  0.0000000000e+00 0.0000000000e+00 -1.0000000000e+00
   outer loop
     vertex 2.2527450637e+00 1.5252458980e-03 2.6215879828e-02
     vertex 2.2358404328e+00 -1.3251462499e-17 2.6215879828e-02
     vertex 2.2358404328e+00 2.4059343684e-03 2.6215879828e-02
   endloop
 endfacet
 facet normal  0.0000000000e+00 0.0000000000e+00 -1.0000000000e+00
   outer loop
     vertex 2.2358404328e+00 -1.3251462499e-17 2.6215879828e-02
     vertex 2.2136274627e+00 -9.1597797735e-18 2.6215879828e-02
     vertex 2.2358404328e+00 2.4059343684e-03 2.6215879828e-02
   endloop
 endfacet
 facet normal  0.0000000000e+00 0.0000000000e+00 -1.0000000000e+00
   outer loop
     vertex 2.2358404328e+00 2.4059343684e-03 2.6215879828e-02
     vertex 2.2136274627e+00 -9.1597797735e-18 2.6215879828e-02
     vertex 2.2136274627e+00 3.4905435471e-03 2.6215879828e-02
   endloop
 endfacet
 facet normal  0.0000000000e+00 0.0000000000e+00 -1.0000000000e+00
   outer loop
     vertex 2.2136274627e+00 -9.1597797735e-18 2.6215879828e-02
     vertex 2.1859154076e+00 -6.7810881983e-18 2.6215879828e-02
     vertex 2.2136274627e+00 3.4905435471e-03 2.6215879828e-02
   endloop
 endfacet
 facet normal  0.0000000000e+00 0.0000000000e+00 -1.0000000000e+00
   outer loop
     vertex 2.2136274627e+00 3.4905435471e-03 2.6215879828e-02
     vertex 2.1859154076e+00 -6.7810881983e-18 2.6215879828e-02
     vertex 2.1859154076e+00 4.7257825681e-03 2.6215879828e-02
   endloop
 endfacet
 facet normal  0.0000000000e+00 0.0000000000e+00 -1.0000000000e+00
   outer loop
     vertex 2.1859154076e+00 -6.7810881983e-18 2.6215879828e-02
     vertex 2.1534963530e+00 -7.4560359145e-18 2.6215879828e-02
     vertex 2.1859154076e+00 4.7257825681e-03 2.6215879828e-02
   endloop
 endfacet
 facet normal  0.0000000000e+00 0.0000000000e+00 -1.0000000000e+00
   outer loop
     vertex 2.1859154076e+00 4.7257825681e-03 2.6215879828e-02
     vertex 2.1534963530e+00 -7.4560359145e-18 2.6215879828e-02
     vertex 2.1534963530e+00 5.9880460556e-03 2.6215879828e-02
   endloop
 endfacet
 facet normal  0.0000000000e+00 0.0000000000e+00 -1.0000000000e+00
   outer loop
     vertex 2.1534963530e+00 -7.4560359145e-18 2.6215879828e-02
     vertex 2.1183039709e+00 -3.4694469520e-18 2.6215879828e-02
     vertex 2.1534963530e+00 5.9880460556e-03 2.6215879828e-02
   endloop
 endfacet
 facet normal  0.0000000000e+00 0.0000000000e+00 -1.0000000000e+00
   outer loop
     vertex 2.1534963530e+00 5.9880460556e-03 2.6215879828e-02
     vertex 2.1183039709e+00 -3.4694469520e-18 2.6215879828e-02
     vertex 2.1183039709e+00 7.0862839474e-03 2.6215879828e-02
   endloop
 endfacet
 facet normal  0.0000000000e+00 0.0000000000e+00 -1.0000000000e+00
   outer loop
     vertex 2.1183039709e+00 -3.4694469520e-18 2.6215879828e-02
     vertex 2.0830729445e+00 7.8064454573e-03 2.6215879828e-02
     vertex 2.1183039709e+00 7.0862839474e-03 2.6215879828e-02
   endloop
 endfacet
 facet normal  0.0000000000e+00 0.0000000000e+00 -1.0000000000e+00
   outer loop
     vertex 2.1183039709e+00 -3.4694469520e-18 2.6215879828e-02
     vertex 2.0830729445e+00 8.0631065742e-19 2.6215879828e-02
     vertex 2.0830729445e+00 7.8064454573e-03 2.6215879828e-02
   endloop
 endfacet
 facet normal  0.0000000000e+00 0.0000000000e+00 -1.0000000000e+00
   outer loop
     vertex 2.0830729445e+00 8.0631065742e-19 2.6215879828e-02
     vertex 2.0505591521e+00 7.9934481519e-03 2.6215879828e-02
     vertex 2.0830729445e+00 7.8064454573e-03 2.6215879828e-02
   endloop
 endfacet
 facet normal  0.0000000000e+00 0.0000000000e+00 -1.0000000000e+00
   outer loop
     vertex 2.0830729445e+00 8.0631065742e-19 2.6215879828e-02
     vertex 2.0505591521e+00 -8.9692058268e-19 2.6215879828e-02
     vertex 2.0505591521e+00 7.9934481519e-03 2.6215879828e-02
   endloop
 endfacet
 facet normal  0.0000000000e+00 0.0000000000e+00 -1.0000000000e+00
   outer loop
     vertex 2.0505591521e+00 -8.9692058268e-19 2.6215879828e-02
     vertex 2.0227493116e+00 7.6177815104e-03 2.6215879828e-02
     vertex 2.0505591521e+00 7.9934481519e-03 2.6215879828e-02
   endloop
 endfacet
 facet normal  0.0000000000e+00 0.0000000000e+00 -1.0000000000e+00
   outer loop
     vertex 2.0505591521e+00 -8.9692058268e-19 2.6215879828e-02
     vertex 2.0227493116e+00 7.4877204509e-19 2.6215879828e-02
     vertex 2.0227493116e+00 7.6177815104e-03 2.6215879828e-02
   endloop
 endfacet
 facet normal  0.0000000000e+00 0.0000000000e+00 -1.0000000000e+00
   outer loop
     vertex 2.0227493116e+00 7.4877204509e-19 2.6215879828e-02
     vertex 2.0004985077e+00 6.7663258555e-03 2.6215879828e-02
     vertex 2.0227493116e+00 7.6177815104e-03 2.6215879828e-02
   endloop
 endfacet
 facet normal  0.0000000000e+00 0.0000000000e+00 -1.0000000000e+00
   outer loop
     vertex 2.0227493116e+00 7.4877204509e-19 2.6215879828e-02
     vertex 2.0004985077e+00 -3.9230175014e-18 2.6215879828e-02
     vertex 2.0004985077e+00 6.7663258555e-03 2.6215879828e-02
   endloop
 endfacet
 facet normal  0.0000000000e+00 0.0000000000e+00 -1.0000000000e+00
   outer loop
     vertex 2.0004985077e+00 -3.9230175014e-18 2.6215879828e-02
     vertex 1.9836750824e+00 5.5716261938e-03 2.6215879828e-02
     vertex 2.0004985077e+00 6.7663258555e-03 2.6215879828e-02
   endloop
 endfacet
 facet normal  0.0000000000e+00 0.0000000000e+00 -1.0000000000e+00
   outer loop
     vertex 2.0004985077e+00 -3.9230175014e-18 2.6215879828e-02
     vertex 1.9836750824e+00 5.3922245786e-18 2.6215879828e-02
     vertex 1.9836750824e+00 5.5716261938e-03 2.6215879828e-02
   endloop
 endfacet
 facet normal  0.0000000000e+00 0.0000000000e+00 -1.0000000000e+00
   outer loop
     vertex 1.9836750824e+00 5.3922245786e-18 2.6215879828e-02
     vertex 1.9715868481e+00 4.1243256145e-03 2.6215879828e-02
     vertex 1.9836750824e+00 5.5716261938e-03 2.6215879828e-02
   endloop
 endfacet
 facet normal  0.0000000000e+00 0.0000000000e+00 -1.0000000000e+00
   outer loop
     vertex 1.9836750824e+00 5.3922245786e-18 2.6215879828e-02
     vertex 1.9715868481e+00 -2.4434398798e-19 2.6215879828e-02
     vertex 1.9715868481e+00 4.1243256145e-03 2.6215879828e-02
   endloop
 endfacet
 facet normal  0.0000000000e+00 0.0000000000e+00 -1.0000000000e+00
   outer loop
     vertex 1.9715868481e+00 -2.4434398798e-19 2.6215879828e-02
     vertex 1.9634965414e+00 2.3759280503e-03 2.6215879828e-02
     vertex 1.9715868481e+00 4.1243256145e-03 2.6215879828e-02
   endloop
 endfacet
 facet normal  0.0000000000e+00 0.0000000000e+00 -1.0000000000e+00
   outer loop
     vertex 1.9715868481e+00 -2.4434398798e-19 2.6215879828e-02
     vertex 1.9634965414e+00 2.3005881847e-17 2.6215879828e-02
     vertex 1.9634965414e+00 2.3759280503e-03 2.6215879828e-02
   endloop
 endfacet
 facet normal  0.0000000000e+00 0.0000000000e+00 -1.0000000000e+00
   outer loop
     vertex 1.9634965414e+00 2.3005881847e-17 2.6215879828e-02
     vertex 1.9600000000e+00 0.0000000000e+00 2.6215879828e-02
     vertex 1.9634965414e+00 2.3759280503e-03 2.6215879828e-02
   endloop
 endfacet
 facet normal  0.0000000000e+00 -0.0000000000e+00 -1.0000000000e+00
   outer loop
     vertex 1.9600000000e+00 0.0000000000e+00 2.6215879828e-02
     vertex 1.9634965414e+00 2.3005881847e-17 2.6215879828e-02
     vertex 1.9634965414e+00 -2.3759280503e-03 2.6215879828e-02
   endloop
 endfacet
 facet normal  -0.0000000000e+00 0.0000000000e+00 -1.0000000000e+00
   outer loop
     vertex 1.9634965414e+00 2.3005881847e-17 2.6215879828e-02
     vertex 1.9715868481e+00 -2.4434398798e-19 2.6215879828e-02
     vertex 1.9634965414e+00 -2.3759280503e-03 2.6215879828e-02
   endloop
 endfacet
 facet normal  0.0000000000e+00 -0.0000000000e+00 -1.0000000000e+00
   outer loop
     vertex 1.9634965414e+00 -2.3759280503e-03 2.6215879828e-02
     vertex 1.9715868481e+00 -2.4434398798e-19 2.6215879828e-02
     vertex 1.9715868481e+00 -4.1243256145e-03 2.6215879828e-02
   endloop
 endfacet
 facet normal  0.0000000000e+00 0.0000000000e+00 -1.0000000000e+00
   outer loop
     vertex 1.9715868481e+00 -2.4434398798e-19 2.6215879828e-02
     vertex 1.9836750824e+00 5.3922245786e-18 2.6215879828e-02
     vertex 1.9715868481e+00 -4.1243256145e-03 2.6215879828e-02
   endloop
 endfacet
 facet normal  0.0000000000e+00 -0.0000000000e+00 -1.0000000000e+00
   outer loop
     vertex 1.9715868481e+00 -4.1243256145e-03 2.6215879828e-02
     vertex 1.9836750824e+00 5.3922245786e-18 2.6215879828e-02
     vertex 1.9836750824e+00 -5.5716261938e-03 2.6215879828e-02
   endloop
 endfacet
 facet normal  -0.0000000000e+00 0.0000000000e+00 -1.0000000000e+00
   outer loop
     vertex 1.9836750824e+00 5.3922245786e-18 2.6215879828e-02
     vertex 2.0004985077e+00 -3.9230175014e-18 2.6215879828e-02
     vertex 1.9836750824e+00 -5.5716261938e-03 2.6215879828e-02
   endloop
 endfacet
 facet normal  0.0000000000e+00 -0.0000000000e+00 -1.0000000000e+00
   outer loop
     vertex 1.9836750824e+00 -5.5716261938e-03 2.6215879828e-02
     vertex 2.0004985077e+00 -3.9230175014e-18 2.6215879828e-02
     vertex 2.0004985077e+00 -6.7663258555e-03 2.6215879828e-02
   endloop
 endfacet
 facet normal  0.0000000000e+00 0.0000000000e+00 -1.0000000000e+00
   outer loop
     vertex 2.0004985077e+00 -3.9230175014e-18 2.6215879828e-02
     vertex 2.0227493116e+00 7.4877204509e-19 2.6215879828e-02
     vertex 2.0004985077e+00 -6.7663258555e-03 2.6215879828e-02
   endloop
 endfacet
 facet normal  0.0000000000e+00 -0.0000000000e+00 -1.0000000000e+00
   outer loop
     vertex 2.0004985077e+00 -6.7663258555e-03 2.6215879828e-02
     vertex 2.0227493116e+00 7.4877204509e-19 2.6215879828e-02
     vertex 2.0227493116e+00 -7.6177815104e-03 2.6215879828e-02
   endloop
 endfacet
 facet normal  -0.0000000000e+00 0.0000000000e+00 -1.0000000000e+00
   outer loop
     vertex 2.0227493116e+00 7.4877204509e-19 2.6215879828e-02
     vertex 2.0505591521e+00 -8.9692058268e-19 2.6215879828e-02
     vertex 2.0227493116e+00 -7.6177815104e-03 2.6215879828e-02
   endloop
 endfacet
 facet normal  0.0000000000e+00 -0.0000000000e+00 -1.0000000000e+00
   outer loop
     vertex 2.0227493116e+00 -7.6177815104e-03 2.6215879828e-02
     vertex 2.0505591521e+00 -8.9692058268e-19 2.6215879828e-02
     vertex 2.0505591521e+00 -7.9934481519e-03 2.6215879828e-02
   endloop
 endfacet
 facet normal  0.0000000000e+00 0.0000000000e+00 -1.0000000000e+00
   outer loop
     vertex 2.0505591521e+00 -8.9692058268e-19 2.6215879828e-02
     vertex 2.0830729445e+00 8.0631065742e-19 2.6215879828e-02
     vertex 2.0505591521e+00 -7.9934481519e-03 2.6215879828e-02
   endloop
 endfacet
 facet normal  0.0000000000e+00 0.0000000000e+00 -1.0000000000e+00
   outer loop
     vertex 2.0505591521e+00 -7.9934481519e-03 2.6215879828e-02
     vertex 2.0830729445e+00 8.0631065742e-19 2.6215879828e-02
     vertex 2.0830729445e+00 -7.8064454573e-03 2.6215879828e-02
   endloop
 endfacet
 facet normal  -0.0000000000e+00 0.0000000000e+00 -1.0000000000e+00
   outer loop
     vertex 2.0830729445e+00 8.0631065742e-19 2.6215879828e-02
     vertex 2.1183039709e+00 -3.4694469520e-18 2.6215879828e-02
     vertex 2.0830729445e+00 -7.8064454573e-03 2.6215879828e-02
   endloop
 endfacet
 facet normal  0.0000000000e+00 -0.0000000000e+00 -1.0000000000e+00
   outer loop
     vertex 2.0830729445e+00 -7.8064454573e-03 2.6215879828e-02
     vertex 2.1183039709e+00 -3.4694469520e-18 2.6215879828e-02
     vertex 2.1183039709e+00 -7.0862839474e-03 2.6215879828e-02
   endloop
 endfacet
 facet normal  -0.0000000000e+00 0.0000000000e+00 -1.0000000000e+00
   outer loop
     vertex 2.1183039709e+00 -3.4694469520e-18 2.6215879828e-02
     vertex 2.1534963530e+00 -5.9880460556e-03 2.6215879828e-02
     vertex 2.1183039709e+00 -7.0862839474e-03 2.6215879828e-02
   endloop
 endfacet
 facet normal  -0.0000000000e+00 -0.0000000000e+00 -1.0000000000e+00
   outer loop
     vertex 2.1183039709e+00 -3.4694469520e-18 2.6215879828e-02
     vertex 2.1534963530e+00 -7.4560359145e-18 2.6215879828e-02
     vertex 2.1534963530e+00 -5.9880460556e-03 2.6215879828e-02
   endloop
 endfacet
 facet normal  -0.0000000000e+00 0.0000000000e+00 -1.0000000000e+00
   outer loop
     vertex 2.1534963530e+00 -7.4560359145e-18 2.6215879828e-02
     vertex 2.1859154076e+00 -4.7257825681e-03 2.6215879828e-02
     vertex 2.1534963530e+00 -5.9880460556e-03 2.6215879828e-02
   endloop
 endfacet
 facet normal  0.0000000000e+00 -0.0000000000e+00 -1.0000000000e+00
   outer loop
     vertex 2.1534963530e+00 -7.4560359145e-18 2.6215879828e-02
     vertex 2.1859154076e+00 -6.7810881983e-18 2.6215879828e-02
     vertex 2.1859154076e+00 -4.7257825681e-03 2.6215879828e-02
   endloop
 endfacet
 facet normal  -0.0000000000e+00 0.0000000000e+00 -1.0000000000e+00
   outer loop
     vertex 2.1859154076e+00 -6.7810881983e-18 2.6215879828e-02
     vertex 2.2136274627e+00 -3.4905435471e-03 2.6215879828e-02
     vertex 2.1859154076e+00 -4.7257825681e-03 2.6215879828e-02
   endloop
 endfacet
 facet normal  -0.0000000000e+00 -0.0000000000e+00 -1.0000000000e+00
   outer loop
     vertex 2.1859154076e+00 -6.7810881983e-18 2.6215879828e-02
     vertex 2.2136274627e+00 -9.1597797735e-18 2.6215879828e-02
     vertex 2.2136274627e+00 -3.4905435471e-03 2.6215879828e-02
   endloop
 endfacet
 facet normal  -0.0000000000e+00 0.0000000000e+00 -1.0000000000e+00
   outer loop
     vertex 2.2136274627e+00 -9.1597797735e-18 2.6215879828e-02
     vertex 2.2358404328e+00 -2.4059343684e-03 2.6215879828e-02
     vertex 2.2136274627e+00 -3.4905435471e-03 2.6215879828e-02
   endloop
 endfacet
 facet normal  -0.0000000000e+00 -0.0000000000e+00 -1.0000000000e+00
   outer loop
     vertex 2.2136274627e+00 -9.1597797735e-18 2.6215879828e-02
     vertex 2.2358404328e+00 -1.3251462499e-17 2.6215879828e-02
     vertex 2.2358404328e+00 -2.4059343684e-03 2.6215879828e-02
   endloop
 endfacet
 facet normal  -0.0000000000e+00 0.0000000000e+00 -1.0000000000e+00
   outer loop
     vertex 2.2358404328e+00 -1.3251462499e-17 2.6215879828e-02
     vertex 2.2527450637e+00 -1.5252458980e-03 2.6215879828e-02
     vertex 2.2358404328e+00 -2.4059343684e-03 2.6215879828e-02
   endloop
 endfacet
 facet normal  0.0000000000e+00 -0.0000000000e+00 -1.0000000000e+00
   outer loop
     vertex 2.2358404328e+00 -1.3251462499e-17 2.6215879828e-02
     vertex 2.2527450637e+00 2.3723037341e-17 2.6215879828e-02
     vertex 2.2527450637e+00 -1.5252458980e-03 2.6215879828e-02
   endloop
 endfacet
 facet normal  -0.0000000000e+00 0.0000000000e+00 -1.0000000000e+00
   outer loop
     vertex 2.2527450637e+00 2.3723037341e-17 2.6215879828e-02
     vertex 2.2651086029e+00 -8.4998138729e-04 2.6215879828e-02
     vertex 2.2527450637e+00 -1.5252458980e-03 2.6215879828e-02
   endloop
 endfacet
 facet normal  0.0000000000e+00 -0.0000000000e+00 -1.0000000000e+00
   outer loop
     vertex 2.2527450637e+00 2.3723037341e-17 2.6215879828e-02
     vertex 2.2651086029e+00 6.3282083425e-17 2.6215879828e-02
     vertex 2.2651086029e+00 -8.4998138729e-04 2.6215879828e-02
   endloop
 endfacet
 facet normal  -0.0000000000e+00 0.0000000000e+00 -1.0000000000e+00
   outer loop
     vertex 2.2651086029e+00 6.3282083425e-17 2.6215879828e-02
     vertex 2.2738905874e+00 -3.5367132120e-04 2.6215879828e-02
     vertex 2.2651086029e+00 -8.4998138729e-04 2.6215879828e-02
   endloop
 endfacet
 facet normal  -0.0000000000e+00 -0.0000000000e+00 -1.0000000000e+00
   outer loop
     vertex 2.2651086029e+00 6.3282083425e-17 2.6215879828e-02
     vertex 2.2738905874e+00 4.8763873958e-17 2.6215879828e-02
     vertex 2.2738905874e+00 -3.5367132120e-04 2.6215879828e-02
   endloop
 endfacet
 facet normal  -0.0000000000e+00 0.0000000000e+00 -1.0000000000e+00
   outer loop
     vertex 2.2738905874e+00 4.8763873958e-17 2.6215879828e-02
     vertex 2.2800000000e+00 0.0000000000e+00 2.6215879828e-02
     vertex 2.2738905874e+00 -3.5367132120e-04 2.6215879828e-02
   endloop
 endfacet
 facet normal  0.0000000000e+00 0.0000000000e+00 -1.0000000000e+00
   outer loop
     vertex 2.2800000000e+00 0.0000000000e+00 2.6215879828e-02
     vertex 2.2738905874e+00 3.5367132120e-04 2.6215879828e-02
     vertex 2.2738905874e+00 7.0734264240e-04 2.6215879828e-02
   endloop
 endfacet
 facet normal  0.0000000000e+00 0.0000000000e+00 -1.0000000000e+00
   outer loop
     vertex 2.2738905874e+00 3.5367132120e-04 2.6215879828e-02
     vertex 2.2651086029e+00 8.4998138729e-04 2.6215879828e-02
     vertex 2.2738905874e+00 7.0734264240e-04 2.6215879828e-02
   endloop
 endfacet
 facet normal  0.0000000000e+00 0.0000000000e+00 -1.0000000000e+00
   outer loop
     vertex 2.2738905874e+00 7.0734264240e-04 2.6215879828e-02
     vertex 2.2651086029e+00 8.4998138729e-04 2.6215879828e-02
     vertex 2.2651086029e+00 1.6999627746e-03 2.6215879828e-02
   endloop
 endfacet
 facet normal  0.0000000000e+00 0.0000000000e+00 -1.0000000000e+00
   outer loop
     vertex 2.2651086029e+00 8.4998138729e-04 2.6215879828e-02
     vertex 2.2527450637e+00 1.5252458980e-03 2.6215879828e-02
     vertex 2.2651086029e+00 1.6999627746e-03 2.6215879828e-02
   endloop
 endfacet
 facet normal  0.0000000000e+00 0.0000000000e+00 -1.0000000000e+00
   outer loop
     vertex 2.2651086029e+00 1.6999627746e-03 2.6215879828e-02
     vertex 2.2527450637e+00 1.5252458980e-03 2.6215879828e-02
     vertex 2.2527450637e+00 3.0504917959e-03 2.6215879828e-02
   endloop
 endfacet
 facet normal  0.0000000000e+00 0.0000000000e+00 -1.0000000000e+00
   outer loop
     vertex 2.2527450637e+00 1.5252458980e-03 2.6215879828e-02
     vertex 2.2358404328e+00 2.4059343684e-03 2.6215879828e-02
     vertex 2.2527450637e+00 3.0504917959e-03 2.6215879828e-02
   endloop
 endfacet
 facet normal  0.0000000000e+00 0.0000000000e+00 -1.0000000000e+00
   outer loop
     vertex 2.2527450637e+00 3.0504917959e-03 2.6215879828e-02
     vertex 2.2358404328e+00 2.4059343684e-03 2.6215879828e-02
     vertex 2.2358404328e+00 4.8118687369e-03 2.6215879828e-02
   endloop
 endfacet
 facet normal  0.0000000000e+00 0.0000000000e+00 -1.0000000000e+00
   outer loop
     vertex 2.2358404328e+00 2.4059343684e-03 2.6215879828e-02
     vertex 2.2136274627e+00 3.4905435471e-03 2.6215879828e-02
     vertex 2.2358404328e+00 4.8118687369e-03 2.6215879828e-02
   endloop
 endfacet
 facet normal  0.0000000000e+00 0.0000000000e+00 -1.0000000000e+00
   outer loop
     vertex 2.2358404328e+00 4.8118687369e-03 2.6215879828e-02
     vertex 2.2136274627e+00 3.4905435471e-03 2.6215879828e-02
     vertex 2.2136274627e+00 6.9810870942e-03 2.6215879828e-02
   endloop
 endfacet
 facet normal  0.0000000000e+00 0.0000000000e+00 -1.0000000000e+00
   outer loop
     vertex 2.2136274627e+00 3.4905435471e-03 2.6215879828e-02
     vertex 2.1859154076e+00 4.7257825681e-03 2.6215879828e-02
     vertex 2.2136274627e+00 6.9810870942e-03 2.6215879828e-02
   endloop
 endfacet
 facet normal  0.0000000000e+00 0.0000000000e+00 -1.0000000000e+00
   outer loop
     vertex 2.2136274627e+00 6.9810870942e-03 2.6215879828e-02
     vertex 2.1859154076e+00 4.7257825681e-03 2.6215879828e-02
     vertex 2.1859154076e+00 9.4515651362e-03 2.6215879828e-02
   endloop
 endfacet
 facet normal  0.0000000000e+00 0.0000000000e+00 -1.0000000000e+00
   outer loop
     vertex 2.1859154076e+00 4.7257825681e-03 2.6215879828e-02
     vertex 2.1534963530e+00 5.9880460556e-03 2.6215879828e-02
     vertex 2.1859154076e+00 9.4515651362e-03 2.6215879828e-02
   endloop
 endfacet
 facet normal  0.0000000000e+00 0.0000000000e+00 -1.0000000000e+00
   outer loop
     vertex 2.1859154076e+00 9.4515651362e-03 2.6215879828e-02
     vertex 2.1534963530e+00 5.9880460556e-03 2.6215879828e-02
     vertex 2.1534963530e+00 1.1976092111e-02 2.6215879828e-02
   endloop
 endfacet
 facet normal  0.0000000000e+00 0.0000000000e+00 -1.0000000000e+00
   outer loop
     vertex 2.1534963530e+00 5.9880460556e-03 2.6215879828e-02
     vertex 2.1183039709e+00 7.0862839474e-03 2.6215879828e-02
     vertex 2.1534963530e+00 1.1976092111e-02 2.6215879828e-02
   endloop
 endfacet
 facet normal  0.0000000000e+00 0.0000000000e+00 -1.0000000000e+00
   outer loop
     vertex 2.1534963530e+00 1.1976092111e-02 2.6215879828e-02
     vertex 2.1183039709e+00 7.0862839474e-03 2.6215879828e-02
     vertex 2.1183039709e+00 1.4172567895e-02 2.6215879828e-02
   endloop
 endfacet
 facet normal  0.0000000000e+00 0.0000000000e+00 -1.0000000000e+00
   outer loop
     vertex 2.1183039709e+00 7.0862839474e-03 2.6215879828e-02
     vertex 2.0830729445e+00 1.5612890915e-02 2.6215879828e-02
     vertex 2.1183039709e+00 1.4172567895e-02 2.6215879828e-02
   endloop
 endfacet
 facet normal  0.0000000000e+00 0.0000000000e+00 -1.0000000000e+00
   outer loop
     vertex 2.1183039709e+00 7.0862839474e-03 2.6215879828e-02
     vertex 2.0830729445e+00 7.8064454573e-03 2.6215879828e-02
     vertex 2.0830729445e+00 1.5612890915e-02 2.6215879828e-02
   endloop
 endfacet
 facet normal  0.0000000000e+00 0.0000000000e+00 -1.0000000000e+00
   outer loop
     vertex 2.0830729445e+00 7.8064454573e-03 2.6215879828e-02
     vertex 2.0505591521e+00 1.5986896304e-02 2.6215879828e-02
     vertex 2.0830729445e+00 1.5612890915e-02 2.6215879828e-02
   endloop
 endfacet
 facet normal  0.0000000000e+00 0.0000000000e+00 -1.0000000000e+00
   outer loop
     vertex 2.0830729445e+00 7.8064454573e-03 2.6215879828e-02
     vertex 2.0505591521e+00 7.9934481519e-03 2.6215879828e-02
     vertex 2.0505591521e+00 1.5986896304e-02 2.6215879828e-02
   endloop
 endfacet
 facet normal  0.0000000000e+00 0.0000000000e+00 -1.0000000000e+00
   outer loop
     vertex 2.0505591521e+00 7.9934481519e-03 2.6215879828e-02
     vertex 2.0227493116e+00 1.5235563021e-02 2.6215879828e-02
     vertex 2.0505591521e+00 1.5986896304e-02 2.6215879828e-02
   endloop
 endfacet
 facet normal  0.0000000000e+00 0.0000000000e+00 -1.0000000000e+00
   outer loop
     vertex 2.0505591521e+00 7.9934481519e-03 2.6215879828e-02
     vertex 2.0227493116e+00 7.6177815104e-03 2.6215879828e-02
     vertex 2.0227493116e+00 1.5235563021e-02 2.6215879828e-02
   endloop
 endfacet
 facet normal  0.0000000000e+00 0.0000000000e+00 -1.0000000000e+00
   outer loop
     vertex 2.0227493116e+00 7.6177815104e-03 2.6215879828e-02
     vertex 2.0004985077e+00 1.3532651711e-02 2.6215879828e-02
     vertex 2.0227493116e+00 1.5235563021e-02 2.6215879828e-02
   endloop
 endfacet
 facet normal  0.0000000000e+00 0.0000000000e+00 -1.0000000000e+00
   outer loop
     vertex 2.0227493116e+00 7.6177815104e-03 2.6215879828e-02
     vertex 2.0004985077e+00 6.7663258555e-03 2.6215879828e-02
     vertex 2.0004985077e+00 1.3532651711e-02 2.6215879828e-02
   endloop
 endfacet
 facet normal  0.0000000000e+00 0.0000000000e+00 -1.0000000000e+00
   outer loop
     vertex 2.0004985077e+00 6.7663258555e-03 2.6215879828e-02
     vertex 1.9836750824e+00 1.1143252388e-02 2.6215879828e-02
     vertex 2.0004985077e+00 1.3532651711e-02 2.6215879828e-02
   endloop
 endfacet
 facet normal  0.0000000000e+00 0.0000000000e+00 -1.0000000000e+00
   outer loop
     vertex 2.0004985077e+00 6.7663258555e-03 2.6215879828e-02
     vertex 1.9836750824e+00 5.5716261938e-03 2.6215879828e-02
     vertex 1.9836750824e+00 1.1143252388e-02 2.6215879828e-02
   endloop
 endfacet
 facet normal  0.0000000000e+00 0.0000000000e+00 -1.0000000000e+00
   outer loop
     vertex 1.9836750824e+00 5.5716261938e-03 2.6215879828e-02
     vertex 1.9715868481e+00 8.2486512290e-03 2.6215879828e-02
     vertex 1.9836750824e+00 1.1143252388e-02 2.6215879828e-02
   endloop
 endfacet
 facet normal  0.0000000000e+00 0.0000000000e+00 -1.0000000000e+00
   outer loop
     vertex 1.9836750824e+00 5.5716261938e-03 2.6215879828e-02
     vertex 1.9715868481e+00 4.1243256145e-03 2.6215879828e-02
     vertex 1.9715868481e+00 8.2486512290e-03 2.6215879828e-02
   endloop
 endfacet
 facet normal  0.0000000000e+00 0.0000000000e+00 -1.0000000000e+00
   outer loop
     vertex 1.9715868481e+00 4.1243256145e-03 2.6215879828e-02
     vertex 1.9634965414e+00 4.7518561005e-03 2.6215879828e-02
     vertex 1.9715868481e+00 8.2486512290e-03 2.6215879828e-02
   endloop
 endfacet
 facet normal  0.0000000000e+00 0.0000000000e+00 -1.0000000000e+00
   outer loop
     vertex 1.9715868481e+00 4.1243256145e-03 2.6215879828e-02
     vertex 1.9634965414e+00 2.3759280503e-03 2.6215879828e-02
     vertex 1.9634965414e+00 4.7518561005e-03 2.6215879828e-02
   endloop
 endfacet
 facet normal  0.0000000000e+00 0.0000000000e+00 -1.0000000000e+00
   outer loop
     vertex 1.9634965414e+00 2.3759280503e-03 2.6215879828e-02
     vertex 1.9600000000e+00 0.0000000000e+00 2.6215879828e-02
     vertex 1.9634965414e+00 4.7518561005e-03 2.6215879828e-02
   endloop
 endfacet
 facet normal  -0.0000000000e+00 -0.0000000000e+00 -1.0000000000e+00
   outer loop
     vertex 1.9600000000e+00 0.0000000000e+00 2.6215879828e-02
     vertex 1.9634965414e+00 -2.3759280503e-03 2.6215879828e-02
     vertex 1.9634965414e+00 -4.7518561005e-03 2.6215879828e-02
   endloop
 endfacet
 facet normal  -0.0000000000e+00 0.0000000000e+00 -1.0000000000e+00
   outer loop
     vertex 1.9634965414e+00 -2.3759280503e-03 2.6215879828e-02
     vertex 1.9715868481e+00 -4.1243256145e-03 2.6215879828e-02
     vertex 1.9634965414e+00 -4.7518561005e-03 2.6215879828e-02
   endloop
 endfacet
 facet normal  0.0000000000e+00 -0.0000000000e+00 -1.0000000000e+00
   outer loop
     vertex 1.9634965414e+00 -4.7518561005e-03 2.6215879828e-02
     vertex 1.9715868481e+00 -4.1243256145e-03 2.6215879828e-02
     vertex 1.9715868481e+00 -8.2486512290e-03 2.6215879828e-02
   endloop
 endfacet
 facet normal  -0.0000000000e+00 0.0000000000e+00 -1.0000000000e+00
   outer loop
     vertex 1.9715868481e+00 -4.1243256145e-03 2.6215879828e-02
     vertex 1.9836750824e+00 -5.5716261938e-03 2.6215879828e-02
     vertex 1.9715868481e+00 -8.2486512290e-03 2.6215879828e-02
   endloop
 endfacet
 facet normal  0.0000000000e+00 -0.0000000000e+00 -1.0000000000e+00
   outer loop
     vertex 1.9715868481e+00 -8.2486512290e-03 2.6215879828e-02
     vertex 1.9836750824e+00 -5.5716261938e-03 2.6215879828e-02
     vertex 1.9836750824e+00 -1.1143252388e-02 2.6215879828e-02
   endloop
 endfacet
 facet normal  -0.0000000000e+00 0.0000000000e+00 -1.0000000000e+00
   outer loop
     vertex 1.9836750824e+00 -5.5716261938e-03 2.6215879828e-02
     vertex 2.0004985077e+00 -6.7663258555e-03 2.6215879828e-02
     vertex 1.9836750824e+00 -1.1143252388e-02 2.6215879828e-02
   endloop
 endfacet
 facet normal  0.0000000000e+00 -0.0000000000e+00 -1.0000000000e+00
   outer loop
     vertex 1.9836750824e+00 -1.1143252388e-02 2.6215879828e-02
     vertex 2.0004985077e+00 -6.7663258555e-03 2.6215879828e-02
     vertex 2.0004985077e+00 -1.3532651711e-02 2.6215879828e-02
   endloop
 endfacet
 facet normal  -0.0000000000e+00 0.0000000000e+00 -1.0000000000e+00
   outer loop
     vertex 2.0004985077e+00 -6.7663258555e-03 2.6215879828e-02
     vertex 2.0227493116e+00 -7.6177815104e-03 2.6215879828e-02
     vertex 2.0004985077e+00 -1.3532651711e-02 2.6215879828e-02
   endloop
 endfacet
 facet normal  0.0000000000e+00 -0.0000000000e+00 -1.0000000000e+00
   outer loop
     vertex 2.0004985077e+00 -1.3532651711e-02 2.6215879828e-02
     vertex 2.0227493116e+00 -7.6177815104e-03 2.6215879828e-02
     vertex 2.0227493116e+00 -1.5235563021e-02 2.6215879828e-02
   endloop
 endfacet
 facet normal  -0.0000000000e+00 0.0000000000e+00 -1.0000000000e+00
   outer loop
     vertex 2.0227493116e+00 -7.6177815104e-03 2.6215879828e-02
     vertex 2.0505591521e+00 -7.9934481519e-03 2.6215879828e-02
     vertex 2.0227493116e+00 -1.5235563021e-02 2.6215879828e-02
   endloop
 endfacet
 facet normal  0.0000000000e+00 -0.0000000000e+00 -1.0000000000e+00
   outer loop
     vertex 2.0227493116e+00 -1.5235563021e-02 2.6215879828e-02
     vertex 2.0505591521e+00 -7.9934481519e-03 2.6215879828e-02
     vertex 2.0505591521e+00 -1.5986896304e-02 2.6215879828e-02
   endloop
 endfacet
 facet normal  0.0000000000e+00 0.0000000000e+00 -1.0000000000e+00
   outer loop
     vertex 2.0505591521e+00 -7.9934481519e-03 2.6215879828e-02
     vertex 2.0830729445e+00 -7.8064454573e-03 2.6215879828e-02
     vertex 2.0505591521e+00 -1.5986896304e-02 2.6215879828e-02
   endloop
 endfacet
 facet normal  0.0000000000e+00 -0.0000000000e+00 -1.0000000000e+00
   outer loop
     vertex 2.0505591521e+00 -1.5986896304e-02 2.6215879828e-02
     vertex 2.0830729445e+00 -7.8064454573e-03 2.6215879828e-02
     vertex 2.0830729445e+00 -1.5612890915e-02 2.6215879828e-02
   endloop
 endfacet
 facet normal  0.0000000000e+00 0.0000000000e+00 -1.0000000000e+00
   outer loop
     vertex 2.0830729445e+00 -7.8064454573e-03 2.6215879828e-02
     vertex 2.1183039709e+00 -7.0862839474e-03 2.6215879828e-02
     vertex 2.0830729445e+00 -1.5612890915e-02 2.6215879828e-02
   endloop
 endfacet
 facet normal  0.0000000000e+00 -0.0000000000e+00 -1.0000000000e+00
   outer loop
     vertex 2.0830729445e+00 -1.5612890915e-02 2.6215879828e-02
     vertex 2.1183039709e+00 -7.0862839474e-03 2.6215879828e-02
     vertex 2.1183039709e+00 -1.4172567895e-02 2.6215879828e-02
   endloop
 endfacet
 facet normal  -0.0000000000e+00 0.0000000000e+00 -1.0000000000e+00
   outer loop
     vertex 2.1183039709e+00 -7.0862839474e-03 2.6215879828e-02
     vertex 2.1534963530e+00 -1.1976092111e-02 2.6215879828e-02
     vertex 2.1183039709e+00 -1.4172567895e-02 2.6215879828e-02
   endloop
 endfacet
 facet normal  0.0000000000e+00 -0.0000000000e+00 -1.0000000000e+00
   outer loop
     vertex 2.1183039709e+00 -7.0862839474e-03 2.6215879828e-02
     vertex 2.1534963530e+00 -5.9880460556e-03 2.6215879828e-02
     vertex 2.1534963530e+00 -1.1976092111e-02 2.6215879828e-02
   endloop
 endfacet
 facet normal  -0.0000000000e+00 0.0000000000e+00 -1.0000000000e+00
   outer loop
     vertex 2.1534963530e+00 -5.9880460556e-03 2.6215879828e-02
     vertex 2.1859154076e+00 -9.4515651362e-03 2.6215879828e-02
     vertex 2.1534963530e+00 -1.1976092111e-02 2.6215879828e-02
   endloop
 endfacet
 facet normal  0.0000000000e+00 -0.0000000000e+00 -1.0000000000e+00
   outer loop
     vertex 2.1534963530e+00 -5.9880460556e-03 2.6215879828e-02
     vertex 2.1859154076e+00 -4.7257825681e-03 2.6215879828e-02
     vertex 2.1859154076e+00 -9.4515651362e-03 2.6215879828e-02
   endloop
 endfacet
 facet normal  -0.0000000000e+00 0.0000000000e+00 -1.0000000000e+00
   outer loop
     vertex 2.1859154076e+00 -4.7257825681e-03 2.6215879828e-02
     vertex 2.2136274627e+00 -6.9810870942e-03 2.6215879828e-02
     vertex 2.1859154076e+00 -9.4515651362e-03 2.6215879828e-02
   endloop
 endfacet
 facet normal  0.0000000000e+00 -0.0000000000e+00 -1.0000000000e+00
   outer loop
     vertex 2.1859154076e+00 -4.7257825681e-03 2.6215879828e-02
     vertex 2.2136274627e+00 -3.4905435471e-03 2.6215879828e-02
     vertex 2.2136274627e+00 -6.9810870942e-03 2.6215879828e-02
   endloop
 endfacet
 facet normal  -0.0000000000e+00 0.0000000000e+00 -1.0000000000e+00
   outer loop
     vertex 2.2136274627e+00 -3.4905435471e-03 2.6215879828e-02
     vertex 2.2358404328e+00 -4.8118687369e-03 2.6215879828e-02
     vertex 2.2136274627e+00 -6.9810870942e-03 2.6215879828e-02
   endloop
 endfacet
 facet normal  0.0000000000e+00 -0.0000000000e+00 -1.0000000000e+00
   outer loop
     vertex 2.2136274627e+00 -3.4905435471e-03 2.6215879828e-02
     vertex 2.2358404328e+00 -2.4059343684e-03 2.6215879828e-02
     vertex 2.2358404328e+00 -4.8118687369e-03 2.6215879828e-02
   endloop
 endfacet
 facet normal  -0.0000000000e+00 0.0000000000e+00 -1.0000000000e+00
   outer loop
     vertex 2.2358404328e+00 -2.4059343684e-03 2.6215879828e-02
     vertex 2.2527450637e+00 -3.0504917959e-03 2.6215879828e-02
     vertex 2.2358404328e+00 -4.8118687369e-03 2.6215879828e-02
   endloop
 endfacet
 facet normal  0.0000000000e+00 -0.0000000000e+00 -1.0000000000e+00
   outer loop
     vertex 2.2358404328e+00 -2.4059343684e-03 2.6215879828e-02
     vertex 2.2527450637e+00 -1.5252458980e-03 2.6215879828e-02
     vertex 2.2527450637e+00 -3.0504917959e-03 2.6215879828e-02
   endloop
 endfacet
 facet normal  -0.0000000000e+00 0.0000000000e+00 -1.0000000000e+00
   outer loop
     vertex 2.2527450637e+00 -1.5252458980e-03 2.6215879828e-02
     vertex 2.2651086029e+00 -1.6999627746e-03 2.6215879828e-02
     vertex 2.2527450637e+00 -3.0504917959e-03 2.6215879828e-02
   endloop
 endfacet
 facet normal  0.0000000000e+00 -0.0000000000e+00 -1.0000000000e+00
   outer loop
     vertex 2.2527450637e+00 -1.5252458980e-03 2.6215879828e-02
     vertex 2.2651086029e+00 -8.4998138729e-04 2.6215879828e-02
     vertex 2.2651086029e+00 -1.6999627746e-03 2.6215879828e-02
   endloop
 endfacet
 facet normal  0.0000000000e+00 0.0000000000e+00 -1.0000000000e+00
   outer loop
     vertex 2.2651086029e+00 -8.4998138729e-04 2.6215879828e-02
     vertex 2.2738905874e+00 -7.0734264240e-04 2.6215879828e-02
     vertex 2.2651086029e+00 -1.6999627746e-03 2.6215879828e-02
   endloop
 endfacet
 facet normal  0.0000000000e+00 -0.0000000000e+00 -1.0000000000e+00
   outer loop
     vertex 2.2651086029e+00 -8.4998138729e-04 2.6215879828e-02
     vertex 2.2738905874e+00 -3.5367132120e-04 2.6215879828e-02
     vertex 2.2738905874e+00 -7.0734264240e-04 2.6215879828e-02
   endloop
 endfacet
 facet normal  0.0000000000e+00 0.0000000000e+00 -1.0000000000e+00
   outer loop
     vertex 2.2738905874e+00 -3.5367132120e-04 2.6215879828e-02
     vertex 2.2800000000e+00 0.0000000000e+00 2.6215879828e-02
     vertex 2.2738905874e+00 -7.0734264240e-04 2.6215879828e-02
   endloop
 endfacet
 facet normal  1.1500812010e-01 9.9334045310e-01 -6.9192875324e-03
   outer loop
     vertex 2.2800000000e+00 0.0000000000e+00 2.6215879828e-02
     vertex 2.2738905874e+00 7.0734264240e-04 2.6215879828e-02
     vertex 2.2840911159e+00 4.1637991171e-18 9.4215879828e-02
   endloop
 endfacet
 facet normal  1.1500812010e-01 9.9334045310e-01 -6.9192875324e-03
   outer loop
     vertex 2.2840911159e+00 4.1637991171e-18 9.4215879828e-02
     vertex 2.2738905874e+00 7.0734264240e-04 2.6215879828e-02
     vertex 2.2787148328e+00 6.2246152532e-04 9.4215879828e-02
   endloop
 endfacet
 facet normal  1.1231143502e-01 9.9365028112e-01 -6.7275850432e-03
   outer loop
     vertex 2.2738905874e+00 7.0734264240e-04 2.6215879828e-02
     vertex 2.2651086029e+00 1.6999627746e-03 2.6215879828e-02
     vertex 2.2787148328e+00 6.2246152532e-04 9.4215879828e-02
   endloop
 endfacet
 facet normal  1.1231143502e-01 9.9365028112e-01 -6.7275850432e-03
   outer loop
     vertex 2.2787148328e+00 6.2246152532e-04 9.4215879828e-02
     vertex 2.2651086029e+00 1.6999627746e-03 2.6215879828e-02
     vertex 2.2709866865e+00 1.4959672416e-03 9.4215879828e-02
   endloop
 endfacet
 facet normal  1.0858666209e-01 9.9406635644e-01 -6.4043585121e-03
   outer loop
     vertex 2.2651086029e+00 1.6999627746e-03 2.6215879828e-02
     vertex 2.2527450637e+00 3.0504917959e-03 2.6215879828e-02
     vertex 2.2709866865e+00 1.4959672416e-03 9.4215879828e-02
   endloop
 endfacet
 facet normal  1.0858666209e-01 9.9406635644e-01 -6.4043585121e-03
   outer loop
     vertex 2.2709866865e+00 1.4959672416e-03 9.4215879828e-02
     vertex 2.2527450637e+00 3.0504917959e-03 2.6215879828e-02
     vertex 2.2601067719e+00 2.6844327804e-03 9.4215879828e-02
   endloop
 endfacet
 facet normal  1.0363211761e-01 9.9459840370e-01 -5.8651133383e-03
   outer loop
     vertex 2.2527450637e+00 3.0504917959e-03 2.6215879828e-02
     vertex 2.2358404328e+00 4.8118687369e-03 2.6215879828e-02
     vertex 2.2601067719e+00 2.6844327804e-03 9.4215879828e-02
   endloop
 endfacet
 facet normal  1.0363211761e-01 9.9459840370e-01 -5.8651133383e-03
   outer loop
     vertex 2.2601067719e+00 2.6844327804e-03 9.4215879828e-02
     vertex 2.2358404328e+00 4.8118687369e-03 2.6215879828e-02
     vertex 2.2452306968e+00 4.2344444884e-03 9.4215879828e-02
   endloop
 endfacet
 facet normal  9.7191937875e-02 9.9525324625e-01 -4.9702146634e-03
   outer loop
     vertex 2.2358404328e+00 4.8118687369e-03 2.6215879828e-02
     vertex 2.2136274627e+00 6.9810870942e-03 2.6215879828e-02
     vertex 2.2452306968e+00 4.2344444884e-03 9.4215879828e-02
   endloop
 endfacet
 facet normal  9.7191937875e-02 9.9525324625e-01 -4.9702146634e-03
   outer loop
     vertex 2.2452306968e+00 4.2344444884e-03 9.4215879828e-02
     vertex 2.2136274627e+00 6.9810870942e-03 2.6215879828e-02
     vertex 2.2256832831e+00 6.1433566429e-03 9.4215879828e-02
   endloop
 endfacet
 facet normal  8.8795450639e-02 9.9604383147e-01 -3.4718493769e-03
   outer loop
     vertex 2.2136274627e+00 6.9810870942e-03 2.6215879828e-02
     vertex 2.1859154076e+00 9.4515651362e-03 2.6215879828e-02
     vertex 2.2256832831e+00 6.1433566429e-03 9.4215879828e-02
   endloop
 endfacet
 facet normal  8.8795450639e-02 9.9604383147e-01 -3.4718493769e-03
   outer loop
     vertex 2.2256832831e+00 6.1433566429e-03 9.4215879828e-02
     vertex 2.1859154076e+00 9.4515651362e-03 2.6215879828e-02
     vertex 2.2012966747e+00 8.3173773199e-03 9.4215879828e-02
   endloop
 endfacet
 facet normal  7.7636630114e-02 9.9698128607e-01 -9.3214279390e-04
   outer loop
     vertex 2.1859154076e+00 9.4515651362e-03 2.6215879828e-02
     vertex 2.1534963530e+00 1.1976092111e-02 2.6215879828e-02
     vertex 2.2012966747e+00 8.3173773199e-03 9.4215879828e-02
   endloop
 endfacet
 facet normal  7.7636630114e-02 9.9698128607e-01 -9.3214279390e-04
   outer loop
     vertex 2.2012966747e+00 8.3173773199e-03 9.4215879828e-02
     vertex 2.1534963530e+00 1.1976092111e-02 2.6215879828e-02
     vertex 2.1727679066e+00 1.0538961058e-02 9.4215879828e-02
   endloop
 endfacet
 facet normal  6.2291809622e-02 9.9805205362e-01 3.4392890201e-03
   outer loop
     vertex 2.1534963530e+00 1.1976092111e-02 2.6215879828e-02
     vertex 2.1183039709e+00 1.4172567895e-02 2.6215879828e-02
     vertex 2.1727679066e+00 1.0538961058e-02 9.4215879828e-02
   endloop
 endfacet
 facet normal  6.2291809622e-02 9.9805205362e-01 3.4392890201e-03
   outer loop
     vertex 2.1727679066e+00 1.0538961058e-02 9.4215879828e-02
     vertex 2.1183039709e+00 1.4172567895e-02 2.6215879828e-02
     vertex 2.1417986104e+00 1.2471859747e-02 9.4215879828e-02
   endloop
 endfacet
 facet normal  4.0845695234e-02 9.9910627708e-01 1.0875489768e-02
   outer loop
     vertex 2.1183039709e+00 1.4172567895e-02 2.6215879828e-02
     vertex 2.1107953071e+00 1.3739344005e-02 9.4215879828e-02
     vertex 2.1417986104e+00 1.2471859747e-02 9.4215879828e-02
   endloop
 endfacet
 facet normal  4.0845695234e-02 9.9910627708e-01 1.0875489768e-02
   outer loop
     vertex 2.1183039709e+00 1.4172567895e-02 2.6215879828e-02
     vertex 2.0830729445e+00 1.5612890915e-02 2.6215879828e-02
     vertex 2.1107953071e+00 1.3739344005e-02 9.4215879828e-02
   endloop
 endfacet
 facet normal  1.1499211017e-02 9.9967265219e-01 2.2855122219e-02
   outer loop
     vertex 2.0830729445e+00 1.5612890915e-02 2.6215879828e-02
     vertex 2.0821831698e+00 1.4068468747e-02 9.4215879828e-02
     vertex 2.1107953071e+00 1.3739344005e-02 9.4215879828e-02
   endloop
 endfacet
 facet normal  1.1499211017e-02 9.9967265219e-01 2.2855122219e-02
   outer loop
     vertex 2.0830729445e+00 1.5612890915e-02 2.6215879828e-02
     vertex 2.0505591521e+00 1.5986896304e-02 2.6215879828e-02
     vertex 2.0821831698e+00 1.4068468747e-02 9.4215879828e-02
   endloop
 endfacet
 facet normal  -2.6984550999e-02 9.9880582346e-01 4.0727890193e-02
   outer loop
     vertex 2.0505591521e+00 1.5986896304e-02 2.6215879828e-02
     vertex 2.0577105102e+00 1.3407295458e-02 9.4215879828e-02
     vertex 2.0821831698e+00 1.4068468747e-02 9.4215879828e-02
   endloop
 endfacet
 facet normal  -2.6984550999e-02 9.9880582346e-01 4.0727890193e-02
   outer loop
     vertex 2.0505591521e+00 1.5986896304e-02 2.6215879828e-02
     vertex 2.0227493116e+00 1.5235563021e-02 2.6215879828e-02
     vertex 2.0577105102e+00 1.3407295458e-02 9.4215879828e-02
   endloop
 endfacet
 facet normal  -7.6143552277e-02 9.9491690683e-01 6.5897708183e-02
   outer loop
     vertex 2.0227493116e+00 1.5235563021e-02 2.6215879828e-02
     vertex 2.0381298027e+00 1.1908733506e-02 9.4215879828e-02
     vertex 2.0577105102e+00 1.3407295458e-02 9.4215879828e-02
   endloop
 endfacet
 facet normal  -7.6143552277e-02 9.9491690683e-01 6.5897708183e-02
   outer loop
     vertex 2.0227493116e+00 1.5235563021e-02 2.6215879828e-02
     vertex 2.0004985077e+00 1.3532651711e-02 2.6215879828e-02
     vertex 2.0381298027e+00 1.1908733506e-02 9.4215879828e-02
   endloop
 endfacet
 facet normal  -1.3989868676e-01 9.8500701619e-01 1.0094322910e-01
   outer loop
     vertex 2.0004985077e+00 1.3532651711e-02 2.6215879828e-02
     vertex 2.0233251885e+00 9.8060621010e-03 9.4215879828e-02
     vertex 2.0381298027e+00 1.1908733506e-02 9.4215879828e-02
   endloop
 endfacet
 facet normal  -1.3989868676e-01 9.8500701619e-01 1.0094322910e-01
   outer loop
     vertex 2.0004985077e+00 1.3532651711e-02 2.6215879828e-02
     vertex 1.9836750824e+00 1.1143252388e-02 2.6215879828e-02
     vertex 2.0233251885e+00 9.8060621010e-03 9.4215879828e-02
   endloop
 endfacet
 facet normal  -2.3012793862e-01 9.6104447897e-01 1.5308377221e-01
   outer loop
     vertex 1.9836750824e+00 1.1143252388e-02 2.6215879828e-02
     vertex 2.0126875422e+00 7.2588130815e-03 9.4215879828e-02
     vertex 2.0233251885e+00 9.8060621010e-03 9.4215879828e-02
   endloop
 endfacet
 facet normal  -2.3012793862e-01 9.6104447897e-01 1.5308377221e-01
   outer loop
     vertex 1.9836750824e+00 1.1143252388e-02 2.6215879828e-02
     vertex 1.9715868481e+00 8.2486512290e-03 2.6215879828e-02
     vertex 2.0126875422e+00 7.2588130815e-03 9.4215879828e-02
   endloop
 endfacet
 facet normal  -3.8461317826e-01 8.8985440231e-01 2.4542177124e-01
   outer loop
     vertex 1.9715868481e+00 8.2486512290e-03 2.6215879828e-02
     vertex 2.0055680724e+00 4.1816333685e-03 9.4215879828e-02
     vertex 2.0126875422e+00 7.2588130815e-03 9.4215879828e-02
   endloop
 endfacet
 facet normal  -3.8461317826e-01 8.8985440231e-01 2.4542177124e-01
   outer loop
     vertex 1.9715868481e+00 8.2486512290e-03 2.6215879828e-02
     vertex 1.9634965414e+00 4.7518561005e-03 2.6215879828e-02
     vertex 2.0055680724e+00 4.1816333685e-03 9.4215879828e-02
   endloop
 endfacet
 facet normal  -7.1946127377e-01 5.2939864012e-01 4.4956929987e-01
   outer loop
     vertex 1.9634965414e+00 4.7518561005e-03 2.6215879828e-02
     vertex 2.0024911159e+00 4.1637991171e-18 9.4215879828e-02
     vertex 2.0055680724e+00 4.1816333685e-03 9.4215879828e-02
   endloop
 endfacet
 facet normal  -7.1946127377e-01 5.2939864012e-01 4.4956929987e-01
   outer loop
     vertex 1.9634965414e+00 4.7518561005e-03 2.6215879828e-02
     vertex 1.9600000000e+00 0.0000000000e+00 2.6215879828e-02
     vertex 2.0024911159e+00 4.1637991171e-18 9.4215879828e-02
   endloop
 endfacet
 facet normal  -7.1946127377e-01 -5.2939864012e-01 4.4956929987e-01
   outer loop
     vertex 1.9600000000e+00 0.0000000000e+00 2.6215879828e-02
     vertex 1.9634965414e+00 -4.7518561005e-03 2.6215879828e-02
     vertex 2.0024911159e+00 4.1637991171e-18 9.4215879828e-02
   endloop
 endfacet
 facet normal  -7.1946127377e-01 -5.2939864012e-01 4.4956929987e-01
   outer loop
     vertex 2.0024911159e+00 4.1637991171e-18 9.4215879828e-02
     vertex 1.9634965414e+00 -4.7518561005e-03 2.6215879828e-02
     vertex 2.0055680724e+00 -4.1816333685e-03 9.4215879828e-02
   endloop
 endfacet
 facet normal  -3.8461317826e-01 -8.8985440231e-01 2.4542177124e-01
   outer loop
     vertex 1.9634965414e+00 -4.7518561005e-03 2.6215879828e-02
     vertex 1.9715868481e+00 -8.2486512290e-03 2.6215879828e-02
     vertex 2.0055680724e+00 -4.1816333685e-03 9.4215879828e-02
   endloop
 endfacet
 facet normal  -3.8461317826e-01 -8.8985440231e-01 2.4542177124e-01
   outer loop
     vertex 2.0055680724e+00 -4.1816333685e-03 9.4215879828e-02
     vertex 1.9715868481e+00 -8.2486512290e-03 2.6215879828e-02
     vertex 2.0126875422e+00 -7.2588130815e-03 9.4215879828e-02
   endloop
 endfacet
 facet normal  -2.3012793862e-01 -9.6104447897e-01 1.5308377221e-01
   outer loop
     vertex 1.9715868481e+00 -8.2486512290e-03 2.6215879828e-02
     vertex 1.9836750824e+00 -1.1143252388e-02 2.6215879828e-02
     vertex 2.0126875422e+00 -7.2588130815e-03 9.4215879828e-02
   endloop
 endfacet
 facet normal  -2.3012793862e-01 -9.6104447897e-01 1.5308377221e-01
   outer loop
     vertex 2.0126875422e+00 -7.2588130815e-03 9.4215879828e-02
     vertex 1.9836750824e+00 -1.1143252388e-02 2.6215879828e-02
     vertex 2.0233251885e+00 -9.8060621010e-03 9.4215879828e-02
   endloop
 endfacet
 facet normal  -1.3989868676e-01 -9.8500701619e-01 1.0094322910e-01
   outer loop
     vertex 1.9836750824e+00 -1.1143252388e-02 2.6215879828e-02
     vertex 2.0004985077e+00 -1.3532651711e-02 2.6215879828e-02
     vertex 2.0233251885e+00 -9.8060621010e-03 9.4215879828e-02
   endloop
 endfacet
 facet normal  -1.3989868676e-01 -9.8500701619e-01 1.0094322910e-01
   outer loop
     vertex 2.0233251885e+00 -9.8060621010e-03 9.4215879828e-02
     vertex 2.0004985077e+00 -1.3532651711e-02 2.6215879828e-02
     vertex 2.0381298027e+00 -1.1908733506e-02 9.4215879828e-02
   endloop
 endfacet
 facet normal  -7.6143552277e-02 -9.9491690683e-01 6.5897708183e-02
   outer loop
     vertex 2.0004985077e+00 -1.3532651711e-02 2.6215879828e-02
     vertex 2.0227493116e+00 -1.5235563021e-02 2.6215879828e-02
     vertex 2.0381298027e+00 -1.1908733506e-02 9.4215879828e-02
   endloop
 endfacet
 facet normal  -7.6143552277e-02 -9.9491690683e-01 6.5897708183e-02
   outer loop
     vertex 2.0381298027e+00 -1.1908733506e-02 9.4215879828e-02
     vertex 2.0227493116e+00 -1.5235563021e-02 2.6215879828e-02
     vertex 2.0577105102e+00 -1.3407295458e-02 9.4215879828e-02
   endloop
 endfacet
 facet normal  -2.6984550999e-02 -9.9880582346e-01 4.0727890193e-02
   outer loop
     vertex 2.0227493116e+00 -1.5235563021e-02 2.6215879828e-02
     vertex 2.0505591521e+00 -1.5986896304e-02 2.6215879828e-02
     vertex 2.0577105102e+00 -1.3407295458e-02 9.4215879828e-02
   endloop
 endfacet
 facet normal  -2.6984550999e-02 -9.9880582346e-01 4.0727890193e-02
   outer loop
     vertex 2.0577105102e+00 -1.3407295458e-02 9.4215879828e-02
     vertex 2.0505591521e+00 -1.5986896304e-02 2.6215879828e-02
     vertex 2.0821831698e+00 -1.4068468747e-02 9.4215879828e-02
   endloop
 endfacet
 facet normal  1.1499211017e-02 -9.9967265219e-01 2.2855122219e-02
   outer loop
     vertex 2.0505591521e+00 -1.5986896304e-02 2.6215879828e-02
     vertex 2.0830729445e+00 -1.5612890915e-02 2.6215879828e-02
     vertex 2.0821831698e+00 -1.4068468747e-02 9.4215879828e-02
   endloop
 endfacet
 facet normal  1.1499211017e-02 -9.9967265219e-01 2.2855122219e-02
   outer loop
     vertex 2.0821831698e+00 -1.4068468747e-02 9.4215879828e-02
     vertex 2.0830729445e+00 -1.5612890915e-02 2.6215879828e-02
     vertex 2.1107953071e+00 -1.3739344005e-02 9.4215879828e-02
   endloop
 endfacet
 facet normal  4.0845695234e-02 -9.9910627708e-01 1.0875489768e-02
   outer loop
     vertex 2.0830729445e+00 -1.5612890915e-02 2.6215879828e-02
     vertex 2.1183039709e+00 -1.4172567895e-02 2.6215879828e-02
     vertex 2.1107953071e+00 -1.3739344005e-02 9.4215879828e-02
   endloop
 endfacet
 facet normal  4.0845695234e-02 -9.9910627708e-01 1.0875489768e-02
   outer loop
     vertex 2.1107953071e+00 -1.3739344005e-02 9.4215879828e-02
     vertex 2.1183039709e+00 -1.4172567895e-02 2.6215879828e-02
     vertex 2.1417986104e+00 -1.2471859747e-02 9.4215879828e-02
   endloop
 endfacet
 facet normal  6.2291809622e-02 -9.9805205362e-01 3.4392890201e-03
   outer loop
     vertex 2.1183039709e+00 -1.4172567895e-02 2.6215879828e-02
     vertex 2.1727679066e+00 -1.0538961058e-02 9.4215879828e-02
     vertex 2.1417986104e+00 -1.2471859747e-02 9.4215879828e-02
   endloop
 endfacet
 facet normal  6.2291809622e-02 -9.9805205362e-01 3.4392890201e-03
   outer loop
     vertex 2.1183039709e+00 -1.4172567895e-02 2.6215879828e-02
     vertex 2.1534963530e+00 -1.1976092111e-02 2.6215879828e-02
     vertex 2.1727679066e+00 -1.0538961058e-02 9.4215879828e-02
   endloop
 endfacet
 facet normal  7.7636630114e-02 -9.9698128607e-01 -9.3214279390e-04
   outer loop
     vertex 2.1534963530e+00 -1.1976092111e-02 2.6215879828e-02
     vertex 2.2012966747e+00 -8.3173773199e-03 9.4215879828e-02
     vertex 2.1727679066e+00 -1.0538961058e-02 9.4215879828e-02
   endloop
 endfacet
 facet normal  7.7636630114e-02 -9.9698128607e-01 -9.3214279390e-04
   outer loop
     vertex 2.1534963530e+00 -1.1976092111e-02 2.6215879828e-02
     vertex 2.1859154076e+00 -9.4515651362e-03 2.6215879828e-02
     vertex 2.2012966747e+00 -8.3173773199e-03 9.4215879828e-02
   endloop
 endfacet
 facet normal  8.8795450639e-02 -9.9604383147e-01 -3.4718493769e-03
   outer loop
     vertex 2.1859154076e+00 -9.4515651362e-03 2.6215879828e-02
     vertex 2.2256832831e+00 -6.1433566429e-03 9.4215879828e-02
     vertex 2.2012966747e+00 -8.3173773199e-03 9.4215879828e-02
   endloop
 endfacet
 facet normal  8.8795450639e-02 -9.9604383147e-01 -3.4718493769e-03
   outer loop
     vertex 2.1859154076e+00 -9.4515651362e-03 2.6215879828e-02
     vertex 2.2136274627e+00 -6.9810870942e-03 2.6215879828e-02
     vertex 2.2256832831e+00 -6.1433566429e-03 9.4215879828e-02
   endloop
 endfacet
 facet normal  9.7191937875e-02 -9.9525324625e-01 -4.9702146634e-03
   outer loop
     vertex 2.2136274627e+00 -6.9810870942e-03 2.6215879828e-02
     vertex 2.2452306968e+00 -4.2344444884e-03 9.4215879828e-02
     vertex 2.2256832831e+00 -6.1433566429e-03 9.4215879828e-02
   endloop
 endfacet
 facet normal  9.7191937875e-02 -9.9525324625e-01 -4.9702146634e-03
   outer loop
     vertex 2.2136274627e+00 -6.9810870942e-03 2.6215879828e-02
     vertex 2.2358404328e+00 -4.8118687369e-03 2.6215879828e-02
     vertex 2.2452306968e+00 -4.2344444884e-03 9.4215879828e-02
   endloop
 endfacet
 facet normal  1.0363211761e-01 -9.9459840370e-01 -5.8651133383e-03
   outer loop
     vertex 2.2358404328e+00 -4.8118687369e-03 2.6215879828e-02
     vertex 2.2601067719e+00 -2.6844327804e-03 9.4215879828e-02
     vertex 2.2452306968e+00 -4.2344444884e-03 9.4215879828e-02
   endloop
 endfacet
 facet normal  1.0363211761e-01 -9.9459840370e-01 -5.8651133383e-03
   outer loop
     vertex 2.2358404328e+00 -4.8118687369e-03 2.6215879828e-02
     vertex 2.2527450637e+00 -3.0504917959e-03 2.6215879828e-02
     vertex 2.2601067719e+00 -2.6844327804e-03 9.4215879828e-02
   endloop
 endfacet
 facet normal  1.0858666209e-01 -9.9406635644e-01 -6.4043585121e-03
   outer loop
     vertex 2.2527450637e+00 -3.0504917959e-03 2.6215879828e-02
     vertex 2.2709866865e+00 -1.4959672416e-03 9.4215879828e-02
     vertex 2.2601067719e+00 -2.6844327804e-03 9.4215879828e-02
   endloop
 endfacet
 facet normal  1.0858666209e-01 -9.9406635644e-01 -6.4043585121e-03
   outer loop
     vertex 2.2527450637e+00 -3.0504917959e-03 2.6215879828e-02
     vertex 2.2651086029e+00 -1.6999627746e-03 2.6215879828e-02
     vertex 2.2709866865e+00 -1.4959672416e-03 9.4215879828e-02
   endloop
 endfacet
 facet normal  1.1231143502e-01 -9.9365028112e-01 -6.7275850432e-03
   outer loop
     vertex 2.2651086029e+00 -1.6999627746e-03 2.6215879828e-02
     vertex 2.2787148328e+00 -6.2246152532e-04 9.4215879828e-02
     vertex 2.2709866865e+00 -1.4959672416e-03 9.4215879828e-02
   endloop
 endfacet
 facet normal  1.1231143502e-01 -9.9365028112e-01 -6.7275850432e-03
   outer loop
     vertex 2.2651086029e+00 -1.6999627746e-03 2.6215879828e-02
     vertex 2.2738905874e+00 -7.0734264240e-04 2.6215879828e-02
     vertex 2.2787148328e+00 -6.2246152532e-04 9.4215879828e-02
   endloop
 endfacet
 facet normal  1.1500812010e-01 -9.9334045310e-01 -6.9192875324e-03
   outer loop
     vertex 2.2738905874e+00 -7.0734264240e-04 2.6215879828e-02
     vertex 2.2840911159e+00 4.1637991171e-18 9.4215879828e-02
     vertex 2.2787148328e+00 -6.2246152532e-04 9.4215879828e-02
   endloop
 endfacet
 facet normal  1.1500812010e-01 -9.9334045310e-01 -6.9192875324e-03
   outer loop
     vertex 2.2738905874e+00 -7.0734264240e-04 2.6215879828e-02
     vertex 2.2800000000e+00 0.0000000000e+00 2.6215879828e-02
     vertex 2.2840911159e+00 4.1637991171e-18 9.4215879828e-02
   endloop
 endfacet
 facet normal  1.1500812010e-01 9.9334045310e-01 -6.9192875324e-03
   outer loop
     vertex 2.2840911159e+00 4.1637991171e-18 9.4215879828e-02
     vertex 2.2787148328e+00 6.2246152532e-04 9.4215879828e-02
     vertex 2.2881822319e+00 8.3275982342e-18 1.6221587983e-01
   endloop
 endfacet
 facet normal  1.1500812010e-01 9.9334045310e-01 -6.9192875324e-03
   outer loop
     vertex 2.2881822319e+00 8.3275982342e-18 1.6221587983e-01
     vertex 2.2787148328e+00 6.2246152532e-04 9.4215879828e-02
     vertex 2.2835390783e+00 5.3758040823e-04 1.6221587983e-01
   endloop
 endfacet
 facet normal  1.1231143502e-01 9.9365028112e-01 -6.7275850432e-03
   outer loop
     vertex 2.2787148328e+00 6.2246152532e-04 9.4215879828e-02
     vertex 2.2709866865e+00 1.4959672416e-03 9.4215879828e-02
     vertex 2.2835390783e+00 5.3758040823e-04 1.6221587983e-01
   endloop
 endfacet
 facet normal  1.1231143502e-01 9.9365028112e-01 -6.7275850432e-03
   outer loop
     vertex 2.2835390783e+00 5.3758040823e-04 1.6221587983e-01
     vertex 2.2709866865e+00 1.4959672416e-03 9.4215879828e-02
     vertex 2.2768647701e+00 1.2919717087e-03 1.6221587983e-01
   endloop
 endfacet
 facet normal  1.0858666209e-01 9.9406635644e-01 -6.4043585121e-03
   outer loop
     vertex 2.2709866865e+00 1.4959672416e-03 9.4215879828e-02
     vertex 2.2601067719e+00 2.6844327804e-03 9.4215879828e-02
     vertex 2.2768647701e+00 1.2919717087e-03 1.6221587983e-01
   endloop
 endfacet
 facet normal  1.0858666209e-01 9.9406635644e-01 -6.4043585121e-03
   outer loop
     vertex 2.2768647701e+00 1.2919717087e-03 1.6221587983e-01
     vertex 2.2601067719e+00 2.6844327804e-03 9.4215879828e-02
     vertex 2.2674684802e+00 2.3183737649e-03 1.6221587983e-01
   endloop
 endfacet
 facet normal  1.0363211761e-01 9.9459840370e-01 -5.8651133383e-03
   outer loop
     vertex 2.2601067719e+00 2.6844327804e-03 9.4215879828e-02
     vertex 2.2452306968e+00 4.2344444884e-03 9.4215879828e-02
     vertex 2.2674684802e+00 2.3183737649e-03 1.6221587983e-01
   endloop
 endfacet
 facet normal  1.0363211761e-01 9.9459840370e-01 -5.8651133383e-03
   outer loop
     vertex 2.2674684802e+00 2.3183737649e-03 1.6221587983e-01
     vertex 2.2452306968e+00 4.2344444884e-03 9.4215879828e-02
     vertex 2.2546209608e+00 3.6570202400e-03 1.6221587983e-01
   endloop
 endfacet
 facet normal  9.7191937875e-02 9.9525324625e-01 -4.9702146634e-03
   outer loop
     vertex 2.2452306968e+00 4.2344444884e-03 9.4215879828e-02
     vertex 2.2256832831e+00 6.1433566429e-03 9.4215879828e-02
     vertex 2.2546209608e+00 3.6570202400e-03 1.6221587983e-01
   endloop
 endfacet
 facet normal  9.7191937875e-02 9.9525324625e-01 -4.9702146634e-03
   outer loop
     vertex 2.2546209608e+00 3.6570202400e-03 1.6221587983e-01
     vertex 2.2256832831e+00 6.1433566429e-03 9.4215879828e-02
     vertex 2.2377391035e+00 5.3056261916e-03 1.6221587983e-01
   endloop
 endfacet
 facet normal  8.8795450639e-02 9.9604383147e-01 -3.4718493769e-03
   outer loop
     vertex 2.2256832831e+00 6.1433566429e-03 9.4215879828e-02
     vertex 2.2012966747e+00 8.3173773199e-03 9.4215879828e-02
     vertex 2.2377391035e+00 5.3056261916e-03 1.6221587983e-01
   endloop
 endfacet
 facet normal  8.8795450639e-02 9.9604383147e-01 -3.4718493769e-03
   outer loop
     vertex 2.2377391035e+00 5.3056261916e-03 1.6221587983e-01
     vertex 2.2012966747e+00 8.3173773199e-03 9.4215879828e-02
     vertex 2.2166779417e+00 7.1831895035e-03 1.6221587983e-01
   endloop
 endfacet
 facet normal  7.7636630114e-02 9.9698128607e-01 -9.3214279390e-04
   outer loop
     vertex 2.2012966747e+00 8.3173773199e-03 9.4215879828e-02
     vertex 2.1727679066e+00 1.0538961058e-02 9.4215879828e-02
     vertex 2.2166779417e+00 7.1831895035e-03 1.6221587983e-01
   endloop
 endfacet
 facet normal  7.7636630114e-02 9.9698128607e-01 -9.3214279390e-04
   outer loop
     vertex 2.2166779417e+00 7.1831895035e-03 1.6221587983e-01
     vertex 2.1727679066e+00 1.0538961058e-02 9.4215879828e-02
     vertex 2.1920394602e+00 9.1018300044e-03 1.6221587983e-01
   endloop
 endfacet
 facet normal  6.2291809622e-02 9.9805205362e-01 3.4392890201e-03
   outer loop
     vertex 2.1727679066e+00 1.0538961058e-02 9.4215879828e-02
     vertex 2.1417986104e+00 1.2471859747e-02 9.4215879828e-02
     vertex 2.1920394602e+00 9.1018300044e-03 1.6221587983e-01
   endloop
 endfacet
 facet normal  6.2291809622e-02 9.9805205362e-01 3.4392890201e-03
   outer loop
     vertex 2.1920394602e+00 9.1018300044e-03 1.6221587983e-01
     vertex 2.1417986104e+00 1.2471859747e-02 9.4215879828e-02
     vertex 2.1652932498e+00 1.0771151600e-02 1.6221587983e-01
   endloop
 endfacet
 facet normal  4.0845695234e-02 9.9910627708e-01 1.0875489768e-02
   outer loop
     vertex 2.1417986104e+00 1.2471859747e-02 9.4215879828e-02
     vertex 2.1385176696e+00 1.1865797095e-02 1.6221587983e-01
     vertex 2.1652932498e+00 1.0771151600e-02 1.6221587983e-01
   endloop
 endfacet
 facet normal  4.0845695234e-02 9.9910627708e-01 1.0875489768e-02
   outer loop
     vertex 2.1417986104e+00 1.2471859747e-02 9.4215879828e-02
     vertex 2.1107953071e+00 1.3739344005e-02 9.4215879828e-02
     vertex 2.1385176696e+00 1.1865797095e-02 1.6221587983e-01
   endloop
 endfacet
 facet normal  1.1499211017e-02 9.9967265219e-01 2.2855122219e-02
   outer loop
     vertex 2.1107953071e+00 1.3739344005e-02 9.4215879828e-02
     vertex 2.1138071875e+00 1.2150041191e-02 1.6221587983e-01
     vertex 2.1385176696e+00 1.1865797095e-02 1.6221587983e-01
   endloop
 endfacet
 facet normal  1.1499211017e-02 9.9967265219e-01 2.2855122219e-02
   outer loop
     vertex 2.1107953071e+00 1.3739344005e-02 9.4215879828e-02
     vertex 2.0821831698e+00 1.4068468747e-02 9.4215879828e-02
     vertex 2.1138071875e+00 1.2150041191e-02 1.6221587983e-01
   endloop
 endfacet
 facet normal  -2.6984550999e-02 9.9880582346e-01 4.0727890193e-02
   outer loop
     vertex 2.0821831698e+00 1.4068468747e-02 9.4215879828e-02
     vertex 2.0926717087e+00 1.1579027896e-02 1.6221587983e-01
     vertex 2.1138071875e+00 1.2150041191e-02 1.6221587983e-01
   endloop
 endfacet
 facet normal  -2.6984550999e-02 9.9880582346e-01 4.0727890193e-02
   outer loop
     vertex 2.0821831698e+00 1.4068468747e-02 9.4215879828e-02
     vertex 2.0577105102e+00 1.3407295458e-02 9.4215879828e-02
     vertex 2.0926717087e+00 1.1579027896e-02 1.6221587983e-01
   endloop
 endfacet
 facet normal  -7.6143552277e-02 9.9491690683e-01 6.5897708183e-02
   outer loop
     vertex 2.0577105102e+00 1.3407295458e-02 9.4215879828e-02
     vertex 2.0757610977e+00 1.0284815300e-02 1.6221587983e-01
     vertex 2.0926717087e+00 1.1579027896e-02 1.6221587983e-01
   endloop
 endfacet
 facet normal  -7.6143552277e-02 9.9491690683e-01 6.5897708183e-02
   outer loop
     vertex 2.0577105102e+00 1.3407295458e-02 9.4215879828e-02
     vertex 2.0381298027e+00 1.1908733506e-02 9.4215879828e-02
     vertex 2.0757610977e+00 1.0284815300e-02 1.6221587983e-01
   endloop
 endfacet
 facet normal  -1.3989868676e-01 9.8500701619e-01 1.0094322910e-01
   outer loop
     vertex 2.0381298027e+00 1.1908733506e-02 9.4215879828e-02
     vertex 2.0629752945e+00 8.4688718145e-03 1.6221587983e-01
     vertex 2.0757610977e+00 1.0284815300e-02 1.6221587983e-01
   endloop
 endfacet
 facet normal  -1.3989868676e-01 9.8500701619e-01 1.0094322910e-01
   outer loop
     vertex 2.0381298027e+00 1.1908733506e-02 9.4215879828e-02
     vertex 2.0233251885e+00 9.8060621010e-03 9.4215879828e-02
     vertex 2.0629752945e+00 8.4688718145e-03 1.6221587983e-01
   endloop
 endfacet
 facet normal  -2.3012793862e-01 9.6104447897e-01 1.5308377221e-01
   outer loop
     vertex 2.0233251885e+00 9.8060621010e-03 9.4215879828e-02
     vertex 2.0537882364e+00 6.2689749340e-03 1.6221587983e-01
     vertex 2.0629752945e+00 8.4688718145e-03 1.6221587983e-01
   endloop
 endfacet
 facet normal  -2.3012793862e-01 9.6104447897e-01 1.5308377221e-01
   outer loop
     vertex 2.0233251885e+00 9.8060621010e-03 9.4215879828e-02
     vertex 2.0126875422e+00 7.2588130815e-03 9.4215879828e-02
     vertex 2.0537882364e+00 6.2689749340e-03 1.6221587983e-01
   endloop
 endfacet
 facet normal  -3.8461317826e-01 8.8985440231e-01 2.4542177124e-01
   outer loop
     vertex 2.0126875422e+00 7.2588130815e-03 9.4215879828e-02
     vertex 2.0476396034e+00 3.6114106364e-03 1.6221587983e-01
     vertex 2.0537882364e+00 6.2689749340e-03 1.6221587983e-01
   endloop
 endfacet
 facet normal  -3.8461317826e-01 8.8985440231e-01 2.4542177124e-01
   outer loop
     vertex 2.0126875422e+00 7.2588130815e-03 9.4215879828e-02
     vertex 2.0055680724e+00 4.1816333685e-03 9.4215879828e-02
     vertex 2.0476396034e+00 3.6114106364e-03 1.6221587983e-01
   endloop
 endfacet
 facet normal  -7.1946127377e-01 5.2939864012e-01 4.4956929987e-01
   outer loop
     vertex 2.0055680724e+00 4.1816333685e-03 9.4215879828e-02
     vertex 2.0449822319e+00 8.3275982342e-18 1.6221587983e-01
     vertex 2.0476396034e+00 3.6114106364e-03 1.6221587983e-01
   endloop
 endfacet
 facet normal  -7.1946127377e-01 5.2939864012e-01 4.4956929987e-01
   outer loop
     vertex 2.0055680724e+00 4.1816333685e-03 9.4215879828e-02
     vertex 2.0024911159e+00 4.1637991171e-18 9.4215879828e-02
     vertex 2.0449822319e+00 8.3275982342e-18 1.6221587983e-01
   endloop
 endfacet
 facet normal  -7.1946127377e-01 -5.2939864012e-01 4.4956929987e-01
   outer loop
     vertex 2.0024911159e+00 4.1637991171e-18 9.4215879828e-02
     vertex 2.0055680724e+00 -4.1816333685e-03 9.4215879828e-02
     vertex 2.0449822319e+00 8.3275982342e-18 1.6221587983e-01
   endloop
 endfacet
 facet normal  -7.1946127377e-01 -5.2939864012e-01 4.4956929987e-01
   outer loop
     vertex 2.0449822319e+00 8.3275982342e-18 1.6221587983e-01
     vertex 2.0055680724e+00 -4.1816333685e-03 9.4215879828e-02
     vertex 2.0476396034e+00 -3.6114106364e-03 1.6221587983e-01
   endloop
 endfacet
 facet normal  -3.8461317826e-01 -8.8985440231e-01 2.4542177124e-01
   outer loop
     vertex 2.0055680724e+00 -4.1816333685e-03 9.4215879828e-02
     vertex 2.0126875422e+00 -7.2588130815e-03 9.4215879828e-02
     vertex 2.0476396034e+00 -3.6114106364e-03 1.6221587983e-01
   endloop
 endfacet
 facet normal  -3.8461317826e-01 -8.8985440231e-01 2.4542177124e-01
   outer loop
     vertex 2.0476396034e+00 -3.6114106364e-03 1.6221587983e-01
     vertex 2.0126875422e+00 -7.2588130815e-03 9.4215879828e-02
     vertex 2.0537882364e+00 -6.2689749340e-03 1.6221587983e-01
   endloop
 endfacet
 facet normal  -2.3012793862e-01 -9.6104447897e-01 1.5308377221e-01
   outer loop
     vertex 2.0126875422e+00 -7.2588130815e-03 9.4215879828e-02
     vertex 2.0233251885e+00 -9.8060621010e-03 9.4215879828e-02
     vertex 2.0537882364e+00 -6.2689749340e-03 1.6221587983e-01
   endloop
 endfacet
 facet normal  -2.3012793862e-01 -9.6104447897e-01 1.5308377221e-01
   outer loop
     vertex 2.0537882364e+00 -6.2689749340e-03 1.6221587983e-01
     vertex 2.0233251885e+00 -9.8060621010e-03 9.4215879828e-02
     vertex 2.0629752945e+00 -8.4688718145e-03 1.6221587983e-01
   endloop
 endfacet
 facet normal  -1.3989868676e-01 -9.8500701619e-01 1.0094322910e-01
   outer loop
     vertex 2.0233251885e+00 -9.8060621010e-03 9.4215879828e-02
     vertex 2.0381298027e+00 -1.1908733506e-02 9.4215879828e-02
     vertex 2.0629752945e+00 -8.4688718145e-03 1.6221587983e-01
   endloop
 endfacet
 facet normal  -1.3989868676e-01 -9.8500701619e-01 1.0094322910e-01
   outer loop
     vertex 2.0629752945e+00 -8.4688718145e-03 1.6221587983e-01
     vertex 2.0381298027e+00 -1.1908733506e-02 9.4215879828e-02
     vertex 2.0757610977e+00 -1.0284815300e-02 1.6221587983e-01
   endloop
 endfacet
 facet normal  -7.6143552277e-02 -9.9491690683e-01 6.5897708183e-02
   outer loop
     vertex 2.0381298027e+00 -1.1908733506e-02 9.4215879828e-02
     vertex 2.0577105102e+00 -1.3407295458e-02 9.4215879828e-02
     vertex 2.0757610977e+00 -1.0284815300e-02 1.6221587983e-01
   endloop
 endfacet
 facet normal  -7.6143552277e-02 -9.9491690683e-01 6.5897708183e-02
   outer loop
     vertex 2.0757610977e+00 -1.0284815300e-02 1.6221587983e-01
     vertex 2.0577105102e+00 -1.3407295458e-02 9.4215879828e-02
     vertex 2.0926717087e+00 -1.1579027896e-02 1.6221587983e-01
   endloop
 endfacet
 facet normal  -2.6984550999e-02 -9.9880582346e-01 4.0727890193e-02
   outer loop
     vertex 2.0577105102e+00 -1.3407295458e-02 9.4215879828e-02
     vertex 2.0821831698e+00 -1.4068468747e-02 9.4215879828e-02
     vertex 2.0926717087e+00 -1.1579027896e-02 1.6221587983e-01
   endloop
 endfacet
 facet normal  -2.6984550999e-02 -9.9880582346e-01 4.0727890193e-02
   outer loop
     vertex 2.0926717087e+00 -1.1579027896e-02 1.6221587983e-01
     vertex 2.0821831698e+00 -1.4068468747e-02 9.4215879828e-02
     vertex 2.1138071875e+00 -1.2150041191e-02 1.6221587983e-01
   endloop
 endfacet
 facet normal  1.1499211017e-02 -9.9967265219e-01 2.2855122219e-02
   outer loop
     vertex 2.0821831698e+00 -1.4068468747e-02 9.4215879828e-02
     vertex 2.1107953071e+00 -1.3739344005e-02 9.4215879828e-02
     vertex 2.1138071875e+00 -1.2150041191e-02 1.6221587983e-01
   endloop
 endfacet
 facet normal  1.1499211017e-02 -9.9967265219e-01 2.2855122219e-02
   outer loop
     vertex 2.1138071875e+00 -1.2150041191e-02 1.6221587983e-01
     vertex 2.1107953071e+00 -1.3739344005e-02 9.4215879828e-02
     vertex 2.1385176696e+00 -1.1865797095e-02 1.6221587983e-01
   endloop
 endfacet
 facet normal  4.0845695234e-02 -9.9910627708e-01 1.0875489768e-02
   outer loop
     vertex 2.1107953071e+00 -1.3739344005e-02 9.4215879828e-02
     vertex 2.1417986104e+00 -1.2471859747e-02 9.4215879828e-02
     vertex 2.1385176696e+00 -1.1865797095e-02 1.6221587983e-01
   endloop
 endfacet
 facet normal  4.0845695234e-02 -9.9910627708e-01 1.0875489768e-02
   outer loop
     vertex 2.1385176696e+00 -1.1865797095e-02 1.6221587983e-01
     vertex 2.1417986104e+00 -1.2471859747e-02 9.4215879828e-02
     vertex 2.1652932498e+00 -1.0771151600e-02 1.6221587983e-01
   endloop
 endfacet
 facet normal  6.2291809622e-02 -9.9805205362e-01 3.4392890201e-03
   outer loop
     vertex 2.1417986104e+00 -1.2471859747e-02 9.4215879828e-02
     vertex 2.1920394602e+00 -9.1018300044e-03 1.6221587983e-01
     vertex 2.1652932498e+00 -1.0771151600e-02 1.6221587983e-01
   endloop
 endfacet
 facet normal  6.2291809622e-02 -9.9805205362e-01 3.4392890201e-03
   outer loop
     vertex 2.1417986104e+00 -1.2471859747e-02 9.4215879828e-02
     vertex 2.1727679066e+00 -1.0538961058e-02 9.4215879828e-02
     vertex 2.1920394602e+00 -9.1018300044e-03 1.6221587983e-01
   endloop
 endfacet
 facet normal  7.7636630114e-02 -9.9698128607e-01 -9.3214279390e-04
   outer loop
     vertex 2.1727679066e+00 -1.0538961058e-02 9.4215879828e-02
     vertex 2.2166779417e+00 -7.1831895035e-03 1.6221587983e-01
     vertex 2.1920394602e+00 -9.1018300044e-03 1.6221587983e-01
   endloop
 endfacet
 facet normal  7.7636630114e-02 -9.9698128607e-01 -9.3214279390e-04
   outer loop
     vertex 2.1727679066e+00 -1.0538961058e-02 9.4215879828e-02
     vertex 2.2012966747e+00 -8.3173773199e-03 9.4215879828e-02
     vertex 2.2166779417e+00 -7.1831895035e-03 1.6221587983e-01
   endloop
 endfacet
 facet normal  8.8795450639e-02 -9.9604383147e-01 -3.4718493769e-03
   outer loop
     vertex 2.2012966747e+00 -8.3173773199e-03 9.4215879828e-02
     vertex 2.2377391035e+00 -5.3056261916e-03 1.6221587983e-01
     vertex 2.2166779417e+00 -7.1831895035e-03 1.6221587983e-01
   endloop
 endfacet
 facet normal  8.8795450639e-02 -9.9604383147e-01 -3.4718493769e-03
   outer loop
     vertex 2.2012966747e+00 -8.3173773199e-03 9.4215879828e-02
     vertex 2.2256832831e+00 -6.1433566429e-03 9.4215879828e-02
     vertex 2.2377391035e+00 -5.3056261916e-03 1.6221587983e-01
   endloop
 endfacet
 facet normal  9.7191937875e-02 -9.9525324625e-01 -4.9702146634e-03
   outer loop
     vertex 2.2256832831e+00 -6.1433566429e-03 9.4215879828e-02
     vertex 2.2546209608e+00 -3.6570202400e-03 1.6221587983e-01
     vertex 2.2377391035e+00 -5.3056261916e-03 1.6221587983e-01
   endloop
 endfacet
 facet normal  9.7191937875e-02 -9.9525324625e-01 -4.9702146634e-03
   outer loop
     vertex 2.2256832831e+00 -6.1433566429e-03 9.4215879828e-02
     vertex 2.2452306968e+00 -4.2344444884e-03 9.4215879828e-02
     vertex 2.2546209608e+00 -3.6570202400e-03 1.6221587983e-01
   endloop
 endfacet
 facet normal  1.0363211761e-01 -9.9459840370e-01 -5.8651133383e-03
   outer loop
     vertex 2.2452306968e+00 -4.2344444884e-03 9.4215879828e-02
     vertex 2.2674684802e+00 -2.3183737649e-03 1.6221587983e-01
     vertex 2.2546209608e+00 -3.6570202400e-03 1.6221587983e-01
   endloop
 endfacet
 facet normal  1.0363211761e-01 -9.9459840370e-01 -5.8651133383e-03
   outer loop
     vertex 2.2452306968e+00 -4.2344444884e-03 9.4215879828e-02
     vertex 2.2601067719e+00 -2.6844327804e-03 9.4215879828e-02
     vertex 2.2674684802e+00 -2.3183737649e-03 1.6221587983e-01
   endloop
 endfacet
 facet normal  1.0858666209e-01 -9.9406635644e-01 -6.4043585121e-03
   outer loop
     vertex 2.2601067719e+00 -2.6844327804e-03 9.4215879828e-02
     vertex 2.2768647701e+00 -1.2919717087e-03 1.6221587983e-01
     vertex 2.2674684802e+00 -2.3183737649e-03 1.6221587983e-01
   endloop
 endfacet
 facet normal  1.0858666209e-01 -9.9406635644e-01 -6.4043585121e-03
   outer loop
     vertex 2.2601067719e+00 -2.6844327804e-03 9.4215879828e-02
     vertex 2.2709866865e+00 -1.4959672416e-03 9.4215879828e-02
     vertex 2.2768647701e+00 -1.2919717087e-03 1.6221587983e-01
   endloop
 endfacet
 facet normal  1.1231143502e-01 -9.9365028112e-01 -6.7275850432e-03
   outer loop
     vertex 2.2709866865e+00 -1.4959672416e-03 9.4215879828e-02
     vertex 2.2835390783e+00 -5.3758040823e-04 1.6221587983e-01
     vertex 2.2768647701e+00 -1.2919717087e-03 1.6221587983e-01
   endloop
 endfacet
 facet normal  1.1231143502e-01 -9.9365028112e-01 -6.7275850432e-03
   outer loop
     vertex 2.2709866865e+00 -1.4959672416e-03 9.4215879828e-02
     vertex 2.2787148328e+00 -6.2246152532e-04 9.4215879828e-02
     vertex 2.2835390783e+00 -5.3758040823e-04 1.6221587983e-01
   endloop
 endfacet
 facet normal  1.1500812010e-01 -9.9334045310e-01 -6.9192875324e-03
   outer loop
     vertex 2.2787148328e+00 -6.2246152532e-04 9.4215879828e-02
     vertex 2.2881822319e+00 8.3275982342e-18 1.6221587983e-01
     vertex 2.2835390783e+00 -5.3758040823e-04 1.6221587983e-01
   endloop
 endfacet
 facet normal  1.1500812010e-01 -9.9334045310e-01 -6.9192875324e-03
   outer loop
     vertex 2.2787148328e+00 -6.2246152532e-04 9.4215879828e-02
     vertex 2.2840911159e+00 4.1637991171e-18 9.4215879828e-02
     vertex 2.2881822319e+00 8.3275982342e-18 1.6221587983e-01
   endloop
 endfacet
 facet normal  1.1500812010e-01 9.9334045310e-01 -6.9192875324e-03
   outer loop
     vertex 2.2881822319e+00 8.3275982342e-18 1.6221587983e-01
     vertex 2.2835390783e+00 5.3758040823e-04 1.6221587983e-01
     vertex 2.2922733478e+00 1.2491397351e-17 2.3021587983e-01
   endloop
 endfacet
 facet normal  1.1500812010e-01 9.9334045310e-01 -6.9192875324e-03
   outer loop
     vertex 2.2922733478e+00 1.2491397351e-17 2.3021587983e-01
     vertex 2.2835390783e+00 5.3758040823e-04 1.6221587983e-01
     vertex 2.2883633237e+00 4.5269929114e-04 2.3021587983e-01
   endloop
 endfacet
 facet normal  1.1231143502e-01 9.9365028112e-01 -6.7275850432e-03
   outer loop
     vertex 2.2835390783e+00 5.3758040823e-04 1.6221587983e-01
     vertex 2.2768647701e+00 1.2919717087e-03 1.6221587983e-01
     vertex 2.2883633237e+00 4.5269929114e-04 2.3021587983e-01
   endloop
 endfacet
 facet normal  1.1231143502e-01 9.9365028112e-01 -6.7275850432e-03
   outer loop
     vertex 2.2883633237e+00 4.5269929114e-04 2.3021587983e-01
     vertex 2.2768647701e+00 1.2919717087e-03 1.6221587983e-01
     vertex 2.2827428537e+00 1.0879761757e-03 2.3021587983e-01
   endloop
 endfacet
 facet normal  1.0858666209e-01 9.9406635644e-01 -6.4043585121e-03
   outer loop
     vertex 2.2768647701e+00 1.2919717087e-03 1.6221587983e-01
     vertex 2.2674684802e+00 2.3183737649e-03 1.6221587983e-01
     vertex 2.2827428537e+00 1.0879761757e-03 2.3021587983e-01
   endloop
 endfacet
 facet normal  1.0858666209e-01 9.9406635644e-01 -6.4043585121e-03
   outer loop
     vertex 2.2827428537e+00 1.0879761757e-03 2.3021587983e-01
     vertex 2.2674684802e+00 2.3183737649e-03 1.6221587983e-01
     vertex 2.2748301885e+00 1.9523147494e-03 2.3021587983e-01
   endloop
 endfacet
 facet normal  1.0363211761e-01 9.9459840370e-01 -5.8651133383e-03
   outer loop
     vertex 2.2674684802e+00 2.3183737649e-03 1.6221587983e-01
     vertex 2.2546209608e+00 3.6570202400e-03 1.6221587983e-01
     vertex 2.2748301885e+00 1.9523147494e-03 2.3021587983e-01
   endloop
 endfacet
 facet normal  1.0363211761e-01 9.9459840370e-01 -5.8651133383e-03
   outer loop
     vertex 2.2748301885e+00 1.9523147494e-03 2.3021587983e-01
     vertex 2.2546209608e+00 3.6570202400e-03 1.6221587983e-01
     vertex 2.2640112248e+00 3.0795959916e-03 2.3021587983e-01
   endloop
 endfacet
 facet normal  9.7191937875e-02 9.9525324625e-01 -4.9702146634e-03
   outer loop
     vertex 2.2546209608e+00 3.6570202400e-03 1.6221587983e-01
     vertex 2.2377391035e+00 5.3056261916e-03 1.6221587983e-01
     vertex 2.2640112248e+00 3.0795959916e-03 2.3021587983e-01
   endloop
 endfacet
 facet normal  9.7191937875e-02 9.9525324625e-01 -4.9702146634e-03
   outer loop
     vertex 2.2640112248e+00 3.0795959916e-03 2.3021587983e-01
     vertex 2.2377391035e+00 5.3056261916e-03 1.6221587983e-01
     vertex 2.2497949239e+00 4.4678957403e-03 2.3021587983e-01
   endloop
 endfacet
 facet normal  8.8795450639e-02 9.9604383147e-01 -3.4718493769e-03
   outer loop
     vertex 2.2377391035e+00 5.3056261916e-03 1.6221587983e-01
     vertex 2.2166779417e+00 7.1831895035e-03 1.6221587983e-01
     vertex 2.2497949239e+00 4.4678957403e-03 2.3021587983e-01
   endloop
 endfacet
 facet normal  8.8795450639e-02 9.9604383147e-01 -3.4718493769e-03
   outer loop
     vertex 2.2497949239e+00 4.4678957403e-03 2.3021587983e-01
     vertex 2.2166779417e+00 7.1831895035e-03 1.6221587983e-01
     vertex 2.2320592087e+00 6.0490016872e-03 2.3021587983e-01
   endloop
 endfacet
 facet normal  7.7636630114e-02 9.9698128607e-01 -9.3214279390e-04
   outer loop
     vertex 2.2166779417e+00 7.1831895035e-03 1.6221587983e-01
     vertex 2.1920394602e+00 9.1018300044e-03 1.6221587983e-01
     vertex 2.2320592087e+00 6.0490016872e-03 2.3021587983e-01
   endloop
 endfacet
 facet normal  7.7636630114e-02 9.9698128607e-01 -9.3214279390e-04
   outer loop
     vertex 2.2320592087e+00 6.0490016872e-03 2.3021587983e-01
     vertex 2.1920394602e+00 9.1018300044e-03 1.6221587983e-01
     vertex 2.2113110137e+00 7.6646989511e-03 2.3021587983e-01
   endloop
 endfacet
 facet normal  6.2291809622e-02 9.9805205362e-01 3.4392890201e-03
   outer loop
     vertex 2.1920394602e+00 9.1018300044e-03 1.6221587983e-01
     vertex 2.1652932498e+00 1.0771151600e-02 1.6221587983e-01
     vertex 2.2113110137e+00 7.6646989511e-03 2.3021587983e-01
   endloop
 endfacet
 facet normal  6.2291809622e-02 9.9805205362e-01 3.4392890201e-03
   outer loop
     vertex 2.2113110137e+00 7.6646989511e-03 2.3021587983e-01
     vertex 2.1652932498e+00 1.0771151600e-02 1.6221587983e-01
     vertex 2.1887878892e+00 9.0704434527e-03 2.3021587983e-01
   endloop
 endfacet
 facet normal  4.0845695234e-02 9.9910627708e-01 1.0875489768e-02
   outer loop
     vertex 2.1652932498e+00 1.0771151600e-02 1.6221587983e-01
     vertex 2.1662400322e+00 9.9922501854e-03 2.3021587983e-01
     vertex 2.1887878892e+00 9.0704434527e-03 2.3021587983e-01
   endloop
 endfacet
 facet normal  4.0845695234e-02 9.9910627708e-01 1.0875489768e-02
   outer loop
     vertex 2.1652932498e+00 1.0771151600e-02 1.6221587983e-01
     vertex 2.1385176696e+00 1.1865797095e-02 1.6221587983e-01
     vertex 2.1662400322e+00 9.9922501854e-03 2.3021587983e-01
   endloop
 endfacet
 facet normal  1.1499211017e-02 9.9967265219e-01 2.2855122219e-02
   outer loop
     vertex 2.1385176696e+00 1.1865797095e-02 1.6221587983e-01
     vertex 2.1454312051e+00 1.0231613634e-02 2.3021587983e-01
     vertex 2.1662400322e+00 9.9922501854e-03 2.3021587983e-01
   endloop
 endfacet
 facet normal  1.1499211017e-02 9.9967265219e-01 2.2855122219e-02
   outer loop
     vertex 2.1385176696e+00 1.1865797095e-02 1.6221587983e-01
     vertex 2.1138071875e+00 1.2150041191e-02 1.6221587983e-01
     vertex 2.1454312051e+00 1.0231613634e-02 2.3021587983e-01
   endloop
 endfacet
 facet normal  -2.6984550999e-02 9.9880582346e-01 4.0727890193e-02
   outer loop
     vertex 2.1138071875e+00 1.2150041191e-02 1.6221587983e-01
     vertex 2.1276329072e+00 9.7507603334e-03 2.3021587983e-01
     vertex 2.1454312051e+00 1.0231613634e-02 2.3021587983e-01
   endloop
 endfacet
 facet normal  -2.6984550999e-02 9.9880582346e-01 4.0727890193e-02
   outer loop
     vertex 2.1138071875e+00 1.2150041191e-02 1.6221587983e-01
     vertex 2.0926717087e+00 1.1579027896e-02 1.6221587983e-01
     vertex 2.1276329072e+00 9.7507603334e-03 2.3021587983e-01
   endloop
 endfacet
 facet normal  -7.6143552277e-02 9.9491690683e-01 6.5897708183e-02
   outer loop
     vertex 2.0926717087e+00 1.1579027896e-02 1.6221587983e-01
     vertex 2.1133923927e+00 8.6608970950e-03 2.3021587983e-01
     vertex 2.1276329072e+00 9.7507603334e-03 2.3021587983e-01
   endloop
 endfacet
 facet normal  -7.6143552277e-02 9.9491690683e-01 6.5897708183e-02
   outer loop
     vertex 2.0926717087e+00 1.1579027896e-02 1.6221587983e-01
     vertex 2.0757610977e+00 1.0284815300e-02 1.6221587983e-01
     vertex 2.1133923927e+00 8.6608970950e-03 2.3021587983e-01
   endloop
 endfacet
 facet normal  -1.3989868676e-01 9.8500701619e-01 1.0094322910e-01
   outer loop
     vertex 2.0757610977e+00 1.0284815300e-02 1.6221587983e-01
     vertex 2.1026254006e+00 7.1316815280e-03 2.3021587983e-01
     vertex 2.1133923927e+00 8.6608970950e-03 2.3021587983e-01
   endloop
 endfacet
 facet normal  -1.3989868676e-01 9.8500701619e-01 1.0094322910e-01
   outer loop
     vertex 2.0757610977e+00 1.0284815300e-02 1.6221587983e-01
     vertex 2.0629752945e+00 8.4688718145e-03 1.6221587983e-01
     vertex 2.1026254006e+00 7.1316815280e-03 2.3021587983e-01
   endloop
 endfacet
 facet normal  -2.3012793862e-01 9.6104447897e-01 1.5308377221e-01
   outer loop
     vertex 2.0629752945e+00 8.4688718145e-03 1.6221587983e-01
     vertex 2.0948889305e+00 5.2791367866e-03 2.3021587983e-01
     vertex 2.1026254006e+00 7.1316815280e-03 2.3021587983e-01
   endloop
 endfacet
 facet normal  -2.3012793862e-01 9.6104447897e-01 1.5308377221e-01
   outer loop
     vertex 2.0629752945e+00 8.4688718145e-03 1.6221587983e-01
     vertex 2.0537882364e+00 6.2689749340e-03 1.6221587983e-01
     vertex 2.0948889305e+00 5.2791367866e-03 2.3021587983e-01
   endloop
 endfacet
 facet normal  -3.8461317826e-01 8.8985440231e-01 2.4542177124e-01
   outer loop
     vertex 2.0537882364e+00 6.2689749340e-03 1.6221587983e-01
     vertex 2.0897111343e+00 3.0411879043e-03 2.3021587983e-01
     vertex 2.0948889305e+00 5.2791367866e-03 2.3021587983e-01
   endloop
 endfacet
 facet normal  -3.8461317826e-01 8.8985440231e-01 2.4542177124e-01
   outer loop
     vertex 2.0537882364e+00 6.2689749340e-03 1.6221587983e-01
     vertex 2.0476396034e+00 3.6114106364e-03 1.6221587983e-01
     vertex 2.0897111343e+00 3.0411879043e-03 2.3021587983e-01
   endloop
 endfacet
 facet normal  -7.1946127377e-01 5.2939864012e-01 4.4956929987e-01
   outer loop
     vertex 2.0476396034e+00 3.6114106364e-03 1.6221587983e-01
     vertex 2.0874733478e+00 1.2491397351e-17 2.3021587983e-01
     vertex 2.0897111343e+00 3.0411879043e-03 2.3021587983e-01
   endloop
 endfacet
 facet normal  -7.1946127377e-01 5.2939864012e-01 4.4956929987e-01
   outer loop
     vertex 2.0476396034e+00 3.6114106364e-03 1.6221587983e-01
     vertex 2.0449822319e+00 8.3275982342e-18 1.6221587983e-01
     vertex 2.0874733478e+00 1.2491397351e-17 2.3021587983e-01
   endloop
 endfacet
 facet normal  -7.1946127377e-01 -5.2939864012e-01 4.4956929987e-01
   outer loop
     vertex 2.0449822319e+00 8.3275982342e-18 1.6221587983e-01
     vertex 2.0476396034e+00 -3.6114106364e-03 1.6221587983e-01
     vertex 2.0874733478e+00 1.2491397351e-17 2.3021587983e-01
   endloop
 endfacet
 facet normal  -7.1946127377e-01 -5.2939864012e-01 4.4956929987e-01
   outer loop
     vertex 2.0874733478e+00 1.2491397351e-17 2.3021587983e-01
     vertex 2.0476396034e+00 -3.6114106364e-03 1.6221587983e-01
     vertex 2.0897111343e+00 -3.0411879043e-03 2.3021587983e-01
   endloop
 endfacet
 facet normal  -3.8461317826e-01 -8.8985440231e-01 2.4542177124e-01
   outer loop
     vertex 2.0476396034e+00 -3.6114106364e-03 1.6221587983e-01
     vertex 2.0537882364e+00 -6.2689749340e-03 1.6221587983e-01
     vertex 2.0897111343e+00 -3.0411879043e-03 2.3021587983e-01
   endloop
 endfacet
 facet normal  -3.8461317826e-01 -8.8985440231e-01 2.4542177124e-01
   outer loop
     vertex 2.0897111343e+00 -3.0411879043e-03 2.3021587983e-01
     vertex 2.0537882364e+00 -6.2689749340e-03 1.6221587983e-01
     vertex 2.0948889305e+00 -5.2791367866e-03 2.3021587983e-01
   endloop
 endfacet
 facet normal  -2.3012793862e-01 -9.6104447897e-01 1.5308377221e-01
   outer loop
     vertex 2.0537882364e+00 -6.2689749340e-03 1.6221587983e-01
     vertex 2.0629752945e+00 -8.4688718145e-03 1.6221587983e-01
     vertex 2.0948889305e+00 -5.2791367866e-03 2.3021587983e-01
   endloop
 endfacet
 facet normal  -2.3012793862e-01 -9.6104447897e-01 1.5308377221e-01
   outer loop
     vertex 2.0948889305e+00 -5.2791367866e-03 2.3021587983e-01
     vertex 2.0629752945e+00 -8.4688718145e-03 1.6221587983e-01
     vertex 2.1026254006e+00 -7.1316815280e-03 2.3021587983e-01
   endloop
 endfacet
 facet normal  -1.3989868676e-01 -9.8500701619e-01 1.0094322910e-01
   outer loop
     vertex 2.0629752945e+00 -8.4688718145e-03 1.6221587983e-01
     vertex 2.0757610977e+00 -1.0284815300e-02 1.6221587983e-01
     vertex 2.1026254006e+00 -7.1316815280e-03 2.3021587983e-01
   endloop
 endfacet
 facet normal  -1.3989868676e-01 -9.8500701619e-01 1.0094322910e-01
   outer loop
     vertex 2.1026254006e+00 -7.1316815280e-03 2.3021587983e-01
     vertex 2.0757610977e+00 -1.0284815300e-02 1.6221587983e-01
     vertex 2.1133923927e+00 -8.6608970950e-03 2.3021587983e-01
   endloop
 endfacet
 facet normal  -7.6143552277e-02 -9.9491690683e-01 6.5897708183e-02
   outer loop
     vertex 2.0757610977e+00 -1.0284815300e-02 1.6221587983e-01
     vertex 2.0926717087e+00 -1.1579027896e-02 1.6221587983e-01
     vertex 2.1133923927e+00 -8.6608970950e-03 2.3021587983e-01
   endloop
 endfacet
 facet normal  -7.6143552277e-02 -9.9491690683e-01 6.5897708183e-02
   outer loop
     vertex 2.1133923927e+00 -8.6608970950e-03 2.3021587983e-01
     vertex 2.0926717087e+00 -1.1579027896e-02 1.6221587983e-01
     vertex 2.1276329072e+00 -9.7507603334e-03 2.3021587983e-01
   endloop
 endfacet
 facet normal  -2.6984550999e-02 -9.9880582346e-01 4.0727890193e-02
   outer loop
     vertex 2.0926717087e+00 -1.1579027896e-02 1.6221587983e-01
     vertex 2.1138071875e+00 -1.2150041191e-02 1.6221587983e-01
     vertex 2.1276329072e+00 -9.7507603334e-03 2.3021587983e-01
   endloop
 endfacet
 facet normal  -2.6984550999e-02 -9.9880582346e-01 4.0727890193e-02
   outer loop
     vertex 2.1276329072e+00 -9.7507603334e-03 2.3021587983e-01
     vertex 2.1138071875e+00 -1.2150041191e-02 1.6221587983e-01
     vertex 2.1454312051e+00 -1.0231613634e-02 2.3021587983e-01
   endloop
 endfacet
 facet normal  1.1499211017e-02 -9.9967265219e-01 2.2855122219e-02
   outer loop
     vertex 2.1138071875e+00 -1.2150041191e-02 1.6221587983e-01
     vertex 2.1385176696e+00 -1.1865797095e-02 1.6221587983e-01
     vertex 2.1454312051e+00 -1.0231613634e-02 2.3021587983e-01
   endloop
 endfacet
 facet normal  1.1499211017e-02 -9.9967265219e-01 2.2855122219e-02
   outer loop
     vertex 2.1454312051e+00 -1.0231613634e-02 2.3021587983e-01
     vertex 2.1385176696e+00 -1.1865797095e-02 1.6221587983e-01
     vertex 2.1662400322e+00 -9.9922501854e-03 2.3021587983e-01
   endloop
 endfacet
 facet normal  4.0845695234e-02 -9.9910627708e-01 1.0875489768e-02
   outer loop
     vertex 2.1385176696e+00 -1.1865797095e-02 1.6221587983e-01
     vertex 2.1652932498e+00 -1.0771151600e-02 1.6221587983e-01
     vertex 2.1662400322e+00 -9.9922501854e-03 2.3021587983e-01
   endloop
 endfacet
 facet normal  4.0845695234e-02 -9.9910627708e-01 1.0875489768e-02
   outer loop
     vertex 2.1662400322e+00 -9.9922501854e-03 2.3021587983e-01
     vertex 2.1652932498e+00 -1.0771151600e-02 1.6221587983e-01
     vertex 2.1887878892e+00 -9.0704434527e-03 2.3021587983e-01
   endloop
 endfacet
 facet normal  6.2291809622e-02 -9.9805205362e-01 3.4392890201e-03
   outer loop
     vertex 2.1652932498e+00 -1.0771151600e-02 1.6221587983e-01
     vertex 2.2113110137e+00 -7.6646989511e-03 2.3021587983e-01
     vertex 2.1887878892e+00 -9.0704434527e-03 2.3021587983e-01
   endloop
 endfacet
 facet normal  6.2291809622e-02 -9.9805205362e-01 3.4392890201e-03
   outer loop
     vertex 2.1652932498e+00 -1.0771151600e-02 1.6221587983e-01
     vertex 2.1920394602e+00 -9.1018300044e-03 1.6221587983e-01
     vertex 2.2113110137e+00 -7.6646989511e-03 2.3021587983e-01
   endloop
 endfacet
 facet normal  7.7636630114e-02 -9.9698128607e-01 -9.3214279390e-04
   outer loop
     vertex 2.1920394602e+00 -9.1018300044e-03 1.6221587983e-01
     vertex 2.2320592087e+00 -6.0490016872e-03 2.3021587983e-01
     vertex 2.2113110137e+00 -7.6646989511e-03 2.3021587983e-01
   endloop
 endfacet
 facet normal  7.7636630114e-02 -9.9698128607e-01 -9.3214279390e-04
   outer loop
     vertex 2.1920394602e+00 -9.1018300044e-03 1.6221587983e-01
     vertex 2.2166779417e+00 -7.1831895035e-03 1.6221587983e-01
     vertex 2.2320592087e+00 -6.0490016872e-03 2.3021587983e-01
   endloop
 endfacet
 facet normal  8.8795450639e-02 -9.9604383147e-01 -3.4718493769e-03
   outer loop
     vertex 2.2166779417e+00 -7.1831895035e-03 1.6221587983e-01
     vertex 2.2497949239e+00 -4.4678957403e-03 2.3021587983e-01
     vertex 2.2320592087e+00 -6.0490016872e-03 2.3021587983e-01
   endloop
 endfacet
 facet normal  8.8795450639e-02 -9.9604383147e-01 -3.4718493769e-03
   outer loop
     vertex 2.2166779417e+00 -7.1831895035e-03 1.6221587983e-01
     vertex 2.2377391035e+00 -5.3056261916e-03 1.6221587983e-01
     vertex 2.2497949239e+00 -4.4678957403e-03 2.3021587983e-01
   endloop
 endfacet
 facet normal  9.7191937875e-02 -9.9525324625e-01 -4.9702146634e-03
   outer loop
     vertex 2.2377391035e+00 -5.3056261916e-03 1.6221587983e-01
     vertex 2.2640112248e+00 -3.0795959916e-03 2.3021587983e-01
     vertex 2.2497949239e+00 -4.4678957403e-03 2.3021587983e-01
   endloop
 endfacet
 facet normal  9.7191937875e-02 -9.9525324625e-01 -4.9702146634e-03
   outer loop
     vertex 2.2377391035e+00 -5.3056261916e-03 1.6221587983e-01
     vertex 2.2546209608e+00 -3.6570202400e-03 1.6221587983e-01
     vertex 2.2640112248e+00 -3.0795959916e-03 2.3021587983e-01
   endloop
 endfacet
 facet normal  1.0363211761e-01 -9.9459840370e-01 -5.8651133383e-03
   outer loop
     vertex 2.2546209608e+00 -3.6570202400e-03 1.6221587983e-01
     vertex 2.2748301885e+00 -1.9523147494e-03 2.3021587983e-01
     vertex 2.2640112248e+00 -3.0795959916e-03 2.3021587983e-01
   endloop
 endfacet
 facet normal  1.0363211761e-01 -9.9459840370e-01 -5.8651133383e-03
   outer loop
     vertex 2.2546209608e+00 -3.6570202400e-03 1.6221587983e-01
     vertex 2.2674684802e+00 -2.3183737649e-03 1.6221587983e-01
     vertex 2.2748301885e+00 -1.9523147494e-03 2.3021587983e-01
   endloop
 endfacet
 facet normal  1.0858666209e-01 -9.9406635644e-01 -6.4043585121e-03
   outer loop
     vertex 2.2674684802e+00 -2.3183737649e-03 1.6221587983e-01
     vertex 2.2827428537e+00 -1.0879761757e-03 2.3021587983e-01
     vertex 2.2748301885e+00 -1.9523147494e-03 2.3021587983e-01
   endloop
 endfacet
 facet normal  1.0858666209e-01 -9.9406635644e-01 -6.4043585121e-03
   outer loop
     vertex 2.2674684802e+00 -2.3183737649e-03 1.6221587983e-01
     vertex 2.2768647701e+00 -1.2919717087e-03 1.6221587983e-01
     vertex 2.2827428537e+00 -1.0879761757e-03 2.3021587983e-01
   endloop
 endfacet
 facet normal  1.1231143502e-01 -9.9365028112e-01 -6.7275850432e-03
   outer loop
     vertex 2.2768647701e+00 -1.2919717087e-03 1.6221587983e-01
     vertex 2.2883633237e+00 -4.5269929114e-04 2.3021587983e-01
     vertex 2.2827428537e+00 -1.0879761757e-03 2.3021587983e-01
   endloop
 endfacet
 facet normal  1.1231143502e-01 -9.9365028112e-01 -6.7275850432e-03
   outer loop
     vertex 2.2768647701e+00 -1.2919717087e-03 1.6221587983e-01
     vertex 2.2835390783e+00 -5.3758040823e-04 1.6221587983e-01
     vertex 2.2883633237e+00 -4.5269929114e-04 2.3021587983e-01
   endloop
 endfacet
 facet normal  1.1500812010e-01 -9.9334045310e-01 -6.9192875324e-03
   outer loop
     vertex 2.2835390783e+00 -5.3758040823e-04 1.6221587983e-01
     vertex 2.2922733478e+00 1.2491397351e-17 2.3021587983e-01
     vertex 2.2883633237e+00 -4.5269929114e-04 2.3021587983e-01
   endloop
 endfacet
 facet normal  1.1500812010e-01 -9.9334045310e-01 -6.9192875324e-03
   outer loop
     vertex 2.2835390783e+00 -5.3758040823e-04 1.6221587983e-01
     vertex 2.2881822319e+00 8.3275982342e-18 1.6221587983e-01
     vertex 2.2922733478e+00 1.2491397351e-17 2.3021587983e-01
   endloop
 endfacet
 facet normal  1.1500812010e-01 9.9334045310e-01 -6.9192875324e-03
   outer loop
     vertex 2.2922733478e+00 1.2491397351e-17 2.3021587983e-01
     vertex 2.2931875692e+00 3.6781817405e-04 2.9821587983e-01
     vertex 2.2963644637e+00 1.6655196468e-17 2.9821587983e-01
   endloop
 endfacet
 facet normal  1.1500812010e-01 9.9334045310e-01 -6.9192875324e-03
   outer loop
     vertex 2.2922733478e+00 1.2491397351e-17 2.3021587983e-01
     vertex 2.2883633237e+00 4.5269929114e-04 2.3021587983e-01
     vertex 2.2931875692e+00 3.6781817405e-04 2.9821587983e-01
   endloop
 endfacet
 facet normal  1.1231143502e-01 9.9365028112e-01 -6.7275850432e-03
   outer loop
     vertex 2.2883633237e+00 4.5269929114e-04 2.3021587983e-01
     vertex 2.2886209373e+00 8.8398064278e-04 2.9821587983e-01
     vertex 2.2931875692e+00 3.6781817405e-04 2.9821587983e-01
   endloop
 endfacet
 facet normal  1.1231143502e-01 9.9365028112e-01 -6.7275850432e-03
   outer loop
     vertex 2.2883633237e+00 4.5269929114e-04 2.3021587983e-01
     vertex 2.2827428537e+00 1.0879761757e-03 2.3021587983e-01
     vertex 2.2886209373e+00 8.8398064278e-04 2.9821587983e-01
   endloop
 endfacet
 facet normal  1.0858666209e-01 9.9406635644e-01 -6.4043585121e-03
   outer loop
     vertex 2.2827428537e+00 1.0879761757e-03 2.3021587983e-01
     vertex 2.2821918968e+00 1.5862557339e-03 2.9821587983e-01
     vertex 2.2886209373e+00 8.8398064278e-04 2.9821587983e-01
   endloop
 endfacet
 facet normal  1.0858666209e-01 9.9406635644e-01 -6.4043585121e-03
   outer loop
     vertex 2.2827428537e+00 1.0879761757e-03 2.3021587983e-01
     vertex 2.2748301885e+00 1.9523147494e-03 2.3021587983e-01
     vertex 2.2821918968e+00 1.5862557339e-03 2.9821587983e-01
   endloop
 endfacet
 facet normal  1.0363211761e-01 9.9459840370e-01 -5.8651133383e-03
   outer loop
     vertex 2.2748301885e+00 1.9523147494e-03 2.3021587983e-01
     vertex 2.2734014888e+00 2.5021717432e-03 2.9821587983e-01
     vertex 2.2821918968e+00 1.5862557339e-03 2.9821587983e-01
   endloop
 endfacet
 facet normal  1.0363211761e-01 9.9459840370e-01 -5.8651133383e-03
   outer loop
     vertex 2.2748301885e+00 1.9523147494e-03 2.3021587983e-01
     vertex 2.2640112248e+00 3.0795959916e-03 2.3021587983e-01
     vertex 2.2734014888e+00 2.5021717432e-03 2.9821587983e-01
   endloop
 endfacet
 facet normal  9.7191937875e-02 9.9525324625e-01 -4.9702146634e-03
   outer loop
     vertex 2.2640112248e+00 3.0795959916e-03 2.3021587983e-01
     vertex 2.2618507443e+00 3.6301652890e-03 2.9821587983e-01
     vertex 2.2734014888e+00 2.5021717432e-03 2.9821587983e-01
   endloop
 endfacet
 facet normal  9.7191937875e-02 9.9525324625e-01 -4.9702146634e-03
   outer loop
     vertex 2.2640112248e+00 3.0795959916e-03 2.3021587983e-01
     vertex 2.2497949239e+00 4.4678957403e-03 2.3021587983e-01
     vertex 2.2618507443e+00 3.6301652890e-03 2.9821587983e-01
   endloop
 endfacet
 facet normal  8.8795450639e-02 9.9604383147e-01 -3.4718493769e-03
   outer loop
     vertex 2.2497949239e+00 4.4678957403e-03 2.3021587983e-01
     vertex 2.2474404757e+00 4.9148138708e-03 2.9821587983e-01
     vertex 2.2618507443e+00 3.6301652890e-03 2.9821587983e-01
   endloop
 endfacet
 facet normal  8.8795450639e-02 9.9604383147e-01 -3.4718493769e-03
   outer loop
     vertex 2.2497949239e+00 4.4678957403e-03 2.3021587983e-01
     vertex 2.2320592087e+00 6.0490016872e-03 2.3021587983e-01
     vertex 2.2474404757e+00 4.9148138708e-03 2.9821587983e-01
   endloop
 endfacet
 facet normal  7.7636630114e-02 9.9698128607e-01 -9.3214279390e-04
   outer loop
     vertex 2.2320592087e+00 6.0490016872e-03 2.3021587983e-01
     vertex 2.2305825673e+00 6.2275678978e-03 2.9821587983e-01
     vertex 2.2474404757e+00 4.9148138708e-03 2.9821587983e-01
   endloop
 endfacet
 facet normal  7.7636630114e-02 9.9698128607e-01 -9.3214279390e-04
   outer loop
     vertex 2.2320592087e+00 6.0490016872e-03 2.3021587983e-01
     vertex 2.2113110137e+00 7.6646989511e-03 2.3021587983e-01
     vertex 2.2305825673e+00 6.2275678978e-03 2.9821587983e-01
   endloop
 endfacet
 facet normal  6.2291809622e-02 9.9805205362e-01 3.4392890201e-03
   outer loop
     vertex 2.2113110137e+00 7.6646989511e-03 2.3021587983e-01
     vertex 2.2122825286e+00 7.3697353053e-03 2.9821587983e-01
     vertex 2.2305825673e+00 6.2275678978e-03 2.9821587983e-01
   endloop
 endfacet
 facet normal  6.2291809622e-02 9.9805205362e-01 3.4392890201e-03
   outer loop
     vertex 2.2113110137e+00 7.6646989511e-03 2.3021587983e-01
     vertex 2.1887878892e+00 9.0704434527e-03 2.3021587983e-01
     vertex 2.2122825286e+00 7.3697353053e-03 2.9821587983e-01
   endloop
 endfacet
 facet normal  4.0845695234e-02 9.9910627708e-01 1.0875489768e-02
   outer loop
     vertex 2.1887878892e+00 9.0704434527e-03 2.3021587983e-01
     vertex 2.1662400322e+00 9.9922501854e-03 2.3021587983e-01
     vertex 2.2122825286e+00 7.3697353053e-03 2.9821587983e-01
   endloop
 endfacet
 facet normal  4.0845695234e-02 9.9910627708e-01 1.0875489768e-02
   outer loop
     vertex 2.2122825286e+00 7.3697353053e-03 2.9821587983e-01
     vertex 2.1662400322e+00 9.9922501854e-03 2.3021587983e-01
     vertex 2.1939623948e+00 8.1187032756e-03 2.9821587983e-01
   endloop
 endfacet
 facet normal  1.1499211017e-02 9.9967265219e-01 2.2855122219e-02
   outer loop
     vertex 2.1662400322e+00 9.9922501854e-03 2.3021587983e-01
     vertex 2.1454312051e+00 1.0231613634e-02 2.3021587983e-01
     vertex 2.1939623948e+00 8.1187032756e-03 2.9821587983e-01
   endloop
 endfacet
 facet normal  1.1499211017e-02 9.9967265219e-01 2.2855122219e-02
   outer loop
     vertex 2.1939623948e+00 8.1187032756e-03 2.9821587983e-01
     vertex 2.1454312051e+00 1.0231613634e-02 2.3021587983e-01
     vertex 2.1770552228e+00 8.3131860780e-03 2.9821587983e-01
   endloop
 endfacet
 facet normal  -2.6984550999e-02 9.9880582346e-01 4.0727890193e-02
   outer loop
     vertex 2.1454312051e+00 1.0231613634e-02 2.3021587983e-01
     vertex 2.1276329072e+00 9.7507603334e-03 2.3021587983e-01
     vertex 2.1770552228e+00 8.3131860780e-03 2.9821587983e-01
   endloop
 endfacet
 facet normal  -2.6984550999e-02 9.9880582346e-01 4.0727890193e-02
   outer loop
     vertex 2.1770552228e+00 8.3131860780e-03 2.9821587983e-01
     vertex 2.1276329072e+00 9.7507603334e-03 2.3021587983e-01
     vertex 2.1625941058e+00 7.9224927709e-03 2.9821587983e-01
   endloop
 endfacet
 facet normal  -7.6143552277e-02 9.9491690683e-01 6.5897708183e-02
   outer loop
     vertex 2.1276329072e+00 9.7507603334e-03 2.3021587983e-01
     vertex 2.1133923927e+00 8.6608970950e-03 2.3021587983e-01
     vertex 2.1625941058e+00 7.9224927709e-03 2.9821587983e-01
   endloop
 endfacet
 facet normal  -7.6143552277e-02 9.9491690683e-01 6.5897708183e-02
   outer loop
     vertex 2.1625941058e+00 7.9224927709e-03 2.9821587983e-01
     vertex 2.1133923927e+00 8.6608970950e-03 2.3021587983e-01
     vertex 2.1510236877e+00 7.0369788897e-03 2.9821587983e-01
   endloop
 endfacet
 facet normal  -1.3989868676e-01 9.8500701619e-01 1.0094322910e-01
   outer loop
     vertex 2.1133923927e+00 8.6608970950e-03 2.3021587983e-01
     vertex 2.1026254006e+00 7.1316815280e-03 2.3021587983e-01
     vertex 2.1510236877e+00 7.0369788897e-03 2.9821587983e-01
   endloop
 endfacet
 facet normal  -1.3989868676e-01 9.8500701619e-01 1.0094322910e-01
   outer loop
     vertex 2.1510236877e+00 7.0369788897e-03 2.9821587983e-01
     vertex 2.1026254006e+00 7.1316815280e-03 2.3021587983e-01
     vertex 2.1422755066e+00 5.7944912415e-03 2.9821587983e-01
   endloop
 endfacet
 facet normal  -2.3012793862e-01 9.6104447897e-01 1.5308377221e-01
   outer loop
     vertex 2.1026254006e+00 7.1316815280e-03 2.3021587983e-01
     vertex 2.0948889305e+00 5.2791367866e-03 2.3021587983e-01
     vertex 2.1422755066e+00 5.7944912415e-03 2.9821587983e-01
   endloop
 endfacet
 facet normal  -2.3012793862e-01 9.6104447897e-01 1.5308377221e-01
   outer loop
     vertex 2.1422755066e+00 5.7944912415e-03 2.9821587983e-01
     vertex 2.0948889305e+00 5.2791367866e-03 2.3021587983e-01
     vertex 2.1359896247e+00 4.2892986391e-03 2.9821587983e-01
   endloop
 endfacet
 facet normal  -3.8461317826e-01 8.8985440231e-01 2.4542177124e-01
   outer loop
     vertex 2.0948889305e+00 5.2791367866e-03 2.3021587983e-01
     vertex 2.0897111343e+00 3.0411879043e-03 2.3021587983e-01
     vertex 2.1359896247e+00 4.2892986391e-03 2.9821587983e-01
   endloop
 endfacet
 facet normal  -3.8461317826e-01 8.8985440231e-01 2.4542177124e-01
   outer loop
     vertex 2.1359896247e+00 4.2892986391e-03 2.9821587983e-01
     vertex 2.0897111343e+00 3.0411879043e-03 2.3021587983e-01
     vertex 2.1317826653e+00 2.4709651723e-03 2.9821587983e-01
   endloop
 endfacet
 facet normal  -7.1946127377e-01 5.2939864012e-01 4.4956929987e-01
   outer loop
     vertex 2.0897111343e+00 3.0411879043e-03 2.3021587983e-01
     vertex 2.0874733478e+00 1.2491397351e-17 2.3021587983e-01
     vertex 2.1317826653e+00 2.4709651723e-03 2.9821587983e-01
   endloop
 endfacet
 facet normal  -7.1946127377e-01 5.2939864012e-01 4.4956929987e-01
   outer loop
     vertex 2.1317826653e+00 2.4709651723e-03 2.9821587983e-01
     vertex 2.0874733478e+00 1.2491397351e-17 2.3021587983e-01
     vertex 2.1299644637e+00 1.6655196468e-17 2.9821587983e-01
   endloop
 endfacet
 facet normal  -7.1946127377e-01 -5.2939864012e-01 4.4956929987e-01
   outer loop
     vertex 2.0874733478e+00 1.2491397351e-17 2.3021587983e-01
     vertex 2.1317826653e+00 -2.4709651723e-03 2.9821587983e-01
     vertex 2.1299644637e+00 1.6655196468e-17 2.9821587983e-01
   endloop
 endfacet
 facet normal  -7.1946127377e-01 -5.2939864012e-01 4.4956929987e-01
   outer loop
     vertex 2.0874733478e+00 1.2491397351e-17 2.3021587983e-01
     vertex 2.0897111343e+00 -3.0411879043e-03 2.3021587983e-01
     vertex 2.1317826653e+00 -2.4709651723e-03 2.9821587983e-01
   endloop
 endfacet
 facet normal  -3.8461317826e-01 -8.8985440231e-01 2.4542177124e-01
   outer loop
     vertex 2.0897111343e+00 -3.0411879043e-03 2.3021587983e-01
     vertex 2.1359896247e+00 -4.2892986391e-03 2.9821587983e-01
     vertex 2.1317826653e+00 -2.4709651723e-03 2.9821587983e-01
   endloop
 endfacet
 facet normal  -3.8461317826e-01 -8.8985440231e-01 2.4542177124e-01
   outer loop
     vertex 2.0897111343e+00 -3.0411879043e-03 2.3021587983e-01
     vertex 2.0948889305e+00 -5.2791367866e-03 2.3021587983e-01
     vertex 2.1359896247e+00 -4.2892986391e-03 2.9821587983e-01
   endloop
 endfacet
 facet normal  -2.3012793862e-01 -9.6104447897e-01 1.5308377221e-01
   outer loop
     vertex 2.0948889305e+00 -5.2791367866e-03 2.3021587983e-01
     vertex 2.1422755066e+00 -5.7944912415e-03 2.9821587983e-01
     vertex 2.1359896247e+00 -4.2892986391e-03 2.9821587983e-01
   endloop
 endfacet
 facet normal  -2.3012793862e-01 -9.6104447897e-01 1.5308377221e-01
   outer loop
     vertex 2.0948889305e+00 -5.2791367866e-03 2.3021587983e-01
     vertex 2.1026254006e+00 -7.1316815280e-03 2.3021587983e-01
     vertex 2.1422755066e+00 -5.7944912415e-03 2.9821587983e-01
   endloop
 endfacet
 facet normal  -1.3989868676e-01 -9.8500701619e-01 1.0094322910e-01
   outer loop
     vertex 2.1026254006e+00 -7.1316815280e-03 2.3021587983e-01
     vertex 2.1510236877e+00 -7.0369788897e-03 2.9821587983e-01
     vertex 2.1422755066e+00 -5.7944912415e-03 2.9821587983e-01
   endloop
 endfacet
 facet normal  -1.3989868676e-01 -9.8500701619e-01 1.0094322910e-01
   outer loop
     vertex 2.1026254006e+00 -7.1316815280e-03 2.3021587983e-01
     vertex 2.1133923927e+00 -8.6608970950e-03 2.3021587983e-01
     vertex 2.1510236877e+00 -7.0369788897e-03 2.9821587983e-01
   endloop
 endfacet
 facet normal  -7.6143552277e-02 -9.9491690683e-01 6.5897708183e-02
   outer loop
     vertex 2.1133923927e+00 -8.6608970950e-03 2.3021587983e-01
     vertex 2.1625941058e+00 -7.9224927709e-03 2.9821587983e-01
     vertex 2.1510236877e+00 -7.0369788897e-03 2.9821587983e-01
   endloop
 endfacet
 facet normal  -7.6143552277e-02 -9.9491690683e-01 6.5897708183e-02
   outer loop
     vertex 2.1133923927e+00 -8.6608970950e-03 2.3021587983e-01
     vertex 2.1276329072e+00 -9.7507603334e-03 2.3021587983e-01
     vertex 2.1625941058e+00 -7.9224927709e-03 2.9821587983e-01
   endloop
 endfacet
 facet normal  -2.6984550999e-02 -9.9880582346e-01 4.0727890193e-02
   outer loop
     vertex 2.1276329072e+00 -9.7507603334e-03 2.3021587983e-01
     vertex 2.1770552228e+00 -8.3131860780e-03 2.9821587983e-01
     vertex 2.1625941058e+00 -7.9224927709e-03 2.9821587983e-01
   endloop
 endfacet
 facet normal  -2.6984550999e-02 -9.9880582346e-01 4.0727890193e-02
   outer loop
     vertex 2.1276329072e+00 -9.7507603334e-03 2.3021587983e-01
     vertex 2.1454312051e+00 -1.0231613634e-02 2.3021587983e-01
     vertex 2.1770552228e+00 -8.3131860780e-03 2.9821587983e-01
   endloop
 endfacet
 facet normal  1.1499211017e-02 -9.9967265219e-01 2.2855122219e-02
   outer loop
     vertex 2.1454312051e+00 -1.0231613634e-02 2.3021587983e-01
     vertex 2.1939623948e+00 -8.1187032756e-03 2.9821587983e-01
     vertex 2.1770552228e+00 -8.3131860780e-03 2.9821587983e-01
   endloop
 endfacet
 facet normal  1.1499211017e-02 -9.9967265219e-01 2.2855122219e-02
   outer loop
     vertex 2.1454312051e+00 -1.0231613634e-02 2.3021587983e-01
     vertex 2.1662400322e+00 -9.9922501854e-03 2.3021587983e-01
     vertex 2.1939623948e+00 -8.1187032756e-03 2.9821587983e-01
   endloop
 endfacet
 facet normal  4.0845695234e-02 -9.9910627708e-01 1.0875489768e-02
   outer loop
     vertex 2.1662400322e+00 -9.9922501854e-03 2.3021587983e-01
     vertex 2.2122825286e+00 -7.3697353053e-03 2.9821587983e-01
     vertex 2.1939623948e+00 -8.1187032756e-03 2.9821587983e-01
   endloop
 endfacet
 facet normal  4.0845695234e-02 -9.9910627708e-01 1.0875489768e-02
   outer loop
     vertex 2.1662400322e+00 -9.9922501854e-03 2.3021587983e-01
     vertex 2.1887878892e+00 -9.0704434527e-03 2.3021587983e-01
     vertex 2.2122825286e+00 -7.3697353053e-03 2.9821587983e-01
   endloop
 endfacet
 facet normal  6.2291809622e-02 -9.9805205362e-01 3.4392890201e-03
   outer loop
     vertex 2.1887878892e+00 -9.0704434527e-03 2.3021587983e-01
     vertex 2.2113110137e+00 -7.6646989511e-03 2.3021587983e-01
     vertex 2.2122825286e+00 -7.3697353053e-03 2.9821587983e-01
   endloop
 endfacet
 facet normal  6.2291809622e-02 -9.9805205362e-01 3.4392890201e-03
   outer loop
     vertex 2.2122825286e+00 -7.3697353053e-03 2.9821587983e-01
     vertex 2.2113110137e+00 -7.6646989511e-03 2.3021587983e-01
     vertex 2.2305825673e+00 -6.2275678978e-03 2.9821587983e-01
   endloop
 endfacet
 facet normal  7.7636630114e-02 -9.9698128607e-01 -9.3214279390e-04
   outer loop
     vertex 2.2113110137e+00 -7.6646989511e-03 2.3021587983e-01
     vertex 2.2320592087e+00 -6.0490016872e-03 2.3021587983e-01
     vertex 2.2305825673e+00 -6.2275678978e-03 2.9821587983e-01
   endloop
 endfacet
 facet normal  7.7636630114e-02 -9.9698128607e-01 -9.3214279390e-04
   outer loop
     vertex 2.2305825673e+00 -6.2275678978e-03 2.9821587983e-01
     vertex 2.2320592087e+00 -6.0490016872e-03 2.3021587983e-01
     vertex 2.2474404757e+00 -4.9148138708e-03 2.9821587983e-01
   endloop
 endfacet
 facet normal  8.8795450639e-02 -9.9604383147e-01 -3.4718493769e-03
   outer loop
     vertex 2.2320592087e+00 -6.0490016872e-03 2.3021587983e-01
     vertex 2.2497949239e+00 -4.4678957403e-03 2.3021587983e-01
     vertex 2.2474404757e+00 -4.9148138708e-03 2.9821587983e-01
   endloop
 endfacet
 facet normal  8.8795450639e-02 -9.9604383147e-01 -3.4718493769e-03
   outer loop
     vertex 2.2474404757e+00 -4.9148138708e-03 2.9821587983e-01
     vertex 2.2497949239e+00 -4.4678957403e-03 2.3021587983e-01
     vertex 2.2618507443e+00 -3.6301652890e-03 2.9821587983e-01
   endloop
 endfacet
 facet normal  9.7191937875e-02 -9.9525324625e-01 -4.9702146634e-03
   outer loop
     vertex 2.2497949239e+00 -4.4678957403e-03 2.3021587983e-01
     vertex 2.2640112248e+00 -3.0795959916e-03 2.3021587983e-01
     vertex 2.2618507443e+00 -3.6301652890e-03 2.9821587983e-01
   endloop
 endfacet
 facet normal  9.7191937875e-02 -9.9525324625e-01 -4.9702146634e-03
   outer loop
     vertex 2.2618507443e+00 -3.6301652890e-03 2.9821587983e-01
     vertex 2.2640112248e+00 -3.0795959916e-03 2.3021587983e-01
     vertex 2.2734014888e+00 -2.5021717432e-03 2.9821587983e-01
   endloop
 endfacet
 facet normal  1.0363211761e-01 -9.9459840370e-01 -5.8651133383e-03
   outer loop
     vertex 2.2640112248e+00 -3.0795959916e-03 2.3021587983e-01
     vertex 2.2748301885e+00 -1.9523147494e-03 2.3021587983e-01
     vertex 2.2734014888e+00 -2.5021717432e-03 2.9821587983e-01
   endloop
 endfacet
 facet normal  1.0363211761e-01 -9.9459840370e-01 -5.8651133383e-03
   outer loop
     vertex 2.2734014888e+00 -2.5021717432e-03 2.9821587983e-01
     vertex 2.2748301885e+00 -1.9523147494e-03 2.3021587983e-01
     vertex 2.2821918968e+00 -1.5862557339e-03 2.9821587983e-01
   endloop
 endfacet
 facet normal  1.0858666209e-01 -9.9406635644e-01 -6.4043585121e-03
   outer loop
     vertex 2.2748301885e+00 -1.9523147494e-03 2.3021587983e-01
     vertex 2.2827428537e+00 -1.0879761757e-03 2.3021587983e-01
     vertex 2.2821918968e+00 -1.5862557339e-03 2.9821587983e-01
   endloop
 endfacet
 facet normal  1.0858666209e-01 -9.9406635644e-01 -6.4043585121e-03
   outer loop
     vertex 2.2821918968e+00 -1.5862557339e-03 2.9821587983e-01
     vertex 2.2827428537e+00 -1.0879761757e-03 2.3021587983e-01
     vertex 2.2886209373e+00 -8.8398064278e-04 2.9821587983e-01
   endloop
 endfacet
 facet normal  1.1231143502e-01 -9.9365028112e-01 -6.7275850432e-03
   outer loop
     vertex 2.2827428537e+00 -1.0879761757e-03 2.3021587983e-01
     vertex 2.2883633237e+00 -4.5269929114e-04 2.3021587983e-01
     vertex 2.2886209373e+00 -8.8398064278e-04 2.9821587983e-01
   endloop
 endfacet
 facet normal  1.1231143502e-01 -9.9365028112e-01 -6.7275850432e-03
   outer loop
     vertex 2.2886209373e+00 -8.8398064278e-04 2.9821587983e-01
     vertex 2.2883633237e+00 -4.5269929114e-04 2.3021587983e-01
     vertex 2.2931875692e+00 -3.6781817405e-04 2.9821587983e-01
   endloop
 endfacet
 facet normal  1.1500812010e-01 -9.9334045310e-01 -6.9192875324e-03
   outer loop
     vertex 2.2883633237e+00 -4.5269929114e-04 2.3021587983e-01
     vertex 2.2922733478e+00 1.2491397351e-17 2.3021587983e-01
     vertex 2.2931875692e+00 -3.6781817405e-04 2.9821587983e-01
   endloop
 endfacet
 facet normal  1.1500812010e-01 -9.9334045310e-01 -6.9192875324e-03
   outer loop
     vertex 2.2931875692e+00 -3.6781817405e-04 2.9821587983e-01
     vertex 2.2922733478e+00 1.2491397351e-17 2.3021587983e-01
     vertex 2.2963644637e+00 1.6655196468e-17 2.9821587983e-01
   endloop
 endfacet
 facet normal  1.1500812010e-01 9.9334045310e-01 -6.9192875324e-03
   outer loop
     vertex 2.2963644637e+00 1.6655196468e-17 2.9821587983e-01
     vertex 2.2980118146e+00 2.8293705696e-04 3.6621587983e-01
     vertex 2.3004555796e+00 2.0818995586e-17 3.6621587983e-01
   endloop
 endfacet
 facet normal  1.1500812010e-01 9.9334045310e-01 -6.9192875324e-03
   outer loop
     vertex 2.2963644637e+00 1.6655196468e-17 2.9821587983e-01
     vertex 2.2931875692e+00 3.6781817405e-04 2.9821587983e-01
     vertex 2.2980118146e+00 2.8293705696e-04 3.6621587983e-01
   endloop
 endfacet
 facet normal  1.1231143502e-01 9.9365028112e-01 -6.7275850432e-03
   outer loop
     vertex 2.2931875692e+00 3.6781817405e-04 2.9821587983e-01
     vertex 2.2944990208e+00 6.7998510983e-04 3.6621587983e-01
     vertex 2.2980118146e+00 2.8293705696e-04 3.6621587983e-01
   endloop
 endfacet
 facet normal  1.1231143502e-01 9.9365028112e-01 -6.7275850432e-03
   outer loop
     vertex 2.2931875692e+00 3.6781817405e-04 2.9821587983e-01
     vertex 2.2886209373e+00 8.8398064278e-04 2.9821587983e-01
     vertex 2.2944990208e+00 6.7998510983e-04 3.6621587983e-01
   endloop
 endfacet
 facet normal  1.0858666209e-01 9.9406635644e-01 -6.4043585121e-03
   outer loop
     vertex 2.2886209373e+00 8.8398064278e-04 2.9821587983e-01
     vertex 2.2895536051e+00 1.2201967184e-03 3.6621587983e-01
     vertex 2.2944990208e+00 6.7998510983e-04 3.6621587983e-01
   endloop
 endfacet
 facet normal  1.0858666209e-01 9.9406635644e-01 -6.4043585121e-03
   outer loop
     vertex 2.2886209373e+00 8.8398064278e-04 2.9821587983e-01
     vertex 2.2821918968e+00 1.5862557339e-03 2.9821587983e-01
     vertex 2.2895536051e+00 1.2201967184e-03 3.6621587983e-01
   endloop
 endfacet
 facet normal  1.0363211761e-01 9.9459840370e-01 -5.8651133383e-03
   outer loop
     vertex 2.2821918968e+00 1.5862557339e-03 2.9821587983e-01
     vertex 2.2827917528e+00 1.9247474947e-03 3.6621587983e-01
     vertex 2.2895536051e+00 1.2201967184e-03 3.6621587983e-01
   endloop
 endfacet
 facet normal  1.0363211761e-01 9.9459840370e-01 -5.8651133383e-03
   outer loop
     vertex 2.2821918968e+00 1.5862557339e-03 2.9821587983e-01
     vertex 2.2734014888e+00 2.5021717432e-03 2.9821587983e-01
     vertex 2.2827917528e+00 1.9247474947e-03 3.6621587983e-01
   endloop
 endfacet
 facet normal  9.7191937875e-02 9.9525324625e-01 -4.9702146634e-03
   outer loop
     vertex 2.2734014888e+00 2.5021717432e-03 2.9821587983e-01
     vertex 2.2739065647e+00 2.7924348377e-03 3.6621587983e-01
     vertex 2.2827917528e+00 1.9247474947e-03 3.6621587983e-01
   endloop
 endfacet
 facet normal  9.7191937875e-02 9.9525324625e-01 -4.9702146634e-03
   outer loop
     vertex 2.2734014888e+00 2.5021717432e-03 2.9821587983e-01
     vertex 2.2618507443e+00 3.6301652890e-03 2.9821587983e-01
     vertex 2.2739065647e+00 2.7924348377e-03 3.6621587983e-01
   endloop
 endfacet
 facet normal  8.8795450639e-02 9.9604383147e-01 -3.4718493769e-03
   outer loop
     vertex 2.2618507443e+00 3.6301652890e-03 2.9821587983e-01
     vertex 2.2628217427e+00 3.7806260545e-03 3.6621587983e-01
     vertex 2.2739065647e+00 2.7924348377e-03 3.6621587983e-01
   endloop
 endfacet
 facet normal  8.8795450639e-02 9.9604383147e-01 -3.4718493769e-03
   outer loop
     vertex 2.2618507443e+00 3.6301652890e-03 2.9821587983e-01
     vertex 2.2474404757e+00 4.9148138708e-03 2.9821587983e-01
     vertex 2.2628217427e+00 3.7806260545e-03 3.6621587983e-01
   endloop
 endfacet
 facet normal  7.7636630114e-02 9.9698128607e-01 -9.3214279390e-04
   outer loop
     vertex 2.2474404757e+00 4.9148138708e-03 2.9821587983e-01
     vertex 2.2498541209e+00 4.7904368444e-03 3.6621587983e-01
     vertex 2.2628217427e+00 3.7806260545e-03 3.6621587983e-01
   endloop
 endfacet
 facet normal  7.7636630114e-02 9.9698128607e-01 -9.3214279390e-04
   outer loop
     vertex 2.2474404757e+00 4.9148138708e-03 2.9821587983e-01
     vertex 2.2305825673e+00 6.2275678978e-03 2.9821587983e-01
     vertex 2.2498541209e+00 4.7904368444e-03 3.6621587983e-01
   endloop
 endfacet
 facet normal  6.2291809622e-02 9.9805205362e-01 3.4392890201e-03
   outer loop
     vertex 2.2305825673e+00 6.2275678978e-03 2.9821587983e-01
     vertex 2.2357771680e+00 5.6690271579e-03 3.6621587983e-01
     vertex 2.2498541209e+00 4.7904368444e-03 3.6621587983e-01
   endloop
 endfacet
 facet normal  6.2291809622e-02 9.9805205362e-01 3.4392890201e-03
   outer loop
     vertex 2.2305825673e+00 6.2275678978e-03 2.9821587983e-01
     vertex 2.2122825286e+00 7.3697353053e-03 2.9821587983e-01
     vertex 2.2357771680e+00 5.6690271579e-03 3.6621587983e-01
   endloop
 endfacet
 facet normal  4.0845695234e-02 9.9910627708e-01 1.0875489768e-02
   outer loop
     vertex 2.2122825286e+00 7.3697353053e-03 2.9821587983e-01
     vertex 2.1939623948e+00 8.1187032756e-03 2.9821587983e-01
     vertex 2.2357771680e+00 5.6690271579e-03 3.6621587983e-01
   endloop
 endfacet
 facet normal  4.0845695234e-02 9.9910627708e-01 1.0875489768e-02
   outer loop
     vertex 2.2357771680e+00 5.6690271579e-03 3.6621587983e-01
     vertex 2.1939623948e+00 8.1187032756e-03 2.9821587983e-01
     vertex 2.2216847574e+00 6.2451563659e-03 3.6621587983e-01
   endloop
 endfacet
 facet normal  1.1499211017e-02 9.9967265219e-01 2.2855122219e-02
   outer loop
     vertex 2.1939623948e+00 8.1187032756e-03 2.9821587983e-01
     vertex 2.1770552228e+00 8.3131860780e-03 2.9821587983e-01
     vertex 2.2216847574e+00 6.2451563659e-03 3.6621587983e-01
   endloop
 endfacet
 facet normal  1.1499211017e-02 9.9967265219e-01 2.2855122219e-02
   outer loop
     vertex 2.2216847574e+00 6.2451563659e-03 3.6621587983e-01
     vertex 2.1770552228e+00 8.3131860780e-03 2.9821587983e-01
     vertex 2.2086792405e+00 6.3947585216e-03 3.6621587983e-01
   endloop
 endfacet
 facet normal  -2.6984550999e-02 9.9880582346e-01 4.0727890193e-02
   outer loop
     vertex 2.1770552228e+00 8.3131860780e-03 2.9821587983e-01
     vertex 2.1625941058e+00 7.9224927709e-03 2.9821587983e-01
     vertex 2.2086792405e+00 6.3947585216e-03 3.6621587983e-01
   endloop
 endfacet
 facet normal  -2.6984550999e-02 9.9880582346e-01 4.0727890193e-02
   outer loop
     vertex 2.2086792405e+00 6.3947585216e-03 3.6621587983e-01
     vertex 2.1625941058e+00 7.9224927709e-03 2.9821587983e-01
     vertex 2.1975553043e+00 6.0942252083e-03 3.6621587983e-01
   endloop
 endfacet
 facet normal  -7.6143552277e-02 9.9491690683e-01 6.5897708183e-02
   outer loop
     vertex 2.1625941058e+00 7.9224927709e-03 2.9821587983e-01
     vertex 2.1510236877e+00 7.0369788897e-03 2.9821587983e-01
     vertex 2.1975553043e+00 6.0942252083e-03 3.6621587983e-01
   endloop
 endfacet
 facet normal  -7.6143552277e-02 9.9491690683e-01 6.5897708183e-02
   outer loop
     vertex 2.1975553043e+00 6.0942252083e-03 3.6621587983e-01
     vertex 2.1510236877e+00 7.0369788897e-03 2.9821587983e-01
     vertex 2.1886549827e+00 5.4130606844e-03 3.6621587983e-01
   endloop
 endfacet
 facet normal  -1.3989868676e-01 9.8500701619e-01 1.0094322910e-01
   outer loop
     vertex 2.1510236877e+00 7.0369788897e-03 2.9821587983e-01
     vertex 2.1422755066e+00 5.7944912415e-03 2.9821587983e-01
     vertex 2.1886549827e+00 5.4130606844e-03 3.6621587983e-01
   endloop
 endfacet
 facet normal  -1.3989868676e-01 9.8500701619e-01 1.0094322910e-01
   outer loop
     vertex 2.1886549827e+00 5.4130606844e-03 3.6621587983e-01
     vertex 2.1422755066e+00 5.7944912415e-03 2.9821587983e-01
     vertex 2.1819256126e+00 4.4573009550e-03 3.6621587983e-01
   endloop
 endfacet
 facet normal  -2.3012793862e-01 9.6104447897e-01 1.5308377221e-01
   outer loop
     vertex 2.1422755066e+00 5.7944912415e-03 2.9821587983e-01
     vertex 2.1359896247e+00 4.2892986391e-03 2.9821587983e-01
     vertex 2.1819256126e+00 4.4573009550e-03 3.6621587983e-01
   endloop
 endfacet
 facet normal  -2.3012793862e-01 9.6104447897e-01 1.5308377221e-01
   outer loop
     vertex 2.1819256126e+00 4.4573009550e-03 3.6621587983e-01
     vertex 2.1359896247e+00 4.2892986391e-03 2.9821587983e-01
     vertex 2.1770903189e+00 3.2994604916e-03 3.6621587983e-01
   endloop
 endfacet
 facet normal  -3.8461317826e-01 8.8985440231e-01 2.4542177124e-01
   outer loop
     vertex 2.1359896247e+00 4.2892986391e-03 2.9821587983e-01
     vertex 2.1317826653e+00 2.4709651723e-03 2.9821587983e-01
     vertex 2.1770903189e+00 3.2994604916e-03 3.6621587983e-01
   endloop
 endfacet
 facet normal  -3.8461317826e-01 8.8985440231e-01 2.4542177124e-01
   outer loop
     vertex 2.1770903189e+00 3.2994604916e-03 3.6621587983e-01
     vertex 2.1317826653e+00 2.4709651723e-03 2.9821587983e-01
     vertex 2.1738541962e+00 1.9007424402e-03 3.6621587983e-01
   endloop
 endfacet
 facet normal  -7.1946127377e-01 5.2939864012e-01 4.4956929987e-01
   outer loop
     vertex 2.1317826653e+00 2.4709651723e-03 2.9821587983e-01
     vertex 2.1299644637e+00 1.6655196468e-17 2.9821587983e-01
     vertex 2.1738541962e+00 1.9007424402e-03 3.6621587983e-01
   endloop
 endfacet
 facet normal  -7.1946127377e-01 5.2939864012e-01 4.4956929987e-01
   outer loop
     vertex 2.1738541962e+00 1.9007424402e-03 3.6621587983e-01
     vertex 2.1299644637e+00 1.6655196468e-17 2.9821587983e-01
     vertex 2.1724555796e+00 2.0818995586e-17 3.6621587983e-01
   endloop
 endfacet
 facet normal  -7.1946127377e-01 -5.2939864012e-01 4.4956929987e-01
   outer loop
     vertex 2.1299644637e+00 1.6655196468e-17 2.9821587983e-01
     vertex 2.1738541962e+00 -1.9007424402e-03 3.6621587983e-01
     vertex 2.1724555796e+00 2.0818995586e-17 3.6621587983e-01
   endloop
 endfacet
 facet normal  -7.1946127377e-01 -5.2939864012e-01 4.4956929987e-01
   outer loop
     vertex 2.1299644637e+00 1.6655196468e-17 2.9821587983e-01
     vertex 2.1317826653e+00 -2.4709651723e-03 2.9821587983e-01
     vertex 2.1738541962e+00 -1.9007424402e-03 3.6621587983e-01
   endloop
 endfacet
 facet normal  -3.8461317826e-01 -8.8985440231e-01 2.4542177124e-01
   outer loop
     vertex 2.1317826653e+00 -2.4709651723e-03 2.9821587983e-01
     vertex 2.1770903189e+00 -3.2994604916e-03 3.6621587983e-01
     vertex 2.1738541962e+00 -1.9007424402e-03 3.6621587983e-01
   endloop
 endfacet
 facet normal  -3.8461317826e-01 -8.8985440231e-01 2.4542177124e-01
   outer loop
     vertex 2.1317826653e+00 -2.4709651723e-03 2.9821587983e-01
     vertex 2.1359896247e+00 -4.2892986391e-03 2.9821587983e-01
     vertex 2.1770903189e+00 -3.2994604916e-03 3.6621587983e-01
   endloop
 endfacet
 facet normal  -2.3012793862e-01 -9.6104447897e-01 1.5308377221e-01
   outer loop
     vertex 2.1359896247e+00 -4.2892986391e-03 2.9821587983e-01
     vertex 2.1819256126e+00 -4.4573009550e-03 3.6621587983e-01
     vertex 2.1770903189e+00 -3.2994604916e-03 3.6621587983e-01
   endloop
 endfacet
 facet normal  -2.3012793862e-01 -9.6104447897e-01 1.5308377221e-01
   outer loop
     vertex 2.1359896247e+00 -4.2892986391e-03 2.9821587983e-01
     vertex 2.1422755066e+00 -5.7944912415e-03 2.9821587983e-01
     vertex 2.1819256126e+00 -4.4573009550e-03 3.6621587983e-01
   endloop
 endfacet
 facet normal  -1.3989868676e-01 -9.8500701619e-01 1.0094322910e-01
   outer loop
     vertex 2.1422755066e+00 -5.7944912415e-03 2.9821587983e-01
     vertex 2.1886549827e+00 -5.4130606844e-03 3.6621587983e-01
     vertex 2.1819256126e+00 -4.4573009550e-03 3.6621587983e-01
   endloop
 endfacet
 facet normal  -1.3989868676e-01 -9.8500701619e-01 1.0094322910e-01
   outer loop
     vertex 2.1422755066e+00 -5.7944912415e-03 2.9821587983e-01
     vertex 2.1510236877e+00 -7.0369788897e-03 2.9821587983e-01
     vertex 2.1886549827e+00 -5.4130606844e-03 3.6621587983e-01
   endloop
 endfacet
 facet normal  -7.6143552277e-02 -9.9491690683e-01 6.5897708183e-02
   outer loop
     vertex 2.1510236877e+00 -7.0369788897e-03 2.9821587983e-01
     vertex 2.1975553043e+00 -6.0942252083e-03 3.6621587983e-01
     vertex 2.1886549827e+00 -5.4130606844e-03 3.6621587983e-01
   endloop
 endfacet
 facet normal  -7.6143552277e-02 -9.9491690683e-01 6.5897708183e-02
   outer loop
     vertex 2.1510236877e+00 -7.0369788897e-03 2.9821587983e-01
     vertex 2.1625941058e+00 -7.9224927709e-03 2.9821587983e-01
     vertex 2.1975553043e+00 -6.0942252083e-03 3.6621587983e-01
   endloop
 endfacet
 facet normal  -2.6984550999e-02 -9.9880582346e-01 4.0727890193e-02
   outer loop
     vertex 2.1625941058e+00 -7.9224927709e-03 2.9821587983e-01
     vertex 2.2086792405e+00 -6.3947585216e-03 3.6621587983e-01
     vertex 2.1975553043e+00 -6.0942252083e-03 3.6621587983e-01
   endloop
 endfacet
 facet normal  -2.6984550999e-02 -9.9880582346e-01 4.0727890193e-02
   outer loop
     vertex 2.1625941058e+00 -7.9224927709e-03 2.9821587983e-01
     vertex 2.1770552228e+00 -8.3131860780e-03 2.9821587983e-01
     vertex 2.2086792405e+00 -6.3947585216e-03 3.6621587983e-01
   endloop
 endfacet
 facet normal  1.1499211017e-02 -9.9967265219e-01 2.2855122219e-02
   outer loop
     vertex 2.1770552228e+00 -8.3131860780e-03 2.9821587983e-01
     vertex 2.2216847574e+00 -6.2451563659e-03 3.6621587983e-01
     vertex 2.2086792405e+00 -6.3947585216e-03 3.6621587983e-01
   endloop
 endfacet
 facet normal  1.1499211017e-02 -9.9967265219e-01 2.2855122219e-02
   outer loop
     vertex 2.1770552228e+00 -8.3131860780e-03 2.9821587983e-01
     vertex 2.1939623948e+00 -8.1187032756e-03 2.9821587983e-01
     vertex 2.2216847574e+00 -6.2451563659e-03 3.6621587983e-01
   endloop
 endfacet
 facet normal  4.0845695234e-02 -9.9910627708e-01 1.0875489768e-02
   outer loop
     vertex 2.1939623948e+00 -8.1187032756e-03 2.9821587983e-01
     vertex 2.2357771680e+00 -5.6690271579e-03 3.6621587983e-01
     vertex 2.2216847574e+00 -6.2451563659e-03 3.6621587983e-01
   endloop
 endfacet
 facet normal  4.0845695234e-02 -9.9910627708e-01 1.0875489768e-02
   outer loop
     vertex 2.1939623948e+00 -8.1187032756e-03 2.9821587983e-01
     vertex 2.2122825286e+00 -7.3697353053e-03 2.9821587983e-01
     vertex 2.2357771680e+00 -5.6690271579e-03 3.6621587983e-01
   endloop
 endfacet
 facet normal  6.2291809622e-02 -9.9805205362e-01 3.4392890201e-03
   outer loop
     vertex 2.2122825286e+00 -7.3697353053e-03 2.9821587983e-01
     vertex 2.2305825673e+00 -6.2275678978e-03 2.9821587983e-01
     vertex 2.2357771680e+00 -5.6690271579e-03 3.6621587983e-01
   endloop
 endfacet
 facet normal  6.2291809622e-02 -9.9805205362e-01 3.4392890201e-03
   outer loop
     vertex 2.2357771680e+00 -5.6690271579e-03 3.6621587983e-01
     vertex 2.2305825673e+00 -6.2275678978e-03 2.9821587983e-01
     vertex 2.2498541209e+00 -4.7904368444e-03 3.6621587983e-01
   endloop
 endfacet
 facet normal  7.7636630114e-02 -9.9698128607e-01 -9.3214279390e-04
   outer loop
     vertex 2.2305825673e+00 -6.2275678978e-03 2.9821587983e-01
     vertex 2.2474404757e+00 -4.9148138708e-03 2.9821587983e-01
     vertex 2.2498541209e+00 -4.7904368444e-03 3.6621587983e-01
   endloop
 endfacet
 facet normal  7.7636630114e-02 -9.9698128607e-01 -9.3214279390e-04
   outer loop
     vertex 2.2498541209e+00 -4.7904368444e-03 3.6621587983e-01
     vertex 2.2474404757e+00 -4.9148138708e-03 2.9821587983e-01
     vertex 2.2628217427e+00 -3.7806260545e-03 3.6621587983e-01
   endloop
 endfacet
 facet normal  8.8795450639e-02 -9.9604383147e-01 -3.4718493769e-03
   outer loop
     vertex 2.2474404757e+00 -4.9148138708e-03 2.9821587983e-01
     vertex 2.2618507443e+00 -3.6301652890e-03 2.9821587983e-01
     vertex 2.2628217427e+00 -3.7806260545e-03 3.6621587983e-01
   endloop
 endfacet
 facet normal  8.8795450639e-02 -9.9604383147e-01 -3.4718493769e-03
   outer loop
     vertex 2.2628217427e+00 -3.7806260545e-03 3.6621587983e-01
     vertex 2.2618507443e+00 -3.6301652890e-03 2.9821587983e-01
     vertex 2.2739065647e+00 -2.7924348377e-03 3.6621587983e-01
   endloop
 endfacet
 facet normal  9.7191937875e-02 -9.9525324625e-01 -4.9702146634e-03
   outer loop
     vertex 2.2618507443e+00 -3.6301652890e-03 2.9821587983e-01
     vertex 2.2734014888e+00 -2.5021717432e-03 2.9821587983e-01
     vertex 2.2739065647e+00 -2.7924348377e-03 3.6621587983e-01
   endloop
 endfacet
 facet normal  9.7191937875e-02 -9.9525324625e-01 -4.9702146634e-03
   outer loop
     vertex 2.2739065647e+00 -2.7924348377e-03 3.6621587983e-01
     vertex 2.2734014888e+00 -2.5021717432e-03 2.9821587983e-01
     vertex 2.2827917528e+00 -1.9247474947e-03 3.6621587983e-01
   endloop
 endfacet
 facet normal  1.0363211761e-01 -9.9459840370e-01 -5.8651133383e-03
   outer loop
     vertex 2.2734014888e+00 -2.5021717432e-03 2.9821587983e-01
     vertex 2.2821918968e+00 -1.5862557339e-03 2.9821587983e-01
     vertex 2.2827917528e+00 -1.9247474947e-03 3.6621587983e-01
   endloop
 endfacet
 facet normal  1.0363211761e-01 -9.9459840370e-01 -5.8651133383e-03
   outer loop
     vertex 2.2827917528e+00 -1.9247474947e-03 3.6621587983e-01
     vertex 2.2821918968e+00 -1.5862557339e-03 2.9821587983e-01
     vertex 2.2895536051e+00 -1.2201967184e-03 3.6621587983e-01
   endloop
 endfacet
 facet normal  1.0858666209e-01 -9.9406635644e-01 -6.4043585121e-03
   outer loop
     vertex 2.2821918968e+00 -1.5862557339e-03 2.9821587983e-01
     vertex 2.2886209373e+00 -8.8398064278e-04 2.9821587983e-01
     vertex 2.2895536051e+00 -1.2201967184e-03 3.6621587983e-01
   endloop
 endfacet
 facet normal  1.0858666209e-01 -9.9406635644e-01 -6.4043585121e-03
   outer loop
     vertex 2.2895536051e+00 -1.2201967184e-03 3.6621587983e-01
     vertex 2.2886209373e+00 -8.8398064278e-04 2.9821587983e-01
     vertex 2.2944990208e+00 -6.7998510983e-04 3.6621587983e-01
   endloop
 endfacet
 facet normal  1.1231143502e-01 -9.9365028112e-01 -6.7275850432e-03
   outer loop
     vertex 2.2886209373e+00 -8.8398064278e-04 2.9821587983e-01
     vertex 2.2931875692e+00 -3.6781817405e-04 2.9821587983e-01
     vertex 2.2944990208e+00 -6.7998510983e-04 3.6621587983e-01
   endloop
 endfacet
 facet normal  1.1231143502e-01 -9.9365028112e-01 -6.7275850432e-03
   outer loop
     vertex 2.2944990208e+00 -6.7998510983e-04 3.6621587983e-01
     vertex 2.2931875692e+00 -3.6781817405e-04 2.9821587983e-01
     vertex 2.2980118146e+00 -2.8293705696e-04 3.6621587983e-01
   endloop
 endfacet
 facet normal  1.1500812010e-01 -9.9334045310e-01 -6.9192875324e-03
   outer loop
     vertex 2.2931875692e+00 -3.6781817405e-04 2.9821587983e-01
     vertex 2.2963644637e+00 1.6655196468e-17 2.9821587983e-01
     vertex 2.2980118146e+00 -2.8293705696e-04 3.6621587983e-01
   endloop
 endfacet
 facet normal  1.1500812010e-01 -9.9334045310e-01 -6.9192875324e-03
   outer loop
     vertex 2.2980118146e+00 -2.8293705696e-04 3.6621587983e-01
     vertex 2.2963644637e+00 1.6655196468e-17 2.9821587983e-01
     vertex 2.3004555796e+00 2.0818995586e-17 3.6621587983e-01
   endloop
 endfacet
 facet normal  0.0000000000e+00 0.0000000000e+00 1.0000000000e+00
   outer loop
     vertex 2.3004555796e+00 2.0818995586e-17 3.6621587983e-01
     vertex 2.2980118146e+00 2.8293705696e-04 3.6621587983e-01
     vertex 2.2980118146e+00 1.4146852848e-04 3.6621587983e-01
   endloop
 endfacet
 facet normal  0.0000000000e+00 0.0000000000e+00 1.0000000000e+00
   outer loop
     vertex 2.2980118146e+00 2.8293705696e-04 3.6621587983e-01
     vertex 2.2944990208e+00 3.3999255492e-04 3.6621587983e-01
     vertex 2.2980118146e+00 1.4146852848e-04 3.6621587983e-01
   endloop
 endfacet
 facet normal  0.0000000000e+00 0.0000000000e+00 1.0000000000e+00
   outer loop
     vertex 2.2980118146e+00 2.8293705696e-04 3.6621587983e-01
     vertex 2.2944990208e+00 6.7998510983e-04 3.6621587983e-01
     vertex 2.2944990208e+00 3.3999255492e-04 3.6621587983e-01
   endloop
 endfacet
 facet normal  -0.0000000000e+00 0.0000000000e+00 1.0000000000e+00
   outer loop
     vertex 2.2944990208e+00 6.7998510983e-04 3.6621587983e-01
     vertex 2.2895536051e+00 6.1009835919e-04 3.6621587983e-01
     vertex 2.2944990208e+00 3.3999255492e-04 3.6621587983e-01
   endloop
 endfacet
 facet normal  0.0000000000e+00 0.0000000000e+00 1.0000000000e+00
   outer loop
     vertex 2.2944990208e+00 6.7998510983e-04 3.6621587983e-01
     vertex 2.2895536051e+00 1.2201967184e-03 3.6621587983e-01
     vertex 2.2895536051e+00 6.1009835919e-04 3.6621587983e-01
   endloop
 endfacet
 facet normal  1.6418918485e-14 0.0000000000e+00 1.0000000000e+00
   outer loop
     vertex 2.2895536051e+00 1.2201967184e-03 3.6621587983e-01
     vertex 2.2827917528e+00 9.6237374737e-04 3.6621587983e-01
     vertex 2.2895536051e+00 6.1009835919e-04 3.6621587983e-01
   endloop
 endfacet
 facet normal  1.6418918485e-14 0.0000000000e+00 1.0000000000e+00
   outer loop
     vertex 2.2895536051e+00 1.2201967184e-03 3.6621587983e-01
     vertex 2.2827917528e+00 1.9247474947e-03 3.6621587983e-01
     vertex 2.2827917528e+00 9.6237374737e-04 3.6621587983e-01
   endloop
 endfacet
 facet normal  -1.2495211340e-14 0.0000000000e+00 1.0000000000e+00
   outer loop
     vertex 2.2827917528e+00 1.9247474947e-03 3.6621587983e-01
     vertex 2.2739065647e+00 1.3962174188e-03 3.6621587983e-01
     vertex 2.2827917528e+00 9.6237374737e-04 3.6621587983e-01
   endloop
 endfacet
 facet normal  -1.2495211340e-14 0.0000000000e+00 1.0000000000e+00
   outer loop
     vertex 2.2827917528e+00 1.9247474947e-03 3.6621587983e-01
     vertex 2.2739065647e+00 2.7924348377e-03 3.6621587983e-01
     vertex 2.2739065647e+00 1.3962174188e-03 3.6621587983e-01
   endloop
 endfacet
 facet normal  -0.0000000000e+00 0.0000000000e+00 1.0000000000e+00
   outer loop
     vertex 2.2739065647e+00 2.7924348377e-03 3.6621587983e-01
     vertex 2.2628217427e+00 1.8903130272e-03 3.6621587983e-01
     vertex 2.2739065647e+00 1.3962174188e-03 3.6621587983e-01
   endloop
 endfacet
 facet normal  0.0000000000e+00 0.0000000000e+00 1.0000000000e+00
   outer loop
     vertex 2.2739065647e+00 2.7924348377e-03 3.6621587983e-01
     vertex 2.2628217427e+00 3.7806260545e-03 3.6621587983e-01
     vertex 2.2628217427e+00 1.8903130272e-03 3.6621587983e-01
   endloop
 endfacet
 facet normal  8.5615006246e-15 0.0000000000e+00 1.0000000000e+00
   outer loop
     vertex 2.2628217427e+00 3.7806260545e-03 3.6621587983e-01
     vertex 2.2498541209e+00 2.3952184222e-03 3.6621587983e-01
     vertex 2.2628217427e+00 1.8903130272e-03 3.6621587983e-01
   endloop
 endfacet
 facet normal  8.5615006246e-15 0.0000000000e+00 1.0000000000e+00
   outer loop
     vertex 2.2628217427e+00 3.7806260545e-03 3.6621587983e-01
     vertex 2.2498541209e+00 4.7904368444e-03 3.6621587983e-01
     vertex 2.2498541209e+00 2.3952184222e-03 3.6621587983e-01
   endloop
 endfacet
 facet normal  -7.8868135517e-15 0.0000000000e+00 1.0000000000e+00
   outer loop
     vertex 2.2498541209e+00 4.7904368444e-03 3.6621587983e-01
     vertex 2.2357771680e+00 2.8345135790e-03 3.6621587983e-01
     vertex 2.2498541209e+00 2.3952184222e-03 3.6621587983e-01
   endloop
 endfacet
 facet normal  -7.8868135517e-15 0.0000000000e+00 1.0000000000e+00
   outer loop
     vertex 2.2498541209e+00 4.7904368444e-03 3.6621587983e-01
     vertex 2.2357771680e+00 5.6690271579e-03 3.6621587983e-01
     vertex 2.2357771680e+00 2.8345135790e-03 3.6621587983e-01
   endloop
 endfacet
 facet normal  0.0000000000e+00 0.0000000000e+00 1.0000000000e+00
   outer loop
     vertex 2.2357771680e+00 5.6690271579e-03 3.6621587983e-01
     vertex 2.2216847574e+00 6.2451563659e-03 3.6621587983e-01
     vertex 2.2357771680e+00 2.8345135790e-03 3.6621587983e-01
   endloop
 endfacet
 facet normal  0.0000000000e+00 0.0000000000e+00 1.0000000000e+00
   outer loop
     vertex 2.2357771680e+00 2.8345135790e-03 3.6621587983e-01
     vertex 2.2216847574e+00 6.2451563659e-03 3.6621587983e-01
     vertex 2.2216847574e+00 3.1225781829e-03 3.6621587983e-01
   endloop
 endfacet
 facet normal  0.0000000000e+00 0.0000000000e+00 1.0000000000e+00
   outer loop
     vertex 2.2216847574e+00 6.2451563659e-03 3.6621587983e-01
     vertex 2.2086792405e+00 6.3947585216e-03 3.6621587983e-01
     vertex 2.2216847574e+00 3.1225781829e-03 3.6621587983e-01
   endloop
 endfacet
 facet normal  0.0000000000e+00 0.0000000000e+00 1.0000000000e+00
   outer loop
     vertex 2.2216847574e+00 3.1225781829e-03 3.6621587983e-01
     vertex 2.2086792405e+00 6.3947585216e-03 3.6621587983e-01
     vertex 2.2086792405e+00 3.1973792608e-03 3.6621587983e-01
   endloop
 endfacet
 facet normal  -0.0000000000e+00 0.0000000000e+00 1.0000000000e+00
   outer loop
     vertex 2.2086792405e+00 6.3947585216e-03 3.6621587983e-01
     vertex 2.1975553043e+00 6.0942252083e-03 3.6621587983e-01
     vertex 2.2086792405e+00 3.1973792608e-03 3.6621587983e-01
   endloop
 endfacet
 facet normal  0.0000000000e+00 0.0000000000e+00 1.0000000000e+00
   outer loop
     vertex 2.2086792405e+00 3.1973792608e-03 3.6621587983e-01
     vertex 2.1975553043e+00 6.0942252083e-03 3.6621587983e-01
     vertex 2.1975553043e+00 3.0471126042e-03 3.6621587983e-01
   endloop
 endfacet
 facet normal  -0.0000000000e+00 0.0000000000e+00 1.0000000000e+00
   outer loop
     vertex 2.1975553043e+00 6.0942252083e-03 3.6621587983e-01
     vertex 2.1886549827e+00 5.4130606844e-03 3.6621587983e-01
     vertex 2.1975553043e+00 3.0471126042e-03 3.6621587983e-01
   endloop
 endfacet
 facet normal  0.0000000000e+00 0.0000000000e+00 1.0000000000e+00
   outer loop
     vertex 2.1975553043e+00 3.0471126042e-03 3.6621587983e-01
     vertex 2.1886549827e+00 5.4130606844e-03 3.6621587983e-01
     vertex 2.1886549827e+00 2.7065303422e-03 3.6621587983e-01
   endloop
 endfacet
 facet normal  -0.0000000000e+00 0.0000000000e+00 1.0000000000e+00
   outer loop
     vertex 2.1886549827e+00 5.4130606844e-03 3.6621587983e-01
     vertex 2.1819256126e+00 4.4573009550e-03 3.6621587983e-01
     vertex 2.1886549827e+00 2.7065303422e-03 3.6621587983e-01
   endloop
 endfacet
 facet normal  0.0000000000e+00 0.0000000000e+00 1.0000000000e+00
   outer loop
     vertex 2.1886549827e+00 2.7065303422e-03 3.6621587983e-01
     vertex 2.1819256126e+00 4.4573009550e-03 3.6621587983e-01
     vertex 2.1819256126e+00 2.2286504775e-03 3.6621587983e-01
   endloop
 endfacet
 facet normal  -0.0000000000e+00 0.0000000000e+00 1.0000000000e+00
   outer loop
     vertex 2.1819256126e+00 4.4573009550e-03 3.6621587983e-01
     vertex 2.1770903189e+00 3.2994604916e-03 3.6621587983e-01
     vertex 2.1819256126e+00 2.2286504775e-03 3.6621587983e-01
   endloop
 endfacet
 facet normal  0.0000000000e+00 0.0000000000e+00 1.0000000000e+00
   outer loop
     vertex 2.1819256126e+00 2.2286504775e-03 3.6621587983e-01
     vertex 2.1770903189e+00 3.2994604916e-03 3.6621587983e-01
     vertex 2.1770903189e+00 1.6497302458e-03 3.6621587983e-01
   endloop
 endfacet
 facet normal  -0.0000000000e+00 0.0000000000e+00 1.0000000000e+00
   outer loop
     vertex 2.1770903189e+00 3.2994604916e-03 3.6621587983e-01
     vertex 2.1738541962e+00 1.9007424402e-03 3.6621587983e-01
     vertex 2.1770903189e+00 1.6497302458e-03 3.6621587983e-01
   endloop
 endfacet
 facet normal  0.0000000000e+00 0.0000000000e+00 1.0000000000e+00
   outer loop
     vertex 2.1770903189e+00 1.6497302458e-03 3.6621587983e-01
     vertex 2.1738541962e+00 1.9007424402e-03 3.6621587983e-01
     vertex 2.1738541962e+00 9.5037122011e-04 3.6621587983e-01
   endloop
 endfacet
 facet normal  0.0000000000e+00 0.0000000000e+00 1.0000000000e+00
   outer loop
     vertex 2.1738541962e+00 1.9007424402e-03 3.6621587983e-01
     vertex 2.1724555796e+00 2.0818995586e-17 3.6621587983e-01
     vertex 2.1738541962e+00 9.5037122011e-04 3.6621587983e-01
   endloop
 endfacet
 facet normal  0.0000000000e+00 -0.0000000000e+00 1.0000000000e+00
   outer loop
     vertex 2.1724555796e+00 2.0818995586e-17 3.6621587983e-01
     vertex 2.1738541962e+00 -1.9007424402e-03 3.6621587983e-01
     vertex 2.1738541962e+00 -9.5037122011e-04 3.6621587983e-01
   endloop
 endfacet
 facet normal  0.0000000000e+00 0.0000000000e+00 1.0000000000e+00
   outer loop
     vertex 2.1738541962e+00 -1.9007424402e-03 3.6621587983e-01
     vertex 2.1770903189e+00 -1.6497302458e-03 3.6621587983e-01
     vertex 2.1738541962e+00 -9.5037122011e-04 3.6621587983e-01
   endloop
 endfacet
 facet normal  0.0000000000e+00 -0.0000000000e+00 1.0000000000e+00
   outer loop
     vertex 2.1738541962e+00 -1.9007424402e-03 3.6621587983e-01
     vertex 2.1770903189e+00 -3.2994604916e-03 3.6621587983e-01
     vertex 2.1770903189e+00 -1.6497302458e-03 3.6621587983e-01
   endloop
 endfacet
 facet normal  -1.1480409262e-14 0.0000000000e+00 1.0000000000e+00
   outer loop
     vertex 2.1770903189e+00 -3.2994604916e-03 3.6621587983e-01
     vertex 2.1819256126e+00 -2.2286504775e-03 3.6621587983e-01
     vertex 2.1770903189e+00 -1.6497302458e-03 3.6621587983e-01
   endloop
 endfacet
 facet normal  -1.1480409262e-14 0.0000000000e+00 1.0000000000e+00
   outer loop
     vertex 2.1770903189e+00 -3.2994604916e-03 3.6621587983e-01
     vertex 2.1819256126e+00 -4.4573009550e-03 3.6621587983e-01
     vertex 2.1819256126e+00 -2.2286504775e-03 3.6621587983e-01
   endloop
 endfacet
 facet normal  8.2490857889e-15 0.0000000000e+00 1.0000000000e+00
   outer loop
     vertex 2.1819256126e+00 -4.4573009550e-03 3.6621587983e-01
     vertex 2.1886549827e+00 -2.7065303422e-03 3.6621587983e-01
     vertex 2.1819256126e+00 -2.2286504775e-03 3.6621587983e-01
   endloop
 endfacet
 facet normal  8.2490857889e-15 -0.0000000000e+00 1.0000000000e+00
   outer loop
     vertex 2.1819256126e+00 -4.4573009550e-03 3.6621587983e-01
     vertex 2.1886549827e+00 -5.4130606844e-03 3.6621587983e-01
     vertex 2.1886549827e+00 -2.7065303422e-03 3.6621587983e-01
   endloop
 endfacet
 facet normal  0.0000000000e+00 0.0000000000e+00 1.0000000000e+00
   outer loop
     vertex 2.1886549827e+00 -5.4130606844e-03 3.6621587983e-01
     vertex 2.1975553043e+00 -3.0471126042e-03 3.6621587983e-01
     vertex 2.1886549827e+00 -2.7065303422e-03 3.6621587983e-01
   endloop
 endfacet
 facet normal  0.0000000000e+00 -0.0000000000e+00 1.0000000000e+00
   outer loop
     vertex 2.1886549827e+00 -5.4130606844e-03 3.6621587983e-01
     vertex 2.1975553043e+00 -6.0942252083e-03 3.6621587983e-01
     vertex 2.1975553043e+00 -3.0471126042e-03 3.6621587983e-01
   endloop
 endfacet
 facet normal  0.0000000000e+00 0.0000000000e+00 1.0000000000e+00
   outer loop
     vertex 2.1975553043e+00 -6.0942252083e-03 3.6621587983e-01
     vertex 2.2086792405e+00 -3.1973792608e-03 3.6621587983e-01
     vertex 2.1975553043e+00 -3.0471126042e-03 3.6621587983e-01
   endloop
 endfacet
 facet normal  0.0000000000e+00 -0.0000000000e+00 1.0000000000e+00
   outer loop
     vertex 2.1975553043e+00 -6.0942252083e-03 3.6621587983e-01
     vertex 2.2086792405e+00 -6.3947585216e-03 3.6621587983e-01
     vertex 2.2086792405e+00 -3.1973792608e-03 3.6621587983e-01
   endloop
 endfacet
 facet normal  0.0000000000e+00 0.0000000000e+00 1.0000000000e+00
   outer loop
     vertex 2.2086792405e+00 -6.3947585216e-03 3.6621587983e-01
     vertex 2.2216847574e+00 -3.1225781829e-03 3.6621587983e-01
     vertex 2.2086792405e+00 -3.1973792608e-03 3.6621587983e-01
   endloop
 endfacet
 facet normal  0.0000000000e+00 -0.0000000000e+00 1.0000000000e+00
   outer loop
     vertex 2.2086792405e+00 -6.3947585216e-03 3.6621587983e-01
     vertex 2.2216847574e+00 -6.2451563659e-03 3.6621587983e-01
     vertex 2.2216847574e+00 -3.1225781829e-03 3.6621587983e-01
   endloop
 endfacet
 facet normal  0.0000000000e+00 0.0000000000e+00 1.0000000000e+00
   outer loop
     vertex 2.2216847574e+00 -6.2451563659e-03 3.6621587983e-01
     vertex 2.2357771680e+00 -2.8345135790e-03 3.6621587983e-01
     vertex 2.2216847574e+00 -3.1225781829e-03 3.6621587983e-01
   endloop
 endfacet
 facet normal  0.0000000000e+00 -0.0000000000e+00 1.0000000000e+00
   outer loop
     vertex 2.2216847574e+00 -6.2451563659e-03 3.6621587983e-01
     vertex 2.2357771680e+00 -5.6690271579e-03 3.6621587983e-01
     vertex 2.2357771680e+00 -2.8345135790e-03 3.6621587983e-01
   endloop
 endfacet
 facet normal  0.0000000000e+00 0.0000000000e+00 1.0000000000e+00
   outer loop
     vertex 2.2357771680e+00 -5.6690271579e-03 3.6621587983e-01
     vertex 2.2498541209e+00 -4.7904368444e-03 3.6621587983e-01
     vertex 2.2357771680e+00 -2.8345135790e-03 3.6621587983e-01
   endloop
 endfacet
 facet normal  0.0000000000e+00 -0.0000000000e+00 1.0000000000e+00
   outer loop
     vertex 2.2357771680e+00 -2.8345135790e-03 3.6621587983e-01
     vertex 2.2498541209e+00 -4.7904368444e-03 3.6621587983e-01
     vertex 2.2498541209e+00 -2.3952184222e-03 3.6621587983e-01
   endloop
 endfacet
 facet normal  0.0000000000e+00 0.0000000000e+00 1.0000000000e+00
   outer loop
     vertex 2.2498541209e+00 -4.7904368444e-03 3.6621587983e-01
     vertex 2.2628217427e+00 -3.7806260545e-03 3.6621587983e-01
     vertex 2.2498541209e+00 -2.3952184222e-03 3.6621587983e-01
   endloop
 endfacet
 facet normal  0.0000000000e+00 -0.0000000000e+00 1.0000000000e+00
   outer loop
     vertex 2.2498541209e+00 -2.3952184222e-03 3.6621587983e-01
     vertex 2.2628217427e+00 -3.7806260545e-03 3.6621587983e-01
     vertex 2.2628217427e+00 -1.8903130272e-03 3.6621587983e-01
   endloop
 endfacet
 facet normal  0.0000000000e+00 0.0000000000e+00 1.0000000000e+00
   outer loop
     vertex 2.2628217427e+00 -3.7806260545e-03 3.6621587983e-01
     vertex 2.2739065647e+00 -2.7924348377e-03 3.6621587983e-01
     vertex 2.2628217427e+00 -1.8903130272e-03 3.6621587983e-01
   endloop
 endfacet
 facet normal  0.0000000000e+00 -0.0000000000e+00 1.0000000000e+00
   outer loop
     vertex 2.2628217427e+00 -1.8903130272e-03 3.6621587983e-01
     vertex 2.2739065647e+00 -2.7924348377e-03 3.6621587983e-01
     vertex 2.2739065647e+00 -1.3962174188e-03 3.6621587983e-01
   endloop
 endfacet
 facet normal  0.0000000000e+00 0.0000000000e+00 1.0000000000e+00
   outer loop
     vertex 2.2739065647e+00 -2.7924348377e-03 3.6621587983e-01
     vertex 2.2827917528e+00 -1.9247474947e-03 3.6621587983e-01
     vertex 2.2739065647e+00 -1.3962174188e-03 3.6621587983e-01
   endloop
 endfacet
 facet normal  0.0000000000e+00 -0.0000000000e+00 1.0000000000e+00
   outer loop
     vertex 2.2739065647e+00 -1.3962174188e-03 3.6621587983e-01
     vertex 2.2827917528e+00 -1.9247474947e-03 3.6621587983e-01
     vertex 2.2827917528e+00 -9.6237374737e-04 3.6621587983e-01
   endloop
 endfacet
 facet normal  0.0000000000e+00 0.0000000000e+00 1.0000000000e+00
   outer loop
     vertex 2.2827917528e+00 -1.9247474947e-03 3.6621587983e-01
     vertex 2.2895536051e+00 -1.2201967184e-03 3.6621587983e-01
     vertex 2.2827917528e+00 -9.6237374737e-04 3.6621587983e-01
   endloop
 endfacet
 facet normal  0.0000000000e+00 -0.0000000000e+00 1.0000000000e+00
   outer loop
     vertex 2.2827917528e+00 -9.6237374737e-04 3.6621587983e-01
     vertex 2.2895536051e+00 -1.2201967184e-03 3.6621587983e-01
     vertex 2.2895536051e+00 -6.1009835919e-04 3.6621587983e-01
   endloop
 endfacet
 facet normal  0.0000000000e+00 0.0000000000e+00 1.0000000000e+00
   outer loop
     vertex 2.2895536051e+00 -1.2201967184e-03 3.6621587983e-01
     vertex 2.2944990208e+00 -6.7998510983e-04 3.6621587983e-01
     vertex 2.2895536051e+00 -6.1009835919e-04 3.6621587983e-01
   endloop
 endfacet
 facet normal  0.0000000000e+00 -0.0000000000e+00 1.0000000000e+00
   outer loop
     vertex 2.2895536051e+00 -6.1009835919e-04 3.6621587983e-01
     vertex 2.2944990208e+00 -6.7998510983e-04 3.6621587983e-01
     vertex 2.2944990208e+00 -3.3999255492e-04 3.6621587983e-01
   endloop
 endfacet
 facet normal  0.0000000000e+00 0.0000000000e+00 1.0000000000e+00
   outer loop
     vertex 2.2944990208e+00 -6.7998510983e-04 3.6621587983e-01
     vertex 2.2980118146e+00 -2.8293705696e-04 3.6621587983e-01
     vertex 2.2944990208e+00 -3.3999255492e-04 3.6621587983e-01
   endloop
 endfacet
 facet normal  0.0000000000e+00 -0.0000000000e+00 1.0000000000e+00
   outer loop
     vertex 2.2944990208e+00 -3.3999255492e-04 3.6621587983e-01
     vertex 2.2980118146e+00 -2.8293705696e-04 3.6621587983e-01
     vertex 2.2980118146e+00 -1.4146852848e-04 3.6621587983e-01
   endloop
 endfacet
 facet normal  0.0000000000e+00 0.0000000000e+00 1.0000000000e+00
   outer loop
     vertex 2.2980118146e+00 -2.8293705696e-04 3.6621587983e-01
     vertex 2.3004555796e+00 2.0818995586e-17 3.6621587983e-01
     vertex 2.2980118146e+00 -1.4146852848e-04 3.6621587983e-01
   endloop
 endfacet
 facet normal  0.0000000000e+00 0.0000000000e+00 1.0000000000e+00
   outer loop
     vertex 2.3004555796e+00 2.0818995586e-17 3.6621587983e-01
     vertex 2.2980118146e+00 1.4146852848e-04 3.6621587983e-01
     vertex 2.2980118146e+00 4.0275879210e-17 3.6621587983e-01
   endloop
 endfacet
 facet normal  -0.0000000000e+00 0.0000000000e+00 1.0000000000e+00
   outer loop
     vertex 2.2980118146e+00 1.4146852848e-04 3.6621587983e-01
     vertex 2.2944990208e+00 4.6004075035e-17 3.6621587983e-01
     vertex 2.2980118146e+00 4.0275879210e-17 3.6621587983e-01
   endloop
 endfacet
 facet normal  0.0000000000e+00 0.0000000000e+00 1.0000000000e+00
   outer loop
     vertex 2.2980118146e+00 1.4146852848e-04 3.6621587983e-01
     vertex 2.2944990208e+00 3.3999255492e-04 3.6621587983e-01
     vertex 2.2944990208e+00 4.6004075035e-17 3.6621587983e-01
   endloop
 endfacet
 facet normal  0.0000000000e+00 0.0000000000e+00 1.0000000000e+00
   outer loop
     vertex 2.2944990208e+00 3.3999255492e-04 3.6621587983e-01
     vertex 2.2895536051e+00 3.0135611900e-17 3.6621587983e-01
     vertex 2.2944990208e+00 4.6004075035e-17 3.6621587983e-01
   endloop
 endfacet
 facet normal  0.0000000000e+00 0.0000000000e+00 1.0000000000e+00
   outer loop
     vertex 2.2944990208e+00 3.3999255492e-04 3.6621587983e-01
     vertex 2.2895536051e+00 6.1009835919e-04 3.6621587983e-01
     vertex 2.2895536051e+00 3.0135611900e-17 3.6621587983e-01
   endloop
 endfacet
 facet normal  1.6418918485e-14 0.0000000000e+00 1.0000000000e+00
   outer loop
     vertex 2.2895536051e+00 6.1009835919e-04 3.6621587983e-01
     vertex 2.2827917528e+00 1.5573351443e-17 3.6621587983e-01
     vertex 2.2895536051e+00 3.0135611900e-17 3.6621587983e-01
   endloop
 endfacet
 facet normal  1.6418918485e-14 0.0000000000e+00 1.0000000000e+00
   outer loop
     vertex 2.2895536051e+00 6.1009835919e-04 3.6621587983e-01
     vertex 2.2827917528e+00 9.6237374737e-04 3.6621587983e-01
     vertex 2.2827917528e+00 1.5573351443e-17 3.6621587983e-01
   endloop
 endfacet
 facet normal  -1.2495211340e-14 0.0000000000e+00 1.0000000000e+00
   outer loop
     vertex 2.2827917528e+00 9.6237374737e-04 3.6621587983e-01
     vertex 2.2739065647e+00 1.7029765691e-17 3.6621587983e-01
     vertex 2.2827917528e+00 1.5573351443e-17 3.6621587983e-01
   endloop
 endfacet
 facet normal  -1.2495211340e-14 0.0000000000e+00 1.0000000000e+00
   outer loop
     vertex 2.2827917528e+00 9.6237374737e-04 3.6621587983e-01
     vertex 2.2739065647e+00 1.3962174188e-03 3.6621587983e-01
     vertex 2.2739065647e+00 1.7029765691e-17 3.6621587983e-01
   endloop
 endfacet
 facet normal  -0.0000000000e+00 0.0000000000e+00 1.0000000000e+00
   outer loop
     vertex 2.2739065647e+00 1.3962174188e-03 3.6621587983e-01
     vertex 2.2628217427e+00 1.8084571595e-17 3.6621587983e-01
     vertex 2.2739065647e+00 1.7029765691e-17 3.6621587983e-01
   endloop
 endfacet
 facet normal  0.0000000000e+00 0.0000000000e+00 1.0000000000e+00
   outer loop
     vertex 2.2739065647e+00 1.3962174188e-03 3.6621587983e-01
     vertex 2.2628217427e+00 1.8903130272e-03 3.6621587983e-01
     vertex 2.2628217427e+00 1.8084571595e-17 3.6621587983e-01
   endloop
 endfacet
 facet normal  8.5615006246e-15 0.0000000000e+00 1.0000000000e+00
   outer loop
     vertex 2.2628217427e+00 1.8903130272e-03 3.6621587983e-01
     vertex 2.2498541209e+00 1.8558773000e-17 3.6621587983e-01
     vertex 2.2628217427e+00 1.8084571595e-17 3.6621587983e-01
   endloop
 endfacet
 facet normal  8.5615006246e-15 0.0000000000e+00 1.0000000000e+00
   outer loop
     vertex 2.2628217427e+00 1.8903130272e-03 3.6621587983e-01
     vertex 2.2498541209e+00 2.3952184222e-03 3.6621587983e-01
     vertex 2.2498541209e+00 1.8558773000e-17 3.6621587983e-01
   endloop
 endfacet
 facet normal  -7.8868135517e-15 0.0000000000e+00 1.0000000000e+00
   outer loop
     vertex 2.2498541209e+00 2.3952184222e-03 3.6621587983e-01
     vertex 2.2357771680e+00 1.9951633848e-17 3.6621587983e-01
     vertex 2.2498541209e+00 1.8558773000e-17 3.6621587983e-01
   endloop
 endfacet
 facet normal  -7.8868135517e-15 0.0000000000e+00 1.0000000000e+00
   outer loop
     vertex 2.2498541209e+00 2.3952184222e-03 3.6621587983e-01
     vertex 2.2357771680e+00 2.8345135790e-03 3.6621587983e-01
     vertex 2.2357771680e+00 1.9951633848e-17 3.6621587983e-01
   endloop
 endfacet
 facet normal  0.0000000000e+00 0.0000000000e+00 1.0000000000e+00
   outer loop
     vertex 2.2357771680e+00 2.8345135790e-03 3.6621587983e-01
     vertex 2.2216847574e+00 3.1225781829e-03 3.6621587983e-01
     vertex 2.2357771680e+00 1.9951633848e-17 3.6621587983e-01
   endloop
 endfacet
 facet normal  0.0000000000e+00 0.0000000000e+00 1.0000000000e+00
   outer loop
     vertex 2.2357771680e+00 1.9951633848e-17 3.6621587983e-01
     vertex 2.2216847574e+00 3.1225781829e-03 3.6621587983e-01
     vertex 2.2216847574e+00 2.1344238772e-17 3.6621587983e-01
   endloop
 endfacet
 facet normal  0.0000000000e+00 0.0000000000e+00 1.0000000000e+00
   outer loop
     vertex 2.2216847574e+00 3.1225781829e-03 3.6621587983e-01
     vertex 2.2086792405e+00 3.1973792608e-03 3.6621587983e-01
     vertex 2.2216847574e+00 2.1344238772e-17 3.6621587983e-01
   endloop
 endfacet
 facet normal  0.0000000000e+00 0.0000000000e+00 1.0000000000e+00
   outer loop
     vertex 2.2216847574e+00 2.1344238772e-17 3.6621587983e-01
     vertex 2.2086792405e+00 3.1973792608e-03 3.6621587983e-01
     vertex 2.2086792405e+00 2.1223704922e-17 3.6621587983e-01
   endloop
 endfacet
 facet normal  -0.0000000000e+00 0.0000000000e+00 1.0000000000e+00
   outer loop
     vertex 2.2086792405e+00 3.1973792608e-03 3.6621587983e-01
     vertex 2.1975553043e+00 3.0471126042e-03 3.6621587983e-01
     vertex 2.2086792405e+00 2.1223704922e-17 3.6621587983e-01
   endloop
 endfacet
 facet normal  0.0000000000e+00 0.0000000000e+00 1.0000000000e+00
   outer loop
     vertex 2.2086792405e+00 2.1223704922e-17 3.6621587983e-01
     vertex 2.1975553043e+00 3.0471126042e-03 3.6621587983e-01
     vertex 2.1975553043e+00 2.0960218954e-17 3.6621587983e-01
   endloop
 endfacet
 facet normal  -0.0000000000e+00 0.0000000000e+00 1.0000000000e+00
   outer loop
     vertex 2.1975553043e+00 3.0471126042e-03 3.6621587983e-01
     vertex 2.1886549827e+00 2.7065303422e-03 3.6621587983e-01
     vertex 2.1975553043e+00 2.0960218954e-17 3.6621587983e-01
   endloop
 endfacet
 facet normal  0.0000000000e+00 0.0000000000e+00 1.0000000000e+00
   outer loop
     vertex 2.1975553043e+00 2.0960218954e-17 3.6621587983e-01
     vertex 2.1886549827e+00 2.7065303422e-03 3.6621587983e-01
     vertex 2.1886549827e+00 1.8971885392e-17 3.6621587983e-01
   endloop
 endfacet
 facet normal  -0.0000000000e+00 0.0000000000e+00 1.0000000000e+00
   outer loop
     vertex 2.1886549827e+00 2.7065303422e-03 3.6621587983e-01
     vertex 2.1819256126e+00 2.2286504775e-03 3.6621587983e-01
     vertex 2.1886549827e+00 1.8971885392e-17 3.6621587983e-01
   endloop
 endfacet
 facet normal  0.0000000000e+00 0.0000000000e+00 1.0000000000e+00
   outer loop
     vertex 2.1886549827e+00 1.8971885392e-17 3.6621587983e-01
     vertex 2.1819256126e+00 2.2286504775e-03 3.6621587983e-01
     vertex 2.1819256126e+00 2.3147883578e-17 3.6621587983e-01
   endloop
 endfacet
 facet normal  -0.0000000000e+00 0.0000000000e+00 1.0000000000e+00
   outer loop
     vertex 2.1819256126e+00 2.2286504775e-03 3.6621587983e-01
     vertex 2.1770903189e+00 1.6497302458e-03 3.6621587983e-01
     vertex 2.1819256126e+00 2.3147883578e-17 3.6621587983e-01
   endloop
 endfacet
 facet normal  0.0000000000e+00 0.0000000000e+00 1.0000000000e+00
   outer loop
     vertex 2.1819256126e+00 2.3147883578e-17 3.6621587983e-01
     vertex 2.1770903189e+00 1.6497302458e-03 3.6621587983e-01
     vertex 2.1770903189e+00 2.0573884241e-17 3.6621587983e-01
   endloop
 endfacet
 facet normal  -0.0000000000e+00 0.0000000000e+00 1.0000000000e+00
   outer loop
     vertex 2.1770903189e+00 1.6497302458e-03 3.6621587983e-01
     vertex 2.1738541962e+00 9.5037122011e-04 3.6621587983e-01
     vertex 2.1770903189e+00 2.0573884241e-17 3.6621587983e-01
   endloop
 endfacet
 facet normal  0.0000000000e+00 0.0000000000e+00 1.0000000000e+00
   outer loop
     vertex 2.1770903189e+00 2.0573884241e-17 3.6621587983e-01
     vertex 2.1738541962e+00 9.5037122011e-04 3.6621587983e-01
     vertex 2.1738541962e+00 3.0000236618e-17 3.6621587983e-01
   endloop
 endfacet
 facet normal  0.0000000000e+00 0.0000000000e+00 1.0000000000e+00
   outer loop
     vertex 2.1738541962e+00 9.5037122011e-04 3.6621587983e-01
     vertex 2.1724555796e+00 2.0818995586e-17 3.6621587983e-01
     vertex 2.1738541962e+00 3.0000236618e-17 3.6621587983e-01
   endloop
 endfacet
 facet normal  0.0000000000e+00 -0.0000000000e+00 1.0000000000e+00
   outer loop
     vertex 2.1724555796e+00 2.0818995586e-17 3.6621587983e-01
     vertex 2.1738541962e+00 -9.5037122011e-04 3.6621587983e-01
     vertex 2.1738541962e+00 3.0000236618e-17 3.6621587983e-01
   endloop
 endfacet
 facet normal  0.0000000000e+00 0.0000000000e+00 1.0000000000e+00
   outer loop
     vertex 2.1738541962e+00 -9.5037122011e-04 3.6621587983e-01
     vertex 2.1770903189e+00 2.0573884241e-17 3.6621587983e-01
     vertex 2.1738541962e+00 3.0000236618e-17 3.6621587983e-01
   endloop
 endfacet
 facet normal  0.0000000000e+00 -0.0000000000e+00 1.0000000000e+00
   outer loop
     vertex 2.1738541962e+00 -9.5037122011e-04 3.6621587983e-01
     vertex 2.1770903189e+00 -1.6497302458e-03 3.6621587983e-01
     vertex 2.1770903189e+00 2.0573884241e-17 3.6621587983e-01
   endloop
 endfacet
 facet normal  -1.1480409262e-14 0.0000000000e+00 1.0000000000e+00
   outer loop
     vertex 2.1770903189e+00 -1.6497302458e-03 3.6621587983e-01
     vertex 2.1819256126e+00 2.3147883578e-17 3.6621587983e-01
     vertex 2.1770903189e+00 2.0573884241e-17 3.6621587983e-01
   endloop
 endfacet
 facet normal  -1.1480409262e-14 0.0000000000e+00 1.0000000000e+00
   outer loop
     vertex 2.1770903189e+00 -1.6497302458e-03 3.6621587983e-01
     vertex 2.1819256126e+00 -2.2286504775e-03 3.6621587983e-01
     vertex 2.1819256126e+00 2.3147883578e-17 3.6621587983e-01
   endloop
 endfacet
 facet normal  8.2490857889e-15 0.0000000000e+00 1.0000000000e+00
   outer loop
     vertex 2.1819256126e+00 -2.2286504775e-03 3.6621587983e-01
     vertex 2.1886549827e+00 1.8971885392e-17 3.6621587983e-01
     vertex 2.1819256126e+00 2.3147883578e-17 3.6621587983e-01
   endloop
 endfacet
 facet normal  8.2490857889e-15 -0.0000000000e+00 1.0000000000e+00
   outer loop
     vertex 2.1819256126e+00 -2.2286504775e-03 3.6621587983e-01
     vertex 2.1886549827e+00 -2.7065303422e-03 3.6621587983e-01
     vertex 2.1886549827e+00 1.8971885392e-17 3.6621587983e-01
   endloop
 endfacet
 facet normal  0.0000000000e+00 0.0000000000e+00 1.0000000000e+00
   outer loop
     vertex 2.1886549827e+00 -2.7065303422e-03 3.6621587983e-01
     vertex 2.1975553043e+00 2.0960218954e-17 3.6621587983e-01
     vertex 2.1886549827e+00 1.8971885392e-17 3.6621587983e-01
   endloop
 endfacet
 facet normal  0.0000000000e+00 -0.0000000000e+00 1.0000000000e+00
   outer loop
     vertex 2.1886549827e+00 -2.7065303422e-03 3.6621587983e-01
     vertex 2.1975553043e+00 -3.0471126042e-03 3.6621587983e-01
     vertex 2.1975553043e+00 2.0960218954e-17 3.6621587983e-01
   endloop
 endfacet
 facet normal  0.0000000000e+00 0.0000000000e+00 1.0000000000e+00
   outer loop
     vertex 2.1975553043e+00 -3.0471126042e-03 3.6621587983e-01
     vertex 2.2086792405e+00 2.1223704922e-17 3.6621587983e-01
     vertex 2.1975553043e+00 2.0960218954e-17 3.6621587983e-01
   endloop
 endfacet
 facet normal  0.0000000000e+00 -0.0000000000e+00 1.0000000000e+00
   outer loop
     vertex 2.1975553043e+00 -3.0471126042e-03 3.6621587983e-01
     vertex 2.2086792405e+00 -3.1973792608e-03 3.6621587983e-01
     vertex 2.2086792405e+00 2.1223704922e-17 3.6621587983e-01
   endloop
 endfacet
 facet normal  0.0000000000e+00 0.0000000000e+00 1.0000000000e+00
   outer loop
     vertex 2.2086792405e+00 -3.1973792608e-03 3.6621587983e-01
     vertex 2.2216847574e+00 2.1344238772e-17 3.6621587983e-01
     vertex 2.2086792405e+00 2.1223704922e-17 3.6621587983e-01
   endloop
 endfacet
 facet normal  0.0000000000e+00 -0.0000000000e+00 1.0000000000e+00
   outer loop
     vertex 2.2086792405e+00 -3.1973792608e-03 3.6621587983e-01
     vertex 2.2216847574e+00 -3.1225781829e-03 3.6621587983e-01
     vertex 2.2216847574e+00 2.1344238772e-17 3.6621587983e-01
   endloop
 endfacet
 facet normal  0.0000000000e+00 0.0000000000e+00 1.0000000000e+00
   outer loop
     vertex 2.2216847574e+00 -3.1225781829e-03 3.6621587983e-01
     vertex 2.2357771680e+00 1.9951633848e-17 3.6621587983e-01
     vertex 2.2216847574e+00 2.1344238772e-17 3.6621587983e-01
   endloop
 endfacet
 facet normal  0.0000000000e+00 -0.0000000000e+00 1.0000000000e+00
   outer loop
     vertex 2.2216847574e+00 -3.1225781829e-03 3.6621587983e-01
     vertex 2.2357771680e+00 -2.8345135790e-03 3.6621587983e-01
     vertex 2.2357771680e+00 1.9951633848e-17 3.6621587983e-01
   endloop
 endfacet
 facet normal  0.0000000000e+00 0.0000000000e+00 1.0000000000e+00
   outer loop
     vertex 2.2357771680e+00 -2.8345135790e-03 3.6621587983e-01
     vertex 2.2498541209e+00 -2.3952184222e-03 3.6621587983e-01
     vertex 2.2357771680e+00 1.9951633848e-17 3.6621587983e-01
   endloop
 endfacet
 facet normal  0.0000000000e+00 -0.0000000000e+00 1.0000000000e+00
   outer loop
     vertex 2.2357771680e+00 1.9951633848e-17 3.6621587983e-01
     vertex 2.2498541209e+00 -2.3952184222e-03 3.6621587983e-01
     vertex 2.2498541209e+00 1.8558773000e-17 3.6621587983e-01
   endloop
 endfacet
 facet normal  0.0000000000e+00 0.0000000000e+00 1.0000000000e+00
   outer loop
     vertex 2.2498541209e+00 -2.3952184222e-03 3.6621587983e-01
     vertex 2.2628217427e+00 -1.8903130272e-03 3.6621587983e-01
     vertex 2.2498541209e+00 1.8558773000e-17 3.6621587983e-01
   endloop
 endfacet
 facet normal  0.0000000000e+00 -0.0000000000e+00 1.0000000000e+00
   outer loop
     vertex 2.2498541209e+00 1.8558773000e-17 3.6621587983e-01
     vertex 2.2628217427e+00 -1.8903130272e-03 3.6621587983e-01
     vertex 2.2628217427e+00 1.8084571595e-17 3.6621587983e-01
   endloop
 endfacet
 facet normal  0.0000000000e+00 0.0000000000e+00 1.0000000000e+00
   outer loop
     vertex 2.2628217427e+00 -1.8903130272e-03 3.6621587983e-01
     vertex 2.2739065647e+00 -1.3962174188e-03 3.6621587983e-01
     vertex 2.2628217427e+00 1.8084571595e-17 3.6621587983e-01
   endloop
 endfacet
 facet normal  0.0000000000e+00 -0.0000000000e+00 1.0000000000e+00
   outer loop
     vertex 2.2628217427e+00 1.8084571595e-17 3.6621587983e-01
     vertex 2.2739065647e+00 -1.3962174188e-03 3.6621587983e-01
     vertex 2.2739065647e+00 1.7029765691e-17 3.6621587983e-01
   endloop
 endfacet
 facet normal  0.0000000000e+00 0.0000000000e+00 1.0000000000e+00
   outer loop
     vertex 2.2739065647e+00 -1.3962174188e-03 3.6621587983e-01
     vertex 2.2827917528e+00 -9.6237374737e-04 3.6621587983e-01
     vertex 2.2739065647e+00 1.7029765691e-17 3.6621587983e-01
   endloop
 endfacet
 facet normal  0.0000000000e+00 -0.0000000000e+00 1.0000000000e+00
   outer loop
     vertex 2.2739065647e+00 1.7029765691e-17 3.6621587983e-01
     vertex 2.2827917528e+00 -9.6237374737e-04 3.6621587983e-01
     vertex 2.2827917528e+00 1.5573351443e-17 3.6621587983e-01
   endloop
 endfacet
 facet normal  0.0000000000e+00 0.0000000000e+00 1.0000000000e+00
   outer loop
     vertex 2.2827917528e+00 -9.6237374737e-04 3.6621587983e-01
     vertex 2.2895536051e+00 -6.1009835919e-04 3.6621587983e-01
     vertex 2.2827917528e+00 1.5573351443e-17 3.6621587983e-01
   endloop
 endfacet
 facet normal  0.0000000000e+00 -0.0000000000e+00 1.0000000000e+00
   outer loop
     vertex 2.2827917528e+00 1.5573351443e-17 3.6621587983e-01
     vertex 2.2895536051e+00 -6.1009835919e-04 3.6621587983e-01
     vertex 2.2895536051e+00 3.0135611900e-17 3.6621587983e-01
   endloop
 endfacet
 facet normal  0.0000000000e+00 0.0000000000e+00 1.0000000000e+00
   outer loop
     vertex 2.2895536051e+00 -6.1009835919e-04 3.6621587983e-01
     vertex 2.2944990208e+00 -3.3999255492e-04 3.6621587983e-01
     vertex 2.2895536051e+00 3.0135611900e-17 3.6621587983e-01
   endloop
 endfacet
 facet normal  0.0000000000e+00 0.0000000000e+00 1.0000000000e+00
   outer loop
     vertex 2.2895536051e+00 3.0135611900e-17 3.6621587983e-01
     vertex 2.2944990208e+00 -3.3999255492e-04 3.6621587983e-01
     vertex 2.2944990208e+00 4.6004075035e-17 3.6621587983e-01
   endloop
 endfacet
 facet normal  0.0000000000e+00 0.0000000000e+00 1.0000000000e+00
   outer loop
     vertex 2.2944990208e+00 -3.3999255492e-04 3.6621587983e-01
     vertex 2.2980118146e+00 -1.4146852848e-04 3.6621587983e-01
     vertex 2.2944990208e+00 4.6004075035e-17 3.6621587983e-01
   endloop
 endfacet
 facet normal  0.0000000000e+00 -0.0000000000e+00 1.0000000000e+00
   outer loop
     vertex 2.2944990208e+00 4.6004075035e-17 3.6621587983e-01
     vertex 2.2980118146e+00 -1.4146852848e-04 3.6621587983e-01
     vertex 2.2980118146e+00 4.0275879210e-17 3.6621587983e-01
   endloop
 endfacet
 facet normal  0.0000000000e+00 0.0000000000e+00 1.0000000000e+00
   outer loop
     vertex 2.2980118146e+00 -1.4146852848e-04 3.6621587983e-01
     vertex 2.3004555796e+00 2.0818995586e-17 3.6621587983e-01
     vertex 2.2980118146e+00 4.0275879210e-17 3.6621587983e-01
   endloop
 endfacet
endsolid
