0,-0.0401661587390488,-0.062511037557002,0.474890382742007,1.13826915407082,-0.819365821868505,-9.63228749828963,-0.108724582253112,0.0115560048172437,0.0170579958651752,0.0230018012225628,-0.0520844534039497,-2.4473762512207,-0.0394986011087894,0.000279466446954757,0.00772806815803051,15.9542128429973,8.61065959193285,-0.584029183948711,-6.74441050644093,-16.8325906060185,0.445282546587829,7.17360247534213,-6.20814523720479,-2.81,0.132802565733072,-0.0384728666624408,18.1261253356934,17.8097386060017,0.16985021205232,1.11052880754457,176.679992675781,0,0,-176.679992675781,4.32126092910767,17.8700008392334,6.92999982833862,16.0820007324219,36.5800018310547,991.1923828125
0.025,-0.0400085778269296,-0.0617170647454843,0.474890382742007,1.13826915407082,-0.806523775600692,-9.65315481336486,-0.108724582253112,0.0115560048172437,0.0170579958651752,0.0198625461336993,-0.0514223901729046,-2.44718022197425,-0.0328776966161429,0.00380704540546737,0.0101031662887848,15.9632562016937,8.60786780100594,-0.509013070762725,-6.74992530334915,-16.8340502088324,0.483004050115891,7.17464560293696,-6.2074956139078,-2.81,0.135367844992508,-0.0391417376744363,18.1261253356934,17.8230528573862,0.169849916181643,1.11052875347014,176.65983581543,-0.345365306372628,-0.840489702793366,-176.65983581543,4.3228874206543,17.9027462005615,6.92999982833862,16.0820007324219,36.58251953125,991.188616159281
0.05,-0.0379464578501167,-0.0558300776256722,0.474890382742007,0.0296458462190352,0.0612826998240238,-10.1514410583842,-0.118529210087292,0.043404557961697,0.0104324356938925,0.0161077707025526,-0.0495132239127393,-2.44706672489976,-0.173083134961604,0.0590236032802347,0.00639264624142545,15.9819756827212,8.62442399654707,-0.483504589502027,-6.7538356238737,-16.8589443908169,0.446890452365772,7.17568873053179,-6.2068459906108,-2.81,0.134917153615564,-0.0388116548347746,18.1268802758128,17.8355315167886,0.169849620310966,1.11052869939571,176.639694213867,-0.690730612745257,-1.68097940558673,-176.639694213867,4.32451438903809,17.9354915618896,6.92000007629395,16.0620002746582,36.5850372314453,991.184849506061
0.075,-0.037796819117554,-0.0566486206028832,0.474791283346183,0.0151800728723522,0.164435991960823,-10.4345549495784,-0.113237243327137,0.0579396795852073,0.0119247467328188,0.0166771157699267,-0.0497983292803927,-2.44688216783671,-0.039633944547615,0.0372842375793454,0.012443408313123,15.990540797635,8.66629239460839,-0.481518506638746,-6.73000467979831,-16.89762738472,0.459461335662331,7.17673185812662,-6.20619636731381,-2.81,0.135230862622894,-0.036379821400171,18.1572288686142,17.8435813602707,0.16984932444029,1.11052864532127,176.619537353516,-1.03609592053605,-2.52146910830125,-176.619537353516,4.32614040374756,17.9682369232178,6.92000007629395,16.0620002746582,36.5875549316406,991.181082852842
0.1,-0.0382678965929464,-0.0580672799644675,0.474692183005264,0.04993902289406,0.171647045729296,-10.4127803618907,-0.127374240559164,0.0501030441663535,0.00998357505900702,0.0137126767986672,-0.0483842459682858,-2.44646989278497,-0.0558994408282497,0.0408025163121656,0.0162410689138028,15.9963567557154,8.63949480672215,-0.454522367786343,-6.74601447326036,-16.8828401433408,0.438050197215298,7.17765252573582,-6.20562704672343,-2.81,0.135341892978427,-0.0384006251120401,18.1860675811768,17.8443607981105,0.169849037445733,1.11052859286907,176.600006103516,-1.37110026750478,-3.33674411998558,-176.600006103516,4.32771825790405,18,6.92000007629395,16.0620002746582,36.5899238586426,991.177469786829
0.125,-0.0365305374101125,-0.0505929905186085,0.474593081955213,-0.0122355759333081,0.106886688978092,-10.3134014577353,-0.131425364964151,0.04117036201815,0.0104971138973966,0.0051560217889607,-0.0454907830944477,-2.44614921201688,-0.171265400338062,0.0477042303382441,0.0140719956043214,16.0100935381787,8.6531942732039,-0.416082899841943,-6.74668973060904,-16.9035124105147,0.356983300800364,7.17847866407142,-6.20511971337309,-2.81,0.133283247346971,-0.0390214482551255,18.1860675811768,17.843646049785,0.169849037445733,1.11052859286907,176.600006103516,-1.37110026750478,-3.33674411998558,-176.600006103516,4.32771825790405,18,6.92000007629395,16.0620002746582,36.5874061584473,991.178822707169
0.15,-0.0351171639883281,-0.0434716961033978,0.474493983267609,-0.0952979833790417,0.098190638466754,-10.3228895524138,-0.133493300623312,0.0474935106111421,0.0146024677251272,0.00222014315984606,-0.044176365046417,-2.44569454974889,-0.143035471132951,0.0444313221603769,0.0163308737300952,16.0125110318099,8.66548443008067,-0.39470345182603,-6.73421694996015,-16.9170620289131,0.332046905519743,7.17930480240702,-6.20461238002275,-2.81,0.133108030193038,-0.038846255153864,18.1873306831725,17.8385852519221,0.169849037445733,1.11052859286907,176.600006103516,-1.37110026750478,-3.33674411998558,-176.600006103516,4.32771825790405,18,6.6100001335144,16.0729999542236,36.5848846435547,991.180175627509
0.175,-0.0351171639883281,-0.0434716961033978,0.474394881510848,-0.0793595527131667,0.182819918442164,-10.4184230573432,-0.127672287139303,0.0596907308996266,0.0178612447802466,-0.000539560550528577,-0.0429099166288048,-2.44523563104092,-0.110703013516326,0.0409123328978739,0.0187408647571651,16.0161943698037,8.67530204320206,-0.372229452512687,-6.72401697906439,-16.9295333845972,0.310479375315143,7.18013094074262,-6.20410504667241,-2.81,0.133068658844037,-0.0387753697570094,18.2042562499154,17.835289006338,0.169849037445733,1.11052859286907,176.600006103516,-1.37110026750478,-3.33674411998558,-176.600006103516,4.32771825790405,18,6.6100001335144,16.0729999542236,36.5823669433594,991.181528547849
0.2,-0.035110271603008,-0.0434509307579602,0.474295782586681,-0.0111368906090602,0.194140386806242,-10.5690423345738,-0.114505296066155,0.0628725915892427,0.0178788663789796,-0.00329926426090322,-0.0416434682111925,-2.44477671233295,-0.0783705558997018,0.0373933436353709,0.0211508557842349,16.0184341567618,8.68304007526693,-0.347242806832145,-6.7138920120163,-16.9394447724946,0.291307742238786,7.18095707907822,-6.20359771332207,-2.81,0.133177688017284,-0.0388200285041944,18.2194976806641,17.8309661278997,0.169849019561604,1.11052858962461,176.598342895508,-1.39182218631258,-3.38754816321241,-176.598342895508,4.32773160934448,18.0016613006592,6.28999996185303,16.1149997711182,36.5800018310547,991.182780921609
0.225,-0.0327471936546906,-0.0376205482967447,0.47419668082655,0.0164616466100481,0.205485096921766,-10.5542289447559,-0.103530709232546,0.048616083151514,0.0157294098185569,-0.00212845868138238,-0.0409097451105349,-2.4441627850209,-0.123750346046085,0.0632893096660278,0.0217916822171761,16.0417864360662,8.67748535911938,-0.223258562281979,-6.72044959144509,-16.9514367672734,0.414556893199782,7.18181143790806,-6.20307287620385,-2.81,0.140624588295498,-0.038937210396512,18.2194976806641,17.8661119223126,0.169848721492779,1.11052853555017,176.57063293457,-1.73718749268521,-4.23428221741328,-176.57063293457,4.32795143127441,18.029369354248,6.28999996185303,16.1149997711182,36.5800018310547,991.182458065619
0.25,-0.0335340737698151,-0.0418819520646374,0.474097580960512,-0.0832070204936773,0.145299453577255,-10.3738073272747,-0.0817677064335818,0.0353201590016605,0.0167706947134866,-0.005835065459943,-0.0401452408819677,-2.44379004136805,-0.0368010710923405,0.020315130417435,0.0209972769653012,16.0492963624219,8.6774940300042,-0.24398695182299,-6.72243237427439,-16.9595083436174,0.349750937591977,7.18316295322258,-6.20223967766442,-2.81,0.137592267468307,-0.0395520625923909,18.2207352952933,17.8624868523734,0.169848423423955,1.11052848147574,176.542938232422,-2.08255279905784,-5.08101627161415,-176.542938232422,4.32817077636719,18.0570793151855,6.28999996185303,16.1149997711182,36.5800018310547,991.182135209629
0.275,-0.0324217902337077,-0.0385473578710389,0.473998481327198,-0.113797714613132,0.173356380143819,-10.3334743608237,-0.057520735856659,0.0360021384914559,0.0194906057816142,-0.0072936483988118,-0.038728678481757,-2.44342217849487,-0.134721816078596,0.058388799339367,0.0162107265002391,16.0552424954812,8.66505686494179,-0.197156853380357,-6.7281526947754,-16.9556533701641,0.361487195963908,7.18451446853711,-6.20140647912499,-2.81,0.139561266611136,-0.0405004126487806,18.2306857169125,17.8682529874832,0.169848125355131,1.11052842740131,176.515228271484,-2.42791810543047,-5.92775032581502,-176.515228271484,4.32839107513428,18.0847873687744,6.28999996185303,16.1149997711182,36.5800018310547,991.181812353639
0.3,-0.0325809839368506,-0.0409332314102285,0.47389938027791,-0.13112158921718,0.166800973419416,-10.5350719241515,-0.0384237197932683,0.0516461015767638,0.0208356700279688,-0.00927134821673464,-0.0375230436565754,-2.44312620818605,-0.115518858311691,0.0627346792360128,0.0147738880058381,16.0522059511481,8.68804585680608,-0.212555730691565,-6.70772725545119,-16.9738436105837,0.309297262537612,7.18586598385163,-6.20057328058556,-2.81,0.137845366408964,-0.0395756838671724,18.2391510009766,17.8556798278445,0.1698478541125,1.11052837819358,176.490005493164,-2.74220053359139,-6.69827831509681,-176.490005493164,4.32859086990356,18.1100006103516,6.65000009536743,16.0739994049072,36.5800018310547,991.182036046718
0.325,-0.0316301865230611,-0.037763033067945,0.473800279936991,-0.0722391100830581,0.308594882198965,-10.715471665536,-0.0207776645379481,0.0525229652213555,0.0162040132616536,-0.00591245780552703,-0.0378903172285289,-2.44278077184392,0.0638921266101152,0.0307687332825272,0.0146690061088616,16.0633686938898,8.6856213639933,-0.185338975914732,-6.70953425342627,-16.9808704904072,0.371981586381104,7.18690401962398,-6.19991764621394,-2.81,0.140996927658869,-0.0392061577281671,18.2391510009766,17.8735823975353,0.1698478541125,1.11052837819358,176.490005493164,-2.74220053359139,-6.69827831509681,-176.490005493164,4.32859086990356,18.1100006103516,6.65000009536743,16.0739994049072,36.5800018310547,991.187785958163
0.35,-0.0306818601638644,-0.037764542578672,0.473701178651374,-0.0467604003481642,0.169263175088245,-10.5295242047633,-0.0112236899555136,0.0357349442125763,0.00831684560316728,-0.00849882491560742,-0.0361504722610929,-2.44258435930702,-0.0405826152222838,0.0387845576694014,0.00981699371183836,16.0693061006374,8.66408176981051,-0.182075729740015,-6.72599781112491,-16.969891821223,0.325250767926663,7.18787391551823,-6.19930060830276,-2.81,0.13998504233798,-0.0408294286306883,18.2417466286148,17.872639952707,0.1698478541125,1.11052837819358,176.490005493164,-2.74220053359139,-6.69827831509681,-176.490005493164,4.32859086990356,18.1100006103516,6.65000009536743,16.0739994049072,36.5800018310547,991.193535869608
0.375,-0.0321055242983037,-0.0439743205002886,0.473602079255152,-0.0699221085579849,0.0703230853632059,-10.3563603489743,-0.0115751125709382,0.026517094446806,0.00651371430924914,-0.00570936958717558,-0.0359695126222576,-2.44231983047935,5.17955677119403e-05,0.0509313805405144,0.0119585551351476,16.0628742408127,8.68741027999038,-0.178840296669941,-6.70041907602068,-16.9853272492496,0.349360190001063,7.18884381141247,-6.19868357039158,-2.81,0.141700515734976,-0.0391458877273891,18.256652947337,17.8674246107557,0.1698478541125,1.11052837819358,176.490005493164,-2.74220053359139,-6.69827831509681,-176.490005493164,4.32859086990356,18.1100006103516,6.65000009536743,16.0739994049072,36.5800018310547,991.199285781053
0.4,-0.0325652056761356,-0.0460071365922537,0.473502978914233,-0.124190354628035,-0.0512104516809969,-10.627718024578,-0.0276281648978157,0.0533442972054979,0.0121532473592761,-0.00688307428031183,-0.0341911134672491,-2.44203282706201,-0.047552489524945,0.090456374589087,0.0135413625273026,16.0753060483628,8.67603773687044,-0.209748675730431,-6.71421509713591,-16.9874624692315,0.280221970842379,7.18981370730672,-6.1980665324804,-2.81,0.139489823437787,-0.0399916172401497,18.2685928344727,17.8684793282425,0.169847818027708,1.1105283717574,176.48908996582,-2.78330742923023,-6.80078558817648,-176.48908996582,4.32883358001709,18.1136283874512,6.67999982833862,16.0620002746582,36.5796966552734,991.204006243112
0.425,-0.0289311185558828,-0.0414213433192314,0.473403878573314,-0.0287584709853409,0.0993816331520753,-11.9196981650511,-0.0587859117052938,0.0912255572447148,0.0139958772579014,-0.0118254459738589,-0.0313455586506241,-2.44171058834662,-0.00052187688467829,0.0701440634651751,0.0158583256829649,16.0885626347494,8.68699815000482,-0.199000804342654,-6.71399405338304,-17.0066633769703,0.202658491367085,7.19102840273715,-6.19729033630782,-2.81,0.137735255304489,-0.0401582906582517,18.2685928344727,17.8680806530252,0.169847517321107,1.1105283181226,176.481536865234,-3.12586488674189,-7.65501286405059,-176.481536865234,4.33085584640503,18.1438541412354,6.67999982833862,16.0620002746582,36.5771789550781,991.201177409674
0.45,-0.0275082997106294,-0.0371346815259611,0.473304778232739,0.0836836765099038,-0.0660300946917731,-11.9828030557317,-0.0541629979788492,0.0777268893252943,0.0127678436236164,-0.0124610456291208,-0.0304277215414867,-2.44127199472695,-0.0948775307582569,0.0439596931600342,0.0189966732051039,16.0936668325914,8.68555278376541,-0.1709604216406,-6.71087917636675,-17.0115821402574,0.210571862505422,7.19230781390208,-6.19647206471326,-2.81,0.139044326303685,-0.0403750780984392,18.271002363498,17.8714596160771,0.169847216614505,1.11052826448779,176.473999023438,-3.46842234708989,-8.50924014000354,-176.473999023438,4.33287811279297,18.1740798950195,6.67999982833862,16.0620002746582,36.5746612548828,991.198348576236
0.475,-0.0298949359662934,-0.0385642296212666,0.473205678369053,0.0622973217468431,0.0912955344959056,-11.4006488156491,-0.093185813019281,0.00802495999852148,0.0194632065361517,-0.0150066221957115,-0.0307924003705365,-2.44095573056493,-0.0538399561891435,-0.0274666729217993,0.0220444816284861,16.0790857858765,8.70115839578036,-0.21429928302628,-6.68667947996431,-17.0164271407988,0.150353632654091,7.193587225067,-6.1956537931187,-2.81,0.135393678120464,-0.0399687658181185,18.281764926478,17.8469782673435,0.169846915907903,1.11052821085299,176.466430664062,-3.81097980460155,-9.36346741587765,-176.466430664062,4.33490037918091,18.2043075561523,6.67999982833862,16.0620002746582,36.5721397399902,991.195519742798
0.5,-0.0311022834516653,0.226359771788055,0.47310657707203,-0.0772009034225553,0.00314172323162643,-10.879874557504,-0.0438705605131839,-0.0439647822994935,0.0207733801408346,-0.015663740415912,-0.0310760420825572,-2.44072066007092,-0.133013579524853,-0.0242802696904507,0.0202190049623065,16.0796308403017,8.66604336467574,-0.174800948171823,-6.70463805170373,-16.9910978505527,0.189244177960143,7.19483028890449,-6.19486330509738,-2.81,0.137215371542461,-0.0420494833553674,18.2898502349854,17.853553320028,0.169846660307292,1.11052816526341,176.460006713867,-4.10215364469191,-10.0895606004219,-176.460006713867,4.33661937713623,18.2299995422363,6.67999982833862,16.0620002746582,36.5699996948242,991.194083802346
0.525,-0.0307830953481874,0.226999677078241,0.473016710981683,-0.274657654243127,-0.0857527269142884,-10.7039349352887,-0.0488629765666461,-0.0131498601391453,0.0310732225917416,-0.0149687802433147,-0.0327784954489778,-2.44020909212851,0.0350800147633619,-0.0496795232500973,0.0275483894842801,16.0805371133394,8.65531994054485,-0.210398604109296,-6.70423423511069,-16.9870740230705,0.187254251706006,7.19605265758613,-6.1940886362688,-2.81,0.135439194001596,-0.0426045366593124,18.2898502349854,17.8518918411569,0.169846660307292,1.11052816526341,176.460006713867,-4.10215364469191,-10.0895606004219,-176.460006713867,4.33661937713623,18.2299995422363,6.17999982833862,16.1140003204346,36.5699996948242,991.20054092215
0.55,-0.0301487137156935,0.22540232984679,0.473,-0.242327913380812,0.0554291006280812,-10.5885979831792,-0.0286950230327147,0.0451086158877586,0.0398381607532618,-0.0160168139044944,-0.0317721797205889,-2.43932512800925,-0.0341718181340461,0.0338832789207818,0.0357418743396581,16.0915412987981,8.66723559131684,-0.247297750269958,-6.69178761113421,-17.0095300105506,0.125290587244589,7.19727502626777,-6.19331396744023,-2.81,0.132929593390295,-0.0421887038686645,18.2895286521623,17.8469190973815,0.169846660307292,1.11052816526341,176.460006713867,-4.10215364469191,-10.0895606004219,-176.460006713867,4.33661937713623,18.2299995422363,6.17999982833862,16.1140003204346,36.5699996948242,991.206998041955
0.575,-0.0295068376636688,0.222867818775002,0.473,-0.162053774391114,0.370676152157718,-10.591970233483,0.0092108879195205,0.0522655900410748,0.0435969433651686,-0.0159457862107015,-0.0298458487140722,-2.43803379074418,0.0609152310965931,0.0452796525039717,0.0427252073610704,16.1048799888282,8.63564307760866,-0.2397686898537,-6.70028864547687,-17.002777291858,0.103326055849436,7.1984973949494,-6.19253929861166,-2.81,0.133590022706128,-0.0440712347805999,18.2883534131182,17.8472677902212,0.169846660307292,1.11052816526341,176.460006713867,-4.10215364469191,-10.0895606004219,-176.460006713867,4.33661937713623,18.2299995422363,6.17999982833862,16.1140003204346,36.5699996948242,991.21345516176
0.6,-0.0291957985177663,0.223138223241536,0.473,-0.230328044309009,0.870238776472485,-10.198871569459,0.287721360562005,0.0362983742892286,0.0416376915094317,-0.00841423835979651,-0.0304608224194376,-2.4374426173098,0.274728577762587,0.0380759936164934,0.0424962939628491,16.0982926111229,8.58224568677475,-0.154645725291154,-6.71409344448959,-16.9612904876299,0.263544179878864,7.19966144514544,-6.19179503119736,-2.81,0.142276734596127,-0.0459700345080305,18.2875289916992,17.8611668527179,0.169846606021837,1.11052815560914,176.458190917969,-4.16381398815018,-10.2437711033544,-176.458190917969,4.33654832839966,18.2281856536865,6.17999982833862,16.1140003204346,36.5699996948242,991.218428988901
0.625,-0.0296176805515641,0.195938149613286,0.473,-0.475329480696458,0.89325775597059,-9.93666014602117,0.732624391855773,0.0590963453458066,0.0299916555919441,0.00307172401089058,-0.0284858652755117,-2.43683334115552,0.658465921161319,0.0271339719128561,0.0303392215007142,16.1202259461335,8.45233588055375,-0.142310014561009,-6.80129932501693,-16.8804238229306,0.342837544760627,7.20079337115689,-6.19106751011373,-2.81,0.149014017900109,-0.0514487308195346,18.2875289916992,17.8958465247737,0.169846304435977,1.11052810197434,176.448120117188,-4.50637144566184,-11.1004961198388,-176.448120117188,4.33615255355835,18.218111038208,6.17999982833862,16.1140003204346,36.5699996948242,991.216645593908
0.65,-0.0265343705495025,0.150731897404317,0.473,-0.550346962133532,0.650044577670187,-10.1896819509528,1.107112357228,0.105839248905489,0.01151809024769,0.0516271573901491,-0.025119130938339,-2.43679883058798,1.26927751933662,0.0804801073217797,-0.00971914934766847,16.1240682015016,8.39796240937619,-0.326335433815853,-6.83199375360498,-16.8427769147814,0.512415808639753,7.20192529716834,-6.1903399890301,-2.81,0.164113746379958,-0.0461925025588127,18.2935623630168,17.9294100066418,0.169846002850116,1.11052804833954,176.438034057617,-4.8489289031735,-11.9572211363232,-176.438034057617,4.33575677871704,18.2080345153809,6.28999996185303,15.9879999160767,36.5699996948242,991.214862198914
0.675,-0.0253566205791934,0.107410421902612,0.473,-0.429996672274878,0.471308114884456,-10.3695604964554,1.39657101655113,0.118458440031833,-0.0125688843312044,0.0839432273410137,-0.0236199384656861,-2.43747335744455,1.42806281713254,0.0880951368985951,-0.0360725736913826,16.1211917631665,8.34621113518392,-0.446495768547159,-6.87103000423111,-16.7969182359002,0.635536864882026,7.2030572231798,-6.18961246794646,-2.81,0.173912336645677,-0.0428233936158817,18.3122194035528,17.9573547948159,0.169845701264255,1.11052799470473,176.427947998047,-5.19148636210333,-12.8139461528077,-176.427947998047,4.33536148071289,18.1979598999023,6.28999996185303,15.9879999160767,36.5699996948242,991.21307880392
0.7,-0.0263941087432925,0.0606400866612991,0.473,-0.213852589435623,0.322601984249534,-10.4084011276526,1.55548404964308,0.0883378072519646,-0.0402794823745333,0.104823221079905,-0.023234658129606,-2.43811885752534,1.62597411136424,0.0324109719486839,-0.0478871906024345,16.1089608815627,8.33444174476571,-0.598364578504807,-6.87425309049481,-16.7821404823505,0.651141557492574,7.20415375388815,-6.18891727849929,-2.81,0.176056186481175,-0.0391950558771259,18.3243789672852,17.9554286499538,0.169845463011425,1.11052795233324,176.419998168945,-5.46210675437426,-13.4907589158445,-176.419998168945,4.33504867553711,18.1900005340576,6.28999996185303,15.9879999160767,36.5699996948242,991.212599747127
0.725,-0.0266917628150902,0.0475847205623196,0.473,-0.194721232392633,0.00792404146865142,-10.0591994770635,1.63573751785824,0.0552902513928027,-0.0729724552983596,0.169018138187106,-0.0222200216917006,-2.44150409244215,1.71022108110925,0.00474318525439321,-0.0914991996470778,16.1027014928542,8.28407127073094,-0.798328330821968,-6.95398680926786,-16.711451159936,0.964172129816166,7.20523432206262,-6.18823666993709,-2.81,0.196141146434308,-0.027184517416299,18.3243789672852,18.0406751956217,0.169845463011425,1.11052795233324,176.419998168945,-5.46210675437426,-13.4907589158445,-176.419998168945,4.33504867553711,18.1900005340576,6.28999996185303,15.9879999160767,36.5699996948242,991.217027486422
0.75,-0.0266308290736357,0.0108031074373114,0.473,-0.302099489937296,-0.470748864442136,-9.65528510740055,1.55951660077487,0.0507024496589444,-0.0974425570270548,0.191810335471338,-0.0201520554103762,-2.44315345247288,1.49796473037739,0.0325662973490304,-0.109045749888047,16.0793263704643,8.32351686813688,-1.2650401873224,-6.89734509058556,-16.7751377893325,0.668864042906147,7.20631489023708,-6.18755606137489,-2.81,0.181789312873492,-0.0193322271964627,18.3380639535054,17.9753332856408,0.169845463011425,1.11052795233324,176.419998168945,-5.46210675437426,-13.4907589158445,-176.419998168945,4.33504867553711,18.1900005340576,6.30000019073486,16.0669994354248,36.5699996948242,991.221455225716
0.775,-0.0271174460556723,0.0135005540292122,0.473,-0.254679026269187,-0.830809310194635,-9.22734820731902,1.34640271914308,0.0584723458516379,-0.106813327486504,0.2222360084841,-0.0198101581493566,-2.44551895307991,1.4105903561057,0.0273297149554695,-0.114789773704005,16.0509146190142,8.42871132581641,-1.63412826980905,-6.80788527800831,-16.8718607678384,0.581740659718205,7.20739545841155,-6.18687545281269,-2.81,0.175925604147438,-0.00543359037054133,18.3747397165755,17.9471699720531,0.169845463011425,1.11052795233324,176.419998168945,-5.46210675437426,-13.4907589158445,-176.419998168945,4.33504867553711,18.1900005340576,6.30000019073486,16.0669994354248,36.5699996948242,991.225882965011
0.8,-0.0275875239618729,0.0136766622374621,0.473,-0.19174351056758,-0.82444867177205,-8.97567584149587,1.093104992417,0.0559971033888178,-0.102597149476302,0.260272841705896,-0.0177813761415178,-2.44907054047311,1.02016930962576,0.0436302931129295,-0.107393623525021,16.032659557688,8.47480390218755,-1.93352924043174,-6.78667001055761,-16.9171820998314,0.597552479539927,7.20847602658601,-6.18619484425048,-2.81,0.177058176768652,0.00792132440388811,18.3968181610107,17.9618933851985,0.169845389997752,1.11052793967191,176.417572021484,-5.54297277774488,-13.6981712930591,-176.417572021484,4.33617782592773,18.2014865875244,6.30000019073486,16.0669994354248,36.5699996948242,991.229406707533
0.825,-0.0266487252390267,0.0215954364725444,0.473,-0.120372216000734,-0.80977549622989,-9.12928194896196,0.826647480210249,0.0646196012145116,-0.0968533971849203,0.277805683031486,-0.0143195116995591,-2.45118265795628,0.700787213352915,0.0503888750032598,-0.0952452222645237,15.983673318566,8.59110881274816,-2.34799247004822,-6.64923281021216,-17.0434393838287,0.326969466275336,7.20953378954034,-6.18551461388856,-2.81,0.162845470180645,0.0197870950704132,18.3968181610107,17.8829672987577,0.169845085774114,1.11052788691636,176.407501220703,-5.87991454037094,-14.5623895312168,-176.407501220703,4.34088182449341,18.2493457794189,6.30000019073486,16.0669994354248,36.5699996948242,991.230067793608
0.85,-0.0247484237291823,0.0260402779563423,0.473,-0.175024602589796,-0.858139830953026,-9.14399394907449,0.583546396649599,0.0788130385899574,-0.0872688383239363,0.29307078465944,-0.0121459406259742,-2.45251847939352,0.454132998280542,0.0901875262520572,-0.0757860697012939,15.9616587630521,8.72089421174092,-2.48269909023437,-6.55297249916712,-17.1446117465923,0.336423211020355,7.21058499094714,-6.18483449234292,-2.81,0.162595538241579,0.0317621092346507,18.4124678844769,17.8732261013307,0.169844781550476,1.11052783416082,176.397430419922,-6.21685630299701,-15.4266077694533,-176.397430419922,4.34558582305908,18.2972030639648,6.21000003814697,16.0919990539551,36.5699996948242,991.230728879684
0.875,-0.0238034200034587,0.0285760743100351,0.473,-0.223356549553995,-0.871815060119115,-8.93475377869632,0.380476962471503,0.0811335366986558,-0.0673112379191357,0.298543789133974,-0.0104074552480834,-2.45324862817407,0.357777079218025,0.0622814198180976,-0.0585784793522527,15.9425908917718,8.80624533556292,-2.5993800977566,-6.47845102711575,-17.217107717876,0.271684128101313,7.21163619235393,-6.18415437079728,-2.81,0.158879870598998,0.0383452993697562,18.4494748776145,17.8505272947578,0.169844477326838,1.11052778140527,176.387359619141,-6.55379806562307,-16.2908260076898,-176.387359619141,4.35028982162476,18.3450622558594,6.21000003814697,16.0919990539551,36.5699996948242,991.231389965759
0.9,-0.024216754962582,-0.465271131035586,0.473,-0.254461884674557,-0.774128895349353,-8.94735413514896,0.269927378574807,0.0691800915463769,-0.042952805122384,0.303410923719144,-0.00942359109916348,-2.45352240610354,0.229188984806567,0.0846910182097075,-0.0497084068216973,15.9326590764476,8.85342912181446,-2.61394014773983,-6.44440460425048,-17.2465848433005,0.300792448076887,7.21268739376073,-6.18347424925164,-2.81,0.160417436875269,0.042522627497689,18.4699115753174,17.848966567096,0.169844255243583,1.11052774289373,176.380004882812,-6.79976555266627,-16.9217053215599,-176.380004882812,4.35372400283813,18.3799991607666,6.21000003814697,16.0919990539551,36.5699996948242,991.231893313622
0.925,-0.0229678658697928,-0.490460139779499,0.473,-0.200697608843766,-0.665117440321873,-9.44727428364582,0.175774664377416,0.0682006072653095,-0.0213779204800744,0.308298141439467,-0.00631005035262102,-2.45352122236605,0.0536531526822701,0.0959276199634236,-0.0174153140148862,15.914811977526,8.94876817113918,-2.71570475638,-6.354611116172,-17.3292703302878,0.228148562686364,7.21406653811959,-6.18255098657197,-2.81,0.157463969141359,0.049529345134083,18.4699115753174,17.8210188289725,0.169844255243583,1.11052774289373,176.380004882812,-6.79976555266627,-16.9217053215599,-176.380004882812,4.35372400283813,18.3799991607666,6.21000003814697,16.0919990539551,36.5699996948242,991.231970184096
0.95,-0.0210734718035299,-0.489849357028229,0.473,-0.137339172982734,-0.620062947815445,-9.66567258249867,0.117556134371871,0.0916061311788092,-0.00126409846411239,0.311078547824593,-0.00478956464722265,-2.45272864665534,0.0996298140977706,0.088704835662356,0.0140829741774295,15.9008630065799,9.0653880143216,-2.7092058314409,-6.26104945375469,-17.409305087821,0.271765594118934,7.2154938604949,-6.18159200408958,-2.81,0.159440493118102,0.0569471315326691,18.4862321858442,17.8094368234522,0.169844255243583,1.11052774289373,176.380004882812,-6.79976555266627,-16.9217053215599,-176.380004882812,4.35372400283813,18.3799991607666,6.65000009536743,16.0599994659424,36.5699996948242,991.232047054569
0.975,-0.0186823662644872,-0.48679851426206,0.473,-0.101609064265754,-1.17766100417936,-9.93641439704346,-0.0265405502284046,0.0889613042371051,0.0200312003485309,0.306767269930241,-0.00291692615043542,-2.45127110596443,-0.179671411144699,0.093594252851596,0.0374198089103547,15.8998968941055,9.1192973801257,-2.71525311531782,-6.20099217163918,-17.4597759711913,0.211718099553674,7.2169211828702,-6.1806330216072,-2.81,0.157542135375892,0.0586310583044011,18.520763161801,17.7873619387318,0.169844255243583,1.11052774289373,176.380004882812,-6.79976555266627,-16.9217053215599,-176.380004882812,4.35372400283813,18.3799991607666,6.65000009536743,16.0599994659424,36.5699996948242,991.232123925043
1,-0.0179059938396641,-0.48539826774937,0.473,-0.132981881211117,-1.68237163795677,-10.2191815603359,-0.395621095887013,0.0360474878421343,0.0585488812414348,0.30347509152534,-0.00354379755049027,-2.45061496358183,-0.269685839496266,0.03795975656773,0.0614531867350735,15.8802060572382,9.26897314997026,-2.78477496357526,-6.0698180555741,-17.5777881334124,0.168678339044569,7.21807506297485,-6.17985743727145,-2.81,0.152350747857903,0.0660712246582301,18.5381145477295,17.7581939490339,0.169844163053269,1.11052772772651,176.376983642578,-6.8966363085881,-17.1835934206914,-176.376983642578,4.35473966598511,18.383020401001,6.65000009536743,16.0599994659424,36.5699996948242,991.229571825311
1.025,-0.0210955654362671,-0.479661347021957,0.473,-0.104409637662234,-1.97245736363229,-10.7108254312294,-0.912917106242716,-0.0552985388434933,0.106538694550721,0.262449028169495,-0.00811116731501561,-2.44688087278979,-1.20575691219226,-0.116234606330313,0.148222938912121,15.8568491170841,9.39503068331774,-2.84616353489979,-5.90224778198764,-17.6900269022456,-0.182569569462781,7.21907748167144,-6.17918343833235,-2.81,0.130097006225743,0.0608273516320268,18.5381145477295,17.6514046067945,0.169843855752225,1.11052767716911,176.366912841797,-7.21953883116383,-18.056553750788,-176.366912841797,4.35812473297119,18.3930988311768,6.65000009536743,16.0599994659424,36.5699996948242,991.220885461764
1.05,-0.0262074925277635,-0.463114455507888,0.473,-0.178859154785504,-2.08057938198687,-10.879058558404,-1.65046354597398,-0.192470635057359,0.17513506879262,0.208690160043867,-0.0143868904296334,-2.44259138086482,-1.98923188120731,-0.234690538835513,0.232658739362862,15.8358326604102,9.66186089200558,-2.65345782504701,-5.69158261671117,-17.8504263815813,-0.366272695106916,7.22007990036804,-6.17850943939326,-2.81,0.115158370809941,0.0607690871789474,18.5437599873963,17.576019947672,0.16984354845118,1.11052762661172,176.356826782227,-7.54244135373956,-18.9295140810423,-176.356826782227,4.36150979995728,18.4031734466553,6.75,15.96399974823,36.5699996948242,991.212199098217
1.075,-0.0332305249152026,-0.453281199903617,0.473,-0.204537664840432,-1.86869470889633,-10.4082649739828,-2.27751448619509,-0.348583353838723,0.257232252926881,0.145570597382927,-0.0263596774181502,-2.43665316678747,-2.49784974724526,-0.397217074533734,0.329646149916347,15.8106751884416,9.85076350092214,-2.44439838219637,-5.51247295824016,-17.9520162921734,-0.572562526366272,7.22108231906464,-6.17783544045416,-2.81,0.0950566449810038,0.0553415407295234,18.5545669719014,17.4865917541867,0.169843241150136,1.11052757605432,176.346740722656,-7.8653438763153,-19.8024744112178,-176.346740722656,4.36489486694336,18.4132499694824,6.75,15.96399974823,36.5699996948242,991.20351273467
1.1,-0.0433652217687814,-0.445993160965117,0.473,-0.271062643022201,-1.38911350464803,-9.50624996033219,-2.66573969210398,-0.522337466846086,0.363161631895994,0.0763628618084024,-0.0420720730744648,-2.4279086771983,-2.72230433794125,-0.582240311795705,0.422801204882019,15.7742467002464,9.94395437545408,-2.26365834653143,-5.35809830230393,-17.9841325031424,-0.833665030714227,7.22213747464786,-6.17711785349903,-2.81,0.0688343462344616,0.0451368445103933,18.5594596862793,17.3658811193504,0.169843035258436,1.11052754218086,176.339996337891,-8.08168856610068,-20.3873578324196,-176.339996337891,4.36716270446777,18.4200000762939,6.75,15.96399974823,36.5699996948242,991.198895279046
1.125,-0.0500416826519033,-0.42024980468148,0.473,-0.13321509882579,-0.735335355635766,-8.44882490187962,-2.80544463491238,-0.707112640355268,0.459880515906968,0.00951564690831098,-0.059949001834228,-2.41821748648607,-2.80023857055962,-0.762033957825423,0.509976830494452,15.7294426407369,9.98323725568305,-2.06200003755936,-5.23678734824452,-17.9684695506361,-1.02097812097752,7.22322453013746,-6.17637390067894,-2.81,0.0436923027712102,0.034720508771303,18.5594596862793,17.2483626791293,0.169843035258436,1.11052754218086,176.339996337891,-8.08168856610068,-20.3873578324196,-176.339996337891,4.36716270446777,18.4200000762939,6.75,15.96399974823,36.5699996948242,991.202538939507
1.15,-0.0763351969407772,-0.315820375117136,0.473,-0.18358911870629,-0.355728911969623,-6.85194170815988,-2.81058988249244,-0.841295032987631,0.541974564683174,-0.0345608621113859,-0.0744220940793741,-2.40893490131863,-2.81773742186881,-0.801865083200719,0.561190933095032,15.793588794471,9.84353032873155,-1.56685878547551,-5.27012142324864,-17.9021127236695,-0.726472992179832,7.22431158562706,-6.17562994785885,-2.81,0.0472959599527955,0.0192688897898867,18.5591320499065,17.2615856541913,0.169843035258436,1.11052754218086,176.339996337891,-8.08168856610068,-20.3873578324196,-176.339996337891,4.36716270446777,18.4200000762939,6.98999977111816,16.0520000457764,36.5699996948242,991.206182599969
1.175,-0.0940219322609666,-0.243780327421188,0.473,-0.395780663676015,-0.0967115605122366,-4.82595535673086,-2.75008639238838,-0.888259230788032,0.608423279637348,-0.120508900634509,-0.0991713820574235,-2.38914913102054,-2.72371025789539,-0.864431233652143,0.633762533624549,15.9231657177495,9.57509755323523,-1.06815625298173,-5.31833646387275,-17.8240413909671,-0.624101882549886,7.22539864111667,-6.17488599503875,-2.81,0.0271541481674363,-0.00729006435133116,18.558559398507,17.2576435935646,0.169843035258436,1.11052754218086,176.339996337891,-8.08168856610068,-20.3873578324196,-176.339996337891,4.36716270446777,18.4200000762939,6.98999977111816,16.0520000457764,36.5699996948242,991.20982626043
1.2,-0.0977246777120109,-0.229167686741782,0.473,-0.387346258843037,0.332918873547118,-3.55596892326278,-2.68352896711166,-0.880644936515912,0.644000216938181,-0.154275060900925,-0.109182171958422,-2.37980160730872,-2.73341039069417,-0.830823858599432,0.650662319321302,15.9894875369309,9.43006980430224,-0.815609941109553,-5.33391479365709,-17.7919994496549,-0.499255787350924,7.22648569660627,-6.17414204221866,-2.81,0.022440870366873,-0.018890391798588,18.55832862854,17.2649300615908,0.16984292415526,1.11052752461327,176.338165283203,-8.1938901734565,-20.7029723312139,-176.338165283203,4.36793804168701,18.4163722991943,6.98999977111816,16.0520000457764,36.569091796875,991.215069441711
1.225,-0.113535249104816,-0.150397968688418,0.473,-0.369277052508601,1.01362921183544,-1.5462445265535,-2.42364492581224,-0.833280430902917,0.657333425592424,-0.254054647945381,-0.136210462297732,-2.34885416395173,-2.37039484955584,-0.756648215111651,0.652489354697266,16.1355128881449,9.12180899957663,-0.299204056725477,-5.23153536891054,-17.780547629323,-0.367236083495536,7.2275762695367,-6.17337328291712,-2.81,-0.00444039610245394,-0.0425423230003656,18.55832862854,17.2024142107709,0.169842615535327,1.11052747581439,176.333145141602,-8.50556130342471,-21.5796792722654,-176.333145141602,4.37009239196777,18.4062976837158,6.98999977111816,16.0520000457764,36.5665740966797,991.223156215562
1.25,-0.132578978964234,-0.0562242114523752,0.473,-0.409777076394494,1.19764490776163,-0.558507826331677,-2.12973366711152,-0.719679495089341,0.637950726736039,-0.311449764432571,-0.149411608545209,-2.32754627982736,-1.95112065981766,-0.605337755798471,0.625993884091452,16.4594323072457,8.50052868900713,0.248539340672428,-5.47803767576125,-17.697826849262,0.108165196715237,7.22866728296915,-6.17260141700888,-2.81,-0.00478302200762283,-0.0785919168736873,18.5629558707365,17.4013465078941,0.169842306915393,1.11052742701551,176.328109741211,-8.81723243339291,-22.4563862133169,-176.328109741211,4.37224626541138,18.3962211608887,6.6100001335144,16.0279998779297,36.5640563964844,991.231242989413
1.275,-0.138170735249623,-0.0221446022468711,0.473,-0.664510742801038,1.53219641217599,-0.141283407676761,-1.79656158948556,-0.505866303110767,0.59926124547435,-0.353112072137642,-0.153415760654746,-2.31162748719352,-1.63124583233146,-0.342500741735498,0.578829577085536,16.6732588814805,8.08558544467946,0.687251595094936,-5.56884530012072,-17.6820967857119,0.421881204939795,7.2297582964016,-6.17182955110065,-2.81,-0.00224341744327865,-0.101332447575634,18.5703964761883,17.5138677040773,0.16984199829546,1.11052737821663,176.323089599609,-9.12890356477928,-23.3330931543684,-176.323089599609,4.37440061569214,18.3861465454102,6.6100001335144,16.0279998779297,36.5615386962891,991.239329763264
1.3,-0.137381799647488,-0.0235665173892696,0.473,-0.722027181527431,1.62899988503377,-0.625413391278033,-1.45574548172836,-0.210416770643393,0.545527524650697,-0.382380665389519,-0.150140060955251,-2.29986022077544,-1.23452513976959,-0.0721477926377527,0.530766757249363,16.8531228799654,7.78130375021219,1.01010576996569,-5.6314433587411,-17.7073728018029,0.576668606792597,7.23092114213262,-6.17102564356983,-2.81,0.000680361728815615,-0.117315820299002,18.5730247497559,17.6067387826605,0.169841810037301,1.11052734844932,176.320007324219,-9.31902295391807,-23.8678843883862,-176.320007324219,4.37571477890015,18.3799991607666,6.6100001335144,16.0279998779297,36.560001373291,991.244808321936
1.325,-0.1333551761466,-0.0260394331221394,0.473,-0.726393657517523,1.9145740501555,-1.8770184961721,-1.13737835956572,0.0879881709644634,0.491208626448275,-0.410049409748893,-0.142396686635862,-2.28946383794804,-0.859428912937241,0.231552971424217,0.476340266928826,17.0044908008833,7.52540845867047,1.26241073209032,-5.6807849008618,-17.7414555812381,0.58957399259679,7.23214022263784,-6.1701966518715,-2.81,0.000488488144102867,-0.130237632668308,18.5730247497559,17.6690342629895,0.169841810037301,1.11052734844932,176.320007324219,-9.31902295391807,-23.8678843883862,-176.320007324219,4.37571477890015,18.3799991607666,6.6100001335144,16.0279998779297,36.560001373291,991.24620736456
1.35,-0.115410201383931,-0.035420826208437,0.473,-0.66173924452901,2.07142360803635,-3.68604709590526,-0.664049047452806,0.347060128519998,0.435914618352198,-0.423999852586816,-0.125532400879468,-2.28422211200761,-0.411420524100342,0.482707010403865,0.421136853077198,17.2612452003595,6.84006440995637,2.14822271354667,-5.89526583408713,-17.6883260140309,1.31182750126871,7.23335930314305,-6.16936766017317,-2.81,0.0435337930424993,-0.166168989837207,18.5714110463332,17.9453799486675,0.169841810037301,1.11052734844932,176.320007324219,-9.31902295391807,-23.8678843883862,-176.320007324219,4.37571477890015,18.3799991607666,6.78999996185303,15.9910001754761,36.560001373291,991.247606407185
1.375,-0.100801051311789,-0.0424321198033778,0.473,-0.609823085141719,1.91196585401457,-5.90235330774883,-0.2238996067088,0.562674429916675,0.389789668564818,-0.423632953616871,-0.111763574821666,-2.2818335729155,-0.0632272628736557,0.627682413526436,0.388145788874662,17.366102463645,6.53773263866107,2.53528016159529,-5.98483764171719,-17.6773937467935,1.56287461215621,7.23457838364826,-6.16853866847484,-2.81,0.0657862198631006,-0.182291943498064,18.5690084212373,18.0645713383703,0.169841810037301,1.11052734844932,176.320007324219,-9.31902295391807,-23.8678843883862,-176.320007324219,4.37571477890015,18.3799991607666,6.78999996185303,15.9910001754761,36.560001373291,991.249005449809
1.4,-0.0979321000167237,-0.0440176794467127,0.473,-0.458398912433525,1.8871433197037,-8.78123780047324,0.135745428289434,0.746514291310267,0.348399071029218,-0.424294950674918,-0.10037477251601,-2.28143604071677,0.102920409820229,0.710235563688889,0.365970605232904,17.4449249263354,6.32421891844298,2.77237310835385,-6.09397261385979,-17.665697174893,1.6714796954498,7.23556323010745,-6.16785681258782,-2.81,0.0787366912668091,-0.193300417135857,18.5682792663574,18.1648154153404,0.16984168004764,1.11052732850772,176.292495727539,-9.44638694030134,-24.2371503547362,-176.292495727539,4.37706279754639,18.3884620666504,6.78999996185303,15.9910001754761,36.560001373291,991.248105757783
1.425,-0.0756603858806101,-0.0494545348786152,0.473,-0.0697021663876808,1.78223218814527,-11.7765770282854,0.392200278438627,0.898418967101417,0.308132322911177,-0.407047270274597,-0.0615536612084225,-2.28364316517427,0.510124951647956,0.949469261883925,0.299473082140615,17.50287305431,6.07255925802568,3.11150995817581,-6.25634215371371,-17.6473348019325,1.52898415999584,7.23639588244281,-6.1672705585412,-2.81,0.107747753282341,-0.20803094997053,18.5682792663574,18.2393157296383,0.169841370548448,1.11052728102773,176.227020263672,-9.74963452652298,-25.1163550363192,-176.227020263672,4.38027238845825,18.4086151123047,6.78999996185303,15.9910001754761,36.560001373291,991.244031622668
1.45,-0.0426715887311959,-0.0555299850621338,0.473,0.415286346161686,1.70640700469575,-14.6929930748471,0.592935571745936,0.97880280149695,0.262017587885328,-0.386046209377517,-0.0351914381783548,-2.28667863072568,0.696281654083282,0.994630287977653,0.245670241811772,17.5066832681899,5.75529690885657,3.6055138999781,-6.40795808178756,-17.559810880419,1.78836436743723,7.23722853477818,-6.16668430449458,-2.81,0.147159301217291,-0.225684096768121,18.5483923222616,18.3613563178665,0.169841061049255,1.11052723354774,176.161514282227,-10.0528821127446,-25.995559717981,-176.161514282227,4.38348150253296,18.4287643432617,8.39000034332275,16.0279998779297,36.560001373291,991.239957487553
1.475,-0.0253787090395163,-0.0572983376470392,0.473,1.10764993815371,1.59132506524316,-17.8505756079188,0.723754703056034,0.956495152482255,0.208852911988056,-0.368272375809674,-0.0122357216877585,-2.2899600779184,0.780981748670635,0.910026298655141,0.189828821633122,17.4877519771529,5.63553156006184,3.75001059976923,-6.53610531782061,-17.4953712679477,1.6836199536345,7.23806118711354,-6.16609805044796,-2.81,0.165441767471987,-0.232933373988213,18.5208249032047,18.3921916809854,0.169840751550063,1.11052718606775,176.09602355957,-10.3561296989663,-26.8747643996428,-176.09602355957,4.38669061660767,18.4489154815674,8.39000034332275,16.0279998779297,36.560001373291,991.235883352438
1.5,-0.0109661685439944,-0.0587480413671908,0.473,1.57317951626602,1.57469098938161,-19.9544585707797,0.779650209158901,0.851385089157109,0.14692535911178,-0.347397095179997,0.00562574500630492,-2.29305144231346,0.834751997384014,0.758103332171625,0.123082091018006,17.459862856143,5.57632202296043,3.80003903568509,-6.64361235933524,-17.4287154682137,1.57631433373595,7.23926730330706,-6.16524204893639,-2.81,0.180152881905172,-0.236902653805772,18.5138301849365,18.4076053474783,0.169840581325507,1.11052715995376,176.059997558594,-10.5229158711045,-27.3583269745293,-176.059997558594,4.38845586776733,18.4599990844727,8.39000034332275,16.0279998779297,36.560001373291,991.227969537154
1.525,-0.00743638718508814,-0.0593952510612492,0.473,2.06886412557952,1.60008984768598,-21.3677729869544,0.830614044473508,0.686082832305182,0.0793204062119275,-0.327368088918094,0.0220307570071806,-2.29643623095949,0.859436064613977,0.564524325762313,0.0563232427445986,17.4280952398845,5.53629154963699,3.8075585431564,-6.75190777947388,-17.3557609826835,1.44077476451758,7.24073486418267,-6.16419720976711,-2.81,0.192059709932858,-0.239634679268964,18.5138301849365,18.415054546077,0.169840581325507,1.11052715995376,176.059997558594,-10.5229158711045,-27.3583269745293,-176.059997558594,4.38845586776733,18.4599990844727,8.39000034332275,16.0279998779297,36.560001373291,991.215362779439
1.55,0.00429772101912437,-0.070885677812476,0.473,2.24732163236714,1.57942778714933,-21.6903388765605,0.844214951221391,0.471336402961399,0.00685265963042176,-0.304115936459046,0.0302963485383587,-2.29983618644159,0.851965857545787,0.337884289693167,-0.0320887870848418,17.3574818483191,5.57891966226179,3.52809254949148,-6.83381363799744,-17.2274877282932,1.16902330306174,7.24220242505828,-6.16315237059782,-2.81,0.190111904105808,-0.238610484396793,18.4901522533119,18.3408389001501,0.169840581325507,1.11052715995376,176.059997558594,-10.5229158711045,-27.3583269745293,-176.059997558594,4.38845586776733,18.4599990844727,12.460000038147,15.8889999389648,36.560001373291,991.202756021725
1.575,0.00125467962572035,-0.0674523183575874,0.473,2.33088934152109,1.50961848427377,-21.3094655616821,0.841881797596118,0.212586413073289,-0.0656492277218582,-0.284922158953896,0.0311028200719728,-2.30270177226312,0.823822300632233,0.0522832673632883,-0.103948938800685,17.3175180119336,5.66197083420647,3.23326810963215,-6.88069583239789,-17.1499063689457,0.972164023316239,7.24366998593388,-6.16210753142854,-2.81,0.184541200523191,-0.234682129086866,18.4594473226245,18.2902760439275,0.169840581325507,1.11052715995376,176.059997558594,-10.5229158711045,-27.3583269745293,-176.059997558594,4.38845586776733,18.4599990844727,12.460000038147,15.8889999389648,36.560001373291,991.190149264011
1.6,-0.00585249328745818,-0.0803432098161597,0.473,2.12941085367226,1.43799969648322,-19.942531723822,0.798917125425959,-0.0571098847083884,-0.140239565797853,-0.266550118737029,0.0244231178214012,-2.30601716790772,0.780936908687316,-0.188467303116993,-0.179138778906811,17.2724064540911,5.73206120491177,2.97491946986349,-6.92188187741034,-17.0660710778877,0.93779820005115,7.2450146762259,-6.16115270991587,-2.81,0.180245538423965,-0.230888525680335,18.4531841278076,18.2664773265637,0.169840433398962,1.11052713610825,176.023727416992,-10.6752135481689,-27.778546848478,-176.023727416992,4.38343334197998,18.4527454376221,12.460000038147,15.8889999389648,36.560001373291,991.188353569742
1.625,-0.0100175689371563,-0.0874041900983802,0.472945207866004,1.76294239585921,1.40379789965967,-17.7986270189224,0.754759978287746,-0.289873247725906,-0.215960632979509,-0.248179792499382,0.0151056187619302,-2.31015697642492,0.686692908817658,-0.410207877369161,-0.255602412281221,17.2415291775229,5.77618927430196,2.77673950772746,-6.98799780657042,-16.9849423820728,1.01222138820797,7.246272375384,-6.16026161999617,-2.81,0.178919151143788,-0.227765732647331,18.4531841278076,18.2865397917217,0.169840125218658,1.11052708643011,175.948165893555,-10.992500375859,-28.6540049193427,-175.948165893555,4.37297058105469,18.4376316070557,12.460000038147,15.8889999389648,36.560001373291,991.19826986087
1.65,-0.0274120948140746,-0.115267811729915,0.472801614936199,1.28045305535062,1.16953771557893,-15.0054095079784,0.672182835812776,-0.455287556684188,-0.283275081957276,-0.231647808932389,-0.00059753137002015,-2.31527289516303,0.637064970116805,-0.542161267158224,-0.327544910508248,17.214887808976,6.07105130281382,1.9547820623085,-6.9886719553501,-16.9682128467338,0.519053173183105,7.2475300745421,-6.15937053007647,-2.81,0.141546516805657,-0.211890900125042,18.4569384817513,18.1819447665025,0.169839817038354,1.11052703675198,175.872589111328,-11.3097872007128,-29.5294629900496,-175.872589111328,4.36250686645508,18.4225177764893,10.8000001907349,15.9219999313354,36.560001373291,991.208186151999
1.675,-0.0425027328105493,-0.113108854109968,0.472644972473782,0.805170751726458,1.07291822599556,-12.1202778407011,0.548743126698004,-0.56081345028251,-0.341760668902444,-0.219520244646226,-0.0171035743700511,-2.32194404739264,0.483691135911439,-0.613190960968529,-0.38221860080725,17.1985710063897,6.24370757623606,1.51833535748494,-7.03879354145004,-16.9517574458629,0.416384671473577,7.2487877737002,-6.15847944015677,-2.81,0.122824630089783,-0.201400259862867,18.4615119674644,18.1944878464278,0.169839508858051,1.11052698707384,175.797027587891,-11.627074028403,-30.4049210608354,-175.797027587891,4.35204410552979,18.4074058532715,10.8000001907349,15.9219999313354,36.560001373291,991.218102443128
1.7,-0.0561499470351989,0.406079909946727,0.472488330759186,0.370286626590453,0.926111513777688,-9.33944087785732,0.454622720883586,-0.606802275099589,-0.394077466139309,-0.211940494998498,-0.0333524986161267,-2.32970296721317,0.350404129576807,-0.609319141261458,-0.423900077818932,17.1771228969396,6.39036794277014,1.24933941037399,-7.09259432609913,-16.9394161870406,0.449985989198975,7.25006933073096,-6.15763832177637,-2.81,0.110833192387115,-0.192113404167354,18.4622173309326,18.2369472050185,0.169839357849702,1.11052696273155,175.759994506836,-11.7825445731486,-30.8338955155654,-175.759994506836,4.34691715240479,18.3999996185303,10.8000001907349,15.9219999313354,36.560001373291,991.229963249764
1.725,-0.0600031765828143,0.404479469595776,0.472331689042806,0.160063575408001,0.706651559879333,-7.26885887677373,0.301869746549683,-0.577023083760051,-0.435771322641362,-0.205140745391532,-0.0490217412968042,-2.33815259125561,0.175252261638892,-0.548097971053078,-0.459555526848272,17.1680541089744,6.5122862361387,1.04878199851811,-7.17184448673648,-16.926988992796,0.541837509148469,7.25136748277479,-6.15683196250292,-2.81,0.102045300734237,-0.183873959070612,18.4622173309326,18.3101103399832,0.169839357849702,1.11052696273155,175.759994506836,-11.7825445731486,-30.8338955155654,-175.759994506836,4.34691715240479,18.3999996185303,10.8000001907349,15.9219999313354,36.560001373291,991.243692316396
1.75,-0.0742450504925482,0.398803325826196,0.472175046580389,-0.148859185859131,0.622408438948566,-5.68881232802732,0.138842635162963,-0.457789740712618,-0.467754904264945,-0.202232501302784,-0.0621559939707581,-2.34902428248353,0.0749688055032289,-0.382054231706465,-0.486147006358053,17.0917969663367,6.87231690152254,0.634899754124698,-7.12340203793912,-16.9978126042869,0.304747283241677,7.25266563481861,-6.15602560322947,-2.81,0.0796093819975036,-0.163562466028715,18.4562545843629,18.2734046566717,0.169839357849702,1.11052696273155,175.759994506836,-11.7825445731486,-30.8338955155654,-175.759994506836,4.34691715240479,18.3999996185303,7.21000003814697,16.0599994659424,36.560001373291,991.257421383029
1.775,-0.077099640133213,0.40455770850664,0.472018404117972,-0.483064186317052,0.700567132425406,-4.77302696073855,0.0113606067695423,-0.278660923990927,-0.490342962299836,-0.201122476939486,-0.0682687334258261,-2.36058322612342,0.0397064258817097,-0.176314596426532,-0.50312714575272,17.0719122408082,7.07327908596418,0.572793441299163,-7.17780335309915,-17.0349525748101,0.31478041616268,7.25396378686244,-6.15521924395602,-2.81,0.0757151447149081,-0.151205973483828,18.4494059440171,18.3414490371346,0.169839357849702,1.11052696273155,175.759994506836,-11.7825445731486,-30.8338955155654,-175.759994506836,4.34691715240479,18.3999996185303,7.21000003814697,16.0599994659424,36.560001373291,991.271150449661
1.8,-0.077722442719908,0.40236511209137,0.471861762403223,-0.48781282532658,1.21116667906022,-4.81175943021361,0.119663538300652,-0.0657816301754037,-0.507306233113598,-0.19064534625562,-0.0690084773705796,-2.37331235759576,0.389937866567155,-0.00144034122359972,-0.517697993405919,17.0695947137132,7.17371645892963,0.633394452646309,-7.30411192232139,-17.0202716152217,0.441319868653552,7.2550125804839,-6.15456025152264,-2.81,0.0837677586580734,-0.143592741801071,18.4486904144287,18.4554292991441,0.169839357849702,1.11052696273155,175.759994506836,-11.7825445731486,-30.8338955155654,-175.759994506836,4.34691715240479,18.3999996185303,7.21000003814697,16.0599994659424,36.5586395263672,991.277640162547
1.825,-0.075303132393441,0.392171761227029,0.471705119565714,-0.687453600819671,1.62046378644108,-5.61379600972771,0.557897558394404,0.141893211395131,-0.523964884490855,-0.17400533143278,-0.0667390462045162,-2.38742947589274,0.873158924822706,0.198223028874149,-0.53752655594759,17.0786533703105,7.15108778640827,0.778840095468711,-7.52828311213098,-16.9204725789425,0.669036961088865,7.25588040650208,-6.15400820804889,-2.81,0.0996232514562436,-0.141874553252152,18.4486904144287,18.6169799960151,0.169839357849702,1.11052696273155,175.759994506836,-11.7825445731486,-30.8338955155654,-175.759994506836,4.34691715240479,18.3999996185303,7.21000003814697,16.0599994659424,36.5561218261719,991.277963018537
1.85,-0.0642818074658724,0.34439518943891,0.471548476730111,-0.76218609150694,1.59224072433196,-7.01002001088126,1.13330216428021,0.299335435616577,-0.542450317303223,-0.135633233186061,-0.0597178532675186,-2.4026277043143,1.42840803339183,0.346367911912999,-0.558242512648631,16.9350576157295,7.43605208737612,1.00682374105568,-7.44180499071283,-16.9327674474659,1.00282909313611,7.25674823252026,-6.15345616457514,-2.81,0.132302347129984,-0.122892343409342,18.4511648749825,18.621994637609,0.169839357849702,1.11052696273155,175.759994506836,-11.7825445731486,-30.8338955155654,-175.759994506836,4.34691715240479,18.3999996185303,5.92000007629395,15.9490003585815,36.5536041259766,991.278285874528
1.875,-0.0561057144266163,0.288952172240287,0.471391833148728,-0.808141926352384,1.32038204182084,-8.56827678655617,1.76431768838569,0.377259359059449,-0.555315409378123,-0.0852870026010946,-0.0522212187422279,-2.4177299163827,1.99143683904091,0.352682136540852,-0.575015085120455,16.8398889970477,7.53568321101007,1.04074350834169,-7.55335403067089,-16.8159613957114,1.27350507067456,7.25761605853845,-6.15290412110139,-2.81,0.160147353933307,-0.111439230149284,18.4538533429355,18.7013539372766,0.169839357849702,1.11052696273155,175.759994506836,-11.7825445731486,-30.8338955155654,-175.759994506836,4.34691715240479,18.3999996185303,5.92000007629395,15.9490003585815,36.551082611084,991.278608730518
1.9,-0.0495117638525588,0.224484337490569,0.471235191058085,-0.607904202776049,0.688562767754897,-9.91389141956383,2.17273235876733,0.357164079382036,-0.569780442781822,-0.029728523388708,-0.0458575382105887,-2.43234892859325,2.18078168262579,0.301826383931226,-0.597396078920683,16.7497702682573,7.61219225609719,0.974786963869812,-7.69705816934575,-16.670636975205,1.51513794314294,7.25870929495735,-6.15221762379044,-2.81,0.18463875913727,-0.0992106871845658,18.4540004730225,18.7887983736516,0.169839184191639,1.11052693190913,175.742767333984,-11.9794027975683,-31.3272117673352,-175.742767333984,4.34398508071899,18.3985633850098,5.92000007629395,15.9490003585815,36.5499992370605,991.28575814581
1.925,-0.0486682686373996,0.198952232635074,0.471078550092481,-0.376005829854806,0.271429250130765,-10.5048405272785,2.36471578300195,0.259146733946255,-0.589498214260251,0.0269095942157229,-0.0405575552200342,-2.44703811864594,2.31389495209897,0.193667323288287,-0.620074552841228,16.6667751583251,7.71182094975185,0.851344917422788,-7.84277332617927,-16.5367606212112,1.73344149556431,7.25996311179827,-6.15143534272749,-2.81,0.205714990541635,-0.0839867389432342,18.4540004730225,18.8836037259455,0.169838879528372,1.11052687783469,175.712554931641,-12.3247681039409,-32.1926788759163,-175.712554931641,4.33884143829346,18.3960456848145,5.92000007629395,15.9490003585815,36.5499992370605,991.298057421629
1.95,-0.0470912619688609,0.0963871364387781,0.470921908372218,-0.169637578823919,-0.233633036073607,-10.510047830322,2.39105103136719,0.141188190728664,-0.616116752693911,0.091557854239729,-0.0378725181010827,-2.46436961242384,2.37713429328474,0.0455371121691885,-0.64524156494734,16.4005512764465,8.16783220468982,0.0535977760236118,-7.65472266577014,-16.5855856371316,1.42056601410535,7.26121692863919,-6.15065306166455,-2.81,0.1960297645001,-0.0474233930819432,18.4588655812914,18.6887870296153,0.169838574865105,1.11052682376026,175.682312011719,-12.6701334103135,-33.0581459843396,-175.682312011719,4.33369779586792,18.3935260772705,5.69999980926514,16.0869998931885,36.5499992370605,991.310356697448
1.975,-0.0469814363198348,0.0332308907761539,0.470765263299057,-0.182097393841529,-0.588435021330081,-9.92097482455329,2.280892901885,0.0588463054847456,-0.638995202303731,0.135640392407523,-0.0352037670101922,-2.47747088538967,2.17453705757464,0.0253860185084986,-0.660952490736157,16.2711617235266,8.36921129125151,-0.355334080261858,-7.64256801036631,-16.5736022932936,1.35185983371911,7.26247074548012,-6.1498707806016,-2.81,0.195325504098234,-0.0264653877759543,18.4638803851995,18.6583878252516,0.169838270201837,1.11052676968583,175.652084350586,-13.0154987166862,-33.923613092763,-175.652084350586,4.32855415344238,18.3910064697266,5.69999980926514,16.0869998931885,36.5499992370605,991.322655973266
2,-0.0466486162489056,0.0212523316253868,0.470608621208391,-0.256248772959987,-1.13206075491537,-9.23762761280399,2.098158357048,0.0418758849548908,-0.647208485994103,0.164609091264063,-0.0344020115589916,-2.48558246888348,2.1806881161289,0.0116088067268912,-0.660264092072501,16.1847680008335,8.56845562145611,-0.669780135475257,-7.57476764092894,-16.6357354684356,1.29959725211896,7.26340853798757,-6.14928229185259,-2.81,0.192133086324907,-0.00859830171542478,18.4639053344727,18.6286328568646,0.169837965274792,1.11052671508384,175.629425048828,-13.3642334414083,-34.7898295235193,-175.629425048828,4.32778882980347,18.4111576080322,5.69999980926514,16.0869998931885,36.5499992370605,991.324467041631
2.025,-0.0450341242387757,0.00416254410520563,0.47045197912128,-0.223545985704608,-1.38576337085462,-8.62636476982683,1.79980928486505,0.0797992859069656,-0.635694200873183,0.235528912684801,-0.0256398837896552,-2.51010390635615,1.64413412416959,0.0993157832912989,-0.639368281402489,16.0744104394734,8.76569251547171,-1.12430761486137,-7.7636663558189,-16.563602551632,1.36405978328647,7.26414107003325,-6.14881967284092,-2.81,0.199205627657645,0.0219641332671929,18.463970193935,18.7543454568616,0.169837660171895,1.11052666013015,175.611801147461,-13.7152144440847,-35.6565455022873,-175.611801147461,4.32994318008423,18.4464244842529,5.69999980926514,16.0869998931885,36.5499992370605,991.319285971692
2.05,-0.0383694919135989,0.0124207271882587,0.470295335539015,-0.168647619385476,-1.79517785325694,-8.48074135290444,1.4332416038293,0.143124232512653,-0.610998222441764,0.265030069054124,-0.0166226441417727,-2.52440355040556,1.18897726717439,0.155294206351338,-0.594419199528011,15.811532342459,9.22952085394239,-1.80363125797054,-7.45502059443964,-16.7923034652516,0.93963194501481,7.26487360207893,-6.14835705382924,-2.81,0.178319772190192,0.0570983275928163,18.4672293819168,18.5480085208361,0.169837355068998,1.11052660517646,175.594161987305,-14.0661954467611,-36.5232614810553,-175.594161987305,4.33209753036499,18.4816875457764,6.13000011444092,16.0340003967285,36.5499992370605,991.314104901753
2.075,-0.0307537090270343,0.0206686947702172,0.470138694568964,-0.143762995481756,-1.85007662227209,-8.87176793298525,0.937086518316389,0.217217458688345,-0.56836060834189,0.284449166104335,-0.0070050471374134,-2.53551385164125,0.739163668787248,0.248069133491673,-0.544211728707096,15.6814810646552,9.5468745039142,-2.06924079498006,-7.33349197849045,-16.9383799860802,0.802868289827023,7.26560613412461,-6.14789443481757,-2.81,0.173822525813278,0.0815704881592505,18.4703426361084,18.51002597009,0.169837049966101,1.11052655022276,175.576538085938,-14.4171764480193,-37.3899774598232,-175.576538085938,4.33425188064575,18.5169525146484,6.13000011444092,16.0340003967285,36.5499992370605,991.308923831815
2.1,-0.0240153792599301,-0.237137713117206,0.469982052106546,-0.0277154727409475,-1.85188810075568,-9.52934725932014,0.543680368666894,0.277387010099653,-0.523393390547093,0.2910000097803,0.00349797997883756,-2.54425740131078,0.449244136542244,0.271740810128084,-0.487384616310215,15.6053283544966,9.76728294519849,-2.21650852550487,-7.28471408285891,-17.0405996549564,0.624422419001527,7.26633535280093,-6.14742892023997,-2.81,0.169995263669517,0.0970130101266841,18.4703426361084,18.4983638651325,0.169836937078029,1.1105265298899,175.570007324219,-14.5470394195485,-37.7106623719453,-175.570007324219,4.33504867553711,18.5300006866455,6.13000011444092,16.0340003967285,36.5499992370605,991.299529491203
2.125,-0.0204816415326185,-0.234892321352541,0.469825409644129,0.0805283843942268,-1.99025298582391,-10.5235181648708,0.200125759985162,0.311992960150977,-0.469246307601718,0.294602771810006,0.0147664464952307,-2.55240029359397,0.113375324900249,0.305161256088118,-0.428879321102183,15.5504881680261,9.92866588539534,-2.28232272044792,-7.28787321657916,-17.0959598630793,0.469197045021696,7.26706233928014,-6.14696145493691,-2.81,0.169299122053194,0.108345510043555,18.4738914960578,18.5062110772789,0.169836937078029,1.1105265298899,175.570007324219,-14.5470394195485,-37.7106623719453,-175.570007324219,4.33504867553711,18.5300006866455,6.13000011444092,16.0340003967285,36.5499992370605,991.287660690039
2.15,-0.0068716119318953,-0.225721135470623,0.469668767182485,0.263312922512918,-1.86063065057896,-11.835031497636,-0.0868488596495707,0.302063797110688,-0.406589392679181,0.291839767584205,0.0218774757265434,-2.55632224329537,-0.140324575742813,0.318089935391496,-0.395134356846669,15.4126220554024,10.2299263712546,-2.27623230881028,-7.0841379061998,-17.2341255923589,0.425970539336183,7.26778932575934,-6.14649398963385,-2.81,0.170391139863349,0.125337716469153,18.524842985331,18.4224019921575,0.169836937078029,1.1105265298899,175.570007324219,-14.5470394195485,-37.7106623719453,-175.570007324219,4.33504867553711,18.5300006866455,7.30000019073486,16.0440006256104,36.5499992370605,991.275791888874
2.175,-0.00133185950898275,-0.222727891855442,0.469512125838607,0.503874565872838,-1.97150524438036,-13.1341735023829,-0.286743256387647,0.244134669506043,-0.344701720586453,0.280954945094303,0.031283280695716,-2.56363936239927,-0.361991387452598,0.224059398394684,-0.314619439909129,15.2543005759535,10.5757222458355,-2.23020710677731,-6.90224790018676,-17.3716719178831,0.31208896730615,7.26851631223854,-6.14602652433079,-2.81,0.170371312247876,0.143136689889579,18.5709781646729,18.3459290412263,0.169836937078029,1.1105265298899,175.570007324219,-14.5470394195485,-37.7106623719453,-175.570007324219,4.33504867553711,18.5300006866455,7.30000019073486,16.0440006256104,36.5499992370605,991.263923087709
2.2,-0.000534912530043147,-0.222553374849842,0.469355483004645,0.678511617160316,-2.60441797989554,-13.7220444919053,-0.669931295720627,0.132755301508008,-0.276625394989901,0.271073443674036,0.0354370219056509,-2.56609632926391,-0.651427573469741,0.196534498458927,-0.275837106011048,15.1770161528478,10.7378318603515,-2.25966804102065,-6.78511014966249,-17.4552473194632,0.159916521696776,7.26922233023972,-6.14557223672061,-2.81,0.165603398058397,0.150253225052578,18.5709781646729,18.2825987233404,0.169836735129806,1.11052649420077,175.531768798828,-14.7749805221799,-38.2843434267302,-175.531768798828,4.3353967666626,18.5083885192871,7.30000019073486,16.0440006256104,36.54833984375,991.253616909536
2.225,0.00291881738550262,-0.213024024335906,0.469198840166901,0.865626721840743,-2.45716923282341,-14.0717875132611,-1.13821903014065,-0.0143996211581955,-0.177171115837455,0.224530556657813,0.0365187895954121,-2.5723789069141,-1.33773266844723,-0.0729178973606331,-0.125514502208687,15.0559580839333,11.0110577634994,-2.25338244659671,-6.62531931261777,-17.5789949214512,-0.29509473792962,7.26991527883595,-6.14512616261094,-2.81,0.145846101473268,0.154327807264609,18.5734468599411,18.1696353189354,0.16983642914765,1.11052644012634,175.473846435547,-15.1203458285525,-39.1535571460297,-175.473846435547,4.33592462539673,18.475643157959,7.30000019073486,16.0440006256104,36.5458183288574,991.244115718966
2.25,-0.00377492709131509,-0.20414639649075,0.469042436944645,1.0230472129363,-2.33287431894637,-13.8633199919753,-1.45413331742604,-0.241451583387062,-0.0765987447754701,0.182053465161954,0.0275284090831981,-2.57509318792948,-1.57733510364777,-0.340313262885658,-0.00992183600627105,14.9116735192579,11.2854187664736,-1.96674460110242,-6.43232250423524,-17.6669490554565,-0.301507013174331,7.27060822743217,-6.14468008850126,-2.81,0.14153066615115,0.159511827626065,18.5941221828124,18.078316565673,0.169836123165494,1.11052638605191,175.415893554688,-15.4657111349251,-40.0227708654079,-175.415893554688,4.33645248413086,18.4428958892822,10.1099996566772,15.8649997711182,36.5433006286621,991.234614528397
2.275,-0.0133038721942458,-0.200000928535752,0.469306599936967,1.01431334536429,-2.15720327853627,-12.8686646096722,-1.72609852815053,-0.459455688170174,0.0391459719786348,0.138437548067952,0.0145939442874493,-2.57529202766764,-1.81127415498184,-0.531190301064387,0.0980186255324688,14.8254429819931,11.403772029316,-1.81851387182177,-6.31254848456313,-17.6946761993083,-0.44377318826089,7.2713011760284,-6.14423401439158,-2.81,0.127495167900383,0.156186804203016,18.6118144989014,17.987015194113,0.169835817183338,1.11052633197747,175.357955932617,-15.8110764427159,-40.8919845847862,-175.357955932617,4.33697986602783,18.4101524353027,10.1099996566772,15.8649997711182,36.5407829284668,991.225113337827
2.3,-0.0278915663349187,-0.195227310982757,0.469726247054729,0.957776808061807,-1.97579362744923,-11.631563918061,-1.87117081268817,-0.655573778790615,0.155081287737253,0.0907461160917928,-0.00382826615504959,-2.57213459442183,-1.89817724880759,-0.701347278677868,0.209841158769116,14.7616654978093,11.4617739853942,-1.69792009560766,-6.19674335316219,-17.7033171394057,-0.595733068753618,7.27210662323979,-6.14370981413337,-2.81,0.108419336969981,0.149138498874324,18.6118144989014,17.8867945491674,0.16983572232887,1.1105263152144,175.339996337891,-15.9181396870533,-41.1614408377769,-175.339996337891,4.3371434211731,18.3999996185303,10.1099996566772,15.8649997711182,36.5400009155273,991.221913373741
2.325,-0.0346630478831479,-0.174359995607661,0.470145894172491,0.86794906489816,-1.6559525489892,-9.42925341201744,-1.93001483150505,-0.802636537184692,0.26824540841764,0.0419920355531016,-0.0247697323520778,-2.56706885408262,-1.96064502610353,-0.826820079101882,0.324095677476353,14.7062454745811,11.48082731505,-1.56729806636284,-6.09458478460756,-17.6883574613047,-0.719389775989001,7.27300309657866,-6.14312239957918,-2.81,0.0883173795309378,0.140720165649047,18.6110503487383,17.7863855097227,0.16983572232887,1.1105263152144,175.339996337891,-15.9181396870533,-41.1614408377769,-175.339996337891,4.3371434211731,18.3999996185303,10.1099996566772,15.8649997711182,36.5400009155273,991.221544395466
2.35,-0.0620588154947961,-0.0931713849926336,0.470565541290252,0.675373671676038,-1.40052623363418,-7.84459856554084,-1.92696187016092,-0.891509306117913,0.376525329343563,-0.00759835768917965,-0.0496047180192272,-2.557493104707,-1.86801890459326,-0.889102370342556,0.423835289164115,14.8030247041382,11.3298032065005,-1.14632394394421,-6.14178323474181,-17.6306456284244,-0.496863257022892,7.27389956991754,-6.14253498502498,-2.81,0.0825494211242922,0.122373176252908,18.6065328727741,17.8131365251022,0.16983572232887,1.1105263152144,175.339996337891,-15.9181396870533,-41.1614408377769,-175.339996337891,4.3371434211731,18.3999996185303,11.5100002288818,15.9099998474121,36.5400009155273,991.221175417191
2.375,-0.0789591862742209,-0.0432970323236919,0.470985188408014,0.484344187093316,-0.960515288008912,-6.30875457822126,-1.81083458473566,-0.898235985929262,0.465603666114493,-0.0430331592918724,-0.0666501188265841,-2.54784774957685,-1.7723545745468,-0.858888774374634,0.493068884250977,14.8704487281102,11.1788352175737,-0.939031774240934,-6.15054147375353,-17.5774895231471,-0.425540260548701,7.27479604325641,-6.14194757047079,-2.81,0.0732855888799573,0.107723833396368,18.6028919219971,17.7959814409354,0.16983572232887,1.1105263152144,175.339996337891,-15.9181396870533,-41.1614408377769,-175.339996337891,4.3371434211731,18.3999996185303,11.5100002288818,15.9099998474121,36.5400009155273,991.220806438917
2.4,-0.082121799244561,-0.0332215218121184,0.471404835525775,0.34273329096252,-0.876066752391795,-4.87170599486141,-1.67777411920663,-0.836643779582021,0.542729821871582,-0.0649139632738199,-0.0766741840830028,-2.54114795042866,-1.71705930121896,-0.842078325240959,0.526999397542285,14.9410280226763,11.0634855279298,-0.791756973870729,-6.17789298843906,-17.5489819224854,-0.358860996012441,7.27567944294436,-6.14136832891823,-2.81,0.0686119314453625,0.097619065386811,18.6028919219971,17.8084345601596,0.169835502338251,1.11052627723041,175.327301025391,-16.160737755747,-41.7863755291411,-175.327301025391,4.33863115310669,18.4308319091797,11.5100002288818,15.9099998474121,36.5400009155273,991.225462944742
2.425,-0.0961592386628173,0.0162901579665059,0.47182447963916,0.109692624126479,-0.289912298984634,-3.80105985399454,-1.49357537945358,-0.719718708858232,0.605383413888876,-0.125125439135662,-0.103615710518202,-2.51453671950854,-1.34286853977906,-0.629076098060389,0.622625514602047,15.0694396066491,10.8452820974234,-0.552828594442365,-6.02307793998627,-17.5677351008585,-0.333149877507562,7.2764853675462,-6.14083752096766,-2.81,0.0471355472110172,0.0766550369688704,18.602539739921,17.7083923324979,0.169835196795724,1.11052622447486,175.309677124023,-16.497679518373,-42.654340378096,-175.309677124023,4.34069728851318,18.4736518859863,11.5100002288818,15.9099998474121,36.5400009155273,991.232073805494
2.45,-0.10926747762634,0.0674756623518792,0.472244129760755,-0.233907210758521,0.0973803698774494,-3.32116517384118,-1.09665260166815,-0.526337170061589,0.642524917450381,-0.152453038205295,-0.113280447935334,-2.49619967021439,-0.911239095289049,-0.408965632662155,0.654841720370935,15.4413637441038,10.2573523182042,-0.0174251483681399,-6.30192681547131,-17.4327963387206,0.18062313921218,7.27729129214804,-6.14030671301709,-2.81,0.0612491526398478,0.0387961212400314,18.6009309081647,17.9125462489762,0.169834891253198,1.11052617171932,175.292037963867,-16.8346212809991,-43.5223052271296,-175.292037963867,4.34276390075684,18.5164737701416,9.5600004196167,15.8879995346069,36.5400009155273,991.238684666247
2.475,-0.110408335959361,0.0904689063347322,0.472663779879014,-0.320984506089484,0.18070733170917,-3.39051382842655,-0.75109357753617,-0.278623010781038,0.669111577006819,-0.165390834059679,-0.115367996041781,-2.48213027423152,-0.631309816248767,-0.194390833922881,0.677542683593099,15.6443975077718,9.93033658729935,0.243245639140606,-6.3830765244091,-17.3925820235606,0.415152016071904,7.27809721674989,-6.13977590506653,-2.81,0.0688496050819317,0.0180068683158091,18.5997142791748,17.9904118644716,0.169834585710671,1.11052611896378,175.2744140625,-17.171563042207,-44.3902700761634,-175.2744140625,4.34483003616333,18.5592956542969,9.5600004196167,15.8879995346069,36.5400009155273,991.245295526999
2.5,-0.10524161183412,0.103852929267639,0.473083421993865,-0.37046512736565,0.44925262528358,-4.12458227896893,-0.428464303666596,-0.0329170620951484,0.688965476002665,-0.172943708255028,-0.114042227405016,-2.47277782393821,-0.482997536067849,-0.0563266223149715,0.685039812155628,15.8093612729328,9.68476185847152,0.417805199186923,-6.47472347512984,-17.3688842169727,0.552172324438965,7.27892860292002,-6.13922993226521,-2.81,0.0747154365659418,0.0028161340396182,18.5997142791748,18.0713110641513,0.16983450932504,1.11052610577489,175.270004272461,-17.2557984839271,-44.6072612884415,-175.270004272461,4.34534645080566,18.5699996948242,9.5600004196167,15.8879995346069,36.5400009155273,991.261857270594
2.525,-0.101658869123639,0.102008355938699,0.473503070116531,-0.442158279507754,0.678334505941713,-5.12264383645335,-0.0592411165396077,0.171354526769793,0.701125461272931,-0.174863479302373,-0.103013520190768,-2.44677821019187,0.0605431392155491,0.26144176002496,0.702801099523103,15.9846237798428,9.3492159301595,0.676122268521697,-6.31994563748697,-17.4056878959921,0.688108436495145,7.27977555399773,-6.13867468904121,-2.81,0.090625245785339,-0.0189264390077867,18.5989095029663,18.0037431031773,0.16983450932504,1.11052610577489,175.270004272461,-17.2557984839271,-44.6072612884415,-175.270004272461,4.34534645080566,18.5699996948242,9.5600004196167,15.8879995346069,36.5400009155273,991.281735975136
2.55,-0.0860965939991575,0.0905457459649699,0.473922718232344,-0.578196046105319,0.762131696978293,-6.83102395096618,0.248101921682468,0.373423500785512,0.705084277280456,-0.164968132799986,-0.0886111539895921,-2.42927596438279,0.455673046155,0.468558961871102,0.707768666660334,16.3541730959682,8.69538282611082,1.05998453240922,-6.63487997369058,-17.2925820202015,1.06639681347291,7.28062250507543,-6.13811944581721,-2.81,0.118030074978169,-0.0558614542959021,18.595913947079,18.2507451030194,0.16983450932504,1.11052610577489,175.270004272461,-17.2557984839271,-44.6072612884415,-175.270004272461,4.34534645080566,18.5699996948242,7.30999994277954,16.0270004272461,36.5400009155273,991.301614679678
2.575,-0.0700266424245388,0.0719373403273259,0.474342365350106,-0.389492048203141,0.964248323071401,-9.03395308577207,0.57259769341971,0.596714620827763,0.705019751460618,-0.150489391658873,-0.0730485756958512,-2.41651966753078,0.693479312235997,0.658786189387635,0.703029735933828,16.5330664118804,8.35808641688327,1.24736734946675,-6.7378975934393,-17.2611648873637,1.18690420330432,7.28146945615314,-6.13756420259321,-2.81,0.13747369081572,-0.074406380399071,18.5937976837158,18.3371859312113,0.16983450932504,1.11052610577489,175.270004272461,-17.2557984839271,-44.6072612884415,-175.270004272461,4.34534645080566,18.5699996948242,7.30999994277954,16.0270004272461,36.5400009155273,991.32149338422
2.6,-0.0524084108902712,0.0498879809174663,0.474762012467867,-0.211829258977058,0.951128667476409,-11.4803155405744,0.828555856226371,0.769079042611485,0.690898753098507,-0.14029580778977,-0.0611477025942904,-2.40806313785071,0.844068937566763,0.729897859988177,0.696900794219006,16.6620822244641,8.12871013431682,1.36294798567537,-6.82780406852861,-17.2460153231906,1.23068549526918,7.28220237726969,-6.13708538887186,-2.81,0.150098862122734,-0.0866947177858558,18.5937976837158,18.4072742538853,0.169834268601492,1.11052606393974,175.250366210938,-17.5229933013251,-45.291092702509,-175.250366210938,4.34376907348633,18.581787109375,7.30999994277954,16.0270004272461,36.5400009155273,991.328696762585
2.625,-0.045329755296195,0.0373635285679363,0.475181656581977,0.262942291227318,1.07100252643663,-14.3780907295544,1.04016340586689,0.847667035932027,0.667832729631385,-0.0998452724746307,-0.0264963101721852,-2.3856974088352,1.09620619860993,0.835684536088437,0.652848239487638,16.7749902082061,7.87820263832518,1.49708804368767,-6.70916343518304,-17.3024764020701,1.14851306578839,7.28288287270822,-6.13664171388472,-2.81,0.183016375373344,-0.0990399891687486,18.6050801169062,18.3336589326319,0.169833959981559,1.11052601030494,175.225158691406,-17.8655507602549,-46.1677996435605,-175.225158691406,4.34174680709839,18.5969009399414,7.30999994277954,16.0270004272461,36.5400009155273,991.332325048951
2.65,-0.0189530169385105,-0.0146634534892039,0.475601302703632,0.719348986077205,0.936049692434636,-17.0395576428575,1.17092654553949,0.835051516166628,0.623339688472186,-0.0659317345000846,-0.00594873113463887,-2.37129851087115,1.22404262833179,0.796422230490494,0.596725946004099,16.9932457838418,7.40516940968557,1.50501820102695,-6.97720143019859,-17.2031274513072,1.1149359345432,7.28356336814676,-6.13619803889758,-2.81,0.201994026724818,-0.121277323167201,18.6405140086445,18.4729927554593,0.169833651361625,1.11052595667014,175.199966430664,-18.2081082191848,-47.044506584612,-175.199966430664,4.33972454071045,18.6120147705078,7.8600001335144,16.0069999694824,36.5400009155273,991.335953335318
2.675,-0.0063569019426378,-0.0472286228401085,0.476020953821152,1.20567413159427,1.04851355899246,-18.9397405337965,1.22367048800511,0.764853421961333,0.564562478710371,-0.0339824857506313,0.012073176648403,-2.35780298656024,1.25017204921014,0.660971077777443,0.528005716655609,17.1017247680759,7.19563131702534,1.3807276664645,-7.01093287671614,-17.2086161499637,0.928902246690261,7.28424386358529,-6.13575436391044,-2.81,0.213328334333782,-0.129405347437141,18.6637840270996,18.4645535061046,0.169833342741692,1.11052590303533,175.174789428711,-18.5506656766964,-47.9212135258212,-175.174789428711,4.33770227432251,18.6271266937256,7.8600001335144,16.0069999694824,36.5400009155273,991.339581621684
2.7,0.00113661626656331,-0.0835288978642353,0.476440600938913,1.38088570897911,0.9844526828759,-19.7862656119593,1.24021855176486,0.615682771146243,0.489911257744794,-0.00303209844617392,0.0224355644928489,-2.34694345025514,1.27096180177519,0.470971965131129,0.454046779968984,17.1462359043157,7.07560612251342,1.26192696625257,-6.97602609911531,-17.2120087082002,0.855501869578376,7.28514257844058,-6.13516963085316,-2.81,0.224081611780485,-0.132244618916707,18.6637840270996,18.4258839666114,0.169833284103905,1.11052589284472,175.169998168945,-18.6157515950276,-48.0877878445658,-175.169998168945,4.337317943573,18.6299991607666,7.8600001335144,16.0069999694824,36.5400009155273,991.338228701344
2.725,0.00179971238054871,-0.096071027685522,0.476860251060202,1.63096517258273,1.02072979900467,-20.3715010788093,1.21843647797767,0.414813538985118,0.415151435119597,0.0258303261598963,0.0307351588050966,-2.33722461688,1.22842772485913,0.26814494217945,0.381645412046607,17.1651258551949,6.98587638071306,1.14799751016974,-6.91830669378197,-17.2121778202562,0.799924927285934,7.28616679761855,-6.13450377120405,-2.81,0.23392311347973,-0.1332898814574,18.688030540793,18.3715401500686,0.169833284103905,1.11052589284472,175.169998168945,-18.6157515950276,-48.0877878445658,-175.169998168945,4.337317943573,18.6299991607666,7.8600001335144,16.0069999694824,36.5400009155273,991.335707349801
2.75,0.00313404124654834,-0.143906920941615,0.477279891173649,1.59865977480922,0.802203406291707,-20.3614399256785,1.10692082465679,0.201036042538275,0.335926219813181,0.0542575660667107,0.0324355351240214,-2.3297462104491,1.00281895475926,0.0639918379518194,0.286053746773962,17.2804895869845,6.84226676616996,0.503426402376053,-6.9676302063577,-17.2348369681628,0.312884956854308,7.28719101679653,-6.13383791155495,-2.81,0.213109017385557,-0.13670809845506,18.7538893144737,18.3353352468026,0.169833284103905,1.11052589284472,175.169998168945,-18.6157515950276,-48.0877878445658,-175.169998168945,4.337317943573,18.6299991607666,8.71000003814697,15.9809999465942,36.5400009155273,991.333185998258
2.775,-0.00366326048609425,-0.172308984856676,0.477699543294702,1.40609235538772,0.755021020319072,-19.133480370128,0.917185582972042,-0.023033123729118,0.252284992385566,0.074804934134873,0.0275072656534642,-2.32491255621889,0.819972761776168,-0.17080627886483,0.209367084751888,17.3064021230124,6.83418521440966,0.051158161543883,-6.89027130453158,-17.2840128193415,0.0855649258814215,7.28821523597451,-6.13317205190584,-2.81,0.198891861533278,-0.133931283221854,18.7938632965088,18.2689634801762,0.169833284103905,1.11052589284472,175.169998168945,-18.6157515950276,-48.0877878445658,-175.169998168945,4.337317943573,18.6299991607666,8.71000003814697,15.9809999465942,36.5400009155273,991.330664646716
2.8,-0.0132915712373914,-0.193345812887851,0.478119193412026,1.14566307591339,0.540840096395266,-16.9046777917148,0.689734541636705,-0.247076194008093,0.183265372325011,0.0893105683080314,0.0166791183705422,-2.32292553559688,0.597040850614625,-0.36491346572911,0.146597696766364,17.2988982590167,6.85766942185012,-0.27748856616485,-6.81486859005547,-17.3179645392406,0.046702220746686,7.2891897669593,-6.13253984545581,-2.81,0.188006389717487,-0.130158933738631,18.7938632965088,18.2263253371717,0.169833024124583,1.11052584705291,175.140380859375,-18.9082170450835,-48.8263197771081,-175.140380859375,4.33757638931274,18.6638526916504,8.71000003814697,15.9809999465942,36.5378837585449,991.33518155576
2.825,-0.0187515424144268,-0.19655187159198,0.478538840529788,0.758471695517895,0.687953927937155,-14.2955454764266,0.443724761146082,-0.456616387303905,0.129369762810375,0.0995189465485326,0.00393792421709624,-2.32181629262396,0.38900237774574,-0.558538821393879,0.0981788062967428,17.2754081626777,6.90322218346962,-0.549878646758704,-6.7275787154035,-17.3531339880076,0.0706799117423466,7.29013529337726,-6.13192728344038,-2.81,0.177936514437197,-0.125911048610853,18.811521097755,18.1854365549059,0.169832714625391,1.11052579253885,175.105102539062,-19.2563901988989,-49.7055244586911,-175.105102539062,4.33788394927979,18.7041549682617,8.71000003814697,15.9809999465942,36.5353660583496,991.341039085869
2.85,-0.0399690591939418,-0.204086267501411,0.478958487642284,0.507616035827883,0.580786094640009,-11.5098435874067,0.257610159725681,-0.598034139572095,0.0849214576388584,0.100444985857321,-0.012779517618155,-2.32255559663741,0.107673995682954,-0.658395235524219,0.061827286352259,17.2659615754148,6.95433951363436,-1.31550268409213,-6.64490841940879,-17.4327067323357,-0.390822963113478,7.29108081979523,-6.13131472142495,-2.81,0.135534365079428,-0.123478153248165,18.853773693594,18.1048522500265,0.169832405126199,1.11052573802478,175.069839477539,-19.6045633541325,-50.5847291403529,-175.069839477539,4.33819198608398,18.7444591522217,7.90999984741211,16.0270004272461,36.532844543457,991.346896615977
2.875,-0.0550345406973435,-0.21698165938255,0.479378128765771,-0.0648992268504825,0.377293557709555,-8.71552644589979,-0.0030630000512305,-0.637045371909271,0.0564376352285085,0.099705306012172,-0.0263342977046328,-2.32345303947984,-0.0575605774020557,-0.654835422857318,0.0451045365996788,17.2518774928011,7.05464369443143,-1.60406569228561,-6.56506615086476,-17.5121448971999,-0.439305089219008,7.2920263462132,-6.13070215940952,-2.81,0.118560746422691,-0.118194661561664,18.8773174285889,18.0880193947866,0.169832095627006,1.11052568351072,175.034591674805,-19.9527365093661,-51.4639338219359,-175.034591674805,4.33849954605103,18.784761428833,7.90999984741211,16.0270004272461,36.5303268432617,991.352754146086
2.9,-0.0583411616148467,-0.221814740203379,0.479797781883073,-0.154456562142943,0.46351214273131,-6.43729779755923,-0.220782985480936,-0.579646310269171,0.0394418956317631,0.0958209957986896,-0.0326754587449817,-2.32401549835142,-0.220174909649811,-0.611578259843546,0.0371000599939661,17.2622570312704,7.0991512236948,-1.79198852843862,-6.54552410271821,-17.5630060644026,-0.540019443243,7.29294847645411,-6.13009961736046,-2.81,0.105757544309215,-0.116504831619635,18.8773174285889,18.0932994470156,0.169832055392111,1.11052567642389,175.029998779297,-19.9979990189367,-51.5782304305512,-175.029998779297,4.33853960037231,18.7900009155273,7.90999984741211,16.0270004272461,36.5321922302246,991.354920048558
2.925,-0.0659893635244826,-0.205587387219876,0.480217429000834,-0.554945133149167,0.621079815575125,-4.85563392057118,-0.402223573673645,-0.47165110962833,0.0183111414375197,0.0790288439566181,-0.0514889146614301,-2.32599430674292,-0.508538103201251,-0.392022244005345,0.00291997353370253,17.2720630011499,7.2041294908869,-1.94366500468902,-6.53049616480041,-17.6387499739519,-0.478115975000512,7.29385648919438,-6.12950312146507,-2.81,0.0876353791077845,-0.113764580484062,18.8766368462397,18.1387202558377,0.169832055392111,1.11052567642389,175.029998779297,-19.9979990189367,-51.5782304305512,-175.029998779297,4.33853960037231,18.7900009155273,7.90999984741211,16.0270004272461,36.5347099304199,991.356534328509
2.95,-0.0729915701408232,-0.184346452712439,0.480637068120909,-0.534144716569102,0.610307393038508,-4.18294615469695,-0.525889164266997,-0.323041676119885,-0.00595411357788937,0.0713403759114515,-0.0568488454375315,-2.32673032256698,-0.518698858909335,-0.311577158337075,-0.00763929782583982,17.2905526809894,7.30258782762826,-1.97088617688082,-6.49565266269549,-17.7135469322298,-0.460591882063603,7.29476450193464,-6.12890662556969,-2.81,0.0817685620266525,-0.109649192020161,18.8751815584505,18.1631279000574,0.169832055392111,1.11052567642389,175.029998779297,-19.9979990189367,-51.5782304305512,-175.029998779297,4.33853960037231,18.7900009155273,6.84999990463257,16.0440006256104,36.5372314453125,991.35814860846
2.975,-0.0714095572725635,-0.173554972023017,0.481056722234554,-0.672999490973164,0.541890990660044,-3.88035645738814,-0.664812752413922,-0.157042648912456,-0.0280462779613316,0.0503938249714492,-0.059770133004231,-2.3280215079138,-0.72173499524402,-0.0927697421738623,-0.0315974056429945,17.3120331135091,7.40913411639039,-1.85706785977642,-6.48562133279329,-17.7704642165751,-0.444721675602481,7.29567251467491,-6.1283101296743,-2.81,0.0769247688252852,-0.107425447611542,18.8744430541992,18.1950090256991,0.169832055392111,1.11052567642389,175.029998779297,-19.9979990189367,-51.5782304305512,-175.029998779297,4.33853960037231,18.7900009155273,6.84999990463257,16.0440006256104,36.5397491455078,991.359762888411
3,-0.0704648056334084,-0.171629636825124,0.481476364349048,-0.624415188386797,0.740741241947178,-4.5063813876598,-0.754072601813473,0.0167252214873487,-0.0508035729544147,0.0435270009615574,-0.0602603353726728,-2.32846854130095,-0.70401932541309,-0.0418105073466384,-0.0374548124027796,17.3538977344789,7.47232760537282,-1.80299829569045,-6.48557510919097,-17.8325007674742,-0.428347004315073,7.2964064056285,-6.1278169842805,-2.81,0.0761183257616706,-0.104904150693493,18.8744430541992,18.2377330809297,0.169832055392111,1.11052567642389,175.029998779297,-19.9979990189367,-51.5782304305512,-175.029998779297,4.33853960037231,18.7900009155273,6.84999990463257,16.0440006256104,36.5377349853516,991.365071563336
3.025,-0.066480108586194,-0.14975246276893,0.481896015474654,-0.610300287407897,0.754638148635496,-5.54912891059998,-0.794515664507829,0.172423799520509,-0.076896013350869,0.0107149966105926,-0.0525808729634563,-2.33094014303843,-0.706701557075295,0.232181774524516,-0.0730034922596499,17.3952871349597,7.53459614771446,-1.54626509992888,-6.55000854541332,-17.8480496752777,-0.549181408951381,7.29704350415297,-6.12738129031934,-2.81,0.0732712685244994,-0.106617860011265,18.882965722072,18.2818548991942,0.169832055392111,1.11052567642389,175.029998779297,-19.9979990189367,-51.5782304305512,-175.029998779297,4.33853960037231,18.7900009155273,6.84999990463257,16.0440006256104,36.535213470459,991.370790726592
3.05,-0.053176512653105,-0.115658735988059,0.48231566058476,-0.52827367753756,0.923974029399526,-6.97356436444,-0.742783578940102,0.323719151725551,-0.0950900471732797,-0.0106988186580287,-0.040472781832515,-2.33332180056054,-0.742090457240439,0.412331854992274,-0.0951621496328715,17.4196891193404,7.67119454622582,-0.89519368000774,-6.51035438413085,-17.9063032261347,-0.271582532545339,7.29768060267745,-6.12694559635818,-2.81,0.0981169198754869,-0.102058795895368,18.8994374167108,18.3264469989733,0.169832055392111,1.11052567642389,175.029998779297,-19.9979990189367,-51.5782304305512,-175.029998779297,4.33853960037231,18.7900009155273,6.51999998092651,16.0620002746582,36.5326919555664,991.376509889848
3.075,-0.042607656148385,-0.105358760747045,0.482735304703446,-0.356214874743415,0.953743175856246,-8.85357529414541,-0.695659791595806,0.432015797299821,-0.114155057503542,-0.0266268906754541,-0.0285108056544596,-2.33599403620541,-0.656054969235916,0.497967724191209,-0.110147698132829,17.4363786270522,7.73503850847429,-0.529383967009794,-6.52071330052535,-17.932153486317,-0.237775384663217,7.29831770120193,-6.12650990239703,-2.81,0.110124908102966,-0.100596858930207,18.9069766998291,18.3563388977485,0.169832055392111,1.11052567642389,175.029998779297,-19.9979990189367,-51.5782304305512,-175.029998779297,4.33853960037231,18.7900009155273,6.51999998092651,16.0620002746582,36.5301742553711,991.382229053103
3.1,-0.0306030307974019,-0.0872878515224331,0.483154952826287,-0.22166688177002,0.83124008592173,-10.5406646851585,-0.627780118227876,0.497380948818403,-0.130529840825845,-0.0416018670543884,-0.0145093141868013,-2.33920954337998,-0.639749632090568,0.548916579747123,-0.12242408827117,17.4447134074188,7.75807256678965,-0.285597011390796,-6.56404777577996,-17.926925168899,-0.354841172132735,7.29920840219499,-6.12590458277073,-2.81,0.116071725403119,-0.101195842791053,18.9069766998291,18.3706767322393,0.169831763469308,1.11052562695238,175.048736572266,-20.3139661569814,-52.4075052781643,-175.048736572266,4.34409999847412,18.8227958679199,6.51999998092651,16.0620002746582,36.5299987792969,991.377582232958
3.125,-0.0265648392751779,-0.0822770315920903,0.483574597938793,0.0105233717021164,0.856065981288518,-12.6642817338793,-0.540569645352997,0.530489462335672,-0.136990445777216,-0.0539559845524039,-0.00130937850471256,-2.34248943791987,-0.555515245573587,0.564041317514317,-0.131704812919637,17.436598089372,7.79313585962641,-0.0974521973390441,-6.58618264111428,-17.920793118654,-0.494761158479481,7.30025366622896,-6.12519588142751,-2.81,0.120411698541047,-0.100801953324246,18.9056600239175,18.366533652109,0.16983144957382,1.11052557375721,175.068893432617,-20.6537157670503,-53.29919866272,-175.068893432617,4.35007905960083,18.858060836792,6.51999998092651,16.0620002746582,36.5299987792969,991.372155177503
3.15,-0.0125318043893431,-0.0673157254679463,0.483994249057638,0.273018165122368,0.921889025970977,-14.2986405495126,-0.422478191652227,0.505098435679783,-0.14494041076587,-0.061877700834018,0.0104041945648119,-2.34646191277354,-0.328611457077351,0.48038302723278,-0.139029224685406,17.3820438654188,7.87610996912358,0.395311757054678,-6.53954517197575,-17.9299880001566,-0.273327328063328,7.30129893026293,-6.12448718008429,-2.81,0.143808230370735,-0.0971189621208125,18.9033385163891,18.3677304890875,0.169831135678333,1.11052552056203,175.08903503418,-20.9934653771192,-54.1908920471968,-175.08903503418,4.35605812072754,18.8933258056641,6.55999994277954,16.0639991760254,36.5299987792969,991.366728122048
3.175,-0.00555652862655686,-0.0670105161423957,0.484413900178449,0.478726337202144,0.685906439429597,-15.3720692661925,-0.325780051270683,0.422303517098375,-0.150167174452091,-0.0699941257890989,0.0201558211904631,-2.350513508357,-0.277491205332611,0.368502358722946,-0.141544337625232,17.328139430615,7.90670808365159,0.565879253056176,-6.54379418112417,-17.8931654993195,-0.337719269521169,7.3023441942969,-6.12377847874107,-2.81,0.149551021873104,-0.0964375476188902,18.9023914337158,18.3397434758986,0.169830821782845,1.11052546736686,175.109191894531,-21.333214987188,-55.0825854317525,-175.109191894531,4.36203670501709,18.9285888671875,6.55999994277954,16.0639991760254,36.5299987792969,991.361301066593
3.2,-0.00333304907661477,-0.067648968003219,0.484833545296744,0.550792268108092,0.67274857582301,-16.0131673194634,-0.259725007783343,0.293961625246402,-0.148003296398552,-0.0730150302038297,0.0241482775425814,-2.35434748544969,-0.149452610508087,0.220542676540008,-0.148017245578158,17.2714212156731,7.93855075844442,0.642889594941328,-6.54566357311885,-17.8539674360529,-0.354994598257381,7.30323137135972,-6.12316268645609,-2.81,0.152607154616178,-0.095035702260515,18.9023914337158,18.3147678876625,0.169830505355091,1.11052541670395,175.119674682617,-21.6567913937173,-55.9814723090798,-175.119674682617,4.36413288116455,18.925163269043,6.55999994277954,16.0639991760254,36.5299987792969,991.364109606227
3.225,-0.00365515827765906,-0.0666867226778694,0.485253187410525,0.582009640114359,0.696763213728367,-15.8184980188753,-0.160526625872495,0.146867364572383,-0.151040889959736,-0.0764177514804193,0.0269598596224852,-2.35817507323998,-0.0790478566236755,0.0801689857532533,-0.155252231687834,17.2211941481131,7.92779134634248,0.683826563834774,-6.58315080968534,-17.7876044018704,-0.387656222770114,7.30402354099092,-6.12260273084719,-2.81,0.153395940954751,-0.0959585866829641,18.8978107413957,18.2973666085079,0.169830188821826,1.11052536614656,175.129745483398,-21.979693916293,-56.8806589153087,-175.129745483398,4.36606788635254,18.9201259613037,6.55999994277954,16.0639991760254,36.5299987792969,991.367261295655
3.25,-0.00620975866502842,-0.0603254138914179,0.485672841528604,0.634986881209976,0.631511015861337,-15.1552615761773,-0.104289906444479,-0.000151366386743977,-0.157718266413287,-0.0817153002908821,0.0256707996163311,-2.36267048246095,-0.0939529254443644,-0.0767913270333832,-0.16240660179417,17.1218899488085,8.06831994698305,0.555380786693335,-6.49819035359711,-17.7775813480252,-0.544493844763573,7.30481571062212,-6.12204277523828,-2.81,0.144061482884452,-0.0890816708071834,18.8903855869091,18.2073357186056,0.169829872288562,1.11052531558916,175.13981628418,-22.3025964388688,-57.7798455215376,-175.13981628418,4.36800193786621,18.9150886535645,7.21999979019165,16.0690002441406,36.5299987792969,991.370412985083
3.275,-0.0111247804896983,-0.0620892549963486,0.486092482649916,0.535029601833123,0.513876218096605,-14.022361003458,-0.0567740602951003,-0.130984135951381,-0.166087025746574,-0.0809101085450494,0.0216680519413853,-2.36587786367784,-0.0378885662553217,-0.163018829933913,-0.17045196764071,17.0580340999068,8.13086454174917,0.472148082278442,-6.47079731908882,-17.7519000559172,-0.556089760252295,7.30560788025332,-6.12148281962938,-2.81,0.139973579032791,-0.0855556604552686,18.8877258300781,18.1696465754136,0.169829555755297,1.11052526503176,175.14990234375,-22.6254989614445,-58.6790321276877,-175.14990234375,4.36993646621704,18.9100494384766,7.21999979019165,16.0690002441406,36.5299987792969,991.373564674512
3.3,-0.0122317437273301,-0.0638193213601081,0.48651213176166,0.267014226861584,0.533743732943004,-12.6561780164585,-0.0429546403915317,-0.220477260151802,-0.174495568243789,-0.0843622816961982,0.0193393221503938,-2.36818505881311,-0.0749819265738259,-0.217710739275573,-0.174821938146482,17.022168639706,8.15023120596169,0.380908445886933,-6.47767647555281,-17.7189273548528,-0.636322264962724,7.30656534594239,-6.12080487039157,-2.81,0.133115741657038,-0.084872337718461,18.8877258300781,18.1451547982876,0.169829552589964,1.11052526452619,175.149993896484,-22.6287279870673,-58.6880239937902,-175.149993896484,4.36995553970337,18.9099998474121,7.21999979019165,16.0690002441406,36.5299987792969,991.375985786957
3.325,-0.0192264150732699,-0.0565123458930914,0.486931780886952,0.220389736464776,0.453984372307517,-11.3418221891478,-0.0256849169899996,-0.276645733801309,-0.186236088167818,-0.0856200539223001,0.00751755105350268,-2.37555067075218,-0.0831319766594081,-0.282040039939313,-0.196251277787805,16.9741642547623,8.23526979583344,0.30104755082498,-6.52372147180788,-17.6971947428117,-0.53188981842356,7.30760577170413,-6.12006770159246,-2.81,0.127141219713342,-0.0797161044324753,18.8774824839095,18.1803539526889,0.169829552589964,1.11052526452619,175.149993896484,-22.6287279870673,-58.6880239937902,-175.149993896484,4.36995553970337,18.9099998474121,7.21999979019165,16.0690002441406,36.5299987792969,991.378399519836
3.35,-0.0293829952169469,-0.0587241298503267,0.487351426003203,-0.0660675627469489,0.43011467744563,-9.91389166771501,-0.0243286055524975,-0.2877510668292,-0.194541454345854,-0.0835312339959648,-0.00180079218283189,-2.38050529892073,-0.00237164312125372,-0.294067039301963,-0.2047917192048,16.887437886949,8.39861236214067,0.0300290466368703,-6.45468923865103,-17.7101674518372,-0.640394721269757,7.30864619746588,-6.11933053279336,-2.81,0.112967888709665,-0.0703740487118673,18.8621174646565,18.124130044679,0.169829552589964,1.11052526452619,175.149993896484,-22.6287279870673,-58.6880239937902,-175.149993896484,4.36995553970337,18.9099998474121,7.6100001335144,16.0340003967285,36.5299987792969,991.380813252716
3.375,-0.0343034695285814,-0.0604527179534671,0.487771076118949,0.0283090574404061,0.373877584846718,-8.91660641785811,-0.0163459082044686,-0.291592165019118,-0.204784897650732,-0.0858426427903463,-0.00730817167361857,-2.38458280684164,-0.056306331028723,-0.290781531936294,-0.210520511150782,16.8522467181932,8.44377467023548,-0.0595582058632987,-6.47969822753302,-17.6883257614835,-0.660106012845422,7.30968662322762,-6.11859336399425,-2.81,0.106369324073127,-0.0678516976837709,18.8573780059814,18.1280966035572,0.169829546276884,1.11052526352383,175.150344848633,-22.6351298817896,-58.7059577711783,-175.150344848633,4.36995887756348,18.909646987915,7.6100001335144,16.0340003967285,36.5299491882324,991.383008058486
3.4,-0.0350964855850635,-0.0599836603873632,0.488190718234015,-0.172445017698816,0.248126712953474,-7.71919706162851,-0.047561171148719,-0.293118416321203,-0.209265027051018,-0.0838634507474345,-0.0119264156712908,-2.38682313454483,-0.0196008912217398,-0.287882380517931,-0.212011262167335,16.8222720362814,8.52468576580986,-0.0952079549069192,-6.44554531174631,-17.7130779412786,-0.608263021682701,7.31055584544581,-6.11797261895538,-2.81,0.10513960594701,-0.0630149507966313,18.8573780059814,18.1252429557333,0.169829230622878,1.11052521340607,175.167984008789,-22.9552245555044,-59.6026466367969,-175.167984008789,4.37013483047485,18.8920135498047,7.6100001335144,16.0340003967285,36.5274276733398,991.374475435886
3.425,-0.0417596246207121,-0.063459331286099,0.488610363351931,-0.291011739912696,0.282021057259107,-6.91877669293583,-0.0344376221488211,-0.250882933113828,-0.210371853310478,-0.0856150429084341,-0.0229539517090334,-2.39523363828708,0.00170299505620912,-0.225661161815308,-0.215535420725915,16.794783294646,8.56582733554108,-0.173366228462146,-6.55758767493653,-17.6690796516412,-0.519488070194626,7.31133519916129,-6.11741298730702,-2.81,0.0986818786153043,-0.0600961562388203,18.8464304205753,18.1943526763703,0.169828914968872,1.1105251632883,175.185607910156,-23.2753192292192,-60.4993355024155,-175.185607910156,4.37031078338623,18.874382019043,7.6100001335144,16.0340003967285,36.5249099731445,991.365942813287
3.45,-0.0468395799416808,-0.058994737047188,0.489030014471759,-0.286140920998227,0.16901065912516,-6.55130955619564,-0.0529194203339331,-0.191611170399267,-0.21410758905025,-0.0899083965696474,-0.0260962110304676,-2.40087022441913,-0.0633041796366132,-0.148831639712277,-0.212986406126915,16.7042907601811,8.72454401538566,-0.175843564302779,-6.48863962183071,-17.6863418166352,-0.522291144220913,7.31211455287676,-6.11685335565866,-2.81,0.0961546199114561,-0.0515298932661523,18.8311494159458,18.1534429475013,0.169828599314867,1.11052511317053,175.203247070312,-23.5954139029339,-61.3960243680341,-175.203247070312,4.37048625946045,18.8567504882812,7.25,16.0279998779297,36.5223922729492,991.357410190688
3.475,-0.0466807338457016,-0.0579006404361781,0.489449661589521,-0.422341644174302,0.0704006520171979,-6.79874701193115,-0.0608457769387035,-0.0978559309923727,-0.209729917123737,-0.0897234429732477,-0.0281088522038811,-2.40519605777007,-0.0583110646570297,-0.0551206660232746,-0.210308452571134,16.6826452084193,8.80446931346355,-0.128316369399937,-6.49249706094673,-17.7057347149391,-0.447477653266281,7.31289390659224,-6.11629372401029,-2.81,0.0985366217223183,-0.04671630074101,18.8271961212158,18.1792594482735,0.169828299443561,1.11052506555866,175.220001220703,-23.8995038440975,-62.2478787903797,-175.220001220703,4.37065362930298,18.8400001525879,7.25,16.0279998779297,36.5201263427734,991.349650885056
3.5,-0.0446297828140987,-0.0504406912682466,0.489869308707282,-0.314865862570136,0.110223322469313,-7.85589991128261,-0.0790364218775186,0.00248427051757307,-0.206076499474628,-0.0937973473294022,-0.0272904580610759,-2.40831802348888,-0.116692489799042,-0.00713212353095337,-0.206522092800336,16.6827209963294,8.83397607630249,-0.128365122880553,-6.5311912680783,-17.704878411798,-0.499611655242155,7.31380857162101,-6.11564339959289,-2.81,0.0962642064740015,-0.0452405018460764,18.8271961212158,18.2025350716044,0.169828299443561,1.11052506555866,175.220001220703,-23.8995038440975,-62.2478787903797,-175.220001220703,4.37065362930298,18.8400001525879,7.25,16.0279998779297,36.5226440429688,991.356584601799
3.525,-0.0435086839293818,-0.0493195166439272,0.490288958827985,-0.216032997547165,0.0183753061286793,-8.58006783579495,-0.0981959181345496,0.0804199025450078,-0.198654675704335,-0.0979615155866489,-0.0241718435792023,-2.41606427724368,-0.135493472849589,0.104210389335558,-0.188820593525937,16.6559421796311,8.91499090055211,-0.0418419661689278,-6.58970931836515,-17.6978558146265,-0.510738741839597,7.31480495661091,-6.11493830215334,-2.81,0.0987855189285699,-0.0405591704451464,18.8077129056532,18.2424257613139,0.169828299443561,1.11052506555866,175.220001220703,-23.8995038440975,-62.2478787903797,-175.220001220703,4.37065362930298,18.8400001525879,7.25,16.0279998779297,36.5251617431641,991.363518318541
3.55,-0.039552626451121,-0.0479145854699359,0.490708602942805,-0.220227921543597,0.0270913914495031,-9.16788372680762,-0.120632336787283,0.122136667639499,-0.188432223451041,-0.0976545415406783,-0.0219152329282049,-2.42110724692559,-0.0850681619275536,0.137940222052113,-0.180842634352017,16.5794108284695,9.02826680393096,0.124148296885366,-6.53265531790967,-17.7079554526008,-0.393199552193225,7.31580134160081,-6.11423320471379,-2.81,0.108363790101252,-0.0339757028607488,18.7822835139123,18.2218295408559,0.169828299443561,1.11052506555866,175.220001220703,-23.8995038440975,-62.2478787903797,-175.220001220703,4.37065362930298,18.8400001525879,7.17000007629395,16.0450000762939,36.5276832580566,991.370452035284
3.575,-0.0365416588086848,-0.0445754621573424,0.491128249058412,-0.129210467261165,0.0194840327509088,-9.69864840904539,-0.106973037684495,0.1397262331092,-0.181226225618364,-0.101381675933407,-0.0179984958026122,-2.42584517504564,-0.107200635846891,0.153992899092441,-0.171481266934281,16.5331916208033,9.07565373131342,0.210408224900832,-6.54493430572852,-17.684814534139,-0.411530398405698,7.31679772659071,-6.11352810727424,-2.81,0.111493636370536,-0.03140960604096,18.776969909668,18.2152392500934,0.169828274191241,1.11052506154923,175.222213745117,-23.9251114187321,-62.3196138996165,-175.222213745117,4.37068176269531,18.8385887145996,7.17000007629395,16.0450000762939,36.5297966003418,991.376088178428
3.6,-0.0338432930222593,-0.0460133742381153,0.491547893176262,-0.0657875355650387,0.0234927105692047,-9.96506572838745,-0.125050585953112,0.15798824033809,-0.172226027256301,-0.102040322300748,-0.0145763494871135,-2.43008108697891,-0.0953077747655791,0.179906696451353,-0.163062536202837,16.5088274077665,9.11743736968622,0.269870478923575,-6.56886481851317,-17.6752894225355,-0.419565812087716,7.31762341213145,-6.11294038613805,-2.81,0.114639717674783,-0.0288385982084194,18.776969909668,18.2273598259883,0.169827958537235,1.11052501143147,175.249923706055,-24.2452060924469,-63.2163027652352,-175.249923706055,4.37103366851807,18.8209571838379,7.17000007629395,16.0450000762939,36.5272789001465,991.366802225185
3.625,-0.0324019985028741,-0.0448932748634776,0.491967543296721,-0.0495964795062194,-0.043759553986621,-10.3713938363641,-0.10866672447997,0.175071979449229,-0.16187426756413,-0.104689498904195,-0.0104718779269839,-2.43424346456026,-0.096986632678007,0.195393409392218,-0.155383309345208,16.4981302334348,9.1248043658188,0.291618090950784,-6.6277792799639,-17.6455984988539,-0.490706081208999,7.31834967614114,-6.11242102920484,-2.81,0.114686918853535,-0.028350817566441,18.754589763036,18.2452136103821,0.169827642883229,1.1105249613137,175.277633666992,-24.5653007661617,-64.1129916308538,-175.277633666992,4.37138509750366,18.8033256530762,7.17000007629395,16.0450000762939,36.5247611999512,991.357516271942
3.65,-0.0268691739586156,-0.0371208759472423,0.492387195412255,0.0247949959234815,-0.0563123454821718,-10.9723048501561,-0.130419682556901,0.1785427750028,-0.151723739411025,-0.110517269524408,-0.00697998931783227,-2.43706627402431,-0.136639390930452,0.179025799262681,-0.148581087197697,16.4421808166239,9.18628930304155,0.384744973204757,-6.58975184383295,-17.6405828910001,-0.515999769952774,7.31907594015082,-6.11190167227162,-2.81,0.11726382665859,-0.0253827650145952,18.727160436981,18.2106676984409,0.169827327229223,1.11052491119593,175.30534362793,-24.8853954412946,-65.0096804964724,-175.30534362793,4.37173652648926,18.7856941223145,7.15999984741211,16.056999206543,36.5222396850586,991.348230318699
3.675,-0.0237098652171816,-0.0307925476319891,0.492806835531626,0.0381002078541262,-0.0651389177766209,-11.6142531635672,-0.167583620575577,0.166697325389883,-0.143443372306995,-0.113420835293404,-0.00258058702310205,-2.44164888330292,-0.152254835004977,0.178352598017305,-0.133404989083349,16.3784855238947,9.26486808980716,0.530477668553158,-6.56001617982307,-17.6383245126192,-0.479240485335687,7.31980220416051,-6.1113823153384,-2.81,0.124326919422024,-0.0210018550759531,18.7227935791016,18.1920915429485,0.169827046297158,1.11052486659112,175.330001831055,-25.1702797011277,-65.8077335868903,-175.330001831055,4.3720498085022,18.7700004577637,7.15999984741211,16.056999206543,36.5200004577637,991.339622516776
3.7,-0.0230750171519724,-0.0301576995667799,0.493226483646953,0.100845562443945,-0.192340422433462,-12.1056651114997,-0.178026530020314,0.16474676140111,-0.128813928128113,-0.118744610772738,0.000303599969895687,-2.44371079382729,-0.196896041594333,0.171407455737421,-0.1273995967685,16.3514127700543,9.26976729075264,0.530335980333579,-6.57325788813989,-17.6079088819698,-0.57651278710596,7.32069518602608,-6.11074914763031,-2.81,0.121895828317038,-0.0211013900523284,18.7227935791016,18.1718210181094,0.169827046297158,1.11052486659112,175.330001831055,-25.1702797011277,-65.8077335868903,-175.330001831055,4.3720498085022,18.7700004577637,7.15999984741211,16.056999206543,36.5200004577637,991.336501575537
3.725,-0.0200724169749889,-0.0182368190774318,0.493646131765616,0.226871843385862,-0.0209201329463885,-12.3353452344548,-0.193332245755734,0.140769625701672,-0.115037774737926,-0.12653124288132,0.00555771361269923,-2.44882449960372,-0.190230727160912,0.116772378820103,-0.105579609530136,16.30876812752,9.27535362132631,0.57787427640147,-6.62343621137162,-17.5498994725092,-0.687868138455323,7.32169127497842,-6.11004559335576,-2.81,0.120989395084774,-0.0211009901188482,18.6857318445777,18.1615054724194,0.169827046297158,1.11052486659112,175.330001831055,-25.1702797011277,-65.8077335868903,-175.330001831055,4.3720498085022,18.7700004577637,7.15999984741211,16.056999206543,36.5200004577637,991.333380634298
3.75,-0.0189759239934668,-0.0139802170745591,0.494065783886964,0.218198263829741,-0.0929203308361179,-12.4461609106201,-0.168959804929856,0.0783869180011136,-0.10304992113477,-0.127541747681635,0.00614486365948863,-2.45139274261052,-0.162340117243631,0.0593430511022989,-0.0931650087401325,16.2350147354153,9.33738134091701,0.67149840291408,-6.5652932041447,-17.5420667846351,-0.621387107193245,7.32268736393076,-6.10934203908122,-2.81,0.126011821676183,-0.0175822234952734,18.6429191512485,18.121071319362,0.169827046297158,1.11052486659112,175.330001831055,-25.1702797011277,-65.8077335868903,-175.330001831055,4.3720498085022,18.7700004577637,6.96000003814697,16.0830001831055,36.5200004577637,991.330259693059
3.775,-0.0202576649621722,-0.00633643067665904,0.494485430002651,0.188511851882649,-0.0967279297247752,-12.1768810682035,-0.146883583440961,0.0154441070343925,-0.0879929147595607,-0.131678007272103,0.00550896281437701,-2.45359105571801,-0.126770604865036,-0.0174624794456324,-0.080744671210795,16.1928363605373,9.34408992140155,0.660404944325324,-6.56946763084831,-17.5031651099197,-0.661367319265853,7.32368345288311,-6.10863848480667,-2.81,0.123315580422827,-0.0173829853388467,18.6382331848145,18.0961738067061,0.169827002413338,1.11052485945154,175.331771850586,-25.2158791540931,-65.9323958188767,-175.331771850586,4.37158203125,18.7661209106445,6.96000003814697,16.0830001831055,36.5200004577637,991.327689759377
3.8,-0.0218435927678449,-0.00603298057793377,0.494905074120421,0.228911934937288,-0.0101401172518802,-11.6990801148683,-0.125731195497965,-0.0401600545450799,-0.0756610136494884,-0.131900838629173,0.00340365595409219,-2.4551344903897,-0.0959053014981548,-0.0418309819636891,-0.0720955865129504,16.1585566248607,9.34305413029237,0.652373940747983,-6.57238405269158,-17.4704066693678,-0.637073865265887,7.32452554394746,-6.10804433063367,-2.81,0.122663985455081,-0.0172996967872279,18.6382331848145,18.0817306207357,0.16982668895748,1.11052480845451,175.344360351562,-25.5415895226935,-66.8228403330878,-175.344360351562,4.36824083328247,18.7384128570557,6.96000003814697,16.0830001831055,36.5200004577637,991.3285045864
3.825,-0.0226420835131229,-0.00555307346182214,0.495324721238182,0.155116957762638,-0.0112836098925619,-11.0474371350794,-0.0767972626883752,-0.074777776230722,-0.0671106535515948,-0.133718839571555,0.00148542810726383,-2.45658756950961,-0.0639457402662771,-0.0647784347565746,-0.0634029653607729,16.1374857396409,9.32951797287136,0.612237174614841,-6.59485784729878,-17.4328452387591,-0.661016502531849,7.32527744653523,-6.10751424635555,-2.81,0.119336275182898,-0.0180475880814383,18.6079372627008,18.0735004567054,0.169826375501622,1.11052475745748,175.356948852539,-25.8672998941302,-67.7132848472989,-175.356948852539,4.36489963531494,18.7107048034668,6.96000003814697,16.0830001831055,36.5200004577637,991.329319413423
3.85,-0.0259792726804861,-0.00189442476639841,0.495744368355944,0.0649693692754444,-0.00341193792132022,-10.5140177689797,-0.0263277270683311,-0.0826614145158635,-0.0544868336313819,-0.136979819211324,-0.000795677299459197,-2.45800218462237,0.00293880818975398,-0.101314225731234,-0.0514496975109196,16.0931523612053,9.32419861968585,0.556187283753281,-6.59583440713065,-17.3847985510076,-0.70945396575198,7.326029349123,-6.10698416207742,-2.81,0.114467115160712,-0.0184832234652733,18.5748422608267,18.0393924920116,0.169826062045764,1.11052470646046,175.369537353516,-26.1930102655669,-68.6037293615888,-175.369537353516,4.36155843734741,18.6829967498779,7.55999994277954,16.0510005950928,36.5200004577637,991.330134240446
3.875,-0.0278873742786988,0.00127860810156887,0.496164015473705,0.0666840064905896,0.0302399655205437,-10.0785723804497,0.00947428088210141,-0.0922852622854,-0.0485742009427465,-0.13542347286332,-0.00339595204627297,-2.45895625304407,0.0375629228049131,-0.0919288496969946,-0.0444638065509794,16.074197007883,9.30966656396512,0.530912158489082,-6.6096560284258,-17.3547312105393,-0.676254756956196,7.32678125171077,-6.1064540777993,-2.81,0.113665184108567,-0.019033835043627,18.5728664398193,18.0360996692831,0.169825801877402,1.11052466413293,175.380004882812,-26.4633498723845,-69.3427983083541,-175.380004882812,4.3587851524353,18.6599998474121,7.55999994277954,16.0510005950928,36.5200004577637,991.330188511
3.9,-0.028844829916707,0.00477167807687446,0.496583662591467,-0.0310570185363572,-0.0496176453650895,-9.70737024553615,0.0353160508504659,-0.0791967226415183,-0.0403006175950138,-0.136210020116377,-0.00453094194221123,-2.45989281938467,0.0580743298706277,-0.0841685901308194,-0.0357792572949856,16.0671394903631,9.30183851400247,0.502555694987612,-6.6288128035632,-17.3352006578137,-0.692381642291455,7.32763892356205,-6.1058585910283,-2.81,0.111543013980329,-0.019425574360442,18.5728664398193,18.0378761380978,0.169825801877402,1.11052466413293,175.380004882812,-26.4633498723845,-69.3427983083541,-175.380004882812,4.3587851524353,18.6599998474121,7.55999994277954,16.0510005950928,36.5200004577637,991.326529476444
3.925,-0.029003043214632,0.00397451898391345,0.496937912426053,-0.0381236459897373,0.0155230283882359,-9.61892162191599,0.0587307572861184,-0.0446622597152243,-0.0309030525535944,-0.134665445949822,-0.0058244661867405,-2.4606763846138,0.079206207797444,-0.0539278374768793,-0.0278371377022606,16.063574354186,9.30072000563754,0.525321621728321,-6.63817834193001,-17.3305998983471,-0.634564359325497,7.32857039907418,-6.10521746771562,-2.81,0.113441269780708,-0.0192519617166134,18.5369115055959,18.0502576528699,0.169825801877402,1.11052466413293,175.380004882812,-26.4633498723845,-69.3427983083541,-175.380004882812,4.3587851524353,18.6599998474121,7.55999994277954,16.0510005950928,36.5200004577637,991.322870441888
3.95,-0.0291506930742472,-0.00190503684610712,0.497,-0.069036103171138,0.0476922067701422,-9.7068113818017,0.0826620155781441,-0.00827515650826376,-0.026464414731219,-0.128875808996351,-0.00618734271504595,-2.4612984849839,0.10921177862494,0.0226014054614583,-0.0230773147449099,16.047929556458,9.27006103905154,0.471985279770808,-6.65783475431594,-17.2909427249438,-0.624003916684383,7.32950187458632,-6.10457634440293,-2.81,0.113595199775627,-0.0203992352057161,18.4996592283849,18.0432524131931,0.169825801877402,1.11052466413293,175.380004882812,-26.4633498723845,-69.3427983083541,-175.380004882812,4.3587851524353,18.6599998474121,7.46999979019165,16.0629997253418,36.5200004577637,991.319211407332
3.975,-0.0274056668058556,-0.00109976295992035,0.497,-0.0515375871529367,0.00791255359254922,-9.67311440734369,0.131605338430191,0.0309091415094674,-0.0183730374138783,-0.125885612272053,-0.00551120290034723,-2.4619806357299,0.160957737092367,0.0287333530855545,-0.0165541771945271,16.0481026664303,9.24540169323136,0.458723234130146,-6.68444507049162,-17.2675036739237,-0.617243580472763,7.33043335009846,-6.10393522109024,-2.81,0.114490086305104,-0.0214370083058462,18.49928855896,18.0513229005632,0.169825739889637,1.1105246538456,175.388061523438,-26.5290535153095,-69.5188890187396,-175.388061523438,4.35838031768799,18.6524429321289,7.46999979019165,16.0629997253418,36.5200004577637,991.31639487317
4,-0.026282939123922,-0.00920047723374872,0.497,0.0343166726934825,-0.0401696928444898,-9.58624266181722,0.158580269395007,0.0312352646681814,-0.0149403294181208,-0.119395627070812,-0.00547071851439073,-2.46225865733432,0.201921044549561,0.0383002277540818,-0.011397518111082,16.0424105216216,9.22592300631866,0.453448770364158,-6.69434535577317,-17.249733576391,-0.56092624405381,7.33123889668694,-6.10338464287309,-2.81,0.117658431916097,-0.0218991545610361,18.4987718596567,18.0559253689828,0.169825429950815,1.11052460240894,175.428359985352,-26.8575717356071,-70.3993425706672,-175.428359985352,4.35635852813721,18.6146602630615,7.46999979019165,16.0629997253418,36.5200004577637,991.316948340582
4.025,-0.026279897138498,-0.0111115567047512,0.497,-0.13449327025447,-0.0670327157246515,-9.65648338607844,0.176367482586519,0.0270580709557722,-0.00925667767312959,-0.11507466416829,-0.00483117920802902,-2.46258805228102,0.21177587395312,0.0378866630692389,-0.00529762234323287,16.0414758844235,9.20033952299686,0.408187782631513,-6.71654429273103,-17.2250127047666,-0.573396232337039,7.33197112057009,-6.10288678496169,-2.81,0.117514868876778,-0.0228886662540767,18.464153006335,18.0572663132402,0.169825120011994,1.11052455097228,175.468658447266,-27.1860899530685,-71.2797961225947,-175.468658447266,4.35433578491211,18.5768775939941,7.46999979019165,16.0629997253418,36.5200004577637,991.317501807993
4.05,-0.0253201896137071,-0.0158688259251065,0.497,-0.141560433240114,-0.142778223209527,-9.66023230233011,0.189856813084751,0.0498296974699733,0.0012940359842822,-0.11384997295489,-0.00262397941126307,-2.46291857032988,0.171939433584894,0.0504064236008567,0.00498190271239541,16.020763232189,9.16655278098337,0.377307466151528,-6.72790946073104,-17.1807507822881,-0.624453519115871,7.33270334445324,-6.10238892705029,-2.81,0.116841751202731,-0.0246724148072218,18.4309120178223,18.033511784259,0.169824810073172,1.11052449953563,175.50895690918,-27.514608171948,-72.1602496745223,-175.50895690918,4.35231399536133,18.5390930175781,7.03999996185303,16.0790004730225,36.5200004577637,991.318055275405
4.075,-0.0224585253566149,-0.0177798077928412,0.497,-0.0618291692592996,-0.0908054546261784,-9.63841126519526,0.174838424273597,0.0666585048137266,0.00890906504942695,-0.108013212802581,-0.00106649315939896,-2.46268481788896,0.190951753240109,0.076574969628063,0.0166966430043304,16.0168466917153,9.14619600309597,0.376481863450282,-6.73044701433199,-17.1662904476547,-0.594620148072481,7.33343556833639,-6.1018910691389,-2.81,0.120105324652797,-0.0252832939703516,18.4309120178223,18.0311296039575,0.169824571420279,1.1105244599294,175.539993286133,-27.7675672000456,-72.8381989095065,-175.539993286133,4.35075664520264,18.5100002288818,7.03999996185303,16.0790004730225,36.5200004577637,991.319061356167
4.1,-0.0211894765254532,-0.0180973613381635,0.497,-0.127136290924739,-0.183298029157778,-9.39902356916779,0.202862964487673,0.0808457849399918,0.0201972871921635,-0.105863651726502,0.00104132765160421,-2.46232481749462,0.184827239506553,0.0552840257601328,0.0283317430906986,16.0131271368038,9.11720848591436,0.374703084028219,-6.73780087704925,-17.144012933602,-0.607448392846361,7.33433423537226,-6.10128339108328,-2.81,0.12143585298124,-0.0267555233437246,18.4286937233183,18.0227105606687,0.169824571420279,1.1105244599294,175.539993286133,-27.7675672000456,-72.8381989095065,-175.539993286133,4.35075664520264,18.5100002288818,7.03999996185303,16.0790004730225,36.5200004577637,991.32158270771
4.125,-0.0208682162937345,-0.0196914865201695,0.497,-0.0263130453884196,-0.202881289323131,-9.64490316818499,0.167205921781488,0.0734938233585917,0.0332975679152404,-0.101697974544684,0.00253827852548761,-2.46168092682414,0.158347133801785,0.038685023031192,0.0394067170368372,16.0001872109453,9.12290434411771,0.400079387695131,-6.70942071291581,-17.1479911187249,-0.568781384106981,7.33535731841791,-6.10059362263273,-2.81,0.12533209578038,-0.026124754932978,18.3943954775255,18.0089933719329,0.169824571420279,1.1105244599294,175.539993286133,-27.7675672000456,-72.8381989095065,-175.539993286133,4.35075664520264,18.5100002288818,7.03999996185303,16.0790004730225,36.5200004577637,991.324104059253
4.15,-0.019584481351704,-0.0285891459939958,0.497,-0.0561978136778269,-0.109781464075464,-9.51092765653536,0.137319265536119,0.0465805106817625,0.0391886872728747,-0.0945980434485668,0.00307771116198357,-2.46056598074349,0.141052147178112,0.0506576190678379,0.0437157714223576,15.9961480858681,9.05669251971272,0.359553896974627,-6.72868621523448,-17.1013320304479,-0.546750937595956,7.33638040146356,-6.09990385418219,-2.81,0.126995471214882,-0.0292010553178343,18.3631687164307,17.9994393570511,0.169824571420279,1.1105244599294,175.539993286133,-27.7675672000456,-72.8381989095065,-175.539993286133,4.35075664520264,18.5100002288818,7.21000003814697,16.0380001068115,36.5200004577637,991.326625410796
4.175,-0.0187908740880437,-0.0284070835357207,0.497,-0.0900691280857835,-0.0689356514289132,-9.57320083364916,0.139031934303952,0.0441277533262145,0.0489081016574625,-0.0919711963517518,0.00434736492383995,-2.4595345357967,0.133579294073678,0.0427787060610992,0.0492682500336681,15.997171244874,9.01932416758642,0.338886272883503,-6.73516082627715,-17.0791118208898,-0.560435756804907,7.33740348450921,-6.09921408573165,-2.81,0.127437545144815,-0.0311353436049963,18.3631687164307,17.9904352320896,0.169824491750615,1.11052444632727,175.54719543457,-27.8544420182201,-73.0645191827635,-175.54719543457,4.35028791427612,18.5060710906982,7.21000003814697,16.0380001068115,36.519344329834,991.325197464873
4.2,-0.0173537147665994,-0.034611194783504,0.497,-0.0307930427097745,0.0665052688265136,-9.93744683568643,0.144971848701469,0.0418572618334309,0.0538737953933207,-0.0860876370476565,0.00496688513416676,-2.4582654374236,0.138050032823388,0.0598339368031006,0.0517663480810626,15.9937835469887,8.99746146613104,0.333862653069792,-6.72307403482923,-17.0703346977735,-0.520421061978138,7.33823534004219,-6.09865878393663,-2.81,0.130430279788198,-0.0318607867103682,18.3600716963223,17.9816647006763,0.169824185328829,1.11052439401135,175.574920654297,-28.1885759334034,-73.9349817724863,-175.574920654297,4.34848546981812,18.4909591674805,7.21000003814697,16.0380001068115,36.5168266296387,991.31252921078
4.225,-0.0170310183269683,-0.0365295655290879,0.497,-0.0772454841260242,0.0106710527071478,-10.0047556331896,0.152661431680791,0.0468247826709771,0.0540958694594571,-0.0822138708124938,0.0059397696351416,-2.45708102317966,0.14758890761552,0.0613837967613838,0.0545307832192586,15.9981524306152,8.97301830980492,0.292918003990294,-6.72231092573851,-17.0605015844576,-0.539964112481944,7.33895570080491,-6.09818188262203,-2.81,0.130362125834777,-0.0329331259078393,18.3330064336359,17.9734452823775,0.169823878907044,1.11052434169544,175.602600097656,-28.5227098471685,-74.8054443620515,-175.602600097656,4.34668302536011,18.4758434295654,7.21000003814697,16.0380001068115,36.5143051147461,991.299860956687
4.25,-0.0160727694787851,-0.0415972042263319,0.497,-0.0245340251773619,0.0818954596055912,-9.88831629109821,0.146849771508583,0.0462620610319803,0.0570064537182306,-0.0817379881710874,0.00716762261903716,-2.45592555785684,0.155118568393759,0.0144086231387314,0.0568712543815564,16.0096588390902,8.9109204020585,0.274332634405429,-6.75094173113384,-17.0261595087188,-0.56887175767716,7.33967606156762,-6.09770498130744,-2.81,0.129709824089071,-0.0364701705840592,18.3097114562988,17.9721808341734,0.169823572485258,1.11052428937952,175.630325317383,-28.8568437609336,-75.6759069516955,-175.630325317383,4.3448805809021,18.4607315063477,7.11999988555908,16.0809993743896,36.5117874145508,991.287192702594
4.275,-0.0155934108754207,-0.0433459975504012,0.497,0.0287609594170994,0.0248888336466977,-10.1836950274505,0.117202478902104,0.0181802011281685,0.0555061294537219,-0.0787189461363585,0.0073019682734712,-2.4546615005094,0.0884738669029548,0.00400450343241499,0.0550783855424466,16.0015097878741,8.88388663446326,0.249446570409526,-6.74056631790777,-17.0081605593375,-0.56676354734487,7.34039642233034,-6.09722807999284,-2.81,0.130069303537765,-0.0377992483232998,18.3097114562988,17.954221482518,0.16982335492579,1.11052425223522,175.649993896484,-29.0940788405152,-76.2939353903475,-175.649993896484,4.34360074996948,18.4500007629395,7.11999988555908,16.0809993743896,36.5107307434082,991.280614742404
4.3,-0.0160732939210735,-0.0409647702089409,0.497,-0.0146621523536835,0.13164748564683,-10.2128667379941,0.0735183120761646,-0.00195203017006688,0.0535351021033659,-0.0788643758335553,0.00731814529662959,-2.45357886040506,0.0849088884084644,-0.0281822588071196,0.054246765377643,15.9991929512303,8.8759614640177,0.213637664545528,-6.72699617187999,-17.0054690329514,-0.603368482754306,7.34126676332096,-6.09665603128208,-2.81,0.128083496174231,-0.0384060996847849,18.3064663500269,17.9384348752125,0.16982335492579,1.11052425223522,175.649993896484,-29.0940788405152,-76.2939353903475,-175.649993896484,4.34360074996948,18.4500007629395,7.11999988555908,16.0809993743896,36.5132484436035,991.288947501771
4.325,-0.0162328358396732,-0.0417637624528862,0.497,-0.0441574590357518,0.11378379055592,-10.243859356598,0.0601157367253336,-0.0035723281074712,0.0524061750431861,-0.077080306446503,0.00691455775215072,-2.45246832321498,0.0858213645548716,-0.0396822058987746,0.0501009504277177,15.9998414583733,8.86533395806878,0.235427581089741,-6.71412692682193,-17.0074398933435,-0.55855788593163,7.34222804383431,-6.09602629057474,-2.81,0.130234533645993,-0.0389107106596826,18.2867007027345,17.9362497045726,0.16982335492579,1.11052425223522,175.649993896484,-29.0940788405152,-76.2939353903475,-175.649993896484,4.34360074996948,18.4500007629395,7.11999988555908,16.0809993743896,36.5157661437988,991.297280261138
4.35,-0.0167005981952675,-0.0460475479322114,0.497,0.0416585238103674,0.219142720690661,-10.3425447606525,0.0461285114354873,-0.0226253163596561,0.0466422026179683,-0.0728342126205656,0.00546032930688334,-2.45127271458023,0.0528302798610506,-0.0330484488373354,0.0429385890853138,16.0022459955404,8.82115328261062,0.165677084249547,-6.72626491616118,-16.9809093807727,-0.564046020244154,7.34318932434766,-6.0953965498674,-2.81,0.128491752031772,-0.0410045976112164,18.2706718444824,17.9300931814856,0.16982335492579,1.11052425223522,175.649993896484,-29.0940788405152,-76.2939353903475,-175.649993896484,4.34360074996948,18.4500007629395,7.07999992370605,16.0699996948242,36.5182876586914,991.305613020505
4.375,-0.0181324853912701,-0.0465104958453204,0.497,-0.0276246898141126,0.143491773626385,-10.1567346593975,0.0535894999723603,-0.0527583705619903,0.0404950979056333,-0.0732870939757974,0.0044341930188043,-2.45059663785657,0.0812056372541092,-0.0743681432610771,0.0408493869458244,15.999720874449,8.80388105001019,0.109149672240161,-6.7268288028587,-16.9674091085987,-0.606717110711331,7.34415060486101,-6.09476680916006,-2.81,0.125048212715706,-0.0421170020297564,18.2706718444824,17.9181825962972,0.169823257714908,1.11052423549413,175.661270141602,-29.201001693544,-76.5700855880981,-175.661270141602,4.3434739112854,18.4338798522949,7.07999992370605,16.0699996948242,36.5191917419434,991.311382610792
4.4,-0.0186069197103233,-0.0460455293134389,0.497,-0.0274274734183027,0.28454773254239,-9.86514964972909,0.0668794036570399,-0.066024560616573,0.0386980653726055,-0.0706045562340978,0.00345074564521916,-2.45011278911698,0.0307505135225279,-0.0513279296074054,0.0339228062172352,15.9921595033027,8.7841790620618,0.123241016116043,-6.72435321061815,-16.9530114300852,-0.551935749649883,7.34497229786094,-6.09423237170637,-2.81,0.127208073900381,-0.0429515004038984,18.2670125264665,17.9152967338232,0.169822953930899,1.11052418317822,175.696548461914,-29.5351356073091,-77.4330549559901,-175.696548461914,4.34307861328125,18.3835029602051,7.07999992370605,16.0699996948242,36.5166778564453,991.311705466782
4.425,-0.0195502855572929,-0.0504790516847383,0.497,-0.0142742484116634,0.304990614511394,-9.70039105105462,0.122669922130422,-0.0739298804062473,0.033122351001061,-0.0663602624018665,0.00062106316831485,-2.44884599667021,0.069754146294771,-0.0428754572696835,0.029230946004231,15.98922406852,8.76581965118007,0.0488136254685491,-6.71530392754266,-16.9442512651125,-0.542499277279835,7.34572628921875,-6.0937441574901,-2.81,0.125085104405042,-0.0436004382178627,18.2499073422526,17.9049611777512,0.169822650146891,1.1105241308623,175.731811523438,-29.8692695224923,-78.2960243239608,-175.731811523438,4.34268283843994,18.3331241607666,7.07999992370605,16.0699996948242,36.5141563415527,991.312028322772
4.45,-0.0217669395643388,-0.0561959902886676,0.495792470060851,-0.140641306611173,0.268460865354735,-9.60410535711644,0.155762142188366,-0.0542012438474321,0.0327585224543908,-0.0631669087604387,-0.00109852701343062,-2.44821161295166,0.193873610197705,-0.065677704259487,0.0282114115241333,15.9971182036138,8.73640444919114,-0.0139129535819036,-6.73158696970132,-16.9298081240596,-0.547796351199643,7.34648028057655,-6.09325594327383,-2.81,0.123071379601798,-0.0448992618361337,18.2368869781494,17.9092268403436,0.169822346362883,1.11052407854639,175.767059326172,-30.2034034362574,-79.1589936918528,-175.767059326172,4.34228754043579,18.2827453613281,7.17999982833862,16.0769996643066,36.5116348266602,991.312351178763
4.475,-0.0215920561768431,-0.0633400707252117,0.492878922653725,-0.0767284366649497,0.227904102244969,-9.55150795106417,0.163694569890878,-0.0381024005769874,0.0274857728178954,-0.0588503692026986,-0.00196472772153769,-2.44780394500448,0.135815791048297,-0.0337650105293606,0.0212484205708783,16.005274788352,8.71059410307653,-0.0305218132919984,-6.74687380021635,-16.9192913457276,-0.511347770733276,7.34723427193435,-6.09276772905756,-2.81,0.124293236782514,-0.0458159002098532,18.2368869781494,17.9204156771792,0.169822148903277,1.11052404454104,175.789993286133,-30.4205904809847,-79.7199237809746,-175.789993286133,4.34203004837036,18.25,7.17999982833862,16.0769996643066,36.5099983215332,991.311323420527
4.5,-0.0211198665612675,-0.0650827317079235,0.489965375246599,-0.0626060599944093,0.148228162432134,-9.25331086455264,0.136727564096481,-0.0420058455831708,0.0180496037366815,-0.0588466841285194,-0.00259773258764365,-2.4476462076524,0.180052639544311,-0.0675254988357095,0.021546894926378,16.0031451159081,8.72628727081717,-0.0966867268752537,-6.73541574726953,-16.9283625278168,-0.568162208384134,7.3481752447942,-6.0921519070028,-2.81,0.120567875723276,-0.0449818834220055,18.2336055169478,17.910802118674,0.169822148903277,1.11052404454104,175.789993286133,-30.4205904809847,-79.7199237809746,-175.789993286133,4.34203004837036,18.25,7.17999982833862,16.0769996643066,36.5099983215332,991.307787378729
4.525,-0.0234921888615284,-0.0665038518845732,0.487051827839472,-0.13562021016449,0.0914161833250335,-8.86555429276345,0.0954650407512295,-0.0437358283331234,0.0113375906014309,-0.0549616497390569,-0.00486572342565857,-2.44732373915943,0.13764838921284,-0.0791020464971437,0.0107479554770215,16.000588708011,8.71084399353892,-0.0837493895813618,-6.73671033710191,-16.9200135748905,-0.484283493897391,7.34922956597061,-6.0914587289876,-2.81,0.123101434799688,-0.0453598309416757,18.2211607301265,17.918712572907,0.169822148903277,1.11052404454104,175.789993286133,-30.4205904809847,-79.7199237809746,-175.789993286133,4.34203004837036,18.25,7.17999982833862,16.0769996643066,36.5099983215332,991.304251336931
4.55,-0.0246014792208743,-0.067930487621182,0.484138280411488,-0.0897348701753023,0.0928957865623905,-8.70380755896116,0.0342284842604768,-0.0394753221403464,0.00821738885928909,-0.0541157513524747,-0.00551165088939505,-2.44734896362941,-0.0312799919222371,-0.0309189304515139,0.00184950376756652,15.988116855937,8.71287766388326,-0.127686129494811,-6.72786419328303,-16.9122886737072,-0.510643463186294,7.35028388714702,-6.0907655509724,-2.81,0.121109602366511,-0.045174943705735,18.2123069763184,17.9049338606371,0.169822148903277,1.11052404454104,175.789993286133,-30.4205904809847,-79.7199237809746,-175.789993286133,4.34203004837036,18.25,7.07000017166138,16.0659999847412,36.5099983215332,991.300715295133
4.575,-0.0252383353800144,-0.0679328094021621,0.48122471219596,-0.164073563546881,0.131433951269783,-8.7020088545231,-0.0161523979410168,-0.0336578057346415,0.00266879607614608,-0.0548523208857967,-0.00628311958833925,-2.44735073530173,-0.045535506064147,-0.0182897259058131,0.00145969434098823,15.9850099850513,8.72702545010135,-0.132590947731075,-6.71728142092166,-16.9208958955524,-0.510401990931341,7.35133820832343,-6.0900723729572,-2.81,0.120369429605175,-0.0444861871420185,18.2123069763184,17.9030988226422,0.169822033966532,1.11052402482805,175.801483154297,-30.546494384996,-80.0464284285997,-175.801483154297,4.34206342697144,18.25,7.07000017166138,16.0659999847412,36.5099983215332,991.29645482599
4.6,-0.0230204429751906,-0.0644430672970761,0.478311185618094,-0.237561412796555,0.0196055008247985,-8.76945264890437,-0.0603095687868449,-0.0077727902075774,0.00178056599139687,-0.0572665459747045,-0.00570354964274896,-2.4474204006671,-0.153597446731245,0.0230470385901774,-0.00121439266883299,15.9869456397753,8.72795495268667,-0.123192180718745,-6.71979157304681,-16.9214916190584,-0.531344953482461,7.35218537134025,-6.08952255581063,-2.81,0.119657720457063,-0.0447419246328898,18.2058057664924,17.9037526159054,0.169821731501412,1.11052397295177,175.83171081543,-30.8778204527364,-80.9056511856944,-175.83171081543,4.3421516418457,18.25,7.07000017166138,16.0659999847412,36.5099983215332,991.29101239644
4.625,-0.0230229956761199,-0.0628393731099804,0.475397617362362,-0.174280958424736,0.168478364404361,-8.90891139184127,-0.0979783148431842,0.00914331553111187,0.00601116283564609,-0.0601077212282336,-0.00550186476432207,-2.44747274584617,-0.183939504141252,0.0309344915568118,0.000174380524048921,15.979886698211,8.75519688308571,-0.134519029477682,-6.69952227818894,-16.9356794164198,-0.572285476706971,7.35291178888206,-6.08905629885892,-2.81,0.117585607126658,-0.0436057918422791,18.1850638113334,17.8921072697304,0.169821429036292,1.11052392107548,175.861938476562,-31.2091465190587,-81.7648739427891,-175.861938476562,4.34223937988281,18.25,7.07000017166138,16.0659999847412,36.5099983215332,991.28556996689
4.65,-0.0239827218385598,-0.0596835809744733,0.473,-0.0696805896000905,0.267603173047591,-9.13934899773472,-0.088571302272007,0.00636394995126727,0.00138850977202896,-0.0608565877487655,-0.00636972049266758,-2.44742540524369,-0.0407073826620186,-0.00388939105729313,0.00399285845396152,15.9668700036501,8.73814880927345,-0.0332057753752019,-6.69588736560288,-16.9188688828215,-0.462874781167583,7.35363820642388,-6.0885900419072,-2.81,0.122797960415528,-0.044653647669681,18.1713390350342,17.8939404649694,0.169821126571172,1.1105238691992,175.892166137695,-31.540472585381,-82.624096699805,-175.892166137695,4.34232711791992,18.25,7.07000017166138,16.0520000457764,36.5099983215332,991.280127537341
4.675,-0.0225502807278841,-0.0598399163224497,0.473,-0.13170228889476,0.157377906282819,-9.06986276553167,-0.0703161041823885,0.0109591497148101,0.000194308828915801,-0.0622685973715855,-0.00588589599210696,-2.44755738427576,-0.0605007644654293,0.0144198568202488,-0.000345963139406018,15.9658475256552,8.71888241418632,0.0109607667809969,-6.70806880742029,-16.903774778222,-0.437640292191436,7.35436462396569,-6.08812378495549,-2.81,0.124551186893504,-0.0458905773108943,18.1713390350342,17.8985594672739,0.169820948116752,1.11052383859219,175.910003662109,-31.7359549650501,-83.1310381264948,-175.910003662109,4.34237909317017,18.25,7.07000017166138,16.0520000457764,36.5099983215332,991.275000276734
4.7,-0.0236563678253217,-0.063807142446945,0.473,-0.145101820634127,0.236725506218212,-9.15501255452387,-0.0557882387243717,0.0184266941739682,0.00142718077509043,-0.062523011842403,-0.00650009900208675,-2.44764158537117,0.0296018739516026,-0.0124099316991811,0.000967044047137875,15.9632230006334,8.71769157504863,0.0326865326966064,-6.70755988702553,-16.9016457761875,-0.408306004479986,7.35521953666718,-6.08756996406562,-2.81,0.125554798009602,-0.0459749402338391,18.1689032739596,17.9017913862795,0.169820948116752,1.11052383859219,175.910003662109,-31.7359549650501,-83.1310381264948,-175.910003662109,4.34237909317017,18.25,7.07000017166138,16.0520000457764,36.5099983215332,991.270326551923
4.725,-0.0236573844387584,-0.0631684710537644,0.473,-0.0431845007787668,0.240214249800502,-9.39385032817171,-0.0504035133581183,0.00544677940730575,-0.00236451452547518,-0.0639839037028131,-0.00638574365113123,-2.44776752846618,0.0324383952503243,-0.0211225455764252,0.000554346510978195,15.9630356404287,8.68834111873308,0.0563120662538508,-6.72769492609705,-16.878659586299,-0.397392567968317,7.35616795609483,-6.08695242235382,-2.81,0.126090231878688,-0.0477794912621336,18.162196589357,17.9063344048363,0.169820948116752,1.11052383859219,175.910003662109,-31.7359549650501,-83.1310381264948,-175.910003662109,4.34237909317017,18.25,7.07000017166138,16.0520000457764,36.5099983215332,991.265652827112
4.75,-0.0227107712722857,-0.0577665541409233,0.473,-0.0473708515901947,0.228569481241216,-9.39171808736912,-0.0489243745520847,-0.00555869203928578,-0.00476886723669126,-0.0673426381201065,-0.00549023641966138,-2.4481992992298,-0.0695168589002369,-0.00672506902465902,-0.00721591077757368,15.9473318533384,8.69318557097544,0.11784329830121,-6.71785871282454,-16.8709469157323,-0.379842251389205,7.35711637552248,-6.08633488064202,-2.81,0.12790605953131,-0.0479119451918969,18.1580924987793,17.8974424756203,0.169820948116752,1.11052383859219,175.910003662109,-31.7359549650501,-83.1310381264948,-175.910003662109,4.34237909317017,18.25,6.96000003814697,16.0839996337891,36.5099983215332,991.2609791023
4.775,-0.0231889422065427,-0.057614927242392,0.473,-0.104790597682626,0.223451420909328,-9.0704310650177,-0.0326520120173531,-0.00863098906874618,-0.00515073199892055,-0.0673296053269074,-0.00638139510903709,-2.44846082050852,-0.0382341837269674,-0.0200748616135757,-0.00923726436982062,15.9328838625898,8.7010032754107,0.134898775802849,-6.7056098666595,-16.8669901739429,-0.349116950989378,7.35806479495013,-6.08571733893022,-2.81,0.128831240088042,-0.0474662550413636,18.1580924987793,17.8907443755561,0.169820815418973,1.11052381557319,175.918869018555,-31.8829738877874,-83.507997133707,-175.918869018555,4.34235954284668,18.2378082275391,6.96000003814697,16.0839996337891,36.5099983215332,991.260634722577
4.8,-0.0224067520489335,-0.0511108793681976,0.473,-0.0219231879740613,0.286886151631996,-9.08312678821609,-0.0411215339305803,-0.0213183266777906,-0.00901306213542508,-0.0696709075145997,-0.0061129058663217,-2.44893030666064,-0.0763537366499368,-0.0134131210007606,-0.0133753819701396,15.9268099982506,8.69886198596331,0.143313429877234,-6.71051606753448,-16.8579237494124,-0.365234550331316,7.35882735789185,-6.08522132318165,-2.81,0.128095454409945,-0.0478366725030018,18.1518039655325,17.8878288255059,0.169820513833112,1.11052376325727,175.939025878906,-32.2171078015525,-84.3647221501914,-175.939025878906,4.34231567382812,18.2101001739502,6.96000003814697,16.0839996337891,36.5099983215332,991.265800418421
4.825,-0.0227259227521951,-0.0514300500714592,0.473,-0.0791161357060824,0.307985650139687,-9.08353532319517,0.00815803776959208,-0.021567584978523,-0.0144339570315806,-0.0697431809334841,-0.00660901071840161,-2.44933495168117,-0.0257280929535868,-0.0159061524831192,-0.0150549590100515,15.9197022528477,8.71123126846405,0.177464316215971,-6.70246426353618,-16.8619524477766,-0.324801570905074,7.35948160825693,-6.08479612976751,-2.81,0.129912173292167,-0.0471078887774823,18.1365751079108,17.8902663824779,0.169820212247252,1.11052371094136,175.959167480469,-32.5512417167358,-85.2214471666758,-175.959167480469,4.34227180480957,18.1823921203613,6.96000003814697,16.0839996337891,36.5099983215332,991.270966114265
4.85,-0.0239859700970101,-0.0558647493588688,0.473,-0.115237550339711,0.147856815941357,-9.03849298430418,0.0116746963476734,-0.017749016066288,-0.0115972534319057,-0.0655441968924296,-0.00857687537964943,-2.44961624126975,0.0555346242487301,-0.0288546040858068,-0.0121517976661507,15.9077590429056,8.70468850800389,0.20517619205453,-6.69995737055476,-16.8501825361517,-0.22894713237606,7.36013585862201,-6.08437093635337,-2.81,0.133498960329629,-0.0469170775663747,18.1280136108398,17.8955512606056,0.169819910661391,1.11052365862544,175.97932434082,-32.8853756305009,-86.0781721832391,-175.97932434082,4.34222793579102,18.1546859741211,7.23999977111816,16.0450000762939,36.5099983215332,991.276131810109
4.875,-0.0238231065032981,-0.0588864823238728,0.473,-0.059482958565811,0.414250577283312,-9.27078484682092,0.0419745347284998,-0.0227023762368315,-0.0147782632855177,-0.0664332194905527,-0.00843903809545341,-2.45013251655958,0.0504466953614921,-0.0316976017056857,-0.0170568084218965,15.9039444470005,8.6868017293781,0.194395542470147,-6.7178517878903,-16.8298095767244,-0.248475054830358,7.3607901089871,-6.08394574293924,-2.81,0.132434376625635,-0.0479804462257126,18.1280136108398,17.8953389808489,0.169819750820885,1.11052363089801,175.990005493164,-33.0624666055197,-86.5322364419175,-175.990005493164,4.34220457077026,18.1399993896484,7.23999977111816,16.0450000762939,36.5088157653809,991.277518399717
4.9,-0.0249221537281635,-0.066344778050049,0.473,-0.00939633066813608,0.241380313912102,-9.5440848892797,0.0687839692778853,-0.0283263788318045,-0.0219957085112493,-0.0618475344397945,-0.00976452801663468,-2.45031386785152,0.0974258508394159,-0.0165676762133397,-0.0181585091939301,15.8945974655055,8.69969488348883,0.230659338049982,-6.70268659056865,-16.835288155478,-0.152277960049954,7.36144435935218,-6.0835205495251,-2.81,0.136759308094911,-0.0466602799082655,18.1257657115946,17.9015019613041,0.169819750820885,1.11052363089801,175.990005493164,-33.0624666055197,-86.5322364419175,-175.990005493164,4.34220457077026,18.1399993896484,7.23999977111816,16.0450000762939,36.5062980651855,991.274643443994
4.925,-0.0246004559797981,-0.0669866422221574,0.473,-0.1088616465139,0.283751144467648,-9.68258905067479,0.0569922401699029,-0.00900583098587619,-0.0233069357284513,-0.0594136759168249,-0.00979134260952821,-2.45142982115651,0.070994596447227,0.0171967933916249,-0.0282488316115642,15.8983988861944,8.6941710424219,0.170470741779159,-6.73002151166128,-16.8240101210779,-0.190398087389938,7.36231195124278,-6.08296042907557,-2.81,0.134591468180916,-0.0465350062988625,18.1209073487097,17.9116254174851,0.169819750820885,1.11052363089801,175.990005493164,-33.0624666055197,-86.5322364419175,-175.990005493164,4.34220457077026,18.1399993896484,7.23999977111816,16.0450000762939,36.503776550293,991.271768488271
4.95,-0.0239683057153197,-0.0679304431626406,0.473,-0.0171074329205538,0.350441524473383,-9.88685804486368,0.0960926143943674,0.00388596487511638,-0.0291192750472497,-0.0603634531477065,-0.00936163541848364,-2.45262702402366,0.0957924889805945,-0.011250717030095,-0.0333446613548417,15.8828652204367,8.71312647228824,0.158808964490209,-6.72688614154374,-16.8199435175905,-0.218411821164188,7.36318021134233,-6.08239988601984,-2.81,0.133521549876986,-0.0455020270581269,18.1184177398682,17.9036628195824,0.169819750820885,1.11052363089801,175.990005493164,-33.0624666055197,-86.5322364419175,-175.990005493164,4.34220457077026,18.1399993896484,7.23999977111816,16.0380001068115,36.5012588500977,991.268893532549
4.975,-0.0242786585793453,-0.0717366239166718,0.473,0.0569898914967696,0.220704066546584,-10.0059286739235,0.0651018747456338,-0.00830570251405251,-0.0359316467491363,-0.0570032112145738,-0.0101613413660608,-2.45335133066879,0.0656852059918924,-0.0076901460151465,-0.0361324803351626,15.8721551380134,8.73171394679596,0.163658313295135,-6.71795215144604,-16.8236199511345,-0.172776873502118,7.36404847144189,-6.08183934296411,-2.81,0.135485928246069,-0.0439633528835655,18.1184177398682,17.9065222194601,0.169819600027955,1.11052360474005,175.993774414062,-33.2295335631113,-86.9605989501597,-175.993774414062,4.34229230880737,18.150074005127,7.23999977111816,16.0380001068115,36.5,991.266533609001
5,-0.0242766048095316,-0.0733274520477889,0.473,0.0560144344769836,0.268087279832667,-10.0306424616788,0.0439655463079792,-0.0234247643760546,-0.040294033218567,-0.0590209610887354,-0.0100962448391237,-2.45397712584401,0.08431370292931,-0.0433923766239694,-0.0363428567734261,15.8614277513459,8.73970517678505,0.108673082095304,-6.71818476880802,-16.8161882901775,-0.246883633549626,7.36480789299289,-6.08135131295461,-2.81,0.131410806391201,-0.0437464416920993,18.1188695412739,17.8923719150887,0.169819298442094,1.11052355242414,176.001342773438,-33.5636674768764,-87.8173239666441,-176.001342773438,4.34246826171875,18.1702270507812,7.23999977111816,16.0380001068115,36.5,991.264688717628
5.025,-0.0252378809811478,-0.0704760544038198,0.474335619121477,0.062985475153495,0.17885027073024,-10.2491232878596,0.0449775814407397,-0.0224623666853624,-0.0427814378866697,-0.0579670744531105,-0.0112912237589798,-2.4560337794477,0.0601026398089253,-0.0549596112230868,-0.044553014314385,15.8533326816946,8.75294652935102,0.151225350528768,-6.73606612007393,-16.8094957174483,-0.177104827390802,7.36549984305091,-6.08090823543258,-2.81,0.134087800608041,-0.0426095775500052,18.1197512119783,17.913371792088,0.169818996856233,1.11052350010822,176.008895874023,-33.8978013920597,-88.6740489831285,-176.008895874023,4.34264421463013,18.1903762817383,7.23999977111816,16.0380001068115,36.5,991.262843826255
5.05,-0.0261838970993921,-0.071422070522064,0.477369690303907,0.177389195426941,0.187535315415998,-10.2898328927713,-0.00119525543705242,-0.0369300986188134,-0.0464132197968715,-0.0560326335641823,-0.0125114465147532,-2.45729039954977,-0.0418593649138584,-0.0297682702091162,-0.0505645136870497,15.8292138766305,8.80730133475173,0.0739845131880663,-6.70727189881553,-16.8256225549344,-0.221295674756195,7.36619179310892,-6.08046515791055,-2.81,0.130758596876794,-0.0392376428644863,18.1201591491699,17.8947528023795,0.169818695270372,1.11052344779231,176.016464233398,-34.2319353058248,-89.5307739996129,-176.016464233398,4.3428201675415,18.2105274200439,7.90999984741211,16.011999130249,36.5,991.260998934883
5.075,-0.0276184505294158,-0.0718982241710331,0.479638305151881,0.14150031730198,0.179192499578708,-10.1141137950862,-0.00750452501086172,-0.0491360292299324,-0.0511755672515205,-0.0566920113356295,-0.0140220858883942,-2.45868022944227,-0.0143468902100535,-0.0505781352048671,-0.0512847900063166,15.8190254651634,8.83075750082468,0.034080584544562,-6.71032780045577,-16.826667347446,-0.244485134368659,7.36688374316694,-6.08002208038853,-2.81,0.127979421029096,-0.0378582638296914,18.1201591491699,17.8952545627507,0.169818553525018,1.11052342320383,176.020004272461,-34.3889782459893,-89.9334347573401,-176.020004272461,4.34290266036987,18.2199993133545,7.90999984741211,16.011999130249,36.5,991.259781460318
5.1,-0.0274517042680407,-0.0726898776907127,0.476733663675832,0.121937710939273,0.0983919750327148,-10.0915533186234,-0.0414790289998464,-0.0446157408638693,-0.0507104829150223,-0.0566810207278044,-0.0153478834323146,-2.45996808311392,-0.0820918161235757,-0.0246587030456731,-0.0541195161024638,15.812998823218,8.84708045705566,0.0170658092546911,-6.71810253633984,-16.8264932359374,-0.241411123879368,7.36770021858336,-6.07949747896917,-2.81,0.12682111993052,-0.0367906899173006,18.1167133773304,17.9026647699561,0.169818553525018,1.11052342320383,176.020004272461,-34.3889782459893,-89.9334347573401,-176.020004272461,4.34290266036987,18.2199993133545,7.90999984741211,16.011999130249,36.5,991.259120374242
5.125,-0.0277766493513474,-0.0717191606593662,0.474119331376011,0.089082831780594,0.125325619828576,-9.91304109136662,-0.0806861618192469,-0.0505246847642177,-0.0535803836478278,-0.0585288039827848,-0.0165942659713154,-2.46134859059185,-0.105939346853491,-0.0221363351809679,-0.0548846201825115,15.8012852842576,8.87216039882932,-0.0339694445334339,-6.72003329347214,-16.8271713312347,-0.290616971482934,7.36860992167855,-6.07891184352585,-2.81,0.122837674213408,-0.035479549122977,18.1105841725539,17.89866588613,0.169818553525018,1.11052342320383,176.020004272461,-34.3889782459893,-89.9334347573401,-176.020004272461,4.34290266036987,18.2199993133545,7.90999984741211,16.011999130249,36.5,991.258459288167
5.15,-0.0300102297899789,-0.0663192100486776,0.475562094253307,0.0184232954052582,0.0376459387766347,-9.51021998353182,-0.0748766576329709,-0.0502609325208223,-0.0508493491336118,-0.0636039479607333,-0.0178865117857226,-2.46285465528623,-0.0838215294424867,-0.0678438909143645,-0.0495308910358796,15.7833200856723,8.90403231199599,-0.0115964955524527,-6.71298352341762,-16.8298504204092,-0.295137018248154,7.36951962477373,-6.07832620808252,-2.81,0.121249654616088,-0.0341649505642114,18.1080532073975,17.8951586644001,0.169818553525018,1.11052342320383,176.020004272461,-34.3889782459893,-89.9334347573401,-176.020004272461,4.34290266036987,18.2199993133545,8.10999965667725,16.0179996490479,36.5,991.257798202092
5.175,-0.0312738153289612,-0.0647518804012649,0.4776432009209,0.103740056575358,0.0421361278225097,-9.35961792510046,-0.115787650404707,-0.0636691692498259,-0.0473989028114683,-0.0658511087720766,-0.0197794491278348,-2.46402633154662,-0.126087841709581,-0.0676001526770832,-0.0446384670001188,15.7613662241001,8.93129287584189,-0.000976400225835675,-6.69951931117415,-16.8293927361369,-0.276838887605849,7.37042932786892,-6.07774057263919,-2.81,0.120471120760858,-0.0327917588661271,18.1080532073975,17.8879396290211,0.169818384883129,1.11052339415311,176.028457641602,-34.5745208430163,-90.4125013992541,-176.028457641602,4.3427791595459,18.2129459381104,8.10999965667725,16.0179996490479,36.5,991.254416516206
5.2,-0.0331871555140608,-0.0593475834328006,0.479724307588493,-0.03068029339546,0.035696627529645,-9.33942756416075,-0.127341047246023,-0.068498165643721,-0.0423138596299024,-0.0705798768667737,-0.0209621371080023,-2.46508013546595,-0.100941585684332,-0.0748700536603927,-0.0367936517891932,15.7520698148158,8.94217631571453,-0.00171226151525426,-6.70600380243996,-16.823451684468,-0.302010042925425,7.37113835028008,-6.07728398761357,-2.81,0.1177631018952,-0.0326286189244912,18.1033546294013,17.8867566926369,0.169818083736897,1.11052334227682,176.043579101562,-34.9058469093386,-91.2679775454728,-176.043579101562,4.34255981445312,18.2003536224365,8.10999965667725,16.0179996490479,36.5,991.248897216182
5.225,-0.0333513658369591,-0.0578903059056969,0.481805414256086,-0.0605554971072002,0.0931678398155384,-9.47334828256949,-0.152015908987509,-0.0356505120446499,-0.034149422477936,-0.0738441789070112,-0.021901406307035,-2.46599925943308,-0.105148684577544,-0.0472629495204665,-0.0324011652802311,15.7537275139618,8.94931091723288,0.032603708320806,-6.71818240915805,-16.8243076802141,-0.282587469686214,7.37172693390148,-6.07690485237441,-2.81,0.117743956424873,-0.0324815525597746,18.0956764653588,17.9002800798725,0.169817782590666,1.11052329040054,176.058700561523,-35.2371729756609,-92.1234536916127,-176.058700561523,4.34233999252319,18.1877574920654,8.10999965667725,16.0179996490479,36.5,991.243377916158
5.25,-0.0328702923674812,-0.053313414086251,0.483886167592563,0.0141826478396584,0.128716157735633,-9.51934742192721,-0.137450157603978,-0.0066715373949123,-0.0328947805026184,-0.0755385388477478,-0.022070291767558,-2.46687738884366,-0.148020465856254,0.010105502421411,-0.0283990426359106,15.7464927826741,8.95779021095963,0.0918841079240435,-6.71919184241807,-16.8225709664492,-0.236749173650481,7.37231551752287,-6.07652571713526,-2.81,0.120100155466903,-0.0320962725694813,18.092887878418,17.9072523853013,0.169817481444435,1.11052323852425,176.073806762695,-35.5684990419832,-92.9789298378313,-176.073806762695,4.34212017059326,18.175163269043,7.19000005722046,16.0599994659424,36.5,991.237858616135
5.275,-0.0328931797588108,-0.0482083332048691,0.485,-0.00446473784950233,0.0691857243503877,-9.34388421402074,-0.139461474602714,-0.00165459189634149,-0.0255503972454428,-0.0793541620437962,-0.0222648314527401,-2.46745510549147,-0.115426276082222,-0.015972243372064,-0.0212099412463872,15.7405189024896,8.96454297134393,0.102109079662485,-6.72142903280882,-16.8194258810816,-0.258257732836864,7.37290410114427,-6.0761465818961,-2.81,0.118619730698828,-0.032095612521326,18.092887878418,17.9047386238723,0.16981735797448,1.11052321725498,176.080001831055,-35.7043427300546,-93.3296750577534,-176.080001831055,4.34203004837036,18.1700000762939,7.19000005722046,16.0599994659424,36.5,991.239169565196
5.3,-0.0332053469063214,-0.0479191275227017,0.485,-0.00302153930217726,0.223143907179015,-9.35019256688541,-0.112709770111788,-0.0156591099360944,-0.0177824919807428,-0.0782207258394674,-0.0229558607581952,-2.46765687516824,-0.132570797205872,0.0029794466959999,-0.0191129902723909,15.7323282791816,8.95418239169858,0.170774102376715,-6.71980707643904,-16.808587317072,-0.16817978948001,7.37349501396514,-6.07576594111549,-2.81,0.12297319447773,-0.0325111612167959,18.0830896699459,17.9107183698559,0.16981735797448,1.11052321725498,176.080001831055,-35.7043427300546,-93.3296750577534,-176.080001831055,4.34203004837036,18.1700000762939,7.19000005722046,16.0599994659424,36.5,991.245226958537
5.325,-0.0332074061099996,-0.0466254652177211,0.485,-0.0397288860764303,0.064736467517036,-9.33540087681331,-0.0994977294747785,-0.0170133233226149,-0.0171515621721835,-0.0824610623986219,-0.0230631085105373,-2.468404377389,-0.147774311267614,0.0238262262424413,-0.0154446766039179,15.7286157878094,8.95756058315817,0.134930776811888,-6.73200584186391,-16.800825217648,-0.240461778998431,7.37454951568238,-6.07508564703681,-2.81,0.118692696713221,-0.0327282440352767,18.0682818511271,17.9063932733893,0.16981735797448,1.11052321725498,176.080001831055,-35.7043427300546,-93.3296750577534,-176.080001831055,4.34203004837036,18.1700000762939,7.19000005722046,16.0599994659424,36.5,991.251284351877
5.35,-0.0335360994462659,-0.0412387057134024,0.485,-0.0760345368211845,0.105546214237513,-9.34434577259589,-0.111747140442179,0.0100789517090009,-0.0107214045861647,-0.0869958260481727,-0.0227630584592312,-2.46885195062146,-0.0736614888712552,0.00501376817334447,-0.00777828786285073,15.7269038382286,8.95008085355919,0.219123772493725,-6.73919299032105,-16.7937562386896,-0.201236389575657,7.37560401739962,-6.07440535295813,-2.81,0.120972262705026,-0.0335878540668587,18.0636405944824,17.9147320816044,0.16981735797448,1.11052321725498,176.080001831055,-35.7043427300546,-93.3296750577534,-176.080001831055,4.34203004837036,18.1700000762939,7.07999992370605,16.0809993743896,36.5,991.257341745218
5.375,-0.0319411832452639,-0.0377520159598093,0.485,-0.0496923504486685,0.13914708213677,-9.5398054644903,-0.0882700641036471,0.0283951000290408,-0.00736021431075354,-0.0884490237594215,-0.0219372651825821,-2.46911881750868,-0.120048167390278,0.0381896312863827,-0.00795920992115217,15.7246035318745,8.93590172268093,0.274459028294967,-6.74726203980518,-16.7819566887998,-0.170904217958981,7.37665851911687,-6.07372505887946,-2.81,0.12336636841844,-0.0345126117597919,18.0636405944824,17.9197149291375,0.169817171536387,1.11052318454654,176.084686279297,-35.9132466223439,-93.8592959688095,-176.084686279297,4.34104871749878,18.1700000762939,7.07999992370605,16.0809993743896,36.4984397888184,991.260110619687
5.4,-0.0319557311299334,-0.0352228644439544,0.485,0.00601257358157233,0.063453624946238,-9.67021857374836,-0.11286874143648,0.0278646055402163,-0.00616002419240036,-0.0912318111612257,-0.0217976089901559,-2.46928034948246,-0.0449917882870753,0.00196266493586488,-0.00138322410740643,15.7211976213656,8.95457738503737,0.264580708352608,-6.73780361025053,-16.791920944882,-0.209540536452914,7.3774168404236,-6.07323814772789,-2.81,0.121368197147775,-0.033767739737503,18.059637958517,17.9134585912014,0.169816870829786,1.110523131791,176.092254638672,-36.2501883849699,-94.7135232447625,-176.092254638672,4.3394660949707,18.1700000762939,7.07999992370605,16.0809993743896,36.495922088623,991.260863950331
5.425,-0.0317955465991709,-0.0344157732770057,0.485,-0.044121596000514,0.113197451028793,-9.70503573321391,-0.100110216438522,0.039590750211893,-0.000957705052944363,-0.0941063616938781,-0.0204645053985539,-2.46947086997013,-0.0140745772096055,0.0142320144021086,0.00449386380276755,15.7191585985897,8.91594039787065,0.346454817159043,-6.75839817088215,-16.7630767697726,-0.171121421391078,7.37801902575129,-6.07285318130859,-2.81,0.124554445765312,-0.0362155830828557,18.0540118757964,17.9187848829452,0.169816570123184,1.11052307903545,176.099792480469,-36.587130147596,-95.5677505206366,-176.099792480469,4.33788347244263,18.1700000762939,7.07999992370605,16.0809993743896,36.4934005737305,991.261617280974
5.45,-0.0300478563961436,-0.0307712903096404,0.484954678902989,0.0918328649610799,0.123923197010896,-10.0357391648426,-0.0897733370496296,0.0533143290947026,0.00516853301874655,-0.0948246992350566,-0.0191642059644877,-2.46950832582968,-0.112108640482242,0.0597181298876882,0.00386301085198673,15.7224464985493,8.89180128671079,0.391655900172252,-6.77331998716405,-16.7485012838188,-0.150630221546902,7.37862121107898,-6.0724682148893,-2.81,0.12681816971668,-0.037638431002767,18.0525283813477,17.9256065277009,0.169816269416583,1.11052302627991,176.107360839844,-36.9240719102221,-96.4219777965107,-176.107360839844,4.33630084991455,18.1700000762939,7.80000019073486,16.0270004272461,36.4908828735352,991.262370611618
5.475,-0.0292745148405475,-0.0261604678619762,0.484071793981226,0.12175112272986,0.159263288164774,-10.2606485092974,-0.0759388850784287,0.0480378477024517,0.00740437388785883,-0.0983343220338795,-0.0177350497188245,-2.46947972852896,-0.0111045412089919,0.0198892119079885,0.0138738752647655,15.7248423280892,8.89687995213433,0.410728548941906,-6.77141989637915,-16.754318757704,-0.185775722415754,7.37922339640666,-6.07208324847,-2.81,0.126182207511286,-0.0377472973113655,18.0525283813477,17.9230972249069,0.169816164169272,1.11052300781547,176.110000610352,-37.0420015269285,-96.7209573430785,-176.110000610352,4.33574676513672,18.1700000762939,7.80000019073486,16.0270004272461,36.4900016784668,991.264223190039
5.5,-0.0294268204680644,-0.0250628555805124,0.483188896430406,0.149703475573066,0.142304132311811,-10.349045028783,-0.0486116305924408,0.0495843358842801,0.0121539372767997,-0.0990482620279361,-0.0169675900403768,-2.46939213023036,0.00407008035111132,0.0153658443688134,0.0147172570781667,15.7230365074159,8.87130349131595,0.446559070398029,-6.78185194721156,-16.7359561861463,-0.166049249970506,7.37982558173435,-6.07169828205071,-2.81,0.127901797478379,-0.0392691795952014,18.0472086514874,17.9240057645466,0.169816164169272,1.11052300781547,176.110000610352,-37.0420015269285,-96.7209573430785,-176.110000610352,4.33574676513672,18.1700000762939,7.80000019073486,16.0270004272461,36.4900016784668,991.266667671108
5.525,-0.0278413122510307,-0.0241235972990728,0.482305998882255,0.232764706771104,0.183310320325566,-10.4720774712008,-0.0349761896062248,0.0378497968871232,0.0127844295100163,-0.097720961095619,-0.0158895640117907,-2.46912214577041,-0.0406823898324556,0.0483417260786981,0.0122406711825298,15.7288640048359,8.83237014871503,0.487777605774239,-6.80231933705681,-16.7140164712912,-0.126322418197033,7.38043531834607,-6.07130856667944,-2.81,0.130998776956002,-0.0413300690072122,18.0402199867691,17.9337638693418,0.169816164169272,1.11052300781547,176.110000610352,-37.0420015269285,-96.7209573430785,-176.110000610352,4.33574676513672,18.1700000762939,7.80000019073486,16.0270004272461,36.4900016784668,991.269112152176
5.55,-0.0275337051072062,-0.0244312044428973,0.481423113966975,0.209923172544296,0.177095106644513,-10.361556726461,-0.011427876878215,0.0235379741181239,0.0134983740880577,-0.099535175900636,-0.01534320187507,-2.46899243848236,0.031490667763774,0.00258947210978905,0.0168795370075458,15.7289521424755,8.81960404506821,0.456714754395408,-6.81098427154161,-16.7024495703074,-0.180585113184551,7.38107071771763,-6.07090271217035,-2.81,0.128391302318012,-0.0422713807413227,18.038724899292,17.9264618946943,0.169816164169272,1.11052300781547,176.110000610352,-37.0420015269285,-96.7209573430785,-176.110000610352,4.33574676513672,18.1700000762939,8.60999965667725,15.9899997711182,36.4900016784668,991.271556633245
5.575,-0.0272027022073385,-0.0257193643660305,0.48054022693589,0.258191776246282,0.25379684558011,-10.3690435200153,0.0268937638200808,0.017653760961006,0.0120047535854333,-0.0968698877106742,-0.0153915733933139,-2.46881992752227,0.0207882866456148,0.0323022470696096,0.0115794659266411,15.7295648593864,8.79700458251039,0.502099978187811,-6.8183359713515,-16.6900278232329,-0.108951915697586,7.38170611708919,-6.07049685766125,-2.81,0.132309451824915,-0.0432572131059297,18.038724899292,17.9363121626475,0.169815960585627,1.11052297164275,176.115142822266,-37.273031262456,-97.2992841953655,-176.115142822266,4.33467054367065,18.1580104827881,8.60999965667725,15.9899997711182,36.4900016784668,991.268063023949
5.6,-0.0268905445041084,-0.0263558137134025,0.479657327283616,0.15727604495732,0.196748515028141,-10.2269690585257,0.0382959097876631,0.0158382189456414,0.010137496116495,-0.0952054522642907,-0.0153032979113288,-2.46870678007146,0.0451377333192359,0.0338077775894492,0.00882979324494936,15.734721574477,8.78918168974301,0.477299424854469,-6.82654956744398,-16.6866090381153,-0.119550637437284,7.38234151646076,-6.07009100315215,-2.81,0.131793534191034,-0.0435291244851796,18.0363489194241,17.9399431100959,0.169815661197914,1.11052291844758,176.122695922852,-37.6127808725249,-98.1497648602847,-176.122695922852,4.33308839797974,18.1403789520264,8.60999965667725,15.9899997711182,36.4900016784668,991.261775019187
5.625,-0.0268875550480409,-0.0282338924427796,0.47877444026492,0.233409231175797,0.221693603424115,-10.1564695677015,0.0756917072157518,0.0120378699863632,0.00791621008585318,-0.0961183484156942,-0.0142167893159427,-2.46886934052297,0.0607236594948726,0.00463817904813758,0.00716627874785334,15.7429294485586,8.7522530913463,0.436907263928082,-6.861596506716,-16.6588805937536,-0.181219470895179,7.38300673935584,-6.06966659940586,-2.81,0.129142421434486,-0.0456755765874918,18.0334190301391,17.9429836350115,0.169815361810201,1.1105228652524,176.130249023438,-37.9525304825937,-99.0002455254405,-176.130249023438,4.33150577545166,18.122745513916,8.60999965667725,15.9899997711182,36.4900016784668,991.255487014424
5.65,-0.0275253674750902,-0.0301866646777634,0.477891549017632,0.175290998503286,0.157240221792446,-9.94966831830002,0.0885039729816749,0.0122484057843622,0.00561144453112434,-0.0908768460577345,-0.0151302464119462,-2.46865867553924,0.123139713650459,0.00870720400066301,0.00435075007027299,15.7417883912941,8.75298510832784,0.459177992742213,-6.8535520139442,-16.6627892653222,-0.0988594129721737,7.38379500684589,-6.06916566602431,-2.81,0.133040052292433,-0.0450768017263646,18.03293800354,17.9520805044048,0.169815062422488,1.11052281205723,176.137802124023,-38.2922800926626,-99.8507261904385,-176.137802124023,4.32992315292358,18.1051139831543,8.35999965667725,16.0450000762939,36.4900016784668,991.249199009662
5.675,-0.0262341202156472,-0.0320449529301926,0.477498361023801,0.235458630335394,0.237129872121667,-9.63288877895046,0.110347151348874,0.019958888131847,0.000720285234817475,-0.0915436085504961,-0.013653139080962,-2.46898950176581,0.0627759980984999,0.027847197957039,-0.00223324920686727,15.7500800156449,8.71640560797433,0.423484442382419,-6.89069645406138,-16.6346859296173,-0.160039669648148,7.38458327433594,-6.06866473264275,-2.81,0.130819608229018,-0.0471593584493833,18.03293800354,17.9568010795727,0.169814975600051,1.11052279663063,176.139999389648,-38.3908074802066,-100.097365583375,-176.139999389648,4.32946395874023,18.1000003814697,8.35999965667725,16.0450000762939,36.4900016784668,991.247462813139
5.7,-0.0256146740208832,-0.0301536570351664,0.479404181765557,0.120324889808077,0.185663201070372,-9.7893438038066,0.0975806683259775,0.0414898631321847,-0.00131227771611258,-0.0877671762139285,-0.0127818157439491,-2.46918429786331,0.11120897042292,0.036459692429458,-0.00341642439301081,15.7567635757457,8.73130506550656,0.421767932733,-6.8887574826563,-16.6497304750425,-0.143771247319593,7.38537154182599,-6.0681637992612,-2.81,0.132764888536505,-0.0458866390877963,18.0288902446065,17.967445240857,0.169814975600051,1.11052279663063,176.139999389648,-38.3908074802066,-100.097365583375,-176.139999389648,4.32946395874023,18.1000003814697,8.35999965667725,16.0450000762939,36.4900016784668,991.247585805898
5.725,-0.0252864617304856,-0.0330663630482454,0.481832143560058,0.200734083867564,0.262423299739052,-10.0511411492967,0.116772927487848,0.0601456157869102,-0.00553236215586803,-0.0828551202963881,-0.0120653230220576,-2.46934432640542,0.187448980032447,0.0423814931281669,-0.00321921824769994,15.7621637800388,8.74894189154036,0.439417217773348,-6.88216015438448,-16.6676195443934,-0.0959639221362804,7.38613912309328,-6.06767694740026,-2.81,0.136364182648032,-0.0443240791580687,18.0241873570594,17.9807991803247,0.169814975600051,1.11052279663063,176.139999389648,-38.3908074802066,-100.097365583375,-176.139999389648,4.32946395874023,18.1000003814697,8.25,16.0450000762939,36.4900016784668,991.247708798656
5.75,-0.0243266541941672,-0.0415841342110718,0.48425858668165,0.160360596220371,0.187530962413171,-10.1803799473867,0.113921942320256,0.065469044976405,-0.00802342571200797,-0.0826852321624756,-0.0120405424386263,-2.46934986114502,0.19008581340313,0.0425863042473793,-0.00321239768527448,15.7630186107302,8.70407918638396,0.421033235351566,-6.91180081836943,-16.6320787804071,-0.109471822219293,7.38682527840806,-6.06724552379426,-2.81,0.135429072188464,-0.0468036768336607,18.0236492156982,17.982192926183,0.169814975600051,1.11052279663063,176.139999389648,-38.3908074802066,-100.097365583375,-176.139999389648,4.32946395874023,18.1000003814697,8.25,16.0450000762939,36.4900016784668,991.247831791414
5.775,-0.0228899648656756,-0.0411072716196349,0.484437306255561,0.248078224157408,0.277097222361681,-10.4735072152612,0.115057604029002,0.0643247237591895,-0.01248513462102,-0.0801373649972356,-0.00953225240657992,-2.47003532296516,0.173265270243628,0.034769809358913,-0.00743118683247671,15.7635023532059,8.68878981448211,0.415758748946228,-6.93247770895962,-16.6156420275641,-0.130855048531262,7.38751143372284,-6.06681410018825,-2.81,0.136755825054421,-0.0473083687910837,18.0236492156982,17.9865971589656,0.169814754703795,1.11052275694087,176.1474609375,-38.644299999531,-100.724872947457,-176.1474609375,4.32852077484131,18.0981369018555,8.25,16.0450000762939,36.4900016784668,991.244029777777
5.8,-0.0224136045431862,-0.0409677549822791,0.483627992999531,0.198737150137839,0.164477587794773,-10.5867630749846,0.114862942366159,0.058088710410531,-0.0165659574298735,-0.0763743730062753,-0.00711313772849085,-2.47104615398759,0.148706026707295,0.0250619118937061,-0.0143191901803747,15.7638217324618,8.69349322936168,0.417990692740408,-6.94540389427854,-16.613034516521,-0.134407065407589,7.38819758903762,-6.06638267658224,-2.81,0.139101632186058,-0.0465060569390583,18.0159456123333,17.9956326387001,0.169814456195342,1.11052270330607,176.157531738281,-38.9868574584608,-101.572855871924,-176.157531738281,4.32724571228027,18.0956172943115,8.25,16.0450000762939,36.4900016784668,991.238848707838
5.825,-0.0201872538478619,-0.0454256134725833,0.482818673963003,0.268014132490676,0.223247804841287,-10.6750889599483,0.100415784676664,0.0414520111236644,-0.0226540736261453,-0.0705092857406538,-0.00638021403091352,-2.47183974978887,0.0941337371909319,0.0535358911190581,-0.0291215656386297,15.7605722603391,8.70902384806425,0.388112638845918,-6.94674166935208,-16.6168681661529,-0.125850339439855,7.38892003610869,-6.06592906046505,-2.81,0.140594588108878,-0.0448644046192858,18.0074842774898,18.0010603005943,0.169814157686888,1.11052264967127,176.167602539062,-39.3294149159725,-102.42083879639,-176.167602539062,4.32597064971924,18.0930976867676,8.43000030517578,16,36.4900016784668,991.2336676379
5.85,-0.0195572302752238,-0.048249218754385,0.482009354934958,0.249145792765058,0.175868218009729,-10.6143854846536,0.101945711746691,0.0223993068609796,-0.0290433904430891,-0.0718890096977592,-0.00569147538087789,-2.47297039680669,0.0835203085238266,-0.000604017636487504,-0.0297325366221909,15.7513822506138,8.72299863881227,0.311986020242768,-6.95358803272004,-16.609959357314,-0.225714319634885,7.38965200078916,-6.0654696243029,-2.81,0.135756952606571,-0.0441637949113967,18.0069370269775,17.9887000882826,0.169813859178434,1.11052259603646,176.177673339844,-39.6719723749023,-103.268821720857,-176.177673339844,4.3246955871582,18.0905799865723,8.43000030517578,16,36.4900016784668,991.228486567961
5.875,-0.019873158977443,-0.0473054365964449,0.481271601320903,0.270735091543052,0.130347850340333,-10.6160881063745,0.0622974655805089,0.00162191608346913,-0.0339387521886401,-0.0695190119109825,-0.00634043587356474,-2.47362501418933,0.086157639299901,-0.00288722898460702,-0.0332425966074798,15.7449481264085,8.73681338907535,0.310673070317409,-6.95050192124409,-16.6127505594945,-0.197127740914962,7.39038396546963,-6.06501018814075,-2.81,0.136838731736238,-0.0430296867804398,18.0069370269775,17.9928579275091,0.169813790521489,1.11052258370046,176.179992675781,-39.7507605913071,-103.463857793496,-176.179992675781,4.32440233230591,18.0900001525879,8.43000030517578,16,36.4900016784668,991.231296183781
5.9,-0.019873158977443,-0.0473054365964449,0.481,0.206688029798242,0.22756956357691,-10.5120224539115,0.0600211942167056,-0.00856819695727113,-0.0358478894661914,-0.0671490141242058,-0.00698939636625162,-2.47427963157197,0.0887949700759754,-0.00517044033272662,-0.0367526565927689,15.7404142655204,8.74150911247293,0.317909068262387,-6.95414011909498,-16.60994396893,-0.159328410291435,7.39111593015009,-6.0645507519786,-2.81,0.138374676375936,-0.0423921554107483,18.0022507050176,18.0004930236651,0.169813790521489,1.11052258370046,176.179992675781,-39.7507605913071,-103.463857793496,-176.179992675781,4.32440233230591,18.0900001525879,7.69999980926514,16.0270004272461,36.4900016784668,991.236492627814
5.925,-0.0203555546230076,-0.0494095633752588,0.481,0.219972243783378,0.130823792300163,-10.4230029778641,0.0541840550816291,-0.0197472440963348,-0.0403157619407459,-0.0648581609559748,-0.00761897151771168,-2.47494582970972,0.0899403650640741,-0.00770055058854378,-0.0402519532498885,15.7360465894144,8.74703821519313,0.32223659584013,-6.95775181605068,-16.6075773450918,-0.125461623636523,7.3917875162351,-6.06413082899059,-2.81,0.13970739730345,-0.0417147936045651,17.9973701313701,18.0077841441103,0.169813790521489,1.11052258370046,176.179992675781,-39.7507605913071,-103.463857793496,-176.179992675781,4.32440233230591,18.0900001525879,7.69999980926514,16.0270004272461,36.4900016784668,991.241689071848
5.95,-0.022724282179731,-0.0565158083000435,0.481,0.148706432278133,0.192943252133806,-10.2771517311506,0.0360766031503519,-0.0313492607456371,-0.0415596394059035,-0.0662003640565379,-0.00800589590229506,-2.47643254008513,0.0436242287494474,-0.0379226661444268,-0.0429801037920868,15.7146890714707,8.7812643526877,0.197109721672414,-6.95078201109896,-16.6048416954411,-0.258399285383255,7.39244032387049,-6.06372319506204,-2.81,0.132112332855182,-0.0398627803587555,17.9972972869873,17.982043054009,0.169813790521489,1.11052258370046,176.179992675781,-39.7507605913071,-103.463857793496,-176.179992675781,4.32440233230591,18.0900001525879,7.69999980926514,16.0270004272461,36.4900016784668,991.246885515881
5.975,-0.0236741028035005,-0.0526654215011709,0.481,0.174259865984304,0.107110266191681,-10.2289582656999,0.0251227149257398,-0.0562371001812626,-0.047128106209812,-0.0672878623008728,-0.0090814121067524,-2.47806859016418,-0.0238568764179945,-0.0577140897512436,-0.0486844219267368,15.692267843836,8.80759055001194,0.151612900270535,-6.94686031019099,-16.5980720392996,-0.298402848162653,7.39309313150587,-6.0633155611335,-2.81,0.128935344715464,-0.0383605824870559,17.997314678932,17.9700717588276,0.169813553121541,1.11052254008921,176.188064575195,-40.0292991157776,-104.138247748109,-176.188064575195,4.32320642471313,18.0738792419434,7.69999980926514,16.0270004272461,36.4879837036133,991.244628598768
6,-0.0236823612735566,-0.0511030773122233,0.481102179176248,0.0672642000473626,0.110395587772602,-10.3472218483209,-0.00677635025968502,-0.0562839838532138,-0.0474864241777332,-0.0674086667930902,-0.0109132715684642,-2.47962547874334,-0.0677849380754352,-0.0476242144776238,-0.0525790263673409,15.6823079800762,8.84024133225306,0.144912977134218,-6.94561984270545,-16.6067992168817,-0.279705087857674,7.39374593914126,-6.06290792720495,-2.81,0.128216450223371,-0.0363494957371053,17.9990625693756,17.9775817866734,0.169813256371605,1.11052248557515,176.198135375977,-40.377472269593,-104.981235191512,-176.198135375977,4.32171154022217,18.0537281036377,7.69999980926514,16.0270004272461,36.485466003418,991.240508341369
6.025,-0.0255941106909847,-0.0514566270223062,0.481787055513748,0.118986743914254,0.201911006087366,-10.5397883301493,-0.0158287563090452,-0.0515526503084472,-0.0497073566862113,-0.0642851917533654,-0.014385307609002,-2.48099012738041,0.0539041699017917,-0.0714998609595071,-0.0509150900874028,15.6721828148589,8.87240365125955,0.0881370910730459,-6.94303398431599,-16.6154477172805,-0.256525100167674,7.39446874217819,-6.0624603874357,-2.81,0.126215886291129,-0.0339867967395198,18.0007495880127,17.9847090629837,0.169812959621669,1.11052243106108,176.208221435547,-40.7256454248266,-105.824222634837,-176.208221435547,4.32021713256836,18.033576965332,7.69999980926514,16.0270004272461,36.4829483032227,991.23638808397
6.05,-0.027484093300176,-0.0523419779573128,0.482758230975574,0.13036715850373,0.0743368657197794,-10.3174823760358,-0.030161245236818,-0.0726116256067859,-0.0532454463548809,-0.0661194872295598,-0.0144484724321642,-2.48152558298806,-0.00267374324364573,-0.0720747159778725,-0.0518038993893606,15.6581804965078,8.84074516027888,0.0388166316137878,-6.96352488817852,-16.5754756550693,-0.319102054249549,7.39519393938624,-6.06201148269947,-2.81,0.122577767383869,-0.0359403230962071,18.0007495880127,17.969705279968,0.169812662871733,1.11052237654702,176.218292236328,-41.073818578642,-106.667210078162,-176.218292236328,4.31872224807739,18.0134258270264,7.15000009536743,16.0510005950928,36.4804306030273,991.23226782657
6.075,-0.030361995938539,-0.050475186838188,0.48372942262516,0.0846015623896768,0.0984623192469719,-9.94674971946952,-0.0350502385595439,-0.10398876071543,-0.0500012700409552,-0.0665588521334634,-0.0188067366847518,-2.48342945020742,0.00422604776820323,-0.124210388404334,-0.0506871310832212,15.6389759261548,8.89407221124726,0.0167564510350907,-6.94979831041439,-16.5922851013909,-0.280620482330418,7.39591913659429,-6.06156257796325,-2.81,0.12052434949829,-0.0327572677625357,18.0000630001577,17.9748014364344,0.169812612424244,1.11052236727963,176.220001220703,-41.1330080152161,-106.8105179435,-176.220001220703,4.31846809387207,18.0100002288818,7.15000009536743,16.0510005950928,36.4799995422363,991.23769242217
6.1,-0.0325775071194173,-0.0434757386350111,0.484655402418894,0.079274789812585,0.115092628746791,-9.54955145197286,-0.0420101471606608,-0.12675260609057,-0.0477964699189234,-0.070576769247624,-0.0195560622623716,-2.48430238028995,-0.0750498675207628,-0.134894193717621,-0.050976221971482,15.6299546618916,8.87631662293048,-0.0343985051012609,-6.97310482419451,-16.5630857775843,-0.354487539459479,7.39661089385144,-6.06113179745116,-2.81,0.1154819313322,-0.0341290247730899,17.9885626535872,17.9668947974368,0.169812612424244,1.11052236727963,176.220001220703,-41.1330080152161,-106.8105179435,-176.220001220703,4.31846809387207,18.0100002288818,7.15000009536743,16.0510005950928,36.4799995422363,991.245071987661
6.125,-0.0333893975033614,-0.0429877780981339,0.485,-0.0147309236986954,0.102540604470278,-9.0857037430655,-0.042374622434342,-0.126794234151175,-0.0483322601313418,-0.0720729987177129,-0.0244665024672793,-2.48613810417646,-0.0726553681329776,-0.115248326052692,-0.0485213426077251,15.6154172681805,8.92381835014007,-0.018520072650234,-6.96425662934394,-16.5800330530694,-0.27886727764406,7.39728229936694,-6.06071204744351,-2.81,0.114858378111486,-0.0313723543324769,17.9780349731445,17.9810051909915,0.169812612424244,1.11052236727963,176.220001220703,-41.1330080152161,-106.8105179435,-176.220001220703,4.31846809387207,18.0100002288818,7.15000009536743,16.0510005950928,36.4799995422363,991.252451553152
6.15,-0.0360713993651951,-0.0444534081517006,0.485,-0.11042126261013,0.0277254374231332,-8.59837855469968,-0.0304965473333838,-0.094235238682579,-0.0441511631676993,-0.0689095467414727,-0.0268010828360659,-2.4866282601955,-0.0368671788355943,-0.0835807906516589,-0.0443893547536125,15.6093074589779,8.93580781833348,-0.0277811561724829,-6.95949274459819,-16.5835758952118,-0.224463300710576,7.39795370488244,-6.06029229743587,-2.81,0.115675727596634,-0.0302498970222688,17.9780349731445,17.9877949246787,0.169812612424244,1.11052236727963,176.220001220703,-41.1330080152161,-106.8105179435,-176.220001220703,4.31846809387207,18.0100002288818,7.17000007629395,16.0599994659424,36.4799995422363,991.259831118644
6.175,-0.0373462950037159,-0.0434405983145534,0.485,-0.0523722010519222,0.129596784793315,-8.40491402916197,-0.0362389082504768,-0.0712895913732923,-0.0386633456006857,-0.0734622774642213,-0.0284268077971735,-2.48814673409973,-0.0417495384483417,-0.0781095962099342,-0.0392880517098306,15.6034135937854,8.92767389361384,-0.067822346945564,-6.99061916155845,-16.5598254368202,-0.279109369747596,7.39862511039794,-6.05987254742823,-2.81,0.110780286848142,-0.0310260688112328,17.9770159493165,17.9917972637472,0.169812358353544,1.11052232039754,176.237335205078,-41.4324369280646,-107.532265059444,-176.237335205078,4.31956481933594,18.0035018920898,7.17000007629395,16.0599994659424,36.4799995422363,991.253499758934
6.2,-0.0376623491061326,-0.0421943181542421,0.485,-0.0755416278771788,0.0935354594790822,-8.34558286195311,-0.015628253346312,-0.056984413406813,-0.0394772635560754,-0.0738617652985857,-0.0293133056570236,-2.48886294913851,-0.0387976870553384,-0.0601959870622915,-0.0368151660608153,15.5994395993595,8.93223930950547,-0.0297715231522452,-6.99442593414642,-16.5575598713593,-0.231340005235042,7.39928598600807,-6.05945971889845,-2.81,0.112519751071831,-0.0307097749196069,17.9677057770698,18.0010704409515,0.169812062922496,1.11052226588348,176.257476806641,-41.7806100832982,-108.371505891893,-176.257476806641,4.32083988189697,17.9959449768066,7.17000007629395,16.0599994659424,36.4799995422363,991.244936388146
6.225,-0.0381314348965612,-0.0423723702758704,0.485,-0.142650338095169,-0.0512747485835439,-8.44167033517988,-0.0329866450974319,-0.0258463317876656,-0.0336402056772347,-0.0709467087614868,-0.0309031852549674,-2.48973575305627,-0.0614580259435516,0.00616157699805694,-0.030114977210298,15.5895638533652,8.95183062452507,0.0238227278882421,-6.98403219765658,-16.5643303060759,-0.128825323639131,7.39983497854266,-6.05912043293183,-2.81,0.116775529558671,-0.0291499610619223,17.9596462249756,18.0123226449701,0.169811767491449,1.11052221136941,176.277633666992,-42.1287832371137,-109.210746724342,-176.277633666992,4.32211446762085,17.9883880615234,7.17000007629395,16.0599994659424,36.4799995422363,991.236373017357
6.25,-0.0373383086334146,-0.0424975914557459,0.485,-0.03435582747361,0.135025273508365,-8.65552798115549,-0.0446469241531741,0.0105403461977862,-0.0271624590864489,-0.0748162438940728,-0.0301907464714852,-2.49071632391734,-0.030129016407199,0.00668181302910783,-0.0258224612667941,15.5997880220261,8.94185386287216,0.0122488967915619,-7.01743893713391,-16.5539006642183,-0.184960631957172,7.40038397107725,-6.05878114696521,-2.81,0.114080808273758,-0.0300131501441538,17.9596462249756,18.0253150534946,0.169811472060402,1.11052215685535,176.297790527344,-42.4769563909291,-110.049987556869,-176.297790527344,4.32338905334473,17.9808311462402,7.1399998664856,16.0739994049072,36.4799995422363,991.227809646568
6.275,-0.0355910074424211,-0.0407747745580024,0.485,-0.0228980944259721,0.0914665940827383,-8.93174944882409,-0.0433638075309881,0.0309444319988614,-0.0250755856813114,-0.0724111996395502,-0.0302760412749388,-2.49096488115189,-0.0488732477743126,0.0484911728181343,-0.0237327955094799,15.5962198294809,8.94255234381203,0.0785311165085951,-7.01235344738538,-16.5540059748841,-0.0962696214678032,7.40093296361184,-6.0584418609986,-2.81,0.118978949019231,-0.029656458145265,17.9588186374539,18.0350775934423,0.169811439562987,1.1105221508588,176.300003051758,-42.5152554391251,-110.142304048398,-176.300003051758,4.3235297203064,17.9799995422363,7.1399998664856,16.0739994049072,36.4799995422363,991.226552968061
6.3,-0.0351177489046183,-0.0409251074399975,0.485,-0.0474027570708907,0.072968599356501,-9.20694909687345,-0.054416765663521,0.0374219083638887,-0.0211840442003318,-0.0730934783417968,-0.0292894097569116,-2.49147998397583,-0.061421434559196,0.0638943279241347,-0.0203993431458828,15.5947939997311,8.94138333900427,0.0752667753374646,-7.02096529436252,-16.5482027713636,-0.120964332487259,7.40148195614643,-6.05810257503198,-2.81,0.118554799526128,-0.0297471427887362,17.9536203533336,18.0355232705887,0.169811439562987,1.1105221508588,176.300003051758,-42.5152554391251,-110.142304048398,-176.300003051758,4.3235297203064,17.9799995422363,7.1399998664856,16.0739994049072,36.4799995422363,991.226199363881
6.325,-0.0338564419456025,-0.0377527700719764,0.484602831317507,-0.044448529698253,0.083986710611436,-9.39319457133472,-0.0282832046334554,0.0509467174483553,-0.0148027205008725,-0.0774878351672188,-0.027199559619959,-2.49237635704658,0.00502426007792591,0.0344085260748904,-0.0129204431188403,15.5904680148437,8.93991554373363,0.129582036058918,-7.0317266157356,-16.5389592921415,-0.138638701193709,7.40188548452676,-6.05785533079351,-2.81,0.119519124967117,-0.0302348320981658,17.9493789672852,18.0365980633318,0.169811439562987,1.1105221508588,176.300003051758,-42.5152554391251,-110.142304048398,-176.300003051758,4.3235297203064,17.9799995422363,7.1399998664856,16.0739994049072,36.4799995422363,991.225845759702
6.35,-0.0325819189714668,-0.035856780309912,0.483822968065605,0.0383185427665731,0.0798891777975867,-9.76780110999113,-0.0292643607944983,0.0589598865740656,-0.011465169606111,-0.0767075066149546,-0.0253579523731411,-2.49274652619699,-0.0414056469482435,0.0735271357884489,-0.00817455303805278,15.5886914108366,8.93303716333508,0.213820086514532,-7.03434022248231,-16.5337370062425,-0.0759614111965618,7.40228842539992,-6.05760845829731,-2.81,0.124813851629838,-0.0304881584393205,17.9493789672852,18.0455114384434,0.169811439562987,1.1105221508588,176.300003051758,-42.5152554391251,-110.142304048398,-176.300003051758,4.3235297203064,17.9799995422363,7.09999990463257,16.0790004730225,36.4799995422363,991.225492155522
6.375,-0.0313213239050758,-0.0349053650988348,0.483013647467439,0.039029388668059,0.0781865431953739,-10.0732070521472,-0.0129561757068465,0.0676793912299273,-0.00879872287553897,-0.078019711378734,-0.0239373253484399,-2.49302743486416,0.0498921806868983,0.0423155326430573,-0.00166910377947453,15.5898047025312,8.92361922101469,0.219997894934616,-7.04562366760037,-16.5248294258659,-0.102904417248708,7.40269136627309,-6.05736158580111,-2.81,0.124645238652224,-0.0311388515269419,17.948194287586,18.0457767024585,0.169811167766423,1.11052210151479,176.309265136719,-42.8304083004897,-110.914405614216,-176.309265136719,4.32324695587158,17.9823169708252,7.09999990463257,16.0790004730225,36.4799995422363,991.234586855026
6.4,-0.0313178976973491,-0.0345889671150166,0.482204323002041,0.0701644808734374,0.0451794002215714,-10.4874432195782,-0.014532018186461,0.0764250916176679,-0.00239810752403704,-0.0779202390250214,-0.0224624897300113,-2.49320361011632,0.0555785399275155,0.0383523480115337,0.00138522084607395,15.5919399651447,8.90790686251218,0.262665299329423,-7.05672817003913,-16.514368896181,-0.0812225483927401,7.40309430714626,-6.05711471330491,-2.81,0.127227610079279,-0.0319824086707365,17.9425247490256,18.05233662154,0.169810872335376,1.11052204787998,176.319351196289,-43.1729657594195,-111.753646446744,-176.319351196289,4.32293891906738,17.9848365783691,7.09999990463257,16.0790004730225,36.4799995422363,991.244503146155
6.425,-0.0294099341246964,-0.0342707167541709,0.481394998552822,0.196781468078499,0.167191990574438,-10.9534260457821,-0.0141025190710142,0.0665942741910971,0.00138056217172799,-0.0770771933722354,-0.0203398926176064,-2.49333553833776,-0.0697911155373697,0.081515439818964,-0.000884036867953544,15.5904520094385,8.88089264383035,0.286386039287793,-7.07195880241206,-16.4922794428199,-0.0811323010466762,7.4036670763278,-6.05675942065189,-2.81,0.129276381241451,-0.0333923700961904,17.9381809234619,18.0524386616518,0.169810576904329,1.11052199424518,176.32942199707,-43.5155232183493,-112.592887279271,-176.32942199707,4.32263135910034,17.9873542785645,7.09999990463257,16.0790004730225,36.4799995422363,991.254419437284
6.45,-0.0278340110494469,-0.0330055486811974,0.482242912631476,0.208159356653786,0.0533149726277538,-10.9783591230827,-0.00420778387530649,0.0442007653467319,0.00235569082355991,-0.078335769474882,-0.0198663980955035,-2.49334877650235,0.0249278711726847,0.0183020256596015,0.00751692362872081,15.5816390914577,8.90378753699002,0.242656648872285,-7.05460881335274,-16.5025813635446,-0.145238974442725,7.4042837417852,-6.05637610416023,-2.81,0.126339042704997,-0.0323020950210484,17.9381809234619,18.0356239028635,0.169810281473282,1.11052194061038,176.339492797852,-43.858080675861,-113.432128111799,-176.339492797852,4.32232332229614,17.9898738861084,7.80000019073486,16.0709991455078,36.4799995422363,991.264335728412
6.475,-0.0276731249986468,-0.03221210801293,0.484199693046615,0.156767705007722,0.0852897821590015,-10.8651345454742,-0.00670224757873896,0.0228258504502369,0.00801332938372627,-0.0775299746027557,-0.0194059759822753,-2.49332906385458,-0.0588692892163666,0.0379942627037872,0.00436652036773177,15.5831563872565,8.88044220525341,0.268126026210614,-7.06754948981284,-16.4865012332762,-0.118023771750681,7.4049004072426,-6.05599278766856,-2.81,0.128212375434249,-0.0335061527326498,17.9373162651542,18.0414536130028,0.169810266701729,1.11052193792864,176.339996337891,-43.8752085488075,-113.474090153374,-176.339996337891,4.32230806350708,17.9899997711182,7.80000019073486,16.0709991455078,36.4776077270508,991.253629208812
6.5,-0.0275163847738561,-0.0320553677881394,0.483600763326877,0.254184386378991,0.111146764255079,-10.8123173145323,0.00350466765771847,-0.00143206651045001,0.00815245691299182,-0.077890219035177,-0.0199129741995357,-2.49310952870449,-0.018839142960546,0.000369343331618876,0.00980956180158898,15.5773267375595,8.88162463660502,0.250470996411017,-7.05987182011165,-16.4845417547695,-0.131122893252951,7.4055170727,-6.0556094711769,-2.81,0.127028591288879,-0.0335231263566966,17.9339740282342,18.0329278529331,0.169810266701729,1.11052193792864,176.339996337891,-43.8752085488075,-113.474090153374,-176.339996337891,4.32230806350708,17.9899997711182,7.80000019073486,16.0709991455078,36.4750900268555,991.241837278121
6.525,-0.0281583441448608,-0.0323755804778654,0.481982114423541,0.174583855903661,0.0777752101321263,-10.497544131866,-0.00190771996505627,-0.0146646340333822,0.011005977638464,-0.0784894975720823,-0.0206182903049291,-2.49284903061882,0.0465751813749477,-0.0490053987970599,0.0170142302655601,15.571933660402,8.89267936205359,0.218548622090249,-7.04699040298952,-16.4902247644219,-0.158243924026636,7.40613953428038,-6.05522385025181,-2.81,0.124903703886813,-0.033025404244909,17.9315795898438,18.0225974639839,0.169810266701729,1.11052193792864,176.339996337891,-43.8752085488075,-113.474090153374,-176.339996337891,4.32230806350708,17.9899997711182,8.67000007629395,15.9930000305176,36.4725685119629,991.23004534743
6.55,-0.0300540203769603,-0.0333211536909814,0.480522606310986,0.279164785651784,0.136027858383496,-10.3402900460031,0.00446304336289917,-0.0184507323269596,0.0132373918229771,-0.0785079598426819,-0.0206400193274021,-2.49284100532532,0.0485904328525066,-0.0505265109241009,0.0172361880540848,15.5834724490069,8.85091709181518,0.20803137111916,-7.08183308325173,-16.4635058907488,-0.165039246097613,7.40678132905209,-6.05483054280032,-2.81,0.124226342708852,-0.0353268342158157,17.9315795898438,18.0348631122361,0.169810266701729,1.11052193792864,176.339996337891,-43.8752085488075,-113.474090153374,-176.339996337891,4.32230806350708,17.9899997711182,8.67000007629395,15.9930000305176,36.4700508117676,991.218253416739
6.575,-0.0305387511323154,-0.0290194312169783,0.479308637591158,0.141707145366863,0.0702199801181607,-10.1232664806639,0.00819898953744096,-0.0184385482547972,0.0161407627559973,-0.0789796887492822,-0.0209866021606971,-2.49255850731265,0.0203379712529847,-0.0400270179200203,0.0174840479792855,15.5865964835853,8.83859291734551,0.18186116200122,-7.0890176829298,-16.456182791417,-0.18885023031164,7.4074231238238,-6.05443723534882,-2.81,0.122479103263509,-0.0361017882008361,17.9332021045445,18.0336777389425,0.169809978040977,1.11052188407402,176.349884033203,-44.2191699321678,-114.294098383431,-176.349884033203,4.32071399688721,17.9850635528564,8.67000007629395,15.9930000305176,36.4700012207031,991.220141970541
6.6,-0.0306980302903184,-0.0276059151030286,0.478094657333329,0.199551352291652,0.134027662355407,-9.96990473085606,0.00660869617486581,-0.0161492826377066,0.0172691959556266,-0.0788455622429755,-0.021602750453761,-2.49205304887543,0.000707573337751583,-0.0315687745694791,0.0189935365284312,15.5892806207603,8.83482611308757,0.181009256760569,-7.08518528623706,-16.458458474576,-0.178552996854695,7.40806491859551,-6.05404392789733,-2.81,0.12242094782674,-0.0363557445963554,17.9384621925258,18.0341525137552,0.169809683489189,1.11052182912033,176.359954833984,-44.5701509362624,-115.130841475348,-176.359954833984,4.31908750534058,17.9800243377686,8.67000007629395,15.9930000305176,36.4700012207031,991.222309717904
6.625,-0.0310165608592849,-0.0292108341760019,0.477152042352034,0.113805700274106,0.140031588046062,-9.72537553414691,0.0181391339879163,-0.0149379284977261,0.0187064591246674,-0.0740524923861647,-0.0236346460195593,-2.49132671283979,0.0689090568785268,-0.0194272549153286,0.0194168168122572,15.6020855518715,8.81771282220412,0.160264127905426,-7.09307786060754,-16.4583037575303,-0.123699077190795,7.40873711569928,-6.05363192636406,-2.81,0.123441210084944,-0.0368068067606874,17.9419689178467,18.0492671920271,0.169809388937401,1.11052177416663,176.370025634766,-44.9211319375206,-115.967584567108,-176.370025634766,4.31746053695679,17.9749870300293,8.53999996185303,15.9899997711182,36.4700012207031,991.224477465267
6.65,-0.0313222448563953,-0.0320383819427969,0.477,0.182707947846265,0.24234566865978,-9.95897985763819,0.0465740253010087,-0.0113358131152355,0.0187155054377479,-0.0753946683126115,-0.0224553893310857,-2.49122793286353,0.0323839957732967,-0.00201188074550897,0.0169324670764909,15.6123593284748,8.7794597850991,0.116310313066349,-7.12594989786291,-16.4323207124851,-0.194628013642435,7.40941726271919,-6.053215036509,-2.81,0.120423012550801,-0.0391044855316078,17.9419689178467,18.0511191828383,0.169809097331131,1.11052171976248,176.380004882812,-45.2686031305389,-116.795960228095,-176.380004882812,4.31585025787354,17.9699993133545,8.53999996185303,15.9899997711182,36.4700012207031,991.226596784231
6.675,-0.0316440059431318,-0.0339684731149604,0.477,0.130565148526396,0.215667424802184,-10.2513242591405,0.079990618592275,0.00514796902369144,0.0210960686593781,-0.0717267649559323,-0.0236346190778401,-2.49077542176001,0.132765043487735,-0.00342268275455196,0.0207087631988005,15.6187816142428,8.78745910214739,0.135471999261032,-7.11600058071205,-16.4478248944663,-0.125384305972439,7.41009740973909,-6.05279814665394,-2.81,0.123199644120451,-0.0382651397634296,17.9378898630214,18.0629805220662,0.169809097331131,1.11052171976248,176.380004882812,-45.2686031305389,-116.795960228095,-176.380004882812,4.31585025787354,17.9699993133545,8.53999996185303,15.9899997711182,36.4700012207031,991.223921691741
6.7,-0.0319538655467506,-0.0352357825577776,0.477,0.167764708991937,0.190726398713267,-10.3947051636065,0.0991305113694802,0.0224377645912527,0.0186594470729277,-0.0693615341936413,-0.023242324255164,-2.49047461778606,0.157937547672437,0.00477164982025539,0.0187978132172067,15.6298843492824,8.75669823634908,0.110595881805108,-7.13882639772009,-16.4318197307162,-0.133184923903936,7.410777556759,-6.05238125679887,-2.81,0.123058744335326,-0.039720796608903,17.9265025016343,18.0717751540252,0.169809097331131,1.11052171976248,176.380004882812,-45.2686031305389,-116.795960228095,-176.380004882812,4.31585025787354,17.9699993133545,8.53999996185303,15.9899997711182,36.4700012207031,991.22124659925
6.725,-0.0305125440915419,-0.0388670762066116,0.477,0.12392516705252,0.118336108076029,-10.4015507704237,0.0890165018441264,0.0377072907456095,0.0147274106844316,-0.0682607690030863,-0.0208068088603499,-2.4903703811034,0.0219548350351781,0.0462583901732129,0.00882781149745058,15.6503296165831,8.72397037473765,0.0577774030189779,-7.17539968675679,-16.416840381397,-0.211673480443403,7.41146328847107,-6.05196239404638,-2.81,0.120942412738033,-0.0414195853898378,17.9194774627686,18.0819956822517,0.169809097331131,1.11052171976248,176.380004882812,-45.2686031305389,-116.795960228095,-176.380004882812,4.31585025787354,17.9699993133545,7.55999994277954,16.0590000152588,36.4700012207031,991.21857150676
6.75,-0.029099550571702,-0.038093677267295,0.476810769867526,0.128110713729071,0.131213036603499,-10.3912107793249,0.0485779735941271,0.0324083371817054,0.010906816479692,-0.0668572089401626,-0.0210601900948092,-2.49011553954336,0.0894518780391006,0.010999741890767,0.0123060271660263,15.6479069039786,8.75612392146184,0.0394148804969987,-7.15030860570032,-16.4424657471165,-0.216002626212429,7.41216585980159,-6.05153758238231,-2.81,0.120653361905742,-0.0395203825148365,17.9194774627686,18.0766665361255,0.169809085549059,1.11052171754675,176.380401611328,-45.2827546836361,-116.829429951737,-176.380401611328,4.31579732894897,17.9703006744385,7.55999994277954,16.0590000152588,36.4700012207031,991.216123950872
6.775,-0.0300439140479268,-0.0396702958632584,0.475596792483958,0.0500550783764544,0.160563141369988,-10.295143979819,0.0473837672971866,0.0223432647038724,0.00765587363031125,-0.0655513761716899,-0.021006791742293,-2.49001576095127,0.118195064902094,-0.00745743302024331,0.0116512989262113,15.6456873642241,8.74460463569261,0.0424801643764501,-7.153061459793,-16.4332130669395,-0.201662953903554,7.41286843113212,-6.05111277071823,-2.81,0.121523661562968,-0.0400214494447025,17.9212940177629,18.0764416380598,0.169808790997271,1.11052166215342,176.390487670898,-45.6365435351734,-117.666173043733,-176.390487670898,4.31447839736938,17.9778594970703,7.55999994277954,16.0590000152588,36.4700012207031,991.219137273447
6.8,-0.0300329251130783,-0.0434748560291965,0.47438281510039,0.11195033085105,0.166782702454327,-10.2834965346903,0.045786862411654,0.0184393274330937,0.00652727560346579,-0.0643075875074698,-0.0206449869186937,-2.48999169479773,0.114031162892962,-0.0137631448756443,0.00850710063480567,15.6461478126634,8.71971315823227,0.0460898873071217,-7.16723738429372,-16.4143714631006,-0.19126150633407,7.41357121588833,-6.05068780932808,-2.81,0.122412782399041,-0.0412553773510693,17.9257467928101,18.0793724893543,0.169808496445483,1.1105216067601,176.40055847168,-45.9903323867108,-118.502916135572,-176.40055847168,4.31315994262695,17.9854164123535,7.55999994277954,16.0590000152588,36.4700012207031,991.222150596023
6.825,-0.0284557547066195,-0.0425410055827405,0.473205464008292,0.024305940956555,0.212958998449398,-10.2825744027376,0.0431281480954665,0.0175624532734265,0.000622403417456865,-0.06288648539216,-0.0196055530149354,-2.49008191419536,0.121076085135264,-0.00480908797898769,0.00427096103096439,15.6503147699389,8.74444527313605,-0.0140611769183736,-7.15952017888681,-16.4339061514969,-0.25665669997228,7.41429511709373,-6.05024803396148,-2.81,0.119954928053342,-0.0397255945593876,17.9282722473145,18.0758405113293,0.169808201893695,1.11052155136678,176.410629272461,-46.3441212354118,-119.339659227489,-176.410629272461,4.31184101104736,17.9929733276367,7.07999992370605,16.056999206543,36.4700012207031,991.225163918598
6.85,-0.0281234834061828,-0.0447488491201457,0.472651627151507,-0.0324787142050986,0.177022752805606,-10.3657744760912,0.0651571745773645,0.0356846178621773,0.00191438887438537,-0.060867223185951,-0.0183159717648222,-2.49032825393776,0.0388557966081229,0.0375768795153809,-0.00300003143493364,15.6528626098499,8.71544382638455,-0.000701063463078386,-7.18122026052064,-16.4116290082158,-0.244086730014277,7.41501901829914,-6.04980825859488,-2.81,0.121884344753627,-0.0410546665292744,17.9282722473145,18.0831811703839,0.169807927960532,1.11052149985099,176.419998168945,-46.6731448672565,-120.117830302974,-176.419998168945,4.31061410903931,18,7.07999992370605,16.056999206543,36.4701766967773,991.22832575493
6.875,-0.027815278663772,-0.0460303342457074,0.472246960497759,0.055771581083189,0.319753134125327,-10.4511651074421,0.0701579871784497,0.0329580550578438,-0.00289315711125818,-0.0579825496412543,-0.0183566605105432,-2.49044058508903,0.168192862784908,0.00319450639838654,-0.000892341943959714,15.6527976211897,8.73278730995903,-0.0274339177838131,-7.17259633038273,-16.4245463605915,-0.246046582800734,7.41574291950455,-6.04936848322827,-2.81,0.121894519769582,-0.0397302347893863,17.9270386107322,18.0841868819778,0.169807927960532,1.11052149985099,176.419998168945,-46.6731448672565,-120.117830302974,-176.419998168945,4.31061410903931,18,7.07999992370605,16.056999206543,36.4726943969727,991.233460702584
6.9,-0.0281261932457575,-0.0466775078346232,0.47184230541339,-0.0291592014828354,0.240415043917737,-10.4600863369872,0.120903782988096,0.0315689065324224,-0.0066109810481387,-0.0544323030094487,-0.0176799733197155,-2.49073147461344,0.209947214979734,0.0100533740595042,-0.00509187593817756,15.6522976869574,8.69606034849743,-0.00720936548625838,-7.19653139425188,-16.3946471894054,-0.203518714767549,7.41646682070995,-6.04892870786167,-2.81,0.124921482622764,-0.0412750710153731,17.9243433829819,18.0932957865641,0.169807927960532,1.11052149985099,176.419998168945,-46.6731448672565,-120.117830302974,-176.419998168945,4.31061410903931,18,7.07999992370605,16.056999206543,36.475212097168,991.238595650238
6.925,-0.0268396459626133,-0.0533220300227149,0.471437647431117,0.0175733750390654,0.237566391635182,-10.5631387786989,0.131016494351053,0.0493387312519429,-0.00653942084595483,-0.0521600694768769,-0.0153876445290833,-2.49125629323497,0.0553577211994263,0.067050112286528,-0.0144581404772758,15.6467842301301,8.68800305443326,-0.0562404578215699,-7.20646810617671,-16.3799037044288,-0.268307427183028,7.41702553539884,-6.04859233906985,-2.81,0.123735936554432,-0.0414098069761029,17.9229488372803,18.0843236519343,0.169807927960532,1.11052149985099,176.419998168945,-46.6731448672565,-120.117830302974,-176.419998168945,4.31061410903931,18,7.28999996185303,16.0429992675781,36.4777336120605,991.243730597892
6.95,-0.0255769452604605,-0.0562075915985187,0.471032979811677,0.0691378222422178,0.244329474456919,-10.6781389884091,0.14208215160449,0.0470559020796006,-0.0154379051101377,-0.0475579612348492,-0.0155784723143358,-2.49168002720142,0.186241583912463,0.0275542947845496,-0.0159972510488502,15.6392326959502,8.72779802323407,-0.103577073481312,-7.18349829767466,-16.4040447057642,-0.274691392640415,7.41754280596042,-6.0482819142554,-2.81,0.123511383727439,-0.0385802677046169,17.9229488372803,18.079270285014,0.169807898637242,1.1105214942677,176.421752929688,-46.7088045361618,-120.20112995103,-176.421752929688,4.3105525970459,17.9979858398438,7.28999996185303,16.0429992675781,36.4797477722168,991.246962232614
6.975,-0.024768566092506,-0.059517803180375,0.47062832761377,0.00228093593546627,0.0538967769097597,-10.5032439171064,0.103966025962914,0.0364556547667773,-0.0192520374766407,-0.0480009427116265,-0.0141276497855328,-2.49214431642755,0.0425707280789362,0.0480383207584428,-0.0218955694753802,15.6399472590225,8.70973757605363,-0.121378656568424,-7.20315136605788,-16.3858353930216,-0.318151783677384,7.41806007652201,-6.04797148944096,-2.81,0.122473984612594,-0.0395915772892136,17.9213272642429,18.0792854303143,0.169807605404342,1.11052143843475,176.439392089844,-47.0654012351419,-121.034126432151,-176.439392089844,4.30993700027466,17.9778327941895,7.28999996185303,16.0429992675781,36.4772300720215,991.233064050939
7,-0.0242983564728729,-0.0593617322934476,0.470223667705096,0.0283279213604894,0.238016578478826,-10.2416269541867,0.0839608712140618,0.0209787800439989,-0.0217936088022639,-0.0442818429684297,-0.01432205723888,-2.49299072673199,0.0820122892344702,0.0269378269361528,-0.0254982558694014,15.6319829017951,8.73433700046708,-0.139557360897369,-7.19503712443165,-16.3953396363569,-0.302138251927756,7.4185773470836,-6.04766106462652,-2.81,0.123366372863916,-0.0376401710493478,17.9181318114927,18.0809720505667,0.169807312171443,1.1105213826018,176.45703125,-47.4219979355403,-121.867122913192,-176.45703125,4.30932140350342,17.9576835632324,7.17000007629395,16.0419998168945,36.4747085571289,991.219165869264
7.025,-0.0246151048866237,-0.0622533893205203,0.469819004899094,0.0199729436117661,0.208319763361963,-10.1611982124635,0.0865837989966327,0.00955052011876495,-0.0297052326350499,-0.0397285926020504,-0.0148461962717798,-2.49391372048561,0.158152638489287,-0.00249689951385572,-0.0286408592450221,15.6249419107735,8.76231470851756,-0.153439009221622,-7.18645956462081,-16.4080095161257,-0.269323115421949,7.41918810328649,-6.0472927504173,-2.81,0.124861930419,-0.0353656358417417,17.9166374206543,18.0865816209174,0.169807018938543,1.11052132676885,176.474670410156,-47.7785946331023,-122.700119394154,-176.474670410156,4.30870628356934,17.9375324249268,7.17000007629395,16.0419998168945,36.4721908569336,991.205267687589
7.05,-0.0246000628767911,-0.0685649167760996,0.469414344032338,-0.0629198868781012,0.110252737208629,-10.079434290214,0.0732156473875925,0.0184557937993086,-0.0323442980395788,-0.0409810576375316,-0.0130384419800736,-2.49496834631772,0.0149485369234912,0.0288157572187651,-0.0347054909717806,15.6079602013977,8.76491399190922,-0.206980228454706,-7.19060971631708,-16.3902047003419,-0.362355540110714,7.42004938064145,-6.04676930524179,-2.81,0.121576301165856,-0.035306733204433,17.9166374206543,18.0678991147884,0.169806763825921,1.11052127819418,176.490005493164,-48.0888337617964,-123.424826332666,-176.490005493164,4.30817079544067,17.9200000762939,7.17000007629395,16.0419998168945,36.4700012207031,991.194091643134
7.075,-0.0250789130392192,-0.0696856340770501,0.469068126825733,0.00592212142094295,0.0875261187132529,-10.1982136513938,0.0466248442070899,0.0195777233264107,-0.0329388461867123,-0.0379185962563492,-0.0140570153261034,-2.49540729907953,0.116084014230378,-0.00226199546491666,-0.0327568326285539,15.598641757707,8.81335872452092,-0.210868720132684,-7.16033638872666,-16.4213582919575,-0.325510302351302,7.42091065799641,-6.04624586006628,-2.81,0.122822539082301,-0.0321610904297052,17.9101695389832,18.0673299762216,0.169806763825921,1.11052127819418,176.490005493164,-48.0888337617964,-123.424826332666,-176.490005493164,4.30817079544067,17.9200000762939,7.17000007629395,16.0419998168945,36.4700012207031,991.20113297854
7.1,-0.0255555167092198,-0.0707900001835388,0.469,0.060268058479266,0.119365853716432,-10.1945590275216,0.0179862450671198,-0.0139192779286858,-0.0351817710173024,-0.0370073313491712,-0.0148133023149879,-2.4963074577728,0.0948065681401129,-0.0275944261554772,-0.0346347555367009,15.589808192055,8.80739191685282,-0.225786992179778,-7.17195243922079,-16.4049878018126,-0.320507472424549,7.42177193535138,-6.04572241489076,-2.81,0.122355052896842,-0.0322536852560834,17.8985620013412,18.0689995163682,0.169806763825921,1.11052127819418,176.490005493164,-48.0888337617964,-123.424826332666,-176.490005493164,4.30817079544067,17.9200000762939,6.98999977111816,16.0499992370605,36.4700012207031,991.208174313946
7.125,-0.0272965096513537,-0.0693333123590432,0.469,-0.0318246630342933,0.0755689947015568,-10.0655668420671,-0.0183666331887134,-0.0475163172263235,-0.0403559899476839,-0.0409570407068196,-0.0148591713212492,-2.49791107513774,-0.0701972507248716,-0.0424293750303257,-0.0391083001487295,15.5635446206554,8.82668135642156,-0.280538241279013,-7.16945597913396,-16.390344878027,-0.410392951137835,7.42260437035734,-6.04521800160216,-2.81,0.11735945778682,-0.0315511453866114,17.8937110900879,18.0473817857736,0.169806763825921,1.11052127819418,176.490005493164,-48.0888337617964,-123.424826332666,-176.490005493164,4.30817079544067,17.9200000762939,6.98999977111816,16.0499992370605,36.4700012207031,991.215215649353
7.15,-0.0274665071610191,-0.065720653596233,0.469,-0.0853645448641492,0.0303671384180714,-9.90349217192307,-0.051466568299382,-0.0389058451536243,-0.0359913743121072,-0.0390631764570203,-0.0168813926001024,-2.49885757377329,-0.0353058984631367,-0.0361543771315777,-0.0370179444241814,15.5452283188533,8.89763392875753,-0.284753530590762,-7.12769868755484,-16.4305346116628,-0.369515064672034,7.42332359992244,-6.04478828795569,-2.81,0.117860677085922,-0.0272452568358983,17.8937110900879,18.0430580287993,0.169806717049338,1.11052126919057,176.49201965332,-48.1463384884867,-123.557706131132,-176.49201965332,4.30809307098389,17.9191932678223,6.98999977111816,16.0499992370605,36.4700012207031,991.221467371251
7.175,-0.0281043446533953,-0.0615526808885621,0.469,-0.0542704356058499,0.125699804394143,-9.87391687642439,-0.0792838177323088,-0.0253982582441934,-0.0348186754140734,-0.0440982356614765,-0.0162465225209923,-2.49956683119734,-0.100262280028596,-0.0322818060734154,-0.0367440490614366,15.5466143338541,8.89072957151896,-0.322540799709402,-7.14843964396349,-16.4174646868682,-0.461504105079689,7.42404282948753,-6.04435857430922,-2.81,0.113208688866823,-0.028213343173823,17.8887664352917,18.0408982268041,0.169806424695698,1.11052121291798,176.504608154297,-48.5057430363278,-124.388204871642,-176.504608154297,4.30760955810547,17.914155960083,6.98999977111816,16.0499992370605,36.4700012207031,991.223573622235
7.2,-0.028101777978819,-0.0631651537993936,0.469,-0.0543009841533161,0.0606570950788248,-9.7966501299448,-0.110583819089899,-0.0247960141601597,-0.0359147036997028,-0.0459623570647146,-0.017045743181888,-2.50045856004661,-0.128604965090265,-0.0133168315323477,-0.0313154895777645,15.540400335831,8.90004013337947,-0.295707746542239,-7.15275980801048,-16.4148474059166,-0.439331098843755,7.42476205905262,-6.04392886066275,-2.81,0.11358143753082,-0.027815678315842,17.8806199138651,18.0466109365693,0.169806132342057,1.1105211566454,176.517211914062,-48.8651475827507,-125.218703612073,-176.517211914062,4.30712604522705,17.9091186523438,6.76999998092651,16.0590000152588,36.4700012207031,991.225679873219
7.225,-0.0281028009181799,-0.0625225082437905,0.469,-0.152087762812247,0.0147327101462656,-9.73491292556002,-0.134522592308248,-0.0201445390306412,-0.0302786116355896,-0.0472392337816153,-0.0181105515709537,-2.50138408185606,-0.150166943601729,0.00844319428534662,-0.0249323074226208,15.5326005886216,8.91088849787733,-0.255388663193665,-7.15458115642664,-16.4130187137479,-0.394491336792402,7.42549283193147,-6.04348557603207,-2.81,0.114967681764486,-0.0272461423146972,17.8776206970215,18.0538211219181,0.169805839988417,1.11052110037282,176.529800415039,-49.2245521291737,-126.049202352583,-176.529800415039,4.30664253234863,17.9040794372559,6.76999998092651,16.0590000152588,36.4700012207031,991.227786124203
7.25,-0.0281058205104324,-0.0606254969304828,0.469,-0.109395997904142,0.0191421500466329,-9.77399381963902,-0.136132066383483,-0.000497143336767621,-0.0219503579077105,-0.0500073180566954,-0.0178879034812732,-2.50164085904281,-0.136262816248291,-0.00211366357935955,-0.0227104249951476,15.5106190028004,8.94701572229674,-0.274272097317857,-7.12189957520697,-16.4251446728812,-0.443606000877643,7.42622667206984,-6.0430386853545,-2.81,0.112642576855281,-0.0256070229210597,17.8776206970215,18.0287526635102,0.169805603181968,1.11052105479203,176.539993286133,-49.5156698113225,-126.721906332341,-176.539993286133,4.30625104904175,17.8999996185303,6.44000005722046,16.0939998626709,36.4695243835449,991.228796970934
7.275,-0.0290711478882886,-0.0548868039231862,0.468917593630486,-0.0769753758402253,0.166633190240923,-9.97026518510634,-0.135817813548905,0.00541089438080511,-0.014106265768749,-0.055697093045101,-0.0177982908156875,-2.50221786190697,-0.0909417549424528,-0.02372406595385,-0.0155228816831798,15.5077987971411,8.94801242420443,-0.256893744994604,-7.13092232779793,-16.4178479087765,-0.478498768798118,7.42696051220821,-6.04259179467694,-2.81,0.110637178538809,-0.0261998762086333,17.8714323548286,18.028138844806,0.169805603181968,1.11052105479203,176.539993286133,-49.5156698113225,-126.721906332341,-176.539993286133,4.30625104904175,17.8999996185303,6.44000005722046,16.0939998626709,36.4670028686523,991.225137936378
7.3,-0.0293877765397283,-0.0530045050579437,0.468282593351428,-0.0225245032827296,0.168707536127923,-10.1536182256542,-0.10155757865009,-0.00371258989421945,-0.0124947963956245,-0.0580081603853798,-0.0183458783966634,-2.5025569485287,-0.0492887386337494,-0.0312816439903999,-0.00856636006183865,15.5007626035845,8.94047545578176,-0.214588434887567,-7.13480499296314,-16.4056568766561,-0.44807479545241,7.42769435234658,-6.04214490399938,-2.81,0.111704325235122,-0.0268590666926137,17.8620091973985,18.029072584618,0.169805603181968,1.11052105479203,176.539993286133,-49.5156698113225,-126.721906332341,-176.539993286133,4.30625104904175,17.8999996185303,6.44000005722046,16.0939998626709,36.464485168457,991.221478901822
7.325,-0.0295501851290792,-0.051879916959899,0.46731141325615,-0.0801232276193227,0.0324547269521096,-10.0686721567477,-0.10121880261451,-0.0112279738812113,-0.00930039028258422,-0.0603192277256585,-0.0188934659776393,-2.50289603515043,-0.0076357223250474,-0.0388392220269495,-0.00160983844049771,15.4937327009149,8.94153757233038,-0.180884097017941,-7.13390279855541,-16.4001492568299,-0.426733448202283,7.42842819248495,-6.04169801332182,-2.81,0.112296421795596,-0.0270395988052843,17.8590087890625,18.0288367764996,0.169805603181968,1.11052105479203,176.539993286133,-49.5156698113225,-126.721906332341,-176.539993286133,4.30625104904175,17.8999996185303,6.44000005722046,16.0939998626709,36.4619636535645,991.217819867266
7.35,-0.0293984848338535,-0.0440913562138764,0.466340237792208,-0.081174833711789,0.0802159493355428,-10.0770020805977,-0.0952207349891626,-0.0107900307014821,-0.00182067102341017,-0.0638917684555054,-0.0181282199919224,-2.50308752059937,-0.185046747326851,0.00351779605261981,-0.00402182666584849,15.4752356452087,8.93757110072242,-0.150023829461087,-7.12468912552302,-16.3838655194311,-0.439725039612404,7.42925206915788,-6.04120386124951,-2.81,0.112351300325928,-0.027706072420717,17.8590087890625,18.0112758532451,0.169805538960886,1.11052104241207,176.543304443359,-49.5947388117624,-126.904341303768,-176.543304443359,4.30619287490845,17.9011077880859,6.44000005722046,16.0939998626709,36.4599990844727,991.215757278712
7.375,-0.030681463104958,-0.0425371875653078,0.465422495152198,-0.0584504856814852,0.127846260775727,-10.195391409521,-0.0970253313785397,-0.0154838264904472,0.00185717061017533,-0.064104253377306,-0.0200380922960785,-2.50303229240661,-0.00662337800793499,-0.0391093928225018,0.00367060242618103,15.4666033622816,8.9500726500533,-0.156618980414103,-7.11056226696974,-16.389264585231,-0.419595180186567,7.43007672985379,-6.04070929763293,-2.81,0.111638900066734,-0.0270403619307714,17.8474430209143,18.0065769700687,0.169805247046875,1.11052098613949,176.558441162109,-49.9541433581854,-127.733591174012,-176.558441162109,4.30592918395996,17.9061450958252,6.44000005722046,16.0939998626709,36.4599990844727,991.219354816888
7.4,-0.031307678684962,-0.0434777599008179,0.465,-0.053977037714575,0.199686013417329,-10.2299878225758,-0.0940231026050525,-0.0193366108729824,0.00281808749968036,-0.0654437261400568,-0.0204632873595702,-2.5029965287401,-0.0227688937729176,-0.0174162191281746,0.00756046186604014,15.469483279774,8.92136741818531,-0.138425679877858,-7.12924916583587,-16.3684071915413,-0.404874753035132,7.43090064208325,-6.04021518386661,-2.81,0.111858262122875,-0.0287920346513097,17.8310717575496,18.0126105834227,0.169804955132864,1.11052092986691,176.573547363281,-50.3135479060265,-128.562841044098,-176.573547363281,4.30566501617432,17.9111824035645,6.38000011444092,16.0629997253418,36.4599990844727,991.222952355065
7.425,-0.0313117212165755,-0.0409381030319071,0.465,-0.101484966213978,0.148159667240406,-10.2265589879468,-0.0931888565015311,-0.0138467942085373,0.00286086487932153,-0.0664276933436719,-0.0203953022416196,-2.50299665239919,-0.0366022971690843,-0.011524297556269,0.00834278982444914,15.4653436540757,8.90881241528283,-0.147068088905751,-7.13441161062957,-16.355031207028,-0.42254845803289,7.43153322643252,-6.03983606376135,-2.81,0.110898505133942,-0.0296194661257234,17.8266735076904,18.0074963475006,0.169804663218853,1.11052087359433,176.588668823242,-50.6729524524495,-129.392090914342,-176.588668823242,4.30540132522583,17.9162216186523,6.38000011444092,16.0629997253418,36.4599990844727,991.226549893242
7.45,-0.030678113437432,-0.0390291725536293,0.465,-0.16341517547318,0.137604186418848,-10.0629581080631,-0.0717715225221629,-0.00713727708551604,0.00771196268570214,-0.0708531950325566,-0.0195028854753136,-2.50290122793563,-0.100781492004962,0.00663073045274424,0.0095424687125306,15.4613520204741,8.91357316448055,-0.122141742817942,-7.12768631542764,-16.355813047141,-0.451197097446733,7.4321658107818,-6.03945694365609,-2.81,0.110124780330294,-0.0299141898671637,17.8266735076904,17.9994568896978,0.169804444283345,1.11052083138989,176.600006103516,-50.9425058622667,-130.014028317005,-176.600006103516,4.30520343780518,17.9200000762939,6.38000011444092,16.0629997253418,36.4599990844727,991.226988054943
7.475,-0.0305294673611848,-0.0347413346652063,0.465,-0.159821660208848,0.139063949772987,-9.91834738297836,-0.0433902727230864,-0.00232541264834213,0.0127256714217221,-0.0736821935287088,-0.0196961381598173,-2.5025432546377,0.0010051612532206,-0.026847727272624,0.0141296220390938,15.4593175261075,8.89861046463089,-0.123480755466135,-7.13091919613723,-16.343705424188,-0.473601622412619,7.43279839513107,-6.03907782355083,-2.81,0.108570748774321,-0.0311344282348857,17.8137126845737,17.992942434322,0.169804444283345,1.11052083138989,176.600006103516,-50.9425058622667,-130.014028317005,-176.600006103516,4.30520343780518,17.9200000762939,6.38000011444092,16.0629997253418,36.4599990844727,991.217948087217
7.5,-0.0306896995262043,-0.0339640034747682,0.465,-0.155542207633291,0.20359630571351,-9.90627956019052,-0.0257737981367742,-0.00235588037852393,0.0175655039713282,-0.0731205809540331,-0.020290217639925,-2.50231665231382,0.0422085654312823,-0.0361464789258455,0.0146545653131796,15.4559084392012,8.89003509543611,-0.0877234788469326,-7.12731592837251,-16.3385365650575,-0.423220577527315,7.43343097948034,-6.03869870344557,-2.81,0.110779494997312,-0.0315719171692283,17.7965737013733,17.9944082009268,0.169804444283345,1.11052083138989,176.600006103516,-50.9425058622667,-130.014028317005,-176.600006103516,4.30520343780518,17.9200000762939,6.36999988555908,16.0620002746582,36.4599990844727,991.20890811949
7.525,-0.0311601033488295,-0.0363341372719103,0.465,-0.120000754234693,0.283442628761235,-9.919973701686,-0.006326539096927,-0.009072670345583,0.0186020237753786,-0.0727742906749875,-0.0205803332605614,-2.50197563959981,-0.0629630739352025,-0.00658401980354102,0.0118515981531199,15.4519622479467,8.85752384131524,-0.0760005513676175,-7.13708710611959,-16.3133464231629,-0.401694053709616,7.43426458258807,-6.03819325734511,-2.81,0.111601466912307,-0.0333916460808657,17.7928218841553,17.9917481126197,0.169804444283345,1.11052083138989,176.600006103516,-50.9425058622667,-130.014028317005,-176.600006103516,4.30520343780518,17.9200000762939,6.36999988555908,16.0620002746582,36.4599990844727,991.199868151763
7.55,-0.0306879239612847,-0.0339550572753058,0.465,-0.129315810619393,0.298627383454309,-9.89796489907059,0.00674255812118375,-0.0178607978972008,0.0158600779775929,-0.0731716013691461,-0.0205233129398516,-2.50180505791023,-0.0654745655972895,0.00659547957415347,0.011802615202874,15.4452707280663,8.86478697411686,-0.0993786935173511,-7.12623608987073,-16.3151009298169,-0.430061537191601,7.43510180589371,-6.0376855362077,-2.81,0.110153395248623,-0.033081170554203,17.7928218841553,17.9811550122392,0.169804362670518,1.11052081575666,176.607055664062,-51.0423529380379,-130.245868597022,-176.607055664062,4.30514144897461,17.917179107666,6.36999988555908,16.0620002746582,36.4599990844727,991.195942222922
7.575,-0.0306879239612847,-0.0339550572753058,0.465,-0.143354792988571,0.218310527194991,-9.82701713207375,0.0365913816257967,-0.0062072251974071,0.0127740117637297,-0.0735615330560782,-0.0205045331239403,-2.50166079360301,-0.0388855386114759,0.0124796308959651,0.0124318783021448,15.4436186310749,8.87331935016747,-0.117153399174748,-7.11878262606462,-16.3209480539623,-0.45217936019053,7.43593902919935,-6.03717781507028,-2.81,0.108979837580638,-0.0326840577877865,17.7824384031128,17.9765172087933,0.169804071196137,1.11052075992371,176.632263183594,-51.3989496355999,-131.073869596842,-176.632263183594,4.30492210388184,17.9071044921875,6.36999988555908,16.0620002746582,36.4599990844727,991.205166679786
7.6,-0.0300515678001527,-0.0345918426943402,0.465,-0.187076328833428,0.108812457657062,-9.9361043100916,0.0451659961752562,0.0209388726669915,0.0128638168435924,-0.0721619453145406,-0.0194327353822271,-2.50132204311072,0.00516143685238681,0.0358247054345055,0.0135458726701787,15.4424282888695,8.85686112660868,-0.100805462832292,-7.11990272883852,-16.3106433797756,-0.43890760292544,7.43677625250499,-6.03667009393287,-2.81,0.110796983235345,-0.0335025292670078,17.7695551951526,17.9742457199061,0.169803779721755,1.11052070409076,176.657440185547,-51.75554633458,-131.901870596742,-176.657440185547,4.3047022819519,17.8970279693604,6.42000007629395,16.0690002441406,36.4599990844727,991.21439113665
7.625,-0.0287781281450847,-0.0371326602601544,0.465,-0.217044945528531,0.109883299539978,-10.0792803697672,0.0619862045180414,0.0457541696022703,0.0152953128739932,-0.0717668384313583,-0.0191469863057137,-2.50123906135559,0.0155363362282515,0.0417584851384163,0.0138105545192957,15.452754833368,8.82617340979329,-0.0804018689723707,-7.14356741126701,-16.2938918843824,-0.417091550134946,7.4374585901817,-6.03626452613591,-2.81,0.11210975564382,-0.0351570986605943,17.7673759460449,17.9875303787098,0.169803488247374,1.11052064825781,176.6826171875,-52.1121430335602,-132.72987159672,-176.6826171875,4.30448246002197,17.8869514465332,6.42000007629395,16.0690002441406,36.4599990844727,991.223615593514
7.65,-0.0287710206033599,-0.0415978614975349,0.465,-0.169943550908274,0.113343030102833,-10.2451974102418,0.066625205959576,0.0534755217073044,0.0149698988257397,-0.0643408232879029,-0.0190332455319895,-2.5008357240545,0.080297302878725,0.0561253400019477,0.0134573024409059,15.4517421769387,8.80066432280625,-0.0843653672233569,-7.14753307652666,-16.2788602583317,-0.355845402038461,7.43813977217985,-6.03585972055572,-2.81,0.115810704999411,-0.0357488277563558,17.7673759460449,17.9912141685065,0.169803287130051,1.11052060973307,176.699996948242,-52.3581947553885,-133.301192286582,-176.699996948242,4.30433082580566,17.8799991607666,6.42000007629395,16.0690002441406,36.4599990844727,991.228455358549
7.675,-0.0273278614737932,-0.0455447864067844,0.465,-0.121340212378806,0.20670075182275,-10.4599381513669,0.0623778520481544,0.0509882025181275,0.013000204276681,-0.0635244051005101,-0.0174153151910743,-2.50070185771309,0.0147325808220663,0.0618729773406045,0.00769192295590172,15.4537097308902,8.79725383093322,-0.133732487606237,-7.15063094057005,-16.2762557624329,-0.422704741339646,7.43882095417801,-6.03545491497553,-2.81,0.11374109983152,-0.035890363982326,17.7610319987953,17.9840286709756,0.169803287130051,1.11052060973307,176.699996948242,-52.3581947553885,-133.301192286582,-176.699996948242,4.30433082580566,17.8799991607666,6.42000007629395,16.0690002441406,36.4599990844727,991.223535648221
7.7,-0.0262250805352326,-0.0434825605521373,0.465,-0.0669310974667927,0.252871124637039,-10.6700669648767,0.065926949737789,0.0428154702446438,0.00631122727114685,-0.0634382608833382,-0.0157188584045248,-2.50084782241747,-0.0223424369703248,0.0576226451448769,0.000516578384518857,15.4492014805499,8.79821136037714,-0.158874596482909,-7.14945369439129,-16.2718405049235,-0.473401647640982,7.43950674068823,-6.03504720446883,-2.81,0.112663904313632,-0.0358450666410996,17.7536184325326,17.9746876332468,0.169803287130051,1.11052060973307,176.699996948242,-52.3581947553885,-133.301192286582,-176.699996948242,4.30433082580566,17.8799991607666,6.09000015258789,16.0970001220703,36.4599990844727,991.218615937894
7.725,-0.0259148775873987,-0.0447924617910804,0.465,-0.0232211961730288,0.179852531053762,-10.7940780647185,0.0639025341650798,0.0317588070611255,-0.00143567061510757,-0.059366762638092,-0.0160926152020693,-2.50093698501587,0.158347830176353,0.0085013872012496,-0.000140446412842721,15.438448745581,8.80673886739312,-0.164176722039646,-7.13544028864503,-16.2734462206162,-0.437884843693696,7.44030239423189,-6.03457018028624,-2.81,0.114495806384874,-0.034872179563666,17.7527332305908,17.9698021035698,0.169803287130051,1.11052060973307,176.699996948242,-52.3581947553885,-133.301192286582,-176.699996948242,4.30433082580566,17.8799991607666,6.09000015258789,16.0970001220703,36.4599990844727,991.213696227566
7.75,-0.0268531822203765,-0.0498280804983735,0.465,-0.0510113041132248,0.068501673858546,-10.6909509031717,0.0541525425105881,0.0181267589732226,-0.0067337007403536,-0.0582198981379597,-0.0159277168335184,-2.50108000142257,0.131292091092047,0.00859058645370374,-0.00204473275361516,15.4421282008659,8.7659613381596,-0.165684298612964,-7.16443265932921,-16.242393376701,-0.429435568308858,7.44109804777555,-6.03409315610364,-2.81,0.114996484945357,-0.0369723229490559,17.7527332305908,17.977708631621,0.169803188327709,1.11052059074987,176.708557128906,-52.479437633921,-133.581863394753,-176.708557128906,4.30458498001099,17.8722915649414,6.09000015258789,16.0970001220703,36.4599990844727,991.210668760823
7.775,-0.0263726959304442,-0.0506374227271638,0.465,-0.0777825621691753,0.0257035266484915,-10.5059770207677,0.0412091164964927,0.00385931755520015,-0.00986017469139669,-0.0560353412858868,-0.0156917892613111,-2.5014351264591,0.0662247029086145,0.00638218561032735,-0.00660094266655361,15.4371254246892,8.77154240090633,-0.18083309374804,-7.16237026126544,-16.2417203657681,-0.429499565786332,7.44189370131921,-6.03361613192104,-2.81,0.1153368570021,-0.0363520358659717,17.7378570354856,17.9765597447127,0.169802897732587,1.11052053491692,176.733764648438,-52.836034331483,-134.407366654121,-176.733764648438,4.30533266067505,17.8496227264404,5.82999992370605,16.1140003204346,36.4599990844727,991.211314472804
7.8,-0.026219232650507,-0.0511018202725703,0.465,-0.193759340087762,0.0358843812265427,-10.2845205101311,0.016646308054934,-0.00857510444009034,-0.0103835127383519,-0.0558901143728108,-0.0158658388346966,-2.50165947322697,0.0290566869102784,0.000462918615854399,-0.00915841587968636,15.4286179983425,8.78407658584157,-0.218415683984349,-7.15344309242067,-16.2438607896999,-0.463895229622633,7.44268738063876,-6.03314031068227,-2.81,0.113341142662418,-0.0356294585959147,17.7214278310012,17.9669152911899,0.169802607137465,1.11052047908397,176.758941650391,-53.192631029045,-135.23286991341,-176.758941650391,4.30607986450195,17.8269519805908,5.82999992370605,16.1140003204346,36.4599990844727,991.211960184784
7.825,-0.0270149897711894,-0.0496609241500751,0.465,-0.207573813054539,0.165552806322233,-10.0846517720302,0.0218137115333385,-0.0103559821113574,-0.0104894396100857,-0.0588832834940155,-0.0158840318813241,-2.50219911752587,0.0699573537005486,-0.0341122372891581,-0.0118345179687005,15.4122934975536,8.80177759416292,-0.283926656980506,-7.14334328203567,-16.2404936678277,-0.556512532319567,7.44319195937705,-6.03284064561532,-2.81,0.108212473194366,-0.0349897536543069,17.7202835083008,17.9455118717146,0.169802316542342,1.11052042325102,176.784118652344,-53.5492277280252,-136.058373172699,-176.784118652344,4.30682754516602,17.8042831420898,5.82999992370605,16.1140003204346,36.4599990844727,991.212605896765
7.85,-0.0268514688926995,-0.0472943287815323,0.465,-0.186032594568381,0.24561736533957,-10.1629206642212,0.0297970936932939,0.0019223640796322,-0.010389003921183,-0.0577784664421678,-0.0158089777954313,-2.50253226819398,-0.026892301836399,0.00749767417357349,-0.0164051190660297,15.408373760538,8.7891397415791,-0.240981447363375,-7.1504189564124,-16.2278179224827,-0.504445856304868,7.44369653811534,-6.03254098054838,-2.81,0.11118143018941,-0.0355056536672124,17.7202835083008,17.95125229336,0.169802133467415,1.11052038807626,176.800003051758,-53.7738836485103,-136.578440226061,-176.800003051758,4.30729818344116,17.7900009155273,5.67000007629395,16.117000579834,36.4590644836426,991.212244759279
7.875,-0.0271726876078454,-0.052083860794606,0.465,-0.193661678027001,0.289501582228757,-10.2081059652555,0.0490842826464147,0.0150840558485821,-0.0118670804709401,-0.0550219566221442,-0.0165136325776287,-2.50325800163188,0.130539409844002,-0.0128398671767822,-0.0165845902413704,15.3958070399987,8.81576006896961,-0.293076232105911,-7.13743483107822,-16.2363102419514,-0.523113222499275,7.44420111685363,-6.03224131548143,-2.81,0.109658328199656,-0.0335927038750305,17.7126899354104,17.9437170259474,0.169802133467415,1.11052038807626,176.800003051758,-53.7738836485103,-136.578440226061,-176.800003051758,4.30729818344116,17.7900009155273,5.67000007629395,16.117000579834,36.4565505981445,991.210169256484
7.9,-0.0268460984050106,-0.0542783760240125,0.465,-0.146352263205002,0.257912742464721,-10.4061640817345,0.0461463408827008,0.015427756884398,-0.013179651987869,-0.0555707393626161,-0.0159560107109961,-2.50384156592475,0.0778707254313722,-0.00941490476734325,-0.0179754226523335,15.4006559227429,8.79803287091042,-0.285191696705229,-7.16104818613323,-16.2206027974216,-0.527591998008092,7.44470569559191,-6.03194165041449,-2.81,0.109825758238075,-0.0345600151047915,17.7047404137907,17.9540036958228,0.169802133467415,1.11052038807626,176.800003051758,-53.7738836485103,-136.578440226061,-176.800003051758,4.30729818344116,17.7900009155273,5.67000007629395,16.117000579834,36.454029083252,991.20809375369
7.925,-0.0266858777203037,-0.053471102695097,0.465,-0.102901996222652,0.229649482624228,-10.4676921849858,0.0361812483277743,0.00778524572003104,-0.0171299527135406,-0.0561195221030881,-0.0153983888443635,-2.50442513021762,0.0252020410187427,-0.0059899423579043,-0.0193662550632967,15.4041676847393,8.78186463085838,-0.278464983087335,-7.18269441837445,-16.2052936158927,-0.533320650314831,7.4454279405028,-6.03150867929143,-2.81,0.109935619203563,-0.0354428236879015,17.7045822143555,17.9630490881638,0.169802133467415,1.11052038807626,176.800003051758,-53.7738836485103,-136.578440226061,-176.800003051758,4.30729818344116,17.7900009155273,5.67000007629395,16.117000579834,36.4515113830566,991.206018250895
7.95,-0.0262162373522998,-0.0511048155707774,0.465,-0.106862610194143,0.202115252471361,-10.5552581134888,0.0276864085830598,0.00692115342367234,-0.0222226937120147,-0.0551292661139229,-0.015638852025444,-2.50476798959466,0.048176431836792,-0.0120493946651059,-0.0204739264569454,15.3609551283489,8.83074713741519,-0.304057992230731,-7.12522468620451,-16.2161125907254,-0.549867564757793,7.44683261674633,-6.03065776435822,-2.81,0.109229409563882,-0.0326310350595348,17.7045108689469,17.9219569993146,0.169802017405218,1.11052036574308,176.811080932617,-53.916522328386,-136.908141981655,-176.811080932617,4.30720996856689,17.7879848480225,5.67000007629395,16.117000579834,36.4500007629395,991.204637657185
7.975,-0.0262086161182104,-0.0558927359522992,0.465,-0.11189663902867,0.198353204246734,-10.4691118392233,0.0105698914264734,-0.000868774026141767,-0.0259428337223618,-0.0522995464850538,-0.016456475744213,-2.50571627527635,0.106386133621832,-0.0270677234047125,-0.0227358891799672,15.3573129592433,8.82912610043816,-0.31315652003479,-7.13775294656037,-16.2073798639233,-0.521456471798291,7.44823729298986,-6.029806849425,-2.81,0.110032800202212,-0.0322189473778732,17.6901704418269,17.9324157662645,0.169801727249725,1.11052030991013,176.838806152344,-54.2731190273661,-137.732396370757,-176.838806152344,4.30699062347412,17.7829494476318,5.51000022888184,16.1350002288818,36.4500007629395,991.2042994271
8,-0.0262088640977972,-0.0574677283631145,0.465,-0.124022405073499,0.204822156856104,-10.2553202068912,0.0138664912154495,-0.0115237925931835,-0.0281132398806121,-0.0505509014550944,-0.0170868877835455,-2.50646705338536,0.116593428356378,-0.0319563616878246,-0.0229963482400085,15.3485732498095,8.81396474218559,-0.325159186834815,-7.15163744870437,-16.1853846600253,-0.507748941258522,7.44955640810612,-6.02900862084257,-2.81,0.110180783584508,-0.0327396282965652,17.6762580871582,17.9345252580302,0.169801437094233,1.11052025407718,176.866516113281,-54.6297157263463,-138.556650759702,-176.866516113281,4.30677080154419,17.7779102325439,5.51000022888184,16.1350002288818,36.4500007629395,991.203961197015
8.025,-0.026677363460857,-0.0588517635447667,0.465,-0.0735702246377343,0.181452187217709,-10.1845509120624,0.0187603302386585,-0.0251487944793636,-0.0263140864364215,-0.0544672692011916,-0.0162599583833094,-2.50720937014493,-0.0186255641386617,-0.0222732745815271,-0.0237844615812199,15.3179685756484,8.82654378284247,-0.374264895178341,-7.13573010758681,-16.1679736128268,-0.605058454502241,7.4501379894452,-6.02866454667052,-2.81,0.105673528939483,-0.0325072483121829,17.6762580871582,17.9001369743954,0.16980114693874,1.11052019824423,176.89421081543,-54.9863124253265,-139.380905148804,-176.89421081543,4.30655097961426,17.7728710174561,5.51000022888184,16.1350002288818,36.4500007629395,991.20362296693
8.05,-0.0262121948206863,-0.0536444724396883,0.465,-0.168297298214913,0.16341588346538,-10.1081041299762,0.022910652769316,-0.0301668974126657,-0.025753933971328,-0.0537675276457213,-0.0165692030605399,-2.50741846165542,0.0102348739783229,-0.0253959155668995,-0.0240823581904799,15.2989236527554,8.87198900037798,-0.367874116653287,-7.09634189118748,-16.1925222437844,-0.590542351821537,7.45071957078428,-6.02832047249847,-2.81,0.106443559578925,-0.0298777899650854,17.6755016672821,17.8844621690968,0.169800981550109,1.11052016641944,176.910003662109,-55.1895725430502,-139.850730150531,-176.910003662109,4.30642557144165,17.7700004577637,5.63000011444092,16.1159992218018,36.4500007629395,991.201598967353
8.075,-0.0262030696972081,-0.0593771876629322,0.465,-0.243140225997149,0.0330186735805035,-10.1041495056297,0.04283694226215,-0.0193853123036547,-0.0269763560043322,-0.051433873665661,-0.017591070499667,-2.50809682191288,0.10609217104911,-0.0357249068688547,-0.0250499257685341,15.3019246545409,8.8669157463523,-0.363701163163254,-7.11158795135735,-16.1872301680878,-0.549788884663754,7.45130115212336,-6.02797639832643,-2.81,0.107676318846198,-0.0297428567624152,17.6616798131832,17.8996293393069,0.169800981550109,1.11052016641944,176.910003662109,-55.1895725430502,-139.850730150531,-176.910003662109,4.30642557144165,17.7700004577637,5.63000011444092,16.1159992218018,36.4500007629395,991.197340343101
8.1,-0.0262062147492841,-0.061281964275552,0.465,-0.275725027017974,-0.0111391312213897,-9.92134132694659,0.0123555063122012,-0.0102337499202438,-0.0251045463321941,-0.0495336476163316,-0.0183101428556371,-2.50881398052639,0.122276175027851,-0.0366537679948228,-0.0253020204211897,15.3011168159335,8.866830865561,-0.383749321485902,-7.12263300917594,-16.1822879956287,-0.542017710206083,7.45188273346244,-6.02763232415438,-2.81,0.107401541578717,-0.0293916334388825,17.6489582061768,17.9074644940438,0.169800981550109,1.11052016641944,176.910003662109,-55.1895725430502,-139.850730150531,-176.910003662109,4.30642557144165,17.7700004577637,5.63000011444092,16.1159992218018,36.4500007629395,991.193081718848
8.125,-0.027143363443736,-0.0634562241358391,0.465,-0.236070704434987,0.0863622515205505,-9.69163829649075,0.0304087986828424,-0.0172471040796114,-0.0260098693745312,-0.0508472144396899,-0.0182014860536097,-2.50993738471454,-0.00369139347926482,-0.0214471744483545,-0.0266845815764086,15.2707989819281,8.8614150661708,-0.417774864717494,-7.12181902588427,-16.1501904432966,-0.589539453139621,7.45257352561592,-6.02722148932902,-2.81,0.104950352854717,-0.0297535297677237,17.6489582061768,17.8834522318365,0.169800981550109,1.11052016641944,176.910003662109,-55.1895725430502,-139.850730150531,-176.910003662109,4.30642557144165,17.7700004577637,5.63000011444092,16.1159992218018,36.4500007629395,991.188823094596
8.15,-0.0268397300370869,-0.0625732608041381,0.465,-0.269588920239082,0.0586703976961699,-9.53289858833126,0.0238644608160451,-0.0255500221634787,-0.0245654749871484,-0.0459743530360602,-0.0196340468706054,-2.51056701342815,0.048347153081047,-0.0201333462959933,-0.0213778951010367,15.2432741718667,8.90836746168137,-0.44828958297295,-7.08099445154203,-16.1699030382196,-0.557794920246113,7.45326782716104,-6.02680850920991,-2.81,0.105694399028572,-0.0264302132883819,17.647677981283,17.8661572346105,0.169800848685271,1.11052014093852,176.926208496094,-55.3523154143036,-140.228163728464,-176.926208496094,4.30600070953369,17.7665233612061,5.67000007629395,16.1100006103516,36.4500007629395,991.184599830762
8.175,-0.0269860909371391,-0.0639438178282569,0.465,-0.301337993223748,0.0998940519137422,-9.58921124403801,0.027193238762296,-0.0124966766023154,-0.0203873306685323,-0.049395880318884,-0.0191365793890812,-2.51098462002682,0.0444769533296387,-0.0264024269516738,-0.0217041529592719,15.2395343799302,8.8938700515486,-0.478980251070856,-7.09662433053643,-16.1499259523185,-0.625755173923275,7.45396212870616,-6.0263955290908,-2.81,0.10226632330557,-0.027645306838667,17.6354244001566,17.8599092942308,0.169800559848667,1.1105200855452,176.961486816406,-55.706104265841,-141.048671506691,-176.961486816406,4.30507755279541,17.7589683532715,5.67000007629395,16.1100006103516,36.4500007629395,991.180418076984
8.2,-0.0268318932020399,-0.0632025712433918,0.465,-0.318286922909245,0.0234977823460708,-9.68436105725379,0.036567815835243,0.00597588066281565,-0.0190979520816555,-0.0474661037891912,-0.0195540253862786,-2.51156710863303,0.0907329932246424,-0.0209396809283211,-0.0214041710265911,15.2395049585248,8.90303780429222,-0.452892228866595,-7.09838353166595,-16.1552500184182,-0.576674064181539,7.45465643025128,-6.02598254897169,-2.81,0.104624004085263,-0.0267856782915341,17.624755859375,17.8712276113407,0.169800271012063,1.11052003015187,176.996765136719,-56.0598931173783,-141.869179284838,-176.996765136719,4.30415439605713,17.7514114379883,5.67000007629395,16.1100006103516,36.4500007629395,991.176236323205
8.225,-0.026499734119937,-0.0682201407546055,0.465,-0.283350640489471,-0.00173386483241986,-9.67684605466346,0.0227938307109543,0.013967386466497,-0.0169324245532029,-0.0469837499678298,-0.0191619460998423,-2.51244349073724,-0.0323974796299981,0.0117271773970382,-0.0231220940236304,15.234334537167,8.90493984469745,-0.442676289868287,-7.10630446645127,-16.1479492965749,-0.568361743040452,7.45536204293558,-6.02556380907955,-2.81,0.105479829890813,-0.026495419717302,17.624755859375,17.8753954239653,0.169799982175458,1.11051997475855,177.032012939453,-56.4136819674975,-142.689687062986,-177.032012939453,4.30323076248169,17.7438545227051,5.51999998092651,16.1280002593994,36.4500007629395,991.172054569427
8.25,-0.0261957053246318,-0.0682884097650758,0.465,-0.273273268243511,0.0852629283391158,-9.64846161020883,0.0214878299108294,0.000883778153985857,-0.0155899131954591,-0.0420286544384697,-0.0203668555789352,-2.51298980926926,0.0788904803895269,-0.0114179525513108,-0.0156632956444468,15.196300704449,8.956594450205,-0.480616048450725,-7.05299622139869,-16.165869057921,-0.546857325631941,7.45610181452826,-6.02512767504558,-2.81,0.105949741218716,-0.0229132308772514,17.6231209829412,17.8457383252991,0.16979983486879,1.11051994650796,177.050003051758,-56.594114281186,-143.108146029894,-177.050003051758,4.30276012420654,17.7399997711182,5.51999998092651,16.1280002593994,36.4500007629395,991.171006671127
8.275,-0.0268178006837163,-0.0720559741063883,0.465,-0.277280487177147,0.115307746660375,-9.68731634015217,0.0239973682521263,-0.00280066239100521,-0.0136728133222119,-0.0426853345020831,-0.0201693587941231,-2.51333382049088,0.0864497397141664,-0.00688211367821656,-0.0147399344878043,15.1958739599606,8.94278549092878,-0.487111924135983,-7.06691945160803,-16.1514239489126,-0.561631246805143,7.45684158612094,-6.02469154101161,-2.81,0.105252051458453,-0.0237290952262004,17.6125206550963,17.8478431748105,0.16979983486879,1.11051994650796,177.050003051758,-56.594114281186,-143.108146029894,-177.050003051758,4.30276012420654,17.7399997711182,5.51999998092651,16.1280002593994,36.4500007629395,991.173220540775
8.3,-0.0261764497324639,-0.0739514693194683,0.465,-0.30344564084008,0.139596793930263,-9.87172988499177,0.00908072701484594,0.0213508121171369,-0.00921687144652564,-0.0433420145656966,-0.019971862009311,-2.5136778317125,0.0940089990388065,-0.002346274805122,-0.0138165733311618,15.2017714837349,8.93352348969739,-0.500052038344871,-7.08355538220762,-16.1442010702905,-0.582893793887743,7.45757849348814,-6.02425694200755,-2.81,0.104158589010022,-0.0242821519413109,17.6038188934326,17.8554710272168,0.16979983486879,1.11051994650796,177.050003051758,-56.594114281186,-143.108146029894,-177.050003051758,4.30276012420654,17.7399997711182,5.51999998092651,16.1280002593994,36.4500007629395,991.175434410422
8.325,-0.0250644920841931,-0.070601368649605,0.465,-0.212496082262884,0.0580756307373381,-10.0396212012847,-0.0171775041287514,0.0354142370952597,-0.00700527225457578,-0.0459574676251975,-0.0186635774952675,-2.51421372104211,-0.0900907245372811,0.0365641961428818,-0.0129469528766691,15.1942166516868,8.93497237083267,-0.467337356745101,-7.08496919196403,-16.1358975552517,-0.593613313776459,7.45825943568931,-6.02385233652329,-2.81,0.10483057430884,-0.0244874329515493,17.6038188934326,17.8513676609013,0.16979983486879,1.11051994650796,177.050003051758,-56.594114281186,-143.108146029894,-177.050003051758,4.30276012420654,17.7399997711182,5.67000007629395,16.1140003204346,36.4500007629395,991.177648280069
8.35,-0.024290201146466,-0.068913630526654,0.465,-0.176600921532293,0.106710859654011,-10.2379788790019,-0.0491910395833911,0.0282022809419455,-0.00634315267635377,-0.0456697107199542,-0.0189733640687905,-2.51464812358963,-0.0152861095341924,0.00358578213078154,-0.00790194920208688,15.1673586472644,8.97977684583147,-0.481346373587487,-7.04455621295914,-16.1532538536844,-0.602886861634097,7.45894037789047,-6.02344773103902,-2.81,0.104277207010796,-0.0219088568475269,17.6009989193164,17.8279481110059,0.169799684673756,1.11051991770343,177.065719604492,-56.7780844842123,-143.534810074518,-177.065719604492,4.30356025695801,17.7321395874023,5.67000007629395,16.1140003204346,36.4500007629395,991.174753645505
8.375,-0.023965219251923,-0.0647088325357184,0.465,-0.088698947224124,0.100606738074528,-10.4610528740031,-0.0741784813148853,0.00606841776024349,-0.0062782513949246,-0.0510203145247604,-0.0185843132421616,-2.51487362077502,-0.103778774851218,-0.0157645446424574,-0.00656450518378607,15.1629124544021,8.96797489221463,-0.467141170518245,-7.05426329499506,-16.1363558667421,-0.641948087613841,7.45962132009164,-6.02304312555475,-2.81,0.102339027691948,-0.0232473973138189,17.5871741681615,17.8222442558706,0.169799395837152,1.11051986231011,177.095947265625,-57.1318733343315,-144.355317852665,-177.095947265625,4.30509901046753,17.7170295715332,5.67000007629395,16.1140003204346,36.4500007629395,991.167143468593
8.4,-0.0236732510406994,-0.0625298653092888,0.465,-0.109069975032544,0.182217986266534,-10.3775288004691,-0.103509677955961,-0.0174803994183539,-0.0033616270122281,-0.0524721329375833,-0.0196494061713693,-2.51494492621748,-0.0489509720015549,-0.0527964845888397,-0.00301623184002528,15.1521725697367,8.99748454519295,-0.460230472321757,-7.03068225418958,-16.153108821002,-0.633605767976721,7.4603022622928,-6.02263852007049,-2.81,0.101846981566173,-0.021772511489854,17.5765132904053,17.8143692739365,0.169799107000548,1.11051980691679,177.126174926758,-57.4856621844507,-145.175825630812,-177.126174926758,4.30663776397705,17.7019138336182,5.67000007629395,16.1140003204346,36.4500007629395,991.15953329168
8.425,-0.0260395027349994,-0.0601270855086108,0.465,-0.12539696726742,0.197677120639972,-10.2683498765116,-0.108282220415672,-0.037607094528586,5.61565880845666e-05,-0.054873182287357,-0.0205572462167592,-2.5151010077486,-0.209803757538777,-0.031218765173617,-0.0036745484037448,15.1337469566331,8.97635337583043,-0.434158691338225,-7.03150525697506,-16.1237088912731,-0.614537269057754,7.46098984238619,-6.02223197304987,-2.81,0.101990841403159,-0.0232553303399384,17.5765132904053,17.8014692297395,0.169798818163944,1.11051975152347,177.156402587891,-57.8394510345699,-145.99633340896,-177.156402587891,4.30817651748657,17.6868000030518,5.65000009536743,16.1089992523193,36.4500007629395,991.151923114767
8.45,-0.0271745223852127,-0.0590657210067217,0.465,-0.139359687924606,0.148688277466944,-9.86378422224884,-0.10923145030643,-0.0528461606434374,0.0014695228420927,-0.0539007730558288,-0.0224841765424787,-2.51516170649941,-0.0629469479664356,-0.0639849244968355,0.00100109153627399,15.11754312353,9.00788007301921,-0.470866466405279,-7.0030150440883,-16.139480784821,-0.615360885610847,7.46167916526178,-6.02182491627784,-2.81,0.100224366226094,-0.0213576444373634,17.5730209542762,17.7879391635647,0.169798688187472,1.11051972659647,177.169998168945,-57.9986560179035,-146.365561909099,-177.169998168945,4.30886888504028,17.6800003051758,5.65000009536743,16.1089992523193,36.448616027832,991.146494521903
8.475,-0.027792372469483,-0.0535843607222723,0.465,-0.204814197051809,0.115166561760535,-9.61218852854651,-0.125153259982745,-0.0567380752265312,0.00101802362384886,-0.0596201979942623,-0.0229125034859765,-2.51528926015373,-0.15241581412133,-0.0573248265020678,-0.00114679463616826,15.1238265027085,8.98182165627947,-0.471207595435193,-7.02985315273856,-16.1174576658414,-0.658792826292657,7.46236848813736,-6.02141785950581,-2.81,0.0970834341128768,-0.0235139808712541,17.559257041297,17.7927569579196,0.169798688187472,1.11051972659647,177.169998168945,-57.9986560179035,-146.365561909099,-177.169998168945,4.30886888504028,17.6800003051758,5.65000009536743,16.1089992523193,36.4460983276367,991.142850861441
8.5,-0.0274969377226038,-0.051091922369122,0.465,-0.228133828099414,0.272907247446463,-9.41393001215087,-0.126997594320248,-0.0491088423433009,0.00102536185399757,-0.062996573615367,-0.0240981107898432,-2.51526992974216,-0.124667367212284,-0.0556599197059118,-3.18171749073765e-05,15.1177648451717,8.98974566605249,-0.452219320042906,-7.02216858520238,-16.1192423137312,-0.652701279186268,7.46305781101295,-6.02101080273378,-2.81,0.0962088295812289,-0.0234831255979571,17.5493278503418,17.7890416034743,0.169798688187472,1.11051972659647,177.169998168945,-57.9986560179035,-146.365561909099,-177.169998168945,4.30886888504028,17.6800003051758,5.67999982833862,16.1089992523193,36.4435768127441,991.13920720098
8.525,-0.0290706067796158,-0.0482211832426419,0.465,-0.215761210148979,0.249523431875605,-9.46916794821471,-0.133314142009435,-0.0303690642116614,6.62095304907696e-05,-0.0657766997502842,-0.0252430298292976,-2.51514804422474,-0.19658388962525,-0.00088455042866719,0.00300932408656904,15.1167948250057,8.98238457740891,-0.386350856762906,-7.02261640726367,-16.1145878202739,-0.594056934498586,7.46373421707471,-6.02061167883494,-2.81,0.0982544366305472,-0.0242353862177051,17.5493278503418,17.7947495746569,0.169798688187472,1.11051972659647,177.169998168945,-57.9986560179035,-146.365561909099,-177.169998168945,4.30886888504028,17.6800003051758,5.67999982833862,16.1089992523193,36.4410552978516,991.135563540519
8.55,-0.0281300757001132,-0.0453875557170179,0.465,-0.15411145948837,0.248992433123955,-9.64150679700599,-0.119022000957989,0.00245011430172961,0.00349115497117013,-0.0687170746029897,-0.0245029161871207,-2.51510610910356,-0.167025228975059,0.0123268919330296,0.00509775648667533,15.1193753841463,8.98199288777529,-0.381925336679439,-7.0258603456519,-16.1140219467894,-0.627023370661476,7.46436922734211,-6.02023797820158,-2.81,0.0970537150014618,-0.0246260111197761,17.5453312727306,17.793724029748,0.169798520917227,1.11051969421336,177.183135986328,-58.2054821032269,-146.840732075686,-177.183135986328,4.30812931060791,17.6756172180176,5.67999982833862,16.1089992523193,36.439998626709,991.136601291916
8.575,-0.0281300757001132,-0.0453875557170179,0.465,-0.158566392082714,0.210965472348388,-9.94253573076069,-0.103390626376667,0.0276184841146928,0.00474903028491072,-0.0715821462599076,-0.0237195567473785,-2.51507964511575,-0.107148031093614,0.0134457435571056,0.00702686851899053,15.1194498750398,8.98681844018047,-0.388458735297147,-7.02486560842437,-16.1155872615877,-0.671327630419676,7.46500423760951,-6.01986427756822,-2.81,0.0952975543878817,-0.0247137887963725,17.5321622219134,17.7891503515336,0.169798232520252,1.11051963838041,177.205810546875,-58.562078802207,-147.659990983567,-177.205810546875,4.30685472488403,17.6680603027344,5.67999982833862,16.1089992523193,36.439998626709,991.141029031211
8.6,-0.0281153564301754,-0.0453506340453926,0.465,-0.154181738884631,0.229647135878267,-10.1282889528549,-0.0759983318280761,0.033004869055673,0.00685178853831962,-0.0744472179168254,-0.0229361973076362,-2.51505318112795,-0.0472708332121688,0.0145645951811817,0.00895598055130573,15.1143676489804,8.98876712881431,-0.390568255057639,-7.0211155972301,-16.1118837730407,-0.71114312259762,7.46563924787691,-6.01949057693486,-2.81,0.0938142987144602,-0.0249661683575034,17.5233173370361,17.779979374534,0.169797944123277,1.11051958254746,177.228485107422,-58.918675499769,-148.479249891528,-177.228485107422,4.30557918548584,17.6605033874512,5.67999982833862,16.1089992523193,36.439998626709,991.145456770505
8.625,-0.0252758108056712,-0.0393671704309193,0.465,-0.139772266528577,0.268158629761507,-10.0235394408969,-0.0402152001728824,0.0209170368617598,0.00597539688703437,-0.0726985186338425,-0.0227502454072237,-2.51482701301575,-0.10666511207819,0.0374942161142826,0.00811694841831923,15.1043636066295,8.94769350164474,-0.230710872414821,-7.02212300499631,-16.0828647585742,-0.536186653519079,7.46615569240645,-6.01918696382831,-2.81,0.10377873603605,-0.0271013709622691,17.5233173370361,17.7864571375165,0.169797655726303,1.11051952671451,177.251159667969,-59.2752721987492,-149.298508799489,-177.251159667969,4.30430459976196,17.652946472168,5.94000005722046,16.0809993743896,36.439998626709,991.1498845098
8.65,-0.0249673452149674,-0.0422384869514586,0.465,-0.0898259751874068,0.241212534286232,-9.85685351111256,-0.00865553876735352,0.0100906015806886,0.00673684719160312,-0.0726692637133783,-0.0230970782486714,-2.51486298301505,0.0703091073939432,-0.00471632148113922,0.00838804917372253,15.0961300175971,8.93710646090601,-0.269215406945393,-7.02470091920502,-16.0676034125024,-0.568496184122244,7.46664192960896,-6.0189012071184,-2.81,0.101625211189711,-0.0277033069212569,17.5189289217932,17.7763824478142,0.169797543251482,1.11051950493966,177.259994506836,-59.4143449110253,-149.618019773531,-177.259994506836,4.30380725860596,17.6499996185303,5.94000005722046,16.0809993743896,36.439998626709,991.150542213574
8.675,-0.0236817079880643,-0.0393289082260222,0.465,-0.154015664824177,0.188827712285689,-9.76755875522891,0.00210959943000796,0.0101429902511223,0.00760179897534755,-0.0737257896456629,-0.0220613056387394,-2.51481364582737,-0.0534643911291828,0.0298418062250711,0.00750460353419231,15.0977628782113,8.90519722447294,-0.22346976110136,-7.04131785452952,-16.0442245359843,-0.545547594611204,7.46712816681146,-6.01861545040849,-2.81,0.103782861359584,-0.0296366666153085,17.5065053800492,17.7802021413486,0.169797543251482,1.11051950493966,177.259994506836,-59.4143449110253,-149.618019773531,-177.259994506836,4.30380725860596,17.6499996185303,5.94000005722046,16.0809993743896,36.439998626709,991.14878956677
8.7,-0.0230662475320917,-0.0378004354539758,0.465,-0.18489025443804,0.118000784458599,-9.74611803522678,0.0332297460848701,0.0158293537934613,0.00841348325072058,-0.0706491455979724,-0.022451961889052,-2.51470601975111,0.023055079143646,0.0266439070585794,0.0116942052446626,15.088121939432,8.91995928894213,-0.221608358187385,-7.02116933973074,-16.0532699179645,-0.511775032383311,7.46761440401396,-6.01832969369857,-2.81,0.105506551713819,-0.0284707147887626,17.498779296875,17.7737648707124,0.169797543251482,1.11051950493966,177.259994506836,-59.4143449110253,-149.618019773531,-177.259994506836,4.30380725860596,17.6499996185303,5.94000005722046,16.0809993743896,36.439998626709,991.147036919966
8.725,-0.023689202766858,-0.0431791071495655,0.465,-0.147730009972028,0.137836857871375,-9.64823659192889,0.0444548410922738,0.000871189855277844,0.00865049383022385,-0.0688316158833963,-0.0221833020965643,-2.51427270730659,-0.00586095319760339,0.00954324021143102,0.0128090801232767,15.087377010312,8.89196380300763,-0.182994204998407,-7.02641752611449,-16.035834243089,-0.459270161491057,7.46819448575827,-6.0179870847661,-2.81,0.108693371483829,-0.0298959187282363,17.498779296875,17.7757410488537,0.169797543251482,1.11051950493966,177.259994506836,-59.4143449110253,-149.618019773531,-177.259994506836,4.30380725860596,17.6499996185303,5.94000005722046,16.0809993743896,36.439998626709,991.145284273162
8.75,-0.0246266720608291,-0.0476022280030392,0.465,-0.092746982419023,0.156836603716854,-9.64792432927366,0.0637483499138253,-0.0233368011975313,0.00987860062332798,-0.0679107755422592,-0.0233517587184906,-2.51432299613953,0.165934413671494,-0.0480530187487602,0.0103545673191547,15.0771677131772,8.87207389891037,-0.234466430532269,-7.03344790302534,-16.0120674114919,-0.483698078674626,7.46886722181087,-6.01758834466976,-2.81,0.10616305194803,-0.030908647482055,17.495432548619,17.7656532789076,0.169797359521507,1.1105194697693,177.274505615234,-59.6389727532487,-150.139947643725,-177.274505615234,4.30431365966797,17.641939163208,5.65999984741211,16.1200008392334,36.439998626709,991.143748093612
8.775,-0.0246384922418058,-0.0444353455564772,0.465,-0.0823950612536675,0.114398269638632,-9.74129691144038,0.0513542852303755,-0.0401263242921477,0.00925618465502736,-0.0691982936781169,-0.0236189231749467,-2.51419515315633,-0.0394113017003894,-0.0262446629270296,0.00650475319219941,15.0751215603274,8.85391902217137,-0.222543483020862,-7.04059938435778,-15.9969444260109,-0.477940426992023,7.46953995786347,-6.01718960457341,-2.81,0.106122101563855,-0.0321055720139656,17.4871276547987,17.7645194665867,0.169797072443421,1.1105194148156,177.297180175781,-59.9899537559251,-150.955459940652,-177.297180175781,4.30510520935059,17.6293449401855,5.65999984741211,16.1200008392334,36.439998626709,991.142333676893
8.8,-0.0243246329283605,-0.0428539626455273,0.465,-0.135767664872751,0.0845968549940512,-9.8974363707294,0.0331724136033961,-0.0487121028225595,0.00709933716214763,-0.0669268723041185,-0.0252132947764783,-2.51402158449649,-0.0416079533259421,-0.0328286989821107,0.00575363966300088,15.0679132308386,8.87416642100324,-0.245075808086953,-7.02059201424083,-16.0110757677915,-0.457866223989381,7.47021269391607,-6.01679086447706,-2.81,0.105849650078512,-0.0307165561876017,17.4823760986328,17.7595519402605,0.169796785365335,1.11051935986191,177.319854736328,-60.3409347571833,-151.770972237657,-177.319854736328,4.3058967590332,17.6167507171631,5.65999984741211,16.1200008392334,36.439998626709,991.140919260174
8.825,-0.0251262808117311,-0.0442997953634407,0.465,-0.127306243397897,0.0862141195510969,-9.83676252029595,0.0329133003504119,-0.0587754032681801,0.00368372866886586,-0.0646554509301201,-0.02680766637801,-2.51384801583666,-0.0438046049514948,-0.0394127350371917,0.00500252613380235,15.0606502111211,8.88983872316658,-0.263016629415904,-7.00287759209938,-16.0216709910321,-0.432850018128799,7.47087093448047,-6.01640237651524,-2.81,0.105834044327873,-0.0295819534122235,17.4823760986328,17.7551580814033,0.169796498287249,1.11051930490822,177.342529296875,-60.6919157612779,-152.586484534663,-177.342529296875,4.30668783187866,17.6041564941406,6.03000020980835,16.0629997253418,36.439998626709,991.139504843455
8.85,-0.0274901083183687,-0.0485631374360598,0.465000052163228,-0.110978448837193,0.134851841111135,-9.68461397377001,0.0242360784079558,-0.0597878736009637,0.00124839297526658,-0.0650849942923722,-0.0271820093851948,-2.51388643801402,-0.0455117827773289,-0.038615696730372,0.00418383423427749,15.0637509431216,8.87288840778375,-0.352269200335168,-7.0217052289064,-16.0061014324973,-0.51885197680942,7.47150100828328,-6.01603380988514,-2.81,0.100518415228737,-0.030590576981921,17.4800296418313,17.7511643956741,0.169796403551481,1.1105192867735,177.350006103516,-60.8077394913386,-152.855603592698,-177.350006103516,4.30694913864136,17.6000003814697,6.03000020980835,16.0629997253418,36.439998626709,991.138018322231
8.875,-0.0279719600103629,-0.0461721414758981,0.465215675806201,-0.102136946014478,0.132583055464836,-9.83793942152423,0.0322174832203923,-0.0506095292905911,0.00470887604057691,-0.066782835896973,-0.0283259391765522,-2.51403552680686,-0.0512053128427515,-0.0352427032783452,0.00142505435125677,15.0651804084328,8.87115259281054,-0.350962224955337,-7.02793068999247,-16.0038439437387,-0.515124051101565,7.47213108208608,-6.01566524325505,-2.81,0.0994895880401788,-0.0308545796123935,17.4748468086762,17.7561809172953,0.169796403551481,1.1105192867735,177.350006103516,-60.8077394913386,-152.855603592698,-177.350006103516,4.30694913864136,17.6000003814697,6.03000020980835,16.0629997253418,36.439998626709,991.136496286849
8.9,-0.0281365665323381,-0.045398392187346,0.465909384651237,-0.116691415468617,0.121432845279233,-10.0641615769709,0.0368058111748528,-0.0467193790646379,0.00488551082032947,-0.0663613417626714,-0.0294978510582709,-2.51401409887904,-0.00560430930867135,-0.0439016774048064,0.00224326196451184,15.0613600471135,8.86887386066036,-0.351735190866717,-7.02603541007444,-16.0004857974594,-0.494457613214084,7.47275795346064,-6.0152984365453,-2.81,0.0994977765067319,-0.0309283955076039,17.4721393585205,17.7561457579073,0.169796403551481,1.1105192867735,177.350006103516,-60.8077394913386,-152.855603592698,-177.350006103516,4.30694913864136,17.6000003814697,6.03000020980835,16.0629997253418,36.439998626709,991.134974251466
8.925,-0.0300282282446597,-0.0495246549186051,0.466603088519202,-0.126271403550491,0.12214013241715,-9.9680068905252,0.0464745094394648,-0.0487822726691239,0.00251381885621652,-0.0619539059031716,-0.0316994380046351,-2.51381817987137,-0.0174431721780715,-0.0359797364033406,0.0027213793923288,15.0601307324319,8.8408665751746,-0.370388997100736,-7.03690862950113,-15.9810700880986,-0.439275843275359,7.4733342098811,-6.01495944569296,-2.81,0.100436995312705,-0.0319770004903772,17.4721393585205,17.7620618629086,0.169796403551481,1.1105192867735,177.350006103516,-60.8077394913386,-152.855603592698,-177.350006103516,4.30694913864136,17.6000003814697,5.71000003814697,16.1110000610352,36.439998626709,991.133452216083
8.95,-0.031618727005075,-0.0539636058230283,0.467296789089454,-0.108816003929254,0.160026707996811,-9.58395898573168,0.0401234625263206,-0.0688200339436719,0.00111129585414845,-0.0608447652316878,-0.033620032803465,-2.51392462792534,0.0969339430677604,-0.0839735417202383,0.00120540542877313,15.0541531806235,8.84616565016635,-0.433316671393584,-7.03443347809125,-15.9803481023173,-0.463851489855899,7.47391046630155,-6.01462045484062,-2.81,0.0972066153258912,-0.0315239746615146,17.4705788110305,17.7570319700149,0.169796203520043,1.11051924830592,177.371154785156,-61.0534261929284,-153.423839573068,-177.371154785156,4.30611848831177,17.5806045532227,5.71000003814697,16.1110000610352,36.439998626709,991.134243981964
8.975,-0.0327218659061465,-0.0512350224782282,0.467990491311985,-0.122146584310601,0.141393183326194,-9.24311543237176,0.0430998716600245,-0.0869728358815208,0.000192169428498795,-0.0619050692188604,-0.0349356406191105,-2.51404870953718,-0.00596206629735301,-0.081272261600645,-0.00328746390835645,15.0529598500062,8.81682717255194,-0.43191106656032,-7.05385658321527,-15.9547812605118,-0.450167789406233,7.47448672272201,-6.01428146398829,-2.81,0.0965082273237024,-0.0332718438817011,17.4674731670159,17.7610558098896,0.169795917760845,1.11051919335223,177.401397705078,-61.4044071956048,-154.235605259198,-177.401397705078,4.30493116378784,17.5528984069824,5.71000003814697,16.1110000610352,36.439998626709,991.136027376958
9,-0.0325674007903837,-0.0498248808072883,0.468684190222167,-0.17082152817508,0.127677491067554,-8.9139636385744,0.0387411424086295,-0.085887438849802,-0.00142883318953646,-0.059484374526066,-0.0378199982986167,-2.51411898460347,-0.0316144089970542,-0.074987566845403,-0.00302906404029887,15.0501847176992,8.8296154899294,-0.451461421308486,-7.04551855191141,-15.964647432547,-0.405817497084665,7.47506297914246,-6.01394247313595,-2.81,0.0962287359473864,-0.0322162604152726,17.4660053253174,17.7663702172547,0.169795632001648,1.11051913839853,177.431610107422,-61.7553881982812,-155.047370945406,-177.431610107422,4.30374431610107,17.5251884460449,5.88000011444092,16.0860004425049,36.439998626709,991.137810771952
9.025,-0.03352942161931,-0.0517535310639632,0.468990353368402,-0.226048449311088,0.180173281967424,-8.5276073082692,0.0454700312780021,-0.0927615740211452,-0.00230228894976785,-0.0560550978267352,-0.0411282594446058,-2.51417909663987,-0.00766682964414736,-0.075434330285107,-0.00124373816599839,15.0429977419202,8.85419527585111,-0.479945975342319,-7.02627048411887,-15.9819821244571,-0.355912409309301,7.47565889016174,-6.01359210742342,-2.81,0.0959329283444953,-0.0303773363659091,17.4660053253174,17.7678727204779,0.16979534624245,1.11051908344484,177.461837768555,-62.1063692009576,-155.859136631615,-177.461837768555,4.30255699157715,17.4974803924561,5.88000011444092,16.0860004425049,36.439998626709,991.139594166945
9.05,-0.0363647584989094,-0.0574377876166005,0.469,-0.249299757889728,0.251911148571586,-8.16993091584307,0.0682421821777777,-0.0894644616291495,-0.00399975115933515,-0.0559784722526666,-0.0416410487718322,-2.51426934546829,-0.00245096305956111,-0.0702064758291104,-0.00223176153835325,15.034685076655,8.83894650284273,-0.523244929167171,-7.03285518927028,-15.9633708877641,-0.390196971601669,7.47630649967051,-6.01321182183844,-2.81,0.0934951224291292,-0.0312292105588703,17.4650406056748,17.7588537087644,0.169795269087467,1.11051906860735,177.470001220703,-62.2011340716519,-156.078313366838,-177.470001220703,4.30223655700684,17.4899997711182,5.88000011444092,16.0860004425049,36.439998626709,991.134767162409
9.075,-0.0363647584989094,-0.0574377876166005,0.469,-0.261740412862533,0.231584102664365,-8.15375905211211,0.0963214194395268,-0.0601431472176838,-0.00167891149061683,-0.0560763398632953,-0.0431874497128607,-2.51460002553818,0.0143658046680445,-0.0506107863024927,-0.00612582750530424,15.0414351953407,8.83210075650244,-0.518424218432593,-7.04782720843877,-15.9598379173203,-0.362278169031851,7.47695410917928,-6.01283153625346,-2.81,0.0934011051523574,-0.0315442460009887,17.4632936809165,17.7736757715282,0.169795269087467,1.11051906860735,177.470001220703,-62.2011340716519,-156.078313366838,-177.470001220703,4.30223655700684,17.4899997711182,5.88000011444092,16.0860004425049,36.439998626709,991.127495215582
9.1,-0.0363665400622744,-0.057461434426002,0.469,-0.290596307490401,0.222133743375738,-8.08348060166693,0.120543533974746,-0.0220676631441167,-0.00434199446875349,-0.0531932730945017,-0.0440016486520969,-2.51488792895222,0.100087547282636,-0.0352087098334545,-0.00829302030110274,15.0495347529635,8.8288871045329,-0.500943773508967,-7.05732593763384,-15.9621038930861,-0.306721968217298,7.47760171868805,-6.01245125066848,-2.81,0.0956967045150127,-0.0312953103121104,17.4625549316406,17.7911806967296,0.169795269087467,1.11051906860735,177.470001220703,-62.2011340716519,-156.078313366838,-177.470001220703,4.30223655700684,17.4899997711182,5.8899998664856,16.0930004119873,36.439998626709,991.120223268754
9.125,-0.03666415851377,-0.0666537040727663,0.469380245236776,-0.297274152514441,0.213482247594881,-8.30726586819433,0.141340885057054,-0.000448519212080932,-0.00950127162541272,-0.0459561022682042,-0.0443006259007601,-2.51519418117529,0.0740900952493179,0.0222224928623994,-0.00890829551623744,15.0515931347604,8.80567182554375,-0.437232842121944,-7.06724924677167,-15.9469505342953,-0.173900812291357,7.47819498549784,-6.01210391762587,-2.81,0.102968808247031,-0.0316146892640286,17.4625549316406,17.8106750051268,0.169795269087467,1.11051906860735,177.470001220703,-62.2011340716519,-156.078313366838,-177.470001220703,4.30223655700684,17.4899997711182,5.8899998664856,16.0930004119873,36.439998626709,991.112951321926
9.15,-0.0357065790918269,-0.0720547876519785,0.470154141057448,-0.255444149707235,0.267272696131677,-8.44472473585334,0.131025574016785,0.0213887350043745,-0.0123797961071194,-0.0425511027497467,-0.0438659042743823,-2.51588130056384,0.198307873751348,0.0220809948074016,-0.0146269207695923,15.0525866109051,8.82513025013238,-0.473515425592082,-7.06707263652206,-15.9595989230345,-0.187592736726723,7.47861948439608,-6.01185892274205,-2.81,0.102736529072503,-0.029982953790031,17.4633013631595,17.8160520386652,0.169795052578714,1.11051902650842,177.479568481445,-62.4700135989337,-156.693357005474,-177.479568481445,4.30206966400146,17.4899997711182,5.8899998664856,16.0930004119873,36.4380874633789,991.110878893951
9.175,-0.0328360568692146,-0.0745860449035555,0.470963465501287,-0.236317716098422,0.222042460893824,-8.87538097352771,0.144960139413917,0.0553980572591943,-0.0165035221664175,-0.0421245566034165,-0.0423097956611734,-2.51614362170852,0.0743312124047979,0.0678088806091046,-0.0177215196337368,15.0658672232751,8.7949800161331,-0.4268700637312,-7.09626884121302,-15.9415169591441,-0.158909720895571,7.47904398329432,-6.01161392785824,-2.81,0.105718551896865,-0.0315630374342654,17.4645413031206,17.834545068797,0.169794767698776,1.1105189711151,177.492172241211,-62.8238024490529,-157.502624951072,-177.492172241211,4.30184936523438,17.4899997711182,5.8899998664856,16.0930004119873,36.4355659484863,991.110448419297
9.2,-0.0318837911585107,-0.07460052478577,0.47177278225542,-0.232088830563802,0.104339689267734,-9.63635097266992,0.115051641030255,0.0944572816452408,-0.019131181592881,-0.040176056915906,-0.0400118081618963,-2.51663469585711,0.0813188569320304,0.0858459826162082,-0.0178451279172534,15.0677651983988,8.82469923952358,-0.433433673488299,-7.08688509028068,-15.9637987277319,-0.184172172336251,7.47946848219256,-6.01136893297442,-2.81,0.106696797849349,-0.0295861353956168,17.4650039672852,17.8360446007071,0.169794482818837,1.11051891572178,177.504760742188,-63.1775912991721,-158.31189289667,-177.504760742188,4.3016300201416,17.4899997711182,5.80000019073486,16.121000289917,36.4330444335938,991.110017944643
9.225,-0.0282278115022555,-0.0801620246225757,0.472582104773346,-0.162019912982619,0.230625821260208,-9.74545506075326,0.0873067014790128,0.106985686405708,-0.0223782288293486,-0.0335707396045247,-0.0365991707528814,-2.51739405848785,0.0341538556894177,0.119422437609649,-0.0194740638475479,15.0696813261767,8.84639731421199,-0.378353620315697,-7.07995589616618,-15.9798698037314,-0.123197968969395,7.47993191313427,-6.01110064324434,-2.81,0.113697449246157,-0.0273847109891478,17.4650039672852,17.8489662655416,0.169794197938899,1.11051886032846,177.517364501953,-63.5313801507094,-159.121160842268,-177.517364501953,4.30141019821167,17.4899997711182,5.80000019073486,16.121000289917,36.4305305480957,991.10958746999
9.25,-0.027754577472849,-0.0850787532100917,0.473,-0.0941820773883113,0.183074537540114,-9.73312151515345,0.0718104747281634,0.0802197346468294,-0.0233370180479699,-0.032399715418745,-0.0354350116950478,-2.51825846572498,0.13379390793537,0.0473771119397285,-0.0236306535323406,15.0590850170457,8.86272507071755,-0.405112781720506,-7.07605245017614,-15.9810060056456,-0.158058108060767,7.48054089534994,-6.01074526344019,-2.81,0.113006778308209,-0.0262067791870971,17.4668486712862,17.8418974577481,0.169794138114112,1.11051884869586,177.520004272461,-63.6056758083694,-159.291107110801,-177.520004272461,4.30136394500732,17.4899997711182,5.80000019073486,16.121000289917,36.4300003051758,991.110990971102
9.275,-0.0267916997127292,-0.0828316326433731,0.473,-0.0933095384083251,0.146079286225589,-9.78998495785971,0.0342974056051603,0.0451513390084007,-0.0253124992339262,-0.0343268863330906,-0.0339656677863073,-2.51873315481238,-0.0289364547594885,0.0543717010753035,-0.027814089225982,15.0511635137785,8.85763743299624,-0.374685209922176,-7.07977665380999,-15.9682355080709,-0.16694403372846,7.48114987756562,-6.01038988363604,-2.81,0.113953622205944,-0.0267018530062627,17.4696790949824,17.8371807125745,0.169794138114112,1.11051884869586,177.520004272461,-63.6056758083694,-159.291107110801,-177.520004272461,4.30136394500732,17.4899997711182,5.80000019073486,16.121000289917,36.4300003051758,991.112881984759
9.3,-0.0261650461583476,-0.081583378812298,0.473,-0.126364993818002,0.0906192617047207,-9.89856836331129,0.0102346192025049,0.0445837491118928,-0.0289978050333584,-0.0346031604667658,-0.0328650910233782,-2.51942181620879,-0.0190616141147657,0.0458984069855592,-0.0279363734200503,15.0449996793217,8.88949417265042,-0.377849478807644,-7.0674061449206,-15.9854120665506,-0.190430224303677,7.48175885978129,-6.0100345038319,-2.81,0.113800496002391,-0.0248666571827718,17.4705944061279,17.8339144795128,0.169794138114112,1.11051884869586,177.520004272461,-63.6056758083694,-159.291107110801,-177.520004272461,4.30136394500732,17.4899997711182,5.98999977111816,16.113000869751,36.4300003051758,991.114772998416
9.325,-0.0251303115084904,-0.0820833610138537,0.473,-0.112623964782584,0.150971947411839,-9.92366598230119,-0.0455728988050165,0.0548265295994341,-0.0311531941365892,-0.0331062779414139,-0.0311750956572418,-2.52042394636157,-0.110522207988721,0.075318411116875,-0.0278418555810699,15.0321281612756,8.92288846483312,-0.329927534860564,-7.0502195897156,-15.9988018432271,-0.156240548736795,7.48233218302372,-6.00970063202203,-2.81,0.117535932387106,-0.0226585933886936,17.4705944061279,17.8331052612891,0.169794138114112,1.11051884869586,177.520004272461,-63.6056758083694,-159.291107110801,-177.520004272461,4.30136394500732,17.4899997711182,5.98999977111816,16.113000869751,36.4300003051758,991.116664012073
9.35,-0.0239481302148379,-0.0819048006401313,0.473,-0.0250540874608759,0.174260163704716,-10.0814716867422,-0.0653551693393619,0.0407446532779534,-0.0312046147700226,-0.0358787423083791,-0.0306426821714992,-2.52144241911096,-0.0141254661515964,0.0153057761245588,-0.0285057452814193,15.0173496104357,8.95716423103046,-0.348490870889578,-7.037035935427,-16.0096660051971,-0.209155244603465,7.48277697311756,-6.00944428600652,-2.81,0.115168480258122,-0.0209816506968154,17.4675087532409,17.8211614316739,0.169793904152066,1.11051880363383,177.528274536133,-63.8934802315284,-159.955730899846,-177.528274536133,4.30255365371704,17.4899997711182,5.98999977111816,16.113000869751,36.4300003051758,991.11121789274
9.375,-0.0237933083246455,-0.0759980174735215,0.473,0.0206462244028257,0.106832754964823,-10.1244346286781,-0.0991638204526069,0.00135473637237769,-0.030575734987675,-0.0391819021822268,-0.0299255237711183,-2.52194423695441,-0.15363703444452,0.0155809866554222,-0.0303297731755125,15.0083013561336,8.94422762963486,-0.304209539901632,-7.04502254667869,-15.9895747606552,-0.204981027462238,7.48322176321139,-6.009187939991,-2.81,0.116057441015164,-0.0220870935756429,17.4631100565721,17.8175230507841,0.169793618832498,1.11051874868014,177.538330078125,-64.2444612342048,-160.76624771571,-177.538330078125,4.30400466918945,17.4899997711182,5.98999977111816,16.113000869751,36.4300003051758,991.10416118324
9.4,-0.0230158694104818,-0.0758443523747652,0.473,-0.0270694821106717,0.0304990350083905,-10.2181750824235,-0.114703518321714,-0.0262083065318546,-0.0298399812425969,-0.043873424835976,-0.0308305646070966,-2.52300718221169,-0.145359493583445,-0.0345142872578627,-0.0268688796657323,14.9897068684849,8.98879817748668,-0.296945783479511,-7.0237688011561,-16.0060125584063,-0.228506641178401,7.48366655330522,-6.00893159397548,-2.81,0.113908210098405,-0.0200556170138845,17.4619064331055,17.8064992723135,0.16979333351293,1.11051869372645,177.548416137695,-64.5954422368812,-161.576764531652,-177.548416137695,4.30545520782471,17.4899997711182,6.23000001907349,16.1009998321533,36.4300003051758,991.097104473739
9.425,-0.025712090697949,-0.0706260697548583,0.473,-0.0408514421836808,0.0709891937007858,-10.1047791046731,-0.14258073833209,-0.0443741609870745,-0.0274764248780687,-0.04424939097557,-0.0324892502633546,-2.52354925355101,-0.216987074768106,-0.0325092504019885,-0.0234955916772739,14.981082203989,9.0067839108256,-0.258171920584513,-7.01354111005177,-16.0125948920048,-0.169348993846938,7.4841073170346,-6.00867745432074,-2.81,0.115610207434622,-0.0190010701729427,17.4619064331055,17.8110418491366,0.169793048193362,1.11051863877276,177.558486938477,-64.9464232395576,-162.387281347437,-177.558486938477,4.30690574645996,17.4899997711182,6.23000001907349,16.1009998321533,36.4300003051758,991.090047764238
9.45,-0.0274691546066092,-0.0695090932292965,0.473,-0.0289279884406766,0.174584510918272,-9.5934990723896,-0.145192718303646,-0.0695197142255311,-0.0255679942054018,-0.0492731733086049,-0.0351799684373686,-2.52438107272902,-0.0640653145018025,-0.0980917644949538,-0.0219403376737897,14.9622044310008,9.01766595224457,-0.30555989841943,-7.01150237414066,-16.0021406466965,-0.222613327583082,7.48454702602582,-6.00842389263973,-2.81,0.109946988488163,-0.0189108561219343,17.4590372186464,17.796190394716,0.169793005395427,1.1105186305297,177.559997558594,-64.9990703901008,-162.508858869853,-177.559997558594,4.30712366104126,17.4899997711182,6.23000001907349,16.1009998321533,36.4300003051758,991.095209616558
9.475,-0.0287275964999164,-0.0688783711215397,0.473,-0.041339787013676,0.101420828614565,-9.15736819790167,-0.149354252882792,-0.103406438200309,-0.0226236161195173,-0.0546021039007799,-0.0373028827384791,-2.52492734781995,-0.126985962018691,-0.101374728520858,-0.0205927705080307,14.9560181523776,9.00925375534296,-0.279606929264347,-7.0226343829433,-15.9863922313348,-0.212560548365472,7.48498673501703,-6.00817033095872,-2.81,0.108248866901021,-0.0199536385953122,17.4552179331743,17.7983896603131,0.169793005395427,1.1105186305297,177.559997558594,-64.9990703901008,-162.508858869853,-177.559997558594,4.30712366104126,17.4899997711182,6.38000011444092,16.1049995422363,36.4300003051758,991.10252768567
9.5,-0.0287489870352131,-0.0687862799648401,0.473,-0.131271941494502,0.00627751185957673,-9.11614028802916,-0.185488413738191,-0.114937870417478,-0.0194127940910268,-0.0599310344929549,-0.0394257970395896,-2.52547362291089,-0.18990660953558,-0.104657692546762,-0.0192452033422718,14.955354085708,9.00885469830612,-0.263323763560148,-7.03429509963672,-15.9801446261406,-0.212340263278944,7.48543631999172,-6.00791081043696,-2.81,0.105973512102065,-0.0205221683446676,17.4543628692627,17.8049398729956,0.169793005395427,1.1105186305297,177.559997558594,-64.9990703901008,-162.508858869853,-177.559997558594,4.30712366104126,17.4899997711182,6.38000011444092,16.1049995422363,36.4300003051758,991.109845754782
9.525,-0.032562842549144,-0.0526885241330613,0.473,-0.20348355008331,0.0594599869592827,-8.96499668195243,-0.185577924732796,-0.0887909805055837,-0.0187156532680224,-0.0602235861222835,-0.041697755088188,-2.52575599784152,-0.217060209778739,-0.047141531042531,-0.0146332454457272,14.9375321993958,9.05130096321452,-0.198589611182921,-6.99602276661086,-16.00427125813,-0.119675033328123,7.48601908353801,-6.00757093438372,-2.81,0.109133252991114,-0.0181162459070067,17.4543628692627,17.8017246899998,0.169793005395427,1.1105186305297,177.559997558594,-64.9990703901008,-162.508858869853,-177.559997558594,4.30712366104126,17.4899997711182,6.38000011444092,16.1049995422363,36.4300003051758,991.117163823894
9.55,-0.0322412715800022,-0.0533143006976933,0.473,-0.168419202082939,0.0152469731893133,-9.04635363068949,-0.210639552280581,-0.0446745330081208,-0.0164485407478806,-0.062667406293193,-0.0419319326199028,-2.5259306837161,-0.238261381644541,-0.0399340047214518,-0.0149194351128558,14.953501439557,9.05596478358583,-0.222814172204758,-7.01271078524819,-16.0144622020383,-0.161979756967441,7.4866018470843,-6.00723105833048,-2.81,0.106347264932893,-0.0181070529929656,17.4593287979626,17.8153516154249,0.169792755087956,1.11051858255733,177.568878173828,-65.305462765742,-163.219915656076,-177.568878173828,4.30627250671387,17.4789161682129,6.30000019073486,16.1060009002686,36.4277839660645,991.115539089559
9.575,-0.031945744120248,-0.0414970461134152,0.473,-0.0830669011797276,0.144150618166669,-8.97400819118297,-0.221434964558683,-0.0403188381489831,-0.0140806469961241,-0.0707565819070338,-0.042549080494035,-2.5264900888958,-0.306687300084099,-0.0211403649834306,-0.0162184756265031,14.9539983898339,9.05884122868674,-0.225839702388719,-7.02712342218917,-16.0094610628877,-0.228842098587035,7.48718461063059,-6.00689118227724,-2.81,0.101788771160655,-0.018801067318526,17.465528497768,17.8151317143629,0.169792470647647,1.11051852804327,177.578948974609,-65.6536359209756,-164.027934731487,-177.578948974609,4.30530548095703,17.4663219451904,6.30000019073486,16.1060009002686,36.4252624511719,991.112694882025
9.6,-0.0319712671269128,-0.0377105015472648,0.473,-0.145601157503288,0.146591862497117,-8.91372127390203,-0.229216316603953,-0.0698901445981394,-0.0112060356089636,-0.0776742181572393,-0.0440293975329469,-2.52695744283768,-0.296753096657431,-0.0455081386699955,-0.0157453971478057,14.940532202419,9.07560837896735,-0.176223043483309,-7.01610602030148,-16.0106975440784,-0.22146097824675,7.48776143025364,-6.00655476746991,-2.81,0.100717972084875,-0.0185596464404838,17.4666080474854,17.8085815826298,0.169792186207338,1.1105184735292,177.589019775391,-66.0018090747911,-164.835953806819,-177.589019775391,4.30433797836304,17.453727722168,6.30000019073486,16.1060009002686,36.4227447509766,991.109850674492
9.625,-0.0357763175409006,-0.0282427044940758,0.473,-0.135239762319063,0.228738368223548,-9.74454831274389,-0.22624122787668,-0.0572584892577699,-0.0100479609908433,-0.0818413956762685,-0.0468049490102653,-2.52735685626628,-0.213719054065038,-0.0267080643037118,-0.0100700036577795,14.9366031259114,9.07433584554212,-0.0452541707709662,-7.01291131721166,-16.0080979514076,-0.0872167054796949,7.48819004987998,-6.00630465199912,-2.81,0.105361592887737,-0.0189759663901843,17.4666080474854,17.8250205871319,0.169791901767029,1.11051841901514,177.599090576172,-66.3499822300247,-165.643972882152,-177.599090576172,4.30337047576904,17.4411354064941,6.30000019073486,16.1060009002686,36.4202270507812,991.107006466959
9.65,-0.034512934458122,-0.0250657328405012,0.473,-0.0774930705882262,0.224817357187397,-10.3559648125998,-0.217733374912598,0.0115243987211934,-0.00917692258319561,-0.0912503044091539,-0.0452075073185401,-2.52790791500484,-0.214863014378001,0.0343104900781927,-0.00979696508897341,14.9568159946894,9.04435628677751,-0.00660026079846729,-7.05938688121802,-15.9890001360303,-0.153949394035448,7.48861866950633,-6.00605453652833,-2.81,0.102688090414405,-0.0215688517348864,17.4602590844373,17.8425971531043,0.169791876167401,1.11051841410888,177.600006103516,-66.3813178140099,-165.716694598885,-177.600006103516,4.30328369140625,17.4400005340576,6.30000019073486,16.1060009002686,36.422290802002,991.105589282903
9.675,-0.03229713511975,-0.0180729788465838,0.473,0.0880996377197455,0.418347802121428,-10.5590735454246,-0.173866212777255,0.0411728643835175,-0.00945965865444416,-0.0912773848578172,-0.0456888547749574,-2.52820094029659,-0.181952350674058,0.0368884536091194,-0.0114859050050382,14.9611167653102,9.04015198674303,0.0666386682395635,-7.06349513434697,-15.9895413017435,-0.073545684158716,7.48904728913267,-6.00580442105753,-2.81,0.106624953576066,-0.0217386431678763,17.4527962682229,17.8588822526112,0.169791876167401,1.11051841410888,177.600006103516,-66.3813178140099,-165.716694598885,-177.600006103516,4.30328369140625,17.4400005340576,6.69999980926514,16.0520000457764,36.4248123168945,991.104313233037
9.7,-0.0319840288512275,-0.0174452663615786,0.473,0.138220270652593,0.33444617300729,-10.4942828233298,-0.0661621794634006,-0.0108403914920388,-0.0112154141457575,-0.0912271252749664,-0.0473816252009628,-2.5285152593162,-0.0537299775370727,-0.0257554328528339,-0.0107621886705023,14.9460726572623,9.02140473267402,0.0817372273238169,-7.06557696227963,-15.9641513408879,-0.0317231230822437,7.48947590875901,-6.00555430558674,-2.81,0.107267584442492,-0.0227211422774607,17.451868057251,17.8533481844458,0.169791876167401,1.11051841410888,177.600006103516,-66.3813178140099,-165.716694598885,-177.600006103516,4.30328369140625,17.4400005340576,6.69999980926514,16.0520000457764,36.4273300170898,991.103037183171
9.725,-0.0334345037735031,-0.0185725002693725,0.473,0.0418632664671703,0.308309429076428,-10.0806581577227,-0.034538830414554,-0.0750027345859849,-0.0124823963800313,-0.0911768656921156,-0.0490743956269682,-2.52882957833582,0.0744923955999124,-0.0883993193147873,-0.0100384723359664,14.9278690840955,9.02171430766555,0.0787267968831975,-7.05580935982285,-15.9516224719637,-0.00985593010583648,7.48990452838536,-6.00530419011595,-2.81,0.106919405663918,-0.0226430960108575,17.451868057251,17.8423049714323,0.169791876167401,1.11051841410888,177.600006103516,-66.3813178140099,-165.716694598885,-177.600006103516,4.30328369140625,17.4400005340576,6.69999980926514,16.0520000457764,36.4298477172852,991.101761133304
