0,-0.0700445203661756,-0.0389717117731185,0.446211730888185,-0.551873224412704,-0.0660429045385265,-7.21308857280236,0.237782265127871,0.0472384389372842,0.233524264147391,0.144166141748428,-0.142225757241249,-2.65531015396118,0.165218710899353,0.0480982139706612,0.222620785236359,12.741561211239,8.13901891832401,-1.23069886006484,-7.30998516207152,-13.1749526679357,1.75794478431428,7.46619664730159,-6.35446318335158,-2.81,0.137826175887603,-0.0324207018197626,15.1739826202393,16.9032761684094,0.169853107553549,1.11053899503142,179.059997558594,0,0,-179.059997558594,4.18215799331665,14.960000038147,5.09999990463257,15.5279998779297,29.7099990844727,991.282958984375
0.025,-0.0674846508391975,-0.0516740386492863,0.446211730888185,-0.551873224412704,-0.0618260980680569,-7.2323582492484,0.237782265127871,0.0472384389372842,0.233524264147391,0.15135766347509,-0.141120849896397,-2.6495612229679,0.249035608231297,0.0909499488524213,0.222958916981772,12.8506058520749,8.0927595898008,-1.20254545626314,-7.34460240706661,-13.2194299182994,1.83859517984701,7.46626468982481,-6.35443399562197,-2.81,0.14353149181488,-0.0345979011400715,15.1739826202393,16.9734908114464,0.169853107553549,1.11053899503142,179.059997558594,0,0,-179.059997558594,4.18215799331665,14.960000038147,5.09999990463257,15.5279998779297,29.7099990844727,991.287408792748
0.05,-0.0674846508391975,-0.0516740386492863,0.446211730888185,-0.30356496144126,0.046730225834996,-8.05830662458543,0.260398714777483,0.104090145831453,0.220558938297078,0.154027693422082,-0.139721428432331,-2.64536556219995,0.223741684293257,0.107370030606223,0.218458280156536,12.8962935990325,8.06670515264494,-1.19471529013589,-7.34086130241542,-13.2473955350424,1.85249348540823,7.46633273234803,-6.35440480789236,-2.81,0.14605775002546,-0.0363076368436014,15.1739826202393,16.9854397013791,0.169853107553549,1.11053899503142,179.059997558594,0,0,-179.059997558594,4.18215799331665,14.960000038147,5.26000022888184,15.5129995346069,29.7099990844727,991.29185860112
0.075,-0.0650683500001646,-0.0560147893348915,0.446211730888185,-0.213550165877185,0.191680173581191,-8.423058750717,0.223067455679921,0.129336849495405,0.21737879775635,0.156830526999149,-0.138288344364093,-2.64114570767564,0.199445513358117,0.124172583419094,0.213950379142286,12.9358527197861,8.05535068701554,-1.19768974007798,-7.32464426058609,-13.2875217626241,1.85762559627691,7.46640077487125,-6.35437562016275,-2.81,0.148080535830847,-0.0371260824717382,15.248533937809,16.9891217365899,0.169853107553549,1.11053899503142,179.059997558594,0,0,-179.059997558594,4.18215799331665,14.960000038147,5.26000022888184,15.5129995346069,29.7099990844727,991.296308409493
0.1,-0.0674421172746467,-0.0593838418125601,0.446211730888185,-0.172933906596276,0.15313273290709,-8.8643136433644,0.2417726644272,0.154677249250879,0.210091473668041,0.162318457575831,-0.136112865584446,-2.6363529817485,0.198694918754617,0.149005016270184,0.209828555750808,13.0559954163916,8.01045509174279,-1.1547609700008,-7.38413247914477,-13.3314787614045,1.92513416471746,7.46653533624392,-6.35431557334456,-2.81,0.153683561773749,-0.0391956663968738,15.3234904255828,17.0776062805569,0.169853107553549,1.11053899503142,179.059997558594,0,0,-179.059997558594,4.18215799331665,14.960000038147,5.26000022888184,15.5129995346069,29.7099990844727,991.300758217866
0.125,-0.062997258577005,-0.0707285597700533,0.446211730888185,-0.173878001213915,0.206663300645813,-9.52766220141235,0.18998813066761,0.187535212982129,0.205866032097308,0.16728766385317,-0.132604266828975,-2.63025497324549,0.225417498096731,0.179121279998935,0.207935461686569,13.1336827760119,7.98766382787837,-1.16309813318,-7.38316989912519,-13.3962370289841,1.91802754397381,7.46668536301804,-6.35424835189546,-2.81,0.156949544728744,-0.0403787136683547,15.3243007659912,17.1015218706237,0.169852886066092,1.11053893767077,179.004821777344,-0.36635388733076,-0.62917389690498,-179.004821777344,4.1842098236084,15.0079784393311,5.26000022888184,15.5129995346069,29.7099990844727,991.303890259118
0.15,-0.0598203612098664,-0.0720163999651041,0.446211730888185,-0.102162960245506,0.263182674240854,-10.145279353993,0.194312662941856,0.203908370852484,0.194487707530465,0.172992098076552,-0.126031722342093,-2.62082988789018,0.137130262019942,0.20543477322522,0.191245079664348,13.2632486607357,7.95401387150615,-1.13001855242141,-7.39074413184719,-13.4960461883018,1.92111480506122,7.46683538979216,-6.35418113044636,-2.81,0.163776412715775,-0.0424073870331626,15.3243007659912,17.1504330279187,0.169852657112766,1.11053887837662,178.947784423828,-0.745056780665536,-1.27955590271034,-178.947784423828,4.18633031845093,15.0575733184814,5.26000022888184,15.5129995346069,29.7099990844727,991.306977881254
0.175,-0.0571127082672911,-0.0766455507726316,0.446211730888185,0.0172235664273586,0.111589240741209,-10.8333119249993,0.146838353007567,0.21358694649811,0.186016028226644,0.175705527772291,-0.12289178680421,-2.61652308109251,0.137331160719763,0.205692104084656,0.186732630705304,13.3146183932899,7.95460426855829,-1.15532084329893,-7.38000399474169,-13.5601880450596,1.88318865212159,7.46698541656628,-6.35411390899725,-2.81,0.164696852357353,-0.0423822396625266,15.4195572475217,17.1576985274343,0.16985242815944,1.11053881908247,178.890747070312,-1.12375967541848,-1.92993790851571,-178.890747070312,4.18845081329346,15.1071701049805,4.96999979019165,15.5319995880127,29.7099990844727,991.31006550339
0.2,-0.0579033315052898,-0.0878793085248161,0.446211730888185,0.0561532886111481,0.280887177063418,-11.3773361152085,0.100358589877556,0.20538654890449,0.177438118401084,0.176397182307155,-0.120329112666199,-2.61311008622288,0.139499964313921,0.198322827077329,0.180010306680706,13.3541411578306,7.94890618498267,-1.16573923838223,-7.37428119486369,-13.6044194236259,1.84848385926829,7.46698968800727,-6.35408707220078,-2.81,0.16527103353128,-0.0430486773890451,15.5163838908357,17.1619379002471,0.169852199206113,1.11053875978832,178.833724975586,-1.50246257017142,-2.58031991439991,-178.833724975586,4.19057178497314,15.1567659378052,4.96999979019165,15.5319995880127,29.7099990844727,991.313153125526
0.225,-0.0569316300876764,-0.0882045831289485,0.446211730888185,0.127913746710945,0.218086271895868,-12.0907295929159,0.0964453691210581,0.193885877387193,0.166379244352288,0.17985734896485,-0.114537714003226,-2.60488797102973,0.0715405252510197,0.17429154259283,0.166394497815877,13.4362377172796,7.94263545753719,-1.16119990299777,-7.34225126016686,-13.703057241989,1.81215227744503,7.46696152205599,-6.3540692228821,-2.81,0.169259722673614,-0.043801117464879,15.5184774398804,17.1663828400167,0.169852184274375,1.11053875592131,178.830001831055,-1.52716058501578,-2.62273613212184,-178.830001831055,4.19071006774902,15.1599998474121,4.96999979019165,15.5319995880127,29.7099990844727,991.312831004675
0.25,-0.05376849367422,-0.091394087814994,0.446211730888185,0.207634876980411,0.213878334787993,-12.2470523280987,0.0907925244944223,0.168833864207328,0.161000380736353,0.181214441887017,-0.112261466458145,-2.60047663242811,0.123819510822845,0.13019782197948,0.1611425326681,13.5265373349745,7.9428354229422,-1.23048215671042,-7.36130920283887,-13.7974828237495,1.7350872361139,7.4669333561047,-6.35405137356341,-2.81,0.166378152032673,-0.0440383526916681,15.5184774398804,17.2028854301937,0.169852184274375,1.11053875592131,178.830001831055,-1.52716058501578,-2.62273613212184,-178.830001831055,4.19071006774902,15.1599998474121,4.96999979019165,15.5319995880127,29.7099990844727,991.312270994778
0.275,-0.0563275601063695,-0.0984049823195267,0.446211730888185,0.229212371171721,0.1723408312098,-12.2917032623545,0.0816214854014519,0.12505242039767,0.158675984978569,0.18110750378687,-0.111168533540582,-2.59633501392176,0.093808527835166,0.0920186115880453,0.156768248416026,13.5603007871432,7.93542309678938,-1.24275986662139,-7.33838208806785,-13.8427326684361,1.70998533580679,7.46690519015342,-6.35403352424473,-2.81,0.166274570053576,-0.0451637838172057,15.6667794512931,17.1961453151217,0.169852184274375,1.11053875592131,178.830001831055,-1.52716058501578,-2.62273613212184,-178.830001831055,4.19071006774902,15.1599998474121,4.92999982833862,15.543999671936,29.7099990844727,991.31171098488
0.3,-0.0572492152628982,-0.0999436892850459,0.446211730888185,0.160128777672178,0.102455256576868,-12.4615679389253,0.0530497939156674,0.087565703701287,0.157806806964926,0.181770607782311,-0.110564457721372,-2.59229070278621,0.0706060585320435,0.0597140046203586,0.154517350163858,13.5704786093633,7.94815348867211,-1.26378319513981,-7.28462403557685,-13.892670821157,1.69000936277376,7.46687702420214,-6.35401567492605,-2.81,0.166154536290187,-0.0449864207638044,15.8192009630229,17.1664844739832,0.169852184274375,1.11053875592131,178.830001831055,-1.52716058501578,-2.62273613212184,-178.830001831055,4.19071006774902,15.1599998474121,4.92999982833862,15.543999671936,29.7099990844727,991.311150974983
0.325,-0.0575711343453017,-0.100265608367449,0.446211730888185,0.146412829452651,0.0816638446070691,-12.2076559591017,0.0215990131648526,0.0603596186275896,0.152566009485581,0.181974347609449,-0.110292690219231,-2.58853350031706,0.0344070812672682,0.0276260125110734,0.152910384428222,13.5936641866082,7.95965298693392,-1.29794472277662,-7.24600556407831,-13.9488666556221,1.65920600983826,7.46708571187702,-6.35389758338861,-2.81,0.164793820670258,-0.0449137124210471,15.8241443634033,17.1502889906016,0.169851971861689,1.11053870281814,178.76513671875,-1.86632261867528,-3.22613155260905,-178.76513671875,4.1943416595459,15.2629108428955,5.01000022888184,15.5430002212524,29.7099990844727,991.321350920232
0.35,-0.0585170224315469,-0.101211496453695,0.446211730888185,0.17532318903361,-0.0141796058579417,-11.7960489927837,-0.0425278957122945,0.0253237501807747,0.149703378505728,0.18053247213497,-0.111211376150675,-2.58580482912499,-0.0483502778762497,-0.0036859836670111,0.153610227267416,13.6477739802795,7.97368641926793,-1.38141334451835,-7.24558688511516,-14.0261458932846,1.58695136301284,7.46816117743648,-6.35341265035621,-2.81,0.159026975768604,-0.044879774078452,15.8241443634033,17.1667818403474,0.169851736416302,1.11053864395679,178.693206787109,-2.24226125875305,-3.89495539227169,-178.693206787109,4.19836664199829,15.3769817352295,5.01000022888184,15.5430002212524,29.7099990844727,991.332717607606
0.375,-0.0604405130837486,-0.0964187802518541,0.446211730888185,0.127252448860938,0.074299731527692,-11.2862191195093,-0.104974798601562,-0.0192944673117607,0.149998038502109,0.178549215253721,-0.112346012834555,-2.58292919079873,-0.130145654830806,-0.0367314795301636,0.154171455781087,13.6998236234205,7.98855025941389,-1.46583021414436,-7.24095056914919,-14.1043388144081,1.51229039546977,7.46923664299594,-6.3529277173238,-2.81,0.15294295373891,-0.0449603411690017,15.9067967304322,17.1801098970621,0.169851500970916,1.11053858509544,178.621276855469,-2.61819989741265,-4.56377923193433,-178.621276855469,4.20239162445068,15.4910507202148,5.01000022888184,15.5430002212524,29.7099990844727,991.34408429498
0.4,-0.0667747060479823,-0.108137856388275,0.446211730888185,0.0187626877884491,0.0278502213458427,-10.6893320732327,-0.142725318355122,-0.0622635382430068,0.152303735471618,0.169451683759689,-0.116315945982933,-2.57813930511475,-0.198677524924278,-0.092362180352211,0.152903363108635,13.7668878203442,8.01097469512995,-1.57138436803223,-7.22052533101286,-14.2152372479345,1.40114545468554,7.46946601147335,-6.35278532605628,-2.81,0.141672685167611,-0.0466671348913583,15.9926994714454,17.1856842140977,0.169851265525529,1.1105385262341,178.549377441406,-2.99413853890859,-5.23260307143927,-178.549377441406,4.20641660690308,15.6051206588745,5.01000022888184,15.5430002212524,29.7099990844727,991.355450982353
0.425,-0.070911562638038,-0.0964237992590955,0.446211730888185,-0.0817327942530258,0.181476885073061,-10.2010126496417,-0.168104857917358,-0.0877387835302924,0.156301581553994,0.168788793249514,-0.11737223123542,-2.57694942961707,-0.201352100570057,-0.0897829960362176,0.154319895414977,13.8321354699472,8.03983997002826,-1.59828102223678,-7.242194844965,-14.2871369383371,1.39636405046933,7.46949961071683,-6.3527221918153,-2.81,0.139237607795542,-0.0452250995651267,15.9964141845703,17.2360781401177,0.169851234815262,1.11053851855653,178.539993286133,-3.04317401271479,-5.3198409636206,-178.539993286133,4.20694160461426,15.6199998855591,5.01000022888184,15.5430002212524,29.7099990844727,991.357815395468
0.45,-0.0721822877182416,-0.0938734308806968,0.446211730888185,-0.131382727989545,0.192298292489381,-9.78372558129929,-0.171880917912486,-0.0782635520095803,0.155099877869927,0.161345678000787,-0.121316066986498,-2.5713290557291,-0.144298305230764,-0.0510253657226062,0.156500625421911,13.8924659574725,8.02867471631019,-1.60121327105937,-7.22087788222907,-14.3507244281026,1.3927465734515,7.46953320996031,-6.35265905757433,-2.81,0.134935136137786,-0.0485407590000746,15.9964141845703,17.2464577954263,0.169851234815262,1.11053851855653,178.539993286133,-3.04317401271479,-5.3198409636206,-178.539993286133,4.20694160461426,15.6199998855591,4.80999994277954,15.5570001602173,29.7099990844727,991.358829467444
0.475,-0.0729865826729531,-0.087031656807279,0.446211730888185,-0.188541193661066,0.137074065672239,-9.38610273898876,-0.172452869846387,-0.0350701612511655,0.153753077185406,0.157115696185507,-0.122115026987425,-2.56860281926792,-0.199815710000969,-0.0198591598857018,0.154706638332645,13.9407837395763,8.02953454468387,-1.56414192067557,-7.22425830024001,-14.3903548547785,1.41180571995101,7.46956680920378,-6.35259592333336,-2.81,0.134815685970124,-0.0498109415050446,16.0803212374047,17.2724551967565,0.169851234815262,1.11053851855653,178.539993286133,-3.04317401271479,-5.3198409636206,-178.539993286133,4.20694160461426,15.6199998855591,4.80999994277954,15.5570001602173,29.7099990844727,991.35984353942
0.5,-0.0761000422678871,0.173741807843129,0.446211730888185,-0.228767489169654,0.104614589909537,-9.28389720528152,-0.183928823038049,-0.000936673459220147,0.156276757349945,0.154874034137959,-0.122573040007742,-2.56606912025021,-0.217037009276075,0.00212850582416706,0.157635182955663,13.9765398344556,8.04643593403237,-1.54871660814815,-7.20962001060397,-14.4390600197064,1.42205666799117,7.469668831704,-6.35250671055041,-2.81,0.134597684518843,-0.0496925197726435,16.1685189918045,17.2853744240273,0.169851234815262,1.11053851855653,178.539993286133,-3.04317401271479,-5.3198409636206,-178.539993286133,4.20694160461426,15.6199998855591,4.80999994277954,15.5570001602173,29.7099990844727,991.360857611397
0.525,-0.076576305340485,0.177418764876306,0.446211730888185,-0.246739152601049,0.137105421429694,-9.20477803631535,-0.192300206753447,0.0121429003323593,0.158347074189327,0.146032078768976,-0.12300068238119,-2.55996304964378,-0.146174007305689,0.0260009773677956,0.15979424843107,14.0682850060746,8.03022412958584,-1.47610741159182,-7.21338625513814,-14.5080650328289,1.43636465129021,7.47019260642648,-6.35225675296292,-2.81,0.134417330284508,-0.0533987407814316,16.1732864379883,17.3250197585297,0.169851029788471,1.1105384689299,178.483947753906,-3.36013186893866,-5.90225545716781,-178.483947753906,4.21143341064453,15.7196226119995,4.80999994277954,15.5570001602173,29.7099990844727,991.36620402786
0.55,-0.0761114592045002,0.182622445735482,0.446211730888185,-0.268509912106965,0.193347459250529,-9.1736333020179,-0.193467427855964,0.0295668835218796,0.158336673186051,0.145216830227707,-0.121651542967847,-2.55642851316017,-0.0259832683499048,0.0720076674391418,0.160931873880314,14.085426508735,8.03318898352297,-1.45950517895547,-7.17665798577938,-14.5434897438637,1.42968764793133,7.47071638114895,-6.35200679537543,-2.81,0.135636411782295,-0.0539438937032088,16.1732864379883,17.3095615222439,0.169850784821396,1.11053840963575,178.4169921875,-3.7388347636916,-6.59812731971073,-178.4169921875,4.21680021286011,15.8386516571045,4.65000009536743,15.4700002670288,29.7099990844727,991.372394407535
0.575,-0.0761114592045002,0.182622445735482,0.446211730888185,-0.296812071050202,0.434830987152874,-9.24625061377478,-0.1310378625124,0.082518256831384,0.157491604257218,0.144401581686438,-0.120302403554504,-2.55289397667656,0.0942074706058797,0.118014357510488,0.162069499329558,14.1116585259067,8.02019204075418,-1.42966830396659,-7.15601941330757,-14.5684294715633,1.43477770758768,7.47124015587143,-6.35175683778794,-2.81,0.137538269336277,-0.055371871002107,16.25771153905,17.3057380501845,0.169850539854321,1.1105383503416,178.350051879883,-4.11753765986271,-7.29399918225365,-178.350051879883,4.22216701507568,15.9576816558838,4.65000009536743,15.4700002670288,29.7099990844727,991.378584787209
0.6,-0.0704031411488827,0.179413120623316,0.446211730888185,-0.406920860702848,0.972370450715884,-9.48288768065049,0.148972218265794,0.167245752436608,0.160314941466095,0.145810957886344,-0.118339197183675,-2.5492879546825,0.250937763250733,0.167344941128324,0.161632009376838,14.1740176463429,7.94830128777182,-1.31409458029317,-7.19470971313233,-14.5500167667645,1.52914302686942,7.47175790180876,-6.35150934486293,-2.81,0.145315772206517,-0.0595308091095418,16.3474738591443,17.3536439532082,0.169850294887246,1.11053829104745,178.283111572266,-4.49624055319748,-7.98987104487542,-178.283111572266,4.22753381729126,16.0767116546631,4.65000009536743,15.4700002670288,29.7099990844727,991.384775166884
0.625,-0.072382896650804,0.160633333029813,0.446905424840956,-0.410845678379717,1.04262023599948,-10.2615083282171,0.592114937840859,0.243785781548335,0.158612299803123,0.158073936314609,-0.113992307832086,-2.54506469573038,0.562776599905067,0.226508049417996,0.155376302075922,14.3032397209448,7.83125504429306,-1.10494262876164,-7.30056737111511,-14.5158320304585,1.76761331171719,7.47182172022953,-6.35144742466805,-2.81,0.163820324700034,-0.0635251936195921,16.3532962799072,17.4881445296222,0.169850246958905,1.11053827944642,178.270004272461,-4.57033459773057,-8.12601988751258,-178.270004272461,4.22858381271362,16.1000003814697,4.65000009536743,15.4700002670288,29.7080059051514,991.391817735533
0.65,-0.0655175598629555,0.118032697275617,0.447599122101927,-0.196610151750915,0.899676915669713,-11.1039480397959,0.961903326234134,0.278079649239621,0.147687052997514,0.185124586889227,-0.108122021567114,-2.5399966866902,1.00307153449624,0.262133251461165,0.142633802002576,14.3700865011391,7.74219186077948,-1.10901484310957,-7.32576625186008,-14.5070804553875,1.88377288057736,7.47188553865031,-6.35138550447316,-2.81,0.178468431084107,-0.0626487569102803,16.3532962799072,17.536172971889,0.169850246958905,1.11053827944642,178.270004272461,-4.57033459773057,-8.12601988751258,-178.270004272461,4.22858381271362,16.1000003814697,4.13000011444092,15.5559997558594,29.7055282592773,991.399067593392
0.675,-0.062929927812489,0.0824559510859944,0.448292834263913,-0.0922899216841779,0.872712172100242,-11.5210879523603,1.24879758108375,0.278687603475429,0.125301346353826,0.216449552048726,-0.10246191908073,-2.53557236201418,1.30353491400178,0.247458877272488,0.114788751845445,14.4343829277143,7.63235327630826,-1.18502307588963,-7.3702861253447,-14.4866443098646,1.95563948586476,7.47194935707108,-6.35132358427828,-2.81,0.19078260035902,-0.0613430111993406,16.4430045310378,17.583706012467,0.169850246958905,1.11053827944642,178.270004272461,-4.57033459773057,-8.12601988751258,-178.270004272461,4.22858381271362,16.1000003814697,4.13000011444092,15.5559997558594,29.7030448913574,991.406317451251
0.7,-0.0625239248450453,0.0307348982146554,0.448986700933676,-0.0819477645556758,0.585535449409827,-11.7290693452824,1.4373194824139,0.264545335567205,0.0957912062805451,0.262336443390833,-0.0960327954660611,-2.53119325736045,1.43141794682585,0.237626996256753,0.0780199126214355,14.4928034637383,7.5890879800227,-1.44799266927957,-7.35975952652591,-14.5512037762376,1.95670635289958,7.47210958551223,-6.3512376761512,-2.81,0.199475170997064,-0.0517101453272594,16.5394930569631,17.6052627033501,0.169850246958905,1.11053827944642,178.270004272461,-4.57033459773057,-8.12601988751258,-178.270004272461,4.22858381271362,16.1000003814697,4.13000011444092,15.5559997558594,29.7005653381348,991.41356730911
0.725,-0.0601162416720524,0.0119547536278949,0.449865760961753,-0.103606040950565,0.459258084948381,-11.9215903285393,1.50180231817169,0.278309136019819,0.0602450902178117,0.289191804385261,-0.0921238147216018,-2.52919292911286,1.50941356540174,0.249931089355597,0.0527865755144147,14.537792447925,7.56046131633132,-1.6298317855284,-7.3679929494105,-14.5998902708239,1.92878723584211,7.47229903428107,-6.35114449766742,-2.81,0.202516253561627,-0.0456446241211814,16.5467948913574,17.6275970415132,0.169850246958905,1.11053827944642,178.270004272461,-4.57033459773057,-8.12601988751258,-178.270004272461,4.22858381271362,16.1000003814697,4.13000011444092,15.5559997558594,29.7019138336182,991.418749703873
0.75,-0.0574148559332832,0.0118134436676383,0.450748648916039,-0.00610396990554618,0.157252250997507,-12.1737112962591,1.51328920402841,0.292829797780513,0.0203754921157879,0.328784363730622,-0.0854700557572176,-2.52660037900406,1.47629297840108,0.262247193853112,0.00465922202926727,14.5972025271922,7.53570920429074,-1.89353122631881,-7.36683592470923,-14.6842647233286,1.88488549523952,7.47248848304991,-6.35105131918363,-2.81,0.206997785635344,-0.0349769095987893,16.5467948913574,17.6547428282359,0.169850246958905,1.11053827944642,178.270004272461,-4.57033459773057,-8.12601988751258,-178.270004272461,4.22858381271362,16.1000003814697,4.13000011444092,15.5559997558594,29.7043933868408,991.423320595466
0.775,-0.0552036311974431,0.0149848947621897,0.451631543184799,0.188239238186191,-0.201886070566121,-12.4178156923749,1.34368289525126,0.271517961862253,-0.0195358295662511,0.375694237426878,-0.07692527215527,-2.52505576750982,1.11189996257877,0.215556239942058,-0.0454731317545391,14.6256581212022,7.59479755380482,-2.26588609100072,-7.28916670969554,-14.844199899517,1.80078959359608,7.47267793181875,-6.35095814069984,-2.81,0.208616392781759,-0.0161688942461603,16.7021312662212,17.6438826075876,0.169850246958905,1.11053827944642,178.270004272461,-4.57033459773057,-8.12601988751258,-178.270004272461,4.22858381271362,16.1000003814697,4.25,15.5500001907349,29.7068729400635,991.42789148706
0.8,-0.057433150451311,0.015610698250397,0.452514437453559,0.197750569126035,-0.319574718885086,-12.3407111393307,1.12849006477976,0.217499342484525,-0.0540769278881812,0.398870679774587,-0.0724151641525985,-2.5252498839678,0.863719593807048,0.168932277162081,-0.0735039695729138,14.6275529910086,7.65263981996779,-2.40752172763684,-7.24339357663351,-14.9191731561774,1.80994072221832,7.47286738058759,-6.35086496221605,-2.81,0.211481421746305,-0.00471429382918559,16.8711737918083,17.6444918925014,0.169850246958905,1.11053827944642,178.270004272461,-4.57033459773057,-8.12601988751258,-178.270004272461,4.22858381271362,16.1000003814697,4.25,15.5500001907349,29.7093524932861,991.432462378654
0.825,-0.0569501205951667,0.0180444484284628,0.453397329608594,0.118606986697105,-0.508840117025307,-12.1819751384204,0.862755164686242,0.165917209249596,-0.0802824483741718,0.417496204376221,-0.0687906593084335,-2.52540588378906,0.664271831512451,0.131463378667831,-0.0960306823253632,14.6354115492217,7.75980738577993,-2.68714181337111,-7.14773040643294,-15.0887221202877,1.69441075845228,7.47305626105042,-6.35074420338363,-2.81,0.204367383211351,0.00813270352157581,16.8857936859131,17.6184385554799,0.169850058858515,1.11053823658001,178.222351074219,-4.84411599870302,-8.66035197682755,-178.222351074219,4.23331832885742,16.1641521453857,4.25,15.5500001907349,29.7099990844727,991.435869818428
0.85,-0.0545818574703933,0.0260930894328878,0.454280221788393,0.0636888846036971,-0.424363156771643,-11.8728504421274,0.627271639643311,0.144876658686642,-0.0957107232650103,0.426935968879424,-0.0665286424679843,-2.52595731883623,0.564370271710996,0.13013109108078,-0.0980874002381444,14.6557202707809,7.91006613325641,-3.09911066755464,-7.01495491579456,-15.3530311410741,1.4277997507346,7.47324445994607,-6.35059036754643,-2.81,0.185421865537983,0.0202866669904741,16.8857936859131,17.5758586635023,0.169849804369751,1.11053817858427,178.157867431641,-5.21452612943044,-9.3832718623296,-178.157867431641,4.23972368240356,16.2509441375732,4.25,15.5500001907349,29.7099990844727,991.438866628148
0.875,-0.0531618313086493,0.0275131155946317,0.455163120259839,0.0636852905174098,-0.420171261742773,-11.6698673904773,0.482340313750495,0.133590165999283,-0.103845214109929,0.441920455268053,-0.0615050087676686,-2.52747051286761,0.453257511400969,0.113365358413758,-0.102784213550061,14.6635126152373,8.03767352091018,-3.27410387535088,-6.94394725813712,-15.4991699580766,1.37836175201463,7.47343265884172,-6.35043653170923,-2.81,0.182357819113118,0.033481625192868,16.9924793963162,17.5813122702196,0.169849549880988,1.11053812058853,178.093399047852,-5.58493625873971,-10.1061917478317,-178.093399047852,4.24612903594971,16.3377361297607,4.30999994277954,15.5860004425049,29.7099990844727,991.441863437869
0.9,-0.0420387978917371,-0.481550378395676,0.45604602293804,0.0308868049775718,-0.399656094781358,-11.4383854726924,0.365292296094405,0.111594990252061,-0.100909569763317,0.446488500857838,-0.0594955919373817,-2.52829602735073,0.372477504262432,0.0969135122992188,-0.101719875571927,14.6615154274695,8.11848621154355,-3.34828891154415,-6.8979005624153,-15.5775457523251,1.3564393821212,7.47365487369778,-6.35027424578254,-2.81,0.180289750961641,0.0399906789771536,17.1099606845578,17.5796291836208,0.169849295392224,1.11053806259279,178.028930664062,-5.95534638946713,-10.8291116333337,-178.028930664062,4.25253486633301,16.4245300292969,4.30999994277954,15.5860004425049,29.7099990844727,991.444860247589
0.925,-0.0420387978917371,-0.481550378395676,0.457158801164414,0.0196837952941863,-0.3913185335721,-11.223559016883,0.302821469059796,0.0819433352683248,-0.0951342266471961,0.455880458688976,-0.0566506656699538,-2.52962716853312,0.314991233695477,0.0720576732886704,-0.0910991111447556,14.6523205314103,8.19725517044257,-3.41113496544123,-6.85773619730737,-15.6397760833002,1.3748415724595,7.47404717614184,-6.35006970747421,-2.81,0.180950118226417,0.0482887994519328,17.1213912963867,17.5844123643391,0.169849033258825,1.11053800551441,177.967956542969,-6.31989750163978,-11.5737474462265,-177.967956542969,4.26004123687744,16.5481147766113,4.30999994277954,15.5860004425049,29.7099990844727,991.447824976836
0.95,-0.0420387978917371,-0.481550378395676,0.459435409266692,0.000756852042932979,-0.491698349097875,-10.9070777239915,0.245388338974419,0.06910280163464,-0.0831465593307383,0.463268424048326,-0.0527277466290312,-2.53121170197572,0.193319805352496,0.0680219633526563,-0.0739798328461474,14.6371405783353,8.45507315012043,-3.62664964134519,-6.68998844821587,-15.8880041165063,1.30465078144415,7.47443947858589,-6.34986516916589,-2.81,0.172374083944724,0.0662622358512813,17.1213912963867,17.5652345309014,0.169848767949961,1.11053794881708,177.908432006836,-6.6820148683417,-12.327403721333,-177.908432006836,4.26800441741943,16.6869812011719,4.30999994277954,15.5860004425049,29.7099990844727,991.450776380349
0.975,-0.0425174518314536,-0.481071724455959,0.462084079311834,0.0258652666244602,-0.524900180119656,-10.6698789111448,0.202164758666401,0.0794369652188078,-0.0689715126258512,0.465763354524133,-0.0512687868855424,-2.53140715561943,0.109011502469626,0.0760626522501946,-0.0615384073542206,14.6347930673889,8.54537088360995,-3.67605093116656,-6.6337436645408,-15.9690544253344,1.30254668482429,7.47483178102995,-6.34966063085757,-2.81,0.170832543263173,0.0724828236305429,17.242242797687,17.5641019785083,0.169848502641097,1.11053789211976,177.848922729492,-7.04413223362545,-13.0810599965183,-177.848922729492,4.27596807479858,16.8258495330811,5.61999988555908,15.460000038147,29.7099990844727,991.453727783861
1,-0.0426747227418682,-0.480914453545545,0.46473277481092,0.0747133057090017,-1.1097826018322,-10.5470568725425,0.0353207805190359,0.073989757966484,-0.0512434226163124,0.467283589623092,-0.050494336736818,-2.53148403469505,0.0598296511368271,0.0791711781625616,-0.0498102870018582,14.623880377955,8.63559967846804,-3.75160244133154,-6.56222059472639,-16.0564596501358,1.2780236159821,7.47479350443142,-6.34960657259279,-2.81,0.167412456067165,0.0783439704453152,17.3769266997386,17.5491509359795,0.169848237332233,1.11053783542243,177.789413452148,-7.40624960032736,-13.8347162716248,-177.789413452148,4.28393173217773,16.9647178649902,5.61999988555908,15.460000038147,29.7099990844727,991.456679187374
1.025,-0.0449490908723017,-0.478640085415111,0.467381463951259,0.0428530414980529,-1.62751772346,-10.4267079336647,-0.387415900590491,0.0151265489931611,-0.0193752226296917,0.436510349423559,-0.0510266695861028,-2.53160963572102,-0.858327531192726,-0.0492405176706644,0.0220793125533361,14.6152848884747,8.84043592542822,-3.88601552620857,-6.42434430240291,-16.2685306140731,0.961087059512819,7.47466948231328,-6.34958248092705,-2.81,0.14696517995864,0.0787898810674127,17.391487121582,17.4868297260023,0.169848150818473,1.11053781693417,177.770004272461,-7.524331350493,-14.0804737526669,-177.770004272461,4.28652858734131,17.0100002288818,5.61999988555908,15.460000038147,29.7099990844727,991.453837021984
1.05,-0.0496698960933101,-0.473919280194103,0.470030165683288,-0.0400561786472368,-1.92393582757048,-10.0453614792349,-0.911513569238497,-0.0876561497459921,0.0234193761378553,0.402718859140704,-0.0557372673468301,-2.53111062988431,-1.33082434425795,-0.132939769743174,0.0807606174477862,14.5798555438941,9.05173683506689,-3.97171883637274,-6.26639377162775,-16.4473275834949,0.705976194668619,7.47454546019515,-6.3495583892613,-2.81,0.127120017682432,0.0786851675092002,17.391487121582,17.4109288171004,0.169848150818473,1.11053781693417,177.770004272461,-7.524331350493,-14.0804737526669,-177.770004272461,4.28652858734131,17.0100002288818,6.40999984741211,15.4200000762939,29.7099990844727,991.448191516804
1.075,-0.0496698960933101,-0.473919280194103,0.472678829527661,-0.145300953465123,-2.24318780202911,-9.89152751253849,-1.58853124517686,-0.20213856546021,0.0919131881382872,0.368927368857848,-0.0604478651075575,-2.53061162404761,-1.80332115732318,-0.216639021815683,0.139441922342236,14.5350764667615,9.30319518752063,-4.09477466958638,-6.08172575098058,-16.6561049758803,0.41454445927087,7.47442143807701,-6.34953429759556,-2.81,0.104588614587059,0.0814680527104976,17.4826660361894,17.3318265837068,0.169848150818473,1.11053781693417,177.770004272461,-7.524331350493,-14.0804737526669,-177.770004272461,4.28652858734131,17.0100002288818,6.40999984741211,15.4200000762939,29.7099990844727,991.442546011624
1.1,-0.0598832165560168,-0.453585819536109,0.475327506036042,-0.113029595617899,-1.7049602922659,-9.57734661211287,-2.10714989895519,-0.317091227201917,0.180774117807076,0.332130052114749,-0.0663696655449034,-2.52968264601119,-2.20148327719798,-0.30319966570262,0.203701175991471,14.4962293320398,9.58246482163807,-4.02525188285146,-5.91918347922558,-16.824109370772,0.282064611372459,7.47429741595888,-6.34951020592981,-2.81,0.0910126286285681,0.0852232464121978,17.5855202996185,17.281881312944,0.169848150818473,1.11053781693417,177.770004272461,-7.524331350493,-14.0804737526669,-177.770004272461,4.28652858734131,17.0100002288818,6.40999984741211,15.4200000762939,29.7099990844727,991.436900506444
1.125,-0.0640434199300278,-0.452922457597695,0.477976188842322,-0.0854041628379839,-1.4893638080084,-9.25180375956799,-2.42396081897892,-0.44842596756431,0.273775248861094,0.287690770857796,-0.0756105823618565,-2.52738615681484,-2.37339849864646,-0.39565191221231,0.278305063126293,14.4812336940551,9.93539477995544,-3.55064429483393,-5.76570253422932,-16.9564721601372,0.509901768102677,7.47444090446444,-6.34935169977648,-2.81,0.0961846921163309,0.0910467551667647,17.5977516174316,17.2868201381179,0.169847972347972,1.11053778251684,177.736602783203,-7.74414969194344,-14.5874504551291,-177.736602783203,4.29335641860962,17.0752029418945,6.82000017166138,15.4890003204346,29.7099990844727,991.436603227394
1.15,-0.0726311596525642,-0.449088696948141,0.47955307013675,-0.0142843596678666,-1.12090233543213,-8.40788134269725,-2.59926851351069,-0.59239469212463,0.365572369071751,0.24734677437098,-0.083918517656718,-2.52485481838716,-2.53513896041837,-0.480068327977898,0.333832967826032,14.450165320774,10.0323807347301,-3.35409172879342,-5.70007427164583,-16.9717438482936,0.418253960021791,7.47458871607026,-6.34919102142042,-2.81,0.08691648960267,0.0845386846683451,17.5977516174316,17.2288129895824,0.169847694054988,1.11053772884914,177.684539794922,-8.08691727591916,-15.3779903979501,-177.684539794922,4.30400371551514,17.1768741607666,6.82000017166138,15.4890003204346,29.7099990844727,991.439297329062
1.175,-0.0937247050992465,-0.428903954230052,0.476137137333567,0.012490993296162,-0.971173441219654,-7.54155389521973,-2.65403026985095,-0.721632197044771,0.45931426795905,0.13639360666275,-0.114983096718788,-2.51280164718628,-2.60738754272461,-0.71704375743866,0.488471925258636,14.5769490622838,10.1260550659282,-2.4019212634171,-5.71155359835263,-16.9621483043304,0.676270148186232,7.47473652767608,-6.34903034306436,-2.81,0.0810609556652001,0.059459169416679,17.6386766150955,17.282088985238,0.169847415762004,1.11053767518145,177.632446289062,-8.42968485847671,-16.1685303406923,-177.632446289062,4.3146505355835,17.27854347229,6.82000017166138,15.4890003204346,29.7099990844727,991.44199143073
1.2,-0.0957300811324113,-0.427163745034099,0.470471890691012,-0.108130381980667,-0.804990492920521,-6.67288398370895,-2.70893056383961,-0.814316777160126,0.548957867274583,0.067873680905719,-0.136688106696886,-2.50052903299619,-2.63882112097349,-0.782420362312551,0.568126944413892,14.54683659707,10.1442124338864,-2.34475485473405,-5.58244494051623,-16.9920512220371,0.346236867247027,7.47489865841628,-6.34886988939653,-2.81,0.0457288289078489,0.0452951162875587,17.6854119519339,17.1386511109312,0.169847137469019,1.11053762151375,177.580383300781,-8.77245244103426,-16.9590702834345,-177.580383300781,4.32529783248901,17.3802165985107,6.82000017166138,15.4890003204346,29.7099990844727,991.444685532398
1.225,-0.130525756103666,-0.300119868788046,0.464806711419756,-0.232189326811703,-0.39289650699854,-5.54341007928808,-2.64539880695253,-0.869830476472669,0.618711060042638,-0.0308413207530975,-0.166747882962227,-2.48056030273438,-2.57977795600891,-0.852897167205811,0.662024080753326,14.7646453246611,9.91812074415075,-1.60374122116119,-5.68723921927559,-16.9194643056398,0.568237833970766,7.47516883124259,-6.34871113106759,-2.81,0.0312366317797935,0.0143375551730733,17.6914749145508,17.2163381480774,0.169847028571764,1.11053760051334,177.559997558594,-8.9065788875544,-17.2684120002111,-177.559997558594,4.32946395874023,17.4200000762939,6.82000017166138,15.4890003204346,29.7084903717041,991.451838655292
1.25,-0.145695955790536,-0.227988358710277,0.45914145109852,-0.307172996055284,-0.306631566881866,-4.54366868063884,-2.58909078018526,-0.882406142742494,0.672931857951511,-0.0625001106997672,-0.176618117678785,-2.47194712101028,-2.61229519734024,-0.842082368914557,0.681229978077574,14.839185214182,9.80095207993711,-1.35283052512737,-5.70467159620796,-16.8846300494809,0.675440593481846,7.47543900406889,-6.34855237273865,-2.81,0.0273150143186614,0.00292685492998743,17.6914749145508,17.2299896801062,0.169847028571764,1.11053760051334,177.559997558594,-8.9065788875544,-17.2684120002111,-177.559997558594,4.32946395874023,17.4200000762939,6.82000017166138,15.4890003204346,29.7060127258301,991.461858291832
1.275,-0.162291069425941,-0.159236066579343,0.45424684200493,-0.432110803418669,0.175854549537256,-3.47521388324772,-2.51917872301664,-0.857245988622165,0.71128345809839,-0.136044461271402,-0.199486206762626,-2.45013198772453,-2.46009465179832,-0.83679246328035,0.725322002093293,14.9792345133093,9.60582930674426,-1.04401587475734,-5.68827712430404,-16.8796863083951,0.677558786429637,7.4757091768952,-6.34839361440971,-2.81,0.00227787356613495,-0.0168327776830552,17.7035075596401,17.2151598143425,0.169847028571764,1.11053760051334,177.559997558594,-8.9065788875544,-17.2684120002111,-177.559997558594,4.32946395874023,17.4200000762939,6.30999994277954,15.4940004348755,29.7035331726074,991.471877928371
1.3,-0.165526226112947,0.114829123731492,0.455965169017642,-0.559936690082726,0.560326557550504,-2.69554271554342,-2.3500344978362,-0.785883999702155,0.717078025209901,-0.213769130643128,-0.21593581259298,-2.42301940360215,-2.1030572116764,-0.63872489695488,0.708805041742044,15.0740889073259,9.43533973307859,-0.826549355721157,-5.58197406555935,-16.8980083475001,0.48564958690239,7.47597934972151,-6.34823485608077,-2.81,-0.0295618342789094,-0.032765831723994,17.7174203055246,17.1075765178926,0.169847028571764,1.11053760051334,177.559997558594,-8.9065788875544,-17.2684120002111,-177.559997558594,4.32946395874023,17.4200000762939,6.30999994277954,15.4940004348755,29.7010517120361,991.481897564911
1.325,-0.170273045608775,0.14769817782468,0.459202470334913,-0.64480599782298,1.05307280086453,-2.24126540801452,-2.06151273091454,-0.613404511201338,0.699319407409391,-0.274128913879395,-0.228710323572159,-2.40196418762207,-1.8257874250412,-0.484908670186996,0.695978224277496,15.3232193494546,9.03133380041899,-0.313582493778272,-5.68208554365257,-16.8386472179094,0.798898724434063,7.47595264097868,-6.34823585115496,-2.81,-0.033995938074727,-0.0580440738139893,17.7193756103516,17.2106609261575,0.16984686500948,1.11053757084275,177.527145385742,-9.09608056619405,-17.733039303124,-177.527145385742,4.32836723327637,17.4400005340576,6.30999994277954,15.4940004348755,29.7014293670654,991.493024553571
1.35,-0.184143896891934,0.243746018182914,0.462439740898173,-0.887343714151297,1.33164624634564,-2.63706286554528,-1.68688668786667,-0.312307115338162,0.666546493213249,-0.293938194973609,-0.226354128104234,-2.39331040433996,-1.58448245582292,-0.268369053300003,0.671999439324651,15.7146934505843,8.43009145076674,0.444237930325357,-5.97740747771811,-16.734669345614,1.56103209164806,7.47551767586325,-6.34845653095077,-2.81,-0.00030948223877837,-0.091811908194862,17.7193756103516,17.5488043286588,0.169846581090043,1.11053751933907,177.470108032227,-9.42502687537574,-18.5395621684952,-177.470108032227,4.3264627456665,17.4747161865234,5.11999988555908,15.4359998703003,29.7039089202881,991.504966386245
1.375,-0.172618384466359,0.235093867110402,0.465676988171782,-0.994606026607927,1.67349261532286,-3.72530270320422,-1.23141972128352,0.0673269216024456,0.623561314250201,-0.332459427149335,-0.221334331535247,-2.37640150524907,-1.10578598061568,0.158090540809469,0.62505967702172,15.8245341141959,8.30483347565776,0.54166520740275,-5.92310457593331,-16.8175398854273,1.32918191805595,7.47508271074781,-6.34867721074659,-2.81,-0.0147906932145611,-0.0996641684517985,17.7200693094505,17.4997524331365,0.169846297170607,1.11053746783539,177.413070678711,-9.7539731859756,-19.346085034024,-177.413070678711,4.32455825805664,17.5094337463379,5.11999988555908,15.4359998703003,29.7063865661621,991.516908218918
1.4,-0.168658182378122,0.232178242267078,0.468914281891903,-1.01355311082513,1.92890408756977,-5.64414105832916,-0.678132247578792,0.45842575722477,0.589304174435214,-0.352962850674318,-0.190522168813814,-2.36199139953174,-0.230906307934131,0.731749685505778,0.579846638372187,16.1998474988593,7.63339262993855,1.43402831521055,-6.10300025602207,-16.8012017811661,1.79810617635841,7.47466225776183,-6.3488901236806,-2.81,0.0281267471868642,-0.137508692335746,17.7208815520664,17.7436856615533,0.16984601325117,1.11053741633171,177.356048583984,-10.0829194951573,-20.1526078993952,-177.356048583984,4.32265377044678,17.5441513061523,5.11999988555908,15.4359998703003,29.7088661193848,991.528850051592
1.425,-0.120595879726574,0.208089758727826,0.472151560120199,-0.859160929794605,2.23884631639564,-8.08842648783278,-0.0571899926530281,0.77687622323714,0.566937242909859,-0.341866204858813,-0.16867973883853,-2.35642610783448,0.463855637968276,0.923331507035558,0.569003258543436,16.4980928841199,6.82696225396695,2.50681872784298,-6.3532378321774,-16.632487018096,2.84171905808074,7.47471680788314,-6.34884881592931,-2.81,0.0961987480596353,-0.181055701580347,17.721004486084,18.1358063650919,0.169845883635775,1.11053739281916,177.330001831055,-10.2330906366138,-20.5208031206012,-177.330001831055,4.32178449630737,17.5599994659424,5.11999988555908,15.4359998703003,29.7099990844727,991.535305300813
1.45,-0.111306085915938,0.203913561170809,0.475388853819983,-0.610814770794112,2.32773018772884,-10.7389392647933,0.655036556476909,0.984884326197942,0.553465276156154,-0.318825042245718,-0.140693166398758,-2.35102412949393,1.04563140247991,1.02197979776159,0.552313214598208,16.5653768149264,6.60038658069743,2.7205706878123,-6.42593743422429,-16.61514200379,2.83243732284828,7.47477135800445,-6.34880750817802,-2.81,0.123572642455142,-0.195136842141533,17.721004486084,18.1786805859064,0.169845883635775,1.11053739281916,177.330001831055,-10.2330906366138,-20.5208031206012,-177.330001831055,4.32178449630737,17.5599994659424,5.11999988555908,15.4359998703003,29.7099990844727,991.537151819933
1.475,-0.0887199803511755,0.195943984361087,0.475427938852792,-0.210527190035235,2.00184177626694,-13.5042125976656,1.23083733593032,1.05532633617187,0.533667592542501,-0.272108491336524,-0.108194006616454,-2.34454148246961,1.51050215238409,0.998666650594383,0.497956853533992,16.626956881234,6.31383477497888,2.97880672810943,-6.54006307552929,-16.5425029458073,2.96085553103003,7.47482590812576,-6.34876620042673,-2.81,0.167050893221362,-0.21184377288438,17.7436749543141,18.2656003355575,0.169845883635775,1.11053739281916,177.330001831055,-10.2330906366138,-20.5208031206012,-177.330001831055,4.32178449630737,17.5599994659424,5.15000009536743,15.4650001525879,29.7099990844727,991.538998339054
1.5,-0.0860823130781578,0.193664650240216,0.47274453228262,0.397336627639877,1.9983517392773,-16.1574221113772,1.63780065257482,1.01305754735568,0.490648888228665,-0.22743656809041,-0.0818030075782907,-2.33901573619706,1.86630452848985,0.926247832420308,0.435923408153043,16.6508881924289,6.14055065210277,3.09752220602614,-6.63402230975155,-16.4806843301374,2.9882897665246,7.47494473579344,-6.34868679418301,-2.81,0.201119058183977,-0.221010113311838,17.7705598044588,18.3123043164273,0.169845883635775,1.11053739281916,177.330001831055,-10.2330906366138,-20.5208031206012,-177.330001831055,4.32178449630737,17.5599994659424,5.15000009536743,15.4650001525879,29.7099990844727,991.540844858175
1.525,-0.0526197715546708,0.122502667695531,0.469911908867976,0.921058937076408,1.88137971404394,-18.1967865968143,1.93727833085611,0.929952026032051,0.407900519240163,-0.175451290674077,-0.0616180724030068,-2.3347755548768,2.03875874327358,0.819776412622871,0.326297047278139,16.7114336262303,5.94932764964665,2.9968253830049,-6.849848398304,-16.3736502877836,2.93779319840403,7.47527055651153,-6.34848469932398,-2.81,0.225838979503152,-0.228736762395739,17.7749195098877,18.4051651662589,0.169845736821125,1.11053736694971,177.27424621582,-10.3983149468114,-20.9378558376934,-177.27424621582,4.32514524459839,17.5713996887207,5.15000009536743,15.4650001525879,29.7087306976318,991.535276181614
1.55,-0.0435802498232853,0.0879686850904816,0.467079272012982,1.43146608358078,1.82545285505644,-19.7174945089723,2.10167183925314,0.81087554829952,0.299735642754162,-0.133212775639171,-0.0488670530248869,-2.33253877074083,2.12853237376988,0.67728906755926,0.228469910927301,16.7207627179839,5.90389306261711,2.94477963139698,-6.93721282509968,-16.318439682214,2.94876089241672,7.47559637722961,-6.34828260446496,-2.81,0.247298356763865,-0.227997033848802,17.7749195098877,18.4471252035043,0.169845449439256,1.11053731631164,177.165145874023,-10.7217327480609,-21.75421434782,-177.165145874023,4.33172369003296,17.5937194824219,5.46999979019165,15.5080003738403,29.7062530517578,991.522607849615
1.575,-0.0328936561234239,0.0149203856958005,0.464246675610487,1.83376736670664,1.98168583161729,-20.7223340142693,2.22090741238229,0.636111238262937,0.169585720905225,-0.0845199083924613,-0.0370114490111905,-2.33104152310716,2.20358951322725,0.491605842772235,0.108213587185918,16.7288363885812,5.88927641103588,2.80334292390265,-7.03735569377946,-16.2598513576729,2.91361180944065,7.47592219794769,-6.34808050960592,-2.81,0.266968327981286,-0.22385334266534,17.8510324370186,18.48345662078,0.169845162057387,1.11053726567357,177.056030273438,-11.0451505493104,-22.5705728579466,-177.056030273438,4.33830261230469,17.6160373687744,5.46999979019165,15.5080003738403,29.7037734985352,991.509939517615
1.6,-0.0295305146069802,0.00349488528873405,0.461414065771219,2.0346754806675,1.63909804452235,-20.75453692428,2.26921688140968,0.386020673099776,0.0163239332550974,-0.00582021368246684,-0.0299466756731212,-2.3334266782578,2.18505448163017,0.103557436649628,-0.118814748925309,16.7592506080707,6.00366757163707,2.21129405285806,-7.17750013197324,-16.2210573428364,2.67714720906152,7.4762627743238,-6.34786579770665,-2.81,0.276660357378602,-0.207031647178937,17.9424667975331,18.5019313341797,0.169844874675518,1.1105372150355,176.946929931641,-11.3685683491418,-23.3869313680732,-176.946929931641,4.34488105773926,17.638355255127,5.46999979019165,15.5080003738403,29.7012939453125,991.497271185615
1.625,-0.0400630741829053,-0.127272287714228,0.45858142888577,2.08305062696596,1.35929466271471,-19.9747026832365,2.09676039377409,0.113740877195645,-0.141862818105003,0.035807212285085,-0.0311397954526544,-2.33971175572811,1.88108941780895,-0.0886155009907097,-0.260091878801647,16.7598333121308,6.45001201377648,0.793252400266687,-7.01422286422272,-16.4783999943085,1.54496868492127,7.47688250182834,-6.34741239357038,-2.81,0.221130954331336,-0.178374964743735,17.9582824707031,18.2097445545771,0.169844724737152,1.11053718861564,176.889999389648,-11.5373080710396,-23.8128575472731,-176.889999389648,4.348313331604,17.6499996185303,5.46999979019165,15.5080003738403,29.7000007629395,991.495221983712
1.65,-0.0400630741829053,-0.127272287714228,0.455748832515519,1.6908092460779,0.922872778409727,-18.6842239467307,1.86955984911636,-0.108316361456926,-0.295751739455081,0.0770988538921333,-0.0375405344686694,-2.35098889883716,1.57677753655848,-0.260890198622142,-0.391589614776657,16.7427912328052,6.49527048083966,0.753106557001197,-7.17407182505745,-16.3731522141656,1.87865547438718,7.47750222933288,-6.34695898943411,-2.81,0.238493491956145,-0.166374780131849,17.9582824707031,18.3623708438871,0.169844724737152,1.11053718861564,176.889999389648,-11.5373080710396,-23.8128575472731,-176.889999389648,4.348313331604,17.6499996185303,6.11999988555908,15.4250001907349,29.7000007629395,991.504757287367
1.675,-0.0491010499550945,-0.171843681734559,0.452916195584531,1.23266634111304,0.42689237639158,-17.0034652703175,1.50057318101881,-0.257411372263135,-0.42096918245319,0.102866188318594,-0.0425366948367042,-2.36014746618575,1.27265311261213,-0.348565430648495,-0.472622010437054,16.709935234796,6.71620907206635,0.293902110380323,-7.13794204400956,-16.4500384654979,1.69168441538853,7.47812195683742,-6.34650558529784,-2.81,0.225583505238137,-0.148930446700914,18.0641506225915,18.3296444622882,0.169844724737152,1.11053718861564,176.889999389648,-11.5373080710396,-23.8128575472731,-176.889999389648,4.348313331604,17.6499996185303,6.11999988555908,15.4250001907349,29.7000007629395,991.514292591023
1.7,-0.063444396517089,-0.216809071436305,0.450085278633533,0.835401181103522,-0.172272917888834,-15.148927666824,1.05602878566304,-0.358189499920642,-0.501772759203153,0.119064248390517,-0.0474718835032155,-2.36912735787834,0.952478647405895,-0.387759157996862,-0.520290450666611,16.6530602961805,7.05855881865347,-0.431193619498678,-6.97235432388641,-16.6517163449693,1.2000898762063,7.47869634736024,-6.34615803195592,-2.81,0.193561584250488,-0.127212681879035,18.1930033074556,18.196654045761,0.169844724737152,1.11053718861564,176.889999389648,-11.5373080710396,-23.8128575472731,-176.889999389648,4.348313331604,17.6499996185303,6.11999988555908,15.4250001907349,29.7000007629395,991.523827894679
1.725,-0.0713663440989561,-0.225932087675777,0.449352737750591,0.478452770069332,-0.434998144923377,-13.3916172882527,0.543775368064274,-0.429641192292175,-0.548880984352077,0.133631791552899,-0.0629636710989647,-2.39519577787617,0.179279601290747,-0.493254977309589,-0.565128649500973,16.4879526684592,7.57932515047628,-1.24879231807957,-6.87756904080365,-16.8196627860057,0.810075948119508,7.47926522082588,-6.3458233595969,-2.81,0.153138989210556,-0.0942743977603206,18.2166843414307,18.1362882701022,0.169844724737152,1.11053718861564,176.889999389648,-11.5373080710396,-23.8128575472731,-176.889999389648,4.348313331604,17.6499996185303,6.11999988555908,15.4250001907349,29.7011051177979,991.541666447313
1.75,-0.0822209617850798,-0.215682369058059,0.449924024830996,0.129942521120686,-0.490612148320991,-11.2844316932519,0.134182717022165,-0.487882561683936,-0.563883448355318,0.13084950279175,-0.0741507238102623,-2.41205882607694,-0.196269082385588,-0.5101553270903,-0.560190289006509,16.3466125212876,7.96920783057693,-1.62677511169622,-6.77660095004654,-16.9421110674901,0.639502754284154,7.47983409429152,-6.34548868723787,-2.81,0.128924641639166,-0.0725175341582586,18.2166843414307,18.0951213119699,0.169844724737152,1.11053718861564,176.889999389648,-11.5373080710396,-23.8128575472731,-176.889999389648,4.348313331604,17.6499996185303,6.11999988555908,15.4250001907349,29.7035827636719,991.569833431604
1.775,-0.090570780654423,-0.218539123538231,0.45049531598976,-0.182358665722233,-0.610713841214931,-9.23316709400776,-0.276288506548139,-0.504309074564722,-0.554852629706257,0.114514033014911,-0.0817214043539757,-2.42648174572463,-0.463369526990598,-0.432181031669615,-0.53484881674156,16.2746250669461,8.2078454112515,-1.81200155717846,-6.81740682359325,-16.9946578994115,0.469109892756082,7.48040296775715,-6.34515401487884,-2.81,0.108406916924397,-0.0617228241383509,18.2474137329348,18.1271028988386,0.169844724737152,1.11053718861564,176.889999389648,-11.5373080710396,-23.8128575472731,-176.889999389648,4.348313331604,17.6499996185303,5.13000011444092,15.4809999465942,29.7060642242432,991.598000415894
1.8,-0.0913405414757479,-0.221792644815984,0.451066596241133,-0.521110685771212,-0.610569904518965,-7.56002066460484,-0.591818000265702,-0.449715827758997,-0.535758957947891,0.0953613174499334,-0.0877394135723589,-2.43999763266457,-0.710429948358907,-0.311974716948743,-0.506857147442609,16.24162267966,8.36821940749468,-1.91255838210324,-6.93779487236363,-17.0070466781627,0.320388016581293,7.48097184122279,-6.34481934251981,-2.81,0.091120094396198,-0.055486550999649,18.28531331579,18.2039351359016,0.169844724737152,1.11053718861564,176.889999389648,-11.5373080710396,-23.8128575472731,-176.889999389648,4.348313331604,17.6499996185303,5.13000011444092,15.4809999465942,29.7085437774658,991.626167400185
1.825,-0.0921759729714446,-0.206384124112816,0.451637877889742,-0.715336678634429,-0.435836984268837,-6.48253897795527,-0.83760134546367,-0.31941790659043,-0.508754501370576,0.0799559056758881,-0.0925799757242203,-2.45086908340454,-0.909152030944824,-0.215287238359451,-0.484342157840729,16.1504718440672,8.67627685155693,-1.88049702327127,-6.87378267250888,-17.0968608027695,0.316626447477229,7.48137307645658,-6.34459014634893,-2.81,0.0837053648683043,-0.0405907790823403,18.292688369751,18.2059774191897,0.169844604963344,1.11053716734238,176.850051879883,-11.6731771993616,-24.1530960175207,-176.850051879883,4.34531021118164,17.6960906982422,5.13000011444092,15.4809999465942,29.7099990844727,991.646013532366
1.85,-0.0930227563108966,-0.150229450393387,0.452209167666419,-0.799290970947358,-0.470391249604863,-6.17023349227233,-0.961574299337893,-0.146383409130992,-0.482666005590835,0.067317135056506,-0.092495949329119,-2.45684396342786,-1.01641887724261,-0.110658875138354,-0.47408344733014,15.9794058465637,9.15878728286243,-1.6315150245711,-6.54774393609985,-17.28566423061,0.468506596746517,7.48159890688587,-6.3444713130109,-2.81,0.0910532407525771,-0.0159460059205023,18.292688369751,18.0909029230458,0.169844314984651,1.1105371158387,176.753341674805,-12.0021235099615,-24.9768312611745,-176.753341674805,4.3380389213562,17.8076820373535,5.13000011444092,15.4809999465942,29.7099990844727,991.654035295759
1.875,-0.0886184367210532,-0.124876477070723,0.452780449298784,-0.768306363078003,-0.488826636906334,-6.69891402304363,-1.0833149378561,0.0211961743935906,-0.456045594203834,0.0396075056391442,-0.090298055610163,-2.46892282359274,-1.07234258800781,0.084752362399104,-0.437944020555153,15.9292907131669,9.37687653121355,-1.40908766923574,-6.60893411304463,-17.3150929356542,0.403968668208814,7.48182473731517,-6.34435247967286,-2.81,0.0881440812850381,-0.00747298263437819,18.2805111980181,18.144867751839,0.169844025005958,1.11053706433502,176.656616210938,-12.3310698191432,-25.8005665047494,-176.656616210938,4.33076763153076,17.9192733764648,4.59999990463257,15.5410003662109,29.7099990844727,991.662057059152
1.9,-0.082657911546847,-0.0922842933621786,0.453351733655811,-0.646376336308155,-0.405985096783785,-7.79091067258796,-1.17463537489882,0.159974800377146,-0.427557892276053,0.0102834371820049,-0.0848168589681209,-2.47804285828178,-1.1578656297258,0.194267890618306,-0.406531444872463,15.881173954571,9.54208433524019,-1.07773236746789,-6.64810976636583,-17.3231286558067,0.369346450890439,7.48204826680197,-6.34423321080705,-2.81,0.0910504062696528,-0.00202071266046906,18.265289733352,18.1743158080111,0.169843735027265,1.11053701283135,176.559921264648,-12.6600161283249,-26.6243017484031,-176.559921264648,4.32349681854248,18.0308628082275,4.59999990463257,15.5410003662109,29.7099990844727,991.670078822545
1.925,-0.0797611432579614,-0.0799753794260672,0.453923022078366,-0.478457842774422,-0.377689593281134,-9.04697808318627,-1.20748828836769,0.24794344839581,-0.391936907653215,-0.035125505026234,-0.0727165991172455,-2.4922532170279,-1.13771986869343,0.325752618856598,-0.347356154625876,15.8118733251337,9.72693162153888,-0.653992264535201,-6.75422520853678,-17.3035337332938,0.156220598417606,7.48224829998698,-6.34410949450628,-2.81,0.0910867807326008,0.00343988278026058,18.2621631622314,18.2094651827861,0.169843443566688,1.1105369605044,176.488677978516,-12.9942205310087,-27.4522465411109,-176.488677978516,4.31994676589966,18.1047191619873,4.59999990463257,15.5410003662109,29.7099990844727,991.670580594045
1.95,-0.0684352319408937,-0.0315260576940828,0.454494305079696,-0.272829099979824,-0.225370886044462,-10.4274586782809,-1.14524075769122,0.312389551643629,-0.353645617879953,-0.053442484181431,-0.0673821520883239,-2.4971620109793,-1.09007223234315,0.353413674607901,-0.323458380640704,15.7249487678402,9.86589540634708,-0.110773026738056,-6.6621222642073,-17.3222316429586,0.422604339861845,7.48244833317199,-6.34398577820551,-2.81,0.111913690303748,0.00939418864357011,18.2621631622314,18.1945181433669,0.169843149692759,1.1105369068367,176.458923339844,-13.3369881149844,-28.2870468850159,-176.458923339844,4.32245683670044,18.117115020752,4.59999990463257,15.5410003662109,29.7099990844727,991.658835521605
1.975,-0.061333234125204,-0.00345067737412496,0.455065588054356,-0.051738303751361,-0.317945890077571,-11.6469985152108,-1.02363524370858,0.350378796246459,-0.308520552928427,-0.0892357028761617,-0.053912658107825,-2.50751776637051,-0.951886062426398,0.352928494738681,-0.255401915003251,15.6327856502125,9.94950092197227,0.38224203061734,-6.70661719444119,-17.2751341546613,0.337180215119062,7.48264836635699,-6.34386206190473,-2.81,0.121534508559951,0.0112512648619176,18.2585370097199,18.1860581222861,0.16984285581883,1.110536853169,176.429168701172,-13.6797556975419,-29.1218472289209,-176.429168701172,4.32496738433838,18.1295146942139,4.28999996185303,15.5200004577637,29.7099990844727,991.647090449166
2,-0.0536454938067509,0.0372804162162498,0.455636876493493,0.140960074409942,-0.285447558444943,-12.6351439692076,-0.91496881762102,0.341809271690262,-0.255308120150277,-0.112548305197678,-0.0455746986568456,-2.51405374666592,-0.776492886287297,0.293006685188771,-0.200203466664115,15.5736695855305,9.97307019620282,0.61913439713036,-6.75251407833921,-17.2263198876876,0.205177114382866,7.4828166508023,-6.3437557637855,-2.81,0.123193733308715,0.0110811419578518,18.2539422274278,18.1704742896265,0.169842561944901,1.1105367995013,176.399398803711,-14.0225232815177,-29.9566475729048,-176.399398803711,4.32747745513916,18.1419143676758,4.28999996185303,15.5200004577637,29.7099990844727,991.635345376727
2.025,-0.051774507305947,0.0505218845017906,0.456208156766152,0.295853575392758,-0.294413638393193,-13.4187829384739,-0.777092584594472,0.266574855669561,-0.20551177660758,-0.127266733573024,-0.0414205226973266,-2.51809497089211,-0.6988434292225,0.206452168767717,-0.163465016309012,15.4732756369229,9.97551139440443,1.04962775649002,-6.70346708477291,-17.1733902711539,0.415933385626834,7.48272055370375,-6.34379451223414,-2.81,0.139901837886939,0.0104463123234517,18.2529487609863,18.1365572869876,0.169842370287991,1.11053676450063,176.380004882812,-14.2460673571603,-30.5010825798234,-176.380004882812,4.32911491394043,18.1499996185303,4.28999996185303,15.5200004577637,29.7099990844727,991.628854263182
2.05,-0.051774507305947,0.0505218845017906,0.456781163931642,0.386896360118679,-0.328126008040954,-13.9219035612458,-0.639413371841626,0.166433965275421,-0.161211929704452,-0.136414383353085,-0.040144047141539,-2.52037853317555,-0.560959494946332,0.129254686758116,-0.135407509105684,15.4206990660783,9.95223401600473,1.1264998445256,-6.70955254570587,-17.1157863556737,0.3816877767647,7.48262445660521,-6.34383326068278,-2.81,0.139637217014772,0.00873761923185796,18.2529487609863,18.1008213186574,0.169842370287991,1.11053676450063,176.380004882812,-14.2460673571603,-30.5010825798234,-176.380004882812,4.32911491394043,18.1499996185303,4.42000007629395,15.5220003128052,29.7099990844727,991.632214322566
2.075,-0.0532343234201619,0.0634769605250364,0.457513992298228,0.330848950782775,-0.184928975110933,-13.8917052331156,-0.508410290896135,0.0729074431581806,-0.118992949359052,-0.14557110057414,-0.038892372609424,-2.5226593556422,-0.424887739661439,0.0525221261707032,-0.107377511859336,15.3700514118079,9.92924471674079,1.20322017134734,-6.71636947848282,-17.0600526948923,0.347998424253143,7.48252835950666,-6.34387200913142,-2.81,0.139341835796891,0.00708143260695228,18.2320910245582,18.0670468630356,0.169842370287991,1.11053676450063,176.380004882812,-14.2460673571603,-30.5010825798234,-176.380004882812,4.32911491394043,18.1499996185303,4.42000007629395,15.5220003128052,29.7099990844727,991.635574381949
2.1,-0.0562765129020328,0.0867190693140935,0.458351227484931,0.237436555339567,-0.0139486659168107,-13.422726128343,-0.321503760814104,0.0102949324785731,-0.0870545680575896,-0.153114174591792,-0.0388697874095486,-2.52461959907611,-0.337607406496105,0.0045460080463971,-0.0810958572645617,15.3232744540506,9.84529367801322,1.32150829477747,-6.74878001713984,-16.9638683767003,0.400087180367869,7.48252818738418,-6.34385639785685,-2.81,0.14199490840767,0.00217373112243703,18.2052946270637,18.0449285769851,0.169842370287991,1.11053676450063,176.380004882812,-14.2460673571603,-30.5010825798234,-176.380004882812,4.32911491394043,18.1499996185303,4.42000007629395,15.5220003128052,29.7099990844727,991.638934441332
2.125,-0.0567595994454244,0.086235982770702,0.459188454687214,0.133796209597695,-0.0882283879105465,-13.1845704557257,-0.152112535901548,-0.0194240220835918,-0.061582503318238,-0.154742475640688,-0.0397470506491176,-2.52587453171889,-0.144764523734249,-0.0165269601608356,-0.0574717720631126,15.2962233450442,9.78977266961681,1.29284885853764,-6.783296794721,-16.8917332354167,0.376548288432209,7.48284456917749,-6.34366139864858,-2.81,0.139519528579663,-0.000824928552377573,18.1992111206055,18.0260561100554,0.169842277653817,1.11053674772007,176.369842529297,-14.3532423205975,-30.7642261665388,-176.369842529297,4.32897806167603,18.1484355926514,4.42000007629395,15.5220003128052,29.7092170715332,991.639555979932
2.15,-0.0588198092514797,0.0854589441575943,0.460025673885993,0.0609383704470643,-0.0803618321821915,-12.6079459346906,-0.0201092532499013,-0.0314674067131199,-0.0423289900884803,-0.155960559746659,-0.0417435989374308,-2.52726934596339,0.0314284212645277,-0.0499743268313736,-0.030573050692292,15.275354482093,9.74245300431956,1.27648143180336,-6.81846056453856,-16.8297749157889,0.385385202658732,7.4831609509708,-6.34346639944031,-2.81,0.137698911981797,-0.003297770389224,18.1992111206055,18.0196984121904,0.169841983779888,1.11053669448517,176.337615966797,-14.6932456484799,-31.5990265104438,-176.337615966797,4.32854557037354,18.1434764862061,4.42000007629395,15.5220003128052,29.7067394256592,991.634228318207
2.175,-0.0604142454585321,0.0908735260133125,0.460862899122204,-0.0233289447629073,-0.124101234103698,-12.002206872512,0.0935070841241783,-0.0496711007403794,-0.0272731998029599,-0.149821522061825,-0.0435734279628521,-2.52756695845343,0.216973490310313,-0.0569642791656917,-0.0156949738744923,15.2589035126706,9.70117479560513,1.16686994783657,-6.84308818045116,-16.7732886714829,0.370736559719599,7.4834773327641,-6.34327140023204,-2.81,0.134782900160511,-0.00509573158585499,18.170318469847,18.0042446313467,0.169841689905959,1.11053664125028,176.305358886719,-15.0332489763623,-32.4338268543489,-176.305358886719,4.32811260223389,18.1385154724121,4.69000005722046,15.5480003356934,29.7042579650879,991.628900656482
2.2,-0.061351784108241,0.0841874975084097,0.461700128308557,-0.111073494573884,0.0246483209450901,-11.4957894707384,0.206632632374545,-0.0434752187238392,-0.0130467608332062,-0.142037459132782,-0.0437534207616809,-2.52771738636247,0.308645626568357,-0.0121541735304947,-0.00796416082221314,15.2627082947056,9.6512114278296,1.13996567447272,-6.87618073219919,-16.731074354643,0.430067123203939,7.48349587661473,-6.34325651091116,-2.81,0.137425015969636,-0.00728322761640018,18.1326766361123,18.0168006823392,0.16984139603203,1.11053658801538,176.273132324219,-15.3732523056629,-33.2686271983327,-176.273132324219,4.32767963409424,18.1335563659668,4.69000005722046,15.5480003356934,29.7017784118652,991.623572994757
2.225,-0.0608610892999483,0.0804700883690149,0.462537349530632,-0.241259533130786,-0.0203054395589918,-11.0355964533976,0.344297661011132,-0.00348601319741561,-0.00485334705186814,-0.132766074157029,-0.0432531232099463,-2.52784832913928,0.400382931372664,0.0458137288832026,2.19807278010091e-05,15.2736060385853,9.59732658299117,1.09390386891972,-6.91886747104131,-16.6880959389451,0.474416997655406,7.483453965016,-6.34327818047891,-2.81,0.139861943795239,-0.00954916846633783,18.1237239837646,18.0341207775118,0.169841185209429,1.11053654982513,176.25,-15.6171677369049,-33.867505705951,-176.25,4.32736921310425,18.1299991607666,4.69000005722046,15.5480003356934,29.7000007629395,991.621278007075
2.25,-0.0584494464442028,0.0621999476595616,0.463374578712755,-0.238331010178394,-0.109409668411368,-10.8413431898289,0.442732114954218,0.0713476251739241,0.00355375317091429,-0.122329173441616,-0.0413288209366125,-2.52795973635419,0.521606594051924,0.101461381376781,0.00900798958718409,15.2836405173276,9.55232164365163,0.960212168557126,-6.96483837413735,-16.6455376571825,0.419077774143331,7.48341205341726,-6.34329985004666,-2.81,0.138340660144952,-0.0112098670738373,18.1237239837646,18.0364904436417,0.169841185209429,1.11053654982513,176.25,-15.6171677369049,-33.867505705951,-176.25,4.32736921310425,18.1299991607666,4.69000005722046,15.5480003356934,29.7000007629395,991.626681345814
2.275,-0.0550878754912404,0.0487367370818786,0.46421180193207,-0.179350933874631,-0.123726820740739,-10.8887573104682,0.510312178859025,0.140469801072487,0.0128104714629514,-0.11517192277834,-0.0388802723828368,-2.52799205777395,0.536159597404366,0.1349038381219,0.0127667300202154,15.3057073402667,9.50014418106439,0.932765467783131,-7.01362542718191,-16.6135997503928,0.429918324488161,7.48337014181853,-6.34332151961441,-2.81,0.140886193367751,-0.013501492154274,18.0912882606938,18.0593069140145,0.169841185209429,1.11053654982513,176.25,-15.6171677369049,-33.867505705951,-176.25,4.32736921310425,18.1299991607666,5.15999984741211,15.5430002212524,29.7000007629395,991.632084684552
2.3,-0.0536903669195671,0.0575089727900054,0.465049037118774,-0.160348163955237,-0.144016640990173,-11.0245689073456,0.56582715526494,0.173541637265238,0.0206533085279193,-0.10177858165412,-0.0349652921036561,-2.52772914340584,0.57191480816628,0.153382987900593,0.0186981813140286,15.3093965655291,9.486092525201,0.921072105434724,-7.01814516166968,-16.6048103801563,0.487708057659413,7.48332823021979,-6.34334318918215,-2.81,0.148012285663887,-0.0131282449978406,18.0484267694931,18.068351277321,0.169841185209429,1.11053654982513,176.25,-15.6171677369049,-33.867505705951,-176.25,4.32736921310425,18.1299991607666,5.15999984741211,15.5430002212524,29.7000007629395,991.63748802329
2.325,-0.0514028682880737,0.0474459174020277,0.46588626632465,-0.119035899871312,-0.137470201225283,-11.2159746877157,0.602982172211217,0.192709611630172,0.028112661905696,-0.0883852405299015,-0.0310503118244755,-2.52746622903774,0.607670018928193,0.171862137679286,0.0246296326078416,15.3097056962564,9.47660209792598,0.905831542858495,-7.01897022008537,-16.5968346648583,0.541057085112837,7.48327918443904,-6.34336876448757,-2.81,0.154948223950605,-0.0123934638025438,18.037769317627,18.0742464393063,0.169841112498353,1.11053653630001,176.243804931641,-15.7035506969222,-34.074054244711,-176.243804931641,4.32617902755737,18.12380027771,5.94999980926514,15.4860000610352,29.7000007629395,991.642161078851
2.35,-0.0447389086383703,0.0181301424612404,0.46672349950776,-0.0410606820039905,-0.143958411632751,-11.3906126576213,0.631857202920876,0.207797945373517,0.0291969451363666,-0.0661288517756635,-0.024642045085379,-2.52676228644367,0.653626267170155,0.191032817414096,0.0297447763917744,15.3183399408933,9.435327293821,0.755105393802141,-7.04732608974216,-16.5627565595113,0.507359810434846,7.48320204585544,-6.34340971970871,-2.81,0.15950954887811,-0.0123821353913532,18.037769317627,18.0714187003529,0.169840821654052,1.11053648219951,176.219009399414,-16.0490825341549,-34.9002483994353,-176.219009399414,4.32141828536987,18.0990028381348,5.94999980926514,15.4860000610352,29.7000007629395,991.644643284882
2.375,-0.0403853183345904,-0.00442471530366866,0.467560714712069,0.0173794136338295,-0.159957309838277,-11.5800149887841,0.620897365863262,0.215069200100129,0.0295589111343131,-0.053799644112587,-0.0211159065365791,-2.52630710601807,0.675796866416931,0.198834866285324,0.0314203314483166,15.3392050910532,9.37080438063937,0.479737034216164,-7.10794889349515,-16.5142660464875,0.299022843430402,7.48312490727185,-6.34345067492985,-2.81,0.151381311184912,-0.0145695647008602,18.0309193654844,18.0557731217114,0.169840530809751,1.110536428099,176.194213867188,-16.3946143728058,-35.7264425543173,-176.194213867188,4.31665754318237,18.0742034912109,5.94999980926514,15.4860000610352,29.7000007629395,991.647125490913
2.4,-0.0338620584133363,-0.0308294794580628,0.468397945915516,0.132114254156332,-0.148571335656612,-11.848045015646,0.631766848477378,0.20651439720977,0.0288882461210945,-0.0286170774104771,-0.0132444551998365,-2.52514679693463,0.566023573425771,0.179755622302221,0.0293045147948083,15.3337132877594,9.36384697447553,0.363927858318492,-7.09182482065457,-16.5091945077301,0.298921825473274,7.48306349860889,-6.34348278120243,-2.81,0.15969103712912,-0.0118560254156999,18.0217364586267,18.0398020871286,0.16984023996545,1.1105363739985,176.169403076172,-16.7401462100385,-36.5526367090416,-176.169403076172,4.31189632415771,18.0494079589844,5.94999980926514,15.4860000610352,29.7000007629395,991.649607696944
2.425,-0.0325775071194173,-0.0434757386350111,0.469235169157065,0.19861132011206,-0.230107726948791,-11.765095727983,0.589732260538902,0.183339170705915,0.0293375469579601,-0.018207083726295,-0.0109081367930516,-2.52471569859606,0.597134075995202,0.134423156961868,0.0272224785662717,15.354852296501,9.3197607277548,0.141370965268779,-7.13230345372696,-16.4851538081876,0.139162437948801,7.48318663708165,-6.34341106952516,-2.81,0.153179889770723,-0.0128961202801806,18.0193538665771,18.0323336109652,0.169840012348171,1.11053633165898,176.149993896484,-17.0105624312831,-37.1992234389836,-176.149993896484,4.30817079544067,18.0300006866455,5.94999980926514,15.4860000610352,29.7000007629395,991.650964618693
2.45,-0.0322520968381167,-0.0457290217328723,0.470072400317356,0.163279869468561,-0.361326042692876,-11.4335789138425,0.512187781988623,0.128585405439592,0.0221862540209286,-0.0132428381965604,-0.00926157462416691,-2.524512447918,0.458921969751741,0.105886095366917,0.0177783523807122,15.3429516784186,9.33861050042209,0.126091378026184,-7.10838057316478,-16.4949008252129,0.144511985451573,7.48330977555442,-6.3433393578479,-2.81,0.155318679098723,-0.0111647650737603,18.0193538665771,18.0194552784143,0.169840012348171,1.11053633165898,176.149993896484,-17.0105624312831,-37.1992234389836,-176.149993896484,4.30817079544067,18.0300006866455,5.94999980926514,15.4860000610352,29.7000007629395,991.648270517025
2.475,-0.0319263622283885,-0.0536734146617175,0.470909631546102,0.126104666973802,-0.535359930600502,-11.4316211634693,0.350450047889463,0.0853490179232563,0.0186011018870566,-0.00299123931986042,-0.00778314792741155,-2.52390647332939,0.299198208248077,0.074596459121641,0.0199528456946506,15.3251120510549,9.39401928413462,-0.0194674468373548,-7.05277945910477,-16.5336080797825,0.0717107728889533,7.48343291402718,-6.34326764617063,-2.81,0.153126075983594,-0.00664366240723625,18.0106971977213,17.9846814063604,0.169840012348171,1.11053633165898,176.149993896484,-17.0105624312831,-37.1992234389836,-176.149993896484,4.30817079544067,18.0300006866455,5.65999984741211,15.5229997634888,29.7000007629395,991.645576415358
2.5,-0.0319179456038483,-0.0529846225983314,0.471746846759814,0.0908365433462279,-0.454333830935389,-11.5037513219117,0.160733197319473,0.0659203815927633,0.0199830250968995,-0.00125528732565776,-0.00536212558924388,-2.5229500427344,0.00123975571744463,0.0567118362957189,0.0211263818082453,15.3295857120356,9.404842077488,-0.155949999628852,-7.03502056796913,-16.552121889602,-0.0855544711211514,7.48358051637898,-6.34318212440046,-2.81,0.146946412135196,-0.00591381976688261,17.9989215819983,17.9564704776795,0.169840012348171,1.11053633165898,176.149993896484,-17.0105624312831,-37.1992234389836,-176.149993896484,4.30817079544067,18.0300006866455,5.65999984741211,15.5229997634888,29.7000007629395,991.64288231369
2.525,-0.0301879121632427,-0.0506359324336173,0.472584079934417,0.139745375499138,-0.446655975954658,-11.4113176752022,0.0440766096448848,0.0471266315965154,0.0263353928720177,5.6555708085567e-05,-0.00563258208376951,-2.52202551395452,-0.0126589152832355,0.011162209955893,0.0390119574946703,15.3295432703886,9.41268403585153,-0.259550929508271,-7.01543679353408,-16.5654675750752,-0.172670025069246,7.48383334915592,-6.34303719905224,-2.81,0.141950214356789,-0.00540535654662935,17.9957389831543,17.935507432465,0.169839959005076,1.1105363215022,176.149536132812,-17.0754322789517,-37.3507538401442,-176.149536132812,4.30823516845703,18.0249614715576,5.65999984741211,15.5229997634888,29.7000007629395,991.641071987923
2.55,-0.0319418303937003,-0.0498026096633562,0.473421305158467,0.160877160467843,-0.324669798966768,-11.4254124726208,-0.0522293822128833,-0.00321536266418454,0.0387592837981705,-0.00385625835558263,-0.00696785885725149,-2.52090996307017,-0.0951606245739359,-0.0623400202709096,0.0488770593699845,15.3275231112576,9.40257923786887,-0.305573716080182,-7.00256669098094,-16.5633227471416,-0.235022677378391,7.48408618193286,-6.34289227370402,-2.81,0.13724200625729,-0.00673303477756393,17.9957389831543,17.9151002993198,0.169839670324795,1.11053626653608,176.147064208984,-17.4264926255348,-38.1708007169949,-176.147064208984,4.30858135223389,17.9976825714111,5.65999984741211,15.5229997634888,29.7000007629395,991.643160673486
2.575,-0.0346506745910697,-0.045205992669305,0.474258536343886,0.11762753018344,-0.295725865151082,-10.8841662936879,-0.0870317765044646,-0.0802337205446482,0.0507791430898158,-0.00563568782799624,-0.0106255737721257,-2.5193287770862,-0.111570392335337,-0.132913527822777,0.0648181127079049,15.3063716545387,9.39971150238715,-0.380334776532141,-6.9628676210144,-16.5598753480631,-0.270641914819074,7.4843390147098,-6.3427473483558,-2.81,0.131872669905436,-0.0073921105743259,17.9886308346155,17.8762362823523,0.169839381644514,1.11053621156997,176.144577026367,-17.7775529721178,-38.9908475938457,-176.144577026367,4.30892753601074,17.9704055786133,5.80999994277954,15.5209999084473,29.7000007629395,991.645249359049
2.6,-0.0389306918233079,-0.0409259754370668,0.475095771520345,0.0623520017234351,-0.371226928361914,-10.4053194234969,-0.145083182148801,-0.132299891846885,0.0659623839566183,-0.00975669812173844,-0.0146612453337303,-2.51732256284272,-0.142700436923766,-0.145604129438674,0.0808275050771657,15.3015873349469,9.386383173453,-0.412430975307565,-6.93643886632131,-16.5596044961525,-0.279603544462298,7.48448544705433,-6.34263625588462,-2.81,0.127470521286777,-0.00903527061494501,17.9788173459611,17.8536384050128,0.169839092964233,1.11053615660386,176.142105102539,-18.1286133201191,-39.8108944707753,-176.142105102539,4.30927324295044,17.9431266784668,5.80999994277954,15.5209999084473,29.7000007629395,991.647338044611
2.625,-0.0400741121424541,-0.0388069246964401,0.475932990748452,-0.0768413139876301,-0.155412927126302,-9.99290288220219,-0.170739174820781,-0.156020776122434,0.0847109389314849,-0.014594484781086,-0.0184152766115973,-2.51516001624079,-0.161934741717459,-0.142591108449083,0.0965142451471572,15.3047901086797,9.3602374644842,-0.433382376842042,-6.92195227655045,-16.5542166557602,-0.288016565742976,7.48461048533551,-6.34253196623086,-2.81,0.1232971309962,-0.0115080505846622,17.9760589599609,17.8378237252528,0.16983884821356,1.11053611000216,176.139999389648,-18.4262514402948,-40.5061516055308,-176.139999389648,4.30956697463989,17.9200000762939,5.80999994277954,15.5209999084473,29.7000007629395,991.649300053434
2.65,-0.0443533215134796,-0.0304199372654399,0.476680155397931,-0.156412730734923,-0.156294695479239,-9.77965023454726,-0.147842142306122,-0.136074925017811,0.0981927142285358,-0.0201869450958376,-0.0211768021075466,-2.51262653370864,-0.149528076836996,-0.115563664207088,0.109274435401913,15.3221168520388,9.30314312083889,-0.447987781353205,-6.93143681483684,-16.5340507428797,-0.311094070003113,7.48473552361668,-6.3424276765771,-2.81,0.119150099696269,-0.0158543772438266,17.9760589599609,17.8308647144371,0.16983884821356,1.11053611000216,176.139999389648,-18.4262514402948,-40.5061516055308,-176.139999389648,4.30956697463989,17.9200000762939,5.80999994277954,15.5209999084473,29.7000007629395,991.650556291853
2.675,-0.0453061515692399,-0.0243822676185362,0.476559599467553,-0.184593168311471,-0.0803194030162451,-9.74079984456612,-0.135539227866649,-0.0977077194796107,0.113801807888387,-0.0203342051188601,-0.0238295236440949,-2.50963757459844,-0.076773816160727,-0.0920107150483553,0.122026454420129,15.3462007160974,9.26505225016679,-0.447465840152566,-6.92458278618398,-16.5385789024784,-0.269919282287305,7.48486056189785,-6.34232338692334,-2.81,0.11875786148182,-0.0183886562987741,17.9673291229495,17.833891728744,0.16983884821356,1.11053611000216,176.139999389648,-18.4262514402948,-40.5061516055308,-176.139999389648,4.30956697463989,17.9200000762939,5.67999982833862,15.5329999923706,29.7000007629395,991.651812530271
2.7,-0.0472078212040455,-0.0263098102130856,0.475952612803744,-0.121651224827396,0.00276508852492796,-9.64205174924977,-0.0674711932885807,-0.0939560830675214,0.123016495654398,-0.0209581114307284,-0.0263311554037877,-2.50626100573715,-0.0420253078005811,-0.0919625260556245,0.131367253954352,15.3625909970518,9.20983822681618,-0.445953179570069,-6.91543481426274,-16.5272841429794,-0.234172440938382,7.48505090574664,-6.34220883968479,-2.81,0.118275282964397,-0.0220115262155225,17.9550941241077,17.8253929976312,0.16983884821356,1.11053611000216,176.139999389648,-18.4262514402948,-40.5061516055308,-176.139999389648,4.30956697463989,17.9200000762939,5.67999982833862,15.5329999923706,29.7000007629395,991.653068768689
2.725,-0.0478564053644005,-0.0256612260527307,0.475345624684288,-0.138399094577623,-0.0529766553496197,-9.45368755089457,-0.000868111805045071,-0.1021222800245,0.135870292434068,-0.0214043497416319,-0.0285945445034095,-2.50281290401582,0.00329880224432789,-0.0845845056977779,0.140834235148606,15.3805946054751,9.14382989647198,-0.454338737212646,-6.91312574435436,-16.5088873298428,-0.209930595718372,7.48525663740324,-6.342091875474,-2.81,0.117372889046678,-0.0262226529885417,17.9515228271484,17.8167759689952,0.169838813852685,1.11053610337838,176.140884399414,-18.4685565546453,-40.6037596883216,-176.140884399414,4.30934953689575,17.9205932617188,5.67999982833862,15.5329999923706,29.7000007629395,991.655242508634
2.75,-0.0500659701171084,-0.026636780729498,0.47473863365276,-0.317023138776736,-0.030545902578333,-9.84758932847698,0.0443105592048164,-0.0734939151585428,0.146737759362542,-0.0205095442979046,-0.0294230966814034,-2.49924517130345,0.084788617283658,-0.0281935834605289,0.153483361510793,15.4276500155705,9.04967371467492,-0.483144413157955,-6.94882119990623,-16.4866700568081,-0.214481324729361,7.48546236905984,-6.34197491126322,-2.81,0.116085188171739,-0.0317970187902061,17.9515228271484,17.8325572742398,0.169838526470816,1.11053604797946,176.148315429688,-18.8223811573217,-41.4201181983694,-176.148315429688,4.30753183364868,17.9255523681641,5.67999982833862,15.5329999923706,29.7000007629395,991.664172396184
2.775,-0.0489451144482457,-0.0270882233145086,0.474131638304431,-0.334559947852757,-0.178637408596405,-10.3208995209031,0.0756880709889082,-0.00431667915582676,0.153302351001966,-0.0191540500219566,-0.0284444753109241,-2.49500173822607,-0.0225384514608962,0.0479584712497877,0.164184279963074,15.4648654103967,8.9825830097329,-0.479988260918233,-6.9477728036069,-16.4852304154173,-0.211848151056363,7.48566810071644,-6.34185794705243,-2.81,0.117203500157613,-0.0358921510027937,17.9436824932253,17.8315062291649,0.169838239088947,1.11053599258055,176.15576171875,-19.1762057614163,-42.236476708496,-176.15576171875,4.30571413040161,17.9305114746094,5.78000020980835,15.5170001983643,29.7000007629395,991.673102283735
2.8,-0.0472057999382388,-0.0275796386475411,0.473524648747589,-0.205623747727022,-0.298887170024851,-10.4599818479337,-0.0168868029893508,0.0469653197221244,0.163182734590112,-0.0198856976471379,-0.0282251393092827,-2.49050985662902,-0.0444258317190385,0.0226545149300878,0.172461908611083,15.49511188551,8.96305241865961,-0.5151702110209,-6.91114220027332,-16.5188050531481,-0.255723393781057,7.48570378065284,-6.34183279101743,-2.81,0.11501974308719,-0.0376681758831176,17.93252509495,17.8147205311721,0.169837951707078,1.11053593718164,176.163208007812,-19.5300303626745,-43.0528352187014,-176.163208007812,4.30389642715454,17.9354724884033,5.78000020980835,15.5170001983643,29.7000007629395,991.682032171285
2.825,-0.0475313630001347,-0.0269300622477848,0.472917669286897,-0.101192625855917,-0.0258117916514605,-10.202372658017,-0.0248531497366136,0.0221202392462302,0.175424641644441,-0.0206244216968187,-0.0285050620385543,-2.48643117010797,-0.0300236922614293,-0.0206223594117111,0.180247942345432,15.5128620280719,8.91513926994868,-0.526762487965459,-6.88787029758598,-16.5194264247936,-0.268083163898304,7.48570597170618,-6.34182571508923,-2.81,0.114125224929288,-0.0409917508975323,17.9291477203369,17.7945101696279,0.169837689314937,1.11053588660002,176.169998168945,-19.8530876080415,-43.7982060322816,-176.169998168945,4.30223655700684,17.9400005340576,5.78000020980835,15.5170001983643,29.7000007629395,991.689751226626
2.85,-0.0494400058976788,-0.0272855613830454,0.472310672481307,-0.141555240875987,-0.0699652676431442,-9.40331450675997,0.0319715209365241,-0.0445243033970441,0.184255288944085,-0.018697689867125,-0.0299713862765652,-2.48374117244249,0.0605008860226329,-0.0620673881112101,0.190382554975157,15.5391087890657,8.82999866348907,-0.530224702859893,-6.9153636569786,-16.4875439552825,-0.229251838661889,7.48570816275953,-6.34181863916102,-2.81,0.114801876931583,-0.0457873680204613,17.9291477203369,17.8041251629978,0.169837689314937,1.11053588660002,176.169998168945,-19.8530876080415,-43.7982060322816,-176.169998168945,4.30223655700684,17.9400005340576,5.78000020980835,15.5170001983643,29.7000007629395,991.684756543758
2.875,-0.0513436597151383,-0.0265926131107576,0.471703684373177,-0.216842493051674,0.133750008010002,-8.73542978508204,0.0223706566735086,-0.0715318013609342,0.192031487155168,-0.0193616695649711,-0.0315006607917972,-2.47808331264769,0.0334270639329655,-0.056926183869965,0.190156722122351,15.5807374598941,8.72243832204702,-0.53252028241588,-6.92170728516327,-16.467229988029,-0.210220615364984,7.48571035381287,-6.34181156323282,-2.81,0.11427128551057,-0.0525828596917999,17.9260146919929,17.8004672452679,0.169837689314937,1.11053588660002,176.169998168945,-19.8530876080415,-43.7982060322816,-176.169998168945,4.30223655700684,17.9400005340576,5.71000003814697,15.5410003662109,29.7000007629395,991.679761860891
2.9,-0.0516451462943159,-0.0307471353033561,0.471096696250548,-0.323241672777239,0.155305960648228,-8.61365046569557,0.115379830758131,-0.0211778164114499,0.188447144219669,-0.016520888565949,-0.031067927398866,-2.47411080885088,0.0448426130150416,0.00845022960442124,0.18725282753409,15.6121387487183,8.66625657051144,-0.5083627725549,-6.91291244223501,-16.470741788956,-0.166187999603641,7.48577400465487,-6.34177064948532,-2.81,0.117314178665633,-0.0557710814038321,17.9214864869645,17.8019091569843,0.169837689314937,1.11053588660002,176.169998168945,-19.8530876080415,-43.7982060322816,-176.169998168945,4.30223655700684,17.9400005340576,5.71000003814697,15.5410003662109,29.7000007629395,991.674767178024
2.925,-0.0503327825253416,-0.0310771838778043,0.470489709553111,-0.292181798707727,0.11093538811361,-8.96478580248383,0.0842056129032663,0.0666170298822518,0.187671814440073,-0.0141115755443571,-0.0282919127614701,-2.46767475880627,0.0500286391365872,0.11569579572896,0.186142645962273,15.6648061605603,8.61015273772593,-0.523766899270932,-6.88153485894495,-16.504513254792,-0.201827122032293,7.48603782159972,-6.34161953060103,-2.81,0.118266522110075,-0.0593169355935624,17.9200668334961,17.7908436939146,0.169837673719879,1.11053588358921,176.170944213867,-19.8723172054735,-43.842506524411,-176.170944213867,4.30227422714233,17.9389228820801,5.71000003814697,15.5410003662109,29.7000007629395,991.669997058467
2.95,-0.0455880130651711,-0.0368670565264576,0.469882714215498,-0.18359626426222,0.350981728595304,-9.4110299937088,0.138261106045097,0.11803963334478,0.184966767256765,-0.009143779614939,-0.0270009506647219,-2.46484994144456,0.185512709888373,0.129995344628484,0.18860696716261,15.7239218723839,8.5097367707817,-0.452056845496382,-6.93884660038363,-16.4834173216543,-0.105145636712022,7.48630163854457,-6.34146841171674,-2.81,0.124932255137516,-0.0643581651083096,17.9200668334961,17.8398505188086,0.169837386770814,1.11053582819029,176.188293457031,-20.2261418081499,-44.6576355788052,-176.188293457031,4.30296659469604,17.9190845489502,5.71000003814697,15.5410003662109,29.7000007629395,991.669134340518
2.975,-0.0436797242407601,-0.0425159788628578,0.469275731880504,-0.0769012946372821,0.171285750587709,-9.51146802274694,0.198366598175516,0.11800998318456,0.183227392642451,-0.00517171042534408,-0.0234228847105607,-2.45924901728191,0.188974994245057,0.109789767015893,0.185980152097189,15.782187196577,8.38551838549863,-0.409728098489771,-6.96676749831731,-16.4626678976256,-0.0833350640757609,7.48656545548942,-6.34131729283245,-2.81,0.12991630878375,-0.0712627775526224,17.9188826938845,17.8542788488233,0.169837099821749,1.11053577279138,176.205657958984,-20.5799664094081,-45.4727646335148,-176.205657958984,4.30365943908691,17.8992462158203,5.94000005722046,15.5240001678467,29.7000007629395,991.668271622568
3,-0.0420880821500892,-0.0517144639654208,0.468668732176853,-0.0944365348022406,0.192471485839563,-9.61972957213658,0.205573471440509,0.10575465242891,0.182094811050941,-8.99550907660745e-05,-0.0216548859901693,-2.4558136113379,0.168256775610265,0.112491926179713,0.180314796859039,15.7965414101339,8.3523654515451,-0.396237543404021,-6.93980841672194,-16.4707554149811,-0.0548502334121517,7.48682990714726,-6.34116309498073,-2.81,0.133794988477744,-0.072742336286472,17.9171440762008,17.84173153406,0.169836812872684,1.11053571739246,176.223022460938,-20.9337910135027,-46.2878936879878,-176.223022460938,4.30435132980347,17.8794078826904,5.94000005722046,15.5240001678467,29.7000007629395,991.667408904618
3.025,-0.0414418366704063,-0.0533246985549664,0.468061748391102,-0.0888226696629455,0.211698202592473,-9.95681832129227,0.231441791149181,0.101549409434712,0.171107958609923,0.00680068629463212,-0.017826170407645,-2.44919740476321,0.168893370848889,0.110377127579653,0.165726452326937,15.8353392489806,8.27240853747407,-0.416232447333124,-6.90911874100638,-16.4809590716591,-0.0776395025982997,7.48709799177278,-6.34099127374731,-2.81,0.137109575076398,-0.0768951182680352,17.9165802001953,17.8195341422721,0.169836532161643,1.11053566319787,176.240005493164,-21.2799237757881,-47.0853025456879,-176.240005493164,4.30502891540527,17.8600006103516,5.94000005722046,15.5240001678467,29.7000560760498,991.666561322071
3.05,-0.0388888280851337,-0.0619287519409252,0.467454758820899,-0.0872284692609952,0.0186584676106376,-10.3246126736045,0.17947664415143,0.110480810099733,0.165500006704843,0.010875879277696,-0.0154010098806487,-2.4449520894327,0.154175646606246,0.108248185032435,0.166143813080607,15.8962943060783,8.17976149912882,-0.428962451847052,-6.94387765297013,-16.4790228353061,-0.0951271108807348,7.48736607639831,-6.34081945251389,-2.81,0.13876111715458,-0.081744555428801,17.9165802001953,17.8441726681673,0.169836532161643,1.11053566319787,176.240005493164,-21.2799237757881,-47.0853025456879,-176.240005493164,4.30502891540527,17.8600006103516,5.94000005722046,15.5240001678467,29.7025337219238,991.666394832642
3.075,-0.0377759723130634,-0.066169031151636,0.466847769250696,0.000524882587715048,0.0836629666047476,-10.3984112384495,0.13706421938575,0.110279685037531,0.161265458048954,0.0142688551217191,-0.012707795423458,-2.44074926103622,0.0762836707926971,0.111052651653822,0.156932715599889,15.9259896994973,8.13574737390915,-0.426352972341014,-6.92441419515708,-16.4939435124494,-0.10782188842876,7.48763416102384,-6.34064763128047,-2.81,0.141160139905782,-0.0840962667563389,17.9172871839004,17.835311088347,0.169836532161643,1.11053566319787,176.240005493164,-21.2799237757881,-47.0853025456879,-176.240005493164,4.30502891540527,17.8600006103516,6.3600001335144,15.4709997177124,29.7050132751465,991.666228343213
3.1,-0.0363425245750354,-0.0714059003956101,0.466240785461331,-0.0384603340604107,0.00215683124684601,-10.942228111849,0.106917636532716,0.102279876389226,0.152601734730386,0.0147140182555517,-0.0106138673489437,-2.43696246376624,-0.00077838501372271,0.0991546525424339,0.145798100024966,15.939819915685,8.11368650968044,-0.452424935292871,-6.88637796606312,-16.5125838444126,-0.163796622912166,7.48805618881735,-6.34040424310919,-2.81,0.140389240212622,-0.0857452459052541,17.9183419579766,17.807301520081,0.169836532161643,1.11053566319787,176.240005493164,-21.2799237757881,-47.0853025456879,-176.240005493164,4.30502891540527,17.8600006103516,6.3600001335144,15.4709997177124,29.7074928283691,991.666061853784
3.125,-0.0358595219385841,-0.0705995255646259,0.465633790110289,-0.0122698942355315,0.0722964264825857,-11.3001331283954,0.0201296589243407,0.0890471362380767,0.143006694791279,0.0148277710105739,-0.00899365832842162,-2.43340757529904,-0.0374754349727807,0.0777498102959414,0.136841079907655,15.9611901436843,8.09262975468508,-0.494591738164961,-6.85719522915371,-16.5354282797403,-0.230983401040873,7.48850863166699,-6.34014671522349,-2.81,0.138397953133919,-0.0873305980883179,17.9186954498291,17.7874762701135,0.169836532161643,1.11053566319787,176.240005493164,-21.2799237757881,-47.0853025456879,-176.240005493164,4.30502891540527,17.8600006103516,6.3600001335144,15.4709997177124,29.7099723815918,991.665895364355
3.15,-0.0347609737720199,-0.0698373057660644,0.465026803437181,0.0753682274132937,0.140594028782127,-11.0876127863477,0.00183704623740092,0.0611082399619549,0.132736165810058,0.0139406770466053,-0.008561090078497,-2.43025837692094,-0.0247097957552343,0.0311404350250849,0.133644160914673,16.0017255435076,8.01882028309352,-0.50557930566334,-6.88414021873222,-16.5274017020432,-0.256741046083579,7.48896107451664,-6.33988918733778,-2.81,0.137290003654979,-0.0918517601431265,17.9186954498291,17.8014208227609,0.16983624790349,1.11053560925732,176.249816894531,-21.6244340415658,-47.8927875937068,-176.249816894531,4.30755472183228,17.8624534606934,6.3600001335144,15.4709997177124,29.7075481414795,991.660054908608
3.175,-0.0360334022575493,-0.0704472155444474,0.464419808062103,0.0380594795607438,0.0316152319365079,-10.8695178642897,-0.0520045827179009,0.0195334261456714,0.130491568305749,0.013144362230171,-0.00880285432115706,-2.42685606127685,-0.0838481422708172,-0.00486652992082051,0.129264585539745,16.010192915446,8.00274088417418,-0.519242413664924,-6.84507245399993,-16.5441884915505,-0.273060045994347,7.48941351736629,-6.33963165945208,-2.81,0.13627432985521,-0.0933122027647649,17.9215931802426,17.7776976162003,0.169835960521621,1.11053555472401,176.259735107422,-21.9727301348919,-48.7091461038334,-176.259735107422,4.31010818481445,17.864933013916,5.88000011444092,15.5310001373291,29.7050666809082,991.654152101584
3.2,-0.0369764281593597,-0.0720398039799344,0.46381282139968,0.00166229830871774,0.110558008979675,-10.6318372643681,-0.0702087473615567,-0.0198539756917641,0.126035102771736,0.0106607748927338,-0.0102357801669819,-2.42386728200382,-0.120689641310929,-0.0403557194955448,0.12296671400168,16.0148172319247,7.98247430577529,-0.539822292422796,-6.81355063488599,-16.5522405741691,-0.290748761626817,7.4898674663065,-6.33934333622021,-2.81,0.133824203229232,-0.0952450364005072,17.9259872796401,17.7549335727417,0.169835673139752,1.11053550019071,176.269653320312,-22.3210262267997,-49.52550461396,-176.269653320312,4.31266212463379,17.8674125671387,5.88000011444092,15.5310001373291,29.7025871276855,991.648249294559
3.225,-0.037786207497411,-0.0702632218341588,0.46320583328398,-0.0522650799061938,0.0752478425010978,-10.2041776033312,-0.070931035236464,-0.0580057421368938,0.122128268488788,0.00820497093594459,-0.0121800735556598,-2.4209789163392,-0.114459195812745,-0.0780518214293058,0.119038239156357,16.0238593093269,7.9497530424877,-0.564306955859397,-6.79552554988563,-16.553234917421,-0.303857222399267,7.49032172004039,-6.33904878080871,-2.81,0.131071004204234,-0.0978261212287329,17.9275074005127,17.7396669155521,0.169835385757883,1.1105354456574,176.279571533203,-22.6693223187076,-50.3418631240866,-176.279571533203,4.31521558761597,17.8698921203613,5.88000011444092,15.5310001373291,29.7001075744629,991.642346487534
3.25,-0.041761603762358,-0.0666501819808356,0.4625988422487,-0.0957921523184451,0.220047568805793,-9.67768815056374,-0.0804388237243743,-0.0882067183666606,0.119938078916126,0.00652993418070142,-0.0148510059494077,-2.41822172449936,-0.0531405669156608,-0.0975695823388154,0.11778761457883,16.049585616146,7.89305094514575,-0.590860648660073,-6.80813171014172,-16.5468234809875,-0.300904112977186,7.49077597377428,-6.33875422539722,-2.81,0.128418431734974,-0.10149710147978,17.9275074005127,17.7470842971558,0.169835373263019,1.11053544328639,176.279998779297,-22.6844656274831,-50.3773569723598,-176.279998779297,4.31532669067383,17.8700008392334,5.88000011444092,15.5310001373291,29.7000007629395,991.64323355374
3.275,-0.0447667225906676,-0.0677398200965984,0.461991855594974,-0.149154704009076,0.169731754751938,-9.28826404079609,-0.0485451033519064,-0.0939421023565629,0.117499669966672,0.00613780673666044,-0.0169759728056713,-2.41537770632443,-0.0843101102599056,-0.0741372118987397,0.113751612789043,16.0591977618838,7.86680261790366,-0.587957813701372,-6.78626854580956,-16.5531082610778,-0.26697695825022,7.49123022750818,-6.33845966998573,-2.81,0.128304203548988,-0.103329537459384,17.928553717477,17.738460566026,0.169835373263019,1.11053544328639,176.279998779297,-22.6844656274831,-50.3773569723598,-176.279998779297,4.31532669067383,17.8700008392334,5.82999992370605,15.5209999084473,29.7000007629395,991.644429250547
3.3,-0.04523334488203,-0.0701219231005076,0.461384868893386,-0.195073459454958,0.111291624717271,-9.09791328507677,-0.0613094942436351,-0.0780916625813363,0.113768304971366,0.00493262409765067,-0.0181870729061428,-2.41336837577978,-0.0880506308156676,-0.0608671141378579,0.109220042069951,16.0680581978691,7.85408124389444,-0.60012773578351,-6.7689967308286,-16.5631374872518,-0.269071684657316,7.49165634364559,-6.33820901942595,-2.81,0.126933792671625,-0.104454731032064,17.9301667894636,17.7305303075338,0.169835373263019,1.11053544328639,176.279998779297,-22.6844656274831,-50.3773569723598,-176.279998779297,4.31532669067383,17.8700008392334,5.82999992370605,15.5209999084473,29.7000007629395,991.645624947355
3.325,-0.0455609889545454,-0.0688191202915351,0.460777869212147,-0.234944733297753,0.251547370797394,-8.92084739041685,-0.042515309835879,-0.0577290690477826,0.108991566904138,0.00298566353706015,-0.0191718907773487,-2.41155297969533,-0.0949798331856297,-0.0515666037947377,0.103549678839036,16.0796776123635,7.82733851007759,-0.604698879461431,-6.7666144863096,-16.5628301289905,-0.2729606484048,7.49207683143934,-6.33796715112282,-2.81,0.125573341846725,-0.106442584462344,17.9307422637939,17.7283577830142,0.169835373263019,1.11053544328639,176.279998779297,-22.6844656274831,-50.3773569723598,-176.279998779297,4.31532669067383,17.8700008392334,5.82999992370605,15.5209999084473,29.7000007629395,991.646820644163
3.35,-0.0471497594278961,-0.0669642609926537,0.460170886877473,-0.207681923291727,0.221899820650419,-8.85076252015283,-0.0281167463498083,-0.0534421739023596,0.10360872344664,0.00195507800326511,-0.0215532709513467,-2.40787407122806,-0.0248530860081925,-0.0521419993241131,0.103420834817956,16.1182355447114,7.75931898139479,-0.572833677523133,-6.78032965660864,-16.562477152084,-0.21015919285995,7.49249731923309,-6.33772528281969,-2.81,0.126586375054897,-0.110623840348007,17.9307422637939,17.74875524911,0.169835108147036,1.1105353937021,176.286880493164,-23.0011530692768,-51.1304653380092,-176.286880493164,4.31600666046143,17.8585453033447,5.82999992370605,15.5209999084473,29.7000007629395,991.649428704357
3.375,-0.0482552701157558,-0.0683678050354306,0.459563895848231,-0.22343594276835,0.261327262333774,-8.90580552541119,-0.0364607848912898,-0.0466074756651579,0.101865943978422,0.00222623406032237,-0.0224102867958016,-2.40537981392816,-0.0504506424159038,-0.0271646465108562,0.0974830513511717,16.1301769062938,7.73574869867043,-0.55780675697278,-6.7634377428556,-16.5698350478524,-0.17899642711014,7.49291780702684,-6.33748341451656,-2.81,0.127611473520798,-0.112135082716411,17.9313743930621,17.744488533442,0.169834821197971,1.1105353400344,176.294311523438,-23.3439206518344,-51.9455943925611,-176.294311523438,4.31674242019653,17.8461456298828,5.65000009536743,15.539999961853,29.7000007629395,991.65215307683
3.4,-0.0484048840694584,-0.0720216125876739,0.458956904838054,-0.223184215879956,0.213698157300188,-9.20224423031941,-0.00507592103318198,-0.0280736227764302,0.0965230681489678,0.00159755210317536,-0.0227475326740505,-2.40316311214455,-0.0598574573235604,-0.00853353198441958,0.0890950821645725,16.1436612698133,7.71671891680359,-0.553552323046722,-6.74975878699099,-16.5795805090784,-0.173886946605852,7.49344979634979,-6.33715553017751,-2.81,0.127555319685901,-0.11350803659506,17.932365443186,17.7405003375677,0.169834534248906,1.1105352863667,176.301742553711,-23.686688234392,-52.7607234470342,-176.301742553711,4.31747770309448,17.8337459564209,5.65000009536743,15.539999961853,29.7000007629395,991.654877449303
3.425,-0.0484064265350016,-0.0710525828838513,0.45834991526785,-0.199938945878738,0.289019474580598,-9.3643017144234,-0.0113573692179065,-0.0103162192475218,0.0908304793983737,0.00116827615764373,-0.0231106639060329,-2.40107730744931,-0.0331483969266186,-0.000175021639531239,0.0818213164476696,16.1600734287206,7.70018009121429,-0.556140831078612,-6.73873350123362,-16.5924496818289,-0.173561626217456,7.49400569095926,-6.3368092044951,-2.81,0.127189070015735,-0.114675682001187,17.9327297210693,17.7397811094744,0.169834247299841,1.11053523269901,176.309188842773,-24.0294558183677,-53.575852501586,-176.309188842773,4.31821346282959,17.821346282959,5.65000009536743,15.539999961853,29.7000007629395,991.657601821776
3.45,-0.0487269084442946,-0.071096592002359,0.457742925697647,-0.173383380482968,0.356163848245958,-9.57992900854683,0.0170457402152045,-0.00482532157677036,0.081646176553429,0.00136411468890939,-0.0235269136285012,-2.39928832494178,0.0330844072831413,-0.0108608110678545,0.0792899431303007,16.1823805694955,7.64838735395904,-0.526868453121249,-6.7599587150102,-16.580996041271,-0.13560541948337,7.49456158556874,-6.33646287881269,-2.81,0.12888610704223,-0.11760604304332,17.9327297210693,17.7565254227459,0.169834216109725,1.11053522686556,176.309997558594,-24.0667131645445,-53.6644534857662,-176.309997558594,4.31829357147217,17.8199996948242,5.65000009536743,15.539999961853,29.7000007629395,991.657601163715
3.475,-0.0490428571708632,-0.0700989061080997,0.457135936127444,-0.213841032909317,0.171319189504145,-9.66659683616487,-0.0019142608839592,-0.00277587662689509,0.0747222925719459,0.00142014622744694,-0.0232054792211522,-2.39748548738016,-0.0489294565438348,0.0125331717487644,0.0702597197781308,16.1900909502886,7.63661220258409,-0.508630645582453,-6.74334823806932,-16.5893932988326,-0.121985907699649,7.49511748017822,-6.33611655313028,-2.81,0.130062319192319,-0.118436345981655,17.9331090109689,17.7507467390551,0.169834216109725,1.11053522686556,176.309997558594,-24.0667131645445,-53.6644534857662,-176.309997558594,4.31829357147217,17.8199996948242,5.57999992370605,15.5190000534058,29.7000007629395,991.657268184857
3.5,-0.0490327261627291,-0.0764635525370204,0.456528946557241,-0.215979519472887,0.408614936930509,-9.68005035061715,-0.0124831443796932,0.0150603137305151,0.0666411198788957,0.000503823090487879,-0.0224225683285039,-2.39605737861311,-0.0627680599795091,0.029721255695251,0.0609418154094049,16.2009827504349,7.63441608791527,-0.517420010994029,-6.72963500776711,-16.6046175805458,-0.150207247329245,7.49569555022353,-6.33577622774897,-2.81,0.129172514495146,-0.118851437931528,17.9337139129639,17.7449606846612,0.169834216109725,1.11053522686556,176.309997558594,-24.0667131645445,-53.6644534857662,-176.309997558594,4.31829357147217,17.8199996948242,5.57999992370605,15.5190000534058,29.7000007629395,991.656935205999
3.525,-0.0485483150338398,-0.0756562790111164,0.455921958440592,-0.181600733236798,0.280811326866404,-9.80771710195967,0.0098262006780897,0.0342732884005323,0.0586890964605448,-0.00013032102493006,-0.0216594603804856,-2.39470686041007,-0.0524425074525942,0.038904394837832,0.0541165283748082,16.2137893920948,7.62073009845369,-0.508771535499815,-6.72597054374003,-16.611969874887,-0.158490632551285,7.49627892728735,-6.33543733835788,-2.81,0.12939471897325,-0.119823965634262,17.9339427947998,17.7457037875692,0.169834216109725,1.11053522686556,176.309997558594,-24.0667131645445,-53.6644534857662,-176.309997558594,4.31829357147217,17.8199996948242,5.57999992370605,15.5190000534058,29.7000007629395,991.656602227142
3.55,-0.0471299739353943,-0.0752161316621139,0.455314967404161,-0.14028097464579,0.240935358305997,-9.94357206998732,-0.0270915032790696,0.0397007388737137,0.0539237863684456,-8.28994765632004e-05,-0.0212004999674899,-2.39337295613737,-0.0151538269673676,0.0257420703639915,0.0526800963567839,16.2262476859171,7.61176763832716,-0.479637908439546,-6.7185009971792,-16.6223756373166,-0.13618219659796,7.49686230435117,-6.33509844896679,-2.81,0.13111583686696,-0.120396105046159,17.9339427947998,17.749758516392,0.169833967477929,1.11053518152463,176.322769165039,-24.3562988912831,-54.3707356298852,-176.322769165039,4.31970596313477,17.845552444458,5.57999992370605,15.5190000534058,29.7000007629395,991.656191268057
3.575,-0.0476125849801244,-0.0737403410564508,0.45470797640419,-0.16818450968376,0.348788913431386,-9.72901778958299,-0.0317712570772368,0.0262704449199805,0.046630417694256,-0.00221711198764981,-0.0204628193484836,-2.39232110241576,-0.0912175834756019,0.0225736844001522,0.0410210257660741,16.2269617759036,7.6003208569302,-0.443062613511212,-6.7096051033637,-16.6204795121946,-0.127789772880189,7.497445681415,-6.33475955957571,-2.81,0.132147365544456,-0.121503928673458,17.9339931981583,17.7434658014563,0.16983367793204,1.11053512872254,176.337661743164,-24.6935379644903,-55.1932414179642,-176.337661743164,4.32135057449341,17.8753089904785,5.65999984741211,15.5080003738403,29.7000007629395,991.655767476784
3.6,-0.0477608741561004,-0.0777368511756266,0.454100988269762,-0.189291104062862,0.266946338605581,-9.89181365446327,-0.0472348556827192,0.0213159676653285,0.0408982939661474,-0.00368016795561252,-0.0193559859908903,-2.39156277604212,-0.0848427774484977,0.041878196308651,0.0325305270202959,16.2279488099644,7.61159881938486,-0.441670609790631,-6.69052206186738,-16.6340183175331,-0.155503200212362,7.49795468891888,-6.33445004556467,-2.81,0.131572738292176,-0.121225697670037,17.9340749930821,17.7324654900728,0.169833388386152,1.11053507592045,176.3525390625,-25.0307770376975,-56.0157472059644,-176.3525390625,4.32299518585205,17.9050674438477,5.65999984741211,15.5080003738403,29.7000007629395,991.65534368551
3.625,-0.0471212703675822,-0.0770972473871084,0.453493992917521,-0.231776337145378,0.352705852031458,-10.1366548188555,-0.0324779413677193,0.0476043702228014,0.0322480837147448,-0.00454957003216058,-0.0180004080660148,-2.39082487462836,-0.0630038183110917,0.0667069944086477,0.0264170048400154,16.2379085619811,7.61339742748613,-0.427817219462413,-6.68427738505075,-16.6465619121826,-0.170102242630073,7.49844558834764,-6.33414768409817,-2.81,0.131978140704203,-0.121310222486832,17.9341068267822,17.7331491371704,0.169833098840263,1.11053502311836,176.367401123047,-25.3680161123229,-56.8382529940434,-176.367401123047,4.32464027404785,17.9348258972168,5.65999984741211,15.5080003738403,29.7000007629395,991.654919894236
3.65,-0.0445846626077594,-0.0758418340493729,0.452887009148471,-0.183536933522864,0.272002761855035,-10.3944828628972,-0.0316673684695767,0.0733383013974082,0.0245153646828384,-0.00413555885132901,-0.0160667578158509,-2.39008793565598,-0.034461961222782,0.0884194824673614,0.0246039304782431,16.2417977471944,7.60718508849001,-0.383493073140135,-6.67801521347513,-16.6491061876897,-0.15395430519278,7.4989364877764,-6.33384532263166,-2.81,0.134900150773061,-0.121657869669099,17.9341068267822,17.7326011906522,0.169833048484456,1.11053501393539,176.369995117188,-25.4266663855542,-56.9812974789233,-176.369995117188,4.32492589950562,17.9400005340576,5.65999984741211,15.5080003738403,29.7000007629395,991.653608378696
3.675,-0.0429982449979388,-0.0764746069350054,0.452280025354522,-0.12164713531351,0.27387045723673,-10.8953210184782,-0.0519324257816,0.090993247452804,0.0199816872321093,-0.00703349833774533,-0.0134763096102142,-2.3896914561965,-0.0833404526035444,0.092085953037419,0.0151242067091075,16.2554535190068,7.59924790638042,-0.342467604912531,-6.68693554677136,-16.6541061395912,-0.176815146944029,7.49942738720516,-6.33354296116516,-2.81,0.135769557414269,-0.122543131382004,17.9341793780057,17.7398021433371,0.169833048484456,1.11053501393539,176.369995117188,-25.4266663855542,-56.9812974789233,-176.369995117188,4.32492589950562,17.9400005340576,5.40000009536743,15.5369997024536,29.7000007629395,991.652109973835
3.7,-0.0420456355681477,-0.0783808610889846,0.451673029995615,-0.0402832974119623,0.227740216006741,-11.4409344766325,-0.0424913071006514,0.0922804982899504,0.0142521611561203,-0.00868275514399734,-0.0118619714757699,-2.38934786724441,-0.065428773971401,0.0677617350905418,0.0142323939199443,16.2523475148149,7.61389798130719,-0.339941756680349,-6.66923762732509,-16.6643813434714,-0.213228796444029,7.50002503810597,-6.33318944232999,-2.81,0.135193016168158,-0.122086458886246,17.9342992170802,17.7269498578804,0.169833048484456,1.11053501393539,176.369995117188,-25.4266663855542,-56.9812974789233,-176.369995117188,4.32492589950562,17.9400005340576,5.40000009536743,15.5369997024536,29.7000007629395,991.650611568975
3.725,-0.0418838086082917,-0.0782190341291285,0.451066040425412,0.00985208653775529,0.291174554338805,-11.5942705895524,-0.055091378057614,0.0732325633809221,0.0119361823947896,-0.00975063923874882,-0.0107341004076339,-2.38903827589798,-0.0416947585800502,0.0397912201505063,0.0141620727313498,16.2423153973301,7.63403444441638,-0.35078274784169,-6.64333159588815,-16.6738588096598,-0.250833816836141,7.50064399611737,-6.33282571271562,-2.81,0.134188526380067,-0.12127326793962,17.93434715271,17.7070139383351,0.169833048484456,1.11053501393539,176.369995117188,-25.4266663855542,-56.9812974789233,-176.369995117188,4.32492589950562,17.9400005340576,5.40000009536743,15.5369997024536,29.7000007629395,991.649113164115
3.75,-0.0414127526282415,-0.0771057537108056,0.450459047954432,-0.0237263211275109,0.196192428978042,-11.1623588947181,-0.0601498274267567,0.0317304555772085,0.00808721371537181,-0.00983369144165084,-0.0104029150779952,-2.38883561329581,-0.112536223567639,0.0221087302857443,0.00727897569809357,16.2361312258242,7.62924107552102,-0.340412988368896,-6.63853503090096,-16.6674008094598,-0.246496396672276,7.50126295412877,-6.33246198310124,-2.81,0.134813979562589,-0.121624420634946,17.93434715271,17.700745699724,0.169833048484456,1.11053501393539,176.369995117188,-25.4266663855542,-56.9812974789233,-176.369995117188,4.32492589950562,17.9400005340576,5.40000009536743,15.5369997024536,29.7000007629395,991.649500268489
3.775,-0.0423709423419275,-0.0783960927069962,0.449852059844658,-0.0504796761850495,0.313688424675286,-10.9673387412187,-0.0528859330704561,-0.0106968398093741,0.00594868486290956,-0.0126601646889194,-0.0113462091841255,-2.38891120602878,-0.0541644797675986,-0.0320096678449105,0.00347195847385447,16.2211823847644,7.63158675072046,-0.384221902481027,-6.62919025106973,-16.6577696236886,-0.296729747665732,7.50188191214016,-6.33209825348687,-2.81,0.130799076878878,-0.122062361616036,17.9350353919592,17.6811542917457,0.169833048484456,1.11053501393539,176.369995117188,-25.4266663855542,-56.9812974789233,-176.369995117188,4.32492589950562,17.9400005340576,5.34000015258789,15.5469999313354,29.7000007629395,991.650378121841
3.8,-0.0439493675869275,-0.0790127434075022,0.449245708291419,-0.0849781366548898,0.358913851137784,-10.6569401929315,-0.0471175911776018,-0.0265318736038121,0.00271158627317164,-0.0128711761180588,-0.0118543328125791,-2.38899593366393,-0.0054101797492509,-0.0247432911710476,-0.000284873391998151,16.2129630782673,7.64657320742053,-0.385105662452404,-6.61456867747315,-16.6625689515808,-0.291268106317848,7.50260233142187,-6.33167547948455,-2.81,0.130635773849254,-0.121295243394771,17.9361928852421,17.6738758504873,0.169833048484456,1.11053501393539,176.369995117188,-25.4266663855542,-56.9812974789233,-176.369995117188,4.32492589950562,17.9400005340576,5.34000015258789,15.5469999313354,29.7000007629395,991.651255975194
3.825,-0.0441095435028152,-0.0801463508971461,0.449413617022601,-0.132766332921191,0.354828677072194,-10.5076188897486,-0.0123206345535631,-0.0113976659835697,-0.00542945273601998,-0.012258018525188,-0.0122186232257782,-2.38908922446734,0.0426000154137903,-0.0105925131005249,-0.00389555625790915,16.2124493469234,7.65665362257878,-0.382695274811836,-6.60865165671586,-16.6692091483529,-0.278395123384668,7.50334819147912,-6.33123790047322,-2.81,0.131068589643936,-0.120619006394385,17.9366683959961,17.6757238179585,0.169833048484456,1.11053501393539,176.369995117188,-25.4266663855542,-56.9812974789233,-176.369995117188,4.32492589950562,17.9400005340576,5.34000015258789,15.5469999313354,29.7000007629395,991.652133828546
3.85,-0.0442600837806907,-0.0812117644179423,0.450107325843175,-0.171622984126624,0.37409191539919,-10.3020842650914,-0.0066658891059969,0.00244943030162972,-0.00946529114495112,-0.0140120440203528,-0.0118278325697761,-2.38940658877932,-0.0474347603976973,0.000779460160641222,-0.0131899215015855,16.2114737892058,7.64970821071829,-0.389055335248542,-6.61870376433717,-16.6607733365769,-0.304424848326554,7.50409405153638,-6.33080032146189,-2.81,0.12974907604138,-0.121270167298678,17.9366683959961,17.6759629859799,0.169832826860572,1.1105349740892,176.377548217773,-25.6811580957384,-57.6108589215764,-176.377548217773,4.32640790939331,17.9400005340576,5.34000015258789,15.5469999313354,29.7000007629395,991.653840838738
3.875,-0.0439417389851692,-0.0838052924110043,0.450801024765723,-0.182340235223453,0.397283626413354,-10.161746547459,0.026813538141497,-0.00169663720956178,-0.0182819184584213,-0.0109751377270824,-0.0122757886997821,-2.39021307577394,0.00326759670136722,-0.00084179697523383,-0.0250557202134232,16.1919636036781,7.68578192612862,-0.411031857506756,-6.59250911769321,-16.6694557241804,-0.296556469244915,7.50483991159363,-6.33036274245056,-2.81,0.130221311941313,-0.118802632193442,17.9345529355771,17.6620919406701,0.169832535583467,1.11053492171991,176.387451171875,-26.0156329156886,-58.4382825320331,-176.387451171875,4.32835531234741,17.9400005340576,5.28999996185303,15.5480003356934,29.7000007629395,991.65580844108
3.9,-0.0445694231655217,-0.0910450273941165,0.451494733597036,-0.169200445623945,0.29541480248155,-10.0505783339127,0.0243245012615273,-0.00794454654083587,-0.0284079908144964,-0.0124468422456273,-0.0123612121191055,-2.39104041496821,-0.0728509508114362,-0.00312758628679589,-0.037641102006781,16.1920226273103,7.67821258949625,-0.423653462283082,-6.61234746442108,-16.6580649399879,-0.319000084392635,7.50558577165089,-6.32992516343923,-2.81,0.1286147481281,-0.119368293231831,17.9309292302299,17.6689442435497,0.169832244306361,1.11053486935062,176.397384643555,-26.3501077342207,-59.2657061424899,-176.397384643555,4.33030319213867,17.9400005340576,5.28999996185303,15.5480003356934,29.7000007629395,991.657776043421
3.925,-0.0452049896668456,-0.0879356408146407,0.452188427549375,-0.186897077121073,0.309106626408807,-9.84463588392206,0.00431275990368278,-0.00260226973390571,-0.0357805800136221,-0.0110412500695527,-0.0125615424409322,-2.3920745393435,0.0398973139623385,0.00427612957141003,-0.037442785178492,16.1676365227149,7.74671827656804,-0.435592363060585,-6.56471356157969,-16.6852415504811,-0.317971304373452,7.50633739559385,-6.32947916021317,-2.81,0.128790581590946,-0.115328884696163,17.9294013977051,17.6478468018874,0.169831953029256,1.11053481698134,176.407302856445,-26.6845825541709,-60.0931297529466,-176.407302856445,4.33225059509277,17.9400005340576,5.28999996185303,15.5480003356934,29.7000007629395,991.659743645763
3.95,-0.0448819502445878,-0.0888147503328336,0.452882131447102,-0.239882451266324,0.170885129558252,-9.94924786684174,-0.00240186008529674,0.014426515417222,-0.0421022452034677,-0.0136647842654353,-0.0119410299683935,-2.39306750579253,-0.0455082903137932,0.0152277538708888,-0.0423490000472114,16.1627528007025,7.75535553072833,-0.409565098033374,-6.57233324861805,-16.6807767188341,-0.32246674193312,7.50708906030205,-6.32903309740662,-2.81,0.128818999466909,-0.115156039686825,17.9294013977051,17.6515311026174,0.169831661436957,1.11053476555763,176.415420532227,-27.0130180769159,-60.9214487277207,-176.415420532227,4.33429288864136,17.9381942749023,5.28999996185303,15.5480003356934,29.7000007629395,991.658878460085
3.975,-0.0440947076622007,-0.0855173319840862,0.453575835301815,-0.208659576464885,0.274116956410707,-9.72299308450466,-0.0537448588006711,0.0239498830004,-0.0441629341000594,-0.0131442797534215,-0.0115001144306194,-2.3937169392341,-0.0966643023503006,0.0312352148279588,-0.046397062490091,16.1482981205652,7.79446491766943,-0.403118659537529,-6.54554425718058,-16.6954275331879,-0.31979690189026,7.50784072501025,-6.32858703460008,-2.81,0.129560518657279,-0.112887353829169,17.9248466491699,17.6400148200239,0.169831369727048,1.11053471448676,176.4228515625,-27.3392001328406,-61.7501017937522,-176.4228515625,4.33637046813965,17.9357147216797,5.34000015258789,15.5299997329712,29.7000007629395,991.656956263951
4,-0.0439311761946669,-0.090441199317601,0.454269542494038,-0.216659949820181,0.112234011234763,-9.56323211953486,-0.0726110085849578,0.0340910456291526,-0.0487767142854929,-0.0165636213948243,-0.0102912910487375,-2.3953995192591,-0.0767423030077089,0.0415344529147088,-0.045357646346636,16.1379403143555,7.82142397681151,-0.387494876339428,-6.54854537244831,-16.6958491268945,-0.350882217977529,7.5085248843347,-6.32816071377894,-2.81,0.128601904478458,-0.111766270937741,17.9168973238963,17.6390886244568,0.169831078017139,1.11053466341588,176.430297851562,-27.6653821873471,-62.5787548597048,-176.430297851562,4.33844757080078,17.933235168457,5.34000015258789,15.5299997329712,29.7000007629395,991.655034067817
4.025,-0.0432901479445527,-0.0885099124799705,0.454963244716569,-0.218781214087226,0.227496610895968,-9.72876064855782,-0.143476094645528,0.0479986009762938,-0.0517619076529775,-0.0192126225961828,-0.00909331073598425,-2.39646487006611,-0.165836114765249,0.0599876044081487,-0.0485525656388281,16.1389478350963,7.83216552393798,-0.369809822824013,-6.56020784105384,-16.696389859716,-0.373432802424857,7.50918977458901,-6.32774002820761,-2.81,0.128150504994082,-0.111439048245819,17.913459777832,17.6463511328488,0.16983078630723,1.11053461234501,176.437744140625,-27.9915642404355,-63.4074079257362,-176.437744140625,4.34052515029907,17.9307537078857,5.34000015258789,15.5299997329712,29.7000007629395,991.653111871683
4.05,-0.0414077080467911,-0.0802749326205447,0.455656943624305,-0.173880168601658,0.173570441362856,-9.85700099058683,-0.154092674403202,0.0499337185964131,-0.0541261476496153,-0.0271440090576196,-0.00737098655739248,-2.39825642759716,-0.183421584433346,0.0503164593402164,-0.0522525376071357,16.1021603020609,7.90059083321441,-0.263761334039406,-6.51702864631097,-16.7083107406418,-0.359390825965016,7.50985466484332,-6.32731934263628,-2.81,0.130039982232443,-0.108738344808744,17.913459777832,17.6216889983357,0.169830697525953,1.1105345968017,176.440002441406,-28.0908370409897,-63.6596066849426,-176.440002441406,4.34115743637085,17.9300003051758,5.34000015258789,15.5299997329712,29.7000007629395,991.650473705199
4.075,-0.0404609885653316,-0.0729566284295195,0.456350642545971,-0.193191449245203,0.203246690313303,-10.0492531276861,-0.175967372804859,0.047819233675459,-0.0548415809788347,-0.0298480063766663,-0.00641056410090423,-2.39955391815373,-0.15072745555292,0.0441565638393846,-0.0493905737187422,16.0756099958425,7.94850058559183,-0.225872355123003,-6.4865674953485,-16.7167525466327,-0.359920882044478,7.51051955509763,-6.32689865706496,-2.81,0.130866468378383,-0.106422582066142,17.9080312271324,17.6031360111934,0.169830697525953,1.1105345968017,176.440002441406,-28.0908370409897,-63.6596066849426,-176.440002441406,4.34115743637085,17.9300003051758,5.40000009536743,15.5190000534058,29.7000007629395,991.647522301687
4.1,-0.0401439248151748,-0.0764791503360116,0.457044344768502,-0.119201232523367,0.244946870669794,-10.1959285408776,-0.16970290624246,0.0371077171320809,-0.0528422984426941,-0.0343064947368786,-0.00578027971409421,-2.40081980618173,-0.174405761041542,0.0300925073057241,-0.0498989838735209,16.0677181305003,7.95367998297554,-0.194805586202803,-6.49898351822543,-16.706089178813,-0.374617122658995,7.51116745550094,-6.32650584630502,-2.81,0.130163998596731,-0.106664791787908,17.8983746705993,17.6054301345445,0.169830697525953,1.1105345968017,176.440002441406,-28.0908370409897,-63.6596066849426,-176.440002441406,4.34115743637085,17.9300003051758,5.40000009536743,15.5190000534058,29.7000007629395,991.644570898174
4.125,-0.0401479474853387,-0.0739519711101956,0.457738048651244,-0.133008297497622,0.18778397340842,-10.2289789843317,-0.161053976231446,0.0226606947829563,-0.0516737179801407,-0.0386448239602332,-0.00534467087118098,-2.40207359711417,-0.187229885693134,0.0155655137171559,-0.0507109647206894,16.0535809296768,7.96732613507646,-0.159130196146491,-6.50065429982248,-16.6978257189942,-0.381023306341598,7.51181174029643,-6.32611896757978,-2.81,0.129817248073183,-0.106431696558435,17.8940944671631,17.601745176009,0.169830697525953,1.1105345968017,176.440002441406,-28.0908370409897,-63.6596066849426,-176.440002441406,4.34115743637085,17.9300003051758,5.40000009536743,15.5190000534058,29.7000007629395,991.641619494662
4.15,-0.0401600949416285,-0.0663205228603682,0.458431755829223,-0.130232522686874,0.249968946986288,-10.1219584210717,-0.151355183088354,0.00469541795022135,-0.0526749228841737,-0.0432935252913659,-0.00555122996051827,-2.4034543866076,-0.140716702996208,-0.00579556994866341,-0.0486458719513886,16.017659574882,8.00836686051306,-0.113502224401146,-6.46976114987576,-16.6948116426751,-0.371073663139441,7.51245602509193,-6.32573208885455,-2.81,0.129951024491357,-0.104775428886872,17.8940944671631,17.5775018019642,0.169830504396568,1.11053456351343,176.454803466797,-28.3034442832258,-64.2082245135516,-176.454803466797,4.34204721450806,17.9152030944824,5.40000009536743,15.5190000534058,29.7000007629395,991.636430190259
4.175,-0.0406502030244881,-0.0600775235198659,0.459125453082473,-0.121819997598082,0.139455183070968,-9.96092707987033,-0.162004100007803,-0.00876240439881643,-0.0525774200919922,-0.0473285471517754,-0.00601262580001209,-2.40467933544478,-0.204975877170953,-0.0193879481512636,-0.0493115428524865,15.9864225117337,8.03640006317928,-0.0713027394089087,-6.44829392189397,-16.6867546058486,-0.355304096286084,7.51310030988742,-6.32534521012932,-2.81,0.13018343119153,-0.103743325116849,17.8872936228215,17.5586122897178,0.169830213119463,1.11053451330816,176.477111816406,-28.624097828382,-65.0356481240083,-176.477111816406,4.34338855743408,17.8928852081299,5.55000019073486,15.5050001144409,29.7000007629395,991.63010359196
4.2,-0.0414400297051176,-0.0599693594222844,0.459819153658626,-0.145513620042272,0.213448689787381,-9.92187716527419,-0.170135361147018,-0.0312757820124873,-0.0487784345071408,-0.0522169435218645,-0.00684301195793964,-2.40591814318722,-0.203096834514241,-0.027836471171509,-0.0478857983764047,15.9685795712812,8.05583394066907,-0.071167858527429,-6.44466716568954,-16.6798444623513,-0.38224691406579,7.51389402803057,-6.32485207720873,-2.81,0.127408546930063,-0.103248653867861,17.8749587580843,17.5488256855396,0.169829921842358,1.11053446310289,176.499435424805,-28.9447513749563,-65.8630717343862,-176.499435424805,4.34473037719727,17.8705673217773,5.55000019073486,15.5050001144409,29.7000007629395,991.623776993662
4.225,-0.0419334377618272,-0.0575210196324604,0.460512854218902,-0.146069671451621,0.195345826947791,-10.1004252224514,-0.15663267387427,-0.0372306403966511,-0.0463965308959904,-0.056701805641949,-0.00768577449848553,-2.40712709838874,-0.185144240865162,-0.0299188003737108,-0.0454087453693455,15.9546987504544,8.06857435177252,-0.0613744384631903,-6.44754950975735,-16.6712460091879,-0.395895099609221,7.51472599785165,-6.32433174553148,-2.81,0.125375297119699,-0.103036694296029,17.8693580627441,17.5451325044847,0.169829630565253,1.11053441289763,176.521759033203,-29.2654049215307,-66.6904953447641,-176.521759033203,4.34607219696045,17.8482475280762,5.55000019073486,15.5050001144409,29.7000007629395,991.617450395363
4.25,-0.0430394738579156,-0.0507630722575943,0.461206558119239,-0.187126958245328,0.210396398016689,-10.0282434830043,-0.148354051198576,-0.0270945779327053,-0.0452324786127241,-0.0591459034126928,-0.00849520546170807,-2.40815443732603,-0.119994305786351,-0.0243297796994121,-0.0405298095816394,15.9314376750356,8.08948001366515,-0.0237351568284983,-6.4329273844839,-16.6653552970784,-0.366517026615998,7.51555796767274,-6.32381141385422,-2.81,0.12615137192193,-0.10213694672479,17.8693580627441,17.5350615211124,0.169829522919367,1.11053439434351,176.529998779297,-29.3839073180987,-66.9962823312406,-176.529998779297,4.34656810760498,17.8400001525879,5.55000019073486,15.5050001144409,29.7000007629395,991.619415694491
4.275,-0.0441243846566238,-0.0506097662190424,0.461900266941878,-0.155042452097386,0.217910633579418,-9.97032239540509,-0.138207811351272,-0.0269931930119407,-0.0439904114666939,-0.0640447455402196,-0.008882371342881,-2.40932536382756,-0.158433281401919,-0.024346781344822,-0.0445556749033677,15.9174571328434,8.09109198541243,0.0216336120018496,-6.44079972964501,-16.6499808485284,-0.354846011279957,7.51638993749382,-6.32329108217697,-2.81,0.125950805753831,-0.10257846067924,17.8593144069785,17.5348637303882,0.169829522919367,1.11053439434351,176.529998779297,-29.3839073180987,-66.9962823312406,-176.529998779297,4.34656810760498,17.8400001525879,5.53999996185303,15.5089998245239,29.7000007629395,991.626241761076
4.3,-0.0440019204979026,-0.0459972041116615,0.462593955933089,-0.206957026689573,0.154126611643248,-9.86997054331247,-0.118081417473665,-0.0244967629504276,-0.0436595053016954,-0.0665818605543312,-0.00945207617160723,-2.41032035898921,-0.110625296127022,-0.0214993208226083,-0.0396467620499715,15.8991719961308,8.10674788798026,0.0317467566567078,-6.4339594362753,-16.6427305490891,-0.357386599021568,7.51710765861031,-6.32285415742277,-2.81,0.125097170927178,-0.101976202897864,17.840733643812,17.5256222234742,0.169829522919367,1.11053439434351,176.529998779297,-29.3839073180987,-66.9962823312406,-176.529998779297,4.34656810760498,17.8400001525879,5.53999996185303,15.5089998245239,29.7000007629395,991.633067827662
4.325,-0.0441670039586428,-0.0455040459284279,0.463287659816801,-0.191692859127533,0.195694184890025,-9.80270886330827,-0.108109877073512,-0.0213568214048015,-0.039593827705862,-0.0686037463185026,-0.00982288631364699,-2.41126980414643,-0.0661192316172456,-0.0111466271574241,-0.0349986107047183,15.8812948908154,8.12106258247922,0.0413831371115017,-6.42732338567414,-16.6351811020449,-0.359390094122743,7.51779763195686,-6.32243748984454,-2.81,0.124525203442945,-0.101387410541216,17.8320960998535,17.5164085907511,0.169829522919367,1.11053439434351,176.529998779297,-29.3839073180987,-66.9962823312406,-176.529998779297,4.34656810760498,17.8400001525879,5.53999996185303,15.5089998245239,29.7000007629395,991.639893894247
4.35,-0.0439961482295087,-0.0428009303000367,0.463981366993811,-0.212140080478423,0.199155390899212,-9.85961982903571,-0.0660008974077569,0.000424969630407989,-0.0376089597970998,-0.0686900925830788,-0.00930518474917415,-2.41212567858681,-0.0574384064469152,0.0242154810085701,-0.0335744369167584,15.8677025948953,8.11978551414479,0.0827683332630303,-6.42998884024943,-16.6213725013073,-0.327066843027003,7.5184876053034,-6.32202082226631,-2.81,0.126916038715792,-0.101418150642895,17.8320960998535,17.5157528306009,0.169829348527573,1.11053436432949,176.53889465332,-29.5756023716207,-67.4916727511216,-176.53889465332,4.34630918502808,17.8488941192627,5.53999996185303,15.5089998245239,29.7000007629395,991.638187377601
4.375,-0.0433694783901114,-0.0444451508946224,0.464675069216342,-0.204453490106067,0.266247168787009,-10.0775540874031,-0.047705831041133,0.0312619632875304,-0.0325140173948005,-0.0703198439685648,-0.00823031311999251,-2.41306470246097,0.0131295693772017,0.0434009748176034,-0.0281042336948566,15.8615852273361,8.11244524475087,0.109758356024953,-6.44480757972535,-16.6063027103165,-0.329948819504515,7.51917757864994,-6.32160415468808,-2.81,0.127615032126739,-0.101956936828736,17.8214819566259,17.5190912932534,0.169829056817664,1.11053431412422,176.553771972656,-29.8962559181951,-68.320325817153,-176.553771972656,4.34587669372559,17.8637733459473,5.44999980926514,15.5270004272461,29.7000007629395,991.630740759508
4.4,-0.0420981884791228,-0.0453653217931439,0.465,-0.200279210486442,0.259226795936222,-10.1289118570743,0.0116654152326422,0.0564815253044259,-0.0308157485727601,-0.0694932001249189,-0.00675964231073227,-2.41391628292522,0.0610595871317157,0.0519108699646231,-0.0282578478322334,15.8559627169725,8.10526101200416,0.147321530800158,-6.45692860709714,-16.5934119543563,-0.308652011253829,7.51987377941553,-6.3211822941865,-2.81,0.130341748798823,-0.102182284237633,17.8014450535941,17.5250235065093,0.169828765107755,1.11053426391896,176.568649291992,-30.2169094633513,-69.1489788831056,-176.568649291992,4.34544372558594,17.8786506652832,5.44999980926514,15.5270004272461,29.7000007629395,991.623294141415
4.425,-0.0416031909840292,-0.0465168270458563,0.465,-0.131876725713067,0.374687063695096,-10.1228951597404,0.00398834936164406,0.0647259765476425,-0.0300311438643246,-0.0681537327464598,-0.00511364228895162,-2.41482250592281,0.0842317093196975,0.0608669563926373,-0.031761987745737,15.8431312594751,8.11898821529369,0.166762489266613,-6.45152144597946,-16.5902115456281,-0.305514936193329,7.52057170894062,-6.32075899210608,-2.81,0.132394653343521,-0.101204279250374,17.7919139862061,17.520088136583,0.169828473397846,1.11053421371369,176.583526611328,-30.5375630085074,-69.9776319490582,-176.583526611328,4.34501075744629,17.8935298919678,5.44999980926514,15.5270004272461,29.7000007629395,991.615847523322
4.45,-0.0395423298962446,-0.0485215849044275,0.465,-0.127812438311368,0.331975296395537,-10.10844664146,0.0622516544052581,0.0696865331143158,-0.0362757978911798,-0.0667535690853407,-0.00290047899170352,-2.41594300805558,0.0325824958135517,0.0848183573165147,-0.0402697249755364,15.8228282478121,8.12309144596055,0.198667874497351,-6.44980767764038,-16.5739952866106,-0.297722159769674,7.5212696384657,-6.32033569002566,-2.81,0.135293308325486,-0.10077745378711,17.7919139862061,17.511141494539,0.169828346567451,1.11053419188531,176.589996337891,-30.6769775937896,-70.3379158908042,-176.589996337891,4.3448224067688,17.8999996185303,5.44999980926514,15.5270004272461,29.7000007629395,991.617246560973
4.475,-0.0374681128198729,-0.0516141275991501,0.465,-0.195078973021094,0.222083259093162,-10.3401268475451,0.0698207718985717,0.0900045035668784,-0.0406719937041986,-0.0650956833047968,-0.000826746338508352,-2.41709545786487,0.104902579424791,0.0899207900389618,-0.0398343961281484,15.8140847531174,8.13904065060745,0.20193183500118,-6.45080019092791,-16.5728112711683,-0.314863818132445,7.52196756799079,-6.31991238794524,-2.81,0.136604788668692,-0.0995899462323561,17.7823382117999,17.5095939107776,0.169828346567451,1.11053419188531,176.589996337891,-30.6769775937896,-70.3379158908042,-176.589996337891,4.3448224067688,17.8999996185303,5.63000011444092,15.5030002593994,29.7000007629395,991.625449949198
4.5,-0.0363688010305229,-0.0548981307476897,0.465,-0.113573678993491,0.331893101962542,-10.5653592104903,0.0701930081930759,0.0992331966286006,-0.0449911582283018,-0.0624462812863516,0.00118054014752135,-2.41840140603185,0.113806261063229,0.0820790900953792,-0.0438059754400704,15.8056819835254,8.13701549943614,0.224892524669083,-6.46551340016286,-16.5585963382508,-0.302001041780365,7.52271584674925,-6.31946179088912,-2.81,0.139572576172424,-0.0992502033370395,17.763884896538,17.5157212959551,0.169828346567451,1.11053419188531,176.589996337891,-30.6769775937896,-70.3379158908042,-176.589996337891,4.3448224067688,17.8999996185303,5.63000011444092,15.5030002593994,29.7000007629395,991.633653337422
4.525,-0.0358729517263499,-0.0563793944727597,0.465,-0.0573601140343981,0.240976378187007,-10.5592100189439,0.0926220891999285,0.0873491461642555,-0.0506846041225464,-0.060253948468059,0.00302492116453815,-2.41979464239137,0.0969084732409531,0.0680912349168773,-0.049252040210554,15.7856059396582,8.13910308203849,0.243867830642453,-6.47062336682961,-16.5388682692961,-0.294440140865131,7.52347701896448,-6.31900420412201,-2.81,0.14212819373987,-0.0987850719924456,17.7549076080322,17.5102401046705,0.169828346567451,1.11053419188531,176.589996337891,-30.6769775937896,-70.3379158908042,-176.589996337891,4.3448224067688,17.8999996185303,5.63000011444092,15.5030002593994,29.7000007629395,991.641856725646
4.55,-0.0344570196099776,-0.0593231584150946,0.465,-0.0453418146086673,0.216566737088659,-10.4210083806612,0.066950829082407,0.0622915245627246,-0.0544185027110849,-0.0609015561802716,0.00418106103790359,-2.4214028862998,0.0298179523814351,0.0383578117787606,-0.059213119985428,15.7480349780139,8.18427901422437,0.223245891183886,-6.43981345655126,-16.5361814257886,-0.341136156950462,7.52423819117972,-6.31854661735491,-2.81,0.14089691930263,-0.0963306142222257,17.7549076080322,17.4782747482276,0.169828191430732,1.11053416514555,176.597915649414,-30.8477604600156,-70.7786089006614,-176.597915649414,4.34565258026123,17.8854713439941,5.63000011444092,15.5030002593994,29.7000007629395,991.642143969266
4.575,-0.0344574713813603,-0.0590393401534661,0.465,-0.0378647731760944,0.176818207305187,-10.3283928471885,0.0615222154273339,0.0331807222417241,-0.0598182239130796,-0.0588541183494987,0.00435585568827172,-2.42246135246996,0.0322993037913751,0.0213238537358435,-0.0610306613777983,15.7262979962031,8.20983304697013,0.212080230876285,-6.42419550455826,-16.534119531422,-0.339689253137363,7.52499936339496,-6.31808903058781,-2.81,0.141522677235442,-0.0945872066895802,17.7456487619652,17.4656735296458,0.169827900153627,1.11053411494029,176.61279296875,-31.16841400659,-71.6060325111181,-176.61279296875,4.34721040725708,17.8581943511963,5.80000019073486,15.4980001449585,29.7000007629395,991.63548439211
4.6,-0.0350848603718268,-0.0637659348089378,0.465,-0.036269482672372,0.111606028455299,-10.2621185357644,0.0212870322586725,0.00727001048464899,-0.0623124549446094,-0.0576904759834922,0.00406374034752446,-2.42379754238397,0.0530465563504169,0.00201822301623715,-0.0590121490189936,15.7094566808165,8.23111584514223,0.183532063415708,-6.42051301160373,-16.5294532409042,-0.355203470552409,7.52560935214192,-6.31771158986829,-2.81,0.140553740011434,-0.0931411085185259,17.7274265649184,17.4585229195673,0.169827608876522,1.11053406473502,176.627685546875,-31.4890675517462,-72.4334561215748,-176.627685546875,4.34876823425293,17.8309173583984,5.80000019073486,15.4980001449585,29.7000007629395,991.628824814953
4.625,-0.0350888662670338,-0.0612492941857735,0.465,-0.0284273192321286,0.165192813759235,-10.0652119903304,-0.00640877085691078,-0.00779593976494259,-0.0619919360300992,-0.0591305720462571,0.00358301596885728,-2.42638488316631,-0.0475804376932053,-0.0129937610649981,-0.0654317734967366,15.6901929065741,8.24052136650629,0.179854228388707,-6.4430657960086,-16.5068273333711,-0.363659064784741,7.52618847096969,-6.3173505140466,-2.81,0.139449682916195,-0.092540431889703,17.7183647155762,17.4628201215712,0.169827317599417,1.11053401452975,176.642547607422,-31.8097210983205,-73.2608797320315,-176.642547607422,4.35032653808594,17.803638458252,5.80000019073486,15.4980001449585,29.7000007629395,991.622165237797
4.65,-0.0350888662670338,-0.0612492941857735,0.465,-0.0823134004488169,0.137313615897283,-9.95988312632952,-0.00618010118350092,-0.0184426363028672,-0.0679939683491462,-0.0615898064401011,0.00308388262233317,-2.42811193123454,-0.0830829053253557,-0.0224578702374258,-0.0717997290559713,15.6646724348382,8.26765919892313,0.159346359880328,-6.43591557108508,-16.4979397118482,-0.398143703718079,7.52676758979745,-6.31698943822492,-2.81,0.136921351158363,-0.0912233822183526,17.7183647155762,17.4477884076779,0.169827171960864,1.11053398942712,176.649993896484,-31.9700478708986,-73.6745915371811,-176.649993896484,4.35110569000244,17.7900009155273,5.40000009536743,15.5369997024536,29.7000007629395,991.619675464065
4.675,-0.0365411138611662,-0.0569109565842004,0.465,-0.11395598175011,0.166522138517344,-9.82655661476769,-0.0343614453913494,-0.0269222713311181,-0.0706972857996803,-0.0625639632344246,0.00288616493344307,-2.42879605293274,-0.097146213054657,-0.0262068118900061,-0.0743222162127495,15.6160706170365,8.32822922104498,0.156750230863887,-6.37125879705994,-16.5071239855105,-0.409332599833568,7.52734670862521,-6.31662836240324,-2.81,0.136532060358595,-0.0880441838613743,17.7089017780643,17.4005930937267,0.169827171960864,1.11053398942712,176.649993896484,-31.9700478708986,-73.6745915371811,-176.649993896484,4.35110569000244,17.7900009155273,5.40000009536743,15.5369997024536,29.7000007629395,991.621355493756
4.7,-0.0363722976133288,-0.0561624413335325,0.465,-0.121544813283224,0.0806062547171521,-9.68727308156373,-0.0605316433565717,-0.0249519428304128,-0.0709469680371464,-0.0637262165729395,0.00210435583683648,-2.43041672414891,-0.0549731977099033,-0.0257652229414783,-0.0702227422131282,15.6117963180898,8.33233859023921,0.176059223061478,-6.39181911299549,-16.4979187543491,-0.387779204676358,7.52792582745298,-6.31626728658156,-2.81,0.136809453381989,-0.0877350891422318,17.6898730450242,17.4152944103604,0.169827171960864,1.11053398942712,176.649993896484,-31.9700478708986,-73.6745915371811,-176.649993896484,4.35110569000244,17.7900009155273,5.40000009536743,15.5369997024536,29.7000007629395,991.623035523448
4.725,-0.0370047967330212,-0.0542176940128734,0.465,-0.0957987556416208,0.0576880798261248,-9.72305654550949,-0.0889491718733169,-0.0184010922261388,-0.0724665820271466,-0.0675054520289039,0.00116449953492305,-2.43336213743755,-0.161235965024433,-0.0198150349651391,-0.0731058459755779,15.58060656926,8.37477923341802,0.188541728839059,-6.38976682843128,-16.4906844782669,-0.394945027310445,7.52861209248608,-6.31584761746366,-2.81,0.13532243717281,-0.0855234182597293,17.6802043914795,17.4092236314923,0.169827171960864,1.11053398942712,176.649993896484,-31.9700478708986,-73.6745915371811,-176.649993896484,4.35110569000244,17.7900009155273,5.40000009536743,15.5369997024536,29.7000007629395,991.62471555314
4.75,-0.0383077966180414,-0.04722099905296,0.465,-0.102101605918912,0.0329928782035759,-9.82928736817233,-0.131328629204271,-0.0262363011107294,-0.0709415595468046,-0.0714508483546634,-8.97995649873252e-05,-2.43529164584935,-0.113958628633307,-0.0408595677971938,-0.0672004840758394,15.5517916638534,8.40825184147525,0.188138675512663,-6.37937907154074,-16.4841362448294,-0.411210493891411,7.52944993898633,-6.31534505546328,-2.81,0.133015119061347,-0.0839649494395068,17.6802043914795,17.3958049480794,0.169827171960864,1.11053398942712,176.649993896484,-31.9700478708986,-73.6745915371811,-176.649993896484,4.35110569000244,17.7900009155273,5.40000009536743,15.5369997024536,29.7000007629395,991.626961515277
4.775,-0.0395605528760187,-0.0440995358903019,0.465,-0.0733037770880808,0.0740819653149878,-9.76139918010075,-0.141986035206063,-0.0384441782626658,-0.0713006783423929,-0.0754685418692646,-0.00116319962056949,-2.43665997993156,-0.124419129118639,-0.0523858129274827,-0.0640309183007405,15.5364554516993,8.41427623352677,0.210240601836484,-6.38673384946488,-16.4702739101545,-0.406696087976992,7.53028778548657,-6.3148424934629,-2.81,0.13190475474856,-0.083977846188705,17.6694591296008,17.3951760019949,0.169827171960864,1.11053398942712,176.649993896484,-31.9700478708986,-73.6745915371811,-176.649993896484,4.35110569000244,17.7900009155273,5.69999980926514,15.4890003204346,29.7000007629395,991.62985237718
4.8,-0.0389307807450374,-0.0459808708136982,0.465,-0.0718584549713487,-0.0129894062453179,-9.55078049111615,-0.17547069921035,-0.0507763693424666,-0.0672048492225888,-0.0776932935248938,-0.0022609401850164,-2.43771943456775,-0.123798195506619,-0.0571338115166034,-0.0590146266483464,15.5202710232566,8.43300000550353,0.217153034395843,-6.38039463358715,-16.4672299292278,-0.402939134544195,7.53110264115624,-6.31435585980257,-2.81,0.13096022622922,-0.0830880409211263,17.6473716468503,17.3897829286282,0.169827171960864,1.11053398942712,176.649993896484,-31.9700478708986,-73.6745915371811,-176.649993896484,4.35110569000244,17.7900009155273,5.69999980926514,15.4890003204346,29.7000007629395,991.632743239081
4.825,-0.0410028377092063,-0.0384889466921777,0.465,-0.0991347439644556,0.170887435347854,-9.21834719352682,-0.172129274205881,-0.059808979522542,-0.0627741551242967,-0.084771030207152,-0.00397422899999096,-2.43976818883222,-0.159671005005937,-0.0649678248259154,-0.0597444194583947,15.4814447995858,8.4425848093017,0.27280981086316,-6.3779229253847,-16.4378641181773,-0.381469432548952,7.53186652016376,-6.3139045434226,-2.81,0.130090501372636,-0.0832274914645123,17.6359100341797,17.3745377091824,0.169827171960864,1.11053398942712,176.649993896484,-31.9700478708986,-73.6745915371811,-176.649993896484,4.35110569000244,17.7900009155273,5.69999980926514,15.4890003204346,29.7000007629395,991.635634100983
4.85,-0.0418047008502963,-0.0336251868619579,0.465,-0.183371052955213,0.212646196087499,-9.0734875383293,-0.128380899704677,-0.0585142739823014,-0.0600859645080516,-0.084480812419349,-0.00474902325360899,-2.44052826863688,-0.151207509867172,-0.0423500999286486,-0.0612157945626172,15.4600174276617,8.45884891308262,0.297579929692174,-6.36228599721017,-16.4333783480374,-0.343817644220593,7.53263039917127,-6.31345322704264,-2.81,0.131685200415808,-0.0822260433838068,17.6359100341797,17.3655878544012,0.169827046071347,1.1105339679751,176.658615112305,-32.1070587559699,-74.0322027493413,-176.658615112305,4.35040950775146,17.7813758850098,5.76999998092651,15.4899997711182,29.7000007629395,991.63387247173
4.875,-0.0416414058332217,-0.0344118399212068,0.465477086968142,-0.218869845513548,0.209173169997464,-9.13277042174192,-0.0731507432004153,-0.00339459730471575,-0.0550173625115103,-0.0861233651264898,-0.00491058460726701,-2.44163728781695,-0.0236898404319052,-0.00286911069224087,-0.0515380128905784,15.4531509661426,8.42991707252744,0.370107955206189,-6.39006719791015,-16.4039239904856,-0.280491445779503,7.53339427817879,-6.31300191066268,-2.81,0.134857265453044,-0.0839104216337945,17.6219439236623,17.3806760922314,0.169826756525458,1.11053391863544,176.678451538086,-32.4221837931939,-74.8547085374992,-176.678451538086,4.34880781173706,17.7615375518799,5.76999998092651,15.4899997711182,29.7000007629395,991.626062603974
4.9,-0.0408445301711213,-0.0352087155833072,0.466283297239764,-0.168974355938386,0.141698841239435,-9.38431713396344,-0.0390322157224035,0.0543237016054172,-0.0520067210453458,-0.0870826963517897,-0.00317999953566652,-2.44343651000126,0.0445676666399432,0.0226596878464541,-0.0456466032905056,15.4591044614989,8.4284176788842,0.391346476136762,-6.42370499651635,-16.3958792254701,-0.294016882467852,7.53415815718631,-6.31255059428271,-2.81,0.135557858855691,-0.0838491941866666,17.5925833504155,17.4018858503819,0.169826466979569,1.11053386929578,176.698303222656,-32.7373088289998,-75.6772143254994,-176.698303222656,4.34720659255981,17.74169921875,5.76999998092651,15.4899997711182,29.7000007629395,991.618252736218
4.925,-0.0400465415608833,-0.0353695323176063,0.46709261206879,-0.0907440998449952,0.235611087340686,-9.54088055527598,0.000196850919675559,0.0638700449634097,-0.0492478163745034,-0.0877297297120094,-0.00162943452596664,-2.44490838050842,0.0896166935563087,0.0407423116266727,-0.0416189655661583,15.4486460236763,8.4301380732543,0.422034358288641,-6.4367327763111,-16.3825700961937,-0.293041137420262,7.53498980397202,-6.31205611747953,-2.81,0.137104744468797,-0.0836809135633032,17.5770301818848,17.4057279529409,0.169826177433681,1.11053381995612,176.718139648438,-33.0524338648056,-76.4997201135784,-176.718139648438,4.34560537338257,17.7218589782715,5.76999998092651,15.4899997711182,29.7000007629395,991.610442868461
4.95,-0.0376689484520794,-0.0358486829650518,0.467901938446696,-0.0470625638066582,0.162278451254079,-9.58216960206989,0.0587256161086493,0.0293530546969701,-0.0458088787660058,-0.0877297297120094,-0.00162943452596664,-2.44490838050842,0.0896166935563087,0.0407423116266727,-0.0416189655661583,15.4057567382044,8.42944139078162,0.502317423548801,-6.39966947589957,-16.3598280842208,-0.213075773691013,7.53589771739265,-6.31151306744096,-2.81,0.142027369936661,-0.0838759655979041,17.5770301818848,17.3756347542297,0.169825888758104,1.11053377079053,176.738967895508,-33.3664471891221,-77.3197536267473,-176.738967895508,4.34508275985718,17.7000255584717,5.75,15.4989995956421,29.7000007629395,991.605220002948
4.975,-0.0386149712938747,-0.0396555067316985,0.468711259044862,-0.0403780181529641,0.137214534523104,-9.55710148259161,0.067253546717513,-0.00309551879707995,-0.0410542004386527,-0.0825646503198579,-0.00169049784484494,-2.4470782175567,0.0721804432777045,-0.00289019480105251,-0.0414479600593021,15.3851082108321,8.43295633749579,0.499962143756588,-6.41641082110013,-16.3360530801382,-0.171205525873752,7.53680563081329,-6.31097001740239,-2.81,0.144805097643027,-0.0828418086450536,17.5681503480978,17.3826860998345,0.169825601376235,1.11053372188367,176.761291503906,-33.678807971671,-78.1361121369527,-176.761291503906,4.3461651802063,17.6752281188965,5.75,15.4989995956421,29.7000007629395,991.603842681309
5,-0.0382947669731768,-0.0415619002871978,0.467750630300129,-0.0759953864993082,0.179978933137019,-9.68378932552687,0.113109391349804,-0.000777286919680454,-0.0434563530380923,-0.0820444418737291,-0.00167583047884603,-2.44791340976027,0.0514375257086741,0.000434196420353759,-0.0449430822168548,15.3740747714884,8.42736397450294,0.488040055607235,-6.42569925934435,-16.3186811869247,-0.178479920202501,7.5373680443618,-6.31062756893489,-2.81,0.144443912027438,-0.0830401185944711,17.5490483800677,17.3796801949508,0.169825313994366,1.11053367297682,176.783615112305,-33.9911687528016,-78.9524706470793,-176.783615112305,4.34724712371826,17.6504306793213,5.75,15.4989995956421,29.7000007629395,991.60246535967
5.025,-0.0384532319960886,-0.0430085578777511,0.465808279206782,-0.0016991301230921,-0.0649757935598906,-9.74199826506159,0.0908139137860005,-0.00484324117396209,-0.0415843660025427,-0.0777124017477036,-0.00248928554356098,-2.44912815093994,0.101074606180191,-0.0163749381899834,-0.0370118357241154,15.3351234725992,8.46287747957695,0.440953411907537,-6.39488557719838,-16.3111639241224,-0.179212054885395,7.53789231360048,-6.31030726753341,-2.81,0.144322608360206,-0.0804907676946101,17.5387229919434,17.3510944563199,0.169825026612497,1.11053362406996,176.805938720703,-34.3035295353505,-79.7688291572059,-176.805938720703,4.34832954406738,17.6256332397461,5.75,15.4989995956421,29.7000007629395,991.601088038031
5.05,-0.0389205854942741,-0.0472751176093438,0.463865891115033,0.0317026172718561,0.0948142848892776,-9.69579381296757,0.0634408762333518,-0.0308496135239887,-0.0408551209130426,-0.0777124017477036,-0.00248928554356098,-2.44912815093994,0.101074606180191,-0.0163749381899834,-0.0370118357241154,15.3255357776215,8.45582950606718,0.429554270113332,-6.39257800933827,-16.2989705949129,-0.190053462201118,7.53841658283915,-6.30998696613193,-2.81,0.143744200903398,-0.0809497243065541,17.5387229919434,17.3411800095684,0.169824845436971,1.11053359323738,176.820007324219,-34.5004526371147,-80.2834899570889,-176.820007324219,4.34901142120361,17.6100006103516,6.26000022888184,15.4739999771118,29.7000007629395,991.598530484017
5.075,-0.0408299134400219,-0.0472720784119327,0.461923530851183,0.0044235271033253,0.0219831218876192,-9.3821801861454,0.0699831096803219,-0.0676879723921962,-0.0401560943236697,-0.0761716360893638,-0.00501354137278401,-2.45083205955559,0.0175459323077699,-0.0643604555974028,-0.0413822698297961,15.3144859745982,8.45478936804126,0.430155406160159,-6.41251714573382,-16.280744440637,-0.137702258127568,7.53894085207782,-6.30966666473045,-2.81,0.14428992618357,-0.080570694017343,17.5279154507619,17.3553089139634,0.169824845436971,1.11053359323738,176.820007324219,-34.5004526371147,-80.2834899570889,-176.820007324219,4.34901142120361,17.6100006103516,6.26000022888184,15.4739999771118,29.7000007629395,991.593959592423
5.1,-0.0414616792123199,-0.0472725119268653,0.462528216515953,0.00449809124701625,-0.0178049099887069,-9.19213735141151,0.0383453060652421,-0.0746898717936305,-0.037716513729149,-0.0744827412398613,-0.00742371498426129,-2.45192579555108,0.0235514320448147,-0.0549261341275944,-0.0349597259907274,15.2964358048934,8.47829426488469,0.386918720437164,-6.40370251899366,-16.2784345448523,-0.131494823542503,7.53946512131649,-6.30934636332898,-2.81,0.142523397585847,-0.0789142604567716,17.5041131279218,17.3484590957552,0.169824845436971,1.11053359323738,176.820007324219,-34.5004526371147,-80.2834899570889,-176.820007324219,4.34901142120361,17.6100006103516,6.26000022888184,15.4739999771118,29.7000007629395,991.58938870083
5.125,-0.0439958567004823,-0.0498066894150277,0.465441812427478,-0.0408865768282888,0.0323983970671001,-9.06221086492477,0.0494453741789413,-0.062612069853718,-0.0329500237202304,-0.073275625705719,-0.00914635509252548,-2.45270752906799,0.0278437845408916,-0.0481830760836601,-0.03036929666996,15.2787763706605,8.48471554599354,0.358128187425375,-6.4001701542887,-16.2659781813132,-0.124245244983535,7.5400156066173,-6.3090133898391,-2.81,0.141415250440352,-0.0783457340919267,17.4909896850586,17.3402193040145,0.169824845436971,1.11053359323738,176.820007324219,-34.5004526371147,-80.2834899570889,-176.820007324219,4.34901142120361,17.6100006103516,6.26000022888184,15.4739999771118,29.7000007629395,991.584817809236
5.15,-0.0446334348779372,-0.0491691112375728,0.468355325108597,-0.00391090879999781,-0.00369400199151396,-9.09170995283936,0.0285885013645032,-0.0488514778743533,-0.0292273931388143,-0.0750646879784591,-0.010347737460406,-2.45360238604415,0.0216328392211705,-0.0458821792164987,-0.025996763210222,15.2634593590756,8.48017666849603,0.356433901516115,-6.40639338403874,-16.2467452472162,-0.122579534218463,7.54063243632455,-6.30864834737641,-2.81,0.140205435399864,-0.0787482131175632,17.4909896850586,17.3351529553214,0.169824748747613,1.1105335767579,176.825012207031,-34.6057046400996,-80.5581530080552,-176.825012207031,4.34874868392944,17.6058216094971,6.38000011444092,15.4680004119873,29.7000007629395,991.580552916
5.175,-0.0452707449284136,-0.0466259325239257,0.471268858653873,0.0182516352013375,0.0601976357129257,-9.37271782295828,0.0243546967533326,-0.0375445016610439,-0.0236538993833303,-0.0740319844675246,-0.0109890494786499,-2.45401569711719,-0.00275205813364963,-0.0304087475849634,-0.0239807902926256,15.2566951059291,8.48507162448311,0.356219865690148,-6.40460050204189,-16.2437746008236,-0.104679260044423,7.5412492660318,-6.30828330491373,-2.81,0.140709777635804,-0.0782976641175464,17.4844393254612,17.3354974936059,0.169824461798548,1.11053352785104,176.839904785156,-34.9180654212303,-81.3732820626071,-176.839904785156,4.3479700088501,17.5934238433838,6.38000011444092,15.4680004119873,29.7000007629395,991.576890148564
5.2,-0.0446317815506134,-0.0491707645648966,0.473492693471361,-0.0254834607346598,0.0860785279639988,-9.36850809490233,0.0174857165236607,-0.019876013958921,-0.0202272610114459,-0.0723712809141193,-0.0114935136626848,-2.45428141720719,0.0427843466820003,-0.0184105880383851,-0.0173287647997238,15.2555773653786,8.49667126414617,0.338882986826925,-6.40130338475316,-16.2497388701984,-0.101027855019416,7.54185987290463,-6.30792130572074,-2.81,0.140569757552275,-0.0773920864932436,17.4696610751499,17.337533509624,0.169824174849483,1.11053347894419,176.854766845703,-35.2304262023609,-82.188411117159,-176.854766845703,4.34719085693359,17.5810241699219,6.38000011444092,15.4680004119873,29.7000007629395,991.573227381128
5.225,-0.044324897799009,-0.0482461866698493,0.474706659898989,-0.0290396133429563,0.064285574761846,-9.38018367032581,0.00627533825461049,0.00215010119414183,-0.0185602652217673,-0.0736699998378754,-0.0109109319746494,-2.45495104789734,-0.0565912276506424,0.025227602571249,-0.0201712213456631,15.2537632544294,8.47342206435363,0.348641029186292,-6.4252048987791,-16.2265976220384,-0.109531234131313,7.54242999389143,-6.30757910610157,-2.81,0.140429126358815,-0.07880813095653,17.461353302002,17.3428453366187,0.169823887900418,1.11053343003733,176.869644165039,-35.5427869834916,-83.003540171632,-176.869644165039,4.34641170501709,17.56862449646,6.38000011444092,15.4680004119873,29.7000007629395,991.569564613692
5.25,-0.0433680169135782,-0.0453633005273371,0.475920643737527,-0.0246254320295482,0.132669939044914,-9.40787909870597,0.0112122363363741,0.0273397305396039,-0.0158725313944382,-0.0736699998378754,-0.0109109319746494,-2.45495104789734,-0.0565912276506424,0.025227602571249,-0.0201712213456631,15.2482968214051,8.48608349684956,0.359461006946596,-6.41238460976829,-16.2334456686809,-0.0997327583083074,7.54300011487823,-6.30723690648241,-2.81,0.141087030379015,-0.0781004061557026,17.461353302002,17.338625427785,0.169823688283677,1.11053339601517,176.880004882812,-35.7600814408552,-83.5705864704953,-176.880004882812,4.34587001800537,17.5599994659424,6.51999998092651,15.4569997787476,29.7000007629395,991.568794682341
5.275,-0.0424121102223264,-0.0444073938360853,0.47685189666419,0.0107598849445838,0.0949310042862717,-9.61683906272276,0.00579787314178091,0.0409664792968322,-0.0144776120306098,-0.0752032124454933,-0.00875974131063256,-2.45610046350312,-0.00354681890616529,0.0412344462873687,-0.0119145651438453,15.2450445063544,8.48971774148064,0.38428686882418,-6.42504030411964,-16.2277095539176,-0.121101000896477,7.54357023586503,-6.30689470686325,-2.81,0.141855931406354,-0.0779545826841164,17.4562228940568,17.3428609368433,0.169823688283677,1.11053339601517,176.880004882812,-35.7600814408552,-83.5705864704953,-176.880004882812,4.34587001800537,17.5599994659424,6.51999998092651,15.4569997787476,29.7000007629395,991.574636947755
5.3,-0.0414624527249027,-0.0434692783028962,0.477,0.0758642921401406,0.0686029224570286,-10.0417074370484,0.0160861206409454,0.0529604310761511,-0.0123008168452313,-0.0745378467799063,-0.00755665423460319,-2.45637421192275,0.0406864134798657,0.0469116118656591,-0.00654957567017087,15.2387883049624,8.48826350569569,0.429603977981194,-6.42289503768114,-16.2232680349306,-0.0885410933442898,7.54409702759219,-6.30658153455459,-2.81,0.145006053735476,-0.077938558638481,17.4443588256836,17.3442750519808,0.169823688283677,1.11053339601517,176.880004882812,-35.7600814408552,-83.5705864704953,-176.880004882812,4.34587001800537,17.5599994659424,6.51999998092651,15.4569997787476,29.7000007629395,991.58047921317
5.325,-0.0398679727107648,-0.0456788054253102,0.477,0.115540800454104,0.0706147330330489,-10.2866894015276,0.00730668178007473,0.0613309137929409,-0.0106013858151285,-0.0735550038583681,-0.0060903204381269,-2.45658955033372,-0.029525029668701,0.0596592286406343,-0.0124213238090959,15.2384412565097,8.46864294547172,0.458293959841415,-6.43674714576506,-16.2080557342493,-0.0724852851633457,7.54452403216898,-6.30633521205183,-2.81,0.147373173819962,-0.0789235913638645,17.4375610351562,17.3497550375959,0.169823688283677,1.11053339601517,176.880004882812,-35.7600814408552,-83.5705864704953,-176.880004882812,4.34587001800537,17.5599994659424,6.51999998092651,15.4569997787476,29.7000007629395,991.586321478584
5.35,-0.0392424019800211,-0.0476364801223735,0.477,0.214453821898133,0.183612133853647,-10.5186201629958,0.0298907831633345,0.0523845098072651,-0.00800310944377798,-0.0711644331638178,-0.00595111765086964,-2.45667539009484,0.0808327296075892,0.0425718331431131,-0.00403019555492091,15.2285767159423,8.47167926279412,0.442410853946914,-6.42903526102705,-16.2029987244424,-0.0704530828087517,7.54495103674577,-6.30608888954907,-2.81,0.147900150203049,-0.0784927799529708,17.4375610351562,17.3414599916455,0.169823610896437,1.11053338260766,176.880004882812,-35.8457132438475,-83.7904184750137,-176.880004882812,4.34532928466797,17.5559558868408,6.84999990463257,15.451000213623,29.6993274688721,991.58815779776
5.375,-0.0390733148048133,-0.0480446455836337,0.477139654150699,0.298723411342222,0.122163365450415,-10.7374820685023,0.0555128102220397,0.0214125366382941,-0.00598170948756335,-0.0728978340236759,-0.00523463131213098,-2.45713377226436,0.0296427303059637,0.00869261260259905,-0.00730261090576383,15.2287433913148,8.43412356366759,0.450097876140029,-6.46007847138727,-16.1713234318204,-0.0856637076574278,7.54537804132256,-6.30584256704631,-2.81,0.147416802957394,-0.0808128471420314,17.4348117386234,17.3465423948522,0.169823326111392,1.110533333268,176.880004882812,-36.1608382796533,-84.5994002516132,-176.880004882812,4.34333801269531,17.5410785675049,6.84999990463257,15.451000213623,29.6968460083008,991.579258181014
5.4,-0.0389392672931239,-0.0473219788494339,0.477963614017918,0.305388747987638,0.153459496221001,-10.8847188547632,0.0757073395993358,-0.0134387540843074,-0.00357369043513472,-0.0684668770914142,-0.0066592760981591,-2.45710864488844,0.145872617742246,-0.0486436116760802,0.000202129038544457,15.2071642626533,8.45724700735176,0.429553457985747,-6.42884926819969,-16.1751323498678,-0.0487706774244313,7.54580347389289,-6.30559711531693,-2.81,0.14872861506869,-0.0790074663630264,17.4282909712059,17.329830708347,0.169823041326347,1.11053328392834,176.880004882812,-36.4759633168774,-85.4083820281338,-176.880004882812,4.34134721755981,17.5261993408203,6.84999990463257,15.451000213623,29.6943664550781,991.570358564269
5.425,-0.0416137312531242,-0.0534566220310346,0.478934798726483,0.294579556045479,0.152228477895278,-10.8896788946212,0.101755331636274,-0.0389486080348224,-0.00402889441708572,-0.0665293479029863,-0.00764596147087017,-2.45723618520835,0.0292373829750391,-0.0505443097506667,-0.00966290100891278,15.2143670588879,8.43209492155259,0.342912773690888,-6.45626240790343,-16.1555264321614,-0.102080159840444,7.54611816120084,-6.30541300813604,-2.81,0.14465360359803,-0.080192274177523,17.4244842529297,17.3327500971116,0.169822756541303,1.11053323458868,176.880004882812,-36.7910883526832,-86.2173638048121,-176.880004882812,4.33935642242432,17.5113201141357,6.84999990463257,15.451000213623,29.6918869018555,991.561458947524
5.45,-0.042727078033919,-0.0549155457940417,0.479905983444284,0.243766752785533,0.0180733541201101,-10.3733827832439,0.0519167848643513,-0.0594759683263867,-0.00678475839238864,-0.064295518219938,-0.0091117984767462,-2.45729067238783,0.0630691193087278,-0.0658253149144841,-0.00485873030801367,15.1971506805353,8.45896396531352,0.271238771640858,-6.42995658636977,-16.1622598147464,-0.134337718612362,7.54643284850879,-6.30522890095515,-2.81,0.141745200224368,-0.0784453117838437,17.4244842529297,17.3106813475051,0.16982253985703,1.11053319704764,176.880004882812,-37.0308574019125,-86.8328934174164,-176.880004882812,4.33784151077271,17.5,6.51000022888184,15.5030002593994,29.6905956268311,991.556113518152
5.475,-0.0443174249371749,-0.0529443154406838,0.480822150367487,0.145657040885708,0.0332289335785975,-9.81655341403404,0.00836554336618457,-0.070623097798278,-0.0123609706442004,-0.0678672337925803,-0.0113049705559262,-2.45793235989935,-0.011511224491802,-0.0825718036257795,-0.0111786462866568,15.2066267498329,8.45060490457853,0.229318554787974,-6.45621173338788,-16.155322020797,-0.172359564882005,7.54674753581674,-6.30504479377425,-2.81,0.136913106083374,-0.0792379297333433,17.422095368172,17.3224702859949,0.16982253985703,1.11053319704764,176.880004882812,-37.0308574019125,-86.8328934174164,-176.880004882812,4.33784151077271,17.5,6.51000022888184,15.5030002593994,29.6930732727051,991.562076866787
5.5,-0.0440125171744626,-0.0510764881125825,0.481,0.0794341951391947,0.0310525817341309,-8.95844014306481,-0.00943742474510347,-0.0794252369703068,-0.0142087394382902,-0.0680359916890154,-0.0130212850524745,-2.45806847398977,-0.00673984484043257,-0.0904570438535148,-0.00802811734977267,15.198747798388,8.46234175808775,0.228940965844712,-6.44519840605781,-16.1586758688742,-0.148957399060741,7.5470622231247,-6.30486068659336,-2.81,0.136620207756727,-0.0785685269456279,17.4162803197485,17.3194162397447,0.16982253985703,1.11053319704764,176.880004882812,-37.0308574019125,-86.8328934174164,-176.880004882812,4.33784151077271,17.5,6.51000022888184,15.5030002593994,29.6955528259277,991.568040215423
5.525,-0.0465334923035864,-0.0510724753178697,0.481,0.0331336367910456,0.134362506492263,-8.79014883911111,-0.0507278907754244,-0.0791798761248071,-0.0154583245780147,-0.0687630806498283,-0.0143180328795236,-2.45832374338516,-0.0584913937976805,-0.0789336852415989,-0.0136167772300651,15.1915005832852,8.47485051610971,0.219438967124263,-6.43672056058484,-16.1616922150282,-0.14583509280702,7.54741364688652,-6.30465452732159,-2.81,0.135528734859062,-0.0779184381475966,17.4128227233887,17.3151660737677,0.16982253985703,1.11053319704764,176.880004882812,-37.0308574019125,-86.8328934174164,-176.880004882812,4.33784151077271,17.5,7.11999988555908,15.4340000152588,29.6980323791504,991.574003564058
5.55,-0.0471639375475294,-0.0523363859786265,0.481,0.00226206088155732,0.256851428802416,-8.76645659127236,-0.0079345511686629,-0.0544979327801156,-0.0184859610752357,-0.0673673616749772,-0.0158542580520182,-2.45865709437471,0.00905200175167656,-0.0439808523439817,-0.0156306707514822,15.1907803501242,8.46724197125187,0.226132218843223,-6.44566661473114,-16.1538788233488,-0.103493372493861,7.54780378028644,-6.30442513149954,-2.81,0.136473029907529,-0.0780996807129057,17.4128227233887,17.324956849841,0.16982248113211,1.11053318676854,176.882583618164,-37.096508451866,-86.9997118315642,-176.882583618164,4.33796644210815,17.4989776611328,7.11999988555908,15.4340000152588,29.7000007629395,991.578869760519
5.575,-0.0477992782064283,-0.0536101109209737,0.481,-0.0231552125043595,0.037232838212628,-8.73131489610187,-0.0441272059380129,-0.0157964340347227,-0.0186205552127346,-0.070595141633448,-0.0158469350819069,-2.45926672622189,-0.0391628912612745,-0.0196495435045278,-0.0157437401473997,15.2002836815134,8.46534811432043,0.242873199138029,-6.46419173648703,-16.1545960633137,-0.113935556676884,7.54819391368636,-6.3041957356775,-2.81,0.135490385232171,-0.0784762384546006,17.4090772767594,17.3391493939706,0.16982219677987,1.11053313699608,176.894958496094,-37.414397742347,-87.8074641525889,-176.894958496094,4.33857250213623,17.4940166473389,7.11999988555908,15.4340000152588,29.7000007629395,991.579520582831
5.6,-0.0465349979309458,-0.0472856081071288,0.481,-0.0366442818706013,0.324742719305759,-8.69219227678134,-0.0272753015480837,0.00897014991201758,-0.0134690990209236,-0.0707802386063618,-0.0156623557252572,-2.45965282196621,0.0274387036972051,-0.0058719454529504,-0.0130069770265849,15.2067655580956,8.45969213315556,0.288556474393603,-6.47646482507967,-16.1538094227886,-0.0722431125000825,7.54858404708628,-6.30396633985545,-2.81,0.137942485750696,-0.0787141309159646,17.3997136601862,17.3555961407295,0.169821912427629,1.11053308722362,176.907348632812,-37.7322870314099,-88.6152164736137,-176.907348632812,4.33917808532715,17.4890556335449,7.11999988555908,15.4340000152588,29.7000007629395,991.580171405144
5.625,-0.0454100504992068,-0.0502760853423723,0.481,0.0118935131178655,0.106346914607126,-9.08488801475452,0.0460351863249507,0.0230860749046606,-0.0178305557094558,-0.0690603419991945,-0.014420397420979,-2.4602795180788,-0.0265932594322571,0.0406578951136658,-0.0205100760272397,15.2029678760079,8.43926907622302,0.366699285236995,-6.49161437428962,-16.1352068030589,0.00271728828292089,7.54891494701482,-6.30377248913709,-2.81,0.143521595682528,-0.0795655433608916,17.3940448760986,17.3696558064682,0.169821628075388,1.11053303745116,176.91975402832,-38.050176323309,-89.4229687945596,-176.91975402832,4.33978462219238,17.4840965270996,6.82000017166138,15.4890003204346,29.7000007629395,991.580822227457
5.65,-0.0439958567004823,-0.0498066894150277,0.481,0.0715010208420856,0.231362728720779,-9.64797605051784,0.0158612497679759,0.0393554270573522,-0.0127082388537295,-0.0682993953146149,-0.013593461412373,-2.46080328044604,0.0260497754907238,0.0452611635038348,-0.0220847292703191,15.207279587362,8.45404244000185,0.346554088429724,-6.49505388059228,-16.145152887173,-0.024476514648073,7.54915466194027,-6.30363335714979,-2.81,0.14282749844332,-0.0785512311134036,17.3940448760986,17.3739587122054,0.169821393175711,1.11053299633478,176.929992675781,-38.3127805202866,-90.090242451072,-176.929992675781,4.34028482437134,17.4799995422363,6.82000017166138,15.4890003204346,29.7000007629395,991.581383553477
5.675,-0.0430299414643199,-0.0526921935163298,0.481400587622969,0.137210080252155,0.462575693274569,-10.0463205465245,0.116880735346051,0.0543629730480764,-0.0188592669273886,-0.0673863183507691,-0.0127229375515753,-2.46136582389765,0.0748262915097124,0.0482982477504814,-0.0237812527964276,15.2134814788862,8.43563952865296,0.361407667981677,-6.51948903322384,-16.131854176935,-0.0138574182852031,7.54939437686572,-6.30349422516249,-2.81,0.144205513488724,-0.0793838504545141,17.3945420000431,17.3881727931826,0.169821393175711,1.11053299633478,176.929992675781,-38.3127805202866,-90.090242451072,-176.929992675781,4.34028482437134,17.4799995422363,6.82000017166138,15.4890003204346,29.7000007629395,991.5815197721
5.7,-0.0414985370300902,-0.0572669984373909,0.482181517800289,0.210242660967396,0.163048479399201,-10.3125796177854,0.0947254801513027,0.0545697180717101,-0.0233510954786375,-0.0639597413312124,-0.0112288149787114,-2.46250543773882,0.0614509377194474,0.0278035309723985,-0.0280182854831635,15.2057866900091,8.45499235127338,0.377403384854649,-6.51828309870134,-16.1355884518869,0.00697090870135547,7.54963553570187,-6.30335387427981,-2.81,0.147207324850886,-0.0777091198998252,17.3958193324004,17.3929438737021,0.169821393175711,1.11053299633478,176.929992675781,-38.3127805202866,-90.090242451072,-176.929992675781,4.34028482437134,17.4799995422363,6.82000017166138,15.4890003204346,29.7000007629395,991.581655990724
5.725,-0.0414380084393109,-0.0612391878567399,0.482990836461042,0.237566736880091,0.275671314111265,-10.1645093312946,0.0770293844821242,0.0387368048837825,-0.0280568279919991,-0.0601653978228569,-0.0109152104705572,-2.46291089057922,0.0386699289083481,0.0271586310118437,-0.0383721478283405,15.1962335051991,8.46912491816311,0.342617850500398,-6.50952483476207,-16.1367611736213,-0.00136623194262114,7.54990154626315,-6.30319254450098,-2.81,0.147431666915887,-0.0764085860970294,17.3966064453125,17.3854814655839,0.169821393175711,1.11053299633478,176.929992675781,-38.3127805202866,-90.090242451072,-176.929992675781,4.34028482437134,17.4799995422363,6.82000017166138,15.4890003204346,29.7000007629395,991.581792209348
5.75,-0.0420796075352777,-0.062525459654513,0.483800147410079,0.318430533280459,0.251317234259852,-10.2461849158732,0.0943792325200497,0.011438726669893,-0.0359186524287617,-0.0592326712859232,-0.0114972144476798,-2.46427259877024,0.0771523981142174,-0.0172550611126532,-0.0403982806930772,15.1870862275939,8.46972210760392,0.318632537914744,-6.52492817890485,-16.1217413430718,-0.00869976132960126,7.55016755682442,-6.30303121472214,-2.81,0.146469643575729,-0.076088619252084,17.3966064453125,17.3885787683087,0.16982135305666,1.11053298930171,176.930694580078,-38.3576996587582,-90.2042076385581,-176.930694580078,4.34029722213745,17.477897644043,7.34999990463257,15.4580001831055,29.7000007629395,991.580869772364
5.775,-0.0422251340430375,-0.0623347180062805,0.484609469953875,0.298854113151481,0.2438954350666,-10.4094468446897,0.0724831054590965,-0.00893479857472593,-0.0391584814019716,-0.0580577842830513,-0.0116461279808521,-2.46563624225285,0.0192236343881006,-0.016514624623216,-0.0493440723556176,15.1749185775735,8.48653095049452,0.29792081812157,-6.52764428645516,-16.1176190644396,-0.0182753024319366,7.55043356738569,-6.30286988494331,-2.81,0.145912869507977,-0.0748233336073083,17.3979408696013,17.3872166922207,0.169821069137223,1.11053293952925,176.935668945312,-38.6755889506573,-91.0107305039293,-176.935668945312,4.34038352966309,17.4630184173584,7.34999990463257,15.4580001831055,29.7000007629395,991.573513966686
5.8,-0.0414452843454072,-0.0625370267661164,0.477474463226658,0.378405879847976,0.261462503051595,-10.3719391391543,0.0967309964363544,-0.00925646466257784,-0.0447263781387051,-0.0562598558621114,-0.012139096619261,-2.46685092586947,0.0343270582293378,-0.0233893255587968,-0.0513763847038536,15.1731779998265,8.5046467290173,0.279038929106289,-6.53506133109696,-16.1221879687254,-0.0154215320125096,7.55069957794697,-6.30270855516447,-2.81,0.145685247996724,-0.073369725239072,17.4014675623644,17.3965659011724,0.169820785217787,1.11053288975679,176.940612792969,-38.9934782411384,-91.8172533694581,-176.940612792969,4.34047031402588,17.4481391906738,7.34999990463257,15.4580001831055,29.7000007629395,991.566158161009
5.825,-0.0428612955731326,-0.0674597684327506,0.476368634021632,0.427901187030767,0.109807816033676,-10.0859917618672,0.0667162390502291,-0.0226613790909572,-0.050355115407338,-0.052054651081562,-0.0133562739938498,-2.4674768447876,0.0449014082551003,-0.0221922155469656,-0.0492065586149693,15.1621486955807,8.5359950273125,0.228316838020262,-6.51834241953401,-16.134345964561,-0.0136069572330324,7.55088613676201,-6.3026001940583,-2.81,0.145008987485924,-0.0709640633187695,17.403678894043,17.3904062952746,0.16982050129835,1.11053283998432,176.945571899414,-39.3113675330375,-92.6237762348293,-176.945571899414,4.34055662155151,17.4332618713379,7.34999990463257,15.4580001831055,29.7000007629395,991.558802355332
5.85,-0.0433275915974436,-0.0707598692164455,0.481224578221192,0.366685166695406,0.145680106045305,-9.832966950285,0.0335213958497348,-0.042723784740471,-0.0500745193811013,-0.052054651081562,-0.0133562739938498,-2.4674768447876,0.0449014082551003,-0.0221922155469656,-0.0492065586149693,15.1601184056856,8.5367190858518,0.185627608647389,-6.51813672371362,-16.1322640837795,-0.0562993465303933,7.55107243726982,-6.30249200515969,-2.81,0.142587638831027,-0.0709566181325551,17.403678894043,17.3824604939011,0.169820248239722,1.11053279562191,176.949996948242,-39.5947036400789,-93.3426335713832,-176.949996948242,4.34063386917114,17.4200000762939,8.52999973297119,15.4300003051758,29.7000007629395,991.552088159114
5.875,-0.0452482378049392,-0.070756812003045,0.486080452965962,0.319320910349169,0.236197310195998,-9.69645803799059,0.0143754234582606,-0.0620068418565626,-0.0543360538473623,-0.0517285167849774,-0.0159226238123062,-2.46976441256099,0.000400002930967591,-0.0535769018029531,-0.0569324669745896,15.154719790804,8.55578559380858,0.171085740831068,-6.53959526214146,-16.128516712973,-0.030196729159596,7.55125873777763,-6.30238381626108,-2.81,0.14144365016436,-0.0694606307938223,17.4085574908398,17.4020791969079,0.169820248239722,1.11053279562191,176.949996948242,-39.5947036400789,-93.3426335713832,-176.949996948242,4.34063386917114,17.4200000762939,8.52999973297119,15.4300003051758,29.7000007629395,991.550635160462
5.9,-0.045873966445477,-0.0720082182294116,0.489,0.385093361774948,0.191082627159811,-9.68892631111401,-0.0151684244984504,-0.0665721402836845,-0.0582663683811824,-0.0527791620464495,-0.0173805506221814,-2.47125631545559,-0.0378595877096547,-0.0460189915034649,-0.0611469864802322,15.1518909457497,8.57739888835314,0.145115257838556,-6.54956951482889,-16.133003892916,-0.044203183703928,7.55144503828544,-6.30227562736247,-2.81,0.139076167615092,-0.0681402580951255,17.42183014389,17.4106709143367,0.169820248239722,1.11053279562191,176.949996948242,-39.5947036400789,-93.3426335713832,-176.949996948242,4.34063386917114,17.4200000762939,8.52999973297119,15.4300003051758,29.7000007629395,991.549182161809
5.925,-0.0471390981666166,-0.0694839769845698,0.489,0.387387462580608,0.156576748808316,-9.55778103724598,-0.0304499659697036,-0.057132422960347,-0.060983462912177,-0.0542807399971242,-0.0185303486642959,-2.47252630980886,-0.0494043811332283,-0.0464691612664859,-0.0613335757934434,15.14931009528,8.60171176687224,0.136095654356953,-6.55393619924485,-16.1416536326403,-0.0500201012813795,7.55164532773296,-6.30215972512567,-2.81,0.137482886652597,-0.0667531648305928,17.4302959442139,17.4183971596576,0.169820248239722,1.11053279562191,176.949996948242,-39.5947036400789,-93.3426335713832,-176.949996948242,4.34063386917114,17.4200000762939,9.14999961853027,15.3690004348755,29.7000007629395,991.547729163157
5.95,-0.0477846101465116,-0.0681960257487702,0.489,0.274808250905515,0.143095557193589,-9.39373226625914,-0.0518161956617236,-0.0334562005846664,-0.0612292250493021,-0.0563754018350592,-0.0192748839881909,-2.47350444157718,-0.0258128534156572,-0.057451863637344,-0.056222477550746,15.145790645396,8.63585167027054,0.143473497139343,-6.54624324672929,-16.1597510426638,-0.0513671416097919,7.55186422396365,-6.30203356332565,-2.81,0.136581096351348,-0.0649263098216105,17.4302959442139,17.4224362075184,0.169820226604225,1.11053279176902,176.95036315918,-39.619311514889,-93.4040929871468,-176.95036315918,4.3405385017395,17.4216995239258,9.14999961853027,15.3690004348755,29.6998119354248,991.546551398511
5.975,-0.0484160279756628,-0.0650206288860824,0.489,0.405876918632562,0.233565804577537,-9.53125652448963,-0.0621810192753261,-0.0179861308041209,-0.0617054154367493,-0.0599341775741521,-0.0204497351010821,-2.47684325290407,-0.041642340745061,-0.0266013520447024,-0.0516472939654369,15.1343549235001,8.67152381052113,0.166109615319996,-6.56935223171942,-16.1590001919483,-0.0440522806026531,7.55208312019435,-6.30190740152563,-2.81,0.13554806166887,-0.0628553650797095,17.4330705041191,17.4421237658641,0.169819942251984,1.11053274113095,176.955337524414,-39.9427293161385,-94.2118453081715,-176.955337524414,4.33928298950195,17.4440155029297,9.14999961853027,15.3690004348755,29.6973323822021,991.548715761087
6,-0.0484170394185479,-0.0643852058109174,0.489,0.41561998757073,0.129420281802968,-9.40487267023276,-0.0666780780028184,-0.0113093624365187,-0.0620694397523297,-0.0616664202526992,-0.0205280608400518,-2.4783027646472,-0.0465605452386277,-0.009317636109603,-0.0508340253046127,15.1332596261126,8.68643240760333,0.186621069187644,-6.58244067866141,-16.1608937410585,-0.0383472134119906,7.55226112189174,-6.301805944279,-2.81,0.135633043180272,-0.061997582282167,17.4408476796112,17.4548980617066,0.169819657899744,1.11053269049288,176.960296630859,-40.2661471159699,-95.0195976291963,-176.960296630859,4.33802795410156,17.4663352966309,9.14999961853027,15.3690004348755,29.6948509216309,991.550880123663
6.025,-0.047932763200735,-0.0613746941168532,0.489,0.358698771936673,0.178235939703836,-9.43765785470589,-0.0815232539151691,0.0168302150748334,-0.0587310230216373,-0.0619859248399734,-0.0193739905953407,-2.47952246665955,-0.111694164574146,0.0457073152065277,-0.0610111765563488,15.1279181006748,8.72131979274516,0.22677744141665,-6.57448896855851,-16.1784552999795,-0.0207823207558579,7.55232834499652,-6.30177140882931,-2.81,0.137848168284058,-0.0598766612237381,17.4458923339844,17.4612596154594,0.169819373547503,1.1105326398548,176.965240478516,-40.5895649172194,-95.8273499501422,-176.965240478516,4.33677291870117,17.4886531829834,9.09000015258789,15.3760004043579,29.6923713684082,991.553044486239
6.05,-0.0465193434429393,-0.0599612743590574,0.489,0.450947638340419,0.148994769221274,-9.74520197647138,-0.0679235164132974,0.030757784447742,-0.0585517994697205,-0.0619859248399734,-0.0193739905953407,-2.47952246665955,-0.111694164574146,0.0457073152065277,-0.0610111765563488,15.1340550802036,8.73328392981412,0.2381211162564,-6.5713939316432,-16.19207377485,-0.0100846602122321,7.5523955681013,-6.30173687337962,-2.81,0.138443447354477,-0.0591673540465188,17.4458923339844,17.468248903873,0.169819101558403,1.11053259141839,176.970001220703,-40.8989210730866,-96.5999826050388,-176.970001220703,4.33557224273682,17.5100002288818,9.09000015258789,15.3760004043579,29.6901092529297,991.555137120167
6.075,-0.0455633714973886,-0.0580447508465489,0.489,0.421127124170934,0.091775103304841,-9.88286711621773,-0.0852060324247516,0.0417029234532035,-0.0534642971939637,-0.0649704893846445,-0.018084980995312,-2.48180538314282,-0.102083917384558,0.0632192458394107,-0.0525797773351794,15.1356416619094,8.73915457473803,0.234220442745919,-6.60715165944036,-16.1820051311367,-0.0598940707770879,7.55246279120608,-6.30170233792993,-2.81,0.136559985251698,-0.058883361049583,17.4488746663631,17.4836537170682,0.169819101558403,1.11053259141839,176.970001220703,-40.8989210730866,-96.5999826050388,-176.970001220703,4.33557224273682,17.5100002288818,9.09000015258789,15.3760004043579,29.6925888061523,991.555651723856
6.1,-0.0452512882339994,-0.0561321922372241,0.489,0.501150287638729,0.147212559920842,-10.0543135935184,-0.0728001399328059,0.040716811962315,-0.0517275594564827,-0.0670984097267074,-0.0171456385412127,-2.48311589401529,-0.0985956818867745,0.0585137612235698,-0.0504340198116509,15.1327937594009,8.74837501935069,0.273334249325078,-6.61899440189237,-16.180116918407,-0.0543476771808702,7.55253001431086,-6.30166780248024,-2.81,0.137655960291467,-0.058432816327542,17.4574954708953,17.4931266770482,0.169819101558403,1.11053259141839,176.970001220703,-40.8989210730866,-96.5999826050388,-176.970001220703,4.33557224273682,17.5100002288818,9.09000015258789,15.3760004043579,29.695068359375,991.556166327546
6.125,-0.044789237720918,-0.0521688475452426,0.489,0.480660522957213,0.0719739609460273,-10.06613479536,-0.0843605047127038,0.0318961914857179,-0.0484444837000207,-0.0719509392032502,-0.0160968712880753,-2.48501334196193,-0.0742246197086765,0.0252187756602454,-0.0369441316702578,15.1244492131362,8.77817018272697,0.346231120701922,-6.62231773489294,-16.1885217298607,-0.0422346604636442,7.55262686092735,-6.30161551929273,-2.81,0.139171804606966,-0.0570578346470426,17.4631805419922,17.5025853429109,0.169819101558403,1.11053259141839,176.970001220703,-40.8989210730866,-96.5999826050388,-176.970001220703,4.33557224273682,17.5100002288818,8.75,15.418999671936,29.6975479125977,991.556680931235
6.15,-0.0446232417648634,-0.0498056907667505,0.489,0.508717882905538,0.152693517280393,-10.1532494940113,-0.0801586683297459,0.0358154526294577,-0.0424494807319162,-0.0729551168687965,-0.0153214534559179,-2.48593848324944,-0.0896616684715606,0.0380701370919948,-0.0390539406383673,15.1205085957379,8.78667967985331,0.380012912231609,-6.62734641097853,-16.1881846705295,-0.0297728956934196,7.55275976500694,-6.30154163372371,-2.81,0.140601865388935,-0.0565653018863188,17.4631805419922,17.5085917323742,0.169819098462913,1.11053259086798,176.970108032227,-40.9024364833685,-96.6087758852133,-176.970108032227,4.33556413650513,17.5100269317627,8.75,15.418999671936,29.7000007629395,991.557156215781
6.175,-0.0444802821655648,-0.0464523156433037,0.489,0.565923925520213,0.0555036510361307,-10.2394618596929,-0.0793728775191295,0.0240924795070664,-0.0406969634507065,-0.075857180889484,-0.0151597898734969,-2.48667631404978,-0.0800733550269209,0.011013014390026,-0.0313380198741138,15.1230957100975,8.78708087465708,0.374965094556114,-6.64217802566142,-16.1845279987075,-0.0627495907755378,7.55289266908653,-6.30146774815469,-2.81,0.138654297819393,-0.0567796183390171,17.4666902794028,17.5134889943704,0.169818813677869,1.11053254022991,176.980026245117,-41.225854284618,-97.4177576618127,-176.980026245117,4.33482837677002,17.5125064849854,8.75,15.418999671936,29.7000007629395,991.554053458242
6.2,-0.0452766681920246,-0.0434477454911217,0.488999988589804,0.491041907062114,0.0405644196451063,-10.1645266166977,-0.106983137726131,0.01427865277276,-0.033255051506875,-0.078641323539208,-0.0150951440305688,-2.48748706343223,-0.0971579132567301,-0.00848511656031701,-0.0260644632177297,15.1179491947269,8.79949340467396,0.394435356916816,-6.64333844711272,-16.1864210905625,-0.0698415358922848,7.55302557316612,-6.30139386258567,-2.81,0.13820261576023,-0.0562910061423767,17.4771628829668,17.5145363370696,0.169818528892824,1.11053248959184,176.989929199219,-41.5492720844494,-98.2267394384122,-176.989929199219,4.33409309387207,17.5149879455566,8.80000019073486,15.4130001068115,29.7000007629395,991.550950700703
6.225,-0.0460814060469748,-0.0379018920586364,0.488893668429906,0.607873098104795,0.0522840375408976,-10.2787169035193,-0.108264005752964,-0.012415867675841,-0.0280686293850683,-0.0808229684205496,-0.0159274268673808,-2.48829192828995,-0.123501269003444,-0.0124249230939385,-0.0237090555318562,15.1089547419744,8.80063092334612,0.439852941187216,-6.64642640522682,-16.1786623921916,-0.0314307691005578,7.55317602474324,-6.30130881499467,-2.81,0.139453111291465,-0.0563550113002209,17.4841823577881,17.5188832357853,0.169818244107779,1.11053243895376,176.999862670898,-41.8726898871171,-99.0357212150116,-176.999862670898,4.3333568572998,17.5174674987793,8.80000019073486,15.4130001068115,29.7000007629395,991.547847943165
6.25,-0.0465537049616539,-0.0383741909733155,0.488408076633196,0.495310181921813,0.0268499804360264,-10.182730677857,-0.133462660419046,-0.0393272769964985,-0.0220980595640447,-0.0835176419125253,-0.0166702369462408,-2.48858113692304,-0.1339042781346,-0.0179532335705573,-0.0188210012637322,15.1068433783456,8.80443383077301,0.425553827464349,-6.64883785058809,-16.1773111784372,-0.0585343573651388,7.55335199931087,-6.30120753214388,-2.81,0.137033550432631,-0.0564093480746344,17.4841823577881,17.5159979146922,0.169817959322735,1.11053238831569,177.009780883789,-42.1961076869484,-99.8447029916111,-177.009780883789,4.3326210975647,17.5199451446533,8.80000019073486,15.4130001068115,29.7000007629395,991.544745185626
6.275,-0.0475191697191266,-0.0335834589427972,0.487922484836487,0.46472856258505,0.116063433561368,-10.0338487022896,-0.142288056649637,-0.0365854805036773,-0.0138326353915807,-0.0862315491324137,-0.0174259433613685,-2.48886810364094,-0.142861532189735,-0.0232409530114386,-0.0139540766824006,15.1116164356586,8.80402876466786,0.414068654422161,-6.65916899333676,-16.1768975673954,-0.0823410609652216,7.5535279738785,-6.3011062492931,-2.81,0.134706477492955,-0.0566776550336253,17.4857253051511,17.5206202095785,0.169817953131755,1.11053238721487,177.009994506836,-42.2031385089305,-99.8622895519599,-177.009994506836,4.33260536193848,17.5200004577637,8.57999992370605,15.3859996795654,29.6975746154785,991.546869077451
6.3,-0.0478479395064816,-0.0294595093800435,0.487436888610261,0.481781179417583,0.147696799427519,-9.84749337687997,-0.130176268843943,-0.0419121449413851,-0.0120231689564145,-0.0894464729850114,-0.0185175845989314,-2.48909667103003,-0.114158518656836,-0.0222615509077202,-0.00963755629597881,15.1171542175769,8.79043509679653,0.433029092523208,-6.67534564388195,-16.1685468433372,-0.0739495333535831,7.55370413426802,-6.30100484461656,-2.81,0.13377509027793,-0.0577353834214262,17.4904827261871,17.5305508995474,0.169817953131755,1.11053238721487,177.009994506836,-42.2031385089305,-99.8622895519599,-177.009994506836,4.33260536193848,17.5200004577637,8.57999992370605,15.3859996795654,29.6950950622559,991.54910911704
6.325,-0.0497521029242662,-0.0234002776272578,0.48695130354708,0.36345573195506,0.123073854197835,-9.46818930488618,-0.114578678455062,-0.0304457469734755,-0.0073528802625618,-0.0966029337071855,-0.0190164018497215,-2.48982048432207,-0.129930005174702,-0.0309308923917769,-0.00609508786463336,15.1295205345337,8.7668627724089,0.478409423084804,-6.71038846886841,-16.1540449985449,-0.0816506772099175,7.55388096477775,-6.30090300060589,-2.81,0.132150393728017,-0.0596845431552914,17.4937229156494,17.5498626699576,0.169817953131755,1.11053238721487,177.009994506836,-42.2031385089305,-99.8622895519599,-177.009994506836,4.33260536193848,17.5200004577637,8.57999992370605,15.3859996795654,29.6926155090332,991.551349156629
6.35,-0.0497596056677968,-0.0186867970747396,0.486465707132666,0.369913787163659,0.228696874868978,-9.32786772504332,-0.0814064288134498,-0.0180202726212152,-0.00590342869714083,-0.0980429767010462,-0.0189714871408357,-2.49002863816915,-0.087233186261021,-0.00351028728839436,-0.00611939940698634,15.133081491364,8.76714916587012,0.515562556627756,-6.71416191563585,-16.1572131247651,-0.0579524134038446,7.55405779528749,-6.30080115659521,-2.81,0.133415588344678,-0.05976421159792,17.4937229156494,17.5586080463217,0.169817953131755,1.11053238721487,177.009994506836,-42.2031385089305,-99.8622895519599,-177.009994506836,4.33260536193848,17.5200004577637,8.57999992370605,15.3859996795654,29.6901359558105,991.553589196218
6.375,-0.0487975540662697,-0.0177247454732126,0.485980114172063,0.203770586449205,0.186275102523969,-9.34600736541534,-0.0434189309442992,0.00706764312309783,-0.00730022797771221,-0.0975041324669097,-0.018679275669204,-2.49001120646148,-0.0445565248143223,0.0332821395377119,-0.00528545218525327,15.1430789039299,8.7529685465663,0.554668623384434,-6.72728354879402,-16.154823294921,-0.0171672244971781,7.55423462579723,-6.30069931258454,-2.81,0.135890263808522,-0.0604696335087586,17.493435168202,17.5745678678698,0.169817684642723,1.1105323385103,177.014694213867,-42.5142073027579,-100.624979652962,-177.014694213867,4.33162307739258,17.5246906280518,8.57999992370605,15.3859996795654,29.6900005340576,991.553181362923
6.4,-0.0472107248013753,-0.0173984667743848,0.485494530476991,0.268579139355039,0.265579888436798,-9.83108205910316,-0.0145998565710203,0.0661606503623754,-0.00410385481598525,-0.0971940010430257,-0.0171833305965933,-2.4901701204154,-0.00537658336202024,0.0766422615834616,-0.00297629610603113,15.167361208344,8.72288177823572,0.588601185608299,-6.76468864166688,-16.146917708295,-2.92885255748221e-06,7.55439553421487,-6.30060741598772,-2.81,0.137994811901858,-0.0620504150193392,17.4925173530681,17.6034678841483,0.169817400723286,1.11053228700662,177.019653320312,-42.8431536119396,-101.431502518412,-177.019653320312,4.33058452606201,17.5296497344971,8.57999992370605,15.3859996795654,29.6900005340576,991.552621353026
6.425,-0.0453000603286578,-0.0161924999973376,0.485079754111253,0.360866431734104,0.196582403802623,-10.2058814141387,0.0271662096716399,0.096914835292184,-0.00647032821199098,-0.0945778489112854,-0.0142619321122766,-2.49036121368408,0.0751811116933823,0.117824092507362,-0.00186035106889904,15.175393507719,8.70114303880048,0.64902411556816,-6.78240972635324,-16.137563004956,0.0408553952281405,7.55455395946256,-6.30051707076488,-2.81,0.143195082376188,-0.0629690795323366,17.4918823242188,17.6194034213503,0.169817116803849,1.11053223550295,177.024612426758,-43.1720999211213,-102.238025383783,-177.024612426758,4.32954549789429,17.534610748291,8.0600004196167,15.4259996414185,29.6900005340576,991.552061343129
6.45,-0.0427656267116712,-0.0193239163201871,0.485,0.351083302204109,0.175843737155313,-10.6431035926383,0.0636889368325651,0.114857277390432,-0.00449623002249181,-0.0956203040741312,-0.0123853345500527,-2.49077673576245,0.068561250737606,0.108230682436437,-0.000765965578576333,15.1926591928933,8.67249558394056,0.654477707214131,-6.81997359026792,-16.1228173208844,0.0116593117825373,7.55471238471025,-6.30042672554203,-2.81,0.143030934474067,-0.0646149654735141,17.4918823242188,17.6372536172294,0.169816832884413,1.11053218399927,177.029556274414,-43.501046230303,-103.044548249154,-177.029556274414,4.32850646972656,17.5395698547363,8.0600004196167,15.4259996414185,29.6900005340576,991.551501333232
6.475,-0.0406879586768076,-0.0230385432072194,0.485,0.483924309470043,0.219578229236911,-11.3042594127969,0.107434340027363,0.124744836611825,-0.00481321164823385,-0.0909594674407097,-0.00948259051803612,-2.49093325179491,0.125487844211254,0.131508456525418,-0.00372189177962318,15.1824589507929,8.67500875136667,0.680184767227129,-6.81048848094713,-16.1196036497832,0.0333582246189048,7.55487080995793,-6.30033638031919,-2.81,0.14754522078693,-0.064011518375113,17.4921446026496,17.631399356247,0.169816808195766,1.11053217952069,177.029998779297,-43.5296502579899,-103.114680672271,-177.029998779297,4.32841634750366,17.5400009155273,8.0600004196167,15.4259996414185,29.6922645568848,991.556358481353
6.5,-0.0408392600951003,-0.02383871805928,0.485,0.573685935757678,0.12438805744804,-11.5512212010719,0.130559176063873,0.119555660292057,-0.0101950198197664,-0.0870447805631819,-0.00639947023736789,-2.49132899895775,0.151383862066261,0.120722310856171,-0.00470628180056975,15.1944439318162,8.6518034678114,0.675599013689652,-6.84028486775573,-16.1056337262813,0.0181348520677425,7.55502923520562,-6.30024603509634,-2.81,0.149766363848821,-0.0648352391443946,17.4930110581802,17.6456522304742,0.169816808195766,1.11053217952069,177.029998779297,-43.5296502579899,-103.114680672271,-177.029998779297,4.32841634750366,17.5400009155273,8.0600004196167,15.4259996414185,29.6947460174561,991.561731549286
6.525,-0.0383129583654374,-0.030133444377099,0.485,0.51821285679057,0.0500682528210333,-11.6490072611739,0.144829993904529,0.101928440039723,-0.00737107302142579,-0.0853790616968435,-0.00402581191650758,-2.49180305666874,0.150514000670293,0.0880532787324403,-0.00442033085304245,15.1978708516433,8.63650958249845,0.642843604277262,-6.8615388235008,-16.09024233382,-0.0347951708544025,7.55521363773556,-6.30014066668578,-2.81,0.149127784143437,-0.0654840018503549,17.4936199188232,17.6462631745393,0.169816808195766,1.11053217952069,177.029998779297,-43.5296502579899,-103.114680672271,-177.029998779297,4.32841634750366,17.5400009155273,7.94999980926514,15.4440002441406,29.6972236633301,991.567104617219
6.55,-0.0379842667252201,-0.0336873489109201,0.485,0.639373207577737,0.182096234622678,-11.7813912765763,0.156535543740789,0.0590746392212523,-0.00648369456069295,-0.0809368739886561,-0.00288124737223565,-2.49204091720349,0.162749644448736,0.0510318746609395,-0.00709059207372515,15.1859787365638,8.6381387704122,0.598572052635908,-6.85684570598472,-16.0801113652159,-0.0580133866986421,7.55542117475153,-6.30002191913404,-2.81,0.149333003055052,-0.0649192091159396,17.4936199188232,17.633406265799,0.169816808195766,1.11053217952069,177.029998779297,-43.5296502579899,-103.114680672271,-177.029998779297,4.32841634750366,17.5400009155273,7.94999980926514,15.4440002441406,29.6997032165527,991.572477685152
6.575,-0.0386308353190873,-0.0371169770862906,0.485,0.664119975347097,0.0257860698405137,-11.5204660374757,0.151479428984714,0.00662103893147072,-0.00979378936655293,-0.0779683938040915,-0.00308838975684732,-2.49254549016637,0.145194376185912,-0.0235960608141892,-0.00404769310057997,15.1815324136035,8.62956355565542,0.50079990475305,-6.87121127080984,-16.0614344729999,-0.125986000872581,7.5556287117675,-6.29990317158231,-2.81,0.145435741604578,-0.0650325966973484,17.4934447409329,17.6245606010181,0.169816558604274,1.11053213417506,177.038726806641,-43.8192660314066,-103.823689000546,-177.038726806641,4.32632064819336,17.5443668365479,7.94999980926514,15.4440002441406,29.6978168487549,991.567296771026
6.6,-0.0402263784807554,-0.0320704330407879,0.485,0.537938493089419,-0.0295176415891921,-11.3099045824588,0.117472909943616,-0.0221080447421131,-0.0108795544555314,-0.0760469157004737,-0.00364334156328483,-2.49278988889631,0.11766824600949,-0.0374020735148726,-0.00504683039248882,15.1730384705008,8.64214009666803,0.475843057896129,-6.86182651519202,-16.0634168435256,-0.126825391891026,7.5558357728576,-6.29978629890826,-2.81,0.145056480079085,-0.064082126959843,17.4928445944568,17.6180842670716,0.169816275117642,1.11053208267138,177.048645019531,-44.1482123405883,-104.628982410263,-177.048645019531,4.32394027709961,17.5493259429932,7.8600001335144,15.4359998703003,29.6953372955322,991.560682600078
6.625,-0.0413131971728257,-0.036336234775901,0.485,0.545415377843238,-0.0544057599618001,-11.2734850816622,0.0793884849179459,-0.0195844666461627,-0.00830239967684465,-0.071557130152298,-0.00439297607323748,-2.49296245996553,0.0193527603123037,-0.0174117663842688,-0.0129943635532582,15.1784273999264,8.64892759055185,0.334340363099533,-6.87090564157509,-16.0637304288244,-0.218198658281633,7.55604167330812,-6.29967399849507,-2.81,0.139389068209927,-0.0631574815209093,17.4924163818359,17.6122412258067,0.169815991631009,1.1105320311677,177.058578491211,-44.47715864977,-105.434275820138,-177.058578491211,4.32155990600586,17.5542850494385,7.8600001335144,15.4359998703003,29.6928577423096,991.55406842913
6.65,-0.0408404876395078,-0.037748372452218,0.485,0.530759225039763,0.0513655778352498,-11.2576782508705,0.0531618973987472,-0.0357039646612921,-0.011149419922312,-0.0708595934947836,-0.00539015073919464,-2.49311606601855,0.00799571550456409,-0.030124326288813,-0.0109903889512197,15.1824644838611,8.65155375745565,0.295036559706166,-6.87688106229855,-16.0653752005469,-0.236396518719222,7.55624757375865,-6.29956169808187,-2.81,0.137366963918131,-0.0628859091018941,17.4924163818359,17.6156109876656,0.169815708144376,1.11053197966402,177.068496704102,-44.8061049589517,-106.239569229935,-177.068496704102,4.31917953491211,17.5592441558838,7.8600001335144,15.4359998703003,29.6903781890869,991.547454258181
6.675,-0.0427669929884608,-0.0387093233899616,0.485,0.361836294027511,-0.0876445482560946,-10.8667883595657,0.0334970337188796,-0.0550316597068841,-0.00954627272977538,-0.0703487292602859,-0.00646288111197294,-2.49326643044125,-0.000315412617160948,-0.045757511618332,-0.00824698365040664,15.1844791233196,8.65252340918455,0.253402867439714,-6.88237475777487,-16.0644174654568,-0.257273775021818,7.55645347420917,-6.29944939766868,-2.81,0.135115960142812,-0.0627385729069872,17.4911617680059,17.6167753365181,0.169815665005106,1.11053197182651,177.070007324219,-44.8561620070493,-106.362113879317,-177.070007324219,4.31881713867188,17.5599994659424,7.8600001335144,15.4359998703003,29.6921043395996,991.548796044527
6.7,-0.0440513198070765,-0.0370848736320798,0.484998385017982,0.270629645653228,-0.0913907621512047,-10.2893704815518,0.00312926770640417,-0.0740202646817281,-0.00192197016073264,-0.0721657262765398,-0.00853546892032904,-2.49336302948719,0.0240169283482271,-0.0969611433694138,0.00308819442884133,15.1827835112905,8.65220444890149,0.15532124323892,-6.88860686260786,-16.0571988505713,-0.339326141857862,7.55654697404049,-6.29940350607743,-2.81,0.128284816669427,-0.0629818105923279,17.4866982380335,17.6062849193909,0.169815665005106,1.11053197182651,177.070007324219,-44.8561620070493,-106.362113879317,-177.070007324219,4.31881713867188,17.5599994659424,7.8600001335144,15.4359998703003,29.6945838928223,991.551565823208
6.725,-0.0484858574823732,-0.0352189446929861,0.483046983596086,0.282950198604097,0.0875648895970719,-9.96731250363703,0.00282281748652338,-0.0924548971227338,0.00186413567959793,-0.0712718355772464,-0.0110876087309642,-2.49319966827489,-0.00916187827546196,-0.101400835291347,0.000533229479254779,15.1695923663701,8.65013011389937,0.111297663238164,-6.87933125386838,-16.0472761101263,-0.336751635455902,7.5566136347512,-6.29937347164421,-2.81,0.126022306673808,-0.0630369565259544,17.4834651947021,17.5936087301414,0.169815665005106,1.11053197182651,177.070007324219,-44.8561620070493,-106.362113879317,-177.070007324219,4.31881713867188,17.5599994659424,6.80999994277954,15.4849996566772,29.6970634460449,991.554335601889
6.75,-0.0500438710508242,-0.0361301656844078,0.480493734881522,0.239181794584117,0.136699161376638,-9.72368910071934,0.0246640468165701,-0.0930507125566235,0.00143706126642575,-0.0699151039912681,-0.0146229672982737,-2.4929972404211,0.0265985797693104,-0.0646693754050417,0.00443424776536698,15.1722574963159,8.62349690686299,0.0759195014230677,-6.89646546358023,-16.0285288174247,-0.304775764317006,7.55668029546191,-6.299343437211,-2.81,0.12424638331826,-0.0643558745275804,17.4834651947021,17.601892482507,0.169815665005106,1.11053197182651,177.070007324219,-44.8561620070493,-106.362113879317,-177.070007324219,4.31881713867188,17.5599994659424,6.80999994277954,15.4849996566772,29.6995429992676,991.55710538057
6.775,-0.05117351035564,-0.0375989548944781,0.47968442358769,0.0905750241667454,-0.0829513975968038,-9.46021048657363,0.0294863930680795,-0.0634836605623593,0.00403395638653795,-0.068857878446579,-0.0155322924256325,-2.49283337593079,0.0765791460871696,-0.0578843578696251,0.0114858858287334,15.1906137418729,8.59338296126789,0.0667406222204291,-6.92685459462717,-16.0168905854983,-0.288673312773591,7.55674695617262,-6.29931340277778,-2.81,0.124057960702113,-0.0658788135607512,17.4811696929109,17.6228008116809,0.169815433901873,1.11053192842849,177.076080322266,-45.1333386344277,-107.018603072029,-177.076080322266,4.31751155853271,17.5802154541016,6.80999994277954,15.4849996566772,29.6979808807373,991.556210582147
6.8,-0.0516330186994756,-0.0383661059100885,0.478875108382494,0.0432824925478328,-0.0214233221490315,-9.24445133378705,0.0097242463232489,-0.0287517528728416,0.0094790630020509,-0.0698978270315496,-0.0159613683949973,-2.49256432085009,0.0523956753249186,-0.0429648003493411,0.0162798149726222,15.1992731294663,8.59495955564434,0.0599168031141197,-6.92941172306052,-16.0246485824978,-0.297849677418767,7.55681361688333,-6.29928336834456,-2.81,0.122994339308156,-0.0659253620473351,17.4726763362833,17.6279423754316,0.16981515041524,1.1105318751936,177.083526611328,-45.47334196231,-107.823896481983,-177.083526611328,4.31591033935547,17.6050128936768,6.80999994277954,15.4849996566772,29.695499420166,991.554485146248
6.825,-0.0516340633538277,-0.0377098182530574,0.478065781638627,-0.00671061692956172,0.00277029175883076,-9.2144139402138,0.0322231644208136,-0.0112676321069041,0.0152742482351572,-0.0707774311304092,-0.0163242872804403,-2.49233675003052,0.031940933316946,-0.0303456149995327,0.020334592089057,15.2018754963502,8.58703162309388,0.0681862263281776,-6.93262332831168,-16.0216359503042,-0.291024616961646,7.55694832978314,-6.29921148154059,-2.81,0.122919313896181,-0.0664996058949614,17.4664325714111,17.6300442814597,0.169814866928607,1.1105318219587,177.090942382812,-45.8133452916106,-108.62918989178,-177.090942382812,4.31430912017822,17.629810333252,7.03999996185303,15.4460000991821,29.6930198669434,991.552759710348
6.85,-0.0516370612310889,-0.0358264490411778,0.477256458733073,-0.0585791606452246,0.063602676867922,-9.1100518966374,0.0135554080316196,-0.00205389199520606,0.0208562747903463,-0.0707774311304092,-0.0163242872804403,-2.49233675003052,0.031940933316946,-0.0303456149995327,0.020334592089057,15.2012686207998,8.57915153240635,0.081562820021577,-6.93613965773127,-16.0156243548077,-0.277136005331427,7.55716042947786,-6.29909200154565,-2.81,0.123676136320031,-0.0669425630462626,17.4664325714111,17.6318503965231,0.169814583441975,1.11053176872381,177.098388671875,-46.153348619493,-109.434483301655,-177.098388671875,4.31270790100098,17.6546096801758,7.03999996185303,15.4460000991821,29.6905403137207,991.551034274448
6.875,-0.050672340444402,-0.0367911698278647,0.476447141644912,0.0215884503880006,0.184729485639335,-9.24547513616016,0.0164532521444569,0.0220200103731891,0.0239269501846727,-0.069465589573807,-0.0161358563225679,-2.49129435311993,0.0552968851309971,0.00537338323018422,0.030495353597939,15.2066246573815,8.57699632250738,0.0825430565814148,-6.92435075728143,-16.0248211735106,-0.267555022602866,7.55737252917258,-6.29897252155071,-2.81,0.124511740931842,-0.0670548542671076,17.4656648610159,17.6288532755068,0.169814521814446,1.11053175715101,177.100006103516,-46.2272623867939,-109.609547086363,-177.100006103516,4.31235933303833,17.6599998474121,7.03999996185303,15.4460000991821,29.6919403076172,991.555669656018
6.9,-0.0509759605746831,-0.0352197425289347,0.475637824540466,0.105796308275833,0.195072246482749,-9.43395983954427,0.0284850117735253,0.0629586758960054,0.0245376191008913,-0.067849844050391,-0.0143433479050594,-2.49065018415758,0.0668653658663814,0.0586647179492985,0.0322952655967146,15.2202707826427,8.54739996177097,0.113408469049219,-6.94007691155796,-16.0156604645421,-0.247997238825939,7.5575846288673,-6.29885304155576,-2.81,0.127347110474679,-0.0685991846195838,17.4627059772008,17.6397957693504,0.169814521814446,1.11053175715101,177.100006103516,-46.2272623867939,-109.609547086363,-177.100006103516,4.31235933303833,17.6599998474121,7.03999996185303,15.4460000991821,29.6944198608398,991.56207193133
6.925,-0.0465118627028169,-0.0380462101903806,0.47482851321078,0.155283506779825,0.117291970635136,-10.0680174084889,-0.00013115266648719,0.100346622573027,0.0275023955334825,-0.0691628075488332,-0.00974108553164596,-2.48995985501476,-0.053470940165553,0.122058947297565,0.0255042078618098,15.2482408056392,8.50675644914972,0.175447783282733,-6.97217329145516,-16.0069821891049,-0.264302228835124,7.55782040738136,-6.2987209784428,-2.81,0.130629428529714,-0.0711163602458808,17.4604988098145,17.6593213279783,0.169814521814446,1.11053175715101,177.100006103516,-46.2272623867939,-109.609547086363,-177.100006103516,4.31235933303833,17.6599998474121,7.09000015258789,15.4420003890991,29.6969013214111,991.568474206642
6.95,-0.0424281532067326,-0.0342065425496423,0.474019194174251,0.217133507002119,0.163171163570291,-10.5598809358642,-0.0151731617670287,0.115072586391339,0.0250284547417787,-0.0704957759744167,-0.00686740493343826,-2.4893148622047,-0.0433186833328604,0.101895889259155,0.0303918195915896,15.2590051869486,8.49842350092492,0.201368845960592,-6.9739414915416,-16.0118492693616,-0.292939851030006,7.55808138198784,-6.29857552592052,-2.81,0.131732747578242,-0.0718558557157165,17.4604988098145,17.6596423351476,0.169814521814446,1.11053175715101,177.100006103516,-46.2272623867939,-109.609547086363,-177.100006103516,4.31235933303833,17.6599998474121,7.09000015258789,15.4420003890991,29.6993808746338,991.574876481953
6.975,-0.0421204224029969,-0.0313972090141342,0.473209875137723,0.277215147161262,-0.039254611708638,-10.5324365255377,-0.0485403439206832,0.101225566605677,0.0225163160094629,-0.0718428492546082,-0.0062171071767807,-2.48925185203552,-0.0573301948606968,0.0909149125218391,0.0307923816144466,15.25793048587,8.48591330741571,0.244965290473783,-6.97776678029199,-16.00353351822,-0.269927874100068,7.55834235659433,-6.29843007339824,-2.81,0.133549375775418,-0.0727342808606894,17.4582788719321,17.6618081780698,0.169814309848677,1.11053171690023,177.109298706055,-46.4843380744211,-110.211672960387,-177.109298706055,4.31229448318481,17.6395416259766,7.09000015258789,15.4420003890991,29.6981410980225,991.573684568996
7,-0.0421213158880714,-0.0288416856465427,0.473326973896094,0.265243444138961,0.0523248742109945,-10.4272716951317,-0.0811640960617305,0.0722513623514605,0.0243992665948658,-0.0732994340994496,-0.00381424363918359,-2.4879026008433,-0.0124655295102165,0.0423084932667032,0.0336280804729882,15.2520777545627,8.4872028482679,0.250769652250946,-6.95027983686427,-16.0098982388018,-0.313276251657512,7.55859472581161,-6.29828940832496,-2.81,0.133552632487258,-0.0731287204178474,17.4493508608836,17.6367915627303,0.169814027227653,1.11053166323254,177.121704101562,-46.8271056569787,-111.014507459034,-177.121704101562,4.31220817565918,17.6122646331787,7.09000015258789,15.4420003890991,29.6956634521484,991.56996125995
7.025,-0.0414946038818995,-0.0256839916919883,0.473768419973974,0.159649193811403,0.0803822617084957,-10.2396772513069,-0.0437038559564616,0.0487589499629667,0.02514923034881,-0.0742148044098019,-0.00249125689600922,-2.48749502840914,-0.0915139106982302,0.0471243117444929,0.023347498860178,15.2588569129358,8.45713474232485,0.265060352354452,-6.96658594421772,-15.9933528240371,-0.3247230471779,7.55875145591045,-6.29820195030509,-2.81,0.134017314222458,-0.0749983761129781,17.4425945281982,17.6396705917151,0.169813744606628,1.11053160956484,177.134094238281,-47.1698732395362,-111.817341957681,-177.134094238281,4.31212139129639,17.5849857330322,7.09000015258789,15.4420003890991,29.6931800842285,991.566237950903
7.05,-0.0414946038818995,-0.0256839916919883,0.474209866062598,0.138524163600447,0.173092889165489,-10.1656596437487,-0.0227415273566779,0.0404028562743886,0.0271826520724372,-0.0727645198403062,-0.00213886821235371,-2.48694488273863,-0.0400743447100648,0.040796221711816,0.0250523700586236,15.2562595340827,8.45204666680417,0.270927641531041,-6.95811814314573,-15.9922303649052,-0.311623936660924,7.5589081860093,-6.29811449228522,-2.81,0.135251848646753,-0.0752110636413906,17.4425945281982,17.6341095308788,0.169813461985603,1.11053155589714,177.146484375,-47.5126408235119,-112.620176456407,-177.146484375,4.31203460693359,17.5577087402344,6.88000011444092,15.4479999542236,29.6907005310059,991.562514641857
7.075,-0.0414946038818995,-0.0256839916919883,0.474651312136631,0.165670801685594,0.295070323412589,-10.1022065866005,0.0175410689206464,0.0365877323905264,0.02898481979875,-0.0713142352708104,-0.0017864795286982,-2.48639473706811,0.0113652212781006,0.0344681316791392,0.0267572412570691,15.2548552111802,8.44211118031432,0.281284424891662,-6.9533747059701,-15.9882232974,-0.293710083917933,7.55906491610814,-6.29802703426535,-2.81,0.136730717681042,-0.075688827812836,17.4408038620036,17.6307266538935,0.169813382114444,1.11053154073018,177.149993896484,-47.6095099224371,-112.847064466877,-177.149993896484,4.31201028823853,17.5499992370605,6.88000011444092,15.4479999542236,29.6900005340576,991.556608873558
7.1,-0.0408505947076318,-0.0313987659581578,0.475092762433614,0.15224641642699,0.141556596217892,-10.1840538323968,0.047476695408097,0.0320508918984986,0.0291900064544545,-0.0720400472826404,-0.000887560458059447,-2.48570104198116,0.0691280100019241,0.0165314243152798,0.0303284170107424,15.2686658343066,8.38855943728484,0.285991847109916,-6.98552270106254,-15.9590517350339,-0.304987607363562,7.55921512186144,-6.29794327137598,-2.81,0.136662261372686,-0.0788761252353243,17.4332749245944,17.6397704682181,0.169813382114444,1.11053154073018,177.149993896484,-47.6095099224371,-112.847064466877,-177.149993896484,4.31201028823853,17.5499992370605,6.88000011444092,15.4479999542236,29.6900005340576,991.549843348583
7.125,-0.0405226274103934,-0.031115183189182,0.475534209567994,0.082988658473668,0.240288363660009,-10.151682134342,0.0719049857331232,0.0355649621100875,0.0283141399122519,-0.0674620362064592,2.78171560093687e-05,-2.48488225548944,0.0882005687766479,0.0374112064440821,0.023657951138691,15.2701272134688,8.36349468621507,0.295664232527593,-6.98741852743741,-15.9472802320443,-0.26922359357644,7.55934207285861,-6.29787267905803,-2.81,0.139900375057945,-0.0798531953389828,17.4274959564209,17.6401489458959,0.169813382114444,1.11053154073018,177.149993896484,-47.6095099224371,-112.847064466877,-177.149993896484,4.31201028823853,17.5499992370605,6.88000011444092,15.4479999542236,29.6900005340576,991.543077823608
7.15,-0.0398958848353183,-0.0355490081162385,0.475975656702374,0.0744156771509395,0.157076456933377,-10.1680035626912,0.104863550830083,0.0435970871783558,0.0251559276228547,-0.0663262093935204,0.000281046230645696,-2.48459559758487,0.138241101181677,0.0245021251321874,0.0254992578417817,15.2825891869836,8.32320784757464,0.286895530197541,-7.01738350842755,-15.924799389268,-0.26967255051658,7.55946902385577,-6.29780208674008,-2.81,0.139986978902259,-0.08198459905857,17.4274959564209,17.6526760113421,0.169813382114444,1.11053154073018,177.149993896484,-47.6095099224371,-112.847064466877,-177.149993896484,4.31201028823853,17.5499992370605,6.48999977111816,15.4860000610352,29.6900005340576,991.536312298633
7.175,-0.0397291922778638,-0.0356761852107124,0.476417100673301,0.136397844828151,0.253232540561485,-10.1280487305081,0.0901324744835234,0.037338209441408,0.0217603542633932,-0.0666467875789628,0.00113974478724758,-2.4845642893167,0.0398143606811259,0.0272938632933137,0.0156444633881717,15.2818733608892,8.32663594865932,0.283682176941172,-7.01421860733515,-15.926903989071,-0.288897678603338,7.55959597485293,-6.29773149442213,-2.81,0.139758605453609,-0.0818601512822272,17.4254686247628,17.6485974321659,0.169813189765988,1.11053150397947,177.156784057617,-47.8442312034928,-113.393463929979,-177.156784057617,4.31088447570801,17.5415096282959,6.48999977111816,15.4860000610352,29.6916980743408,991.538936974867
7.2,-0.0401962584134604,-0.0396666620485734,0.4768584093235,0.15497385523304,0.209537426107586,-10.2134007947461,0.108996885764255,0.0185165427653245,0.0149704418762616,-0.062243180286254,0.00121927056428917,-2.48402409654079,0.0856682709962959,-0.00252541001797805,0.0122317512639759,15.2708839925709,8.33923050690597,0.258560182103929,-6.98949928059511,-15.9335625816106,-0.27928479031262,7.55974243422363,-6.29764934351442,-2.81,0.140899681394148,-0.0807336470414028,17.4165387115067,17.6333711433997,0.16981290887618,1.11053145031178,177.166717529297,-48.1869987860503,-114.191380606327,-177.166717529297,4.30923938751221,17.529109954834,6.48999977111816,15.4860000610352,29.6941776275635,991.545884124674
7.225,-0.0389286705575011,-0.0421958038715221,0.477183332132713,0.176908865989245,0.138016288373142,-10.5599948533905,0.0769255232105885,0.0134839927727742,0.0123306597396509,-0.0591369967667496,0.00139575165663782,-2.48374439856697,0.0442849694044315,0.0121484813710832,0.00543916775301892,15.2738722653281,8.33042185409287,0.217749757335207,-6.99373268513523,-15.9290435279599,-0.296298185546483,7.5600101137139,-6.29749537044126,-2.81,0.140326050836706,-0.0808842152433338,17.4095878601074,17.6322671876773,0.169812627986371,1.11053139664408,177.176635742188,-48.5297663700261,-114.989297282597,-177.176635742188,4.30759525299072,17.5167121887207,6.48999977111816,15.4860000610352,29.6966571807861,991.55283127448
7.25,-0.0395701090835661,-0.0434817537602756,0.477453105318404,0.22626358661636,0.23315770441064,-10.3883251183098,0.0728244728981888,0.0147197286029797,0.00561583728010351,-0.0584459409023614,0.00100871093791569,-2.48375229095596,0.136948679508192,-0.0131985243734183,0.00764687088820614,15.2723296049898,8.33312386323233,0.178284444365325,-6.99234582249464,-15.9285527928537,-0.324185210085477,7.56027779320416,-6.2973413973681,-2.81,0.138435986760689,-0.0806641380791483,17.4095878601074,17.6272051730977,0.169812347096563,1.11053134297638,177.186553955078,-48.8725339540018,-115.787213958866,-177.186553955078,4.30595016479492,17.5043125152588,6.59000015258789,15.4750003814697,29.6991386413574,991.559778424286
7.275,-0.0401959825046061,-0.0437747261816375,0.477722878504096,0.183619236345236,0.190577063919336,-10.1085974560584,0.0886302077671913,-0.00617460860342198,0.00138843712748116,-0.0584790021753646,0.00107003715325397,-2.48402214576354,0.0326306813077291,-0.0188063956806045,-0.00455769870427438,15.2677244597371,8.33085801994329,0.147010365256164,-6.99546268185005,-15.9205728904894,-0.356480405993955,7.56054547269442,-6.29718742429494,-2.81,0.136678283299482,-0.0807950153598251,17.4076934670502,17.6211997214804,0.16981224939576,1.11053132430935,177.190002441406,-48.9917574609167,-116.064750194172,-177.190002441406,4.30537843704224,17.5,6.59000015258789,15.4750003814697,29.7000007629395,991.561888825861
7.3,-0.0401944564603431,-0.0447334394746263,0.477992651689787,0.153477110149672,0.298122196138624,-9.66258784718573,0.0950226904670887,-0.034218316420146,0.00209929896865659,-0.0534871319904467,-0.000502047387172644,-2.48401270927822,0.0489365593186908,-0.0254204970829982,-0.00590626565631526,15.2592819999839,8.33164845356688,0.150381980942814,-6.98747426343781,-15.9178252279645,-0.287595686375516,7.56081315218468,-6.29703345122178,-2.81,0.13945287067916,-0.0800892378622651,17.3989318991607,17.6231332248381,0.16981224939576,1.11053132430935,177.190002441406,-48.9917574609167,-116.064750194172,-177.190002441406,4.30537843704224,17.5,6.59000015258789,15.4750003814697,29.7000007629395,991.56141962838
7.325,-0.0406759014867073,-0.0471592044739075,0.47826242552128,0.123141153558074,0.135524310681923,-9.47957087963457,0.12470613957109,-0.0423119591539755,-0.00255661169012658,-0.0491214782842585,-0.00196771939301124,-2.48405215092828,0.0617827989306195,-0.0301337040469557,-0.00722863117947166,15.2559329324501,8.32414286530401,0.150305008924818,-6.98955958107805,-15.9107272269025,-0.228586199889643,7.56102810688613,-6.29690985476033,-2.81,0.141656456900662,-0.0798999599766462,17.392017364502,17.6297698152142,0.16981224939576,1.11053132430935,177.190002441406,-48.9917574609167,-116.064750194172,-177.190002441406,4.30537843704224,17.5,6.38000011444092,15.5080003738403,29.7000007629395,991.560950430898
7.35,-0.0420840396184757,-0.0542541208343316,0.478532200633927,0.0819625032077881,0.0614679393760032,-9.54751055059206,0.0823828698098465,-0.0251699805132667,-0.00331134359559846,-0.0488077028609789,-0.00258090102275134,-2.48438714002448,0.0308579620617546,-0.0252615729211382,-0.0108271214237848,15.2521789782718,8.32490272117586,0.0854755597034009,-6.99357213111797,-15.9044341997409,-0.281418916465866,7.56098833134883,-6.29693301737994,-2.81,0.138093275324046,-0.0798058556361735,17.392017364502,17.62194743837,0.16981224939576,1.11053132430935,177.190002441406,-48.9917574609167,-116.064750194172,-177.190002441406,4.30537843704224,17.5,6.38000011444092,15.5080003738403,29.7000007629395,991.560481233417
7.375,-0.0425630781594679,-0.0547331593753239,0.478801971887939,0.099571613414522,0.171793290930935,-9.36262428727014,0.0857454558526214,-0.0186066307044521,-0.00563778482062167,-0.0486815087497234,-0.00282751023769379,-2.48452186584473,0.0184206198900938,-0.0233021005988121,-0.0122743612155318,15.2400111276262,8.33255869804094,0.0574130532066383,-6.98233502563852,-15.9011545440631,-0.305043670170191,7.56094855581152,-6.29695617999955,-2.81,0.136629943666813,-0.0794004805634527,17.3907768167254,17.607456652257,0.169812076170655,1.11053129105871,177.202285766602,-49.2041243325645,-116.556826429474,-177.202285766602,4.30553913116455,17.492317199707,6.38000011444092,15.5080003738403,29.6984634399414,991.558408505833
7.4,-0.0420909103067016,-0.055536411622508,0.479071744431932,0.0571465985577724,0.177659465812612,-8.62245918886949,0.0795568966964454,-0.0422840247115824,-0.00455977653761321,-0.0469150937977659,-0.00449622202264268,-2.48467711418955,0.0640844042175436,-0.061473201623541,-0.0065612843070144,15.2322528979174,8.33597091813488,0.0566347160182389,-6.97657052234301,-15.8987395897097,-0.265876269220496,7.56094106474459,-6.29696035812196,-2.81,0.137366379202073,-0.078943915526926,17.3847373078133,17.6069864858917,0.169811796579259,1.11053123739102,177.222137451172,-49.5468919165402,-117.351054738941,-177.222137451172,4.30579853057861,17.4799194335938,6.38000011444092,15.5080003738403,29.6959838867188,991.555351154502
7.425,-0.0457184091402165,-0.0604321897565968,0.479341516338936,0.0322369438641968,0.136823777620118,-8.07075631924432,0.0709477876520632,-0.0786919574348165,-0.00156051782141532,-0.0420692563056946,-0.00778645649552345,-2.48462796211243,0.0187160205096006,-0.0956843495368958,-0.0072784936055541,15.2196532885332,8.32801619619584,0.0518246160079569,-6.97026597575672,-15.8864531511572,-0.179956331869724,7.56112825105128,-6.29685005854,-2.81,0.139380406281101,-0.0787289954931889,17.3799057006836,17.6079253560752,0.169811516987862,1.11053118372332,177.241973876953,-49.8896594990977,-118.145283048565,-177.241973876953,4.30605888366699,17.4675216674805,6.38000011444092,15.5080003738403,29.6935043334961,991.552293803171
7.45,-0.0471512257614569,-0.0618650063778372,0.47961129079747,-0.0120669558541242,0.249394339366156,-7.6031352137864,0.0936429803286403,-0.105398403169713,-0.00261692641248061,-0.0415918718424067,-0.00981272386209281,-2.48497484212495,0.0186690096850953,-0.0926404023176245,-0.0110019261615248,15.2077374005861,8.32530999288319,0.0338231454609685,-6.96873175435584,-15.8744251492285,-0.163129535428442,7.56131543735798,-6.29673975895804,-2.81,0.138399879485678,-0.0787896881920815,17.3799057006836,17.6028478401835,0.169811237396466,1.11053113005562,177.261810302734,-50.2324270816553,-118.939511358031,-177.261810302734,4.30631828308105,17.4551219940186,6.48000001907349,15.4980001449585,29.6910247802734,991.54923645184
7.475,-0.0490731697481174,-0.0628236820842275,0.479881063349527,-0.144120341003283,0.26333471467323,-7.73596332052224,0.078318371864305,-0.0904479738553633,-0.0063021811975618,-0.0411600433290005,-0.0116456281393766,-2.48528861999512,0.0186264850199223,-0.0898869335651398,-0.0143700381740928,15.2002292407124,8.34166820130456,0.0593576422389613,-6.95702264293637,-15.8815089768268,-0.106907647988258,7.56150262366468,-6.29662945937608,-2.81,0.1398454023884,-0.0777394243967258,17.3785583208192,17.6058001676857,0.169811121913063,1.11053110788853,177.270004272461,-50.3740049965599,-119.267562181592,-177.270004272461,4.30642557144165,17.4500007629395,6.48000001907349,15.4980001449585,29.6914558410645,991.54840005633
7.5,-0.0477645991949646,-0.0701262831248704,0.480150837175318,-0.090481024226228,0.359964311657506,-8.00171803295246,0.0915483129624975,-0.0391075060711955,-0.0102190309974508,-0.0371326438482285,-0.0125402916649693,-2.48592102117492,0.0856319665611184,-0.00242737906804174,-0.0135458678875556,15.211028734018,8.34119648614482,0.0692772555034672,-6.97466958304894,-15.8841830405186,-0.0496653633905843,7.5616490920091,-6.29654296454391,-2.81,0.142339408185016,-0.0770236863393131,17.371634285405,17.6308493883688,0.169811121913063,1.11053110788853,177.270004272461,-50.3740049965599,-119.267562181592,-177.270004272461,4.30642557144165,17.4500007629395,6.48000001907349,15.4980001449585,29.6939353942871,991.549126555656
7.525,-0.0465011520506787,-0.0713897302691563,0.480420610361009,-0.0837791052208387,0.219680121971537,-8.56035326010467,0.0933619484328066,0.0134957292630813,-0.0142487945954677,-0.0338595223442702,-0.0112818088044447,-2.48614967861607,0.0110115560570196,0.050668866030673,-0.0195383025158643,15.2142221085791,8.35297026253155,0.113906802808281,-6.97158891172031,-15.8951118897768,0.00271902408390592,7.56145441731933,-6.29665591055097,-2.81,0.146777357974176,-0.0758257753244532,17.3660202026367,17.6423097665052,0.169811121913063,1.11053110788853,177.270004272461,-50.3740049965599,-119.267562181592,-177.270004272461,4.30642557144165,17.4500007629395,6.48000001907349,15.4980001449585,29.6964149475098,991.549853054982
7.55,-0.0465011520506787,-0.0713897302691563,0.480690384835666,-0.0342041913052075,0.287615785045302,-9.51799457937671,0.064498937787624,0.0589122714827946,-0.0178369397499558,-0.0320303486135393,-0.00956971060005878,-2.4866689306453,0.0366682117991003,0.0712011872580452,-0.0217659718862723,15.2257284403317,8.36492663875316,0.102386773123897,-6.98169320926451,-15.9078865207437,-0.0198402774476434,7.56125974262956,-6.29676885655804,-2.81,0.147239925802608,-0.0747822128690906,17.3660202026367,17.6537830108218,0.169811121913063,1.11053110788853,177.270004272461,-50.3740049965599,-119.267562181592,-177.270004272461,4.30642557144165,17.4500007629395,6.46999979019165,15.4940004348755,29.6988945007324,991.550579554308
7.575,-0.0465011520506787,-0.0713897302691563,0.480949802778067,0.0280084078180729,0.408711140983922,-10.270083362961,0.0783420126119654,0.0977539616483447,-0.0252214869427166,-0.0302011748828084,-0.00785761239567287,-2.48718818267454,0.062324867541181,0.0917335084854174,-0.0239936412566802,15.2365401595804,8.36592176345451,0.102036378710956,-6.99761786145245,-15.9117441999084,-0.0309061658992922,7.56106506793979,-6.2968818025651,-2.81,0.148334541217649,-0.0743520481762584,17.3665507128939,17.6670368227714,0.169810967162104,1.11053107813795,177.276885986328,-50.5640174616362,-119.707159372377,-177.276885986328,4.30577802658081,17.4500007629395,6.46999979019165,15.4940004348755,29.6986255645752,991.551675225846
7.6,-0.0414117319838235,-0.0777469575046603,0.481,0.16419447725298,0.40090085990421,-10.6172853548418,0.0589226155920498,0.100539652702734,-0.0277459944735092,-0.0285778841433027,-0.00568808825120218,-2.48800688251368,0.0644801460781219,0.0917686184727976,-0.0316262454283298,15.2313550743708,8.37796295521591,0.113940532260839,-6.99866353453728,-15.9127188699354,-0.0388590036124952,7.56087039325001,-6.29699474857216,-2.81,0.150181225345914,-0.0733429206899922,17.3694373128228,17.6669578873788,0.169810688003512,1.11053102447026,177.289276123047,-50.9067850456119,-120.500158226348,-177.289276123047,4.3046088218689,17.4500007629395,6.84000015258789,15.4919996261597,29.6961441040039,991.553067682888
7.625,-0.0409208751183884,-0.0788888304726668,0.481,0.276439599593406,0.476686397813817,-10.8874656949481,0.0761633952178705,0.0815972079707012,-0.0342058077605884,-0.0276022274047136,-0.00350367650389671,-2.48898363113403,0.0378593318164349,0.0671608373522758,-0.0438729822635651,15.2101523124902,8.40419497098264,0.139966197507656,-6.98073617735941,-15.914353226904,-0.0387402545384737,7.56069336269846,-6.2970968848322,-2.81,0.152596437901165,-0.0716566494819311,17.3718090057373,17.6528941874811,0.169810408844919,1.11053097080256,177.301681518555,-51.2495526281694,-121.293157080318,-177.301681518555,4.3034405708313,17.4500007629395,6.84000015258789,15.4919996261597,29.6936664581299,991.55446013993
7.65,-0.0394999149018167,-0.0821943889239644,0.481,0.266083142261227,0.343547369065902,-11.0643344597648,0.104793474573384,0.0454132860843771,-0.0470943916363972,-0.0269657676042153,-0.00326971278429907,-2.48977552389949,0.0296338907498752,0.0480809539955746,-0.0500727113793813,15.1912421096421,8.4484103191729,0.107504380485652,-6.95205301145169,-15.9318862024633,-0.0706534105333398,7.56057019583491,-6.29716602130309,-2.81,0.151253005536416,-0.069030368846522,17.3718090057373,17.6337201141209,0.169810129686327,1.11053091713486,177.314071655273,-51.592320210727,-122.086155934289,-177.314071655273,4.30227184295654,17.4500007629395,6.84000015258789,15.4919996261597,29.6911869049072,991.555852596972
7.675,-0.0399771149304023,-0.0836320948814785,0.481,0.296702188243456,0.390201592168888,-10.9457872118941,0.0799255834910432,0.0180869737168642,-0.0550517147537393,-0.0257722464105674,-0.00283097233648783,-2.49126052074915,0.0142091330002825,0.0123014041469857,-0.061698752943686,15.184024098588,8.47185334512909,0.0735193617275534,-6.9562468720759,-15.9352612597779,-0.101833500295268,7.56044702897135,-6.29723515777398,-2.81,0.149999751857567,-0.0673384095693632,17.3730385926856,17.6340612097649,0.169809996175695,1.1105308914677,177.320007324219,-51.7562525336213,-122.465416255746,-177.320007324219,4.30171298980713,17.4500007629395,6.84000015258789,15.4919996261597,29.6900005340576,991.555871022679
7.7,-0.040121907810918,-0.0879190345978865,0.482424938258379,0.396238640704374,0.291327342106878,-11.634504117788,0.0725725066934177,0.0103361411745748,-0.0654558046430937,-0.0242488473883483,-0.0024028969971368,-2.49426747915097,0.0179855150102596,0.0104894865003136,-0.0682818319744393,15.163318246379,8.51274924007077,0.0628194100379981,-6.96295091889054,-15.9343307326377,-0.107166914735383,7.56033007057444,-6.2973008466381,-2.81,0.150225859539512,-0.0643985610154784,17.3801471422303,17.6381218503957,0.169809996175695,1.1105308914677,177.320007324219,-51.7562525336213,-122.465416255746,-177.320007324219,4.30171298980713,17.4500007629395,6.84000015258789,15.4919996261597,29.6900005340576,991.554629919664
7.725,-0.0394873081170839,-0.0901144030396074,0.484367321541595,0.608555534494393,0.236554418054985,-12.2364314451442,0.0271172636480493,0.020025116796843,-0.0712652622579987,-0.0217026334925287,-0.00248752283515952,-2.49520219680177,-0.00770713203950081,0.0181032560537817,-0.0702200557644254,15.1543927212114,8.55355872906427,0.00737144930584648,-6.94674007221609,-15.9543751750601,-0.140553054097599,7.56041719019964,-6.29725320948909,-2.81,0.148477701953991,-0.0616140538817172,17.3860645294189,17.6307561803617,0.169809996175695,1.1105308914677,177.320007324219,-51.7562525336213,-122.465416255746,-177.320007324219,4.30171298980713,17.4500007629395,6.84000015258789,15.4919996261597,29.6900005340576,991.553388816649
7.75,-0.0410807020387706,-0.0907560591361999,0.486309695672206,0.771012893199048,0.331717917215566,-11.8350003551841,-0.00686608616448249,-0.0331630215829572,-0.0737355002460119,-0.02383148642169,-0.00446227033174428,-2.49748745498833,-0.00819772667174901,-0.0904649234506521,-0.0720119340535048,15.1337242110751,8.59362916056618,-0.0882943144249067,-6.94481615680001,-15.9563948906481,-0.225515352298277,7.56050430982484,-6.29720557234009,-2.81,0.141637219808703,-0.0593960361351183,17.3860645294189,17.6177132744465,0.169809996175695,1.1105308914677,177.320007324219,-51.7562525336213,-122.465416255746,-177.320007324219,4.30171298980713,17.4500007629395,8.84000015258789,15.3739995956421,29.6900005340576,991.552147713633
7.775,-0.0450603769300442,-0.0934965775831431,0.488252069670489,0.619800844947792,0.196389597607615,-11.1656006902277,-0.000764697049987856,-0.132326528251109,-0.0754104225141254,-0.0224366853166392,-0.00628184937306113,-2.49838608370425,-0.0395956690681434,-0.127100202002862,-0.0798125710684497,15.1014790141112,8.62634587979191,-0.113906353828475,-6.91421845847993,-15.9571268489197,-0.212537396207785,7.56059142945004,-6.29715793519109,-2.81,0.140865458878645,-0.0572851095990196,17.3893890226626,17.5949405422132,0.169809859630732,1.1105308650055,177.321228027344,-51.9252626713673,-122.853296129908,-177.321228027344,4.30236959457397,17.4548530578613,8.84000015258789,15.3739995956421,29.6900005340576,991.54835991461
7.8,-0.0458527114209885,-0.094876564586212,0.488004640476886,0.504737317859843,0.359050486984742,-11.2287609258077,-0.0225577795389945,-0.166766246962984,-0.0769107772760263,-0.0233325265773945,-0.0127467721616202,-2.50184963593491,-0.0436798460088644,-0.129704384226763,-0.0842904109994132,15.0856707202828,8.6651667454661,-0.218486032098159,-6.93722425021377,-15.9540943441717,-0.2282658828388,7.56067873258791,-6.29711019401575,-2.81,0.133357279408934,-0.0546889916712408,17.409890064332,17.6099938905954,0.169809580472139,1.11053081090499,177.323699951172,-52.2707945100182,-123.646294983957,-177.323699951172,4.3037109375,17.464771270752,8.84000015258789,15.3739995956421,29.6900005340576,991.54191223309
7.825,-0.0513968781555492,-0.0927948624982987,0.486386003444918,0.577310716510757,-0.0353656704577489,-10.8999338366404,-0.0449284124031974,-0.133930423481517,-0.0771011728592763,-0.0269511680423631,-0.0163238127659565,-2.50364266288904,-0.0617004818809641,-0.140819422345561,-0.0691412647983697,15.0747667452938,8.7284827898086,-0.349970910861045,-6.92515217718462,-15.9838946714605,-0.338913454944215,7.56102873059001,-6.29691354113892,-2.81,0.123369541501543,-0.0513909969853042,17.4271774291992,17.6009462650488,0.169809301313547,1.11053075680449,177.326171875,-52.6163263486691,-124.439293837849,-177.326171875,4.30505275726318,17.4746894836426,8.65999984741211,15.4130001068115,29.6900005340576,991.535464551571
7.85,-0.0528199752358548,-0.0904270504569537,0.484767374153192,0.433423258921763,0.139168712401597,-10.2682513901018,-0.0966621996335154,-0.121515076398012,-0.0785213079129391,-0.030355825676503,-0.0198498418565135,-2.50574254676643,-0.083587498785558,-0.159693513025645,-0.0699113259009815,15.074211705691,8.75287590715919,-0.36274221278384,-6.94679393189899,-15.9878125217994,-0.328910234838594,7.56137872859211,-6.29671688826209,-2.81,0.120105590200646,-0.0501337997609842,17.4271774291992,17.6227187161282,0.169809022154954,1.11053070270399,177.328643798828,-52.96185818732,-125.232292691741,-177.328643798828,4.30639457702637,17.4846096038818,8.65999984741211,15.4130001068115,29.6900005340576,991.529016870051
7.875,-0.0561739014829508,-0.0861183389160015,0.48314873322349,0.3445793057836,0.0205778111755819,-9.57406025857485,-0.115309993464089,-0.141322348854282,-0.0773977857037581,-0.0331704264170259,-0.0222811616967026,-2.50720575884635,-0.153238603143965,-0.165050136141581,-0.0731613844539805,15.0602225425427,8.78441086430081,-0.379222764428062,-6.9429917580319,-15.9938383449342,-0.334645503229045,7.56172872659421,-6.29652023538527,-2.81,0.117256370601284,-0.0485316713435376,17.4300375884434,17.6224934313962,0.169808870438328,1.11053067330154,177.330001831055,-53.1496472294176,-125.663270329821,-177.330001831055,4.30712366104126,17.4899997711182,8.65999984741211,15.4130001068115,29.6900005340576,991.52692917158
7.9,-0.0598374590914975,-0.0796169532579377,0.481530076938092,0.36241993166395,0.0906852442113847,-8.83149980507779,-0.185445453397079,-0.17357819430174,-0.0701224656815303,-0.0357824773970462,-0.0244023682776481,-2.50830226687398,-0.229706781328683,-0.164834048879076,-0.0751493460247874,15.0379975323719,8.84231218148781,-0.415621058589068,-6.9119469054175,-16.0185109678708,-0.364543154848536,7.56184109342614,-6.29645766023788,-2.81,0.113517914579608,-0.0454864242308514,17.4489350691639,17.6065078517412,0.169808870438328,1.11053067330154,177.330001831055,-53.1496472294176,-125.663270329821,-177.330001831055,4.30712366104126,17.4899997711182,8.65999984741211,15.4130001068115,29.6900005340576,991.530031929119
7.925,-0.0636347923992368,-0.077043890160727,0.479911451439411,0.16350764403566,0.117185914774176,-8.3253883105603,-0.155682284662701,-0.158143995045805,-0.0647658738638427,-0.0426809007455033,-0.0299619124766014,-2.51095343809323,-0.18449142088325,-0.0973921623228414,-0.0633026847893139,15.0150742013954,8.88202187147288,-0.373351931078438,-6.91646749056849,-16.0172884140944,-0.301838988199018,7.56190197105976,-6.2964241366446,-2.81,0.111237625462088,-0.0437374597687493,17.4650745391846,17.6184351242989,0.169808870438328,1.11053067330154,177.330001831055,-53.1496472294176,-125.663270329821,-177.330001831055,4.30712366104126,17.4899997711182,8.65999984741211,15.4130001068115,29.6900005340576,991.533134686658
7.95,-0.062360867155433,-0.0700566048248291,0.478292818329774,0.0107507775531847,0.118168782659159,-8.2535816240371,-0.147174194115553,-0.0809072917556288,-0.0592221108399304,-0.0469309288309527,-0.0305111123417496,-2.51251833209472,-0.153308412999031,-0.0103040562253353,-0.0553711544991742,15.0254524895978,8.90533246298809,-0.305697425638234,-6.93569199243603,-16.0308724287015,-0.264434245720996,7.56196284869338,-6.29639061305133,-2.81,0.112475901582857,-0.0426828217362331,17.4650745391846,17.6471537966071,0.169808870438328,1.11053067330154,177.330001831055,-53.1496472294176,-125.663270329821,-177.330001831055,4.30712366104126,17.4899997711182,7.80000019073486,15.4270000457764,29.6900005340576,991.536237444196
7.975,-0.06111278037104,-0.0659628391903829,0.477161099861696,0.0859604095107493,0.231597427938219,-8.52889819583238,-0.129280017709735,0.00387197875704754,-0.0548194159220207,-0.0483198948204517,-0.0299881119281054,-2.51310229301453,-0.186051517724991,0.0262977983802557,-0.0592880509793758,15.0332323685606,8.93933988919704,-0.224221224879417,-6.92790568847074,-16.0599617508433,-0.20469389955952,7.562023726327,-6.29635708945806,-2.81,0.116298790010871,-0.0408145994349621,17.4647863496025,17.6656064234047,0.169808751732417,1.11053065036763,177.3310546875,-53.2961226819418,-126.00047525202,-177.3310546875,4.30668306350708,17.4994602203369,7.80000019073486,15.4270000457764,29.6900005340576,991.536112906155
8,-0.0610978441374579,-0.0656430151285981,0.477,0.0904365686441537,0.128863293906219,-8.77613346380725,-0.113030801269645,0.0492453999624616,-0.0495292308447707,-0.053669515659793,-0.0276425749674773,-2.51503006680267,-0.161457269752855,0.0702609000532281,-0.0443499839546768,15.043005199156,8.93689775370413,-0.221135955633836,-6.97080440328785,-16.0479336122294,-0.284184344131141,7.56208380916538,-6.29632403355301,-2.81,0.113736011741558,-0.041346074880523,17.4627357698836,17.6827168132623,0.169808471708216,1.11053059626713,177.333526611328,-53.6416545205927,-126.79593301714,-177.333526611328,4.30564498901367,17.5217800140381,7.80000019073486,15.4270000457764,29.6900005340576,991.531602556172
8.025,-0.0579417355556179,-0.0637525682701632,0.477,0.0967600960850359,0.154261451817543,-9.06999744838916,-0.105802662712673,0.0709682357221239,-0.0430375597426603,-0.0526486024922194,-0.026144462469088,-2.51565349472192,-0.0507706932421733,0.0933745857903232,-0.0342028469504547,15.0412114458149,8.95086931931665,-0.071401603822342,-6.96244441870992,-16.0581251361427,-0.148950819338539,7.56189590972033,-6.29643690000375,-2.81,0.12290985794117,-0.0403083181240118,17.4609622955322,17.7010791178826,0.169808191684016,1.11053054216663,177.336013793945,-53.9871863578254,-127.59139078226,-177.336013793945,4.30460548400879,17.544095993042,7.80000019073486,15.4270000457764,29.6900005340576,991.527092206189
8.05,-0.0579417355556179,-0.0637525682701632,0.477,0.10436661602592,0.098018761074355,-9.35814202353158,-0.0784618485115185,0.0965192432758581,-0.0355249351286919,-0.0541281618645415,-0.023714310056189,-2.5163016186147,-0.0704423016361495,0.123205430754515,-0.0305399174393392,15.0468083889815,8.93313135296614,-0.0443016987027136,-6.98675785395684,-16.0426105446944,-0.170595152371869,7.56170801027528,-6.29654976645449,-2.81,0.123932363091105,-0.0414071830294284,17.4609622955322,17.7090377391194,0.169807911659815,1.11053048806613,177.338500976562,-54.3327181950581,-128.386848547458,-177.338500976562,4.30356693267822,17.5664157867432,7.03000020980835,15.4379997253418,29.6900005340576,991.522581856206
8.075,-0.0543633044106588,-0.0610712398961283,0.477,0.13381262912271,0.158917098204007,-9.9260240914282,-0.0833688585171118,0.131175535121764,-0.0294348411269909,-0.0558138571562129,-0.0205993697017685,-2.51700153164931,-0.0885799046899621,0.157229465328572,-0.0264732060457421,15.0543387585038,8.92815968639449,-0.0135476371443371,-7.00576199534564,-16.0382067814999,-0.201386390910796,7.56152011083023,-6.29666263290522,-2.81,0.125140133669845,-0.0418065609498712,17.4615717011321,17.7174562316789,0.169807741210302,1.11053045513539,177.339996337891,-54.5430419223776,-128.871040230585,-177.339996337891,4.30293464660645,17.5799999237061,7.03000020980835,15.4379997253418,29.6900005340576,991.521257837506
8.1,-0.0534634800060616,-0.0618285803210396,0.477,0.159035306092995,0.156652658463806,-10.6033112101446,-0.0552031628246616,0.171490020744843,-0.025904366170008,-0.0588128062887979,-0.013513741571921,-2.51799122174691,-0.092559428178009,0.212128054487622,-0.0195092329180538,15.0594208526911,8.94299690398471,0.101324662691006,-7.01166309461552,-16.0487186508878,-0.220968420079537,7.56134664888774,-6.29676694771851,-2.81,0.13097966161562,-0.0412452841641411,17.4662692026308,17.7250178992015,0.169807741210302,1.11053045513539,177.339996337891,-54.5430419223776,-128.871040230585,-177.339996337891,4.30293464660645,17.5799999237061,7.03000020980835,15.4379997253418,29.6900005340576,991.524890334137
8.125,-0.0446216752215798,-0.0555199067371736,0.477,0.258415927040626,0.0835227682781943,-11.2143659415723,-0.0656498548089451,0.19794774254126,-0.022572790614763,-0.0624422754725199,-0.00847070647018168,-2.51859008618773,-0.0634100946741722,0.203246080340938,-0.0110021141102563,15.0575824325645,8.95280982749331,0.230266914588606,-7.00858534266211,-16.0553987077455,-0.201293821660039,7.56137935475106,-6.29674914498946,-2.81,0.137009550412042,-0.0410926344320434,17.4703826904297,17.7290851568109,0.169807741210302,1.11053045513539,177.339996337891,-54.5430419223776,-128.871040230585,-177.339996337891,4.30293464660645,17.5799999237061,7.03000020980835,15.4379997253418,29.6900005340576,991.528522830768
8.15,-0.0427000435499943,-0.0535982750655881,0.477,0.311505513720613,0.0961000256923241,-11.3204855188098,-0.075989287265587,0.207000098960576,-0.0198444540696535,-0.0633697733283043,-0.00536269322037697,-2.51888155937195,-0.133365362882614,0.212358832359314,-0.016966262832284,15.0552769915779,8.95906382258696,0.293058475739753,-7.00481038420052,-16.0594835845779,-0.194143293971468,7.56141206061437,-6.2967313422604,-2.81,0.140514734696839,-0.0408407237212985,17.4703826904297,17.7293224338433,0.169807741210302,1.11053045513539,177.339996337891,-54.5430419223776,-128.871040230585,-177.339996337891,4.30293464660645,17.5799999237061,7.03000020980835,15.4379997253418,29.6900005340576,991.532155327398
8.175,-0.0393873956995656,-0.0540972102617177,0.477,0.329020790376493,0.0754746878885423,-11.545203203445,-0.0599983268459147,0.190938008648821,-0.0158617755023748,-0.0629806908927042,-0.0023435224219249,-2.51910381273245,-0.0068082977384005,0.187602788161815,-0.00602831981208248,15.0477870203176,8.9641330534072,0.30773467789224,-6.99817821099073,-16.0581001652501,-0.221804080240515,7.56144476647768,-6.29671353953135,-2.81,0.142074930166469,-0.040525788382204,17.4702445901629,17.7190871159281,0.169807640301104,1.11053043572977,177.344451904297,-54.666982691098,-129.157690473562,-177.344451904297,4.30302810668945,17.5782222747803,6.8600001335144,15.4700002670288,29.6900005340576,991.533062464465
8.2,-0.037648735794012,-0.0485469673096058,0.477,0.335781219989554,0.103639237667365,-11.7284808816252,-0.0740440159381072,0.16764239025732,-0.0127242987136026,-0.0685081850839587,0.00405708539762304,-2.52000558592512,-0.0821135620782757,0.138369379199444,-0.00729715187334248,15.0448910195683,8.94882734732321,0.360075351316017,-7.01662211392633,-16.0383316310748,-0.314393930501487,7.56141406573312,-6.29673312950551,-2.81,0.142998688389956,-0.0420253411282872,17.469083292465,17.7100516621312,0.169807358978491,1.11053038162927,177.356842041016,-55.0125145283308,-129.956836605407,-177.356842041016,4.30328750610352,17.5732612609863,6.8600001335144,15.4700002670288,29.6900005340576,991.529096988976
8.225,-0.0370316313586764,-0.0479298628742702,0.477,0.373595498506512,0.091196998205706,-11.8318363352598,-0.0606410883239476,0.141327007242474,-0.0111168246851941,-0.0695264367430797,0.00704265137390301,-2.52023985059142,-0.0636699092988346,0.110259245340772,-0.0044604467907624,15.0301248237882,8.95697268995957,0.382755919841024,-7.00213498070035,-16.0352338524597,-0.34625870457397,7.56136037458513,-6.29676627758286,-2.81,0.144299680069468,-0.0417278549772051,17.468053817749,17.691895569473,0.169807077655879,1.11053032752877,177.369232177734,-55.3580463669817,-130.755982737329,-177.369232177734,4.30354690551758,17.568302154541,6.8600001335144,15.4700002670288,29.6900005340576,991.525131513488
8.25,-0.0344682407730057,-0.0466562336560175,0.477,0.367154170899212,0.0851968722877579,-11.9924542191928,-0.0655909928178407,0.112843941925746,-0.00676115201661572,-0.0683651317597263,0.00845586527550329,-2.52018419075693,-0.0912541606269643,0.107431736452324,-0.00425774464494733,15.0231242421581,8.94305552953669,0.397062292848234,-7.00267231421858,-16.0211083068612,-0.341806587995564,7.56130668343714,-6.2967994256602,-2.81,0.146019293363623,-0.042410185447543,17.468053817749,17.6851249975855,0.169806796333266,1.11053027342826,177.381637573242,-55.7035782042144,-131.555128869252,-177.381637573242,4.3038067817688,17.5633411407471,6.8600001335144,15.4700002670288,29.6900005340576,991.521166037999
8.275,-0.0343226515062533,-0.0468018229227698,0.477,0.391880346515029,0.205615966294658,-11.7939575314143,-0.0383226239667084,0.0714319875273809,-0.00137290551300667,-0.0706316832996883,0.00906842108160912,-2.52030144220984,0.0172897778535873,0.0201385261986544,0.00394210375424199,15.0157286174417,8.93096446702078,0.365426303893073,-7.00660574477495,-16.0035527396296,-0.401925682938885,7.56125299228914,-6.29683257373755,-2.81,0.143167215434724,-0.043397568598457,17.4668128586844,17.6703635072536,0.169806606746288,1.11053023696923,177.389999389648,-55.9364366167558,-132.093683871145,-177.389999389648,4.30398178100586,17.5599994659424,6.82999992370605,15.4790000915527,29.6900005340576,991.518834198903
8.3,-0.0351151427225215,-0.0447415245378531,0.477,0.373432021303507,0.0870786477572347,-11.5123911570089,-0.01732518326534,0.0183978390564451,0.00266200608203038,-0.0714976832629175,0.0087798864171381,-2.52037090929099,0.00303691381167137,-0.0175081363627634,0.00500046420426124,15.0056261971132,8.91835189864624,0.376462499804423,-7.00662554706071,-15.9874960292634,-0.393333607638069,7.56119930114115,-6.2968657218149,-2.81,0.143346713285019,-0.0442238679878196,17.4553339873363,17.6626757037403,0.169806606746288,1.11053023696923,177.389999389648,-55.9364366167558,-132.093683871145,-177.389999389648,4.30398178100586,17.5599994659424,6.82999992370605,15.4790000915527,29.6900005340576,991.519878541684
8.325,-0.0357685437172907,-0.044088123543084,0.477,0.360142541858109,0.165302734503144,-11.1221220823361,-0.004201945882533,-0.0157891725440503,0.00872958401790732,-0.0711635340688987,0.00808351810271271,-2.52028485818064,8.07455134953445e-05,-0.0513142608198562,0.00719853208132686,14.9971852285061,8.91002311225341,0.357474827227615,-7.0040764638748,-15.9754883443195,-0.398183299272864,7.5611604108531,-6.29689005609072,-2.81,0.14242526840057,-0.044684020049696,17.4450340270996,17.6532787277532,0.169806606746288,1.11053023696923,177.389999389648,-55.9364366167558,-132.093683871145,-177.389999389648,4.30398178100586,17.5599994659424,6.82999992370605,15.4790000915527,29.6900005340576,991.520922884466
8.35,-0.0395803116916212,-0.0434771038646712,0.477,0.383789204758444,0.16440497351109,-10.5906191470204,0.0268681083615189,-0.047894355673827,0.0105507860977564,-0.0697350799154808,0.00567172491920595,-2.51981683351338,0.0332856432548871,-0.0894898811424631,0.0144299664290788,14.9876063219808,8.89296592783752,0.254950179336713,-7.00299781457473,-15.9541035862603,-0.450317907969981,7.56117548643846,-6.29688225409212,-2.81,0.137161384684105,-0.0455698378398971,17.4450340270996,17.6336373835881,0.169806606746288,1.11053023696923,177.389999389648,-55.9364366167558,-132.093683871145,-177.389999389648,4.30398178100586,17.5599994659424,6.80000019073486,15.4829998016357,29.6900005340576,991.521967227247
8.375,-0.0409863668613053,-0.0432915490495622,0.477,0.33496539858712,0.194373792059508,-10.3033583783897,0.0227499937738592,-0.0853303759003609,0.0125095637876838,-0.0707394337623534,0.00477214350544166,-2.51975051995762,0.0419349040843827,-0.109431463148598,0.0169704527755782,14.9749258488182,8.87839414382841,0.214790692983496,-7.00210867759038,-15.9328569270798,-0.484732917164407,7.56119056202381,-6.29687445209351,-2.81,0.134310758038672,-0.0465648468273772,17.4445610560497,17.6167167771781,0.169806524057198,1.11053022109191,177.394378662109,-56.0378427002543,-132.328576706612,-177.394378662109,4.30441379547119,17.5672779083252,6.80000019073486,15.4829998016357,29.6900005340576,991.524903824387
8.4,-0.0408324025762808,-0.0428276861900397,0.477,0.302480071225759,0.198725494611903,-10.1069819757594,0.069018134947582,-0.104906104892041,0.0134620285980185,-0.0666539375892821,8.5293508075744e-05,-2.51890955544555,0.113847398436842,-0.119078980959683,0.0209227971682135,14.9698659801506,8.86571817655063,0.224319028800476,-6.99237688727734,-15.9285730994009,-0.367953474887834,7.56120788248157,-6.29686543930463,-2.81,0.13641735984588,-0.0468431754406123,17.4396999647033,17.6221512117825,0.169806242301782,1.11053016699141,177.409240722656,-56.383374537487,-133.128952294109,-177.409240722656,4.30588531494141,17.5920753479004,6.80000019073486,15.4829998016357,29.6900005340576,991.532395848688
8.425,-0.0451138308373395,-0.0480712441553131,0.477,0.297368516474971,0.224306788466419,-9.90900928257646,0.051187114405912,-0.10159066323913,0.0165222906371225,-0.0663792018501671,-0.00105577301230364,-2.51876203023831,0.021715733632769,-0.0733699429216619,0.0110045235546473,14.971095507509,8.84518092355988,0.126460977162524,-7.00712078543883,-15.9087838779078,-0.444716166222711,7.561292444409,-6.29682015927942,-2.81,0.13087264603875,-0.0480113050363089,17.4352855682373,17.6131507169547,0.169805960546365,1.1105301128909,177.424133300781,-56.7289063761379,-133.929327881607,-177.424133300781,4.30735683441162,17.6168727874756,6.80000019073486,15.4829998016357,29.6900005340576,991.539887872989
8.45,-0.0449459948976894,-0.0501032887265488,0.477,0.227211845256025,0.177214099943777,-9.84969344867373,0.0928121475196927,-0.074041842806624,0.0127530551470827,-0.0624846758037855,-0.00237354769895958,-2.51834270483886,0.105614212991712,-0.0520590065371333,0.0170491286845297,14.9755130117452,8.85738688183638,0.105578777398187,-6.99711970501959,-15.9248506883278,-0.412171815880599,7.56137700633642,-6.2967748792542,-2.81,0.131603742019862,-0.0468676532435154,17.4352855682373,17.6181511595397,0.169805678790949,1.1105300587904,177.438995361328,-57.0744382147888,-134.729703469026,-177.438995361328,4.30882835388184,17.6416702270508,6.80000019073486,15.4829998016357,29.6900005340576,991.54737989729
8.475,-0.0457431167463367,-0.0502662197971681,0.477,0.117236438702104,-0.0496170048211623,-9.59728100255174,0.0577075292874608,-0.0522609576900489,0.0152072181867116,-0.0635510735575067,-0.00405220785607463,-2.51789728205094,0.0667265449280333,-0.0597473357086197,0.0205591825185657,14.990160410285,8.83124879865643,0.0615202349156604,-7.01978080374593,-15.9131975523587,-0.438714412933615,7.56146156826385,-6.29672959922899,-2.81,0.128191812657823,-0.0485096959728679,17.4344492549845,17.6270269852943,0.169805470536945,1.11053001880307,177.449996948242,-57.3298313125521,-135.32128542505,-177.449996948242,4.3099160194397,17.6599998474121,6.8899998664856,15.4829998016357,29.6900005340576,991.551148612544
8.5,-0.047165149588165,-0.0529757561907373,0.477,0.13645050721879,0.0729595482371645,-9.43239702442456,0.0413018882088611,-0.0530391102700424,0.0169118420185516,-0.0616393319776482,-0.00547492861406749,-2.51733244448691,0.0821783864568477,-0.0575687705926763,0.0196054378810112,14.9814329969661,8.83684658706511,0.0576080660880794,-7.00047465748149,-15.9174741248931,-0.404824639201979,7.56151226922859,-6.29670359328332,-2.81,0.128886699751883,-0.0480444984463712,17.4247793829987,17.6180463557046,0.169805470536945,1.11053001880307,177.449996948242,-57.3298313125521,-135.32128542505,-177.449996948242,4.3099160194397,17.6599998474121,6.8899998664856,15.4829998016357,29.6900005340576,991.544367952167
8.525,-0.045899588719262,-0.0504385717335453,0.477,0.0509305796216937,-0.00264277907043711,-9.43226888210241,0.0442579757737948,-0.0481473361701529,0.0126792670634301,-0.0617267374617211,-0.00520890166208204,-2.51712266789448,-0.0300199827435766,-0.00822160942554696,0.010623130646692,14.993009091031,8.80450640556299,0.0307367634045836,-7.02641329940517,-15.8981589718194,-0.43434646385367,7.56129501380816,-6.29683011143239,-2.81,0.127298373073136,-0.04990454083281,17.4158935546875,17.6247121803591,0.169805470536945,1.11053001880307,177.449996948242,-57.3298313125521,-135.32128542505,-177.449996948242,4.3099160194397,17.6599998474121,6.8899998664856,15.4829998016357,29.6900005340576,991.53758729179
8.55,-0.045899588719262,-0.0504385717335453,0.477,-0.0446076519429201,-0.152469290508363,-9.83860133388882,0.0146942302007058,0.00403878005627408,0.016316694109741,-0.0623412631791134,-0.00477500745972304,-2.51685249345114,-0.0283949352842919,0.0136966819367897,0.0184785868393716,15.0034803057786,8.82576869292649,0.0059116485615341,-7.01925692865097,-15.9218594709448,-0.472305421932846,7.56107775838772,-6.29695662958146,-2.81,0.125576712825065,-0.0488088596847969,17.4158935546875,17.6263930011807,0.169805470536945,1.11053001880307,177.449996948242,-57.3298313125521,-135.32128542505,-177.449996948242,4.3099160194397,17.6599998474121,6.98999977111816,15.4569997787476,29.6900005340576,991.530806631412
8.575,-0.0449400982032223,-0.0494790812175055,0.477,0.0545763194635367,0.100919960811008,-9.92725342870086,-0.00100564426776619,0.0376460299364706,0.0219843494995558,-0.0625558448212452,-0.00479311217680277,-2.51633966530531,-0.0183878239830471,0.00534840898006544,0.0270204757224592,15.0122742473856,8.82685992423097,4.28156077617375e-05,-7.01790404011369,-15.9311218070152,-0.479807311685464,7.56086050296729,-6.29708314773053,-2.81,0.125097099522478,-0.048835873261649,17.4151437867363,17.6290917081925,0.169805406124416,1.11053000645404,177.45622253418,-57.4087027094106,-135.504260489218,-177.45622253418,4.30918502807617,17.6560382843018,6.98999977111816,15.4569997787476,29.6900005340576,991.524868947155
8.6,-0.044648987633272,-0.0491731957415375,0.477,0.158082796795966,-0.0456274871486578,-9.4161567161982,0.0336580859734464,0.0126132111046291,0.0311864336287603,-0.061808257482315,-0.00591264036101809,-2.51527911756297,0.0029840171842146,-0.0693236791582192,0.035786918494697,15.013106540457,8.77858792686613,0.040144129487135,-7.02841760291063,-15.9024850624732,-0.413400983160794,7.56064631581795,-6.29720776431281,-2.81,0.127649849472238,-0.0516148669037852,17.4052361388091,17.6308203112282,0.169805123936196,1.11052995235354,177.483489990234,-57.7542345480615,-136.30586553229,-177.483489990234,4.30598211288452,17.6386795043945,6.98999977111816,15.4569997787476,29.6900005340576,991.521781325019
8.625,-0.049075170438304,-0.0497986043518007,0.477,0.116849301715211,0.0518585551627399,-8.6039616872272,-0.0144412913132637,-0.062391987837046,0.0372136600920755,-0.0605905480556888,-0.00770322949474742,-2.51454140525021,-0.068208043042435,-0.0914019327378349,0.0261955069985264,15.0012397547047,8.7688048354944,-0.0221633483722523,-7.01556144677233,-15.8908806482732,-0.437531077789578,7.56048748905197,-6.2972980711931,-2.81,0.124652699305858,-0.0521638901278979,17.3960247039795,17.6104127728357,0.169804841747975,1.11052989825304,177.510772705078,-58.0997663867124,-137.107470575362,-177.510772705078,4.30277919769287,17.6213207244873,6.98999977111816,15.4569997787476,29.6900005340576,991.518693702883
8.65,-0.0497145217011811,-0.0517248387703265,0.477,-0.0347892487075811,0.219545005673799,-8.31882220462932,0.0179186012918116,-0.0829722014194833,0.0338421902925635,-0.0597297697008452,-0.00941894282355231,-2.51401251736765,0.0635368695014365,-0.0923929960798478,0.033539918874918,14.996937568759,8.76046200210817,-0.0125298592023007,-7.00840367878775,-15.8865001824724,-0.394179852942591,7.56032866228599,-6.2973883780734,-2.81,0.125461966412322,-0.0525952713225162,17.3960247039795,17.6078168495143,0.169804559559755,1.11052984415254,177.538055419922,-58.4452982239451,-137.909075618435,-177.538055419922,4.29957675933838,17.6039619445801,6.73999977111816,15.4949998855591,29.6900005340576,991.515606080747
8.675,-0.0503389350753392,-0.0536060683893602,0.477,-0.0553413425583323,0.0674683432409081,-8.34180849094547,-0.00473320319572162,0.00252834303961701,0.0331624082798564,-0.0590106349823443,-0.00868907664260763,-2.51333360028192,0.0544114896679593,0.00265683812390442,0.0354063463429092,15.017258812696,8.76161249419569,0.00960533385860548,-7.01195444718888,-15.9051767708162,-0.376636068393556,7.56016983552002,-6.2974786849537,-2.81,0.127118191384319,-0.0524916632401506,17.395532392106,17.6231645467959,0.169804332582273,1.11052980063692,177.559997558594,-58.7232260069303,-138.553844892221,-177.559997558594,4.29700040817261,17.5900001525879,6.73999977111816,15.4949998855591,29.6900005340576,991.512607296843
8.7,-0.0446108811206258,-0.0542458246558912,0.477,0.030841536993742,0.32322022569402,-8.68298817408714,0.00534400388026176,0.0948502749068901,0.0311369653890166,-0.06149916995863,-0.00519010798322171,-2.51252789961198,0.0256637204550136,0.0928119371536088,0.0359323377905902,15.0552477876808,8.70444523137096,0.127245590865663,-7.05837523288599,-15.890707827553,-0.329830238042885,7.55999585548009,-6.29757792110448,-2.81,0.132707663166982,-0.0560742520541368,17.3879425840558,17.6600157623741,0.169804332582273,1.11052980063692,177.559997558594,-58.7232260069303,-138.553844892221,-177.559997558594,4.29700040817261,17.5900001525879,6.73999977111816,15.4949998855591,29.6900005340576,991.509973736786
8.725,-0.043043455589798,-0.0529727536031373,0.477,0.163110800749477,0.166124038364488,-9.06572017202458,0.0282653202961102,0.0938934200830707,0.0302286304128691,-0.0594907392618586,-0.00389552638327431,-2.51144872612699,-0.00565306873856558,0.0536897643474361,0.0348620661034595,15.0541909625986,8.6872449425984,0.193620558878184,-7.04706613496334,-15.8872034881231,-0.264581496573759,7.55976888609608,-6.29770838193896,-2.81,0.137818070787904,-0.0569604952796028,17.3808040618896,17.6577801855602,0.169804332582273,1.11052980063692,177.559997558594,-58.7232260069303,-138.553844892221,-177.559997558594,4.29700040817261,17.5900001525879,6.73999977111816,15.4949998855591,29.6900005340576,991.507340176729
8.75,-0.0439938354346756,-0.0510765178494832,0.477,0.259709750594388,0.210117474711127,-9.30636759966697,-0.0105719224280184,0.0366790849438321,0.0291134718246494,-0.0604643204765586,-0.00336003499919162,-2.51076235254915,-0.0232722445150145,0.016304846667902,0.0317548542839476,15.0491977373963,8.67393806704046,0.208779843553852,-7.0394732662817,-15.8787480516755,-0.265178426536193,7.55954191671207,-6.29783884277343,-2.81,0.138311668673496,-0.0579709159731988,17.3808040618896,17.6465629067893,0.169804332582273,1.11052980063692,177.559997558594,-58.7232260069303,-138.553844892221,-177.559997558594,4.29700040817261,17.5900001525879,6.73999977111816,15.4949998855591,29.6900005340576,991.504706616672
8.775,-0.0430511021193207,-0.0520192511648381,0.477,0.196848713069462,0.136887471073416,-9.14339519317365,0.000364496294590324,0.00304499791161136,0.0279765087695417,-0.0592650068003421,-0.00261942366826936,-2.50996823484901,-0.0279675412794408,0.0331346958725412,0.03019792345165,15.0425300767652,8.66596760713146,0.232578773210824,-7.02489088372179,-15.8752411327226,-0.241713908782625,7.55931494732806,-6.29796930360791,-2.81,0.140529225433646,-0.0584194838845569,17.3803550895012,17.6357389654509,0.169804286926153,1.11052979160448,177.562835693359,-58.7809148006445,-138.683539093012,-177.562835693359,4.29698610305786,17.587574005127,6.86999988555908,15.4720001220703,29.6900005340576,991.502611021469
8.8,-0.0427219857344136,-0.0523483675497452,0.477,0.169445296555525,0.0394816677749585,-9.41406895527564,-0.0148289365386949,0.0159711387508006,0.0316605709753715,-0.0582991962306282,-0.00168867694291102,-2.50912601937503,0.0222321266807698,0.0549076007198937,0.0360812389881086,15.0439709021403,8.66842844154519,0.221105191060191,-7.01128269457594,-15.8835280639413,-0.258941836857576,7.55908797794406,-6.29809976444238,-2.81,0.140605042072271,-0.0583077386071911,17.3720491003155,17.6262314455246,0.169804006901953,1.11052973620557,177.580184936523,-59.1347394033209,-139.47899685821,-177.580184936523,4.29689979553223,17.572696685791,6.86999988555908,15.4720001220703,29.6900005340576,991.503276979184
8.825,-0.0420727609365767,-0.0523494009616999,0.477,0.0855302899899063,0.111879187386363,-9.84554916598614,0.0279681558479692,0.0480069347595613,0.0333895397530264,-0.0584376173155514,-0.000630776766010293,-2.50829249529661,0.0508513009953649,0.061292680460245,0.0424898456593313,15.057130664137,8.63932562269595,0.235338303472931,-7.02513895573053,-15.8742012400914,-0.260139982903743,7.55888788578208,-6.29821478482705,-2.81,0.141449424291765,-0.0600779505965943,17.3641471862793,17.6322188510735,0.169803726877752,1.11052968080666,177.597549438477,-59.4885640045792,-140.27445462333,-177.597549438477,4.29681301116943,17.5578155517578,6.86999988555908,15.4720001220703,29.6900005340576,991.5039429369
8.85,-0.0401823288655027,-0.0523524100813587,0.477,0.1610726169815,-0.0606422210200182,-10.0771871545232,0.0299738866512652,0.0540695405527065,0.0382880785178758,-0.0607437565922737,0.000179292634129524,-2.50787448883057,0.0221511069685221,0.0335006825625896,0.0469015352427959,15.0715459099849,8.59293294017966,0.280233348490273,-7.05613778886485,-15.8499084586202,-0.244631802362291,7.55879130303116,-6.2982703410355,-2.81,0.142755432016662,-0.063016530116081,17.3641471862793,17.6468426943716,0.169803446853552,1.11052962540774,177.614898681641,-59.8423886058374,-141.06991238845,-177.614898681641,4.2967267036438,17.5429382324219,6.86999988555908,15.4720001220703,29.6900005340576,991.504608894615
8.875,-0.0401777599210151,-0.0552227775541383,0.477,0.20430759232638,0.216301389115796,-10.1522235480236,0.0410029553853564,0.0255957230380896,0.0437862622842383,-0.0568239747443298,0.000506559903982429,-2.50678203656306,0.0170278047629188,0.0295066762483677,0.043236571595263,15.0621065705107,8.58938580803445,0.293411879940519,-7.03230505903382,-15.8504374670811,-0.202511952274989,7.55869472028025,-6.29832589724396,-2.81,0.145839065003702,-0.0629138529193119,17.363893298126,17.6334654541185,0.169803203354247,1.11052957723477,177.630004882812,-60.1500621732588,-141.761614792906,-177.630004882812,4.2966513633728,17.5300006866455,6.80999994277954,15.4910001754761,29.6900005340576,991.504724055288
8.9,-0.0401958712607324,-0.0562012016942664,0.477,0.22626984515122,0.238156078736941,-10.2406911468091,0.0741871203221151,-0.00592937165692345,0.0432307611800295,-0.0558089700751182,-0.000324514587442993,-2.50534221572436,0.0199165763452838,-0.0318077366854695,0.032566179607984,15.0644736717578,8.5666134828488,0.242013431273298,-7.02662039386059,-15.8416192596037,-0.231320441945005,7.55859991776837,-6.2983804317184,-2.81,0.143456436072125,-0.0643121384195084,17.3580221345804,17.6196381100164,0.169803203354247,1.11052957723477,177.630004882812,-60.1500621732588,-141.761614792906,-177.630004882812,4.2966513633728,17.5300006866455,6.80999994277954,15.4910001754761,29.6900005340576,991.50116723567
8.925,-0.044294490513422,-0.0628162655275794,0.477,0.23090598030954,0.199148290710833,-10.1920359948091,0.0808220908801286,-0.0341098915664852,0.0418006882737705,-0.0526379781907533,-0.00263734258611888,-2.50443227063608,0.102315410724515,-0.0705211615513667,0.0336044929836227,15.0788410252448,8.54124772026436,0.169267356139472,-7.04116858369449,-15.8340479597074,-0.240584511270945,7.5585843697428,-6.29838947960178,-2.81,0.140684932106699,-0.0654221815585551,17.3523731231689,17.6262152745373,0.169803203354247,1.11052957723477,177.630004882812,-60.1500621732588,-141.761614792906,-177.630004882812,4.2966513633728,17.5300006866455,6.80999994277954,15.4910001754761,29.6900005340576,991.497610416052
8.95,-0.0458828714356747,-0.0631544675531551,0.477,0.228559048739014,0.261735917613742,-9.9541829870138,0.0765530875241453,-0.0613083684021442,0.0364065660804384,-0.050237888249474,-0.0047962600495214,-2.50371662844033,0.0602148341955174,-0.0842291816054199,0.0266389167982099,15.0787390452431,8.53370541591088,0.12001074117441,-7.03582411630462,-15.8318735204733,-0.236350871046611,7.55856882171724,-6.29839852748516,-2.81,0.138941439081544,-0.0656346738038906,17.3523731231689,17.6212122315769,0.169803203354247,1.11052957723477,177.630004882812,-60.1500621732588,-141.761614792906,-177.630004882812,4.2966513633728,17.5300006866455,6.80999994277954,15.4910001754761,29.6900005340576,991.494053596435
8.975,-0.0465092371139057,-0.0663104165313346,0.477,0.162830170583126,0.205505561848684,-9.37216202670571,0.0856087830920958,-0.0804301853986152,0.0318979078475155,-0.04936223459559,-0.00639060739810234,-2.5033376529735,0.0759873945967515,-0.0985289719991699,0.0261851856737153,15.0778598232566,8.52933301303041,0.0850236263524086,-7.03301609666988,-15.8296524555012,-0.239573028553389,7.55855327369167,-6.29840757536854,-2.81,0.137237963956792,-0.065822289413459,17.3524119898958,17.6171967256618,0.169803203354247,1.11052957723477,177.630004882812,-60.1500621732588,-141.761614792906,-177.630004882812,4.2966513633728,17.5300006866455,7.07999992370605,15.4549999237061,29.6900005340576,991.491373314048
9,-0.0465161384469627,-0.0675713223669264,0.477007004796521,0.157871225865709,0.405692145536401,-8.94989598284496,0.0653559011731323,-0.0885536472888466,0.0243675838175245,-0.0504718536169811,-0.00746149289899229,-2.50321352256467,0.0772042795882319,-0.116113252646493,0.0254534330981789,15.0825248140978,8.51901232331834,0.0527354011465095,-7.04258128458769,-15.8237466259289,-0.264571963063885,7.5585377256661,-6.29841662325192,-2.81,0.134621267519282,-0.0665604800702431,17.3536103806406,17.6182800495029,0.169803203354247,1.11052957723477,177.630004882812,-60.1500621732588,-141.761614792906,-177.630004882812,4.2966513633728,17.5300006866455,7.07999992370605,15.4549999237061,29.6900005340576,991.496776652786
9.025,-0.0495326549818302,-0.0674637954475649,0.477492597756518,0.244190658504924,0.283283967348136,-8.95010460443757,0.129290246712575,-0.072639581978388,0.0161906705352926,-0.0425869210558032,-0.0117192193565549,-2.50243418501172,0.189713135457612,-0.0984640662706861,0.0191719274440103,15.0830863895117,8.50368584361626,0.0702059958422316,-7.03776518646411,-15.8200412871857,-0.115116003142519,7.55853854925444,-6.2984132326639,-2.81,0.13930559768148,-0.0663977021768548,17.3547763824463,17.6345083092931,0.169803203354247,1.11052957723477,177.630004882812,-60.1500621732588,-141.761614792906,-177.630004882812,4.2966513633728,17.5300006866455,7.07999992370605,15.4549999237061,29.6900005340576,991.502179991524
9.05,-0.0509404984067558,-0.0745572269249712,0.477978190699167,0.298250284355293,0.523072058350544,-8.45456842962556,0.152683740110113,-0.0905499737959605,0.013532357642388,-0.0383027516719188,-0.0140005974400306,-2.5022502017006,0.215420262108559,-0.115341226765201,0.0149240927790917,15.0855464094835,8.48959632111022,0.0502853751582288,-7.04497225947278,-15.8118247878011,-0.06362020261997,7.55853950743298,-6.29840973981986,-2.81,0.140159238430976,-0.0665921740088173,17.3547763824463,17.6439854849398,0.169803203354247,1.11052957723477,177.630004882812,-60.1500621732588,-141.761614792906,-177.630004882812,4.2966513633728,17.5300006866455,7.1100001335144,15.4469995498657,29.6900005340576,991.507583330262
9.075,-0.054278762976521,-0.0826905682928676,0.4784637836646,0.233274883340508,0.300856416332424,-8.2712237794034,0.215837025815634,-0.131150625834998,0.00841570872650504,-0.0342974137859745,-0.0162860533022674,-2.5020885198548,0.235236358441169,-0.132247438412631,0.0109544134704431,15.083051648159,8.46609927403795,0.0357405692246238,-7.05393052948722,-15.7929270814647,-0.0089225497191309,7.55854046561151,-6.29840624697582,-2.81,0.141197359774739,-0.0673626867574601,17.3549120869598,17.6498234932142,0.169803185204704,1.1105295736218,177.630493164062,-60.1731376901772,-141.813171745662,-177.630493164062,4.29662036895752,17.5290298461914,7.1100001335144,15.4469995498657,29.6900005340576,991.512697451198
