0,-0.0287781281450847,-0.0371326602601544,0.484499175689318,0.493217641820863,-0.855176639391981,-8.96477511102316,0.00283390782357344,-0.0141544300330936,0.0320499019784696,-0.0580395981669426,-0.0195881370455027,-2.52142333984375,-0.0284434370696545,0.0121032223105431,0.0102196224033833,15.7978485217945,8.96988069049718,0.235651011208993,-7.64583317498618,-16.4811088058789,0.0244235023130144,7.18741427225459,-5.88534389456398,-2.81,0.134448672062966,-0.00768311062585737,18.1768417358398,18.4480194188263,0.16978329263814,1.11052535877397,175.229995727539,0,0,-175.229995727539,4.27745294570923,18.2399997711182,7.1100001335144,15.956000328064,35.189998626709,991.215148925781
0.025,-0.0287720643476646,-0.0409421455635206,0.484499175689318,0.0824598602973068,0.0368870728398401,-9.60431581298861,-0.00213527923319897,-0.00694032082063282,0.0123158633000148,-0.0581225095220434,-0.0202013362824778,-2.52118964473108,-0.0175969754049594,0.00737484424639685,0.00822069548791057,15.8121547986997,8.94884861914921,0.186467242944412,-7.66828517296061,-16.4723435358417,-0.0142113528170341,7.18771158444238,-5.88520027424326,-2.81,0.131582016816958,-0.00885873956146481,18.1768417358398,18.4554782180602,0.16978329263814,1.11052535877397,175.229995727539,0,0,-175.229995727539,4.27745294570923,18.2399997711182,7.1100001335144,15.956000328064,35.189998626709,991.216810088797
0.05,-0.0294068831994702,-0.0409411350824163,0.484499175689318,0.0622251534233393,0.0834322044669734,-9.57467808859098,0.00183871191078446,-0.0137029601252442,0.00688335367172332,-0.0612964472824416,-0.0203387444495699,-2.52117158251423,0.0328332813177645,-0.0280251681725369,0.00796997666954297,15.8157119768366,8.93777591781452,0.187694695489668,-7.67834453760554,-16.4650344718569,-0.0384446669878415,7.18800889663017,-5.88505665392254,-2.81,0.130045798109058,-0.00984455623046154,18.1768417358398,18.4560535874694,0.16978329263814,1.11052535877397,175.229995727539,0,0,-175.229995727539,4.27745294570923,18.2399997711182,6.84000015258789,15.996000289917,35.189998626709,991.218471251812
0.075,-0.0305205447701034,-0.0385650055866943,0.484499175689318,-0.0251710298824165,0.144583803527878,-9.33111842211591,0.0108860744913451,-0.00943731904191208,0.00322747516548835,-0.0585387498140335,-0.0203160345554352,-2.52110910415649,-0.0321162045001984,0.0199882611632347,0.00120374269317836,15.81898596739,8.9281758902603,0.216787341590985,-7.68310659219607,-16.4611442998133,0.0154902892352601,7.18830620881795,-5.88491303360182,-2.81,0.132939756477028,-0.0100392177052958,18.1730212427906,18.4661577451595,0.16978329263814,1.11052535877397,175.229995727539,0,0,-175.229995727539,4.27745294570923,18.2399997711182,6.84000015258789,15.996000289917,35.189998626709,991.220132414828
0.1,-0.0300445661482769,-0.0396683478266558,0.484499175689318,-0.0105123558954844,0.171378456461408,-9.23991442116515,0.0222319455503072,0.00215808767449337,0.000474374780933558,-0.0586956370082373,-0.0201880138430502,-2.52125022868074,-0.0398193836630107,0.02384099137572,-0.00349688194858551,15.8183791641219,8.92719644038147,0.215012384550175,-7.68564549324762,-16.4588253669687,0.0103383917215023,7.18851171927284,-5.88481563051379,-2.81,0.132780310385561,-0.0100956941326231,18.1691607445786,18.466308329854,0.16978329263814,1.11052535877397,175.229995727539,0,0,-175.229995727539,4.27745294570923,18.2399997711182,6.84000015258789,15.996000289917,35.189998626709,991.221793577843
0.125,-0.0298860239937185,-0.0395124058090501,0.484499175689318,0.0527142731338379,0.193217216183795,-9.29864745631746,0.0331058046837232,0.00129972434653546,-0.00648639771912569,-0.0591746609611835,-0.0205549352790348,-2.52147566430734,0.0721909779778949,-0.0133335828667382,-0.00367540638819518,15.8141488948201,8.93437299035988,0.219407219825366,-7.68168743426029,-16.4605557561383,0.015744456670641,7.18868978487114,-5.88473204443425,-2.81,0.132739381943114,-0.00973469622544255,18.1690807342529,18.4651292320067,0.169783014950858,1.11052530166392,175.232376098633,-0.364753342352081,-0.788841006491538,-175.232376098633,4.27790832519531,18.2613410949707,6.84000015258789,15.996000289917,35.189998626709,991.220343206347
0.15,-0.0303593156432649,-0.0399856974585966,0.484499175689318,-0.0195495602765401,0.101123298991671,-9.34216159440536,0.0494605632424886,0.00179677476668332,-0.0104159199910385,-0.0566822662949562,-0.0199309326708317,-2.52177810668945,-0.0126645369455218,0.032691054046154,-0.0116252200677991,15.8172680278168,8.91051028717335,0.258199390211078,-7.70032885443219,-16.4423265792513,0.0682683057311367,7.18886785046944,-5.88464845835471,-2.81,0.136089970123275,-0.0106845598503811,18.1690807342529,18.4780186779181,0.169782725190216,1.11052524207082,175.234848022461,-0.745365524442804,-1.61197944798622,-175.234848022461,4.27838325500488,18.2836074829102,6.84000015258789,15.996000289917,35.189998626709,991.218757550741
0.175,-0.0298869141746168,-0.0414150536034892,0.484499175689318,-0.0356754022357472,0.167340126819058,-9.43468131888871,0.0710585000163562,0.0162950946553799,-0.0108726498802488,-0.0567159009942121,-0.0199259071404165,-2.52224310268771,0.117304844991147,-0.00328701226114317,-0.0122837924620849,15.8144732354772,8.93343543877318,0.222605235890918,-7.69419049278168,-16.4545390982971,0.0310043351327239,7.18904591606775,-5.88456487227517,-2.81,0.134152550216247,-0.00939020531804913,18.1633114372332,18.4744793369857,0.169782435429574,1.11052518247772,175.237319946289,-1.12597770795169,-2.43511788955975,-175.237319946289,4.27885818481445,18.3058757781982,7.32999992370605,15.9370002746582,35.189998626709,991.217171895135
0.2,-0.030670551951756,-0.0428406331676119,0.484499175689318,0.0307581596779589,0.12212976043248,-9.53748973513057,0.0740309538031421,0.0254450610750659,-0.0187071010433395,-0.0554180915255507,-0.0188997153573177,-2.52288050506708,0.0466412159554095,0.02483331983898,-0.0199231419525062,15.8197438906513,8.92179529734335,0.242469681109769,-7.71438842644818,-16.4440727229425,0.0469374926368196,7.18924716788616,-5.88446901712014,-2.81,0.135925739859783,-0.00978041628852865,18.1573570290792,18.4874464485921,0.169782145668932,1.11052512288462,175.239807128906,-1.50658989146058,-3.25825633105443,-175.239807128906,4.27933311462402,18.328145980835,7.32999992370605,15.9370002746582,35.189998626709,991.21558623953
0.225,-0.0306737751006376,-0.0428438563164935,0.484499175689318,0.00878728830216402,0.0981325062328931,-9.43547259306192,0.0431786502527211,0.0282684890632785,-0.0218070747112304,-0.0541202820568893,-0.0178735235742188,-2.52351790744645,-0.0240224130803282,0.0529536519391032,-0.0275624914429275,15.8222492918437,8.91896643105996,0.254352427376679,-7.72767780918524,-16.4388647087689,0.0543394254145692,7.18960713441029,-5.88428917748226,-2.81,0.137288095335598,-0.00969560884390831,18.1571102142334,18.4967266044033,0.169782121522212,1.11052511791853,175.240005493164,-1.5383075737742,-3.32685120121841,-175.240005493164,4.27937269210815,18.3299999237061,7.32999992370605,15.9370002746582,35.189998626709,991.218430351965
0.25,-0.0290887103873401,-0.0431632906136437,0.484499175689318,0.0341196971136024,0.150997783029411,-9.68693146840486,0.051080379043653,0.0427759747571142,-0.0263050782489003,-0.0537556761180369,-0.0173705917881308,-2.5238602381856,-0.0434313532748015,0.0608236092074843,-0.0301495551672658,15.8031379542915,8.95791422804474,0.254255190821648,-7.69516299575715,-16.4569222275388,0.0471114307226705,7.18996710093441,-5.88410933784437,-2.81,0.137653164525251,-0.0075132164813157,18.1571102142334,18.4801124488865,0.169782121522212,1.11052511791853,175.240005493164,-1.5383075737742,-3.32685120121841,-175.240005493164,4.27937269210815,18.3299999237061,7.32999992370605,15.9370002746582,35.189998626709,991.221677170586
0.275,-0.0274981933815956,-0.0434838236982381,0.484499175689318,0.0960399350053433,0.115228547660535,-9.94633267714038,0.0408087617897059,0.0526807024773337,-0.0298153373327051,-0.0534786134958267,-0.0156453624367714,-2.525141954422,-0.0554064437747002,0.0666152685880661,-0.034874152392149,15.804418199164,8.96903933224406,0.256801944757074,-7.7107471760084,-16.4570056861109,0.0242946749087836,7.19032706745853,-5.88392949820649,-2.81,0.138091990603233,-0.00671846999887214,18.156039690234,18.4895965339637,0.169782121522212,1.11052511791853,175.240005493164,-1.5383075737742,-3.32685120121841,-175.240005493164,4.27937269210815,18.3299999237061,7.32999992370605,15.9370002746582,35.189998626709,991.224923989207
0.3,-0.0249568534423335,-0.0460251636375002,0.484499175689318,0.129422958352431,0.1652675573998,-10.0429147150754,0.0466031946324426,0.0405294129720106,-0.0373569016601332,-0.0531206057465238,-0.0148563799097444,-2.52613032035969,-0.0470916287824608,0.0504340430641401,-0.0385305668196311,15.7982477474813,8.98837126336826,0.273337493060576,-7.71005821583369,-16.4622064051369,0.0304274083484206,7.19056078299709,-5.88381783836558,-2.81,0.139251810231123,-0.00550330968992586,18.1549106676554,18.4932089989816,0.169782121522212,1.11052511791853,175.240005493164,-1.5383075737742,-3.32685120121841,-175.240005493164,4.27937269210815,18.3299999237061,7.42999982833862,15.9449996948242,35.189998626709,991.228170807829
0.325,-0.0249539904647169,-0.0463438493246174,0.484499175689318,0.0741204689527115,0.0109172754351302,-10.0205693136499,0.0419601118594947,0.03164473045388,-0.0398290795628573,-0.0490213529171649,-0.0151959398593622,-2.52732347551401,0.0826623690123836,0.0192630938063926,-0.0372432123694871,15.7790159630919,9.00394763550223,0.287218397283728,-7.70355287042154,-16.4553603322793,0.0854499946306436,7.19076902237771,-5.88371993651056,-2.81,0.141998122249896,-0.00398826051522431,18.1548404693604,18.492810386071,0.16978186798165,1.11052506501886,175.235687255859,-1.87616983708806,-4.04709733754597,-175.235687255859,4.27778577804565,18.3235054016113,7.42999982833862,15.9449996948242,35.1878318786621,991.226158535358
0.35,-0.0246341233238419,-0.0476157009246406,0.484499175689318,0.15971580535366,0.16021808006588,-10.160468442857,0.0318569856361245,0.0311477715944766,-0.040744003110999,-0.0508382153984509,-0.0133118912844141,-2.52871409557296,-0.0172798337233805,0.037125937450994,-0.0441599595995681,15.7751634460702,8.98750143251991,0.272182020388816,-7.7337763027927,-16.4284241356683,0.0251260612148123,7.19097726175833,-5.88362203465553,-2.81,0.14053721530726,-0.00493338099649935,18.1548404693604,18.4926758500516,0.169781578221008,1.1105250045621,175.230728149414,-2.26229813882857,-4.87023577919834,-175.230728149414,4.27597236633301,18.3160820007324,7.42999982833862,15.9449996948242,35.185359954834,991.223394964159
0.375,-0.0243165478651336,-0.047933276383349,0.484499175689318,0.228257165277245,0.0648630513123728,-10.2274293792059,0.0421134436777428,0.0273853331710982,-0.0473109852616864,-0.0485736430440307,-0.0135827394216223,-2.52958801575439,0.064390009762534,0.017273001467383,-0.0413294937212953,15.7612781466209,9.02574948213704,0.282495486063237,-7.71397726138505,-16.4454563891281,0.0580102854092411,7.19110345215316,-5.88356280685311,-2.81,0.142192333116882,-0.00246121307141956,18.1608240383188,18.4916335167449,0.169781288460366,1.11052494410533,175.225769042969,-2.64842644056908,-5.69337422069302,-175.225769042969,4.2741584777832,18.3086585998535,7.42999982833862,15.9449996948242,35.1828842163086,991.220631392961
0.4,-0.0249427857378367,-0.0523653280988687,0.484499175689318,0.133738694157952,-0.0177116794179318,-10.3165874573074,0.0326377112079779,0.0263012512433368,-0.0457509942697651,-0.0510653315721987,-0.0119068606668206,-2.53094685550703,-0.0613399136874127,0.0328440452018793,-0.0464340725803921,15.7591355124962,9.01884699688507,0.267837888447279,-7.73960267194034,-16.4274226134386,-0.0052104615956664,7.19116061582028,-5.88353611502018,-2.81,0.140385052554138,-0.00297549377439747,18.1672755959108,18.4923789492161,0.169780998699724,1.11052488364857,175.220825195312,-3.03455474372776,-6.51651266226655,-175.220825195312,4.2723445892334,18.3012371063232,7.71000003814697,15.9490003585815,35.1804122924805,991.217867821762
0.425,-0.023684665546616,-0.0460295443645692,0.484499175689318,0.281295394320708,0.0197630581366757,-10.7696866893032,0.00774943894265853,0.0241866092885321,-0.0470526806062859,-0.0514552875950232,-0.0113563951048429,-2.53213562333412,-0.0884883846362714,0.0324470187823558,-0.0467482496369664,15.7524770221669,9.05913153532561,0.269677207378063,-7.73065693002052,-16.4474238695914,-0.0177140827345988,7.19121777948739,-5.88350942318726,-2.81,0.140351946874455,-0.000688000541613254,18.1678104400635,18.4947423318347,0.169780950406284,1.11052487357244,175.220001220703,-3.09890945973906,-6.65370240251567,-175.220001220703,4.2720422744751,18.2999992370605,7.71000003814697,15.9490003585815,35.1820602416992,991.220452692091
0.45,-0.0233692780093987,-0.045714156827352,0.484499175689318,0.297148231961637,-0.0397372532424363,-11.2463805694566,-0.0199954099249757,0.0192942324381994,-0.0480084811931922,-0.0517306409204057,-0.0112069066555828,-2.53313378708337,-0.101936856988863,0.0231581734061986,-0.0480089330349149,15.7431341581817,9.08574824229459,0.261543270833245,-7.72459035362412,-16.4558551360394,-0.032167340048779,7.19127494315451,-5.88348273135433,-2.81,0.139810573202623,0.000851923793828544,18.1678104400635,18.4925512058689,0.169780950406284,1.11052487357244,175.220001220703,-3.09890945973906,-6.65370240251567,-175.220001220703,4.2720422744751,18.2999992370605,7.71000003814697,15.9490003585815,35.1845359802246,991.224107250725
0.475,-0.0230507619622916,-0.0453956407802448,0.484857745684903,0.369707744179787,0.0358257870651402,-11.5636990536418,-0.0352972415038536,0.00941375244760084,-0.0473432706830359,-0.0519727391611736,-0.011173772603815,-2.53407664188373,-0.111409902735406,0.011289125308999,-0.0495442709494937,15.731586672566,9.1051949224043,0.254146961130308,-7.71988060764079,-16.4576287211992,-0.0434139173378262,7.19133210682162,-5.8834560395214,-2.81,0.139326679522761,0.00200257007520873,18.1643908539998,18.4881419042224,0.169780950406284,1.11052487357244,175.220001220703,-3.09890945973906,-6.65370240251567,-175.220001220703,4.2720422744751,18.2999992370605,7.71000003814697,15.9490003585815,35.18701171875,991.227761809359
0.5,-0.0234687850150137,0.217220763670751,0.484608030479469,0.358485449824458,-0.0171621928483921,-11.2662201912635,-0.0393106105158997,-0.0307625906067829,-0.046177084988791,-0.0528044702377204,-0.013082304630254,-2.53549631688979,-0.10378620881757,-0.0403474953641279,-0.0479611215508007,15.7184373247049,9.12455444432507,0.204333244224564,-7.72369322594098,-16.4532037021224,-0.0718936773589304,7.19152709896546,-5.88336285794134,-2.81,0.135953530834581,0.00315479811874535,18.1606195390839,18.484657395957,0.169780950406284,1.11052487357244,175.220001220703,-3.09890945973906,-6.65370240251567,-175.220001220703,4.2720422744751,18.2999992370605,8.55000019073486,15.9060001373291,35.1894836425781,991.231416367993
0.525,-0.0244175630522607,0.217144054731925,0.484203370570795,0.341930296294686,0.124437940515693,-10.7320385058831,-0.0211734895769914,-0.0723312209063346,-0.0432024029340927,-0.0535982156926713,-0.016427335614426,-2.53661109108657,0.0227571757025206,-0.112126697440623,-0.0380510975643273,15.6983861201579,9.15083164367603,0.116802842769302,-7.71483343293631,-16.4517067022191,-0.115676872175185,7.19175669845137,-5.88325298145557,-2.81,0.130409615874331,0.00465923405394094,18.160228729248,18.4704634622479,0.169780721696179,1.1105248260527,175.218048095703,-3.40241090196468,-7.30341134009355,-175.218048095703,4.2728967666626,18.2882461547852,8.55000019073486,15.9060001373291,35.1880378723145,991.229009569306
0.55,-0.0288594553324184,0.21524699814104,0.483798706810016,0.255701143346536,0.0917106768276212,-10.1256190781294,-0.0131802452988598,-0.0908938682892943,-0.0438322695457456,-0.0522172066703458,-0.0172993277194842,-2.53701822435424,0.0954160720447823,-0.115440507256606,-0.0383679831509743,15.6857386438932,9.1265487788041,0.100259222032093,-7.72522854816377,-16.4212117773841,-0.104828283191149,7.19198629793728,-5.88314310496979,-2.81,0.130114932960018,0.00357831570172065,18.160228729248,18.4632647201593,0.169780432799206,1.11052476602777,175.215576171875,-3.78578114388029,-8.12409631380975,-175.215576171875,4.27397680282593,18.2734031677246,8.55000019073486,15.9060001373291,35.1855659484863,991.225007676587
0.575,-0.0304481672092736,0.214295391027825,0.483394053642428,0.0735698764347034,0.678180765048618,-9.56980598224491,0.160482867852066,-0.0767011428361053,-0.0427197998539926,-0.0452026836574078,-0.020020492374897,-2.53865504264832,0.374798834323883,-0.100905038416386,-0.0454928614199162,15.6818401416885,9.10121517130089,0.108574799069012,-7.76063137972446,-16.3870830657209,0.0112024988676122,7.1922158974232,-5.88303322848402,-2.81,0.133447910104089,0.00333005602461094,18.177076231573,18.4900483562503,0.169780143902232,1.11052470600284,175.213104248047,-4.16915138721408,-8.9447812876048,-175.213104248047,4.2750563621521,18.2585563659668,8.36999988555908,15.8360004425049,35.1830940246582,991.221005783868
0.6,-0.0329649091180102,0.204167947493256,0.482989390844775,-0.0613416287532956,0.841612066656618,-9.31985128332105,0.539553615619325,-0.0453586459982176,-0.052943906659942,-0.0348625883035611,-0.0202686021025067,-2.53961483137594,0.572882355134342,-0.0801846220665869,-0.0543755676234778,15.6750854783734,9.04873140215573,0.119582546401624,-7.79698854699471,-16.3338381533462,0.121842137225196,7.19245628830919,-5.88291924480717,-2.81,0.138976430272298,0.00196471712135696,18.1960912488171,18.5067787802493,0.169779855005258,1.1105246459779,175.21061706543,-4.55252163054786,-9.76546626139984,-175.21061706543,4.27613544464111,18.243709564209,8.36999988555908,15.8360004425049,35.1806182861328,991.217003891149
0.625,-0.0329716539517306,0.204140806083795,0.482584728037934,-0.091208489946527,0.737404490467915,-9.21403043668156,0.941048617245502,0.0068160540064174,-0.0705322474363643,-0.0130528230777767,-0.0207919256042952,-2.54163925824044,0.990688471628782,-0.0364802459941266,-0.0731113461864123,15.6925262385687,8.94703852619096,0.216043194307821,-7.89481561982331,-16.2432265439278,0.425476874520702,7.19269930358675,-5.88280426229073,-2.81,0.154190812225765,-0.000249179146378309,18.1984558105469,18.5860099812607,0.169779782781014,1.11052463097167,175.210006713867,-4.64836419102676,-9.97063750482889,-175.210006713867,4.27640581130981,18.2399997711182,8.36999988555908,15.8360004425049,35.1800003051758,991.213692891229
0.65,-0.0313254525922856,0.165777878218745,0.482180071031929,0.00175642660918367,0.444044441288717,-9.43599882458865,1.23874306675715,0.0309770514211178,-0.0916663668251517,0.0418525446834334,-0.0197389650908116,-2.54646945318549,1.38051192589002,-0.000188492902761806,-0.112106414072144,15.6552936517652,9.009104738407,-0.27762738566457,-7.90698355271812,-16.2370554931293,0.408539454572745,7.19294231886432,-5.88268927977429,-2.81,0.15390033605798,0.0122909202572239,18.1984558105469,18.5897729202966,0.169779782781014,1.11052463097167,175.210006713867,-4.64836419102676,-9.97063750482889,-175.210006713867,4.27640581130981,18.2399997711182,8.36999988555908,15.8360004425049,35.1800003051758,991.21061218891
0.675,-0.0301160474853518,0.105923552926828,0.481775414007558,-0.0151450669439507,0.181850261621169,-9.26822783382451,1.4201732327649,0.0333974652819779,-0.111708226632632,0.081263978176917,-0.0193222794757978,-2.54978745892284,1.44435614781561,0.0303777283392049,-0.138115798259185,15.633074703307,9.01256551584799,-0.461781045352406,-7.93559263405998,-16.2027857023839,0.573331160284199,7.19318533414188,-5.88257429725785,-2.81,0.162297719344248,0.0199125379248883,18.2210154189277,18.6234694941033,0.169779782781014,1.11052463097167,175.210006713867,-4.64836419102676,-9.97063750482889,-175.210006713867,4.27640581130981,18.2399997711182,8.36999988555908,15.8360004425049,35.1800003051758,991.20753148659
0.7,-0.0301977050532243,0.0569464830086072,0.481370753145009,-0.0682582393779512,-0.0264944051731693,-8.89161087987756,1.51884042360621,0.029866645105806,-0.133389402439094,0.11602202021206,-0.0173761672137344,-2.55342824497057,1.42654614658307,0.0553086880019243,-0.145530475460797,15.6324333438731,8.99662898596925,-0.561826398359442,-8.00244656131795,-16.1560773258361,0.754962739854285,7.19340118558788,-5.88247267187244,-2.81,0.172727337379921,0.0262791817894582,18.2470873016672,18.6860830745674,0.169779782781014,1.11052463097167,175.210006713867,-4.64836419102676,-9.97063750482889,-175.210006713867,4.27640581130981,18.2399997711182,8.01000022888184,15.8819999694824,35.1800003051758,991.20445078427
0.725,-0.0301975302492385,0.0568366651553531,0.481052083511606,-0.113534696571754,-0.375123933395373,-8.56457451646994,1.51369514596495,0.0657831287276372,-0.146898939924592,0.150780062247202,-0.015430054951671,-2.5570690310183,1.40873614535054,0.0802396476646436,-0.152945152662408,15.6396109008085,9.00725844608522,-0.69078341627197,-8.06178111049921,-16.1363752703783,0.911259585067679,7.19353072503262,-5.88241348824301,-2.81,0.181226351506536,0.0345817253726338,18.2508697509766,18.7540940684499,0.16977957722801,1.11052458845401,175.213500976562,-4.91991811309274,-10.5545628373695,-175.213500976562,4.27713966369629,18.2662887573242,8.01000022888184,15.8819999694824,35.1817512512207,991.207852393082
0.75,-0.0285855236911651,0.0350666167496216,0.481,-0.0768436803688952,-0.606563523675183,-8.34262567646534,1.40389999866512,0.132749650640724,-0.150338200666291,0.1612165793596,-0.0145104849838237,-2.55814316180531,1.38396354185266,0.0910483999291356,-0.153957103475539,15.5538356606417,9.13455196530084,-1.41214432342071,-7.88657627014905,-16.2809409019964,0.298115809747932,7.19366026447736,-5.88235430461358,-2.81,0.148470533323262,0.0442523130590736,18.2508697509766,18.5796803269151,0.169779287035534,1.11052452842908,175.218460083008,-5.30328835642652,-11.3789280128323,-175.218460083008,4.27817630767822,18.3034019470215,8.01000022888184,15.8819999694824,35.1842269897461,991.213923188829
0.775,-0.0269532254927676,0.0130225310021245,0.481,0.00163029060780859,-0.826600991269044,-8.74703758612833,1.19397557648999,0.190389653221628,-0.149702223622519,0.191956400892282,-0.00899457379034378,-2.56114730768858,1.14832125384333,0.150712974085384,-0.146767599362046,15.568086667026,9.1870807691229,-1.46894842915806,-7.91614730021637,-16.3112543137641,0.450754535123441,7.1937898039221,-5.88229512098415,-2.81,0.159422964298582,0.054579698640334,18.2689162480462,18.6468739812875,0.169778996843058,1.11052446840415,175.223403930664,-5.68665859834214,-12.203293188295,-175.223403930664,4.279212474823,18.3405151367188,6.90999984741211,15.9610004425049,35.1866989135742,991.219993984576
0.8,-0.0204354872000128,-0.501739607750621,0.481,0.0274046708560647,-0.894370336451767,-9.33986662245952,0.946086971910846,0.215223393883126,-0.144217030732592,0.22353218485709,-0.00112912763609058,-2.56432603208807,0.857043862023176,0.177158035212901,-0.132755030310539,15.5446268147204,9.31002709590596,-1.72035935878217,-7.86283559909967,-16.4098881167968,0.403796971905562,7.19398158932413,-5.88220465714958,-2.81,0.160832398403866,0.0696221078585007,18.2902841862944,18.6512292851912,0.169778706650582,1.11052440837922,175.22834777832,-6.07002884167592,-13.0276583637578,-175.22834777832,4.28024864196777,18.377628326416,6.90999984741211,15.9610004425049,35.1891746520996,991.226064780324
0.825,-0.019155966420057,-0.502226662849557,0.481,0.149508049933201,-0.896336602724653,-9.89574457734677,0.737880121561791,0.21605876739955,-0.131914511083049,0.246481115334498,0.00562040150631539,-2.56653137253081,0.553453374561373,0.20389025141711,-0.121861289269241,15.4972142543958,9.42263304071925,-2.00990287657671,-7.76939609511858,-16.5092942590729,0.26279274052027,7.19418961914831,-5.8821060300723,-2.81,0.156449420111372,0.0823513624950392,18.2938270568848,18.6088173269828,0.169778609919757,1.11052438837091,175.229995727539,-6.19781892231446,-13.3024467555787,-175.229995727539,4.28059434890747,18.3899993896484,6.90999984741211,15.9610004425049,35.188346862793,991.228299799654
0.85,-0.0140838930377314,-0.497477594600614,0.481,0.270878150849697,-0.878098706914517,-10.4387531206533,0.539308645971672,0.192510524003952,-0.119425820106147,0.253153067159837,0.00965646754475625,-2.56785037269003,0.440817992452491,0.149956708375553,-0.100704177408606,15.4710161600021,9.53056377950156,-2.20789920611548,-7.6868851444013,-16.6120615348433,0.10007108434981,7.1943976489725,-5.88200740299502,-2.81,0.149443503113365,0.0904567617850077,18.2938270568848,18.575660229578,0.169778609919757,1.11052438837091,175.229995727539,-6.19781892231446,-13.3024467555787,-175.229995727539,4.28059434890747,18.3899993896484,6.90999984741211,15.9610004425049,35.1858749389648,991.228616930775
0.875,-0.0118632883448685,-0.49461775865772,0.481,0.24717415878739,-1.28342782674319,-10.9139389496189,0.315790906236315,0.155046515210848,-0.105172529025072,0.255619796044346,0.0139230525151843,-2.56892106180007,0.00165489445850539,0.135819288578544,-0.0757319160229154,15.4325017309858,9.64915110321541,-2.25894005538739,-7.6037807011095,-16.6898774767672,0.0393156880831182,7.19454127236005,-5.88193982325349,-2.81,0.148665478487864,0.0980191171208996,18.3270795025776,18.5450923277041,0.169778609919757,1.11052438837091,175.229995727539,-6.19781892231446,-13.3024467555787,-175.229995727539,4.28059434890747,18.3899993896484,7.40000009536743,15.9340000152588,35.1834030151367,991.228934061896
0.9,-0.00906659211949129,-0.489333089838935,0.481,0.302397418585366,-1.71931122922359,-11.2407004426029,-0.0661164148843205,0.108134552680652,-0.0746367140744877,0.240983809628384,0.0149123740169596,-2.56938725839144,-0.440891085184395,0.036895180395656,-0.0276012906859728,15.4074519289223,9.80019683612221,-2.38244458882166,-7.49083360656936,-16.8212687737416,-0.204460039697833,7.19461674537395,-5.88190509562494,-2.81,0.136157315726121,0.102666839293112,18.3674425341419,18.4965123254689,0.169778609919757,1.11052438837091,175.229995727539,-6.19781892231446,-13.3024467555787,-175.229995727539,4.28059434890747,18.3899993896484,7.40000009536743,15.9340000152588,35.1809272766113,991.229251193017
0.925,-0.00901921606428288,-0.484142588175562,0.481,0.410310309525945,-2.124949146262,-11.7227251653547,-0.634829890811851,0.0125408788152436,-0.0294339257868359,0.214233463750391,0.0137811334499958,-2.56917052863335,-1.12388310046438,-0.0712170821295751,0.0382857492809576,15.3671292176027,9.98448473001611,-2.48677689184116,-7.34166223481959,-16.9662402346347,-0.518982615031673,7.19469221838786,-5.88187036799638,-2.81,0.119111319629888,0.106093960693686,18.3749713897705,18.4232900641538,0.169778426930082,1.11052435112522,175.226898193359,-6.43570153683024,-13.8222752423473,-175.226898193359,4.28245639801025,18.3992767333984,7.40000009536743,15.9340000152588,35.1800003051758,991.21913886316
0.95,-0.0106110414865581,-0.476243792307086,0.481,0.25438509752713,-2.42467573343416,-12.1245382718132,-1.34335689816167,-0.129197240099194,0.0398987071022223,0.187345525733258,0.0099708417175201,-2.56832073054993,-1.61140433828818,-0.165762207583787,0.0932569391848268,15.308966923588,10.22780081236,-2.44194093682764,-7.15974552272728,-17.124690871199,-0.64688474973413,7.19476769140176,-5.88183564036783,-2.81,0.109506512639012,0.112833011967106,18.3749713897705,18.3611794539993,0.169778134146601,1.11052429153212,175.221954345703,-6.81631372033913,-14.6540008211456,-175.221954345703,4.28543663024902,18.4141235351562,7.40000009536743,15.9340000152588,35.1800003051758,991.202768856717
0.975,-0.0164989352287806,-0.461143621656049,0.481,0.310919469197804,-2.03639420906016,-11.6298206128262,-2.00189112835858,-0.330294794335551,0.129081680559203,0.111906275604911,-0.00372160746870311,-2.56435232304421,-2.37373100169554,-0.445976446680237,0.219141966380041,15.2526830149554,10.4424140870326,-2.21407577602169,-6.98660435800264,-17.2285427630004,-0.977321067988341,7.19484316441567,-5.88180091273927,-2.81,0.0858816212208511,0.107321445746651,18.3776953834848,18.2543341843906,0.169777841363121,1.11052423193902,175.217010498047,-7.19692590384802,-15.4857263999438,-175.217010498047,4.28841590881348,18.4289703369141,7.40000009536743,15.9340000152588,35.1800003051758,991.186398850274
1,-0.0268163869160502,-0.451127033759896,0.481,0.313880656236471,-1.67466809610652,-10.7142877007862,-2.46397106123996,-0.551469329321913,0.236379583076101,0.0643412074166567,-0.0165460760452023,-2.55975473779012,-2.57822518365102,-0.597673322699254,0.294384572615131,15.1784647459695,10.5865569531274,-2.16506640304979,-6.81721380611643,-17.2963784056207,-1.22856935796669,7.19493586504733,-5.8817570061354,-2.81,0.0645120928528621,0.105731169650085,18.381087195013,18.142073833392,0.169777548579641,1.11052417234593,175.212066650391,-7.57753808735691,-16.317451978742,-175.212066650391,4.29139566421509,18.4438152313232,8.85999965667725,15.8369998931885,35.1800003051758,991.170028843831
1.025,-0.0332029593592259,-0.4308602301476,0.481,0.312771642202145,-1.10853015682682,-9.39867159716191,-2.70513102975831,-0.767201534435547,0.349070083651461,0.0167761392284028,-0.0293705446217014,-2.55515715253603,-2.7827193656065,-0.749370198718269,0.369627178850221,15.1042589099372,10.6758742729858,-2.06123521372758,-6.69493534496449,-17.3052909705788,-1.43748546694422,7.19512723993804,-5.88166052531025,-2.81,0.0454804357538722,0.10231536029095,18.3817901611328,18.0365453262543,0.169777426586524,1.11052414751547,175.210006713867,-7.73612649608866,-16.6640043032018,-175.210006713867,4.29263734817505,18.4500007629395,8.85999965667725,15.8369998931885,35.1800003051758,991.168467098905
1.05,-0.0603406187356262,-0.340949950850065,0.481,0.206714140766214,-0.752219170941348,-7.51781701526043,-2.79102834063013,-0.904034348592513,0.454979755537618,-0.0998136392724541,-0.0673579371709177,-2.5343515066916,-2.85979792228019,-0.953344741927375,0.525942723032949,15.2478776112391,10.4441310086962,-1.1370669025461,-6.74846334849061,-17.2054377543054,-1.14092919666441,7.19531861482874,-5.8815640444851,-2.81,0.0328615606424029,0.0716010466018756,18.3817901611328,18.0400933640349,0.169777426586524,1.11052414751547,175.210006713867,-7.73612649608866,-16.6640043032018,-175.210006713867,4.29263734817505,18.4500007629395,8.85999965667725,15.8369998931885,35.1800003051758,991.177482683634
1.075,-0.0788574211129665,-0.266393115203445,0.481,0.134378358990458,-0.250883198407517,-5.09889324501806,-2.79395675809098,-1.01468016984359,0.53619702009703,-0.171099584587477,-0.093501436267015,-2.51605566704893,-2.71967702844878,-1.05119869153115,0.588366763014759,15.3068862691349,10.3017812366111,-0.788430459838685,-6.68052029811281,-17.1822567524526,-1.09077400616452,7.19550998971945,-5.88146756365995,-2.81,0.0122273438209711,0.0564063111586389,18.3866351068634,17.9779807224352,0.169777426586524,1.11052414751547,175.210006713867,-7.73612649608866,-16.6640043032018,-175.210006713867,4.29263734817505,18.4500007629395,8.85999965667725,15.8369998931885,35.1800003051758,991.186498268363
1.1,-0.0995906893284835,-0.193373433896161,0.481,0.161258761657973,0.0181787002983528,-2.69168835461834,-2.7348429005923,-1.08721287846081,0.598520758572407,-0.241004347366898,-0.117770683461328,-2.49587676434334,-2.61963508856058,-1.0860027526593,0.617312747806192,15.3541351216853,10.1511227113845,-0.580284272677918,-6.60942657704801,-17.1492764374528,-1.16158747759722,7.19548366248473,-5.88147941726676,-2.81,-0.0154895173880381,0.043628175186761,18.3928276533933,17.8956994904833,0.169777426586524,1.11052414751547,175.210006713867,-7.73612649608866,-16.6640043032018,-175.210006713867,4.29263734817505,18.4500007629395,9.19999980926514,15.8879995346069,35.1800003051758,991.195513853093
1.125,-0.110441710586038,-0.149445248176924,0.481,0.0207107240656897,0.620266268242609,-0.247890838215794,-2.5899297200415,-1.10439520200785,0.620008121286928,-0.306490450834037,-0.13928857149068,-2.47437717170494,-2.388652172764,-0.973985227608163,0.609082773695737,15.618432058093,9.64032081562537,0.0790141186556459,-6.75701768579731,-17.053265610521,-0.637410874740984,7.19542627832652,-5.88150672563388,-2.81,-0.0150917403948234,0.0130572424812377,18.3942394256592,18.0055278362303,0.169777267995472,1.11052411570369,175.212692260742,-7.93930353061991,-17.1145223250312,-175.212692260742,4.29186534881592,18.4365978240967,9.19999980926514,15.8879995346069,35.1800003051758,991.20348240174
1.15,-0.14587347026436,-0.0208832074082411,0.481,-0.114092637987005,0.952426827030374,1.48397796558928,-2.30376313686518,-0.982875577307693,0.609538746557733,-0.363339309268242,-0.153921597661466,-2.45404644015903,-2.02293035883204,-0.749602645093839,0.577935344721185,15.8611403473518,9.21244256903775,0.578265836557164,-6.84119764027482,-17.0265864146737,-0.269504163760652,7.19536889416831,-5.88153403400099,-2.81,-0.0180380178427503,-0.010591642991683,18.3942394256592,18.1022515654196,0.169776975211992,1.11052405697426,175.217636108398,-8.31439959447901,-17.9462479038294,-175.217636108398,4.29044055938721,18.4118576049805,9.19999980926514,15.8879995346069,35.1800003051758,991.210564996778
1.175,-0.150553273393056,-0.0167680057906098,0.481,-0.312518179008126,1.3470490025024,2.45455948399601,-1.95533958224668,-0.723675900336969,0.572009199617326,-0.400087752168837,-0.156802463227362,-2.44011253302518,-1.61869584002218,-0.407062692030681,0.527065981444316,16.0595470867826,8.88372062275182,0.957392265705626,-6.90377363482354,-17.031809649178,-0.0389147710840171,7.19531151001009,-5.88156134236811,-2.81,-0.015923559680765,-0.0279738024224873,18.4232855187249,18.1876648465575,0.169776682428512,1.11052399824483,175.222579956055,-8.68949565975628,-18.7779734826276,-175.222579956055,4.28901529312134,18.3871154785156,9.19999980926514,15.8879995346069,35.1800003051758,991.217647591817
1.2,-0.150711976839906,-0.0178911922258766,0.482005280157414,-0.507712559987326,1.4748269919782,2.70112213450815,-1.55815837608463,-0.384104982561205,0.5122704679039,-0.425824935475448,-0.15198595671294,-2.43131147208427,-1.20669281753225,-0.0914679914088506,0.472420934427806,16.2107712722768,8.68231596398486,1.16374351847261,-6.96984246732275,-17.0571231266354,-0.0431432594172887,7.19525412585188,-5.88158865073522,-2.81,-0.0170009754579449,-0.0382180894073447,18.461420865403,18.2537127330006,0.169776389645031,1.11052393951541,175.227523803711,-9.06459172361538,-19.6096990615047,-175.227523803711,4.28759002685547,18.3623714447021,8.43000030517578,15.8369998931885,35.1800003051758,991.224730186856
1.225,-0.150711976839906,-0.0178911922258766,0.485250201989878,-0.486961601177379,1.78221703282375,1.91434556342061,-1.13307481594151,-0.0216092442869836,0.451022294345234,-0.451562118782059,-0.147169450198517,-2.42251041114336,-0.794689795042329,0.22412670921298,0.417775887411296,16.3681040233569,8.47382250858425,1.37535099819748,-7.03633423293608,-17.0909616302164,-0.0334471455627292,7.19498479226586,-5.88173173961364,-2.81,-0.0178085690714022,-0.0484050819385986,18.4709053039551,18.3272071437778,0.169776243253291,1.11052391015069,175.229995727539,-9.25213975625401,-20.0255618508249,-175.229995727539,4.28687763214111,18.3500003814697,8.43000030517578,15.8369998931885,35.1787643432617,991.229819386276
1.25,-0.14030491205758,-0.026411532513432,0.488985494436476,-0.590219034878449,1.80475591439846,-0.080622605729142,-0.683466564462713,0.307728160402997,0.390578831308056,-0.462092787027359,-0.132833495736122,-2.41822528839111,-0.319917500019073,0.576104283332825,0.368438601493835,16.7303996592551,7.61252268601512,2.69210263955373,-7.2232232858918,-17.0701666060315,1.24042268193845,7.19469748687413,-5.88188464585686,-2.81,0.0493818536437106,-0.0937507536398818,18.4709053039551,18.6938496980287,0.169776243253291,1.11052391015069,175.229995727539,-9.25213975625401,-20.0255618508249,-175.229995727539,4.28687763214111,18.3500003814697,8.43000030517578,15.8369998931885,35.1762886047363,991.232915190077
1.275,-0.119328260401357,-0.0398095660478636,0.492720831310614,-0.509867868859986,1.80190790025741,-3.20851885351094,-0.241498012535198,0.639950884915575,0.346538806906596,-0.463075888103066,-0.124186318382508,-2.41868458665228,-0.181554922306391,0.672832575781519,0.356016299718348,16.8754617841507,7.30785481996283,3.13294836003244,-7.34872724303402,-17.0684706123213,1.63243278220846,7.1944101814824,-5.88203755210008,-2.81,0.0727813923773031,-0.109294987614398,18.4704399403838,18.8778796421531,0.169776243253291,1.11052391015069,175.229995727539,-9.25213975625401,-20.0255618508249,-175.229995727539,4.28687763214111,18.3500003814697,7.84999990463257,15.8830003738403,35.1738128662109,991.236010993879
1.3,-0.0986476095057054,-0.0458990604208394,0.496456114997865,-0.252041065373702,1.61237165148903,-7.02728522795046,0.0717552396796779,0.905362597343937,0.30758986427812,-0.457127551397708,-0.0877790818039028,-2.42335580934419,0.18732630206248,0.996187642252451,0.311066338770679,16.9541176047668,7.12067458424577,3.40681462194297,-7.52820928694738,-17.0621324748706,1.40078424504126,7.19417261242656,-5.88216264671665,-2.81,0.0932445187357511,-0.120408137386532,18.469811862277,18.9597193573041,0.169776243253291,1.11052391015069,175.229995727539,-9.25213975625401,-20.0255618508249,-175.229995727539,4.28687763214111,18.3500003814697,7.84999990463257,15.8830003738403,35.1713409423828,991.23910679768
1.325,-0.0889726477225626,-0.0473463834386432,0.500191451957783,0.150383830804253,1.53200777886692,-10.9119139835146,0.312179903572253,1.11033613840465,0.274121075459531,-0.442575892658111,-0.0509585444280346,-2.43022951211962,0.49439329780098,1.21410448552131,0.257288643833975,16.9745242164379,6.76736511109471,4.07985329059287,-7.67738384769001,-16.9972115361457,1.65211471902047,7.19395035661267,-5.88227917845538,-2.81,0.139131236333275,-0.14028634047459,18.4696426391602,19.0947314748805,0.169776108862939,1.11052388382681,175.209579467773,-9.4202664547408,-20.4073316608034,-175.209579467773,4.28917360305786,18.356803894043,7.84999990463257,15.8830003738403,35.1699981689453,991.235454126732
1.35,-0.049774107378516,-0.0529634221062004,0.503926736002572,0.811066503389041,1.40705340749564,-14.84239193344,0.490711635823337,1.21025528230294,0.231395658897774,-0.427195351750418,-0.0181515225524899,-2.43814717686335,0.560901151559371,1.24254933932999,0.213800870708089,16.9541962413875,6.54738842146648,4.47789283116874,-7.8539331483222,-16.9082983302104,1.67026082357016,7.19372810079878,-5.88239571019412,-2.81,0.170676405482535,-0.152897119892131,18.4696426391602,19.1852905816304,0.169775815647624,1.11052382639288,175.165054321289,-9.78708834196155,-21.2402839734909,-175.165054321289,4.29418277740479,18.3716506958008,7.84999990463257,15.8830003738403,35.1699981689453,991.223825985623
1.375,-0.0253408444409556,-0.0542807720314458,0.507662054704122,1.61806312023894,1.40220815435903,-18.0737308654352,0.587544845419392,1.18456101949403,0.192988527277076,-0.413930131374049,0.004333187626866,-2.4432367093266,0.682738804615954,1.08797010154979,0.180446257736755,16.8986524812272,6.46740820441612,4.66026988052966,-7.93581674162458,-16.8403582073614,1.59219597233296,7.19350584498489,-5.88251224193286,-2.81,0.189356871940429,-0.158287368972821,18.4295744502667,19.1924495443019,0.16977552243231,1.11052376895895,175.120513916016,-10.1539102291823,-22.0732362861783,-175.120513916016,4.29919242858887,18.38649559021,7.84999990463257,15.8830003738403,35.1699981689453,991.212197844515
1.4,-0.00743723778149397,0.463162055176359,0.511397391738843,2.37804954111634,1.42821087775172,-20.9215787675023,0.721026883355833,1.01881590727291,0.143782116496218,-0.403431878423941,0.0161904679697152,-2.44598715468234,0.754717260158093,0.992901856012315,0.148132886827153,16.8358548893549,6.39839398544373,4.74047067085506,-7.98173336809022,-16.7531520962082,1.57522852680009,7.19363322844902,-5.88245545033514,-2.81,0.20048033314103,-0.162849741938457,18.3739402023787,19.1753494397942,0.169775229216996,1.11052371152502,175.075973510742,-10.5207321149849,-22.9061885988658,-175.075973510742,4.30420160293579,18.4013404846191,10.8800001144409,15.8590002059937,35.1699981689453,991.200569703407
1.425,-0.00470958034335839,0.465847568341364,0.515132701941716,2.79444672012047,1.42813922593762,-22.3054834832242,0.767537512021975,0.782009236191275,0.0832388874872127,-0.3778264615202,0.0377397453964236,-2.45183832372952,0.788068486339398,0.611374957298799,0.0600502353429671,16.7605271893809,6.35566223405061,4.73232514397644,-8.10962164666376,-16.610900219189,1.42008662543233,7.19381102605468,-5.88237366741704,-2.81,0.215613147032967,-0.166610203853053,18.3577976226807,19.1622015018934,0.169775058174729,1.1105236780219,175.050003051758,-10.7347115495515,-23.3920774479795,-175.050003051758,4.30712366104126,18.4099998474121,10.8800001144409,15.8590002059937,35.1699981689453,991.189375729905
1.45,0.00784941328820371,0.46438999812422,0.518868047856414,2.9832035593084,1.46310370218199,-22.2815012791557,0.805184165127848,0.484348241420576,0.0162422138131466,-0.356320699514796,0.0446853587064857,-2.45505362924045,0.871076791217967,0.318281831383218,-0.0170846975343408,16.6845427065304,6.36227449741507,4.61206111213704,-8.16507012882604,-16.480823726738,1.35561384181607,7.19398882366033,-5.88229188449895,-2.81,0.221505923828239,-0.167251192759561,18.3577976226807,19.1201963325704,0.169775058174729,1.1105236780219,175.050003051758,-10.7347115495515,-23.3920774479795,-175.050003051758,4.30712366104126,18.4099998474121,10.8800001144409,15.8590002059937,35.1699981689453,991.178789591052
1.475,0.0123278101982838,0.464382869578113,0.519436707860877,2.93227682225574,1.83885939580918,-20.9901744708439,0.876167982613013,0.175886198033898,-0.0561565030871998,-0.33769366022305,0.0463075918005483,-2.45715706935627,0.972820107259468,0.082880303407916,-0.0848081514339356,16.6106982774961,6.37336918067457,4.47574513110998,-8.19208480159428,-16.3603497154408,1.34019783979919,7.19416662126598,-5.88221010158086,-2.81,0.224598468594723,-0.167335006954726,18.325759769715,19.0722910192899,0.169775058174729,1.1105236780219,175.050003051758,-10.7347115495515,-23.3920774479795,-175.050003051758,4.30712366104126,18.4099998474121,10.8800001144409,15.8590002059937,35.1699981689453,991.168203452199
1.5,0.00725951424422921,0.458042952605192,0.51579476184543,2.6353781494881,2.44849096960081,-19.1435212507279,1.18893250497814,-0.0808198210877623,-0.141806965902989,-0.293243176986737,0.0384980051943098,-2.46184368694929,1.4375844314418,-0.212561955439725,-0.2137152716406,16.5874855900227,6.41113442934435,4.09712862828827,-8.35052562535815,-16.1635470234492,1.42907496936276,7.19437559242775,-5.88210060825953,-2.81,0.226022137210591,-0.164518955275648,18.2799575058455,19.1133945403483,0.169775058174729,1.1105236780219,175.050003051758,-10.7347115495515,-23.3920774479795,-175.050003051758,4.30712366104126,18.4099998474121,15.8100004196167,15.6389999389648,35.1699981689453,991.157617313346
1.525,0.000996459999623778,0.453178508827198,0.512152841746973,1.93578911505149,2.55444249684087,-16.9791955525681,1.63665285836602,-0.261309811961677,-0.245770732166968,-0.272142112255096,0.0340526066720486,-2.4640474319458,1.67223882675171,-0.33598318696022,-0.272842109203339,16.5789069256008,6.69234981556724,3.19431057486984,-8.36409727799495,-16.10544216671,0.712692282391341,7.19459414997502,-5.88198259352964,-2.81,0.188918562504949,-0.150367368472797,18.265718460083,18.9473313559366,0.169774948704799,1.11052365567449,175.024948120117,-10.8774411185446,-23.7030544896513,-175.024948120117,4.30260562896729,18.4072151184082,15.8100004196167,15.6389999389648,35.1699981689453,991.154942463354
1.55,-0.00856675289473871,0.428226110081944,0.508510904325754,1.50778878257043,2.56186243258889,-14.7671069095793,2.20118477952065,-0.381327428483589,-0.372871866451422,-0.221966096318563,0.0221976845934755,-2.47096451287671,2.18097751298299,-0.440895614326124,-0.394555434008704,16.5789340153239,6.61843960981697,3.16803054477161,-8.5679139689604,-15.9277156949329,1.26488594258314,7.1948127075223,-5.88186457879976,-2.81,0.210513725105839,-0.150398624777621,18.265718460083,19.1307964384673,0.169774656784987,1.11052359608139,174.958160400391,-11.2580533006354,-24.5323266005922,-174.958160400391,4.29055786132812,18.3997936248779,15.8100004196167,15.6389999389648,35.1699981689453,991.165453094797
1.575,-0.0145643961906664,0.388607963885511,0.504868975503996,1.15265808408087,1.88712862500002,-13.0072613819285,2.64955389909207,-0.464402196635145,-0.511240577410279,-0.147831378170863,0.00545439222354104,-2.48428803432081,2.62066908268704,-0.523700092611124,-0.552628624260243,16.5769104739951,6.67795114964098,2.90372328433766,-8.83399102940029,-15.7018610874378,1.79798838014204,7.19503126506957,-5.88174656406987,-2.81,0.229544287724788,-0.139498893683101,18.2946993100274,19.3545282009198,0.169774364865175,1.11052353648829,174.891326904297,-11.6386654855624,-25.3615987116908,-174.891326904297,4.27850914001465,18.392370223999,15.8100004196167,15.6389999389648,35.1699981689453,991.17596372624
1.6,-0.0323987087203376,0.251866423519085,0.50122704706062,1.00274581736265,1.34485106641624,-11.1155589328383,2.87022657325006,-0.56370842261842,-0.646302748930899,-0.0485267084762138,-0.0188656979727662,-2.50792282455262,2.86380751084917,-0.674623769769487,-0.737866094211505,16.5097869143853,7.05551737837463,2.00406658572376,-9.04672477572136,-15.5126760178842,1.97061561738436,7.19499231406178,-5.88176062672865,-2.81,0.225471432023612,-0.106376677817417,18.3373962874265,19.4782491763846,0.169774072945363,1.11052347689519,174.824523925781,-12.0192776690713,-26.1908708227105,-174.824523925781,4.26646089553833,18.3849487304688,16.4599990844727,15.5869998931885,35.1699981689453,991.186474357684
1.625,-0.0411689185502732,0.24031794555096,0.497585065980038,0.829313453733471,0.720191016537595,-8.97003070311222,2.93652526103459,-0.6621379580213,-0.768604950302981,-0.00748929753899574,-0.0292014647275209,-2.51856327056885,2.91209363937378,-0.743029892444611,-0.810415267944336,16.2621012114573,7.76373466818621,0.320597513826232,-8.66343764026367,-15.7872025571083,0.737141946740997,7.19488452886642,-5.88180999477658,-2.81,0.158189672615508,-0.0647510181173009,18.3515548706055,19.03116916598,0.169773878332155,1.11052343716646,174.779998779297,-12.2730191247439,-26.7437188966974,-174.779998779297,4.25842905044556,18.3799991607666,16.4599990844727,15.5869998931885,35.1699981689453,991.195666126369
1.65,-0.063510410459309,0.11882206935415,0.493943119942895,0.522194045003638,0.264497271292091,-6.85902161345792,2.83423703543003,-0.710244417414593,-0.865152956463666,0.111612500118896,-0.0572262216243042,-2.56053670247396,2.67912944403525,-0.719259414209398,-0.949375952845394,16.0799583885769,8.13705284954322,-0.602824780693276,-8.92873242225592,-15.6177366697905,1.22642864271772,7.19477674367105,-5.88185936282451,-2.81,0.157160116944608,-0.0196699627141241,18.3515548706055,19.2625961632325,0.169773878332155,1.11052343716646,174.779998779297,-12.2730191247439,-26.7437188966974,-174.779998779297,4.25842905044556,18.3799991607666,16.4599990844727,15.5869998931885,35.1699981689453,991.202220169539
1.675,-0.0750448827444556,0.0460182748554395,0.490301217219657,0.25345046309135,-0.266740081410719,-4.61392673428382,2.67555492043273,-0.660781102786577,-0.928987659640595,0.171012120909278,-0.0670980089468484,-2.58683929071687,2.42150653716914,-0.61175958650402,-0.961384622111556,15.9225185533767,8.4347828520981,-1.25927705484037,-9.00212545234774,-15.6085844945017,1.26165168082074,7.19466895847569,-5.88190873087244,-2.81,0.14539415779655,0.0111877583446172,18.3743116880201,19.3267358342578,0.169773878332155,1.11052343716646,174.779998779297,-12.2730191247439,-26.7437188966974,-174.779998779297,4.25842905044556,18.3799991607666,16.4599990844727,15.5869998931885,35.1699981689453,991.208774212709
1.7,-0.0849307613292688,-0.25989760417868,0.486659262390707,0.135054922454734,-0.840465623626577,-2.53351738228417,2.43398636752374,-0.565062926796453,-0.945955749929027,0.218670640102569,-0.0708663806624098,-2.61017429784762,2.08564348304264,-0.443156267391745,-0.927313542344221,15.8735962553784,8.57779510122827,-1.53034175059289,-9.21613713216916,-15.5156199303125,1.48994204255321,7.19456117328033,-5.88195809892038,-2.81,0.14793562147728,0.032157991431363,18.4088948829887,19.5091763209886,0.169773878332155,1.11052343716646,174.779998779297,-12.2730191247439,-26.7437188966974,-174.779998779297,4.25842905044556,18.3799991607666,10.8800001144409,15.7869997024536,35.1699981689453,991.21532825588
1.725,-0.0849307613292688,-0.25989760417868,0.483017333726587,-0.0646847476544249,-1.33344122539811,-1.7290335300081,2.07098791953623,-0.413547242212493,-0.920939557394573,0.266329159295861,-0.0746347523779713,-2.63350930497837,1.74978042891614,-0.274552948279466,-0.893242462576884,15.8281272638227,8.75431364533979,-1.83594873325958,-9.41155593604589,-15.4606401548531,1.71159244469354,7.19445749878273,-5.88200439601049,-2.81,0.147735456351887,0.0553730130785178,18.4210796356201,19.6965667930783,0.169773793818634,1.11052341839968,174.776382446289,-12.392879784804,-26.9838009421136,-174.776382446289,4.25764799118042,18.4009265899658,10.8800001144409,15.7869997024536,35.1699981689453,991.22300547177
1.75,-0.0858913286771755,-0.2563944409934,0.479375404955999,-0.199094311590558,-1.74133161167648,-1.70929893180534,1.62966326947579,-0.157503008286341,-0.870114633980896,0.302554279565811,-0.0682788789272308,-2.65412616729736,1.21345674991608,0.0698942542076111,-0.8331658244133,15.3014816153941,9.42983612654906,-2.95814438818308,-8.85949472971241,-15.8825813983771,1.02991673414731,7.1943541357861,-5.88205046038918,-2.81,0.106270241946836,0.104563329185473,18.4210796356201,19.2997834952392,0.169773504057992,1.1105233540564,174.764022827148,-12.8038306207141,-27.8069393836871,-174.764022827148,4.25497055053711,18.4726810455322,10.8800001144409,15.7869997024536,35.1699981689453,991.23341039284
1.775,-0.0787476518493239,-0.246722546036846,0.475733467534779,-0.285895248631039,-2.33784134996905,-2.71319291651293,1.05348941111703,0.134166372023906,-0.811099575416795,0.30804827390638,-0.0635213791816368,-2.65996516507684,0.973480263833523,0.152800578697001,-0.800775760789306,15.224522129203,9.74520281662148,-3.08732609580463,-8.72937678330571,-16.0973874382733,0.979149150394619,7.19425077278947,-5.88209652476787,-2.81,0.102291165746681,0.123769817675523,18.393411493793,19.2943446189995,0.16977321429735,1.11052328971313,174.751647949219,-13.2147814566241,-28.6300778252607,-174.751647949219,4.2522931098938,18.54443359375,6.84000015258789,15.8579998016357,35.1699981689453,991.243815313909
1.8,-0.0652837927468277,-0.237706936195715,0.475380039455977,-0.153231071116405,-2.63456234152245,-4.7343870025123,0.365957254533979,0.3385559792858,-0.73515393657446,0.309248482743321,-0.0429165318246049,-2.67869370679763,-0.0173346124479752,0.348222860845071,-0.687780404972901,15.172752093622,10.0385612380708,-3.21974758650772,-8.85636915944785,-16.2021028015454,0.639126329894798,7.19350054569713,-5.88245793595525,-2.81,0.0980269404925651,0.14332760855545,18.349997254991,19.3904579663196,0.169772924536708,1.11052322536986,174.739288330078,-13.625732291116,-29.4532162667554,-174.739288330078,4.24961566925049,18.6161842346191,6.84000015258789,15.8579998016357,35.1699981689453,991.254220234979
1.825,-0.0600414613565839,-0.233101941894938,0.481089609341239,-0.0744587497277639,-2.72208062595341,-6.85917723519004,-0.366393955803766,0.387267604422716,-0.667386021001762,0.291800004486065,-0.0247360876669878,-2.6929236886985,-0.847020700795519,0.421955893939131,-0.59045347551903,14.9506581830137,10.6424632829117,-3.04679243570359,-8.66220573145639,-16.4550853401009,0.513329616932749,7.19272838147348,-5.88283004151321,-2.81,0.103748982926033,0.17447873210398,18.3338012695312,19.3441473724391,0.169772707216227,1.1105231771124,174.729995727539,-13.9339454184031,-30.0705700979158,-174.729995727539,4.24760770797729,18.6700000762939,6.84000015258789,15.8579998016357,35.1693801879883,991.259407594032
1.85,-0.0402320409985354,-0.215835967020092,0.487564251139139,0.0292405891652732,-2.68244967382684,-8.99660732793221,-0.990548200862237,0.387616637719693,-0.5925679503911,0.255359393428652,-0.00925115411907498,-2.70230080851535,-1.37204125699339,0.428260268806172,-0.510907303295424,14.7877395574612,11.129802677662,-2.7387646355922,-8.50755139298494,-16.660829945922,0.298153317867503,7.19195621724982,-5.88320214707118,-2.81,0.109110399108414,0.193943767236102,18.3338012695312,19.2948805962036,0.169772707216227,1.1105231771124,174.729995727539,-13.9339454184031,-30.0705700979158,-174.729995727539,4.24760770797729,18.6700000762939,6.84000015258789,15.8579998016357,35.1669044494629,991.248942267035
1.875,-0.0289765173789287,-0.207124909640636,0.494038738752413,0.216248655738843,-2.37253404071425,-11.2675663967898,-1.4330748306042,0.39288169974849,-0.511372352337757,0.220488234738295,0.00195056679440091,-2.70887130619931,-1.62966635047613,0.43980787745294,-0.426488475104368,14.6757318774153,11.4815559917118,-2.37758778588512,-8.40714874253462,-16.7973100195642,0.162431326208707,7.1915636500993,-5.88338949285285,-2.81,0.116901306091741,0.206109434219041,18.347677132518,19.2683376958291,0.169772707216227,1.1105231771124,174.729995727539,-13.9339454184031,-30.0705700979158,-174.729995727539,4.24760770797729,18.6700000762939,6.84000015258789,15.8579998016357,35.1644325256348,991.238476940037
1.9,-0.017074372025314,-0.202221812344177,0.50051328824413,0.498726214632302,-2.25826704765514,-12.810244973853,-1.72431185551723,0.375918998101739,-0.418045922937445,0.193196894232603,0.00923955730033224,-2.71215884971395,-1.81068028152729,0.417794756235612,-0.371685038799629,14.6008169315253,11.6712151097647,-2.17039379660209,-8.3329765264949,-16.8722449235417,-0.024080854449839,7.19137154472227,-5.88347926867141,-2.81,0.118720397609691,0.211199083191206,18.3701816834125,19.2228951809945,0.169772707216227,1.1105231771124,174.729995727539,-13.9339454184031,-30.0705700979158,-174.729995727539,4.24760770797729,18.6700000762939,6.90000009536743,15.9259996414185,35.1619567871094,991.22801161304
1.925,-0.00884009728647391,-0.197797286838769,0.503297446233075,0.87459379219927,-2.13310050920977,-14.5623550329125,-1.90436980434787,0.287372329853483,-0.305934262558157,0.126090928531086,0.0193417520413086,-2.71818983095266,-1.99395740976447,0.22486499657113,-0.219080880537773,14.4877450369986,11.8911150209027,-1.75502847298612,-8.26407888824681,-16.9056786494065,-0.525858507818036,7.19117943934524,-5.88356904448997,-2.81,0.115664127890836,0.210865149498925,18.3790435791016,19.119864342398,0.169772647479184,1.11052316343766,174.721755981445,-14.0212839629795,-30.2402682863481,-174.721755981445,4.2466721534729,18.6509265899658,6.90000009536743,15.9259996414185,35.1599998474121,991.21854361308
1.95,-0.00633483607854715,-0.173635931222461,0.500768791956252,1.22062992805154,-2.13129333336032,-15.74543785186,-1.9978733600239,0.0978611509371046,-0.183907317292067,0.0770155756236214,0.0197234669617775,-2.720133424779,-2.08455994001797,0.0222926971848679,-0.0994451146656981,14.368752632387,12.0237263421028,-1.34574525955705,-8.15474438028956,-16.9071664900439,-0.699959308959025,7.1909873339682,-5.88365882030853,-2.81,0.11731529596624,0.209837517980397,18.3790435791016,19.0121401980035,0.16977236074138,1.11052309779889,174.682159423828,-14.4405089755279,-31.0548195906181,-174.682159423828,4.24218130111694,18.5593814849854,6.90000009536743,15.9259996414185,35.1599998474121,991.212865455863
1.975,-0.00383759164930811,-0.14955189139269,0.497771812179839,1.46162667902442,-2.06040760189096,-16.4357224001936,-2.07986554170219,-0.141164943858416,-0.0489311025272002,0.0359782914123128,0.017137767318762,-2.7207149545171,-2.14866984925641,-0.170501187023375,0.00366227271377448,14.2414768644165,12.1314227602454,-0.952713864306875,-8.02142908149975,-16.9108921096755,-0.759703047340597,7.19079522859117,-5.88374859612709,-2.81,0.120658072648516,0.209586347180449,18.3803771746527,18.9000894210318,0.169772074003577,1.11052303216011,174.642578125,-14.8597339894945,-31.8693708949669,-174.642578125,4.23768997192383,18.4678344726562,6.90000009536743,15.9259996414185,35.1599998474121,991.207187298647
2,-0.0140941047181068,-0.0655755180727756,0.496130287775765,1.45126426910389,-1.73036626196495,-16.2976376210978,-2.09599901110858,-0.366104161819991,0.0883513165602159,-0.0274503538552034,0.00336662734570351,-2.71576277645664,-2.05573805666674,-0.421282891776535,0.172721878012806,14.1589957126741,12.1384472574746,-0.456170697309457,-7.88500289504538,-16.8864918233938,-0.836825168527574,7.19064506275835,-5.88382124684847,-2.81,0.116509116528156,0.200372252219374,18.3826152958821,18.7677206948304,0.169771787265773,1.11052296652134,174.602996826172,-15.2789590020429,-32.6839221992369,-174.602996826172,4.23319911956787,18.3762874603271,8.93000030517578,15.8959999084473,35.1599998474121,991.201509141431
2.025,-0.0192198929957284,-0.0434197657977266,0.495089738524095,1.36775049469269,-1.58559757406455,-15.2023881986233,-1.98528522653177,-0.543571264395898,0.22415146906199,-0.0862004086932756,-0.0142917992766012,-2.70722576845442,-1.90980443189704,-0.649228425044958,0.32553458605532,14.2061742957113,11.9234130144299,0.104024247902819,-7.89464852175604,-16.767541197905,-0.719773555675987,7.19050717008057,-5.88388888609496,-2.81,0.115683847523526,0.18015488679258,18.3835430145264,18.7185698299809,0.169771548317603,1.11052291182236,174.570007324219,-15.6283131803483,-33.3627149528872,-174.570007324219,4.22945642471313,18.2999992370605,8.93000030517578,15.8959999084473,35.1599998474121,991.19633688386
2.05,-0.041591918812012,0.0384276562714324,0.494049184347008,1.211614311521,-1.3126260007243,-13.4449287966344,-1.88171652324334,-0.691834315105549,0.348716115544014,-0.0998117017344094,-0.0203755801890857,-2.70339120697518,-1.84475496866497,-0.696041754620505,0.357630626484912,14.2635325888708,11.6992100214835,0.384651058331114,-7.97195984513574,-16.6335010344595,-0.492273340139444,7.19036927740279,-5.88395652534144,-2.81,0.122850021627795,0.165739367002844,18.3835430145264,18.730210581932,0.169771548317603,1.11052291182236,174.570007324219,-15.6283131803483,-33.3627149528872,-174.570007324219,4.22945642471313,18.2999992370605,8.93000030517578,15.8959999084473,35.1599998474121,991.193694124517
2.075,-0.047977149597421,0.0581347913111029,0.493008637558822,0.985583702500124,-0.928613937527534,-11.206457308889,-1.66529364601368,-0.84035005734857,0.449691919475073,-0.153138414638991,-0.0498740838058013,-2.68304624410562,-1.48213026640912,-0.851598641267555,0.474067014322938,14.2011597023273,11.6526774874709,0.449895458306756,-7.64986953854885,-16.6958468166836,-0.623241974226535,7.19023138472502,-5.88402416458792,-2.81,0.0956341332320836,0.15715073346054,18.3706272656156,18.490700774622,0.169771548317603,1.11052291182236,174.570007324219,-15.6283131803483,-33.3627149528872,-174.570007324219,4.22945642471313,18.2999992370605,8.93000030517578,15.8959999084473,35.1599998474121,991.191051365174
2.1,-0.0479831212601343,0.0581485112800568,0.491968080920957,0.721587160876926,-0.589924327751666,-8.90204709535908,-1.38320836138938,-0.928264257271338,0.530548034844795,-0.194506015789399,-0.0748184336168907,-2.66349295512975,-1.11219208370851,-0.90255639142526,0.563529542233113,14.3830748559831,11.2544387902207,0.589573539568979,-7.70768954313527,-16.5591912857478,-0.51724039174776,7.19017472721963,-5.88405128195713,-2.81,0.0776145647663145,0.13000048607,18.3481701526445,18.4705636226857,0.169771548317603,1.11052291182236,174.570007324219,-15.6283131803483,-33.3627149528872,-174.570007324219,4.22945642471313,18.2999992370605,10.8999996185303,15.7930002212524,35.1599998474121,991.188408605831
2.125,-0.0943302658659825,0.163121400055675,0.490927524209174,0.286436522422279,-0.0470989127703191,-6.5085909892536,-0.983041571218574,-0.875178048813374,0.588749980472228,-0.214263063758077,-0.0930541610957366,-2.64422251375697,-0.611772308826048,-0.777541927079805,0.609753918802692,14.7035623350388,10.6874375980992,0.739512060008361,-7.93517158625364,-16.369627694101,-0.176881015849272,7.19013996903379,-5.8840674754677,-2.81,0.0716813875049319,0.0946411547620381,18.3383960723877,18.5918083662615,0.169771512691295,1.11052290367149,174.567840576172,-15.6803715496161,-33.4639204989468,-174.567840576172,4.22986650466919,18.3061847686768,10.8999996185303,15.7930002212524,35.1599998474121,991.189550655404
2.15,-0.105627031721049,0.178541338352333,0.48988697747614,-0.121888196480507,0.143160592282854,-4.34245322294944,-0.48972596941607,-0.713297765363436,0.623467152656301,-0.21937095365332,-0.105036047418542,-2.6253916660402,-0.148226632128316,-0.56135678714269,0.635771310304142,14.9329266607353,10.2719681045948,0.828927524681495,-8.00808582375621,-16.2800996186344,0.14719403717444,7.19010521084796,-5.88408366897828,-2.81,0.0714293405008573,0.0687772893646937,18.3383960723877,18.649588599305,0.169771227680827,1.11052283846455,174.550521850586,-16.0968385037577,-34.2735648676598,-174.550521850586,4.2331485748291,18.3556690216064,10.8999996185303,15.7930002212524,35.1599998474121,991.217186367389
2.175,-0.11259393783854,0.177311330554038,0.488846418274483,-0.319647059326793,0.158356601601902,-2.60133572451211,-0.0612086650851095,-0.515179601197581,0.644687131090251,-0.219537317752838,-0.109857559204102,-2.61330461502075,0.0908000096678734,-0.434079855680466,0.645735859870911,15.1767431391208,9.86485532660879,0.897747962050722,-8.19752413263828,-16.158461971371,0.399448549515852,7.19007045266212,-5.88409986248885,-2.81,0.0736616122038685,0.0445801034577993,18.3269488295329,18.778741807107,0.16977094267036,1.11052277325761,174.533203125,-16.5133054578994,-35.0832092364517,-174.533203125,4.23643064498901,18.4051551818848,9.56999969482422,15.8070001602173,35.1599998474121,991.244822079373
2.2,-0.114853260881303,0.190924980085055,0.487805854220229,-0.45509358859642,0.187306411886027,-2.43102470433911,0.253386091159982,-0.292270622916855,0.664992585450797,-0.211529711452056,-0.108063916170899,-2.60417963222266,0.275463068179806,-0.275275970261063,0.65573412904797,15.2992717680985,9.66915369168766,0.953568389924257,-8.22571749478733,-16.1398562910774,0.558706560902206,7.19003569447628,-5.88411605599942,-2.81,0.0807487598366761,0.0326113501130633,18.306300998963,18.8195068494144,0.169770657659892,1.11052270805067,174.515884399414,-16.9297724134593,-35.8928536050858,-174.515884399414,4.23971271514893,18.4546394348145,9.56999969482422,15.8070001602173,35.1599998474121,991.272457791358
2.225,-0.114854364683134,0.190937979166547,0.48676530496977,-0.702880379254579,0.540891938058946,-3.76218816003524,0.582405354496966,-0.0107774929305004,0.678431210003688,-0.197678031278164,-0.104961244946963,-2.58839509704902,0.594896058559224,-0.000574574041568937,0.673029288391602,15.3662853944569,9.58790677269488,1.01471122100953,-8.03740903994157,-16.2466064922428,0.726742993573725,7.18998323875806,-5.8841392450943,-2.81,0.0918037549949484,0.0260331775420794,18.2968864440918,18.7553393480422,0.169770396400297,1.11052264827764,174.5,-17.3115337876164,-36.6350276098117,-174.5,4.24272108078003,18.5,9.56999969482422,15.8070001602173,35.1599998474121,991.297790527344
2.25,-0.114854364683134,0.190937979166547,0.485724846593948,-0.724290283728497,0.313733890278952,-6.00302490762885,0.876526069051795,0.317612194778914,0.691428110883765,-0.183064189340659,-0.1010506887193,-2.57259987957082,0.904771934023218,0.279487773395561,0.690483796421413,15.4742360728443,9.46309927848422,1.06476402292139,-7.90929927052581,-16.3336789004268,0.888746895400785,7.18992918379626,-5.88416306634754,-2.81,0.10268514085212,0.0172899133032072,18.2968864440918,18.7312522186511,0.169770396400297,1.11052264827764,174.5,-17.3115337876164,-36.6350276098117,-174.5,4.24272108078003,18.5,9.56999969482422,15.8070001602173,35.1599998474121,991.297790527344
2.275,-0.0995353610069293,0.153717934358248,0.484866024023768,-0.383364197151536,0.583890351870802,-8.61927611034195,1.07732545154271,0.606861243071603,0.708827283286452,-0.154901213806791,-0.0829746350706001,-2.55634715744598,1.10126390970498,0.596196958682972,0.706921026425593,15.9620100391227,8.66450770358619,1.11410245719204,-8.45213309942286,-16.0772821920139,1.08771591312838,7.18987512883447,-5.88418688760078,-2.81,0.120230476071004,-0.026366330052815,18.2998707663153,19.072592970993,0.169770396400297,1.11052264827764,174.5,-17.3115337876164,-36.6350276098117,-174.5,4.24272108078003,18.5,8.19999980926514,15.871000289917,35.1599998474121,991.297790527344
2.3,-0.0657976316230908,0.0936875226732304,0.484424578390742,-0.0590798681602773,0.712928372040164,-11.4552117952736,1.35392912005199,0.768559174914929,0.697124288585216,-0.118823519669429,-0.061424571823857,-2.53975763823089,1.37383783340174,0.76605212050525,0.697230687183792,16.1630850691362,8.2980241134086,1.17638798715079,-8.54494028371432,-16.0339278970025,1.17624979347043,7.18993328813445,-5.88416195741298,-2.81,0.144065267085269,-0.0456485980928028,18.305462748734,19.1440377759359,0.169770396400297,1.11052264827764,174.5,-17.3115337876164,-36.6350276098117,-174.5,4.24272108078003,18.5,8.19999980926514,15.871000289917,35.1599998474121,991.297790527344
2.325,-0.0505188277321386,0.0594086622771717,0.48398313278861,0.241982737934779,0.600594275870129,-14.0366895442777,1.47104341646336,0.817583228245016,0.674043455210292,-0.0871167768712895,-0.0413095666574576,-2.52568459834619,1.44882245566985,0.800890268569044,0.67725484578405,16.3177087153226,8.0538570686922,1.02932829346104,-8.61020234038059,-16.033077420415,0.998294658626125,7.1899964234992,-5.88413486537583,-2.81,0.154588019775299,-0.0576570569594834,18.3081283569336,19.1611696973466,0.169770384452889,1.11052264554269,174.499282836914,-17.3290014965317,-36.6689672474666,-174.499282836914,4.24261522293091,18.5,8.19999980926514,15.871000289917,35.1599998474121,991.297911339199
2.35,-0.038059243721682,0.0247202107028289,0.483541682953963,0.540347735373622,0.717977876319176,-15.8756098003773,1.59523874326146,0.824133158350609,0.635293543144366,-0.0172536944809818,-0.00671031942004635,-2.5000945008141,1.56496236617192,0.780454253624366,0.593390413842405,16.5528649428652,7.57826218134828,0.935829429316914,-8.71374036872004,-15.9854573170224,0.915999661003027,7.19005955886396,-5.88410777333868,-2.81,0.187792973985229,-0.0774234030302185,18.3081283569336,19.2054989056284,0.169770097715085,1.11052257990392,174.481964111328,-17.7482265104983,-37.4835185518155,-174.481964111328,4.24006700515747,18.5,8.19999980926514,15.871000289917,35.1599998474121,991.300810823735
2.375,-0.0170240706227172,-0.0346467652451203,0.483100236284202,0.85712028309428,0.534116567792296,-17.4088536618615,1.59925699253784,0.774425992520196,0.574245936008605,0.0237856145633966,0.00983412434321708,-2.48572258719386,1.55942864047116,0.675596565414258,0.524027505562287,16.6833072805975,7.3896917728647,0.72287645496427,-8.73334085916247,-16.0203736629643,0.734317249290907,7.19014677110547,-5.88407719104888,-2.81,0.198153065044927,-0.082807277937747,18.3299924417869,19.2058363327787,0.169769810977281,1.11052251426514,174.464630126953,-18.1674515244648,-38.2980698561643,-174.464630126953,4.23751926422119,18.5,8.19999980926514,15.871000289917,35.1599998474121,991.303710308272
2.4,-0.00839794597816637,-0.0714873284612647,0.482658789614441,1.12647831618019,0.601882677437277,-18.6331431885474,1.51929704730722,0.679736630933779,0.506330090986844,0.0598034968626093,0.0218618757338324,-2.4743261677116,1.40087018919993,0.544187729259342,0.447086067863213,16.7555428172191,7.26774769286184,0.529352950552282,-8.70517630745258,-16.0534403400804,0.596275839410876,7.19025083911253,-5.8840441652993,-2.81,0.206610903130477,-0.0844357783377207,18.3726163647838,19.1750863837837,0.169769524239477,1.11052244862637,174.447311401367,-18.5866765370132,-39.1126211604343,-174.447311401367,4.23497104644775,18.5,7.98999977111816,15.923999786377,35.1599998474121,991.306609792808
2.425,-0.00137272161524645,-0.102572281849453,0.48221734294468,1.28449568429167,0.521935326125556,-19.27170048451,1.4151005309698,0.507562310448105,0.42557519316707,0.0921590287313659,0.0296556914150357,-2.46436172423729,1.26598989808447,0.364834424340595,0.367953662886448,16.7762702671549,7.23477189529666,0.372845062795941,-8.59930724167913,-16.114756847262,0.539174008348654,7.19035490711959,-5.88401113954971,-2.81,0.214963699674396,-0.081415829390985,18.3938179016113,19.1101688911239,0.169769237501674,1.11052238298759,174.429992675781,-19.0059015509798,-39.9271724647831,-174.429992675781,4.23242330551147,18.5,7.98999977111816,15.923999786377,35.1599998474121,991.309509277344
2.45,-5.74351943513213e-05,-0.129301898839804,0.481775896274919,1.3395090793246,0.401853981079778,-19.597425421172,1.23474924004538,0.317268371453884,0.348984206166275,0.113296797061962,0.031452324866283,-2.45823929198795,1.08046210108489,0.203789224508651,0.305939989722116,16.8082455779329,7.19499897833805,0.106682380079694,-8.54393331860549,-16.1599907846103,0.390399955351145,7.19045897512665,-5.88397811380012,-2.81,0.211256403244595,-0.080099050672471,18.3938179016113,19.0633181040951,0.169769237501674,1.11052238298759,174.429992675781,-19.0059015509798,-39.9271724647831,-174.429992675781,4.23242330551147,18.5,7.98999977111816,15.923999786377,35.1599998474121,991.309901915875
2.475,0.00125182841754723,-0.155909118628194,0.481334445395195,1.17143557340495,0.378276533237454,-18.8885519247243,0.958228147347879,0.104883873153524,0.272969177952929,0.131186902015174,0.0315127094628037,-2.45322916337278,0.880271305577982,0.0480444183066325,0.248882373813346,16.8394234665009,7.17174155028644,-0.20849373539615,-8.48200390971011,-16.2190916844395,0.200508836095078,7.19067476222789,-5.88389347515727,-2.81,0.203167490033936,-0.0782974062950231,18.4302382567494,19.0134779099242,0.169769237501674,1.11052238298759,174.429992675781,-19.0059015509798,-39.9271724647831,-174.429992675781,4.23242330551147,18.5,7.98999977111816,15.923999786377,35.1599998474121,991.310294554406
2.5,-0.00568353240974334,-0.188297319268071,0.481503436927155,1.17434022963415,0.406725003981759,-17.8743406272584,0.701872664775131,-0.0865445861652407,0.211608604696108,0.150420187810494,0.0237551905418085,-2.44844076911514,0.568288973100023,-0.197727581194011,0.179408881193881,16.8892682650617,7.13899695747562,-0.742636120679413,-8.41312858460449,-16.3088662389877,-0.0657108326069942,7.1909792428115,-5.88376786118004,-2.81,0.183105838950371,-0.0766086484012574,18.5042290835036,18.9658108266128,0.169769237501674,1.11052238298759,174.429992675781,-19.0059015509798,-39.9271724647831,-174.429992675781,4.23242330551147,18.5,7.63000011444092,15.9099998474121,35.1599998474121,991.310687192936
2.525,-0.0118559413370642,-0.208763712642479,0.482809866037782,0.858665058816488,0.505250287072339,-15.9001745119899,0.440293273387262,-0.271533633385781,0.163859194523355,0.157562762498856,0.0196715667843819,-2.44675445556641,0.437551885843277,-0.301043123006821,0.152358487248421,16.9200331550743,7.1353331177366,-1.50823792499413,-8.32573312624022,-16.4214396112676,-0.702688631179491,7.1912837233951,-5.88364224720281,-2.81,0.145683669132714,-0.0757945809546283,18.5425662994385,18.8749502357786,0.169769237501674,1.11052238298759,174.429992675781,-19.0059015509798,-39.9271724647831,-174.429992675781,4.23242330551147,18.5,7.63000011444092,15.9099998474121,35.1599998474121,991.311079831467
2.55,-0.0278611178581184,-0.219352050476825,0.484266641427911,0.601166078322302,0.519846224891404,-13.5398900355347,0.256353421527678,-0.454249298029368,0.123486806533705,0.162931710434648,-0.000743446304923795,-2.44677057954794,0.101606226805998,-0.579839387190181,0.098014482427891,16.8884945604906,7.20679863300995,-1.88270843042926,-8.2250201352042,-16.5104693032815,-0.676190247910955,7.19158820397871,-5.88351663322558,-2.81,0.126349987003658,-0.0712010146543022,18.5425662994385,18.8456116853097,0.169769237501674,1.11052238298759,174.429992675781,-19.0059015509798,-39.9271724647831,-174.429992675781,4.23242330551147,18.5,7.63000011444092,15.9099998474121,35.1599998474121,991.312369749718
2.575,-0.0415120442905414,-0.21996927552494,0.485723420308039,0.312450905247003,0.230946605830573,-10.6436437310653,-0.0246676331580139,-0.612619489928521,0.0896303899109659,0.152392084619483,-0.0175453088292348,-2.44834057506837,-0.191930456464775,-0.584862908578696,0.0747677995636051,16.8523487900878,7.27261148156997,-2.09081609232314,-8.17687747714749,-16.5516809876371,-0.666768808331247,7.1918875007591,-5.88339320917575,-2.81,0.108819588613259,-0.0702165224696145,18.5674537285087,18.8309516756626,0.169769237501674,1.11052238298759,174.429992675781,-19.0059015509798,-39.9271724647831,-174.429992675781,4.23242330551147,18.5,7.63000011444092,15.9099998474121,35.1599998474121,991.31369868013
2.6,-0.0456166115063192,-0.228214552557303,0.487180199134729,-0.267724320903909,0.310182400023178,-7.21717138690694,-0.284812709404524,-0.646544599124886,0.0662619262124307,0.140912980123863,-0.0330652742187308,-2.44988265162824,-0.476779522214934,-0.572548617348735,0.0548240997612786,16.8449501753627,7.32839256198157,-2.26926807343237,-8.16574190542407,-16.5979622524475,-0.659977077168631,7.19191219898488,-5.88338579085958,-2.81,0.0923268433561383,-0.0697476902838933,18.6202369571961,18.8489333096222,0.169769237501674,1.11052238298759,174.429992675781,-19.0059015509798,-39.9271724647831,-174.429992675781,4.23242330551147,18.5,7.09000015258789,15.9040002822876,35.1599998474121,991.315027610543
2.625,-0.0518372414873098,-0.222948134019663,0.488636967598301,-0.330664018694849,0.341686808589674,-4.94504268076312,-0.537738341137017,-0.559552440386664,0.0488055374728327,0.127090427718763,-0.046277193785176,-2.45119741351086,-0.695743636542851,-0.452388762611652,0.0338615015029313,16.8046185282698,7.51641732784391,-2.53826975151007,-8.04516724419336,-16.7329609009969,-0.786034450312442,7.19193689721067,-5.88337837254342,-2.81,0.0703042795944836,-0.0628125597607028,18.6486797332764,18.8143354972754,0.169769237501674,1.11052238298759,174.429992675781,-19.0059015509798,-39.9271724647831,-174.429992675781,4.23242330551147,18.5,7.09000015258789,15.9040002822876,35.1599998474121,991.316356540955
2.65,-0.0720122992610394,-0.199910822109647,0.490093742975553,-0.619776251751236,0.578867819755145,-3.21974891543461,-0.720100812606691,-0.413995374458902,0.025035293488136,0.112020571042181,-0.0515454261447335,-2.45185360390295,-0.768996182431495,-0.333198601805216,0.0179658339664643,16.8096759267632,7.66447731305391,-2.55728381766064,-7.98839193440793,-16.8335558519595,-0.816155285736615,7.19196159543645,-5.88337095422725,-2.81,0.0616589258897915,-0.057943329263429,18.6486797332764,18.8235251568398,0.169768973866991,1.11052232242287,174.423187255859,-19.3927193690947,-40.6760935059393,-174.423187255859,4.23388767242432,18.5362892150879,7.09000015258789,15.9040002822876,35.1577301025391,991.321603047479
2.675,-0.073621576691709,-0.184985495568253,0.491550507961729,-0.707024481592833,0.602656391676986,-2.78237585995284,-0.820744302392914,-0.228969765897132,0.00179861425673573,0.0851857298832045,-0.0549735647509752,-2.45281882608828,-0.882003052107025,-0.072764254228149,-0.0143618209855242,16.8415799007071,7.78148442313915,-2.3765628788007,-7.99843044584218,-16.8895917979169,-0.777922746237588,7.19198629366224,-5.88336353591109,-2.81,0.058167434586933,-0.0566592435900935,18.6522251896023,18.8683639789053,0.169768686265519,1.11052225635226,174.415771484375,-19.8147024400498,-41.4930982779089,-174.415771484375,4.23548555374146,18.5758762359619,7.09000015258789,15.9040002822876,35.1552581787109,991.327205697286
2.7,-0.0711142434857643,-0.164682705518398,0.491567749483387,-0.554569732684816,0.791081946423608,-3.25009871342745,-0.890084101070142,-0.0691286238864772,-0.0293737741286893,0.0627710385061174,-0.0514071195364915,-2.4539003446286,-0.851347514600442,0.0655811752379064,-0.0402027493427863,16.8918006789878,7.82635466631826,-2.31385780548105,-8.05729493888303,-16.915083049418,-0.947976362986404,7.19201099188803,-5.88335611759492,-2.81,0.0511294879596604,-0.0580267828950022,18.6600903973137,18.9131558047132,0.169768398664048,1.11052219028165,174.408340454102,-20.2366855138413,-42.3101030500362,-174.408340454102,4.23708343505859,18.6154632568359,6.65000009536743,15.9460000991821,35.1527862548828,991.332808347092
2.725,-0.0711142434857643,-0.164682705518398,0.487306388686182,-0.660619881605637,0.761454141212536,-4.15567811989579,-0.879511470150109,0.0937673590678233,-0.0628566723579105,0.0403563471290299,-0.0478406743220077,-2.45498186316892,-0.820691977093859,0.203926604703964,-0.0660436777000489,16.9433627949653,7.85107351385976,-2.23140373783285,-8.12976655399213,-16.9231244243366,-1.10037096429882,7.19184147171061,-5.88343869487123,-2.81,0.0450847664721448,-0.0602152815222225,18.6644916534424,18.9617816920867,0.169768111062576,1.11052212421105,174.400924682617,-20.6586685876328,-43.1271078221635,-174.400924682617,4.23868179321289,18.65505027771,6.65000009536743,15.9460000991821,35.1503105163574,991.338410996899
2.75,-0.0644760172516589,-0.135727905218197,0.481641168854474,-0.665053260695287,0.7721775168866,-5.71043712901981,-0.852632165110809,0.258753595276141,-0.089000507003795,0.0207867028805619,-0.0384358484025953,-2.45665275641386,-0.858697196612811,0.411562790557661,-0.0937110541283549,16.9624847846283,8.07654569748086,-1.30635106577943,-8.03537589391312,-17.0252756338807,-0.485548569366548,7.19165641196452,-5.88352847276636,-2.81,0.0853916185549248,-0.0510868975746097,18.6644916534424,19.0106316859755,0.169767818171137,1.110522059274,174.419479370117,-21.0734117529657,-43.9591400844144,-174.419479370117,4.24496459960938,18.7076282501221,6.65000009536743,15.9460000991821,35.1500015258789,991.3311698363
2.775,-0.0507346741985024,-0.0950092507017313,0.475975935598774,-0.508286034003042,0.779106373383229,-7.51691297490619,-0.790169262044223,0.408231316894208,-0.109737767654525,0.00535723567008972,-0.0298164077103138,-2.45830011367798,-0.702789545059204,0.464359521865845,-0.102446138858795,16.9865580102435,8.16809949717211,-0.860353527135356,-8.02630450780725,-17.0728925509083,-0.309816906925929,7.19147135221842,-5.8836182506615,-2.81,0.102200238874077,-0.0483088686556376,18.6680079293005,19.0533849221349,0.169767524523989,1.1105219944989,174.441757202148,-21.4871206472825,-44.7933191309911,-174.441757202148,4.25191736221313,18.7620620727539,6.03999996185303,15.956000328064,35.1500015258789,991.322093845643
2.8,-0.0394918298385897,-0.0872737026617861,0.470310675260337,-0.385055879602222,0.736077687109817,-9.26935226308534,-0.761036084941724,0.498070075318799,-0.130358131480995,-0.0101180297396775,-0.0174225456296819,-2.46080807294364,-0.642461005080074,0.505699653460488,-0.116129197745671,17.010336574405,8.18192983898666,-0.673093312261843,-8.08142383271961,-17.0654077097999,-0.459379370354098,7.19137281912017,-5.88366818201252,-2.81,0.10578153674235,-0.0495142481642975,18.6761843297899,19.0739359802912,0.16976723087684,1.11052192972379,174.464019775391,-21.9008295430175,-45.6274981775678,-174.464019775391,4.25887012481689,18.8164939880371,6.03999996185303,15.956000328064,35.1500015258789,991.313017854986
2.825,-0.0352080552992898,-0.0804408924379034,0.466115415131252,-0.116411701557736,0.891452610042643,-10.833308786931,-0.687250732735969,0.527408126234761,-0.145745488409486,-0.0323470828954295,0.000818991132902491,-2.46485556473281,-0.60268073882429,0.540545889524372,-0.133958041840105,16.9956839771385,8.24722532792302,-0.241119373690467,-8.09259085338997,-17.0635870636694,-0.521639543048507,7.19131291734459,-5.88370032318282,-2.81,0.119697611229656,-0.0487542863671828,18.68092918396,19.0741756200398,0.169766937229692,1.11052186494868,174.486297607422,-22.3145384373343,-46.4616772242233,-174.486297607422,4.2658224105835,18.8709278106689,6.03999996185303,15.956000328064,35.1500015258789,991.303941864328
2.85,-0.0182804818204934,-0.0527104042568195,0.466934925101244,0.0766561296660035,0.954767525781284,-12.4027011015035,-0.516348306634902,0.500727965579199,-0.153964783686739,-0.0406504968304908,0.0135441161635221,-2.46881792585975,-0.333307422057009,0.470977351971786,-0.139890280545861,16.9409533845915,8.34572168691386,0.195368325837266,-8.04534618111027,-17.08268502062,-0.373387398614763,7.191253015569,-5.88373246435313,-2.81,0.140119891676006,-0.04433295855318,18.68092918396,19.0658746037782,0.1697668882885,1.11052185415283,174.490005493164,-22.3834899201931,-46.6007070652669,-174.490005493164,4.26698112487793,18.8799991607666,6.03999996185303,15.956000328064,35.1500015258789,991.309866679083
2.875,-0.010829918817779,-0.0458909903431022,0.468755880847213,0.297173742947001,0.785033039100653,-13.8244341097612,-0.333983969610638,0.430808682436091,-0.155190473325162,-0.0490804028281354,0.0229017256208682,-2.47222863792149,-0.256096280239033,0.384653187645429,-0.141864822603067,16.8945520495154,8.34352590628665,0.38414323354625,-8.06253834566796,-17.0297731033518,-0.412532422398578,7.19119311379341,-5.88376460552343,-2.81,0.147199135275334,-0.0452691821264861,18.6833948302515,19.0435731851109,0.1697668882885,1.11052185415283,174.490005493164,-22.3834899201931,-46.6007070652669,-174.490005493164,4.26698112487793,18.8799991607666,6.03999996185303,15.956000328064,35.1500015258789,991.318791654921
2.9,-0.00406157178641785,-0.0479447689403964,0.470576871260144,0.394508800547222,0.770062739550944,-14.9380003352381,-0.192494205345723,0.336123926447689,-0.151753646192318,-0.0478046716110575,0.0265493764862719,-2.4742793983937,-0.141561628221963,0.331593810207503,-0.14517895339526,16.8406253248913,8.36671903958412,0.492584066501581,-8.03872856181632,-17.0030641143282,-0.354882680279195,7.19114143528114,-5.88379300813782,-2.81,0.154210297424153,-0.0437545271830185,18.6894184977738,19.01617025363,0.1697668882885,1.11052185415283,174.490005493164,-22.3834899201931,-46.6007070652669,-174.490005493164,4.26698112487793,18.8799991607666,5.96999979019165,15.951000213623,35.1500015258789,991.327716630759
2.925,-0.00208747583184008,-0.0524130480555607,0.472397822521587,0.458804002564812,0.72873550003458,-15.397243519526,-0.0171345646751004,0.23339886371631,-0.156099734152039,-0.0478008382232724,0.0329162177587745,-2.47979367454437,-0.0207832000368854,0.183659303806549,-0.159836727388453,16.7922514792286,8.37360368098958,0.536267031744681,-8.08778949062833,-16.9351162241451,-0.417169398748034,7.19108985710522,-5.88382136513613,-2.81,0.157369949821552,-0.0428555267415478,18.6930389404297,19.0079170471055,0.1697668882885,1.11052185415283,174.490005493164,-22.3834899201931,-46.6007070652669,-174.490005493164,4.26698112487793,18.8799991607666,5.96999979019165,15.951000213623,35.1500015258789,991.336641606596
2.95,-0.00113446865862467,-0.0533660552287761,0.474218799945666,0.502998077686661,0.563908087287343,-15.324870192397,0.079803810666024,0.117306727379123,-0.163857889662618,-0.0467192980047765,0.0337781861174029,-2.48390321038758,0.0316634325395684,0.0606902752330906,-0.17106136875442,16.7317191271794,8.42103749511235,0.514290992048659,-8.08050097981041,-16.9007856602091,-0.444680393502123,7.19103827892931,-5.88384972213444,-2.81,0.157130755859546,-0.0398382415814092,18.6930389404297,18.9786070520403,0.16976665376663,1.11052180492375,174.493927001953,-22.6979086792499,-47.2669257964145,-174.493927001953,4.26872444152832,18.8427829742432,5.96999979019165,15.951000213623,35.1500015258789,991.339182430936
2.975,-0.00017970128144696,-0.0543208226059538,0.476006975827997,0.505208601190272,0.425422478089433,-14.7759988966011,0.149540899708277,-0.00766714217237259,-0.173858171205846,-0.04526532315635,0.0329489302555202,-2.48742636589637,0.0646546298021067,-0.049994935521209,-0.180691996845568,16.6665091064642,8.48143684756407,0.477149969863472,-8.05226184525006,-16.8786229823425,-0.456217365169924,7.1909867007534,-5.88387807913274,-2.81,0.156131116430593,-0.036141962964323,18.6905690960048,18.9415240784347,0.169766357528477,1.11052174273965,174.498870849609,-23.0950692188718,-48.1084652464843,-174.498870849609,4.27092742919922,18.7957725524902,5.96999979019165,15.951000213623,35.1500015258789,991.340043215407
3,-0.00586978645469253,-0.0587428617925783,0.477,0.506155611884523,0.396184261951411,-13.9330715345782,0.168238031744764,-0.155773879184488,-0.18701190491757,-0.0409709064324355,0.0255568175172422,-2.49387756912891,0.121059341380994,-0.238049135057617,-0.197115561592779,16.5725698028274,8.60559047085476,0.297807779254564,-8.01527948800214,-16.8618318825014,-0.478400449945166,7.19107556987391,-5.88383271353548,-2.81,0.148247052770604,-0.0283207641665993,18.6842133630182,18.8993665598037,0.169766061290324,1.11052168055555,174.503814697266,-23.4922297584937,-48.9500046963965,-174.503814697266,4.2731294631958,18.7487640380859,6.30999994277954,15.9479999542236,35.1500015258789,991.340903999879
3.025,-0.00869071677728151,-0.0669787563980061,0.477,0.403688461390781,0.149260269701561,-12.3902048591424,0.179867589183915,-0.288540580964811,-0.203040182057916,-0.0391684733331203,0.022240437567234,-2.49641418457031,0.142958268523216,-0.310972094535828,-0.203488826751709,16.4475829640546,8.78908417221754,-0.0731489864841053,-7.85136982279378,-16.8973179061762,-0.782927968174417,7.19119543883799,-5.88377107572091,-2.81,0.129944587328113,-0.0182043992994088,18.6802616119385,18.7532931630498,0.169765765052172,1.11052161837144,174.508758544922,-23.8893902966975,-49.7915441463086,-174.508758544922,4.27533149719238,18.701753616333,6.30999994277954,15.9479999542236,35.1500015258789,991.341764784351
3.05,-0.0207663934766118,-0.0761793645013808,0.477,0.102658642411296,0.0987580003343094,-10.3242228584133,0.112712670108078,-0.362617150071731,-0.212497639528094,-0.0349391451873564,0.00702600236577528,-2.50519310653959,0.0918463063628216,-0.388721119400619,-0.218014712671933,16.3778221414737,8.88022307101923,-0.305077112989075,-7.89991613820656,-16.8594987580332,-0.730149690721035,7.19131530780206,-5.88370943790633,-2.81,0.117695593132888,-0.0116503528655746,18.6802616119385,18.7760218114972,0.169765690992634,1.11052160282542,174.509994506836,-23.9886804319575,-50.0019290088261,-174.509994506836,4.27588224411011,18.6900005340576,6.30999994277954,15.9479999542236,35.1500015258789,991.337449535881
3.075,-0.0285434893201405,-0.0772979101938989,0.477,-0.172576628234918,0.106929547296751,-8.95710534829721,0.0926362164288351,-0.359253184367946,-0.218233576661484,-0.0339013759946081,-0.00013631351489523,-2.51102341449714,0.00886944360409646,-0.311975385527494,-0.224299932459081,16.3549899086085,8.92856072477552,-0.3434894475643,-7.95543438824634,-16.8410093738754,-0.643695184559538,7.19143517676613,-5.88364780009176,-2.81,0.11501867144218,-0.00817154016518664,18.6768212711688,18.819784983669,0.169765690992634,1.11052160282542,174.509994506836,-23.9886804319575,-50.0019290088261,-174.509994506836,4.27588224411011,18.6900005340576,6.30999994277954,15.9479999542236,35.1500015258789,991.331408943098
3.1,-0.0293460222191745,-0.0796674671117364,0.477,-0.341459276723279,0.000259821907439811,-8.13522456280987,0.0490453051333938,-0.296178021621252,-0.219621684015975,-0.0327772356955921,-0.00714620097912738,-2.51675834114794,-0.0738813498415036,-0.233772037289189,-0.23049415713159,16.3471940081964,8.98157446785255,-0.386919879861811,-8.01851623914574,-16.8355041198155,-0.564213798890062,7.19145260607348,-5.88363645652396,-2.81,0.112022598948308,-0.00444165398874983,18.6674693589358,18.8767082206587,0.169765690992634,1.11052160282542,174.509994506836,-23.9886804319575,-50.0019290088261,-174.509994506836,4.27588224411011,18.6900005340576,6.63000011444092,15.9949998855591,35.1500015258789,991.325368350314
3.125,-0.0314017985331854,-0.0795094586483628,0.477,-0.203126128579913,0.0656019566841736,-7.54826610431798,-0.0176997821832159,-0.231713873552359,-0.225999581062056,-0.0323287099599838,-0.00994310714304447,-2.51904654502869,-0.106898456811905,-0.202569335699081,-0.232965618371964,16.2169832997893,9.22226999118893,-0.571411087655762,-7.81701277957219,-16.934003846363,-0.707917157931821,7.19143687714938,-5.88364139247454,-2.81,0.102710936372723,0.00872776018450187,18.6614608764648,18.755874379393,0.169765690992634,1.11052160282542,174.509994506836,-23.9886804319575,-50.0019290088261,-174.509994506836,4.27588224411011,18.6900005340576,6.63000011444092,15.9949998855591,35.1500015258789,991.319327757531
3.15,-0.0376002254146505,-0.0790228497365359,0.477,-0.202055708095599,-0.119253564980303,-7.01973320696904,-0.0816323837937915,-0.199609290229969,-0.230150264035094,-0.0350608161167567,-0.0151714207045637,-2.52445432955989,-0.0524889752443399,-0.205272111766999,-0.225912299802019,16.1940878798328,9.28337639486581,-0.610193384247574,-7.86029820916328,-16.9275594152025,-0.68944892667462,7.19142114822528,-5.88364632842512,-2.81,0.098436473689267,0.0123301700700373,18.6614608764648,18.788800087724,0.169765481157275,1.11052155939011,174.518753051758,-24.2660952297332,-50.5980194525467,-174.518753051758,4.27615737915039,18.7022686004639,6.63000011444092,15.9949998855591,35.1500015258789,991.315576297721
3.175,-0.0404525164510361,-0.0790183095654496,0.477,-0.328390409693381,-0.0182702591537885,-6.80544786345682,-0.169108890970076,-0.148773171653665,-0.223911338956994,-0.0393149661853143,-0.0184886439883539,-2.53017656454861,-0.179432779334033,-0.135268757703457,-0.222221790040217,16.1449060520642,9.39526866756782,-0.58444801005796,-7.8564117503653,-16.9445830532506,-0.654632570558015,7.19140541930117,-5.88365126437571,-2.81,0.0972406067798863,0.0184997104387685,18.6557500731085,18.7996442084884,0.169765184919123,1.11052149806968,174.531127929688,-24.6577396497053,-51.43955890238,-174.531127929688,4.27654647827148,18.7195892333984,6.63000011444092,15.9949998855591,35.1500015258789,991.312767422076
3.2,-0.042051699365568,-0.0745713757856184,0.477,-0.345517809201484,0.0860659189391518,-6.73478502312976,-0.136432911115328,-0.0714957782344317,-0.2152132538012,-0.0432000592004537,-0.0196739731962447,-2.53653032182514,-0.1174716082491,-0.0617260499588041,-0.212686339626303,16.1178642704652,9.45726824952767,-0.543114136343199,-7.90816832883257,-16.9286637108929,-0.633768882247916,7.19138969037707,-5.88365620032629,-2.81,0.0972137248985848,0.0221308163485406,18.6392995500073,18.8341398837808,0.16976488868097,1.11052143674924,174.543502807617,-25.0493840710956,-52.281098352371,-174.543502807617,4.27693462371826,18.7369079589844,6.84000015258789,15.9440002441406,35.1500015258789,991.309958546432
3.225,-0.042051699365568,-0.0745713757856184,0.477,-0.275497299494347,0.205750908544935,-6.74647231722901,-0.112543855293923,0.0121825477204218,-0.209666705512524,-0.0496127337836602,-0.0182195412843517,-2.54360031793822,-0.144070638422647,0.0436494746443637,-0.207153294551138,16.1140861875787,9.46877293833951,-0.512313867528645,-8.02042616003355,-16.8755436717631,-0.687524625939366,7.1913835001998,-5.88365966344712,-2.81,0.095683060840784,0.0228478247916438,18.6283893585205,18.8871800146273,0.169764592442818,1.11052137542881,174.555877685547,-25.4410284924859,-53.1226378022832,-174.555877685547,4.2773232460022,18.7542266845703,6.84000015258789,15.9440002441406,35.1500015258789,991.307149670788
3.25,-0.0392102868598422,-0.067921236756413,0.477,-0.312138075371065,-0.0569959680324739,-7.33425510813592,-0.127530263652119,0.0670430228630643,-0.210324702052534,-0.0500631602563052,-0.0169826208856274,-2.54931079660229,-0.145366498409242,0.116292124395803,-0.199635684397064,15.9771523723677,9.70753301862158,-0.195335199472674,-7.85639080601745,-16.9603425249194,-0.409458200762103,7.19137828713974,-5.88366297569621,-2.81,0.112852724837706,0.0363292288090231,18.6283893585205,18.838545205165,0.169764493696767,1.11052135498867,174.559997558594,-25.5715766315312,-53.4031509522276,-174.559997558594,4.27745294570923,18.7600002288818,6.84000015258789,15.9440002441406,35.1500015258789,991.306213378906
3.275,-0.0354075682368004,-0.0621983993846557,0.477,-0.257898327524166,-0.0334847299749423,-8.05121792537761,-0.158776891893425,0.0994095907308949,-0.208725846245658,-0.0572813557320161,-0.0140769791581335,-2.55282828968057,-0.176447951865907,0.106485749070692,-0.193672634329944,15.9571876177754,9.74299793998069,-0.148373923332335,-7.88035976220918,-16.9483985046054,-0.481226033918367,7.19137307407968,-5.8836662879453,-2.81,0.112293824435852,0.0378119861900801,18.6244955210342,18.8416723753483,0.169764493696767,1.11052135498867,174.559997558594,-25.5715766315312,-53.4031509522276,-174.559997558594,4.27745294570923,18.7600002288818,6.94000005722046,15.9359998703003,35.1500015258789,991.306213378906
3.3,-0.0325887400058733,-0.0537307701198817,0.477470562883897,-0.185412609739301,-0.218824041150353,-8.60515266563093,-0.219214004274472,0.12433757614618,-0.198418615236196,-0.0593681929840546,-0.0117352990348653,-2.55637029252989,-0.25906981017452,0.151853082050232,-0.188998535043133,15.9137196024454,9.81955947992117,-0.0215924082668348,-7.85659172505006,-16.9637978254735,-0.417391901450969,7.19134665120275,-5.88368247760148,-2.81,0.11845222231313,0.0421272482714892,18.6125667807982,18.8396915848135,0.169764493696767,1.11052135498867,174.559997558594,-25.5715766315312,-53.4031509522276,-174.559997558594,4.27745294570923,18.7600002288818,6.94000005722046,15.9359998703003,35.1500015258789,991.306213378906
3.325,-0.0286061063975729,-0.0522400684541917,0.479033332780712,-0.0517316345345288,0.124955530794752,-9.54412031122934,-0.238686049876871,0.158987274816544,-0.187569206435192,-0.0687479402759244,-0.00511731343381503,-2.56398990478559,-0.223698211705018,0.182540377879395,-0.176023578834592,15.8347301893643,9.9247340750801,0.198879424984082,-7.85409009047473,-16.9537602458614,-0.402320808882397,7.19131919452326,-5.88369929492439,-2.81,0.126826894640501,0.047689101623277,18.6044082641602,18.8336801793464,0.169764493696767,1.11052135498867,174.559997558594,-25.5715766315312,-53.4031509522276,-174.559997558594,4.27745294570923,18.7600002288818,6.94000005722046,15.9359998703003,35.1500015258789,991.306213378906
3.35,-0.0246469862557372,-0.0425456871386805,0.480854297171784,-0.00122622580939399,0.0648622422848638,-10.2061992857662,-0.191763447532548,0.156602251108978,-0.181957478507634,-0.0760243564759069,-0.00125497296222852,-2.56884835978838,-0.160841788502151,0.129087375745944,-0.163539929422038,15.7806421585346,9.98333878788556,0.298666918212376,-7.85575274671713,-16.9374705877336,-0.440637140469218,7.19129173784378,-5.88371611224729,-2.81,0.129397091041242,0.0506951631940346,18.6044082641602,18.8205450528089,0.169764308547921,1.11052131666339,174.573913574219,-25.816354394191,-53.9291131084424,-174.573913574219,4.27726411819458,18.7476291656494,6.94000005722046,15.9359998703003,35.1500015258789,991.307534758578
3.375,-0.0216338878275705,-0.0376195181442129,0.482675265882394,0.0756904590624707,-0.0356703821464084,-10.5574033875535,-0.18201140153654,0.130877829999112,-0.17183906169954,-0.0787691109875288,0.0013846956280928,-2.5727327343999,-0.165694445223958,0.124555260394059,-0.160112939255605,15.7277840659046,10.0244140861836,0.393388698578748,-7.85062779249166,-16.9174289739872,-0.418406784153683,7.19122189327621,-5.88375376881886,-2.81,0.133713825921024,0.0531692539453039,18.5982171776368,18.807417382843,0.169764012309769,1.11052125534296,174.59619140625,-26.2079988155813,-54.7706525584334,-174.59619140625,4.27696180343628,18.7278366088867,6.94000005722046,15.9359998703003,35.1500015258789,991.309648966052
3.4,-0.0205247551810981,-0.0365073543222019,0.48449622589105,0.180700116189903,-0.0300990085470244,-10.9073338920562,-0.138286004899943,0.111702445062612,-0.161269242576988,-0.0840174667410951,0.00352684865415302,-2.57625286664305,-0.107051683998231,0.0896457740945939,-0.151536210905351,15.6887409092101,10.0543054127321,0.429242526287892,-7.85993837548837,-16.8940551940737,-0.471344490055173,7.19111521986804,-5.8838095316326,-2.81,0.133580753514401,0.0547307180614117,18.5779649793487,18.7943883505633,0.169763716071616,1.11052119402253,174.618438720703,-26.5996432355535,-55.6121920082667,-174.618438720703,4.27665948867798,18.7080421447754,7.26999998092651,15.9490003585815,35.1500015258789,991.311763173526
3.425,-0.0198974141671237,-0.0320674953829797,0.486317198980854,0.293616055414458,0.0707645352620442,-11.345253262797,-0.189866412303181,0.101299478976624,-0.157674208992557,-0.0889882161157581,0.00606527326768879,-2.58028273464061,-0.122598762288364,0.0810708620048416,-0.143728915873669,15.6692238879984,10.0779266085618,0.476967648760653,-7.8967397009433,-16.872828938746,-0.515582987601601,7.19100854645987,-5.88386529444635,-2.81,0.134123256730649,0.0560057170846089,18.5636940002441,18.8058985049781,0.169763419833463,1.11052113270209,174.640716552734,-26.9912876555256,-56.4537314582577,-174.640716552734,4.27635717391968,18.6882476806641,7.26999998092651,15.9490003585815,35.1500015258789,991.313877381
3.45,-0.0186330734186282,-0.0276195349493723,0.488137203375161,0.309341009668047,-0.111807565013101,-11.5642541132354,-0.141414459406482,0.0878451375195038,-0.152446719079204,-0.0932043039400828,0.00699477610594331,-2.58326568178645,-0.151784234506455,0.0455260070857636,-0.136533179399168,15.6332321287473,10.0977338042954,0.537343824232908,-7.90375348845902,-16.8498449782814,-0.514118819637497,7.19090187305171,-5.8839210572601,-2.81,0.135586816058155,0.0570873692068349,18.5636940002441,18.7981695470265,0.1697632964009,1.11052110715191,174.649993896484,-27.1544728311049,-56.804372895708,-174.649993896484,4.27623128890991,18.6800003051758,7.26999998092651,15.9490003585815,35.1485557556152,991.308847329051
3.475,-0.01737190615886,-0.0231827388734054,0.488451926687516,0.453033943755229,-0.147500679039039,-11.7084887871043,-0.191752160020375,0.0477430807429462,-0.14169942633424,-0.0972007948678473,0.00745610320568085,-2.58594398830248,-0.18493830560083,0.00213324240757056,-0.129515398673389,15.5847452849193,10.148783981985,0.57135883126761,-7.8797402736453,-16.8473959177341,-0.532444207298638,7.19079519964354,-5.88397682007385,-2.81,0.135789736604625,0.0598769969514273,18.5578082812201,18.775112733389,0.1697632964009,1.11052110715191,174.649993896484,-27.1544728311049,-56.804372895708,-174.649993896484,4.27623128890991,18.6800003051758,7.26999998092651,15.9490003585815,35.1460800170898,991.298714234657
3.5,-0.0186555755452567,-0.0142903671656884,0.487411370019575,0.48997073706274,-0.112000631103367,-11.469858197541,-0.190272825622479,-0.0504719846273776,-0.135671867363721,-0.104608784468424,0.00498386433094766,-2.59015347720102,-0.24534064769943,-0.0792023990198027,-0.125795650242104,15.515817371625,10.2000669530135,0.596207585092434,-7.86640375543358,-16.8212728225155,-0.549445745367212,7.19069331785305,-5.88402947413643,-2.81,0.133434734470832,0.0626597860565739,18.5371547580994,18.7469882881005,0.1697632964009,1.11052110715191,174.649993896484,-27.1544728311049,-56.804372895708,-174.649993896484,4.27623128890991,18.6800003051758,8.63000011444092,15.9169998168945,35.1436080932617,991.288581140263
3.525,-0.019304218940589,-0.0082506519076779,0.48637080587631,0.543808069234575,-0.284567765604171,-11.2376048943916,-0.223328980655424,-0.10697963314546,-0.12880279839449,-0.108088359236717,0.00350308790802956,-2.5920581817627,-0.273610860109329,-0.117492817342281,-0.124940514564514,15.4387980902965,10.2735440915669,0.570130360515725,-7.79742909880071,-16.8247628036589,-0.595566412825389,7.19059167173601,-5.88408197529656,-2.81,0.130579235130046,0.0667832684524488,18.5221729278564,18.6880437638117,0.1697632964009,1.11052110715191,174.649993896484,-27.1544728311049,-56.804372895708,-174.649993896484,4.27623128890991,18.6800003051758,8.63000011444092,15.9169998168945,35.1411323547363,991.278448045868
3.55,-0.0231235275313341,0.000318182860150078,0.485330246767998,0.355604983058359,-0.157334567502588,-11.0196105677801,-0.243684257601273,-0.109513910957969,-0.120104557627082,-0.115065069058467,-0.000437044276186501,-2.59555656403952,-0.259541658674923,-0.0972822210779244,-0.111410668969002,15.421500790003,10.272002597523,0.520251087259258,-7.84926759148428,-16.7799380506782,-0.655791480621824,7.19049002561898,-5.88413447645669,-2.81,0.123838318683977,0.0666351569988185,18.5221729278564,18.6963488161244,0.169763136640297,1.1105210744045,174.655349731445,-27.363625660978,-57.2582133218568,-174.655349731445,4.27658224105835,18.6732978820801,8.63000011444092,15.9169998168945,35.1399993896484,991.273779171029
3.575,-0.0255180140681259,0.00747129574599472,0.484289712392216,0.348896990897387,-0.187029027603851,-10.4966219041972,-0.211593075159183,-0.0971693034379363,-0.105810652422302,-0.118992547288788,-0.00483129552541706,-2.59803504227887,-0.145672397223572,-0.0979932382119467,-0.0898625815583916,15.3801350694848,10.3123096794893,0.566608615240191,-7.83560552465562,-16.7771189591794,-0.587278890884475,7.19038837950194,-5.88418697761682,-2.81,0.123791323678381,0.0689382084020573,18.5134801225564,18.691627780684,0.169762841697647,1.11052101394773,174.665252685547,-27.7497539641367,-58.0960725701012,-174.665252685547,4.27723026275635,18.6609287261963,8.63000011444092,15.9169998168945,35.1399993896484,991.273733866583
3.6,-0.0282270964588365,0.015564209136842,0.483249158197926,0.358399820285408,-0.0460333022760015,-10.2482159359185,-0.160650930678884,-0.109733406362567,-0.0901478612981929,-0.122050204783864,-0.0076435478655298,-2.59969365092781,-0.0480397153515921,-0.118564528585973,-0.0756682993934707,15.3720263269915,10.282984840706,0.557081851180517,-7.87476092245139,-16.733180822691,-0.581472948798171,7.19034450915097,-5.88421161274781,-2.81,0.12128547291194,0.0673929820791448,18.4805838201464,18.6982316650941,0.169762546754996,1.11052095349097,174.675155639648,-28.1358822658772,-58.9339318184245,-174.675155639648,4.27787780761719,18.6485557556152,8.4399995803833,15.923999786377,35.1399993896484,991.273688562138
3.625,-0.0291840796005816,0.0162030432732878,0.482208604003635,0.332274640793419,-0.180406651760085,-9.94528582383862,-0.0658273779946684,-0.111515698023837,-0.0735013962702338,-0.125538591535055,-0.00954792929795359,-2.60145344152659,-0.084849684972434,-0.111270839593642,-0.0650883878000944,15.3411921462186,10.256947144323,0.549350921608934,-7.89407614012718,-16.6790636371837,-0.592727344026779,7.19032407535726,-5.88422494411199,-2.81,0.118975017608761,0.0660773959940441,18.4560394287109,18.6811126622927,0.169762251812346,1.1105208930342,174.68505859375,-28.5220105676177,-59.7717910666689,-174.68505859375,4.27852535247803,18.6361846923828,8.4399995803833,15.923999786377,35.1399993896484,991.273643257692
3.65,-0.0320446759524819,0.0206553205990482,0.481168039885847,0.191908604984713,-0.108806432450155,-9.35296678311285,-0.0416946345702634,-0.108410121963638,-0.0595383306427743,-0.125422585825657,-0.0120311940160481,-2.60215693338368,-0.00643805808369227,-0.122437039144496,-0.0535541116205489,15.3221939435536,10.2736190501856,0.547211246343629,-7.88235915878589,-16.6785347100348,-0.557861809411792,7.19030364156355,-5.88423827547617,-2.81,0.118549411604011,0.0671734175221134,18.4560394287109,18.6754953305038,0.169762104341021,1.11052086280582,174.690002441406,-28.7150747184879,-60.1907206908306,-174.690002441406,4.27884912490845,18.6299991607666,8.4399995803833,15.923999786377,35.1399993896484,991.271370484657
3.675,-0.0344273196262272,0.019855546309888,0.480127485691556,0.19221649518465,-0.0616488146246645,-8.52808648908074,0.0473715227498797,-0.0990075190127266,-0.0480992750846598,-0.122788453983215,-0.0138570861683572,-2.60359355333398,0.0346901961124603,-0.0511795113291838,-0.0463765364936554,15.3067652292056,10.23089362589,0.541501568796121,-7.9147032557673,-16.6242426208332,-0.503487608707236,7.19028320776983,-5.88425160684034,-2.81,0.119210194253241,0.0653919394613309,18.4520370394913,18.6769382516374,0.169762104341021,1.11052086280582,174.690002441406,-28.7150747184879,-60.1907206908306,-174.690002441406,4.27884912490845,18.6299991607666,8.4399995803833,15.923999786377,35.1399993896484,991.266870243033
3.7,-0.033952441375823,0.0225573612224772,0.479086931497266,0.0895245481136708,-0.15544637301756,-8.41043673072487,0.0702204050088746,-0.0481241562682142,-0.0366248467909042,-0.121204306170443,-0.0132485395469712,-2.60443872117234,0.07150230938474,0.00250538052420925,-0.0335723557931076,15.3155311963304,10.2309094174787,0.537564316484619,-7.93553803636156,-16.6223585286551,-0.50041157769106,7.19026277397612,-5.88426493820452,-2.81,0.119783089125883,0.0656093783993065,18.4356016965257,18.6930656338587,0.169762104341021,1.11052086280582,174.690002441406,-28.7150747184879,-60.1907206908306,-174.690002441406,4.27884912490845,18.6299991607666,8.86999988555908,15.9029998779297,35.1399993896484,991.262370001409
3.725,-0.033952441375823,0.0225573612224772,0.478046377302975,0.0970986905269747,-0.0455794708198221,-8.48261692812151,0.112368750016295,0.029679219143408,-0.0289481438292837,-0.119620158357671,-0.0126399929255853,-2.6052838890107,0.10831442265702,0.0561902723776032,-0.0207681750925596,15.3319765979549,10.2258155139804,0.536432928910189,-7.96537510496273,-16.6202731059461,-0.4938531506637,7.18997703548008,-5.88440647965494,-2.81,0.120456882915675,0.0655302287720254,18.4229984283447,18.7165185583759,0.169762104341021,1.11052086280582,174.690002441406,-28.7150747184879,-60.1907206908306,-174.690002441406,4.27884912490845,18.6299991607666,8.86999988555908,15.9029998779297,35.1399993896484,991.257869759786
3.75,-0.0317235135489069,0.019693909153399,0.477013390942675,0.151533846177504,-0.216087456244381,-8.85473440065112,0.12992366540072,0.0851077062061185,-0.0225937706263448,-0.114349663257599,-0.0112216752022505,-2.60572195053101,0.138798281550407,0.117364913225174,-0.0145329693332314,15.3178140706054,10.184734127848,0.614822090878701,-7.97304047327063,-16.5839970666748,-0.37935506340689,7.18966946939168,-5.88455856942009,-2.81,0.127484101220122,0.0638684633150483,18.4229984283447,18.7161372021481,0.169761969752744,1.11052083450269,174.697937011719,-28.8958425211964,-60.5730527538186,-174.697937011719,4.27694892883301,18.6209259033203,8.86999988555908,15.9029998779297,35.1399993896484,991.256055065037
3.775,-0.0285390893043364,0.0130194043895054,0.480621551312442,0.23430415665022,-0.134851216961165,-9.19990841145305,0.102102925688716,0.118629877010526,-0.0157517609327093,-0.114740271921503,-0.00937156865347579,-2.60617655491217,0.100808925753302,0.119527368659772,-0.0134230958208996,15.3327077294321,10.1561570756558,0.600598798950223,-8.00830622217664,-16.5616659962932,-0.422401062917923,7.18936190330329,-5.88471065918523,-2.81,0.126771718741795,0.0623106555739412,18.4173386908069,18.7261079887728,0.169761676105596,1.11052077275043,174.715255737305,-29.2902450009934,-61.4072318003953,-174.715255737305,4.27280330657959,18.6011333465576,9.18000030517578,15.8739995956421,35.1399993896484,991.257414198413
3.8,-0.0237897713685661,0.0200015342271124,0.484263466063589,0.275363269601097,-0.099946755586601,-9.67269585468735,0.12807471788666,0.126352887042135,-0.0140480830905625,-0.111367990287891,-0.00421257249112997,-2.6070975228522,0.0544749481868016,0.137528326930177,-0.011480013171398,15.3275261920296,10.1631652344395,0.64215653033358,-8.00993110697163,-16.5618304981576,-0.426762195127566,7.18922265057024,-5.88478114744723,-2.81,0.131551477999604,0.0630625519849264,18.3919356827883,18.7268118006637,0.169761382458448,1.11052071099816,174.732574462891,-29.6846474807905,-62.241410846972,-174.732574462891,4.26865768432617,18.5813388824463,9.18000030517578,15.8739995956421,35.1399993896484,991.25877333179
3.825,-0.0228307494036808,0.0184058709460928,0.487905433045797,0.307536260820221,-0.168259769552464,-9.95624571167202,0.107692463536196,0.132572149891876,-0.0107398990111225,-0.107753595086651,-0.000735794325662725,-2.60746818579367,0.131856363573204,0.12805471404949,-0.00258139334657436,15.328675937142,10.1489776906127,0.663461354212164,-8.02080863835827,-16.5499237181608,-0.420581536568769,7.18913070929998,-5.8848286982158,-2.81,0.135033477950316,0.0626466479262773,18.3719291687012,18.7295442373082,0.169761088811299,1.11052064924589,174.749893188477,-30.0790499605875,-63.0755898935487,-174.749893188477,4.26451206207275,18.5615463256836,9.18000030517578,15.8739995956421,35.1399993896484,991.260132465166
3.85,-0.0196495868720397,0.0120555146196938,0.489,0.388274791827773,-0.0704109455740845,-10.210263242066,0.113674300213146,0.147253527712119,-0.00894473446106198,-0.103486461379437,0.00389773636561252,-2.60806310532764,0.111649112976049,0.176255893118187,-0.00378065469595476,15.334487100858,10.1027541436283,0.689847873781047,-8.05519257225664,-16.5114447292316,-0.417242854140071,7.18903876802972,-5.88487624898438,-2.81,0.139265449840963,0.0606003035965525,18.3719291687012,18.7359502983067,0.169760917517129,1.11052061322373,174.759994506836,-30.309118074157,-63.5621943373589,-174.759994506836,4.26209402084351,18.5499992370605,9.18000030517578,15.8739995956421,35.1399993896484,991.259452898478
3.875,-0.0164904235054508,0.00763095768940238,0.489,0.442116071313259,-0.0900433477731572,-10.4114799321109,0.139931191584958,0.159112538624148,-0.00338911683257381,-0.102041661461141,0.00685920288691581,-2.60825797875861,0.156669479182172,0.141618699967294,0.0085486764960942,15.3344553913389,10.0899513223107,0.692530597396715,-8.06344969583619,-16.4989646017101,-0.444054656692836,7.18894682675946,-5.88492379975295,-2.81,0.140644649952639,0.0600579584414871,18.3687058134177,18.7320890238013,0.169760917517129,1.11052061322373,174.759994506836,-30.309118074157,-63.5621943373589,-174.759994506836,4.26209402084351,18.5499992370605,9.18000030517578,15.8739995956421,35.1399993896484,991.2559191517
3.9,-0.0136210375638891,0.0136362219283815,0.489,0.482984803496533,-0.0186976749367284,-10.8515834384159,0.179938121662524,0.150078624120838,0.00492338541227253,-0.097722033324113,0.00813415360086528,-2.60818171292451,0.188609362861879,0.151904672639697,0.00680803940267156,15.3260308192788,10.0753887382215,0.724771840983626,-8.06005319828729,-16.4867292204497,-0.386361454596923,7.18879659406038,-5.8850003009191,-2.81,0.144710595619667,0.0597035630009032,18.3527543372715,18.7296049043101,0.169760917517129,1.11052061322373,174.759994506836,-30.309118074157,-63.5621943373589,-174.759994506836,4.26209402084351,18.5499992370605,8.92000007629395,15.9219999313354,35.1399993896484,991.252385404921
3.925,-0.0131473776835082,0.0115970075907609,0.489,0.505233342767252,-0.0770434554528484,-10.894520233275,0.206814060950487,0.114831519522504,0.00657359946606401,-0.0911951319394412,0.0111002849808082,-2.60808720319186,0.232005271796281,0.0883112035126456,0.00824644472460797,15.3293140933919,10.0437591052777,0.692488931144927,-8.0773816935152,-16.4603835709337,-0.395203913789157,7.18863805303237,-5.88508092841102,-2.81,0.146635386941899,0.0586555466520535,18.3398609161377,18.7275098457031,0.169760917517129,1.11052061322373,174.759994506836,-30.309118074157,-63.5621943373589,-174.759994506836,4.26209402084351,18.5499992370605,8.92000007629395,15.9219999313354,35.1399993896484,991.248851658143
3.95,-0.0113819695752795,0.00128802211748365,0.489,0.492198131263222,-0.114940248089241,-10.848918584175,0.194659231932378,0.0868627557907928,0.0053213111371336,-0.0873641257884087,0.0128492374699533,-2.60809627069207,0.236265938749155,0.0528295931262188,0.00898763983975261,15.3265147326034,10.023624492324,0.654024238414645,-8.08603380020888,-16.439055035899,-0.419971933374873,7.18847951200437,-5.88516155590295,-2.81,0.146766069859847,0.0580020909378659,18.3398609161377,18.7191788994961,0.169760808694951,1.11052058974276,174.768341064453,-30.4590875487723,-63.8713312781574,-174.768341064453,4.26151084899902,18.5407199859619,8.92000007629395,15.9219999313354,35.1390724182129,991.245753966656
3.975,-0.0110551042394908,-0.00287559025115235,0.489,0.515220133032124,-0.0642806038008729,-10.8721118918739,0.190820983070271,0.0673185156754157,0.00455881535749527,-0.0845183329684928,0.0140790029080667,-2.60813606403953,0.228428738449908,0.0330671526599087,0.00919478864001161,15.3215255079199,10.0041158361853,0.62491924110389,-8.09278483637207,-16.4175945955628,-0.437519027573021,7.18822949349819,-5.88528576763891,-2.81,0.146843042346474,0.0572948323766486,18.3370765558223,18.7100933765974,0.169760518502475,1.11052052712682,174.790618896484,-30.8590061468009,-64.6956964535413,-174.790618896484,4.25995635986328,18.5159797668457,8.92000007629395,15.9219999313354,35.1366004943848,991.243383033988
4,-0.00977872408755245,-0.00920911535362533,0.489,0.464760629977383,-0.000755729656819665,-10.7798184734964,0.179821671418305,0.0320243768148321,0.00329738838238121,-0.0794991359556225,0.0145503699812672,-2.60831251167725,0.217867634456725,-0.0167638785960219,0.00731504347053122,15.3121715918697,9.98844059310403,0.581832241609321,-8.09673711195907,-16.3958170708724,-0.436008963805936,7.18789903978739,-5.88544830255188,-2.81,0.14709088194083,0.0570814272134323,18.3217227975118,18.700903383989,0.169760228309999,1.11052046451089,174.812896728516,-31.2589247448296,-65.5200616290829,-174.812896728516,4.25840187072754,18.4912376403809,9.0600004196167,15.9200000762939,35.1341247558594,991.241012101321
4.025,-0.00946041587228277,-0.00380082708888361,0.489,0.480733292701075,-0.0176373824628593,-10.5585516997242,0.196336804451513,-0.00795248647884613,0.000509452838695352,-0.0772173553705215,0.0145972482860088,-2.60840320587158,0.213388085365295,-0.0408944189548492,0.00623908918350935,15.2966664313678,9.97863991125399,0.485597402868689,-8.09245119602436,-16.3722435613608,-0.508859151554036,7.18756858607659,-5.88561083746484,-2.81,0.143193851945747,0.0569172970494107,18.3089942932129,18.6746812457849,0.169759938117523,1.11052040189495,174.835174560547,-31.6588433428582,-66.3444268044669,-174.835174560547,4.2568473815918,18.466495513916,9.0600004196167,15.9200000762939,35.131649017334,991.238641168653
4.05,-0.0104110943261327,-0.00859082883910512,0.489,0.489868889588314,-0.0212274254982344,-10.1784670625562,0.173318014255198,-0.0498259514191283,-0.00404343775616931,-0.0711346230666071,0.0131168094706038,-2.60856154579596,0.167162417112544,-0.0412814017035679,-0.00688419099428827,15.2879116738385,9.9823055709869,0.448601569757127,-8.08709401524184,-16.3692667797796,-0.462522117389894,7.18723813236579,-5.88577337237781,-2.81,0.143888934585001,0.0578807683029255,18.3089942932129,18.6740330134607,0.169759744655872,1.11052036015099,174.850006103516,-31.9254557420167,-66.8940035881087,-174.850006103516,4.25581073760986,18.4500007629395,9.0600004196167,15.9200000762939,35.1308250427246,991.237458219233
4.075,-0.010875490094285,-0.0128303868858788,0.489,0.487901616678124,-0.0688010689955224,-9.74359627861197,0.167402781458359,-0.0986799510665179,-0.00695436420094988,-0.0683612704780464,0.010241578696831,-2.60885097511698,0.158387845000169,-0.110065386907092,-0.00836621940607997,15.2817975120393,9.98380663035585,0.353361336881234,-8.08925528009127,-16.3603917214837,-0.485927977001622,7.18695088185422,-5.88591481139171,-2.81,0.139631163326212,0.0583984176402855,18.3078746746496,18.6675775613869,0.169759744655872,1.11052036015099,174.850006103516,-31.9254557420167,-66.8940035881087,-174.850006103516,4.25581073760986,18.4500007629395,9.0600004196167,15.9200000762939,35.13330078125,991.238651236308
4.1,-0.0160865849890062,-0.0206206666604383,0.489,0.445426984987989,0.0136381003822632,-8.90444452263763,0.170762635167769,-0.162361213550001,-0.0103661465157012,-0.0616833143778552,0.00323901254829275,-2.60904333881031,0.200936009812414,-0.180936540578452,-0.0109575813992616,15.2634428566322,9.97347424937745,0.273159563553413,-8.08590516584414,-16.33959231389,-0.391603438028652,7.18669755629669,-5.88603968502577,-2.81,0.137321428689132,0.0587737398977937,18.3009041461748,18.6648814194929,0.169759744655872,1.11052036015099,174.850006103516,-31.9254557420167,-66.8940035881087,-174.850006103516,4.25581073760986,18.4500007629395,8.86999988555908,15.9230003356934,35.1357727050781,991.239844253383
4.125,-0.0172145566470806,-0.0195269940462557,0.489,0.346242880165476,0.0153335991077526,-8.49526855167444,0.171181749332961,-0.187424740636621,-0.0128023949949914,-0.0571121420332194,-0.0016169845002472,-2.60980012712731,0.142648666525413,-0.17291730399051,-0.0213341255111817,15.253522517848,9.95832534945629,0.123266582660167,-8.10261334113807,-16.3102438700842,-0.42070127277254,7.18644423073916,-5.88616455865983,-2.81,0.130614190645798,0.0587244900989903,18.2949810028076,18.6581204663003,0.169759744655872,1.11052036015099,174.850006103516,-31.9254557420167,-66.8940035881087,-174.850006103516,4.25581073760986,18.4500007629395,8.86999988555908,15.9230003356934,35.1382446289062,991.241037270458
4.15,-0.0224471773650682,-0.0257143106790893,0.489,0.258363014681856,0.0775784826879837,-8.07022242208886,0.205994128387504,-0.169613698642215,-0.015073229809375,-0.0540942855835827,-0.00445159362459406,-2.60994361673157,0.210076592410065,-0.172306083089405,-0.0172782502768962,15.2546413325242,9.97060524573695,0.0963313624497752,-8.10074724951633,-16.320649776276,-0.374987681479393,7.18619090518162,-5.88628943229389,-2.81,0.130050168768081,0.0597795464619266,18.2949810028076,18.6680378970307,0.169759744655872,1.11052036015099,174.850006103516,-31.9254557420167,-66.8940035881087,-174.850006103516,4.25581073760986,18.4500007629395,8.86999988555908,15.9230003356934,35.1399993896484,991.241970416197
4.175,-0.0253026310001797,-0.0304815019294605,0.489,0.236883987469893,-0.0786048887963769,-7.76404658775601,0.219515898705188,-0.135555000471161,-0.0170571185078162,-0.0509255829982805,-0.00723916869432979,-2.61029180276471,0.214554993816595,-0.158958282690299,-0.0141699518595532,15.2606799346313,9.9754438810093,0.0736625073307828,-8.10988193483707,-16.325693564384,-0.323733687224905,7.18593757962409,-5.88641430592795,-2.81,0.129745386183807,0.0604674237572771,18.2942982506506,18.6848111104459,0.169759744655872,1.11052036015099,174.850006103516,-31.9254557420167,-66.8940035881087,-174.850006103516,4.25581073760986,18.4500007629395,8.86999988555908,15.9230003356934,35.1399993896484,991.242272445836
4.2,-0.0243448455864277,-0.0301556783009731,0.489,0.289780585431856,-0.0424799738945125,-7.97835070230993,0.168136415282571,-0.111175230645917,-0.016668832016303,-0.0475463562318568,-0.00997959651576709,-2.61090362336082,0.140028663774695,-0.128806817085038,-0.0128120991506887,15.2646607989859,9.98101376351155,0.0435919759580177,-8.12118222317891,-16.3279285450979,-0.278485259883021,7.18568425406656,-5.886539179562,-2.81,0.129151464909875,0.0612683632107108,18.289417837084,18.7011053179852,0.169759744655872,1.11052036015099,174.850006103516,-31.9254557420167,-66.8940035881087,-174.850006103516,4.25581073760986,18.4500007629395,9.3100004196167,15.8590002059937,35.1399993896484,991.242574475475
4.225,-0.0243448455864277,-0.0301556783009731,0.489,0.27049169048205,-0.125723215374588,-8.18699415412403,0.147140221679468,-0.0970492200364315,-0.015985571692569,-0.0441671294654332,-0.0127200243372043,-2.61151544395693,0.0655023337327972,-0.0986553514797778,-0.0114542464418241,15.2660044800785,9.97900994659633,0.0218862989813139,-8.13359518008418,-16.3225681190044,-0.224523399895156,7.18528890823938,-5.88672484195377,-2.81,0.129017246057639,0.0616732176152502,18.2851696014404,18.7152270588509,0.169759744655872,1.11052036015099,174.850006103516,-31.9254557420167,-66.8940035881087,-174.850006103516,4.25581073760986,18.4500007629395,9.3100004196167,15.8590002059937,35.1399993896484,991.242876505114
4.25,-0.0262508979408195,-0.033337840320652,0.489,0.286186277484514,-0.121749074813254,-8.03064356850377,0.0791850014336013,-0.0761745205156705,-0.0115579886640964,-0.0393111202997688,-0.0157700979425816,-2.61156987113899,0.0871972344769027,-0.0547632558888922,-0.00659393403372448,15.2675688109534,10.0082918346972,-0.074583250497719,-8.1231871184571,-16.3472446723657,-0.227042214717407,7.18487992750201,-5.88691634047903,-2.81,0.125573353957671,0.0638828707264952,18.2851696014404,18.7196970171796,0.169759672539587,1.11052034438905,174.854949951172,-32.0261249071892,-67.0988681480852,-174.854949951172,4.25569200515747,18.4462890625,9.42000007629395,15.8629999160767,35.1399993896484,991.243103027344
4.275,-0.0290922966443009,-0.0403138266515902,0.489,0.213419341937115,0.0169031662379288,-7.79736176397437,0.0772126915084671,-0.0524893729223387,-0.00706928184560787,-0.039908341965523,-0.0156222775144828,-2.61195706494266,0.0403708108762733,-0.0437741598274909,-0.00568702968055004,15.2795504412625,9.98408041780079,-0.0967254739552332,-8.15300218995736,-16.3284652156685,-0.256238726121998,7.18447094676465,-5.88710783900428,-2.81,0.124047534923329,0.0625461912326165,18.284662507244,18.7291676998966,0.169759384074447,1.11052028134128,174.874740600586,-32.4288015650427,-67.918326387991,-174.874740600586,4.25521659851074,18.4314422607422,9.42000007629395,15.8629999160767,35.1399993896484,991.243103027344
4.3,-0.0287732169662023,-0.0396749120619982,0.489,0.221575159008632,-0.0271127551166273,-7.90651083053439,0.078628006320288,-0.0315740061562914,-0.00288743120483125,-0.0379917690745235,-0.0169103633735167,-2.61179586425701,0.104329050399067,-0.041448177160331,0.002543517247807,15.2822627594159,10.003317352464,-0.0635931689063149,-8.14141195056912,-16.3493466624809,-0.185019875212042,7.18377539537476,-5.8874417468169,-2.81,0.126452050282271,0.0637690026131014,18.2804073255087,18.7404200141887,0.169759095609307,1.11052021829351,174.89453125,-32.8314782228962,-68.7377846278968,-174.89453125,4.25474214553833,18.416597366333,9.42000007629395,15.8629999160767,35.1399993896484,991.243103027344
4.325,-0.0276563354714144,-0.0420578744397708,0.489,0.266111679097728,0.129934758111574,-8.12966290322563,0.112681818250537,0.00267035182412947,-0.00103538657834693,-0.0342944949914341,-0.0157353356261877,-2.6118806770925,0.128354101012293,0.020195609727115,0.00556413317498404,15.2975935040996,9.98430890940043,-0.0419005459224924,-8.16345411730539,-16.341419206245,-0.143465226340125,7.18307189982346,-5.88777960242513,-2.81,0.12944926903733,0.0631825461125466,18.2766151428223,18.7591270974985,0.169758807144167,1.11052015524574,174.914337158203,-33.2341548807498,-69.5572428677237,-174.914337158203,4.2542667388916,18.4017524719238,9.42000007629395,15.8629999160767,35.1399993896484,991.243103027344
4.35,-0.0262263380230616,-0.0447592281187589,0.489,0.253184460037942,-0.0884554672093259,-8.48035681061181,0.117219634269872,0.0436308342460265,0.00253489959425987,-0.0303055010735989,-0.0139987701550126,-2.61174774169922,0.0878127813339233,0.0929934680461884,0.00668815104290843,15.3113730367747,9.96325958326768,0.00391468707169874,-8.18109154022987,-16.3330171752083,-0.08361988012611,7.18236840427216,-5.88811745803336,-2.81,0.133982212976185,0.0624984808153506,18.2766151428223,18.7767137733471,0.169758519038889,1.11052009219797,174.932052612305,-33.6368315386033,-70.3756788294016,-174.932052612305,4.25374698638916,18.3874206542969,9.42000007629395,15.8629999160767,35.1394844055176,991.242168623148
4.375,-0.0243124913999094,-0.0479373328485731,0.489,0.371104808769108,0.00928808049715923,-8.90449265303739,0.0974258038675604,0.0742271556718454,0.0088700712641796,-0.0306072264283018,-0.0134720580624039,-2.61173680986495,0.0901766688572601,0.080866023928549,0.00987597850450364,15.3314094233846,9.9692449387163,-0.00284283424425062,-8.19540270484177,-16.3481824312828,-0.10135746762552,7.18183090823147,-5.8883740796896,-2.81,0.133448805061162,0.0627187758106785,18.2776234076195,18.7937130102403,0.169758232301086,1.1105200291502,174.941955566406,-34.0395081964569,-71.1902301336716,-174.941955566406,4.25305652618408,18.3750514984131,9.75,15.8680000305176,35.1370124816895,991.237683483006
4.4,-0.0224139600032071,-0.0460376391163509,0.489,0.46399755973325,0.0172055990452652,-9.3207137838741,0.107182553365307,0.0722871306826288,0.00940528723122905,-0.0263774750838832,-0.0115544936384106,-2.61121878586274,0.122635380288485,0.0660289036395609,0.0145867520008851,15.331242139062,9.97413116172303,0.045480390650749,-8.18196696638407,-16.3580600142475,-0.0404419957014713,7.18151961452971,-5.88852000638129,-2.81,0.138369095346662,0.0634405495507327,18.2878652552968,18.7967667282808,0.169757945563282,1.11051996610243,174.951843261719,-34.4421848528922,-72.0047814380205,-174.951843261719,4.25236511230469,18.3626804351807,9.75,15.8680000305176,35.1345367431641,991.233198342864
4.425,-0.0217728484646092,-0.0504769757838733,0.489,0.488048014364306,0.00771143407406003,-9.58132161751366,0.0804984056922182,0.0547710962891497,0.0117067650586521,-0.0252135903171189,-0.0103419788748834,-2.61092279417038,0.124307870568996,0.0192278909206915,0.01677537792015,15.3374049974348,9.96394350839695,0.0155829704812076,-8.18795966716051,-16.354442627288,-0.0769932628911432,7.18120832082795,-5.88866593307297,-2.81,0.137539117566541,0.0630105515675519,18.2972049713135,18.7939653155279,0.169757658825478,1.11051990305466,174.96174621582,-34.8448615107458,-72.8193327422904,-174.96174621582,4.25167465209961,18.3503093719482,9.75,15.8680000305176,35.1320648193359,991.228713202722
4.45,-0.0214529381337104,-0.0514326523663495,0.489,0.501950543475923,0.015443327703363,-9.50687875464035,0.099247887995518,0.0267368611664916,0.0103669260917422,-0.025108525878425,-0.00978065252495391,-2.61077373279119,0.0635600191296687,-0.00542866234532372,0.0170578864685733,15.3381659856356,9.95587834784943,0.0271335021503334,-8.18995302639453,-16.3492799594956,-0.0728006765776039,7.18089702712619,-5.88881185976466,-2.81,0.138311989819677,0.0625718338636677,18.2972049713135,18.7929956198966,0.169757419877308,1.11051985051485,174.970001220703,-35.1804253927631,-73.4981254958619,-174.970001220703,4.2510986328125,18.3400001525879,9.75,15.8680000305176,35.1300010681152,991.225028441124
4.475,-0.0211349023486713,-0.0523827290684598,0.489,0.478026610574372,-0.124352468206384,-9.81215143017345,0.0301659551049937,0.00442818864988799,0.0103331056808149,-0.0248346537843704,-0.00960042834267465,-2.61064534681742,0.00703495829020528,-0.0157071027362422,0.0156613107012445,15.3386889210583,9.97450421790889,0.0236085887057592,-8.17888906712944,-16.3666289078687,-0.0768205392263896,7.18058573342442,-5.88895778645635,-2.81,0.138294465296088,0.0635822505921463,18.2982547750178,18.7926934802365,0.169757419877308,1.11051985051485,174.970001220703,-35.1804253927631,-73.4981254958619,-174.970001220703,4.2510986328125,18.3400001525879,9.75,15.8680000305176,35.1300010681152,991.225345572245
4.5,-0.0211389393852262,-0.0498465243837836,0.489,0.47865149704197,0.0464346847489531,-9.88198723007092,0.0151927483739667,-0.00254516856558859,0.00811279278027053,-0.0228691152357736,-0.0101410653934111,-2.61044238704473,0.0294306537773384,0.00367944436332468,0.0101078467648742,15.3424659504185,9.98226403143911,0.0291710229306258,-8.17443174756171,-16.3772549725975,-0.0435057315647709,7.18025176569456,-5.88911436375284,-2.81,0.139383910987335,0.0642113515462042,18.3117622493469,18.7994917420776,0.169757419877308,1.11051985051485,174.970001220703,-35.1804253927631,-73.4981254958619,-174.970001220703,4.2510986328125,18.3400001525879,10.1599998474121,15.8739995956421,35.1300010681152,991.225662703367
4.525,-0.0211369360543712,-0.0511050854669896,0.489,0.534688791082846,-0.118659570566984,-10.1530133444993,-0.019496370779239,-0.00807315141497232,0.0102516755255829,-0.0252743592798655,-0.00988753055423397,-2.61020756688258,-0.0486175446601402,-0.0197954653796999,0.014651945489875,15.3617442794569,9.98699316164914,-0.00627607322493013,-8.18601832379056,-16.3921006875297,-0.10676216465404,7.17991739643285,-5.88927112965971,-2.81,0.136323472338869,0.064066965150106,18.3243598937988,18.8076820494752,0.169757419877308,1.11051985051485,174.970001220703,-35.1804253927631,-73.4981254958619,-174.970001220703,4.2510986328125,18.3400001525879,10.1599998474121,15.8739995956421,35.1300010681152,991.225979834488
4.55,-0.0217785033134167,-0.0479389312321564,0.489,0.590876535909931,0.0959647906730776,-10.0744745073338,-0.0281793763247683,-0.0320610296430744,0.0157899063659359,-0.0249889644670917,-0.0110194798319303,-2.6098286024932,-0.0137678876604565,-0.038490007384236,0.0173330194654605,15.359617859127,9.99029076625345,0.00066788459115159,-8.17617975740897,-16.3971798010247,-0.0796866750132963,7.17958302717113,-5.88942789556659,-2.81,0.136648923406736,0.0642291796375382,18.3243598937988,18.8060339161545,0.169757383981104,1.11051984252592,174.970626831055,-35.2314494895965,-73.6000977505924,-174.970626831055,4.25088787078857,18.3461856842041,10.1599998474121,15.8739995956421,35.1300010681152,991.225424855026
4.575,-0.022410794580547,-0.0485712224992868,0.489,0.577388881300476,0.015551731651237,-9.96412273547828,-0.00381563457438912,-0.061264067686071,0.0148478929429514,-0.0266385987903742,-0.0136273291050533,-2.60942895051848,-0.00521735905881405,-0.0839413915874926,0.0206007269326207,15.3754786844173,9.98301764058433,-0.0287259774524868,-8.18826399096535,-16.4015824546715,-0.0850703581797394,7.17919453064908,-5.88961242325202,-2.81,0.133750642777246,0.0635257982646014,18.3254264556256,18.8171607026106,0.169757096811466,1.11051977861448,174.9755859375,-35.6396422656817,-74.4158757888305,-174.9755859375,4.24920415878296,18.3956718444824,10.1599998474121,15.8739995956421,35.1300010681152,991.218765101482
4.6,-0.0249473094045024,-0.0447714851546022,0.489502814779197,0.583899617469178,0.0602627926565786,-9.71384644683826,-0.0192648199220088,-0.0735277881984622,0.0167524057403359,-0.0258667248803432,-0.0156147086656457,-2.60900920100832,0.00632418671864317,-0.0670958238950127,0.0179115937323518,15.3760233712021,9.97689226897804,-0.0420183484681123,-8.18521018055959,-16.4000299622678,-0.0599260956036485,7.17876248345138,-5.88981928800396,-2.81,0.133055675688806,0.0632440006249194,18.3441397676763,18.8169894222622,0.169756809641828,1.11051971470304,174.980529785156,-36.047835043185,-75.2316538269897,-174.980529785156,4.24751949310303,18.4451560974121,10.6400003433228,15.8520002365112,35.1300010681152,991.212105347938
4.625,-0.0255883975653957,-0.0466614266830868,0.490976628379644,0.524003866721627,0.0618879244663159,-9.6623253026969,0.00389115128549328,-0.0677467205015885,0.0155990713038547,-0.0267694062985157,-0.0170792273164492,-2.60863278192743,0.0199796003523096,-0.0719559973569546,0.0216038929748981,15.3933757994295,9.96697448352686,-0.0651156723644335,-8.20000049461899,-16.4029289989264,-0.0689278822743427,7.17833043625367,-5.8900261527559,-2.81,0.131046149907688,0.0624995923172588,18.3619804382324,18.828905035265,0.16975652247219,1.11051965079161,174.985473632812,-36.4560278192701,-76.0474318652278,-174.985473632812,4.24583578109741,18.4946403503418,10.6400003433228,15.8520002365112,35.1300010681152,991.205445594394
4.65,-0.0268573452866896,-0.04602543912922,0.492593517862509,0.479403335671369,0.0110063292758042,-9.62179140573133,0.0025194899298545,-0.0588121951289224,0.0168251516387672,-0.0257410615517063,-0.0181834719143458,-2.608345873302,-0.00390176679973686,-0.0387020421237894,0.0157759535546021,15.4191111342255,9.96119260417706,-0.0767392027610876,-8.22044870507762,-16.4134604090079,-0.0526845467510452,7.17789838905597,-5.89023301750785,-2.81,0.130544097617156,0.062207477198864,18.3619804382324,18.853386870092,0.169756259233356,1.11051959220612,174.990005493164,-36.830204530327,-76.7952284002071,-174.990005493164,4.24429178237915,18.5400009155273,10.6400003433228,15.8520002365112,35.1300010681152,991.199408776981
4.675,-0.0276536780459686,-0.0458639533711625,0.493,0.499820284840965,0.0284833734183718,-9.57654462915352,0.0070210210412256,-0.0595489860962028,0.0172532345856926,-0.0280244715265913,-0.0197246825004236,-2.60812255645497,-0.0346973088571412,-0.0728924174005827,0.0202513562938717,15.4334654885516,9.96298643194012,-0.0981198149027798,-8.22973728725639,-16.4234195777383,-0.072778318990278,7.17746634185827,-5.89043988225979,-2.81,0.12798775426862,0.0619371761390591,18.3630087056111,18.8631377947932,0.169756259233356,1.11051959220612,174.990005493164,-36.830204530327,-76.7952284002071,-174.990005493164,4.24429178237915,18.5400009155273,10.6400003433228,15.8520002365112,35.1300010681152,991.200224257007
4.7,-0.0294039466661822,-0.0428458775823003,0.493,0.474025189965138,-0.01366239019219,-9.56939253516346,0.00511848849868108,-0.0648414468384389,0.0169013995324815,-0.0283716757250279,-0.0217179404630918,-2.60771747788087,-0.0254562871656352,-0.0818704465260591,0.0215481534010782,15.4331969838002,9.97192675495193,-0.0953491932918787,-8.21844812543494,-16.4343314211749,-0.0429530451123429,7.17705656231501,-5.89063543737069,-2.81,0.127626967377125,0.0623066338084592,18.3913595061941,18.8639242587531,0.169756259233356,1.11051959220612,174.990005493164,-36.830204530327,-76.7952284002071,-174.990005493164,4.24429178237915,18.5400009155273,11.039999961853,15.8120002746582,35.1300010681152,991.201039737033
4.725,-0.0294039466661822,-0.0428458775823003,0.493,0.482914897770296,-0.0038603173843145,-9.47517828991521,-0.00424809821530904,-0.0744766015003507,0.0171913265410116,-0.0287188799234645,-0.02371119842576,-2.60731239930678,-0.0162152654741295,-0.0908484756515352,0.0228449505082846,15.4316823650535,9.98278122366123,-0.0941188831798634,-8.20511037376349,-16.4462015638701,-0.0147585389797452,7.1767138843781,-5.89079691187903,-2.81,0.127193131895975,0.0627820006516361,18.4189758300781,18.8634689201386,0.169756259233356,1.11051959220612,174.990005493164,-36.830204530327,-76.7952284002071,-174.990005493164,4.24429178237915,18.5400009155273,11.039999961853,15.8120002746582,35.1300010681152,991.201855217059
4.75,-0.0316305474595228,-0.042524320654459,0.493,0.428719494487651,0.0522128701591517,-9.23969225519077,0.000752122891221493,-0.0723480727609377,0.0193480766338657,-0.0286438826751245,-0.0249364635643925,-2.60699042695926,-0.0249912801496489,-0.0833170544784814,0.0217612243886348,15.4432808665951,9.97783336984822,-0.110596348088162,-8.21287747379457,-16.4503140978975,-0.011131673793956,7.17637120644119,-5.89095838638737,-2.81,0.12607438371606,0.0624534301819836,18.4189758300781,18.8722715085328,0.169756247213975,1.11051958950716,174.990005493164,-36.8474424013963,-76.8293724935233,-174.990005493164,4.24432039260864,18.5394859313965,11.039999961853,15.8120002746582,35.1300010681152,991.202559323655
4.775,-0.0338493568196794,-0.0422038889347491,0.492987594401075,0.373885020997204,0.0549282395252854,-8.97560716712614,0.00227744292266201,-0.0692476157492685,0.02015374820375,-0.0284518210178389,-0.025948786216194,-2.60669149759599,-0.0387629046918853,-0.0712080340196563,0.0200174471330615,15.4584099845498,9.97022843264195,-0.133676539811981,-8.22561248659976,-16.4537170825775,-0.0160328906014807,7.17600803570849,-5.89113151355472,-2.81,0.124679121676612,0.061994660693493,18.4191019215535,18.883441975035,0.169755958748835,1.11051952473205,174.990005493164,-37.261151295713,-77.6488307333503,-174.990005493164,4.24501132965088,18.5271148681641,10.3400001525879,15.8800001144409,35.1300010681152,991.200701841374
4.8,-0.0344859880340281,-0.0415672577204003,0.492901968998598,0.342672209127527,0.0302878525538893,-8.9773344804975,-0.00281688997983879,-0.0488611369037746,0.0221795930269913,-0.028522944222264,-0.027460420024978,-2.60616137306343,-0.00784250480779321,-0.0623348635888305,0.0257003157766723,15.4808330180513,9.96502193025825,-0.142738142823756,-8.23920155960065,-16.4649258151965,-0.00165562164170724,7.17562837766253,-5.89131401577471,-2.81,0.12377492784738,0.0615668871331644,18.427213806467,18.9025142937936,0.169755670283695,1.11051945995695,174.990005493164,-37.674860191448,-78.4682889733349,-174.990005493164,4.24570226669312,18.514741897583,10.3400001525879,15.8800001144409,35.1300010681152,991.198844359093
4.825,-0.0354392888792976,-0.041250121593843,0.492780570214757,0.361245646791038,0.0657839018369636,-8.71852876741379,0.0114483359033857,-0.0361875646565179,0.0219283256205804,-0.0271988221914372,-0.028056684134066,-2.60564976267131,-0.00323347088901141,-0.0227489645694705,0.0220235263400153,15.518583547277,9.93744895876952,-0.137434412010542,-8.27647317687289,-16.465036610044,0.027866144058909,7.17524871961657,-5.89149651799471,-2.81,0.124343318190618,0.0600885107915054,18.4352836608887,18.9369729338198,0.169755381818555,1.11051939518184,174.990005493164,-38.0885690857648,-79.2877472131619,-174.990005493164,4.24639320373535,18.5023708343506,10.3400001525879,15.8800001144409,35.1300010681152,991.196986876812
4.85,-0.035751626663304,-0.0428372334284218,0.492659170856575,0.33204096956027,0.0384434154068022,-8.71871684042725,0.020414056039496,-0.0412843700726122,0.0225815507972994,-0.0287008269491251,-0.0294910028771881,-2.60515448417584,0.00128535865002371,-0.0521760650310035,0.0278827557430739,15.5253127802337,9.92765311951692,-0.145897168510764,-8.28008321111014,-16.4637297999146,0.0272481525578697,7.17486906157061,-5.8916790202147,-2.81,0.12292781567142,0.0592943477078173,18.4352836608887,18.9386848677142,0.169755093353415,1.11051933040673,174.990005493164,-38.5022779800816,-80.1072054530677,-174.990005493164,4.24708414077759,18.4899997711182,10.3400001525879,15.8800001144409,35.1300010681152,991.195129394531
4.875,-0.037978750045351,-0.0434671411368423,0.492537774098735,0.225973299552294,0.0521468923817508,-8.84715098297654,0.0335628337832414,-0.0348286998713475,0.0233335861828532,-0.0263021553959299,-0.0298312147871244,-2.60426289945619,0.00512592905282242,-0.00232272065269624,0.0221926141058733,15.5465843273107,9.90377411262028,-0.140663716623647,-8.29453175686585,-16.4620050525582,0.0628075238823141,7.17466916155924,-5.89177490004156,-2.81,0.124168640449892,0.0581498393925287,18.4352836608887,18.9546555125924,0.169755093353415,1.11051933040673,174.990005493164,-38.5022779800816,-80.1072054530677,-174.990005493164,4.24708414077759,18.4899997711182,9.73999977111816,15.8780002593994,35.1275253295898,991.199946767276
4.9,-0.0370229172729146,-0.04283374998746,0.492416376184694,0.141580841721483,0.0839861291025545,-9.41741176081585,0.0430335155609066,0.00674147730258358,0.0236388114749402,-0.0265559397834769,-0.0300868105440628,-2.60383484685205,0.052758296527835,0.00537169886428381,0.0306886311549337,15.5598260888405,9.91346633038445,-0.127264992070589,-8.29347067174687,-16.4807005371026,0.0778010286183498,7.17458014088471,-5.89181734896878,-2.81,0.124648628484888,0.0585227695756094,18.448751351268,18.9664028717885,0.169755093353415,1.11051933040673,174.990005493164,-38.5022779800816,-80.1072054530677,-174.990005493164,4.24708414077759,18.4899997711182,9.73999977111816,15.8780002593994,35.1250534057617,991.204764140021
4.925,-0.0363830306802296,-0.0434736365801451,0.492294978270654,0.184241095036344,-0.075281243409661,-9.85503688191529,0.0409412207061012,0.0666604993302568,0.0254091526708901,-0.0258234740503494,-0.0274195057408802,-2.60299962383652,0.0106656857059496,0.0679556507748769,0.0306106750943704,15.5962641500283,9.89205458127147,-0.11146559709238,-8.32117010288596,-16.4882699436045,0.0608789069537643,7.17449112021019,-5.89185979789599,-2.81,0.126126945629805,0.0572650370509632,18.4622891858681,18.9905600342758,0.169755093353415,1.11051933040673,174.990005493164,-38.5022779800816,-80.1072054530677,-174.990005493164,4.24708414077759,18.4899997711182,9.73999977111816,15.8780002593994,35.1225776672363,991.209581512766
4.95,-0.0341637035855529,-0.0437877278790444,0.492173580358118,0.308421433939356,0.135703982397539,-9.98784613441803,0.0376355552601886,0.0625482590026049,0.0250116313783068,-0.0244107111979118,-0.0270554478235263,-2.60239675675135,0.0586071512131193,0.0446810217568597,0.0290405148234792,15.6014609481333,9.90407554211767,-0.0861711852281658,-8.30805160492367,-16.5066989496972,0.0942859865226646,7.17440209953567,-5.89190224682321,-2.81,0.128174900736145,0.0579707613175598,18.4624996185303,18.9951351362812,0.169755093353415,1.11051933040673,174.990005493164,-38.5022779800816,-80.1072054530677,-174.990005493164,4.24708414077759,18.4899997711182,9.73999977111816,15.8780002593994,35.1201019287109,991.214398885511
4.975,-0.0343194497781417,-0.0464954577246848,0.492052183309183,0.290023846615073,-0.100895428065433,-9.94196241962854,0.0345733008544393,0.0299143159013496,0.0251519482303282,-0.0236404853327959,-0.026341618977744,-2.60201164619991,0.0232410964158691,0.0275289492269488,0.0257258242534931,15.6070854157486,9.90573829627411,-0.104638566795786,-8.30605988174422,-16.5142314355669,0.072421901515701,7.17431307886115,-5.89194469575043,-2.81,0.127685077556462,0.0580970909932233,18.4624996185303,18.9942959490648,0.169754816493815,1.11051926915827,174.992370605469,-38.8934627229435,-80.893695219572,-174.992370605469,4.2466287612915,18.5089683532715,9.73999977111816,15.8780002593994,35.1199989318848,991.215988945715
5,-0.0344767122291399,-0.047912515069689,0.491930784528532,0.168951610595514,0.190624397542344,-9.82322801858077,0.0379277742019499,0.00456482141482441,0.0260737832075944,-0.0214188718673139,-0.0256648972545384,-2.60132105159175,0.0246466342819185,0.0258470877396356,0.0204005056058249,15.6163024570833,9.89614574932602,-0.115260007943628,-8.30701441793844,-16.5167784920425,0.0736729082204519,7.1740836438097,-5.89205699820222,-2.81,0.128264070844237,0.0577657335637901,18.4750675319396,18.9964384414747,0.169754527596842,1.11051920524683,174.994857788086,-39.3016555004468,-81.7143801933671,-174.994857788086,4.24615383148193,18.5287628173828,8.98999977111816,15.8760004043579,35.1199989318848,991.217438687983
5.025,-0.0357238554648115,-0.0442406288699293,0.491809387483777,0.165796434473847,-0.0432281578043019,-9.90435790023534,0.100310661424705,0.00706605446457188,0.0210351462638983,-0.0218664385502619,-0.0254195503235455,-2.60051345490938,0.0280723007826425,0.0140717992783822,0.0320422008761314,15.628150167886,9.86423285894282,-0.119261426423283,-8.32056249248752,-16.5021433480633,0.0624145965081867,7.17383067878088,-5.89218100637738,-2.81,0.127870868765792,0.0558879574389023,18.4879696983652,18.9973231338543,0.169754238699868,1.1105191413354,174.997314453125,-39.709848276532,-82.5350651671621,-174.997314453125,4.24567890167236,18.5485572814941,8.98999977111816,15.8760004043579,35.1199989318848,991.218888430251
5.05,-0.0347953016798615,-0.0500837218629192,0.491687989855144,0.165513456070995,-0.0691588545173416,-10.0802218387964,0.0342671281446352,0.0302557819258065,0.0262497264011848,-0.0182100761525596,-0.0249467036175446,-2.59972342276538,0.0728644142424493,0.0467131597855343,0.0276356872230573,15.6409105746788,9.86640884916878,-0.11380072088743,-8.31581831489298,-16.5177133193095,0.0968000151174206,7.17357771375206,-5.89230501455253,-2.81,0.129894624338205,0.056336107538636,18.4884376525879,19.0071085992291,0.169753949802894,1.11051907742396,174.999801635742,-40.1180410526172,-83.3557501408783,-174.999801635742,4.24520397186279,18.5683498382568,8.98999977111816,15.8760004043579,35.1199989318848,991.220338172519
5.075,-0.0339939808271906,-0.0506126538684408,0.491566589628669,0.136836131337698,0.0212988763034883,-10.1858375666281,0.0762664780919658,0.0439106661326676,0.0263279040245454,-0.0184165427177134,-0.0236333649447661,-2.5991363804192,0.0512178734176271,0.0369711867106366,0.0329347526270038,15.652329503884,9.84992851149524,-0.129264723001852,-8.32502731995461,-16.5143458661436,0.059335349763306,7.17348927439778,-5.89234968331311,-2.81,0.129196543434962,0.0553404098699229,18.4884376525879,19.0069435965619,0.169753925728146,1.110519072098,175,-40.1520571176455,-83.4241405553809,-175,4.24516439437866,18.5699996948242,8.98999977111816,15.8760004043579,35.1199989318848,991.22362903713
5.1,-0.0344737930329247,-0.0491914567664631,0.491445192295046,0.193194549648654,-0.128670265914792,-10.719114899019,0.0553930429886734,0.0432606506022334,0.0294888666029836,-0.016286249000408,-0.0232105610225774,-2.59817645326227,0.0883249991572577,0.0343614528729651,0.0383110803924575,15.6566816173221,9.86068651855443,-0.131978956637595,-8.30668649705253,-16.5340911198307,0.0708985839679172,7.17353603881259,-5.89232915259695,-2.81,0.130146501163747,0.0560452021690827,18.4958438283389,19.004840545984,0.169753925728146,1.110519072098,175,-40.1520571176455,-83.4241405553809,-175,4.24516439437866,18.5699996948242,8.3100004196167,15.9169998168945,35.1199989318848,991.227087276498
5.125,-0.0351009938618742,-0.053630323579041,0.491323794958329,0.17634915902111,0.0404396973476315,-11.1459710194617,0.0425288243737135,0.0519918246062309,0.0340403808297918,-0.0157139100680148,-0.0216958516263792,-2.59727002673363,0.0978784897340261,0.0382726723571468,0.0429821785556733,15.6700956499482,9.82877512399303,-0.159134502503491,-8.32029327694488,-16.5213214130112,0.0264662056251163,7.1735828032274,-5.89230862188079,-2.81,0.129237426315226,0.0542975450414243,18.5036122626865,19.0021485479248,0.169753925728146,1.110519072098,175,-40.1520571176455,-83.4241405553809,-175,4.24516439437866,18.5699996948242,8.3100004196167,15.9169998168945,35.1199989318848,991.230545515867
5.15,-0.0344637033220318,-0.0542676141188835,0.491202398200637,0.0935286985446132,-0.13484945776864,-11.0320353610328,0.0466581787760414,0.058232020035998,0.0367792842508139,-0.0153891207795641,-0.0197020366722066,-2.59650054782147,-0.0660408439600101,0.0596671276925232,0.0367509149065976,15.6847216388105,9.811340648799,-0.175186473290295,-8.32942673767604,-16.5204100098335,-0.0170834085829294,7.1736295676422,-5.89228809116464,-2.81,0.128863555858814,0.053291289709383,18.5040550231934,19.0026870050151,0.169753925728146,1.110519072098,175,-40.1520571176455,-83.4241405553809,-175,4.24516439437866,18.5699996948242,8.3100004196167,15.9169998168945,35.1199989318848,991.234003755235
5.175,-0.0319253042022304,-0.0529983333199215,0.491080999130247,0.0455581583294914,-0.0702752949390585,-10.4073899057863,-0.0326228757148312,0.0344506528853893,0.0393195846054294,-0.0177644690590697,-0.0196954186277155,-2.59544320115057,-0.0339480133881936,0.0065888670171158,0.0436746517878535,15.6860225210255,9.83813695888993,-0.197951230739344,-8.30055969024266,-16.5522227840132,-0.0636849971298274,7.17360130961796,-5.89230331994647,-2.81,0.126641401702405,0.0542420239615405,18.5040550231934,18.9901497552017,0.169753672943294,1.11051901541979,174.997833251953,-40.5140524001726,-84.1422399074615,-174.997833251953,4.24508905410767,18.5808238983154,8.3100004196167,15.9169998168945,35.1199989318848,991.234568173123
5.2,-0.0351080204656738,-0.0485520683006467,0.490959601216207,0.0444557918394282,0.0231916756099459,-9.88417589307323,-0.0252961167853039,0.0105230053711991,0.0366615214088991,-0.0161214334314028,-0.0192130679379202,-2.59458410270395,-0.045792781349106,0.0395105655597748,0.0351961966365328,15.6875925067469,9.82252073353458,-0.176726512509042,-8.29466396529253,-16.5472392029592,-0.0335997263409457,7.17352016106816,-5.89234375903425,-2.81,0.128642337855863,0.05351326002437,18.5143724028597,18.9868353226004,0.16975338404632,1.11051895064468,174.995361328125,-40.9277612944894,-84.9629248812565,-174.995361328125,4.24500274658203,18.5931968688965,7.65999984741211,15.9479999542236,35.1199989318848,991.234719187943
5.225,-0.033837229224839,-0.0498228595414815,0.490838202432116,-0.0695062053732919,0.143656557030387,-9.7141280481925,-0.0196368662338758,0.0222566650711239,0.0383895057358186,-0.0154690043007293,-0.0187715703802161,-2.59364569209651,0.0147631694166651,0.0578695566498308,0.0362070764198262,15.7000168526381,9.82536676788926,-0.195951627518958,-8.28848751412813,-16.563964134366,-0.0531528039895446,7.17343901251837,-5.89238419812203,-2.81,0.127995468109192,0.0535970535629611,18.5254349266131,18.9882594440146,0.169753095149346,1.11051888586957,174.992889404297,-41.3414701902244,-85.7836098549727,-174.992889404297,4.24491596221924,18.6055679321289,7.65999984741211,15.9479999542236,35.1199989318848,991.234870202763
5.25,-0.033199761517627,-0.0510947605237366,0.490716804231782,-0.0418574771910489,0.228077349996307,-9.96906236194856,0.0467198833262298,0.0411506594065276,0.0378467028427708,-0.0174665005172993,-0.0173619804134017,-2.59275119805771,0.0977831452027638,0.0304506457789296,0.0429154897806323,15.714426894478,9.78961490924647,-0.163916323082506,-8.30441902394891,-16.5480941986065,-0.0620026042142772,7.17335786396858,-5.8924246372098,-2.81,0.128966404149915,0.0512820769072386,18.526294708252,18.9909547122064,0.169752806252372,1.11051882109447,174.990417480469,-41.7551790845412,-86.6042948288466,-174.990417480469,4.2448296546936,18.6179389953613,7.65999984741211,15.9479999542236,35.1199989318848,991.235021217582
5.275,-0.0325648758664799,-0.0514111245151191,0.490595407182945,-0.0927763231107625,0.152589945809209,-10.2337165927345,0.093388070330441,0.0527906628640386,0.0349494635437249,-0.015875058626499,-0.0162022209300942,-2.59221896960559,0.0942448623848217,0.0369858996210206,0.0389444883423442,15.7173853166572,9.77516831310635,-0.128846511153779,-8.30433993396675,-16.5421823415383,-0.0293224434599092,7.17327671541879,-5.89246507629758,-2.81,0.131757404318968,0.0506479121528897,18.526294708252,18.9922421701164,0.169752758102876,1.11051881029862,174.990005493164,-41.8241305674,-86.741075657773,-174.990005493164,4.24481534957886,18.6200008392334,7.65999984741211,15.9479999542236,35.1199989318848,991.242043406693
5.3,-0.0338288168141508,-0.053636252571772,0.490474008402303,-0.0242888553748223,0.130148436135528,-10.6119972981848,0.0952003750014333,0.0640317191032069,0.0320918993875227,-0.0142836167356986,-0.0150424614467867,-2.59168674115348,0.0907065795668796,0.0435211534631114,0.0349734869040562,15.7202340832462,9.77193866318525,-0.104960748766981,-8.29869835174713,-16.5456671895352,-0.00803416063669414,7.17323407384634,-5.89248729957713,-2.81,0.133963175863722,0.050609123243309,18.5292026087181,18.992681414558,0.169752758102876,1.11051881029862,174.990005493164,-41.8241305674,-86.741075657773,-174.990005493164,4.24481534957886,18.6200008392334,6.73000001907349,15.9750003814697,35.1199989318848,991.250439830662
5.325,-0.0319213696112188,-0.0568099478296964,0.490352611357696,-0.0887959892823782,0.116336340757412,-10.7881171434817,0.111782972437514,0.0567252805745842,0.0202300046848654,-0.0103618289226468,-0.0130461529772031,-2.59095884864981,0.1261568742774,0.0466108353598147,0.0266162697941612,15.7249568406086,9.77421609548443,-0.125927298887026,-8.28890372274657,-16.5565399523174,-0.0220337738773102,7.17336769690678,-5.89242614049396,-2.81,0.135045717032046,0.0511677769872105,18.5323913859338,18.9888892914923,0.169752758102876,1.11051881029862,174.990005493164,-41.8241305674,-86.741075657773,-174.990005493164,4.24481534957886,18.6200008392334,6.73000001907349,15.9750003814697,35.1199989318848,991.258836254631
5.35,-0.0309623865074259,-0.0596747433888474,0.490231212574283,-0.111989347779272,-0.0798749101074356,-10.8873182832641,0.121760409319829,0.0667398068654032,0.0187571896237881,-0.00647814438519334,-0.0122508307259223,-2.59057560778302,0.0961969339929128,0.0630259313259769,0.0206378071380701,15.7285979797499,9.76453911273411,-0.179885368932285,-8.29063310720711,-16.5538586495052,-0.0504354294598094,7.17350131996723,-5.89236498141079,-2.81,0.134153140119342,0.0511577458346556,18.5327053070068,18.9847859465288,0.169752758102876,1.11051881029862,174.990005493164,-41.8241305674,-86.741075657773,-174.990005493164,4.24481534957886,18.6200008392334,6.73000001907349,15.9750003814697,35.1199989318848,991.2672326786
5.375,-0.0299984198841682,-0.0682512883036483,0.490109816109122,-0.0458230875949074,0.0981922277215804,-11.2145993500271,0.0665466858468179,0.0633514476419876,0.0171621694084294,-0.00573201662324279,-0.0101407700191999,-2.59005147914964,0.0922529699803419,0.0507482090960623,0.0207546106709467,15.7311630635475,9.77084809732086,-0.261282952846401,-8.28150516514745,-16.5649938504206,-0.157745331002123,7.1735902137908,-5.89232462821671,-2.81,0.130632543525593,0.0515558200911594,18.5327053070068,18.9684025771249,0.169752528025297,1.11051875901832,174.990005493164,-42.1516501092069,-87.39466925268,-174.990005493164,4.24539661407471,18.6337127685547,6.73000001907349,15.9750003814697,35.1180419921875,991.27035679768
5.4,-0.0299974249343717,-0.0688763498557329,0.489988417902287,-0.116995809136622,-0.0127767979267294,-11.2894928689874,0.074013941556205,0.0588030567866492,0.0135467863690121,-0.00268812510830354,-0.00944016894543707,-2.58983890523118,0.0472735431401623,0.0768934199581844,0.0167060153647688,15.7275018626362,9.76948510632289,-0.232972535281842,-8.27449387457956,-16.5641756521391,-0.110753639716441,7.17365323639019,-5.89229630907145,-2.81,0.133678085386068,0.051888390318869,18.5311495397509,18.9689269277063,0.169752237400987,1.11051869424322,174.990005493164,-42.5653590049418,-88.2202611619531,-174.990005493164,4.24613046646118,18.6510314941406,6.53000020980835,16,35.1155662536621,991.272093468106
5.425,-0.0293562492389575,-0.0698368406880201,0.4898670188321,-0.167178793171039,-0.0612507782765443,-11.3747092289752,0.0342660672164969,0.0628473371712266,0.0184052589481405,-0.00124133477655084,-0.00759576871390375,-2.58922682549182,-0.0039073308765798,0.0745268667854133,0.0163105171382484,15.7235822015759,9.79615037866874,-0.294969152474082,-8.24698772668474,-16.5901950752626,-0.187688818954492,7.17371625898958,-5.8922679899262,-2.81,0.13149388747863,0.0534609055875603,18.5294038241672,18.9504688930697,0.169751946776677,1.11051862946811,174.990005493164,-42.9790678992586,-89.0458530713051,-174.990005493164,4.24686479568481,18.6683502197266,6.53000020980835,16,35.1130905151367,991.273830138531
5.45,-0.0271338700395387,-0.0723720434622107,0.48974562207747,-0.024136374259669,0.0643410606434295,-11.4097191404251,0.0338024221555311,0.0470139635033377,0.0171240913942521,-0.00363439425402905,-0.0062411225334085,-2.58869530848177,0.0541184147276543,0.0218880482683369,0.0238121931528729,15.7145108496278,9.80829262130501,-0.354197105378455,-8.22479684897263,-16.5994429004309,-0.291758746464166,7.17377928158897,-5.89223967078094,-2.81,0.127621315721247,0.0537432548235785,18.5291957855225,18.9235801808415,0.169751656152367,1.110518564693,174.990005493164,-43.3927767949936,-89.8714449806572,-174.990005493164,4.24759864807129,18.6856708526611,6.53000020980835,16,35.1106185913086,991.275566808956
5.475,-0.0268193083950419,-0.0711087781929842,0.489624225034886,-0.128655212256535,-0.150307357616137,-11.0916139536681,0.0191503738910109,0.0374433561001041,0.0155434202902238,-0.00239839067604382,-0.00562311905842724,-2.58820512744766,-0.0512688853813741,0.0387923795713356,0.0226941228439915,15.7111153749291,9.80134440641448,-0.34149932151045,-8.2168821802204,-16.5960365610467,-0.276654992460819,7.17392162411241,-5.8921726263872,-2.81,0.129020217067848,0.0534947030313316,18.5291957855225,18.9173830590384,0.16975158349629,1.11051854849923,174.990005493164,-43.4962040185727,-90.0778429579754,-174.990005493164,4.2477822303772,18.6900005340576,6.53000020980835,16,35.1118545532227,991.27289762202
5.5,-0.0274476316224018,-0.0752293214346694,0.489502825680695,-0.0493574269432435,-0.117042785001894,-10.9335323523445,-0.0508767351924292,0.0334320293112393,0.0215761899910282,-0.0072777310126562,-0.00589440699507269,-2.5877044796872,-0.0600645398793392,-0.0265150339100754,0.0293413004176644,15.7062787030168,9.82197952037016,-0.392184025915854,-8.19535524670363,-16.6135710072584,-0.371068016276048,7.17411715653166,-5.89207961384036,-2.81,0.124114847875402,0.053852403833913,18.5245247083841,18.8976043157375,0.16975158349629,1.11051854849923,174.990005493164,-43.4962040185727,-90.0778429579754,-174.990005493164,4.2477822303772,18.6900005340576,6.76999998092651,15.9519996643066,35.114330291748,991.268759815963
5.525,-0.0280916716497853,-0.0695142959716708,0.489381427175937,0.00582448806953599,-0.0417637843084578,-10.3923340572231,-0.0915422320703747,-0.0227160295966855,0.0207035434988023,-0.0094355108430065,-0.00727444816437603,-2.58720065341211,-0.0660156479107964,-0.0783636939211979,0.0290528206143585,15.686640019677,9.82761483678917,-0.360384574402863,-8.16805875294923,-16.6117572514346,-0.338973091051446,7.17431268895091,-5.89198660129352,-2.81,0.124701079400074,0.0538145602930619,18.5191585304811,18.8787663325125,0.16975158349629,1.11051854849923,174.990005493164,-43.4962040185727,-90.0778429579754,-174.990005493164,4.2477822303772,18.6900005340576,6.76999998092651,15.9519996643066,35.1168060302734,991.264622009907
5.55,-0.0300001598117202,-0.0676058078097359,0.489260029263338,-0.116896208373885,-0.0697642923233404,-9.83801542022446,-0.10928948444188,-0.0673003665664284,0.0211490781923297,-0.0110289756783209,-0.00868644165927539,-2.58662449513047,-0.193891356030683,-0.056648020853628,0.0258912079092454,15.672803430247,9.82530453067724,-0.355502773310289,-8.14877561673157,-16.6069213578157,-0.327685320125521,7.17450822137016,-5.89189358874667,-2.81,0.124092297907797,0.0534209646684881,18.5184078216553,18.8620447949015,0.16975158349629,1.11051854849923,174.990005493164,-43.4962040185727,-90.0778429579754,-174.990005493164,4.2477822303772,18.6900005340576,6.76999998092651,15.9519996643066,35.1192779541016,991.26048420385
5.575,-0.0314350797938149,-0.0633198605081413,0.489138632505597,-0.199915296420894,-0.149978965101484,-9.42499155318398,-0.117944195557633,-0.0697605712831046,0.0297552398713637,-0.0145464542783612,-0.0109658853095048,-2.58587413879437,-0.0884458515897427,-0.0835630983104685,0.0377102955670675,15.6693720899221,9.84258750040281,-0.392611850699544,-8.12672792398207,-16.624794046392,-0.363882708358661,7.17470375378941,-5.89180057619983,-2.81,0.120161654458074,0.0537595473956387,18.5184078216553,18.8497864716066,0.169751377025639,1.11051850261686,174.988250732422,-43.7892478196592,-90.6643751001391,-174.988250732422,4.24817991256714,18.6812381744385,6.76999998092651,15.9519996643066,35.1199989318848,991.26144881101
5.6,-0.0350850920312601,-0.0625191254105416,0.489056056457023,-0.142953056242429,0.056124675757981,-9.37608674657027,-0.111591713964763,-0.0596739580201739,0.0364777535887865,-0.0159056158984993,-0.0112935909077073,-2.58542844676106,-0.179659183024973,-0.047500636195962,0.0357957944616043,15.678917886001,9.81554689200328,-0.352578343167887,-8.14159177372458,-16.6103069404819,-0.331549522914581,7.17480991964101,-5.89174841861791,-2.81,0.121545958240747,0.0520391161206568,18.5161270849484,18.8579525502246,0.16975108553766,1.11051843784175,174.985778808594,-44.202956713976,-91.4924204771908,-174.985778808594,4.2487416267395,18.6688671112061,6.21000003814697,16.0030002593994,35.1199989318848,991.264514411848
5.625,-0.0344569839485162,-0.0593455621669938,0.489154317773295,-0.11157146760596,0.0617499706002039,-9.05428118129384,-0.103260307186264,-0.0771090775986769,0.0388430478206309,-0.0204568858971243,-0.0136533229993797,-2.58425187862955,-0.179704995253159,-0.0546783983919476,0.0391844749789222,15.668186107336,9.82793367738836,-0.363973150062071,-8.10906629664517,-16.6232572449368,-0.350963075689019,7.17491319234617,-5.89169758367151,-2.81,0.118542322183737,0.0519448275819473,18.5134430472384,18.8364875807123,0.169750794049682,1.11051837306665,174.983291625977,-44.6166656082928,-92.3204658543213,-174.983291625977,4.24930286407471,18.656494140625,6.21000003814697,16.0030002593994,35.1199989318848,991.267580012685
5.65,-0.0357326139209661,-0.0561671051105398,0.489334166561409,-0.261978470728549,-0.0010136824901876,-8.65922808419599,-0.0755524124955919,-0.0713876227817151,0.0420762059678506,-0.0202014926326555,-0.016651012562649,-2.5829352755381,0.00507818062987003,-0.0612918842451665,0.0469974978019755,15.6684946928999,9.82193061159427,-0.314187496821559,-8.09009909749459,-16.6300261171097,-0.2515722570745,7.17501646505133,-5.8916467487251,-2.81,0.12083633367981,0.0514571368825904,18.513011932373,18.8383146038333,0.169750502561704,1.11051830829154,174.980819702148,-45.0303745040278,-93.1485112314517,-174.980819702148,4.24986457824707,18.6441230773926,6.21000003814697,16.0030002593994,35.1199989318848,991.270645613523
5.675,-0.0384281088266251,-0.0572746491163811,0.489514013639045,-0.388793138105145,0.0730072175876338,-8.78955149206215,-0.0469905574887306,-0.0300516472297947,0.0461895402635357,-0.0237121439120229,-0.015533197238378,-2.58209281071809,-0.10399793885936,0.00845782233258854,0.0458821847325921,15.6873234300691,9.77067740815883,-0.28342558379892,-8.11962346048159,-16.6023102247658,-0.271281285912151,7.1751600271013,-5.89157685146394,-2.81,0.120944363524346,0.0481020705558652,18.513011932373,18.8439726181944,0.169750405399045,1.11051828669984,174.979995727539,-45.1682774683273,-93.4245263571619,-174.979995727539,4.25005149841309,18.6399993896484,6.21000003814697,16.0030002593994,35.1199989318848,991.269251243355
5.7,-0.0376369130841669,-0.0561665491468923,0.489693861570661,-0.324684752920748,0.0560311081612818,-9.23588234122632,-0.0479213360555831,0.0189624082316792,0.0495911142949307,-0.0216154825899578,-0.0159846507376621,-2.5814904705333,-0.0401264878238789,0.0215202476768602,0.0497579712570908,15.6974835283493,9.78868121443937,-0.268154722814259,-8.10755174583398,-16.6287846839323,-0.228693288324589,7.17532835017282,-5.89149523888727,-2.81,0.122619362722334,0.0492207699704114,18.5032455208375,18.855210234716,0.169750405399045,1.11051828669984,174.979995727539,-45.1682774683273,-93.4245263571619,-174.979995727539,4.25005149841309,18.6399993896484,6.23999977111816,15.9670000076294,35.1199989318848,991.265626887685
5.725,-0.0374903886774367,-0.0574635568436195,0.489873709504796,-0.196600004598726,0.286595866225613,-9.16016096269289,-0.00294767039001006,0.0350689149196888,0.0453860233246842,-0.0205306667237811,-0.0147233561198056,-2.57991018329463,-0.00274847996000113,0.0532490669646864,0.0479805640778934,15.7043611642539,9.75225110691553,-0.241474362522901,-8.1051882590729,-16.6148529688989,-0.210369209424629,7.17549667324434,-5.8914136263106,-2.81,0.12480414594345,0.0472004928604376,18.4914647869228,18.8480652477178,0.169750405399045,1.11051828669984,174.979995727539,-45.1682774683273,-93.4245263571619,-174.979995727539,4.25005149841309,18.6399993896484,6.23999977111816,15.9670000076294,35.1199989318848,991.262002532015
5.75,-0.0357380943416332,-0.0618831733771428,0.490053560010428,-0.177358437262907,0.0239918322707715,-9.39332345106535,0.022096160303705,0.0396208255476346,0.0401241870666164,-0.0239715419877036,-0.0129132220409193,-2.57850299309021,0.0511492202862971,0.0231386291676984,0.0492114336207696,15.7122323365946,9.73241543167985,-0.196113872579315,-8.09882421056177,-16.6129588117845,-0.226410488531781,7.17566499631586,-5.89133201373393,-2.81,0.125935636145391,0.045470247131569,18.4893283843994,18.8398045767855,0.169750405399045,1.11051828669984,174.979995727539,-45.1682774683273,-93.4245263571619,-174.979995727539,4.25005149841309,18.6399993896484,6.23999977111816,15.9670000076294,35.1199989318848,991.258378176345
5.775,-0.0349309968528817,-0.0595130604751901,0.490233408800889,-0.29349780470147,0.154600288009214,-9.53351212600166,0.0388984614720426,0.0412281329513658,0.0395172944515411,-0.0202552375541548,-0.0119311286040385,-2.57754170912537,0.0345302220978672,0.0490477269737026,0.0373780057269162,15.7163085460248,9.71192893417758,-0.140342094276539,-8.09469923120817,-16.6071404099746,-0.149484445549957,7.17583932076063,-5.89124870485184,-2.81,0.1308136807343,0.0447269210451348,18.4893283843994,18.8440448343384,0.169750222679266,1.1105182464853,174.958343505859,-45.4251217413029,-93.9435881352596,-174.958343505859,4.25191402435303,18.627628326416,6.23999977111816,15.9670000076294,35.1184539794922,991.259907201393
5.8,-0.0338186041153933,-0.0637766226832822,0.490413256731312,-0.361258887405584,0.012007909102677,-9.6229713274146,0.0591612646147237,0.0515044048243032,0.0328488416529733,-0.0204427347589424,-0.0108239543938673,-2.5769309266117,0.108688390906289,0.0367505433146427,0.0326663776282836,15.7204709294032,9.70947560905195,-0.160135064878639,-8.08968258157394,-16.6118724712151,-0.188400672646333,7.17601785102215,-5.89116420718353,-2.81,0.129884556505632,0.0444870830943339,18.4836857392616,18.8374090153986,0.169749930327619,1.11051818214202,174.923706054688,-45.8360725757948,-94.7740869801686,-174.923706054688,4.25489330291748,18.6078338623047,5.90000009536743,16.003999710083,35.1159820556641,991.264528254873
5.825,-0.0344488988852892,-0.0644248759048155,0.490593104666639,-0.318621603483659,0.138278752031409,-9.8959421322202,0.0252545888390731,0.0789867525992884,0.0287205253578592,-0.0188420227853262,-0.00935593126852612,-2.57641014414538,0.0970662822471669,0.0609319453322092,0.0254145259941954,15.7255775134973,9.701750315205,-0.13307895254779,-8.08832004335022,-16.6128286115268,-0.168706015241601,7.17619638128367,-5.89107970951523,-2.81,0.13230896174156,0.0442064380765942,18.4767047744436,18.8397928627049,0.169749637975973,1.11051811779875,174.889068603516,-46.2470234117049,-95.6045858250775,-174.889068603516,4.25787305831909,18.5880393981934,5.90000009536743,16.003999710083,35.1135063171387,991.269149308352
5.85,-0.03318248332815,-0.0656912914619547,0.490772953459342,-0.239086721766136,0.207993199325219,-10.0284896203387,0.00522083610959402,0.0922879055490157,0.0186561286050965,-0.0227606117229408,-0.00607204265197884,-2.57617855626217,-0.110358588725284,0.0938750738602511,0.0116445679238201,15.7307754936243,9.69462402385001,-0.107368286397155,-8.09259074610062,-16.6105539005648,-0.232453599886979,7.17637491154519,-5.89099521184693,-2.81,0.132378087018594,0.0432530066324371,18.4752941131592,18.8333214325028,0.169749345624327,1.11051805345548,174.854415893555,-46.6579742476149,-96.4350846699865,-174.854415893555,4.26085233688354,18.5682468414307,5.90000009536743,16.003999710083,35.1110305786133,991.273770361832
5.875,-0.0295431461404379,-0.0608054899953855,0.490952803962733,-0.127485762393827,0.1831765023835,-10.2467388769056,-0.0357975608430048,0.0818857844237032,0.00831946391119066,-0.0214474904364253,-0.00512797632754785,-2.57591843417754,-0.054128869962909,0.0692552375125325,0.0108554573510399,15.7095900554305,9.74371449285197,-0.0878435371461392,-8.04330189176709,-16.643240380276,-0.216223581412037,7.17655734730854,-5.89090693303432,-2.81,0.134349741032248,0.0460450185009637,18.4752941131592,18.8144749043807,0.169749223811141,1.11051802664578,174.839996337891,-46.8292037619865,-96.7811258553324,-174.839996337891,4.26209402084351,18.5599994659424,5.90000009536743,16.003999710083,35.1100006103516,991.272436397592
5.9,-0.028731679544499,-0.0663132626173965,0.491132651893229,-0.0962445817833578,0.282618552257646,-10.4288070192653,-0.0802399457881198,0.0594976583042958,0.000664987309041517,-0.0268695116817803,-0.00307066762387998,-2.57599036629057,-0.081446931061474,0.0473970792036129,0.00415427276743618,15.7085130977879,9.73986767826793,-0.0752859055514708,-8.04610943471126,-16.6374532882873,-0.288695593707682,7.17674253450867,-5.89081599039515,-2.81,0.132829714876151,0.0451227026431657,18.4718106260005,18.8037871504231,0.169749223811141,1.11051802664578,174.839996337891,-46.8292037619865,-96.7811258553324,-174.839996337891,4.26209402084351,18.5599994659424,6.03000020980835,15.9820003509521,35.1100006103516,991.266848849267
5.925,-0.0281098630420458,-0.0580858400615721,0.491312499828483,-0.134357993814932,0.193501503892883,-10.4475131797765,-0.0717181746711169,0.0465688524855236,-0.00756378947074853,-0.0279694757759211,-0.00207182739575607,-2.57602311618526,-0.0349601000447999,0.0355483846187433,-0.00080510272737387,15.6983129697719,9.75774472015535,-0.0204979293909773,-8.02752042338429,-16.6475795892554,-0.260848533240939,7.17692772170879,-5.89072504775599,-2.81,0.135446828206447,0.0459370808545403,18.4673875140161,18.798492924282,0.169749223811141,1.11051802664578,174.839996337891,-46.8292037619865,-96.7811258553324,-174.839996337891,4.26209402084351,18.5599994659424,6.03000020980835,15.9820003509521,35.1100006103516,991.261261300942
5.95,-0.0274880236094351,-0.0574640006289613,0.491492350330701,-0.153431008262713,0.143673552460528,-10.4890873312914,-0.0785963319584913,0.0481380519842567,-0.0100028113829099,-0.0291030373504987,-0.00142360133921674,-2.57622705000613,-0.0150839900845361,0.0243495141276968,-0.00516801611782547,15.6922315697407,9.76267498164558,0.00490868244644679,-8.02276285612257,-16.6470805076048,-0.256837027162977,7.17711290890892,-5.89063410511682,-2.81,0.136398008631508,0.0460813429737406,18.466402053833,18.7951058429543,0.169749223811141,1.11051802664578,174.839996337891,-46.8292037619865,-96.7811258553324,-174.839996337891,4.26209402084351,18.5599994659424,6.03000020980835,15.9820003509521,35.1100006103516,991.255673752618
5.975,-0.0268420558733971,-0.0568180328929234,0.491672197841659,-0.203585092959024,0.219992196493391,-10.5644376238012,-0.082406161843621,0.0427923175539457,-0.0119903630652194,-0.0302459627967475,-0.000873094101653557,-2.57647869408075,-0.00262448916201618,0.0133317545218835,-0.00936469101272903,15.6848497254808,9.76206961329006,0.0247882598028853,-8.02076609016194,-16.6407488085377,-0.256746804298715,7.17724084389861,-5.89057055469207,-2.81,0.137043533169666,0.0459423012723306,18.466402053833,18.790019934491,0.16974906615573,1.11051799249491,174.852066040039,-47.0473202848723,-97.2289859537219,-174.852066040039,4.26136875152588,18.5586585998535,6.03000020980835,15.9820003509521,35.1100006103516,991.254118929204
6,-0.0262101630474111,-0.0549209020258817,0.491852047915037,-0.180322949111334,0.217472178533855,-10.6995941644822,-0.0768937860179915,0.0283206402926048,-0.0147560015927384,-0.0329921762589609,0.000122191020371998,-2.57693169376104,-0.111800354802221,0.0242908071152024,-0.0160187279947371,15.6674652333196,9.76355221266378,0.042361687634343,-8.01270820261686,-16.6287522186698,-0.281638188229364,7.17732332124405,-5.89052875339331,-2.81,0.136952720956153,0.0457567321803923,18.460204822501,18.773361828328,0.169748775099586,1.11051792944714,174.874328613281,-47.4499969427259,-98.0558045968843,-174.874328613281,4.2600302696228,18.5561847686768,5.92999982833862,15.9930000305176,35.1100006103516,991.255976411485
6.025,-0.0263596635576126,-0.0595228864548063,0.492031896705498,-0.0983644810583836,0.275339267494394,-10.7566615583013,-0.0837484221938962,0.0121857292515509,-0.017086511338071,-0.0320036744465111,-0.000600424070227295,-2.57745084669882,-0.0252089818696792,-0.0022716764654298,-0.0174162178676531,15.6358305477402,9.82089909692757,0.0242639355372758,-7.96429810091418,-16.6559616253628,-0.280611515197596,7.17740579858948,-5.89048695209454,-2.81,0.13653389753823,0.0490925705772816,18.4521232978585,18.7500519473434,0.169748484043441,1.11051786639937,174.896591186523,-47.8526736005794,-98.8826232401256,-174.896591186523,4.25869131088257,18.5537109375,5.92999982833862,15.9930000305176,35.1100006103516,991.257833893766
6.05,-0.0265346432831143,-0.054034381903007,0.492211745493108,-0.00588138597936357,0.318146953693616,-10.5209299987237,-0.0498656345126945,-0.0201031002296203,-0.0252381935136353,-0.0341143464747073,-0.00140821324479712,-2.57858215301608,-0.0517294087598703,-0.0292130215776217,-0.0263008249035764,15.6009015560661,9.84210371770294,0.0438123750271299,-7.94245933648147,-16.6463668445591,-0.26993525333596,7.17748827593492,-5.89044515079578,-2.81,0.136618802130069,0.0501794456340834,18.4501552581787,18.7284435071853,0.169748192987297,1.1105178033516,174.918853759766,-48.255350258433,-99.7094418833668,-174.918853759766,4.25735282897949,18.5512351989746,5.92999982833862,15.9930000305176,35.1100006103516,991.259691376047
6.075,-0.0276344182700074,-0.0541015861437957,0.492391592571248,-0.0948585570251061,0.130045688321104,-10.2601828984623,-0.0554190326079367,-0.0523481110559257,-0.031324597122298,-0.0393943884786702,-0.00224268812577971,-2.57942216983053,-0.051496630490342,-0.066009757265494,-0.0297982291988465,15.5855326367103,9.8310178839804,-0.000974363675832046,-7.95154403871117,-16.6194444586988,-0.353205944391526,7.17764597664265,-5.89036628036046,-2.81,0.13166490069559,0.0490723765477687,18.4501552581787,18.7093919224878,0.169748047459225,1.11051777182771,174.929992675781,-48.4566885873597,-100.122851204987,-174.929992675781,4.25668334960938,18.5499992370605,5.92999982833862,15.9930000305176,35.1100006103516,991.259087316769
6.1,-0.0293757682334043,-0.0555441746064792,0.492571441361709,-0.167270923080375,0.237683152504314,-9.91497455952027,-0.0383405432106072,-0.066313482682581,-0.0392854271705511,-0.0374291457540805,-0.00310017010439519,-2.57988777698226,-0.0798913966083079,-0.040984250848075,-0.0363926329888885,15.5732618885098,9.83774855823083,0.0379281842762994,-7.94424149299151,-16.6168213740687,-0.281949664963239,7.17785112339864,-5.89026402910317,-2.81,0.134564639979014,0.049762401661056,18.4405953122168,18.7117010469384,0.169748047459225,1.11051777182771,174.929992675781,-48.4566885873597,-100.122851204987,-174.929992675781,4.25668334960938,18.5499992370605,5.76999998092651,16.0219993591309,35.1100006103516,991.256021715931
6.125,-0.0293827437007623,-0.0561663069366069,0.492751292731909,-0.247559904723482,0.00521480165764773,-9.75371155923365,-0.0121019269696764,-0.0319057854996086,-0.0451288877465245,-0.0402630834369554,-0.00301017344091471,-2.58148730502313,-0.12979858738103,0.0211743817569158,-0.0429496204044,15.5659387882256,9.85810722049131,-0.00262685760201236,-7.95533937955689,-16.6153242454272,-0.352577374856615,7.17805627015463,-5.89016177784587,-2.81,0.131048253198062,0.0507323165200908,18.4277823290874,18.7106306629491,0.169748047459225,1.11051777182771,174.929992675781,-48.4566885873597,-100.122851204987,-174.929992675781,4.25668334960938,18.5499992370605,5.76999998092651,16.0219993591309,35.1100006103516,991.252956115093
6.15,-0.0284359686323537,-0.0552405751369264,0.492930825758465,-0.308650922665361,-0.0385854598248389,-9.93334780465986,-0.0381208976913626,0.0232501920029125,-0.043038284197778,-0.0396351886167604,-0.00322354680290456,-2.58279086222867,0.0375622589844657,0.0257719611829722,-0.0390493682145659,15.5307421276275,9.91609477860234,0.0223563899050733,-7.91575755570573,-16.6364490387197,-0.32051864630213,7.17826141691061,-5.89005952658858,-2.81,0.132804976226352,0.0541690344577965,18.4243965148926,18.6952350534181,0.169748047459225,1.11051777182771,174.929992675781,-48.4566885873597,-100.122851204987,-174.929992675781,4.25668334960938,18.5499992370605,5.76999998092651,16.0219993591309,35.1100006103516,991.249890514256
6.175,-0.0279516946281204,-0.0556823067270898,0.492884742680379,-0.313019573939507,0.0325787665246004,-10.2448112234501,-0.0425762064765833,0.0439531805871297,-0.0422105599177447,-0.0433049770246668,-0.00143240065909258,-2.5841059096156,-0.0718079578755566,0.0392126504016803,-0.0449091656806785,15.5230432967717,9.89953957119956,0.0523140216242718,-7.93941300164855,-16.6074938805101,-0.354064782385177,7.17845152720713,-5.88996508693204,-2.81,0.132956707758073,0.0530044342789593,18.4243965148926,18.693498044698,0.169748047459225,1.11051777182771,174.929992675781,-48.4566885873597,-100.122851204987,-174.929992675781,4.25668334960938,18.5499992370605,5.76999998092651,16.0219993591309,35.1088676452637,991.249856535921
6.2,-0.0262147210637724,-0.052375825871332,0.492697974800319,-0.209440389578072,0.0302593207978466,-10.3331642581864,-0.0406547376540477,0.0447542226469513,-0.0428357916009667,-0.0422684153318289,-0.000963660488428292,-2.58517924719643,-0.0768745488833023,0.0528653706824661,-0.0452083933450057,15.5018098336751,9.93763795286688,0.0615340307318389,-7.91853396854722,-16.6206307476517,-0.343505426161566,7.17863135590628,-5.88987598867476,-2.81,0.13410955684278,0.0553702802712869,18.4100423399935,18.6857457441217,0.169748047459225,1.11051777182771,174.929992675781,-48.4566885873597,-100.122851204987,-174.929992675781,4.25668334960938,18.5499992370605,6.15000009536743,15.9729995727539,35.1063919067383,991.253405384182
6.225,-0.0262041097574595,-0.0587237861775098,0.492511208309959,-0.0782857648699989,-0.00324977874129015,-10.6286970778249,-0.10410139956374,0.0479163672208467,-0.0485076016513285,-0.0465317545089467,0.000683616261457223,-2.5862988800518,-0.19221052484242,0.0786898684266681,-0.0472991565152453,15.4997381710875,9.93914805714558,0.0285201923552567,-7.93570267136289,-16.6089274157431,-0.444425568347741,7.17881118460543,-5.88978689041749,-2.81,0.130583043968197,0.0550823111331743,18.3902540845969,18.6800547401667,0.169748047459225,1.11051777182771,174.929992675781,-48.4566885873597,-100.122851204987,-174.929992675781,4.25668334960938,18.5499992370605,6.15000009536743,15.9729995727539,35.1039161682129,991.256954232442
6.25,-0.024948204638274,-0.0530334527668014,0.492324445386469,0.00895388239923626,-0.0144440452567633,-11.1945283403363,-0.152519162151636,0.0556018402315442,-0.0529744900894515,-0.0531872642040709,0.00189787197225241,-2.58763271395424,-0.103469164018095,0.0332910384583499,-0.0430659119209675,15.4583427874425,9.99221653287193,0.0706417439578869,-7.89471155942766,-16.6205646506951,-0.490003383016824,7.17899101330458,-5.88969779216022,-2.81,0.130100795461667,0.057383062658997,18.384614944458,18.6480668459122,0.169748047459225,1.11051777182771,174.929992675781,-48.4566885873597,-100.122851204987,-174.929992675781,4.25668334960938,18.5499992370605,6.15000009536743,15.9729995727539,35.1014404296875,991.260503080702
6.275,-0.0236871872438979,-0.0444453277310658,0.492137678896541,0.0976392357959677,0.025420920848346,-11.6361979185384,-0.154331987366197,0.0410860267206164,-0.052696700456842,-0.056156658542799,0.0027991635732629,-2.5887862484082,-0.190101422000406,0.039989897801676,-0.0402947306590233,15.4448787121091,9.99125903218772,0.129057530596468,-7.9016290983106,-16.6049593196686,-0.475157774972422,7.17917196896575,-5.88960721646008,-2.81,0.131995609054241,0.0571409946331953,18.384614944458,18.6467375093412,0.169747926005901,1.11051774573774,174.935134887695,-48.623321336302,-100.467870112105,-174.935134887695,4.25729513168335,18.555154800415,6.15000009536743,15.9729995727539,35.0999984741211,991.258697195152
6.3,-0.0217974001759164,-0.0390634057820487,0.491950911520546,0.153619038337328,-0.091100740169064,-11.6160265237338,-0.140004304302812,0.0109644918609234,-0.0435913061485249,-0.0580078094467114,0.00179328867742877,-2.589597624884,-0.0690627182705936,-0.00998111803570777,-0.0285948151200783,15.421450148148,10.0058859895817,0.105748605814054,-7.88896530501335,-16.5970511200475,-0.502177668539709,7.17935365643447,-5.88951568136305,-2.81,0.129813146858972,0.0578924419104479,18.3692789569343,18.6287840560837,0.169747634517923,1.1105176831218,174.947509765625,-49.0232399357488,-101.295915489315,-174.947509765625,4.25876331329346,18.5675239562988,5.75,16.0249996185303,35.0999984741211,991.249394682265
6.325,-0.0236927506098429,-0.0409502306267475,0.491764146816105,0.119741108215632,-0.145346097631684,-11.262223431491,-0.127011261690861,-0.0219553225276697,-0.0332059922245883,-0.0607104429189663,0.00103161574063249,-2.59020857460978,-0.0790855727056154,-0.0360900255180954,-0.0191347352075826,15.4115803833426,9.9852856028695,0.124962640851108,-7.90186517137904,-16.5696067258436,-0.49700493854446,7.17953534390319,-5.88942414626602,-2.81,0.129449396112616,0.0565715064379217,18.3475153864044,18.6243090499966,0.169747343029945,1.11051762050587,174.959899902344,-49.4231585337775,-102.123960866445,-174.959899902344,4.26023197174072,18.5798969268799,5.75,16.0249996185303,35.0999984741211,991.240092169378
6.35,-0.0246246175822294,-0.038166439803266,0.491577381214574,0.0201206642338563,-0.303095159514953,-11.0406146377133,-0.129295205211033,-0.0499366144392179,-0.022269936213763,-0.0691559706174901,0.000518052779970354,-2.59052048281431,-0.134471374031829,-0.078728696741458,-0.00663441878475833,15.3722943126304,9.99187582334627,0.0762163430738579,-7.87435460543187,-16.5456341889071,-0.622376629571353,7.17971703137191,-5.88933261116898,-2.81,0.122967907839256,0.0561190601441572,18.3408622741699,18.5733015959083,0.169747051541966,1.11051755788993,174.972259521484,-49.8230771318061,-102.952006243497,-174.972259521484,4.26169967651367,18.5922679901123,5.75,16.0249996185303,35.0999984741211,991.230789656492
6.375,-0.0265460527900063,-0.0287277123465309,0.49139061339337,-0.107879323525218,-0.291871481794185,-10.4123181215421,-0.154141077746022,-0.0673328437282367,-0.00829798437547038,-0.0701957869781509,-0.00205604410767195,-2.59046143122065,-0.162501331755322,-0.0784273215411694,-0.000615438882954836,15.3546687088995,9.99688560299269,0.100660734864297,-7.85648193762511,-16.5428362796986,-0.569179136811244,7.17981249314405,-5.88928363528564,-2.81,0.123431964157504,0.05631493186098,18.3408622741699,18.5636637627641,0.169746760377864,1.11051749527399,174.983703613281,-50.2229957298347,-103.77913157027,-174.983703613281,4.26261758804321,18.5832996368408,5.75,16.0249996185303,35.0999984741211,991.223825985623
6.4,-0.027527137520114,-0.0231834206039019,0.491203847350978,-0.111479238399152,-0.185563261507483,-9.83253769745717,-0.131160049880603,-0.0826622843905646,0.00235350419725041,-0.0743200342732596,-0.00485663483698336,-2.590350918398,-0.051029873382467,-0.117306892229927,0.00693730050971763,15.3419141926098,9.98853883122075,0.0701543677104697,-7.85227672207217,-16.5268048562603,-0.597186934392832,7.17984828302194,-5.88926411221045,-2.81,0.119400168675933,0.0554469368145233,18.3248748779297,18.5477383234026,0.169746469753554,1.11051743265806,174.993621826172,-50.6229143278634,-104.604723479543,-174.993621826172,4.26261758804321,18.5387649536133,6.26000022888184,15.9610004425049,35.0999984741211,991.220760384786
6.425,-0.0300762543008344,-0.0193530409119717,0.491017081308586,-0.135126071303035,-0.0537244615212667,-9.31321386485312,-0.125352036035616,-0.0952577782477644,0.0111413255096651,-0.0753269485359008,-0.00768419204554541,-2.5900743694081,-0.0124598259687226,-0.108797488416764,0.0132004063414336,15.3365259060887,9.96568223923988,0.106082167922494,-7.85520540466407,-16.5092044339247,-0.526326702151482,7.17988407289983,-5.88924458913526,-2.81,0.120378344968711,0.0540839424596324,18.3014993667603,18.5486556503322,0.169746179129244,1.11051737004212,175.003509521484,-51.022832925892,-105.430315388895,-175.003509521484,4.26261758804321,18.4942264556885,6.26000022888184,15.9610004425049,35.0999984741211,991.217694783948
6.45,-0.0316674081291176,-0.0190323794900557,0.490830315266193,-0.15905478960546,0.189534031273453,-9.18662637830591,-0.0731716222021701,-0.0784592633508494,0.0144072132482894,-0.0798387523345758,-0.0082584320451846,-2.58990351989652,-0.0836439595177913,-0.0501785265746021,0.0121766131209851,15.3308268771903,9.92731148830859,0.10871395067894,-7.86957561851686,-16.4729293147826,-0.556744305741784,7.17991986277772,-5.88922506606007,-2.81,0.118290371860909,0.051516408304733,18.2938690185547,18.5358914295925,0.169745888504934,1.11051730742619,175.013412475586,-51.4227515253389,-106.255907298247,-175.013412475586,4.26261758804321,18.4496898651123,6.26000022888184,15.9610004425049,35.0999984741211,991.21462918311
6.475,-0.032312797542285,-0.0139817199027507,0.490643549223802,-0.169008290971832,0.165121915512796,-9.29003947687946,0.00236266334202738,-0.0436831520397252,0.0147530858969251,-0.075679572360313,-0.00941551930274712,-2.58933246801571,0.0702643765560654,-0.0144813745970097,0.0217405448568428,15.3300641408334,9.92439266208842,0.13929810404885,-7.85834896129246,-16.4788354180963,-0.467092176152455,7.17998876351256,-5.88919007285697,-2.81,0.121753344603245,0.0517349400711819,18.2938690185547,18.5413431858182,0.169745694755394,1.11051726568223,175.020004272461,-51.6893639244973,-106.806301904455,-175.020004272461,4.26261758804321,18.4200000762939,6.26000022888184,15.9610004425049,35.0999984741211,991.214130834206
6.5,-0.0319820594647212,-0.0186825024419277,0.49045678318141,-0.124953211565346,0.262405386720247,-9.2236464444827,0.0637766421769111,-0.00644498148413996,0.0155769990319217,-0.0761170988202322,-0.00849473083606715,-2.58899538544718,0.098808883601968,0.00024338046862739,0.0205863701331024,15.3432002205307,9.87607971032376,0.152902406158354,-7.88839335529578,-16.4477404115364,-0.468196779794097,7.18007980503585,-5.88914473498567,-2.81,0.122368544174956,0.0489916797975778,18.2811699306842,18.5479612994711,0.169745694755394,1.11051726568223,175.020004272461,-51.6893639244973,-106.806301904455,-175.020004272461,4.26261758804321,18.4200000762939,6.19000005722046,15.9949998855591,35.0999984741211,991.218766989167
6.525,-0.0300843393640613,-0.0142737271741501,0.490270017139018,-0.0726082856720045,0.225168798964658,-8.81669418150833,0.138301651626676,0.00565290796593602,0.0146740189321762,-0.0716518177031486,-0.00856166975753812,-2.58847917645624,0.198487404595944,-0.0067658879724807,0.0227441178118077,15.332405889669,9.86505674926891,0.192678812847806,-7.87305598985258,-16.441034492713,-0.382771925355686,7.18017084655913,-5.88909939711437,-2.81,0.126729221636848,0.0488396277071058,18.2620220872545,18.5427724080444,0.169745694755394,1.11051726568223,175.020004272461,-51.6893639244973,-106.806301904455,-175.020004272461,4.26261758804321,18.4200000762939,6.19000005722046,15.9949998855591,35.0999984741211,991.223403144128
6.55,-0.030387364172494,-0.0195679274724873,0.490083251096625,-0.16338492176578,0.0483505740488236,-8.60010678382057,0.175218801801861,0.0133550282727953,0.0172901045253832,-0.0664000165385392,-0.00741048980634233,-2.58805204226248,0.0912675529836143,0.0546518911888309,0.0168176329303349,15.3374546421399,9.81880945934298,0.196793272734085,-7.89233987769503,-16.4097421466157,-0.341461018717318,7.18026188808242,-5.88905405924307,-2.81,0.129663577231211,0.0468672882007835,18.2553749084473,18.5462094920664,0.169745694755394,1.11051726568223,175.020004272461,-51.6893639244973,-106.806301904455,-175.020004272461,4.26261758804321,18.4200000762939,6.19000005722046,15.9949998855591,35.0999984741211,991.22803929909
6.575,-0.0287929257391656,-0.026975405316884,0.489896485501594,-0.257529785370136,0.0564460706221192,-8.92463672363378,0.183209231670731,0.0514921633246019,0.0209044142474269,-0.0601751537257155,-0.00614579604712529,-2.58774172119031,0.275389377681102,0.0732431226142147,0.020119087011313,15.3388266201248,9.82595437805864,0.148486948692769,-7.88435802830708,-16.4184812788577,-0.34842628078196,7.18034763844722,-5.88901135460498,-2.81,0.130293833799242,0.0479438857505412,18.2553749084473,18.5438517813001,0.169745610619728,1.1105172475452,175.025054931641,-51.8052024144522,-107.045310557748,-175.025054931641,4.26220178604126,18.4142265319824,6.19000005722046,15.9949998855591,35.0999984741211,991.231058966253
6.6,-0.0262388967367187,-0.0371345916142818,0.489709719900052,-0.259156919914779,0.0597506606505719,-9.70143454656729,0.198474730676268,0.119753287219782,0.0192500342899294,-0.0562137097070405,-0.00352951613808385,-2.5875549055008,0.253873392263254,0.117157929181016,0.0198678662704207,15.3599361016329,9.79545279450569,0.16211121513132,-7.91299703954883,-16.4066312352033,-0.334278186320582,7.18031180058445,-5.889029160375,-2.81,0.133250680927913,0.0466834570889346,18.2437096625259,18.5622499618663,0.169745322154588,1.1105171853611,175.042388916016,-52.2023629540741,-107.864768797654,-175.042388916016,4.26077699661255,18.3944339752197,6.42999982833862,15.9700002670288,35.0999984741211,991.230152877336
6.625,-0.0248051588595407,-0.0392045699753654,0.489522954307724,-0.116222854144282,0.0956705246642024,-10.6208685728848,0.190237963713188,0.160786133393617,0.0179017386645668,-0.0524299000342899,-0.000592180862145458,-2.58737177895638,0.227268380214291,0.159922238849559,0.0192930581213384,15.3727327176643,9.77084946872439,0.169227661933616,-7.93195683116575,-16.3948646185466,-0.333951371955343,7.18027596272169,-5.88904696614503,-2.81,0.13588501525222,0.045753551922027,18.2255532716967,18.5710150872429,0.169745033689448,1.11051712317699,175.059692382812,-52.5995234936961,-108.68422703756,-175.059692382812,4.25935173034668,18.3746395111084,6.42999982833862,15.9700002670288,35.0999984741211,991.229246788418
6.65,-0.0189192996591869,-0.044446223218747,0.489336188705463,0.0164525489990742,0.161714371945852,-11.2596364572736,0.212146774885258,0.157761541895629,0.0140419723565004,-0.0476718370947358,0.00441959042449833,-2.58719010834995,0.207025910031939,0.149462465674002,0.0134442170034404,15.3526719021111,9.76991349427299,0.161028673442102,-7.91037604196703,-16.385017905415,-0.372576927657621,7.18024012485892,-5.88906477191505,-2.81,0.138779258311506,0.0463124878987985,18.2188739776611,18.5427279467905,0.169744745224308,1.11051706099289,175.076995849609,-52.9966840318998,-109.503685277386,-175.076995849609,4.25792646408081,18.3548450469971,6.42999982833862,15.9700002670288,35.0999984741211,991.228340699501
6.675,-0.0163709955080388,-0.0520955306300817,0.489149420436649,0.133537348587355,0.125884126686329,-11.4938961830629,0.239313647491968,0.121228234761765,0.00871657478069314,-0.0425819906425383,0.00796897234620413,-2.58701890764388,0.245623988089328,0.0735551409447289,0.0107852451356793,15.3468547928622,9.75299847173369,0.089453145079008,-7.91102985927686,-16.3667270279777,-0.448091559054755,7.18020428699615,-5.88908257768507,-2.81,0.138069538998394,0.0460623069578618,18.2188739776611,18.5230934988677,0.169744528875453,1.11051701435482,175.089996337891,-53.2945544362617,-110.118278957316,-175.089996337891,4.25685787200928,18.3400001525879,6.42999982833862,15.9700002670288,35.0999984741211,991.22686830501
6.7,-0.0141463186822751,-0.0555682410769763,0.488143783468818,0.166146688994833,0.043264564319541,-11.2560305166644,0.220477328824439,0.0791594074550272,0.00414061769533039,-0.0355468142153872,0.00847501992531714,-2.58690446841096,0.307486278803574,0.0191065879827205,0.00686558080925267,15.3331112137323,9.76007824169392,0.0980204967745353,-7.89286695087618,-16.3686334741868,-0.378845981839533,7.18021553321245,-5.88907863632845,-2.81,0.142077684190411,0.0473816689909912,18.2090733518306,18.5183529243785,0.169744528875453,1.11051701435482,175.089996337891,-53.2945544362617,-110.118278957316,-175.089996337891,4.25685787200928,18.3400001525879,6.44999980926514,15.9840002059937,35.0999984741211,991.223696993798
6.725,-0.0144583812849288,-0.0587443579000633,0.485503868703054,0.0621685026719371,0.00550363574247439,-10.5945583352757,0.265827602878942,0.0274126823614986,0.00115790682676125,-0.0297981979388188,0.00891981196785204,-2.58700667339701,0.183303962725604,0.00226043971178638,-0.00209706473332335,15.3127176187961,9.73432115113294,0.01480735483931,-7.89105391195181,-16.3339597518,-0.411795324630481,7.18022795336899,-5.889074152754,-2.81,0.140583524893197,0.0468592146522742,18.1933106786197,18.4929867221623,0.169744528875453,1.11051701435482,175.089996337891,-53.2945544362617,-110.118278957316,-175.089996337891,4.25685787200928,18.3400001525879,6.44999980926514,15.9840002059937,35.0999984741211,991.220525682587
6.75,-0.0153943981069593,-0.0688994883510481,0.482590349040865,-0.02606691696585,-0.140131392493367,-10.0381958955559,0.235349996084659,-0.00922139450642334,0.00102637132900322,-0.0244480053655067,0.00760829197544286,-2.58710151648524,0.237489764167906,-0.0359771192381193,-0.00151949154777877,15.2947507960181,9.76736776449719,-0.0695154573221811,-7.86055204987671,-16.351364662023,-0.424620440821729,7.18024037352553,-5.88906966917955,-2.81,0.138495779695483,0.049465565827332,18.1871852874756,18.4763386222081,0.169744528875453,1.11051701435482,175.089996337891,-53.2945544362617,-110.118278957316,-175.089996337891,4.25685787200928,18.3400001525879,6.44999980926514,15.9840002059937,35.0999984741211,991.217354371376
6.775,-0.0168108077333039,-0.0766761939217218,0.479676780880961,0.0194488396500519,-0.201136258484801,-9.60481303239673,0.19474844493205,-0.0411823507778972,-0.00105634802271887,-0.0230140277441185,0.0067471766291664,-2.58735134418498,0.134496781509738,-0.0581679629184364,-0.00681705476877156,15.284855640633,9.76163104876974,-0.131639495977151,-7.85979747367025,-16.3384868859724,-0.459359983009621,7.18025279368207,-5.8890651856051,-2.81,0.135744107332674,0.049435322184048,18.1871852874756,18.4639929161075,0.16974446895848,1.11051700139979,175.09619140625,-53.3772962139905,-110.288488284862,-175.09619140625,4.2571816444397,18.3379383087158,6.44999980926514,15.9840002059937,35.0999984741211,991.213468885913
6.8,-0.0166531094106529,-0.0758816295362085,0.47746472905244,0.0617694141855458,-0.199820293172711,-9.72190714880933,0.0710691835458639,-0.0896259214342652,-0.00721085861611503,-0.0237544531087545,0.00411243139783028,-2.58771364566442,0.00776365706783985,-0.112322237062269,-0.0102633732031872,15.2664192472299,9.79477742043379,-0.189620211933186,-7.83422482315073,-16.3531917559235,-0.484992770183906,7.18027290915831,-5.88905686097245,-2.81,0.131909290155596,0.051240095953843,18.1774005693259,18.4482768808348,0.169744181357008,1.11051693921569,175.125885009766,-53.7744567550306,-111.105493056911,-175.125885009766,4.2587366104126,18.3280410766602,6.51999998092651,15.9790000915527,35.0999984741211,991.206869538297
6.825,-0.0184114659512875,-0.0753994881715102,0.477,0.15558721612866,-0.167770801631928,-9.54362476244554,-0.00749984389968878,-0.174261666846492,-0.0115464506292751,-0.0236474339524724,-0.000143382337841952,-2.58804776566942,-0.045859866972769,-0.193225074294515,-0.00902623568446232,15.2326247620442,9.84481924233265,-0.231147353534515,-7.78677631918154,-16.3755829442516,-0.461681649475243,7.18032830689994,-5.88903092547501,-2.81,0.129170034953262,0.0541092643565072,18.1611208227492,18.425433324782,0.169743893755536,1.11051687703159,175.155578613281,-54.1716172932344,-111.922497829038,-175.155578613281,4.26029109954834,18.3181438446045,6.51999998092651,15.9790000915527,35.0999984741211,991.200270190681
6.85,-0.0258682811557259,-0.0755555190280649,0.477,0.0885120062622161,-0.109490614171283,-8.35944494296131,-0.0604213834912301,-0.233695027317578,-0.0106553270452731,-0.0243418396778125,-0.00902180377917294,-2.58808852057935,-0.122163170296842,-0.208663372225001,-0.00227169943752512,15.2077577262593,9.84408687328403,-0.328082949991024,-7.77185837947581,-16.3616192714569,-0.430362633947816,7.18038370464157,-5.88900498997757,-2.81,0.122158062446462,0.0540601643711068,18.1544570922852,18.4094504867638,0.169743606154064,1.11051681484749,175.185256958008,-54.5687778328563,-112.739502601165,-175.185256958008,4.26184558868408,18.3082466125488,6.51999998092651,15.9790000915527,35.0999984741211,991.193670843065
6.875,-0.0280795440549448,-0.0771332665784033,0.477,-0.136137937560004,-0.178009507641947,-7.49337307954626,-0.107617240423523,-0.225424999027197,-0.00355489739997209,-0.0293515649402383,-0.0140573465658739,-2.58815916174084,-0.178740149508047,-0.193318482439155,0.00151185922910751,15.2081198375931,9.8519097285914,-0.369508234746969,-7.77417703301864,-16.3660637861979,-0.444632697671394,7.18043910238321,-5.88897905448013,-2.81,0.116599516413176,0.05381987774119,18.1544570922852,18.412083279948,0.169743366486171,1.1105167630274,175.210006713867,-54.8997449494443,-113.420339911271,-175.210006713867,4.26314115524292,18.2999992370605,6.51999998092651,15.9790000915527,35.0995864868164,991.187625216455
6.9,-0.0280795440549448,-0.0771332665784033,0.477,-0.248820845408102,-0.111483789039975,-6.44393628003187,-0.136412754497546,-0.194098648452695,0.0070818641939686,-0.0343612902026639,-0.0190928893525746,-2.58822980290233,-0.235317128719251,-0.17797359265331,0.00529541789574002,15.2133619465107,9.85539772308036,-0.408062657959655,-7.78362350344842,-16.3691539175311,-0.45581389755275,7.18039363783075,-5.8890033227721,-2.81,0.111162663567745,0.0533496595507359,18.148068221574,18.4200314250079,0.169743366486171,1.1105167630274,175.210006713867,-54.8997449494443,-113.420339911271,-175.210006713867,4.26314115524292,18.2999992370605,6.92999982833862,15.9399995803833,35.0971145629883,991.184348194869
6.925,-0.0303266000162825,-0.0720121939629128,0.477,-0.197930504532283,-0.121732818685251,-5.74011556445923,-0.16514118394088,-0.185389359094283,0.0120634384295419,-0.0360417030751705,-0.0207819622009993,-2.58825349807739,-0.254294753074646,-0.172826454043388,0.00656453752890229,15.1914527392135,9.87830099335202,-0.284827723776131,-7.75044579414387,-16.3788676771326,-0.324772662439252,7.18032571058704,-5.88903877177566,-2.81,0.116840374398368,0.0543987584551877,18.1370588282949,18.4157759301504,0.169743366486171,1.1105167630274,175.210006713867,-54.8997449494443,-113.420339911271,-175.210006713867,4.26314115524292,18.2999992370605,6.92999982833862,15.9399995803833,35.0946350097656,991.181071173285
6.95,-0.0385943148896585,-0.056480702017118,0.477,-0.191682737286839,-0.0142902208648302,-5.91980297240625,-0.21738835565119,-0.153652836758865,0.0189046671495642,-0.0451755730651772,-0.0258991551136675,-2.58737838641502,-0.250472714995922,-0.0806535976501899,0.0242361823378541,15.1971736148715,9.8395814891995,-0.196113442904185,-7.76375278032692,-16.3546105942355,-0.2465062322082,7.18025778334333,-5.88907422077923,-2.81,0.116326012781998,0.0509815464309798,18.13232421875,18.4234199759092,0.169743366486171,1.1105167630274,175.210006713867,-54.8997449494443,-113.420339911271,-175.210006713867,4.26314115524292,18.2999992370605,6.92999982833862,15.9399995803833,35.0921669006348,991.177794151699
6.975,-0.0392320327169305,-0.049479312305379,0.477,-0.191725795438078,0.0803805531803667,-6.24358048254692,-0.165784909114162,-0.0695366956379729,0.0261598378058745,-0.0440101444019198,-0.0271747227282479,-2.58644101820704,-0.123501359152451,-0.00037725003933803,0.037844205313538,15.227356651246,9.81818848855148,-0.0244965928562776,-7.77696684269132,-16.3641924621594,-0.0425165040585084,7.18018985609962,-5.8891096697828,-2.81,0.125760051950002,0.0497002853875017,18.13232421875,18.4689702181697,0.169743330643946,1.11051675536235,175.212478637695,-54.948700501409,-113.522158824315,-175.212478637695,4.2631139755249,18.2975254058838,6.8600001335144,15.9549999237061,35.0900001525879,991.175015479019
7,-0.0363789073595567,-0.0485489885754126,0.477,-0.19252224510535,0.0654997992006723,-6.94506140144317,-0.12122851309635,0.0138004489257244,0.0354061141909853,-0.046537998862312,-0.0260596364352258,-2.58530853071406,-0.075342858348189,0.037845539355119,0.0427089360321569,15.2458793682906,9.80774286027591,-0.0196077796941018,-7.78055101683491,-16.3733294073184,-0.0784358633443447,7.17996074515959,-5.88922536545511,-2.81,0.124966670637419,0.0486169738712213,18.1287878174143,18.4714588588464,0.169743043906142,1.11051669404192,175.232269287109,-55.3403449227993,-114.336710128585,-175.232269287109,4.26289844512939,18.2777309417725,6.8600001335144,15.9549999237061,35.0900001525879,991.175725248671
7.025,-0.0357419118566323,-0.0479119930724883,0.477,-0.125350868459816,0.0752060066465956,-7.04426405156908,-0.0544413427748743,0.0282939101028558,0.037797022398778,-0.0512823490995213,-0.0244217743384992,-2.58435717901945,-0.0100641839784362,0.0243429664569738,0.0464618516546854,15.26511694233,9.7651640513615,0.117115538476289,-7.79928849009666,-16.3574730436006,-0.0107209371067053,7.17969576145546,-5.88935892068696,-2.81,0.130270748465032,0.0455121852380933,18.1224681372495,18.4874916029878,0.169742757168338,1.11051663272148,175.252059936523,-55.7319893413532,-115.151261432934,-175.252059936523,4.26268196105957,18.2579383850098,6.8600001335144,15.9549999237061,35.0900001525879,991.176435018323
7.05,-0.0338463226553606,-0.0441100549196065,0.477,-0.103741935166352,0.10078761342668,-7.91506101003201,-0.000435529329506829,0.0443570751875568,0.0432844017194023,-0.0491347736545971,-0.0221473469620661,-2.58290610010662,-0.0289025907715225,0.104455898158133,0.0523364174224076,15.2715670400886,9.73625375810497,0.249816678378477,-7.78947555959649,-16.3520601125726,0.109572150616109,7.17943077775132,-5.88949247591881,-2.81,0.138885668659649,0.0439449575382734,18.1196193695068,18.4947933221893,0.169742470430535,1.11051657140105,175.271850585938,-56.1236337627435,-115.965812737204,-175.271850585938,4.26246643066406,18.2381439208984,6.8600001335144,15.9549999237061,35.0900001525879,991.177144787975
7.075,-0.0319366652932396,-0.0441165804611889,0.477,-0.0189276365092601,0.0462795714825731,-9.10320956497022,0.00142287456878202,0.105272952856327,0.0529100185695466,-0.0499833403682932,-0.0191531645900531,-2.58194634197913,0.0485922167641889,0.134388812133529,0.059055901025244,15.2959973490963,9.71194580903093,0.266700161835341,-7.80708386396856,-16.3525075339299,0.0741226764669071,7.17916579404718,-5.88962603115065,-2.81,0.139814331832232,0.0423266785200035,18.1196193695068,18.5034518878637,0.169742207587548,1.11051651519065,175.289993286133,-56.4826411475998,-116.712484766085,-175.289993286133,4.26226854324341,18.2199993133545,6.8600001335144,15.9549999237061,35.0900001525879,991.177713610462
7.1,-0.0274936542918625,-0.0460235522781194,0.477,0.13611693412422,0.184560774609392,-9.78142400753096,0.0592443242423103,0.162928772223954,0.0528477628323755,-0.0487506017182009,-0.0164838406554389,-2.58128908067521,-0.00415663392446254,0.1906914949923,0.0557257871467124,15.3157892124878,9.67088808206299,0.348976957898903,-7.83140013580981,-16.3362662741091,0.129755726406361,7.1789962876189,-5.88971149282686,-2.81,0.145185905340741,0.0400934795758564,18.1192175285103,18.5225449471111,0.169742207587548,1.11051651519065,175.289993286133,-56.4826411475998,-116.712484766085,-175.289993286133,4.26226854324341,18.2199993133545,7.3600001335144,15.9270000457764,35.0900001525879,991.176732014135
7.125,-0.0230487406964849,-0.0466654692147003,0.477,0.253543419508912,-0.0459358373315667,-10.8206873606279,0.0465610015125569,0.180904048036807,0.0598020805597936,-0.0458712528348648,-0.0106199366724866,-2.57910119470284,0.0157477420284225,0.186112307071575,0.0638072668662054,15.3287744985963,9.67448898082188,0.354978418354404,-7.8045096393059,-16.3639011634651,0.0737722758687944,7.17883147078087,-5.88979459227533,-2.81,0.147991910294138,0.0402949409908216,18.1184718043534,18.5073920859997,0.169742207587548,1.11051651519065,175.289993286133,-56.4826411475998,-116.712484766085,-175.289993286133,4.26226854324341,18.2199993133545,7.3600001335144,15.9270000457764,35.0900001525879,991.175750417808
7.15,-0.02081806512426,-0.0488961447869252,0.477,0.424602456914354,0.244326627789781,-11.0499806297859,0.087785361448364,0.15836340156523,0.0685094202630206,-0.0440376104180981,-0.0068585597976269,-2.57724722837679,0.183094567635929,0.104882034243821,0.0737111387283638,15.3575608262777,9.61873063338025,0.385686054695129,-7.82732070059935,-16.3478421477509,0.0671939381460838,7.17866665394284,-5.88987769172381,-2.81,0.151081263298368,0.0371808434558157,18.1181201934814,18.5155859212154,0.169742207587548,1.11051651519065,175.289993286133,-56.4826411475998,-116.712484766085,-175.289993286133,4.26226854324341,18.2199993133545,7.3600001335144,15.9270000457764,35.0900001525879,991.17476882148
7.175,-0.018592712520798,-0.0539780632071893,0.477,0.478512148405544,0.0411594112285673,-10.5682777097629,0.146360835848026,0.116506355545523,0.0669345631683063,-0.039148357325125,-0.00487600019302387,-2.57560370188493,0.114024111845294,0.0985227373654301,0.0739384893726111,15.3654292845738,9.56834936413444,0.428744242426734,-7.83284576438295,-16.3237089511491,0.128847151105448,7.17844396058053,-5.88998957613941,-2.81,0.156117939386442,0.0348279853196882,18.1181201934814,18.515888900639,0.16974219564014,1.11051651261764,175.290100097656,-56.4990745840807,-116.746424403819,-175.290100097656,4.2622594833374,18.219690322876,7.3600001335144,15.9270000457764,35.0900001525879,991.173646907216
7.2,-0.0160454822818161,-0.0587399563039638,0.477,0.406567577615777,0.103448997691665,-9.48154850106862,0.184148814186232,0.0720650967745805,0.0738826939500719,-0.0385756862204828,-0.00435421460922618,-2.57476908865256,0.168698533807174,0.0492274375900053,0.0774696480309794,15.36468859147,9.55172979789265,0.411404400414593,-7.82798412525447,-16.3153025703578,0.109625717414042,7.1781799256542,-5.89012202183743,-2.81,0.155625538201066,0.0338955432864633,18.1185498385085,18.5038796829697,0.169741908902336,1.11051645086537,175.292572021484,-56.8934770638778,-117.560975708089,-175.292572021484,4.26204395294189,18.2122688293457,9.03999996185303,15.9139995574951,35.0900001525879,991.169297680412
7.225,-0.0162041617629156,-0.0592180250836087,0.477,0.362953653968775,-0.0664773014130564,-10.1014783169303,0.0918579735348151,0.0399406052180052,0.0693176388930781,-0.0371150061307464,-0.00303559399349964,-2.57257956171154,0.0638584402846963,0.0206237716309242,0.0736269710923741,15.3739991479808,9.5454728996338,0.396846396932551,-7.80389658290952,-16.331707173253,0.0890430956673213,7.17791589072787,-5.89025446753546,-2.81,0.155856696327417,0.0334293077570585,18.1193790534108,18.4900808670895,0.169741622164532,1.1105163891131,175.295043945312,-57.2878795436748,-118.375527012438,-175.295043945312,4.26182746887207,18.2048454284668,9.03999996185303,15.9139995574951,35.0900001525879,991.164948453608
7.25,-0.0163604014910245,-0.0603267252134343,0.477,0.506836266801921,-0.134986729912201,-10.3393126026794,0.0318121549402605,0.0301261167208989,0.0659815450364571,-0.0343492276349507,-0.00329227664158491,-2.57033952343794,0.000306453959992461,0.0222129959079749,0.0673581407204038,15.4066653172595,9.51918360094171,0.382813873745427,-7.80926588738066,-16.3441360976105,0.106398361817183,7.17765185580154,-5.89038691323348,-2.81,0.15626618680924,0.0320106678534401,18.1197872161865,18.5038902627415,0.169741335426728,1.11051632736083,175.29753112793,-57.68228202489,-119.190078316708,-175.29753112793,4.26161193847656,18.1974220275879,9.03999996185303,15.9139995574951,35.0900001525879,991.160599226804
7.275,-0.0165086052665383,-0.0614111691056228,0.477,0.550141990178732,-0.0404550190355921,-10.5052291761745,-0.0356765792052457,0.00992572763833883,0.0615682028390363,-0.0376013875620211,-0.00232379127203095,-2.56909639591855,-0.0983143476112172,-0.00780706973209134,0.062637197967431,15.4247951084474,9.48908413066644,0.315729427689835,-7.82204048336248,-16.3365345378309,-0.00536831955056594,7.17739085733319,-5.89051780579086,-2.81,0.15123637164357,0.0297702469024448,18.1197872161865,18.49238126833,0.169741048688925,1.11051626560857,175.300003051758,-58.076684504687,-120.004629621056,-175.300003051758,4.2613959312439,18.1900005340576,9.03999996185303,15.9139995574951,35.0900001525879,991.15625
7.3,-0.0154230865644673,-0.0556040100086021,0.477,0.47823114658905,0.00720312649726462,-9.87091619994791,-0.0405325973038606,-0.0228581342254793,0.0644424486360547,-0.0378973934274861,-0.00281913647726123,-2.56789519790223,-0.095618784386585,-0.00730452882934215,0.0629388762084172,15.4234415747318,9.49715921551907,0.325393164816438,-7.79668835237009,-16.3522486840198,0.00880896045592972,7.17718020330367,-5.89062294729396,-2.81,0.151619447576966,0.0300034342948448,18.1222256336016,18.4826414923156,0.169741048688925,1.11051626560857,175.300003051758,-58.076684504687,-120.004629621056,-175.300003051758,4.2613959312439,18.1900005340576,9.82999992370605,15.9060001373291,35.0900001525879,991.160765343106
7.325,-0.0157246960218222,-0.0555659038769364,0.477,0.397937897859685,0.145722073188972,-9.84420194064631,-0.0494057668473415,-0.0294787076041705,0.0667211458058892,-0.0381933992929511,-0.00331448168249155,-2.56669399988591,-0.0929232211619525,-0.00680198792659293,0.0632405544494035,15.4287777502943,9.50619392208587,0.332090367445441,-7.77646142758633,-16.3722764876214,0.0200010642904426,7.17696954927415,-5.89072808879705,-2.81,0.151789823196946,0.0302794807638285,18.127127868613,18.4790925329279,0.169741048688925,1.11051626560857,175.300003051758,-58.076684504687,-120.004629621056,-175.300003051758,4.2613959312439,18.1900005340576,9.82999992370605,15.9060001373291,35.0900001525879,991.165280686211
7.35,-0.0170019220050216,-0.055247902243461,0.475065150112606,0.312028844394066,0.326693798230498,-9.71971997622606,0.00925706078062853,-0.00190694274527219,0.0662558044809403,-0.036719148648245,-0.0039468883544258,-2.56401035714766,0.0481003832131043,0.0311952277583664,0.0614191124866742,15.4784813434368,9.41250486607377,0.363421409439903,-7.82443461161623,-16.3426660256082,0.0787264745432302,7.17675889524463,-5.89083323030015,-2.81,0.153838127802476,0.0249597636496319,18.1296424865723,18.5100339290907,0.169741048688925,1.11051626560857,175.300003051758,-58.076684504687,-120.004629621056,-175.300003051758,4.2613959312439,18.1900005340576,9.82999992370605,15.9060001373291,35.0900001525879,991.169796029317
7.375,-0.0163699739048017,-0.0577705939066135,0.472151567986043,0.285803188019648,0.242695680187409,-9.70836869845241,0.0574652621855057,0.0175248307006065,0.064568057696662,-0.0380353624592988,-0.00317082172418947,-2.56329579554087,0.0285348192778359,0.0184714115253524,0.0624349459736295,15.4986430662556,9.38278418618675,0.351117142480212,-7.84622888309309,-16.3340957510227,0.0432150209099955,7.17654824121511,-5.89093837180325,-2.81,0.152571029531085,0.0230585607427317,18.1296424865723,18.5171327297001,0.169741048688925,1.11051626560857,175.300003051758,-58.076684504687,-120.004629621056,-175.300003051758,4.2613959312439,18.1900005340576,9.82999992370605,15.9060001373291,35.0900001525879,991.174311372423
7.4,-0.0160494914415962,-0.0562212647640808,0.469238013745173,0.303095217553792,0.0794770416717131,-11.1513696317534,0.0217380143169844,0.0209885331882149,0.0587318477463007,-0.0376338837581375,-0.0022539227639989,-2.56220159686923,-0.00219448440542193,0.0304051090259697,0.0574064157710839,15.5064810719596,9.39149034694023,0.341257126457085,-7.83038889351279,-16.3539597991995,0.0226110723037247,7.17639605579543,-5.891014707524,-2.81,0.152406153425423,0.0234198803826816,18.1367632875737,18.5121716714473,0.16974077431237,1.11051620642931,175.290512084961,-58.4546535480031,-120.784065667678,-175.290512084961,4.26065111160278,18.19948387146,10.0600004196167,15.8520002365112,35.0900001525879,991.171822144813
7.425,-0.0155853029756585,-0.0563556965269718,0.466324480174865,0.417277531635043,0.0887669844560368,-11.4556137390513,0.0224004278552385,0.0415972507174564,0.0492614861500971,-0.0365736528530945,-0.00131005094652285,-2.56094080951462,-0.0350036043973476,0.0501865366532769,0.0503002838843174,15.5164674242313,9.39689048531732,0.346880990786964,-7.81503120525885,-16.3739848369744,0.0233743751053528,7.17656107752413,-5.89093476451502,-2.81,0.153377838968748,0.0236590341687242,18.1517014896747,18.511352958236,0.169740488006401,1.11051614467704,175.280624389648,-58.849056026382,-121.597390238137,-175.280624389648,4.25987386703491,18.2093811035156,10.0600004196167,15.8520002365112,35.0900001525879,991.169028370651
7.45,-0.0150683568115161,-0.0577628308336638,0.468707896857317,0.398884649992328,0.189533293661096,-9.66748155722383,0.0511910619956507,-0.00974795052425592,0.053631534699685,-0.0348090692189546,-0.00365980755640818,-2.55901447171544,0.0812430430810533,-0.0594832663404984,0.0591761179887983,15.532485716647,9.34389912904657,0.30955514595917,-7.82668961441208,-16.3524809843827,0.0410267606242865,7.17672609925283,-5.89085482150604,-2.81,0.151826844905076,0.0207564714989649,18.1596736907959,18.5115223209392,0.169740201700431,1.11051608292477,175.270721435547,-59.243458506179,-122.410714808518,-175.270721435547,4.25909662246704,18.2192783355713,10.0600004196167,15.8520002365112,35.0900001525879,991.166234596488
7.475,-0.0160454822818161,-0.0587399563039638,0.475506125151954,0.132176814154782,0.185177904693464,-9.24703132853735,0.101281868715572,-0.0862333465144459,0.0619021691524044,-0.0324904391795106,-0.00532753851258169,-2.55809971779475,0.105590315696461,-0.105029317061474,0.0569713259448883,15.5142147096956,9.31912582232109,0.319319306458251,-7.80972198998191,-16.3290341370555,0.0990735097441872,7.17689112098153,-5.89077487849706,-2.81,0.153386752746948,0.0196209476423749,18.1596736907959,18.4937432006524,0.169739915394461,1.11051602117251,175.260833740234,-59.637860985976,-123.224039378978,-175.260833740234,4.25831937789917,18.229175567627,10.0600004196167,15.8520002365112,35.0900001525879,991.163440822326
7.5,-0.0217225978715971,-0.0644170718937447,0.482304418176556,0.138379219195374,0.0242578771417233,-9.29048293840787,0.224013383289019,-0.0979000367577081,0.050493768030245,-0.0290893732401906,-0.00708458161886335,-2.55656944891982,0.00646465380744895,-0.0554776738492353,0.0504946079567805,15.5278862311411,9.27992556318242,0.291425267481364,-7.81807484026616,-16.3149513575113,0.131399946849414,7.17701482943725,-5.89071541774136,-2.81,0.153220093594726,0.0177407493048957,18.1578905361215,18.4978172436037,0.169739891535631,1.11051601602648,175.259994506836,-59.6707278589379,-123.291816426496,-175.259994506836,4.25825452804565,18.2299995422363,9.52000045776367,15.8780002593994,35.0900001525879,991.165907397713
7.525,-0.0216003474446723,-0.0648939854285153,0.489102711201158,0.278122162145666,-0.695887595682517,-9.74462862706602,0.00918409745946251,-0.0372453875767349,0.0499505959837174,-0.031185719888919,-0.00927659431705157,-2.55481874014696,-0.143623740570271,-0.0467920744254616,0.063330574867421,15.5730403912992,9.29474775099417,0.160934957096722,-7.82202686677237,-16.363174448275,0.0155085419755491,7.17712510429185,-5.89066261708303,-2.81,0.144631379161954,0.0179955686022611,18.1539797537106,18.5103096253496,0.169739891535631,1.11051601602648,175.259994506836,-59.6707278589379,-123.291816426496,-175.259994506836,4.25825452804565,18.2299995422363,9.52000045776367,15.8780002593994,35.0900001525879,991.168852186695
7.55,-0.0220719386642624,-0.0628524091816573,0.492585571773546,0.327523946085856,-0.404870599628455,-10.0428508832654,-0.189632068125771,-0.0570807675580935,0.0599611557704957,-0.0341232395539713,-0.0112948286584441,-2.55370301640199,-0.20336562771011,-0.0838333617461793,0.0659925670227794,15.5751520838562,9.30156995264941,0.114664334744374,-7.80348966201354,-16.3775011557075,-0.0268126572303816,7.17723537914645,-5.89060981642471,-2.81,0.140466732433956,0.017826946188013,18.1518115997314,18.4971117882148,0.169739891535631,1.11051601602648,175.259994506836,-59.6707278589379,-123.291816426496,-175.259994506836,4.25825452804565,18.2299995422363,9.52000045776367,15.8780002593994,35.0900001525879,991.171796975677
7.575,-0.0249396335281013,-0.0565008888008062,0.491614380053534,0.353714786205688,-0.585012039907764,-9.71885584965045,-0.256043428944992,-0.159141580526425,0.0716142100535487,-0.0406237830673529,-0.014408263626514,-2.55241002006149,-0.29797814462591,-0.162636700312803,0.0741520556063671,15.5686750341689,9.27944905336564,0.095031324060119,-7.791444275276,-16.3643187982585,-0.057570655252522,7.17734565400105,-5.89055701576638,-2.81,0.135899403116034,0.0156185376518457,18.1518115997314,18.4753951276027,0.169739891535631,1.11051601602648,175.259994506836,-59.6707278589379,-123.291816426496,-175.259994506836,4.25825452804565,18.2299995422363,9.06999969482422,15.8889999389648,35.0900001525879,991.174741764659
7.6,-0.0319456248008997,-0.0415720066162314,0.490643202230584,0.310231602141397,-0.512906282087997,-9.09294011626572,-0.35504879956609,-0.227855015772496,0.0923775993552148,-0.0523776363251369,-0.0216172482935198,-2.54917315772906,-0.366686311435879,-0.226715001412074,0.0988790992856935,15.5643334909125,9.28117437722696,0.0769625766442678,-7.73889614841694,-16.3859337675359,-0.072519273184281,7.17757097646877,-5.89044671162328,-2.81,0.128284567789817,0.0138213629468654,18.1506640640731,18.4431570171246,0.169739640640052,1.11051596199325,175.259994506836,-60.0158300292921,-124.004548817723,-175.259994506836,4.25931215286255,18.2364940643311,9.06999969482422,15.8889999389648,35.0878372192383,991.17563841515
7.625,-0.033860389041142,-0.0380687808838721,0.48967201741647,0.183309534092172,-0.321918810624951,-8.58712809454797,-0.314834136273771,-0.24580059014057,0.109911892483267,-0.0613827360748704,-0.029280235302527,-2.54527481515746,-0.286577353265068,-0.241671446301097,0.128599540750554,15.5912918225897,9.20717546172768,0.0889511166080263,-7.7423057330887,-16.3684055365677,-0.0193676839678018,7.17783743203212,-5.89031584819803,-2.81,0.123353782286943,0.0082192553846748,18.1480274642866,18.4442040844408,0.169739353902249,1.11051590024098,175.259994506836,-60.4102325090891,-124.819100122072,-175.259994506836,4.26052141189575,18.2439193725586,9.06999969482422,15.8889999389648,35.0853614807129,991.176242474428
7.65,-0.041496746349951,-0.0256818492239368,0.488501403014228,0.0342549286512502,-0.245985033603031,-8.78554048276257,-0.274362276897503,-0.218290949271686,0.131885740079015,-0.0688913921279667,-0.0329722617994848,-2.54155355074273,-0.25605266030694,-0.172470095287514,0.14725726207134,15.6198198924261,9.13396267694574,0.0960056707351551,-7.74952751924419,-16.3512009529083,-0.0177586759011149,7.17810388759547,-5.89018498477278,-2.81,0.119515924122138,0.00288136438168502,18.1465110778809,18.4408146814629,0.169739067164445,1.11051583848871,175.259994506836,-60.8046349888861,-125.63365142642,-175.259994506836,4.26173067092896,18.2513389587402,9.06999969482422,15.8889999389648,35.0828895568848,991.176846533707
7.675,-0.0434023784322927,-0.0237762171415951,0.486882780351606,-0.00387604000675434,-0.14150031283662,-9.49316751589736,-0.273795744979286,-0.139319299973231,0.144906737152487,-0.0755542341507875,-0.0350744297407976,-2.53810167553946,-0.265966514294717,-0.0788505831968549,0.159166421350146,15.6578957901616,9.07707710621477,0.101854527097332,-7.75990512075605,-16.3510277814982,-0.0341572533539942,7.17837034315883,-5.89005412134754,-2.81,0.116202889002193,-0.00141736897575683,18.1465110778809,18.4469332602543,0.169738780426641,1.11051577673645,175.259994506836,-61.1990374686832,-126.44820273069,-175.259994506836,4.262939453125,18.2587642669678,8.07999992370605,15.956000328064,35.0804138183594,991.177450592985
7.7,-0.0434219944765722,-0.0110687656612897,0.485264134537002,0.0472438607973027,-0.204324067100467,-10.5900456164937,-0.279248214138745,-0.0329856907796114,0.153422895140571,-0.0781464373247487,-0.0349224576715176,-2.53571400523646,-0.283266174717227,0.0148587132512138,0.160957163363818,15.7204993956418,9.00473460617784,0.130277414672825,-7.81265265431084,-16.3461985851635,-0.0238557819773572,7.17868911213255,-5.88989742726278,-2.81,0.116238200717215,-0.00594773413977877,18.1431730211396,18.4888388350011,0.169738732637007,1.1105157664444,175.259994506836,-61.2647712160251,-126.583961281389,-175.259994506836,4.26314115524292,18.2600002288818,8.07999992370605,15.956000328064,35.0820617675781,991.177991729422
7.725,-0.0423288939339631,0.000512025147774032,0.483645477168673,0.152881623843646,0.0423695649914304,-11.4784943020488,-0.250990262844354,0.0627093554593229,0.165189396274391,-0.0871188986791337,-0.0322972495412422,-2.531243235599,-0.239148614628541,0.0763816564065188,0.175065801628687,15.8012286394032,8.89588662506965,0.16571196335576,-7.87000380967671,-16.336965720069,-0.0983712994278072,7.17900921689235,-5.88974007361033,-2.81,0.113920623022609,-0.0134208361740774,18.1351199592512,18.5194559043088,0.169738732637007,1.1105157664444,175.259994506836,-61.2647712160251,-126.583961281389,-175.259994506836,4.26314115524292,18.2600002288818,8.07999992370605,15.956000328064,35.0845375061035,991.17852028129
7.75,-0.0409112319427435,0.00669562275372152,0.482027269558884,0.206450667115471,0.0981206323225504,-12.2142677545861,-0.197476318636424,0.107359730292943,0.17046172680907,-0.087636571075816,-0.0315676441866763,-2.52943724739607,-0.194063855310211,0.103285553983707,0.176176658632438,15.819882655384,8.86155115091973,0.211274566539032,-7.87209700120166,-16.3360400903226,-0.0655434512343691,7.17932932165216,-5.88958271995788,-2.81,0.116211502748206,-0.0155809143376681,18.1303215026855,18.5258184081353,0.169738732637007,1.1105157664444,175.259994506836,-61.2647712160251,-126.583961281389,-175.259994506836,4.26314115524292,18.2600002288818,8.07999992370605,15.956000328064,35.0870094299316,991.179048833159
7.775,-0.0390053188584332,0.00669258899196007,0.481,0.329001033099063,0.49276148410058,-12.1652304013379,-0.0198116160776428,0.143400127555441,0.176221488367086,-0.0870425831399314,-0.0244612103961295,-2.52096496870605,0.160017132230965,0.139710220840715,0.18006306666154,15.8863180645465,8.70129287157639,0.252877639788527,-7.87607922556484,-16.3127408400327,-0.115795959095007,7.17964942641196,-5.88942536630544,-2.81,0.119893194719198,-0.0254097868109478,18.1303215026855,18.5088953241631,0.169738732637007,1.1105157664444,175.259994506836,-61.2647712160251,-126.583961281389,-175.259994506836,4.26314115524292,18.2600002288818,7.53999996185303,15.951000213623,35.089485168457,991.179577385027
7.8,-0.033285762004277,0.00160734533574967,0.481,0.375458451981004,0.094140524804872,-12.2411264465336,0.13414677816108,0.155605703672778,0.178680581431067,-0.0829771516202316,-0.0210837905182274,-2.51667293071355,0.239725381893838,0.101904229730549,0.182371015477206,15.9348334845594,8.58961645734172,0.29302532799588,-7.90549746343692,-16.2874911587408,-0.0838720290144545,7.17975763111217,-5.88937460564718,-2.81,0.124484240749948,-0.0315826497113269,18.1325530415958,18.5234317239957,0.169738505978115,1.11051571755719,175.261947631836,-61.5770065119993,-127.227843232973,-175.261947631836,4.26126098632812,18.2580413818359,7.53999996185303,15.951000213623,35.0880432128906,991.182281808755
7.825,-0.0350318887283,0.00429758850082593,0.481,0.424823048811973,0.189651937078964,-12.1752070133529,0.196297884603862,0.12052759178197,0.182486027800273,-0.0777958081519453,-0.0181570650385372,-2.51246851610217,0.22370028440073,0.0653878105934601,0.178047637667842,15.9966147863139,8.44839249631852,0.243545691924762,-7.97044977261292,-16.2413998434375,-0.123273863680183,7.17986239721521,-5.88932557472118,-2.81,0.124646304125615,-0.0391658899735992,18.1382199759336,18.5449696101084,0.169738219672145,1.11051565580492,175.264434814453,-61.9714089917963,-128.041167803354,-175.264434814453,4.25888633728027,18.2555675506592,7.53999996185303,15.951000213623,35.0855712890625,991.18555883034
7.85,-0.0323228129491909,-0.00442599759987473,0.480999956032909,0.281131969925727,0.0583580920784925,-12.0378841377697,0.288191159208233,0.0438733720676613,0.177630043294804,-0.0747388868123718,-0.0176831218407859,-2.51059810321877,0.217886598487939,0.0483802500094574,0.174513721975466,16.0264458572176,8.36862736871849,0.150758697321693,-8.01525005288341,-16.2056432202266,-0.191084913290728,7.17996716331825,-5.88927654379518,-2.81,0.121159309545341,-0.0433534433632222,18.1417140960693,18.5521094186491,0.169737933366175,1.11051559405265,175.266906738281,-62.3658114730115,-128.854492373814,-175.266906738281,4.25651073455811,18.2530937194824,7.53999996185303,15.951000213623,35.0830955505371,991.188835851925
7.875,-0.0320022202434883,-0.00601681045147982,0.480850122059011,0.266621028691724,0.257854544771768,-11.7974427146755,0.313993989195625,0.0117714824989531,0.175206763167636,-0.0635270582812054,-0.0180327287836376,-2.50446295655955,0.272337676948665,-0.00874390625179952,0.162793700817102,16.0247766588445,8.35205438995462,0.142848712557502,-7.92041340216139,-16.2427831884711,-0.0986462592694167,7.18007192942129,-5.88922751286918,-2.81,0.126573857897902,-0.043815272944822,18.1417140960693,18.5087063698279,0.169737647060206,1.11051553230038,175.269378662109,-62.7602139513903,-129.667816944194,-175.269378662109,4.2541356086731,18.250617980957,6.98999977111816,15.9340000152588,35.0806198120117,991.19211287351
7.9,-0.0332505379401248,-0.0199814590350354,0.480243128157557,0.228880734291788,0.0711851729768014,-10.6676203748982,0.342669549407215,-0.0179482143669182,0.16334349480282,-0.0577573474174714,-0.0188758866454576,-2.50192006465711,0.284852741535648,-0.0283832616532386,0.152560752476308,16.0474627522689,8.29706254655971,0.073076547140682,-7.9315452188437,-16.2310696801481,-0.103030812579988,7.18016632567362,-5.88918430789743,-2.81,0.125550249844724,-0.0463985929199271,18.1435411394257,18.5107023378129,0.169737575483713,1.11051551686232,175.270004272461,-62.8588145716941,-129.871148086829,-175.270004272461,4.25354194641113,18.25,6.98999977111816,15.9340000152588,35.0800018310547,991.189455012685
7.925,-0.0345236857201384,-0.0174412238299651,0.479636138587353,0.0242961162448329,0.300411847084081,-9.75150490122059,0.366213945090858,-0.0416142086315265,0.145974282504819,-0.0519876365537374,-0.0197190445072775,-2.49937717275467,0.297367806122632,-0.0480226170546776,0.142327804135515,16.073038757327,8.2429405485018,0.00156756289678034,-7.94439434199143,-16.2223055201505,-0.109765148183862,7.18025711286981,-5.88914313055332,-2.81,0.124415796054549,-0.0489090695332157,18.1484386306448,18.5154150603162,0.169737575483713,1.11051551686232,175.270004272461,-62.8588145716941,-129.871148086829,-175.270004272461,4.25354194641113,18.25,6.98999977111816,15.9340000152588,35.0800018310547,991.184818857724
7.95,-0.0357914235399421,-0.0295369241778489,0.479029143236317,-0.0442807989255304,0.441121305879188,-9.19268118322577,0.403531114481388,-0.0220956562299652,0.132750933229067,-0.0353916859085638,-0.0215393371069269,-2.49524123117165,0.48000898964999,-0.0311413084550387,0.122281300229377,16.1492085021092,8.08857496797958,-0.192134244038318,-8.03250403417704,-16.1777871765174,-0.130295192515234,7.18034790006599,-5.88910195320922,-2.81,0.121664939392917,-0.0554851967958271,18.1515598297119,18.5598686809142,0.169737575483713,1.11051551686232,175.270004272461,-62.8588145716941,-129.871148086829,-175.270004272461,4.25354194641113,18.25,6.78000020980835,15.8520002365112,35.0800018310547,991.180182702763
7.975,-0.0367957140132423,-0.0531978308615678,0.478422159446947,-0.108155957394658,0.905309074266893,-8.61710460822446,0.670169276171258,0.00533625897465526,0.11365039907277,-0.0115067791193724,-0.0219586566090584,-2.492351770401,0.839765667915344,0.0211210232228041,0.0941674038767815,16.1851604772491,7.99054900804666,-0.274017582413474,-8.0667527019797,-16.149636831784,-0.0104788530625395,7.18043868726218,-5.88906077586512,-2.81,0.128798343602111,-0.057733946564359,18.1515598297119,18.5901475225889,0.169737575483713,1.11051551686232,175.270004272461,-62.8588145716941,-129.871148086829,-175.270004272461,4.25354194641113,18.25,6.78000020980835,15.8520002365112,35.0800018310547,991.175546547801
8,-0.03696115643278,-0.0795351668087937,0.477815166972959,-0.170868971881894,0.193099469154259,-8.88829383891276,0.842424025534734,0.045226956554497,0.0860727020511499,0.00299902224957028,-0.0198742707704309,-2.49083916098296,0.745972819605067,0.0833634918870427,0.0827539745054497,16.2148092753447,7.91843707386275,-0.325760578920242,-8.10572757916771,-16.1252774996409,0.0202843586000137,7.18061139295159,-5.88898038054082,-2.81,0.133228054472758,-0.0595926213300141,18.1522895577028,18.6135554752864,0.169737372989534,1.11051547220348,175.273513793945,-63.1440438718343,-130.446384054354,-175.273513793945,4.25326633453369,18.2482471466064,6.78000020980835,15.8520002365112,35.0800018310547,991.173980398276
8.025,-0.0355439616895618,-0.0863958627845912,0.477208178869237,-0.227481604325845,-0.320679334095356,-9.36225293729161,0.670456497737564,0.133329934641161,0.0706810463063454,0.020341007762429,-0.0141028673621066,-2.48837815528132,0.522226244244002,0.192323394081727,0.0660110944990673,16.2557331261711,7.92009616373487,-0.473212725829526,-8.0932151274079,-16.1769507255707,-0.0827473259126926,7.1807964003875,-5.88889409583023,-2.81,0.134366753726577,-0.0570844420879307,18.1543606974415,18.6165905717532,0.169737087115398,1.11051540915571,175.278457641602,-63.5467205282697,-131.258481890924,-175.278457641602,4.25287818908691,18.2457733154297,6.78000020980835,15.8520002365112,35.0800018310547,991.173678368637
8.05,-0.0286908567526794,-0.107601874001312,0.477,-0.260934829937822,-0.512430905973023,-10.2197252877576,0.400212504839725,0.25812666268112,0.0571040335858252,0.0221515155484002,-0.0117114526916577,-2.48780927634672,0.422392987675962,0.23189156681559,0.0624078794589129,16.2982472191635,7.93959573465861,-0.516868150129184,-8.10504988149071,-16.224144538452,-0.149986483936987,7.18098140782342,-5.88880781111965,-2.81,0.132965067851941,-0.0557281390837841,18.1557235717773,18.6428970321373,0.169736801241263,1.11051534610794,175.283401489258,-63.9493971875414,-132.070579727494,-175.283401489258,4.25248908996582,18.2432994842529,6.78000020980835,15.8520002365112,35.0800018310547,991.173376338998
8.075,-0.019943350981048,-0.108732408895345,0.477,-0.103028046836993,-0.550176378643457,-11.3725766032033,0.0394070994384032,0.399172152271771,0.0460006629692741,0.0206869644118516,0.00510737999282737,-2.48479058255825,-0.124311150494691,0.445704619085641,0.0545959615104536,16.3432691853889,8.01891253804554,-0.558329483681107,-8.03902717737784,-16.3359968629946,-0.475800698681049,7.18109270794359,-5.88875711509875,-2.81,0.132169274367384,-0.052103402794263,18.1557235717773,18.6076692267422,0.169736515367127,1.11051528306017,175.288345336914,-64.3520738439768,-132.882677564065,-175.288345336914,4.25210094451904,18.2408256530762,6.78000020980835,15.8520002365112,35.0800018310547,991.173074309359
8.1,-0.00961276318267538,-0.104448423524151,0.477,0.165715529259941,-0.366099926531308,-12.9136675492557,-0.250912568224062,0.476504810743357,0.0387524663028288,0.0155366412761148,0.0125741499050706,-2.48380248263417,-0.385444149702177,0.50446333063708,0.0484909728183373,16.3765787650182,8.0669100542579,-0.495197731065679,-8.01885063529047,-16.3975363353465,-0.575697214755842,7.18116085322269,-5.88872725587312,-2.81,0.133860080754325,-0.0504305150936475,18.1538833932778,18.6136381842966,0.169736420075748,1.11051526204425,175.289993286133,-64.4862993970674,-133.153376842895,-175.289993286133,4.25197124481201,18.2399997711182,6.32000017166138,15.8360004425049,35.0800018310547,991.174403239771
8.125,-0.000754988157375992,-0.0917797507894854,0.477,0.354921936897583,-0.157331193797618,-14.0578977574235,-0.481687318477873,0.474229549309833,0.037881879795421,-0.00410478402066283,0.0287901103165794,-2.48134350406708,-0.633582123626572,0.471230145160211,0.0580156668107328,16.3799916286957,8.13250521030466,-0.44830132291643,-7.93464457828097,-16.4552713027548,-0.952996640599985,7.18122899850179,-5.88869739664749,-2.81,0.129062133716363,-0.0504450553190697,18.1483341049902,18.5361964701319,0.169736420075748,1.11051526204425,175.289993286133,-64.4862993970674,-133.153376842895,-175.289993286133,4.25197124481201,18.2399997711182,6.32000017166138,15.8360004425049,35.0800018310547,991.176547650209
8.15,0.00525969389077244,-0.0774901538723098,0.477,0.514814938792534,0.0145762374699177,-15.1437966048297,-0.612051949617674,0.428878466683351,0.0445167136378836,-0.0140156330800979,0.0368563140893768,-2.47986455081637,-0.634484003755379,0.434846341949744,0.0651146018864755,16.3793246722682,8.15473273798893,-0.279857244064319,-7.89390560846009,-16.4788263035532,-0.997396975482272,7.18129714378089,-5.88866753742186,-2.81,0.134350971858686,-0.0509788251654789,18.144567489624,18.5121238770038,0.169736420075748,1.11051526204425,175.289993286133,-64.4862993970674,-133.153376842895,-175.289993286133,4.25197124481201,18.2399997711182,6.32000017166138,15.8360004425049,35.0800018310547,991.178692060648
8.175,0.0141146944608123,-0.0575105694789589,0.476800624844673,0.64110504407824,0.238067927339783,-15.9635278885945,-0.631191659208419,0.383129117090143,0.0574823856177101,-0.0270548630191537,0.0445874813674168,-2.47831230413854,-0.621030782096518,0.398643406273796,0.0768922900774556,16.3785411299192,8.12474645073966,-0.105897158363944,-7.88279301945799,-16.4629014081294,-1.05535779715037,7.18136528905998,-5.88863767819623,-2.81,0.138340948655243,-0.054766428864923,18.144567489624,18.4884474262792,0.169736420075748,1.11051526204425,175.289993286133,-64.4862993970674,-133.153376842895,-175.289993286133,4.25197124481201,18.2399997711182,6.32000017166138,15.8360004425049,35.0800018310547,991.180836471086
8.2,0.0213871694462277,-0.0416568997801143,0.475558011465487,0.766106495386338,0.21197795367055,-16.4889309365233,-0.614035630195822,0.350068789320405,0.0765996672583236,-0.0475799780668731,0.0555120649250159,-2.47531765759596,-0.555989451515152,0.301333650247593,0.0932839359580817,16.3766222642962,8.09453513594505,0.0243741618780616,-7.8406037178705,-16.4508699937331,-1.26872366686672,7.18154448993452,-5.88855351957244,-2.81,0.136697138942299,-0.0598210735038734,18.1400281965118,18.4283205640845,0.169736241404414,1.11051522290929,175.300811767578,-64.7362485204807,-133.660937990693,-175.300811767578,4.25294303894043,18.2415466308594,5.80000019073486,16.0090007781982,35.0800018310547,991.181829393525
8.225,0.0226556912563601,-0.03655233067039,0.47393937339243,0.712469051869384,0.289880469471746,-15.5249972615468,-0.576305429807973,0.269234640163725,0.0872848911365117,-0.0631491085946164,0.0624703440119526,-2.4725452303233,-0.568872532384122,0.183228388128623,0.100285268998411,16.3737868130519,8.02774314584849,0.181944926859668,-7.82652155728754,-16.4167865402364,-1.3466026054572,7.1817619384223,-5.88845066020357,-2.81,0.138400780579518,-0.0659678505433651,18.1254268036675,18.3911925068697,0.169735955530278,1.11051516029335,175.318145751953,-65.1361671199275,-134.473035827184,-175.318145751953,4.25449752807617,18.2440204620361,5.80000019073486,16.0090007781982,35.0800018310547,991.182131423164
8.25,0.0267427988439883,-0.0153008810090448,0.472320735342972,0.536590168779188,0.248663813307772,-14.9865896600963,-0.503166979883254,0.124435040983412,0.0941517678955928,-0.0751164038013494,0.0631212975666526,-2.46974342094881,-0.404445742917633,0.0121499937595889,0.108603704615586,16.3381233059414,7.98314057582327,0.198243433544196,-7.77787789652012,-16.3756020668732,-1.43121607267578,7.18197938691008,-5.8883478008347,-2.81,0.133710679683324,-0.0704632740558806,18.115213394165,18.3215959211907,0.169735669656142,1.11051509767741,175.335464477539,-65.5360857179562,-135.285133663676,-175.335464477539,4.25605201721191,18.2464942932129,5.80000019073486,16.0090007781982,35.0800018310547,991.182433452803
8.275,0.0246578780903128,-0.00498831608313762,0.470702108795466,0.379369603452885,0.396597390578706,-14.064207309964,-0.484501325980094,0.0197497873732745,0.108891076595694,-0.0831243567556441,0.0637270445241966,-2.46832487579599,-0.450622166475928,-0.00631003092255384,0.112727945081981,16.3257834148452,7.92380378419657,0.22287451634845,-7.7803810679978,-16.3296895143828,-1.47460312271436,7.18219683539787,-5.88824494146582,-2.81,0.131207986155661,-0.0749414610952363,18.115213394165,18.2944195618321,0.169735383782007,1.11051503506148,175.352783203125,-65.9360043159848,-136.097231500167,-175.352783203125,4.25760650634766,18.2489700317383,5.80000019073486,16.0090007781982,35.0800018310547,991.182735482442
8.3,0.0232161146301583,0.00595863461325365,0.46919630531696,0.193603947489796,0.755852380841211,-13.0596396261164,-0.31764594890082,0.00834236454613388,0.109837531279995,-0.09197370233609,0.0641859149838645,-2.46525534279637,-0.32479738336489,0.000240956728891396,0.105996296521357,16.3214007682669,7.87397087675443,0.25583242600953,-7.7564217223416,-16.3094348894355,-1.51434681926272,7.18223987214736,-5.88822530231873,-2.81,0.128677390130127,-0.0791697114331442,18.1045969343677,18.2604473290779,0.169735264667784,1.11051500897151,175.360000610352,-66.1026370649271,-136.435605598725,-175.360000610352,4.25825452804565,18.25,6.11999988555908,15.9709997177124,35.0800018310547,991.180033575628
8.325,0.0233724921502867,0.00770918957177197,0.46807889997354,0.193204144608795,0.604000022015454,-12.2864359113414,-0.253978055441166,0.014031424163172,0.0991836431563304,-0.0958756828308105,0.0643356775378882,-2.46259381280314,-0.257610886659403,0.0230901269584358,0.0865389668219779,16.3233494480295,7.80535341886797,0.27855044930872,-7.75696242700171,-16.2781096477435,-1.5184036850765,7.18222500797142,-5.88823329048563,-2.81,0.127995345303631,-0.0837334986772158,18.0680080639947,18.2427265773812,0.169735264667784,1.11051500897151,175.360000610352,-66.1026370649271,-136.435605598725,-175.360000610352,4.25825452804565,18.25,6.11999988555908,15.9709997177124,35.0800018310547,991.175185999919
8.35,0.0241575808195334,0.0132593493039396,0.467107710546546,0.0752744831228813,0.743353321718627,-11.0738383558597,-0.18527063287075,0.00705407093156626,0.0817065208371701,-0.0996489961769503,0.0636141156462454,-2.46077875073698,-0.0669785977146276,-0.0296073191778133,0.0690668596456508,16.3136153321437,7.7541419192007,0.244067694648108,-7.75319114975441,-16.2407048944013,-1.56456469222876,7.18221014379549,-5.88824127865252,-2.81,0.124212207256012,-0.0872780692327881,18.0416564941406,18.2151262367467,0.169735264667784,1.11051500897151,175.360000610352,-66.1026370649271,-136.435605598725,-175.360000610352,4.25825452804565,18.25,6.11999988555908,15.9709997177124,35.0800018310547,991.170338424211
8.375,0.0230426379995479,0.014054667010592,0.466136528077504,0.0119467958449353,0.553179079900631,-10.1557284047406,-0.14070854623,0.00595113330010962,0.062571040785648,-0.10317815589338,0.064436446755503,-2.46016573989461,-0.205971062789682,0.0100639759118425,0.0571376269517399,16.3253388138705,7.70415172444324,0.289943876580611,-7.78204108987043,-16.2165259295104,-1.55525942709204,7.18219527961955,-5.88824926681942,-2.81,0.124941223303167,-0.0904359613171172,18.0416564941406,18.2256973213196,0.169735264667784,1.11051500897151,175.360000610352,-66.1026370649271,-136.435605598725,-175.360000610352,4.25825452804565,18.25,6.11999988555908,15.9709997177124,35.0800018310547,991.165490848502
8.4,0.0263674411595195,0.0205566084449741,0.465329836578356,-0.0891359592142333,0.719479325167102,-9.36353532148576,-0.13927418415977,0.0549495663702802,0.0430502430062082,-0.105967955708956,0.0668558161643263,-2.4596746328609,-0.177662148018424,0.0802005606384676,0.0418607392527132,16.3337251856131,7.69580944993613,0.306010664248943,-7.78244001003673,-16.2167862529222,-1.5997422207053,7.1821901855858,-5.88825265639213,-2.81,0.124614285887232,-0.0912815846337242,18.0280618962553,18.2231579875369,0.169735110053204,1.11051497575627,175.384124755859,-66.3147777924711,-136.874827445994,-175.384124755859,4.25904941558838,18.2432994842529,6.05000019073486,15.9849996566772,35.0786590576172,991.162401966213
8.425,0.0281203082998888,0.0207131925128957,0.465,-0.147330025243645,0.530018311518207,-9.61369344837733,-0.0387901615899349,0.161007749578054,0.0213943043190279,-0.108327783958656,0.0701756684071638,-2.45925223302092,-0.0558294870894674,0.167478079474674,0.0247349665187742,16.3479103772672,7.67974383440073,0.334450353336022,-7.79193106017781,-16.215155765274,-1.64287247385859,7.18223908162685,-5.88823063400676,-2.81,0.125238816652712,-0.0924733641029415,17.9776050233349,18.2272691526951,0.169734824610902,1.11051491443584,175.428649902344,-66.7064222138614,-137.685698548596,-175.428649902344,4.26051807403564,18.2309284210205,6.05000019073486,15.9849996566772,35.0761871337891,991.160801209125
8.45,0.0355776706987558,0.0195878257139508,0.465,-0.0123551587575465,0.638840850771973,-10.0106558167391,-0.0307241481006662,0.23532033731151,0.00936512956860642,-0.105070412759752,0.0756731758857016,-2.45915547326935,-0.0753105158159021,0.248690544590816,0.0177283718440361,16.336951484962,7.63645559288282,0.508941078592406,-7.80120747021571,-16.1948687888654,-1.52900156430099,7.18228797766789,-5.88820861162139,-2.81,0.137125708391956,-0.0945518162017889,17.9402198791504,18.2311090402696,0.1697345391686,1.1105148531154,175.473205566406,-67.0980666338335,-138.496569651277,-175.473205566406,4.26198625564575,18.2185573577881,6.05000019073486,15.9849996566772,35.0737113952637,991.159200452038
8.475,0.0377999396012316,0.0179987601838027,0.465,0.137412566749022,0.630662376810425,-10.307293940534,0.0135925809375632,0.218107798280798,-0.00138229889431882,-0.106701747988414,0.0814728316092781,-2.45971566739664,-0.0646781805543863,0.222145321445293,-0.000856657892878423,16.3281275595852,7.61799685895296,0.547036275238339,-7.80740249318438,-16.1691147225468,-1.59532749931492,7.18233687370893,-5.88818658923603,-2.81,0.139072852187611,-0.0958206248544056,17.9402198791504,18.2171676957098,0.169734253726299,1.11051479179497,175.517715454102,-67.4897110538056,-139.30744075388,-175.517715454102,4.26345443725586,18.2061862945557,5.78000020980835,16.0060005187988,35.0712356567383,991.15759969495
8.5,0.0466887386424196,0.0179846113231555,0.465054448774344,0.153275723817417,0.760365500048237,-10.2228428435464,0.0802319032126372,0.164182343510065,-0.0186501284324722,-0.10488653423091,0.0870910897463873,-2.46109989901715,0.0422008655606893,0.169165452819054,-0.0278518896406119,16.2855127707158,7.61129694032287,0.629430927690115,-7.79460493817427,-16.1329551762554,-1.58677085629059,7.18225590121304,-5.8882283179394,-2.81,0.145437915071516,-0.0960691936184829,17.9312635205456,18.1867280878638,0.169734111005148,1.11051476113475,175.539993286133,-67.6855332645008,-139.71287630526,-175.539993286133,4.26418828964233,18.2000007629395,5.78000020980835,16.0060005187988,35.0699996948242,991.156935229744
8.525,0.0473294807948946,0.0163880892439584,0.465690575998666,0.0985901353431448,0.660111359570179,-10.0189788560902,0.153030169738138,0.145299296512151,-0.0353359250502442,-0.0969853229357312,0.0913501247652032,-2.46259709597766,0.145571082361922,0.172637934390331,-0.0469733019326926,16.2218173379785,7.61452076657613,0.737256900521157,-7.76662447744257,-16.0981702765814,-1.48333744013468,7.18213267182783,-5.88829079010199,-2.81,0.156349590510485,-0.0950776150797701,17.895251495322,18.1512262115827,0.169734111005148,1.11051476113475,175.539993286133,-67.6855332645008,-139.71287630526,-175.539993286133,4.26418828964233,18.2000007629395,5.78000020980835,16.0060005187988,35.0699996948242,991.157207056419
8.55,0.0505193754732155,0.0065383213053004,0.46666174922573,0.0697573957907505,0.901493095095925,-10.4519134311105,0.222447017186874,0.166441016047393,-0.0567526421616646,-0.095152273774147,0.0919357240200043,-2.4628164768219,0.157074868679047,0.181206479668617,-0.0488479994237423,16.2066304592328,7.61073827347102,0.748721533817784,-7.76123442132802,-16.085823188978,-1.46571635548716,7.18200944244261,-5.88835326226459,-2.81,0.158106185029747,-0.0951106176938104,17.8678226470947,18.1410040680015,0.169734111005148,1.11051476113475,175.539993286133,-67.6855332645008,-139.71287630526,-175.539993286133,4.26418828964233,18.2000007629395,5.78000020980835,16.0060005187988,35.0699996948242,991.157478883094
8.575,0.0517943288357288,0.00146875661200814,0.467632947881282,0.195127080713417,0.365291173400475,-11.2562545073273,0.25464103805418,0.167147755074455,-0.0785352376032999,-0.0910306872166759,0.096293802474244,-2.46521344512461,0.1337424588735,0.180037291755868,-0.0713407445485894,16.2049353813482,7.6071778462624,0.745536707351497,-7.79800111285562,-16.0606354768481,-1.50734110408118,7.1818862130574,-5.88841573442719,-2.81,0.160493576145827,-0.0945501553129568,17.8678226470947,18.1540077939904,0.169734111005148,1.11051476113475,175.539993286133,-67.6855332645008,-139.71287630526,-175.539993286133,4.26418828964233,18.2000007629395,5.76000022888184,16.0149993896484,35.0699996948242,991.15775070977
8.6,0.0613352228535017,-0.00933994457441333,0.468604123405792,0.398684968548133,0.412438231597605,-11.1961033885782,0.224068249418042,0.13534090085874,-0.0952175515722275,-0.0861202910478205,0.100366043285612,-2.46860631289458,0.14135944916281,0.130649328586499,-0.0966563044935745,16.1703195554689,7.64633931963674,0.737008363847857,-7.79897284880507,-16.0399788945732,-1.5440273348073,7.18176803480422,-5.88847573484211,-2.81,0.16323048697692,-0.0915473398522077,17.8563030872148,18.1405154450718,0.169733980573274,1.11051473322748,175.574005126953,-67.8637728466486,-140.083401054574,-175.574005126953,4.26420831680298,18.1784553527832,5.76000022888184,16.0149993896484,35.0699996948242,991.15215309379
8.625,0.06133774892292,-0.0109269079337484,0.468998223642773,0.323239115900882,0.262801008201034,-11.8813384535677,0.194215586180519,0.0755073958415612,-0.111623527027305,-0.0815484107120061,0.102364989736939,-2.47177914747816,0.149834802799493,0.0625517147835286,-0.113548168667947,16.0992158327495,7.70981629247956,0.719502882837177,-7.75480760079968,-16.018238571997,-1.55650063180605,7.18166816537308,-5.88852677592118,-2.81,0.165405535241062,-0.0873959520932458,17.8057741086508,18.0908990946024,0.169733695994641,1.11051467233888,175.648254394531,-68.2526592067958,-140.891818689397,-175.648254394531,4.26425123214722,18.1314449310303,5.76000022888184,16.0149993896484,35.0699996948242,991.139618863765
8.65,0.0616670398030973,-0.0179167517756427,0.469,0.292551446607268,0.306638414171,-12.7519203039345,0.117380198697741,0.0409939771312472,-0.121643357182171,-0.0781170365771444,0.102715826487437,-2.47527376431952,0.0854772197717252,0.0256853952763566,-0.124029556456155,16.0097230447521,7.79261862378577,0.601846844430585,-7.68736256680333,-15.9869181143203,-1.64962498226682,7.18156829594194,-5.88857781700024,-2.81,0.161472988759579,-0.082365376764294,17.7662410736084,18.0113312096401,0.169733411416007,1.11051461145028,175.722473144531,-68.6415455697794,-141.7002363243,-175.722473144531,4.26429462432861,18.0844326019287,5.76000022888184,16.0149993896484,35.0699996948242,991.127084633739
8.675,0.0605544014331078,-0.0187015805032088,0.469,0.442012316926227,-0.0352440430060355,-12.9582040235462,-0.0226199783387819,0.000939505027061508,-0.13364886985018,-0.081308398205738,0.102614477574538,-2.47805410754418,-0.0629684822099424,-0.0112569093928415,-0.136007928603455,15.9690162656085,7.85248597027055,0.526476146167247,-7.65860490734206,-15.976160484447,-1.74821640121462,7.1814684265108,-5.88862885807931,-2.81,0.155985881110313,-0.0792908481130794,17.7662410736084,17.9753568887449,0.169733126837374,1.11051455056168,175.796691894531,-69.0304319299266,-142.508653959124,-175.796691894531,4.26433753967285,18.0374221801758,6.46000003814697,15.956000328064,35.0699996948242,991.114550403713
8.7,0.0632450186697016,-0.0125175475592621,0.469,0.6156203114449,0.218652942670394,-12.9067004193089,-0.12061552600029,-0.0792045482825266,-0.15102348577114,-0.0880601069557145,0.0982117525102477,-2.48306170674655,-0.183100634353326,-0.141072132173489,-0.155031765103627,15.9094747961191,7.93459475717754,0.449530989217874,-7.64165413021921,-15.9563336701536,-1.8088113002942,7.18131825689348,-5.88870438386845,-2.81,0.148163007194022,-0.0750791753301465,17.7513181352124,17.9465887746833,0.169732960833171,1.11051451504333,175.839996337891,-69.2572823079792,-142.98023091281,-175.839996337891,4.26436281204224,18.0100002288818,6.46000003814697,15.956000328064,35.0699996948242,991.106125035237
8.725,0.0610094509162892,-0.0106004038238956,0.469,0.523926554663308,0.2108569130487,-11.9832329534436,-0.194957343966384,-0.191668490826375,-0.16296333165331,-0.0932440415934632,0.0908366602019897,-2.48756923373706,-0.288664263313671,-0.253501304019593,-0.163429267640282,15.8100088801212,8.03748960210352,0.311425775835869,-7.57792650009094,-15.9289156505086,-1.87063680747823,7.1811514461849,-5.88878801007084,-2.81,0.137657211394364,-0.0696593668821775,17.6793149574516,17.8750370088566,0.169732960833171,1.11051451504333,175.839996337891,-69.2572823079792,-142.98023091281,-175.839996337891,4.26436281204224,18.0100002288818,6.46000003814697,15.956000328064,35.0699996948242,991.10345207293
8.75,0.0514756424718921,-0.00201597853010108,0.470052035890014,0.34831076833608,0.272275204609917,-10.6194829971431,-0.254653092970317,-0.281326751274495,-0.162661967382895,-0.100730049504481,0.0814965960157534,-2.49177129157889,-0.181877507498902,-0.337486242417312,-0.163470407810362,15.7139641927487,8.14031363679159,0.14695870638756,-7.51700081036474,-15.9031338664917,-1.94936032049654,7.18098463547632,-5.88887163627323,-2.81,0.12410174729447,-0.0644412185104525,17.621488571167,17.8060923517675,0.169732960833171,1.11051451504333,175.839996337891,-69.2572823079792,-142.98023091281,-175.839996337891,4.26436281204224,18.0100002288818,6.46000003814697,15.956000328064,35.0699996948242,991.100779110623
8.775,0.0438482589566941,0.00370725846606288,0.471670673212934,0.224836534044867,0.419453434353162,-9.38175353765386,-0.220315136553018,-0.316917937359812,-0.164163906554654,-0.108063464016964,0.0749843400363227,-2.49538542508537,-0.28082916114456,-0.306961703370735,-0.172817543909713,15.6649095858433,8.15922994116331,0.138506154407597,-7.53338756067097,-15.8608728770061,-1.91373795500087,7.18081782476774,-5.88895526247562,-2.81,0.119288093802883,-0.0637383087475915,17.621488571167,17.7974792228889,0.169732960833171,1.11051451504333,175.839996337891,-69.2572823079792,-142.98023091281,-175.839996337891,4.26436281204224,18.0100002288818,7,15.9390001296997,35.0699996948242,991.098106148317
8.8,0.0390809648184569,0.0129167980827842,0.473289318317062,0.168519716907802,0.33616547816182,-8.32195915671187,-0.209012094580452,-0.309036277518394,-0.169499364497019,-0.11375309170644,0.0671595890865741,-2.4992511406222,-0.229966823726223,-0.29904011906497,-0.172910299779813,15.6315221875767,8.20722064696358,0.112332918294427,-7.55123100072073,-15.8495504241876,-1.86714676929029,7.18066843970915,-5.88903026277215,-2.81,0.114030429606188,-0.0610616683025188,17.6151188722591,17.8081384547504,0.169732855249748,1.11051449237204,175.871551513672,-69.4020804204227,-143.2801673494,-175.871551513672,4.26434659957886,17.9932975769043,7,15.9390001296997,35.0699996948242,991.096288307426
8.825,0.0400188040980046,0.0141937979670836,0.474907963323855,0.0470494408420234,0.359786454686662,-6.96377737138404,-0.189498071344056,-0.291206121737875,-0.174518658390516,-0.115495524749028,0.059500354185644,-2.50305479113744,-0.182079368338689,-0.247296667525828,-0.174336863345973,15.5555570418559,8.28277035954195,0.113492994026801,-7.51669963868385,-15.842206649737,-1.76528620338775,7.18052497690713,-5.88910233148061,-2.81,0.112612506916738,-0.0565190996494955,17.5809702086694,17.7810045803959,0.169732573693952,1.11051443191527,175.955673217773,-69.7882087235814,-144.079997847078,-175.955673217773,4.26430320739746,17.9487648010254,7,15.9390001296997,35.0699996948242,991.095895668895
8.85,0.0320807448456756,0.019276215066284,0.47652573442441,-0.0741575931768341,0.27543318812208,-6.27865005529107,-0.137884200177412,-0.248449999480425,-0.180554865410041,-0.121514936317125,0.0536359319465311,-2.50752102112237,-0.115118801507685,-0.208392038232066,-0.177157734259262,15.502401846921,8.33102197586252,0.113168228277682,-7.52507398735089,-15.8155883656732,-1.72731681115321,7.1803815141051,-5.88917440018907,-2.81,0.108943531429046,-0.0538084833341579,17.5528373718262,17.7751601569964,0.169732292138157,1.11051437145851,176.039794921875,-70.1743370253219,-144.879828344598,-176.039794921875,4.26426029205322,17.9042263031006,7,15.9390001296997,35.0699996948242,991.095503030364
8.875,0.0289016593908015,0.0224621105864794,0.477,-0.110580744047895,0.315963196899,-5.22719809857993,-0.160193461582364,-0.182812012515251,-0.18236552077859,-0.124871358838184,0.0519291883243373,-2.51171008576626,-0.202602998983479,-0.089272964532072,-0.186219385345911,15.4783974405821,8.36223430477097,0.198716437117044,-7.55376740843706,-15.8043200136784,-1.64660407000777,7.18023805130308,-5.88924646889753,-2.81,0.111844021743858,-0.0517698850883138,17.5528373718262,17.797558550992,0.169732010582362,1.11051431100174,176.123901367188,-70.5604653270624,-145.679658842198,-176.123901367188,4.26421689987183,17.8596897125244,6.8600001335144,15.9809999465942,35.0699996948242,991.095110391833
8.9,0.0288962022257069,0.0294413597764516,0.477,-0.139493033686744,0.309663260173661,-4.79357978177178,-0.0889609529221498,-0.0856847564112983,-0.188779378480861,-0.12583598805377,0.0524891385351167,-2.51655288775192,-0.117567039845353,0.0194529688311474,-0.186329367321327,15.4824310131004,8.37641539278932,0.232124119780788,-7.62351875635145,-15.7842314106203,-1.63214186347233,7.18006494481293,-5.88933305379022,-2.81,0.113194942919389,-0.0503209158531301,17.5471334162447,17.8449559730239,0.169731822878499,1.11051427069723,176.179992675781,-70.8178841953622,-146.212879173957,-176.179992675781,4.26418828964233,17.8299999237061,6.8600001335144,15.9809999465942,35.0699996948242,991.093514668573
8.925,0.0327024344711494,0.0294353011571284,0.477,-0.241175824154002,0.280122861665436,-5.06265018606186,-0.0876855086654942,0.0365112049893684,-0.191433896560252,-0.126800617269356,0.053049088745896,-2.52139568973758,-0.0325310807072379,0.128178902194351,-0.186439349296743,15.491791927037,8.40836769738027,0.246162383446385,-7.68781887498804,-15.7786742377825,-1.63943301397115,7.17979161829362,-5.88946871531605,-2.81,0.113433765948747,-0.0478673590014307,17.5127314341437,17.894481124478,0.169731822878499,1.11051427069723,176.179992675781,-70.8178841953622,-146.212879173957,-176.179992675781,4.26418828964233,17.8299999237061,6.8600001335144,15.9809999465942,35.0699996948242,991.089512775854
8.95,0.0355679782527417,0.0291124032458501,0.477,-0.121297537197459,0.278531925256714,-6.41689753080421,-0.0251779295421446,0.14451412158531,-0.192502071530541,-0.127186675034741,0.0542979380915478,-2.5234649305031,-0.0160286098076537,0.167119028194711,-0.186866655290349,15.3760125855714,8.50262094903002,0.628211215850302,-7.55856699949783,-15.821411746976,-1.28917439200688,7.1795182917743,-5.88960437684187,-2.81,0.13542645515797,-0.0425149375053136,17.4836769104004,17.8371765204079,0.169731822878499,1.11051427069723,176.179992675781,-70.8178841953622,-146.212879173957,-176.179992675781,4.26418828964233,17.8299999237061,6.8600001335144,15.9809999465942,35.0699996948242,991.085510883135
8.975,0.0384176730591021,0.0287912912437704,0.477204238991993,0.0778182413806516,0.256213419857621,-8.03276506257659,0.0205294821089518,0.227856779476742,-0.193116826974938,-0.128501266241074,0.0627541691064835,-2.53104877471924,-0.0317461863160133,0.280955523252487,-0.189894020557404,15.3607032377271,8.52236890371093,0.698833919625664,-7.64326004870505,-15.7733007123679,-1.36158180097986,7.17924496525498,-5.8897400383677,-2.81,0.139886108461087,-0.0405758400609903,17.4836769104004,17.874264789489,0.169731822878499,1.11051427069723,176.179992675781,-70.8178841953622,-146.212879173957,-176.179992675781,4.26418828964233,17.8299999237061,7.15999984741211,15.9399995803833,35.0699996948242,991.081508990416
9,0.0530176681566292,0.030672789338676,0.477551093399737,0.173895191387376,0.263906834974287,-9.59452876453069,0.037483399500097,0.269839216744068,-0.193960305970371,-0.127930394863126,0.066221650240697,-2.53414692353693,0.0140421786938594,0.276559544138622,-0.191196169037323,15.2868056190901,8.58032874946559,0.830432898851455,-7.59202556293693,-15.7707207441541,-1.28203016573901,7.17897163873566,-5.88987569989353,-2.81,0.148533735627141,-0.0369856390725457,17.475276514427,17.8367079063072,0.169731741639719,1.11051425331591,176.204528808594,-70.9288960834598,-146.443658487452,-176.204528808594,4.26444005966187,17.8126792907715,7.15999984741211,15.9399995803833,35.0699996948242,991.071789928318
9.025,0.0530176681566292,0.030672789338676,0.477897942860545,0.341876894430463,0.311410157184026,-10.9685331846186,0.0676984826274102,0.288384597983916,-0.198874260616414,-0.126861099877321,0.0727165636895276,-2.53995004333591,0.0998080289441277,0.26832546794259,-0.19363521379265,15.2804559995159,8.56323100866071,0.817350470418128,-7.68134554259754,-15.7027411833549,-1.38208995224989,7.1786800433879,-5.89001842309305,-2.81,0.149285873612437,-0.0370828675086726,17.4173737850386,17.8647366476634,0.169731463106763,1.11051419372281,176.288665771484,-71.3095082655506,-147.234901847747,-176.288665771484,4.26530408859253,17.7532997131348,7.15999984741211,15.9399995803833,35.0699996948242,991.048186312017
9.05,0.0580994572644344,0.0274917468088194,0.478244790663981,0.513751637723312,0.187021131060253,-11.9304212120133,0.101739005868977,0.259536980317757,-0.205170431514623,-0.125609140295069,0.0791785469063625,-2.54638898509781,0.154214580289783,0.236599176013631,-0.197337415118167,15.2420693302269,8.57184540704445,0.860039930204315,-7.73838065107009,-15.6404056414796,-1.42550205204144,7.17835431666985,-5.89017433950855,-2.81,0.153499794717416,-0.0356526615721854,17.3672714233398,17.8743622853413,0.169731184573806,1.11051413412972,176.372787475586,-71.6901204490594,-148.026145208122,-176.372787475586,4.26616764068604,17.6939182281494,7.96999979019165,15.9079999923706,35.0699996948242,991.024582695715
9.075,0.0631864019613063,0.0243074770399451,0.478591642602273,0.650461678475667,0.123338323370495,-12.3087873397867,0.0710849210070462,0.184115991207702,-0.20784924994541,-0.124044291675091,0.0841257721185684,-2.55346322059631,0.0961717888712883,0.136439844965935,-0.204283878207207,15.1024671355445,8.70897173646379,1.03266492528623,-7.65127467998197,-15.6431586126111,-1.32162155203397,7.1780285899518,-5.89033025592406,-2.81,0.165747549121319,-0.0269735777158382,17.3672714233398,17.8112651664905,0.169730906040849,1.11051407453662,176.456909179688,-72.0707326311502,-148.817388568417,-176.456909179688,4.2670316696167,17.6345367431641,7.96999979019165,15.9079999923706,35.0699996948242,991.000979079414
9.1,0.0682616731675145,0.026839048845629,0.478938494536677,0.735657616982774,0.125230974935639,-11.9928978616787,0.0307036966084067,0.0791239292961666,-0.213592415782271,-0.125013382536901,0.0839070389513746,-2.55619655437205,0.0535032558523642,0.0854461787755997,-0.208982720757076,14.9998412889499,8.79527226209647,0.97303370964346,-7.56035663563727,-15.6273365125252,-1.387879146202,7.17771826738745,-5.8904815042489,-2.81,0.162792491390277,-0.0219353260280432,17.3633980111977,17.721163196082,0.169730697141131,1.11051402984179,176.520004272461,-72.3561917691364,-149.410821088698,-176.520004272461,4.26767921447754,17.5900001525879,7.96999979019165,15.9079999923706,35.0699996948242,990.983276367188
9.125,0.0682616731675145,0.026839048845629,0.479285346481881,0.626575141708861,0.0115485717766504,-11.1338608103367,-0.0814108989132682,-0.0198990641162469,-0.225414737140088,-0.127079834632939,0.0834406207550702,-2.56202501022961,-0.0374814835218837,-0.0232907545051222,-0.21900235195862,14.9676124137993,8.8298790730838,0.906981818977184,-7.60477288617589,-15.5832203689819,-1.46610849407079,7.1774114091355,-5.89063170274493,-2.81,0.158158100577403,-0.0193167879691368,17.3322493218884,17.727529212305,0.169730697141131,1.11051402984179,176.520004272461,-72.3561917691364,-149.410821088698,-176.520004272461,4.26767921447754,17.5900001525879,7.96999979019165,15.9079999923706,35.0699996948242,990.983276367188
9.15,0.065068509700959,0.0344785393063413,0.479632198419783,0.652400008676019,0.177479590501397,-10.4718986313935,-0.125970540343566,-0.0948619076555862,-0.231805132193005,-0.13414414619621,0.0789199722386097,-2.57067713130131,-0.13005633795309,-0.115531792903843,-0.230322174350697,14.8110973222856,8.98662122088455,0.942083186660299,-7.52471659865385,-15.5670990562913,-1.43511416619518,7.17710455088355,-5.89078190124096,-2.81,0.156969567874529,-0.00984653924449003,17.304651260376,17.6540355118625,0.169730697141131,1.11051402984179,176.520004272461,-72.3561917691364,-149.410821088698,-176.520004272461,4.26767921447754,17.5900001525879,9.14000034332275,15.8769998550415,35.0699996948242,990.983276367188
9.175,0.0595064661719007,0.0406604393443103,0.479979052835968,0.578841363449182,0.184141244694361,-9.54696183912836,-0.15531841562637,-0.139920309640354,-0.235433628301241,-0.137145400359227,0.0773281876203497,-2.57329142036027,-0.158788864888731,-0.131080914459708,-0.234339040165185,14.7515308794089,9.0385117882049,0.89445601954379,-7.48823956479357,-15.5503698709221,-1.48817851763498,7.1767976926316,-5.89093209973699,-2.81,0.15296345666317,-0.006789166673444,17.304651260376,17.610089944356,0.169730697141131,1.11051402984179,176.520004272461,-72.3561917691364,-149.410821088698,-176.520004272461,4.26767921447754,17.5900001525879,9.14000034332275,15.8769998550415,35.0699996948242,990.983276367188
9.2,0.0606161992181541,0.0420980569274327,0.480325902289317,0.686980779407361,0.26954548434205,-9.10676838068052,-0.151908900274883,-0.157532888993707,-0.244526839990956,-0.144875267187657,0.073027961261424,-2.57970361853748,-0.214289803573641,-0.163318279274782,-0.244257074569545,14.7270180985169,9.06657064893444,0.910351627710094,-7.55436806413158,-15.5129950489721,-1.48155771215153,7.17662534964877,-5.89101525221566,-2.81,0.14924499976382,-0.00484728371460157,17.2996721955919,17.6450962331797,0.169730639653224,1.1105140176065,176.534957885742,-72.434336782854,-149.574130038048,-176.534957885742,4.26738214492798,17.5863914489746,9.14000034332275,15.8769998550415,35.0694847106934,990.983801772914
9.225,0.0564682737431512,0.0541638891075328,0.480672754234749,0.548105355001529,0.103251833297134,-8.67908130439893,-0.155603478965921,-0.192921790370541,-0.248241114857363,-0.149771948208345,0.0663228657974689,-2.58654130447959,-0.187392948627651,-0.197039103615923,-0.249089015716315,14.655778714877,9.14571030833412,0.93628620511102,-7.56411639376505,-15.4955101259897,-1.40918691386793,7.17647900874463,-5.89108544456102,-2.81,0.147487003176997,0.000426710135310257,17.2516242204253,17.6491473897184,0.169730363711272,1.11051395887707,176.606704711914,-72.8094328481313,-150.358012995087,-176.606704711914,4.26595735549927,17.5690727233887,9.14000034332275,15.8769998550415,35.067008972168,990.986323720401
9.25,0.0491622809523817,0.0592498876883978,0.481109776208393,0.567256836566347,0.312998618383203,-8.27805299661397,-0.145588643573592,-0.213860266103157,-0.24919781718617,-0.154585722038613,0.0578415909866226,-2.59480875684834,-0.147235951380694,-0.205983759788404,-0.255624250750909,14.5354583277051,9.24260732952808,0.903836144622375,-7.54858830704717,-15.4488099627481,-1.36943204512996,7.17633266784048,-5.89115563690637,-2.81,0.142506963830911,0.00706051466358913,17.2080574035645,17.613838024734,0.169730087769319,1.11051390014764,176.678466796875,-73.1845289119904,-151.141895952126,-176.678466796875,4.2645320892334,17.5517539978027,9.14000034332275,15.8769998550415,35.0645370483398,990.988845667888
9.275,0.0451881862596507,0.06290853921478,0.483052145643994,0.526926650639091,0.348503300397068,-7.7781027405146,-0.057974504299357,-0.218655413913886,-0.252676382081721,-0.154487771503737,0.0536176177237147,-2.59772050406371,-0.0277572511327069,-0.21676626366383,-0.25277934209067,14.498695508541,9.28181426829609,0.932953723154645,-7.54565836321672,-15.4483798944861,-1.28267248794611,7.17618632693634,-5.89122582925173,-2.81,0.143655837194001,0.00989219463730872,17.2080574035645,17.6183039546005,0.169729811827366,1.11051384141821,176.750198364258,-73.5596249758495,-151.925778909086,-176.750198364258,4.26310729980469,17.5344333648682,9.81999969482422,15.8979997634888,35.0620651245117,990.991367615375
9.3,0.0421669992051234,0.0668796016631556,0.484994505794498,0.48829533751398,0.341947995651004,-7.75422573598411,0.0132082768380528,-0.186087108427527,-0.256154066859354,-0.154210943785806,0.0494770647393433,-2.60266838611233,0.0607556679458394,-0.193793316950585,-0.252664666212718,14.4746784580238,9.29335234184503,0.947638632980676,-7.59943621647932,-15.413437069915,-1.20634160792175,7.17602917360403,-5.89130045768122,-2.81,0.143942336557986,0.0115035676027623,17.2055345122347,17.650982505064,0.169729581875739,1.11051379247702,176.809997558594,-73.8722050307199,-152.579014706645,-176.809997558594,4.2619194984436,17.5200004577637,9.81999969482422,15.8979997634888,35.060001373291,990.993031295304
9.325,0.0415292373551448,0.0662427974468911,0.48693687990338,0.343605005141873,0.347506504458347,-7.58161240678211,0.0991259234189856,-0.13234444257491,-0.256686710582267,-0.153784802119945,0.0454131735353325,-2.60883791647372,0.129716297406919,-0.149883390442403,-0.25429712512285,14.4564676872343,9.28337116144592,0.960170970947626,-7.6874625717311,-15.3531978849807,-1.12898198370206,7.17581737356736,-5.891397506364,-2.81,0.144104261443187,0.012121442148625,17.1751021355698,17.6993948684191,0.169729581875739,1.11051379247702,176.809997558594,-73.8722050307199,-152.579014706645,-176.809997558594,4.2619194984436,17.5200004577637,9.81999969482422,15.8979997634888,35.060001373291,990.990403637444
9.35,0.039630906050969,0.0643444661427153,0.488877347924987,0.416913837881062,0.146202754701806,-7.75029892846354,0.168760084746896,-0.0876522396296256,-0.262123551830533,-0.149648068638795,0.0437457238052675,-2.61406574006222,0.126913177532505,-0.0640474909951501,-0.263742856097677,14.3628426243016,9.3874201164333,0.993505046898194,-7.63528729717777,-15.3627003558032,-1.04488403109854,7.17560557353069,-5.89149455504677,-2.81,0.148393216876874,0.0193742799994694,17.1468772888184,17.6686706158544,0.169729581875739,1.11051379247702,176.809997558594,-73.8722050307199,-152.579014706645,-176.809997558594,4.2619194984436,17.5200004577637,9.81999969482422,15.8979997634888,35.060001373291,990.987775979583
9.375,0.0401132795258279,0.0610043012486861,0.488240985941461,0.430656938474754,0.0942488148443644,-8.14298910176014,0.170038860015411,-0.0423794000218963,-0.258109822738485,-0.14634774878591,0.0411100494604587,-2.62101692805745,0.177535076728377,-0.0487841648860088,-0.257323221539696,14.3005516784606,9.47758882477165,0.951743026329646,-7.64741219084807,-15.3524219055587,-1.02786742574883,7.17539377349402,-5.89159160372955,-2.81,0.147547287673568,0.0260944291426186,17.1468772888184,17.6748092823869,0.169729581875739,1.11051379247702,176.809997558594,-73.8722050307199,-152.579014706645,-176.809997558594,4.2619194984436,17.5200004577637,9.06999969482422,15.9090003967285,35.060001373291,990.985148321722
9.4,0.0402711116965058,0.0611677021350687,0.487431676553258,0.550969534996328,0.0720083027688669,-8.31905834971114,0.208771565320231,-0.0233852848698195,-0.261301999625635,-0.138079346793386,0.0389353891912049,-2.63053670934794,0.204185405296642,-0.00300149810520715,-0.258171026554043,14.2324663687728,9.52910615865605,0.939723769605251,-7.71205068942427,-15.2938211121653,-0.934534021414979,7.17500177179047,-5.89177555894069,-2.81,0.150908948843377,0.0315515150870873,17.1455412205962,17.7070653752874,0.16972954770687,1.11051378502788,176.817733764648,-73.9197815541903,-152.676080025897,-176.817733764648,4.26181125640869,17.5138149261475,9.06999969482422,15.9090003967285,35.060001373291,990.981646665593
9.425,0.041075704194275,0.0527453991013249,0.486622349770763,0.450701191172405,-0.0294278245450575,-8.35080426899425,0.211664598333705,-0.0162642838802226,-0.257761967528798,-0.135486538705451,0.0382509583922069,-2.63572372310542,0.201447856739384,-0.00608028698765553,-0.257313108280949,14.114711922438,9.65619580227818,0.902122788234367,-7.62889001115208,-15.302900498831,-0.949899505748486,7.17458020013382,-5.89197377496313,-2.81,0.150817244049375,0.0401325432842027,17.1240527900224,17.6399616197756,0.169729274355922,1.11051372543478,176.879592895508,-74.3003937362811,-153.452602579522,-176.879592895508,4.26094818115234,17.4643306732178,9.06999969482422,15.9090003967285,35.060001373291,990.972027021585
9.45,0.0396592037722631,0.0465668680603394,0.485813026914089,0.421667576930538,0.0262074628617296,-8.39709581252893,0.204012435416968,-0.0184026426034775,-0.258797870041912,-0.135583454963229,0.0383181682599291,-2.63871059649305,0.163244198233643,-0.0194553615055641,-0.256824258946131,14.1144363083855,9.65803115031888,0.900370124409427,-7.67342525585007,-15.2811791419761,-0.953757431764113,7.17415862847717,-5.89217199098558,-2.81,0.15060334357216,0.0407384578085547,17.1036777496338,17.6649324639416,0.169729001004974,1.11051366584168,176.941436767578,-74.6810059197899,-154.229125133147,-176.941436767578,4.26008415222168,17.4148445129395,9.06999969482422,15.9090003967285,35.060001373291,990.962407377577
9.475,0.039657685029853,0.0475209940791199,0.485124652916149,0.423201772280247,-0.192139844786478,-9.12640208308817,0.201008327103266,0.0168242439569381,-0.256195414840311,-0.130057058833441,0.0382235391932306,-2.64720754832793,0.162479039905139,0.0189676612652185,-0.249386808122904,14.0909927430518,9.69907434691459,0.907966165295131,-7.76353297963112,-15.2439373239397,-0.895797280089084,7.1738553295239,-5.89231545653098,-2.81,0.153714766688446,0.0451062689682136,17.1036777496338,17.7268884213331,0.169728727654025,1.11051360624859,177.003295898438,-75.0616181032988,-155.00564768685,-177.003295898438,4.25922060012817,17.3653602600098,9.06999969482422,15.9090003967285,35.060001373291,990.95278773357
9.5,0.0396635574773322,0.0478239768987636,0.484620852078726,0.540080120688747,-0.230760463485178,-9.8817406894856,0.145949787775765,0.0541493561741478,-0.250270559640784,-0.12468349540183,0.0387176155244274,-2.65611358300995,0.141166760230154,0.068120351537176,-0.241612664117436,14.0282565542847,9.78184865721867,0.890604377219085,-7.80584786699668,-15.217486190446,-0.875542336596852,7.173660708202,-5.8924086133239,-2.81,0.155784513167064,0.0520094015221416,17.1021292578314,17.75063028248,0.169728477082323,1.11051355162158,177.059997558594,-75.4105126044941,-155.71746002764,-177.059997558594,4.25842905044556,17.3199996948242,8.98999977111816,15.8780002593994,35.060001373291,990.943900511437
