0,-0.0306373923161163,-0.065700768136691,0.473,1.21575457750995,-0.659190501502672,-10.5316836312058,-0.0397898810197842,0.0381172810212344,0.0117114389085799,-0.0157064311206341,-0.0455621853470802,-2.55709886550903,0.0319367311894894,0.0583813823759556,0.00449674110859632,14.995946057391,9.1169402156853,-0.146350249433383,-7.4758786045586,-15.8737072854106,0.393791258247934,7.52266562981148,-5.98669380831063,-2.81,0.130884764400751,-0.00370363933617483,17.5512409210205,18.2475654012567,0.169777288705513,1.11051544879448,177.539993286133,0,0,-177.539993286133,4.27169322967529,17.6399993896484,7.01999998092651,16.0550003051758,36.3899993896484,991.111633300781
0.025,-0.0311023011189688,-0.0702751846550585,0.473,0.160059699247171,-0.010369619408661,-10.6565494606381,-0.0393129204682436,0.04686844641166,0.00262016239599277,-0.0213597827658785,-0.0430324803716293,-2.55714963016804,-0.0492171168527979,0.0495083760229883,0.00412565862460737,15.0162783247398,9.08175810615084,-0.161667119511828,-7.51735855487067,-15.8555316816953,0.290717612966977,7.5228484745043,-5.98659190271529,-2.81,0.12755202446508,-0.00640621111002311,17.5512409210205,18.2542666125746,0.169777288705513,1.11051544879448,177.539993286133,0,0,-177.539993286133,4.27169322967529,17.6399993896484,7.01999998092651,16.0550003051758,36.3875885009766,991.113415948276
0.05,-0.0306353710503096,-0.0669705965711465,0.473,0.152667772993795,0.000838471964710402,-10.4710849896029,-0.0471840005002657,0.0116237833304598,0.00306361430199202,-0.0182019759386323,-0.0434163503837093,-2.55708561934857,-0.0306123567866863,0.0457105571711455,0.00326724173527059,15.0024231955059,9.10393731491235,-0.124514317792656,-7.48913407867258,-15.8667031026656,0.361225123393316,7.52303131919712,-5.98648999711995,-2.81,0.131177734376466,-0.0047704007957136,17.5512409210205,18.2493942290486,0.169777288705513,1.11051544879448,177.539993286133,0,0,-177.539993286133,4.27169322967529,17.6399993896484,7.01999998092651,16.0550003051758,36.3851699829102,991.11519859577
0.075,-0.0310941740420399,-0.071159097089171,0.473,0.169944050672132,0.0571373372302637,-10.5336862996021,-0.0968673397091767,-0.0184053809308109,0.000976589135674509,-0.0224533645019316,-0.0427263524309037,-2.55722039380445,-0.0451549491244376,-0.0100283075605509,0.00194100676341058,15.0052780695875,9.12503917992456,-0.192397551816595,-7.48759745876611,-15.8851516081664,0.244068596495598,7.52321416388994,-5.98638809152461,-2.81,0.125457784989442,-0.00417863352245517,17.5700058317311,18.2383475052255,0.169777288705513,1.11051544879448,177.539993286133,0,0,-177.539993286133,4.27169322967529,17.6399993896484,7.01999998092651,16.0550003051758,36.3827590942383,991.116981243265
0.1,-0.0325434379866216,-0.067585242067113,0.473,0.0952111355156984,0.0945572424475049,-10.4763122386137,-0.102818278358756,-0.0251592364794504,-0.00262332063916534,-0.0260125677849977,-0.0439825957858272,-2.55730080604553,-0.0556018475423037,-0.0441001284954363,0.00214600144328746,15.0104658950325,9.13668243545056,-0.194955667470426,-7.48865526587139,-15.8965145904617,0.22787322935421,7.52339700858276,-5.98628618592927,-2.81,0.123258533022613,-0.00400111687398091,17.5899708239406,18.2428894169365,0.169777288705513,1.11051544879448,177.539993286133,0,0,-177.539993286133,4.27169322967529,17.6399993896484,7.01999998092651,16.0550003051758,36.3803482055664,991.11876389076
0.125,-0.0338180571583627,-0.0618674085946545,0.473,0.0218226699423011,-0.0018808227724729,-10.2274981189321,-0.124680439185091,-0.0263823504107388,0.000416595185593167,-0.0257942825555801,-0.0444102510809898,-2.55730080604553,-0.174048870801926,0.00342877465300262,-0.00166807987261564,15.0166256964102,9.14844673483,-0.153571759174152,-7.48498331448792,-15.9095782693359,0.277584806929423,7.52357985327558,-5.98618428033393,-2.81,0.125494519465827,-0.00332374428133166,17.5923709869385,18.2555168801568,0.169777056516539,1.11051540004562,177.527587890625,-0.311351583825043,-0.659604714789619,-177.527587890625,4.27140426635742,17.642068862915,7.01999998092651,16.0550003051758,36.3800010681152,991.119018554688
0.15,-0.0338210590983851,-0.0599814870171249,0.473,0.06319591886074,0.167919972993075,-10.0660059792992,-0.11668955537593,-0.0484931376092344,0.00456067210716757,-0.0269633113397043,-0.0455298643635632,-2.5573246813887,-0.152986864014271,-0.0106081633408151,-0.000862097541978372,15.0102598782594,9.16189778580964,-0.187423093948209,-7.47483710786997,-15.9169116114,0.249268995951768,7.52385267950288,-5.9860303061283,-2.81,0.122898237806739,-0.0027362161626252,17.5923709869385,18.2467045141535,0.169776785629402,1.11051534317196,177.513092041016,-0.674595096869427,-1.42914354867142,-177.513092041016,4.27106761932373,17.6444816589355,6.96000003814697,16.0620002746582,36.3800010681152,991.119018554688
0.175,-0.0338210590983851,-0.0599814870171249,0.473,0.100969109763999,0.106911040212787,-9.82380630128858,-0.110988659031529,-0.0784132697925596,0.00557938562797575,-0.029418349986029,-0.0478811271510876,-2.55737482120645,-0.108755240862592,-0.0400866720985816,0.000830519266812824,15.0025251668333,9.1605489652376,-0.183753859948359,-7.4707037775852,-15.9104777052954,0.265458968395269,7.52425050104098,-5.98580400228119,-2.81,0.121472005385474,-0.00311711310807753,17.6033104155361,18.2429780955762,0.169776514742265,1.1105152862983,177.498626708984,-1.03783860991381,-2.19868238247437,-177.498626708984,4.27073049545288,17.6468963623047,6.96000003814697,16.0620002746582,36.3800010681152,991.119018554688
0.2,-0.0338210590983851,-0.0599814870171249,0.473,0.0457276851495331,0.183735023677837,-9.36838092486454,-0.111654515437145,-0.10102972766165,0.00241362063051001,-0.0318733886323537,-0.0502323899386121,-2.55742496102421,-0.0645236177109129,-0.0695651808563481,0.00252313607560402,14.9976624936154,9.16047799696419,-0.182224089709581,-7.46841283458672,-15.9066678173433,0.279592033163554,7.52464832257909,-5.98557769843409,-2.81,0.119908278238249,-0.0034225591720107,17.6166565184252,18.2418609506108,0.169776243855129,1.11051522942464,177.484130859375,-1.40108212437636,-2.96822121635617,-177.484130859375,4.27039337158203,17.6493091583252,6.96000003814697,16.0620002746582,36.3800010681152,991.119018554688
0.225,-0.0361088490019877,-0.0580195594151402,0.473,-0.13053450167049,0.0016669796059072,-8.88240415238113,-0.0932356272937469,-0.0923835734404312,0.00170360842088893,-0.0343284272786784,-0.0525836527261365,-2.55747510084196,-0.020291994559234,-0.0990436896141147,0.00421575288439522,15.0000015352231,9.15582002401262,-0.178267829240324,-7.47452972908793,-15.9029638861559,0.296666062012163,7.52493333944654,-5.98541921798243,-2.81,0.118429442002505,-0.00397255360860988,17.6198654174805,18.2480946569883,0.169776166458804,1.11051521317503,177.479995727539,-1.50486598565138,-3.18808945461937,-177.479995727539,4.27029705047607,17.6499996185303,6.75,16.076000213623,36.3800010681152,991.121175831762
0.25,-0.0430445748875836,-0.0513846884507326,0.473,-0.21822757894075,0.072712334556065,-8.70800102625978,-0.106190983150753,-0.0480199292568344,0.00680096688711926,-0.0374009832132505,-0.054747035962437,-2.55744194848395,-0.0240237056405699,-0.0691467061426656,0.00699326647469303,15.0276720649331,9.15053598992119,-0.185836731172545,-7.50203040962036,-15.9132067243147,0.29523442723199,7.52520893416605,-5.98526640256275,-2.81,0.115893939750112,-0.00463850498188849,17.6198654174805,18.2763344841294,0.169776166458804,1.11051521317503,177.479995727539,-1.50486598565138,-3.18808945461937,-177.479995727539,4.27029705047607,17.6499996185303,6.75,16.076000213623,36.3800010681152,991.124196019666
0.275,-0.0433645146425176,-0.0475635472060079,0.473,-0.174736916582386,0.150670544719327,-8.9193537491548,-0.0729080593836879,0.00878190418707936,0.00774232184146619,-0.0437355674157868,-0.054377168828695,-2.55746332276909,-0.0727105888260446,-0.0123124119396011,0.00653961008202712,15.0556365930715,9.13520012302126,-0.145633954106488,-7.53595141671369,-15.9147586508915,0.274184404507114,7.52548452888556,-5.98511358714307,-2.81,0.114785839148694,-0.00625623111307743,17.6243221171655,18.3018277031672,0.169776166458804,1.11051521317503,177.479995727539,-1.50486598565138,-3.18808945461937,-177.479995727539,4.27029705047607,17.6499996185303,6.75,16.076000213623,36.3800010681152,991.12721620757
0.3,-0.041474315337416,-0.0384299504831657,0.473,-0.0882921628476032,0.252038255068859,-9.48007915546735,-0.0522956409511435,0.0377150700688057,0.00862178666398678,-0.0412520319223404,-0.0543560683727264,-2.55719017982483,-0.0499791651964188,0.0493347533047199,0.0111777642741799,15.0674625687869,9.15117990021678,-0.0475960460908496,-7.52425234643997,-15.9375329895732,0.394279145896915,7.5257535124571,-5.98496387208361,-2.81,0.121293756363789,-0.00511678314573276,17.6306938049964,18.3254935332196,0.169776166458804,1.11051521317503,177.479995727539,-1.50486598565138,-3.18808945461937,-177.479995727539,4.27029705047607,17.6499996185303,6.8600001335144,16.0659999847412,36.3800010681152,991.130236395474
0.325,-0.0413013218701897,-0.0439103275761921,0.473,-0.0683482626699188,0.160497809234985,-9.94471128232349,-0.00565756604049621,0.0546935130702388,0.00677203801335724,-0.0457793060573223,-0.0523369431603424,-2.55716067279532,0.0334430976130871,0.0303021222019835,0.0119176301320309,15.0823187027313,9.13019036447266,-0.0593838164529132,-7.55205029153329,-15.9282490036062,0.312506085054039,7.52598498674098,-5.98483174735854,-2.81,0.118665241529835,-0.00683654997647845,17.6329917907715,18.3294500418296,0.169776010703214,1.11051518019432,177.467590332031,-1.71550878452202,-3.63056146134352,-177.467590332031,4.27020072937012,17.6665515899658,6.8600001335144,16.0659999847412,36.3800010681152,991.134982405038
0.35,-0.0408344238420876,-0.0415578577555843,0.473,-0.0773444018890073,0.0828275243811337,-10.0676981813298,0.0051439891329295,0.0600864993351876,0.00614965237981361,-0.0453272908332742,-0.0509023928942723,-2.5570433810702,0.0547484887142117,0.0327246764139652,0.010300592650908,15.0850139669951,9.12612354101009,-0.00151029001389108,-7.55082814413235,-15.9280926923567,0.35303976074212,7.52621646102486,-5.98469962263348,-2.81,0.122281559040964,-0.00703217388828067,17.6329917907715,18.335570901746,0.169775738130932,1.11051512247809,177.445861816406,-2.08413368396382,-4.40488747299251,-177.445861816406,4.27003192901611,17.6955165863037,6.8600001335144,16.0659999847412,36.3800010681152,991.141022780846
0.375,-0.0398684727976833,-0.0425238087999886,0.473,-0.0713809526234081,0.081740587301521,-10.3194204182405,-0.00311128551382326,0.0702821622634761,0.00669283678847099,-0.0451313257217407,-0.0502804629504681,-2.55699253082275,0.0639851540327072,0.0337749421596527,0.00959954783320427,15.0959019958332,9.12045483229297,0.0328208005861209,-7.55996983789034,-15.9302262690745,0.3804966319531,7.52644793530873,-5.98456749790841,-2.81,0.124281372571534,-0.00732593070288513,17.6353696726994,18.3492615213385,0.16977546555865,1.11051506476186,177.424133300781,-2.45275858340562,-5.1792134846415,-177.424133300781,4.26986360549927,17.7244834899902,6.8600001335144,16.0659999847412,36.3800010681152,991.147063156654
0.4,-0.0370249385387213,-0.0415639215530045,0.473,-0.0324729666871145,0.159259391466856,-10.8192703448903,-0.00808324122919421,0.0853175705166768,0.00208489272772369,-0.0438940359030866,-0.0484875809860731,-2.55700079122909,-0.0856653438611254,0.0915397496131475,0.00099626288225238,15.1030018133483,9.12286063081763,0.0296479212210366,-7.56473631098634,-15.9364995873325,0.361765546663501,7.52667940959261,-5.98443537318335,-2.81,0.125010994569202,-0.00705450861951981,17.6394748839523,18.3535965755186,0.169775192986368,1.11051500704562,177.402404785156,-2.82138348284742,-5.95353949636933,-177.402404785156,4.26969528198242,17.7534484863281,6.8600001335144,16.0659999847412,36.3800010681152,991.153103532462
0.425,-0.0362018842446718,-0.0414005687977232,0.473,-0.0425095337426265,0.141458055004991,-11.0389156823057,0.00291416875075373,0.0988990381901754,-0.00217124264738189,-0.0443339332457599,-0.0460259795168863,-2.55709092057646,-0.0912726481393696,0.114569247772941,-0.00157457786634239,15.105821016735,9.14456055330679,-0.00064857982834411,-7.55944743693658,-15.9555555260245,0.28951515940524,7.52699809717131,-5.98425792467804,-2.81,0.123580239356092,-0.00593342431891023,17.6414489746094,18.3476049917041,0.169775037230778,1.11051497406492,177.389999389648,-3.03202628171806,-6.39601150309348,-177.389999389648,4.26959896087646,17.7700004577637,6.8600001335144,16.0659999847412,36.3800010681152,991.154250572468
0.45,-0.0341742807784048,-0.0412569631932123,0.473,-0.047511443118291,0.0266400618375082,-11.272210361054,0.0147081356049933,0.108900878157911,-0.00172606452137477,-0.0450859312044087,-0.0424703640369833,-2.55725874790489,-0.0766855304235609,0.124754586480351,-0.00135125286642632,15.1147518154457,9.15328717332217,0.00270522074666932,-7.56576223527072,-15.9669562329223,0.232263413688899,7.52732354034091,-5.98407696536721,-2.81,0.123968040665987,-0.00555092116532479,17.6414489746094,18.3497815621555,0.169775037230778,1.11051497406492,177.389999389648,-3.03202628171806,-6.39601150309348,-177.389999389648,4.26959896087646,17.7700004577637,6.65999984741211,16.0930004119873,36.3800010681152,991.148873164736
0.475,-0.0320765046356949,-0.0410898906838397,0.473,0.0515687149169787,0.0938008011442587,-11.5393483205263,0.0164825831289835,0.101139336126157,0.00185309901433291,-0.0421838377744165,-0.0404070620316399,-2.55728578715356,0.0466905330945183,0.0947664454089263,0.00159651320072482,15.1209093620015,9.1528900547194,0.0311884181228085,-7.56876641793341,-15.9707971428562,0.256286046382354,7.5276489835105,-5.98389600605637,-2.81,0.127293823742214,-0.00522125599868388,17.6495150862069,18.3587053576064,0.169775037230778,1.11051497406492,177.389999389648,-3.03202628171806,-6.39601150309348,-177.389999389648,4.26959896087646,17.7700004577637,6.65999984741211,16.0930004119873,36.3800010681152,991.143495757004
0.5,-0.03232810638116,0.21372319045193,0.473,0.116094254842233,0.110877460416289,-11.9362353337849,0.026774080709658,0.0844762677987308,0.00155312576379881,-0.0447893589735031,-0.0372193455696106,-2.55747699737549,0.000462740659713745,0.0805696845054626,0.000672112160827965,15.1284157019743,9.10758618585448,0.0113451047637617,-7.60596220155735,-15.9354556288628,0.166761461190524,7.5279744266801,-5.98371504674554,-2.81,0.12543953171576,-0.00800928135459126,17.6670876864729,18.3557698633998,0.169775037230778,1.11051497406492,177.389999389648,-3.03202628171806,-6.39601150309348,-177.389999389648,4.26959896087646,17.7700004577637,6.65999984741211,16.0930004119873,36.3800010681152,991.138118349273
0.525,-0.0301501292632517,0.219021072605389,0.473,0.134189351840367,0.189538077203886,-11.8674599397935,0.00861142841488095,0.0621863907704434,-0.0031557331696283,-0.0389058240642425,-0.0370727967591272,-2.55752725492864,0.0393111086488963,0.0711231533760741,-0.00313683385547676,15.120907005332,9.14931142691802,0.00903882903698343,-7.57484900148712,-15.9664568104239,0.213844515009846,7.52836398599284,-5.98349710640527,-2.81,0.128326456688267,-0.00498962754528516,17.6776504516602,18.3551127114,0.169774959232616,1.11051495757457,177.385864257812,-3.13734768115339,-6.61758944769085,-177.385864257812,4.26983976364136,17.765172958374,6.26000022888184,16.1110000610352,36.3793106079102,991.136255724677
0.55,-0.0310861133252115,0.216201144312411,0.472963048893461,0.0799128521708406,0.326552383697143,-11.6649408093008,0.0275839426627492,0.0325224711222636,-0.00916910795321811,-0.0384652013923317,-0.0357851237762306,-2.5577916006534,0.0171766868816927,0.055582470799885,-0.00797322686740401,15.1217230555571,9.13207915684219,-0.032998535635388,-7.59138176988764,-15.95019456213,0.15710841215208,7.52875555576165,-5.98327800647037,-2.81,0.126483473215748,-0.00584051321780217,17.6776504516602,18.351068380436,0.169774686239047,1.11051489985833,177.371383666992,-3.50597258059518,-7.39311225378164,-177.371383666992,4.2706823348999,17.7482757568359,6.26000022888184,16.1110000610352,36.3768997192383,991.14318005792
0.575,-0.0306048655228892,0.216682392114733,0.472269353286164,-0.0927158854226105,0.772962597675015,-11.1969818633496,0.213900987946909,0.0259699086708218,-0.0129764807821501,-0.0382885709404945,-0.0352689400315285,-2.55789756774902,0.00830375961959362,0.0493527464568615,-0.00991197023540735,15.1251677450257,9.1122917184592,-0.0666211676954344,-7.60849841778322,-15.9344210956989,0.118212643090178,7.52914712553046,-5.98305890653548,-2.81,0.124814069942658,-0.00688408494429302,17.6921130820358,18.350813368842,0.169774413245479,1.1105148421421,177.356903076172,-3.87459748003698,-8.16863505995127,-177.356903076172,4.27152490615845,17.7313804626465,6.26000022888184,16.1110000610352,36.3744812011719,991.150104391164
0.6,-0.0304644553230823,0.216555888767229,0.471575651063633,-0.257896885267187,1.14971424198409,-10.6916457796302,0.647409754061536,0.0367206687622243,-0.0304025197213641,-0.0337050692370082,-0.0348091296244378,-2.55843584006559,0.330560178791825,-0.00180926016467075,-0.0166352163611939,15.1320819463777,9.01071719736694,0.0258996688313547,-7.67207732366177,-15.8508930910154,0.24903211161942,7.52953869529926,-5.98283980660058,-2.81,0.13208835143129,-0.0117247288923525,17.7348011684671,18.3800240117335,0.16977414025191,1.11051478442587,177.342407226562,-4.24322237806061,-8.94415786612091,-177.342407226562,4.27236747741699,17.7144832611084,6.26000022888184,16.1110000610352,36.3720664978027,991.157028724407
0.625,-0.0319947438000693,0.181670328218032,0.470881948841102,-0.308453178320727,0.922091537076704,-10.2286302299436,1.07562223039333,0.0222763638450039,-0.0595846972606926,-0.0129333619445597,-0.0345551112110812,-2.55974709530648,0.751960129940555,0.0152739391976014,-0.0473131567518827,15.1272507657881,8.93299711744894,0.0477361258379605,-7.72326439557081,-15.7727207433403,0.454861954672563,7.52993712323276,-5.98261668398719,-2.81,0.143524218639541,-0.0129016521955401,17.7655925750732,18.4164496483243,0.169773906257423,1.11051473495481,177.330001831055,-4.55918657778475,-9.60889169991301,-177.330001831055,4.27308940887451,17.7000007629395,6.26000022888184,16.1110000610352,36.3699989318848,991.162963867188
0.65,-0.0329029309143016,0.160966639312311,0.470188246635038,-0.279399968150564,0.785338567315368,-9.68137223886414,1.36736136859654,-0.0193680299210835,-0.0987455684437091,0.0225111087793851,-0.0353796906265933,-2.5628653023981,1.19856451108178,-0.0389739570949772,-0.0880322712002725,15.1160747837702,8.8949689603907,-0.0250693007407908,-7.77719933848925,-15.7044026474608,0.709736627571845,7.53040014875376,-5.98235567145162,-2.81,0.156590780262059,-0.00914494594320021,17.7655925750732,18.4723941435062,0.169773906257423,1.11051473495481,177.330001831055,-4.55918657778475,-9.60889169991301,-177.330001831055,4.27308940887451,17.7000007629395,6.26000022888184,16.1110000610352,36.3699989318848,991.162963867188
0.675,-0.0329029309143016,0.160966639312311,0.469494547672033,-0.322477614937518,0.403726650310886,-9.11342494856246,1.57655972983799,-0.0481292108573918,-0.141685893272939,0.0675934252468611,-0.0364254887192509,-2.56728631623166,1.46814022445631,-0.0722950380851405,-0.14233102709169,15.1138561099946,8.84529752353112,-0.0538239116852738,-7.86785633421131,-15.6067717617149,1.09377497174921,7.53086317427476,-5.98209465891606,-2.81,0.175980163015065,-0.00351708602499428,17.7696754141891,18.5740257043062,0.169773906257423,1.11051473495481,177.330001831055,-4.55918657778475,-9.60889169991301,-177.330001831055,4.27308940887451,17.7000007629395,6.48999977111816,15.9479999542236,36.3699989318848,991.162963867188
0.7,-0.0359269176978384,0.0663694741098992,0.469178875178977,-0.342192000888973,-0.119255382153349,-9.46269162471037,1.5435990170836,-0.0077578037467135,-0.175486720117502,0.109703304954357,-0.0363770080767897,-2.57221602756141,1.53704074386345,-0.0399710985671725,-0.178430251822303,15.088559267481,8.93392478371213,-0.47889859367848,-7.86870293266604,-15.6425349094894,1.05052007843658,7.53131895039636,-5.98183774213122,-2.81,0.172822861006219,0.00997244816583533,17.7883544031442,18.5847614736971,0.169773906257423,1.11051473495481,177.330001831055,-4.55918657778475,-9.60889169991301,-177.330001831055,4.27308940887451,17.7000007629395,6.48999977111816,15.9479999542236,36.3699989318848,991.162963867188
0.725,-0.0355741574376026,0.0521719803046877,0.469520831025893,-0.344638403183182,-0.182138025340849,-9.43462471121441,1.5391698279426,0.0736913265308255,-0.205828887248616,0.143363922834396,-0.0359969958662987,-2.57642292976379,1.53124153614044,0.00698452070355415,-0.202420458197594,15.0479988036797,9.04435234073271,-1.06078608887237,-7.81714260578546,-15.7367702189973,0.783702073815925,7.53161133871208,-5.98167313585218,-2.81,0.157351149582173,0.0235971604985528,17.8040733337402,18.5380921711395,0.169773906257423,1.11051473495481,177.330001831055,-4.55918657778475,-9.60889169991301,-177.330001831055,4.27308940887451,17.7000007629395,6.48999977111816,15.9479999542236,36.3699989318848,991.162963867188
0.75,-0.0345701748336934,0.0117648301625094,0.469925494393674,-0.232484507231862,-0.777492445034903,-9.46147158792949,1.41596922033348,0.126332660278044,-0.217570434380251,0.176699366212414,-0.0332656458584554,-2.58100176631228,1.47608789442145,0.0498602523631149,-0.213998730459705,14.9992781952344,9.1355311675261,-1.5096632188546,-7.7704011971172,-15.8099234809401,0.618501324086843,7.5319037270278,-5.98150852957313,-2.81,0.14895929263246,0.0368125230876323,17.8040733337402,18.5071039813643,0.169773631999995,1.11051467808115,177.330001831055,-4.92243009082913,-10.388004889408,-177.330001831055,4.27511119842529,17.7482757568359,5.92999982833862,16.1140003204346,36.3699989318848,991.165276889143
0.775,-0.0316778725890076,0.0127248364187455,0.470330151034503,-0.213461688398435,-0.751788741278558,-9.13751884124613,1.17960106487215,0.123989907811794,-0.217265876244771,0.201765507459641,-0.031211843714118,-2.58444476127625,1.43461585044861,0.082100085914135,-0.222704857587814,14.9375527956451,9.23584481610764,-1.99545826214941,-7.67908387414218,-15.9158328191092,0.362081750360836,7.53219611534352,-5.98134392329409,-2.81,0.134655206053084,0.0489666062526404,17.8075512751976,18.4428634211332,0.169773357742567,1.11051462120749,177.330001831055,-5.28567360529168,-11.1671180789031,-177.330001831055,4.27713394165039,17.7965507507324,5.92999982833862,16.1140003204346,36.3699989318848,991.167589911099
0.8,-0.028867063840581,0.018739790855884,0.47073481343982,-0.219309416482351,-0.921637590799277,-9.27322970324697,0.92059955421032,0.134149075952339,-0.215698994190083,0.236824745580979,-0.0263263407553626,-2.59056965488438,1.05999451758551,0.0974312334247792,-0.222386360176021,14.892874687243,9.38500915155981,-2.25337164136054,-7.63066566332964,-16.0176146404451,0.403434931000006,7.53248828784912,-5.98117937370357,-2.81,0.136878978168565,0.0670110314422455,17.8429103466813,18.4655743118489,0.16977308348514,1.11051456433383,177.330001831055,-5.64891711833607,-11.9462312684769,-177.330001831055,4.27915573120117,17.8448276519775,5.92999982833862,16.1140003204346,36.3699989318848,991.169902933055
0.825,-0.0277161072497133,0.0205511356695831,0.471139475861097,-0.201953359293525,-0.865795173009689,-9.70414469433833,0.593807522789207,0.17307299864205,-0.199357693049872,0.257329470046837,-0.0192135272280613,-2.59595544425713,0.605844422728184,0.149255293480642,-0.21083610938635,14.8506374660181,9.49241798567288,-2.54467875780686,-7.59257717951075,-16.1064545237363,0.240243189801107,7.53276980295154,-5.98101762357645,-2.81,0.131176950398811,0.079539830039858,17.876916885376,18.4554755364344,0.169772809227712,1.11051450746017,177.330001831055,-6.01216063138045,-12.7253444578931,-177.330001831055,4.28117799758911,17.8931045532227,5.92999982833862,16.1140003204346,36.3699989318848,991.172215955011
0.85,-0.0244337812819242,0.0257167728150652,0.471544136328091,-0.0692418051771518,-0.691743721183186,-10.48394582166,0.405396094619276,0.212378173144665,-0.187575719761352,0.268804507779126,-0.0126572459318786,-2.5993372006952,0.41894644926656,0.1898751347692,-0.191584319067827,14.8305396793959,9.61004760614136,-2.63992681136707,-7.55878596654023,-16.1893155849565,0.19481105341,7.53305131805396,-5.98085587344933,-2.81,0.132010919238664,0.0899096945334538,17.876916885376,18.4663231795837,0.16977277004808,1.11051449933536,177.330001831055,-6.06405256201796,-12.836646342163,-177.330001831055,4.28146696090698,17.8999996185303,5.92999982833862,16.1140003204346,36.3699989318848,991.168745369747
0.875,-0.0186514776329701,0.0286010160987916,0.471948791020955,0.0504994252862621,-0.850361437162973,-10.7253273204499,0.246886072659439,0.189680376394022,-0.170386553069111,0.272821694612503,-0.0103620197623968,-2.60052108764648,0.353517115116119,0.204095348715782,-0.184844642877579,14.7587897446271,9.79445141330994,-2.73496936727391,-7.41221584623361,-16.3176968766428,0.158226244883724,7.53333283315639,-5.9806941233222,-2.81,0.129418778518776,0.101667800617454,17.876916885376,18.4128601333685,0.16977277004808,1.11051449933536,177.330001831055,-6.06405256201796,-12.836646342163,-177.330001831055,4.28146696090698,17.8999996185303,5.69999980926514,16.0620002746582,36.3699989318848,991.164310849946
0.9,-0.0153582519075261,-0.490481624018805,0.472353451530807,0.16174271664651,-0.726292447405533,-10.161188781215,0.0877231758816509,0.0992583810176657,-0.147528062661145,0.28094922918814,-0.00492547843249125,-2.6042186213839,0.125934025232151,0.178384952202312,-0.1484726641558,14.7155764109069,9.87376647905477,-2.79601622379638,-7.38825663762411,-16.347951131526,0.123765785726915,7.53361434825881,-5.98053237319508,-2.81,0.130531778661466,0.109257856466924,17.9320260409651,18.405232601503,0.16977277004808,1.11051449933536,177.330001831055,-6.06405256201796,-12.836646342163,-177.330001831055,4.28146696090698,17.8999996185303,5.69999980926514,16.0620002746582,36.3699989318848,991.159876330145
0.925,-0.0153582519075261,-0.490481624018805,0.472758114890275,-0.000253559551988261,-0.701737958796957,-9.66672418247744,0.0279687535199508,0.0192054240083065,-0.123307006593134,0.280694088983747,-0.00253105722850531,-2.60680399537137,0.0473507473174989,0.128855270774992,-0.120651210483869,14.6827861378551,9.91165470608458,-2.83453153786031,-7.37856897471134,-16.3527636220546,0.0593180275989913,7.53401004139623,-5.98030269279625,-2.81,0.128736717637346,0.111935236807501,17.9883666860646,18.3903764122474,0.16977277004808,1.11051449933536,177.330001831055,-6.06405256201796,-12.836646342163,-177.330001831055,4.28146696090698,17.8999996185303,5.69999980926514,16.0620002746582,36.3699989318848,991.155441810345
0.95,-0.0153582519075261,-0.490481624018805,0.473122077970944,-0.197694338718904,-0.837887393370732,-9.61385079236652,0.0206651119735062,0.0328934134463841,-0.0963020088088038,0.280438948779354,-0.000136636024519372,-2.60938936935883,-0.0312325305971537,0.0793255893476713,-0.092829756811938,14.6727351159861,9.93663903353932,-2.86696472770399,-7.39551027191028,-16.3570125092951,-0.00272130138239346,7.53440721632815,-5.98007213080314,-2.81,0.127114972090389,0.113779518131834,17.9929847717285,18.3973949654862,0.169772572043485,1.11051445931316,177.330001831055,-6.31966836838656,-13.3991397354849,-177.330001831055,4.28423500061035,17.9034481048584,5.69999980926514,16.0620002746582,36.3699989318848,991.153574976428
0.975,-0.0134331549372798,-0.48759013902353,0.473425572027146,-0.179816823163091,-1.49207236677223,-9.97010896854452,-0.17076104911993,0.0911477702050015,-0.0563838459517821,0.281115928361995,0.0016425268148314,-2.61078821181909,-0.132549211533492,0.102504856229852,-0.0523030622214933,14.5901376537377,10.2497511630441,-2.88410682652493,-7.19254552215247,-16.5684188854201,0.0487072393414572,7.53480439126007,-5.97984156881003,-2.81,0.127239548739914,0.131719366469995,17.9929847717285,18.3625981860461,0.169772294837053,1.11051440328207,177.330001831055,-6.67753049645169,-14.1866304862302,-177.330001831055,4.28811168670654,17.908275604248,5.69999980926514,16.0620002746582,36.3699989318848,991.152735216864
1,-0.0102683700740889,-0.485354197196709,0.473729067554619,-0.183076700825479,-2.04421949365481,-10.6202957293191,-0.633441323222584,0.068955993024995,-0.00595590034006332,0.281319618225098,0.00186494924128056,-2.61089134216309,-0.151112928986549,0.113643579185009,-0.0445088446140289,14.5481008451813,10.4414422373352,-2.94676833644772,-7.05599521913708,-16.7202174162691,0.0407289340444268,7.53520156619199,-5.97961100681693,-2.81,0.124226918455958,0.142515373353225,18.0128400635656,18.3409461349834,0.169772017630621,1.11051434725098,177.330001831055,-7.035392625935,-14.9741212368178,-177.330001831055,4.29198741912842,17.9131031036377,5.8600001335144,16.1180000305176,36.3699989318848,991.151895457301
1.025,-0.00872082400745505,-0.477417959129009,0.474032563043176,-0.174492196539643,-2.40084672491197,-11.0778124469197,-1.28809044611708,-0.0923750348861375,0.062083800845167,0.240128260889223,0.00265290909932119,-2.60891770287476,-1.18457228947606,-0.0108194669156331,0.0627805408346474,14.4832231445778,10.6843450941201,-2.900469437822,-6.85536036694717,-16.8889532171899,-0.314641339439127,7.53544790470854,-5.97945966609201,-2.81,0.109592724499478,0.145026453556071,18.0359834929044,18.230173534496,0.169771740424189,1.1105142912199,177.330001831055,-7.3932547554183,-15.7616119875632,-177.330001831055,4.29586315155029,17.917932510376,5.8600001335144,16.1180000305176,36.3699989318848,991.151055697737
1.05,-0.00967535357248128,-0.470808378980876,0.474336057103547,-0.0517120065604313,-2.21053608626669,-10.8289493777626,-2.00468790461647,-0.316861043870196,0.154139849659643,0.206875960382763,-0.00257141676255868,-2.60741457239143,-1.66068625302687,-0.161241413105465,0.122878234470993,14.4035353091839,10.8937999225751,-3.01600445657445,-6.65493539047696,-17.0436631294537,-0.677031104425012,7.53567531006835,-5.97931826930989,-2.81,0.087748363812804,0.148318039230233,18.0406627655029,18.1202294562765,0.169771621621432,1.11051426720657,177.330001831055,-7.54662423867219,-16.0991080235405,-177.330001831055,4.29752445220947,17.9200000762939,5.8600001335144,16.1180000305176,36.3699989318848,991.150291705954
1.075,-0.00967535357248128,-0.470808378980876,0.474639549730458,-0.0300425268606457,-1.55399793615734,-9.95137474962665,-2.48965707318512,-0.528469866488274,0.255206562195234,0.173623659876302,-0.00779574262443859,-2.6059114419081,-2.13680021657768,-0.311663359295299,0.182975928107338,14.3248141044511,11.0460234783266,-3.07459819182165,-6.50081499287114,-17.1286469725955,-1.00843699289252,7.53590271542816,-5.97917687252778,-2.81,0.0684988242355794,0.148961359136293,18.0406627655029,18.0162636748957,0.169771621621432,1.11051426720657,177.330001831055,-7.54662423867219,-16.0991080235405,-177.330001831055,4.29752445220947,17.9200000762939,6.57999992370605,15.9610004425049,36.3699989318848,991.149584540005
1.1,-0.0338364553458488,-0.449182891544806,0.474943046681553,-0.173262459486417,-1.21533339589892,-8.89159391386725,-2.75193377172954,-0.681221371294081,0.358712576665262,0.107169858208724,-0.0224019617864064,-2.60115721757071,-2.50776634352548,-0.550173365865435,0.289926676443645,14.2963793016193,11.194984898834,-2.46799064823766,-6.41727904017564,-17.1390758852152,-0.935806273774736,7.53613012078797,-5.97903547574567,-2.81,0.0682495943980872,0.141559163951216,18.026980852891,17.965431563914,0.169771621621432,1.11051426720657,177.330001831055,-7.54662423867219,-16.0991080235405,-177.330001831055,4.29752445220947,17.9200000762939,6.57999992370605,15.9610004425049,36.3699989318848,991.148877374057
1.125,-0.039978516648128,-0.426236103262456,0.475246543644298,-0.234522960745914,-0.7604390339224,-7.52017736645217,-2.82770407323235,-0.790970475132472,0.459822133667066,0.00025788959785951,-0.0511666686386015,-2.58747102340426,-2.74916278375961,-0.738237386209628,0.446470609362008,14.3258872925846,11.1980298822167,-1.74981579037284,-6.34963469367894,-17.0981538374799,-1.01195349191178,7.53636405244887,-5.97888896726103,-2.81,0.0502725262460271,0.120474909252778,18.0084342602393,17.8799324293129,0.169771621621432,1.11051426720657,177.330001831055,-7.54662423867219,-16.0991080235405,-177.330001831055,4.29752445220947,17.9200000762939,6.57999992370605,15.9610004425049,36.3699989318848,991.148170208109
1.15,-0.0574646370389278,-0.363482203289496,0.475550036243796,-0.145767343509085,-0.27851117357466,-5.99714752967449,-2.76367739549776,-0.87703784227513,0.546632575765503,-0.071977815976401,-0.0722062705956325,-2.57213163876023,-2.73216674152724,-0.824586224171822,0.521551583243979,14.3188494443437,11.1371501936507,-1.5574523246386,-6.24187125017751,-17.0528734457105,-1.31520801777859,7.53664949141358,-5.97870211586054,-2.81,0.0203433871981465,0.105976977684055,18.0024547576904,17.7403299726764,0.169771501915919,1.11051424391545,177.330001831055,-7.69538110602699,-16.4391686190586,-177.330001831055,4.29864406585693,17.9200000762939,6.57999992370605,15.9610004425049,36.3689651489258,991.14862481479
1.175,-0.057460674293615,-0.365971735670552,0.475853528872897,-0.140750034587825,0.0846488325044359,-4.31575558677571,-2.69251440738091,-0.948572184675903,0.608112856052758,-0.144213521550661,-0.0932458725526635,-2.55679225411621,-2.71517069929486,-0.910935062134016,0.596632557125949,14.3217773927412,11.0725866653534,-1.36439475816443,-6.17757531325315,-16.9961721416862,-1.5952278785039,7.53693493037828,-5.97851526446005,-2.81,-0.0105367828279119,0.0942607794699402,18.0024547576904,17.6338375175151,0.169771222603055,1.11051418956951,177.330001831055,-8.04248046413363,-17.2326433420129,-177.330001831055,4.30125570297241,17.9200000762939,6.8899998664856,16.0610008239746,36.3665504455566,991.150628451643
1.2,-0.0985213254376396,-0.186350729814814,0.47615702582196,-0.248737801489209,0.565580917223021,-2.15682136249755,-2.53091838528159,-0.971152119097005,0.631745357391264,-0.212018997322958,-0.11681690834676,-2.53686499786757,-2.56824199033421,-0.931414004396048,0.639042564057088,14.6610276925578,10.5356670629804,-0.158639496959351,-6.36942113365801,-16.8814323986352,-0.647220631880428,7.53722036934299,-5.97832841305956,-2.81,0.0176562409858307,0.0573170217296895,18.0060353064094,17.8030887491028,0.16977094329019,1.11051413522357,177.330001831055,-8.3895798208221,-18.026118065046,-177.330001831055,4.30386781692505,17.9200000762939,6.8899998664856,16.0610008239746,36.3641357421875,991.152632088497
1.225,-0.115750780424694,-0.121527082350954,0.4764605227832,-0.494219326111412,0.649079750898734,-0.305581323161666,-2.30116106720788,-0.874741322922857,0.634860109416671,-0.236048674684797,-0.123376313133303,-2.5295202095623,-2.48276789171559,-0.923761579804791,0.641140705543689,14.8464308186729,10.222414014205,0.215428962712045,-6.53901129919705,-16.7954772390091,-0.337552236450663,7.5375201851746,-5.97814862002028,-2.81,0.0247079397386518,0.0380058561913696,18.0118338941579,17.9241829667402,0.169770663977326,1.11051408087763,177.330001831055,-8.73667917751058,-18.8195927879215,-177.330001831055,4.30647945404053,17.9200000762939,6.8899998664856,16.0610008239746,36.3617248535156,991.15463572535
1.25,-0.125216366126267,-0.0801532108303266,0.476763870514141,-0.489291573677244,1.15123851969699,0.796300422773125,-2.11665812352277,-0.682958276291991,0.619369475711533,-0.316815909004286,-0.14299585205412,-2.50232750543792,-2.16583478881776,-0.747222963412822,0.623738661686564,14.9783154564913,10.0213027897401,0.469800782538346,-6.43539492731541,-16.8320786088322,-0.51378801919647,7.53782055094474,-5.97796909697479,-2.81,-0.00668262420090735,0.0242697218035486,18.0144004821777,17.8419459016686,0.169770464468138,1.1105140420591,177.330001831055,-8.9846072902413,-19.3863604471971,-177.330001831055,4.30834531784058,17.9200000762939,6.92000007629395,16.0020008087158,36.3600006103516,991.158773488012
1.275,-0.134462183540605,-0.0304453614059264,0.47645991780029,-0.492541367346699,1.75996741142744,1.451321488291,-1.68904790155488,-0.454297320410934,0.573022605946109,-0.379643726124132,-0.154178107295438,-2.47875966996829,-1.7714198441062,-0.452104601563234,0.579556981199855,15.3358264585596,9.36104939450117,1.28914601231064,-6.5759311855984,-16.7697251686287,0.110286832117524,7.53812091671489,-5.9777895739293,-2.81,0.00444448949024893,-0.01243816165731,18.0144004821777,18.0055662451586,0.169770464468138,1.1105140420591,177.330001831055,-8.9846072902413,-19.3863604471971,-177.330001831055,4.30834531784058,17.9200000762939,6.92000007629395,16.0020008087158,36.3600006103516,991.168246565194
1.3,-0.137156085144586,0.241057982562302,0.474031967636735,-0.636701692450415,1.81686413893208,1.52736026083497,-1.16877860386513,-0.18729477835021,0.514472517936699,-0.402359790880764,-0.1556084271548,-2.46889667408881,-1.38303311515571,-0.304624861509997,0.54488431100184,15.630070604212,8.83214479775831,1.91000429380525,-6.75364611667732,-16.7269840271006,0.7418050359667,7.53839584254114,-5.97762548700587,-2.81,0.0265989100328549,-0.0409914164355545,18.0244845028581,18.2325667803819,0.169770464468138,1.1105140420591,177.330001831055,-8.9846072902413,-19.3863604471971,-177.330001831055,4.30834531784058,17.9200000762939,6.92000007629395,16.0020008087158,36.3600006103516,991.177719642376
1.325,-0.134833415245753,0.23218975226256,0.474630078134178,-0.855965851187818,1.84951836854756,0.222854824248764,-0.67390063911617,0.148547472453412,0.457892565808096,-0.43153990991714,-0.148968924423631,-2.45560380008204,-0.790007927346751,0.0924121683909166,0.467963266578698,15.8472312736264,8.41058482207987,2.41442799221668,-6.79994667469616,-16.7444722053941,1.04188022482283,7.53834591265778,-5.97765851185309,-2.81,0.0399315319662271,-0.0634793132593157,18.044763357633,18.3397898760692,0.169770464468138,1.1105140420591,177.330001831055,-8.9846072902413,-19.3863604471971,-177.330001831055,4.30834531784058,17.9200000762939,6.92000007629395,16.0020008087158,36.3600006103516,991.187192719558
1.35,-0.128247190586215,0.228419141273953,0.477370241438509,-0.872896008331262,2.00306483443341,-2.20283066553057,-0.160203514289727,0.526188565892513,0.416699673552173,-0.436035992702988,-0.143352165609899,-2.4516323001283,-0.45754495967148,0.264153318995462,0.44714924942932,16.0117059709693,8.13900753488988,2.73969436213804,-6.89551820478938,-16.7562537194941,1.34308857751739,7.53829598277442,-5.97769153670031,-2.81,0.0557380638902229,-0.078116428612724,18.0561771392822,18.4867666037676,0.169770424445933,1.11051403447594,177.324127197266,-9.03303975789086,-19.5000559203506,-177.324127197266,4.30853748321533,17.9210338592529,6.92000007629395,16.0020008087158,36.3600006103516,991.1950136382
1.375,-0.106525760113272,0.21825544817436,0.480145057011946,-0.752608583827692,2.16186029728134,-5.33336173756706,0.434148046926014,0.854186134946457,0.386536677896953,-0.429168019904997,-0.113523525980758,-2.44830224326341,0.370100491988951,0.786103307798449,0.398603243227321,16.1978254178391,7.60698460216213,3.51067584706467,-7.02185541076353,-16.7268782751155,1.86163843624094,7.53824605289105,-5.97772456154753,-2.81,0.103938180949727,-0.108440448750707,18.0561771392822,18.691309902433,0.169770144290496,1.11051398139386,177.283096313477,-9.37206703852863,-20.2959242321884,-177.283096313477,4.30988597869873,17.9282760620117,6.92000007629395,16.0020008087158,36.3600006103516,991.192921605603
1.4,-0.081227155726843,0.205487442618906,0.482919859092116,-0.394859307319048,1.98891216449091,-9.35340914304524,1.03992333843519,1.04006801951015,0.360568127986639,-0.406400812781636,-0.0911718695303004,-2.44877639173586,0.873346531836712,0.943916120380892,0.376295938052899,16.2638939641481,7.35383019314874,3.84991699035927,-7.13177844930648,-16.6766673405137,2.1074697585556,7.53844979717717,-5.97760513499771,-2.81,0.136115365089482,-0.12410206606516,18.0497217608384,18.8113539573242,0.169769864135059,1.11051392831178,177.242065429688,-9.7110943191664,-21.0917925440263,-177.242065429688,4.31123447418213,17.9355182647705,6.76000022888184,15.9460000991821,36.3600006103516,991.190829573007
1.425,-0.0708451743976734,0.202012100496581,0.485694661556533,0.216219429494274,1.9391863418749,-13.0830488273185,1.48897842454491,1.07911026221653,0.328533658731611,-0.382831643716146,-0.0696813626079013,-2.44982425162663,1.28238981602779,1.04822074741989,0.352879567876328,16.2902989065784,7.17722217940064,4.07978259915394,-7.23677781583415,-16.6182147899131,2.23494223081411,7.53874246722984,-5.97743226643851,-2.81,0.162852490754486,-0.135322443694033,18.0326009745307,18.8942767646546,0.169769583979622,1.1105138752297,177.201049804688,-10.050121598386,-21.8876608558642,-177.201049804688,4.31258249282837,17.9427604675293,6.76000022888184,15.9460000991821,36.3600006103516,991.188737540409
1.45,-0.0412063367505268,0.192090574184212,0.488467336867235,0.970038496011305,1.81773934032153,-16.2303719032992,1.82848218971916,1.0065463990656,0.267617003419689,-0.331739804528262,-0.0372917909750446,-2.45130806458658,1.74330224457397,1.00523966689311,0.286202562696926,16.2659755962701,6.99414109837211,4.35527088611595,-7.36654939634881,-16.4992109124214,2.44506555176547,7.53903513728251,-5.97725939787931,-2.81,0.207820743790021,-0.14760470789034,18.0209064483643,18.9869330834907,0.169769303824185,1.11051382214761,177.160003662109,-10.3891488776056,-22.6835291677021,-177.160003662109,4.31393051147461,17.9500007629395,6.76000022888184,15.9460000991821,36.3600006103516,991.186645507812
1.475,-0.018461823653306,0.144305930395355,0.4893570446425,1.46000863378731,1.67166198624153,-18.0801883646894,1.96809833208545,0.85302404594408,0.174002712670642,-0.273112104886756,-0.00752244102274983,-2.45321997109993,1.95676303096374,0.858444676197154,0.184581693723511,16.1996482806657,6.95563819585542,4.35922969577961,-7.4948561632785,-16.3606156057569,2.44331307079453,7.53932780733518,-5.97708652932011,-2.81,0.242493468530876,-0.150749366179943,18.0209064483643,19.0116191305014,0.169769303824185,1.11051382214761,177.160003662109,-10.3891488776056,-22.6835291677021,-177.160003662109,4.31393051147461,17.9500007629395,6.76000022888184,15.9460000991821,36.3600006103516,991.172516921471
1.5,0.000921865860017024,0.0862152874806174,0.489798490735813,1.84644762972936,1.41531754091714,-19.2976682893697,2.00302258826014,0.654656604424012,0.0460623240296684,-0.258786938321344,-0.00170339272142163,-2.45373565273718,1.96556315739885,0.807860440679962,0.153585602360144,16.1437085523984,7.08638824003626,4.09847790060408,-7.45481719073568,-16.3500555592116,2.17603517399181,7.53962506069271,-5.9769015114107,-2.81,0.23772227409023,-0.144572947789462,18.0227143366078,18.9022794944714,0.169769303824185,1.11051382214761,177.160003662109,-10.3891488776056,-22.6835291677021,-177.160003662109,4.31393051147461,17.9500007629395,6.76000022888184,15.9460000991821,36.3600006103516,991.158388335129
1.525,0.00764767276859796,0.0371555638659856,0.490239936798616,2.06104325955565,1.60765228334635,-19.4249049715562,2.03494566057684,0.440610955469447,-0.0959892038691092,-0.177838245133617,0.0189118670761517,-2.45809953577872,2.0096082318765,0.471629332768556,-0.0646863184684201,16.11810458554,7.17862302523042,3.79906937791139,-7.64523769648261,-16.2057502051294,2.16399005547337,7.53992376699783,-5.97671264205137,-2.81,0.265963717626619,-0.136024804903855,18.0297535610452,18.9726886658371,0.169769303824185,1.11051382214761,177.160003662109,-10.3891488776056,-22.6835291677021,-177.160003662109,4.31393051147461,17.9500007629395,7.82999992370605,15.9449996948242,36.3600006103516,991.144259748788
1.55,0.0104996388933436,0.0174073031814198,0.490681387103977,2.2317555381872,1.15083046308818,-19.0255937332387,1.98579712805995,0.165408511225964,-0.23570940389375,-0.151844383826783,0.0226136992977203,-2.46099539075287,2.0050570886153,0.338622886671413,-0.1389552856067,16.0743138712996,7.30408544920363,3.56065994734251,-7.64997581843138,-16.176641018193,2.05077675256526,7.54022247330295,-5.97652377269205,-2.81,0.267548631291688,-0.127627988801588,18.0354080200195,18.9317634308707,0.169769303824185,1.11051382214761,177.160003662109,-10.3891488776056,-22.6835291677021,-177.160003662109,4.31393051147461,17.9500007629395,7.82999992370605,15.9449996948242,36.3600006103516,991.130131162446
1.575,0.00726451538626113,-0.0430272273882232,0.491122837382172,2.04513859136632,0.783234313654049,-17.2635005642496,1.78044824259294,-0.175301922250606,-0.363478485881309,-0.107993566390706,0.0233080597364165,-2.46677099676089,1.98153106094752,0.0649358523539839,-0.269128797553066,16.0243884333977,7.58749239563919,2.88989799186875,-7.63880567819251,-16.1717247816334,1.68123208380559,7.54052117960807,-5.97633490333272,-2.81,0.255026672773966,-0.108744597076263,18.0354080200195,18.8289432591717,0.169769061885441,1.11051377664869,177.093795776367,-10.6797436891756,-23.3708311255467,-177.093795776367,4.31367778778076,17.9748287200928,7.82999992370605,15.9449996948242,36.3600006103516,991.139541099811
1.6,-0.00264861384712198,-0.09876077528028,0.491564281368997,1.57815603316613,0.0889268648075351,-15.0569312931971,1.45263308739472,-0.448956349512383,-0.470773390703029,-0.05875626415952,0.0143521537384679,-2.47872921843324,1.66075828568992,-0.291998484151295,-0.414310676783785,15.9340944808923,7.89125904308559,2.36175289284677,-7.64686037746703,-16.1399243391138,1.66540734751585,7.54081988591319,-5.97614603397339,-2.81,0.250671413704287,-0.0857048701760239,18.04280772323,18.814815761652,0.169768779623572,1.1105137235666,177.016540527344,-11.0187709683952,-24.1726834096724,-177.016540527344,4.31338262557983,18.0037937164307,11.1999998092651,15.8859996795654,36.3600006103516,991.152874124461
1.625,-0.00840512635290053,-0.110466908233688,0.492005725335417,1.10868440060457,-0.138727139032523,-12.295720261709,1.04018788340892,-0.584408274724525,-0.546353323680976,-0.0162745770066977,-0.00420672632753849,-2.49532604217529,1.20589590072632,-0.601646244525909,-0.543323159217834,15.8536530726311,8.28795680202447,1.56174260655768,-7.64592885980468,-16.1795332882037,1.49333791066208,7.54111952678694,-5.97595618250473,-2.81,0.226255249146126,-0.0568810540469275,18.0969735507307,18.7956947629493,0.169768497361703,1.11051367048452,176.939300537109,-11.3577982461967,-24.9745356937981,-176.939300537109,4.31308746337891,18.0327587127686,11.1999998092651,15.8859996795654,36.3600006103516,991.166207149111
1.65,-0.0264183671711066,-0.141539466891069,0.492447175637758,0.738870294288958,-0.5251400336797,-9.98096591328929,0.648655756417514,-0.609040520393259,-0.590973201610045,-0.00789024316786661,-0.0138429722774477,-2.50551649673305,0.930595995503178,-0.597253271031291,-0.562914815975535,15.7750987555075,8.67486323832509,0.768796583031173,-7.52430422455224,-16.3474466490562,0.918626762284504,7.54143218477523,-5.97575265175186,-2.81,0.187105649571735,-0.0339583327584562,18.1469955444336,18.666845139484,0.169768215099835,1.11051361740244,176.862060546875,-11.6968255254163,-25.7763879779239,-176.862060546875,4.31279277801514,18.0617237091064,11.1999998092651,15.8859996795654,36.3600006103516,991.179540173761
1.675,-0.0279805020304149,-0.139354859866719,0.492719588416551,0.575078417584296,-0.843430495172184,-8.84544281558535,0.222795528193624,-0.606524464324498,-0.605086280039735,0.00929846410165529,-0.0335982222465016,-2.5264079287423,0.366204169847124,-0.588247244208736,-0.603079635197479,15.7938221025842,8.79018745147329,0.667826442868182,-7.80135268541995,-16.2683615743402,1.27965314133611,7.54174484276352,-5.97554912099899,-2.81,0.1845133588267,-0.0220169116441029,18.1469955444336,18.9229461970235,0.169768134453586,1.11051360223613,176.839996337891,-11.7936904621336,-26.005488630565,-176.839996337891,4.31270837783813,18.0699996948242,11.1999998092651,15.8859996795654,36.3600006103516,991.183349609375
1.7,-0.0527168906797113,-0.15518830061418,0.491882848282434,0.313269713737125,-1.02262166170744,-8.44496299907952,-0.167162296228506,-0.597980957593224,-0.595304210273872,0.0107702903584031,-0.0476171882482415,-2.54125234511604,0.0147036158566407,-0.584767098231579,-0.601402162846052,15.689218412004,9.08420038191414,0.29903686675169,-7.78583482770947,-16.3351633134013,1.14320145475182,7.54205750075182,-5.97534559024612,-2.81,0.162953821518217,-0.00410705908639181,18.1469433933734,18.9181898772518,0.169768134453586,1.11051360223613,176.839996337891,-11.7936904621336,-26.005488630565,-176.839996337891,4.31270837783813,18.0699996948242,11.1999998092651,15.8859996795654,36.3600006103516,991.183349609375
1.725,-0.0568503828207075,-0.150066300551928,0.490388716982797,0.164684472636775,-1.31945217773701,-7.90635006089997,-0.461543806325376,-0.565996236681619,-0.560095653746258,0.00539424962098805,-0.0591368473189821,-2.55346206833725,-0.244039913925336,-0.583694586251532,-0.581493945654567,15.5323308860257,9.43721098946597,-0.168019743113808,-7.66949231520755,-16.4584210802864,0.801091641273797,7.542274077505,-5.9752095100484,-2.81,0.133836058412758,0.0157135809284752,18.1437621786993,18.8238026034728,0.169768134453586,1.11051360223613,176.839996337891,-11.7936904621336,-26.005488630565,-176.839996337891,4.31270837783813,18.0699996948242,11.1999998092651,15.8859996795654,36.3600006103516,991.183349609375
1.75,-0.0686210757304084,-0.135480694057537,0.488894600007375,0.0227393950182048,-1.32412464619994,-8.24870447996059,-0.748890547737276,-0.445851776461069,-0.506552825184914,-0.0142686282077058,-0.0737173350165563,-2.57058218386873,-0.604927083309839,-0.468268274255995,-0.517521264199952,15.3573361990385,9.82468454510898,-0.495264741493604,-7.61954661846263,-16.5623845859043,0.4974081453314,7.54248875725288,-5.97507476157858,-2.81,0.10391862312456,0.0364796364953523,18.1405809640252,18.7860957809364,0.169768134453586,1.11051360223613,176.839996337891,-11.7936904621336,-26.005488630565,-176.839996337891,4.31270837783813,18.0699996948242,11.960000038147,15.8360004425049,36.3600006103516,991.183349609375
1.775,-0.0758917190136477,-0.10513529041749,0.487400454514642,-0.0350298126845676,-1.3305512025458,-9.69128425990013,-0.944866556803867,-0.279178287858822,-0.445853697484907,-0.0417274714137738,-0.082550581017362,-2.58560562972463,-0.983740467063051,-0.248949446757578,-0.445175703916062,15.1467982985523,10.2148558224747,-0.507591233752905,-7.51159045918972,-16.6583539989896,0.318869643131885,7.54270343700076,-5.97494001310876,-2.81,0.0880941392797001,0.0567094319396316,18.1404418945312,18.723165446855,0.16976797267962,1.11051357069983,176.80827331543,-11.9951080306242,-26.4650577008673,-176.80827331543,4.30998802185059,18.0920677185059,11.960000038147,15.8360004425049,36.3600006103516,991.184772359914
1.8,-0.0770033503029604,-0.0698794406294467,0.485906316186012,0.0863043966499885,-1.18929003982737,-10.661055398112,-1.08524008491318,-0.184063123688874,-0.375517173411254,-0.0640097484490737,-0.0878461605045235,-2.59409169081392,-1.00766756340008,-0.181376827557879,-0.377073753446868,15.0329995445351,10.4371636435008,-0.369914222975342,-7.4540924769422,-16.7157692876947,0.286110512429426,7.54291783619509,-5.97480543454718,-2.81,0.0833940169770187,0.0678066074283434,18.1404418945312,18.7046658118274,0.169767689575178,1.11051351551132,176.752746582031,-12.3475887722919,-27.2693035739555,-176.752746582031,4.30522727966309,18.130687713623,11.960000038147,15.8360004425049,36.3600006103516,991.187262173357
1.825,-0.0800610412359313,-0.0400239835834812,0.484412199231506,0.249658701596007,-0.828797566894657,-10.2504772880493,-1.11241305211757,-0.191301736002788,-0.311051618905075,-0.0909609018371357,-0.0902970269503361,-2.60145000154736,-1.1975542924637,-0.137431364792237,-0.32473905819177,14.9097344525371,10.5997288822731,-0.0622811450476587,-7.38872448086987,-16.7320118247749,0.323795622706725,7.54294772843493,-5.97478259669886,-2.81,0.0861602927273433,0.0754602318601565,18.1178037608018,18.6679803577246,0.169767406470737,1.1105134603228,176.697235107422,-12.7000695153778,-28.0735494470436,-176.697235107422,4.30046701431274,18.1693096160889,8.15999984741211,15.956000328064,36.3600006103516,991.1897519868
1.85,-0.0815154228582158,-0.0122871232572942,0.482918075120364,0.0103977384114774,-0.953955616867158,-9.39618120571357,-1.03396518115575,-0.193299897893444,-0.24641122859984,-0.119952583700916,-0.09572892602489,-2.60805833787029,-1.11527902705399,-0.153837812022542,-0.253419116173328,14.8930748144881,10.5849649438056,-0.0425193151654056,-7.53013963324666,-16.6472042416343,0.12064918075291,7.54297762067476,-5.97475975885054,-2.81,0.0714784223660379,0.0735286256152012,18.0925429164573,18.6999636258794,0.169767123366296,1.11051340513429,176.641723632812,-13.0525502598819,-28.877795320053,-176.641723632812,4.2957067489624,18.2079315185547,8.15999984741211,15.956000328064,36.3600006103516,991.192241800243
1.875,-0.0863906195622178,0.019562336341916,0.481423958070976,-0.177836291260694,-0.60029624826756,-9.40783567666026,-0.930748733871772,-0.082687155224329,-0.182989493177051,-0.142982191994781,-0.100357986941553,-2.61302842907185,-0.884868177848871,-0.0955240430984515,-0.183137211042909,14.8373063283097,10.6081088135245,0.255455784975942,-7.54355265412333,-16.6067122311571,0.234118695876331,7.5430075129146,-5.97473692100222,-2.81,0.0750350921390364,0.0742633033233962,18.0884017944336,18.7058775603814,0.169766961592329,1.110513373598,176.610000610352,-13.2539678269543,-29.3373643903553,-176.610000610352,4.29298639297485,18.2299995422363,8.15999984741211,15.956000328064,36.3600006103516,991.192641685749
1.9,-0.0885504313083399,0.0418374074294783,0.479929819739829,-0.0270244447143894,-0.333148733951637,-9.52790030812304,-0.714521986736048,0.0568820065761357,-0.135131124030033,-0.164614750632345,-0.0980443959407291,-2.6170838766159,-0.778447924795604,0.0813206156723965,-0.131371863979605,14.8331496108869,10.5358100748112,0.559097057180075,-7.62626256643066,-16.5256905709154,0.282632717518594,7.54303740515444,-5.97471408315389,-2.81,0.0808703812537901,0.0697799989537962,18.0884017944336,18.7348643869844,0.169766961592329,1.110513373598,176.610000610352,-13.2539678269543,-29.3373643903553,-176.610000610352,4.29298639297485,18.2299995422363,8.15999984741211,15.956000328064,36.3600006103516,991.190255000673
1.925,-0.0836989597420246,0.0650482589390288,0.478435681347391,0.0110702990500183,-0.40070686107817,-10.7552211481119,-0.55283557297894,0.187800426267786,-0.0873788372574375,-0.172204273507554,-0.0957398603899103,-2.61900622163325,-0.534209099412762,0.186423697248911,-0.0859501065962171,14.8283663047433,10.5286399450965,0.794501455384663,-7.62969064574477,-16.5224429695855,0.4007965703014,7.54314617361242,-5.97464377003586,-2.81,0.0900822910463139,0.0692417109510505,18.0717948488595,18.7558060268473,0.169766961592329,1.110513373598,176.610000610352,-13.2539678269543,-29.3373643903553,-176.610000610352,4.29298639297485,18.2299995422363,6.65000009536743,16.0709991455078,36.3600006103516,991.187868315598
1.95,-0.0822968788464317,0.0797764488736268,0.477,-0.0919822840132,-0.417491423844901,-11.6305438449588,-0.34630482889365,0.276662678581299,-0.0382254688659202,-0.178830743676294,-0.0906491131272767,-2.62061704383061,-0.390672431594097,0.246411477842684,-0.0545880730867925,14.8397013768637,10.4546708972892,0.89582839114045,-7.69503471080183,-16.4611506467971,0.36925494512153,7.54339340200951,-5.97449011845271,-2.81,0.0931494158768664,0.0650691316788786,18.0503929401266,18.7693207759933,0.169766961592329,1.110513373598,176.610000610352,-13.2539678269543,-29.3373643903553,-176.610000610352,4.29298639297485,18.2299995422363,6.65000009536743,16.0709991455078,36.3600006103516,991.185481630523
1.975,-0.0745923312666288,0.0874809964534297,0.477,0.0987824282289223,-0.308270864935011,-12.3444461681342,-0.184410261275644,0.319691933539829,0.00484225220553934,-0.185457213845034,-0.0855583658646431,-2.62222786602796,-0.247135763775433,0.306399258436456,-0.0232260395773682,14.8410996114754,10.3914044700498,0.989433757581039,-7.74728477904978,-16.4039777673041,0.328017774889026,7.54364063040661,-5.97433646686957,-2.81,0.0958560851702156,0.0615146138662674,18.0443115234375,18.773304799337,0.169766881307183,1.11051335722801,176.602416992188,-13.3585204573095,-29.5654392191328,-176.602416992188,4.29174661636353,18.2251739501953,6.65000009536743,16.0709991455078,36.3593139648438,991.185675259294
2,-0.0669788979909746,0.0961889920165307,0.477,0.16600505570073,-0.0764576189825188,-12.5899098981865,-0.000811967723072884,0.348024706227835,0.0357662226497474,-0.188762362440548,-0.0716810723478869,-2.62354455848324,-0.0135815257813256,0.355890960137914,0.0368604833683418,14.8361011128627,10.2348317268978,1.3816277235851,-7.7848821322973,-16.3069184708516,0.500591696709841,7.54386444692976,-5.97419767093292,-2.81,0.117943054306276,0.0527321424154643,18.0443115234375,18.7801919106691,0.169766600309174,1.11051329993306,176.575866699219,-13.7244546628435,-30.3637011198543,-176.575866699219,4.28740739822388,18.2082748413086,6.65000009536743,16.0709991455078,36.3568954467773,991.192319672683
2.025,-0.0558095576404425,0.0919744949206523,0.477,0.160520870078826,-0.140393391961866,-13.1940163139508,0.18544597161343,0.40213202041729,0.0560900355839083,-0.187808991538758,-0.0616773980728978,-2.62388840956646,0.174674461227961,0.386593181716343,0.0607075536702374,14.8625384891237,10.1379433069349,1.42626547184445,-7.85599773924642,-16.2422139426821,0.42539839278246,7.54392611879525,-5.97416176140853,-2.81,0.122711628317354,0.047275294017654,18.0214348750026,18.7898470773676,0.169766319311164,1.11051324263812,176.54931640625,-14.0903888683775,-31.1619630205758,-176.54931640625,4.28306818008423,18.1913795471191,6.65000009536743,16.0709991455078,36.3544845581055,991.198964086072
2.05,-0.0520853638181048,0.0964493133315932,0.477,0.144950609036297,-0.197237204646467,-13.7407349692104,0.31361627449828,0.45519185600871,0.0736823414113856,-0.1818474679379,-0.0561756781239906,-2.62379870933494,0.228183689215039,0.443641354680208,0.06947535119242,14.8769867866465,10.0740128860076,1.5107825067065,-7.8835150124848,-16.2078158060688,0.499833076681329,7.54398779066075,-5.97412585188414,-2.81,0.131165070081522,0.0438989523973328,17.9865479861394,18.8066809356393,0.169766038313155,1.11051318534317,176.522750854492,-14.4563230753297,-31.9602249213761,-176.522750854492,4.27872896194458,18.1744823455811,6.57000017166138,16.0470008850098,36.3520660400391,991.205608499461
2.075,-0.0480297025083962,0.0911503306069437,0.477,0.34771869862853,-0.270450592647555,-14.3371010623396,0.400802117527407,0.457058072260835,0.0873924367051738,-0.169883691507647,-0.0409807883220376,-2.62331987646046,0.32441764815968,0.466177201418498,0.0845853006935262,14.8904288367342,10.0140103228929,1.50357841524302,-7.91635142586326,-16.1690478544263,0.399115676390841,7.54404946252624,-5.97408994235975,-2.81,0.139779489787271,0.0407665594250391,17.9724407196045,18.7952011397319,0.169765797457718,1.11051313623322,176.5,-14.7699809663952,-32.6444494077088,-176.5,4.2750096321106,18.1599998474121,6.57000017166138,16.0470008850098,36.3499984741211,991.212050865436
2.1,-0.0346373487695778,0.0738660023783583,0.477,0.503323960067624,-9.02392656455808e-05,-14.7265168151946,0.489016468096475,0.407000926100915,0.0926920007964981,-0.157178530135734,-0.0292913260963526,-2.62232743862083,0.547229222572854,0.378946891222137,0.0929730851172023,14.8998217821389,9.90288026063235,1.43221060478495,-7.96878430968628,-16.0788963872672,0.300867754343165,7.54411113439173,-5.97405403283536,-2.81,0.144670422603056,0.0351342194964188,17.9724407196045,18.7732592335968,0.169765797457718,1.11051313623322,176.5,-14.7699809663952,-32.6444494077088,-176.5,4.2750096321106,18.1599998474121,6.57000017166138,16.0470008850098,36.3499984741211,991.217280946929
2.125,-0.0301609275046133,0.0635623247823527,0.477,0.492373789985575,-0.0990585418623657,-14.5736589476911,0.557999297186869,0.332409793212696,0.0896977099717521,-0.143779638359041,-0.0200497958693366,-2.62127659652676,0.490821312466784,0.342242326832706,0.0901451192924691,14.909434831702,9.80955994150227,1.39038112096209,-8.00867776845335,-16.007510168725,0.269390993665244,7.54417327887687,-5.97401813548994,-2.81,0.150927488565867,0.0306728785945707,17.9516028396647,18.7628565781786,0.169765797457718,1.11051313623322,176.5,-14.7699809663952,-32.6444494077088,-176.5,4.2750096321106,18.1599998474121,6.57000017166138,16.0470008850098,36.3499984741211,991.222511028421
2.15,-0.0264062363381328,0.0682590572680318,0.477,0.383014952012061,-0.240793238640832,-14.1768682249288,0.596657058211428,0.283414716409829,0.0854398356735534,-0.128008081186747,-0.0141655400366213,-2.61993527960092,0.56725431324699,0.29317230359068,0.0845370662008065,14.898806717491,9.79841010040479,1.34939342859714,-7.98619930864301,-15.997988716857,0.298533656320186,7.54423918500087,-5.97398233507846,-2.81,0.157843185421999,0.0309731108141212,17.9126912883485,18.7440178520846,0.169765797457718,1.11051313623322,176.5,-14.7699809663952,-32.6444494077088,-176.5,4.2750096321106,18.1599998474121,6.84999990463257,16.0060005187988,36.3499984741211,991.227741109914
2.175,-0.0264062363381328,0.0682590572680318,0.476969314869955,0.398113062013262,-0.354581458168954,-13.8187045867077,0.593240831703833,0.25312690009537,0.0780091288558717,-0.112236524014453,-0.00828128420390592,-2.61859396267509,0.643687314027196,0.244102280348654,0.0789290131091439,14.8936486265319,9.79754079375138,1.29648419481252,-7.96551624678667,-15.9982873589685,0.314322740608539,7.54430509112486,-5.97394653466697,-2.81,0.164076925646819,0.0319750975482483,17.8922786712646,18.729745312822,0.169765797457718,1.11051313623322,176.5,-14.7699809663952,-32.6444494077088,-176.5,4.2750096321106,18.1599998474121,6.84999990463257,16.0060005187988,36.3499984741211,991.232971191406
2.2,-0.0180570432025999,0.0243985268544639,0.476793516446443,0.510781342855778,-0.311384232736786,-13.6988385529692,0.523259176158314,0.173778029870766,0.0778871804186649,-0.102143009354818,-0.00223812136522483,-2.6173542916788,0.49179875899669,0.17589640451977,0.0731898780402703,14.9304581906166,9.68897059685197,0.907073110922987,-8.0546426773999,-15.8977206964284,-0.0521788724588467,7.54437099724886,-5.97391073425549,-2.81,0.149445467411505,0.0268524037612428,17.8922786712646,18.6926940048436,0.169765520251286,1.11051307641055,176.475860595703,-15.1520593297033,-33.4319401583753,-176.475860595703,4.2691535949707,18.1358604431152,6.84999990463257,16.0060005187988,36.3499984741211,991.23722891972
2.225,-0.0161958553377369,0.0199643520563687,0.476582390162683,0.461981319515186,-0.0698539006350224,-13.2676579309829,0.487983528084949,0.046290746190633,0.0648672634261854,-0.0869560241699219,-0.00198851898312569,-2.61596035957336,0.546013534069061,0.0690072029829025,0.0656370893120766,14.9215758685967,9.66702064422129,0.694611645143555,-8.04502724753459,-15.8698090416356,-0.117887421316846,7.54451762619349,-5.97383159176882,-2.81,0.145767278711916,0.0270378210355316,17.8832427968397,18.6604327172377,0.169765243044854,1.11051301658789,176.451721191406,-15.5341376915932,-34.2194309090417,-176.451721191406,4.26329755783081,18.111722946167,6.84999990463257,16.0060005187988,36.3499984741211,991.241486648034
2.25,-0.0180725115148065,0.018087695879299,0.476371261861052,0.293586367070734,-0.380021336410697,-12.1889536124012,0.455499780822033,-0.0309292003435458,0.0544524356091277,-0.0808502165861725,-0.0023641115352385,-2.61530617820944,0.510536570168799,0.0316081142270338,0.0608554748687039,14.9156913587915,9.64548817719051,0.535977893409417,-8.04664642228905,-15.8432368575565,-0.209500404060711,7.54483416304664,-5.97366122153158,-2.81,0.140312250619717,0.0264699871970837,17.8614853623691,18.6350580419433,0.169764965838421,1.11051295676522,176.427581787109,-15.9162160549013,-35.0069216597871,-176.427581787109,4.25744199752808,18.0875854492188,6.65000009536743,16.0830001831055,36.3499984741211,991.245744376347
2.275,-0.0199805132435152,0.00458426099690256,0.476160137584311,0.0146307613503147,-0.271358303525138,-10.8697120964712,0.375537480759603,-0.0454260138042556,0.0509111707760501,-0.0687943221619316,-0.00310571763610135,-2.6140144995331,0.440487436551731,-0.0422362477871875,0.0514141948879603,14.9105012717916,9.6789943339441,0.460186750772711,-8.0063804338174,-15.877343820131,-0.15992781041253,7.54515069989978,-5.97349085129433,-2.81,0.142095272408255,0.0294221427865551,17.8474559783936,18.6268437165649,0.169764688631989,1.11051289694256,176.403442382812,-16.2982944182094,-35.7944124105324,-176.403442382812,4.25158596038818,18.0634479522705,6.65000009536743,16.0830001831055,36.3499984741211,991.250002104661
2.3,-0.0224772347143026,-0.00295007761762545,0.475949012296213,-0.0601296144599681,-0.225821786406108,-10.2106214232291,0.367623392842626,-0.0342275463938884,0.0497509229259976,-0.0543120610393321,-0.00513026495499378,-2.61225999499407,0.319233303543034,-0.0331168575972427,0.0397096107958502,14.9375150352199,9.60354164619849,0.169740927825287,-8.04773628356879,-15.8285938527729,-0.275203405427528,7.54527010172091,-5.97342782797953,-2.81,0.133146232645312,0.0268149986613572,17.8474559783936,18.6196492792905,0.16976464903107,1.11051288839646,176.399993896484,-16.3528770413365,-35.9069110891652,-176.399993896484,4.2507495880127,18.0599994659424,6.65000009536743,16.0830001831055,36.3499984741211,991.250963934537
2.325,-0.0221627965401004,-0.0127114328514999,0.475737882472263,0.064219493260647,-0.341301113923597,-10.0221106755359,0.319582835889859,-0.0419095976146218,0.0512182936052937,-0.0487391792425037,-0.00664305036064048,-2.61128277509616,0.387759915889893,-0.0731660511083235,0.0487954004630842,14.9432212644734,9.60077021009577,0.0109676964534663,-8.04252897860014,-15.8323933989394,-0.357515826270007,7.54533734040271,-5.97339320931921,-2.81,0.127089648739216,0.0272125559279985,17.8413723356212,18.6063467596525,0.16976464903107,1.11051288839646,176.399993896484,-16.3528770413365,-35.9069110891652,-176.399993896484,4.2507495880127,18.0599994659424,6.63000011444092,16.0779991149902,36.3499984741211,991.251376448006
2.35,-0.02310129360746,-0.0136499299188594,0.475526756695265,0.0849943660130936,-0.111149434523959,-9.80448314481499,0.261220681586957,-0.0731113643158434,0.0504059857843996,-0.0442658375354345,-0.00724897241647407,-2.61067877134264,0.243692088629962,-0.0477649646405413,0.046955423531586,14.9423289357245,9.58192541207226,-0.022776644363177,-8.04161918970843,-15.8210248170898,-0.338440461790127,7.54540457908451,-5.97335859065889,-2.81,0.127373341126498,0.0266662852494904,17.8207555462258,18.6021624180368,0.16976464903107,1.11051288839646,176.399993896484,-16.3528770413365,-35.9069110891652,-176.399993896484,4.2507495880127,18.0599994659424,6.63000011444092,16.0779991149902,36.3499984741211,991.251788961476
2.375,-0.0230966873098023,-0.0165437639330824,0.475315629901521,-0.0238808785619949,-0.607282512341551,-9.39636822718181,0.194432137159609,-0.103680746259444,0.0518234657230652,-0.0377728096851189,-0.010161072028926,-2.60920190305676,0.127523764651991,-0.0741413235796013,0.0481822363268782,14.939795260179,9.58846563548005,-0.137931338609263,-8.01484185477682,-15.8365499823926,-0.348102587058372,7.54547181776631,-5.97332397199857,-2.81,0.123876570652183,0.0276283355426361,17.8049831390381,18.5867567851924,0.16976464903107,1.11051288839646,176.399993896484,-16.3528770413365,-35.9069110891652,-176.399993896484,4.2507495880127,18.0599994659424,6.63000011444092,16.0779991149902,36.3499984741211,991.252201474946
2.4,-0.0268946087843723,-0.0238024935970826,0.475104503107779,-0.0504416600883927,-0.409245686533858,-8.5999166958943,0.0831741381930666,-0.12986713121266,0.0711050903828171,-0.0343633838058649,-0.0139949471846103,-2.60737861041847,0.0920694266019465,-0.0940219198723538,0.0572684018030245,14.9306390069561,9.60805468126404,-0.228926944303025,-7.97062255269766,-15.8630973046787,-0.349890675426496,7.54553905644812,-5.97328935333825,-2.81,0.120045835821646,0.028852608075583,17.8049831390381,18.563720270581,0.169764454035664,1.11051284446231,176.398254394531,-16.63347785061,-36.4608559507375,-176.398254394531,4.24894380569458,18.030689239502,6.63000011444092,16.0779991149902,36.3499984741211,991.256118248249
2.425,-0.0268946087843723,-0.0238024935970826,0.474893374799397,-0.0564479173875468,-0.0599341209658287,-8.21811839696527,0.0833981397811726,-0.15401666907767,0.081811808217518,-0.0323642962939055,-0.0177302945864311,-2.60559344605149,0.079095070634207,-0.102437348710199,0.0684809247407757,14.9232509412672,9.59520056052122,-0.265922235667015,-7.94385138873894,-15.8631692115526,-0.311600332733682,7.54559489492106,-5.9732606462072,-2.81,0.118425481152364,0.0281417947692165,17.8019385046921,18.5465694537474,0.169764181042096,1.1105127829545,176.395874023438,-17.0263189838766,-37.2363787569071,-176.395874023438,4.2464165687561,17.9896545410156,6.63000011444092,16.0779991149902,36.3499984741211,991.261436725485
2.45,-0.0268946087843723,-0.0238024935970826,0.4746822515244,-0.163502855068074,-0.166726009496576,-8.10178425821775,0.103119324778957,-0.124771307659,0.0855356399726373,-0.0303652087819461,-0.0214656419882519,-2.60380828168452,0.0661207146664675,-0.110852777548045,0.0796934476785271,14.930957321919,9.57694842747001,-0.302047848624861,-7.93267651444042,-15.8663571680417,-0.272055449537479,7.54559588157772,-5.9732603822496,-2.81,0.11675982558361,0.0271172055640287,17.784527002026,18.5443102573164,0.169763908048527,1.11051272144669,176.393432617188,-17.4191601171432,-38.0119015629979,-176.393432617188,4.24388837814331,17.9486198425293,6.92999982833862,16.0349998474121,36.3499984741211,991.266755202721
2.475,-0.0331549991976739,-0.028131415407068,0.474471120713088,-0.184793158405938,-0.169056327875956,-7.99737720948509,0.071695605823423,-0.0484006661593238,0.0935512466850308,-0.0250876940262949,-0.024457218095149,-2.60153465163375,0.0671064054570539,-0.0453414223895523,0.0926420325343501,14.9818369014191,9.4822124008172,-0.402740453686126,-7.99030606048161,-15.8306655922584,-0.273906542252267,7.54559686823439,-5.97326011829199,-2.81,0.113150466650828,0.0222751053553975,17.7691135406494,18.573219767049,0.169763635054958,1.11051265993888,176.391036987305,-17.8120012518279,-38.7874243691675,-176.391036987305,4.24136066436768,17.9075870513916,6.92999982833862,16.0349998474121,36.3499984741211,991.272073679957
2.5,-0.0338596657903204,-0.0320276029969821,0.474259994930437,-0.139746260422261,-0.265007284148085,-7.99389989400796,0.0809014808182073,0.00291211721898475,0.106694141355789,-0.0254840483315021,-0.0243592952279892,-2.59895057703696,0.0993520032994785,-0.0140993907874188,0.104520745207541,15.0264473802287,9.39637091258541,-0.458872820338217,-8.03392686565363,-15.8000727590604,-0.331950882865733,7.54559517686877,-5.97326128417052,-2.81,0.109865438567912,0.0171149447424847,17.7691135406494,18.5857057510173,0.169763518057715,1.11051263357839,176.389999389648,-17.9803617371084,-39.1197912860636,-176.389999389648,4.24027729034424,17.8899993896484,6.92999982833862,16.0349998474121,36.3486175537109,991.274277259564
2.525,-0.032739691426837,-0.0303068790311886,0.474048869139064,-0.107230248457054,-0.125561216909588,-8.5089380520774,0.0738281932606605,0.00885572712967512,0.120007361561459,-0.0202467460185289,-0.0248886030167341,-2.59675121307373,0.0605592466890812,0.0289874076843262,0.113165214657784,15.0504452594945,9.34644651919625,-0.414222358324411,-8.04137790020991,-15.7901081823166,-0.22862691032474,7.54553540822705,-5.97329345837525,-2.81,0.114679157116783,0.0147300245689046,17.7685492791295,18.6006775370421,0.169763518057715,1.11051263357839,176.389999389648,-17.9803617371084,-39.1197912860636,-176.389999389648,4.24027729034424,17.8899993896484,6.92999982833862,16.0349998474121,36.3462066650391,991.274144665948
2.55,-0.0313278913430293,-0.0307794755562638,0.473837744353902,-0.0772449375983039,0.0849396808570304,-8.75554718033906,0.0973808371794432,-0.00470498074789612,0.123100439804707,-0.0188775060269587,-0.0249791388497268,-2.59374005868717,0.0468333963220808,0.0144311004745697,0.117651401602485,15.0614641996941,9.30943216701589,-0.406675470433623,-8.02154340710794,-15.7889529489156,-0.205966487566575,7.54547563958534,-5.97332563257998,-2.81,0.11585438531136,0.0123955386901929,17.7582232933146,18.5865438462126,0.169763518057715,1.11051263357839,176.389999389648,-17.9803617371084,-39.1197912860636,-176.389999389648,4.24027729034424,17.8899993896484,6.69999980926514,16.0659999847412,36.3437919616699,991.274012072333
2.575,-0.0327384149822659,-0.0350290944118133,0.473626615551578,-0.0624914487200735,-0.0675187183695594,-8.96485014417212,0.100325639100399,0.000610567109512856,0.124129984131575,-0.0171207001552341,-0.0256855196605313,-2.58994804345942,0.162240691869138,-0.0239447718160964,0.126000064420508,15.0932912109593,9.26645790116148,-0.430996814430667,-8.01119862318795,-15.8000138018686,-0.20174327117093,7.54541587094363,-5.97335780678471,-2.81,0.11531752993917,0.00965253646406855,17.7478973074997,18.5842520895576,0.169763518057715,1.11051263357839,176.389999389648,-17.9803617371084,-39.1197912860636,-176.389999389648,4.24027729034424,17.8899993896484,6.69999980926514,16.0659999847412,36.3413772583008,991.273879478718
2.6,-0.0332235382985821,-0.0364906716126031,0.473415488757835,-0.0827103325221979,-0.0401170729707396,-9.37359109473872,0.112181470155373,0.0339233843182506,0.12453278035957,-0.0156642505239416,-0.0250483400779911,-2.58840284664402,0.100233069635474,0.0152263136669004,0.124986277193589,15.1386568932382,9.17986388877865,-0.388992149052817,-8.06873866898892,-15.7629968771753,-0.153408544222106,7.54534932841749,-5.97339349017489,-2.81,0.1182105634651,0.00491011590293324,17.7478408813477,18.6197088223321,0.169763402504882,1.1105126068568,176.397247314453,-18.1510285310475,-39.4480549077419,-176.397247314453,4.23975372314453,17.8796558380127,6.71999979019165,16.0820007324219,36.3400001525879,991.273001835264
2.625,-0.0325637647247118,-0.0374790223464501,0.473204363478067,-0.0565227576107626,-0.14669047293865,-9.47222843208171,0.11439938930707,0.0436169468478004,0.129053593730376,-0.0128210057558967,-0.0246168512048746,-2.58619849383168,0.102452973693713,0.042381897861887,0.125252571987738,15.1455400799581,9.1804368644739,-0.407124054529053,-8.03863647572203,-15.7857792236643,-0.151832950647648,7.54525162162338,-5.97344531809733,-2.81,0.118810934323627,0.00495284858315371,17.7478408813477,18.6065933735111,0.169763132881604,1.11051254450642,176.414138793945,-18.5492510492934,-40.2140033582194,-176.414138793945,4.23853206634521,17.8555183410645,6.71999979019165,16.0820007324219,36.3400001525879,991.271130792026
2.65,-0.0306778176322511,-0.0403041994475827,0.473031127431191,0.0147762993909854,-0.0126392291129932,-9.89353461598394,0.0893167902824422,0.0335134224098304,0.133791410864524,-0.00778797434915637,-0.0245631253043407,-2.58206000892065,0.178513344667765,0.0195725735176547,0.130184226596354,15.1673397969459,9.14437446097659,-0.429501387276886,-8.00909329211333,-15.8015911997006,-0.128032948963208,7.54515391482927,-5.97349714601977,-2.81,0.120211826515777,0.00300840737461247,17.7533422869776,18.5935200047093,0.169762863258327,1.11051248215603,176.431030273438,-18.9474735675392,-40.979951808697,-176.431030273438,4.2373104095459,17.8313789367676,6.71999979019165,16.0820007324219,36.3400001525879,991.269259748788
2.675,-0.0301903728876245,-0.0436794800312755,0.474002300660375,0.0278384863598113,0.0673052202282618,-10.3051237657316,0.0921348249662301,0.0404084280982621,0.132530416136504,-0.00778980553107161,-0.0227126291372992,-2.57810247161078,0.0818902143895698,0.0272425080906267,0.129946694777615,15.2130767587258,9.06341574364172,-0.462697529367526,-8.02893509751317,-15.7891826184985,-0.187648214178987,7.54505620803516,-5.97354897394221,-2.81,0.118771861771974,-0.00203062453981859,17.7592297561605,18.5949616272269,0.169762593635049,1.11051241980565,176.447937011719,-19.345696085785,-41.7459002592534,-176.447937011719,4.23608875274658,17.807243347168,6.71999979019165,16.0820007324219,36.3400001525879,991.26738870555
2.7,-0.0281322891110652,-0.040383035116796,0.474973483129417,0.043767861290014,-0.0308749841816481,-10.5173683613217,0.0783593850899395,0.0716537458267483,0.128892980652044,-0.00455452516681386,-0.0221351088411596,-2.57576577587799,0.0988086772112828,0.0556931452381164,0.130345893083497,15.2441349662411,9.04212573063146,-0.46689182982556,-8.02818962345876,-15.8076172586229,-0.170541938993567,7.54495671924564,-5.97360159183478,-2.81,0.120190355960801,-0.00310658603290579,17.7599697113037,18.6063830445827,0.169762401046994,1.11051237526966,176.460006713867,-19.6301407418775,-42.2930062953313,-176.460006713867,4.23521614074707,17.7900009155273,6.71999979019165,16.0820007324219,36.3400001525879,991.266822551859
2.725,-0.0266806069558206,-0.0480782620688011,0.475944665598459,0.109293616494557,-0.0574847924434337,-10.601529518941,0.0669222219321154,0.0953641941674079,0.133682041777327,-0.00431750115854269,-0.0190637100276024,-2.57175363749943,0.0860804713240088,0.0818220406971246,0.135363611572695,15.2948693273258,8.97424503282306,-0.499381502790626,-8.04402545458366,-15.8098827493217,-0.246465967549018,7.54483652896468,-5.9736633868328,-2.81,0.119098027988595,-0.00739967450610848,17.7599697113037,18.6100923163926,0.169762401046994,1.11051237526966,176.460006713867,-19.6301407418775,-42.2930062953313,-176.460006713867,4.23521614074707,17.7900009155273,6.71999979019165,16.0820007324219,36.3400001525879,991.269518622037
2.75,-0.0243185691309402,-0.0466634479488935,0.476911779307537,0.179186296408277,0.0307468337621219,-10.9193141860432,0.0747026701009667,0.0780450474603497,0.139902634510699,-0.00035726806093522,-0.0183756933570179,-2.56975959920867,0.055373212653248,0.105655292611989,0.137362332955837,15.3032206668219,8.95675734963224,-0.457648455013106,-8.02650647016682,-15.8165878851944,-0.179579119896802,7.54471633868372,-5.97372518183083,-2.81,0.123459506233453,-0.00809331892550283,17.7616409585078,18.6081713224759,0.169762401046994,1.11051237526966,176.460006713867,-19.6301407418775,-42.2930062953313,-176.460006713867,4.23521614074707,17.7900009155273,6.69000005722046,16.0799999237061,36.3400001525879,991.272214692214
2.775,-0.0233521602593295,-0.0505061550147778,0.475521612349252,0.176164347453196,0.118123602121392,-10.8969681992345,0.103511076533927,0.0384832549423053,0.136863576205752,0.00345918152600946,-0.0169824935954525,-2.56509197844133,0.0653840032714237,0.063621223062055,0.135501576643264,15.3151849938847,8.91962267132546,-0.493394485211355,-7.98167564445436,-15.8306629420726,-0.202392774040989,7.54459614840276,-5.97378697682885,-2.81,0.123911299598817,-0.0103136147303175,17.7636935641342,18.5747876172177,0.169762401046994,1.11051237526966,176.460006713867,-19.6301407418775,-42.2930062953313,-176.460006713867,4.23521614074707,17.7900009155273,6.69000005722046,16.0799999237061,36.3400001525879,991.274910762392
2.8,-0.0230391453994456,-0.0568240862247741,0.473902971152918,0.209360205388188,0.0676583268413033,-10.9813994093246,0.0585711403597887,0.00978443996171596,0.131672902289883,0.00348737310301683,-0.0168336982591918,-2.5613278965379,0.148396543613965,-0.0231618492071934,0.133492954775401,15.3598544813838,8.85068572008974,-0.588407852337196,-7.99830131426828,-15.8285760840286,-0.298908755424139,7.54442865176225,-5.97387614862106,-2.81,0.118841588560028,-0.0146388763345238,17.7641983032227,18.5740987628593,0.169762362529382,1.11051236642265,176.461044311523,-19.6866452884141,-42.4024275025311,-176.461044311523,4.23527050018311,17.7920684814453,6.69000005722046,16.0799999237061,36.3400001525879,991.275144379714
2.825,-0.0238123945399476,-0.0563320709599979,0.474233856103032,0.150033512585493,0.129790913970082,-10.6355937160346,0.0294216054308752,0.00244559224094865,0.123478132237768,0.00504889951907878,-0.0166229332739064,-2.55824214569517,-0.00746902165746062,0.0131968995797509,0.122248735961498,15.3984631153776,8.80263895497613,-0.588937023080259,-8.00739534558112,-15.8349101416654,-0.288455004131187,7.54424684978842,-5.97397359909228,-2.81,0.119575255808268,-0.0174798007371417,17.7641983032227,18.5862807908318,0.169762092906105,1.11051230449355,176.468276977539,-20.0821771141703,-43.1683759530087,-176.468276977539,4.23564910888672,17.8065528869629,6.69000005722046,16.0799999237061,36.3400001525879,991.260603279903
2.85,-0.0233638694536776,-0.0571746269062105,0.476501460157307,0.192098780504399,0.114502745334261,-10.7120673431556,0.0112047206050317,0.0150006514434319,0.118885878416617,0.00655947924458274,-0.0176966641036716,-2.5555166548705,0.102645037358661,-0.0182097406683435,0.120389629293429,15.4220401638656,8.79989135478836,-0.639321713835144,-7.98553221337785,-15.8689063987849,-0.308590183657569,7.5440650478146,-5.9740710495635,-2.81,0.117461826300125,-0.0178410219301682,17.7701449052725,18.583143134366,0.169761823282827,1.11051224256446,176.475524902344,-20.4777089413447,-43.9343244035651,-176.475524902344,4.23602867126465,17.8210353851318,6.69999980926514,16.0799999237061,36.3400001525879,991.246062180091
2.875,-0.0242983564728729,-0.0593617322934476,0.478929434522152,0.331877091333329,0.164367865649643,-10.4249284147244,-0.00693419934907341,-0.00899879653138996,0.117159165937037,0.0067226406085332,-0.0179733188541625,-2.55277424293,0.082294712228091,-0.0296714823347582,0.115819199152235,15.4314931994941,8.76634563092603,-0.64038652910415,-7.96848488343535,-15.8682299700457,-0.304005384412628,7.54388324584077,-5.97416850003472,-2.81,0.117562215467694,-0.0200742877016262,17.7787136310608,18.5689532920919,0.16976155365955,1.11051218063536,176.482757568359,-20.8732407671009,-44.7002728540427,-176.482757568359,4.23640775680542,17.8355178833008,6.69999980926514,16.0799999237061,36.3400001525879,991.23152108028
2.9,-0.024934281323004,-0.0587258074433165,0.481357362688131,0.319911000254172,0.249503805817708,-10.4649817687573,-0.0401936996957375,-0.0520835116860014,0.108624520487632,0.00656863982958428,-0.0189875329077659,-2.55067376541555,0.063624410244105,-0.048668260814586,0.111827102190381,15.4443325795693,8.74511778159692,-0.659155896377811,-7.95817316582949,-15.874866159356,-0.308357946683086,7.54369276998022,-5.97427082531079,-2.81,0.116365424831716,-0.0215810367470923,17.7818508148193,18.5630775579713,0.169761284036272,1.11051211870626,176.490005493164,-21.2687725928571,-45.4662213045202,-176.490005493164,4.23678684234619,17.8500003814697,6.69999980926514,16.0799999237061,36.3400001525879,991.216979980469
2.925,-0.0255896075349016,-0.058397362616555,0.483785325695006,0.142143716790742,0.0811128123374793,-9.98528148989644,-0.0346078382784817,-0.0583839817372865,0.103094335649714,0.00630453062434423,-0.0202578036692087,-2.54879614674796,0.0455373578973935,-0.0702809600912215,0.108035783781941,15.4678581081335,8.71754521162196,-0.676303778807033,-7.96393676160375,-15.8804451155185,-0.307879784062942,7.54345804445735,-5.97439801930784,-2.81,0.115076646942931,-0.0233931865176068,17.7818508148193,18.5706668786663,0.169761284036272,1.11051211870626,176.490005493164,-21.2687725928571,-45.4662213045202,-176.490005493164,4.23678684234619,17.8500003814697,6.69999980926514,16.0799999237061,36.3400001525879,991.219572922279
2.95,-0.0271541738265449,-0.0571301508460711,0.485,0.234868259819055,0.309296346990766,-9.38673512141455,-0.0563743998280378,-0.0379699752139926,0.101224003557628,0.00453157073366354,-0.0219110551530883,-2.54571815847936,0.0292440490872121,-0.0640055524440201,0.103923216481094,15.5029275500628,8.6899003615398,-0.730568946691523,-7.96171122578572,-15.9020930539901,-0.351358451293693,7.54322331893447,-5.97452521330488,-2.81,0.111008674011959,-0.0256258152369459,17.7976377421412,18.5742972069602,0.169761284036272,1.11051211870626,176.490005493164,-21.2687725928571,-45.4662213045202,-176.490005493164,4.23678684234619,17.8500003814697,7.13000011444092,16.0279998779297,36.3400001525879,991.222165864089
2.975,-0.0273269749169039,-0.0544118164298639,0.485,0.282512201238354,0.317339238403471,-8.94571009164175,0.00324532318026327,-0.041674235209896,0.0909462769992505,0.00342317298054695,-0.0227004811167717,-2.54413223266602,0.0227915290743113,-0.0547067373991013,0.102110013365746,15.5533853953954,8.62448625891564,-0.732414332798678,-8.01586134153009,-15.8886654966489,-0.349666886870585,7.5429885934116,-5.97465240730193,-2.81,0.1100364966391,-0.0294997575145211,17.8251521011879,18.6123267181011,0.169761284036272,1.11051211870626,176.490005493164,-21.2687725928571,-45.4662213045202,-176.490005493164,4.23678684234619,17.8500003814697,7.13000011444092,16.0279998779297,36.3400001525879,991.2247588059
3,-0.0274927654871943,-0.0536460167106422,0.485,0.250490561792561,0.201404118287721,-9.12446708975308,-0.0207822083046928,-0.0296754616449075,0.0844270944695103,0.00203456184486064,-0.0231971337760299,-2.54173349495638,0.00872449835782713,-0.0480700226443152,0.0876353958398485,15.5733800386373,8.63539759935393,-0.728162796796646,-7.9889151451686,-15.9275167513723,-0.3491754908942,7.54275386788872,-5.97477960129898,-2.81,0.109538815253914,-0.0294909910450004,17.8385334014893,18.6103566965878,0.169761284036272,1.11051211870626,176.490005493164,-21.2687725928571,-45.4662213045202,-176.490005493164,4.23678684234619,17.8500003814697,7.13000011444092,16.0279998779297,36.3400001525879,991.22735174771
3.025,-0.028737743871774,-0.0542753649729157,0.485,0.168963004014993,0.307255640263747,-8.75061230807195,-0.00842757407226958,-0.0160860185940337,0.0769024162493205,0.00145289889486795,-0.0233352258711617,-2.538999189504,-0.0756365103415056,-0.00175398995636666,0.0751177319369424,15.6057805288045,8.59188662090567,-0.728642826826208,-7.9970636007998,-15.9315727280981,-0.351832577913208,7.5425420296331,-5.97489249212346,-2.81,0.109194981141329,-0.032317878056524,17.8385334014893,18.6187381835032,0.169761051486195,1.11051206562418,176.498291015625,-21.6077998720767,-46.1268518430946,-176.498291015625,4.23787021636963,17.8665523529053,7.13000011444092,16.0279998779297,36.3400001525879,991.227671656115
3.05,-0.0268460984050106,-0.0542783760240125,0.485,0.126279731020639,0.258368282392102,-7.76905707695634,0.0498493541727642,0.0172595962764965,0.075103494301294,0.00270977600817526,-0.0232288657469304,-2.53727223448199,-0.0151938829340729,0.0255879522306723,0.0723688545428064,15.6261753862879,8.59022256864081,-0.708288401018441,-7.98615975371118,-15.9558328060835,-0.321877761496568,7.54233233267432,-5.97500404476554,-2.81,0.110912500849065,-0.0324675069792365,17.8491233704261,18.6263727417182,0.169760780177772,1.11051200369508,176.507934570312,-22.0033316978329,-46.897587471497,-176.507934570312,4.23913383483887,17.8858623504639,7.94999980926514,16.056999206543,36.3400001525879,991.22761272562
3.075,-0.0258793818184451,-0.0571662740205438,0.485,0.211728744876005,0.0308529771044486,-7.91645538491302,0.0563522798835623,0.0523661753359668,0.075539620983781,0.00430171873191949,-0.0233245400095968,-2.53539496570804,0.0874293817066728,0.0250431980740362,0.0756115594454084,15.6624050814456,8.57645824380377,-0.651030591113164,-7.99199260977529,-15.9798818120445,-0.248678853050986,7.54212263571555,-5.97511559740762,-2.81,0.114640573797109,-0.0332016705091413,17.872472338082,18.6538052280905,0.169760508869349,1.11051194176599,176.517578125,-22.3988635250072,-47.6683230997417,-176.517578125,4.24039745330811,17.9051723480225,7.94999980926514,16.056999206543,36.3400001525879,991.227553795124
3.1,-0.0261673671164947,-0.0612494712333142,0.485,0.21913385044159,-0.06224310020136,-9.1729367352448,-0.00157839892390879,0.102796032955583,0.0767699892132518,0.00488329247014139,-0.0215501934777498,-2.53408828543669,0.0181695580289515,0.0827105934113646,0.0755899200205388,15.6941578126042,8.55375063188386,-0.617096397158057,-8.00895461522965,-15.9892002500637,-0.236999192656723,7.54191293875678,-5.9752271500497,-2.81,0.116926746926792,-0.0344873598836564,17.8866348266602,18.6742997749319,0.169760237560926,1.11051187983689,176.527236938477,-22.7943953507634,-48.4390587281442,-176.527236938477,4.2416615486145,17.9244823455811,7.94999980926514,16.056999206543,36.3400001525879,991.227494864628
3.125,-0.0212686397097084,-0.0588757149308074,0.485,0.264817450824681,-0.246174667428498,-10.4389951886519,-0.0946580582903087,0.134802999230061,0.0808216857154137,0.00412623277885056,-0.0193924168613161,-2.53259091982627,-0.0209905648948462,0.115325198399988,0.0797319502707677,15.7209936068167,8.55960258853672,-0.602796605391143,-8.00337357551397,-16.020514861832,-0.262517007657548,7.54167463201659,-5.9753542450878,-2.81,0.117615457100424,-0.0344909740079503,17.8866348266602,18.6827044398533,0.169760160044234,1.11051186214286,176.529998779297,-22.9074044438366,-48.6592689076427,-176.529998779297,4.24202251434326,17.9300003051758,7.94999980926514,16.056999206543,36.3382759094238,991.219869679418
3.15,-0.0198569888509891,-0.0574640640720881,0.485,0.366058822009655,0.12425419124942,-10.8497410248095,-0.164337074041146,0.124377225751144,0.0881386606037194,0.0017080762510966,-0.0165742454110997,-2.53002054473997,-0.0284182883805816,0.105227755054836,0.0879643589586815,15.7318730458029,8.5656370510897,-0.579878333289995,-7.96774767344394,-16.050562032529,-0.304437109998541,7.54120687458337,-5.9756059902756,-2.81,0.118227942053458,-0.0349401623702801,17.890232055826,18.6630719824435,0.169760160044234,1.11051186214286,176.529998779297,-22.9074044438366,-48.6592689076427,-176.529998779297,4.24202251434326,17.9300003051758,9,15.9720001220703,36.335865020752,991.209217992322
3.175,-0.0198569888509891,-0.0574640640720881,0.485,0.509334591186265,0.0784814282020915,-11.3275656000174,-0.0922819974334228,0.08526277758025,0.0942202511512208,-0.00102900148018723,-0.0131634168338142,-2.52697259596863,-0.0842920068965074,0.103498377158907,0.0937126637014969,15.7274914663607,8.52202150868406,-0.519111862189137,-7.93991045671169,-16.0344384434365,-0.320813477634308,7.54073911715016,-5.97585773546341,-2.81,0.120918638510967,-0.0381987459094077,17.9010237433234,18.6285159535226,0.169760160044234,1.11051186214286,176.529998779297,-22.9074044438366,-48.6592689076427,-176.529998779297,4.24202251434326,17.9300003051758,9,15.9720001220703,36.3334503173828,991.198566305226
3.2,-0.0154383820620381,-0.0504432407983789,0.485,0.447827418759884,0.112511283646332,-10.8530419840492,-0.104067350097619,0.00633194631757879,0.100928041549234,-0.00744448464483558,-0.0114824184256688,-2.52434120971487,-0.104881797148246,0.000898440018105996,0.102832634292008,15.779687638263,8.46562180516298,-0.465416554752081,-7.97427244283191,-16.0365936055649,-0.347205437868903,7.54027135971694,-5.97610948065122,-2.81,0.120732044023986,-0.0424933037198473,17.9088668823242,18.6542158045872,0.169760160044234,1.11051186214286,176.529998779297,-22.9074044438366,-48.6592689076427,-176.529998779297,4.24202251434326,17.9300003051758,9,15.9720001220703,36.3310394287109,991.18791461813
3.225,-0.017950032639746,-0.0456897758448642,0.485,0.36792520066069,0.464612667520502,-9.623632563484,-0.00800204717937812,-0.0884139852689436,0.0975776748143318,-0.00433577038347721,-0.0139587232843041,-2.52239370346069,-0.0547848455607891,-0.0504196248948574,0.0973048657178879,15.7851830434173,8.42113222252769,-0.436005141893749,-7.9723429592485,-16.0204790416633,-0.252133145360713,7.54002540597346,-5.97624341922559,-2.81,0.123521935949578,-0.0446975636272815,17.9088668823242,18.6564445804512,0.169760004047909,1.11051182699554,176.538269042969,-23.1318850904046,-49.1024247968374,-176.538269042969,4.24284076690674,17.9451732635498,9,15.9720001220703,36.3300018310547,991.189015355603
3.25,-0.0198711377116361,-0.0485752650309002,0.485,0.105910295634018,0.0357198911291713,-8.79969655196034,0.0675689057695893,-0.126131050928919,0.0929383560919676,-0.00317335915668621,-0.0172999679838083,-2.52036699220344,0.0328772425162748,-0.0962520529817197,0.0937400155281328,15.7903645223293,8.37990873955893,-0.458497636128925,-7.96857919702472,-16.0070473522878,-0.211855979541568,7.53979016053262,-5.97637167029824,-2.81,0.122460376552328,-0.0470377767343758,17.9131743990142,18.6513894152346,0.169759731054341,1.11051176548773,176.552764892578,-23.5247262236711,-49.8779476030071,-176.552764892578,4.24427318572998,17.9717235565186,8.72999954223633,15.9799995422363,36.3300018310547,991.198930411503
3.275,-0.0242016524995587,-0.0519407166027837,0.485,0.0349885384838617,0.282297256569445,-8.4717044148238,0.0245948584199,-0.0891944339777332,0.0931868861467222,-0.00422737866136446,-0.0199996832151994,-2.51792714096302,0.0295659123721099,-0.112331778905704,0.0905718532199258,15.8218895761571,8.35774506646833,-0.512303765708536,-7.96989662062247,-16.0272856056158,-0.231109232084935,7.53955491509177,-5.97649992137088,-2.81,0.118603740573206,-0.0487008025156578,17.9333865927132,18.6604409755538,0.169759458060772,1.11051170397992,176.567230224609,-23.9175673569377,-50.6534704091767,-176.567230224609,4.24570560455322,17.9982757568359,8.72999954223633,15.9799995422363,36.3300018310547,991.208845467403
3.3,-0.0249534585279639,-0.0486008424543612,0.485,0.0174728080784655,0.213257105444213,-8.18210197859084,0.079160276918913,-0.0355086553166831,0.0891201022411411,-0.000304543294081694,-0.0225731685749612,-2.51556956484866,0.121371090210738,-0.0441122987424911,0.0908699561476181,15.8461702467049,8.34097681165909,-0.484451088167532,-7.95968941903272,-16.0478768194648,-0.1291992911726,7.5394341721621,-5.97656553168499,-2.81,0.121618327350503,-0.0493103396420375,17.9505062103271,18.6772812687217,0.169759185067204,1.11051164247211,176.581726074219,-24.3104084902043,-51.4289932152675,-176.581726074219,4.24713802337646,18.0248279571533,8.72999954223633,15.9799995422363,36.3300018310547,991.218760523303
3.325,-0.0250836790257341,-0.0553873969736354,0.485,0.107537627521207,0.174847253235373,-8.43918800998645,0.0339572450636226,-0.0209464025574433,0.0906983256197532,-0.00127163213302923,-0.0217220354296936,-2.51369282053685,0.0128702297218251,-0.0157980709032632,0.0860785999848369,15.8829705128554,8.30858220166783,-0.511087511236278,-7.97917628476997,-16.0581467867103,-0.176546173223288,7.53933400802476,-5.97661988398259,-2.81,0.11975608298471,-0.0514091275128565,17.9505062103271,18.6921487650768,0.169759029070879,1.11051160732479,176.589996337891,-24.5348891381904,-51.8721491044622,-176.589996337891,4.2479567527771,18.0400009155273,8.56999969482422,16.0090007781982,36.3300018310547,991.22404743063
3.35,-0.0236705166859687,-0.0549183434057571,0.485,0.0696279529283934,0.405240688235141,-8.58869127631627,0.0633480111049701,-0.023937360096797,0.0812519115535018,0.000653762465417704,-0.0233917419467399,-2.51256477306332,0.075073993523393,-0.0404023547000966,0.089380756870397,15.8905761340344,8.30278641087495,-0.48244563643619,-7.96942049642896,-16.0672553070819,-0.105212624792142,7.53923384388742,-5.97667423628019,-2.81,0.121994702432039,-0.0515724747301553,17.951103964282,18.6990390271511,0.169759029070879,1.11051160732479,176.589996337891,-24.5348891381904,-51.8721491044622,-176.589996337891,4.2479567527771,18.0400009155273,8.56999969482422,16.0090007781982,36.3300018310547,991.223163473195
3.375,-0.0255801721356147,-0.0587468025849934,0.485,0.00747626575553581,0.232581028096619,-9.36176358713611,0.0180877376969657,0.0240858531122311,0.0719953111149699,0.00165758219353901,-0.0234494000363609,-2.51012977033106,0.0804247180710668,-0.0165551501864787,0.0789476461021796,15.9190748835454,8.28194508176637,-0.49617424983786,-7.96538709708786,-16.087089976297,-0.109054388235467,7.53913367975007,-5.97672858857779,-2.81,0.121741215857922,-0.0528553390892805,17.9575386097956,18.7057392023783,0.169759029070879,1.11051160732479,176.589996337891,-24.5348891381904,-51.8721491044622,-176.589996337891,4.2479567527771,18.0400009155273,8.56999969482422,16.0090007781982,36.3300018310547,991.22227951576
3.4,-0.0249322600571973,-0.059995635877772,0.485,0.0531159054932705,0.577251616801192,-9.958400283792,0.0867047589802971,0.0885549168310774,0.0610209809915716,0.00332266730768345,-0.0217207743852267,-2.50851492201184,0.122647764657013,0.0289584422352641,0.0696231119366295,15.949858264063,8.24608080528763,-0.469417286281344,-7.98413379658005,-16.0891475229177,-0.0954954647763722,7.53903273291048,-5.97678339121748,-2.81,0.124168586478431,-0.0546928483542341,17.9637622833252,18.7242394319807,0.169759029070879,1.11051160732479,176.589996337891,-24.5348891381904,-51.8721491044622,-176.589996337891,4.2479567527771,18.0400009155273,8.56999969482422,16.0090007781982,36.3300018310547,991.221395558324
3.425,-0.0236202834588226,-0.0616344342583281,0.485,0.23841272718518,0.294847385942468,-10.1948359633821,0.162001807743716,0.110797918805146,0.0586411913315519,0.00533472757179796,-0.0196162649752515,-2.50735286038277,0.184966375989257,0.0750756978179327,0.0625488401478272,15.9660623841415,8.21834046382439,-0.430677219631041,-7.99346285883989,-16.0854247202874,-0.0735798440759745,7.53882992710295,-5.97689680028248,-2.81,0.127519705316834,-0.0560044150616622,17.9637622833252,18.7329242556393,0.169758950470879,1.1105115898715,176.594131469727,-24.6463606916851,-52.0954367554726,-176.594131469727,4.24805307388306,18.0455188751221,8.56999969482422,16.0090007781982,36.3300018310547,991.220604205954
3.45,-0.0198418137944099,-0.0669975545582855,0.485,0.291639712639276,0.4183154704935,-10.4605917666528,0.223275126541266,0.072118680549011,0.0631855482450945,0.0116814359042737,-0.0171508197671918,-2.50547647253759,0.248644563076954,0.0465726592815199,0.0643954993308016,15.9732671210009,8.19877768530831,-0.383735483037013,-7.97809837654249,-16.0891958326286,-0.0139544413861598,7.53862712129541,-5.97701020934747,-2.81,0.133599840020984,-0.0563407893377471,17.9637622833252,18.7308018787448,0.169758675370878,1.11051152878498,176.608612060547,-25.0365111324621,-52.8769435338512,-176.608612060547,4.24839019775391,18.0648288726807,8.61999988555908,15.9840002059937,36.3300018310547,991.220044366245
3.475,-0.0198285663437812,-0.0753200569409482,0.485,0.28395755199473,0.308863511553751,-10.6794038120678,0.331816680516792,0.00812593851611424,0.0525629951771703,0.0145966373383999,-0.0162057541310787,-2.50469493865967,0.271926134824753,0.0256686247885227,0.0663286298513412,15.9904546533882,8.17204973423556,-0.405572470131535,-7.99452487260608,-16.0850354164987,-0.0270854329438768,7.53842431548788,-5.97712361841246,-2.81,0.133957045749209,-0.0573929579083147,17.9860860637392,18.7399841218004,0.169758400270878,1.11051146769845,176.623107910156,-25.4266615746572,-53.6584503123087,-176.623107910156,4.2487268447876,18.0841388702393,8.61999988555908,15.9840002059937,36.3300018310547,991.219484526536
3.5,-0.0204440113137853,-0.0898473290414382,0.485,0.161770545752101,0.0151694045550247,-10.4422700894123,0.254143032367493,-0.0176258832905606,0.0445132388464262,0.0261975970044876,-0.0168200680980176,-2.50335789037824,0.28320057426875,-0.0207377715402214,0.0439609120722395,15.9991867385432,8.18165818073753,-0.525954262747335,-7.97112309643643,-16.1136445408412,-0.0423197422544977,7.53823349540513,-5.97723043419292,-2.81,0.133200645255317,-0.0552433085908793,18.0090369166367,18.7335817942932,0.169758125170877,1.11051140661193,176.637573242188,-25.8168120154342,-54.4399570906873,-176.637573242188,4.24906396865845,18.1034488677979,8.61999988555908,15.9840002059937,36.3300018310547,991.218924686826
3.525,-0.0213964354543374,-0.0937508832748967,0.485,0.172750669780865,0.231066246039741,-10.4268702798959,0.184549053998605,-0.00217730980550461,0.0326422623341751,0.0343577097969921,-0.018215811598223,-2.50237327551175,0.206071378536786,-0.00808627092680624,0.034501228548472,16.0182549816094,8.21652400695532,-0.612729809505142,-7.94694281218441,-16.1652661712182,-0.038298638660801,7.53819579657811,-5.97725301877122,-2.81,0.132310581055982,-0.0521630910446501,18.011043548584,18.7421305662795,0.169757889370877,1.11051135425205,176.649993896484,-26.1512266787547,-55.1098200436396,-176.649993896484,4.24935293197632,18.1200008392334,8.61999988555908,15.9840002059937,36.3300018310547,991.218457452182
3.55,-0.0223238801508575,-0.10317384518087,0.485,0.212323888349131,-0.00446655730349457,-10.4564870174057,0.14432164846536,0.00484444465649437,0.0240892162416325,0.0341850634013865,-0.0172729116295017,-2.50216725084624,0.144639672681281,0.00324392151365642,0.0290629406457584,16.0314084611373,8.20977019389456,-0.677183236809739,-7.95779388777367,-16.1717117264857,-0.119236302179901,7.53815809775108,-5.97727560334953,-2.81,0.128881626164685,-0.0525732377272296,18.011043548584,18.7427656732911,0.169757889370877,1.11051135425205,176.649993896484,-26.1512266787547,-55.1098200436396,-176.649993896484,4.24935293197632,18.1200008392334,8.47000026702881,15.9949998855591,36.3300018310547,991.218545847926
3.575,-0.0218451550855218,-0.101731544599948,0.485,0.24975367219334,0.00891605728145164,-10.3360361619772,0.00349168626154324,-0.0673245094704305,0.0185391660622012,0.0367397822456821,-0.0184240829540608,-2.50166779820277,-0.0105079439669627,-0.0390462035763321,0.0167749185941528,16.0194336937904,8.27315069986311,-0.72068911440648,-7.90114729057238,-16.2217099159247,-0.121120057324595,7.53812039892405,-5.97729818792783,-2.81,0.12776477171959,-0.0488880979929373,18.0353073909365,18.7229547290691,0.169757889370877,1.11051135425205,176.649993896484,-26.1512266787547,-55.1098200436396,-176.649993896484,4.24935293197632,18.1200008392334,8.47000026702881,15.9949998855591,36.3300018310547,991.218634243669
3.6,-0.0242699317951309,-0.10255600009738,0.485,0.166769357527303,0.0370702822254109,-10.1477833716932,-0.00731887317622928,-0.128721900928024,0.0139077644380268,0.0384792792218022,-0.0230234172739855,-2.50137153875751,0.0526722556001608,-0.158155814753257,0.0166816854188392,16.0186262583336,8.30187414238677,-0.826854670227599,-7.87766562542046,-16.2519088046755,-0.137966026472431,7.53808270009703,-5.97732077250614,-2.81,0.122305344486539,-0.0471388437964587,18.0637707444654,18.717698074875,0.169757889370877,1.11051135425205,176.649993896484,-26.1512266787547,-55.1098200436396,-176.649993896484,4.24935293197632,18.1200008392334,8.47000026702881,15.9949998855591,36.3300018310547,991.218722639413
3.625,-0.0294681152786136,-0.105230681507577,0.485,0.0790555908123625,-0.0520897140980044,-9.69857742126152,-0.111306112414682,-0.12604947955966,0.016261226854251,0.0356636669530631,-0.0249982741385815,-2.50138038228228,-0.133072045119711,-0.116928786459429,0.0109545871574941,16.0143754215809,8.30466668561452,-0.910964244487828,-7.8741613944687,-16.2545206184398,-0.21379091608522,7.53810758849191,-5.97730789126096,-2.81,0.116188082392708,-0.0474949371547738,18.0696811676025,18.7055991149767,0.169757889370877,1.11051135425205,176.649993896484,-26.1512266787547,-55.1098200436396,-176.649993896484,4.24935293197632,18.1200008392334,8.47000026702881,15.9949998855591,36.3300018310547,991.218811035156
3.65,-0.0299388082259764,-0.10570137445494,0.485,-0.000418382453557367,-0.0361471700628702,-9.86665769682165,-0.123895139250109,-0.0708210293607209,0.0224532384110684,0.0311473472278727,-0.0271175116309893,-2.50097639834492,-0.162128555963542,-0.105266346496065,0.0216181715163427,16.0265385886832,8.32353166249316,-0.929921608910106,-7.86897965335379,-16.2794222504025,-0.235463538573927,7.53825550867947,-5.9772252925286,-2.81,0.112603664542076,-0.0472707851749726,18.0696811676025,18.7121991088229,0.169757613007018,1.11051129316553,176.657241821289,-26.5413771195316,-55.8949172053436,-176.657241821289,4.25108051300049,18.124828338623,8.39999961853027,16.0009994506836,36.3300018310547,991.225484913793
3.675,-0.0299388082259764,-0.10570137445494,0.484954893312883,0.0426422278187425,-0.312295592456738,-9.66682269399104,-0.222325795296181,-0.070157508954932,0.0287253598624518,0.0266310275026824,-0.0292367491233971,-2.50057241440756,-0.191185066807372,-0.0936039065327012,0.032281755875191,16.0250404958635,8.36386305491655,-0.966247010900559,-7.8404546778042,-16.3138507002078,-0.274421497272556,7.53840342886702,-5.97714269379623,-2.81,0.108173712218759,-0.0459259604640024,18.0862826491541,18.7025657977304,0.169757336643158,1.110511232079,176.664459228516,-26.9315275603086,-56.6800143672053,-176.664459228516,4.2528076171875,18.1296539306641,8.39999961853027,16.0009994506836,36.3300018310547,991.23215879243
3.7,-0.0337685061874101,-0.0929970263129657,0.484657990055142,0.0567125568831743,-0.0305898225345066,-9.38680061941107,-0.308470558628265,-0.114952956504633,0.0392334228212602,0.0252466268805886,-0.0298720159406157,-2.50044611409132,-0.200139354815755,-0.0915865160825429,0.0353270507273185,16.0152101190357,8.39678587726466,-0.938889920970976,-7.81160792144461,-16.3337619213258,-0.24796307843692,7.53855135113864,-5.97706009370457,-2.81,0.108918672050288,-0.0444256020645546,18.1089548217207,18.6936538864765,0.169757060279299,1.11051117099248,176.671722412109,-27.3216780010855,-57.4651115289093,-176.671722412109,4.25453472137451,18.1344833374023,8.39999961853027,16.0009994506836,36.3300018310547,991.238832671067
3.725,-0.0349118182533931,-0.0892581641840799,0.484253332458596,-0.00924018594156804,-0.0440023855652315,-9.56396669465286,-0.291116093259232,-0.128529323729142,0.0485993919679163,0.0165752006248684,-0.0333145383226649,-2.49956279863703,-0.258002691283579,-0.137192970107365,0.0460462201918297,16.0094745349429,8.3931497086084,-0.93353307708688,-7.80119163863361,-16.330744507041,-0.26060273440162,7.53871403681651,-5.97696786447217,-2.81,0.104509436503101,-0.0461346906562995,18.1163883209229,18.6818848972407,0.169756783915439,1.11051110990596,176.678955078125,-27.7118284432807,-58.2502086906922,-176.678955078125,4.25626230239868,18.139310836792,8.39999961853027,16.0009994506836,36.3300018310547,991.245506549704
3.75,-0.0382361502647815,-0.0783869248864049,0.483848676781415,-0.0581613142419895,0.0953983798669863,-10.3639573147474,-0.272125679797065,-0.0730140701573018,0.0680896586799391,0.00612885557092769,-0.0365903495520635,-2.49784609463829,-0.275980674292711,-0.100014140202013,0.0631647244610715,16.0342992984904,8.39810039684675,-0.912467473778522,-7.79791479188625,-16.3577804438428,-0.273833908246314,7.53887672249437,-5.97687563523976,-2.81,0.0999594999711095,-0.0476566454685685,18.1163883209229,18.6925786622878,0.169756744434888,1.11051110117931,176.679992675781,-27.7675642193189,-58.3623654280897,-176.679992675781,4.25650882720947,18.1399993896484,8.03999996185303,16.0440006256104,36.3279342651367,991.241560311153
3.775,-0.0401712921164193,-0.0706922694613332,0.483444010536554,-0.0656187478917631,0.245727895185312,-10.8124893282804,-0.189704694066301,-0.0405157256249046,0.0677284423384205,0.00264515019012537,-0.038838693533999,-2.49603875664879,-0.207764384952367,-0.027473164962093,0.068872937248398,16.060075458055,8.38337614896976,-0.858253132899657,-7.79937876848051,-16.3727953849902,-0.211848815632989,7.53903940817224,-5.97678340600735,-2.81,0.100770911717402,-0.0491498456125942,18.1210619625425,18.7108130984694,0.169756744434888,1.11051110117931,176.679992675781,-27.7675642193189,-58.3623654280897,-176.679992675781,4.25650882720947,18.1399993896484,8.03999996185303,16.0440006256104,36.3255157470703,991.235844053071
3.8,-0.0401594120121609,-0.0713485809869003,0.483039351964763,-0.0345858548703213,-0.139095620726427,-10.0483107534248,-0.195817434659105,-0.0617456080981288,0.077551802712604,-0.0051083102334354,-0.0397060335567545,-2.49427335300586,-0.180416978167411,-0.0640971978669991,0.0787161252727345,16.0736524922301,8.35671771337977,-0.892113357075902,-7.80479323843309,-16.3704150233589,-0.296000155843956,7.53919825958956,-5.97669300613407,-2.81,0.0950384693317619,-0.051949658194592,18.1286983591176,18.7026128570088,0.169756744434888,1.11051110117931,176.679992675781,-27.7675642193189,-58.3623654280897,-176.679992675781,4.25650882720947,18.1399993896484,8.03999996185303,16.0440006256104,36.3231048583984,991.230127794989
3.825,-0.0427208433668106,-0.0628283122139381,0.482634693429482,-0.0162523926674899,0.298374724752536,-9.44987133384332,-0.222508797730397,-0.117056926380693,0.0844700027768624,-0.00567309471688222,-0.0435253493368959,-2.4923544884702,-0.204464189266118,-0.096019517133231,0.0822613158343364,16.0676743190438,8.36038351808908,-0.857741382108047,-7.76637468934638,-16.3842369595764,-0.205168974523796,7.53933087905849,-5.97661512175202,-2.81,0.0961839396727548,-0.0521100875856597,18.1321201324463,18.6913980198685,0.169756744434888,1.11051110117931,176.679992675781,-27.7675642193189,-58.3623654280897,-176.679992675781,4.25650882720947,18.1399993896484,8.03999996185303,16.0440006256104,36.3206901550293,991.224411536907
3.85,-0.0465132796455191,-0.0637707596624238,0.482230034876828,-0.267133844531111,0.313912144198192,-9.66487847744715,-0.099350241679761,-0.105095909563975,0.0806391552500104,-0.00891446191751868,-0.0459792705040836,-2.49031010394967,-0.123021122128848,-0.0724261091679004,0.0822332816413786,16.0839866778708,8.30765362045231,-0.865422811721533,-7.78124838502399,-16.3668320793148,-0.199183414119331,7.53946349852743,-5.97653723736998,-2.81,0.0938542179112055,-0.0556419366221278,18.1321201324463,18.6948870755201,0.169756545828456,1.11051105814792,176.686889648438,-28.0423992583641,-58.9265685278247,-176.686889648438,4.25780248641968,18.1589641571045,7.73000001907349,16.0249996185303,36.3217239379883,991.224704084725
3.875,-0.0479607019253729,-0.061362474275166,0.4818253782332,-0.337766468631574,0.300816241579819,-9.48703995244363,-0.0828449697154062,0.0101518815151538,0.0873819417751236,-0.0145481067999463,-0.0463180527400508,-2.48822197673139,-0.0675389437721767,-0.0194409651067374,0.0879435701771355,16.1307635359719,8.28139440401316,-0.886949446735766,-7.8061548176001,-16.3879949479152,-0.259371162798255,7.53959611799636,-5.97645935298793,-2.81,0.0897559542487515,-0.0580208607160212,18.1396586623053,18.7189169741992,0.169756267779451,1.11051099790397,176.696548461914,-28.4271683127436,-59.7164528673747,-176.696548461914,4.25961446762085,18.1855163574219,7.73000001907349,16.0249996185303,36.3241386413574,991.227400154903
3.9,-0.0465036533391403,-0.0549152096052019,0.481420715830746,-0.121172238062572,0.403958068239196,-8.88232919484219,0.0268535781137123,0.0851605628274393,0.0847200404829479,-0.0135355375040977,-0.0453015699504536,-2.4867829754524,-0.0430621697090798,0.0640786332212366,0.0844560142668519,16.1636590633424,8.24396735800617,-0.813984699122966,-7.82704516424457,-16.3887073851135,-0.192555052520237,7.53976277136897,-5.97636173040803,-2.81,0.0942268731294529,-0.0599825738782844,18.1549870063519,18.745846105636,0.169755989730446,1.11051093766001,176.706207275391,-28.8119373685413,-60.5063372070036,-176.706207275391,4.26142597198486,18.2120685577393,7.73000001907349,16.0249996185303,36.3265533447266,991.230096225081
3.925,-0.0433457829897042,-0.0593314133063466,0.480485400388776,-0.17063248783532,0.177480876296074,-9.41313831632412,-0.0558093928963293,0.0736141222060659,0.0775688183115217,-0.0123523845379135,-0.0439760009249609,-2.48528178037754,-0.0534285221852697,0.103221620096434,0.0780877769386027,16.1732000496992,8.25870644049146,-0.806907615764242,-7.79948130015911,-16.4182527601573,-0.196976065139521,7.54010623792506,-5.9761615637993,-2.81,0.095435048396615,-0.0592443987327261,18.1636981964111,18.7394799414434,0.169755711681441,1.11051087741606,176.715866088867,-29.196706424339,-61.2962215465537,-176.715866088867,4.26323747634888,18.2386207580566,6.46000003814697,16.0990009307861,36.3289680480957,991.232792295259
3.95,-0.0430238802840783,-0.0596533160119725,0.476336706222865,-0.373443394832108,0.322309100989266,-10.0781348116203,-0.038224055958506,0.0948615001586941,0.0672658875530423,-0.0130584659085704,-0.0422920858106013,-2.48355712282057,-0.0939923339964434,0.0986403213290632,0.0722935626289911,16.1918998127059,8.24902438273951,-0.81274758122231,-7.79240214052756,-16.4349576073942,-0.234986735742831,7.54044970448115,-5.97596139719057,-2.81,0.0950318089036079,-0.0600838096479741,18.1636981964111,18.7381333311817,0.169755592517582,1.11051085159723,176.720001220703,-29.3616074480497,-61.6347434063946,-176.720001220703,4.26401376724243,18.25,6.46000003814697,16.0990009307861,36.3286209106445,991.23381305563
3.975,-0.0427098581395731,-0.0599673381564777,0.471540280904989,-0.325915050804534,0.173657124943548,-11.2435308868137,-0.018510416931506,0.237861816459838,0.0641436237635261,-0.0148571653205439,-0.04046739835472,-2.48215079402591,0.0182751972227977,0.0888828481396584,0.0713645468210963,16.2534368271792,8.20484523991595,-0.737766976738987,-7.84297630147926,-16.4464338350416,-0.201323277530754,7.54079317103725,-5.97576123058183,-2.81,0.098154404613584,-0.0626970086971376,18.1686230009367,18.7909696986523,0.169755592517582,1.11051085159723,176.720001220703,-29.3616074480497,-61.6347434063946,-176.720001220703,4.26401376724243,18.25,6.46000003814697,16.0990009307861,36.3262062072754,991.233577333648
4,-0.0421828150070432,-0.0604943812890076,0.467944383155642,-0.0604439185377778,0.357024538839437,-12.2978736539812,0.025397317646284,0.339043244467151,0.060982627344984,-0.0153993873353024,-0.0344287316146967,-2.48066826863331,-0.0874530352758045,0.258138181982402,0.0633546434481181,16.2972296425649,8.16399344659765,-0.66814434618749,-7.87485658734496,-16.4508223881627,-0.232328146813232,7.54101990189526,-5.97562700208345,-2.81,0.102293913104339,-0.0650600018251796,18.1818765189983,18.8155084568756,0.169755592517582,1.11051085159723,176.720001220703,-29.3616074480497,-61.6347434063946,-176.720001220703,4.26401376724243,18.25,6.46000003814697,16.0990009307861,36.3237953186035,991.233341611665
4.025,-0.0277852463390998,-0.0634816854391128,0.46578621315254,0.164342516674654,0.335791602903066,-13.0729395351286,0.142306379898345,0.29194533101736,0.0558006809892205,-0.0130120048913833,-0.0204452577251103,-2.47795378163945,0.0633631062001741,0.321979258683181,0.0593463048297618,16.3137939386142,8.10675295653741,-0.496229075826752,-7.86903393168762,-16.4350852140149,-0.268026968061556,7.5412144430546,-5.97551095592294,-2.81,0.114631789257021,-0.0681979723858331,18.1910018920898,18.7973422463626,0.169755592517582,1.11051085159723,176.720001220703,-29.3616074480497,-61.6347434063946,-176.720001220703,4.26401376724243,18.25,6.46000003814697,16.0990009307861,36.3213806152344,991.233105889682
4.05,-0.0249221537281635,-0.066344778050049,0.463628053297826,0.24833824350672,0.318090529848758,-12.685676849498,0.13473635932491,0.129732133139046,0.0502171092609106,-0.00916856944008246,-0.0187076559309475,-2.47710621823564,0.175550974427395,0.236274480143294,0.0603719058620239,16.2716635221568,8.13642036144455,-0.489856329329621,-7.80128736356075,-16.4402150725987,-0.259948336494579,7.54140898421394,-5.97539490976242,-2.81,0.117439924313932,-0.0663580702270875,18.1910018920898,18.7460277324843,0.169755472450966,1.11051082577839,176.724151611328,-29.5265084717604,-61.9758298257763,-176.724151611328,4.26408576965332,18.251033782959,6.51000022888184,16.0510005950928,36.3199996948242,991.236203950027
4.075,-0.0253918191871064,-0.0735613176392126,0.461469852472566,0.0697168322239047,0.0164133611621801,-12.0884965084235,0.160243424342483,0.00966728443439603,0.0362690552762015,-0.00244329354660039,-0.0170089356907609,-2.47573535990726,0.207391356122538,0.0605516468239818,0.0430574604969728,16.2645800484818,8.10362899193427,-0.508069593611096,-7.79037095760143,-16.4228663759961,-0.251161389307228,7.54160352537328,-5.9752788636019,-2.81,0.12019287473365,-0.067364292549243,18.1928139036467,18.7288328897263,0.169755192295529,1.11051076553444,176.733795166016,-29.91127752614,-62.7716981376142,-176.733795166016,4.26425457000732,18.2534484863281,6.51000022888184,16.0510005950928,36.3199996948242,991.243747053475
4.1,-0.0287054544932465,-0.0827887383634675,0.459311672035767,-0.221564676651186,0.211876230289087,-11.5712993990531,0.0391151655640567,0.0193963350266653,0.0249926775825504,-0.00426108061163597,-0.0156156634769818,-2.47478686232879,0.044766275625607,-0.0206505944739297,0.0319334904898638,16.2922230138482,8.12488206203502,-0.719888485479328,-7.78701862938055,-16.4645319536298,-0.500007100001616,7.54179806653262,-5.97516281744138,-2.81,0.108106121378518,-0.0666505442312321,18.2000225583185,18.7172528264746,0.169754912140092,1.11051070529049,176.743438720703,-30.2960465819377,-63.5675664495309,-176.743438720703,4.26442289352417,18.2558631896973,6.51000022888184,16.0510005950928,36.3199996948242,991.251290156923
4.125,-0.0285500400230233,-0.0786045756990496,0.457153476310048,-0.232389112092018,0.259679038122835,-11.5185685717151,0.0627112833816586,0.0787904324789595,0.0128144551760044,0.00172497374464372,-0.0150925260529467,-2.47444197456959,0.0480634427620362,0.0593373122233452,0.0144020205671775,16.2972565864759,8.1395146982803,-0.704834074833688,-7.77258863132021,-16.4844812015943,-0.444756477812496,7.54203332990815,-5.97502295822865,-2.81,0.11195155800713,-0.065001712731172,18.2058525085449,18.7238013048535,0.169754631984655,1.11051064504654,176.75309753418,-30.6808156377354,-64.3634347613688,-176.75309753418,4.26459121704102,18.2582759857178,6.51000022888184,16.0510005950928,36.3199996948242,991.258833260372
4.15,-0.0280674164601045,-0.0847522371851357,0.454995311351193,-0.0508294635355563,0.219724377505242,-11.4829108750048,-0.01957624435761,0.0817909123444948,0.00803010449369455,0.00140845532723311,-0.0143917131993766,-2.47441204320961,0.0786858751975243,0.00981121088644423,0.00698430983304969,16.2996493584547,8.16129573371075,-0.751557132556157,-7.76090102828039,-16.503427770099,-0.505413149330738,7.54232983715522,-5.97484728555471,-2.81,0.109389879818262,-0.0639101403942503,18.2058525085449,18.7176655193062,0.169754431873629,1.11051060201514,176.759994506836,-30.9556506767805,-64.9319121269785,-176.759994506836,4.26471185684204,18.2600002288818,6.21999979019165,16.0699996948242,36.3199996948242,991.261922902074
4.175,-0.0280674164601045,-0.0847522371851357,0.453204010770282,-0.0192944436639582,0.475839855689194,-10.8617836990738,0.0152368565583573,-0.00921508536349748,-0.00126472867252871,0.00109193690982249,-0.0136909003458063,-2.47438211184963,0.109308307633014,-0.0397148904504585,-0.000433400901078375,16.2796681316611,8.15346332579111,-0.761954547296803,-7.74955540957816,-16.484857112218,-0.530104100929487,7.54262634440229,-5.97467161288076,-2.81,0.108890675552308,-0.0644598968678397,18.2080377533202,18.6952600232746,0.169754431873629,1.11051060201514,176.759994506836,-30.9556506767805,-64.9319121269785,-176.759994506836,4.26471185684204,18.2600002288818,6.21999979019165,16.0699996948242,36.3199996948242,991.253878889413
4.2,-0.0287196348546045,-0.0853314284532054,0.453,-0.208678204472683,0.215392103440707,-10.2466744027193,-0.000980367754610415,-0.0875432830610275,-0.00745678395164471,-0.00183882972897304,-0.0142517310737051,-2.47486237662743,-0.0347304972191068,-0.0919967359835699,-0.009543305427922,16.2609520040487,8.16996349813531,-0.809068073375321,-7.73502835839658,-16.48150510468,-0.59226730907768,7.54292285164936,-5.97449594020682,-2.81,0.104914467648717,-0.0640281202325234,18.2247002447315,18.6743506727075,0.169754431873629,1.11051060201514,176.759994506836,-30.9556506767805,-64.9319121269785,-176.759994506836,4.26471185684204,18.2600002288818,6.21999979019165,16.0699996948242,36.3199996948242,991.245834876751
4.225,-0.0306135845433742,-0.0806576266994394,0.453,-0.321025231110587,0.401425324605443,-9.81172859460332,0.00147846079772651,-0.0633013381473417,-0.0119349750838145,-0.000172292550023361,-0.0151796477961897,-2.47531156159561,-0.0355808901821147,-0.0345964472573457,-0.0130177093348927,16.2606820635496,8.19344300647584,-0.832087563139917,-7.72740616736522,-16.4978112351673,-0.586581246119206,7.54310729706263,-5.97438473013224,-2.81,0.104364904986123,-0.0624554197385421,18.2401790618896,18.678187220104,0.169754431873629,1.11051060201514,176.759994506836,-30.9556506767805,-64.9319121269785,-176.759994506836,4.26471185684204,18.2600002288818,6.21999979019165,16.0699996948242,36.3199996948242,991.237790864089
4.25,-0.030609094594822,-0.083478366219067,0.453,-0.330211700776893,0.190230385522954,-9.94532121778494,0.0699055670787489,0.0159278896593601,-0.0161042476614363,0.00179583221813232,-0.0161042256680929,-2.47574952304064,-0.0252992751830819,0.0288873876450512,-0.0161506228928508,16.273730550265,8.20087565267196,-0.840818588869478,-7.73961345824901,-16.5098765333523,-0.563918223644772,7.54328299655961,-5.97427855107026,-2.81,0.104653629768972,-0.0616467494813119,18.2401790618896,18.6978777469194,0.169754431873629,1.11051060201514,176.759994506836,-30.9556506767805,-64.9319121269785,-176.759994506836,4.26471185684204,18.2600002288818,5.90999984741211,16.076000213623,36.3199996948242,991.23125799771
4.275,-0.0296403986630751,-0.0873301672641172,0.453,-0.294183981809914,0.331133689389562,-10.4621031521321,0.00447174627731234,0.059078775160685,-0.0127218535381972,0.00315189797225841,-0.0162178077870206,-2.4761846962837,0.0719981898827704,0.0468034746727376,-0.0134873836220084,16.2553184593021,8.26044537779694,-0.900346021778339,-7.69540078199563,-16.5435474491164,-0.610576461323957,7.54345869605659,-5.97417237200829,-2.81,0.102214360844229,-0.0582710084797897,18.240151387627,18.6754381907065,0.169754431873629,1.11051060201514,176.759994506836,-30.9556506767805,-64.9319121269785,-176.759994506836,4.26471185684204,18.2600002288818,5.90999984741211,16.076000213623,36.3199996948242,991.233792009025
4.3,-0.0299359096749254,-0.0917081292010052,0.453,-0.326942028886952,0.330639148282026,-10.7273404168291,0.082703396190124,0.0685595643911799,-0.0172776194835828,0.00236576622140321,-0.0134929904365881,-2.47671904642982,-0.00818631139653148,0.0815342522519192,-0.0160367918368603,16.2483058750882,8.23589175394725,-0.855138921592818,-7.71259422816783,-16.5137708852504,-0.616344700206171,7.54363439555356,-5.97406619294632,-2.81,0.104614915970973,-0.0596526325133076,18.2376191925939,18.6721720856077,0.169754431873629,1.11051060201514,176.759994506836,-30.9556506767805,-64.9319121269785,-176.759994506836,4.26471185684204,18.2600002288818,5.90999984741211,16.076000213623,36.3199996948242,991.236326020339
4.325,-0.0264589274133465,-0.0918381209958716,0.453,-0.337941532702937,0.11157836337078,-10.9674808214067,0.0123365714334001,0.093753638386948,-0.0221823257506523,0.00790534541010857,-0.0130055639892817,-2.47706127166748,0.0706474706530571,0.0848275423049927,-0.0173766333609819,16.2351713008119,8.31737142163251,-0.907375620638326,-7.65445169694444,-16.570901331553,-0.630383477025238,7.5438069903344,-5.97396111862253,-2.81,0.10470777325461,-0.0544493655800309,18.2350869975609,18.655640894622,0.169754431873629,1.11051060201514,176.759994506836,-30.9556506767805,-64.9319121269785,-176.759994506836,4.26471185684204,18.2600002288818,5.44999980926514,16.1000003814697,36.3199996948242,991.238860031654
4.35,-0.0255014831357061,-0.10126404936467,0.453,-0.23912372912877,0.329354029282071,-11.0736403809539,-0.00968237139898439,0.126030215233268,-0.0314883907644635,0.00606691373564879,-0.00981651284434101,-2.47765721538499,-0.030782121101351,0.124513720358828,-0.0265955967197598,16.2501607489115,8.30981524253411,-0.928488702765129,-7.6803032844561,-16.5674243030766,-0.718497336306686,7.54397944500199,-5.97385609415466,-2.81,0.10298422432057,-0.0550353453744973,18.2349624633789,18.6648561584544,0.169754431873629,1.11051060201514,176.759994506836,-30.9556506767805,-64.9319121269785,-176.759994506836,4.26471185684204,18.2600002288818,5.44999980926514,16.1000003814697,36.3199996948242,991.241394042969
4.375,-0.0216682969749987,-0.0964691277142894,0.453,-0.197260573688944,0.0589310219876327,-11.3938747089434,-0.0864332185824853,0.108327574448338,-0.0370377877212571,0.00468974187970161,-0.00742758996784687,-2.47810363769531,-0.106763176620007,0.154242694377899,-0.033501535654068,16.2155413301117,8.38641506787535,-0.908790518305648,-7.61261679931345,-16.6008651896347,-0.748985278756149,7.54415189966957,-5.97375106968679,-2.81,0.103843683384927,-0.0511889012169106,18.2349624633789,18.6255462629704,0.169754150875619,1.11051054303505,176.774475097656,-31.3323476536912,-65.7301740277789,-176.774475097656,4.2668604850769,18.2648277282715,5.44999980926514,16.1000003814697,36.3199996948242,991.241747625943
4.4,-0.0204322608440425,-0.0949323421880058,0.453,-0.195690074437563,0.309897894906595,-11.2488378337946,-0.134739565653094,0.0485757240523772,-0.0402480162238984,0.00397654413695299,-0.00597222280281627,-2.47905286852277,5.78850697211843e-05,0.0898666752162089,-0.0370823859634585,16.2043599552485,8.37993765816269,-0.884790304949731,-7.62302394352876,-16.5803338454807,-0.754669547868882,7.54432435433716,-5.97364604521892,-2.81,0.104979762518212,-0.0515406739265892,18.2315590805337,18.6218866860599,0.16975386987761,1.11051048405496,176.788970947266,-31.7090446306019,-66.5284359285003,-176.788970947266,4.26900863647461,18.2696552276611,4.55999994277954,16.1569995880127,36.3199996948242,991.242101208917
4.425,-0.0205955450438486,-0.0944056533894435,0.453,-0.211382440674422,0.244680912723992,-10.6765440277663,-0.102046835256065,-0.012855123278161,-0.0475007599884521,-0.000936319354197768,-0.00476481583993161,-2.48088966986257,-0.150747175507314,0.0102222549307824,-0.0439869649302687,16.1806021268638,8.39434008627203,-0.853686246484617,-7.6277898713987,-16.5591995179903,-0.784438576610901,7.54447070103149,-5.97355572830367,-2.81,0.104386046131416,-0.051315422741374,18.2277381047014,18.6106486829389,0.1697535888796,1.11051042507487,176.803451538086,-32.0857416075125,-67.3266978293007,-176.803451538086,4.27115726470947,18.2744827270508,4.55999994277954,16.1569995880127,36.3199996948242,991.242454791891
4.45,-0.0210762856402761,-0.0892077536676668,0.453,-0.296604389894026,0.0506991945337373,-10.356951483807,-0.166675679851635,-0.0419804752666768,-0.0484298890008289,-0.00773713178871731,-0.00536036956403815,-2.48227187882364,-0.226481234689261,-0.0277976518018947,-0.0475206041957863,16.1460975977316,8.46925849433208,-0.895486082524524,-7.5822009491696,-16.5822891640614,-0.874423952752516,7.54461684361809,-5.9734655263696,-2.81,0.0987692355188054,-0.0482102705457096,18.2270908355713,18.5772498004017,0.169753307881591,1.11051036609478,176.817932128906,-32.4624385844232,-68.1249597300222,-176.817932128906,4.27330589294434,18.2793121337891,4.55999994277954,16.1569995880127,36.3199996948242,991.242808374865
4.475,-0.0215654225414039,-0.0839190707871779,0.453,-0.358835825723131,0.373453689125661,-9.60456790076708,-0.163330209862728,-0.0587826295217211,-0.0534690548225282,-0.00862754089226409,-0.00739160629923464,-2.48375079782159,-0.160908112601114,-0.052316245272219,-0.0507007793140215,16.1032481788236,8.54657064864115,-0.867497789646228,-7.52718339320642,-16.6065230763863,-0.822146978665688,7.54476298620468,-5.97337532443552,-2.81,0.0996903790122078,-0.0440490697883772,18.2270908355713,18.552060759201,0.169753025439171,1.11051030711468,176.832427978516,-32.8391355613339,-68.9273249260403,-176.832427978516,4.27480459213257,18.2841377258301,4.55999994277954,16.1569995880127,36.3199996948242,991.243932263605
4.5,-0.0242658193502683,-0.0859854669235335,0.453,-0.444905268016845,0.125648160010795,-8.87177575996425,-0.182992821791718,-0.0971269222169682,-0.0540015339873692,-0.0147708713170497,-0.00925052479003485,-2.4849207764604,-0.124128385289866,-0.107261637408792,-0.0541271811906162,16.0763024694709,8.5687872093564,-0.884570692354655,-7.51718753955108,-16.5952535599985,-0.862282676096208,7.54490096259925,-5.97328992388655,-2.81,0.0954989689177413,-0.0436344531532356,18.223958478366,18.5333813511547,0.169752742756016,1.11051024813459,176.846893310547,-33.2158325396627,-69.7303740046078,-176.846893310547,4.27619457244873,18.2889671325684,4.55999994277954,16.1569995880127,36.3199996948242,991.245184536638
4.525,-0.0261737907703583,-0.0777712126943411,0.453,-0.448205854064684,0.264435344870766,-8.70366478004262,-0.229564035869606,-0.10685807879713,-0.0582389963253741,-0.0204698199653397,-0.0117938357661552,-2.48653705451432,-0.293394926293861,-0.0989319805948165,-0.0584504144467765,16.0418330041859,8.62638293906508,-0.82715860429101,-7.48609394820694,-16.6052522974118,-0.81429333790435,7.54499285828701,-5.97323161689827,-2.81,0.0954450197299674,-0.0411529407718123,18.219893078589,18.5190787950253,0.169752460072861,1.1105101891545,176.861389160156,-33.5925295165734,-70.5334230831753,-176.861389160156,4.27758502960205,18.2937927246094,4.55999994277954,16.1569995880127,36.3199996948242,991.246436809671
4.55,-0.0268157959178711,-0.0784132178418539,0.453,-0.481720668768789,0.180954618880644,-8.80267900818561,-0.23762308454229,-0.0486677905216503,-0.0612892052101052,-0.0209355069937189,-0.0135788991017441,-2.48757544034109,-0.180680072291235,-0.0885572574156825,-0.0588614267909367,16.0313806612844,8.66597405367714,-0.849311629221574,-7.47294787533597,-16.6228779226662,-0.812762000949803,7.54508475397477,-5.97317330990998,-2.81,0.0937630311514642,-0.0389428299584592,18.2187156677246,18.5188140014109,0.169752177389706,1.11051013017441,176.875854492188,-33.969226493484,-71.3364721617428,-176.875854492188,4.27897548675537,18.298620223999,4.8899998664856,16.1079998016357,36.3199996948242,991.247689082705
4.575,-0.027441597939007,-0.0790390198629898,0.453,-0.503144469137706,0.0750656855472921,-9.63606351710824,-0.324711405416014,0.0243926396659702,-0.0643439919013755,-0.03094379217851,-0.0132755112111132,-2.48969029566457,-0.326477095232891,0.0206016331505902,-0.0593201087455251,16.0428386852838,8.68784595245019,-0.831868028077425,-7.51066214645314,-16.623663415231,-0.887194212461783,7.54517664966254,-5.9731150029217,-2.81,0.0895244852703137,-0.0388142146377544,18.2187156677246,18.5421046657104,0.16975209662309,1.11051011332295,176.880004882812,-34.076854201578,-71.5659147556193,-176.880004882812,4.27937269210815,18.2999992370605,4.8899998664856,16.1079998016357,36.3182754516602,991.244500521956
4.6,-0.0242943609097913,-0.061871881921407,0.453,-0.336308502726109,0.148734361404483,-9.89744619830581,-0.332972362960106,0.036722719417709,-0.0666508310456864,-0.0405868833679414,-0.0127869044896116,-2.49166872077248,-0.234675883209328,0.0321606525213876,-0.0635166571155812,15.986774427099,8.76424419628644,-0.700577230241248,-7.45535190815621,-16.6304862955258,-0.851113899839943,7.5452685453503,-5.97305669593341,-2.81,0.0919523893459418,-0.0357823322262429,18.2111773452961,18.5050440262601,0.16975209662309,1.11051011332295,176.880004882812,-34.076854201578,-71.5659147556193,-176.880004882812,4.27937269210815,18.2999992370605,4.8899998664856,16.1079998016357,36.3158645629883,991.239535627694
4.625,-0.0238194064322419,-0.0543885131017293,0.453,-0.22796771727976,0.129484483904995,-9.82373006055699,-0.368725195406486,-0.0186328532047596,-0.0656374724531724,-0.0529906047688304,-0.0117973541330062,-2.4933871864706,-0.405232785701081,0.00751163576625644,-0.0653834978597407,15.9608111950137,8.77758125620487,-0.58655869681812,-7.45912315284425,-16.6058853332445,-0.862282962143516,7.54537305642646,-5.97299072358961,-2.81,0.0919794501004308,-0.0364388231777589,18.1995847990405,18.4928893343794,0.16975209662309,1.11051011332295,176.880004882812,-34.076854201578,-71.5659147556193,-176.880004882812,4.27937269210815,18.2999992370605,4.8899998664856,16.1079998016357,36.3134498596191,991.234570733432
4.65,-0.0224128158463538,-0.0473013940648314,0.453,-0.278407711808435,0.309694536207393,-9.58492085078226,-0.312053342613227,-0.0577987402012034,-0.0650143646636397,-0.0575625181745997,-0.0131525947239919,-2.49451439446965,-0.30313186635799,-0.0359400042372771,-0.0652308628726437,15.936519830624,8.79509594684979,-0.546239945518003,-7.45039638289961,-16.5954211839795,-0.841632086035688,7.54550239816954,-5.9729096636493,-2.81,0.0916939803636242,-0.035914667399616,18.1948337554932,18.4821320062471,0.16975209662309,1.11051011332295,176.880004882812,-34.076854201578,-71.5659147556193,-176.880004882812,4.27937269210815,18.2999992370605,4.67000007629395,16.1529998779297,36.31103515625,991.22960583917
4.675,-0.0257803877650383,-0.0420173521538628,0.453010878591951,-0.35538137471731,0.138146373075704,-9.21759957607832,-0.255030800383434,-0.0556571712990593,-0.0629040381922076,-0.0621344315803691,-0.0145078353149777,-2.49564160246869,-0.201030947014894,-0.0793916442408123,-0.0650782278855468,15.9221835255385,8.81263450653672,-0.508931581051146,-7.44961177834622,-16.5910116106207,-0.824065900941765,7.54563173991263,-5.972828603709,-2.81,0.0911938391367129,-0.0353570882580566,18.1948337554932,18.4809922024213,0.169751935089858,1.11051008034225,176.902069091797,-34.2874970018668,-72.024799943451,-176.902069091797,4.28043174743652,18.3013782501221,4.67000007629395,16.1529998779297,36.310001373291,991.224859829607
4.7,-0.0268636726631094,-0.0402386661924658,0.453260082481862,-0.418599299484773,0.102175111442791,-9.41635093546787,-0.232941909268204,-0.0326510378741549,-0.0587055053833812,-0.0685079993679013,-0.0150234426347931,-2.49710737565309,-0.33187352193543,-0.0386709535614132,-0.0632130092510337,15.8728036560464,8.85285251538427,-0.446370459015227,-7.41221280854472,-16.5806107275329,-0.812766468361419,7.54573424811644,-5.97276429608454,-2.81,0.0914141046149018,-0.0337913245788686,18.182315699934,18.4460165846985,0.169751652406703,1.11051002262602,176.940673828125,-34.6561219013086,-72.8278490220185,-176.940673828125,4.28228569030762,18.3037910461426,4.67000007629395,16.1529998779297,36.310001373291,991.220277983567
4.725,-0.0265757840410697,-0.0291639297818621,0.453799634936781,-0.281936891931705,0.117569018110208,-9.59418567902268,-0.193585055215148,-0.0112249526746115,-0.0580153846017128,-0.0721325575484203,-0.0163914291990063,-2.49870456439346,-0.190939548635591,-0.0277753665213538,-0.0562464572523479,15.8671242167452,8.85836808808677,-0.377317396061354,-7.43057635869193,-16.570934632062,-0.754549473925499,7.54571701852851,-5.97277474137608,-2.81,0.0930413554581473,-0.0336525605236935,18.1586991621265,18.4617234638119,0.169751369723548,1.11050996490978,176.979309082031,-35.0247468007504,-73.630898100586,-176.979309082031,4.28413915634155,18.3062057495117,4.67000007629395,16.1529998779297,36.310001373291,991.215696137527
4.75,-0.0265641578190107,-0.0254007517310927,0.454339182236664,-0.238479873827943,-0.0767462897818138,-9.4010128137848,-0.178744084178895,-0.0151611615788412,-0.0483775820918289,-0.0797259339628199,-0.0171444107956675,-2.50066796117716,-0.119554599366214,-0.0338036557614765,-0.0504669514501849,15.8502265350755,8.85532847468193,-0.291840755584592,-7.45225184047766,-16.5430058282485,-0.724289518756102,7.54569978894058,-5.97278518666762,-2.81,0.0936514853326594,-0.0343826549583167,18.1461811065674,18.4666809606286,0.169751087040393,1.11050990719355,177.017929077148,-35.393371698774,-74.4339471792324,-177.017929077148,4.28599262237549,18.3086204528809,5.19999980926514,16.1000003814697,36.310001373291,991.211114291487
4.775,-0.0275528642694996,-0.017708384778443,0.454878728261016,-0.228049080383959,0.178737101039925,-8.58521236253432,-0.177847765063965,-0.0568299375432579,-0.0408126923037149,-0.0880360099721375,-0.0182069926107414,-2.50233945195488,-0.178297283505576,-0.0687180946463961,-0.0451913132240404,15.8085383435139,8.86014317258222,-0.199838709730743,-7.44422085293324,-16.5093700346124,-0.690097138023416,7.54568255935265,-5.97279563195916,-2.81,0.0943353513239867,-0.034815416661501,18.1461811065674,18.444798524151,0.169750925507162,1.11050987421285,177.039993286133,-35.6040144990628,-74.8928323669853,-177.039993286133,4.28705215454102,18.3099994659424,5.19999980926514,16.1000003814697,36.310001373291,991.20609046673
4.8,-0.028201956626311,-0.0149444278477747,0.455418274285369,-0.27589878078721,0.229769013119895,-7.61902554783756,-0.0586332084485584,-0.128949856541173,-0.0356168898126522,-0.0856771673783408,-0.0210793291810066,-2.50290298993672,-0.112445476143288,-0.100881397471731,-0.0362410107129404,15.7560551841908,8.86474475152646,-0.13080252899559,-7.40380950836831,-16.484170735143,-0.556600141055753,7.54566532976471,-5.9728060772507,-2.81,0.0990900111437379,-0.0342643707108003,18.1395787459153,18.413402614168,0.169750925507162,1.11050987421285,177.039993286133,-35.6040144990628,-74.8928323669853,-177.039993286133,4.28705215454102,18.3099994659424,5.19999980926514,16.1000003814697,36.310001373291,991.200477337015
4.825,-0.0306972051459606,-0.0187021420568357,0.455957820309721,-0.18116824934652,0.250704320979322,-3.05312750865577,0.138648318708713,-0.265901364575662,-0.0235582225253415,-0.0849193895799699,-0.026469514258228,-2.50336512960034,-0.000734258885850735,-0.21186142478361,-0.0336136439330496,15.7144260749663,8.82222191095098,-0.0944352219353228,-7.40224559303795,-16.4258589198926,-0.426172789984481,7.545600090852,-5.97284735416446,-2.81,0.100823634372528,-0.036403435541482,18.1234689859244,18.3952758487021,0.169750925507162,1.11050987421285,177.039993286133,-35.6040144990628,-74.8928323669853,-177.039993286133,4.28705215454102,18.3099994659424,5.19999980926514,16.1000003814697,36.310001373291,991.194864207301
4.85,-0.0355600134043139,-0.019699291120081,0.456497366322262,-0.509899673278745,0.418448105535789,-1.20741422232131,0.19603830466572,-0.33333294221507,-0.0184968301872493,-0.0842535558090215,-0.0319525610725804,-2.50382508210959,0.112262267782035,-0.325930210744157,-0.0312498766091992,15.693037843203,8.81297660895969,-0.100364329992881,-7.3997432313822,-16.403607825986,-0.339877710172091,7.54528540191252,-5.97304882806128,-2.81,0.100093143549387,-0.0367138847938817,18.1129932403564,18.3916270619511,0.169750925507162,1.11050987421285,177.039993286133,-35.6040144990628,-74.8928323669853,-177.039993286133,4.28705215454102,18.3099994659424,4.86999988555908,16.1259994506836,36.310001373291,991.189251077586
4.875,-0.0421345712636441,-0.0225084099729464,0.457036905915745,-0.89534240850487,0.0712816061270013,-1.85490757891349,0.420151255549222,-0.162736933678828,-0.0268859334092102,-0.0718583734524214,-0.0416282878032229,-2.50452540633604,0.39928326569782,-0.22975779636511,-0.0304795335142084,15.7223444930546,8.75905467698522,-0.0297612912914736,-7.45386611370189,-16.3815111437931,-0.00367857976596176,7.54497071297304,-5.9732503019581,-2.81,0.108533484556119,-0.0379420618695743,18.1129932403564,18.4708537923551,0.169750844981281,1.11050985796323,177.051712036133,-35.7077983589197,-75.1215910783123,-177.051712036133,4.28705215454102,18.3024139404297,4.86999988555908,16.1259994506836,36.310001373291,991.186369797279
4.9,-0.0465456198984269,-0.0434535047111371,0.457576453258713,-0.848963924946326,-0.177220644801115,-3.22334379096615,0.20814978812132,0.120453956900918,-0.00468427586288384,-0.0684234488874959,-0.0433865785965824,-2.50470866009916,0.462731086005381,-0.189103770413479,-0.0295886281919513,15.7641298645874,8.79731311368865,0.00272322207348345,-7.46299611106652,-16.4376667142982,0.0855444893221949,7.54467059425251,-5.97344144808183,-2.81,0.111493100344085,-0.0353447133915677,18.1085560290187,18.5233433334727,0.169750563140699,1.11050980108957,177.092758178711,-36.0710418733822,-75.9222465679962,-177.092758178711,4.28705215454102,18.2758617401123,4.86999988555908,16.1259994506836,36.310001373291,991.19031814049
4.925,-0.0465456198984269,-0.0434535047111371,0.45811599666507,-0.503089771329976,0.576121547933829,-4.90338863225036,0.30481888204384,0.256129890304966,0.00203088859786685,-0.0620907445912481,-0.0379110688923045,-2.50509294281022,0.432253239229748,0.000162276759335112,-0.0191142571376246,15.7963700568233,8.77364947754257,0.0167148005488098,-7.50461523535437,-16.437097340493,0.0713631549814393,7.5443760305352,-5.97362865666606,-2.81,0.116090647490561,-0.0358437257261433,18.0932350917583,18.5542062252507,0.169750281300116,1.11050974421591,177.1337890625,-36.4342853864266,-76.7229020576013,-177.1337890625,4.28705215454102,18.2493095397949,4.86999988555908,16.1259994506836,36.310001373291,991.194266483702
4.95,-0.0452757974312103,-0.0434555259674454,0.458655550416876,-0.326761868461458,-0.181500273524955,-7.22139514346523,0.290960883891572,0.26464132602365,-0.0137577940194256,-0.0557580402950005,-0.0324355591880268,-2.50547722552128,0.401775392454116,0.189428323932143,-0.00863988608329819,15.8024450864073,8.77592982588434,0.0126119433318417,-7.5115044776419,-16.4411180060456,0.0362391021648375,7.54408146681788,-5.97381586525029,-2.81,0.119867624449555,-0.0349680822948388,18.0814304351807,18.5562970245792,0.169749999459534,1.11050968734225,177.174835205078,-36.7975289008892,-77.5235575472852,-177.174835205078,4.28705215454102,18.2227592468262,5.3899998664856,16.1009998321533,36.310001373291,991.198214826913
4.975,-0.0296525733520334,-0.0549484735138772,0.459195087461888,-0.222584667280845,0.334188737463601,-8.67567639658764,0.160254581774177,0.277874285337052,-0.0179546777115175,-0.0480489789492548,-0.0260158928812904,-2.5058164601571,0.205792852150775,0.279232496719798,-0.00988005896092879,15.7839197550788,8.79637969063121,0.322323328835608,-7.47124847803131,-16.4528602086165,0.310077345294619,7.54378690310057,-5.97400307383452,-2.81,0.141419878340351,-0.0328980519125866,18.0814304351807,18.5739768759529,0.169749757881892,1.1105096385934,177.210006713867,-37.1088804832961,-78.2098336812662,-177.210006713867,4.28705215454102,18.2000007629395,5.3899998664856,16.1009998321533,36.310001373291,991.200435243804
5,-0.0179145966429429,-0.0682524775307398,0.459734637334676,-0.0942292222386488,0.188885130671661,-10.2764811059626,0.163092882600095,0.3312209266817,-0.0245038644298137,-0.0429619282831993,-0.0139979612897174,-2.50699323815555,0.153550459703606,0.312801542796534,-0.0223679545141132,15.7850461197795,8.78164340969739,0.506826086982355,-7.49479991192309,-16.439196854175,0.350136731883223,7.54358232710007,-5.97413354778005,-2.81,0.155608636974676,-0.0329352817764954,18.0768335226044,18.5918518318649,0.169749757881892,1.1105096385934,177.210006713867,-37.1088804832961,-78.2098336812662,-177.210006713867,4.28705215454102,18.2000007629395,5.3899998664856,16.1009998321533,36.310001373291,991.192288102775
5.025,-0.0107816873381987,-0.0658939775470995,0.460274183359029,0.0849510948476114,0.330683827819645,-11.5261841913307,0.113033533155592,0.352128920470254,-0.033220867456075,-0.0401994456511444,-0.0104900984831577,-2.50726070862798,0.132770797892895,0.338822620809566,-0.0231187454447788,15.7729626987516,8.82980951515287,0.582477943799222,-7.45945534442397,-16.4709916189245,0.392593911019179,7.54342787201439,-5.97423242194624,-2.81,0.161652070870011,-0.0299766483383547,18.049696909654,18.5883045543248,0.169749757881892,1.1105096385934,177.210006713867,-37.1088804832961,-78.2098336812662,-177.210006713867,4.28705215454102,18.2000007629395,5.3899998664856,16.1009998321533,36.310001373291,991.184140961746
5.05,-0.00585059129146282,-0.0702116546516734,0.460813240771736,0.255171730141408,0.169593787140981,-13.0069543678196,0.10528394593091,0.309525218572862,-0.0476787562861757,-0.034897981591893,0.00105580993938215,-2.50857701973977,0.0530304634070594,0.343211414750614,-0.0369419133698384,15.7639122183889,8.82727215971629,0.606616028076993,-7.47848833860038,-16.4554718080994,0.281611360845999,7.54327341692871,-5.97433129611244,-2.81,0.167402760719109,-0.029313264533497,18.0255260467529,18.5759439458242,0.169749757881892,1.1105096385934,177.210006713867,-37.1088804832961,-78.2098336812662,-177.210006713867,4.28705215454102,18.2000007629395,5.51000022888184,16.1040000915527,36.310001373291,991.175993820717
5.075,0.00339107593138234,-0.0730494360523851,0.461613148535456,0.467155914909724,0.0805106255427352,-14.3545293600033,-0.0255493692824066,0.230083201033615,-0.0608954420952311,-0.0341567420948229,0.00986167891682171,-2.51031867113476,0.0411636708591487,0.242628470399008,-0.0550423092976458,15.717230427543,8.89496831759639,0.633214518259155,-7.43087392840408,-16.4713255943414,0.174069339689959,7.54311896184302,-5.97443017027864,-2.81,0.170891127443968,-0.0254341201994114,18.0255260467529,18.5286250554368,0.169749757881892,1.1105096385934,177.210006713867,-37.1088804832961,-78.2098336812662,-177.210006713867,4.28705215454102,18.2000007629395,5.51000022888184,16.1040000915527,36.310001373291,991.167846679688
5.1,0.00620530686739341,-0.0745940101678197,0.465707967374882,0.766715492029406,-0.0405010580753852,-14.6581179338586,-0.121126619601389,0.108668844479132,-0.070783387960028,-0.0389640254376953,0.0144592264536178,-2.51217298055619,-0.182686418025693,0.135604312278651,-0.0645170462463871,15.6769027578696,8.92278952720611,0.650307801651047,-7.41137880400394,-16.4581320926995,0.0755348014004907,7.54296450675734,-5.97452904444484,-2.81,0.170377591347981,-0.0243979729283102,18.0251303149155,18.4895816020693,0.169749477305169,1.11050958171974,177.214828491211,-37.4721239963404,-79.0068987876247,-177.214828491211,4.28738880157471,18.1734485626221,5.51000022888184,16.1040000915527,36.3075866699219,991.170277562635
5.125,0.00633279873903237,-0.0656142183891448,0.471373200630583,0.978605674270528,-0.0594291592656492,-14.3369025014224,-0.22776280893266,-0.0473424273069584,-0.0684879591634296,-0.0411480129999021,0.0123840898221686,-2.51381787966159,-0.139471839924008,-0.0315494709861138,-0.0678784880619178,15.613080800307,9.01229516086538,0.574477525837674,-7.3345758434332,-16.4779756004318,0.00989341527337306,7.54280926707675,-5.97462871100336,-2.81,0.165357978056273,-0.0196711913337561,18.0170837675545,18.428474773556,0.169749196728446,1.11050952484608,177.219650268555,-37.835367510803,-79.8039638939044,-177.219650268555,4.28772592544556,18.1468963623047,5.65999984741211,16.1119995117188,36.3051719665527,991.172708445582
5.15,0.00491982511444203,-0.0670271920137352,0.477038433763423,0.752766952224056,0.230149234058812,-12.8410018772251,-0.30066444597126,-0.204678524652032,-0.063104311173715,-0.0455651029110919,0.00872011782015034,-2.51494850710742,-0.178393538167126,-0.1535541277905,-0.0673545760416278,15.5736467944544,9.02109501688023,0.538047637766241,-7.31594855687855,-16.452505483813,-0.00922283671663005,7.54265237585535,-5.97473004551593,-2.81,0.160858451314318,-0.0196297807748209,18.0090372201935,18.3958188872361,0.169748916151723,1.11050946797242,177.224487304688,-38.1986110252655,-80.601029000263,-177.224487304688,4.28806304931641,18.1203460693359,5.65999984741211,16.1119995117188,36.3027572631836,991.175139328529
5.175,-0.00419216529958708,-0.057915201599706,0.482703626724491,0.583234430612134,0.0774112229266055,-10.9548478176716,-0.250902553862546,-0.382732897988021,-0.0622728348059004,-0.0499821928222819,0.00505614581813197,-2.51607913455324,-0.217315236410246,-0.27555878459489,-0.0668306640213377,15.5301712625095,8.99888757773661,0.533837502680955,-7.31190226641368,-16.4008304454017,0.0050503947554601,7.54249548463395,-5.97483138002849,-2.81,0.158104011612283,-0.0212595114940254,18.0089492797852,18.3651598899248,0.169748635574999,1.11050941109876,177.229293823242,-38.5618545383099,-81.3980941066215,-177.229293823242,4.28840017318726,18.0937938690186,5.65999984741211,16.1119995117188,36.3003463745117,991.177570211476
5.2,-0.007207714461021,-0.0548772579855128,0.487553152181677,0.365772837064774,0.228750443513038,-9.43863219945716,-0.26427838411275,-0.423827930526976,-0.0554138071575771,-0.0596692489119963,-0.00233105666838328,-2.51758333032045,-0.2962932335764,-0.40313228952242,-0.0664719989079521,15.5103710835408,9.05440646181469,0.341804790905366,-7.2947389515779,-16.414355425427,-0.162596543820105,7.54234124282585,-5.97492862577534,-2.81,0.141698575686285,-0.019210231233442,18.0089492797852,18.3338300870344,0.16974859549261,1.11050940297395,177.229995727539,-38.6137464689474,-81.5119605503532,-177.229995727539,4.28844833374023,18.0900001525879,5.65999984741211,16.1119995117188,36.2999992370605,991.175795982624
5.225,-0.0167598228624886,-0.0438276547963802,0.489,0.26238691667882,0.3173215564829,-7.81971232182765,-0.165837403978673,-0.375042006306216,-0.0551986766292275,-0.0636158969582256,-0.0142220766486143,-2.51875242278828,-0.245253926537001,-0.418460844482161,-0.0602369338181251,15.5109382077342,9.07461036564866,0.261225399896335,-7.3081458431647,-16.4191310583157,-0.0955808920371004,7.54218830369081,-5.97502386114317,-2.81,0.133311832153025,-0.0182863743581604,18.0112456870648,18.3570114809837,0.16974859549261,1.11050940297395,177.229995727539,-38.6137464689474,-81.5119605503532,-177.229995727539,4.28844833374023,18.0900001525879,5.65999984741211,16.1119995117188,36.2999992370605,991.173320901805
5.25,-0.0275556401934031,-0.0415450189969207,0.489,0.24729622728756,0.363228342687549,-6.73609291162862,-0.163329383233446,-0.388022785559318,-0.0461220422498456,-0.0691100108692971,-0.0308522707197832,-2.52058087343541,-0.0673738202092258,-0.381763806721418,-0.0533673719188984,15.4909698064188,9.11194839224589,0.181038472591523,-7.30743169300697,-16.4204475801028,0.0294498900029451,7.54203536455577,-5.975119096511,-2.81,0.123459237914036,-0.0164445073644812,18.01371770196,18.3759090850389,0.16974859549261,1.11050940297395,177.229995727539,-38.6137464689474,-81.5119605503532,-177.229995727539,4.28844833374023,18.0900001525879,7.59000015258789,16.011999130249,36.2999992370605,991.170845820986
5.275,-0.0325855921826442,-0.0383964248971896,0.489,0.176556788627579,0.872904969428879,-6.54623752027317,0.076443928121257,-0.377577938184942,-0.046497628390521,-0.069503372665309,-0.0407722567563818,-2.52157117254616,0.0884990330326684,-0.3930030815432,-0.0495949019624116,15.4915706057409,9.04288292420637,0.20686422317584,-7.36151906547571,-16.3575411782154,0.21016153790547,7.54188242542072,-5.97521433187883,-2.81,0.122927686849059,-0.0199597658630485,18.0140419006348,18.4126440919836,0.16974859549261,1.11050940297395,177.229995727539,-38.6137464689474,-81.5119605503532,-177.229995727539,4.28844833374023,18.0900001525879,7.59000015258789,16.011999130249,36.2999992370605,991.168370740167
5.3,-0.0433829261337293,-0.041566212362606,0.489,0.0650767129208369,0.495201547347696,-5.41916423262739,0.234909919995957,-0.347005964730256,-0.0505072200397163,-0.0675759721693922,-0.0464692778011067,-2.5225142659245,0.164588789289177,-0.364122333462083,-0.0555267311148614,15.4922943175272,9.02429226823111,0.160694712406256,-7.38949817874481,-16.3339117804815,0.271108036971469,7.54172948628568,-5.97530956724666,-2.81,0.120389218340119,-0.020535736912815,18.0140419006348,18.431913252088,0.16974839628434,1.11050936265082,177.228271484375,-38.8712841987255,-82.0778733564223,-177.228271484375,4.28892993927002,18.0641384124756,7.59000015258789,16.011999130249,36.2999992370605,991.16500117861
5.325,-0.047781638996343,-0.0472332232095776,0.489,0.0839449596508048,0.681807118526773,-4.40202451185678,0.299223980415896,-0.318201332140684,-0.0662968603778992,-0.0595784635764542,-0.0576118685990199,-2.52426691782759,0.298361741969103,-0.354092154695897,-0.0674052914358881,15.4945487270891,9.07617345420251,0.0538437798380873,-7.3902619876463,-16.3609231450126,0.40630724393794,7.54157654715064,-5.97540480261449,-2.81,0.116653412987731,-0.0164193214599044,18.0186835473665,18.4706097776154,0.169748117392763,1.11050930619845,177.225860595703,-39.2318370178621,-82.8701512848559,-177.225860595703,4.28960418701172,18.0279312133789,7.59000015258789,16.011999130249,36.2999992370605,991.161273824758
5.35,-0.0516128060414081,-0.0510643902546427,0.489,-0.16330278040818,0.348517783688866,-4.66942772315242,0.321873027091574,-0.220164347309193,-0.0849821946452569,-0.0546127296324076,-0.0609601874064804,-2.5254942798895,0.30381135565673,-0.292625824712912,-0.0830444349947107,15.5192947112139,9.07088191597798,0.00512429864773745,-7.43273901681758,-16.3607933458678,0.456360742451155,7.5414236080156,-5.97550003798232,-2.81,0.115717312015027,-0.0158894791738938,18.0244228808254,18.5134809235213,0.169747838501185,1.11050924974608,177.223449707031,-39.592389839835,-83.6624292133684,-177.223449707031,4.29027795791626,17.9917259216309,9.13000011444092,15.9799995422363,36.2999992370605,991.157546470905
5.375,-0.0525647874879491,-0.0568298268540356,0.489,-0.228809248531214,0.333158613638165,-5.91496471574213,0.198954100355708,-0.014769695268656,-0.0968087254012453,-0.0456661547735538,-0.0647818748818382,-2.52872977879649,0.222354971005855,-0.060324878526505,-0.0977815207530942,15.5649724400729,9.13622516769048,-0.0819609031635937,-7.48430128605666,-16.4155752825597,0.509722833277587,7.54127066888056,-5.97559527335015,-2.81,0.114339259364791,-0.0107547976230326,18.0258655548096,18.5952024687949,0.169747559609607,1.1105091932937,177.221038818359,-39.9529426603898,-84.4547071418809,-177.221038818359,4.29095220565796,17.9555187225342,9.13000011444092,15.9799995422363,36.2999992370605,991.153819117053
5.4,-0.0503167011514652,-0.0675741811683698,0.489,-0.0741956330872322,0.463831121391271,-6.64357030270079,0.193801104287274,0.180771277490093,-0.108640527486943,-0.0410344499137361,-0.0620669200582884,-2.53156704706045,0.160319490691284,0.0822075028755448,-0.10654867129955,15.6083519118742,9.16177342031277,-0.0879634877766695,-7.54987948297259,-16.4411213049801,0.50530111098117,7.54111772974552,-5.97569050871798,-2.81,0.116291173973651,-0.00839151453291918,18.0258655548096,18.6615824645738,0.169747280477295,1.11050913660059,177.214477539062,-40.3150330191048,-85.2476689529429,-177.214477539062,4.29013395309448,17.967586517334,9.13000011444092,15.9799995422363,36.2999992370605,991.154587318157
5.425,-0.0503167011514652,-0.0675741811683698,0.489,0.0316289408580424,0.277907698366728,-8.44514547866054,0.13149710486596,0.265577763108526,-0.119263463026144,-0.0383910975062919,-0.0570601532159257,-2.53400812315665,0.11617614457486,0.171964193688917,-0.113395674256929,15.624344971087,9.19379529137624,-0.083367658474175,-7.58467719463241,-16.4595899627228,0.455574268368154,7.54109322207008,-5.97570658912869,-2.81,0.11840955857212,-0.00601053500645242,18.0466088059726,18.691300559141,0.16974700116443,1.11050907972693,177.204818725586,-40.6782765335674,-86.0411436758972,-177.204818725586,4.28819561004639,18.0158615112305,9.13000011444092,15.9799995422363,36.2999992370605,991.15872718548
5.45,-0.0421202559001833,-0.0707377701073705,0.489,0.23673625610235,0.354857498400772,-10.0051845577756,0.0716549281087051,0.260527209906736,-0.132831576314563,-0.0357477450988479,-0.0520533863735633,-2.53644919925284,0.0720327984584387,0.261720884502286,-0.120242677214308,15.618610065032,9.22498081844252,-0.0714170955941495,-7.6017260797691,-16.4648195437755,0.412104191631289,7.54108168049429,-5.97571467826478,-2.81,0.121057569933104,-0.00367596827294682,18.0767359088523,18.7004786881433,0.169746721851566,1.11050902285327,177.195159912109,-41.0415200480299,-86.8346183987726,-177.195159912109,4.28625774383545,18.0641384124756,9.60000038146973,15.96399974823,36.2999992370605,991.162867052802
5.475,-0.0328368232390108,-0.0777747836738228,0.489,0.288673380958598,0.382685322520711,-10.5920696670787,0.0985700363609817,0.257407191895517,-0.14543688812973,-0.0304368029805984,-0.042326068652727,-2.54179749693672,0.091832285303872,0.266901539777192,-0.141702169299813,15.5620384910652,9.364063064215,0.253849541948446,-7.54761353419916,-16.5096097650262,0.627275061565824,7.54107013891851,-5.97572276740087,-2.81,0.142564677121385,0.00518972642375819,18.0879306793213,18.7202032605154,0.169746442538702,1.11050896597961,177.185501098633,-41.4047635610743,-87.6280931217269,-177.185501098633,4.28431987762451,18.1124134063721,9.60000038146973,15.96399974823,36.2999992370605,991.167006920124
5.5,-0.0274329905931256,-0.0828469816309411,0.489,0.339480265778831,0.181765562773066,-11.3985347565294,0.0372511864925122,0.27966922278873,-0.151176593412772,-0.0310109894719569,-0.0357712931542756,-2.54533174739813,0.0746236372630269,0.25618097309456,-0.14279950333884,15.5479551033177,9.44326449278918,0.275935244055349,-7.55214597420174,-16.5428168733794,0.539067261710562,7.54106511797256,-5.97572663132719,-2.81,0.144425863050876,0.0098545469859586,18.0879306793213,18.7265765365715,0.169746282931351,1.11050893348038,177.179992675781,-41.6123312836244,-88.0815072491631,-177.179992675781,4.28321266174316,18.1399993896484,9.60000038146973,15.96399974823,36.2999992370605,991.171696103852
5.525,-0.0245865024617349,-0.0812713231867661,0.489,0.452674631550048,0.168581794022958,-12.3618722319363,0.0120048525664035,0.285771753898286,-0.159763155873254,-0.0302291535479123,-0.034073405589194,-2.5462702465455,0.0646728695119273,0.269707976515056,-0.145427495389836,15.5279769721604,9.49341724797161,0.349644012777301,-7.52026528009262,-16.5668653000699,0.591502387207865,7.54111058303301,-5.97569778154751,-2.81,0.14908278792179,0.0127727156597782,18.1023276098843,18.7239977244692,0.169746282931351,1.11050893348038,177.179992675781,-41.6123312836244,-88.0815072491631,-177.179992675781,4.28321266174316,18.1399993896484,9.60000038146973,15.96399974823,36.2999992370605,991.177117709456
5.55,-0.0207214342188588,-0.0812619022945183,0.489,0.581781742749713,-0.0312967151931217,-13.1968921628338,-0.0516118469267305,0.234508456841287,-0.161123448767119,-0.0299097855104612,-0.0234632626120981,-2.5526038378443,-0.00456660570084867,0.242100547934809,-0.153793062060757,15.5116328570308,9.53769164135796,0.343633707834053,-7.59155790389814,-16.5495145697489,0.422156321208415,7.54115604809346,-5.97566893176783,-2.81,0.150440657532107,0.0161035276660933,18.1276606703943,18.7417202415728,0.169746282931351,1.11050893348038,177.179992675781,-41.6123312836244,-88.0815072491631,-177.179992675781,4.28321266174316,18.1399993896484,9.19999980926514,16.003999710083,36.2999992370605,991.182539315059
5.575,-0.0160111207631016,-0.0803270396897058,0.489,0.646536448420714,0.105408270639461,-13.3544083421836,-0.123638919143738,0.144206075084627,-0.154602150315011,-0.0330339688518446,-0.0171379235553975,-2.55727311022131,-0.136115887031587,0.166879729743006,-0.154837357821827,15.4343687633644,9.63903234191303,0.39791110753106,-7.54904476320088,-16.5584638323209,0.343824865840133,7.54120151315391,-5.97564008198815,-2.81,0.153191437954897,0.0218607746957194,18.1401195526123,18.6991524539493,0.169746282931351,1.11050893348038,177.179992675781,-41.6123312836244,-88.0815072491631,-177.179992675781,4.28321266174316,18.1399993896484,9.19999980926514,16.003999710083,36.2999992370605,991.187960920663
5.6,-0.0135051178796438,-0.0752364011072314,0.489,0.639872224163369,0.0300495046750066,-12.7747357724141,-0.122981805710629,0.04064021676379,-0.152211999911555,-0.0368261994898924,-0.0159737228987258,-2.56093947671276,-0.0803178942571947,0.0309230614488443,-0.145300163719985,15.3765638251223,9.73529930908676,0.395715681036541,-7.50941360082405,-16.5801143492574,0.282620139219802,7.54124697821436,-5.97561123220847,-2.81,0.151625582723955,0.0271435370882053,18.1401195526123,18.6692841199235,0.169746202525838,1.11050891711039,177.171722412109,-41.7168839139795,-88.3099240192549,-177.171722412109,4.28363418579102,18.1413803100586,9.19999980926514,16.003999710083,36.2999992370605,991.191109492861
5.625,-0.0173094700722534,-0.0726896545373106,0.489,0.423956716841861,-0.0347321620502067,-11.898896914893,-0.17308288059897,-0.0275726938259919,-0.146458977642336,-0.0391881869344018,-0.0163698231987065,-2.56470143496166,-0.183591903196699,-7.19741779690716e-05,-0.151055418541782,15.3302855573392,9.78434572001512,0.38019755476796,-7.50697886489352,-16.5674267949393,0.24751633352371,7.54137911871732,-5.97552816054173,-2.81,0.149662955508084,0.0301071408308977,18.1437578833704,18.6544847372963,0.169745921106542,1.11050885981545,177.142761230469,-42.0828181209317,-89.1093827144181,-177.142761230469,4.28510856628418,18.1462059020996,8.9399995803833,16.0230007171631,36.2999992370605,991.188575481546
5.65,-0.0192008513427906,-0.0707982732667734,0.489,0.347694621734725,-0.109756133658837,-11.3189037436782,-0.236491219054046,-0.0602791106176323,-0.142129583593243,-0.0463323255251412,-0.0178126433886056,-2.56822429574953,-0.238358392492399,-0.0339244717562451,-0.144146245386485,15.3142907086746,9.82119551712792,0.346085951849802,-7.53416842588792,-16.5623877605663,0.163629399904864,7.5416542731528,-5.97535562310392,-2.81,0.143953139260419,0.0317597935162866,18.1518775727452,18.6603363137043,0.169745639687246,1.1105088025205,177.113784790039,-42.4487523264657,-89.9088414096603,-177.113784790039,4.28658294677734,18.1510353088379,8.9399995803833,16.0230007171631,36.2999992370605,991.186041470232
5.675,-0.0192008513427906,-0.0707982732667734,0.489,0.404961338304118,-0.0821343911335335,-11.2243922950982,-0.266458903929393,-0.0781984974251776,-0.136983243940011,-0.0534764641158807,-0.0192554635785047,-2.57174715653739,-0.293124881788099,-0.0677769693345212,-0.137237072231188,15.3017883811049,9.84974642176608,0.319225485077768,-7.56927851270209,-16.5518155790928,0.0869538750281205,7.54192942758829,-5.9751830856661,-2.81,0.138603105297618,0.032993348902043,18.1568470001221,18.6709962795172,0.16974535826795,1.11050874522555,177.084823608398,-42.8146865334179,-90.7083001049024,-177.084823608398,4.28805732727051,18.1558609008789,8.9399995803833,16.0230007171631,36.2999992370605,991.183507458917
5.7,-0.0230658687645767,-0.0504517626525544,0.489,0.336485429690919,-0.156051077758838,-11.1917748787658,-0.324537958811021,-0.0939373361216911,-0.12673614049691,-0.0555403171859426,-0.019790801941261,-2.57277881767657,-0.304944600157159,-0.0779867306641658,-0.134927133814334,15.223200807356,9.99080824187301,0.346585551774529,-7.44368388228069,-16.6212268638408,0.0927442347154584,7.54212449260422,-5.97506069920055,-2.81,0.139455479710596,0.0406154042476785,18.1568470001221,18.6102453166549,0.169745117051411,1.1105086961156,177.059997558594,-43.1283444259016,-91.3935504150987,-177.059997558594,4.28932094573975,18.1599998474121,8.9399995803833,16.0230007171631,36.2996559143066,991.180539887527
5.725,-0.0267017980616815,-0.0439750839528781,0.489,0.309115203714662,-0.108414751665634,-10.9761888514488,-0.332273699848714,-0.103538167434815,-0.118408049828729,-0.0627122572242396,-0.0232126876125568,-2.57610217185058,-0.315345286208614,-0.0933170803752726,-0.124595068651423,15.2126324894094,9.99075065814108,0.33602802195818,-7.49255256669337,-16.589453337835,0.0624082499080694,7.54229024956948,-5.97495666506224,-2.81,0.134565044037535,0.0403268208470634,18.1566172076157,18.6269902904407,0.169745117051411,1.1105086961156,177.059997558594,-43.1283444259016,-91.3935504150987,-177.059997558594,4.28932094573975,18.1599998474121,8.9399995803833,16.0230007171631,36.2972412109375,991.174970955684
5.75,-0.0281482670923739,-0.0339590998069193,0.489,0.311484538682499,-0.213464210332831,-10.6576638038401,-0.391500185534713,-0.113072547174663,-0.106493830070688,-0.0752590636158473,-0.0264333577818144,-2.57998581795497,-0.421511226197744,-0.0849272130245632,-0.114257729023246,15.1845585513071,10.0406033181406,0.322463098690842,-7.5125545537779,-16.5846019651692,-0.0318994320237974,7.54245600653474,-5.97485263092394,-2.81,0.126990396635406,0.0422978747034517,18.1559163404713,18.6262708740218,0.169745117051411,1.1105086961156,177.059997558594,-43.1283444259016,-91.3935504150987,-177.059997558594,4.28932094573975,18.1599998474121,8.84000015258789,16.0109996795654,36.2948265075684,991.169402023841
5.775,-0.0310371667415215,-0.0224720414607905,0.489,0.188755819694025,-0.170998099582542,-10.3469819020092,-0.433071147821675,-0.127328165608617,-0.0959781967134431,-0.0891049412590947,-0.0304364460175898,-2.58296402940524,-0.419579501123924,-0.127543854266808,-0.0937664941293206,15.1436998697368,10.093710983686,0.350667598354457,-7.50459243159054,-16.5834554080307,-0.0878299320088829,7.5426217635,-5.97474859678563,-2.81,0.120972399204027,0.0443012041276766,18.155403137207,18.6111129468111,0.169745117051411,1.1105086961156,177.059997558594,-43.1283444259016,-91.3935504150987,-177.059997558594,4.28932094573975,18.1599998474121,8.84000015258789,16.0109996795654,36.2924156188965,991.163833091999
5.8,-0.0357794745248034,-0.00737082149138659,0.489,0.0829531348584338,-0.0461980967954081,-9.64849886589685,-0.388820147594634,-0.132032279887671,-0.079669920233897,-0.0970583853566307,-0.0339686928505653,-2.58484730082881,-0.431900663437693,-0.110107573739042,-0.0840432922660168,15.1164676205635,10.0871656032988,0.452795713474518,-7.51293847349288,-16.5535225777475,-0.013151105441208,7.54266858986972,-5.97471880035748,-2.81,0.121867218819055,0.0435437522734696,18.155403137207,18.611951997195,0.169745117051411,1.1105086961156,177.059997558594,-43.1283444259016,-91.3935504150987,-177.059997558594,4.28932094573975,18.1599998474121,8.84000015258789,16.0109996795654,36.2900009155273,991.158264160156
5.825,-0.0376015096530394,0.00218825263482761,0.489,-0.0209470368738501,-0.0755244221317098,-8.97499147174511,-0.320200629671079,-0.121261672530146,-0.0588405100181235,-0.107224319456388,-0.0373513480022644,-2.58629938533618,-0.301022155617016,-0.135513825224556,-0.0591398351905487,15.1032798085966,10.0881576307708,0.481195183974045,-7.52906863491233,-16.5355165367178,-0.0367766207416411,7.54266860724901,-5.97471822258622,-2.81,0.117685165096146,0.0429568004712014,18.153361029587,18.6112463967296,0.169744834789542,1.11050863924194,177.038269042969,-43.4915879389459,-92.1954026992244,-177.038269042969,4.28852033615112,18.1937923431396,8.53999996185303,16.0300006866455,36.2900009155273,991.165276889143
5.85,-0.0415634885777189,0.0136869152319402,0.48899931187383,-0.0578657925910066,0.0368805301915772,-8.26257926695162,-0.1837600068098,-0.0865659368993834,-0.039939498317992,-0.109408594100128,-0.0399003756406511,-2.58715855337046,-0.225383390964428,-0.0699922590743066,-0.0461459247414898,15.0970231190076,10.0473985983922,0.58513484316615,-7.55114614178329,-16.4980392594021,0.0871835774121277,7.5426686246283,-5.97471764481495,-2.81,0.121640615472593,0.0407341949723887,18.1435266692063,18.6267875568496,0.169744552527674,1.11050858236828,177.016540527344,-43.8548314519903,-92.9972549833501,-177.016540527344,4.2877197265625,18.2275848388672,8.53999996185303,16.0300006866455,36.2900009155273,991.17228961813
5.875,-0.0421931879720394,0.0143166146262607,0.488449551499234,-0.0514522154504905,-0.104209367135756,-8.11211487026002,-0.0823131228950182,-0.0569712417187316,-0.0269575319589714,-0.112102895430024,-0.0415045693151158,-2.58783774077813,-0.117801784461496,-0.0346093034855102,-0.0305839994606338,15.1030897140889,10.0195883340476,0.60587585133687,-7.58155070076826,-16.4733394331853,0.108313127446881,7.54266864200759,-5.97471706704369,-2.81,0.121017107688493,0.0391228508500483,18.1351432800293,18.6408056109459,0.169744270265805,1.11050852549462,176.994827270508,-44.2180749664529,-93.7991072675547,-176.994827270508,4.28691959381104,18.2613792419434,8.53999996185303,16.0300006866455,36.2900009155273,991.179302347118
5.9,-0.0428311340879771,0.0162223679108472,0.487408997304943,-0.146247127639856,-0.15575815418672,-8.2085830604477,-0.0007375766635135,-0.0232585134250115,-0.0111595242844923,-0.11163888247199,-0.0413955425637086,-2.58802920032425,-0.0415115877223957,0.00712800352256705,-0.0157302780439247,15.107430435378,9.99546057394872,0.640127431653062,-7.59742061974551,-16.4563267444749,0.148187650126304,7.54266865938688,-5.97471648927243,-2.81,0.123053131404164,0.0378807048211167,18.1351432800293,18.6503976122608,0.169743988003936,1.11050846862096,176.973098754883,-44.5813184794973,-94.6009595516016,-176.973098754883,4.28611946105957,18.2951717376709,8.53999996185303,16.0300006866455,36.2900009155273,991.186315076105
5.925,-0.0428311340879771,0.0162223679108472,0.486368435645946,-0.187689945882795,-0.0991952271087747,-8.41777823549194,0.028941432246882,0.0273778209364605,0.00626085717147348,-0.11005067501792,-0.0406766990563757,-2.58804705429235,0.0236405057683649,0.0511271268795506,-0.00112864011655928,15.1148662838221,9.98389593873683,0.666822887579024,-7.60671993127699,-16.4525670335669,0.181283065533613,7.54264069706263,-5.9747332128228,-2.81,0.125350631270402,0.0373686195813257,18.1332597707248,18.661079909822,0.169743947680812,1.11050846049615,176.970001220703,-44.6332104101348,-94.7155098779616,-176.970001220703,4.2860050201416,18.2999992370605,8.53999996185303,16.0300006866455,36.2920684814453,991.188857506061
5.95,-0.0428311340879771,0.0162223679108472,0.485327878992864,-0.175481726976537,-0.017237934869252,-8.63675477438345,0.127047377874589,0.0716787801948255,0.0170005629350164,-0.108462467563851,-0.0399578555490427,-2.58806490826045,0.0887925992591232,0.0951262502365326,0.0134729978108057,15.1223884574135,9.9547235186687,0.711100230817047,-7.62374279816426,-16.4351068980349,0.233716764314763,7.54249428525068,-5.97482317991853,-2.81,0.12858030549639,0.0359119453493656,18.1117171330541,18.6734167863091,0.169743947680812,1.11050846049615,176.970001220703,-44.6332104101348,-94.7155098779616,-176.970001220703,4.2860050201416,18.2999992370605,7.38000011444092,16.0470008850098,36.2944831848145,991.19065488618
5.975,-0.038985896295039,0.00950579066377561,0.484287322294823,-0.159591038987416,-0.218704321045364,-8.56330640455514,0.186952653046733,0.125668257451957,0.0306899487342006,-0.107091366793515,-0.0376235896000352,-2.58775725647342,0.207159217047397,0.105446270489829,0.03330601686497,15.1375904928975,9.87533047077052,0.796961886605583,-7.66502390140147,-16.3846712353684,0.306436267643762,7.54234787343874,-5.97491314701425,-2.81,0.134189947521962,0.0316532155899782,18.090763092041,18.6906231775868,0.169743947680812,1.11050846049615,176.970001220703,-44.6332104101348,-94.7155098779616,-176.970001220703,4.2860050201416,18.2999992370605,7.38000011444092,16.0470008850098,36.2968978881836,991.192452266298
6,-0.0370885203788563,0.0104797542017264,0.48324676566378,-0.20657784524108,-0.359685221421568,-8.5519840056489,0.191383639502567,0.198912016712214,0.0502193645830349,-0.100972408640725,-0.0329711908017789,-2.58697002534665,0.135361025034891,0.203433434836745,0.0461812373874153,15.1571138331865,9.81889181152413,0.880615235044234,-7.6899727886553,-16.3596903337226,0.386095901589508,7.54220146162679,-5.97500311410997,-2.81,0.142458563354067,0.028945687211594,18.090763092041,18.7103150708987,0.169743947680812,1.11050846049615,176.970001220703,-44.6332104101348,-94.7155098779616,-176.970001220703,4.2860050201416,18.2999992370605,7.38000011444092,16.0470008850098,36.2993087768555,991.194249646417
6.025,-0.03167825545978,0.00669875847783194,0.482206216409993,-0.0980941525151788,-0.6339239424097,-10.04125059289,0.0672558440027702,0.315199032268372,0.0588013711646934,-0.099293053150177,-0.0283834338188171,-2.58623170852661,0.21443285048008,0.229463115334511,0.0591871961951256,15.1919529185995,9.80117136030042,0.888196803496072,-7.71703692275412,-16.3699938372889,0.343409342668256,7.54219065502899,-5.97501046325323,-2.81,0.144369560176369,0.027917041431465,18.090763092041,18.7308220881915,0.169743745463354,1.11050841896935,176.959655761719,-44.8984358335507,-95.2899712158592,-176.959655761719,4.28410911560059,18.2965507507324,7.38000011444092,16.0470008850098,36.2982749938965,991.191711425781
6.05,-0.0288508937141272,0.00858116338024054,0.481165662215702,0.152645698155251,-0.456549940601917,-11.6011965972675,-0.139975710670076,0.41719368130627,0.0597793879473556,-0.101404301262648,-0.0188511296854572,-2.58536888050947,0.0372982430397698,0.345790636891465,0.0658229764809022,15.2248589875869,9.81289772224519,0.868934636295578,-7.7286820020971,-16.4038658191139,0.158117046117767,7.54218655712615,-5.97501372510055,-2.81,0.14398193431989,0.0280224554141698,18.067758782789,18.7288574491701,0.169743462358913,1.11050836083183,176.945175170898,-45.269751424064,-96.0942170888685,-176.945175170898,4.28145503997803,18.2917251586914,7.03999996185303,16.0249996185303,36.2958641052246,991.187438964844
6.075,-0.0173896222344608,0.0152548581647551,0.480125110523489,0.365706415142936,-0.532671772983018,-13.1661545564269,-0.268121200758487,0.442776304657785,0.0631846708565326,-0.107862094533394,-0.00467383457435907,-2.58430946745209,-0.270953353827935,0.464078622829091,0.0705942443753489,15.2419294370026,9.77859701907696,1.007142581666,-7.73679868359846,-16.4040623510642,0.0198321895145542,7.54218245922331,-5.97501698694786,-2.81,0.150793094772469,0.0251430583083008,18.0439746664437,18.7141711595868,0.169743179254471,1.11050830269431,176.930694580078,-45.6410670174136,-96.8984629618778,-176.930694580078,4.27880096435547,18.2868957519531,7.03999996185303,16.0249996185303,36.2934494018555,991.183166503906
6.1,-0.00537404783237259,0.0295327685973207,0.479084558765661,0.411523720964854,-0.329248011003974,-14.085930240595,-0.446265278567533,0.418882450611664,0.0766027868362763,-0.117527170464107,0.00652045745075745,-2.58305463159018,-0.353015718085327,0.406564515349887,0.0836543927640947,15.2418159143683,9.76665895511268,1.16164773881868,-7.71300975383219,-16.4180148778678,-0.0909559754936324,7.54217836132047,-5.97502024879518,-2.81,0.156426217578055,0.0231891639521218,18.0417652130127,18.6860938041833,0.16974289615003,1.11050824455679,176.916198730469,-46.012382609345,-97.702708834966,-176.916198730469,4.27614688873291,18.2820682525635,6.71000003814697,16.0540008544922,36.2910346984863,991.178894042969
6.125,-0.000135625727126013,0.0424891871656871,0.478043999632831,0.458592106931487,-0.0191371158504566,-14.8008754937553,-0.45000176497905,0.398262816394983,0.0816436820237957,-0.12865287065506,0.0151412636041641,-2.58236503601074,-0.513204455375671,0.400824368000031,0.0835027918219566,15.2496121665147,9.66523413305316,1.32906544523325,-7.75028486472394,-16.3598153569014,-0.152849721253477,7.54224383236063,-5.97498158606702,-2.81,0.161401712931408,0.0164524027000124,18.0417652130127,18.67529528556,0.169742774819555,1.11050821964071,176.910003662109,-46.1715178628273,-98.047385637673,-176.910003662109,4.2750096321106,18.2800006866455,6.71000003814697,16.0540008544922,36.2900009155273,991.179066625135
6.15,0.00408581621525098,0.0580519194130268,0.477005247972187,0.645001730947854,0.0335388992898346,-15.1020000120321,-0.463568428456736,0.386230031279255,0.0847029858421297,-0.135291160279916,0.0222946033201146,-2.58128957836328,-0.460461310051938,0.382630972249561,0.0894175505470119,15.2440390642157,9.65532207104258,1.3906057618091,-7.72731062128868,-16.3633308959775,-0.26425030281953,7.5423141935569,-5.974939976367,-2.81,0.162831131952201,0.015018286731205,18.0022907358266,18.6429866010114,0.169742774819555,1.11050821964071,176.910003662109,-46.1715178628273,-98.047385637673,-176.910003662109,4.2750096321106,18.2800006866455,6.71000003814697,16.0540008544922,36.2900009155273,991.182572989628
6.175,0.0146482993406813,0.0724697877443715,0.477,0.758452888283168,0.234804910465243,-15.114610461834,-0.381144660749212,0.326716295510034,0.0901302030376225,-0.14820545126106,0.0362108853444567,-2.57919735675468,-0.35785350526122,0.34723709522182,0.100924266821128,15.2278038259745,9.63512317040536,1.41567523391867,-7.6805568551664,-16.3525366859827,-0.573876787580881,7.54238455475316,-5.97489836666697,-2.81,0.160580966229985,0.0122061592394351,17.9556853853423,18.5589215548074,0.169742774819555,1.11050821964071,176.910003662109,-46.1715178628273,-98.047385637673,-176.910003662109,4.2750096321106,18.2800006866455,6.71000003814697,16.0540008544922,36.2900009155273,991.186079354122
6.2,0.0180236100071596,0.0770771120059838,0.477,0.685813888202538,0.230461413367756,-15.1293494924883,-0.263413314852401,0.226033837254352,0.0921064795083479,-0.148946851491928,0.037009809166193,-2.57907724380493,-0.351962864398956,0.345205157995224,0.101584859192371,15.2200839055524,9.4770596050092,1.59603222116069,-7.74686655829403,-16.2433335849393,-0.391285415400469,7.542438176321,-5.97486794647333,-2.81,0.17001496127228,0.00358391206929393,17.9457530975342,18.5756401256601,0.169742774819555,1.11050821964071,176.910003662109,-46.1715178628273,-98.047385637673,-176.910003662109,4.2750096321106,18.2800006866455,6.71000003814697,16.0540008544922,36.2900009155273,991.189585718615
6.225,0.0185044613864071,0.0814668964829255,0.477,0.674621398850456,0.3802081165633,-14.9709825728313,-0.154824235662961,0.127058208149225,0.0879996531921524,-0.158205789904617,0.0456007683434786,-2.57623193891071,-0.156424537987177,0.150291167757649,0.0901463752257817,15.2095710338967,9.35825419797772,1.7116248385438,-7.74259018205687,-16.1759626010876,-0.477664587307877,7.54248790171444,-5.9748401306546,-2.81,0.173338146878766,-0.00426846266036289,17.9457530975342,18.5239385704298,0.169742655114042,1.11050819436353,176.902755737305,-46.3329594249682,-98.3874462332699,-176.902755737305,4.27414321899414,18.2531032562256,6.57000017166138,16.0900001525879,36.2889671325684,991.190635944235
6.25,0.0192556764328852,0.0955044701083103,0.477,0.670219789317618,0.436351364384104,-14.283944205981,-0.0134264238570773,0.0629722594696255,0.0772747398846372,-0.161635462854606,0.0470935620226115,-2.57527352113025,-0.0558027523627613,0.0759775056825105,0.086156558949626,15.2086821608994,9.25131405970084,1.71795435864756,-7.78106883643676,-16.0946450236651,-0.50947169275627,7.54253762710788,-5.97481231483588,-2.81,0.172272299640316,-0.0105203804550913,17.9146604613853,18.5071975079077,0.169742375801178,1.11050813538344,176.885864257812,-46.7096564004607,-99.1809209561453,-176.885864257812,4.27212047576904,18.1903457641602,6.57000017166138,16.0900001525879,36.2865524291992,991.188411318023
6.275,0.0195901429536825,0.0948371291724155,0.477,0.567344337251451,0.361572408555514,-13.6453918337581,0.0880369807090571,0.0302615249767376,0.064828515194774,-0.159004030157215,0.0485318534036307,-2.57288662601485,0.112221890762668,0.012821317339458,0.0673369303780886,15.2137445740024,9.15340811252338,1.62423313440914,-7.80448665148836,-16.0196816347787,-0.583802825774454,7.54258735250132,-5.97478449901715,-2.81,0.168902773758487,-0.0160582451268891,17.8718788642782,18.4767040570145,0.169742096488314,1.11050807640335,176.868957519531,-47.0863533787895,-99.9743956791785,-176.868957519531,4.27009868621826,18.1275863647461,6.57000017166138,16.0900001525879,36.2841377258301,991.18618669181
6.3,0.0186399436355382,0.0904066572327408,0.477,0.48463606817778,0.240915158488021,-13.1632927769133,0.163392170030754,0.0274931004476363,0.0505194686535977,-0.155381309231251,0.0496252658135667,-2.57168712027361,0.0984336170877249,0.0337018493165695,0.0507211131132876,15.2318138773447,9.06962730963393,1.55483146326162,-7.84978853687321,-15.9585778753853,-0.623222697367516,7.54258665561728,-5.97478555392285,-2.81,0.167102991507972,-0.0205235858556344,17.8576183319092,18.4765613184867,0.169741817175449,1.11050801742326,176.852066040039,-47.4630503557002,-100.767870402054,-176.852066040039,4.26807641983032,18.064826965332,6.57000017166138,16.0900001525879,36.2817230224609,991.183962065598
6.325,0.019749229213122,0.0886556397457157,0.477,0.448136655161698,0.10472861985978,-12.8971571760607,0.20824290433406,0.0358257640634273,0.0368438030404865,-0.149341309752882,0.0494572628892688,-2.57088070656828,0.253495704426899,0.0166828228493035,0.0385186140678909,15.2346501334558,9.06059338607099,1.44477605693532,-7.85142407393624,-15.9429911506119,-0.672657590410589,7.54256684350601,-5.9747975538014,-2.81,0.164241695780373,-0.0206492713221091,17.8576183319092,18.4636960689245,0.169741617666261,1.11050797529462,176.839996337891,-47.7321196245169,-101.334638061329,-176.839996337891,4.26663208007812,18.0200004577637,6.57000017166138,16.0900001525879,36.2799987792969,991.182638234106
6.35,0.0202346727312487,0.0881911226319081,0.477,0.473593776444059,0.0322366808202811,-12.5941488679755,0.192275870058425,0.0121947684255465,0.0264586915413628,-0.146867381301944,0.0506616125441689,-2.57053434821779,0.136186156113668,0.0214528021111044,0.0240967046656851,15.2331937514871,9.01977065803116,1.35546127534888,-7.87046010839394,-15.8976824998294,-0.750518940197345,7.54254703139474,-5.97480955367994,-2.81,0.160958357516597,-0.0227547425836256,17.8261838857312,18.4462911945,0.169741617666261,1.11050797529462,176.839996337891,-47.7321196245169,-101.334638061329,-176.839996337891,4.26663208007812,18.0200004577637,6.84999990463257,16.0419998168945,36.2799987792969,991.183566389413
6.375,0.0211789790681341,0.0891354289687935,0.477,0.471871921827683,0.139433064025027,-12.5531509255909,0.190170557398295,-0.00964939463123341,0.0148283568598929,-0.142456546954402,0.0502630145641761,-2.57019565194612,0.158008717188828,-0.0179079135461763,0.0142684420285816,15.2225863879578,9.0288233100027,1.2852220364257,-7.85576707913121,-15.892945300424,-0.774464757861624,7.54252721928347,-5.97482155355849,-2.81,0.15945500422975,-0.0219432925763715,17.7743595285188,18.4287831850265,0.169741617666261,1.11050797529462,176.839996337891,-47.7321196245169,-101.334638061329,-176.839996337891,4.26663208007812,18.0200004577637,6.84999990463257,16.0419998168945,36.2799987792969,991.18449454472
6.4,0.0199234692330687,0.0802498524795678,0.477,0.475709414124546,0.126177940547196,-12.3071768174733,0.223859970687342,-0.0163530963149234,0.00876051824137524,-0.137343586158312,0.0496065433173783,-2.56995066061151,0.217150494394706,-0.0376071147844015,0.0109340634423528,15.2181699973772,9.00589595539586,1.21447121597587,-7.86530669110287,-15.8649053549582,-0.784556623853381,7.54248941581055,-5.97484409564817,-2.81,0.158172341786821,-0.022761626550636,17.7508544921875,18.4205296735761,0.169741617666261,1.11050797529462,176.839996337891,-47.7321196245169,-101.334638061329,-176.839996337891,4.26663208007812,18.0200004577637,6.84999990463257,16.0419998168945,36.2799987792969,991.185422700027
6.425,0.0196065550558269,0.0767028822942579,0.477,0.287225822429229,0.314100235622476,-10.942107010728,0.322523691974418,-0.0254370154559649,0.00738025548937339,-0.131990610008378,0.0488619205082696,-2.56973770143247,0.289049496290453,-0.0505852113695058,0.00981955832980003,15.2132844501691,8.95906093755223,1.15729675835518,-7.88741771678693,-15.8188607242983,-0.774867458084586,7.54232131016677,-5.97494298954618,-2.81,0.157723928745999,-0.0248332066660668,17.7508544921875,18.4152471412042,0.169741578366261,1.11050796686889,176.84309387207,-47.7859334785639,-101.446281886756,-176.84309387207,4.2661566734314,18.017240524292,6.84999990463257,16.0419998168945,36.2799987792969,991.185763655038
6.45,0.0193129943429873,0.0688470308238369,0.477,0.108795514344144,0.144557573444027,-9.93799442434887,0.422626477251398,-0.020984278904287,0.00596647671795287,-0.119639129932875,0.0475609511754146,-2.56954607855911,0.429267179183714,-0.0543300526926315,0.00623853624443218,15.2112701530133,8.90354617317788,1.04528586460018,-7.92104657727657,-15.7621693467431,-0.748020901984102,7.54215320452299,-5.97504188344418,-2.81,0.157733510336625,-0.0266511210398542,17.7275423560914,18.4160302257398,0.16974130326626,1.1105079078888,176.864822387695,-48.1626304554746,-102.227788665213,-176.864822387695,4.26282835006714,17.9979305267334,6.76000022888184,16.0659999847412,36.2799987792969,991.18258140827
6.475,0.0190043168506643,0.055056945753075,0.477,-0.00933904699876686,0.17567072733191,-9.66153636247454,0.461203374812743,0.0355817492690245,0.00307229030409421,-0.112306840717793,0.0468336828052998,-2.56946468353271,0.509733080863953,-0.0537247247993946,0.00400374457240105,15.2086926569686,8.86347562043072,0.816292672679794,-7.94734530858412,-15.7026214711396,-0.894006496510716,7.5419850988792,-5.97514077734219,-2.81,0.149021731333072,-0.0281172664834788,17.679608413332,18.3906027151147,0.16974102816626,1.11050784890871,176.886535644531,-48.5393274323852,-103.009295443592,-176.886535644531,4.25950050354004,17.9786224365234,6.76000022888184,16.0659999847412,36.2799987792969,991.179399161503
6.5,0.0218876694873077,0.0427856804782675,0.477,0.0130281765419874,0.0290073479030334,-9.6844232352784,0.482953132884403,0.1026154155695,-0.00694737900799716,-0.0977895546325297,0.0493522110045435,-2.57003938448049,0.367776806838588,0.0713210368557659,-0.00911297405609114,15.2157409080769,8.86234785613146,0.742377737663244,-7.9662556708558,-15.6965255216729,-0.876905208223476,7.54181746427876,-5.97523913222176,-2.81,0.152742419183635,-0.0265373824968217,17.6521053314209,18.4049068702997,0.16974075306626,1.11050778992862,176.908264160156,-48.9160244107141,-103.790802221971,-176.908264160156,4.25617218017578,17.9593105316162,6.76000022888184,16.0659999847412,36.2799987792969,991.176216914736
6.525,0.023175747272431,0.0379820120989894,0.477,0.161523206799658,-0.0761340937938681,-10.2272038870338,0.386177048989113,0.129833872302581,-0.0134774858367427,-0.0890180639927074,0.0514032162610329,-2.57049214437291,0.349257072630429,0.117785046124097,-0.0149632788631472,15.2116128727384,8.90006706900104,0.666346751465192,-7.95123709514034,-15.7162355867636,-0.908925549302705,7.54165202130201,-5.97533497920981,-2.81,0.153454935150792,-0.0234481063012139,17.6521053314209,18.3991532926848,0.169740477966259,1.11050773094852,176.929992675781,-49.2927213876248,-104.572309000349,-176.929992675781,4.25284385681152,17.9400005340576,6.76000022888184,16.0659999847412,36.2799987792969,991.173034667969
6.55,0.027957657579493,0.0253334860201435,0.477,0.190937006372846,-0.069243712649184,-10.8489213533704,0.294496997596956,0.129270870865891,-0.0218769640788809,-0.0791926569368621,0.0551679995569353,-2.57136452056255,0.271422042962374,0.132369173269291,-0.020440900243576,15.1898344643364,8.92572862071253,0.571334565995929,-7.9330528332264,-15.7112780988793,-0.973929615406037,7.54148657832527,-5.97543082619786,-2.81,0.154112523444423,-0.0208125519019789,17.6362095891006,18.3744182649092,0.169740477966259,1.11050773094852,176.929992675781,-49.2927213876248,-104.572309000349,-176.929992675781,4.25284385681152,17.9400005340576,6.84000015258789,16.0960006713867,36.2799987792969,991.181594322468
6.575,0.0317950680769698,0.0201599564513059,0.477,0.198045508842981,-0.188039708110101,-11.5092632649836,0.192431324555743,0.147454460113413,-0.0301950109468178,-0.0681440783239022,0.0585086911779833,-2.57222975585009,0.226462509603327,0.146608490028306,-0.0243854213383174,15.1619270231085,8.93848295254007,0.46740838479182,-7.91652075029214,-15.6929770014949,-1.02866475872178,7.54132113534853,-5.97552667318591,-2.81,0.154864559276113,-0.0186556146607099,17.5927928600767,18.3452138686481,0.169740477966259,1.11050773094852,176.929992675781,-49.2927213876248,-104.572309000349,-176.929992675781,4.25284385681152,17.9400005340576,6.84000015258789,16.0960006713867,36.2799987792969,991.190153976967
6.6,0.0340363565011036,0.00788587616234969,0.477,0.188341994584411,-0.143521710461167,-11.7333702468785,0.075998035779101,0.17558417116578,-0.0304797837584338,-0.0674089049025214,0.0611802505652837,-2.57276593677313,0.166322721252819,0.152302449761956,-0.0255950020933205,15.1439871114728,8.93423036878457,0.364307960750057,-7.90851197726782,-15.6650741366031,-1.16379929771836,7.54115569237179,-5.97562252017396,-2.81,0.15029453637583,-0.0187660434759546,17.5626621246338,18.3108623631336,0.169740477966259,1.11050773094852,176.929992675781,-49.2927213876248,-104.572309000349,-176.929992675781,4.25284385681152,17.9400005340576,6.84000015258789,16.0960006713867,36.2799987792969,991.198713631465
6.625,0.0391057813700696,0.0132419482379886,0.477,0.40657320876652,-0.0401623389601382,-12.293828807501,0.00955323940454407,0.173464662779637,-0.0323696188603899,-0.0647330894746715,0.0667909464847096,-2.57402811832146,0.00240208299306011,0.184745294269572,-0.0303014907008328,15.1218567639511,8.97051485937785,0.398106814128481,-7.88609869497323,-15.6744412010438,-1.19185497246468,7.54099729400987,-5.9757136232638,-2.81,0.154636805257261,-0.0162943458214165,17.5626621246338,18.2942340810274,0.169740477966259,1.11050773094852,176.929992675781,-49.2927213876248,-104.572309000349,-176.929992675781,4.25284385681152,17.9400005340576,6.84000015258789,16.0960006713867,36.2799987792969,991.207273285964
6.65,0.0428853171364736,0.0141811898172095,0.477,0.509268449735232,-0.0458825571007665,-12.4016947621409,-0.0683126364866679,0.124371596545245,-0.0352943354517058,-0.0674828703446844,0.0692511510222179,-2.57504187070093,-0.00708093071500789,0.117395607728644,-0.0327454463855868,15.1018705601501,8.99045037055052,0.358089911366992,-7.86985930467305,-15.6657418091255,-1.29335562006406,7.54089839291262,-5.97576466043471,-2.81,0.151684480534984,-0.0154434386115473,17.5504766712138,18.2671103388313,0.16974024505508,1.11050767931085,176.973449707031,-49.6225234350462,-105.233965362787,-176.973449707031,4.25139951705933,17.9006900787354,7,16.0669994354248,36.2799987792969,991.199568123653
6.675,0.0428853171364736,0.0141811898172095,0.477,0.449863446925583,-0.0219806902204063,-12.3438899850576,-0.100305454142115,0.0595262207090994,-0.0397976463431141,-0.0702326512146972,0.0717113555597262,-2.5760556230804,-0.0165639444230759,0.0500459211877164,-0.0351894020703407,15.0783409275237,8.99879922259174,0.330722696384577,-7.85696482089434,-15.6462329370824,-1.38116934473794,7.54079949181536,-5.97581569760562,-2.81,0.149439716679018,-0.0152245965400664,17.5009224939726,18.2386861494117,0.16973997332537,1.1105076190669,177.024139404297,-50.0072924894257,-106.005897785552,-177.024139404297,4.24971437454224,17.8548278808594,7,16.0669994354248,36.2799987792969,991.18915215854
6.7,0.0441320230931302,0.0217315514101868,0.477,0.339018442904895,-0.16397897288889,-12.0823801417278,-0.153742831970865,0.0143632422681255,-0.0402630299567953,-0.0740159302949905,0.0733148455619812,-2.57722616195679,-0.218371212482452,0.0363259166479111,-0.0409665815532207,15.0207756563889,8.99969496531019,0.330900056668207,-7.82293817153852,-15.60354037361,-1.43487693169381,7.5407025545604,-5.97586583425343,-2.81,0.1482784387231,-0.0155327607144763,17.4605751037598,18.1830838102179,0.169739701595661,1.11050755882295,177.074829101562,-50.3920615452234,-106.777830208397,-177.074829101562,4.24802923202515,17.8089656829834,7,16.0669994354248,36.2799987792969,991.178736193427
6.725,0.0444529036800385,0.0287887983308675,0.477,0.28411152477855,0.0405676618808836,-11.7663495201165,-0.192217305668128,0.0170961575738171,-0.0356042963335661,-0.0753388134295742,0.0729848267593035,-2.57754496159935,-0.167449234136728,0.0142220981801514,-0.0387937514575549,14.9870511129275,9.05026490934338,0.253234013398767,-7.77055435653079,-15.616978572415,-1.52039097513365,7.54061674311529,-5.97591086914288,-2.81,0.143579759522864,-0.0128939014493144,17.4605751037598,18.1396041395266,0.169739429865952,1.110507498579,177.125518798828,-50.776830599603,-107.549762631162,-177.125518798828,4.24634408950806,17.7631034851074,7,16.0669994354248,36.2799987792969,991.168320228314
6.75,0.0453986975498967,0.0306849169335164,0.477,0.283942156405163,0.0552297579791199,-11.6001318622848,-0.161663893930834,0.0221373370171677,-0.0321375696624775,-0.0799718919006961,0.0727481960340805,-2.57884967406861,-0.0853153028045814,-0.000640120962317783,-0.0331673978441817,14.9796715255911,9.02281538041627,0.284884527647137,-7.79886119024212,-15.5800100237807,-1.52445642509057,7.54053093167017,-5.97595590403234,-2.81,0.142944995452712,-0.0147688211164792,17.4558373661193,18.1435230450933,0.169739352228892,1.11050748136644,177.139999389648,-50.8867646163555,-107.770314751975,-177.139999389648,4.24586248397827,17.75,6.80999994277954,16.0869998931885,36.2799987792969,991.161397999731
6.775,0.0458745423713303,0.0340525970900234,0.477,0.374915707817572,0.12822412131695,-11.3756692467018,-0.134736209509712,0.00417787288288002,-0.0277044401946,-0.0875654893177228,0.0739704969671292,-2.58010684590929,-0.157548386116189,0.00793908956193694,-0.0300108640035124,14.9399146404694,8.99953097838817,0.294661216221438,-7.79354804863037,-15.5239163432903,-1.59626523737135,7.54044512022506,-5.97600093892179,-2.81,0.140134474382461,-0.0168370251203298,17.4181414535887,18.1043416656197,0.169739352228892,1.11050748136644,177.139999389648,-50.8867646163555,-107.770314751975,-177.139999389648,4.24586248397827,17.75,6.80999994277954,16.0869998931885,36.2799987792969,991.15587326576
6.8,0.0466400483635998,0.0446321974667084,0.477,0.379442932191644,0.162599752351997,-10.9273097404074,-0.0766679782405456,-0.0438430074828401,-0.027560655795773,-0.0859836550035225,0.0723246921378852,-2.58060902452551,-0.0581730192117586,-0.0279719280004519,-0.0242036115601887,14.8882413334981,9.02769583086768,0.312281608944028,-7.74556431585294,-15.520789723355,-1.5387857598817,7.54017161876017,-5.97615188783441,-2.81,0.141991127166717,-0.0150059491404203,17.3829174041748,18.0657084034436,0.169739352228892,1.11050748136644,177.139999389648,-50.8867646163555,-107.770314751975,-177.139999389648,4.24586248397827,17.75,6.80999994277954,16.0869998931885,36.2799987792969,991.150348531789
6.825,0.0449111277514741,0.0394233137382424,0.477,0.314618024486428,0.15270170358407,-9.69424432486393,0.0543629892149244,-0.0929973948151478,-0.0207808005374503,-0.089301104992576,0.0711239098147521,-2.58129460533925,0.0281044951612365,-0.094316936977155,-0.0239294217441781,14.8609078427902,8.97501387536476,0.28765739860063,-7.76156627123377,-15.4524282884815,-1.56867834830637,7.53985800849037,-5.97632547026209,-2.81,0.138923080221175,-0.0182188180710825,17.3829174041748,18.0408145340658,0.169739352228892,1.11050748136644,177.139999389648,-50.8867646163555,-107.770314751975,-177.139999389648,4.24586248397827,17.75,6.8899998664856,16.0799999237061,36.2799987792969,991.144823797818
6.85,0.0453825274234429,0.0408435444091597,0.477,0.2058059663352,0.234155708029271,-9.08262811938452,0.11952733317308,-0.107244722079218,-0.0162429321589017,-0.0852694640806941,0.0691952262133362,-2.5813784312943,0.0611628800047669,-0.0971304960887504,-0.0215657534387415,14.8442453511731,8.96459052569186,0.311290605481849,-7.75825475045142,-15.4413642015953,-1.47856687403731,7.53954439822058,-5.97649905268977,-2.81,0.142045256651408,-0.0182578794223902,17.3826774779302,18.0382661375473,0.169739198880653,1.11050744670059,177.175857543945,-51.1081701866028,-108.205947933126,-177.175857543945,4.24542903900146,17.7306900024414,6.8899998664856,16.0799999237061,36.2786178588867,991.138987574084
6.875,0.0434712149667735,0.0350851514061866,0.477,0.0890876934509748,0.154875877628964,-8.28517715911627,0.258288892815287,-0.098176044667967,-0.0145194902845899,-0.0793316980111048,0.0656733472039051,-2.58199233814184,0.154691796321847,-0.0885383371433604,-0.0220396824350411,14.8263673379192,8.92882191350399,0.271507413084522,-7.77711726755695,-15.3996726461952,-1.4089978261305,7.53923078795078,-5.97667263511745,-2.81,0.142350954989469,-0.0193396488635717,17.3387709751686,18.0373571805133,0.169738930521234,1.11050738603535,177.238616943359,-51.4956299348902,-108.968306000357,-177.238616943359,4.24467086791992,17.6968955993652,6.8899998664856,16.0799999237061,36.2762069702148,991.132917733028
6.9,0.040937274918751,0.0248990727932825,0.477,0.0477188483273497,0.00444126329842293,-7.79512201207385,0.269938714032493,-0.0895908551880209,-0.01283115218636,-0.0716043092163951,0.0613238004782294,-2.58264118712489,0.361289322914833,-0.13425821803492,-0.0176533107528782,14.7885519312763,8.94209950940263,0.15770091736771,-7.75346600018041,-15.3832662242046,-1.3878640779072,7.53886260652991,-5.97687075943943,-2.81,0.139487556755479,-0.0174666448857482,17.2948644724069,18.0099433768147,0.169738662161816,1.11050732537012,177.301376342773,-51.8830896817593,-109.73066406743,-177.301376342773,4.24391269683838,17.6631031036377,6.8899998664856,16.0799999237061,36.2737922668457,991.126847891972
6.925,0.038785091808349,0.0154575416208977,0.477,0.057079426300352,0.0584037092901719,-7.50139450933596,0.291906078519926,-0.0816714759990899,-0.0129500203624132,-0.0652706943932494,0.0598677619392277,-2.58304504577243,0.229694692900601,-0.0739292291779554,-0.016007569043158,14.773408899439,8.91154196473368,0.142047335039027,-7.76591505196923,-15.3502623707571,-1.32264004897076,7.53847772586892,-5.97707639379149,-2.81,0.141678861716155,-0.0182408449810161,17.2924652099609,18.0081451926914,0.169738393802397,1.11050726470488,177.364135742188,-52.2705494300467,-110.493022134661,-177.364135742188,4.24315452575684,17.6293106079102,6.8899998664856,16.0799999237061,36.2713775634766,991.120778050916
6.95,0.0406580500119418,0.009341976661469,0.477,0.079180829031679,-0.141300550094843,-7.76232832693563,0.2679028232528,-0.0459917301726246,-0.0127855435067828,-0.0564159022176427,0.0576429879035527,-2.58334008806702,0.318641642157846,-0.0547028911756202,-0.00869280541735694,14.7629758335487,8.93223975388846,0.0853282220237556,-7.75397372600711,-15.3624545453315,-1.26827646330591,7.53809284520792,-5.97728202814355,-2.81,0.142702702943051,-0.0158151559600159,17.2924652099609,18.0084889610275,0.169738240454158,1.11050723003903,177.399993896484,-52.491955000294,-110.928655315812,-177.399993896484,4.24272108078003,17.6100006103516,6.84999990463257,16.0849990844727,36.2710380554199,991.116880219558
6.975,0.0397279268096922,0.00339270128885534,0.477,0.0366645266274303,-0.143742054753378,-8.06526847372103,0.20692104233497,0.00223590036159397,-0.00704265855580993,-0.0507161130363104,0.0575592029712002,-2.58357514417906,0.226348307128977,0.00534933299936557,-0.00511547586700314,14.7681968159007,8.92632727238035,0.0516182138224239,-7.76579557369376,-15.359422244143,-1.24987504997322,7.53770796454692,-5.9774876624956,-2.81,0.143671696170944,-0.0152992648973061,17.2650314452477,18.018099425271,0.169738240454158,1.11050723003903,177.399993896484,-52.491955000294,-110.928655315812,-177.399993896484,4.24272108078003,17.6100006103516,6.84999990463257,16.0849990844727,36.2734489440918,991.115878401132
7,0.0410137340060439,-0.00422443941662804,0.477,0.0220945531829197,-0.159630006975235,-8.26509308226377,0.181163710076353,0.022454572138815,-0.00335771687590272,-0.0501628520003008,0.0585427445982225,-2.58393283458132,0.201124352202065,-0.00583149383082266,-0.0030887861090395,14.7373770451882,8.92386519901664,0.0125136729692161,-7.74466867617314,-15.3350914872526,-1.29648950175808,7.53732308388592,-5.97769329684766,-2.81,0.142223849832371,-0.0153311764978584,17.2340414517754,17.9830722368731,0.169738240454158,1.11050723003903,177.399993896484,-52.491955000294,-110.928655315812,-177.399993896484,4.24272108078003,17.6100006103516,6.84999990463257,16.0849990844727,36.2758598327637,991.114876582705
7.025,0.0425736307751829,-0.00297531391147848,0.477,0.104114013824817,-0.141151580398679,-8.66466809744513,0.100581877836488,0.0299356963640955,0.00510033653326328,-0.0468112317606583,0.0587153848587116,-2.58391926117678,0.172086003488321,-0.00407809166048786,0.00280537825207053,14.7251410230273,8.94370927229022,0.0286799870435066,-7.72451597120246,-15.3486695668975,-1.25328838412406,7.5369567190155,-5.97787674847971,-2.81,0.144943547399271,-0.0137587470303155,17.2286224365234,17.9763082354243,0.169738240454158,1.11050723003903,177.399993896484,-52.491955000294,-110.928655315812,-177.399993896484,4.24272108078003,17.6100006103516,6.84999990463257,16.0849990844727,36.2782745361328,991.113874764278
7.05,0.0454533184783811,-0.00362982181810918,0.477,0.167053437047528,0.0572862776976985,-9.01599774047826,0.0480734294139786,0.0364179713921532,0.0105703798897801,-0.0443329845949109,0.0591188992574849,-2.58386789642119,0.110011659739374,0.0103303895090108,0.00645911096243063,14.7138177820845,8.95015843795802,0.0422089695469043,-7.71125622166084,-15.3506934932177,-1.22322857521699,7.53659102759562,-5.97805939328882,-2.81,0.147115230657117,-0.0130601853994608,17.2286224365234,17.9683321224402,0.169738164381876,1.11050721294684,177.419311523438,-52.6011202465482,-111.144762200093,-177.419311523438,4.24297380447388,17.6024131774902,6.90999984741211,16.0930004119873,36.2793121337891,991.112561456088
7.075,0.0454573142582922,-0.00614010766569061,0.477,0.24336214621279,0.127210015279488,-9.5272343106766,0.0532699712109431,0.0219137091772024,0.0117336658744824,-0.0435744597976308,0.05997606055205,-2.5837640421739,-0.0100060834450936,0.0459733374529662,0.00596095785460741,14.6978810130686,8.93074318208457,0.0517419261887124,-7.70605040825028,-15.3271816222635,-1.2177224270136,7.53622533617574,-5.97824203809792,-2.81,0.148325723394056,-0.0140669112540399,17.2030726668057,17.9517405587016,0.16973789812889,1.11050715312417,177.486892700195,-52.9831986098563,-111.901136294957,-177.486892700195,4.24385833740234,17.5758628845215,6.90999984741211,16.0930004119873,36.2768936157227,991.110469423491
7.1,0.0460969292242634,-0.00931394066265823,0.477,0.318252859198139,0.12085400403406,-9.73975539736678,-0.00177613407362197,-0.0388091251569018,0.0117109183792085,-0.0426712633194916,0.0596361397832874,-2.58353417428156,-0.00808621466399961,-0.00908512753802703,0.0101937904587358,14.6612651521588,8.94098866510537,0.0434135572029398,-7.66644494428764,-15.3184314017272,-1.21125563576919,7.53595498767391,-5.97837696861442,-2.81,0.148570288431937,-0.0134303101624754,17.1696754678175,17.9138372228558,0.169737631875903,1.11050709330151,177.554473876953,-53.3652769717462,-112.657510389821,-177.554473876953,4.24474334716797,17.5493106842041,6.90999984741211,16.0930004119873,36.2744827270508,991.108377390894
7.125,0.0459294598053487,-0.00602453546111909,0.477,0.268650631800732,0.0760165061012517,-9.08295571056539,0.0648556397492346,-0.10611325096839,0.0127498768238637,-0.0389382676772355,0.0563838991226061,-2.58333210764581,0.106439028245347,-0.101533113605904,0.0143968876474833,14.6264038572983,8.94016582047221,0.0309671324997727,-7.63816165599351,-15.3041234238021,-1.14083583550391,7.53571001716204,-5.97849919873467,-2.81,0.149444066784668,-0.0129604911433978,17.1598205566406,17.8885370488644,0.169737365622917,1.11050703347884,177.622055053711,-53.7473553350543,-113.413884484765,-177.622055053711,4.24562788009644,17.5227584838867,6.90999984741211,16.0930004119873,36.2720718383789,991.106285358297
7.15,0.0454653993215189,-0.0112194214035123,0.477,0.117094595980234,-0.0941465137221036,-8.22586624732015,0.0262835277490598,-0.133727092125705,0.0260674446713457,-0.041253458256084,0.0555512016893014,-2.58322895919943,0.0423380901855199,-0.125609737023567,0.0125080999791843,14.6148870331609,8.9259852499216,-0.00344227201560996,-7.63372627024862,-15.2838539292219,-1.18244654180866,7.53546504665016,-5.97862142885492,-2.81,0.146304126186825,-0.0141182394504214,17.1598205566406,17.8701048501074,0.169737137406071,1.11050698220228,177.679992675781,-54.0748510738171,-114.062205137449,-177.679992675781,4.24638605117798,17.5,7.05999994277954,16.0659999847412,36.2700004577637,991.103566136853
7.175,0.044016202220848,-0.00689019662164016,0.477,0.150417370943156,0.32264702141912,-7.86223845088663,0.0777821520328403,-0.123531313295403,0.0313778097379203,-0.0399429479816244,0.05106813773589,-2.5824646213353,0.0767097583716325,-0.148203604265712,0.023007064231013,14.6063822191328,8.92855089195691,-0.00506266638227669,-7.61806282445584,-15.2907074493012,-1.10672159768456,7.53522007613829,-5.97874365897517,-2.81,0.146112431302787,-0.0138897794991466,17.1486668978825,17.8671712818111,0.169737137406071,1.11050698220228,177.679992675781,-54.0748510738171,-114.062205137449,-177.679992675781,4.24638605117798,17.5,7.05999994277954,16.0659999847412,36.2700004577637,991.097083782328
7.2,0.0391046037122594,-0.00999782146622176,0.477,0.273414990428807,0.0847679332426415,-7.80656975525861,0.139113568811962,-0.121803775569273,0.0349209615435403,-0.0322320852319249,0.046409479862073,-2.58143676974751,0.128943292067452,-0.099160962320635,0.0327841298134883,14.5929100530215,8.89023269063369,0.00638808943415251,-7.61718960581897,-15.2660478828146,-0.956821020615047,7.53487011494022,-5.9789231752669,-2.81,0.149913148374597,-0.0150498435415811,17.1313692745543,17.868124452349,0.169737137406071,1.11050698220228,177.679992675781,-54.0748510738171,-114.062205137449,-177.679992675781,4.24638605117798,17.5,7.05999994277954,16.0659999847412,36.2700004577637,991.090601427802
7.225,0.0378575440759474,-0.0181903445357199,0.477,0.264946858521262,0.27160481594243,-7.61459281508837,0.129410670408154,-0.138879746918669,0.0372943164865259,-0.0314291771053472,0.0432043857233245,-2.58084290697092,0.155884275184171,-0.153769431443164,0.0349025988744479,14.5821550149919,8.88267939421837,-0.0661040578763221,-7.60428440710328,-15.2568160112868,-0.974695697036549,7.53448535166699,-5.97912168064915,-2.81,0.145800552203033,-0.0154550195327654,17.1241855621338,17.8501065483173,0.169737137406071,1.11050698220228,177.679992675781,-54.0748510738171,-114.062205137449,-177.679992675781,4.24638605117798,17.5,7.05999994277954,16.0659999847412,36.2700004577637,991.084119073276
7.25,0.0375480212072273,-0.0229494798890482,0.477,0.180146642342162,0.0873023351657215,-7.20857263818002,0.171204561383091,-0.125100520219607,0.0354078999437622,-0.025840135667139,0.0400329249013828,-2.58000439644176,0.110822550017234,-0.101436974885536,0.0320432040346306,14.5823398076958,8.86151148880628,-0.0506518201796859,-7.60652460089092,-15.250233592252,-0.862985873600141,7.53410058839377,-5.97932018603141,-2.81,0.148915503039408,-0.0159249732480331,17.1241855621338,17.8599896561124,0.169737137406071,1.11050698220228,177.679992675781,-54.0748510738171,-114.062205137449,-177.679992675781,4.24638605117798,17.5,6.98999977111816,16.0900001525879,36.2700004577637,991.07763671875
7.275,0.0372347590543362,-0.0258093101720058,0.477,0.233967803762568,0.0780428604696655,-7.08368367652776,0.0725653610656476,-0.0773711976401669,0.0318778139783258,-0.0230494148133238,0.0373199880125612,-2.5793855737483,0.0664702649052334,-0.0619696943164225,0.0311775450266834,14.596400459118,8.88710224348734,-0.1248148386098,-7.596206728382,-15.2834832554007,-0.873987594103866,7.53371582512054,-5.97951869141367,-2.81,0.145612191416632,-0.0141598690979502,17.1180600285214,17.8669095570189,0.169736873680803,1.11050692322218,177.745162963867,-54.4515480507278,-114.811398465584,-177.745162963867,4.24592256546021,17.4348258972168,6.98999977111816,16.0900001525879,36.2700004577637,991.079301505253
7.3,0.0353562692910987,-0.0289454563356495,0.477,0.210140774546395,0.0946227267095071,-7.19275772994025,0.0422977701032938,-0.0266874637328726,0.0275272487461847,-0.0241249639273898,0.0361678712644265,-2.57900037112788,0.077906147636586,-0.063110065935529,0.028294060414996,14.6075099125005,8.86945692976937,-0.124466450507834,-7.60988131607443,-15.277474000848,-0.866370866783359,7.53343961139271,-5.97965717327456,-2.81,0.144794851441589,-0.0153651205787987,17.1063832300728,17.875884892191,0.169736609955534,1.11050686424209,177.810333251953,-54.8282450290566,-115.560591793719,-177.810333251953,4.24545955657959,17.3696537017822,6.98999977111816,16.0900001525879,36.2700004577637,991.080966291757
7.325,0.036309657189129,-0.0280379382923944,0.477,0.287839470030201,-0.00613735288118944,-7.85010357599091,-0.0523518628217157,0.0236254004886979,0.0285579342660298,-0.0225224743877881,0.0362764196068563,-2.57828592659134,-0.0290865875658008,0.0331919742832881,0.0292055836161528,14.6112586541534,8.89217523607521,-0.0698849181692615,-7.59107752007315,-15.3068705841942,-0.79987423536488,7.5331977851192,-5.97977664025989,-2.81,0.148655127984661,-0.0139715941122635,17.1001300811768,17.8823653506989,0.169736346230266,1.110506805262,177.875518798828,-55.2049420059673,-116.309785121932,-177.875518798828,4.24499607086182,17.3044815063477,6.98999977111816,16.0900001525879,36.2700004577637,991.08263107826
7.35,0.0391445548705363,-0.0289869131568544,0.477,0.308921240411162,0.201596324006111,-8.32131516293567,-0.100918381204238,0.0649273132243084,0.0279726085996748,-0.0254788116572048,0.0370996124932361,-2.57809285873393,-0.0623595371538927,0.023270500316567,0.0307907599869194,14.6246115363938,8.89734692374043,-0.0726550991384374,-7.59565049378921,-15.3181340668311,-0.841537831613251,7.53295595884569,-5.97989610724522,-2.81,0.147067708067113,-0.0141618952687375,17.1001300811768,17.8872095279539,0.169736082504998,1.11050674628191,177.940673828125,-55.581638982878,-117.058978450067,-177.940673828125,4.24453258514404,17.2393093109131,8.19999980926514,16.0170001983643,36.2700004577637,991.084295864763
7.375,0.0396188469537085,-0.0246570097519747,0.477,0.475698947837677,0.0283829153634962,-8.84722927892146,-0.124006400971072,0.0778546952396922,0.026116166113594,-0.0299339439267235,0.0400763647343985,-2.57729715160844,-0.134115251485161,0.0632071208303728,0.028718363077244,14.6240648020865,8.89989456898437,0.00380672005857057,-7.58024457954041,-15.3261779136938,-0.848275802986718,7.53271413257218,-5.98001557423054,-2.81,0.149662565914045,-0.0148476443054255,17.0960009698843,17.8773776973797,0.169736044829959,1.11050673785618,177.949996948242,-55.6354528369249,-117.166006068383,-177.949996948242,4.24446630477905,17.2299995422363,8.19999980926514,16.0170001983643,36.2700004577637,991.076742238012
7.4,0.0435636443818558,-0.0169245094757413,0.477,0.525784485789062,0.107096048419993,-9.32762645461358,-0.199539091411635,0.0593919571412721,0.0290013841239017,-0.0319450088047189,0.040739574742857,-2.57630654326515,-0.14945461058655,0.0668943232435978,0.0318782037764242,14.6216472020687,8.91483918429463,0.140290133044966,-7.55655725856644,-15.350491118827,-0.739912639335127,7.53233547923418,-5.98021445055231,-2.81,0.156390996055285,-0.0144824657138654,17.0857897892555,17.8818911352701,0.169736044829959,1.11050673785618,177.949996948242,-55.6354528369249,-117.166006068383,-177.949996948242,4.24446630477905,17.2299995422363,8.19999980926514,16.0170001983643,36.2700004577637,991.067652209052
7.425,0.0437552240696092,-0.0144825818685128,0.477,0.534154926048844,0.160193266019613,-9.51091237043839,-0.194770013074894,0.0191979798876781,0.0255483469334017,-0.0390212276552435,0.0428821083048686,-2.57585072265424,-0.225295925197317,0.0330291268656059,0.0258294392919585,14.6171686651567,8.87485418611331,0.192698719189353,-7.56507361044742,-15.3174024399522,-0.780149452250662,7.53191326383181,-5.98043860867514,-2.81,0.156175521663024,-0.0178598866952826,17.0790939331055,17.8666784690086,0.169736044829959,1.11050673785618,177.949996948242,-55.6354528369249,-117.166006068383,-177.949996948242,4.24446630477905,17.2299995422363,8.19999980926514,16.0170001983643,36.2700004577637,991.058562180092
7.45,0.0451253731454506,-0.00834378089014665,0.477,0.55220277728792,0.126772875997674,-9.54527616059306,-0.234879705235793,0.00022117541607451,0.025956957612077,-0.0437831549328103,0.0420516364625869,-2.57514518883053,-0.162969349731475,-0.0190343101662949,0.0308850114980871,14.6093807039632,8.90028465997068,0.241993030933744,-7.53410470241937,-15.3415940540689,-0.761833592066264,7.53149104842944,-5.98066276679798,-2.81,0.156425097123478,-0.0172465448629664,17.0790939331055,17.8548087507985,0.169736044829959,1.11050673785618,177.949996948242,-55.6354528369249,-117.166006068383,-177.949996948242,4.24446630477905,17.2299995422363,9.34000015258789,15.9840002059937,36.2700004577637,991.049472151132
7.475,0.0441895070896434,-0.00740791483433941,0.477,0.57410626135364,0.3159903359593,-9.49030518529794,-0.230767410023967,-0.0113118132094714,0.0262583774557767,-0.0498725362047422,0.042062100238109,-2.57461346798325,-0.189825523078552,-0.0336210620583701,0.0312095728881036,14.609438998785,8.87027528979892,0.274564547736038,-7.54107032902118,-15.3203582237199,-0.782150533187235,7.53106883302707,-5.98088692492081,-2.81,0.15515249567265,-0.0198839554092028,17.0769726983432,17.8467721597294,0.169735857959362,1.11050669572754,177.986190795898,-55.9045221071598,-117.696869894089,-177.986190795898,4.24461650848389,17.2334480285645,9.34000015258789,15.9840002059937,36.2700004577637,991.043360216864
7.5,0.0429075810890946,0.004040921791817,0.477,0.606519993848602,0.24116040758623,-9.43333163914547,-0.204974858666251,-0.0265633093383532,0.0228710478888021,-0.0531772434358402,0.0416707026151931,-2.57396025965085,-0.205398568571398,0.00392426718955178,0.0244982461051456,14.6114195072337,8.85271195968503,0.387483160714913,-7.54247758733166,-15.3181620566118,-0.692224897946051,7.53084915498791,-5.98099946838519,-2.81,0.159654466261981,-0.0214221129075998,17.0695075836991,17.857008586619,0.169735596340525,1.11050663674745,178.036895751953,-56.2812190840705,-118.440079249936,-178.036895751953,4.24482774734497,17.2382755279541,9.34000015258789,15.9840002059937,36.2700004577637,991.038439520474
7.525,0.043529697422939,0.00823327015306319,0.477,0.495161844755472,0.319140141083968,-9.21007635498231,-0.188336679682623,-0.0450218330046673,0.0230937502670107,-0.0602228700533195,0.0409322399242681,-2.57363305569086,-0.194497177799972,-0.0480247374868493,0.0243964814658539,14.6113066289703,8.84284857126048,0.411258263761205,-7.54144461833475,-15.3122271911371,-0.719511733842549,7.53069356919705,-5.98107669177681,-2.81,0.157242837269053,-0.0229867564313853,17.0637149810791,17.8496459454161,0.169735334721689,1.11050657776736,178.087585449219,-56.6579160609812,-119.183288605783,-178.087585449219,4.24503803253174,17.2431030273438,9.34000015258789,15.9840002059937,36.2700004577637,991.033518824084
7.55,0.0428745849508466,0.0135227337084845,0.477,0.499134761987703,0.256218521082938,-9.15372644404023,-0.1303036566066,-0.0545714883321918,0.0201426667513965,-0.061310382487243,0.0388224220415762,-2.57300385452335,-0.117679845265658,-0.0434125760936136,0.0218626236903879,14.6086844602649,8.82665295795178,0.475314768572519,-7.5393260589978,-15.3070836526107,-0.633356816512047,7.53053798340619,-5.98115391516843,-2.81,0.159879946558674,-0.0241180504168038,17.0637149810791,17.8552945445455,0.169735073102852,1.11050651878727,178.138275146484,-57.0346130378918,-119.926497961709,-178.138275146484,4.24524879455566,17.2479305267334,9.88000011444092,15.9569997787476,36.2700004577637,991.028598127694
7.575,0.042253434817956,0.0122774577984297,0.477,0.491499120863771,0.232860704675941,-9.44211331287749,-0.130359910364747,-0.0348434277635469,0.0180257743261077,-0.064980096214494,0.0376755011955724,-2.57262141760513,-0.0825475202421554,-0.0505976881297854,0.0208221524413455,14.6156168329408,8.80790986545317,0.462825513268205,-7.54920241951773,-15.2965022927368,-0.660529710511561,7.53038239761532,-5.98123113856005,-2.81,0.157047299176988,-0.0257046970526289,17.0636911518694,17.8546458228199,0.169734960980494,1.11050649351008,178.160003662109,-57.1960546000328,-120.245016257117,-178.160003662109,4.24533891677856,17.25,9.88000011444092,15.9569997787476,36.2700004577637,991.022313611261
7.6,0.0403517421566075,0.0180435922520976,0.477,0.548224116065166,0.315926638593234,-9.65145985694165,-0.104108884812039,-0.0299033258555088,0.0112384302036711,-0.0690131046898069,0.0384684794267985,-2.57264127383373,-0.156062175127315,-0.0123868102622723,0.00743228782428278,14.6175110895888,8.7752805271674,0.528236541915541,-7.56707538386615,-15.2736911545483,-0.640266568945777,7.5301899303795,-5.98132878932764,-2.81,0.158733530101459,-0.0280508353564264,17.0635457936902,17.8600997045685,0.169734960980494,1.11050649351008,178.160003662109,-57.1960546000328,-120.245016257117,-178.160003662109,4.24533891677856,17.25,9.88000011444092,15.9569997787476,36.2700004577637,991.015006229795
7.625,0.041106494424422,0.0232376583821845,0.477,0.598587300082593,0.188633175260374,-9.57248462303498,-0.0819997357726937,-0.0496109419212147,0.0054252769911734,-0.0708489989390827,0.0360738240853542,-2.57231802023263,-0.0339936713857022,-0.0709359803354519,0.0109411363189958,14.6163605807024,8.78826100481757,0.554347305482071,-7.55480825860598,-15.288824753608,-0.5962708094176,7.52975853048995,-5.9815587767527,-2.81,0.15880516974646,-0.0275800800885051,17.0634155273438,17.8625292752136,0.169734960980494,1.11050649351008,178.160003662109,-57.1960546000328,-120.245016257117,-178.160003662109,4.24533891677856,17.25,9.88000011444092,15.9569997787476,36.2700004577637,991.00769884833
7.65,0.0396955865567844,0.0237099562401419,0.477,0.488447162577605,0.259492166665455,-9.48013120825001,-0.0705923163830416,-0.0491067109227341,0.00404696179042345,-0.0729694033242086,0.0350335205247942,-2.57231193380536,-0.0334552105091117,-0.0731150028117584,0.00779208496838857,14.6164051673435,8.76858491147777,0.561443506874406,-7.56535740022834,-15.2727997528377,-0.591232013411725,7.5293271306004,-5.98178876417775,-2.81,0.157912545405273,-0.0289352251571722,17.0634155273438,17.8632392822508,0.169734960980494,1.11050649351008,178.160003662109,-57.1960546000328,-120.245016257117,-178.160003662109,4.24533891677856,17.25,9.32999992370605,16.0149993896484,36.2700004577637,991.000391466864
7.675,0.0387271584531391,0.0266029670968582,0.477,0.497183433750536,0.294269310561123,-9.33689852872238,-0.0141881947406802,-0.027355963400172,-0.000756468967548061,-0.0728789028268568,0.0342629630008475,-2.57230074944623,-0.0215530039411586,-0.0460943587477901,0.0028095408843188,14.6227142727641,8.74631424981238,0.582148207396165,-7.58269945462758,-15.2595198088745,-0.557141255070356,7.52889573071085,-5.9820187516028,-2.81,0.158903982112754,-0.0301418477751574,17.06325403512,17.8747785283574,0.169734848677584,1.11050646841345,178.173446655273,-57.3563430078444,-120.564047464417,-178.173446655273,4.24569988250732,17.25,9.32999992370605,16.0149993896484,36.2700004577637,990.997649094154
7.7,0.0390596121329883,0.0243770249651566,0.477,0.510559463993208,0.298953611308189,-9.06517426808178,0.00566448999586275,-0.00948169944005584,-0.00222028635647631,-0.0742603485842873,0.0342736151939596,-2.57263578346797,-0.0181204126910923,-0.0200241758262035,-0.00250972052424801,14.6346944174134,8.7368653882893,0.574240041312251,-7.60277544396545,-15.2545644555419,-0.576990424148061,7.52866168290772,-5.98213984213044,-2.81,0.157639684312959,-0.0307645958278612,17.0595599005014,17.8864356287596,0.169734586637461,1.11050640985465,178.204833984375,-57.7303492922654,-121.308453614706,-178.204833984375,4.24654245376587,17.25,9.32999992370605,16.0149993896484,36.2700004577637,991.000993399785
7.725,0.0388916355765142,0.027009115957719,0.477,0.568868644250145,0.292804454610976,-8.79806842598488,0.0337346843431978,-0.0207634043332608,-0.00394866808407025,-0.0713811518909238,0.0327336646802565,-2.57266813656505,0.0603040807260616,-0.0223984220469268,-0.00452862197152237,14.6266412472049,8.73690401115541,0.618997502685378,-7.59730979119259,-15.2545576654733,-0.48439462250204,7.52848854055027,-5.98222732564542,-2.81,0.161361759511777,-0.030363627051419,17.0558657658827,17.8934157017405,0.169734324597338,1.11050635129584,178.236206054688,-58.1043555766865,-122.052859765073,-178.236206054688,4.24738502502441,17.25,9.32999992370605,16.0149993896484,36.2700004577637,991.004337705415
7.75,0.0387452412737433,0.0246745148123176,0.477,0.503963294848091,0.29826326659117,-8.96550830197019,0.06653433310053,-0.0271180812795776,-0.011294969216421,-0.0715309293962988,0.0333291218993178,-2.57328707634015,0.010842581270812,-0.0200781112448454,-0.0146193315403717,14.6261962582841,8.71080889787294,0.611509248148251,-7.62023278548434,-15.2269434853828,-0.49999658965493,7.52831539819281,-5.98231480916039,-2.81,0.16095945075921,-0.0317354889707594,17.0558052062988,17.8963065237,0.169734062557215,1.11050629273704,178.267578125,-58.4783618611075,-122.797265915441,-178.267578125,4.24822759628296,17.25,9.38000011444092,16.007999420166,36.2700004577637,991.007682011045
7.775,0.0390576404408466,0.0256157095247285,0.477,0.364569416600269,0.250892505678649,-9.00857056762337,0.0612457802980276,-0.013117132411783,-0.0180615345299026,-0.069545058838753,0.0328234183624268,-2.57372300256401,0.0110306370749389,-0.00338356003667089,-0.0214291698024108,14.6278665821368,8.7375348942506,0.626722965295768,-7.61442486942831,-15.2485689396031,-0.462014772788577,7.52814225583535,-5.98240229267537,-2.81,0.162680218278439,-0.0298890230692996,17.0558052062988,17.9073230299494,0.169733875385699,1.11050625090932,178.289993286133,-58.7455092065148,-123.328984594196,-178.289993286133,4.24882936477661,17.25,9.38000011444092,16.007999420166,36.2693138122559,991.008483886719
7.8,0.0390458483407109,0.0230389927419909,0.477,0.484174673485805,0.256922518797527,-9.07560248347367,0.0692584518413779,-0.00159822675972281,-0.0263261940917378,-0.067250316384873,0.0313015712767233,-2.5741861231137,0.119959479152696,-0.0292668628781824,-0.0212753511114308,14.6194860830918,8.74423254827306,0.62137134690646,-7.61201500925699,-15.2464262691878,-0.425196495535699,7.52772066387082,-5.98262150430028,-2.81,0.163317558361146,-0.0291200628778916,17.0552007083235,17.9085723252591,0.169733875385699,1.11050625090932,178.289993286133,-58.7455092065148,-123.328984594196,-178.289993286133,4.24882936477661,17.25,9.38000011444092,16.007999420166,36.2668952941895,991.0029296875
7.825,0.0378197184498288,0.0183060510134634,0.477,0.472688095764999,0.348541462814133,-9.05066737165019,0.0717182905021495,-0.00928272186969419,-0.0318685611844407,-0.0645498250261773,0.0316821724184679,-2.57518712056581,0.062216292766771,0.00250629705146139,-0.0347824223675556,14.617687113622,8.72709162374592,0.625810374971216,-7.63548794258078,-15.2239501751969,-0.401507569360845,7.52722383277049,-5.98288060775382,-2.81,0.164978754563768,-0.0295398662694932,17.0545461335928,17.9194316573139,0.169733875385699,1.11050625090932,178.289993286133,-58.7455092065148,-123.328984594196,-178.289993286133,4.24882936477661,17.25,9.38000011444092,16.007999420166,36.2644805908203,990.997375488281
7.85,0.0384169131615528,0.016717964005055,0.477,0.504945758822314,0.345182610590282,-9.3180886526301,0.11706075158032,-0.0201221141936779,-0.0429731544723223,-0.0637294874534717,0.0308292035429082,-2.57631907129094,0.126567739561424,-0.0450276412441029,-0.0381403739794949,14.6074931846827,8.73587734680554,0.619970896203936,-7.63994833738969,-15.2170781156579,-0.387939550836883,7.52672700167017,-5.98313971120737,-2.81,0.164942960371637,-0.0287314495268682,17.0544567108154,17.9209384831552,0.169733875385699,1.11050625090932,178.289993286133,-58.7455092065148,-123.328984594196,-178.289993286133,4.24882936477661,17.25,9.57999992370605,15.9519996643066,36.2620697021484,990.991821289062
7.875,0.037168057282714,0.0160950281650229,0.477,0.436922135336003,0.23640955382831,-9.3737493879111,0.10922598896851,-0.00868943224569373,-0.0485493830253143,-0.0615127925114123,0.0306290308353716,-2.57765156115493,0.119310006361321,-0.0361747108770501,-0.046796647342637,14.6034980074139,8.73844206047574,0.632436477957808,-7.65603644239653,-15.2079862885714,-0.353211883727224,7.52623017056984,-5.98339881466092,-2.81,0.166682612081857,-0.0280413633475478,17.0544567108154,17.9340469894354,0.169733838011579,1.11050624260396,178.295501708984,-58.7985542914816,-123.435157359306,-178.295501708984,4.24866056442261,17.2506904602051,9.57999992370605,15.9519996643066,36.2599983215332,990.988112877155
7.9,0.0371795151956432,0.0122272201992657,0.477,0.530780864575123,0.291082555229927,-9.52927490178959,0.119839319003186,0.00103648160166839,-0.0579218966765555,-0.0548871668979718,0.0295893485211847,-2.579059157087,0.138903317862448,0.0133974407022647,-0.0576062645709146,14.5918772595789,8.77737688843043,0.613548862096097,-7.64909456967444,-15.2230951770505,-0.300657115313246,7.52596067635888,-5.98353552924658,-2.81,0.168829984736027,-0.024721908702861,17.0479083073866,17.9429252330387,0.169733576392743,1.11050618446644,178.334121704102,-59.1698698819948,-124.178366715152,-178.334121704102,4.24748134613037,17.2555160522461,9.57999992370605,15.9519996643066,36.2599983215332,990.995479189116
7.925,0.0379827135658745,0.00611954241203337,0.477,0.507583122370647,0.129782666003039,-9.57129643369403,0.126816415139841,-0.00170879091105362,-0.0631750760660071,-0.0546617645381549,0.0300755770886001,-2.58092343013936,0.127795182191503,-0.0153878942989868,-0.062806360262324,14.5827575771962,8.7923111219593,0.563769181374831,-7.66191248148637,-15.2134070909241,-0.355992868373436,7.52575668603527,-5.9836369792228,-2.81,0.166278537587749,-0.0235362991013745,17.0397562133222,17.9409058316189,0.169733314773906,1.11050612632892,178.372756958008,-59.5411854739263,-124.921576071078,-178.372756958008,4.24630165100098,17.2603454589844,9.57999992370605,15.9519996643066,36.2599983215332,991.002845501078
7.95,0.0381320323878466,0.00557112744143884,0.477,0.576562633884971,0.152820924103168,-9.68017573261616,0.0833339097538147,-0.0211504490989852,-0.0674211288942649,-0.0494777591444722,0.0284327099062262,-2.58251744813143,0.140041350436147,-0.0168026641711717,-0.0662145773997456,14.5692901913912,8.8334232668895,0.558339233507385,-7.65479389994986,-15.2290294142708,-0.293461140921298,7.52555269571166,-5.98373842919903,-2.81,0.168308154254111,-0.0202323332889496,17.0376625061035,17.9513591683837,0.16973305315507,1.1105060681914,178.411376953125,-59.9125010658577,-125.664785426925,-178.411376953125,4.24512243270874,17.265172958374,8.84000015258789,16.0319995880127,36.2599983215332,991.010211813039
7.975,0.0378241947909124,0.00276081897033774,0.477,0.469733276252327,0.206482467036937,-9.53481046318793,0.103894675764131,-0.0291943063018772,-0.0727252921420235,-0.0472850482036453,0.0275750558519155,-2.58432780387266,0.15425256747743,-0.0297344381155146,-0.0724151069546951,14.566110705875,8.82368450125172,0.523574871679135,-7.68568034061021,-15.2034857541153,-0.295733910904365,7.52534870538805,-5.98383987917525,-2.81,0.16725471294372,-0.0201297049737253,17.0376625061035,17.9638194341927,0.169732791536233,1.11050601005388,178.449996948242,-60.2838166577891,-126.407994782851,-178.449996948242,4.24394273757935,17.2700004577637,8.84000015258789,16.0319995880127,36.2599983215332,991.017578125
8,0.0359369189012713,-0.00163872960275693,0.477,0.511618647458854,-0.0380038788424841,-9.63384894094095,0.0343102666162268,-0.0229472873282148,-0.0767373717374761,-0.049163753071577,0.0284560610202118,-2.58660158001154,0.000358621414325252,-0.0209127902472022,-0.0786419677595998,14.5362464172176,8.87585986986472,0.464103757873873,-7.66671563460559,-15.210884979774,-0.386251394558772,7.52502379194721,-5.98400807782362,-2.81,0.163353133278917,-0.0171045387598177,17.0386459036911,17.9387502761592,0.169732791536233,1.11050601005388,178.449996948242,-60.2838166577891,-126.407994782851,-178.449996948242,4.24394273757935,17.2700004577637,8.84000015258789,16.0319995880127,36.2599983215332,991.010712722252
8.025,0.0368611418508498,0.00306961573053731,0.477,0.463432488980831,0.0744136390793886,-9.77626516739972,0.000946327446511946,-0.00955779571591153,-0.0759375944805262,-0.0468917910523874,0.0267201113000599,-2.58827601107807,0.0293087302719878,-0.0153779891835366,-0.0741819941591106,14.5192337736584,8.94340167756975,0.468860529821088,-7.64322489286793,-15.2472535489743,-0.338800217324949,7.52462067622736,-5.98421944355537,-2.81,0.164471097598647,-0.0127053498279438,17.0400855977592,17.9436386614302,0.169732791536233,1.11050601005388,178.449996948242,-60.2838166577891,-126.407994782851,-178.449996948242,4.24394273757935,17.2700004577637,8.84000015258789,16.0319995880127,36.2599983215332,991.003847319504
8.05,0.0368777645970696,0.00501309099885747,0.477,0.418321459599597,0.0195487007915517,-9.86241170146559,-0.0730946275946981,-0.0151251021349994,-0.0765845371539224,-0.0498187976012416,0.0278391180348217,-2.59024766707005,-0.0940748110722107,0.00885343109845695,-0.0813283635171888,14.5061039736446,8.95723239322845,0.432146216837705,-7.65392095291875,-15.2344477517433,-0.418223312464917,7.5242175605075,-5.98443080928711,-2.81,0.161204870020579,-0.0119919648141065,17.0406284332275,17.9348626393267,0.169732791536233,1.11050601005388,178.449996948242,-60.2838166577891,-126.407994782851,-178.449996948242,4.24394273757935,17.2700004577637,8.69999980926514,16.0249996185303,36.2599983215332,990.996981916757
8.075,0.0378161097276856,0.0078401327081593,0.477,0.307977536819217,0.352325221426098,-9.90478671241356,-0.0779942280437372,-0.00086665457576161,-0.0828102063030251,-0.0512799886961442,0.0274622598279764,-2.59245916948756,-0.129600384398217,0.0220270949873769,-0.0867347397934528,14.4963914333491,8.99330960090313,0.445654375134957,-7.66026002214141,-15.2437740940508,-0.413953803434888,7.52381444478764,-5.98464217501886,-2.81,0.161096902604019,-0.00976537119804884,17.0406284332275,17.9451575275158,0.169732791536233,1.11050601005388,178.449996948242,-60.2838166577891,-126.407994782851,-178.449996948242,4.24394273757935,17.2700004577637,8.69999980926514,16.0249996185303,36.2599983215332,990.990116514009
8.1,0.0384360803005533,0.0110038026815514,0.477,0.411593673450478,0.13103191164491,-10.0428554648398,-0.0674893406576289,0.0379881187328192,-0.0876134234997107,-0.0526351780149992,0.0267448377502495,-2.59473660655239,0.018077935150575,0.00959538160234296,-0.0843241676271633,14.473042176395,9.04651845137981,0.464083966911668,-7.64722890330516,-15.2605400849553,-0.399532570802861,7.52360829839167,-5.98474777053345,-2.81,0.161360465633628,-0.0065587797023016,17.04242676955,17.944497142241,0.169732566569311,1.11050595986062,178.468627929688,-60.6043934734123,-127.047083021315,-178.468627929688,4.24484539031982,17.2700004577637,8.69999980926514,16.0249996185303,36.2599983215332,990.988239156789
8.125,0.037667507838037,0.0108911639597453,0.477,0.373032990404123,0.351953923032502,-9.8379896060454,-0.094986679114192,0.0164518568524433,-0.0863793010587249,-0.0553896977560672,0.028307550959667,-2.59686886013252,-0.149938664522329,0.0467046637741882,-0.0891736405571449,14.4504641536532,9.04859749839547,0.503986312424677,-7.65807210279376,-15.2359946540683,-0.406732979619747,7.52344931544868,-5.98482803982685,-2.81,0.162567728937939,-0.00643608318574919,17.0456218719482,17.9398541986343,0.169732304107902,1.11050590130181,178.490341186523,-60.9783997578334,-127.792685966045,-178.490341186523,4.24589872360229,17.2700004577637,8.69999980926514,16.0249996185303,36.2599983215332,990.98719314049
8.15,0.0390758318331073,0.0141872536146297,0.477,0.359738712349924,0.404816099004267,-9.75285822400783,-0.0394561155334574,-0.0380633440780523,-0.095283758373414,-0.0556600628818129,0.027239482552101,-2.59792552645387,-0.0299556824335616,-0.011865039487824,-0.0871368137705928,14.4278580015912,9.07511685214849,0.518748403622371,-7.6413228298707,-15.2399412520198,-0.379879382399996,7.5232903325057,-5.98490830912026,-2.81,0.163169369622822,-0.00478923062946296,17.0472106933594,17.9311631902328,0.169732041646493,1.11050584274301,178.512069702148,-61.3524060422544,-128.538288910855,-178.512069702148,4.24695158004761,17.2700004577637,8.77999973297119,16.0330009460449,36.2599983215332,990.986147124192
8.175,0.0371544646164433,0.0122658863979657,0.477,0.320306711668262,0.421199524787329,-9.7513645698512,-0.00748571477401392,-0.0438223639855765,-0.108437770181014,-0.0564612650973917,0.0253493733717941,-2.60147231730119,0.0620198261103715,-0.0604497512893166,-0.101587494941314,14.4092035651812,9.0738767413065,0.53973659558826,-7.68024994036809,-15.2036490093061,-0.338407664172167,7.52313134956271,-5.98498857841366,-2.81,0.163493628199578,-0.00427956776154982,17.0472106933594,17.9509128308742,0.169731779185084,1.1105057841842,178.533782958984,-61.7264123280936,-129.283891855585,-178.533782958984,4.24800491333008,17.2700004577637,8.77999973297119,16.0330009460449,36.2599983215332,990.985101107893
8.2,0.0340266716697287,0.0116713218091571,0.477,0.299713420616638,0.245261737856783,-9.88035947040461,0.0458570609253155,0.0241815022676406,-0.11598659329145,-0.0570606924495354,0.0264574526304038,-2.60516729279759,-0.0332988961726222,0.0375177550508962,-0.119201942240063,14.3874792345153,9.12829994718312,0.545012684177719,-7.68937368413638,-15.2108015766297,-0.357078727143433,7.52280858246879,-5.98515505559009,-2.81,0.163697875369141,-0.000643208975264313,17.0429073657534,17.9593949178256,0.16973170419611,1.11050576745312,178.539993286133,-61.8332712656893,-129.496921268433,-178.539993286133,4.2483057975769,17.2700004577637,8.77999973297119,16.0330009460449,36.2599983215332,990.989548255657
8.225,0.0373372397393909,0.0127359305838593,0.477,0.355113841463457,0.243098888602752,-10.1313356039118,0.0275634132429315,0.0679891775575841,-0.11397208229081,-0.0549659604986541,0.0266877658535327,-2.60807248237498,0.0795168036565867,0.0509941023429073,-0.114218077533747,14.3578966434304,9.2094272981171,0.533030031188248,-7.66723456664401,-15.2424744276216,-0.356869192058963,7.52243733568077,-5.98534705008167,-2.81,0.164242454197548,0.00470306076895614,17.033185033014,17.9565695650685,0.16973170419611,1.11050576745312,178.539993286133,-61.8332712656893,-129.496921268433,-178.539993286133,4.2483057975769,17.2700004577637,8.77999973297119,16.0330009460449,36.2599983215332,990.996192669046
8.25,0.0387762005232046,0.0126362801975631,0.477,0.463900816675162,0.352768251597535,-9.61320611631654,0.0904957998537323,0.00613288935028794,-0.11821692870509,-0.0559636440747493,0.0279637673813502,-2.61124281026506,-0.0207324191544762,0.0309432655321839,-0.121174259306098,14.3171107877362,9.20166041730779,0.566246908678549,-7.68350760771791,-15.1925080861497,-0.349657260421508,7.52206608889275,-5.98553904457325,-2.81,0.166029752499784,0.0047333945231649,17.0271816253662,17.9452232299239,0.16973170419611,1.11050576745312,178.539993286133,-61.8332712656893,-129.496921268433,-178.539993286133,4.2483057975769,17.2700004577637,7.94999980926514,16.0419998168945,36.2599983215332,991.002837082435
8.275,0.0397097354174317,0.0148211571989541,0.477,0.397854767707229,0.160502930713603,-9.09831287339169,0.0748839978955796,-0.0661885821147203,-0.124217570258267,-0.0544741264039836,0.0267354041841071,-2.61427233043316,0.0131045301500728,-0.0477099682954441,-0.12612720382374,14.2804755815786,9.25248911337264,0.566110178419944,-7.67296975431434,-15.1948668675904,-0.320272366643101,7.52169484210473,-5.98573103906483,-2.81,0.166669723296188,0.00836486375368883,17.0271816253662,17.9411470813381,0.16973170419611,1.11050576745312,178.539993286133,-61.8332712656893,-129.496921268433,-178.539993286133,4.2483057975769,17.2700004577637,7.94999980926514,16.0419998168945,36.2599983215332,991.009481495824
8.3,0.0358889610698049,0.0122310428692035,0.477,0.199542925209998,0.140562858060673,-9.21982407556248,0.0312513041219861,-0.0620792361594871,-0.131894784954795,-0.0487488413390609,0.0233768096036899,-2.61750991044829,0.0863905226760323,-0.0715172116044869,-0.127740958621714,14.2316053553784,9.34800862758606,0.515565693102586,-7.63438603897443,-15.2260024465324,-0.27324637722157,7.52147352507642,-5.98584413375874,-2.81,0.166287202784751,0.0151368266021435,17.0285484455625,17.93085953637,0.169731554458896,1.11050573399094,178.55241394043,-62.0469891422987,-129.9222962115,-178.55241394043,4.24808883666992,17.2562065124512,7.94999980926514,16.0419998168945,36.2586212158203,991.010106580011
8.325,0.0343368434123986,0.00628924250039645,0.477,0.241657093391288,-0.0876772307547116,-9.29984150202698,-0.0231363210227954,-0.0180724046427489,-0.136248561677988,-0.0531091500036512,0.0240301490029322,-2.62090797367435,-0.0342336068347572,-0.0294936957978946,-0.139244256459382,14.2159767097814,9.37202616604435,0.469422435401873,-7.65973444920359,-15.2098836094742,-0.37031668455395,7.52129508699365,-5.98593466361871,-2.81,0.161652353095169,0.0165455849028292,17.0327879048153,17.9303359314405,0.169731292418774,1.11050567543214,178.574127197266,-62.4209954267197,-130.666702361789,-178.574127197266,4.24771022796631,17.2320690155029,7.94999980926514,16.0419998168945,36.2562026977539,991.006217167295
8.35,0.035274431592968,0.00911400367422827,0.477,0.438961290354829,0.243035813923318,-9.86331461471594,-0.041398925531372,0.00132842599185982,-0.134483357986525,-0.050899173162175,0.0232981202041873,-2.62245227368929,-0.0489514276923699,0.00381220098792689,-0.137659466380195,14.1979161708277,9.41934963700162,0.49509511432735,-7.64454206356527,-15.2319238624464,-0.31553515997671,7.52111664891089,-5.98602519347869,-2.81,0.164082754799345,0.0197905519336877,17.0359153747559,17.936170193724,0.169731030378651,1.11050561687333,178.595855712891,-62.795001712559,-131.411108512235,-178.595855712891,4.24733114242554,17.2079315185547,7.25,16.0820007324219,36.253791809082,991.00232775458
8.375,0.0357592311093676,0.00670838031654623,0.477,0.44803204958632,5.04149615812022e-05,-9.72280660943798,-0.0483377953875011,-0.0170827178544874,-0.125458720846146,-0.0512412496759351,0.0226376472498686,-2.6267996466322,-0.0464861351127957,0.00264186811492135,-0.125899802769905,14.1704821576245,9.44470056551687,0.493206796893122,-7.67444862060149,-15.2070284054851,-0.311948298357597,7.52093821082813,-5.98611572333866,-2.81,0.163654738959915,0.0220134538268376,17.0359153747559,17.9489630327948,0.169730768338528,1.11050555831452,178.617584228516,-63.16900799698,-132.155514662524,-178.617584228516,4.24695205688477,17.1837921142578,7.25,16.0820007324219,36.2513809204102,990.998438341864
8.4,0.0352561813661207,0.00786444673242683,0.477,0.277091540214666,0.0338139281493861,-9.32345036891384,0.00388449348793681,-0.0629081605222359,-0.122555690738534,-0.0555362326016524,0.02187348826426,-2.63083290174791,0.0393038538694036,-0.0813537972056775,-0.12081312087752,14.0966006314171,9.51225843717801,0.495718440468217,-7.6376705033082,-15.1984344676498,-0.34135864571548,7.52054392327907,-5.9863187341233,-2.81,0.16191807980689,0.0260781032403015,17.0339273811968,17.9089008882837,0.169730618601315,1.11050552485235,178.630004882812,-63.3827258735894,-132.580889605591,-178.630004882812,4.24673509597778,17.1700000762939,7.25,16.0820007324219,36.25,990.993986984779
8.425,0.0327322322445545,0.0107153189424326,0.477,0.187090631366915,-0.253279454276452,-9.24101134096433,-0.0315557022768299,-0.0708701897154802,-0.116231456357374,-0.0539090103370881,0.0196081800867588,-2.63387047897427,-0.0348411537260142,-0.0684033510715443,-0.118814770023728,14.0625480256993,9.55415682330879,0.517668702519904,-7.63436093003592,-15.1969345500892,-0.273612746945237,7.52008435776557,-5.98655576178982,-2.81,0.163563957272949,0.0292694663881996,17.0240948725126,17.9142833990752,0.169730618601315,1.11050552485235,178.630004882812,-63.3827258735894,-132.580889605591,-178.630004882812,4.24673509597778,17.1700000762939,7.25,16.0820007324219,36.25,990.988786368534
8.45,0.0320825280058008,0.0135941005649408,0.477,0.196525329639044,0.000277166770016629,-9.40056834756432,-0.0629819775395495,-0.024354982051863,-0.105900212661938,-0.0572443103484667,0.018740025239666,-2.63665033212113,-0.00176310148583847,-0.059806079510462,-0.106453637102437,14.0426345090431,9.59552172061489,0.472275595786415,-7.63935006253194,-15.199242602841,-0.340617389182433,7.51962479225207,-5.98679278945634,-2.81,0.159224663398902,0.0317223087379762,17.0156593322754,17.9098185554939,0.169730618601315,1.11050552485235,178.630004882812,-63.3827258735894,-132.580889605591,-178.630004882812,4.24673509597778,17.1700000762939,7.71999979019165,16.0160007476807,36.25,990.98358575229
8.475,0.0314548399605681,0.0154692096439256,0.477,0.218216209843068,-0.212826922225648,-9.89707011899707,-0.0579302543663789,0.0342928388444614,-0.0987181676179365,-0.0579100266011386,0.0189267569898498,-2.63908761521198,0.020902780815453,-7.73968492588512e-05,-0.0964963671266849,14.0400754088659,9.59929995992058,0.518539292014368,-7.67164986663429,-15.1852810351616,-0.30362544601433,7.51916522673857,-5.98702981712286,-2.81,0.161370615126228,0.0323003992509301,17.0156593322754,17.9346202099755,0.169730618601315,1.11050552485235,178.630004882812,-63.3827258735894,-132.580889605591,-178.630004882812,4.24673509597778,17.1700000762939,7.71999979019165,16.0160007476807,36.25,990.978385136045
8.5,0.033385150875279,0.0161597285644411,0.477,0.284938675212652,-0.253941247215138,-10.3462170388159,-0.121826890413651,0.0537567914905295,-0.0817900764308836,-0.0611418734981478,0.0211832940157009,-2.64144194961305,-0.195847600707399,0.0845884615356376,-0.0844826797649973,13.9969468506679,9.64877508969844,0.559410705509739,-7.64423790530983,-15.1915954576061,-0.327683549956763,7.51900060918116,-5.98711472987067,-2.81,0.162782881087411,0.0351414452303261,17.0145261546977,17.911118409322,0.169730543853076,1.11050550812126,178.633453369141,-63.4895848126032,-132.79323513581,-178.633453369141,4.2466869354248,17.1762084960938,7.71999979019165,16.0160007476807,36.25,990.9744599441
8.525,0.0361938427133727,0.0234082785776077,0.477,0.382003348350796,-0.0646842190407312,-10.4241693947622,-0.122388187619678,0.0135761476306738,-0.0679857160141701,-0.0631510269233297,0.0205587184209094,-2.64330070682093,-0.079542313910165,0.00995895301378715,-0.0696653894167906,13.9526394187742,9.68603879352384,0.561753908758097,-7.6155720668437,-15.1888197188803,-0.337460154756612,7.5189278167352,-5.98715228521499,-2.81,0.162064886656189,0.0374122432808287,17.0007013882503,17.8839935017921,0.169730282234239,1.11050544956246,178.6455078125,-63.8635910956061,-133.536444491736,-178.6455078125,4.24651861190796,17.1979312896729,7.71999979019165,16.0160007476807,36.25,990.973723312904
8.55,0.0352440171455561,0.0282214016291043,0.477,0.400144787180099,-0.143977574762648,-10.1786257399771,-0.119836795852996,-0.0391684615199058,-0.0541031433812862,-0.0684254754841969,0.0208498062985496,-2.64487561135593,-0.179594439541674,-0.00983497284048442,-0.0630605439105038,13.926486127835,9.67703531801834,0.582141246625768,-7.61966293996523,-15.1569744473862,-0.371186110435956,7.51885502428924,-5.98718984055931,-2.81,0.160777295375306,0.0365908626714759,16.9871788024902,17.8663787343039,0.169730020615403,1.11050539100365,178.657592773438,-64.2375973814453,-134.279653847583,-178.657592773438,4.24634981155396,17.219654083252,7.51999998092651,16.0610008239746,36.25,990.972986681708
8.575,0.0352380488084468,0.0319709154944257,0.477,0.36726377522994,0.0729519732136206,-10.1900301709109,-0.115985915752291,-0.0514234362233279,-0.0453764831122283,-0.0718094837981673,0.019529378074617,-2.6461259744114,-0.170383967206501,-0.038194315364038,-0.0500376033426849,13.9116392087811,9.71100127700798,0.583531839390646,-7.6093903666059,-15.1698933358382,-0.38636137595081,7.51878223184329,-5.98722739590362,-2.81,0.15892638352058,0.0383555266798757,16.9871788024902,17.8621662771593,0.169729758996566,1.11050533244485,178.669647216797,-64.6116036644482,-135.02286320343,-178.669647216797,4.24618148803711,17.2413787841797,7.51999998092651,16.0610008239746,36.25,990.972250050512
8.6,0.033308719313819,0.0376310658170425,0.477,0.249013530494808,0.0383544669765154,-10.2476205047367,-0.0382682110184414,-0.0199788450633028,-0.0373191715494221,-0.0686941574867904,0.0170615297473781,-2.64700945280858,0.00778741249154323,-0.0301806977944766,-0.0362403781779495,13.8948918971927,9.70621529005583,0.614055726469154,-7.61089528041707,-15.1540582101241,-0.290677349459966,7.51854140988507,-5.98735247154571,-2.81,0.16170129301271,0.0386890483561367,16.9871788024902,17.8682773450904,0.169729534751849,1.11050528225158,178.679992675781,-64.9321804800714,-135.659899794167,-178.679992675781,4.24603700637817,17.2600002288818,7.51999998092651,16.0610008239746,36.25,990.971395558324
8.625,0.0317549675223914,0.0326716935431002,0.477,0.272383747105918,0.0417594289106098,-10.1784352073763,-0.000803099441940102,-0.00286129288175145,-0.0215941202949625,-0.0723657794085616,0.0179950769375674,-2.64792567360964,-0.0336094560352614,-0.00497472472684528,-0.0268585947652316,13.8829086745531,9.67285334098968,0.598276910849776,-7.62963698924292,-15.1103141836531,-0.352455625575555,7.5182459631106,-5.98750599921457,-2.81,0.159272288274256,0.0365698797026807,16.9770073827445,17.8528292284592,0.169729534751849,1.11050528225158,178.679992675781,-64.9321804800714,-135.659899794167,-178.679992675781,4.24603700637817,17.2600002288818,7.51999998092651,16.0610008239746,36.25,990.969833900189
8.65,0.0323739097661148,0.0341513686417466,0.477,0.3221376568716,0.219717673273096,-9.71021133908617,0.0543617753132296,-0.0230499320853768,-0.0164915242693844,-0.0671309898615339,0.0163198462516751,-2.64817157719264,0.0532810298068832,-0.0110132241392069,-0.0152853306548216,13.8663435983802,9.68250815476855,0.621354770121218,-7.61483134116965,-15.1116320251397,-0.25583566632572,7.51795051633613,-5.98765952688344,-2.81,0.162908574536405,0.0378455441018232,16.9664314178952,17.8541792401445,0.169729534751849,1.11050528225158,178.679992675781,-64.9321804800714,-135.659899794167,-178.679992675781,4.24603700637817,17.2600002288818,7.48000001907349,16.0650005340576,36.25,990.968272242053
8.675,0.0320665096210183,0.0300712260072594,0.477,0.282462180138612,-0.0872494908797117,-9.18264646739701,0.117389068117428,-0.0559212462018085,-0.0136341750838144,-0.0644740907253032,0.0150553193283408,-2.64857844196284,0.108463121156535,-0.0395574221923646,-0.0118062252500079,13.8614570968338,9.65403382078991,0.59785151959697,-7.63114955383862,-15.0800714476854,-0.234072466246859,7.51765506956167,-5.9878130545523,-2.81,0.162660730819292,0.0366920095742106,16.9653911590576,17.8547149757312,0.169729534751849,1.11050528225158,178.679992675781,-64.9321804800714,-135.659899794167,-178.679992675781,4.24603700637817,17.2600002288818,7.48000001907349,16.0650005340576,36.25,990.966710583917
8.7,0.0295278782211356,0.0250100403848292,0.477,0.152754844433643,-0.015199742798347,-8.77361434773791,0.0667266242481094,-0.058129397233665,-0.00877648679702212,-0.0664204195046914,0.0139724057347785,-2.64904381369243,0.118647740752674,-0.0934429591684086,-0.0083471168610708,13.8492833078563,9.66766855393565,0.514510114064457,-7.62260488627182,-15.0772524563731,-0.321771941091447,7.51747453312446,-5.98790400844795,-2.81,0.156907962864362,0.0373656476050407,16.9653911590576,17.8333827107077,0.169729534751849,1.11050528225158,178.679992675781,-64.9321804800714,-135.659899794167,-178.679992675781,4.24603700637817,17.2600002288818,7.48000001907349,16.0650005340576,36.25,990.965148925781
8.725,0.0284234867550106,0.0277000528415139,0.477,0.141410533706972,-0.092397614248569,-8.56249715164534,0.0719441435721694,-0.035468112112063,-0.007120589898798,-0.0621886834438016,0.0127767388002508,-2.64922623078634,0.0462180619127446,-0.032259764490022,-0.0102033635122489,13.8432705280242,9.66157861532655,0.555249267148266,-7.62277129779368,-15.0709690412457,-0.223140987302413,7.51733252724125,-5.98797398074868,-2.81,0.161038639330679,0.0375993738014693,16.948831548109,17.8441974505279,0.169729273133013,1.11050522369278,178.689651489258,-65.3061867644925,-136.403109150093,-178.689651489258,4.24637413024902,17.2431030273438,7.48000001907349,16.0650005340576,36.25,990.968655290275
8.75,0.0282531766792057,0.0281725581035887,0.477,0.180158824913338,-0.0619136274798371,-8.4091234195928,0.0119820364250706,-0.0136153015831886,-0.00230916811792813,-0.0628970173446832,0.0118223738061116,-2.64952348265785,0.103978012651667,-0.0526467336167642,-0.00385684019399666,13.8406959810345,9.67808989451357,0.509798270252437,-7.61819017179972,-15.0792610489612,-0.263150613985195,7.51719052135804,-5.98804395304941,-2.81,0.157952907434809,0.0385219813203139,16.9291535688648,17.8386215500765,0.169729011514176,1.11050516513397,178.699310302734,-65.6801930489135,-137.146318505939,-178.699310302734,4.24671077728271,17.2262077331543,7.73999977111816,16.0069999694824,36.25,990.972161654768
8.775,0.0276251419991344,0.0281735577858999,0.477,0.233343407736516,0.0706444266704084,-8.47321412668888,0.00841596564709944,-0.0109773303514426,0.00154923028555292,-0.0618092797737229,0.0111806350207778,-2.64954864798822,0.0959321481055209,-0.0403485774892996,0.0037926275345758,13.8426300034041,9.6631474234455,0.551559244154901,-7.62672281855883,-15.0695613464633,-0.201149228810573,7.51704851547484,-5.98811392535014,-2.81,0.16063956803793,0.0378144849265382,16.9248523712158,17.8497226820553,0.16972874989534,1.11050510657517,178.708953857422,-66.0541993333346,-137.889527861865,-178.708953857422,4.24704837799072,17.2093105316162,7.73999977111816,16.0069999694824,36.25,990.975668019262
8.8,0.0270030065578741,0.0262860982176366,0.477,0.168966768896786,-0.0409995402894043,-8.51205150386217,0.0384530356745231,-0.010039926260778,0.00815206905480827,-0.0620629428850706,0.0120786284870748,-2.64950602152867,-0.0460866034724849,0.0109605449732102,0.00338666376966934,13.8400513703854,9.62893752247691,0.596236059836522,-7.63894335447482,-15.0411715452404,-0.169293117097562,7.51677600775208,-5.98825221526244,-2.81,0.16322353576416,0.0358428588738716,16.9248523712158,17.8500563198853,0.169728488276503,1.11050504801636,178.718612670898,-66.4282056177556,-138.632737217712,-178.718612670898,4.24738502502441,17.1924152374268,7.73999977111816,16.0069999694824,36.25,990.979174383755
8.825,0.028407335309584,0.0286306306784251,0.477,0.164312107910279,-0.0197483989905076,-8.6343567488677,0.0479964689641814,0.000480593377439957,0.0131284307946744,-0.0589915702861078,0.010615693713591,-2.64936209882712,0.0912573019591797,-0.0173197581968859,0.0115567974035553,13.8320791107223,9.65376117622714,0.59153497106393,-7.61861625032179,-15.0602911566702,-0.125489846425128,7.51646303640787,-5.98841168784912,-2.81,0.164232864200763,0.0376242566159981,16.9153852842215,17.8487035068953,0.169728450902384,1.11050503965082,178.720001220703,-66.4816350865534,-138.738909982901,-178.720001220703,4.24743318557739,17.1900005340576,7.73999977111816,16.0069999694824,36.247932434082,990.978766079607
8.85,0.0282738792950075,0.0288371998548036,0.477,0.17842915281261,0.0413101698780256,-9.01091781823986,0.0725411008307191,0.0293381598381812,0.0134965438252386,-0.0605705555209349,0.0124942453423366,-2.64929336021484,-0.00405264100942961,0.025466730226775,0.00786704209532902,13.8423769287071,9.6183374058579,0.606269347935437,-7.64272403835124,-15.0352132936273,-0.150021666146729,7.51615006506367,-5.9885711604358,-2.81,0.164615211716322,0.035387631987645,16.9022604590702,17.8524139181733,0.169728450902384,1.11050503965082,178.720001220703,-66.4816350865534,-138.738909982901,-178.720001220703,4.24743318557739,17.1900005340576,7.32000017166138,16.0590000152588,36.2455177307129,990.977705330684
8.875,0.0295248314863007,0.0313450969733283,0.477,0.259804058152546,0.124474085949915,-9.81664204324134,0.0561754165515421,0.0684032670924309,0.0149405664207895,-0.0589809580195632,0.0138432321019889,-2.64907230271968,0.00668705467554557,0.0665463494133678,0.0112883560139378,13.8443237113217,9.64604112816032,0.620988384287657,-7.62780803108932,-15.0629971594685,-0.140343358008675,7.51583709371947,-5.98873063302248,-2.81,0.166532492575797,0.037079189961848,16.8978137969971,17.854953577236,0.169728450902384,1.11050503965082,178.720001220703,-66.4816350865534,-138.738909982901,-178.720001220703,4.24743318557739,17.1900005340576,7.32000017166138,16.0590000152588,36.2431030273438,990.976644581762
8.9,0.0327045740075497,0.0280911710833991,0.477,0.343715084902881,-0.0300602042427659,-10.0224082638395,0.131902815945629,0.0860998841829135,0.0169033479056528,-0.0508329606435554,0.0145338899876504,-2.64854122507123,0.144827504359055,0.101396724504857,0.0206027862418178,13.8533037523803,9.6131623514042,0.677943897849542,-7.64390843389301,-15.0451661563271,-0.0127421179644573,7.515703233779,-5.98879794731515,-2.81,0.173825404710786,0.0361521269103921,16.8978137969971,17.8789340484949,0.169728450902384,1.11050503965082,178.720001220703,-66.4816350865534,-138.738909982901,-178.720001220703,4.24743318557739,17.1900005340576,7.32000017166138,16.0590000152588,36.2406921386719,990.975583832839
8.925,0.0330437272305511,0.0189802834963883,0.477,0.370778234057359,-0.211887268687488,-10.2032680632063,0.0423694837240539,0.0622397914843572,0.0264932772537879,-0.0527039083557319,0.0171094306348468,-2.64815483680258,0.0702421709008932,0.0626034930352106,0.0258320869008508,13.8456766847399,9.60249568139524,0.617286027049715,-7.63653279373752,-15.0319372607825,-0.126322154925518,7.51562313062252,-5.9888376020987,-2.81,0.170252746224174,0.0352537577147411,16.8946160283582,17.8484623250618,0.169728264934543,1.1105049978231,178.726898193359,-66.7487824319607,-139.267209248987,-178.726898193359,4.24701166152954,17.1710338592529,7.32000017166138,16.0590000152588,36.2400016784668,990.972776215652
8.95,0.0343100668071863,0.0189241087506197,0.477,0.409021550314644,0.0216805004977907,-10.5444529785476,0.050154742000481,0.0478974061028695,0.029331450704419,-0.048325313929655,0.0176381840358425,-2.64736794546431,0.0193493627575742,0.0657541926532589,0.0301997783058299,13.8479050491357,9.59623708448116,0.640959204968174,-7.63032503231881,-15.0345148590392,-0.0676164800850558,7.51554302746604,-5.98887725688226,-2.81,0.17388365396193,0.0353170592861278,16.8892961041681,17.8533343183918,0.169728004579565,1.11050493926429,178.736557006836,-67.1227887163817,-140.006828221509,-178.736557006836,4.246422290802,17.1444835662842,7.30999994277954,16.0480003356934,36.2400016784668,990.969269851158
8.975,0.0346284004138032,0.0160990706966364,0.477,0.358468486683672,-0.193399791390009,-10.9289410730825,0.0262737268437431,0.0502486071981728,0.028447132941351,-0.0480458658751702,0.0190611182643791,-2.64679135183766,-0.0199929933707412,0.0701101106235915,0.0283571927066355,13.8527641192636,9.5848006664852,0.594112082395935,-7.63161925461282,-15.0286953116549,-0.130963768754723,7.51546292430955,-5.98891691166581,-2.81,0.171758370448945,0.0346012306965344,16.8868541717529,17.8417747767497,0.169727744224588,1.11050488070549,178.746200561523,-67.4967950022209,-140.74644719403,-178.746200561523,4.2458324432373,17.1179313659668,7.30999994277954,16.0480003356934,36.2400016784668,990.965763486665
9,0.0365247961460778,0.0167455906664523,0.477,0.383906667638561,0.00521034523801187,-10.6166213309182,-0.0465199726509794,0.0423138077943203,0.034155591952265,-0.0508807622704658,0.0200326509851698,-2.64611124125712,0.0192125924876133,0.0154738917990533,0.0392502982483318,13.851303450626,9.59207668049344,0.544868156141635,-7.61621575643618,-15.0368804613116,-0.221149671053536,7.51526069234781,-5.98901976826226,-2.81,0.167912908205439,0.0345115994906971,16.8868541717529,17.8193015762857,0.169727483869611,1.11050482214668,178.755859375,-67.870801286642,-141.486066166552,-178.755859375,4.24524259567261,17.0913791656494,7.30999994277954,16.0480003356934,36.2400016784668,990.962257122171
9.025,0.0357429858509114,0.0204070966808678,0.477,0.429801910379098,0.0200564533504786,-10.2366647295001,0.00910598791066172,0.00690960605894696,0.0335286627538499,-0.0506035741438059,0.0207294976934726,-2.64533094918284,-0.0666640562535866,0.0298353203361355,0.033378090191107,13.8536671610271,9.54409295191043,0.616645310398142,-7.6289160765694,-15.0056639658813,-0.154090758234774,7.5150113168011,-5.98914702172421,-2.81,0.172213368842047,0.0316760070221193,16.8802876712789,17.8238595315505,0.169727372288906,1.11050479705005,178.759994506836,-68.0310896944536,-141.803045726204,-178.759994506836,4.24498987197876,17.0799999237061,7.30999994277954,16.0480003356934,36.2413787841797,990.961242675781
9.05,0.0358820907839307,0.0211602185882288,0.477,0.296972805749813,-0.15296778883328,-9.7126109860696,-0.0112361514794434,-0.0435829757487641,0.0423243914730449,-0.0488346586265228,0.0186537199218089,-2.6443697803165,0.109048633217651,-0.0571712578009847,0.0417047563903825,13.8359144077248,9.55724292993123,0.568804399922305,-7.59359602290305,-15.0136525667698,-0.15650690162939,7.51476194125439,-5.98927427518617,-2.81,0.170197383178662,0.032525058671466,16.8666323350658,17.7972725310882,0.169727372288906,1.11050479705005,178.759994506836,-68.0310896944536,-141.803045726204,-178.759994506836,4.24498987197876,17.0799999237061,7.3600001335144,16.0520000457764,36.2437934875488,990.962097167969
9.075,0.0346243578821897,0.0186387275655472,0.477,0.143743514397037,0.0955832090302223,-9.25133995436212,0.00485740830475203,-0.0679131735483398,0.0488016475071296,-0.0481268399721188,0.0166303444265083,-2.64333569302568,0.104662394981039,-0.0909798499386787,0.0463267345595689,13.8420791904921,9.51408423910183,0.572427166423076,-7.60447017348752,-14.9869000033273,-0.116145409923307,7.51451256570768,-5.98940152864812,-2.81,0.170292808743278,0.0299974556107702,16.8587226867676,17.798749125217,0.169727372288906,1.11050479705005,178.759994506836,-68.0310896944536,-141.803045726204,-178.759994506836,4.24498987197876,17.0799999237061,7.3600001335144,16.0520000457764,36.246208190918,990.962951660156
9.1,0.0308230426679896,0.0173997059747343,0.477,0.106039860081993,-0.0261126240946439,-9.04217948662819,0.04465854798452,-0.0427943122880264,0.0508984099367901,-0.0512328114676585,0.0165564951449704,-2.64234003102955,0.00821380108634936,-0.059803500633701,0.0440601931427217,13.8585628061525,9.47722984767517,0.542894581903425,-7.62138822885838,-14.9685348277925,-0.172597042212584,7.51444346413588,-5.989436304889,-2.81,0.167002557503776,0.0272999129616358,16.8587226867676,17.795322578824,0.169727372288906,1.11050479705005,178.759994506836,-68.0310896944536,-141.803045726204,-178.759994506836,4.24498987197876,17.0799999237061,7.3600001335144,16.0520000457764,36.2486228942871,990.963806152344
9.125,0.032079673797102,0.0218010395470453,0.477,0.21235681682514,0.0798804087253053,-9.35388322496841,0.0270356467662301,0.0029665289226598,0.0575533671296704,-0.0458368469801324,0.015281127853939,-2.64096471564538,0.0617242120818682,-0.00311233641518339,0.0572043725781013,13.8697124061331,9.49114277469391,0.539445200228832,-7.60500844512304,-14.9964630932416,-0.107961869039161,7.51441762086539,-5.9894488904199,-2.81,0.169189926234843,0.0285309617070236,16.8541143604552,17.8051778838598,0.169727261430407,1.11050477195342,178.763092041016,-68.1913781022652,-142.117973638208,-178.763092041016,4.24464654922485,17.0706901550293,7.3600001335144,16.0520000457764,36.248966217041,990.96495740167
9.15,0.0320826797474722,0.0199125985316162,0.477,0.222117747873153,0.282780692240125,-9.98481445586676,0.0633801285212694,0.0365051146504386,0.0560481831472429,-0.0482575872787838,0.016192652706915,-2.64036414537093,0.0631679072263674,0.00065305761276022,0.0582677107256004,13.8873292354563,9.44996740808448,0.52749418502481,-7.63082032799606,-14.9728073325669,-0.153847738774141,7.5143917775949,-5.98946147595081,-2.81,0.167406824226598,0.025746430197605,16.8413367284072,17.808231168135,0.169727002760575,1.11050471339462,178.77033996582,-68.5653843866863,-142.852805432883,-178.77033996582,4.24384593963623,17.0489654541016,7.61999988555908,16.003999710083,36.2465515136719,990.966504327182
9.175,0.0330327090557205,0.0227748422752526,0.477,0.202141815690456,0.00567678405636415,-10.3640569706973,0.104577067061274,0.07210829634099,0.0517404048183506,-0.045617467590218,0.0181658656786523,-2.63863682923448,0.139151419813648,0.0376272863179491,0.0561009291851726,13.904065421772,9.42508298151331,0.576254273463066,-7.63152541409357,-14.9745023670248,-0.106734076212732,7.51436593432441,-5.98947406148171,-2.81,0.171827977204018,0.0243236674338492,16.8323993682861,17.8167450743452,0.169726744090743,1.11050465483581,178.777587890625,-68.9393906696891,-143.587637227637,-178.777587890625,4.24304580688477,17.0272407531738,7.61999988555908,16.003999710083,36.2441368103027,990.968051252694
9.2,0.0358890435112114,0.0161244890308373,0.477,0.29001655432238,-0.00332892265177273,-10.6540790517114,0.0734061080553001,0.0957197399238058,0.0527891065352149,-0.0425021703114052,0.0210732403454873,-2.63705756289752,-0.0101133461502503,0.115457776582222,0.0509677142888064,13.9169524621823,9.40090581913395,0.569862272327881,-7.63131636422331,-14.9710095326561,-0.123382278101679,7.51434009105392,-5.98948664701262,-2.81,0.173670139709575,0.0230551018730211,16.8323993682861,17.8122591938877,0.169726485420911,1.110504596277,178.784820556641,-69.3133969541102,-144.322469022313,-178.784820556641,4.24224519729614,17.0055160522461,7.61999988555908,16.003999710083,36.2417259216309,990.969598178206
9.225,0.0390729154652465,0.0160194158283481,0.477,0.355123401386222,0.0879348147089554,-10.8190803770662,0.095186894883033,0.0960027683395187,0.0491962727428118,-0.0388815862503704,0.0224129457891853,-2.63593603353824,0.138530191444093,0.0742872739966877,0.0502746910813693,13.9233079558432,9.39884365511507,0.523680185863752,-7.6218851215918,-14.9784550289244,-0.154141374582672,7.51431424778343,-5.98949923254353,-2.81,0.173234628423065,0.0232225188442638,16.8306196146998,17.8033548157915,0.169726300656745,1.11050455444929,178.789993286133,-69.5805443009356,-144.847348875731,-178.789993286133,4.24167346954346,16.9899997711182,7.61999988555908,16.003999710083,36.2400016784668,990.970547380119
