0,-0.051015285241605,-0.0275735748501208,0.473,0.845534457142713,-0.542275957174886,-8.16618438259057,-0.0762427136083237,-0.0477743770859149,0.0228243336016813,-0.0734959244728088,-0.0137262186035514,-2.5579617023468,-0.0128934606909752,-0.0602219142019749,0.0214137136936188,14.3976039615493,8.81082396368832,0.164745760537055,-7.16989691313872,-15.2794013755045,-0.28501189367358,7.55073024321768,-6.3027363216455,-2.81,0.128830239828726,-0.0452089615358075,16.8668155670166,17.4256404273335,0.169789807952238,1.11052690688102,178.5,0,0,-178.5,4.27274036407471,17.0599994659424,6.19000005722046,15.4949998855591,29.6800003051758,991.42333984375
0.025,-0.051026408104256,-0.0205858114299448,0.473,0.0883639766786163,-0.0194965745200021,-8.55757923305088,-0.0543303223466083,-0.0272009310562797,0.0190215719406826,-0.0790726901901078,-0.0144041868147946,-2.55745568354151,-0.0956720855516276,-0.029599816513064,0.0172269280278382,14.411599528889,8.77402520585423,0.213097936591317,-7.19365588373917,-15.261058795843,-0.273000880562139,7.55049426767171,-6.30285832789554,-2.81,0.128341251664587,-0.0480164993073367,16.8668155670166,17.4377660221518,0.169789538454533,1.11052685003045,178.512420654297,-0.36309602606424,-0.765574052925302,-178.512420654297,4.27239322662354,17.0475673675537,6.26999998092651,15.4750003814697,29.682487487793,991.419955526816
0.05,-0.0510294341022522,-0.018684775808933,0.473,0.0206668641177085,0.0550668430253225,-8.61424140192338,-0.0450430701996408,-0.00931115182810684,0.0211161417169754,-0.0799973381438073,-0.0147713749884804,-2.55691152083214,-0.0950171688856294,-0.0100676943444561,0.0173791011316413,14.4145171594622,8.7772224986419,0.225819828176577,-7.18573975972936,-15.2697324665142,-0.263341664805852,7.55025829212573,-6.30298033414557,-2.81,0.128508282778862,-0.0480244608533077,16.8668155670166,17.4366783265571,0.169789268956828,1.11052679317989,178.524871826172,-0.726192053546645,-1.5311481058506,-178.524871826172,4.27204608917236,17.035135269165,6.26999998092651,15.4750003814697,29.6849746704102,991.416571209882
0.075,-0.0505541352384403,-0.0172527976715307,0.473,0.0471817751966322,0.0773862264341435,-8.88278595855021,-0.0187823906908072,0.0183296959841125,0.0201315818660296,-0.0805455595254898,-0.0149890799075365,-2.55658888816833,-0.0946288704872131,0.00151285040192306,0.0174693241715431,14.4262125155047,8.74833156666985,0.2677850831085,-7.20430048777576,-15.2568009302195,-0.220684052709216,7.54996183161496,-6.30313595967044,-2.81,0.130494094654813,-0.0497510050521593,16.8625688552856,17.4516741337077,0.169788999459123,1.11052673632933,178.537292480469,-1.08928807961088,-2.29672215877591,-178.537292480469,4.27169895172119,17.0227031707764,6.26999998092651,15.4750003814697,29.6874599456787,991.413186892948
0.1,-0.0503943622300274,-0.0167842333438605,0.473,0.0474097848784347,0.0959078959071711,-9.22325775560565,-0.00220717841344825,0.0540926241172802,0.0181355826565886,-0.0806544751237603,-0.0138851952301066,-2.55600158220407,-0.0084869120872682,0.0346519776135483,0.0217016426415055,14.4394721247451,8.72517665751647,0.29187605678082,-7.21759888320044,-15.2503700273052,-0.211506430581025,7.54962204513507,-6.30331566700917,-2.81,0.131948186667736,-0.0511729655914974,16.8583221435547,17.4606060748954,0.169788729961418,1.11052667947877,178.549743652344,-1.45238410567512,-3.06229621178005,-178.549743652344,4.27135181427002,17.0102710723877,6.53000020980835,15.4530000686646,29.6899471282959,991.409802576014
0.125,-0.0491262122923378,-0.0177323627998373,0.473,0.0963131988776675,0.156609520599873,-9.53423111700166,0.0229954565644022,0.0834736743478561,0.0179509776428703,-0.0797593452594258,-0.0127119216471621,-2.55559956323053,-0.0166292833607514,0.0647714640924609,0.0193923425545398,14.4495185075758,8.69842568937945,0.336728799731388,-7.23161178849655,-15.2393637125075,-0.173682000760648,7.54928225865519,-6.30349537434789,-2.81,0.135152974095832,-0.0526471710042643,16.8583221435547,17.4721133347733,0.169788724102772,1.11052667824288,178.550003051758,-1.46027749785438,-3.07893912598437,-178.550003051758,4.27134418487549,17.0100002288818,6.53000020980835,15.4530000686646,29.6900005340576,991.406373719911
0.15,-0.0475284130356212,-0.0196561374931177,0.473,0.213562205752667,0.08397624772614,-9.71040456300204,0.0423326103722338,0.0852380932194846,0.0185047692336247,-0.0780550930067393,-0.0114947852968487,-2.55524292483765,0.0112078866887658,0.0822298345458091,0.0194440311007762,14.4538886470904,8.67217424088066,0.378468403458187,-7.24142178604042,-15.2252727738723,-0.13274372655841,7.5489424721753,-6.30367508168661,-2.81,0.138667953827501,-0.0540032908891625,16.8583221435547,17.4790583678183,0.169788724102772,1.11052667824288,178.550003051758,-1.46027749785438,-3.07893912598437,-178.550003051758,4.27134418487549,17.0100002288818,6.53000020980835,15.4530000686646,29.6900005340576,991.40294387405
0.175,-0.0449945633698356,-0.0196417176247609,0.473,0.196645227437443,0.169923363662431,-9.91014043010232,0.0615354371058624,0.0732890148147355,0.016148413813305,-0.0770912242351952,-0.00850025088354845,-2.55487483973062,0.0198738151423325,0.0719455482662583,0.0171009945015147,14.4632050862735,8.62982012453138,0.417614243331315,-7.26438417012304,-15.2001815894799,-0.125302359553775,7.54862143099517,-6.30384406528653,-2.81,0.141913354108011,-0.0563877530262282,16.853627204895,17.4864964387881,0.169788724102772,1.11052667824288,178.550003051758,-1.46027749785438,-3.07893912598437,-178.550003051758,4.27134418487549,17.0100002288818,6.53000020980835,15.4530000686646,29.6900005340576,991.399514028188
0.2,-0.0440342563966477,-0.0256826845944381,0.473,0.167553889731767,0.190480764047924,-9.99594471731827,0.0923103692899158,0.0603462129830081,0.0125673278392102,-0.0734725335024719,-0.00760437808395663,-2.55444684421827,0.077696907092962,0.0635712883342642,0.0180301252915615,14.4605622030003,8.6275523797755,0.42652093476493,-7.25574862250649,-15.2009523188941,-0.0979792126286516,7.54830920454937,-6.3040080061872,-2.81,0.144608041454774,-0.0561755872264848,16.8489322662354,17.4834436825631,0.169788724102772,1.11052667824288,178.550003051758,-1.46027749785438,-3.07893912598437,-178.550003051758,4.27134418487549,17.0100002288818,6.53000020980835,15.4530000686646,29.6900005340576,991.396084182327
0.225,-0.043552993963892,-0.0267907075324307,0.473,0.164823418993678,0.203524627628805,-10.1257583382606,0.0969082837275193,0.069028193156915,0.00916953041470679,-0.0724803823078567,-0.00598056714654136,-2.55429092091435,0.0846672322824355,0.0551800750289069,0.0118741928652242,14.4718162164766,8.60012795938384,0.423836316441131,-7.27771113358368,-15.1854317326934,-0.113518686598461,7.54799697810357,-6.30417194708788,-2.81,0.14521261886915,-0.0576431862223324,16.8489322662354,17.4914095448562,0.169788466737464,1.11052662344898,178.552383422852,-1.81023795623904,-3.81004814240038,-178.552383422852,4.27001571655273,17.0147571563721,6.65999984741211,15.4739999771118,29.6876220703125,991.392639819996
0.25,-0.0421285074662238,-0.0263178952763126,0.473,0.198631437800615,0.136185425686694,-10.6165364038566,0.131919328467056,0.09208518381401,0.00194208865848866,-0.0700207461835242,-0.00409332718154966,-2.55432303941743,0.0628378789853282,0.0733206682665,0.00375760596457574,14.4797160527232,8.59277711543716,0.430290522994203,-7.2880340440778,-15.1840379974247,-0.11267352118729,7.54768475165778,-6.30433588798855,-2.81,0.147194455057363,-0.057754388516307,16.8489322662354,17.4992351796234,0.169788197673733,1.11052656616444,178.554870605469,-2.17610570760648,-4.57438938690699,-178.554870605469,4.26862716674805,17.0197296142578,6.65999984741211,15.4739999771118,29.6851348876953,991.389194797825
0.275,-0.0402145363180998,-0.0301367268120363,0.473,0.277341579149871,0.102608838908592,-10.9772184330343,0.125339990756466,0.100196564203441,-0.00472442323494383,-0.0660601090033543,-0.00141021860989956,-2.55460216267017,0.106849059075523,0.0743338317662975,-0.00206558693451811,14.4800051492516,8.60826726210116,0.406274896373368,-7.28418450980166,-15.1940198876127,-0.14244069478697,7.54737252521198,-6.30449982888923,-2.81,0.148455856367793,-0.0563719249113742,16.8429946899414,17.4961288176596,0.169787928610002,1.11052650887991,178.557357788086,-2.54197345897391,-5.33873063133475,-178.557357788086,4.2672381401062,17.0247039794922,6.65999984741211,15.4739999771118,29.6826496124268,991.385749775655
0.3,-0.0395807655340861,-0.0314012515457477,0.473,0.335063977005223,0.0571792135423662,-11.1041514304225,0.124368281537501,0.0729316748959676,-0.00765227307409298,-0.0629333260837243,-2.40623371342431e-06,-2.55479283601948,0.0704499562307754,0.0473289773342565,-0.00843321245024153,14.4719466030476,8.60052974962099,0.408140562762072,-7.28414415759576,-15.1821059601429,-0.133535317069078,7.54731292473802,-6.30453189747058,-2.81,0.150571129495615,-0.0564212629399102,16.8370571136475,17.4913379597536,0.169787659546271,1.11052645159537,178.559829711914,-2.90784121175952,-6.10307187576251,-178.559829711914,4.26584959030151,17.0296745300293,6.48000001907349,15.4870004653931,29.6801624298096,991.382304753484
0.325,-0.039735958945053,-0.0344416310256085,0.473,0.294174148190309,-0.00103277950574729,-10.9149017268318,0.0884655355009091,0.0275978968794773,-0.00931686919219877,-0.0597521279782173,0.0013651282886047,-2.55498416114309,0.0365865414700044,0.0199400856890356,-0.0146191871308518,14.4591846553401,8.60187786378958,0.400138898643677,-7.27558742528911,-15.174594213105,-0.133988445610729,7.54729192825395,-6.30454381453051,-2.81,0.152190181171898,-0.0559566013802536,16.8370571136475,17.4801768939038,0.169787641998636,1.11052644785942,178.559997558594,-2.93170215194277,-6.15292021781955,-178.559997558594,4.26575899124146,17.0300006866455,6.48000001907349,15.4870004653931,29.6800003051758,991.385754394531
0.35,-0.0401974915625905,-0.0428266842509546,0.473,0.223578858038427,0.161880837962321,-10.4849962545487,0.0944793268579112,-0.0148614420906734,-0.0149502746323424,-0.0552665871862957,0.000266508366633864,-2.55538942022653,0.133045322988049,-0.0271253899467045,-0.0121407142631948,14.4565215933223,8.59720670862507,0.26973763570459,-7.28594246944151,-15.1607032266698,-0.209423413139661,7.54727093176988,-6.30455573159044,-2.81,0.147027780331182,-0.0555976696641437,16.8370571136475,17.4705056264724,0.169787641998636,1.11052644785942,178.559997558594,-2.93170215194277,-6.15292021781955,-178.559997558594,4.26575899124146,17.0300006866455,6.48000001907349,15.4870004653931,29.6800003051758,991.389685058594
0.375,-0.0401984989919565,-0.0421937826057154,0.473,0.175196644981787,0.0539543688053354,-10.3725399449035,0.104702229505675,-0.0170408766364314,-0.0187205465280491,-0.0547045184730435,-0.000159291220161491,-2.55590774343191,0.131855371072682,-0.0364427647806264,-0.01527064334418,14.4512656358567,8.60347146517157,0.231752655812292,-7.28712447160578,-15.1576481081763,-0.236706120777985,7.54724993528581,-6.30456764865038,-2.81,0.145108407672373,-0.0550923746650638,16.8360023498535,17.4658964572541,0.169787641998636,1.11052644785942,178.559997558594,-2.93170215194277,-6.15292021781955,-178.559997558594,4.26575899124146,17.0300006866455,6.48000001907349,15.4870004653931,29.6800003051758,991.393615722656
0.4,-0.0401998678464876,-0.0422062791412988,0.473,0.191208000612334,0.0562000516050518,-10.2681853834419,0.0756611547714562,-0.00995552158459531,-0.0214558579285537,-0.051383691460526,-0.000862581337282046,-2.55635466674641,0.141132341653259,-0.0264853354280444,-0.0158151223717509,14.4537208024698,8.61052658550009,0.22396098549985,-7.29198246920314,-15.1619880207567,-0.206112992416279,7.54708173129061,-6.30465725270239,-2.81,0.146288699460096,-0.05413696653032,16.8349475860596,17.4765660880323,0.169787641998636,1.11052644785942,178.559997558594,-2.93170215194277,-6.15292021781955,-178.559997558594,4.26575899124146,17.0300006866455,6.84000015258789,15.4280004501343,29.6800003051758,991.397546386719
0.425,-0.0409848554176492,-0.0474274208045786,0.473,0.156192351041737,0.0796209979243064,-10.1422194036766,0.0971032556074615,-0.0134700031711039,-0.0291484548284368,-0.0505634838816807,-0.000931749106294875,-2.5569047990592,0.0925508498696614,-0.0214022874736651,-0.0248531243617115,14.452802360139,8.60353418188867,0.195979042018759,-7.30412208224968,-15.1506300047365,-0.225644260389754,7.54690220010518,-6.30475283454271,-2.81,0.145104409307676,-0.0543337100700613,16.8349475860596,17.478025052451,0.169787397124225,1.11052639515991,178.557723999023,-3.26828602256299,-6.84854579081627,-178.557723999023,4.26492691040039,17.01637840271,6.84000015258789,15.4280004501343,29.6822700500488,991.402142169025
0.45,-0.0417749963829694,-0.0495021070784438,0.473,0.147392280214532,0.0427997622468168,-9.88318647411049,0.0685165876766521,-0.02258120268184,-0.0337172084346118,-0.0479513568912981,-0.00136481233109317,-2.55746524809635,0.0816874730037286,-0.0203963748749724,-0.0304979083649832,14.4416704867451,8.6246781676674,0.144222636621594,-7.29283372312817,-15.1565159793017,-0.249639276666349,7.54672266891975,-6.30484841638302,-2.81,0.143558452328019,-0.0527084334138887,16.8349475860596,17.4676815745761,0.169787128928441,1.1105263374414,178.555236816406,-3.63692550065179,-7.6104214183278,-178.555236816406,4.26401567459106,17.0014591217041,6.84000015258789,15.4280004501343,29.684757232666,991.406801295925
0.475,-0.0430451753561185,-0.0501191044014998,0.473,0.146730733956515,0.137444026346547,-9.50983353768824,0.0676875203572997,-0.041948426336984,-0.0370797500385536,-0.0459446890486119,-0.00292417894419012,-2.55887095502765,0.0396195264434605,-0.0448692947668049,-0.0362527998239355,14.4271199803639,8.63861373717208,0.0881590762032098,-7.29585787042289,-15.1484205049503,-0.26650401569431,7.54654313773432,-6.30494399822334,-2.81,0.141198697847373,-0.0514101326673043,16.834171295166,17.4634852258693,0.169786860732657,1.11052627972289,178.552749633789,-4.00556497732242,-8.37229704591816,-178.552749633789,4.26310443878174,16.9865398406982,6.84000015258789,15.4280004501343,29.6872444152832,991.411460422825
0.5,-0.0450395613830519,0.206063245355357,0.473,0.131297640403901,-0.00821523636843091,-9.3360145615322,0.0694673401826963,-0.0514961060107663,-0.0390482185660188,-0.0425323998248833,-0.00485720015150448,-2.55983072350644,0.121064446609217,-0.0633360018545515,-0.0351835474615269,14.4100138872905,8.66773641488697,0.0366842873439467,-7.28126678018044,-15.1556610628019,-0.261901416782906,7.54638597423621,-6.30502763528726,-2.81,0.139837953733726,-0.0491270903563929,16.8333950042725,17.4552514924189,0.169786592536874,1.11052622200438,178.550277709961,-4.37420445541122,-9.13417267350853,-178.550277709961,4.26219320297241,16.9716205596924,6.84000015258789,15.4280004501343,29.6897315979004,991.416119549725
0.525,-0.0456719595620915,0.205430847176318,0.473,0.0984906920512151,0.0525821197218529,-9.26067294225637,0.0493322516233089,-0.0472344108695929,-0.0416835386546978,-0.0408462585897822,-0.00590918568635602,-2.5606492527167,0.122684907547972,-0.0556859724690924,-0.036180744559435,14.4097453927139,8.66974279152261,0.0239537152808112,-7.2925447142111,-15.1513884677395,-0.244939227882783,7.5463162731613,-6.30506456573048,-2.81,0.139776977066152,-0.0486114031291696,16.8333950042725,17.4650731102527,0.169786563385158,1.11052621573063,178.550003051758,-4.41427396368333,-9.21698524167174,-178.550003051758,4.26209402084351,16.9699993133545,6.82999992370605,15.4329996109009,29.6877841949463,991.410579537057
0.55,-0.0463072541667403,0.204157214563095,0.473,0.0965183546953219,0.035822559610655,-9.3289245665704,0.0435214545147612,-0.0329182240695796,-0.0448563270162283,-0.0393216308151475,-0.00677189079348206,-2.56142080832087,0.100363985056868,-0.0420471126378314,-0.0386674786824464,14.4132797252253,8.66354420417215,0.0241175329871365,-7.31040509712574,-15.1429946545721,-0.218866347688515,7.54624657208639,-6.3051014961737,-2.81,0.14036651235158,-0.0485827320811507,16.8333950042725,17.4797719637217,0.169786563385158,1.11052621573063,178.550003051758,-4.41427396368333,-9.21698524167174,-178.550003051758,4.26209402084351,16.9699993133545,6.82999992370605,15.4329996109009,29.6852970123291,991.403795726879
0.575,-0.0469423087291872,0.205760010528768,0.473,0.0402325509729188,0.27206696995481,-8.93081215451829,0.0603161235685596,-0.0249022426310223,-0.0435879613091946,-0.0393551012737661,-0.0077211040574069,-2.56325623190239,0.0426496437067532,-0.0287288538188373,-0.0460923743401879,14.3915781789263,8.6992277937848,-0.00139882041032844,-7.30142305123248,-15.1469216363936,-0.232540346794848,7.54617687101148,-6.30513842661692,-2.81,0.138765312784064,-0.0462564901707543,16.8407220840454,17.4720248409739,0.169786563385158,1.11052621573063,178.550003051758,-4.41427396368333,-9.21698524167174,-178.550003051758,4.26209402084351,16.9699993133545,6.82999992370605,15.4329996109009,29.6828117370605,991.397011916702
0.6,-0.0469144082637669,0.187654352371234,0.473,-0.116237188708076,0.731789837858718,-8.70278607077257,0.320865165615706,-0.00191418718339683,-0.0454233207775574,-0.0301907561483902,-0.00861636860404586,-2.56451920563345,0.379292481328199,-0.021142108254349,-0.0462936904539463,14.388737604063,8.67642242737466,0.0279324915423495,-7.32797870718806,-15.119705147393,-0.11000238091244,7.54607510410734,-6.30519165120152,-2.81,0.145120965532631,-0.045986800871616,16.8480491638184,17.4992317573924,0.169786563385158,1.11052621573063,178.550003051758,-4.41427396368333,-9.21698524167174,-178.550003051758,4.26209402084351,16.9699993133545,6.82999992370605,15.4329996109009,29.6803245544434,991.390228106525
0.625,-0.0470613984189777,0.183339559138465,0.473,-0.158976193345765,0.785295130554707,-8.58582197053066,0.701692453941701,0.0446140710169569,-0.0601150861476801,-0.0228333294240082,-0.00811552845127092,-2.56556388507517,0.535438178685985,0.00201299731310949,-0.0562971551981185,14.3949965081481,8.58669899892207,0.102379169020327,-7.39513988879952,-15.0422463955837,0.0231313979219725,7.54597130610352,-6.30524590788247,-2.81,0.153224302067586,-0.0497697897143133,16.8480491638184,17.5384895238569,0.169786329794065,1.11052616554062,178.556488037109,-4.73483003127834,-9.88055779475738,-178.556488037109,4.26266002655029,16.9851360321045,6.42000007629395,15.3879995346069,29.6821632385254,991.387957598712
0.65,-0.0456194066511163,0.172415307880477,0.473,-0.1151088665078,0.620462598223239,-8.74701590863558,1.0090387767571,0.0956574904656261,-0.0741445890889638,-0.00184508385215228,-0.00657834184627087,-2.56738876273145,0.822902878876635,0.040965092473093,-0.0709841900150773,14.3966514949991,8.53467019242703,0.132375564398583,-7.45101065914669,-14.9853085451985,0.211331054260261,7.54586750809971,-6.30530016456343,-2.81,0.166169080560733,-0.0490962544838147,16.8480491638184,17.58912566305,0.169786061164307,1.11052610782211,178.563949584961,-5.10346950936714,-10.6436662307664,-178.563949584961,4.26331090927124,17.0025405883789,6.42000007629395,15.3879995346069,29.6846504211426,991.386364086254
0.675,-0.0436453202069502,0.131373864377329,0.473,-0.0401496908800111,0.356659395558943,-9.05528368127484,1.24106460602755,0.118554441718317,-0.0923161133238715,0.0380646151692504,-0.00361632711519244,-2.57022873380325,1.19236906089806,0.0914847953802126,-0.0961761329690858,14.3770460238718,8.54341039382536,-0.00749024584244484,-7.47549926789318,-14.9555894343099,0.36962819388997,7.54563615654395,-6.30542093467472,-2.81,0.17968962964361,-0.0413034220489017,16.8712673187256,17.6229952040719,0.16978579253455,1.1105260501036,178.571411132812,-5.47210898603777,-11.4067746667755,-178.571411132812,4.26396179199219,17.019947052002,6.42000007629395,15.3879995346069,29.6871337890625,991.384770573796
0.7,-0.0404243315615037,0.0887978118144847,0.473,0.0661497419904434,0.0941038129649017,-9.29804136036065,1.35334258136374,0.110689523724143,-0.113429334629438,0.0742721703183177,-0.00150074849153649,-2.5729644133989,1.38201524919827,0.0842061369139539,-0.114971971129537,14.3445143534309,8.58580870738915,-0.288216242451144,-7.46478397818843,-14.9567201645883,0.371205974162907,7.5453280271705,-6.30558174095868,-2.81,0.18308623421602,-0.0315976547624252,16.8944854736328,17.6143614669471,0.169785523904793,1.11052599238509,178.578872680664,-5.84074846270841,-12.1698831027846,-178.578872680664,4.26461315155029,17.037353515625,6.42000007629395,15.3879995346069,29.6896228790283,991.383177061339
0.725,-0.0400124857839238,0.0412673764209307,0.473,0.087155033582562,0.0275934534009793,-9.11030200432379,1.39888784058613,0.0830755465876494,-0.135274943029554,0.0960337739111738,1.35575177967666e-05,-2.57523861578609,1.38065971085067,0.0651027995990899,-0.132409695967824,14.3273852498976,8.58466596823456,-0.44301176346569,-7.48260493351325,-14.9342367404005,0.38198651592892,7.54501989779705,-6.30574254724263,-2.81,0.185721524705038,-0.0268047939168182,16.8944854736328,17.6201361524208,0.169785483026351,1.11052598360184,178.580001831055,-5.89684577542389,-12.2860082995943,-178.580001831055,4.26471185684204,17.0400009155273,6.59000015258789,15.46399974823,29.6900005340576,991.382522830448
0.75,-0.0390297338478378,0.0212956178512486,0.473001509969773,0.102063469671342,-0.248570152399555,-8.98526530396393,1.37396261076895,0.0703192618195618,-0.155692757149264,0.129126991065106,0.001941462845464,-2.57890561475919,1.35551969629736,0.0507341531010947,-0.151735011466209,14.3084193114904,8.62265003473598,-0.628213214024741,-7.4984872957983,-14.9344266618713,0.459561979691998,7.54471176842361,-6.30590335352658,-2.81,0.192125875629269,-0.0167362831875618,16.8944854736328,17.6476425651559,0.169785483026351,1.11052598360184,178.580001831055,-5.89684577542389,-12.2860082995943,-178.580001831055,4.26471185684204,17.0400009155273,6.59000015258789,15.46399974823,29.6900005340576,991.382037188556
0.775,-0.0390206182704046,0.0155688997804504,0.473966925283585,0.0793262326765119,-0.5565161729125,-9.04481523515914,1.24081721727574,0.0979854952270508,-0.170661020248869,0.170318115498462,0.00455394036735404,-2.58355537444809,1.30601928685171,0.0596166939175399,-0.165639773389406,14.2886229312192,8.7145875591146,-0.879097808092178,-7.49651590163734,-14.9795236446369,0.545632906350657,7.54440363905016,-6.30606415981053,-2.81,0.198531321756922,-0.000899478278234105,16.9252185821533,17.6838466479028,0.169785483026351,1.11052598360184,178.580001831055,-5.89684577542389,-12.2860082995943,-178.580001831055,4.26471185684204,17.0400009155273,6.59000015258789,15.46399974823,29.6900005340576,991.381551546664
0.8,-0.0390072571228271,0.0136899640491964,0.475180913670127,0.103838522364119,-0.795463929716265,-9.33490588168959,1.02043314692111,0.1461522601655,-0.17524699829995,0.192356194000094,0.00725724182863339,-2.58638835281169,1.15770148915703,0.101428601333284,-0.17031469043618,14.2751961570492,8.79915982780281,-1.13328503943793,-7.46730982406257,-15.0503406700472,0.466158433417918,7.5442093741757,-6.30617014363225,-2.81,0.195353517244818,0.0100226447141702,16.9559516906738,17.6787850520039,0.169785483026351,1.11052598360184,178.580001831055,-5.89684577542389,-12.2860082995943,-178.580001831055,4.26471185684204,17.0400009155273,6.48999977111816,15.4429998397827,29.6900005340576,991.381065904772
0.825,-0.0347410588330268,0.0192250443647491,0.4763948847004,0.185392043868697,-0.847967791128375,-9.67786315357427,0.749623864137344,0.175933869640977,-0.168932536372381,0.215424500222394,0.0114688833916477,-2.5897350599804,0.92127902922021,0.1421434965267,-0.17017877144631,14.2466904558,8.90623377790269,-1.42728277787791,-7.41467911201838,-15.1403128689966,0.346099801731187,7.5440431101522,-6.30626264585429,-2.81,0.190699187731936,0.0229295781979505,16.9559516906738,17.6568621171359,0.169785259680812,1.11052593735533,178.584106445312,-6.19221529520526,-12.9204758529416,-178.584106445312,4.26872682571411,17.0441074371338,6.48999977111816,15.4429998397827,29.6900005340576,991.382122307855
0.85,-0.0313977501405087,0.0232069613138264,0.477608873122168,0.306629852051245,-0.808734689890556,-9.86383733991477,0.539618460231694,0.163468149900943,-0.161539373524984,0.237320810576785,0.0183627700777882,-2.59392290960495,0.560310103295497,0.160901331126424,-0.157158288055773,14.1828860039573,9.04315246939593,-1.75964713374903,-7.32078422913846,-15.2450400102419,0.155220416895768,7.54387684612869,-6.30635514807632,-2.81,0.183968418795467,0.0378693177493477,16.9559516906738,17.5968965465063,0.16978498931516,1.11052588137272,178.589080810547,-6.5497678706631,-13.6885155227043,-178.589080810547,4.27358770370483,17.0490818023682,6.48999977111816,15.4429998397827,29.6900005340576,991.383503351985
0.875,-0.0276113842667728,0.0276265686312652,0.478822849936836,0.280163529358251,-0.824344084188938,-10.2504094511412,0.36067885599167,0.138822694882155,-0.147139734688371,0.242187172174454,0.0206083655357361,-2.5955069065094,0.510390043258667,0.134457111358643,-0.146608024835587,14.1168389069915,9.20997220766452,-1.94899432400569,-7.18043171952741,-15.3736152871569,0.0257097375791262,7.54371058210518,-6.30644765029836,-2.81,0.176552861825717,0.0493251710602789,17.0082855224609,17.5229890483736,0.169784718949507,1.1105258253901,178.594055175781,-6.90732044612095,-14.4565551926247,-178.594055175781,4.2784481048584,17.0540542602539,6.48999977111816,15.4429998397827,29.6900005340576,991.384884396115
0.9,-0.0261486513927566,-0.491101489051413,0.480036826806975,0.270546291452338,-0.609441503754454,-10.7065903539359,0.238656541844099,0.121098262362938,-0.130053969662755,0.247607719678649,0.0243539927139568,-2.59755045327606,0.249191489049292,0.126692692077186,-0.145416705551249,14.0993045382691,9.26448799546142,-1.98961625302616,-7.16580320307821,-15.4023037359649,-0.00178746925231366,7.54365087739822,-6.30648088783867,-2.81,0.177473223202323,0.0545390610083409,17.060619354248,17.5210756019141,0.169784448583855,1.11052576940749,178.599044799805,-7.26487302016063,-15.2245948623874,-178.599044799805,4.28330850601196,17.0590267181396,6.48999977111816,15.4429998397827,29.6900005340576,991.386265440245
0.925,-0.0248789332672317,-0.492371207176938,0.481250803601818,0.333089188363987,-0.623145847927319,-10.9095582520276,0.157452548988432,0.112705103630584,-0.114559108085787,0.257171307053002,0.0293069838682666,-2.60079756618134,0.189830883627431,0.110199728406148,-0.10994826631467,14.056453944086,9.39216908039001,-2.08362704159076,-7.10573322314188,-15.4804821575117,-0.0382974906845899,7.54362165570072,-6.30649717176186,-2.81,0.177653375260179,0.0655085642385795,17.060619354248,17.5056543346765,0.169784395686227,1.11052575845437,178.600006103516,-7.33482895939209,-15.3748634934828,-178.600006103516,4.28425979614258,17.0599994659424,6.44999980926514,15.4770002365112,29.6900005340576,991.384460449219
0.95,-0.0232881172288608,-0.490780391138567,0.48246479202625,0.42046373169011,-0.646395032935596,-10.8915560847061,0.105544426730176,0.0874171973111411,-0.0953982629977742,0.259759231741333,0.0323947180468795,-2.60257402393505,0.0998655178253602,0.0942729078348056,-0.0918611184188701,14.0264249342861,9.46273677029521,-2.1255112142325,-7.06736005411304,-15.519281071024,-0.0782205022428679,7.54359243400322,-6.30651345568506,-2.81,0.177195045438911,0.0708573836148935,17.060619354248,17.4876424645689,0.169784395686227,1.11052575845437,178.600006103516,-7.33482895939209,-15.3748634934828,-178.600006103516,4.28425979614258,17.0599994659424,6.44999980926514,15.4770002365112,29.6900005340576,991.381880476668
0.975,-0.0217139714387524,-0.486339395437797,0.48367877175227,0.466381611988126,-1.03659143714679,-11.1838948234812,-0.035276957960108,0.0263264976453507,-0.0723108912319276,0.25732917344657,0.0338353192489752,-2.60436465483555,-0.0437854905003069,0.0253537469640633,-0.0720365182806854,13.964192977895,9.642985065843,-2.20209583706119,-6.94045641531801,-15.6410748158918,-0.148040299613313,7.54356321230572,-6.30652973960825,-2.81,0.172424817339018,0.0811086488710545,17.1097078323364,17.4357846339372,0.169784395686227,1.11052575845437,178.600006103516,-7.33482895939209,-15.3748634934828,-178.600006103516,4.28425979614258,17.0599994659424,6.44999980926514,15.4770002365112,29.6900005340576,991.379300504118
1,-0.0217228285104303,-0.48538485458455,0.484552610763677,0.512672913186994,-1.52251509018848,-11.4351741029385,-0.36999263236659,-0.0552114469363365,-0.0457816822837576,0.251589488400652,0.0328372165607417,-2.60570407802154,-0.320765495637635,-0.0425834887949623,-0.0404251624526178,13.9144024983524,9.81702801341084,-2.29563395300527,-6.8169702379114,-15.7710999125361,-0.236422233883484,7.54353399060821,-6.30654602353144,-2.81,0.164541100667307,0.0898610229128052,17.1587963104248,17.3903756294524,0.169784395686227,1.11052575845437,178.600006103516,-7.33482895939209,-15.3748634934828,-178.600006103516,4.28425979614258,17.0599994659424,6.44999980926514,15.4770002365112,29.6900005340576,991.376720531567
1.025,-0.0248951033936857,-0.482212579701294,0.484114620207971,0.514390583208182,-1.91805948615679,-11.3865732138754,-0.901457460788488,-0.153588425872447,0.00173848055580998,0.222162170201753,0.0277292531018809,-2.60569942276471,-0.835299574799153,-0.150806588054154,0.0247181864524095,13.8726168079284,9.97731753075071,-2.41720580597186,-6.67821153206152,-15.9042394202095,-0.543971796292805,7.54354046355469,-6.30654467663537,-2.81,0.142898758033232,0.0908352993059252,17.1587963104248,17.3063242208055,0.169784181039032,1.11052571532115,178.601928710938,-7.61031436188137,-15.9846212773497,-178.601928710938,4.28660297393799,17.0989189147949,7.30999994277954,15.3240003585815,29.6880550384521,991.368855244405
1.05,-0.0248951033936857,-0.482212579701294,0.483143432330447,0.371922254381244,-2.1695497578951,-10.9094961251385,-1.51448544477121,-0.286974977082896,0.0728596896654926,0.187322405901695,0.021879541016667,-2.60540248656573,-1.41465605977838,-0.267619321977152,0.0953805054028443,13.8205760956552,10.1425921174396,-2.54959215854015,-6.53317139804073,-16.026702646105,-0.918363995692845,7.54354696648247,-6.3065433149305,-2.81,0.117428818392385,0.0911209155477014,17.1587963104248,17.2108623871761,0.169783906767616,1.11052566020648,178.604431152344,-7.96232348673281,-16.7637562232749,-178.604431152344,4.2895975112915,17.1486473083496,7.30999994277954,15.3240003585815,29.6855659484863,991.359521814295
1.075,-0.0337676553648672,-0.465902107500769,0.48217224911182,0.32273483508885,-1.98877856389961,-10.3926808322106,-2.04488087899346,-0.453428544347905,0.169053329148829,0.166927486658096,0.0184551663696766,-2.60522866249084,-1.75380671024323,-0.336000561714172,0.136745661497116,13.7503219827093,10.36127632545,-2.3702016072281,-6.38521279238769,-16.1405874264832,-0.869340269052455,7.54355346941025,-6.30654195322563,-2.81,0.117434286740346,0.0987135924968551,17.1552867889404,17.1605693418726,0.169783632496199,1.11052560509182,178.606918334961,-8.31433261158426,-17.5428911692789,-178.606918334961,4.29259204864502,17.1983795166016,7.30999994277954,15.3240003585815,29.6830825805664,991.350188384185
1.1,-0.045278537324851,-0.452970575183472,0.481201061255802,0.265601308231736,-1.52977918071921,-9.57165006788079,-2.38724899252243,-0.62852781793468,0.27759611639853,0.126236256970726,0.00911617734805793,-2.60270811290367,-2.18404675652651,-0.445937215676119,0.204970505356497,13.6817048959405,10.5170158255632,-2.24819225965414,-6.23575767891334,-16.2143037382592,-1.03088293441375,7.54330657027759,-6.30667552694601,-2.81,0.102486778678809,0.0976927764646649,17.1517772674561,17.0642598986889,0.169783358224783,1.11052554997715,178.609405517578,-8.66634173785388,-18.3220261153618,-178.609405517578,4.29558610916138,17.2481079101562,7.30999994277954,15.3240003585815,29.6805934906006,991.340854954075
1.125,-0.0592310027691503,-0.450412294663127,0.480229880369938,0.384089717830205,-1.07466011360921,-8.52510658486634,-2.56842131545435,-0.779228726030886,0.384885862468062,0.052506310937067,-0.0120723963690077,-2.59536974695009,-2.4116680349421,-0.678578945777509,0.333165338401966,13.6525447197894,10.5726476700151,-1.92035130563365,-6.14231883508214,-16.2079463385238,-1.19791486880404,7.5430562937046,-6.30681089913775,-2.81,0.0790868654850092,0.0839887348442683,17.1517772674561,16.9682289551651,0.16978329263814,1.11052553679755,178.610000610352,-8.75051783231046,-18.508340993689,-178.610000610352,4.296302318573,17.2600002288818,8.75,15.3430004119873,29.6818923950195,991.34441973712
1.15,-0.0793890797478538,-0.364662800793065,0.479258699471512,0.411340622783721,-0.655640373031054,-6.92087512459883,-2.65434996456905,-0.91291234157516,0.472660867233575,-0.0456248609003629,-0.0432181780856633,-2.58053076308082,-2.62113455695419,-0.871195962122168,0.474595887202179,13.6731992649255,10.5179198889696,-1.49804781034473,-6.08419498072064,-16.152255629571,-1.38360893491786,7.54280601713161,-6.30694627132949,-2.81,0.0444950137702738,0.0624007040662581,17.1517772674561,16.8718660504845,0.16978329263814,1.11052553679755,178.610000610352,-8.75051783231046,-18.508340993689,-178.610000610352,4.296302318573,17.2600002288818,8.75,15.3430004119873,29.6843795776367,991.352038244299
1.175,-0.100142426087246,-0.27638111863692,0.478287525499237,0.119395373146537,-0.420347379802342,-4.79239245580812,-2.63534744738191,-0.996202953679028,0.544693589118422,-0.113001995036366,-0.0663144742045697,-2.56594839157666,-2.65273356561134,-0.948087172882569,0.546853528708417,13.7973967572845,10.3186337196211,-0.860390597216062,-6.13202322843573,-16.0863776769815,-1.09971608010553,7.54255574055862,-6.30708164352123,-2.81,0.0400150633264209,0.0406896578397285,17.1509084701538,16.8983375506576,0.16978329263814,1.11052553679755,178.610000610352,-8.75051783231046,-18.508340993689,-178.610000610352,4.296302318573,17.2600002288818,8.75,15.3430004119873,29.6868667602539,991.359656751478
1.2,-0.116127454624756,-0.22605842821572,0.477316337634776,-0.151491932354237,-0.154673316469354,-2.77929007533208,-2.54990588979415,-1.01258122521476,0.602007481729914,-0.179081845292481,-0.088711268113038,-2.54881215538514,-2.58209003532084,-0.988455726938631,0.602966465286718,13.9161673635079,10.0955327708481,-0.45048714078489,-6.15622395009616,-16.0275903303381,-0.999844767730503,7.54232533157094,-6.30721316741664,-2.81,0.022687513414162,0.0205005237362101,17.1500396728516,16.8941601323244,0.16978329263814,1.11052553679755,178.610000610352,-8.75051783231046,-18.508340993689,-178.610000610352,4.296302318573,17.2600002288818,8.75,15.3430004119873,29.6893520355225,991.367275258657
1.225,-0.13143816855272,-0.160142295871984,0.476345149800058,-0.0897147054010437,0.461006046841842,-1.09154232430121,-2.42185497986683,-0.969795803390906,0.636936726577253,-0.241087165992551,-0.108865455316887,-2.52898395246209,-2.40130350098664,-0.95758595393171,0.624676663473149,14.0116002874956,9.9149105870696,-0.182205848356184,-6.11068416599192,-16.0096700539634,-1.00677570691291,7.54209996647744,-6.3073437143237,-2.81,-0.000328555769604424,0.00543356101444214,17.1500396728516,16.8459273659794,0.169783089274262,1.11052549638139,178.613677978516,-9.00864982272597,-19.0860457574871,-178.613677978516,4.29485893249512,17.2342720031738,8.06999969482422,15.3780002593994,29.6881618499756,991.372807353252
1.25,-0.146502115213997,-0.0929708197482291,0.475373957340801,-0.0868079427544834,1.0455503105371,0.166250573001991,-2.10539821212582,-0.856868061879598,0.632414601994719,-0.299594133338198,-0.127661195184252,-2.5084628114157,-2.15169996409613,-0.87538655049206,0.630336595213952,14.1884801684923,9.58867127369069,0.229168613794041,-6.1527234702319,-15.9636622210196,-0.783317899833623,7.54187460138394,-6.30747426123076,-2.81,-0.0125142868695454,-0.0158588267708604,17.1500396728516,16.8787269245346,0.169782814134899,1.11052544170069,178.61865234375,-9.35788722369238,-19.8676463204074,-178.61865234375,4.29290628433228,17.1994609832764,8.06999969482422,15.3780002593994,29.685676574707,991.377603066934
1.275,-0.161492380305033,-0.0261278962904795,0.474402787967163,-0.211792769675357,1.32170702202195,1.00137032604318,-1.75584432234531,-0.642553697651318,0.602829978420247,-0.346012132326,-0.138329101060774,-2.48922570762353,-1.79039144851561,-0.622643277734041,0.596904551889157,14.4961990297539,9.07287322964078,0.822117504931804,-6.31108799959534,-15.9129784819978,-0.282800700359963,7.54146172688477,-6.3077034904263,-2.81,-0.00546027593147536,-0.0464836661502706,17.175386428833,17.045268489772,0.169782538995535,1.11052538702,178.623626708984,-9.70712462182247,-20.6492468833277,-178.623626708984,4.29095315933228,17.1646499633789,8.06999969482422,15.3780002593994,29.6831893920898,991.382398780617
1.3,-0.161273134704599,0.234821728054752,0.473431595521721,-0.431837674798661,1.52465676984803,1.08481678290607,-1.36580767260243,-0.338177905999343,0.55747654655992,-0.383642512746662,-0.143263083066264,-2.47348502963828,-1.4502639309221,-0.350028602267797,0.562639052380533,14.6741720746155,8.81958362457544,1.07549368332799,-6.34339978962762,-15.9373792225396,-0.185177415199337,7.54092849022975,-6.30799606371353,-2.81,-0.0125296486439272,-0.0607256488209436,17.2007331848145,17.0993942993315,0.169782263856171,1.11052533233931,178.628601074219,-10.0563620213707,-21.4308474462479,-178.628601074219,4.28900003433228,17.1298389434814,6.80000019073486,15.3649997711182,29.6807022094727,991.387194494299
1.325,-0.160470044852195,0.234966818584665,0.474386890291409,-0.60012050283411,1.55597278095644,-0.0210627679376476,-0.973424692797589,0.0231821983984502,0.50801316268148,-0.401990777892839,-0.142620219910627,-2.46482904696303,-1.1633733052222,-0.149561177038528,0.54026407574824,14.9264959575151,8.42414847004361,1.53308105179234,-6.49658856532664,-15.9325412496667,0.255661625888169,7.54039525357474,-6.30828863700076,-2.81,0.00399608350309414,-0.0827108864007084,17.2007331848145,17.2933927928834,0.169782186099394,1.11052531688607,178.630004882812,-10.1550595475766,-21.6517345617993,-178.630004882812,4.28844833374023,17.1200008392334,6.80000019073486,15.3649997711182,29.6817855834961,991.390063146643
1.35,-0.150448889954446,0.227813142732168,0.476776892321092,-0.642142633194992,1.62221307165779,-1.99183231145996,-0.551158208981754,0.371661387040209,0.468367167982312,-0.418204927506476,-0.136981297756755,-2.45738194720431,-0.855792829125552,0.107458771119616,0.508522206681449,15.1845228328359,7.96409160114965,2.08079476849019,-6.66347884128946,-15.917196043765,0.753070645447359,7.53986201691973,-6.308581210288,-2.81,0.0271241110398582,-0.107880445617492,17.2007331848145,17.514446693431,0.169782186099394,1.11052531688607,178.630004882812,-10.1550595475766,-21.6517345617993,-178.630004882812,4.28844833374023,17.1200008392334,6.80000019073486,15.3649997711182,29.6842708587646,991.392172653611
1.375,-0.133762571060629,0.220636984800695,0.479204878903879,-0.557679000713972,1.80308374977936,-4.75460277916206,-0.0710896931999757,0.656700181317637,0.43838478933789,-0.43037157714115,-0.109919223437986,-2.4477703435211,-0.0650157696655584,0.617669665186933,0.457468774992509,15.4281899245428,7.36204286656288,2.90448773680495,-6.77266312599497,-15.9122657712522,1.26317090567568,7.53956289107666,-6.30874968248959,-2.81,0.0703366256795852,-0.142332317333258,17.195972442627,17.7103940119272,0.169782186099394,1.11052531688607,178.630004882812,-10.1550595475766,-21.6517345617993,-178.630004882812,4.28844833374023,17.1200008392334,6.80000019073486,15.3649997711182,29.6867580413818,991.394282160579
1.4,-0.114861269941405,0.212515218637267,0.481632842414795,-0.332462873930444,1.98371901641698,-7.78443755648515,0.486015789298978,0.858020469545477,0.420682727974767,-0.41923572112525,-0.0856759596756759,-2.44560395241418,0.452871175123122,0.840540859717848,0.436013941011319,15.5248673966016,6.97469342103902,3.4047113493787,-6.87950519016904,-15.8549054609734,1.59821667309799,7.53939323056872,-6.30884952570089,-2.81,0.107436006387912,-0.16560396886093,17.1912117004395,17.8455649903242,0.169782186099394,1.11052531688607,178.630004882812,-10.1550595475766,-21.6517345617993,-178.630004882812,4.28844833374023,17.1200008392334,6.80000019073486,15.3649997711182,29.6892433166504,991.396391667546
1.425,-0.0971010217904391,0.206147622658718,0.484060806051727,0.171199131146158,1.95071601576378,-10.7677619654152,1.03792742027997,0.950325326052605,0.398263671971235,-0.408505403312556,-0.0739436139259826,-2.44498331897935,0.738398118061216,0.894407096940603,0.425152846532399,15.565957134966,6.74944650792194,3.66250126365932,-6.96054692866915,-15.7948354643423,1.82809307896402,7.53922357006079,-6.30894936891219,-2.81,0.129123650140624,-0.178967545060784,17.1912117004395,17.9370367380024,0.169781993792413,1.11052527945111,178.598876953125,-10.3941509895789,-22.1980295101336,-178.598876953125,4.2929162979126,17.1511344909668,7.23999977111816,15.3030004501343,29.6882705688477,991.384512576541
1.45,-0.0894607873795528,0.20231839162547,0.486488746431679,0.580401752323242,1.8369615477273,-13.3470839554397,1.44980891409725,0.935680558604826,0.361059237253506,-0.399263117583537,-0.0649164599079253,-2.4445753812899,0.976813847932253,0.916580203096325,0.417064870885349,15.5820718244415,6.58429572419981,3.84952349044824,-7.01857489610754,-15.7393985143065,1.99591694838673,7.53905390955285,-6.30904921212349,-2.81,0.145759677373935,-0.188805143371112,17.1912117004395,17.9986911223946,0.169781717351128,1.11052522563837,178.554107666016,-10.7378449399389,-22.9833284984676,-178.554107666016,4.29933929443359,17.1958923339844,7.23999977111816,15.3030004501343,29.6857833862305,991.366513473923
1.475,-0.058915216797279,0.17556866067745,0.488916698383726,1.06791699925221,1.94521640155208,-15.7599176966523,1.78841165001917,0.846660979128637,0.302917724917109,-0.316754756521555,-0.0147188718462666,-2.44266713753964,1.7589068070014,0.835054514520732,0.313804895217572,15.5781942653254,6.35015704630562,4.04016303562813,-7.21128833877282,-15.5870332012481,2.09027866890701,7.53888424904491,-6.30914905533479,-2.81,0.208719666205574,-0.20675481118763,17.2021074295044,18.1013661536455,0.169781440909843,1.11052517182562,178.509353637695,-11.0815388874626,-23.7686274867228,-178.509353637695,4.30576229095459,17.2406482696533,7.23999977111816,15.3030004501343,29.6832962036133,991.348514371305
1.5,-0.0391829598483156,0.12788174970481,0.491344650447004,1.54831366276041,1.7761254555082,-18.0107230271983,2.06193828206888,0.72757729440461,0.21877381917261,-0.264330006437907,0.00421610718742649,-2.44149268050189,2.06422643731619,0.707589004061671,0.231605879683392,15.5559513802907,6.29771123480793,3.9440839885958,-7.32315323952269,-15.4655174074549,2.09613611253351,7.53871458853698,-6.30924889854608,-2.81,0.2352745983774,-0.210251906561896,17.2130031585693,18.1323616746594,0.169781164468558,1.11052511801287,178.464599609375,-11.4252328364045,-24.553926474978,-178.464599609375,4.31218528747559,17.2854042053223,7.23999977111816,15.3030004501343,29.6808109283447,991.330515268687
1.525,-0.0315219328604758,0.0911240541514562,0.493772619768254,2.05390511231101,1.69603283576904,-19.2686470706482,2.20674057233609,0.577538252412746,0.111692764261196,-0.208071557963731,0.0159367180694871,-2.44255012644421,2.15258902990076,0.537072568197569,0.109269871686177,15.5489169334102,6.28563495277127,3.86069385057684,-7.46011875000787,-15.3477297313835,2.23087469340164,7.53879771390158,-6.30919953273495,-2.81,0.263100209348901,-0.208507396604691,17.2130031585693,18.2228686248294,0.169781074324661,1.11052510046524,178.449996948242,-11.5373069503748,-24.8100022320417,-178.449996948242,4.31427955627441,17.2999992370605,9.85000038146973,15.3549995422363,29.6800003051758,991.32639490076
1.55,-0.0315219328604758,0.0911240541514562,0.496200577547112,2.44255800028934,1.47273039496589,-19.8361258101876,2.24967193756155,0.389306034342144,-0.0241383040691916,-0.15267966008322,0.0262470747881824,-2.44420694188213,2.17566361609016,0.362413809550706,-0.0201926698030308,15.5434034685311,6.28577969720159,3.77752066585344,-7.60733094901706,-15.2281252842319,2.36871195549617,7.53888523944099,-6.30914756968302,-2.81,0.289750063428887,-0.204066791521317,17.2130031585693,18.3241667155188,0.169781074324661,1.11052510046524,178.449996948242,-11.5373069503748,-24.8100022320417,-178.449996948242,4.31427955627441,17.2999992370605,9.85000038146973,15.3549995422363,29.6800003051758,991.32899004962
1.575,-0.0218041279030374,-0.0158241839376057,0.49862853532597,2.46345982557014,1.17858461415935,-19.6628331731333,2.13971861260433,0.157676591105134,-0.169163345952601,-0.0976570145038141,0.0324006852016937,-2.44739511755716,2.15005640179984,0.141209673673772,-0.157150287313046,15.5350238537117,6.55366368041153,3.06959948407326,-7.6292675012213,-15.2266390085242,1.91145407029788,7.53897276498039,-6.30909560663109,-2.81,0.281726288108458,-0.185038780413349,17.2574338912964,18.2178544739989,0.169781074324661,1.11052510046524,178.449996948242,-11.5373069503748,-24.8100022320417,-178.449996948242,4.31427955627441,17.2999992370605,9.85000038146973,15.3549995422363,29.6800003051758,991.33158519848
1.6,-0.0273587260409309,-0.131101985675662,0.499074722547226,2.39328080913029,0.968344096490665,-18.5816540281761,1.92737374254548,-0.0886404950026297,-0.310470658917821,-0.0454471015027061,0.0300970363786735,-2.45500044186822,1.93440272295448,-0.106832143646963,-0.312961154170484,15.5137000637702,6.94020173749216,2.043345409607,-7.57946259112085,-15.2965671580112,1.25830453346078,7.53917284894069,-6.30898247968567,-2.81,0.253166094862899,-0.157888489701983,17.3018646240234,18.0527260461276,0.169781074324661,1.11052510046524,178.449996948242,-11.5373069503748,-24.8100022320417,-178.449996948242,4.31427955627441,17.2999992370605,11.1199998855591,15.2740001678467,29.6800003051758,991.334180347339
1.625,-0.0283214284140268,-0.129500198768223,0.493901585364368,1.99029061467309,0.647181206280279,-16.7617408075685,1.7295077948796,-0.283423455719878,-0.439411654282865,-0.0110385279629127,0.0232884085942525,-2.46461979675523,1.73524823744676,-0.250839441923623,-0.414392110896222,15.4777358725778,7.21272341729067,1.41369734420184,-7.55760088593738,-15.3465875809395,0.973213998074538,7.53939761184919,-6.30885594227707,-2.81,0.235567870586998,-0.137042863310039,17.3018646240234,17.9975738634372,0.169780893187787,1.11052506480392,178.411071777344,-11.7650704710794,-25.3245657626886,-178.411071777344,4.30895853042603,17.3129711151123,11.1199998855591,15.2740001678467,29.6800003051758,991.345356709248
1.65,-0.0390872927174205,-0.156252323115292,0.486964546575148,1.60536101111847,-0.129701998792063,-14.7098384666451,1.3444026148206,-0.414511216737895,-0.53906167851417,0.0322756078460412,0.0122033957112422,-2.4798185686904,1.38246224892963,-0.430023749882343,-0.540695822211718,15.4401003427788,7.41484238833859,1.03707926392075,-7.65851020702937,-15.3172161539566,1.0873041618765,7.53962237475769,-6.30872940486847,-2.81,0.234805956813589,-0.116272009652627,17.3018646240234,18.092126663614,0.169780615444581,1.11052501012322,178.351409912109,-12.1143078720458,-26.1135631763576,-178.351409912109,4.30079984664917,17.3328628540039,11.1199998855591,15.2740001678467,29.6800003051758,991.361109718116
1.675,-0.0531395067638459,-0.197590540279185,0.480027458296534,1.18208909243679,-0.499033551479835,-12.6810032974187,0.813467484799111,-0.473240869719922,-0.597522618914209,0.0526161918467503,0.00152655450394793,-2.49490275894284,0.88296253622188,-0.494558204912383,-0.598440084186816,15.3273456661355,7.91955195888758,0.0418514429673404,-7.46905312201062,-15.5458254177579,0.434899394318538,7.53957946492156,-6.30874743602413,-2.81,0.189008460971019,-0.0836424651368023,17.3464803695679,17.9195991542613,0.169780337701374,1.11052495544253,178.291732788086,-12.4635452701759,-26.9025605900265,-178.291732788086,4.29264068603516,17.3527565002441,11.1199998855591,15.2740001678467,29.6800003051758,991.376862726985
1.7,-0.0615222664920074,-0.209777205363794,0.473090436071224,0.643970635573166,-0.631610124625019,-10.588549415604,0.319603335846968,-0.52549180178638,-0.626869119352225,0.0621129164661573,-0.0102068107140708,-2.51208654245616,0.348535469557228,-0.530219792153132,-0.628092257036912,15.2080918560154,8.27984510744534,-0.489974085237082,-7.40890592016627,-15.657510255998,0.180147600412967,7.53937196892636,-6.30885435925113,-2.81,0.16217570620082,-0.0597127567361934,17.3910961151123,17.88265532849,0.169780059958168,1.11052490076184,178.232055664062,-12.8127826697242,-27.6915580036955,-178.232055664062,4.2844820022583,17.3726482391357,11.1199998855591,15.2740001678467,29.6800003051758,991.392615735853
1.725,-0.0732748758825417,-0.2097499218379,0.466153413845915,0.30210006958741,-0.776838134293069,-8.77406901994902,-0.121633526663085,-0.500244927428901,-0.625881601677137,0.0618129258286108,-0.0225786496191219,-2.52936327732442,-0.0650482168510735,-0.514790500726478,-0.627886136152939,15.0726513528372,8.65130650848121,-0.875273993314758,-7.34468506489161,-15.7750317760421,0.00119735819165268,7.53916447293115,-6.30896128247814,-2.81,0.138139872128848,-0.0367536035834001,17.3910961151123,17.8616432122124,0.169779957313939,1.11052488055375,178.210006713867,-12.941848665641,-27.9831440043376,-178.210006713867,4.28146696090698,17.3799991607666,8.64999961853027,15.2930002212524,29.6800003051758,991.407153650232
1.75,-0.0780326087365502,-0.205941012676262,0.461208080069387,0.1167501168918,-0.748043611081524,-7.25676297650262,-0.494299931870614,-0.441904512124439,-0.614724786975439,0.0487608343356402,-0.0315071257350658,-2.54503272587526,-0.414883147540781,-0.429164315431789,-0.609399845816109,15.014071669175,8.86335285364667,-1.03787190823566,-7.42839805796275,-15.8069667763918,-0.131353019669023,7.53895697693595,-6.30906820570514,-2.81,0.119888023147968,-0.0249557507666852,17.3910961151123,17.9278259598032,0.169779957313939,1.11052488055375,178.210006713867,-12.941848665641,-27.9831440043376,-178.210006713867,4.28146696090698,17.3799991607666,8.64999961853027,15.2930002212524,29.6800003051758,991.420979267842
1.775,-0.0833197862694444,-0.182546504732494,0.462017399886734,-0.252112794072999,-0.748717535766977,-6.11483665317645,-0.762183905450475,-0.32187578194196,-0.589102394048167,0.0338751384972295,-0.0379732067227107,-2.55874076101041,-0.690051374475527,-0.328310271420451,-0.588902312565109,14.9517026527275,9.0758360680353,-1.13678856895375,-7.48665980778666,-15.846089502136,-0.260524879235692,7.53874948094074,-6.30917512893215,-2.81,0.104853988234389,-0.0135822136364902,17.3816566467285,17.9781946659556,0.169779957313939,1.11052488055375,178.210006713867,-12.941848665641,-27.9831440043376,-178.210006713867,4.28146696090698,17.3799991607666,8.64999961853027,15.2930002212524,29.6800003051758,991.434804885452
1.8,-0.085065921729524,-0.174798604311089,0.462826723511826,-0.33760834906319,-0.577669999030098,-5.94928080967831,-0.954515036135416,-0.168814906576101,-0.558434710318974,0.0164120920524498,-0.0409780963182084,-2.56969179457712,-0.860266602865636,-0.206051647410894,-0.565577736415087,14.8744096849902,9.30571962341002,-1.16010058866686,-7.48552270644035,-15.9059622655917,-0.397024910067235,7.53874598899519,-6.30917615157729,-2.81,0.0935986265154254,-0.00190834881069041,17.3722171783447,17.9902585399827,0.169779957313939,1.11052488055375,178.210006713867,-12.941848665641,-27.9831440043376,-178.210006713867,4.28146696090698,17.3799991607666,6.48999977111816,15.4219999313354,29.6800003051758,991.448630503062
1.825,-0.0845010055914247,-0.131011028714359,0.463636041470468,-0.295533485832946,-0.546641048419472,-6.56307017539075,-1.04806542392404,-0.016082399668464,-0.52596852501682,-0.0089632230764378,-0.0421199496010168,-2.58324831428372,-1.02489983290358,-0.0504489776808562,-0.531540687467813,14.7693472488674,9.55668781620188,-1.03958646585657,-7.49762311593942,-15.939823663051,-0.502304087313229,7.53878574011141,-6.30915472630822,-2.81,0.0865104506772595,0.0104490034075251,17.3722171783447,18.0046892747667,0.169779788252857,1.11052484594906,178.206985473633,-13.1628636381513,-28.4634032995869,-178.206985473633,4.28083324432373,17.402702331543,6.48999977111816,15.4219999313354,29.6800003051758,991.449911251584
1.85,-0.0798357143679268,-0.0941717964847398,0.464445359338775,-0.202310469688439,-0.66000205767683,-7.73100641311089,-1.1350302161363,0.103732450378796,-0.488550737768895,-0.047076751231648,-0.0394564692708218,-2.60004817399931,-1.13191228187664,0.130078667479809,-0.476640741788489,14.5864019402173,9.90605559433512,-0.590079414155104,-7.43903360803541,-15.9897532530531,-0.479398163991935,7.53882549122764,-6.30913330103915,-2.81,0.0919562408642959,0.027682660838206,17.3722171783447,17.985615662821,0.169779510509651,1.1105247890985,178.202011108398,-13.5259596642155,-29.252400713177,-178.202011108398,4.27979183197021,17.4400005340576,6.48999977111816,15.4219999313354,29.6800003051758,991.443127441406
1.875,-0.0755701993967787,-0.0572158878063432,0.465254679156122,-0.0994673205048346,-0.628816124505385,-8.97610372413247,-1.19235611459559,0.173863146076252,-0.447218253964834,-0.0631856247782707,-0.0375844165682793,-2.60598278045654,-1.110111951828,0.161466419696808,-0.447271734476089,14.3978967877203,10.1700600749607,0.0333557092942988,-7.21134495348993,-16.0848568992339,-0.0674457889199506,7.53886524234387,-6.30911187577008,-2.81,0.119214626099413,0.0416638916562975,17.3420238494873,17.9068560944061,0.169779232766444,1.11052473224794,178.197036743164,-13.8890556916979,-30.0413981269249,-178.197036743164,4.27874994277954,17.4772968292236,6.48999977111816,15.4219999313354,29.6800003051758,991.436343631229
1.9,-0.0715074499541757,-0.0287280342758927,0.466064002839726,0.041152603326601,-0.618894025496314,-10.3696398266003,-1.19209300755711,0.220109946293231,-0.396506462323174,-0.105808624024361,-0.0297851130179207,-2.62089943623149,-1.16466921278125,0.245730058818838,-0.385759974600037,14.3006407759644,10.2816291261231,0.360304459123674,-7.31348878890119,-16.02411017014,-0.30136088567404,7.53863008200406,-6.30923685334755,-2.81,0.11635123753475,0.0459799988406732,17.3118305206299,17.923656678333,0.169778955023238,1.11052467539738,178.19206237793,-14.2521517177621,-30.8303955405938,-178.19206237793,4.27770853042603,17.5145950317383,6.48999977111816,15.4219999313354,29.6800003051758,991.429559821051
1.925,-0.0664902083107016,0.00607807432151262,0.466873320710354,0.201945181216336,-0.534137915954922,-11.5759352549816,-1.16050127520588,0.251155942981756,-0.342429433585435,-0.135566535381758,-0.023227405134898,-2.63001471686522,-1.1226517342851,0.279772398585086,-0.328730131839068,14.2404253505772,10.3169021578964,0.602495317673058,-7.38586535465579,-15.963164627791,-0.466425704400914,7.53836187552489,-6.30937942949636,-2.81,0.115478752333852,0.0468964509653503,17.3118305206299,17.9282031322682,0.169778840303218,1.11052465191562,178.190002441406,-14.4021261634954,-31.1562857766334,-178.190002441406,4.27727842330933,17.5300006866455,5.26999998092651,15.5080003738403,29.6800003051758,991.422624577703
1.95,-0.060352763022442,0.0533710429412531,0.467682630905633,0.349629975296914,-0.417755912317549,-12.6713578034938,-1.01752641264139,0.264664620459991,-0.287679382461036,-0.16397839323772,-0.0168048075220378,-2.63835170955836,-1.0190284215306,0.289748046469063,-0.27205294465158,14.1507728368833,10.3215732745429,0.976757895320536,-7.41740580135019,-15.8896735300494,-0.483393230659091,7.53809366904571,-6.30952200564517,-2.81,0.122919515509809,0.0465166159603741,17.3118305206299,17.9125477444918,0.169778840303218,1.11052465191562,178.190002441406,-14.4021261634954,-31.1562857766334,-178.190002441406,4.27727842330933,17.5300006866455,5.26999998092651,15.5080003738403,29.6800003051758,991.41558277027
1.975,-0.05941166930494,0.0619624680067298,0.46849195842551,0.449525270977521,-0.373375683354917,-13.2748031061143,-0.868438095867289,0.240119079527077,-0.230066590473639,-0.181999989119146,-0.0126375666669975,-2.64346841218396,-0.868822115467438,0.260533330449572,-0.2314057763601,14.0358261496466,10.3176469108426,1.40142374807371,-7.36532037990187,-15.8454124643345,-0.311771612089659,7.53782546256654,-6.30966458179398,-2.81,0.13853605982808,0.0461338599525634,17.2380056381226,17.868278841551,0.169778840303218,1.11052465191562,178.190002441406,-14.4021261634954,-31.1562857766334,-178.190002441406,4.27727842330933,17.5300006866455,5.26999998092651,15.5080003738403,29.6800003051758,991.408540962838
2,-0.0575342864779686,0.0803837491872004,0.468988715310721,0.50665893442884,-0.267813593151494,-13.6283572131658,-0.68150430366182,0.188666160293943,-0.180802828702796,-0.193840904462694,-0.0096807973274332,-2.64675273849673,-0.844357380696668,0.241824695983846,-0.206219243579024,13.9784945089138,10.2600021353027,1.60707928317007,-7.37638610417354,-15.7723764496646,-0.264055953850677,7.53768980930362,-6.30973536266785,-2.81,0.144686053988382,0.0428328011825076,17.1641807556152,17.8452533683443,0.169778840303218,1.11052465191562,178.190002441406,-14.4021261634954,-31.1562857766334,-178.190002441406,4.27727842330933,17.5300006866455,5.26999998092651,15.5080003738403,29.6800003051758,991.401499155405
2.025,-0.0566034861242628,0.0915023677913018,0.469,0.46325313538987,-0.18194740803237,-13.4786091711523,-0.475278127761134,0.136965045407553,-0.135685491371519,-0.210061270087823,-0.00539324822122039,-2.65305457497029,-0.488151382994447,0.156800534045181,-0.139339568171032,13.8977831778873,10.2103370882177,1.82451540237348,-7.40819003727122,-15.6771874076556,-0.269689682814399,7.53786623533018,-6.30963711091449,-2.81,0.14958962712139,0.0403833222032876,17.1641807556152,17.8210205424196,0.169778684053796,1.11052461929212,178.188598632812,-14.6104876070776,-31.6001504221895,-178.188598632812,4.27695941925049,17.4948654174805,5.59999990463257,15.4329996109009,29.6800003051758,991.401516971073
2.05,-0.057570596526169,0.101959031793365,0.469,0.385305159007568,-0.152739588312571,-12.9649322105909,-0.260262708570388,0.0799186253045353,-0.104618326987424,-0.218099538485481,-0.00364276935668546,-2.65626002320561,-0.261351306547235,0.0937183207675237,-0.104578271321321,13.8637257449098,10.1481106102449,1.91718879410338,-7.44821251646573,-15.5984605633425,-0.273517318441252,7.53804266135674,-6.30953885916112,-2.81,0.151067483591482,0.0371230016153935,17.1641807556152,17.8130753963225,0.169778407612511,1.11052456157361,178.186096191406,-14.9791270851664,-32.3854494104447,-178.186096191406,4.27639532089233,17.4327030181885,5.59999990463257,15.4329996109009,29.6800003051758,991.406965266047
2.075,-0.0580622390360922,0.111026781610954,0.469,0.300968529236673,-0.219375219283094,-12.0853385147116,-0.0750895903629582,0.0240167622874929,-0.0771266929502341,-0.222771346569061,-0.00262539833784103,-2.65812301635742,-0.129536047577858,0.0570552013814449,-0.0843751505017281,13.7965023272728,10.0510372218817,2.02022389094395,-7.45150078279733,-15.4879770774014,-0.214085042672459,7.53811205311156,-6.30949949065717,-2.81,0.155074590921069,0.0318928929272818,17.1042575836182,17.7671527895295,0.169778131171226,1.1105245038551,178.183624267578,-15.347766561837,-33.1707483986999,-178.183624267578,4.27583122253418,17.3705406188965,5.59999990463257,15.4329996109009,29.6800003051758,991.412413561022
2.1,-0.0582247127685607,0.114023412553595,0.468841036585829,0.128984177453959,-0.127247604421652,-11.0521889542488,0.0842753422719501,-0.0274389544449552,-0.0569079532758781,-0.220928259432322,-0.00343411344415761,-2.65898891651442,-0.0119731007630342,0.0261432828723594,-0.0722130039811547,13.7491704189582,9.97793703186454,2.08813372851061,-7.44881276854985,-15.4098675322125,-0.101921873530663,7.53810740994179,-6.3095008513221,-2.81,0.160029042416933,0.0281092778045858,17.0443344116211,17.7414243312707,0.169777854729941,1.11052444613659,178.181121826172,-15.7164060385077,-33.9560473869551,-178.181121826172,4.27526712417603,17.3083801269531,5.46999979019165,15.496000289917,29.6800003051758,991.417861855997
2.125,-0.0593443966543753,0.11514309643941,0.468391272941955,0.00391710625629435,-0.316489668823054,-10.6079151320069,0.248178196906642,-0.0330011036727918,-0.0410626936971018,-0.218246319091312,-0.00461090298643188,-2.66024891801737,0.159096841284609,-0.0188377273115731,-0.0545154406177032,13.7438185667566,9.93814971267428,2.12952660336137,-7.47693131287193,-15.3717162924063,-0.00940373546310269,7.53810276677202,-6.30950221198703,-2.81,0.163473959854746,0.0262669345222478,17.0443344116211,17.7600200419131,0.169777728528485,1.11052441978683,178.179992675781,-15.8846979738178,-34.314553446797,-178.179992675781,4.2750096321106,17.2800006866455,5.46999979019165,15.496000289917,29.6800003051758,991.423532846812
2.15,-0.0626731500683714,0.116567158234375,0.467905689246744,-0.0378329384394025,-0.304527998021472,-10.1455760872325,0.339733643928,0.0107247750316789,-0.0240512877002495,-0.215079019229243,-0.00560511964893951,-2.66145744630108,0.296952499544761,-0.0437346875736359,-0.0374945554970288,13.7390700919608,9.89110743148679,2.07555036787603,-7.51781220209354,-15.3096839601378,-0.00626716571536035,7.53809812360225,-6.30950357265195,-2.81,0.161906095470906,0.0240470819466139,17.0443344116211,17.7635751060625,0.169777728528485,1.11052441978683,178.179992675781,-15.8846979738178,-34.314553446797,-178.179992675781,4.2750096321106,17.2800006866455,5.46999979019165,15.496000289917,29.6800003051758,991.429390902133
2.175,-0.0607478218544589,0.106073529551276,0.467420092827678,-0.0290779251905582,-0.284665694766035,-9.96702673785571,0.449654171169738,0.066897392143244,-0.00927849257923922,-0.205706115169924,-0.00535259702751479,-2.66214998716121,0.343528858498363,0.0190996267817581,-0.02251533663478,13.7213023298032,9.8168608941547,1.93465064835518,-7.55942728386681,-15.2066233495218,-0.0378684292870619,7.53799234873124,-6.30955836286987,-2.81,0.159191894660373,0.0204636271994324,16.9769992828369,17.7418871145323,0.169777728528485,1.11052441978683,178.179992675781,-15.8846979738178,-34.314553446797,-178.179992675781,4.2750096321106,17.2800006866455,5.46999979019165,15.496000289917,29.6800003051758,991.435248957453
2.2,-0.0588177926820298,0.0892523516937229,0.466934503355817,-0.0320218783403092,-0.432161993607042,-10.1271043015008,0.52665870639744,0.093777634412106,0.00108787602954119,-0.186480827585202,-0.00288157233244955,-2.66305245418154,0.52321529050081,0.0755259556208867,0.000342422329634223,13.7092295581548,9.74560179074027,1.77887137108969,-7.60758695986567,-15.1065667893264,-0.0193179825908611,7.53784055305751,-6.3096374666402,-2.81,0.16127263200593,0.0175931045053572,16.9096641540527,17.7357787023812,0.169777728528485,1.11052441978683,178.179992675781,-15.8846979738178,-34.314553446797,-178.179992675781,4.2750096321106,17.2800006866455,5.71000003814697,15.4949998855591,29.6800003051758,991.441107012774
2.225,-0.0562625491311001,0.0806851976670391,0.466448910383662,0.0270176297674746,-0.449986009931991,-10.4638728814439,0.547629162386347,0.126336551030987,0.0157593932242603,-0.176708651255833,-0.00123618670432148,-2.66306048669164,0.521040994399593,0.0997929025270555,0.00917208274702665,13.7059424753383,9.73311795580719,1.71411830660848,-7.61556078655903,-15.084025852621,-0.00662054947807866,7.53768875738379,-6.30971657041052,-2.81,0.16321146784953,0.017445692570292,16.9096641540527,17.7332572153143,0.169777587694565,1.11052438944641,178.179992675781,-16.0784777320476,-34.7146265918323,-178.179992675781,4.27163600921631,17.2462711334229,5.71000003814697,15.4949998855591,29.6800003051758,991.437993889886
2.25,-0.0533945413877692,0.0736728179243681,0.465963317431726,0.0828990957616265,-0.386372518981709,-10.1639782502663,0.569645827380105,0.141024177955777,0.0247740124638452,-0.165613620614412,0.000696904986052302,-2.66296730935497,0.573007587513892,0.116292578956801,0.0199533799201814,13.7020205815049,9.71715916056503,1.61736730367615,-7.6254055507587,-15.054479499352,-0.0162589294050912,7.53753696171006,-6.30979567418085,-2.81,0.164135646660193,0.0172284682502641,16.9096641540527,17.7253860326982,0.169777317762887,1.11052433129392,178.179992675781,-16.4498889340214,-35.481433453334,-178.179992675781,4.26516962051392,17.1816215515137,5.71000003814697,15.4949998855591,29.6800003051758,991.426657186972
2.275,-0.0505146182571017,0.0600228199116979,0.465477721009874,0.0128281621577758,-0.322856473236969,-10.1167377255548,0.611134560066096,0.156822496824876,0.0342236481187395,-0.143435822515092,0.00634391695931498,-2.66271351733761,0.578877542781698,0.136974867865638,0.028969968015641,13.702503306692,9.65265789491031,1.47056630801722,-7.6623344064069,-14.9794349450015,-0.0112581177518418,7.53738516603634,-6.30987477795117,-2.81,0.168896991116308,0.0150979267298384,16.8564586639404,17.7207704317411,0.169777047831208,1.11052427314144,178.179992675781,-16.8213001374134,-36.248240314678,-178.179992675781,4.25870323181152,17.1169738769531,5.71000003814697,15.4949998855591,29.6800003051758,991.415320484058
2.3,-0.0498723146786106,0.0574540823573633,0.465205598119302,-0.000952231454938432,-0.324519402604784,-10.8136479864267,0.607168615758031,0.185851090447723,0.0435376792460894,-0.126825220949408,0.0102235238765256,-2.66207273349151,0.656260671595525,0.158499617438246,0.0444140987709841,13.7022010339441,9.65137048623635,1.40240815688846,-7.65896273783956,-14.9734894420943,0.0302949433931756,7.53724501989229,-6.30994559862056,-2.81,0.174714420189009,0.016272119882096,16.8032531738281,17.7214276374508,0.169776777899529,1.11052421498895,178.179992675781,-17.1927113408054,-37.0150471761797,-178.179992675781,4.25223684310913,17.0523242950439,5.6100001335144,15.5019998550415,29.6800003051758,991.403983781144
2.325,-0.0444421155599576,0.0308242646643624,0.465548287823388,0.083556236100495,-0.376894440659548,-10.8734020840931,0.619997207976953,0.206694497465552,0.0473976188015274,-0.122182296986087,0.0113793582813082,-2.66188106995594,0.667884530191146,0.16370546821537,0.0475476384732665,13.7098632727211,9.57569236320412,1.22356597788482,-7.70681111543761,-14.8910916164114,-0.108636072644937,7.53710745165081,-6.31001458633808,-2.81,0.167390078196699,0.0123910942044116,16.8032531738281,17.7005452838067,0.16977664293369,1.11052418591271,178.179992675781,-17.3784169417924,-37.3984506068517,-178.179992675781,4.24900388717651,17.0200004577637,5.6100001335144,15.5019998550415,29.6800003051758,991.40164662954
2.35,-0.0399997521570611,0.0210697502069128,0.466087838060028,0.127572487049727,-0.46346270530752,-10.6748467765995,0.551429026729432,0.187250491551771,0.0491904073364742,-0.0942927512392452,0.0195085477273961,-2.66047481755565,0.591529893966199,0.168330098775393,0.0505502293385022,13.6965731007433,9.58130488512433,1.09145790569885,-7.68078952126384,-14.8858129892391,-0.082718468724283,7.53696988340933,-6.31008357405561,-2.81,0.176646154919964,0.0151923850220789,16.8032531738281,17.6794061227124,0.16977664293369,1.11052418591271,178.179992675781,-17.3784169417924,-37.3984506068517,-178.179992675781,4.24900388717651,17.0200004577637,5.6100001335144,15.5019998550415,29.6800003051758,991.408309029244
2.375,-0.0364617792576327,0.00351397723725931,0.466627381844625,0.106550962950056,-0.394633958251906,-10.5474728913346,0.498604497091028,0.144996085613397,0.0488307037604645,-0.0839089594242045,0.0228905773159049,-2.65952245821625,0.481180961765449,0.129771782446332,0.0472659357381387,13.6932641961814,9.54973412260225,0.946915016673284,-7.68385446085302,-14.850217257946,-0.170241663092967,7.53681608860902,-6.31016153965102,-2.81,0.174857320460599,0.0143813171400009,16.7572450637817,17.6513367121052,0.16977664293369,1.11052418591271,178.179992675781,-17.3784169417924,-37.3984506068517,-178.179992675781,4.24900388717651,17.0200004577637,5.6100001335144,15.5019998550415,29.6800003051758,991.414971428949
2.4,-0.0345413363007825,-0.00476068042995131,0.467166925673664,0.0362038808231645,-0.404017750645195,-10.5563725166786,0.440017851190705,0.132311971893705,0.0515619896661975,-0.0706055051457021,0.0255554216008026,-2.65836863531443,0.467451758466761,0.116426360383555,0.0537469573645006,13.686155957451,9.54779306229955,0.824397511901949,-7.66629893937589,-14.8437971014252,-0.200989287387775,7.536651157497,-6.3102456667775,-2.81,0.175677355141649,0.0156565618331905,16.7112369537354,17.6283331212656,0.16977664293369,1.11052418591271,178.179992675781,-17.3784169417924,-37.3984506068517,-178.179992675781,4.24900388717651,17.0200004577637,5.6100001335144,15.5019998550415,29.6800003051758,991.421633828653
2.425,-0.0319801587408348,-0.017761045093387,0.467706469441734,0.0889264257573883,-0.370527212055861,-10.7103949969338,0.362951857221005,0.14689242902997,0.0573506431257692,-0.063230581939948,0.0288140335182618,-2.65729926920742,0.40835360498483,0.125393222212154,0.0574880350673051,13.6995695428268,9.51957408663757,0.726835775641113,-7.67762232476745,-14.8259747015718,-0.270880566057333,7.53648622638497,-6.31032979390398,-2.81,0.174738085001396,0.0147537399687414,16.7112369537354,17.619092902291,0.169776516534115,1.11052415727044,178.188323974609,-17.5613508174761,-37.7575194705061,-178.188323974609,4.24753046035767,16.9985961914062,5.63000011444092,15.4989995956421,29.6800003051758,991.423179172825
2.45,-0.0300802968324479,-0.0168133840430608,0.468246023541628,0.2306928831186,-0.234307830190866,-10.9610047307992,0.335029220643566,0.135839829883395,0.0632812999530617,-0.0530351846750293,0.0316412873232649,-2.65567796119054,0.387349837655113,0.107582243271527,0.0645954557650147,13.694803535946,9.50973673612294,0.703980098201884,-7.65671057811911,-14.8255903916846,-0.234472425026796,7.53632129527296,-6.31041392103046,-2.81,0.179541222710578,0.0152140997054831,16.7112369537354,17.6059589378635,0.169776252244095,1.11052409738207,178.20573425293,-17.9438489220809,-38.508299821934,-178.20573425293,4.24444913864136,16.9538383483887,5.63000011444092,15.4989995956421,29.6800003051758,991.419142274599
2.475,-0.0281523401788123,-0.0292198085796686,0.46877693007355,0.305166996302219,-0.331400374432079,-11.0449366339356,0.287141492552967,0.0720707803107707,0.0641806539776727,-0.0459090386494268,0.0337246752496034,-2.65422221109039,0.328610684544392,0.0657260482998647,0.066536417050021,13.684155326663,9.48495824755423,0.619312945888379,-7.6389854995807,-14.8044799235513,-0.278142440837359,7.53615636416093,-6.31049804815694,-2.81,0.179174301137329,0.0145090389548004,16.6762742996216,17.5739284562132,0.169775987954076,1.11052403749369,178.223129272461,-18.3263470266856,-39.2590801734407,-178.223129272461,4.24136829376221,16.9090805053711,5.63000011444092,15.4989995956421,29.6800003051758,991.415105376372
2.5,-0.0275140950058629,-0.0345967774206705,0.469225075041565,0.279392005266245,-0.285195600718507,-10.9166580615475,0.21878653360328,-0.0124255680847994,0.0666043998916021,-0.0398361524967359,0.0337256687467366,-2.65247300708681,0.19368781284811,-0.0111461468416012,0.0658787540005641,13.6599692341443,9.46695532397747,0.492550048814585,-7.60113786299868,-14.7839072965648,-0.34553779649747,7.53601116420607,-6.31057116823551,-2.81,0.175565246743256,0.0140381698381068,16.6413116455078,17.5215375971388,0.169775723664056,1.11052397760531,178.240539550781,-18.7088451312904,-40.0098605247897,-178.240539550781,4.2382869720459,16.8643245697021,5.63000011444092,15.4989995956421,29.6800003051758,991.411068478146
2.525,-0.0287801494108915,-0.035862831825699,0.469598611421918,0.240507662056472,-0.282064429894706,-10.6731439404242,0.162376356599412,-0.0770284772853401,0.0701457797780023,-0.0351479067411229,0.0314821152691717,-2.65064652516648,0.138135600225428,-0.0511221019062665,0.0707317145402613,13.6433204510804,9.47471973442286,0.425113611328827,-7.55721861949205,-14.7941105460693,-0.337592131351749,7.53592160510806,-6.31061324900033,-2.81,0.173971939570051,0.01483546965409,16.6413116455078,17.4895800091875,0.169775580028175,1.11052394505728,178.25,-18.9167245361211,-40.4178933244651,-178.25,4.23661231994629,16.8400001525879,5.82999992370605,15.4829998016357,29.6800003051758,991.409283282306
2.55,-0.0287801494108915,-0.035862831825699,0.469972144233073,0.164521951378922,-0.198029398886318,-10.3434113253079,0.129916255801525,-0.0960966887336636,0.0751209012241519,-0.0312290127154797,0.0289345699708436,-2.64888343520034,0.102783320804086,-0.0831303842133014,0.0760434510575764,13.6407683054263,9.47822608904027,0.3654104045519,-7.52844694950414,-14.80734512194,-0.325378993334554,7.53583204601004,-6.31065532976515,-2.81,0.172200584059848,0.0152861062100388,16.6413116455078,17.4728240598336,0.169775580028175,1.11052394505728,178.25,-18.9167245361211,-40.4178933244651,-178.25,4.23661231994629,16.8400001525879,5.82999992370605,15.4829998016357,29.6800003051758,991.410178684544
2.575,-0.0330640938336722,-0.0420581769422657,0.470345671693947,0.141885979202579,-0.197149734933553,-10.00483583451,0.0915905264128909,-0.106156692116433,0.0807748891807372,-0.0289240851998329,0.0274362117052078,-2.64784646034241,0.0819906070828438,-0.10195630043745,0.0791675895452499,13.6528165660139,9.44274478238676,0.220354857352378,-7.54004381624307,-14.7844008362217,-0.427336678437074,7.53574248691203,-6.31069741052997,-2.81,0.164821102765052,0.0134083034862464,16.6240100860596,17.4573785806718,0.169775580028175,1.11052394505728,178.25,-18.9167245361211,-40.4178933244651,-178.25,4.23661231994629,16.8400001525879,5.82999992370605,15.4829998016357,29.6800003051758,991.411074086782
2.6,-0.0363846469511863,-0.0460076346464857,0.470719200945429,0.110031824885955,-0.148557546700821,-9.71982467877134,0.0646816916440781,-0.117786243167063,0.0845381267462311,-0.0281387836893851,0.0249366955649943,-2.64643573791339,0.143201704687661,-0.122859399961171,0.0850675031681994,13.659597719114,9.39073310569221,0.151685027826736,-7.55033997864746,-14.7506107608174,-0.453138883491572,7.53567323887121,-6.31072981311134,-2.81,0.160806008130326,0.0102755746398432,16.6067085266113,17.4463228083487,0.169775580028175,1.11052394505728,178.25,-18.9167245361211,-40.4178933244651,-178.25,4.23661231994629,16.8400001525879,5.82999992370605,15.4829998016357,29.6800003051758,991.41196948902
2.625,-0.0392011427735248,-0.0441001079859734,0.471092735541355,0.101594932093707,-0.160093923827447,-9.44219200590397,0.0334934718078302,-0.139504500127879,0.0874455460915517,-0.0274900202969484,0.0194593995872103,-2.64313041676583,0.047111714886072,-0.145052931399605,0.0866138931341462,13.6673194399726,9.3786795984656,0.0756048511777966,-7.51586035992557,-14.7672611269331,-0.448117883505779,7.53560758145268,-6.31076050476742,-2.81,0.155737474312997,0.00904091836001122,16.6067085266113,17.4251994850917,0.169775466628945,1.11052391883017,178.256500244141,-19.0842331575736,-40.7400315348516,-178.256500244141,4.23636722564697,16.8205413818359,6.09999990463257,15.4670000076294,29.6800003051758,991.411545212204
2.65,-0.0430398589602115,-0.0437809481486228,0.471466271896195,0.0748230378459124,-0.0959199300132274,-9.21972024364614,0.0184895227297066,-0.144306337473722,0.0915904175575725,-0.0261990262253835,0.0153446053031063,-2.6407161674691,0.0308255419759524,-0.156702018803182,0.0917142722768772,13.6710782272391,9.35788150851406,0.0216230717189919,-7.4949967919044,-14.7684155230764,-0.433266438822728,7.53554192403414,-6.3107911964235,-2.81,0.152546965720012,0.00757456486840391,16.6067085266113,17.409691719354,0.169775205810715,1.11052385850781,178.271408081055,-19.4695029874816,-41.4809494186146,-178.271408081055,4.23580265045166,16.7757835388184,6.09999990463257,15.4670000076294,29.6800003051758,991.409405352618
2.675,-0.0440059630295161,-0.0434575472427506,0.471839798493585,0.0585551771271016,-0.0490903518925044,-9.01809598367507,0.0338440778294025,-0.143424559691231,0.0962826639402887,-0.0246748953352212,0.0122532703705405,-2.63875608168526,-0.0051693575210819,-0.147697031954511,0.0938475593070409,13.6826296701937,9.30318768315206,-0.0436658984688886,-7.50370605873683,-14.7399334613562,-0.440816752374627,7.53547626661561,-6.31082188807959,-2.81,0.148972783008853,0.00427929520258275,16.5948619842529,17.4022974400154,0.169774944992486,1.11052379818546,178.286315917969,-19.8547728173896,-42.2218673023775,-178.286315917969,4.23523902893066,16.7310276031494,6.09999990463257,15.4670000076294,29.6800003051758,991.407265493032
2.7,-0.0465397686289913,-0.0485261453777562,0.472213333955846,0.0336844859562823,-0.105330110518149,-8.75781335919004,0.0149327507923323,-0.139355248755451,0.0988931378795665,-0.0234723932845438,0.00909628402222713,-2.6369639677979,0.0542400144015023,-0.151293114243357,0.10091413574175,13.6943890109714,9.28491813267628,-0.100809780373807,-7.49769107930773,-14.7426019326247,-0.443254398256989,7.53530818215493,-6.31090582769608,-2.81,0.145669413769179,0.00306197526145921,16.5830154418945,17.3978748916175,0.169774684174256,1.11052373786311,178.301239013672,-20.2400426458794,-42.9627851861404,-178.301239013672,4.23467493057251,16.6862697601318,6.09999990463257,15.4670000076294,29.6800003051758,991.405125633446
2.725,-0.0485901852112982,-0.045809962890917,0.472586864099986,-0.0126580195801853,-0.0204275737519282,-8.53820038511246,0.0168554763240092,-0.125435359175474,0.102634487394526,-0.0235995643316975,0.00453401773649454,-2.6336552000036,0.054581426872492,-0.13503578463451,0.104668687549511,13.71782643336,9.24537033031383,-0.12060013867434,-7.49038822144485,-14.7446099126478,-0.400926189933609,7.53512406492229,-6.31099810214671,-2.81,0.143490723811779,0.000121058727728899,16.5830154418945,17.3981454258878,0.169774531085295,1.11052370245651,178.309997558594,-20.4661792852657,-43.3976717700677,-178.309997558594,4.23434352874756,16.6599998474121,6.44000005722046,15.456000328064,29.6800003051758,991.404070220122
2.75,-0.0509849513567523,-0.0466303606450117,0.472960434627759,-0.0232279048872309,-0.0882461880623845,-8.61189627164616,0.00343173422291285,-0.0951513186316688,0.10464419605182,-0.0231024658405989,0.00159077303545872,-2.63097750267036,0.037297640148859,-0.105001813723897,0.107883192530951,13.7400294301116,9.21567151006465,-0.136217823584481,-7.48581892897275,-14.7499320574641,-0.370924089322587,7.53493994768964,-6.31109037659734,-2.81,0.142215568216572,-0.0020355936903762,16.5830154418945,17.4007568066338,0.169774531085295,1.11052370245651,178.309997558594,-20.4661792852657,-43.3976717700677,-178.309997558594,4.23434352874756,16.6599998474121,6.44000005722046,15.456000328064,29.6800003051758,991.404555862014
2.775,-0.0509890087861175,-0.0440813444980412,0.473361751701156,-0.0301206845719443,0.0399919103089384,-8.60369143679199,0.00885000244160769,-0.0561279623561603,0.108295721902666,-0.0245183029269947,0.00021224060587593,-2.6287097823632,-0.0065013630596233,-0.0773536073274382,0.107416607189723,13.7659894144473,9.16668011508512,-0.154059442191269,-7.49989356196856,-14.736354791488,-0.381663754150599,7.534755830457,-6.31118265104797,-2.81,0.140099556393863,-0.00550701400425631,16.5740747451782,17.404626536416,0.169774531085295,1.11052370245651,178.309997558594,-20.4661792852657,-43.3976717700677,-178.309997558594,4.23434352874756,16.6599998474121,6.44000005722046,15.456000328064,29.6800003051758,991.405041503906
2.8,-0.0509903468231871,-0.0440880862095839,0.473766413543729,-0.0185291671473259,-0.0372679016609572,-8.50209826685822,-0.0177595588503508,-0.0459416078228432,0.107371613483781,-0.0237096736042122,-0.000948041355303957,-2.62669840348494,0.0294847797904679,-0.0644602454292525,0.11144249135261,13.7707202792765,9.17032163150069,-0.160986462738968,-7.47287132352584,-14.7572426046181,-0.365290797721868,7.53468889394956,-6.31121474329208,-2.81,0.139979074366641,-0.00557496110372751,16.5651340484619,17.3936440517549,0.169774531085295,1.11052370245651,178.309997558594,-20.4661792852657,-43.3976717700677,-178.309997558594,4.23434352874756,16.6599998474121,6.13000011444092,15.4870004653931,29.6800003051758,991.405527145798
2.825,-0.0519339565076411,-0.0475699916200892,0.474171078277881,-0.028462025173335,0.0053078872600556,-8.54112309733322,-0.0301334149464778,-0.0429068894290747,0.109686782578687,-0.022963451679065,-0.00237194870391323,-2.62391119848419,0.0376203842563258,-0.0527974006801702,0.114494637049431,13.7851315464283,9.14272883745525,-0.154511682401677,-7.4580840392999,-14.7617807913016,-0.331702486975434,7.53464305802233,-6.31123599860484,-2.81,0.140511171484868,-0.00759672213224527,16.5651340484619,17.3877983560662,0.169774429705251,1.11052367902193,178.318740844727,-20.6158524558929,-43.6856665460897,-178.318740844727,4.23461532592773,16.6531887054443,6.13000011444092,15.4870004653931,29.6800003051758,991.407521180849
2.85,-0.0528896760159553,-0.0466386322388643,0.474575731433652,-0.0208838023300897,0.0850187046481794,-8.54168127928903,-0.0315356656345025,-0.0346273818056657,0.108765908956066,-0.0237500317374344,-0.00384901523258619,-2.62029015380685,0.0102040768813848,-0.0439916197349876,0.114709674987214,13.8232801932988,9.06750902180095,-0.136428328924393,-7.4754128161871,-14.7428118086764,-0.298514745631031,7.5345972220951,-6.3112572539176,-2.81,0.140756014487198,-0.012734741017035,16.5651340484619,17.3982490998985,0.169774170622916,1.11052361913355,178.341125488281,-20.9983505604977,-44.4216531960202,-178.341125488281,4.23530960083008,16.6357841491699,6.13000011444092,15.4870004653931,29.6800003051758,991.411861605258
2.875,-0.0528927408048973,-0.0447132268165588,0.474980395194988,-0.0200021189196577,0.134852588204668,-8.62621071356077,-0.0155721871161168,-0.00841913760766108,0.108436306359108,-0.0260048173367977,-0.00407331623136997,-2.61908054351807,0.00748702604323626,-0.041105180978775,0.113070949912071,13.8559441276271,9.01135980265942,-0.0994313010051104,-7.51381319259342,-14.7196268168724,-0.277267782748701,7.53455138616787,-6.31127850923035,-2.81,0.141443355150659,-0.0165053253158258,16.5574522018433,17.4232123973235,0.169773911540582,1.11052355924517,178.363510131836,-21.3808486651025,-45.1576398459506,-178.363510131836,4.23600387573242,16.6183776855469,6.13000011444092,15.4870004653931,29.6800003051758,991.416202029666
2.9,-0.0528927408048973,-0.0447132268165588,0.475385055103661,-0.0287074510158251,0.103962556845008,-8.84084949857564,0.0133088782969571,0.0304933500416084,0.104629933249649,-0.0238561131226507,-0.00385098607890044,-2.61547799850611,0.073117427827048,0.00922245330373433,0.113471895057258,13.8690247912707,8.99770411508013,-0.0817189012491366,-7.47816374811589,-14.7422272979034,-0.242914049719278,7.5344218704991,-6.31134280838441,-2.81,0.143790458927902,-0.0176838779260825,16.5497703552246,17.4082586868413,0.169773652458247,1.11052349935679,178.385879516602,-21.7633467682891,-45.8936264958811,-178.385879516602,4.23669815063477,16.6009731292725,6.28000020980835,15.4890003204346,29.6800003051758,991.420542454075
2.925,-0.0506616809390144,-0.0494747632020441,0.475789715012335,0.0120290996201037,0.144959690236316,-8.9653794248808,0.0281127278453928,0.0541245235747798,0.102252636950294,-0.0245359676429664,-0.00305843963190255,-2.61367143194266,0.046236075554994,0.0326302414972297,0.108205474302298,13.89463980643,8.95456816389435,-0.0591737071441757,-7.49497667595986,-14.7315400831176,-0.236345692140241,7.5342828138448,-6.31141201530538,-2.81,0.144803950977388,-0.0206002854054127,16.5497703552246,17.4184067579847,0.169773489123731,1.11052346160107,178.399993896484,-22.0044868781763,-46.3576180794677,-178.399993896484,4.237135887146,16.5900001525879,6.28000020980835,15.4890003204346,29.6800003051758,991.420625923775
2.95,-0.0490741341050594,-0.0491718294341091,0.476194374921008,0.105225878281327,0.111329297288486,-9.13366182262774,0.0483436511369908,0.0496249353806178,0.100385992625567,-0.0236363763656226,-0.00213498503919493,-2.61183448212845,0.0194989106911905,0.0483831306580166,0.104538804300879,13.9138376554454,8.91740112252154,-0.024070210771492,-7.50242674703953,-14.7236891504398,-0.205112563272711,7.53414375719051,-6.31148122222635,-2.81,0.147447031076815,-0.0229459157762089,16.5497703552246,17.4255310769628,0.169773489123731,1.11052346160107,178.399993896484,-22.0044868781763,-46.3576180794677,-178.399993896484,4.237135887146,16.5900001525879,6.28000020980835,15.4890003204346,29.6800003051758,991.413447529561
2.975,-0.0484372243223662,-0.0517043576363873,0.476599034829682,0.148536566682385,0.101113070477804,-9.41235038189774,0.0512979469813088,0.0498054589454209,0.0980385809847778,-0.0214646664920636,-0.000218040767060824,-2.60753991173674,0.0475837488384509,0.0434775006309999,0.100044722883256,13.9470383376091,8.86585581796755,0.0037348630706315,-7.49301305500621,-14.729031538527,-0.18351299548691,7.53400470053622,-6.31155042914732,-2.81,0.150621173052115,-0.0264038706361139,16.5509443283081,17.4230790860005,0.169773489123731,1.11052346160107,178.399993896484,-22.0044868781763,-46.3576180794677,-178.399993896484,4.237135887146,16.5900001525879,6.28000020980835,15.4890003204346,29.6800003051758,991.406269135346
3,-0.047792194632808,-0.057422642628722,0.476921535486121,0.161863415880369,0.16633641577061,-9.60745179743214,0.0764146200325757,0.0482417740244968,0.0934081963456675,-0.0172503682297403,0.00051460773260568,-2.604877353068,0.116563772408294,0.0425856069721442,0.100778847808248,13.963938620082,8.84028358233359,0.00686338506325953,-7.48087715402786,-14.7361924372985,-0.152814151174912,7.53391379942733,-6.31159641460425,-2.81,0.153241416646492,-0.0277400318269132,16.5521183013916,17.4206315085519,0.169773489123731,1.11052346160107,178.399993896484,-22.0044868781763,-46.3576180794677,-178.399993896484,4.237135887146,16.5900001525879,6.28000020980835,15.4890003204346,29.6800003051758,991.399090741132
3.025,-0.0471552682930704,-0.0593253495089263,0.477,0.166267092744543,0.178357734387387,-9.96678987892968,0.0714436656638234,0.0543018704543035,0.0903012334381327,-0.0156908551663585,0.0017363832751449,-2.60276982421977,0.13524251381001,0.0428477501617728,0.0966350494916072,13.9761434309808,8.82126332756104,0.00811398693592803,-7.4697703011069,-14.7419801892369,-0.15456223068217,7.533957205551,-6.31157763471496,-2.81,0.154449007643476,-0.0290015324773031,16.5521183013916,17.4136405174809,0.169773399008137,1.11052344107223,178.404327392578,-22.1356015405599,-46.6136134359756,-178.404327392578,4.23746824264526,16.5943241119385,6.57000017166138,15.4750003814697,29.6800003051758,991.394092456715
3.05,-0.0471552682930704,-0.0593253495089263,0.477,0.226630667844563,0.157161664515114,-10.5717484488069,0.0758081116230834,0.0627806527658844,0.0847709209478335,-0.01449032148511,0.00305313472807651,-2.60070062359311,0.137283985683131,0.0445414874255786,0.0912165200767443,13.9889417857639,8.79806416083323,0.0154446839681792,-7.46189653244316,-14.7442469035586,-0.154748789682208,7.53400061167467,-6.31155885482566,-2.81,0.155822162163043,-0.0305461779949553,16.5521183013916,17.4079728249472,0.169773139925802,1.1105233820518,178.416748046875,-22.5125561931401,-47.3496000858272,-178.416748046875,4.23842287063599,16.6067562103271,6.57000017166138,15.4750003814697,29.6800003051758,991.393181878167
3.075,-0.0452424213820761,-0.0612381964199206,0.477,0.301027856287785,0.222119020026533,-10.9248255338657,0.05995162423277,0.0557770790103827,0.0787763977569376,-0.0136572918531277,0.00448429926015932,-2.59872412846503,0.0661095233859357,0.046504494608024,0.0801387160554893,14.0139859246614,8.76594434127156,0.010390930247873,-7.47057228667369,-14.7443073050199,-0.172166974266314,7.53404401779834,-6.31154007493637,-2.81,0.156202670992859,-0.0326216103301208,16.5567264556885,17.4128756003381,0.169772880843467,1.11052332303136,178.429183959961,-22.8895108485567,-48.0855867357576,-178.429183959961,4.23937702178955,16.6191883087158,6.57000017166138,15.4750003814697,29.6800003051758,991.39227129962
3.1,-0.0446034783773727,-0.066951787746843,0.477,0.308904664771134,0.262785919071652,-10.8357756447928,0.0597874091469802,0.0264833814343693,0.0701313093410126,-0.00988891892098757,0.00485071126814847,-2.59680559389799,0.0798246524123121,0.0259101710574571,0.0748413310457382,14.0307997640738,8.76059043420553,-0.0377901770835107,-7.45937349370418,-14.7625680163729,-0.192477313725285,7.5340215323156,-6.31155906647019,-2.81,0.155539540421245,-0.0327003242001562,16.5613346099854,17.4089882443172,0.169772621761133,1.11052326401093,178.441619873047,-23.2664655025551,-48.8215733856092,-178.441619873047,4.24033164978027,16.6316204071045,6.71000003814697,15.4569997787476,29.6800003051758,991.391360721073
3.125,-0.0446014625635124,-0.0682181910817278,0.477,0.303230735126354,0.244810871381514,-10.6232695720789,0.0532674708287062,-0.00188317664839147,0.0627670824085667,-0.0089403901333391,0.00476383157942516,-2.59619728513442,0.0833528181306194,0.0170808821760698,0.0725017136889457,14.0450251793764,8.71730657228694,-0.0689103200691079,-7.48501435437617,-14.7372923678129,-0.213748864679115,7.53399784375919,-6.31157874764883,-2.81,0.154179101726837,-0.0351363289934526,16.5613346099854,17.4156222218562,0.169772447162168,1.11052322423629,178.449996948242,-23.520500160037,-49.3175643888678,-178.449996948242,4.24097537994385,16.6399993896484,6.71000003814697,15.4569997787476,29.6800003051758,991.391756624789
3.15,-0.0449194648076417,-0.0685361933258571,0.477,0.290400209958033,0.196134580533847,-10.617727538809,0.0393444426480942,-0.0175851311531708,0.0533443822525781,-0.00783871655368901,0.00434656102834701,-2.59390622884766,0.0353793950384638,-0.0170055020468942,0.0567370377542886,14.0464049916186,8.7218287416848,-0.088219244190812,-7.45009035360732,-14.7590094811446,-0.217635662203158,7.53397415520279,-6.31159842882746,-2.81,0.153748412514149,-0.0351584627601897,16.5613346099854,17.3954389295262,0.169772447162168,1.11052322423629,178.449996948242,-23.520500160037,-49.3175643888678,-178.449996948242,4.24097537994385,16.6399993896484,6.71000003814697,15.4569997787476,29.6800003051758,991.39485259185
3.175,-0.0466657001125272,-0.069326847799869,0.477,0.267726774591296,0.237447953876966,-10.539512917552,0.0244215085058358,-0.0262041358159821,0.0428080605742,-0.00878978960909451,0.0035459344009677,-2.59296174180442,0.023476441050913,-0.0377462722897969,0.0451686064969295,14.0592166419231,8.72386570743737,-0.138282566155482,-7.44629383238811,-14.7739335318353,-0.264808785128666,7.53395046664638,-6.31161811000609,-2.81,0.150196432202122,-0.0353672682754021,16.5721826553345,17.3924265091891,0.169772447162168,1.11052322423629,178.449996948242,-23.520500160037,-49.3175643888678,-178.449996948242,4.24097537994385,16.6399993896484,6.71000003814697,15.4569997787476,29.6800003051758,991.39794855891
3.2,-0.047146144934265,-0.066951351332446,0.477,0.293291248310321,0.23490437153953,-10.3257039718714,-0.00424772141304922,-0.0441105152384061,0.0341922193974042,-0.00748564412997908,0.00260257880465314,-2.59230344115761,0.00115087437772303,-0.0416478182636856,0.0375067768916342,14.0597474927027,8.7339283487155,-0.164651694627334,-7.43190076585557,-14.787862620344,-0.26661633090909,7.53403934165735,-6.31157923266721,-2.81,0.149243687153184,-0.0347120715591686,16.5830307006836,17.3866484366041,0.169772447162168,1.11052322423629,178.449996948242,-23.520500160037,-49.3175643888678,-178.449996948242,4.24097537994385,16.6399993896484,6.71000003814697,15.4569997787476,29.6800003051758,991.401044525971
3.225,-0.0491991832891986,-0.0721836583916014,0.477,0.300382451757163,0.248243877592231,-10.0996450365951,-0.0178901687759904,-0.0606652078044215,0.0267450037051487,-0.00624874286935906,0.000974077362445194,-2.59161215752519,0.0139446548505975,-0.0536316021170066,0.0333692124527413,14.0625152040981,8.73745882385041,-0.200196677480012,-7.4224952837266,-14.7977051266326,-0.268488401860259,7.53415038482252,-6.31152882287358,-2.81,0.14757802340219,-0.0344431261945569,16.5830307006836,17.3832022112294,0.169772368178944,1.1105232060094,178.450759887695,-23.6369126270258,-49.5419355284031,-178.450759887695,4.24072456359863,16.6407566070557,6.84999990463257,15.4350004196167,29.6800003051758,991.402163613809
3.25,-0.0503102902478134,-0.0726484936450668,0.476698283043343,0.245233961800544,0.176693555915277,-9.9452871418335,-0.0236597895867952,-0.067645036834834,0.0190115118919756,-0.00777746559867042,-0.00110900296284243,-2.59094822055899,-0.0314628820365644,-0.0678534157216609,0.0213521485560845,14.0742890125461,8.72595257931229,-0.233934437989835,-7.42956416747521,-14.7987249458765,-0.286183864012603,7.5342614279877,-6.31147841307995,-2.81,0.14437607993861,-0.0354560565429275,16.5830307006836,17.3873252125843,0.169772108662635,1.11052314612102,178.453247070312,-24.0194107316306,-50.2791549867522,-178.453247070312,4.2399001121521,16.6432418823242,6.84999990463257,15.4350004196167,29.6800003051758,991.398764120566
3.275,-0.0523773020458288,-0.0712226294731621,0.47431200499651,0.226859110837583,0.213183895572695,-9.75578390047345,-0.0285848403905551,-0.0642160814083521,0.0116200863252172,-0.00932978526044958,-0.00284402950606751,-2.59082583486173,0.0292083230446209,-0.083023834410801,0.0198771297255105,14.0756484720219,8.74534365734173,-0.274204974125432,-7.41974688527526,-14.8164692612034,-0.315751090315716,7.53437199396965,-6.31142824254457,-2.81,0.140904082658228,-0.0346114472964347,16.5912399291992,17.3834021931013,0.169771849146327,1.11052308623264,178.455718994141,-24.4019088348172,-51.0163744451014,-178.455718994141,4.23907566070557,16.6457290649414,6.84999990463257,15.4350004196167,29.6800003051758,991.395364627323
3.3,-0.0528502942229558,-0.0713796239401226,0.472768467532889,0.209987815816128,0.240809001394629,-9.62717189549008,-0.0245641797102469,-0.0587676658362016,0.00815107841634692,-0.0102736837025036,-0.00392649559289835,-2.5907752298435,0.00848422563756762,-0.0734413936214749,0.015160888375956,14.0792134160313,8.73891212073066,-0.267438070962861,-7.42583110450958,-14.8131777869047,-0.301918615958673,7.53430660452879,-6.31146629553563,-2.81,0.140545239339909,-0.0351246505372612,16.5994491577148,17.3889416234814,0.169771589630018,1.11052302634426,178.458221435547,-24.784406939422,-51.7535939035294,-178.458221435547,4.23825120925903,16.6482162475586,6.78999996185303,15.4399995803833,29.6800003051758,991.391965134079
3.325,-0.0533318094845903,-0.0702594822050045,0.472282872255225,0.205289877050089,0.19871727040056,-9.74852591755582,-0.0219333685217736,-0.0451283179317679,0.00625394427540925,-0.0112175821445577,-0.00500896167972921,-2.59072462482528,-0.012239871769486,-0.0638589528321485,0.0104446470264013,14.0844331246819,8.73294593702515,-0.26163295009817,-7.43307764911344,-14.8111402180323,-0.289024371385413,7.53424121508792,-6.31150434852668,-2.81,0.140118292107286,-0.0356068678505374,16.5994491577148,17.3959697061398,0.169771403455275,1.11052298338086,178.460006713867,-25.0588077529476,-52.2824687324171,-178.460006713867,4.2376594543457,16.6499996185303,6.78999996185303,15.4399995803833,29.6800003051758,991.389740815034
3.35,-0.0544409989467031,-0.0685255839400306,0.471797283939469,0.175004902024113,0.202082845681593,-9.73012117498734,-0.0066305665066072,-0.0238409068174637,0.00357552298188078,-0.00891092045183026,-0.00656216082540551,-2.5903175373207,-0.0265597647019303,-0.023880199824029,0.00636647672101007,14.0824491838723,8.76653125353315,-0.280508329128974,-7.40779557521621,-14.842500959778,-0.266195666805787,7.53417582564706,-6.31154240151773,-2.81,0.14000739667667,-0.0333931510507623,16.5994491577148,17.3928348394547,0.169771403455275,1.11052298338086,178.460006713867,-25.0588077529476,-52.2824687324171,-178.460006713867,4.2376594543457,16.6499996185303,6.78999996185303,15.4399995803833,29.6800003051758,991.39049963049
3.375,-0.0555499840357433,-0.0724915590114503,0.471311693287508,0.159811923037196,0.175505181091482,-9.47364257853997,-0.0102456361594311,-0.0118300438803284,-0.00139572526345601,-0.00961837775730187,-0.00710116715922274,-2.59036279944601,0.0477655724597557,-0.0319864227284748,0.00795198903992042,14.0924165026655,8.76867449652634,-0.30842909584635,-7.41643736577768,-14.8489657400957,-0.292672285598744,7.5341104362062,-6.31158045450878,-2.81,0.13784994837737,-0.0333579228494166,16.6082038879395,17.3995047606434,0.169771403455275,1.11052298338086,178.460006713867,-25.0588077529476,-52.2824687324171,-178.460006713867,4.2376594543457,16.6499996185303,6.78999996185303,15.4399995803833,29.6800003051758,991.391258445946
3.4,-0.0553939827693641,-0.0688427434671191,0.470826102664608,0.149276649795021,0.231152477439988,-9.39021256208832,-0.0143910196428406,-0.0148431580361834,-0.00669759436929142,-0.00948306802118757,-0.00783178497179723,-2.59057026941891,0.00733679085582314,-0.0183373329951786,-0.00248913214977795,14.0886014031931,8.79011366609803,-0.303543696935496,-7.40513122513538,-14.8638650992555,-0.276536410960589,7.53396234313159,-6.31165413536972,-2.81,0.138069514102888,-0.0320652431231,16.6169586181641,17.3992892604621,0.169771403455275,1.11052298338086,178.460006713867,-25.0588077529476,-52.2824687324171,-178.460006713867,4.2376594543457,16.6499996185303,6.57999992370605,15.4479999542236,29.6800003051758,991.392017261402
3.425,-0.0557062165063126,-0.0732761470942778,0.470340508549339,0.110948335729777,0.111926015217709,-9.47041493512514,-0.033282793186442,-0.00815878550484948,-0.0104356248513985,-0.0109697678719773,-0.00805984376403805,-2.59083359344285,0.0116302987703507,-0.0231762588586149,-0.00454988874762719,14.0949090945352,8.79471086895789,-0.309307615060816,-7.41253629371541,-14.868692878739,-0.292148292138612,7.53381369903608,-6.31172805360477,-2.81,0.136835623689434,-0.0319707912367357,16.6169586181641,17.4055911231761,0.169771335755369,1.1105229677578,178.458053588867,-25.1585898666991,-52.4747868519624,-178.458053588867,4.23719549179077,16.6512966156006,6.57999992370605,15.4479999542236,29.6800003051758,991.392879011824
3.45,-0.056659779526322,-0.0713735601427023,0.469854921374584,0.0684426030231995,0.149471294661904,-9.52791615532478,-0.0458810444369211,0.0198841133443143,-0.0154277477981669,-0.0125642867743968,-0.00787021079121201,-2.59119616578472,0.00740564443052084,-0.00759372260872653,-0.00784825231504121,14.1016021416528,8.79990558913937,-0.296174269809628,-7.42113132234217,-14.8734865115295,-0.295718489840727,7.53366505494056,-6.31180197183981,-2.81,0.136694037471687,-0.0318353679636164,16.6169586181641,17.4146486716063,0.16977107623906,1.11052290786942,178.450592041016,-25.5410879713039,-53.2120063103116,-178.450592041016,4.23541593551636,16.6562690734863,6.57999992370605,15.4479999542236,29.6800003051758,991.394032411318
3.475,-0.0557042117863344,-0.07232912788269,0.469369324955919,0.0964723361150116,0.159286070812209,-9.56961073797435,-0.0433202278141543,0.0418981779043468,-0.0185710508789659,-0.0140101859315582,-0.0070332019271531,-2.59171084622906,-0.0290085839464886,0.0285890221643151,-0.0146684280426221,14.1012664839591,8.81462108213561,-0.253903293609591,-7.42042134113703,-14.8817905292965,-0.27818324518919,7.53351641084505,-6.31187589007486,-2.81,0.138463018969473,-0.0311094925815861,16.6252708435059,17.4204990540926,0.169770816722752,1.11052284798104,178.443130493164,-25.9235860744905,-53.9492257687396,-178.443130493164,4.2336368560791,16.6612434387207,6.57999992370605,15.4479999542236,29.6800003051758,991.395185810811
3.5,-0.0541261858759004,-0.0675684810753454,0.468897658913751,0.122061118009723,0.148714255983668,-9.68197670973006,-0.0658786254320128,0.0438620289576881,-0.0200292784591383,-0.0136154793914132,-0.00609410538836415,-2.59206515568192,-0.0608714287274221,0.0454036069723341,-0.0157344583617056,14.0895438858095,8.8520282647839,-0.233702726653921,-7.39559219089866,-14.9050824205198,-0.268332738518936,7.53344250553121,-6.31191397066106,-2.81,0.140078585607915,-0.0288533180383855,16.6335830688477,17.412027264019,0.169770557206443,1.11052278809267,178.435668945312,-26.3060841805134,-54.6864452270887,-178.435668945312,4.23185729980469,16.6662158966064,6.30999994277954,15.4469995498657,29.6800003051758,991.396339210304
3.525,-0.0541216358381235,-0.0704269707046314,0.46845285314736,0.0583618965288384,0.132008920004034,-9.67075605657208,-0.0572538195222954,0.0366071306881632,-0.0223726184088783,-0.0144162390610464,-0.00536196305769033,-2.59251321426136,-0.0381681376385718,0.0446631201460042,-0.0147133098999357,14.0846980390793,8.85465358161842,-0.228609815312867,-7.39671598524694,-14.9011968679138,-0.280706051657085,7.53359963315923,-6.31184126970579,-2.81,0.140093276969886,-0.0287516043455858,16.6335830688477,17.4094423211892,0.169770359748383,1.11052274252542,178.429992675781,-26.5971153458582,-55.2473730758875,-178.429992675781,4.23050355911255,16.6700000762939,6.30999994277954,15.4469995498657,29.6800003051758,991.396480086043
3.55,-0.0541201226574112,-0.0713776026743158,0.468011413838312,0.0836814811616956,0.128739383697868,-9.74930999224059,-0.0729119053284603,0.0395180551589138,-0.0222347926042468,-0.0160653219240531,-0.00458957681611607,-2.5930230666421,-0.0193588176983696,0.0416884330266555,-0.0151130335055036,14.0864499893634,8.85321103687432,-0.23128948012182,-7.4067734833633,-14.8964843241958,-0.308828649932887,7.53375676078724,-6.31176856875052,-2.81,0.139165063218871,-0.0289932310699626,16.6335830688477,17.41185362621,0.169770359748383,1.11052274252542,178.429992675781,-26.5971153458582,-55.2473730758875,-178.429992675781,4.23050355911255,16.6700000762939,6.30999994277954,15.4469995498657,29.6800003051758,991.393399295291
3.575,-0.0536468310995307,-0.0689929189976936,0.467569962962846,0.0614892358916659,0.120087101020341,-9.85739046340959,-0.061388871704338,0.054689222913335,-0.0235902178019489,-0.0170647148042917,-0.00412148796021938,-2.59333205223083,-0.00795981474220753,0.0398856848478317,-0.0153552778065205,14.0884859777109,8.8609582159057,-0.178591684516403,-7.40852593477385,-14.9021419692855,-0.271699906155327,7.53391388841525,-6.31169586779526,-2.81,0.141683906150156,-0.0286304416589838,16.630500793457,17.4216887659793,0.169770359748383,1.11052274252542,178.429992675781,-26.5971153458582,-55.2473730758875,-178.429992675781,4.23050355911255,16.6700000762939,6.30999994277954,15.4469995498657,29.6800003051758,991.39031850454
3.6,-0.0515929719863811,-0.0625009972205612,0.467128516293085,0.0574916041356386,0.147327258941898,-9.92687306106744,-0.0713752160284793,0.0679142034536798,-0.0241472016099618,-0.0213823995561261,-0.0026835818435918,-2.59398646414008,-0.0704493108003967,0.0500340812513432,-0.0226192031949108,14.0896180581751,8.87523038046352,-0.139759470441931,-7.41181937954715,-14.9092737321715,-0.291674999414955,7.53408035746903,-6.3116177355886,-2.81,0.141824140514223,-0.02834256003706,16.6274185180664,17.4253140113196,0.169770359748383,1.11052274252542,178.429992675781,-26.5971153458582,-55.2473730758875,-178.429992675781,4.23050355911255,16.6700000762939,6.21999979019165,15.4619998931885,29.6800003051758,991.387237713788
3.625,-0.050954647267403,-0.0656684278837833,0.466687066484169,0.0793893865204642,0.110465461883366,-9.97782256626752,-0.0579892477444377,0.056688126596379,-0.0263613761414779,-0.0211672032910036,-0.00102870714747917,-2.59444801073748,-0.0974121982399744,0.0664860904241028,-0.0218080904891576,14.0692677549368,8.90167856563336,-0.101394809309201,-7.38664107125545,-14.9183174770464,-0.275308357678685,7.53424695981892,-6.31153952588149,-2.81,0.144585597597845,-0.0267384471551011,16.6274185180664,17.4107492101337,0.169770303331794,1.11052272950621,178.425659179688,-26.6802671077905,-55.4076381755218,-178.425659179688,4.23123931884766,16.6672973632812,6.21999979019165,15.4619998931885,29.6800003051758,991.383744523332
3.65,-0.0503221120885765,-0.0624813938225976,0.466245622953563,0.0790637713626388,0.0777364283288314,-9.97579709935895,-0.0832056261043124,0.0469821482964822,-0.0264851574524013,-0.02510113080242,0.000787967874028985,-2.59543404930069,-0.116144261395035,0.0472246565580802,-0.0263056783341358,14.0625123976261,8.91743881029553,-0.0942719947326342,-7.38746021380311,-14.9198176029642,-0.3291372988583,7.53441356216882,-6.31146131617438,-2.81,0.143244710819584,-0.0262584223682377,16.6274185180664,17.4046199236947,0.169770043815485,1.11052266961783,178.405776977539,-27.0627652109771,-56.1448576338709,-178.405776977539,4.23462438583374,16.6548652648926,6.21999979019165,15.4619998931885,29.6800003051758,991.37876669394
3.675,-0.049693405636987,-0.0602759246421692,0.465804175222885,0.0503904892925244,0.105283902937757,-9.98337228186881,-0.0782497338484324,0.0368182459598445,-0.0271388515845298,-0.0252236970561086,0.00144476088183303,-2.59585799475968,-0.105965410709187,0.0454588071171034,-0.0219538597547135,14.0488953000777,8.93721635619932,-0.0526389825685586,-7.37122071459941,-14.9272962589272,-0.29832496949756,7.53450719469835,-6.31141857586842,-2.81,0.145762317241672,-0.0250747561575641,16.6234130859375,17.3989248005243,0.169769784299177,1.11052260972945,178.385894775391,-27.445263317,-56.8820770922989,-178.385894775391,4.23800945281982,16.6424331665039,5.71999979019165,15.4890003204346,29.6800003051758,991.373788864548
3.7,-0.0496898893305833,-0.0605759464965254,0.465362727517775,0.0369697873260668,0.0458393389031263,-10.1112412937483,-0.089582469597481,0.0430148272553603,-0.0252905076336991,-0.0279850180701873,0.00223806204930637,-2.59633669798133,-0.13237356614655,0.0455974511240479,-0.0241116572676627,14.0464801048761,8.93771082161072,-0.0507412170670133,-7.37618286621236,-14.9221443203038,-0.332246816008131,7.53454164371298,-6.31140460367262,-2.81,0.144543959868275,-0.0253755403579112,16.6194076538086,17.3957984789213,0.169769524782869,1.11052254984107,178.365997314453,-27.8277614201867,-57.6192965506481,-178.365997314453,4.24139451980591,16.6300010681152,5.71999979019165,15.4890003204346,29.6800003051758,991.368811035156
3.725,-0.0485935556695316,-0.0540836406265192,0.465046376953632,0.0505762401074979,0.141328572708192,-10.1487949147992,-0.0773728171506982,0.0469669082132028,-0.0236417385665473,-0.0308042902161911,0.00316632234107547,-2.59695453453458,-0.117807650021743,0.0427296478355743,-0.0239397987413907,14.0388076080993,8.94248238931179,-0.030825845223381,-7.3762238505798,-14.9172853706055,-0.350684261362434,7.53457609272761,-6.31139063147683,-2.81,0.144380603226774,-0.0254135078139974,16.6194076538086,17.3908485449276,0.16976931604149,1.11052250166998,178.350006103516,-28.1354229387688,-58.2122774193579,-178.350006103516,4.24411725997925,16.6200008392334,5.71999979019165,15.4890003204346,29.6800003051758,991.366639173353
3.75,-0.0484325524465252,-0.0529715354608084,0.465,0.0645469623502589,0.0376092930416243,-10.2258763538366,-0.0732637703198732,0.0419262585247344,-0.0235462122034426,-0.0330980457365513,0.00412823632359505,-2.59768271446228,-0.0334087759256363,0.0351391956210136,-0.0196510590612888,14.0210261667477,8.96531026347314,0.0252606377262619,-7.35930635939626,-14.9230949842423,-0.329312903803135,7.53461054174225,-6.31137665928103,-2.81,0.146640911778567,-0.024318246835912,16.6194076538086,17.3822973635745,0.16976931604149,1.11052250166998,178.350006103516,-28.1354229387688,-58.2122774193579,-178.350006103516,4.24411725997925,16.6200008392334,5.71999979019165,15.4890003204346,29.6800003051758,991.376002956081
3.775,-0.047330046289481,-0.0499658691808953,0.465,0.0714693318533711,0.100564631664154,-10.1623935878042,-0.0809038526500513,0.0331422226986972,-0.021173533126305,-0.034424340094099,0.00504156431088527,-2.59801178018397,-0.133772232844095,0.0372291929160734,-0.0219545884006352,14.0130501687327,8.96790932418135,0.0681766467875004,-7.35534422670166,-14.9196417710731,-0.311161473998527,7.53464499075688,-6.31136268708524,-2.81,0.14860569050403,-0.0243093855284677,16.6120042800903,17.3798285855438,0.16976931604149,1.11052250166998,178.350006103516,-28.1354229387688,-58.2122774193579,-178.350006103516,4.24411725997925,16.6200008392334,5.63000011444092,15.4849996566772,29.6800003051758,991.385366738809
3.8,-0.0471714384195242,-0.0491667220332831,0.465,0.0598762896147329,0.0180387016662125,-10.1995370222591,-0.0768710983341549,0.026586207864088,-0.0204182928307456,-0.0367627960806726,0.00546858186091901,-2.59854427602157,-0.108367036034216,0.0248917506041338,-0.0215091337662346,14.0062017492543,8.9713725914258,0.0582906229234833,-7.35586752450068,-14.914176708375,-0.348076837898531,7.53476220869568,-6.31130694085054,-2.81,0.146899382315892,-0.0243620654679267,16.6046009063721,17.372428953495,0.16976931604149,1.11052250166998,178.350006103516,-28.1354229387688,-58.2122774193579,-178.350006103516,4.24411725997925,16.6200008392334,5.63000011444092,15.4849996566772,29.6800003051758,991.394730521537
3.825,-0.0473357876608064,-0.0455155221737788,0.465,0.0663642828179476,0.0994127051564626,-10.1116466656269,-0.0880525207909625,0.0297834660356237,-0.0187855711344125,-0.0384919411455377,0.00596079666981198,-2.59905465622777,-0.0665312757930706,0.0187094801872429,-0.017995476198181,13.9989670807722,8.97885576637672,0.0626274819469749,-7.35337846491177,-14.9126938676782,-0.366386632019322,7.53489422092883,-6.31124372783488,-2.81,0.146346343843286,-0.0240956416651432,16.6046009063721,17.3671199215164,0.169769270681798,1.11052249163198,178.350875854492,-28.1995341522878,-58.3411327035283,-178.350875854492,4.24478912353516,16.6217308044434,5.63000011444092,15.4849996566772,29.6800003051758,991.400803024704
3.85,-0.0468628567616414,-0.0437711236933423,0.465,0.0326048326454239,0.105534532209815,-10.1396581354429,-0.0700963469427629,0.0324281794340959,-0.0179857711776756,-0.0401099382687427,0.00669231858960676,-2.59956355938854,-0.0272437571852828,0.0242361655453571,-0.0124055859622918,13.9871778560289,8.97255485864691,0.11536358553404,-7.3532541315308,-14.898876506128,-0.338121807567806,7.53502623316199,-6.31118051481922,-2.81,0.148698444930976,-0.0246045450255593,16.6046009063721,17.3643196369757,0.169769009863568,1.11052243391347,178.355834960938,-28.5681736303766,-59.0820505872124,-178.355834960938,4.24865102767944,16.6316757202148,5.63000011444092,15.4849996566772,29.6800003051758,991.391241949958
3.875,-0.0459137375799093,-0.0415497726923574,0.465,0.037759953414024,0.0614427425125979,-10.1361804917157,-0.066492014484892,0.029530324274272,-0.0168622298530959,-0.0428242944180965,0.00718871131539345,-2.59988760948181,-0.0679285153746605,0.0234759747982025,-0.0170325431972742,13.9728445765612,8.97558919392814,0.148182713569624,-7.34377851976882,-14.8922506608938,-0.336648720756975,7.53515824539514,-6.31111730180356,-2.81,0.149315498245174,-0.0247726650512496,16.5909843444824,17.3532727616082,0.169768749045338,1.11052237619496,178.360809326172,-28.9368131084654,-59.8229684709753,-178.360809326172,4.25251388549805,16.6416206359863,5.63000011444092,15.4849996566772,29.6800003051758,991.381680875211
3.9,-0.0459137375799093,-0.0415497726923574,0.465,0.0539321375786053,0.0469343067489997,-10.2014705256836,-0.0626620853755359,0.0229463360978659,-0.0142270252045985,-0.0426447319729812,0.00764913622658471,-2.60017837899082,-0.0173785905915873,0.0147259400311958,-0.00782555628601719,13.9574320407168,8.99057040871134,0.132174616266376,-7.32728438730463,-14.894310549094,-0.357983727445088,7.53525217800775,-6.31107467562502,-2.81,0.148704899052335,-0.0238566723384835,16.5773677825928,17.3372233940654,0.169768488227109,1.11052231847645,178.365783691406,-29.305452585136,-60.5638863548171,-178.365783691406,4.25637626647949,16.6515674591064,5.53999996185303,15.4930000305176,29.6800003051758,991.372119800464
3.925,-0.0459132196035764,-0.0418751831721007,0.465,0.0581626196463194,0.112881421632249,-10.2512173947503,-0.0453915959714218,0.024116334170303,-0.0112355396547692,-0.0448782078836377,0.00801031685117952,-2.60047112845018,-0.0325618278087831,0.0121873716686655,-0.0100557012625559,13.951978955385,8.97693323241805,0.157256350097252,-7.33363568831159,-14.8780993184769,-0.35738613725713,7.53534524523859,-6.31103251729447,-2.81,0.14903772593489,-0.0249090537281711,16.5773677825928,17.3348360920408,0.16976826709861,1.11052226954119,178.369995117188,-29.6179947505094,-61.1920558649605,-178.369995117188,4.25965070724487,16.6599998474121,5.53999996185303,15.4930000305176,29.6800003051758,991.364835831926
3.95,-0.0459177801115228,-0.0390101158234465,0.465,0.0557494805005038,0.0781826137313376,-10.3890937920424,-0.0251518486150673,0.0330032528690909,-0.010997884734801,-0.0458116843658003,0.00862482753723931,-2.60071731868543,-0.0162323476748148,0.0194176744326312,-0.00918162975556841,13.9493938113535,8.97172496291643,0.182238640075634,-7.33722592208715,-14.8712433441526,-0.349119755427816,7.53543831246943,-6.31099035896392,-2.81,0.150093433735896,-0.0252984547540139,16.5773677825928,17.3358012270104,0.16976826709861,1.11052226954119,178.369995117188,-29.6179947505094,-61.1920558649605,-178.369995117188,4.25965070724487,16.6599998474121,5.53999996185303,15.4930000305176,29.6800003051758,991.370238597973
3.975,-0.0449630104990575,-0.0418623243086477,0.465004646670638,0.0730228885279576,0.0538983255111703,-10.3536496251982,-0.0127698468654122,0.0337084636639771,-0.0103118998396549,-0.0461115393052031,0.00958864296866027,-2.60098213871546,0.000632897942284563,0.0284123323520488,-0.00822872626647531,13.9395122171667,8.97301949575897,0.190511164742436,-7.33161684021476,-14.8654415735806,-0.35695316001083,7.53553137970026,-6.31094820063336,-2.81,0.15067001748964,-0.0252379492226711,16.5604839324951,17.3271143546726,0.16976826709861,1.11052226954119,178.369995117188,-29.6179947505094,-61.1920558649605,-178.369995117188,4.25965070724487,16.6599998474121,5.53999996185303,15.4930000305176,29.6800003051758,991.37564136402
4,-0.0440153355700114,-0.038387345323431,0.465126720831691,0.0901984744145833,0.0286356268128717,-10.2656992756012,-0.00886076804898058,0.025457777200167,-0.0100964619958278,-0.0451115426423913,0.0101314013293811,-2.60109149868716,-0.0375889063343429,0.0250476940742988,-0.00649931542471846,13.9209068954307,8.98282140092594,0.18346316651886,-7.3121475654032,-14.8632847426065,-0.3628394791382,7.53562458321463,-6.31090597089462,-2.81,0.151070196260272,-0.0245438562298024,16.5436000823975,17.3086138973334,0.16976826709861,1.11052226954119,178.369995117188,-29.6179947505094,-61.1920558649605,-178.369995117188,4.25965070724487,16.6599998474121,5.44999980926514,15.5129995346069,29.6800003051758,991.381044130068
4.025,-0.0444868954771258,-0.0417088076264921,0.465396492561841,0.0280052921532891,0.0281849266126757,-10.1021917730884,-0.0250389667468905,0.0117497553261457,-0.00905517768881236,-0.0448508157859271,0.0103421835569646,-2.6012680254169,-0.0365779565470231,0.0218375318656795,-0.00477548741357739,13.9123419999194,8.98962255958643,0.168495562079953,-7.30406698762356,-14.8627800999441,-0.378599500792367,7.53576814643168,-6.3108373542903,-2.81,0.150459715906991,-0.024097077099992,16.5436000823975,17.299368194198,0.169768233135446,1.1105222620693,178.372909545898,-29.6657166308759,-61.2885365269173,-178.372909545898,4.25923204421997,16.6593494415283,5.44999980926514,15.5129995346069,29.6800003051758,991.385306693412
4.05,-0.0440079842953227,-0.0421877188082951,0.465666268146773,0.0228224940520998,0.0392773657167451,-9.94801041991252,-0.0226868830149598,0.0149427156411198,-0.0102647408577751,-0.0453065532261588,0.0105591226390358,-2.6014881353428,-0.0410460183311942,0.0192846023534757,-0.00486184404204335,13.9113767546794,8.98543755071531,0.159383702976795,-7.30873945603233,-14.8565305764802,-0.394615188706956,7.53591170964872,-6.31076873768598,-2.81,0.14973087539656,-0.0243663589599273,16.5436000823975,17.2982021442337,0.16976797275119,1.11052220478476,178.395294189453,-30.0315843822433,-62.0282216021827,-178.395294189453,4.25602054595947,16.6543769836426,5.44999980926514,15.5129995346069,29.6800003051758,991.381967905405
4.075,-0.0440094968187015,-0.0412374997980598,0.465936041158949,0.0185693132608366,0.00583219454329459,-9.83799811215425,-0.0357053307509235,0.0234902752755286,-0.00900885838232386,-0.0466673396802396,0.0108167422460097,-2.60176868114546,-0.00898166079089576,0.0154214115408147,-0.00408954378269564,13.9004403102017,8.98442026488277,0.153253463047008,-7.30411582143319,-14.8472911795914,-0.416379193727417,7.53605527286576,-6.31070012108166,-2.81,0.148775448363786,-0.0245823245230446,16.529896736145,17.2868009062555,0.169767712366934,1.11052214750022,178.417678833008,-30.3974521336107,-62.767906677527,-178.417678833008,4.25280904769897,16.6494045257568,5.48000001907349,15.5109996795654,29.6800003051758,991.378629117399
4.1,-0.0440120167929308,-0.0396543656453619,0.466205814171126,-0.00093547832798907,0.108050863639716,-9.61942716500112,-0.0362936992747625,0.0216251827284098,-0.00929060694867126,-0.0495000955917735,0.0114348386502118,-2.60208290091307,-0.0520656733995967,0.0157099616424857,-0.00916068624092845,13.8885457832206,8.97319057574276,0.198290847039953,-7.30357314230316,-14.8304814044163,-0.404738198746552,7.53594814763783,-6.31075210197981,-2.81,0.150037944252648,-0.0255820943196595,16.5161933898926,17.2795388779323,0.169767451982678,1.11052209021569,178.440063476562,-30.7633198863963,-63.5075917527924,-178.440063476562,4.24959754943848,16.6444320678711,5.48000001907349,15.5109996795654,29.6800003051758,991.375290329392
4.125,-0.0427502834557078,-0.0345707694673694,0.466475587183302,-0.00990781903363605,0.0468844380234048,-9.50337366536939,-0.0296993413654478,0.0186127957811587,-0.0109319914589975,-0.0499009277581752,0.0116332188865207,-2.60217587222927,-0.0563500876393158,0.0163112824024774,-0.00970093050990574,13.8663558852256,8.99630143866748,0.210748470817489,-7.27379780103026,-14.8386627362446,-0.399541961207632,7.53583674978112,-6.31080613829124,-2.81,0.150763917841699,-0.024312812874698,16.5161933898926,17.2586187639864,0.169767219901058,1.11052203915773,178.460006713867,-31.0894194045977,-64.1668762764139,-178.460006713867,4.24673509597778,16.6399993896484,5.48000001907349,15.5109996795654,29.6800003051758,991.372301256334
4.15,-0.042437113754774,-0.0342575997664356,0.466745360195478,-0.041066116948728,0.0932950562229153,-9.40480977254843,-0.0209582571100739,0.0300351858133283,-0.00934337110350904,-0.0498589718565351,0.0122251115707659,-2.60247877653365,0.00782178484480464,0.0202171252525111,-0.00603726887021243,13.8674906573154,8.98883896611706,0.225471274177895,-7.28266747625446,-14.8312578372258,-0.392308272951775,7.53572535192442,-6.31086017460266,-2.81,0.151724108934248,-0.0246809766286984,16.5161933898926,17.2634636045753,0.169767219901058,1.11052203915773,178.460006713867,-31.0894194045977,-64.1668762764139,-178.460006713867,4.24673509597778,16.6399993896484,5.48000001907349,15.5109996795654,29.6800003051758,991.372179845861
4.175,-0.0411628228480069,-0.0367854519688293,0.467015133207654,-0.0237405437086744,0.0795551822714108,-9.40033523938694,-0.0157727271210625,0.0385277641747191,-0.00980776901497269,-0.0488816629581063,0.0131395164494887,-2.60258706886834,-0.0305820542994747,0.0361670890730137,-0.00619361695599627,13.8538832849018,8.98098359769966,0.259450781178861,-7.27583513270495,-14.8184634062559,-0.361702309693727,7.53574964605694,-6.31085093949726,-2.81,0.154500274903106,-0.0250006249928171,16.5000457763672,17.2556273465602,0.169767219901058,1.11052203915773,178.460006713867,-31.0894194045977,-64.1668762764139,-178.460006713867,4.24673509597778,16.6399993896484,5.48000001907349,15.5109996795654,29.6800003051758,991.372058435388
4.2,-0.0408408346880896,-0.0377480254036362,0.467284907510922,-0.0106359691194944,0.0905065675920558,-9.61960473130395,0.000729811808794219,0.0367270311590965,-0.00848036446430672,-0.0495749502262828,0.0136955234348573,-2.60288980293685,0.0440142357182298,0.0275457999644222,-0.00426796705262478,13.8497771254704,8.96950217542552,0.269462878721158,-7.28236660684954,-14.8045537918951,-0.365006259541513,7.53583425725282,-6.31081357932656,-2.81,0.154831376032413,-0.0257140185010363,16.4838981628418,17.2540051593353,0.169767219901058,1.11052203915773,178.460006713867,-31.0894194045977,-64.1668762764139,-178.460006713867,4.24673509597778,16.6399993896484,5.78999996185303,15.4750003814697,29.6800003051758,991.371937024916
4.225,-0.0411598959371548,-0.0367959310496028,0.46755467987173,0.0669072790689764,0.143274466299649,-9.89506725803227,0.016475236639989,0.0375409757524337,-0.00841962124490257,-0.0502142065149283,0.0143408250781382,-2.60300487319521,-0.00112867561350651,0.0297575832511998,-0.00816581825265758,13.8455312388143,8.95948270936593,0.301571661611243,-7.28491590666955,-14.7943086957537,-0.347046998252938,7.53591886844871,-6.31077621915585,-2.81,0.156489862579679,-0.0263688830749608,16.4838981628418,17.2537997033019,0.169767197258949,1.11052203417647,178.461090087891,-31.1212339919815,-64.2311967177448,-178.461090087891,4.24713134765625,16.6374034881592,5.78999996185303,15.4750003814697,29.6800003051758,991.371502850507
4.25,-0.0402086053209902,-0.0358446404334383,0.467824452244183,0.142233494921758,0.0722892006561197,-10.3800169656507,0.0308303864591894,0.0314320407244843,-0.0106762786426832,-0.0495340816744052,0.0150333139978465,-2.6032368692215,0.0118490083240549,0.0260788991637741,-0.00920601393877478,13.8358681765602,8.96240053838068,0.314750223837247,-7.27821063286462,-14.7908338962496,-0.337375088193102,7.5360034796446,-6.31073885898515,-2.81,0.157827028933631,-0.0260781989086682,16.4838981628418,17.2478063986929,0.169766936874693,1.11052197689193,178.473526000977,-31.4871017447671,-64.970881793089,-178.473526000977,4.25168800354004,16.6075668334961,5.78999996185303,15.4750003814697,29.6800003051758,991.367784654772
4.275,-0.039728031747766,-0.0391723420214061,0.468094225256359,0.165692026493902,0.0869785558662028,-10.5594468042956,0.0420865306764458,0.0196412396059604,-0.0127340782627795,-0.0481191147427607,0.0153102983783023,-2.60362688820923,0.0859488196358319,0.00816691296448588,-0.00757806717958573,13.8257236393658,8.96923272961443,0.305409577654718,-7.27187158438002,-14.7883964592238,-0.338021811917368,7.53608809084048,-6.31070149881445,-2.81,0.158177956560043,-0.0254247953648945,16.4664468765259,17.2411617284643,0.169766676490437,1.1105219196074,178.485946655273,-31.8529694961345,-65.7105668683544,-178.485946655273,4.25624465942383,16.577730178833,5.40000009536743,15.5240001678467,29.6800003051758,991.364066459037
4.3,-0.0395666166734389,-0.0402900505869357,0.468363998268535,0.15031038748132,0.0140566909671331,-10.4911409841675,0.0280908311732616,-0.00778530737427394,-0.0133274861275501,-0.0474825168802176,0.0149723734750422,-2.6038912467407,0.0817487705874269,-0.0112897754280829,-0.0089235797755773,13.8169892443928,8.967331653723,0.304409957450427,-7.26939554329553,-14.7804913751411,-0.328416403700038,7.53618571324275,-6.31065549878176,-2.81,0.158454154791586,-0.0254007690332817,16.44899559021,17.2366357872366,0.169766416106181,1.11052186232286,178.49836730957,-32.2188372475019,-66.4502519436198,-178.49836730957,4.26080131530762,16.5478916168213,5.40000009536743,15.5240001678467,29.6800003051758,991.360348263302
4.325,-0.0400423856903107,-0.0407658196038075,0.468633773214049,0.141239147638705,0.0503146364889904,-10.3193736033362,0.0248524148512667,-0.0296339238787198,-0.0133699715088912,-0.0468459190176744,0.0146344485717821,-2.60415560527217,0.0775487215390218,-0.0307464638206524,-0.0102690923715689,13.809511601418,8.96278257622252,0.30568131325575,-7.26932206723901,-14.7710643568711,-0.316445400554906,7.53628721649226,-6.31060692174095,-2.81,0.158848857394495,-0.0255277630129378,16.44899559021,17.2337813846693,0.169766172703507,1.11052180877427,178.509994506836,-32.5608440586861,-67.1416966879461,-178.509994506836,4.26506090164185,16.5200004577637,5.40000009536743,15.5240001678467,29.6800003051758,991.356571671769
4.35,-0.0414683274264119,-0.0421917613399086,0.468903309155364,0.12974430324981,0.0522431946153287,-10.1783841209863,0.0113252508842116,-0.0438054462702841,-0.0148205758445667,-0.0456454859273818,0.0134163970113924,-2.6045001796249,-0.0296931557388233,-0.04405067883099,-0.0155901156558114,13.7745064128386,8.97192284254236,0.217729134129708,-7.24108123238843,-14.7548195076295,-0.376664663780641,7.53638871974178,-6.31055834470013,-2.81,0.15448567862574,-0.0248124754110536,16.44899559021,17.1930301469044,0.169766172703507,1.11052180877427,178.509994506836,-32.5608440586861,-67.1416966879461,-178.509994506836,4.26506090164185,16.5200004577637,5.40000009536743,15.5240001678467,29.6800003051758,991.351958073796
4.375,-0.0424139655775419,-0.0450407754264384,0.469,0.0902087113326809,0.0526687851694804,-9.93764987977911,0.00152432977726324,-0.0452951553285716,-0.014697091691983,-0.0440913146276847,0.012186130051965,-2.60480992336838,0.0316910224769413,-0.0493667291785606,-0.0104532693263906,13.7591402442386,8.9891212047101,0.165527039035832,-7.22467168910994,-14.7577423285748,-0.398496978925375,7.53649022299129,-6.31050976765932,-2.81,0.152179417582204,-0.0235452541316526,16.4348888397217,17.1773975256472,0.169766172703507,1.11052180877427,178.509994506836,-32.5608440586861,-67.1416966879461,-178.509994506836,4.26506090164185,16.5200004577637,6.15999984741211,15.460000038147,29.6800003051758,991.347344475824
4.4,-0.0433707664738576,-0.0428300595106217,0.469,0.0819618710309637,-0.0425673374150309,-9.78611702851464,-0.0273217577618851,-0.0474457195551852,-0.016042187859424,-0.0460184457208314,0.0115070382927951,-2.60515580496426,0.0388480768527458,-0.0561934264115079,-0.0131568185089437,13.7618481436331,8.97970031285079,0.147464422080653,-7.23745772874201,-14.7473577332,-0.424114732718669,7.53657538348985,-6.31046960636359,-2.81,0.149907231324992,-0.0242923690237243,16.4207820892334,17.1798016337415,0.169766172703507,1.11052180877427,178.509994506836,-32.5608440586861,-67.1416966879461,-178.509994506836,4.26506090164185,16.5200004577637,6.15999984741211,15.460000038147,29.6800003051758,991.34273087785
4.425,-0.0444820707911645,-0.0404458251438049,0.469,0.0516557103221221,0.0668193903880054,-9.42488146513202,-0.0329674192356437,-0.0597721115765884,-0.0177343099081574,-0.046583063242876,0.0103481306567572,-2.60537046646726,-0.0840176061022548,-0.0515723588209651,-0.018294273638099,13.732853930015,9.01468422724451,0.119884779669792,-7.19868970162328,-14.7598638663268,-0.442115785400463,7.53665841789104,-6.31043053990762,-2.81,0.14800443797719,-0.0223231239397423,16.4207820892334,17.1502269196249,0.169766172703507,1.11052180877427,178.509994506836,-32.5608440586861,-67.1416966879461,-178.509994506836,4.26506090164185,16.5200004577637,6.15999984741211,15.460000038147,29.6800003051758,991.338416847023
4.45,-0.0459177801115228,-0.0390101158234465,0.469,0.00557318290978007,0.0295432297639872,-9.05275709021152,-0.0422978540926795,-0.0552063551826958,-0.0177365620432319,-0.0480941249897474,0.00743564860430561,-2.60619794125994,-0.0419389211629021,-0.063312357938984,-0.0171067695682111,13.7299609691827,9.0128621761346,0.127569461904042,-7.21040910199626,-14.7513849273069,-0.407958450287602,7.53674145229222,-6.31039147345165,-2.81,0.146984835903236,-0.022444186884525,16.4207820892334,17.1609621981235,0.169766172703507,1.11052180877427,178.509994506836,-32.5608440586861,-67.1416966879461,-178.509994506836,4.26506090164185,16.5200004577637,6.15999984741211,15.460000038147,29.6800003051758,991.340693293391
4.475,-0.046388807029559,-0.0413833890922965,0.469,-0.000285455486439115,0.0791930010221241,-8.8406131109911,-0.021239515506646,-0.0426590070403466,-0.0155549490532573,-0.0466171389937387,0.00608787950100493,-2.60641811845015,-0.0121454298198805,-0.0440792974048977,-0.0111164329465354,13.7170114413582,9.01510998166044,0.131211200011539,-7.20161148806374,-14.7459768613679,-0.372539423126284,7.53682448669341,-6.31035240699568,-2.81,0.147805857078789,-0.0220606746795111,16.4038782119751,17.1558290088539,0.169766172703507,1.11052180877427,178.509994506836,-32.5608440586861,-67.1416966879461,-178.509994506836,4.26506090164185,16.5200004577637,6.15999984741211,15.460000038147,29.6800003051758,991.342969739759
4.5,-0.0465476411642336,-0.0421836762766817,0.469,-0.00755217348465921,0.100273807088346,-8.89012104365142,-0.00195033498538685,-0.0198930095394603,-0.0136576617305048,-0.0486745922700992,0.00549886664398434,-2.60690255852958,0.0149714546391973,-0.0334293150541106,-0.0120691166084014,13.7172122301564,8.98951274721217,0.148092373697699,-7.22203410956332,-14.7208782600714,-0.364895496069109,7.53696320192683,-6.31028534073231,-2.81,0.147504389218943,-0.0237334885712395,16.3869743347168,17.1623020288816,0.169766172703507,1.11052180877427,178.509994506836,-32.5608440586861,-67.1416966879461,-178.509994506836,4.26506090164185,16.5200004577637,5.8600001335144,15.5,29.6800003051758,991.345246186127
4.525,-0.0463957084927081,-0.0385321874422613,0.469,-0.0358953758735105,0.0794372674655773,-9.01172551948889,0.02539222809959,0.000212180303545462,-0.010914521387816,-0.0488345467378112,0.0056299813151466,-2.60721852856392,0.0132565220807554,-0.0142906948066119,-0.0126085440795522,13.7157019098901,8.98451811930173,0.171029893012082,-7.2274434262095,-14.7144946856251,-0.344968997129273,7.53725798544617,-6.3101397935668,-2.81,0.148756441663089,-0.0239826953378881,16.3869743347168,17.1670022651634,0.169766167061848,1.11052180755726,178.510589599609,-32.568616940823,-67.1577231979411,-178.510589599609,4.26502561569214,16.5197296142578,5.8600001335144,15.5,29.6800003051758,991.347513394742
4.55,-0.0459177801115228,-0.0390101158234465,0.469,0.0232341254313561,0.0586776262181706,-9.14116313632323,0.0185856769673974,0.0213794997707709,-0.0113087506519665,-0.0482483175738534,0.00586313548215802,-2.60748636072899,0.0145680933426792,0.00674249528970477,-0.0120187156746164,13.7141757456559,8.99643262774384,0.182746393639213,-7.22365870776355,-14.7226526221923,-0.331763911031413,7.5375527689655,-6.30999424640129,-2.81,0.149790416434159,-0.023155918569818,16.3869743347168,17.1699691124111,0.16976590754554,1.11052175157464,178.537933349609,-32.926169517699,-67.8949426562903,-178.537933349609,4.26342010498047,16.5072975158691,5.8600001335144,15.5,29.6800003051758,991.349364904455
4.575,-0.0449660295341379,-0.0399618664008315,0.469,0.0226149171394274,0.0732765309862597,-9.32895429014147,0.0298583953829243,0.0343011617914679,-0.0114691448497851,-0.0478931851685047,0.00600437819957733,-2.60764861106873,0.0153626315295696,0.0194842144846916,-0.0116614028811455,13.6983651447251,9.00424662838522,0.212258904497347,-7.20782777603038,-14.7215200104499,-0.301307415360843,7.53784755248484,-6.30984869923578,-2.81,0.151837253910499,-0.0226356851866182,16.3776655197144,17.1605563320689,0.169765648029231,1.11052169559203,178.565292358398,-33.2837220931568,-68.6321621147183,-178.565292358398,4.26181507110596,16.4948654174805,6.01999998092651,15.4790000915527,29.6800003051758,991.351216414168
4.6,-0.0446459304112606,-0.0402819655237087,0.469,0.0423502285562522,0.0108962074215889,-9.53925862630466,0.0189510831629319,0.0412218967166935,-0.0102338788178455,-0.0452868458707527,0.00696326720907738,-2.60786674922233,0.0766880253723054,0.0293476472662731,-0.00545945981307599,13.6823532329943,9.00415265288083,0.225311445624541,-7.19669128202551,-14.7126738453583,-0.277818551699495,7.53791919703606,-6.30981497494855,-2.81,0.154329976231162,-0.0222578653817346,16.3683567047119,17.1501815166141,0.169765388512923,1.11052163960941,178.592651367188,-33.6412746686146,-69.3693815730674,-178.592651367188,4.26020908355713,16.4824314117432,6.01999998092651,15.4790000915527,29.6800003051758,991.353067923881
4.625,-0.0433659956477715,-0.0466331289617925,0.469,0.0753824293287237,0.118044214810576,-9.61484313802918,0.0262088615485591,0.0408072352031635,-0.00982091492474885,-0.0434198773336711,0.00795421332541476,-2.60804085988722,0.0545707543464947,0.0344120003469833,-0.00505824282167566,13.6816602163532,8.99462930541818,0.240656616059203,-7.20297111991552,-14.7037179143771,-0.258814150643591,7.53792865315845,-6.30981241549626,-2.81,0.156428379853298,-0.0225199300543077,16.3683567047119,17.1540177475106,0.169765128996614,1.1105215836268,178.619995117188,-33.9988272440725,-70.1066010314166,-178.619995117188,4.25860357284546,16.4699993133545,6.01999998092651,15.4790000915527,29.6800003051758,991.354919433594
4.65,-0.0427289981350094,-0.0472701264745546,0.469,0.0830801503590133,0.0160441394844543,-9.70226390346764,0.0347167751860612,0.0324865128668011,-0.011167297683889,-0.0423323460713354,0.0087459912240084,-2.60823774543469,0.0411622378059761,0.0312053844628207,-0.0052100212082405,13.675321321463,8.99051245895345,0.248032953552914,-7.202210314318,-14.6959102465464,-0.252262719584185,7.53793810928084,-6.30980985604396,-2.81,0.157653279676249,-0.0225789966998309,16.3683567047119,17.1505298840863,0.16976486991428,1.11052152764418,178.637405395508,-34.3563798195303,-70.842587681347,-178.637405395508,4.25877714157104,16.4650268554688,6.01999998092651,15.4790000915527,29.6800003051758,991.344538838155
4.675,-0.0420971786251459,-0.0459997466621474,0.469,0.0960366685168405,0.0811007589621616,-9.74275696931585,0.0259119385468096,0.0229365879584358,-0.00905987970921533,-0.0435516656859753,0.00932534621116154,-2.60865510538676,0.0248077782397247,0.0137402732876418,-0.01009218112021,13.6589915163367,8.99639831610693,0.246582148088968,-7.19117909960982,-14.6893366461913,-0.272702609746669,7.53794756540323,-6.30980729659166,-2.81,0.157153749133322,-0.0223547642612878,16.3547191619873,17.1348055863318,0.169764610831945,1.11052147166157,178.654815673828,-34.7139323949882,-71.5785743312775,-178.654815673828,4.25895118713379,16.460054397583,6.11999988555908,15.4759998321533,29.6800003051758,991.334158242715
4.7,-0.0420981884791228,-0.0453653217931439,0.469045805392757,0.148872360328549,0.0288796285350906,-10.0180356841065,0.022837913034192,0.0125601413998337,-0.0110240152393092,-0.0409380930928575,0.00944851529139067,-2.60876547705095,0.0208521775755202,0.0117517579170488,-0.00695840061235855,13.6386996357622,9.01608347039664,0.246846841029186,-7.16530625794621,-14.6955809308348,-0.251216237028457,7.53806298437246,-6.30975336891369,-2.81,0.158786024481435,-0.0208321794085233,16.3410816192627,17.1189528102593,0.16976435174961,1.11052141567895,178.672210693359,-35.0714849718642,-72.3145609812079,-178.672210693359,4.25912427902222,16.4550819396973,6.11999988555908,15.4759998321533,29.6800003051758,991.323777647276
4.725,-0.0420910989804352,-0.0498191877762817,0.470551265917183,0.136652153365248,0.0476577339004052,-9.9835243984531,-0.000220872227211227,0.00386159689694985,-0.0121343071138508,-0.0402734284555698,0.00943155522523094,-2.60879246263878,0.026372249274319,0.0108616400349056,-0.00553207797688494,13.6354753782854,9.01407300909797,0.219853644450935,-7.16429164514195,-14.6910537285993,-0.271849585090837,7.53819411324798,-6.30969182545306,-2.81,0.15761058245489,-0.0208568401127898,16.3410816192627,17.1129343584282,0.169764092667276,1.11052135969634,178.68962097168,-35.429037547322,-73.0505476311384,-178.68962097168,4.25929832458496,16.4501094818115,6.11999988555908,15.4759998321533,29.6800003051758,991.313397051837
4.75,-0.042722324236703,-0.0504327865915711,0.472979216208393,0.191066198905664,0.0564395954911531,-10.0599257564469,0.00631412583528965,-0.00626374528506895,-0.0109305292067166,-0.0416542497363752,0.00926910093530119,-2.60931726255928,-0.0176549222830342,-0.00851342911494173,-0.00999626251703205,13.6245234357105,9.01939290824313,0.21785215104896,-7.15993443456571,-14.686017654598,-0.28420271773131,7.53832524212349,-6.30963028199242,-2.81,0.156774162052788,-0.0206526604379981,16.3410816192627,17.1050388731055,0.169764087035051,1.11052135847932,178.690002441406,-35.4368104294589,-73.0665473408955,-178.690002441406,4.25930166244507,16.4500007629395,6.11999988555908,15.4759998321533,29.6800003051758,991.316021893475
4.775,-0.0433558893187378,-0.0529822711340695,0.473,0.172882327026873,0.0503603899133721,-9.89249038238013,-0.00265314760710448,-0.0237043335421732,-0.0090943550339784,-0.0400713827893089,0.00848089623453382,-2.60945265513618,0.0241321189428393,-0.0232412132596873,-0.00520400730362432,13.6076944550515,9.02674257992124,0.208818925090578,-7.14398340656527,-14.6828647373916,-0.268364527950119,7.53845637099901,-6.30956873853179,-2.81,0.157082810627724,-0.0199788639742442,16.3304634094238,17.0922799701826,0.169764087035051,1.11052135847932,178.690002441406,-35.4368104294589,-73.0665473408955,-178.690002441406,4.25930166244507,16.4500007629395,6.51999998092651,15.451000213623,29.6800003051758,991.318935744827
4.8,-0.0433558893187378,-0.0529822711340695,0.473,0.125649561321738,0.0718172754371029,-9.80943645230415,0.00163562086389973,-0.0347382872932881,-0.00870303376824607,-0.041088674633987,0.00801074472979139,-2.60960379491041,-0.0265285003437971,-0.0279568934678372,-0.00840257948880026,13.6074362805413,9.01371933354415,0.209104813249961,-7.15270549524918,-14.670341158852,-0.270328609192569,7.53859700500272,-6.30950217613923,-2.81,0.156437444728286,-0.0208539224720637,16.319845199585,17.0935054456961,0.169764087035051,1.11052135847932,178.690002441406,-35.4368104294589,-73.0665473408955,-178.690002441406,4.25930166244507,16.4500007629395,6.51999998092651,15.451000213623,29.6800003051758,991.321849596178
4.825,-0.0439978779662891,-0.0485368609805723,0.473,0.130212570306109,0.00479256603649914,-9.74454130044156,0.00512989613400057,-0.0217518861230684,-0.00850932015704646,-0.0421764833553151,0.00740837988954853,-2.60986651124404,-0.0534508313802213,-0.0282393167254021,-0.00987032956665285,13.6080859699337,9.01182193443462,0.198370674256536,-7.15840932565608,-14.6666154660525,-0.282587977058527,7.53873965422297,-6.3094345496648,-2.81,0.155072056185341,-0.0210643997079928,16.319845199585,17.094925344666,0.169764087035051,1.11052135847932,178.690002441406,-35.4368104294589,-73.0665473408955,-178.690002441406,4.25930166244507,16.4500007629395,6.51999998092651,15.451000213623,29.6800003051758,991.32476344753
4.85,-0.0439988857823498,-0.0479037164004275,0.473,0.146651873707797,0.0781747329914455,-9.63497218920716,-0.00828745791807536,-0.0122567294858504,-0.00571657495309328,-0.0431232005357742,0.00672545284032822,-2.61025619506836,-0.0334746018052101,-0.020902656018734,-0.00803749449551105,13.592374276057,9.03441808699454,0.177552548754767,-7.13967229724276,-14.6743941716507,-0.303494187103468,7.53888230344323,-6.30936692319036,-2.81,0.153319902384625,-0.0198150001197998,16.319845199585,17.0797019125888,0.169763840462482,1.11052130493074,178.704254150391,-35.7788172406431,-73.7669969469309,-178.704254150391,4.2589693069458,16.4333515167236,6.51999998092651,15.451000213623,29.6800003051758,991.331001570418
4.875,-0.0447262616659413,-0.0494554138032389,0.473,0.18162690610613,0.00359864883186348,-9.67326133865514,-0.00414730024096253,-0.0182306068027626,-0.00589587050419535,-0.041174639160892,0.00637264033082054,-2.61010480038699,-0.0423747462056755,-0.0122719213031739,-0.00543058063389235,13.5786347607496,9.0355458447944,0.191341362841171,-7.12481083604083,-14.6704688040657,-0.267278536216564,7.53902380081663,-6.30929984813452,-2.81,0.155232037761635,-0.0195083330072587,16.3133888244629,17.0705191780775,0.169763582682068,1.11052124894812,178.719177246094,-36.1363698161009,-74.4992851714476,-178.719177246094,4.25862216949463,16.4159450531006,6.51999998092651,15.451000213623,29.6800003051758,991.337390796558
4.9,-0.0452717489323579,-0.0459951828458547,0.473,0.177869021113118,0.0403448141597923,-9.73460990199243,-0.0289745351468981,-0.025231632482687,-0.00572439050904718,-0.0430883786524293,0.00529760591358476,-2.61045999783268,-0.0585977280672239,-0.029498649395909,-0.0084348473978394,13.5824314349963,9.01865565339777,0.183272579957561,-7.14233012305942,-14.654773696106,-0.277327691840739,7.53904803837297,-6.30928890835663,-2.81,0.153435144705217,-0.0206868515641523,16.3069324493408,17.0764284931614,0.169763324901655,1.11052119296551,178.734115600586,-36.4939223929769,-75.2315733960431,-178.734115600586,4.25827503204346,16.3985404968262,6.55999994277954,15.4409999847412,29.6800003051758,991.343780022698
4.925,-0.0454303492967416,-0.0467942921765715,0.473,0.14402051431097,0.063594594129506,-9.67047285161658,-0.0281998054211468,-0.0270324451392843,-0.00524774884319922,-0.0417960770444532,0.00466765841012412,-2.6104463670307,-0.0508026860975196,-0.0279032338139634,-0.00469998053174344,13.5720874957713,9.03621327573008,0.177741215433872,-7.12448254971162,-14.6648800581598,-0.263329784985168,7.53907227592931,-6.30927796857872,-2.81,0.153773583519032,-0.0194815579431642,16.3069324493408,17.068141538786,0.169763067121241,1.11052113698289,178.7490234375,-36.8514749684348,-75.9638616205598,-178.7490234375,4.25792789459229,16.3811340332031,6.55999994277954,15.4409999847412,29.6800003051758,991.350169248839
4.95,-0.0459016099850688,-0.0491687432990899,0.473,0.172833731643369,0.0177814641529704,-9.68575022771307,-0.0347778276717981,-0.0257993990536673,-0.00304755109287222,-0.0421655957027256,0.00387606685730644,-2.6104709336564,-0.0579340614099123,-0.0263251132249301,-0.00227774820310505,13.5702517893815,9.04423464637369,0.159851263461471,-7.11972453186909,-14.6700320825146,-0.274130772815279,7.53909651348565,-6.30926702880083,-2.81,0.152380461415138,-0.0190567121508289,16.3069324493408,17.0649951497361,0.169763050309475,1.11052113333185,178.75,-36.8747936148452,-76.0116195482422,-178.75,4.25790500640869,16.3799991607666,6.55999994277954,15.4409999847412,29.6800003051758,991.342527977196
4.975,-0.0463831198386303,-0.0458345584966087,0.473,0.129826585757726,0.100602878479679,-9.37726870108511,-0.0247193596124715,-0.0339109638621208,-0.00127934467281217,-0.0430836143600377,0.00270274768829356,-2.61054190050237,-0.0340072225551999,-0.0322706526801584,0.00106291020065626,13.565733382104,9.03691146923156,0.151281547741438,-7.12109738653868,-14.6605683510278,-0.274745045487967,7.53912075104199,-6.30925608902293,-2.81,0.151166963204317,-0.0195971605605398,16.2995290756226,17.061475024843,0.169763050309475,1.11052113333185,178.75,-36.8747936148452,-76.0116195482422,-178.75,4.25790500640869,16.3799991607666,6.55999994277954,15.4409999847412,29.6800003051758,991.333907833615
5,-0.0471716057057746,-0.049166222294648,0.473,0.108697910514081,0.0353155982045524,-9.07597963631757,-0.000962961006484981,-0.0425942204468695,0.000478637979578051,-0.0446761218144657,0.00157558397417402,-2.61073826349812,0.00992107231074851,-0.0517982797491588,0.00215507612429661,13.5590913049816,9.01558564739808,0.166616371393217,-7.12914715804099,-14.6378422586591,-0.257560492362229,7.53914498859833,-6.30924514924503,-2.81,0.150991427339309,-0.0210267471428355,16.2921257019043,17.0598731457843,0.169763050309475,1.11052113333185,178.75,-36.8747936148452,-76.0116195482422,-178.75,4.25790500640869,16.3799991607666,6.15000009536743,15.496000289917,29.6800003051758,991.325287690034
5.025,-0.0484473306513999,-0.0453552154641101,0.473,0.0850771433126469,0.0558840714916906,-8.84285752869374,-0.00954160000385132,-0.041461735257306,0.00100818943822922,-0.0454089597839746,0.000608709166315632,-2.61077154556308,-0.00448304882322178,-0.0480657855653324,-0.000125330353684142,13.5587854353957,9.01679828747479,0.175151019531776,-7.12886029673199,-14.6388010037629,-0.242585575951796,7.53916270743855,-6.30923816849447,-2.81,0.150879028285051,-0.0210407310682745,16.2921257019043,17.062360115247,0.169763050309475,1.11052113333185,178.75,-36.8747936148452,-76.0116195482422,-178.75,4.25790500640869,16.3799991607666,6.15000009536743,15.496000289917,29.6800003051758,991.316667546453
5.05,-0.0484473306513999,-0.0453552154641101,0.473,0.073773360351701,0.11775240998314,-8.75643900965425,0.00676470272526343,-0.0319553374439014,0.0019764153675894,-0.0452881363656183,-0.000379447096590206,-2.610735065003,-0.0148065147698847,-0.0389308836990225,-0.00139224564665786,13.5583940683193,9.01983753509329,0.188245896966674,-7.12633362560411,-14.6421321200832,-0.215154418154308,7.53918029422441,-6.30923126794481,-2.81,0.151495722955759,-0.0208397827455359,16.2921257019043,17.0659825013937,0.169762815340987,1.11052108221729,178.756805419922,-37.2012546617558,-76.6791049281715,-178.756805419922,4.2585391998291,16.3754577636719,6.51000022888184,15.4460000991821,29.6800003051758,991.314740155194
5.075,-0.049397579779171,-0.0453537028927913,0.473,0.0905155784357344,0.0722320194825823,-8.70857412715014,0.0164882497580531,-0.0225750809870835,0.00131848510036629,-0.0447709893656294,-0.00123293723660003,-2.61067175703456,-0.00229720229709972,-0.033395833689099,-0.000357353976217493,13.5578549216903,9.02218574593825,0.198595820390364,-7.12360058590956,-14.6449110253073,-0.18868429969097,7.53919788101027,-6.30922436739515,-2.81,0.152200722532769,-0.0206310523292967,16.2894115447998,17.0690546586824,0.169762557994547,1.11052102623467,178.764266967773,-37.5588072372136,-77.4101603443483,-178.764266967773,4.25923347473145,16.3704853057861,6.51000022888184,15.4460000991821,29.6800003051758,991.313450168919
5.1,-0.0497171590858553,-0.0453531941983034,0.473,0.0429122303092226,0.109357411318202,-8.48363776111776,0.0139912791225755,-0.0190678406069727,0.00206240053212396,-0.0436475666683044,-0.00188042197761231,-2.61056740985865,0.0451405355833981,-0.0333676543164135,0.00419872514445816,13.5546973323192,9.02430619111071,0.204635018324108,-7.11810624297196,-14.6463483200733,-0.16383495742239,7.53921217868321,-6.30921851752931,-2.81,0.153055943849503,-0.020364248689478,16.2866973876953,17.0688870782725,0.169762300648108,1.11052097025206,178.771728515625,-37.9163598126715,-78.1412157603675,-178.771728515625,4.25992774963379,16.3655128479004,6.51000022888184,15.4460000991821,29.6800003051758,991.312160182644
5.125,-0.05018736112073,-0.0499542208380235,0.473,0.0525409091605257,0.100150268244426,-8.59663207260523,0.0325666760027143,-0.00596753899366514,0.00130833428344236,-0.0419884542876061,-0.0024664721626622,-2.61045384744464,0.0808772687060639,-0.0253629051145971,0.00747718934514709,13.5552838343475,9.01440825657076,0.222336276536475,-7.12143893652375,-14.6398337873887,-0.122815376532104,7.53922576292881,-6.30921289556279,-2.81,0.154857022717338,-0.0207203616922179,16.2866973876953,17.0749903389051,0.169762043301668,1.11052091426944,178.779190063477,-38.2739123881293,-78.8722711764654,-178.779190063477,4.26062250137329,16.3605422973633,6.51000022888184,15.4460000991821,29.6800003051758,991.310870196368
5.15,-0.0493924416860281,-0.0507491402727254,0.473,0.0573059474432091,0.117839362490564,-8.78024299733064,0.0247336936911349,0.015262489788355,-0.00106619062673555,-0.0402127593779311,-0.00254998411815675,-2.61042640734621,0.0708484252531422,0.00452030899996679,0.00515349812937861,13.5591231420428,8.99571554029086,0.252566405819135,-7.13296505815756,-14.627089136271,-0.0747069671818095,7.53923934717442,-6.30920727359626,-2.81,0.157516678799309,-0.0215541912106458,16.2866973876953,17.0863269536972,0.169762015329229,1.11052090818438,178.779998779297,-38.3127767988134,-78.9517337216763,-178.779998779297,4.26069784164429,16.3600006103516,6.51000022888184,15.4460000991821,29.6800003051758,991.311528056377
5.175,-0.0490731491724973,-0.0510684327862562,0.473059321776834,0.120289147812072,0.135502106699595,-9.06793037486734,0.0201324867546772,0.029671655257023,-0.00303365185491411,-0.0419958978891373,-0.00213649868965149,-2.61059498786926,0.0568382777273655,0.0108127221465111,0.00209191138856113,13.5510924713153,9.00256711177775,0.295238762669122,-7.12416202278535,-14.629042484304,-0.054029257957945,7.53925293142002,-6.30920165162973,-2.81,0.159168680799053,-0.0213805551795133,16.2825345993042,17.0830578156031,0.169762015329229,1.11052090818438,178.779998779297,-38.3127767988134,-78.9517337216763,-178.779998779297,4.26069784164429,16.3600006103516,6.17000007629395,15.4940004348755,29.6800003051758,991.312423458615
5.2,-0.0478096649733212,-0.0510704439535444,0.473560837880275,0.120678865634808,0.111531410925759,-9.20285895020773,0.0339052642418421,0.0280911178806702,-0.00579472767163075,-0.0387071513056311,-0.00140580658401223,-2.61059287188332,0.0714249834899668,0.0224072858777968,-0.000391729787398084,13.5461571248745,9.01071425737456,0.296816599211352,-7.11553367667607,-14.6337805189348,-0.0330543967137205,7.53924890761135,-6.30920426246006,-2.81,0.161245149950833,-0.0204441125146554,16.2783718109131,17.0813538493355,0.169762015329229,1.11052090818438,178.779998779297,-38.3127767988134,-78.9517337216763,-178.779998779297,4.26069784164429,16.3600006103516,6.17000007629395,15.4940004348755,29.6800003051758,991.313318860853
5.225,-0.0476450054239577,-0.0515433935719986,0.474370158874129,0.159800572524869,0.106676182910945,-9.31926581629022,0.0236835284611057,0.0197860234496052,-0.00649718555670918,-0.040191712445475,-0.000641922248524375,-2.61097450727344,-0.00805526438709816,0.0140521375720292,-0.00976760718459901,13.5480050531576,8.99386002027702,0.31976433401602,-7.13078093014629,-14.618176039806,-0.0331784498309646,7.53917452825975,-6.30923976862812,-2.81,0.161887133777183,-0.0215678371642848,16.2783718109131,17.0867420250789,0.169762015329229,1.11052090818438,178.779998779297,-38.3127767988134,-78.9517337216763,-178.779998779297,4.26069784164429,16.3600006103516,6.17000007629395,15.4940004348755,29.6800003051758,991.314214263091
5.25,-0.0471623433736284,-0.0548805414887766,0.475179464411126,0.185177963000031,0.0760778050877459,-9.50506452214881,0.0250133091584151,0.0156101800827552,-0.00902559369026823,-0.0379608382519951,-0.00063172920388781,-2.61085922500656,-0.00712897353233101,0.0183380078809979,-0.00650317250438194,13.5409915758409,9.01386942763929,0.322402269807439,-7.11282732889828,-14.6328328188912,-0.0113676190188907,7.53910014890815,-6.30927527479619,-2.81,0.163324665792198,-0.0201049822032035,16.2783718109131,17.081947553152,0.169761791172348,1.11052085950384,178.782165527344,-38.6236920814503,-79.5885060908281,-178.782165527344,4.26043367385864,16.3600006103516,6.17000007629395,15.4940004348755,29.6800003051758,991.314858926309
5.275,-0.0476337810253078,-0.0572601628406394,0.475988796921947,0.165526421748981,0.0799585264962138,-9.59202096233249,0.0110942677135625,0.0196049635060289,-0.0087021351094669,-0.0381290245993908,-0.000446047589790336,-2.61120138175967,0.0442978307623213,0.00520327096455236,-0.00492075969868588,13.5396630302854,9.01760659476604,0.308713378138248,-7.11506808089656,-14.6324967098769,-0.0292209023569012,7.53902576955654,-6.30931078096425,-2.81,0.162468974456504,-0.0198464563122029,16.2744998931885,17.0807090887652,0.169761533391934,1.11052080352123,178.784637451172,-38.9812446583263,-80.3207943154237,-178.784637451172,4.26012992858887,16.3600006103516,6.51999998092651,15.4709997177124,29.6800003051758,991.315465978674
5.3,-0.0471644932471853,-0.0542517791213689,0.47655603684384,0.220924966153745,0.100675179141647,-9.71396096576758,0.00491753012262501,0.015005019447576,-0.00801214983788266,-0.0384287527997627,4.04680243893165e-06,-2.61133642838036,-0.0444974252699287,0.0165340762883976,-0.0116570983722028,13.5356355984666,9.00706438903066,0.334218333119587,-7.1183950628282,-14.6212395675487,-0.0121282589401504,7.53897674577236,-6.30933437951599,-2.81,0.163906633407537,-0.020483609728482,16.2706279754639,17.0808197247622,0.169761275611521,1.11052074753861,178.787124633789,-39.3387972337842,-81.0530825398615,-178.787124633789,4.25982618331909,16.3600006103516,6.51999998092651,15.4709997177124,29.6800003051758,991.316073031039
5.325,-0.0471552682930704,-0.0593253495089263,0.475177708827786,0.254073911579005,0.0437488425477971,-9.92473498414676,0.00239584093765811,0.0121748370820343,-0.0102790554462394,-0.0355551421681612,-0.000147509648471933,-2.6114104309004,0.0155939752417035,0.0141774772032323,-0.00424607836623897,13.5384387790366,9.01700898904498,0.346644500864939,-7.11664420587284,-14.6310811474882,0.0278889736657721,7.53901826444893,-6.30931545703612,-2.81,0.166109680499135,-0.0194599310901323,16.2706279754639,17.0907530693541,0.169761017831107,1.110520691556,178.789611816406,-39.696349809242,-81.7853707643782,-178.789611816406,4.25952243804932,16.3600006103516,6.51999998092651,15.4709997177124,29.6800003051758,991.316680083404
5.35,-0.046841562803237,-0.0577447416395983,0.473071494135286,0.216173064997365,0.104057874588614,-9.81983867092896,-0.0112943122193692,0.00471520643214715,-0.0120017861880065,-0.0366972131578149,0.00015696986338173,-2.6116785866986,-0.0423775743741255,0.0111991620113577,-0.0102240525967314,13.5368077196061,9.02142353144097,0.32143971219922,-7.11738753151471,-14.6313780161879,-0.0118883747955217,7.5390597831255,-6.30929653455624,-2.81,0.164097579330448,-0.0193238340335758,16.2706279754639,17.0850202440865,0.169760978603653,1.1105206830369,178.789993286133,-39.7507599841998,-81.8968059290231,-178.789993286133,4.25947618484497,16.3600006103516,6.51999998092651,15.4709997177124,29.6800003051758,991.31912709829
5.375,-0.0470010458843474,-0.0547309011696922,0.473765207905241,0.279426588236742,0.0632426363917185,-9.78378685437244,-0.0166906065724141,-0.00538712582619593,-0.0129617291787725,-0.038047559358239,-0.00022747958543725,-2.6123520607078,-0.00118737263256054,-0.0125008101482605,-0.0109680190749913,13.5211889089358,9.03388071986868,0.32142034999273,-7.10748970451278,-14.6294250157327,-0.0193706641701168,7.53910130180208,-6.30927761207637,-2.81,0.163376814471586,-0.0186675285656003,16.2720470428467,17.0743987599806,0.169760978603653,1.1105206830369,178.789993286133,-39.7507599841998,-81.8968059290231,-178.789993286133,4.25947618484497,16.3600006103516,6.51999998092651,15.4709997177124,29.6800003051758,991.321904362859
5.4,-0.0477920510414635,-0.0574137345867347,0.474458901857499,0.231207752842235,0.0425877502144065,-9.71868242536248,-0.0201081226914563,-0.0181804702333591,-0.0132652531688228,-0.0366320025517263,-0.000905445033644152,-2.61255078418805,-0.024546834156412,-0.0180737840698607,-0.0102862250558699,13.5090044703158,9.05530593841185,0.342780041399471,-7.08864816795758,-14.6410312880004,0.0231419259062465,7.53913885661191,-6.30926029567083,-2.81,0.16532791197641,-0.0171685851099061,16.2734661102295,17.0709476678102,0.169760978603653,1.1105206830369,178.789993286133,-39.7507599841998,-81.8968059290231,-178.789993286133,4.25947618484497,16.3600006103516,6.78000020980835,15.4530000686646,29.6800003051758,991.324681627428
5.425,-0.0481090799647293,-0.056789368675498,0.47515260541294,0.239269096411336,0.115985839921805,-9.60996261152841,-0.0226189151827516,-0.038371337467843,-0.0150198549124262,-0.0382715841125431,-0.00145500760071899,-2.61285318114613,0.0040786162991136,-0.0381802980746471,-0.00957676430630798,13.5058160056265,9.05071500407368,0.325537754695914,-7.09299363603431,-14.6327687861419,-0.0013501933766279,7.53917630805121,-6.30924302114884,-2.81,0.163329916493944,-0.0176154324033468,16.2734661102295,17.0666338851382,0.169760978603653,1.1105206830369,178.789993286133,-39.7507599841998,-81.8968059290231,-178.789993286133,4.25947618484497,16.3600006103516,6.78000020980835,15.4530000686646,29.6800003051758,991.327458891997
5.45,-0.049067085375077,-0.0548779180896224,0.475846316231814,0.230910109398229,0.0656889992290344,-9.40920648487741,-0.0170970988450198,-0.0515275721289874,-0.014903074535169,-0.0386520241068964,-0.00280141423901133,-2.61322169747515,0.0314927658534182,-0.0553327715136285,-0.00901093703413195,13.5022427639206,9.04664101867413,0.322530866648438,-7.09742105289029,-14.6247325795226,0.0105314758452367,7.5392137594905,-6.30922574662685,-2.81,0.162658497465256,-0.01782499624232,16.2734661102295,17.06851283285,0.169760978603653,1.1105206830369,178.789993286133,-39.7507599841998,-81.8968059290231,-178.789993286133,4.25947618484497,16.3600006103516,6.78000020980835,15.4530000686646,29.6779441833496,991.323503813872
5.475,-0.0504877861261319,-0.0572497836687178,0.476540005226371,0.239212221431864,0.0178141842658444,-9.30619734241931,-0.0143178940061332,-0.055358255121411,-0.014061318946995,-0.0384485878865478,-0.0045613272176644,-2.6136458296488,0.0300028801967125,-0.0639053468900896,-0.0101687599955229,13.4997789052045,9.05026855170613,0.324240594156006,-7.09958548731276,-14.6236448401927,0.037693587635944,7.53925121092979,-6.30920847210485,-2.81,0.162468835693891,-0.0174814948650609,16.2799491882324,17.074388737693,0.169760978603653,1.1105206830369,178.789993286133,-39.7507599841998,-81.8968059290231,-178.789993286133,4.25947618484497,16.3600006103516,6.78000020980835,15.4530000686646,29.6754608154297,991.318131400443
5.5,-0.0522418397167895,-0.0529794492608187,0.476977753087779,0.213347879504584,0.0959662472362631,-9.32498490368583,-0.00824717446122774,-0.0539224677338742,-0.0140040279484282,-0.040954986468631,-0.00511067932548709,-2.61405390940771,-0.00851726696770516,-0.0690500098295773,-0.0143205271116741,13.5034088996594,9.05029316377726,0.3018302628388,-7.10936240267614,-14.6218304598031,3.8334080892044e-05,7.53939036758834,-6.30914180904691,-2.81,0.159628383639513,-0.0177512682078879,16.2864322662354,17.0758035174848,0.169760978603653,1.1105206830369,178.789993286133,-39.7507599841998,-81.8968059290231,-178.789993286133,4.25947618484497,16.3600006103516,7.05999994277954,15.4320001602173,29.6729736328125,991.312758987014
5.525,-0.0523985361180185,-0.055349888852627,0.477,0.196150773513333,0.0822297559875674,-9.25541767619658,0.00930892308462446,-0.0513662368167432,-0.0126589205908474,-0.0380642444904523,-0.00671079623198767,-2.61404965528519,-0.0306984695567927,-0.0464515904502839,-0.0120089124701109,13.4949169657081,9.06702762825398,0.31449715898947,-7.09298424958429,-14.6324530616321,0.0597847821114156,7.53980495196489,-6.30894139698525,-2.81,0.161646712357044,-0.0163499319152482,16.2864322662354,17.0773250523648,0.169760978603653,1.1105206830369,178.789993286133,-39.7507599841998,-81.8968059290231,-178.789993286133,4.25947618484497,16.3600006103516,7.05999994277954,15.4320001602173,29.6704864501953,991.307386573585
5.55,-0.0528765706784433,-0.0548718542922022,0.477,0.205497727676328,0.0679130918834873,-9.28690492821864,0.0195836261024431,-0.0382733646808659,-0.0115588482776946,-0.0368652012872637,-0.00841425796175676,-2.61445597997723,0.0281554467684234,-0.0368430803594717,-0.00755052209175891,13.4983201770892,9.06467068335836,0.293371497705546,-7.10340045368162,-14.6285813469316,0.0726554021213468,7.54021953634143,-6.30874098492359,-2.81,0.160627489122713,-0.0162177024113866,16.2864322662354,17.0869848782306,0.16976077195667,1.11052063835647,178.7919921875,-40.0361271903139,-82.4838371569116,-178.7919921875,4.26017427444458,16.3460006713867,6.98000001907349,15.4409999847412,29.6700000762939,991.305346679688
5.575,-0.0538216801076477,-0.05771927544785,0.477,0.236439827367602,0.0201219262525287,-9.48154292907827,0.0285307026968998,-0.0177541642490219,-0.0100529468901409,-0.0360934225150702,-0.00948149081958979,-2.61476232599649,0.0500577368594463,-0.0252091950018401,-0.00540922287612583,13.504375108399,9.06102667634419,0.27996174808474,-7.11515270160018,-14.6258946936221,0.0808487609458858,7.5404211763945,-6.30864391867496,-2.81,0.159949460325211,-0.0162442277803432,16.2830982208252,17.0973539679501,0.169760515044204,1.11052058280783,178.794479370117,-40.3909080404686,-83.2136597645909,-178.794479370117,4.26104211807251,16.3285942077637,6.98000001907349,15.4409999847412,29.6700000762939,991.304117398649
5.6,-0.0541403353154785,-0.0586793183297617,0.477,0.228899824372023,0.0486748973971501,-9.61246574855815,0.0226680375613473,-0.00785599682463375,-0.0106081461660213,-0.0359788880311392,-0.0095700375014313,-2.61491487870449,0.0151187747360581,-0.0104597534941102,-0.00683221504916291,13.5096692540959,9.05839330513727,0.276882559382823,-7.1233460048984,-14.6251097116034,0.0801510784199384,7.54046548226501,-6.3086232096109,-2.81,0.15975128655477,-0.0163453686625883,16.279764175415,17.1039261084986,0.169760258131738,1.11052052725919,178.796966552734,-40.7456888906232,-83.9434823721913,-178.796966552734,4.26190996170044,16.3111896514893,6.98000001907349,15.4409999847412,29.6700000762939,991.30288811761
5.625,-0.053821188058633,-0.0583601710729162,0.477,0.290711384880253,0.0167917896682029,-9.64536776663796,0.0212449763235719,-0.0145430277096764,-0.00943795593786522,-0.0359822993665828,-0.01029862403787,-2.61526660413317,0.0906989760098222,-0.0240706782306494,-0.00232251750250339,13.5080536851839,9.08237527094444,0.253306070625631,-7.11564329360664,-14.6418764526293,0.0655236871590353,7.54050978813552,-6.30860250054685,-2.81,0.158212471166944,-0.0148704746173039,16.279764175415,17.1030673971463,0.169760001219272,1.11052047171055,178.799453735352,-41.1004697407779,-84.6733049798706,-178.799453735352,4.26277828216553,16.2937850952148,6.98000001907349,15.4409999847412,29.6700000762939,991.301658836571
5.65,-0.055093899666084,-0.0570997509726282,0.477,0.296100052151174,0.0266104933785121,-9.71232799709494,0.00416480918715441,-0.0254223920445792,-0.00812977434500417,-0.0373507332008582,-0.0104051843132024,-2.61560878493623,-0.0398896856289103,-0.0225204834636287,-0.0112632744498377,13.4999619782925,9.07287651273717,0.266997256362246,-7.11819874571487,-14.627505117817,0.0684821901549305,7.54055409400604,-6.3085817914828,-2.81,0.158287163886526,-0.015556982153847,16.279764175415,17.0988063865432,0.169759743967175,1.11052041650154,178.800003051758,-41.4530814144233,-85.4040923941419,-178.800003051758,4.26333999633789,16.2958374023438,6.98000001907349,15.4409999847412,29.6700000762939,991.301391601562
5.675,-0.0558842959385251,-0.059140897887374,0.477,0.284620124018446,0.040208197329102,-9.7458188924137,0.0106358507108751,-0.0279007009386954,-0.00756744892427279,-0.0347793017383324,-0.0111623970327762,-2.61555191805949,0.00702282204328419,-0.0248363336556551,-0.00411315623434425,13.49190095044,9.09354956872378,0.255388683990925,-7.09999245444057,-14.6414251837195,0.0896333178040842,7.54059839987655,-6.30856108241875,-2.81,0.158914771823979,-0.0139913002033568,16.2838020324707,17.0936069356933,0.169759486620735,1.11052036138687,178.800003051758,-41.8050905392747,-86.1351478100822,-178.800003051758,4.26381778717041,16.3032970428467,6.71000003814697,15.4709997177124,29.6700000762939,991.301391601562
5.7,-0.0566804564038909,-0.0574131735821277,0.477,0.279928614310448,0.0675482394658952,-9.72023227164319,0.00215965505164393,-0.0172034432329848,-0.00724935099265594,-0.0357875041859104,-0.011857440315127,-2.61578439177066,-0.0288699076674257,-0.0152260289537177,-0.00560150481097255,13.5034236291605,9.08501615125466,0.252708931338888,-7.11778475735743,-14.6380769124426,0.0876038495266997,7.54058531173442,-6.30856833738755,-2.81,0.15793709830656,-0.0145728782526081,16.2878398895264,17.1068592749562,0.169759229274295,1.11052030627221,178.800003051758,-42.1570996655444,-86.866203226259,-178.800003051758,4.26429510116577,16.3107566833496,6.71000003814697,15.4709997177124,29.6700000762939,991.301391601562
5.725,-0.0560481098658718,-0.0567715437793685,0.477,0.303493840304047,0.0183743324987868,-9.79183923571686,-0.00575302716991026,-0.00868178928595572,-0.00706203043223353,-0.0356280730432476,-0.0119390475203448,-2.61580494854159,-0.0525551605072669,-0.00715336322606569,-0.00694147217365686,13.5022119426108,9.10101675117754,0.210083873521561,-7.11019307461937,-14.6500961172082,0.0469753180318031,7.54057022952064,-6.30857656392608,-2.81,0.15555259885522,-0.0136160581008842,16.2878398895264,17.0993602751555,0.169758971927856,1.11052025115754,178.800003051758,-42.5091087889776,-87.597258642357,-178.800003051758,4.26477241516113,16.3182163238525,6.71000003814697,15.4709997177124,29.6700000762939,991.301391601562
5.75,-0.056050121907433,-0.0555075103319898,0.477,0.314055891319197,0.0319202852118446,-9.78178849185355,-0.0272288924689918,-0.0108831105932062,-0.0066632140045217,-0.0371205500650586,-0.012433004768355,-2.61624571524912,-0.047118922708839,-0.0102422152791633,-0.00718006538395235,13.5036293910058,9.10883925564167,0.211793532138444,-7.11412362236442,-14.6543965743724,0.0414962859773357,7.54055514730687,-6.30858479046461,-2.81,0.154688138405248,-0.0132770258860508,16.2878398895264,17.1038947390239,0.16975891038849,1.11052023797794,178.800003051758,-42.5932848848524,-87.772076241821,-178.800003051758,4.26488637924194,16.3199996948242,6.71000003814697,15.4709997177124,29.6700000762939,991.29856253959
5.775,-0.0565215768807216,-0.0575541286286943,0.477,0.294413148779017,0.0787278340503464,-9.72287481196018,-0.0293605498097232,-0.0177393626794578,-0.00664974090502235,-0.0353475441074912,-0.0131410104498856,-2.61614009160907,-0.0298402166029348,-0.0104212796351091,-0.00183382188548164,13.5097200879822,9.11400452755406,0.229573065775789,-7.11442272493879,-14.6631546737105,0.0848733300458282,7.54054006509309,-6.30859301700314,-2.81,0.156467813756918,-0.0127299219035597,16.293604850769,17.1156924034628,0.16975891038849,1.11052023797794,178.800003051758,-42.5932848848524,-87.772076241821,-178.800003051758,4.26488637924194,16.3199996948242,6.92999982833862,15.4359998703003,29.6700000762939,991.294844343856
5.8,-0.0566799921843893,-0.0586752757981482,0.477,0.270194316353058,0.0678925808441635,-9.67344844831383,-0.0439711913906831,-0.0172016147517895,-0.0062466680860426,-0.0370569150460995,-0.0132593526930404,-2.61622600036957,-0.0735465919209615,-0.00895212797035154,-0.00516355819101938,13.5123006210896,9.11041601281123,0.215543013191629,-7.12038932363102,-14.6603277354818,0.0570382319760361,7.54055147901334,-6.30858772878506,-2.81,0.154680053051025,-0.0131652957575854,16.2993698120117,17.1147496207719,0.16975891038849,1.11052023797794,178.800003051758,-42.5932848848524,-87.772076241821,-178.800003051758,4.26488637924194,16.3199996948242,6.92999982833862,15.4359998703003,29.6700000762939,991.291126148121
5.825,-0.0574827750414192,-0.0521721900920695,0.477,0.29789383739171,0.0309243667177878,-9.68321289929945,-0.0435367031636853,-0.0122408428011285,-0.00510170922868046,-0.0391761251040329,-0.0134807032654892,-2.61639093987228,-0.101301624267727,-0.00889329718625349,-0.00732663771216176,13.5135260519994,9.10965962587334,0.210845026194353,-7.12474712753158,-14.6588682234654,0.0360729567843791,7.54056677783104,-6.30858045901587,-2.81,0.153192426765205,-0.013474384154111,16.2993698120117,17.1142884446674,0.16975891038849,1.11052023797794,178.800003051758,-42.5932848848524,-87.772076241821,-178.800003051758,4.26488637924194,16.3199996948242,6.92999982833862,15.4359998703003,29.6700000762939,991.287407952386
5.85,-0.0579609457047091,-0.0516840944133888,0.477,0.297467808159476,0.0533913902450462,-9.67910820175789,-0.0445952758130074,-0.00858486330351241,-0.00353310019953995,-0.0404421886572955,-0.0140638829819977,-2.61654872128157,-0.0771735197231872,-0.00819846160721708,-0.00351351144536254,13.5106532788636,9.12647900140449,0.230445702631973,-7.11573980616507,-14.6713016904562,0.0512827961563844,7.54058207664874,-6.30857318924669,-2.81,0.153525065383344,-0.0126323936736579,16.2993698120117,17.1151961238301,0.169758720496667,1.11052019724102,178.803680419922,-42.8534655417347,-88.31151034306,-178.803680419922,4.26472616195679,16.3108100891113,6.92999982833862,15.4359998703003,29.671838760376,991.29186714791
5.875,-0.0584364639771679,-0.0512192869969145,0.477,0.307000981863849,0.150077379416019,-9.68770898260274,-0.0420935722840005,-0.0108699231370174,-0.00206178939159472,-0.0409887468118276,-0.0146428465511678,-2.61650122731559,-0.0155197027411954,-0.0182977620637033,0.00388327970355107,13.5205252741053,9.11953866473366,0.242698963472596,-7.12672415622689,-14.6708838926741,0.0667872809020694,7.54059737546644,-6.30856591947751,-2.81,0.153725190523849,-0.0131097244806659,16.3049144744873,17.1270133957582,0.169758463584201,1.11052014212635,178.808654785156,-43.2054746680043,-89.0413329507393,-178.808654785156,4.2645092010498,16.2983779907227,6.92999982833862,15.4359998703003,29.6743259429932,991.299212481524
5.9,-0.0585978730638163,-0.0504183590754778,0.477,0.298263365803447,0.0782080413632169,-9.60443547080716,-0.0363952847068829,-0.0138144933140483,-0.000367591831424526,-0.0421964502005278,-0.0147487530863934,-2.61655751724296,-0.00232609366313889,-0.0251546159116561,0.00446532045928861,13.5230149988725,9.11188020412091,0.276846484371561,-7.13259505604924,-14.6660363609053,0.0916772431787112,7.54063065111676,-6.30855132608833,-2.81,0.154993203673253,-0.0137070997801234,16.3104591369629,17.1339090573111,0.169758206671735,1.11052008701168,178.813629150391,-43.5574837928557,-89.7711555583397,-178.813629150391,4.26429224014282,16.285945892334,6.90000009536743,15.4460000991821,29.6768112182617,991.306557815139
5.925,-0.0587562056724391,-0.049619464705004,0.477,0.270736194396265,0.0996290403019113,-9.55673809387532,-0.0309741728793282,-0.00828375152659548,0.000431432411200525,-0.0413346556787377,-0.0152295162483892,-2.61635677321429,-0.0241219913243982,-0.0120048560323907,0.00337451456113896,13.522923131734,9.11746118960628,0.260157387757344,-7.12715598615049,-14.6717733792547,0.0891285253953969,7.54066467946645,-6.30853642605537,-2.81,0.154406067687287,-0.0132994978353684,16.3104591369629,17.1316561260381,0.169757949759269,1.11052003189701,178.818603515625,-43.9094929191254,-90.5009781659402,-178.818603515625,4.26407527923584,16.2735137939453,6.90000009536743,15.4460000991821,29.6792964935303,991.313903148754
5.95,-0.0592317766481407,-0.0510522626598022,0.477,0.263088979665114,0.118057539072948,-9.56084475849799,-0.0249713878167997,0.00222635059902901,-4.98446377485292e-05,-0.0410335176595367,-0.0155545989248508,-2.61630575995929,0.0103779351776092,-0.00722532699616721,0.00673362992222838,13.5279044372476,9.10994668650319,0.257328454059354,-7.13449378960532,-14.6680516519118,0.0938303278891521,7.54069870781612,-6.30852152602241,-2.81,0.154292576162971,-0.0136997774792688,16.3104591369629,17.1369556612368,0.169757877153572,1.11052001632113,178.820007324219,-44.0089737577707,-90.7072323811059,-178.820007324219,4.26401376724243,16.2700004577637,6.90000009536743,15.4460000991821,29.6782169342041,991.314084604624
5.975,-0.058757651066837,-0.0505781370784986,0.477,0.26891469596952,0.134517732240565,-9.57013234910694,-0.021493560607181,0.0106752028193989,0.00109425005940897,-0.042682672789696,-0.0153896066535002,-2.61628493955997,0.00831467806898186,0.00290513542754233,0.00673910756812665,13.5376070269322,9.09535286899278,0.272131063197398,-7.1496876408968,-14.6608247258372,0.0921310945579493,7.54073273616581,-6.30850662598945,-2.81,0.154208123310531,-0.0147771599088605,16.3193473815918,17.1461958867225,0.169757877153572,1.11052001632113,178.820007324219,-44.0089737577707,-90.7072323811059,-178.820007324219,4.26401376724243,16.2700004577637,6.90000009536743,15.4460000991821,29.6757297515869,991.311443926837
6,-0.0586019087013542,-0.0478830333010222,0.477,0.265524534548842,0.126137351695417,-9.64385477779733,-0.0174763186728848,0.0211387346170404,0.00125247950970801,-0.0444777971328176,-0.014667753393381,-2.61629447449703,-0.0534769217029028,0.018361945385209,-0.000613442418554783,13.5427838957253,9.0975255247205,0.306039214337278,-7.15240643040909,-14.6662446797022,0.0998777718972274,7.54076660493885,-6.30849180064037,-2.81,0.15530630495672,-0.0148960368333986,16.3282356262207,17.1525145585574,0.169757877153572,1.11052001632113,178.820007324219,-44.0089737577707,-90.7072323811059,-178.820007324219,4.26401376724243,16.2700004577637,7.05000019073486,15.4230003356934,29.6732444763184,991.30880324905
6.025,-0.0579720545427189,-0.0447051417533319,0.477,0.275878245093528,0.102015109502162,-9.73661765038245,-0.0151010289995623,0.026114709278688,0.000480770244378702,-0.0440570230923118,-0.0140836972268436,-2.61623165473864,-0.0662799069885672,0.0292711866162375,-0.00150062944457702,13.5445913129487,9.10434748697869,0.313125016353717,-7.14937280049211,-14.6737550034937,0.102600835049698,7.54058332389664,-6.30857860413925,-2.81,0.156060858674219,-0.0144559716808845,16.3282356262207,17.153840116811,0.169757877153572,1.11052001632113,178.820007324219,-44.0089737577707,-90.7072323811059,-178.820007324219,4.26401376724243,16.2700004577637,7.05000019073486,15.4230003356934,29.6707572937012,991.306162571263
6.05,-0.0579720545427189,-0.0447051417533319,0.477,0.290852454282759,0.165839565140401,-9.78895274154143,-0.0131948557427413,0.0298782087956196,-0.000549328502524597,-0.043352338515355,-0.0136099970594544,-2.61616433165536,-0.0471322334826833,0.0345349186510031,0.000894633276028903,13.5463310774852,9.11315497091794,0.308413785350126,-7.1455737606148,-14.6826108037177,0.0975390484219722,7.54040004285442,-6.30866540763813,-2.81,0.156265366378234,-0.0138619619501512,16.3282356262207,17.15385004513,0.169757698129962,1.1105199776786,178.814819335938,-44.2557778268886,-91.2157926706133,-178.814819335938,4.26283645629883,16.2976760864258,6.8899998664856,15.4320001602173,29.6700000762939,991.303089038746
6.075,-0.0570192363625016,-0.0466062425708604,0.477,0.288817863334599,0.134917440139345,-9.87139861305725,-0.0145324387300358,0.0340744332736002,-5.92330959303948e-05,-0.0437327914880695,-0.012919767760622,-2.61617870973298,-0.0446494576938552,0.0378043634757102,0.000531046902673496,13.5489965732777,9.1146021318794,0.30989496355856,-7.14742829126569,-14.6851679733948,0.0861711551814534,7.54021676181221,-6.308752211137,-2.81,0.156274612055931,-0.0138315273423815,16.3270072937012,17.1545639871,0.169757440783523,1.11051992212995,178.807357788086,-44.6105586784614,-91.9468480866325,-178.807357788086,4.26114368438721,16.337459564209,6.8899998664856,15.4320001602173,29.6700000762939,991.299826132285
6.1,-0.05669818357665,-0.0472468198880494,0.477,0.304612634966814,0.11701007248552,-9.8838830192975,-0.00864650720964577,0.0390916825211996,-0.000795637866231485,-0.0456280849552592,-0.0119272660939752,-2.61630714176348,-0.0654307021259922,0.0382898045358015,-0.00368386350508141,13.5538457851691,9.10258526856165,0.322942349304,-7.15942980919925,-14.6767121208295,0.0690798813050709,7.54027142257958,-6.30872619327193,-2.81,0.156168677326339,-0.0147730691304192,16.3257789611816,17.1578992231071,0.169757183437083,1.11051986658131,178.799896240234,-44.9653395286161,-92.6779035027305,-178.799896240234,4.25945138931274,16.3772430419922,6.8899998664856,15.4320001602173,29.6700000762939,991.296563225823
6.125,-0.0554344189396148,-0.0434393558504899,0.477,0.299093641077361,0.135970469770219,-9.89343840340539,-0.00242167817065318,0.0356569359261495,-0.00255339602799935,-0.0460231850642994,-0.0116413735656851,-2.61634959228624,-0.0636270730625908,0.0365216581215975,-0.00425314799562595,13.5570484249685,9.10923483006273,0.35677224021359,-7.15844670544064,-14.6849105787309,0.0951297934383019,7.54034009716786,-6.30869353067976,-2.81,0.157932672981581,-0.0144276791671789,16.3257789611816,17.1655213908964,0.169756926090643,1.11051981103267,178.792419433594,-45.3201203787707,-93.4089589189073,-178.792419433594,4.25775861740112,16.417028427124,6.8899998664856,15.4320001602173,29.6700000762939,991.293300319362
6.15,-0.0557500194293781,-0.0437549563402532,0.477,0.271121080545776,0.11061616057059,-9.98653467081191,-0.00268777864967487,0.0335465154865516,-0.00210686456787704,-0.0462709070287113,-0.0109969605632112,-2.61646852648827,-0.0263642775998379,0.0244049757846325,-0.00278827018193505,13.5564091869936,9.109334845042,0.356863996626804,-7.15966709720597,-14.6838563766472,0.0842154592170718,7.54040877175615,-6.30866086808759,-2.81,0.157941989927266,-0.014439638060985,16.3257789611816,17.1642830751596,0.169756842173326,1.11051979291898,178.789993286133,-45.4358097869231,-93.64734655454,-178.789993286133,4.25720691680908,16.4300003051758,6.8899998664856,15.4320001602173,29.6700000762939,991.29662393106
6.175,-0.0551443657284039,-0.0459167748670583,0.477,0.295039783068528,0.103849420943323,-10.1107279499464,-0.00402095661664927,0.0413583362450194,-0.00203225950538996,-0.0437427721917629,-0.0101524852216244,-2.61617565155029,-0.0505382493138313,0.0417974963784218,-0.00148677651304752,13.5647802122591,9.10004260736297,0.368527911423705,-7.16668961033462,-14.6825323387763,0.107956630760522,7.54047747748263,-6.30862819199103,-2.81,0.160105274534674,-0.0146911676811949,16.3301553726196,17.1737446501199,0.169756842173326,1.11051979291898,178.789993286133,-45.4358097869231,-93.64734655454,-178.789993286133,4.25720691680908,16.4300003051758,6.8899998664856,15.4320001602173,29.6700000762939,991.303134567673
6.2,-0.0554268954008763,-0.0472473814125378,0.477,0.277762713433408,0.102649666286826,-10.2768035468497,-0.00900514023008347,0.051325444907694,-0.00305697183787228,-0.0443101126763656,-0.00983832580714558,-2.61630543933911,0.0535993991922463,0.0280360651909654,0.00397951104068563,13.5712375872186,9.1035740217522,0.354601135769425,-7.17292360596551,-14.687454318684,0.0845231524522436,7.54055264069532,-6.30859271533425,-2.81,0.158997543526683,-0.0145381865224289,16.3345317840576,17.1776008018938,0.169756842173326,1.11051979291898,178.789993286133,-45.4358097869231,-93.64734655454,-178.789993286133,4.25720691680908,16.4300003051758,6.84000015258789,15.451000213623,29.6700000762939,991.309645204286
6.225,-0.053530686920835,-0.0428074735319723,0.477,0.292788504894664,0.121567370653636,-10.3512793019808,-0.0113801386367021,0.0513508371792184,-0.00378321413866074,-0.0461771872178701,-0.00768646565785575,-2.61660829780174,-0.0364037830239305,0.0393278769645966,-0.00462139700851758,13.5734109265183,9.09119382933363,0.386434179737037,-7.18479578688264,-14.6768638409493,0.0706971918785917,7.54062780390801,-6.30855723867746,-2.81,0.160251454937338,-0.0154733145223857,16.3345317840576,17.1803687861797,0.169756842173326,1.11051979291898,178.789993286133,-45.4358097869231,-93.64734655454,-178.789993286133,4.25720691680908,16.4300003051758,6.84000015258789,15.451000213623,29.6700000762939,991.316155840899
6.25,-0.0532211532082115,-0.0437321517685588,0.476999513659123,0.337085956161955,0.111062059933633,-10.33797259322,-0.0139600061789098,0.0380954754104251,-0.00455454064819174,-0.0458613052546424,-0.00684430451692116,-2.6166987969437,-0.0134659118507249,0.0302114119368471,-0.00239311014622125,13.5682210084981,9.10322749722624,0.385466537612039,-7.17566534523587,-14.6840087426055,0.0605867443491466,7.5407029671207,-6.30852176202068,-2.81,0.160591280228233,-0.0147248720215231,16.3345317840576,17.1744154696371,0.169756674055665,1.11051975640858,178.793228149414,-45.6689962496098,-94.1249258314432,-178.793228149414,4.25785779953003,16.4202709197998,6.84000015258789,15.451000213623,29.6700000762939,991.314154547614
6.275,-0.0528927408048973,-0.0447132268165588,0.476652550262856,0.318388735136758,0.0481631632691956,-10.3346822969683,-0.0229917615073585,0.0259787271607266,-0.00453801125140192,-0.0449233802490628,-0.00628856127621494,-2.61663014288153,-0.0594286607195163,0.0319848436080187,-0.00505078033170421,13.5717587748573,9.09679718389492,0.391304119925054,-7.18074099015863,-14.6809347464301,0.0677345216237087,7.54077753294692,-6.30848657687463,-2.81,0.161525157929812,-0.0149853240017266,16.3382396697998,17.178543359522,0.169756416275252,1.11051970042597,178.798202514648,-46.0265488236495,-94.8572140559599,-178.798202514648,4.25885581970215,16.4053516387939,6.78000020980835,15.4540004730225,29.6700000762939,991.307613558383
6.3,-0.0528927408048973,-0.0447132268165588,0.476247892288583,0.290231959489819,0.0887329314920074,-10.2992954998697,-0.0244152747253736,0.0224588592751843,-0.00503543737268704,-0.0464924706370611,-0.0059503771785944,-2.6168394529223,-0.0693553571894007,0.0216923682419173,-0.00779871528946837,13.5702073933957,9.10281492498444,0.371553566407233,-7.18013456190952,-14.6831419053163,0.0288404614604558,7.54080838340388,-6.30847272381422,-2.81,0.159617833464616,-0.0148182922650559,16.341947555542,17.1726602558951,0.169756158494838,1.11051964444335,178.803192138672,-46.3841013991074,-95.5895022805555,-178.803192138672,4.25985431671143,16.3904323577881,6.78000020980835,15.4540004730225,29.6700000762939,991.301072569151
6.325,-0.0530568257893335,-0.0407457203261764,0.475843231405693,0.279466831804614,0.103080905888209,-10.1980501364073,-0.0236059521823927,0.0230773938110022,-0.00525710907852399,-0.0478099081613914,-0.00558863301693425,-2.61706184580514,-0.0601075216478873,0.0131783386063846,-0.008123352305065,13.5687384965155,9.10821586194776,0.360426341260775,-7.17985254004577,-14.6850224693072,0.000548884727136323,7.54083923386083,-6.30845887075382,-2.81,0.158344066924064,-0.0146475488197934,16.341947555542,17.1687148341515,0.169755900714425,1.11051958846074,178.808166503906,-46.7416539745652,-96.3217905050721,-178.808166503906,4.26085233688354,16.3755149841309,6.78000020980835,15.4540004730225,29.6700000762939,991.29453157992
6.35,-0.0535347294524485,-0.0402678166630614,0.4754385743856,0.270964517650115,0.0893032767812075,-10.2232801279367,-0.0206279838633441,0.0250513638283239,-0.00475851619268244,-0.0483372658491135,-0.00524835474789143,-2.61726808547974,-0.0122281927615404,0.0100911725312471,-0.00327189452946186,13.5700023348701,9.109839655419,0.375775615474351,-7.1827643358077,-14.6861569162128,0.00638417055174006,7.54087008431778,-6.30844501769341,-2.81,0.158989690394878,-0.014584524854344,16.341947555542,17.1727542050841,0.16975580544775,1.11051956777151,178.809997558594,-46.8737929708913,-96.5924187619656,-178.809997558594,4.26122140884399,16.3700008392334,6.78000020980835,15.4540004730225,29.6700000762939,991.297873997044
6.375,-0.0525824943916628,-0.0412200517238472,0.475033907737406,0.301343427921887,0.0585549896704775,-10.2752871860515,-0.00765605462382745,0.0299317118297162,-0.00569645165681656,-0.0464875130474592,-0.00476528792544218,-2.61710573600018,-0.0160542236963689,0.0235653303738298,-0.00297569658153591,13.5795311778223,9.10269296265096,0.37960805412781,-7.19197596122224,-14.6861102217098,0.0208994137205588,7.54090093477473,-6.308431164633,-2.81,0.160235640783903,-0.0147750324898872,16.3450059890747,17.1830486092133,0.16975580544775,1.11051956777151,178.809997558594,-46.8737929708913,-96.5924187619656,-178.809997558594,4.26122140884399,16.3700008392334,6.78000020980835,15.4540004730225,29.6700000762939,991.307010135135
6.4,-0.0528934260207961,-0.043439373137349,0.474629248784329,0.285744756986352,0.0776430617554571,-10.2498765042403,-0.00730347895593286,0.028170635436082,-0.00525204664482205,-0.0479730474129001,-0.00408956836869342,-2.6174338151007,-0.0314923391072286,0.0190038816454721,-0.00767023100973957,13.5795307843394,9.08464109289998,0.374836277937627,-7.20604113312368,-14.6679174021929,-0.0057109599509727,7.54083099891216,-6.30846400678132,-2.81,0.159286189254533,-0.015972152360984,16.3480644226074,17.1818141000539,0.16975580544775,1.11051956777151,178.809997558594,-46.8737929708913,-96.5924187619656,-178.809997558594,4.26122140884399,16.3700008392334,6.96999979019165,15.4270000457764,29.6700000762939,991.316146273226
6.425,-0.0522649192639879,-0.0402583751696797,0.474224589850783,0.261525911754135,0.0659921466376708,-10.2589084252169,-0.00204343077656697,0.0246499840922813,-0.00408369221115703,-0.0465369007404533,-0.00394011469325517,-2.61743715846591,-0.0225071949909754,0.0236507803509847,-0.00511957221004948,13.5742587219517,9.0944847821922,0.379307451888984,-7.19640216715005,-14.673981624541,0.00930474815314125,7.54074758805696,-6.30850309201497,-2.81,0.160397850579314,-0.015205018676912,16.3480644226074,17.1788618146986,0.16975580544775,1.11051956777151,178.809997558594,-46.8737929708913,-96.5924187619656,-178.809997558594,4.26122140884399,16.3700008392334,6.96999979019165,15.4270000457764,29.6700000762939,991.325282411318
6.45,-0.0522588372205729,-0.0440793232322344,0.473819930902141,0.308700392095182,0.038596869181113,-10.2503722671162,-0.00516456420732614,0.0230204580682901,-0.00399289962683548,-0.045437057709482,-0.00366276376431397,-2.61742382635847,-0.0138502911673037,0.0259476273108873,-0.00188817463402034,13.5737229481467,9.10332330665456,0.367780050589318,-7.19157194991204,-14.681041916747,0.00363209191738595,7.54066417720177,-6.30854217724862,-2.81,0.160394630579473,-0.0145448592839908,16.3480644226074,17.1771376760392,0.169755648537933,1.11051953343098,178.809997558594,-47.0931208056439,-97.0381594203876,-178.809997558594,4.26029682159424,16.3805961608887,6.96999979019165,15.4270000457764,29.6700000762939,991.321245513091
6.475,-0.0517878726951265,-0.0417063643289966,0.473415270022311,0.30505683109118,0.0464058537710171,-10.1586464289721,-0.00735705271783281,0.0225176188753411,-0.00426872747872107,-0.0463162075253178,-0.00309488071680543,-2.61754318622724,-0.0244200590293587,0.0201319556590916,-0.00252151708335899,13.5810843917924,9.0958759614388,0.347042875526653,-7.20399872346003,-14.6766004923007,-0.032433040329398,7.54058076634657,-6.30858126248227,-2.81,0.158778362160224,-0.0150789143581742,16.34792137146,17.179675444469,0.16975539075752,1.11051947701439,178.809997558594,-47.4534451078231,-97.7704476449831,-178.809997558594,4.25877809524536,16.3980007171631,6.96999979019165,15.4270000457764,29.6700000762939,991.308740234375
6.5,-0.0522599830781535,-0.0428032993013083,0.473086234992562,0.264303866097978,0.102637581801111,-10.0702943745135,-0.0163327491298205,0.0153504056120722,-0.00538465552283905,-0.0460445417739141,-0.00324801932513142,-2.6176644151475,0.0520889850955065,0.00658740229106512,0.00122216360340136,13.5767284946547,9.10683724541899,0.339757293143428,-7.19670527142743,-14.6827666548122,-0.0356769800531201,7.54052707651699,-6.30860649380235,-2.81,0.158503146545796,-0.0143810707964062,16.3477783203125,17.1758389576332,0.169755132977107,1.1105194205978,178.809997558594,-47.8137694085841,-98.5027358694998,-178.809997558594,4.25725889205933,16.4154052734375,6.86999988555908,15.4259996414185,29.6700000762939,991.296234955659
6.525,-0.0516335265561024,-0.0380470529763359,0.473,0.242506873576879,0.056166904220232,-10.045095011003,-0.0137985078060068,0.0127463295611154,-0.00474638073589042,-0.0488395269347622,-0.00229075504822183,-2.61799869942216,-0.0627047046849801,0.0138226398141044,-0.0074184061234869,13.5808607854949,9.09137343869154,0.356956769638492,-7.21260380604138,-14.6695418025053,-0.0562001223721466,7.54055270958813,-6.30859475020019,-2.81,0.158135051803389,-0.0156053955059526,16.3477783203125,17.1797693975249,0.169754875196693,1.11051936418121,178.809997558594,-48.1740937107633,-99.2350240940953,-178.809997558594,4.25574016571045,16.4328117370605,6.86999988555908,15.4259996414185,29.6700000762939,991.283729676943
6.55,-0.0516350399652821,-0.0370962774756331,0.473,0.271755379357276,0.0319428910401188,-10.1188240984555,-0.0110613987716524,0.0178409865103285,-0.00393615789291418,-0.0485302460779839,-0.00200200943165623,-2.61797250130843,-0.0725818044712953,0.0205740720703568,-0.0068899265958879,13.5809819624165,9.10239069001131,0.358322821027005,-7.20675480486364,-14.6793895667307,-0.0564775343572431,7.54057834265927,-6.30858300659804,-2.81,0.158444106011712,-0.0149299920500657,16.3477783203125,17.1795262856689,0.169754768722175,1.11051934087871,178.809997558594,-48.3229233125117,-99.5374909693912,-178.809997558594,4.25511264801025,16.4400005340576,6.86999988555908,15.4259996414185,29.6700000762939,991.285387853674
6.575,-0.051157463651405,-0.0375738537895103,0.473,0.255815036257711,0.0970551848780371,-10.1076769732803,-0.0114101420137321,0.0238791736133351,-0.00359944515791461,-0.048348605632782,-0.00183242931962013,-2.61795711517334,-0.0783826187252998,0.0245391838252544,-0.00657955091446638,13.582175781929,9.10957902437739,0.342682819752974,-7.20435729489771,-14.6856819342029,-0.0730929711392894,7.54056828434779,-6.30858852377028,-2.81,0.1576702822763,-0.0144926605166714,16.3507585525513,17.1778690305064,0.169754768722175,1.11051934087871,178.809997558594,-48.3229233125117,-99.5374909693912,-178.809997558594,4.25511264801025,16.4400005340576,6.53000020980835,15.4739999771118,29.6700000762939,991.297012906461
6.6,-0.0509991151151512,-0.0377322023257641,0.473,0.294330426784274,0.120427364894667,-10.1028933968114,0.00756219128420785,0.0213920868641596,-0.00360790082103553,-0.047646692158639,-0.0016200181903187,-2.61800070382301,-0.0600857716916753,0.0246576904665322,-0.00518198464671167,13.5817981689184,9.10501277929511,0.335949638754208,-7.20706442133065,-14.6810011361645,-0.0760883622381607,7.54053425562527,-6.30860563331656,-2.81,0.157707983668057,-0.0146558745000731,16.35373878479,17.1773963695244,0.169754768722175,1.11051934087871,178.809997558594,-48.3229233125117,-99.5374909693912,-178.809997558594,4.25511264801025,16.4400005340576,6.53000020980835,15.4739999771118,29.6700000762939,991.308637959248
6.625,-0.0508416061657318,-0.0385137773788522,0.473,0.273426844333472,0.0381617510509848,-10.1432610216635,0.00529275562339299,0.0177021010381552,-0.00511604300783747,-0.0466351535914,-0.00131390916504103,-2.61806352011284,-0.0337178971385049,0.0248284722545194,-0.0031679298775934,13.5812527080086,9.1054670275463,0.335659028775954,-7.20721600416517,-14.6807210192208,-0.0713422542017216,7.54050022690275,-6.30862274286284,-2.81,0.15830324393896,-0.0144798105268506,16.35373878479,17.1781084473734,0.169754768722175,1.11051934087871,178.809997558594,-48.3229233125117,-99.5374909693912,-178.809997558594,4.25511264801025,16.4400005340576,6.53000020980835,15.4739999771118,29.6700000762939,991.320263012035
6.65,-0.0506712600779056,-0.040595671700307,0.473,0.269401875524448,0.0855522059966218,-10.1372058453596,0.0130301901323372,0.0151093673523806,-0.00731690493789701,-0.0464997181501622,-0.00108210120639765,-2.61820803242148,0.0172397702692609,0.0148871477511636,-0.000903855280478264,13.5834010987132,9.09390734123691,0.336492686841254,-7.21692727322002,-14.670785830111,-0.0718841282337311,7.54046619818022,-6.30863985240912,-2.81,0.158444560892739,-0.0151047427281018,16.35373878479,17.1814849750928,0.169754623020202,1.11051930850049,178.80859375,-48.5297181297968,-99.951393009332,-178.80859375,4.25479364395142,16.4428100585938,6.53000020980835,15.4739999771118,29.6700000762939,991.324047851562
6.675,-0.0505198186897296,-0.0388400165426843,0.473,0.285872568682873,0.0635367926293916,-10.0858019590773,0.00461734612577735,0.0192790486208447,-0.00831562366380039,-0.0474268905809777,-0.000624286914346357,-2.61842136953393,-0.0179030111718344,0.0136818994349095,-0.00710620150385954,13.5867549911942,9.08219919045574,0.342776270579726,-7.22866971804898,-14.6609593799112,-0.0797061194839188,7.5404321694577,-6.3086569619554,-2.81,0.158361234607089,-0.0158726697941506,16.3536520004272,17.1855122390497,0.169754365239788,1.11051925121596,178.806106567383,-48.8955858811643,-100.683681233927,-178.806106567383,4.25422954559326,16.4477844238281,6.57000017166138,15.4650001525879,29.6700000762939,991.321801757813
6.7,-0.0497292866806958,-0.0377342235915709,0.473,0.301450270732345,0.0203915590445819,-10.164532995945,-0.00523057343721248,0.0286116732486104,-0.00871039356026534,-0.0478350291172688,0.000172443035170861,-2.61893547056925,0.000202778835361486,0.0190714180769126,-0.00586284969303142,13.5946217844708,9.08810242636862,0.311418022746856,-7.24078189598012,-14.6649094298591,-0.125846369600267,7.54030387126217,-6.30871807981245,-2.81,0.156405834213473,-0.0154866434005696,16.3535652160645,17.1904366160012,0.169754107459375,1.11051919393142,178.803619384766,-49.2614536325317,-101.415969458444,-178.803619384766,4.25366592407227,16.4527549743652,6.57000017166138,15.4650001525879,29.6700000762939,991.319555664063
6.725,-0.0497292866806958,-0.0377342235915709,0.473,0.312789778637238,0.0501476012162857,-10.2281055747999,-0.0182832044736515,0.0339741539019525,-0.00897322175367676,-0.0481124571443917,0.000419913743634031,-2.61901880801384,0.00170752581175952,0.0184393292298437,-0.00593921786942992,13.5892824142874,9.10665049503376,0.328092861381833,-7.22772486925283,-14.6783469596728,-0.115967432927185,7.54015270351042,-6.30878987398396,-2.81,0.157313259379369,-0.0144336707983612,16.3535652160645,17.1871319680503,0.169753849678962,1.11051913664688,178.801132202148,-49.6273213838991,-102.148257682961,-178.801132202148,4.25310134887695,16.4577293395996,6.57000017166138,15.4650001525879,29.6700000762939,991.317309570312
6.75,-0.0490949394958128,-0.0364624903565322,0.473,0.305738595875473,0.084905407691489,-10.1938913449359,-0.0232425186620256,0.0263936632152401,-0.0104300065739921,-0.0474181406935233,0.00121530165057089,-2.61920827158282,0.0117652245351877,0.0170083577629531,-0.00570352817319619,13.5871196404668,9.10127521575704,0.327752100244174,-7.23120426179864,-14.6712511039356,-0.120532509892207,7.54000153575867,-6.30886166815548,-2.81,0.157849005486558,-0.0146213184020289,16.3535652160645,17.1857881160506,0.169753731996599,1.11051911049525,178.800003051758,-49.7943479666001,-102.482563176738,-178.800003051758,4.25284385681152,16.4599990844727,6.57000017166138,15.4650001525879,29.6700000762939,991.312869510135
6.775,-0.0484635007778538,-0.0351965879884667,0.473,0.306969292091414,0.0624289183358156,-10.211404439376,-0.0253718508216876,0.01912395652049,-0.0105280706132245,-0.0480404932726925,0.00179181390220432,-2.6194594083637,-0.0569478860381266,0.0211977711756322,-0.0104210744323142,13.5799323698149,9.09934218021158,0.324004714317599,-7.22966812496053,-14.6639188488847,-0.137670376182514,7.53985036800691,-6.30893346232699,-2.81,0.157474395379152,-0.0147815511567572,16.3536567687988,17.1780616759294,0.169753731996599,1.11051911049525,178.800003051758,-49.7943479666001,-102.482563176738,-178.800003051758,4.25284385681152,16.4599990844727,6.57000017166138,15.4650001525879,29.6700000762939,991.306586518159
6.8,-0.048455428812412,-0.0402676732489319,0.473,0.333775361895656,0.0912564071554398,-10.3024651747239,-0.0219672831707478,0.0185186231434408,-0.011723366598714,-0.0475508107097396,0.00179877521731724,-2.61961612979521,-0.00410580501269074,0.0122786456734062,-0.00569019224790991,13.5786293837303,9.11150564519433,0.312074442039662,-7.22502118645109,-14.6722156800679,-0.145799222865269,7.53972756652466,-6.30899210892924,-2.81,0.157054797091158,-0.0139754522390622,16.3537483215332,17.1767074848538,0.169753731996599,1.11051911049525,178.800003051758,-49.7943479666001,-102.482563176738,-178.800003051758,4.25284385681152,16.4599990844727,6.8899998664856,15.4270000457764,29.6700000762939,991.300303526182
6.825,-0.0484614795120471,-0.0364664164229222,0.473,0.321641044314421,0.0968353555520263,-10.2483567269547,-0.0222540401009691,0.0142405667254437,-0.0113346578119443,-0.0491037452272459,0.00202290816596124,-2.61994313760555,0.0291085485360103,0.000504755785471382,-0.00504675234718689,13.5833970992628,9.10238312206682,0.315234855506435,-7.23846766308123,-14.6642628329127,-0.159404294345624,7.53968577171154,-6.30901320950195,-2.81,0.156383779895724,-0.0146534398193032,16.3537483215332,17.1822487703623,0.169753731996599,1.11051911049525,178.800003051758,-49.7943479666001,-102.482563176738,-178.800003051758,4.25284385681152,16.4599990844727,6.8899998664856,15.4270000457764,29.6700000762939,991.294020534206
6.85,-0.0484594527399106,-0.0377397041223417,0.473,0.281201543026805,0.0780620630723062,-10.1786515904606,-0.00889830640573757,0.00995003561386976,-0.0101669515440128,-0.0484368213487508,0.00203708073801354,-2.62004244988498,0.0490654051694593,-0.000833481852366087,-0.00321877554149627,13.5802177720236,9.10144241723297,0.331953757887672,-7.2372276841964,-14.6619436297004,-0.13677190412165,7.53964397689843,-6.30903431007466,-2.81,0.157728703590543,-0.0145957633748101,16.3537483215332,17.1835147348542,0.169753597276049,1.11051908083408,178.801300048828,-49.9837893718114,-102.865269802645,-178.801300048828,4.25368165969849,16.457405090332,6.8899998664856,15.4270000457764,29.6700000762939,991.292733847128
6.875,-0.0484635129098383,-0.0351889662600975,0.473,0.306241221791228,0.0837330888168371,-10.1766402072587,-0.00469856799688639,0.00616469310055749,-0.00906844171724778,-0.0490268957806909,0.00238163756150981,-2.62044201030469,-0.0317513350474938,0.00425269161114622,-0.0092881741590743,13.5719380754224,9.10407894776825,0.315488130393206,-7.2349415200792,-14.6564053427111,-0.163379931140706,7.5395888306858,-6.30906138006643,-2.81,0.156587236436641,-0.0144551895535767,16.3513402938843,17.1746760116535,0.169753339061662,1.11051902398352,178.803771972656,-50.3468853978757,-103.598790835738,-178.803771972656,4.25528717041016,16.4524307250977,6.8899998664856,15.4270000457764,29.6700000762939,991.296027106208
6.9,-0.0484614795120471,-0.0364664164229222,0.473,0.28066771267141,0.157297204844254,-10.0896496658681,-0.00393148771038182,0.00695082121320408,-0.00844348274760651,-0.049908478031258,0.00215645422544491,-2.62076101077705,0.0456275998427083,-0.0101878527658325,-0.00401681358824965,13.568646899469,9.10237754517549,0.279709332403155,-7.23850468568106,-14.6493047119639,-0.203995929923983,7.53952403724095,-6.30909276334175,-2.81,0.154011650809293,-0.014615459339043,16.3489322662354,17.168008780773,0.169753080847275,1.11051896713296,178.806274414062,-50.7099814253581,-104.332311868673,-178.806274414062,4.25689315795898,16.4474601745605,6.46999979019165,15.4680004119873,29.6700000762939,991.299320365287
6.925,-0.0481495896720092,-0.0358411426222348,0.473,0.276099072354642,0.0418752509978176,-10.1253708894675,0.00253478622071487,0.0151158270771004,-0.0115418406697702,-0.0501666509709831,0.00273853298116396,-2.62096357117891,-0.0583920113711756,0.0159620413175109,-0.0150920052103331,13.5768248342407,9.09909726360694,0.313378140882849,-7.24934838951239,-14.6504718635813,-0.180475907823442,7.5394592437961,-6.30912414661707,-2.81,0.155850715245626,-0.0147957754605041,16.3489322662354,17.1814233956807,0.169752822632888,1.1105189102824,178.808746337891,-51.0730774514223,-105.065832901608,-178.808746337891,4.25849866867065,16.4424858093262,6.46999979019165,15.4680004119873,29.6700000762939,991.302613624367
6.95,-0.0471956936092051,-0.033928780819818,0.473,0.248875603286077,0.0442330062086114,-10.0922693536821,-0.0185241767607841,0.0209046876471823,-0.0113483819882993,-0.0508209029282038,0.00290638104713825,-2.62137034818066,-0.034416673293627,0.00689619381602829,-0.0128562007267254,13.5694279567316,9.11874445035236,0.289532718903423,-7.23968111942849,-14.6596773147905,-0.213501602528454,7.53939445035125,-6.3091555298924,-2.81,0.154202030457198,-0.0136696931791051,16.3489322662354,17.1724806800122,0.169752693525694,1.11051888185712,178.809997558594,-51.2546254644545,-105.432593418155,-178.809997558594,4.25930166244507,16.4400005340576,6.46999979019165,15.4680004119873,29.6700000762939,991.303114442568
6.975,-0.0476712968500386,-0.0334531775789846,0.473,0.271912758405217,0.0942404284725405,-9.95687840050582,-0.0107803474617343,0.00251643365358532,-0.013710624047074,-0.0501945484023965,0.00292389689198945,-2.62157404815049,-0.0416056335033078,0.00221740706913276,-0.012753296096071,13.5591723550307,9.12240889436447,0.288497387956303,-7.23192940087511,-14.6563350288933,-0.209213751604462,7.5393296569064,-6.30918691316772,-2.81,0.154561487741187,-0.0133360659051597,16.3430452346802,17.1647623032711,0.169752693525694,1.11051888185712,178.809997558594,-51.2546254644545,-105.432593418155,-178.809997558594,4.25930166244507,16.4400005340576,6.46999979019165,15.4680004119873,29.6700000762939,991.30082281989
7,-0.0478296014105244,-0.0345600351435793,0.473,0.280411728707869,0.0464814922288801,-9.90378627412852,-0.023745580930325,-0.00871700131966963,-0.0134617662202204,-0.0492656492341471,0.00228270896582134,-2.62180902677108,0.0242618720360877,-0.0168688878494625,-0.00832323359147834,13.5557483465831,9.12351775802331,0.26133898229531,-7.23251621800794,-14.6529123808222,-0.219215639782885,7.53926486346155,-6.30921829644305,-2.81,0.153370724023507,-0.0130927874173592,16.337158203125,17.1620194293594,0.169752693525694,1.11051888185712,178.809997558594,-51.2546254644545,-105.432593418155,-178.809997558594,4.25930166244507,16.4400005340576,6.59000015258789,15.4490003585815,29.6700000762939,991.298531197213
7.025,-0.0490953830963714,-0.0371003200072465,0.473,0.233902212110127,0.0824854920372182,-9.76572714059561,-0.0121726466990044,-0.0104173372156232,-0.0149543836249347,-0.049937708023804,0.0019038750372246,-2.62224086844964,0.0463015167795266,-0.0216282801622026,-0.0076959094414487,13.5572103718194,9.11250092268105,0.265062689770868,-7.24561329476587,-14.6410498009009,-0.215946917992234,7.53917797497111,-6.30926041515018,-2.81,0.153096830289473,-0.0137324970583181,16.337158203125,17.1679316940182,0.169752693525694,1.11051888185712,178.809997558594,-51.2546254644545,-105.432593418155,-178.809997558594,4.25930166244507,16.4400005340576,6.59000015258789,15.4490003585815,29.6700000762939,991.296239574535
7.05,-0.0490953830963714,-0.0371003200072465,0.473,0.221136962091075,0.0772503112797401,-9.68072942058384,-0.0074052581571561,-0.00594520305564604,-0.0153909430021985,-0.0507226596045304,0.00165112386904654,-2.62266588537115,0.0405901586228632,-0.0200610372219861,-0.00904076086271961,13.5600873431352,9.10131975557719,0.27837537583003,-7.25966900615639,-14.6301855143598,-0.205816989219998,7.53909102562767,-6.30930256342428,-2.81,0.153329910277695,-0.0143969548463218,16.337158203125,17.1762091485617,0.169752570031857,1.11051885487527,178.813568115234,-51.4269544776769,-105.783407825184,-178.813568115234,4.25896978378296,16.4400005340576,6.59000015258789,15.4359998703003,29.6700000762939,991.291988228463
7.075,-0.049098398858823,-0.0352057147059796,0.473,0.208472746079128,0.0575463177511251,-9.6556088850158,-0.00854952951640581,-0.00533467510753484,-0.0150812674486039,-0.0505801018336897,0.00139120312366381,-2.62299766336921,0.0419302814379717,-0.0174521804667881,-0.00974899012097609,13.5586496778863,9.10093897672198,0.287318787129413,-7.26328385336813,-14.6271819282224,-0.192041493402104,7.53898859366464,-6.30935223164312,-2.81,0.153853782447612,-0.0143276124773403,16.3357191085815,17.1798506163397,0.169752311817469,1.11051879845868,178.821029663086,-51.7872787798561,-106.516928858277,-178.821029663086,4.25827503204346,16.4400005340576,6.59000015258789,15.4359998703003,29.6700000762939,991.285599002323
7.1,-0.0490994256279848,-0.0345606631383358,0.473,0.233841353078839,0.111585873820457,-9.62986692666903,0.0137275531310893,-0.00292065847178997,-0.0158592482910439,-0.049114466690201,0.00112105509016273,-2.62319643752246,0.0533292299691178,-0.0133574781324479,-0.0095490879653687,13.5534232913806,9.10783980841281,0.297444657426294,-7.25793625348836,-14.6298173044792,-0.165254933781209,7.53887543936628,-6.30940710772547,-2.81,0.155197786006525,-0.0136820378465927,16.3342800140381,17.1804987873266,0.169752053603082,1.11051874204209,178.828491210938,-52.1476030820353,-107.250449891291,-178.828491210938,4.25758075714111,16.4400005340576,6.59000015258789,15.4359998703003,29.6700000762939,991.279209776182
7.125,-0.0490933618305647,-0.038370148441702,0.473,0.215184864449696,0.081145564013701,-9.59662356055844,0.0123786498678043,0.00168570890008769,-0.0155541716347544,-0.0487428022160601,0.000973342027407698,-2.62348981028577,0.0508127794959786,-0.0103587874723232,-0.0109095226989541,13.5497775127261,9.11628058026291,0.294159005530843,-7.25495823348196,-14.6331268788285,-0.163555988983726,7.53876228506792,-6.30946198380781,-2.81,0.155188355213549,-0.013079962382984,16.3342800140381,17.1796749087114,0.169751795388695,1.1105186856255,178.835952758789,-52.5079273827964,-107.983970924305,-178.835952758789,4.25688600540161,16.4400005340576,6.59000015258789,15.4359998703003,29.6700000762939,991.272820550042
7.15,-0.0487825220820982,-0.0374336519382817,0.473,0.177710822610327,0.0811868610945096,-9.66122090004611,0.0267989124279149,0.010923619069373,-0.0164273266463056,-0.0503653079241856,0.00118401557612345,-2.62395882365948,0.00392695693981147,-0.00403873698352627,-0.0154965553808481,13.5467669259162,9.11509815769236,0.280299924756824,-7.26020104796958,-14.6263439712622,-0.194985626815702,7.53864913076955,-6.30951685989016,-2.81,0.153560104111868,-0.01328214572031,16.3342800140381,17.1759680945553,0.169751655054789,1.11051865496431,178.839996337891,-52.703755807493,-108.382623659651,-178.839996337891,4.25650882720947,16.4400005340576,6.59000015258789,15.4359998703003,29.6700000762939,991.27431574641
7.175,-0.0484584643172226,-0.0383606651213347,0.473,0.219139571280381,0.103672848519132,-9.71465575988348,0.0250467093381187,0.0130675422914017,-0.0170444020459662,-0.0476856914515001,0.00110751218032445,-2.6242012030403,0.0610588149347103,0.00648158181300458,-0.0106330415875211,13.5349031331917,9.13475438764311,0.27151609616869,-7.24373700515936,-14.6358196863442,-0.17921452740102,7.53853571675351,-6.30957185627323,-2.81,0.154567555315634,-0.0117250014924409,16.3305892944336,17.1686639537155,0.169751655054789,1.11051865496431,178.839996337891,-52.703755807493,-108.382623659651,-178.839996337891,4.25650882720947,16.4400005340576,6.57000017166138,15.4420003890991,29.6700000762939,991.285197160051
7.2,-0.0484634998326046,-0.0351971818263709,0.473,0.229069894963469,0.0468594629111069,-9.68855784378167,0.0198538620452628,0.00686700860661325,-0.0177302634479075,-0.0495774312102628,0.00166318567301563,-2.62485950596541,-0.0153714551849752,0.007934093353937,-0.0191520670525585,13.5371774992897,9.11364735918411,0.29073201312992,-7.26536957334394,-14.6143386992928,-0.183785971664448,7.53834058361026,-6.30966470479872,-2.81,0.154714431405925,-0.013082350505153,16.3268985748291,17.1759845333117,0.169751655054789,1.11051865496431,178.839996337891,-52.703755807493,-108.382623659651,-178.839996337891,4.25650882720947,16.4400005340576,6.57000017166138,15.4420003890991,29.6700000762939,991.296078573691
7.225,-0.0484564296309879,-0.0396389247283491,0.473,0.203287520092394,0.0787171423724852,-9.63073485131987,0.0166944731828873,0.00765975724253579,-0.0178513586419471,-0.0469229514052752,0.00138406837230158,-2.62529644028186,0.0467278174907254,-0.00194934409257231,-0.0132149560022946,13.5270239133462,9.14221033448319,0.263310881069865,-7.24931751903875,-14.6302106981536,-0.184523191094234,7.538145450467,-6.30975755332422,-2.81,0.15456166193227,-0.0109664785578014,16.3268985748291,17.169511643722,0.169751655054789,1.11051865496431,178.839996337891,-52.703755807493,-108.382623659651,-178.839996337891,4.25650882720947,16.4400005340576,6.57000017166138,15.4420003890991,29.6700000762939,991.306959987331
7.25,-0.048143937667504,-0.0374207242786413,0.473,0.204063163840189,0.0793067194823741,-9.55550618627815,0.00830362713241926,0.00459394014988944,-0.0191243749883885,-0.0478610123207836,0.00151855110488781,-2.62566585755844,0.00868147311618311,-0.00395663532490294,-0.017849999006087,13.5199517530828,9.15077979814602,0.25376733415909,-7.24460505092827,-14.63092606168,-0.204852174625172,7.53795031732375,-6.30985040184971,-2.81,0.153576857464584,-0.0105278456751351,16.3268985748291,17.1624892875163,0.169751543353717,1.11051863024668,178.845413208008,-52.8616236454055,-108.699937836841,-178.845413208008,4.25573539733887,16.4313526153564,6.57000017166138,15.4420003890991,29.6700000762939,991.309771563556
7.275,-0.0482956452444467,-0.0404292971528723,0.473,0.203011920057823,0.0768717352285237,-9.46392165092849,0.010487747814426,0.00664797644822106,-0.0212683292183096,-0.045774032022111,0.0013556769549341,-2.62598701599585,0.0188685945890729,0.00102315570392981,-0.0170317730264179,13.5096824243466,9.16730908926815,0.251549168493248,-7.23214594637068,-14.6381567228065,-0.186507099045954,7.5377551841805,-6.3099432503752,-2.81,0.154604475328394,-0.00921081722032756,16.321608543396,17.1578505078579,0.169751286441251,1.11051857339611,178.857833862305,-53.2247196714697,-109.42976044452,-178.857833862305,4.25395584106445,16.4114608764648,6.59000015258789,15.4359998703003,29.6700000762939,991.30209235114
7.3,-0.0484519400113446,-0.0415413482384933,0.473065241220928,0.167237030905553,0.0842572406206993,-9.40010937089374,0.0111081953796731,0.0102508811761055,-0.0226360829572448,-0.04515981998396,0.00155122142204022,-2.62675488643148,-0.0160594220373855,0.011593193486964,-0.0205516046936167,13.5202695485946,9.14580938444775,0.261646372592509,-7.26289037853001,-14.6195982234659,-0.172475857687266,7.53767073523766,-6.30998403445518,-2.81,0.155408468350267,-0.0102138066141016,16.3163185119629,17.1773930168074,0.169751029528785,1.11051851654555,178.870269775391,-53.587815697534,-110.159583052121,-178.870269775391,4.25217628479004,16.3915672302246,6.59000015258789,15.4359998703003,29.6700000762939,991.294413138725
7.325,-0.0476623653684603,-0.0391625215411397,0.473457544103901,0.204781641686652,0.0762716991106174,-9.54236931432475,0.012171876261997,0.0175444214086299,-0.0231824879106955,-0.0454948978986165,0.00175360272910922,-2.62707210701629,-0.0395803493482224,0.0158772050414227,-0.0231278921195603,13.4965603970686,9.17390543998329,0.26057458270941,-7.23308625982561,-14.629949936627,-0.180584319199402,7.53759523611961,-6.31002060865097,-2.81,0.155403667092453,-0.00857360496886672,16.3163185119629,17.1554097211233,0.169750772616319,1.11051845969499,178.882705688477,-53.9509117250164,-110.889405659721,-178.882705688477,4.25039720535278,16.371675491333,6.59000015258789,15.4359998703003,29.6700000762939,991.286733926309
7.35,-0.0468711634349087,-0.0374197997463081,0.473997096892565,0.15411644546808,0.0960727251569241,-9.6458284483567,0.018478402892457,0.0318447540242859,-0.0228860687440784,-0.0463854542843203,0.00225966492923932,-2.62785325438807,-0.0337858964719738,0.019842946421825,-0.0260499912400461,13.5000613754309,9.17235103976317,0.26107868942085,-7.24828723875732,-14.6245048716859,-0.195018413533304,7.53751973700156,-6.31005718284676,-2.81,0.154980594649484,-0.00863127909450631,16.3163185119629,17.1635735495963,0.169750621819872,1.11051842632618,178.889999389648,-54.1640333053474,-111.317779799015,-178.889999389648,4.24935293197632,16.3600006103516,6.59000015258789,15.4359998703003,29.6700000762939,991.28117972709
7.375,-0.046551173655239,-0.0399644443933427,0.474536638126209,0.230976637381659,0.134673871416277,-9.67493474995821,0.0225639626171219,0.0323765537054445,-0.0240455988458244,-0.043791941006006,0.00295568980537153,-2.62871037116535,0.0541486721337532,0.024277845737368,-0.0185624307535368,13.4909064252511,9.17932930374791,0.287903931524829,-7.24865953998885,-14.6212420743732,-0.154098641208686,7.53744423788351,-6.31009375704255,-2.81,0.158092019287425,-0.0076926622481006,16.3131713867188,17.1685137187326,0.169750621819872,1.11051842632618,178.889999389648,-54.1640333053474,-111.317779799015,-178.889999389648,4.24935293197632,16.3600006103516,6.59000015258789,15.4359998703003,29.6700000762939,991.278645283467
7.4,-0.0452849964050193,-0.0396491818172052,0.475076187078108,0.209669010391995,0.0844572080582992,-9.72614937601418,0.0355839770022634,0.0267851312645298,-0.0258001600782514,-0.0439073541379899,0.00386979514253233,-2.62939855272278,-0.0236683187405151,0.0269623541768671,-0.0283267122723799,13.4803925235155,9.17019727217838,0.325043579924948,-7.2532292976869,-14.604551789107,-0.129945073160969,7.53731605648134,-6.31015477302309,-2.81,0.160419229445014,-0.00810951156752706,16.3100242614746,17.1679919660106,0.169750621819872,1.11051842632618,178.889999389648,-54.1640333053474,-111.317779799015,-178.889999389648,4.24935293197632,16.3600006103516,6.69000005722046,15.4350004196167,29.6700000762939,991.276110839844
7.425,-0.0452798403511337,-0.0409118763345531,0.475615732147418,0.180539008971411,0.108062594995617,-9.85422422770889,0.0251551204444079,0.0251186422244528,-0.0266941752530993,-0.041787937512206,0.00382548695900832,-2.62969413945079,0.0291100758888324,0.0226057630750064,-0.0238212152856184,13.4778640906001,9.19127372588287,0.298111205324911,-7.24548429867648,-14.6186594754147,-0.137680278302209,7.53718735091823,-6.31021603218649,-2.81,0.159997406642116,-0.00652188983319498,16.3100242614746,17.1667966215025,0.169750621819872,1.11051842632618,178.889999389648,-54.1640333053474,-111.317779799015,-178.889999389648,4.24935293197632,16.3600006103516,6.69000005722046,15.4350004196167,29.6700000762939,991.273576396221
7.45,-0.0452737701981647,-0.0447253544113993,0.47615527723188,0.212667580872599,0.0961120000223841,-10.0333834393113,0.0371673322614164,0.0369110253543578,-0.028188270558078,-0.0404037016420065,0.00446325134831201,-2.63033784473228,0.0350921229504483,0.0314694339564587,-0.0241703425172941,13.4779493137034,9.19267900244432,0.286043228578212,-7.2543881323128,-14.614886969227,-0.145661854411135,7.53705864535512,-6.31027729134989,-2.81,0.160139963171498,-0.00611563726180167,16.3100242614746,17.1712590520472,0.169750521288907,1.11051840408031,178.892913818359,-54.3061143589014,-111.603362558517,-178.892913818359,4.24972629547119,16.3648643493652,6.69000005722046,15.4350004196167,29.6700000762939,991.272912597656
7.475,-0.0438465633917231,-0.0442516392366992,0.476687197573042,0.244694352852152,0.0901466873998125,-10.1544447913887,0.0353932868836133,0.0510773174216672,-0.0306522329629749,-0.0395753283770886,0.00564610417745245,-2.63134124196726,0.0471907706062518,0.0439282660101557,-0.0262519894903986,13.4674919946981,9.20022312982294,0.284053720251516,-7.2561153187758,-14.6089876739501,-0.156212690828854,7.53692993979202,-6.31033855051329,-2.81,0.160759153673391,-0.00536401337669409,16.3063335418701,17.1681202342677,0.169750264376441,1.11051834722975,178.900375366211,-54.6692103849656,-112.333185166118,-178.900375366211,4.25068140029907,16.3772983551025,6.69000005722046,15.4350004196167,29.6700000762939,991.275158691406
7.5,-0.0433659956477715,-0.0466331289617925,0.476837743938116,0.299730484078853,0.113407574687001,-10.2164813492364,0.0224954871928203,0.0374085615853405,-0.0332163909378253,-0.0409266902971678,0.0067488631860846,-2.63236021380159,0.016523657160667,0.0330933711807197,-0.0318075868489744,13.4583367468118,9.21197995082575,0.294897507459507,-7.25694830295671,-14.6075702882345,-0.17308595382237,7.53682320279245,-6.31038940701801,-2.81,0.160921130998484,-0.00467468930240401,16.3026428222656,17.1654362492442,0.169750007463975,1.11051829037918,178.907836914062,-55.032306412448,-113.063007773797,-178.907836914062,4.25163602828979,16.3897304534912,6.82999992370605,15.4300003051758,29.6700000762939,991.277404785156
7.525,-0.0427381558608674,-0.0421897400741019,0.476464209343243,0.308626070143959,0.0253474606802586,-10.1887080182983,0.0215138488743749,0.0136846820979668,-0.0352475007623775,-0.0409211852650743,0.00709055103825773,-2.63322551840161,-0.025302203471914,0.0201078158000756,-0.0359336933196866,13.4473187521456,9.22036463516219,0.2984126888395,-7.25578069627432,-14.6033486468531,-0.174386197971607,7.53680295670712,-6.31039930793369,-2.81,0.161242985383153,-0.00401240065649502,16.3026428222656,17.1621676947226,0.169749750551509,1.11051823352862,178.915298461914,-55.3954024385123,-113.792830381398,-178.915298461914,4.25259113311768,16.4021625518799,6.82999992370605,15.4300003051758,29.6700000762939,991.279650878906
7.55,-0.0427381558608674,-0.0421897400741019,0.476090683653514,0.286826516476485,0.0454411279981353,-10.1373688186127,0.00688640636601025,0.000609679446228564,-0.0356123021867807,-0.0401932143829213,0.00718338184067855,-2.6340231363198,-0.0454929277047338,0.00673934149217941,-0.0379366292918495,13.4356604213571,9.23689556350845,0.292114338117897,-7.24929006621699,-14.6061436333372,-0.175792758354915,7.53678271062179,-6.31040920884938,-2.81,0.161341021118196,-0.00278309216739347,16.3026428222656,17.1576864872727,0.169749588584955,1.11051819768805,178.919998168945,-55.6243108032018,-114.252935938378,-178.919998168945,4.25319290161133,16.4099998474121,6.82999992370605,15.4300003051758,29.6700000762939,991.281033242715
7.575,-0.0432117321010876,-0.0426633163143222,0.475717145510974,0.303710753271833,0.0766691343447481,-10.1358002602722,0.011513934604154,-0.00208215913356392,-0.0357482312770959,-0.0397692807018757,0.00723744183778763,-2.63448762893677,-0.0572509914636612,-0.00104578654281795,-0.0391030386090279,13.4180424270731,9.26649967805362,0.262225399361006,-7.22668873038288,-14.6189668736746,-0.203515499983332,7.53676246453646,-6.31041910976506,-2.81,0.159989731529654,-0.000902845576562594,16.3018054962158,17.1401639017472,0.169749588584955,1.11051819768805,178.919998168945,-55.6243108032018,-114.252935938378,-178.919998168945,4.25319290161133,16.4099998474121,6.82999992370605,15.4300003051758,29.6700000762939,991.280942184861
7.6,-0.0439967893912139,-0.0485269231699026,0.475343618050879,0.345422301888904,0.0768652296821494,-10.196055043732,0.0126977135462593,-0.00621971493076652,-0.0356840278126866,-0.0368310609765627,0.00653299064051184,-2.6350373294784,0.0571834767712679,-0.0072413396695933,-0.0301167231140251,13.4076289108621,9.28429514355092,0.240172239141573,-7.217400269803,-14.6251007851054,-0.189452894830968,7.53675604642465,-6.31042260837402,-2.81,0.160185107927129,0.000679214750239643,16.300968170166,17.137277173364,0.169749588584955,1.11051819768805,178.919998168945,-55.6243108032018,-114.252935938378,-178.919998168945,4.25319290161133,16.4099998474121,6.57000017166138,15.4689998626709,29.6700000762939,991.280851127006
7.625,-0.0439978779662891,-0.0485368609805723,0.474970082555196,0.324775310554372,0.0316346517360245,-10.1758522844627,0.0176052669055946,-0.0159886548636279,-0.0367343100496443,-0.0368365199072052,0.0058693617154073,-2.63624756945842,0.0779176264532721,-0.0242774763351878,-0.0284180693125167,13.4111298490113,9.26992517022579,0.241725444658316,-7.24520051067724,-14.6055995656285,-0.17854570231977,7.53675376964107,-6.3104241895615,-2.81,0.159997163160904,9.40807779288726e-05,16.300968170166,17.1534445108237,0.169749588584955,1.11051819768805,178.919998168945,-55.6243108032018,-114.252935938378,-178.919998168945,4.25319290161133,16.4099998474121,6.57000017166138,15.4689998626709,29.6700000762939,991.280760069151
7.65,-0.0446205317816834,-0.048535869863322,0.474596552427381,0.323025341298961,0.0734984440811475,-10.0258683966865,0.016468957830212,-0.027145945805511,-0.0335547449798206,-0.0373674812148316,0.00529079954353395,-2.63744162543873,0.0569652688464648,-0.0372984983146436,-0.0301248188823781,13.4057673558209,9.2672465345871,0.235095903525172,-7.25941436985849,-14.5917589949321,-0.182206628791595,7.5367514928575,-6.31042577074897,-2.81,0.159160737049531,0.000111770659343729,16.300968170166,17.1584469637764,0.169749499224097,1.11051817791394,178.924331665039,-55.7506050723972,-114.506787280115,-178.924331665039,4.25317811965942,16.4082698822021,6.57000017166138,15.4689998626709,29.6700000762939,991.280642617715
7.675,-0.0457451783637644,-0.0461655764048319,0.474223021403244,0.314852637410213,0.0222720859333623,-9.89202681094922,0.0102121955231339,-0.0333290950240798,-0.0327795772432401,-0.0366773532772418,0.00453922219350462,-2.63826160931207,-0.0108641080521384,-0.0322448570323409,-0.0337323830338935,13.37471037157,9.31446219064844,0.19273672344728,-7.22209303794297,-14.6108400761323,-0.209655169138264,7.53674921607392,-6.31042735193645,-2.81,0.157141044995014,0.00314388354958865,16.3048076629639,17.1313183763053,0.169749242311631,1.11051812106338,178.936767578125,-56.1137010998796,-115.236609887794,-178.936767578125,4.25313472747803,16.4032974243164,6.82000017166138,15.4449996948242,29.6700000762939,991.280475678315
7.7,-0.0471700172169996,-0.0466216014302342,0.473849492152747,0.278818933782491,0.0442098306459072,-9.83381595742712,0.00838253678238697,-0.0285762857883526,-0.0314469787979201,-0.0374563520399373,0.00344245605251927,-2.63925045148233,0.0346346465306583,-0.0434943044916602,-0.0276047322123753,13.3705604412202,9.3174890519463,0.153094008357096,-7.23226847350368,-14.6029680525368,-0.241957237152787,7.53664036544596,-6.31047952017635,-2.81,0.154152750928067,0.00342192687815889,16.3086471557617,17.1312836058582,0.169748985399165,1.11051806421281,178.949188232422,-56.4767971259439,-115.966432495473,-178.949188232422,4.25309085845947,16.398323059082,6.82000017166138,15.4449996948242,29.6700000762939,991.280308738915
7.725,-0.0473300042231501,-0.0477206673923156,0.473475957570045,0.276764788390964,0.0673401503371847,-9.70565107225518,0.00200408650169381,-0.0269862113452196,-0.0294648646618911,-0.0372606705418228,0.00304118153090964,-2.63955993688493,0.0416636349128296,-0.0434996515942927,-0.0263088224580713,13.3539474144888,9.33266966772415,0.17100979449078,-7.21472027421329,-14.6067257093113,-0.217380871753078,7.53651322578663,-6.31054036960997,-2.81,0.155326496417686,0.00440684897248919,16.3086471557617,17.1215435900606,0.169748728486699,1.11051800736225,178.961624145508,-56.8398931534263,-116.696255103074,-178.961624145508,4.25304746627808,16.3933506011963,6.82000017166138,15.4449996948242,29.6700000762939,991.280141799514
7.75,-0.0481220816810628,-0.0482416236193364,0.473102751586163,0.249536696964266,0.0153847613780674,-9.6569583385303,-0.00616209093871587,-0.0259285680810071,-0.0277051630619381,-0.0362774689088227,0.00174085410741819,-2.64062046291586,0.0246736728491822,-0.0358302633871673,-0.0246590696484284,13.3550761893736,9.33291075216889,0.158436734942038,-7.23145193139203,-14.5996955443589,-0.203416584614447,7.53638608612729,-6.31060121904359,-2.81,0.1547385103849,0.00479134579446073,16.3086471557617,17.1345382647746,0.169748555350037,1.11051796904992,178.970001220703,-57.0845883010561,-117.188092077742,-178.970001220703,4.25301837921143,16.3899993896484,6.82000017166138,15.4449996948242,29.6700000762939,991.278871278505
7.775,-0.0484473306513999,-0.0453552154641101,0.473,0.245173206756837,0.033526950233337,-9.54764915919091,-0.0144924061342044,-0.0252521127505646,-0.0279439710911876,-0.0382534686302474,0.00115933805225925,-2.64140867726606,-0.0183408981205014,-0.0365147317372905,-0.026049163839284,13.3525902470406,9.34390897708261,0.139314933704199,-7.23609861529744,-14.6015071128365,-0.233616762232691,7.53626067097786,-6.31066125994596,-2.81,0.152412395831256,0.00531771904127605,16.307731628418,17.1347154755206,0.169748555350037,1.11051796904992,178.970001220703,-57.0845883010561,-117.188092077742,-178.970001220703,4.25301837921143,16.3899993896484,6.84999990463257,15.4350004196167,29.6700000762939,991.27532002217
7.8,-0.0484474225955376,-0.0453554924729674,0.473,0.206360422448399,0.0249557758166451,-9.39559566720911,-0.0283675400785432,-0.0238899116521285,-0.0252436961317994,-0.0378832625425873,0.000194240699753713,-2.64188825706803,0.0236547232452784,-0.0404589181864525,-0.0198778106154574,13.3432143396179,9.36997365456897,0.137220343853743,-7.2225826856388,-14.6165094934696,-0.220350174699915,7.53623537180613,-6.31067436177536,-2.81,0.152313925651722,0.00700118262265857,16.3068161010742,17.1323055630387,0.169748555350037,1.11051796904992,178.970001220703,-57.0845883010561,-117.188092077742,-178.970001220703,4.25301837921143,16.3899993896484,6.84999990463257,15.4350004196167,29.6700000762939,991.271768765836
7.825,-0.0490802254230002,-0.046622889766643,0.472817312677593,0.211519436280716,0.0309499270257794,-9.31132759014038,-0.0384010931571692,-0.0228298768266907,-0.0236036455146942,-0.0386177909524279,-7.03156273235496e-05,-2.64227622368325,-0.0477694069768994,-0.029413336243794,-0.0246178711199558,13.3360379702709,9.36999004893673,0.14146762095258,-7.22199501966746,-14.6103135233213,-0.219458505445286,7.53621007263439,-6.31068746360476,-2.81,0.152141009451857,0.00698158343978739,16.3068161010742,17.1289029278754,0.169748555350037,1.11051796904992,178.970001220703,-57.0845883010561,-117.188092077742,-178.970001220703,4.25301837921143,16.3899993896484,6.84999990463257,15.4350004196167,29.6700000762939,991.268217509502
7.85,-0.0497147899078685,-0.0466219744446113,0.472323088811416,0.178282201016892,0.022521849436608,-9.33729380161416,-0.0306231318112137,-0.0165280753793637,-0.0210346249131396,-0.0380266230067082,-0.000760159807659903,-2.64267975910012,-0.031197586041757,-0.0265325568317605,-0.0219835312168483,13.3311315591392,9.37956880826169,0.137953154180372,-7.21913344247355,-14.6135214472158,-0.208600096518233,7.53618477346266,-6.31070056543415,-2.81,0.152107600764579,0.00771551314344352,16.3068161010742,17.1296097943392,0.169748477291366,1.11051795174757,178.970764160156,-57.1950957887294,-117.409836799249,-178.970764160156,4.25289964675903,16.3899993896484,6.84999990463257,15.4350004196167,29.6700000762939,991.266088867187
7.875,-0.0503530632492882,-0.0447302654407712,0.471783552115773,0.178121514596334,0.0963410302149195,-9.30559672177963,-0.0295651561554993,-0.0117375746496539,-0.0178727915611352,-0.0395725136621396,-0.00129920421575929,-2.64327761482124,-0.00397233232981609,-0.0298329381677247,-0.0172074373531411,13.3299594530827,9.38702211782156,0.138721847891953,-7.22354537896103,-14.6149657906088,-0.215439341367166,7.53610068965706,-6.31074119431057,-2.81,0.151169075515267,0.00805825414068171,16.3035621643066,17.1329811541355,0.169748220812874,1.11051789489701,178.973251342773,-57.5581918147937,-118.138426598431,-178.973251342773,4.25250911712646,16.3899993896484,6.84999990463257,15.4350004196167,29.6700000762939,991.267211914062
7.9,-0.0497173680784613,-0.0453525698691709,0.471244005158166,0.154456407572741,0.0238299495900063,-9.31877453166593,-0.00176337391325735,-0.00457896036432493,-0.0164411410459577,-0.0388548078972902,-0.00169498929711515,-2.64361096713742,-0.0410528392834143,-0.00726433856055075,-0.0159780153776785,13.3238279077808,9.38595240064428,0.180708777367625,-7.22268436927873,-14.6102674675872,-0.161441236600573,7.53598225173518,-6.31079791016947,-2.81,0.153912633419635,0.00816951962795245,16.3003082275391,17.1380949608734,0.169747964334382,1.11051783804645,178.975738525391,-57.9212878408579,-118.867016397534,-178.975738525391,4.2521185874939,16.3899993896484,6.55000019073486,15.4530000686646,29.6700000762939,991.268334960938
7.925,-0.0501970671421698,-0.0461813640084211,0.470704462056377,0.188323194866229,0.00669492540078223,-9.40895626910542,-0.00449161566307341,0.00506577879454265,-0.0140179392618711,-0.0412815782505333,-0.00162262278415546,-2.64445923429043,-0.0419582123978433,-0.0019005432028938,-0.0160298204489843,13.3176599071586,9.38294382243057,0.20169306237835,-7.23089265023259,-14.5988918200888,-0.164101722097957,7.5358638138133,-6.31085462602836,-2.81,0.153838848638112,0.00782697051401165,16.3003082275391,17.1391200093696,0.16974770785589,1.11051778119588,178.978210449219,-58.2843838669221,-119.595606196716,-178.978210449219,4.25172805786133,16.3899993896484,6.55000019073486,15.4530000686646,29.6700000762939,991.269458007812
7.95,-0.0497212016174688,-0.0428135373293926,0.470164911242386,0.169391663805882,0.032487055056374,-9.44359224340184,-0.00091835854572317,0.00559649577183113,-0.010671391661571,-0.0409455594479219,-0.00179993125732258,-2.64470770311411,0.00611140128359078,-0.00490016097436505,-0.0100161575771401,13.3117794913023,9.39485158784521,0.198563211082195,-7.2237366510424,-14.604706528916,-0.16221261391745,7.53574537589142,-6.31091134188725,-2.81,0.153831512612279,0.00862522871478278,16.3003082275391,17.135930857402,0.16974752386045,1.11051774041178,178.979995727539,-58.5448657989105,-120.118290183036,-178.979995727539,4.2514476776123,16.3899993896484,6.55000019073486,15.4530000686646,29.6700000762939,991.270349451014
7.975,-0.05019518039358,-0.0442415383129012,0.469625369408753,0.199767794877279,-0.0245817418838301,-9.6294761247759,-0.00554621363309024,0.00848618491449206,-0.00909149710529042,-0.0407001984383287,-0.00172942137769039,-2.64486245425002,-0.0199795499221576,0.00158857231207683,-0.00944390717347918,13.3092106700995,9.39865212100053,0.2102522787372,-7.22164923580774,-14.606143930013,-0.149325765013086,7.53562693796954,-6.31096805774614,-2.81,0.154665603266599,0.00891381522226692,16.2970151901245,17.1366954283985,0.16974752386045,1.11051774041178,178.979995727539,-58.5448657989105,-120.118290183036,-178.979995727539,4.2514476776123,16.3899993896484,6.55000019073486,15.4530000686646,29.6700000762939,991.270652977196
8,-0.0497227119135153,-0.0428180875420781,0.46915066371723,0.208243870499763,0.0364413095903129,-9.59576194389283,-0.02357057465375,0.00686994563441606,-0.00876956450740853,-0.0388676835600592,-0.00190944597027082,-2.64494156404523,0.00863628662056445,0.00262130159333999,-0.00276991818059101,13.3055952674697,9.4101855063316,0.193644503911759,-7.21432245678296,-14.6136911590138,-0.146755162432115,7.53550868232334,-6.31102468945929,-2.81,0.154670370934421,0.00986751380611156,16.29372215271,17.1343124227862,0.16974752386045,1.11051774041178,178.979995727539,-58.5448657989105,-120.118290183036,-178.979995727539,4.2514476776123,16.3899993896484,6.40000009536743,15.4499998092651,29.6700000762939,991.270956503378
8.025,-0.0503490414043729,-0.0472569262170832,0.469,0.200139622791982,0.0341008159144801,-9.56537390525719,-0.0186748619671765,-0.00430872120079088,-0.00718382708134182,-0.0389307687420231,-0.00213869124917206,-2.64509312045872,0.0410477040145652,-0.00173472600615701,0.000857897095504824,13.303902263545,9.4033034568847,0.194671028168282,-7.21833848577094,-14.6057853679171,-0.143008533322904,7.53546077203868,-6.31104884694027,-2.81,0.154646624844213,0.00949072069122838,16.29372215271,17.1344708110726,0.16974752386045,1.11051774041178,178.979995727539,-58.5448657989105,-120.118290183036,-178.979995727539,4.2514476776123,16.3899993896484,6.40000009536743,15.4499998092651,29.6700000762939,991.271260029561
8.05,-0.0503490414043729,-0.0472569262170832,0.469,0.154845773285223,0.0567453081403194,-9.51040243439388,-0.0203112483583297,-0.00210978682313205,-0.00567419054462944,-0.0396565411193185,-0.00228853191199096,-2.64525182608653,0.0504218712310548,-0.00442168429828463,0.00177151703317951,13.3070747385873,9.39253964642095,0.202845262956382,-7.2284891410541,-14.5968744183233,-0.139238148527892,7.53541286175402,-6.31107300442125,-2.81,0.154656197065909,0.00879140890521886,16.29372215271,17.139436288467,0.16974752386045,1.11051774041178,178.979995727539,-58.5448657989105,-120.118290183036,-178.979995727539,4.2514476776123,16.3899993896484,6.40000009536743,15.4499998092651,29.6700000762939,991.272248469172
8.075,-0.0498828810114095,-0.0430012585719223,0.469,0.142006992260224,0.0852329754005241,-9.55904097650225,-0.0113223867029105,0.0112052810554664,-0.00242166555949566,-0.0416932171167167,-0.00200798743192056,-2.64549465067348,-0.00160609897753289,0.00294926708843566,-0.00231440436443485,13.3066757563057,9.38133708926128,0.22674261963982,-7.23666591665919,-14.5856164172145,-0.137759289742934,7.53535831736008,-6.31110021673555,-2.81,0.155000159872301,0.00789737302169951,16.2876205444336,17.1412131640674,0.16974752386045,1.11051774041178,178.979995727539,-58.5448657989105,-120.118290183036,-178.979995727539,4.2514476776123,16.3899993896484,6,15.5030002593994,29.6700000762939,991.275177496833
8.1,-0.0497232228832755,-0.0415437088949371,0.469,0.172934546001583,0.0402478088258469,-9.7247946089089,-0.00766042020658575,0.0222214951596356,-0.00225382754832255,-0.0428889506937355,-0.00155965429116769,-2.64560512713504,-0.0511741803519575,0.00846696039651577,-0.00570896707483202,13.3028297433054,9.38672459563302,0.242686003083691,-7.23204295095468,-14.5881094662806,-0.139252522729504,7.53522871929772,-6.3111619892956,-2.81,0.155414626318498,0.00806446915289558,16.2815189361572,17.1380589393068,0.16974752386045,1.11051774041178,178.979995727539,-58.5448657989105,-120.118290183036,-178.979995727539,4.2514476776123,16.3899993896484,6,15.5030002593994,29.6700000762939,991.278106524493
8.125,-0.0497232228832755,-0.0415437088949371,0.469,0.191578263098991,0.0869305383505372,-9.78578020983421,-0.00662098422146635,0.0178812557815395,-0.00152254157855395,-0.0427671414038396,-0.00132478492473973,-2.645592366953,-0.0572576968309594,0.0061458286423798,-0.00532049652614177,13.2972771475065,9.39901914807827,0.246202240388603,-7.22101287921472,-14.5964932442575,-0.138253373468304,7.53509912123535,-6.31122376185565,-2.81,0.155789844682751,0.00879740843414757,16.2815189361572,17.1326227356534,0.16974752386045,1.11051774041178,178.979995727539,-58.5448657989105,-120.118290183036,-178.979995727539,4.2514476776123,16.3899993896484,6,15.5030002593994,29.6700000762939,991.281035552154
8.15,-0.0497202100881747,-0.0434364500046697,0.469,0.215091490482671,0.0199340982876606,-9.79006372744847,-0.00493446486136186,0.000842040747011418,-0.000909443038915683,-0.0418078194322844,-0.00129877292086197,-2.64554040014655,-0.0443423289508139,0.00122177827459354,-0.00225693421612074,13.289552573706,9.40853606829477,0.248812453671136,-7.20879810587967,-14.6017694223403,-0.127380533341898,7.53496952317298,-6.31128553441569,-2.81,0.156533439339697,0.00948098999567619,16.2815189361572,17.1262154079158,0.169747462528636,1.11051772671331,178.981185913086,-58.6323559124431,-120.292518178528,-178.981185913086,4.25146865844727,16.3876209259033,6,15.5030002593994,29.6700000762939,991.283013751056
8.175,-0.0497171590858553,-0.0453531941983034,0.469,0.164879144680432,0.0585116236535293,-9.65981181976044,-0.0116716885818055,-0.00851936381379031,0.000904076997884485,-0.0395568124949932,-0.00171944871544838,-2.64543128013611,0.00202954816631973,-0.00680441875010729,0.00493266899138689,13.2906592261415,9.39963862501423,0.238968317419559,-7.21248034935753,-14.5952027224995,-0.110088611058455,7.53483992511062,-6.31134730697574,-2.81,0.157066540383205,0.0092605260627835,16.2787227630615,17.128783883603,0.169747206050144,1.11051766942877,178.98616027832,-58.9982236652287,-121.021107977631,-178.98616027832,4.25155544281006,16.3776760101318,6.09999990463257,15.4989995956421,29.6700000762939,991.281966585726
8.2,-0.0503571275659185,-0.0421769224779291,0.469,0.172909206015643,0.0384314748804288,-9.50584150390777,-0.00844015610011089,-0.00864614204681661,0.00126572274830506,-0.0424453729903238,-0.00201776155232229,-2.64563526302821,0.0323231569213107,-0.0245582798734719,0.00439068473777885,13.2920747986787,9.3934417814199,0.238449044063738,-7.21993754597762,-14.5886095810944,-0.133533605485153,7.5348077336892,-6.31136324527899,-2.81,0.155398712103795,0.0085355617231802,16.2759265899658,17.128303696881,0.169746949571652,1.11051761214424,178.991134643555,-59.3640914165961,-121.749697776813,-178.991134643555,4.25164175033569,16.3677291870117,6.09999990463257,15.4989995956421,29.6700000762939,991.280919420397
8.225,-0.0503596456807859,-0.0405949564399962,0.469,0.152759975191588,0.0788907077997314,-9.5002621669752,-0.00589218359521933,-0.000302586300282708,0.00107371602109171,-0.0426453409710268,-0.00214863502386693,-2.64553374675695,-0.0246690235044935,-0.00543605787017119,0.00134326277808862,13.2889118044918,9.39693659621311,0.254152919236168,-7.2136990499457,-14.5914624784033,-0.118138923853504,7.53479533010129,-6.31136987250617,-2.81,0.156203562049498,0.00869198821091335,16.2759265899658,17.1267082679008,0.16974669309316,1.1105175548597,178.99609375,-59.7299591693817,-122.478287576073,-178.99609375,4.25172853469849,16.3577842712402,6.09999990463257,15.4989995956421,29.6700000762939,991.279872255068
8.25,-0.0500451726660075,-0.0399539519435565,0.469,0.140541701613892,0.0128752441521135,-9.60823895581615,0.00611612885518242,0.00834014484852891,0.00252986430500925,-0.0430546216666698,-0.0022648312151432,-2.64560461044312,0.0188757907599211,-0.00531577132642269,0.0041115409694612,13.2911570240725,9.39666278715851,0.256435971646231,-7.2168351573102,-14.5918202538344,-0.118143868544473,7.53478292651338,-6.31137649973336,-2.81,0.156064089035996,0.00863305138239634,16.2759265899658,17.1295672533861,0.169746436614668,1.11051749776385,178.998916625977,-60.0946218231612,-123.206877375176,-178.998916625977,4.25215530395508,16.3516216278076,6.09999990463257,15.4989995956421,29.6700000762939,991.27868322424
8.275,-0.049723759347526,-0.0412066836718385,0.469,0.182410838994758,0.0701525764954352,-9.6359168496029,0.0069325959736895,0.00460512300169215,0.00384756663251409,-0.0412372598616859,-0.00215597060417499,-2.64525928286174,-0.033588667017399,0.00755555265829208,0.00347535457640712,13.2884587857561,9.38423802521643,0.277374155351483,-7.21471846350903,-14.5830469984729,-0.0810824848337612,7.53476930557154,-6.31138370709276,-2.81,0.158316982667729,0.008090033601109,16.2754688262939,17.1293547415191,0.169746180136176,1.11051744134726,178.993957519531,-60.4549461239222,-123.935467174279,-178.993957519531,4.25380420684814,16.3590812683105,6.53000020980835,15.4449996948242,29.6700000762939,991.276983477618
8.3,-0.049723596159709,-0.0415425937963869,0.469,0.199739798323704,0.113539768200613,-9.72523281495199,0.0271129039006942,0.00158908296176027,0.00469248079188125,-0.0420288469955264,-0.00223079111864176,-2.64536043364888,0.00416386406638018,-0.00496100669650157,0.00245278887664691,13.2871588988077,9.38575643653899,0.257967607289416,-7.21481713797364,-14.5822677489795,-0.106975405025844,7.53469172848659,-6.31142139286778,-2.81,0.156763269957179,0.00809123948256838,16.2750110626221,17.1248723559982,0.169745923657683,1.11051738493067,178.988967895508,-60.8152704246833,-124.66405697354,-178.988967895508,4.25545310974121,16.3665390014648,6.53000020980835,15.4449996948242,29.6700000762939,991.275283730997
8.325,-0.0503611689992134,-0.0396379556103506,0.469,0.190060691516347,0.0584370051971349,-9.9646027826396,0.0418990640117517,0.0127859033476269,0.00420561291595531,-0.0405048928638755,-0.00220357349717553,-2.64522276795685,0.0551507885581396,-0.000423851097370941,0.00623877714397137,13.289307624838,9.38371469982591,0.271246122622126,-7.2152643649066,-14.5831061601873,-0.0796745854128268,7.53461415140164,-6.31145907864279,-2.81,0.158339471504636,0.00815610462601581,16.2750110626221,17.1299077217893,0.169745667179191,1.11051732851408,178.984008789062,-61.1755947268625,-125.392646772722,-178.984008789062,4.25710248947144,16.3739986419678,6.53000020980835,15.4449996948242,29.6700000762939,991.273583984375
8.35,-0.0503571403333559,-0.0421689015362492,0.469,0.205399633810641,0.10224439532983,-10.0177975949462,0.0229129227353183,0.0168820301927835,0.0044378169781441,-0.0388590395450592,-0.00216303206980228,-2.64506864547729,0.0984166041016579,0.00634246179834008,0.010154202580452,13.290189681811,9.3816886685799,0.277925989872254,-7.21450858204479,-14.5832084219009,-0.0580082022075846,7.53453657431669,-6.31149676441781,-2.81,0.159615349614445,0.00823801917001562,16.2750110626221,17.1326882194257,0.169745460881274,1.11051728313552,178.979995727539,-61.4654207946193,-125.97868639378,-178.979995727539,4.25842905044556,16.3799991607666,6.53000020980835,15.4449996948242,29.6700000762939,991.272665157834
8.375,-0.0498798147689782,-0.042332698488157,0.469,0.222985898371056,0.0587262294866123,-9.97731261571202,0.0262613729120008,0.0064632023756561,0.000500443579556667,-0.0396391807318879,-0.00179496599241638,-2.64510121658197,0.0188296380320931,0.00816958362817278,0.00241906032845598,13.2845714553999,9.38117273389576,0.244635278003956,-7.21099575371415,-14.5786460276477,-0.103475970780291,7.53445487843434,-6.31153574152756,-2.81,0.157416610648948,0.00810673428671012,16.2765846252441,17.1201255587903,0.169745460881274,1.11051728313552,178.979995727539,-61.4654207946193,-125.97868639378,-178.979995727539,4.25842905044556,16.3799991607666,6.53000020980835,15.4449996948242,29.6700000762939,991.274956780511
8.4,-0.0497162033787894,-0.0466219570740179,0.469,0.246100395821681,0.0498606691169081,-9.80546956652715,0.00946641765037627,-0.00454848691569394,-0.000218103179510177,-0.0377110449861566,-0.00216714914230773,-2.64505990021847,0.0520099370156902,-0.0129052836637045,0.00365808132302606,13.2840075223102,9.38167768692862,0.228243628348503,-7.20987279010092,-14.578792261116,-0.0968389687864922,7.53437135682941,-6.31157529104201,-2.81,0.157420688653858,0.00840645376003205,16.2781581878662,17.1201885116918,0.169745460881274,1.11051728313552,178.979995727539,-61.4654207946193,-125.97868639378,-178.979995727539,4.25842905044556,16.3799991607666,6.44999980926514,15.4490003585815,29.6700000762939,991.277248403188
8.425,-0.0503520790117571,-0.0453485971807729,0.469,0.16653004641142,0.0598713736883309,-9.63868998950182,0.00124802331363235,-0.00435268290028332,-0.000774805036333938,-0.0385012272217491,-0.00215279722298033,-2.64508624865037,-0.00630631854432971,-0.0121853362575342,-0.00177409780328284,13.2892022537992,9.3787726520855,0.231431696528064,-7.21620398840667,-14.5785460596808,-0.101135629308828,7.53428783522448,-6.31161484055645,-2.81,0.15713817021593,0.00812716329609555,16.2781581878662,17.1247512974508,0.169745460881274,1.11051728313552,178.979995727539,-61.4654207946193,-125.97868639378,-178.979995727539,4.25842905044556,16.3799991607666,6.44999980926514,15.4490003585815,29.6700000762939,991.279540025866
8.45,-0.0503551052017931,-0.0434474409137168,0.469,0.133629408429668,0.0804838048545156,-9.43829450987044,0.00056943518798636,0.00240643257602723,-0.00337919713286752,-0.0387567553895438,-0.00221781796258855,-2.64514158225537,-0.0338246517755146,-0.00650592743440777,-0.0039274709656873,13.2898154755293,9.38481457137632,0.23079912373691,-7.21471393105686,-14.5837029548003,-0.103533412066698,7.53420431361954,-6.3116543900709,-2.81,0.156941291214057,0.00845562266580459,16.2781581878662,17.1254879707701,0.169745416276319,1.11051727332394,178.979995727539,-61.5280858904655,-126.105397663179,-178.979995727539,4.25811195373535,16.3791351318359,6.44999980926514,15.4490003585815,29.6700000762939,991.280738954286
8.475,-0.0503535935445903,-0.0443971157624461,0.469,0.127318057086071,-0.0978208239597211,-9.2384440611655,-0.0444550624189394,0.0227755257636507,-0.0044906294272477,-0.0388948167515887,-0.00201931362475118,-2.64518529053311,-0.0609335301983136,0.016032798839057,-0.0027393152199697,13.2884225909224,9.40178012649351,0.216664974673072,-7.20633332309461,-14.5971367859422,-0.122253433746165,7.53412079201461,-6.31169393958535,-2.81,0.156109088525398,0.00943657157897078,16.2615280151367,17.1217269071871,0.169745159797826,1.11051721690735,178.979995727539,-61.8884101912265,-126.833987462282,-178.979995727539,4.2562894821167,16.3741607666016,6.44999980926514,15.4490003585815,29.6700000762939,991.276747584987
8.5,-0.049110997715201,-0.0422271466434453,0.469,0.0161935079236664,-0.204702455383238,-9.11631220929802,-0.159212166933952,0.0927707051098103,-0.00547197427727907,-0.0401144174423504,-0.000303055986245989,-2.64515946566801,-0.112764687741022,0.0813115586111427,0.00262235385543179,13.3018136040426,9.42626141881162,0.196560896971722,-7.2063609375994,-14.6242301754743,-0.177593610458812,7.53406721426765,-6.3117195261966,-2.81,0.154582164150104,0.0106700553888764,16.2448978424072,17.1262260522979,0.169744903319334,1.11051716049076,178.979995727539,-62.2487344934057,-127.562577261464,-178.979995727539,4.25446701049805,16.3691902160645,6.28000020980835,15.4130001068115,29.6700000762939,991.272756215688
8.525,-0.0465476411642336,-0.0421836762766817,0.469,-0.122006489714091,-0.220006808410846,-9.46109658517781,-0.29991867185867,0.237381363571086,-0.00338837642580957,-0.0480913581663938,0.00773469305235964,-2.64516801742748,-0.191107752906997,0.235039639632557,0.0101708490907707,13.3384503364374,9.45192107351352,0.183634747900577,-7.22538055463693,-14.6608561416964,-0.374117777348963,7.53411025833033,-6.31170005779272,-2.81,0.151123559555617,0.010965856504694,16.2448978424072,17.1313892774077,0.169744646840842,1.11051710407417,178.979995727539,-62.6090587941668,-128.291167060646,-178.979995727539,4.25264406204224,16.3642158508301,6.28000020980835,15.4130001068115,29.6700000762939,991.268764846389
8.55,-0.0465476411642336,-0.0421836762766817,0.469,0.0243157868642359,-0.083325309001111,-10.2869451502196,-0.392250309027683,0.426721093987775,0.00158531104385787,-0.0572314417629979,0.0169212016839468,-2.64515194681084,-0.290661771859547,0.404213759374332,0.0169048962247748,13.3875482283849,9.46324330183555,0.18603385758258,-7.25945246546374,-14.6893024722267,-0.58204186648328,7.53415330239301,-6.31168058938884,-2.81,0.148068687389152,0.0102488732774115,16.2448978424072,17.1464024644026,0.169744429391686,1.11051705624272,178.979995727539,-62.9145511362397,-128.908884498995,-178.979995727539,4.2510986328125,16.3600006103516,6.28000020980835,15.4130001068115,29.6700000762939,991.265459380279
8.575,-0.0290707977186061,-0.0218629781135642,0.469,0.26624539919696,-0.0718526403973279,-11.4899944735824,-0.464082279160122,0.557363300208986,0.00670059896452328,-0.0627084523439407,0.0224260315299034,-2.64514231681824,-0.350317507982254,0.505587935447693,0.020940138027072,13.4048758251038,9.44203398827656,0.512097105500939,-7.27831357814272,-14.6964550553413,-0.381189496498035,7.53419634645568,-6.31166112098495,-2.81,0.165012189035789,0.00817509053209019,16.2091407775879,17.1934388663195,0.169744429391686,1.11051705624272,178.979995727539,-62.9145511362397,-128.908884498995,-178.979995727539,4.2510986328125,16.3600006103516,6.28000020980835,15.4130001068115,29.6700000762939,991.265975374789
8.6,-0.0130243478954078,0.000212722407442515,0.469,0.52076378094074,0.044679003104892,-12.900322051219,-0.504698914559553,0.610204224905308,0.0167746352879151,-0.0746867368447703,0.0341391071606841,-2.64529692002453,-0.489963499182029,0.582969981627144,0.0200664823064012,13.4053697646529,9.43218231511705,0.710250062791469,-7.27725931132835,-14.6973010642609,-0.453095184847804,7.53432982836031,-6.31159846512906,-2.81,0.172665999373467,0.00588557593858971,16.1733837127686,17.1830783398004,0.169744429391686,1.11051705624272,178.979995727539,-62.9145511362397,-128.908884498995,-178.979995727539,4.2510986328125,16.3600006103516,6.28999996185303,15.4619998931885,29.6700000762939,991.266491369299
8.625,-0.00394014621068717,0.00932676657869991,0.469,0.72869139895341,0.0796031276620321,-14.2215413671308,-0.510649109470229,0.609991053756835,0.0293158788235663,-0.0897890460525695,0.0551840216042085,-2.64491733878911,-0.541613804328671,0.630877538388708,0.0402297814513027,13.3794882641651,9.41796248770259,0.971879132293923,-7.23979179519506,-14.6922040329799,-0.614677227501003,7.53448692403561,-6.31152453281447,-2.81,0.184705353502965,0.00269577355502512,16.1733837127686,17.1270120754747,0.169744429391686,1.11051705624272,178.979995727539,-62.9145511362397,-128.908884498995,-178.979995727539,4.2510986328125,16.3600006103516,6.28999996185303,15.4619998931885,29.6700000762939,991.267007363809
8.65,-0.00345634629082568,0.0098105664985614,0.469,0.969370257371772,0.101905330859637,-15.4672326390135,-0.494255514643438,0.60532436411301,0.0432315397198881,-0.099599751020174,0.0662741813449815,-2.64484817145185,-0.539970457873938,0.624152492553681,0.0467614883108983,13.373091819975,9.40243897700917,1.04364062536459,-7.22888904371789,-14.678751515156,-0.782333973885066,7.53464401971092,-6.31145060049989,-2.81,0.186152473705714,0.000334996265368578,16.1733837127686,17.0904962661949,0.169744396220996,1.11051704882743,178.97966003418,-62.9619114878971,-129.003113945544,-178.97966003418,4.25105857849121,16.3548107147217,6.28999996185303,15.4619998931885,29.6696758270264,991.265963497677
8.675,0.00884030053020459,0.0278048778037089,0.469,1.19181205558247,0.246640960714728,-16.4696990492837,-0.44010954794385,0.577152899236091,0.0600706540925612,-0.108318711538195,0.0791624735951676,-2.64453834781278,-0.486798999199077,0.618027496631276,0.0593590954489439,13.3453824270993,9.34065352651068,1.2816980678823,-7.21816339411459,-14.6376565205782,-0.791782272154375,7.53483923358132,-6.31135978339436,-2.81,0.198391568361817,-0.00469087292241323,16.1169004440308,17.0602317301211,0.169744141912372,1.11051699197686,178.977188110352,-63.3250075139613,-129.725539702475,-178.977188110352,4.25075531005859,16.3150272369385,6.28999996185303,15.4619998931885,29.6671886444092,991.2545205606
8.7,0.0281670765603905,0.0477983910508884,0.469,1.36813409272476,0.240969170888437,-17.0452488169884,-0.371855056210495,0.499304561035852,0.0747070124443722,-0.120192283750673,0.0945066238508468,-2.64373615916771,-0.36626724771117,0.569776766386199,0.078960127076648,13.3172206514892,9.23916777372206,1.54633606097903,-7.21502618384752,-14.5723781434957,-0.83122479166734,7.53505952845047,-6.31125785643908,-2.81,0.21103165683842,-0.0126044203404444,16.060417175293,17.0213597647917,0.169743887603749,1.1105169351263,178.974700927734,-63.6881035414437,-130.447965459326,-178.974700927734,4.25045108795166,16.2752437591553,6.23999977111816,15.4479999542236,29.6647033691406,991.243077623522
8.725,0.03452677749038,0.0585703397634157,0.469,1.44555342611609,0.325487054437437,-17.143047987287,-0.300347995492734,0.36689424609052,0.0866785949299153,-0.130126128051465,0.10972456778373,-2.64240797017194,-0.350367011820916,0.450733947323514,0.0911073039123749,13.2653088403183,9.15482773113844,1.69599624801844,-7.17320967290462,-14.5008829903339,-0.961846234247378,7.53527982331962,-6.31115592948381,-2.81,0.218395321510696,-0.0194612137340565,16.060417175293,16.9359666075965,0.169743633295126,1.11051687827574,178.972229003906,-64.0511995675079,-131.170391216257,-178.972229003906,4.25014734268188,16.2354602813721,6.23999977111816,15.4479999542236,29.6622161865234,991.231634686444
8.75,0.0364593668635406,0.062444776655549,0.469,1.42007934985752,0.399873659154385,-16.9009981246091,-0.216876735536273,0.234255604177277,0.0916443902826411,-0.134766844006939,0.116405884110549,-2.64081313188693,-0.267638979726356,0.323418811488728,0.0962382170322458,13.230235039034,9.10420875087697,1.72618269048196,-7.13404580794537,-14.4534722336115,-1.0526032732724,7.53550011818876,-6.31105400252853,-2.81,0.219608918280372,-0.0235729047318243,16.060417175293,16.8695878901633,0.169743406628744,1.11051682760459,178.970001220703,-64.374828634094,-131.814292434331,-178.970001220703,4.24987649917603,16.2000007629395,6.23999977111816,15.4479999542236,29.660270690918,991.221425649282
8.775,0.0378775414739931,0.0695902619020868,0.469,1.30865432728418,0.473413101039036,-16.2311237438386,-0.131209517563326,0.123500463779247,0.0929551544982267,-0.142149928161427,0.123246863183989,-2.6379135279353,-0.172423969609403,0.132181569526595,0.0959961489983801,13.210478451512,9.02862192651856,1.71399820846559,-7.09618730713788,-14.3927608697828,-1.20958873827564,7.53572041305791,-6.31095207557325,-2.81,0.216695077140272,-0.0297956547020736,15.9755053520203,16.79195262991,0.169743406628744,1.11051682760459,178.970001220703,-64.374828634094,-131.814292434331,-178.970001220703,4.24987649917603,16.2000007629395,6.01999998092651,15.4799995422363,29.6627578735352,991.221334591427
8.8,0.0383467697433306,0.0719647343423212,0.469,1.09533666907618,0.510756389440148,-15.2021546499242,-0.0392328736994674,0.0372961525269415,0.0897280599348773,-0.143694834826482,0.12446931441637,-2.63579171647395,-0.0267261316771298,0.0275002070443897,0.0934825772603133,13.1946412692692,8.96502695469939,1.66102707867782,-7.07820136148805,-14.3348518134944,-1.28076791444587,7.5360089712093,-6.31082026647735,-2.81,0.213266357032597,-0.0343182177291894,15.8905935287476,16.7421258114772,0.169743406628744,1.11051682760459,178.970001220703,-64.374828634094,-131.814292434331,-178.970001220703,4.24987649917603,16.2000007629395,6.01999998092651,15.4799995422363,29.6652431488037,991.221243533573
8.825,0.0350197429566815,0.06959020573099,0.468911910048717,0.938234364503445,0.549008134549658,-14.0901738151894,0.0578884984629027,-0.0519674728639864,0.0852905977581617,-0.143174834403674,0.12428963089793,-2.63495616938494,0.0225886908884772,-0.0079835654977714,0.091364410595152,13.1809564784382,8.84269275951057,1.51950145807552,-7.11041490867719,-14.2034978868975,-1.39368619496524,7.53630661040966,-6.31068448216705,-2.81,0.205414197537978,-0.0418453529090284,15.8905935287476,16.6981705433232,0.169743406628744,1.11051682760459,178.970001220703,-64.374828634094,-131.814292434331,-178.970001220703,4.24987649917603,16.2000007629395,6.01999998092651,15.4799995422363,29.6677284240723,991.221152475718
8.85,0.030742107009781,0.0643586150033624,0.467845644700369,0.722240698262739,0.534385371715411,-12.9421736906561,0.135541146208902,-0.120676180705646,0.0727344708107417,-0.136467822853476,0.120014436439019,-2.63119802709198,0.184234192463408,-0.140459716869141,0.0731206493796352,13.1721485866289,8.80320479856039,1.44702374925421,-7.07861454877502,-14.1840003037085,-1.34281134147666,7.53660424961002,-6.31054869785676,-2.81,0.204137055355337,-0.0441694675609482,15.8905935287476,16.6657884084149,0.169743384703635,1.11051682266106,178.973236083984,-64.4064022013929,-131.876576061684,-178.973236083984,4.24983501434326,16.196325302124,6.01999998092651,15.4799995422363,29.6700000762939,991.221304238809
8.875,0.0269553549557644,0.0596217776447834,0.466550757394495,0.561143692983862,0.485531142885706,-11.8126431261756,0.186832168374425,-0.153785026417749,0.0586574499892159,-0.132854827591912,0.116375726969287,-2.62943262040335,0.161721925565562,-0.167907914216092,0.055418351731023,13.1707331939139,8.75362225796779,1.21602843456471,-7.07679877505955,-14.1170106590601,-1.48383617809464,7.53690188881038,-6.31041291354646,-2.81,0.191788702492624,-0.0471142433663701,15.8272128105164,16.6211289007691,0.16974313256488,1.1105167658105,179.010543823242,-64.7694982288753,-132.592837776284,-179.010543823242,4.2493577003479,16.1540546417236,6.01999998092651,15.4799995422363,29.6700000762939,991.224005621833
8.9,0.0237812951770537,0.0497667049690621,0.465255839246439,0.36503559882301,0.510417101201005,-10.8538708376433,0.215154543222024,-0.142033634538927,0.0406326160117808,-0.124680387587057,0.111755377614307,-2.62786430513672,0.271357369560618,-0.158017767437006,0.0411862975555628,13.1665793198679,8.73832287268304,1.02484101545784,-7.06515325357085,-14.0885197788068,-1.53773101234294,7.53711763961828,-6.31031733014913,-2.81,0.184134558971508,-0.047342032720026,15.7638320922852,16.5935353962721,0.169742880426126,1.11051670895993,179.047836303711,-65.1325942549396,-133.309099490806,-179.047836303711,4.24888038635254,16.1117839813232,6.21000003814697,15.451000213623,29.6700000762939,991.226707004856
8.925,0.02378229849227,0.0491363879735977,0.463960930408496,0.295969965610655,0.445507900599057,-10.2164860307515,0.227931742508103,-0.109618063232359,0.0253250910164912,-0.123255419694778,0.110297304974536,-2.62753529296743,0.251636085382478,-0.140965446481906,0.0293167145199726,13.171594852579,8.71485725711539,0.97530294712108,-7.07796571232451,-14.0670619558952,-1.55275017797767,7.53733177461552,-6.31022253999076,-2.81,0.181629899244432,-0.0486168856363487,15.7638320922852,16.5938589686323,0.169742628287371,1.11051665210937,179.08512878418,-65.495690282422,-134.025361205407,-179.08512878418,4.24840307235718,16.0695133209229,6.21000003814697,15.451000213623,29.6700000762939,991.22940838788
8.95,0.0237853377086671,0.0472270481001513,0.462666021521643,0.20660943404328,0.448110770201848,-9.54560874169644,0.219878818299655,-0.0709973250223758,0.00457285819218919,-0.117693826640752,0.108188944752113,-2.62718543427318,0.252487114264646,-0.10313399737845,0.0132900193411098,13.1756950853475,8.70477415994499,0.916131139276417,-7.08671793496315,-14.0582882599709,-1.53436975070621,7.53754590961277,-6.31012774983239,-2.81,0.180757208069026,-0.048548448291312,15.7638320922852,16.5991059042213,0.169742392592449,1.11051659896645,179.119995117188,-65.8351061333666,-134.694910199473,-179.119995117188,4.2479567527771,16.0300006866455,6.21000003814697,15.451000213623,29.6700000762939,991.231734652133
8.975,0.0233247503593042,0.0372209736469685,0.461371106455576,0.0934095675579524,0.393886155976376,-9.3240982041916,0.209307748467762,-0.0230253802056154,-0.0122845700744353,-0.109406981739033,0.106409077990518,-2.62712438132234,0.248639791964595,-0.0432675216542962,-0.00551835739468918,13.1751044030563,8.7041472538793,0.846544630977983,-7.09175994776977,-14.0533365028618,-1.50760314453995,7.53776004461001,-6.31003295967402,-2.81,0.180916240817406,-0.0474990472746429,15.6951150894165,16.6035490946513,0.169742392592449,1.11051659896645,179.119995117188,-65.8351061333666,-134.694910199473,-179.119995117188,4.2479567527771,16.0300006866455,5.61999988555908,15.4729995727539,29.6700000762939,991.228684213999
9,0.0231801771713662,0.0338829306329727,0.460076185257165,0.0784453491031829,0.353067819067239,-9.35673064854847,0.181712430194532,0.0381234108925268,-0.0283145072335862,-0.106583747280506,0.106697463595211,-2.62757716353562,0.180833119881318,0.00339430446062916,-0.019290994958711,13.1774202945069,8.70101859864387,0.778777587179369,-7.10076021111911,-14.0400750036951,-1.55374486873709,7.53797417960725,-6.30993816951565,-2.81,0.178513727960424,-0.0472422753048528,15.6263980865479,16.6019799118116,0.169742392592449,1.11051659896645,179.119995117188,-65.8351061333666,-134.694910199473,-179.119995117188,4.2479567527771,16.0300006866455,5.61999988555908,15.4729995727539,29.6700000762939,991.225633775866
9.025,0.0266741865424285,0.0291245132426058,0.458781273299548,0.0640120470046239,0.346975669692704,-9.5716453734949,0.147601248120542,0.109901108226858,-0.0437743055060804,-0.103630789520786,0.107939073584675,-2.62837472702533,0.116081573538473,0.0572065368310405,-0.0336705328709923,13.177149431925,8.70417774441338,0.712129273344377,-7.10784208834311,-14.0282506705694,-1.61054941880832,7.53813501408605,-6.30986944101527,-2.81,0.176479639463355,-0.0465375893345777,15.6263980865479,16.5986968098804,0.169742392592449,1.11051659896645,179.119995117188,-65.8351061333666,-134.694910199473,-179.119995117188,4.2479567527771,16.0300006866455,5.61999988555908,15.4729995727539,29.6700000762939,991.222583337732
9.05,0.0276251419991344,0.0281735577858999,0.45748636134193,0.120034484676958,0.301258006115219,-9.95215784755631,0.108503651539485,0.167359485866737,-0.0568014166327918,-0.100210342395437,0.112615858741917,-2.63041479343257,0.0623399134780526,0.136786991669095,-0.0502371833235769,13.1543062706592,8.72540108941372,0.658083081264414,-7.09942149622679,-14.0116611421731,-1.69500366699348,7.53829571300962,-6.30980077879556,-2.81,0.176429168998632,-0.0445334498154921,15.6263980865479,16.5778356541848,0.16974238179971,1.11051659653243,179.122909545898,-65.8506518976403,-134.725569609853,-179.122909545898,4.24791526794434,16.0269737243652,5.61999988555908,15.4729995727539,29.6700000762939,991.219456358214
