0,-0.0281442245607604,-0.0364987566758301,0.467769133217619,0.992264807777432,0.222876246241377,-9.88470329815902,-0.430497451474233,-0.00396771651464377,0.0801877185790929,0.108333237469196,-0.0363644883036613,-2.52111339569092,-0.361834228038788,-0.018764927983284,0.0853637382388115,15.6357232643345,8.90674356718924,-1.07650128841005,-7.5000631036991,-16.3859997371887,0.461350244227462,7.04545632246861,-5.96124382756263,-2.81,0.143463638239279,0.0168999778240124,17.9935169219971,18.1920148299388,0.169853814411896,1.1105382899184,174.75,0,0,-174.75,4.23800849914551,17.7600002288818,6.40999984741211,16.0289993286133,35.3600006103516,991.211486816406
0.025,-0.0264255886614262,-0.0172771250601104,0.467769133217619,-0.0621099093712484,0.0128810506505,-9.68929056921642,-0.371196205211929,-0.000878991642258122,0.0874991256482324,0.0929441163048613,-0.0357341719963103,-2.51765972732668,-0.444934183928492,0.0239768480627224,0.0890229126136982,15.6671617914339,8.91886439739223,-0.888777952123201,-7.47242143609466,-16.422738704832,0.502591584113746,7.04643423372947,-5.96080415399788,-2.81,0.146632436713628,0.0140815240657523,17.9935169219971,18.1995194307504,0.169853532250334,1.11053822736165,174.724945068359,-0.399540626082442,-0.801530454247827,-174.724945068359,4.24303913116455,17.7875709533691,6.3600001335144,16.0090007781982,35.3600006103516,991.219487784137
0.05,-0.0250131106894666,-0.0092024984995554,0.467769133217619,-0.204533944244397,-0.118656090532556,-9.56208113504397,-0.325511591415331,-0.00553268608333785,0.0971380078072113,0.084438389591317,-0.0363710607956981,-2.51527945192455,-0.348018420093484,0.00757562850548915,0.0974728902895988,15.6771037758733,8.93009928156905,-0.822557279016916,-7.43855815172423,-16.4501995098734,0.503631972994237,7.04741214499033,-5.96036448043313,-2.81,0.146273207931813,0.0127595252173565,17.9938705059909,18.1895610511804,0.169853250088771,1.1105381648049,174.699859619141,-0.799081249328553,-1.60306090841681,-174.699859619141,4.24807024002075,17.8151435852051,6.3600001335144,16.0090007781982,35.3600006103516,991.227488751867
0.075,-0.0264568579671494,-0.00584393084957866,0.467769133217619,-0.220124169813272,0.0857867578859029,-9.79113569850009,-0.261691872556746,0.033652218072853,0.106777788509234,0.0801297219457932,-0.0366616169292893,-2.51316008350305,-0.209975590886475,0.016159458767172,0.105554193736053,15.716797987673,8.89980352362835,-0.698706202286661,-7.45700294769032,-16.4546377860573,0.591975058104118,7.04839005625119,-5.95992480686838,-2.81,0.150800698673686,0.00998810465052117,18.0168534655904,18.2241285391185,0.169852967927209,1.11053810224815,174.6748046875,-1.19862187399283,-2.40459136266464,-174.6748046875,4.25310087203979,17.8427143096924,6.3600001335144,16.0090007781982,35.3600006103516,991.235489719598
0.1,-0.0281947562059288,-0.00475304581444463,0.467769133217619,-0.163016977966168,0.149851355615292,-9.75817436705093,-0.18760973623703,0.0663858809351636,0.106459518363612,0.0750286546828908,-0.0352409392015573,-2.51184011874729,-0.261792102075906,0.0493947617079359,0.105534187851742,15.7463726483539,8.84192358421578,-0.639141276731235,-7.49620165484712,-16.4318797769684,0.580218550793572,7.04941992482313,-5.9594522022046,-2.81,0.151702573174032,0.00569535757601708,18.0391292572021,18.2411739827728,0.169852688674528,1.11053804033631,174.649993896484,-1.59404352272111,-3.19785861629468,-174.649993896484,4.25808000564575,17.8700008392334,6.3600001335144,16.0090007781982,35.3599739074707,991.243384388374
0.125,-0.0275623332432847,-0.00348517024194629,0.467769133217619,-0.109169388542441,0.07398275360929,-9.58282205510947,-0.131970542338163,0.0501506665608748,0.103425214871777,0.068718919859017,-0.033588821980553,-2.50725979464675,-0.164217832558497,0.0445124262004455,0.104739601268478,15.7817658212272,8.81258299916871,-0.545903194361676,-7.47030920188993,-16.4581166222145,0.590457050642354,7.05047138536609,-5.95896591231882,-2.81,0.154153488877878,0.0023859086688849,18.0391292572021,18.2386496935929,0.169852688674528,1.11053804033631,174.649993896484,-1.59404352272111,-3.19785861629468,-174.649993896484,4.25808000564575,17.8700008392334,6.3600001335144,16.0090007781982,35.3574676513672,991.241074357538
0.15,-0.0250309409529663,0.00479678015326625,0.467769133217619,-0.224855954003183,0.104252550150472,-9.38821244587386,-0.0781537443563084,0.0201433060304459,0.100820898186199,0.0715913846907309,-0.0343135648859672,-2.50497768799943,-0.0651381112269183,0.0258969055978248,0.10237944369859,15.7860727092673,8.81866683360205,-0.469900082871668,-7.4327908366572,-16.4756905272876,0.703579718140467,7.05152284590906,-5.95847962243305,-2.81,0.159712198000542,0.00296473077348384,18.0404231492863,18.2414996781486,0.169852688674528,1.11053804033631,174.649993896484,-1.59404352272111,-3.19785861629468,-174.649993896484,4.25808000564575,17.8700008392334,5.98000001907349,16.0240001678467,35.3549613952637,991.238764326702
0.175,-0.0258318045469332,0.00203265649978388,0.467769133217619,-0.362616449311636,0.0108421301896066,-9.28026170383502,-0.00379186359779699,0.015741338774011,0.100251756846905,0.0684100213066343,-0.0341005196876603,-2.50369231766262,0.000702855290592065,-0.00796269203425571,0.101672714516282,15.7978756543141,8.77636888375601,-0.474200249013076,-7.44684430268265,-16.4597747433456,0.665369956505751,7.05243956371806,-5.95805309011149,-2.81,0.158019052479187,-9.67216922671751e-05,18.0684574777766,18.2371485341064,0.169852688674528,1.11053804033631,174.649993896484,-1.59404352272111,-3.19785861629468,-174.649993896484,4.25808000564575,17.8700008392334,5.98000001907349,16.0240001678467,35.3524551391602,991.236454295866
0.2,-0.0275729802164448,0.00349982837661229,0.467769133217619,-0.296589231631377,0.295691958355757,-9.45952157108996,0.0712986280048348,0.0448863149272554,0.100714661564211,0.0710636085212984,-0.0338084018947103,-2.50051182879816,0.152165120913519,0.00578108269833753,0.0951124906465428,15.824119495316,8.74867637470342,-0.413627938197108,-7.43272966320648,-16.4716456764601,0.743372480951074,7.05321460252064,-5.95768939154784,-2.81,0.162688553784663,-0.00149508565616359,18.0947666168213,18.2486249898226,0.169852682784606,1.11053803907354,174.649322509766,-1.60210864840483,-3.21458999604656,-174.649322509766,4.25814151763916,17.8706207275391,5.98000001907349,16.0240001678467,35.3499984741211,991.23430103233
0.225,-0.0274078825736404,0.00139681373312051,0.467769133217619,-0.152085348975508,0.295997292850549,-10.004230150319,0.2081602184204,0.0518533972869312,0.0928613948943112,0.0763478943193485,-0.0339013823423086,-2.49846711671951,0.248200218916411,0.00269313281400723,0.0896831597813356,15.8431298037079,8.70650365920373,-0.365472086490061,-7.43986716999412,-16.4587418561932,0.83649913024899,7.05398964132322,-5.95732569298419,-2.81,0.167817014956418,-0.00306108017840743,18.0947666168213,18.2660500001173,0.169852397123365,1.11053797782917,174.616744995117,-1.99326730220991,-4.02606191322411,-174.616744995117,4.26111602783203,17.9006977081299,5.98000001907349,16.0240001678467,35.3499984741211,991.239594215571
0.25,-0.0269249277714733,-0.00475506708025132,0.467769133217619,-0.0974274178819414,0.248100571619891,-10.2071226972176,0.245796292421743,0.0183257081180788,0.0849862128723275,0.08186558113629,-0.0341271580465645,-2.49698969907506,0.317275992992297,-0.010864696887441,0.0852378870264299,15.8501371918748,8.6880936115628,-0.355727979433812,-7.43203226088208,-16.4559255951224,0.896532922366199,7.0547646801258,-5.95696199442053,-2.81,0.171003910016243,-0.00320510244289407,18.097383602645,18.2711222590032,0.169852111462125,1.1105379165848,174.584167480469,-2.38442595601498,-4.83753383040166,-174.584167480469,4.2640905380249,17.9307746887207,5.73999977111816,16.0380001068115,35.3499984741211,991.244887398811
0.275,-0.0273856613508744,-0.01575387853119,0.467769133217619,-0.0811086172369343,0.324315532360508,-9.95836689580815,0.308832713757159,-0.0129509873257324,0.0729214550318272,0.0851668477753077,-0.033812400268995,-2.49572186660807,0.269157091097447,-0.0161980599049717,0.0759791236944855,15.8683068902392,8.65586205162485,-0.414527673008353,-7.44382553166112,-16.4544706921873,0.859534935531749,7.05546221202368,-5.95663815655114,-2.81,0.169395631585032,-0.00448605249726144,18.1314044183539,18.2729121834348,0.169851825800884,1.11053785534043,174.551574707031,-2.77558460840189,-5.64900574757921,-174.551574707031,4.26706552505493,17.9608535766602,5.73999977111816,16.0380001068115,35.3499984741211,991.250180582051
0.3,-0.0287954255850491,-0.0283258326679155,0.467769133217619,-0.113627455758541,-0.00872641838188026,-9.74144413490452,0.334721648733853,-0.0100569242642245,0.063457662519041,0.0972567276894737,-0.0351337396248505,-2.49413106197051,0.374466838490011,-0.0141152150777037,0.0674449614561516,15.8805452914669,8.68426999830216,-0.509830010232482,-7.40623015138859,-16.4990197199246,0.893473012058754,7.05603250275581,-5.95637975699626,-2.81,0.169810869409841,-0.000780855183941791,18.1622848510742,18.276214345877,0.169851548974527,1.11053779599022,174.520004272461,-3.15464557084505,-6.43538059520779,-174.520004272461,4.26994800567627,17.9899997711182,5.73999977111816,16.0380001068115,35.3499984741211,991.255303434623
0.325,-0.0292404917700936,-0.0439542723864739,0.467769133217619,-0.160648046762061,-0.0338789335315023,-9.07779392068485,0.303466565267677,-0.0163508505811713,0.0578368318242725,0.109046129866046,-0.03577823648677,-2.49183625383413,0.246203701946339,-0.00733156679849587,0.0530886055243422,15.9047778967569,8.68586158081271,-0.624513756956654,-7.38174656699513,-16.538082989754,0.893195064641012,7.05660279348793,-5.95612135744137,-2.81,0.169080952038446,0.00139595546632095,18.1622848510742,18.279975326293,0.169851548974527,1.11053779599022,174.520004272461,-3.15464557084505,-6.43538059520779,-174.520004272461,4.26994800567627,17.9899997711182,5.73999977111816,16.0380001068115,35.3499984741211,991.255089259579
0.35,-0.0290799314393325,-0.048274380003961,0.467769133217619,-0.221691452285778,-0.278322179804289,-8.66425994281716,0.295963625410763,-0.0592414522083904,0.0520417235650661,0.113446306197189,-0.0376732527752954,-2.49113326767755,0.14464506124534,-0.041633205006981,0.0435547850941907,15.9036066330866,8.68403474701069,-0.694132755200768,-7.36599177533939,-16.5458503611553,0.892179747011422,7.05717308422005,-5.95586295788648,-2.81,0.167200806212632,0.00208425196825099,18.1651517882828,18.272428756096,0.169851548974527,1.11053779599022,174.520004272461,-3.15464557084505,-6.43538059520779,-174.520004272461,4.26994800567627,17.9899997711182,5.71000003814697,16.0620002746582,35.3499984741211,991.254875084534
0.375,-0.0303342524046635,-0.0606724498128317,0.467769133217619,-0.261158377841637,-0.485095550792457,-9.1095732829226,0.147842397940091,-0.0658033517444613,0.047784779361319,0.117220223058794,-0.0398231489844998,-2.49057581616907,0.119671639681217,-0.0649468938433336,0.0370885358739029,15.9136908184157,8.72979160438537,-0.821361105701266,-7.33017243253069,-16.6040566756169,0.83864474502324,7.05774337495217,-5.9556045583316,-2.81,0.161761266174875,0.00526811268806034,18.1917733480764,18.2678477728691,0.169851548974527,1.11053779599022,174.520004272461,-3.15464557084505,-6.43538059520779,-174.520004272461,4.26994800567627,17.9899997711182,5.71000003814697,16.0620002746582,35.3499984741211,991.25466090949
0.4,-0.0338136102721993,-0.0676145537956205,0.467769133217619,-0.252000039062762,-0.438999688610531,-9.56117075732765,0.0316603259771318,-0.0202904767588403,0.0402894428848188,0.116480815291803,-0.0404055208967226,-2.49017485922404,0.0470381203164983,-0.0392769093905214,0.0348157852464165,15.9365346729456,8.75694992033266,-0.892957598909125,-7.32217562189431,-16.6505452945539,0.774446976111465,7.05821496675621,-5.95537460095707,-2.81,0.157308407905172,0.00654318651476586,18.2151184082031,18.2765032151086,0.169851536996247,1.1105377935188,174.51887512207,-3.17043017692679,-6.46940704594679,-174.51887512207,4.27011394500732,17.9922733306885,5.71000003814697,16.0620002746582,35.3498954772949,991.25442843967
0.425,-0.0345942920790521,-0.0693212054851629,0.468142665136074,-0.175731052933908,-0.543561033926485,-9.96700574159182,-0.145642128125721,0.0223268809562784,0.0445683103959009,0.114629675587243,-0.040568419007236,-2.4892153331128,-0.131202752859062,0.0112667682174571,0.0423452643778052,15.9531688002589,8.82156192084594,-0.921363198839553,-7.27942161091872,-16.7222593437576,0.740623445248435,7.05862129103912,-5.95516345179701,-2.81,0.154844748653613,0.00958911751822008,18.2151184082031,18.2788608795791,0.169851246522948,1.11053773358681,174.491287231445,-3.55320685703633,-7.29454847471185,-174.491287231445,4.27413845062256,18.0474166870117,5.71000003814697,16.0620002746582,35.3473892211914,991.25377061632
0.45,-0.0331810917166405,-0.0631570687361668,0.468516198837058,-0.0320074050245023,-0.156810513910432,-10.0665702440087,-0.217548893637006,0.0198098617761313,0.0583478627772573,0.104134748755258,-0.0399787881997472,-2.48745784116334,-0.248837538758305,-0.000598027276592059,0.0579800580496136,15.96813638271,8.8277935248105,-0.924998162159288,-7.26097824931508,-16.7523379955029,0.635850769374113,7.05902761532203,-5.95495230263694,-2.81,0.149864681828857,0.00763165607213424,18.2189898380013,18.2625297614691,0.16985095604965,1.11053767365482,174.463714599609,-3.9359835399822,-8.11968990355575,-174.463714599609,4.27816295623779,18.1025581359863,5.78999996185303,16.056999206543,35.3448829650879,991.253112792969
0.475,-0.0331856613344637,-0.0602862782508977,0.468889732535264,-0.00501775737190382,-0.125767948183319,-10.2950887323307,-0.239244107498296,-0.00321489109955559,0.0658759501016057,0.0992306785599074,-0.0405018302492647,-2.48583998959585,-0.276705494431535,0.00373092728951581,0.0641015222677456,15.958565195449,8.84859652008727,-0.900230276560958,-7.21550666924653,-16.772811693311,0.62700034315899,7.05943393960494,-5.95474115347688,-2.81,0.149066900834907,0.00762527791920317,18.2469501643218,18.2378055409619,0.169850665576352,1.11053761372282,174.436157226562,-4.31876022292807,-8.94483133239964,-174.436157226562,4.28218793869019,18.1576995849609,5.78999996185303,16.056999206543,35.3423767089844,991.252454969618
0.5,-0.0329696326859239,0.202870977649339,0.469933380200054,-0.0102474776256686,0.0661991856326024,-10.0017587960038,-0.23834273764167,-0.0111344023609448,0.0724166426062309,0.0943266083645566,-0.0410248722987822,-2.48422213802835,-0.304573450104765,0.00805988185562368,0.0702229864858777,15.9530171672965,8.86367631482307,-0.870946138154222,-7.17677017200074,-16.7907428955621,0.62208089746479,7.05985502608092,-5.9545236029871,-2.81,0.148473610450251,0.00731545695407785,18.2706089019775,18.2176926331018,0.169850390075904,1.11053755688011,174.410003662109,-4.68180614720814,-9.72743969781979,-174.410003662109,4.2860050201416,18.2099990844727,5.78999996185303,16.056999206543,35.3400001525879,991.251973785479
0.525,-0.03297528865489,0.206424251144409,0.471257712093918,-0.0952511625525264,-0.114176692071995,-10.1500899363793,-0.233025414606379,0.00473886363278609,0.0776069702563321,0.0905023738741875,-0.0420321971178055,-2.48247146606445,-0.150085836648941,0.00875834561884403,0.0832163020968437,16.0004605085221,8.88513164463471,-0.819716687190158,-7.17357181023586,-16.8445185025168,0.659014549368861,7.0606140339218,-5.95415951965722,-2.81,0.149092709943764,0.00752997493606168,18.2706089019775,18.2550274545206,0.169850390075904,1.11053755688011,174.410003662109,-4.68180614720814,-9.72743969781979,-174.410003662109,4.2860050201416,18.2099990844727,6.40000009536743,15.9849996566772,35.3400001525879,991.254742762839
0.55,-0.0336314439787584,0.216840108483884,0.47258206932887,-0.131904962321386,0.138868278687153,-10.170807843995,-0.191486860582595,0.0354627535853804,0.0849940053025722,0.0872080768495578,-0.0411760893390252,-2.48172794723448,-0.191302478552637,0.0275734099305228,0.0836528571775805,16.0377442164896,8.83442624296033,-0.741231177810029,-7.22468731427329,-16.82652322898,0.691201483206997,7.06137304176268,-5.95379543632734,-2.81,0.151656190360255,0.00403113257224004,18.2753185301788,18.2911492797865,0.169850390075904,1.11053755688011,174.410003662109,-4.68180614720814,-9.72743969781979,-174.410003662109,4.2860050201416,18.2099990844727,6.40000009536743,15.9849996566772,35.3400001525879,991.257511740199
0.575,-0.0323429182577017,0.217798207584577,0.473906407566998,-0.251335342636335,0.52361877571853,-10.1074172132095,0.0775706348509435,0.0560134924802217,0.0900668899054212,0.0874281580944194,-0.0390750799534233,-2.4786158201231,0.0928028206586247,0.0478660266273748,0.0855748323530817,16.0441694513652,8.79230398855907,-0.652559245020846,-7.2063919334656,-16.8124866962748,0.74432705746911,7.06213204960356,-5.95343135299746,-2.81,0.157092813392205,0.00146247322383628,18.3031481513681,18.2795815169614,0.169850390075904,1.11053755688011,174.410003662109,-4.68180614720814,-9.72743969781979,-174.410003662109,4.2860050201416,18.2099990844727,6.40000009536743,15.9849996566772,35.3400001525879,991.260280717559
0.6,-0.0317206819444861,0.21801326691515,0.475230758439277,-0.323589440920052,0.706141086697122,-10.1518314472461,0.526673292034267,0.0679050388017204,0.0823147508093808,0.106001698796318,-0.038215002190229,-2.47599042529728,0.624253517380848,0.0603677353685287,0.0706088004537408,16.0696513999993,8.6942690820348,-0.56372648498661,-7.24378471007307,-16.754779413787,0.973009973048439,7.0628540769236,-5.9530796441389,-2.81,0.170793098283325,-0.000512175735587176,18.3258399963379,18.3212389251218,0.169850371946127,1.1105375532271,174.407684326172,-4.70513740608147,-9.7789405757477,-174.407684326172,4.28604555130005,18.2099990844727,6.40000009536743,15.9849996566772,35.3400001525879,991.263353451278
0.625,-0.0308885877434819,0.193102052602562,0.476555087220011,-0.255979229743376,0.534597499069488,-10.2141742961112,0.924493250065019,0.0672761866639107,0.0636896574046184,0.128583833200316,-0.0372847007679057,-2.47473415854418,1.05582459533345,0.0155854598826486,0.0468022103051275,16.0934498379546,8.60194806798408,-0.674171810150361,-7.29418621051847,-16.7084649011471,1.03401840122643,7.06356566019782,-5.95273143008091,-2.81,0.175404400923737,-0.00101678058974735,18.3258399963379,18.3468612779036,0.16985007884807,1.11053749417003,174.370071411133,-5.08232610892726,-10.6115381018283,-174.370071411133,4.28670167922974,18.2099990844727,6.40000009536743,15.9849996566772,35.3400001525879,991.271033156442
0.65,-0.0306843098778165,0.161834377913011,0.477879428623151,-0.138465324517124,0.373417259648191,-10.1008350693938,1.19537657488868,0.0533296562439117,0.0394276301415247,0.14734732925712,-0.0369698308081722,-2.47445702212491,1.11228331695913,0.0351869461549203,0.0261877251677416,16.1040681023957,8.53816798865021,-0.699806972583442,-7.33715081784752,-16.6601496357941,1.15615043873739,7.06427724347204,-5.95238321602292,-2.81,0.182625386720377,-0.000477393732273692,18.3359127488247,18.3790027261666,0.169849785750013,1.11053743511295,174.332489013672,-5.45951481035488,-11.4441356279089,-174.332489013672,4.28735828399658,18.2099990844727,6.61999988555908,15.9370002746582,35.3400001525879,991.278712861606
0.675,-0.0309338069922173,0.120517087450992,0.479203779505017,-0.0969442236133193,0.0289644847947756,-9.59224907861135,1.36186869772428,0.0171247602992349,0.0107568844059066,0.186926391444618,-0.0371707823237187,-2.47470813382397,1.23973861763497,0.0116759845739673,-0.00384214004114521,16.1010368214885,8.51378187461332,-0.849601005802893,-7.34881827672734,-16.6323453469085,1.34523180206844,7.06485851921865,-5.95210608043436,-2.81,0.19248405230202,0.00725127242942126,18.3862765112589,18.4143297704817,0.169849492651956,1.11053737605588,174.294891357422,-5.83670351178251,-12.2767331540684,-174.294891357422,4.28801393508911,18.2099990844727,6.61999988555908,15.9370002746582,35.3400001525879,991.28639256677
0.7,-0.0309267140148216,0.110596645217956,0.480528499383288,-0.161007186908721,-0.292110354237547,-8.77339432410671,1.40417678054083,-0.000237758532438358,-0.00768952669835114,0.230024834898713,-0.0386761395982303,-2.47560266589114,1.43535205593836,-0.0320842175969451,-0.0212146960575682,16.0925814076991,8.52381686216597,-1.30624767440257,-7.31216959027521,-16.6790991914877,1.29334422858697,7.06522934568565,-5.95194373800445,-2.81,0.186934558600526,0.0185047202458836,18.4257926940918,18.4016004234752,0.169849220705305,1.11053732126066,174.259994506836,-6.18667240906401,-13.0492463225927,-174.259994506836,4.28862285614014,18.2099990844727,6.61999988555908,15.9370002746582,35.3400001525879,991.293447410722
0.725,-0.0341557034854631,0.0412903507891362,0.482823286741443,-0.205476882409393,-0.643356165815055,-8.05461615484024,1.36956113752954,0.0114438313829392,-0.0174479665324764,0.258499502456164,-0.0389525317674596,-2.47634630556057,1.410821800431,-0.0185681546763663,-0.0246310740118921,16.0971453518665,8.5166945601948,-1.54125595429921,-7.30852529371765,-16.6999408797278,1.31342197031824,7.06560017215264,-5.95178139557454,-2.81,0.18653853563622,0.0256480024494661,18.4257926940918,18.4157819261273,0.169849220705305,1.11053732126066,174.259994506836,-6.18667240906401,-13.0492463225927,-174.259994506836,4.28862285614014,18.2099990844727,6.61999988555908,15.9370002746582,35.3400001525879,991.292468324804
0.75,-0.0364819919157002,0.0162122615818135,0.485655943934503,-0.19093162121353,-0.922344153992419,-7.71696000555674,1.2480145696101,0.0489023916394488,-0.0184316713765324,0.28435616757608,-0.038636458833078,-2.47696249320573,1.31504955195852,0.0111642830335637,-0.0279431148081192,16.108906921802,8.5221752506482,-1.67878190778877,-7.31127750743444,-16.7189956221109,1.40109546751106,7.06597099861964,-5.95161905314462,-2.81,0.190039803945465,0.0330532123570532,18.4357115723366,18.4492546683938,0.169849220705305,1.11053732126066,174.259994506836,-6.18667240906401,-13.0492463225927,-174.259994506836,4.28862285614014,18.2099990844727,6.76000022888184,16.0060005187988,35.3400001525879,991.291489238887
0.775,-0.0369606890131357,0.015733564484378,0.488488540286354,-0.110290443120205,-0.958396280664241,-7.69647908043015,1.02402802433287,0.0926779027271235,-0.00914166909978429,0.314254124542654,-0.0364140193915897,-2.47673179852815,1.0239837675093,0.0762933565254772,-0.0137992559424004,16.1124620476377,8.56585613095156,-2.01212650196276,-7.24149367372407,-16.8181924437588,1.32028400381721,7.06634182508663,-5.95145671071471,-2.81,0.185034939944422,0.0440656556959007,18.4786933780641,18.4352745600664,0.169849220705305,1.11053732126066,174.259994506836,-6.18667240906401,-13.0492463225927,-174.259994506836,4.28862285614014,18.2099990844727,6.76000022888184,16.0060005187988,35.3400001525879,991.29051015297
0.8,-0.0284395248479889,-0.414402030099326,0.491321177181636,-0.0551133329626677,-1.12856998715494,-7.89558927307338,0.764875769815471,0.12157390059428,0.0052717508227248,0.328280508518219,-0.0351309776306152,-2.47650146484375,0.864087820053101,0.110828965902328,-0.00483692670240998,16.1239215979884,8.6350605749319,-2.40327771094343,-7.14280450271698,-16.9748412713952,1.07516056179602,7.06672796733327,-5.95127440637767,-2.81,0.169977408693314,0.052099942426102,18.5110950469971,18.399030192808,0.169849196099319,1.11053731649821,174.257095336914,-6.21708945940254,-13.1191440315849,-174.257095336914,4.2891640663147,18.2182674407959,6.76000022888184,16.0060005187988,35.3400001525879,991.289591629068
0.825,-0.0290060578360617,-0.494583118451351,0.494153766804116,-0.0491316744651449,-1.08567448046802,-7.80211876443701,0.527260290270672,0.153668614429535,0.026268270301993,0.347463678125168,-0.0300085208658919,-2.47372948810864,0.479183810802384,0.174101060880278,0.0288637102554715,16.1339172397768,8.72345392218415,-2.49581283816794,-7.04110765412861,-17.0829459382679,1.10759948934226,7.06712660136583,-5.95107582080152,-2.81,0.173771175892845,0.0626953468229654,18.5110950469971,18.3931615520264,0.169848897751745,1.11053725875352,174.222015380859,-6.58589618997096,-13.9666537520601,-174.222015380859,4.29572582244873,18.3185272216797,6.76000022888184,16.0060005187988,35.3400001525879,991.289346857588
0.85,-0.0299562257392468,-0.493632950548166,0.496986369967562,0.0966039106556563,-1.19972570989008,-8.2557435034059,0.354273975581766,0.191336546737051,0.0555388550874753,0.353492433261677,-0.0261192193613756,-2.47082093917645,0.316989212814718,0.166829104948601,0.0608728974456911,16.1605826748839,8.76919828157512,-2.58352343049047,-6.97268483358409,-17.1770453627936,1.03375191669356,7.06752523539839,-5.95087723522536,-2.81,0.17211654153222,0.0669704232024452,18.5239840810613,18.3828392368174,0.16984859940417,1.11053720100883,174.186920166016,-6.95470291770305,-14.814163472693,-174.186920166016,4.30228805541992,18.4187850952148,7.75,15.9840002059937,35.3400001525879,991.289102086109
0.875,-0.0294770790945719,-0.493153803903491,0.499819013577025,0.251616211034335,-1.40958541869641,-9.11596540681361,0.0881772077389962,0.193899787546154,0.0799401475960901,0.356893268431971,-0.0246284760423498,-2.46887878015258,0.168972693751724,0.203857051330047,0.0774698404585136,16.1708119445974,8.84645132548032,-2.6049713070344,-6.89932706421775,-17.258100978476,1.04784168163745,7.06792386943095,-5.95067864964921,-2.81,0.172676039169552,0.072134256504993,18.5732656818952,18.3800119914689,0.169848301056596,1.11053714326414,174.151840209961,-7.32350964968964,-15.6616731931682,-174.151840209961,4.30885028839111,18.51904296875,7.75,15.9840002059937,35.3400001525879,991.28885731463
0.9,-0.0293128374373956,-0.492984800970608,0.502651643679392,0.398239081926876,-1.99448209709474,-10.2477985628268,-0.36066202574735,0.164861274140225,0.122634338809568,0.34391331877411,-0.021519279505098,-2.46307823076334,-0.434162735415977,0.163431543585933,0.133838762721389,16.183838184394,8.96580372797287,-2.69607156013398,-6.71987325709365,-17.4275796270333,0.832963670609999,7.06801174917687,-5.95060829502653,-2.81,0.163461320462165,0.0745009973857861,18.6089000701904,18.3056774856117,0.169848030390755,1.1105370908772,174.119995117188,-7.65809719774086,-16.4305479912144,-174.119995117188,4.31480312347412,18.6100006103516,7.75,15.9840002059937,35.3400001525879,991.287803472475
0.925,-0.0261454236823505,-0.486278875872934,0.505484233315517,0.48800744536093,-2.16076398746958,-11.1843735958166,-1.02085008876222,0.0675694662540074,0.174834724880237,0.311016245059586,-0.0196398094091051,-2.45648141485025,-1.26512539341025,0.0581122663766985,0.203530453111965,16.2339213219303,9.14947141027803,-2.62528320674962,-6.54370315840783,-17.6335314559355,0.619401208375825,7.06797239345335,-5.95059044338213,-2.81,0.154142867280761,0.0742330386962402,18.6089000701904,18.2627931784803,0.169848030390755,1.1105370908772,174.119995117188,-7.65809719774086,-16.4305479912144,-174.119995117188,4.31480312347412,18.6100006103516,7.75,15.9840002059937,35.3400001525879,991.278838717044
0.95,-0.024275431026887,-0.472638137662927,0.507741997964755,0.589675138369707,-2.17932792832212,-11.5607305393241,-1.67556191325745,-0.0806953195123258,0.244942255088243,0.264122598780733,-0.0265786861160628,-2.45054899849284,-1.77196603464676,-0.122426191471901,0.288072244285141,16.238066622914,9.34567687291587,-2.53944770396146,-6.33620533663879,-17.8084646742565,0.419959976679952,7.06793303772983,-5.95057259173772,-2.81,0.13841660076877,0.0711421996824522,18.6316641726235,18.1855209342718,0.169848030390755,1.1105370908772,174.119995117188,-7.65809719774086,-16.4305479912144,-174.119995117188,4.31480312347412,18.6100006103516,11.0699996948242,15.7580003738403,35.3400001525879,991.269873961614
0.975,-0.0271615395385572,-0.462821843245412,0.505650200095083,0.680711210811271,-1.80437895494827,-11.4165694016451,-2.24566281850643,-0.266585383923773,0.335888347414913,0.203635258776816,-0.0380823813751287,-2.44273948071805,-2.1433347044087,-0.314163405466302,0.379608317089359,16.1851626870909,9.48416578821175,-2.57879306018039,-6.08878593267783,-17.9300214123393,0.00914178305853719,7.06789368200631,-5.95055474009332,-2.81,0.108833011915571,0.0625000261672673,18.7095413651577,18.0153656812146,0.169848030390755,1.1105370908772,174.119995117188,-7.65809719774086,-16.4305479912144,-174.119995117188,4.31480312347412,18.6100006103516,11.0699996948242,15.7580003738403,35.3400001525879,991.260909206183
1,-0.0281030253656354,-0.461255357368263,0.501235665603172,0.802621891337567,-1.25071811906077,-10.7683888454065,-2.54921311111864,-0.471882320295475,0.436589120191757,0.143147918772899,-0.0495860766341947,-2.43492996294327,-2.51470337417064,-0.505900619460702,0.471144389893577,16.1249683631651,9.55674865138219,-2.5500452478431,-5.91431829731417,-17.9649678718966,-0.359928749333437,7.0678859512927,-5.95052352217765,-2.81,0.0816193177659663,0.0518181640431126,18.7634563446045,17.8574172073786,0.169847999137185,1.11053708505944,174.114318847656,-7.69525439000441,-16.5193293554048,-174.114318847656,4.31494760513306,18.6074161529541,11.0699996948242,15.7580003738403,35.3400001525879,991.252370277425
1.025,-0.034571548012869,-0.436812522307932,0.496821246881886,0.820154408663147,-0.876782811775038,-9.58472925271647,-2.67389217167989,-0.663126406527311,0.534961068672309,0.0767876133322716,-0.0666747316718102,-2.42402529716492,-2.69734597206116,-0.659366607666016,0.56764030456543,16.3054358423316,9.44506304228537,-1.73528177498264,-6.02795250531148,-17.9372394994729,0.0829725977618332,7.06824636924481,-5.95033670668448,-2.81,0.0928395917425969,0.0305279996837638,18.7634563446045,17.9879280067797,0.169847695977552,1.11053702862712,174.059173583984,-8.05567914829546,-17.3805085875463,-174.059173583984,4.31634712219238,18.5823516845703,13.289999961853,15.8210000991821,35.3400001525879,991.247536040708
1.05,-0.0594609153613515,-0.336524821501983,0.492406786035731,0.760866674211805,-0.50050388587097,-7.76414533965577,-2.70695346709434,-0.817961176888488,0.624880709939306,0.0563528846573142,-0.0728362878263364,-2.41987763858828,-2.70980656028895,-0.713082058940402,0.592239883583665,16.3633124844734,9.34891081159137,-1.51024397246429,-6.0815801323159,-17.9000100761651,0.212103869335997,7.06860678719691,-5.95014989119132,-2.81,0.0946229378959648,0.0210273848841709,18.7777156829834,18.0238643541168,0.16984739281792,1.11053697219481,174.004028320312,-8.41610390658651,-18.2416878196879,-174.004028320312,4.31774711608887,18.5572872161865,13.289999961853,15.8210000991821,35.3400001525879,991.242701803991
1.075,-0.065635671900601,-0.314990234179993,0.487992293653684,0.657077763040908,-0.0394727336094196,-5.54106856831221,-2.63615399421944,-0.903785842245052,0.697743664028316,-0.0382667151872805,-0.103743545850854,-2.39708894253204,-2.65186036468496,-0.855869998275073,0.687940146361484,16.3854237962108,9.24900946526916,-1.35074227052789,-5.88760499517291,-17.9216878508674,0.00239757126111062,7.06896720514902,-5.94996307569815,-2.81,0.054366004931581,-0.000689158289243191,18.8218517303467,17.8634973444001,0.169847089658288,1.1105369157625,173.948883056641,-8.77652866629573,-19.1028670519083,-173.948883056641,4.31914663314819,18.5322227478027,13.289999961853,15.8210000991821,35.3400001525879,991.237867567274
1.1,-0.080634759371969,-0.254911026798896,0.483577822309883,0.638878885330351,0.464608008645926,-3.09577234287887,-2.52750843578734,-0.938748290396627,0.734414010204576,-0.125681660149619,-0.132964574229589,-2.37194996299332,-2.49527290667301,-0.903143936164081,0.73241087207051,16.6272082945218,8.82366210131281,-0.926060841362272,-6.01737672052284,-17.8586358678398,0.197381794187565,7.06929584108722,-5.94980936423189,-2.81,0.0313220168994932,-0.0350910960795827,18.8510494232178,17.9478548212271,0.169846820877583,1.11053686572973,173.899993896484,-9.09608051465686,-19.8663867835351,-173.899993896484,4.320387840271,18.5100002288818,13.289999961853,15.8210000991821,35.3400001525879,991.235777862312
1.125,-0.111849202624207,-0.132663973653728,0.479163350966082,0.411745260488584,1.0793939365592,-0.723136013544477,-2.25533849957633,-0.879402033728257,0.726817757289929,-0.18832873873521,-0.153071686910507,-2.35039608246877,-2.18861930474308,-0.825523837203729,0.711605910691215,16.8588515878311,8.38774653098168,-0.525957680538433,-6.14699342419799,-17.7991081188782,0.507958881781951,7.0696010265351,-5.94968007870872,-2.81,0.020372750227488,-0.0642094367401811,18.8510494232178,18.0581329293894,0.169846820877583,1.11053686572973,173.899993896484,-9.09608051465686,-19.8663867835351,-173.899993896484,4.320387840271,18.5100002288818,13.289999961853,15.8210000991821,35.3400001525879,991.255145405614
1.15,-0.126875474308671,-0.0700764324822979,0.474748879622282,0.153745578392917,1.27547512317013,0.713920422300265,-1.94261336488456,-0.675450232566735,0.693252930590737,-0.231353634867961,-0.163557533502456,-2.33331977040508,-1.88676080124623,-0.604388951301884,0.681362158302305,17.0781870457058,8.02533095896808,-0.190756621499217,-6.25030929159997,-17.7884478151406,0.782020424983098,7.06990621198297,-5.94955079318555,-2.81,0.0166303233446742,-0.0861843774724361,18.867131669392,18.1793903773433,0.169846820877583,1.11053686572973,173.899993896484,-9.09608051465686,-19.8663867835351,-173.899993896484,4.320387840271,18.5100002288818,12.9499998092651,15.7309999465942,35.3400001525879,991.274512948916
1.175,-0.137032265462454,-0.024041142023462,0.470334439874234,-0.0522571191367219,1.62729491747121,1.02665065903694,-1.61442758640829,-0.361173577961868,0.637206796048779,-0.253988523841858,-0.166323660673947,-2.32422060894513,-1.71976108662916,-0.436473848169351,0.652386075820567,17.2624655285424,7.7809843762371,0.0440079650385674,-6.36252915475202,-17.8076430253825,0.971824739254142,7.07021139743084,-5.94942150766238,-2.81,0.0180093734417939,-0.0998505914418858,18.9125814955364,18.3127860978064,0.169846820877583,1.11053686572973,173.899993896484,-9.09608051465686,-19.8663867835351,-173.899993896484,4.320387840271,18.5100002288818,12.9499998092651,15.7309999465942,35.3400001525879,991.293880492218
1.2,-0.138643769324948,-0.0160291597263259,0.485889137597175,-0.148235390751712,1.9182735829294,0.0822324778758018,-1.15189240088028,-0.00212907151146467,0.569907188853201,-0.295470288448934,-0.161810390605416,-2.30540143218424,-1.08059797766493,0.032343353340895,0.56900283604567,17.4930195085946,7.42726921022914,0.423373894756725,-6.39773346814473,-17.8674124340434,1.08345940691078,7.0703643305696,-5.94935167868332,-2.81,0.0184731762468064,-0.119824549515547,18.9412498474121,18.4007841310486,0.169846782940349,1.11053685880253,173.893783569336,-9.14032349696746,-19.9741542921817,-173.893783569336,4.32052850723267,18.5248832702637,12.9499998092651,15.7309999465942,35.3396911621094,991.311050769895
1.225,-0.133834795361144,-0.0230371813455807,0.490697609881093,-0.255531008163388,1.89996460749474,-2.14449394910228,-0.701573742282388,0.33851088895357,0.511284025424259,-0.312709877964481,-0.150012078427003,-2.29565424447177,-0.621766019647093,0.353587481802338,0.517428298031559,17.7037845210066,7.06970119690526,0.848849359198071,-6.51061485102562,-17.8902981899831,1.29395963980997,7.0704625028804,-5.94930323453318,-2.81,0.0336247606590373,-0.138697932894154,18.9412498474121,18.5438805902122,0.169846476281039,1.11053680280768,173.843658447266,-9.49795426449939,-20.8452749874107,-173.843658447266,4.32166576385498,18.6451930999756,12.9499998092651,15.7309999465942,35.3371810913086,991.312657082728
1.25,-0.123387420942337,-0.0325376764369586,0.492639962427458,-0.253071753691872,1.9729371665097,-4.96662499897652,-0.236020174395921,0.658383151706219,0.463483791483767,-0.319915932433212,-0.13671780229559,-2.28997489403676,-0.276536191113412,0.591900516705942,0.482502478760399,17.8986638166645,6.71549372820125,1.28168301501976,-6.66211948186879,-17.8971665496495,1.55252287902177,7.07056067519119,-5.94925479038303,-2.81,0.0538553120743865,-0.156751484281891,18.9530096128005,18.7181918350389,0.169846169621728,1.11053674681282,173.793533325195,-9.85558503344948,-21.7163956825608,-173.793533325195,4.32280349731445,18.7655029296875,10.0200004577637,15.7950000762939,35.3346786499023,991.314263395561
1.275,-0.101821200070798,-0.0407143268565,0.494582342764168,0.00332308425088076,1.79147698969777,-8.27594219190699,0.137946079664865,0.914627302916038,0.422327379209361,-0.31532045157336,-0.106192026738128,-2.28509150811261,0.15583374543225,0.902871120056525,0.433227753276648,18.0818198004062,6.29193043119729,1.89479350168554,-6.82531749323512,-17.9003305906203,1.76749656929269,7.07065884750199,-5.94920634623289,-2.81,0.0900589946420789,-0.178492277625632,18.9835850028105,18.8912943973936,0.169845862962418,1.11053669081797,173.743408203125,-10.2132158023996,-22.5875163777109,-173.743408203125,4.32394075393677,18.8858127593994,10.0200004577637,15.7950000762939,35.3321723937988,991.315869708394
1.3,-0.0960668722694456,-0.0433746786182507,0.496524676783548,0.410742878550554,1.62848224013877,-12.0469045496343,0.456322504375894,1.08191005314772,0.379716444844912,-0.310857057571411,-0.0894596874713898,-2.28316497802734,0.359691828489304,1.05159914493561,0.409062206745148,18.2169348419625,5.77752414144235,2.74976997051575,-7.01030588180382,-17.8193233813973,2.4748860185351,7.07031847334582,-5.94937853810979,-2.81,0.13783177802221,-0.20349751913397,19.0019302368164,19.159582277347,0.169845597401778,1.11053664232758,173.699996948242,-10.5229166743193,-23.341888938553,-173.699996948242,4.32492589950562,18.9899997711182,10.0200004577637,15.7950000762939,35.3300018310547,991.317045463148
1.325,-0.0538268800144189,-0.0526492669769354,0.49846706173922,1.04021300965239,1.57186135119576,-15.5737668354095,0.661055896633926,1.13433259079848,0.339666460449151,-0.285244832878842,-0.0451305967112516,-2.28149318749545,0.696484760362151,1.10896119558983,0.342503517373607,18.2481986937605,5.59587643848199,3.02159599860519,-7.13912184706893,-17.8287652619124,2.14678819375201,7.0698574849399,-5.94961141192321,-2.81,0.166795354181984,-0.213324214007864,19.0019302368164,19.1723535082912,0.169845597401778,1.11053664232758,173.699996948242,-10.5229166743193,-23.341888938553,-173.699996948242,4.32492589950562,18.9899997711182,10.0200004577637,15.7950000762939,35.3300018310547,991.315439150315
1.35,-0.0395423614837581,-0.0555279918004006,0.500409428176473,1.62078524795439,1.5100247801915,-19.2520896712683,0.82026314834497,1.0792054477004,0.289328528032423,-0.263883464777536,-0.0154633979428394,-2.28094660312064,0.828577308196255,1.04517424977784,0.287317139001331,18.2464026086097,5.45368566765134,3.22955745038455,-7.2462637857096,-17.7956805182484,1.97720835591637,7.06939649653398,-5.94984428573664,-2.81,0.189703766182729,-0.220587827608789,19.0117728211159,19.187999614526,0.169845597401778,1.11053664232758,173.699996948242,-10.5229166743193,-23.341888938553,-173.699996948242,4.32492589950562,18.9899997711182,9.69999980926514,15.914999961853,35.3300018310547,991.313832837482
1.375,-0.0146077940559615,-0.0584442115851351,0.502351794613727,2.17449178720562,1.45848587898955,-21.9335603304375,0.891760942271067,0.936956160536938,0.230001623702659,-0.239585596959386,0.00715692882018181,-2.28035221734413,0.892889215302036,0.870962910955571,0.216461432301253,18.2195661719609,5.34310742057424,3.41503305766692,-7.32667077342041,-17.7426241781539,1.91912006865483,7.06893550812806,-5.95007715955006,-2.81,0.212837809948404,-0.225827067029392,19.0354679314665,19.2005786897972,0.169845597401778,1.11053664232758,173.699996948242,-10.5229166743193,-23.341888938553,-173.699996948242,4.32492589950562,18.9899997711182,9.69999980926514,15.914999961853,35.3300018310547,991.312226524649
1.4,-0.00724637962892047,0.463769375847978,0.504294142551379,2.64475691308403,1.53827607978654,-23.1389677310732,0.928654803426371,0.693022815413641,0.156995239420332,-0.229377061128616,0.0166606605052948,-2.28010249137878,0.919909298419952,0.797769546508789,0.186692029237747,18.1798044847913,5.25037715582749,3.39877509260725,-7.39585015377918,-17.6532876001539,1.81280471173826,7.069060211409,-5.95001217391739,-2.81,0.217942255560019,-0.230823022067315,19.0489559173584,19.1721311016316,0.169845552447147,1.11053663424585,173.686614990234,-10.5745334860695,-23.4695906178458,-173.686614990234,4.32524156570435,18.9914455413818,9.69999980926514,15.914999961853,35.3303642272949,991.309525048702
1.425,0.0142526456636153,0.457971327700161,0.506236541394095,2.8267812434277,1.4470093597822,-23.2728862339983,0.933184276832813,0.402914841478473,0.0773640430776653,-0.19418952340687,0.0323315513646949,-2.27942943755475,0.944050982114657,0.293631704040559,0.0601954084756587,18.137097008452,5.26263103370309,3.18719866562794,-7.45428599917763,-17.5760568045952,1.52435431221905,7.06924709611503,-5.94991556529048,-2.81,0.2256943048664,-0.229510106347611,19.0489559173584,19.102010391322,0.169845240975779,1.110536578251,173.593872070312,-10.9321642550196,-24.3543808247412,-173.593872070312,4.32742881774902,19.0014724731445,9.69999980926514,15.914999961853,35.3328704833984,991.30033082001
1.45,0.015862213995029,0.436033160919005,0.508178893925489,2.60350494894135,1.60374860709814,-22.0890824322987,0.884402074226875,0.112124184008004,-0.00299490360298014,-0.165884095960222,0.0316279942240939,-2.28139271154145,0.982993006981752,0.0191194074325283,-0.0484369533943012,18.1187115070977,5.30160091151879,2.85463488909055,-7.53209351014327,-17.4912829531099,1.36609196658626,7.06943398082107,-5.94981895666358,-2.81,0.22250295710819,-0.226052528759853,19.0683155059814,19.0748457494167,0.169844929504411,1.11053652225615,173.501129150391,-11.2897950225515,-25.2391710314788,-173.501129150391,4.32961654663086,19.0114994049072,12.7299995422363,15.7670001983643,35.335376739502,991.291136591317
1.475,0.00982213938186832,0.427570132560595,0.510121260362743,2.27991871348348,2.22994442979431,-20.2793732583769,1.04772758178955,-0.124487884479996,-0.089882599892172,-0.134592542634127,0.0239767715875789,-2.28500226299877,1.28882168948375,-0.179434797022142,-0.147662752017524,18.0897231731912,5.29194119417875,2.7862644479623,-7.63288181764573,-17.3819292769597,1.61667728008401,7.06962086552709,-5.94972234803667,-2.81,0.23428100612626,-0.223394840951117,19.1117076873779,19.1429990376752,0.169844618033043,1.11053646626129,173.408386230469,-11.6474257915016,-26.1239612382952,-173.408386230469,4.33180332183838,19.0215263366699,12.7299995422363,15.7670001983643,35.3378829956055,991.281942362625
1.5,0.00794101675318185,0.428199833626457,0.512062703682248,1.66274559347631,2.51278018325358,-17.7789936691515,1.42717736368013,-0.306904561231407,-0.195791227958283,-0.103300989308033,0.0163255489510639,-2.28861181445609,1.59465037198574,-0.377989001476813,-0.246888550640746,18.0790389201631,5.22682383837347,2.76786042103579,-7.78243590879327,-17.2506428891548,1.91869702164711,7.06983149255756,-5.94961258944408,-2.81,0.24818960714915,-0.222717987332353,19.1350727081299,19.2526286080302,0.16984435472735,1.11053641892544,173.330001831055,-11.9497528325635,-26.8719282172697,-173.330001831055,4.33365249633789,19.0300006866455,12.7299995422363,15.7670001983643,35.3396148681641,991.275066523589
1.525,0.002350132183538,0.403921331315824,0.510736524778119,1.07155135937609,2.69814432484119,-15.0554608487744,1.95733664095839,-0.444883180511126,-0.317536498472433,-0.0524381995201111,0.00342858210206032,-2.29701805114746,2.08077239990234,-0.533749997615814,-0.381187736988068,18.1046678484854,5.56845702544327,1.5250963059518,-7.80760914335458,-17.2854616309245,1.16905344662293,7.07061726183391,-5.94918428155266,-2.81,0.206786271171717,-0.20021911241364,19.1350727081299,19.1234325223536,0.16984435472735,1.11053641892544,173.330001831055,-11.9497528325635,-26.8719282172697,-173.330001831055,4.33365249633789,19.0300006866455,13.4399995803833,15.6479997634888,35.3371047973633,991.280864548005
1.55,-0.0185734341256686,0.306089939772469,0.506366208992691,0.600929218725174,2.35974544317095,-12.4532676236678,2.50395122325966,-0.545488094745024,-0.461596426897507,-0.0288632321558102,-0.00248586292270012,-2.30188418810642,2.28172497011426,-0.57557470537393,-0.437161650039807,18.0853045488584,5.68207482377055,1.12205094104083,-7.82121079807751,-17.275611495751,1.00255789961855,7.07140303111026,-5.94875597366124,-2.81,0.196692535529363,-0.191335009917429,19.1621170339658,19.0951093325373,0.16984435472735,1.11053641892544,173.330001831055,-11.9497528325635,-26.8719282172697,-173.330001831055,4.33365249633789,19.0300006866455,13.4399995803833,15.6479997634888,35.334602355957,991.286662572422
1.575,-0.0338778536346071,0.23772263579611,0.501995862001896,0.317378351253004,1.48769588254423,-10.00301294999,2.80293417575516,-0.600697545736517,-0.602106932259055,0.067688774714816,-0.0244171141395668,-2.32523884814518,2.72322222727711,-0.658600396354198,-0.635675209002965,18.0674331264446,5.76494289008635,0.834612472382482,-8.20004467757311,-17.0398282505719,1.66337150401754,7.0721888003866,-5.94832766576982,-2.81,0.224061687592581,-0.168435449573606,19.2188228784606,19.3977718627922,0.16984435472735,1.11053641892544,173.330001831055,-11.9497528325635,-26.8719282172697,-173.330001831055,4.33365249633789,19.0300006866455,13.4399995803833,15.6479997634888,35.3320922851562,991.292460596839
1.6,-0.0375205045715677,0.223360915216841,0.497625494206264,0.271315910225641,0.814656570940971,-7.58900196973534,2.87600034612194,-0.656302260909344,-0.722813542421452,0.156671705619814,-0.0434750384730654,-2.35142609703944,2.8240382373085,-0.726212002372857,-0.78526023593007,17.910523542382,6.26022336761125,-0.361047070683289,-8.13998858391529,-17.0848996482163,1.39799679039743,7.07290259480386,-5.94795148644969,-2.81,0.200471832182532,-0.124813600495254,19.2476119995117,19.3176320847412,0.169844303206313,1.11053640940054,173.31965637207,-12.0105869332405,-27.01828295093,-173.31965637207,4.33246898651123,19.0403366088867,13.4399995803833,15.6479997634888,35.3300018310547,991.300691195545
1.625,-0.0596562404699469,0.0837461483390354,0.493255240919059,0.155178168669962,0.0184720805151443,-5.36810241619616,2.74586226332877,-0.676550578062886,-0.805005469889336,0.225877763729731,-0.0574126092007889,-2.37678498018327,2.66434836483065,-0.725797474548466,-0.855726756260552,17.7315904111113,6.66825129332474,-1.29365918510532,-8.06249646765091,-17.1459266453846,1.24971120094,7.07357246757342,-5.94760711785864,-2.81,0.180426698830841,-0.0869024720848091,19.2476119995117,19.2609500826795,0.169843990860025,1.11053635165585,173.25700378418,-12.3793936623908,-27.9055585234394,-173.25700378418,4.32529449462891,19.1029968261719,13.4399995803833,15.6479997634888,35.3300018310547,991.321236701591
1.65,-0.071753524066713,0.0209104163949195,0.488884883490728,-0.0889910653321663,-0.328578024825644,-3.211101704519,2.49427927055675,-0.623744886006541,-0.848610239584105,0.279899408188299,-0.0647690178772524,-2.39935826730947,2.41180515427417,-0.640250163464627,-0.884679754547689,17.6003352067452,6.96882279929568,-1.92797902154796,-8.05292014687297,-17.1969974418894,1.21125959110477,7.07424234034297,-5.94726274926759,-2.81,0.168345888709515,-0.0563610301668742,19.2662834788478,19.2758425047536,0.169843678513738,1.11053629391116,173.1943359375,-12.7482003929592,-28.7928340960277,-173.1943359375,4.31812000274658,19.1656608581543,8.77999973297119,15.8719997406006,35.3300018310547,991.341782207637
1.675,-0.0815730301204326,0.00231595843622309,0.484514557320339,-0.238438492971545,-1.1278251416481,-1.78487511578644,2.24750620095939,-0.478840530093802,-0.858755170747019,0.308717805342583,-0.0678005115274453,-2.41230793976016,2.31478290238011,-0.577691448983908,-0.886787179694177,17.538401896037,7.18120368607759,-2.29061259971036,-8.02487474344728,-17.2801230523995,1.1877988784781,7.07491221311253,-5.94691838067653,-2.81,0.160149244658417,-0.0368034612721766,19.3030606351157,19.298380505561,0.16984336616745,1.11053623616647,173.131683349609,-13.1170071235276,-29.6801096686949,-173.131683349609,4.31094598770142,19.2283210754395,8.77999973297119,15.8719997406006,35.3300018310547,991.362327713683
1.7,-0.0836668989284966,-0.259899615947976,0.480144543915644,-0.34258531962872,-1.79287988129731,-1.63228797935738,1.69857094875864,-0.242197736225554,-0.819570049052314,0.366060837394903,-0.0658532094494858,-2.44134037282428,1.63401015725032,-0.257401466915837,-0.828305871234955,17.4287703766858,7.51849636669587,-2.80602563870549,-8.12373204498956,-17.3402855871699,1.21781680105417,7.0751830585623,-5.94681326472721,-2.81,0.153807749316104,-0.000947719273442423,19.3206005096436,19.4175575207104,0.169843108562264,1.11053618854198,173.080001831055,-13.4211776226585,-30.4118833367594,-173.080001831055,4.30502891540527,19.2800006866455,8.77999973297119,15.8719997406006,35.3300018310547,991.382334312419
1.725,-0.0844348989359193,-0.257162876107182,0.478362280439401,-0.471770658123947,-1.67641184794427,-1.9886029541013,1.18810776173198,0.0241051968376095,-0.768214551103356,0.396444708918564,-0.0572949020342252,-2.45879374232714,1.12212506219184,0.0202098276494885,-0.769043118188503,17.3344028658275,7.85330481014819,-3.16684142923957,-8.07876122616709,-17.484285546337,1.1037118186315,7.07529055015494,-5.94680609405612,-2.81,0.146354099627658,0.0269725003428234,19.3206005096436,19.4441728430537,0.169843108562264,1.11053618854198,173.080001831055,-13.4211776226585,-30.4118833367594,-173.080001831055,4.30502891540527,19.2800006866455,8.77999973297119,15.8719997406006,35.3300018310547,991.399804876756
1.75,-0.0792337141335767,-0.249113158181939,0.483218194658573,-0.444020072210096,-2.06137735174387,-3.88929002478435,0.747435412610221,0.276774173397442,-0.706169745105431,0.414147668692786,-0.0472528476079606,-2.47028035755054,0.744682876329212,0.248880742553746,-0.717752392266811,17.2454293952738,8.16729792597412,-3.45154152266664,-7.96888080946073,-17.6531474131964,0.941304612892501,7.07539804174757,-5.94679892338504,-2.81,0.138727778833786,0.0499567908170387,19.3017097739286,19.4278461857338,0.169843108562264,1.11053618854198,173.080001831055,-13.4211776226585,-30.4118833367594,-173.080001831055,4.30502891540527,19.2800006866455,6.69999980926514,15.9289999008179,35.3300018310547,991.417275441093
1.775,-0.0634551014389876,-0.240045307789759,0.488074143629131,-0.353395539533582,-2.38975434361619,-6.42157238540665,0.126934646455544,0.442536451312886,-0.650559388910461,0.415366716840213,-0.0260404319345558,-2.4819926585578,-0.0507346925750775,0.466902009820951,-0.631574441863274,17.1036897360057,8.65830919449004,-3.56979721759195,-7.76931158570704,-17.8726336641339,0.672856789765339,7.07550553334021,-5.94679175271395,-2.81,0.135128981634869,0.0777939953710007,19.2666269790295,19.3578044212703,0.169843108562264,1.11053618854198,173.080001831055,-13.4211776226585,-30.4118833367594,-173.080001831055,4.30502891540527,19.2800006866455,6.69999980926514,15.9289999008179,35.3300018310547,991.43474600543
1.8,-0.0581747022704196,-0.236995981798364,0.492930023096917,-0.134268529581805,-2.58827439874615,-8.95208920383932,-0.566038070056922,0.504127103762781,-0.58620268871419,0.413753688335419,-0.0165406726300716,-2.48648881912231,-0.406842231750488,0.54872465133667,-0.59430342912674,16.9034909655597,9.3956264363405,-3.29953069346641,-7.34306420862771,-18.1631242647495,1.03587196234971,7.07567326758286,-5.94672318566078,-2.81,0.150507838480668,0.116789288766464,19.2509746551514,19.2855172832835,0.169843050032851,1.11053617766411,173.075347900391,-13.4906529306408,-30.5781466186724,-173.075347900391,4.30601930618286,19.2869777679443,6.69999980926514,15.9289999008179,35.3300018310547,991.448128633721
1.825,-0.0311716252439235,-0.218225480554399,0.497785937316088,0.14556159339403,-2.40197485166583,-11.4448707853456,-1.19093483093373,0.461886562462902,-0.513675541287124,0.368198587334659,0.00999639058721438,-2.49646315047271,-1.36816540881597,0.503269453116192,-0.478966730868003,16.7849470122881,9.85717241274324,-3.05042381314109,-7.22639063863052,-18.322045311351,0.534147513670183,7.07587777925406,-5.94661713683924,-2.81,0.149249452759874,0.129139154385677,19.2509746551514,19.2064943962427,0.169842734624345,1.1105361190445,173.050277709961,-13.8650476398912,-31.4741209713046,-173.050277709961,4.31135606765747,19.3245735168457,6.69999980926514,15.9289999008179,35.3300018310547,991.443569764918
1.85,-0.0189358504465075,-0.209176091584116,0.500550597142862,0.437528920132745,-2.11156403553029,-13.2294332655836,-1.57145621049165,0.368007409495696,-0.433212859733219,0.328132565706482,0.0212511719640592,-2.50186830257776,-1.6249466762767,0.378168755528314,-0.393089444249443,16.676740183876,10.2409416296697,-2.75624663249803,-7.07018050631808,-18.4522798741547,0.336688544365667,7.07608229092526,-5.9465110880177,-2.81,0.150628251942995,0.13867073304366,19.2859312693278,19.1419082866947,0.169842419215838,1.11053606042489,173.025207519531,-14.2394423505597,-32.3700953240155,-173.025207519531,4.31669330596924,19.3621711730957,7.17999982833862,15.9300003051758,35.3300018310547,991.439010896116
1.875,-0.00816701793513964,-0.202544897949812,0.499917039040928,0.722931507615428,-2.10600588142785,-14.7118547420996,-1.84253283646523,0.265826261771021,-0.333243427629309,0.304594461020948,0.0267305261069173,-2.50455120059922,-1.77242418711428,0.350655643500682,-0.342183014487774,16.5807581505156,10.4667846885769,-2.54987414301333,-6.94487274035083,-18.5115228741684,0.263142941376555,7.07628680259646,-5.94640503919616,-2.81,0.153194052424365,0.144715394953083,19.3473415374756,19.0766692237836,0.169842103807332,1.11053600180528,173.000152587891,-14.6138370612282,-33.2660696767265,-173.000152587891,4.32203054428101,19.3997688293457,7.17999982833862,15.9300003051758,35.3300018310547,991.434452027313
1.9,0.000684626604845182,-0.198447360549547,0.49910771999134,1.07441287641158,-1.91338114669067,-15.7503149315387,-1.98265284827402,0.14787697506455,-0.215589451057823,0.238408254506864,0.0341976416831437,-2.50908583327934,-1.92915790385114,0.1705313899235,-0.194194942040164,16.4726025176823,10.6852721864662,-2.25061279300425,-6.83512587470886,-18.5422887270819,-0.226972216079215,7.0763345967623,-5.94637439088816,-2.81,0.142909803251886,0.139860267759275,19.3728504180908,18.9435430410085,0.169841850179874,1.11053595466786,172.979995727539,-14.9148967258426,-33.9865438984022,-172.979995727539,4.32632207870483,19.4300003051758,7.17999982833862,15.9300003051758,35.3295097351074,991.426504051346
1.925,0.00165668601717089,-0.197800181459001,0.498298385531335,1.36131445184112,-1.95570559062096,-16.272431877947,-2.02916897167257,-0.0540260509751257,-0.0962192166687401,0.174942861765855,0.0355565525246584,-2.51158506376595,-2.07454843312891,-0.0766335078563638,-0.0487385076286962,16.3327567690004,10.9883783993738,-1.47596806838786,-6.67574010361138,-18.5769089203083,-0.121796131541284,7.07632880505993,-5.9463695240139,-2.81,0.157464026843845,0.141154441898659,19.3728504180908,18.864685651995,0.169841850179874,1.11053595466786,172.979995727539,-14.9148967258426,-33.9865438984022,-172.979995727539,4.32632207870483,19.4300003051758,7.17999982833862,15.9300003051758,35.3270034790039,991.404642898599
1.95,0.00319031623038002,-0.185644444034974,0.497489070356398,1.52729627255666,-1.7423415444229,-15.7863784836832,-2.06057411925461,-0.324550865480727,0.034378925563469,0.123962938992757,0.024177678362373,-2.51088153056093,-2.02402713242554,-0.374086625869206,0.0758374282843209,16.2404554040675,11.0785711051651,-1.18121270734316,-6.54671084813522,-18.5737702763227,-0.195006966525596,7.07632301335755,-5.94636465713964,-2.81,0.149535718743967,0.135070747945122,19.413903746494,18.7583744718958,0.169841850179874,1.11053595466786,172.979995727539,-14.9148967258426,-33.9865438984022,-172.979995727539,4.32632207870483,19.4300003051758,11.0200004577637,15.8330001831055,35.3244972229004,991.382781745852
1.975,-0.00578461720830627,-0.156399860691224,0.496318124393291,1.49447206394119,-1.59429530037683,-14.3995442056403,-1.9761449173753,-0.585407959654426,0.161623937050368,0.0772418116298974,0.00640480729517698,-2.50681854792708,-1.94000151840938,-0.58548539023027,0.186926574306455,16.1496237669542,11.0658475113186,-1.06957204418807,-6.41103045085459,-18.5258251779329,-0.315916682874797,7.07631722165518,-5.94635979026539,-2.81,0.132481222804366,0.125321684177369,19.4823259604994,18.6110705836994,0.169841850179874,1.11053595466786,172.979995727539,-14.9148967258426,-33.9865438984022,-172.979995727539,4.32632207870483,19.4300003051758,11.0200004577637,15.8330001831055,35.3219909667969,991.360920593104
2,-0.00828098053699858,-0.150179731179594,0.494740870096708,1.29986331194029,-1.35316273531386,-12.3677382948005,-1.903631256945,-0.776981658065612,0.282695981392243,0.0305206842670378,-0.0113680637720191,-2.50275556529323,-1.85597590439321,-0.796884154591334,0.298015720328589,16.0776562205677,11.0556398302986,-0.966106521077413,-6.30530686910611,-18.4850269382319,-0.445474795421213,7.07635828157041,-5.94633097448364,-2.81,0.114195680566775,0.116641641473041,19.5086421966553,18.489965876638,0.169841784606005,1.11053594285193,172.968612670898,-14.9903632693583,-34.1728182180628,-172.968612670898,4.32669162750244,19.4253482818604,11.0200004577637,15.8330001831055,35.3205146789551,991.344787597656
2.025,-0.0184678184574997,-0.120068661541729,0.493122215029219,0.960274708063331,-0.978364477710966,-9.79720521069258,-1.74051739390322,-0.89695156033716,0.383148549638105,-0.013884074985981,-0.0348847284913063,-2.49455785751343,-1.67584705352783,-0.905851125717163,0.399947732686996,16.2230822349822,10.7960598473171,-0.623512581461174,-6.45536407968018,-18.3961267480783,-0.207047425727728,7.07693182337966,-5.94602997259024,-2.81,0.107703884946114,0.0942949455222825,19.5086421966553,18.5715724759887,0.16984146657274,1.1105358855447,172.913482666016,-15.3563760105857,-35.0762486679316,-172.913482666016,4.3284854888916,19.4027900695801,12.8599996566772,15.7749996185303,35.3230209350586,991.350708007812
2.05,-0.0558651858598663,-0.0150340633365629,0.491503590839024,0.690472447082371,-0.803003646259176,-7.44046030544737,-1.53967751777489,-0.950527673732886,0.46266060839413,-0.0254612623023998,-0.0416173742353611,-2.49108773662693,-1.63276358633518,-0.92173855170134,0.422569141803943,16.2955750358388,10.6116260818872,-0.518614131730712,-6.56634545163062,-18.310990031357,-0.10993611538779,7.07750536518891,-5.94572897069684,-2.81,0.106630002233289,0.0821806475365191,19.5155184546182,18.6103382879219,0.169841148539475,1.11053582823747,172.858337402344,-15.7223887489769,-35.9796791178793,-172.858337402344,4.33027935028076,19.3802318572998,12.8599996566772,15.7749996185303,35.3255310058594,991.356628417969
2.075,-0.0650304237408457,6.58995885069319e-05,0.489884955050098,0.404519897768238,-0.515025879359249,-5.03736800299927,-1.36462904404807,-0.937786387797911,0.524415696161115,-0.0744241593490144,-0.0735287723321856,-2.47275348478813,-1.35767834529223,-0.913731734530601,0.509458349619095,16.3335215417298,10.483852904447,-0.448293479306506,-6.3882847353887,-18.3326303837352,-0.0233681999826476,7.07807890699816,-5.94542796880343,-2.81,0.0833036197262886,0.067987503250074,19.5264198391937,18.5081347035934,0.16984083050621,1.11053577093024,172.803207397461,-16.0884014887862,-36.883109567827,-172.803207397461,4.33207273483276,19.3576736450195,12.8599996566772,15.7749996185303,35.3280372619629,991.362548828125
2.1,-0.0798302296087197,0.0330798739461839,0.488266311561687,0.0510360275216619,-0.0725941111612936,-2.79027437523286,-1.07410496805072,-0.838280187912889,0.566795601541525,-0.113305943051244,-0.101125432687891,-2.45283353306513,-0.990847804709015,-0.798659471618418,0.564772852526428,16.5765869522662,10.0517588888015,-0.329538861428591,-6.52237879161673,-18.2576330163805,0.217023371261068,7.07855824577398,-5.94516755892575,-2.81,0.0674034695342299,0.0389646280741263,19.5302772521973,18.5942239533207,0.169840581325507,1.11053572602973,172.759994506836,-16.3751743572658,-37.5909519822059,-172.759994506836,4.33347797393799,19.3400001525879,12.8599996566772,15.7749996185303,35.3294563293457,991.370860491612
2.125,-0.10777870624955,0.0878909901160536,0.48664766806608,-0.259323226900226,0.224217853192864,-1.36251980534271,-0.682220649305647,-0.634195513454225,0.591989950850036,-0.131202195145794,-0.115992863605507,-2.43514223482896,-0.525262294729894,-0.544936931463991,0.590596262562428,16.8180765430113,9.62725060429294,-0.155024049586724,-6.64892993432551,-18.1948585404256,0.542714181433623,7.07896635460287,-5.94493784197823,-2.81,0.0665867150109871,0.013164635775145,19.5302772521973,18.7017749430424,0.169840581325507,1.11053572602973,172.759994506836,-16.3751743572658,-37.5909519822059,-172.759994506836,4.33347797393799,19.3400001525879,12.8599996566772,15.7749996185303,35.3269500732422,991.387826214773
2.15,-0.115987053132249,0.106497769188942,0.485029032307032,-0.587848845371118,0.330198048569023,-0.983259403354734,-0.295008341901489,-0.319410971270225,0.609803895717803,-0.136294299001119,-0.119627926575679,-2.42187278327616,-0.209729514595502,-0.246265403767236,0.603818434652028,17.0223450785244,9.30753794195119,0.0118920454627408,-6.74213717606243,-18.1745405656644,0.787589652132967,7.07937446343176,-5.94470812503071,-2.81,0.0728394576687108,-0.0053674758315303,19.5260988871257,18.8028092803119,0.169840581325507,1.11053572602973,172.759994506836,-16.3751743572658,-37.5909519822059,-172.759994506836,4.33347797393799,19.3400001525879,9.1899995803833,15.8579998016357,35.3244438171387,991.404791937934
2.175,-0.115684470111639,0.11191032971997,0.483410396507388,-0.812510463529256,0.470117763679411,-1.83323022929225,0.0575111461390496,0.0459680368447104,0.626222106771472,-0.137548713571519,-0.118641357934155,-2.41414022026854,-0.0341786672180607,-0.0635094047080896,0.613948584111963,17.1935639383321,9.07334275271605,0.148887989238688,-6.85796300701251,-18.1669876882053,0.946181258619624,7.07978257226064,-5.94447840808319,-2.81,0.0795074886333401,-0.0184406419983568,19.5197827538779,18.9145283468244,0.169840581325507,1.11053572602973,172.759994506836,-16.3751743572658,-37.5909519822059,-172.759994506836,4.33347797393799,19.3400001525879,9.1899995803833,15.8579998016357,35.3219375610352,991.421757661095
2.2,-0.109647711199488,0.110930702732629,0.481792150554189,-0.771179142540842,0.455862306368009,-3.88611538911452,0.406547998565648,0.389735717358293,0.640006649535484,-0.12587203742427,-0.103948439453164,-2.39429355007466,0.395382877076287,0.390820576604899,0.638417648676188,17.3781936920143,8.77570233993029,0.360033279147866,-6.78721094185249,-18.2194581344427,1.06268736531716,7.07981658301797,-5.94445768979985,-2.81,0.0986643778601074,-0.034883610189634,19.5177421569824,18.920036884768,0.169840508896598,1.11053571313143,172.75146484375,-16.4575538660585,-37.7966992705356,-172.75146484375,4.33332872390747,19.3570537567139,9.1899995803833,15.8579998016357,35.3199996948242,991.436922610576
2.225,-0.103327048365184,0.104610039898325,0.481572459494673,-0.652646076554985,0.444044176001918,-6.80051042861089,0.654691402123507,0.67307015656663,0.652252001667,-0.110458102073784,-0.0867447708348127,-2.37998022586669,0.639577371838308,0.662060574758748,0.650961262991106,17.5537214392176,8.48525005613859,0.573191708178514,-6.81571603903273,-18.2392346461229,1.1564981686588,7.07973719248752,-5.94450032580636,-2.81,0.119272296000664,-0.0498503486013781,19.5177421569824,18.9730656520898,0.169840189550954,1.11053565626166,172.7138671875,-16.8207726165268,-38.7038577691411,-172.7138671875,4.33267307281494,19.4322471618652,9.1899995803833,15.8579998016357,35.3199996948242,991.445948558876
2.25,-0.0848466420443762,0.0861296335775172,0.482693049902814,-0.383337825360916,0.499572063025477,-10.2736647367908,0.869710479534339,0.898915881305053,0.658410448544255,-0.0951052830923638,-0.0700666044515678,-2.36859363970257,0.800379214043555,0.848935920930378,0.658333173766942,17.7164318342181,8.20311952880044,0.78250725856122,-6.89653635018479,-18.2393772738933,1.24030140737965,7.07965780195707,-5.94454296181287,-2.81,0.139077027604986,-0.0637831541287546,19.5225267188494,19.0499841267781,0.16983987020531,1.11053559939188,172.67626953125,-17.183991365577,-39.6110162676677,-172.67626953125,4.33201694488525,19.5074424743652,6.76000022888184,15.9840002059937,35.3199996948242,991.454974507177
2.275,-0.0603784547454503,0.0568805015824937,0.483813648337107,0.0678533519139155,0.522389978775154,-13.9554293146109,1.02753036974215,1.0159617078287,0.644663886135657,-0.0667190087523488,-0.0423900618394532,-2.35196407575822,0.967468958633734,0.946385795508345,0.640128315380196,17.8537798051868,7.92412920383913,0.982764782535712,-6.88535528325236,-18.2659953433181,1.20847024386117,7.07957841142662,-5.94458559781938,-2.81,0.165920633871005,-0.0763477527767762,19.5294377526572,19.052155109437,0.169839550859666,1.11053554252211,172.638687133789,-17.5472101146272,-40.5181747662732,-172.638687133789,4.33136081695557,19.5826358795166,6.76000022888184,15.9840002059937,35.3199996948242,991.464000455477
2.3,-0.0517644009769132,0.0441727423295136,0.484934246764547,0.572200604411765,0.580365749291793,-17.4650196717836,1.10151958120787,1.05075262424199,0.615275094913629,-0.0320728281193104,-0.00943105171017799,-2.33281633465383,1.1375787526756,1.00088504364199,0.609639057052611,17.9729671023639,7.66028050261616,1.1668321470217,-6.83571231202435,-18.3072055207826,1.09004784656571,7.07949902089617,-5.94462823382589,-2.81,0.195149457089252,-0.0869013494039151,19.531457901001,19.0178021028015,0.169839307235153,1.11053549913692,172.610000610352,-17.8243048314354,-41.2102338270113,-172.610000610352,4.33086013793945,19.6399993896484,7.07999992370605,15.9790000915527,35.3199996948242,991.47155730176
2.325,-0.0402326567709231,0.0256230361557473,0.486054850525988,1.10051016323888,0.821583646499544,-19.9922254855333,1.1499423057713,0.973387371846807,0.565795562655429,-0.0219295808094546,-0.000450994996208249,-2.32755363395453,1.16956557418021,1.00354463115527,0.597375346945127,18.2348954651152,6.99218129900828,1.40701561264276,-7.41410749000802,-18.0781950616813,1.26157770847111,7.07975421758313,-5.94448157730809,-2.81,0.210611866563684,-0.119021045820837,19.531457901001,19.3358934408461,0.169839307235153,1.11053549913692,172.610000610352,-17.8243048314354,-41.2102338270113,-172.610000610352,4.33086013793945,19.6399993896484,7.07999992370605,15.9790000915527,35.3199996948242,991.47438747199
2.35,-0.00624672946163426,-0.0304942388956304,0.487175443620062,1.38116175848679,0.846065722312575,-21.6607764299311,1.14807503113408,0.806493819127874,0.497857577921676,0.00946861490211876,0.0221866462929577,-2.31320857749961,1.15024435507887,0.869849552091668,0.533144253457934,18.2391365613196,6.93577424025076,1.38143013466545,-7.24886475263606,-18.1396666214643,1.04205119417451,7.08009482485726,-5.9442865998001,-2.81,0.226728329797681,-0.118611600139409,19.559070764586,19.2063706839367,0.169839307235153,1.11053549913692,172.610000610352,-17.8243048314354,-41.2102338270113,-172.610000610352,4.33086013793945,19.6399993896484,7.07999992370605,15.9790000915527,35.3199996948242,991.47721764222
2.375,0.00687594136287882,-0.0687530599768023,0.488296036694173,1.7057354095097,0.868193167672983,-22.4027355020645,1.13508066752941,0.602567411647295,0.416269589359104,0.037777869835095,0.037596490807026,-2.30095784823134,1.12295641414765,0.647465461281814,0.457153922307542,18.2745565709659,6.81074035487298,1.29427482173051,-7.18479308847336,-18.1564157285809,0.862592330048888,7.08043543213138,-5.9440916222921,-2.81,0.237044667875814,-0.121348661324813,19.5972587674163,19.1344072091312,0.169839307235153,1.11053549913692,172.610000610352,-17.8243048314354,-41.2102338270113,-172.610000610352,4.33086013793945,19.6399993896484,7.07999992370605,15.9790000915527,35.3199996948242,991.480047812449
2.4,0.0113241207409966,-0.0812397979058035,0.4894166404617,1.77392616051617,0.676305885665709,-22.223576500994,1.03548561645264,0.38459381693515,0.333578814411273,0.0663171400612795,0.0496066201656348,-2.29023011715925,1.06694212402363,0.429306835457908,0.369767483701813,18.2831583477007,6.745834636705,1.2057665676247,-7.08412943588474,-18.1796392157335,0.741528994620443,7.08078226211811,-5.94388129077161,-2.81,0.247216742664969,-0.120490365469885,19.6072463989258,19.051820217767,0.169839227247661,1.11053548506605,172.595733642578,-17.9141733871266,-41.437452625648,-172.595733642578,4.33143377304077,19.6424789428711,7.07999992370605,15.9790000915527,35.3199996948242,991.483570660732
2.425,0.0172385368166768,-0.132698833558939,0.490537214850781,1.73264229476655,0.600811450989537,-21.1930133781869,0.880907139088536,0.13561344685331,0.252246036774215,0.103741057217121,0.0539215393364429,-2.27922868728638,0.79349547624588,0.0370946750044823,0.234912693500519,18.4189521354244,6.55984410963945,0.376526644957833,-7.07867691245961,-18.2296436705576,0.0595788359852462,7.0811311802496,-5.94366580693206,-2.81,0.221233611232622,-0.123904283366655,19.6072463989258,18.9652287089765,0.169838903964879,1.11053542819628,172.5380859375,-18.2773921375949,-42.3557952700691,-172.5380859375,4.33375215530396,19.6525039672852,8.72999954223633,15.9049997329712,35.3199996948242,991.489200404756
2.45,0.0139271027121317,-0.155998655854456,0.49165781595424,1.46232560391604,0.367839180002972,-19.4170507493375,0.656520109688576,-0.134863037776685,0.185715901969243,0.119805569328051,0.046024612078477,-2.27623786037823,0.646896967933731,-0.230960395059031,0.166999099928426,18.395929024877,6.61428105302367,0.0218257930922574,-6.94142926304029,-18.2749754585537,-0.0350239548767542,7.08148009838108,-5.94345032309251,-2.81,0.210477129998778,-0.118316061072177,19.6664080804633,18.8787973975081,0.169838580682096,1.11053537132651,172.480438232422,-18.6406108866451,-43.2741379145691,-172.480438232422,4.3360710144043,19.6625328063965,8.72999954223633,15.9049997329712,35.3199996948242,991.494830148781
2.475,0.00296804491755719,-0.189016052619306,0.492765592619093,1.09077914531088,0.282836394756928,-16.8134922639819,0.420785900847427,-0.3971998528899,0.132588936759542,0.12624296696607,0.0320470590703801,-2.27621574921189,0.383430708130463,-0.42958698955785,0.124077421764279,18.3606486383462,6.64625638534747,-0.171343086444858,-6.87571096584504,-18.2765966694466,0.0781902192142972,7.08182901651257,-5.94323483925296,-2.81,0.203342268575479,-0.115452441028829,19.7448878620946,18.8485113241326,0.169838257399314,1.11053531445674,172.422790527344,-19.0038296356953,-44.1924805589902,-172.422790527344,4.33838939666748,19.6725578308105,8.72999954223633,15.9049997329712,35.3199996948242,991.500459892805
2.5,4.8701754714095e-05,-0.197811435699416,0.491229236957632,0.720931296918007,0.215232608402945,-13.7282009699777,0.172570994794583,-0.595847627171546,0.0961577340215392,0.132680364604089,0.0180695060622829,-2.27619363804556,0.11996444832719,-0.628213584056673,0.0811557436001315,18.3371165714053,6.68260407415957,-0.372408818347266,-6.81209173043117,-18.2922787313008,0.183506855061426,7.08217793464406,-5.9430193554134,-2.81,0.195615851684836,-0.112268557387555,19.7629985809326,18.8285958039911,0.169838017436836,1.11053527224412,172.380004882812,-19.273435305605,-44.8741369548215,-172.380004882812,4.34011030197144,19.6800003051758,8.72999954223633,15.9049997329712,35.3199996948242,991.504638671875
2.525,-0.00860698376229967,-0.199594710065082,0.489021959192781,0.29284507040341,0.281189112834725,-10.3957627691552,-0.0547171794603968,-0.701534034879958,0.0716836566333309,0.128736263156474,-0.00140601380763088,-2.27781668582621,-0.142447654890502,-0.759771940361332,0.0583847237454587,18.3248200873163,6.78227528966469,-1.52377598222121,-6.64121831722366,-18.4292312095206,-0.61468599325584,7.08297181068941,-5.94257205589119,-2.81,0.132279640198204,-0.108638069353461,19.7629985809326,18.6839357490394,0.169838017436836,1.11053527224412,172.380004882812,-19.273435305605,-44.8741369548215,-172.380004882812,4.34011030197144,19.6800003051758,8.55000019073486,15.9209995269775,35.3199996948242,991.504638671875
2.55,-0.0451985244480007,-0.196993081320834,0.486814744415079,-0.166070473513739,0.178788473813077,-7.16552273011871,-0.259608754313158,-0.737071843277554,0.0565118237704622,0.12284565208902,-0.0197646842250636,-2.27960391681575,-0.289170513265023,-0.750349651100566,0.047519955347461,18.2679031402448,6.89038433833105,-2.0027479542784,-6.52585632867671,-18.4934109103422,-0.782069637792358,7.08392151247372,-5.94204357374713,-2.81,0.103649787146191,-0.104430891107763,19.7720534302467,18.6245906386578,0.169838017436836,1.11053527224412,172.380004882812,-19.273435305605,-44.8741369548215,-172.380004882812,4.34011030197144,19.6800003051758,8.55000019073486,15.9209995269775,35.3199996948242,991.504638671875
2.575,-0.0578823823755884,-0.209171943713565,0.484607498443339,-0.286881008879101,0.21416151742409,-4.42086340607836,-0.476451387111675,-0.70449166371096,0.05176307989567,0.108064525609961,-0.0382028437350985,-2.28141678119255,-0.500451806567194,-0.692248273732317,0.0384646056933995,18.2772353711052,6.94423884074006,-2.05940212594552,-6.54487925263175,-18.5290635128933,-0.599402959625129,7.08487121425803,-5.94151509160307,-2.81,0.0929549150532571,-0.104296155666661,19.7835939244707,18.6843039025521,0.169838017436836,1.11053527224412,172.380004882812,-19.273435305605,-44.8741369548215,-172.380004882812,4.34011030197144,19.6800003051758,8.55000019073486,15.9209995269775,35.3199996948242,991.504638671875
2.6,-0.0584643851013518,-0.215293208236524,0.482400273236154,-0.558560207569901,0.424610072402822,-2.26312906562319,-0.631110964073102,-0.617439133305614,0.0360871939495025,0.0901655900632751,-0.0531111315621578,-2.2829107957025,-0.699260180706083,-0.563451708898981,0.0223191509624668,18.260407868035,7.06724086273752,-2.20052017849409,-6.49109631617336,-18.5945070948539,-0.583654425572301,7.08557815690135,-5.94111778552669,-2.81,0.0764136171136187,-0.101230122712319,19.7859020233154,18.6920027118018,0.169837929493889,1.11053525793873,172.382019042969,-19.3648016712432,-45.1239546460781,-172.382019042969,4.34250211715698,19.6934375762939,8.55000019073486,15.9209995269775,35.3193283081055,991.5079437177
2.625,-0.0771447608271906,-0.182955217697221,0.480193058604859,-0.711644333111809,0.373962885795772,-1.12237706765622,-0.71160670751489,-0.448281778377365,0.0168050580144707,0.0711182427696272,-0.0636059823015915,-2.28383160964675,-0.748094573924746,-0.373042185166933,0.0111301501402514,18.2772872328073,7.17640386283854,-2.15049977975575,-6.46962975205427,-18.6576416347723,-0.47005297103885,7.08615196727341,-5.94079241811245,-2.81,0.0695070748799974,-0.0987785426682739,19.7859020233154,18.7337349217839,0.169837601399049,1.11053520456864,172.389526367188,-19.7056684970567,-46.0559668021655,-172.389526367188,4.35142612457275,19.7435646057129,8.55000019073486,15.9209995269775,35.316822052002,991.520274080971
2.65,-0.0793809649232167,-0.151081398729741,0.477985812394603,-0.799467327557683,0.562548820770022,-1.11647765039273,-0.83123932871817,-0.197739724090546,-0.00154069004830322,0.0517110396631888,-0.0651827815122209,-2.28430637567566,-0.870027103517067,-0.112036601923674,-0.00770219921725072,18.3222412064164,7.2544705497872,-2.00931860387276,-6.47977361461251,-18.7134377875214,-0.434749481470625,7.08672577764548,-5.9404670506982,-2.81,0.0674154840280135,-0.0978330611791379,19.7714893281922,18.7840491436126,0.169837273304209,1.11053515119855,172.397064208984,-20.0465353242884,-46.987978958253,-172.397064208984,4.36035060882568,19.7936935424805,6.51000022888184,16.0090007781982,35.3143157958984,991.532604444243
2.675,-0.0787715064651413,-0.140613997416042,0.47577858200859,-0.797111997032641,0.600324594297828,-2.23683304058428,-0.845782421861845,0.0687020638970342,-0.0331585590246038,0.0408566012779705,-0.0648754913713632,-2.28459454805297,-0.826597598133265,0.00933220939516239,-0.0176381333986162,18.3970227697865,7.29985614682933,-1.86413889711578,-6.51500005331641,-18.7785084607175,-0.368449019856138,7.08729958801754,-5.94014168328396,-2.81,0.0695950620446988,-0.0968765157700945,19.7538133813429,18.8628573719144,0.169836945209369,1.11053509782845,172.404586791992,-20.3874021501019,-47.9199911142616,-172.404586791992,4.36927461624146,19.8438243865967,6.51000022888184,16.0090007781982,35.3118095397949,991.544934807514
2.7,-0.0743504631790082,-0.125947885102991,0.473572892190402,-0.727899855207528,0.63802828842961,-4.4464670961386,-0.848991279986118,0.303723723804386,-0.0551071558131166,0.0135071222125785,-0.0544957650773571,-2.28570785296997,-0.782508737972909,0.301428436340027,-0.0459151148730685,18.4579253698323,7.34241749552715,-1.59925387394396,-6.57525788299163,-18.8065763256668,-0.492328416071674,7.08767107308314,-5.93987369094142,-2.81,0.0703331411511874,-0.0987900236702701,19.7508220672607,18.9102952361973,0.169836708439897,1.11053505931395,172.410003662109,-20.6333885203276,-48.5925772062518,-172.410003662109,4.37571477890015,19.8799991607666,6.51000022888184,16.0090007781982,35.3106994628906,991.551405795785
2.725,-0.0701163821841613,-0.117459439580864,0.474199674277409,-0.554087184985304,0.730005543393488,-6.87997387298893,-0.787559162501259,0.458624497979161,-0.0809748478925894,-0.00496998378130333,-0.0426301683020744,-2.28700176791174,-0.713319730546919,0.462166848802961,-0.0626821342837061,18.4998542193772,7.37462826882339,-1.25529663607509,-6.61284451683982,-18.8208250036509,-0.502345960596612,7.08798294878712,-5.93962260252185,-2.81,0.0795852970775011,-0.0996659869488848,19.7508220672607,18.9463272353062,0.169836708439897,1.11053505931395,172.410003662109,-20.6333885203276,-48.5925772062518,-172.410003662109,4.37571477890015,19.8799991607666,6.51000022888184,16.0090007781982,35.3132019042969,991.542685811834
2.75,-0.057895246442063,-0.0929586222626376,0.475818308509812,-0.365258212692788,0.573543970338287,-9.467603165922,-0.689627373819588,0.579582609153415,-0.0916646105383343,-0.0190057930614527,-0.0312433535456437,-2.28827551039528,-0.636074007773224,0.564150524354168,-0.0739787971374571,18.5298712751664,7.40089508320275,-0.892169568193394,-6.6358840156072,-18.833079756693,-0.453314741290024,7.08829482449109,-5.93937151410229,-2.81,0.0919833103154806,-0.100102571329397,19.7598641565604,18.9777438724595,0.169836708439897,1.11053505931395,172.410003662109,-20.6333885203276,-48.5925772062518,-172.410003662109,4.37571477890015,19.8799991607666,6.1100001335144,16.0219993591309,35.3157119750977,991.533965827883
2.775,-0.0425390891805216,-0.0718220884074327,0.477436942731046,-0.0923374688030818,0.519949863679407,-12.1511826484529,-0.617614869486551,0.645252983285847,-0.0922439429971299,-0.0388941726142516,-0.00993214883398827,-2.29097523681666,-0.53614941973175,0.625637938065178,-0.0791742967741246,18.5362728272852,7.4533951965432,-0.338433439429182,-6.64004120085955,-18.840750625251,-0.443865074453413,7.08860670019506,-5.93912042568273,-2.81,0.11179421491503,-0.0999250078283459,19.7705502620963,18.9875335281715,0.169836708439897,1.11053505931395,172.410003662109,-20.6333885203276,-48.5925772062518,-172.410003662109,4.37571477890015,19.8799991607666,6.1100001335144,16.0219993591309,35.3182182312012,991.525245843932
2.8,-0.0374705088775778,-0.0649475992981408,0.479055561494334,0.21090703184008,0.578988227759891,-13.8532173606239,-0.515919777483988,0.609827340837169,-0.0956747196355111,-0.0467519499361515,-0.00108942575752735,-2.29211497306824,-0.497448265552521,0.643150269985199,-0.0803439393639565,18.491684964073,7.52683089728567,0.398923073865535,-6.5514248521849,-18.8634328012296,0.0668666238969056,7.08889067898607,-5.93891491081334,-2.81,0.147117327804877,-0.0969218379666639,19.772029876709,19.009937718501,0.169836612721892,1.11053504428698,172.415802001953,-20.7293635304291,-48.8644813436797,-172.415802001953,4.37555074691772,19.8734893798828,6.1100001335144,16.0219993591309,35.319278717041,991.518358491804
2.825,-0.0144022951110721,-0.0475888812053722,0.480674203429461,0.393634480246182,0.392721999390206,-15.6313930080254,-0.424526278202627,0.525174401984976,-0.0945198109828659,-0.0577605448687165,0.0140384911731915,-2.29488323970567,-0.50260224726181,0.582644177830924,-0.0852610205518685,18.4615674618035,7.52135438355327,0.506119947613519,-6.58258098165246,-18.8226101179982,-0.188091139900082,7.0891589796174,-5.93873500843365,-2.81,0.14786875015078,-0.0987621557695346,19.772029876709,18.9680024641002,0.169836281127374,1.11053499222927,172.435836791992,-21.0618483839653,-49.8064349627757,-172.435836791992,4.37498188018799,19.8509292602539,6.1100001335144,16.0219993591309,35.3167686462402,991.515987268098
2.85,-0.00843698618246278,-0.0461402203583936,0.482292860800826,0.561206926612331,0.473110477763033,-16.6127954568627,-0.357753569841136,0.416063962372564,-0.0907669512411608,-0.0701538547873497,0.0296324528753757,-2.29843235015869,-0.408277004957199,0.431416183710098,-0.0864015147089958,18.3960431732082,7.56713082259908,0.695556004851208,-6.55991658834769,-18.7878012256944,-0.381694813263014,7.08942728024873,-5.93855510605396,-2.81,0.152504681259959,-0.0981014576557954,19.7612751361936,18.9024966596008,0.169835949532855,1.11053494017155,172.455902099609,-21.3943332403377,-50.7483885817929,-172.455902099609,4.37441349029541,19.8283729553223,6.46999979019165,15.9940004348755,35.3142623901367,991.513616044392
2.875,-0.00108566766294197,-0.0411979289423136,0.483911495005927,0.636507193255713,0.473057013936858,-16.6026867511355,-0.243697681965734,0.2762212570043,-0.0940612295469755,-0.0758168191136656,0.034340475098493,-2.30079135617638,-0.330052544052142,0.282195688569641,-0.090940620959668,18.3256886788888,7.5851746645486,0.869011644172606,-6.5351423891129,-18.7429723033248,-0.337379127672821,7.08969558088007,-5.93837520367427,-2.81,0.159415532385205,-0.0979794574774532,19.7490109584128,18.8602166098698,0.169835617938337,1.11053488811384,172.475952148438,-21.7268180952921,-51.6903422008889,-172.475952148438,4.37384462356567,19.8058128356934,6.46999979019165,15.9940004348755,35.3117599487305,991.511244820686
2.9,0.00106845202548765,-0.0377540004907564,0.485530129223098,0.624623127866375,0.411948728274656,-15.5234072625639,-0.182187059882347,0.0916627838931519,-0.09676337787193,-0.0814843146387219,0.0365847421666282,-2.30433132558084,-0.093340113113747,-0.00420881250638678,-0.0985422191982671,18.2399456242009,7.64475425487712,0.848487032438453,-6.4978609986749,-18.6932767364864,-0.443871074207216,7.09007576893717,-5.93813434065117,-2.81,0.156100772782306,-0.0957650094099389,19.7476902008057,18.7862782166168,0.169835385480324,1.11053485161977,172.490005493164,-21.9599002618711,-52.3506808204582,-172.490005493164,4.37344598770142,19.7900009155273,6.46999979019165,15.9940004348755,35.310001373291,991.510410358123
2.925,0.00040178127132982,-0.0298812447700794,0.487148767296156,0.429149634990016,0.439554676569615,-13.7110551232772,-0.0945390174800349,-0.0977494340143902,-0.100432147537492,-0.085339802244411,0.0340108283014259,-2.30678578162578,-0.145497093860468,-0.148787913493952,-0.109488580333154,18.1809726011724,7.63848822683177,0.800673844982889,-6.51018240115081,-18.6260686778371,-0.471631672295682,7.09051297706201,-5.93786241086616,-2.81,0.151892128988142,-0.0966882883375276,19.7476902008057,18.7466652895962,0.169835385480324,1.11053485161977,172.490005493164,-21.9599002618711,-52.3506808204582,-172.490005493164,4.37344598770142,19.7900009155273,6.46999979019165,15.9940004348755,35.310001373291,991.513179335483
2.95,-0.00532946044276773,-0.0282426111758735,0.488655662906851,0.29653902263477,0.432143339969493,-11.7653762686043,-0.055761657939406,-0.243625115631392,-0.111804055173379,-0.0835282807134514,0.025767678853006,-2.30947996229315,0.0243818877572604,-0.281821736106298,-0.118186460083375,18.1197771790008,7.70953528251405,0.679209909063577,-6.47474355712511,-18.6041550785882,-0.433237891747858,7.09095018518684,-5.93759048108115,-2.81,0.146376275112394,-0.092805829849085,19.7246914797051,18.7114644945884,0.169835385480324,1.11053485161977,172.490005493164,-21.9599002618711,-52.3506808204582,-172.490005493164,4.37344598770142,19.7900009155273,6.90999984741211,16.003999710083,35.310001373291,991.515948312843
2.975,-0.0134564834505202,-0.0300583995052147,0.489639714801006,0.0408608451382434,0.450281704572016,-10.1457219874292,0.0308625335942017,-0.293925956864441,-0.123236053928466,-0.082449938131727,0.0195009809332116,-2.31278657083079,0.0439305363742911,-0.251710606743209,-0.134145171711976,18.1000249115846,7.69240689405541,0.647747899974803,-6.53871208688494,-18.5562016641314,-0.340920827358514,7.09138739331168,-5.93731855129614,-2.81,0.144952455469604,-0.0934046548830289,19.6993539056113,18.737987480416,0.169835385480324,1.11053485161977,172.490005493164,-21.9599002618711,-52.3506808204582,-172.490005493164,4.37344598770142,19.7900009155273,6.90999984741211,16.003999710083,35.310001373291,991.518717290203
3,-0.0154540252794331,-0.0314396555960756,0.490386777524856,-0.04591780282082,0.498449663577744,-8.93277990924896,0.101523546770917,-0.246842875464415,-0.13557412801185,-0.0813715955500025,0.0132342830134173,-2.31609317936842,0.0634791849913219,-0.22159947738012,-0.150103883340576,18.1048451436588,7.67920134453636,0.604991302099326,-6.61645213634648,-18.5277121447839,-0.260785829505727,7.09183647261624,-5.9370393388902,-2.81,0.142720736390118,-0.0936726879036253,19.6974048614502,18.7867163490254,0.169835283060615,1.11053483565474,172.491561889648,-22.0618665103423,-52.6416223471292,-172.491561889648,4.37366247177124,19.7923278808594,6.90999984741211,16.003999710083,35.310001373291,991.522153396015
3.025,-0.015995996410088,-0.0316712242206747,0.49113384202708,-0.141881944480772,0.269540728723959,-8.12690174048679,0.141519725944899,-0.194054758890313,-0.149351680735849,-0.0783297270536423,0.00665145367383957,-2.3197078704834,0.180071532726288,-0.211348012089729,-0.153117224574089,18.0300170337065,7.87508115742299,0.331277871058842,-6.50477610745075,-18.5669413914607,-0.405878870599522,7.09240468299478,-5.93668704306105,-2.81,0.129757537682432,-0.0831042274769045,19.6974048614502,18.7132693230808,0.169834951903557,1.11053478403449,172.496551513672,-22.3915573745375,-53.5823332833393,-172.496551513672,4.37436199188232,19.7998447418213,8.73999977111816,15.9379997253418,35.310001373291,991.527079422037
3.05,-0.0259419794944621,-0.0374847569999327,0.491880902965233,-0.059491641823203,0.208328077806276,-7.55612398817442,0.125306292075186,-0.166243455342535,-0.160063234735679,-0.0772145100193094,0.00569457731220228,-2.32107480131476,0.136294923206187,-0.186367776282271,-0.160006901566091,18.0018862650387,7.90207798231914,0.286002702056839,-6.49371494071805,-18.5537586715204,-0.42690574053461,7.09297289337331,-5.9363347472319,-2.81,0.127974543293913,-0.0815870650727823,19.6864573012951,18.6942935420345,0.169834620746498,1.11053473241423,172.501586914062,-22.7212482387327,-54.5230442194706,-172.501586914062,4.37506198883057,19.8073654174805,8.73999977111816,15.9379997253418,35.310001373291,991.532005448058
3.075,-0.0279730849213155,-0.045897120296901,0.492627969251744,-0.130820660373655,0.211436565153538,-7.14769365944205,0.128039181967922,-0.139633725027811,-0.166894657329927,-0.0722761059905784,0.000668813913545116,-2.32696229361585,0.0971402869738402,-0.117087943008608,-0.175781424020283,17.9988038100119,7.94811464540731,0.262936210464779,-6.5687573360291,-18.5457600418297,-0.323746798977419,7.09354110375184,-5.93598245140275,-2.81,0.128651807425661,-0.0781267179378081,19.6747918683429,18.7575676599411,0.16983428958944,1.11053468079398,172.506576538086,-23.0509391029279,-55.4637551556018,-172.506576538086,4.37576198577881,19.814884185791,8.73999977111816,15.9379997253418,35.310001373291,991.536931474079
3.1,-0.0281331219082208,-0.0479428512945784,0.493375035531478,-0.0512164594000909,0.0782387683109112,-7.29326077827861,0.112742711894808,-0.0893010154312012,-0.172314521891191,-0.0704541015147108,-0.00285594215649539,-2.3326260901757,0.0999265091371838,-0.0833883499599753,-0.175272054088448,17.9555724999732,8.06393762075158,0.212373334307133,-6.56322362330904,-18.5554877988995,-0.304539655250573,7.0940804068066,-5.93566505572806,-2.81,0.126647591405894,-0.0715315990188484,19.6742534637451,18.7632409508377,0.16983406426608,1.11053464567092,172.509994506836,-23.275264846161,-56.1038265142781,-172.509994506836,4.37623834609985,19.8199996948242,8.73999977111816,15.9379997253418,35.310001373291,991.539872516957
3.125,-0.0312900032524031,-0.054582072247999,0.494122092911417,-0.0445797680047366,0.16636086025711,-7.54022357643856,0.102638137110332,-0.023377729382728,-0.176402317874742,-0.0661930408085638,-0.00428121003533866,-2.33728576125632,0.129148936934981,-0.00205201251707608,-0.180368008333484,17.9040141649527,8.16519381686227,0.241796290152938,-6.53875101451282,-18.5601173738004,-0.222164292012574,7.09461104311807,-5.93535812351521,-2.81,0.130309669125796,-0.0654887195680263,19.6742534637451,18.7603305081133,0.16983406426608,1.11053464567092,172.509994506836,-23.275264846161,-56.1038265142781,-172.509994506836,4.37623834609985,19.8199996948242,8.73999977111816,15.9379997253418,35.310001373291,991.538587466691
3.15,-0.0309672115468774,-0.055881961708267,0.494869160980385,0.0137370677258597,-0.0405877195955146,-7.5891549423378,0.0972899038532265,0.0210835273300502,-0.17899743194839,-0.0660482771168534,-0.00257768315223958,-2.34158000135777,0.0483106515598089,0.0305298504578505,-0.182978627777611,17.8959457015522,8.22077315335092,0.238436049555843,-6.57284392546572,-18.5643131457357,-0.258526014198834,7.09514167942954,-5.93505119130237,-2.81,0.130077049955233,-0.0622861106124841,19.662997267967,18.7835595005191,0.16983406426608,1.11053464567092,172.509994506836,-23.275264846161,-56.1038265142781,-172.509994506836,4.37623834609985,19.8199996948242,9.3100004196167,15.918999671936,35.310001373291,991.537302416424
3.175,-0.0287296460430548,-0.0590440246292235,0.495616229040428,0.0405463763584561,-0.034643659653469,-7.9627627635668,0.0287530912816725,0.0441300047791615,-0.17456670592334,-0.0658807336593721,-0.00283514761487066,-2.34379311815354,0.0511123694068772,0.0207561496676296,-0.17332978065018,17.8697903634971,8.29249589428815,0.263496824686269,-6.54320547462997,-18.5821637832743,-0.232330835411265,7.09553879928724,-5.93481468609839,-2.81,0.13150986716323,-0.0583818648356619,19.6513837326405,18.7780500286163,0.16983406426608,1.11053464567092,172.509994506836,-23.275264846161,-56.1038265142781,-172.509994506836,4.37623834609985,19.8199996948242,9.3100004196167,15.918999671936,35.310001373291,991.536017366158
3.2,-0.0281113155724142,-0.0593591422922027,0.496363286422915,0.150974766416438,-0.00808024816527336,-8.84616565945315,0.0404865449390632,0.0807855297598768,-0.171028460088953,-0.0656179791992898,-8.69030031634343e-05,-2.34982596398258,0.0247202376761654,0.0707156242484477,-0.166220813810212,17.8461487945001,8.33070612030237,0.3107156508579,-6.60869221249366,-18.5540389185033,-0.234654054210039,7.09576990297149,-5.93466575079452,-2.81,0.134079464364311,-0.0560015049079722,19.6512050628662,18.8067346384375,0.169833955018391,1.11053462878587,172.517440795898,-23.3831071141249,-56.4141641427535,-172.517440795898,4.37657070159912,19.8150386810303,9.3100004196167,15.918999671936,35.310001373291,991.531532622739
3.225,-0.027607692650469,-0.0598293332559231,0.496980988440452,0.259185298262872,-0.077615816157382,-9.63311718941231,0.0136602793139545,0.117289759914583,-0.162783937493456,-0.0652144406568096,0.00291234328335399,-2.35430446513115,-0.00975773383302828,0.105374993753629,-0.162028999576889,17.8198512405156,8.39475235269204,0.353309218393057,-6.62538226751867,-18.5522878600814,-0.246409551077811,7.09600100665573,-5.93451681549065,-2.81,0.136614973790678,-0.0523419049884662,19.6512050628662,18.8163891615876,0.169833623861333,1.11053457760308,172.539993286133,-23.7100039889792,-57.3548750788848,-172.539993286133,4.37757635116577,19.7999992370605,9.3100004196167,15.918999671936,35.310001373291,991.520548502604
3.25,-0.0242983564728729,-0.0593617322934476,0.497,0.365904779482018,-0.104513466600932,-10.0966946087174,-0.00804219548453853,0.118335447171014,-0.153508197306521,-0.064783051145887,0.0054332615466291,-2.35756863360436,-0.0414182311366111,0.123960383520644,-0.15830871078779,17.7841715055902,8.4652146005204,0.400883659582248,-6.60845515703682,-18.5570960433805,-0.24459958261014,7.09623211033998,-5.93436788018677,-2.81,0.139550007446551,-0.0484324553920148,19.6435472798902,18.8077909037725,0.169833292704274,1.11053452642028,172.562561035156,-24.0369008638334,-58.2955860150949,-172.562561035156,4.37858295440674,19.7849617004395,9.97000026702881,15.9040002822876,35.310001373291,991.509564382469
3.275,-0.0209474418793656,-0.0598456581976195,0.497,0.403270594540756,-0.145350780804225,-10.4339120803528,-0.0294806448572889,0.0897557679899515,-0.147064218183026,-0.0664518876417837,0.00760517108166451,-2.36181621841232,-0.0764488617870317,0.101814848475442,-0.149757684246247,17.7486310194378,8.52114708690704,0.440494746706851,-6.62074871744322,-18.5449535908669,-0.261283554395927,7.09646321402422,-5.9342189448829,-2.81,0.140951223136131,-0.0454716665454154,19.63600730896,18.8066075357654,0.169832961547215,1.11053447523749,172.58512878418,-24.3637977372695,-59.2362969512261,-172.58512878418,4.37958908081055,19.7699241638184,9.97000026702881,15.9040002822876,35.310001373291,991.498580262334
3.3,-0.0198509250535688,-0.0612735493754543,0.497,0.433629635381927,-0.170343387240824,-10.4064003143069,-0.0687210350656196,0.0704548593441139,-0.140257767945234,-0.0688066143823054,0.00966310160624513,-2.36638496659422,-0.11258010807509,0.0663674383498721,-0.139629038968443,17.7175526428218,8.57690304105737,0.471611591030541,-6.64264546264666,-18.5334371576223,-0.290384747704698,7.09669431770847,-5.93407000957903,-2.81,0.141514248167314,-0.04256163480514,19.63600730896,18.8112192893188,0.169832743051837,1.1105344414674,172.600006103516,-24.5794822731973,-59.8569722080981,-172.600006103516,4.38025283813477,19.7600002288818,10.4899997711182,15.9049997329712,35.310001373291,991.487554505814
3.325,-0.0193652933603591,-0.0598104405391977,0.497,0.448105924291244,-0.147232887143089,-10.6210087729363,-0.0846745958154876,0.0645170774414015,-0.133191667622737,-0.0695630433820118,0.0101923750475464,-2.36771368636704,-0.112230687749139,0.0581837408449393,-0.135284528758354,17.6389028179799,8.72344905690219,0.556427045659929,-6.5051699558291,-18.5787096840333,-0.231035602956615,7.09719144994547,-5.93376088771346,-2.81,0.146162975254232,-0.0349101742323983,19.6358825772308,18.7502006185554,0.169832743051837,1.1105344414674,172.600006103516,-24.5794822731973,-59.8569722080981,-172.600006103516,4.38025283813477,19.7600002288818,10.4899997711182,15.9049997329712,35.310001373291,991.476447999939
3.35,-0.017956300694933,-0.0549199228986082,0.497,0.460558467528868,-0.244192803736539,-10.9733939916122,-0.128055649913926,0.0710882202601344,-0.121661226813289,-0.0715800611845311,0.0114346179867146,-2.37101772700289,-0.094369387707333,0.0714936721676961,-0.123342313734916,17.624454715304,8.73747622245984,0.552570843081456,-6.54628396922873,-18.5564174336363,-0.275258985923866,7.09776068935829,-5.9334083471981,-2.81,0.14494796444241,-0.0342244226823124,19.6318287960319,18.7596701743463,0.169832743051837,1.1105344414674,172.600006103516,-24.5794822731973,-59.8569722080981,-172.600006103516,4.38025283813477,19.7600002288818,10.4899997711182,15.9049997329712,35.310001373291,991.465341494065
3.375,-0.0170014030429472,-0.0523761529837846,0.497,0.51571701147628,-0.108605342180648,-10.978957076156,-0.13925556699388,0.0382824405473879,-0.112658422379631,-0.0768167272869178,0.0124711394874721,-2.37502200416159,-0.121839982351449,0.0308674868556109,-0.110272281465857,17.5948838977831,8.76322510403618,0.565605795122324,-6.58056187657486,-18.527887094449,-0.32797670629243,7.09832992877111,-5.93305580668274,-2.81,0.14309404855745,-0.0332523678884511,19.6279621124268,18.7590590334421,0.169832743051837,1.1105344414674,172.600006103516,-24.5794822731973,-59.8569722080981,-172.600006103516,4.38025283813477,19.7600002288818,10.4899997711182,15.9049997329712,35.310001373291,991.45423498819
3.4,-0.0166982454796039,-0.0517148686739534,0.497,0.489235487336748,-0.292405000343585,-11.2223352945136,-0.17518089340557,-0.011891677550889,-0.102494309695255,-0.0822678109464674,0.0126082822169959,-2.37846200055257,-0.194707315149023,-0.00922563486318589,-0.0999192840369801,17.5416422445739,8.81656973831943,0.585461114594287,-6.5680819426739,-18.5071069856051,-0.362173883178113,7.09875606654147,-5.93279943523692,-2.81,0.141643853247984,-0.030880160096338,19.6279621124268,18.7319919987058,0.169832627129503,1.11053442352704,172.602645874023,-24.6940646830862,-60.1862703587153,-172.602645874023,4.3796854019165,19.7564849853516,10.4899997711182,15.9049997329712,35.3091239929199,991.446919601401
3.425,-0.0179755287435421,-0.0428402039514397,0.497,0.544905933135251,-0.0999924611487278,-11.2859453231729,-0.211136305086107,-0.0361128703478748,-0.0894650740841848,-0.0865616742846493,0.0120136125766878,-2.37987713122667,-0.22093388102793,-0.033403432239349,-0.0907984534353592,17.5114898301089,8.86748056015613,0.573120812058305,-6.53833088431129,-18.512113382751,-0.406007846474732,7.09908999743593,-5.93260502988255,-2.81,0.138951504310001,-0.0285892373512092,19.6267370918924,18.7083525993075,0.169832296409904,1.11053437234424,172.610153198242,-25.0209615565223,-61.1257386120394,-172.610153198242,4.37806701660156,19.7464599609375,10.4899997711182,15.9049997329712,35.3066139221191,991.446628935269
3.45,-0.0192707525540619,-0.0339283783852143,0.497,0.535990882507192,-0.180908583090978,-11.070908332167,-0.185340430427392,-0.0601659588405154,-0.0802796626530842,-0.0929706778047283,0.00886311430109261,-2.38242229324133,-0.148679362191959,-0.069050972784771,-0.0763659156228158,17.4862980516209,8.89143451948032,0.591264552432628,-6.55116556775293,-18.4961242362194,-0.39171300401711,7.09942392833038,-5.93241062452818,-2.81,0.136519355097033,-0.0278350520482158,19.6068305082099,18.7091850517898,0.169831965690306,1.11053432116145,172.61767578125,-25.3478584313765,-62.0652068652848,-172.61767578125,4.37644815444946,19.7364349365234,10.2600002288818,15.9010000228882,35.3041076660156,991.446338269138
3.475,-0.0214988024285611,-0.0279304927842449,0.495875977698176,0.499502152476224,-0.188841265494042,-10.976868053422,-0.211046360919234,-0.0774203540484503,-0.0686475345684658,-0.0975903063070695,0.00666132378606253,-2.38385026567794,-0.143861888051607,-0.0800756251830969,-0.0659007576688395,17.4747673647982,8.89262309744755,0.570182860353434,-6.57090549437327,-18.4776082067496,-0.415384693015949,7.09975785922483,-5.93221621917381,-2.81,0.132929487239825,-0.0281614501306471,19.5884552001953,18.7085028561289,0.169831634970707,1.11053426997865,172.625198364258,-25.6747553048126,-63.0046751185301,-172.625198364258,4.37482929229736,19.7264080047607,10.2600002288818,15.9010000228882,35.3016014099121,991.446047603006
3.5,-0.0218092312491304,-0.0276200639636757,0.492911705952343,0.492795263370045,-0.138624789065989,-10.7729995364935,-0.183766881660499,-0.0898786879221409,-0.059469058936722,-0.102209934809411,0.00445953327103245,-2.38527823811455,-0.139044413911256,-0.0911002775814227,-0.0554355997148633,17.4650491064223,8.88038129904316,0.561987816111817,-6.60063810753595,-18.4514489889708,-0.424911040514814,7.10009179011929,-5.93202181381944,-2.81,0.130005014350936,-0.0291865102120197,19.5884552001953,18.7118867532668,0.169831423582922,1.11053423726387,172.630004882812,-25.8836996988154,-63.6051599814527,-172.630004882812,4.37379503250122,19.7199993133545,10.2600002288818,15.9010000228882,35.2999992370605,991.447893167343
3.525,-0.0232436627296269,-0.0245996860949048,0.489991652956912,0.509168007181842,-0.186284671361026,-10.3369256448902,-0.159023841087402,-0.0996431908136939,-0.0425471626551866,-0.107041068375111,0.00284924358129501,-2.38670873641968,-0.183333903551102,-0.0964098274707794,-0.0437708683311939,17.4399174189576,8.88970785058264,0.51218858506938,-6.60752081022056,-18.4266208338868,-0.490179336691849,7.10070654181529,-5.93165058110037,-2.81,0.124909399425309,-0.0291074265984413,19.5877646512763,18.6928153755134,0.169831423582922,1.11053423726387,172.630004882812,-25.8836996988154,-63.6051599814527,-172.630004882812,4.37379503250122,19.7199993133545,10.460000038147,15.8420000076294,35.2999992370605,991.453522911367
3.55,-0.0278657749460438,-0.0133102174599968,0.489,0.390975728472999,-0.0928583466801354,-9.5809214183328,-0.0944986578375572,-0.115159059538357,-0.0266201694757112,-0.108450310962141,0.00139552325438582,-2.38684565898136,-0.141708934718818,-0.114339814830467,-0.0356463333666564,17.4291020023379,8.90205455860906,0.526589067736548,-6.59362583908571,-18.4284001045353,-0.464366127008707,7.10141376409821,-5.93122112146182,-2.81,0.124914620617696,-0.028582488202107,19.5802837046542,18.6878460645917,0.169831423582922,1.11053423726387,172.630004882812,-25.8836996988154,-63.6051599814527,-172.630004882812,4.37379503250122,19.7199993133545,10.460000038147,15.8420000076294,35.2999992370605,991.459152655392
3.575,-0.0310574168859621,-0.00632235082017576,0.489,0.253080866394966,-0.176702681184668,-8.61012395825166,-0.0592807584327723,-0.129794345733419,-0.0132956416325391,-0.111050794095399,-0.00331526777477371,-2.38725916092489,-0.0751945342207904,-0.136698882850387,-0.0169271763880694,17.4201370385129,8.88305974159613,0.523814328435923,-6.61016561212176,-18.4061157791478,-0.40610191939892,7.10212098638114,-5.93079166182327,-2.81,0.123129126682582,-0.0297931358532605,19.5736083984375,18.6932940268348,0.169831423582922,1.11053423726387,172.630004882812,-25.8836996988154,-63.6051599814527,-172.630004882812,4.37379503250122,19.7199993133545,10.460000038147,15.8420000076294,35.2999992370605,991.464782399417
3.6,-0.0320203747795499,-0.00474373071769177,0.489,0.11467311408482,-0.185823705710245,-7.96980438825235,-0.013190583626003,-0.106542297865911,-0.00123575455572052,-0.111195276785656,-0.00725739905270097,-2.38711160413013,0.00635907704588469,-0.101721846835704,8.19108777663741e-05,17.417726803059,8.85146844154405,0.497664544066436,-6.63042397029457,-18.3815227874084,-0.361204299811159,7.10282537538284,-5.93036483324582,-2.81,0.121378271620362,-0.0314804531834728,19.5736083984375,18.6983975883314,0.169831301815765,1.11053421778113,172.634643554688,-26.0081330851458,-63.9510614002491,-172.634643554688,4.37293434143066,19.7144184112549,10.460000038147,15.8420000076294,35.2999992370605,991.467011207758
3.625,-0.0353388252393878,-0.00458605513161501,0.489,0.0671642872920025,-0.174924681748421,-7.83696350517897,0.0209050684718227,-0.0207326172635245,0.0118078492306154,-0.109523769824707,-0.00674212842840801,-2.38702372682564,0.031302623937511,0.0267861284890227,0.0102258769464737,17.445815412185,8.79500473865099,0.502720398291476,-6.68652372421737,-18.3611921626274,-0.343997674895226,7.10352776529803,-5.92993986107383,-2.81,0.122339928222341,-0.0343044269327435,19.5709379920664,18.7291943589624,0.169830973720925,1.11053416528595,172.647186279297,-26.3434119308593,-64.8830735562577,-172.647186279297,4.37061595916748,19.6993789672852,10.460000038147,15.8420000076294,35.2999992370605,991.463477319525
3.65,-0.0345557495191866,-0.00664022286367558,0.489,0.0735878617267323,-0.223078823236717,-8.36951858054511,0.0639255779747955,0.0783501582829383,0.0232084792801259,-0.109804068579465,-0.0048710523798215,-2.38676442906588,0.0475685141073046,0.0821752962033835,0.0257833975491857,17.468005190214,8.76392588281933,0.561291713880788,-6.71408118175049,-18.3595488838287,-0.317378732957247,7.10423015521323,-5.92951488890185,-2.81,0.125310810820477,-0.0359831255167478,19.549240940301,18.7527233782513,0.169830645626085,1.11053411279078,172.659713745117,-26.6786907765727,-65.8150857123452,-172.659713745117,4.3682975769043,19.6843414306641,10.0500001907349,15.8570003509521,35.2999992370605,991.459943431292
3.675,-0.0313712597992142,-0.00443267917383964,0.489,0.129347370938517,-0.234081128396435,-8.8499310661027,0.0515823709952007,0.132126895566219,0.0370570072472053,-0.108179047914527,-0.00382484719137202,-2.38631290015563,0.0784962079481195,0.114163514236199,0.0330877430167742,17.4751012362491,8.75819432926305,0.588583100899654,-6.71203709385218,-18.3655630331522,-0.293621727775048,7.10483012891075,-5.92915946150243,-2.81,0.127621025635645,-0.0361631808822319,19.5305480957031,18.7590541674502,0.169830317531245,1.11053406029561,172.672241210938,-27.0139696222861,-66.7470978684326,-172.672241210938,4.36597919464111,19.669303894043,10.0500001907349,15.8570003509521,35.2999992370605,991.45640954306
3.7,-0.0307364343406463,-0.00347917484837566,0.488999942790895,0.175242843617744,-0.29049237494889,-9.08538246545005,0.0430691038493272,0.147727432629088,0.0474815532697642,-0.108032112497135,0.00135142651919104,-2.38529221201842,0.0291096144382257,0.133787586387155,0.0522954420077245,17.4863319603967,8.71972495266817,0.620065322385842,-6.72409682323485,-18.3536305075039,-0.347359740303296,7.10526100808127,-5.92891885615649,-2.81,0.129738762116862,-0.0383120031397172,19.5305480957031,18.7533782208538,0.169830114585983,1.11053402782436,172.679992675781,-27.2213585990307,-67.3236002329618,-172.679992675781,4.36454486846924,19.6599998474121,10.0500001907349,15.8570003509521,35.2999992370605,991.45331914542
3.725,-0.0277146050027284,-0.00618163799907684,0.488833123153016,0.098719596392199,-0.259701825083695,-9.66959576526093,-0.0176874281524902,0.178952126106366,0.0568741408512068,-0.108645726056675,0.00664018936689182,-2.38441233671216,-0.0338200864582071,0.175753458341963,0.0589583007675966,17.4955568023343,8.69806909591029,0.656701454044466,-6.72549399518603,-18.3516939101596,-0.40648710829117,7.10569188725178,-5.92867825081054,-2.81,0.131757273656648,-0.0396329650930489,19.5260232437489,18.7459300971595,0.169830114585983,1.11053402782436,172.679992675781,-27.2213585990307,-67.3236002329618,-172.679992675781,4.36454486846924,19.6599998474121,10.0500001907349,15.8570003509521,35.2999992370605,991.450947921713
3.75,-0.0243852709025625,-0.0047591096118648,0.488391677532437,0.111002286170811,-0.0741579327307646,-10.550894579246,-0.0560668144757987,0.238154436680352,0.0599106632181619,-0.109233670573118,0.0111985832769361,-2.38368426726236,-0.0862630347718248,0.227327483427442,0.0593046978032728,17.5089640465514,8.67745132430913,0.703109123834003,-6.73147061814047,-18.353399980399,-0.443123443078041,7.1061227664223,-5.9284376454646,-2.81,0.134206121510116,-0.0408637014713396,19.4966117060462,18.7472873860924,0.169830114585983,1.11053402782436,172.679992675781,-27.2213585990307,-67.3236002329618,-172.679992675781,4.36454486846924,19.6599998474121,9.52000045776367,15.8739995956421,35.2999992370605,991.448576698008
3.775,-0.0172261264135954,-0.00238286296913066,0.487950225600679,0.194352430462373,0.0514162822608776,-11.4886334487447,-0.0237431632777315,0.287135738516213,0.0593876208139003,-0.108745174817369,0.0199611828732213,-2.3823504458932,-0.0466018271490936,0.291237410780027,0.0609755191769915,17.5307242477399,8.61320816277741,0.828960655609727,-6.75591242026317,-18.3397463367173,-0.460624520384952,7.10655364559282,-5.92819704011866,-2.81,0.141671122996736,-0.0443637146998064,19.4721775054932,18.7545750821799,0.169830114585983,1.11053402782436,172.679992675781,-27.2213585990307,-67.3236002329618,-172.679992675781,4.36454486846924,19.6599998474121,9.52000045776367,15.8739995956421,35.2999992370605,991.446205474301
3.8,-0.0155041189396424,0.00157517746333388,0.487508786294619,0.355848029562943,0.00915625257025025,-12.2732470128995,0.0227567788505842,0.287330456147401,0.0611732008525517,-0.10836623609066,0.0240411050617695,-2.3817355632782,-0.0149887129664421,0.317697077989578,0.0618475154042244,17.5438170355483,8.49960744999207,0.989080920251622,-6.82153411490682,-18.2851256005155,-0.357740324948739,7.1071205344242,-5.92786736496286,-2.81,0.150542986256661,-0.0503862849726801,19.4721775054932,18.780916616458,0.169829986910864,1.11053400708787,172.68293762207,-27.3537995037336,-67.6862842760603,-172.68293762207,4.36451053619385,19.6511631011963,9.52000045776367,15.8739995956421,35.2999992370605,991.44723834055
3.825,-0.0059751042070498,-0.000659368845327679,0.487067332263275,0.425572389035647,0.0286708279244926,-12.7091969164271,0.0686679974224346,0.237603000707739,0.0640057722617345,-0.106230807692432,0.0329350672524508,-2.37975267657858,0.122685842650813,0.213211972615128,0.063781573173011,17.5333341992657,8.44789336974632,1.05941871923633,-6.80756533174461,-18.2589143917651,-0.419735679485894,7.10776995542725,-5.92748364125793,-2.81,0.156168201031613,-0.0532004894154045,19.4664070218108,18.7460423564785,0.169829661003323,1.11053395415523,172.690460205078,-27.691872338788,-68.6120830177181,-172.690460205078,4.3644232749939,19.628604888916,9.52000045776367,15.8739995956421,35.2999992370605,991.453556504361
3.85,-0.00310768617188948,-0.00260510736863565,0.486625888749609,0.463898959449634,0.136018319250749,-12.8443992431762,0.105828713445612,0.168728361973554,0.0626666282931695,-0.104778400426948,0.0373397805172779,-2.37899946566069,0.0804584904558934,0.146405775153271,0.0598768828813358,17.5223826944226,8.37310903552373,1.03407720690518,-6.83767541764466,-18.1990882066822,-0.501546816108688,7.1084193764303,-5.927099917553,-2.81,0.156003621495373,-0.0572055544731209,19.4351502351983,18.7196210612306,0.169829335095782,1.1105339012226,172.697982788086,-28.0299451752605,-69.5378817594548,-172.697982788086,4.36433553695679,19.6060466766357,8.60000038146973,15.9350004196167,35.2999992370605,991.459874668171
3.875,-0.000732869226671646,-0.00304301792266682,0.486184438920938,0.446635852082507,0.0848037606688301,-12.756515100664,0.150580517436784,0.0992204889689729,0.0582097406029319,-0.10248800273351,0.0382203014416764,-2.37811811327178,0.165350849455348,0.0975229714628357,0.0617613180239359,17.5053901598086,8.37092202643296,1.04140958366282,-6.81102542576423,-18.1924675100114,-0.489502489741547,7.10906879743335,-5.92671619384807,-2.81,0.15778237757369,-0.0572202999098767,19.4101448059082,18.6976572657586,0.169829009188241,1.11053384828997,172.705505371094,-28.3680180103149,-70.4636805011126,-172.705505371094,4.36424827575684,19.5834884643555,8.60000038146973,15.9350004196167,35.2999992370605,991.466192831981
3.9,-0.00088839170062043,-0.00797107411542798,0.485742991200124,0.414423099198594,0.0634592999768026,-12.4946996297038,0.145493295384249,0.0419756158517206,0.0491679628342813,-0.0984071841705277,0.0395152445465643,-2.37692328048576,0.145092287326507,0.0169442641312049,0.0494042822339266,17.4978488708218,8.3339975104521,1.00371986559348,-6.81195168346117,-18.1651737739955,-0.51133081431057,7.10961244551532,-5.92639068369084,-2.81,0.158042268384251,-0.0589189850453155,19.4101448059082,18.6783735735735,0.16982881431569,1.11053381663952,172.710006713867,-28.5701646550815,-71.0172508827753,-172.710006713867,4.36419582366943,19.5699996948242,8.60000038146973,15.9350004196167,35.2999992370605,991.469029626181
3.925,-0.00121366403580638,-0.00895105304689982,0.485301547690406,0.32444803785568,0.0443814497716515,-12.0758240733012,0.155397040691823,-0.0179632639511484,0.0399661851826617,-0.0909576056521301,0.0381483144016706,-2.37567849255399,0.178457850572134,-0.0375555491830108,0.031176673885991,17.4819854235371,8.30031773012002,0.846992089674433,-6.8101231813744,-18.1251615333853,-0.577257319466062,7.1101217648233,-5.92608406683543,-2.81,0.153550018722424,-0.0601194310789671,19.4036421369213,18.6433862341181,0.16982881431569,1.11053381663952,172.710006713867,-28.5701646550815,-71.0172508827753,-172.710006713867,4.36419582366943,19.5699996948242,8.60000038146973,15.9350004196167,35.2999992370605,991.46668899891
3.95,-0.00279015642575201,-0.0156424254920652,0.48559881447703,0.306580992806699,0.0617819166942979,-11.5437420920503,0.138125658397004,-0.0720401935723904,0.0338537447024137,-0.0901833859876627,0.0364128316234234,-2.37530231971309,0.0881415213211587,-0.0957712322743364,0.025537592883847,17.4792559383933,8.26094100178036,0.71800081112741,-6.83423633948997,-18.0868394180208,-0.665216567936597,7.11063108413128,-5.92577744998002,-2.81,0.146994521186466,-0.0622275506304037,19.3734511737676,18.626616751932,0.16982881431569,1.11053381663952,172.710006713867,-28.5701646550815,-71.0172508827753,-172.710006713867,4.36419582366943,19.5699996948242,8.47999954223633,15.9409999847412,35.2999992370605,991.464348371639
3.975,-0.0048555785047764,-0.0169900322266154,0.487131610186255,0.312558881587434,0.0983002142439227,-10.8581519368304,0.173997395104733,-0.123412951748851,0.021979141113623,-0.0864276401209894,0.0323485462812715,-2.37470690555452,0.117675663161296,-0.141650903274401,0.0220354202223841,17.4679109188438,8.26014890134746,0.706086709485409,-6.81882081353218,-18.0839745534486,-0.574523494356978,7.11114040343926,-5.92547083312461,-2.81,0.148069967276353,-0.0618900765545149,19.350227355957,18.624456701626,0.16982881431569,1.11053381663952,172.710006713867,-28.5701646550815,-71.0172508827753,-172.710006713867,4.36419582366943,19.5699996948242,8.47999954223633,15.9409999847412,35.2999992370605,991.462007744368
4,-0.0053196529934707,-0.0162178845090645,0.488750237718311,0.232357001917118,-0.0470363261524925,-10.2046465144951,0.146481778953198,-0.156245840019987,0.0173141206724102,-0.0826718942543161,0.0282842609391197,-2.37411149139596,0.147209805001433,-0.187530574274467,0.0185332475609212,17.4593984709837,8.27574435786544,0.676935279385693,-6.79441712628252,-18.0930966013244,-0.50252592672584,7.11164972274724,-5.9251642162692,-2.81,0.14820429308879,-0.0606676377273639,19.350227355957,18.6215388820524,0.169828680642411,1.11053379499203,172.719299316406,-28.7084239733839,-71.3969737736367,-172.719299316406,4.363600730896,19.557596206665,8.47999954223633,15.9409999847412,35.2999992370605,991.460632324219
4.025,-0.00774746371475099,-0.0189705045484068,0.490368865264371,0.126843338679879,0.0542911277557821,-9.69163635094479,0.148897520515507,-0.17364368086376,0.0107809450807695,-0.0759853797546652,0.0233098032451412,-2.37384182670122,0.151094946841134,-0.166353061024393,0.000307055540703706,17.4325824082066,8.22266546659063,0.390031695148499,-6.82006645515939,-18.0203883387138,-0.641544376295307,7.11238340939336,-5.92473061958339,-2.81,0.136115487999987,-0.0629236269629757,19.3447287507759,18.5774135626736,0.169828356484709,1.11053374249686,172.74186706543,-29.0437028176792,-72.3178017837508,-172.74186706543,4.36215686798096,19.5275192260742,8.39000034332275,15.951000213623,35.2999992370605,991.460632324219
4.05,-0.0157758133996233,-0.0298573011125501,0.49198750822747,0.0595661037316393,-0.028198502430163,-9.24499319423124,0.14808364975102,-0.172574043870489,0.0069424736351679,-0.0767342299222946,0.0201821178197861,-2.37386703491211,0.136657133698463,-0.196819007396698,0.00614452129229903,17.4346936115804,8.22184168660373,0.261566809065718,-6.82900725753932,-18.0133310854304,-0.721250530680234,7.11318964103331,-5.92425596633788,-2.81,0.128627346680576,-0.0630728502609655,19.3223906672278,18.5713075990683,0.169828032327007,1.11053369000168,172.764419555664,-29.3789816633926,-73.2386297939437,-172.764419555664,4.36071300506592,19.4974422454834,8.39000034332275,15.951000213623,35.2999992370605,991.460632324219
4.075,-0.0186365298995323,-0.0307927653132738,0.493606151208123,0.021832765868197,0.131045678550429,-8.73413239300818,0.144150824796219,-0.173160524912834,0.00425858410088333,-0.0732926619700465,0.0162404317609326,-2.37389467428254,0.125262190921379,-0.189113056842163,-0.000140229440064172,17.4250456286304,8.22489894377306,0.23527748857327,-6.82290399971756,-18.0100326123515,-0.650568677721975,7.11399587267327,-5.92378131309237,-2.81,0.128731150295931,-0.0624998741587803,19.3058948516846,18.5735777963624,0.169827708169306,1.11053363750651,172.786987304688,-29.7142605091061,-74.1594578041367,-172.786987304688,4.35926961898804,19.4673652648926,8.39000034332275,15.951000213623,35.2999992370605,991.460632324219
4.1,-0.0192980546720067,-0.0302149469170473,0.495224794166739,0.0239470470505609,0.0119352075573523,-8.55712930101723,0.176104855525663,-0.173468586744349,0.00168054944357088,-0.0663599124269122,0.00937962248195469,-2.37367376464188,0.186741996187876,-0.184535728504437,-0.00460054585675537,17.4121918995889,8.22279954022372,0.136282804512513,-6.8166959812725,-18.0006177563083,-0.572580404657706,7.11477630373373,-5.92332897723232,-2.81,0.126519171893991,-0.0618010005266126,19.3058948516846,18.5729069002866,0.169827521026715,1.11053360720001,172.800003051758,-29.9078235538786,-74.6910698512795,-172.800003051758,4.3584361076355,19.4500007629395,8.39000034332275,15.951000213623,35.2989387512207,991.459778778313
4.125,-0.0246760526134441,-0.0390999032340126,0.496180902420591,-0.0717133081650612,0.0394671256386746,-8.33639566319031,0.145866039023225,-0.158747486135732,-0.00140566582669617,-0.0634322505086431,0.0060992201974418,-2.37407345311032,0.0910411066114187,-0.145537661181087,-0.0119802252282341,17.4105902240482,8.19040280960941,-0.00184607242520966,-6.8512529268542,-17.9688144854079,-0.627210381476833,7.1155351849247,-5.92289528191269,-2.81,0.120341473334165,-0.0631788398625652,19.3019820368567,18.5725579857809,0.169827521026715,1.11053360720001,172.800003051758,-29.9078235538786,-74.6910698512795,-172.800003051758,4.3584361076355,19.4500007629395,8.39000034332275,15.951000213623,35.2964324951172,991.457759413608
4.15,-0.0274971960053787,-0.0441104096108705,0.493710350201126,-0.103878996518975,0.0350342344012497,-7.94084564580089,0.148406008456969,-0.119460688179031,-0.00432367476212742,-0.0599283601556505,0.00242072471673937,-2.37401607181715,0.167883386922918,-0.136872257898806,-0.00568852315280849,17.4080317720579,8.22465911252968,-0.0317595345707967,-6.82621715635362,-17.993540661945,-0.566436354381652,7.11629406611566,-5.92246158659305,-2.81,0.120246487950422,-0.060892093370797,19.2878524277561,18.5778940427601,0.169827521026715,1.11053360720001,172.800003051758,-29.9078235538786,-74.6910698512795,-172.800003051758,4.3584361076355,19.4500007629395,8.17000007629395,15.9169998168945,35.2939300537109,991.455740048904
4.175,-0.0294161991551117,-0.0463646577552685,0.490068364088936,-0.0837017230252616,-0.0311097763435699,-7.70828242720824,0.112668596384428,-0.0846572849176391,-0.00479212860358074,-0.0575928165632135,0.0017484867318715,-2.3742270692596,0.103840168412687,-0.0851261151482266,-0.0114787136770482,17.4117395183333,8.20967573499284,-0.0656534874626926,-6.84384078318863,-17.9836136253946,-0.568544998502168,7.11687774304781,-5.92212870783044,-2.81,0.11951296343778,-0.0613861745847342,19.277853012085,18.5850800565714,0.169827521026715,1.11053360720001,172.800003051758,-29.9078235538786,-74.6910698512795,-172.800003051758,4.3584361076355,19.4500007629395,8.17000007629395,15.9169998168945,35.2914199829102,991.453720684199
4.2,-0.030022649090932,-0.0473074976992246,0.486427098850462,-0.145187051293358,0.120812450099728,-7.49425594187435,0.0906327163366766,-0.0552401690454413,-0.00622004829594533,-0.0536354664348376,-0.000609145280880399,-2.3746340201963,0.0998080956353317,-0.0377401853787569,-0.0142979591542775,17.4151733216466,8.2216073839941,-0.0930609020654879,-6.84587780727644,-17.9931125065991,-0.523076957756856,7.11727805943325,-5.92190133894035,-2.81,0.119807161442115,-0.0601859362388168,19.277853012085,18.598760114948,0.16982738161685,1.1105335839019,172.815185546875,-30.0566251448666,-75.0870885422302,-172.815185546875,4.35779190063477,19.4521713256836,8.17000007629395,15.9169998168945,35.2900009155273,991.452211365219
4.225,-0.0290822361367751,-0.0511360204474539,0.485155471238078,-0.0783044056672225,0.10648427864833,-7.40345955245644,0.145401240924154,-0.0226856472340442,-0.0104451089524337,-0.0504028044952853,-0.00159030652775395,-2.37498864700628,0.123774168318074,-0.00504544509305852,-0.0141970717372743,17.4214362505436,8.20917521714025,-0.0852814424106345,-6.86426707001699,-17.9878907667739,-0.471057380765169,7.1176783758187,-5.92167397005026,-2.81,0.121700582141064,-0.0603780456852669,19.2742219525714,18.6160962291221,0.169827059646447,1.11053353009434,172.850280761719,-30.4002859614392,-76.0017031380724,-172.850280761719,4.35630464553833,19.4571838378906,8.17000007629395,15.9169998168945,35.2900009155273,991.451369963259
4.25,-0.0300196588582459,-0.0549082370767235,0.485411047523411,-0.0716710444881658,0.0605204160170356,-7.64738830039229,0.136313412706926,0.0178102950857515,-0.00853298437809741,-0.0476369326248973,-0.00188486066251951,-2.37529826486167,0.148187224268994,0.0235252378617804,-0.0135781494653264,17.4284657967859,8.20720602216094,-0.0891988894466385,-6.87553309442352,-17.9901302051715,-0.447064906105214,7.11807869220414,-5.92144660116017,-2.81,0.122780108547717,-0.0600787105637179,19.2624210091524,18.6294862255119,0.169826737676044,1.11053347628679,172.885375976562,-30.7439467780119,-76.9163177338357,-172.885375976562,4.35481739044189,19.4621963500977,8.18000030517578,15.9280004501343,35.2900009155273,991.450528561299
4.275,-0.0295303848144113,-0.0601984027819281,0.485666620152439,-0.0212367715455861,0.09792080048521,-8.00082937397963,0.146925759619343,0.0540149842875329,-0.00959641964425032,-0.0434293697174632,-0.000671330641042885,-2.37575622320163,0.173073320617209,0.0588521052660039,-0.0117167879883146,17.4245220113918,8.19769195097876,-0.0598053406242468,-6.88485146860416,-17.9793029330084,-0.403959930886154,7.11847900858958,-5.92121923227008,-2.81,0.126525479681431,-0.0600149989418229,19.2544326782227,18.6354413900421,0.169826415705641,1.11053342247924,172.920471191406,-31.0876075945845,-77.8309323295991,-172.920471191406,4.35333013534546,19.4672088623047,8.18000030517578,15.9280004501343,35.2900009155273,991.449687159339
4.3,-0.0280857440589271,-0.0644768426055657,0.48592219887521,-0.0408106127643616,-0.0857181997024836,-8.31431936835749,0.123932640227728,0.0882632690395959,-0.00982207865120588,-0.0426592453563772,0.00296353138236542,-2.3764446131886,0.0562963191841085,0.100018920466346,-0.0123468944639985,17.4179690005601,8.19890114165181,-0.00513576738980846,-6.88881640319728,-17.9718306575496,-0.406401021848631,7.11880494408506,-5.92104066247812,-2.81,0.130092810218273,-0.0598317063480821,19.2544326782227,18.6336331229829,0.169826236464385,1.11053339252452,172.940002441406,-31.2789239258548,-78.3400992180093,-172.940002441406,4.35250186920166,19.4699993133545,8.18000030517578,15.9280004501343,35.2900009155273,991.44932047526
4.325,-0.0253703078449957,-0.0693366315674055,0.48617777089904,-0.0174919083188303,-0.0742018369025516,-8.60779763337466,0.0217950224553925,0.124618161691598,-0.0111055490745249,-0.0418367567893809,0.0045584217313483,-2.37658498682438,0.0470974538244151,0.111741950263471,-0.0097708747321154,17.413619190631,8.26658171626709,0.0651144616990105,-6.83889573630696,-18.0187292970976,-0.360064031798978,7.11908375402383,-5.92089301036766,-2.81,0.134383197537643,-0.0560890811430556,19.2492199979087,18.6329015593734,0.169826236464385,1.11053339252452,172.940002441406,-31.2789239258548,-78.3400992180093,-172.940002441406,4.35250186920166,19.4699993133545,8.18000030517578,15.9280004501343,35.2900009155273,991.449549948522
4.35,-0.0217240255095745,-0.0695613221551916,0.48643334657676,0.0854438537911067,0.0669915203937982,-8.9922939550973,-0.0199300354146118,0.151614154926963,-0.015042937358239,-0.0421517205331209,0.00964272185967854,-2.37726278959899,-0.0679614945864834,0.16738222393655,-0.0188412767198352,17.4140273966123,8.24431685087227,0.130180734656512,-6.86391770445512,-17.9992298077543,-0.385250055590507,7.11936256396259,-5.92074535825721,-2.81,0.138025135355462,-0.0572960716210216,19.2338188969812,18.6360222675005,0.169826236464385,1.11053339252452,172.940002441406,-31.2789239258548,-78.3400992180093,-172.940002441406,4.35250186920166,19.4699993133545,8.34000015258789,15.9270000457764,35.2900009155273,991.449779421784
4.375,-0.0175870369247504,-0.0701475503392961,0.486688920425459,0.150696892392219,0.0133445223475192,-9.33770111497149,-0.0717740487349902,0.141813953470898,-0.0169002166826809,-0.0436702635260295,0.0108159745619292,-2.37740489812049,-0.0295916905758646,0.130501637891325,-0.0124351975891124,17.4088286690122,8.28129544355942,0.15823938558316,-6.83632046516401,-18.0217503835693,-0.391720772474849,7.11964137390136,-5.92059770614676,-2.81,0.138881464246285,-0.0555256162901729,19.2238674163818,18.6294079722899,0.169826236464385,1.11053339252452,172.940002441406,-31.2789239258548,-78.3400992180093,-172.940002441406,4.35250186920166,19.4699993133545,8.34000015258789,15.9270000457764,35.2900009155273,991.450008895046
4.4,-0.0166632221665432,-0.0695284497923158,0.486944494275832,0.150419207729369,0.238982123908557,-10.1391616024969,-0.0748400862541247,0.120939774730157,-0.0157036890523007,-0.0467398640233626,0.0149537803030696,-2.37811951722379,-0.0217970699440687,0.1001786713883,-0.0106550571080041,17.3960434449904,8.27351102538265,0.229692522896675,-6.84271064268027,-18.0035913457064,-0.417229672425823,7.11989832120298,-5.92045187945688,-2.81,0.141524165940244,-0.0563453491664263,19.2238674163818,18.6194000515502,0.169826090812826,1.1105333683154,172.950225830078,-31.4335439290242,-78.753848559452,-172.950225830078,4.35254192352295,19.4506702423096,8.34000015258789,15.9270000457764,35.2900009155273,991.448919882762
4.425,-0.0158500895806722,-0.0671202041321204,0.48720007056162,0.196318731997183,0.133734452345964,-10.7278336551078,-0.0310920972464732,0.109828528267318,-0.0181753186180942,-0.0485461407624834,0.0177912566170161,-2.37875467676596,-0.0386195230175793,0.0903755619296169,-0.0122079112376683,17.3867293569544,8.26359581939144,0.296309144396865,-6.85199058202577,-17.9875433124887,-0.414346898707712,7.12014661078084,-5.92030677564352,-2.81,0.144419423461818,-0.0570943224405621,19.2223617642425,18.6166046623039,0.169825769717342,1.11053331494531,172.972793579102,-31.7744107562559,-79.6659777895223,-172.972793579102,4.3526291847229,19.4080619812012,8.34000015258789,15.9270000457764,35.2900009155273,991.446242694707
4.45,-0.0134977403496783,-0.0638233125733989,0.487455643191756,0.282193674498482,0.0901069276803901,-11.1200371707439,-0.0400055028258752,0.0935730640323703,-0.0187086799282224,-0.0497502356639544,0.0198351107447253,-2.3792916217892,-0.0594520458967351,0.0863198300915821,-0.0142419286082405,17.3761960993039,8.27431607372979,0.341218672544128,-6.84504051854681,-17.9857129263417,-0.415305168061205,7.12039490035871,-5.92016167183016,-2.81,0.146414989380238,-0.0566690971609435,19.2182839563651,18.6103593961261,0.169825448621859,1.11053326157521,172.995346069336,-32.1152775820694,-80.5781070195926,-172.995346069336,4.35271692276001,19.3654518127441,8.22999954223633,15.9580001831055,35.2900009155273,991.443565506652
4.475,-0.0110967298450673,-0.061422302068788,0.487711217650299,0.292390565743007,0.113261866021262,-11.3141661226551,-0.0473081810522551,0.052251739931157,-0.0214483441917232,-0.0505426991182478,0.0204979076223367,-2.37983394943976,-0.0580060237125073,0.0529399160994208,-0.0169032628119811,17.3600534404619,8.28556303935298,0.369857780875252,-6.83452056501056,-17.9801026738128,-0.40502049140167,7.12064318993657,-5.92001656801681,-2.81,0.147689499436586,-0.0561693390574346,19.2157745361328,18.6004354449938,0.169825127526376,1.11053320820512,173.01789855957,-32.4561444093011,-81.4902362496629,-173.01789855957,4.35280466079712,19.3228416442871,8.22999954223633,15.9580001831055,35.2900009155273,991.440888318597
4.5,-0.00969027631211879,-0.0625595479363638,0.48796679454619,0.398624239222593,0.0188464930594622,-11.2056014774721,-0.0664125990921056,0.00247250475122091,-0.0233400350572811,-0.0510776818614924,0.020296835606567,-2.38037964399225,-0.0426244879435355,0.00121735281810251,-0.0199569916817864,17.3416502946107,8.30050889045985,0.384575634133157,-6.82041278005932,-17.9751982649227,-0.391660625880993,7.12089147951443,-5.91987146420345,-2.81,0.148303554800691,-0.0554395413310283,19.2157745361328,18.5886856463431,0.169824955392714,1.11053317959435,173.029998779297,-32.6388771405773,-81.9792127441239,-173.029998779297,4.35285139083862,19.2999992370605,9.21000003814697,15.918999671936,35.2900009155273,991.439453125
4.525,-0.0105076481057254,-0.0623948249555223,0.488222367785565,0.356153088374944,0.0864625404141375,-10.8202336689173,-0.0918578247525968,-0.0431272861514765,-0.0252432440780155,-0.0537114107004112,0.0202042047873787,-2.38159930616185,-0.131896742072666,-0.0406587454806203,-0.0319762248362327,17.3060481244454,8.31371048360948,0.32772353761167,-6.80850769815624,-17.9485109735979,-0.468682368761158,7.12118812081249,-5.91970013873641,-2.81,0.144156560091011,-0.0551012623239567,19.2125457349674,18.552910390562,0.169824955392714,1.11053317959435,173.029998779297,-32.6388771405773,-81.9792127441239,-173.029998779297,4.35285139083862,19.2999992370605,9.21000003814697,15.918999671936,35.2900009155273,991.439453125
4.55,-0.0125474573633471,-0.0596661744807976,0.488477939805981,0.388698302795803,0.0530256714624033,-10.3904671606708,-0.100046060913951,-0.0763077901039288,-0.026461165139773,-0.0574384845113842,0.0171716494517075,-2.3822710826878,-0.069062722022431,-0.10624021933066,-0.0233297883602741,17.2861373044626,8.35933931434268,0.291199785764564,-6.77665290146649,-17.961478749593,-0.485953266519969,7.12169398752747,-5.91941534809372,-2.81,0.140219395715592,-0.0531121791230329,19.2044737320538,18.5358175010421,0.169824955392714,1.11053317959435,173.029998779297,-32.6388771405773,-81.9792127441239,-173.029998779297,4.35285139083862,19.2999992370605,9.21000003814697,15.918999671936,35.2900009155273,991.439453125
4.575,-0.0141575948035806,-0.0574731361561544,0.488733515484472,0.356142272437159,0.0788997374356679,-9.9649469943798,-0.110719767624647,-0.097995106127878,-0.0261695552049985,-0.0612305329686265,0.0148084995801481,-2.38319591334639,-0.118830498272555,-0.119560839184947,-0.0254685615564423,17.2743279481134,8.35295844423664,0.287720259559782,-6.79017542265799,-17.9421426285276,-0.479728470057327,7.12219985424244,-5.91913055745103,-2.81,0.137985186268355,-0.053872009804321,19.1997547149658,18.5347557445418,0.169824955392714,1.11053317959435,173.029998779297,-32.6388771405773,-81.9792127441239,-173.029998779297,4.35285139083862,19.2999992370605,9.21000003814697,15.918999671936,35.2900009155273,991.439453125
4.6,-0.0147776751131674,-0.0574721491353151,0.488989311372744,0.328869637046322,0.0809640504773322,-9.52896396532196,-0.118133896396643,-0.116398761622706,-0.026647232633275,-0.0628297030925751,0.0138119198381901,-2.38358592987061,-0.139818400144577,-0.12517836689949,-0.0263705179095268,17.2562512172053,8.38638653774697,0.259593033954051,-6.76248281217136,-17.949653778914,-0.505795618098235,7.12257952164678,-5.91891551948771,-2.81,0.135708626798434,-0.0522923923703818,19.1997547149658,18.5160194673265,0.16982480395045,1.11053315469973,173.037124633789,-32.7978753561287,-82.4094116197008,-173.037124633789,4.35366058349609,19.2964344024658,9.21000003814697,15.918999671936,35.2900009155273,991.439228225432
4.625,-0.0184548181219176,-0.049702644841706,0.490549544042451,0.327682673525041,0.0949127653527395,-9.03932824496084,-0.115784970872777,-0.124143621890379,-0.0260229508957721,-0.0656760769898018,0.00934326854792027,-2.38457124330089,-0.144393356210731,-0.120677052861948,-0.0320819806977679,17.2556205427502,8.37184621261199,0.210426747749673,-6.79346243116304,-17.9300509762212,-0.500668478795606,7.12291721926904,-5.91872367899463,-2.81,0.1312451154836,-0.0533180002301075,19.1988314990849,18.5275637386811,0.169824484604806,1.11053310220455,173.052169799805,-33.1331542018422,-83.3165701182274,-173.052169799805,4.35536623001099,19.2889137268066,10.460000038147,15.8520002365112,35.2900009155273,991.438753980691
4.65,-0.0201933624685969,-0.0482194767226984,0.492168185238784,0.318977110092536,0.0553119808596237,-8.86114054442148,-0.107218828142237,-0.108003451873655,-0.0248285324895014,-0.0690697620447644,0.00571288399138033,-2.38515527048783,-0.0924654865416884,-0.118133062672017,-0.0235258113940896,17.2496967346237,8.40580684540489,0.225404851056855,-6.77765977536565,-17.9476413338475,-0.453797340871462,7.1232549168913,-5.91853183850155,-2.81,0.130066361661865,-0.0518239550919218,19.1966883193615,18.5333913654062,0.169824165259161,1.11053304970938,173.067199707031,-33.4684330475556,-84.2237286169117,-173.067199707031,4.35707235336304,19.2813949584961,10.460000038147,15.8520002365112,35.2900009155273,991.43827973595
4.675,-0.022433684049514,-0.0453966230219804,0.493786838017297,0.337401188285352,0.0707885283840439,-8.83675205840228,-0.0953117169248917,-0.083971881891009,-0.0237412370083512,-0.0692095848772479,0.00485235597959079,-2.38556683900824,-0.105573847182557,-0.0746918014716276,-0.0293674803560317,17.2482978393966,8.39235162860818,0.222986066555249,-6.79365574043391,-17.9342212847227,-0.4416056970677,7.12359261451356,-5.91833999800847,-2.81,0.129782044220384,-0.0525291678492261,19.1955013275146,18.5386217514641,0.169823845913517,1.11053299721421,173.082244873047,-33.8037118918509,-85.1308871154383,-173.082244873047,4.35877847671509,19.2738761901855,10.460000038147,15.8520002365112,35.2900009155273,991.437805491208
4.7,-0.0224301195632681,-0.0447308878993425,0.495405467631452,0.371621099481491,0.0442761751492557,-8.90657087421987,-0.0910121879477414,-0.0673845105710363,-0.0245615910442109,-0.0739093112078416,0.00149972927052366,-2.38653559732372,-0.0720557224222419,-0.0766319060888478,-0.0221667969614693,17.2472017518745,8.41367488355439,0.240780667442405,-6.79695265749235,-17.942954986032,-0.407025290207731,7.12406532220628,-5.91805862121106,-2.81,0.128058430275936,-0.051819461954246,19.1955013275146,18.5517428192522,0.16982368130236,1.11053297015484,173.089996337891,-33.9765360393744,-85.5984945889292,-173.089996337891,4.35965776443481,19.2700004577637,10.460000038147,15.8520002365112,35.2887878417969,991.433699102673
4.725,-0.0244916494390879,-0.0404772797557304,0.496707153652574,0.38558190946092,0.00535451800968417,-8.78567217239307,-0.0901211539732434,-0.0605348411618441,-0.0227622798062861,-0.0759655520008899,0.000374606817524075,-2.38703400441649,-0.0747155903554956,-0.0714996626133951,-0.0199488017241994,17.2463776711283,8.41010739996471,0.243243821174252,-6.80847357048566,-17.9362636504989,-0.40218243430608,7.12457320515043,-5.91775391680552,-2.81,0.127040758033472,-0.05220243359498,19.1938175378844,18.5572614924889,0.16982368130236,1.11053297015484,173.089996337891,-33.9765360393744,-85.5984945889292,-173.089996337891,4.35965776443481,19.2700004577637,10.460000038147,15.8520002365112,35.2862777709961,991.425728731377
4.75,-0.0249625790442983,-0.0409482093609407,0.496551978209229,0.350904187397375,0.0837870058315386,-8.69689630413372,-0.0926739639788768,-0.046955353811388,-0.0201951884867742,-0.0782716100857791,-0.000378246324886517,-2.38758731535087,-0.0931162058394834,-0.0667693006859506,-0.0184505605584081,17.2485804362782,8.39970732582616,0.238832032296995,-6.82819992523144,-17.9257205951868,-0.412162456213353,7.12508108809458,-5.91744921239997,-2.81,0.125535290908992,-0.0529726072449231,19.1901693270188,18.5645430195816,0.16982368130236,1.11053297015484,173.089996337891,-33.9765360393744,-85.5984945889292,-173.089996337891,4.35965776443481,19.2700004577637,10.6400003433228,15.8520002365112,35.2837715148926,991.417758360082
4.775,-0.0259319791615037,-0.0361379496845129,0.496110534697581,0.310986088041086,0.0949252568979957,-8.76923570829486,-0.0619256143203622,-0.0228948716650006,-0.0191352894590927,-0.0791825604474039,-0.00150886996921512,-2.38827713775261,-0.0503839181469432,-0.0188197068582764,-0.0211717595392031,17.2461019096426,8.40167840380342,0.290680042637809,-6.83515325979286,-17.9237205580774,-0.348779639600869,7.12554288685057,-5.91717652583563,-2.81,0.127733207552744,-0.0528902468978852,19.1882610321045,18.5772910339346,0.16982368130236,1.11053297015484,173.089996337891,-33.9765360393744,-85.5984945889292,-173.089996337891,4.35965776443481,19.2700004577637,10.6400003433228,15.8520002365112,35.2812652587891,991.409787988786
4.8,-0.0262384712761739,-0.0371367027917677,0.49566908487864,0.33217416554184,0.136344560377786,-8.91614803530365,-0.0386551308135586,0.00683545002230744,-0.0166655581189381,-0.0803083309432854,-0.000706100934857209,-2.38878680906913,-0.0807280504196262,-0.00342529543739755,-0.0228702036423567,17.2608715538234,8.38079856343724,0.297448363555811,-6.86900841996461,-17.9150336607122,-0.363647012206851,7.12592870128242,-5.9169566307844,-2.81,0.127460596536931,-0.0540658675438273,19.1882610321045,18.5956113205408,0.169823523059175,1.11053294417784,173.098678588867,-34.1424472202028,-86.048012699288,-173.098678588867,4.35924625396729,19.2749614715576,10.6400003433228,15.8520002365112,35.2799987792969,991.403172692587
4.825,-0.0259184552957677,-0.036495137781747,0.495227637147106,0.360373807384129,0.0700430002046584,-9.24668307695663,-0.0151824098311736,0.0229642004450383,-0.0164884229113676,-0.0809140949021859,-0.00100869501525304,-2.38933654408959,-0.00154086936947597,0.0224517635458306,-0.0166661770191877,17.2541183977956,8.39379421541007,0.363975504491115,-6.86159231542293,-17.9198900985706,-0.298246434594268,7.12631451571428,-5.91673673573317,-2.81,0.130695563811867,-0.0533837704485112,19.1862818843635,18.6023152898154,0.169823203276071,1.11053289168267,173.116226196289,-34.4777260659163,-86.9564138807794,-173.116226196289,4.35841512680054,19.2849864959717,10.6400003433228,15.8520002365112,35.2799987792969,991.397940702217
4.85,-0.0243407397268815,-0.035231012835114,0.494786191533478,0.392839301126919,0.0985031457745354,-9.4676506479033,-0.00806865617661905,0.0317127118842183,-0.0161495962174648,-0.0822082628442742,0.000451357855164408,-2.39034980423699,-0.0265741011827696,0.0216662256934846,-0.0177161360413675,17.2676469441086,8.38487841417379,0.385043644612576,-6.89447311706574,-17.9163224280777,-0.312580719711531,7.12670033014613,-5.91651684068194,-2.81,0.13113178334708,-0.0538955740806329,19.1822617405145,18.623258093944,0.169822883492967,1.1105328391875,173.133773803711,-34.8130049116297,-87.864815062192,-173.133773803711,4.35758447647095,19.2950134277344,10.5100002288818,15.8520002365112,35.2799987792969,991.392708711846
4.875,-0.0232237194107312,-0.0344334633019582,0.494344742754449,0.417548526643902,0.0682400233178792,-9.52118973762503,0.00238452714044465,0.0359472691083081,-0.0171312076181088,-0.082195139430726,0.000812186966513336,-2.39073562157436,0.0116985567245488,0.0194829838743049,-0.014131067739015,17.2584777517318,8.39919734404156,0.419613949055738,-6.88294239836836,-17.9198573638632,-0.285415831656213,7.12703994823977,-5.91632378425804,-2.81,0.133049709380097,-0.0531133806161709,19.1802825927734,18.6209008636003,0.169822563709863,1.11053278669232,173.151321411133,-35.1482837573432,-88.7732162436045,-173.151321411133,4.3567533493042,19.3050384521484,10.5100002288818,15.8520002365112,35.2799987792969,991.387476721475
4.9,-0.0237008356730698,-0.0358709168889257,0.493903293982957,0.398439689257359,0.0781990787541202,-9.5678619632337,-0.00732421879695929,0.0403238148870108,-0.0171058240281998,-0.082808729081854,0.00209222639239165,-2.39149883259511,-0.0197554414588276,0.0305673933482009,-0.0158844869903427,17.2596194531082,8.38547842039304,0.417308286351626,-6.90672986215475,-17.9048443674417,-0.313829571194711,7.12731394279273,-5.91616885305834,-2.81,0.132669161788155,-0.0538674827890095,19.1802825927734,18.6256165781969,0.169822405466677,1.11053276071533,173.160003662109,-35.3141949381716,-89.2227343539633,-173.160003662109,4.35634183883667,19.3099994659424,10.5100002288818,15.8520002365112,35.2799987792969,991.385505932554
4.925,-0.0232167091294363,-0.0353867903452923,0.493461851520902,0.420924878744646,0.0861540211869735,-9.71006014613509,0.0138358442696038,0.0493697876215189,-0.0171702210309095,-0.0812894063412076,0.00274124531825188,-2.39186290997469,0.0467839405989125,0.0419782844211608,-0.0161555655094902,17.2585842765567,8.40090615167232,0.469531887618258,-6.89881731190542,-17.9162597438942,-0.261480553727177,7.12758793734569,-5.91601392185865,-2.81,0.136247561706768,-0.0528298099445852,19.1802730412446,18.6344008589901,0.169822405466677,1.11053276071533,173.160003662109,-35.3141949381716,-89.2227343539633,-173.160003662109,4.35634183883667,19.3099994659424,10.5100002288818,15.8520002365112,35.2799987792969,991.386729789951
4.95,-0.0217970900440303,-0.0352475850019473,0.493026912262838,0.437520031772915,-0.00179333226222333,-10.1074238617535,0.00338640526570499,0.0557635040460356,-0.016916691670216,-0.0802580655178183,0.00471834059135192,-2.39267392921108,-0.00496670789609532,0.068517941073597,-0.0224159143973957,17.2607239510083,8.37944402101627,0.466501667782603,-6.92911820373419,-17.8960760615568,-0.288235559835826,7.12786193189865,-5.91585899065895,-2.81,0.136698729691967,-0.0538124768278479,19.180254780969,18.6409116593338,0.169822405466677,1.11053276071533,173.160003662109,-35.3141949381716,-89.2227343539633,-173.160003662109,4.35634183883667,19.3099994659424,10.7399997711182,15.8570003509521,35.2799987792969,991.387953647347
4.975,-0.0203595133204846,-0.0369894161375789,0.492614044559532,0.480530242231844,0.087391791974408,-10.3095957667172,0.00617512779257315,0.0481589352483425,-0.0171560389870275,-0.0802384817872645,0.00560250052769414,-2.39326803010252,-0.0135331094461202,0.0535602669781063,-0.0225347179080399,17.262389974356,8.38325066790972,0.473268720656181,-6.93785179872742,-17.896118157642,-0.296900616906947,7.12813592645161,-5.91570405945926,-2.81,0.137092078018162,-0.0535597498460137,19.1802463531494,18.6466619307083,0.169822405466677,1.11053276071533,173.160003662109,-35.3141949381716,-89.2227343539633,-173.160003662109,4.35634183883667,19.3099994659424,10.7399997711182,15.8570003509521,35.2799987792969,991.389177504744
5,-0.0198893291038968,-0.0371468091208014,0.492209384650859,0.476174173965793,-0.000540732544925093,-10.3379099425021,0.0132241516166722,0.0344228955690215,-0.0166020046083353,-0.0802188980567107,0.00648666046403637,-2.39386213099395,-0.0220995109961451,0.0386025928826155,-0.0226535214186841,17.2623247845594,8.38605174310602,0.481560709170189,-6.94592345180358,-17.8943393112043,-0.303956476249565,7.12840992100457,-5.91554912825956,-2.81,0.137579465668336,-0.0533651507018681,19.1802463531494,18.6509658805888,0.169822241081015,1.11053273320497,173.170333862305,-35.4898994881302,-89.6897012692753,-173.170333862305,4.35532712936401,19.3009567260742,10.7399997711182,15.8570003509521,35.2799987792969,991.392049469073
5.025,-0.0195664761750425,-0.0371473230261196,0.491804721848603,0.427475678707646,0.0887193150415188,-10.2540895310058,0.00199995883682744,0.0161325115819558,-0.0160663043740804,-0.0820825339364084,0.00617898544572796,-2.3943504359536,0.00956591023060262,-0.00790412469205943,-0.0131970638458283,17.2543246442273,8.39541851257243,0.469543488282045,-6.94330960415737,-17.8913043413271,-0.326990403296116,7.12886385544759,-5.91529281199124,-2.81,0.136009885386091,-0.0530606971244215,19.1817814583002,18.644469815077,0.169821922172831,1.11053267983488,173.190399169922,-35.8307663139437,-90.595617084916,-173.190399169922,4.35335826873779,19.2834091186523,9.89999961853027,15.9209995269775,35.2799987792969,991.396470653918
5.05,-0.0195783692635909,-0.0361899617924587,0.491400064833512,0.399523611510508,0.082373649970153,-10.2391233623719,0.00371788179534176,0.0100449897762432,-0.0185231735802012,-0.080214929395177,0.00606629378386006,-2.39488003777232,0.0160237416583224,0.0133771294002423,-0.0223865594969694,17.2449473934545,8.39080779258026,0.470878251651751,-6.94878566369042,-17.8783488609528,-0.307590879381402,7.12937669049921,-5.91500330885012,-2.81,0.137036591611122,-0.0530767093582499,19.1845531759336,18.6434530995975,0.169821603264646,1.11053262646478,173.21044921875,-36.1716331411754,-91.5015329006356,-173.21044921875,4.35138988494873,19.2658653259277,9.89999961853027,15.9209995269775,35.2799987792969,991.400891838764
5.075,-0.0205257748612293,-0.0361836325188549,0.490995407818821,0.366524106917984,0.119286940408673,-10.3136569380224,-0.00479515257642232,0.0183305335095672,-0.0204486342401751,-0.0812405362041422,0.007004552244937,-2.39548961389234,-0.038265032395871,0.0183576946497513,-0.025514225139254,17.2506519739229,8.38470994559044,0.443700455928247,-6.96923979936997,-17.8713745086621,-0.359018497717683,7.12988952555082,-5.914713805709,-2.81,0.135075671798502,-0.0534771917658776,19.1857471466064,18.6481766725574,0.169821284356462,1.11053257309469,173.230499267578,-36.5124999669889,-92.4074487162762,-173.230499267578,4.34942150115967,19.2483215332031,9.89999961853027,15.9209995269775,35.2799987792969,991.405313023609
5.1,-0.0192615690680079,-0.0339795786009709,0.490590741157598,0.393526768061341,0.0732550460364116,-10.2042659467561,0.00758199662420777,0.0227837058295671,-0.0232036229440668,-0.0801831406404121,0.00705666193472946,-2.39640724325373,0.00932379456569543,0.0267457411361212,-0.028450513162168,17.2376497244529,8.39556172153618,0.458813334198618,-6.96786262623407,-17.8652741393283,-0.336756094630658,7.13038284289381,-5.914441325848,-2.81,0.136448811273571,-0.0527286649790117,19.1857471466064,18.646711926208,0.169821133121652,1.11053254778516,173.240005493164,-36.6741481528941,-92.8370582783822,-173.240005493164,4.34848785400391,19.2399997711182,9.89999961853027,15.9209995269775,35.2799987792969,991.403508622517
5.125,-0.0197296344839022,-0.0360386965721474,0.490186081248354,0.41846041196145,0.0419443363414415,-10.3221999334544,-0.0147948289492095,0.00567107708003144,-0.0251182841972585,-0.0828740822845229,0.00736907955785766,-2.39746210770811,-0.0478229108489735,-0.00705405709369891,-0.0251005683246684,17.2339040664739,8.40670666423668,0.432450988722831,-6.97796850612807,-17.8611738544718,-0.39192376351944,7.13087082645254,-5.91417349809578,-2.81,0.133691215558356,-0.0523722258504173,19.182046210119,18.6450330520827,0.169821133121652,1.11053254778516,173.240005493164,-36.6741481528941,-92.8370582783822,-173.240005493164,4.34848785400391,19.2399997711182,9.89999961853027,15.9209995269775,35.2799987792969,991.39608898705
5.15,-0.0195772579845723,-0.0342843968033516,0.489781425200843,0.397692381707679,0.108980970206783,-10.380629531719,-0.00787598081508919,0.00457050442462806,-0.0271768802504922,-0.0817231070898182,0.00682080857971017,-2.397826832504,0.0163827856866471,-0.00552276545863745,-0.0266230754090906,17.2259854409402,8.4249282386174,0.441560284535701,-6.96589587182707,-17.8676223388472,-0.365147068190101,7.13135881001127,-5.91390567034356,-2.81,0.134735922229961,-0.0512493413072992,19.1757156608641,18.644067088853,0.169821133121652,1.11053254778516,173.240005493164,-36.6741481528941,-92.8370582783822,-173.240005493164,4.34848785400391,19.2399997711182,9.71000003814697,15.9169998168945,35.2799987792969,991.388669351583
5.175,-0.0203730792888317,-0.0335005769804152,0.48937676336029,0.342234711060943,0.0632196704800036,-10.3960252631154,-0.00771882340486536,0.00772238420667953,-0.0292573327482493,-0.081217865881111,0.00763996506833021,-2.39896036048353,-0.0223459306781591,0.0216605759880513,-0.0359592636720801,17.2225070904026,8.40806223369837,0.41883939054319,-6.9957923701946,-17.8434179934556,-0.39624596368313,7.1318253717673,-5.9136472227705,-2.81,0.133805177935224,-0.0520248189007787,19.1731834411621,18.6476599671896,0.169821133121652,1.11053254778516,173.240005493164,-36.6741481528941,-92.8370582783822,-173.240005493164,4.34848785400391,19.2399997711182,9.71000003814697,15.9169998168945,35.2799987792969,991.381249716116
5.2,-0.0186255644668616,-0.0333393450832419,0.489,0.291961586998647,0.150388124704266,-10.6947081063123,0.00138260007888222,0.0144318725456068,-0.0299837795600428,-0.0807423626833261,0.0072927798241933,-2.39965330981403,0.0186031911093039,0.0279144526905622,-0.0361622396304081,17.2275563754901,8.42537675228424,0.420497626295436,-7.00016443571114,-17.8550036676051,-0.386046946828538,7.13226183986803,-5.91340195260747,-2.81,0.13402150478028,-0.050965798451946,19.1731834411621,18.6601948638886,0.169820962395078,1.11053251870536,173.241348266602,-36.8598765026461,-93.3220376898039,-173.241348266602,4.3484411239624,19.2467174530029,9.71000003814697,15.9169998168945,35.2799987792969,991.378890163215
5.225,-0.0187864686220181,-0.0338241163502157,0.489,0.263551097639381,0.0692585922971727,-10.7506244818955,0.0200725818332653,0.0252295326121933,-0.0326039205692844,-0.0812922847183904,0.00746588684784817,-2.40037344636014,0.0278521853621558,0.0203081394558157,-0.0348829585416219,17.226244901994,8.42083830171817,0.407200613790385,-7.01578808404206,-17.8446991114979,-0.406539846690895,7.13269830796877,-5.91315668244445,-2.81,0.133019989518822,-0.051220380991696,19.1658391139304,18.6632792571339,0.169820643924354,1.11053246446034,173.243865966797,-37.2063313099779,-94.2267108225586,-173.243865966797,4.34835338592529,19.2592506408691,9.71000003814697,15.9169998168945,35.2799987792969,991.380909527919
5.25,-0.0192574467853792,-0.0352430771020216,0.489,0.31693880257691,-0.0445965504477342,-10.7536870900214,-0.0113438618024904,0.0231383929305006,-0.0360059415337113,-0.0821672347825333,0.00780391040069297,-2.40110220041127,0.0270532213201928,0.00830857542749696,-0.0331338478922025,17.2194165186056,8.42264593948474,0.376940672373597,-7.02405765925119,-17.8339978918682,-0.449985917548988,7.1331347760695,-5.91291141228142,-2.81,0.131007111348105,-0.0511941687226177,19.1539045821789,18.6576543802766,0.169820325453629,1.11053241021533,173.246353149414,-37.5527861173096,-95.1313839554711,-173.246353149414,4.34826564788818,19.2717838287354,9.27000045776367,15.9259996414185,35.2799987792969,991.382928892624
5.275,-0.0192604941257501,-0.0333286334698646,0.489,0.334313129630741,0.0151863376717563,-10.5604770470497,-0.0311719723133769,0.0103793178421843,-0.0376929203319522,-0.0822888748359679,0.00853973969737788,-2.40206145303269,-0.0324554082188694,0.017743014036921,-0.0397358052030687,17.1978299718492,8.43319230548363,0.364053339157644,-7.01852970791484,-17.8193473351393,-0.477204698674456,7.13356175144816,-5.91267245244021,-2.81,0.130419028721244,-0.0506310950451286,19.1494979858398,18.6411516101972,0.169820006982904,1.11053235597032,173.24885559082,-37.8992409246414,-96.0360570883047,-173.24885559082,4.34817838668823,19.2843170166016,9.27000045776367,15.9259996414185,35.2799987792969,991.384948257328
5.3,-0.0192549988829496,-0.0326969297990677,0.489,0.303772798010255,-0.0246353046843922,-10.2993780067012,-0.086845577109301,-0.0160264860345975,-0.0382977158762919,-0.0850680845235298,0.00831107209643761,-2.40309417749455,-0.0659307991036909,-0.0147618988420617,-0.035810423941017,17.1799114157891,8.47326549084007,0.341187537279218,-6.99852282540284,-17.8272096409541,-0.522750368728072,7.133973059826,-5.91244390729528,-2.81,0.127856983632475,-0.048757557517937,19.1494979858398,18.6258045010071,0.169819862521957,1.11053233136433,173.25,-38.0563956821239,-96.4464242825724,-173.25,4.3481388092041,19.2900009155273,9.27000045776367,15.9259996414185,35.2786293029785,991.387293616007
5.325,-0.01846636139777,-0.0303360264120913,0.489,0.233264839010762,0.0781262317890914,-9.81242994392796,-0.0890748025005054,-0.0475599969686188,-0.0392744774871756,-0.085736254076823,0.00656967879843581,-2.40413290128287,-0.074874864550742,-0.0333692438877956,-0.0422652317580906,17.1587110449444,8.48302086599362,0.34059641652262,-6.99563544099482,-17.8132061676757,-0.499784413828442,7.13438436820383,-5.91221536215035,-2.81,0.127425578435755,-0.0482498912408968,19.1417771272881,18.6179520360359,0.169819862521957,1.11053233136433,173.25,-38.0563956821239,-96.4464242825724,-173.25,4.3481388092041,19.2900009155273,9.27000045776367,15.9259996414185,35.276123046875,991.389909611192
5.35,-0.0205314913609917,-0.0251181388166339,0.489,0.226497159028903,-0.0154638122100734,-9.29678052149789,-0.100848641776111,-0.0726826417611499,-0.0414741321970156,-0.0915065668450576,0.0034731140153227,-2.40581629201085,-0.0663259438826913,-0.10072927176384,-0.037202198256941,17.135316769926,8.50756460823814,0.327538828555068,-6.99518153870608,-17.8020106736249,-0.51075362940962,7.13479567658166,-5.91198681700542,-2.81,0.12363094018597,-0.0474386907120786,19.1298281795295,18.6095528503025,0.169819862521957,1.11053233136433,173.25,-38.0563956821239,-96.4464242825724,-173.25,4.3481388092041,19.2900009155273,8.9399995803833,15.9049997329712,35.2736167907715,991.392525606377
5.375,-0.0235737273950834,-0.0226945533425013,0.489,0.146894721877213,0.102647059713887,-8.65190488642735,-0.101727829984372,-0.0822737514681763,-0.041300760227111,-0.0946361834095739,0.00138049956897106,-2.40707167429876,-0.0708981358396458,-0.101713322291078,-0.0382746832697745,17.1260160609527,8.489044418028,0.326896749947679,-7.02473343422073,-17.7728417152598,-0.500380134350489,7.1352069849595,-5.91175827186048,-2.81,0.121833526693252,-0.0486512999595094,19.1257839202881,18.6151432186223,0.169819862521957,1.11053233136433,173.25,-38.0563956821239,-96.4464242825724,-173.25,4.3481388092041,19.2900009155273,8.9399995803833,15.9049997329712,35.271110534668,991.395141601562
5.4,-0.025000668092237,-0.0206175810739491,0.489,0.0217008441279888,0.13039850283317,-8.21844336553394,-0.0644515224201905,-0.0678303702056311,-0.0404962476374244,-0.0942970562969991,-0.000104271024438572,-2.40802564048007,-0.0568384964323103,-0.0504140180207647,-0.0455178932066193,17.1146577257925,8.49743677137664,0.356577346212666,-7.02621052672102,-17.7674118107431,-0.44331855371148,7.13558371728554,-5.91154791016541,-2.81,0.123475438343238,-0.0480778860390136,19.1257839202881,18.6203948966397,0.169819862521957,1.11053233136433,173.25,-38.0563956821239,-96.4464242825724,-173.25,4.3481388092041,19.2900009155273,8.9399995803833,15.9049997329712,35.2700004577637,991.39676967887
5.425,-0.0267440553766958,-0.0166695042466677,0.489,0.0455615740372289,0.120834232292217,-8.20630169830664,-0.0323104845724608,-0.0265231310164921,-0.0410433424311874,-0.094290727099101,-0.00061336348619939,-2.40887240828995,-0.0178737420393061,-0.0128586914196591,-0.0457087505662792,17.1211152494675,8.49418336963185,0.370741431238372,-7.0474852704881,-17.7645045292584,-0.42014033789475,7.13594603065795,-5.9113451313581,-2.81,0.124096130151445,-0.0481467520077676,19.1083805616512,18.6380937971381,0.169819862521957,1.11053233136433,173.25,-38.0563956821239,-96.4464242825724,-173.25,4.3481388092041,19.2900009155273,8.9399995803833,15.9049997329712,35.2700004577637,991.39761108083
5.45,-0.0262687902632749,-0.0180892762749365,0.489,0.036658460254076,0.0509124450622519,-8.59335521005715,-0.00305186777010558,0.0270178867792484,-0.042175102072027,-0.0948518789111202,-0.000892386290737275,-2.40972510983759,0.0265492526145429,0.0133617968107971,-0.0428313232880135,17.1352590107788,8.48267604434441,0.376369269765892,-7.08069940499705,-17.7597107378033,-0.413422922225904,7.13630834403036,-5.9111423525508,-2.81,0.123946417317231,-0.0487027728119447,19.0826710545739,18.6616039987356,0.169819862521957,1.11053233136433,173.25,-38.0563956821239,-96.4464242825724,-173.25,4.3481388092041,19.2900009155273,8.46000003814697,15.9490003585815,35.2700004577637,991.39845248279
5.475,-0.0262687902632749,-0.0180892762749365,0.489,0.0553395601448664,0.0190574617498046,-9.04286497687946,-0.00865925809391189,0.0690893143506077,-0.0409729299871439,-0.0951439142511904,0.000759481514095666,-2.41111141634659,0.0163169004879026,0.0462807760837113,-0.0438019749178767,17.1383501565204,8.48375051737091,0.396751203642171,-7.10517752885978,-17.7536233018249,-0.424019323111379,7.13667065740277,-5.9109395737435,-2.81,0.12493668205387,-0.0485545378764201,19.0747604370117,18.6754464855435,0.169819862521957,1.11053233136433,173.25,-38.0563956821239,-96.4464242825724,-173.25,4.3481388092041,19.2900009155273,8.46000003814697,15.9490003585815,35.2700004577637,991.39929388475
5.5,-0.0256328654131438,-0.0187252011250676,0.489,0.1206511209386,0.0302126730839717,-9.04183998770318,-0.00482555153974056,0.0749206492567285,-0.0432139116240226,-0.0952977751381378,0.00340274071187219,-2.41277169558266,-0.0219775490530412,0.0826390109690208,-0.0467483740553265,17.1293390526711,8.48410119274583,0.433820431594247,-7.12459191751609,-17.7379396240641,-0.433725142115699,7.13703297077519,-5.91073679493619,-2.81,0.127041794760777,-0.0484424081388831,19.0747604370117,18.679490180834,0.169819681945773,1.11053230060685,173.262786865234,-38.2528391293315,-96.9593832753479,-173.262786865234,4.34766721725464,19.2871589660645,8.6899995803833,15.9390001296997,35.2700004577637,991.395563958535
5.525,-0.0243352927570734,-0.0184027450706826,0.489,0.130278093580333,0.00345857844913658,-9.02593126189128,-0.0235511202768441,0.0753462486694074,-0.0415228323301213,-0.0989241227507591,0.00551431253552437,-2.41430950164795,-0.034161813557148,0.0570051483809948,-0.0372700206935406,17.0862334964913,8.51885129696137,0.555269377972742,-7.08928393745046,-17.7317197903907,-0.38300538866776,7.13774928995725,-5.91034436723515,-2.81,0.132094224764895,-0.0469221998412841,19.0704918794854,18.6559291967027,0.169819363475048,1.11053224636184,173.285339355469,-38.5992939366633,-97.8640564081815,-173.285339355469,4.34683609008789,19.2821445465088,8.6899995803833,15.9390001296997,35.2700004577637,991.388343199895
5.55,-0.0205586373822957,-0.0155382708159221,0.489,0.2009308620512,0.117075207995793,-9.2359259535524,-0.00201947005013604,0.086357173029208,-0.0441596925947884,-0.0975535286678524,0.00586829158662618,-2.4146480109494,-0.0153881134938694,0.0746891695733626,-0.0414927224819633,17.074621403906,8.51771405450835,0.631622687447745,-7.08244434661485,-17.7268542641081,-0.3011909636252,7.13847370710604,-5.90994760127076,-2.81,0.136929885216144,-0.0468218921062256,19.0644602221112,18.6592581886272,0.169819045004323,1.11053219211682,173.307907104492,-38.9457487425769,-98.7687295410151,-173.307907104492,4.34600496292114,19.2771320343018,8.6899995803833,15.9390001296997,35.2700004577637,991.381122441255
5.575,-0.0191192500007809,-0.0160538794794653,0.489,0.184955874784857,0.106319779558854,-9.51470932932629,0.0260609226534107,0.0859068881281116,-0.0452819401922023,-0.095035364198101,0.00793604492665365,-2.41632713222575,0.0533938266014586,0.0874100814525477,-0.0466355075681373,17.0753983772584,8.50639521512681,0.641538524550526,-7.11901298600668,-17.7078165498317,-0.304052822828938,7.13919812425483,-5.90955083530636,-2.81,0.138799907876132,-0.047026385606686,19.0627899169922,18.6755302251395,0.169818726533599,1.11053213787181,173.330459594727,-39.2922035499086,-99.6734026738487,-173.330459594727,4.34517383575439,19.2721195220947,8.6899995803833,15.9390001296997,35.2700004577637,991.373901682615
5.6,-0.0186453660316597,-0.0168444943953483,0.489,0.218826649880612,0.105166861322622,-10.0488499576657,0.0558832234999188,0.0791762013970829,-0.0467833820609656,-0.0947047397494316,0.00909449532628059,-2.41720914840698,0.0838818848133087,0.0767090767621994,-0.0456740334630013,17.0498379695512,8.49725325546404,0.684637203393119,-7.11882575006924,-17.6809106275183,-0.277011006235818,7.13957217513108,-5.90934444284462,-2.81,0.141501043773762,-0.0474617076481264,19.0627899169922,18.6624680864038,0.169818408820536,1.11053208337424,173.355911254883,-39.6402713818099,-100.575923531157,-173.355911254883,4.3444938659668,19.2598724365234,8.6899995803833,15.9390001296997,35.2700004577637,991.367935062379
5.625,-0.0167338677355497,-0.0187291513493086,0.489,0.268498365641629,-0.014881579914995,-10.1607788945993,0.0482742193478097,0.0645815141344792,-0.0499052483099518,-0.0947264505604167,0.0120317512538754,-2.41944504268608,0.0691319369878176,0.0417104376127246,-0.0464571905405519,17.0299427427718,8.54370795872675,0.715040822471842,-7.11051081154812,-17.6882763027581,-0.301158297315771,7.13984650485048,-5.90919223443941,-2.81,0.143407910639927,-0.0448369817323397,19.0487440242324,18.6578077978813,0.169818091662191,1.11053202869177,173.383483886719,-39.9895201799008,-101.476868615333,-173.383483886719,4.34392547607422,19.2423248291016,8.6899995803833,15.9390001296997,35.2700004577637,991.362886650618
5.65,-0.0154681406590693,-0.0180922071608945,0.489,0.343539941772979,0.0315365985928012,-10.5192883655769,0.0445978423590298,0.0522099159418587,-0.0549019040903558,-0.0926402283488232,0.0136992148207311,-2.42123817032853,0.0123795722110408,0.0613838237618066,-0.0600972291888365,17.0131651062897,8.53537615665792,0.719009735573421,-7.13455598177111,-17.6584666662097,-0.306714868737674,7.14012083456988,-5.9090400260342,-2.81,0.144843669516506,-0.044943396259167,19.0297235444535,18.656952083131,0.169817774503846,1.11053197400929,173.411056518555,-40.3387689765735,-102.377813699588,-173.411056518555,4.34335708618164,19.224781036377,8.6899995803833,15.9589996337891,35.2700004577637,991.357838238857
5.675,-0.0142184836483689,-0.02032235789405,0.489,0.374230063097896,0.0929262321206687,-10.5915210806223,0.0598163449223201,0.0410032834367452,-0.0564441181324328,-0.0934913198445896,0.0138913853997834,-2.42201131000849,0.0506429352349756,0.0302882191294034,-0.0535517017133055,17.0073160555666,8.55305471661077,0.711688455250676,-7.13248695440833,-17.6615773249893,-0.326130488038154,7.14039516428928,-5.90888781762899,-2.81,0.144048933148162,-0.0440338865180192,19.0250415802002,18.6550390614201,0.1698174573455,1.11053191932682,173.438629150391,-40.6880177746644,-103.278758783685,-173.438629150391,4.3427882194519,19.2072372436523,8.6899995803833,15.9589996337891,35.2700004577637,991.352789827096
5.7,-0.0135696951229115,-0.0206459140661105,0.489,0.347877423733609,0.0717272957293594,-10.7754117037859,0.0833819862975295,0.0140005791850185,-0.0569689810876929,-0.0914316595159774,0.0143644190813928,-2.42433761472525,0.0471867433540619,0.0053912701429686,-0.0605214448061859,16.9877304617477,8.55177911128076,0.728136059554004,-7.15878572879382,-17.6325847924217,-0.299724469517333,7.14068903872772,-5.9087263012058,-2.81,0.146010220490273,-0.0436946601640805,19.0250415802002,18.6607963331681,0.169817326558554,1.11053189677735,173.449996948242,-40.832037897837,-103.650282529793,-173.449996948242,4.34255361557007,19.2000007629395,8.6899995803833,15.9589996337891,35.2700004577637,991.353512786156
5.725,-0.014201416504554,-0.0206236967186736,0.489,0.433057562529742,-0.0815131559086861,-11.6511712325705,0.0824158564378156,-0.000656522265450171,-0.06058735464533,-0.0894293606893087,0.0145479732610895,-2.42599495152044,0.0253156479095499,0.0067449207851329,-0.0658192719916922,16.9726152556736,8.57058395737768,0.704093321423773,-7.16551721987083,-17.6232496556479,-0.311062597077803,7.14099103262822,-5.90856091795297,-2.81,0.145768039413582,-0.0423492078288399,19.0116051222927,18.6589066867173,0.169817326558554,1.11053189677735,173.449996948242,-40.832037897837,-103.650282529793,-173.449996948242,4.34255361557007,19.2000007629395,8.6899995803833,15.9589996337891,35.2700004577637,991.358285830002
5.75,-0.0141983457056248,-0.0225528778206945,0.489,0.514058558893689,-0.102504517890079,-11.98209641788,0.0570033892786215,0.0109946544294665,-0.0619402861464793,-0.0878449673600097,0.0145989001029416,-2.42722178151322,0.0031808901901862,0.0157817049337042,-0.0687197553975114,16.9650168894321,8.60260380004795,0.658286614119719,-7.16267323399335,-17.630255059396,-0.346626815646618,7.14129302652872,-5.90839553470015,-2.81,0.144115393717666,-0.0403709647731776,18.9941377270129,18.6567320006545,0.169817326558554,1.11053189677735,173.449996948242,-40.832037897837,-103.650282529793,-173.449996948242,4.34255361557007,19.2000007629395,9,15.8959999084473,35.2700004577637,991.363058873849
5.775,-0.0137178583332277,-0.0249371038914907,0.489,0.541582847523615,-0.270154803104486,-11.4522112059831,0.0221085978505212,-0.0273783604143554,-0.059026185875164,-0.0860482157314483,0.0130390406296459,-2.42900671601484,-0.0225924967969812,-0.0322098599739496,-0.0657042414113282,16.934256978033,8.64063219189549,0.574553015149925,-7.15037554885462,-17.6204137595875,-0.390952288877642,7.14159502042922,-5.90823015144732,-2.81,0.140534422700666,-0.0380266577321615,18.9903755187988,18.6356502288691,0.169817326558554,1.11053189677735,173.449996948242,-40.832037897837,-103.650282529793,-173.449996948242,4.34255361557007,19.2000007629395,9,15.8959999084473,35.2700004577637,991.367831917696
5.8,-0.0135603991616057,-0.0244589000406988,0.489,0.384789318249005,-0.168701108648903,-10.7329281622437,0.00691486759071556,-0.110417180827348,-0.0538361341153505,-0.0852439478039742,0.0119516290724277,-2.42990040779114,-0.0342909134924412,-0.0677038878202438,-0.0628375634551048,16.8891458298235,8.66204136577774,0.433630513079646,-7.12486849301674,-17.5909401745089,-0.507262889858063,7.14193514125537,-5.90804431799453,-2.81,0.133598501978863,-0.0368161959683591,18.9903755187988,18.5831735645843,0.169817137702203,1.11053186381904,173.458984375,-41.042537709098,-104.186762819064,-173.458984375,4.34124565124512,19.189510345459,9,15.8959999084473,35.2700004577637,991.371004168685
5.825,-0.0167319387771156,-0.0263583205924472,0.489,0.287737678868656,-0.297186461472459,-10.0166396458738,-0.0120601993611562,-0.157425374276005,-0.0472115740581804,-0.0866027972762635,0.00693971730860655,-2.43115371366703,-0.00998110319585945,-0.16032877223049,-0.0490509241958258,16.8654012262428,8.66817735817768,0.383174284027344,-7.12948266675875,-17.5687532151364,-0.485043438196099,7.14228653570993,-5.90785243768766,-2.81,0.129817353923651,-0.0365135588722832,18.9768367737763,18.5759367495778,0.169816821856237,1.1105318086991,173.474029541016,-41.3945804965299,-105.083979854661,-173.474029541016,4.33905839920044,19.1719627380371,9,15.8959999084473,35.2700004577637,991.373100024477
5.85,-0.0199385219016179,-0.026353216472355,0.489,0.208103443874195,-0.186282937867518,-8.9880874412705,-0.032448388467898,-0.139302495300472,-0.0381042429750709,-0.0889561927693893,0.00178983185916375,-2.4325031864645,-0.0430669498559909,-0.147493835476098,-0.036265757579463,16.8565282409795,8.67308600933421,0.26881558805309,-7.15200485779464,-17.5499870418798,-0.532924411677989,7.14263793016449,-5.9076605573808,-2.81,0.121991957736403,-0.0363566873479108,18.9599133424981,18.5759428197319,0.169816506010271,1.11053175357917,173.489059448242,-41.7466232853799,-105.981196890179,-173.489059448242,4.33687114715576,19.1544189453125,8.88000011444092,15.9409999847412,35.2700004577637,991.375195880269
5.875,-0.0245241134904982,-0.0201356284621656,0.489,0.11150477879127,-0.298660786315666,-8.92053819332439,-0.0421752561597066,-0.0831630065619449,-0.0280719381769645,-0.0875034764381356,-0.000330192530422797,-2.43271390036522,-0.0049576934588836,-0.100823201431066,-0.0322905118307971,16.8514903304482,8.68658047628783,0.276544063816363,-7.14304233758735,-17.5571712757548,-0.478086085019007,7.14290800534452,-5.90751510352467,-2.81,0.122933979458147,-0.0354345124390616,18.9567890167236,18.5806536117215,0.169816190164305,1.11053169845924,173.504104614258,-42.0986660713936,-106.878413925697,-173.504104614258,4.33468389511108,19.1368732452393,8.88000011444092,15.9409999847412,35.2700004577637,991.377291736061
5.9,-0.0262647477316614,-0.0206289331438473,0.489,0.0725444570682995,-0.244396409109027,-8.66685178165853,-0.0603267212913052,-0.0388125543406845,-0.0152706488798042,-0.0898648784202199,-0.00207884814710174,-2.43320178747604,-0.0139770457363309,-0.0646203100412066,-0.0130607088348244,16.8606075865907,8.67255717186885,0.247685218722639,-7.17075291549743,-17.5467490644591,-0.49657219988243,7.14305905337959,-5.90743760413459,-2.81,0.119946578056278,-0.0363653710534216,18.9567890167236,18.5932980543304,0.169816066430834,1.11053167686586,173.509994506836,-42.236579741574,-107.229901011823,-173.509994506836,4.33382701873779,19.1299991607666,8.88000011444092,15.9409999847412,35.2700004577637,991.377721978713
5.925,-0.0264268019472683,-0.0198248040284364,0.489,0.176961738513462,-0.205130381402309,-8.37275620133732,-0.0675903776614719,-0.0479103123668034,-0.00298372241242364,-0.0921639482380377,-0.00233411069628406,-2.43362568713859,-0.109443651293369,-0.0359567015795865,-0.00521491936393403,16.8462828287953,8.64149789206914,0.277203326553666,-7.18653695851116,-17.5120786689606,-0.479958213534755,7.14321010141465,-5.90736010474452,-2.81,0.120418001959445,-0.0382591979906676,18.9412596502969,18.5860226644322,0.169816066430834,1.11053167686586,173.509994506836,-42.236579741574,-107.229901011823,-173.509994506836,4.33382701873779,19.1299991607666,8.88000011444092,15.9409999847412,35.2700004577637,991.377079453579
5.95,-0.0265875715657606,-0.0158554208709568,0.489,0.124392434407947,-0.154127291723495,-8.2035316103936,-0.0522012037767647,-0.0485841476306789,0.0095143363183716,-0.0939837695670695,-0.00420188410655948,-2.43317294560447,-0.0133270081314407,-0.0640498660716826,0.0149399199538546,16.8393749999795,8.65227654782143,0.301800097093873,-7.16613599657356,-17.5205524962892,-0.440747378788635,7.14336114944972,-5.90728260535445,-2.81,0.12069802511895,-0.0379058499660241,18.922566894413,18.5807186113685,0.169816066430834,1.11053167686586,173.509994506836,-42.236579741574,-107.229901011823,-173.509994506836,4.33382701873779,19.1299991607666,8.90999984741211,15.9370002746582,35.2700004577637,991.376436928446
5.975,-0.027690973014739,-0.0109854946767194,0.489239984048756,0.0864655428916038,-0.100244860190449,-8.32510410513273,-0.0426954387790012,-0.000615901599812996,0.0187941464330163,-0.0942051174622626,-0.00353476463950428,-2.43272366326173,-0.00539239144139388,-0.0023281659705354,0.0211487506150385,16.8482379383584,8.63256931263692,0.315433401636495,-7.17674015620296,-17.5153089043103,-0.438437581440708,7.14351219748478,-5.90720510596437,-2.81,0.121349755395912,-0.0390246695097205,18.9196910858154,18.5860703100896,0.169816066430834,1.11053167686586,173.509994506836,-42.236579741574,-107.229901011823,-173.509994506836,4.33382701873779,19.1299991607666,8.90999984741211,15.9370002746582,35.2700004577637,991.375794403313
6,-0.0281866711427018,-0.00983235955226632,0.489643670964853,0.0983784499553016,-0.154380615753464,-8.75352881075112,-0.0267350702417274,0.0551357313949883,0.0255402818644374,-0.0944264653574558,-0.00286764517244909,-2.43227438091899,0.00254222524865268,0.0593935341306096,0.0273575812762223,16.8596801421491,8.61105840096629,0.3300966030417,-7.19041514074055,-17.510478931154,-0.434928446057992,7.14366324551985,-5.9071276065743,-2.81,0.12203893692635,-0.0402338340275444,18.9196910858154,18.5942068943913,0.16981587214457,1.11053164222987,173.522399902344,-42.4577946502907,-107.781805942173,-173.522399902344,4.33304214477539,19.1253490447998,8.90999984741211,15.9370002746582,35.2700004577637,991.376211713451
6.025,-0.0270702376704441,-0.00967461028227621,0.490048328947333,0.163439114850638,-0.112241849629615,-9.3698885291043,-0.0413928807638974,0.0801840739616971,0.0320935088895749,-0.0975715594446369,-0.000213506195295748,-2.43207570553154,-0.0757737402429218,0.0791933515535283,0.0314535606973437,16.8755305029261,8.5514662209613,0.416763172581507,-7.23218545823155,-17.4816571269831,-0.414672663430227,7.14381559005885,-5.90705645301706,-2.81,0.125270052410031,-0.0437670627116482,18.9120817997659,18.6112433746792,0.169815558048443,1.11053158623502,173.542449951172,-42.8154254178226,-108.674052246147,-173.542449951172,4.33177375793457,19.1178283691406,8.84000015258789,15.9340000152588,35.2700004577637,991.377282588673
6.05,-0.0224741906728287,-0.00666025696758912,0.490452990782899,0.231997000355578,-0.0867469131106665,-9.53903459475812,-0.0461708017814471,0.0770481851863932,0.0374253588262941,-0.0977879690420665,0.000385067010604635,-2.43162774763914,-0.0528493109877314,0.0698240559902243,0.0357658034704334,16.868927847093,8.55523648132462,0.497268233776621,-7.21166880949928,-17.4891848904321,-0.346869584304796,7.14396835301908,-5.90698734745293,-2.81,0.129586264958692,-0.043636581019237,18.9032495927441,18.6091007227967,0.169815243952316,1.11053153024017,173.5625,-43.1730561867727,-109.566298550201,-173.5625,4.33050489425659,19.1103096008301,8.84000015258789,15.9340000152588,35.2700004577637,991.378353463895
6.075,-0.0212117104493273,-0.00412924855915401,0.490857649729602,0.274363245478508,0.0206086334841264,-9.64679697312827,-0.0385416755202624,0.0800111228883047,0.0392782083161031,-0.0984649407483544,0.00246405647252115,-2.43042792042175,0.0090885706930576,0.0554416271045638,0.042538673513815,16.875829676993,8.5197838465385,0.504376225890352,-7.21806741257036,-17.4754675776408,-0.377193884194396,7.14412111597931,-5.9069182418888,-2.81,0.129856083194791,-0.0457510560877066,18.9021625518799,18.6016756949591,0.169814929856189,1.11053147424531,173.582550048828,-43.5306869543046,-110.458544854254,-173.582550048828,4.32923603057861,19.1027908325195,8.84000015258789,15.9340000152588,35.2700004577637,991.379424339117
6.1,-0.0212035664467702,-0.00412110455659685,0.491262314456322,0.247761405001897,0.0691025763918941,-9.6753715416996,-0.0127934337138876,0.0842534911940485,0.0389134455771276,-0.0980152343435477,0.00548234223607023,-2.4295328128385,-0.00936851093650009,0.0900955582995405,0.037411747182697,16.8906460332519,8.455990455767,0.577555272496904,-7.24976727487396,-17.4485789935623,-0.345302283517466,7.1443082749344,-5.90682372359324,-2.81,0.134233248355451,-0.0492075017940485,18.9021625518799,18.6138727963603,0.169814813284431,1.11053145346372,173.589996337891,-43.6634158998182,-110.789687812464,-173.589996337891,4.32876539230347,19.1000003814697,8.84000015258789,15.9340000152588,35.2700004577637,991.378850103965
6.125,-0.0181930375209732,-0.00207669281291348,0.491666970509435,0.302692007014467,0.134349027283601,-9.88612022995036,0.0198400666979467,0.0772083475333147,0.0386525737749818,-0.0995410156031562,0.00785104601002149,-2.42894923953236,0.0237264441007419,0.0630100786653892,0.0399010698667655,16.9043698754815,8.42100141056374,0.606981862595812,-7.27054062796145,-17.4368862161322,-0.365582669373172,7.1445225062693,-5.90670920345969,-2.81,0.135210311621762,-0.0512985164314613,18.8941271434459,18.6202632417936,0.169814813284431,1.11053145346372,173.589996337891,-43.6634158998182,-110.789687812464,-173.589996337891,4.32876539230347,19.1000003814697,8.84000015258789,15.9340000152588,35.2700004577637,991.377304984002
6.15,-0.0164508216394016,-0.00254484652923988,0.492071632340104,0.367407733636184,0.0483285836342735,-10.1823958339052,0.0814186016571164,0.0718979203371682,0.0363111903417665,-0.0952398485486193,0.00855270724756802,-2.42815474514622,0.0945322599274689,0.069480943046541,0.0328896750069128,16.9031531973361,8.39240596908924,0.662163822561744,-7.27076586830838,-17.4253587845829,-0.283481581995136,7.1447367376042,-5.90659468332613,-2.81,0.140418730661874,-0.0524538123129244,18.8851219443388,18.6244983051354,0.169814813284431,1.11053145346372,173.589996337891,-43.6634158998182,-110.789687812464,-173.589996337891,4.32876539230347,19.1000003814697,9.53999996185303,15.8900003433228,35.2700004577637,991.375759864038
6.175,-0.0151758847189271,-0.00541710532631402,0.492476291292979,0.395996513046352,0.153795339750705,-10.5610942883316,0.0798935425533071,0.0566962456810115,0.0333993444221068,-0.0958714203885919,0.0101310329272852,-2.42805574183238,0.0321730414022056,0.0590593666405354,0.0305927176856573,16.9111184216053,8.36211130754651,0.635726314668149,-7.2959402847457,-17.4060143461308,-0.33896855345343,7.14495096893911,-5.90648016319258,-2.81,0.138799670574625,-0.0541707954128694,18.8842906951904,18.6248388727295,0.169814813284431,1.11053145346372,173.589996337891,-43.6634158998182,-110.789687812464,-173.589996337891,4.32876539230347,19.1000003814697,9.53999996185303,15.8900003433228,35.2700004577637,991.374214744075
6.2,-0.0135927398425949,-0.00414137615399435,0.492880890498431,0.506838592558886,0.0544909250129391,-10.6908657601251,0.121798049644143,0.0291198087424521,0.0273355718986041,-0.0910557861098219,0.0109872265993066,-2.42728547197052,0.0712748120092698,0.0332996736619747,0.0206259551220929,16.9030881447908,8.35808753877027,0.650003318105309,-7.27800557676877,-17.4050600090652,-0.298397981270698,7.14507149450118,-5.90642050000983,-2.81,0.142151062141478,-0.0539765381411387,18.8842906951904,18.6159073768508,0.169814614199639,1.11053141739358,173.601211547852,-43.8937904887323,-111.355223821009,-173.601211547852,4.32778644561768,19.0839805603027,9.53999996185303,15.8900003433228,35.2683982849121,991.367809837795
6.225,-0.0135897733788553,-0.00600501031515644,0.493114244761863,0.522648531656119,0.061546958945176,-10.3529948343261,0.116307132021992,-0.0117593287716148,0.0250652890014514,-0.0872811813448181,0.00983250535818751,-2.42671164243303,0.120860342084284,-0.00906064414635796,0.0163607597298302,16.898839288537,8.3460456170205,0.6246982028084,-7.27418571158442,-17.3962663119313,-0.271358109383265,7.1451674340839,-5.90637522987694,-2.81,0.142632753906481,-0.0542715924779616,18.8790273001028,18.6112881033463,0.169814302728271,1.11053136096127,173.618759155273,-44.2542152470233,-112.240014027825,-173.618759155273,4.32625579833984,19.0589160919189,9.53999996185303,15.8900003433228,35.2658920288086,991.358661503755
6.25,-0.0135806122477545,-0.0117603467607269,0.493276106317636,0.487889633153471,0.104799956194127,-10.0910564148609,0.142657820623735,-0.0578766308892209,0.0204545171713472,-0.0843052632213155,0.00809821583174693,-2.42625797507939,0.16509842674136,-0.0554022067629118,0.014571234129752,16.8976082072756,8.3162391734053,0.596103779915067,-7.28657093754669,-17.3750140376862,-0.243121357767232,7.14526337366663,-5.90632995974405,-2.81,0.142452154991634,-0.0555755486646131,18.8733252887578,18.6117549422377,0.169813991256903,1.11053130452895,173.636306762695,-44.6146400053144,-113.124804234563,-173.636306762695,4.32472467422485,19.0338497161865,9.85000038146973,15.8879995346069,35.2633819580078,991.349513169715
6.275,-0.0169383195667452,-0.0180092167295824,0.493437972503349,0.43587872968203,-0.0507511116891178,-9.77219456510666,0.121687634791482,-0.092613889666427,0.014690455822641,-0.0816232158334667,0.00485917753408995,-2.4258686804896,0.143845403838993,-0.109700916951112,0.0115357247541304,16.9034943790743,8.28809252189385,0.502633242149515,-7.30776483079929,-17.3552240815107,-0.256924715175129,7.14535931324935,-5.90628468961116,-2.81,0.13845871639663,-0.0567979825276107,18.872974395752,18.6142204814667,0.169813679785535,1.11053124809664,173.653854370117,-44.9750647650236,-114.009594441458,-173.653854370117,4.32319402694702,19.0087852478027,9.85000038146973,15.8879995346069,35.2608757019043,991.340364835675
6.3,-0.018035411099032,-0.0200118286870307,0.493599835600251,0.417942906320585,0.133920036065146,-9.08989137643309,0.0863842792229618,-0.113317841347678,0.00843178090106859,-0.0784832668889688,0.00224201422781246,-2.42585050384196,0.0798114964052769,-0.11260959509256,-0.00105266679126178,16.9078463706134,8.27146502636062,0.376634873204591,-7.3280567759245,-17.3388915048186,-0.310936770489147,7.14546451455111,-5.90623128163233,-2.81,0.133009944713138,-0.0573327514647695,18.872974395752,18.6127336882514,0.169813570610004,1.11053122831624,173.660003662109,-45.1013992167342,-114.319727091259,-173.660003662109,4.32265710830688,19,9.85000038146973,15.8879995346069,35.2599983215332,991.338469749273
6.325,-0.0213480641603615,-0.0211269895928119,0.493761698313488,0.30299017124577,0.0824696982355408,-8.87459500576342,0.100938025835415,-0.117053679813111,0.00342032060906346,-0.0780457745913647,0.00146716434216812,-2.42588692956315,0.071323152726071,-0.113214843464921,-0.00280682126242951,16.9049176330256,8.2817549398443,0.329751382508059,-7.32219701645701,-17.3418878978954,-0.341754336184708,7.14557523090074,-5.90617302783496,-2.81,0.130666297539868,-0.0567439421188352,18.8711088905039,18.6060271161707,0.169813570610004,1.11053122831624,173.660003662109,-45.1013992167342,-114.319727091259,-173.660003662109,4.32265710830688,19,9.51000022888184,15.9340000152588,35.2599983215332,991.340489113978
6.35,-0.0234285534518191,-0.0222160414623139,0.493923562567825,0.247820902977037,0.174447069797466,-8.68739600425466,0.100440941397434,-0.0829086460865909,-0.000762830316954705,-0.0733405972153846,-0.0031627350365691,-2.42590334654573,0.118904671965764,-0.0645895714674128,-0.00702642280654613,16.9089170038893,8.27666954172692,0.30220971563565,-7.33026233066157,-17.3409924149735,-0.251594688156157,7.14568594725036,-5.90611477403758,-2.81,0.13104383183644,-0.056400392137293,18.8691531188728,18.6240420679193,0.169813570610004,1.11053122831624,173.660003662109,-45.1013992167342,-114.319727091259,-173.660003662109,4.32265710830688,19,9.51000022888184,15.9340000152588,35.2599983215332,991.342508478682
6.375,-0.0245065782540425,-0.025268273662451,0.494085427983368,0.240714807220423,0.0520429836497774,-8.74313200501511,0.127573712345775,-0.0352840806077962,-0.00466802384397847,-0.070672694414424,-0.0041992070459309,-2.42618027581414,0.1462714409896,-0.029154317600465,-0.00874080886918175,16.9320822776547,8.26093228631122,0.274110245433104,-7.36383881581591,-17.3415800378369,-0.23880663499931,7.14579666359999,-5.90605652024021,-2.81,0.130587380204653,-0.0568260318331164,18.8690929412842,18.652392746971,0.169813570610004,1.11053122831624,173.660003662109,-45.1013992167342,-114.319727091259,-173.660003662109,4.32265710830688,19,9.51000022888184,15.9340000152588,35.2599983215332,991.344527843387
6.4,-0.0243508661543101,-0.0263733512744463,0.494247289539023,0.321482975510641,0.0718917059404799,-9.12698884334181,0.102572210974333,0.00233265451099314,-0.0107055768800232,-0.0683240916789141,-0.00340517200395024,-2.42675344279894,0.0931299919614249,0.0118914303527207,-0.0177055725335225,16.9442285644377,8.2579738148696,0.24940536427263,-7.38539391913025,-17.3422314584684,-0.257256500188676,7.14583412607051,-5.90604128684924,-2.81,0.130397770087874,-0.0566259930101265,18.8690929412842,18.6670708339283,0.169813365969021,1.11053119050529,173.668273925781,-45.3428921585372,-114.901046453366,-173.668273925781,4.32196426391602,18.9950389862061,9.51000022888184,15.9340000152588,35.2599983215332,991.342741894784
6.425,-0.0238523899423858,-0.0315896784093003,0.494409155719708,0.371510061875067,0.00160972555130626,-9.14959488328711,0.114918757344647,0.0100078692729075,-0.0148714758132972,-0.0664759313842701,-0.00336727620384171,-2.42717912763391,0.0635038100575559,0.0192157622519688,-0.0215242305544736,16.9443287355014,8.26128610807889,0.249973722662856,-7.39024197335086,-17.3420653053526,-0.242292877543605,7.14583891288577,-5.90604524315834,-2.81,0.131320877743412,-0.056180274642814,18.8661575760952,18.6727963160539,0.169813055810033,1.11053113319805,173.680816650391,-45.7089048983465,-115.782108611525,-173.680816650391,4.32091426849365,18.9875183105469,9.51000022888184,15.9340000152588,35.2599983215332,991.338993831506
6.45,-0.0224370710360346,-0.0320634528513662,0.494571018046233,0.346576376781196,0.0861681621820531,-9.15436521475265,0.0442756725264963,-0.00133798676504444,-0.0160200328625223,-0.0647429441225583,-0.00384494067273451,-2.4275132317433,0.0533931832339804,0.0147738271009961,-0.0226030873673639,16.9389281462567,8.29060308588338,0.233346888335181,-7.37326534112461,-17.3578213957501,-0.238393885437266,7.14584369970103,-5.90604919946743,-2.81,0.131263637882663,-0.0543825611819131,18.8631763458252,18.6697823175149,0.169812745651044,1.11053107589082,173.693328857422,-46.0749176395739,-116.663170769763,-173.693328857422,4.31986427307129,18.9799995422363,9.63000011444092,15.9069995880127,35.2599983215332,991.335245768229
6.475,-0.0229141620742127,-0.0344672802428809,0.494732881532623,0.33511485966383,0.192718635497336,-8.99110738913132,0.0807308511760011,-0.00539215899547628,-0.0230805334220544,-0.0630347305966087,-0.00366028649949874,-2.4283009144149,0.0399710154570742,0.0252343608820924,-0.0261029626998701,16.9395725255094,8.28209355973326,0.23320304526455,-7.39258054101196,-17.3463198686238,-0.226968498969341,7.14584848651629,-5.90605315577653,-2.81,0.132067041663546,-0.0545445969309577,18.8631763458252,18.6793381249142,0.169812435492055,1.11053101858359,173.705871582031,-46.4409303779651,-117.544232928,-173.705871582031,4.31881427764893,18.9724788665771,9.63000011444092,15.9069995880127,35.2599983215332,991.331497704952
6.5,-0.0224310072386144,-0.0358729381547325,0.494894746559002,0.281092566901123,0.0746005506490704,-9.02110806776305,0.0658748253929384,0.0162082171422907,-0.0259707765750184,-0.0613392828869027,-0.0031343419306129,-2.42932232447557,0.024842422629922,0.0433740828884251,-0.0308503801003155,16.9470019825338,8.2812580605887,0.213285902232262,-7.41686971770585,-17.3423543341985,-0.241644109892407,7.14581927611782,-5.90607133121851,-2.81,0.131785699921771,-0.0542625597659729,18.8633738377298,18.6937671867747,0.169812333171564,1.11053099967811,173.710006713867,-46.5616768495756,-117.834892609053,-173.710006713867,4.31846809387207,18.9699993133545,9.63000011444092,15.9069995880127,35.2599983215332,991.332198741824
6.525,-0.0221030107922056,-0.0365273697402763,0.495056610428773,0.340848765002659,0.286802646473542,-9.1084178327462,0.0723046818995392,0.0459521452293716,-0.0273377784307251,-0.0609389468083528,-0.00299552927393787,-2.42962006698022,0.0276175814529918,0.0459149937835933,-0.0315956511396128,16.9459862840156,8.31535227879662,0.251740076336069,-7.39730854481429,-17.3670078933823,-0.204379178444442,7.14576170848348,-5.90610136690611,-2.81,0.134028475349664,-0.0523493630247807,18.8762108115263,18.6987307234128,0.169812333171564,1.11053099967811,173.710006713867,-46.5616768495756,-117.834892609053,-173.710006713867,4.31846809387207,18.9699993133545,10.0500001907349,15.9180002212524,35.2599983215332,991.335090104924
6.55,-0.0211571362725455,-0.0384146162894501,0.495218474298544,0.441387038315847,0.259389145835017,-9.54793487464448,0.128215605026076,0.0581739958372789,-0.0364631127527477,-0.0562293391042236,-0.00201263515435909,-2.43112694743505,0.142256680873955,0.0646523962303412,-0.0406084558897994,16.9462360041914,8.31061719095421,0.286163352527,-7.42448640133519,-17.3544946749114,-0.147236284685007,7.14570414084914,-5.9061314025937,-2.81,0.138178810813979,-0.0518502055689555,18.8886528015137,18.720197238654,0.169812333171564,1.11053099967811,173.710006713867,-46.5616768495756,-117.834892609053,-173.710006713867,4.31846809387207,18.9699993133545,10.0500001907349,15.9180002212524,35.2599983215332,991.337981468023
6.575,-0.019706536277447,-0.0437049153095774,0.495380339326322,0.519859627286373,0.0760015987166821,-9.80249527962128,0.10288752098605,0.0462024559443642,-0.0419024910816303,-0.0564511976113811,-0.000831421107544479,-2.43197141326883,0.0940236507370718,0.0468823905335482,-0.0425689012288454,16.9451843516377,8.32190359240952,0.261893442302951,-7.43179381448388,-17.3549058705233,-0.193967037772584,7.14569210033021,-5.9061378579569,-2.81,0.136860984733245,-0.0512101320930437,18.8886528015137,18.7195355995182,0.169812333171564,1.11053099967811,173.710006713867,-46.5616768495756,-117.834892609053,-173.710006713867,4.31846809387207,18.9699993133545,10.0500001907349,15.9180002212524,35.2599983215332,991.340872831123
6.6,-0.0192363420076748,-0.0453868374840432,0.495542202038087,0.522307560260321,0.207895670376816,-10.1117705481233,0.130126626692808,0.0215636238546356,-0.0480405449440302,-0.0537643974955355,-0.000673739857345326,-2.43284212784692,0.12947019622361,0.018811125621228,-0.042934974056132,16.9367966489844,8.35229054763962,0.285139308327119,-7.41958133649517,-17.3673152119359,-0.152701233735934,7.14574587958036,-5.90611022261409,-2.81,0.139435472585248,-0.0491718230740987,18.8892082835353,18.723493623034,0.169812122135551,1.11053096068556,173.720230102539,-46.8107164455883,-118.434378201236,-173.720230102539,4.31775379180908,18.9887580871582,10.0500001907349,15.9180002212524,35.2599983215332,991.342827375545
6.625,-0.0184420985799833,-0.0459491498635661,0.495704065521169,0.578937529791723,0.0357352721361341,-10.3030230912547,0.127044622240442,0.00963985994960982,-0.0541965597144192,-0.0495304205076253,1.4734012837797e-06,-2.43563583146777,0.0992912976039862,-0.00858462464422627,-0.0536380664415509,16.9262706018084,8.3744875145303,0.222267263346612,-7.44721416445579,-17.3545949687389,-0.192652570117312,7.14579965883051,-5.90608258727128,-2.81,0.138155071272282,-0.0472018471176427,18.9012437273366,18.7316575818574,0.169811811976562,1.11053090337833,173.735290527344,-47.1767291853976,-119.315440359395,-173.735290527344,4.31670379638672,19.0163307189941,10.0500001907349,15.9180002212524,35.2599983215332,991.344341899073
6.65,-0.0186046178977026,-0.0523773991821311,0.495865929006511,0.575155492527358,0.0339818117897002,-10.0982883915034,0.0799488318895795,0.00807087294209081,-0.0572120400075448,-0.0459022475789616,-0.000516373977224154,-2.43679845349101,0.107830361133161,-0.000112749719573541,-0.0582571527932979,16.9146546025718,8.42167641120395,0.202657681994265,-7.42823388989962,-17.374172480505,-0.175259607477431,7.14585343808066,-5.90605495192847,-2.81,0.138850722157325,-0.0441196065796014,18.9125385284424,18.7313533421595,0.169811501817573,1.1105308460711,173.75032043457,-47.5427419252069,-120.196502517553,-173.75032043457,4.31565427780151,19.0439014434814,11.0600004196167,15.8500003814697,35.2599983215332,991.345856422602
6.675,-0.0192265779071982,-0.0546359640362445,0.4960277948065,0.494527188384992,0.084849319698955,-10.0662534846059,0.0969608980522529,-0.0134009838641161,-0.0623631281964177,-0.0444331811850279,-3.37112962763196e-05,-2.4378051649004,0.0797473499933707,0.00199382199447786,-0.0651853738272727,16.9109762477338,8.41477672814434,0.183574787769981,-7.44769063152423,-17.3585472230697,-0.18980858834349,7.14585963781783,-5.90605867069656,-2.81,0.138574043787755,-0.0442070528782802,18.9125385284424,18.7349034302227,0.169811191658585,1.11053078876387,173.765350341797,-47.9087546650162,-121.077564675712,-173.765350341797,4.31460428237915,19.0714740753174,11.0600004196167,15.8500003814697,35.2599983215332,991.34737094613
6.7,-0.0192202120618954,-0.0555749534345558,0.496189659060012,0.550886389311027,-0.0219028179393364,-10.0194635136691,0.0612483071149313,-0.042729146682649,-0.0629935958737008,-0.0424094117252745,-0.00207436467893266,-2.43993053269894,0.0716690589747078,-0.0378108238275135,-0.0657054011758265,16.9037241281856,8.45381195779093,0.150352080996835,-7.45482280829241,-17.3672414044478,-0.173131927587601,7.14579730353159,-5.90610755225082,-2.81,0.137505045611744,-0.0416383290973688,18.9135772941648,18.7480337651467,0.169811095733124,1.11053077103998,173.770004272461,-48.0219544809989,-121.35005812669,-173.770004272461,4.31427955627441,19.0799999237061,11.0600004196167,15.8500003814697,35.2599983215332,991.346455103359
6.725,-0.0193973613039513,-0.0579513797067681,0.496351521386942,0.505773634023061,0.0875980117843283,-9.82596090003259,0.0503243253537924,-0.0594820972406362,-0.0649131649460319,-0.0419641801953183,-0.00362048505174501,-2.44169980768978,0.0618539237833342,-0.0595314588632487,-0.0645561578956334,16.8953280316409,8.47659045081195,0.114185584049573,-7.46565653933035,-17.36517142306,-0.180352986233789,7.14573496924534,-5.90615643380507,-2.81,0.135591186613533,-0.0401897467026744,18.9270812485569,18.754115008655,0.169811095733124,1.11053077103998,173.770004272461,-48.0219544809989,-121.35005812669,-173.770004272461,4.31427955627441,19.0799999237061,11.0600004196167,15.8500003814697,35.2599983215332,991.344451036872
6.75,-0.0217586996039621,-0.0593657748250611,0.496513386029367,0.468775143014528,-0.0401311892240848,-9.89280013856479,0.0463737600396445,-0.0489645936551041,-0.066692179906698,-0.0421411422894264,-0.00456758217427114,-2.44315784853938,0.0480185368132018,-0.0680087449066795,-0.0639519973616902,16.8922584177875,8.48873627418836,0.0752476067534446,-7.48216433158028,-17.3605235425205,-0.205278915569077,7.14567263495909,-5.90620531535933,-2.81,0.133273025803046,-0.0394173087647848,18.939338684082,18.7605861394683,0.169811095733124,1.11053077103998,173.770004272461,-48.0219544809989,-121.35005812669,-173.770004272461,4.31427955627441,19.0799999237061,10.8800001144409,15.8229999542236,35.2599983215332,991.342446970385
6.775,-0.0232020355752584,-0.0588826217410134,0.496675248352173,0.494825275946335,0.00575961284296703,-9.51345449595993,0.00333957578397034,-0.0611035012680892,-0.0637919870994539,-0.0418493419171591,-0.00643456466154065,-2.44548553598474,-0.00898688282880626,-0.0801355812275067,-0.068266739030224,16.8732083248729,8.54906126937,0.035664230581662,-7.47076387700868,-17.3762770089527,-0.213457493354702,7.14561030067285,-5.90625419691358,-2.81,0.131105711327565,-0.0359462460257737,18.939338684082,18.760113283227,0.169811095733124,1.11053077103998,173.770004272461,-48.0219544809989,-121.35005812669,-173.770004272461,4.31427955627441,19.0799999237061,10.8800001144409,15.8229999542236,35.2599983215332,991.340442903898
6.8,-0.0236882732533228,-0.0587230282480343,0.496837111453496,0.442943252433082,0.0290624988956314,-9.12811638030671,0.00960259857799838,-0.0905107164818062,-0.0663213862835519,-0.0416179485619068,-0.00743225403130054,-2.44666504859924,-0.0429518558084965,-0.0860760360956192,-0.0712209790945053,16.8532053414493,8.6240076191352,-0.00616253264762791,-7.42941048674862,-17.4112170448972,-0.23970087116178,7.14566690770631,-5.90622860057987,-2.81,0.128959732869175,-0.0318334610422353,18.94027152542,18.745774931166,0.169810878302081,1.11053073025249,173.773529052734,-48.2824580794407,-121.967709948948,-173.773529052734,4.31467819213867,19.0764865875244,10.8800001144409,15.8229999542236,35.2599983215332,991.338235071463
6.825,-0.0268400346075905,-0.0580878613273789,0.496974917915788,0.392033361467753,-0.0744816897987251,-8.95280109023184,-0.0229122310182147,-0.0953415698049583,-0.0643060173220084,-0.0416975502364323,-0.0105423203964786,-2.44796248541589,0.0119058182749133,-0.112050635909358,-0.0651605628347351,16.8503008532974,8.63338636764149,-0.000479007430338754,-7.44411038998844,-17.4074650015256,-0.182707338083916,7.14575629749861,-5.9061824765553,-2.81,0.128813692118887,-0.0311850721380233,18.9489336235579,18.7628989340451,0.169810568143092,1.11053067207034,173.778533935547,-48.65405879935,-122.848772107107,-173.778533935547,4.31524705886841,19.0714721679688,10.8800001144409,15.8229999542236,35.2599983215332,991.335940338844
6.85,-0.0277977134017994,-0.0584057318526998,0.497,0.334097928665976,0.12006721052466,-8.95280651312458,-0.0228063024883815,-0.0700959206781127,-0.0621705849405157,-0.0420262055516819,-0.0122907715060978,-2.44989242645144,-0.047459745097488,-0.0784673631000005,-0.0681700512353733,16.8502661542164,8.66028886711649,-0.0518173025209402,-7.46272149612483,-17.4126125453842,-0.208494552153587,7.1458456872909,-5.90613635253074,-2.81,0.125621136738207,-0.0295866978966392,18.9565296173096,18.7770354455715,0.169810257984103,1.11053061388819,173.783538818359,-49.0256595192594,-123.729834265344,-173.783538818359,4.31581544876099,19.0664596557617,10.5,15.878999710083,35.2599983215332,991.333645606226
6.875,-0.0301675581571344,-0.0572959521151323,0.497,0.341550941096283,-0.0279900278475074,-8.9667914759927,0.0116807312588967,-0.0426099123710328,-0.0621085276190426,-0.0429982224825495,-0.0139069994847589,-2.45220928218438,-0.0558015177720538,-0.049893744173483,-0.0645868191471674,16.8491771452567,8.68990580027268,-0.0444372401231445,-7.48370851167598,-17.4175662561559,-0.183577185000673,7.1459350770832,-5.90609022850617,-2.81,0.125216189299822,-0.0278774054434517,18.9565296173096,18.7999640604025,0.169809947825114,1.11053055570604,173.788543701172,-49.3972602391688,-124.610896423582,-173.788543701172,4.31638431549072,19.0614471435547,10.5,15.878999710083,35.2599983215332,991.331350873607
6.9,-0.0306515301691663,-0.0568188844451825,0.497,0.384762328137353,-0.0877311976679664,-8.81317507579405,-0.0482537354344742,-0.0420998512029457,-0.0560274683544242,-0.0444992847662591,-0.0157764294737895,-2.45410479219792,-0.0587514279943385,-0.0546419245189833,-0.0543954800759663,16.8332166282737,8.74670677143467,-0.0505409526869976,-7.46944979139172,-17.4367906743494,-0.173972930515855,7.14594534573859,-5.90609038111127,-2.81,0.123936751972383,-0.024856572008941,18.9591021426888,18.8020068869785,0.169809858294685,1.11053053891119,173.789993286133,-49.5045264269293,-124.865223644484,-173.789993286133,4.31654834747314,19.0599994659424,10.5,15.878999710083,35.2582168579102,991.328805849534
6.925,-0.0311382579227658,-0.0572686135487392,0.497,0.305719522937933,0.0854022374172832,-8.64516129757477,-0.0311667040187575,-0.0439653769970361,-0.0525937602471609,-0.0437616477719336,-0.0177753173458248,-2.45548351628669,-0.000752858892508887,-0.0407114408339491,-0.054206926930463,16.8209962383373,8.76946675689267,-0.0324740219938103,-7.46883944526082,-17.4371229164952,-0.117038235040857,7.14592974717913,-5.9061056630177,-2.81,0.125012249852255,-0.0234033318516099,18.9776814926502,18.8097815116449,0.169809858294685,1.11053053891119,173.789993286133,-49.5045264269293,-124.865223644484,-173.789993286133,4.31654834747314,19.0599994659424,10.5,15.878999710083,35.2557106018066,991.326159257913
6.95,-0.0328778674045976,-0.0565092199733178,0.497,0.278241377280717,-0.0792881419389805,-8.4927019720234,-0.0248650871741476,-0.0194363730498007,-0.0474564680394939,-0.0463164259750306,-0.0169954005858155,-2.45701328811017,-0.0703365029615637,-0.0211045910661188,-0.0505402748267102,16.8369671717317,8.77046251781778,-0.0369181817374137,-7.50834654905667,-17.4357678703979,-0.156748650485049,7.14591414861967,-5.90612094492413,-2.81,0.123424037001488,-0.0234987158312974,18.9934024810791,18.8340080053411,0.169809858294685,1.11053053891119,173.789993286133,-49.5045264269293,-124.865223644484,-173.789993286133,4.31654834747314,19.0599994659424,10.3500003814697,15.8610000610352,35.2532043457031,991.323512666293
6.975,-0.0327131435953187,-0.0556792576116429,0.496844360759354,0.336364832433665,-0.0103522792737208,-8.39938725972617,-0.0469008701888635,0.0127908961354522,-0.043316812813371,-0.0481543373267233,-0.016644470253619,-2.45808823512513,-0.0902626791730675,-0.00347737196449265,-0.04481112286504,16.8360610821783,8.79251851263972,-0.0236032808078261,-7.51259482680688,-17.4440556376066,-0.166533939887028,7.1458985500602,-5.90613622683056,-2.81,0.123212293152898,-0.0224464160214383,18.9934024810791,18.8409905583594,0.169809858294685,1.11053053891119,173.789993286133,-49.5045264269293,-124.865223644484,-173.789993286133,4.31654834747314,19.0599994659424,10.3500003814697,15.8610000610352,35.2506980895996,991.320866074673
7,-0.0325593157271567,-0.05490419454511,0.496403928215423,0.361373550124896,-0.125737348753393,-8.65143739579656,-0.0678665358177654,0.0282167221667665,-0.0421018373224552,-0.049992248678416,-0.0162935399214226,-2.45916318214009,-0.110188855384571,0.0141498471371329,-0.0390819709033701,16.8316858017701,8.81408762713508,-0.00876074229524045,-7.51440432160928,-17.4498423940035,-0.174907103199573,7.14588295150074,-5.90615150873699,-2.81,0.123104118708966,-0.0214223484751533,18.9939253755318,18.844748254075,0.169809633837225,1.11053049723976,173.788192749023,-49.7706756142006,-125.502835259703,-173.788192749023,4.31689596176147,19.0599994659424,10.3500003814697,15.8610000610352,35.25,991.321840586896
7.025,-0.0322366313473193,-0.0536057031006962,0.495918336418713,0.336589556452617,-0.0431711269111858,-8.87459189499893,-0.0936994171654091,0.0351784567069647,-0.0386312931455308,-0.0504825495865682,-0.0162236533081652,-2.45948058178637,-0.109614300667504,0.0196243143198364,-0.0373290373497061,16.8247075681626,8.85080818057427,0.129120212046221,-7.48549327700801,-17.4754014695976,-0.0446778347913802,7.14591277023913,-5.90614023166784,-2.81,0.130157971671582,-0.019491529019058,18.9970152063887,18.8566395518469,0.169809322803317,1.11053043949507,173.785675048828,-50.1394823433509,-126.386382783633,-173.785675048828,4.3173770904541,19.0599994659424,10.3900003433228,15.8549995422363,35.25,991.324211810602
7.05,-0.0312975723559282,-0.049826902073095,0.495432746940472,0.345548085123261,0.0220424203088139,-9.06746909298338,-0.0813991568545109,0.0417463706943597,-0.0332733345173644,-0.0512211865391082,-0.0155444046328559,-2.46030934081227,-0.0774548427290403,0.0415035489685774,-0.0364917176261693,16.8369185320747,8.83842796439366,0.14889432180467,-7.51656212073912,-17.4677224591337,-0.0420717519112394,7.14595762092673,-5.90612016426568,-2.81,0.130780426781704,-0.0201412572981071,18.9995346069336,18.876481652734,0.169809011769408,1.11053038175038,173.783172607422,-50.5082890739193,-127.269930307564,-173.783172607422,4.31785774230957,19.0599994659424,10.3900003433228,15.8549995422363,35.25,991.326583034308
7.075,-0.029418511342007,-0.0488896166176528,0.494947157456258,0.35345471439709,-0.0229916522941594,-9.63459165503976,-0.0460339431296935,0.0570768721148091,-0.0268009500821572,-0.0525619786753081,-0.0135892038211403,-2.46141320668635,-0.0412657757528556,0.070862741001618,-0.0299928911129968,16.8395578494121,8.85239030033483,0.182517176335774,-7.52796148227244,-17.4727135517051,-0.0539645652181673,7.14600247161433,-5.90610009686353,-2.81,0.132036740459529,-0.0194579668987355,18.9995346069336,18.8867015715149,0.1698087007355,1.11053032400569,173.780670166016,-50.8770958030696,-128.153477831416,-173.780670166016,4.3183388710022,19.0599994659424,10.3900003433228,15.8549995422363,35.25,991.328954258014
7.1,-0.0287566939607398,-0.0485643589623375,0.494461561028583,0.425753851389012,0.017390885434181,-10.2251462330141,-0.00873291290658623,0.0798086849911741,-0.0145017446878175,-0.0537269714055664,-0.0110567428843863,-2.46226473204443,-0.0173458075277127,0.0845186461972451,-0.0184455128654339,16.8394134025728,8.84633641375704,0.232387172357199,-7.54456023746497,-17.4629292891484,-0.0568062624550159,7.14607168908392,-5.9060656929277,-2.81,0.134334617726292,-0.0198445071835772,19.0027428412622,18.8932749500833,0.169808617365586,1.11053030852773,173.779998779297,-50.9759512156062,-128.390305002814,-173.779998779297,4.31846809387207,19.0599994659424,10.3900003433228,15.8549995422363,35.25,991.32860444929
7.125,-0.0274794382803998,-0.0488755243284508,0.493975970392604,0.478937853566115,0.0504456665654481,-10.6596945787674,0.0326655189629869,0.0833866492970984,-0.00790025950717717,-0.0531160951630313,-0.00954105260014581,-2.46240534034555,0.0718763912872306,0.065164190526782,-0.00251141863876027,16.8382942036558,8.86417308808311,0.290912142173802,-7.53236331354716,-17.4771127723032,-0.0194462272401514,7.1461603727574,-5.90601983578123,-2.81,0.137876784685474,-0.0188163777886539,19.0187840129054,18.8980538604825,0.169808617365586,1.11053030852773,173.779998779297,-50.9759512156062,-128.390305002814,-173.779998779297,4.31846809387207,19.0599994659424,10.3900003433228,15.8549995422363,35.25,991.327258206153
7.15,-0.0259049533090866,-0.0488910624038902,0.493490379746808,0.526957369600702,0.0250878131396343,-11.1844448165871,0.0666888518912083,0.0669540444177454,-0.00530828391716655,-0.0504806607535207,-0.0078741831095969,-2.46281090532134,0.0619889795605808,0.0774845831189697,-0.0106976850963086,16.8320855181042,8.83434941041288,0.287836610446019,-7.55296098998475,-17.4470570272192,-0.0257620084434244,7.14624905643088,-5.90597397863475,-2.81,0.139204674217664,-0.0200444885430281,19.0313701629639,18.8948499627966,0.169808617365586,1.11053030852773,173.779998779297,-50.9759512156062,-128.390305002814,-173.779998779297,4.31846809387207,19.0599994659424,10.4399995803833,15.8610000610352,35.25,991.325911963017
7.175,-0.0252569032373999,-0.0517531217166051,0.492997102840634,0.578243833867631,-0.133939237706853,-11.2905439203762,0.0420012633048729,0.0428853952167775,-0.00296496549910167,-0.0515642416023588,-0.00712641434901132,-2.46307492185973,0.0261279920369573,0.0476823299106079,-0.00687563804189877,16.8376073611891,8.84231540309951,0.264155246432457,-7.55791752650889,-17.4537688720905,-0.0719454919408458,7.14633639904505,-5.90592869544691,-2.81,0.137470164858237,-0.0197339189657623,19.0313701629639,18.8961540727624,0.169808617365586,1.11053030852773,173.779998779297,-50.9759512156062,-128.390305002814,-173.779998779297,4.31846809387207,19.0599994659424,10.4399995803833,15.8610000610352,35.25,991.324565719881
7.2,-0.0249444087961347,-0.0523633818248562,0.492465776144712,0.509866793834542,-0.0948206435984916,-10.9949996814841,0.00975844266806375,0.0127677186094396,-0.000474830799538601,-0.0513987698375715,-0.00724011253938924,-2.46317763632721,0.0105618779559407,0.0263929810647814,-0.00586825944942648,16.8307527929844,8.85718417985838,0.250792036231769,-7.54554347078109,-17.4598046356236,-0.0827262735243906,7.14642201777417,-5.90588415006293,-2.81,0.136878094175928,-0.0189242724565836,19.0326731482217,18.888751956725,0.169808386819769,1.11053026501626,173.776275634766,-51.2538524446992,-129.04521168902,-173.776275634766,4.31723403930664,19.0711631774902,10.4399995803833,15.8610000610352,35.25,991.327591297238
7.225,-0.0249484301836512,-0.0498370084021288,0.49192622463261,0.39626468941419,-0.0243730572044647,-10.7396011153754,0.00362723430593962,-0.0130806145519055,-0.000379759369898124,-0.0505885546786927,-0.00779848785529642,-2.46319708893401,0.00547169214511983,0.0094978737364069,-0.0063137731351459,16.8199753488421,8.86792788389774,0.249703408656574,-7.53069131793213,-17.4613329978029,-0.0678652770089738,7.14650763650329,-5.90583960467896,-2.81,0.137222328520959,-0.0182598027305208,19.0383194176726,18.8803839882997,0.16980807622332,1.11053020639665,173.771270751953,-51.6282471553677,-129.927516530065,-173.771270751953,4.31557178497314,19.0862007141113,9.69999980926514,15.9200000762939,35.25,991.332134867823
7.25,-0.0249484301836512,-0.0498370084021288,0.491386678261228,0.355775138937058,-0.158892843243306,-10.6343493200995,-0.0204790345919135,-0.0234225745069018,8.2386475797966e-05,-0.0497783395198139,-0.00835686317120358,-2.46321654154082,0.000381506334299108,-0.00739723359196698,-0.00675928682086531,16.8129827293974,8.88319288365223,0.24295803795697,-7.51616013163075,-17.4685548112945,-0.0588417868193628,7.14659325523241,-5.90579505929498,-2.81,0.137242304034181,-0.0173522338265666,19.0425758361816,18.8749204363986,0.169807765626872,1.11053014777704,173.766250610352,-52.0026418660362,-130.80982137111,-173.766250610352,4.31390953063965,19.1012401580811,9.69999980926514,15.9200000762939,35.25,991.336678438408
7.275,-0.0268632956729852,-0.0517518738914628,0.49084713574869,0.277126819576747,-0.0491111156746893,-10.0092918195528,-0.0676251807773455,-0.0337209706053919,0.00112379057376717,-0.0521161813312174,-0.00859001422135302,-2.46344604469871,-0.0764043917118511,-0.03203630165027,-0.00298911511032454,16.8283490253978,8.87788916749235,0.147556012114058,-7.53966774788701,-17.4687246924274,-0.170550987240115,7.14668801813364,-5.90574750988897,-2.81,0.1309499116114,-0.017896628141503,19.0425758361816,18.877451578563,0.169807455030423,1.11053008915743,173.76123046875,-52.3770365767047,-131.692126212233,-173.76123046875,4.31224727630615,19.1162796020508,9.69999980926514,15.9200000762939,35.25,991.341222008993
7.3,-0.0281233945310795,-0.0517063014525403,0.490307590662922,0.207734659955036,-0.0534706453439564,-9.69167055552004,-0.0681304203858741,-0.0535943016853754,0.000587353779681008,-0.0540616741025124,-0.0102968346738387,-2.46324979598767,-0.0476770721508674,-0.0649870059793819,0.00341863103054305,16.8296407914905,8.89469936426936,0.11522137137219,-7.5288157866575,-17.4827265682571,-0.192266757109234,7.14679759123277,-5.90569509507138,-2.81,0.128109500364554,-0.0172580407930025,19.0415327086929,18.8746870988469,0.169807378181817,1.11053007465361,173.759994506836,-52.4696703202084,-131.910428440916,-173.759994506836,4.31183576583862,19.1200008392334,9.69999980926514,15.9200000762939,35.25,991.345581370115
7.325,-0.0290880834055599,-0.0460209434044225,0.489768036579682,0.0945811767782598,-0.0407901268072295,-9.92316328708537,-0.0723532061942971,-0.039909632482518,0.00785103140771139,-0.0548955185244631,-0.0111822690018185,-2.46339888252033,-0.0806734002225064,-0.0384215859740055,-0.00128332475694279,16.8305705104294,8.86386505998126,0.0908345306149357,-7.55288391701714,-17.4572443429863,-0.207419635962558,7.1469071643319,-5.9056426802538,-2.81,0.126302916245369,-0.0189739693940988,19.0375442800596,18.8758253690011,0.169807378181817,1.11053007465361,173.759994506836,-52.4696703202084,-131.910428440916,-173.759994506836,4.31183576583862,19.1200008392334,8.76000022888184,15.9399995803833,35.25,991.34988016922
7.35,-0.0306784511285008,-0.0440936777486479,0.489228495346534,0.178915948900305,-0.0582093778849924,-10.0943602467904,-0.0494625004865656,-0.00564923972215055,0.0130393205799182,-0.0566592177221363,-0.0123736351898477,-2.46305995411981,-0.040609787631126,0.00786603623282228,0.00939738431668002,16.8289371368786,8.86220705255261,0.105717938729642,-7.54684132252146,-17.4577443857299,-0.188048656180151,7.14701673743103,-5.90559026543622,-2.81,0.126120183184912,-0.0193045287571921,19.0346603393555,18.8742247086975,0.169807378181817,1.11053007465361,173.759994506836,-52.4696703202084,-131.910428440916,-173.759994506836,4.31183576583862,19.1200008392334,8.76000022888184,15.9399995803833,35.25,991.354178968326
7.375,-0.0313081757909008,-0.0431654609175627,0.488688946404314,0.238690710044478,-0.17197240878684,-10.3641486311774,-0.0855773129898392,0.00895250838281418,0.0172244760839297,-0.059876322921781,-0.0115943989540391,-2.46311852172356,-0.109732880815159,0.00873547797967747,0.0134200718717882,16.8391885407183,8.85567846532547,0.0694383446376078,-7.56258815536316,-17.4563164599077,-0.265347920113362,7.14710892514342,-5.90554715823255,-2.81,0.122671095769965,-0.0200338247779289,19.0346603393555,18.875134803981,0.169807378181817,1.11053007465361,173.759994506836,-52.4696703202084,-131.910428440916,-173.759994506836,4.31183576583862,19.1200008392334,8.76000022888184,15.9399995803833,35.25,991.358477767432
7.4,-0.0313007460022193,-0.043442829517852,0.488149400032931,0.227999695610326,-0.131595536962474,-10.5762773884088,-0.108307962983813,0.000294569556341426,0.0197610118604142,-0.0631231072828424,-0.0113742608781457,-2.46258591688146,-0.157739426921721,0.00378051985005399,0.0157183082385418,16.8417938205746,8.87388956087935,0.0887142526414812,-7.54415599543517,-17.4759066196201,-0.279648691946686,7.14718077704718,-5.90551493821006,-2.81,0.1221467054648,-0.0195108178082743,19.0305793082067,18.8709304901984,0.169807140230753,1.11053002993349,173.765747070312,-52.7552910282813,-132.586371057766,-173.765747070312,4.31166887283325,19.1333866119385,8.76000022888184,15.9399995803833,35.25,991.359800511244
7.425,-0.0300494931395046,-0.0361653193774189,0.487609849804979,0.213117765647039,-0.16751027537899,-10.6999416538209,-0.123660550270232,-0.0141251144226986,0.0261969164578459,-0.0652111679295003,-0.0118164466115797,-2.46196264786327,-0.163817269192731,-0.00203854938006467,0.0201593882107948,16.8403429650643,8.87537577198525,0.0916977551442537,-7.53194869193462,-17.4804105438436,-0.287838277470363,7.14725262895094,-5.90548271818758,-2.81,0.121280994492438,-0.0197431007295434,19.0166178858557,18.863170606842,0.169806828321925,1.11052997131388,173.773254394531,-53.1296857389498,-133.47240394739,-173.773254394531,4.31145048141479,19.1509323120117,8.53999996185303,15.9420003890991,35.25,991.360198264898
7.45,-0.0300540203769603,-0.0333211536909814,0.487070309861068,0.210223849187383,-0.00242278580272171,-10.4249386262107,-0.119695471638153,-0.0235166678895185,0.0337300564499366,-0.0669272787199177,-0.0123951780994296,-2.46138863722493,-0.159365916343111,-0.00736305614375439,0.0255087596853355,16.8396498677758,8.86357110305081,0.0865726046687233,-7.52984746463397,-17.4744673522213,-0.297629130789686,7.14732448085471,-5.90545049816509,-2.81,0.120144767529222,-0.0206281721084297,19.0069522857666,18.8566575689154,0.169806516413097,1.11052991269427,173.78076171875,-53.5040804496183,-134.358436837171,-173.78076171875,4.31123161315918,19.1684761047363,8.53999996185303,15.9420003890991,35.25,991.360596018552
7.475,-0.0310150115473517,-0.0304503593814339,0.486530758494929,0.178498318244916,-0.213344221865791,-10.2220339643848,-0.10204137475547,-0.034144013568012,0.0392369050845898,-0.0696855602323935,-0.0141947324116487,-2.46015016747913,-0.114244468262997,-0.0255042475510961,0.0360859844068197,16.8444852196592,8.82838117420805,0.0763649854207853,-7.53616587426346,-17.4585051244971,-0.299384062574058,7.14739633275847,-5.9054182781426,-2.81,0.118092876236439,-0.0229265141386403,19.0069522857666,18.8516314188494,0.169806204504269,1.11052985407466,173.788299560547,-53.8784751602868,-135.244469726874,-173.788299560547,4.31101274490356,19.1860218048096,8.53999996185303,15.9420003890991,35.25,991.360993772206
7.5,-0.0326139013439238,-0.0294934655553693,0.4859912145474,0.123864305270274,-0.144013979263859,-9.67435283835046,-0.120757511308278,-0.0458416779355707,0.0508913483556181,-0.0749425288166291,-0.0152659825923841,-2.45897721943633,-0.137398255460505,-0.0485699138398975,0.0479566636734894,16.8559513810298,8.76983594769655,0.0441605834903358,-7.5659089313912,-17.4260129149467,-0.355197967745739,7.14760170104398,-5.90531309031923,-2.81,0.113697324626801,-0.0267382989546479,19.0034380624461,18.8478108171086,0.169806133762061,1.11052984077949,173.789993286133,-53.9633894248107,-135.44542563994,-173.789993286133,4.31096315383911,19.1900005340576,8.56999969482422,15.8999996185303,35.2480621337891,991.361048498819
7.525,-0.0351465336154528,-0.0250206900517759,0.485451666889194,0.0123712844077231,0.000978876004540996,-9.30076233375848,-0.0953601624015941,-0.0323023076473688,0.0560342118998064,-0.075782989806936,-0.0172073593139978,-2.45728413564827,-0.0482912258407021,-0.0374313217967849,0.0551852070414224,16.8598908383887,8.76159910493039,0.0814509017521213,-7.54328471327317,-17.4367943736829,-0.291941623779283,7.14790986729772,-5.90515172256065,-2.81,0.115097899215502,-0.027424773743525,18.9925607045492,18.8454397248627,0.169806133762061,1.11052984077949,173.789993286133,-53.9633894248107,-135.44542563994,-173.789993286133,4.31096315383911,19.1900005340576,8.56999969482422,15.8999996185303,35.2455558776855,991.361002604167
7.55,-0.0357930432508254,-0.0212655381106956,0.485064000188678,-0.0805481716543583,0.0474776638020597,-9.02631512731037,-0.0673215647487669,-0.0010697266333128,0.0562294789767465,-0.0790833499594866,-0.0152149465996961,-2.45631003264629,-0.116892891500277,0.02332439738944,0.0513390548722583,16.883888537156,8.69339626984666,0.0851955567685636,-7.58871881255814,-17.4051852330693,-0.34491000138457,7.14821803355146,-5.90499035480206,-2.81,0.113812986547918,-0.0315042108204931,18.9853649139404,18.8549319422166,0.169806133762061,1.11052984077949,173.789993286133,-53.9633894248107,-135.44542563994,-173.789993286133,4.31096315383911,19.1900005340576,8.56999969482422,15.8999996185303,35.243049621582,991.360956709514
7.575,-0.0354681626047972,-0.0183599411192831,0.485,-0.116969659259005,0.0900927110703691,-8.90855211486861,-0.0275152113866557,0.0459601954007412,0.0549961690595113,-0.0789300284931164,-0.0139152025423357,-2.45512510961589,-0.0786734014483672,0.0708277491911128,0.0513212994887263,16.8980632393463,8.69226654513425,0.120954051981025,-7.57716424626595,-17.4239092027213,-0.329604150050176,7.14852619980521,-5.90482898704347,-2.81,0.11589605866762,-0.0316660988275645,18.9853649139404,18.8596800529908,0.169806133762061,1.11052984077949,173.789993286133,-53.9633894248107,-135.44542563994,-173.789993286133,4.31096315383911,19.1900005340576,8.56999969482422,15.8999996185303,35.2405433654785,991.360910814862
7.6,-0.0351397355914498,-0.0168119520789758,0.485,-0.108917790853288,0.0501506950799664,-9.01970417786054,0.002592402994698,0.0917195986951402,0.0551978937463274,-0.0794264290056651,-0.012414191781698,-2.45375969653277,0.0164443624388167,0.0820256369223625,0.0586017280599695,16.9150984618002,8.64743067735865,0.189464963443424,-7.5905849392807,-17.4136450084715,-0.28722476040723,7.14865577449597,-5.90476881556679,-2.81,0.119399611805986,-0.0342234126890874,18.9811939564786,18.8696540231071,0.16980589006539,1.11052979382246,173.7998046875,-54.2632969276001,-136.137689679352,-173.7998046875,4.30938673019409,19.1919651031494,8.02000045776367,15.9130001068115,35.2400016784668,991.358299866511
7.625,-0.0313475881080299,-0.0184052929122317,0.485,-0.106713810063624,0.212622601459568,-9.14262222659447,0.0387688252242409,0.119691039008111,0.0553773707535328,-0.0793288078847434,-0.0117830918086487,-2.45338023877252,0.0416146628233774,0.0853597376987388,0.0601416183703527,16.929950589969,8.57836901588085,0.279225115497452,-7.63361130375064,-17.3774798796696,-0.201940861315896,7.14876714797175,-5.90471895754082,-2.81,0.124165270162467,-0.0378704552898978,18.9694064679996,18.8929862207419,0.169805579031482,1.11052973389047,173.812347412109,-54.646073610546,-137.021237203283,-173.812347412109,4.30737400054932,19.1944713592529,8.02000045776367,15.9130001068115,35.2400016784668,991.354980153323
7.65,-0.0294237997804796,-0.0206342397133455,0.485,-0.142248859493008,0.117379564619952,-9.71162983876012,0.097523489941851,0.146934209926058,0.0525896419098389,-0.0762401461838034,-0.00569461525086383,-2.45165968479484,0.126790959307176,0.1276121232116,0.0557474026717549,16.9431421191444,8.55804602375312,0.313599227920709,-7.62287953073441,-17.3850909228525,-0.24265686476186,7.14887852144754,-5.90466909951486,-2.81,0.128174660258523,-0.0388331410713951,18.961971282959,18.8837541809891,0.169805267997574,1.11052967395848,173.82487487793,-55.0288502920737,-137.904784727213,-173.82487487793,4.3053617477417,19.1969776153564,8.02000045776367,15.9130001068115,35.2400016784668,991.351660440134
7.675,-0.0275325549003101,-0.021896740312496,0.485,-0.0768439448852828,0.167988227721576,-10.2460856997498,0.131860709063286,0.178087270032687,0.0483148069313773,-0.0733561444688322,-0.000810884419961724,-2.45082450286925,0.120456995606394,0.164016116472276,0.0503095768762071,16.9496662498611,8.52631420692083,0.359376197154202,-7.62969594270098,-17.3736073433829,-0.252742730433958,7.14898989492332,-5.90461924148889,-2.81,0.132535247989258,-0.0403107976369343,18.961971282959,18.8808582408568,0.169804956963665,1.11052961402649,173.837417602539,-55.4116269736014,-138.788332251144,-173.837417602539,4.30334949493408,19.19948387146,8.02000045776367,15.9130001068115,35.2400016784668,991.348340726946
7.7,-0.0274958759688265,-0.0219201161565473,0.484999713179316,-0.0373654584146506,0.111514567849649,-10.75637989837,0.133135619291852,0.190288223715837,0.0430917146025533,-0.0667477325575298,0.00332524283662916,-2.44988294081221,0.137805947739677,0.190310555772649,0.0394438588324421,16.9571761136663,8.49921749969386,0.421940706046992,-7.63208913659211,-17.3686745975212,-0.20226703377188,7.14921809027276,-5.90450415725224,-2.81,0.139500851446236,-0.0410911102077057,18.9556075399236,18.8868874736325,0.169804892832963,1.11052960166938,173.839996337891,-55.4905500011738,-138.970506998349,-173.839996337891,4.30293464660645,19.2000007629395,8.02000045776367,15.9130001068115,35.2400016784668,991.349052803769
7.725,-0.0198956978378254,-0.0282812518576849,0.484304426897166,0.0209699515676808,0.122545757683098,-10.9271363408964,0.131983517863329,0.16752163469886,0.035520167020773,-0.0632967671763762,0.0060106702016307,-2.44940581570267,0.132919311413892,0.173200495376954,0.0310258514158851,16.9553935632207,8.48116705490344,0.423428119895513,-7.63325986615306,-17.3574661160186,-0.215802494537424,7.14953351662215,-5.9043403685444,-2.81,0.141595702290184,-0.0417216694775905,18.9390618080317,18.8794843754438,0.169804892832963,1.11052960166938,173.839996337891,-55.4905500011738,-138.970506998349,-173.839996337891,4.30293464660645,19.2000007629395,6.96000003814697,15.9870004653931,35.2400016784668,991.350812098777
7.75,-0.0179896396167305,-0.033975269933373,0.48309043794483,-0.0250457432403197,0.0844494513385791,-10.9169229650435,0.106666005671663,0.132592102194251,0.0240718733821594,-0.0611000763621813,0.00850844212546219,-2.44904341117601,0.119602046779757,0.148538319898712,0.0239817451563599,16.9504324399663,8.47124601988369,0.402750849290348,-7.62966858523533,-17.3482621710449,-0.259488346609062,7.14984894297155,-5.90417657983655,-2.81,0.141911855516122,-0.0420679966551301,18.9291343688965,18.8654801974283,0.169804892832963,1.11052960166938,173.839996337891,-55.4905500011738,-138.970506998349,-173.839996337891,4.30293464660645,19.2000007629395,6.96000003814697,15.9870004653931,35.2400016784668,991.352571393784
7.775,-0.0160654104168561,-0.0378145687428896,0.481876466348867,0.0365610028447686,0.142570993712397,-10.8365093445793,0.0866531927023093,0.119919983655324,0.0165840177281606,-0.0620318178622163,0.0112691775617696,-2.448920800288,0.0910565602588372,0.117807990861773,0.0204525863708957,16.9456283938721,8.46076567696259,0.392979675310418,-7.63023390202089,-17.3369076056489,-0.32322716860623,7.15015253060573,-5.90401876822154,-2.81,0.141290577431043,-0.0427994177315007,18.9291343688965,18.8508569932961,0.169804892832963,1.11052960166938,173.839996337891,-55.4905500011738,-138.970506998349,-173.839996337891,4.30293464660645,19.2000007629395,6.96000003814697,15.9870004653931,35.2400016784668,991.354330688792
7.8,-0.0160650876958077,-0.039674643434029,0.480807136307037,0.0415643062851413,0.133553136526969,-10.8192247549613,0.0602975191125581,0.0948372021952057,0.00599007697434537,-0.0583902344662156,0.0131694170084092,-2.44873551478915,0.0981100061708586,0.106511835401505,0.00992215785981342,16.9352907550909,8.45342615362315,0.415014265216032,-7.62269865205495,-17.3274340241404,-0.302024723458698,7.1504373747838,-5.90387041974297,-2.81,0.144518525482646,-0.0427989473297284,18.9214862557345,18.8423271778975,0.169804643074994,1.11052955382842,173.848052978516,-55.7961030927927,-139.679989241726,-173.848052978516,4.30332183837891,19.1798458099365,6.96000003814697,15.9870004653931,35.2400016784668,991.353691160217
7.825,-0.0140126272748543,-0.0382886301109625,0.480113427474174,0.00308995124918514,0.230482180791942,-10.9292203042484,0.0398994607915201,0.0676442093525003,0.000821294790236177,-0.0572728436806771,0.015935022295483,-2.44886877287623,0.0533531491793209,0.066384230167477,0.000591234622633859,16.9205089382019,8.46194503403779,0.410858726617554,-7.60766818808968,-17.3228787841956,-0.343797539373787,7.15072221896188,-5.90372207126439,-2.81,0.145253025062598,-0.04225979512284,18.9030741314555,18.8225763916163,0.169804332478545,1.11052949433389,173.858093261719,-56.1760857849795,-140.562294082771,-173.858093261719,4.30380296707153,19.1547813415527,7.09999990463257,15.9659996032715,35.2400016784668,991.35246730282
7.85,-0.0128921262865944,-0.0441440119381037,0.479419728561469,0.121713859685772,0.390956923409245,-11.3597655659914,0.107704274752822,0.0526766633030627,-0.0114650476094427,-0.0568521994412949,0.0178588149958737,-2.44951193098365,0.0924468888899248,0.0413861935012894,-0.0129907638898736,16.9062740377903,8.44789331661135,0.38133165136305,-7.61697501591884,-17.2961020565313,-0.401201215052159,7.15100706313995,-5.90357372278581,-2.81,0.14418663327476,-0.0429463829665295,18.8925933837891,18.8065230201907,0.169804021882097,1.11052943483936,173.868118286133,-56.5560684757481,-141.444598923737,-173.868118286133,4.30428409576416,19.1297168731689,7.09999990463257,15.9659996032715,35.2400016784668,991.351243445424
7.875,-0.0122582309023239,-0.0447779073223743,0.478726034607435,0.0896527158681634,0.152495642682765,-11.4264147948349,0.143713949359495,0.0285206794333881,-0.0206191298599095,-0.0532505155940526,0.0175887968143547,-2.44965431174798,0.141933435799888,0.0394313836942384,-0.0177867976861089,16.8964632754301,8.4524283775945,0.394674343680991,-7.60902119471882,-17.2935831806642,-0.352933089478566,7.15126961254022,-5.90343860590907,-2.81,0.146679467723832,-0.0422491976691447,18.8925933837891,18.8052853195973,0.169803711285648,1.11052937534483,173.878143310547,-56.9360511679348,-142.32690376486,-173.878143310547,4.30476522445679,19.1046524047852,7.09999990463257,15.9659996032715,35.2400016784668,991.350019588027
7.9,-0.0122582309023239,-0.0447779073223743,0.478032334037901,0.0350702318556027,0.245426953851115,-11.2163985681665,0.139802667075622,-0.00624697486495312,-0.0271613827040512,-0.048814950490124,0.0171577472940197,-2.45004207021169,0.1844878258051,0.0248294013140898,-0.0251012409701074,16.8822820275044,8.46392207626759,0.382456395475557,-7.59820238644635,-17.2904656978035,-0.320644213186857,7.15149812881684,-5.90332368715875,-2.81,0.148232907808267,-0.0410558087698596,18.8859052140583,18.7994032004712,0.169803653649194,1.1105293643046,173.880004882812,-57.0065634202832,-142.490630436372,-173.880004882812,4.30485439300537,19.1000003814697,7.09999990463257,15.9659996032715,35.2400016784668,991.354203098504
7.925,-0.0127256982711084,-0.0563936355241905,0.477351556578889,0.0800295721703303,0.183298466684639,-11.0680025364114,0.145346894057076,-0.0527777983031421,-0.0401332191539683,-0.0462299912990535,0.0158827823078997,-2.45227693890636,0.140393531790158,-0.0801068102937009,-0.0436195854782095,16.8399521798764,8.50731488085307,0.174187367685379,-7.58068297274775,-17.2709358316642,-0.486578161037966,7.15172664509347,-5.90320876840843,-2.81,0.138555420749152,-0.0383000714586818,18.8709144887998,18.7527971453408,0.169803653649194,1.1105293643046,173.880004882812,-57.0065634202832,-142.490630436372,-173.880004882812,4.30485439300537,19.1000003814697,7.28000020980835,15.956000328064,35.2400016784668,991.359618667484
7.95,-0.0151024158133433,-0.0590426067596162,0.476881643132362,-0.0450744772945952,0.174988868091329,-10.6888342993963,0.109237624610829,-0.0638533456240786,-0.0512117204747767,-0.0397126205633421,0.0135853347856415,-2.45368435722376,0.104149223671444,-0.054252254435241,-0.0576204328312813,16.8214908998503,8.5420964079445,0.148071358917921,-7.56964432961965,-17.2764649306868,-0.419686175020156,7.1519551613701,-5.90309384965811,-2.81,0.140146979685542,-0.0354499113677611,18.8628425598145,18.7561366358261,0.169803653649194,1.1105293643046,173.880004882812,-57.0065634202832,-142.490630436372,-173.880004882812,4.30485439300537,19.1000003814697,7.28000020980835,15.956000328064,35.2400016784668,991.365034236464
7.975,-0.0165147971046226,-0.0646502225297374,0.476650407276617,-0.0957195748600368,0.0638520044258234,-10.3690455760088,0.113734312540144,-0.0464985572898377,-0.0562446337935703,-0.0395931938881769,0.0123625837580418,-2.45534521954363,0.0913210132981094,-0.0647836056473385,-0.0607534392061436,16.8176475383612,8.54832945953851,0.102740938070149,-7.59249218546137,-17.2648500878097,-0.443593093815976,7.15218367764672,-5.9029789309078,-2.81,0.137603663021585,-0.0349273596366787,18.8628425598145,18.7642602875732,0.169803653649194,1.1105293643046,173.880004882812,-57.0065634202832,-142.490630436372,-173.880004882812,4.30485439300537,19.1000003814697,7.28000020980835,15.956000328064,35.2400016784668,991.370449805444
8,-0.0166672582712999,-0.0669928304950206,0.476419172522501,-0.0827162548951512,0.0997120943969066,-10.2287348171041,0.0638735170603094,-0.0522389437902073,-0.0634466700458071,-0.0394737672130117,0.011139832730442,-2.4570060818635,0.0784928029247756,-0.0753149568594356,-0.0638864455810058,16.8085726638967,8.56798919776479,0.0455532844826868,-7.60303312973751,-17.2599038658373,-0.479827846634837,7.15243216205696,-5.90285358882577,-2.81,0.134471445936995,-0.0337011521676124,18.8562876235607,18.7652884133508,0.169803398930341,1.11052931559774,173.898620605469,-57.317646884691,-143.214204959684,-173.898620605469,4.30510711669922,19.0772609710693,7.1399998664856,15.9420003890991,35.2400016784668,991.371411542868
8.025,-0.0173109723778711,-0.0669918058547796,0.476187936669166,-0.147802904567894,0.0240039160941871,-9.89314378050721,0.0663613440374854,-0.0747684325199477,-0.0711008221605994,-0.034232392943367,0.00848832960653001,-2.45899169104774,0.0487395234953282,-0.0641459096596979,-0.0758972432505047,16.7417910280243,8.66062051539508,-0.0390928759719508,-7.52866758994361,-17.2738682018421,-0.477581884279362,7.15300733571229,-5.90255771551463,-2.81,0.13259601859697,-0.027945403570129,18.8425434023835,18.7162617812862,0.169803090083731,1.11052925654067,173.921173095703,-57.6948355861187,-144.091539069264,-173.921173095703,4.30541324615479,19.049690246582,7.1399998664856,15.9420003890991,35.2400016784668,991.371426841085
8.05,-0.0198425183447331,-0.0695464739707977,0.475956704120511,-0.13609080479692,-0.0820589655601117,-9.62254806300504,0.0129207710049116,-0.0827726967060538,-0.0699700027320201,-0.0387532263994217,0.0072016678750515,-2.46064138412476,0.00398216256871819,-0.109336599707603,-0.0730848908424377,16.7097285212125,8.70602251091719,-0.131531243725413,-7.50666840393664,-17.2722347824849,-0.589059227374687,7.15358250936761,-5.90226184220349,-2.81,0.125465368454187,-0.0260050320527706,18.8355655670166,18.6850694250591,0.169802781237122,1.1105291974836,173.943725585938,-58.0720242875463,-144.968873178843,-173.943725585938,4.30571937561035,19.0221195220947,7.1399998664856,15.9420003890991,35.2400016784668,991.371442139303
8.075,-0.0223764686497384,-0.0711098995914534,0.475725469918853,-0.112823473829937,-0.00813448665612299,-9.51888500949,-0.050209064988752,-0.0983967448881146,-0.073863431722968,-0.0393452137725054,0.00584489956918994,-2.46161532618212,-0.00848792183583337,-0.112701156689638,-0.0730709910600732,16.6862246886765,8.74954905366777,-0.126346927816702,-7.47851288184761,-17.2843849378712,-0.567933926821486,7.15415768302293,-5.90196596889235,-2.81,0.125394987126783,-0.0236733112338385,18.8355655670166,18.6735473256127,0.169802472390512,1.11052913842653,173.966278076172,-58.4492129889739,-145.846207288423,-173.966278076172,4.30602598190308,18.9945487976074,7.1399998664856,15.9420003890991,35.2400016784668,991.37145743752
8.1,-0.0230141626856853,-0.0707896553965053,0.475494237922417,-0.234411683720907,-0.0924705103077614,-9.26768056815167,-0.0619346556485148,-0.0939193352609381,-0.0740418793475976,-0.0405319953904805,0.00312492992379029,-2.46356782818335,-0.0334872167850276,-0.119446223494201,-0.0730431255903789,16.6873886529894,8.75246706776086,-0.129614131203681,-7.51288270255298,-17.273111611887,-0.536309977662762,7.15465352292332,-5.90170858202182,-2.81,0.12420636170778,-0.023443133891215,18.8245691698651,18.6979970079943,0.169802421446742,1.11052912868515,173.970001220703,-58.5114296821391,-145.990922193086,-173.970001220703,4.30607652664185,18.9899997711182,7.1399998664856,15.9420003890991,35.2400016784668,991.365200308866
8.125,-0.0268233653800731,-0.068560041191836,0.475263003168846,-0.235068985463591,-0.0611470430273516,-9.15484304838473,-0.109150491639018,-0.0736952499521695,-0.0682805135792996,-0.0416532777935118,-5.86909823533103e-05,-2.4660270466765,-0.083408820933117,-0.0879530719796218,-0.0719765060309156,16.6370707855711,8.8205098361156,-0.206522653186256,-7.47717580682188,-17.2742602622678,-0.572663989359728,7.15511595565158,-5.90146740165944,-2.81,0.119386505684301,-0.0197273849476607,18.8029095997182,18.6668168710404,0.169802421446742,1.11052912868515,173.970001220703,-58.5114296821391,-145.990922193086,-173.970001220703,4.30607652664185,18.9899997711182,6.61999988555908,16.0100002288818,35.2400016784668,991.357704182312
8.15,-0.0277755370391727,-0.0666673224840469,0.475031767313881,-0.154468495156036,0.0366521493395556,-8.89752663915758,-0.111445071173665,-0.0710815994306695,-0.067055215562695,-0.0445190503637074,-0.00205256392840094,-2.46823837035183,-0.152577346562232,-0.0480352652975854,-0.0686444472728985,16.6052078937224,8.85597611802218,-0.168802704637998,-7.46920309086426,-17.2661877292234,-0.528680467250037,7.15557838837984,-5.90122622129706,-2.81,0.119834684788426,-0.0179741846307748,18.7925796508789,18.6614844587132,0.169802421446742,1.11052912868515,173.970001220703,-58.5114296821391,-145.990922193086,-173.970001220703,4.30607652664185,18.9899997711182,6.61999988555908,16.0100002288818,35.2400016784668,991.350208055757
8.175,-0.0287341589184701,-0.0647556349377462,0.474800533112223,-0.259145486975294,-0.115929004154919,-8.64660901288167,-0.108990061542984,-0.0593171125067436,-0.0617105182651401,-0.0480117458092193,-0.00298095711243024,-2.46914933197399,-0.0882352865136507,-0.0749298850555161,-0.06143502630878,16.5927968652975,8.87644475097719,-0.189363626943125,-7.46485763905535,-17.2656865718746,-0.565690236625092,7.1560408211081,-5.90098504093469,-2.81,0.116945116932078,-0.0172375557264468,18.7925796508789,18.6537942248685,0.169802421446742,1.11052912868515,173.970001220703,-58.5114296821391,-145.990922193086,-173.970001220703,4.30607652664185,18.9899997711182,6.61999988555908,16.0100002288818,35.2400016784668,991.342711929203
8.2,-0.0287336602973366,-0.0650688858181734,0.474569298912384,-0.322964267994148,-0.0108047673728791,-8.64998099875797,-0.0978363552005167,-0.032874731160695,-0.0516409158845666,-0.0515519484541886,-0.00474052844406017,-2.47109504400857,-0.0412087286325405,-0.06474192027754,-0.0524163572528447,16.5786351277693,8.89117902834431,-0.14003183978611,-7.47870259588475,-17.2546528408244,-0.519402497937673,7.15638602956377,-5.90080714919186,-2.81,0.117606513197778,-0.0166775906371887,18.778461278871,18.6639349543603,0.16980216109954,1.11052907913043,173.989074707031,-58.8279283032951,-146.730485048712,-173.989074707031,4.30666828155518,18.983642578125,6.61999988555908,16.0100002288818,35.2378845214844,991.340505200763
8.225,-0.0304939967756934,-0.0604513394249764,0.4743380663621,-0.232799401694541,-0.0363177135866844,-8.82165390378313,-0.0880447116612696,-0.0116936027846981,-0.048529111584963,-0.05332527600468,-0.00546340304409117,-2.47237614783154,-0.0187915132934551,-0.0456913935716272,-0.0460414555336218,16.5660351012773,8.90033564435026,-0.102384040542371,-7.48486803634611,-17.2453014545445,-0.486111377124465,7.15668038646443,-5.90065671187164,-2.81,0.118660896906842,-0.0162702089133243,18.7522414451422,18.6675216053576,0.16980185312785,1.11052902051082,174.011627197266,-59.2023230139636,-147.60533379252,-174.011627197266,4.30736827850342,18.9761238098145,6.42999982833862,16.0189990997314,35.2353744506836,991.339266045149
8.25,-0.0319193483454121,-0.0580797762641519,0.47410683050725,-0.25226937123311,-0.024840608474015,-8.67728088216428,-0.0739916261871526,-0.000759600981396233,-0.0434826829758533,-0.0545230913278211,-0.00573487520357693,-2.47329681032864,-0.00184504427833292,-0.0290377595013814,-0.0407737674689935,16.5513559637674,8.90738894871092,-0.0764239311344312,-7.48444806996806,-17.2354268318304,-0.466799478124807,7.15697474336509,-5.90050627455143,-2.81,0.1194628057026,-0.0159487759175509,18.7405433654785,18.663929777095,0.16980154515616,1.11052896189121,174.0341796875,-59.5767177246321,-148.480182536328,-174.0341796875,4.3080677986145,18.9686031341553,6.42999982833862,16.0189990997314,35.2328681945801,991.338026889535
8.275,-0.0314417694828456,-0.0566409289574362,0.473875596305593,-0.312054885761084,-0.0982368349218802,-8.69865301033355,-0.0563000386606544,0.0194732509356774,-0.0338958563253868,-0.0564108657043559,-0.004800171647444,-2.47440123840338,-0.0528929063977573,0.00910434146191567,-0.0350979912731237,16.5352149927277,8.91432655403268,-0.0462332741354503,-7.48572850065607,-17.2227826280664,-0.469380063631689,7.15726910026575,-5.90035583723121,-2.81,0.120300199354239,-0.0157071465704779,18.7405433654785,18.6572567346046,0.169801237184471,1.1105289032716,174.056732177734,-59.9511124353006,-149.355031280057,-174.056732177734,4.30876779556274,18.9610843658447,6.71999979019165,15.9630002975464,35.2303619384766,991.336787733921
8.3,-0.0312874660268945,-0.0561760442453721,0.473644362105501,-0.230404382311751,-0.0331603671344211,-9.02739928589637,-0.0560341207541226,0.0376573428726471,-0.0260514246747481,-0.0585972016298552,-0.00334352742221357,-2.47558518617604,-0.133363518641942,0.0565450086646173,-0.0292456257217283,16.5178500870107,8.92568609254172,-0.0185065488897192,-7.4846336857896,-17.2119633647881,-0.485964947956443,7.1575634571664,-5.90020539991099,-2.81,0.120929907887173,-0.0152594550567342,18.7309888056082,18.6480815193487,0.169801192734948,1.11052889481103,174.059997558594,-60.0051487853232,-149.481298109105,-174.059997558594,4.30886888504028,18.9599990844727,6.71999979019165,15.9630002975464,35.2299995422363,991.339724360818
8.325,-0.0301486538014467,-0.0547106708541252,0.473413129555761,-0.140807093098596,-0.105281938740706,-9.45330196232115,-0.052710117459554,0.0468160878944027,-0.0228354646076516,-0.0589055210315415,-0.00319358678855434,-2.47584666577483,-0.113108955060791,0.0579539476105651,-0.026054615595167,16.4738987396772,8.96794295214778,0.0918584205024411,-7.42428310450219,-17.2207611977622,-0.383643847055103,7.15802547397394,-5.89996351478754,-2.81,0.126948644464214,-0.0130287902144601,18.7142037679983,18.6196505831253,0.169801192734948,1.11052889481103,174.059997558594,-60.0051487853232,-149.481298109105,-174.059997558594,4.30886888504028,18.9599990844727,6.71999979019165,15.9630002975464,35.2299995422363,991.343365336573
8.35,-0.0278152293904392,-0.0520767352381473,0.473181892597239,-0.205964174327442,-0.184575141848787,-9.64753523889176,-0.0835202595985999,0.0470776460680618,-0.0137674685584337,-0.0629443882926665,-0.00138818133787017,-2.47668667704217,-0.155121564920713,0.0568983202267257,-0.0155173632014604,16.4648846919056,8.94551680247219,0.122930303096594,-7.4448256715736,-17.1909965742177,-0.417154822087441,7.15852049580919,-5.89970362752311,-2.81,0.126857249175867,-0.014653220648886,18.7072315216064,18.6138852402702,0.169801192734948,1.11052889481103,174.059997558594,-60.0051487853232,-149.481298109105,-174.059997558594,4.30886888504028,18.9599990844727,6.71999979019165,15.9630002975464,35.2299995422363,991.347006312328
8.375,-0.0263525980676926,-0.0502778003677548,0.47302233840728,-0.144641821466277,-0.0493011704659001,-9.78607506273478,-0.0870406754444231,0.0388752737289738,-0.00476190929134794,-0.0616698085670787,-0.00198132546968877,-2.47673345370487,-0.0508872291738546,0.03382774000802,-0.00815212670535942,16.4445595758181,8.98147704945716,0.136849848026328,-7.40677614792146,-17.2075893178245,-0.384362429402859,7.15901551764445,-5.89944374025869,-2.81,0.128283394751794,-0.0125744800850907,18.7072315216064,18.5989290248654,0.169801192734948,1.11052889481103,174.059997558594,-60.0051487853232,-149.481298109105,-174.059997558594,4.30886888504028,18.9599990844727,6.71999979019165,15.9630002975464,35.2299995422363,991.350647288083
8.4,-0.025586049693297,-0.0491893489883999,0.473,-0.0568897841625043,-0.0418247352876384,-9.89798389747134,-0.0936989294620411,0.0199860810441538,-0.00111304241784098,-0.0671049743157801,-0.000459226356120081,-2.47712063767542,-0.148323006469925,0.0262176000550747,-0.00620078238867207,16.4221137852842,8.98061403537424,0.111203605221832,-7.39838966426808,-17.1866076818183,-0.483696845048349,7.15934339005023,-5.89927361757156,-2.81,0.124557899384694,-0.0132646410933727,18.6957223581713,18.5672611961871,0.169800926795477,1.11052884404766,174.077362060547,-60.329366885459,-150.236746807631,-174.077362060547,4.30807304382324,18.9469757080078,6.71999979019165,15.9630002975464,35.2299995422363,991.348273698674
8.425,-0.0263874530470312,-0.0458958871603175,0.473549588187455,-0.132361439432,-0.0625719539072883,-9.74245052200056,-0.0941476531935815,0.00691864981988954,0.00240545769852603,-0.0714691576951573,-2.91059861333843e-05,-2.47715363485865,-0.121727591700486,0.00519487080486849,0.0056103752542839,16.4197322901749,8.9385734595488,0.203637105076023,-7.42007701591521,-17.1551936954585,-0.434693446596022,7.15960621108404,-5.89913842954696,-2.81,0.127410211354723,-0.0160393591578579,18.6765404191128,18.5716995552788,0.169800619698707,1.11052878542805,174.097412109375,-60.7037615961275,-151.109110185746,-174.097412109375,4.30715465545654,18.9319381713867,6.82999992370605,15.9659996032715,35.2299995422363,991.344969283703
8.45,-0.0265391919548089,-0.0450181589133625,0.474520775233411,-0.165776079223742,-0.076557290431489,-9.71880688517606,-0.087208623718474,0.0102321324199776,0.0102993610265439,-0.0685326161965023,-0.00104096240515667,-2.4767463717348,-0.0532526699880288,0.01564648131029,0.0113248750926279,16.4081926301775,8.95450223310633,0.252952937678743,-7.39163444251191,-17.1674533117139,-0.343755550925224,7.15986903211784,-5.89900324152235,-2.81,0.131465211822939,-0.0148799241909572,18.6691627502441,18.568968254568,0.169800312601937,1.11052872680844,174.117462158203,-61.078156306796,-151.981473563861,-174.117462158203,4.30623579025269,18.916898727417,6.82999992370605,15.9659996032715,35.2299995422363,991.341664868732
8.475,-0.0262293486830496,-0.0428678283599914,0.475491955302907,-0.112733086851536,0.0531367536038436,-9.78723618281903,-0.0680491346322356,0.00929751007372123,0.0168689271362492,-0.0696966802577342,-0.0010088607690876,-2.47655418090205,-0.0452555798056666,0.0143704836926661,0.0137722462839868,16.4056403975978,8.93891751186736,0.240208882700807,-7.3967397841068,-17.1540381570022,-0.366331708858172,7.16013185315164,-5.89886805349775,-2.81,0.130241226855094,-0.0158853984985924,18.6691627502441,18.5621356702178,0.169800005505167,1.11052866818882,174.13752746582,-61.4525510188827,-152.853836941897,-174.13752746582,4.30531692504883,18.9018611907959,6.82999992370605,15.9659996032715,35.2299995422363,991.338360453761
8.5,-0.0262283927053593,-0.0434684062997245,0.476463095517754,-0.0340836305730124,0.0265792174384038,-9.73199159337916,-0.0649044101464987,0.00249671839132429,0.0180732289032243,-0.0708607443189662,-0.000976759133018528,-2.47636199006929,-0.0372584896233044,0.0130944860750423,0.0162196174753457,16.4029629387698,8.92693408695281,0.223901099272956,-7.39971643505919,-17.1431466511096,-0.392678806376974,7.16039467418544,-5.89873286547315,-2.81,0.128826460667154,-0.0166973723781888,18.656284391418,18.5547061051718,0.169799967513813,1.11052866093691,174.139999389648,-61.4988678899254,-152.961758184588,-174.139999389648,4.30520343780518,18.8999996185303,6.82999992370605,15.9659996032715,35.2299995422363,991.335458208424
8.525,-0.0262350035573095,-0.0393152425968624,0.477217164437436,-0.122889975249047,-0.0467551071467026,-9.56598145315359,-0.0550779121510164,-0.00133084156999885,0.0192774394357384,-0.0741116747443687,-0.000555900657507627,-2.47567479260885,-0.0723593878338593,0.0162037969038624,0.019431893455551,16.3872692805573,8.89878674900228,0.321190324758299,-7.3891723216131,-17.1209152002816,-0.329482030933141,7.16085500919109,-5.89849232783834,-2.81,0.132619697432512,-0.0186853483214504,18.6358674810838,18.5418186769785,0.169799967513813,1.11052866093691,174.139999389648,-61.4988678899254,-152.961758184588,-174.139999389648,4.30520343780518,18.8999996185303,6.69999980926514,15.9799995422363,35.2299995422363,991.332612739977
8.55,-0.0259181652119658,-0.0362064958743231,0.477702756234146,-0.205708194577206,0.0428736936542733,-9.41082568977402,-0.038380381506185,0.0109134495884398,0.0241964713375317,-0.0774579349473757,-0.00044581785910496,-2.4753224507541,0.032353493406472,-0.018181717403157,0.0236645162909739,16.3869075705906,8.87946528879844,0.293105740306705,-7.39682643242769,-17.105505155712,-0.387564979718393,7.16131789321711,-5.8982504306121,-2.81,0.129493784143107,-0.0201644128598208,18.6286430358887,18.5313333602055,0.169799967513813,1.11052866093691,174.139999389648,-61.4988678899254,-152.961758184588,-174.139999389648,4.30520343780518,18.8999996185303,6.69999980926514,15.9799995422363,35.2299995422363,991.32976727153
8.575,-0.0260848506774791,-0.0363318274106858,0.478188351506477,-0.188518415659158,0.0558937763694019,-9.68271108141099,-0.0285109275580959,0.0308526391924882,0.0264075631923004,-0.0779172055886607,0.000138328510099289,-2.47482364704768,0.0459581864348551,-0.00132052134637603,0.0262140016106468,16.3901391248636,8.85791148543604,0.337897529162538,-7.40190315430748,-17.0967634576415,-0.354880436384109,7.16178077724312,-5.89800853338587,-2.81,0.131737453063985,-0.0214389300933358,18.6286430358887,18.5348486258532,0.169799967513813,1.11052866093691,174.139999389648,-61.4988678899254,-152.961758184588,-174.139999389648,4.30520343780518,18.8999996185303,6.69999980926514,15.9799995422363,35.2299995422363,991.326921803083
8.6,-0.0262236563068368,-0.0358500381221684,0.478673939825424,-0.0571126833416535,0.149792887798205,-9.95899049394454,-0.00239546419549501,0.0337193339824943,0.0243281857777962,-0.0783525583742145,0.00153146330256303,-2.47443440410504,-0.0779284153537902,0.043285063939287,0.0201869849367727,16.3862141793877,8.81536472650941,0.380286533237816,-7.41610159401731,-17.0661022637922,-0.335974568256042,7.16220436151117,-5.89778712816382,-2.81,0.134010626845189,-0.0238476265870813,18.6114012400309,18.5304902616909,0.169799696406003,1.11052860896489,174.151123046875,-61.8308054690411,-153.731888476678,-174.151123046875,4.30543613433838,18.8755550384521,6.69999980926514,15.9799995422363,35.2299995422363,991.327033148872
8.625,-0.0237048782046833,-0.0333312600200149,0.479159529312094,-0.0810299769458723,0.0644067440587533,-9.88605100003383,0.0134002475724941,0.0185865972533446,0.0224385824245237,-0.0770918296772573,0.00103766996904914,-2.47408743435994,0.0303645020160172,0.0124021386161748,0.0228937430208707,16.3769798188759,8.83005573152822,0.365305189810772,-7.39446085542542,-17.0739560889868,-0.332824609062771,7.16262008640331,-5.89756982104243,-2.81,0.133853979778133,-0.0229632738887014,18.585338060246,18.5190878143259,0.169799390621612,1.11052855034528,174.163635253906,-62.2052001797096,-154.600523806214,-174.163635253906,4.30569887161255,18.8479843139648,6.67000007629395,15.9919996261597,35.2299995422363,991.32752269183
8.65,-0.0243444428057525,-0.0359048868037358,0.47964512805195,-0.145210459039397,0.0753954027122482,-9.92888144501763,0.0365586359495826,0.0168974016299044,0.0246213050871948,-0.0767432471026874,0.00178202285570705,-2.4736053243099,-0.010854809327471,0.0168491987289026,0.0181939207743331,16.3715877141598,8.78606247292787,0.371298651795823,-7.40863168289266,-17.0400472274018,-0.332577546748534,7.16303581129544,-5.89735251392105,-2.81,0.134503641844731,-0.0253738527958223,18.5769176483154,18.5102879786049,0.169799084837221,1.11052849172566,174.176177978516,-62.5795948903781,-155.469159135592,-174.176177978516,4.30596160888672,18.8204135894775,6.67000007629395,15.9919996261597,35.2299995422363,991.328012234789
8.675,-0.0235273197416369,-0.036969250657755,0.4801307163739,-0.128042890743741,0.0970239717450676,-9.88203419674835,0.0354949121700805,0.0202126032523004,0.0220556445157688,-0.0738890731871049,0.000974234599374747,-2.47314685123167,0.118989743493402,-0.00765460222737415,0.0189898417365478,16.3626223233917,8.80141673945309,0.347442405932611,-7.38507622484489,-17.0493352725884,-0.319183428494546,7.16340155224108,-5.89716291956829,-2.81,0.134627182826203,-0.0242771678282595,18.5769176483154,18.4995492111218,0.16979877905283,1.11052843310605,174.188705444336,-62.9539896024648,-156.337794465049,-174.188705444336,4.30622386932373,18.7928428649902,6.67000007629395,15.9919996261597,35.2299995422363,991.328501777748
8.7,-0.0249605577784916,-0.0422180377953962,0.480616306623296,-0.0848271049780743,0.126229562601808,-9.8013147001148,0.0363612524366672,0.0149618023279714,0.0153200972383497,-0.07242949857753,0.00110316160797108,-2.47290701449508,0.102749380569545,0.00168513967150427,0.0157867670432117,16.3693379911186,8.76045358176359,0.354076500572048,-7.41100586220754,-17.0239188214083,-0.298870317025275,7.16368916246577,-5.89701664349558,-2.81,0.135684298483281,-0.0263413426543022,18.5656911273335,18.5077135115009,0.169798747528666,1.11052842706279,174.190002441406,-62.9925869945277,-156.427344498991,-174.190002441406,4.30625104904175,18.7900009155273,6.67000007629395,15.9919996261597,35.2299995422363,991.327468280644
8.725,-0.0247981055659892,-0.0427033355812592,0.481092630985121,-0.188787691220014,-0.0142246199791156,-9.50456376390392,0.00389847326988678,0.0137558346842453,0.0112981348015235,-0.072046438915053,0.00140771692811391,-2.47279321198252,0.0698655078956373,0.0108732477922492,0.0121010821483366,16.3678692753701,8.75551668321964,0.34109603439032,-7.41140015658303,-17.0192739878161,-0.313088097927414,7.16397677269046,-5.89687036742287,-2.81,0.135231732163356,-0.0265873406649272,18.5494750414708,18.5036224554017,0.169798747528666,1.11052842706279,174.190002441406,-62.9925869945277,-156.427344498991,-174.190002441406,4.30625104904175,18.7900009155273,6.82000017166138,15.9689998626709,35.2299995422363,991.326259721465
8.75,-0.0243226116625537,-0.0441237910799827,0.48153407976011,-0.161341642130482,0.0930964393167296,-9.4183877041862,-0.00913619201129896,0.0194738895445564,0.00964036748984408,-0.0720227799335064,0.00177090676599439,-2.47272148671752,0.0314251041643909,0.0200107321076675,0.00825427507348178,16.364697001937,8.7550779185055,0.328787920179256,-7.40840027318628,-17.0167212057748,-0.331064371310529,7.16426438291515,-5.89672409135017,-2.81,0.134654145911766,-0.0266307377669329,18.544734954834,18.4976218162008,0.169798747528666,1.11052842706279,174.190002441406,-62.9925869945277,-156.427344498991,-174.190002441406,4.30625104904175,18.7900009155273,6.82000017166138,15.9689998626709,35.2299995422363,991.325051162286
8.775,-0.0233627134691,-0.0431638928865289,0.481975528534607,-0.100638752975508,0.0935810431382936,-9.53869460033437,-0.0302270892809584,0.0261433738352401,0.0043351319263174,-0.0731502197728689,0.00234772615710467,-2.47280349202749,-0.0153855853841007,0.0277652145766027,0.00220366280394842,16.3583245474843,8.75566972833557,0.327103699059551,-7.40454773202973,-17.0121204309316,-0.352083157832498,7.16455199313985,-5.89657781527746,-2.81,0.13411606572733,-0.0267409287329175,18.544734954834,18.4893296158993,0.169798747528666,1.11052842706279,174.190002441406,-62.9925869945277,-156.427344498991,-174.190002441406,4.30625104904175,18.7900009155273,6.82000017166138,15.9689998626709,35.2299995422363,991.323842603107
8.8,-0.0224184932244933,-0.0409299365845243,0.482416970994775,-0.053994494226131,0.23758720187803,-9.68961723011462,-0.0557163896412295,0.0238363621718521,-0.00393516469690539,-0.0738813728094101,0.00263697281479836,-2.47287249565125,-0.0368322394788265,0.030691996216774,-0.000822040427010506,16.3429483312635,8.75865769007497,0.355317182648095,-7.39062636879243,-17.0058383370301,-0.33526008150346,7.16490304767494,-5.89639694394915,-2.81,0.135407480400454,-0.0266804861210627,18.531852426455,18.4772146798198,0.169798472100377,1.11052837427899,174.210464477539,-63.329709296892,-157.209747885895,-174.210464477539,4.30688619613647,18.7536182403564,6.82000017166138,15.9689998626709,35.2299995422363,991.321454346334
8.825,-0.0217930611226765,-0.037778691439319,0.482858417664165,-0.111931925613943,0.14365102420606,-9.84420933096044,-0.012276071827914,0.0320715814216076,-0.010545676994625,-0.0787559779506587,0.0040557123407198,-2.47323939013101,-0.0226919192121679,0.0150586494740265,-0.0047465117096235,16.3350109286781,8.75347138194711,0.384385091273331,-7.39294089249249,-16.9944060584481,-0.371729543738184,7.1652697040411,-5.89620756517029,-2.81,0.134757780448814,-0.0275109052339211,18.5140361638032,18.4677196314839,0.169798168503285,1.11052831609684,174.233032226562,-63.7013100168013,-158.072169800922,-174.233032226562,4.30758571624756,18.7135143280029,6.61999988555908,16.0090007781982,35.2299995422363,991.318945438671
8.85,-0.0211509777466434,-0.0371366080632858,0.483299868545575,-0.0987703309836721,0.144486018307446,-10.0053912575062,-0.00743668741139969,0.0537293265815518,-0.00933870398654254,-0.0793045790124007,0.00570057394578371,-2.47394675227729,0.0311534785461095,0.0248077092103777,-0.00921029273178585,16.3292558100228,8.75135863445482,0.402033424457855,-7.40054433493193,-16.9845740375874,-0.385606588132946,7.16563636040727,-5.89601818639143,-2.81,0.135638280183637,-0.0276323954172852,18.5093765258789,18.4663849827157,0.169797864906193,1.11052825791468,174.255584716797,-64.0729107381289,-158.93459171595,-174.255584716797,4.3082857131958,18.6734104156494,6.61999988555908,16.0090007781982,35.2299995422363,991.316436531008
8.875,-0.0195655485096236,-0.0355511788262661,0.483741316267062,0.00439598805081676,0.299250162217462,-10.2161924412634,0.0457006828842643,0.054484171069072,-0.0128774047425903,-0.0774438123196889,0.00641950987851427,-2.47443821514319,0.0944404635304985,0.017369281256888,-0.0137428644265727,16.3238643238435,8.73456368386141,0.464176188232901,-7.4118939489617,-16.9687790789053,-0.317763127270794,7.16597476730457,-5.89584363944344,-2.81,0.139996419792353,-0.0282740886042243,18.5093765258789,18.4752645497968,0.169797561309101,1.11052819973253,174.278137207031,-64.4445114580383,-159.797013631056,-174.278137207031,4.30898571014404,18.6333065032959,6.61999988555908,16.0090007781982,35.2299995422363,991.313927623345
8.9,-0.0192574467853792,-0.0352430771020216,0.484182766090064,0.0594461856537357,0.155514181605292,-10.3029900848286,0.0533331601249346,0.0314785661639401,-0.0206610598663383,-0.0748524362964285,0.00727461289958209,-2.47507094627616,0.0241849860149896,0.0328538205988453,-0.0237821749533873,16.3042035578514,8.72899708637179,0.47670244001645,-7.40969147981318,-16.9487031708128,-0.29601014800477,7.16626733974952,-5.89569315697783,-2.81,0.142172975057993,-0.0282359613628487,18.4963884723279,18.4647705334093,0.169797536270165,1.110528194934,174.279998779297,-64.4751589404581,-159.868141211619,-174.279998779297,4.30904340744019,18.6299991607666,6.61999988555908,16.0090007781982,35.2299995422363,991.316387639797
8.925,-0.0184541018668456,-0.0398498435265014,0.484624205395893,0.0301308024362293,0.122688780327298,-10.0932158868046,0.0677058806087995,0.00806750290710313,-0.0259418867162968,-0.0730969803421729,0.00654911190600898,-2.47589587788429,0.142417653411013,-0.0230394403940865,-0.0270520508530163,16.2796049191347,8.75836704877531,0.409605355770074,-7.38896494983873,-16.9467234285071,-0.337739899044258,7.16655991219446,-5.89554267451222,-2.81,0.139487737207807,-0.0263824472785549,18.479159421699,18.4419079835442,0.169797536270165,1.110528194934,174.279998779297,-64.4751589404581,-159.868141211619,-174.279998779297,4.30904340744019,18.6299991607666,7.15999984741211,15.9989995956421,35.2299995422363,991.319294301114
8.95,-0.018619829260743,-0.0422534927424418,0.484944494961918,0.0798764057715335,0.116611210294934,-10.2121162580412,0.0488576003009276,0.00452461807866973,-0.0294616754697418,-0.0730235100520428,0.00745314443653142,-2.47694688561584,-0.0411799214615278,0.0156466215660219,-0.0388665603979332,16.2745660227926,8.7485729794171,0.414344462331861,-7.40839692221056,-16.9282727485095,-0.346332982745641,7.16685248463941,-5.89539219204661,-2.81,0.139869321438129,-0.0267970771098245,18.4751834869385,18.4453789285275,0.169797536270165,1.110528194934,174.279998779297,-64.4751589404581,-159.868141211619,-174.279998779297,4.30904340744019,18.6299991607666,7.15999984741211,15.9989995956421,35.2299995422363,991.322200962431
8.975,-0.0178006252581804,-0.043653027576074,0.485,0.15115935833943,0.148526252524516,-10.2733688286707,0.0314652854067571,-0.00181595578107561,-0.0381598551438145,-0.0727903156534426,0.00729796196997308,-2.47774013338252,-0.0478834710945265,0.0116524422185522,-0.042921941083863,16.2642475797896,8.77179202660193,0.392063206741067,-7.40031011892884,-16.9329721039664,-0.365601043084395,7.16714505708435,-5.895241709581,-2.81,0.138798524142273,-0.0254347469081409,18.4751834869385,18.4395588023375,0.169797536270165,1.110528194934,174.279998779297,-64.4751589404581,-159.868141211619,-174.279998779297,4.30904340744019,18.6299991607666,7.15999984741211,15.9989995956421,35.2299995422363,991.325107623748
9,-0.0173395659059523,-0.043499993824692,0.485,0.138948393919593,-0.000758452285059746,-10.1813735408423,0.0218674737701552,-0.0127816766615707,-0.0406187862746564,-0.0725571212548425,0.00714277950341475,-2.47853338114919,-0.0545870207275252,0.00765826287108253,-0.0469773217697928,16.2512130378956,8.79353039161311,0.372077462991222,-7.39091348623709,-16.9350133268483,-0.382446137627928,7.1674376295293,-5.89509122711539,-2.81,0.137870624598895,-0.0241545769068076,18.4674211102863,18.431453684743,0.169797255799814,1.11052814135645,174.305587768555,-64.8173507514485,-160.664867479447,-174.305587768555,4.3074197769165,18.6299991607666,8.5,15.9099998474121,35.2299995422363,991.322294013445
9.025,-0.0173395659059523,-0.043499993824692,0.485,0.195686985836278,0.109853487433556,-10.0819320877713,-0.00295487207468707,-0.028638957220726,-0.0424708810197421,-0.0720447402739769,0.00559356975688946,-2.47972053659788,0.0049407990420619,-0.0265653856398757,-0.0462891317984375,16.2400334860869,8.79036309843253,0.370262910463166,-7.40459755651171,-16.917230364157,-0.35428447117775,7.16780204086341,-5.89490464627043,-2.81,0.137841158847563,-0.0241228223200038,18.4575278851413,18.4357542025072,0.169796953515101,1.11052808361176,174.333160400391,-65.186157482017,-161.523561345895,-174.333160400391,4.3056697845459,18.6299991607666,8.5,15.9099998474121,35.2299995422363,991.319035493126
9.05,-0.0173395659059523,-0.043499993824692,0.485,0.138381972376549,0.0528360278372376,-9.80411533416185,0.0153367952803798,-0.0434545120509015,-0.0471105087476735,-0.0715272733939961,0.00401896522938174,-2.48091486780235,0.0656751455018461,-0.0613397197505015,-0.0455145289285349,16.2298700818851,8.77568436957679,0.379542406198012,-7.42573875447207,-16.8915746200276,-0.313818855042218,7.16816779072021,-5.89471739283017,-2.81,0.138396667633889,-0.024709148385671,18.4555492401123,18.442990468837,0.169796651230388,1.11052802586707,174.360717773438,-65.5549642125854,-162.382255212344,-174.360717773438,4.30392026901245,18.6299991607666,8.5,15.9099998474121,35.2299995422363,991.315776972808
9.075,-0.0206916714978118,-0.0458917385547735,0.485,0.106612651043619,0.101469890588014,-9.28324327354537,0.00960584688128922,-0.0338304575016441,-0.0455237805021234,-0.0716292429273319,0.00281820198587896,-2.48260436781694,0.0740727298169594,-0.0648015471490765,-0.044899025372297,16.2098085816972,8.80099232641068,0.335711889697693,-7.4250704299993,-16.8843215872511,-0.340699729266397,7.168533540577,-5.89453013938991,-2.81,0.135882510699874,-0.0231660576246178,18.4555492401123,18.4349189513963,0.169796348945676,1.11052796812238,174.388290405273,-65.9237709417356,-163.240949078792,-174.388290405273,4.30217027664185,18.6299991607666,8.5,15.9099998474121,35.2299995422363,991.312518452489
9.1,-0.0211550510521312,-0.0447879244193072,0.485,0.112996359197141,0.121798440796889,-9.05083749701015,0.0478118300971177,-0.0294245965933505,-0.0468130861973043,-0.0693022606458433,0.00228593926876782,-2.48417836376961,0.0192443428769105,-0.0138897841495288,-0.0530670116952767,16.1792807730468,8.83739054824744,0.319775488909875,-7.40569841388321,-16.8824650705026,-0.329937182674068,7.16882913243662,-5.89437990299896,-2.81,0.136241538337029,-0.0207569031190284,18.4476329152898,18.4202491955085,0.169796330247652,1.11052796455054,174.389999389648,-65.946583729135,-163.294064163325,-174.389999389648,4.30206203460693,18.6299991607666,8.60999965667725,15.9479999542236,35.2276496887207,991.30346175004
9.125,-0.0214631506226298,-0.0447659196426829,0.485,0.154242923484096,0.05812385499006,-9.29624030268936,0.0550195957912178,-0.0141834066418003,-0.0476388567257897,-0.0690034404317006,0.00212439514758338,-2.48461816611963,0.0191690943070292,-0.00891375481945886,-0.0533483853638299,16.1744042830532,8.87143847555509,0.271898911384874,-7.39044181823947,-16.9005506280173,-0.374782278479035,7.16908014590039,-5.89425318724346,-2.81,0.133800302359138,-0.0188320841998487,18.4379242150358,18.4132709894322,0.169796330247652,1.11052796455054,174.389999389648,-65.946583729135,-163.294064163325,-174.389999389648,4.30206203460693,18.6299991607666,8.60999965667725,15.9479999542236,35.2251434326172,991.294022749869
9.15,-0.0208216970678406,-0.0469821249865803,0.485149766220297,0.195912095072864,-0.0166115548161309,-9.43093975171153,0.0322445987789332,0.000784957228839364,-0.0489756554272638,-0.0667609687500065,0.00122324212786342,-2.48661259126097,0.031509796333421,0.0197071492133265,-0.0520297471377092,16.1562425583916,8.87757091296522,0.303448888556146,-7.40458199525417,-16.8820634270976,-0.309224946099433,7.16933115936417,-5.89412647148796,-2.81,0.136506024115198,-0.0179933723124252,18.4362812042236,18.4224748350763,0.169796330247652,1.11052796455054,174.389999389648,-65.946583729135,-163.294064163325,-174.389999389648,4.30206203460693,18.6299991607666,8.60999965667725,15.9479999542236,35.2226371765137,991.284583749697
9.175,-0.0206603118572034,-0.050645671957558,0.485885092943345,0.203978758375184,0.0378915224202504,-9.79213179774757,0.0167730783315808,0.0273445646557719,-0.0483295510008295,-0.0691893577738311,0.0019763512630797,-2.48744271405601,0.0142763239449896,0.00954457274074019,-0.0467412828890395,16.1620483317374,8.88921831302812,0.268648290035879,-7.41776021386094,-16.8859635017181,-0.378484380304436,7.16958217282795,-5.89399975573246,-2.81,0.133438627637008,-0.0175608491730954,18.4362812042236,18.4262338286579,0.169796330247652,1.11052796455054,174.389999389648,-65.946583729135,-163.294064163325,-174.389999389648,4.30206203460693,18.6299991607666,8.60999965667725,15.9479999542236,35.2201309204102,991.275144749526
9.2,-0.0205001967133594,-0.0517496275351231,0.48685627540806,0.244139965942185,0.0163127616718602,-10.1113590455343,0.0238740010952106,0.0337533456156268,-0.0486485735713415,-0.0681982365914691,0.00292733871787544,-2.489583734535,-0.0165712987351434,0.0305653067657964,-0.0514610349596282,16.1420722820662,8.90374014516933,0.291026656346602,-7.42787415315884,-16.8707506203334,-0.363650544079224,7.16990353367219,-5.89383642743486,-2.81,0.135281225284745,-0.0164200124468229,18.4290509482687,18.4274899064654,0.169796043544626,1.11052790895256,174.409027099609,-66.301679743772,-164.10849545933,-174.409027099609,4.30305767059326,18.6181125640869,8.60999965667725,15.9479999542236,35.2200012207031,991.273831153101
9.225,-0.0195480074144693,-0.0511088654047317,0.487827448619511,0.404445668885266,0.00453159888570201,-10.3139682937382,-0.000106429081545272,0.00491524100107692,-0.0491044783907173,-0.0689283083868344,0.00292909609065663,-2.49075578556883,-0.0556793183902834,0.00592409687834876,-0.0542391773496569,16.1308390093741,8.92273426565561,0.281534537337458,-7.42772192020961,-16.86956609066,-0.380923360341072,7.17025481188429,-5.89365752853772,-2.81,0.134421973840903,-0.015347102162134,18.4205061003219,18.4247634111313,0.169795741259913,1.11052785033295,174.429077148438,-66.6760744544405,-164.967189325778,-174.429077148438,4.30410766601562,18.6055812835693,9.30000019073486,15.8839998245239,35.2200012207031,991.272959154706
9.25,-0.0186033305429875,-0.0473074578622516,0.488653219842917,0.368700494351277,-0.0301974172539813,-10.2684394596095,-0.011622665500738,-0.0377749053470888,-0.0500802866467061,-0.06867760408246,0.00233993911195841,-2.49169576154361,-0.0697061068246761,-0.0192823639454153,-0.0570093299819149,16.1167268465674,8.94606565835055,0.290628871124155,-7.41802210843347,-16.8732799557093,-0.361678982205222,7.1706060900964,-5.89347862964057,-2.81,0.135002434705298,-0.0139431752519101,18.4193229675293,18.4222253183772,0.169795438975201,1.11052779171334,174.449127197266,-67.050469165109,-165.825883192227,-174.449127197266,4.30515766143799,18.5930480957031,9.30000019073486,15.8839998245239,35.2200012207031,991.272087156311
9.275,-0.0205224130603243,-0.0473044031378751,0.488572318931116,0.384469292457442,-0.0860651314776966,-10.3898699874372,-0.0363743423501117,-0.0617489517204666,-0.0466255464214413,-0.0690363064722018,-0.000751234571413378,-2.49330025890845,-0.0312667851168984,-0.0709741543048942,-0.0467132443275136,16.0896116825828,8.97619963949463,0.230894176180169,-7.40874670893357,-16.8662266124434,-0.376760196324033,7.17092782823178,-5.89331679292053,-2.81,0.13129198165214,-0.0121504832663453,18.4193229675293,18.4090280965412,0.169795136690488,1.11052773309373,174.469161987305,-67.4248638757775,-166.684577058675,-174.469161987305,4.30620765686035,18.5805168151855,9.30000019073486,15.8839998245239,35.2200012207031,991.271215157915
9.3,-0.0230467194306781,-0.0479352976491557,0.48803277837603,0.313180565508756,-0.102042181136561,-9.83694425117816,-0.0516098718311564,-0.0751499103060206,-0.0427362904547292,-0.0702361419751302,-0.00216093193570295,-2.49418141139071,-0.0593311524164845,-0.0754654606395867,-0.0439488495468773,16.079257245694,8.98095801575404,0.198890531115083,-7.41460848618204,-16.8554309642505,-0.397122025743707,7.17120200353181,-5.89318242821852,-2.81,0.128802307463395,-0.0119246076490381,18.4148233546767,18.4048564440539,0.169795124225139,1.11052773067642,174.470001220703,-67.4403028337372,-166.71998711503,-174.470001220703,4.30625104904175,18.5799999237061,9.30000019073486,15.8839998245239,35.2200012207031,991.27329129951
9.325,-0.0237019035480296,-0.0469538219901799,0.487493227472934,0.251766829509703,-0.0967978488715259,-9.47604307062716,-0.0591091500529032,-0.0892876987099972,-0.0366219742130874,-0.072059035758037,-0.00386061503422915,-2.49483235562256,-0.043951472565087,-0.0995121689343943,-0.0370329733775695,16.0670252556107,8.99455969032504,0.17197459747343,-7.40994954768671,-16.85236530722,-0.414018238937689,7.17147617883183,-5.89304806351651,-2.81,0.126261281943209,-0.0113157946202983,18.4096922172132,18.397427517603,0.169795124225139,1.11052773067642,174.470001220703,-67.4403028337372,-166.71998711503,-174.470001220703,4.30625104904175,18.5799999237061,8.80000019073486,15.914999961853,35.2200012207031,991.275494242823
9.35,-0.0262345175303952,-0.0447638472475619,0.486953681101552,0.217127465078184,-0.0968012938081743,-9.38255334783893,-0.0580291565778038,-0.0925268032371863,-0.0297105114461496,-0.0753833147112539,-0.00720188449379926,-2.4961948255092,-0.0688859868956352,-0.10827719626023,-0.0296293539602328,16.0538467102499,8.99646990086745,0.136519867855669,-7.42522758649856,-16.833472920087,-0.425778446067328,7.17175035413185,-5.8929136988145,-2.81,0.122252813560133,-0.011408923934093,18.4091396331787,18.3970680678106,0.169795124225139,1.11052773067642,174.470001220703,-67.4403028337372,-166.71998711503,-174.470001220703,4.30625104904175,18.5799999237061,8.80000019073486,15.914999961853,35.2200012207031,991.277697186137
9.375,-0.0278313660289962,-0.038665125970704,0.48641413859284,0.132907061987087,-0.0356906429121507,-9.22320247284658,-0.0592098223557153,-0.0789956508710542,-0.0250839549049985,-0.074316939328561,-0.00854257827007166,-2.49631968110716,-0.0479119519459505,-0.0934019749901951,-0.0285936580042035,16.0513219774204,9.01019938549555,0.147948876428279,-7.41653173846295,-16.8433333015599,-0.384316697757722,7.17199160575024,-5.89279457469052,-2.81,0.123222605597259,-0.0105134498599014,18.4091396331787,18.4017187038628,0.169795124225139,1.11052773067642,174.470001220703,-67.4403028337372,-166.71998711503,-174.470001220703,4.30625104904175,18.5799999237061,8.80000019073486,15.914999961853,35.2200012207031,991.279900129451
9.4,-0.0281524590370932,-0.0365235654666335,0.485874588358786,0.101352693174523,-0.0102619977121453,-9.06583375031891,-0.0322591699270928,-0.0494538729732487,-0.0190369910826255,-0.0734274649719543,-0.0100376301666921,-2.49650801285835,-0.023959363082287,-0.0763471747932194,-0.0269045191366379,16.0531713736165,9.0145957436483,0.161900432388002,-7.41792461192634,-16.8479415611717,-0.338701823482319,7.1721898162076,-5.89269537458901,-2.81,0.124185553720138,-0.0101331568939476,18.3974562060925,18.4118487043517,0.169794832561229,1.11052767429372,174.496719360352,-67.800410748271,-167.548510691128,-174.496719360352,4.3045129776001,18.5678558349609,8.80000019073486,15.914999961853,35.2200012207031,991.280353713713
9.425,-0.0295716220266991,-0.0398173960409631,0.485335043276596,0.0773699978392791,-0.0819322387370335,-8.93073833725628,-0.0503925022554458,-0.0296814171068251,-0.0137210703287601,-0.0789676791032884,-0.0112491203687528,-2.49800067954088,-0.117159912613631,-0.0199268441786761,-0.0182908568738367,16.051967032196,8.98594327218741,0.128909206828001,-7.46359088837685,-16.8096534745846,-0.399750913202239,7.17238802666495,-5.8925961744875,-2.81,0.119414007109867,-0.0121282066041405,18.384584633879,18.4174732131083,0.169794531588895,1.11052761611157,174.524291992188,-68.1720114681804,-168.40347650884,-174.524291992188,4.30271911621094,18.5553226470947,8.21000003814697,15.9429998397827,35.2200012207031,991.280751467367
9.45,-0.029729063835991,-0.0355076869269434,0.485005810734977,0.0898070767506788,0.015733310003073,-8.90598590356259,-0.0460725941203571,-0.0240827998542991,-0.00932957553580912,-0.0788568715268861,-0.0131185549700019,-2.49798092755648,-0.000336348275621479,-0.0426566950516934,-0.00582482156739849,16.0419334461119,9.01992287079371,0.173310974247151,-7.43289695279919,-16.8338231106798,-0.327286336036112,7.17258623712231,-5.892496974386,-2.81,0.121668847315276,-0.0102574165640595,18.3835945129395,18.4172914395429,0.169794230616562,1.11052755792942,174.551864624023,-68.5436121880897,-169.258442326709,-174.551864624023,4.30092573165894,18.5427913665771,8.21000003814697,15.9429998397827,35.2200012207031,991.281149221021
9.475,-0.0303821241290004,-0.0317252427702927,0.485,0.108722577600287,-0.0173542759328225,-8.83809555302994,-0.0409456238124114,-0.0191483422635887,-0.00610568951047182,-0.0794395682338177,-0.0129769178221751,-2.49822727009433,-0.0344664212262211,-0.00659642982530889,-0.00535186464968945,16.041701857051,9.00319621327802,0.179711826520353,-7.44668229489805,-16.8186195638834,-0.327101865017433,7.17278444757967,-5.89239777428449,-2.81,0.121730129780492,-0.0112035150898551,18.3835945129395,18.41944389982,0.169793929644229,1.11052749974726,174.579437255859,-68.9152129094173,-170.1134081445,-174.579437255859,4.29913187026978,18.5302600860596,8.21000003814697,15.9429998397827,35.2200012207031,991.281546974675
