0,-0.0293736276790811,-0.0618933040991315,0.488613249801062,0.189458697684642,-0.240305256843648,-8.98377692630945,-0.0666792523915125,-0.0689036031838712,-0.0498596027926542,-0.0325612910091877,-0.0180990230292082,1.59666669368744,-0.0964793190360069,-0.0231793522834778,-0.0518576875329018,11.4778325362791,-5.52992825772803,-0.0819877092533215,5.23100774703706,11.6133765632401,0.305795686330887,6.98891529169572,-5.77401418820425,-2.81,0.161113062298216,0.0685379163142369,12.7581024169922,17.7516134150657,0.169743075016186,1.11052266573093,173.699996948242,0,0,-173.699996948242,1.13778018951416,12.7600002288818,8.26000022888184,16.1100006103516,39.0099983215332,991.28662109375
0.025,-0.030803023852855,-0.0601352410911627,0.488613249801062,0.102827059482218,-0.076509741917817,-8.68997656626355,-0.0947998261496672,-0.0338663284668442,-0.050116013727393,-0.0333690679351419,-0.0183982028165953,1.59629885748389,-0.0905487039126266,-0.0202450011462276,-0.0502651357415742,11.508969075673,-5.51044042402705,-0.0794316954572626,5.21485379943226,11.6418627268771,0.31617138531031,6.98903846526213,-5.77472736042705,-2.81,0.161192029443919,0.0695120317063288,12.7581024169922,17.7836522972077,0.169743277771457,1.11052270732176,173.680145263672,0.26563435833307,0.57598078748896,-173.680145263672,1.13739037513733,12.7624826431274,8.25,16.1070003509521,39.0099983215332,991.28207592254
0.05,-0.0312773596978608,-0.0625251864176492,0.488613249801062,0.175065175203311,-0.0270727017204906,-8.90897663697473,-0.10102764286345,-0.00703717522804116,-0.0468384268065434,-0.0360600904983633,-0.0193948883277188,1.59507345045442,-0.0707914929822119,-0.0104695237030868,-0.044959719523478,11.5148569672525,-5.50863765082954,-0.0830008361286186,5.22701267006046,11.6407630020485,0.338945659929291,6.98916163882855,-5.77544053264984,-2.81,0.161684969810573,0.0695870766190917,12.7581024169922,17.7860949429423,0.169743480526727,1.11052274891258,173.660278320312,0.531268715247975,1.15196157497792,-173.660278320312,1.13700032234192,12.764965057373,8.25,16.1070003509521,39.0099983215332,991.27753075133
0.075,-0.0298695662587448,-0.053520625713429,0.488613249801062,0.153347343976593,-0.0554043525543921,-9.11320100265267,-0.119082469998532,0.00541644480352268,-0.0422652353688949,-0.0438224304616984,-0.0173570893400177,1.59348171217692,-0.180842791728973,0.0207378683152611,-0.0431040186816072,11.5293386555156,-5.4947723030625,-0.0835667152985817,5.23032081162875,11.6465113958459,0.357312756349038,6.98928481239497,-5.77615370487264,-2.81,0.165282039546609,0.0695424855176957,12.7748651031061,17.795366915698,0.169743683281998,1.11052279050341,173.640411376953,0.79690307216288,1.72794236246688,-173.640411376953,1.1366103887558,12.7674474716187,8.25,16.1070003509521,39.0099983215332,991.27298558012
0.1,-0.0293918190713418,-0.0504648481890329,0.488613249801062,0.207655186449805,0.00177707443763575,-9.40382510625512,-0.121802447133852,0.00991354096659494,-0.037776697548481,-0.0459600530514118,-0.0172225661776124,1.59289861500126,-0.189380659213814,0.0315679810447757,-0.0381847492816145,11.5318562723369,-5.47903102904694,-0.0922714428952204,5.22138561738179,11.6456378217119,0.358128583584655,6.98941092676513,-5.77688237788044,-2.81,0.165664704407274,0.0702615939373066,12.7917076115349,17.7962682133628,0.169743886037268,1.11052283209423,173.620574951172,1.06253742907778,2.30392314995584,-173.620574951172,1.13622057437897,12.7699289321899,8.24990558624268,16.106990814209,39.0099983215332,991.26844040891
0.125,-0.0293999041345687,-0.0453855344512112,0.488613249801062,0.23160860929188,0.0162612287443779,-9.47001241716742,-0.123545910789537,0.013992708026221,-0.0300585478500092,-0.0487101727439348,-0.0171949795056084,1.59217780706773,-0.183735852592704,0.0355195742807008,-0.0329987359356901,11.5394633276923,-5.46420050314984,-0.101901736219398,5.21481729031376,11.6490875739884,0.362662812838775,6.98958294336741,-5.7778529985642,-2.81,0.166148773734089,0.0708528808606755,12.7918672561646,17.8020740411478,0.169743891830276,1.11052283328254,173.619995117188,1.07012698326703,2.32037974391338,-173.619995117188,1.13620936870575,12.7700004577637,8.23999977111816,16.1060009002686,39.0075874328613,991.270768402316
0.15,-0.0297187303920789,-0.0438034868910055,0.488613249801062,0.275566921181091,-0.00523319521892909,-9.56374039673479,-0.103860676254989,-0.000508041043982109,-0.0282423654888663,-0.0508553311228752,-0.0172573141753674,1.59163248538971,-0.169748097658157,0.0328486487269402,-0.0296122021973133,11.5479792929304,-5.46070820705018,-0.108851117133764,5.21749501179825,11.6545800409162,0.368128116196571,6.9897549599697,-5.77882361924796,-2.81,0.166499895260932,0.0708446334345683,12.7918672561646,17.8091259421982,0.169743891830276,1.11052283328254,173.619995117188,1.07012698326703,2.32037974391338,-173.619995117188,1.13620936870575,12.7700004577637,8.23999977111816,16.1060009002686,39.0051040649414,991.273298547623
0.175,-0.0300398715163133,-0.0422099527321693,0.488613249801062,0.227278516960681,-0.0168502747052585,-9.57881082009287,-0.115030746087861,-0.0102694251545071,-0.0228546698249573,-0.0535695192038612,-0.0183383223348719,1.59120506882573,-0.0828506175999692,-0.0371339403469146,-0.022214430416753,11.5464555228986,-5.45715641447785,-0.116050116189618,5.21887908229084,11.6502104897377,0.388014913440763,6.98992697657199,-5.77979423993173,-2.81,0.166769687208022,0.0707464515134904,12.8051487514595,17.809238470713,0.169743891830276,1.11052283328254,173.619995117188,1.07012698326703,2.32037974391338,-173.619995117188,1.13620936870575,12.7700004577637,8.23999977111816,16.1060009002686,39.0026245117188,991.27582869293
0.2,-0.0319461631341407,-0.0403036611143419,0.488613249801062,0.192044222019583,0.0284439696238613,-9.50632142827179,-0.100947284398876,-0.0175018033251577,-0.0196827256445491,-0.056918001662388,-0.0187015032224403,1.59075184118149,-0.0725393844457053,-0.0450930705775285,-0.0174960368286526,11.5454684608203,-5.48161996977961,-0.113991627279971,5.24787051990207,11.6467822676716,0.4138977890323,6.99009665923008,-5.78075127733251,-2.81,0.168042393162366,0.0689580093469257,12.8186218067828,17.8086438095922,0.169743891830276,1.11052283328254,173.619995117188,1.07012698326703,2.32037974391338,-173.619995117188,1.13620936870575,12.7700004577637,8.24491691589355,16.1058864593506,39.0001411437988,991.278358838237
0.225,-0.0321146522669958,-0.034748115133032,0.488613249801062,0.231916661623435,0.0225980898179377,-9.49105249647419,-0.0865499861172119,-0.000465782628173509,-0.0149830628954694,-0.060404253078697,-0.018470004892011,1.59032039535274,-0.0925373355870659,-0.0216278205876739,-0.0137091023058105,11.5552062190652,-5.49523378182666,-0.125537044128236,5.26626577222661,11.6544564406468,0.419802954779569,6.99023298920005,-5.78151420597904,-2.81,0.168720894295913,0.067700728511698,12.8188772201538,17.8161938270187,0.169744083408013,1.11052287290523,173.601272583008,1.32319114451278,2.86460774439176,-173.601272583008,1.13625025749207,12.788724899292,8.5,16.1000003814697,39,991.280860413896
0.25,-0.0319638286035552,-0.030782581679711,0.488613249801062,0.211849072846996,0.0412296570086822,-9.4841241196559,-0.0769185083644545,0.0137492855004614,-0.0119349258702664,-0.0626609325408936,-0.0179529823362827,1.59006440639496,-0.118754878640175,0.00964631233364344,-0.0116500379517674,11.5724577685312,-5.48463341134122,-0.152832701950353,5.25955876367337,11.6706672376246,0.398632833728803,6.99036931917002,-5.78227713462557,-2.81,0.168082777862741,0.0679307951043282,12.8188772201538,17.829646578145,0.169744286596521,1.11052291492929,173.581405639648,1.59159252683569,3.44181926004109,-173.581405639648,1.13629353046417,12.8085813522339,8.5,16.1000003814697,39,991.283360258062
0.275,-0.0313319338746426,-0.0282398186873529,0.488904187185095,0.279551829557337,-4.41212182574896e-05,-9.69739237659758,-0.0628758738393245,0.0199143036718691,-0.00849829648436808,-0.060739073248574,-0.0194728267888884,1.59018437358631,-0.0385084898352578,0.0118573833663467,-0.00553589418215988,11.5872775246037,-5.51682265866244,-0.144234730609055,5.28984213229511,11.6861129346246,0.416498537125047,6.99050564913999,-5.7830400632721,-2.81,0.167148480132289,0.0663963167755451,12.8345840197083,17.8458358075916,0.169744489785029,1.11052295695335,173.561553955078,1.85999391057676,4.01903077576926,-173.561553955078,1.13633680343628,12.8284397125244,8.5,16.1000003814697,39,991.285860102227
0.3,-0.0300650457683142,-0.0269729305810244,0.489,0.286413820366588,0.029174478386057,-9.75912024599939,-0.0568137672986056,0.0266592911362194,-0.00442885402947638,-0.0636049800579816,-0.0185935707827437,1.59007295712538,0.00201569912766335,0.00725466894876973,0.000296744183638617,11.5897704846757,-5.49040991894723,-0.169891558915741,5.26579138092404,11.6881029459345,0.394885762151342,6.99064197910995,-5.78380299191863,-2.81,0.167082144022742,0.0673988894449351,12.8506720522617,17.8469577081274,0.169744692973538,1.11052299897742,173.541702270508,2.12839529289967,4.59624229149744,-173.541702270508,1.13638019561768,12.8482980728149,8.5201416015625,16.0985260009766,39,991.288359946393
0.325,-0.0319678587247737,-0.0276038938372218,0.489,0.294173359909898,0.0015294270334158,-9.88099839658947,-0.0454602407221474,0.042333255406657,-0.00306199733712298,-0.0640429366515416,-0.0172179217455406,1.59010388140259,-0.00987264969042823,0.0340700935544246,0.000637350711207332,11.5930556621162,-5.51044011566068,-0.161940232833859,5.28475763245061,11.6922565400452,0.390625473112416,6.99077851321587,-5.78456745101338,-2.81,0.168131918998503,0.0661558138774361,12.8511295318604,17.8491985108347,0.169744710389695,1.11052300257948,173.539993286133,2.1514011252245,4.64571756425387,-173.539993286133,1.13638389110565,12.8500003814697,9.21000003814697,16.0480003356934,39,991.289059037012
0.35,-0.0319678587247737,-0.0276038938372218,0.489,0.343512095443358,0.0332721046024831,-9.96639886861269,-0.0262217823527626,0.0541644580997986,-0.00135307979628947,-0.0644808932451016,-0.0158422727083374,1.59013480567979,-0.0217609985085198,0.0608855181600795,0.000977957238776046,11.5952946339503,-5.53241589075872,-0.151729466685449,5.30553087876003,11.6953722178022,0.388736220439261,6.99094758286956,-5.78557583565225,-2.81,0.16931365631463,0.0648068521794018,12.8511295318604,17.8509408077561,0.169744710389695,1.11052300257948,173.539993286133,2.1514011252245,4.64571756425387,-173.539993286133,1.13638389110565,12.8500003814697,9.21000003814697,16.0480003356934,39,991.289589306987
0.375,-0.0291191240992226,-0.0266583484441322,0.489,0.333730881083825,0.0585572208315452,-10.0915779322476,-0.0103076062775907,0.0517348643466622,0.00154374874288797,-0.0673361536012473,-0.0137744192665459,1.58993937132223,-0.0229021014219576,0.0370786797167393,-0.000207874308175367,11.6089274575654,-5.55312490790266,-0.15132689306722,5.32756849215191,11.7088842403044,0.382539664519122,6.99111665252325,-5.78658422029111,-2.81,0.171003778191518,0.0631248490432571,12.8654788267528,17.8620020895502,0.169744710389695,1.11052300257948,173.539993286133,2.1514011252245,4.64571756425387,-173.539993286133,1.13638389110565,12.8500003814697,9.20609855651855,16.0487442016602,39,991.290119576961
0.4,-0.0281664010206433,-0.0225667447448862,0.489,0.34418070788422,0.103255265778593,-10.2536346407639,0.0217180927124808,0.0453841659126875,0.000444127195535188,-0.0670189952153631,-0.0137158189072853,1.58997049060803,0.00232545461561558,0.0294213101722877,2.22680663525602e-05,11.6115501036734,-5.55031665812698,-0.150765774455723,5.32438436894237,11.7116602842519,0.380507046434487,6.99128572217695,-5.78759260492997,-2.81,0.170900687421825,0.0633228695620902,12.8803204994111,17.8656583146075,0.169744710389695,1.11052300257948,173.539993286133,2.1514011252245,4.64571756425387,-173.539993286133,1.13638389110565,12.8500003814697,9.10000038146973,16.0690002441406,39,991.290649846936
0.425,-0.0300621054401873,-0.0282418399531597,0.489,0.365830927297645,0.00864624730990267,-10.3000088598505,0.0372203280323818,0.049528395730487,-0.00127657302113846,-0.0641665113102451,-0.0133355123272818,1.59014316771887,0.0867464209280445,0.0318422666434593,0.0017688025518497,11.6161598577299,-5.57188328248438,-0.14490797460798,5.34401893494481,11.7178673316711,0.367557200143404,6.99143288116742,-5.78847824394788,-2.81,0.170237020649354,0.0625530931620641,12.8808832168579,17.8684912033273,0.169744891891559,1.11052303980079,173.520202636719,2.38912806397492,5.16132234368275,-173.520202636719,1.13776528835297,12.8631916046143,9.10000038146973,16.0690002441406,39,991.290120009835
0.45,-0.029111906830543,-0.028559916546439,0.488999456616022,0.346241427070114,0.126436850107616,-10.4887007578361,0.0459244419958601,0.0694151926273013,-0.00226216879922764,-0.0623543995305909,-0.0103677451505731,1.59002245981181,0.0703729305942384,0.0816700461269308,-0.00153199592140683,11.6259553183318,-5.59949873001107,-0.133263840391523,5.37243308821638,11.728544275882,0.336443492599275,6.9915765753574,-5.78934447282363,-2.81,0.171171697953286,0.0613000272620588,12.8808832168579,17.8717139216164,0.169745096813019,1.11052308182485,173.497863769531,2.65752944629783,5.74345677213125,-173.497863769531,1.13932490348816,12.8780851364136,9.10000038146973,16.0690002441406,39,991.289453384724
0.475,-0.0253094049262725,-0.0307802658115495,0.488365987706142,0.3710707998221,0.0456217906262945,-11.0378084589035,0.0775089202991283,0.092144412778277,-0.00405571142844406,-0.0617414417919425,-0.00788905915074565,1.58985603989517,0.096644544892918,0.0713326863420108,-0.000497562074316422,11.6487489691659,-5.59801637661894,-0.116159326552269,5.37153412158672,11.7510842380805,0.321361632505933,6.99172026954738,-5.79021070169937,-2.81,0.172555287874095,0.0614331161371685,12.8936126316693,17.8921059965539,0.169745301734478,1.11052312384892,173.475524902344,2.9259308300389,6.3255912005009,-173.475524902344,1.14088463783264,12.8929786682129,9.10000038146973,16.0690002441406,39,991.288786759613
0.5,-0.198899295586522,-0.030512908696118,0.486747359626281,0.46949908049836,0.0840449217667632,-11.087205822155,0.0961766789248281,0.0854669001791737,-0.00198935645109424,-0.0566080850184105,-0.00704440813701301,1.58992404420288,0.129818131625537,0.0750729111957882,-0.00268300688887468,11.6409265601648,-5.60941339189474,-0.116510285234259,5.38337622864555,11.7443352999475,0.283042700213145,6.99186679154052,-5.79109139005023,-2.81,0.17099589105816,0.0617201814670742,12.9069091986257,17.8786281419059,0.169745506655937,1.11052316587298,173.453186035156,3.19433221236181,6.90772562887055,-173.453186035156,1.14244425296783,12.9078722000122,9.09574508666992,16.0694732666016,39,991.288120134502
0.525,-0.198937665951884,-0.0352738921433735,0.485128696784836,0.449531046420845,0.0453874310761137,-10.8520789160493,0.130835185943218,0.0499240404635064,-0.00498694369104033,-0.0569009654017798,-0.00566174720741286,1.58971127218691,0.0979656813066165,0.0457287235894022,-0.00630802699691778,11.6453028185331,-5.6255421484692,-0.10237936200229,5.40102397086188,11.7481390610552,0.283641325597962,6.9920675410803,-5.79224936144245,-2.81,0.172339689354421,0.060807312036478,12.9075393676758,17.8820374204359,0.169745535930432,1.11052317187642,173.449996948242,3.23267526718197,6.99088769006621,-173.449996948242,1.14266705513,12.9099998474121,9.01000022888184,16.0790004730225,38.997875213623,991.290206584525
0.55,-0.198939180893724,-0.0343221537731411,0.483510080332751,0.425134495196985,0.014893143212249,-10.4859710096807,0.126501824658951,0.0214993464212257,-0.00850512357097751,-0.0533044335883429,-0.00457064305010262,1.58951686317995,0.08271231957116,0.0461379286764732,-0.0108035751591972,11.6450289947771,-5.61312919713096,-0.1156644483046,5.39236541419029,11.7470688073855,0.236786004397262,6.99226829062008,-5.79340733283467,-2.81,0.170666513469637,0.0622178427331253,12.9075393676758,17.874867758846,0.169745535930432,1.11052317187642,173.449996948242,3.23267526718197,6.99088769006621,-173.449996948242,1.14266705513,12.9099998474121,9.01000022888184,16.0790004730225,38.9953918457031,991.292751880402
0.575,-0.197508814343248,-0.0395386619669741,0.481891429063858,0.220648295458876,0.0792718515924303,-9.53742023376273,0.144599477746278,0.0679370714835599,-0.0102387228417046,-0.0486702375764981,-0.00134496111993285,1.58941648473594,0.0944478191296732,0.150656225027524,-0.0101431609545499,11.6605448163467,-5.60935500054867,-0.119002745279754,5.39042539891531,11.7627309368312,0.169721878485889,6.99246904015986,-5.79456530422689,-2.81,0.169750330879215,0.0632145145072111,12.9042747804177,17.8802667093602,0.169745535930432,1.11052317187642,173.449996948242,3.23267526718197,6.99088769006621,-173.449996948242,1.14266705513,12.9099998474121,9.01000022888184,16.0790004730225,38.9929084777832,991.29529717628
0.6,-0.197017504351472,-0.0413125361860556,0.480272793575979,-0.0884640058049969,0.0197990462446969,-9.11409906169063,0.133629232007498,0.26688906858042,-0.00598597803577146,-0.0452934524470709,0.00368457398408324,1.58937904572256,0.118250423625743,0.319871422768196,-0.00503759097927632,11.7142494451043,-5.61028155697958,-0.1242831387225,5.39150898625297,11.8168717871841,0.086703665944788,6.99263001344624,-5.79554687792577,-2.81,0.169464340764147,0.0635543268476986,12.9008306408605,17.9207079075334,0.169745535930432,1.11052317187642,173.449996948242,3.23267526718197,6.99088769006621,-173.449996948242,1.14266705513,12.9099998474121,9.006028175354,16.0752563476562,38.9904251098633,991.297842472158
0.625,-0.182724635877558,-0.0495858660894883,0.478654157612057,-0.154856841127248,0.0739690844676058,-9.80177698552074,0.135500024550789,0.610912194924002,0.000341496365533349,-0.0408794628681716,0.0213428157506987,1.58952872894427,0.14929116791458,0.674590243227305,0.00735842316696934,11.7959043508821,-5.62471402819053,-0.0413778073540692,5.39974184768655,11.9004733701817,-0.0632536241246012,6.99276972275343,-5.79643415121776,-2.81,0.1777815117255,0.0630312924865068,12.900634765625,17.9795130436029,0.169745705722498,1.11052320705532,173.433532714844,3.45735766224005,7.47322764506414,-173.433532714844,1.13868248462677,12.9182271957397,8.9399995803833,16.0130004882812,38.9900016784668,991.296935602283
0.65,-0.165571797341672,-0.0531060710162189,0.477035521818117,0.143887990647237,0.0165199612818489,-12.1668233689514,0.134129792020361,0.977125802645156,0.00626658268833156,-0.0375675819814205,0.0405756048858166,1.58974826335907,0.172542080283165,1.01282525062561,0.0197484474629164,11.8534755813636,-5.66340727401849,0.325961516041624,5.4212925604953,11.9704484008053,0.0571688420850471,6.99290943206063,-5.79732142450974,-2.81,0.202712988869638,0.0608719800530202,12.900634765625,18.0661086381486,0.169745910643957,1.11052324951262,173.413696289062,3.72852606713464,8.05536207335494,-173.413696289062,1.133873462677,12.9281558990479,8.9399995803833,16.0130004882812,38.9900016784668,991.295314491218
0.675,-0.131775271014671,-0.0552234842178364,0.475416855191724,0.764766106531244,-0.0257622328231271,-15.5885870943537,0.112888925332392,1.22092372341126,0.0133228383215561,-0.0350252073772293,0.084629065464073,1.59089182591341,0.127533594736891,1.28080785006311,0.0360978342547413,11.8691338232119,-5.66682284757812,0.598098706281481,5.40226491725595,12.0049321137039,-0.209951591443332,6.99304914136782,-5.79820869780173,-2.81,0.231616484454171,0.060298546856904,12.8635370782081,18.062188929607,0.169746115565417,1.11052329196992,173.393829345703,3.99969447486555,8.63749650180343,-173.393829345703,1.12906455993652,12.9380855560303,8.9399995803833,16.0130004882812,38.9900016784668,991.293693380153
0.7,-0.106248742183797,-0.0598543384869859,0.473798227112178,1.42353802031992,-0.0277021478591585,-19.1852989732412,0.0772154197875385,1.29746627496883,0.0182882736901028,-0.0324129933351038,0.120645508759173,1.59183539251,0.0419186535405101,1.33198010030297,0.0394575467996988,11.8476399697088,-5.6858198265361,0.789367428790459,5.40610274051926,11.9950363037722,-0.45975876222723,6.99320489200511,-5.79918529458236,-2.81,0.253738686278388,0.0592305221181964,12.8240036840416,18.0187915634297,0.169746320486876,1.11052333442722,173.373977661133,4.27086288259647,9.21963093025193,-173.373977661133,1.12425565719604,12.9480142593384,8.92874717712402,16.015251159668,38.9900016784668,991.292072269088
0.725,-0.086521971026995,-0.0579928618344623,0.474182424916866,2.07185378732298,0.0184347142662629,-22.0663998486457,0.0405332767217971,1.26711714541259,0.0195401890511606,-0.0327041633820467,0.137043726312608,1.59250943022781,0.0522582349218197,1.27162570188261,0.0433546565141741,11.8142566022621,-5.6623675123462,0.843116978308585,5.3732959128369,11.963385487608,-0.595827035355495,6.99336671302107,-5.80019569326074,-2.81,0.262876910519758,0.0602419349819947,12.8213806152344,17.9742039513377,0.169746361471168,1.11052334291868,173.369995117188,4.32509656357538,9.33605781587855,-173.369995117188,1.12329387664795,12.9499998092651,8.77000045776367,16.0470008850098,38.9900016784668,991.281797152039
0.75,-0.0786619393778724,-0.057690952652651,0.476252068497098,2.60529754260784,-0.0833206813597697,-24.2453908791139,0.00385642549991716,1.15964343507873,0.0185288164725161,-0.0330675727730092,0.16896981394049,1.59367411550538,0.00249984405726864,1.12158493240903,0.0441837767972097,11.7595353603426,-5.65948941945098,0.879901359954811,5.35655147853832,11.8970663502704,-0.926222056694205,6.99352853403702,-5.80120609193911,-2.81,0.276868390340461,0.0599595759916541,12.8213806152344,17.8733645589908,0.169746361471168,1.11052334291868,173.369995117188,4.32509656357538,9.33605781587855,-173.369995117188,1.12329387664795,12.9499998092651,8.77000045776367,16.0470008850098,38.9900016784668,991.269358533494
0.775,-0.0511505556662674,-0.055987291703332,0.478410253982629,2.98098818557882,-0.0106555189686829,-25.6774249923486,-0.0436253890055427,0.989015217985588,0.0172137727485643,-0.0324853670320521,0.201145699000368,1.59520567507873,-0.033691330433457,0.893180698679893,0.0344427697686695,11.6645352430829,-5.65854563080654,0.781874397978799,5.3448256184992,11.7561606300096,-1.38469311275276,6.99369035505298,-5.80221649061748,-2.81,0.283996690453248,0.0599267470738564,12.6589589220412,17.6931303548141,0.169746361471168,1.11052334291868,173.369995117188,4.32509656357538,9.33605781587855,-173.369995117188,1.12329387664795,12.9499998092651,8.77000045776367,16.0470008850098,38.9900016784668,991.256919914949
0.8,-0.0363743366337543,-0.0561673659284229,0.480568429166161,3.21562813741415,0.0127041101033707,-26.2764910980857,-0.073320195769512,0.750381498856754,0.020202211159653,-0.0356314687228019,0.217557746020261,1.59572771331792,-0.108681067853842,0.613436506081763,0.0344958201063702,11.5900279277006,-5.66593614289803,0.595547000591683,5.3529675831066,11.6259096892986,-1.72343201800202,6.99385217606894,-5.80322688929585,-2.81,0.281882815392896,0.0589304713060896,12.4841069972261,17.5398954986119,0.169746361471168,1.11052334291868,173.369995117188,4.32509656357538,9.33605781587855,-173.369995117188,1.12329387664795,12.9499998092651,8.75487041473389,16.0490436553955,38.9900016784668,991.244481296404
0.825,-0.0344792178723904,-0.0453774493879842,0.48272660437163,3.17948807190398,0.0713819152906168,-25.6625457045142,-0.0844160885289113,0.45894083869643,0.0201420143935669,-0.0369730484955003,0.220946466651509,1.59660296266165,-0.0805954331755575,0.337624990424994,0.0310371742326006,11.5110002403543,-5.65719454178145,0.520246259304713,5.33829241874586,11.5325254290624,-1.81138733221515,6.9940591713651,-5.80451302881765,-2.81,0.280645507118984,0.0590940262577375,12.4708480834961,17.444531902271,0.169746517548164,1.11052337567146,173.38916015625,4.53428362060313,9.77943643304336,-173.38916015625,1.1254997253418,12.8906383514404,8.56999969482422,16.0739994049072,38.9900016784668,991.240095422623
0.85,-0.0344792178723904,-0.0453774493879842,0.484884830936743,2.76908975811407,0.0641814275583402,-23.7386627678342,-0.0933451558598105,0.184145465889596,0.0219885524322541,-0.0383146282681988,0.224335187282757,1.59747821200538,-0.0525097984972734,0.0618134747682268,0.027578528358831,11.4356571911452,-5.64885164191163,0.444238827823357,5.32432343873076,11.4421115393447,-1.90020836826925,6.9943833372667,-5.80651437002987,-2.81,0.279294547816243,0.0592239585200445,12.4708480834961,17.3531529307908,0.169746719870197,1.11052341812876,173.413970947266,4.80545202833405,10.3541864924508,-173.413970947266,1.12835896015167,12.8136882781982,8.56999969482422,16.0739994049072,38.9900016784668,991.238095547291
0.875,-0.040186870416556,-0.0434668270628791,0.487042980519574,2.15616512459745,0.0933923898803336,-21.2541843228614,-0.0845422876040044,-0.0535769023360633,0.0213938522059689,-0.0388912111520767,0.225791588425636,1.59785437583923,-0.0404391810297966,-0.0567245371639729,0.0260920748114586,11.3522367453088,-5.64895358903374,-0.259131213081253,5.35358949894553,11.2042288900819,-2.5798137943703,6.99470750316831,-5.80851571124209,-2.81,0.241729522754056,0.0598372399700364,12.3631999284099,17.0932657167355,0.16974692219223,1.11052346058606,173.43879699707,5.0766204346468,10.9289365517794,-173.43879699707,1.13121843338013,12.7367382049561,8.56999969482422,16.0739994049072,38.9900016784668,991.236095671958
0.9,-0.0421022310107363,-0.042825664924233,0.486271289686872,1.71761206732574,0.163799463203105,-18.6704810260748,-0.0593968602545614,-0.236187227197011,0.0203014979858396,-0.0398007394296128,0.214889798712372,1.59820835974393,-0.00307214106755326,-0.223233569405069,0.0167296638252282,11.3034887501008,-5.6553882548323,-0.346224676312134,5.3605773745018,11.1688440510478,-2.52849333366558,6.99503166906991,-5.8105170524543,-2.81,0.233910783106616,0.0593658870656714,12.2461186875688,17.0601697039432,0.169747124514263,1.11052350304336,173.463607788086,5.34778884237771,11.503686611108,-173.463607788086,1.13407778739929,12.6597871780396,8.52574443817139,16.0756168365479,38.9900016784668,991.234095796626
0.925,-0.0421022310107363,-0.042825664924233,0.47838285989497,1.15817775577125,0.188214083196885,-15.5482855321826,-0.0233261717339782,-0.385549543761007,0.0177237121458155,-0.0407995805918322,0.202917486716788,1.59859710378137,0.0379642275055007,-0.406093277444356,0.00644789282191716,11.2667926174198,-5.66459926090044,-0.326004830439688,5.36476106768558,11.1699895464774,-2.3633137832798,6.99526048136893,-5.81196203943541,-2.81,0.231670696392611,0.0585771435608353,12.2361307144165,17.0658939578481,0.169747176539928,1.11052351396095,173.470001220703,5.41751786138696,11.6514794835225,-173.470001220703,1.13481307029724,12.6400003433228,8.05000019073486,16.0930004119873,38.9900016784668,991.240188057541
0.95,-0.0579793764770679,-0.0370879078386637,0.468671127823727,0.664505346833303,0.137705900636428,-12.7854250174807,0.014233127075806,-0.457601376589641,0.0130360665310424,-0.0404750859492847,0.190509257856199,1.59889847947841,0.016373523556465,-0.493553819678736,-0.000508501462315048,11.1811970818251,-5.65658311389137,-0.796128233715804,5.37644492971647,11.0270412619051,-2.67359716439508,6.99546953511295,-5.81329174230163,-2.81,0.20112182306734,0.0597042682436767,12.2361307144165,16.9185301400274,0.169747176539928,1.11052351396095,173.470001220703,5.41751786138696,11.6514794835225,-173.470001220703,1.13481307029724,12.6400003433228,7.89728164672852,16.0962352752686,38.9900016784668,991.249081442542
0.975,-0.0780558970479271,-0.031805618737186,0.458959279994789,0.296381540846054,0.105541714473607,-10.3278945789201,0.0287532116378374,-0.454573252753336,0.0041797759886243,-0.0393865965767246,0.18193645253621,1.59887784473236,0.0364018468556169,-0.4681948195316,-0.00410865538566018,11.1050936004154,-5.63032844952607,-1.28209401551941,5.37292952715865,10.8852762289873,-3.05120584408687,6.99567858885697,-5.81462144516784,-2.81,0.170073472485311,0.0621606593556211,12.1840274689045,16.7802883498382,0.169747176539928,1.11052351396095,173.470001220703,5.41751786138696,11.6514794835225,-173.470001220703,1.13481307029724,12.6400003433228,6.34999990463257,16.128999710083,38.9900016784668,991.257974827543
1,-0.0856853370681067,-0.0344067210836245,0.451323083114327,-0.115910144234295,-0.0241628376276235,-8.36021684350667,0.0451450825273409,-0.379744840725642,-0.00281996507935416,-0.039438418137763,0.170923841050142,1.5986619066895,-0.0339264977942345,-0.335293272300619,-0.0125321443846383,11.0538251500565,-5.64121216319147,-1.41979677310633,5.39277132625634,10.8437354557743,-3.05901402137611,6.99588764260099,-5.81595114803405,-2.81,0.158546611762859,0.0618806905563385,12.1267681730554,16.7384929920135,0.169747176539928,1.11052351396095,173.470001220703,5.41751786138696,11.6514794835225,-173.470001220703,1.13481307029724,12.6400003433228,6.34999990463257,16.128999710083,38.9900016784668,991.266868212544
1.025,-0.0846687706533836,-0.0256152686545593,0.45041966047777,-0.231117791115002,0.0457302785070403,-7.47611637636115,0.031966407907624,-0.283404405864396,-0.00540282607337036,-0.0379472418238644,0.166169676299992,1.59854501684676,0.0598838075805261,-0.30302546685199,-0.0110183892253145,11.0457121572516,-5.615158707631,-1.47433037604948,5.36840817630529,10.8382318918327,-3.06990839308289,6.99611796192955,-5.81735732751531,-2.81,0.15311166184374,0.0639199779202176,12.1213407516479,16.7369544351018,0.169747316413833,1.11052354397814,173.549789428711,5.60923313548773,12.0488288667799,-173.549789428711,1.12865495681763,12.572624206543,6.34999990463257,16.128999710083,38.9900016784668,991.26760193304
1.05,-0.0862159036638048,-0.0277836243115637,0.451876456756635,-0.344066750961682,0.0942984246770557,-6.74807440605748,0.044758124545601,-0.158089170721895,-0.00948405036918168,-0.0388737436906327,0.162871702606029,1.59830825132147,0.0296597365427534,-0.213014742626887,-0.0134370815262875,11.0338154500364,-5.62696283275406,-1.48215926938753,5.38428922237789,10.8353106211431,-3.03480864629326,6.9963492452102,-5.81876697362093,-2.81,0.151947489562759,0.0631420025342723,12.1213407516479,16.7334269346445,0.169747512237299,1.1105235860022,173.661499023438,5.87763451639248,12.6051180034665,-173.661499023438,1.12003350257874,12.4782981872559,6.34999990463257,16.128999710083,38.9900016784668,991.265071787733
1.075,-0.0873596838494937,-0.0324194694788612,0.453333228650574,-0.387434740989226,0.161044416890181,-6.65780156251298,0.0650467681575555,-0.0427809187360533,-0.012835248220859,-0.0331335182033236,0.160548500088683,1.59788552780097,0.0665102479642267,0.0026830011388831,-0.0125864957349875,10.9914535192638,-5.61539244404379,-1.45968740446378,5.37021605022776,10.7960392965706,-3.01358344272895,6.99658052849085,-5.82017661972655,-2.81,0.150556752682266,0.0655393880266045,12.0601347682042,16.6968601542721,0.169747708060766,1.11052362802626,173.773193359375,6.14603590013355,13.161407140153,-173.773193359375,1.11141204833984,12.3839721679688,6.21378231048584,16.1335754394531,38.9900016784668,991.262541642426
1.1,-0.0871934370927458,-0.0332304615060186,0.454789986669933,-0.431341809817376,0.197648716472969,-6.95712591633649,0.0858328589161401,0.0779280691805647,-0.012557941707891,-0.0323192388082727,0.163236750218948,1.59762475563562,0.0149224689645003,0.152415964844604,-0.0127145269648024,10.9954580052453,-5.63973756084913,-1.39943382130107,5.39423702715326,10.8001865974468,-2.98719398027404,6.99680094940256,-5.82150471596417,-2.81,0.154737627428241,0.0643372202439359,11.9921639129062,16.6997075109076,0.169747903884232,1.11052367005032,173.884902954102,6.4144372810383,13.7176962768395,-173.884902954102,1.10279059410095,12.2896451950073,5.01000022888184,16.173999786377,38.9900016784668,991.260011497119
1.125,-0.0787852900146782,-0.0324502850184753,0.456246755141239,-0.387219963801436,0.146036788407635,-7.70186330264436,0.111914002741938,0.19889321961911,-0.0137186640053855,-0.0306322434594695,0.165746534624972,1.59734050229605,0.151571972186105,0.178475346585469,-0.0129336012674071,10.9743294339262,-5.62567367326335,-1.31328182448109,5.37897698489609,10.7823459788886,-2.93537761461871,6.99701598012637,-5.82279234505189,-2.81,0.160277821883433,0.0657314113077216,11.9850769042969,16.6842557069091,0.16974796542875,1.11052368325789,173.919998168945,6.49879200192627,13.8925300054696,-173.919998168945,1.10008108615875,12.2600002288818,5.01000022888184,16.173999786377,38.9882965087891,991.248972791306
1.15,-0.0729143962282439,-0.0310305045164007,0.45770354439535,-0.294425321292434,0.0964531241594719,-8.70170248354506,0.125400243451246,0.302832051507703,-0.0150676302687543,-0.03022300487538,0.172137509726371,1.59713142074718,0.0905689996680972,0.280722660382828,-0.014112449324963,10.9554173055755,-5.64832119264332,-1.1752365913887,5.39959888261299,10.767445394458,-2.86571688492709,6.99723101085017,-5.82407997413961,-2.81,0.170788872953872,0.0645533497122924,11.9850769042969,16.6683606526035,0.16974796542875,1.11052368325789,173.919998168945,6.49879200192627,13.8925300054696,-173.919998168945,1.10008108615875,12.2600002288818,5.01000022888184,16.173999786377,38.9858169555664,991.234034328596
1.175,-0.0613117018865379,-0.0381936895343727,0.459160309419627,-0.155131252714063,0.0749188636208317,-9.72691425445029,0.126173537183945,0.362198432556947,-0.0159973547665499,-0.024416454341578,0.186399889542057,1.59684367431026,0.159781031756383,0.356365002422685,-0.0122713662472846,10.8939012217458,-5.64053722394859,-0.999216770519718,5.38667615667369,10.6895118846272,-2.86517605217006,6.99744604157398,-5.82536760322733,-2.81,0.184724008045026,0.0667141741750785,11.8919698927138,16.5933380763845,0.16974796542875,1.11052368325789,173.919998168945,6.49879200192627,13.8925300054696,-173.919998168945,1.10008108615875,12.2600002288818,4.97666692733765,16.1758899688721,38.9833335876465,991.219095865885
1.2,-0.0529046734546227,-0.0383645384979922,0.460545569627165,-0.0397434035521233,-0.00034429921988556,-10.8704019624405,0.111971840949492,0.382533848376902,-0.0173992304827822,-0.0216467306017876,0.196585908532143,1.59669709205627,0.0109759643673897,0.40769749879837,-0.0126898530870676,10.844524294457,-5.64820227757104,-0.898336313001171,5.39290703861189,10.6273340581939,-2.879102075496,6.9976609702864,-5.82665454717107,-2.81,0.193868836447942,0.0671660150800352,11.7874721297136,16.532203461836,0.16974796542875,1.11052368325789,173.919998168945,6.49879200192627,13.8925300054696,-173.919998168945,1.10008108615875,12.2600002288818,4.71000003814697,16.1909999847412,38.9808502197266,991.204157403175
1.225,-0.0402126478526037,-0.0333049835645274,0.461298293298035,0.0855761066635909,0.110475587475393,-11.8103225954583,0.110990616827431,0.390991216416587,-0.0190380741761833,-0.0208643001195936,0.201926868718929,1.59656733358692,0.0458749939440432,0.394395957273575,-0.0144446190303393,10.8060939010173,-5.62120078976885,-0.886892701314242,5.36778901682917,10.5740502599482,-2.92103484249061,6.99786984925692,-5.82790085894054,-2.81,0.196633183170774,0.0692239735673269,11.7755861282349,16.4831275176439,0.169748089272858,1.1105237114431,174.017868041992,6.67880671367316,14.2443424461626,-174.017868041992,1.09991025924683,12.2078018188477,4.71000003814697,16.1909999847412,38.9799995422363,991.194873999196
1.25,-0.0352060351779747,-0.0351893078837972,0.461702952816299,0.195326876061184,0.0212939511643405,-12.5199205241385,0.105472073344723,0.383335546739091,-0.021017718930345,-0.0170757036418881,0.215087976500277,1.59628323027628,0.0701288279883252,0.375093125666985,-0.0161389965511637,10.7769075248952,-5.6232996623893,-0.846908867681176,5.37088164831321,10.5086281751694,-3.03362056282175,6.99807872822744,-5.82914717071001,-2.81,0.202639336403956,0.0703495332582773,11.7755861282349,16.4201303205981,0.169748277731282,1.11052375433364,174.166809082031,6.95274214539391,14.7797092038075,-174.166809082031,1.09965038299561,12.1283683776855,4.71000003814697,16.1909999847412,38.9799995422363,991.188541060644
1.275,-0.0262340992584597,-0.0399936847742277,0.462107619087086,0.347452184227024,0.0721276389942144,-13.0708084045836,0.093407681387563,0.353668694957585,-0.0233274454667087,-0.0122574106422281,0.223075838923271,1.59574166628412,0.142194934688974,0.316748586585296,-0.0211064401819439,10.7024170481502,-5.60921350548253,-0.798543518899951,5.36052544196578,10.4127355193246,-3.07934807464735,6.99828760719796,-5.83039348247948,-2.81,0.207424154661356,0.0730137782697954,11.6306412270729,16.327708138757,0.169748466189707,1.11052379722417,174.315734863281,7.22667757711467,15.3150759614524,-174.315734863281,1.0993903875351,12.0489358901978,4.71000003814697,16.1909999847412,38.9799995422363,991.182208122091
1.3,-0.0224147193569178,-0.0460313751079147,0.462512275711962,0.469875166993561,0.0532789840759857,-13.5802613131075,0.076470025587081,0.286917303341158,-0.0270302477274021,-0.0148932632978466,0.230560701635491,1.59540176966483,0.0354589455557746,0.241934196110445,-0.0276417821625372,10.6575878772529,-5.6255049076171,-0.756340659579355,5.38295007755914,10.3574659841871,-3.09019139686167,6.99849648616848,-5.83163979424896,-2.81,0.21436044152646,0.0716859230326494,11.4662144843568,16.2719280763724,0.169748654648132,1.11052384011471,174.464691162109,7.50061300883542,15.8504427190973,-174.464691162109,1.09913039207458,11.96950340271,4.76654863357544,16.1868209838867,38.9799995422363,991.175875183538
1.325,-0.014182175579171,-0.0327115052963378,0.462916932328126,0.545622096023512,0.0861143205998304,-13.8867486229466,0.0673058237544961,0.202787484670257,-0.032376899885834,-0.0139019069110842,0.232940657609785,1.59461026486203,0.00876381776077806,0.156428426272322,-0.0338722513571095,10.6161781749432,-5.60878894824219,-0.787622134679081,5.37554139185308,10.2965760348507,-3.14104725181173,6.99873629369414,-5.83306776625372,-2.81,0.213483623137247,0.0735282428387752,11.4459533691406,16.2144923794364,0.169748724646975,1.11052385604548,174.520004272461,7.60236045559196,16.0492932290233,-174.520004272461,1.09903383255005,11.9399995803833,5.17000007629395,16.1569995880127,38.9799995422363,991.16750427679
1.35,-0.014182175579171,-0.0327115052963378,0.46332159858882,0.621105582386811,0.0342221185386298,-13.7926879568943,0.0559809056045009,0.113148533821096,-0.0388449798407043,-0.0129105505243219,0.235320613584079,1.59381876005922,-0.017931310034219,0.0709226564341983,-0.0401027205516819,10.5736715465382,-5.59161691687266,-0.81903060394479,5.36754676866641,10.2344187701113,-3.19149416002867,6.99904159345694,-5.83488040980718,-2.81,0.212604538524894,0.0754195830350355,11.4459533691406,16.1564132557689,0.169748724646975,1.11052385604548,174.520004272461,7.60236045559196,16.0492932290233,-174.520004272461,1.09903383255005,11.9399995803833,5.17000007629395,16.1569995880127,38.9799995422363,991.157929116107
1.375,-0.0141806597322202,-0.0336638122883631,0.463726250407621,0.595328972979123,0.0213650091405517,-13.3566475294716,0.0323384708594505,0.0139158101867406,-0.0437326695975784,-0.00841135849996947,0.234393025539431,1.59263569077416,0.00484350500431594,-0.0383502856041239,-0.0405227925383569,10.4553287859008,-5.53707134341415,-0.993039087207799,5.32662966567081,10.0683439858164,-3.34882837722944,6.99934689321975,-5.83669305336064,-2.81,0.201275493622066,0.081218517941319,11.3332296962152,16.0018287130266,0.169748724646975,1.11052385604548,174.520004272461,7.60236045559196,16.0492932290233,-174.520004272461,1.09903383255005,11.9399995803833,5.25061464309692,16.1545295715332,38.9799995422363,991.148353955424
1.4,0.331213403870804,-0.0408800628177381,0.464130909925885,0.554685858411119,0.075213168993024,-12.5384627919853,0.0222899989397515,-0.103430359985525,-0.0457921953132356,-0.0093258929719475,0.231967650230437,1.59171189224047,0.0639176876828322,-0.135781726298053,-0.0486267400001596,10.3675284394838,-5.52521603990223,-1.09003314116623,5.32790399363088,9.96471699621613,-3.39406610128798,6.99957610690572,-5.83804816499563,-2.81,0.195863950605565,0.0826074067347962,11.2039650495453,15.9016668184622,0.169748724646975,1.11052385604548,174.520004272461,7.60236045559196,16.0492932290233,-174.520004272461,1.09903383255005,11.9399995803833,5.78999996185303,16.1380004882812,38.9799995422363,991.138778794742
1.425,0.331841019645413,-0.0300877291425343,0.464535575248461,0.418021698295981,0.0272267141395523,-11.531203208382,0.0357201481390349,-0.192036739752529,-0.0484085190641986,-0.00760809535721748,0.22449123653579,1.58987102711271,0.086154467716317,-0.230967008345123,-0.0503565468475552,10.3279177822831,-5.52501310081199,-1.13316440901594,5.34505345596095,9.92963029368091,-3.36282066773376,6.99976584183175,-5.83916587718088,-2.81,0.19014571509273,0.0839909106630496,11.1868114471436,15.8650123368629,0.169748833043062,1.11052388099998,174.610855102539,7.76174107087543,16.3572214192417,-174.610855102539,1.09664237499237,11.8536167144775,5.78999996185303,16.1380004882812,38.9799995422363,991.126794693318
1.45,0.327400683825183,-0.0326202995074069,0.464941424009957,0.288937305720377,0.0551537066505056,-10.6278784671229,0.0396458565362432,-0.24730168774386,-0.0484175435488365,-0.00770301082044458,0.217755255559196,1.58835051875126,0.0963187519391324,-0.290925884946174,-0.0532404698907658,10.2565335909038,-5.5080826819584,-1.23356286116988,5.34530377253268,9.85234682486032,-3.37877538275323,6.99995557675778,-5.84028358936613,-2.81,0.182246514061954,0.0860484312974793,11.1868114471436,15.7898710364194,0.169749013703207,1.1105239225908,174.762268066406,8.02737542779034,16.8704350696846,-174.762268066406,1.09265661239624,11.709644317627,5.78999996185303,16.1380004882812,38.9799995422363,991.1132046314
1.475,0.319145778307288,-0.0322893452444601,0.466034677518556,0.267840249813858,-0.0279478771354234,-10.3274858159378,0.039998158524841,-0.298952974967069,-0.0494356845984291,-0.00943170027224525,0.209302746503156,1.58684057651362,-0.0502051518576126,-0.342852483083644,-0.0567158845692818,10.1756717283321,-5.47968233912512,-1.35197740574391,5.33612615939592,9.7703059218962,-3.38613885859847,7.00014531168381,-5.84140130155138,-2.81,0.173305029166249,0.0884593986559947,11.1194257488206,15.7107064817026,0.169749194363352,1.11052396418163,174.913696289062,8.29300978612341,17.3836487200486,-174.913696289062,1.08867073059082,11.565673828125,5.78999996185303,16.1380004882812,38.9799995422363,991.099614569481
1.5,0.312792783339484,-0.0287881889044699,0.467248656658963,0.318459909550291,-0.0679016282106318,-10.1869989688406,0.0169634708566784,-0.461194578152178,-0.0504614713561041,-0.00688518740578167,0.193290591398764,1.58473440911301,0.0674816104330167,-0.622113359842546,-0.0599630692703916,10.0686457324004,-5.40826408879534,-1.50901746597129,5.28421990948496,9.67302468299495,-3.37841597227415,7.00038200495214,-5.84276900155413,-2.81,0.1573773138814,0.0950807604565714,11.0413027688967,15.6207606318306,0.169749375023497,1.11052400577245,175.065124511719,8.55864414445648,17.8968623704915,-175.065124511719,1.08468496799469,11.4217014312744,5.78290748596191,16.1309089660645,38.9799995422363,991.086024507563
1.525,0.303421660424162,-0.0257567061256084,0.468462635799369,0.481014465902055,-0.0840349709710459,-9.64347448975497,-0.00978981155906755,-0.852734026700548,-0.056510667269878,-0.0106324050823758,0.18153984729233,1.58360259206438,0.0120845193932289,-0.857074695190565,-0.0715384300936059,9.95438238795277,-5.4186439332253,-1.54710471297839,5.31240453501032,9.59071349255214,-3.26213680794718,7.00063690668918,-5.84423363631077,-2.81,0.153298094748852,0.0944787858952366,11.0301952362061,15.5335813354383,0.169749452449273,1.11052402359709,175.130004882812,8.67248744027715,18.1168110777566,-175.130004882812,1.08297681808472,11.3599996566772,5.73999977111816,16.0879993438721,38.9799995422363,991.078122402759
1.55,0.293742347203846,-0.0224112474898665,0.469676603388756,0.587612536403914,-0.0405783028428895,-7.21740366348489,-0.0183758207312173,-1.44929348875206,-0.0670702836672913,-0.0119830154862175,0.136631812404607,1.57992904318725,0.00479225848817608,-1.52484926896836,-0.0927112498003047,9.76662616084153,-5.3982743572573,-1.68735738085838,5.33153498074607,9.50368917744828,-2.93771242638327,7.00089180842622,-5.84569827106741,-2.81,0.129493003390583,0.0976548962496892,11.0301952362061,15.4404260863043,0.169749452449273,1.11052402359709,175.130004882812,8.67248744027715,18.1168110777566,-175.130004882812,1.08297681808472,11.3599996566772,5.73999977111816,16.0879993438721,38.9799995422363,991.074486265791
1.575,0.229297526598501,-0.0194482386500845,0.470890594080182,0.747959072806056,-0.0661727077922293,-2.71669766460559,-0.0317686409316917,-2.04571365885868,-0.0791562518846756,-0.0131230439767977,0.0765345168193739,1.57523013644531,-0.0161949133331296,-2.14750089693516,-0.120496977209692,9.5512405148219,-5.35849007306174,-1.94395035649141,5.34189641486522,9.40381330285645,-2.59826716898973,7.00114671016326,-5.84716290582405,-2.81,0.091765522298449,0.102732636525343,11.0578116153149,15.3424319340811,0.169749452449273,1.11052402359709,175.130004882812,8.67248744027715,18.1168110777566,-175.130004882812,1.08297681808472,11.3599996566772,5.73999977111816,16.0879993438721,38.9799995422363,991.070850128823
1.6,0.211809670745681,-0.0203711690246948,0.472104573220589,0.545466501186282,-0.0958101976440667,2.54400734657608,-0.0269088197073511,-2.44872994414673,-0.0932387839737776,-0.0159010567450887,0.0296601357310104,1.57165173329491,-0.0838396037189854,-2.41040690296883,-0.146159417765388,9.3806887889787,-5.33608535525261,-2.20731895801685,5.36253909545345,9.31821810777125,-2.39945239635421,7.00131264276528,-5.8480767416721,-2.81,0.0584144253754699,0.105826939580101,11.0901841486036,15.260099198055,0.169749452449273,1.11052402359709,175.130004882812,8.67248744027715,18.1168110777566,-175.130004882812,1.08297681808472,11.3599996566772,5.74151277542114,16.0984382629395,38.9799995422363,991.067213991855
1.625,0.134034141446988,-0.0110437177905296,0.472056596963976,0.796184015111263,-0.123914096153313,8.5233940174519,0.0254727929497506,-2.61206951556372,-0.102041611957999,-0.0174607584143043,-0.0422874467006101,1.56606762793511,-0.0587063739991127,-2.5791157826673,-0.15843308682277,9.21483272356118,-5.29452322993246,-2.57026388943501,5.38256324907098,9.28597921855693,-2.08566000084417,7.00143096540357,-5.84869582905419,-2.81,0.00750838994601666,0.111047275489651,11.0950937271118,15.2382344749693,0.169749546523758,1.11052404617497,175.220291137695,8.81668895001847,18.3840549107962,-175.220291137695,1.08182430267334,11.3317012786865,5.75,16.1569995880127,38.9786529541016,991.071243177915
1.65,0.100700619138399,-0.00876766358551633,0.469934936110059,0.953096458995386,-0.225460010516223,13.5485871576406,0.045773252078316,-2.63605804478494,-0.101490712663289,-0.0176501125097275,-0.100822910666466,1.56148791313171,0.0132252750918269,-2.62262797355652,-0.157593697309494,8.98360360062989,-5.2137362481568,-2.94825543907945,5.3506032117453,9.176014844529,-1.93705609007593,7.00154928804185,-5.84931491643628,-2.81,-0.0406211407253752,0.119283843560212,11.0950937271118,15.1409441067082,0.169749719818861,1.11052408776579,175.386596679688,9.08232330693337,18.8763461821185,-175.386596679688,1.07970154285431,11.2795734405518,5.75,16.1569995880127,38.9761695861816,991.081727372839
1.675,0.0364238381906741,-0.00977632618341653,0.467506982963808,0.958373553251061,0.05921576494149,17.9061287193964,0.0293518868400412,-2.51627165240591,-0.0922095307228754,-0.0153010291958249,-0.18746337218759,1.55518601677864,0.0456443111657902,-2.42278909503117,-0.133619619984775,8.88463133030962,-5.17804833860353,-2.97740391706421,5.3670480337059,9.18637580516648,-1.19125460247958,7.00166761068014,-5.84993400381838,-2.81,-0.0781287388541936,0.124398150777343,11.003411302048,15.2112764255731,0.169749893113964,1.11052412935662,175.552917480469,9.34795766384828,19.3686374535198,-175.552917480469,1.07757878303528,11.227445602417,5.75,16.1569995880127,38.9736862182617,991.092211567764
1.7,-0.00151511723918851,-0.0124143678724107,0.465079018033795,0.814840860576092,-0.174155340065019,20.5540567544682,0.183631357765551,-2.17263430092532,-0.0990408370913613,-0.0106622845261669,-0.24145836927048,1.55084038465762,0.178886652011911,-1.92908281714793,-0.111098166102713,8.88771269085417,-5.19987617819835,-2.75836542448753,5.41305170276307,9.16997597188358,-0.499140157736087,7.00178593331842,-5.85055309120047,-2.81,-0.0871328805479872,0.124820848211024,10.8947315734611,15.2800668519768,0.169750066409067,1.11052417094744,175.719223022461,9.61359202218135,19.860928724921,-175.719223022461,1.07545590400696,11.1753187179565,5.78536653518677,16.1431751251221,38.9712066650391,991.102695762688
1.725,-0.0180159160722181,-0.0174675002854527,0.462651053425134,0.208850287163474,-0.047754980204245,21.4795813460451,0.17864096016855,-1.60501413383211,-0.0841722440201668,-0.00571527084635793,-0.269265029212859,1.54800928478126,0.200986104433207,-1.34957821133285,-0.0923493518793271,9.01596979576907,-5.20568302986803,-2.62583411364414,5.43301265002965,9.26031323292382,-0.104040044247959,7.00178872442212,-5.85056615666173,-2.81,-0.0909004550136357,0.124788732451624,10.8772192001343,15.4312006525844,0.169750150580974,1.1105241911487,175.800003051758,9.74261442496235,20.1000416280964,-175.800003051758,1.07442474365234,11.1499996185303,5.96999979019165,16.0709991455078,38.9700012207031,991.100619701629
1.75,-0.0246504829073042,-0.0222012981415601,0.460223100175861,-0.0658589832129327,-0.0130263301456075,19.7129524220177,0.216754398515074,-0.986589202117565,-0.0772113151456303,-8.14568102660011e-05,-0.29146692886669,1.54528279313512,0.226948383932014,-0.753597639617624,-0.0773450924005951,9.17794402939172,-5.23097662528351,-2.13001209315029,5.46932030061575,9.26629119944577,0.597584666990733,7.00176709923671,-5.85045114621303,-2.81,-0.0691183311511019,0.123465196942921,10.8772192001343,15.5716385007599,0.169750150580974,1.1105241911487,175.800003051758,9.74261442496235,20.1000416280964,-175.800003051758,1.07442474365234,11.1499996185303,5.96999979019165,16.0709991455078,38.9700012207031,991.086681176585
1.775,-0.0289474817073525,-0.0312571576550499,0.457795135351329,-0.048052643914609,0.0414656226457996,15.9935741518643,0.275606933414116,-0.493587847973802,-0.0596676361773331,0.0054387277425248,-0.299091339380704,1.54375665457359,0.256538367512262,-0.407466633838238,-0.0686059953605127,9.34360905391675,-5.26099023728029,-1.51878546177762,5.50446129740103,9.23929015870891,1.27443355915462,7.00174547405131,-5.85033613576433,-2.81,-0.0346401366116754,0.121399330061035,10.7963881278433,15.7041803069009,0.169750150580974,1.1105241911487,175.800003051758,9.74261442496235,20.1000416280964,-175.800003051758,1.07442474365234,11.1499996185303,5.96999979019165,16.0709991455078,38.9700012207031,991.07274265154
1.8,-0.0275043865978684,-0.0396729390825972,0.455367170681204,-0.117091974438073,-0.168295351179506,12.2082208521591,0.219472809103242,-0.205203659317178,-0.0447281606317594,0.0129533133827042,-0.304400994559527,1.54228542473329,0.20777829168397,-0.107803823868672,-0.0349348111049647,9.51649708569735,-5.27794121094859,-0.873262561822343,5.53090687050342,9.20726833396778,1.95403345066771,7.0017238488659,-5.85022112531563,-2.81,0.00138126295274644,0.120069164660062,10.6994826945853,15.861503904717,0.169750150580974,1.1105241911487,175.800003051758,9.74261442496235,20.1000416280964,-175.800003051758,1.07442474365234,11.1499996185303,5.85425519943237,16.080020904541,38.9700012207031,991.058804126496
1.825,-0.020547487877902,-0.0225427714916609,0.454977415365062,-0.26276469921932,-0.0395299665981519,8.51683837188018,0.238836239077866,-0.0506589588252224,-0.0394441573005116,0.01794441166303,-0.302381217669346,1.54143739575881,0.176363976270892,-0.00356764770128612,-0.030537359595436,9.57935072996844,-5.28778947858865,-0.719664231953093,5.54731268991665,9.2284059435363,2.07519643551299,7.00170215783152,-5.850141624978,-2.81,0.00973512582869528,0.119621956792273,10.6829490661621,15.9167518581487,0.169750233700732,1.11052421198125,175.795181274414,9.87566877743139,20.336165620059,-175.795181274414,1.06882727146149,11.1668796539307,5.28999996185303,16.1240005493164,38.9700012207031,991.045079008062
1.85,-0.020547487877902,-0.0225427714916609,0.462954845715691,-0.306409361660599,-0.392020618423936,5.48773952007194,0.208551371546065,0.0592896957585425,-0.0395719339476784,0.0229355099433558,-0.300361440779164,1.54058936678432,0.144949660857813,0.100668528466102,-0.0261399080859071,9.63240830775708,-5.28563155535048,-0.575133273017333,5.55276493414464,9.2436534997604,2.18486626375552,7.00168032546875,-5.85013833822608,-2.81,0.01746121596324,0.119987785670673,10.6829490661621,15.9646671387939,0.169750404829646,1.11052425487178,175.785247802734,10.1496042091521,20.8223032505795,-175.785247802734,1.05730319023132,11.2016305923462,5.28999996185303,16.1240005493164,38.9700012207031,991.031579849568
1.875,-0.0139028702680539,-0.0310789581789965,0.472666792553947,-0.214931811501716,-0.140335073335712,3.60772954511508,0.151610506528607,0.162347414539128,-0.0311484053960177,0.025080531835556,-0.299493402242661,1.54022490978241,0.131448745727539,0.145466059446335,-0.0242500174790621,9.82921611425708,-5.27816812787253,0.298380473027769,5.56709774815691,9.17684686779063,3.05850998709048,7.00165849310598,-5.85013505147416,-2.81,0.0710069773963188,0.118979097784001,10.6766535711627,16.1959118175372,0.169750575958561,1.11052429776232,175.775314331055,10.4235396408729,21.3084408810212,-175.775314331055,1.04577898979187,11.236382484436,5.19425487518311,16.1355247497559,38.9700012207031,991.018080691074
1.9,-0.0116404974444535,-0.0339853762624067,0.482378646415779,-0.47554528038314,-0.357535760685847,0.966783037428421,0.201827510478874,0.285333538992069,-0.0203718366895951,0.0289999022234232,-0.293578531773283,1.54062237388478,0.158483055054511,0.240852889942056,-0.0113140124254636,9.94395032725727,-5.29675726999588,0.701161366631148,5.59483057816958,9.19551385304227,3.40144215449219,7.00163666074321,-5.85013176472224,-2.81,0.095757284710927,0.116918271196439,10.6690193789507,16.3380711544517,0.169750747087475,1.11052434065286,175.765380859375,10.6974750725937,21.7945785114629,-175.765380859375,1.03425490856171,11.2711343765259,4.75,16.1889991760254,38.9700012207031,991.00458153258
1.925,-0.00752743681112427,-0.0327257492302639,0.492090431440262,-0.520275880814779,-0.40806574756248,-1.24078738140038,0.113127157492639,0.381068379142586,0.00478732327610249,0.0330828464556616,-0.283243451560958,1.5419637713562,0.140295279644725,0.35166535506283,0.0159590329856543,10.0014396027667,-5.27652996952216,0.908714926504971,5.57242304017466,9.24107410075261,3.49956802911991,7.00164504230436,-5.85018465544827,-2.81,0.110068250214126,0.117446893164923,10.6676445007324,16.4194827900295,0.169750839986028,1.1105243639363,175.759994506836,10.846182878628,22.0584817966161,-175.759994506836,1.02799892425537,11.289999961853,4.75,16.1889991760254,38.9700012207031,991.002094674618
1.95,0.0111490541326839,-0.0289423509570735,0.501800252548321,-0.436891357273207,-0.208817592808378,-3.81836399447012,0.0820447201554941,0.451333664305961,0.0269187675086229,0.0346313491463661,-0.272506833076477,1.54398727416992,0.0576868504285812,0.412386447191238,0.0488394722342491,10.0496114510796,-5.27814453396953,1.29024771777286,5.56920523612449,9.23493388777237,3.77070130595862,7.00165569249179,-5.85024176428591,-2.81,0.135989852518092,0.116147499410908,10.6676445007324,16.5202926257874,0.169750839986028,1.1105243639363,175.759994506836,10.846182878628,22.0584817966161,-175.759994506836,1.02799892425537,11.289999961853,4.75,16.1889991760254,38.9700012207031,991.012684923537
1.975,0.0232546582407169,-0.0308596705669691,0.507323890762472,-0.198007884336363,-0.267262943198642,-6.08822312852306,0.0633234165058036,0.484657519015447,0.0419221358347346,0.0372930129305132,-0.256610258432178,1.5472082650979,0.0780955631732657,0.464301989606287,0.0669530201774695,10.0921539659575,-5.28363047118897,1.57183901738396,5.55909127307015,9.28449979954925,3.89018871201432,7.00166634267923,-5.85029887312356,-2.81,0.156972674058454,0.114407888606522,10.7203612000666,16.6143216072881,0.169750839986028,1.1105243639363,175.759994506836,10.846182878628,22.0584817966161,-175.759994506836,1.02799892425537,11.289999961853,4.75,16.1889991760254,38.9700012207031,991.023275172457
2,-0.318204699594354,-0.031592471636584,0.500849349465893,0.00244192330522136,-0.293730205888618,-8.26452801759932,1.99568812940315e-05,0.453460368933884,0.0584595678594365,0.035469242506775,-0.249286043987329,1.5490442594607,0.0141891019622725,0.443560604908809,0.067895130773535,10.0994311077144,-5.29072653650726,1.69341756994976,5.55098697968986,9.29747315405485,3.94987285247621,7.00168030165136,-5.85037715564917,-2.81,0.167453123505031,0.113073873237511,10.7850311044824,16.6510588582597,0.169750839986028,1.1105243639363,175.759994506836,10.846182878628,22.0584817966161,-175.759994506836,1.02799892425537,11.289999961853,4.85401916503906,16.1882419586182,38.9700012207031,991.033865421376
2.025,-0.315799892910816,-0.029399631649746,0.494374762277199,0.281217059498474,-0.196844881959542,-10.0378047309247,-0.0223679770095568,0.377001901836451,0.0715897057715021,0.0336560743957813,-0.241145254359562,1.55161591071834,-0.024515267431817,0.362651338488724,0.0716048286169695,10.0939832744034,-5.30062631833073,1.78385211482613,5.53730946761814,9.31425373528703,3.96864552367736,7.00175109245618,-5.85081911837893,-2.81,0.176357255013731,0.111405821974942,10.797290802002,16.675552736423,0.169750910356218,1.11052438324632,175.686584472656,10.9695131164762,22.2583872164841,-175.686584472656,1.02580797672272,11.2346801757812,5.30000019073486,16.1849994659424,38.968936920166,991.040403974817
2.05,-0.30625956943458,-0.0227228982052312,0.487900205820607,0.49340463142158,-0.228314568004077,-10.962345893947,-0.0710949204307417,0.263761517623531,0.0771476769209884,0.030792853228384,-0.231666288937651,1.55546710516603,-0.0779014798204273,0.216815770054023,0.0810682782767187,10.1091766055646,-5.30835593511712,1.86058965438544,5.50734321080541,9.36632825059879,3.97202141218112,7.001821883261,-5.85126108110869,-2.81,0.184955648014826,0.109174710251676,10.797290802002,16.7273520321121,0.169751074553329,1.11052442830305,175.515319824219,11.2572836709825,22.7248331961233,-175.515319824219,1.02069568634033,11.1056022644043,5.30000019073486,16.1849994659424,38.9664535522461,991.04154026762
2.075,-0.302465916089272,-0.0170401367143828,0.481425664912198,0.550790428281791,-0.130838270783296,-10.6974716688888,-0.0709488592886064,0.173095639017802,0.0841956444735943,0.0280135058561054,-0.226866151445625,1.55794909746407,-0.118155607635008,0.217901843304801,0.0876192451461864,10.122806322853,-5.32417026471602,1.89262115945018,5.49632806813425,9.40159729286766,3.97496639244422,7.00189267406582,-5.85170304383845,-2.81,0.189293069102956,0.106989293060701,10.8755249447293,16.7620304525135,0.169751238750439,1.11052447335978,175.344039916992,11.5450542254887,23.1912791756837,-175.344039916992,1.01558351516724,10.9765243530273,5.30000019073486,16.1849994659424,38.9639701843262,991.042676560422
2.1,-0.301825385197496,-0.0151110050727684,0.474951154653604,0.410609312095107,-0.0327560797837682,-10.1072889959018,-0.0386925364082721,0.22007616267024,0.0967540418514803,0.0270167076969887,-0.222609878305417,1.5600791509339,-0.0526115957892535,0.252733560121412,0.0986417517474671,10.139227418713,-5.32275334383941,1.86091638390295,5.47269150187513,9.45197875530763,3.91259388770798,7.00200881509401,-5.85243990820066,-2.81,0.188932845863688,0.106157574177426,10.9726273218791,16.7856280982125,0.169751402947549,1.1105245184165,175.172775268555,11.832824779995,23.657725155323,-175.172775268555,1.01047134399414,10.8474473953247,5.98510646820068,16.14111328125,38.9614906311035,991.043812853225
2.125,-0.294361366022114,-0.017500656193517,0.468476644648153,0.166903309397615,-0.0434875168429123,-9.2047841911395,-0.00224938695855427,0.493422836123398,0.112537824906502,0.0279477002869808,-0.215644316827701,1.56275072984492,-0.00252454431054467,0.405139823389065,0.115262182129311,10.2295886768782,-5.34465664286004,1.88564494203513,5.472495631953,9.5775702750242,3.88425477547916,7.00214973667678,-5.85333791456959,-2.81,0.191204240147672,0.103421020572421,10.9919557571411,16.8898139786913,0.169751501465815,1.11052454545054,175.070007324219,12.0054871129824,23.9375927430907,-175.070007324219,1.007404088974,10.7700004577637,8.75,15.96399974823,38.9599990844727,991.046652070174
2.15,-0.287840114983695,-0.0265614707899088,0.462102246383153,0.466820881294562,0.0391417576775014,-10.6357887734137,0.0719384903605612,0.934730904273235,0.133666148266272,0.0290443608715522,-0.198957135505409,1.56697768267934,0.0518442146361582,0.763142005007283,0.13712751388283,10.3875969974291,-5.3920661004236,2.04935219493363,5.48672203154738,9.78787404874592,3.90765858099621,7.00229065825956,-5.85423592093852,-2.81,0.204104698796068,0.0982281838856714,10.9919557571411,17.0909183304118,0.169751501465815,1.11052454545054,175.070007324219,12.0054871129824,23.9375927430907,-175.070007324219,1.007404088974,10.7700004577637,8.75,15.96399974823,38.9599990844727,991.052045673343
2.175,-0.24609366800045,-0.0318653753685324,0.504095745251596,1.21801625312116,0.0131616146005872,-13.5992946129207,0.117448144964028,1.35643424244998,0.156060408390115,0.0322801920341117,-0.16270395955698,1.57418589412976,0.15173233144083,1.32388692192685,0.170045033771039,10.4433052049082,-5.44518280812393,2.32650882743359,5.48365103502219,9.97582355995393,3.81284649148715,7.00243157984234,-5.85513392730745,-2.81,0.230605913133132,0.0925704131827168,11.0886114742739,17.227536241628,0.169751501465815,1.11052454545054,175.070007324219,12.0054871129824,23.9375927430907,-175.070007324219,1.007404088974,10.7700004577637,8.75,15.96399974823,38.9599990844727,991.057439276513
2.2,-0.205931490488195,-0.0349453187605016,0.538268486975386,2.17973550614915,-0.0211903110276125,-17.2691620954926,0.125780083484364,1.57907087548364,0.176293008348627,0.0355362286683761,-0.0984994094484993,1.58692408510067,0.12779934964334,1.65086757697128,0.209580786970592,10.390641242358,-5.49785499611413,2.77585086891806,5.42961061176076,10.175566831256,3.58808462824656,7.0025535858576,-5.85592914913917,-2.81,0.277960773426323,0.0856943902478046,11.2100064523395,17.3325849162608,0.169751501465815,1.11052454545054,175.070007324219,12.0054871129824,23.9375927430907,-175.070007324219,1.007404088974,10.7700004577637,10.2145862579346,15.9357061386108,38.9599990844727,991.062832879682
2.225,-0.186862672538654,-0.0425952406222652,0.538906819944708,3.19331126482282,0.0201049535210658,-21.031421847673,0.123852492587783,1.64755079191389,0.194275024187201,0.0369074138243037,-0.0767687629634142,1.59146832874561,0.136037345559596,1.66646349261085,0.220752703835902,10.3629912504562,-5.51061536441234,2.86184621051842,5.40189665582802,10.2425772379608,3.44350942039497,7.00266732129973,-5.85667942983806,-2.81,0.29032801729824,0.0837644811402997,11.2353210449219,17.3451697036976,0.169751501465815,1.11052454545054,175.070007324219,12.0054871129824,23.9375927430907,-175.070007324219,1.007404088974,10.7700004577637,15.789999961853,15.8280000686646,38.9599990844727,991.061068487506
2.25,-0.174803751912116,-0.0438835797644655,0.533819706626238,4.29026671511087,0.0897430853876676,-24.3705397645046,0.105181207279501,1.6534240542722,0.204080973554297,0.0402851117818707,-0.030516848072118,1.60137981441482,0.126882752758948,1.66950341998772,0.231941553572813,10.3065744768081,-5.52883879535023,2.95372536918571,5.32820377881076,10.3863052374942,3.04186413776149,7.00278105674186,-5.85742971053696,-2.81,0.31156304344121,0.0803138272332422,11.2353210449219,17.3466840637763,0.169751501465815,1.11052454545054,175.070007324219,12.0054871129824,23.9375927430907,-175.070007324219,1.007404088974,10.7700004577637,15.789999961853,15.8280000686646,38.9599990844727,991.047190564744
2.275,-0.127980311336268,-0.0485604439551529,0.528732508581062,5.28067077327794,-0.00975007763511826,-27.1623402808,0.0865984618655788,1.61585031551412,0.208077184375595,0.0439219893338168,0.0237328692013907,1.61348713731082,0.0896204552560484,1.58677049857346,0.236900991835428,10.1828481783158,-5.57347370954373,3.04700699984619,5.25939634840938,10.4804194799613,2.55691522055431,7.00289479218399,-5.85817999123585,-2.81,0.337221027007726,0.0750619531302675,11.3348830247884,17.2856413964963,0.169751501465815,1.11052454545054,175.070007324219,12.0054871129824,23.9375927430907,-175.070007324219,1.007404088974,10.7700004577637,15.789999961853,15.8280000686646,38.9599990844727,991.033312641983
2.3,0.25241184819172,-0.052182720310785,0.523645334595903,6.11604967257221,0.0359464897766724,-29.0564905112708,0.050034144374892,1.44941531183348,0.208825745213538,0.0462093210331109,0.0589572897719045,1.62241139224985,0.0720812755665743,1.34061985525185,0.232078460078837,10.0807902407985,-5.59007538198637,2.98190035286428,5.1867743805241,10.5051624561098,2.1217770066527,7.00300852762612,-5.85893027193475,-2.81,0.347670200279272,0.0722482245738401,11.4614346979921,17.1873401587473,0.169751501465815,1.11052454545054,175.070007324219,12.0054871129824,23.9375927430907,-175.070007324219,1.007404088974,10.7700004577637,17.37770652771,15.7747144699097,38.9599990844727,991.019434719221
2.325,0.256997950113199,-0.0782219549692429,0.518558233558895,6.61154598212391,0.0967091465588351,-29.9918584684941,0.0512390831552908,1.15191373606297,0.204689384834655,0.0482591731319108,0.0775406729182729,1.62917021243556,0.0673223121410652,1.01918846347843,0.221288676491936,10.0031021724175,-5.59625286920907,2.94232941674756,5.12801769277975,10.4968403797855,1.88604831021246,7.00320150883916,-5.86013516085358,-2.81,0.352992223320024,0.0703780685477575,11.4890241622925,17.120742767559,0.169751558207583,1.11052456045294,174.997680664062,12.1013052207945,24.0987829707576,-174.997680664062,1.01178598403931,10.8048944473267,23.0900001525879,15.5830001831055,38.9599990844727,991.010153912483
2.35,0.256997950113199,-0.0782219549692429,0.513471059809857,6.58363051578487,0.177748814403868,-30.0353324141662,0.0341085228345575,0.818311439509307,0.204419900085889,0.0503090252307106,0.0961240560646417,1.63592903262127,0.062563348715556,0.697757071705003,0.210498892905035,9.9154222049332,-5.59755646598423,2.9008821599143,5.06546764640051,10.4725962481389,1.65200440205525,7.00359644826057,-5.86249862089322,-2.81,0.35852914046303,0.0688377667794955,11.4890241622925,17.0440943120143,0.169751723704406,1.11052460420996,174.786666870117,12.380774700495,24.5689211349568,-174.786666870117,1.02456641197205,10.9066667556763,23.0900001525879,15.5830001831055,38.9599990844727,991.009684244792
2.375,0.268902738798749,-0.0815727519734722,0.508383946344845,6.23801842422931,0.161010886127589,-29.3719797971514,0.0416036372733428,0.517596673179241,0.19424694569334,0.0512605607509613,0.104750409722328,1.63906645774841,0.0603542514145374,0.54854953289032,0.205490306019783,9.8984499963074,-5.61508701549322,2.17976490349256,5.02105758282475,10.408494433507,0.843868433505864,7.00399138768199,-5.86486208093285,-2.81,0.321433102781031,0.0679822095331859,11.4921570207492,16.7959790798238,0.16975188920123,1.11052464796697,174.57568359375,12.6602441816136,25.039059299156,-174.57568359375,1.03734695911407,11.0084400177002,23.0900001525879,15.5830001831055,38.9599990844727,991.0092145771
2.4,0.272879900218573,-0.0839608070371959,0.503296736051959,5.8208855216667,0.0515152023843402,-28.6623918827611,0.0188987199804762,0.225371365213085,0.184003841751837,0.0533093315895247,0.110847340423264,1.64715194171166,0.0131933045450782,0.0541502363896765,0.180500661458782,9.88368788899066,-5.61429569027964,1.80706219828094,4.92397477650305,10.3954474921475,0.402765454942803,7.00431470613242,-5.86678432265324,-2.81,0.301653521325879,0.0658442070587326,11.4961877105929,16.7065813286142,0.169752054698053,1.11052469172398,174.364685058594,12.9397136627322,25.5091974632764,-174.364685058594,1.0501275062561,11.1102123260498,23.4848937988281,15.5671129226685,38.9599990844727,991.008744909408
2.425,0.251028797738864,-0.114720330361865,0.498209562274861,5.34749549798304,0.110770643278839,-27.4591619843976,-0.0252903531296597,-0.2249435268012,0.172744189054184,0.0520756462445652,0.0946211100293014,1.65004993357005,-0.0496289888027973,-0.546350742584208,0.159263474401222,9.83728374160236,-5.59788821145769,1.39948179553219,4.86175446854687,10.3150798229299,0.171828027243844,7.00460631243432,-5.86851120286592,-2.81,0.272587210282391,0.0656328432958967,11.4971046447754,16.5949308796128,0.16975222441585,1.11052473439171,174.188018798828,13.2122260518015,25.9913264362701,-174.188018798828,1.0659716129303,11.2205677032471,24.8299999237061,15.5129995346069,38.9599990844727,991.019850710605
2.45,0.240546775907868,-0.113750874678507,0.493122509565772,4.57892435006311,0.0940329929393979,-24.5189360144212,-0.0784290772731285,-0.899865960639179,0.162313105746127,0.0487343520780793,0.0630781178747017,1.65081257579869,-0.125155768390491,-1.27780789781171,0.137142133186586,9.70607297043645,-5.57569919264467,1.15818515138748,4.828768795993,10.1610479454528,0.271594190373614,7.00489791873621,-5.8702380830786,-2.81,0.24874233362852,0.0659980369360067,11.4971046447754,16.4691800779996,0.169752403343044,1.11052477468282,174.086242675781,13.4695593367469,26.4996171739927,-174.086242675781,1.08850002288818,11.349645614624,24.8299999237061,15.5129995346069,38.9599990844727,991.056212080286
2.475,0.193886954089967,-0.1079642835981,0.488035311525913,3.57387522035509,0.136368845716966,-19.1991817309272,-0.153065454093853,-1.67627636814466,0.153529578314014,0.0443473475190663,0.0153396358056748,1.64999225877064,-0.18493333519711,-2.0463388666196,0.110124280389857,9.61458806968635,-5.53624528942878,0.199039723419538,4.76176843641224,10.0208698271118,-0.194066308373678,7.00518952503811,-5.87196496329128,-2.81,0.174393788792221,0.0679982074240558,11.553659398505,16.2621722083774,0.169752582270238,1.11052481497394,173.984466552734,13.7268926216923,27.0079079116364,-173.984466552734,1.11102843284607,11.478723526001,24.8299999237061,15.5129995346069,38.9599990844727,991.092573449967
2.5,0.13450682398969,-0.101519751310042,0.482948137532247,2.50707307106067,0.214184963403898,-11.675932724464,-0.195612540734417,-2.34976498230027,0.149389331708121,0.0388134295965002,-0.0494641821441316,1.64755647932365,-0.231405833995708,-2.61178393456998,0.0991205992695762,9.5162907757723,-5.50458530612049,-0.692699644264059,4.72514614051396,9.94105601436371,-0.434144663262541,7.00542565520672,-5.87311073140006,-2.81,0.0958580207710645,0.0694872260294778,11.6273202197208,16.1533969526243,0.169752761197432,1.11052485526505,173.882690429688,13.9842259052195,27.5161986494378,-173.882690429688,1.13355672359467,11.6078014373779,22.806360244751,15.5817947387695,38.9599990844727,991.128934819648
2.525,0.0713643999729421,-0.118880919538084,0.477861000233685,1.85662778487652,0.179358896869902,-2.03439390221915,-0.240777236182696,-2.80142814244643,0.144779569731238,0.0306977156767716,-0.122486432609357,1.64461483548624,-0.326559400690085,-2.90223615634625,0.0777297621412646,9.40736423843541,-5.48234813837935,-1.22346804933529,4.72624762380904,9.88233682202293,-0.231342661993811,7.00563512352422,-5.87397721680687,-2.81,0.0363410110718421,0.0700979638832595,11.644775390625,16.1278179903834,0.16975288900257,1.11052488404441,173.809997558594,14.168035394061,27.8792634620291,-173.809997558594,1.14964842796326,11.6999998092651,16.2700004577637,15.8039999008179,38.9599990844727,991.161296438664
2.55,0.0361023766947388,-0.112155622449167,0.472773911046075,1.46514181793401,0.0204745031400829,6.16253776479506,-0.286300173138162,-3.01102479053049,0.148419279840432,0.0224353231569158,-0.197225817038323,1.64194199147799,-0.324166123502221,-3.0227396852986,0.0899560143953149,9.33889587225054,-5.46091529407923,-1.49434008297195,4.73878304665925,9.83634194522141,0.244819563752301,7.00584459184172,-5.87484370221368,-2.81,-0.00821360770969138,0.0706923520908277,11.644775390625,16.1651738334266,0.16975288900257,1.11052488404441,173.809997558594,14.168035394061,27.8792634620291,-173.809997558594,1.14964842796326,11.6999998092651,16.2700004577637,15.8039999008179,38.9599990844727,991.183658681017
2.575,-0.0317165786944755,-0.101142546421067,0.467686712998338,1.84403703024977,0.220988624273219,14.7175175103859,-0.302616063627034,-2.95280552087939,0.136404576924405,0.014278958258937,-0.264138915835391,1.64055020115553,-0.314751227729702,-2.79022406944651,0.0969341973704903,9.33403103633944,-5.44161455968736,-1.74504518149449,4.74181383655539,9.84055918234104,0.677557087854529,7.00605406015921,-5.87571018762049,-2.81,-0.048386091997479,0.0709377828165122,11.5722272435542,16.2570280537502,0.16975288900257,1.11052488404441,173.809997558594,14.168035394061,27.8792634620291,-173.809997558594,1.14964842796326,11.6999998092651,16.2700004577637,15.8039999008179,38.9599990844727,991.206020923371
2.6,-0.228530318727578,-0.0964993444107761,0.462599563366445,1.5608850417509,0.454616285888306,20.6581003440064,-0.325108017881666,-2.66178541464778,0.124483261792311,0.00620405354597973,-0.325039141153632,1.6401426342686,-0.299941677819587,-2.28648663098895,0.0998803301412367,9.38176214849052,-5.41588896551866,-1.98943808326635,4.72966027163094,9.88804066762357,1.07895489025503,7.00626352847671,-5.87657667302731,-2.81,-0.0853786248278134,0.0714291755502407,11.4765543746046,16.3960377050271,0.16975288900257,1.11052488404441,173.809997558594,14.168035394061,27.8792634620291,-173.809997558594,1.14964842796326,11.6999998092651,14.2440891265869,15.8627605438232,38.9599990844727,991.228383165725
2.625,-0.237667563654984,-0.0915375572830575,0.458170259048721,0.693009196992681,0.248938706462197,23.872576753766,-0.265336173113677,-2.09744010297007,0.120656953916677,-0.00193675454703611,-0.378695543502957,1.64025525961619,-0.305272802341837,-1.70373042261409,0.104556788115781,9.50108822228518,-5.42104360480353,-2.07411352296646,4.7463344409779,9.94423790993777,1.59523661063907,7.00638634716331,-5.87709794279142,-2.81,-0.10892780329349,0.0700318818860747,11.4529762268066,16.5779556151903,0.169752938243136,1.11052489384796,173.810638427734,14.2306492069042,28.0191445104317,-173.810638427734,1.15001606941223,11.7300004959106,8.02999973297119,16.0429992675781,38.9599990844727,991.247067715259
2.65,-0.26363569986947,-0.0748854153081383,0.460493469363631,0.0875123537011883,0.247059831395427,23.9361456706975,-0.296244674792587,-1.17076194603179,0.118963070745805,-0.00975454171909496,-0.399435955717002,1.64281284597901,-0.273679097633177,-0.797453941740614,0.116503958107562,9.75924687632799,-5.43500264918994,-1.6072337295825,4.74586308903949,9.96271699672289,2.36355817246547,7.0064950036005,-5.87756278957966,-2.81,-0.0853507107461534,0.0671875656608823,11.4529762268066,16.8163796497748,0.169753129734225,1.11052493197289,173.813110351562,14.4741473690641,28.563126365278,-173.813110351562,1.15144562721252,11.8466663360596,8.02999973297119,16.0429992675781,38.9599990844727,991.255127818872
2.675,-0.263646809520521,-0.0679059518676123,0.464378162250275,-0.148471534116709,0.444729691718914,20.0932849601636,-0.183253899556682,-0.33751580937713,0.108831632085646,-0.0164169012019587,-0.400807756737417,1.64607378748878,-0.195457354066011,0.0944109180949792,0.102851479610828,10.0458687921181,-5.50583203784655,-0.90839385345411,4.78473462710226,9.95684389671863,3.16645223791684,7.00660366003769,-5.8780276363679,-2.81,-0.0414554921458166,0.0607521975464208,11.2615431882529,17.070379018082,0.169753321225314,1.11052497009781,173.815612792969,14.7176455312239,29.1071082201243,-173.815612792969,1.1528754234314,11.9633331298828,7.2660756111145,16.0503349304199,38.9599990844727,991.263187922484
2.7,-0.263651919366474,-0.0646957715615024,0.468262910728546,-0.490973944103588,0.399949942490543,15.2221061840602,-0.235813770158919,0.225625694931944,0.0960150492280437,-0.0169101556660424,-0.4002317096197,1.64631496291396,-0.197493199555625,0.129083246921777,0.103470335968402,10.2843367129396,-5.53285541946031,-0.439075736156665,4.7989445336385,9.99673160740096,3.68894927486172,7.00671231647487,-5.87849248315614,-2.81,-0.0133451807947421,0.0583014214744131,11.005895269678,17.2954710888591,0.169753512716402,1.11052500822273,173.818084716797,14.9611436919656,29.6510900749706,-173.818084716797,1.15430510044098,12.0799999237061,5.01000022888184,16.07200050354,38.9599990844727,991.271248026097
2.725,-0.263696876234716,-0.0364523265737882,0.472147603328677,-0.865326909961363,0.460756547125856,9.33595750853963,-0.122767401941511,0.663596767169411,0.0851921803080506,-0.0244946725428175,-0.377481580746141,1.65074581538187,-0.163425176232088,0.702990301379976,0.105683217837308,10.4243604871737,-5.5736265900381,-0.249971817223606,4.78300068224166,10.1466361453293,3.7368128464118,7.0066604766194,-5.87818698200272,-2.81,0.00893784656974005,0.0534959893146815,10.940468788147,17.4528042901234,0.1697536604381,1.11052503763339,173.820007324219,15.1489851304952,30.0707332201783,-173.820007324219,1.15540790557861,12.1700000762939,5.01000022888184,16.07200050354,38.9594306945801,991.2760182915
2.75,-0.249484869430861,-0.030121815089128,0.470834055760424,-1.05001346668789,0.138656414849354,3.84647747993914,-0.0983048544494067,1.10538116727944,0.0727909370689619,-0.0297025787657054,-0.337554281314484,1.65456507261014,-0.0970341357037248,1.29539472396993,0.0912784271992123,10.6257811762296,-5.63341798964943,0.571980339564407,4.77584403690876,10.2168134702818,4.21637541125792,7.00660820981494,-5.87787943158532,-2.81,0.0725610539774773,0.0473881444453997,10.940468788147,17.7026947050573,0.1697536604381,1.11052503763339,173.820007324219,15.1489851304952,30.0707332201783,-173.820007324219,1.15540790557861,12.1700000762939,5.01000022888184,16.07200050354,38.9569511413574,991.269685352948
2.775,-0.214674101572398,-0.0252506437096434,0.468059222550979,-0.942359955630324,0.77405584225229,-0.796513166966776,-0.06728173798464,1.51494200839678,0.0509106510766467,-0.0286011313189725,-0.298676325387887,1.65727256883482,0.0470130243414432,1.65936322346002,0.102861080399721,10.7713891179811,-5.70027505938908,1.3699530461153,4.78744565034378,10.295543414004,4.63409976021002,7.00655594301049,-5.87757188116792,-2.81,0.130864299485657,0.0416678696954891,10.9893244276655,17.9418151278487,0.1697536604381,1.11052503763339,173.820007324219,15.1489851304952,30.0707332201783,-173.820007324219,1.15540790557861,12.1700000762939,5.01000022888184,16.07200050354,38.9544677734375,991.263352414395
2.8,-0.178650267061893,-0.031808462364586,0.465284415572229,-0.842838291459246,0.722155920400745,-7.78198769298551,0.0497887088248359,1.91502003332189,0.0487846967226144,-0.0258298861783103,-0.245097216380227,1.65982720657378,0.219067574821517,2.07571938531363,0.0909338106913405,10.8311448180504,-5.73790669865943,1.93582865069761,4.77417296987682,10.4678567579579,4.64929578167861,7.00650367620603,-5.87726433075051,-2.81,0.18098811756313,0.0379166105108057,11.0554048118862,18.1048992636118,0.1697536604381,1.11052503763339,173.820007324219,15.1489851304952,30.0707332201783,-173.820007324219,1.15540790557861,12.1700000762939,4.78229331970215,16.0968894958496,38.9519882202148,991.257019475842
2.825,-0.139904796618932,-0.0264765636361648,0.4625095690451,0.120096854820012,0.664057938737958,-14.5246732521902,0.171306852535199,2.22614594717574,0.050510666570368,-0.0205324249498409,-0.187729677677089,1.66292945696158,0.252076584195893,2.17516648334622,0.0969849195669529,10.882873557258,-5.78433262503247,2.1302913837306,4.76997990940886,10.7564854172892,4.24015274387112,7.00645766196858,-5.87699142289451,-2.81,0.21099425842482,0.033986614062972,11.0729427337646,18.2038193311881,0.169753696570129,1.11052504551831,173.790222167969,15.1993449773211,30.1733759502511,-173.790222167969,1.15098893642426,12.1029787063599,4.15000009536743,16.1660003662109,38.9500007629395,991.25177737838
2.85,-0.139903275653484,-0.0274320862436494,0.459734748994426,1.47139827471594,0.541649619988214,-21.5471284063104,0.236341441185245,2.35236977493616,0.0552869264452815,-0.0152349637213713,-0.130362138973951,1.66603170734938,0.28508559357027,2.27461358137881,0.103036028442565,10.8876142024354,-5.81640889088838,2.32450088445552,4.75741939244934,10.9837411120228,3.80768324277658,7.00674513460356,-5.8785662104637,-2.81,0.241357713875737,0.0311937107144361,11.0729427337646,18.253509416932,0.169753877230273,1.11052508494295,173.64128112793,15.4511442128686,30.686589600694,-173.64128112793,1.12889385223389,11.7678728103638,4.15000009536743,16.1660003662109,38.9500007629395,991.250898645279
2.875,-0.061327399174856,-0.038507703891969,0.458692919560915,3.09992059053681,0.292711787009524,-26.8060123977952,0.27734359068049,2.23321690372044,0.0503745203446102,-0.00756758614695556,-0.0788718599541322,1.66920749866624,0.316709356609804,2.09038230768886,0.0898132432539629,10.7320262864146,-5.82832330138661,2.70092543191256,4.74969689369227,11.0022910250292,3.58199811908715,7.00703260723854,-5.88014099803289,-2.81,0.280566354744024,0.0302139463786335,11.1819178849529,18.1925730860529,0.169754057890418,1.11052512436759,173.492340087891,15.7029434484162,31.1998032511369,-173.492340087891,1.10679864883423,11.4327659606934,4.18262386322021,16.1627368927002,38.9500007629395,991.250019912179
2.9,-0.0351046342977906,-0.0434771418239993,0.465620417148442,4.40778235985402,0.364929171452467,-31.3927364790959,0.32153880790511,1.86529518872637,0.031373927346342,0.00184797495603561,-0.0321544334292412,1.67241930961609,0.347087264060974,1.69234251976013,0.0620680935680866,10.4408611903821,-5.83015827206355,3.2223602919767,4.75780945224736,10.8709716792647,3.54558284209763,7.00732007987352,-5.88171578560207,-2.81,0.327609189286393,0.0304121202993278,11.3312279946979,18.0584126827934,0.169754238550563,1.11052516379222,173.343414306641,15.9547426839637,31.7130169015009,-173.343414306641,1.08470344543457,11.0976591110229,4.26999998092651,16.1539993286133,38.9500007629395,991.249141179078
2.925,0.00285299932285065,-0.0646297456147616,0.474118279398695,5.02106667885168,0.328789069469158,-33.4306676793673,0.29567279310723,1.3943446689158,0.00388099139358703,0.00614645146284817,-0.0181148085628059,1.67293824763081,0.337721387715743,1.41519462304492,0.033368533059927,10.2285534956745,-5.74864448079485,3.14380943490011,4.70076110438449,10.705677816635,3.2931846697885,7.00758765200364,-5.8829505139411,-2.81,0.331343118455811,0.0358541400404335,11.3722705841064,17.8256248621005,0.169754388240398,1.11052519645835,173.220001220703,16.1633763359098,32.1382510689904,-173.220001220703,1.06639611721039,10.8199996948242,4.26999998092651,16.1539993286133,38.9500007629395,991.249519510472
2.95,0.00841155016595072,-0.0850956459452142,0.482607856282511,5.14833325894938,0.343864277260346,-33.008678678519,0.340529791454517,0.898614523773111,-0.025558589766902,0.0190158182759375,0.0152495772278586,1.67382497985181,0.361208688099698,0.624558656049323,-0.0249119086801829,10.1248874306128,-5.68766432641675,2.8518495788043,4.66493052735969,10.7020630970722,2.58847167917532,7.0078534602403,-5.8841551009217,-2.81,0.326527811817261,0.0416070511546695,11.3722705841064,17.5993016467058,0.169754388240398,1.11052519645835,173.220001220703,16.1633763359098,32.1382510689904,-173.220001220703,1.06639611721039,10.8199996948242,4.26999998092651,16.1539993286133,38.9500007629395,991.25597365359
2.975,0.013070043589538,-0.0979668738904858,0.485291141631965,4.74690181403364,0.372737575535946,-30.9671246969566,0.310095421995551,0.440183038021911,-0.0533592861086915,0.0229702641045641,0.0198114869106715,1.67297644388788,0.348114563799474,0.367688040031122,-0.0461365751531847,10.0758611288232,-5.58809471064845,2.3892154708937,4.57994384946902,10.6413283740213,2.0601881760714,7.00811926847696,-5.8853596879023,-2.81,0.302764942503987,0.0488128479076288,11.4171227304084,17.3996030711033,0.169754388240398,1.11052519645835,173.220001220703,16.1633763359098,32.1382510689904,-173.220001220703,1.06639611721039,10.8199996948242,4.26999998092651,16.1539993286133,38.9500007629395,991.262427796709
3,0.0125913486321496,-0.100054858904416,0.485695800589615,4.18973304058962,0.278831335621304,-28.407804333564,0.314288757226869,0.0495112628377743,-0.0896008857695449,0.0259961170594333,0.0220844728284051,1.6714392306567,0.274173731590599,0.13994392336885,-0.0876101996766646,9.99173712292106,-5.58587691435927,2.39553889055298,4.60903897326709,10.5554738040086,2.02834186661789,7.00838507671362,-5.88656427488291,-2.81,0.30454406940296,0.0503056293217608,11.4793845913934,17.3062714046126,0.169754388240398,1.11052519645835,173.220001220703,16.1633763359098,32.1382510689904,-173.220001220703,1.06639611721039,10.8199996948242,5.0473051071167,16.1236457824707,38.9500007629395,991.268881939827
3.025,-0.000175672388849149,-0.1360280984068,0.48610045951994,3.47978983362691,-0.127174166705041,-25.1120040388022,0.229519007754789,-0.290965862824395,-0.121379894389866,0.0360229659380766,0.0109852502600758,1.66732358649841,0.22061452323332,-0.306702780364251,-0.127713451392639,10.0053481703746,-5.45710662454418,1.92537224264234,4.53113842096228,10.5093439844878,1.6175712103615,7.00874922739992,-5.88816521630955,-2.81,0.270278954225982,0.061278352021384,11.4970893859863,17.1645055309272,0.169754413739534,1.11052520178098,173.194808959961,16.1973712099719,32.2106882132586,-173.194808959961,1.0709513425827,10.8519144058228,7.01000022888184,16.0470008850098,38.9500007629395,991.277480970883
3.05,-0.0186858789302489,-0.144125284121566,0.486505118485345,2.48074574628495,-0.262754801256085,-21.0235575832769,0.0879973033135652,-0.610115222546192,-0.136502562348389,0.0367103873010872,-0.0142132969297006,1.6598411933983,-0.000107123194083555,-0.823766956413251,-0.153812194441939,10.0722438027456,-5.30392644253646,1.23357399016487,4.43015467327093,10.4920018615102,1.18112752400369,7.00911683222064,-5.88978007910528,-2.81,0.219991240850025,0.0732931421796344,11.4970893859863,17.0570491082142,0.16975459223349,1.11052523903943,173.018585205078,16.4353353213158,32.717748222742,-173.018585205078,1.10283756256104,11.0753192901611,7.01000022888184,16.0470008850098,38.9500007629395,991.298949329566
3.075,-0.0449467162656948,-0.140761204813591,0.48690978609765,1.95525013880959,-0.303733452180038,-16.9429806712121,-0.0837062349928781,-0.902238336820656,-0.141050824073487,0.0324312607359568,-0.0348852344882078,1.65540252073505,-0.114904837668822,-1.00897217372564,-0.154497315664448,10.0684256685195,-5.20445082175238,0.85219071852518,4.36233708098296,10.4444786367204,1.03373788662978,7.00948443704136,-5.89139494190101,-2.81,0.191509904264199,0.0802797903073351,11.5355454573395,16.9894813235279,0.169754770727447,1.11052527629788,172.842346191406,16.6732994340778,33.2248082323041,-172.842346191406,1.13472390174866,11.2987232208252,7.01000022888184,16.0470008850098,38.9500007629395,991.320417688248
3.1,-0.049567585416157,-0.139320498348004,0.487314442131608,1.04046274347925,-0.283289707143416,-11.9851665506335,-0.228463820601081,-1.11160958924494,-0.143204575640522,0.0284252647549096,-0.0547647874245985,1.65131887685716,-0.21636580896363,-1.13307727185498,-0.156913907260045,10.0388729739396,-5.1487277281598,0.674472795650528,4.34513136408037,10.3780584624708,1.07657667451614,7.00978481599021,-5.89250085700035,-2.81,0.175186141598776,0.0846075642987624,11.5896403310429,16.9392135836967,0.169754949221403,1.11052531355633,172.666091918945,16.9112635454216,33.7318682417875,-172.666091918945,1.16661024093628,11.5221281051636,8.13567352294922,16.0358619689941,38.9500007629395,991.34188604693
3.125,-0.0886209496514499,-0.130644106728951,0.487719101097941,0.515750481014514,-0.303708357425517,-7.4558811279719,-0.344701603044976,-1.11946465749115,-0.129331020584718,0.0235137549863367,-0.0764563500070446,1.64721462457821,-0.320979038928164,-1.17581479413155,-0.147173348259921,10.093858914422,-5.06709024951837,0.286065526554825,4.29023094596777,10.409539625805,0.937351628557107,7.01004577783173,-5.89330835654309,-2.81,0.14529230436432,0.0901126423323006,11.6055355072021,16.947651438569,0.16975510731605,1.11052534655666,172.509994506836,17.1220317592176,34.1809785359035,-172.509994506836,1.19485235214233,11.7200002670288,10.8500003814697,16.0090007781982,38.9500007629395,991.36302888478
3.15,-0.099086666365348,-0.143050234193603,0.488123761972655,-0.115297209781898,-0.208168388141646,-3.54057694277255,-0.452757939601972,-0.984554744032622,-0.11272792657864,0.013674740869803,-0.101075855933603,1.64292687842835,-0.444697898441412,-1.06555558570812,-0.126677092205788,10.2168836140864,-4.9693957915359,-0.215715628941824,4.21845319307227,10.5247425939998,0.748721935832399,7.01030673967326,-5.89411585608582,-2.81,0.109094193361179,0.0956633679289293,11.6055355072021,17.0304979623671,0.16975510731605,1.11052534655666,172.509994506836,17.1220317592176,34.1809785359035,-172.509994506836,1.19485235214233,11.7200002670288,10.8500003814697,16.0090007781982,38.9500007629395,991.38164893617
3.175,-0.120870397169866,-0.122246801527411,0.488528423788726,-0.319333535049563,-0.20889848349119,-1.29481750476602,-0.481375563459154,-0.746478776449863,-0.097595833966658,0.000910863246492597,-0.125310066544077,1.63900139218903,-0.486278851564591,-0.81900608927921,-0.104685374348747,10.314569129294,-4.91432652108888,-0.430306334306879,4.20135531993357,10.5990073068839,0.857766054641128,7.01056770151478,-5.89492335562855,-2.81,0.0914613155977556,0.098238791161702,11.6095632774046,17.1287457432287,0.16975510731605,1.11052534655666,172.509994506836,17.1220317592176,34.1809785359035,-172.509994506836,1.19485235214233,11.7200002670288,10.8500003814697,16.0090007781982,38.9500007629395,991.400268987561
3.2,-0.127720803696147,-0.102995754816406,0.489104197932358,-0.498617562420655,-0.249092291758879,-0.244514550647288,-0.536553335891046,-0.470216008723264,-0.0795730780935338,-0.0212587857252862,-0.144031923961831,1.63521637442333,-0.552495666121852,-0.346623839767212,-0.0734948367816297,10.4377278955915,-4.84966011938967,-0.496114052681226,4.18042441219107,10.6773093264403,1.109330127033,7.01077087963809,-5.89560654143423,-2.81,0.0883582609904181,0.100131906602584,11.6153055714095,17.2636482278256,0.16975510731605,1.11052534655666,172.509994506836,17.1220317592176,34.1809785359035,-172.509994506836,1.19485235214233,11.7200002670288,10.0360050201416,16.0268535614014,38.9500007629395,991.418889038952
3.225,-0.128363650124015,-0.0972908415309579,0.490558802103508,-0.61541299442896,-0.192513712039119,-0.795194908804817,-0.580263398365101,-0.196799908752941,-0.0720069526229045,-0.0297743532614628,-0.144306474383639,1.63429710335545,-0.60085748274799,-0.189141608988742,-0.0685530183166502,10.5262552965988,-4.83347421998607,-0.478630741362375,4.17172847035421,10.7513503562102,1.1826910326353,7.01095079983956,-5.89623969101396,-2.81,0.0921149420626645,0.0998897540487674,11.6170473098755,17.3535304620925,0.169755123840975,1.1105253494903,172.503616333008,17.140768469261,34.2279220250045,-172.503616333008,1.19461476802826,11.7263832092285,8.15999984741211,16.068000793457,38.9497871398926,991.435519603973
3.25,-0.126159411706927,-0.0893770814168737,0.492426483898449,-0.669403499467325,-0.352405558350301,-2.67697245344308,-0.609220276340283,0.125091319176741,-0.0563598798941422,-0.0473383865463557,-0.138554386029449,1.63291807353582,-0.655210114913665,0.161237326902019,-0.0500925392599713,10.6302731754822,-4.81477844020437,-0.439112233067939,4.16541741178718,10.837011800512,1.25940136096753,7.01113072004103,-5.89687284059368,-2.81,0.102807912518578,0.0986366479361826,11.6170473098755,17.4551140601043,0.169755316631778,1.11052538371609,172.429153442383,17.3593634084214,34.7755960644107,-172.429153442383,1.19184195995331,11.8008508682251,8.15999984741211,16.068000793457,38.9473037719727,991.430928981051
3.275,-0.110190035927809,-0.0610041825107347,0.494294125714571,-0.446285705388266,-0.157158952740698,-5.43315303369732,-0.648509139047169,0.436827132863982,-0.0420054884690337,-0.0667346789323334,-0.12458137007516,1.63151309852454,-0.59425919860411,0.568686855108882,-0.0195042486174683,10.7508546214146,-4.80199375177962,-0.241357841212409,4.1518396427338,10.9297383626566,1.41468003284601,7.0113106402425,-5.89750599017341,-2.81,0.126083915357792,0.096268600048634,11.666747151819,17.5835334411309,0.16975550942258,1.11052541794187,172.354675292969,17.5779583490001,35.323270103817,-172.354675292969,1.18906927108765,11.875319480896,8.15999984741211,16.068000793457,38.94482421875,991.426338358128
3.3,-0.0935328141666991,-0.0459235578657646,0.49616178530685,-0.0502831537400577,-0.208087197308013,-9.22290016195324,-0.615915605597853,0.690880478607618,-0.0241237442265886,-0.0838832281414975,-0.103049939438167,1.63098888158914,-0.659985556749861,0.822331793351993,0.00867177237282985,10.84796174115,-4.84698831304246,-0.0421459940760869,4.17786599175486,11.0242488692341,1.47807934603327,7.01149056044396,-5.89813913975313,-2.81,0.151199273102695,0.0902417894697028,11.7385736357236,17.6857080322183,0.169755702213382,1.11052545216765,172.280227661133,17.7965532895787,35.8709441431444,-172.280227661133,1.18629658222198,11.9497871398926,8.09446716308594,16.0601978302002,38.9423408508301,991.421747735206
3.325,-0.0757739078147755,-0.0294389028185727,0.49802944489913,0.398549727513841,-0.195844657389053,-12.3441976230148,-0.622762276338164,0.817835383299378,0.00133740472444634,-0.097843186364816,-0.0843545819430697,1.63053188580445,-0.599324203606139,0.783667952329202,0.0222858228671003,10.879751553379,-4.84416900934355,-0.0254753285850835,4.1699261091626,11.0720250201451,1.36293596478621,7.01169981619752,-5.89889366983708,-2.81,0.164111030019035,0.0876223656139195,11.761040687561,17.7059637848435,0.169755883987567,1.11052548443768,172.210006713867,18.0026570901284,36.3873225231763,-172.210006713867,1.18368232250214,12.0200004577637,7.94999980926514,16.0429992675781,38.939998626709,991.417202996869
3.35,-0.0757739078147755,-0.0294389028185727,0.499897104472843,0.851079846085606,-0.0288288168504309,-14.3756716138495,-0.624317044381991,0.796386974499503,0.0153357760592223,-0.111803144588135,-0.0656592244479719,1.63007489001975,-0.538662850462417,0.745004111306411,0.0358998733613711,10.8773062316391,-4.84353238963998,0.00364856109191375,4.16352098173267,11.0843057481998,1.25653065758089,7.01197126442484,-5.89990553115515,-2.81,0.177947610415704,0.0847799826162559,11.761040687561,17.6950211467459,0.169755883987567,1.11052548443768,172.210006713867,18.0026570901284,36.3873225231763,-172.210006713867,1.18368232250214,12.0200004577637,7.94999980926514,16.0429992675781,38.939998626709,991.413415354194
3.375,-0.0531085500220499,-0.00393077492424842,0.501764755238548,1.2901331488713,0.0693207563124841,-15.6744225472942,-0.525165955496115,0.717985834521405,0.0275377998036223,-0.123031067432668,-0.0500538065764742,1.62994010655985,-0.497080664917033,0.691232937366284,0.0522970252896299,10.8721287476208,-4.89628518073509,0.053090929258863,4.20436865464653,11.0937268523375,1.1967119387094,7.01224271265216,-5.90091739247322,-2.81,0.190695179003127,0.0791853710192481,11.8315398642357,17.6849040227278,0.169755883987567,1.11052548443768,172.210006713867,18.0026570901284,36.3873225231763,-172.210006713867,1.18368232250214,12.0200004577637,9.0031909942627,16.021936416626,38.939998626709,991.409627711519
3.4,-0.04598055549,0.00417095351036016,0.503632423601841,1.68344521193668,-0.0443067374952809,-16.9603934893473,-0.478023111584083,0.630517855842737,0.0534400715840374,-0.13215184470809,-0.0368315762131796,1.63005383681899,-0.470213729320221,0.625809882976496,0.0708407086649382,10.8697874080877,-4.95666436992933,0.0831699565680553,4.25218252071669,11.1066501373507,1.13533420270139,7.01251416087947,-5.90192925379129,-2.81,0.2006070215625,0.0734159139993715,11.9348407411688,17.6770151790247,0.169755883987567,1.11052548443768,172.210006713867,18.0026570901284,36.3873225231763,-172.210006713867,1.18368232250214,12.0200004577637,11.25,15.9770002365112,38.939998626709,991.405840068844
3.425,-0.0301429560724566,0.022551297425057,0.505500065456858,1.84415697767471,0.488490532452993,-17.7000511507364,-0.296374404298207,0.520291691570214,0.0774600525579279,-0.138928264947898,-0.0224283906166581,1.63102497086989,-0.28518342520938,0.494103622022673,0.0884482274822841,10.8724900643319,-5.05201811102938,0.076484451711775,4.33046902894604,11.1332142770932,1.01899701382515,7.01277902854626,-5.90293398525272,-2.81,0.207908625718624,0.0656697852437179,11.968132019043,17.6659659425255,0.169755889557766,1.11052548545269,172.208160400391,18.0091398327363,36.4031461712003,-172.208160400391,1.18369853496552,12.0199298858643,11.25,15.9770002365112,38.939998626709,991.402174063608
3.45,-0.0266541004889473,0.0222286219977031,0.507367742860527,1.97116584812453,0.0593008462780941,-18.0546281119338,-0.128655997852081,0.375430412718602,0.0920116945736729,-0.14147025346756,-0.0139203649014235,1.63199043273926,-0.103852301836014,0.388353735208511,0.0976502075791359,10.8932491416497,-5.16768143143446,-0.0666349670053224,4.45029881132737,11.1760506252389,0.814236679146235,7.01304317033221,-5.9039379302422,-2.81,0.203699982349434,0.0578931512162701,11.968132019043,17.6473442537807,0.169756084514757,1.11052552097819,172.143630981445,18.2360358481208,36.9569738514872,-172.143630981445,1.18426167964935,12.0174474716187,11.25,15.9770002365112,38.939998626709,991.4026437313
3.475,-0.0226860758812384,0.0242825010461823,0.511552450579409,2.20878212018171,0.233377470075643,-17.563019336117,-0.0746436810690384,0.20722775623628,0.105115389057773,-0.143701373253931,-0.00808849601322033,1.63525736850068,-0.00230221066160658,0.109040509061059,0.105634063614684,10.8867361906393,-5.23101034396475,-0.22301202147808,4.49722496994606,11.1950521242019,0.61644462124385,7.01330731211817,-5.90494187523167,-2.81,0.197629777917918,0.0524680743956409,12.0553253796084,17.6204707052822,0.169756279471748,1.11052555650368,172.079071044922,18.462931860669,37.5108015317742,-172.079071044922,1.18482482433319,12.014965057373,12.9850358963013,15.9165372848511,38.939998626709,991.403113398992
3.5,-0.0250617980975652,0.0225450565988998,0.519766611901433,2.26204893963076,0.123485235654452,-16.6210437241193,0.0828987742648546,0.0304943763346747,0.10132493909866,-0.140744392414644,-0.0096742987352213,1.63784067814488,0.124363262045822,-0.0704345713928994,0.0920323766024225,10.8770831520247,-5.31467514344086,-0.368593618136605,4.57347097265232,11.2044602433688,0.485803405478273,7.01357144815186,-5.90594584494788,-2.81,0.187653499477944,0.0475689723105087,12.1848873449556,17.594954018843,0.169756474428739,1.11052559202918,172.014541625977,18.6898278760534,38.0646292119823,-172.014541625977,1.18538796901703,12.0124816894531,16.5300006866455,15.7930002212524,38.939998626709,991.403583066683
3.525,-0.0314087419752986,0.0200136618219529,0.51910284769569,1.96868382175575,0.0960145906197718,-15.1513463674538,0.103035649325112,-0.143209499589959,0.0963740676638242,-0.138848393935522,-0.012075879766115,1.63916153721023,0.125447660185435,-0.151216061430382,0.0895493040458122,10.8582727851927,-5.34842553269612,-0.441409262531617,4.60408247464031,11.1944854232303,0.434173201954886,7.0138306050778,-5.90697121792001,-2.81,0.182030216708216,0.0457586263225867,12.2278699874878,17.5724604158203,0.16975666938573,1.11052562755467,171.949996948242,18.9167238900198,38.618456892348,-171.949996948242,1.18595123291016,12.0100002288818,16.5300006866455,15.7930002212524,38.939998626709,991.404052734375
3.55,-0.036772245402943,0.0152830520977101,0.517646058412667,1.8319040996515,0.257975926078532,-13.361439923044,0.220044333755381,-0.252047158575876,0.0852387688082629,-0.131244953601389,-0.0216793310036617,1.64297620444444,0.234372149687695,-0.298422123349214,0.0743118260934704,10.8885973134863,-5.43243179851743,-0.638998108609036,4.67014513971805,11.2504523128376,0.313452411293733,7.01408976200373,-5.90799659089214,-2.81,0.163878977315088,0.0415709253665331,12.2278699874878,17.5972270582573,0.16975666938573,1.11052562755467,171.949996948242,18.9167238900198,38.618456892348,-171.949996948242,1.18595123291016,12.0100002288818,16.5300006866455,15.7930002212524,38.9375152587891,991.40523447889
3.575,-0.0455106828274005,0.00623052049730884,0.516189279525351,1.59041183925421,-0.0377973725763678,-11.5519790844388,0.266872787139807,-0.294142058519037,0.0700986268079688,-0.126392486329502,-0.0280696424039182,1.64490243414715,0.253418757842628,-0.315671743975821,0.0610684377446995,10.8981104864483,-5.47381614969672,-0.725840188172942,4.69987188546627,11.2735725515609,0.275836145524491,7.01434891892966,-5.90902196386427,-2.81,0.154552742092245,0.0397648837685433,12.2928059647833,17.6102453968414,0.16975666938573,1.11052562755467,171.949996948242,18.9167238900198,38.618456892348,-171.949996948242,1.18595123291016,12.0100002288818,16.5300006866455,15.7930002212524,38.9350357055664,991.406416223404
3.6,-0.0516889669671345,-0.000266563169882956,0.514732493739515,1.45520515267806,0.159098882389236,-10.143237288192,0.278982794177395,-0.274872984162582,0.056720153765299,-0.121188314251592,-0.0336232489359925,1.6462014993968,0.268258445962433,-0.301682201854701,0.0503701538332102,10.9285559301459,-5.49987255397786,-0.782524748996108,4.71524588307154,11.3135064059153,0.25555210155164,7.01460798235997,-5.91005338610821,-2.81,0.147016955813829,0.0390087855588722,12.3906737591358,17.6447070721047,0.16975666938573,1.11052562755467,171.949996948242,18.9167238900198,38.618456892348,-171.949996948242,1.18595123291016,12.0100002288818,17.054256439209,15.7804050445557,38.9325523376465,991.407597967919
3.625,-0.0537472117350771,-0.00359380867536197,0.513275718349385,1.32099720522297,0.124259401369206,-9.08917952535563,0.324022038825092,-0.240396807307385,0.0459933709583569,-0.114102607169733,-0.0398498811583291,1.64742597094636,0.310036476458399,-0.267741740920207,0.0378078693924926,10.9775566846917,-5.53856503222559,-0.814514885258356,4.73860561725939,11.3720929519824,0.258856283813538,7.01486568847242,-5.91117262833829,-2.81,0.139831621852581,0.0378687659171812,12.4240694046021,17.7005793103615,0.16975666938573,1.11052562755467,171.949996948242,18.9167238900198,38.618456892348,-171.949996948242,1.18595123291016,12.0100002288818,18.0699996948242,15.7559995651245,38.9300689697266,991.408779712434
3.65,-0.0608715866354812,-0.01707613182465,0.511818970711666,1.17852902932569,0.0527181042070554,-8.24070921589683,0.316459179463545,-0.197132617817181,0.0341555909837944,-0.103102770233224,-0.0474325658197191,1.64900586608928,0.317461806625242,-0.19530872460299,0.0299925071753066,11.0370172673142,-5.59163961801771,-0.866328675324632,4.77142342563146,11.4459541705712,0.237404231187525,7.01512339458487,-5.91229187056836,-2.81,0.129572435789128,0.0364814796699706,12.4240694046021,17.7659665575414,0.169756863401976,1.11052566290688,171.911407470703,19.1425130938229,39.1696121343101,-171.911407470703,1.18245804309845,12.1595039367676,18.0699996948242,15.7559995651245,38.9300003051758,991.404795545213
3.675,-0.0618199438964131,-0.0205723377012589,0.510362181462019,1.10912380541526,0.117095936429039,-7.62808550894464,0.320040127682436,-0.128044131526953,0.0274003808018346,-0.0985363520431838,-0.049574418245564,1.6495458963257,0.318332795184259,-0.155210375804854,0.0289312967512541,11.0728227775961,-5.61194915594712,-0.853944570757467,4.77999761109928,11.4856015483931,0.251353998073165,7.01538110069732,-5.91341111279844,-2.81,0.127529012493294,0.0359570234973917,12.4715951080863,17.8071465774669,0.169757063124582,1.11052569929885,171.871704101562,19.374943157187,39.7369778245188,-171.871704101562,1.17886233329773,12.313404083252,18.0699996948242,15.7559995651245,38.9300003051758,991.400659439411
3.7,-0.0617997459833176,-0.0332613587492497,0.509157310049431,0.977260050920917,0.0828492927246975,-7.52101059008142,0.313441341420675,-0.0350968650876112,0.0237952165505599,-0.0865904778123569,-0.0516986757238279,1.65064894799622,0.299059401232442,-0.0166128589192583,0.0176494408343055,11.1410983772105,-5.65610540562553,-0.761137669099888,4.7939507976716,11.5593576513648,0.306950157010998,7.01553840561764,-5.91411237539877,-2.81,0.127113740238961,0.0350615624772889,12.5442612199355,17.8877886994809,0.169757262847189,1.11052573569082,171.831985473633,19.6073732205512,40.3043435148063,-171.831985473633,1.17526638507843,12.4673051834106,17.4052238464355,15.7724447250366,38.9300003051758,991.39652333361
3.725,-0.0617837126977575,-0.0443774658891962,0.508602212358364,0.949680266508601,0.0684596560877068,-7.63509324312324,0.306754586743216,0.0560811211864414,0.0175049943286052,-0.0792159065779664,-0.0495943281480361,1.65077485401158,0.287261094276926,0.0822906472500244,0.0126956581253374,11.2000681698142,-5.67356840975165,-0.680861127646733,4.79678365344564,11.6180560859706,0.325755658486897,7.01564732491021,-5.91461220406845,-2.81,0.129354316876624,0.035102133183022,12.5697460174561,17.9485591876011,0.169757462569795,1.11052577208279,171.792266845703,19.8398032839154,40.8717092050939,-171.792266845703,1.17167043685913,12.621205329895,16.1700000762939,15.8030004501343,38.9300003051758,991.392387227809
3.75,-0.0598697227640784,-0.0491465093752157,0.508228681331005,0.957588082397417,0.0825343204176602,-8.17386182583138,0.260565413541488,0.146325487748256,0.0147220567699877,-0.0728980026058442,-0.0457057179315472,1.65072842455851,0.261509988437866,0.166941138239696,0.0125440941273238,11.2417974596624,-5.67569968848091,-0.648721459930842,4.7921110493307,11.6605978243332,0.280261807079803,7.01575624420278,-5.91511203273813,-2.81,0.130105407745518,0.035878155909361,12.5697460174561,17.9833226342889,0.169757473982515,1.11052577416233,171.789993286133,19.8530850016193,40.904130101666,-171.789993286133,1.17146503925323,12.6300001144409,16.1700000762939,15.8030004501343,38.9300003051758,991.398793321975
3.775,-0.0541471115805999,-0.05676958781538,0.507855152071567,0.949055855731513,0.0874500204114012,-8.94625021931738,0.23995752724116,0.214494705121627,0.00711243347714804,-0.0666176694597894,-0.0398059516659562,1.65080184918855,0.223585445666386,0.245425537209834,0.0132583237303054,11.3259079255275,-5.70893395149959,-0.490035364483112,4.8057682479423,11.7429107661585,0.341892005852465,7.01586516349535,-5.91561186140782,-2.81,0.138250058479759,0.0347238174422834,12.6273979971595,18.0732502052333,0.169757473982515,1.11052577416233,171.789993286133,19.8530850016193,40.904130101666,-171.789993286133,1.17146503925323,12.6300001144409,16.1700000762939,15.8030004501343,38.9300003051758,991.40583833735
3.8,-0.0471531925516877,-0.0631318409963087,0.507481619275006,0.99525741332472,0.0505541380828046,-9.86623905142116,0.200705094253214,0.275529786521255,0.00540508976182913,-0.0630246037164133,-0.0328615165044688,1.6508381438006,0.160286270355766,0.281794406673175,0.00682979200554714,11.3769447137894,-5.71692456269157,-0.379342387655876,4.80190581220906,11.7931111616637,0.355285550672397,7.01597408278792,-5.9161116900775,-2.81,0.145280790367738,0.0346037057727732,12.7168433480229,18.1256090914681,0.169757473982515,1.11052577416233,171.789993286133,19.8530850016193,40.904130101666,-171.789993286133,1.17146503925323,12.6300001144409,15.5267848968506,15.8231239318848,38.9300003051758,991.412883352726
3.825,-0.0439655377133813,-0.0688541159318589,0.507108089131757,1.03638129285604,0.0931720774700913,-10.8303809753111,0.152739488121633,0.307553477730159,-0.00130790450766037,-0.0601746636129244,-0.0254919915245859,1.6504650823043,0.121529394456362,0.298828098939062,0.00201158495821073,11.394297169478,-5.70764859666029,-0.372022159831586,4.79497681729809,11.8103783011062,0.262340776608947,7.01608526166561,-5.91662355773694,-2.81,0.147360735897944,0.0355587159932628,12.7490606307983,18.1278568913339,0.169757473982515,1.11052577416233,171.789993286133,19.8530850016193,40.904130101666,-171.789993286133,1.17146503925323,12.6300001144409,14.3800001144409,15.8590002059937,38.9300003051758,991.419928368102
3.85,-0.0439655377133813,-0.0688541159318589,0.506734557213301,1.18224516722889,0.0910825748079269,-11.7943687724492,0.109825689219405,0.325727303531956,-0.00553917917570631,-0.0573247235094354,-0.0181224665447027,1.650092020808,0.0827725185569571,0.315861791204949,-0.00280662208912576,11.4075667289144,-5.69944945346624,-0.362400240294423,4.7893801326444,11.8228623857139,0.171463217395945,7.01631962286493,-5.9177917364558,-2.81,0.149585958428799,0.0364776316320979,12.7490606307983,18.1267534625549,0.169757661735381,1.1105258090194,171.765029907227,20.075711891886,41.4374925304686,-171.765029907227,1.17293059825897,12.6640434265137,14.3800001144409,15.8590002059937,38.9277305603027,991.417235462378
3.875,-0.0340042949113014,-0.0731361547878986,0.506361024398447,1.2829223134935,0.074630089799253,-12.6243234394658,0.0529498596975223,0.308538253565913,-0.0114201704069254,-0.0564238949811625,-0.011287702814882,1.64974568198982,0.0344118664945997,0.284829887711111,-0.00701039508205523,11.4440652042258,-5.69918938732351,-0.320345109751508,4.7879004890817,11.8578634375264,0.130738915860494,7.01655398406425,-5.91895991517465,-2.81,0.153850821986108,0.0365783782387905,12.7795090483717,18.1557233478893,0.169757867090078,1.11052584714433,171.737731933594,20.3192100540458,42.0208576871563,-171.737731933594,1.17453360557556,12.7012767791748,14.1784629821777,15.8677940368652,38.9252471923828,991.413629626551
3.9,-0.0306232434554692,-0.074589567177879,0.505987489814111,1.35214444712064,0.0569207202068105,-13.2986741314115,0.0119290849414897,0.260413880152019,-0.0136137539088707,-0.0570107202336248,-0.00490009932681555,1.64941598704897,-0.0208144694155305,0.217100749714251,-0.0107834854219824,11.4956726756596,-5.71097416202753,-0.247857754463919,4.79534854762348,11.9085578343679,0.134284116791783,7.0167132595296,-5.91978051728379,-2.81,0.159965942249791,0.0357221638159894,12.8274539447,18.2058484703314,0.169758072444775,1.11052588526925,171.710418701172,20.5627082147875,42.6042228436864,-171.710418701172,1.17613649368286,12.7385101318359,13.8299999237061,15.8830003738403,38.9227676391602,991.410023790725
3.925,-0.025704089858959,-0.0731628811512977,0.505613957895656,1.40627601021623,0.098214452244035,-13.456912068166,-0.0232958888077398,0.182108857511425,-0.0201269593785924,-0.0575095910196055,-0.00209268560775992,1.64873836686866,-0.0326967937059749,0.150495724092426,-0.0181218233621053,11.5026464610081,-5.69893074606326,-0.28830336314956,4.79313305860004,11.9119104352444,0.0638071300198362,7.01683958157868,-5.92044857594557,-2.81,0.158980472636709,0.0364984810078685,12.8451776504517,18.1988094672387,0.169758277799472,1.11052592339417,171.683120727539,20.8062063769474,43.1875880002164,-171.683120727539,1.17773950099945,12.7757444381714,13.8299999237061,15.8830003738403,38.9202842712402,991.406417954898
3.95,-0.0258611254623864,-0.0755532980596123,0.505240416387753,1.35598233945249,0.0781049958900033,-13.3811431145241,-0.0558388578083114,0.11319240861909,-0.0215592819684016,-0.0578154325485229,-0.000371551141142845,1.64832293987274,-0.0399814620614052,0.109662339091301,-0.0226207207888365,11.5340979391682,-5.69203362286828,-0.362074646471549,4.7930086624471,11.9411904047417,-0.0282800851566495,7.01696590362775,-5.92111663460735,-2.81,0.155480329226428,0.0369096490610603,12.8451776504517,18.2138948131149,0.169758301268581,1.11052592775131,171.679992675781,20.8340347380535,43.2542583038266,-171.679992675781,1.17792272567749,12.7799997329712,13.8299999237061,15.8830003738403,38.9221954345703,991.409803458139
3.975,-0.0255439297176475,-0.074597652241106,0.504842691803338,1.38914454614764,0.102165635210878,-12.9755570514426,-0.0735904499915097,0.0513106511793201,-0.0228172985940533,-0.0590767451485218,0.000889814557090862,1.64787546220603,-0.0693324260558132,0.0677964362974446,-0.0209496371202809,11.550118634477,-5.69091237111494,-0.406976786828422,4.79868771192086,11.9550601786037,-0.0805391870077707,7.01709222567683,-5.92178469326914,-2.81,0.153842154886553,0.0368749578292637,12.884200217876,18.2195734716628,0.169758301268581,1.11052592775131,171.679992675781,20.8340347380535,43.2542583038266,-171.679992675781,1.17792272567749,12.7799997329712,13.9277305603027,15.8927726745605,38.9246826171875,991.414091069648
4,-0.0255459491529248,-0.0733289738079735,0.504401243632683,1.219843412758,0.0871017845311613,-12.3964320740516,-0.10052630702906,-0.00868512264646605,-0.0246758222664124,-0.0627507444747573,0.00070095265194301,1.64750234947932,-0.108235987264602,-0.00588214622590264,-0.0211072050491118,11.5607628527239,-5.67493070522799,-0.488717407402658,4.79176097598476,11.9630410623766,-0.139986568210348,7.01721824154896,-5.92245045819325,-2.81,0.150536593977305,0.0372442249808792,12.9465772006529,18.2201108311439,0.169758301268581,1.11052592775131,171.679992675781,20.8340347380535,43.2542583038266,-171.679992675781,1.17792272567749,12.7799997329712,14.0900001525879,15.9090003967285,38.9271621704102,991.418378681156
4.025,-0.0299954036685651,-0.0701461782901884,0.503959798595134,1.19163973704973,0.13418218580248,-11.6232730823423,-0.11082996469921,-0.0547314299223815,-0.024752160794659,-0.0662539443831095,-0.00178742222852878,1.64668324556856,-0.116927457901991,-0.0644625436514606,-0.0259479818849436,11.5707826022969,-5.66672038746637,-0.588709617830866,4.79962221181687,11.9694710570086,-0.191567828038772,7.01733857498035,-5.92307365286943,-2.81,0.145363654067738,0.0374280583121969,12.9702272415161,18.2186061240038,0.169758301268581,1.11052592775131,171.679992675781,20.8340347380535,43.2542583038266,-171.679992675781,1.17792272567749,12.7799997329712,14.0900001525879,15.9090003967285,38.9296455383301,991.422666292664
4.05,-0.0318902413629528,-0.0682513405958007,0.503518347250786,1.09788316456382,0.126532099228671,-10.9063342925366,-0.129199003147657,-0.0928371416101134,-0.0278339748801686,-0.0687026008963585,-0.00405997410416603,1.64598965644836,-0.131202682852745,-0.0922463610768318,-0.0275044292211533,11.6100834811147,-5.65869796239398,-0.70004952445084,4.80505242410949,12.006139225227,-0.262797470998967,7.01745890841174,-5.9236968475456,-2.81,0.139057199551836,0.0376839880756786,12.9702272415161,18.2445061531418,0.169758480257666,1.11052596042981,171.662979125977,21.0427474484762,43.7627248597676,-171.662979125977,1.17914819717407,12.8268089294434,14.0900001525879,15.9090003967285,38.9278717041016,991.427486338514
4.075,-0.0338109527693516,-0.0663306291894019,0.503076900116405,0.930903544776791,0.101063441345031,-10.2732666032641,-0.13180123115369,-0.0971743518144762,-0.0282694276452918,-0.0704335342498547,-0.00507672525804156,1.64579085750008,-0.142522830831341,-0.097292085568422,-0.0269772895260816,11.6346092105471,-5.65409450179352,-0.754953432040154,4.80536515805444,12.0301146954145,-0.296102878804143,7.01757924184313,-5.92432004222178,-2.81,0.136121684517664,0.0376884772399792,13.002839228222,18.2640438193876,0.169758689078265,1.11052599855473,171.643112182617,21.2862456092179,44.355935841896,-171.643112182617,1.18057775497437,12.8814182281494,14.0900001525879,15.9090003967285,38.9253883361816,991.432395123421
4.1,-0.0350858167918562,-0.0625221942172449,0.502635455095583,0.882929826689719,0.173624789318854,-9.71726486013812,-0.133242005574249,-0.0871387394431336,-0.0274075771450439,-0.074477608066234,-0.00789945728861679,1.64519063253685,-0.140726702397319,-0.0994714899470276,-0.0286981983371773,11.641424417214,-5.64995176011191,-0.780681476514456,4.81119334497437,12.0347733229662,-0.266140156998484,7.01769957527452,-5.92494323689796,-2.81,0.13506371353835,0.0374678938572201,13.05577099126,18.272693057014,0.169758897898864,1.11052603667966,171.623260498047,21.5297437713777,44.9491468238666,-171.623260498047,1.18200755119324,12.9360275268555,13.8418674468994,15.9175291061401,38.9229049682617,991.437303908328
4.125,-0.0390635845665859,-0.0569557078927423,0.502194006891943,0.778250994240345,0.141488103299538,-9.24157216278112,-0.121763703361054,-0.0765269323399261,-0.0305475244430818,-0.0798678973181527,-0.0115265461041643,1.6442323093675,-0.122372728907498,-0.0848079229052522,-0.0316049077846599,11.6613627082052,-5.64795909366391,-0.834069804286614,4.82528684693222,12.0514898273897,-0.246362252765872,7.01782489337308,-5.92559797099883,-2.81,0.13260391645312,0.0370213907424695,13.0763416290283,18.2908487308573,0.169759106719463,1.11052607480458,171.603408813477,21.7732419335376,45.5423578058373,-171.603408813477,1.18343722820282,12.9906387329102,13.4499998092651,15.9309997558594,38.9204254150391,991.442212693235
4.15,-0.0395362976863379,-0.0593374771037668,0.501752562923233,0.681521107453366,0.122584228685572,-8.95221156193462,-0.117654882145388,-0.052983980168793,-0.0283916969489233,-0.0840168872349804,-0.0134481526618545,1.64343879414064,-0.12386493663549,-0.0593490244189478,-0.0305151377624797,11.6896206762888,-5.65010122295295,-0.877921491836434,4.84007148079001,12.0770884196015,-0.243443827057577,7.01796707250524,-5.92635938971496,-2.81,0.130795784752583,0.0364535867278488,13.0763416290283,18.3154189911141,0.16975914251728,1.11052608134028,171.600006103516,21.8149844744876,45.6440511170886,-171.600006103516,1.18368232250214,13,13.0614900588989,15.9396333694458,38.9199981689453,991.442828239278
4.175,-0.0409738162392228,-0.0531486302854962,0.501311114729261,0.684529369984814,0.179337720097915,-8.82487180934134,-0.117562650482567,-0.0241098713937512,-0.028310568518848,-0.0866315076942869,-0.0145786735583668,1.64281552524065,-0.114021510982861,-0.0345853641426217,-0.0305315321516743,11.7267114360321,-5.64963559925818,-0.923482860097462,4.84937256355242,12.1120951175861,-0.260195510484514,7.01810925163741,-5.92712080843108,-2.81,0.128591011038036,0.0362054138862909,13.0942218996954,18.3471587168823,0.16975914251728,1.11052608134028,171.600006103516,21.8149844744876,45.6440511170886,-171.600006103516,1.18368232250214,13,12.460000038147,15.9530000686646,38.9199981689453,991.442555529006
4.2,-0.0408238241822153,-0.0491814317174613,0.501023359049234,0.633850383233057,0.204232983732214,-8.83062294539397,-0.102706373543458,0.0101220125923676,-0.0308226678777559,-0.0890088081507504,-0.0143059682617754,1.64180977660605,-0.0885890845052053,0.0338140220253233,-0.029112951483777,11.7947243011338,-5.6569696534234,-0.943645728659023,4.86680647643886,12.1757757226194,-0.268280700183921,7.01825143076957,-5.9278822271472,-2.81,0.128014854180042,0.0356091642905606,13.1236964083732,18.4073757921307,0.16975914251728,1.11052608134028,171.600006103516,21.8149844744876,45.6440511170886,-171.600006103516,1.18368232250214,13,12.460000038147,15.9530000686646,38.9199981689453,991.442282818733
4.225,-0.0401883926629228,-0.0485429247779925,0.501,0.540754539352191,0.178860407284207,-8.96499142442719,-0.0865419305884564,0.0526891482431477,-0.0337561456984898,-0.0908507476220688,-0.0133124059046332,1.64143695155169,-0.100423849206212,0.0484129536599832,-0.0302236237603529,11.8151352418814,-5.66409956735794,-0.929715361111015,4.87656327448774,12.194182359068,-0.25468130926695,7.01834375669253,-5.92838214817167,-2.81,0.129638783267202,0.03495532002707,13.1354303359985,18.4267257418193,0.16975914251728,1.11052608134028,171.600006103516,21.8149844744876,45.6440511170886,-171.600006103516,1.18368232250214,13,12.460000038147,15.9530000686646,38.9199981689453,991.442010108461
4.25,-0.0389227888396608,-0.0466419948396651,0.500999448198284,0.583805817696713,0.217747277348058,-9.24411345274932,-0.07073765939028,0.0953843619560347,-0.0354056554785825,-0.0936780370214668,-0.0106455692418209,1.64007900093557,-0.0562548296971839,0.0968135380535177,-0.0352650211313216,11.8452491810334,-5.66425290420238,-0.903954116678615,4.89000162115062,12.2163478403282,-0.244032288544276,7.01843390207041,-5.92887063146702,-2.81,0.132850713277115,0.0347809463058535,13.1354303359985,18.4489394724974,0.16975914251728,1.11052608134028,171.600006103516,21.8149844744876,45.6440511170886,-171.600006103516,1.18368232250214,13,12.460000038147,15.9530000686646,38.9199981689453,991.449021792581
4.275,-0.0357514542188051,-0.0447405116808129,0.500599864540093,0.626322452380219,0.197683705211144,-9.64836181881258,-0.0548861844703659,0.125866383603232,-0.0373717801722042,-0.0938079804182053,-0.00950111821293831,1.63958811759949,-0.0372658967971802,0.11740305274725,-0.0355998352169991,11.8883308616642,-5.68205789056733,-0.866815589527458,4.9073442477937,12.2572467694346,-0.217797798968676,7.01852404744829,-5.92935911476237,-2.81,0.135030231731206,0.0338490386502129,13.1603003765674,18.4913283996745,0.16975914251728,1.11052608134028,171.600006103516,21.8149844744876,45.6440511170886,-171.600006103516,1.18368232250214,13,12.2093620300293,15.9554252624512,38.9199981689453,991.457854575299
4.3,-0.0351151427225215,-0.0447415245378531,0.500114276220809,0.621652994787541,0.207554888989302,-10.1445500893665,-0.0383857075312482,0.146997294056071,-0.0389557169573234,-0.0960263042139894,-0.00419419131900651,1.63807742004065,-0.0497541484365738,0.142626706253606,-0.0359094456895123,11.9091903184141,-5.6821281030093,-0.840639456854526,4.92283682639774,12.2690330833716,-0.242019204680726,7.01861419282617,-5.92984759805772,-2.81,0.139075595469836,0.0337753976626261,13.2019478254566,18.4982719785298,0.16975914251728,1.11052608134028,171.600006103516,21.8149844744876,45.6440511170886,-171.600006103516,1.18368232250214,13,11.8400001525879,15.9589996337891,38.9199981689453,991.466687358017
4.325,-0.0313096999507687,-0.0422079314663625,0.499628677462167,0.665481818525202,0.173522794143347,-10.5368932756474,-0.0300552609641645,0.152023218704085,-0.0414511170583865,-0.0961657487570625,-0.000214336138920617,1.6366493735328,-0.0143932965215827,0.149525130643871,-0.040239486644239,11.9181677097685,-5.67633838315221,-0.832190464869393,4.93331210076094,12.2694614413507,-0.280762575372709,7.01877418171415,-5.93071306369095,-2.81,0.141060698608029,0.034436794326739,13.2189226150513,18.4930404762223,0.16975914251728,1.11052608134028,171.600006103516,21.8149844744876,45.6440511170886,-171.600006103516,1.18368232250214,13,11.8400001525879,15.9589996337891,38.9199981689453,991.475520140736
4.35,-0.0290894361372167,-0.0431623561409926,0.499143087996425,0.704704342364858,0.221657329920863,-11.0923161748387,-0.00816643942056285,0.148982208538173,-0.0442320165568268,-0.0962103431714166,0.00347715889450561,1.63541367134391,-0.00122560350829166,0.153273014026669,-0.0421759176480909,11.9434767790426,-5.68762101094154,-0.818685573817919,4.95682933828787,12.2881902771769,-0.310062941019446,7.01894660777805,-5.93164565933593,-2.81,0.143034181177566,0.0341026627282351,13.2189226150513,18.5057946191305,0.16975930594694,1.11052611141936,171.600006103516,22.0070950367168,46.1083169496671,-171.600006103516,1.18094182014465,13.0402126312256,11.8400001525879,15.9589996337891,38.9199981689453,991.469065564744
4.375,-0.0249604336739133,-0.0431711033806875,0.498657496199715,0.730474880989697,0.112527634588285,-11.5405822418933,0.00688464315260271,0.152186577943232,-0.0461502759589048,-0.0969845310377497,0.00637058138650142,1.63443989849398,-0.00906676677412676,0.144713976628688,-0.0425678368248821,11.9744792563151,-5.69713900180869,-0.807239716081183,4.97542835909765,12.3140031606483,-0.328056440419684,7.01911903384195,-5.9325782549809,-2.81,0.144784066570642,0.0336472245535995,13.2387792145389,18.5276671160771,0.169759517800204,1.11052615041076,171.600006103516,22.2561272482745,46.7101430288392,-171.600006103516,1.17738914489746,13.0923404693604,11.8400001525879,15.9589996337891,38.9199981689453,991.458081400986
4.4,-0.0236932175144463,-0.042222547231613,0.498171902077195,0.772241035555037,0.189405233089541,-11.7822127411624,0.00274577089960381,0.145322292278165,-0.048970277738198,-0.0972296667986585,0.00842260979295528,1.63351836411372,0.00555382005303649,0.134480269439209,-0.0458786483288442,11.9845705549293,-5.69656277533842,-0.826603425923339,4.98755986277287,12.3187220966198,-0.370627285429999,7.01929145990585,-5.93351085062587,-2.81,0.144560690955084,0.0338881267227152,13.2725674604411,18.5262646014759,0.169759729653467,1.11052618940215,171.600006103516,22.5051594598322,47.3119691080901,-171.600006103516,1.17383670806885,13.1444683074951,11.9606618881226,15.946102142334,38.9199981689453,991.447097237228
4.425,-0.0233816645377056,-0.0425291238675334,0.497686311458017,0.846079574013047,0.158310382109835,-11.9661170040905,0.0113289782152634,0.125850012632738,-0.0544983859238221,-0.0969161378806577,0.01164751957598,1.63181582623702,0.00531260512649831,0.116088208150997,-0.0519366149262257,12.0007839324162,-5.71155564310964,-0.851785329125206,5.02487403780002,12.3258975872822,-0.434868573091339,7.01942629661038,-5.93428183582494,-2.81,0.14427298822863,0.033626132561173,13.2866592407227,18.5217072801694,0.169759941506731,1.11052622839355,171.600006103516,22.7541916699717,47.913795187341,-171.600006103516,1.17028415203094,13.1965961456299,12.1300001144409,15.9280004501343,38.9199981689453,991.436113073471
4.45,-0.0214867020929343,-0.0425597312106254,0.49720053354836,0.830628858104944,0.115771792896339,-12.0933584388504,-0.010702989027015,0.101213315088183,-0.0578602984953602,-0.0976602559598942,0.0151296311604339,1.62942072381798,-0.00615316768236603,0.0742073353816783,-0.0579299892253927,12.0173624213573,-5.68362636941743,-0.866089440948174,5.02737587484197,12.3270655789977,-0.489556143110443,7.01955922965193,-5.93504463647844,-2.81,0.145064839574022,0.0357108324443894,13.2866592407227,18.5164230815337,0.169760155290997,1.11052626802862,171.607391357422,23.0073348882759,48.5211067979111,-171.607391357422,1.17181658744812,13.2302837371826,12.1300001144409,15.9280004501343,38.9199981689453,991.436811298343
4.475,-0.0200489669555742,-0.0429888700179559,0.496525207669643,0.833021709540843,0.187210852621557,-12.1376776571455,0.00583696003634822,0.0713340670301854,-0.0623874426718456,-0.0962969112295849,0.0162835398366265,1.62769302326883,0.0258272658928268,0.0632595513018753,-0.0638761515715662,12.0355669992459,-5.69122210888715,-0.915584227442302,5.05959070874176,12.3357222675866,-0.56006656796119,7.01969216269347,-5.93580743713194,-2.81,0.142356744589302,0.0361227574960952,13.3022754885626,18.5135894928239,0.169760369743687,1.11052630788649,171.617309570312,23.2619011478133,49.1303172462031,-171.617309570312,1.17510914802551,13.2575883865356,12.1300001144409,15.9280004501343,38.9199981689453,991.441553426972
4.5,-0.0198812390038443,-0.0422292871650081,0.495715892506826,0.829133255879502,0.0779405095916526,-11.9487967556266,0.00861293907839313,0.0446656140044708,-0.0644554728125133,-0.0970179281305685,0.0172885512558186,1.62603315404072,-0.0151117706924638,0.0293916868169022,-0.0648169512962093,12.0600383284312,-5.68360220380674,-0.944553941007915,5.0742543101191,12.3504810804811,-0.59799742368687,7.01981422307801,-5.93652316711185,-2.81,0.141347997339414,0.0369149197191363,13.3292839172039,18.5227612175941,0.169760584196377,1.11052634774437,171.627243041992,23.5164674073507,49.7395276945739,-171.627243041992,1.17840170860291,13.2848930358887,12.1214895248413,15.9284248352051,38.9199981689453,991.446295555602
4.525,-0.0213124225743948,-0.0395271371562495,0.494906577314853,0.8058450187732,0.166464304900791,-11.6570384585717,0.0116076066370411,0.021281340632141,-0.0676864953361639,-0.0975008186865016,0.0169630974936981,1.62466364998057,0.00457135789074777,0.000669782845553963,-0.0675302561329466,12.062809675528,-5.67416937911835,-0.98811075242578,5.086088556046,12.3455110569022,-0.635608538299588,7.01993015876262,-5.93721238160882,-2.81,0.139146789343658,0.0378324568145915,13.3408041000366,18.512852235736,0.169760798649067,1.11052638760224,171.637161254883,23.7710336668881,50.3487381428659,-171.637161254883,1.1816942691803,13.312198638916,12.1099996566772,15.9289999008179,38.9199981689453,991.451037684231
4.55,-0.0217910398568699,-0.0390485198737745,0.494097258278325,0.735788694140665,0.091371422243078,-11.4449770282927,0.0281685076793659,0.0010523462134632,-0.0702546006098613,-0.0959074925062756,0.0165211973769547,1.62290764666353,0.0138994081571331,-0.00347531441164203,-0.0709878195699081,12.0629359780226,-5.67193488043497,-1.01221895415057,5.10715812965387,12.3363841065759,-0.663641411185039,7.02004609444723,-5.93790159610579,-2.81,0.137283141966523,0.0389027822177536,13.3408041000366,18.499067908975,0.169760859921264,1.1105263989902,171.639999389648,23.8437668838987,50.5227982709719,-171.639999389648,1.18263506889343,13.3199996948242,12.1099996566772,15.9289999008179,38.9182243347168,991.450769302693
4.575,-0.0222618797588094,-0.0414208508603777,0.493287935408111,0.676159368629374,0.0973437899926958,-11.2020311570893,0.0280268847489466,-0.00899270559599453,-0.0716468245061622,-0.0952331479270216,0.0158938435771973,1.62142335647192,0.0271629716373323,-0.0141542675122115,-0.0732637028047191,12.0747540828448,-5.66742279029335,-1.03831806007258,5.12254728676805,12.3404066292724,-0.686545816403083,7.02016203013184,-5.93859081060275,-2.81,0.135452016368002,0.0398031813451693,13.3603653806321,18.49950666345,0.169760859921264,1.1105263989902,171.639999389648,23.8437668838987,50.5227982709719,-171.639999389648,1.18263506889343,13.3199996948242,12.1099996566772,15.9289999008179,38.9157447814941,991.448496717088
4.6,-0.0224209009095808,-0.0422220803270097,0.492478620179613,0.636964912483595,0.0484445602655466,-10.9066427316419,0.0390988998600524,-0.0171782793089408,-0.0752639451927975,-0.0952555312128338,0.0151258876712626,1.62014506616713,0.0434102528725974,-0.0297868773863087,-0.0746436926684719,12.094750076095,-5.66738684192527,-1.05951778871204,5.13931047616365,12.3541221767195,-0.698558541646849,7.02026687069994,-5.9392261422159,-2.81,0.133998939037849,0.0402383635887405,13.3947606323459,18.5106124887345,0.169760859921264,1.1105263989902,171.639999389648,23.8437668838987,50.5227982709719,-171.639999389648,1.18263506889343,13.3199996948242,11.7228603363037,15.9594488143921,38.9132614135742,991.446224131483
4.625,-0.0240086650899943,-0.0415857009862713,0.491669293450471,0.551816867463457,0.0393566388524163,-10.5281463793041,0.0218252166389255,-0.0297156018772963,-0.0763719963321832,-0.0947287153802794,0.0143521502507752,1.61873112798774,0.0414645991822008,-0.0345348253222368,-0.0770085632971086,12.1097824147429,-5.66142729900456,-1.10681425582653,5.15433253293493,12.3615835696767,-0.740091062678674,7.0203656572037,-5.93983207256538,-2.81,0.131004403078289,0.0411636834452567,13.4097576141357,18.5123855064596,0.169760859921264,1.1105263989902,171.639999389648,23.8437668838987,50.5227982709719,-171.639999389648,1.18263506889343,13.3199996948242,11.2200002670288,15.9989995956421,38.9107780456543,991.443951545878
4.65,-0.0249635892411323,-0.0403135690974262,0.490859989847382,0.452745003497654,0.0495974326036958,-10.0848582935513,0.0167925392458482,-0.0320079111158984,-0.078493709591752,-0.0945567224818879,0.0136738609317165,1.61693163289105,0.0032141867106319,-0.035382156826154,-0.0801234774187426,12.1272465385916,-5.65550691408932,-1.15430350499368,5.17426511027843,12.369494548465,-0.780940989310285,7.02046444370745,-5.94043800291487,-2.81,0.12816748578637,0.0421449836440984,13.4097576141357,18.5142961649558,0.169761007865769,1.11052642632132,171.655319213867,24.0183266047244,50.9430743621132,-171.655319213867,1.18091201782227,13.3285102844238,11.2200002670288,15.9989995956421,38.9099998474121,991.446405938331
4.675,-0.0259138126330681,-0.0399969757721709,0.490050663095682,0.393997592698539,0.0669709799196271,-9.79496928321786,0.00406071357013746,-0.0168813850070683,-0.0808326184913614,-0.0952792473998155,0.0120287438712705,1.61485638769738,0.0212864712715626,-0.0422584045637382,-0.07864342925973,12.1494881487817,-5.62511630772383,-1.19220695903565,5.1727291638434,12.3806230882154,-0.797745655614826,7.02056323021121,-5.94104393326436,-2.81,0.125803163464627,0.0443820968574672,13.4168796854944,18.5242311778197,0.169761223618172,1.11052646617919,171.677642822266,24.2728928642617,51.5559769949651,-171.677642822266,1.17839920520782,13.3409214019775,11.2200002670288,15.9989995956421,38.9099998474121,991.451026862395
4.7,-0.0262324094148505,-0.0409449717727516,0.489282072162479,0.336970660405309,0.0846589711253379,-9.65637020652831,0.0116693891785119,0.0111306083615929,-0.0811017181481311,-0.0952696059415769,0.0129462941766252,1.61136441102802,-0.0247828690222828,0.0236325291465111,-0.0815281982340868,12.1808345985429,-5.63002398128751,-1.19570926849017,5.21989868928398,12.3932377727476,-0.81236530171988,7.02065762433575,-5.94162325462503,-2.81,0.12597307434172,0.0452488459317334,13.4296149147881,18.5310659710393,0.169761439370576,1.11052650603706,171.699996948242,24.5274591237991,52.1688796278959,-171.699996948242,1.17588651180267,13.3533334732056,10.7622222900391,16.0141105651855,38.9099998474121,991.455647786458
4.725,-0.0251268563649794,-0.0360250878805732,0.489,0.310324560497794,0.0600154306236232,-9.73079013065633,0.00364013884591728,0.0389179444084117,-0.0793168683097881,-0.0952568514379177,0.0127066524462349,1.61043410716506,0.0125064630710635,0.0259435093395417,-0.0769871184700598,12.1881629015147,-5.60534641379151,-1.19383638242285,5.20639537054577,12.3949045289527,-0.810097280682947,7.02075017133058,-5.94219138609262,-2.81,0.126000376737954,0.0468976374373014,13.4352884292603,18.5348477422242,0.169761655122979,1.11052654589494,171.72233581543,24.7820253833365,52.7817822607478,-171.72233581543,1.17337369918823,13.3657445907593,10.1899995803833,16.0330009460449,38.9099998474121,991.460268710522
4.75,-0.0256045676918497,-0.0365027992074435,0.489,0.319193033568852,0.0272565619765883,-10.0297571962316,0.0104435361792927,0.0574007079965515,-0.0793072307801735,-0.0958079415513111,0.0144700688516371,1.60802121510319,-0.0158862545363079,0.0483985505413252,-0.0773638389068376,12.2025571958317,-5.60761902159747,-1.18851419897751,5.23791316561776,12.3954461011668,-0.823128685330308,7.02084271832541,-5.94275951756022,-2.81,0.12716709364237,0.0474326664541596,13.4352884292603,18.5314942928434,0.169761729095232,1.11052655956049,171.729995727539,24.8693052437493,52.991920306279,-171.729995727539,1.17251217365265,13.3699998855591,10.1899995803833,16.0330009460449,38.9099998474121,991.457352874972
4.775,-0.0232287545860125,-0.0350797339656452,0.489,0.276196285073215,-0.00497937441715746,-10.1672761222331,-0.0133539200145295,0.0747077311307433,-0.0767450947348558,-0.0957339062118999,0.01590693055978,1.60564813780338,0.000943072745538114,0.0654899303037615,-0.0745521298538644,12.2217012466878,-5.58952001419348,-1.18990255425449,5.24876994192734,12.4002356748646,-0.844483715364046,7.02093526532025,-5.94332764902781,-2.81,0.127605334075345,0.0491690254909827,13.4445632479151,18.533486979418,0.169761729095232,1.11052655956049,171.729995727539,24.8693052437493,52.991920306279,-171.729995727539,1.17251217365265,13.3699998855591,10.1899995803833,16.0330009460449,38.9099998474121,991.450504817016
4.8,-0.0224310124296739,-0.0358696769532597,0.489,0.288971022937188,0.0014047990527785,-10.3228924566953,-0.0217604817561182,0.0807415970223901,-0.0768433556173109,-0.0957008720097848,0.0185338103429585,1.60352167807056,-0.0429782194002276,0.0990639209596072,-0.0777383102018987,12.2322753526325,-5.59780954668668,-1.18653004425864,5.28275592272865,12.3976858293159,-0.872789498093095,7.02102781231508,-5.94389578049541,-2.81,0.128764183914572,0.0493777425515806,13.461433823227,18.5253337254742,0.169761729095232,1.11052655956049,171.729995727539,24.8693052437493,52.991920306279,-171.729995727539,1.17251217365265,13.3699998855591,9.80418395996094,16.0320930480957,38.9099998474121,991.443656759059
4.825,-0.0205313177514482,-0.0327013989673041,0.489,0.29175208325893,-0.0267589760169448,-10.5552115828757,-0.0363659568235169,0.0808159887800802,-0.0751369211808838,-0.0973280174744759,0.0201909195012631,1.60170023605321,-0.0564973451416743,0.0871174666968661,-0.0755439839961837,12.2406986225523,-5.58594554750497,-1.1850701473581,5.2942072746383,12.3948539687632,-0.883654971245647,7.02113308894732,-5.9445408640396,-2.81,0.130054284541539,0.0502736201162823,13.4691095352173,18.5209740772824,0.169761729095232,1.11052655956049,171.729995727539,24.8693052437493,52.991920306279,-171.729995727539,1.17251217365265,13.3699998855591,9.34000015258789,16.0310001373291,38.9099998474121,991.436808701103
4.85,-0.0205313177514482,-0.0327013989673041,0.489,0.272309698980962,-0.0118019319788074,-10.6587623578757,-0.0394806665202245,0.0709617082666046,-0.0734597686953391,-0.0989551629391669,0.0218480286595676,1.59987879403586,-0.0700164708831204,0.0751710124341254,-0.0733496577904689,12.246647044892,-5.57695643581224,-1.17999290869456,5.30822184955514,12.3897021348477,-0.890646955496381,7.02126569137482,-5.94535113506109,-2.81,0.131554621660616,0.0510173819061313,13.4691095352173,18.5146594277031,0.169761864438707,1.1105265857033,171.748718261719,25.0362754118039,53.3763997891762,-171.748718261719,1.17025184631348,13.3762407302856,9.34000015258789,16.0310001373291,38.9099998474121,991.440350471659
4.875,-0.0186704953984343,-0.028970839918213,0.489,0.267943663176826,-0.00309128996733934,-10.6476370334105,-0.0312212538247685,0.0626984665475478,-0.0699774905033933,-0.0996615365147591,0.0225674100220203,1.59908807277679,-0.0758853703737259,0.0699848383665085,-0.0723970606923103,12.2543239354821,-5.55748796457997,-1.20039847261341,5.3009337555193,12.3916396355705,-0.917852137866728,7.02139829380233,-5.94616140608259,-2.81,0.130955115951305,0.0521751187600515,13.4717462891383,18.5152685317529,0.169762079757873,1.11052662729412,171.778503417969,25.3019097701369,53.9880716938678,-171.778503417969,1.16665601730347,13.3861694335938,9.05879402160645,16.0452899932861,38.9099998474121,991.450031686336
4.9,-0.0179997459457643,-0.0276261277610959,0.489,0.247892145576531,0.032310071481296,-10.607102858221,-0.0316086112310024,0.0591530297843094,-0.0652156077990894,-0.100523947634745,0.0235521584527306,1.59737901450607,-0.0711872299638621,0.062081940799362,-0.069537519612572,12.253646366244,-5.55336785917733,-1.20545362599799,5.31910678587918,12.3808810682766,-0.930456482778462,7.02153089622984,-5.94697167710409,-2.81,0.131450814807747,0.0528050154258516,13.4766265968341,18.5024624831667,0.169762295077038,1.11052666888495,171.808303833008,25.56754412847,54.5997435985593,-171.808303833008,1.16306018829346,13.3960990905762,8.72999954223633,16.0620002746582,38.9099998474121,991.459712901014
4.925,-0.0179997459457643,-0.0276261277610959,0.488515859585903,0.22998068232944,-0.00938501301848618,-10.5610275574411,-0.0159006606156772,0.0467524895355758,-0.0636669934883003,-0.10150040562395,0.0246671318688195,1.59544394715386,-0.0658677986261822,0.053133949187853,-0.0662998274399399,12.2501590776041,-5.55717870075785,-1.20059659782551,5.34708194747582,12.366396482178,-0.933283141403612,7.02166209519756,-5.94777914784537,-2.81,0.132600494142267,0.0530626872440309,13.4788932800293,18.4860843297282,0.169762510396204,1.11052671047577,171.838088989258,25.8331784868031,55.211415503172,-171.838088989258,1.15946435928345,13.4060277938843,8.69274139404297,16.0531520843506,38.9099998474121,991.469394115691
4.95,-0.0176868244556407,-0.0254114992827224,0.487577775513748,0.232147841059997,-0.00553665924381672,-10.478827112072,-0.0249037627142524,0.0407971787393654,-0.0611790630040808,-0.102476863613155,0.0257821052849085,1.59350887980165,-0.0605483672885019,0.0441859575763434,-0.0630621352673076,12.248048267284,-5.55474133044689,-1.20240072504044,5.36944559169154,12.3529214779041,-0.943392870479545,7.021768381788,-5.94853691168503,-2.81,0.133383893042442,0.0536539547588132,13.4788932800293,18.4704567340526,0.16976259652387,1.1105267271121,171.850006103516,25.9394322298527,55.4560842650802,-171.850006103516,1.15802597999573,13.4099998474121,8.64999961853027,16.0429992675781,38.9099998474121,991.474675604638
4.975,-0.0159484776824349,-0.0208063193459077,0.486606590795948,0.252516254001641,0.0274819511407849,-10.3988879451924,-0.00206056091328906,0.0329596782637491,-0.0603717694182961,-0.102863676846027,0.0262237899005413,1.59274232387543,-0.0584411323070526,0.0406413078308105,-0.0617795586585999,12.2624500995731,-5.55455767827902,-1.25240399237443,5.3838267953532,12.3616443950497,-0.996727692972279,7.02187466837844,-5.94929467552468,-2.81,0.130933813515715,0.0538220327343431,13.4759500291612,18.4732684422666,0.16976259652387,1.1105267271121,171.850006103516,25.9394322298527,55.4560842650802,-171.850006103516,1.15802597999573,13.4099998474121,8.64999961853027,16.0429992675781,38.9099998474121,991.477023943096
5,-0.0161161267314084,-0.0142968472449356,0.485635410723416,0.197334867729072,-0.00422766404577163,-10.2898802377587,0.012110206305569,0.0156747915897505,-0.0581417092874839,-0.100642547837977,0.0256354730927094,1.59060673623812,-0.00653604479965588,0.0293941335721118,-0.0619342011279577,12.2594428566036,-5.55727392958985,-1.25392660889452,5.41160992175123,12.3473700312674,-1.00324273687167,7.02198095496888,-5.95005243936433,-2.81,0.130038687775009,0.0548919174779103,13.470405154758,18.4567964647517,0.16976259652387,1.1105267271121,171.850006103516,25.9394322298527,55.4560842650802,-171.850006103516,1.15802597999573,13.4099998474121,8.64999961853027,16.0429992675781,38.9099998474121,991.479372281555
5.025,-0.0161101627876315,-0.0181054464013904,0.4850616198273,0.155678848159676,0.00436485494618756,-10.1085598643744,0.0154274229280325,-0.00532792132466779,-0.0574027319037047,-0.100311802902358,0.02510638714679,1.58995091881683,0.0119592915745115,0.0183904150903972,-0.0604323846789522,12.255210017342,-5.58156732643289,-1.26857093702472,5.44518890857897,12.340251695332,-1.01066535345337,7.02208286552559,-5.95080316259604,-2.81,0.129025196564327,0.0539061442552537,13.4677772521973,18.4468666048587,0.16976259652387,1.1105267271121,171.850006103516,25.9394322298527,55.4560842650802,-171.850006103516,1.15802597999573,13.4099998474121,8.64999961853027,16.0429992675781,38.9099998474121,991.481720620013
5.05,-0.0170571247834726,-0.0190524083972315,0.485,0.154357862649419,0.0254735648032344,-9.85682965773742,0.0331043773344801,-0.0113970775891011,-0.0577228308223144,-0.101136844833504,0.0247329467291331,1.58767319067901,0.00928361363858051,-0.0079657107917532,-0.057382963649034,12.2473391020033,-5.59460971511342,-1.27386312732247,5.48749494869103,12.3205821831456,-1.00516370183975,7.02218442800571,-5.95155332580674,-2.81,0.12911995803191,0.0538653360386366,13.4677772521973,18.4250818700649,0.169762719315829,1.11052675137342,171.868438720703,26.0943856044833,55.8049077945604,-171.868438720703,1.15631783008575,13.4099998474121,8.47330951690674,16.0472984313965,38.9099998474121,991.47810396235
5.075,-0.0180164071640213,-0.0171589795884041,0.485,0.0950098373491063,0.00446484167422281,-9.75986967190106,0.0331509340219557,-0.00387976988782473,-0.0545953957386187,-0.101187033893802,0.0250394693714336,1.58650691317337,-0.0119062739247179,-0.00251405495944488,-0.0578648614596772,12.2443379950487,-5.59009356741012,-1.28240205843162,5.49832102360802,12.3105920111493,-1.01749905417185,7.02228599048583,-5.95230348901744,-2.81,0.128883717322856,0.0545124905858593,13.4690876863809,18.4138230932926,0.169762934201756,1.11052679383072,171.90071105957,26.3655540122143,56.4153489709339,-171.90071105957,1.15332841873169,13.4099998474121,8.27999973297119,16.0520000457764,38.9099998474121,991.470013557597
5.1,-0.0180179373380248,-0.0161976718509972,0.485,0.0899066370495685,-0.0234675495011583,-9.70983912454991,0.051231257209084,-0.00258966148255506,-0.0536504043155956,-0.0999736338649483,0.0248234507115744,1.58561139268523,-0.005993890720388,0.00737326358547732,-0.0583728183268194,12.2441034908359,-5.58126760019855,-1.2806035061038,5.4995181897808,12.3053538774113,-1.02084733977182,7.02241164951648,-5.95318442893138,-2.81,0.12853660883869,0.0555546259772612,13.4716013374058,18.4090872347189,0.169763149087684,1.11052683628802,171.932983398438,26.6367224199452,57.0257901474651,-171.932983398438,1.15033912658691,13.4099998474121,8.27999973297119,16.0520000457764,38.9099998474121,991.461923152842
5.125,-0.0173804778012114,-0.0177977394580247,0.485,0.117081564994948,-0.0285288760795617,-9.74908483025933,0.0492338624978691,-0.00788455040794594,-0.0522178381990142,-0.0990795345260958,0.0240013560989178,1.58476116990829,0.0353947019169479,-0.0134528040288709,-0.0543311703508478,12.2426146127377,-5.57670599184867,-1.28263203172154,5.50500857059908,12.2997696073406,-1.01831009437628,7.02255053388031,-5.95413714532106,-2.81,0.127893754322442,0.0563068005990534,13.4728164672852,18.4042983583482,0.169763363973612,1.11052687874532,171.965240478516,26.9078908248398,57.6362313239175,-171.965240478516,1.14734983444214,13.4099998474121,8.27999973297119,16.0520000457764,38.9099998474121,991.453832748088
5.15,-0.0183378911625387,-0.0139739262749868,0.485,0.0888635733817008,-0.0326962371258028,-9.66119503826632,0.045701130873521,-0.0160530145788065,-0.0505240606641656,-0.0971269339262579,0.0229030018530463,1.58374085629134,0.0512589356545158,-0.0167348805992012,-0.0513356711311169,12.2361747412284,-5.59781593477654,-1.27759272543121,5.53671975344451,12.2889748685211,-1.00875654261253,7.02268941824415,-5.95508986171073,-2.81,0.127205107969613,0.0559538720095492,13.4728164672852,18.3928921520889,0.169763462207179,1.11052689815437,171.979995727539,27.0318535262461,57.9152901474543,-171.979995727539,1.14598321914673,13.4099998474121,8.19234085083008,16.0670967102051,38.9086532592773,991.445684771166
5.175,-0.0197613698974414,-0.0153974050098894,0.485,0.0982247565372925,-0.0353068868960702,-9.61496740614757,0.0456241830232178,-0.0151030936520727,-0.0507585423309585,-0.0981295394226547,0.0225691830732134,1.5823041767952,0.0547230007911683,-0.0455319542186677,-0.0475255963174594,12.2387305130693,-5.60090840553721,-1.28022615110228,5.55839828964537,12.2840220072454,-1.0013442544373,7.02282830260798,-5.9560425781004,-2.81,0.1273879243367,0.0560924789109812,13.4733740623961,18.3879239433496,0.169763462207179,1.11052689815437,171.979995727539,27.0318535262461,57.9152901474543,-171.979995727539,1.14598321914673,13.4099998474121,8.10000038146973,16.0830001831055,38.9061698913574,991.437488312417
5.2,-0.0199176907183874,-0.0193290711433441,0.485,0.0605745064109508,-0.0419556663288451,-9.53537417189338,0.0381110966626015,-0.00248314246530934,-0.0468087194342356,-0.0970520244008125,0.0223901521254176,1.58046912805602,0.0215725075728986,-0.0197216627699392,-0.0475694702989912,12.2291425984711,-5.61778040022837,-1.27297493151511,5.59632546870991,12.2646041407748,-0.996231405625595,7.02293844685973,-5.95680893944067,-2.81,0.12752592934676,0.0560618288703039,13.4744634380295,18.3669506381221,0.169763462207179,1.11052689815437,171.979995727539,27.0318535262461,57.9152901474543,-171.979995727539,1.14598321914673,13.4099998474121,8.10000038146973,16.0830001831055,38.9036865234375,991.429291853668
5.225,-0.0192998933673207,-0.00857667997845798,0.485,0.0748331970787237,-0.00435778266541167,-9.61622862823621,0.0500116706565179,0.000261814974602052,-0.0463564504307928,-0.0944564072242423,0.0213208906877059,1.5800162724253,0.0681825285186151,-0.0119481654534719,-0.0452802763586414,12.2282880392955,-5.61024377008328,-1.27773760707191,5.59293273821087,12.2617575280976,-1.00343541508785,7.02303599486192,-5.95749362487453,-2.81,0.126003706849399,0.0571760465317216,13.4750003814697,18.3643672229461,0.169763462207179,1.11052689815437,171.979995727539,27.0318535262461,57.9152901474543,-171.979995727539,1.14598321914673,13.4099998474121,8.10000038146973,16.0830001831055,38.9012069702148,991.421095394919
5.25,-0.019612388702068,-0.0114295098314918,0.485,0.0880638236850073,-0.0398585889264782,-9.56379916751711,0.0543918174304926,0.00954234466414076,-0.0439577817846498,-0.0939747617533127,0.02202083718893,1.57904699168877,0.0277769769532895,0.0109702023698617,-0.0463133178714761,12.2299624062618,-5.62957224938675,-1.26896809425366,5.62286698679425,12.2576199185555,-1.00422356819918,7.02313354286412,-5.95817831030838,-2.81,0.12659664409871,0.0565348795805997,13.4750003814697,18.3585642157652,0.169763572051518,1.11052692065798,171.997863769531,27.1755806879642,58.2273324861621,-171.997863769531,1.14478003978729,13.4125528335571,8.10000038146973,16.0830001831055,38.9000015258789,991.415914332613
5.275,-0.0199242000982145,-0.0152396557050127,0.485,0.0622087852571655,-0.00973406381919611,-9.52689654959244,0.0595660454181591,0.0156741790935244,-0.0423201468321543,-0.090974436344935,0.0221570531656171,1.57731317310576,0.0380171661440987,0.0279495637935758,-0.0442696848077305,12.2236948479549,-5.64376765152527,-1.24729842574005,5.65408841111544,12.2416407117148,-1.00004966264377,7.02323109086632,-5.95886299574223,-2.81,0.126892568058866,0.0569669084635506,13.4700747190074,18.3414505180579,0.169763785637732,1.11052696441499,172.032623291016,27.4550501690828,58.8340814782122,-172.032623291016,1.14244055747986,13.417516708374,8.16484642028809,16.0795097351074,38.9000015258789,991.413581144725
5.3,-0.0180193437812179,-0.0161972010476778,0.485,0.12890081532381,-0.00782348897416121,-9.61367790601564,0.0576416701837473,0.0240700369420619,-0.0428897027781707,-0.0905732304790501,0.0224143418390847,1.57704386584407,0.0219856470269203,0.0393947746340953,-0.0453686672337457,12.2198916532499,-5.63603295375049,-1.2356295317443,5.64835775922168,12.2361943822811,-0.99448553308749,7.02332863886852,-5.95954768117608,-2.81,0.12750862467049,0.0575647162028198,13.4602698625966,18.3377116058496,0.169763999223947,1.110527008172,172.067367553711,27.7345196502014,59.4408304701834,-172.067367553711,1.14010107517242,13.4224824905396,8.22999954223633,16.076000213623,38.9000015258789,991.411247956837
5.325,-0.0175519111386706,-0.00937239715033214,0.485,0.14812057368219,0.0338572598547975,-9.74133364846931,0.0645545224456958,0.0355186514754885,-0.0429406425774971,-0.0912469174111312,0.0223146471072096,1.57637467260613,0.0787139136336583,-0.00230696781183789,-0.041190496282663,12.214496745799,-5.65469512859992,-1.2207691074256,5.67428633527671,12.2276704111887,-0.972797956835706,7.02342618687072,-5.96023236660994,-2.81,0.1286050169122,0.0566643836935513,13.4553442001343,18.3301744983844,0.169764212810161,1.11052705192902,172.102127075195,28.01398913132,60.0475794621547,-172.102127075195,1.13776159286499,13.4274473190308,8.22999954223633,16.076000213623,38.9000015258789,991.408914768949
5.35,-0.0180280436670586,-0.00984852967872014,0.485,0.153835924481578,-0.00248793582020571,-9.86911525824086,0.0746363002446539,0.0374553662135355,-0.0441953072410867,-0.0870507068079061,0.0228904558233032,1.57463741428671,0.0959747521389406,0.0216811885048279,-0.0419862596758773,12.2167566761625,-5.65320543936128,-1.21909274189643,5.6908963771644,12.2189575556392,-1.0024156899177,7.02350815746842,-5.96096396282072,-2.81,0.127467231498405,0.0581551471026882,13.4553442001343,18.3180992903856,0.1697643226545,1.11052707443262,172.119995117188,28.1577162930382,60.3596218008625,-172.119995117188,1.13655841350555,13.4300003051758,8.22999954223633,16.076000213623,38.9000015258789,991.407170288952
5.375,-0.0165936164610973,-0.0150798469734835,0.485,0.17559488251624,0.0340881175472051,-9.93493825408964,0.0792497620352403,0.0317028864581138,-0.0439593780407151,-0.0860288911890976,0.0248853818927736,1.57276710547431,0.0538997752132525,0.0269036677774258,-0.0467619544624348,12.2130883807874,-5.66426391574395,-1.18851300836394,5.72139791547393,12.2032522273327,-1.00110820798014,7.02359002545432,-5.96169586804313,-2.81,0.129581807977073,0.0583620525155459,13.4522360244823,18.3011784624441,0.1697643226545,1.11052707443262,172.119995117188,28.1577162930382,60.3596218008625,-172.119995117188,1.13655841350555,13.4300003051758,8.31640625,16.061767578125,38.9000015258789,991.40604914672
5.4,-0.0154837353023868,-0.0136691734080312,0.485,0.126584127454018,-0.0293580146071208,-9.84612327418576,0.0955311634178415,0.0259261640895368,-0.0435342338489835,-0.0854759973994074,0.0249869981936951,1.57243750456211,0.0615463188880327,0.0204941575130054,-0.0464470327398955,12.2094122186253,-5.64556988979572,-1.17911314506981,5.70561110105788,12.1976712210989,-0.9976636002288,7.02367189344022,-5.96242777326555,-2.81,0.12996914934842,0.0596127076093222,13.4459300142653,18.2978425767484,0.1697643226545,1.11052707443262,172.119995117188,28.1577162930382,60.3596218008625,-172.119995117188,1.13655841350555,13.4300003051758,8.39999961853027,16.0480003356934,38.9000015258789,991.404928004488
5.425,-0.016114205319245,-0.0155657895324796,0.485,0.1961751527876,-0.0188766124982489,-9.81235189561017,0.0945263831079406,0.0278676064144346,-0.0424821847306624,-0.0805014785536258,0.0241257743949429,1.57131818973109,0.15118059031185,0.00102226299911174,-0.0399634943187225,12.2100708461729,-5.66114104157356,-1.16970303324514,5.73050665711061,12.1923657986607,-1.00501882151155,7.02375466919805,-5.96319169163676,-2.81,0.128430740013784,0.0601368409247093,13.442702293396,18.2908369206814,0.1697643226545,1.11052707443262,172.119995117188,28.1577162930382,60.3596218008625,-172.119995117188,1.13655841350555,13.4300003051758,8.39999961853027,16.0480003356934,38.9000015258789,991.403806862256
5.45,-0.0157944748512302,-0.0171523238750283,0.485,0.155073869890209,-0.0212632871356231,-9.76948378760232,0.109320356065934,0.0305147577446652,-0.0413032022997586,-0.0772807008497003,0.0256810298896379,1.56977439653922,0.110579096436447,0.0303824535340051,-0.0415502835434708,12.2060702710084,-5.69021270707121,-1.1301691918231,5.7729312589743,12.1784987645014,-1.00069327810868,7.02383757505839,-5.96396019815485,-2.81,0.130048276200728,0.0596816569708333,13.442702293396,18.2753159928129,0.169764419897809,1.11052709463388,172.139282226562,28.2867386958192,60.635867531405,-172.139282226562,1.13572657108307,13.4265956878662,8.39999961853027,16.0480003356934,38.9000015258789,991.40329520584
5.475,-0.0135685427219366,-0.0206470664670854,0.485,0.190965740406181,-0.0293925640532209,-9.82102601146518,0.106522354544322,0.0315620659229379,-0.0417384773602298,-0.074089226493761,0.0264799701397731,1.5688026855559,0.0779617258314065,0.0577056842643061,-0.0420617421334434,12.2010255152861,-5.68391200482388,-1.11049263724327,5.77478757367608,12.167077427258,-1.00951897388813,7.02392048091873,-5.96472870467295,-2.81,0.130306238399756,0.0609778741038162,13.440492339168,18.2637471114575,0.169764632617548,1.11052713882413,172.181488037109,28.5689752009276,61.2401550670555,-172.181488037109,1.13390707969666,13.4191493988037,8.39999961853027,16.0480003356934,38.9000015258789,991.40350731383
5.5,-0.0129305385369761,-0.0212850706520458,0.485,0.181151670979471,-0.0474307354311128,-9.81789257507776,0.101972171676342,0.0342394526309139,-0.0394904906608758,-0.0714540083925215,0.0267104404161331,1.56790752849754,0.0899572187344216,0.0524226523406274,-0.0392456471986578,12.1991332276546,-5.67205254328607,-1.10702594928192,5.77176335186814,12.1594838763448,-1.02481104755422,7.02400686744095,-5.96546608963206,-2.81,0.129663994977465,0.0624492825069501,13.4359207671867,18.2556518559978,0.169764845337287,1.11052718301438,172.223693847656,28.8512117060361,61.8444426026272,-172.223693847656,1.13208746910095,13.4117031097412,8.42080307006836,16.0433197021484,38.9000015258789,991.40371942182
5.525,-0.012290554628992,-0.0244710347210686,0.485,0.162359299825869,-0.0851763497093047,-9.82455490495094,0.103499888627351,0.0331861946995271,-0.0384581392408529,-0.0715759203346887,0.0276060633614684,1.56689141919184,0.107999527755805,0.0120633122186098,-0.0363870043136089,12.1960303256596,-5.68990014465653,-1.06747521238804,5.79916301430628,12.1506730713907,-0.994220767896728,7.02409507861644,-5.96618715986234,-2.81,0.132248554053481,0.061785400499164,13.4335374832153,18.248784546393,0.169765058057026,1.11052722720464,172.265884399414,29.1334482111445,62.4487301382777,-172.265884399414,1.13026773929596,13.4042549133301,8.4399995803833,16.0389995574951,38.9000015258789,991.403931529809
5.55,-0.011975092870662,-0.0235046785999557,0.485,0.162361513387806,-0.0284569126163148,-9.95959315331088,0.0896108889451916,0.0318941595285194,-0.0366538131229085,-0.0688642174977111,0.0283348475732401,1.56592698818445,0.0693884382036601,0.0310539873263519,-0.0378525982592423,12.1880987511453,-5.69563544890989,-1.05546022585348,5.81392614957638,12.1363123562868,-1.00607939091285,7.02418328979194,-5.96690823009263,-2.81,0.132257082805791,0.0623424217623176,13.4335374832153,18.2330866149548,0.169765179611163,1.11052725245621,172.289993286133,29.2947262142662,62.7940373014953,-172.289993286133,1.1292279958725,13.3999996185303,8.4399995803833,16.0389995574951,38.9000015258789,991.403267069066
5.575,-0.0111807169349889,-0.0239886925220593,0.485,0.118807141039861,-0.045596137483871,-9.89397425410824,0.0882471621726902,0.026929670356282,-0.0351817917474588,-0.0689105970270703,0.0293188280127437,1.56510446101486,0.0290977167329597,0.0209382765169041,-0.0375085037698703,12.1825902936624,-5.6928577069853,-1.0475355908824,5.82058484959018,12.1252769773413,-1.00990899632783,7.02427150096743,-5.96762930032292,-2.81,0.133127861309678,0.0627756062238198,13.4311578065227,18.2220319050469,0.169765179611163,1.11052725245621,172.289993286133,29.2947262142662,62.7940373014953,-172.289993286133,1.1292279958725,13.3999996185303,8.4399995803833,16.0389995574951,38.9000015258789,991.401433850011
5.6,-0.011022763986583,-0.023192845202439,0.485,0.133919720463455,-0.069394977844963,-9.88898523273309,0.075544697825649,0.014211858516698,-0.0350711744086349,-0.0676380970008198,0.0294265718674835,1.56454101861913,0.0153093150092158,0.014974492305839,-0.0361876911963687,12.1782777220476,-5.67482352789226,-1.0518584673053,5.8088497210192,12.1173138669691,-1.02393659533031,7.0243579996415,-5.96834786338422,-2.81,0.132516954764234,0.0642228767958893,13.4261366887014,18.2142428633656,0.169765179611163,1.11052725245621,172.289993286133,29.2947262142662,62.7940373014953,-172.289993286133,1.1292279958725,13.3999996185303,8.04283714294434,16.0686550140381,38.9000015258789,991.399600630956
5.625,-0.0108621702240842,-0.0246245474399604,0.485,0.0997425872624854,-0.0931418854611248,-9.7543005957102,0.0641052001003148,-0.00242222037074827,-0.0319831320250365,-0.0655272758226076,0.0291781955849697,1.56375415093306,-0.00187703657205509,0.0108963053268966,-0.035288456334868,12.1676650457595,-5.66622997097414,-1.05107221600989,5.80826254863237,12.1021095856565,-1.03248113587881,7.02442358199048,-5.96903580412864,-2.81,0.131808365217055,0.0654159974409928,13.4234714508057,18.1990361467337,0.169765179611163,1.11052725245621,172.289993286133,29.2947262142662,62.7940373014953,-172.289993286133,1.1292279958725,13.3999996185303,7.69000005722046,16.0949993133545,38.9000015258789,991.397767411902
5.65,-0.0107047035860196,-0.0228703076770976,0.485,0.117391025451489,-0.0470355384895995,-9.78180479562005,0.0603017283995099,-0.00982422987959423,-0.0304146387962007,-0.0635922849178314,0.0287447050213814,1.56310403347015,-0.014891991391778,0.00995962787419558,-0.0350865609943867,12.1509696392508,-5.66874401025938,-1.04665110221139,5.81690848073507,12.0818955844411,-1.03323529315507,7.02448916433946,-5.96972374487305,-2.81,0.131334053902515,0.0659403992533834,13.4234714508057,18.1790017421577,0.169765263832583,1.11052727065219,172.307861328125,29.4109412459483,63.0332908593402,-172.307861328125,1.12780702114105,13.3930492401123,7.69000005722046,16.0949993133545,38.8990097045898,991.395158483627
5.675,-0.0129115438887993,-0.0282533339307032,0.485,0.0894413123790715,-0.0655946051405192,-9.69947593362632,0.0482138468343628,-0.0235150042848081,-0.0290591336704804,-0.061572918746118,0.0271307230777784,1.56231409869393,0.0207850695021124,-0.0219099651721939,-0.0302023950364677,12.1336363662456,-5.69902265912841,-1.02653571739172,5.85390900151369,12.0616699775387,-1.00281258047398,7.02455474668844,-5.97041168561746,-2.81,0.131296010624792,0.0650121284205478,13.4153046303607,18.1601846614158,0.169765474386133,1.11052731614216,172.352554321289,29.7014788244444,63.6314247540312,-172.352554321289,1.12425446510315,13.3756732940674,7.69000005722046,16.0949993133545,38.8965263366699,991.391385991523
5.7,-0.0116558905527068,-0.0263647690036256,0.485,0.153573660112817,-0.00614799198406793,-9.67068667284914,0.055574741048977,-0.0337706613786817,-0.0276487519066719,-0.0594832997993326,0.0247206825520092,1.56173438310619,0.116355745010814,-0.0769191147989107,-0.0249420873470835,12.1323282381156,-5.67752055028816,-1.05105607220033,5.83947535421373,12.0586087741533,-1.01135006930056,7.0246314206622,-5.97109747622703,-2.81,0.128388367431383,0.0668378898128838,13.3977209659333,18.1579195931155,0.169765684939683,1.11052736163212,172.397232055664,29.9920164043587,64.229558648801,-172.397232055664,1.12070190906525,13.3582973480225,7.64148902893066,16.0858364105225,38.89404296875,991.387613499418
5.725,-0.0141943031740114,-0.0250925346896052,0.485,0.154359870492177,-0.125009304154361,-9.56333252270286,0.0486607777584039,-0.0534593497204622,-0.0270686300657642,-0.0595748659323761,0.0249564850204489,1.56141817864234,0.0248289953893439,-0.0465635332563508,-0.0278041956343318,12.1204678269742,-5.70030544307354,-1.03414303099269,5.86498066498984,12.0449304586285,-0.995151417474315,7.02471268612842,-5.97178237676609,-2.81,0.129528644785183,0.0657134708451121,13.3882207870483,18.1449881546234,0.169765895493233,1.11052740712209,172.441909790039,30.2825539828548,64.8276925434919,-172.441909790039,1.11714935302734,13.3409214019775,7.59999990463257,16.0779991149902,38.8915596008301,991.383841007314
5.75,-0.0135594126685818,-0.0238197122106744,0.485,0.15531415762444,-0.031437630453848,-9.36591997577403,0.0342862754611888,-0.0531187460028189,-0.0229632749478075,-0.0586739904965646,0.0237941017885871,1.56085666184557,-0.0215336623902641,-0.0262051298945903,-0.0271517498228899,12.1128176194392,-5.69457308032221,-1.04693455519566,5.86607555884065,12.0347567175534,-0.999186418574831,7.02479395159463,-5.97246727730516,-2.81,0.128176527191573,0.0664438750142238,13.3882207870483,18.1350982942302,0.169766027841179,1.11052743571578,172.470001220703,30.4651776044747,65.2036624201503,-172.470001220703,1.11491632461548,13.3299999237061,7.59999990463257,16.0779991149902,38.8899993896484,991.380940755208
5.775,-0.0138813665211866,-0.0235077483365182,0.485,0.121313848608463,-0.0470820083029608,-9.10319245664596,0.0395930286707196,-0.0486608490324236,-0.0213665644345835,-0.058562416480384,0.0214059058906704,1.56017257283065,0.0486699076424228,-0.067569193144602,-0.019525763462165,12.1045307916689,-5.68405532202011,-1.06242257649264,5.86456812590566,12.0245530929042,-0.986841392436758,7.02487521706085,-5.97315217784422,-2.81,0.126568487366552,0.0673489684551119,13.3861810873586,18.1269858185757,0.169766027841179,1.11052743571578,172.470001220703,30.4651776044747,65.2036624201503,-172.470001220703,1.11491632461548,13.3299999237061,7.59999990463257,16.0779991149902,38.8899993896484,991.379516601562
5.8,-0.017366518150849,-0.0244536943163406,0.485,0.126103482859659,-0.0297244510873967,-8.92583871766178,0.0239429911082566,-0.0366428233189767,-0.0169007415156542,-0.0558134380890302,0.0198844795422655,1.55997962864113,0.00257805994689801,-0.0151643138930649,-0.0147785760255418,12.0851220502216,-5.70628790885852,-1.04336369594747,5.88580620056697,12.0053876935509,-0.963564303232661,7.02495648252707,-5.97383707838329,-2.81,0.126197466171895,0.06678586236517,13.3816979974156,18.1096524413617,0.169766027841179,1.11052743571578,172.470001220703,30.4651776044747,65.2036624201503,-172.470001220703,1.11491632461548,13.3299999237061,8.14297866821289,16.0522212982178,38.8899993896484,991.378092447917
5.825,-0.0154641316084669,-0.0250905134237986,0.485,0.0954104972876898,-0.031970478948888,-8.81194322754257,0.0199859455075726,-0.030872794835673,-0.0153283708602746,-0.056927356478426,0.0199703674661012,1.55959480456346,-0.00435226871736714,-0.0109903219773167,-0.0157425862706411,12.0860144564549,-5.7057416007524,-1.04355095332767,5.89070364956895,12.0040518571739,-0.95842619518688,7.02502965397886,-5.97450191154066,-2.81,0.126652460738871,0.0667413500852271,13.3792333602905,18.1092080625717,0.169766027841179,1.11052743571578,172.470001220703,30.4651776044747,65.2036624201503,-172.470001220703,1.11491632461548,13.3299999237061,8.59000015258789,16.0310001373291,38.8899993896484,991.376668294271
5.85,-0.0154641316084669,-0.0250905134237986,0.485,0.125644221553013,0.00215518910487192,-8.844208837518,0.0139719625092562,-0.0104973790575304,-0.0131562280648839,-0.0580412748678218,0.0200562553899368,1.55920998048578,-0.0112825973816318,-0.0068163300615687,-0.0167065965157403,12.0904082664769,-5.70463607538638,-1.04534784910439,5.8951696045805,12.0061880477077,-0.954997813940287,7.02508574446921,-5.97512439609877,-2.81,0.126994797027013,0.0667142193494431,13.3792333602905,18.1120219963222,0.169766099585352,1.11052745146088,172.484466552734,30.5657391825915,65.4074710065035,-172.484466552734,1.11473798751831,13.3282976150513,8.59000015258789,16.0310001373291,38.8899993896484,991.373737741024
5.875,-0.0149906372633787,-0.022704808002047,0.485,0.0976395061177759,0.0420698185670542,-8.89875854912498,0.0294496989210406,0.00469583653622368,-0.0139670533422816,-0.0563606419239797,0.0192949904148426,1.55903261882724,0.0268061730196119,0.00240446574662446,-0.0143607384491652,12.0872922975889,-5.70827727898372,-1.02520655355453,5.89856812170109,12.0029406483557,-0.935105857252518,7.02514183495955,-5.97574688065688,-2.81,0.127232399326186,0.0669002332822127,13.3761131498549,18.1112562138518,0.169766308839189,1.11052749738408,172.526672363281,30.8590437850774,66.0019127166345,-172.526672363281,1.11421811580658,13.3233337402344,8.47888946533203,16.0482215881348,38.8899993896484,991.367919921875
5.9,-0.0160906759216515,-0.0282563112663853,0.485,0.125430441624907,0.0131623136489123,-9.19676089763563,0.0490654740998672,0.0142374580059822,-0.0148495154611591,-0.0564736818376855,0.0204778218148528,1.55857433820115,-0.00300179512385075,0.0149995273483689,-0.0183273611818104,12.0803768690978,-5.73724349724766,-0.96692296897886,5.9296929307588,11.9931323237136,-0.88877842395489,7.02519792544989,-5.976369365215,-2.81,0.130950699964489,0.0654302175438256,13.3691092732387,18.1050880828031,0.169766518093026,1.11052754330728,172.568862915039,31.1523483889815,66.5963544269233,-172.568862915039,1.11369824409485,13.3183689117432,8.39000034332275,16.0620002746582,38.8899993896484,991.362102102726
5.925,-0.0138781248636157,-0.0228640360980234,0.485,0.172929429128866,0.0439969215377053,-9.35796336783461,0.0599924974436622,0.00591823589861099,-0.0139669853485383,-0.0542821711721151,0.0202060960598789,1.55822695272459,0.00847340558420271,0.00772764630992993,-0.0194865369343905,12.0740939722149,-5.72246227444552,-0.962179092870525,5.91734528614312,11.9850617248542,-0.894107686512419,7.02528206299103,-5.97715777571193,-2.81,0.130347418658387,0.0668000932514833,13.3651924133301,18.0980522887102,0.169766727346863,1.11052758923048,172.611068725586,31.4456529928857,67.1907961371331,-172.611068725586,1.11317849159241,13.3134050369263,8.39000034332275,16.0620002746582,38.8899993896484,991.356284283577
5.95,-0.0132485100612672,-0.0216071603735063,0.485,0.18893158750294,0.0412707413725838,-9.4595176787605,0.0822970665449447,-0.00834372541228647,-0.0165225224397513,-0.0531121008098125,0.0200553610920906,1.55804419517517,0.0148023096844554,0.00386017397977412,-0.0200783293694258,12.0643101039697,-5.71717427517229,-0.939500075007885,5.91216777690606,11.9747392625539,-0.876477118891996,7.02536857658259,-5.97796024288814,-2.81,0.131173165123749,0.0674016173568203,13.3651924133301,18.090802809297,0.169766870835208,1.11052762072068,172.639999389648,31.6467761491192,67.5984133098395,-172.639999389648,1.11282193660736,13.3100004196167,8.39000034332275,16.0620002746582,38.8899993896484,991.352018748615
5.975,-0.0135624208554938,-0.0231888026708255,0.485,0.169457192875546,0.00214925044171713,-9.35355882839078,0.0830793976902622,-0.0160411423889073,-0.0157234049166062,-0.0505660318392269,0.0180985832884051,1.55788590841006,0.130124238149293,-0.0514180498790157,-0.0133810706748148,12.0594813413888,-5.71632557344976,-0.929955263235821,5.91105707429757,11.9706122848775,-0.85798069100478,7.02545509017415,-5.97876271006435,-2.81,0.130099091471521,0.0680065138522362,13.3592540208893,18.0895639811888,0.169766870835208,1.11052762072068,172.639999389648,31.6467761491192,67.5984133098395,-172.639999389648,1.11282193660736,13.3100004196167,8.39000034332275,16.0620002746582,38.8899993896484,991.351140015514
6,-0.0160939926611777,-0.0282640738770337,0.485,0.217314956605593,0.047403997280598,-9.32104916035424,0.0897861780610374,-0.0163335937435635,-0.0170324989032048,-0.0484620309555732,0.0176663233475815,1.55733770156661,0.119936676854318,-0.0516792573333453,-0.0151640296861855,12.0557910058512,-5.73345365982676,-0.917860881620629,5.9327358222186,11.9638603647257,-0.851907906561457,7.02554160376571,-5.97956517724055,-2.81,0.129867319450702,0.0676534544978206,13.3456344469219,18.082999455363,0.169766870835208,1.11052762072068,172.639999389648,31.6467761491192,67.5984133098395,-172.639999389648,1.11282193660736,13.3100004196167,8.39567375183105,16.0563278198242,38.8899993896484,991.350261282414
6.025,-0.0159361162364087,-0.0271467404966404,0.485,0.136636011783691,-0.00765563037014014,-9.28644647106487,0.0974859055822582,-0.0118772807024969,-0.0170777579380101,-0.0464564451623641,0.0173945092315233,1.55676573418484,0.0977404701659111,-0.046552518309064,-0.0177296625487794,12.0526895442589,-5.75183422237386,-0.905130262584451,5.95601266524738,11.9573990524219,-0.846583721057489,7.02562580882946,-5.98034090646703,-2.81,0.129758689073962,0.0672154596151752,13.3378887176514,18.0765480829184,0.169766870835208,1.11052762072068,172.639999389648,31.6467761491192,67.5984133098395,-172.639999389648,1.11282193660736,13.3100004196167,8.39999961853027,16.0520000457764,38.8899993896484,991.349382549313
6.05,-0.0154621093604114,-0.0263609589406059,0.485000183389245,0.195543197164054,-0.029206720145717,-9.34345358808728,0.0829474125994989,-0.0173933012931729,-0.0196278753472515,-0.0452954433858395,0.0172371603548527,1.55643463134766,0.0848914384841919,-0.043584730476141,-0.0192148666828871,12.0354112331919,-5.75055103450222,-0.876178632788041,5.95639479814107,11.9387149960512,-0.822249962450766,7.02570967617781,-5.98111272418877,-2.81,0.130991957659358,0.06766703576967,13.3378887176514,18.0614177196379,0.169766930374454,1.11052763408916,172.650634765625,31.7321586216938,67.7675505252251,-172.650634765625,1.11172020435333,13.3121280670166,8.39999961853027,16.0520000457764,38.8899993896484,991.34734371537
6.075,-0.0154519955602045,-0.032714794759829,0.485232481250972,0.205818604767583,-0.0688492373812643,-9.37803591769084,0.0894802054260881,-0.0152993479970646,-0.0181079138211326,-0.0393685743088464,0.0154937267828862,1.55609080741501,0.0878438689763931,-0.00644763220460419,-0.0189753822006672,12.0298290237296,-5.74817562367428,-0.855356298747407,5.95349657654075,11.9323925026122,-0.814758501212937,7.02579354352615,-5.9818845419105,-2.81,0.129320467778692,0.0690113031633199,13.3330065138797,18.0569136745957,0.169767138761815,1.11052768087884,172.687881469727,32.0309972735776,68.3595307790354,-172.687881469727,1.1078644990921,13.3195743560791,8.3195743560791,16.0732555389404,38.8899993896484,991.342404629322
6.1,-0.0154533655890004,-0.033984960131851,0.48592618842061,0.172571912087077,-0.0565289560858934,-9.37904568110805,0.0686502880760443,-0.0214827659504365,-0.0189225178198878,-0.0380645049763717,0.0145659567684296,1.55574734422297,0.09892726725478,-0.0223302091346933,-0.0170113676221705,12.0334901400908,-5.74395526584701,-0.85258830219745,5.95251335284905,11.9347636386831,-0.808588605953893,7.0258774108745,-5.98265635963224,-2.81,0.128642587523135,0.0695891974142571,13.3215604583704,18.0607778726529,0.169767347149177,1.11052772766852,172.72509765625,32.3298359268795,68.9515110328457,-172.72509765625,1.10400867462158,13.3270215988159,8.26000022888184,16.0890007019043,38.8899993896484,991.337465543274
6.125,-0.0173496722349859,-0.0371508516524149,0.486619885668481,0.167601028276666,-0.0250474744453686,-9.32351272627075,0.0668394772653994,-0.0207768899294554,-0.017078892939387,-0.0365217573302306,0.0135541140219095,1.55530188753869,0.10699216957474,-0.0371344258660153,-0.0143938235247985,12.0321627246771,-5.75065172336397,-0.838918304278639,5.96303045577963,11.9315827155888,-0.791404247081373,7.02592037200353,-5.98314015184533,-2.81,0.128486672497269,0.0696533125166581,13.3149423599243,18.0593953166954,0.169767555536538,1.11052777445819,172.762329101562,32.6286745787633,69.543491286656,-172.762329101562,1.10015273094177,13.3344688415527,8.26000022888184,16.0890007019043,38.8899993896484,991.332526457225
6.15,-0.0173486578777346,-0.0377881056326571,0.487313579659844,0.222864307074236,-0.053889884310358,-9.26174127572839,0.0587331032502354,-0.0228216139843517,-0.0151769674888214,-0.0362848503134127,0.0137366478841141,1.55483503865308,0.0381539335892798,-0.0256686050467496,-0.015219932060554,12.0174583934854,-5.7588692809564,-0.819981192320323,5.97574218874414,11.9140793585703,-0.775544403246079,7.02595835731626,-5.98358890874968,-2.81,0.129629518735996,0.0694522208767061,13.3149423599243,18.0435166467883,0.169767710338578,1.11052780921624,172.789993286133,32.85066900689,69.9832480465955,-172.789993286133,1.09728848934174,13.3400001525879,8.45191478729248,16.0866737365723,38.8899993896484,991.328943130818
6.175,-0.0159261929147085,-0.0360475501866966,0.488007293421481,0.269459779333932,-0.00459561093574651,-9.34704208760739,0.0513654476199332,-0.0276224016343855,-0.0132825058322212,-0.0368643626570702,0.0143470540642738,1.55470907688141,-0.0171016100794077,-0.010918065905571,-0.0172524675726891,12.010365343236,-5.72656757675059,-0.823246574888607,5.94531840697631,11.9062554357493,-0.783873300043651,7.02599634262899,-5.98403766565403,-2.81,0.129937588897391,0.0712072851378375,13.3149395823197,18.0370629942627,0.169767710338578,1.11052780921624,172.789993286133,32.85066900689,69.9832480465955,-172.789993286133,1.09728848934174,13.3400001525879,8.59000015258789,16.0849990844727,38.8899993896484,991.329276443373
6.2,-0.0167121449152307,-0.0377867790532977,0.48870098737523,0.262591881701495,-0.0257049143851621,-9.32900130974348,0.0563012918119372,-0.0402865131698374,-0.0112722363957067,-0.0338638310987644,0.0121729749696811,1.55441484536162,0.0112801599110962,-0.0258416421436544,-0.0131631620819948,11.997548123615,-5.75217030056734,-0.803055831268803,5.97167985327206,11.8930353064597,-0.753839334771776,7.02603432794171,-5.98448642255837,-2.81,0.129252705813279,0.0704732931682258,13.3149329223813,18.0262376332667,0.169767710338578,1.11052780921624,172.789993286133,32.85066900689,69.9832480465955,-172.789993286133,1.09728848934174,13.3400001525879,8.59000015258789,16.0849990844727,38.8899993896484,991.329609755929
6.225,-0.0154439189503995,-0.0377887977683528,0.488527362527667,0.306902968097227,-0.0347630028784177,-9.32757454632039,0.0552430384748552,-0.0474504965696821,-0.00878901814085988,-0.0314208284010966,0.00991599189659067,1.55429183526031,0.0394522450823645,-0.0278188504988499,-0.00727234412200271,12.0012439319996,-5.74054634853507,-0.813298442718403,5.96043040670236,11.8976326203642,-0.751525149060201,7.02610030604381,-5.98511478581371,-2.81,0.126945762036056,0.0715856801970239,13.3149290084839,18.0323494265022,0.169767710338578,1.11052780921624,172.789993286133,32.85066900689,69.9832480465955,-172.789993286133,1.09728848934174,13.3400001525879,8.59000015258789,16.0849990844727,38.8899993896484,991.329943068484
6.25,-0.0170327073956332,-0.0400155348296145,0.487730203555441,0.276459748482182,-0.0539279313779747,-9.13058986150001,0.0592766234526496,-0.0457351118590036,-0.00473013109469913,-0.0302461180835962,0.00876114517450333,1.55423307418823,0.058534637093544,-0.0313407368957996,-0.00411440152674913,12.0033553120747,-5.74826455075994,-0.806366096575056,5.96793583803114,11.9001446602254,-0.73729863284387,7.02616765819593,-5.98575196520047,-2.81,0.126461854443436,0.0713758602673591,13.3149290084839,18.0366638721811,0.169767757672898,1.11052781991102,172.79963684082,32.918974984666,70.1177138910136,-172.79963684082,1.09773409366608,13.3303546905518,8.59000015258789,16.0849990844727,38.8899993896484,991.330027045933
6.275,-0.0190908074893797,-0.0407960440878878,0.486920875253256,0.313006172578992,-0.0563271721438137,-9.05650281318448,0.0635698084879554,-0.0473265507816738,-0.00127062676355952,-0.0289473686349673,0.00666379250088533,1.55414289140484,0.0900861882473426,-0.060124111293544,0.000717121158567012,11.994889685211,-5.74460181468929,-0.800669061944315,5.96424179769081,11.892726695135,-0.71398252777617,7.02623501034806,-5.98638914458724,-2.81,0.125614369177728,0.0718698063445244,13.3151091334386,18.0328561808107,0.169767964760546,1.1105278667007,172.841842651367,33.217813637968,70.7060019602639,-172.841842651367,1.09968376159668,13.2881565093994,8.59000015258789,16.0849990844727,38.8899993896484,991.329269517398
6.3,-0.020508253767292,-0.0453930099707402,0.486111554655089,0.340230634030331,-0.00490316876817429,-8.95239174921605,0.0739503056983003,-0.0491737433955204,0.00139954265588979,-0.0286227922176437,0.00683019317421885,1.55422765260458,0.0229369199743683,-0.0420694276254232,-0.000990018513172871,11.9889812313047,-5.76894599006187,-0.786035169790826,5.98684143474203,11.886904788701,-0.702484354693064,7.02630236250018,-5.987026323974,-2.81,0.126384972370198,0.0705666411120577,13.3155510679204,18.0277429157452,0.169768171848194,1.11052791349038,172.884033203125,33.51665229127,71.2942900295931,-172.884033203125,1.10163331031799,13.2459583282471,8.99510669708252,16.0712985992432,38.8899993896484,991.328511988863
6.325,-0.0186134368720211,-0.0409583156899744,0.485302245651921,0.297316307845313,-0.0551072904998335,-8.87583958632821,0.0739090094043496,-0.0474760396022593,0.00424372033348822,-0.0268104727676411,0.00587909297860995,1.554424668345,0.0294985103853661,-0.0283646414937987,0.00227027430218795,11.9887371319672,-5.75993235549717,-0.783503782039317,5.9742943343239,11.8886215970748,-0.69928582440492,7.02636304425887,-5.98762969343891,-2.81,0.12548141896048,0.0713093241449926,13.3158149719238,18.0311486906153,0.169768378935842,1.11052796028006,172.926254272461,33.8154909431538,71.8825780988435,-172.926254272461,1.10358273983002,13.2037591934204,9.27000045776367,16.0620002746582,38.8899993896484,991.327754460328
6.35,-0.0192473959228274,-0.0428683044778328,0.485405662443604,0.30300518888165,-0.0137335266051339,-8.84908153471543,0.0808893501330323,-0.0360619266468796,0.0099269334513481,-0.0249981533176387,0.00492799278300111,1.55462168408542,0.0360601007963634,-0.0146598553621752,0.00553056711754855,11.9902123760602,-5.75246120253011,-0.779945715719309,5.96328021890091,11.8920388441164,-0.694995820131894,7.0264027382601,-5.98812668320567,-2.81,0.124622859715354,0.0719558256618391,13.3158149719238,18.036180068309,0.169768544605961,1.1105279977118,172.960006713867,34.054561866079,72.3532085543068,-172.960006713867,1.1051424741745,13.1700000762939,9.27000045776367,16.0620002746582,38.8895034790039,991.324633442764
6.375,-0.0208302718514384,-0.0457188500699161,0.486053120975513,0.286952028940338,-0.0222503393483065,-8.85439140438579,0.0846027353869296,-0.0147780524700637,0.0120814940022593,-0.0230097849305145,0.00347302677205454,1.55495913740039,0.0907411133585309,-0.0284514991240334,0.0138432512681351,11.9867378279409,-5.76849777820751,-0.732804171021046,5.97289979526186,11.8914833749423,-0.641516566639273,7.02644243226133,-5.98862367297244,-2.81,0.125952408660729,0.0712776708044854,13.3164168283449,18.0419095589581,0.169768544605961,1.1105279977118,172.960006713867,34.054561866079,72.3532085543068,-172.960006713867,1.1051424741745,13.1700000762939,9.27000045776367,16.0620002746582,38.8870239257812,991.312058469082
6.4,-0.0211438639637401,-0.0460415133962894,0.48670057031599,0.270669399213459,-0.0591329530306327,-8.8787794691373,0.0899848911885389,-0.000757129489565956,0.0153077448297373,-0.0205343558918752,0.00331238628528945,1.55531494660643,0.0789318484693537,0.0124396720549831,0.0157153179992287,11.9831620281146,-5.78353356272714,-0.712169202143614,5.98171953831192,11.8899544132861,-0.632955804679474,7.02648190794295,-5.98911789540935,-2.81,0.126073873658168,0.0707422156980251,13.317928634355,18.0414045034453,0.169768544605961,1.1105279977118,172.960006713867,34.054561866079,72.3532085543068,-172.960006713867,1.1051424741745,13.1700000762939,9.1550121307373,16.0662364959717,38.8845367431641,991.299483495401
6.425,-0.0201845828695902,-0.0498405972427426,0.48734802886942,0.3125379648119,-0.0622239936109277,-8.6475071439575,0.0908767342799062,0.00408631701455869,0.0185808737087367,-0.0200816179801743,0.00404354997960496,1.55583581409896,0.0558410561578243,-0.00701680751382841,0.0161822991372681,11.985275763505,-5.77981797849997,-0.682127383395645,5.97096518216675,11.8948951704969,-0.614387854105675,7.02651693248915,-5.98955569707871,-2.81,0.127757856188815,0.0708185220171794,13.3188457489014,18.0496117694407,0.169768544605961,1.1105279977118,172.960006713867,34.054561866079,72.3532085543068,-172.960006713867,1.1051424741745,13.1700000762939,9.07999992370605,16.0690002441406,38.8820571899414,991.28690852172
6.45,-0.0189161987321844,-0.0495343709670814,0.487995484340564,0.362863877283985,-0.0178810883657087,-8.72431079261915,0.0875574357092433,0.00557614471017244,0.0228034550339635,-0.0161993934545544,0.00350047762244334,1.5567067448823,0.084021957774853,-0.00558237967923462,0.0223344829595654,11.9800046101772,-5.78095780675917,-0.647728748234215,5.95887620796458,11.8952173338068,-0.595932105479335,7.02655195703535,-5.98999349874807,-2.81,0.127942853962978,0.0710997101718192,13.3188457489014,18.0533319548398,0.169768579958162,1.11052800558435,172.964691162109,34.1048426558465,72.453635973691,-172.964691162109,1.10509049892426,13.1721277236938,9.07999992370605,16.0690002441406,38.8795738220215,991.276187977892
6.475,-0.0200240220577792,-0.0544561701056509,0.488642935209076,0.340881376218737,-0.0264462688386258,-8.96975277888748,0.0887584666207918,0.0140938283040564,0.0251405846528394,-0.0127699777983569,0.00360336474805065,1.55750019084443,0.0775956970556384,0.0261258347789114,0.0252471665240362,11.9731071430904,-5.81088551291858,-0.582253432875676,5.97649862857238,11.8927881299936,-0.551143177423627,7.02658698158155,-5.99043130041743,-2.81,0.130252557660652,0.0697287967978976,13.3195937452023,18.0558759657419,0.169768786179334,1.11052805150755,172.991989135742,34.3981472583324,73.0394625866206,-172.991989135742,1.10478711128235,13.1845388412476,9.07999992370605,16.0690002441406,38.8770904541016,991.274430511691
6.5,-0.018587164392652,-0.05746358740409,0.489290395306674,0.415617903062779,-0.0838297414092511,-9.29642682233652,0.0735896363283878,0.0116348639517578,0.0272920589950426,-0.0128403013473761,0.00355511122796849,1.5580470760813,0.0799875688765334,-0.0251330181171467,0.0274858982313391,11.9748059372332,-5.80299525063269,-0.556980887268059,5.96183916553833,11.8979752257885,-0.524993440738194,7.02663213496509,-5.99089418627269,-2.81,0.131608808960683,0.0699415844657884,13.3215184673914,18.0656217132262,0.169768992400507,1.11052809743075,173.019287109375,34.6914518622366,73.6252891995502,-173.019287109375,1.10448396205902,13.1969509124756,9.47338104248047,16.0333499908447,38.8746109008789,991.27267304549
6.525,-0.0187473881505233,-0.0573159260887127,0.489937850785758,0.469905405754819,-0.0804383538645415,-9.4358679575217,0.0701847757716584,-0.00734350727793437,0.027587879474004,-0.0102921603575703,0.00272655779198272,1.55857902819978,0.085068138586005,-0.0114793961017233,0.0291649228740105,11.9614075056773,-5.8050204672984,-0.554683525114212,5.95610359190937,11.8881351769833,-0.527520589053879,7.02668187146793,-5.99136842227732,-2.81,0.130523614394931,0.070108677963837,13.3227043151855,18.0563700413463,0.169769198621679,1.11052814335395,173.046600341797,34.9847564661407,74.2111158124798,-173.046600341797,1.1041806936264,13.2093620300293,9.72000026702881,16.0109996795654,38.872127532959,991.270915579288
6.55,-0.0192170214692446,-0.0606396457911301,0.490585300090227,0.460089161660326,-0.103767158291512,-9.4026701139608,0.0400577430498787,-0.0290657700768723,0.0316333965306727,-0.00929252824788786,0.00129759554551348,1.55950926952577,0.0686221383554721,-0.0456558343656317,0.0328178735218493,11.9606810991308,-5.81061759018935,-0.550006842940436,5.95009780915087,11.8936273707253,-0.511508249862011,7.02673160797077,-5.99184265828195,-2.81,0.129850959420837,0.0696288564156349,13.3227043151855,18.0646683562342,0.169769375382685,1.1105281827167,173.070007324219,35.2361604121416,74.7132529093216,-173.070007324219,1.10392069816589,13.2200002670288,9.72000026702881,16.0109996795654,38.8703536987305,991.270049832391
6.575,-0.0211280388422461,-0.059681857503987,0.49123275712357,0.453843233184155,-0.0482019803399246,-9.29421558812844,0.015838029320388,-0.0494021248543681,0.0332439396207487,-0.00941218738699625,-0.000355128876623179,1.56045750854047,0.0408150778738175,-0.0736064982602025,0.0358400999174689,11.9576855021935,-5.8159776207011,-0.548153461073798,5.9441960938088,11.8970409351792,-0.489142367589856,7.02678134447361,-5.99231689428658,-2.81,0.129395552192304,0.0689821519367035,13.321213607247,18.0717319182623,0.169769375382685,1.1105281827167,173.070007324219,35.2361604121416,74.7132529093216,-173.070007324219,1.10392069816589,13.2200002670288,9.72000026702881,16.0109996795654,38.8728370666504,991.274534401319
6.6,-0.0217586996039621,-0.0593657748250611,0.491880217223013,0.408063296955117,-0.0711572547906981,-9.09167729376349,-0.000661545577968747,-0.0584405593065923,0.0344860792081741,-0.0096806355293357,-0.00190546618404244,1.56123850442034,0.0141368082847557,-0.0750867030429128,0.0374852763149602,11.9486566413465,-5.81706559491469,-0.552435129796059,5.9360851609101,11.8933883000154,-0.473328584017479,7.02683108097645,-5.99279113029121,-2.81,0.128746744085326,0.0686327586390563,13.3172818650591,18.0711143702189,0.169769375382685,1.1105281827167,173.070007324219,35.2361604121416,74.7132529093216,-173.070007324219,1.10392069816589,13.2200002670288,9.89475250244141,16.0147438049316,38.8753204345703,991.279018970246
6.625,-0.0225592552657229,-0.0588846266574781,0.492527672702097,0.403256494075961,-0.104461305764885,-8.9494834116563,-0.037638041571358,-0.0677539367943866,0.0365841450223938,-0.00994908367167517,-0.00345580349146175,1.5620195003002,-0.012541461304307,-0.0765669078256232,0.0391304527124515,11.9393450631839,-5.81297014438752,-0.561815408064412,5.92285068386563,11.8894901066967,-0.462691873116676,7.02688039674084,-5.99326862121879,-2.81,0.127817980615911,0.0685730403839039,13.3148221969604,18.0699141328973,0.169769375382685,1.1105281827167,173.070007324219,35.2361604121416,74.7132529093216,-173.070007324219,1.10392069816589,13.2200002670288,10,16.0170001983643,38.877799987793,991.283503539173
6.65,-0.0249363025888108,-0.0574559790088612,0.492737298669062,0.379619459214835,-0.0772815105644939,-8.97845614528439,-0.0675938750384787,-0.0677475929108561,0.0368422951459698,-0.0130859776203152,-0.00541385206319681,1.56319134756738,-0.0520212572281843,-0.0845192473639225,0.0410503929663995,11.9409337733459,-5.81708370157383,-0.587372357762859,5.91493273350409,11.8988879208503,-0.446548387500354,7.02692452102838,-5.99378627452513,-2.81,0.126868838953547,0.0674243548166832,13.3148221969604,18.0823178581177,0.169769398950819,1.11052818806409,173.072555541992,35.2703134003206,74.7802045221918,-173.072555541992,1.10374736785889,13.2200002670288,9.836501121521,16.030834197998,38.8800010681152,991.2874859749
6.675,-0.0263736738128961,-0.0541122438767896,0.49176611620002,0.337009682406161,-0.0331423927782756,-9.14047844210339,-0.101642268269597,-0.0556058021621932,0.0396953951485638,-0.0157146638586559,-0.00606828595326521,1.56450405151698,-0.127904418789999,-0.0316586383979529,0.0399872683293244,11.936480937108,-5.81783259451353,-0.618916499338707,5.90185044882566,11.9025614737664,-0.45497531338362,7.02696864531591,-5.99430392783147,-2.81,0.12587653446605,0.0665226900599155,13.3187230089877,18.0861776899808,0.169769605171991,1.11052823485377,173.094909667969,35.5691520536226,75.3660311352003,-173.094909667969,1.1022310256958,13.2200002670288,9.73999977111816,16.0389995574951,38.8800010681152,991.287576878324
6.7,-0.0255854113448064,-0.0504647714824717,0.490794943024219,0.398665357022259,0.0634726385287193,-9.35717038322255,-0.109772482666783,-0.0472962677469898,0.0420080374232123,-0.0199880558564042,-0.0074167098631507,1.5653273296748,-0.115010714808032,-0.0709085288466828,0.0420163479664085,11.9410286209516,-5.81670274060596,-0.63927935849151,5.89355530526612,11.9125247971381,-0.434318107486172,7.02701276960345,-5.99482158113781,-2.81,0.12585292378395,0.0655894004480287,13.3292752056257,18.0997691860816,0.169769811393164,1.11052828164345,173.117248535156,35.8679907055064,75.951857748051,-173.117248535156,1.10071468353271,13.2200002670288,9.73999977111816,16.0389995574951,38.8800010681152,991.287667781749
6.725,-0.0268562047340444,-0.0479292338517355,0.489823769785772,0.440309875639152,0.111584934039646,-9.47174565907651,-0.0815771378289939,-0.0513569436984284,0.0407595967235863,-0.0212651803883601,-0.0087799630447139,1.56643486992281,-0.101559107161669,-0.0724711046433053,0.0387371586870828,11.9309431530188,-5.82106984073833,-0.65109171606013,5.8855970887109,11.9095553218988,-0.422395523211966,7.02707063212252,-5.99537872363679,-2.81,0.125221686302939,0.0647905270973279,13.335976600647,18.0994552449201,0.169770017614336,1.11052832843312,173.139587402344,36.1668293573902,76.5376843609018,-173.139587402344,1.09919834136963,13.2200002670288,9.73999977111816,16.0389995574951,38.8800010681152,991.287758685173
6.75,-0.0274951222632805,-0.0466544401267801,0.48906700585758,0.439670072422886,0.0681952735131747,-9.26365830302599,-0.0522149430183229,-0.0717949208051908,0.0405539681363437,-0.0219919327646494,-0.00955572724342346,1.56706511974335,-0.0939044207334518,-0.0733602941036224,0.0368711240589619,11.9255039809593,-5.83196340096002,-0.674885281843822,5.88986717717463,11.9082880435141,-0.43249619836882,7.02713032522986,-5.99594112798136,-2.81,0.123919590876795,0.0638794227630382,13.335976600647,18.0971631484087,0.169770206159408,1.11052837121226,173.160003662109,36.4400532684943,77.0732972641787,-173.160003662109,1.09781205654144,13.2200002670288,9.73999977111816,16.0389995574951,38.8797912597656,991.286939255735
6.775,-0.0305146084329166,-0.0458608173168643,0.489508458254662,0.403128614318319,0.124464441742432,-8.77046514974299,-0.0411370142229123,-0.0924501372250697,0.0398119624531189,-0.0226857963373341,-0.0129612509607804,1.56792308409101,-0.0195922724568217,-0.121960392112002,0.0430796328099888,11.924607559484,-5.85936221833722,-0.647014755304422,5.9067855872812,11.9133445711166,-0.359338701918465,7.0271900183372,-5.99650353232593,-2.81,0.124480169335444,0.0619472963269652,13.3359676906685,18.1114247362108,0.169770206159408,1.11052837121226,173.160003662109,36.4400532684943,77.0732972641787,-173.160003662109,1.09781205654144,13.2200002670288,9.73999977111816,16.0389995574951,38.8773040771484,991.276409609098
6.8,-0.0319397234696103,-0.0466491366221155,0.489949904313807,0.330709785483267,0.0588483555464261,-8.42127663053424,-0.0299030440579475,-0.0907374305657304,0.0386451090572051,-0.0248453900646025,-0.0158767611463076,1.5694174075432,-0.0536245034209962,-0.10562160319088,0.033987444776225,11.9221844842636,-5.87184735054349,-0.692069647153364,5.90367209687313,11.9212206163088,-0.356636189004296,7.02724971144455,-5.9970659366705,-2.81,0.121737480196775,0.0604139871360683,13.3359429537545,18.1203314991682,0.169770206159408,1.11052837121226,173.160003662109,36.4400532684943,77.0732972641787,-173.160003662109,1.09781205654144,13.2200002670288,9.61782455444336,16.0550746917725,38.8748245239258,991.265879962461
6.825,-0.0332093894379349,-0.0453794706537909,0.490391350417949,0.284205687020049,0.0777868873753048,-8.00313390241463,-0.024576164902505,-0.0749791508394013,0.0367315666456957,-0.0247779787643099,-0.0168616156216169,1.5701015982993,-0.0512031160230055,-0.0802836501724931,0.0330416178109567,11.9206682459461,-5.87121201748475,-0.693559998627148,5.89487850326449,11.9241190092901,-0.346815137928119,7.02730477075234,-5.99760280657429,-2.81,0.121250024000266,0.0602271275843698,13.3359270095825,18.1256112106949,0.169770206159408,1.11052837121226,173.160003662109,36.4400532684943,77.0732972641787,-173.160003662109,1.09781205654144,13.2200002670288,9.55000019073486,16.0639991760254,38.8723411560059,991.255350315824
6.85,-0.0332093894379349,-0.0453794706537909,0.490832802807207,0.237797463063662,0.0311415707412093,-7.86165041484607,-0.00884328308997822,-0.0569344693988567,0.0353083333723137,-0.0247105674640172,-0.0178464700969262,1.5707857890554,-0.048781728625015,-0.0549456971541082,0.0320957908456884,11.9196010307726,-5.87314141190492,-0.692620329565228,5.88858738530796,11.9274076190678,-0.334496326064084,7.02734419804582,-5.99805353663991,-2.81,0.120893158142346,0.0598959235165303,13.3359270095825,18.1313828254497,0.169770217992988,1.11052837388595,173.160995483398,36.4571297618747,77.1069137252832,-173.160995483398,1.09791350364685,13.221134185791,9.55000019073486,16.0639991760254,38.8699989318848,991.245514998199
6.875,-0.0332093894379349,-0.0453794706537909,0.4912742488804,0.190995043318078,0.111504461613497,-8.00012611065165,-0.0168478025344955,-0.0264396304739161,0.0352668780575583,-0.0246801079816154,-0.0202270425568396,1.57155759130892,0.00721593134828544,-0.0613369867541876,0.0372953230479209,11.9271765200312,-5.89798757191804,-0.615990404858174,5.90230574313235,11.9387445874354,-0.228923366935874,7.0273836253393,-5.99850426670553,-2.81,0.124144846993129,0.0582121973988773,13.3385541861784,18.1568899672317,0.169770425080637,1.11052842067563,173.178375244141,36.7559684165948,77.6952017946124,-173.178375244141,1.09968984127045,13.2409934997559,9.55000019073486,16.0639991760254,38.8699989318848,991.247136109264
6.9,-0.0357392923450364,-0.046640624824078,0.491715692865999,0.167780472330528,0.0812096858910657,-8.21849343232549,0.00156476610140246,0.0189437501811822,0.0335975081465766,-0.0256695099296931,-0.0194867087567756,1.57248780794819,0.000440341518380475,-0.0175293105394791,0.0348456814616668,11.935970056204,-5.91119618963447,-0.620719987903058,5.90497105790171,11.9528438224474,-0.236127592316149,7.02742305263278,-5.99895499677114,-2.81,0.124398401682228,0.0569735712862077,13.3460451897154,18.1700797603425,0.169770632168285,1.11052846746531,173.195739746094,37.0548070698968,78.2834898639416,-173.195739746094,1.10146617889404,13.2608509063721,9.40645408630371,16.0307235717773,38.8699989318848,991.248757220329
6.925,-0.0325754858536106,-0.0447455670694666,0.492157143166135,0.236621884658355,0.0802873647970428,-8.71809492051475,-0.00299258659593516,0.0564643676429306,0.0318890573371635,-0.0261896333411144,-0.0175071456720073,1.5736316689646,-0.0202325266069948,0.0347527715013193,0.0304306782293811,11.9409548164095,-5.91229671645532,-0.605835974602536,5.89223637189228,11.9637713903627,-0.24169459231201,7.0274791896608,-5.99948365049009,-2.81,0.125991228071398,0.0564021020214451,13.350944519043,18.1814053523147,0.169770839255933,1.11052851425499,173.213119506836,37.3536457231988,78.8717779332708,-173.213119506836,1.10324239730835,13.2807092666626,9.32999992370605,16.0130004882812,38.8699989318848,991.250378331394
6.95,-0.0306624167807869,-0.0447486122218652,0.492598591334154,0.335898907558261,0.0859544356599111,-9.19613083977237,0.00883825415501373,0.0657347100433618,0.0296462503480137,-0.0252521146210155,-0.0161674646050388,1.57484926341745,0.0120415823240896,0.041511847855692,0.0308971016862766,11.9421721667723,-5.91279374600827,-0.53468813005437,5.87594090598418,11.9707523129794,-0.192106404807623,7.02753700091979,-6.00002011176532,-2.81,0.129900545373815,0.0560637869671991,13.350944519043,18.1969283667212,0.169771040426791,1.11052855970782,173.229995727539,37.6439461291015,79.4432577719689,-173.229995727539,1.1049679517746,13.3000001907349,9.32999992370605,16.0130004882812,38.8699989318848,991.252026280613
6.975,-0.029718383072948,-0.0466609583384287,0.492963399421707,0.309752143085127,0.0947921691237056,-9.52986511061929,-0.000719188204165163,0.0514974168773074,0.027917136938919,-0.0247318409383297,-0.0164233855903149,1.57515454292297,0.0444364733994007,0.0259400121867657,0.0333130806684494,11.9363244645567,-5.94770964578052,-0.488768366405598,5.90588271857598,11.9661763239847,-0.145463972920902,7.02759481217877,-6.00055657304055,-2.81,0.132137564243254,0.0541259684591125,13.3520389313393,18.197842763734,0.169771040426791,1.11052855970782,173.229995727539,37.6439461291015,79.4432577719689,-173.229995727539,1.1049679517746,13.3000001907349,9.00680923461914,16.0545539855957,38.8699989318848,991.254586727061
7,-0.0281305787421631,-0.0466599084593299,0.493,0.357863083505431,0.137347525725309,-9.85632636557281,0.0122825494267852,0.0367934077463294,0.026209435278902,-0.0253035128298453,-0.01452751378708,1.57625354829682,0.0512081591032395,-0.00216061962372217,0.0275536094674344,11.9390978320659,-5.93152504819833,-0.485117832601145,5.87663801261011,11.9749512091539,-0.161415487735437,7.02765262343776,-6.00109303431578,-2.81,0.133122394539889,0.0545220825451514,13.3552461673746,18.2065373203179,0.169771040426791,1.11052855970782,173.229995727539,37.6439461291015,79.4432577719689,-173.229995727539,1.1049679517746,13.3000001907349,8.84000015258789,16.076000213623,38.8699989318848,991.25714717351
7.025,-0.0293958616029552,-0.047925191320122,0.493,0.350376588449006,0.124344112238401,-9.96454541500452,0.0427026382302512,0.0322764756462296,0.024236243655154,-0.0229568975974302,-0.0144087292930198,1.57671886406415,0.0515938148343113,0.0298983095519298,0.0255060190444421,11.9369631755536,-5.94928032565646,-0.469409518594606,5.88766569153926,11.9755977355879,-0.160695749680787,7.02768396199477,-6.00143719416682,-2.81,0.133117307865571,0.0537634948725658,13.3573741912842,18.2069283387768,0.169771040426791,1.11052855970782,173.229995727539,37.6439461291015,79.4432577719689,-173.229995727539,1.1049679517746,13.3000001907349,8.84000015258789,16.076000213623,38.8699989318848,991.259707619958
7.05,-0.0290750003261104,-0.0495173368484129,0.493,0.394792547726239,0.133197909879346,-10.1584240784929,0.060902779048884,0.0240832871422528,0.0227761525850894,-0.0205224499636753,-0.0143428697245763,1.5774254158839,0.0885979718015268,0.0236104436847695,0.0234776152962178,11.9377186381501,-5.96387429969864,-0.459273241777653,5.89275246729201,11.9806476910643,-0.165541894016343,7.02771484027133,-6.00177801047596,-2.81,0.132720333053647,0.0530993754587621,13.3573741912842,18.211230940653,0.169771040426791,1.11052855970782,173.229995727539,37.6439461291015,79.4432577719689,-173.229995727539,1.1049679517746,13.3000001907349,8.84000015258789,16.076000213623,38.8699989318848,991.262268066406
7.075,-0.0287515367240408,-0.0538383020621778,0.493,0.460929882054686,0.0926471860552474,-10.2498683468778,0.0839952357899689,0.0121962842098732,0.0196383868832194,-0.0190821180083613,-0.0142950387907988,1.57800506691628,0.115052753481114,-0.00893474731468316,0.0215307145115605,11.9393469812656,-5.97730152441692,-0.450360215961166,5.89855835439272,11.9857655347125,-0.165523604643704,7.02774571854789,-6.00211882678511,-2.81,0.132627913803903,0.0523816420807409,13.3591209258312,18.2162648013136,0.16977124924739,1.1105286064975,173.234970092773,37.9427847809853,80.0364687540184,-173.234970092773,1.1068742275238,13.3198585510254,8.84000015258789,16.076000213623,38.8699989318848,991.267298055879
7.1,-0.0287498304237904,-0.0549102583425301,0.493,0.473556248027397,0.104316494129663,-10.2688645799462,0.0751111234957007,-0.00435432471384497,0.0177211545853291,-0.0184428376905761,-0.0142255416897382,1.57832975274893,0.109315247643935,-0.0356399283578818,0.0196319699095058,11.9379190172539,-5.98080856144169,-0.449272214554667,5.89794710974284,11.9863034342645,-0.169047053548373,7.02777725424196,-6.0024632309319,-2.81,0.132457603761362,0.0521811638684682,13.3643860828228,18.2166647538915,0.169771458067989,1.11052865328717,173.239929199219,38.2416234328691,80.629679735989,-173.239929199219,1.10878050327301,13.3397169113159,9.34354591369629,16.057201385498,38.8699989318848,991.272328045351
7.125,-0.0301726980038275,-0.0566452307749536,0.493,0.432626991306641,0.141072531954282,-10.1658902888837,0.100178337118879,-0.0214628476537468,0.0150080018351004,-0.0166897115067696,-0.0145597087728155,1.57867635171826,0.0932413194511153,-0.0515243851635971,0.0142513928349562,11.9335143688685,-5.98466696044053,-0.449765211382756,5.89708798001883,11.9841834904975,-0.176045411057159,7.02782430538413,-6.00289231020199,-2.81,0.131657911032365,0.0521397740312501,13.3679294586182,18.214037917887,0.169771666888588,1.11052870007685,173.244888305664,38.5404620861711,81.2228907180385,-173.244888305664,1.11068677902222,13.3595743179321,9.59000015258789,16.0480003356934,38.8699989318848,991.277358034824
7.15,-0.030963991564702,-0.0596662657228938,0.493,0.459333360731738,0.129076809400607,-9.76940128576062,0.0988341592920953,-0.031443184681682,0.0121601983853067,-0.014927800744772,-0.0150103680789471,1.57890570163727,0.0770125165581703,-0.0549399629235268,0.00880587752908468,11.9387821627553,-5.96499238317894,-0.466236009015818,5.87424105994788,11.9911282410303,-0.197901879722675,7.0278713565263,-6.00332138947209,-2.81,0.129880509271645,0.0534076870073019,13.3679294586182,18.2196085840456,0.169771875709188,1.11052874686653,173.249862670898,38.8393007380549,81.816101700088,-173.249862670898,1.11259293556213,13.3794326782227,9.59000015258789,16.0480003356934,38.8699989318848,991.282388024296
7.175,-0.0312793809636676,-0.0612553579831938,0.493,0.431256164998071,0.0744000912276983,-9.6099825090308,0.114086444539499,-0.0285798585939765,0.00931123948145871,-0.0112184524590171,-0.0167849989032375,1.5792309090529,0.13694351198402,-0.0474768122714267,0.0103364225511368,11.9479742774831,-5.95824938893182,-0.467440425441036,5.8620887054459,12.0028851175004,-0.199976331127499,7.02791840766847,-6.00375046874218,-2.81,0.127699765261223,0.0542146638563171,13.3705718985122,18.2321229587341,0.16977188167549,1.11052874820338,173.25,38.8478389854542,81.8330505852309,-173.25,1.11264741420746,13.3800001144409,9.59000015258789,16.0480003356934,38.8675880432129,991.281560370263
7.2,-0.0319060838216342,-0.0669730310444329,0.493,0.409202731656458,0.0585800645887768,-9.38092305462231,0.115499146242123,-0.0164782393823373,0.0062503636558471,-0.00875389903936824,-0.0174546898245169,1.579433918963,0.136940049269138,-0.0475405500191691,0.00924923425891267,11.956015215528,-5.97508224157709,-0.455524938571615,5.87530288676443,12.0124273368432,-0.19446352626187,7.02796545881064,-6.00417954801228,-2.81,0.127109052028046,0.0535739762806782,13.3787712340659,18.2419238484836,0.16977188167549,1.11052874820338,173.25,38.8478389854542,81.8330505852309,-173.25,1.11264741420746,13.3800001144409,9.75340461730957,16.0398292541504,38.865104675293,991.280560432597
7.225,-0.0325340447032995,-0.0707803175937482,0.493,0.378670160695667,0.0498534986084536,-9.10542488472352,0.0938780361976119,-0.00989731688153004,0.00604874651084309,-0.00668425742835878,-0.0176586946751614,1.57959898498145,0.0898577581697919,-0.0416500347917412,0.00608067844243268,11.9598910369355,-5.97326867606291,-0.444182620856507,5.87054881904934,12.0173058054499,-0.192998015364127,7.02802180374766,-6.00470024659116,-2.81,0.126830654575297,0.0539178912346464,13.3843669891357,18.2477709662769,0.16977188167549,1.11052874820338,173.25,38.8478389854542,81.8330505852309,-173.25,1.11264741420746,13.3800001144409,9.82999992370605,16.0359992980957,38.8626251220703,991.27956049493
7.25,-0.0325300043490237,-0.0733186065844647,0.492996243765168,0.355508713091209,-0.0204602113629877,-8.96525215150331,0.0591920771351947,-0.00857812611256674,0.00474174284248851,-0.00427844954062105,-0.0184356424124495,1.57984216225835,0.0461446909373242,-0.0235389520340374,0.00445865167232947,11.9651117417033,-5.94652003766368,-0.423112669805839,5.83975163255804,12.0237259639316,-0.177027386146675,7.02807923925626,-6.00523169615145,-2.81,0.126738663344358,0.0556368501381031,13.3843669891357,18.2589151264583,0.16977188167549,1.11052874820338,173.25,38.8478389854542,81.8330505852309,-173.25,1.11264741420746,13.3800001144409,9.82999992370605,16.0359992980957,38.8601455688477,991.278560557264
7.275,-0.0330037998702354,-0.0753821056554339,0.490651155473117,0.330580464182235,-0.0343623345346163,-8.95717458923906,0.0123268996051503,0.00212832675256871,0.00155801486877425,-0.00327642820775509,-0.0190833583474159,1.57996428012848,0.0520037151873112,-0.015918156132102,0.00550148542970419,11.9805896205234,-5.94086878748514,-0.396951620477974,5.83200577367234,12.0395841881808,-0.14879995319148,7.02813667476487,-6.00576314571175,-2.81,0.12743545523234,0.0559957118825352,13.3839655260668,18.2796957092426,0.169772078971965,1.1105287915024,173.257019042969,39.1243833256298,82.3935241976627,-173.257019042969,1.11387288570404,13.3706388473511,9.82999992370605,16.0359992980957,38.8600006103516,991.275846440741
7.3,-0.0306224853096607,-0.0758593936017468,0.488603634791915,0.32541454067353,-0.0221133270310758,-9.22054623143811,-0.0195831304951837,0.0335708478759146,0.00153427022585959,-0.00576879982288182,-0.0171648031917281,1.58017555632793,-0.0170163756484392,0.0239603336238614,0.00613557661665205,11.9992740503992,-5.91545596957922,-0.384827897036166,5.80473506702523,12.0584992937066,-0.144689876210239,7.02819411027348,-6.00629459527205,-2.81,0.129562599479391,0.0568776015835619,13.3826820608008,18.3012979959827,0.169772288225802,1.1105288374256,173.264465332031,39.4176879295339,82.9879659077937,-173.264465332031,1.11517262458801,13.3607082366943,9.71264839172363,16.0408325195312,38.8600006103516,991.273028434591
7.325,-0.0318930718899245,-0.0745875459120722,0.488064088420533,0.299118078832308,-0.0126435763510853,-9.55111429654519,-0.0600937967191537,0.0693660849601838,0.00521680667411352,-0.00770776504092126,-0.0146104253260578,1.58049750505462,-0.0741093013246692,0.0596242874413262,0.00778934943111285,12.007212511451,-5.91129434087921,-0.387633020017972,5.79730987782866,12.0677361427623,-0.166598340215896,7.02824083511719,-6.00676188100892,-2.81,0.130960042694977,0.0566806253802657,13.3817939758301,18.3082015000892,0.169772497479639,1.1105288833488,173.271911621094,39.710992533438,83.5824076180036,-173.271911621094,1.11647236347198,13.3507795333862,9.65999984741211,16.0429992675781,38.8600006103516,991.270210428441
7.35,-0.0296669596086534,-0.0723614336308011,0.48752454204915,0.377905019317987,0.0441780479674315,-10.1349649865666,-0.0729794995754792,0.0863809604554575,0.0090520828899199,-0.00884423363527276,-0.0130048785981089,1.58082514154598,-0.0888631822259678,0.0800740264366281,0.010341215168304,12.0125685194381,-5.90532337478716,-0.382711772637094,5.78767732280792,12.0745000782411,-0.174223889086914,7.02828531604702,-6.0072157242476,-2.81,0.132157648623423,0.0567023753231976,13.3817939758301,18.3148811151402,0.169772706733476,1.110528929272,173.279357910156,40.0042971373421,84.1768493282134,-173.279357910156,1.11777198314667,13.3408508300781,9.65999984741211,16.0429992675781,38.8600006103516,991.267392422291
7.375,-0.0274557467996542,-0.0701502208218019,0.486984991826682,0.43620263220027,0.058307028908613,-10.5182791351084,-0.0681065191470886,0.0781954779583028,0.0110867055682339,-0.00865988266250883,-0.0129610016586649,1.58116213946102,-0.0339317371819493,0.0754828717480901,0.0143712412745435,12.0156146138946,-5.88960111729958,-0.372429264135081,5.76770675472891,12.0792059517997,-0.165655645175966,7.02832979697685,-6.00766956748628,-2.81,0.132615862284896,0.0574562362983688,13.3848207712737,18.3225760626524,0.169772724669519,1.11052893320828,173.279998779297,40.0294375315168,84.2278014747623,-173.279998779297,1.1178834438324,13.3400001525879,9.65999984741211,16.0429992675781,38.8600006103516,991.267954292027
7.4,-0.0255570032428156,-0.0682475168073904,0.486445449306385,0.415909272559477,-0.00259136715324243,-10.6458388831872,-0.0786470874244384,0.0591932072231879,0.0130390075241144,-0.0136707464005485,-0.010061850640627,1.58181281882282,-0.0777846525796156,0.0190318391866489,0.019512507048949,12.0165489878215,-5.88475118580687,-0.387122018967325,5.75673117188027,12.0831769368397,-0.185717206697976,7.02837413183429,-6.00812106483653,-2.81,0.134671472657126,0.0567176859073836,13.3947997375019,18.32481921827,0.169772724669519,1.11052893320828,173.279998779297,40.0294375315168,84.2278014747623,-173.279998779297,1.1178834438324,13.3400001525879,9.54103946685791,16.030403137207,38.8600006103516,991.268833025127
7.425,-0.0274597893312677,-0.067610563952891,0.485905899067189,0.403924496584353,0.0576283117059079,-10.4477891602096,-0.0679992944543679,0.036524132749598,0.0164077557043443,-0.0155154869528179,-0.00932601778015676,1.58230873090891,-0.0919470804989385,0.00788016776953417,0.0177629468302041,12.0088404899657,-5.88865125933349,-0.40063599084576,5.75549295233153,12.0782605554897,-0.197219659299086,7.02841708346986,-6.00855034796589,-2.81,0.134913149059182,0.0560688185398127,13.4017992019653,18.3188341771454,0.169772724669519,1.11052893320828,173.279998779297,40.0294375315168,84.2278014747623,-173.279998779297,1.1178834438324,13.3400001525879,9.48999977111816,16.0249996185303,38.8600006103516,991.269711758228
7.45,-0.0271439185569893,-0.066019046278845,0.485366413291846,0.367386510168242,0.02523364313738,-10.304254442994,-0.0672487361300858,0.0146355442446875,0.0180508570403255,-0.0163951149920535,-0.00962873083644325,1.58291064777659,-0.0713177288452521,-0.00537477372339263,0.0196406866495988,12.004889312223,-5.88388841177357,-0.430155818508763,5.74425786981528,12.0780175861755,-0.218029773717932,7.02846003510543,-6.00897963109525,-2.81,0.133526244324656,0.0560009053280673,13.4017992019653,18.3168488881911,0.169772724669519,1.11052893320828,173.279998779297,40.0294375315168,84.2278014747623,-173.279998779297,1.1178834438324,13.3400001525879,9.48999977111816,16.0249996185303,38.8600006103516,991.270590491329
7.475,-0.0277827251019526,-0.0653898003230516,0.48491796397866,0.297006899402328,0.0230000902425092,-10.2660155074822,-0.0900066222970975,0.00593284062300723,0.0176415504105095,-0.0186738214163221,-0.00915137291071438,1.58346709943764,-0.122445306983796,0.00531721518484786,0.0182175177240337,12.0024060082532,-5.89249738310492,-0.462344977714621,5.74751948545922,12.0789199941673,-0.242383609265675,7.02850298674099,-6.00940891422461,-2.81,0.132783669599785,0.0549929550966229,13.4010320780689,18.3145083297011,0.169772910392357,1.11052897388311,173.279998779297,40.289221609382,84.7553970630646,-173.279998779297,1.11792182922363,13.3509931564331,9.48999977111816,16.0249996185303,38.8600006103516,991.270019964123
7.5,-0.0262077187559014,-0.0599969870293222,0.484662387094025,0.245190789070434,0.0161789089745605,-9.98923360330527,-0.0884749410821486,-0.00259775547050735,0.0176865267966055,-0.0212006332574802,-0.010461040219358,1.58409057777031,-0.054051094759066,-0.0427056585859218,0.0231238945863032,11.9979407971856,-5.87264681106313,-0.491950658266313,5.72169491446673,12.0782577927526,-0.241816848063827,7.02854864473353,-6.00985947943115,-2.81,0.131653304736645,0.0554772934591433,13.3984213822277,18.316206425635,0.169773120079431,1.11052901980632,173.279998779297,40.5825262132861,85.3510695014348,-173.279998779297,1.11796522140503,13.3634042739868,8.7665958404541,16.0476951599121,38.8600006103516,991.269262435588
7.525,-0.0290556406533564,-0.0612558067182618,0.484406815682031,0.216568255791669,0.0406904573307807,-9.74966734604654,-0.12474169819536,-0.0145925050790424,0.0210859458314096,-0.0220145111260601,-0.0102257051550631,1.58443699633013,-0.127961351522838,-0.00342770090914146,0.0190730092166544,11.9912442074578,-5.88868609226231,-0.508305411436445,5.73429187505319,12.0738286298932,-0.255919587096176,7.0286314590038,-6.01060223180288,-2.81,0.131174574796904,0.0543774332948523,13.3965654373169,18.309704566312,0.169773329766506,1.11052906572952,173.279998779297,40.8758308157721,85.9467419398051,-173.279998779297,1.11800849437714,13.3758153915405,8.47000026702881,16.056999206543,38.8600006103516,991.268504907054
7.55,-0.0281078417762391,-0.0593556684960276,0.484151236956345,0.199271712206417,0.0331770621635387,-9.72583981524016,-0.121899485595979,-0.00857323930851721,0.0174056027241177,-0.0252837379916398,-0.0104266250016126,1.58512888106503,-0.152565945434801,0.0260832021675299,0.019858998842657,11.9969544988952,-5.8846805058691,-0.52430519817913,5.72346120680891,12.0834862170021,-0.250260870350074,7.02871427327408,-6.01134498417461,-2.81,0.131366208824189,0.053815836744051,13.3965654373169,18.3215410426759,0.169773539453581,1.11052911165272,173.279998779297,41.1691354196762,86.5424143781753,-173.279998779297,1.11805176734924,13.3882274627686,8.47000026702881,16.056999206543,38.8600006103516,991.267747378518
7.575,-0.0281139178184982,-0.0555384905653753,0.4838956649329,0.0991860224726481,-0.000333928799870001,-9.78478102439183,-0.163055707516405,0.0246113957334329,0.019797820121113,-0.02902814277707,-0.0102737830197531,1.58575302154711,-0.14168237656809,0.0427698006944165,0.0212172484776941,12.0061308623735,-5.86905535589414,-0.55336837371585,5.70237115027937,12.0960682685004,-0.259424980010081,7.02879708754435,-6.01208773654635,-2.81,0.131127456108314,0.0538241077443151,13.3948542344655,18.3349434851258,0.169773569408877,1.11052911821318,173.279998779297,41.2110360775794,86.6275104407997,-173.279998779297,1.1180579662323,13.3900003433228,8.47000026702881,16.056999206543,38.8578720092773,991.263847188747
7.6,-0.028113369546113,-0.0542634698131571,0.483640090474357,0.158037570875506,0.0910224317014068,-9.85453278709274,-0.154591124607588,0.0473191531530017,0.0184858102863141,-0.0319784881333219,-0.00964400825778173,1.58616227364913,-0.126857945406888,0.0542346672948469,0.0207324139084103,12.0093356821853,-5.88030554234457,-0.565453375066043,5.71010756089816,12.1015808163105,-0.261319167668306,7.02885938267545,-6.01266085727669,-2.81,0.131735892584684,0.0525777254567762,13.388836504438,18.3401371794667,0.169773569408877,1.11052911821318,173.279998779297,41.2110360775794,86.6275104407997,-173.279998779297,1.1180579662323,13.3900003433228,8.23283767700195,16.0778427124023,38.8553886413574,991.259423222102
7.625,-0.0270151475562679,-0.0484080960242551,0.483384516015814,0.201878756440318,0.0647662141985164,-10.0852810109632,-0.159730176405357,0.059676263606808,0.0202027084849864,-0.0367456158226477,-0.00831718745299306,1.58684249031385,-0.103181126857962,0.0464546933159275,0.0232087214284647,12.0084613863877,-5.88697212433804,-0.58364711657282,5.71095590932845,12.1042915294079,-0.267093224534908,7.02891077286888,-6.01314382693088,-2.81,0.132940729189037,0.0511886335340994,13.3845014572144,18.3424328752254,0.169773569408877,1.11052911821318,173.279998779297,41.2110360775794,86.6275104407997,-173.279998779297,1.1180579662323,13.3900003433228,8.14000034332275,16.0860004425049,38.8529052734375,991.254999255458
7.65,-0.0268558747187818,-0.046647558466935,0.483128943994618,0.16114976274251,0.18362414847074,-10.1406889715857,-0.139685229763675,0.0562833412230362,0.0220956530805593,-0.0407527387142181,-0.00707543455064297,1.58742201328278,-0.0833920016884804,0.0291578434407711,0.0266232788562775,11.9958197669477,-5.90650551672937,-0.605029304465672,5.72596486132591,12.0949594187823,-0.279003269479599,7.0289621630623,-6.01362679658506,-2.81,0.133749709300449,0.049283191059612,13.3845014572144,18.330974909634,0.169773569408877,1.11052911821318,173.279998779297,41.2110360775794,86.6275104407997,-173.279998779297,1.1180579662323,13.3900003433228,8.14000034332275,16.0860004425049,38.8504257202148,991.250575288813
7.675,-0.0262283649471403,-0.0434858449640449,0.482873368922715,0.168251884688122,0.148784851561998,-10.308025300885,-0.0983217123215758,0.0426895871669203,0.0188020440715716,-0.0441887952251844,-0.00460490420552562,1.58764074758624,-0.165370554944311,0.062454213583721,0.0180551301913607,11.9863071213695,-5.92544498456272,-0.605505709835351,5.74364771784565,12.0862186985654,-0.287962326096484,7.02901355325572,-6.01410976623925,-2.81,0.135912734624077,0.0475950887277634,13.3853503761562,18.3203365114631,0.169773743508565,1.11052915590486,173.284118652344,41.4517672143313,87.1220873502242,-173.284118652344,1.11938607692719,13.3900003433228,8.14000034332275,16.0860004425049,38.8499984741211,991.252729267093
7.7,-0.0262347320653814,-0.0384048132812373,0.48261779386273,0.131754293811391,0.0934103828040255,-10.293943797148,-0.106571128750434,0.0272620905957747,0.018010837057329,-0.047263181633283,-0.00409172836230803,1.58864520277407,-0.15581080951244,0.0443949292089856,0.0144186821359043,11.9776809799624,-5.92932491284603,-0.648070317530093,5.738572015654,12.0834295962531,-0.318199826932342,7.02906972243775,-6.01461535164479,-2.81,0.134910945515235,0.046536520588658,13.3884386847205,18.3143026995255,0.169773953628877,1.11052920139483,173.289093017578,41.7423047942456,87.7189905167549,-173.289093017578,1.12098908424377,13.3900003433228,7.96524858474731,16.0699806213379,38.8499984741211,991.256244199496
7.725,-0.0249686428417186,-0.0371387240575745,0.482362216955301,0.147812769862772,0.169969731928784,-10.3577205018214,-0.0952431540237673,0.0121041225148243,0.0146556712842566,-0.048948090898345,-0.00465291705970571,1.58889330942989,-0.0723784448619012,-0.00498935360795208,0.0171548269707643,11.9740068339612,-5.9138969065954,-0.670749294197851,5.72194865447614,12.081170649445,-0.324869561181319,7.02912777896008,-6.01512986856745,-2.81,0.134108996384984,0.0470254743252814,13.3906927108765,18.3128556757172,0.169774163749189,1.11052924688479,173.294036865234,42.0328423727417,88.3158936832855,-173.294036865234,1.12259209156036,13.3900003433228,7.90000009536743,16.0639991760254,38.8499984741211,991.259759131898
7.75,-0.0259243358234227,-0.0368188082370754,0.482106643723098,0.0189549428100854,0.0796717328364319,-10.0787444084267,-0.0844196482150486,0.00295148976023096,0.011819579125063,-0.0522474321239773,-0.00472399206841396,1.58927450888468,-0.0441558752556885,-0.0333476683410821,0.0161879705003196,11.9704352053162,-5.92648351969998,-0.678689758212647,5.73161459553402,12.080007344951,-0.311708800074548,7.0291858354824,-6.01564438549011,-2.81,0.134859438369758,0.0456482530147424,13.3906927108765,18.3133219704068,0.169774373869502,1.11052929237476,173.299011230469,42.323379952656,88.9127968498161,-173.299011230469,1.12419497966766,13.3900003433228,7.90000009536743,16.0639991760254,38.8499984741211,991.263274064301
7.775,-0.026880462219169,-0.0326898505618152,0.481851069264555,0.0650011235965617,0.185893381702905,-9.77560101580588,-0.0883453417112137,0.000229486603372866,0.0101008762600599,-0.0548094915002488,-0.00457743959099723,1.58954979354787,-0.0367816637405002,-0.0341552201373255,0.0111877606067443,11.9653725158502,-5.93870346619184,-0.689973535288442,5.74212642537362,12.0767135741118,-0.308828667241384,7.02924389200472,-6.01615890241277,-2.81,0.135251907932324,0.0444547309843026,13.3877916290969,18.3102311252617,0.169774415893564,1.11052930147275,173.300003051758,42.3814874677879,89.0321774831064,-173.300003051758,1.12451565265656,13.3900003433228,7.90000009536743,16.0639991760254,38.8499984741211,991.26486184411
7.8,-0.026882485192897,-0.0314189491526811,0.481595494806012,0.0087377657384746,0.205770585114293,-9.69380592665746,-0.0451911711975181,0.00127017791216585,0.00118998240921045,-0.0556705081848521,-0.00460532559276331,1.58964988277158,-0.00691710819974878,-0.02833648392762,0.00565480909263625,11.9617527274034,-5.94614755859038,-0.699848195659577,5.74927673848653,12.0738539090845,-0.312818419249399,7.02930194852704,-6.01667341933544,-2.81,0.135037755067885,0.0438767185775343,13.3768607673916,18.3068719175584,0.169774415893564,1.11052930147275,173.300003051758,42.3814874677879,89.0321774831064,-173.300003051758,1.12451565265656,13.3900003433228,7.1550350189209,16.1126804351807,38.8499984741211,991.265967835771
7.825,-0.026885520092366,-0.0295123213214785,0.4813399185153,-0.0730840034648243,0.216477269166334,-9.73060836927666,-0.0247465014808046,0.0190458516737277,-0.000402012682534978,-0.0554251170652808,-0.00466243775940801,1.5896128114735,0.00041506049382765,-0.0157443764562627,-0.00237606094236079,11.9606192678744,-5.94972826057014,-0.706931252558815,5.75362102050638,12.07263719242,-0.320480598638522,7.02936613525753,-6.01725853723803,-2.81,0.134550687405011,0.0437444701856236,13.3687791824341,18.304905352322,0.169774415893564,1.11052930147275,173.300003051758,42.3814874677879,89.0321774831064,-173.300003051758,1.12451565265656,13.3900003433228,6.8899998664856,16.1299991607666,38.8499984741211,991.267073827432
7.85,-0.026888544986952,-0.0276119789004488,0.481098704277279,0.0841879634371261,0.24512663189686,-9.81159760422511,0.0143975745826021,0.00491282260404849,-0.00735573444910869,-0.0540277444126142,-0.00474997993756955,1.58943292991363,-0.015713282792507,0.00390010228433014,-0.0130077405490023,11.9529868221617,-5.96084617545597,-0.696821660071809,5.7659569094131,12.064174691601,-0.317130026156672,7.02944832376703,-6.01805097978663,-2.81,0.134619101885824,0.043462221326461,13.3687791824341,18.2969313408458,0.169774415893564,1.11052930147275,173.300003051758,42.3814874677879,89.0321774831064,-173.300003051758,1.12451565265656,13.3900003433228,7.14981079101562,16.0884284973145,38.8499984741211,991.268179819093
7.875,-0.0264090794937616,-0.0290442988341639,0.488697241733355,0.031331159452179,0.17766046954055,-9.73020708456864,0.0401178750163324,-0.0187109813969602,-0.0173614101411828,-0.052903046329338,-0.00493434149432522,1.58902260825875,-0.0221191101553679,0.0169370642374267,-0.021681079123276,11.9442703794933,-5.95556776343529,-0.701343319875309,5.76560802705455,12.0531085900298,-0.326499817700467,7.02953051227654,-6.01884342233523,-2.81,0.133983271646802,0.0441168139623175,13.3672664926407,18.285533154419,0.169774578989013,1.11052933689922,173.305755615234,42.6077510196142,89.4954938967846,-173.305755615234,1.12428176403046,13.3976602554321,7.23999977111816,16.0739994049072,38.8499984741211,991.270302630485
7.9,-0.0262517856176049,-0.0295213076094717,0.48971258211288,-0.0154352038177374,0.0782666079119294,-9.62572937471553,0.0608471079354501,-0.00359945113416165,-0.0227998810165796,-0.0519940457689719,-0.00519097068939592,1.58843853453428,-0.0206579775490445,0.0247281972409622,-0.0288251936291175,11.9445508691689,-5.93874456109767,-0.718942279134649,5.75640218971757,12.0499403358338,-0.347321410106291,7.02960074194836,-6.01948069827127,-2.81,0.13263777934693,0.0454094090186075,13.361355797337,18.280858757134,0.169774790409038,1.11052938282242,173.313186645508,42.9010556221002,90.0960892478751,-173.313186645508,1.12397837638855,13.4075889587402,7.23999977111816,16.0739994049072,38.8499984741211,991.272726721797
7.925,-0.0268819726448484,-0.0317409493981196,0.485827843241679,-0.000467189543356158,0.093632205353213,-9.75801716614745,0.0378300652957773,0.0160908039424305,-0.0311343677083213,-0.0523933603469751,-0.00527799379805173,1.58800163879269,0.0532876633627076,-0.00197181286844949,-0.0294951331859792,11.9549525870964,-5.92709862145954,-0.723445843305001,5.75025701586945,12.0576755970509,-0.348950948062485,7.02966545018953,-6.02004633332421,-2.81,0.132460267946932,0.0461085465436353,13.3569297790527,18.2892776940429,0.169775001829064,1.11052942874562,173.320648193359,43.1943602274225,90.6966845988868,-173.320648193359,1.12367510795593,13.4175186157227,7.23999977111816,16.0739994049072,38.8499984741211,991.275150813109
7.95,-0.0271973897521264,-0.0336461373053109,0.481943104321157,-0.0421949409584391,0.0804448869467963,-9.6961704250088,0.0473897046616006,0.0443934439445478,-0.0356510800528557,-0.0508113350998507,-0.00463796156793855,1.58738530547049,0.0274562291365659,0.0408096310110737,-0.0338753170306903,11.9610564704881,-5.94125180304842,-0.694297045989456,5.76958501229742,12.0601107981532,-0.336168986732328,7.02973015843069,-6.02061196837715,-2.81,0.133680627498992,0.0457954199054483,13.3569297790527,18.2926307958057,0.16977521324909,1.11052947466883,173.328094482422,43.4876648299085,91.2972799499774,-173.328094482422,1.12337183952332,13.4274473190308,7.17985820770264,16.0950489044189,38.8499984741211,991.277574904422
7.975,-0.0261076718121571,-0.0350652345484845,0.478375799416664,0.00176980511227853,0.0771362715727855,-9.44841110102423,0.0429192087107316,0.0640144595963792,-0.0349077771090416,-0.0512057538153485,-0.00329079829032925,1.5863348118509,0.0850616079947547,0.0220935758040395,-0.0356107661773796,11.9676088284176,-5.91362765163913,-0.688562964236209,5.75443255603089,12.0596783287669,-0.345595996403355,7.02979486667186,-6.02117760343009,-2.81,0.134633071947602,0.0475717342159692,13.3528685874127,18.2925445839886,0.169775267614239,1.11052948647765,173.330001831055,43.5630860138506,91.4517187545368,-173.330001831055,1.12329387664795,13.4300003051758,7.15999984741211,16.1019992828369,38.8499984741211,991.274664263353
8,-0.0236979145127878,-0.0384050094018987,0.477,-0.00112108811060357,0.0118822818383516,-9.6291619381838,0.0478987191853533,0.0631927882123887,-0.0421728213806986,-0.0493268296122551,-0.00115403346717358,1.5848423242569,0.0957538485527039,0.0305937528610229,-0.0390701703727245,11.9685023194326,-5.91036482965556,-0.639450401106065,5.76601023620984,12.0510705498373,-0.333438996122734,7.02985981703361,-6.02174582418904,-2.81,0.137450954374195,0.0485589093540878,13.336389521335,18.2854412541275,0.169775267614239,1.11052948647765,173.330001831055,43.5630860138506,91.4517187545368,-173.330001831055,1.12329387664795,13.4300003051758,7.15999984741211,16.1019992828369,38.8499984741211,991.269906984153
8.025,-0.0243367605232009,-0.0352349920387947,0.477,-0.137334230531244,-0.0551148798593834,-9.88433956418484,0.0105890985480608,0.081289537285275,-0.0423320213269661,-0.0490728945053467,-9.63550782780235e-05,1.58435764669766,0.0889652351589604,0.0401512671640767,-0.0374424945895539,11.9683233736618,-5.92138623644772,-0.609640896977282,5.78131442679951,12.047861693588,-0.317290831342527,7.02993560214394,-6.02242975371271,-2.81,0.139376742560817,0.0481510960851689,13.3238935470581,18.2840938202969,0.169775267614239,1.11052948647765,173.330001831055,43.5630860138506,91.4517187545368,-173.330001831055,1.12329387664795,13.4300003051758,7.15999984741211,16.1019992828369,38.8499984741211,991.265149704953
8.05,-0.0227747206881772,-0.0355497861873461,0.477,-0.0150305503849965,0.0780523058981517,-10.283434934208,0.00527962530559637,0.104992235508679,-0.037406738013173,-0.0486094729616147,0.00349561381119548,1.58301949888825,0.00512565231935003,0.0925629995931405,-0.0367947146101679,11.9728545852559,-5.91693408480532,-0.597255627585034,5.79219363302999,12.0433980207777,-0.350894854494303,7.03001138725426,-6.02311368323638,-2.81,0.141195744877653,0.0488915442979916,13.3238935470581,18.2750714379069,0.169775267614239,1.11052948647765,173.330001831055,43.5630860138506,91.4517187545368,-173.330001831055,1.12329387664795,13.4300003051758,7.15999984741211,16.1019992828369,38.8499984741211,991.260392425754
8.075,-0.0183319991205214,-0.0339913441688074,0.477,0.141994871698652,0.0469359100105096,-10.6998509456323,-0.000439374484552714,0.0991691784947255,-0.0405069691050784,-0.0486795753240585,0.00514578074216843,1.58262312412262,-0.0765075981616974,0.130795001983643,-0.0399586521089077,11.9699881995344,-5.89282368259713,-0.595833363812391,5.77288006540197,12.0373578032079,-0.369971237581714,7.03008717236458,-6.02379761276005,-2.81,0.141924256273634,0.0503276899231163,13.3242021948451,18.268542498814,0.169775418009632,1.11052951897048,173.335327148438,43.7706128556335,91.8789572507108,-173.335327148438,1.12227272987366,13.4246807098389,7.15999984741211,16.1019992828369,38.8499984741211,991.263643305352
8.1,-0.0173557360324062,-0.0333413663490487,0.477,0.0940246731006968,-0.0133771098127187,-10.8125675058226,-0.0177118371573577,0.0757623418987245,-0.0400909148529029,-0.0491898299637683,0.00632713373053391,1.5820005643903,-0.0835719231224469,0.113269832275988,-0.0407895051782957,11.9619190560702,-5.86761267280119,-0.615016097875774,5.75639034183345,12.0248678775994,-0.401439337092117,7.0301629574749,-6.02448154228372,-2.81,0.141587583419197,0.0518548412743621,13.3255046885064,18.2538400240689,0.169775628563182,1.11052956446045,173.3427734375,44.0611504355478,92.4770911454807,-173.3427734375,1.12084293365479,13.4172344207764,7.08340406417847,16.113489151001,38.8499984741211,991.270097448471
8.125,-0.0162452681918866,-0.031916219852271,0.477,0.112263642259937,0.0457431601111212,-10.8042298186356,-0.00206287355448437,0.0509024104031525,-0.037721321724139,-0.0498568954855027,0.00846103329282876,1.58042380683463,-0.0903507546343096,0.0704583024395844,-0.0415353374497437,11.9550336128537,-5.88058045911982,-0.61077557599256,5.78837329136837,12.0082070866821,-0.418089975964917,7.0302291774909,-6.02510202988207,-2.81,0.142972255598366,0.0515788341570202,13.3265047073364,18.2335865177023,0.169775839116733,1.11052960995041,173.350204467773,44.3516880140439,93.0752250402505,-173.350204467773,1.11941337585449,13.4097881317139,7.05999994277954,16.117000579834,38.8499984741211,991.276551591589
8.15,-0.0167238537138886,-0.0314376343302689,0.477,0.0840170951455848,-0.00122604525942933,-10.6895869785447,-0.00431134891416428,0.0235149997997337,-0.0391946664043537,-0.0492903694997574,0.0083568041808445,1.57919216663957,0.0235196016658971,0.00484139485623136,-0.0363200958414897,11.94835681133,-5.86030953747179,-0.646248257059966,5.78453876949886,11.9939467816813,-0.456559960961119,7.03029451104819,-6.02571663790988,-2.81,0.140926396730583,0.0532615987264461,13.3265047073364,18.2153467477374,0.169776049670283,1.11052965544038,173.357666015625,44.64222559254,93.6733589349415,-173.357666015625,1.11798357963562,13.4023399353027,7.05999994277954,16.117000579834,38.8499984741211,991.283005734707
8.175,-0.017670769146008,-0.0342904966028383,0.477,-0.0131608659685498,0.0313866342666197,-10.268726814162,0.024069142429562,0.0195016023489593,-0.038011837097154,-0.0493484946481109,0.00919207044653786,1.57839522962399,-0.011131661266116,0.0250058463092734,-0.0373395583027898,11.9498651533796,-5.88232226732278,-0.628440999642176,5.81521311974698,11.9907929446477,-0.447338195482029,7.03035984460548,-6.0263312459377,-2.81,0.142248369321033,0.0523068007175695,13.3216244920771,18.211960807789,0.169776115844256,1.11052966973722,173.360000610352,44.7335374026409,93.8613438732707,-173.360000610352,1.1175342798233,13.3999996185303,7.05999994277954,16.117000579834,38.8482971191406,991.281803212267
8.2,-0.0167229670866634,-0.0327097374774188,0.47701059862898,0.00124643307456434,-0.00576327709179122,-10.1652983826937,0.0509526040933681,0.0208930354136843,-0.0320321645978112,-0.0466311281727903,0.0080589511380393,1.57763316463899,0.115735191178267,-0.0247279925019243,-0.0306551517896268,11.9445306486644,-5.84253574931203,-0.659729241898256,5.78516214106709,11.9808585898684,-0.48291357677108,7.03041897017153,-6.02688018705679,-2.81,0.139221724337956,0.055283444394915,13.3001718791664,18.2001277921223,0.169776115844256,1.11052966973722,173.360000610352,44.7335374026409,93.8613438732707,-173.360000610352,1.1175342798233,13.3999996185303,7.05224609375,16.1239795684814,38.8458137512207,991.27709138478
8.225,-0.0181468231685358,-0.0363657373301817,0.477215746240727,0.0324410130112477,0.0855899348181343,-9.73123471243115,0.0636544227247164,0.00468640637960363,-0.0329578968078845,-0.0476739416770316,0.00966811949465205,1.57687989673803,-0.0128182460789819,0.0209336361719757,-0.0346077980398049,11.9416829302124,-5.88162998237336,-0.626874464033469,5.83208846179449,11.973482251198,-0.461303590909315,7.03047463442314,-6.02739251507356,-2.81,0.142034730083323,0.0531993306458162,13.2834978103638,18.1929655799107,0.169776115844256,1.11052966973722,173.360000610352,44.7335374026409,93.8613438732707,-173.360000610352,1.1175342798233,13.3999996185303,7.05000019073486,16.1259994506836,38.8433303833008,991.272379557292
8.25,-0.0167258749796953,-0.0301678058958134,0.477539476242543,-0.0792145288500647,-0.0866267277858958,-9.59077366035278,0.0644864091715968,0.0197237545619336,-0.0320391846551933,-0.0463469982034539,0.0102171537570864,1.57617742890486,-0.0332119834622936,0.0446306151737768,-0.0331868041471059,11.9423174281658,-5.850958090492,-0.643898235533283,5.8101834666188,11.9693303972417,-0.494124473575151,7.03053029867475,-6.02790484309032,-2.81,0.140841812016147,0.0553693295141181,13.2834978103638,18.1866160167374,0.169776115844256,1.11052966973722,173.360000610352,44.7335374026409,93.8613438732707,-173.360000610352,1.1175342798233,13.3999996185303,7.05000019073486,16.1259994506836,38.8408508300781,991.267667729804
8.275,-0.0153198297954012,-0.0315738510801075,0.477863199358449,-0.0109831114045632,-0.0446507540667469,-9.84397226350368,0.0409432897021531,0.0427407675667134,-0.0282908446405722,-0.0425515006840133,0.00943518471511524,1.57554836595409,0.0567345018663986,0.0319351428751078,-0.0273374938304646,11.9361918571472,-5.83006806126682,-0.641233972593594,5.79530106005106,11.9596303214379,-0.505251279219573,7.03058596292636,-6.02841717110709,-2.81,0.139375621341719,0.0574384863612662,13.2809251983679,18.177118805005,0.169776253638619,1.11052969991533,173.3681640625,44.9262804270101,94.2527857612795,-173.3681640625,1.11798977851868,13.3951053619385,7.05000019073486,16.1259994506836,38.8400001525879,991.269437316462
8.3,-0.0167046918686582,-0.0390306725288636,0.478186931732667,0.079519687547242,-0.0857297074861454,-9.89226831109916,0.0167089102173436,0.035214268723495,-0.0295721005728464,-0.0460164176493089,0.0115144035055906,1.57477997262745,-0.0676270041339428,0.0346528466451988,-0.0304534180801677,11.9326548938411,-5.86131474713255,-0.594042671279629,5.8348721954489,11.9514745193879,-0.461165210053351,7.03064162717798,-6.02892949912386,-2.81,0.144052707123393,0.0553521834322353,13.2691247389953,18.1725567291242,0.169776463325694,1.11052974583853,173.380569458008,45.2195850309143,94.8484581997286,-173.380569458008,1.1186830997467,13.387659072876,6.97151279449463,16.1189365386963,38.8400001525879,991.2745885105
8.325,-0.0141841968449778,-0.0314416768618824,0.47851065484568,0.0428937957860959,-0.0869131967510344,-9.74240870973386,-0.0202966488018248,0.0140901815015331,-0.028408290576218,-0.044708216129808,0.0106043193156712,1.57432171428737,-0.0306130386594604,0.0158315428431366,-0.0252871892505709,11.9251272746073,-5.83553249789413,-0.616193725764442,5.81517973285683,11.9412696960917,-0.481204194708568,7.03069973419072,-6.02947450798362,-2.81,0.142119608366124,0.0572070718219185,13.259840965271,18.1617297090529,0.169776673012768,1.11052979176173,173.392974853516,45.5128896348184,95.4441306380199,-173.392974853516,1.11937618255615,13.3802127838135,6.94999980926514,16.117000579834,38.8400001525879,991.279739704538
8.35,-0.0141841968449778,-0.0314416768618824,0.478834381037135,-0.0075490991042864,-0.0376922640266789,-9.69490204874772,-0.0122392063884944,0.00499635557267386,-0.0225447595453665,-0.0434000146103072,0.00969423512575184,1.57386345594729,0.00640092681502196,-0.00298976095892561,-0.020120960420974,11.9194322904382,-5.82066351993628,-0.627981299488113,5.80585543633403,11.9331017707361,-0.490382741141369,7.03076269660256,-6.030084475522,-2.81,0.140734905603338,0.0584518068347221,13.259840965271,18.1537071184265,0.169776882699843,1.11052983768493,173.405395507812,45.8061942387225,96.039803076469,-173.405395507812,1.12006938457489,13.3727655410767,6.94999980926514,16.117000579834,38.8400001525879,991.284890898576
8.375,-0.0160702484423768,-0.0352228152614374,0.47915810955319,0.018979257159017,-0.0300110725528256,-9.85484006404587,-0.0346020600922396,0.00109446330640804,-0.0203368564874814,-0.0472971212610453,0.0109513758235203,1.57328176201346,-0.0600622543388506,0.00197378815013917,-0.0210933408619626,11.9133608321583,-5.83843232819394,-0.623364545647857,5.83175881475399,11.9233817181329,-0.477073636988176,7.0308256590144,-6.03069444306038,-2.81,0.142973979171392,0.0569929129195842,13.2588740612598,18.1446729789811,0.169776960583614,1.11052985474212,173.410003662109,45.9151359487035,96.2610528392292,-173.410003662109,1.12032687664032,13.3699998855591,7.11631202697754,16.0956172943115,38.8400001525879,991.281671185865
8.4,-0.0154573206833341,-0.0288947111059519,0.47948184115289,-0.00432195456767911,-0.0458647649118702,-9.99758350762134,-0.0171961391675328,5.54313132417892e-05,-0.0196960166904632,-0.0477289446593033,0.0110907364651838,1.57316836885391,-0.0683443296963539,0.00622117187060489,-0.0207591523819186,11.9059455142836,-5.81110057170282,-0.651230250837123,5.80730732724498,11.9148825843837,-0.505256262125882,7.03088857508959,-6.03130532021814,-2.81,0.14172329722423,0.0584958616093145,13.2542373170244,18.1349015733371,0.169776960583614,1.11052985474212,173.410003662109,45.9151359487035,96.2610528392292,-173.410003662109,1.12032687664032,13.3699998855591,7.15999984741211,16.0900001525879,38.8400001525879,991.273505028258
8.425,-0.0151392223465102,-0.0260134804500963,0.479805568109821,0.00457405144329128,-0.0472301410846434,-9.99251116860347,-0.0198490085992055,0.00419513545184473,-0.0149786750894808,-0.0437051320983245,0.00918982388772864,1.5728897542854,0.0219107218187237,-2.45739936412075e-05,-0.0133668285953935,11.9020436097921,-5.82149614493989,-0.6471790046748,5.8192928822031,11.9101450737922,-0.501572319210473,7.03095031505138,-6.03193928526689,-2.81,0.139807590448674,0.0587698781082863,13.250545501709,18.1305086315747,0.169776960583614,1.11052985474212,173.410003662109,45.9151359487035,96.2610528392292,-173.410003662109,1.12032687664032,13.3699998855591,7.15999984741211,16.0900001525879,38.8400001525879,991.26533887065
8.45,-0.0164077094036902,-0.0311214900200705,0.480129298164814,0.0786534049925889,0.0451673351256033,-9.9126853483718,0.0207851260044565,-0.0153004197429604,-0.0137598239385146,-0.0458777438381973,0.00921428275311449,1.5724010728824,0.0409606437396972,-0.0332825614459761,-0.012519203936337,11.8867869913174,-5.8478244883135,-0.636476755612663,5.85178470733298,11.8923010487248,-0.477127225203012,7.03101205501318,-6.03257325031565,-2.81,0.141366267212067,0.0571506479766752,13.250545501709,18.1144691105565,0.169776960583614,1.11052985474212,173.410003662109,45.9151359487035,96.2610528392292,-173.410003662109,1.12032687664032,13.3699998855591,7.15999984741211,16.0900001525879,38.8400001525879,991.257172713043
8.475,-0.0167299287761641,-0.0276210720588217,0.480453022822155,0.0231823448542646,-0.0507747646937811,-9.6211231731147,0.0328441063318168,-0.0256081425535339,-0.0129807505445494,-0.0474799909588734,0.00945666631008562,1.57215863151126,0.0381717912120853,-0.0433279028056396,-0.0122773676208426,11.8782348866364,-5.84537095940444,-0.648864063232741,5.85339821036249,11.8821833756751,-0.483009177413579,7.03107379497497,-6.03320721536441,-2.81,0.141455181778848,0.0571164986798097,13.2492994619599,18.1042267468263,0.169777085875973,1.11052988255599,173.415954589844,46.0927789260072,96.6169794284904,-173.415954589844,1.11829936504364,13.3595743179321,7.15999984741211,16.0900001525879,38.8400001525879,991.253279016373
8.5,-0.0167331549279884,-0.0263644481793153,0.480776750561697,-0.0727474385279175,-0.0433584130673295,-9.41574440848342,0.0535462755606065,-0.0137137754331982,-0.00738794253041654,-0.046497046241677,0.00896964710493763,1.57203739193654,0.0522846264181363,-0.0369879203087709,-0.0109703579756627,11.876307207675,-5.84697547831913,-0.655144984223467,5.85636850413034,11.8796743921884,-0.489177232610222,7.03114160654808,-6.03387764198889,-2.81,0.140587761218096,0.057262002799778,13.2430395956017,18.1014269227864,0.169777294696572,1.11052992891243,173.425872802734,46.3888505539012,97.2101904104611,-173.425872802734,1.11492002010345,13.3421983718872,6.99120569229126,16.1245632171631,38.8400001525879,991.252233626995
8.525,-0.0175198080467722,-0.0306501471543071,0.480047728191069,0.0430493138660727,-0.0275606622700177,-9.54177557563189,0.0731866853094799,-0.00470246813566437,-0.00511107365850594,-0.0426791864004859,0.00773265336680774,1.57202459793625,0.0698924827808206,-0.0156327814960581,-0.00644804532674417,11.8713015717159,-5.84931263915383,-0.645994711237537,5.85696690079275,11.8750887067751,-0.487622244546383,7.03121280983396,-6.03456843671425,-2.81,0.139247522834686,0.057840824665911,13.2379961013794,18.0977377285468,0.169777503517172,1.11052997526887,173.435821533203,46.6849221817951,97.8034013924317,-173.435821533203,1.11154079437256,13.3248233795166,6.94999980926514,16.132999420166,38.8400001525879,991.251188237616
8.55,-0.017992680928895,-0.0320646134270758,0.477820669883161,0.0567004707597307,-0.105219853347416,-9.5115710414839,0.051278295313849,-0.0141342950832243,-0.00366709010652712,-0.0421762772344262,0.00748240143397762,1.57197262814534,0.0613909560794296,-0.0303059941204384,-0.00241780032815817,11.8532264803651,-5.86684617298219,-0.620263409910097,5.87383813826116,11.8570262808214,-0.46102278832531,7.03128401311983,-6.0352592314396,-2.81,0.14051815786956,0.0570297134377759,13.2379961013794,18.0828995392459,0.169777712337771,1.11053002162531,173.445755004883,46.9809938096891,98.3966123744024,-173.445755004883,1.10816156864166,13.3074474334717,6.94999980926514,16.132999420166,38.8400001525879,991.250142848238
8.575,-0.0179957034141508,-0.0301657846300068,0.477,-0.0403804551680381,-0.146630806155872,-9.51149224334648,0.0486972004891996,-0.0178305764288927,9.28902742322038e-06,-0.0386871165535445,0.00649425023021904,1.57213813870673,0.0269205810344941,-1.80767541757437e-05,0.000893582463200587,11.8522780209043,-5.86337419458663,-0.627420640837362,5.86734895044472,11.8573128453661,-0.477133390086141,7.03135521640571,-6.03595002616496,-2.81,0.138448053515431,0.0577917526650585,13.2366713282628,18.0822021169038,0.169777801832313,1.11053004149235,173.449996948242,47.1078816506203,98.6508456524123,-173.449996948242,1.10671329498291,13.3000001907349,6.94999980926514,16.132999420166,38.8400001525879,991.253599342725
8.6,-0.0179896715068036,-0.0352430452119486,0.477,0.0128119786901012,-0.0764723056900977,-9.49035027866528,0.021851496522565,-0.0210593473035118,0.00744583447650077,-0.0383406705035659,0.0058501352396927,1.57237291870071,-0.0131656419964635,-0.00183725241258961,0.00537487227952594,11.8421902754466,-5.85265155934028,-0.632811173625038,5.85393331809357,11.8488447384413,-0.477277537730647,7.03142641969159,-6.03664082089031,-2.81,0.137850997425087,0.058401217058928,13.2296831500728,18.0753610692386,0.169777801832313,1.11053004149235,173.449996948242,47.1078816506203,98.6508456524123,-173.449996948242,1.10671329498291,13.3000001907349,7.04758882522583,16.0996570587158,38.8400001525879,991.260432250111
8.625,-0.019259468051186,-0.0339732486675663,0.477,0.021858267283584,-0.0231668454482023,-9.28473144318306,0.0223663325491205,-0.035330432884572,0.00785100305330427,-0.0382877713708611,0.00495031100043862,1.57272440841952,-0.0370505238137236,-0.00549704165778118,0.00880405795543671,11.8285672300234,-5.85703857953972,-0.635443490250155,5.85425664935313,11.8376982998212,-0.469329428672498,7.03148500635104,-6.03725214055361,-2.81,0.137445798204777,0.058094432315338,13.2239866256714,18.0659474861922,0.169777801832313,1.11053004149235,173.449996948242,47.1078816506203,98.6508456524123,-173.449996948242,1.10671329498291,13.3000001907349,7.07000017166138,16.0919990539551,38.8400001525879,991.267265157497
8.65,-0.0195795669277196,-0.0330170088377343,0.477,-0.045044062682195,-0.120751836870599,-9.00507731843597,0.0372000900427038,-0.0355749307243888,0.0106469016267495,-0.0386277829695671,0.00350951774773593,1.57309907989071,0.036835987640648,-0.042706729315808,0.0123877347773749,11.8131849585061,-5.8715831417327,-0.634752816720421,5.86450118816036,11.8252178187146,-0.448985463582713,7.03154178459803,-6.03785206860647,-2.81,0.137192262042744,0.0571564065160565,13.2239866256714,18.0561800831246,0.169777801832313,1.11053004149235,173.449996948242,47.1078816506203,98.6508456524123,-173.449996948242,1.10671329498291,13.3000001907349,7.07000017166138,16.0919990539551,38.8400001525879,991.274098064883
8.675,-0.0208502107973004,-0.0330202920131563,0.477,-0.00954177147452354,-0.0844853225736468,-9.14611041992637,0.0256432392382056,-0.0222273419877756,0.0172652145971842,-0.0371191137980362,0.00288516994943451,1.57369948499684,-0.025165496645353,-0.00342038133482079,0.0169684849398472,11.8074546491621,-5.90885874808186,-0.602035851287977,5.89282993068047,11.8234600107409,-0.416404785666686,7.03159856284502,-6.03845199665934,-2.81,0.138197216786168,0.0551528641472527,13.2211344901552,18.0575190047744,0.169777914486508,1.11053006665728,173.458084106445,47.2686062486604,98.9708701424668,-173.458084106445,1.10734820365906,13.2919139862061,7.25867605209351,16.0870780944824,38.8400001525879,991.274844771581
8.7,-0.0198965050629876,-0.0333354733535199,0.477,0.0152332298059453,3.75488225975579e-05,-9.23497283782191,0.039165290787112,-0.0201522776326293,0.0177708519087284,-0.0377222753817041,0.00213355470277264,1.57397155038138,0.0782299933949187,-0.0489887551538646,0.0183424210537413,11.7942415992065,-5.89426125462272,-0.622160818015656,5.87605551906616,11.8120798622703,-0.424588725559904,7.03165534109201,-6.03905192471221,-2.81,0.137132598987306,0.0558134005039598,13.2052976324203,18.0468419390516,0.169778122007394,1.11053011301372,173.47297668457,47.5646778765543,99.5603889398775,-173.47297668457,1.10851800441742,13.2770214080811,7.30000019073486,16.0860004425049,38.8400001525879,991.270466256649
8.725,-0.0218051887175169,-0.0301597208325866,0.477,-0.0188940386531506,-0.132732837963184,-9.19098253789619,0.0239529954946775,-0.0221315667516578,0.0199357242867062,-0.0370469999972479,0.0010025043972617,1.57470138080104,0.0888431340745648,-0.0621881702171903,0.0230082511177569,11.7919408286308,-5.91238331419697,-0.598012973868501,5.88438422131905,11.8146242011751,-0.390437956326728,7.0317213393455,-6.03972844686844,-2.81,0.137768017943971,0.0546735361695445,13.1922378540039,18.0540458464657,0.16977832952828,1.11053015937016,173.487869262695,47.8607495058665,100.149907737367,-173.487869262695,1.10968768596649,13.2621278762817,7.30000019073486,16.0860004425049,38.8400001525879,991.266087741717
8.75,-0.0224411633881489,-0.0307956955032186,0.477,0.00381000384844365,-0.0347713825555419,-9.21696825984694,0.00937186557401234,-0.0179070705187847,0.0269574630365527,-0.0370712579940681,0.00090025209250677,1.57546787991492,-0.00710763975813473,-0.0266460739482147,0.0247744893921147,11.7803812434943,-5.93408183303825,-0.58212430023558,5.89648402353556,11.8077252471601,-0.372396014963449,7.03178801383574,-6.04041058678071,-2.81,0.138647056627447,0.0532258939115941,13.1922378540039,18.0495645677412,0.169778537049166,1.1105302057266,173.50276184082,48.1568211337604,100.739426534857,-173.50276184082,1.11085748672485,13.2472333908081,7.30000019073486,16.0860004425049,38.8400001525879,991.261709226784
8.775,-0.0216593006907094,-0.0290673582251959,0.477,0.0250221043979026,0.0270171748901005,-9.34303076085618,0.0264733991860816,-0.0221264127919118,0.0266857890687368,-0.0348960863018785,-0.000779769449206822,1.57625357868181,0.104757480085736,-0.0520615173313344,0.0300064801688374,11.760323869353,-5.91638157874985,-0.615094337894631,5.86997086103131,11.7928480313567,-0.399132737225901,7.03185468832598,-6.04109272669298,-2.81,0.135508561827539,0.0543845454017866,13.190334807051,18.0336268661761,0.169778637845025,1.11053022824258,173.509994506836,48.300627352537,101.025764236472,-173.509994506836,1.11142563819885,13.2399997711182,7.30000019073486,16.0860004425049,38.8387222290039,991.25424518991
8.8,-0.0237015496585285,-0.0345989059447074,0.477,-0.0599907229218653,-0.0354093649879285,-9.42789928283265,0.0419076213084658,-0.0191848813319835,0.0281735428776853,-0.0354122123336115,0.000213067277324849,1.57707686163742,-0.0348524015287394,0.00799086620671742,0.0276691005618297,11.7550877746761,-5.97654658672936,-0.557197928015406,5.91858162027517,11.792418135961,-0.347754705891412,7.03192136281622,-6.04177486660526,-2.81,0.13922284744963,0.0506583735047102,13.1791808374103,18.0377553294046,0.169778637845025,1.11053022824258,173.509994506836,48.300627352537,101.025764236472,-173.509994506836,1.11142563819885,13.2399997711182,7.24174928665161,16.0876636505127,38.8362426757812,991.24386704898
8.825,-0.0218031674517103,-0.0314295492670419,0.477,-0.0299808897966093,-0.0222706377696469,-9.31328560572785,0.0634552019513247,-0.0129806245406785,0.0347361722350681,-0.0346529695666886,-0.0002566799047827,1.57768267411455,-0.0260521637650364,0.000431730944388065,0.0283422511658475,11.7486009744395,-5.96262777502548,-0.56951296685987,5.89773274588699,11.7895867124655,-0.359574007509502,7.03199869595826,-6.04256790549039,-2.81,0.138095076698665,0.0513712586161707,13.1698770523071,18.0354341536002,0.169778637845025,1.11053022824258,173.509994506836,48.300627352537,101.025764236472,-173.509994506836,1.11142563819885,13.2399997711182,7.23000001907349,16.0879993438721,38.8337631225586,991.233488908051
8.85,-0.0221185994172259,-0.0323798811799643,0.477,0.0572704659777832,0.0336723497578449,-9.3236530348933,0.0686110524761899,-0.0220511012731259,0.0335908013158021,-0.0338793565330059,-0.000742355657017034,1.57828644691302,-0.0156365953978717,-0.00783538664035084,0.0290498436883115,11.7402073884579,-5.94443094677475,-0.585511375030158,5.87274862805816,11.7848068395457,-0.37510489399718,7.03210485216896,-6.0436608367795,-2.81,0.136765444563757,0.0523313471096273,13.1698770523071,18.0312806177874,0.169778637845025,1.11053022824258,173.509994506836,48.300627352537,101.025764236472,-173.509994506836,1.11142563819885,13.2399997711182,7.23000001907349,16.0879993438721,38.8312797546387,991.223110767121
8.875,-0.0224350497702279,-0.0333332812858217,0.477,-0.0456994338070749,-0.0183501542216441,-9.3899041626008,0.075342868252647,-0.0214761830612434,0.0317788349387145,-0.0311608262509464,-0.00214083262359238,1.57876698177349,0.0757624574498456,-0.0307930587220097,0.0321332527741326,11.7299454722376,-5.97849279610069,-0.547819711290178,5.89896756504252,11.7780843251954,-0.336176480344278,7.03221100837967,-6.0447537680686,-2.81,0.137348214518584,0.0507603689081091,13.1688711130309,18.0293538765805,0.169778737588735,1.11053025054814,173.519638061523,48.4430895885569,101.309113026795,-173.519638061523,1.11024725437164,13.2207088470459,7.23000001907349,16.0879993438721,38.8300018310547,991.218192891872
8.9,-0.0249625788854108,-0.0409483091795193,0.477,-0.0520234610289365,-0.0352348573553893,-9.23283978966937,0.105179177833785,-0.0203175189527828,0.0339122251715602,-0.0242130570113659,-0.00468837842345238,1.58049726486206,0.172167003154755,-0.0472859553992748,0.0351058058440685,11.7156070662392,-6.02863804150386,-0.504382763627776,5.92513256893182,11.7751905499124,-0.303346488466178,7.03231716459038,-6.04584669935771,-2.81,0.13618073411938,0.0485656032396398,13.1626283722285,18.0304891280192,0.169778942943432,1.11053029647134,173.539489746094,48.7363941924611,101.892478183404,-173.539489746094,1.10782110691071,13.1809930801392,6.97751760482788,16.1090412139893,38.8300018310547,991.219056474402
8.925,-0.0249605577784916,-0.0422180377953962,0.477,0.0542991375825309,-0.0297502940580204,-9.11443711996235,0.0937918646912844,-0.0399740503222002,0.0365611996977973,-0.0230680703475453,-0.00553561442870417,1.58092401316879,0.169388715724008,-0.0589312701568027,0.035749600423728,11.6913993295848,-6.03400534137493,-0.484197045028752,5.9248361938927,11.7537359981142,-0.280163673854038,7.03237958795881,-6.04653940871656,-2.81,0.136703906025605,0.0483660435209664,13.1573619842529,18.0132320466331,0.169779148298129,1.11053034239454,173.559356689453,49.0296987963652,102.475843340013,-173.559356689453,1.10539495944977,13.1412754058838,6.92999982833862,16.113000869751,38.8300018310547,991.219920056932
8.95,-0.026540646163914,-0.0444325814487345,0.477,0.0395341226962539,0.0191131937537334,-8.91448874953475,0.100394617795303,-0.0656246797877459,0.0338537918866359,-0.0218954336451229,-0.0071897447841064,1.5822141347035,0.117022326860528,-0.0811485117716967,0.0334459868566471,11.6767683518951,-6.044297765509,-0.471661577424589,5.91943622244877,11.7472566448306,-0.255255547285304,7.03243895549169,-6.04720415253884,-2.81,0.136379219847213,0.0475665543609218,13.1573619842529,18.0113389111292,0.169779353652826,1.11053038831774,173.579208374023,49.3230034002693,103.059208496543,-173.579208374023,1.10296881198883,13.1015605926514,6.92999982833862,16.113000869751,38.8300018310547,991.220783639461
8.975,-0.0276598094985745,-0.0423826863155251,0.477,-0.100662006548366,-0.150853377735263,-8.65264240768628,0.0805234461943747,-0.0593194411349797,0.0317042807931886,-0.0187009770385888,-0.00920403217707331,1.58320051876738,0.076930960108326,-0.0555139664256546,0.0357342451391584,11.6577584929388,-6.03006427397167,-0.482973490245049,5.89293940856393,11.7346693621175,-0.262814970980023,7.03249832302458,-6.04786889636112,-2.81,0.13389262335034,0.0485837568679827,13.1562347096472,18.0001503606455,0.16977946513109,1.11053041324748,173.589996337891,49.4822259000178,103.375892438711,-173.589996337891,1.10165178775787,13.0799999237061,6.92999982833862,16.113000869751,38.8300018310547,991.220753771193
9,-0.0287587955861259,-0.0485542049806783,0.477,-0.0679330995671107,-0.0628214260686685,-8.62073298864539,0.04760756523218,-0.0455740791452107,0.0355733904281448,-0.0220994738661064,-0.00905450839994859,1.58394416418345,0.00206600614892821,-0.0578124770517225,0.0290628663153699,11.6515918880629,-6.04911937536371,-0.454669384512782,5.90394509989823,11.732655647431,-0.215375738607129,7.03254396000849,-6.04836677893978,-2.81,0.136793481782485,0.0467122002706977,13.148801742716,18.0047374035822,0.16977946513109,1.11053041324748,173.589996337891,49.4822259000178,103.375892438711,-173.589996337891,1.10165178775787,13.0799999237061,6.99808502197266,16.1095943450928,38.8300018310547,991.219662930103
9.025,-0.0282901950090275,-0.0442727536863699,0.477,-0.0090501556109665,0.0528906726382601,-8.66928435912368,0.0254222951449472,-0.0490233200787784,0.0322707125361038,-0.0167674058629308,-0.0118029074065851,1.58491510381335,-0.000176929456107055,-0.0311441155475454,0.0348923951638249,11.6467927925567,-6.03142141165414,-0.466043770256993,5.87330336966834,11.7343784145001,-0.227363468177188,7.03258250923528,-6.04877852716444,-2.81,0.133122258653804,0.0482325804727561,13.1424608230591,18.0070711219458,0.16977946513109,1.11053041324748,173.589996337891,49.4822259000178,103.375892438711,-173.589996337891,1.10165178775787,13.0799999237061,7.01000022888184,16.1089992523193,38.8300018310547,991.218572089013
9.05,-0.0287599367528242,-0.0485611161702531,0.477,-0.0421404786773331,-0.0372359777088326,-8.56840767360667,0.0159045083693505,-0.0550882262884164,0.027733649557638,-0.0168325591191529,-0.0132213141495811,1.58566371268385,-0.02046933441827,-0.0309754552512874,0.0328463653261429,11.6367389746494,-6.04275666894306,-0.453676520848115,5.87581266060824,11.7290254105674,-0.198022739727018,7.03262105846208,-6.04919027538911,-2.81,0.133341256432514,0.0473483008253631,13.1424608230591,18.0062651278359,0.16977946513109,1.11053041324748,173.589996337891,49.4822259000178,103.375892438711,-173.589996337891,1.10165178775787,13.0799999237061,7.01000022888184,16.1089992523193,38.8300018310547,991.217481247922
9.075,-0.0301785305137466,-0.0480862454788611,0.477,-0.0715217778104948,-0.150212642408422,-8.76674363859642,-0.0245245773872175,-0.0457868617558436,0.0287181622176626,-0.0176039091120811,-0.014128333050085,1.58631007214812,-0.0476914650360873,-0.0239640959644804,0.0312135296886835,11.6298616708086,-6.0421983287215,-0.454967787356609,5.86806911888767,11.7260681919589,-0.184196598135452,7.03265960768887,-6.04960202361377,-2.81,0.13324246748044,0.0470434124353424,13.1419266978054,18.0062646355275,0.169779552583226,1.11053043311453,173.59211730957,49.609113740949,103.624323712514,-173.59211730957,1.10098338127136,13.0874471664429,7.01000022888184,16.1089992523193,38.8300018310547,991.219383726729
9.1,-0.0306656900374106,-0.0479231700543152,0.477,0.0104272508272717,0.0466468746247921,-8.87345804932268,-0.0411452985101306,-0.0348791783847639,0.0277303878569145,-0.0189109135365113,-0.014647461225796,1.58687887482868,-0.0801698338430757,-0.0117625087323888,0.0298941043134301,11.624421608304,-6.04489434882856,-0.454051745609952,5.86461458849468,11.723979694253,-0.169364284763566,7.03269852442143,-6.05001762459819,-2.81,0.133602081618866,0.0464950559327844,13.1381700168546,18.0070085731218,0.16977975663821,1.11053047947097,173.597091674805,49.9051853688429,104.203996684484,-173.597091674805,1.09942364692688,13.1048221588135,6.82068538665771,16.133092880249,38.8300018310547,991.225277298731
9.125,-0.0306722583374909,-0.0437967388941953,0.477,0.0582534801009136,-0.0212623706892829,-9.15284828267374,-0.0476251781295328,-0.0318079547864931,0.0265303581679032,-0.0205008222257685,-0.0154152636340401,1.58771100271587,-0.0993448432282916,0.000344759619377928,0.0292342112980171,11.6179996753696,-6.04393186396151,-0.456650498200652,5.85458842770385,11.7224477469834,-0.153530687631918,7.03276841883415,-6.05075798120111,-2.81,0.133771781754565,0.0460141100102456,13.1349296569824,18.009213729517,0.169779960693194,1.11053052582741,173.60205078125,50.2012569953187,104.783669656533,-173.60205078125,1.09786403179169,13.1221981048584,6.78999996185303,16.136999130249,38.8300018310547,991.231170870734
9.15,-0.030675795504415,-0.0415745694383078,0.477415024163698,0.0102391528043062,0.0219127079425525,-9.31689871419275,-0.0393123883271901,-0.0254436935063284,0.0278802866304027,-0.0217008404433727,-0.01607546210289,1.58842206001282,-0.101781919598579,0.00786386430263519,0.0292955785989761,11.6056272185365,-6.04911747888396,-0.463609409143222,5.85219737090676,11.7144318826787,-0.145638907071389,7.03283831324687,-6.05149833780403,-2.81,0.133642942214971,0.0453141779138662,13.1349296569824,18.0033610658483,0.169780164748178,1.11053057218385,173.607009887695,50.4973286232127,105.363342628582,-173.607009887695,1.09630441665649,13.1395740509033,6.78999996185303,16.136999130249,38.8300018310547,991.237064442736
9.175,-0.032582702692334,-0.0403011673221922,0.478108724721044,0.0447062075270323,-0.0301632904813341,-9.54113475130521,-0.0299858647168772,-0.0218607911199224,0.0285944982382196,-0.0247597322269576,-0.0169070644608032,1.58936264025939,-0.085513617495925,-0.0184944376915996,0.0270820804571907,11.6038898267726,-6.08252541056487,-0.447345992135488,5.87519481733232,11.7183402517109,-0.100401804006019,7.03290820765959,-6.05223869440695,-2.81,0.135337338207529,0.0426326456215598,13.1327876819223,18.0132090077833,0.169780287181168,1.11053059999771,173.610000610352,50.6749716005164,105.711146411827,-173.610000610352,1.09536862373352,13.1499996185303,6.78999996185303,16.136999130249,38.8290100097656,991.23763107408
9.2,-0.0319546309468571,-0.0364954679120426,0.4788024219931,0.0890200261033612,0.0492734684790692,-9.64577318953475,-0.0527119339565563,-0.0310983322586668,0.0293213918020708,-0.0252309350650954,-0.0182811239847214,1.59003493864344,-0.0700366541325294,-0.0260632828710334,0.0257453323412496,11.5984852850245,-6.07507274081736,-0.466988779103148,5.86059642578442,11.7171905748615,-0.101502706462383,7.03297810207232,-6.05297905100987,-2.81,0.133923558178635,0.0427548103402146,13.1166463698619,18.013588340923,0.169780287181168,1.11053059999771,173.610000610352,50.6749716005164,105.711146411827,-173.610000610352,1.09536862373352,13.1499996185303,6.78999996185303,16.1317806243896,38.8265266418457,991.230207294437
9.225,-0.0313198062798023,-0.0358587892940855,0.479496129188655,0.0659648021947377,0.126969825671589,-9.80143101681635,-0.0308009539437403,-0.0415717566334862,0.0237547652571259,-0.0254813141492728,-0.0200336814260814,1.59060268188743,0.00747547003847694,-0.0560948830646957,0.0252901667293688,11.5911248122035,-6.06726436516507,-0.486538461460285,5.84685046998096,11.7135402009861,-0.0995314268403829,7.03303392624928,-6.05354207974277,-2.81,0.132315712571759,0.0429760536371503,13.1025705337524,18.0117429430969,0.169780287181168,1.11053059999771,173.610000610352,50.6749716005164,105.711146411827,-173.610000610352,1.09536862373352,13.1499996185303,6.78999996185303,16.1310005187988,38.8240432739258,991.222783514794
9.25,-0.0335378415639077,-0.0368064917656758,0.480189833044512,0.0712506864132755,0.0207786844459455,-9.71956658760787,-0.0307715863881682,-0.0435043847713509,0.0219021310118296,-0.0277486111167764,-0.020628839845327,1.59113872120698,-0.0128081967374286,-0.0572565500935422,0.0206487607498595,11.5828272591892,-6.08169722040233,-0.499027976953974,5.85624627394366,11.7087162713345,-0.0911052959834706,7.03308721498584,-6.05407315419603,-2.81,0.132285242228304,0.0416447275818167,13.1025705337524,18.0081656808177,0.169780287181168,1.11053059999771,173.610000610352,50.6749716005164,105.711146411827,-173.610000610352,1.09536862373352,13.1499996185303,6.78999996185303,16.1310005187988,38.8215599060059,991.215359735151
9.275,-0.0343443151468595,-0.0325330779843147,0.480866813245704,0.0687311281292104,0.122158377617616,-9.37880396290728,-0.0183248087791951,-0.0461935647167666,0.0216392697693829,-0.029933812096715,-0.0201475620269775,1.59133732318878,-0.0822315439581871,-0.0396756753325462,0.0161395259201527,11.5756066676024,-6.07565842735521,-0.546417679032154,5.85014568820762,11.7032255212247,-0.131054015554365,7.03314050372239,-6.05460422864929,-2.81,0.130705605713696,0.0415838701023071,13.102695859634,17.9976872332704,0.169780363294853,1.11053061737674,173.611831665039,50.7859688138706,105.927367770983,-173.611831665039,1.09615707397461,13.1518430709839,6.9391016960144,16.1020565032959,38.8199996948242,991.212797990082
9.3,-0.0376632158266731,-0.038383247927489,0.481448960100442,0.0842341784555931,0.0927906945364327,-9.48635896154552,-0.00562374991680095,-0.0531795363804065,0.0179337367870948,-0.0300657161992893,-0.0227612601204932,1.59198346543319,-0.0622767861435062,-0.0526698437810674,0.0106556639444425,11.5713583120758,-6.10856844035531,-0.515539119576644,5.87468953910208,11.702994880683,-0.0682334422154326,7.03319379245895,-6.05513530310256,-2.81,0.131487179436563,0.039521851570516,13.1037129273651,18.0058491492822,0.169780568216312,1.11053066416641,173.616821289062,51.0848074671726,106.509502199353,-173.616821289062,1.09827995300293,13.1568088531494,6.96000003814697,16.0979995727539,38.8199996948242,991.218464303524
9.325,-0.0357692589649131,-0.0326771437776233,0.481988505177089,-0.0145936852094782,0.236666476130051,-9.34016553340917,0.0223244619632617,-0.0470220564944021,0.00985121044567962,-0.0271745848785604,-0.0239385784710077,1.59234648686824,-0.0261061458355778,-0.0271092279565766,0.0120158087267464,11.5742194299547,-6.10556120041571,-0.528212396805444,5.86671638409107,11.708708707604,-0.0849740549665429,7.03324707298109,-6.05566667385444,-2.81,0.129222685490516,0.0400285533799362,13.1046094894409,18.0099859228871,0.169780773137772,1.11053071095609,173.621765136719,51.3836461204746,107.091636627644,-173.621765136719,1.10040283203125,13.1617736816406,6.96000003814697,16.0979995727539,38.8199996948242,991.224130616966
9.35,-0.0357692589649131,-0.0326771437776233,0.482528050251619,-0.0347598120743866,-0.0481276302369553,-9.26072343208005,0.0597827071484982,-0.019190235405155,0.00804887983077429,-0.0239911010763616,-0.0251736784369277,1.59270062452197,0.0167046854096418,-0.00248255092697817,0.0138844114503259,11.5810744500414,-6.10256363348556,-0.542213785533545,5.85855511703936,11.7184927973318,-0.104031758901458,7.03329936108589,-6.05623384166555,-2.81,0.126725843409868,0.0405696734247773,13.1046094894409,18.017857676534,0.169780978059231,1.11053075774577,173.626739501953,51.6824847737765,107.673771056092,-173.626739501953,1.10252571105957,13.1667375564575,6.96000003814697,16.0979995727539,38.8199996948242,991.229796930408
9.375,-0.0366438400790794,-0.039762627851278,0.483067594076529,0.0658565196313827,0.087940571939362,-9.18972278179357,0.0376353366839663,0.00481268533600349,0.0131154685786774,-0.0252365145524934,-0.0247235175286348,1.5928884846396,0.0807305453994023,-0.0198733677773951,0.00935069733627631,11.5813387789418,-6.10301286764242,-0.508100302312292,5.85644786999412,11.7187797369953,-0.06752565637976,7.0333516491907,-6.05680100947666,-2.81,0.129218392187056,0.040268511494715,13.1048329603587,18.0243595976458,0.169781112721904,1.11053078849327,173.630004882812,51.8788644597054,108.056316537561,-173.630004882812,1.10392069816589,13.1700000762939,7.35893583297729,16.1183891296387,38.8199996948242,991.233520507812
9.4,-0.0370269490256851,-0.0403008647570227,0.48360714298397,0.162505385649737,0.10480635529218,-9.48193656521191,0.0719000077572453,0.00913264075154995,0.0085554009327079,-0.0245601844014595,-0.0246748684488631,1.59300920085753,0.0746840566161252,-0.0110568411406322,0.00886754361689467,11.5830882262755,-6.12422116425217,-0.474455269059789,5.8751407721588,11.7209385209229,-0.0380345206125106,7.03340393729551,-6.05736817728778,-2.81,0.130808375392808,0.039144276070265,13.106797642178,18.0303509459542,0.169781112721904,1.11053078849327,173.630004882812,51.8788644597054,108.056316537561,-173.630004882812,1.10392069816589,13.1700000762939,7.40999984741211,16.121000289917,38.8199996948242,991.233520507812
9.425,-0.0357510675726525,-0.0441055996877222,0.484146688101528,0.098040831018742,0.0115670347162102,-9.70093093588397,0.0364344395978153,0.0200820497373162,0.00736666728146667,-0.020289857511299,-0.0246877179697945,1.59347862385187,0.0244130540455317,0.0428917604319861,0.00909432625800348,11.584863795429,-6.10988120231579,-0.483047293696368,5.85398031462537,11.7259819076952,-0.0729035622064214,7.03344935024985,-6.05785921865449,-2.81,0.128676401367876,0.0404430952773935,13.1085481643677,18.0318565134882,0.169781112721904,1.11053078849327,173.630004882812,51.8788644597054,108.056316537561,-173.630004882812,1.10392069816589,13.1700000762939,7.40999984741211,16.121000289917,38.8199996948242,991.233520507812
9.45,-0.0347941689921955,-0.0450624982681791,0.484686022882323,0.0890470653048618,0.15127490485955,-9.75416848650272,0.0670430657335637,0.0341326913506475,0.00663916277115715,-0.0204120979318132,-0.0234804970943679,1.59365672331624,0.0682857589074377,0.0235706903075827,0.00571176741082254,11.5914855337534,-6.10719004942344,-0.468144248530111,5.84880091783299,11.7331126104044,-0.0711513285070986,7.03349386540248,-6.05834031893662,-2.81,0.129919630222287,0.0404871411970481,13.1085481643677,18.0399719168938,0.169781112721904,1.11053078849327,173.630004882812,51.8788644597054,108.056316537561,-173.630004882812,1.10392069816589,13.1700000762939,7.40999984741211,16.121000289917,38.8199996948242,991.233520507812
9.475,-0.03432126258952,-0.0455354046708546,0.485,0.207819888209215,0.0473463924887615,-9.83136277190167,0.0718656667411467,0.0290775365641834,0.00533336925840572,-0.0162437884905721,-0.023602620241865,1.59395081140086,0.078047785594998,0.0359234973920727,0.00852935623495596,11.5951080736074,-6.11477488093061,-0.434301089495879,5.85081880721434,11.7383898822267,-0.0611782430091192,7.0335383805551,-6.05882141921875,-2.81,0.130118670648869,0.040596575606459,13.1088660512974,18.047037894047,0.169781177398112,1.11053080306244,173.630004882812,51.9719155421095,108.240046672731,-173.630004882812,1.10422027111053,13.1684398651123,7.40999984741211,16.121000289917,38.8199996948242,991.231444446753
9.5,-0.0344702790211704,-0.0504559093378129,0.485,0.202737018717426,0.105638330066629,-9.42975284489709,0.10206448505009,0.0251183254258283,0.00662128741003428,-0.0169856145311274,-0.0220505750163729,1.59401588955339,0.10817943644585,0.00632482633614077,0.00520741894081518,11.5923094807106,-6.11851504195709,-0.414206618706737,5.85377912105554,11.7354048278585,-0.0545533351748932,7.03358291798228,-6.05930270924443,-2.81,0.13208088844413,0.0402488569144929,13.1119148759414,18.0453883209247,0.169781383186047,1.11053084941888,173.630004882812,52.2679871714216,108.824642557579,-173.630004882812,1.10517334938049,13.1634750366211,8.39818000793457,16.0500297546387,38.8199996948242,991.224838797928
9.525,-0.033837229224839,-0.0498228595414815,0.485,0.230943270074872,0.0605886805749189,-9.37213408420454,0.12569059276711,0.0290800217356613,0.0078741999325894,-0.0128116222667329,-0.0227298393639351,1.59428673715767,0.116032214323776,0.0301561768231108,0.00973887561139548,11.5999851504169,-6.11784438308406,-0.397402053247393,5.84818116954588,11.7448425443303,-0.0552665767746602,7.03365591673761,-6.06002644432454,-2.81,0.131106077619048,0.0408177910864246,13.1146602630615,18.0556713060586,0.169781588973982,1.11053089577532,173.630004882812,52.5640587993156,109.40923844227,-173.630004882812,1.10612654685974,13.1585102081299,8.51000022888184,16.0419998168945,38.8199996948242,991.218233149102
9.55,-0.0335200664951349,-0.053252110319838,0.485,0.191984767270363,0.0513446006325786,-9.46810852324602,0.13036655348411,0.0327068354340196,0.00900221757308023,-0.00808938216412809,-0.0225077506444667,1.59463965340225,0.129371836245565,0.0436401962267665,0.0115530449631971,11.6020842637837,-6.12589864388542,-0.370333376357695,5.85024381048668,11.7491803508594,-0.0595710464937935,7.03372891549295,-6.06075017940466,-2.81,0.130851237042018,0.0409596496573054,13.1146602630615,18.0598760215813,0.169781794761917,1.11053094213176,173.630004882812,52.8601304272095,109.993834327039,-173.630004882812,1.1070796251297,13.153546333313,8.51000022888184,16.0419998168945,38.8199996948242,991.211627500277
9.575,-0.0327106542316613,-0.0610724922050127,0.485,0.284092570364363,0.033010189326187,-9.77060701693639,0.130613873967253,0.042011461721872,0.0081240317330038,-0.00507421187295267,-0.0217529786189177,1.59491319712805,0.133396854101321,0.0409781544012639,0.0109186886726009,11.6055605879675,-6.1329541540577,-0.340350664719084,5.85285962289461,11.7540979714981,-0.0567177471842273,7.03380191424829,-6.06147391448477,-2.81,0.131588067945005,0.0409163468735677,13.1144298932231,18.0657075555817,0.169781941753299,1.1105309752435,173.630004882812,53.0716101616221,110.411402816148,-173.630004882812,1.10776042938232,13.1499996185303,8.51000022888184,16.0419998168945,38.8199996948242,991.206822604998
9.6,-0.0325471852677009,-0.0625249648013267,0.485,0.261854391649301,-0.0544346618961129,-9.96397479789387,0.0899861353472523,0.0440675919730021,0.00486424308600231,-0.00369496350670684,-0.0211509110011506,1.59507568943644,0.126952381090314,0.0324484325739091,0.0101045058666174,11.6108231122122,-6.12161824358176,-0.325926015824931,5.8390078037005,11.7598602209601,-0.0576756693129156,7.0338519865291,-6.06197500895018,-2.81,0.132026961406964,0.0416801992305524,13.1119994914278,18.07265206893,0.169781941753299,1.1105309752435,173.630004882812,53.0716101616221,110.411402816148,-173.630004882812,1.10776042938232,13.1499996185303,8.59170246124268,16.0737724304199,38.8199996948242,991.206519593584
9.625,-0.032542130673172,-0.06570043427009,0.485,0.305138976347407,0.041334723079152,-10.3873785011122,0.0620767124288112,0.0526508701626147,0.00567149407697726,-0.00209001956467041,-0.0199836426915597,1.5953075253742,0.124115998918336,0.0254116316397544,0.00894484550139123,11.6185656559061,-6.11616433747761,-0.306132659585266,5.83011015018668,11.7685313746009,-0.0611247136804772,7.03388982879083,-6.06235733683583,-2.81,0.132859790721661,0.0421217442436786,13.109787940979,18.0816479639994,0.169781941753299,1.1105309752435,173.630004882812,53.0716101616221,110.411402816148,-173.630004882812,1.10776042938232,13.1499996185303,8.60000038146973,16.0769996643066,38.8199996948242,991.20621658217
9.65,-0.0315835388297591,-0.0685580431289944,0.485,0.262793355578697,0.0349192101641761,-10.1760488725067,0.0674071103804921,0.0522735447104305,0.00377264365159733,-0.00101639330387115,-0.0189470164477825,1.59548604488373,0.124774150550365,0.0222876332700253,0.00805276073515415,11.6224849699197,-6.116930143891,-0.278446601640836,5.82834306768446,11.7730301414946,-0.0519821512662957,7.03392767105256,-6.06273966472149,-2.81,0.13430878264605,0.0421643999025384,13.109787940979,18.0879733875894,0.169781941753299,1.1105309752435,173.630004882812,53.0716101616221,110.411402816148,-173.630004882812,1.10776042938232,13.1499996185303,8.60000038146973,16.0769996643066,38.8199996948242,991.205913570756
9.675,-0.0287259182009262,-0.0676048431222873,0.485,0.283342022573987,-0.00238283322444025,-9.89707387166534,0.0558453564550478,0.0431980028232467,0.00518500865340791,-0.00076391787528647,-0.0167824295211328,1.59588250440041,0.0754210142528343,0.0133270289853212,0.0087628479274814,11.6266011052083,-6.07656339330796,-0.284871624180942,5.78315394949388,11.7784345368294,-0.0850766293546367,7.03396551331429,-6.06312199260714,-2.81,0.134593805043036,0.0442908291965176,13.1102498034213,18.0917350283812,0.169781994558792,1.11053098716373,173.629364013672,53.1477428661808,110.56141099933,-173.629364013672,1.10712540149689,13.1506385803223,8.60000038146973,16.0769996643066,38.8193626403809,991.205439141456
9.7,-0.0299950890849959,-0.0701467017082838,0.484631624405312,0.228210391419129,-0.0305617199727471,-9.90395793865575,0.0456479319094861,0.0328678202550604,0.00981026396589495,0.00106599222972783,-0.0155793011306567,1.59629352797634,-0.0101703738966889,0.0500636599630011,0.00853757786331886,11.6241192260446,-6.09270090372954,-0.261758109677101,5.7940171821853,11.7784312336112,-0.0871318496439895,7.03400442021099,-6.063513631961,-2.81,0.135601322995136,0.043533516058707,13.1156638576066,18.0910634264769,0.16978219991349,1.11053103352017,173.626876831055,53.4438144940748,111.14477615586,-173.626876831055,1.10465598106384,13.1531200408936,8.50827407836914,16.0577373504639,38.8168792724609,991.204469504931
9.725,-0.0285640385760513,-0.0738022119987232,0.483681753748191,0.303722018609575,0.0142519402740798,-9.8758616450772,0.050822411744151,0.0238293450965691,0.0108471488634469,0.000906995759881267,-0.0158749742792811,1.59640485800336,0.0600539975995553,0.00266341460968213,0.0128311784878067,11.6274176016352,-6.07012324912713,-0.26953731269193,5.77008326424069,11.781928877656,-0.0904309179867741,7.03406375224469,-6.06408391283974,-2.81,0.135091288647445,0.0447100646020233,13.120641708374,18.0962392552827,0.169782405268187,1.11053107987661,173.624389648438,53.7398861219687,111.72814131239,-173.624389648438,1.10218644142151,13.1556024551392,8.5,16.0559997558594,38.8143997192383,991.203499868406
9.75,-0.0299873186053381,-0.0752254920280101,0.48271057829233,0.238693706149711,-0.12087058220492,-9.71577038515952,0.0287225759807758,0.0202987037604519,0.0144500077834426,0.000646912938123834,-0.0156240071849715,1.59688785480544,0.0435626365800947,-0.0195294429441164,0.0172267968340167,11.627304341905,-6.06737145641847,-0.265118805134976,5.76172126486987,11.7844146270042,-0.0873532774225616,7.03412308427838,-6.06465419371848,-2.81,0.135491597142714,0.0446490161424138,13.120641708374,18.1003057800936,0.169782610622884,1.11053112623305,173.62190246582,54.0359577512809,112.311506469078,-173.62190246582,1.09971702098846,13.1580848693848,8.5,16.0559997558594,38.8119163513184,991.202530231882
9.775,-0.0295124157375688,-0.0737947069455858,0.481739395904908,0.280449105271192,-0.088924607599238,-9.69386438926639,-0.0160089729129611,0.0110003109338553,0.0189521626295766,0.00273852070643204,-0.0160239573254837,1.59771833387047,-0.0161003424660664,0.0125431220248488,0.0228253216836279,11.6201163425289,-6.06407241591775,-0.261430194149261,5.74825771127687,11.7820850632328,-0.091807806361011,7.03418241631208,-6.06522447459723,-2.81,0.134761465542372,0.0448624552281299,13.1204471317589,18.0988571155114,0.169782769039364,1.11053116199373,173.619995117188,54.2643558635388,112.761531018388,-173.619995117188,1.09781205654144,13.1599998474121,8.5,16.0559997558594,38.8105659484863,991.202530231882
9.8,-0.0293503914491981,-0.0758522666343255,0.481200534963392,0.187076830881795,-0.10173401540301,-9.63786526317181,-0.0244930356456317,0.00832684069934368,0.0234283190008949,-0.001582129369501,-0.0149194745817454,1.59830357285325,-0.0676333282703749,-0.00992745082186688,0.0227552343647624,11.6229985817172,-6.06964643710651,-0.265092066676832,5.74801632400152,11.7880682290274,-0.0820577400561017,7.03424174834578,-6.06579475547597,-2.81,0.13653042844276,0.0436878460483913,13.1178811526468,18.1068072360987,0.169782769039364,1.11053116199373,173.619995117188,54.2643558635388,112.761531018388,-173.619995117188,1.09781205654144,13.1599998474121,8.3887939453125,16.0810222625732,38.8130493164062,991.205802755153
9.825,-0.0287255752341096,-0.0701481995559951,0.481462684857664,0.2564104869731,-0.0426040522365164,-9.61658056723427,-0.0585209161408734,-0.00182125399219231,0.0264136665986378,-0.00200243728663316,-0.0160191802854484,1.59915948940762,-0.0520739858003385,-0.0193015255504461,0.0294493923899639,11.6191167130004,-6.05418474869395,-0.278557540726069,5.72270567745114,11.78892766498,-0.0802789155145399,7.03429656614149,-6.06632896197921,-2.81,0.135523983289545,0.0441775115042698,13.1154975891113,18.1102688293948,0.169782769039364,1.11053116199373,173.619995117188,54.2643558635388,112.761531018388,-173.619995117188,1.09781205654144,13.1599998474121,8.38000011444092,16.0830001831055,38.8155326843262,991.209075278424
9.85,-0.0287255752341096,-0.0701481995559951,0.481836214121385,0.225175985967722,-0.0381067256402031,-9.47783191347167,-0.0530272016973068,-0.00805005753972409,0.0298618177223931,-0.00242274520376529,-0.0171188859891513,1.60001540596199,-0.0365146433303032,-0.0286756002790246,0.036143550415165,11.616098966188,-6.04856874875165,-0.282436562876404,5.70720555600406,11.7907492298492,-0.0688974094171443,7.03434252127935,-6.06679234482437,-2.81,0.135035861587106,0.0441184721930879,13.1154975891113,18.1153726715157,0.169782769039364,1.11053116199373,173.619995117188,54.2643558635388,112.761531018388,-173.619995117188,1.09781205654144,13.1599998474121,8.38000011444092,16.0830001831055,38.8180160522461,991.212347801696
9.875,-0.0306338144928777,-0.0701451620915154,0.482209749598576,0.228400283249054,-0.0720392841537946,-9.60059267595042,-0.0957824503668875,-0.00761466727612519,0.0351035774201482,-0.00260421447455883,-0.0175936874002218,1.60038495063782,-0.0297968480736017,-0.0327228866517544,0.0390337742865086,11.611643575267,-6.07034576471059,-0.302144238275935,5.7248363455561,11.7894095970313,-0.0820093466041033,7.03438847641722,-6.06725572766952,-2.81,0.133858518795493,0.0427718558135698,13.1157863021742,18.1112494407987,0.169782810456894,1.11053117109173,173.619995117188,54.3224633786708,112.879188632254,-173.619995117188,1.0992157459259,13.1619863510132,8.38000011444092,16.0830001831055,38.8195037841797,991.213950732076
9.9,-0.031265943240978,-0.0701378460608208,0.482583281517032,0.232331898997156,0.0436099658797718,-9.62203410310286,-0.106736429521843,-0.0165658510797144,0.0388906980521358,-0.00737227409474584,-0.0183707714169292,1.60196623077402,-0.0389088897300912,-0.0583565377690452,0.0419965481747173,11.6077102645725,-6.07626313826978,-0.305840335408155,5.713559191978,11.7943380391788,-0.0477619080917443,7.03443443155508,-6.06771911051468,-2.81,0.135086890849919,0.0411540812511406,13.1201376204795,18.1225758735846,0.169783017544542,1.11053121658169,173.619995117188,54.6130009585851,113.467476701583,-173.619995117188,1.10623419284821,13.1719150543213,8.34255313873291,16.0764465332031,38.817024230957,991.208875290891
9.925,-0.0319092420163785,-0.0644289184364288,0.482956808081059,0.27199556695071,0.0365307727686305,-9.69586669152266,-0.0883316426801813,-0.0447174982979999,0.0430983524221749,-0.0101248851241911,-0.0199531848516734,1.60317552700221,-0.0301560631817516,-0.0906876084564743,0.0470187609631183,11.5932418251746,-6.08522376992164,-0.324478990458833,5.70959654943538,11.7871967171786,-0.0314921491430777,7.03448515466671,-6.06815781963789,-2.81,0.134542655869618,0.0398368200183245,13.1242208480835,18.1187505454697,0.16978322463219,1.11053126207165,173.619995117188,54.903538535663,114.055764770912,-173.619995117188,1.1132527589798,13.1818437576294,8.34000015258789,16.076000213623,38.8145370483398,991.203799849706
9.95,-0.0331867756825408,-0.0625151537958427,0.483330345353943,0.232709987508808,0.0107875896938816,-9.60190016060049,-0.0827608231284789,-0.064502324407291,0.0483922963977449,-0.011833853324347,-0.021056830085775,1.60426245611986,-0.0662582076883552,-0.0815857966172184,0.0487844014697294,11.5822423482167,-6.0982794968965,-0.387558748978962,5.71134497831954,11.7840141174207,-0.0714299520968985,7.03453619527078,-6.0685948857738,-2.81,0.131329353175148,0.0385029604406376,13.1242208480835,18.1098384621407,0.169783431719838,1.11053130756162,173.619995117188,55.1940761155773,114.644052840162,-173.619995117188,1.1202712059021,13.1917724609375,8.34000015258789,16.076000213623,38.8120574951172,991.198724408522
9.975,-0.0339799001921776,-0.0591841246083313,0.4837038772724,0.204707562557169,0.017333955335468,-9.30718632376404,-0.0731009397610695,-0.0723445120674405,0.0492664006336815,-0.0130379661614517,-0.022341856100403,1.60554069098889,-0.121195094149632,-0.0383790260253943,0.0489221950644824,11.5809897187531,-6.09558087593752,-0.397163425683616,5.69411991748116,11.7901103389977,-0.0588593855132252,7.03458723587486,-6.06903195190971,-2.81,0.130704967434402,0.0380108637417402,13.1245238865521,18.1194533769438,0.169783603306747,1.1105313452533,173.619995117188,55.4348072523292,115.131491526178,-173.619995117188,1.12608647346497,13.1999998092651,8.34000015258789,16.076000213623,38.810001373291,991.194469695396
10,-0.0338256958062847,-0.0587073068941119,0.484077405615917,0.184123184266267,-0.0101078007156868,-9.07955913647437,-0.071481114645866,-0.0590653358539511,0.0499392297284713,-0.0142811233992683,-0.0237729488524626,1.60653660666437,-0.116030000082894,-0.0275662459873848,0.0510553488890534,11.5856653486669,-6.08763111678295,-0.418494850532848,5.67494425204113,11.8005890192024,-0.0560237570465646,7.03463827647893,-6.06946901804562,-2.81,0.129372783597753,0.0378960042850555,13.1298523129583,18.1320745432357,0.169783603306747,1.1105313452533,173.619995117188,55.4348072523292,115.131491526178,-173.619995117188,1.12608647346497,13.1999998092651,8.39673709869385,16.0589790344238,38.810001373291,991.194181834552
10.025,-0.0357328761803918,-0.0555340555978208,0.48445093666257,0.143572272978466,0.0580581687729041,-9.0763179941998,-0.0891119130736765,-0.0332739956993882,0.0512687795190438,-0.0163765951581366,-0.0253365746061949,1.60802429324045,-0.0898897749655545,-0.0111797581190304,0.0527742912713956,11.5910543566727,-6.090664099503,-0.444126049073473,5.66129782975009,11.8149535668679,-0.0505699061149946,7.03468098754914,-6.0698495843399,-2.81,0.128035910399098,0.036867554832053,13.1349029541016,18.1484660370682,0.169783603306747,1.1105313452533,173.619995117188,55.4348072523292,115.131491526178,-173.619995117188,1.12608647346497,13.1999998092651,8.39999961853027,16.0580005645752,38.810001373291,991.193893973709
10.05,-0.0360497112605281,-0.0564886148077424,0.484823779398048,0.185628100670146,0.152307041395551,-9.1930002619306,-0.0861153930445243,-0.00752059381063885,0.050289556434767,-0.020680284769972,-0.0253689349628504,1.60953811301853,-0.0797055585203503,-0.00135876619673205,0.0514200066228567,11.5899916293626,-6.1149254885213,-0.45607359556592,5.669370477257,11.8230793866019,-0.0354264470455327,7.03472256655868,-6.07022247178328,-2.81,0.128866393302817,0.0343260704928791,13.1349029541016,18.1585433370578,0.169783603306747,1.1105313452533,173.619995117188,55.4348072523292,115.131491526178,-173.619995117188,1.12608647346497,13.1999998092651,8.39999961853027,16.0580005645752,38.810001373291,991.193606112866
10.075,-0.0354198462266481,-0.0526768388230228,0.484570998982685,0.12614658726574,0.104963524376826,-9.53752710011133,-0.0681121125564309,0.0189900662658023,0.0494383258065195,-0.0240671284038374,-0.0241255392549336,1.61056510925347,-0.103855243080644,0.0072529713611507,0.0484635834384862,11.5894110966979,-6.12809990054717,-0.457214580312727,5.67153721461854,11.8283503473562,-0.0299468729227196,7.03476414556823,-6.07059535922665,-2.81,0.130441963491442,0.0326988123307963,13.1353749890699,18.1647829731555,0.16978363307637,1.11053135162809,173.619995117188,55.4755220430107,115.21606013391,-173.619995117188,1.12597513198853,13.1982269287109,8.24756526947021,16.0961074829102,38.810001373291,991.193952411625
10.1,-0.0351050363934877,-0.0510906667101302,0.483761678002586,0.24187693066706,0.122120225813378,-9.71598693301623,-0.0833665159570592,0.0300990952616661,0.0503330821495463,-0.0252214808479507,-0.0235667565877874,1.61160400727603,-0.120604333994923,0.026285295459485,0.0470473149428019,11.590032436702,-6.11857892261462,-0.467478922958297,5.65031946672626,11.8345553479412,-0.0398258701264083,7.03480670548491,-6.07097698254209,-2.81,0.130434991031656,0.0326654716024951,13.1453349269028,18.1713719256992,0.169783841463731,1.11053139625158,173.619995117188,55.7605255735272,115.808040387642,-173.619995117188,1.12519526481628,13.1858158111572,8.23999977111816,16.0979995727539,38.810001373291,991.198103667997
10.125,-0.0338387456440764,-0.0488701930193586,0.482952357075364,0.202327268686194,0.159647471655378,-9.73123684207189,-0.0439716474785701,0.0268802708289557,0.0458677856114276,-0.0264758995698465,-0.0229805449605529,1.61298938775565,-0.127066422452155,0.0404664966865595,0.0439086026469575,11.5881702725802,-6.1276922882467,-0.469634394807429,5.64355045388222,11.8407569687835,-0.0408924348381408,7.03486809336289,-6.07152628601234,-2.81,0.130910136496524,0.0314679812745137,13.1548700332642,18.1783831206575,0.169784049851093,1.11053144087507,173.619995117188,56.0455291026255,116.400020641452,-173.619995117188,1.12441539764404,13.1734037399292,8.23999977111816,16.0979995727539,38.810001373291,991.202254924368
10.15,-0.0332034526177439,-0.0491890829343863,0.482143039955543,0.230731129704739,0.043628641956014,-9.83579562401923,-0.0604705892980478,0.0290966717288057,0.0438957023084029,-0.0273175351321697,-0.0226003229618073,1.61407864093781,-0.124088816344738,0.0459311343729496,0.0408061407506466,11.5870570562216,-6.13248315281914,-0.486827366793294,5.63619670872106,11.8462760055294,-0.0572118014430942,7.03492948124087,-6.0720755894826,-2.81,0.130351304690046,0.0306828229075891,13.1548700332642,18.182453633036,0.169784258238454,1.11053148549856,173.619995117188,56.3305326331419,116.992000895262,-173.619995117188,1.1236355304718,13.1609916687012,8.23999977111816,16.0979995727539,38.810001373291,991.20640618074
10.175,-0.0325694220561904,-0.0485550523728328,0.481389217047471,0.203172188362366,0.213398731128968,-9.81777105532444,-0.0474230791154744,0.0449519705515864,0.0405764915518699,-0.0276205272935264,-0.0232256947498904,1.61487201465907,-0.0143265614254094,0.0106029118452456,0.0441055256913985,11.5908865296324,-6.16909754271352,-0.451357151310602,5.66234804044222,11.8552865618312,-0.011555004626618,7.03499086911885,-6.07262489295285,-2.81,0.132079472810459,0.028328517771975,13.1548344654958,18.1968528009056,0.169784442810117,1.11053152502222,173.619995117188,56.5829643308295,117.516326262934,-173.619995117188,1.12294483184814,13.1499996185303,8.45167827606201,16.047966003418,38.810001373291,991.210214601341
10.2,-0.0306747278977858,-0.0479261698799797,0.481219508825139,0.256865492114572,0.136957816222639,-10.0348066528744,-0.0339768375589975,0.0600336739279235,0.0346545884321167,-0.0298450291146459,-0.0207226150900845,1.6165784053555,0.00295647631291575,0.028099005628382,0.0388177661853354,11.5965837988058,-6.15666706054228,-0.470804195552266,5.63062312358901,11.8701676829221,-0.0465199640697168,7.03504992164963,-6.07315317107101,-2.81,0.132595544264527,0.0280213543655561,13.1538963656053,18.2091185895814,0.169784442810117,1.11053152502222,173.619995117188,56.5829643308295,117.516326262934,-173.619995117188,1.12294483184814,13.1499996185303,8.46000003814697,16.0459995269775,38.810001373291,991.211366044714
10.225,-0.0325694220561904,-0.0485550523728328,0.481593041981812,0.27659076299627,0.197329216966358,-10.1850690672591,-0.0397649647722956,0.067909338828425,0.0327844829121835,-0.0309040058039494,-0.0191644625078762,1.61738371230454,0.00620305640998223,0.0248971846217337,0.0335921015639814,11.5960027158887,-6.17336151005437,-0.458766197579548,5.63770711021511,11.8744399185138,-0.0455291752260774,7.03508730838061,-6.07348638994103,-2.81,0.134159590748936,0.0266322363011392,13.1529893875122,18.2132651969101,0.169784442810117,1.11053152502222,173.619995117188,56.5829643308295,117.516326262934,-173.619995117188,1.12294483184814,13.1499996185303,8.46000003814697,16.0459995269775,38.810001373291,991.212517488087
10.25,-0.0316258897727299,-0.0476115200893724,0.481966571559318,0.253853150543883,0.173982265450685,-10.3564365824679,-0.0183678069959496,0.0551409099561645,0.0265847972426103,-0.031539361923933,-0.0182296149432659,1.61786687374115,0.00815091282129288,0.0229761824011803,0.0304568503051996,11.593751268403,-6.19227046434758,-0.455458387295315,5.65102719381913,11.8756160125631,-0.0485828844088505,7.03512469511159,-6.07381960881104,-2.81,0.134897479521998,0.0253138263027212,13.1529893875122,18.213275090033,0.169784442810117,1.11053152502222,173.619995117188,56.5829643308295,117.516326262934,-173.619995117188,1.12294483184814,13.1499996185303,8.46000003814697,16.0459995269775,38.810001373291,991.21366893146
10.275,-0.0306677113032174,-0.0466533416198599,0.482340105579202,0.215256853018841,0.195965059580121,-10.4095377582611,-0.00683826257733385,0.041169108490935,0.0244803243058139,-0.028670369561444,-0.0181101189307418,1.61848358654423,-0.0138272811438697,0.0583536679915543,0.026227070650562,11.5919640525012,-6.18758213736572,-0.479997697772695,5.63900217767983,11.8778494558369,-0.0924545055233973,7.03516208184257,-6.07415282768106,-2.81,0.132535802987263,0.0258152969813151,13.1530108823844,18.2101263581551,0.169784442810117,1.11053152502222,173.619995117188,56.5829643308295,117.516326262934,-173.619995117188,1.12294483184814,13.1499996185303,8.46000003814697,16.0459995269775,38.8097877502441,991.21424119016
10.3,-0.0300383270327776,-0.0447571357083487,0.482713636068059,0.252966330477501,0.204034826492235,-10.3061159397005,-0.0118140957358857,0.0155554650984609,0.0202333168690076,-0.0283767844373758,-0.0178879521065952,1.61947398288579,0.00841507049172996,0.0182532818011024,0.0188473793456321,11.5816044668498,-6.17772465007495,-0.48872914491232,5.61804787328253,11.8727837219289,-0.106041697425979,7.03519946857355,-6.07448604655107,-2.81,0.132043933536573,0.0260613165334974,13.1537667853894,18.2050597716319,0.169784442810117,1.11053152502222,173.619995117188,56.5829643308295,117.516326262934,-173.619995117188,1.12294483184814,13.1499996185303,7.75872325897217,16.1034660339355,38.8073043823242,991.208635479
10.325,-0.0306555837083769,-0.0542723122265924,0.483087166515741,0.121283788161683,0.208506519497391,-9.88314743878415,0.0366990823742214,0.00250191798763762,0.01493597402743,-0.0292691276013399,-0.0175642357876237,1.61966053473218,0.0211355417170758,0.00316555208086002,0.0120035939575188,11.5817706200146,-6.1974822432257,-0.47507289656342,5.63544654094711,11.8745747743341,-0.0900406555760561,7.03526428741087,-6.07505620338089,-2.81,0.133212929480869,0.0247625427297587,13.154504776001,18.2084299376629,0.169784442810117,1.11053152502222,173.619995117188,56.5829643308295,117.516326262934,-173.619995117188,1.12294483184814,13.1499996185303,7.73999977111816,16.1049995422363,38.8048248291016,991.203029767841
10.35,-0.0306555837083769,-0.0542723122265924,0.483460700558014,0.118216408491808,0.208309610764491,-9.58699747636042,0.0198412192163534,0.00158895116447479,0.00890864977764522,-0.0301614707653039,-0.0172405194686523,1.61984708657857,0.0338560129424208,-0.0119221776393813,0.00515980856940596,11.5851544136033,-6.20095182466506,-0.478669952053088,5.63689982095897,11.8791281594247,-0.091683271550632,7.03538287790988,-6.07609079949418,-2.81,0.133414715789589,0.0243577139808322,13.154504776001,18.2135907651256,0.169784442810117,1.11053152502222,173.619995117188,56.5829643308295,117.516326262934,-173.619995117188,1.12294483184814,13.1499996185303,7.73999977111816,16.1049995422363,38.8023376464844,991.197424056682
10.375,-0.0306586109372253,-0.0523705033420826,0.483834234579635,0.0317845359904454,0.117311192433642,-9.17295908488359,0.0563474447413768,-0.000142685485091872,0.00104008274101715,-0.030571898445487,-0.017091628164053,1.61993288993835,0.039706714451313,-0.0188616849482059,0.00201205210760236,11.5867732795459,-6.19333900792142,-0.464017962331177,5.62788749321913,11.8805352542678,-0.0764212259301336,7.03550146840889,-6.07712539560748,-2.81,0.134389740190793,0.0246750226269036,13.1543522061467,18.2189847695549,0.16978445469321,1.11053152757213,173.619857788086,56.599250247953,117.550083378708,-173.619857788086,1.12293004989624,13.1504249572754,7.12191534042358,16.0902843475342,38.7999992370605,991.192632147606
