0,-0.0281078417762391,-0.0593556684960276,0.477,-1.02822017609073,0.635747585890196,-9.02369770779223,-0.0106384344304212,-0.0400140164913828,0.000804273695226557,-0.0375632829964161,-0.0386832989752293,-2.53992986679077,-0.0235237311571836,-0.0662365555763245,0.0121419820934534,15.4402882863401,9.41113572350731,-0.537242146924585,-7.43611015336118,-16.4887634364149,-0.292494822214449,7.42285625573486,-5.78049696815257,-2.81,0.0987237567400134,0.0188942928332295,18.0981941223145,18.4876630708733,0.169791759230341,1.11051829891715,175.330001831055,0,0,-175.330001831055,4.28914642333984,18.1800003051758,6.42999982833862,16.1919994354248,39.7400016784668,991.298828125
0.025,-0.0303730983611532,-0.0621770335746804,0.477,-0.175965390107559,0.0819997662656899,-9.05953758962201,-0.0280483388794806,-0.0830416901856012,0.01392976781533,-0.037479501595773,-0.0423437604873527,-2.5395780096681,0.0141585017603704,-0.111903238563653,0.0115789746496415,15.4319473684093,9.39191236046946,-0.608359328243852,-7.43900907544744,-16.4709072063226,-0.30574207508546,7.42297780284312,-5.78042187137412,-2.81,0.0943638229734998,0.0178415331286498,18.0981941223145,18.4779987666881,0.169791470077857,1.11051824100021,175.352279663086,-0.369906793379677,-0.821422496517845,-175.352279663086,4.29035663604736,18.170093536377,6.42999982833862,16.1919994354248,39.7375259399414,991.289789451743
0.05,-0.0319545785181891,-0.0655572737606439,0.477,-0.140797619296144,0.164885967691917,-9.21664636358592,-0.0125588946705713,-0.0942754443690444,0.0162687550264059,-0.0354309019082301,-0.0448747172737832,-2.5391656914744,-0.0755526190741443,-0.0579075018115214,0.0144822945210209,15.4316836448074,9.37968280066542,-0.556926468165292,-7.43476195281419,-16.4654638392068,-0.195683188384179,7.42309934995137,-5.78034677459567,-2.81,0.0977209795032905,0.0173831011902254,18.0981941223145,18.4868175078395,0.169791180925373,1.11051818308327,175.374572753906,-0.739813586759355,-1.64284499303569,-175.374572753906,4.29156684875488,18.1601886749268,6.42999982833862,16.1919994354248,39.7350463867188,991.280750778486
0.075,-0.0330438846078761,-0.0642917113276645,0.477,-0.0877740049202159,0.233969606714399,-9.4559738690416,0.005795259442216,-0.0813728593131673,0.0198028799537388,-0.0352539290024155,-0.0460938794645402,-2.53903326115194,-0.0528036675038361,-0.0419348954744383,0.0143027118260859,15.4343702330513,9.38969619954737,-0.592859837248462,-7.43125052821565,-16.4763325747324,-0.211287649958223,7.42322089705963,-5.78027167781723,-2.81,0.0956540776375188,0.0179321667617071,18.1005586723112,18.4882218158777,0.169790891772889,1.11051812516633,175.396865844727,-1.1097203815572,-2.46426748955354,-175.396865844727,4.2927770614624,18.1502838134766,6.42999982833862,16.1919994354248,39.7325706481934,991.271712105229
0.1,-0.0332255039186118,-0.0644733306384002,0.477,-0.0485012354461366,0.307980353252499,-9.88589368097105,0.0679781336921478,-0.0712476227265816,0.0155782796625261,-0.0350791763939898,-0.0473042215218336,-2.53890723714176,-0.0333878861236081,-0.0253984612228133,0.013505131115677,15.4387306710014,9.38739960210275,-0.617098713888497,-7.43553189512183,-16.4780214653032,-0.214850807760738,7.42334244416789,-5.78019658103878,-2.81,0.0942087188774983,0.017813321127122,18.1029458495806,18.4922795570251,0.169790602620405,1.11051806724939,175.419158935547,-1.47962717635504,-3.28568998607138,-175.419158935547,4.29398775100708,18.1403770446777,6.55877351760864,16.1919994354248,39.730094909668,991.262673431972
0.125,-0.0342645912430938,-0.0658769907156596,0.477,-0.0829180472659985,0.106444905110408,-9.9359819619762,0.0650103665087603,-0.0548753222118438,0.00838110570068579,-0.0349338762462139,-0.0483869463205338,-2.53885841369629,-0.0531897284090519,-0.00263583264313638,0.00552672892808914,15.4502654246038,9.39230310819977,-0.651944794016557,-7.44357684553616,-16.4891123973035,-0.231143840806041,7.42348908191853,-5.78010680988752,-2.81,0.0921597868382136,0.018084578403151,18.102991104126,18.5030524252731,0.169790591605072,1.11051806504303,175.419998168945,-1.49371886323566,-3.31698227164625,-175.419998168945,4.29403352737427,18.1399993896484,6.55999994277954,16.1919994354248,39.7323799133301,991.27099436634
0.15,-0.0338109527693516,-0.0663306291894019,0.477,-0.131140793467139,-0.0211203360543236,-9.77957208095801,0.044649069687264,-0.0296923280883213,0.00753986199043337,-0.0335900863637608,-0.0492913332492678,-2.53893565046109,0.00887811398293478,-0.0202560441688379,0.00601360488147916,15.4531410262718,9.41089103045501,-0.687069274978243,-7.43771998252287,-16.5063371419497,-0.24011949407696,7.42369850292601,-5.77998031967169,-2.81,0.0907468494205891,0.0192723925703014,18.102991104126,18.5073168204684,0.169790591605072,1.11051806504303,175.419998168945,-1.49371886323566,-3.31698227164625,-175.419998168945,4.29403352737427,18.1399993896484,6.55999994277954,16.1919994354248,39.7348594665527,991.28000280992
0.175,-0.0338109527693516,-0.0663306291894019,0.477,-0.0952559608323779,0.121282607673127,-9.68059554591557,-0.0182540709038305,-0.028456323972113,0.00433000788707805,-0.03525054687739,-0.0495604905285961,-2.53907844670579,-0.0551894366095215,-0.0169798330125516,0.000328969097182482,15.4594880406675,9.39548437996155,-0.700525338858396,-7.45646071288596,-16.4952443342563,-0.264085127182094,7.42390792393349,-5.77985382945586,-2.81,0.0891253868824152,0.0182456397494588,18.1140683911881,18.5128778685985,0.169790591605072,1.11051806504303,175.419998168945,-1.49371886323566,-3.31698227164625,-175.419998168945,4.29403352737427,18.1399993896484,6.55999994277954,16.1919994354248,39.7373352050781,991.289011253501
0.2,-0.0363641936473733,-0.0712983763061835,0.477,-0.035504234463215,0.156628217505981,-9.4282691030293,-0.0196230106569692,-0.047321964170614,-0.00387290207482695,-0.0348873349830873,-0.0518912296420706,-2.53960741917213,0.0161854816708075,-0.0485673784456745,-0.00549517221703608,15.4626782331117,9.42528292854267,-0.683823367516968,-7.45006343263622,-16.5182007190797,-0.208783801288161,7.42411734494097,-5.77972733924003,-2.81,0.0897468723904384,0.019978310710292,18.1254698915302,18.5289608463619,0.169790591605072,1.11051806504303,175.419998168945,-1.49371886323566,-3.31698227164625,-175.419998168945,4.29403352737427,18.1399993896484,6.72679233551025,16.1870937347412,39.7398147583008,991.298019697081
0.225,-0.0369824919567799,-0.0682303186765683,0.477,-0.108662950066061,0.0681648397307147,-9.18430874687002,-0.0579313247063601,-0.0459307290082304,-0.00886638039731683,-0.0385518243395171,-0.0515179250253047,-2.53996626039209,-0.0497005329817928,-0.021465835008416,-0.0112611866308042,15.4628438139373,9.42025897629509,-0.702273902697156,-7.46367624972436,-16.5092753023314,-0.267156246843797,7.42432676594846,-5.7796008490242,-2.81,0.0870095045437189,0.0193012904847133,18.1259021759033,18.5268616344378,0.169790324483253,1.11051801193809,175.438293457031,-1.83289210781625,-4.07582019701435,-175.438293457031,4.29311513900757,18.1651649475098,6.73000001907349,16.1870002746582,39.7377128601074,991.29398648244
0.25,-0.0369824919567799,-0.0682303186765683,0.477,-0.163279791475012,0.157919435103968,-9.13780502189322,-0.0551912795872016,-0.0136122300608295,-0.00774582525060968,-0.0418079329278955,-0.0511890352188964,-2.54034916853278,-0.0992907376038184,0.00109218196905843,-0.0161625597907786,15.4687772476324,9.41290266147215,-0.701805918926738,-7.48220315153289,-16.5016349313615,-0.30169221123858,7.42449893863471,-5.77949487447798,-2.81,0.0854520123359059,0.0185509278235015,18.1259021759033,18.5328266210957,0.169790035330769,1.11051795445337,175.458099365234,-2.20003840370095,-4.89724269345335,-175.458099365234,4.29212093353271,18.1924057006836,6.73000001907349,16.1870002746582,39.735237121582,991.288877667121
0.275,-0.035497350212541,-0.0587310209679732,0.477,-0.0266776693157847,0.237215103993921,-9.38214375352618,-0.0372471746161648,-0.00313866613176858,-0.0108677066193126,-0.0427734542253298,-0.0511092658610841,-2.54086706682745,-0.0574785592738138,-0.00183421358961513,-0.0162142034284341,15.4678676130281,9.44333259398847,-0.634334861507311,-7.46935905408699,-16.5221669964017,-0.245993405433044,7.42461879831297,-5.77941771294543,-2.81,0.0885938398962772,0.0201438306621673,18.1354594770468,18.542151122563,0.169789746178285,1.11051789696864,175.477920532227,-2.56718470100382,-5.71866519005004,-175.477920532227,4.29112720489502,18.2196464538574,6.5546703338623,16.2035598754883,39.7327575683594,991.283768851802
0.3,-0.0350969513302607,-0.0561699804479519,0.477,-0.0180328163152996,0.189783649123363,-9.6485367551814,-0.0267782242666926,-0.00651510086703908,-0.0146079692787519,-0.0431602001190186,-0.05107731372118,-2.54107451438904,-0.0407304167747498,-0.00300640054047108,-0.016234889626503,15.4681456413414,9.45968896210405,-0.567968299638974,-7.45977419531914,-16.5344950526647,-0.184594526337255,7.42473865799122,-5.77934055141287,-2.81,0.0919604083170524,0.02100121050987,18.1454922658093,18.550332210699,0.1697894570258,1.11051783948392,175.497741699219,-2.93433099688852,-6.54008768656789,-175.497741699219,4.29013299942017,18.2468872070312,6.55000019073486,16.2040004730225,39.730281829834,991.278660036483
0.325,-0.0350957999193315,-0.0568933362445726,0.477,-0.100385534274454,0.099689169558249,-9.52381121965493,0.000524115098985015,-0.01086820771142,-0.0143139757265486,-0.0431194826321249,-0.0515298278969248,-2.54181378839727,0.0222195712992003,-0.0289660007561495,-0.0167541436283568,15.467402732287,9.45401850654186,-0.552505691756059,-7.47356648890644,-16.5240423789283,-0.161564660409986,7.42486784825641,-5.77925827928094,-2.81,0.0926876408131319,0.0208087100324977,18.1460628509521,18.5587699159933,0.169789423979802,1.11051783291423,175.5,-2.97629057384469,-6.63396454329251,-175.5,4.29001951217651,18.25,6.55000019073486,16.2040004730225,39.7299995422363,991.271221808667
0.35,-0.0354322606304288,-0.0597320348881535,0.477,-0.0625497147604112,0.104813255438996,-9.64877846315692,-0.0190816296520525,-0.00267209675242602,-0.0114110271481618,-0.0400704219937325,-0.0523072704672813,-2.54212188720703,-0.0777121409773827,0.0286613591015339,-0.0124975880607963,15.4696599851359,9.47137361345777,-0.559577666981743,-7.46846285104473,-16.5389233753106,-0.128458456212572,7.42501654004166,-5.77916532567131,-2.81,0.09362286151446,0.0221606423592047,18.1460628509521,18.5682198045626,0.169789423979802,1.11051783291423,175.5,-2.97629057384469,-6.63396454329251,-175.5,4.29001951217651,18.25,6.55000019073486,16.2040004730225,39.7299995422363,991.263483011498
0.375,-0.0352239900633327,-0.0611141703894746,0.477,0.00688585181314729,0.184359890708937,-9.68342997147522,-0.0155697633770103,-0.00161451420759611,-0.015375682544802,-0.0432342614817553,-0.0516738998723644,-2.54262171392253,-0.0101529622432066,-0.007133545759853,-0.0170074403294346,15.4701913907171,9.48968155591316,-0.604204284655544,-7.47278282341427,-16.5486531983426,-0.213388637756718,7.42516523182691,-5.77907237206169,-2.81,0.0897658551646293,0.0228345975763026,18.1496723327997,18.5654280316127,0.169789423979802,1.11051783291423,175.5,-2.97629057384469,-6.63396454329251,-175.5,4.29001951217651,18.25,6.55000019073486,16.2040004730225,39.7299995422363,991.255744214328
0.4,-0.0350484776552785,-0.0586652061734939,0.477,-0.0836075496472386,0.028118220518904,-9.70178346646288,-0.0410566989665364,0.00802883043340617,-0.0190108745322608,-0.0440957414786239,-0.0510886840413605,-2.54328420417035,-0.0776591783137501,0.0311025004854958,-0.0158870471149182,15.4738278217375,9.49412782954184,-0.535002899895637,-7.48034853166813,-16.5493904051454,-0.161560719880883,7.42531392361216,-5.77897941845206,-2.81,0.0931004535386911,0.0230504691810204,18.1535383260475,18.5794175547436,0.169789423979802,1.11051783291423,175.5,-2.97629057384469,-6.63396454329251,-175.5,4.29001951217651,18.25,6.85792446136475,16.1597366333008,39.7299995422363,991.248005417158
0.425,-0.0338251016299986,-0.057441830148214,0.477,-0.167740602208132,0.0856614674056433,-9.61499725232938,-0.0499886268400004,0.0282308858964894,-0.0158071693268949,-0.0457800215231685,-0.0508060305927386,-2.54378331495784,0.0121166522754102,-0.00498241327774577,-0.0154978479833028,15.4752216890981,9.52302620483071,-0.56101686734809,-7.47686827720386,-16.5691879504251,-0.209059271270413,7.42546706451031,-5.77888370970498,-2.81,0.0908976064779104,0.024474529647238,18.1538314819336,18.5815811199846,0.169789179987712,1.11051778309002,175.5419921875,-3.29451032060888,-7.32709568512757,-175.5419921875,4.28741836547852,18.2604942321777,6.86999988555908,16.1580009460449,39.7299995422363,991.250131571068
0.45,-0.0345065179498448,-0.0574407454949886,0.477,-0.0574442908107588,0.184681178038316,-9.64358199270184,-0.0316137960173185,0.0363799513986445,-0.0143888382160451,-0.0475687764078399,-0.0493561377100497,-2.54471183581862,0.0372445639930536,0.00368286563154538,-0.0180097626066436,15.4729746765187,9.52485601150712,-0.50848174557235,-7.48726291256762,-16.5619066296506,-0.196275150078147,7.42562693768384,-5.7787838319596,-2.81,0.0930508796688977,0.0244831189286181,18.1538314819336,18.5876727576885,0.169788892131876,1.11051772430865,175.591506958008,-3.66993811039667,-8.14483467280274,-175.591506958008,4.28434944152832,18.272876739502,6.86999988555908,16.1580009460449,39.7299995422363,991.254031199329
0.475,-0.0335980086258979,-0.0559428874438512,0.477,0.031947148517813,0.164538865975994,-9.70650557309921,-0.0525329338478044,0.0331715328038383,-0.0177924685695713,-0.047764724064767,-0.0490141336238269,-2.54515541266507,0.0527235075637579,-0.003598924984716,-0.0180061767619044,15.474536465137,9.51589202586367,-0.465773530949018,-7.49816153159672,-16.5524105625879,-0.160321721847772,7.42578681085738,-5.77868395421422,-2.81,0.0952667861723627,0.0240326711303754,18.1674535949275,18.5961881615004,0.16978860427604,1.11051766552728,175.641036987305,-4.04536590302079,-8.96257366039906,-175.641036987305,4.28128099441528,18.2852592468262,6.86999988555908,16.1580009460449,39.7299995422363,991.257930827591
0.5,-0.207795639682004,-0.0546252598637807,0.477,-0.0354299972858899,0.125220073921277,-8.98996937120778,-0.0095305254106203,0.0118428759383669,-0.0188870426754307,-0.0481238177374952,-0.0485975478941969,-2.54560100221801,0.0589394523309436,-0.00848255272713325,-0.0181304661677767,15.4711941094856,9.49248114100032,-0.406870381121192,-7.51216457346814,-16.5283324201468,-0.110452355859119,7.42594407439383,-5.77858564071491,-2.81,0.0983070451038812,0.0227908852541636,18.1823461640556,18.6008522191921,0.169788316420203,1.11051760674591,175.690567016602,-4.42079369280858,-9.78031264799538,-175.690567016602,4.27821159362793,18.2976417541504,6.89858484268188,16.147518157959,39.7299995422363,991.261830455852
0.525,-0.207259669237839,-0.0522874490344561,0.477,-0.167087646479651,0.0495531570939107,-8.82434916386023,-0.0340775261050781,0.00772152792401617,-0.0149457933011982,-0.0492079871524793,-0.0480053656155371,-2.54636625724416,-0.00267047423927015,0.00528353457923695,-0.0166562469072609,15.4650176529788,9.55149520884744,-0.393315018724571,-7.48673595819237,-16.5676498556876,-0.119546589996154,7.42592368387682,-5.77859381506969,-2.81,0.0985955804232282,0.025948994226833,18.1837577819824,18.6018732228557,0.16978826159052,1.11051759554946,175.699996948242,-4.49230374800626,-9.93607245513781,-175.699996948242,4.27762746810913,18.2999992370605,6.90000009536743,16.1469993591309,39.7279968261719,991.267284033433
0.55,-0.206921381008245,-0.0494394613355753,0.477,-0.177133552079739,0.298798603435096,-9.27866564621612,-0.00634102183855583,0.0507434069091143,-0.0146513789760376,-0.0513581869302623,-0.0456601469233941,-2.54683899654119,-0.0480705055454665,0.0750419540373446,-0.0188084308177875,15.4754936321555,9.53289974394485,-0.379772973814102,-7.51426184855659,-16.5535837435043,-0.161376320279971,7.42590329335981,-5.77860198942447,-2.81,0.0986061165817145,0.024737513872684,18.1837577819824,18.6097816662437,0.16978826159052,1.11051759554946,175.699996948242,-4.49230374800626,-9.93607245513781,-175.699996948242,4.27762746810913,18.2999992370605,6.90000009536743,16.1469993591309,39.7255172729492,991.273103246149
0.575,-0.203805969545126,-0.0470898791931299,0.477,-0.279352730554735,0.130820287102967,-9.53399423240826,0.0022041783306729,0.185802790834885,-0.0188447055006386,-0.0502701722228339,-0.0364333733832727,-2.54765518259623,0.00934755631090463,0.325255607069501,-0.0104509763801353,15.5091927051094,9.54470078891685,-0.295211806882424,-7.54155563647054,-16.5772366567504,-0.209009409360924,7.4258829028428,-5.77861016377925,-2.81,0.105045626193096,0.0255152058614362,18.1689190729609,18.6386615027854,0.16978826159052,1.11051759554946,175.699996948242,-4.49230374800626,-9.93607245513781,-175.699996948242,4.27762746810913,18.2999992370605,6.90000009536743,16.1469993591309,39.7230453491211,991.278922458865
0.6,-0.199059567669679,-0.0525726026452751,0.477,-0.499491985844338,0.1587359244322,-10.1687696471394,0.0307003244404951,0.455993854753187,-0.0137332457590621,-0.0480585559874093,-0.0213764122734589,-2.54819927292009,0.0631308314970241,0.640972586367798,-0.00484379242490355,15.5624536169282,9.5396329191792,-0.125381004037701,-7.58459193520576,-16.6018484558705,-0.250743360081291,7.42587167888319,-5.77861280637657,-2.81,0.117462660607554,0.0254218759308141,18.1523531068046,18.6817087650817,0.16978826159052,1.11051759554946,175.699996948242,-4.49230374800626,-9.93607245513781,-175.699996948242,4.27762746810913,18.2999992370605,6.68301916122437,16.1120948791504,39.7205657958984,991.28474167158
0.625,-0.182210494278649,-0.0508649243484196,0.477,-0.408359888046076,0.0216587165607695,-11.8411709140611,0.0354209346624746,0.8011493830077,-0.00998406661147175,-0.0467390182754013,0.00363235378618163,-2.54856431993278,0.0522034753647548,0.964930730092164,0.00620991135779895,15.6472560442507,9.52930860957137,-0.0101079495102285,-7.65445085227687,-16.6370526910432,-0.512158536945363,7.42602635451962,-5.77851533327199,-2.81,0.128009409273106,0.0248482410197227,18.1504688262939,18.7245481046714,0.16978826159052,1.11051759554946,175.699996948242,-4.49230374800626,-9.93607245513781,-175.699996948242,4.27762746810913,18.2999992370605,6.67000007629395,16.1100006103516,39.7200012207031,991.277956404776
0.65,-0.172236400985639,-0.0572215121752799,0.477,0.116424910685647,0.186617051154107,-14.3447302002564,-0.00184174158768444,1.10791759337482,-0.00634527660239325,-0.0470363554780242,0.0325031301263475,-2.54887753109426,0.00671762949050241,1.25821832686483,0.0163574957392797,15.7248997825665,9.52006366905087,0.103475789804608,-7.71160157825561,-16.664777195095,-0.855099298153486,7.42618103015604,-5.77841786016741,-2.81,0.138289634452913,0.0241258368012829,18.1504688262939,18.7479843882689,0.16978826159052,1.11051759554946,175.699996948242,-4.49230374800626,-9.93607245513781,-175.699996948242,4.27762746810913,18.2999992370605,6.67000007629395,16.1100006103516,39.7200012207031,991.267436477373
0.675,-0.139529674762582,-0.0558089925759531,0.477,0.782024737010599,0.186619440140154,-17.6739491860142,0.0346195924184786,1.28786844697758,-0.00504146543140332,-0.0468540874935087,0.0685957699651001,-2.5490222918678,0.0107362525058415,1.3839060951981,0.0202924712219702,15.7530111800352,9.50144180083483,0.464943774772252,-7.7247735472171,-16.6689655418746,-1.06037335626457,7.42633570579246,-5.77832038706284,-2.81,0.163370579640722,0.0229358398531914,18.1124773430374,18.7409566692079,0.16978826159052,1.11051759554946,175.699996948242,-4.49230374800626,-9.93607245513781,-175.699996948242,4.27762746810913,18.2999992370605,6.67000007629395,16.1100006103516,39.7200012207031,991.256916549971
0.7,-0.128015653566217,-0.0553871632953498,0.477,1.3927493857539,0.0659305753234354,-21.2987457642161,0.0169871829640259,1.36492653747556,0.00610888947208331,-0.0474599351735203,0.101902122175822,-2.54898043375155,0.00641911368338111,1.37121708910841,0.0247725488340664,15.755895558458,9.49926092139717,0.710071045849936,-7.70483454206743,-16.6677386691961,-1.34551704809889,7.42649038142888,-5.77822291395826,-2.81,0.181588562356387,0.0225524734713684,18.0691465161881,18.6998197221364,0.16978826159052,1.11051759554946,175.699996948242,-4.49230374800626,-9.93607245513781,-175.699996948242,4.27762746810913,18.2999992370605,6.83811330795288,16.1520290374756,39.7200012207031,991.246396622568
0.725,-0.086708272591044,-0.0552709459331159,0.477,2.0262531495833,0.0674953336302669,-23.9466294233734,-0.00305772772493883,1.34092542342764,0.0131893673621474,-0.0485759999217391,0.133404663640555,-2.54881776070024,-0.00329450202386046,1.26894454175462,0.0296055193308709,15.736447455853,9.49878862639714,0.890616032140046,-7.65845717892742,-16.6499213556276,-1.66856624275156,7.42664505706531,-5.77812544085368,-2.81,0.196027868723352,0.0222152210476595,18.0633964538574,18.6295229918813,0.169788049228407,1.11051755244312,175.70361328125,-4.76761746108457,-10.5393493659252,-175.70361328125,4.28143119812012,18.283655166626,6.84999990463257,16.1550006866455,39.7200012207031,991.236752348126
0.75,-0.0871619384087396,-0.0548172801154203,0.477,2.68663134743974,0.0989916254184606,-25.9125528831532,-0.0189356480757755,1.21645890552613,0.00131304486495638,-0.049538679420948,0.160577684640884,-2.54867744445801,-0.0116731366142631,1.18072772026062,0.0337742753326893,15.6873680243947,9.48938708777923,1.11285038646644,-7.60069981709505,-16.6160927854439,-1.87489777137292,7.42737126455893,-5.77766751501139,-2.81,0.212319983770608,0.0214550682124689,18.0633964538574,18.5523259715858,0.169787759643707,1.11051749366175,175.708587646484,-5.14304525229053,-11.361999698724,-175.708587646484,4.28661775588989,18.2613677978516,6.95221710205078,16.1243343353271,39.7200012207031,991.227426492943
0.775,-0.047598349159816,-0.052375985386462,0.477,3.09158828583123,0.162295853212592,-27.0307965827832,-0.0600953709460781,1.00231208268779,-0.00444315202253965,-0.0494347591700649,0.174803607479833,-2.54892712264621,-0.0591387701770731,1.06036997636431,0.0133713259119885,15.5946575225766,9.49631569063057,1.07141815399836,-7.49712957471616,-16.5474485289863,-2.12044502964681,7.4283391605236,-5.77705716149606,-2.81,0.213583355872223,0.0219467021647722,17.976595509727,18.4186436317299,0.169787470059007,1.11051743488037,175.713531494141,-5.51847304349649,-12.1846500316015,-175.713531494141,4.29180431365967,18.2390785217285,6.96000003814697,16.1219997406006,39.7200012207031,991.21810063776
0.8,-0.0261614083323927,-0.0498918374220358,0.477,3.17361370986182,0.212631931462343,-26.9854844426143,-0.0296030364721207,0.715045715228924,-0.00223402321658225,-0.0517686965144855,0.199830445712203,-2.54906409739795,0.00674239650179473,0.546212086138035,0.0155553866165867,15.5060624531489,9.48748603784398,1.24769406864338,-7.40379148585652,-16.4840834444866,-2.33794123906644,7.42930705648828,-5.77644680798073,-2.81,0.227000486261647,0.0210980071889152,17.8754076687795,18.3001949219162,0.169787180474306,1.110517376099,175.718490600586,-5.89390083470245,-13.0073003644003,-175.718490600586,4.29699087142944,18.2167911529541,6.96000003814697,16.1219997406006,39.7200012207031,991.208774782577
0.825,-0.0243104840677133,-0.0517427616867152,0.477,3.0243414512022,0.234523223932043,-25.8889459329046,-0.0159989045235744,0.385509611666286,-0.00358300226859428,-0.051844464046863,0.207254562760758,-2.54927777744957,0.0350903062094141,0.224134240443332,0.00238585507416951,15.426326812818,9.47944758789495,1.19883659911956,-7.32530670416402,-16.4146587258131,-2.48345632212858,7.43019191404857,-5.77588722164484,-2.81,0.226555455890073,0.0207497929879894,17.8600616455078,18.1938129418639,0.169786892091578,1.1105173185196,175.763046264648,-6.26165181084224,-13.8265361429755,-175.763046264648,4.29851150512695,18.1772880554199,6.96000003814697,16.1219997406006,39.7200012207031,991.206090243357
0.85,-0.0253375283048,-0.0520836558290357,0.477,2.57690262253358,0.159611860008038,-24.0241889820654,-0.0112515848492736,0.0886989387904806,-0.0153829878495383,-0.0520190110786425,0.208026947171308,-2.54971738210911,-0.00497453955805272,0.116116133200074,-0.00882840343942306,15.342857792451,9.50176216894977,0.742994030626473,-7.18536240158975,-16.3109456050383,-2.92616306987641,7.43098740644387,-5.7753822704793,-2.81,0.202975977771799,0.0222253376796728,17.8600616455078,18.0180262611117,0.169786604235742,1.11051726146709,175.824951171875,-6.6260376078138,-14.644275130493,-175.824951171875,4.29842472076416,18.1302356719971,6.96000003814697,16.1219997406006,39.7200012207031,991.206316965931
0.875,-0.0267160125470877,-0.0518728475446381,0.477,1.7998798362433,-0.00934559374011201,-20.9222045137821,-0.0288420052365072,-0.187067048765792,-0.0298062395534503,-0.0551224401241686,0.198708242077436,-2.55128835174707,-0.0665514728243029,-0.318641076613478,-0.0409283243511546,15.2413585886039,9.55539179833914,0.304357221334511,-7.0565073643409,-16.2323807637006,-3.22686781935691,7.43178289883917,-5.77487731931376,-2.81,0.176999994267008,0.0252232427537022,17.752335966758,17.8729883292732,0.169786316379906,1.11051720441459,175.886871337891,-6.99042340478536,-15.4620141180893,-175.886871337891,4.29833889007568,18.0831832885742,6.96000003814697,16.1219997406006,39.7200012207031,991.206543688504
0.9,-0.0398633423867916,-0.0507197303252321,0.477356560210918,1.18671764684893,-0.00673693621463092,-17.9003086499159,-0.0945190522068942,-0.387931890907537,-0.039254547411006,-0.0566815630003698,0.189864907310765,-2.55239133166269,-0.108033116191299,-0.445390266636299,-0.0532205667593706,15.1699868272155,9.59104068200737,0.0369643746834836,-6.98367225784938,-16.1880989708333,-3.36031271941439,7.43258906555122,-5.77436592917221,-2.81,0.16069340988469,0.0273352911662399,17.6239172197738,17.7926184272217,0.169786028524069,1.11051714736208,175.948776245117,-7.35480920175693,-16.2797531056856,-175.948776245117,4.29825210571289,18.0361328125,6.73122692108154,16.1293201446533,39.7200012207031,991.206770411078
0.925,-0.0521407649319545,-0.0595887300107323,0.479191852099552,0.720156299990639,0.0773752698215856,-14.8374520947239,-0.0936654804054197,-0.506831125418055,-0.0455284560612928,-0.0569159401140237,0.179333220510563,-2.55335408353941,-0.0649935475392087,-0.518947506504999,-0.05828372471275,15.1067847551449,9.62544679269175,-0.155188094050463,-6.93425544419021,-16.1660217893284,-3.3858670800003,7.43345461122336,-5.77381872037277,-2.81,0.148746254537109,0.0295526043685177,17.6020069122314,17.7414937295785,0.16978592983064,1.11051712780122,175.970001220703,-7.47974147589574,-16.5601207585893,-175.970001220703,4.29822254180908,18.0200004577637,6.71000003814697,16.1299991607666,39.7200012207031,991.207881135761
0.95,-0.0598495101060111,-0.06184479371977,0.478933894015988,0.304350241779018,0.0628845074053815,-12.101820974773,-0.116830244134715,-0.528245912918152,-0.0509160736820109,-0.0614925374701484,0.160639307789373,-2.55510000197604,-0.148536808676644,-0.512672162370073,-0.0575583952515379,15.063766043277,9.63767633162363,-0.409224902051284,-6.94165856975019,-16.1319928956188,-3.39727817773331,7.43432015689551,-5.77327151157333,-2.81,0.129555118489477,0.0299930472426261,17.6020069122314,17.7289810400737,0.16978592983064,1.11051712780122,175.970001220703,-7.47974147589574,-16.5601207585893,-175.970001220703,4.29822254180908,18.0200004577637,6.71000003814697,16.1299991607666,39.7200012207031,991.209453078936
0.975,-0.0718468530428351,-0.0568301298022457,0.470840673628373,0.0586141745570778,0.163279148566136,-9.42004444367322,-0.0967421608342747,-0.484312566504013,-0.0518488839866624,-0.064752195836048,0.151648218507001,-2.5560432043902,-0.175974230494934,-0.465486803807064,-0.0565509265441955,15.0182479985204,9.66134197987579,-0.593462938406758,-6.91242338008913,-16.1060206820949,-3.47217523445487,7.43518570256765,-5.7727243027739,-2.81,0.116431257263464,0.0311324827414812,17.5390376459877,17.6937665999286,0.16978592983064,1.11051712780122,175.970001220703,-7.47974147589574,-16.5601207585893,-175.970001220703,4.29822254180908,18.0200004577637,6.71000003814697,16.1299991607666,39.7200012207031,991.211025022111
1,-0.0755152081927917,-0.0551925937194439,0.462747510462069,-0.183490135762222,0.107532510750986,-6.84047627878276,-0.117604063338311,-0.446973054533074,-0.0518596476153692,-0.0678013102327728,0.142671760425337,-2.55698927025344,-0.188651106549304,-0.422724462466883,-0.0554268525602846,14.9661990790723,9.69739614815004,-0.785406062026082,-6.87312229598683,-16.0864205157544,-3.55397446608329,7.43602281669516,-5.77219511849187,-2.81,0.102947720030713,0.0330324883844375,17.4622369802223,17.6546984513333,0.16978592983064,1.11051712780122,175.970001220703,-7.47974147589574,-16.5601207585893,-175.970001220703,4.29822254180908,18.0200004577637,5.52358531951904,16.1988296508789,39.7200012207031,991.212596965286
1.025,-0.0856340167065043,-0.0501767025721728,0.454654370091343,-0.388148693816067,0.166670140123425,-5.27206778434432,-0.0830024005737013,-0.391365424540421,-0.0478580503842187,-0.0686376198634751,0.1339100026492,-2.55797928361783,-0.0365872276565289,-0.427056003848031,-0.052998253453322,14.8617597144872,9.74237023578159,-0.932363385766995,-6.79211034887129,-16.0558401916745,-3.56822278641385,7.43641975759916,-5.77194498728395,-2.81,0.0933795524326478,0.0358782209644487,17.4476776123047,17.572264263875,0.169785752971981,1.11051709382081,176.057388305664,-7.69676923662142,-17.0625396860854,-176.057388305664,4.30063056945801,17.9556140899658,5.40000009536743,16.2059993743896,39.7200012207031,991.211249585421
1.05,-0.0867591378012802,-0.056769703063211,0.446585022388673,-0.678674626307889,0.0901749610271252,-4.65359218334055,-0.0637756899333691,-0.241956259938224,-0.0437268075956072,-0.0720664086292726,0.124896696740677,-2.55981480942731,-0.0622739247268335,-0.124508846482779,-0.0442824091039254,14.7780441959,9.75522492887548,-0.891574732746646,-6.77362544880773,-16.0240462511724,-3.42021186369392,7.43681669850317,-5.77169485607603,-2.81,0.0929198250058634,0.0365970744131178,17.4476776123047,17.5333891096159,0.169785467277225,1.11051703892938,176.198547363281,-8.04735254186361,-17.8741394920408,-176.198547363281,4.30452060699463,17.8516044616699,5.40000009536743,16.2059993743896,39.7200012207031,991.208105699071
1.075,-0.090699344863982,-0.0543602143947156,0.440920041013453,-0.743867954061037,0.163791431557141,-4.73504909408683,-0.00535590347316594,-0.010152610843646,-0.0400740436152908,-0.0752452465065861,0.128504346227772,-2.56118553829151,-0.0236918890224381,0.128024328148129,-0.0355467331926199,14.7671632727608,9.72381574507288,-0.748770427091213,-6.80247362884045,-15.9885392896062,-3.35787504750216,7.43721363940717,-5.7714447248681,-2.81,0.1000926510898,0.0345374378506371,17.40021276474,17.5344769499968,0.169785181582468,1.11051698403795,176.339691162109,-8.3979358471058,-18.6857392980749,-176.339691162109,4.30841064453125,17.747594833374,5.40000009536743,16.2059993743896,39.7200012207031,991.204961812721
1.1,-0.0866548809155847,-0.0535482620136527,0.44066446692467,-0.679718240786336,0.021276294668838,-5.88571409863586,0.00370351657901999,0.204345226858403,-0.0328660824659655,-0.0743252822124544,0.133242733056691,-2.56194414899595,-0.039450071976479,0.267644290612909,-0.0253091007127053,14.7753157023957,9.73117081973186,-0.628376449409298,-6.81252660302057,-16.0030885539243,-3.30017190595111,7.43759869060985,-5.77120286745991,-2.81,0.108174775279359,0.0351317879810293,17.3409519195557,17.5498667824694,0.169784895887712,1.11051692914652,176.480834960938,-8.748519152348,-19.4973391041091,-176.480834960938,4.31230020523071,17.6435852050781,4.68301916122437,16.2086887359619,39.7200012207031,991.201817926371
1.125,-0.0731958468955367,-0.0535696856048391,0.440408889214251,-0.54284292593641,0.0733907049607426,-7.46771977076367,0.00305795226074144,0.319686970018495,-0.026354145332464,-0.0726284132346939,0.138815771601541,-2.56267376118803,-0.000519444480861754,0.337389781659148,-0.0179699802428983,14.7687702702609,9.74796823381531,-0.544791678390694,-6.80087488746035,-16.0128463305393,-3.28224178203004,7.4379056827717,-5.77101532974011,-2.81,0.114797514333417,0.036403824367183,17.3285942077637,17.5459678181867,0.169784776168004,1.1105169061444,176.539993286133,-8.89543025089071,-19.8374380703984,-176.539993286133,4.31393051147461,17.6000003814697,4.59999990463257,16.2089996337891,39.718563079834,991.1908238249
1.15,-0.0697889742800429,-0.0569765582203329,0.44015331638021,-0.371761383383783,-0.00623997235966053,-9.00877703192553,-0.00159625716912172,0.37223666652021,-0.0218961302811971,-0.0770048589361731,0.154088308597471,-2.5640048430292,-0.0984980006832887,0.426004295175753,-0.0123307910921173,14.7531384785112,9.72342263265872,-0.422047463683606,-6.78761275618334,-15.9566643415767,-3.41926057553109,7.43821267493356,-5.77082779202031,-2.81,0.122241748254291,0.0344962467396653,17.3285942077637,17.5070435499484,0.169784776168004,1.1105169061444,176.539993286133,-8.89543025089071,-19.8374380703984,-176.539993286133,4.31393051147461,17.6000003814697,4.59999990463257,16.2089996337891,39.7160873413086,991.17416727318
1.175,-0.0563596097273104,-0.0544530988985486,0.439897740811959,-0.243011677308065,0.0103196300383178,-10.3811150331135,-0.0149374270439949,0.422241530519636,-0.0148054978812351,-0.0767930708967702,0.162562159348488,-2.56467178237975,-0.0104805226400224,0.445884811343636,-0.0114572018229385,14.7141563085724,9.73676003409879,-0.306646698337697,-6.7448233562114,-15.9440869552696,-3.42028845108574,7.43851966709541,-5.7706402543005,-2.81,0.130651254962357,0.0353893655017249,17.2257307160575,17.4653568268093,0.169784776168004,1.1105169061444,176.539993286133,-8.89543025089071,-19.8374380703984,-176.539993286133,4.31393051147461,17.6000003814697,4.59999990463257,16.2089996337891,39.7136077880859,991.157510721459
1.2,-0.0524356180572024,-0.0524663402388605,0.439642167073204,-0.0820137025252704,0.0497732898734478,-11.7290230695782,0.000695706956121849,0.466876653256301,-0.00933981671706695,-0.0765984833186646,0.171373686652725,-2.56534313251781,0.0728253428871108,0.461469877792374,-0.0103607358220266,14.6752186950013,9.74041686025194,-0.182774030503503,-6.70824430035288,-15.9247277842616,-3.41667588567787,7.43882665925726,-5.7704527165807,-2.81,0.139625924893928,0.0357246790121949,17.0941901296939,17.4246083031049,0.169784776168004,1.1105169061444,176.539993286133,-8.89543025089071,-19.8374380703984,-176.539993286133,4.31393051147461,17.6000003814697,3.70433950424194,16.281717300415,39.7111282348633,991.140854169738
1.225,-0.0381804910071587,-0.0577958502501763,0.439386590190765,0.126034238624011,0.0460652468416806,-12.9973322409053,-0.00277626358946662,0.465797129230791,-0.00376567468812702,-0.0766792593673945,0.185591106205153,-2.56608509532262,0.080702608665321,0.408288729596426,-0.0056962175388688,14.6405262755183,9.711795019268,-0.047032005927608,-6.68057409439922,-15.872418593409,-3.47885640618405,7.43913365141912,-5.7702651788609,-2.81,0.150066999018667,0.0341336870189462,17.064266204834,17.3743206868781,0.16978462342288,1.11051687775399,176.634094238281,-9.07675556392275,-20.2713554250443,-176.634094238281,4.31510353088379,17.5637016296387,3.58999991416931,16.2910003662109,39.7099990844727,991.126774050155
1.25,-0.0331831129824473,-0.0618872403017114,0.439131017947384,0.351273315087313,0.0848451780407399,-13.8557410136333,0.00394618699710867,0.398115463532472,0.00094048516743023,-0.0767465382814407,0.197432890534401,-2.56670308113098,0.0872636362910271,0.363993793725967,-0.00181110890116543,14.5679721399888,9.68148632819128,0.104477509457709,-6.63055028320894,-15.8072932832955,-3.48327250472132,7.439457351848,-5.77006322119912,-2.81,0.161386741141206,0.0324973582356733,17.064266204834,17.2963695044834,0.169784342050283,1.11051682545585,176.807464599609,-9.41077587852243,-21.0706768679541,-176.807464599609,4.31726503372192,17.4968414306641,3.7840564250946,16.2742404937744,39.7099990844727,991.114863557636
1.275,-0.0197300033738707,-0.0624068871461207,0.438875440962217,0.460650432626893,-0.00674661562023463,-14.2676370223269,-0.00306472996893288,0.290703592911039,0.00354759959997756,-0.0767518067433132,0.200234353075906,-2.56677710523393,0.0336335876566293,0.315773691728929,0.00373766153359105,14.4232837266131,9.67742970982491,0.132150782631972,-6.51017076374859,-15.7257695993222,-3.46685307046601,7.43980322266375,-5.76984212955464,-2.81,0.164825968890058,0.0325166775153205,16.9821895473408,17.1509102370992,0.169784060677687,1.11051677315772,176.980804443359,-9.74479619312211,-21.8699983107851,-176.980804443359,4.31942558288574,17.4299774169922,3.80999994277954,16.2719993591309,39.7099990844727,991.102953065116
1.3,-0.0166753433345269,-0.0619135167571989,0.438619867658348,0.507483738625765,0.0598676764509804,-14.2108582779997,-0.0235573621540068,0.175136113424458,0.00661713315634434,-0.0767632024862466,0.206293948406371,-2.56693722021027,-0.0823688173239409,0.21147306283714,0.0157397150745978,14.327713488086,9.69812654100367,-0.034105060246527,-6.38324528111772,-15.6502920183413,-3.6960431245949,7.44014909347951,-5.76962103791016,-2.81,0.157169565521863,0.0339521132012401,16.8746232446635,17.0146690675377,0.16978377930509,1.11051672085959,177.154144287109,-10.0788165063036,-22.6693197536161,-177.154144287109,4.32158708572388,17.3631134033203,3.80999994277954,16.2719993591309,39.7099990844727,991.091042572597
1.325,-0.0141819545470756,-0.0629853496482567,0.438364292252257,0.481365114581316,0.0699022672480398,-13.8357161351175,-0.022098088220523,0.0624811544819388,0.00967657843017587,-0.079960858617223,0.208825995913254,-2.56712297151275,0.000994900148097666,0.0167069045303601,0.00504009611817888,14.2384412889298,9.67073875708936,-0.0290777953512156,-6.31681302935574,-15.5691598711686,-3.73582360698524,7.44065522730947,-5.76930126624602,-2.81,0.157037314386183,0.0320245615756703,16.8481140136719,16.9163326658256,0.169783639958661,1.11051669495956,177.240005493164,-10.2442360902716,-23.0651741824504,-177.240005493164,4.32265710830688,17.3299999237061,3.80999994277954,16.2719993591309,39.7099990844727,991.082427978516
1.35,-0.00845389938888214,-0.0623955794806149,0.438108717289729,0.414482290427533,0.090816457832526,-13.3520448628845,-0.0276665349421261,-0.0382238561799628,0.0129160945418588,-0.0805397047470422,0.208114198990333,-2.56685321748679,-0.0882175086206562,-0.0343524086459439,0.0134251379053373,14.2019247184238,9.66448052038897,-0.0116153427509115,-6.28987248568972,-15.5498220102363,-3.70641658703846,7.44136499738505,-5.76885610801768,-2.81,0.157955248744223,0.0315859371500563,16.8481140136719,16.882468406441,0.169783639958661,1.11051669495956,177.240005493164,-10.2442360902716,-23.0651741824504,-177.240005493164,4.32265710830688,17.3299999237061,3.80999994277954,16.2719993591309,39.7099990844727,991.077047096108
1.375,-0.00906041525940787,-0.0593859874831285,0.43785314668065,0.343411376379453,0.096033457537816,-12.7593933555503,-0.0266347288440035,-0.118851782671764,0.0153345379256064,-0.0785037737865369,0.205396317400833,-2.56681662011644,-0.0498980919812126,-0.105639964342747,0.0174457813316736,14.1394583930871,9.6817570451277,-0.0950431719755205,-6.2286077866913,-15.5253537816172,-3.7198886180169,7.44207476746063,-5.76841094978934,-2.81,0.154252615320247,0.0330782001004277,16.7536285913216,16.8200294951331,0.169783639958661,1.11051669495956,177.240005493164,-10.2442360902716,-23.0651741824504,-177.240005493164,4.32265710830688,17.3299999237061,4.54103755950928,16.2223930358887,39.7099990844727,991.071666213701
1.4,0.334520182471764,-0.0634530601615245,0.437597570328195,0.222865500988307,0.111878511409289,-12.0902316886279,-0.0366058689267398,-0.177971673603421,0.0156729630478731,-0.0817847921483823,0.197430825862766,-2.56633080906335,-0.0204802780962804,-0.208307148544599,0.00761698448515367,14.0651253381214,9.65965517207407,-0.227027414552146,-6.17724860687429,-15.457461267045,-3.75456004001433,7.44278453753621,-5.76796579156099,-2.81,0.14394411504545,0.031399345254405,16.6266449982265,16.7416791001816,0.169783639958661,1.11051669495956,177.240005493164,-10.2442360902716,-23.0651741824504,-177.240005493164,4.32265710830688,17.3299999237061,4.65000009536743,16.2150001525879,39.7099990844727,991.066285331294
1.425,0.336989056420663,-0.0732699809772455,0.437341995713921,0.108949107450766,0.158330871969313,-11.4649980382673,-0.0631667453612679,-0.231074794765953,0.0117699317321005,-0.0823109000921249,0.19156239926815,-2.56606817245483,-0.109542936086655,-0.242157861590385,0.00966156832873821,14.0193791329343,9.65487253073179,-0.271468203039746,-6.15085704073537,-15.4339189542526,-3.71407501551769,7.44344163100919,-5.76755453843215,-2.81,0.140372102274297,0.031123355415968,16.5929431915283,16.705116253104,0.169783511676961,1.11051667156227,177.319747924805,-10.3936710738996,-23.4295960015162,-177.319747924805,4.32400846481323,17.2629718780518,4.65000009536743,16.2150001525879,39.7088432312012,991.055028807442
1.45,0.332565402266478,-0.0715625794241202,0.437247030603386,0.0292795350916391,0.166495868021731,-10.9503428416254,-0.0730742534668293,-0.281143685638289,0.00685619219751965,-0.0846773947378211,0.184486557126772,-2.56600030582927,-0.0187379960817759,-0.320155589366004,-0.00378680307081145,13.9081677059216,9.67013855178442,-0.457859225297436,-6.04927418957466,-15.3654064860976,-3.80380190247505,7.44399844183323,-5.76720783185763,-2.81,0.127623750502167,0.0319698399533519,16.5929431915283,16.5885944532115,0.169783236787604,1.11051662142522,177.490600585938,-10.7138888953517,-24.2104998995819,-177.490600585938,4.326904296875,17.1193389892578,4.65000009536743,16.2150001525879,39.7063674926758,991.037057264796
1.475,0.324735389635096,-0.0700759130022199,0.442389866921539,0.0822347512608287,0.161926455388036,-10.5292981914774,-0.0988244787315076,-0.364867174483432,0.00335064414396504,-0.0897812849163242,0.172618901820748,-2.56556918344532,-0.171185654121646,-0.460451412449691,-0.00555666016941435,13.867508566004,9.66249050979718,-0.478270692826153,-6.04499447890017,-15.3503681011186,-3.70465928878193,7.44455525265727,-5.76686112528311,-2.81,0.121790462712665,0.0308430716462204,16.5296393340489,16.5714203724078,0.169782961898247,1.11051657128817,177.661483764648,-11.0341067168039,-24.9914037975687,-177.661483764648,4.32980012893677,16.9757080078125,4.65000009536743,16.2150001525879,39.7038917541504,991.019085722149
1.5,0.323069301404611,-0.0696711259528527,0.44567829609001,0.189572924358402,0.199636501861624,-10.0167291163276,-0.111009745996403,-0.584659138620237,-0.00168759629651889,-0.0937823741298906,0.150586873614527,-2.56496428968343,-0.169313762485127,-0.825382957436814,-0.0189347975955405,13.761761934271,9.67917471669325,-0.572220174316153,-5.9956805054989,-15.3308096556545,-3.52392412486283,7.44511206348131,-5.76651441870858,-2.81,0.110722696652611,0.0315823643339556,16.4423379358256,16.5118241244837,0.169782687008889,1.11051652115111,177.83235168457,-11.354324538256,-25.7723076957132,-177.83235168457,4.33269596099854,16.8320751190186,4.73584890365601,16.1488971710205,39.701416015625,991.001114179503
1.525,0.309295667120498,-0.0600685875306181,0.446487614189598,0.294894119109205,0.237230252354436,-8.4868572332597,-0.105190384430666,-1.0255833250444,-0.0107752381407758,-0.0970520073336154,0.121813110607097,-2.56424413838842,-0.0650861732787196,-1.33930888494227,-0.040012371891474,13.5808823691823,9.70951849422344,-0.70287730409752,-5.89086699335132,-15.2891544166391,-3.27850501153465,7.44558525533766,-5.7662207692375,-2.81,0.0968930927706288,0.0335113592190031,16.4175128936768,16.3941062818382,0.169782529929257,1.11051649250137,177.929992675781,-11.5373061509196,-26.2185384945515,-177.929992675781,4.3343505859375,16.75,4.75,16.1380004882812,39.7010612487793,990.991194527104
1.55,0.287964308675625,-0.0619730140262456,0.447296940858659,0.415926589499926,0.182700039618014,-5.3395126692887,-0.116105501628075,-1.62814486850432,-0.0197774337977912,-0.101061224937439,0.0855545699596405,-2.56308722496033,-0.204621955752373,-1.83165848255157,-0.0571410171687603,13.2825120899499,9.72810914105217,-1.39232733684033,-5.69606545367732,-15.1113679441227,-3.49302268781158,7.44579745752667,-5.76609272042092,-2.81,0.0469637713475971,0.0350428644585966,16.4175128936768,16.1402989369986,0.169782529929257,1.11051649250137,177.929992675781,-11.5373061509196,-26.2185384945515,-177.929992675781,4.3343505859375,16.75,4.75,16.1380004882812,39.7035369873047,990.992010728368
1.575,0.237674317372706,-0.0564272889027481,0.448106263671447,0.544032442982937,0.196807147348835,-0.696136476283704,-0.137586149318882,-2.21384230619363,-0.0305495941667097,-0.104741070663447,0.0123289305249356,-2.56062418392355,-0.223099868901926,-2.40956755744819,-0.0799606875465351,13.0165954126486,9.77424204619154,-1.87324753608964,-5.62287661704954,-15.0859884008895,-3.04513260191594,7.44600965971567,-5.76596467160434,-2.81,0.00171289583998514,0.0385540980882532,16.4195330907714,16.0534705957916,0.169782529929257,1.11051649250137,177.929992675781,-11.5373061509196,-26.2185384945515,-177.929992675781,4.3343505859375,16.75,4.75,16.1380004882812,39.7060127258301,990.992826929632
1.6,0.187075171851769,-0.0540531198587295,0.448522353446446,0.399798671506907,0.280531797755796,4.37122455986637,-0.129516513646838,-2.5625066118963,-0.0441323524749768,-0.109216603878953,-0.0367318721374698,-2.55949381432018,-0.207387635629694,-2.59827149120911,-0.113073476908129,12.811250620018,9.7937831234192,-2.24050015159707,-5.57715597369495,-15.0332291727043,-2.82197149752124,7.44622186190468,-5.76583662278776,-2.81,-0.0332945439804937,0.0402357931031671,16.4223939067913,15.9841508451274,0.169782529929257,1.11051649250137,177.929992675781,-11.5373061509196,-26.2185384945515,-177.929992675781,4.3343505859375,16.75,4.72452831268311,16.1948871612549,39.7084922790527,990.993643130896
1.625,0.15220173211901,-0.0558332029372175,0.447260256184646,0.745037235087257,0.0923176415781113,9.65192295783832,-0.0931509617315207,-2.70694863397116,-0.053368135441707,-0.112426895707585,-0.079767180691562,-2.55869437796359,-0.17176944292753,-2.65373132372388,-0.135844328780111,12.673858460883,9.80866051464719,-2.47205743369108,-5.57162047814685,-15.0158215761086,-2.53569023650903,7.44628295012276,-5.76580214048323,-2.81,-0.0582796200636447,0.0416726372834326,16.4232616424561,15.9719727984225,0.169782424616748,1.11051647376789,178.005416870117,-11.6569540424782,-26.5177095836546,-178.005416870117,4.33440113067627,16.7287273406982,4.71999979019165,16.2049999237061,39.7090339660645,990.994140625
1.65,0.131150950829482,-0.0537628416231437,0.445317873409101,1.06878295251718,0.244408825219143,14.2643729089484,-0.105307515250978,-2.70451892636595,-0.0635529034417434,-0.11728688599048,-0.18568389899937,-2.55477889224511,-0.0871007888374311,-2.62831501661893,-0.119507768327711,12.4573428995196,9.87441630012235,-2.82886715815785,-5.55785794351507,-15.0748828513724,-1.59690352869024,7.44608606860448,-5.76592738747638,-2.81,-0.105178274706181,0.0469808454864659,16.4232616424561,16.0384168404442,0.169782154913983,1.11051642579192,178.198577880859,-11.9633693707828,-27.2838794457977,-178.198577880859,4.3345308303833,16.6742458343506,4.71999979019165,16.2049999237061,39.7065582275391,990.994140625
1.675,0.0535140745959657,-0.0483777453168109,0.443375526308477,0.607194209786318,0.205612717927565,17.7606281549281,-0.0870360624793561,-2.51503594167929,-0.0578645090939481,-0.121899634877374,-0.245356791956528,-2.55225330879839,-0.151110914954731,-2.32824817524575,-0.0982906033377325,12.1997543427322,9.91414329167835,-3.15135247134544,-5.45654413623885,-15.0247419200623,-1.24037170009585,7.44588918708621,-5.76605263446953,-2.81,-0.141743656996919,0.0504819268748181,16.3462577046088,15.9580652320342,0.169781885211217,1.11051637781595,178.391754150391,-12.2697847019237,-28.0500493080984,-178.391754150391,4.33466053009033,16.6197643280029,4.71999979019165,16.2049999237061,39.7040786743164,990.994140625
1.7,0.00611955237184234,-0.0420610467393827,0.441433151422142,0.464421137976632,0.25971150885973,19.8455307117039,-0.10120454200841,-2.10631354760587,-0.048121395474189,-0.125762707729751,-0.283035585498499,-2.55081563071016,-0.168676239293026,-1.78583853597465,-0.0769043702014537,12.2092460708334,9.92711384124023,-3.15529224578238,-5.48593755212608,-15.0614329626814,-0.791753924034365,7.44569230556794,-5.76617788146269,-2.81,-0.151699556449987,0.0515516869170167,16.2342036985001,16.0531035947718,0.169781615508452,1.11051632983998,178.584915161133,-12.5762000316465,-28.8162191703202,-178.584915161133,4.33479022979736,16.5652847290039,4.71160364151001,16.2049999237061,39.7016067504883,990.994140625
1.725,-0.0118157177177752,-0.035989516618598,0.43949076333467,-0.0783145384772034,0.165665340207827,19.9335187345287,-0.0312999454881622,-1.45927425678077,-0.0512227536321964,-0.128319970860574,-0.310485225152197,-2.54985239547271,-0.135687401022149,-1.18692935171931,-0.0570200478302191,12.3306137149125,9.91495717815701,-3.12861369538952,-5.59143278839364,-15.1234312000973,-0.395401308616215,7.44549542404967,-5.76630312845584,-2.81,-0.155915513406536,0.0507299420009231,16.198091506958,16.2279890869427,0.169781440843804,1.11051629876982,178.710006713867,-12.7746404356709,-29.312405366818,-178.710006713867,4.33487415313721,16.5300006866455,4.71000003814697,16.2049999237061,39.7000007629395,990.988164649819
1.75,-0.0122744010287777,-0.034619279846731,0.437548394446554,-0.258415358254128,0.139286853077522,17.7548908382482,-0.0779887426380047,-0.856145512870084,-0.0481488466441747,-0.13047656416893,-0.333634078502655,-2.54904007911682,-0.107867226004601,-0.681856751441956,-0.0402511842548847,12.4339963967586,9.91961294173543,-2.9000482786668,-5.59507822725412,-15.168717269478,0.135585237384639,7.44477867933618,-5.76674961171587,-2.81,-0.146976842874079,0.051094013310933,16.198091506958,16.3435411209644,0.169781440843804,1.11051629876982,178.710006713867,-12.7746404356709,-29.312405366818,-178.710006713867,4.33487415313721,16.5300006866455,4.71000003814697,16.2049999237061,39.7000007629395,990.971205801334
1.775,-0.0257299506267636,-0.0301150684814565,0.435606034745036,-0.176360681139783,0.386090102214298,14.6851056560611,-0.0273880969369949,-0.494377453293149,-0.0446641327032521,-0.13055879086804,-0.338559919610012,-2.54942259994342,-0.082947492497049,-0.513952470893004,-0.0488115939084623,12.5291867769673,9.85354402314789,-1.84504926262705,-5.34436859398788,-15.0801912981121,1.22581101059909,7.44386025806254,-5.7673207158875,-2.81,-0.0831749180503054,0.0473165251885018,16.1319811006762,16.3265466699775,0.169781440843804,1.11051629876982,178.710006713867,-12.7746404356709,-29.312405366818,-178.710006713867,4.33487415313721,16.5300006866455,4.30205154418945,16.2041683197021,39.7000007629395,990.954246952849
1.8,-0.0292290198936059,-0.027292474471178,0.433722711537511,-0.0960467994863242,0.174415481691957,11.8019431259389,0.00155614340755824,-0.400180240646705,-0.0495365745116392,-0.131492927936746,-0.350726501767767,-2.55043657598243,-0.06608266816407,-0.381327447657951,-0.0592135600430985,12.5746103336936,9.84552695276695,-1.69764370282003,-5.33773547039661,-15.0702486971762,1.52754849904905,7.44294183678889,-5.76789182005914,-2.81,-0.0772310505441534,0.0471801716046976,16.0330499253183,16.3918846653232,0.169781440843804,1.11051629876982,178.710006713867,-12.7746404356709,-29.312405366818,-178.710006713867,4.33487415313721,16.5300006866455,4.21999979019165,16.2040004730225,39.7000007629395,990.937288104363
1.825,-0.0236725379517755,-0.0536485149713018,0.434278679872423,-0.104400174039503,0.137108211712075,9.78870008680864,-0.0365470759166141,-0.386878866135832,-0.0567280317717197,-0.132806413019374,-0.363688642376551,-2.55154696796263,-0.0675694158802749,-0.362840932312901,-0.0656191431343191,12.5610012902307,9.86786661386409,-1.76889966437008,-5.34711040475723,-15.0699693684359,1.60841055036974,7.44198414410041,-5.76848759106474,-2.81,-0.0853146957371943,0.0490489465916076,15.9992914199829,16.419526620034,0.169781356759274,1.11051628423502,178.720886230469,-12.8674720551122,-29.5512721522291,-178.720886230469,4.33691167831421,16.5152130126953,4.21999979019165,16.2040004730225,39.7000007629395,990.925008377939
1.85,-0.0315102259600503,-0.0526139468970154,0.436221034575225,-0.329833792235207,0.377666256713618,8.12950372185161,0.0284285650738615,-0.273909431098729,-0.0655434565353894,-0.12995952895663,-0.367392063681195,-2.55343061720708,0.0540314203239806,-0.122952013479825,-0.0750991832785048,12.7393509530373,9.80800807007031,-0.838583643305328,-5.18406184984647,-15.01620648404,2.61349442311981,7.44091197092973,-5.76915526859723,-2.81,-0.0278078889044622,0.0455661449312572,15.9992914199829,16.5623733780493,0.169781089217588,1.11051623798791,178.755584716797,-13.1628453906006,-30.3113028328099,-178.755584716797,4.3433952331543,16.4681606292725,4.21999979019165,16.2040004730225,39.7000007629395,990.922937645102
1.875,-0.0377752881335376,-0.0542179955935746,0.438163438214423,-0.580610118532629,0.12930498104774,5.6074081729201,0.089027741136818,-0.0278903545879427,-0.0698756579751694,-0.127922940882293,-0.365003557694271,-2.55544431024564,0.0804501349236393,0.112858966472208,-0.0679623842013346,12.8923255876266,9.76813189171043,-0.320355498879909,-5.16126930569552,-15.0075326964101,3.14107447812878,7.43983979775904,-5.76982294612971,-2.81,0.00481890636974455,0.0431348384420052,15.9465549082126,16.7194054772239,0.169780821675902,1.1105161917408,178.790237426758,-13.458218726089,-31.0713335134696,-178.790237426758,4.34987831115723,16.4211082458496,3.96483469009399,16.2336311340332,39.7000007629395,990.920866912266
1.9,-0.0320687613186068,-0.0581150002753466,0.440105796206782,-0.647648065033104,0.138222732332491,3.06516031682323,0.0840438940645234,0.218453909797596,-0.0660804937337785,-0.125617760292597,-0.355785139634804,-2.55828363886904,0.0728461625833576,0.319190023142474,-0.0540434055844362,12.9707695302961,9.76575224152418,-0.206024532884505,-5.24086113445976,-15.035857242298,3.17955920177442,7.43876762458835,-5.7704906236622,-2.81,0.0144857254136624,0.0431324474278548,15.8653329813255,16.8075823209815,0.169780554134217,1.11051614549369,178.824905395508,-13.7535920629955,-31.8313641941293,-178.824905395508,4.35636186599731,16.3740558624268,3.91000008583069,16.2399997711182,39.7000007629395,990.918796179429
1.925,-0.0191927662795638,-0.075877587004595,0.442048140984644,-0.659722112189646,0.0383650563175231,0.0990193388582487,0.0697805295288941,0.405931311676237,-0.0628965048325385,-0.123061053819825,-0.344792740477928,-2.56074143359876,0.0799849384563279,0.468180486521764,-0.0438053180749955,13.0518851096854,9.76078490214816,0.0362988016165774,-5.27948788578777,-15.0580516512516,3.31783552297138,7.43797716274952,-5.77098897816668,-2.81,0.032236591449992,0.0428650958984984,15.8360776901245,16.8977459606648,0.169780360484997,1.11051611201959,178.850006103516,-13.9673860957341,-32.381481639206,-178.850006103516,4.36105442047119,16.3400001525879,3.91000008583069,16.2399997711182,39.7000007629395,990.918157325601
1.95,-0.0103660506197222,-0.0779278183149906,0.443990504975973,-0.631895858230183,0.210919401014504,-2.40178482647915,0.0666757441868515,0.49104616649117,-0.0605107268165618,-0.120029969551732,-0.333339341396619,-2.5627630770468,0.107933891074249,0.49178868001159,-0.0307619040644941,13.1493276503898,9.73603557266797,0.560246170873597,-5.24399438077847,-15.0540151950716,3.7264234250093,7.43770423778091,-5.77117626634169,-2.81,0.0667183134756021,0.0412856631150826,15.8360776901245,17.0212047052999,0.169780360484997,1.11051611201959,178.850006103516,-13.9673860957341,-32.381481639206,-178.850006103516,4.36105442047119,16.3400001525879,3.91000008583069,16.2399997711182,39.7000007629395,990.921270982275
1.975,0.00329889881875413,-0.0837038505343409,0.445932872912399,-0.511169541502572,0.0361865824385053,-5.29016601106092,0.0443680034121286,0.530908757684234,-0.0556313711933079,-0.119977515767126,-0.324037726449446,-2.5642720324033,0.0329245377856473,0.523544124521383,-0.0367365464875601,13.1803211627929,9.73514590121673,0.661791366938412,-5.28667879169015,-15.0725842155341,3.71485287795123,7.43743131281231,-5.77136355451668,-2.81,0.0744325029902881,0.0411953073300939,15.8536400615044,17.0584110870663,0.169780360484997,1.11051611201959,178.850006103516,-13.9673860957341,-32.381481639206,-178.850006103516,4.36105442047119,16.3400001525879,3.91000008583069,16.2399997711182,39.7000007629395,990.924384638948
2,-0.343696627191064,-0.0854529171699391,0.447875260731209,-0.300961126677353,0.120345625726826,-7.1886028219807,0.0111335942110607,0.52975061496809,-0.0535571304586719,-0.119816972425141,-0.314701849091575,-2.5658036145556,-0.038372138368181,0.552559514278435,-0.0423287821510636,13.2038498898613,9.73622777691958,0.775736589800539,-5.31936103184016,-15.0883196890329,3.71275607457433,7.43716476473339,-5.7715461868743,-2.81,0.0829392540816911,0.0412420343701759,15.8815021694831,17.0902769344902,0.169780360484997,1.11051611201959,178.850006103516,-13.9673860957341,-32.381481639206,-178.850006103516,4.36105442047119,16.3400001525879,4.1858491897583,16.2270202636719,39.7000007629395,990.927498295622
2.025,-0.326923223110631,-0.0858258393903883,0.449817631259645,-0.0445082681007131,0.0662707598996576,-8.72635159306926,-0.0199367347624013,0.462534895659943,-0.0536662605008594,-0.117551891011149,-0.304577312713618,-2.56784760068359,-0.0293536734918504,0.518120009890861,-0.0403161551422418,13.2547149275912,9.72527257233176,1.14175965229138,-5.30665790237118,-15.0884719671804,3.96855201859217,7.43699754089471,-5.77165630182181,-2.81,0.107088434617859,0.040614619979822,15.8920660018921,17.1800051125636,0.169780297504955,1.11051610193455,178.811676025391,-14.0317977261681,-32.5603949312121,-178.811676025391,4.36195993423462,16.3122882843018,4.25,16.2240009307861,39.7000007629395,990.93234655992
2.05,-0.319878615152486,-0.0926360276969507,0.451759995245541,0.147435550250853,0.078670614381482,-9.76338269563858,-0.0839127656510234,0.347061216596315,-0.0535692717946194,-0.120798870957283,-0.293852415271204,-2.57034483020196,-0.0434655176500736,0.362737135633305,-0.0459155304492966,13.2788685518861,9.71968361510068,1.3188198196673,-5.35521928836012,-15.1008589481247,3.97813658828993,7.43683031705604,-5.77176641676931,-2.81,0.117488512111325,0.040261476635379,15.8920660018921,17.2263547771227,0.169780032988781,1.11051605957739,178.650695800781,-14.3023265756928,-33.3118307575901,-178.650695800781,4.36576318740845,16.1958961486816,4.25,16.2240009307861,39.7000007629395,990.942745568617
2.075,-0.312445744608497,-0.0893236312758552,0.453702357869404,0.122743665595229,0.157626608417565,-9.78937783633429,-0.102586801067085,0.2639500988041,-0.0513183421116306,-0.122988006525913,-0.281076224604865,-2.57360281163489,-0.102029114809279,0.316475992730075,-0.0440414509901957,13.3188748101853,9.71860351650349,1.48150275691645,-5.43568934823978,-15.1260391775081,3.96166013800486,7.43666309321736,-5.77187653171682,-2.81,0.127790982906064,0.0402568589409886,15.9313997300166,17.2931546342953,0.169779768472607,1.11051601722022,178.48974609375,-14.5728554252174,-34.063266584047,-178.48974609375,4.36956691741943,16.0795040130615,4.25,16.2240009307861,39.7000007629395,990.953144577314
2.1,-0.307805553011621,-0.0872271390795041,0.455644722535357,-0.180192177987605,0.18537168828927,-9.85778296945307,-0.102377292163679,0.385724810324051,-0.0512083485217406,-0.124971400344404,-0.272192594019645,-2.57541792000687,-0.0459773157645023,0.459958212546123,-0.0447276101000279,13.3774092598177,9.70785815581039,1.5604196673404,-5.52650544675434,-15.1560778875535,3.92218544049358,7.43652608368252,-5.77196648122322,-2.81,0.132575880674736,0.0395140299196215,15.995736293073,17.361568309076,0.169779503956434,1.11051597486306,178.328765869141,-14.843384274742,-34.8147024104251,-178.328765869141,4.37337017059326,15.96311378479,5.17216968536377,16.1365947723389,39.7000007629395,990.963543586011
2.125,-0.30126819700534,-0.0806897830732222,0.453252045649064,-0.322719890978067,0.125112615005964,-10.6119108058389,-0.091935777696891,0.761927513083536,-0.050357208824739,-0.127989958860693,-0.259252408174401,-2.57727536070733,-0.0661600861967538,0.69442949779733,-0.043088593191301,13.498091754424,9.68372873623654,1.65658328820549,-5.68600081579295,-15.2162891258732,3.85373732878326,7.43661445461167,-5.77190600871429,-2.81,0.13821040236553,0.0377323302729221,16.0213489532471,17.4872753505443,0.169779292343494,1.11051594097733,178.199996948242,-15.0598073537944,-35.4158510715591,-178.199996948242,4.37641286849976,15.8699998855591,5.40000009536743,16.1149997711182,39.6995048522949,990.972941992418
2.15,-0.293550536959491,-0.0777486872189595,0.444352700692489,0.219756049456438,0.234906663388232,-12.9661878121774,-0.0889033542291396,1.23987366668202,-0.0519078701587842,-0.129296305722121,-0.206087257713864,-2.58389286423624,-0.044620014335234,1.48075057890369,-0.0273057052082476,13.6147620232214,9.66037766020833,2.00916780133116,-5.97062359743641,-15.3200377185166,3.51702927222322,7.43670282554083,-5.77184553620536,-2.81,0.16745926586272,0.0358655278314804,16.0213489532471,17.6339353286265,0.169779292343494,1.11051594097733,178.199996948242,-15.0598073537944,-35.4158510715591,-178.199996948242,4.37641286849976,15.8699998855591,5.40000009536743,16.1149997711182,39.6970291137695,990.978337989663
2.175,-0.246048640868789,-0.0763794082516539,0.43724963510435,1.21004800601976,0.1185785457102,-16.9227791657032,-0.10631597482851,1.61640599924819,-0.0504052351125697,-0.13210188585261,-0.159320610060107,-2.58891264192569,-0.123789682918786,1.7823378575352,-0.0160736621227278,13.6672202613329,9.62853458999939,2.70177010410141,-6.09727039349477,-15.3931171317621,3.56039161251712,7.43679119646998,-5.77178506369643,-2.81,0.213814979020658,0.0333077000873513,16.1027284118364,17.7854643791434,0.169779292343494,1.11051594097733,178.199996948242,-15.0598073537944,-35.4158510715591,-178.199996948242,4.37641286849976,15.8699998855591,5.40000009536743,16.1149997711182,39.6945495605469,990.983733986908
2.2,-0.203712320625636,-0.0727200318195089,0.443953534912491,2.54352032279588,0.183262615981418,-20.7922944831043,-0.132615726832321,1.75432501483167,-0.0434170674786246,-0.133889130947208,-0.116840884625406,-2.59331339064982,-0.0796659231965612,1.76712936490464,-0.00637781332812792,13.6709855008336,9.62650966645741,2.90388584234344,-6.25444729013033,-15.4529907877074,3.17569688694832,7.43687956739913,-5.77172459118749,-2.81,0.233012611726854,0.0327343637878429,16.2400969379353,17.8047160468796,0.169779292343494,1.11051594097733,178.199996948242,-15.0598073537944,-35.4158510715591,-178.199996948242,4.37641286849976,15.8699998855591,9.74264144897461,16.0222835540771,39.6920738220215,990.989129984154
2.225,-0.180478590869528,-0.0645555360041674,0.45713377821449,3.64127713943487,0.35995693655738,-23.9941855873615,-0.116527775648183,1.70881016345513,-0.0334417257755107,-0.136038909406092,-0.0760139783896928,-2.59735924144838,-0.0657159121627281,1.67247795238192,0.00588400475938604,13.6429166478292,9.60255225512446,3.0250048375819,-6.38971927499565,-15.4670513665316,2.7259215599912,7.43696793832829,-5.77166411867856,-2.81,0.247713637149367,0.0309605597068365,16.2973880767822,17.7714445304624,0.169779249657022,1.11051593418948,178.167129516602,-15.1031603251834,-35.5371145250754,-178.167129516602,4.3755521774292,15.8860378265381,10.8800001144409,15.9980001449585,39.689998626709,990.991887938301
2.25,-0.180477147581855,-0.0654622587714964,0.470314098286437,4.68133552888072,0.316277357254694,-26.7437275939564,-0.0870449508090042,1.59698480671277,-0.0207300353843847,-0.137899441824362,-0.0364030158866944,-2.60122117510173,-0.0488493425535904,1.55165008365493,0.0175144835135435,13.5918750800674,9.57054289572306,3.17621714463272,-6.48893661046831,-15.4568995604229,2.32393470330206,7.43715572934737,-5.77153382345166,-2.81,0.264338887148563,0.0287585471388147,16.2973880767822,17.722856509427,0.16977898600528,1.11051589226453,177.964065551758,-15.3709286757949,-36.2860946788128,-177.964065551758,4.37023639678955,15.9850950241089,10.8800001144409,15.9980001449585,39.689998626709,990.980990139943
2.275,-0.128551493492851,-0.0615501520068279,0.483494489501667,5.60044188735571,0.450385328502902,-28.9153630401913,-0.0601481009637701,1.42473395893268,-0.000804165497200537,-0.138312226661554,-0.00287815085981444,-2.60416255820394,-0.0173846798694582,1.29980261282592,0.0259849536094565,13.495338628673,9.51515306485585,3.44028560900608,-6.52024079944578,-15.4087211963154,2.13439420754166,7.43737532087947,-5.77138119472804,-2.81,0.287326778817383,0.0253382610474484,16.3538677422506,17.6674956954326,0.169778722353538,1.11051585033958,177.760986328125,-15.6386970264064,-37.0350748326291,-177.760986328125,4.36491966247559,16.0841522216797,15.670802116394,15.8676271438599,39.689998626709,990.970092341585
2.3,0.235793697655905,-0.0623385647560652,0.496674787465967,6.15801191252334,0.455724476254714,-30.2091844697498,0.0101862451592287,1.1425971733829,0.0119750025939911,-0.138475090265274,0.0103490315377712,-2.60532307624817,-0.00497034704312682,1.20043659210205,0.0293269641697407,13.4219027324502,9.463889324575,3.45477239669619,-6.52317048532901,-15.3359179324803,1.97635887624007,7.43759491241157,-5.77122856600441,-2.81,0.292136147843561,0.0223938560844672,16.452357076249,17.5867985847365,0.169778458701796,1.11051580841463,177.557922363281,-15.906465378436,-37.7840549865242,-177.557922363281,4.35960340499878,16.1832084655762,16.9799995422363,15.8319997787476,39.689998626709,990.959194543227
2.325,0.260231356159882,-0.0541191784439287,0.507064817783218,6.26020226884901,0.271765690956907,-30.3092292223822,0.0148367562382014,0.775339151265508,0.0155057174203926,-0.138849630490048,0.036293969500767,-2.60701287362643,-0.00883735806360872,0.626950885744487,0.0262063487030813,13.3327386624164,9.46029095898526,3.4615275523057,-6.51367192479415,-15.3017760357843,1.63368493632254,7.43803950298008,-5.77093607517608,-2.81,0.299607784113441,0.0219351860501766,16.4953002929688,17.4709329439476,0.169778227692651,1.11051577168039,177.380004882812,-16.1410814578099,-38.4403042640711,-177.380004882812,4.35494565963745,16.2700004577637,16.9799995422363,15.8319997787476,39.689998626709,990.948957335274
2.35,0.256228366535622,-0.0315312799906118,0.506989071073208,5.78676439780763,0.233624346880183,-29.3394440707904,-0.0127739817993601,0.421308031472907,0.0138116300037123,-0.139180213212967,0.0446817986667156,-2.60747146606445,-0.0065941815264523,0.31010714173317,0.0155278733000159,13.3883059432828,9.43723327109919,2.93032653916987,-6.60841508301829,-15.2393382879223,0.993146568763964,7.43886978954231,-5.77040383108337,-2.81,0.271144462055262,0.0205785204864919,16.4953002929688,17.3623401608851,0.169778227692651,1.11051577168039,177.380004882812,-16.1410814578099,-38.4403042640711,-177.380004882812,4.35494565963745,16.2700004577637,16.9799995422363,15.8319997787476,39.689998626709,990.943395074808
2.375,0.258463836809844,-0.0312407552813796,0.50510066578253,5.22120387187691,0.256341463967506,-27.7680789339785,-0.0465454531913654,0.0991863931674129,0.00764456548366892,-0.139889674436656,0.0454726998279622,-2.60750928726663,-0.0329457649003801,0.122145754377448,0.00861973052672307,13.3729125412715,9.43243008077015,2.73212771736475,-6.60441956133433,-15.2000616191713,0.780908419962893,7.43970007610454,-5.76987158699065,-2.81,0.26014525020017,0.0203001886221034,16.537095911098,17.2933629960831,0.169778227692651,1.11051577168039,177.380004882812,-16.1410814578099,-38.4403042640711,-177.380004882812,4.35494565963745,16.2700004577637,16.9799995422363,15.8319997787476,39.689998626709,990.937832814343
2.4,0.253745560293501,-0.0293285070781926,0.503212227802248,4.65754794293297,0.355142518480934,-25.7668521469334,-0.111948885837125,-0.294859636892748,0.00892781822861902,-0.142292044704042,0.0305182284582393,-2.60604330348393,-0.0523279014817938,-0.379390728515655,-0.00523172864488576,13.3406285498312,9.44899275259219,2.43915486986045,-6.54590560594133,-15.1628364062693,0.666950175872537,7.44053036266678,-5.76933934289794,-2.81,0.239606797053193,0.021258578738765,16.6124709147327,17.2031206677463,0.169778227692651,1.11051577168039,177.380004882812,-16.1410814578099,-38.4403042640711,-177.380004882812,4.35494565963745,16.2700004577637,19.2543392181396,15.6919803619385,39.689998626709,990.932270553877
2.425,0.253745560293501,-0.0293285070781926,0.501323829669345,3.97495462408913,0.418379863480586,-22.3016727319042,-0.0888093373567599,-0.899164525661732,0.00288263513840768,-0.144879598245123,0.0123595742271745,-2.60427885876453,-0.0650775717401558,-0.903888465301888,-0.0190408955974728,13.2704841970153,9.44289240074748,2.12486458186797,-6.46793727610468,-15.0872102475439,0.575231731902083,7.4412225777405,-5.76889858628453,-2.81,0.217311253586239,0.0209779418404738,16.646764755249,17.0808505038495,0.169778204649365,1.11051576741997,177.370452880859,-16.1682920848888,-38.5057654802849,-177.370452880859,4.35365676879883,16.2854957580566,19.9200000762939,15.6510000228882,39.689998626709,990.929584431198
2.45,0.246563915219428,-0.0112645398584213,0.499435438556521,3.11234908398734,0.535291856782607,-16.6188222671293,0.0127640240140094,-1.65684826813182,-0.0177918747488231,-0.146592010602892,-0.0133759205905879,-2.60209345662744,-0.0426594255401851,-1.49682447253198,-0.0418916030295268,13.1817819832842,9.42136719871615,1.68031026812795,-6.39123511380217,-14.976089620084,0.462419891843395,7.44150440291614,-5.76872975791429,-2.81,0.186119811315429,0.0200532639076745,16.646764755249,16.9360234446403,0.169777935811031,1.11051571771514,177.259017944336,-16.485749408846,-39.269479669945,-177.259017944336,4.33861541748047,16.4662742614746,19.9200000762939,15.6510000228882,39.689998626709,990.957577111586
2.475,0.192495925659494,0.0104010098066026,0.497547008912032,2.29734975351269,0.37485086095704,-8.89787434820949,0.0871727612664202,-2.34366060920967,-0.0499321469853863,-0.145137655936843,-0.0770071334732085,-2.59787941711574,0.04244600416649,-2.22813828406088,-0.10126481585289,13.1245230293939,9.42497502967832,0.896194507842916,-6.33846652766442,-14.880333090445,0.534745593832485,7.44178622809179,-5.76856092954406,-2.81,0.12733525754389,0.0215583407294105,16.6921059455512,16.8554762914656,0.169777666972698,1.1105156680103,177.147583007812,-16.803206731385,-40.033193859605,-177.147583007812,4.32357406616211,16.6470527648926,14.9606838226318,15.847993850708,39.689998626709,990.985569791974
2.5,0.134173636321286,0.00949660316124492,0.495658596612193,1.72270790960254,0.44200865786394,0.396676141365355,0.165678284477147,-2.79891703651513,-0.0894901442375657,-0.143268407821448,-0.156920090092976,-2.59308553725561,0.0602258316846335,-2.7897538995148,-0.163213534123383,13.0635666302952,9.43212299329411,0.352948811549461,-6.24930226968227,-14.81811397326,1.05641352981887,7.44206805326744,-5.76839210117383,-2.81,0.0787537384884512,0.0236081409323468,16.77676958408,16.8612052020557,0.169777398134364,1.11051561830546,177.0361328125,-17.1206640553422,-40.7969080491074,-177.0361328125,4.30853319168091,16.8278293609619,13.4499998092651,15.9079999923706,39.689998626709,991.013562472361
2.525,0.0486106620534599,0.0071880377315744,0.493770184312354,1.12949504944101,0.346638465942543,7.40606227005565,0.23900027878429,-2.92552890475046,-0.12588612452107,-0.137104748433173,-0.267425426042111,-2.58907309267314,0.216336695181193,-2.97178164511611,-0.200191447465048,13.0336129960889,9.495060337826,-0.866571603004711,-6.31051206836152,-14.8019436810873,1.36458257019964,7.44239732511951,-5.76819924055655,-2.81,-0.0148905462750782,0.0301006135352485,16.81689453125,16.9758120582649,0.169777142097856,1.11051557096752,176.929992675781,-17.4230043629949,-41.5242548964178,-176.929992675781,4.29420804977417,17,13.4499998092651,15.9079999923706,39.6898803710938,991.041850971726
2.55,-0.00147698692709087,0.0171458752946449,0.491881772674983,1.63840244578583,0.0861487149061964,15.2764474496208,0.323354838187438,-2.83363871819451,-0.163413633518714,-0.131256610155106,-0.321410655975342,-2.58847403526306,0.344707101583481,-2.79214882850647,-0.239709332585335,12.914030348166,9.59208558532322,-1.8495976917413,-6.38744640749412,-14.8351714693093,1.14870065656548,7.44284000412509,-5.76794893800794,-2.81,-0.0821827433823973,0.0375051596128594,16.81689453125,17.0047833725646,0.169777142097856,1.11051557096752,176.929992675781,-17.4230043629949,-41.5242548964178,-176.929992675781,4.29420804977417,17,8.28584861755371,16.034065246582,39.6874046325684,991.076055850623
2.575,-0.073121741257702,0.0203175556875844,0.489993367385173,1.33121548729372,0.303082971134705,20.0049970006141,0.358357311269055,-2.52158512238358,-0.192163641376414,-0.120508845507236,-0.392446711044158,-2.58922705332103,0.331276037196356,-2.20294643684917,-0.23078230873183,12.971613986508,9.5880597111104,-1.7702493014427,-6.26776457262682,-14.7945873474158,2.27216934004825,7.44328268313067,-5.76769863545933,-2.81,-0.0880064355043116,0.0393818775124341,16.7234185146836,17.1844692053199,0.169777142097856,1.11051557096752,176.929992675781,-17.4230043629949,-41.5242548964178,-176.929992675781,4.29420804977417,17,6.65000009536743,16.0739994049072,39.684928894043,991.11026072952
2.6,-0.26377486622042,0.012543654617734,0.488104948749913,0.646067292683525,-0.0938998927581824,22.5541196199864,0.362660091259849,-1.87584958220042,-0.196448172606389,-0.110077613675896,-0.424936086887872,-2.59244783139198,0.364873483732461,-1.36713885696191,-0.220083299046738,13.0366685755064,9.62877244618183,-2.12707530279695,-6.37294406586948,-14.8460266907828,2.48465513534156,7.44372536213625,-5.76744833291072,-2.81,-0.110810603533414,0.0430593623344262,16.5424695284861,17.3595596742835,0.169777142097856,1.11051557096752,176.929992675781,-17.4230043629949,-41.5242548964178,-176.929992675781,4.29420804977417,17,6.65000009536743,16.0739994049072,39.6824531555176,991.144465608417
2.625,-0.263765111556766,0.00641544068557576,0.486216524777106,-0.148347899483433,0.576312605736069,21.9315110700047,0.374998561856802,-0.976851967782815,-0.201606227715705,-0.0991762418702391,-0.444962776280606,-2.59643010335452,0.455531396979324,-0.495294372319752,-0.223296212762521,13.2374545600035,9.63422808425752,-2.11173681625086,-6.47798088533006,-14.8963243865116,2.93994384468136,7.44376060766793,-5.76742561983069,-2.81,-0.108386703869247,0.0442248370284316,16.4532814025879,17.612879750545,0.169777142097856,1.11051557096752,176.929992675781,-17.4230043629949,-41.5242548964178,-176.929992675781,4.29420804977417,17,6.65000009536743,16.0739994049072,39.6800003051758,991.178374956239
2.65,-0.263747704938879,-0.00451999307417134,0.484328122813156,-0.446601755292694,0.227104199456698,18.9611599374405,0.542303489142853,-0.122134509653493,-0.196790594325263,-0.0949374009042911,-0.44400621710518,-2.59791532434258,0.475125159215301,-0.243541245335993,-0.210036417327705,13.4824415632822,9.60747733313989,-1.384214969132,-6.38147287113162,-14.8794869907634,3.72472457795182,7.44334963917749,-5.7676521587603,-2.81,-0.0641005328789341,0.042597806298922,16.4532814025879,17.8003897922754,0.169777142097856,1.11051557096752,176.929992675781,-17.4230043629949,-41.5242548964178,-176.929992675781,4.29420804977417,17,6.65000009536743,16.0739994049072,39.6800003051758,991.181549072266
2.675,-0.263735936710919,-0.0119131970932843,0.482439705348901,-0.399946718134237,0.074391786163493,13.8706944892678,0.44108536556697,0.492463251564272,-0.175912474550479,-0.0717551851035576,-0.419249089398261,-2.60707794463126,0.434315322366872,0.783911827184467,-0.156345519782084,13.7302318692203,9.62049121073045,-0.686965228877185,-6.41026201457901,-14.8887674866218,4.33338010999948,7.44293867068706,-5.76787869768991,-2.81,-0.00898449306786933,0.0446027689059564,16.3478487932457,18.059060355463,0.169777142097856,1.11051557096752,176.929992675781,-17.4230043629949,-41.5242548964178,-176.929992675781,4.29420804977417,17,6.65000009536743,16.0739994049072,39.6800003051758,991.184723188292
2.7,-0.262938999151349,-0.0373203372985104,0.47878916392921,-0.847952316216777,0.193254755648239,7.49748888349983,0.48159676179113,0.927875436450749,-0.159084957786391,-0.0589975248759234,-0.38642670178265,-2.61061243820676,0.421452753249707,1.1672295117825,-0.105621218603226,13.8803761421496,9.60928323979523,-0.336986386622604,-6.53266707584595,-14.9374149088818,4.39484047162239,7.44252770219662,-5.76810523661953,-2.81,0.0236583258662207,0.0443018985637254,16.1359794544724,18.2014294815434,0.169777142097856,1.11051557096752,176.929992675781,-17.4230043629949,-41.5242548964178,-176.929992675781,4.29420804977417,17,5.25632095336914,16.1298961639404,39.6800003051758,991.187897304319
2.725,-0.243939689298165,-0.083504605056137,0.471985477557624,-0.934127561201559,-0.659760624711657,1.76431017156055,0.426447987986822,1.3184751330593,-0.132014967926256,-0.047463892372354,-0.351421997160066,-2.61319685044195,0.445621887468337,1.48775675654621,-0.0632818491114184,14.0003104308768,9.62403697993383,-0.186616844757279,-6.70110637018197,-15.0329351937466,4.21564214265402,7.44211673370618,-5.76833177554914,-2.81,0.0450830117148542,0.0454909146468119,16.0275344848633,18.3091038497101,0.169777142097856,1.11051557096752,176.929992675781,-17.4230043629949,-41.5242548964178,-176.929992675781,4.29420804977417,17,4.78000020980835,16.1490001678467,39.6800003051758,991.191071420346
2.75,-0.243938250317525,-0.0844086219979909,0.46470154897877,-1.06717884498203,-0.318086456212268,-5.53583605970726,0.3528814265784,1.67707718353228,-0.0800416377343905,-0.0374845750629902,-0.321134656667709,-2.61543297767639,0.466533899307251,1.76508855819702,-0.0266482904553413,14.1217361136096,9.6376335618901,0.268585199172693,-6.77086843189074,-15.081222764835,4.3693947109824,7.44096801440855,-5.76897561777619,-2.81,0.0809728817805981,0.0466423271014142,16.0275344848633,18.4455401254706,0.169776877161815,1.11051551764442,176.91796875,-17.7635710020084,-42.2768834781663,-176.91796875,4.29034519195557,17.0890102386475,4.78000020980835,16.1490001678467,39.6800003051758,991.181515387769
2.775,-0.181280910514729,-0.110055895920396,0.457417630697096,-0.30327585451345,-0.325365988264529,-12.9738348812074,0.257815747152868,2.07824122366611,-0.0474112474611767,-0.0330779119493874,-0.250807071974401,-2.61551599978976,0.145227459148804,2.34079161315038,4.67227071242705e-05,14.2745604330519,9.6310845186186,1.55861458429582,-6.83277383768094,-15.1580096533656,4.74321505053121,7.43958917800063,-5.76974962404778,-2.81,0.167641624132267,0.0454968847206554,16.0874171346988,18.6786195964544,0.169776604433538,1.11051546275299,176.905578613281,-18.1141543072505,-43.0516481945121,-176.905578613281,4.28636884689331,17.1806373596191,4.78000020980835,16.1490001678467,39.6800003051758,991.171584939057
2.8,-0.122232237554008,-0.119892180272467,0.450133808907267,1.07129576087382,-0.482663814104538,-20.8426444117078,0.123911695966954,2.34929149849658,-0.0302743247865457,-0.0307697626890237,-0.205272291478995,-2.6153519023242,0.0772370618629013,2.48837721418141,0.0109999053085123,14.322991278275,9.65417363486494,1.96002464807859,-6.95498850860928,-15.2692005652572,4.54670136404416,7.43843970222805,-5.77039452793245,-2.81,0.200029100159954,0.0464160315960306,16.2125185120781,18.7488438778228,0.16977633170526,1.11051540786157,176.893203735352,-18.4647376110746,-43.8264129110156,-176.893203735352,4.28239250183105,17.2722644805908,4.19132089614868,16.2292079925537,39.6800003051758,991.161654490345
2.825,-0.0813288821807246,-0.129478368303793,0.46865006301455,2.90968373607437,-0.555471548428875,-27.2535248255377,-0.0311761762402612,2.36431086600143,-0.0351961552883907,-0.0322637718721973,-0.167560919352926,-2.61521241687156,0.0214977136782227,2.43773142199377,0.0116528593749716,14.3094451092546,9.68353612386975,2.22822304552078,-7.02435623732106,-15.3585226841214,4.2743735857069,7.43859858309712,-5.77030298475801,-2.81,0.222268055028731,0.0475727607230345,16.278923034668,18.7429818396801,0.169776058976983,1.11051535297014,176.880828857422,-18.8153209163168,-44.6011776274402,-176.880828857422,4.2784161567688,17.3638935089111,3.98000001907349,16.257999420166,39.6800003051758,991.151724041633
2.85,-0.0631929937145068,-0.130067864538517,0.496583764145153,4.37021575565616,-0.528701847038585,-31.309978769506,-0.240024145592685,2.04213263738126,-0.0376696067157577,-0.0418584318864415,-0.08627464137229,-2.61515658091358,-0.302891174074304,1.87742753831321,0.0081201024844174,14.1986003963661,9.7024251036999,2.56690889572179,-7.14494103862684,-15.4884381197542,3.37408203110437,7.43875746396619,-5.77021144158357,-2.81,0.255679517808933,0.0473197400744342,16.278923034668,18.5841615993369,0.169776040795098,1.11051534931071,176.880004882812,-18.8386931365717,-44.6528286085615,-176.880004882812,4.27815103530884,17.3700008392334,3.98000001907349,16.257999420166,39.6800003051758,991.149848794037
2.875,-0.00919658057936575,-0.119361605696425,0.495700877988814,5.50069347550376,-0.4393320982501,-34.5308981200046,-0.362278957831846,1.56409457334044,-0.0280151198530834,-0.0540295105345117,-0.0521090086031652,-2.61594983154852,-0.437486043999888,1.27169685906521,0.00662862432227615,14.0612957983552,9.6904248495825,2.76425495423084,-7.11558735004233,-15.486613601584,2.9662593557189,7.43891634483527,-5.77011989840912,-2.81,0.270043810272297,0.0454771417115835,16.3985648020259,18.4284833839514,0.169776040795098,1.11051534931071,176.880004882812,-18.8386931365717,-44.6528286085615,-176.880004882812,4.27815103530884,17.3700008392334,3.98000001907349,16.257999420166,39.6800003051758,991.14854891795
2.9,0.0131609109143595,-0.105581569274322,0.494817983720054,5.74029889846435,-0.403424243782556,-34.5478138126282,-0.471089238287119,0.981068971323488,-0.00723538105989395,-0.0645117674771844,-0.0351441489178121,-2.61545162604503,-0.490793897967501,0.67920811172638,0.0217153343896014,13.9469245371445,9.70315079061777,2.58995144326881,-7.04701496624216,-15.4829966889515,2.44787282844417,7.43910142468703,-5.77001303398041,-2.81,0.261570763754235,0.0451794777975306,16.6588164815363,18.2163345998413,0.169776040795098,1.11051534931071,176.880004882812,-18.8386931365717,-44.6528286085615,-176.880004882812,4.27815103530884,17.3700008392334,4.32141494750977,16.2144145965576,39.6800003051758,991.147249041863
2.925,0.0105362448965143,-0.0673759978978172,0.493935082824632,5.33438158434369,-0.310475851326951,-33.0691134446757,-0.525731472050436,0.391935074075359,0.0248815404074339,-0.0782451442720482,-0.0336928392279768,-2.61410658179245,-0.555845558741504,0.194255137153558,0.0462384129603686,13.8415659064682,9.69177060264752,2.44347453263977,-6.94482116709063,-15.4487439200776,2.14375889458203,7.43988076866188,-5.76955864186944,-2.81,0.249171228121587,0.0431566542358371,16.8018932342529,18.031805362081,0.169776040795098,1.11051534931071,176.880004882812,-18.8386931365717,-44.6528286085615,-176.880004882812,4.27815103530884,17.3700008392334,4.44999980926514,16.1979999542236,39.6800003051758,991.145949165776
2.95,0.00872122535458138,-0.0619539420733336,0.493052186762598,4.45384545118511,-0.336332743941963,-30.2918620615449,-0.589134645485387,-0.0787590355058238,0.0646349559962471,-0.0930114633462915,-0.0363379416352836,-2.61245965008065,-0.643582771558123,-0.228383555371365,0.0676975465289558,13.7718475194717,9.67649605649981,2.2841536439085,-6.86696521654785,-15.4222234264219,1.8749749865696,7.44066011263674,-5.76910424975847,-2.81,0.233910122894718,0.0407853584897582,16.8018932342529,17.8840667361754,0.169775800894653,1.1105153032653,176.72038269043,-19.1327782402739,-45.3343362332467,-176.72038269043,4.29003000259399,17.0840110778809,4.44999980926514,16.1979999542236,39.6800003051758,991.159899153799
2.975,-0.00481720146536685,-0.0394281070556289,0.4921692900779,3.3339482078786,-0.284263592480996,-26.6761702022241,-0.676819066116477,-0.385246060474519,0.118715490427004,-0.10707884693179,-0.0465015028786967,-2.60938130917105,-0.712698581088394,-0.432076266885035,0.105801694113595,13.7735617030777,9.66986266733005,1.95709515400567,-6.83421283842374,-15.4250844255839,1.55169996393579,7.4414394566116,-5.7686498576475,-2.81,0.207056688937957,0.0388452239724847,16.8572531781107,17.778228359119,0.169775532920751,1.1105152518316,176.542083740234,-19.4612775570473,-46.0955947502661,-176.542083740234,4.30329895019531,16.7645530700684,4.44999980926514,16.1979999542236,39.6800003051758,991.175633700389
3,-0.00931374005788842,-0.0321979056634057,0.491286398849159,3.00277965376532,0.123464535771455,-23.651345018057,-0.71603160152452,-0.566919402521911,0.159623372992197,-0.121108798927448,-0.0570095875888403,-2.60619953303964,-0.775428280372278,-0.636975911403047,0.143473121330834,13.8101054230084,9.64899714247067,1.63232101324519,-6.84878497312419,-15.4285847827529,1.24078424136064,7.44221880058646,-5.76819546553653,-2.81,0.179620338952873,0.0361334545100076,16.9828547711642,17.7190508659594,0.169775264946849,1.1105152003979,176.363784790039,-19.7897768752389,-46.8568532672067,-176.363784790039,4.31656837463379,16.4450950622559,6.82320785522461,16.1191329956055,39.6800003051758,991.191368246978
3.025,-0.0354028428225875,0.00866114674300418,0.490403499126447,2.19955648602514,0.426255058486803,-18.7332681098961,-0.580876497212385,-0.867145229571414,0.205071438341162,-0.133997507835803,-0.078021768611536,-2.59986414434819,-0.64345334102219,-0.87867345720969,0.167951437324854,13.8260272916764,9.55054329761162,1.34562135032248,-6.83353203600696,-15.3687018852652,1.1350978120363,7.44300638940809,-5.76773934422611,-2.81,0.152837546720347,0.028940821620481,17.0542869567871,17.6511140689001,0.169774996972948,1.1105151489642,176.185470581055,-20.1182761920123,-47.6181117842261,-176.185470581055,4.32983684539795,16.1256370544434,7.76000022888184,16.0879993438721,39.6800003051758,991.207102793568
3.05,-0.0422194644275269,0.0308243842741811,0.489512362813392,1.05312586360063,0.506323829464156,-13.0051001349097,-0.439836425382531,-1.1210864969837,0.20662919271597,-0.145438705188227,-0.102872173482579,-2.59281636503515,-0.471880215899036,-1.11083721778611,0.186033633595796,13.899374697945,9.4193383786671,0.8998304796902,-6.90765439649855,-15.3002746865258,0.955066821366046,7.44381873139993,-5.76727803141011,-2.81,0.116528744597322,0.0200448782617385,17.0542869567871,17.6357175736229,0.169774728628575,1.11051509678956,176.024154663086,-20.4515077924342,-48.3804227323435,-176.024154663086,4.31884002685547,16.3814144134521,7.76000022888184,16.0879993438721,39.6800003051758,991.228498926703
3.075,-0.0702868621330132,0.0478934849044143,0.488128258882947,0.0450658536412966,0.66005485075753,-7.0658699367284,-0.165420055638826,-1.20281644961552,0.191794342818553,-0.153586605090449,-0.138502511866047,-2.5833688001261,-0.201857524844548,-1.25851649969212,0.175666685042452,14.0567396989011,9.21484117583708,0.25132696933188,-7.10087627087022,-15.2158189000943,0.79044638616545,7.44463107339176,-5.76681671859411,-2.81,0.0680945944697957,0.00718318040325104,17.0644717981231,17.7149270477647,0.169774460222458,1.11051504449143,175.865661621094,-20.7855281070339,-49.142909085565,-175.865661621094,4.30379962921143,16.7330665588379,8.40601444244385,16.0809001922607,39.6800003051758,991.250838657595
3.1,-0.11718249903604,0.0590244840183958,0.486003788083646,-0.348587587235315,0.636412605132251,-2.44355915167181,0.0398151211422692,-1.06299918137614,0.182531415749585,-0.15386685058994,-0.172730655774461,-2.57389921424798,0.0410475267803831,-1.04075584255354,0.158515946220269,14.1826598896563,9.08988895763852,-0.118555903867074,-7.17891120137868,-15.2101631698826,0.949815044350311,7.44544341538359,-5.7663554057781,-2.81,0.0403614664220441,-0.000625303609895426,17.0886178826386,17.8099259462216,0.16977419181634,1.11051499219329,175.707168579102,-21.1195484202154,-49.9053954388653,-175.707168579102,4.28875827789307,17.084716796875,8.67000007629395,16.0779991149902,39.6800003051758,991.273178388488
3.125,-0.133087994958842,0.0785874710714408,0.483879321680605,-0.757473647909231,0.836929412215498,-0.0856196160971006,0.289068192312003,-0.739375802758341,0.163806212875973,-0.145274472272384,-0.191078638644669,-2.56742930855438,0.364318962970338,-0.570468940538119,0.144501216866758,14.3266097773947,8.95662274637007,-0.21117289378567,-7.25365566058404,-15.2104410429728,1.2427371248699,7.44579611681315,-5.76616684480629,-2.81,0.0360262406474344,-0.00830637068390351,17.1028079986572,17.9357987246032,0.169773923410222,1.11051493989516,175.548690795898,-21.4535687348151,-50.6678817921657,-175.548690795898,4.27371644973755,17.4363670349121,8.67000007629395,16.0779991149902,39.6800003051758,991.29551811938
3.15,-0.136135205826799,0.069406848782604,0.481754862583412,-1.07117485911625,0.647837443355106,-0.0564624495172295,0.537207330350538,-0.309740003107843,0.140118222845624,-0.12891257573643,-0.194066113431518,-2.56349142212674,0.629605922496596,-0.0745934953824174,0.115613541043196,14.5126636762804,8.81851842216299,-0.181420536640568,-7.37236612272198,-15.2244928069249,1.50984240184431,7.44556926420782,-5.76632219262932,-2.81,0.0452710519259148,-0.0156592602384812,17.1028079986572,18.1021887869153,0.169773874841496,1.11051493043169,175.520004272461,-21.5140105058258,-50.8058555132173,-175.520004272461,4.27099514007568,17.5,8.67000007629395,16.0779991149902,39.6779708862305,991.313227815448
3.175,-0.13425037880885,0.0509284737387169,0.4796303990877,-1.00996252736705,0.625705784503587,-1.08507764587433,0.702698882130954,0.0624773434908123,0.12997522380154,-0.107192466637589,-0.188159965733445,-2.56078849713008,0.82246762074591,0.244018812251045,0.114018576301453,14.670697876974,8.70971933773371,-0.0865336539545513,-7.46123573658363,-15.2441311207996,1.7442771763129,7.44534241160248,-5.76647754045235,-2.81,0.0623280762114906,-0.0207983787751325,17.1061032583129,18.2420785568897,0.169773874841496,1.11051493043169,175.520004272461,-21.5140105058258,-50.8058555132173,-175.520004272461,4.27099514007568,17.5,8.67000007629395,16.0779991149902,39.6754913330078,991.329914596845
3.2,-0.125036620761338,0.0293602637733724,0.477505935591989,-0.872022006559836,0.607755237986134,-3.09526134773138,0.85142371085304,0.336706304476679,0.122444157701261,-0.0855283334845469,-0.175359346493222,-2.55875690052333,0.952780120003167,0.478884181104932,0.115227516188564,14.7799929445829,8.6316144429399,-0.0167638056050663,-7.52784940207962,-15.2615072944572,1.83606068513717,7.44511555899714,-5.76663288827537,-2.81,0.0792134922390383,-0.0239634870992315,17.114283255811,18.328344158837,0.169773874841496,1.11051493043169,175.520004272461,-21.5140105058258,-50.8058555132173,-175.520004272461,4.27099514007568,17.5,6.79207515716553,16.1233768463135,39.6730194091797,991.346601378243
3.225,-0.116464429211392,0.0058141173681418,0.475381472096278,-0.846694221219218,0.631277261033954,-5.7029618583463,0.925681287564975,0.601560340790563,0.118601279432508,-0.0634504671871365,-0.161133327350135,-2.55682469876669,1.04730756798026,0.727475777681199,0.116399540410024,14.8733852627581,8.57613110253648,0.0359131553505356,-7.58351954423844,-15.2874592763724,1.88486705431981,7.44490975959001,-5.76677381651847,-2.81,0.0955144894535455,-0.0255048631360614,17.1192455291748,18.3994270460626,0.169773874841496,1.11051493043169,175.520004272461,-21.5140105058258,-50.8058555132173,-175.520004272461,4.27099514007568,17.5,5.98000001907349,16.1429996490479,39.6705436706543,991.36328815964
3.25,-0.102059831350816,-0.0183711819675427,0.473257027366582,-0.533140447343433,0.588618373363227,-9.13763130694104,0.994161462100215,0.882847702125378,0.110159432233603,-0.0421360010384804,-0.13477565978469,-2.5543124431988,0.937640245293039,1.00339781864553,0.109806090371613,15.0414827854603,8.46412656406483,0.233968860735849,-7.73021598882721,-15.315949582844,1.89942976902596,7.44476255039253,-5.7668746156466,-2.81,0.121023601514405,-0.0298911301695382,17.1192455291748,18.5376248517528,0.169773659490918,1.11051488385116,175.479400634766,-21.8115133686014,-51.4176220350819,-175.479400634766,4.267822265625,17.5193405151367,5.98000001907349,16.1429996490479,39.6699981689453,991.36667186809
3.275,-0.07318071399387,-0.0518527473733945,0.471132530661657,0.0174635442381503,0.409112904130787,-13.0134132097382,0.966283304079097,1.08292839695776,0.0955170076756011,-0.0184268766696943,-0.107205418964788,-2.55200576313083,0.887342853300725,1.03831057390615,0.0809085772705224,15.1089616657128,8.46765390367685,0.262021909621981,-7.76655256074914,-15.3871990001544,1.72200725327259,7.44461534119504,-5.76697541477473,-2.81,0.139072840059532,-0.0274341164162933,17.1593902425946,18.559833526127,0.169773383737129,1.11051482420535,175.427383422852,-22.1924621562155,-52.2009816057882,-175.427383422852,4.26375961303711,17.5441036224365,5.98000001907349,16.1429996490479,39.6699981689453,991.366324226811
3.3,-0.0687484154762328,-0.0554815026868457,0.469008081609144,0.633344984429349,0.397206743146266,-16.0809507904322,0.883748181622204,1.10904581396365,0.0673247696085628,0.00528224769909231,-0.0796351781448858,-2.54969908306285,0.83704546130841,1.07322332916677,0.0520110641694309,15.1363371798859,8.48382924838465,0.289457963236158,-7.76705880766906,-15.4427100817607,1.53731930981166,7.44446813199756,-5.76707621390285,-2.81,0.157189954516359,-0.0238378982734627,17.2639647429844,18.544746635166,0.16977310798334,1.11051476455955,175.375381469727,-22.5734109452477,-52.9843411764945,-175.375381469727,4.25969648361206,17.5688667297363,5.87669801712036,16.1788120269775,39.6699981689453,991.365976585532
3.325,-0.0551455830565062,-0.0720151326313968,0.466883602199096,1.09074739974979,0.073056689203302,-19.0717216872054,0.764482702675744,0.992194017553837,0.0293488571628762,0.0189305817445481,-0.055973569626906,-2.54812412882884,0.648245111435883,0.902196874416649,0.0213490871252505,15.2398098743745,8.47055044460411,0.365604332290347,-7.85736736502004,-15.5080490198753,1.37763930610196,7.44444152544305,-5.76710717302768,-2.81,0.171443019712853,-0.0226730486731421,17.3293857574463,18.6163268756737,0.169772832229551,1.11051470491374,175.323364257812,-22.9543597328618,-53.7677007472008,-175.323364257812,4.25563383102417,17.5936317443848,5.82999992370605,16.1949996948242,39.6699981689453,991.365628944253
3.35,-0.0158538733887172,-0.117835852773151,0.464759174129744,1.484233677967,0.0440704265211186,-20.7930287661335,0.561997289652295,0.806083584956302,-0.0103690648716593,0.0330171622740608,-0.0391777613591481,-2.54768202087283,0.463770514397387,0.708977894396105,-0.0254022767455493,15.2521118381211,8.54956024316476,0.262405702681605,-7.83601241212257,-15.5911743052426,1.14146655117965,7.4448117551647,-5.76690832751343,-2.81,0.175675632971617,-0.016256616551207,17.3293857574463,18.5912311894024,0.169772761321433,1.11051468957625,175.309997558594,-23.0523179923314,-53.9691360653959,-175.309997558594,4.25458908081055,17.6000003814697,5.82999992370605,16.1949996948242,39.6699981689453,991.362025134968
3.375,-0.00534346238810031,-0.130760737988613,0.462634685310059,1.82330723644974,0.317433424430638,-21.6204327741845,0.420690415674961,0.590363607246282,-0.051690631750978,0.0388418605650344,-0.028794827596121,-2.5480591562134,0.382625384022149,0.518467777751615,-0.0504591668545673,15.2620588936116,8.64268914697874,0.0281500391023694,-7.80831268035884,-15.6847937470181,0.802999369441146,7.44518198488635,-5.76670948199918,-2.81,0.167774743903365,-0.0102028116990305,17.3703014040893,18.5496970173171,0.169772761321433,1.11051468957625,175.309997558594,-23.0523179923314,-53.9691360653959,-175.309997558594,4.25458908081055,17.6000003814697,7.15231132507324,16.1445617675781,39.6699981689453,991.357294190605
3.4,-0.000755362198401374,-0.137469091129475,0.461643827422787,1.91160515453271,0.163296506329567,-21.6735549744174,0.294690742249015,0.373858584712541,-0.080563521599748,0.0445259738216809,-0.0238098863351407,-2.54874904687956,0.294508439219875,0.433299638142214,-0.0764047802107405,15.2151508604404,8.67202359859657,0.0128879974359137,-7.76718820293068,-15.6779028884483,0.761001669966669,7.445552214608,-5.76651063648494,-2.81,0.170908715134904,-0.00754844582700888,17.4824209033318,18.5044648750132,0.169772761321433,1.11051468957625,175.309997558594,-23.0523179923314,-53.9691360653959,-175.309997558594,4.25458908081055,17.6000003814697,7.76999998092651,16.121000289917,39.6699981689453,991.352563246241
3.425,-0.00185142556519624,-0.138690873309419,0.462707255725027,1.8061368276029,0.137602321603462,-20.5595015445551,0.106574961969123,0.125989856824249,-0.10187507089619,0.048104184098516,-0.021017383294565,-2.55296644660496,0.0146556561577651,-0.0395636318485384,-0.115304060417522,15.1829038942848,8.79352704667546,-0.270390230037973,-7.73832213572101,-15.7421587750014,0.471812554579835,7.44599613085755,-5.76627166473507,-2.81,0.157860044888163,0.000321430147559591,17.5546875,18.4621813039772,0.169772761321433,1.11051468957625,175.309997558594,-23.0523179923314,-53.9691360653959,-175.309997558594,4.25458908081055,17.6000003814697,7.76999998092651,16.121000289917,39.6699981689453,991.347832301878
3.45,-0.00380058347525336,-0.142860840859977,0.464094647409066,1.59457869970068,0.125075723842859,-18.8473806403314,-0.0540223405401095,-0.163262201126399,-0.113659083926358,0.0416811754712508,-0.0272819462032007,-2.55623260669145,-0.16884064511622,-0.290171457668205,-0.114706377759778,15.1391667269085,8.94228143440911,-0.711310741869534,-7.66899554031914,-15.8381062044491,0.0750244491351733,7.44658755516935,-5.76595236699577,-2.81,0.13002461781284,0.00779753261653893,17.5546875,18.391642159254,0.169772566371449,1.11051464754016,175.262878417969,-23.3207961858447,-54.5229487131624,-175.262878417969,4.25693464279175,17.622688293457,7.76999998092651,16.121000289917,39.6699981689453,991.35013191655
3.475,-0.0130405528568428,-0.135546082156425,0.46548206461515,1.38075535876309,0.148068867493643,-16.324328363517,-0.22512744737534,-0.405440227995202,-0.11624699024529,0.0367307789681632,-0.0368551312290124,-2.55926414544944,-0.279407247944312,-0.429545737873802,-0.119235687535762,15.0782461364629,9.02083070813567,-0.823328552874876,-7.62521882914517,-15.8511403967802,0.0644131337176677,7.44717897948115,-5.76563306925647,-2.81,0.119992188435482,0.0116953725521804,17.589831896548,18.3618322783514,0.169772289753228,1.11051458789436,175.196014404297,-23.7017449734588,-55.3087639564305,-175.196014404297,4.26026248931885,17.6548805236816,7.76999998092651,16.121000289917,39.6699981689453,991.355376765413
3.5,-0.0154628765398088,-0.133099105510592,0.466869476157193,0.974771758622336,0.384683937966957,-13.5274162400092,-0.3200357776335,-0.55309249921287,-0.114602365289478,0.0307138816463305,-0.0481690300142109,-2.56266459425424,-0.381276349964073,-0.556455657485697,-0.123256841519633,15.0382390393766,9.09422221240113,-0.962913147657058,-7.611160623174,-15.8697576348595,0.0417056705482119,7.44777040379295,-5.76531377151716,-2.81,0.107400953488428,0.0152165113009327,17.6914136454744,18.3576527555628,0.169772013135007,1.11051452824855,175.129150390625,-24.082693762491,-56.0945791996986,-175.129150390625,4.26359081268311,17.6870765686035,9.81962203979492,16.0359344482422,39.6699981689453,991.360621614276
3.525,-0.0356318128900552,-0.119025477320592,0.468256886736594,0.595341515061478,0.337242019023094,-10.6815967492686,-0.363652662085424,-0.61055541094899,-0.118434328037432,0.0175165839641771,-0.0708384519371175,-2.5684623970506,-0.426819313904821,-0.598323127044137,-0.123806260413169,15.0100533306992,9.24561023562923,-1.35785002938452,-7.62534285708233,-15.9519257331228,-0.130299803467998,7.44832602791942,-5.76500968523312,-2.81,0.0750570268396749,0.0222655307102127,17.7588138580322,18.3893867587997,0.169771736516786,1.11051446860275,175.062271118164,-24.4636425501051,-56.8803944430455,-175.062271118164,4.26691865921021,17.7192687988281,10.8299999237061,15.9940004348755,39.6699981689453,991.365866463139
3.55,-0.0472709443897721,-0.113533825833304,0.476892417945007,0.351580190111349,0.327857432176833,-8.16963209512569,-0.438095849624329,-0.603174356353686,-0.116689673105071,0.00624361642583624,-0.0823130659433216,-2.57147088231886,-0.501150835099222,-0.593580288861175,-0.122746744747442,14.9409265129037,9.46370348844908,-1.62273098169549,-7.53018266966597,-16.0814724932425,-0.329872749361619,7.44879674192551,-5.76474167715609,-2.81,0.0530793504569245,0.0330411010585367,17.7588138580322,18.3563555784864,0.169771644310712,1.11051444872082,175.039993286133,-24.5906254802552,-57.1423328574945,-175.039993286133,4.26802825927734,17.7299995422363,10.8299999237061,15.9940004348755,39.6683464050293,991.371856977355
3.575,-0.0637660944968038,-0.0982990548869194,0.491888520606143,0.184946210906941,0.362466132061628,-5.75615072462498,-0.500862562180692,-0.551429813453555,-0.117468106738606,-0.00795963466258543,-0.0979154339496771,-2.5757618930078,-0.515761795891857,-0.487564117112786,-0.124955757353365,14.9465642990068,9.51000758615229,-1.63602675026179,-7.60652600112732,-16.0810030896871,-0.242309686640862,7.44926745593159,-5.76447366907905,-2.81,0.0422108326253047,0.0342313191914692,17.7775461358844,18.4309720159629,0.169771644310712,1.11051444872082,175.039993286133,-24.5906254802552,-57.1423328574945,-175.039993286133,4.26802825927734,17.7299995422363,10.8299999237061,15.9940004348755,39.6658706665039,991.378220324246
3.6,-0.072632728574452,-0.0855340335576991,0.496256212943252,0.0120933464993672,0.415733574034748,-4.4927096090166,-0.47223702870786,-0.458279419377265,-0.12436044395692,-0.0196471326683763,-0.106215000082987,-2.57920358690017,-0.49383535847862,-0.341298902820633,-0.130694759804898,14.9604556240642,9.55944221787015,-1.60145378761346,-7.6660026726732,-16.0921733349138,-0.192827933428121,7.44973816993767,-5.76420566100202,-2.81,0.0365904826663273,0.0359283703525913,17.8348288985918,18.4932995195662,0.169771644310712,1.11051444872082,175.039993286133,-24.5906254802552,-57.1423328574945,-175.039993286133,4.26802825927734,17.7299995422363,10.4007549285889,16.0164527893066,39.6633949279785,991.384583671138
3.625,-0.0764335265761249,-0.075151560676753,0.495345728587947,-0.207177691429793,0.414660832642533,-3.63248581224457,-0.472397071915887,-0.309755673595115,-0.132556831000285,-0.0301847515043093,-0.113040540532708,-2.582453845924,-0.453156873558006,-0.188582626673225,-0.137102431810722,14.9919198274143,9.60725875163908,-1.56979599833768,-7.7367079940715,-16.1133587350048,-0.156076905641529,7.45009165502094,-5.76400484578912,-2.81,0.0316364552262619,0.0377041070782806,17.8739223480225,18.5685572217302,0.169771644310712,1.11051444872082,175.039993286133,-24.5906254802552,-57.1423328574945,-175.039993286133,4.26802825927734,17.7299995422363,10.1800003051758,16.0279998779297,39.6609191894531,991.39094701803
3.65,-0.0796236612037078,-0.0655731420621519,0.494435252915698,-0.282789402293306,0.518404163462602,-4.03919534390286,-0.383197197791071,-0.101212381286902,-0.139230983403678,-0.0398226302901542,-0.11196477686026,-2.58592542359424,-0.386498640888472,0.0193565646567983,-0.143122110262374,15.0194747197481,9.71206189891039,-1.26874013175576,-7.74441016503937,-16.1722421622892,0.0341078767821583,7.45009005889495,-5.76400755478231,-2.81,0.0431356728052004,0.0427110783471463,17.8739223480225,18.6358024864726,0.169771466361223,1.11051441095749,175.029098510742,-24.8318141739955,-57.6478506099952,-175.029098510742,4.26851749420166,17.7984886169434,10.1800003051758,16.0279998779297,39.6599998474121,991.392845009858
3.675,-0.0773151676848924,-0.050865295933465,0.49352477105082,-0.339691537826529,0.431509652751197,-5.0911393297639,-0.331588551883727,0.144018725152548,-0.14367517805652,-0.0440386765930077,-0.10989075390197,-2.58805529762587,-0.309253488095492,0.161473930177207,-0.141612041197945,15.068939046713,9.74678167223193,-1.10947095577946,-7.79157934381321,-16.2043025653109,0.124388352945565,7.45008846276897,-5.76401026377551,-2.81,0.0497971314296964,0.0443079362082483,17.8831616077783,18.7061160018215,0.169771183259762,1.11051435087947,175.011764526367,-25.2155234619408,-58.4520833981074,-175.011764526367,4.26929521560669,17.9074516296387,10.1800003051758,16.0279998779297,39.6599998474121,991.392104382785
3.7,-0.0703071042395157,-0.044515872197118,0.492614292888143,-0.232772471660144,0.392118406800491,-6.77093952723986,-0.254514754333443,0.34788298758111,-0.150749855738202,-0.0527825130403815,-0.0933916780870944,-2.59369367785373,-0.274914414715408,0.430567628111127,-0.143306790029138,15.1194596976876,9.7845558134416,-0.7989647667078,-7.88697811630726,-16.2098483666997,0.101640721595738,7.45008686664298,-5.7640129727687,-2.81,0.0649553573640452,0.0460531411077859,17.9131536663703,18.7834685577503,0.169770900158301,1.11051429080145,174.994430541992,-25.599232748468,-59.2563161861408,-174.994430541992,4.27007293701172,18.016414642334,9.11896228790283,16.0735664367676,39.6599998474121,991.391363755712
3.725,-0.061153117079664,-0.0406219367754445,0.491703801699809,-0.0380441221506351,0.269914436963922,-8.38622539014197,-0.228258709885171,0.470076105813815,-0.154240735275413,-0.058759367670384,-0.0805388620088455,-2.59763348997183,-0.262982903059772,0.505381178007725,-0.145599294348936,15.1514917237564,9.80435948843423,-0.708764910884887,-7.96721018111243,-16.2084994381665,-0.0601832646715874,7.450085270517,-5.7640156817619,-2.81,0.0691298058387307,0.0469449521894961,17.9341907501221,18.8239669586016,0.169770617056841,1.11051423072343,174.977096557617,-25.9829420349953,-60.0605489742531,-174.977096557617,4.27085113525391,18.1253776550293,8.55000019073486,16.0979995727539,39.6599998474121,991.390623128639
3.75,-0.0611516787933742,-0.0415255175026766,0.49079331581843,0.135555378449093,0.322825537194872,-10.1014845366549,-0.229439896204154,0.531140560999745,-0.154260495092398,-0.0637501042781434,-0.0674940392285304,-2.60164475641363,-0.220400397748619,0.574120285066842,-0.147862145094438,15.1622433483813,9.8585885100193,-0.487662850210722,-7.9981203158509,-16.2279156770867,-0.0896103310557843,7.45020075827825,-5.76394712419101,-2.81,0.0808318963555899,0.0497928557001217,17.9341907501221,18.8559216649908,0.169770501120052,1.11051420612005,174.970001220703,-26.140080123642,-60.3899014493863,-174.970001220703,4.27116966247559,18.1700000762939,8.55000019073486,16.0979995727539,39.6599998474121,991.390319824219
3.775,-0.0411452579410795,-0.0295420655814203,0.489882837325968,0.320973900409702,0.336604348550282,-12.2226953697266,-0.148598892601268,0.565053786076327,-0.159831878605297,-0.065984538274242,-0.0522421991901829,-2.60603694786596,-0.142180164067639,0.596693601818766,-0.148527547396806,15.1506594876494,9.95292678254153,0.0905908317294477,-7.96581513079323,-16.2820801296017,0.226046684076595,7.4504759984338,-5.7637813286097,-2.81,0.113196676761719,0.0550311293109659,17.9437066114174,18.9080464701123,0.169770501120052,1.11051420612005,174.970001220703,-26.140080123642,-60.3899014493863,-174.970001220703,4.27116966247559,18.1700000762939,8.41478729248047,16.085765838623,39.6599998474121,991.390319824219
3.8,-0.0278174556520765,-0.0286864945532453,0.488972351446801,0.568814588614599,0.29084080960998,-13.9517725194437,-0.100573361229266,0.551366683111446,-0.156881758207312,-0.0680502461413322,-0.040084405170324,-2.60982767711536,-0.0522528960070313,0.527248950992178,-0.145906666230023,15.1283400307853,9.99903203848,0.246992322259042,-7.97697452944439,-16.2863817608922,0.17310544745251,7.45075071435541,-5.76361585961345,-2.81,0.122854153140435,0.0577860171937372,17.9766221316356,18.9114311071879,0.169770501120052,1.11051420612005,174.970001220703,-26.140080123642,-60.3899014493863,-174.970001220703,4.27116966247559,18.1700000762939,8.34000015258789,16.0790004730225,39.6599998474121,991.390319824219
3.825,-0.0181778711858519,-0.0241820959297494,0.488061864276672,0.76214093129374,0.292897422525557,-15.2113969390517,-0.0213572176228972,0.478672794118825,-0.151557840599095,-0.0664692024313628,-0.0282317381529582,-2.61394651212218,-0.00887362138545057,0.475742935465828,-0.14561043961825,15.0911778934502,10.0192935716329,0.360641715852484,-7.99530986428739,-16.2579353520186,0.120476541906053,7.45097857482292,-5.76347958043154,-2.81,0.132017591496196,0.0596803822424919,18.0003337860107,18.9026220733699,0.169770501120052,1.11051420612005,174.970001220703,-26.140080123642,-60.3899014493863,-174.970001220703,4.27116966247559,18.1700000762939,8.34000015258789,16.0790004730225,39.6599998474121,991.390319824219
3.85,-0.0120439362686443,-0.0264631617275573,0.487151378073259,1.03507895397012,0.218527755935417,-16.3815955675887,0.0883429185252404,0.388130502073009,-0.150670915177017,-0.0645254501517794,-0.0195020851067445,-2.61831602522592,0.112430313725442,0.33034473984627,-0.145498306268576,15.0542877842897,10.075516999781,0.366351567549048,-8.00586474958453,-16.2538572531926,0.0095383611339121,7.45120643529043,-5.76334330124963,-2.81,0.135045102209022,0.0636314802631753,18.0003337860107,18.8923722480822,0.169770501120052,1.11051420612005,174.970001220703,-26.140080123642,-60.3899014493863,-174.970001220703,4.27116966247559,18.1700000762939,8.34000015258789,16.0790004730225,39.6599998474121,991.388265933631
3.875,-0.00760671992440201,-0.0291445036019173,0.486240893717954,1.16819588275648,-0.0441899870798914,-17.0775707016984,0.0943661300043812,0.280178847795603,-0.147975647904304,-0.0632326248631738,-0.0139982641436306,-2.62247534451271,0.05112216889044,0.188581569862569,-0.147203475480884,15.0172034782843,10.1220939074713,0.280867077650838,-8.02140718757328,-16.2384382312128,-0.149071249424497,7.45143429575795,-5.76320702206771,-2.81,0.132332404330164,0.0670436841148607,18.0108013108092,18.8737869615237,0.169770501120052,1.11051420612005,174.970001220703,-26.140080123642,-60.3899014493863,-174.970001220703,4.27116966247559,18.1700000762939,8.34000015258789,16.0790004730225,39.6599998474121,991.384547683428
3.9,-0.00597243224593567,-0.0306159109932215,0.48533644610934,1.27861112803662,-0.112572918366187,-17.2998290779884,0.0599583824065133,0.12409109211549,-0.150842877030236,-0.0613042514815174,-0.0143639285240617,-2.62563517208463,0.0829422581186422,0.0180500654565138,-0.151796236192718,14.9661342784256,10.1923835024539,0.174928001699447,-7.99769498540119,-16.2444508773027,-0.234834243939981,7.45166895544533,-5.76306646381435,-2.81,0.127748829829672,0.0717220854528334,18.0495495166419,18.8460538063338,0.169770501120052,1.11051420612005,174.970001220703,-26.140080123642,-60.3899014493863,-174.970001220703,4.27116966247559,18.1700000762939,8.70028305053711,16.0865859985352,39.6599998474121,991.380829433225
3.925,-0.00849059339729035,-0.025748073414195,0.485386715428117,1.22180203440483,-0.186602468301188,-16.0946724428051,0.046158265831443,-0.065682792059599,-0.149821326601255,-0.0612300009016504,-0.0188227487858997,-2.62904486427765,0.0583038358966555,-0.140550155984277,-0.149339345428855,14.9116787673357,10.2181445441852,0.0704448597699895,-7.99860390407376,-16.2086630533553,-0.274192765903221,7.45205452725161,-5.76283092940906,-2.81,0.121488998016032,0.0739134496605537,18.078197479248,18.8220236173385,0.169770501120052,1.11051420612005,174.970001220703,-26.140080123642,-60.3899014493863,-174.970001220703,4.27116966247559,18.1700000762939,8.90999984741211,16.0909996032715,39.6599998474121,991.377111183023
3.95,-0.0116485825076804,-0.028906062524585,0.485993711591138,0.95301020190618,-0.120361133996877,-14.5027694855458,-0.00286372156320219,-0.212023187532896,-0.144433586799249,-0.0619716852996057,-0.0241625264455107,-2.63247073994422,0.0112712619741474,-0.278603090365123,-0.144925799231023,14.8668180907742,10.2466795879173,-0.0551511875994958,-8.00897183540802,-16.1792170707828,-0.330256705061713,7.45244009905788,-5.76259539500378,-2.81,0.113446294931129,0.0761469461153555,18.078197479248,18.8071899270557,0.169770353524473,1.11051417544506,174.957260131836,-26.3359966425812,-60.8091900113139,-174.957260131836,4.27196979522705,18.1649055480957,8.90999984741211,16.0909996032715,39.6587295532227,991.372623371628
3.975,-0.0206652263509218,-0.0268887251163516,0.486600691675858,0.667845342818451,-0.103764411034106,-12.2034053054281,0.015337162488324,-0.292420963987048,-0.141272560433468,-0.0624506968079777,-0.0300745421936744,-2.63519408819855,-0.0157963626787741,-0.305516574934866,-0.143534412124407,14.8271370366601,10.2902669543531,-0.191567592982745,-8.00676925829586,-16.1713333126247,-0.387181836910197,7.45282567086415,-5.76235986059849,-2.81,0.104800146909684,0.0790868697703035,18.0833501815796,18.7940376595902,0.169770066533068,1.11051411579926,174.932495117188,-26.7169454316134,-61.6244733263484,-174.932495117188,4.27352619171143,18.1549987792969,8.90999984741211,16.0909996032715,39.65625,991.367408752441
4,-0.0234559539450322,-0.0262726670060188,0.487207688482555,0.436725784502213,-0.2641393137109,-10.2962290974028,-0.00594530251342397,-0.323176434205104,-0.134069390783318,-0.0628057217143493,-0.0360620773205383,-2.63788438872258,-0.0394249283037112,-0.330500284353941,-0.141610432835324,14.7973970687215,10.3470758671121,-0.344977348616221,-8.00850048919714,-16.1801317498962,-0.459570289258345,7.45321124267042,-5.7621243261932,-2.81,0.0952091541632346,0.0827052147026231,18.1038637701071,18.7915919545109,0.169769779541664,1.11051405615346,174.907730102539,-27.0978942192275,-62.4397566413041,-174.907730102539,4.27508211135864,18.1450939178467,9.38320732116699,16.0959815979004,39.6537742614746,991.362194133255
4.025,-0.0333446878300269,-0.0222270656260712,0.487814680731287,0.25915373359693,-0.207319865974086,-9.01068671900121,-0.0134823633271944,-0.318438701873953,-0.124661588274373,-0.0611028466921654,-0.0433394729649032,-2.64002137596734,-0.0060453299096823,-0.321048415827074,-0.13045276296043,14.751147513392,10.4514472581328,-0.555256473850653,-7.96796018099348,-16.2278799490308,-0.552209577136168,7.45345864339668,-5.76197460612938,-2.81,0.0833454278070758,0.0890814541630384,18.1194190979004,18.7737303378259,0.16976949255026,1.11051399650765,174.882965087891,-27.4788430068416,-63.255039956181,-174.882965087891,4.27663803100586,18.1351890563965,9.67000007629395,16.0990009307861,39.6512985229492,991.356979514068
4.05,-0.0375535379701206,-0.018513378599013,0.488421664512787,0.0813862819168168,-0.202907659639989,-7.99291632244282,-0.0141921981434721,-0.280096796569432,-0.111411612340721,-0.0632749653485952,-0.0502191629863588,-2.6430932665873,-0.0500018316425979,-0.289902021681171,-0.119058279662684,14.7359129976967,10.4765990035856,-0.673735408307871,-8.00654813868572,-16.214289282185,-0.593454239646142,7.45368987365727,-5.76183492910685,-2.81,0.0744340317843999,0.0908030222571395,18.1194190979004,18.7932391170128,0.169769204941404,1.11051393645021,174.864105224609,-27.8624208407695,-64.0720773230453,-174.864105224609,4.27634143829346,18.154764175415,9.67000007629395,16.0990009307861,39.6500015258789,991.355478826559
4.075,-0.0416089746952303,-0.0169617587957396,0.488921062626495,-0.0588448484015733,-0.252833413069405,-7.32738765565566,-0.022719812295899,-0.213685934760607,-0.0955118671705068,-0.0643166107724308,-0.0591547647485467,-2.64706131000876,-0.0463248577105572,-0.170427026043474,-0.0921944994257422,14.6983719477378,10.5344054473064,-0.720105079145696,-8.01984987897817,-16.2154720139845,-0.524273449293261,7.45392110391787,-5.76169525208431,-2.81,0.0694717338180842,0.094610393765495,18.1198103517856,18.8133883945281,0.169768916653352,1.11051387593998,174.85173034668,-28.2488906262098,-64.8910441469226,-174.85173034668,4.27400779724121,18.2067680358887,9.67000007629395,16.0990009307861,39.6500015258789,991.358063463895
4.1,-0.0467149727098458,-0.0152929302297888,0.489,-0.109865863278805,-0.172395377688219,-7.03241598586436,-0.0135824822761944,-0.137914329284613,-0.0813901948104278,-0.0647356792864363,-0.0615486127182156,-2.64836209508235,-0.0147036416177913,-0.130582714117036,-0.0800439343170342,14.7019914783499,10.5517510214117,-0.710227006766117,-8.03672990391642,-16.222477230293,-0.484386635443513,7.45412369429393,-5.761572864253,-2.81,0.0691964782843035,0.0956762499562322,18.1214951389241,18.8362826183413,0.169768628365299,1.11051381542974,174.839340209961,-28.635360410232,-65.7100109707998,-174.839340209961,4.27167367935181,18.2587738037109,8.68273639678955,16.112491607666,39.6500015258789,991.360648101231
4.125,-0.0497737545284438,-0.00979799803355174,0.489,-0.171611221539863,-0.218336649534596,-7.17708542490908,0.00559612676881441,-0.0611326116082149,-0.0655502114476404,-0.063631749975557,-0.0623691388730242,-2.64897802989047,-0.0115196858656157,-0.0780068744449871,-0.0740186472756914,14.7043896037505,10.5515563123655,-0.687167006936078,-8.04594995579812,-16.2202901881685,-0.437593701653573,7.45407079210082,-5.76160471097799,-2.81,0.0707167564588053,0.0958603067145323,18.1228046417236,18.8484231897665,0.169768340077247,1.11051375491951,174.826965332031,-29.0218301956723,-66.528977794677,-174.826965332031,4.2693395614624,18.3107776641846,8.0600004196167,16.121000289917,39.6500015258789,991.363232738567
4.15,-0.0490863629064606,-0.011169509200789,0.489,-0.184857397114512,-0.172702086276297,-7.60975812394688,0.0178559559552321,0.00502188091069004,-0.0474718475308205,-0.0627925878715141,-0.0620260667790804,-2.65153911720217,0.0305106265952288,0.0634488229341066,-0.0393908240684754,14.7138971417224,10.5592541403888,-0.648759192860066,-8.08786847455178,-16.2125711151143,-0.395508488579741,7.45401788990771,-5.76163655770297,-2.81,0.0730634559348975,0.0967030303079098,18.1228046417236,18.8839093978918,0.169768178086818,1.11051372091852,174.820007324219,-29.2389894075792,-66.9891591528804,-174.820007324219,4.26802825927734,18.3400001525879,8.0600004196167,16.121000289917,39.6500015258789,991.366327249779
4.175,-0.0464928302017223,-0.0133455970079553,0.489,-0.203235461816446,-0.158035034046726,-8.21993531287161,0.061833038223983,0.0763393341174591,-0.0307079134036638,-0.0617943619394572,-0.0587747261792589,-2.6523127866425,0.062453973535673,0.125014364783458,-0.0209354397955756,14.7211059710323,10.5665672189843,-0.523080566976144,-8.09084308016894,-16.2197532791898,-0.307861815623316,7.45396498771461,-5.76166840442795,-2.81,0.0808497624809973,0.0972249281193774,18.1214169781163,18.9016743334757,0.169768178086818,1.11051372091852,174.820007324219,-29.2389894075792,-66.9891591528804,-174.820007324219,4.26802825927734,18.3400001525879,8.0600004196167,16.121000289917,39.6500015258789,991.370075729658
4.2,-0.0433221214556161,-0.0111784024317847,0.489,-0.130165843626879,-0.113336446475103,-8.81454694062004,0.0854997697363026,0.139755634643264,-0.0117914727050042,-0.0584090905488267,-0.0548554400258802,-2.65245504499921,0.0888564546869606,0.167754544317206,-0.00543780772177856,14.7312099728368,10.5644976646123,-0.481111039348921,-8.09511383780802,-16.2245185932085,-0.287670598337292,7.4539120855215,-5.76170025115293,-2.81,0.0854647242196019,0.0974200677748064,18.1149103776464,18.9104447444718,0.169768178086818,1.11051372091852,174.820007324219,-29.2389894075792,-66.9891591528804,-174.820007324219,4.26802825927734,18.3400001525879,7.51056623458862,16.1222076416016,39.6500015258789,991.373824209537
4.225,-0.0408788916898357,-0.0136216321975651,0.489,-0.0923878211720598,-0.161078766655227,-9.48569323346199,0.143641979579823,0.167546157304039,-0.00287490347062491,-0.0570121156794528,-0.0495892528548504,-2.65251670285486,0.0827307503349357,0.189401772166549,0.00689801380902894,14.7395132739305,10.5388306378391,-0.474451514415892,-8.11206461396183,-16.2056341137791,-0.342253815446812,7.4538591833284,-5.76173209787791,-2.81,0.0876017322297774,0.0961795274687764,18.1097297668457,18.9066878170707,0.169768178086818,1.11051372091852,174.820007324219,-29.2389894075792,-66.9891591528804,-174.820007324219,4.26802825927734,18.3400001525879,7.15000009536743,16.1229991912842,39.6500015258789,991.377572689416
4.25,-0.0408788916898357,-0.0136216321975651,0.487519572316147,-0.116698256171192,-0.273382430049364,-10.1953758138059,0.128553004635553,0.197230203536265,0.0150837607529765,-0.0551098150872613,-0.0442544650583996,-2.65241410978581,0.0796415385317088,0.208477637877523,0.0189098302616354,14.7464749560602,10.5334204515095,-0.478067247437738,-8.11577422037359,-16.2052742012215,-0.404122751409842,7.45379211318041,-5.76177229184367,-2.81,0.089455289577136,0.0960498765327167,18.1097297668457,18.9014912978156,0.169768178086818,1.11051372091852,174.820007324219,-29.2389894075792,-66.9891591528804,-174.820007324219,4.26802825927734,18.3400001525879,7.15000009536743,16.1229991912842,39.6500015258789,991.380988642855
4.275,-0.0328536162180923,-0.0166420818953967,0.484282332147295,0.0507050269536945,-0.0596439021150693,-10.9161027152196,0.1545570295412,0.205349455597872,0.0257558805160199,-0.0507446998127268,-0.0385853372118081,-2.65151100415489,0.091351332784034,0.215021411628708,0.0293425375818214,14.7520384332241,10.5233844688496,-0.429951913514516,-8.10204136937669,-16.2096048498683,-0.39338724243949,7.45370650469873,-5.76182340791753,-2.81,0.095302032684834,0.0958131996710895,18.1098066770805,18.8938467814412,0.169768178086818,1.11051372091852,174.820007324219,-29.2389894075792,-66.9891591528804,-174.820007324219,4.26802825927734,18.3400001525879,7.19773578643799,16.1247901916504,39.6500015258789,991.383905806631
4.3,-0.0307142004167723,-0.0174472876273852,0.481722932619761,0.0499058431937794,-0.228061033226096,-11.505458238178,0.182167839738289,0.223733831428525,0.0370747047364775,-0.0463795845381922,-0.0329162093652164,-2.65060789852398,0.10306112703636,0.221565185379892,0.0397752449020077,14.7600065152159,10.5129952927011,-0.38220476755111,-8.09143297116409,-16.2144682629504,-0.382980757793673,7.45362089621705,-5.76187452399139,-2.81,0.101112081187412,0.0955633278704868,18.1102024834111,18.889040155962,0.169768178086818,1.11051372091852,174.820007324219,-29.2389894075792,-66.9891591528804,-174.820007324219,4.26802825927734,18.3400001525879,7.23000001907349,16.1259994506836,39.6500015258789,991.386822970408
4.325,-0.0307142004167723,-0.0174472876273852,0.481299271422024,0.233201594290118,-0.123161206865388,-12.2543236469144,0.180524338329533,0.227562465631381,0.0495904994178752,-0.0420144692636576,-0.0272470815186247,-2.64970479289306,0.114770921288685,0.228108959131077,0.050207952222194,14.7640364191854,10.5100094672386,-0.340679518867081,-8.07495594226192,-16.2235738306329,-0.379304120180226,7.45358790678549,-5.76189469870897,-2.81,0.106608697634649,0.0957440127840063,18.1105251312256,18.8809609604833,0.169768178086818,1.11051372091852,174.820007324219,-29.2389894075792,-66.9891591528804,-174.820007324219,4.26802825927734,18.3400001525879,7.41943407058716,16.1443500518799,39.6500015258789,991.389740134185
4.35,-0.0235100634221617,-0.0260188657084703,0.481602765061145,0.276651083653732,-0.18240350455561,-12.4691194284793,0.186810188782988,0.191774396853176,0.0522763475114797,-0.0351859927177429,-0.0251151658594608,-2.64846706390381,0.236837849020958,0.170722261071205,0.0589953474700451,14.8230518930532,10.42863728319,-0.400447707291345,-8.14284901156529,-16.1919121182232,-0.394579909969942,7.4537189617234,-5.76181841111362,-2.81,0.106793121406069,0.0918289490721957,18.1105251312256,18.9175590786925,0.169768073597578,1.11051369855031,174.826278686523,-29.3818517754226,-67.285991506079,-174.826278686523,4.26748085021973,18.3364162445068,7.55000019073486,16.1569995880127,39.6500015258789,991.391180362342
4.375,-0.0173477596984755,-0.0383523726175726,0.481906262653744,0.289647543422769,-0.166314480572764,-12.4434511986782,0.164739838548772,0.149679068607996,0.0616114676726931,-0.035194720352123,-0.0219375377208691,-2.64776216702423,0.136431129306099,0.158479734972232,0.0586267266891482,14.8269009346328,10.426999408844,-0.508657288932629,-8.13832501507327,-16.1951670358294,-0.549791656581857,7.45385001666131,-5.76174212351826,-2.81,0.101788716024902,0.0916762726614756,18.1138636481087,18.8965822141661,0.169767784877309,1.11051363674343,174.843612670898,-29.7766030561842,-68.1061861663948,-174.843612670898,4.26596784591675,18.326509475708,7.55000019073486,16.1569995880127,39.6500015258789,991.390016519798
4.4,-0.0148245926062765,-0.0372283417369789,0.482209758993248,0.311699519223598,-0.154410791962427,-12.4008777478815,0.142843764760548,0.102747766435452,0.0612143369327314,-0.0296120632199198,-0.0200696000135407,-2.64611584638031,0.200110418598498,0.0916237665726212,0.0641277986832892,14.8281281992774,10.4260441776278,-0.471456948574245,-8.10780649682381,-16.2120017871834,-0.482210125190265,7.45398107159921,-5.7616658359229,-2.81,0.106808105915804,0.092041398089355,18.1329022173612,18.8890804307727,0.169767496157041,1.11051357493654,174.860931396484,-30.1713543355277,-68.9263808265529,-174.860931396484,4.26445531845093,18.3166027069092,7.55000019073486,16.1569995880127,39.6500015258789,991.388852677255
4.425,-0.015439876418786,-0.0403284546372636,0.482513252839444,0.315591080128191,-0.150042633401346,-12.3778557990884,0.132411267749703,0.0979620867385981,0.0701645963972047,-0.0253281774293226,-0.0161171190805765,-2.64342380406961,0.160883244307267,0.069682682073357,0.0757899170829904,14.843370955703,10.370227370297,-0.548098379809776,-8.10221775561096,-16.1924506169681,-0.571226165303434,7.45412541497379,-5.76158217711963,-2.81,0.105641449444582,0.0892002871552981,18.1487827301025,18.8630574810487,0.169767207436773,1.11051351312966,174.878265380859,-30.5661056177074,-69.7465754867898,-174.878265380859,4.26294231414795,18.306697845459,7.55000019073486,16.1569995880127,39.6500015258789,991.387688834712
4.45,-0.0140671646768875,-0.0423847974663763,0.482816749793739,0.360564827931701,-0.149511352242184,-12.1593218937119,0.106363674069229,0.0688349121592841,0.0729672719275782,-0.0236916616559029,-0.0137264588847756,-2.64208245277405,0.0334808230400085,0.091969408094883,0.0724116191267967,14.8753781890166,10.3495147934313,-0.647876113481366,-8.118762262277,-16.1994011996262,-0.688604593593844,7.45430127903874,-5.76148103352353,-2.81,0.101522518103887,0.0880175303711432,18.1487827301025,18.8671885538389,0.169766918996416,1.11051345132278,174.894012451172,-30.9608568970509,-70.5659749768587,-174.894012451172,4.26210117340088,18.2999992370605,7.55000019073486,16.1569995880127,39.6492004394531,991.385066482256
4.475,-0.0113921924162027,-0.0436434542834662,0.483120241794151,0.402225042094609,-0.174447596563862,-11.8879855609251,0.0832908534918091,0.0119763213794702,0.0786541103309965,-0.0218896645026204,-0.0147986104472618,-2.64041074758691,0.0272912328158299,0.0297705329644255,0.0762301887142437,14.8736074616366,10.3623098501509,-0.688917788257363,-8.08457258651449,-16.2244393123508,-0.695361176359486,7.4544771431037,-5.76137988992742,-2.81,0.100034753857345,0.0886829039300885,18.1497072723677,18.8523042711271,0.16976663114058,1.11051338951589,174.906402587891,-31.3556081763943,-71.3837139643761,-174.906402587891,4.2626633644104,18.2999992370605,8.15094375610352,16.1136627197266,39.6467208862305,991.379398417923
4.5,-0.0111173887204473,-0.0436370651404977,0.483423735024533,0.281676674638776,-0.0719412136478457,-11.636046443989,0.0372328855046048,-0.0525061656743417,0.0821010915091596,-0.0194487749786531,-0.017241375300217,-2.63776847959442,0.0443829816895055,-0.0459597893966135,0.08160966497887,14.8745015294877,10.3524704642193,-0.7519263057766,-8.04875046461863,-16.2395288631717,-0.696528458214155,7.45465300716865,-5.76127874633131,-2.81,0.0974138816061915,0.0880729869888092,18.155618739578,18.8312507996158,0.169766343284743,1.11051332770901,174.91877746582,-31.7503594571559,-72.2014529518936,-174.91877746582,4.26322507858276,18.2999992370605,8.59000015258789,16.0820007324219,39.6442451477051,991.373730353589
4.525,-0.0149733575447762,-0.0474930339648266,0.483727228470002,0.255130199041108,0.012327555838228,-11.0526521113021,0.0684277593969089,-0.0787789086692254,0.0860435532962875,-0.0181855593806878,-0.0197198219282881,-2.63574118925485,0.078062473128854,-0.0840856406765488,0.0850907146976793,14.8973486709536,10.3072339701848,-0.839890450479836,-8.06065289085608,-16.2284852584183,-0.733230318067833,7.45479562964202,-5.76119732009554,-2.81,0.0927783013065424,0.0854417583211961,18.1606616973877,18.8309912614227,0.169766055428907,1.11051326590213,174.93115234375,-32.1451107379175,-73.0191919394899,-174.93115234375,4.26378679275513,18.2999992370605,8.59000015258789,16.0820007324219,39.6417694091797,991.368062289256
4.55,-0.0174407129463577,-0.049960389366408,0.484030723255104,0.13263992546744,0.00618691978156119,-10.0701212030285,0.0687371169191115,-0.0983982428180484,0.0905997440037107,-0.0193001522439014,-0.0211919363316786,-2.63405855135999,0.0662814620478173,-0.116425138688516,0.0874181899761428,14.9197569479823,10.264163952637,-0.944053567804446,-8.07843464319434,-16.214215995398,-0.825554082164521,7.45486881380637,-5.76115708142316,-2.81,0.0863912125970362,0.0826791090025949,18.1606616973877,18.827851246149,0.169765849817596,1.11051322175435,174.940002441406,-32.4270759380564,-73.6032912163332,-174.940002441406,4.26418828964233,18.2999992370605,8.0135383605957,16.1196708679199,39.6399993896484,991.366963224591
4.575,-0.0202196853069613,-0.0487978298456168,0.484334218872409,0.0620172274568887,0.0573419788351654,-9.13235320215465,0.100299386112246,-0.120352440790904,0.0926651930569038,-0.0157363601305887,-0.0250456603001702,-2.63168353786805,0.0751467790561111,-0.125640681061529,0.0895560483116575,14.935623174114,10.2332443526564,-0.983121735637426,-8.06990673111945,-16.2185981211377,-0.769635149567694,7.45494199797071,-5.76111684275078,-2.81,0.0851839258814029,0.081057684021931,18.1618492333394,18.8293104353777,0.169765849817596,1.11051322175435,174.940002441406,-32.4270759380564,-73.6032912163332,-174.940002441406,4.26418828964233,18.2999992370605,7.57999992370605,16.1480007171631,39.6399993896484,991.377286659097
4.6,-0.023711171105335,-0.0560606856385433,0.484637717275531,-0.115057084543759,0.000328001061638161,-8.38074843379058,0.0995414883126282,-0.135185136369651,0.094998134099513,-0.0165033936500549,-0.0254768319427967,-2.63099122047424,0.0343657061457634,-0.129611521959305,0.089001253247261,14.9506463861778,10.2264112939503,-1.01903701946197,-8.07709603390324,-16.2249793641506,-0.806421760985794,7.45501518213506,-5.7610766040784,-2.81,0.0827963289051782,0.0804294060760241,18.1704895811261,18.8349161282837,0.169765849817596,1.11051322175435,174.940002441406,-32.4270759380564,-73.6032912163332,-174.940002441406,4.26418828964233,18.2999992370605,7.57999992370605,16.1480007171631,39.6399993896484,991.387610093603
4.625,-0.0249443876520377,-0.0523766652710396,0.484941211119794,-0.112956452427665,0.0842406229926872,-7.86437705198226,0.134039089924436,-0.129606613882341,0.0963125870690656,-0.0116125905181637,-0.030326654167954,-2.62777307240504,0.0708854329892128,-0.108990317675723,0.0883814545291382,14.9527260179384,10.2190130108435,-1.01058104319952,-8.02915131068582,-16.2514696148737,-0.675263589381407,7.45509159138176,-5.76103398070978,-2.81,0.0846303005386996,0.0801354215380308,18.1780242919922,18.8246677948799,0.169765849817596,1.11051322175435,174.940002441406,-32.4270759380564,-73.6032912163332,-174.940002441406,4.26418828964233,18.2999992370605,7.57999992370605,16.1480007171631,39.6399993896484,991.397933528108
4.65,-0.0266306259531474,-0.0554179238541624,0.484129936607253,-0.221653052526544,0.00398251072598077,-7.30882425739767,0.143301321434311,-0.0901823765967957,0.095745435446283,-0.0056542948715468,-0.0335090988693813,-2.62532521451934,0.155649432047303,-0.0641514988954244,0.0952696886562663,14.9923592126936,10.1568271776853,-1.05571506440725,-8.05272062045368,-16.2427779060152,-0.610216258227135,7.45517887848598,-5.76098331401604,-2.81,0.0842677440773967,0.0770909166902357,18.1780242919922,18.8468037939764,0.169765778324958,1.11051320644979,174.946731567383,-32.5248238736507,-73.8063870370008,-174.946731567383,4.26406002044678,18.3055191040039,7.57999992370605,16.1480007171631,39.6399993896484,991.404895998397
4.675,-0.029597594898365,-0.0645750703590646,0.483050840906778,-0.295306428909564,-0.047885961956652,-7.25009762834935,0.13805433773514,-0.0241879725172582,0.0988645592176114,-0.00315909238803773,-0.0332936618135428,-2.62297977657694,0.111703115832643,0.000554216928025369,0.0978283185221903,15.0266438060717,10.1144508562891,-1.05476510768489,-8.06312611172945,-16.2436872620421,-0.585910462908731,7.45526616559021,-5.76093264732229,-2.81,0.085485437216012,0.0746866591568179,18.1786674598478,18.8588233316451,0.169765489604689,1.11051314464291,174.973999023438,-32.9195751544123,-74.6265816971589,-174.973999023438,4.26354122161865,18.3278064727783,7.23344326019287,16.1452045440674,39.6399993896484,991.401646308179
4.7,-0.0268514025241655,-0.064633046006958,0.481971746361021,-0.270500601813184,-0.0710771704396467,-7.19550772475068,0.105759033430971,0.013473821335834,0.100836718783102,-0.00107992812991142,-0.0341092571616173,-2.62217736244202,0.158896133303642,0.00039246809319593,0.101089008152485,15.0608747038452,10.0765739339999,-1.02098002922455,-8.09624714468696,-16.2355324689144,-0.517645569225952,7.45535345269443,-5.76088198062855,-2.81,0.0879475090265784,0.0726940666984217,18.1840957965491,18.8898245843764,0.169765200884421,1.11051308283602,175.001220703125,-33.3143264337557,-75.4467763573959,-175.001220703125,4.26302242279053,18.3500938415527,6.96000003814697,16.1429996490479,39.6399993896484,991.398396617961
4.725,-0.0274557467996542,-0.0701502208218019,0.480892658378957,-0.239294394129595,-0.0915545413228963,-7.63168438192826,0.0757233941971348,0.0408254103687848,0.105916671140949,-0.00189858789043014,-0.0311258458828599,-2.6188634725562,0.0251884705683321,0.0557509690126846,0.103992014713809,15.062392458982,10.0780343361341,-0.981058939300709,-8.04112066079465,-16.2623303076716,-0.530952722759851,7.45544073979866,-5.76083131393481,-2.81,0.0904801047247625,0.0721436867784111,18.1889324188232,18.8578618313346,0.169764912164153,1.11051302102914,175.028472900391,-33.7090777145173,-76.2669710176328,-175.028472900391,4.2625036239624,18.3723812103271,6.96000003814697,16.1429996490479,39.6399993896484,991.395146927744
4.75,-0.0274557467996542,-0.0701502208218019,0.479813566026895,-0.118039877319863,-0.104262627279021,-8.6075376821768,0.0110783644202677,0.0675217652595604,0.108583900884644,-0.00228617800282896,-0.0283179968222452,-2.61539335099488,-0.073489079266526,0.103282909269413,0.108079276595951,15.0754814137907,10.0837918155904,-0.942324531180318,-7.99101977905928,-16.3001528575793,-0.538137965595217,7.45547658342787,-5.76081069897608,-2.81,0.0930623785803379,0.0718143428085115,18.1889324188232,18.8370204681051,0.169764683937655,1.11051297217227,175.050003051758,-34.0211192032949,-76.9153153680983,-175.050003051758,4.26209402084351,18.3899993896484,6.96000003814697,16.1429996490479,39.6399993896484,991.392578125
4.775,-0.0224686408436744,-0.0661633974852981,0.478734483184456,-0.178425448469511,-0.0458840758466562,-9.50543596327096,-0.0340644439991657,0.100821656266238,0.109574799115944,-0.00259308166158485,-0.0255916828356391,-2.61228190147311,-0.0667575876319529,0.126759450769935,0.112182925475661,15.151421600143,10.0235448342106,-0.873545713563548,-8.03350246715304,-16.3095457561428,-0.511532013587995,7.45543406402219,-5.76083586135179,-2.81,0.0969104103153773,0.0678206417883817,18.1887065464596,18.8802910569673,0.169764683937655,1.11051297217227,175.050003051758,-34.0211192032949,-76.9153153680983,-175.050003051758,4.26209402084351,18.3899993896484,6.97648572921753,16.1408023834229,39.6399993896484,991.392578125
4.8,-0.0209467969542814,-0.0686822643686078,0.477655384907028,-0.0122931836960753,-0.00371805044088264,-10.1879071193001,-0.0538122756566873,0.119133382332113,0.113999931725227,-0.00356698033423471,-0.0236981810934436,-2.60962356889712,-0.0406205831162557,0.0959660412937735,0.115036486034607,15.1835773761384,10.0137852341228,-0.831757950105883,-8.02163088730537,-16.3372176952611,-0.507438494162911,7.45539322319188,-5.76086012049468,-2.81,0.099035410605065,0.0666440847815019,18.1864370669959,18.8864873482179,0.169764683937655,1.11051297217227,175.050003051758,-34.0211192032949,-76.9153153680983,-175.050003051758,4.26209402084351,18.3899993896484,6.98999977111816,16.1389999389648,39.6399993896484,991.392578125
4.825,-0.0170277108396043,-0.0649689361303351,0.477180969790851,0.101362379121989,0.113116894233212,-10.5348222884329,-0.0698745876838155,0.0722625555871662,0.111300392004449,-0.00678421477353376,-0.0210934256557253,-2.60692281192098,-0.144616541380154,0.0772626611686137,0.109891050172353,15.201190752562,9.95393529664714,-0.800169069457831,-8.02328833708933,-16.3133405924475,-0.546865339972552,7.45538711340596,-5.76086569104035,-2.81,0.0997979105070319,0.0625626678683972,18.1843719482422,18.8697084963179,0.169764683937655,1.11051297217227,175.050003051758,-34.0211192032949,-76.9153153680983,-175.050003051758,4.26209402084351,18.3899993896484,6.98999977111816,16.1389999389648,39.6399993896484,991.392578125
4.85,-0.0169326333264212,-0.0665164330939907,0.47739780138207,0.0379791757524012,0.0397078847217527,-10.5902464493781,-0.050751565181638,0.0195042883340169,0.110970099029134,-0.00688845155617379,-0.0224004491691484,-2.60412167300591,0.0163211381873683,-0.0241721013823803,0.113557201038586,15.2137648404882,9.96584373905434,-0.794012519549837,-7.98279345475179,-16.3526761780245,-0.521659284941477,7.45538100362005,-5.76087126158603,-2.81,0.0999004065528163,0.0626928699558173,18.1843719482422,18.8616029335582,0.169764634665035,1.11051296150271,175.053405761719,-34.0892640807426,-77.0552887083779,-175.053405761719,4.26214599609375,18.3849067687988,6.98999977111816,16.1389999389648,39.639575958252,991.391134873876
4.875,-0.0180319777368035,-0.0658138505599998,0.477683444340142,0.0319060581706946,0.146044693373936,-10.635868877678,-0.0497749873325472,-0.0036688354099229,0.114917348902132,-0.00758065270405733,-0.0226386535030168,-2.60227359821864,0.0185949949748809,-0.0299085736680431,0.11338332100009,15.2172809400812,9.93526926571558,-0.784480084133867,-7.97159752391279,-16.3425501682331,-0.515083012306285,7.45537489383413,-5.7608768321317,-2.81,0.100119338693149,0.0606777130144988,18.186034719899,18.847544470044,0.169764347241414,1.11051289926361,175.073211669922,-34.486775857581,-77.8717998596145,-175.073211669922,4.26244831085205,18.355188369751,6.98999977111816,16.1389999389648,39.6371002197266,991.382715908986
4.9,-0.0185964049183698,-0.0662850007693608,0.477969086991041,-0.00164925958223696,0.0415406351969439,-10.3294660541387,-0.0486051667284906,-0.0185617513144185,0.111077034132885,-0.00835250724173896,-0.0228385072027223,-2.60037466848188,0.0161063424805834,-0.0341832115295595,0.113087787045068,15.2258469315669,9.9028073843003,-0.775985511022209,-7.96498605101545,-16.3337779702288,-0.51074143533759,7.45536805235458,-5.76088290624885,-2.81,0.100230075812754,0.0585274774833663,18.2066726504632,18.8377286490284,0.169764059817794,1.11051283702451,175.093017578125,-34.8842876372557,-78.6883110108511,-175.093017578125,4.26275062561035,18.3254699707031,6.89858484268188,16.1637344360352,39.6346206665039,991.374296944096
4.925,-0.0186666523363397,-0.0631752202673932,0.478254725761519,-0.00465107743861189,0.0784803533468613,-10.0722241120624,-0.0444680852117195,-0.0235494830622083,0.114450879326564,-0.0103464606441858,-0.0240505443294443,-2.59630242921298,0.00297759923428946,-0.0552526650745303,0.113019637805818,15.2800950385324,9.88129671110837,-0.80088020616578,-7.95839330148788,-16.3749843629693,-0.535351618581211,7.45534393486132,-5.76090087018904,-2.81,0.097685059036574,0.0563233350812924,18.2258434295654,18.8524823098185,0.169763772394174,1.11051277478541,175.112838745117,-35.2817994169305,-79.5048221621665,-175.112838745117,4.26305341720581,18.2957553863525,6.82000017166138,16.1849994659424,39.6321487426758,991.365877979207
4.95,-0.0190106822323827,-0.0617051562545303,0.478540372703183,0.0796203869042357,0.173434956431767,-10.2698593574457,-0.0623542134734791,-0.0443078395296837,0.112559664448284,-0.0143786778926068,-0.023439955623166,-2.59357743309438,-0.145993721954146,-0.0164921303851056,0.107067281918323,15.2988402170587,9.82078314165032,-0.802594087256221,-7.96374519006274,-16.3518537836495,-0.584885593269429,7.45531981736806,-5.76091883412923,-2.81,0.0958819058223252,0.0520975735585519,18.2258434295654,18.8379033581603,0.169763523293703,1.11051272084486,175.130004882812,-35.6263096254147,-80.2124651599837,-175.130004882812,4.26331567764282,18.2700004577637,6.82000017166138,16.1849994659424,39.6303291320801,991.35870850761
4.975,-0.0194921959766791,-0.058186077166796,0.478826013037892,0.0310585708844125,0.173319579253745,-10.2359085976678,-0.0490364056523944,-0.0578313164333226,0.11084150873025,-0.0153210441328747,-0.0244799364746597,-2.59178833821607,-0.13201557211745,-0.0277100292219386,0.10463822239766,15.3028563794712,9.82647709721613,-0.801717945056602,-7.93607379350033,-16.3726987454593,-0.577309025405794,7.4552956998748,-5.76093679806942,-2.81,0.0953594890268779,0.0519812281121266,18.2259473485767,18.8278691172874,0.169763523293703,1.11051272084486,175.130004882812,-35.6263096254147,-80.2124651599837,-175.130004882812,4.26331567764282,18.2700004577637,6.82000017166138,16.1849994659424,39.6328048706055,991.359660742418
5,-0.0192932232010487,-0.0567600225533797,0.479111654266246,0.0646445148869171,0.219644649117401,-10.2370480961592,-0.0322623326208921,-0.0687071701712182,0.109358447638011,-0.0162420353151466,-0.0256453023326318,-2.5898975652124,-0.118778546673382,-0.0392148805299171,0.102090509552404,15.3086039337088,9.82927367723815,-0.80130537959844,-7.90974195218185,-16.3927866518054,-0.567973389228919,7.45527158238153,-5.76095476200961,-2.81,0.0947953734177784,0.0516955008114839,18.2276340340668,18.8187718402025,0.169763523293703,1.11051272084486,175.130004882812,-35.6263096254147,-80.2124651599837,-175.130004882812,4.26331567764282,18.2700004577637,7.09471702575684,16.1554145812988,39.6352844238281,991.360612977226
5.025,-0.0211285479957947,-0.0563747512648932,0.479397293882974,-0.00875930421845848,0.145041064239301,-9.76725222824009,-0.0192788997199396,-0.0939931282487953,0.102648945975849,-0.0167760690210167,-0.0290805411282545,-2.58616609026533,-0.118958262588642,-0.0559144968814992,0.0973947889187973,15.332480710617,9.79549728250065,-0.821199547835879,-7.88923985290534,-16.4067146216421,-0.539175590706497,7.45526785146608,-5.76095960323259,-2.81,0.0929092744579578,0.0491910563521221,18.2292327880859,18.8133638698492,0.169763523293703,1.11051272084486,175.130004882812,-35.6263096254147,-80.2124651599837,-175.130004882812,4.26331567764282,18.2700004577637,7.34000015258789,16.128999710083,39.6377601623535,991.361565212034
5.05,-0.0228171084238406,-0.0596602446667773,0.479682936159971,-0.110576096572986,0.257014044966545,-9.77614794566033,-0.0120232258595814,-0.0785368398953817,0.102483453374682,-0.0160494914095856,-0.0302391200609349,-2.58550483313172,-0.0518976991128469,-0.0703822635773903,0.0987655995556442,15.3731123125467,9.75665516208665,-0.872579804050897,-7.93508488369433,-16.4013071565697,-0.563781061147232,7.45528916294665,-5.76094832481624,-2.81,0.0901457208466017,0.0470319139729748,18.2292327880859,18.8447963344063,0.169763495878861,1.11051271499965,175.13166809082,-35.663642081369,-80.2903450635155,-175.13166809082,4.26336526870728,18.2723579406738,7.34000015258789,16.128999710083,39.639762878418,991.361957478073
5.075,-0.0242983564728729,-0.0593617322934476,0.479968580177737,0.0448137338932,0.299149329068686,-9.49562847346712,0.0529351747502904,-0.0618820647086158,0.0969345561134771,-0.0147030543208041,-0.0329781668823915,-2.58168305853132,0.0549019367096123,-0.0623714945652613,0.0915523086981475,15.4054196860231,9.69123094334409,-0.877244455059539,-7.93474960963218,-16.3949676763821,-0.511130371330543,7.45531047442721,-5.7609370463999,-2.81,0.090061705867513,0.0430765838540224,18.230317574627,18.8473170079982,0.169763208023025,1.11051265362498,175.148986816406,-36.0556328617993,-81.1080840511118,-175.148986816406,4.26388359069824,18.2971229553223,7.34000015258789,16.128999710083,39.6372871398926,991.357030040813
5.1,-0.0256562461804611,-0.0620840167329628,0.480254221865181,0.0208783022043493,0.259561824492337,-9.01151715699783,0.073726472663021,-0.0590469247280175,0.0928241193134453,-0.0132350443346764,-0.0342671061035047,-2.58023476371681,0.0800253563217399,-0.0729083701367444,0.0883147154054668,15.418688145969,9.67587122397808,-0.882616019893197,-7.92992922576183,-16.401877232383,-0.481751857772716,7.45533178590778,-5.76092576798355,-2.81,0.0902394152461858,0.0422063845807219,18.2557497924229,18.8509109561499,0.169762920167188,1.11051259225031,175.166320800781,-36.447623645066,-81.9258230387081,-175.166320800781,4.26440238952637,18.3218879699707,7.41783046722412,16.1481971740723,39.6348114013672,991.352102603552
5.125,-0.0280957141813988,-0.06697463910276,0.480539863162562,0.0188397878873011,0.226231139474899,-8.44771112364446,0.105339899758306,-0.0790783224456895,0.0872545707667499,-0.0122686326259623,-0.0346405869478956,-2.57906465072147,0.0164186324553293,-0.047619948489228,0.0832362544108393,15.4208178007758,9.63544360129424,-0.8779536655834,-7.93326925247443,-16.3787828280781,-0.461421407993127,7.45530831483147,-5.76094125592512,-2.81,0.0909251699407099,0.0400084622833052,18.2803382873535,18.843107509091,0.169762632311352,1.11051253087565,175.183654785156,-36.8396144269145,-82.7435620263044,-175.183654785156,4.26492118835449,18.3466510772705,7.48999977111816,16.1660003662109,39.6323356628418,991.347175166292
5.15,-0.0277555233134965,-0.0666344482348576,0.480823820415389,-0.0681560237571342,0.141214747225454,-7.81600553191795,0.0838657709214151,-0.0908938333595012,0.0831248606365174,-0.00788446713195939,-0.03894101372028,-2.57607536265237,0.0425503473465784,-0.0651831018553981,0.0762128492480047,15.4453029569661,9.65000025720923,-0.916977450004122,-7.89645879571435,-16.4320969981714,-0.390976688168151,7.45519574009086,-5.76101000077601,-2.81,0.0901661736526947,0.0408637618627773,18.2803382873535,18.8519778398946,0.169762360904421,1.1105124730081,175.199996948242,-37.2092057351903,-83.5145730716713,-175.199996948242,4.26540994644165,18.3700008392334,7.48999977111816,16.1660003662109,39.6300010681152,991.342604439214
5.175,-0.0299518477280925,-0.0708317062145815,0.481,-0.0966827109003129,0.204369166586723,-7.68258029568862,0.0855922359863914,-0.0675988358749834,0.0757381470170461,-0.0063128113129107,-0.0400031983669173,-2.57437106509291,0.0635660512908512,-0.0239727249601983,0.0718964227135664,15.4833800320874,9.6034064041011,-0.908210475712655,-7.9242286895259,-16.4277278111824,-0.348821854771421,7.45508316535025,-5.76107874562689,-2.81,0.0910874194045882,0.0382687346881049,18.2805969715118,18.8774477427379,0.169762360904421,1.1105124730081,175.199996948242,-37.2092057351903,-83.5145730716713,-175.199996948242,4.26540994644165,18.3700008392334,7.48999977111816,16.1660003662109,39.6300010681152,991.343919430139
5.2,-0.0324129053071102,-0.0741601728941511,0.481,-0.196678142459077,0.0723025164050192,-7.66692195312693,0.0558821098592437,-0.00103407504988182,0.0740236170645222,-0.005227533822749,-0.0388387263857171,-2.57269104498859,0.0243570887107666,0.0318959427012997,0.0705229645642292,15.5059385214892,9.59400476827843,-0.894585054889789,-7.91893340221985,-16.4454526999936,-0.341933633711097,7.45497059060964,-5.76114749047777,-2.81,0.0925258895021858,0.0376239539450159,18.2915134429932,18.8839257936276,0.169762360904421,1.1105124730081,175.199996948242,-37.2092057351903,-83.5145730716713,-175.199996948242,4.26540994644165,18.3700008392334,7.70905637741089,16.1379814147949,39.6300010681152,991.345234421064
5.225,-0.0293453299577867,-0.0796709021815074,0.481,-0.0997412400647865,0.25942924381033,-8.18984869435657,0.0623649649680935,0.0488651707603685,0.0732285657103442,-0.00540172873249318,-0.0374707592611891,-2.57111672118493,0.0330395962541611,0.0290829452767697,0.0704845191415583,15.5260128817863,9.59092387082188,-0.891272217622246,-7.9112015626346,-16.4657219184279,-0.360769188779455,7.45485801586902,-5.76121623532866,-2.81,0.0928710297243239,0.0371654633139417,18.3022747039795,18.8865285443424,0.169762360904421,1.1105124730081,175.199996948242,-37.2092057351903,-83.5145730716713,-175.199996948242,4.26540994644165,18.3700008392334,7.92000007629395,16.1110000610352,39.6300010681152,991.34654941199
5.25,-0.0293453299577867,-0.0796709021815074,0.481,-0.0229257587697727,0.113169601511236,-8.44253172806267,0.044830935838529,0.0503660197399727,0.0691461336079466,-0.00502013154141443,-0.0363762638816973,-2.56963446105003,0.0343302903596344,0.0306985894790653,0.0696300062373637,15.538747998133,9.58929111267455,-0.86886792933353,-7.89697894371413,-16.4826107132372,-0.351272700534461,7.45468764371109,-5.76132072097252,-2.81,0.0944623836729699,0.0368855066308526,18.3022747039795,18.885578255453,0.169762355396754,1.11051247183906,175.200424194336,-37.2166722263812,-83.5302192144982,-175.200424194336,4.26542711257935,18.3702373504639,7.92000007629395,16.1110000610352,39.6300010681152,991.347788396871
5.275,-0.0273543733501187,-0.0796740713123951,0.481,-0.0577491326198019,0.110334327574938,-8.9360205053799,0.0152825664282317,0.037169172147708,0.0660064643049463,-0.0019205917139804,-0.0366191040177194,-2.56860241201059,-0.00052656940109988,0.05397124154611,0.0647847482346107,15.5668331590161,9.56965812918751,-0.743392568248565,-7.90784088865159,-16.4889879570555,-0.19134380716699,7.45448634066076,-5.76144433367556,-2.81,0.102399763984433,0.0360465542140435,18.3023121132041,18.9192666440392,0.16976206624427,1.11051241046439,175.222702026367,-37.6086630082296,-84.3516417109372,-175.222702026367,4.26633501052856,18.3826179504395,7.43271207809448,16.1391315460205,39.6300010681152,991.345113070506
5.3,-0.0261895396617978,-0.0826390130150736,0.481,-0.0328693512178658,0.133625513772047,-9.29901211191418,-0.0403693330222605,0.0313974606016345,0.0575018073111186,-0.00814638140012758,-0.0340449800877194,-2.56680958577805,-0.0553291255358007,0.0186383271716881,0.0558756268472519,15.5887814278556,9.56367687784861,-0.749668300352844,-7.90405814426475,-16.5067865919207,-0.296455141253107,7.45428503761043,-5.7615679463786,-2.81,0.0996258548542392,0.0345712662879807,18.3102054595947,18.9118041653802,0.169761777091786,1.11051234908973,175.244995117188,-38.0006537900781,-85.1730642075338,-175.244995117188,4.26724243164062,18.3950004577637,6.94999980926514,16.1669998168945,39.6300010681152,991.342437744141
5.325,-0.0266284896273986,-0.0780345492239158,0.481,-0.04066266649452,0.14413615084394,-9.21897452698108,-0.0810681613936297,0.0449837446849741,0.0534044797731788,-0.0107498165679826,-0.0325723339412089,-2.56555979340939,-0.108044895979701,0.0314951970161274,0.0509055442989629,15.5951309293087,9.56971200404157,-0.696415546155004,-7.88518281475533,-16.5230667814869,-0.290942035316948,7.45412172913023,-5.76166868424171,-2.81,0.101521757893885,0.0343311239747305,18.3180988059854,18.9062848261337,0.169761487939302,1.11051228771506,175.267288208008,-38.3926445719266,-85.9944867040517,-175.267288208008,4.26815032958984,18.4073829650879,6.94999980926514,16.1669998168945,39.6300010681152,991.339762417775
5.35,-0.0251514112303648,-0.0772428287082565,0.481,0.0538426296557241,0.260463502693157,-9.02750805842405,-0.0829463756443785,0.0293151493342136,0.048640735103779,-0.00814821384847164,-0.0334009751677513,-2.56461381912231,-0.104703918099403,0.049087155610323,0.0477351099252701,15.6211620526678,9.57196435491608,-0.619267385470608,-7.88600824028059,-16.5471109661127,-0.175186448046659,7.45406922899306,-5.76170270933239,-2.81,0.106564875322373,0.0346018380602866,18.31813621521,18.9363473373906,0.169761198786818,1.11051222634039,175.289566040039,-38.784635353775,-86.8159092005695,-175.289566040039,4.26905822753906,18.4197635650635,6.94999980926514,16.1669998168945,39.6300010681152,991.33708709141
5.375,-0.0242709202383759,-0.0765981148527594,0.481,0.0707865283696681,0.126279168735394,-9.44044476962408,-0.0915089358519622,0.0054171905312011,0.0462754744987679,-0.0139645401654504,-0.0319310576127199,-2.56372675071392,-0.101056628223901,0.0155484540987012,0.044863048728024,15.6293108421433,9.57755516522308,-0.609595855062633,-7.87832639814868,-16.5604650247478,-0.243923713641609,7.4540167288559,-5.76173673442307,-2.81,0.104624245299759,0.0339618748092723,18.31813621521,18.9282335668143,0.169761193279151,1.11051222517135,175.289993286133,-38.7921018449659,-86.8315553433964,-175.289993286133,4.26907539367676,18.4200000762939,7.34433937072754,16.1458034515381,39.6300010681152,991.342507272396
5.4,-0.0242800162755319,-0.0708836726536858,0.481,0.0990046457403326,0.319832344227108,-10.2913931576764,-0.0918564181136351,0.0512745469042222,0.0464240550724088,-0.0124127751090245,-0.03228811414357,-2.56305300754218,-0.0834143928662562,0.0566466522756409,0.0467002786527893,15.6459304822433,9.57260208714099,-0.554503811850689,-7.88096482535102,-16.5710455027719,-0.167839857977581,7.45396422871874,-5.76177075951375,-2.81,0.108131336231886,0.0337699926533107,18.336633682251,18.9468065854033,0.169761193279151,1.11051222517135,175.289993286133,-38.7921018449659,-86.8315553433964,-175.289993286133,4.26907539367676,18.4200000762939,7.75,16.1240005493164,39.6300010681152,991.3480846477
5.425,-0.0240941861865801,-0.0742326313753329,0.481,0.143003140575081,0.131999668681437,-10.9275623336652,-0.0732442955695979,0.112022375048997,0.0399376282552655,-0.0171598287408124,-0.0270399773432907,-2.56135432815242,-0.0904529683719595,0.135407418977615,0.0409965282860507,15.6759480736468,9.54957847387836,-0.547561164581867,-7.89220982318414,-16.5789061273139,-0.287255972852519,7.45394345950577,-5.76178687073751,-2.81,0.107155167719903,0.0316206609986076,18.355397939682,18.9440947794641,0.169761193279151,1.11051222517135,175.289993286133,-38.7921018449659,-86.8315553433964,-175.289993286133,4.26907539367676,18.4200000762939,7.75,16.1240005493164,39.6300010681152,991.353662023005
5.45,-0.0206353261943143,-0.0741733380956932,0.481007078832088,0.351333070905597,0.286443378823657,-11.4353052616111,-0.122118039151526,0.104681792547807,0.0364459500088596,-0.0231740056742866,-0.0239268222991897,-2.56079875968127,-0.178902505470334,0.101783058595302,0.0302912139610606,15.7008927731854,9.55959162770772,-0.478205971590177,-7.89886774310715,-16.6022762914176,-0.323754899895855,7.45398299073945,-5.7617689390141,-2.81,0.108419997343704,0.0312152705193249,18.355842590332,18.9580600276262,0.169761193279151,1.11051222517135,175.289993286133,-38.7921018449659,-86.8315553433964,-175.289993286133,4.26907539367676,18.4200000762939,7.75,16.1240005493164,39.6300010681152,991.359239398309
5.475,-0.0164530120561017,-0.0656321104298019,0.481260035263102,0.445574775027816,0.127145186619464,-11.5511761547803,-0.117223173929561,0.0136210004605893,0.0266909329530979,-0.0259126665583751,-0.0248463590104705,-2.56042119850416,-0.16353132841171,0.0660717639158833,0.0240163059714283,15.6836261167599,9.56953380074899,-0.459526607655758,-7.87392447664648,-16.6031263354299,-0.317457497869647,7.45402252197314,-5.76175100729069,-2.81,0.108065233572902,0.0313497885176609,18.355842590332,18.9392224318477,0.169760920242148,1.11051216771132,175.294662475586,-39.1590903982987,-87.6071970858148,-175.294662475586,4.27090930938721,18.3779716491699,7.75,16.1240005493164,39.6276626586914,991.348456472721
5.5,-0.0160373972185892,-0.0638192700417855,0.481563526430311,0.446315597018698,0.241213991459841,-11.6449958914807,-0.17668844716572,-0.0590927672644349,0.0228168598031326,-0.0286513274424634,-0.0257658957217513,-2.56004363732706,-0.148160151353088,0.0303604692364669,0.0177413979817965,15.6694759804484,9.59600707919772,-0.458313305163035,-7.84315532584142,-16.6193410001324,-0.32908920917668,7.45406205320682,-5.76173307556727,-2.81,0.106772782624134,0.032360174584572,18.3845973824555,18.9221412038241,0.169760630657448,1.11051210676887,175.299621582031,-39.5483206798159,-88.4298474186136,-175.299621582031,4.27285385131836,18.3333969116211,8.17820739746094,16.1071605682373,39.6251907348633,991.336682013746
5.525,-0.0160373972185892,-0.0638192700417855,0.481867022151048,0.336073941231217,0.436066260077036,-12.1068994399975,-0.102785999186842,-0.0584743404890965,0.0186930233880486,-0.0313899883265517,-0.0266854324330321,-2.55966607614996,-0.132788974294465,-0.00535082544294955,0.0114664899921647,15.6737213335783,9.58911969509781,-0.42925798695408,-7.84501068551154,-16.6180557322487,-0.311529152780454,7.4541015844405,-5.76171514384386,-2.81,0.106838170165596,0.0315775459377366,18.4143388586224,18.9252562411833,0.169760341072748,1.11051204582642,175.304565429688,-39.9375509641694,-89.25249775157,-175.304565429688,4.27479934692383,18.2888202667236,8.64000034332275,16.0890007019043,39.6227111816406,991.32490755477
5.55,-0.018416554549614,-0.0594100820818053,0.482170514765487,0.412466035100059,0.189844100757371,-11.8107654574883,-0.0776123434321452,-0.0510499609107938,0.017258779345048,-0.0336276051068777,-0.0280073645248375,-2.55948382930767,-0.0788611070799694,-0.0574350866321118,0.0160814261607606,15.7015817907029,9.59543796571155,-0.501986588483348,-7.86656737293094,-16.6383151678692,-0.384287861845278,7.45414111567419,-5.76169721212045,-2.81,0.101577848720412,0.0315680745322644,18.4156074523926,18.9448939328074,0.169760051488048,1.11051198488397,175.309524536133,-40.3267812471047,-90.0751480843687,-175.309524536133,4.27674388885498,18.2442436218262,8.61617946624756,16.0923347473145,39.6202354431152,991.313133095795
5.575,-0.023491420367617,-0.0565528972753656,0.482474013169577,0.402604889421012,0.203517029279244,-11.5861232313809,-0.0964190122673735,-0.109622220172055,0.0122031058352741,-0.0366420844466697,-0.0323452447436801,-2.55939253424484,-0.111606133230461,-0.134376282015054,0.00569166726515446,15.7003401044417,9.59056304051175,-0.598625784145309,-7.87467948729243,-16.632275481648,-0.441324068684333,7.45415564138488,-5.76168925101184,-2.81,0.0943064609500532,0.0309454203122591,18.4156074523926,18.9407881849585,0.169760023908552,1.11051197907992,175.309997558594,-40.3638507978604,-90.1534957351603,-175.309997558594,4.27692937850952,18.2399997711182,8.59000015258789,16.0960006713867,39.6199989318848,991.31201171875
5.6,-0.0263631656231185,-0.0559849872606838,0.482777508463659,0.428067776433338,0.048587974385376,-11.2397519291236,-0.102911330106142,-0.183635113686097,0.00344110140742514,-0.0426111395342388,-0.0372038249256641,-2.55954056684697,-0.161545476839023,-0.206402869404626,0.00271512840717389,15.6882470828129,9.60814251893927,-0.659306425100282,-7.86733790911686,-16.6355998664141,-0.483730778586801,7.45416579023659,-5.76168303511669,-2.81,0.0874649258454085,0.031205397375624,18.4286871856114,18.93151001251,0.169760023908552,1.11051197907992,175.309997558594,-40.3638507978604,-90.1534957351603,-175.309997558594,4.27692937850952,18.2399997711182,8.59000015258789,16.0960006713867,39.6199989318848,991.31201171875
5.625,-0.0306616475057971,-0.0504628269232261,0.483081001908825,0.306519489279284,0.0414978764898853,-9.68325358870558,-0.17970003479682,-0.216764847095893,0.00452388717655088,-0.0472635105252266,-0.042397178709507,-2.55963563919067,-0.252182632684708,-0.227775618433952,0.000416321243392304,15.68005406723,9.65314333781985,-0.713354068404821,-7.84705001753679,-16.6651419131841,-0.502987986307794,7.45415077239218,-5.76169272146023,-2.81,0.08151175516096,0.0330799723937685,18.4424863041572,18.9297188125325,0.169760023908552,1.11051197907992,175.309997558594,-40.3638507978604,-90.1534957351603,-175.309997558594,4.27692937850952,18.2399997711182,8.59000015258789,16.0960006713867,39.6199989318848,991.31201171875
5.65,-0.0340802098797998,-0.0450015943639299,0.483384496693927,0.127258011578233,0.321893227439951,-8.55402382225171,-0.157909446796088,-0.221804121917145,0.00136679523694915,-0.0485812483253707,-0.0484942235091951,-2.55955671923981,-0.124353228732495,-0.19308534576694,-0.00337597360447282,15.6802672776684,9.65566533886007,-0.744174610593689,-7.85028377736861,-16.6681251141555,-0.450666927872528,7.45409292012672,-5.76172947385905,-2.81,0.0781753098967971,0.0330750437268974,18.4433364868164,18.9404293643716,0.169760023908552,1.11051197907992,175.309997558594,-40.3638507978604,-90.1534957351603,-175.309997558594,4.27692937850952,18.2399997711182,8.59000015258789,16.0960006713867,39.6199989318848,991.31201171875
5.675,-0.0405208695109029,-0.0417869399131757,0.483687991479028,0.0495141988405959,0.163752056181939,-8.17690693713798,-0.137849287869539,-0.165153977559382,-0.00296932795633006,-0.05333143846788,-0.050999459193472,-2.55985524275309,-0.146696338734603,-0.110992860093682,-0.00605413825754652,15.6974513495646,9.64565614492034,-0.740248597084815,-7.88085428625133,-16.6638798105295,-0.451524863739187,7.45403506786126,-5.76176622625788,-2.81,0.0755906551462885,0.0320277848119736,18.4433364868164,18.9625240164804,0.169759772560558,1.11051192663772,175.318588256836,-40.6987912792372,-90.8675234817801,-175.318588256836,4.27618026733398,18.2786331176758,8.5760612487793,16.0973949432373,39.6199989318848,991.31456612641
5.7,-0.0402772579403479,-0.0358216591418817,0.483991487716516,-0.017828889912286,0.30942572391822,-7.89793101840269,-0.128728720118404,-0.0788461942241975,-0.00448936460939702,-0.0558038152449825,-0.0513545752826036,-2.56010317375791,-0.137139662550724,0.00152123955317448,-0.00731927368360098,15.7212303080742,9.64524268601943,-0.675008308818038,-7.90313155265218,-16.6739698352132,-0.403319581186694,7.4539772155958,-5.7618029786567,-2.81,0.0776734665354627,0.0317180269757854,18.4494651758446,18.9923217607387,0.169759482543642,1.11051186612748,175.328491210938,-41.0852610632594,-91.6914016509385,-175.328491210938,4.275315284729,18.3232078552246,8.5600004196167,16.0990009307861,39.6199989318848,991.317513519863
5.725,-0.041226277658693,-0.0343186133706168,0.484294981666241,-0.0473378040326687,0.203193507108581,-7.71015525405273,-0.0826055214343294,-0.0181891750308787,-0.00825305122560274,-0.0567225826682675,-0.0506348300637275,-2.56043072576653,-0.0942507143258649,0.054179726471435,-0.00965094793556858,15.7387372267956,9.64537107333879,-0.639651205445365,-7.92128313867099,-16.6809302315444,-0.387332348900414,7.45391936333034,-5.76183973105552,-2.81,0.0791333714056944,0.0316330520410939,18.4560628971964,19.0129615758067,0.169759192526726,1.11051180561725,175.338394165039,-41.4717308486997,-92.515279820097,-175.338394165039,4.27445125579834,18.3677825927734,8.5600004196167,16.0990009307861,39.6199989318848,991.320460913316
5.75,-0.038944840683955,-0.0320371763958787,0.484598472939981,-0.127566579265509,0.316684592574029,-7.86760182040726,-0.0523508023846016,0.0334762219219182,-0.0067349866340706,-0.0574052855372429,-0.0500776618719101,-2.56070804595947,-0.051819734275341,0.0913219302892685,-0.0113976327702403,15.7544580612469,9.64952671204541,-0.585148668611322,-7.93331183421178,-16.6913250514378,-0.347771337007222,7.45379488189844,-5.7619209673484,-2.81,0.0816868432938332,0.0317800861789547,18.4565944671631,19.0335886452118,0.16975890250981,1.11051174510701,175.348297119141,-41.8582006341401,-93.3391579891767,-175.348297119141,4.27358675003052,18.4123592376709,8.5600004196167,16.0990009307861,39.6199989318848,991.32340830677
5.775,-0.0369464843565919,-0.032040357305366,0.484880594503724,-0.143422244605892,0.246011117590347,-7.86235401900939,0.030267526839625,0.0981790106800827,-0.0119999279091071,-0.0566052939068846,-0.0471971105700153,-2.56121957413162,-0.0111723906604392,0.145087210335947,-0.0135094946570469,15.7784249760413,9.62722190543519,-0.477476184145803,-7.9647556828023,-16.6840244768076,-0.275815188189132,7.45362978476018,-5.76202932006605,-2.81,0.0880841771222765,0.0307041296026286,18.4565944671631,19.064067805446,0.169758852792624,1.11051173473383,175.350006103516,-41.9244525967101,-93.4803942468052,-175.350006103516,4.27343845367432,18.4200000762939,8.5600004196167,16.0990009307861,39.6199989318848,991.326405795115
5.8,-0.0361916545901909,-0.032169553783107,0.485,-0.121087728812979,0.113600223108328,-7.84761399582474,0.0358118545236911,0.150210839786026,-0.0161080306651405,-0.0559660121798515,-0.0448952317237854,-2.5616283416748,0.0213093291968107,0.188051611185074,-0.0151971057057381,15.7880163649932,9.62190765138074,-0.342934793450465,-7.97216634888277,-16.684586886897,-0.17116069898321,7.45346468762192,-5.76213767278369,-2.81,0.0957596734021784,0.0305097760685576,18.4596934408512,19.0843774476888,0.169758852792624,1.11051173473383,175.350006103516,-41.9244525967101,-93.4803942468052,-175.350006103516,4.27343845367432,18.4200000762939,8.2113208770752,16.1211891174316,39.6199989318848,991.329413647922
5.825,-0.0300499778453468,-0.0358608105598922,0.485,-0.152437488164693,0.123341889422268,-8.28298293219415,0.01758092577928,0.215140410960577,-0.0217758231041081,-0.0554978715047418,-0.039507435094405,-2.56234694497237,0.0408609543252917,0.228753618672926,-0.0169135938349128,15.7959868416453,9.6306974203709,-0.306163197269088,-7.98236369488323,-16.6910983394811,-0.215348721640539,7.45330721433089,-5.76224088551298,-2.81,0.0987896885181339,0.0310810094333391,18.4630990838105,19.0901041621833,0.169758852792624,1.11051173473383,175.350006103516,-41.9244525967101,-93.4803942468052,-175.350006103516,4.27343845367432,18.4200000762939,7.78999996185303,16.1480007171631,39.6199989318848,991.332421500728
5.85,-0.0259661287576365,-0.0365477703478416,0.485,-0.108535354701914,0.0965695137536236,-8.7687568560929,0.030211063618965,0.26714854735372,-0.0227838897763106,-0.0577898643733807,-0.0270402630743191,-2.56370338657648,-0.00964351441415862,0.29773775775633,-0.0213416386472313,15.8090445951953,9.62829929239233,-0.0800644258399062,-8.00327471766507,-16.689536271581,-0.208378075158754,7.45315906881828,-5.76233780946561,-2.81,0.111592038260405,0.0307670592691036,18.4634380340576,19.1068953068314,0.169758852792624,1.11051173473383,175.350006103516,-41.9244525967101,-93.4803942468052,-175.350006103516,4.27343845367432,18.4200000762939,7.78999996185303,16.1480007171631,39.6199989318848,991.335429353534
5.875,-0.0179299196820001,-0.0326437002983804,0.485,-0.0110117003001119,0.151036821031059,-9.92293529972483,0.0319423977744373,0.292535403659308,-0.0217156157365366,-0.0559686203577465,-0.0187383832121666,-2.56452495418539,0.0276104917907055,0.320001798302601,-0.0182736315356257,15.8074545033093,9.63207879705682,0.0626042134584652,-8.00420014892725,-16.6900223725908,-0.180034143370526,7.45301092330567,-5.76243473341824,-2.81,0.121333566511813,0.0312251257385872,18.4634380340576,19.1116264653324,0.169758852792624,1.11051173473383,175.350006103516,-41.9244525967101,-93.4803942468052,-175.350006103516,4.27343845367432,18.4200000762939,7.78999996185303,16.1480007171631,39.6180419921875,991.333681934285
5.9,-0.0132675821351732,-0.0383040933340116,0.485,0.0522212586535237,0.100655788313811,-11.2870002351228,0.0761894078349216,0.300383533943042,-0.0206513343561299,-0.0546477169182125,-0.0136998631499009,-2.56497254488362,0.0513333957264951,0.319437100638388,-0.0171310843756007,15.8036222386712,9.62443876139821,0.136802575562869,-8.00813813937599,-16.6806162998151,-0.172556304500762,7.45286277779306,-5.76253165737086,-2.81,0.126722099985935,0.0310107079400552,18.4536878297914,19.110291229262,0.169758852792624,1.11051173473383,175.350006103516,-41.9244525967101,-93.4803942468052,-175.350006103516,4.27343845367432,18.4200000762939,7.48405694961548,16.1400184631348,39.6155662536621,991.330674081478
5.925,-0.00655916244082497,-0.0352632897600891,0.485,0.250888701340712,0.0684809476675235,-12.6007599773326,0.0595972883694427,0.294719076329894,-0.0166866418560694,-0.0515581657584488,-0.00990135406263364,-2.56533808896549,0.11392231318481,0.294162034901631,-0.0155511453344832,15.7949557859332,9.64309496351483,0.188189657955599,-7.99343351948804,-16.6909272630561,-0.15261641853632,7.45281892544155,-5.76256484784801,-2.81,0.131566163147891,0.0323907235143275,18.4427447813862,19.107001522208,0.169758852792624,1.11051173473383,175.350006103516,-41.9244525967101,-93.4803942468052,-175.350006103516,4.27343845367432,18.4200000762939,7.09999990463257,16.1299991607666,39.6130905151367,991.327666228672
5.95,-0.0051920392250407,-0.0393473330575161,0.485,0.379079898721945,0.112672274707535,-13.3771697704265,0.0794073859531438,0.240695982386498,-0.0216327605194978,-0.0500958776544159,-0.000627409181495924,-2.56638980898577,0.123379130955798,0.199741923734123,-0.020654041616619,15.7801608359252,9.61251081602216,0.190328623152763,-8.01312073305458,-16.6481470596544,-0.28135525268199,7.45292179862161,-5.76250837445869,-2.81,0.134090285407789,0.031104164635306,18.4414482116699,19.0811332324468,0.169758852792624,1.11051173473383,175.350006103516,-41.9244525967101,-93.4803942468052,-175.350006103516,4.27343845367432,18.4200000762939,7.09999990463257,16.1299991607666,39.6106109619141,991.324658375866
5.975,0.000488138220994867,-0.0443911656321837,0.485,0.431691623432091,0.0212778329985367,-13.6383454704648,0.0569036355617276,0.153409639596865,-0.0228155047321122,-0.0497040452030694,0.00193579389327423,-2.56720600745755,0.085883052757769,0.0888409129138081,-0.0259505595491071,15.7532267906789,9.62893357909811,0.191030912018354,-7.99445908877852,-16.6404460778786,-0.318099364439125,7.45302467180167,-5.76245190106937,-2.81,0.134921069638225,0.0321668368257361,18.4414482116699,19.0568906336158,0.169758633939039,1.11051168920708,175.364898681641,-42.2152251011493,-94.1021120897367,-175.364898681641,4.27444648742676,18.4274520874023,7.09999990463257,16.1299991607666,39.6118621826172,991.325073530089
6,0.00166351058902962,-0.0448000674341525,0.485,0.537395968032138,0.00552618220544523,-13.65078527833,0.0105456624239931,0.0456581353994587,-0.0296607482060757,-0.0514189838841909,0.00410393236838487,-2.5682299429825,-0.0517317543832801,0.0183759100223364,-0.0340225794909457,15.7134415085548,9.65693341546754,0.107789796729511,-7.96453937672013,-16.6295212746795,-0.453167039271161,7.45312754498174,-5.76239542768005,-2.81,0.130395141386145,0.0336575019873382,18.4406925057465,19.0093013834765,0.16975834305769,1.11051162869684,175.384735107422,-42.6016948865897,-94.928445931457,-175.384735107422,4.27578639984131,18.4373588562012,7.21716976165771,16.1438865661621,39.6143417358398,991.326615243588
6.025,0.000589100651465755,-0.0428198064283682,0.485,0.483815254954323,-0.0541498213321906,-13.3712451126121,-0.0132528665117304,-0.0310912661766854,-0.0328251276008479,-0.0524899668693613,0.00183831825040641,-2.56907660195547,-0.000247607071471418,-0.0906585697775977,-0.034109523640363,15.6700204003099,9.71684081984673,0.015528314199053,-7.91322564949197,-16.6455399722079,-0.523101182143403,7.45321330120546,-5.76234825623207,-2.81,0.124903667584323,0.0369163186198498,18.4398259081931,18.9684267706974,0.169758052176342,1.11051156818661,175.404525756836,-42.9881646720301,-95.754779773335,-175.404525756836,4.27712631225586,18.4472637176514,7.36999988555908,16.1620006561279,39.6168174743652,991.328156957087
6.05,-0.000545717780340849,-0.0370788191334582,0.485,0.466548753379552,-0.102960057111107,-12.889753606775,-0.0724860709592528,-0.092241534802725,-0.0350918854034583,-0.054933013690749,-0.000374795377793237,-2.57014297606114,-0.161413979224512,-0.105664939293332,-0.0402450860545707,15.6540888158507,9.7108316749754,-0.0664729908702567,-7.92489486172585,-16.6192283074966,-0.593682597569662,7.45324536799142,-5.76233026146654,-2.81,0.119101211443534,0.0365221256612387,18.4397068023682,18.9544584447843,0.169757761294994,1.11051150767637,175.424346923828,-43.3746344560522,-96.5811136152129,-175.424346923828,4.27846622467041,18.4571685791016,7.36999988555908,16.1620006561279,39.6192893981934,991.329698670585
6.075,-0.00375177102865754,-0.0338083357070959,0.484933563403523,0.358601136358755,0.0608611321398485,-11.9392547374013,-0.0831567435028633,-0.169834659096509,-0.0358256036567832,-0.0561781398954662,-0.00411523212036389,-2.57082039863987,-0.147261960535644,-0.149704590131745,-0.04094914018863,15.6280289111766,9.7351961403285,-0.10678459606465,-7.90467221772901,-16.6189671840955,-0.588915404292727,7.45327743477738,-5.76231226670102,-2.81,0.115842832526669,0.0378360146314477,18.4397068023682,18.9385002126778,0.169757469796195,1.11051144716614,175.435302734375,-43.7611042414926,-97.4092015088419,-175.435302734375,4.27875661849976,18.4546928405762,7.36999988555908,16.1620006561279,39.6182289123535,991.327720786041
6.1,-0.00431944550405323,-0.0326286245126304,0.484629433278266,0.340331029612269,0.0261929438911186,-10.9397351138774,-0.069833104659177,-0.228488275079389,-0.0350374666876846,-0.0575835150556831,-0.00794608395316384,-2.57149642700938,-0.129879515094303,-0.196102318389898,-0.0409616424554277,15.6056553482895,9.75353499642184,-0.149689278027196,-7.89121035207536,-16.6155004684883,-0.586748682948915,7.45331046175143,-5.76229368576218,-2.81,0.112324075176511,0.0388107942861142,18.4283884876179,18.9258886949423,0.169757178050415,1.1105113866559,175.442733764648,-44.147574026933,-98.2379910232816,-175.442733764648,4.27862691879272,18.4472637176514,7.92613220214844,16.1301612854004,39.6157531738281,991.324335062279
6.125,-0.0118293988164175,-0.0307267431267537,0.484305706966589,0.254810720648163,0.067202399048591,-10.0915177709384,-0.0724652595968205,-0.253847760691608,-0.028794513368373,-0.0611906971000383,-0.0131058039366838,-2.57215191870007,-0.067177781419076,-0.274284412357426,-0.0312785506426052,15.580678076806,9.77383292266808,-0.299891321626427,-7.88094172654554,-16.6068094677849,-0.692756047653935,7.45336012923286,-5.76226494616645,-2.81,0.101873635459591,0.0396706382404236,18.4151209075496,18.9004677518637,0.169756886304635,1.11051132614566,175.450164794922,-44.5340438109551,-99.0667805377214,-175.450164794922,4.27849721908569,18.4398345947266,8.68000030517578,16.0869998931885,39.61328125,991.320949338517
6.15,-0.0153632734428196,-0.0303624368104819,0.483981979113475,0.0931014870352823,0.0809889495355939,-9.30237268345615,-0.0377324005302402,-0.25591880790967,-0.0286569576045074,-0.0608313442497303,-0.0201009148085456,-2.57290310978493,-0.0584493677096286,-0.245145900183715,-0.0335974875958932,15.5632586633853,9.76299791107679,-0.35362929473092,-7.89074963826451,-16.5828511051227,-0.633499396038057,7.45340979671428,-5.76223620657073,-2.81,0.0979852372784739,0.0393358280969071,18.4130458831787,18.9014838155066,0.169756594558855,1.11051126563543,175.457595825195,-44.9205135963955,-99.8955700521611,-175.457595825195,4.27836751937866,18.4324073791504,8.68000030517578,16.0869998931885,39.6108016967773,991.317563614755
6.175,-0.0205015889207459,-0.0303957215443043,0.483658249267501,0.0729726469146657,-0.107453938557758,-8.70317269907927,-0.0310362657176747,-0.234743333037191,-0.0263582387588675,-0.0635882412067137,-0.0297191524257227,-2.57413514529944,-0.0662022619913872,-0.212116226168089,-0.0289250210918631,15.5423813552088,9.78682424582581,-0.462162688233913,-7.89387975456335,-16.5789742399273,-0.620819564882178,7.45345946419571,-5.762207466975,-2.81,0.08922524717345,0.0405871296557739,18.4130458831787,18.9033271011642,0.169756500088793,1.11051124604164,175.460006713867,-45.0456561929914,-100.16393999017,-175.460006713867,4.27832555770874,18.4300003051758,8.68000030517578,16.0869998931885,39.6100006103516,991.31636508006
6.2,-0.027595087766253,-0.0291942805249971,0.483334523747961,0.0649326608823546,-0.0111518520464589,-8.17061595300465,-0.057154950094745,-0.21405143463106,-0.0195561192591767,-0.0659315061144003,-0.0342491444956171,-2.574712674007,-0.0841839319385433,-0.197240136856869,-0.0229875700396875,15.5438726461802,9.79579739114943,-0.509873144271691,-7.90725666865777,-16.5806809722239,-0.621212093947953,7.45350913167713,-5.76217872737927,-2.81,0.0847239703365202,0.040921328247059,18.4114085863221,18.9151766920673,0.169756500088793,1.11051124604164,175.460006713867,-45.0456561929914,-100.16393999017,-175.460006713867,4.27832555770874,18.4300003051758,8.58452796936035,16.1006984710693,39.6100006103516,991.316213931678
6.225,-0.0294383081848967,-0.0212587941965582,0.483010796008419,0.0448029886471445,0.0278181493222355,-7.37176291677685,-0.00684866995219456,-0.207629150276812,-0.016919758636714,-0.0659807424526678,-0.0392351750810048,-2.57505890191971,-0.0244638496505532,-0.188390040185961,-0.0152780231148983,15.5398752654275,9.79494525662177,-0.49087408333231,-7.91127785563747,-16.5772583334342,-0.525187631647189,7.45355879915856,-5.76214998778354,-2.81,0.084779284538113,0.0409592000206875,18.4094456906589,18.9278932138605,0.169756500088793,1.11051124604164,175.460006713867,-45.0456561929914,-100.16393999017,-175.460006713867,4.27832555770874,18.4300003051758,8.44999980926514,16.1200008392334,39.6100006103516,991.316062783295
6.25,-0.0294383081848967,-0.0212587941965582,0.482687068268877,-0.09411613442111,0.0662902065988452,-6.91180907666147,-0.0145213289658551,-0.17407602556596,-0.0094505684857495,-0.0658063696654719,-0.0433623475599785,-2.57537162059748,0.024127267710649,-0.164490724222041,-0.00880209445568589,15.5404124854256,9.80411307059849,-0.489946423171378,-7.91351154546435,-16.5840548080581,-0.458870307338138,7.45359128230279,-5.76213104534064,-2.81,0.0841259980262836,0.0415334630480585,18.4091014862061,18.9417447474343,0.169756500088793,1.11051124604164,175.460006713867,-45.0456561929914,-100.16393999017,-175.460006713867,4.27832555770874,18.4300003051758,8.44999980926514,16.1200008392334,39.6100006103516,991.315911634913
6.275,-0.035449024745524,-0.0232538573035579,0.48236334141585,-0.241053059326507,0.190764020935659,-6.74088686525746,0.0666223529085662,-0.0889178717492151,-0.00504495033193778,-0.0645464426182465,-0.0433200252822118,-2.57552166213643,0.0186906468882675,-0.0675320280570544,-0.00831500708670367,15.5495684481436,9.76736366196038,-0.478170281920296,-7.94123779725096,-16.5580369791606,-0.432749686611686,7.45360129860132,-5.76212491171998,-2.81,0.0853032510141495,0.0397326621336129,18.4091014862061,18.9526807393465,0.169756314202995,1.11051120743034,175.472640991211,-45.2922607233294,-100.692003156239,-175.472640991211,4.27747058868408,18.4331607818604,8.17662715911865,16.1208171844482,39.6100006103516,991.314969620615
6.3,-0.0345114795098027,-0.0251095833844417,0.4820396158771,-0.197164578166259,0.0436562033129472,-6.94859303237042,0.132675073271646,0.0242407302554918,0.00133229189928081,-0.0607813400503437,-0.04210237649597,-2.57572404308288,0.168153851587722,0.0311997311200081,0.00193188910614158,15.5682846202123,9.75390984995459,-0.410699706342425,-7.95900153956095,-16.5593872276329,-0.346275561287226,7.45361131489985,-5.76211877809933,-2.81,0.0907629197697234,0.0394082948594337,18.4013502013009,18.9789246029034,0.169756022889431,1.11051114692011,175.492462158203,-45.6787305087697,-101.519564834319,-175.492462158203,4.27613067626953,18.4381141662598,7.78000020980835,16.1219997406006,39.6100006103516,991.313579055498
6.325,-0.0345095368594914,-0.0263300228711529,0.481715885707512,-0.131885936353232,0.0765822359738584,-7.37317861084004,0.133448261147416,0.0970608309729782,0.00780524989683673,-0.0576705298567212,-0.0392135624817783,-2.57571801718032,0.184587700405175,0.0942309825208454,0.00990494631175219,15.5792399794877,9.74190448046424,-0.37616062088205,-7.96879105215141,-16.5575147806402,-0.32556337891815,7.45364018584288,-5.76210357542497,-2.81,0.0945320539327101,0.0390768017519634,18.391841357609,18.9885416423832,0.169755731575866,1.11051108640987,175.512268066406,-46.0652002927919,-102.347126512478,-175.512268066406,4.27479076385498,18.4430656433105,7.78000020980835,16.1219997406006,39.6100006103516,991.312188490382
6.35,-0.031424313461013,-0.0294152462696313,0.48139216016814,-0.12496149745851,0.0261638996262307,-8.41207022442374,0.180967268621966,0.139383515593136,0.0121499688199844,-0.055466563550487,-0.0380113566434341,-2.57563249584632,0.170455301496569,0.128916709430485,0.0116679339196529,15.5914874180654,9.71004393459536,-0.253887761381013,-7.98503511578797,-16.5421768890491,-0.198721125916516,7.45369097216853,-5.76207783148679,-2.81,0.102146534238041,0.0375814890015161,18.3899936676025,19.0100914323956,0.169755440262302,1.11051102589964,175.532073974609,-46.4516700782323,-103.174688190558,-175.532073974609,4.27345085144043,18.44801902771,7.78000020980835,16.1219997406006,39.6100006103516,991.310797925265
6.375,-0.0257783512529385,-0.0370579606524569,0.481268615827605,-0.0411130263655264,-0.0290353038169771,-9.2645710582251,0.150834242134254,0.171035098535482,0.0153780353394049,-0.0487190681866597,-0.0298185869608637,-2.57524400602699,0.144957980494579,0.195910208176062,0.0188286254275338,15.6088011441263,9.71014958140799,-0.208907534230723,-7.98464162446797,-16.557904948126,-0.215875579188337,7.45374175849417,-5.7620520875486,-2.81,0.109133920246823,0.0382282281924257,18.3899936676025,19.0164034974338,0.169755323736877,1.11051100169554,175.539993286133,-46.6062579932593,-103.505712861853,-175.539993286133,4.27291488647461,18.4500007629395,7.78000020980835,16.1219997406006,39.608512878418,991.309271326605
6.4,-0.0222542071382435,-0.0374170112703076,0.482276482063973,-0.0461521950844121,0.0153803906667091,-10.0220809321022,0.14539756669265,0.199549541632595,0.0185768438353699,-0.0462413622680321,-0.0261217354964612,-2.57505409788659,0.145201585414863,0.209308708717473,0.0193420113076842,15.6207324633953,9.6992448046177,-0.177123026611946,-7.99372500348631,-16.5579964092975,-0.217072609418826,7.45377729389837,-5.76203528185294,-2.81,0.112591451793695,0.0378766348075452,18.3812504894329,19.0237056417993,0.169755323736877,1.11051100169554,175.539993286133,-46.6062579932593,-103.505712861853,-175.539993286133,4.27291488647461,18.4500007629395,7.49867916107178,16.1271514892578,39.6060371398926,991.307654038915
6.425,-0.0179734694902767,-0.0441338974090164,0.483895125135208,0.12497201017309,0.0109758001345956,-10.9046468786458,0.135000970187547,0.195895352952017,0.0184289602405923,-0.0467102290299777,-0.0223287046683774,-2.57495681602692,0.142550466739724,0.184496740981458,0.0191081943866763,15.6265032255088,9.69283640115854,-0.182747124885386,-8.00011312805421,-16.5556159704388,-0.286088877453318,7.45372290317091,-5.76207117996119,-2.81,0.112756772242593,0.0374465330250564,18.3702694739936,19.0181961441813,0.169755323736877,1.11051100169554,175.539993286133,-46.6062579932593,-103.505712861853,-175.539993286133,4.27291488647461,18.4500007629395,7.07000017166138,16.1350002288818,39.6035614013672,991.306036751225
6.45,-0.0162634285900955,-0.04310961660127,0.485513766495385,0.181359002092915,-0.00882219475254936,-11.369081364548,0.106923485714401,0.152151253755345,0.0156649871661703,-0.0428298214975855,-0.0162880600796614,-2.57449310906167,0.11301684836082,0.11851972588363,0.0188365366460685,15.6077733883292,9.69276307246298,-0.115948804533234,-7.97072674781831,-16.5516377266333,-0.27657534871045,7.45366851244346,-5.76210707806944,-2.81,0.119338588064871,0.0378475145876945,18.3679275512695,18.993266733894,0.169755323736877,1.11051100169554,175.539993286133,-46.6062579932593,-103.505712861853,-175.539993286133,4.27291488647461,18.4500007629395,7.07000017166138,16.1350002288818,39.6010856628418,991.304419463536
6.475,-0.0122909483302828,-0.0457457542026311,0.48713240828707,0.206595689776802,0.0182509213230089,-11.6386897193085,0.0958425303710566,0.107212872420947,0.0183345756559594,-0.0414612081984786,-0.0145866641701389,-2.57431588140853,0.0930388150075596,0.0792527276476998,0.0173383679325513,15.5994450180219,9.69079834980869,-0.114950576530248,-7.96082499234039,-16.5471825804907,-0.28893814428309,7.45361412171601,-5.76214297617769,-2.81,0.120413532835569,0.0378983668024588,18.3679275512695,18.9809843092476,0.169755160289262,1.11051096720882,175.546951293945,-46.8265194805539,-103.970033782469,-175.546951293945,4.27267217636108,18.441650390625,7.07000017166138,16.1350002288818,39.5999984741211,991.304347919968
6.5,-0.0115951279113546,-0.0467588124043044,0.488300085854356,0.232992677989902,0.0183859566451561,-11.6744969123697,0.0831883403343269,0.0517487474837635,0.0158432520791814,-0.0399809788045505,-0.0131159976186371,-2.574121126952,0.0752370467557232,0.0352215773874428,0.0156931861374478,15.5897998127244,9.6889478847289,-0.121600769115283,-7.94974257510251,-16.5421091367781,-0.304260344753275,7.45355973098856,-5.76217887428594,-2.81,0.12110735274645,0.0379732525773481,18.3672517740502,18.9670068702708,0.169754869407914,1.11051090583416,175.559341430664,-47.2185102609842,-104.796367624268,-175.559341430664,4.27223968505859,18.426794052124,7.08547210693359,16.1380939483643,39.5999984741211,991.305481532835
6.525,-0.0107990139473555,-0.0484060891684545,0.486260626703018,0.12622078921865,-0.0204137715384798,-11.1600082317429,0.0637868348382848,0.00659245258299951,0.0143229157745779,-0.0378945171833038,-0.0130820404738188,-2.57382965087891,0.0711456909775734,-0.0354613475501537,0.0132371829822659,15.5826333814209,9.68948479628867,-0.182469879580404,-7.93971078911874,-16.5402379597278,-0.345535519109425,7.45349664528013,-5.76222012159824,-2.81,0.118966428779287,0.0382484092303916,18.3663823289691,18.9523109096238,0.169754578526566,1.11051084445949,175.571716308594,-47.6105010442508,-105.622701466146,-175.571716308594,4.27180767059326,18.4119338989258,7.1100001335144,16.1429996490479,39.5999984741211,991.306615145701
6.55,-0.0117155058242201,-0.0493225810453191,0.483040740013231,0.0990256419813669,-0.00129080690194783,-10.6996380475529,0.047253426457355,-0.0333288617593261,0.0147539785486022,-0.0358615970364614,-0.0139338418823907,-2.5737153487772,0.0461458325539932,-0.0313351417840245,0.0121271634144289,15.5750001639465,9.69004831110054,-0.252319356855061,-7.93267221722964,-16.5368596514109,-0.382512483156958,7.45341358779262,-5.7622736556679,-2.81,0.116153925896447,0.0385514043925273,18.3661804199219,18.9398003005205,0.169754287645218,1.11051078308482,175.584106445312,-48.0024918246811,-106.449035307945,-175.584106445312,4.27137517929077,18.3970737457275,7.1100001335144,16.1429996490479,39.5999984741211,991.307748758568
6.575,-0.0133790617876267,-0.0539944585909498,0.481,0.110826716189964,0.0933894539270627,-10.3371507058511,0.0425761270829366,-0.0683110887357316,0.0110512877241732,-0.0347546045917215,-0.0162499995688856,-2.57353088056083,0.0171957259506467,-0.0617608318220425,0.00873040251376054,15.5592147783734,9.69398121578537,-0.335619240420792,-7.91711284474691,-16.5323486266124,-0.419344366582383,7.45333053030512,-5.76232718973756,-2.81,0.111974733465249,0.038926299719256,18.3661804199219,18.919807759436,0.16975414913029,1.11051075385879,175.589996337891,-48.1891541016168,-106.842527613575,-175.589996337891,4.27116966247559,18.3899993896484,7.1100001335144,16.1429996490479,39.5999984741211,991.308011468851
6.6,-0.0148122208433019,-0.0512959710942369,0.481,-0.031903490038713,0.00103528239586112,-9.96597836441141,0.0457947082221735,-0.0789406388778849,0.010084314178543,-0.0336429690660364,-0.0177260654616926,-2.57344463436012,0.0187735502464413,-0.0647787708871257,0.00890984389385283,15.555357105739,9.69848526422594,-0.351155576722777,-7.91047699622864,-16.5353055628842,-0.401353934481616,7.45324747281761,-5.76238072380723,-2.81,0.111435094764084,0.0393058730280423,18.3610025081994,18.9182852028959,0.16975414913029,1.11051075385879,175.589996337891,-48.1891541016168,-106.842527613575,-175.589996337891,4.27116966247559,18.3899993896484,7.13641500473022,16.1392269134521,39.5999984741211,991.307482449514
6.625,-0.0154156212291052,-0.0555663958507285,0.481,-0.0557758240756024,0.0646801776311207,-9.70908261476755,0.0343746101164117,-0.0752429265292394,0.0140578997297564,-0.0352755689560342,-0.0188891789459148,-2.57347120699238,0.0548079649337011,-0.106344200315233,0.00922769299107411,15.5540449115145,9.70604366643803,-0.404533934364048,-7.90885073976181,-16.539177927354,-0.452678618625547,7.45318203115635,-5.76242320820846,-2.81,0.107649382753052,0.0395177473026609,18.3541741371155,18.9126269255879,0.16975414913029,1.11051075385879,175.589996337891,-48.1891541016168,-106.842527613575,-175.589996337891,4.27116966247559,18.3899993896484,7.17999982833862,16.132999420166,39.5999984741211,991.306953430176
6.65,-0.016443779844658,-0.0545382372351757,0.481,0.0188807999184219,0.0433403906175739,-9.27559546856027,0.0204587166338815,-0.0979982825481558,0.0085108993807001,-0.0349241849130009,-0.0227680346529704,-2.5733483340741,0.0443109260885802,-0.133336036719444,0.0068200306627721,15.5498700558347,9.69842751797996,-0.374545666022829,-7.90742815923821,-16.5330610561419,-0.358763921215022,7.45314324336956,-5.76244897375296,-2.81,0.108701868630193,0.0391474742237024,18.3524589538574,18.9198783494464,0.16975414913029,1.11051075385879,175.589996337891,-48.1891541016168,-106.842527613575,-175.589996337891,4.27116966247559,18.3899993896484,7.17999982833862,16.132999420166,39.5999984741211,991.306424410838
6.675,-0.0198276369668945,-0.0541556416072679,0.481,-0.119995146894496,0.0082309618173585,-8.41149639352035,-0.0150303712726601,-0.121070639473351,0.00692084923070277,-0.03601558135771,-0.0256302304938905,-2.57334452804169,0.0122401404437422,-0.138884137737634,0.00628802523670199,15.5350903580604,9.70435371980444,-0.405517860380264,-7.8944602999458,-16.5296247520714,-0.356315050985441,7.45310445558277,-5.76247473929745,-2.81,0.106109396451274,0.0393636363699555,18.3524589538574,18.9076659890041,0.16975414913029,1.11051075385879,175.589996337891,-48.1891541016168,-106.842527613575,-175.589996337891,4.27116966247559,18.3899993896484,7.17999982833862,16.132999420166,39.5999984741211,991.305454901929
6.7,-0.0206470130578925,-0.0541883119131123,0.481,-0.127298382199941,0.0841321960680646,-8.20627277692725,-0.0272509701493612,-0.107751290332594,0.0103407991895322,-0.0365539229553937,-0.0276045488269822,-2.57325835806072,-0.0211515860338451,-0.107008830769941,0.00691303914149456,15.5313377278379,9.70812324423088,-0.417114265152162,-7.88925581686324,-16.5313739738312,-0.342651491982937,7.45306566779597,-5.76250050484195,-2.81,0.104903189332212,0.0394956253347901,18.3445318689886,18.9061702359243,0.16975414913029,1.11051075385879,175.589996337891,-48.1891541016168,-106.842527613575,-175.589996337891,4.27116966247559,18.3899993896484,7.07698059082031,16.1506595611572,39.5999984741211,991.304018992298
6.725,-0.0241267587920268,-0.0519264869624017,0.481,-0.11354602144506,0.0589649010818764,-7.93059140569662,-0.0535717585796259,-0.0826243257139332,0.00802356980716441,-0.0367366643021983,-0.029007984423521,-2.57311923014812,-0.0553926439910325,-0.0510712208677092,0.00828198715434148,15.534017010893,9.71709950314231,-0.422648488135085,-7.88514791563384,-16.5415521281535,-0.328381688526796,7.45302688000918,-5.76252627038644,-2.81,0.104257409912216,0.0399239326238611,18.3338099785571,18.910458321996,0.16975414913029,1.11051075385879,175.589996337891,-48.1891541016168,-106.842527613575,-175.589996337891,4.27116966247559,18.3899993896484,6.90000009536743,16.1809997558594,39.5999984741211,991.302583082667
6.75,-0.0236745592175822,-0.0523786865368463,0.481,-0.164872013647893,0.11410114147241,-7.83088461167644,-0.0251488522053523,-0.0547667573570992,0.00867225273936128,-0.0373733077184994,-0.0303946731452609,-2.57301873007286,-0.0612630807572207,-0.0147941636134116,0.00931897691599429,15.5372849969157,9.71372262598965,-0.40688309750732,-7.88812846182365,-16.541414620785,-0.297014979636928,7.45306569928735,-5.76250562125187,-2.81,0.104515614160371,0.0396429505006537,18.3309135437012,18.9169820854621,0.16975414913029,1.11051075385879,175.589996337891,-48.1891541016168,-106.842527613575,-175.589996337891,4.27116966247559,18.3899993896484,7.08160400390625,16.1624755859375,39.5999984741211,991.301147173036
6.775,-0.0236777494806774,-0.0503744539524192,0.481,-0.107312322974611,0.137793892911405,-8.28374882618643,-0.0239943006314179,-0.0352582225623722,0.0105346866464404,-0.0392703115940094,-0.0311199463903904,-2.57309293746948,0.0315554328262806,-0.0609523765742779,0.00877899769693613,15.5376757107426,9.70128352727775,-0.329207360575302,-7.89414238440667,-16.5310033620406,-0.226030781098502,7.45313269333283,-5.76246812155373,-2.81,0.107563939661897,0.0387465992039491,18.3309135437012,18.9255673748937,0.169754019506662,1.11051072657979,175.596649169922,-48.3633809913033,-107.210761572067,-175.596649169922,4.27097606658936,18.3899993896484,7.40000009536743,16.1299991607666,39.5999984741211,991.300854664929
6.8,-0.0248488594422518,-0.049837166895142,0.481,-0.170490976076164,0.17452167076945,-8.75671893907659,0.0039397367161416,-0.0203840438777472,0.010378565483882,-0.0380286349153557,-0.0303263667192907,-2.57276771456093,-0.0641905709202672,0.0371337951879403,0.00987045691120657,15.539063393243,9.69223564212205,-0.298302772659544,-7.89244067342365,-16.5276199860231,-0.195103151996423,7.45319968737831,-5.76243062185558,-2.81,0.10993256088415,0.038361170403874,18.3283254875327,18.9265862123934,0.169753729921962,1.11051066563733,175.611511230469,-48.7526112742386,-108.033411904944,-175.611511230469,4.27054405212402,18.3899993896484,7.40000009536743,16.1299991607666,39.5999984741211,991.301973162957
6.825,-0.0224087733147403,-0.0498410509337422,0.481,-0.111951750252853,0.117703434518345,-9.09654395251252,0.0392063255475475,0.0112143066626134,0.0122920849623888,-0.0375452786448418,-0.0297454979710832,-2.57264646284811,-0.0369750309637655,0.0604418142221484,0.00826727743955179,15.5475610485404,9.70497291644655,-0.305628547231528,-7.89069088706577,-16.543902463978,-0.207005466338976,7.45319274949746,-5.76243850612326,-2.81,0.109841819557438,0.0390582545603509,18.3247328569304,18.9327840179194,0.169753440337262,1.11051060469488,175.626358032227,-49.141841557174,-108.856062237743,-175.626358032227,4.27011203765869,18.3899993896484,7.40000009536743,16.1299991607666,39.5999984741211,991.303091660985
6.85,-0.0217226918986411,-0.0512099479259682,0.481,0.0034844338283306,0.0885644097221677,-9.59727406707785,0.0319486405225744,0.0168161328627257,0.0113424416299934,-0.0387225188314915,-0.0297304056584835,-2.5726420879364,0.0706368908286095,-0.0103613706305623,0.0111574372276664,15.5422533092848,9.69895297885269,-0.257466706959818,-7.88788544748223,-16.536318300086,-0.170458695296249,7.45310117298367,-5.76249834679212,-2.81,0.111852387996758,0.0385947551226266,18.323694229126,18.9311448458498,0.169753150752562,1.11051054375243,175.641220092773,-49.5310718415275,-109.678712570621,-175.641220092773,4.2696795463562,18.3899993896484,7.40000009536743,16.1299991607666,39.5999984741211,991.304210159014
6.875,-0.0221361961980644,-0.0523811352460461,0.481,-0.0351549373687971,0.0523083416248658,-9.51037568649181,0.0247362760772873,-0.00957308689157228,0.00986383036132042,-0.0368210268140849,-0.0298332744805603,-2.57250937157594,-0.0073582031390349,0.0164710691015488,0.00957770803156944,15.5312926566731,9.67744661028659,-0.220510277587857,-7.88527489189875,-16.5146087696609,-0.113076650666118,7.45300959646989,-5.76255818746098,-2.81,0.114744533517226,0.0376880484793776,18.323694229126,18.9246653423647,0.169752861344864,1.11051048263298,175.658096313477,-49.921432613697,-110.500860075249,-175.658096313477,4.26919412612915,18.3869571685791,7.40000009536743,16.1299991607666,39.5999984741211,991.30482108638
6.9,-0.0218651712818529,-0.0530164792619956,0.481,0.0161261423207629,0.110061428482639,-9.41841944921857,0.0223804381284063,-0.0362300404707679,0.0123165545898949,-0.0372268623090506,-0.0310115694797443,-2.57242433369394,0.0205184068703599,-0.0460240803806992,0.00807306036769309,15.5293314705906,9.69331817361898,-0.256943810024725,-7.87570077745772,-16.5269927418006,-0.135725592364734,7.45291259427816,-5.76262125062162,-2.81,0.112436168709751,0.038477597739328,18.3267727617948,18.9206190466274,0.16975257219238,1.11051042125831,175.677917480469,-50.3134233955455,-111.322282571846,-175.677917480469,4.26863241195679,18.3795280456543,7.29179286956787,16.1436138153076,39.5999984741211,991.304700167674
6.925,-0.0241255340295456,-0.0528296613488097,0.481,0.0165210490656115,0.108156465958627,-9.29115833240985,0.0141438456901173,-0.0562397788117998,0.00797262961067291,-0.0362852729633976,-0.0316416357829762,-2.57232404246344,-0.0543540750188124,-0.0130102610667632,0.00629814074487108,15.5228407428515,9.68358203547722,-0.244130074819023,-7.87273765057585,-16.5166327127979,-0.103879617432432,7.45278241422197,-5.7627040192268,-2.81,0.113481320572254,0.0380762654324677,18.3311617509374,18.9167025437279,0.169752283039896,1.11051035988364,175.697723388672,-50.7054141788121,-112.143705068285,-175.697723388672,4.26807069778442,18.3720989227295,7.09000015258789,16.1690006256104,39.5999984741211,991.304579248968
6.95,-0.0236745592175822,-0.0523786865368463,0.481017963060468,-0.0605350180715468,0.0863512754990499,-9.03853062774914,0.017243581463868,-0.0465936985798562,0.00775365567746368,-0.0363331168184671,-0.0329043969577085,-2.57227665697299,-0.0586272651509554,-0.000908459990535171,0.00565507477932643,15.5310520706401,9.70642056011497,-0.287289109007021,-7.86875573049104,-16.5401605847246,-0.128392477580441,7.45265223416577,-5.76278678783198,-2.81,0.110909281875268,0.0392648699468554,18.3325138092041,18.9232224233003,0.169751993887412,1.11051029850897,175.717544555664,-51.0974049592424,-112.965127564882,-175.717544555664,4.26750898361206,18.3646697998047,7.09000015258789,16.1690006256104,39.5999984741211,991.304458330262
6.975,-0.024176106580887,-0.0518771391735414,0.48170311375108,0.0566574395131961,0.153972926749612,-9.28677235813552,0.0214351259163872,-0.0331529444194722,0.00772763047603244,-0.0357347197004087,-0.0334873597682689,-2.57228006473177,-0.0408591150016946,0.00975824731631785,0.00536104066098745,15.5306938579445,9.70738811531257,-0.282801089316611,-7.86746927665606,-16.5410651586406,-0.109099885899322,7.45252205410958,-5.76286955643717,-2.81,0.111320980887299,0.0393913291753057,18.3325138092041,18.9252872168546,0.169751812134422,1.11051025993061,175.729995727539,-51.3437991657051,-113.481450276985,-175.729995727539,4.26715564727783,18.3600006103516,7.09000015258789,16.1690006256104,39.5990791320801,991.304752853681
7,-0.0243350886684283,-0.0518168903097483,0.482674296842879,-0.00672577258198183,0.0208021635641232,-9.60982258633249,0.0162224447931341,-0.0222467191831693,0.00544963966712496,-0.0351872590070277,-0.0340585518963165,-2.57228161345124,-0.0244854929416124,0.0197915404613911,0.00508971253431229,15.5309955973978,9.7100544426389,-0.280269845622236,-7.86590784133391,-16.5437140630787,-0.092474550554709,7.45239745483002,-5.76294884918298,-2.81,0.111604090015628,0.0395999525392568,18.3314203586218,18.9277658563289,0.169751812134422,1.11051025993061,175.729995727539,-51.3437991657051,-113.481450276985,-175.729995727539,4.26715564727783,18.3600006103516,7.28018951416016,16.1557540893555,39.5966033935547,991.305750433004
7.025,-0.0249411967683504,-0.0543812877326047,0.483645485846599,0.123863866945139,0.0994172361849893,-9.60173178143828,0.00272689418093406,-0.00996103101432778,0.00827296389506775,-0.0354363583028316,-0.0344434753060341,-2.5722541809082,-0.0299267824739218,0.0199033804237843,0.0051736026071012,15.5417706130101,9.70762942927107,-0.27671233414684,-7.87583954424775,-16.5476650005376,-0.0848948914060288,7.45236007319503,-5.76297382040924,-2.81,0.111540260815142,0.0394143955229975,18.3298181497826,18.9390988490951,0.169751812134422,1.11051025993061,175.729995727539,-51.3437991657051,-113.481450276985,-175.729995727539,4.26715564727783,18.3600006103516,7.65000009536743,16.1299991607666,39.594123840332,991.306748012327
7.05,-0.0252804718300971,-0.055844002598926,0.484595508707752,0.123835905317535,0.021399263691083,-9.55253522492424,-0.00983623905819936,-0.0245925578301864,0.00493906216575736,-0.0371681697162482,-0.034162305995825,-2.57231396262405,-0.0342640140838189,0.00186669596466772,0.00467820684906171,15.5393166189268,9.71001523466624,-0.272611771686289,-7.8743296693656,-16.5473133176603,-0.102118774460494,7.45232269156004,-5.7629987916355,-2.81,0.111004035259213,0.0393394622695634,18.3292942047119,18.9351612911146,0.169751812134422,1.11051025993061,175.729995727539,-51.3437991657051,-113.481450276985,-175.729995727539,4.26715564727783,18.3600006103516,7.65000009536743,16.1299991607666,39.5916519165039,991.307745591649
7.075,-0.0255742487047485,-0.0555502257242747,0.48467341929774,0.127878583481148,0.0795513330217236,-9.66681833773117,-0.0254581926092019,-0.0271181590659164,0.00737919546825015,-0.0391566939903372,-0.0350363669385379,-2.57230628749276,-0.0498138984341091,-0.016160723006597,0.00586207060350342,15.5394867549339,9.70799270232722,-0.238488160057805,-7.87503476740256,-16.5455750629178,-0.0736258598812679,7.45228530992505,-5.76302376286176,-2.81,0.111695808070162,0.0389816580004535,18.3292942047119,18.9387934337408,0.169751715894332,1.11051023976053,175.735778808594,-51.4726224279913,-113.754848497091,-175.735778808594,4.26744365692139,18.362476348877,7.65000009536743,16.1299991607666,39.5900001525879,991.307433218326
7.1,-0.0268464732043108,-0.0540429142620248,0.484133875689191,0.138673980200286,0.0595819933253027,-9.60966363789897,-0.0223239182644429,-0.030774313661153,0.00654053931894512,-0.0395087845698658,-0.0362771707537282,-2.57220839723678,-0.00821428025884768,-0.0319667370020057,0.00840957709832603,15.5415301765651,9.71878297649136,-0.220329912024367,-7.86868323144012,-16.5567108911938,-0.0399588792592065,7.45224588670404,-5.76305000928132,-2.81,0.11224526742708,0.0394875317586276,18.3304731620933,18.94484394466,0.169751427174064,1.1105101792503,175.753112792969,-51.8590922120134,-114.575043157328,-175.753112792969,4.26830816268921,18.3699054718018,7.93066024780273,16.1247177124023,39.5900001525879,991.304500939711
7.125,-0.0272213519136346,-0.049029347523192,0.483594327650609,0.195812124378424,0.105058457379956,-9.67617134009075,-0.0317396417079845,-0.0318175977583218,0.00766599930351037,-0.0397817145522096,-0.0374532435189411,-2.57211747772616,0.0274647111353818,-0.0511394165908254,0.00887228823673387,15.5465697978725,9.70529258850615,-0.225633953391604,-7.87915437755482,-16.5486416168192,-0.0288846376957184,7.45217292302488,-5.76309720537786,-2.81,0.11159462167058,0.0387228853871993,18.3322500192894,18.9502550829037,0.169751138453796,1.11051011874006,175.770446777344,-52.2455619974538,-115.395237817564,-175.770446777344,4.26917266845703,18.3773345947266,8.5,16.1140003204346,39.5900001525879,991.301568661096
7.15,-0.0281199693710796,-0.051736697889295,0.483054785136674,0.132532609368821,0.122117555121225,-9.63551768111286,-0.0079036887814199,-0.0463056185662543,0.00747316467033598,-0.0409795681144116,-0.0379784948875389,-2.57208362764179,0.0164448087210026,-0.0573885335336612,0.0070686184118003,15.5498248443611,9.67781134078114,-0.236396841385713,-7.89746584802405,-16.526985626047,-0.0418067029240682,7.45209995934573,-5.76314440147441,-2.81,0.110351037665381,0.0371213012967451,18.3328647613525,18.9507873850286,0.169750849733528,1.11051005822982,175.787780761719,-52.6320317828941,-116.215432477801,-175.787780761719,4.2700366973877,18.3847637176514,8.5,16.1140003204346,39.5900001525879,991.298636382481
7.175,-0.0291236630298622,-0.0507330042305125,0.482515233812209,0.131179763360258,0.114265635353781,-9.66093944106949,-0.0162137466688296,-0.0538173017986007,0.00809085122971431,-0.0427070598023594,-0.0383278221213431,-2.57210981672664,-0.0267434687608473,-0.0453940306643967,0.00578811215293672,15.5559224436329,9.70407048388576,-0.238367755180192,-7.89017642260549,-16.5515714524671,-0.055898920305403,7.45202699566658,-5.76319159757095,-2.81,0.109332194279902,0.0382917747582769,18.3328647613525,18.9567248853367,0.169750646254481,1.11051001558452,175.800003051758,-52.9044009645548,-116.79347442875,-175.800003051758,4.27064609527588,18.3899993896484,8.5,16.1140003204346,39.5900001525879,991.295860290527
7.2,-0.0288365448285946,-0.0472167009258338,0.48197569020515,0.126152070138221,0.151287501244919,-9.58957898576192,-0.00354460323761518,-0.0434537591701226,0.00708510276682403,-0.0429570779323798,-0.0395770715619953,-2.57211530176411,0.00557867215726289,-0.0528007210793476,0.00625155234602496,15.5613674295226,9.7092735065867,-0.22982475209798,-7.89178905920126,-16.5589163953241,-0.0303475983932733,7.45195403198742,-5.76323879366749,-2.81,0.109397792862115,0.0385276411846141,18.3416494693396,18.9658528519302,0.169750646254481,1.11051001558452,175.800003051758,-52.9044009645548,-116.79347442875,-175.800003051758,4.27064609527588,18.3899993896484,8.43264102935791,16.1184921264648,39.5900001525879,991.29345703125
7.225,-0.0306697325690241,-0.0453835131854044,0.481436138114984,0.144207328192851,0.0768406447772142,-9.62153346018231,-0.00741348819978779,-0.0418463046092512,0.00581362761763502,-0.0424068467120524,-0.0404760885868193,-2.57210663822145,-0.0207189753720404,-0.0283126635021639,0.00418066079122819,15.5611137648018,9.70133897234144,-0.223229480197127,-7.89496474252215,-16.5524495376355,-0.00410810964137523,7.45188106830826,-5.76328598976403,-2.81,0.109837111575418,0.0381755303661889,18.3552786854078,18.9685201242612,0.169750646254481,1.11051001558452,175.800003051758,-52.9044009645548,-116.79347442875,-175.800003051758,4.27064609527588,18.3899993896484,8.28999996185303,16.1280002593994,39.5900001525879,991.291053771973
7.25,-0.0306697325690241,-0.0453835131854044,0.481,0.0860078969228908,0.143197218363477,-9.59522380185752,-0.0159205960722433,-0.0404987007231969,0.0060819746943878,-0.0419378906650168,-0.0413492758586839,-2.57212391384334,-0.0378775413916086,-0.00797538654464074,0.00223380013532517,15.5615379264248,9.69683556264913,-0.221664893872294,-7.89761740090713,-16.5489156067737,0.0157961565421071,7.45184048139159,-5.76331318193436,-2.81,0.109973121952943,0.0379980018241762,18.3602523803711,18.971562952627,0.169750646254481,1.11051001558452,175.800003051758,-52.9044009645548,-116.79347442875,-175.800003051758,4.27064609527588,18.3899993896484,8.28999996185303,16.1280002593994,39.5900001525879,991.288650512695
7.275,-0.031170008267857,-0.0458837888842373,0.481,0.0470949571679869,0.109031656933575,-9.53152680692194,-0.00116398547547459,-0.0395920580805784,0.0037601202991837,-0.0418658235927546,-0.0420963293586297,-2.57226785752397,-0.0104074644460745,-0.007907510413003,0.000892616395364763,15.5680064843122,9.6968506990824,-0.233250264366519,-7.90604368568123,-16.551143008955,0.016834456575801,7.45181369116958,-5.76333184984096,-2.81,0.109213516293481,0.038020602183514,18.3602523803711,18.9797693836695,0.169750646254481,1.11051001558452,175.800003051758,-52.9044009645548,-116.79347442875,-175.800003051758,4.27064609527588,18.3899993896484,8.13002395629883,16.1242370605469,39.5900001525879,991.286729200831
7.3,-0.0313036361533485,-0.0460174167697288,0.481,0.0258433902281491,0.128782590033656,-9.46609222077067,0.000555696884923296,-0.0247099971719548,0.003351448333625,-0.0417937565204923,-0.0428433828585756,-2.57241180120459,0.0170626124994605,-0.00783963428136526,-0.000448567344595692,15.5774906011586,9.70026855625698,-0.249143023289789,-7.91543883929545,-16.5578120403237,0.0135704617332114,7.45178690094756,-5.76335051774757,-2.81,0.108211548995282,0.038217143730522,18.3652824365868,18.9906444510537,0.169750646254481,1.11051001558452,175.800003051758,-52.9044009645548,-116.79347442875,-175.800003051758,4.27064609527588,18.3899993896484,7.78000020980835,16.1159992218018,39.5900001525879,991.286200181493
7.325,-0.0313036361533485,-0.0460174167697288,0.481,-0.0152997408017255,0.0935697658851514,-9.5121110685842,0.0181495911742592,-0.0236946073333153,-0.00118225269182891,-0.0417217910289764,-0.0435893833637238,-2.57255554199219,0.0444939695298672,-0.00777185382321477,-0.00178786064498127,15.5845281305802,9.69939093435707,-0.260023282657553,-7.92479330692832,-16.5596113524813,0.0153803477373008,7.45180557797926,-5.76334146419871,-2.81,0.107486573120169,0.0381911346050605,18.3733229052346,18.9995265961381,0.169750646254481,1.11051001558452,175.800003051758,-52.9044009645548,-116.79347442875,-175.800003051758,4.27064609527588,18.3899993896484,7.78000020980835,16.1159992218018,39.5900001525879,991.285671162155
7.35,-0.0319865875932777,-0.046700368209658,0.481,-0.0375668924029157,0.119992437317368,-9.59682556084874,0.015499089613222,-0.00714201413049139,-0.000482558642522633,-0.046031526487062,-0.0415985695299016,-2.5728703187082,-0.0413704277322672,0.00712356062704259,-0.00581194618960193,15.5870482336745,9.6953089849665,-0.268123151831165,-7.93785254537259,-16.553345054265,-0.0651418435369437,7.45187345637059,-5.7633024125042,-2.81,0.105373787630886,0.0375052579023477,18.3764095306396,18.994813316241,0.169750646254481,1.11051001558452,175.800003051758,-52.9044009645548,-116.79347442875,-175.800003051758,4.27064609527588,18.3899993896484,7.48872661590576,16.136848449707,39.5900001525879,991.285142142818
7.375,-0.0315778628635346,-0.0422790600606265,0.481,0.0153967388579982,0.12095597665742,-9.79248303847558,0.021959048375918,0.00117575316050051,-0.00439418309014484,-0.0443376527255849,-0.0418115581418801,-2.57314201219343,0.00752476915959571,0.0167539718204169,-0.00592040465437584,15.5954596656392,9.70611172732693,-0.228189312262065,-7.94007176465644,-16.5660576216547,-0.00571456798880732,7.45194133476192,-5.76326336080968,-2.81,0.108156796199909,0.0382884195130052,18.3764095306396,19.0125865646682,0.169750583010994,1.11051000223522,175.801635742188,-52.9896609315766,-116.973136116167,-175.801635742188,4.27034330368042,18.3883724212646,6.82999992370605,16.1840000152588,39.5900001525879,991.285752062528
7.4,-0.0331072029604575,-0.0476729442162928,0.481,-0.0881524834423081,0.037617843927128,-9.74162859946902,0.0200031099634759,0.0160337083211226,-0.00444908548906724,-0.0460125505924225,-0.04075001552701,-2.5732696056366,-0.0403283424675465,0.0299374423921108,-0.00754892267286777,15.5910197648123,9.72400514623,-0.185521375717118,-7.92747979899453,-16.5778661491383,0.00309019613086009,7.45200921315325,-5.76322430911516,-2.81,0.109818180853305,0.039047109347188,18.374889409767,19.0104875490956,0.169750294290726,1.11050994129276,175.809051513672,-53.378891214512,-117.793330776404,-175.809051513672,4.26895999908447,18.3809432983398,6.82999992370605,16.1840000152588,39.5900001525879,991.290422547538
7.425,-0.0306757963664444,-0.0415740278820382,0.481,0.0392635635485104,0.154531452647286,-9.8933738332516,0.00722053362861357,0.0197936242527797,-0.00442852939188715,-0.0462741181254387,-0.0398617759346962,-2.57374477386475,-0.0501864291727543,0.0266562607139349,-0.0088959252461791,15.5916591233003,9.72804428306929,-0.187592287232459,-7.93402365066831,-16.5777229451252,-0.0155345448795239,7.45205250492092,-5.76320004873124,-2.81,0.109719852095136,0.0392959640039365,18.372383585516,19.0130029748612,0.169750005570458,1.11050988035031,175.816497802734,-53.7681214988655,-118.613525436641,-175.816497802734,4.26757717132568,18.373514175415,6.82999992370605,16.1840000152588,39.5900001525879,991.295093032549
7.45,-0.0306757963664444,-0.0415740278820382,0.481,-0.00714320827890016,0.0917288549655124,-9.91850623105461,0.0104569631408534,0.00917516040698126,-0.00898630325908697,-0.0419606238684891,-0.0414188763232858,-2.57387612856632,0.0498166142013354,0.0102437265664532,-0.00730187095888292,15.5861869709654,9.73197267570904,-0.183206841994565,-7.92634713534916,-16.5784233625171,0.054599493400109,7.45203511533488,-5.76321229424424,-2.81,0.111705829552937,0.0400457368031735,18.371374130249,19.017606614846,0.169749716850189,1.11050981940786,175.823913574219,-54.1573517818008,-119.433720096878,-175.823913574219,4.26619386672974,18.3660850524902,6.82999992370605,16.1840000152588,39.5900001525879,991.29976351756
7.475,-0.0316626502028235,-0.0465462996152677,0.481,-0.0492958547743558,0.119211029642308,-9.97134235605955,0.0175467686518917,0.0177478096277753,-0.00703562248725065,-0.045370191379827,-0.0394167212418305,-2.57423390997626,-0.0450744824850188,0.0297618280396887,-0.012190666465705,15.5917475560432,9.70886966511767,-0.225082940553792,-7.95402316670328,-16.5573667506253,-0.0502603679344546,7.45201772574883,-5.76322453975725,-2.81,0.108236115931136,0.0384745065478971,18.371374130249,19.0125160061772,0.169749428051711,1.1105097583872,175.829559326172,-54.5470815837627,-120.254136936977,-175.829559326172,4.26530313491821,18.3613452911377,6.82999992370605,16.1840000152588,39.5895538330078,991.302850399377
7.5,-0.0294634153358001,-0.0417878342620361,0.481,0.0374020862405336,0.16817459607921,-10.1141084201,0.029198732047259,0.0133816859449359,-0.0101608362102995,-0.0408964922987704,-0.0405945493335544,-2.57463381356393,0.0749487558798285,0.0131494033700802,-0.00922604990476043,15.5954495122809,9.73301967459841,-0.189113632017795,-7.94582889742002,-16.5785138504996,0.0465089642534434,7.45200033616279,-5.76323678527026,-2.81,0.111948385161255,0.0403207402628181,18.3776165764287,19.0321571706182,0.169749138899226,1.11050969701253,175.827087402344,-54.9390723670293,-121.075559433494,-175.827087402344,4.26664352416992,18.3687744140625,6.93820762634277,16.1690864562988,39.5870780944824,991.298769393057
7.525,-0.0313007517902584,-0.0478294724899425,0.481,-0.0131975574942996,0.0831845127350301,-10.1413396325162,0.0413107669096408,0.0163978760786177,-0.0110573591627159,-0.0405492560954425,-0.0400914868203328,-2.57497108290823,0.0925220091948276,0.0106982110242374,-0.00961408928705631,15.5957036312046,9.71293932132181,-0.214055441344065,-7.96355693515386,-16.5588169994492,0.017951694417952,7.45198294657674,-5.76324903078326,-2.81,0.110879467748597,0.0393626417082235,18.3882388033957,19.0310396036915,0.169748849746742,1.11050963563786,175.824615478516,-55.3310631474596,-121.896981930091,-175.824615478516,4.26798343658447,18.3762016296387,7.19999980926514,16.132999420166,39.584602355957,991.294688386737
7.55,-0.0313025571055126,-0.0466953115916581,0.481,0.0192834216752786,0.11633210707492,-10.2445216686258,0.0491311878766307,0.0247227941208116,-0.00977851278662815,-0.0429219723058167,-0.0374090939532569,-2.57564561252605,-0.0259627435829319,0.0420001122209475,-0.0157826031783349,15.5905094356727,9.71763477566318,-0.213382193768255,-7.96930465378344,-16.5538500480091,-0.0466259671206827,7.45209218187021,-5.76318421056226,-2.81,0.110294249967352,0.039430851507356,18.3927192687988,19.0235166471329,0.169748560594258,1.11050957426319,175.822113037109,-55.7230539307262,-122.718404426688,-175.822113037109,4.26932287216187,18.3836326599121,7.19999980926514,16.132999420166,39.5821228027344,991.290607380417
7.575,-0.0288107057016725,-0.0427947016910174,0.481,0.023584802264163,0.0796124545088702,-10.1781231299024,0.0324420441026398,0.0137273257624283,-0.0146569184733916,-0.041024046214726,-0.0376084166635927,-2.57617325152821,0.0175875975665947,0.0233307546184945,-0.0160208559856762,15.583610669267,9.74328724434371,-0.207057746966559,-7.95697029473104,-16.5683330437473,-0.0201148676804187,7.45225036778172,-5.76308959828678,-2.81,0.111483003854079,0.0410969260838915,18.3927192687988,19.0257937125686,0.169748312749271,1.11050952165634,175.820007324219,-56.0590460286431,-123.422480852241,-175.820007324219,4.27047157287598,18.3899993896484,7.19999980926514,16.132999420166,39.5800018310547,991.287189267716
7.6,-0.0299636867209607,-0.0483154905880365,0.481,-0.0477480553408751,0.0468581318945726,-10.1750859432434,0.0283390018137158,0.0189329762018152,-0.0135182427935304,-0.0414565631884271,-0.0369876590714313,-2.57657355095462,0.00423920607467338,0.0203445262857867,-0.0166933218558143,15.5809112193167,9.74670415322969,-0.21665776415253,-7.96027192952605,-16.5662949062301,-0.043826355033711,7.45240855369322,-5.7629949860113,-2.81,0.110884980535365,0.0412907521675129,18.3882879221214,19.0240302112384,0.169748312749271,1.11050952165634,175.820007324219,-56.0590460286431,-123.422480852241,-175.820007324219,4.27047157287598,18.3899993896484,7.14905643463135,16.1426219940186,39.5800018310547,991.287748516731
7.625,-0.0283139542524533,-0.0421137898544909,0.481,0.0660933741733104,0.132254213151703,-10.1973312298896,0.0154928860994768,0.0119370642344068,-0.0138339161557083,-0.0390603783006229,-0.0379410441788798,-2.57687738781885,0.0848267885940749,-0.00633892233234023,-0.0135508414197201,15.5765952904571,9.77069950789423,-0.20527658466549,-7.94675920173492,-16.582762894005,0.00460253397890847,7.45246012464354,-5.7629658873473,-2.81,0.112427929523701,0.0428922521792579,18.380496137547,19.0296072095949,0.169748312749271,1.11050952165634,175.820007324219,-56.0590460286431,-123.422480852241,-175.820007324219,4.27047157287598,18.3899993896484,7.01999998092651,16.1669998168945,39.5800018310547,991.288307765745
7.65,-0.0294435873471799,-0.0468856453021118,0.481,-0.00438034004127789,0.05284418677439,-9.99667851769316,0.0253966702661857,-0.00257731636982835,-0.0167116240615865,-0.0393420646360941,-0.0372552354043844,-2.57769705098989,0.0486410308277569,-0.0075290370735089,-0.0156461767909071,15.5775340154834,9.73876671434534,-0.226738586314595,-7.97945732178121,-16.5493798935718,-0.0289740335171015,7.45236277582388,-5.76302829809102,-2.81,0.111248041298685,0.0413069806618244,18.3770618438721,19.0320928353251,0.169748312749271,1.11050952165634,175.820007324219,-56.0590460286431,-123.422480852241,-175.820007324219,4.27047157287598,18.3899993896484,7.01999998092651,16.1669998168945,39.5800018310547,991.288867014759
7.675,-0.0305266074736499,-0.0503277868910788,0.481,-0.0118913194373852,0.0673128090062435,-9.90550828220839,0.0138114627529899,-0.00304604557935472,-0.0125636279357024,-0.040163420862909,-0.0367596030700454,-2.57825254012692,6.5896957103545e-05,0.00157892296551638,-0.0164476316620235,15.5666318735724,9.77575258896078,-0.227205486019751,-7.96027694862642,-16.5701167117475,-0.0470314894827494,7.45226542700421,-5.76309070883475,-2.81,0.110963047486411,0.0432569443628455,18.3770618438721,19.0255688087992,0.169748282366547,1.11050951522661,175.820007324219,-56.1001117301929,-123.508791898482,-175.820007324219,4.27035808563232,18.3912963867188,7.01999998092651,16.1669998168945,39.5800018310547,991.289446848743
7.7,-0.0282242089829007,-0.0442560790222933,0.481,0.0335882499445234,0.118499262331969,-9.90814497471601,0.0154133202537199,-0.00881920745855118,-0.0150885858120898,-0.0383874566963381,-0.0376513469529563,-2.57861803566156,0.0653558411657768,-0.0122429743255658,-0.0136525021096505,15.5623116612408,9.78799930684821,-0.222545403812473,-7.95482127539685,-16.5759066240355,-0.0117981762472423,7.45216807818455,-5.76315311957848,-2.81,0.111872064568636,0.0441789662642152,18.3777600414348,19.0294743158073,0.169747992349631,1.11050945385194,175.820007324219,-56.4921025106232,-124.33267006764,-175.820007324219,4.26927757263184,18.403678894043,7.10754680633545,16.158519744873,39.5800018310547,991.290202590655
7.725,-0.0306656900374106,-0.0479231700543152,0.481,-0.0424412283250633,-0.00203342887006003,-9.82157091481804,0.00018860651802311,-0.000327960641592007,-0.0142729869922368,-0.0388140901690883,-0.0374417678501861,-2.57896331623716,0.0622393492429688,-0.0108697664379292,-0.01339291589269,15.5635119066456,9.77752163693549,-0.238414173258368,-7.96822722483164,-16.5645956697683,-0.0346227901221157,7.45207072936489,-5.7632155303222,-2.81,0.110855049148519,0.0436303433062377,18.3790300387257,19.0304524531113,0.169747702332715,1.11050939247727,175.820007324219,-56.8840932924717,-125.156548236799,-175.820007324219,4.26819753646851,18.4160614013672,7.34000015258789,16.1359996795654,39.5800018310547,991.290958332566
7.75,-0.0306656900374106,-0.0479231700543152,0.481,0.0192757836439711,0.0967577422058392,-9.95192824467596,-0.00224562792071383,0.00806904221843305,-0.0121971077901515,-0.0408084920050321,-0.0363911395228095,-2.57937572738429,0.00766190736180176,0.00311876662089581,-0.0145027927737949,15.5608674532179,9.7877738467773,-0.255126757470351,-7.96948004297924,-16.5676162791659,-0.08764191647744,7.45201917177179,-5.76324942908891,-2.81,0.109237638025705,0.0439991567717825,18.3796138763428,19.0254622702454,0.169747412315798,1.11050933110261,175.820007324219,-57.2760840743202,-125.980426405957,-175.820007324219,4.26711702346802,18.4284439086914,7.34000015258789,16.1359996795654,39.5800018310547,991.291714074477
7.775,-0.030667278306731,-0.0469253648483559,0.481,0.0159631728905274,0.0151464356264507,-10.1022540615472,-0.0133928909092573,0.00845451041218106,-0.0158864347166142,-0.0412998889041545,-0.0359074053809268,-2.57983905653143,-0.00635074257525619,0.0141948037488604,-0.0145072322808218,15.5539137819733,9.82520333322856,-0.222563949704132,-7.94997618795762,-16.5922111789047,-0.0692531124703263,7.45199773451413,-5.76326457338285,-2.81,0.110814475925835,0.0459819760578012,18.3796138763428,19.0262602419721,0.169747141633343,1.11050927381958,175.820007324219,-57.6419421370006,-126.749379363886,-175.820007324219,4.26610851287842,18.4400005340576,7.34000015258789,16.1359996795654,39.5800018310547,991.292967598393
7.8,-0.0287275505648141,-0.0397188521777222,0.481,-0.0169023851786874,0.0575913994336444,-10.0410086603002,-0.0181470808446132,0.0161256422459355,-0.0142824778321687,-0.0448514105694739,-0.033725364114592,-2.58073904059017,-0.102232177010919,0.0402577740149822,-0.0182275551545302,15.5503413142294,9.81130021627598,-0.213827392384998,-7.9708490652195,-16.5701365175227,-0.128802355610385,7.45197629725646,-5.76327971767679,-2.81,0.109989765147586,0.0449656539055084,18.3808427126902,19.0221060049115,0.169747141633343,1.11050927381958,175.820007324219,-57.6419421370006,-126.749379363886,-175.820007324219,4.26610851287842,18.4400005340576,7.32679271697998,16.1346778869629,39.5800018310547,991.301190070386
7.825,-0.0275022359132091,-0.0409441668293272,0.481,0.0546759970775474,0.104530066302103,-10.1729998934987,-0.0149099110954768,0.0126720153286745,-0.0150530373148378,-0.0458226386566391,-0.0332375168685876,-2.58127787836645,-0.0980625688426037,0.0315162746694935,-0.0167207823320849,15.5453653789551,9.841499841723,-0.186022503610835,-7.95866381795869,-16.5889557689348,-0.11968709511836,7.45196404826283,-5.76328895297086,-2.81,0.111078968225395,0.0465208407188203,18.3831577525949,19.0242029206902,0.169747141633343,1.11050927381958,175.820007324219,-57.6419421370006,-126.749379363886,-175.820007324219,4.26610851287842,18.4400005340576,7.28999996185303,16.1310005187988,39.5800018310547,991.309412542379
7.85,-0.0271632000079181,-0.0399227210798517,0.481,-0.027865288766711,0.0492762466339584,-10.1828419461543,-0.0185834362772712,0.0055911993212551,-0.0160423568307143,-0.0437851669946809,-0.0342607890858839,-2.58171791321734,0.0104173950868483,0.00593018466938662,-0.0150337745003355,15.5442021180656,9.83992579927537,-0.177457427628628,-7.96420128393943,-16.5844413758681,-0.075183245695384,7.45196084390629,-5.76329237163199,-2.81,0.112266168617711,0.0467478249299197,18.3842658996582,19.0324602509378,0.169747141633343,1.11050927381958,175.820007324219,-57.6419421370006,-126.749379363886,-175.820007324219,4.26610851287842,18.4400005340576,7.28999996185303,16.1310005187988,39.5800018310547,991.317635014372
7.875,-0.028361128112188,-0.043531833127242,0.481,-0.0330078908892406,0.0438065856433192,-10.2200388764314,-0.0144388770509668,0.0159584106833437,-0.0135057757801919,-0.0471646513846521,-0.0324344554175962,-2.58225255485595,-0.0823788206516224,0.0281569127213132,-0.018441935055628,15.5426209867591,9.82379425854734,-0.185044690629562,-7.98254896219287,-16.5641940226998,-0.143634098987565,7.45195763954975,-5.76329579029312,-2.81,0.11061327537956,0.0455837286862323,18.3842658996582,19.0261111051135,0.169747133359495,1.11050927206602,175.819931030273,-57.6531418737869,-126.772883659115,-175.819931030273,4.26613569259644,18.4395751953125,7.28999996185303,16.1310005187988,39.5799293518066,991.32534099075
7.9,-0.0268947219329051,-0.0376597179829746,0.481,0.0619325598202696,0.104601397580832,-10.1513060139783,-0.00253911913082522,0.00635938716144283,-0.0134583345302256,-0.0473031850927587,-0.0323058463736595,-2.58261450630772,-0.0856432757019693,0.0244008242851331,-0.0184168401039911,15.5348466696412,9.83788573591622,-0.164258088870056,-7.97348911778948,-16.5695425397309,-0.127156732046876,7.45195443519322,-5.76329920895424,-2.81,0.111684161801883,0.0463745215608914,18.3842100287383,19.0241123769445,0.169746843774795,1.11050921069135,175.817459106445,-58.0451326556354,-127.595533991993,-175.817459106445,4.26708650588989,18.4247169494629,7.27471685409546,16.1350746154785,39.5774536132812,991.315486116229
7.925,-0.0273309302410862,-0.0344136126558938,0.481,-0.0632836703891734,0.0697917899631236,-9.9417861802492,-0.00172274837163706,-0.00553864266279996,-0.0141605330744215,-0.0461746965131723,-0.0328375580612218,-2.5829461569054,-0.0462087751114604,0.0114659371190507,-0.0169929689158433,15.5274704669802,9.85561422588046,-0.154381006246784,-7.96222608565905,-16.5786747479435,-0.0990137877165411,7.45195402843192,-5.76330083679833,-2.81,0.112651324093762,0.0475045370400821,18.3841008735153,19.0241611555072,0.169746554190094,1.11050914931669,175.814971923828,-58.4371234374838,-128.41818432487,-175.814971923828,4.26803731918335,18.4098587036133,7.23000001907349,16.1469993591309,39.5749778747559,991.305631241708
7.95,-0.0268784386579184,-0.0339611210727259,0.481,0.00968801693834933,0.0881601381984403,-9.95649788365773,0.0165062554127562,-0.00863796193924562,-0.0117477446360762,-0.0443215400405207,-0.0338667270842044,-2.58328275812717,0.025416393723191,-0.00836862547626585,-0.0146167442355781,15.5235321762721,9.85732384398498,-0.169187416108354,-7.96330420030379,-16.5757331191638,-0.0797919193938449,7.45196473135939,-5.76329535302752,-2.81,0.11255041482206,0.0478797759351859,18.3840465545654,19.0261231690925,0.169746264605394,1.11050908794202,175.8125,-58.8291142207505,-129.240834657669,-175.8125,4.26898813247681,18.3950004577637,7.23000001907349,16.1469993591309,39.5725021362305,991.295776367188
7.975,-0.0288671557941292,-0.0399527185229956,0.481,0.00914029000565358,0.058892205163409,-9.83559312070148,-0.00384143465000564,-0.0138971737065882,-0.0110038453034198,-0.0477271737183136,-0.032421175649457,-2.58383671470911,-0.0613546428481117,0.00918610539256286,-0.0162543674804017,15.5173219119537,9.85031747090605,-0.189882401328233,-7.97393702930627,-16.5603139384035,-0.156267198562065,7.45197543428687,-5.76328986925672,-2.81,0.110153771749645,0.0472115804684978,18.3840465545654,19.0151729380934,0.169745975020694,1.11050902656735,175.810028076172,-59.2211050025989,-130.063484990547,-175.810028076172,4.26993894577026,18.3801422119141,7.23000001907349,16.1469993591309,39.5700225830078,991.285921492667
8,-0.0275123422422428,-0.0345950246570503,0.481,-0.0281192477991373,0.0592582852062923,-9.76327350388925,0.0182147011984214,-0.00141500898446683,-0.00821188156196043,-0.0479088957650321,-0.032397901219585,-2.58434117369161,-0.0535382259157409,0.0122040414542603,-0.0128209398902977,15.5114899677544,9.87084486811889,-0.157324058456679,-7.96491725518588,-16.5713184048884,-0.127081593606908,7.45198613721434,-5.76328438548592,-2.81,0.111781146119169,0.0483497918569015,18.3828961354382,19.0182165502059,0.169745972262745,1.11050902598283,175.809997558594,-59.2248382481944,-130.07131975565,-175.809997558594,4.26994800567627,18.3799991607666,7.24716997146606,16.1435661315918,39.5699996948242,991.292789099351
8.025,-0.0275123422422428,-0.0345950246570503,0.481,0.00654635219342448,0.0740972963833202,-9.89960700567068,0.0222323371346662,0.000807024828579825,-0.00745382511764273,-0.0471036074233376,-0.0321114423884882,-2.58481821450459,-0.0590642642993974,0.0283791084737613,-0.0117173375100901,15.5060291498726,9.87913179799257,-0.143897680078682,-7.96261046490933,-16.5722496526152,-0.11075945398781,7.45198974150063,-5.76328355432942,-2.81,0.112919610284218,0.0489603225989701,18.3805621120165,19.0191889196827,0.169745972262745,1.11050902598283,175.809997558594,-59.2248382481944,-130.07131975565,-175.809997558594,4.26994800567627,18.3799991607666,7.30000019073486,16.132999420166,39.5699996948242,991.299817499125
8.05,-0.0271709510471352,-0.0356148715926317,0.481,-0.0483657084468429,0.0369400966775737,-9.79150047659682,0.0245763562921336,0.00238427454988827,-0.00848274290712584,-0.0424061976373196,-0.0340128652751446,-2.58494710922241,0.0744990557432175,0.00484661525115371,-0.00482074217870831,15.5016778939299,9.87349970183168,-0.165124366574984,-7.9624717287192,-16.5653608978408,-0.0560556803074954,7.45197537009988,-5.76329450485571,-2.81,0.113659095667442,0.0492606278540353,18.3793563842773,19.0229868064065,0.169745972262745,1.11050902598283,175.809997558594,-59.2248382481944,-130.07131975565,-175.809997558594,4.26994800567627,18.3799991607666,7.30000019073486,16.132999420166,39.5699996948242,991.306845898898
8.075,-0.0283667296370631,-0.0420024020711825,0.481,-0.00912002536452098,-0.00136052657125985,-9.82157239727719,0.0301342672494384,0.0190589707839777,-0.00345955162803904,-0.0444633780497506,-0.0321461582340186,-2.58534635094147,0.0245610462197055,0.0206114585130252,-0.00612152234380519,15.5069911474237,9.86880580736636,-0.159552800518485,-7.9768686713788,-16.5603519840086,-0.0993376628321009,7.45196099869913,-5.76330545538199,-2.81,0.113292413603916,0.0488111041746621,18.3793563842773,19.0255798606966,0.169745972262745,1.11050902598283,175.809997558594,-59.2248382481944,-130.07131975565,-175.809997558594,4.26994800567627,18.3799991607666,7.30000019073486,16.132999420166,39.5699996948242,991.313874298672
8.1,-0.026328817655862,-0.0348135296446776,0.481,0.0413987365227008,0.0595296614868192,-9.85476476163217,0.0228435994088391,0.0186555828374614,-0.0039286937445038,-0.0441231334410633,-0.0317635432947435,-2.58552526184357,0.0314960425937371,0.0178631193570056,-0.00465756276657047,15.5069558365197,9.86889494822623,-0.152264259020217,-7.9791576184371,-16.5592281196043,-0.0946520074563618,7.45194662729838,-5.76331640590828,-2.81,0.11389575628443,0.0488802775728221,18.3817756580857,19.0274486648443,0.169745695644523,1.11050896753076,175.809997558594,-59.5981628020656,-130.857134998997,-175.809997558594,4.27048301696777,18.4012260437012,7.29528331756592,16.1341781616211,39.5699996948242,991.314597651643
8.125,-0.0287720643476646,-0.0409421455635206,0.481,-0.0580601286491344,-0.0206309972041814,-9.77074326414067,0.0266077796739756,0.018619026411264,-0.00226096090830391,-0.046348158013595,-0.0301305992017786,-2.585719726197,-0.0454224749832878,0.0346461379919822,-0.00569837588779206,15.5032881246046,9.84888571863488,-0.162269603343532,-7.99140210784684,-16.537638655788,-0.151076267807084,7.45191034605847,-5.76334131613915,-2.81,0.112656871535707,0.0476039599000708,18.3868803258212,19.0171306491208,0.169745405195391,1.1105089061561,175.809997558594,-59.9901535839141,-131.682241004515,-175.809997558594,4.27104473114014,18.423511505127,7.28000020980835,16.1380004882812,39.5699996948242,991.315005752276
8.15,-0.0274153452883899,-0.0375389648483002,0.481,0.0229222821257424,0.0491451577411677,-9.88734404868975,0.0156944000791803,0.0244503779953716,0.00159344677088294,-0.0449169915046352,-0.0295705927726596,-2.58589394674025,-0.0411848364134072,0.039041832814186,-0.00150198232998699,15.5002340427116,9.88782720261228,-0.125807489281479,-7.96854380467671,-16.5690123299117,-0.111129366491278,7.45184149485806,-5.76338697809819,-2.81,0.115349479987382,0.0498407748187871,18.3896141052246,19.0219274713757,0.169745114746259,1.11050884478143,175.809997558594,-60.3821443643444,-132.507347009954,-175.809997558594,4.2716064453125,18.44580078125,7.28000020980835,16.1380004882812,39.5699996948242,991.315413852908
8.175,-0.0252426451575694,-0.0345986374766914,0.481,0.0194769205625114,0.0661831157736525,-9.85097567547709,0.0109686036175161,0.0159466391792539,-5.31992755845013e-05,-0.0439689791067338,-0.0292491963428096,-2.58601435760069,-0.00711861186734319,0.0343207631836928,0.000489562072542295,15.4981740932983,9.87043374352445,-0.13483669189952,-7.97782289723882,-16.5522851521135,-0.115071753215611,7.45177264365766,-5.76343264005722,-2.81,0.115388303120266,0.0490658686309188,18.3896141052246,19.0193163740938,0.169744824297127,1.11050878340676,175.809997558594,-60.7741351461929,-133.332453015393,-175.809997558594,4.27216863632202,18.4680881500244,7.28000020980835,16.1380004882812,39.5699996948242,991.31582195354
8.2,-0.0267738523497662,-0.0413947313257124,0.481,-0.0466795647656367,-0.0102493037621795,-9.80016247108768,0.0069005347663578,0.0255726589922163,0.00361756846611938,-0.0463873668649609,-0.027517542225223,-2.58611815539668,-0.0648229577333172,0.0456429469197347,-0.000153388186437623,15.4994841899926,9.86613806422337,-0.135770515258285,-7.98406485956854,-16.5475112361427,-0.166446084052548,7.45170379245726,-5.76347830201626,-2.81,0.114528580104669,0.0485617784995963,18.388157898525,19.0143813338669,0.169744799401487,1.11050877814608,175.809997558594,-60.8077343565518,-133.403176387333,-175.809997558594,4.272216796875,18.4699993133545,7.2822642326355,16.1359634399414,39.5699996948242,991.311849342202
8.225,-0.0243347392573942,-0.0365048204732501,0.481,0.0163759276065055,0.0456968251549497,-9.90040135064331,4.70551071813183e-05,0.0272746878561948,0.00449790610232357,-0.0466773823746218,-0.0268771848771624,-2.58614271147383,-0.0680247718799563,0.0460398620891185,0.00175243980996855,15.4985130471636,9.88547792481448,-0.112855589930404,-7.97245605496386,-16.5636506958663,-0.157279802485591,7.45163494125685,-5.7635239639753,-2.81,0.115719741394625,0.0495413191008634,18.3849572775499,19.0153160618199,0.169744799401487,1.11050877814608,175.809997558594,-60.8077343565518,-133.403176387333,-175.809997558594,4.272216796875,18.4699993133545,7.28999996185303,16.128999710083,39.5699996948242,991.307466039118
8.25,-0.0236531674316233,-0.0358232486474793,0.481,-0.0838191877274221,0.0432857846810887,-10.0470348988103,-0.000962437598351733,0.028009849505334,0.00468628081575633,-0.0427993177848969,-0.0275477279049959,-2.58600004899082,0.0425607154318722,0.0303085512484302,0.00778210604396824,15.4937553920458,9.88451784589838,-0.0737118945420669,-7.96281479823823,-16.5636444377786,-0.0696136885423295,7.45159445554146,-5.76355141809275,-2.81,0.119487983573569,0.0499333354983468,18.3831825256348,19.0198774710275,0.169744799401487,1.11050877814608,175.809997558594,-60.8077343565518,-133.403176387333,-175.809997558594,4.272216796875,18.4699993133545,7.28999996185303,16.128999710083,39.5699996948242,991.303082736033
8.275,-0.0240582684176486,-0.0412407928674638,0.481,-0.036258668316106,0.0376134113340013,-10.1151561753746,0.000702239799777998,0.0432037299414158,0.00963235647231086,-0.0458776540373791,-0.0254194904509812,-2.58606618696865,-0.0465002454012185,0.0559684538641487,0.00497977092837846,15.5016556895733,9.86432435865773,-0.0993116562899161,-7.9837417901322,-16.5484492560641,-0.157420532119491,7.45156880834839,-5.7635693473435,-2.81,0.117068311854722,0.0484983391121044,18.3831825256348,19.0157467839292,0.169744799401487,1.11050877814608,175.809997558594,-60.8077343565518,-133.403176387333,-175.809997558594,4.272216796875,18.4699993133545,7.28999996185303,16.128999710083,39.5699996948242,991.298699432949
8.3,-0.0242071692675997,-0.0425000686917327,0.481,0.0698991987707208,0.124153895307101,-10.4225688328507,0.0118651423808575,0.0517087586320029,0.0088949776859437,-0.0431382798312148,-0.0255254579322388,-2.58596156196992,0.0274582133551852,0.054289478544616,0.00925411251103275,15.4931461392591,9.88255844892268,-0.0660215073056481,-7.96236420033268,-16.5619543120307,-0.0965574218120011,7.45154316115533,-5.76358727659424,-2.81,0.120128187482212,0.0497799402855219,18.3817758200304,19.0146270383002,0.169744545291427,1.11050872437018,175.81217956543,-61.1511929470778,-134.125050592666,-175.81217956543,4.27066421508789,18.4591503143311,7.2878303527832,16.1296501159668,39.5699996948242,991.29757402528
8.325,-0.021527189666013,-0.0351590831667829,0.481,-0.0144103520365977,0.0481496064871086,-10.4764649164068,0.0197575532286228,0.0526107142922145,0.00820340427312238,-0.0430155905703601,-0.0227234144922839,-2.5858083687694,0.0581620581022408,0.0448858836534718,0.0105326238867193,15.4987188488919,9.85374919822051,-0.0789610134014609,-7.97992809634215,-16.5411922142541,-0.150338845199152,7.45158311673617,-5.76356468474337,-2.81,0.120022123692564,0.0482430813562148,18.3785495713072,19.0095394721331,0.169744255274511,1.11050866299551,175.814651489258,-61.5431837289262,-134.948928761825,-175.814651489258,4.26889228820801,18.4467697143555,7.28000020980835,16.1319999694824,39.5699996948242,991.296908972398
8.35,-0.0214004677927928,-0.0400253641031741,0.481,0.0646843667536579,0.0740354840104467,-10.6300576585352,0.0219445993755462,0.0496434063647322,0.0119852060102901,-0.044366443167371,-0.0207297355474598,-2.58573839743417,-0.0087894170306276,0.0482081288768172,0.00939440751179905,15.4936582731885,9.86012658951796,-0.0578732780584313,-7.970567862857,-16.544446499129,-0.173868758050416,7.45172953447314,-5.76347633402909,-2.81,0.120911717693042,0.0484067644048404,18.3766994476318,19.000677952043,0.169743965257595,1.11050860162084,175.817123413086,-61.9351745107747,-135.772806930983,-175.817123413086,4.26711988449097,18.4343872070312,7.28000020980835,16.1319999694824,39.5699996948242,991.296243919516
8.375,-0.0200180709105502,-0.0408214888200941,0.481,0.0983178045773452,0.10495344404279,-10.6139373397064,0.0159932536780335,0.027761461847973,0.0087291554477002,-0.0445125947872662,-0.020013199564511,-2.58569652086227,-0.00940559859925486,0.0324768663030145,0.00721459134175762,15.4899925134037,9.85916987184809,-0.0644087085812767,-7.96748344721498,-16.5417416282662,-0.192972876441419,7.45187595221011,-5.76338798331482,-2.81,0.120663620575794,0.0483418676105658,18.3766994476318,18.9941670664895,0.169743675240679,1.11050854024617,175.819610595703,-62.3271652940413,-136.596685100142,-175.819610595703,4.26534795761108,18.422004699707,7.28000020980835,16.1319999694824,39.5699996948242,991.295578866635
8.4,-0.0198351877300732,-0.0407628288412993,0.481,0.0382333550284011,0.0650000676785937,-10.6250191874763,0.0179040008764438,0.0214700974995719,0.00897265652300759,-0.0431495339114094,-0.0201230621321128,-2.5855978312228,0.0506097417070556,0.00913524019343728,0.00836774406666788,15.4880757149742,9.87148938291605,-0.0595516803475264,-7.95697414275422,-16.5525458618014,-0.173569516137663,7.45200730158506,-5.76330898566971,-2.81,0.121551011158095,0.0491428319651433,18.3715294532056,18.9946073193818,0.169743628285559,1.11050853030932,175.820007324219,-62.3906304677456,-136.730074898978,-175.820007324219,4.26506090164185,18.4200000762939,7.28000020980835,16.1322078704834,39.5699996948242,991.298574771521
8.425,-0.0189833058450347,-0.0377018533632281,0.481,0.116227826073276,0.16310710162244,-10.6708287444903,0.0301199165876249,0.0135220134776764,0.00776030492836244,-0.0414568941223794,-0.0204172531540468,-2.58554688329702,0.0905161355302145,-0.00783382218201128,0.00825725478536407,15.4846484517315,9.85454022289701,-0.068098167561143,-7.96180921085183,-16.5370752702438,-0.16022994451009,7.45190923068326,-5.7633723912741,-2.81,0.121864483278436,0.0484618284460566,18.35913321657,18.9914894430692,0.169743628285559,1.11050853030932,175.820007324219,-62.3906304677456,-136.730074898978,-175.820007324219,4.26506090164185,18.4200000762939,7.28000020980835,16.132999420166,39.5699996948242,991.302277906886
8.45,-0.0198812440406699,-0.0422261228586232,0.481,0.0327890418993164,0.0324979590561517,-10.4007657388438,0.0333187516572677,-0.00277134066082542,0.00484812566382933,-0.0409533708957729,-0.0202465158118545,-2.58555662326446,0.0834984295237798,-0.0140374252789606,0.00637408552322493,15.479926086475,9.82929580748188,-0.0877253814356344,-7.97178252896892,-16.5127333674779,-0.176588509441654,7.45181115978145,-5.76343579687848,-2.81,0.121135991865914,0.0472146004825925,18.3517894744873,18.9834005545782,0.169743628285559,1.11050853030932,175.820007324219,-62.3906304677456,-136.730074898978,-175.820007324219,4.26506090164185,18.4200000762939,7.28000020980835,16.132999420166,39.5699996948242,991.30598104225
8.475,-0.0203788077115872,-0.0437251803000927,0.481,0.0412454115965981,0.101576293503074,-10.2170985700916,0.0444842671197433,-0.012874732769414,0.00643510803516445,-0.0419297754690732,-0.0198839870424279,-2.58566386352376,0.0328020704783373,-0.0114283602636433,0.00350505509224881,15.4768822051496,9.8268742506002,-0.0984053313861373,-7.97302152302435,-16.5076037113028,-0.202414037068405,7.45171308887964,-5.76349920248287,-2.81,0.12020368880988,0.0469942602145371,18.3517894744873,18.9778219007923,0.169743628285559,1.11050853030932,175.820007324219,-62.3906304677456,-136.730074898978,-175.820007324219,4.26506090164185,18.4200000762939,7.28000020980835,16.132999420166,39.5699996948242,991.309684177615
8.5,-0.0205131263591875,-0.044129854877403,0.481,0.0752353866916281,0.0592152633559747,-10.0222934868264,0.042006224397334,-0.0296799810686433,0.00299131784889109,-0.0429061800423735,-0.0195214582730013,-2.58577110378305,-0.0178942885671052,-0.00881929524832595,0.000636024661272698,15.473420552916,9.82748627532292,-0.111993531668563,-7.97242322970465,-16.5047190966699,-0.231274807716276,7.45161501797784,-5.76356260808725,-2.81,0.119121035416088,0.0469356795942028,18.349989675126,18.9716425803227,0.169743396617799,1.11050848086381,175.823974609375,-62.7064314920713,-137.388195165249,-175.823974609375,4.26509523391724,18.4259433746338,7.24235868453979,16.1407260894775,39.5680160522461,991.305527597103
8.525,-0.020166682710732,-0.042735755436589,0.481,-0.0455666866832093,0.0219849010491129,-9.65376630907729,0.0280726306891572,-0.0250225807802482,0.00221747245520634,-0.0430833607099591,-0.0194303267393746,-2.58587248412091,-0.0499949122684653,0.000184985954042242,-0.00148911885440204,15.4703054281883,9.84717873315898,-0.12636432476909,-7.96170954731248,-16.5185375960795,-0.249687320312724,7.45151694707603,-5.76362601369164,-2.81,0.118317056293203,0.0479783864904323,18.3454687505398,18.9681542362474,0.169743107033099,1.11050841905693,175.828918457031,-63.1011827714147,-138.210845498126,-175.828918457031,4.26513862609863,18.4333724975586,7.09000015258789,16.1720008850098,39.565544128418,991.299406087624
8.55,-0.019251382987959,-0.039052562405388,0.481,-0.0338069206862253,0.101936476989122,-9.49732055326054,0.0340341260913213,-0.00941938148758506,0.00398209576217828,-0.042256522923708,-0.0196876339614391,-2.58594226837158,-0.0519599132239819,0.0146995140239596,-0.00220509199425578,15.4647623364663,9.8778645082144,-0.132537630703539,-7.94192412416561,-16.5412935199994,-0.245147875381187,7.45144017594368,-5.76367584789538,-2.81,0.118362559760687,0.0497221992117443,18.3427047729492,18.9655259242418,0.169742817448399,1.11050835725005,175.833862304688,-63.4959340521763,-139.033495831004,-175.833862304688,4.26518201828003,18.4408016204834,7.10740566253662,16.1681327819824,39.5630683898926,991.293284578143
8.575,-0.018756483442271,-0.0385576628597,0.481,-0.0223817298881116,0.105742579592706,-9.3855241215866,0.036864621148537,-0.0125565522138219,0.000328784987281597,-0.0387894998667465,-0.0213456726513094,-2.58597477349723,0.0540110599359374,-0.0062867545985985,0.000683256264140632,15.4642049657486,9.87770559068408,-0.136918546134544,-7.94097412119785,-16.5418983136095,-0.189683514990301,7.45138433455063,-5.76371234646757,-2.81,0.119438792019313,0.0501484909928725,18.3427047729492,18.9726131582911,0.169742527863698,1.11050829544316,175.838806152344,-63.8906853315198,-139.856146163803,-175.838806152344,4.26522493362427,18.4482307434082,7.17999982833862,16.1520004272461,39.5605926513672,991.287163068663
8.6,-0.0204404236174974,-0.0452816803055229,0.481,-0.116521157391911,0.0453675250417977,-9.24559477501775,0.038610428297064,0.00143414534596954,0.00218635236928734,-0.0411419754455166,-0.0190592995588253,-2.58624776868972,-0.0357678811304363,0.0333203095873403,-0.00259799896368235,15.4616896671271,9.85438857899443,-0.141789103177945,-7.95643695889919,-16.5173976508033,-0.252213287602419,7.45132849315759,-5.76374884503976,-2.81,0.118523166987778,0.0486783579528774,18.3414721938799,18.9626599328631,0.16974245891496,1.11050828072724,175.839996337891,-63.984673731566,-140.052015290742,-175.839996337891,4.26523542404175,18.4500007629395,7.17999982833862,16.1520004272461,39.560001373291,991.289252515109
8.625,-0.0186114156062144,-0.0422281441244299,0.481,-0.0385634308691082,0.143168960831666,-9.38902572365981,0.0387953095635166,0.0261676025092705,0.00300578923688507,-0.0406052879989147,-0.0182421505451202,-2.58638286590576,-0.0279597509652376,0.0531128458678722,-0.00252152374014258,15.4578188056961,9.87630472357405,-0.109614298205892,-7.94224811079802,-16.5337867745178,-0.228390801693213,7.45126900812855,-5.76378756119582,-2.81,0.12063554870016,0.049918176570496,18.3382212665846,18.9635956083867,0.16974245891496,1.11050828072724,175.839996337891,-63.984673731566,-140.052015290742,-175.839996337891,4.26523542404175,18.4500007629395,7.17999982833862,16.1520004272461,39.560001373291,991.293907885282
8.65,-0.0175830823503137,-0.0425723760939074,0.481,-0.0315147598974207,0.0644377976718158,-9.54820192797724,0.0352720341232667,0.0412525691223304,-7.58396688499559e-05,-0.0365644631894403,-0.0185862781708979,-2.58640861687752,0.0676252658465083,0.0471357983714308,0.0025232121553447,15.4601919885733,9.87179700201589,-0.0797234609363838,-7.94440604658149,-16.5329739911796,-0.153139729645796,7.4512030512225,-5.76383021625523,-2.81,0.124008286207299,0.0501696010226211,18.3361721038818,18.9751981184272,0.16974245891496,1.11050828072724,175.839996337891,-63.984673731566,-140.052015290742,-175.839996337891,4.26523542404175,18.4500007629395,7.17999982833862,16.1520004272461,39.560001373291,991.298563255454
8.675,-0.0176984963222056,-0.0488789400756766,0.481,-0.0324377470498742,0.0682711461551641,-9.83592253172204,0.0252343491556215,0.0592490347626976,0.00298252302536612,-0.0366760613022888,-0.0164005920250436,-2.58654894558726,0.0419039527836174,0.0588973376104946,0.00102019703222857,15.4534960308583,9.8681944887721,-0.0664658032952887,-7.94221595602594,-16.5253405286538,-0.174773759100831,7.45113709431645,-5.76387287131463,-2.81,0.125108446306022,0.0499997135661515,18.3361721038818,18.965993820867,0.16974245891496,1.11050828072724,175.839996337891,-63.984673731566,-140.052015290742,-175.839996337891,4.26523542404175,18.4500007629395,7.17999982833862,16.1520004272461,39.560001373291,991.303218625626
8.7,-0.0148209752164957,-0.0436963535494097,0.481,0.0606234316439399,0.0917201081148412,-10.0910440326795,0.0292753038605385,0.0539808010670659,0.000999157702966675,-0.0352184294354331,-0.0158643658698706,-2.58657407380936,0.0758975220353739,0.0387225276090837,0.00350317091049633,15.4529741097718,9.86516121746986,-0.0607725017389625,-7.94300257664691,-16.5227624735169,-0.162905776570913,7.4510711374104,-5.76391552637403,-2.81,0.126193558892202,0.0500260656311904,18.3367044160951,18.9667446066421,0.16974245891496,1.11050828072724,175.839996337891,-63.984673731566,-140.052015290742,-175.839996337891,4.26523542404175,18.4500007629395,7.20150947570801,16.1480560302734,39.560001373291,991.300347094266
8.725,-0.015425727558139,-0.0492172536784515,0.481,0.0340373697945599,0.00325573017934089,-10.1471506258169,0.00554907888157029,0.0405511068319739,0.00182263956492284,-0.0356577566243932,-0.014746054322972,-2.58661190938678,0.0690434203727101,0.0196558218275877,0.00505304463708085,15.4531866132615,9.85488148387104,-0.0860318246065435,-7.94999398864324,-16.5130499080479,-0.209392824921488,7.45104264650503,-5.76393506856502,-2.81,0.124877622059243,0.0494426577813054,18.3381822828977,18.9604471716424,0.16974245891496,1.11050828072724,175.839996337891,-63.984673731566,-140.052015290742,-175.839996337891,4.26523542404175,18.4500007629395,7.30000019073486,16.1299991607666,39.560001373291,991.294603455741
8.75,-0.0147415633155233,-0.0485330894358358,0.481000178170597,0.0915838442197988,0.0922089319712502,-10.2064074541762,0.0164952330214687,0.0291040815430377,0.00436146633621379,-0.0391523200171076,-0.0124082440299617,-2.58679376563864,-0.0389392298210151,0.0301963015222053,-0.000782755126260365,15.4431878583966,9.84922390044875,-0.0513293087473339,-7.9471404097984,-16.5010530970665,-0.245159873498364,7.45111899699556,-5.76388993383976,-2.81,0.125567990414645,0.0487469044052609,18.3391418457031,18.9465424399067,0.16974245891496,1.11050828072724,175.839996337891,-63.984673731566,-140.052015290742,-175.839996337891,4.26523542404175,18.4500007629395,7.30000019073486,16.1299991607666,39.560001373291,991.288859817217
8.775,-0.0126610781304393,-0.0434397673304532,0.481228304949349,0.155497130933115,0.0346993941334145,-9.93980110630653,0.00727487769995392,-0.000290004868124055,0.0008879468036654,-0.0358562047107244,-0.0141771563783914,-2.58677529224818,0.056853621320799,-0.0121475805183188,0.00338245138588619,15.4275425567052,9.88808319113842,-0.0261872396651874,-7.91154715150761,-16.5277087437586,-0.161893966235326,7.45119534748608,-5.76384479911451,-2.81,0.128191081403876,0.0512386791129903,18.3391418457031,18.9443154976699,0.16974245891496,1.11050828072724,175.839996337891,-63.984673731566,-140.052015290742,-175.839996337891,4.26523542404175,18.4500007629395,7.30000019073486,16.1299991607666,39.560001373291,991.283116178692
8.8,-0.0153532722481032,-0.0477731177181542,0.482199489667149,0.0844292463538756,0.0870281849383908,-9.77281793214719,-0.0014903140807886,-0.0141168513405121,0.00593447477170309,-0.0395898407813922,-0.0125979488465068,-2.58687649520838,-0.0715345976479047,0.0035284870668999,0.000923074512040671,15.4223223267457,9.87157096283304,-0.0454388920635007,-7.91901935241333,-16.508442418727,-0.241796031553757,7.45127169797661,-5.76379966438925,-2.81,0.125767704965494,0.0499349776838023,18.3349756564734,18.9285199240612,0.169742260638971,1.110508238049,175.843399047852,-64.257253237102,-140.615276431248,-175.843399047852,4.26502799987793,18.439811706543,7.38660430908203,16.1279621124268,39.560001373291,991.281279941775
8.825,-0.013530080602586,-0.0435060576221122,0.483170681676888,0.142586037357214,0.0885454982824187,-9.77869145082847,0.024449910910289,-0.0243852307607459,0.00434192312051513,-0.0388002607644931,-0.0132018406628583,-2.58682183572604,-0.0669165203867025,0.00667826079468768,0.00262002470835583,15.4188185926367,9.88864361491271,-0.0172608340547313,-7.90512307487606,-16.5225803002008,-0.197247728160846,7.45131298275807,-5.76377628799094,-2.81,0.12752550840717,0.0509258665580548,18.3227664074808,18.9314148071228,0.169741971486487,1.1105081758099,175.848358154297,-64.6547650167767,-141.436698927844,-175.848358154297,4.26472568511963,18.4249534606934,7.80999994277954,16.1180000305176,39.560001373291,991.28123459726
8.85,-0.0138721227739073,-0.0438480997934336,0.48414184984081,0.0245765259099722,-0.0508902911047547,-9.49393373418837,-0.011839951068233,-0.0154233108733548,0.0078146041206032,-0.0383376912131953,-0.0145100428920726,-2.58673811663233,-0.0280848972307592,-0.00840951450556758,0.00794094670092663,15.4193568295451,9.88039530871613,-0.0499316067809646,-7.90965244877378,-16.5159533846618,-0.204820882681342,7.45127474076524,-5.76380225807959,-2.81,0.125776618476123,0.0505461990296505,18.3146076202393,18.9302349748886,0.169741682334003,1.1105081135708,175.853302001953,-65.0522767950333,-142.258121424362,-175.853302001953,4.26442289352417,18.4100933074951,7.80999994277954,16.1180000305176,39.560001373291,991.281189252745
8.875,-0.0151618278844563,-0.0471462599128351,0.484921346033665,0.111895037316226,0.041663332244671,-9.16559612601472,-0.0545857545178582,-0.00698444754835287,0.00820056648142123,-0.0414585173667103,-0.0139270434846874,-2.58669776905403,-0.0654978308582361,-0.00385175888193513,0.00738734698223762,15.4189212097603,9.88488532208551,-0.0320687410071305,-7.90664411088343,-16.5193397354845,-0.226960602758304,7.45123649877241,-5.76382822816824,-2.81,0.125370079515942,0.0503844291157439,18.3146076202393,18.9266377661791,0.169741393181518,1.1105080513317,175.858245849609,-65.4497885747081,-143.07954392088,-175.858245849609,4.26412057876587,18.3952350616455,7.80999994277954,16.1180000305176,39.560001373291,991.281143908231
8.9,-0.0129988921974414,-0.0415016316899594,0.485,0.0541294181178688,0.0420374477797072,-8.98154128473318,-0.0773049644830694,0.00510371711706011,0.00828812436883196,-0.0421943316944712,-0.0136927728454121,-2.58658240979526,-0.103032395130162,0.0297100819489439,0.00686678850432453,15.4232750708217,9.87250634607471,0.020286854343006,-7.91338884362908,-16.5132757574731,-0.184953472944133,7.45119946819652,-5.76385341901904,-2.81,0.127795422396112,0.0495941033891454,18.3152756960887,18.9344005416477,0.169741291289691,1.11050802939983,175.860000610352,-65.5898641536858,-143.368997562546,-175.860000610352,4.26401376724243,18.3899993896484,7.91103744506836,16.1143112182617,39.5583953857422,991.277721477005
8.925,-0.0148910190150938,-0.0385077475333093,0.485,0.123824777882025,0.146186955057773,-9.00135204246886,-0.0707247921255966,-0.0040471749796398,0.00678737193593925,-0.0430869058304472,-0.0139964007242734,-2.58651181256533,-0.0928199669542695,0.0268878921870272,0.0061332158263537,15.4234642718546,9.87197291666752,0.0377098274799159,-7.91240212532649,-16.513780697424,-0.171642442874488,7.45118472956611,-5.76386427068808,-2.81,0.128235196563556,0.0494397603789688,18.3173486961509,18.9357184925441,0.169741291289691,1.11050802939983,175.860000610352,-65.5898641536858,-143.368997562546,-175.860000610352,4.26401376724243,18.3899993896484,8.4399995803833,16.0949993133545,39.5559234619141,991.272461513303
8.95,-0.0135401869316197,-0.0371569154498352,0.485,0.0937231512353269,0.124912854700239,-8.9401811692705,-0.040700552271506,-0.0187938823165399,0.00619681405930311,-0.0440506914980622,-0.0145452617021444,-2.5864688102299,-0.0557784266152181,0.00912453359066279,0.00573350294344222,15.4214554144389,9.8741075338759,0.0515924860822692,-7.90876340921425,-16.5150885260326,-0.158936430919331,7.45116999093571,-5.76387512235713,-2.81,0.128421617809505,0.049429386989757,18.3187732696533,18.9352655580987,0.169741291289691,1.11050802939983,175.860000610352,-65.5898641536858,-143.368997562546,-175.860000610352,4.26401376724243,18.3899993896484,8.4399995803833,16.0949993133545,39.5534439086914,991.267201549602
8.975,-0.014042466844113,-0.0366546355373419,0.485,0.117809002838633,0.0975743467452123,-8.96812496396106,-0.0367376391089468,-0.0235487658931022,0.00626835530775376,-0.0446471082809408,-0.0148357874533984,-2.58647285890396,-0.0330104712553637,0.0142690944501064,0.00517746812589964,15.4181902823999,9.86814230208602,0.0676681547712488,-7.9088468632021,-16.5086277478424,-0.144063302979163,7.4511552523053,-5.76388597402618,-2.81,0.128950890940582,0.049046181390449,18.3187732696533,18.9337360086937,0.169741291289691,1.11050802939983,175.860000610352,-65.5898641536858,-143.368997562546,-175.860000610352,4.26401376724243,18.3899993896484,8.4399995803833,16.0949993133545,39.550968170166,991.261941585901
9,-0.0142014208282554,-0.0364956815531995,0.485,0.102517675033896,0.187423540904348,-9.03076911462727,-0.00636735485688862,-0.00208814293177174,0.00504775658133533,-0.0456743400692601,-0.014877734647309,-2.58649983969744,-0.0145914948974634,0.019506250828137,0.00416959762855278,15.4222760858915,9.85382869383094,0.0939658173992136,-7.91966451473094,-16.4989776913877,-0.126563363057114,7.45112934653171,-5.76390382258991,-2.81,0.129810750013005,0.0481514737953509,18.3176164807014,18.9394811723675,0.169741115307813,1.11050799172706,175.861511230469,-65.8304744585417,-143.868925736412,-175.861511230469,4.26380300521851,18.3854713439941,8.40377330780029,16.1030006408691,39.5499992370605,991.262365952978
9.025,-0.0142623968551136,-0.0345986700136054,0.485,0.114364421565853,0.104046462279192,-9.24790156254443,0.00824076473334117,0.0139487385584914,0.00353313626421028,-0.0455003764988789,-0.0145905612079342,-2.58653891398495,0.0386366368463981,0.0230903717847874,0.0044259174989258,15.4220924220537,9.86463207398327,0.215253777222258,-7.90997697114918,-16.5115239983361,-0.00862474894614668,7.45093029185637,-5.76403015947607,-2.81,0.136300769403163,0.0487071707397715,18.3138026921254,18.955574353108,0.169740826587545,1.11050792992018,175.863983154297,-66.2252257393033,-144.689120396571,-175.863983154297,4.26345729827881,18.3780422210693,8.19999980926514,16.1480007171631,39.5499992370605,991.266431844459
9.05,-0.0131927579182925,-0.0339851693441482,0.485,0.239943841422268,0.143900297923692,-9.44981283480961,0.0225612522522473,0.00317402217956837,0.00181928030196439,-0.0476185062099341,-0.0131289936042911,-2.5866923478208,-0.0221194273286403,0.0183055858760775,-0.000388876523268228,15.4253246943867,9.84041085009231,0.1973197666495,-7.9291216661739,-16.4905294696141,-0.0687759476844596,7.45073123718104,-5.76415649636222,-2.81,0.134623525100127,0.0471930280892716,18.3111095428467,18.9501784106413,0.169740537867276,1.11050786811329,175.866455078125,-66.6199770186467,-145.509315056729,-175.866455078125,4.26311159133911,18.3706130981445,8.19999980926514,16.1480007171631,39.5499992370605,991.270497735941
9.075,-0.0126465881321411,-0.0335610475728542,0.485,0.188337971451917,0.0970104227490235,-9.53074179561681,0.0179472550685233,-0.0262751117581405,0.000256941517437962,-0.0465443179075992,-0.0143890811029816,-2.58680927992985,0.0108848627090266,-0.0240495704211766,-0.000876222058365809,15.4128671053911,9.84527792162365,0.21952953184379,-7.91687140749155,-16.488087257749,-0.016990465192385,7.45053218250571,-5.76428283324838,-2.81,0.136128211623708,0.047624006041825,18.3111095428467,18.9461863364194,0.169740249147008,1.11050780630641,175.868927001953,-67.0147282979902,-146.329509716887,-175.868927001953,4.26276588439941,18.3631839752197,8.19999980926514,16.1480007171631,39.5499992370605,991.274563627423
9.1,-0.01535158110284,-0.0364719025149431,0.485,0.21430585444555,0.138744463162367,-9.54488301118484,0.0197703282460084,-0.0375106003742978,-0.00129020784878309,-0.0460597733978034,-0.0144238338378693,-2.58696369498842,-0.0393031404086335,0.00991963995068326,-0.00434850516900104,15.4112937719451,9.835693898074,0.204996183925495,-7.92352851812686,-16.4774969180439,-0.0257828530426686,7.45033312783038,-5.76440917013454,-2.81,0.13559098161331,0.0472101151810568,18.3106693231835,18.9440686264818,0.169739960920701,1.1105077447465,175.875671386719,-67.4079021518144,-147.14830113566,-175.875671386719,4.26269197463989,18.3600006103516,8.22122669219971,16.1431884765625,39.5499992370605,991.276098863134
9.125,-0.0129083046131021,-0.0352531834310554,0.485,0.132987714104593,0.0724029509179759,-9.50225572137344,0.0269045107907829,-0.0280443086726997,-0.00148566174799346,-0.0452568326004936,-0.0151595512070301,-2.58710938669721,-0.0200311132530351,0.0201360454857518,-0.00469582687641201,15.4141606638098,9.84882045081794,0.202417533089333,-7.92137190748895,-16.4890375592905,-0.00967323335592349,7.45015351540228,-5.76452334792562,-2.81,0.135660964379826,0.0480173455304586,18.3091212173678,18.9510112895419,0.169739673064865,1.11050768337184,175.885559082031,-67.7998929336628,-147.966040123256,-175.885559082031,4.26282119750977,18.3600006103516,8.35000038146973,16.1140003204346,39.5499992370605,991.275736107016
9.15,-0.013248038988238,-0.0362767335271294,0.485,0.226902887470454,0.0958891474408989,-9.49822889610795,0.0237979759883159,-0.0189237911900852,-0.00179263635726858,-0.0471271722219159,-0.0155577959047578,-2.5873991208961,0.0470226531645065,-0.041427460097848,-0.00174585245854302,15.4211547823219,9.84674030548831,0.194241882808769,-7.93399296180786,-16.4881442410332,-0.0299088944024676,7.45003526723467,-5.76459914878069,-2.81,0.13421391963205,0.0477124025009772,18.3079986572266,18.9576277643848,0.169739385209028,1.11050762199717,175.895477294922,-68.1918837155113,-148.783779110852,-175.895477294922,4.2629508972168,18.3600006103516,8.35000038146973,16.1140003204346,39.5499992370605,991.275373350899
9.175,-0.0150406837515825,-0.0366546279155493,0.485,0.254505569013775,0.117458597202312,-9.4476397365655,0.0508636228777083,-0.0255407166156313,-0.00115300738658191,-0.0467979673549798,-0.0157301516024417,-2.58764053607609,0.0171943927231325,-0.0387600060321219,-0.00407567246337852,15.4114403845699,9.83068393880225,0.228831501497784,-7.93674075900702,-16.4686134026802,0.0111357636332842,7.44991701906706,-5.76467494963576,-2.81,0.13619984525298,0.0469557749616692,18.3079986572266,18.9547446034755,0.169739097353192,1.1105075606225,175.905380249023,-68.5838744973598,-149.601518098449,-175.905380249023,4.26308059692383,18.3600006103516,8.35000038146973,16.1140003204346,39.5499992370605,991.275010594782
9.2,-0.0154459402162062,-0.0365189693338973,0.485,0.236289346823057,0.0576772088137085,-9.49310703274676,0.041580753567374,-0.0373102498477103,-0.00229193487145485,-0.0466669611632824,-0.0157987400889397,-2.5877366065979,0.00532431667670608,-0.0376984998583794,-0.00500281807035208,15.4113380584893,9.8498763077133,0.222223321847983,-7.92838120508476,-16.4839170981239,0.00598365307884144,7.44979877089946,-5.76475075049083,-2.81,0.13589784693865,0.048000450010224,18.3069144194981,18.9557039040073,0.169738963020469,1.11050753198099,175.910003662109,-68.7668035287,-149.983129625999,-175.910003662109,4.26314115524292,18.3600006103516,8.37509441375732,16.1175651550293,39.5499992370605,991.273132324219
9.225,-0.0154471017501145,-0.0357892539351024,0.485,0.312039075246037,0.0669576535057195,-9.50691231406758,0.0470550711403569,-0.0341771728252067,-0.00102131588551072,-0.0445268090546199,-0.0173737932558741,-2.58783971367894,0.0479432225090988,-0.0429219007747323,-0.00127662234676772,15.4171492556299,9.84862102852604,0.226041625525024,-7.93494446065172,-16.4854032285092,0.0553077769944457,7.44968052273185,-5.76482655134591,-2.81,0.136744131042597,0.0481962232554499,18.3028291666283,18.969118029766,0.169738963020469,1.11050753198099,175.910003662109,-68.7668035287,-149.983129625999,-175.910003662109,4.26314115524292,18.3600006103516,8.53999996185303,16.1410007476807,39.5499992370605,991.269927978516
9.25,-0.0154499827478197,-0.0339793124649864,0.485,0.274136374198153,0.0923104430221277,-9.53544045570619,0.0453943263204768,-0.0294055958338093,0.000217890352476173,-0.0425288796821034,-0.0188564167884538,-2.58796217148283,0.0844541575624142,-0.048678542990094,0.00222762856036211,15.421165705047,9.84369646357874,0.222741427376056,-7.94247649445661,-16.4823663304272,0.0948303625649126,7.44952598089027,-5.76492365791823,-2.81,0.137179922851996,0.0481922537864026,18.2997894287109,18.979340269748,0.169738963020469,1.11050753198099,175.910003662109,-68.7668035287,-149.983129625999,-175.910003662109,4.26314115524292,18.3600006103516,8.53999996185303,16.1410007476807,39.5499992370605,991.266723632812
9.275,-0.0169424179865806,-0.0384757141947415,0.485,0.305892789995834,0.0667476801368136,-9.69822152026084,0.0568452152457611,-0.0279242235048688,0.00127254311631544,-0.0423109217693802,-0.0190918429947297,-2.58813327228232,0.0687169635313526,-0.0546063683532624,0.00276449507108232,15.4150815356171,9.82436840307023,0.181834517889411,-7.95175542657131,-16.4603143689962,0.0604447737717289,7.44932230041565,-5.7650496106697,-2.81,0.135131789803385,0.0472574761546737,18.2997894287109,18.9689571827939,0.169738963020469,1.11050753198099,175.910003662109,-68.7668035287,-149.983129625999,-175.910003662109,4.26314115524292,18.3600006103516,8.64249992370605,16.1319999694824,39.5499992370605,991.263519287109
9.3,-0.0173457800720311,-0.0395960417778758,0.485,0.341816232689277,0.0803114953401119,-9.78090137915699,0.0508925331966018,-0.0331157433873652,0.00218062932786565,-0.0422248914837837,-0.0191847681999207,-2.58820080757141,0.0625053271651268,-0.0569461435079575,0.00297640194185078,15.4132039618951,9.83003388594884,0.156486366865412,-7.94924543885744,-16.462959306997,0.0371262960996893,7.44911861994104,-5.76517556342117,-2.81,0.133838874869634,0.0475905223553494,18.3021101501753,18.964659787551,0.169738820035193,1.11050750115782,175.908782958984,-68.963666505787,-150.389321267177,-175.908782958984,4.2631196975708,18.3698120117188,9.35999965667725,16.0690002441406,39.5499992370605,991.261901855469
9.325,-0.0173496722349859,-0.0371508516524149,0.485,0.333429387918936,0.0759259611353594,-9.66443096645197,0.041729186171049,-0.0393470128863498,0.0013664191766407,-0.0418126268220628,-0.019930577275086,-2.58846230237935,0.0116893438081972,-0.0508884107618213,-0.00131953781240654,15.4330758577948,9.83305197662706,0.143287174267989,-7.96923542801945,-16.4735842712221,0.039758943019344,7.44882836267191,-5.76535759147459,-2.81,0.133042365986222,0.0477964180230616,18.3115269238094,18.9869411889331,0.169738531314925,1.11050743891872,175.906311035156,-69.3611782840436,-151.209515927492,-175.906311035156,4.26307678222656,18.3896236419678,9.35999965667725,16.0690002441406,39.5499992370605,991.261901855469
9.35,-0.01769018408239,-0.0368103398050108,0.485005328432836,0.379704385685404,0.0352583877916252,-9.67204097964883,0.0345345219806404,-0.0486045719949773,0.00145728024858535,-0.0408882759137557,-0.0207414565120162,-2.58843448527885,0.0230527570542436,-0.0513569879152425,-0.000562703091227102,15.4258113725714,9.85336455102153,0.125906995767506,-7.9523089114076,-16.4869413334827,0.0430173559427258,7.44841649826984,-5.7656183837828,-2.81,0.132463417659029,0.0490000296611342,18.3187122344971,18.9807485882237,0.169738242594656,1.11050737667962,175.90380859375,-69.7586900623002,-152.029710587729,-175.90380859375,4.26303339004517,18.4094352722168,9.35999965667725,16.0690002441406,39.5499992370605,991.261901855469
9.375,-0.017985597085117,-0.0365149268022838,0.485420886770226,0.353201113051615,0.0807901723931506,-9.78163207554963,0.0153109311024347,-0.0578052297030116,0.00101224664640545,-0.0395357355369406,-0.0219446064957726,-2.58850494768969,-0.00764461788434323,-0.0370415369239627,-0.00207686642513092,15.4288160934822,9.83846624186885,0.0883288918005768,-7.964822918994,-16.4745785009513,0.0380146955105283,7.44800463386777,-5.765879176091,-2.81,0.130873574954293,0.04839974920449,18.3187122344971,18.9826942795369,0.169737953874388,1.11050731444052,175.901336669922,-70.1562018405568,-152.849905247966,-175.901336669922,4.26298999786377,18.4292449951172,9.35999965667725,16.0690002441406,39.5499992370605,991.261901855469
9.4,-0.0198971225391638,-0.0409011942615718,0.486634857927474,0.350061393191541,0.0657991151130155,-9.82968695694857,0.0199012046981005,-0.0520061376222565,0.0002252290930638,-0.0399715941464362,-0.0238687899290981,-2.58873861853304,0.0103631318863444,-0.0482327976104159,-0.00143577525213342,15.4380692112037,9.85874537644641,0.0762487954162517,-7.96648922992377,-16.4944574735615,0.0507666101080605,7.44763533290103,-5.76611293636901,-2.81,0.129588979654022,0.0494321322551476,18.3219163642739,18.9967523051835,0.169737797140528,1.11050728065358,175.899993896484,-70.3719939494015,-153.295153777764,-175.899993896484,4.26296663284302,18.4400005340576,9.39169788360596,16.0682067871094,39.5499992370605,991.261321445681
9.425,-0.0211611788041589,-0.0358749594205392,0.487848839078755,0.369992928344248,0.0882621838586525,-9.81533889651397,-0.00328899241071106,-0.0391521936869671,-0.000747032066509924,-0.0390439579352124,-0.0246181758848778,-2.58878461138067,-0.00855945748380096,-0.0184313031648689,-0.00423401260818828,15.4455999760068,9.85760480500489,0.0629856224595067,-7.97442185276177,-16.4969111405795,0.0584571050842035,7.44749043861887,-5.76620417600169,-2.81,0.129129434657529,0.0494785512251572,18.3360011847514,19.0055648915359,0.169737797140528,1.11050728065358,175.899993896484,-70.3719939494015,-153.295153777764,-175.899993896484,4.26296663284302,18.4400005340576,9.64000034332275,16.0620002746582,39.5499992370605,991.26005179927
9.45,-0.0208184728852491,-0.036898733865266,0.4890418790285,0.399066021402817,0.0837121768873116,-9.54543055938416,-0.00636648723697667,-0.0449994795616181,-0.00250181773837566,-0.0406490954191,-0.0267213915077601,-2.58908443990017,0.0167805417533802,-0.061579042385068,-0.00151621374886488,15.4632099494591,9.85672670254096,0.028313404196836,-7.99684292704738,-16.5019861169632,0.0410155358281411,7.4473455443367,-5.76629541563437,-2.81,0.126025466687707,0.0492516943927802,18.3470153808594,19.0238351012556,0.169737797140528,1.11050728065358,175.899993896484,-70.3719939494015,-153.295153777764,-175.899993896484,4.26296663284302,18.4400005340576,9.64000034332275,16.0620002746582,39.5499992370605,991.25878215286
9.475,-0.0225243079990348,-0.0367777880214123,0.489851192858221,0.38165390622409,-0.0321118884127425,-9.36641938338705,-0.0241445856947929,-0.0705443529383511,-0.00206330416427827,-0.0420992244743712,-0.0277206845118912,-2.5892672112056,-0.00979601283521111,-0.0815436935780799,5.44549618345735e-05,15.4566551781785,9.85751543928706,0.0259386254443506,-7.99456087412391,-16.4974210219271,0.0396080849048754,7.44720065005454,-5.76638665526704,-2.81,0.125064209046768,0.0491653766128799,18.3470153808594,19.0190263627135,0.169737797140528,1.11050728065358,175.899993896484,-70.3719939494015,-153.295153777764,-175.899993896484,4.26296663284302,18.4400005340576,9.64000034332275,16.0620002746582,39.5499992370605,991.257512506449
9.5,-0.0230649108229387,-0.0365068417390568,0.490660517394081,0.319299600638148,0.0333787212291648,-9.16105761885245,-0.0351048100317334,-0.0863378328990545,0.00194759145715256,-0.0435493535296425,-0.0287199775160222,-2.58944998251103,-0.0363725674238024,-0.101508344771092,0.00162512367253403,15.45164515974,9.8568676361565,0.0245369607158819,-7.99432743752502,-16.4924518132249,0.039265910897056,7.44705575577238,-5.76647789489972,-2.81,0.124142835947662,0.0490007906783789,18.3489351272583,19.0158130946283,0.16973767560963,1.11050725475355,175.896881103516,-70.5374135333695,-153.640397962965,-175.896881103516,4.26305723190308,18.4389629364014,9.66594314575195,16.0637645721436,39.5489616394043,991.259124755859
9.525,-0.0235113347683476,-0.0354683324068475,0.491469842343268,0.343670971055911,0.0738775843390653,-8.72114707719938,-0.0162703376519368,-0.0865087133447134,0.00415744389959162,-0.0448954179583043,-0.0314364867344502,-2.58957669164057,-0.0540553813149738,-0.0886178735801574,0.000475441106171733,15.4516104947334,9.86756837735617,0.0370939380328486,-7.99066903072987,-16.5004650571797,0.0800616082840824,7.4467902435619,-5.7666455670083,-2.81,0.123636043760233,0.0494242450537756,18.3581411838531,19.0232091349666,0.169737385592714,1.11050719294667,175.889450073242,-70.9321648155493,-154.464276132123,-175.889450073242,4.26327323913574,18.4364852905273,9.89000034332275,16.0790004730225,39.5464859008789,991.26473236084
9.55,-0.0259965400550738,-0.0303626016322772,0.492279147748871,0.249442863324367,0.120420593006351,-7.98384583154627,-0.00336679474522235,-0.0825795620688633,0.00677415371789929,-0.0444593642184742,-0.0327496685146346,-2.589511934588,-0.0187273339603919,-0.0892107689220584,0.00297588590134164,15.4647488208092,9.86983521095978,0.0508155763497376,-7.99858099663288,-16.5100969420731,0.118686177259695,7.44639461962364,-5.76689568756911,-2.81,0.124221892083854,0.0495502324853913,18.365514755249,19.040505447766,0.169737095575798,1.11050713113978,175.882019042969,-71.3269160948927,-155.288154301282,-175.882019042969,4.26348924636841,18.434009552002,9.89000034332275,16.0790004730225,39.5440101623535,991.27033996582
9.575,-0.0283820990941078,-0.0303773827078667,0.492930491637039,0.17789295916032,0.0609551779451787,-7.9924967348542,0.00810001344881641,-0.0655512530112542,0.00922554261985708,-0.0440328429316763,-0.0347752878813512,-2.58938662826963,0.00507830653057645,-0.0350917120750962,0.00747781680045116,15.4903960318882,9.84609451917689,0.0632234032360605,-8.02964877210586,-16.5044925870027,0.16854894307497,7.44599899568538,-5.76714580812992,-2.81,0.124517022614247,0.048273003426779,18.365514755249,19.0698202269661,0.169736805558882,1.1105070693329,175.874603271484,-71.7216673756543,-156.11203247044,-175.874603271484,4.26370573043823,18.4315338134766,9.89000034332275,16.0790004730225,39.5415344238281,991.275947570801
9.6,-0.0275652021674493,-0.0306921698539843,0.493,0.168567356595879,0.13467986818985,-8.13859405253416,0.0355944009925779,-0.0143052629636727,0.0113661016556714,-0.0435139766348523,-0.0348649028263613,-2.58928459839222,0.0401480784104032,0.00569360416164792,0.0106465486756072,15.5064157499013,9.84186975805804,0.0967139416287658,-8.04178157397287,-16.5108043211385,0.209220255842387,7.44562100773021,-5.76738482712347,-2.81,0.126389503262718,0.0480477831700275,18.3675244889169,19.0891694975296,0.1697366260246,1.11050703107149,175.869995117188,-71.9660372160583,-156.622052289409,-175.869995117188,4.26383924484253,18.4300003051758,9.8720760345459,16.0795669555664,39.5400009155273,991.278889206221
9.625,-0.0280642087609598,-0.0289719294637383,0.493,0.237781389076378,0.0847110472912144,-8.62851973456299,0.0484277500162402,0.0538445168136517,0.0118294792949634,-0.0419654867354983,-0.0337266407434234,-2.58908424499087,0.0636955189346944,0.0631552192817828,0.0132333860740635,15.524086222031,9.83714643395029,0.128720595595959,-8.05384832518867,-16.5185174017802,0.239545372955876,7.44537525062993,-5.76754060892402,-2.81,0.128891976879812,0.047897459608012,18.3781258340152,19.1078298201407,0.1697366260246,1.11050703107149,175.869995117188,-71.9660372160583,-156.622052289409,-175.869995117188,4.26383924484253,18.4300003051758,9.69999980926514,16.0849990844727,39.5400009155273,991.277498641104
9.65,-0.0262485776052075,-0.0307875606194907,0.493,0.257965624753016,0.0903636067077075,-9.19972658863177,0.0580058168143958,0.0902671316268172,0.0140741106011619,-0.0409554035479682,-0.030113961369375,-2.58880984303579,0.0674935813787406,0.0933165456893327,0.0162193458162512,15.551923559825,9.8194407372537,0.163227025599168,-8.08088854560463,-16.5214102537851,0.229410994945637,7.44512949352964,-5.76769639072457,-2.81,0.13168612960489,0.0469655180302434,18.3868179321289,19.129495999537,0.1697366260246,1.11050703107149,175.869995117188,-71.9660372160583,-156.622052289409,-175.869995117188,4.26383924484253,18.4300003051758,9.69999980926514,16.0849990844727,39.5400009155273,991.276108075988
9.675,-0.0237487658918068,-0.0322899918465208,0.493,0.291240235783891,0.0211144429669769,-9.59655861988725,0.0568809047387052,0.0889356947586204,0.0148339558121362,-0.0404284374797844,-0.0271834068134441,-2.58866471899603,0.0145661425341041,0.0900726595834937,0.0131647836307318,15.5699534754208,9.80910051597132,0.231643591070168,-8.09654159408315,-16.5249775979491,0.258248940066428,7.44488373642936,-5.76785217252512,-2.81,0.135932420431883,0.0463966079044023,18.3868179321289,19.1485195323403,0.1697366260246,1.11050703107149,175.869995117188,-71.9660372160583,-156.622052289409,-175.869995117188,4.26383924484253,18.4300003051758,9.69999980926514,16.0849990844727,39.5400009155273,991.274717510871
9.7,-0.0205295967692776,-0.0337825789328414,0.493,0.315873896886218,0.0122624202474921,-9.84822051393707,0.0256622500145914,0.0716843374439139,0.0159986714547327,-0.041153529181906,-0.0255065546014145,-2.58845983791402,0.00599505435847646,0.0571962818197416,0.0158571254052885,15.5720445819777,9.82001797084561,0.239261949167376,-8.08945211061631,-16.5373939476445,0.232244831173224,7.44463797932907,-5.76800795432567,-2.81,0.136318974979382,0.0468380153288829,18.3886496885768,19.1453096921526,0.169736526738417,1.11050700973237,175.868301391602,-72.1023269695353,-156.904103832164,-175.868301391602,4.26348352432251,18.4333953857422,9.66349029541016,16.0861034393311,39.5400009155273,991.273399496978
9.725,-0.0205373815488682,-0.0288919136639379,0.493,0.351721588202568,0.0887847117650608,-9.88411831845469,0.0110375379536875,0.0608212242035946,0.0156232995149198,-0.0406906012534795,-0.0243262150847407,-2.58813779377107,0.0264358030274926,0.0422054648841763,0.0183052234884712,15.5681240753505,9.82863739143863,0.253283782902477,-8.07577264501623,-16.545719644403,0.231970919294261,7.44439222222879,-5.76816373612622,-2.81,0.137540574177768,0.0472981810776872,18.3993858166461,19.138568805852,0.169736237153717,1.11050694749327,175.863342285156,-72.4998387477919,-157.726754164963,-175.863342285156,4.26244640350342,18.4433002471924,9.27000045776367,16.0979995727539,39.5400009155273,991.272220539597
9.75,-0.0205373815488682,-0.0288919136639379,0.493,0.330168171170292,0.0826346945033328,-10.099569023492,0.0230696880497511,0.0509119760374178,0.0168651498568701,-0.0401321331243951,-0.0230866217739091,-2.58783542678671,0.0464054485779379,0.0295203766869719,0.0199105420485138,15.5662344056517,9.82664256038453,0.274523511454846,-8.06942866622321,-16.5460847851732,0.239416002373277,7.44410875520267,-5.76834127209939,-2.81,0.139176598253427,0.0472120031009117,18.4083919525146,19.134485530453,0.169735947569017,1.11050688525417,175.8583984375,-72.8973505260485,-158.549404497762,-175.8583984375,4.26140928268433,18.4532070159912,9.27000045776367,16.0979995727539,39.5400009155273,991.271041582216
9.775,-0.0195435837004038,-0.0308747787492192,0.493,0.318867996872309,0.193751045400872,-10.393907999165,0.0388530335243182,0.0410138582550338,0.0192076771545266,-0.0390548229965016,-0.0215252439494796,-2.58763991886511,0.0638167147027367,0.0293568124041515,0.0169390499117996,15.5760016510935,9.80168266959573,0.300095528299923,-8.08665062280371,-16.532308608676,0.252431552369407,7.44377256534496,-5.76854922291838,-2.81,0.141246829604648,0.0459768718429404,18.4083919525146,19.1423887623885,0.169735657984317,1.11050682301508,175.853454589844,-73.2948623043051,-159.372054830639,-175.853454589844,4.26037216186523,18.4631118774414,9.26533031463623,16.09885597229,39.5400009155273,991.269862624834
9.8,-0.0192043379620402,-0.0314927644194147,0.493,0.383143900128946,0.179111590417456,-10.7432726316377,0.10278178697532,0.0386852114596131,0.0163758819896532,-0.0370391880431763,-0.0209328722027716,-2.58738880566092,0.0954730618849422,0.0354458934976865,0.0159685259990522,15.5861981003072,9.78202154556296,0.31744578559579,-8.10054309694621,-16.5233287400488,0.28124268784336,7.44344981684139,-5.7687489678294,-2.81,0.14313487646633,0.0451298501761807,18.4100370227166,19.1528714070777,0.169735456654001,1.11050677974408,175.850006103516,-73.5712276367598,-159.943992681094,-175.850006103516,4.25965070724487,18.4699993133545,9.21000003814697,16.1089992523193,39.5400009155273,991.26904296875
9.825,-0.0175388931597678,-0.0327942162240705,0.493,0.429134375576327,0.11135315378736,-11.0689899071808,0.100655299160014,0.0495465448035628,0.0162059193068298,-0.0344680193991496,-0.0208147338182787,-2.58711612136712,0.130044845644663,0.0467494298854132,0.0159663981583306,15.5977890285433,9.78895157551927,0.301633832530134,-8.10235257716366,-16.5370516308996,0.288763862046328,7.44328087448406,-5.76885481453143,-2.81,0.143459581987991,0.0457455809004063,18.4208842043607,19.1630665490092,0.169735456654001,1.11050677974408,175.850006103516,-73.5712276367598,-159.943992681094,-175.850006103516,4.25965070724487,18.4699993133545,9.21000003814697,16.1089992523193,39.5400009155273,991.26904296875
9.85,-0.0176478885941165,-0.0345043432557119,0.493,0.489903264345215,0.186719226121297,-11.2466490422822,0.130133083341993,0.0488309977363252,0.0144193080554584,-0.030834569012154,-0.0183901865722728,-2.58688103805471,0.154286723491436,0.0282529900264358,0.0149782205889616,15.6200927065633,9.78784295026408,0.248993937877647,-8.11964648586316,-16.5489448618741,0.234368651975796,7.44311193212673,-5.76896066123345,-2.81,0.142732073973841,0.0460709962307407,18.4301891326904,19.1748713015736,0.169735456654001,1.11050677974408,175.850006103516,-73.5712276367598,-159.943992681094,-175.850006103516,4.25965070724487,18.4699993133545,9.21000003814697,16.1089992523193,39.5400009155273,991.26904296875
9.875,-0.0168453402328192,-0.0396533971447232,0.493,0.500305176935094,0.188918792653597,-11.2935354549614,0.157707625301507,0.0240278539506266,0.0112698160141893,-0.0263717174530029,-0.0180638357996941,-2.58674597740173,0.160796895623207,0.0401258356869221,0.00745249819010496,15.6282963502205,9.7677782391389,0.166510528306459,-8.13667388100435,-16.5359864108887,0.191195890207152,7.4429429897694,-5.76906650793547,-2.81,0.140535062656417,0.045581253121503,18.4301891326904,19.1744153185463,0.169735456654001,1.11050677974408,175.850006103516,-73.5712276367598,-159.943992681094,-175.850006103516,4.25965070724487,18.4699993133545,9.25035381317139,16.1075630187988,39.5400009155273,991.26904296875
9.9,-0.0160894302110479,-0.0460179366882452,0.493,0.512563112744796,0.143186734806316,-11.3097184818844,0.168169560068171,-0.00679225492335042,0.00748003662415305,-0.0255321466936224,-0.0171555343718524,-2.58693958781421,0.116180349700541,-0.00356754457554622,0.00348199463979467,15.627188305287,9.76585732732938,0.138829135481738,-8.14070386938426,-16.5319197745535,0.157563556157383,7.44277404741206,-5.7691723546375,-2.81,0.139661327745629,0.04563117529042,18.4330358865126,19.1699752078092,0.169735379316157,1.11050676291647,175.84407043457,-73.6787030434316,-160.16369352625,-175.84407043457,4.25970840454102,18.4686794281006,9.80000019073486,16.0879993438721,39.5400009155273,991.270389197008
9.925,-0.0167016197900145,-0.0454057471092786,0.493,0.506388505107187,0.143536346196248,-10.9194767183206,0.172411093510563,-0.0310093777464216,0.00171808760228921,-0.0174480751225571,-0.0186222638005602,-2.58715029696202,0.140193799881339,-0.0165460131156214,-0.00973825652064209,15.6273409931045,9.79849099575959,0.10896185934826,-8.12613187956572,-16.5574643252568,0.228999539941342,7.44255585079539,-5.76930881636299,-2.81,0.141532239436298,0.0484240003443468,18.4544882099583,19.1834265743463,0.169735089299241,1.11050669981294,175.82177734375,-74.0817358180963,-160.98757169533,-175.82177734375,4.25992441177368,18.4637260437012,9.80000019073486,16.0879993438721,39.5400009155273,991.275437552974
9.95,-0.0173634596995771,-0.0500897638933722,0.493,0.479767466054391,0.0944594034130403,-10.5160939241815,0.174879221906754,-0.0557414423917097,-0.00589391456032538,-0.0155234949228802,-0.0207244888437949,-2.58750888043218,0.163824746693801,-0.0750513441071878,-0.00855627063418311,15.6401932587303,9.80210996804183,-0.0414610532341465,-8.1441474031255,-16.563651357294,0.130540434856303,7.4422822737717,-5.76947970094821,-2.81,0.134119323039487,0.0489352986048581,18.4732971191406,19.1858726637217,0.169734799282325,1.11050663670941,175.79948425293,-74.4847685941792,-161.811449864488,-175.79948425293,4.26014041900635,18.4587745666504,9.80000019073486,16.0879993438721,39.5400009155273,991.28048590894
9.975,-0.0199550722563153,-0.0552890244456304,0.493,0.404811748121248,-0.0832984382495189,-10.0894048413764,0.123237876773097,-0.0663359256762057,-0.0115662676408801,-0.0122682420425813,-0.0220599887653138,-2.5876923473555,0.121734507895436,-0.0529976559473848,-0.0142831854762057,15.6292645443065,9.82305916946638,-0.0920430416447571,-8.1270923661668,-16.5743099532025,0.132260391787582,7.442008696748,-5.76965058553344,-2.81,0.132803326965212,0.0505285322708209,18.4732971191406,19.1779683014571,0.169734509265409,1.11050657360588,175.777191162109,-74.887801370262,-162.635328033805,-175.777191162109,4.26035642623901,18.453821182251,9.80000019073486,16.0879993438721,39.5400009155273,991.285534264906
10,-0.0204888711695067,-0.0593677960908679,0.493,0.306551906016607,-0.253051138880826,-9.67130141236679,-0.036678077854619,-0.047966382519078,-0.0149931315829887,-0.0153410107655567,-0.0226536058865414,-2.58808206240236,-0.0279837871442707,-0.031615431728398,-0.0111909124201115,15.6419889614872,9.85929771189143,-0.1726081157821,-8.12841788436895,-16.6082886527833,0.030566771669687,7.4417351197243,-5.76982147011867,-2.81,0.12699989312518,0.0520572776970139,18.4749455002119,19.1825664347836,0.169734285538073,1.11050652492601,175.759994506836,-75.1987123683873,-163.270891192818,-175.759994506836,4.26052331924438,18.4500007629395,9.78584957122803,16.0863571166992,39.539436340332,991.288872484891
10.025,-0.0208565905438026,-0.0564624527170726,0.493,0.221385093469873,-0.247226167474466,-9.4891010514031,-0.229513763950457,0.013013036335655,-0.0108719385010543,-0.0235374847283583,-0.020671284439506,-2.58869118355751,-0.329681689855128,0.0880248223768057,-0.011016558072484,15.6642899811784,9.9104829218453,-0.19802576881058,-8.13443035692336,-16.6567219440001,-0.107347158198919,7.4414943600482,-5.76997218475764,-2.81,0.122117391887804,0.053695702875813,18.4894375171301,19.1946628908253,0.169734285538073,1.11050652492601,175.759994506836,-75.1987123683873,-163.270891192818,-175.759994506836,4.26052331924438,18.4500007629395,9.55000019073486,16.0590000152588,39.5369567871094,991.286438995937
10.05,-0.0194019575255927,-0.044108722272837,0.493,0.180281723329273,-0.0972210846612034,-9.66140570764241,-0.388626877486076,0.109055280830635,-0.00446430492082922,-0.0317358912742988,-0.0181106793229078,-2.58877452424305,-0.417623985181083,0.133964496194385,-0.000756588205369648,15.6889318621697,9.96026566385365,-0.162720570801553,-8.13255610966309,-16.7092686980292,-0.194483301982963,7.44128839359783,-5.77010151505132,-2.81,0.120502143034452,0.0551791765887785,18.5024185180664,19.210698552278,0.169734285538073,1.11050652492601,175.759994506836,-75.1987123683873,-163.270891192818,-175.759994506836,4.26052331924438,18.4500007629395,9.55000019073486,16.0590000152588,39.534481048584,991.284005506983
10.075,-0.0173456297033724,-0.0396905085213257,0.493,0.166255727997188,0.013588574724082,-10.2645357213652,-0.463616031438974,0.21209699512316,0.00179852917010576,-0.0483625552322689,-0.00919011298098933,-2.58850815113623,-0.495825067248036,0.284304160031918,0.0124975408723977,15.7109160412023,9.96934976762253,0.0968108626785348,-8.1376182873128,-16.7317466474362,-0.240858302814966,7.44108242714746,-5.77023084534499,-2.81,0.127825933122361,0.0534272618517863,18.5024185180664,19.2211142676598,0.169734285538073,1.11050652492601,175.759994506836,-75.1987123683873,-163.270891192818,-175.759994506836,4.26052331924438,18.4500007629395,9.55000019073486,16.0590000152588,39.5320053100586,991.28157201803
10.1,-0.00830198647906161,-0.0176323757763512,0.493,0.280464247087693,0.0805868128684164,-11.1343849154283,-0.501205380811256,0.289028421121855,0.009878105722064,-0.0627900551977182,-0.000820069642299339,-2.58825614767916,-0.521158692766639,0.316323312087094,0.0242347878184824,15.728130968305,9.97536906754282,0.308427297618817,-8.13914775915442,-16.7522634535093,-0.3052247149697,7.44087295393467,-5.77036242299363,-2.81,0.133565382637451,0.0518776583697947,18.5022143777811,19.2253243117723,0.169734230214429,1.11050651290629,175.758117675781,-75.2754805162126,-163.428054241503,-175.758117675781,4.26025152206421,18.4594345092773,9.54575443267822,16.0599899291992,39.5299987792969,991.279622203899
10.125,-0.00192487864664116,-0.000532726732865221,0.492983572990544,0.464732513742095,0.171184303229489,-11.922290038361,-0.540683946939782,0.315069907102615,0.0187421828896254,-0.0762331984675811,0.00733796006453803,-2.58790001515299,-0.527019225624012,0.315578317602812,0.0325546557067374,15.7316406519487,9.97177070313869,0.426485457983832,-8.13338434668658,-16.7555517558422,-0.449625210879258,7.44061760648254,-5.77052339975391,-2.81,0.134954405574056,0.0500466303263737,18.5000606977715,19.203951519583,0.169733939765297,1.11050644980276,175.748199462891,-75.6785132922954,-164.253160247021,-175.748199462891,4.25882530212402,18.5089626312256,9.46000003814697,16.0799999237061,39.5299987792969,991.279728007766
10.15,0.000357181544154134,0.00726484583223039,0.492531450417816,0.506913980985843,0.199835125155338,-12.8154159461044,-0.521775412882167,0.308274002856327,0.0268168976161687,-0.089123601204421,0.0155976619034063,-2.58746301915649,-0.522981873851651,0.315424488255915,0.0397782159494133,15.7318177483572,9.93936254897771,0.585920664167893,-8.13525855400043,-16.7374830478522,-0.546397341383892,7.44036225903042,-5.77068437651419,-2.81,0.138754252923976,0.046799626081433,18.4980907440186,19.1831836201678,0.169733649316165,1.11050638669923,175.738296508789,-76.0815460669601,-165.078266252461,-175.738296508789,4.25739860534668,18.5584907531738,9.46000003814697,16.0799999237061,39.5299987792969,991.279833811634
10.175,0.00817605365675257,0.025892642519274,0.491991904046433,0.562522526088479,0.241847580138345,-13.6796062965737,-0.500741791716621,0.298312891665599,0.0360785571483426,-0.100821667045991,0.0238540578882999,-2.58668276935352,-0.482969851231893,0.307895688628653,0.0511321386018024,15.7427166474804,9.87253291279491,0.882739935167609,-8.15243670861079,-16.7145467821793,-0.490881786841626,7.4401069115783,-5.77084535327447,-2.81,0.150110182834899,0.0417963477813478,18.4980907440186,19.1903706790441,0.169733358867033,1.1105063235957,175.728393554688,-76.4845788444612,-165.903372257979,-175.728393554688,4.25597286224365,18.6080188751221,9.46000003814697,16.0799999237061,39.5299987792969,991.279939615502
10.2,0.0144096015448839,0.0382081385828174,0.491452357675051,0.659565926817173,0.392579438865504,-14.1461494136915,-0.439659924722973,0.275439527571975,0.047963702842964,-0.110548382490153,0.0302471188053378,-2.5858414707496,-0.440019453344984,0.257299183669004,0.057236569605776,15.7385021714256,9.83192716253111,0.964710601179314,-8.14894649186035,-16.6892311524547,-0.601783587383759,7.43985156412617,-5.77100633003475,-2.81,0.151044540017373,0.0384962095437558,18.4966741957754,19.1597097532344,0.169733112676816,1.11050627010794,175.720001220703,-76.8261971014329,-166.602747824581,-175.720001220703,4.25476360321045,18.6499996185303,9.435471534729,16.0812072753906,39.5299987792969,991.280257315006
10.225,0.0180640353232942,0.0516805433168757,0.490912811303668,0.732876407489398,0.37583097952069,-14.5095767614017,-0.351142401032477,0.225525703469659,0.0561168033616574,-0.118403884650541,0.0350382917056442,-2.58477753249476,-0.339358688148208,0.185225110058063,0.0616785505956106,15.7246387508776,9.8088571705139,1.03403819692906,-8.12510572996239,-16.6752451214729,-0.682667448747365,7.43959621667405,-5.77116730679503,-2.81,0.151972016726356,0.0363170879901559,18.4779934658194,19.1228764431452,0.169733112676816,1.11050627010794,175.720001220703,-76.8261971014329,-166.602747824581,-175.720001220703,4.25476360321045,18.6499996185303,8.8100004196167,16.1119995117188,39.5299987792969,991.28175368399
10.25,0.0180640353232942,0.0516805433168757,0.490373264932285,0.718330880707913,0.475840610342407,-14.4387762153108,-0.267805914739707,0.152873078184018,0.0606864488464815,-0.124925509095192,0.0390159152448177,-2.5838942527771,-0.255790293216705,0.125389337539673,0.0653662756085396,15.7087308671777,9.76004924646595,1.11255726718289,-8.11614618897928,-16.6392097459684,-0.724872742218877,7.43947115291721,-5.77124739737823,-2.81,0.153851499309429,0.0329656731586679,18.4605522155762,19.0902486149088,0.169733112676816,1.11050627010794,175.720001220703,-76.8261971014329,-166.602747824581,-175.720001220703,4.25476360321045,18.6499996185303,8.8100004196167,16.1119995117188,39.5299987792969,991.283250052974
10.275,0.0209856495814624,0.064424121859718,0.489833718560902,0.720808079661403,0.401684909947149,-14.0672763394878,-0.157447959615062,0.0882702328202276,0.0621310042066712,-0.126954246986595,0.0405753960362169,-2.58278487556532,-0.189948606320154,0.080254676715719,0.0619301668319231,15.7007105273682,9.65218850986038,1.19305084562391,-8.14389619517842,-16.5626409011457,-0.675503927590499,7.43940515300429,-5.77129081838028,-2.81,0.157451199932462,0.0269257032093658,18.4605522155762,19.0748156216569,0.169733112676816,1.11050627010794,175.720001220703,-76.8261971014329,-166.602747824581,-175.720001220703,4.25476360321045,18.6499996185303,8.8100004196167,16.1119995117188,39.5299987792969,991.284746421958
10.3,0.0218693081782875,0.0682487235021934,0.489294174954084,0.644268029683745,0.556126706809786,-13.5143670385597,-0.0642372516319518,0.030000629776614,0.0600419759885847,-0.128568291664124,0.0418161042034626,-2.58190226554871,-0.137565582990646,0.0443459674715996,0.0591964311897755,15.7073799839098,9.59291334097938,1.13805417887765,-8.16697648287582,-16.515663137137,-0.757829736351477,7.43933915309137,-5.77133423938232,-2.81,0.154039212030802,0.0235135173574338,18.4588100145448,19.0580453872784,0.169733079383837,1.11050626289611,175.720291137695,-76.8722579904117,-166.697326302116,-175.720291137695,4.25485706329346,18.6471691131592,8.81113243103027,16.1112632751465,39.5297164916992,991.285311716907
10.325,0.0221130039222742,0.0715417850577048,0.488802884767007,0.559687492114127,0.480581908081492,-13.0149560356519,0.0406843721794779,-0.0152182329366468,0.0541561290433308,-0.125115582551824,0.0407895016674918,-2.57981459846777,0.0476666684583287,-0.0163579636883428,0.0420420410180594,15.7036941592107,9.55376280625728,1.12386211770567,-8.15232779049406,-16.4975240000399,-0.71743538267351,7.43926368054888,-5.77138309344769,-2.81,0.15484806636747,0.02147992160827,18.4281763130764,19.0401326157581,0.169732788070273,1.11050619979258,175.722747802734,-77.2752907664946,-167.524887980196,-175.722747802734,4.25567865371704,18.6224060058594,8.85000038146973,16.0860004425049,39.5272369384766,991.27866118809
10.35,0.0205254988115204,0.0717627243490015,0.488357792462372,0.559227040940564,0.586031002106795,-12.6238655287317,0.11714506252356,-0.0392284498368703,0.0450902813810686,-0.121109462547449,0.0390390103643404,-2.57891012677735,0.187621702230339,-0.0496080950561106,0.032841624759339,15.7068507559583,9.49068771475247,0.967594371733019,-8.18086456794063,-16.4362294679544,-0.798979746221339,7.43917406873294,-5.77144005714804,-2.81,0.148315040696405,0.0184557863476257,18.3989944458008,19.0201877658747,0.169732496756709,1.11050613668904,175.725234985352,-77.6783235411593,-168.352449658276,-175.725234985352,4.25650024414062,18.5976409912109,8.85000038146973,16.0860004425049,39.5247650146484,991.272010659272
10.375,0.0179460312193889,0.066824735616116,0.487916345560302,0.414874103555746,0.504075868204304,-12.3062661989574,0.216086968645152,-0.0392874952572913,0.0294116786774722,-0.116526466687932,0.0383384129632706,-2.57863632100266,0.205240473009895,-0.0444773968317635,0.0157515248418927,15.7073782726127,9.44589602793193,0.871737296704887,-8.20506830666335,-16.3916891953653,-0.834259725413367,7.439084456917,-5.77149702084839,-2.81,0.145382902468029,0.0165251645929176,18.3989944458008,19.0113531119311,0.169732205443145,1.11050607358551,175.727722167969,-78.0813563172421,-169.180011336356,-175.727722167969,4.25732135772705,18.5728759765625,8.85000038146973,16.0860004425049,39.522289276123,991.265360130454
10.4,0.0174200254099363,0.0573957819048283,0.487474896397303,0.320698265303344,0.409479121686468,-11.4513906718783,0.217478071886692,-0.0463618869654965,0.0118911303825058,-0.112414108422611,0.0377652682872835,-2.57893798815767,0.169484686289491,-0.0429008740985231,-0.00378707685320302,15.7081494326453,9.44788587261222,0.790526506292167,-8.21306589880574,-16.3837410137086,-0.867189226737366,7.43899484510106,-5.77155398454873,-2.81,0.142989893448065,0.0171028546990942,18.3978771353668,19.0099982318127,0.1697319363249,1.11050601528987,175.729995727539,-78.4536818344785,-169.944520696184,-175.729995727539,4.25808000564575,18.5499992370605,8.84415149688721,16.0866241455078,39.5200004577637,991.259431659051
