0,-0.0509667748622433,-0.0580494572770508,0.469,0.669367067973418,0.119498935386337,-10.666467786513,0.0677065757240466,-0.0378846133815117,0.0617270206743402,0.00250016152858734,-0.043980810791254,1.6242880821228,0.12168575823307,-0.0127471601590514,0.0625007376074791,10.6512559965153,-5.41739603248053,0.112743926764669,4.84121304080613,10.9110428104088,0.56740316532156,7.22765700720925,-6.09278011089634,-2.81,0.150730126022615,0.0847009158055682,11.9624900817871,17.4994845891246,0.1697781351902,1.11053069773615,174.869995117188,0,0,-174.869995117188,1.15034651756287,12.1199998855591,6.30000019073486,15.6269998550415,30.8700008392334,991.393127441406
0.025,-0.0525458792335297,-0.0640771959176567,0.469,0.411625506086617,0.125841459788151,-10.7176071049091,0.0331484972690586,-0.0417406259949151,0.0531805840283343,-0.000108809516757557,-0.0443259059453978,1.62533503522633,0.0052328068648753,-0.0340226712988139,0.0506298062417511,10.6756230765164,-5.4401631038145,0.135040301666162,4.85101272922754,10.9398299825496,0.608550741358121,7.2276261565513,-6.092602876919,-2.81,0.152585766579248,0.0824665672274547,11.9624900817871,17.5339256775681,0.1697781351902,1.11053069773615,174.869995117188,0,0,-174.869995117188,1.15034651756287,12.1199998855591,6.30000019073486,15.6269998550415,30.8674926757812,991.387160473435
0.05,-0.0534983466679274,-0.063124728483259,0.469,0.337656633248816,0.118636833013813,-10.5263618154817,0.0232134125478403,-0.0529403138222302,0.0477443550027346,0.00309906527400017,-0.045262522995472,1.62648665904999,-0.0104872919619083,-0.0316601470112801,0.0514103695750237,10.6765704887574,-5.42344152716356,0.0674863781766975,4.82167816072805,10.948698691935,0.533710107441506,7.22759530589335,-6.09242564294166,-2.81,0.147049755633199,0.0834642784772355,11.9629390618872,17.5319352379802,0.1697781351902,1.11053069773615,174.869995117188,0,0,-174.869995117188,1.15034651756287,12.1199998855591,6.30000019073486,15.6269998550415,30.8649864196777,991.381193505465
0.075,-0.0534983466679274,-0.063124728483259,0.469,0.286929070899292,0.0861224574572319,-10.1364380521584,0.00635500683302051,-0.0583436572020837,0.0449989228967555,0.00294834505768406,-0.0458971064418057,1.62681537132915,0.036084295542804,-0.0434268030584761,0.0505660179527038,10.6814283015085,-5.42176872979935,0.0583367878802397,4.81610013129545,10.9550736929586,0.532381261596685,7.2275644552354,-6.09224840896432,-2.81,0.146276781041798,0.0833834182651645,11.990925488125,17.5384681067138,0.1697781351902,1.11053069773615,174.869995117188,0,0,-174.869995117188,1.15034651756287,12.1199998855591,6.19000005722046,15.6280002593994,30.8624801635742,991.375226537494
0.1,-0.0560258759419978,-0.0707396565583781,0.469,0.204227013126259,0.073718011950696,-9.95307894732695,-0.0133982589701367,-0.0517669569612556,0.0435855115036264,0.00228245466513816,-0.047403645954846,1.62785927526153,0.080509580985407,-0.0550234685681161,0.0479814286406148,10.6852999868145,-5.42182798540621,0.0564505944735314,4.80451750066364,10.9630633690887,0.550358367184783,7.22753360457746,-6.09207117498699,-2.81,0.145726117444598,0.0828351621388708,12.0180139541626,17.5510862829701,0.169778137302472,1.11053069815014,174.869720458984,0.00264406920471053,0.00600037805595637,-174.869720458984,1.15035736560822,12.1201343536377,6.19000005722046,15.6280002593994,30.8600273132324,991.369369136677
0.125,-0.0565070942460657,-0.0702584382543101,0.469,0.180340724466069,0.135535421521082,-9.6498453132115,-0.000556270984200326,-0.0477233173676962,0.0412742222898287,0.000955980271100998,-0.0494647920131683,1.62964284420013,0.0520986169576645,-0.0488566160202026,0.0436631478369236,10.6972905790367,-5.43792758073812,0.0539339302445369,4.80033994738579,10.9831282645757,0.577599245102954,7.22749469096383,-6.09185098842493,-2.81,0.145053494377498,0.0809450842310909,12.0180139541626,17.5761720885151,0.169778333743749,1.11053073665088,174.844665527344,0.248542536442434,0.564035541438731,-174.844665527344,1.15136361122131,12.1326684951782,6.19000005722046,15.6280002593994,30.8625354766846,991.37359191401
0.15,-0.057933650492391,-0.0688318820079848,0.469,0.163266069125913,0.0863216939679761,-9.36021683074548,-0.0361740831424311,-0.0456930567193226,0.0410337413609535,0.000526636323974782,-0.0499075780769133,1.63040401252493,0.02194811171485,-0.0399628465733785,0.0432924391936645,10.7151885013743,-5.42580472432606,0.0150664466633194,4.77867725561097,11.0054607600154,0.546740954004638,7.22744286734048,-6.09156202828796,-2.81,0.142649873405405,0.0812057929285711,12.0182918743946,17.5946682570956,0.169778530185025,1.11053077515162,174.819595336914,0.494441005098324,1.12207070490035,-174.819595336914,1.1523699760437,12.1452026367188,6.48000001907349,15.5920000076294,30.8650398254395,991.377814691343
0.175,-0.057933650492391,-0.0688318820079848,0.469,0.0908694490226544,0.111599489918198,-9.09163234158159,-0.027262106253193,-0.038614465730913,0.0391581065770516,-0.00027339736684778,-0.0507326596256198,1.63182236326284,-0.0342339310297349,-0.0233903171514699,0.0426016657331989,10.7261034078937,-5.42469116036422,0.0281702456696781,4.7613531630881,11.0217023926083,0.573545543115533,7.22739104371713,-6.09127306815099,-2.81,0.143180323678825,0.0805215854875351,12.0240664392147,17.6177084886651,0.169778726626302,1.11053081365236,174.794525146484,0.740339470917882,1.68010586828313,-174.794525146484,1.15337610244751,12.157735824585,6.48000001907349,15.5920000076294,30.8675479888916,991.382037468676
0.2,-0.0591966163931238,-0.0739007091510693,0.469,0.0829151033534514,0.116573874021042,-8.95994540347086,-0.0312067217628864,-0.0232682483178586,0.042344735177938,-0.00107343105767034,-0.0515577411743263,1.63324071400075,-0.09041597377432,-0.00681778772956113,0.0419108922727332,10.7378196551731,-5.41998377854879,0.0374398245944557,4.74032553697975,11.0386508034158,0.596572787616538,7.22730598426516,-6.09079272532468,-2.81,0.143487431148205,0.0800404302455913,12.0294704437256,17.6410783544209,0.169778918843034,1.11053085132513,174.770004272461,0.980949799746184,2.22614027547514,-174.770004272461,1.1543607711792,12.1700000762939,6.48000001907349,15.5920000076294,30.8700008392334,991.386326710169
0.225,-0.059996437760556,-0.0699429652190358,0.469,0.0858485441797915,0.0831784264662277,-9.1614560743455,-0.0363296240957208,0.00532271113066521,0.0439429853662217,-0.00111437782936425,-0.0516501112343016,1.63355083729789,-0.0408213087708953,-0.000538100996477194,0.0449360152624644,10.7275342243488,-5.41732176783972,0.00136784601276898,4.73481509407008,11.0314966303236,0.561226925595074,7.22721006800347,-6.09024986546395,-2.81,0.141501052729454,0.0801288656139622,12.0294704437256,17.6275751808341,0.169778918843034,1.11053085132513,174.770004272461,0.980949799746184,2.22614027547514,-174.770004272461,1.1543607711792,12.1700000762939,6.48000001907349,15.5920000076294,30.8700008392334,991.393640070913
0.25,-0.059836267074565,-0.0688202947429776,0.469,0.0886352150298174,0.140581203954424,-9.54833018473822,-0.0365956747418193,0.0395796974663434,0.0451525133706714,-0.0035202679721721,-0.0511623537092302,1.63452781439077,-0.0318533893929285,0.0240770829341725,0.0441472858280829,10.7470623500053,-5.43613746217004,0.0346964198095852,4.74155396040686,11.0546712819209,0.603367544106152,7.22711415174179,-6.08970700560323,-2.81,0.144267271233998,0.0782210308967579,12.0307516190562,17.6566926212594,0.169778918843034,1.11053085132513,174.770004272461,0.980949799746184,2.22614027547514,-174.770004272461,1.1543607711792,12.1700000762939,6.48000001907349,15.5920000076294,30.8700008392334,991.400953431656
0.275,-0.0577743626599577,-0.0677233626717693,0.469,0.155846521631219,0.134772475326747,-9.88845795593605,-0.0409569353096058,0.0606343702871717,0.0478064558439654,-0.00343643864909466,-0.049149448988621,1.63653949996276,-0.0390306168019764,0.070164243642376,0.0525971422569758,10.7558163768311,-5.42976451993602,0.0451814073772322,4.71229478256619,11.0731908554644,0.592192700306689,7.2270182354801,-6.0891641457425,-2.81,0.145401063820361,0.0777554204118636,12.0467236048449,17.6761188727081,0.169778918843034,1.11053085132513,174.770004272461,0.980949799746184,2.22614027547514,-174.770004272461,1.1543607711792,12.1700000762939,6.46000003814697,15.6009998321533,30.8700008392334,991.4082667924
0.3,-0.0585625402527418,-0.0720044711688599,0.469,0.193027121379864,0.163964014077885,-9.99304158890111,-0.0364467443488764,0.0644550544070356,0.0467220515672229,-0.00534518912193623,-0.0482502218211422,1.63716587152948,0.00887779580946459,0.068279156121891,0.0519724491974262,10.7591387602141,-5.44220944499696,0.0709195576226536,4.71736712406393,11.07904544523,0.618821078938717,7.22694212754528,-6.08874219000367,-2.81,0.147858525504547,0.0764975242655841,12.0611581802368,17.6858054093659,0.169778925208076,1.11053085255297,174.769271850586,0.988791870168402,2.24422159299531,-174.769271850586,1.15439319610596,12.1702423095703,6.46000003814697,15.6009998321533,30.8700008392334,991.41538372194
0.325,-0.057459635740405,-0.0702715998152345,0.469,0.194506794979862,0.0841145702848239,-9.79034995486089,-0.0725106695407446,0.0474547488097105,0.0447619259492276,-0.00657499160323828,-0.0463821478314741,1.63847518088975,-0.0806852120838309,0.0700503165855511,0.0458880066836014,10.7593871975632,-5.43670733414953,0.0695178181536725,4.69717295440578,11.0859715802944,0.604013732149428,7.2268705366853,-6.08834780514304,-2.81,0.148888531619408,0.0761116378623065,12.0611581802368,17.6921481447028,0.169779122524369,1.1105308906162,174.746719360352,1.23189603623917,2.80474243651485,-174.746719360352,1.15539956092834,12.1777620315552,6.46000003814697,15.6009998321533,30.8700008392334,991.41660771537
0.35,-0.0560299110537776,-0.0682046610830692,0.469,0.162532230430111,0.0721929900550967,-9.84560770392792,-0.105604636431125,0.0463258885277829,0.0419635863998124,-0.00743539395052337,-0.0449844954155552,1.63989099780923,-0.0910225259543254,0.0674300165508143,0.047915992493425,10.7603582568289,-5.42663221245445,0.0554047515141715,4.67128000824145,11.0941422280621,0.579541179881672,7.22679894582532,-6.0879534202824,-2.81,0.14886488153545,0.0759967866258375,12.0626129834157,17.6987027015915,0.169779319840663,1.11053092867943,174.724151611328,1.47500020089178,3.36526327995554,-174.724151611328,1.15640568733215,12.1852836608887,6.46000003814697,15.6009998321533,30.8700008392334,991.4178317088
0.375,-0.0546079413675969,-0.062315368135599,0.469,0.13451388700935,0.103218877673053,-9.98109196120313,-0.135182777856424,0.0711751770928587,0.0410013953102399,-0.0124735484008255,-0.0431265249318163,1.64119572193649,-0.187792050078316,0.0703351817154773,0.0392668414860103,10.775589051487,-5.44210552834809,0.0785781128223685,4.67040575017869,11.1153108280678,0.610886104078233,7.22672735496534,-6.08755903542176,-2.81,0.152577328711314,0.0737768150844803,12.0755676593421,17.7250098286103,0.169779517156956,1.11053096674267,174.701599121094,1.71810436838071,3.92578412339623,-174.701599121094,1.15741205215454,12.1928033828735,6.09999990463257,15.6450004577637,30.8700008392334,991.41905570223
0.4,-0.0553983583235068,-0.0637454021093699,0.469,0.211283664494637,0.0909435923587321,-10.1043586872369,-0.157583254534681,0.0895268929697604,0.0406080317740798,-0.0197913130373437,-0.0395555315241974,1.6427268220834,-0.18003169548952,0.0930038545079305,0.0375258026431649,10.7707318448872,-5.42765760272442,0.0321901940197927,4.63885278383092,11.1189259303762,0.565419083708589,7.22665576410537,-6.08716465056112,-2.81,0.154077399074043,0.0729094241168238,12.086859703064,17.7239874558408,0.169779705986527,1.11053100316877,174.679992675781,1.95075244150064,4.46219654352925,-174.679992675781,1.15837502479553,12.1999998092651,6.09999990463257,15.6450004577637,30.8700008392334,991.420293514941
0.425,-0.0525567171988295,-0.0558238505128505,0.469,0.256774670869367,0.150223670118175,-10.2102470577031,-0.163241238410826,0.0730457258998322,0.0357754512344603,-0.0205579213798046,-0.0379019156098366,1.64388418197632,-0.21904781460762,0.0981131345033646,0.0389087237417698,10.7804354231732,-5.44084394471511,0.0372192835885346,4.63816891234146,11.1354656105481,0.557450263172831,7.22660687091434,-6.08690261247595,-2.81,0.155126098429849,0.0715431087905387,12.086859703064,17.7383680069434,0.169779705986527,1.11053100316877,174.679992675781,1.95075244150064,4.46219654352925,-174.679992675781,1.15837502479553,12.1999998092651,6.09999990463257,15.6450004577637,30.8700008392334,991.421838806646
0.45,-0.0519268172296387,-0.0539177070980416,0.469,0.322281151568294,0.212255207373341,-10.2253260680989,-0.164914473219186,0.0404770957648677,0.0352255338546225,-0.0265317162201174,-0.0366169166500222,1.64483896595557,-0.149499497474804,0.0478752450271661,0.0375940089976525,10.780628383748,-5.46168696233796,0.0376591215133893,4.64734110085355,11.1410318579734,0.57707959972332,7.22655825364938,-6.0866421832752,-2.81,0.15781577905693,0.0690483577635792,12.0888346880273,17.745912831062,0.169779705986527,1.11053100316877,174.679992675781,1.95075244150064,4.46219654352925,-174.679992675781,1.15837502479553,12.1999998092651,6.09999990463257,15.6450004577637,30.8700008392334,991.423384098351
0.475,-0.0512993726281198,-0.0472430549016379,0.469,0.323821708592643,0.232980495840905,-10.1437204811171,-0.147436184717031,0.0162979627101747,0.0329778908724378,-0.0293561715643007,-0.035894180361881,1.64560909261592,-0.177097778581232,0.0337009426624999,0.0339029522713661,10.7783850259763,-5.46846142929567,0.0154162850572771,4.64574638736288,11.1435366205788,0.562604589257342,7.22650963638443,-6.08638175407444,-2.81,0.157872236242616,0.0679310319800412,12.1025132875879,17.7455596660177,0.169779705986527,1.11053100316877,174.679992675781,1.95075244150064,4.46219654352925,-174.679992675781,1.15837502479553,12.1999998092651,6.09999990463257,15.6450004577637,30.8700008392334,991.424929390056
0.5,-0.314467291973679,-0.0506459882326488,0.469,0.344714294925501,0.287461619486891,-9.82849721419479,-0.115724406045604,-0.00448423881948737,0.0309648048523738,-0.0302682777353245,-0.0358808215349801,1.64638114801342,-0.129731186670652,0.0212833288229062,0.0356285119516513,10.7690293091623,-5.46319302912061,-0.0155078808328365,4.63329635991528,11.1383983509298,0.536057689616331,7.22645564298413,-6.08609171204193,-2.81,0.156512321142477,0.067828484887376,12.1139974594116,17.7370695172291,0.169779716618452,1.11053100521518,174.678512573242,1.96382255698011,4.49239889207152,-174.678512573242,1.15850913524628,12.1997308731079,6.21000003814697,15.6260004043579,30.8698654174805,991.426394891867
0.525,-0.314470851744312,-0.0484096183527555,0.469,0.300625342956651,0.20552700216501,-9.66210516399968,-0.0899292403093555,-0.018412892344246,0.0276694587431422,-0.0363691036654362,-0.0357468991172593,1.64746186395292,-0.152455579019372,-0.000776543852883173,0.0248631852280368,10.7776977493266,-5.4929055759042,-0.01020968913249,4.64909670206525,11.152875389649,0.574591226176653,7.22637955757857,-6.08567998281357,-2.81,0.158959915891348,0.0647105712849876,12.1139974594116,17.7557212192322,0.169779914372254,1.11053104327841,174.650939941406,2.20692672446905,5.05416257554117,-174.650939941406,1.16100287437439,12.1947164535522,6.21000003814697,15.6260004043579,30.867359161377,991.426456091539
0.55,-0.314481440834326,-0.0417571891914606,0.469,0.23808109034162,0.251767944781225,-9.53315560658815,-0.0615087833281194,-0.0246137524901914,0.0264359090715992,-0.0381894658159413,-0.0362308429149312,1.64800100620027,-0.058049342395747,-0.0128455968312725,0.024903717271516,10.7782911604317,-5.48868156518277,-0.0688972721574779,4.64059509714775,11.157275899014,0.531040633791383,7.22630347217302,-6.0852682535852,-2.81,0.156122081581122,0.0644739945567996,12.115409509191,17.7525707764158,0.169780112126055,1.11053108134164,174.62336730957,2.45003089053982,5.61592625901082,-174.62336730957,1.16349673271179,12.1897039413452,6.21000003814697,15.6260004043579,30.8648529052734,991.42651729121
0.575,-0.315435276602034,-0.0417556709110614,0.469,0.0581275330390835,0.340351774171294,-9.45429734411359,0.00118750596395388,0.0245155854178353,0.0232779447626117,-0.0381004667895897,-0.0317546086981708,1.64861846144561,0.00492075201662032,0.126556248691014,0.0264195743672713,10.7958255859943,-5.50497008354132,-0.0857678794235504,4.64900546631233,11.1817197830717,0.466682654589943,7.22622738676746,-6.08485652435684,-2.81,0.1567225512801,0.0632350181012848,12.1234111246073,17.7626962881883,0.169780309879857,1.11053111940488,174.595794677734,2.69313505802876,6.17768994240162,-174.595794677734,1.1659904718399,12.1846904754639,6.19000005722046,15.5780000686646,30.8623466491699,991.426578490882
0.6,-0.316381130321493,-0.0449287283788891,0.469,-0.368545089798165,0.318048336170752,-9.45427005409227,0.0585598976441899,0.235649836470867,0.0204391633158087,-0.0366610610752332,-0.0237702600159157,1.64929130400976,0.0456574538148964,0.373086759472001,0.0289788636023847,10.8556396605267,-5.5282487691544,-0.0896700325131881,4.66001248222539,11.2499390755683,0.371001440824066,7.2261513013619,-6.08444479512847,-2.81,0.158555780726443,0.0616255360550973,12.1298723220825,17.8096800303171,0.169780494875349,1.11053115501242,174.570007324219,2.92055508467326,6.70321080755747,-174.570007324219,1.16832339763641,12.1800003051758,6.19000005722046,15.5780000686646,30.8600006103516,991.426545916863
0.625,-0.309985860005609,-0.0462175518958728,0.469,-0.532432137878875,0.311243622270678,-10.4354039207355,0.0878276251430778,0.647964146034943,0.0225434901025762,-0.0354798510670662,-0.0172181166708469,1.64984345436096,0.0790869444608688,0.575395464897156,0.031079076230526,10.9560054780828,-5.54442253066305,-0.0319439098997251,4.65997374887264,11.3549760129583,0.353358249718524,7.22608182490033,-6.08407634584865,-2.81,0.162959753852529,0.0602776887921299,12.1298723220825,17.9084419547633,0.169780494875349,1.11053115501242,174.570007324219,2.92055508467326,6.70321080755747,-174.570007324219,1.16832339763641,12.1800003051758,6.19000005722046,15.5780000686646,30.8600006103516,991.425153624337
0.65,-0.279211856160576,-0.0529277435288304,0.469,-0.231887851461571,0.265606704315711,-12.6271472883559,0.115643274004496,1.15210819221986,0.02609463044776,-0.0321890962969263,-0.00430280830076336,1.65050375627514,0.0789235240902708,0.846313110462707,0.0358236676177705,11.0586888305065,-5.55676653402272,0.191015538395166,4.64973484022652,11.4636180638506,0.417332842290817,7.22602120129767,-6.08376587122834,-2.81,0.178055464610025,0.0593304959807483,12.1231398338256,18.0267471179422,0.169780494875349,1.11053115501242,174.570007324219,2.92055508467326,6.70321080755747,-174.570007324219,1.16832339763641,12.1800003051758,6.19000005722046,15.5780000686646,30.8600006103516,991.42376133181
0.675,-0.246960812042309,-0.0601250858727542,0.469,0.589399038888037,0.266638628500803,-15.9140280762379,0.133068718951631,1.55150501406763,0.0314070707165861,-0.028734518157164,0.030984770998007,1.65204280429022,0.198627739916509,1.37744807130392,0.0520515317467735,11.1307004297274,-5.57732644194889,0.447724913070351,4.63938277481009,11.5588345659707,0.262661073431161,7.225960577695,-6.08345539660803,-2.81,0.20368296128255,0.0576043768481327,12.0908584157733,18.0937012776895,0.169780494875349,1.11053115501242,174.570007324219,2.92055508467326,6.70321080755747,-174.570007324219,1.16832339763641,12.1800003051758,6.44999980926514,15.5430002212524,30.8600006103516,991.422369039284
0.7,-0.240065786756056,-0.0615711774287701,0.469,1.56036605010771,0.190433208195206,-19.5769090280306,0.127688217666059,1.72818323595205,0.0344821256455521,-0.0213588348322595,0.099612293250903,1.6547678159787,0.155596069130538,1.79879078699744,0.0625883504815422,11.1418916119971,-5.60608698818955,0.742647265078942,4.63219334407008,11.6017981120954,-0.250100704318897,7.22590614690629,-6.08317691649859,-2.81,0.243343457486459,0.0558947723819711,12.0658273696899,18.0565437520479,0.169780509825905,1.11053115781153,174.568496704102,2.93843260025384,6.74568118976355,-174.568496704102,1.16844856739044,12.1816987991333,6.44999980926514,15.5430002212524,30.8600006103516,991.419949513561
0.725,-0.176937781742312,-0.0692773682540105,0.469,2.58098904603879,0.174666512585088,-22.6274351659772,0.109212131818157,1.73885672262192,0.0323919505181807,-0.0207570306956768,0.137972757220268,1.6566721200943,0.149963811039925,1.7734831571579,0.0696951225399971,11.0322776911644,-5.61160718924884,1.21079689912827,4.6117822746431,11.5480560444682,-0.202931706346843,7.22588838615386,-6.08308788820911,-2.81,0.284632997822523,0.0548544769239526,12.0658273696899,18.0135391365715,0.169780708454724,1.11053119499974,174.548446655273,3.17594816540887,7.30993055321227,-174.548446655273,1.17011117935181,12.2042598724365,6.44999980926514,15.5430002212524,30.8600006103516,991.404909694291
0.75,-0.14741715055539,-0.0699613473695292,0.469,3.45501745978588,0.138154077044997,-24.767053680196,0.0953117362118518,1.65840747137958,0.031651901312087,-0.0186108098328319,0.162586219074626,1.65783492393385,0.0911267374867785,1.74260509933031,0.058398439317448,10.972562038574,-5.60742921159005,1.29131524975235,4.60040754009248,11.4971669261588,-0.399096811177538,7.22587062540144,-6.08299885991964,-2.81,0.29867844757337,0.0551847202923878,12.044108156888,17.9378855962512,0.169780907083542,1.11053123218796,174.528381347656,3.4134637305639,7.87417991673983,-174.528381347656,1.17177355289459,12.2268199920654,6.44999980926514,15.5430002212524,30.8600006103516,991.389869875021
0.775,-0.120737312821366,-0.0744570599361158,0.469,4.18282787005904,0.13199619151715,-26.3692615984608,0.0680976426208866,1.48599141218823,0.0319733884725192,-0.0125493909505168,0.22337779996062,1.66154475298705,0.0999656540834355,1.46949291483191,0.0559893660633837,10.8687142354043,-5.60291352202843,1.36199056698398,4.57315210696533,11.377196871396,-1.0110779034367,7.22585286464901,-6.08290983163016,-2.81,0.325758118118189,0.0557062815046775,11.9538527614665,17.751852525874,0.169781105712361,1.11053126937617,174.508331298828,3.65097929571893,8.43842928026739,-174.508331298828,1.17343604564667,12.2493801116943,6.44999980926514,15.5430002212524,30.8600006103516,991.374830055751
0.8,-0.118172917002788,-0.0769912913655088,0.469,4.66458108619019,0.157592029759274,-27.3748007749413,0.0527551887677586,1.20415684623889,0.0298409586052554,-0.0105472106859306,0.256767027031267,1.6637132750166,0.0245977293782889,1.20174195996555,0.0460421790116863,10.7780348450936,-5.61927772024936,1.3982566616052,4.57846445481599,11.2682263612212,-1.32747008227404,7.2258350679227,-6.08282025164243,-2.81,0.341738727838046,0.0547526746468522,11.8867645263672,17.6143488293453,0.169781287254829,1.1105313033654,174.490005493164,3.86806341469875,8.95414106400696,-174.490005493164,1.17495560646057,12.2700004577637,6.57000017166138,15.5869998931885,30.8600006103516,991.360473303782
0.825,-0.0883842141804511,-0.0776721884496089,0.469,4.69921341567048,0.108627157312244,-27.3997745908121,0.00773273280617485,0.824855596208412,0.0296058128827858,-0.010152486246971,0.275017721171643,1.66529744530916,0.068107803499898,0.815924889093959,0.0520796069769789,10.6308475960963,-5.56634944271673,1.15837168949663,4.53295485185371,11.0382302812141,-1.71778469862471,7.22581510793052,-6.08269749565072,-2.81,0.338645241833119,0.0580135576717342,11.8867645263672,17.365788164202,0.169781287254829,1.1105313033654,174.490005493164,3.86806341469875,8.95414106400696,-174.490005493164,1.17495560646057,12.2700004577637,6.57000017166138,15.5869998931885,30.8600006103516,991.353374141888
0.85,-0.0845858987553075,-0.0776782344672313,0.469,4.42086233327876,0.0733887613419729,-26.621636103488,-0.0459146564607038,0.442507580163083,0.0229906700857195,-0.00996009430933994,0.282763520974457,1.66613354324492,0.0189054986861032,0.539697083633146,0.0397650752648239,10.5382604838028,-5.56527222503433,1.07516902090764,4.53570821855221,10.9165403812607,-1.85463593386935,7.22579514793835,-6.08257473965901,-2.81,0.338884899049384,0.0582066487662965,11.8328563376578,17.2371460248149,0.169781287254829,1.1105313033654,174.490005493164,3.86806341469875,8.95414106400696,-174.490005493164,1.17495560646057,12.2700004577637,6.57000017166138,15.5869998931885,30.8600006103516,991.346274979995
0.875,-0.0850642899503066,-0.0771998432722322,0.469,3.79067767810182,0.069998623519336,-24.9894500597504,-0.102615878483282,0.157212280846641,0.0191579931262756,-0.0103626167592554,0.289949944958426,1.66695310508717,-0.0414915186108786,0.262046471155534,0.0274222217543268,10.4699150884077,-5.55971147648414,0.949299246887438,4.53305842724901,10.8058782102991,-2.02856109587268,7.22577518794617,-6.0824519836673,-2.81,0.336289095075604,0.0584734789176449,11.6351929790569,17.1194937733176,0.169781287254829,1.1105313033654,174.490005493164,3.86806341469875,8.95414106400696,-174.490005493164,1.17495560646057,12.2700004577637,6.75,15.5679998397827,30.8600006103516,991.339175818101
0.9,0.43474501438533,-0.0695896038017241,0.469,3.1198170009024,0.0292252316514413,-23.2580405479594,-0.177588053013001,-0.0219815546890612,0.0216854569823351,-0.017556997454377,0.29075023785039,1.6675838821136,-0.229693312314794,-0.0318476610127851,0.0147560315694838,10.4342015254545,-5.50901811403331,0.415610255999423,4.49493138361974,10.6272321080709,-2.50042066804235,7.225755227954,-6.08232922767559,-2.81,0.310118566277329,0.0598489555900119,11.4946088790894,16.9340685679678,0.169781306222936,1.11053130683724,174.494369506836,3.89023754255972,9.00802419207346,-174.494369506836,1.17511224746704,12.2566576004028,6.75,15.5679998397827,30.8600006103516,991.333321872105
0.925,0.427271611322235,-0.0580157040039662,0.469,2.496942773169,0.165813722495985,-21.5462505435552,-0.205092718747713,-0.162647552102943,0.0237325167466105,-0.0182755245672704,0.289430960354765,1.66774854501881,-0.207361799371032,-0.070866421049832,0.0186391416152804,10.3674563047031,-5.46179331332418,-0.245680808397136,4.48190167490442,10.3771996430229,-3.09870625138133,7.22580285987252,-6.08255773688408,-2.81,0.273250098075768,0.0633003857852951,11.4946088790894,16.6893965744079,0.169781502226704,1.11053134271293,174.539489746094,4.11937020563205,9.56481651550612,-174.539489746094,1.17673110961914,12.1187877655029,6.75,15.5679998397827,30.8600006103516,991.339089941143
0.95,0.420431928887269,-0.0527470498569718,0.468985678821903,2.08038863709057,0.273824150738248,-19.6917488544662,-0.213470393749405,-0.327264638221323,0.0329968178147122,-0.0280042703747552,0.277590122138225,1.66879944316458,-0.232041287500592,-0.345636832821178,0.0265844606287723,10.3047061700201,-5.45983372403104,-0.546024705710548,4.48757678876875,10.2910232284294,-3.20177950530539,7.22585171535103,-6.08279260475353,-2.81,0.255681855970243,0.0606203288508341,11.4436777505592,16.6058268596694,0.169781698230472,1.11053137858862,174.584609985352,4.34850286870439,10.1216088388599,-174.584609985352,1.17834985256195,11.9809169769287,6.75,15.5679998397827,30.8600006103516,991.344858010181
0.975,0.410736983969462,-0.0465581253470898,0.459635374968741,1.60666392655839,0.283360390197412,-17.6263603660472,-0.180672201988265,-0.537253947917103,0.0380460571434285,-0.0299456446921487,0.267597244583429,1.66940598971678,-0.201759824437945,-0.491680382110851,0.0311807711753437,10.2178339907198,-5.44473194468661,-0.816088767145365,4.48701662901561,10.1727527740185,-3.3312191547386,7.22590057082954,-6.08302747262297,-2.81,0.237803921281303,0.0612479448027574,11.2765879078374,16.4931363324594,0.16978189423424,1.11053141446431,174.629730224609,4.57763553177673,10.6784011623714,-174.629730224609,1.17996859550476,11.8430461883545,6.75,15.5679998397827,30.8600006103516,991.35062607922
1,0.396631571246691,-0.0340235366486755,0.448952367809279,1.26373609453334,0.242489370074011,-15.2182658851787,-0.189872737982586,-0.82167947561111,0.0466068421314078,-0.0325132934874251,0.254251574039167,1.66987695318272,-0.155887827143122,-0.68141925235806,0.0349464930589905,10.1184460103269,-5.43783172099022,-1.00352653201325,4.49259571895004,10.0791774334167,-3.34466664436636,7.22595157387493,-6.08326929196613,-2.81,0.22362778478927,0.0612370580503127,11.1631097793579,16.4006642182897,0.169782069162334,1.1105314464824,174.669998168945,4.78213027358538,11.1753233434292,-174.669998168945,1.18141341209412,11.7200002670288,5.6399998664856,15.5590000152588,30.8602695465088,991.356820242746
1.025,0.386486290383056,-0.0310268195288949,0.438269437222241,0.946189369795438,0.318573950289937,-12.0988447393665,-0.19481693687513,-1.26199343634286,0.0529391938926197,-0.0416114653827183,0.209981281174273,1.67160985631769,-0.24593384766412,-1.30001349370516,0.0355077705512969,9.94916205573967,-5.43176437437636,-1.35555972673817,4.49996575700928,9.99907407406318,-3.17746091242838,7.22601698369504,-6.08355774469555,-2.81,0.189993204862516,0.0592696450693481,11.1631097793579,16.3161707833189,0.169782069162334,1.1105314464824,174.669998168945,4.78213027358538,11.1753233434292,-174.669998168945,1.18141341209412,11.7200002670288,5.6399998664856,15.5590000152588,30.8627758026123,991.366550990513
1.05,0.337840679786182,-0.0215256247673789,0.427597080826311,0.676670137071309,0.338065631282324,-7.85617673180325,-0.174812406250826,-1.85722810257364,0.051696238087061,-0.0458380999329449,0.163137987082406,1.67258300201448,-0.161129928062402,-1.90561514584768,0.0239840803671042,9.65171651671706,-5.39302998322118,-2.09903193563541,4.5179924596601,9.73259652984884,-3.39273460610136,7.22608239351516,-6.08384619742497,-2.81,0.129706473585526,0.0618813838228262,11.1424767296269,16.057185035246,0.169782069162334,1.1105314464824,174.669998168945,4.78213027358538,11.1753233434292,-174.669998168945,1.18141341209412,11.7200002670288,5.6399998664856,15.5590000152588,30.8652839660645,991.376281738281
1.075,0.290389930460835,-0.0177992943214282,0.423977694191742,0.586112486722526,0.412243265981404,-2.20892247029616,-0.122781289680217,-2.50248261738026,0.0364626041034756,-0.0503032040092297,0.0958566915479972,1.67293278646603,-0.136336274144035,-2.43838026656847,-0.0140994994845602,9.41752185416701,-5.40259154865181,-2.36804729408399,4.55072336270579,9.68840657969489,-2.98513921366224,7.22614780333528,-6.0841346501544,-2.81,0.0880836256971229,0.0615397455934211,11.0812325978857,15.9988007840893,0.169782069162334,1.1105314464824,174.669998168945,4.78213027358538,11.1753233434292,-174.669998168945,1.18141341209412,11.7200002670288,5.6399998664856,15.5590000152588,30.867790222168,991.386012486049
1.1,0.284820984786041,-0.00715603048748778,0.422628828263286,0.783593838206429,0.260868442095063,3.94400398112011,-0.0509761228679145,-3.02498212780169,0.0110566485773755,-0.053519927021474,0.0206490810078343,1.67294908036019,-0.11243421187354,-2.88302414562804,-0.0630557890953649,9.24514730023104,-5.41101076814227,-2.50112047894702,4.57026851656674,9.71427984079001,-2.39850008284941,7.22621321315539,-6.08442310288382,-2.81,0.0497609355152727,0.0618077505323893,11.0416040420532,16.0256790531821,0.169782091155365,1.11053145072576,174.689270019531,4.80923198541545,11.2377994406145,-174.689270019531,1.1802179813385,11.7060651779175,4.69999980926514,15.5830001831055,30.8697032928467,991.395337868251
1.125,0.247799698309711,-0.00518236974517951,0.421279972004742,0.951818359978064,0.462566995453358,10.2815585684073,0.0407780707194129,-3.26196954998226,-0.0158172407689693,-0.0556294110838845,-0.0559006998189278,1.67273018843238,-0.0621219843112807,-3.24229198226652,-0.104375253162267,9.09286566751913,-5.41456902649102,-2.74443329046166,4.59224263654129,9.7327557601391,-1.92729104096653,7.22625849557884,-6.0846169676983,-2.81,0.002709180234638,0.062930049245474,11.0416040420532,16.0594674464427,0.169782277096439,1.11053148660145,174.852203369141,5.03836464990595,11.7660064438542,-174.852203369141,1.17011153697968,11.5882482528687,4.69999980926514,15.5830001831055,30.8671970367432,991.401641434415
1.15,0.137509770829609,6.16117421772117e-05,0.41993110927016,1.24182926415186,0.240540536021509,15.7973167663517,0.0812910324441607,-3.28722966553171,-0.0452277080237772,-0.0529624661842001,-0.138240360987185,1.67149674732192,0.102118929025843,-3.23326298311334,-0.112750830354673,8.77133223801755,-5.36254885606067,-3.42113036228843,4.59132348030258,9.62965829571692,-1.89387492354901,7.22621438796294,-6.08439074751245,-2.81,-0.0771182465000559,0.0694989017889402,11.0347602977907,15.9597391139076,0.169782463037514,1.11053152247714,175.015151977539,5.26749731156012,12.2942134470939,-175.015151977539,1.16000509262085,11.4704322814941,3.61999988555908,15.6529998779297,30.864688873291,991.407945000579
1.175,0.0683256174982054,-0.00666597239306343,0.418582246584043,0.760033585940845,0.475367101267676,19.280728366819,0.174992989771936,-3.04370065960459,-0.0695055134863172,-0.0518363416194916,-0.173008501529694,1.67097592353821,0.17147009074688,-3.22945046424866,-0.116287440061569,8.39789587544989,-5.33729813258423,-3.78259908174083,4.61078231009644,9.38338826570869,-2.00304105001224,7.22617028034705,-6.0841645273266,-2.81,-0.11787000793937,0.0734261796686781,11.0162127589922,15.7078523798523,0.169782648978588,1.11053155835283,175.178085327148,5.49662997463246,12.8224204503337,-175.178085327148,1.14989864826202,11.352614402771,3.61999988555908,15.6529998779297,30.8621845245361,991.414248566743
1.2,0.0492294605401955,-0.01377056057975,0.41723338383379,0.225175527906438,0.293817075965092,21.7209948330821,0.156485113854899,-2.48335177190437,-0.0787310083119701,-0.0461859529762551,-0.273236972037249,1.66849947194501,0.136430331043717,-2.49904241360978,-0.107977629474841,8.52224498010268,-5.35420257023229,-3.2272456720471,4.59243525307419,9.50262746927811,-0.566452926690772,7.22610968459191,-6.08387473051538,-2.81,-0.12860708702882,0.0749948314193594,11.0048065185547,15.9658634375204,0.169782810927266,1.1105315895994,175.320007324219,5.69619713247201,13.2824717111893,-175.320007324219,1.14109623432159,11.25,3.61999988555908,15.6529998779297,30.8600006103516,991.418050843108
1.225,-0.00213800876423943,-0.0206665285116504,0.41588451148479,-0.0392574110398149,0.519431075887741,21.733560034273,0.267252022669482,-1.75300017992645,-0.0908602976761099,-0.043901082360262,-0.292973837617576,1.66766352641426,0.155502334020496,-2.22462447888376,-0.107063096713162,8.44042778273331,-5.37965827826774,-3.3860756797975,4.62775643623785,9.48157486403099,-0.575031582108243,7.22593106101772,-6.08312983017015,-2.81,-0.148856695269146,0.0744358715268393,11.0048065185547,15.9375539976343,0.169782810927266,1.1105315895994,175.320007324219,5.69619713247201,13.2824717111893,-175.320007324219,1.14109623432159,11.25,3.61999988555908,15.6529998779297,30.8600006103516,991.404969413325
1.25,-0.00212284917565399,-0.0301903014742715,0.414535632714759,-0.17605653821364,0.0919468804939458,19.9382064753309,0.3693798643269,-1.19209863421066,-0.101766649773163,-0.0351561354589242,-0.333481505332132,1.66469555085508,0.313792086104863,-1.44517257635867,-0.121556098023966,8.55710599899017,-5.41561219093233,-3.0905628618056,4.64949779498607,9.51224330118404,0.0624092685379196,7.22575243744353,-6.08238492982492,-2.81,-0.150800337252309,0.0740216899196217,10.8996708656578,16.0648763659154,0.169782810927266,1.1105315895994,175.320007324219,5.69619713247201,13.2824717111893,-175.320007324219,1.14109623432159,11.25,3.61999988555908,15.6529998779297,30.8600006103516,991.391887983543
1.275,-0.00211526840181699,-0.034952803338883,0.413186779627876,0.0801499297391509,0.163889859416285,17.4930718715135,0.353441555010228,-0.938493038725921,-0.106669555931477,-0.0253338574228236,-0.358436856870083,1.66123894263959,0.360711143134203,-1.14597555601864,-0.124151719689288,8.6144813266575,-5.42259399844348,-2.84224082513737,4.65611956412813,9.47484374015759,0.489932456062525,7.22557381386934,-6.08164002947968,-2.81,-0.149738748477558,0.075495400925604,10.6375326377684,16.1088744681643,0.169782810927266,1.1105315895994,175.320007324219,5.69619713247201,13.2824717111893,-175.320007324219,1.14109623432159,11.25,3.61999988555908,15.6529998779297,30.8600006103516,991.378806553761
1.3,-0.263698363453977,-0.0355180044776291,0.411837920148273,-0.165829573763941,0.249507039882607,15.552457276287,0.407895052669256,-0.867757180999997,-0.109287959809165,-0.015638088729744,-0.381383882741376,1.65776719379088,0.357203763296215,-0.966631126590045,-0.119649616631141,8.63705687120443,-5.44497877118129,-2.64835356774084,4.685811806839,9.41299987426803,0.836016095968573,7.22539519029515,-6.08089512913445,-2.81,-0.15142090466625,0.0759006972981716,10.4847354888916,16.1184273274426,0.169782836246302,1.11053159479775,175.329467773438,5.72939823303855,13.3543960652181,-175.329467773438,1.14090061187744,11.2496490478516,2.65000009536743,15.6470003128052,30.8600006103516,991.366086563974
1.325,-0.263657466313136,-0.0612109896130554,0.410489060634751,-0.360882532374062,0.0729849304357795,13.8629091964143,0.296078460867035,-0.78541673551544,-0.108376857399778,-0.00152236326341475,-0.412528533140401,1.65211438656427,0.287923006374423,-0.761342184909903,-0.125451863673874,8.82810562192278,-5.45972152670318,-1.44632897485461,4.74010024931088,9.07908797531342,2.22204560877515,7.22512431247853,-6.0797661743737,-2.81,-0.0948691881683059,0.0772716781036827,10.4847354888916,16.1643956501566,0.169783017374784,1.11053163198597,175.397155761719,5.96691379819358,13.8689318283758,-175.397155761719,1.13950061798096,11.247142791748,2.65000009536743,15.6470003128052,30.8600006103516,991.355590820312
1.35,-0.263665085580127,-0.0564243050301964,0.409140181815487,-0.764011910542228,0.0889464154691154,12.2258736330825,0.337495274864426,-0.576824344215586,-0.112508239753188,0.0074879192298411,-0.426093749772233,1.64846724947043,0.303932811919177,-0.524919629043133,-0.124176178326218,8.92937269555215,-5.46943715507499,-1.263323729587,4.77063060064783,9.06754251339499,2.50303472110587,7.22469795892414,-6.07798997410938,-2.81,-0.0922508219173356,0.0777007611264872,10.4010811057695,16.2369313257365,0.169783198503266,1.11053166917418,175.464828491211,6.20442936334861,14.3834675915336,-175.464828491211,1.13810038566589,11.2446365356445,2.33999991416931,15.6099996566772,30.8600006103516,991.345095076651
1.375,-0.263662026567091,-0.0583460818306484,0.407791303050261,-0.91796361018885,0.134140668798379,10.3377063952197,0.309818633204008,-0.274457480682651,-0.112498145406063,0.0160713544288919,-0.431835170461751,1.64513227023507,0.301538108265771,-0.22853979226456,-0.117975227386166,9.07990486565984,-5.45997889291398,-0.956943902637712,4.78395518235834,9.06387654382426,2.85161328458017,7.22427160536975,-6.07621377384505,-2.81,-0.0782610149012686,0.0789242132580101,10.2079530854752,16.3472121187601,0.169783379631748,1.1105317063624,175.532501220703,6.44194492708547,14.8980033546913,-175.532501220703,1.13670039176941,11.2421293258667,2.33999991416931,15.6099996566772,30.8600006103516,991.334599332989
1.4,-0.263690301722367,-0.0405826604940089,0.406442443580686,-1.05176870452163,0.150132766238385,8.05520352933118,0.281159451383328,0.0668249445959693,-0.108868534755309,0.0243412325808326,-0.431829321844031,1.64202659852411,0.285623666673224,0.111883964226476,-0.108156233749462,9.25898977433556,-5.44883559832669,-0.545243613805748,4.80151369662042,9.05736125203147,3.25970320560079,7.22386134431602,-6.0745039411732,-2.81,-0.055359832776576,0.0800192356228012,10.1015777587891,16.4827913095961,0.169783533493577,1.11053173795239,175.589996337891,6.64370546107933,15.3350821212633,-175.589996337891,1.13551115989685,11.2399997711182,2.33999991416931,15.6099996566772,30.8600006103516,991.325856334758
1.425,-0.263667080642934,-0.055170938218336,0.406300674301815,-1.16016808368444,0.0140167428028918,4.75179102704899,0.288529560389115,0.422367442141784,-0.102432750315859,0.0265098577016013,-0.429271613980617,1.64146240853461,0.287549966142749,0.206531886849061,-0.105082325956994,9.53922414382839,-5.43563613439169,0.355886907602497,4.82336734431446,8.94851751792992,4.16278207882761,7.22354183283676,-6.07316837170009,-2.81,-0.000138454957246372,0.0797990012100686,10.1015777587891,16.7341439715595,0.169783533493577,1.11053173795239,175.589996337891,6.64370546107933,15.3350821212633,-175.589996337891,1.13551115989685,11.2399997711182,2.33999991416931,15.6099996566772,30.8600006103516,991.327003828599
1.45,-0.263652922778586,-0.0640653936926764,0.415329172744804,-1.15148130494654,-0.0409925298734601,1.7485717074408,0.290762583029022,0.757999083556125,-0.0922567134054767,0.0390477201456433,-0.402407666289581,1.63973960059114,0.290768733935231,0.763225975079369,-0.0766851035264371,9.68847081011385,-5.41934535485261,0.814755367478567,4.83622504628745,9.03319432773561,4.34878426246382,7.22322232135751,-6.07183280222698,-2.81,0.0337635954993889,0.0808680226766254,10.0622789866198,16.8851352587001,0.169783533493577,1.11053173795239,175.589996337891,6.64370546107933,15.3350821212633,-175.589996337891,1.13551115989685,11.2399997711182,2.33999991416931,15.6099996566772,30.8600006103516,991.328151322439
1.475,-0.263641814039188,-0.0710442844016446,0.426428408305299,-1.18505228016002,0.154242669406884,-1.41241108378389,0.279362052003399,1.0578977132207,-0.0765820797720871,0.0423934385180473,-0.391405135393143,1.63982081413269,0.288054138422012,0.909768402576447,-0.0657810345292091,9.83230977731248,-5.39725033675629,1.43813836699162,4.84530434247081,8.98342387599854,4.86764727668683,7.22290280987825,-6.07049723275386,-2.81,0.073414245775466,0.0814129933798204,9.97780921195717,17.0651628449885,0.169783533493577,1.11053173795239,175.589996337891,6.64370546107933,15.3350821212633,-175.589996337891,1.13551115989685,11.2399997711182,2.45000004768372,15.6719999313354,30.8600006103516,991.32929881628
1.5,-0.263670108449411,-0.0532687664473844,0.437527590759666,-1.04970729131344,-0.174758647622174,-5.49049066152006,0.17007427730204,1.3653185903036,-0.0548005156163372,0.0511080899236262,-0.342194066275779,1.64313255353786,0.232345127310689,1.35487724092987,-0.0131364909504255,9.90750761308887,-5.36697400976065,1.42816608275232,4.77212735155639,9.31573484236213,4.40983677386272,7.22258329839899,-6.06916166328075,-2.81,0.0891003698325842,0.082313301945002,9.93399333953857,17.1704926509981,0.169783533493577,1.11053173795239,175.589996337891,6.64370546107933,15.3350821212633,-175.589996337891,1.13551115989685,11.2399997711182,2.45000004768372,15.6719999313354,30.8600006103516,991.331618481248
1.525,-0.214914457664421,-0.0617569632581907,0.44862685318032,-0.602973936542422,-0.130826074457584,-9.65469295617424,0.13701419475754,1.65074321216347,-0.0365062504686609,0.0540312487687883,-0.297888274869993,1.64695741747997,0.115038284418442,1.69053546934446,-0.00435260473830618,9.95673445332095,-5.34220340375353,2.2801830642916,4.76191371265872,9.32399002526541,4.8231028176528,7.22241992892772,-6.06847398513292,-2.81,0.154632117257315,0.0823772177498767,9.93399333953857,17.356448305358,0.169783533493577,1.11053173795239,175.589996337891,6.64370546107933,15.3350821212633,-175.589996337891,1.13551115989685,11.2399997711182,2.45000004768372,15.6719999313354,30.8600006103516,991.340033436079
1.55,-0.178531584016886,-0.063564603854173,0.459726115025907,0.227176918914536,-0.184501572574862,-14.0038576521115,0.0740537477774474,1.84497393416813,-0.0312677381105072,0.0556534543352396,-0.248413440874742,1.65153131468851,0.0863656364203804,1.90537395845457,0.00309078011795857,9.93761180438063,-5.31346011457579,2.71913977686136,4.70984355377832,9.44833454532239,4.78842937803857,7.22226204052467,-6.06780904997783,-2.81,0.198898804829479,0.0829408941789794,9.99764099789437,17.4584961475942,0.169783533493577,1.11053173795239,175.589996337891,6.64370546107933,15.3350821212633,-175.589996337891,1.13551115989685,11.2399997711182,2.45000004768372,15.6719999313354,30.8600006103516,991.348448390909
1.575,-0.141711207582964,-0.0639350708607309,0.469630559070137,1.12481887857352,-0.0665576875219079,-17.8853220330245,-0.00818429783643797,1.91546475201676,-0.0262859388238836,0.0540256244475213,-0.201466767148963,1.65606058652475,0.0106218834482025,1.89140053571227,0.00848714968195002,9.90736153234738,-5.28818653668071,2.90532956954209,4.63552034378984,9.61327967124765,4.54515944623625,7.22210415212162,-6.06714411482274,-2.81,0.229091782074749,0.0833518287223572,10.1256206980291,17.5118381784393,0.169783533493577,1.11053173795239,175.589996337891,6.64370546107933,15.3350821212633,-175.589996337891,1.13551115989685,11.2399997711182,2.45000004768372,15.6719999313354,30.8600006103516,991.35686334574
1.6,-0.131589763488225,-0.064905163287828,0.474654481621631,2.23400083196894,-0.276201335755517,-20.7387820320993,-0.0420326920617545,1.85293744071608,-0.0162950022596265,0.0515690586378549,-0.157362082224463,1.66048736888962,-0.060653862677297,1.78299315426819,0.0166602369804689,9.86026472838118,-5.27917708449884,3.01474812977078,4.57190382513523,9.75798602095866,4.25001667263804,7.22194626371857,-6.06647917966765,-2.81,0.254418739430698,0.0828438025132775,10.1878995895386,17.5294112630759,0.169783562322088,1.11053174442563,175.565414428711,6.68504909315624,15.4169759230975,-175.565414428711,1.13253796100616,11.1929912567139,3.47000002861023,15.6549997329712,30.8600006103516,991.364991385982
1.625,-0.11367154522862,-0.0625546636442869,0.479510407595,3.13828419576246,-0.0691415411197056,-23.2337416421982,-0.110029432647617,1.61465901369366,-0.0062836284892492,0.0490803533478397,-0.11417371208858,1.66484581297557,-0.128336527410977,1.64267536179805,0.0258471918002738,9.72473076536462,-5.25663571924254,3.16612671853545,4.50551009775575,9.7969401596303,3.99340809448693,7.22182435451646,-6.06596788117544,-2.81,0.283192496350006,0.0833724307065697,10.1878995895386,17.4727380897406,0.169783729887809,1.11053178205135,175.42253112793,6.92535895947822,15.8929836459095,-175.42253112793,1.11525642871857,10.9197568893433,3.47000002861023,15.6549997329712,30.8600006103516,991.371738649764
1.65,-0.0515964941963696,-0.0542372467373523,0.484366333200567,3.94188295284205,-0.0807201163407065,-25.2455423192165,-0.134284823301687,1.32322082079332,0.00664047761284839,0.0467674225942296,-0.0790087412218461,1.66849993887126,-0.13880007361277,1.32184645567874,0.0345950446828914,9.45116276968647,-5.23036138546071,3.34668342997854,4.46022528071257,9.6582744323743,3.83478465319192,7.22174463395406,-6.06563673459446,-2.81,0.312977602975042,0.0847709649834491,10.2626869916273,17.2922102292433,0.169783897453531,1.11053181967708,175.279647827148,7.16566882580021,16.3689913688791,-175.279647827148,1.09797477722168,10.6465225219727,3.47000002861023,15.6549997329712,30.8600006103516,991.378485913547
1.675,-0.035283226622182,-0.0525202151238475,0.489222212889654,4.29717611506287,-0.204140240323429,-25.7914245362544,-0.169339890501751,0.966531307978154,0.0167140504376967,0.0444067823428902,-0.0608281536087766,1.67049813638195,-0.122753647210201,1.06419625349885,0.0340969715964049,9.34352051444159,-5.21703781574654,3.27295308272328,4.42066409402412,9.62938905386104,3.6005105851275,7.22166491339167,-6.06530558801348,-2.81,0.319201826401432,0.0853517236841227,10.4039520844616,17.1832386776712,0.169784065019252,1.1105318573028,175.136779785156,7.40597869070403,16.8449990917699,-175.136779785156,1.08069336414337,10.3732872009277,5.34000015258789,15.585000038147,30.8600006103516,991.385233177329
1.7,-0.0369585127933461,-0.0821865896364962,0.494078161740161,4.32949426676699,-0.217291680830478,-25.2927403445362,-0.22942465699427,0.577208853961589,0.027296741948585,0.0411506070876313,-0.0497738159570003,1.67187478366951,-0.13899044360621,0.841585412061939,0.0332111207760113,9.24593804672141,-5.19797082113178,3.18578863212639,4.3805409774302,9.57766722597672,3.42559067654614,7.22167542167054,-6.06535419970645,-2.81,0.321927503348413,0.0862328465460266,10.4681634902954,17.0780196551023,0.169784231705252,1.11053189484855,174.979690551758,7.64577776920528,17.3185077707765,-174.979690551758,1.06964182853699,10.1678695678711,5.34000015258789,15.585000038147,30.8600006103516,991.392025189258
1.725,-0.0312615164539237,-0.0679400290545567,0.498934075959333,3.97673307858328,-0.275923999585741,-24.0683287622993,-0.287827356714431,0.233077248734686,0.0381603465938304,0.0299077642945393,-0.0345149916635794,1.67503656842191,-0.312958050552769,0.229187966637595,0.0454295306788426,9.2101604733634,-5.18299185550314,2.66686470426121,4.28312207951314,9.61589761214896,2.82701366017336,7.22170978221557,-6.06550320164377,-2.81,0.303836581605926,0.0853495767946777,10.4681634902954,16.9209205474842,0.169784394458381,1.11053193203676,174.759094238281,7.88329333436031,17.7808442536641,-174.759094238281,1.08644211292267,10.2656335830688,5.34000015258789,15.585000038147,30.8600006103516,991.399017251727
1.75,-0.0350609380437294,-0.0606529293586353,0.503789990178504,3.50024619718618,-0.309697727917772,-22.5408587333551,-0.365929825393959,-0.0142289982887245,0.0507520181958714,0.0196212514080853,-0.035252458329761,1.67621546923423,-0.354515025500126,-0.0397197313667584,0.0567202448332633,9.21739723989159,-5.17830613810806,2.2911195951858,4.23209972165936,9.63331328795426,2.51258878040708,7.2217441427606,-6.06565220358109,-2.81,0.285743824628405,0.0840590430427749,10.542015399573,16.8441515842845,0.16978455721151,1.11053196922498,174.538482666016,8.12080889951534,18.2431807365518,-174.538482666016,1.10324239730835,10.363395690918,5.34000015258789,15.585000038147,30.8600006103516,991.406009314195
1.775,-0.0459824692166864,-0.0689534938898133,0.508645904397676,3.08780945903827,-0.181490276560251,-20.8235620300782,-0.416414343690543,-0.194342721904607,0.0729094973557037,0.0119434555416229,-0.0382037911831595,1.67743030398222,-0.423632732919744,-0.16251499293672,0.0653739584965825,9.22052224482282,-5.17679136637416,2.03878747073587,4.19862463667141,9.63991372264806,2.32754554183272,7.22177850330563,-6.06580120551841,-2.81,0.272685529963659,0.0827390107363192,10.6735421332388,16.7989081460844,0.169784719964639,1.11053200641319,174.317886352539,8.35832446467037,18.7055172194394,-174.317886352539,1.12004268169403,10.4611587524414,5.34000015258789,15.585000038147,30.8600006103516,991.413001376663
1.8,-0.0541124840004049,-0.0650550427579356,0.513501841843192,2.90419654929393,0.0028330573528923,-19.2037227465212,-0.452407487883849,-0.355838407350794,0.101101941681843,0.00598827844948553,-0.0434602284769957,1.67891376508572,-0.456762290696714,-0.262180835585537,0.0797833262856085,9.21714024758911,-5.17069161215281,1.81773594923578,4.16595172435802,9.63661250971188,2.18550580892426,7.22169591802376,-6.06534271797567,-2.81,0.259769134180714,0.0817974760016788,10.7291069030762,16.7584023354382,0.169784851217162,1.11053203640369,174.139999389648,8.54986927486754,19.0783692216613,-174.139999389648,1.13359129428864,10.539999961853,10.1000003814697,15.4499998092651,30.8600006103516,991.419232391604
1.825,-0.0590107861838089,-0.0601479033046748,0.516612279142415,2.93306128233866,0.249065235732505,-17.3814483189355,-0.424306804120803,-0.571586925627704,0.118190589122162,-0.0114259646190825,-0.0626831174385854,1.6822060422447,-0.458866014837637,-0.563120732716747,0.104889579088826,9.22389435321191,-5.19492729187186,1.52059709383147,4.13262740860749,9.62595432366897,2.15455475425509,7.2215897680885,-6.06476182094282,-2.81,0.2401691725686,0.0765185819049584,10.7291069030762,16.7447623302652,0.169784851217162,1.11053203640369,174.139999389648,8.54986927486754,19.0783692216613,-174.139999389648,1.13359129428864,10.539999961853,10.1000003814697,15.4499998092651,30.8600006103516,991.422292375179
1.85,-0.0738438993405083,-0.0453147901479755,0.517,2.41747831997293,0.292864491963398,-14.7800671079206,-0.354176797926229,-0.750354574801071,0.130222378259717,-0.0179891256084314,-0.0774660024883891,1.68424078318113,-0.386425993398351,-0.696327122907333,0.115137932008463,9.23353850014783,-5.22069930677796,1.25370856056409,4.13358514569326,9.63140970875837,2.05794570037087,7.22148361815324,-6.06418092390997,-2.81,0.220180918215826,0.0733862759203956,10.8089442651548,16.7207529024947,0.169784851217162,1.11053203640369,174.139999389648,8.54986927486754,19.0783692216613,-174.139999389648,1.13359129428864,10.539999961853,10.1000003814697,15.4499998092651,30.8600006103516,991.425352358754
1.875,-0.0948404704416126,-0.0357443970828292,0.517,2.05521169902414,0.216550992062809,-11.8162528432542,-0.279873798714831,-0.869781939183648,0.139957303444012,-0.0247060644987571,-0.0929558752097582,1.68638369730853,-0.312512143804592,-0.825632816990078,0.125123714463338,9.26100361403187,-5.24907449076611,0.973815226084172,4.13690914600232,9.66019171932041,1.9580515077423,7.22137746821798,-6.06360002687712,-2.81,0.198860954064662,0.0700081315785475,10.9434450463143,16.7178314050903,0.169784851217162,1.11053203640369,174.139999389648,8.54986927486754,19.0783692216613,-174.139999389648,1.13359129428864,10.539999961853,16.3400001525879,15.2600002288818,30.8600006103516,991.428412342329
1.9,-0.106830200611266,-0.051539235366423,0.517,1.63391109995778,0.371175531056903,-9.21559011742659,-0.194943060040129,-0.840093417067531,0.144773926318829,-0.0354518964886665,-0.12703749537468,1.69137227535248,-0.200027644634247,-0.851397514343262,0.12813401222229,9.39095170603404,-5.31714690371316,0.430944189234505,4.14901820559613,9.80709798940102,1.80394428707857,7.22139120290475,-6.06360592222839,-2.81,0.153940657283824,0.0625327733969026,10.9959506988525,16.8109250301542,0.169784851217162,1.11053203640369,174.139999389648,8.54986927486754,19.0783692216613,-174.139999389648,1.13359129428864,10.539999961853,16.3400001525879,15.2600002288818,30.859489440918,991.433050849688
1.925,-0.134333023864248,-0.0412497460016115,0.517,1.30982236727295,0.287404394315734,-7.19193814292725,-0.0980913943734503,-0.735894649713442,0.143504264615624,-0.0362831299270736,-0.132675234738039,1.69242242824525,-0.165441011046282,-0.810046565580516,0.13080258874853,9.50827488994801,-5.35557631962809,0.0588624836698393,4.17098988797708,9.97094056150528,1.50868869004924,7.22143925899776,-6.06377980859852,-2.81,0.128760057434682,0.0595374874469265,10.9959506988525,16.8839737832698,0.169784851217162,1.11053203640369,174.139999389648,8.54986927486754,19.0783692216613,-174.139999389648,1.13359129428864,10.539999961853,16.3400001525879,15.2600002288818,30.8569812774658,991.443837291789
1.95,-0.143702336268162,-0.0394858699104245,0.517,1.09251033662151,0.303367607850773,-5.65490009332834,-0.0478119911057823,-0.601706032429027,0.139655302307741,-0.0396532069325301,-0.156560117346472,1.69778551017119,-0.073844735946881,-0.588073816602031,0.130910178401987,9.59454598074324,-5.40001054586636,-0.0329225788667723,4.15691990221268,10.0563939095748,1.67495338153594,7.22148731509077,-6.06395369496866,-2.81,0.112946402838467,0.054292414761624,11.0487469367261,17.0109372802892,0.169784851217162,1.11053203640369,174.139999389648,8.54986927486754,19.0783692216613,-174.139999389648,1.13359129428864,10.539999961853,16.3400001525879,15.2600002288818,30.8544750213623,991.454623733891
1.975,-0.146870151283632,-0.0382145109745834,0.517,0.891838375700861,0.325781223775442,-4.59745719001989,0.00153588284028274,-0.431266009722769,0.136508043536586,-0.0399950217193316,-0.165081159466165,1.70093711270499,-0.0233818093136203,-0.40036255041124,0.13091835061528,9.65399574618209,-5.42055595168877,-0.052678178240926,4.14020487401069,10.1186394997573,1.74833462424168,7.22153537118379,-6.06412758133879,-2.81,0.107445834478293,0.0516646971074498,11.1331306673446,17.0925411387651,0.169784851217162,1.11053203640369,174.139999389648,8.54986927486754,19.0783692216613,-174.139999389648,1.13359129428864,10.539999961853,16.3400001525879,15.2600002288818,30.8519687652588,991.465410175992
2,-0.146882318490454,-0.0382158437548631,0.517,0.734394933954193,0.29340436107086,-4.25541979774994,0.0414858100442798,-0.205074324372249,0.133653736624373,-0.0403368365061332,-0.173602201585859,1.70408871523879,0.0270811173196403,-0.212651284220449,0.130926522828573,9.72731018931726,-5.43872989943623,-0.0789646389989164,4.11917240692459,10.194703148086,1.81852364759579,7.22153582557216,-6.06409210802215,-2.81,0.101518892337793,0.0491621295309298,11.1633644104004,17.1870972859806,0.169784889416821,1.11053204364845,174.111419677734,8.59614049091356,19.1868838545927,-174.111419677734,1.13700675964355,10.5788135528564,16.7700004577637,15.253999710083,30.8505401611328,991.475156881738
2.025,-0.152100172193784,-0.0425009322322729,0.517,0.62301250514624,0.255151913169221,-4.69250782226784,0.0763696182959436,0.0595334856851395,0.130822589743558,-0.0401024890053431,-0.175069631401959,1.70578607783566,0.047707736281181,-0.0971463244995231,0.131001179402857,9.92432497892924,-5.51619818699727,0.0612337810906298,4.15060515636065,10.3764355752124,2.00660905286442,7.22138073972935,-6.06337254462258,-2.81,0.107493077664814,0.0434629135485979,11.1633644104004,17.4039270415771,0.169785067045236,1.1105320773366,173.978576660156,8.81130165098746,19.6914768976765,-173.978576660156,1.15288829803467,10.7592992782593,16.7700004577637,15.253999710083,30.8530464172363,991.481108549792
2.05,-0.147147324903385,-0.0544082974837707,0.517,0.682676189099921,0.271043342205419,-5.9036094297738,0.0805155959459467,0.323762510646061,0.128891835988722,-0.0374730954666567,-0.16636708869516,1.71109739221668,0.0980134306386194,0.329369346200025,0.134025282787429,10.0304008838192,-5.56144971402212,0.236583587495595,4.1211633926644,10.4977149303832,2.09967381680146,7.22122565388655,-6.062652981223,-2.81,0.118976684188098,0.038546270335012,11.2243380225251,17.5488195722276,0.169785244673651,1.11053211102475,173.845703125,9.02646281106136,20.1960699407602,-173.845703125,1.16876983642578,10.9397850036621,16.7700004577637,15.253999710083,30.8555526733398,991.487060217844
2.075,-0.13554865825537,-0.0568076432661911,0.517,0.842315477381925,0.335906847916126,-7.66732126210052,0.102093663200121,0.533355303230954,0.127065095271124,-0.0347538740219415,-0.150864665591248,1.71468600189014,0.1061894974,0.535592100896117,0.137067566039969,10.1138586510059,-5.58820179593975,0.361835985200717,4.09285687958018,10.6120060584283,2.06951960222931,7.22107056804375,-6.06193341782343,-2.81,0.130730144670695,0.0354365718896954,11.3170377417716,17.6526397484041,0.169785422302066,1.11053214471289,173.712860107422,9.2416239697171,20.700662983844,-173.712860107422,1.18465149402618,11.1202697753906,16.7700004577637,15.253999710083,30.8580589294434,991.493011885897
2.1,-0.134761302675654,-0.0668048527749943,0.517,1.12515514735427,0.280830761836929,-9.72530225740921,0.113836234880833,0.679753871311224,0.123272486194884,-0.0322416439914319,-0.133697039429546,1.71810722615823,0.11177944188211,0.672255342918828,0.134957915978117,10.169914787351,-5.603477225994,0.430989578831715,4.05872120460527,10.7093812629484,1.96158379106607,7.22091548220094,-6.06121385442386,-2.81,0.140262850940167,0.0331237938449134,11.3472766876221,17.7206192080089,0.169785602499078,1.11053217820346,173.589630126953,9.45552318641356,21.2125527005546,-173.589630126953,1.19759881496429,11.2769813537598,13.8400001525879,15.3590002059937,30.8600006103516,991.496417351489
2.125,-0.125794572985269,-0.0684198683557015,0.517,1.42353728916653,0.291724042507172,-11.8222014482939,0.0891742150522035,0.779456304196221,0.121127563133056,-0.0297781671826351,-0.115666128277508,1.72151454289116,0.112646862600043,0.794473609032854,0.132571371172805,10.2173264644669,-5.61550305449416,0.53060918360848,4.02198723447615,10.7948201921987,1.87207276730073,7.22077877009394,-6.06058982495817,-2.81,0.151906341232797,0.0310378357256595,11.3472766876221,17.7836700242979,0.169785791502712,1.11053221101659,173.499389648438,9.66509574415356,21.7494595838393,-173.499389648438,1.20048642158508,11.35218334198,13.8400001525879,15.3590002059937,30.8600006103516,991.491092980069
2.15,-0.0995142235482662,-0.0735288137562577,0.516032692479867,1.76392376204501,0.353507140775374,-13.9263398140958,0.101299927030572,0.84295665679523,0.113723583560484,-0.0275275484218183,-0.0938660886158552,1.72486113890284,0.0928956010100683,0.853624671236599,0.128975895500601,10.2720280621077,-5.66320781284659,0.799601540472436,4.01663474435666,10.8825575734109,1.91374811706317,7.22072711058992,-6.06040802508804,-2.81,0.174453007487215,0.0269036711375088,11.4119975843198,17.8785929937658,0.169785980506345,1.11053224382972,173.409149169922,9.87466830047539,22.286366467124,-173.409149169922,1.20337390899658,11.4273853302002,14.6999998092651,15.3170003890991,30.8600006103516,991.485768608649
2.175,-0.0797695640849112,-0.076741529320017,0.509191511789534,2.1707631167557,0.290950980104831,-15.9592675654248,0.0845240508476938,0.855077692663978,0.109132667154565,-0.0265886802226305,-0.0847719833254814,1.72625720500946,0.0846561640501022,0.878300130367279,0.127476006746292,10.3122739792055,-5.7045817961045,1.07256220995252,4.03069620940207,10.9274965316959,2.0925929853055,7.2206754510859,-6.0602262252179,-2.81,0.192418387026036,0.0239381728128315,11.5058177989127,17.9664718297085,0.169786169509979,1.11053227664285,173.318908691406,10.0842408582154,22.8232733504876,-173.318908691406,1.20626139640808,11.5025882720947,14.6999998092651,15.3170003890991,30.8600006103516,991.480444237228
2.2,-0.0762773370593113,-0.0910317183079138,0.509885215641105,2.6131087510348,0.401180810406193,-17.5378028270557,0.0762973469668117,0.797610069781377,0.103423240949328,-0.0232782913329122,-0.0544654968825279,1.73098936318945,0.104309227296244,0.80964765263689,0.114018739745273,10.3031319733213,-5.70788703641953,1.10519281242698,3.97762922691041,10.9957226491036,1.79680360364178,7.22061232755828,-6.05998875096592,-2.81,0.205557992835508,0.0220324133015477,11.5334119796753,17.962095373204,0.169786313803075,1.11053230169373,173.25,10.2442371123399,23.2331700033636,-173.25,1.20846593379974,11.5600004196167,14.6999998092651,15.3170003890991,30.8594074249268,991.477877799391
2.225,-0.053108073363919,-0.0961465922132572,0.510578919536085,2.93626879856542,0.32241210027065,-18.5609460912095,0.0619988223232892,0.667968089733726,0.0941714499568305,-0.0207646861672401,-0.0376627817749977,1.73357307910919,0.0896827876567841,0.714320242404938,0.105697572231293,10.3231853221403,-5.74645964960653,1.13694022256959,3.98186778386792,11.0600699702587,1.6438272337082,7.2204679127648,-6.05935649028147,-2.81,0.213107395575945,0.0190494157220224,11.5334119796753,17.9833220001327,0.169786313803075,1.11053230169373,173.25,10.2442371123399,23.2331700033636,-173.25,1.20846593379974,11.5600004196167,14.6999998092651,15.3170003890991,30.8569011688232,991.484211965391
2.25,-0.0464587054687372,-0.0980561273927201,0.511272623387823,3.04015790928888,0.294186052076478,-18.966675568202,0.0206017429379104,0.498600167821326,0.0860122747340599,-0.0206959164509181,-0.0314931938567062,1.73475176368323,0.0495681779765689,0.636555227492148,0.102731752176714,10.3147138983206,-5.74522146489749,1.10507021959563,3.96793593562654,11.0671373999101,1.54791048108056,7.22032349797132,-6.05872422959702,-2.81,0.213968507270797,0.0186217087392695,11.6274378794544,17.968431906258,0.169786313803075,1.11053230169373,173.25,10.2442371123399,23.2331700033636,-173.25,1.20846593379974,11.5600004196167,14.6999998092651,15.3170003890991,30.8543949127197,991.490546131391
2.275,-0.0454826766043222,-0.111424182265722,0.511966314056258,3.12795111376849,0.298852998853129,-18.8199370998406,-0.024759822406663,0.310018910209624,0.0767260218842506,-0.0215654798209819,-0.0185460346700899,1.7376821375697,-0.0119656270541473,0.406579490163686,0.0898308820160919,10.2957494685509,-5.71357494345265,1.03094036454131,3.90456198046616,11.0750424234495,1.34464301892696,7.22017908317783,-6.05809196891257,-2.81,0.215693036280361,0.0190009692808515,11.7576811628522,17.9387477125148,0.169786313803075,1.11053230169373,173.25,10.2442371123399,23.2331700033636,-173.25,1.20846593379974,11.5600004196167,14.6999998092651,15.3170003890991,30.8518886566162,991.496880297391
2.3,-0.0451651579257422,-0.115828128641924,0.512660021236268,2.9369137444626,0.281495242595063,-18.0872947806103,-0.0912529542396898,0.118219580219562,0.0691394524163347,-0.0233559920617465,-0.0126186260529042,1.74063849455388,-0.0725732639985771,0.10615686907438,0.0684625037773991,10.286837642218,-5.7054736501618,0.895531740969979,3.86481424446617,11.0858060891485,1.15825280431216,7.22003127013241,-6.05743795468682,-2.81,0.211282097531708,0.0179561334583486,11.7918090820312,17.9135515170708,0.169786362168924,1.11053230948421,173.227676391602,10.2939936931755,23.3705639616138,-173.227676391602,1.21058666706085,11.5823183059692,16.4400005340576,15.2250003814697,30.8500003814697,991.503430142878
2.325,-0.0475509344702519,-0.111858567809971,0.511910540093648,2.73692215494806,0.349877345666009,-16.8989444471704,-0.135082474441097,-0.0497561664595846,0.0643393316332623,-0.026478170668135,-0.0138858317732534,1.74228564515254,-0.146294861888192,-0.0532094348110829,0.064894358440993,10.3456204369774,-5.71929515828714,0.543390355768264,3.85558812522544,11.1565821660772,0.838204624505416,7.2198713276486,-6.05670629517665,-2.81,0.191723960030232,0.0160338201505606,11.7918090820312,17.9143824369891,0.169786557735184,1.11053234098481,173.137451171875,10.4951833488328,23.9261134450175,-173.137451171875,1.2191618680954,11.6725616455078,16.4400005340576,15.2250003814697,30.8500003814697,991.510636404197
2.35,-0.0489801709453875,-0.109480540771205,0.509945006324162,2.36933546789802,0.358825580506986,-15.4719075332257,-0.178358492816684,-0.194149434148194,0.0584560220581603,-0.0319376399298936,-0.0192479419095284,1.74374554800021,-0.182792214923475,-0.196256523422589,0.0576988389196283,10.3385423235216,-5.70255915996135,0.444143432568242,3.8239107217115,11.1489543032779,0.824879671589534,7.2197113851648,-6.05597463566649,-2.81,0.185758231338728,0.0155735374003702,11.8694885001992,17.909589391356,0.169786753301444,1.11053237248542,173.04719543457,10.696373003072,24.4816629285,-173.04719543457,1.22773706912994,11.7628040313721,16.4400005340576,15.2250003814697,30.8500003814697,991.517842665516
2.375,-0.0575898570871069,-0.101824614217211,0.507921701942481,2.04417013473635,0.377749470893223,-13.8594692882426,-0.211449226011436,-0.28839852972493,0.05498892023367,-0.0342152789235115,-0.0214849635958672,1.74435460567474,-0.198018565773964,-0.255934417247772,0.054696936160326,10.3810683349967,-5.68581687225165,0.12092471275228,3.80193893160965,11.1966604150113,0.538304726002905,7.219551442681,-6.05524297615632,-2.81,0.167325254643414,0.0159335963647126,11.9725101398972,17.9030553379077,0.169786948867703,1.11053240398602,172.956954956055,10.8975626573111,25.0372124119037,-172.956954956055,1.23631227016449,11.853045463562,16.3600006103516,15.2629995346069,30.8500003814697,991.525048926834
2.4,-0.0762900177234107,-0.107524096521222,0.505898387941738,1.71117160338505,0.419256170185304,-12.2741783437734,-0.23893307718237,-0.344729107814133,0.0489127792404059,-0.0434980461626046,-0.036084938598626,1.74640233606115,-0.244218896682257,-0.335199746824527,0.0461590162289084,10.3993325922308,-5.67834479402697,-0.0208933063053068,3.77241625258804,11.2159590561892,0.601076169077015,7.21940611242654,-6.0545798115138,-2.81,0.156034869308448,0.0142583744866221,11.9961996078491,17.9384696255259,0.169787093965251,1.11053242735744,172.889999389648,11.0468324012363,25.449394286654,-172.889999389648,1.24267446994781,11.9200000762939,16.3600006103516,15.2629995346069,30.8500003814697,991.533862173075
2.425,-0.0826568639893141,-0.098624376762955,0.503875088398371,1.35815491274783,0.418039923488535,-10.8592723435535,-0.250235144311807,-0.354913975317609,0.0430618574118027,-0.0508573564046273,-0.0451154479870727,1.74757115112579,-0.263494415415274,-0.354713225329702,0.0380590609055689,10.4816948824854,-5.67638556660481,-0.346573360930886,3.75619785097713,11.3104360300685,0.415220807318636,7.21938986878727,-6.0545217407562,-2.81,0.135911968939033,0.0128814194406295,11.9961996078491,17.9982639882493,0.169787093965251,1.11053242735744,172.889999389648,11.0468324012363,25.449394286654,-172.889999389648,1.24267446994781,11.9200000762939,16.3600006103516,15.2629995346069,30.8500003814697,991.547295500969
2.45,-0.0864633543185997,-0.0948178864336694,0.50185182741315,1.0858731357442,0.487879009846227,-9.44921733282895,-0.235080556953469,-0.324582295311308,0.0369378712979365,-0.0562225952714242,-0.0529846323565348,1.74844670537324,-0.233787437216481,-0.313699209199525,0.0322136491251408,10.5149111014105,-5.67277520601716,-0.474431955499076,3.74390268016145,11.3485800460651,0.402173281684396,7.219373625148,-6.05446366999861,-2.81,0.126981648785385,0.0120524568092246,12.0527272134457,18.0350460510706,0.169787093965251,1.11053242735744,172.889999389648,11.0468324012363,25.449394286654,-172.889999389648,1.24267446994781,11.9200000762939,16.3600006103516,15.2629995346069,30.8500003814697,991.560728828862
2.475,-0.0888548292318284,-0.0924264115204407,0.499828494141988,0.888030269188202,0.514283247580442,-8.45425885578184,-0.20264373182426,-0.256589026380883,0.0280792816049809,-0.0609466485179149,-0.0583648312067239,1.74933712901414,-0.211330701413178,-0.230318396876963,0.026948133441292,10.5717366808249,-5.68828905175141,-0.562533306904091,3.74468749646489,11.4127294827029,0.402012207294026,7.21935738150873,-6.05440559924102,-2.81,0.120939496653712,0.0102092585018879,12.1246364804291,18.0967168624784,0.169787093965251,1.11053242735744,172.889999389648,11.0468324012363,25.449394286654,-172.889999389648,1.24267446994781,11.9200000762939,16.3600006103516,15.2629995346069,30.8500003814697,991.574162156755
2.5,-0.0934403362777808,-0.0992511689923262,0.497805209063956,0.701217772164942,0.463843216923627,-7.80530948517123,-0.177245076671141,-0.154537173927128,0.0191532202630251,-0.0654172307911171,-0.0615576359518679,1.74979868425018,-0.177936943101775,-0.123788824382421,0.0175122063127225,10.6236567133151,-5.69393233082859,-0.591382573740934,3.7386860467541,11.4658080678525,0.436065011115645,7.21925674238772,-6.05400157507402,-2.81,0.119076706730564,0.00908671818865776,12.1388645172119,18.1547525554075,0.169787148771412,1.11053243547252,172.879211425781,11.0986621729402,25.6050833843555,-172.879211425781,1.24323892593384,11.9509973526001,12.8000001907349,15.3889999389648,30.8500003814697,991.587040245694
2.525,-0.0934428676301302,-0.0976608867146914,0.495781909520589,0.583655471344336,0.459299109774393,-7.6750502908514,-0.161078907413166,-0.0304436251408431,0.00627803234708478,-0.0696297946593974,-0.0632908788233637,1.75009199552032,-0.153493619510852,-0.0124113824997901,0.00760426746489559,10.6832831599802,-5.69572786736989,-0.601001932074432,3.72828744466811,11.5243809719154,0.472836421918073,7.21913314610674,-6.05350344506634,-2.81,0.118762500613656,0.00824887041396852,12.1388645172119,18.219358914657,0.169787352650331,1.1105324656606,172.839111328125,11.2914689265148,26.1842468279151,-172.839111328125,1.24533903598785,12.0663070678711,12.8000001907349,15.3889999389648,30.8500003814697,991.598408084674
2.55,-0.0912264403494227,-0.0913151896715644,0.493760432891823,0.519014034730725,0.459802413998408,-7.99642273138605,-0.140224127121251,0.0930188063933578,-0.0055972722162749,-0.0737692654913266,-0.060393690182522,1.75008984350444,-0.15498066970527,0.104601362372064,-0.00219523637711039,10.7631195109548,-5.69909870779042,-0.561184036765495,3.7157493196023,11.6005272962398,0.510263318714405,7.21900954982576,-6.05300531505865,-2.81,0.122927629605484,0.00731328561701047,12.1799338770041,18.3014806615324,0.169787556529251,1.11053249584868,172.79899597168,11.4842756786712,26.7634102714748,-172.79899597168,1.24743914604187,12.1816177368164,12.8000001907349,15.3889999389648,30.8500003814697,991.609775923654
2.575,-0.0871060730807976,-0.0868731959059254,0.493,0.501578484630295,0.401553451938003,-8.74040470992515,-0.154824772071078,0.19803474269207,-0.0173722969156971,-0.0777830856519538,-0.0548219296751497,1.74948158398619,-0.130193426315457,0.1966907022493,-0.010856524104849,10.811586101215,-5.69109759894664,-0.537194319627181,3.70500023813105,11.6443688550057,0.499210222034213,7.21888595354478,-6.05250718505097,-2.81,0.127536749955205,0.00717853178158929,12.2301297611946,18.3433281247362,0.16978776040817,1.11053252603676,172.758895874023,11.6770824322459,27.3425737150345,-172.758895874023,1.24953901767731,12.2969274520874,12.8000001907349,15.3889999389648,30.8500003814697,991.621143762635
2.6,-0.0877311614872484,-0.0960856936023181,0.493,0.515941751221904,0.453129513465893,-9.66431188809101,-0.145450274050128,0.282787542536797,-0.025086466908251,-0.0811280192389558,-0.0475469307597655,1.74871520431544,-0.120943908969492,0.282223357073277,-0.0187042277066485,10.8445322237474,-5.69544437976619,-0.524107151560647,3.711276327897,11.676316132627,0.454668813719604,7.2187623572638,-6.05200905504329,-2.81,0.132149844588947,0.00647039701416534,12.2384510040283,18.3644775223599,0.169787907288682,1.11053254778516,172.729995727539,11.8159862218303,27.7598204969216,-172.729995727539,1.25105202198029,12.3800001144409,10.460000038147,15.4379997253418,30.8500003814697,991.629393379643
2.625,-0.0837733465180547,-0.0940322300353019,0.493,0.636640016208089,0.468284218213557,-10.5905452766315,-0.141166320409494,0.355821063482504,-0.0334798993330571,-0.0838681012392044,-0.0415874421596527,1.74808740615845,-0.113366946578026,0.352289468050003,-0.0251328609883785,10.8900986663477,-5.69933762129573,-0.474692450762971,3.71049816499287,11.7185849948854,0.457165497766182,7.21863933465295,-6.05154939868962,-2.81,0.137860396423663,0.00584844776568165,12.2384510040283,18.4054095640868,0.169787907288682,1.11053254778516,172.729995727539,11.8159862218303,27.7598204969216,-172.729995727539,1.25105202198029,12.3800001144409,10.460000038147,15.4379997253418,30.8500003814697,991.629607578494
2.65,-0.0718714442842995,-0.087857074600942,0.493,0.753023256937057,0.438335400809539,-11.8033142767387,-0.124145157599504,0.40705792424272,-0.0401096165944762,-0.0850500820161785,-0.0368318957625505,1.74744882213853,-0.110001721912715,0.372390812271337,-0.02790622671756,10.9565117719891,-5.70719570198631,-0.353741701547212,3.70436918738291,11.7784982850543,0.535717513676951,7.21851701481539,-6.05113687439901,-2.81,0.146231319020431,0.00529303187956096,12.2809216635568,18.47806674286,0.169787907288682,1.11053254778516,172.729995727539,11.8159862218303,27.7598204969216,-172.729995727539,1.25105202198029,12.3800001144409,10.460000038147,15.4379997253418,30.8500003814697,991.629821777344
2.675,-0.0718714442842995,-0.087857074600942,0.493,0.846049773190565,0.403987225457606,-12.9600696036658,-0.116785819982374,0.431748204197742,-0.0464997390786712,-0.0876619995810158,-0.0263231841092287,1.74603769189789,-0.102565315514085,0.41681036212472,-0.0340347550345022,10.9642818725989,-5.70951479557691,-0.353753638139556,3.72074176907961,11.7858033637443,0.436001809846045,7.21839469497783,-6.05072435010841,-2.81,0.151426803486795,0.00492129028798934,12.3308714329393,18.4637976761717,0.169787907288682,1.11053254778516,172.729995727539,11.8159862218303,27.7598204969216,-172.729995727539,1.25105202198029,12.3800001144409,9.5,15.503999710083,30.8500003814697,991.630035976194
2.7,-0.0730584172782935,-0.0941705735027482,0.493,0.986836135705907,0.397243977746471,-13.6111126193038,-0.143239903317772,0.413744819334966,-0.0518175191833842,-0.0903689071474574,-0.0157379941183839,1.74460622688217,-0.0984145411154873,0.458966019641691,-0.0401876429583517,10.9643016346312,-5.70311474973206,-0.356065363952396,3.73046160077127,11.7830914602955,0.332599775520508,7.21823530354521,-6.05010829928781,-2.81,0.156618359588134,0.00498988061943843,12.3375492095947,18.4408110563517,0.169787968130578,1.11053255654944,172.722717285156,11.8719623752704,27.932655441224,-172.722717285156,1.25154733657837,12.3901882171631,9.5,15.503999710083,30.8500003814697,991.631089696344
2.725,-0.0461712726762423,-0.0821837697040855,0.493,1.16168947261895,0.438265525454757,-14.2645153400069,-0.118985236047131,0.374589929286598,-0.057840162055668,-0.0964211749355052,0.000906039699826863,1.74179281893182,-0.0917854846239136,0.387243235402006,-0.0502296039932653,11.0590691701728,-5.67132020404664,-0.300507986490652,3.70926071201219,11.8634932848185,0.236856219738568,7.21806532425401,-6.04943412013162,-2.81,0.16768506071869,0.00608829150838192,12.3375492095947,18.5058912469965,0.169788177697106,1.11053258673752,172.697647094727,12.0647691288451,28.5279758048448,-172.697647094727,1.253253698349,12.4252834320068,9.5,15.503999710083,30.8500003814697,991.634195579673
2.75,-0.0410816041097198,-0.0805987810549138,0.493,1.18507482436994,0.333384120055142,-14.6344380744121,-0.129464871307544,0.331115689622244,-0.0626020796161523,-0.100735840342041,0.01076906803917,1.73952367799063,-0.136868863783776,0.339403190771539,-0.0540958556984902,11.0796581081906,-5.67694396247414,-0.330097218358292,3.73976687700503,11.8783188219832,0.123151898121075,7.21789534496281,-6.04875994097543,-2.81,0.171466571130084,0.00548412850471914,12.3840562558238,18.4954294535269,0.169788387263635,1.1105326169256,172.672576904297,12.2575758810015,29.1232961685443,-172.672576904297,1.25495994091034,12.4603776931763,9.5,15.503999710083,30.8500003814697,991.637301463001
2.775,-0.0383968464216352,-0.0785476210432585,0.493,1.17405389526603,0.466542443186353,-14.8543254688772,-0.121198965768144,0.280254412861838,-0.0666501000368934,-0.103151485323906,0.013611376285553,1.73880684375763,-0.133968904614449,0.307452768087387,-0.0509607009589672,11.0955060172041,-5.66135482385366,-0.399222573598019,3.73684444723218,11.8892957381287,0.0348038957602337,7.2177253656716,-6.04808576181923,-2.81,0.169602868560065,0.00603285162523174,12.4367642415502,18.492136065051,0.169788596830164,1.11053264711368,172.647521972656,12.4503826345761,29.7186165321651,-172.647521972656,1.25666618347168,12.4954719543457,10.1899995803833,15.4940004348755,30.8500003814697,991.64040734633
2.8,-0.0382358960375145,-0.0783866706591378,0.493,1.28829978104714,0.363841146690246,-14.8567861330914,-0.10698194352277,0.217824988609079,-0.0728547976567542,-0.107349681311178,0.0227681522212584,1.7354181554732,-0.142187371756443,0.222770109075285,-0.0658680036581897,11.0838460558804,-5.66393505079293,-0.400487307307257,3.78080660281265,11.865739920731,-0.0437184065461516,7.21757607689832,-6.0474968906855,-2.81,0.174951533188,0.00603246140391439,12.4421195983887,18.4485162366564,0.169788743301394,1.11053266821288,172.630004882812,12.5851400424243,30.1347006572967,-172.630004882812,1.25785875320435,12.5200004577637,10.1899995803833,15.4940004348755,30.8500003814697,991.642347803656
2.825,-0.0331649215901867,-0.07331569621181,0.493,1.25549544902687,0.342910799919843,-14.6047425328049,-0.119432022782249,0.13069646341232,-0.0779376656128174,-0.109115940470911,0.0256533983824977,1.73363005389194,-0.0903824113445839,0.133670652886374,-0.0745954239008758,11.1272223052506,-5.62918275001941,-0.534185247919052,3.77544868613307,11.895071587592,-0.203439639977053,7.21753868524595,-6.04736937688181,-2.81,0.16928024634107,0.00813577114130833,12.4421195983887,18.4546289108198,0.169788743301394,1.11053266821288,172.630004882812,12.5851400424243,30.1347006572967,-172.630004882812,1.25785875320435,12.5200004577637,10.1899995803833,15.4940004348755,30.8500003814697,991.641582807762
2.85,-0.032851145689599,-0.0717347335772774,0.492999765087008,1.15700402583971,0.359013346645441,-14.1513276524111,-0.110486267101069,0.0251627078591438,-0.0837124247657881,-0.110620873710532,0.0272133157759836,1.73210161201535,-0.136939946744741,0.083339623837584,-0.0825371464625265,11.1196959650436,-5.64770359677197,-0.582904892354185,3.81840131544422,11.8843169897565,-0.258444320361694,7.21750129359358,-6.04724186307812,-2.81,0.167973910234929,0.00736710581376844,12.4840962186335,18.4283781147561,0.169788743301394,1.11053266821288,172.630004882812,12.5851400424243,30.1347006572967,-172.630004882812,1.25785875320435,12.5200004577637,10.1899995803833,15.4940004348755,30.8500003814697,991.640817811868
2.875,-0.0352944929701128,-0.067382703325938,0.49256459988474,1.03871494692804,0.287410242241543,-13.4560384762151,-0.131184403109684,-0.064289746021652,-0.0870153681066307,-0.116390089270579,0.024959354153757,1.72971888804474,-0.11234871630186,-0.0526799643590522,-0.0813216385460251,11.1351683363284,-5.61188610121213,-0.719224871240752,3.824753207787,11.8851931990249,-0.340542843319282,7.21746390194122,-6.04711434927444,-2.81,0.16163198069142,0.00918039807875436,12.5300004758603,18.4167412565226,0.169788743301394,1.11053266821288,172.630004882812,12.5851400424243,30.1347006572967,-172.630004882812,1.25785875320435,12.5200004577637,10.1899995803833,15.4940004348755,30.8500003814697,991.640052815975
2.9,-0.0388954012436662,-0.0675816527615896,0.490945945268714,0.971429238478852,0.337447506030216,-12.6275698094199,-0.136906787769354,-0.112774991623533,-0.0920482455611693,-0.119382327540606,0.0230379251875214,1.7279849111615,-0.145571360435114,-0.096992788091019,-0.0866261267126559,11.126975507094,-5.60773878348473,-0.76611779429211,3.84825689027971,11.8706492585388,-0.34908417490075,7.21742651028885,-6.04698683547075,-2.81,0.15950410320891,0.00956876377948788,12.5331916809082,18.3969859983632,0.169788809605088,1.11053267776279,172.626876831055,12.6461339184436,30.3230510558668,-172.626876831055,1.25822710990906,12.5309429168701,10.1400003433228,15.4409999847412,30.8500003814697,991.640680935184
2.925,-0.0444472963285476,-0.0601205248363968,0.489327302392074,0.789250759913212,0.319880628039374,-11.5000227848421,-0.126126529232539,-0.148204502862151,-0.0998775095369164,-0.122726452304137,0.0178164422602243,1.72502795432545,-0.122705088615269,-0.134152038301718,-0.100952292737811,11.1771523274941,-5.56642257533519,-1.02282326520754,3.86684576991902,11.9047730644892,-0.532770068350126,7.21738665911559,-6.04684940236153,-2.81,0.144521881034009,0.0125159197823954,12.5331916809082,18.4030608759554,0.169789022234176,1.11053270838838,172.616851806641,12.8417349731852,30.9270712996113,-172.616851806641,1.25940847396851,12.5660381317139,10.1400003433228,15.4409999847412,30.8500003814697,991.644383515309
2.95,-0.0493501328407933,-0.0565023582024566,0.487708667123168,0.610761887375663,0.288447988896923,-10.4752436907186,-0.138193110354016,-0.181612213230377,-0.103845984456068,-0.127599402141347,0.0129744206345834,1.72259147201605,-0.142996549275045,-0.180544468443886,-0.107277374120928,11.1933852371419,-5.55027886677585,-1.12242572746961,3.89140090535612,11.9125725364777,-0.552198004958072,7.2173430302036,-6.04669673354331,-2.81,0.138853508038883,0.0135817197774795,12.5599413046618,18.4036657647267,0.169789234863263,1.11053273901397,172.606811523438,13.0373360265085,31.5310915433559,-172.606811523438,1.26058971881866,12.6011323928833,10.1400003433228,15.4409999847412,30.8500003814697,991.648086095435
2.975,-0.0528806132100568,-0.0523321974232914,0.486090039545112,0.529635527199187,0.297674565929904,-9.79070568575019,-0.140384416137601,-0.190753679337803,-0.110420783680564,-0.131040408767945,0.00899487122362365,1.72040645834773,-0.161995816775656,-0.178551451165284,-0.114857433770454,11.2061511371869,-5.53747341917054,-1.20721273763917,3.91504552357598,11.9181225843862,-0.574082209517526,7.21729940129162,-6.04654406472509,-2.81,0.133891359718281,0.0146208574729396,12.5882022065936,18.4019960018574,0.169789447492351,1.11053276963956,172.596786499023,13.2329370798319,32.1351117871005,-172.596786499023,1.26177096366882,12.6362266540527,10.1400003433228,15.4409999847412,30.8500003814697,991.65178867556
3,-0.0560622587265189,-0.0478827447381805,0.484471388877454,0.319095844677845,0.344282866236511,-9.21042704847196,-0.130834678632077,-0.163771678202396,-0.117128100656977,-0.13410467131457,0.00551814937443976,1.71783720812957,-0.159576287084028,-0.129158978725808,-0.119909861966701,11.2276168254638,-5.52733250358692,-1.24876187653949,3.93920850155079,11.9305780756639,-0.560476199977761,7.21721403962349,-6.04621229118818,-2.81,0.131322974735386,0.0157041633304324,12.5892601013184,18.4111561160142,0.16978959153141,1.11053279038592,172.589996337891,13.3654410195918,32.5442867909097,-172.589996337891,1.26257121562958,12.6599998474121,9.5,15.4709997177124,30.8500003814697,991.653536814564
3.025,-0.0565283818475412,-0.046798409509037,0.482852738157692,0.246106671794319,0.297630467115448,-8.86763505370181,-0.112137950860235,-0.107778985200168,-0.120669340050059,-0.137251932973698,0.00200146505905411,1.71512015804626,-0.123432840830073,-0.0757524257536571,-0.121831334840625,11.2592139495864,-5.51070774052284,-1.28466506001377,3.95688685650932,11.9515012626693,-0.541134783245225,7.2171122857394,-6.04581016708013,-2.81,0.129025045276079,0.0171715779268758,12.5892601013184,18.4304106823638,0.16978959153141,1.11053279038592,172.589996337891,13.3654410195918,32.5442867909097,-172.589996337891,1.26257121562958,12.6599998474121,9.5,15.4709997177124,30.8500003814697,991.651180627211
3.05,-0.0586079178648801,-0.0421706463797502,0.481236672733187,0.143178027797253,0.364179238643957,-8.75132311535531,-0.084900254365421,-0.0291402124701383,-0.126043696140863,-0.139868765948413,0.000883268911940652,1.7121314458268,-0.0816174722520159,-0.0155832087377721,-0.123651782217517,11.3042687037309,-5.49682074365305,-1.30836085663913,3.97713993331046,11.9835268788487,-0.539239130597361,7.21701053185531,-6.04540804297208,-2.81,0.128106394058117,0.0185604383126519,12.6195442066038,18.4579416738859,0.16978959153141,1.11053279038592,172.589996337891,13.3654410195918,32.5442867909097,-172.589996337891,1.26257121562958,12.6599998474121,9.5,15.4709997177124,30.8500003814697,991.648824439859
3.075,-0.057343081670796,-0.0408966672777839,0.481259596875174,0.180354889352036,0.250825431859733,-8.91213639408996,-0.0553305205121598,0.0412704227632326,-0.131673554031619,-0.141203089649457,0.00255192924291722,1.70856681057984,-0.071812493502421,0.0605610260105231,-0.128617631922103,11.3338055804319,-5.49754166999823,-1.29544532789228,4.01549472751717,11.9976200076795,-0.537780801594839,7.21690877797122,-6.04500591886403,-2.81,0.130011232890871,0.0194945859280417,12.6504902595458,18.4647876330389,0.16978959153141,1.11053279038592,172.589996337891,13.3654410195918,32.5442867909097,-172.589996337891,1.26257121562958,12.6599998474121,9.5,15.4709997177124,30.8500003814697,991.646468252506
3.1,-0.0579801396059458,-0.0396258280155103,0.481563092381341,0.11291616069536,0.247967350896151,-9.19884817540554,-0.0481459613206005,0.102469335536935,-0.134286528829605,-0.143438013016519,0.00482183248876569,1.70493161658942,-0.0432851055282734,0.100588511735179,-0.128689632913021,11.3595553845532,-5.49289582186228,-1.29029554731889,4.05162115266625,12.0067412960558,-0.546621559077397,7.21680702408713,-6.04460379475598,-2.81,0.132048195847011,0.0205312825778401,12.65065574646,18.4659779907551,0.169789662845281,1.11053280074029,172.597518920898,13.4315728034765,32.7468697122394,-172.597518920898,1.26115667819977,12.6742038726807,8.01000022888184,15.5220003128052,30.8500003814697,991.645341158556
3.125,-0.0563830956547203,-0.0383491091829109,0.481866585721294,0.157476848467014,0.249389963072409,-9.55411751100551,-0.0447864273369089,0.143854517625828,-0.13653534947005,-0.145408075132442,0.0074121624637313,1.70126511604337,-0.0169998611312639,0.138028628770777,-0.129018347308875,11.3847125453714,-5.48420512247067,-1.27471367275062,4.08269401190794,12.0142039777524,-0.550992649366692,7.21668712520595,-6.04413054406593,-2.81,0.134691525721876,0.0218249059557373,12.6507660590735,18.4669562393566,0.169789876786894,1.11053283180339,172.620071411133,13.6299681579668,33.3546184758344,-172.620071411133,1.25691270828247,12.7168188095093,8.01000022888184,15.5220003128052,30.8500003814697,991.646672251411
3.15,-0.0516390824968956,-0.0345566206067223,0.482170083405352,0.241080311759032,0.217545711961326,-9.9259440378024,-0.0380981486129193,0.167336235903588,-0.139863443597683,-0.146213036851499,0.0114120202864041,1.69746090082502,-0.000577601071543604,0.164087147805616,-0.130476320472044,11.4252468420282,-5.46296124938204,-1.21339745086638,4.09410939757132,12.0334825353654,-0.534893166031487,7.21648203432173,-6.04332334920596,-2.81,0.139859876611481,0.0239777957906729,12.6610802884372,18.4850272647127,0.169790090728507,1.11053286286648,172.642639160156,13.8283635124572,33.962367239587,-172.642639160156,1.25266885757446,12.7594337463379,6.86999988555908,15.5710000991821,30.8500003814697,991.648003344266
3.175,-0.0483044029856778,-0.034085438694305,0.482473580357937,0.204718484922622,0.143787989593336,-10.3481141869137,-0.0406030880259841,0.187433421135585,-0.142860533108847,-0.146548926830292,0.0130810588598251,1.69587349891663,0.00627498887479305,0.1749607026577,-0.131084695458412,11.470554309573,-5.44521387070636,-1.12242379059562,4.07705606042015,12.0683446260207,-0.465271211316663,7.21627694343751,-6.04251615434598,-2.81,0.145290835244644,0.0252994033482693,12.6711187362671,18.5298607401857,0.16979030467012,1.11053289392958,172.665191650391,14.0267588655293,34.5701160033396,-172.665191650391,1.24842512607574,12.8020477294922,6.86999988555908,15.5710000991821,30.8500003814697,991.649334437121
3.2,-0.0471927633538683,-0.0313872325596772,0.482777074410114,0.224216864127819,0.104820568953313,-10.7248021439474,-0.0386175960497812,0.207882329892536,-0.1422540269782,-0.147501227899032,0.0177771575493371,1.69203603041478,0.0126787994198776,0.193461638161251,-0.131333059095393,11.4795342875819,-5.44445032195623,-1.1127891805125,4.12064008591636,12.059261342975,-0.504566816637875,7.21608265880206,-6.04175068856799,-2.81,0.14822790244135,0.0263295116103234,12.6711187362671,18.5079286645223,0.169790444997415,1.1105329143043,172.679992675781,14.1568891519147,34.9687469129181,-172.679992675781,1.24564146995544,12.8299999237061,6.86999988555908,15.5710000991821,30.8500003814697,991.648264923507
3.225,-0.0394243307905854,-0.0283821484594459,0.483080566299589,0.340794544938877,0.161706121333247,-11.0763930372587,-0.0311453365020329,0.216599179368604,-0.138208181408479,-0.150515586137772,0.025953222066164,1.68582534790039,-0.0916724801063538,0.231210723519325,-0.14287394285202,11.5179640796725,-5.41944581378037,-1.05927179825054,4.15971302914626,12.0651620936843,-0.533476691120401,7.2159766616765,-6.04132615115613,-2.81,0.155482288031234,0.0288884615569037,12.6724750205192,18.5031949221734,0.169790444997415,1.1105329143043,172.679992675781,14.1568891519147,34.9687469129181,-172.679992675781,1.24564146995544,12.8299999237061,6.86999988555908,15.5710000991821,30.8500003814697,991.642619253812
3.25,-0.037051214994209,-0.0250561519050841,0.483384062541154,0.455534420677423,0.209060774406825,-11.4713499876894,-0.019664574401328,0.198920129724877,-0.138268945700479,-0.15089887114524,0.0282270520273125,1.68342548996415,-0.0754906774126664,0.207975900004703,-0.141200328029496,11.5309401445277,-5.38743158546319,-1.07177940915856,4.15789273564785,12.0630401497376,-0.575066214699586,7.21587066455094,-6.04090161374427,-2.81,0.155936281171734,0.0313013837624749,12.7041781649114,18.4959148304127,0.169790444997415,1.1105329143043,172.679992675781,14.1568891519147,34.9687469129181,-172.679992675781,1.24564146995544,12.8299999237061,7.30000019073486,15.5710000991821,30.8500003814697,991.636973584116
3.275,-0.037051214994209,-0.0250561519050841,0.483687557326256,0.555855465687479,0.173095170851145,-11.6551128539695,-0.00347510608938964,0.154379449734543,-0.138937949661882,-0.151708311771984,0.0330290409206928,1.67835734883116,-0.0413171296374787,0.158907426828055,-0.137665903764323,11.5199722255205,-5.39152912783828,-1.0643914910813,4.22353613776045,12.0287788221536,-0.61765540564305,7.21576466742538,-6.0404770763324,-2.81,0.159017019048845,0.032578708773889,12.734016418457,18.4460785837835,0.169790444997415,1.1105329143043,172.679992675781,14.1568891519147,34.9687469129181,-172.679992675781,1.24564146995544,12.8299999237061,7.30000019073486,15.5710000991821,30.8500003814697,991.63132791442
3.3,-0.0370581310166197,-0.0187066602706984,0.483991052111357,0.535815332672221,0.10889206959434,-11.5651584335525,0.0166186286815933,0.104036164092089,-0.137841873508635,-0.152517752398729,0.037831029814073,1.67328920769817,-0.00714358186229222,0.109838953651409,-0.13413147949915,11.5071123850716,-5.39647035581953,-1.05559231096537,4.28974100163925,11.9922584402183,-0.658530570848827,7.21569194926737,-6.04017565682753,-2.81,0.162189063492638,0.0338119838366169,12.734016418457,18.3945287821352,0.16979052122267,1.11053292579243,172.690658569336,14.230262081209,35.1852817155504,-172.690658569336,1.24458587169647,12.8317794799805,7.30000019073486,15.5710000991821,30.8500003814697,991.62839131728
3.325,-0.031346125235616,-0.0193243194849584,0.484294546896459,0.49899906391268,0.111266695100917,-11.441356911964,0.0398557793412293,0.0675560204535409,-0.134158482210761,-0.148486959247498,0.0384825022913978,1.67063439166234,0.0584045441242478,0.0896005148574819,-0.130584676320339,11.5605897852541,-5.37578728091717,-1.05544213591121,4.29505950068476,12.0304756725125,-0.693110491562402,7.21562861421326,-6.03990895078283,-2.81,0.160933558436257,0.036683389330294,12.7351644983831,18.4268756323924,0.1697907360393,1.11053295816805,172.720748901367,14.437040337782,35.7955161592821,-172.720748901367,1.24161076545715,12.8367929458618,7.30000019073486,15.5710000991821,30.8500003814697,991.630380306604
3.35,-0.0313400189378696,-0.0231605049495312,0.484598038788,0.581588283281374,0.0557171172074913,-11.4429500677973,0.0534300468059222,0.031893740177568,-0.13298636129428,-0.147799912311509,0.0389920040171271,1.66790453077823,0.0530452069797287,0.0649122705165755,-0.130882773211142,11.5615533733153,-5.38657270105429,-1.04570431989063,4.33681690169332,12.0204793217086,-0.691574601877122,7.21556527915916,-6.03964224473814,-2.81,0.161682724161074,0.0372424878698271,12.7504995659677,18.4104022059001,0.16979095085593,1.11053299054367,172.750823974609,14.6438185957732,36.4057506030138,-172.750823974609,1.23863577842712,12.8418064117432,8.39999961853027,15.5279998779297,30.8500003814697,991.632369295927
3.375,-0.0313385021574615,-0.02411339837144,0.484880594705047,0.555005559826148,0.0436210138936298,-11.2451227213784,0.0597441031143967,-0.000453892370786631,-0.131154867048022,-0.146980682408838,0.0393877422691039,1.66499608509159,0.0508980954592379,0.0395591491431784,-0.130900112490707,11.5644782255363,-5.39335108418172,-1.04203076096833,4.37745135727575,12.0110180357009,-0.696122125566117,7.21550194410506,-6.03937553869344,-2.81,0.162019192399549,0.0381175865959052,12.764440536499,18.3940131290581,0.16979116567256,1.11053302291929,172.780914306641,14.8505968523463,37.0159850467455,-172.780914306641,1.23566055297852,12.8468198776245,8.39999961853027,15.5279998779297,30.8500003814697,991.634358285251
3.4,-0.0313481039529225,-0.0180812214763447,0.48491283325515,0.489232788927576,0.0711685111184163,-10.9414291352721,0.0803747599040684,-0.0166367971282289,-0.127107618333183,-0.144730978770312,0.0385431184914041,1.66014440621695,0.0837270376516828,0.006866847413035,-0.127848743365377,11.585050003271,-5.38021161180976,-1.07963680062468,4.42586201147473,12.0079942053197,-0.738577557064455,7.21543860905096,-6.03910883264875,-2.81,0.159230829998303,0.0411516953953577,12.764440536499,18.3785324929357,0.169791301954077,1.11053304345867,172.800003051758,14.9817787567946,37.4031230271901,-172.800003051758,1.23377323150635,12.8500003814697,8.39999961853027,15.5279998779297,30.8490829467773,991.633791036683
3.425,-0.0330502781124866,-0.0214502457749142,0.484409077847859,0.53146762890294,0.0244571749367188,-10.7855831860165,0.0850694038661109,-0.0381129180417535,-0.12575312959694,-0.145901190429737,0.0377066126622722,1.65735736140177,0.0944977581867639,-0.0441170747829586,-0.123197944361403,11.606690745943,-5.3589082358633,-1.1471712535446,4.44671659772025,12.0144394012923,-0.793175144313186,7.21530402023677,-6.03852558217261,-2.81,0.155755316326271,0.0431085977176228,12.7670450698976,18.3750429525714,0.169791301954077,1.11053304345867,172.800003051758,14.9817787567946,37.4031230271901,-172.800003051758,1.23377323150635,12.8500003814697,8.39999961853027,15.5279998779297,30.8465766906738,991.628787963538
3.45,-0.0345166103645962,-0.0218862046047237,0.483715380416985,0.464342499654668,-0.00751999036535908,-10.4299217882421,0.0820767965861573,-0.0628753915776837,-0.126084324805367,-0.142861325913128,0.0358749460587425,1.65395933100321,0.0774766598728925,-0.0492829232111939,-0.123148590286862,11.6057372959422,-5.35937932732732,-1.1567730131418,4.48827773932001,11.9988677659918,-0.797962423620309,7.21516895434619,-6.03794021228727,-2.81,0.153876578926015,0.0451076378306229,12.7913974571742,18.352402375511,0.169791301954077,1.11053304345867,172.800003051758,14.9817787567946,37.4031230271901,-172.800003051758,1.23377323150635,12.8500003814697,8.39999961853027,15.5279998779297,30.8440704345703,991.623784890393
3.475,-0.0359521192155276,-0.0175971223759476,0.483021678194454,0.355645378644826,-0.0236581110854876,-10.0725628851371,0.0908906425560748,-0.0654884031591804,-0.121915837221673,-0.141976729527133,0.0346806124968222,1.65181443724465,0.0778116380780606,-0.0591267309412464,-0.121235664864233,11.6141687646475,-5.35643677890716,-1.17467748609106,4.51259267027064,11.9977013522624,-0.807383372762285,7.21503388845562,-6.03735484240194,-2.81,0.152304646996016,0.0463002886763296,12.8127546310425,18.3460326457285,0.169791301954077,1.11053304345867,172.800003051758,14.9817787567946,37.4031230271901,-172.800003051758,1.23377323150635,12.8500003814697,8.39000034332275,15.5179996490479,30.8415622711182,991.618781817249
3.5,-0.0370596813136058,-0.0186987465298294,0.482327975971923,0.443960119942975,0.0387203720853742,-9.94579065509714,0.0822993478805392,-0.055428122725017,-0.1157187930885,-0.140047210267531,0.0331942110952077,1.6494345530755,0.0786471007106835,-0.0537574183946384,-0.117992378252395,11.6267945248136,-5.34437867679552,-1.19142858400511,4.52976245184685,11.998921322353,-0.819375166713406,7.21490259701993,-6.03678080192771,-2.81,0.150321552834711,0.0483036141664636,12.8127546310425,18.3428219187207,0.169791382305084,1.11053305630165,172.812271118164,15.06380500542,37.6313779447137,-172.812271118164,1.23131990432739,12.8490571975708,8.39000034332275,15.5179996490479,30.8409442901611,991.61516067217
3.525,-0.0392768354957592,-0.0202782278288243,0.481634278717424,0.417716167868559,-0.00526327330817561,-9.73811950169431,0.0906483468753889,-0.0643435302538216,-0.114842891989452,-0.136747244555264,0.0309397275806997,1.64560609627447,0.0757643326085365,-0.0400693964449206,-0.112745680962135,11.6406314483299,-5.34613220821317,-1.19294567255127,4.57502308951119,11.996537262958,-0.812900307603066,7.21480561988701,-6.03630975933126,-2.81,0.148532541469485,0.0504109247410914,12.8151700233192,18.3341329415474,0.169791595809189,1.11053309042731,172.844848632812,15.2817604652427,38.2378838685162,-172.844848632812,1.22480094432831,12.846549987793,8.39000034332275,15.5179996490479,30.843448638916,991.613829579315
3.55,-0.0402278253504365,-0.0237699593991244,0.481048941116194,0.274901873352277,-0.0621338155175875,-9.45823135824687,0.0858233619627294,-0.0603489932021305,-0.10870163356075,-0.135229064637378,0.0293331698437942,1.64277307368062,0.0712513571952985,-0.0443920442919214,-0.108311121386111,11.6518068464039,-5.34690221486487,-1.18966872146976,4.60773348939539,11.9957860813872,-0.799491168417172,7.2147086427541,-6.0358387167348,-2.81,0.147771459122097,0.0517860242628664,12.8325422677711,18.3297015270939,0.169791809313293,1.11053312455297,172.87744140625,15.4997159236472,38.8443897922399,-172.87744140625,1.2182822227478,12.8440437316895,8.39000034332275,15.5179996490479,30.8459587097168,991.61249848646
3.575,-0.0397595115475827,-0.0191852001521086,0.481620228237928,0.313498260714788,0.0157061364409893,-9.36275011693119,0.0949550610549321,-0.0479912194705994,-0.101694225369344,-0.132821814613551,0.0282483249491808,1.64038864881155,0.0716106555060997,-0.0292648575508545,-0.104110653663542,11.65892952126,-5.34718542711021,-1.1880217171552,4.63473795487733,11.9923296465985,-0.798535478845455,7.21461166562119,-6.03536767413834,-2.81,0.146801402287365,0.0531963757924063,12.8472204208374,18.3221070996584,0.169792022817398,1.11053315867862,172.910034179688,15.7176713834699,39.4508957159636,-172.910034179688,1.21176326274872,12.8415365219116,8.39000034332275,15.5179996490479,30.8484649658203,991.611167393605
3.6,-0.0396029994579601,-0.0174331387667381,0.482191507086933,0.334365692905438,0.0158480279054819,-9.28114115491618,0.102780922452752,-0.0416281620786852,-0.0989941741547217,-0.130763559867351,0.0269248815070455,1.63815304508592,0.114641227469171,-0.0300569660257354,-0.0949397099891183,11.6641486691951,-5.34336389428923,-1.18986069142582,4.65662280681621,11.9875191885189,-0.796817475216103,7.21451468848827,-6.03489663154189,-2.81,0.145671715570262,0.0547129689267536,12.8472204208374,18.314016128299,0.169792153674752,1.11053317959435,172.929992675781,15.8512569879689,39.8226251530667,-172.929992675781,1.20776784420013,12.8400001525879,7.65999984741211,15.5699996948242,30.8490295410156,991.608201677266
3.625,-0.0400667976853249,-0.0191429733985517,0.482762790069934,0.243067488019179,-0.0931602420766728,-9.16913051076463,0.095657191843906,-0.0306715459787127,-0.0953039362510875,-0.129080533981323,0.0258427076041698,1.63632500171661,0.149827137589455,-0.0307046696543694,-0.0874406695365906,11.6722961133641,-5.34561815079077,-1.17825994057707,4.67785675370576,11.9880299034404,-0.781806680526771,7.21440738110216,-6.03434333532234,-2.81,0.145424939977438,0.0556390942654472,12.8494106123068,18.3126621326276,0.169792153674752,1.11053317959435,172.929992675781,15.8512569879689,39.8226251530667,-172.929992675781,1.20776784420013,12.8400001525879,7.65999984741211,15.5699996948242,30.8465232849121,991.602647807078
3.65,-0.0408790278838009,-0.0237965659936276,0.483334073087635,0.207914985886182,-0.134646737624177,-9.18256716076252,0.0795690701028679,-0.0111607364019951,-0.0870662292566617,-0.129050785203065,0.0263345726855056,1.63491395522953,0.06337184740641,-0.00902668766217196,-0.0944104173854956,11.6832124419393,-5.36652538413403,-1.13502786604113,4.70914096712996,11.994086342616,-0.742441968303489,7.21428745275393,-6.03368954593573,-2.81,0.147977892368705,0.0549577445717502,12.8622095437063,18.318058265458,0.169792153674752,1.11053317959435,172.929992675781,15.8512569879689,39.8226251530667,-172.929992675781,1.20776784420013,12.8400001525879,7.65999984741211,15.5699996948242,30.8440170288086,991.597093936889
3.675,-0.0406992863278191,-0.0264759855206299,0.483905366934825,0.28212409274729,-0.0704494676305347,-9.38010116876019,0.0615456281546179,0.00461234358517947,-0.078284292481813,-0.126357652983253,0.0256708542410017,1.63209326639072,0.0746584356483115,0.00245578100345061,-0.0812831925741445,11.6921784197278,-5.3461029773444,-1.13985322391794,4.72160584207787,11.9883484905531,-0.757005519334909,7.21416752440571,-6.03303575654911,-2.81,0.146727774016333,0.0576867897161179,12.872612953186,18.3084117350346,0.169792153674752,1.11053317959435,172.929992675781,15.8512569879689,39.8226251530667,-172.929992675781,1.20776784420013,12.8400001525879,7.65999984741211,15.5699996948242,30.8415107727051,991.591540066701
3.7,-0.0408642047756004,-0.0225088101934833,0.484476649947289,0.421848654796308,-0.0265304997412344,-9.5753952267671,0.0429578124196106,0.00481084560342216,-0.0762929618860641,-0.127803893072294,0.0263131266566254,1.63063222549813,0.00758473069439759,0.00394287726225598,-0.0851056407015989,11.7004207082005,-5.36314936951288,-1.11185675949529,4.75256255008884,11.9910042983561,-0.726915735507724,7.21406114034989,-6.03245389001022,-2.81,0.149047486458051,0.0569298454657834,12.872612953186,18.3096493803301,0.169792238095058,1.1105331942156,172.944946289062,15.944640717064,40.0624398190136,-172.944946289062,1.20600974559784,12.846981048584,7.65999984741211,15.5270004272461,30.8409957885742,991.590314099088
3.725,-0.039443331198961,-0.018860614194386,0.485047932913915,0.385688504406861,-0.139168926811925,-9.59449431951806,0.032063754180455,0.003761772375941,-0.0702572013799142,-0.126804994809241,0.0266681138230086,1.62744609590316,-0.00683930771748528,0.0105712570878476,-0.0701941331918299,11.7078539637561,-5.37900137818855,-1.10978807636265,4.80535680454482,11.9837759356876,-0.732659635765666,7.21395849725376,-6.03189188870056,-2.81,0.149172718987,0.0574182747578581,12.877126788836,18.2942885147712,0.169792450286637,1.1105332309663,172.982559204102,16.1793619810521,40.6652172227293,-172.982559204102,1.20159101486206,12.8645286560059,7.65999984741211,15.5270004272461,30.843505859375,991.595638470508
3.75,-0.0389650533420223,-0.0193388920513247,0.485619221332458,0.32231695659991,-0.143451600092201,-9.58026401373643,0.00738042213863214,0.00687897735093628,-0.0594348074306712,-0.126817531318442,0.0268172148560891,1.62604676894234,-0.00779023097050918,0.00411090852757109,-0.0589380344957714,11.71014599442,-5.3502198422891,-1.11962773934357,4.79476159760888,11.9773538973781,-0.747791872928708,7.21385585415763,-6.0313298873909,-2.81,0.148809171258716,0.0594949015818831,12.8993396116396,18.2870831747774,0.169792662478217,1.11053326771701,173.020156860352,16.4140832450402,41.2679946264449,-173.020156860352,1.19717216491699,12.8820753097534,7.65999984741211,15.5270004272461,30.8460102081299,991.600962841928
3.775,-0.0389650533420223,-0.0193388920513247,0.486190494811619,0.434444280052125,-0.0785607366423501,-9.72288289585986,0.00981895121318604,0.00496028414899349,-0.048735720981629,-0.126822739839554,0.0268791615962982,1.62546539306641,-0.00818530935794115,0.00142683903686702,-0.0542614832520485,11.707828224484,-5.36855467209508,-1.10572663066935,4.8182366032917,11.9735354648574,-0.732322940766173,7.2137532110615,-6.03076788608124,-2.81,0.149661268108305,0.0587046546603482,12.9166822433472,18.2814162726301,0.169792874669796,1.11053330446772,173.057769775391,16.6488045090282,41.8707720300817,-173.057769775391,1.19275331497192,12.899621963501,8.27999973297119,15.5469999313354,30.848518371582,991.606287213349
3.8,-0.0396117275916068,-0.0111015520545584,0.486761781896342,0.526696897478427,-0.0743992823356171,-9.78766461345957,-0.0144453033495277,-0.0276315320801084,-0.043858107319536,-0.126795649310092,0.0262305173165863,1.62374402211967,-0.0091117193196881,-0.0309874794545877,-0.0382977611290617,11.6989222460345,-5.37305873263061,-1.10567167527602,4.8437292462275,11.9570531689365,-0.724029157584598,7.21365185856927,-6.03020628093774,-2.81,0.149649710623237,0.0591522819135082,12.9166822433472,18.2622372687737,0.16979300015944,1.110533326202,173.080001831055,16.7876181600026,42.2272532903903,-173.080001831055,1.19014000892639,12.9099998474121,8.27999973297119,15.5469999313354,30.8500003814697,991.604122192712
3.825,-0.038975159671056,-0.0129897498790475,0.487333064862151,0.37713112997786,-0.0700939395537959,-9.58707757373244,-0.0106933551191973,-0.0435203007627276,-0.0359547353821762,-0.124913980682516,0.0257019959824129,1.62325684917676,-0.0277769886470057,-0.00353934610883711,-0.0323728730010922,11.6999052187651,-5.40421567566699,-1.10623888040571,4.87964005111672,11.9574579313661,-0.724849259420165,7.21356660957973,-6.02964961895515,-2.81,0.1488062142899,0.0580430553962206,12.9209186754458,18.2573575529994,0.16979300015944,1.110533326202,173.080001831055,16.7876181600026,42.2272532903903,-173.080001831055,1.19014000892639,12.9099998474121,8.27999973297119,15.5469999313354,30.8500003814697,991.591117262519
3.85,-0.038975159671056,-0.0129897498790475,0.487904347874309,0.348054661696635,-0.106906219563066,-9.51954240822224,0.00766717273674837,-0.0249362503903005,-0.0235976341785477,-0.125071771457837,0.0254665990524644,1.62283688072861,-0.0253238650339556,0.00336555353776814,-0.02772448026175,11.7059131071754,-5.41903333053686,-1.10593209855084,4.89904668648037,11.962418516975,-0.719231885578775,7.21348136059018,-6.02909295697256,-2.81,0.14878462848878,0.0573432714756318,12.938923511865,18.2598577290786,0.16979300015944,1.110533326202,173.080001831055,16.7876181600026,42.2272532903903,-173.080001831055,1.19014000892639,12.9099998474121,8.27999973297119,15.5469999313354,30.8500003814697,991.578112332326
3.875,-0.039450660702754,-0.0125142488473494,0.488475637659811,0.454677842294393,0.0389819129326787,-9.63105317820706,0.0154706166969538,-0.00991983688890859,-0.0166212444455365,-0.125277673514915,0.0252208043641902,1.62240389155159,-0.0210147189594633,0.00949431395945295,-0.0227182644213828,11.7121433667523,-5.43233490939868,-1.10804185357193,4.91742406369569,11.967408927536,-0.715811217722256,7.21339611160063,-6.02853629498997,-2.81,0.148644552144792,0.0567219325586506,12.9524030685425,18.2622878838533,0.16979300015944,1.110533326202,173.080001831055,16.7876181600026,42.2272532903903,-173.080001831055,1.19014000892639,12.9099998474121,8.65999984741211,15.5100002288818,30.8500003814697,991.565107402133
3.9,-0.0396206944106401,-0.00474071132248633,0.487737860188748,0.361234656736312,-0.054189239468978,-9.42821632942823,0.0559378099554461,0.00442882360629193,-0.0100159834482147,-0.12360309587137,0.0254648901728097,1.6218803881587,0.0425132324548605,0.0388468843148603,-0.00727278924227429,11.7083077007892,-5.4836678415302,-1.08712100972239,4.97145770380246,11.9637153125777,-0.700741408273787,7.21333005926347,-6.02807978510199,-2.81,0.149361455644999,0.0544530897946208,12.9524030685425,18.2532094246969,0.169793089143005,1.11053334234748,173.093658447266,16.8907368717498,42.4800309113363,-173.093658447266,1.18861722946167,12.9205121994019,8.65999984741211,15.5100002288818,30.8500003814697,991.562464464707
3.925,-0.037870997171534,-0.00870550215992958,0.485651553284963,0.455118898886447,-0.0189480932901524,-9.5880299942465,0.049940046050176,0.0174474588984091,0.00153849025087442,-0.124508955502022,0.0257996948614914,1.62153870490857,0.0529304134425451,0.0107159299589089,0.00105072352771218,11.7055218284336,-5.51647815313573,-1.06718891292691,5.00606495122031,11.9612884011544,-0.675690871927984,7.21326963086142,-6.027652616209,-2.81,0.150939329276228,0.0525787258118027,12.9575565086221,18.2490829051265,0.169793301334584,1.11053338084822,173.126251220703,17.1366353404057,43.082808315052,-173.126251220703,1.18498587608337,12.9455795288086,8.65999984741211,15.5100002288818,30.8500003814697,991.574168901881
3.95,-0.0377112156050233,-0.0091828218544728,0.485872960143957,0.455760448692699,0.00467195854988564,-9.63262281945958,0.0730338846866595,0.00722766377907099,0.00431075588370782,-0.122081693507907,0.026347104874425,1.62176355799163,0.0549815501691965,0.0269109579872513,0.00742358742454425,11.6982275369812,-5.53964879823278,-1.05055753994349,5.02378089055893,11.9559322382864,-0.676178479868438,7.21320920245936,-6.027225447316,-2.81,0.151230618656014,0.0517321929603967,12.9768303745198,18.2411828278204,0.169793513526164,1.11053341934896,173.158843994141,17.3825338076434,43.6855857187676,-173.158843994141,1.18135452270508,12.9706468582153,8.65999984741211,15.5100002288818,30.8500003814697,991.585873339054
3.975,-0.0375503936927911,-0.0106110943513665,0.486566662366488,0.400648501262922,-0.0081151297808339,-9.47274053229556,0.077797485460591,0.0185240119051753,0.0128094419388244,-0.119892357004131,0.0271206310615482,1.62200028347179,0.064459829941308,0.0367928082902715,0.0121943644510534,11.6954579283929,-5.57828853649083,-1.03312736675285,5.05651749943125,11.9559053991637,-0.675535470037776,7.21314877405731,-6.02679827842301,-2.81,0.151692527293388,0.0499613713983518,12.9906415939331,18.2369029399252,0.169793725717743,1.1105334578497,173.191436767578,17.6284322748812,44.2883631224044,-173.191436767578,1.17772328853607,12.9957151412964,8.65999984741211,15.5100002288818,30.8500003814697,991.597577776228
4,-0.0358098201478398,-0.00728080191866715,0.487260361267835,0.530586640624501,0.0408169198820492,-9.63596625534686,0.0850079412226886,0.0175833899510085,0.0157659989277379,-0.117338979097002,0.0276547096885768,1.62238217498615,0.0671583420788349,0.0467036584068263,0.0163918569369966,11.6903107494423,-5.59891210463318,-1.01657013577982,5.06981507463429,11.9533647924685,-0.677231320952302,7.21307700288709,-6.02633148560102,-2.81,0.151898274847178,0.0492137384714341,12.9906415939331,18.2321625755985,0.169793846644127,1.11053347979098,173.210006713867,17.768567961167,44.6318814277927,-173.210006713867,1.17565381526947,13.0100002288818,9.03999996185303,15.4870004653931,30.8500003814697,991.599615297549
4.025,-0.0358092343157845,-0.00756325868410212,0.487954065171171,0.433483597444583,-0.125799305197661,-9.6925679929986,0.0725443742479224,0.0151327699378453,0.0186721926865052,-0.115892494386394,0.0280446564748784,1.62268187299495,0.072366873501594,0.0364615764698125,0.0214549435549048,11.6879347578509,-5.62225410581805,-0.997690672027828,5.0868067128107,11.9536802299567,-0.668485779702366,7.21300220466725,-6.0258541183234,-2.81,0.152551820657667,0.0481110832994487,12.9988342681021,18.231029751671,0.169793846644127,1.11053347979098,173.210006713867,17.768567961167,44.6318814277927,-173.210006713867,1.17565381526947,13.0100002288818,9.03999996185303,15.4870004653931,30.8500003814697,991.588844155366
4.05,-0.0361198853846393,-0.0101452738984067,0.488647591978452,0.586909656550508,-0.00872115325502032,-9.99959495087827,0.0446994593918062,0.00493617062538346,0.019606923492359,-0.115844244092912,0.0284176629657764,1.62303624900126,0.0462055882999443,0.0109549101766999,0.0231981526585965,11.6833241964457,-5.67167732763856,-0.974342836790612,5.12909510889932,11.9538638573809,-0.644091759593539,7.21292740644742,-6.02537675104578,-2.81,0.153948844504891,0.0452712967928881,13.0261919479164,18.2287303015285,0.169793846644127,1.11053347979098,173.210006713867,17.768567961167,44.6318814277927,-173.210006713867,1.17565381526947,13.0100002288818,9.03999996185303,15.4870004653931,30.8500003814697,991.578073013182
4.075,-0.0359627574087588,-0.011560205874338,0.488867208870505,0.525796168855765,-0.0863776381710879,-10.2492834029263,0.0124934563929213,-0.00720634791598567,0.0197507540926456,-0.114766521717482,0.0289481843577617,1.62357686951681,0.0287390596574241,0.0255441650376215,0.0236103650733577,11.675804434383,-5.67821218478113,-0.983778561965631,5.13029161290933,11.9487392541285,-0.664876881608886,7.21285260822758,-6.02489938376817,-2.81,0.153269600181756,0.0449422427877813,13.0449180603027,18.2206009609444,0.169793846644127,1.11053347979098,173.210006713867,17.768567961167,44.6318814277927,-173.210006713867,1.17565381526947,13.0100002288818,9.03999996185303,15.4870004653931,30.8500003814697,991.567301870999
4.1,-0.0351967841427834,-0.00558933748542034,0.48859743779237,0.527748925245509,0.0791477144825106,-10.4652383333448,0.00233131666899802,0.0151433923758398,0.0233045163654409,-0.115782743747655,0.0298409036938468,1.62392310373122,0.0134091379939043,0.0267119812527507,0.0247007544211274,11.682606063414,-5.69182945172669,-0.986391638211073,5.13995474298075,11.9576020045185,-0.670667537635728,7.21277781000775,-6.02442201649055,-2.81,0.153728067833201,0.0438086081926241,13.0449180603027,18.2270822334205,0.169793940383832,1.11053349715018,173.226577758789,17.8794386047263,44.8981699222738,-173.226577758789,1.17474722862244,13.0199460983276,9.17000007629395,15.4879999160767,30.8500003814697,991.562432713264
4.125,-0.0348599008203955,-0.00473951786747416,0.488327662847646,0.586543439007779,0.0784779915140557,-10.4641252475816,0.028949172049996,0.0289822245322151,0.0249179358222959,-0.116248710449424,0.0306790570213085,1.62432200913667,0.00912381378713133,0.0238943293093309,0.0257373584775846,11.6856270918495,-5.71690784871327,-0.98352752524673,5.1597303252562,11.9636827050139,-0.672102207812965,7.21269158486391,-6.02387110910909,-2.81,0.154297119295447,0.0421513255373586,13.0489057607728,18.2301220269986,0.16979415301292,1.11053353652594,173.264175415039,18.1309256728798,45.5021901660184,-173.264175415039,1.17269098758698,13.0425071716309,9.17000007629395,15.4879999160767,30.8500003814697,991.565048999221
4.15,-0.0339120160596882,-0.0028392074666311,0.488057889195261,0.592257069949151,0.153461712981964,-10.2022811862573,0.0781640555947496,0.0238685000479681,0.0308485734768378,-0.114309523314843,0.0312787035352948,1.62495113914993,0.0531141801060188,0.00365628443846506,0.0265388682186168,11.6734857040431,-5.75658083121782,-0.99263325095342,5.19268292578798,11.9560684661245,-0.694465971315519,7.21255209601529,-6.02297741320643,-2.81,0.153392845595055,0.0401586591571095,13.0609331799325,18.2154178217916,0.169794365642007,1.1105335759017,173.301788330078,18.3824127410332,46.1062104096842,-173.301788330078,1.17063474655151,13.0650672912598,8.97999954223633,15.4989995956421,30.8500003814697,991.567665285177
4.175,-0.0339074658852839,-0.00569778292996293,0.487788116820306,0.578428197828631,0.113426780928145,-9.90619557925131,0.112580527463023,-0.0197014247278061,0.0291388580694248,-0.113500460982323,0.0315288864076138,1.62521362304688,0.0714677199721336,-0.00478737708181143,0.0268732719123363,11.653512217872,-5.81407003254581,-0.986259133635459,5.24667159914377,11.9406318341666,-0.688631226233555,7.21241260716666,-6.02208371730378,-2.81,0.153696438710304,0.0371046586062912,13.0687799453735,18.1940510378522,0.169794578271095,1.11053361527745,173.339385986328,18.6338998091867,46.7102306534287,-173.339385986328,1.16857838630676,13.087628364563,8.97999954223633,15.4989995956421,30.8500003814697,991.570281571134
4.2,-0.0339160104978917,-0.00032976452569285,0.487518344478646,0.42763721995368,0.114009701356211,-9.44899931680697,0.149740536652107,-0.0333083109822708,0.0301684552024723,-0.110001982435256,0.0311070493433396,1.62596173378677,0.0931427306446491,-0.0222748422199618,0.0245940017476681,11.6488875833562,-5.82969430864711,-0.975328273389463,5.25113914238735,11.9407043491035,-0.691592551582225,7.21228507284458,-6.02125022834653,-2.81,0.152881644165058,0.0367204567610889,13.0687799453735,18.192458759619,0.169794694874143,1.11053363687061,173.360000610352,18.7718120726421,47.041467561248,-173.360000610352,1.1674507856369,13.1000003814697,8.97999954223633,15.4989995956421,30.8500003814697,991.571460651902
4.225,-0.0345368842929746,-0.00914942815130489,0.487248570158733,0.480232374278994,0.0834977434101755,-9.35187399470272,0.183080211875324,-0.0137298706849857,0.0276309244963636,-0.101913191378117,0.0293883718550205,1.62735271453857,0.211344718933105,-0.0131885372102261,0.0312446635216475,11.6429483818401,-5.90092356021795,-0.93574396551713,5.29866828932008,11.9468234451298,-0.672522553807531,7.21224624593238,-6.02086349921423,-2.81,0.151477433111704,0.034021530827848,13.0713048945219,18.1952841296575,0.169794694874143,1.11053363687061,173.360000610352,18.7718120726421,47.041467561248,-173.360000610352,1.1674507856369,13.1000003814697,8.97999954223633,15.4989995956421,30.8500003814697,991.57089455494
4.25,-0.0345277282517519,-0.0149015669610542,0.486978797146557,0.43280865458771,0.0450346451535424,-9.48011106722144,0.181801883335861,0.0132064013523871,0.0269864611740721,-0.0993198566024396,0.0296725575553558,1.62770284982709,0.2101386085124,-0.0113197023175886,0.030372585808635,11.6407288634702,-5.94862437376426,-0.901146267458715,5.33767007196856,11.9494280031081,-0.652084051079357,7.21220741902018,-6.02047677008194,-2.81,0.152535453011207,0.0317870601091821,13.0782485046798,18.1958228466211,0.169794694874143,1.11053363687061,173.360000610352,18.7718120726421,47.041467561248,-173.360000610352,1.1674507856369,13.1000003814697,9,15.4910001754761,30.8500003814697,991.570328457979
4.275,-0.0345277282517519,-0.0149015669610542,0.48670902413438,0.534772358257662,0.0686230510405606,-9.95138112018708,0.18791935180212,0.0176008932665208,0.0226011573732655,-0.0938545687864167,0.0302714608130829,1.6284407376402,0.207596807643156,-0.00738125184652539,0.0285347375893254,11.6385228733043,-5.95790944166944,-0.904928103099426,5.33688205099964,11.9501416584158,-0.694693296968202,7.21216859210798,-6.02009004094965,-2.81,0.150570919120283,0.0320998522421376,13.082555770874,18.1912190187473,0.169794694874143,1.11053363687061,173.360000610352,18.7718120726421,47.041467561248,-173.360000610352,1.1674507856369,13.1000003814697,9,15.4910001754761,30.8500003814697,991.569762361018
4.3,-0.034526250684597,-0.0149260260913046,0.486439249831387,0.530711963970207,-0.0236404861082401,-9.91384431751816,0.163293243093526,-0.00248129195067934,0.0215874366209844,-0.0884302366767395,0.0308913200439518,1.62917294889431,0.202824181625995,-0.00318590800468223,0.0265443077548282,11.6293622104139,-5.96061600995184,-0.911806092647736,5.33011506376393,11.9433425352333,-0.740838364834417,7.21212936204755,-6.01970104234477,-2.81,0.148513683670315,0.0327719179817864,13.082555770874,18.1795033557397,0.169794793388806,1.11053365608805,173.378540039062,18.8945509830738,47.321320384885,-173.378540039062,1.1655695438385,13.1127500534058,9,15.4910001754761,30.848840713501,991.564201910219
4.325,-0.0333960296811867,-0.0258566653829282,0.486169477472521,0.553223500240752,0.0782057083033688,-9.88842070020278,0.15425101153835,-0.00389221938844099,0.0249412505197536,-0.0852968411049342,0.032315524139883,1.62959826425458,0.106131458597877,0.0127734732560034,0.0189830731603314,11.6240326615899,-6.02375495584772,-0.79463972546657,5.37682682489362,11.9455949574387,-0.653992191864142,7.21203357857916,-6.01899368339816,-2.81,0.154310176791614,0.0297094333388353,13.0872100922618,18.1863354893722,0.169795006455402,1.11053369765135,173.418655395508,19.1600095556439,47.9265834685797,-173.418655395508,1.16150069236755,13.140323638916,8.39999961853027,15.5459995269775,30.8463363647461,991.552834071239
4.35,-0.0319698799905805,-0.0263340654027664,0.485899705101167,0.506535404865809,0.0810127161060292,-10.1131530240661,0.185514739936193,-0.00494194221750807,0.0257292936247074,-0.0818966094897588,0.0324607242657724,1.63009358739343,0.126041720055398,0.0189664516260847,0.0216215469846863,11.6188950053002,-6.0285942174943,-0.786303717814523,5.37439541847038,11.942836537505,-0.667437071493016,7.21193779511076,-6.01828632445154,-2.81,0.15361345225814,0.029938041527682,13.0989716882012,18.1815585787044,0.169795219521998,1.11053373921465,173.458770751953,19.4254681296321,48.5318465522744,-173.458770751953,1.15743184089661,13.1678972244263,8.39999961853027,15.5459995269775,30.8438262939453,991.541466232259
4.375,-0.0314824444415895,-0.0325430219927781,0.485629934014183,0.468835998122697,-0.000484688064402383,-10.0144156361147,0.167637068807377,0.00820953886457584,0.033080423417037,-0.0780282269164074,0.0325394184688192,1.63065718336325,0.144648989249227,0.0217054429551702,0.0236490941770647,11.6153931198117,-6.02645954495266,-0.787586158260869,5.36473301574842,11.9413163643364,-0.693157332771801,7.21184201164236,-6.01757896550493,-2.81,0.15218130955912,0.0306147029033119,13.1058902740479,18.177314322768,0.169795432588594,1.11053378077795,173.498870849609,19.6909267022022,49.137109636048,-173.498870849609,1.15336298942566,13.1954717636108,8.39999961853027,15.5459995269775,30.8413200378418,991.530098393278
4.4,-0.0313221553554532,-0.0345906125324136,0.485360157783896,0.582294209809401,0.181547451814457,-10.0798224681232,0.201325920362764,-0.0229075656605033,0.0266303180104996,-0.0710269693393741,0.032173053787265,1.63167766240013,0.154536609745102,0.00133028814230681,0.0215883088754567,11.6024423996667,-6.07708971173959,-0.747682263054614,5.39854426172986,11.9369036733501,-0.687581497646794,7.21174622817396,-6.01687160655832,-2.81,0.151745813215024,0.0288409733485553,13.1058902740479,18.1694911450953,0.169795544849489,1.11053380267689,173.520004272461,19.8307919712396,49.456011690914,-173.520004272461,1.15121912956238,13.210000038147,8.39999961853027,15.5459995269775,30.8400001525879,991.52421022811
4.425,-0.0324271576879695,-0.0391950123058545,0.485090383488567,0.422156657627743,0.0252406469548209,-10.1987298104822,0.204520497616057,-0.0328522838192698,0.0224847557399424,-0.0672039538621902,0.030531894415617,1.63215160369873,0.251575887203217,-0.0416121184825897,0.0274810567498207,11.5910467113137,-6.12671786708678,-0.707752433522935,5.43898121040155,11.9326012283543,-0.648429265124627,7.21171130931116,-6.01643187768788,-2.81,0.152001905788822,0.026717075854354,13.1056955291255,18.165427313643,0.169795544849489,1.11053380267689,173.520004272461,19.8307919712396,49.456011690914,-173.520004272461,1.15121912956238,13.210000038147,8.39999961853027,15.5459995269775,30.8400001525879,991.52442442696
4.45,-0.033211400744254,-0.0447425598530718,0.485,0.470387820757655,0.0898947140608078,-10.757196127537,0.19330211871984,-0.016186886049932,0.0268328337814618,-0.061987930992266,0.0307131653462862,1.63282302331056,0.176458588506728,-0.0151501407644301,0.0234850778595201,11.5860755791551,-6.13966441121313,-0.70115029085413,5.44220124239833,11.931090597629,-0.675100679146035,7.21167714165431,-6.01599545197377,-2.81,0.150547306026199,0.0267574367968928,13.1052403128693,18.1600313254156,0.169795544849489,1.11053380267689,173.520004272461,19.8307919712396,49.456011690914,-173.520004272461,1.15121912956238,13.210000038147,8.19999980926514,15.543999671936,30.8400001525879,991.524638625811
4.475,-0.033984623956409,-0.0493181211640224,0.485,0.573301041330204,0.258435835616661,-10.83707806678,0.183789269658393,-0.0169734475837794,0.0204877207961708,-0.0573003549315335,0.0297239818822165,1.63342422093903,0.215585920737659,-0.0308103134854518,0.0271449130307836,11.5794978668302,-6.14631258424462,-0.702793296994803,5.44060944400509,11.9278872190311,-0.693630317493937,7.21164297399747,-6.01555902625966,-2.81,0.14841468851138,0.0270854400863252,13.1049871444702,18.1544166404495,0.169795544849489,1.11053380267689,173.520004272461,19.8307919712396,49.456011690914,-173.520004272461,1.15121912956238,13.210000038147,8.19999980926514,15.543999671936,30.8400001525879,991.524852824661
4.5,-0.0338271228958054,-0.0561720017137587,0.485,0.51935434309984,-0.0572336137468639,-10.8764732161501,0.174609219883237,-0.0302957657156605,0.0171730808729579,-0.0529560595750809,0.0293228998780251,1.633868932724,0.21465939283371,-0.0382337272167206,0.0229404252022505,11.5730836067955,-6.16544689584237,-0.696712332608675,5.45290171568031,11.9246904555645,-0.70853940457741,7.21160715494495,-6.0151193370044,-2.81,0.147050469487627,0.02669664358867,13.1049871444702,18.1478912507697,0.169795647522834,1.11053382299986,173.535781860352,19.9605917484425,49.7476781765421,-173.535781860352,1.15107107162476,13.19544506073,8.19999980926514,15.543999671936,30.8400001525879,991.523949142415
4.525,-0.0338276282749663,-0.0558545052090068,0.485,0.659179105430228,0.108061874491783,-10.6732550941584,0.0870331376766891,-0.0580501534022836,0.0132076140384516,-0.0510034778469217,0.0286956559371968,1.63403718621767,0.054909298957978,-0.0503503692985869,0.00629220200078729,11.5633640744201,-6.16668939266447,-0.731436420312349,5.453839565901,11.9151594199252,-0.747700479691416,7.21155316796945,-6.01464374371643,-2.81,0.144284638415706,0.0269601090698894,13.105962935805,18.133407785226,0.169795859714413,1.11053386500067,173.568359375,20.2288446221796,50.3504555802578,-173.568359375,1.15076470375061,13.1653633117676,8.19999980926514,15.543999671936,30.8400001525879,991.521853053666
4.55,-0.0363687395598525,-0.0555332808384981,0.48500191051396,0.571874426850802,0.099332135909967,-10.3947432086269,0.0713484071122341,-0.115882293706979,0.00257234218881379,-0.0496195488902722,0.0253568563852116,1.6341057832609,0.0383924028123102,-0.113681014940943,-0.00166752236929932,11.5504434980207,-6.16195291992756,-0.773248426247669,5.45053454466353,11.9035856669432,-0.759370373559281,7.21149918099396,-6.01416815042847,-2.81,0.140356840791328,0.0275280767326064,13.1080847146376,18.1204850976783,0.169796071905992,1.11053390700148,173.600952148438,20.4970974944984,50.9532329839734,-173.600952148438,1.15045845508575,13.1352825164795,8.19999980926514,15.543999671936,30.8400001525879,991.519756964918
4.575,-0.0389064366336271,-0.0561639166505317,0.486169537314513,0.347911093192327,0.131010565671654,-9.73263532515172,0.00970445328499199,-0.145402264899628,-0.00137251174651312,-0.0496972501277924,0.024840984493494,1.63404977321625,-0.0126432245597243,-0.118366420269012,-0.00870115496218204,11.5450083061671,-6.13085829694683,-0.853053683967523,5.42464545162097,11.8945347299461,-0.834030045474189,7.21144519401846,-6.01369255714051,-2.81,0.135875321817888,0.0292828527580277,13.1091966629028,18.1052952239552,0.169796284097572,1.11053394900228,173.633529663086,20.7653503696536,51.5560103876102,-173.633529663086,1.1501522064209,13.1052026748657,8.4399995803833,15.5369997024536,30.8400001525879,991.517660876169
4.6,-0.0389104791652405,-0.0536242597816208,0.487788152498157,0.490691727811371,0.20249919237095,-9.28063037387108,0.000651748200730262,-0.158599723912475,-0.00808135616827407,-0.0496384296570854,0.0191193683589253,1.63381591590282,0.00771662724436266,-0.145039935690706,-0.0105685741520064,11.5434527521191,-6.12848701056456,-0.855936809360575,5.42498723436706,11.8960815307214,-0.771388373043591,7.21139120704297,-6.01321696385255,-2.81,0.133599191409989,0.0295940258733438,13.1091966629028,18.1132589305984,0.169796391334176,1.1105339702285,173.649993896484,20.9009190249924,51.8606398282375,-173.649993896484,1.14999747276306,13.0900001525879,8.4399995803833,15.5369997024536,30.8400001525879,991.518016722646
4.625,-0.0409860470120505,-0.0537806341818376,0.488665471935189,0.364992900638864,0.091707900105262,-8.84638452922024,-0.0247948302961043,-0.164639247133549,-0.0168806010592127,-0.0501217796860951,0.0139802289280238,1.63349314993474,-0.0058117453393678,-0.159188511779267,-0.0158417050847173,11.5425135395872,-6.1281997016002,-0.871679428839649,5.42942354618352,11.8970672005826,-0.724863712623562,7.21134057073536,-6.01273409630017,-2.81,0.131034071104249,0.029718868320742,13.1091661556069,18.1186093316552,0.169796391334176,1.1105339702285,173.649993896484,20.9009190249924,51.8606398282375,-173.649993896484,1.14999747276306,13.0900001525879,8.4399995803833,15.5369997024536,30.8400001525879,991.520877807288
4.65,-0.0474851552322015,-0.0520177388502561,0.488285135246573,0.220334784122032,0.14674382501184,-8.54044233976395,-0.0500683942302506,-0.143733898074027,-0.0196156252443901,-0.0516446061677644,0.0106704108579198,1.63293327086505,-0.0563908210772161,-0.134994505299908,-0.0235951046530222,11.5451233350535,-6.12379263731486,-0.933624555816932,5.43545967822391,11.8983784612693,-0.739413264999893,7.21130570342648,-6.01221699441904,-2.81,0.126988079942748,0.0299516508124387,13.1091041462119,18.11712968739,0.169796391334176,1.1105339702285,173.649993896484,20.9009190249924,51.8606398282375,-173.649993896484,1.14999747276306,13.0900001525879,8.4399995803833,15.5369997024536,30.8400001525879,991.523738891931
4.675,-0.0497054975905615,-0.0526546487928475,0.487713854812433,0.259077020978593,0.188853874881833,-8.16788501186596,-0.0652240307534423,-0.136373871903141,-0.0256646326185869,-0.0531981713838243,0.0082286294008874,1.63244139025685,-0.0625442750768124,-0.131872846616511,-0.0264853897937855,11.5487567480426,-6.11897288358583,-0.945829858433746,5.43777223715304,11.9008759844732,-0.714135558322214,7.21127083611759,-6.01169989253791,-2.81,0.125989318104234,0.0301536270644722,13.109073638916,18.1217636997092,0.169796391334176,1.1105339702285,173.649993896484,20.9009190249924,51.8606398282375,-173.649993896484,1.14999747276306,13.0900001525879,7.76999998092651,15.539999961853,30.8400001525879,991.526599976573
4.7,-0.0516184548254704,-0.0472569642887842,0.487142566384518,0.233775389558889,0.135288932095027,-7.83839724372479,-0.0714212785622379,-0.144743602688508,-0.0321301409503341,-0.0547125828840422,0.00454720122471531,1.63176651353517,-0.0523594649187765,-0.133188422444895,-0.028197912156955,11.543524767834,-6.10060470547535,-0.96102690105239,5.42941960283428,11.89348602782,-0.678459597189694,7.21123585764028,-6.01117960490901,-2.81,0.124426304143931,0.0312137876590418,13.109073638916,18.1189233972257,0.169796497907462,1.11053399145471,173.670257568359,21.0364876817495,52.1633849630424,-173.670257568359,1.1494003534317,13.0988674163818,7.76999998092651,15.539999961853,30.8400001525879,991.52765172254
4.725,-0.0543158485934359,-0.0480458027697821,0.486571282034519,0.0349486771441828,0.056977545453867,-7.61558073278854,-0.0775206762291627,-0.127308449542248,-0.0315041535726457,-0.0586998676420082,0.00163204219894547,1.6306980742343,-0.116015202994385,-0.111164542322389,-0.0364465625348642,11.552941524315,-6.10881058216087,-0.948969103904869,5.45135478366566,11.8996582758817,-0.607808269912607,7.2112002666089,-6.01064176334867,-2.81,0.125469868096584,0.0304709872094543,13.1086310260701,18.1307901657693,0.169796708786516,1.11053403345552,173.710372924805,21.3047405540683,52.7624338466712,-173.710372924805,1.14821910858154,13.1164150238037,7.76999998092651,15.539999961853,30.8400001525879,991.5269326264
4.75,-0.0551156611014377,-0.0412416677689448,0.486000003123493,-0.0108472182474205,0.146338817054567,-7.6778690355085,-0.0954029761192025,-0.0783984119248515,-0.0334438786304562,-0.0603563991847596,-0.000461233999171665,1.62997002765382,-0.0881325825830612,-0.0681276151808384,-0.0337425085091812,11.5620088337243,-6.08810492695444,-0.949354121780909,5.43976398717064,11.9048148823658,-0.575059563655577,7.21116467557751,-6.01010392178833,-2.81,0.12526763499651,0.0316045017325924,13.1077864484967,18.1404833152904,0.16979691966557,1.11053407545633,173.75048828125,21.5729934278053,53.3614827304577,-173.75048828125,1.14703786373138,13.1339616775513,7.76999998092651,15.539999961853,30.8400001525879,991.52621353026
4.775,-0.0549709672547853,-0.0382153165539555,0.48542871878271,0.0562158434612901,0.216217427929563,-7.86782254082582,-0.0708757321879545,-0.0284759734324838,-0.0388386864340754,-0.0623594270333247,-0.000674706071206325,1.62930181179088,-0.102449561312604,-0.026403166745259,-0.0374990141591642,11.5739750421439,-6.09350967380415,-0.920958440670123,5.45177923907594,11.9134969116149,-0.531617659298809,7.21112908454613,-6.00956608022799,-2.81,0.127438269209036,0.031170211175914,13.1073980331421,18.1527552999192,0.169797130544624,1.11053411745714,173.790588378906,21.8412463015424,53.9605316140864,-173.790588378906,1.14585661888123,13.1515102386475,7.76999998092651,15.539999961853,30.8400001525879,991.52549443412
4.8,-0.053541040630296,-0.0389936983165654,0.48485743443271,0.144219686593341,0.20406347722688,-8.14296610776346,-0.0865577537524511,-0.00195905948460877,-0.0401347483204618,-0.0620901511569126,-0.000673720163250459,1.6289179543708,-0.101558626135076,0.0141437438606848,-0.0386342733974197,11.5796568157892,-6.07660039579898,-0.917931399658527,5.43884097688851,11.9160750583645,-0.531306340728439,7.21107022826014,-6.00897510301471,-2.81,0.127497238721839,0.0322784534412574,13.1073980331421,18.1560090493528,0.169797232582876,1.11053413778011,173.809997558594,21.9710460787453,54.2503939771657,-173.809997558594,1.14528501033783,13.1599998474121,7.1399998664856,15.5480003356934,30.8400001525879,991.524080425581
4.825,-0.0532196798850113,-0.0380427187428513,0.48428615008271,0.163210813175134,0.307693506813035,-8.51124874263433,-0.0353910701660887,0.0108296506938119,-0.0413417323930118,-0.0652639455243332,0.00031489267521579,1.62742912598559,-0.0964200992950697,0.0443687543414729,-0.041615166147954,11.5838731909255,-6.09640353718631,-0.871546145069138,5.47475263562398,11.9127073661513,-0.475745374982602,7.21100763929426,-6.00837560071169,-2.81,0.131632962876444,0.0311224492296112,13.1095615937061,18.1556751677643,0.169797232582876,1.11053413778011,173.809997558594,21.9710460787453,54.2503939771657,-173.809997558594,1.14528501033783,13.1599998474121,7.1399998664856,15.5480003356934,30.8400001525879,991.522014936668
4.85,-0.05227298608122,-0.0351905241910467,0.483714865744412,0.13042491253919,0.116944741349196,-8.82913257804515,-0.0109476800874118,0.0395523862020062,-0.0438363846653187,-0.0664441073433074,0.00156488669914443,1.62649433803544,-0.0847866296445299,0.0645528810846027,-0.0445160109543786,11.5916775378706,-6.09441165126353,-0.843262444568089,5.48217478571813,11.9146446776063,-0.454900970183646,7.21094505032838,-6.00777609840866,-2.81,0.134084120935916,0.0313129801391544,13.1134518420279,18.1589731136035,0.169797232582876,1.11053413778011,173.809997558594,21.9710460787453,54.2503939771657,-173.809997558594,1.14528501033783,13.1599998474121,7.1399998664856,15.5480003356934,30.8400001525879,991.519949447755
4.875,-0.0503702188725805,-0.0332877569824071,0.483143585459444,0.130569519449569,0.137684966299885,-9.37004123251484,0.00475991378775622,0.0902647938012906,-0.0452256954543437,-0.0674842742427301,0.00325191845321707,1.62544406956191,-0.0692443266393433,0.0888882755798238,-0.0474517321036749,11.6061884547954,-6.08895286407422,-0.815394265670592,5.48706520590722,11.9223210954775,-0.440681699288343,7.2108824613625,-6.00717659610564,-2.81,0.136579575564201,0.0317392133191499,13.1151161193848,18.1673361452024,0.169797232582876,1.11053413778011,173.809997558594,21.9710460787453,54.2503939771657,-173.809997558594,1.14528501033783,13.1599998474121,7.21999979019165,15.5459995269775,30.8400001525879,991.517883958842
4.9,-0.0497373717439226,-0.0326549098537493,0.48257229703271,0.205544680633776,0.124932328894847,-9.90499197945987,0.0191907395814315,0.130163852823287,-0.0474444636272935,-0.0675305559727649,0.00782216051252485,1.62364101305479,-0.0277184943540711,0.140394722083211,-0.0504304635182601,11.6279886905696,-6.07533007601887,-0.763741989895937,5.49045845235734,11.9315416863168,-0.442986815093935,7.21082002257513,-6.00657759628522,-2.81,0.141067326919776,0.0329898191407373,13.1151161193848,18.1752171581706,0.169797344152225,1.11053415990956,173.824523925781,22.1123836136382,54.5673315430147,-173.824523925781,1.14551556110382,13.1599998474121,7.21999979019165,15.5459995269775,30.8400001525879,991.513408157061
4.925,-0.0440209300610988,-0.0336174221582853,0.48200101268271,0.294004031953188,0.0738660752119337,-10.5077529929631,-0.00751381725156373,0.131074677197632,-0.0485765352230251,-0.0654568191269054,0.0107360985212764,1.62270369268563,-0.00604170368195902,0.141581096307597,-0.043599297739308,11.6354546590947,-6.06457518671746,-0.686994228328072,5.48481379669507,11.9323290298231,-0.413738961881996,7.2107850799531,-6.00607059594977,-2.81,0.145579346770701,0.0342125528884237,13.1146328815553,18.1798576718125,0.169797555906296,1.11053420191037,173.852111816406,22.3806364873753,55.1688661067014,-173.852111816406,1.14595305919647,13.1599998474121,7.21999979019165,15.5459995269775,30.8400001525879,991.506767992703
4.95,-0.0411633089394851,-0.034892116046639,0.481429760268411,0.421797381571172,0.19114898846748,-10.8607234500553,-0.0399385612353934,0.103193496273438,-0.0479462311856816,-0.0671159010114838,0.0136919251468552,1.62130030515839,-0.0472950830138667,0.105161000525897,-0.0477764121633636,11.6371256287256,-6.05806989207141,-0.668205952392678,5.49424378487948,11.9250376923989,-0.419719165582909,7.21075013733107,-6.00556359561431,-2.81,0.148386725834757,0.034706155027624,13.1138113772451,18.1704787794677,0.169797767660367,1.11053424391118,173.879669189453,22.6488893611123,55.770400670388,-173.879669189453,1.14639055728912,13.1599998474121,7.21999979019165,15.5459995269775,30.8400001525879,991.500127828346
4.975,-0.0402126478526037,-0.0333049835645274,0.481150401800792,0.553636004824585,0.198360945291281,-10.9332706066056,-0.0442286585976299,0.0702903150845529,-0.0526413992363959,-0.0674806148499057,0.015394006731854,1.62029687325649,-0.0764842305177461,0.0973202967206752,-0.0517998026333557,11.634522258109,-6.05216418324376,-0.682867117201495,5.50157850437992,11.9157535367677,-0.452281534314797,7.21071519470904,-6.00505659527885,-2.81,0.148444797469707,0.0353029000447593,13.113486289978,18.1558646276767,0.169797979414437,1.11053428591199,173.907257080078,22.9171422348493,56.3719352340747,-173.907257080078,1.14682805538177,13.1599998474121,7.46999979019165,15.5699996948242,30.8400001525879,991.493487663989
5,-0.0408474570184724,-0.0326701743986588,0.481757387037067,0.573474414110811,0.161721532006672,-11.0170626105143,-0.053495975875252,0.0487949619373473,-0.0548098992071349,-0.0697018520520508,0.0173871583559627,1.61889588904051,-0.110547404214345,0.080759101263914,-0.0570083295850284,11.6296905448149,-6.05000999142216,-0.68357179503486,5.51702676417291,11.9024327254911,-0.462714125558934,7.21067511815276,-6.00453560888892,-2.81,0.150095311575387,0.0354814763755554,13.113486289978,18.1393966451968,0.169798077322234,1.11053430533172,173.919998168945,23.0411731324982,56.6500641183574,-173.919998168945,1.14703035354614,13.1599998474121,7.46999979019165,15.5699996948242,30.8400001525879,991.493683108101
5.025,-0.0395848080656996,-0.0288615946768368,0.482364385213244,0.505506492833839,0.119402363572591,-11.1919215088341,-0.0278210088267825,0.040150433293888,-0.050370689702131,-0.0711607674034699,0.0183045862799023,1.61753071451158,-0.00937042050633263,0.0435611636855544,-0.044821790508841,11.6428193127454,-6.03271787997403,-0.710647114470105,5.51776059965823,11.9065208339671,-0.492976150607729,7.21060943829056,-6.00394487302159,-2.81,0.149485058154656,0.0366150579466116,13.1200072733218,18.1388841594605,0.169798077322234,1.11053430533172,173.919998168945,23.0411731324982,56.6500641183574,-173.919998168945,1.14703035354614,13.1599998474121,7.46999979019165,15.5699996948242,30.8400001525879,991.499757175497
5.05,-0.0386343234817497,-0.027911110092887,0.482971371966177,0.495098156562149,0.207684360005736,-11.3128005218779,0.0193029891449168,0.026442750168722,-0.0427247829665894,-0.070562375827236,0.0190570593050129,1.61652777044938,0.0117432096162229,0.0294030870825682,-0.0440980231711793,11.6450018895325,-6.03945650650822,-0.725448813985551,5.53722126254244,11.9027930409384,-0.519690674506158,7.21054375842835,-6.00335413715427,-2.81,0.148794320662207,0.0367044512751808,13.1305195481951,18.1294134418408,0.169798077322234,1.11053430533172,173.919998168945,23.0411731324982,56.6500641183574,-173.919998168945,1.14703035354614,13.1599998474121,7.46999979019165,15.5699996948242,30.8400001525879,991.505831242893
5.075,-0.0391093472737097,-0.0302979281225938,0.48357836153638,0.60703677448098,0.215414532879023,-11.1446701030795,0.0755115483940549,-0.0116895295534492,-0.041919825171132,-0.068560722370516,0.0186540793225556,1.61549213923566,0.0874447189709912,0.00164260366322718,-0.0401023297673577,11.6404243919084,-6.0406930053639,-0.733036171385796,5.55090064114291,11.8923733626513,-0.534557679591332,7.21047807856614,-6.00276340128694,-2.81,0.147616435770797,0.0374098283819683,13.1343421936035,18.1154010395675,0.169798077322234,1.11053430533172,173.919998168945,23.0411731324982,56.6500641183574,-173.919998168945,1.14703035354614,13.1599998474121,7.46999979019165,15.5699996948242,30.8400001525879,991.511905310289
5.1,-0.0395827867998929,-0.0301314231112923,0.484185351106583,0.497635005407972,0.0832800956340488,-10.7827656036185,0.0918233122382106,-0.03586360105827,-0.0442300202729866,-0.0670040682194629,0.0186675158195277,1.61432625522718,0.0658603376464802,-0.00333870699092987,-0.0456157157423601,11.6357920723665,-6.05495769007089,-0.722368044887655,5.57796660989555,11.8818656299334,-0.532487580389749,7.21041239870394,-6.00217266541961,-2.81,0.147758829612089,0.0373444223782696,13.1343421936035,18.1022310178754,0.16979819320551,1.11053432884426,173.933746337891,23.1913442639424,56.9792563538862,-173.933746337891,1.14616668224335,13.1531267166138,8.56999969482422,15.503999710083,30.8400001525879,991.509563929308
5.125,-0.0395812723979758,-0.0310828222836142,0.484792340676786,0.396684290898847,0.104128100358763,-10.6696946992072,0.106200001611694,-0.00942632581975055,-0.0429181832605228,-0.0657434612512589,0.0186783969402313,1.61338210105896,0.0483809113502502,-0.00737266335636377,-0.050080556422472,11.647706128332,-6.05472268748168,-0.733352637406634,5.5887750960272,11.8881448038801,-0.551486185758966,7.21036244590721,-6.0016360600878,-2.81,0.146673056687658,0.0379154064625755,13.1369150269706,18.1045488632885,0.169798404522072,1.11053437172009,173.958801269531,23.4651857385951,57.5795480776228,-173.958801269531,1.14459156990051,13.1405925750732,8.56999969482422,15.503999710083,30.8400001525879,991.500292179077
5.15,-0.0395767230024726,-0.0339409084146585,0.484645039712993,0.538022194879423,0.0840746570075662,-10.7980084052475,0.106141287584568,0.0164702894094691,-0.0413007963589939,-0.0638284984450467,0.0190786780045883,1.61246401119425,0.0518898467509615,0.0084658950597821,-0.0484399093053067,11.6679700312688,-6.02068789337233,-0.78244934041168,5.56744506093959,11.9005208485799,-0.619349139202691,7.21033185706195,-6.00116610298503,-2.81,0.143333467152749,0.0404517252765264,13.1408586322137,18.109898506911,0.169798615838635,1.11053441459591,173.98388671875,23.739027214666,58.1798398013593,-173.98388671875,1.14301657676697,13.128059387207,8.56999969482422,15.503999710083,30.8400001525879,991.491020428845
5.175,-0.038617892316879,-0.0368052486508963,0.484105488206479,0.502860157410585,0.0290962132546109,-10.6347381355971,0.0983293050354692,0.00429468441344217,-0.0428629181697659,-0.0607421225481919,0.0193787663530838,1.61102185924624,0.0487524717120149,0.00825826829908958,-0.047497312641786,11.6692580191853,-6.0158734886336,-0.779220886720954,5.57831956592116,11.8930230354774,-0.638635763117834,7.21030126821669,-6.00069614588226,-2.81,0.142569562967389,0.0418104505621172,13.1421661376953,18.0987119173491,0.169798827155197,1.11053445747174,174.00895690918,24.0128686893188,58.7801315250171,-174.00895690918,1.14144158363342,13.1155252456665,8.56999969482422,15.5139999389648,30.8400001525879,991.481748678613
5.2,-0.0389421355650429,-0.0345808626153621,0.483565944415091,0.48419310879136,-0.00791065001662039,-10.4395954204419,0.0899366501258068,-0.0172667734253738,-0.0422105671178142,-0.0584542643923474,0.0192654506205167,1.60998936324529,0.0378706784148707,-0.0169378877509573,-0.0484544491909003,11.6704614838416,-6.00862005341466,-0.77238456448862,5.58195811297628,11.8880513773826,-0.644780723406906,7.21026458121669,-6.00019513462018,-2.81,0.142117360991527,0.0430095959136242,13.1421661376953,18.0922336858781,0.169798920316262,1.11053447637398,174.020004272461,24.1335945008163,59.0447762634174,-174.020004272461,1.14074718952179,13.1099996566772,8.56999969482422,15.5139999389648,30.8400001525879,991.479055564037
5.225,-0.0405213486661181,-0.0396590529966489,0.483026400609229,0.530452340450336,0.0403889919122977,-10.4068986567716,0.0527044840878221,-0.0353794274812346,-0.0425943030511556,-0.0545859262986714,0.0176148737093035,1.6093691275905,0.0823572267367413,-0.0248310099836572,-0.0416072932595074,11.6773084055366,-5.99239089116112,-0.797649278425325,5.57257525926773,11.8909681380869,-0.675134268613722,7.21020002091822,-5.99955218175615,-2.81,0.138686510693325,0.0448633202163809,13.1398698338922,18.0917158905875,0.169798920316262,1.11053447637398,174.020004272461,24.1335945008163,59.0447762634174,-174.020004272461,1.14074718952179,13.1099996566772,8.56999969482422,15.5139999389648,30.8400001525879,991.481549450651
5.25,-0.0414693508579338,-0.0415488065920501,0.482486854237846,0.433439407959452,-0.00399246345867141,-10.1433410953675,0.0403756111783973,-0.0407705203944022,-0.0454817168315848,-0.0551149255047144,0.0172306652717033,1.60800585406936,0.0301925181959867,-0.0279525972803544,-0.0430815616118894,11.6860911160115,-5.99708746150965,-0.797527780187239,5.59336900389363,11.8926386776931,-0.667235056790317,7.21013546061975,-5.99890922889212,-2.81,0.138777572227272,0.0449844281521196,13.136515077555,18.0917899023584,0.169798920316262,1.11053447637398,174.020004272461,24.1335945008163,59.0447762634174,-174.020004272461,1.14074718952179,13.1099996566772,8.56999969482422,15.5139999389648,30.8400001525879,991.484043337264
5.275,-0.0419446219231803,-0.0429943570295791,0.481947304006478,0.328679843381619,-0.0166536947461144,-9.79613121323425,0.0285832756926144,-0.0351815938445727,-0.0414660310481073,-0.0541734342588786,0.0165815981597646,1.60737352691003,0.0427111284599437,-0.0243732353858811,-0.0381863868967395,11.6861199795998,-5.98419843249463,-0.812277063375034,5.58837942897079,11.88875135751,-0.680758108227924,7.21007090032128,-5.99826627602808,-2.81,0.137427749604218,0.0461123862135187,13.1355104446411,18.086153656442,0.169798920316262,1.11053447637398,174.020004272461,24.1335945008163,59.0447762634174,-174.020004272461,1.14074718952179,13.1099996566772,8.56999969482422,15.5139999389648,30.8400001525879,991.486537223878
5.3,-0.0414671317347586,-0.0447229137686026,0.48140776402575,0.275004616878485,0.0440033671337492,-9.6537913596886,0.0311626505712313,-0.0350600993962722,-0.036287152734272,-0.0558612347943587,0.0165932032396604,1.60662307072111,0.017564154438819,-0.0381051551891755,-0.0383843338761444,11.6854922618539,-6.00113826796523,-0.797182777954127,5.61418036372914,11.8849578841557,-0.654710034989306,7.21003177105969,-5.99787326532759,-2.81,0.138947096136247,0.04513363369588,13.1355104446411,18.0828002938838,0.169799039995982,1.11053450080859,174.037139892578,24.2896546956826,59.3847531429184,-174.037139892578,1.1392263174057,13.1157140731812,7.67999982833862,15.5620002746582,30.8400001525879,991.487479073661
5.325,-0.043059683208727,-0.0412394177216994,0.48086821644095,0.259806059143055,0.0798592319308271,-9.60297606646925,0.0335994756079314,-0.0484464069548801,-0.0332694723211486,-0.0542928178111152,0.0148969121420128,1.60513654867987,0.0422508650544398,-0.0525139128854402,-0.0326700092974752,11.6875643638056,-5.98586339551285,-0.819109349219708,5.61696512828476,11.8787758196268,-0.667120115496803,7.20999948856837,-5.99754754628261,-2.81,0.136628291022099,0.0468306628978796,13.1356406481761,18.0746405152361,0.16979925000002,1.11053454368442,174.067230224609,24.5634961703353,59.9813163465681,-174.067230224609,1.13655745983124,13.1257419586182,7.67999982833862,15.5620002746582,30.8400001525879,991.487249574893
5.35,-0.0440079842953227,-0.0421877188082951,0.480328668752315,0.290727736097244,0.0976128975025462,-9.51260304119373,0.0300785046794312,-0.0525625430909922,-0.0325365877498362,-0.052502676654819,0.0143283814146381,1.60451951127721,0.064390782967765,-0.0336932857925656,-0.0284213540354067,11.6856525975563,-5.97971836232329,-0.823112520233134,5.61753780370274,11.8733282568493,-0.675549904537834,7.20996720607705,-5.99722182723763,-2.81,0.135588098376223,0.0477355412244099,13.1358223501241,18.0678794804322,0.169799460004057,1.11053458656024,174.097305297852,24.8373376449881,60.5778795502177,-174.097305297852,1.13388872146606,13.1357669830322,7.67999982833862,15.5620002746582,30.8400001525879,991.487020076125
5.375,-0.0440079842953227,-0.0421877188082951,0.479789122380933,0.196186509534672,0.00927505480915902,-9.39205396679359,0.0484537664401078,-0.032281307174708,-0.030767441760883,-0.0507125354985228,0.0137598506872634,1.60390247387454,0.0865307008810894,-0.0148726586996917,-0.0241726987733384,11.6895811089657,-5.9789696676997,-0.823471435978196,5.62307746318749,11.8739596411532,-0.68012666430082,7.20993492358573,-5.99689610819265,-2.81,0.134702641297027,0.0483237787735677,13.1358709335327,18.067151469993,0.169799670008094,1.11053462943606,174.127380371094,25.111179121059,61.1744427538674,-174.127380371094,1.1312198638916,13.1457948684692,6.84000015258789,15.5869998931885,30.8400001525879,991.486790577356
5.4,-0.0440079537209473,-0.0422069266786251,0.479249578584514,0.122059449283695,-0.0711449044234075,-9.42399251217199,0.0520344857110392,-0.00646352235554823,-0.027481743557468,-0.0489223943422266,0.0131913199598887,1.60328543647187,0.108670618794415,0.00394796839318289,-0.01992404351127,11.6945146195473,-5.97440859603759,-0.82794422851341,5.62496353581939,11.8754276602849,-0.689002910577456,7.20990264109441,-5.99657038914767,-2.81,0.133582598751324,0.0491195274438224,13.1358709335327,18.0670687965616,0.169799758074303,1.11053464741625,174.139999389648,25.2260158677163,61.4246144199243,-174.139999389648,1.1301007270813,13.1499996185303,6.84000015258789,15.5869998931885,30.8400001525879,991.483958118367
5.425,-0.0436785171731159,-0.0482077714156312,0.478710030920517,0.0701971031984266,-0.0957754831856444,-9.51201386672375,0.0572309735424075,0.00378610063144792,-0.02321277997916,-0.0502171043303379,0.0142589565477648,1.6024548870892,0.0131203902941222,0.013318392823224,-0.0286110752840403,11.6935349333933,-5.98381894186075,-0.758164842678212,5.64142394609834,11.8703499304038,-0.623530822240382,7.20987270831821,-5.99624193418598,-2.81,0.138349719395932,0.0486300662831661,13.1265475974893,18.0680874428045,0.169799758074303,1.11053464741625,174.139999389648,25.2260158677163,61.4246144199243,-174.139999389648,1.1301007270813,13.1499996185303,6.84000015258789,15.5869998931885,30.8400001525879,991.479245743662
5.45,-0.0430500753877165,-0.0463255942241046,0.478170483266785,0.0737700845206958,-0.0851815031465679,-9.56729430267065,0.0437481870559669,0.0102120821664581,-0.0191755567699011,-0.0471529103097204,0.013830940579536,1.60237833109062,0.0717850093474126,0.0140689241548308,-0.0192151687445553,11.6846201445072,-5.95755567343206,-0.780582275828951,5.61603187351453,11.8598526977964,-0.660459079009306,7.20985355014712,-5.99590093369402,-2.81,0.135883406011866,0.050704139485716,13.1140942843455,18.0551580291173,0.169799758074303,1.11053464741625,174.139999389648,25.2260158677163,61.4246144199243,-174.139999389648,1.1301007270813,13.1499996185303,6.8899998664856,15.5649995803833,30.8400001525879,991.474533368956
5.475,-0.0428884370679047,-0.0467869710573638,0.477630933039948,0.0771416393355788,0.0039260557076744,-9.51108255025419,0.0372086394231841,0.0139152150852599,-0.0167354525733812,-0.0491697788238525,0.0145277045667171,1.60167753696442,0.0421701855957508,-0.000392406946048141,-0.0194173213094473,11.6879096403905,-5.96009417690788,-0.751671272397325,5.62634362026341,11.8594004571286,-0.627568582285538,7.20983439197602,-5.99555993320207,-2.81,0.138506679054828,0.0504251315960933,13.1111640930176,18.0574101259678,0.169799758074303,1.11053464741625,174.139999389648,25.2260158677163,61.4246144199243,-174.139999389648,1.1301007270813,13.1499996185303,6.8899998664856,15.5649995803833,30.8400001525879,991.469820994251
5.5,-0.043365761910292,-0.046632895224313,0.47704143491069,0.118817937139912,0.0612939222225916,-9.56818336053438,0.0335711211844399,0.0136819601874353,-0.0133941098555579,-0.0469523517278691,0.0148246446055103,1.60114642155296,0.060770919492235,-0.00180533189901415,-0.012482490462089,11.6850232422051,-5.9542806223442,-0.750722107995887,5.62586201231436,11.852943409145,-0.64359827682599,7.20981257617936,-5.99521003882649,-2.81,0.137887047663396,0.0513472308321718,13.1111640930176,18.048788804717,0.169799882270239,1.1105346732904,174.159271240234,25.3912702135742,61.777420615609,-174.159271240234,1.13020420074463,13.1455516815186,6.8899998664856,15.5649995803833,30.8400001525879,991.46981375558
5.525,-0.0414622636289917,-0.0460012466432749,0.476193317979451,0.160820631951378,0.147386812949729,-9.71839521467621,0.0287272219775861,0.0133673549791204,-0.0104240296418012,-0.0456883277095837,0.0154726896437539,1.60108641339507,-0.0274598802060142,0.024929859895903,-0.0166942193630232,11.6586930930424,-5.95635933678247,-0.726295192425729,5.62773669974698,11.8261443632435,-0.63382571044081,7.20976085142672,-5.99476005255771,-2.81,0.139194477381549,0.0515405736199308,13.1075056646712,18.0228513047232,0.169800092274276,1.11053471704124,174.191864013672,25.6707002905608,62.3739838193376,-174.191864013672,1.13037919998169,13.138032913208,6.8899998664856,15.5649995803833,30.8400001525879,991.47305733817
5.55,-0.0417782242036978,-0.0475932167775662,0.475222128578362,0.225255193463557,0.125784190008981,-9.88060943201278,0.0273411841474211,0.0167794462508213,-0.00943229194629507,-0.0449975203989131,0.0153192860044664,1.60087542796303,0.0640476183074604,0.0135918535319217,-0.00685582958232371,11.6592981814365,-5.95593844699777,-0.726897608728648,5.62950504185037,11.8255644372102,-0.636801167415399,7.20970912667408,-5.99431006628893,-2.81,0.138855897271574,0.0517650443648785,13.1028198694604,18.0213141983624,0.169800302278314,1.11053476079208,174.224456787109,25.9501303661293,62.9705470230661,-174.224456787109,1.13055419921875,13.1305122375488,6.8899998664856,15.5649995803833,30.8400001525879,991.476300920759
5.575,-0.041142206154356,-0.0463128971130436,0.474250955366818,0.225904820761917,0.0211563518555834,-10.0077547888017,0.00917355858736412,0.0200441036051853,-0.00593749885404043,-0.0466939402698044,0.0165113077373018,1.60038547906238,-0.0259735544354142,0.0311492909892991,-0.0135042123883077,11.6595397259335,-5.96951778537819,-0.681790775026613,5.64750907863259,11.8235625564879,-0.594859269960888,7.20965740192145,-5.99386008002015,-2.81,0.142443274171019,0.0508513080927766,13.1018676757812,18.0224222912954,0.169800512282351,1.11053480454293,174.257049560547,26.229560443116,63.5671102267158,-174.257049560547,1.13072919845581,13.1229915618896,6.8899998664856,15.5649995803833,30.8400001525879,991.479544503348
5.6,-0.0414683224015184,-0.0421949181501501,0.473423457617467,0.289173629896495,0.0580349505135453,-10.1870546604415,-0.00141096735410422,0.0102793116210268,-0.00232224396040582,-0.0466139633670608,0.0170724781341177,1.60040523896642,-0.000793168434062897,0.0187404041081314,-0.0039481008277283,11.6526727265477,-5.94959064802075,-0.703946098803286,5.62860350919537,11.8155142924754,-0.624816134274583,7.20960567716881,-5.99341009375137,-2.81,0.141452523099162,0.0519850443198079,13.1018676757812,18.0120066671236,0.169800595832344,1.11053482194917,174.270004272461,26.3407315491816,63.8044525765888,-174.270004272461,1.13079881668091,13.1199998855591,6.71000003814697,15.5679998397827,30.8384914398193,991.478467257518
5.625,-0.0414663061606052,-0.0434615897743641,0.474152359718095,0.25617149262377,0.0193422888509694,-10.2479764342955,-0.0133651082523324,-0.00421238769585575,-0.00145017414212131,-0.0460583193821268,0.017480248536259,1.60054261207024,-0.00588646797510782,0.0148338318218876,0.00122099022770895,11.6465751757667,-5.94263330848471,-0.710441362981435,5.62028906297047,11.8095559916029,-0.639585040461573,7.20957081236348,-5.99305079011705,-2.81,0.141072986451721,0.0524380086995585,13.0950999504151,18.0047028800834,0.169800595832344,1.11053482194917,174.270004272461,26.3407315491816,63.8044525765888,-174.270004272461,1.13079881668091,13.1199998855591,6.71000003814697,15.5679998397827,30.8359832763672,991.474535178624
5.65,-0.0411464445701349,-0.0437814513648344,0.475770708080915,0.261914329091637,0.0848240293842752,-10.3983320621273,-0.018634549334479,-0.013107216915754,0.00080989133128061,-0.0450699264713009,0.017761894627987,1.60078969743637,-0.0550142631641016,0.0227714251633594,0.000215808454922876,11.6431886372099,-5.95452512811093,-0.693278416759189,5.62813934776973,11.8079085425587,-0.6310225342705,7.20955623837916,-5.99280062235777,-2.81,0.141757494490965,0.0518688938177432,13.0867738672344,18.0031683031627,0.169800595832344,1.11053482194917,174.270004272461,26.3407315491816,63.8044525765888,-174.270004272461,1.13079881668091,13.1199998855591,6.71000003814697,15.5679998397827,30.8334770202637,991.47060309973
5.675,-0.0408349438390383,-0.0412311778545475,0.476666038163369,0.285698316553051,0.0897570368214445,-10.4132933276873,-0.00669674953668923,-0.00900750039206764,0.00405677159857513,-0.0479832179844379,0.0180390179157257,1.60065090656281,-0.0752900913357735,0.00523195881396532,-0.002523671137169,11.6145541266791,-5.95957014026074,-0.732243361710323,5.63876465881865,11.7781940703172,-0.654982231375024,7.20954166439483,-5.99255045459848,-2.81,0.141050709973422,0.0512009180692816,13.0853490829468,17.969719056072,0.169800595832344,1.11053482194917,174.270004272461,26.3407315491816,63.8044525765888,-174.270004272461,1.13079881668091,13.1199998855591,6.73999977111816,15.5649995803833,30.8309707641602,991.466671020837
5.7,-0.0414739029359378,-0.0396629537627489,0.475278617188257,0.271914255547771,0.0886884044540998,-10.3474232432552,0.00638805586796687,-0.0174810569605468,0.00710458330164236,-0.0476680120361581,0.0179836463605263,1.6010684551617,-0.00280289457489743,-0.00693861186333785,0.00867856972737331,11.6099793196252,-5.96351036517316,-0.736036692696443,5.63796047676887,11.776033444216,-0.659745158184299,7.20952717772362,-5.99230075322355,-2.81,0.140712354305737,0.0509028464652607,13.0853490829468,17.9668338315965,0.169800724276346,1.11053484876421,174.285354614258,26.5119951437477,64.1693263479115,-174.285354614258,1.13023567199707,13.1138544082642,6.73999977111816,15.5649995803833,30.8315353393555,991.46353601831
5.725,-0.0421002097449295,-0.0440954933586884,0.473891226033592,0.257541401491253,0.0296798203753837,-10.2182523304671,0.0352489503942251,-0.038767962876325,0.00740274350285403,-0.0445041834148454,0.0171735521089069,1.60165876840579,0.0393861118712714,-0.0217169505768946,0.0131966266983601,11.5979907532198,-5.98854929179505,-0.735288919235436,5.65488317916966,11.7683413436973,-0.667233223805314,7.20951348723059,-5.9920553046468,-2.81,0.139315755501276,0.0499152115689323,13.0757595458121,17.9566147688928,0.169800933842875,1.11053489251505,174.310424804688,26.7914252207343,64.7646467115322,-174.310424804688,1.1293169260025,13.1038274765015,6.73999977111816,15.5649995803833,30.834041595459,991.460904432436
5.75,-0.0427378838212923,-0.0447331674350512,0.472503814920298,0.227207963686498,0.0427171500086058,-10.0089830934818,0.0462766783346178,-0.0537443227841857,0.00807593253152259,-0.0451159768344201,0.0164354543633682,1.60178926236851,0.0414465019690622,-0.0419248157324865,0.0098078784715269,11.5838566920298,-6.00912881762361,-0.725697105724095,5.67416443077717,11.7563085053269,-0.644258983340873,7.20949979673757,-5.99180985607004,-2.81,0.139913495983345,0.0486535179048453,13.0644099037602,17.9455675365079,0.169801143409403,1.11053493626589,174.335494995117,27.070855297721,65.3599670751529,-174.335494995117,1.12839818000793,13.0938005447388,6.73999977111816,15.5649995803833,30.8365497589111,991.458272846561
5.775,-0.0433710608171836,-0.0434510159891223,0.47111640715081,0.183223769277959,0.0792016450547731,-9.89779029271935,0.0491064968177381,-0.0480821948675085,0.00739406345032128,-0.043431526782057,0.0157686199057253,1.60203936396503,0.0246221825629672,-0.0299039854177315,0.00870508491275103,11.5803274498209,-6.00640633393444,-0.746744202260286,5.66875825334487,11.7540529528356,-0.667792515742755,7.20948610624455,-5.99156440749328,-2.81,0.137880741942835,0.0490441542357922,13.0628318786621,17.9407310531515,0.169801352975932,1.11053498001673,174.360565185547,27.3502853747077,65.9552874387737,-174.360565185547,1.12747931480408,13.0837736129761,6.73999977111816,15.5649995803833,30.8390579223633,991.455641260687
5.8,-0.0439998992320958,-0.0472670325461168,0.469729006079082,0.14159221112237,0.0274994585229211,-9.66989160960658,0.0452213445489107,-0.0335449914686315,0.00588596457152961,-0.0410485963189262,0.0150083206975688,1.60229128719824,0.0716920007876587,-0.0209970391682867,0.0139933546556801,11.5779503956769,-6.00182862554685,-0.768408816708882,5.66101718161535,11.7529130532675,-0.695164409743991,7.20946170682651,-5.99128800041059,-2.81,0.135503496375303,0.0496589163148306,13.0628318786621,17.9367466686359,0.169801431845056,1.1105349964821,174.369995117188,27.4554472306469,66.1793327369639,-174.369995117188,1.12713360786438,13.0799999237061,6.78000020980835,15.5629997253418,30.838436126709,991.450948627811
5.825,-0.0438397408605715,-0.0471068741745926,0.469043715006367,0.088702325896927,-0.0377288318088432,-9.32450462903495,0.0313568120011453,-0.0301608403541065,0.00438061343341901,-0.0404830331699947,0.0147932374768094,1.60262224164428,0.00119061748664296,-0.00244880405362075,0.00671821319557056,11.5733698296819,-6.0278156931359,-0.73526493992204,5.68156987760664,11.7515863044126,-0.661852576257846,7.20943482704625,-5.99100442283144,-2.81,0.13705897450125,0.0481945332212427,13.052384101477,17.9373474731451,0.169801431845056,1.1105349964821,174.369995117188,27.4554472306469,66.1793327369639,-174.369995117188,1.12713360786438,13.0799999237061,6.78000020980835,15.5629997253418,30.8359317779541,991.445012259676
5.85,-0.0433659956477715,-0.0466331289617925,0.469,0.0698099062157994,-0.0286911085552618,-9.11913404002688,0.0272683231903918,-0.0327948703852301,0.00329219777445826,-0.0415694731309979,0.0145595690336569,1.60262972392387,-0.0328486334478066,-0.00773551271747515,0.000664087966194582,11.5592355892825,-6.02336164214272,-0.740296366011122,5.67821654161789,11.7375592090958,-0.65758064871925,7.20940794726598,-5.99072084525229,-2.81,0.137219134633977,0.0482856345432816,13.0404710872475,17.9239886707701,0.169801431845056,1.1105349964821,174.369995117188,27.4554472306469,66.1793327369639,-174.369995117188,1.12713360786438,13.0799999237061,6.78000020980835,15.5629997253418,30.833423614502,991.439075891541
5.875,-0.043846066747243,-0.0451989998844361,0.469,0.0524010119553157,0.0315027781528014,-9.12005957371869,0.0264842022005844,-0.0169893417307865,0.00221982685912946,-0.0396504981618269,0.0139329671901184,1.60279117880115,0.0457327158820018,-0.00496435124408085,0.00802377829796143,11.5503361337149,-6.00584506235246,-0.746567997668223,5.65840615205255,11.7291504463602,-0.668784804692428,7.20938106748571,-5.99043726767314,-2.81,0.135971803759452,0.0495795476578116,13.0391969680786,17.9157504575232,0.169801431845056,1.1105349964821,174.369995117188,27.4554472306469,66.1793327369639,-174.369995117188,1.12713360786438,13.0799999237061,6.65000009536743,15.5649995803833,30.8309154510498,991.433139523406
5.9,-0.0439948907548265,-0.0485248403537025,0.469,0.0623051088626133,0.0192457372833699,-9.24447772910627,0.0117118707698865,0.00255769248254117,0.00424404633161119,-0.04220832514791,0.0148203379002732,1.60265210518857,-0.0224818984183937,0.0167334631187048,0.00130483750961837,11.5484185396945,-6.0334032869787,-0.673708109698251,5.68580089199778,11.7279930700969,-0.589623076782102,7.20935424571479,-5.9901539646394,-2.81,0.141327274115,0.0476036683591666,13.0391969680786,17.9216077082196,0.169801563963187,1.11053502451557,174.390670776367,27.6344928037012,66.5546436915122,-174.390670776367,1.1263564825058,13.0720481872559,6.65000009536743,15.5649995803833,30.8315887451172,991.433454076556
5.925,-0.0425746057567056,-0.0442610906498582,0.469,0.066607383041379,-0.0132041003595099,-9.44216659325939,0.0169387933927873,0.0134749244017116,0.00480486359943505,-0.0391604435416352,0.0152546941329013,1.6032630305225,-0.0260961718858555,0.034670255056284,0.00616683141666439,11.5335162721262,-6.01157437849588,-0.697893121162813,5.65699109109184,11.7149322349261,-0.637881997356975,7.20934305922955,-5.9899446599502,-2.81,0.139064392562155,0.0491925514201693,13.0239301588979,17.9050428403037,0.169801772217191,1.11053506870392,174.423263549805,27.9167171804366,67.1462355351249,-174.423263549805,1.12513148784637,13.0595149993896,6.65000009536743,15.5649995803833,30.8340969085693,991.437370855532
5.95,-0.042096167213316,-0.0466351502275992,0.469,0.0713030386090023,0.0294872589948197,-9.04536026793309,0.0210387490879765,0.00379383945546756,0.00411706803489512,-0.0401212323603167,0.0155812508790115,1.60321039283736,-0.034954856788347,0.0230277033927988,0.00259305127382654,11.5294709636642,-6.02155424054583,-0.68556971809475,5.66764966413605,11.7109926644336,-0.623073118005336,7.2093318727443,-5.98973535526101,-2.81,0.140268656823518,0.0484859341793185,13.0071366687991,17.9018212941235,0.169801980471194,1.11053511289227,174.455841064453,28.1989415585902,67.7378273787376,-174.455841064453,1.12390649318695,13.0469808578491,6.65000009536743,15.5649995803833,30.8366050720215,991.441287634508
5.975,-0.0420992102771502,-0.0447233932624459,0.469,0.0406905862748675,0.046707290889487,-8.90110142058128,0.0159261298276541,-0.00976078979665323,0.00555272554311752,-0.0410594035761941,0.0159034820959579,1.60316314178156,-0.0426712642278291,0.011417022408588,-0.000798906669844928,11.5236588862709,-6.02872986785386,-0.675337741822169,5.67554849901656,11.7052043959426,-0.610506590243597,7.20932068625906,-5.98952605057181,-2.81,0.14136066538293,0.0479425490999863,13.0058794021606,17.8967514917296,0.169802188725198,1.11053515708062,174.488433837891,28.4811659339075,68.3294192223504,-174.488433837891,1.12268137931824,13.0344476699829,6.40999984741211,15.5690002441406,30.8391094207764,991.445204413483
6,-0.0421022257339719,-0.0428289799684246,0.469,-0.00913137811580363,0.0291438788715611,-8.67735084922856,0.017266539540849,-0.00302750040067223,0.00641572632733812,-0.0405798290976473,0.0159597472626264,1.60345181590231,0.0196509938803656,0.00199191792388775,0.00702355820245386,11.506533028688,-6.01668001679829,-0.669356477830139,5.6602465864651,11.6893268985185,-0.608296062146674,7.20930348271168,-5.98932968796336,-2.81,0.141647884433488,0.0486393453539403,13.0058794021606,17.8824488312011,0.16980226262178,1.11053517276035,174.5,28.5813100686858,68.5393389087859,-174.5,1.12224674224854,13.0299997329712,6.40999984741211,15.5690002441406,30.8400001525879,991.448213068301
6.025,-0.0419434864506826,-0.0448731699127682,0.469,-0.0219732911875412,0.0703041234828205,-8.1400103749079,0.0384240973687859,0.0059022184777686,0.00921812031207444,-0.0373363457620144,0.0162076689302921,1.60410964488983,-0.0141057781875134,0.0259808786213398,0.0096111074090004,11.4904720523998,-6.04801959110833,-0.573522957305987,5.67937049672608,11.6789767658583,-0.533544756723158,7.20928453011168,-5.98913708738689,-2.81,0.145899081183651,0.0472362502787094,12.9840629531367,17.8797408413944,0.16980226262178,1.11053517276035,174.5,28.5813100686858,68.5393389087859,-174.5,1.12224674224854,13.0299997329712,6.40999984741211,15.5690002441406,30.8400001525879,991.450722254833
6.05,-0.041767660422436,-0.0481972627322926,0.469,-0.0990535800120303,0.0487904938130313,-8.84791916155742,0.0211058624828491,0.0328502950664978,0.0135821187971149,-0.0369838184112431,0.0163819942417714,1.60415801095622,0.0630697767616911,0.0213406584495312,0.0168461571022151,11.4864101760864,-6.04312003510448,-0.556956221685667,5.67330795537379,11.6751444675766,-0.521245843689875,7.20926557751168,-5.98894448681042,-2.81,0.146777454578457,0.0475583771665748,12.9608829760487,17.8778522198146,0.16980226262178,1.11053517276035,174.5,28.5813100686858,68.5393389087859,-174.5,1.12224674224854,13.0299997329712,6.40999984741211,15.5690002441406,30.8400001525879,991.453231441364
6.075,-0.0397122317720408,-0.0458393122043642,0.469,-0.0363258453422824,0.00229297909650347,-10.0768021849111,0.00561350689050962,0.0970595719791844,0.00888288816734722,-0.0397012986784041,0.0207192257630627,1.60459349865828,-0.0676531214828612,0.0956967718480218,0.0102502045985897,11.496922226539,-6.05861827196794,-0.485384011774536,5.6814063487773,11.688042080268,-0.48266750186332,7.20924662491169,-5.98875188623394,-2.81,0.153246445528107,0.0459515585071735,12.9598913192749,17.8946868483475,0.16980226262178,1.11053517276035,174.5,28.5813100686858,68.5393389087859,-174.5,1.12224674224854,13.0299997329712,6.40999984741211,15.5690002441406,30.8400001525879,991.455740627895
6.1,-0.0389286705575011,-0.0421958038715221,0.469,0.112932236936523,-0.0669424652924999,-10.8768636165685,-0.0486865649317132,0.154501326907555,0.0157939991831445,-0.0403132499618564,0.0245540471288574,1.6052456708245,-0.106432149635343,0.133910474368922,0.0169005287590043,11.5017432852206,-6.03543609349123,-0.512033003619074,5.65177554447553,11.6932865379116,-0.550679917640687,7.20922767231169,-5.98855928565747,-2.81,0.153326579547731,0.0468600229203985,12.9598913192749,17.8935143583792,0.169802398357588,1.11053520174411,174.519729614258,28.7664249823823,68.9249266802495,-174.519729614258,1.12132847309113,13.016845703125,6.36999988555908,15.5839996337891,30.8383560180664,991.456132338696
6.125,-0.0370252981914902,-0.0415640409281178,0.468884269608146,0.271530572800427,0.210354356306648,-11.5353623604446,-0.0607202587754969,0.135303838475808,0.0251439153356776,-0.0408100448548794,0.0276672355830669,1.60577511787415,-0.137913778424263,0.164933159947395,0.0222994014620781,11.4785893361539,-6.03175194947987,-0.511796944569532,5.64289615890507,11.6713383556611,-0.582721861680752,7.20921439924,-5.98840184275561,-2.81,0.154834161479423,0.046812724762379,12.9407753674489,17.8684231148418,0.169802605299067,1.11053524593246,174.5498046875,29.0486493591177,69.5127900038542,-174.5498046875,1.11992835998535,12.9967918395996,6.36999988555908,15.5839996337891,30.8358497619629,991.455413242556
6.15,-0.031313742482382,-0.0396682745974517,0.468456864789217,0.321151775753754,0.199227586671354,-11.6204006902097,0.0148778524080717,0.0879488015735779,0.0308699416580819,-0.0412300489954024,0.0294870688180495,1.60624371890557,-0.0549991009430725,0.108102754452546,0.0258881625371453,11.4388159567391,-6.07050316691003,-0.464909432363748,5.67569364259652,11.6359813079491,-0.551453215026886,7.20920795907187,-5.9882866972044,-2.81,0.158577246864903,0.0444596736130222,12.9211342521112,17.8344476352991,0.169802812240545,1.11053529012081,174.579895019531,29.3308737372713,70.1006533274589,-174.579895019531,1.11852836608887,12.9767379760742,6.36999988555908,15.5839996337891,30.8333415985107,991.454694146416
6.175,-0.0308340345959823,-0.0411013186388038,0.467971279890483,0.325122538899056,0.13440018426981,-11.3066540378882,0.0452804185896901,0.0275609613661735,0.0284532571465871,-0.0399757917172337,0.03098166696001,1.60702469140833,0.0168984449691555,0.0455795628080513,0.0301058211329518,11.4196155711629,-6.08123779313177,-0.466884244946954,5.67786474647911,11.6204927349605,-0.577108573285628,7.20920151890374,-5.98817155165318,-2.81,0.158660768369706,0.0438394693672588,12.9209241867065,17.8156070453055,0.169803019182023,1.11053533430916,174.609970092773,29.6130981140068,70.6885166510636,-174.609970092773,1.11712837219238,12.9566841125488,6.32999992370605,15.5729999542236,30.8308353424072,991.453975050276
6.2,-0.0306874736460926,-0.0390481408598778,0.467485683501892,0.177588461623964,0.141071232143695,-10.6149998330318,0.0611345067376567,-0.0215108976284555,0.028649508850597,-0.0373654245158211,0.0308911811361339,1.60767148444829,0.0243859500566446,0.0189834749192008,0.0319886607571384,11.3989760703103,-6.09050264725805,-0.483002397112963,5.68039229619901,11.6029629569245,-0.607094098885571,7.20918919115647,-5.98809638537689,-2.81,0.156879775553534,0.0436243090281744,12.9207674319532,17.7942514071136,0.169803088162516,1.11053534903861,174.619995117188,29.7071729067246,70.8844710922914,-174.619995117188,1.11666166782379,12.9499998092651,6.32999992370605,15.5729999542236,30.8299999237061,991.453123354847
6.225,-0.0338462972318621,-0.0441260268323509,0.467000094008574,0.0290525589107988,0.0146163953140442,-10.4086443088296,0.0430533606051287,-0.0387580311546533,0.0265349943735396,-0.0378373452238143,0.0298599088441081,1.60848732251948,-0.0139500557536845,-0.032917178824536,0.0183851444825599,11.365902862154,-6.10897129185128,-0.50926567333812,5.69172686531705,11.575239165057,-0.617019614747139,7.20917533856021,-5.98803157350182,-2.81,0.155458125919992,0.042295216713833,12.8914542930788,17.7645796987986,0.169803088162516,1.11053534903861,174.619995117188,29.7071729067246,70.8844710922914,-174.619995117188,1.11666166782379,12.9499998092651,6.32999992370605,15.5729999542236,30.8299999237061,991.452205359775
6.25,-0.0341636608654999,-0.0450732308581127,0.466514502211864,-0.0133163738219599,0.0244414723312797,-10.1190815243862,0.0101235407084635,-0.0452963940089718,0.0218550496750045,-0.0361087893509342,0.0284527947919209,1.60911702241831,0.029888861770163,-0.0439997229069227,0.0238999503102203,11.3438632596196,-6.10451216292384,-0.54776994890923,5.68174872598412,11.5561271961769,-0.649622935031359,7.20916148596395,-5.98796676162675,-2.81,0.152284246144062,0.0427111935671475,12.8627681732178,17.7424759152276,0.169803088162516,1.11053534903861,174.619995117188,29.7071729067246,70.8844710922914,-174.619995117188,1.11666166782379,12.9499998092651,6.32999992370605,15.5729999542236,30.8299999237061,991.451287364703
6.275,-0.0349584209802661,-0.0436285633804853,0.466028910415154,0.00709437264612939,0.119038680814563,-9.45718933013218,0.0157808695772823,-0.0561764661046478,0.0191767374999456,-0.03697606652491,0.0277953160152303,1.60946916908853,-0.0175275031988705,-0.0492993039584007,0.0169416867086462,11.3305629225579,-6.11721360908151,-0.541818837949552,5.69090849678016,11.5460850971841,-0.630083759663602,7.20914763336769,-5.98790194975167,-2.81,0.152797448328293,0.0417393238935856,12.8627681732178,17.7340854473204,0.169803088162516,1.11053534903861,174.619995117188,29.7071729067246,70.8844710922914,-174.619995117188,1.11666166782379,12.9499998092651,6.32999992370605,15.5729999542236,30.8299999237061,991.45036936963
6.3,-0.0357465806306788,-0.0440920814504623,0.465543320946157,-0.0776717827903509,0.0542899835385486,-9.06396900112898,0.0243430387596623,-0.0726743779549808,0.0190053956494092,-0.0356189169148996,0.0269500913732252,1.60993196895561,-0.0420240212455043,-0.045918860017214,0.0134495096008769,11.3134962031227,-6.10621250461371,-0.561981426315207,5.67554014006173,11.5310020273474,-0.648912148871748,7.20914652712218,-5.98791214167647,-2.81,0.150956752571913,0.0424927468651421,12.8617557489647,17.7181997649974,0.169803227755925,1.11053537926903,174.635284423828,29.9002500761295,71.2810172379428,-174.635284423828,1.11701726913452,12.9516983032227,6.09999990463257,15.6079998016357,30.8299999237061,991.447015726341
6.325,-0.0363506064457203,-0.0441046453639794,0.465065974256513,-0.135068832425408,0.141490306779679,-9.31618078889546,0.061934358333678,-0.0650509975791016,0.0218159676409633,-0.0354433794106401,0.024680628586997,1.61047478636232,0.00595606393003881,-0.0524385489339179,0.0155097735699859,11.2998600700754,-6.11382609057127,-0.569615684354272,5.67758448990295,11.5220044807853,-0.631360595596869,7.2091478848764,-5.98793683260147,-2.81,0.149703290153624,0.0419468662332351,12.8347095582042,17.7113015017387,0.169803433822387,1.11053542389489,174.657852172852,30.1852687526137,71.8663948814895,-174.657852172852,1.11754238605499,12.9542045593262,6.09999990463257,15.6079998016357,30.8299999237061,991.442502250569
6.35,-0.0382907244415633,-0.0441015571561087,0.464694382303769,-0.132778262111706,0.148566727962931,-9.45095853067591,0.111927254775581,-0.0250707575491487,0.0253811996366336,-0.0332455828488568,0.0243619744156687,1.61099719926268,0.0793944718499933,-0.0254306058397239,0.0224194471731667,11.2970269184668,-6.12828688566693,-0.560047180396719,5.68500779951412,11.5227922752438,-0.631121775029567,7.20914924263061,-5.98796152352646,-2.81,0.149269145274165,0.0413453648955451,12.8091096878052,17.7114938968745,0.169803639888849,1.11053546852074,174.680404663086,30.4702874319343,72.4517725250363,-174.680404663086,1.11806738376617,12.956711769104,6.09999990463257,15.6079998016357,30.8299999237061,991.437988774796
6.375,-0.0378071055669025,-0.0493305776148044,0.464347528727863,-0.0133056767396351,0.0957866756466554,-9.68694188302834,0.116254999642946,0.0145636414400827,0.0247307507218121,-0.030585391341669,0.0241230359423123,1.61157870066282,0.140832746867191,-0.000907004875966719,0.0284682194888534,11.2933290604454,-6.13437762176447,-0.552556199815267,5.68334530997476,11.5225432765986,-0.637001534031745,7.20915060038482,-5.98798621445146,-2.81,0.148574658797365,0.0412777956091603,12.8091096878052,17.7106930178996,0.16980384595531,1.1105355131466,174.702972412109,30.7553061098367,73.0371501686619,-174.702972412109,1.11859238147736,12.9592180252075,6.05000019073486,15.6049995422363,30.8299999237061,991.433475299023
6.4,-0.0370127910408782,-0.0491953959079746,0.464000680089841,0.0472993148694391,-0.0263814020864884,-9.50027554738571,0.07259567147792,0.00450793158317265,0.0212147275585749,-0.0249961353838444,0.0244079306721687,1.61252796649933,0.122725941240788,0.00682935072109103,0.0287659540772438,11.2653576714285,-6.14722625013937,-0.490800541624259,5.68270947538794,11.5008704332687,-0.61184271081388,7.20915165839923,-5.98800839480273,-2.81,0.150165590316539,0.0412505393354758,12.8074621884328,17.6924504766594,0.169803910212594,1.11053552706219,174.710006713867,30.8441829013371,73.2196872832968,-174.710006713867,1.11875605583191,12.960000038147,6.05000019073486,15.6049995422363,30.8299999237061,991.429825199261
6.425,-0.0371601309728516,-0.0541349608128569,0.463653826489967,0.0489437135784549,0.00670925011666945,-9.20193838968777,0.0149452170839064,-0.0448679354969984,0.0198964248633858,-0.0261741052065358,0.0243649683320499,1.61257219681765,0.074449493541764,-0.00847687519372736,0.0228431064455398,11.2269949069192,-6.1569143109011,-0.442558454740409,5.69255188826029,11.4645548574649,-0.554708371374508,7.20913705049459,-5.98789935986427,-2.81,0.153629421299427,0.0405453899987877,12.7837635436148,17.6628007148478,0.169803910212594,1.11053552706219,174.710006713867,30.8441829013371,73.2196872832968,-174.710006713867,1.11875605583191,12.960000038147,6.05000019073486,15.6049995422363,30.8299999237061,991.426566316754
6.45,-0.0376467145282054,-0.0498167957440613,0.46330697786731,-0.0814548749658997,0.0889769239389712,-9.55169076596681,0.00391985538749929,-0.03886401863225,0.0174297755380456,-0.0283357773708075,0.0243402889000898,1.61296615400566,-0.0359177241077748,-0.00942124923233946,0.0114994794288345,11.2264460095049,-6.14811535253931,-0.46020845983232,5.68036723358144,11.465826404214,-0.558978692833673,7.20912244258995,-5.98779032492581,-2.81,0.153445015093846,0.0405135933850231,12.762092590332,17.664453751591,0.169803910212594,1.11053552706219,174.710006713867,30.8441829013371,73.2196872832968,-174.710006713867,1.11875605583191,12.960000038147,6.05000019073486,15.6049995422363,30.8299999237061,991.423307434246
6.475,-0.0376467145282054,-0.0498167957440613,0.462960125921556,-0.141498252040348,0.0176514515902224,-9.7058798638613,-0.0345421637386569,0.0180197270828995,0.0138423920980446,-0.028951024238864,0.0244272887920796,1.61362129865509,-0.105133959359608,0.0374327690080464,0.00744678121794562,11.2361756285833,-6.12618501831261,-0.503275358097481,5.65200062294704,11.4773634160953,-0.600074740444401,7.2091078346853,-5.98768128998736,-2.81,0.151180215512209,0.0413908987593046,12.762092590332,17.6730342360087,0.169803910212594,1.11053552706219,174.710006713867,30.8441829013371,73.2196872832968,-174.710006713867,1.11875605583191,12.960000038147,5.82999992370605,15.5939998626709,30.8299999237061,991.420048551739
6.5,-0.0363918204799805,-0.0473009960280518,0.462613273998842,-0.00632375876610509,0.280469380309008,-10.1022121247923,-0.0403354915933168,0.0504447667679672,0.00691828911248878,-0.0264926045238961,0.0253650685621357,1.61417268754973,-0.0114395158169876,0.0683524486773329,0.0148011664117788,11.1976493505213,-6.12481477286264,-0.48580896859853,5.64471411447061,11.4413774936283,-0.607289837943327,7.20909354586393,-5.98757632472578,-2.81,0.151862193334842,0.041786764769904,12.7586509982209,17.6371099181729,0.169804053014398,1.11053555825231,174.73454284668,31.0433895047363,73.6253475890291,-174.73454284668,1.11744117736816,12.9372243881226,5.82999992370605,15.5939998626709,30.8299999237061,991.415763094097
6.525,-0.0344751753407769,-0.047917106256895,0.462266424533513,0.0964949284051787,0.0662681571306032,-10.6602657459954,-0.00480130361239006,0.032369858254559,0.00146080102368303,-0.0300175242331253,0.0266156722585059,1.61413427912047,-0.032244861475506,0.0360770971422045,0.00157983561432519,11.1886709412657,-6.14533357538351,-0.435979607917437,5.66558957545294,11.4342135655991,-0.549013025316066,7.20908818569438,-5.98758523797703,-2.81,0.15656043240836,0.0399932175700013,12.7247784863906,17.6355755112158,0.169804257330826,1.11053560287817,174.769622802734,31.3284081826387,74.2057538726177,-174.769622802734,1.11555981636047,12.9046363830566,5.82999992370605,15.5939998626709,30.8299999237061,991.411035419474
6.55,-0.0347916355621052,-0.0469717362778788,0.461919573422248,0.1240622679953,0.284266036329162,-10.8281324185372,-0.037218709877611,0.00189847716166505,0.00171348406895723,-0.0300593506544828,0.0269754193723202,1.61440527439117,-0.112382039427757,0.0276115201413631,-0.00115736084990203,11.1626149414728,-6.11526954724919,-0.505402929848047,5.63579038962235,11.4064227812747,-0.622344042841521,7.20908282552483,-5.98759415122827,-2.81,0.153026496663588,0.0416713749978404,12.6948909759521,17.601503138197,0.169804461647254,1.11053564750402,174.804718017578,31.6134268605411,74.7861601562063,-174.804718017578,1.11367857456207,12.872049331665,5.82999992370605,15.5939998626709,30.8299999237061,991.406307744851
6.575,-0.0355709946841535,-0.0501913654937714,0.46157272150206,0.0916481325194696,0.204247317901214,-10.6415585744566,0.0438619906859698,-0.0218280437440462,-0.00249915180616253,-0.0279277396153234,0.0265484135099977,1.61431553594579,0.0375733266233152,0.000601181789179841,0.00437147600456686,11.1499487102508,-6.14802710360651,-0.475551858749602,5.66851555259648,11.3953588113632,-0.59955989569205,7.20907746535529,-5.98760306447952,-2.81,0.153838598543037,0.040255170269184,12.6948909759521,17.5905298396261,0.169804665963682,1.11053569212988,174.839813232422,31.8984455398617,75.366566439795,-174.839813232422,1.11179733276367,12.8394603729248,5.40999984741211,15.6409997940063,30.8299999237061,991.401580070228
6.6,-0.0357389399778121,-0.0517245702944546,0.461225871105855,0.0770524555072406,0.22678507197608,-10.5289694057792,0.0284755584752284,-0.0415528668312515,-0.00084220482347451,-0.0264577481555372,0.0255326418488997,1.61419068779574,0.0983966163265687,-0.0214195862867484,0.00377896940564821,11.1446198792879,-6.14694306738335,-0.468716271783989,5.66842966499239,11.3897997775362,-0.590357884318616,7.20907210518574,-5.98761197773077,-2.81,0.153328388884943,0.040645351439851,12.6936153401583,17.5862113475963,0.169804725281354,1.11053570508578,174.850006103516,31.9811928973677,75.5350714898538,-174.850006103516,1.11125111579895,12.8299999237061,5.40999984741211,15.6409997940063,30.8299999237061,991.401445332242
6.625,-0.0362131094301056,-0.0525161980892022,0.461307438462074,0.101984210995345,0.13768791530371,-10.9168585189476,0.0695825686312106,-0.043568770559608,-0.00411753777136582,-0.0257463550239829,0.0245030695740602,1.61400169326742,0.108467058805652,-0.0402573566333874,-0.00230186254278295,11.1408554728804,-6.15395990607401,-0.467626482119864,5.67748295347262,11.3857860252236,-0.581912038719813,7.20906956914643,-5.98764963971947,-2.81,0.152772007902825,0.0404588277877136,12.6840735844203,17.5825595499753,0.169804725281354,1.11053570508578,174.850006103516,31.9811928973677,75.5350714898538,-174.850006103516,1.11125111579895,12.8299999237061,5.40999984741211,15.6409997940063,30.8299999237061,991.40318952288
6.65,-0.0379577002111508,-0.0533128487446492,0.461935662045628,0.095882943218649,0.111368136164157,-10.3089697701515,0.0724660999511098,-0.0636111060405705,-0.00916095022258463,-0.0267648119479418,0.0240486636757851,1.6137363910675,0.036037489771843,-0.0478046983480453,-0.016669999808073,11.1141111638681,-6.12081831505916,-0.555825004439959,5.65129553140413,11.3545343936697,-0.65896340114233,7.20907992887916,-5.98781857651957,-2.81,0.148268984426984,0.0423542296148609,12.6759605407715,17.5445392422051,0.169804725281354,1.11053570508578,174.850006103516,31.9811928973677,75.5350714898538,-174.850006103516,1.11125111579895,12.8299999237061,5.40999984741211,15.6409997940063,30.8299999237061,991.404933713517
6.675,-0.0397017912888035,-0.0540965565690656,0.462629364268159,0.0672270539897751,0.129113279347865,-9.80321644847245,0.0471309758958966,-0.0869335759776739,-0.00705052912384228,-0.0228551037145541,0.0215346399112459,1.61375606895723,0.0221276731343758,-0.0694282463985632,-0.0114653846243516,11.0990517345957,-6.10420330127106,-0.588855025057734,5.63428358096039,11.3392404790038,-0.688092638863057,7.20909028861189,-5.98798751331967,-2.81,0.144064538401518,0.0440568841561255,12.6759605407715,17.527559354162,0.169804725281354,1.11053570508578,174.850006103516,31.9811928973677,75.5350714898538,-174.850006103516,1.11125111579895,12.8299999237061,5.40999984741211,15.6409997940063,30.8299999237061,991.406677904155
6.7,-0.0401782863338892,-0.0548920669502695,0.463323069800114,-0.0887477303299131,0.192015652435006,-9.17947422827124,0.0930392325922196,-0.0957585353719622,-0.00932260571329415,-0.0226713624498547,0.0198658853298922,1.61339944968337,0.0326237708825848,-0.0819261966618236,-0.01627625031722,11.0916848104846,-6.12220097433328,-0.579147726193142,5.65625915656737,11.3319353065522,-0.66045692961886,7.20910061664394,-5.9881567057796,-2.81,0.143993463219696,0.0432173510406281,12.670566363476,17.5219131183554,0.169804725281354,1.11053570508578,174.850006103516,31.9811928973677,75.5350714898538,-174.850006103516,1.11125111579895,12.8299999237061,5.32000017166138,15.6450004577637,30.8299999237061,991.408289824535
6.725,-0.0430308411464928,-0.0574250970234757,0.46401676536902,-0.183749293453651,0.065653234169139,-8.79085121403667,0.0932008914266853,-0.0770553438628005,-0.00929728271443671,-0.0177723707215228,0.01697460185116,1.61323872862558,0.0859184878938197,-0.0664688190992418,-0.00736264572041141,11.0734623142464,-6.09979233618851,-0.58980858074585,5.63438015236645,11.3129499462174,-0.669202618478541,7.20911080481068,-5.98832702622636,-2.81,0.140548205083745,0.045480127374893,12.6380272939841,17.5041987801124,0.169804725281354,1.11053570508578,174.850006103516,31.9811928973677,75.5350714898538,-174.850006103516,1.11125111579895,12.8299999237061,5.32000017166138,15.6450004577637,30.8299999237061,991.409850416158
6.75,-0.0442925993998684,-0.0621839772460445,0.464706062304086,-0.21029173180453,0.224487730712738,-8.5568054850833,0.116427566957976,-0.0430684587260595,-0.00933509114277244,-0.016686214648608,0.0161444228955414,1.61274807987506,0.113641677725043,-0.0382703727379896,-0.0118496202290926,11.0679124705609,-6.11923880962834,-0.531172385530356,5.65802755103031,11.3067873070497,-0.607617637442233,7.20912099297742,-5.98849734667311,-2.81,0.14320184467286,0.0447391462688476,12.6114044189453,17.5038067342466,0.169804725281354,1.11053570508578,174.850006103516,31.9811928973677,75.5350714898538,-174.850006103516,1.11125111579895,12.8299999237061,5.32000017166138,15.6450004577637,30.8299999237061,991.411411007781
6.775,-0.0436661031939093,-0.062195432911076,0.46311386302384,-0.155235161558774,0.0712844017504228,-8.44264394888574,0.137155593015562,-0.0286828302101288,-0.0122611390419049,-0.0136459736303528,0.0157126221008261,1.61265096483339,0.0882935488579151,-0.0189539153998766,-0.0141418579252508,11.060057474907,-6.11305882629344,-0.501102207395032,5.65152045250035,11.298498528814,-0.591363300843306,7.20913118114415,-5.98866766711987,-2.81,0.143620998527491,0.0456682499204238,12.6114044189453,17.4984175018963,0.169804725281354,1.11053570508578,174.850006103516,31.9811928973677,75.5350714898538,-174.850006103516,1.11125111579895,12.8299999237061,5.32000017166138,15.6450004577637,30.8299999237061,991.412971599404
6.8,-0.0433316341290569,-0.0682202123475345,0.459876588437537,-0.173203399762049,0.100605313604433,-8.23641072536227,0.106414046811257,-0.029832540923596,-0.0111295535611982,-0.0103129143184739,0.0151735211241985,1.61253922383884,0.0994787715491904,-0.0162587719244854,-0.0103517998768314,11.0494052495405,-6.08956304905975,-0.496358327705495,5.62827651858034,11.2862592338408,-0.60113394802671,7.20914022015573,-5.98873368787176,-2.81,0.142472967515253,0.0476558657567607,12.6048491264611,17.4872410552305,0.169804874034214,1.11053573803533,174.881164550781,32.1916367959505,75.9576370924456,-174.881164550781,1.11214685440063,12.8281669616699,5.80000019073486,15.5909996032715,30.8299999237061,991.414442694733
6.825,-0.0434895677215,-0.0683781459399776,0.457512418295236,-0.190533570082597,0.0409419013621332,-8.17121308829565,0.107855244833799,-0.0175673371319789,-0.0104397154242404,-0.0087885763310004,0.0148019515614483,1.61195668141968,0.0458209142644309,-0.0071637682530851,-0.0178665357995035,11.0488552496384,-6.09871880785354,-0.433223262996199,5.64275681179991,11.2837754361114,-0.543105229789837,7.20914900171101,-5.98877634135825,-2.81,0.145347313123655,0.0475919992060317,12.5717183239055,17.4909531271795,0.169805077475625,1.1105357830987,174.923782348633,32.4794497736017,76.5355576959763,-174.923782348633,1.11337184906006,12.8256607055664,5.80000019073486,15.5909996032715,30.8299999237061,991.415880887014
6.85,-0.0439655377133813,-0.0688541159318589,0.457568098394027,-0.18346964858922,0.110079345059953,-8.24655834816329,0.103188174813703,0.00808327952431648,-0.00998470891764158,-0.00688930210357503,0.015075097803235,1.61175295287178,0.0919060129961198,0.00784352781704515,-0.0132205937113221,11.0431037829075,-6.08467698363122,-0.411591801928882,5.63038095537734,11.2762697721103,-0.536090748407167,7.20915778326628,-5.98881899484474,-2.81,0.145988278700926,0.0488051008149391,12.5456743240356,17.4856080731439,0.169805280917036,1.11053582816207,174.966384887695,32.7672627526711,77.1134782995859,-174.966384887695,1.11459696292877,12.8231534957886,5.80000019073486,15.5909996032715,30.8299999237061,991.417319079294
6.875,-0.0434824843104889,-0.0731409528127654,0.458079252489296,-0.150985972765905,0.0427161141079576,-8.53458562377579,0.10619486891268,0.0300252540084834,-0.0106762921122117,-0.00498614251539506,0.0153593217687988,1.61155284418024,0.135923884450486,0.023058699396203,-0.00873334659750991,11.0367547476069,-6.07291988886413,-0.386261494322641,5.62030630712878,11.26834389188,-0.525444788498181,7.20916656482156,-5.98886164833124,-2.81,0.146845836205845,0.0498867927963378,12.5456743240356,17.4801262149326,0.169805484358447,1.11053587322543,175.009002685547,33.0550757303223,77.6913989031954,-175.009002685547,1.1158219575882,12.8206462860107,5.61999988555908,15.5979995727539,30.8299999237061,991.418757271574
6.9,-0.042048426495707,-0.0745833118536437,0.458590401717844,-0.113204209289545,-0.00911213767938132,-8.80772740636381,0.105471715559743,0.0451939143772459,-0.00885027712111499,-0.00277261370319609,0.0164121363013772,1.61160312933402,0.038569810119844,0.0524810471616527,-0.0150093970385363,11.0308983865501,-6.0790262440126,-0.258172001827876,5.62486882597605,11.2642989916242,-0.422316220590087,7.20916724620202,-5.98886174087275,-2.81,0.153672556866401,0.0498630599525542,12.5421550421702,17.4894994375528,0.169805686501446,1.11053591763959,175.038604736328,33.3387423290735,78.265631078276,-175.038604736328,1.11535906791687,12.7865228652954,5.61999988555908,15.5979995727539,30.8299999237061,991.412748845761
6.925,-0.0399781124531118,-0.0810832640243461,0.45910155460755,-0.0791398557149623,0.0320212719112201,-9.00646988546751,0.0817108455256358,0.0562743666133677,-0.00504245563256446,0.000561185876428786,0.0187088716569419,1.6112861365546,0.102206212595439,0.0586365049580182,-0.00486107276897573,11.0124091149672,-6.06343373434822,-0.162679127038755,5.6128072237998,11.2437896766002,-0.372070479154436,7.20916563092703,-5.98884976604177,-2.81,0.158814100374054,0.0514633825040736,12.5268502582437,17.4772916286454,0.169805888192824,1.11053596182794,175.063659667969,33.6209667058089,78.8385803218486,-175.063659667969,1.11430907249451,12.7414016723633,5.61999988555908,15.5979995727539,30.8299999237061,991.404150291916
6.95,-0.0388675261770645,-0.0809245650692619,0.459612700174941,0.0284499327864578,-0.113838982655084,-9.19949670034969,0.109747621700671,0.0469666068550971,-0.00384261840950406,0.00266418984424029,0.01975217899507,1.61149874434526,0.0507363422926955,0.067180419199395,-0.00767724250093942,11.0037243804558,-6.05931963700227,-0.133452862201053,5.6063774388407,11.2360594046635,-0.366899766909161,7.20916401565203,-5.98883779121079,-2.81,0.160101372995281,0.0519937054011593,12.5153102874756,17.4709686900347,0.169806089884201,1.11053600601629,175.088729858398,33.9031910825444,79.4115295653423,-175.088729858398,1.11325907707214,12.6962804794312,5.61999988555908,15.5979995727539,30.8299999237061,991.395551738071
6.975,-0.0382255405963463,-0.0850522821165947,0.460123850629689,0.0587645058616976,-0.235385439202462,-8.84884491863586,-0.0241829038591859,0.0197850195064112,-0.00568739733938407,0.00321476840863794,0.0209650329647469,1.61127012053233,0.00787823627194861,0.0240539053397248,-0.00296467944140353,10.984746911117,-6.01953383641857,-0.0857984320803026,5.57001131229866,11.2146908637518,-0.335404966237231,7.20916240037704,-5.98882581637981,-2.81,0.163228683991083,0.0544910974247632,12.5153102874756,17.4577038305225,0.169806291575579,1.11053605020464,175.113800048828,34.1854154592798,79.9844788089149,-175.113800048828,1.11220896244049,12.651159286499,5.61999988555908,15.5979995727539,30.8299999237061,991.386953184225
7,-0.0369622792987126,-0.0809286030211224,0.460634998611593,0.0432831998159857,-0.472485797233411,-9.96726633216133,-0.167644125831101,0.0510347924919891,-0.00934274852287562,-0.00145537164144767,0.0228214354530848,1.61135219448591,-0.161786185243802,0.0642553363188041,-0.000211304764933929,10.9890420669447,-5.98385689729212,-0.107223459551727,5.53374529359651,11.2175207251721,-0.349252906301533,7.20915448495918,-5.98874691475983,-2.81,0.164516291627288,0.0557073505670278,12.5119175101226,17.4618990466277,0.169806341456242,1.11053606113294,175.119995117188,34.2552128865925,80.1261759335982,-175.119995117188,1.11194932460785,12.6400003433228,5.19999980926514,15.6330003738403,30.8299999237061,991.382270093234
7.025,-0.0360154989369783,-0.0777573492514224,0.461146146650979,0.0404592814906947,-0.355224521829533,-10.2738139486993,-0.334862979868192,0.0907660591973218,-0.00500257071688102,-0.00747981032506043,0.0249461835237483,1.61156445599645,-0.326838735003747,0.10595689890529,0.00507662822987639,10.9915300399005,-5.93596989655053,-0.154687073215669,5.48429931556944,11.2182032318606,-0.384417204773594,7.2091451098512,-5.98865250676579,-2.81,0.164969159107995,0.057339159988996,12.4989695638981,17.4623718125703,0.169806341456242,1.11053606113294,175.119995117188,34.2552128865925,80.1261759335982,-175.119995117188,1.11194932460785,12.6400003433228,5.19999980926514,15.6330003738403,30.8299999237061,991.378873511466
7.05,-0.0331730066534137,-0.0682363824739883,0.461657301937752,0.204917820675645,-0.201455975165164,-10.9979063816513,-0.438198314428951,0.0824968694046928,0.00434120745418352,-0.0205736913700513,0.0274493003075847,1.61190400729239,-0.465574449783669,0.0887532109946694,0.00896330961231273,10.9730730593107,-5.91709116480249,-0.179268308033054,5.46381023395135,11.2013654499646,-0.358646242870881,7.20913573474323,-5.98855809877176,-2.81,0.169807267951418,0.0560160769842681,12.4896221160889,17.4513256790912,0.169806341456242,1.11053606113294,175.119995117188,34.2552128865925,80.1261759335982,-175.119995117188,1.11194932460785,12.6400003433228,5.19999980926514,15.6330003738403,30.8299999237061,991.375476929698
7.075,-0.0317716049011816,-0.0496354835201763,0.462168442661012,0.246195663684873,-0.194093653853038,-10.8702880984185,-0.481302054489845,0.0128190103353303,0.01925149165637,-0.0332776937891372,0.0276959567988181,1.61262433888945,-0.523520217470299,0.0407064300589779,0.0182994873477339,10.9411617723584,-5.90623548254526,-0.22657477417714,5.44803079793267,11.1737237469204,-0.33291543186266,7.20912635963526,-5.98846369077773,-2.81,0.172428857369376,0.0541353026344738,12.4896221160889,17.4292307111311,0.169806341456242,1.11053606113294,175.119995117188,34.2552128865925,80.1261759335982,-175.119995117188,1.11194932460785,12.6400003433228,5.40999984741211,15.621000289917,30.8299999237061,991.37208034793
7.1,-0.0306778176322511,-0.0403041994475827,0.462679595546231,0.198332592494313,0.0321495703144441,-10.5072257438892,-0.517929267356694,-0.070322841154569,0.0348847477664558,-0.0457050841788861,0.02634169439073,1.61361482741441,-0.524146938329097,-0.0292229830237228,0.0315019869200052,10.9080375778368,-5.89224980779664,-0.301326403228638,5.42773099499662,11.1459681486209,-0.319091639101789,7.20911698452729,-5.9883692827837,-2.81,0.172740527366029,0.0523487314057575,12.4842146027763,17.4058461362647,0.169806493765621,1.11053609520215,175.142959594727,34.4728077905567,80.5588446226531,-175.142959594727,1.11014556884766,12.6266040802002,5.40999984741211,15.621000289917,30.8299999237061,991.373239193322
7.125,-0.0321221012850399,-0.0325061582701291,0.463190748361681,0.106771189990719,0.108092453348128,-10.2904131186996,-0.452465371310029,-0.106072451737925,0.0470319044967847,-0.0557946115732193,0.0252421982586384,1.61441898345947,-0.524655759334564,-0.085997149348259,0.0422208085656166,10.8804860619165,-5.91241980277963,-0.412032663983976,5.44631484872764,11.1230472189299,-0.35627365610498,7.20910767153207,-5.98828556956452,-2.81,0.170133616833869,0.0490742023504665,12.4658290575135,17.3760156913332,0.169806693269457,1.110536139828,175.173034667969,34.7578264698773,81.1255796661598,-175.173034667969,1.10778307914734,12.6090564727783,5.40999984741211,15.621000289917,30.8299999237061,991.375809579525
7.15,-0.0364415665995654,-0.00918430710729478,0.463701893994412,0.122063456729436,0.106435056883528,-9.77569908878563,-0.418456901720289,-0.102042832159603,0.0637587562249742,-0.0643713105656191,0.0233057885266698,1.61583646225936,-0.432373494688506,-0.0908174997630402,0.0577630468390835,10.8520690044541,-5.94187721380032,-0.610321751772374,5.47453504945559,11.101584787566,-0.479666903970906,7.20909844511242,-5.98821676320564,-2.81,0.16156506613047,0.0453442210986372,12.453145980835,17.3349496554435,0.169806892773292,1.11053618445386,175.203125,35.0428451463615,81.6923147096664,-175.203125,1.10542058944702,12.5915098190308,5.80999994277954,15.6009998321533,30.8299999237061,991.378379965728
7.175,-0.0383693128114171,0.00227578815112858,0.464213040814695,0.0884951733597222,0.314666191848843,-9.67770675107026,-0.289337450253975,-0.108427698758883,0.074420416024829,-0.0721146613359451,0.0215575285255909,1.61711621284485,-0.349057763814926,-0.0951694846153259,0.0717951357364655,10.8247702747442,-6.00483241574415,-0.659607412617274,5.52939474407255,11.0853192108424,-0.458516672421362,7.20908921869277,-5.98814795684675,-2.81,0.161200216414728,0.0398012457497139,12.453145980835,17.3162966160236,0.169807092277128,1.11053622907972,175.233215332031,35.3278638242639,82.2590497530942,-175.233215332031,1.1030580997467,12.5739622116089,5.80999994277954,15.6009998321533,30.8299999237061,991.380950351931
7.2,-0.0383833486722959,0.0092345604442697,0.464724192442469,0.0382991168594122,0.236534986768007,-9.89287463635224,-0.186333803667216,-0.143188657426641,0.0818630012406325,-0.0750405432641899,0.018864440565707,1.61921150217913,-0.235151383486892,-0.115108161141949,0.0816878064119027,10.8083525257018,-6.03804086970548,-0.652143692402652,5.5400167463416,11.0838053017287,-0.401481933896117,7.20908132472545,-5.98809336651961,-2.81,0.16168740205853,0.0365962489028285,12.4526371531731,17.3215605526899,0.169807137326381,1.11053623915653,175.240005493164,35.3922228812049,82.3870221823112,-175.240005493164,1.10252451896667,12.5699996948242,5.80999994277954,15.6009998321533,30.8299999237061,991.384918459664
7.225,-0.043464037004636,0.0117840421529114,0.464982118123022,-0.0175108574113461,0.337932715958442,-9.63329908648327,-0.0432090242622425,-0.160075582326147,0.0839727017001659,-0.0808826610445976,0.0138683989644051,1.62241673469543,-0.0152493538334966,-0.166145920753479,0.0862680077552795,10.7654624804134,-6.12739913865582,-0.72157773555516,5.60219695602993,11.0651170295782,-0.373431971885171,7.20908996091465,-5.98821513764551,-2.81,0.158140878967439,0.0292769204505075,12.4510773044391,17.3013036182377,0.169807137326381,1.11053623915653,175.240005493164,35.3922228812049,82.3870221823112,-175.240005493164,1.10252451896667,12.5699996948242,5.80999994277954,15.6009998321533,30.8299999237061,991.389294236175
7.25,-0.0453667484252744,0.0136867535735498,0.465003287045486,0.0287809499632906,0.273080066639299,-9.17387096897356,0.0738776733099948,-0.151178332055155,0.0814459395347055,-0.080701578605915,0.0123875840762254,1.6234571362096,-0.0254284175584321,-0.153654767433026,0.0792875740509902,10.7511977605327,-6.1668380923082,-0.730045629410119,5.63130537015819,11.0592602264871,-0.3636963496052,7.20909859710385,-5.98833690877141,-2.81,0.157055395017148,0.0267054854316655,12.4500513076782,17.2943459287423,0.169807137326381,1.11053623915653,175.240005493164,35.3922228812049,82.3870221823112,-175.240005493164,1.10252451896667,12.5699996948242,5.80999994277954,15.6009998321533,30.8299999237061,991.393670012687
7.275,-0.0472668207343249,0.00796222483341672,0.466973774819103,-0.0565948798853977,0.228954215161758,-8.95874762167982,0.156705811010272,-0.123736222257127,0.0762502599045497,-0.0754300248272275,0.00834511098564981,1.62607108290658,0.140323206781138,-0.133239641415779,0.0834877861827506,10.7394038034381,-6.18365102350564,-0.765487917776792,5.6210906210358,11.0639925305698,-0.386930613501418,7.20910723329305,-5.98845867989731,-2.81,0.151349374974254,0.0259219362090186,12.4500513076782,17.2967960703118,0.169807137326381,1.11053623915653,175.240005493164,35.3922228812049,82.3870221823112,-175.240005493164,1.10252451896667,12.5699996948242,5.80999994277954,15.6009998321533,30.8299999237061,991.398045789199
7.3,-0.0478957296784726,0.00606745098267818,0.468714440937662,-0.113942677965294,0.233438238135783,-8.86189998146045,0.22115185448239,-0.105936052343833,0.0702664634470131,-0.0698361824869781,0.00458220431239505,1.62892500100086,0.155181947819011,-0.0955800389269781,0.0604615197235254,10.7300297999222,-6.25425750511431,-0.698610084008053,5.65384569488868,11.0758961899886,-0.309652941144316,7.20911604995262,-5.98858251241231,-2.81,0.151432942391086,0.0219431348148,12.4469083390146,17.316669272027,0.169807292895904,1.11053627418543,175.251815795898,35.6159472205817,82.8289520340889,-175.251815795898,1.10255885124207,12.573935508728,6.07999992370605,15.5609998703003,30.8299999237061,991.393894740513
7.325,-0.0501048378597344,-0.00251427361077929,0.469,-0.0960245110810528,0.21646531497482,-8.80126754748915,0.273937907068934,-0.0888122304674988,0.0614317431112775,-0.0606970466502987,0.00208085869732955,1.63059250510306,0.310684404186279,-0.0879443914733831,0.0652103052557906,10.697197319225,-6.28506946614004,-0.693014825222689,5.66501574101289,11.0548303808884,-0.332746348560345,7.20912576446388,-5.98871660047078,-2.81,0.147454297330805,0.0213660322331911,12.4381361727445,17.2917192645466,0.169807491087214,1.11053631881128,175.266845703125,35.9009658984841,83.3919585575086,-175.266845703125,1.10260260105133,12.5789489746094,6.07999992370605,15.5609998703003,30.8299999237061,991.387407575335
7.35,-0.0510415616970926,-0.0110658052022005,0.469,-0.0182339335120002,0.178646033639946,-8.88358917482339,0.292900819732053,-0.0509837776715582,0.0543361522184373,-0.0562093810576925,0.00152903523668259,1.63155223629547,0.274916312604616,-0.0539658466591278,0.0532300205335388,10.7032327207293,-6.31480455219802,-0.648618541021884,5.67971382761365,11.0680577552141,-0.309195054888675,7.20913547897515,-5.98885068852926,-2.81,0.14794105714415,0.0201197734123745,12.4326477050781,17.3069720523086,0.169807689278524,1.11053636343714,175.281890869141,36.1859845763865,83.9549650810072,-175.281890869141,1.1026463508606,12.5839624404907,6.07999992370605,15.5609998703003,30.8299999237061,991.380920410156
7.375,-0.0510309190278408,-0.0177518946759458,0.469,-0.0468040778764608,0.192656879958961,-9.04392886929097,0.319089571409475,-0.00805660755857832,0.0436438462701939,-0.0516702545797658,0.000980592549463587,1.63250927066187,0.241627965624461,-0.020183951625167,0.0414756612299579,10.7110669945266,-6.34638454982525,-0.602700579951028,5.6963429895537,11.0832064706546,-0.284625857527112,7.20914519348641,-5.98898477658773,-2.81,0.148479329522136,0.018767377614246,12.4326477050781,17.3241392008409,0.169807887469834,1.110536408063,175.296936035156,36.4710032557071,84.517971604427,-175.296936035156,1.10269010066986,12.5889759063721,6.19999980926514,15.5690002441406,30.8299999237061,991.374433244978
7.4,-0.0510286185254971,-0.017442875761961,0.469,-0.00550516000844494,0.132406527651402,-9.32354296831788,0.321429674653007,0.0168695617825801,0.0357715991979041,-0.0434815756651387,0.000738967325268344,1.63326328721521,0.381058098005461,-0.000534511816513169,0.045228454615528,10.6876010218315,-6.35662246899107,-0.549293209943689,5.69488289119665,11.0644879394497,-0.28036287014198,7.20914440629577,-5.9889701227649,-2.81,0.148453924062358,0.0194040153516238,12.4249743130008,17.3064289737825,0.169807927960532,1.11053641718011,175.300003051758,36.5292328772355,84.6329944425501,-175.300003051758,1.10269904136658,12.5900001525879,6.19999980926514,15.5690002441406,30.8299999237061,991.375944482027
7.425,-0.0495783133713627,-0.0321928331611301,0.469,0.0107237354950476,0.159602029054915,-9.58780994246306,0.308499383733822,0.0264693839128581,0.0267324599813386,-0.0307245701573575,0.00209156277019002,1.63473421431493,0.276612912576137,0.0348096426574614,0.0260757392783918,10.6808141699489,-6.38450535211042,-0.416841614502108,5.69881917339709,11.0670655093063,-0.242853654150949,7.20914045553368,-5.98891066138846,-2.81,0.151615313051238,0.0194822601597251,12.4053178154876,17.3140877285402,0.169807927960532,1.11053641718011,175.300003051758,36.5292328772355,84.6329944425501,-175.300003051758,1.10269904136658,12.5900001525879,6.19999980926514,15.5690002441406,30.8299999237061,991.379509362892
7.45,-0.0487678227233412,-0.042516867303891,0.469,0.0749227900821472,0.144919790151353,-9.74292152838064,0.295555312314231,0.0344038829453044,0.0196530303946307,-0.0243386313604648,0.00305006247431323,1.63494296533102,0.317199995972987,0.0356332092538913,0.0171413747799276,10.6709456191174,-6.39787144359321,-0.343980993404481,5.70718004596898,11.05891218233,-0.220725180117123,7.20913650477158,-5.98885120001203,-2.81,0.153770031884593,0.0197404904638427,12.3936500549316,17.3085659035444,0.169807927960532,1.11053641718011,175.300003051758,36.5292328772355,84.6329944425501,-175.300003051758,1.10269904136658,12.5900001525879,6.19999980926514,15.5690002441406,30.8299999237061,991.383074243756
7.475,-0.0474950182193152,-0.0475753350648436,0.469,0.0299117740987999,0.140734080425089,-9.91156144218094,0.290701666913894,0.0562820825245104,0.0113762659419962,-0.0191471255832519,0.0041535220352147,1.63527738381342,0.260973696276044,0.0557702593900635,0.00936419323773845,10.6737877925697,-6.3989035661537,-0.298236941107629,5.70240582187903,11.0634002560042,-0.220001320069698,7.20913255400949,-5.9887917386356,-2.81,0.154767726967896,0.0204358923831495,12.3936500549316,17.3134505639233,0.169807927960532,1.11053641718011,175.300003051758,36.5292328772355,84.6329944425501,-175.300003051758,1.10269904136658,12.5900001525879,6.19999980926514,15.5690002441406,30.8299999237061,991.386639124621
7.5,-0.0452555788059041,-0.0561538103214979,0.469,0.0877139474489788,0.165933585369479,-10.1969409487239,0.264512472894298,0.0711898670263224,0.00335932159781812,-0.0129357884441852,0.00519612748508294,1.63566476754612,0.247573377222872,0.0730844252277535,0.00832241345039095,10.6740288162168,-6.37721507276601,-0.295505093242474,5.67524337095879,11.0639339480432,-0.268448854715334,7.2091394772751,-5.9888800914621,-2.81,0.152907156428387,0.0226022154617672,12.3870708794607,17.3092687931934,0.169807927960532,1.11053641718011,175.300003051758,36.5292328772355,84.6329944425501,-175.300003051758,1.10269904136658,12.5900001525879,6.15000009536743,15.5729999542236,30.8299999237061,991.382208564532
7.525,-0.0447726802061598,-0.0579149284779022,0.469,0.181108115331238,0.0642887924611185,-10.3112363895745,0.243904901957218,0.0663731826746058,-0.00377157625895791,-0.00538660362394235,0.00827977787037013,1.63551150826011,0.181778886950618,0.0715366904854253,-0.0111339776036493,10.6690042074926,-6.37928880176228,-0.233855235443389,5.67726550508469,11.0572818356774,-0.287818446427652,7.20914845862651,-5.98899642051967,-2.81,0.154767384809498,0.0238139711867135,12.371497388156,17.2998169805414,0.169807927960532,1.11053641718011,175.300003051758,36.5292328772355,84.6329944425501,-175.300003051758,1.10269904136658,12.5900001525879,6.15000009536743,15.5729999542236,30.8299999237061,991.375859098614
7.55,-0.0433397191922839,-0.0631408986097128,0.469,0.217244373538613,0.0972339554468661,-10.1692648691423,0.185366827460243,0.0361593774506068,-0.0107147820076391,-0.0008305222958627,0.00900094348065143,1.63522314026429,0.19203505360641,0.0327939226253689,-0.0125207672592538,10.6525612091204,-6.35252509297326,-0.213034909192982,5.65383224920072,11.0371648334,-0.303632313338171,7.20915743997792,-5.98911274957724,-2.81,0.154632296210356,0.0262588856052192,12.3627529144287,17.2799028863707,0.169807927960532,1.11053641718011,175.300003051758,36.5292328772355,84.6329944425501,-175.300003051758,1.10269904136658,12.5900001525879,6.15000009536743,15.5729999542236,30.8299999237061,991.369509632697
7.575,-0.0433306530723256,-0.0688365458000827,0.469,0.156967122159335,0.029681913438674,-10.0009984537701,0.139050979665245,0.00553817022646757,-0.0177841174589656,0.00206902600973566,0.00941853957424892,1.63479213596499,0.164042396487951,0.0128970972369946,-0.0165392127843006,10.6430046587166,-6.33542560381939,-0.192046094307338,5.64155758816625,11.0239564378906,-0.305384813353864,7.20916642132933,-5.98922907863481,-2.81,0.154975977079071,0.0279100351716922,12.3627529144287,17.2678596272583,0.169807927960532,1.11053641718011,175.300003051758,36.5292328772355,84.6329944425501,-175.300003051758,1.10269904136658,12.5900001525879,5.84000015258789,15.6099996566772,30.8299999237061,991.363160166779
7.6,-0.0433255772423181,-0.0720253561240557,0.469,0.0973436165583306,0.0798597783264277,-9.80021211865968,0.0809200309704698,-0.00414161583302465,-0.0225315912953978,0.00379536924636234,0.00962113886975949,1.63426011246957,0.10896080523709,0.00634751874153563,-0.0224214738590025,10.6430299830983,-6.31987194829161,-0.177648007192515,5.63159140694196,11.0199445324129,-0.304020075311995,7.20917540268074,-5.98934540769238,-2.81,0.155234284578544,0.029299613890977,12.3523373899434,17.2651281754037,0.169808089208255,1.11053645364855,175.322540283203,36.7621513661857,85.0910544866572,-175.322540283203,1.10030364990234,12.5633697509766,5.84000015258789,15.6099996566772,30.8299999237061,991.357798450398
7.625,-0.0433245629471188,-0.0726625711210195,0.469,0.122771396721613,0.0546714102672133,-9.70790745754663,0.0564206392024558,0.000606118262484891,-0.0258168421632545,0.00560507280071474,0.00985534756912216,1.63377391513451,0.0398899282287781,0.00460426379559066,-0.0285921415914339,10.6459897492015,-6.30550414761233,-0.153497231211723,5.62218041156776,11.0192940838465,-0.293746504898531,7.20918461747227,-5.98946799568703,-2.81,0.156000599117142,0.0306084975920726,12.3294232360758,17.2669656129659,0.169808286524549,1.11053649827441,175.35009765625,37.0471700455062,85.6515753300979,-175.35009765625,1.09737229347229,12.5307807922363,5.84000015258789,15.6099996566772,30.8299999237061,991.352657677992
7.65,-0.0426895083560489,-0.0745703605449223,0.469,0.127404003839671,0.0179452262630741,-9.81228432647522,0.00947190774510335,0.0022198444580549,-0.0295178530724206,0.00687704980373383,0.0100831501185894,1.63363921642303,-0.0414555296301842,0.0182083863765001,-0.0329419337213039,10.636694187816,-6.25427582894898,-0.150842220205781,5.57290320744917,11.005911049233,-0.301088993265944,7.2091951784552,-5.98962667742403,-2.81,0.155833897958907,0.0338549291315606,12.3172922134399,17.2574734092888,0.169808483840842,1.11053654290027,175.377685546875,37.3321887219905,86.2120961735386,-175.377685546875,1.09444093704224,12.498194694519,6.17000007629395,15.5839996337891,30.8299999237061,991.347516905587
7.675,-0.0429947866027113,-0.0783663865927206,0.469,0.16516199863909,0.0662147785994848,-9.90647352569608,-0.0401841991736207,-0.00827367760280346,-0.0315599756856476,0.00806601492149043,0.00978503618648638,1.63299544146355,0.0343968168494132,0.00472929542020009,-0.0218582588483345,10.6276700848251,-6.23293322177975,-0.168822005701864,5.55887825515373,10.9918072487391,-0.323070889442605,7.20920573943813,-5.98978535916102,-2.81,0.154334802017531,0.0355582300214374,12.3172922134399,17.2418933040143,0.169808681157135,1.11053658752613,175.405258178711,37.6172073998929,86.7726170169005,-175.405258178711,1.09150969982147,12.4656066894531,6.17000007629395,15.5839996337891,30.8299999237061,991.342376133181
7.7,-0.0433134427367964,-0.0796486682576333,0.469,0.0851559292503528,-0.0157459446850908,-10.1242285158704,-0.0797017466736799,-0.00995543664886767,-0.0311561101459074,0.00486788692768932,0.0101046794838941,1.63201288769253,-0.115823220191539,0.00785740249775132,-0.0265066303086051,10.6390975844737,-6.23648977960934,-0.124731785080188,5.57337495498857,10.9985590713163,-0.262583638497709,7.20921630042106,-5.98994404089802,-2.81,0.15819099921923,0.0351646156118552,12.3125621147876,17.2561451378919,0.1698088763,1.11053663287646,175.428680419922,37.9068532006762,87.3269637519908,-175.428680419922,1.09350478649139,12.4454717636108,6.17000007629395,15.5839996337891,30.8279228210449,991.34487396816
7.725,-0.0428472749350972,-0.0734585221239805,0.469,0.09709496088887,0.043833712724701,-9.96522670874708,-0.115856798946868,-0.00772082367050696,-0.0264393581652195,0.00190203264355659,0.0099852979183197,1.631312251091,-0.0502989962697029,-0.00547347031533718,-0.0195904914289713,10.6308966382429,-6.18592744797308,-0.185004381737655,5.53144645635888,10.983042993134,-0.302910972495876,7.20922562704916,-5.99006448589776,-2.81,0.155966251588274,0.0379044442673296,12.3028420219524,17.2391071645894,0.169809070991243,1.11053667837734,175.451232910156,38.1974604794944,87.8800275554154,-175.451232910156,1.09652352333069,12.4279251098633,6.17000007629395,15.5839996337891,30.82541847229,991.348959046233
7.75,-0.0430149168453878,-0.0685521134029311,0.469,0.169852710548305,0.0175857115632073,-9.8197092187388,-0.107158229501878,-0.0110273062408176,-0.0224567210673812,-0.0011336713074434,0.0103054490365911,1.63095561791243,-0.122534716620564,0.00076252407434178,-0.0261482047668949,10.638543274422,-6.18966262959643,-0.16795102526129,5.5391638954885,10.9892308890211,-0.270558355183464,7.20923493757573,-5.99018443211922,-2.81,0.158208886335488,0.0372923500984218,12.2980079650879,17.2493027627444,0.169809265682485,1.11053672387821,175.47380065918,38.4880677583125,88.4330913588401,-175.47380065918,1.09954237937927,12.4103775024414,6.17000007629395,15.5839996337891,30.8229103088379,991.353044124305
7.775,-0.0426987505560705,-0.0669455026921807,0.469,0.163033115550221,0.0233236737130688,-9.73754619323148,-0.138697814582809,-0.0303137905376042,-0.0176288828606563,-0.00501123046090308,0.0095440044533258,1.63047486398397,-0.152357291446693,-0.0149079978908971,-0.0164450498302392,10.618111330004,-6.14691090944233,-0.242112585447939,5.50395387888566,10.9634014789342,-0.312634226878806,7.20924424810231,-5.99030437834068,-2.81,0.155388368252821,0.0393652482523865,12.2980079650879,17.221294763841,0.169809460373728,1.11053676937909,175.496353149414,38.7786750371307,88.9861551621859,-175.496353149414,1.10256123542786,12.3928308486938,6.17000007629395,15.5839996337891,30.8204040527344,991.357129202377
7.8,-0.0426977305447326,-0.0675863087632102,0.469,0.118323574303725,0.0404215725179734,-9.44894985684681,-0.143918549286736,-0.0486535713734592,-0.0156500531707835,-0.0109061474970664,0.00891911731949245,1.62994955122462,-0.212679637218679,-0.0323528090369836,-0.0234888862088779,10.6124464254745,-6.15202449148201,-0.229601465855087,5.51611499657792,10.9558429879705,-0.257140191239351,7.20925183873913,-5.99039840136704,-2.81,0.158251062592005,0.0382651395382877,12.2915644324372,17.2208856565267,0.169809491775542,1.11053677671794,175.5,38.8255471796075,89.0753590014733,-175.5,1.10304808616638,12.3900003433228,5.94000005722046,15.5989999771118,30.8221035003662,991.353386645047
7.825,-0.0443015758739135,-0.0564716570897694,0.469,0.0579712453773362,0.00564582111191281,-9.26848242351767,-0.170598114196667,-0.0524617880998225,-0.0109999771596753,-0.0125499646108472,0.00753223737565339,1.62990456571839,-0.147203451680699,-0.0374639430278915,-0.00388374372350311,10.6062641957272,-6.11593920502508,-0.308522704800204,5.4822110083481,10.9471909535461,-0.311627173157612,7.20925247189587,-5.99038755714128,-2.81,0.153876004268946,0.0401346031560345,12.2791423643374,17.2077338660387,0.169809491775542,1.11053677671794,175.5,38.8255471796075,89.0753590014733,-175.5,1.10304808616638,12.3900003433228,5.94000005722046,15.5989999771118,30.8246116638184,991.348138773216
7.85,-0.0452535575400974,-0.0574236387559534,0.469,0.0423079171892617,0.0905201777342512,-9.41405660035935,-0.175886541195942,-0.0353885189271808,-0.00503010445699645,-0.0168551793024407,0.00732266469155626,1.62983960945778,-0.192012329852346,-0.0230675740026171,-0.00634907218460673,10.6082444666578,-6.12333722133824,-0.296029150799424,5.49089779159948,10.9496409627244,-0.270456795737025,7.2092531050526,-5.99037671291552,-2.81,0.156179874428454,0.0389720449905913,12.2733631134033,17.2152903989617,0.169809491775542,1.11053677671794,175.5,38.8255471796075,89.0753590014733,-175.5,1.10304808616638,12.3900003433228,5.94000005722046,15.5989999771118,30.8271141052246,991.342890901386
7.875,-0.0452671788738344,-0.0488662501943974,0.469,0.0516189672193031,0.0954416843627119,-9.35418266553502,-0.149888529196118,-0.0233889431108917,-0.00284384755493459,-0.021325938514568,0.00712599178807198,1.62977333856322,-0.230849836064766,-0.00872026398033284,-0.00802123016239776,10.6090459988439,-6.13646776619666,-0.280481691277959,5.50512792491701,10.9512389385824,-0.22515743530849,7.20925373820934,-5.99036586868975,-2.81,0.158734161055712,0.0374438112892766,12.2733631134033,17.2221784138232,0.169809491775542,1.11053677671794,175.5,38.8255471796075,89.0753590014733,-175.5,1.10304808616638,12.3900003433228,5.8899998664856,15.6160001754761,30.8296222686768,991.337643029555
7.9,-0.044640043186838,-0.0440919828053556,0.469,0.0570253950569782,-0.0591079546143668,-9.56634314672391,-0.1738683934327,-0.00653149496252674,0.00322788937862536,-0.0286075937267886,0.00714835326645619,1.62968474558086,-0.168295248469573,0.00479403897634628,0.00377440730088442,10.5955522828406,-6.09652211350581,-0.365208453889744,5.470393683997,10.9348299154449,-0.266411216063433,7.2092563810556,-5.99038396339441,-2.81,0.156838105047105,0.0385597055369833,12.2628656423317,17.2033819996373,0.169809657901719,1.11053681388263,175.523422241211,39.0629125128003,89.5472773798621,-175.523422241211,1.10360550880432,12.3793535232544,5.8899998664856,15.6160001754761,30.8278713226318,991.338815529713
7.925,-0.0438598466447027,-0.0363212755528944,0.469,0.0451382086861465,0.0930582410848345,-9.78965944023128,-0.170460958973828,0.0116626453408654,0.00710571883933588,-0.0304808169603348,0.00765890255570412,1.63030385971069,-0.238792061805725,0.0320200808346272,0.00673177093267441,10.5904471378864,-6.10246945329999,-0.373292721100822,5.47045874623914,10.933397335738,-0.268244793101956,7.20926696112063,-5.99051635168458,-2.81,0.157302966870518,0.0376477887438827,12.2438071268909,17.2018262995317,0.169809853467979,1.11053685763347,175.550994873047,39.3423425912051,90.1028268632658,-175.550994873047,1.10426187515259,12.3668203353882,5.8899998664856,15.6160001754761,30.8253631591797,991.341125817312
7.95,-0.0433862083058389,-0.0339348446172383,0.469,0.0776484241911994,0.00610852656237471,-9.99700654139843,-0.152877889299368,0.0289533562849231,0.0132624427635075,-0.0322909538425181,0.00791347346811975,1.63039235025933,-0.128773242247038,0.0285511408237884,0.0167173340926902,10.5784285343496,-6.10276887669446,-0.38675186610363,5.47127289778293,10.9218604591652,-0.27322557189395,7.20927754118566,-5.99064873997476,-2.81,0.157433565617366,0.0372970796609943,12.2355518341064,17.189789179934,0.169810049034238,1.11053690138431,175.578567504883,39.6217726653554,90.6583763465906,-175.578567504883,1.10491800308228,12.3542861938477,5.8899998664856,15.6160001754761,30.8228569030762,991.343436104911
7.975,-0.0424454734631724,-0.0282375202503192,0.469,0.130190095632693,0.192466026421726,-10.1101934798461,-0.12621200293738,0.0345840467277889,0.020102146313542,-0.0393936526039053,0.00973455720636037,1.63108297110953,-0.122471450057041,0.0357530664741237,0.0189614520575499,10.5816744822966,-6.13368171617202,-0.369560744816011,5.49487463437362,10.9308548462165,-0.230708630444035,7.20928812125069,-5.99078112826494,-2.81,0.161801937748549,0.0339045954747259,12.2355518341064,17.2027242501273,0.169810244600498,1.11053694513515,175.606140136719,39.9012027437603,91.2139258299944,-175.606140136719,1.10557436943054,12.3417520523071,5.8899998664856,15.6160001754761,30.8203506469727,991.34574639251
8,-0.0421305248529504,-0.0250505038129383,0.469,0.174441599645368,0.151265473988054,-10.128953470748,-0.0704523040344528,0.018757616952325,0.0243122442064212,-0.0403484084735066,0.0103937113010403,1.63181896996474,-0.00194609630469007,0.0194094531578855,0.0307362370286697,10.5704735386587,-6.13435914696357,-0.399154139834064,5.4895215504548,10.9234382518203,-0.261241092721629,7.20929362706198,-5.99082997267777,-2.81,0.160779197833463,0.033428266518233,12.2314596587436,17.191458854128,0.169810271937717,1.11053695125086,175.610000610352,39.9402628610728,91.2915832846849,-175.610000610352,1.10566604137421,12.3400001525879,5.94999980926514,15.5989999771118,30.8221569061279,991.343015932973
8.025,-0.0419728925642491,-0.0252165672932571,0.469,0.165371128231159,0.173070728624319,-10.0520472061322,-0.0359043620391481,-0.00289672068753984,0.0277270370401945,-0.0421651559136986,0.0107140597274872,1.63251885191126,-0.0659738522344772,0.00497001866376483,0.0244397505072103,10.5528296960597,-6.16957808825163,-0.386278276413131,5.51779498824412,10.9120104733727,-0.238925060670637,7.20929776976078,-5.99085637444009,-2.81,0.162457525133212,0.0307977395185383,12.2244391377081,17.1807600436772,0.169810271937717,1.11053695125086,175.610000610352,39.9402628610728,91.2915832846849,-175.610000610352,1.10566604137421,12.3400001525879,5.94999980926514,15.5989999771118,30.8246631622314,991.339466352026
8.05,-0.0418143225981243,-0.0240943255365273,0.469,0.143356473168583,0.222243706091966,-9.78480982475546,0.0114441864568678,-0.0263379569429026,0.0273265891653833,-0.0405967667031129,0.0100653349391237,1.6333287850983,0.030480949363056,-0.0187548063816907,0.0306912631373482,10.5313467809896,-6.17342071490079,-0.404693152815495,5.51467890045907,10.895181765183,-0.259799578555841,7.20930191245957,-5.99088277620241,-2.81,0.160678703177307,0.0306038535833344,12.2216234207153,17.1614231647078,0.169810271937717,1.11053695125086,175.610000610352,39.9402628610728,91.2915832846849,-175.610000610352,1.10566604137421,12.3400001525879,5.94999980926514,15.5989999771118,30.8271713256836,991.335916771079
8.075,-0.0430791857277254,-0.0263163820219145,0.469,0.0840942004928376,0.144618109637719,-9.70729646026807,0.0444226748569987,-0.0357594434326922,0.0260526561195869,-0.0407292409617965,0.0095076914604117,1.63376637186773,0.0880377830160421,-0.0302330011806858,0.0258544483676615,10.520542429717,-6.19039676363635,-0.382537127090221,5.52661576570147,10.8881906659962,-0.230178103932593,7.20930605515836,-5.99090917796472,-2.81,0.161852515257496,0.0294406903222633,12.2216234207153,17.1578244299231,0.169810271937717,1.11053695125086,175.610000610352,39.9402628610728,91.2915832846849,-175.610000610352,1.10566604137421,12.3400001525879,5.94999980926514,15.5989999771118,30.8296756744385,991.332367190132
8.1,-0.0433983359006793,-0.0263158740105059,0.469,0.0766396384624739,0.211632314188834,-9.61147806306884,0.0636508109490542,-0.0342322857910412,0.0243348041961271,-0.0393970692235014,0.0089503362774849,1.6343354041826,0.0972617760779898,-0.025851203148135,0.0215423449430118,10.5204003253479,-6.20046263247124,-0.376345854605564,5.53003693569605,10.8919151382519,-0.225991538530288,7.20931019785716,-5.99093557972705,-2.81,0.161433475215261,0.028886042504091,12.2129013493376,17.1618095428052,0.169810443412788,1.11053698897538,175.618728637695,40.1812036976653,91.778696384484,-175.618728637695,1.10578036308289,12.3378171920776,6.09000015258789,15.5780000686646,30.8278179168701,991.335440499442
8.125,-0.043396826958684,-0.0272638430727781,0.469,0.0720211615656866,0.132607522454792,-9.61892934947064,0.0845039264146103,-0.021277999507286,0.0183659783016469,-0.0383159145712852,0.00849800184369087,1.63479721546173,0.104747720062733,-0.0222950540482998,0.0180427581071854,10.5195734036605,-6.21153701367411,-0.366809157212834,5.53558415272519,10.8944460780572,-0.217987076365154,7.20931956199989,-5.99102634814186,-2.81,0.16135910999072,0.0282658378316189,12.1987185028364,17.1650546248032,0.169810640291573,1.11053703228871,175.628753662109,40.457839473485,92.3379743878169,-175.628753662109,1.10591161251068,12.3353099822998,6.09000015258789,15.5780000686646,30.825309753418,991.339494977679
8.15,-0.0433922721032591,-0.030125359313872,0.469,0.0918465802783351,0.169977933581562,-9.50790594498911,0.0751796088692784,-0.0112750962485964,0.0142387658313664,-0.0367652821691091,0.00840629658062579,1.63505363564273,0.0875168205320071,-0.017357350121985,0.0156349067828467,10.5098568860425,-6.2129775059494,-0.358594865287089,5.5343425661586,10.8862370856077,-0.218325464118037,7.20933625215096,-5.99120742694557,-2.81,0.161268133819025,0.028381961914362,12.1934852600098,17.1572292058587,0.169810837170358,1.11053707560204,175.638778686523,40.7344752493047,92.8972523913075,-175.638778686523,1.10604298114777,12.332802772522,6.09000015258789,15.5780000686646,30.8228034973145,991.343549455915
8.175,-0.0433922721032591,-0.030125359313872,0.469,0.0829135485089392,0.109075981194879,-9.67491230885869,0.0848850857704489,-0.0128771643079073,0.0094973286653481,-0.0335223597066866,0.00821450834177641,1.63558990121001,0.051480896700209,-0.00703085948953944,0.0105992354432606,10.5106417283192,-6.21575948296214,-0.356048340957348,5.53069579502075,10.8900294831563,-0.233854209164249,7.20935294230203,-5.99138850574927,-2.81,0.160039433454164,0.0286042647856856,12.1934852600098,17.1591576212209,0.169811034049143,1.11053711891537,175.648803710938,41.0111110265426,93.456530394798,-175.648803710938,1.10617423057556,12.3302965164185,6.1399998664856,15.5740003585815,30.8202953338623,991.347603934152
8.2,-0.0433922555360978,-0.0301357673722033,0.469,0.129468023252841,0.127220629997832,-9.84585414246432,0.0645935552355255,-0.0116564951171031,0.00629130677491284,-0.0303717479109764,0.00802817940711975,1.63611090183258,0.0164707452058792,0.00300168478861451,0.00570690585300326,10.5102067254664,-6.21068571041494,-0.35977725850874,5.51961696204033,10.89197459251,-0.255382360011677,7.20936946095192,-5.99156673541682,-2.81,0.158499239778765,0.0292722801305538,12.1896968337725,17.1591171849233,0.169811057335881,1.11053712403846,175.649993896484,41.0438313859645,93.5226815564495,-175.649993896484,1.1061897277832,12.3299999237061,6.1399998664856,15.5740003585815,30.8199996948242,991.345466387561
8.225,-0.0435388704650111,-0.0375835421940021,0.469,0.125701830583708,0.128650715108163,-9.91066660626797,0.0816183205732815,-0.00842696485267202,0.00100499029056049,-0.0287927271812315,0.00773551370895938,1.63590679010009,0.121475365840883,-0.00821699543919027,0.0051393608957116,10.4787801373067,-6.21353960119894,-0.314464183543859,5.52512971707271,10.8599199486314,-0.216507697905103,7.20937709520512,-5.99159736927152,-2.81,0.160688227614376,0.0295130549573078,12.1838419932239,17.1329077353306,0.169811057335881,1.11053712403846,175.649993896484,41.0438313859645,93.5226815564495,-175.649993896484,1.1061897277832,12.3299999237061,6.1399998664856,15.5740003585815,30.8199996948242,991.342498203494
8.25,-0.0437030352599141,-0.0393712178115947,0.469,0.128158372549009,0.129086590537236,-9.85252423473937,0.0715800509171754,-0.00337319521216899,-0.00320586940786586,-0.0275648826800146,0.00797588154416919,1.63590793007351,0.0412054199487741,0.00428430871712023,-0.00383918247382277,10.4851121780651,-6.21510196328017,-0.30204756506662,5.52575258022467,10.8662990049617,-0.21425892991878,7.20938472945832,-5.99162800312622,-2.81,0.160964065813106,0.0296265510457212,12.1818695068359,17.1394921723737,0.169811057335881,1.11053712403846,175.649993896484,41.0438313859645,93.5226815564495,-175.649993896484,1.1061897277832,12.3299999237061,6.1399998664856,15.5740003585815,30.8199996948242,991.339530019426
8.275,-0.0433741364161864,-0.0415188193163265,0.469,0.091900140533012,0.179242812452097,-9.84078898154759,0.0724973940501986,-0.00836619064429502,-0.00498769592164721,-0.0253941044211388,0.00784022361040115,1.63608491420746,0.041032250970602,0.00756911933422089,0.000565655878745019,10.4694514375908,-6.20859862130324,-0.288625275850454,5.51772419765632,10.8512110032693,-0.212965338741295,7.20939236371153,-5.99165863698091,-2.81,0.160976179500072,0.0303509106625746,12.1818695068359,17.1256704375124,0.169811057335881,1.11053712403846,175.649993896484,41.0438313859645,93.5226815564495,-175.649993896484,1.1061897277832,12.3299999237061,6.1100001335144,15.5819997787476,30.8199996948242,991.336561835358
8.3,-0.0433720594451917,-0.0428236436584262,0.469,0.07581760408855,0.162116805470619,-9.7269195396149,0.109895077825947,-0.00552776105788584,-0.00924393955127839,-0.0247404182383941,0.00807832160173509,1.63548490086312,0.0524603864044691,0.00383534885019865,-0.0152733408265182,10.4792229682047,-6.22905996754038,-0.248310722514707,5.54291692299721,10.8591466476579,-0.178791445239598,7.20940019053633,-5.99169180418508,-2.81,0.163090493586719,0.02947717126052,12.1711328922899,17.1362534256979,0.169811231483046,1.11053716308491,175.656707763672,41.2932152179919,94.01738533508,-175.656707763672,1.10435450077057,12.3277635574341,6.1100001335144,15.5819997787476,30.8199996948242,991.33124503164
8.325,-0.0438437841273456,-0.0452110701961571,0.469,0.0656060614086857,0.0998848260694837,-9.6617337573699,0.104613307048625,0.00127098670608353,-0.00727768235621988,-0.0189100245622828,0.00795598942383503,1.63560453686358,0.11242174558748,0.0133115478065617,-0.00386781761991467,10.4665706969604,-6.19261619209831,-0.27635049829915,5.50598409832702,10.8443217265956,-0.242471553125085,7.20942789296318,-5.99198644215946,-2.81,0.159266092999412,0.032624499114955,12.1553238614229,17.1159339751089,0.169811426611797,1.11053720683575,175.66423034668,41.5726452949786,94.5716919784548,-175.66423034668,1.10229825973511,12.3252563476562,6.1100001335144,15.5819997787476,30.8199996948242,991.325645261698
8.35,-0.0433599318503512,-0.0504426142651588,0.468924806098415,0.0346636634173575,0.202828437932672,-9.57866540630581,0.139351692324935,0.0124518334449294,-0.00837608265512601,-0.0177936866684972,0.00839713059332471,1.63537705817116,0.0990415569209581,0.0183856847988205,-0.0116055799821904,10.4684412423481,-6.21223460872462,-0.240274411002803,5.52707373260447,10.8462877334655,-0.217602913909199,7.20945559539002,-5.99228108013383,-2.81,0.161083134780926,0.031748573848615,12.150505065918,17.1198227524272,0.169811621740548,1.11053725058659,175.671737670898,41.8520753705471,95.1259986218295,-175.671737670898,1.10024189949036,12.3227491378784,6.1100001335144,15.5819997787476,30.8199996948242,991.320045491756
8.375,-0.0428803410453934,-0.0518753085460267,0.468439209679642,0.0634763879240707,0.0724317459670298,-9.41443593399982,0.163011073916069,0.00455692988421506,-0.0109903788834428,-0.0165915347922259,0.00882390831742733,1.63515184146085,0.087780247768399,0.0230655138733161,-0.0189736124625211,10.4658667187132,-6.22842568698905,-0.206078883761602,5.54510173963268,10.8436119080048,-0.195060770642895,7.20948329781686,-5.99257571810821,-2.81,0.162793130492107,0.0310956512074154,12.150505065918,17.1191497138771,0.1698118168693,1.11053729433743,175.679260253906,42.1315054475337,95.6803052652831,-175.679260253906,1.09818553924561,12.3202428817749,6.17999982833862,15.585000038147,30.8199996948242,991.314445721814
8.4,-0.0427254042163388,-0.0510970844580492,0.4679536202068,0.0815151514367574,0.0123029876345193,-9.38498608386615,0.145561325675752,-0.00836619168453345,-0.0127193318646236,-0.0103828096602515,0.0084126915859435,1.6350585936768,0.200138950173421,0.00474056658844089,-0.00477080432729527,10.4585988348465,-6.18927496073276,-0.21337524355686,5.50685106248834,10.8329740545774,-0.237081485554034,7.20950036155083,-5.99274284275037,-2.81,0.159855831372289,0.0345204459135742,12.1351856195702,17.1062466200683,0.169811835752727,1.11053729857138,175.679992675781,42.1585470674298,95.733947843687,-175.679992675781,1.09798657894135,12.3199996948242,6.17999982833862,15.585000038147,30.8199996948242,991.320150123452
8.425,-0.0433452741200907,-0.0596511026328298,0.467468023752906,0.0698759524140456,-0.00271330449783266,-9.31344305859906,0.131080200205049,-0.0086419995709788,-0.0132148335998634,-0.00676941355964675,0.00860663588133167,1.63450934754159,0.0771578568678848,0.00501555914409896,-0.0176951173445872,10.4580290249071,-6.18756313612137,-0.124699328125432,5.5099177099465,10.8297183904423,-0.172814886670776,7.20951425762463,-5.99287200042554,-2.81,0.163675131887138,0.0354317785728027,12.1136462476376,17.1126538329321,0.169811835752727,1.11053729857138,175.679992675781,42.1585470674298,95.733947843687,-175.679992675781,1.09798657894135,12.3199996948242,6.17999982833862,15.585000038147,30.8199996948242,991.327065686331
8.45,-0.0436577398098328,-0.0634676079138505,0.466982438899768,0.0495672946968569,-0.104413169282247,-9.34404724603175,0.0832247615044635,0.00153263078503059,-0.0126435091870815,-0.00461949716051685,0.00859646924179474,1.63404399872828,0.110913627060306,0.00291634673873435,-0.00964135296446105,10.4500510373266,-6.16755444899362,-0.104670500616738,5.49520447160126,10.8179674431831,-0.166008105996809,7.20952815369844,-5.99300115810071,-2.81,0.16408807702822,0.0371617608776125,12.1077718734741,17.1037500021458,0.169811835752727,1.11053729857138,175.679992675781,42.1585470674298,95.733947843687,-175.679992675781,1.09798657894135,12.3199996948242,6.17999982833862,15.585000038147,30.8199996948242,991.33398124921
8.475,-0.0434960097003024,-0.0639283697088201,0.466496839028294,0.0347298656749429,0.00163461484643437,-9.41587625279954,0.0604242241717649,-0.00206080360653652,-0.0112747378300256,-0.00470153532149128,0.00886352874972599,1.63388639358339,0.0442945686899876,0.00665509601606444,-0.0135361134269046,10.4519872780474,-6.16657803507219,-0.074721027559443,5.49566432914227,10.819188244713,-0.138366404579701,7.20954204977225,-5.99313031577588,-2.81,0.165944882894941,0.0372520453298806,12.1077718734741,17.1093266462713,0.169811835752727,1.11053729857138,175.679992675781,42.1585470674298,95.733947843687,-175.679992675781,1.09798657894135,12.3199996948242,6.17999982833862,15.585000038147,30.8199996948242,991.340896812089
8.5,-0.0433397118199738,-0.0631455301475804,0.466011248373195,0.0689854485642007,-0.123613612008255,-9.61044704234756,0.0101148916432307,-0.00486761773877977,-0.00919276012385815,-0.00326736889855142,0.00888477825682593,1.63399793605014,0.013423968554889,0.0117011361325469,-0.0126893733310641,10.4478161761233,-6.1467498427293,-0.0946468294810325,5.47494199330989,10.8141271919779,-0.167385026521104,7.20955534068936,-5.993270498082,-2.81,0.164271990761081,0.0386291825548987,12.0996327875759,17.1020733969537,0.16981201289659,1.11053733815884,175.691467285156,42.4113862161526,96.2371644080052,-175.691467285156,1.09862637519836,12.2879238128662,6.19999980926514,15.5769996643066,30.8199996948242,991.342498532524
8.525,-0.0431776720603776,-0.0645623149660132,0.465525657750485,0.0709488371370361,0.0162148697795162,-9.75820408512233,-0.0197898994502099,0.0015761127717445,-0.00422374741004561,-0.00480879414305734,0.00919735374704914,1.63354551554622,-0.0569891667944011,0.00939498539920846,-0.00728953682599554,10.4372002628547,-6.11556348384406,-0.0959938024850601,5.44948761308966,10.7991265878221,-0.162574773421799,7.20956850133118,-5.99341305371901,-2.81,0.165053579282784,0.0403897005485794,12.088683082087,17.0908201288354,0.169812206712816,1.11053738147217,175.703979492188,42.6880219933905,96.7877425315296,-175.703979492188,1.09932637214661,12.2528305053711,6.19999980926514,15.5769996643066,30.8199996948242,991.343600126611
8.55,-0.0427058159105839,-0.0625068049064647,0.465040858390793,0.0776650556274721,-0.0584502668307977,-9.84904546293986,-0.0465216520876433,0.00113864611496997,-0.0016637368633425,-0.00433550935820767,0.0092319447101304,1.63378118993059,-0.0379440001923886,0.0116653488122979,0.00307991320367472,10.4334343782969,-6.10548814084858,-0.0917550027826411,5.43707326423185,10.7960213468995,-0.161600561488428,7.20958166197301,-5.99355560935603,-2.81,0.165146068107371,0.0409750075880322,12.0860481262207,17.0893446327235,0.169812400529042,1.1105374247855,175.716522216797,42.964657767792,97.3383206548175,-175.716522216797,1.10002636909485,12.2177362442017,6.19999980926514,15.5769996643066,30.8199996948242,991.344701720698
8.575,-0.0431809374165327,-0.0623514413491933,0.465,0.061725032997299,0.0698680280646488,-9.93359689506886,-0.0627457754017031,-0.00526537764757328,0.00151960610623718,-0.00743542352127357,0.00915632128374782,1.63376655084882,-0.0204470469236877,-0.0046809091042487,0.00669443649481039,10.4243184855579,-6.10529486903295,-0.0868483882676278,5.43773383519432,10.7870706918933,-0.13689629070442,7.20959482261483,-5.99369816499305,-2.81,0.166705161679999,0.0404756644288874,12.0860481262207,17.0844718451475,0.169812594345268,1.11053746809884,175.729049682617,43.2412935450299,97.8888987781842,-175.729049682617,1.10072648525238,12.1826419830322,6.19999980926514,15.5769996643066,30.8199996948242,991.345803314785
8.6,-0.0433417404580907,-0.0618710701752575,0.465,0.075067784420604,-0.0738330981017399,-10.0389776769941,-0.072771102469963,-0.0189037128397504,0.00425513710460918,-0.00987240150377943,0.00897769033876789,1.63394417494886,-0.0426329696617669,-0.013090428740685,0.00926472834138299,10.4204543514594,-6.10570008331634,-0.0875015293213958,5.43654549173944,10.7843630660596,-0.120769580398222,7.20960798325665,-5.99384072063007,-2.81,0.167577067075199,0.0399675858504048,12.076514442012,17.0846080773374,0.169812608933586,1.11053747135898,175.729995727539,43.2621155923215,97.9303401423713,-175.729995727539,1.10077917575836,12.1800003051758,5.8600001335144,15.6090002059937,30.8199996948242,991.347626472741
8.625,-0.043496386887235,-0.0601989903946118,0.465,0.0762098665212377,0.00163332655710785,-10.0301244305867,-0.0973035051891828,-0.0218641240735665,0.00873999534614591,-0.0118658281862736,0.00883157178759575,1.63408946990967,-0.0607808604836464,-0.019969342276454,0.0113672045990825,10.415708006897,-6.10001691081604,-0.105795376265406,5.42986835008177,10.7800361174439,-0.125392448756946,7.20963726117854,-5.9941416444309,-2.81,0.167277198644917,0.0399127665863241,12.0642192768601,17.0806245397548,0.169812608933586,1.11053747135898,175.729995727539,43.2621155923215,97.9303401423713,-175.729995727539,1.10077917575836,12.1800003051758,5.8600001335144,15.6090002059937,30.8199996948242,991.349508362639
8.65,-0.0439877716372554,-0.0548860031528492,0.465,0.0266354201285223,0.0336053874053957,-10.0555063999915,-0.0937010420654747,-0.0220481311119894,0.0142953379413443,-0.0136262499976123,0.00861393126215105,1.63441155562488,-0.0645651563115221,-0.0200002193904546,0.013881393575309,10.4054420258031,-6.09543333330917,-0.142422910701318,5.42303451826145,10.7710870525678,-0.148982812461128,7.20968666188783,-5.99464029445342,-2.81,0.16583643925355,0.0397835844626646,12.0616550445557,17.0693512421931,0.169812608933586,1.11053747135898,175.729995727539,43.2621155923215,97.9303401423713,-175.729995727539,1.10077917575836,12.1800003051758,5.53999996185303,15.6319999694824,30.8199996948242,991.351390252537
8.675,-0.0439877716372554,-0.0548860031528492,0.465,0.0252059271891208,0.0196112472756878,-10.1632140032738,-0.08981109893242,-0.0218021595625622,0.019103284480273,-0.0173177824991146,0.00815754798619505,1.63508695618985,-0.0725006698083014,-0.0200649674350152,0.0191535449772514,10.4043015320557,-6.09604522310202,-0.141468872784262,5.41658640063955,10.7739167117678,-0.120754404909174,7.20973606259711,-5.99513894447595,-2.81,0.167113624893546,0.0388345852375223,12.0616550445557,17.0777239462141,0.169812608933586,1.11053747135898,175.729995727539,43.2621155923215,97.9303401423713,-175.729995727539,1.10077917575836,12.1800003051758,5.53999996185303,15.6319999694824,30.8199996948242,991.353272142436
8.7,-0.0452656863485209,-0.0498039057348075,0.465,0.01798375985499,0.0189278098741557,-10.1217976091004,-0.089429088174853,-0.0265164560990408,0.0257600327977078,-0.0192123258317983,0.00788943781210681,1.63595157736308,-0.151466057393741,-0.0107471626846973,0.0197548589629,10.3787276197436,-6.09486023925661,-0.207675579569702,5.40910393522643,10.7526880893655,-0.172426674223889,7.20976555870615,-5.99539616237859,-2.81,0.164101779512908,0.0383109791551098,12.0549923955912,17.0498534138754,0.169812789426975,1.11053751146862,175.737030029297,43.5182898752899,98.4430717829013,-175.737030029297,1.10208892822266,12.1846895217896,5.53999996185303,15.6319999694824,30.8199996948242,991.344333535577
8.725,-0.0454290706387458,-0.0467878496470151,0.465,0.0245475107099475,0.081839904301546,-10.2392303969689,-0.0857572199066391,-0.0295953139872085,0.0290771633967888,-0.0200111645662583,0.00689286061515155,1.63678459680239,-0.0551589364090295,-0.0247432354677092,0.0342294122001493,10.3585902944938,-6.0926632447105,-0.256144911143315,5.40032774591107,10.7368872041334,-0.205577042958934,7.20978908026123,-5.99558091214775,-2.81,0.161338801642611,0.0380357065110567,12.0467413005161,17.0303452261555,0.169812982368184,1.11053755434444,175.744552612305,43.7921313513609,98.9911642262889,-175.744552612305,1.10348892211914,12.1897039413452,5.53999996185303,15.6319999694824,30.8199996948242,991.334648687563
8.75,-0.0459066540794183,-0.0459998704029545,0.465,0.043009903731496,0.0130008014625482,-10.2880793488895,-0.0870598348569017,-0.0337311201738793,0.0333374573462346,-0.023652000431907,0.00644058155885968,1.63768873577498,-0.116649341095593,-0.0231823755909541,0.0317115476318916,10.346437382547,-6.10917452849704,-0.264317303642981,5.40852757637938,10.7309705648865,-0.186396777577662,7.20981260181632,-5.99576566191691,-2.81,0.162155354645231,0.0360922797204215,12.0452852249146,17.0267914303496,0.169813175309393,1.11053759722027,175.752059936523,44.0659728260136,99.5392566695977,-175.752059936523,1.10488891601562,12.1947174072266,5.53999996185303,15.6319999694824,30.8199996948242,991.324963839549
8.775,-0.0463873695671797,-0.0423439478737356,0.465,0.00663754074207205,0.0846108497823914,-10.3286648991567,-0.0822384452017231,-0.0313802463977027,0.03628652112474,-0.0234479196369648,0.00615342333912849,1.63826608657837,-0.142451643943787,-0.0169210620224476,0.0347459241747856,10.3279509269835,-6.10217993368705,-0.313231066882501,5.39773767682587,10.7149956662901,-0.233623282428305,7.2098361233714,-5.99595041168608,-2.81,0.159252880568271,0.0363693986355306,12.0452852249146,17.0052091016795,0.169813368250603,1.11053764009609,175.75959777832,44.3398143006664,100.087349112985,-175.75959777832,1.10628890991211,12.1997308731079,5.48999977111816,15.6400003433228,30.8199996948242,991.315278991535
8.8,-0.0471850000755508,-0.0415350249115427,0.465,0.044378291954197,0.0469966297669621,-10.4148612914783,-0.0760115503836666,-0.0307459635983015,0.0382595289122599,-0.0289059670001886,0.00527061745658102,1.63949576537673,-0.0994843508798991,-0.0241701548344459,0.0348673794843028,10.3236502751344,-6.10442793367178,-0.319987201895144,5.38810117220497,10.7179016082666,-0.197833474544264,7.20986044707369,-5.99614540814291,-2.81,0.160583522923885,0.0347877077837179,12.0315450606642,17.0147462067182,0.169813378623786,1.11053764240125,175.759994506836,44.3545369606397,100.116816448634,-175.759994506836,1.10636425018311,12.1999998092651,5.48999977111816,15.6400003433228,30.8199996948242,991.317465563669
8.825,-0.0479855280592227,-0.036308390262857,0.465,0.0631458983379076,0.0842856706620443,-10.4403468487846,-0.0651197876639761,-0.031926938833549,0.0386596517522959,-0.0277414551466189,0.00455972959704488,1.6407631964645,-0.102202117095671,-0.0172184302162379,0.0417877477808626,10.3156785699337,-6.11672951105134,-0.367895233326705,5.38849934776317,10.7175995769526,-0.245122947765909,7.2098999284087,-5.99653402931674,-2.81,0.157042295420525,0.0338116018659789,12.0151793873214,17.0075970253435,0.169813378623786,1.11053764240125,175.759994506836,44.3545369606397,100.116816448634,-175.759994506836,1.10636425018311,12.1999998092651,5.48999977111816,15.6400003433228,30.8199996948242,991.320326648311
8.85,-0.0484594582462403,-0.0377362448573776,0.465,0.0742114256402291,0.108701710488899,-10.2888183864584,-0.0481892712776653,-0.0361598499631594,0.0410765461900662,-0.0300585076148831,0.00409227485702864,1.64138430009659,-0.0895009776904042,-0.0229109328491094,0.0384932434242717,10.3055398807391,-6.12661096883668,-0.3721442075434,5.39296689652807,10.7117227871654,-0.230018460251772,7.20993940974371,-5.99692265049057,-2.81,0.157553067552928,0.032592628029522,12.0128164291382,17.0040150029493,0.169813378623786,1.11053764240125,175.759994506836,44.3545369606397,100.116816448634,-175.759994506836,1.10636425018311,12.1999998092651,5.48999977111816,15.6400003433228,30.8199996948242,991.323187732954
8.875,-0.0489408005389753,-0.034403220319337,0.465,0.0399538357361394,0.103833681344402,-10.1998486829575,-0.023063086462224,-0.0351156328529307,0.0427677631021662,-0.0323755600831475,0.00362482011701237,1.64200540372868,-0.0767998382851366,-0.0286034354819813,0.0351987390676806,10.296901892986,-6.13859576954373,-0.374740049270801,5.39936637732781,10.7074918535049,-0.213161090902726,7.20997889107872,-5.9973112716644,-2.81,0.158143917708386,0.0312448593626129,12.0128164291382,17.0021274388065,0.169813378623786,1.11053764240125,175.759994506836,44.3545369606397,100.116816448634,-175.759994506836,1.10636425018311,12.1999998092651,5.55999994277954,15.6280002593994,30.8199996948242,991.326048817596
8.9,-0.0497392226534831,-0.0313855903290082,0.465,0.0217735286572187,0.128417470558501,-10.1156460889784,0.000601188093848729,-0.0342173624909397,0.0444398832087512,-0.0304347990404286,0.00214152478976776,1.64393192201903,0.0681701925129873,-0.0310320072246065,0.0485712802737116,10.2793292572533,-6.14440357952944,-0.428743437500596,5.38707688251345,10.7010304626102,-0.263582932933966,7.21002102251207,-5.99772175985074,-2.81,0.153670200529347,0.030554007731463,11.9990899967697,16.9898702468308,0.169813562429067,1.11053768343295,175.774383544922,44.6166003070302,100.63895625445,-175.774383544922,1.10544312000275,12.1808090209961,5.55999994277954,15.6280002593994,30.8199996948242,991.327050386413
8.925,-0.0503687435828379,-0.0348793426492351,0.465,0.0242241838179145,0.105548776319109,-10.0007245418883,0.0231323645310197,-0.0246384411008354,0.0426097474398597,-0.0322622954845428,0.00208481401205063,1.64479696750641,-0.0340321473777294,-0.0165529940277338,0.0355346985161304,10.2704987631933,-6.18721332134815,-0.418737937734699,5.42124477594192,10.7001135845826,-0.240352544138946,7.21007184341647,-5.99820394830927,-2.81,0.154950629283085,0.0273776782184551,11.9833424946047,16.9893142520241,0.169813754495259,1.11053772630877,175.789443969727,44.8904417816829,101.184563017859,-175.789443969727,1.10448062419891,12.1607551574707,5.55999994277954,15.6280002593994,30.8199996948242,991.327968381486
8.95,-0.050684939517,-0.0348640330258127,0.465,0.0267099064324939,0.10952575817785,-9.9976206559482,0.0303095528808491,-0.0144567551789467,0.0441351185136949,-0.0290070727583394,0.00156408365610752,1.64626732543882,0.0513741437942032,-0.00680566608795726,0.0472674950742354,10.2531945831014,-6.18882046971634,-0.443329435145295,5.40837627022203,10.690990661974,-0.279685070517072,7.21012266432088,-5.99868613676779,-2.81,0.152094109461677,0.0273269499133379,11.9815740585327,16.976280374613,0.169813946561451,1.1105377691846,175.804473876953,45.1642832563357,101.730169781188,-175.804473876953,1.10351812839508,12.140700340271,5.55999994277954,15.6280002593994,30.8199996948242,991.328886376558
8.975,-0.0510006294513641,-0.0367808444310418,0.465,0.00412169539748632,0.103135895431575,-10.0536436368056,0.0466446903869981,-0.00550427627341326,0.0427457798478275,-0.0299813139979797,0.00165330896804353,1.64699054012933,0.0460887171861008,-0.0034971411064351,0.0413802537890477,10.2492785833639,-6.20995902332202,-0.413841886935295,5.421377966776,10.6925897128566,-0.244445969470445,7.21017348522529,-5.99916832522631,-2.81,0.154203851449093,0.0256208062299965,11.9815740585327,16.982244942654,0.169814138627644,1.11053781206042,175.819519042969,45.4381247324066,102.275776544518,-175.819519042969,1.10255551338196,12.1206474304199,5.55999994277954,15.6280002593994,30.8199996948242,991.329804371631
9,-0.0503716918313677,-0.0358329293417187,0.465,0.0195011212790133,0.0820605370579933,-10.0591203593414,0.0558148282271205,-0.000206388249700529,0.0439842359640544,-0.0294740515206266,0.0018332469405808,1.64771805199315,0.000449210628953031,0.00738958930462032,0.0361607188579266,10.2465732103529,-6.21461757253498,-0.411530423299806,5.41826791600274,10.6941319884705,-0.24699234982457,7.21020795050547,-5.99947616825881,-2.81,0.154184881443615,0.0251527441950179,11.9672450479471,16.9840104390138,0.169814144823327,1.11053781344351,175.820007324219,45.4469583275397,102.293376762713,-175.820007324219,1.10252451896667,12.1199998855591,5.69999980926514,15.5950002670288,30.8199996948242,991.328782731953
9.025,-0.0503652270856974,-0.0370885266387689,0.465,-0.00381869215981971,0.0975371232833226,-9.96320370432126,0.0637640207036124,0.00934166097551922,0.0423161620841654,-0.0263051919385968,0.00206857074024825,1.64952343159602,0.0901788740417561,0.0120487666650923,0.0429721377100671,10.2339252215982,-6.2146311795754,-0.436861480029125,5.39988444524805,10.691130822767,-0.294421127972361,7.21023811509135,-5.9997381673436,-2.81,0.151564750947532,0.025027749722897,11.9513898705536,16.9761781657811,0.169814144823327,1.11053781344351,175.820007324219,45.4469583275397,102.293376762713,-175.820007324219,1.10252451896667,12.1199998855591,5.69999980926514,15.5950002670288,30.8199996948242,991.327696437784
9.05,-0.0500435278587473,-0.0405921641701467,0.464920260002714,-0.0143462498095755,0.0549485681082417,-9.89524489602584,0.0611754647675404,0.0121227454262678,0.0414840108491593,-0.0238683442416737,0.00257226163446418,1.65081809320475,0.0408244141518552,0.0241881906897535,0.0406263711773522,10.2182010874605,-6.23437783342886,-0.411358289308244,5.40569417163515,10.683792364985,-0.288733961541539,7.21026827967722,-6.00000016642838,-2.81,0.152361965141108,0.0237992733275132,11.9501180648804,16.9694491183228,0.169814144823327,1.11053781344351,175.820007324219,45.4469583275397,102.293376762713,-175.820007324219,1.10252451896667,12.1199998855591,5.69999980926514,15.5950002670288,30.8199996948242,991.326610143615
9.075,-0.0497192508586571,-0.0440390708539224,0.464380713978362,-0.0444696059727533,0.130022616931273,-9.79365752678599,0.0377197986450116,0.0223466365886723,0.0376508716987583,-0.0215955118867071,0.00322947826457672,1.65182773404981,0.0734060368399886,0.0317059884455205,0.0437309079689722,10.2130103953353,-6.22684832922885,-0.420995333178626,5.38744032987409,10.6831604934724,-0.319416786914661,7.2102984442631,-6.00026216551317,-2.81,0.151164632080453,0.0242510281591605,11.9501180648804,16.9665084229151,0.169814144823327,1.11053781344351,175.820007324219,45.4469583275397,102.293376762713,-175.820007324219,1.10252451896667,12.1199998855591,5.69999980926514,15.5950002670288,30.8199996948242,991.325523849446
