0,-0.0274577680654609,-0.0688803923873464,0.481,-1.23788758030468,0.167432082969316,-10.1161183382144,-0.142582623131754,-0.0236487072767923,0.0382897340512825,-0.0223646517843008,-0.0331757627427578,1.63897001743317,-0.0707910507917404,-0.0359516441822052,0.0260220505297184,11.3889543621411,-5.91156539309388,-0.657316977159634,5.13443862478628,11.7772201233107,-0.146896710681763,7.1260064416131,-6.52397824240042,-2.81,0.111461226451443,0.037328704345305,12.9068870544434,18.6008688807729,0.169757320393541,1.11052585095682,173.110000610352,0,0,-173.110000610352,1.15662968158722,12.9700002670288,6.8600001335144,16.128999710083,37.2400016784668,991.448669433594
0.025,-0.0290468106753926,-0.0701705767626581,0.481,-0.169496306807834,0.0983739341030169,-9.89422259809377,-0.168863843352463,-0.0257838190126371,0.0264598424021726,-0.029699658073256,-0.032145864324139,1.63935872441907,-0.231043172742371,-0.0190388276941788,0.0213929505359029,11.3946993488635,-5.94400356267705,-0.655240804600681,5.16554878619878,11.7857652015953,-0.111966362742613,7.1260691481349,-6.52439365774693,-2.81,0.114500665090299,0.0343235658591576,12.9068870544434,18.6114196946845,0.169757528464978,1.11052589274522,173.117492675781,0.266896285769659,0.591078994590079,-173.117492675781,1.15362620353699,12.9550361633301,6.8600001335144,16.128999710083,37.2375068664551,991.446964508564
0.05,-0.0293602647007801,-0.065695490221617,0.481,-0.119835653543178,-0.00792443306090324,-9.49663492138649,-0.194272304807861,-0.0446536978717713,0.0251928382437671,-0.029171946668901,-0.0339999720654432,1.63989369049186,-0.151664923039191,-0.0364549272716419,0.0270523536539786,11.3829271428446,-5.90743633035862,-0.710821924885988,5.12480227012994,11.7765748788711,-0.150956814550785,7.12613185465669,-6.52480907309344,-2.81,0.110648263317061,0.0362090850427456,12.9068402836272,18.6015183607471,0.169757736536416,1.11052593453363,173.124969482422,0.533792570121152,1.18215798910131,-173.124969482422,1.15062260627747,12.940071105957,6.8600001335144,16.128999710083,37.2350158691406,991.445259583534
0.075,-0.0306353710503096,-0.0669705965711465,0.481,-0.196971838495696,0.103311089752759,-9.37626181009456,-0.202143591740255,-0.0350061693754472,0.0324132985204214,-0.0344270393996191,-0.0356498710771489,1.64094307617929,-0.126216601526098,-0.0432031015623132,0.0334443493478956,11.3771577146678,-5.90637595734296,-0.740344247059727,5.11552933717625,11.7765600373554,-0.130757428506836,7.12619456117849,-6.52522448843995,-2.81,0.110229041395615,0.0351006935502528,12.8969716414137,18.6058171609999,0.169757944607853,1.11052597632204,173.132446289062,0.800688857308977,1.77323698361254,-173.132446289062,1.14761900901794,12.9251070022583,6.8600001335144,16.128999710083,37.2325172424316,991.443554658505
0.1,-0.0319164788669418,-0.0580682293983084,0.481,-0.146879212861179,0.187584017604341,-9.64175386626256,-0.180606176713189,0.000348817858770389,0.0341266989618545,-0.0410987619715807,-0.0353764719819413,1.64167979105841,-0.173276730174028,-0.0227205426966143,0.0353335869968939,11.3836668459967,-5.93735218086522,-0.752784024311765,5.14128663167,11.7882483647899,-0.105251263965813,7.12625901033916,-6.5256375418392,-2.81,0.11191528650051,0.0321258275022244,12.8871965408325,18.618651886487,0.169758152679291,1.11052601811044,173.139938354492,1.06758514307864,2.36431597812378,-173.139938354492,1.14461553096771,12.9101419448853,7.19000005722046,16.0750007629395,37.2300224304199,991.441849733475
0.125,-0.0295549817330356,-0.0480843114502024,0.481,-0.150049043653864,0.0695974062267746,-9.46501129634048,-0.198367587832489,0.0243108291888645,0.035543224802046,-0.0448888970191704,-0.0355099263471203,1.64301179815082,-0.13423193945754,0.0230744257968715,0.0406951089337062,11.3789257651051,-5.92686112080003,-0.812969631886075,5.11994253070554,11.7912941012846,-0.141865551406699,7.12632432886382,-6.52604941691518,-2.81,0.109903420762214,0.0316128837329671,12.8871965408325,18.6190650388113,0.169758154660923,1.11052601850843,173.139999389648,1.07012701207523,2.36994530190806,-173.139999389648,1.14458692073822,12.9099998474121,7.19000005722046,16.0750007629395,37.2299995422363,991.436993596673
0.15,-0.0290838552427021,-0.0431516692921507,0.481,-0.117718199330687,0.1943176064002,-9.54527659194252,-0.18369570202228,0.0307439692241331,0.0377514083579668,-0.0508671396150346,-0.0337688741320402,1.64348695399083,-0.227745034009734,0.0376422547594248,0.0381428328973181,11.3812599617142,-5.96960184081218,-0.789481169010207,5.15887124533914,11.7969687870625,-0.100398611819019,7.12638964738848,-6.52646129199116,-2.81,0.113870595741774,0.0281706534313239,12.8872009512931,18.6268934126763,0.169758154660923,1.11052601850843,173.139999389648,1.07012701207523,2.36994530190806,-173.139999389648,1.14458692073822,12.9099998474121,7.19000005722046,16.0750007629395,37.2299995422363,991.432107159757
0.175,-0.0281422032949537,-0.0377685851102853,0.481,-0.0751358409578246,0.202733683506307,-9.62722413591734,-0.165900692576449,0.0203096733015211,0.0353707472382665,-0.0570047890909757,-0.0326006126070875,1.64462689103208,-0.23085689634441,0.0341500164130822,0.0372468955962641,11.3726739666026,-5.96139742750619,-0.809848375452737,5.14194484981047,11.793330147304,-0.0979491130139737,7.12645496591314,-6.52687316706713,-2.81,0.115334707740663,0.027196080049834,12.8875111536855,18.6258784999369,0.169758154660923,1.11052601850843,173.139999389648,1.07012701207523,2.36994530190806,-173.139999389648,1.14458692073822,12.9099998474121,7.19000005722046,16.0750007629395,37.2299995422363,991.427220722842
0.2,-0.0281532287132968,-0.0314259475771069,0.481,-0.20569349880267,0.22301516092634,-9.57652124858473,-0.141470654619338,0.0420500824823044,0.0352835285778172,-0.0580893082239326,-0.0330280860224841,1.64605463078273,-0.0920381835097035,0.0312924467083187,0.0401727656051172,11.3663535390895,-5.9729256476083,-0.840466399306341,5.13926792560155,11.7962083000067,-0.116671622637244,7.1265202844378,-6.52728504214311,-2.81,0.113836178860715,0.0258770798960802,12.8878154754639,18.6266904721643,0.169758154660923,1.11052601850843,173.139999389648,1.07012701207523,2.36994530190806,-173.139999389648,1.14458692073822,12.9099998474121,7.13000011444092,16.0930004119873,37.2299995422363,991.422334285926
0.225,-0.0278248335597902,-0.0345878921249304,0.481,-0.1224613857764,0.336204373211579,-10.0211752126007,-0.069302317935474,0.0831101256845534,0.0346858481379995,-0.063097627402164,-0.0296925559848996,1.64677079574242,-0.138749881452642,0.0857595276255299,0.0325047095895736,11.3772093933503,-6.03888862433837,-0.793311896548194,5.1952728042313,11.8127992093193,-0.0729965233958318,7.12659017273316,-6.52773472578643,-2.81,0.119265542265689,0.0211673477138847,12.8878154754639,18.6439362751964,0.169758357915086,1.11052605907386,173.142456054688,1.32921234511805,2.94733962237861,-173.142456054688,1.14685010910034,12.9222326278687,7.13000011444092,16.0930004119873,37.2299995422363,991.426273010689
0.25,-0.0249787491707521,-0.0307895818852975,0.481,-0.0545217129327702,0.271444200088714,-10.3211793056172,-0.0232654388827067,0.0879932373837647,0.0278247811319891,-0.0615541721710967,-0.0285113395572741,1.6474899377505,-0.0503758704230754,0.0738513345845563,0.029140004096607,11.3760538491769,-6.03925333732443,-0.791321283691482,5.18645722878409,11.8154655531942,-0.0938434923388023,7.12667340675998,-6.52829482700239,-2.81,0.119258672020174,0.0210988078679117,12.8878568504315,18.6449856496984,0.169758565115932,1.11052610042697,173.144927978516,1.59332846043178,3.53594548308691,-173.144927978516,1.14915716648102,12.93470287323,7.13000011444092,16.0930004119873,37.2299995422363,991.430383097814
0.275,-0.0249787491707521,-0.0307895818852975,0.481,-0.00390398333997306,0.289447782520939,-10.5286153011843,0.00910067352042834,0.0693371356605899,0.023574932308362,-0.0600107169400294,-0.0273301231296487,1.64820907975858,0.037998140606492,0.0619431415435828,0.0257752986036403,11.3683606971023,-6.03600451728441,-0.790982921490499,5.17463886497821,11.8113553734709,-0.116731798692152,7.12675664078679,-6.52885492821835,-2.81,0.119206584101158,0.0212318932084157,12.8896028740672,18.6394144576752,0.169758772316778,1.11052614178008,173.147430419922,1.85744457716368,4.12455134371637,-173.147430419922,1.15146422386169,12.9471740722656,7.78999996185303,16.0620002746582,37.2299995422363,991.434493184939
0.3,-0.0236943485447124,-0.0384032086884911,0.481,0.0239713209438239,0.252859625565234,-10.702426919017,0.0380019043136335,0.0529197736705744,0.0153342726386366,-0.0623832599303507,-0.024558076835695,1.64854242930362,-0.00688709069386184,0.0556272298967654,0.0159397978910413,11.3618541707938,-6.09540055948927,-0.757528046281445,5.2293495568669,11.8094874091257,-0.0969394950822383,7.12683975267234,-6.52939660371176,-2.81,0.122912598252961,0.0174749339638656,12.8912992477417,18.6353382900023,0.169758979517623,1.11052618313319,173.149917602539,2.12156069389558,4.71315720442468,-173.149917602539,1.15377128124237,12.9596433639526,7.78999996185303,16.0620002746582,37.2299995422363,991.438603272064
0.325,-0.0221180081693964,-0.0339744396516065,0.481,-0.0248624781731051,0.266766551631279,-10.5486644550865,0.0423369435937925,0.0582364741274566,0.0101004982361943,-0.0617205000925755,-0.0243766245707732,1.64868301953036,0.0147626479260148,0.0499688828109842,0.0144337979702915,11.3560205052033,-6.07248167060715,-0.780666436615609,5.2064573378005,11.8033964749155,-0.127707029296593,7.12692276741318,-6.52992362436221,-2.81,0.121548535812483,0.0187656297123155,12.8912992477417,18.6277617793873,0.169758985437647,1.11052618431471,173.149993896484,2.12910686801105,4.72997451474189,-173.149993896484,1.15383720397949,12.960000038147,7.78999996185303,16.0620002746582,37.2299995422363,991.442565483039
0.35,-0.023062889557132,-0.0377766701735123,0.481,0.108922692564996,0.31227240173766,-10.6282249161536,0.0757658917736961,0.0689277830703282,0.00165766828093956,-0.0573592425367391,-0.0237561936158782,1.6490925403848,0.126497333237394,0.0371648621840665,0.00874314923770521,11.3629185202175,-6.09966114473085,-0.756783214998268,5.22495735024988,11.8142234277399,-0.135829671483306,7.12700578215402,-6.53045064501267,-2.81,0.121494479739817,0.0178405775691471,12.8915540985144,18.6358805002272,0.169758985437647,1.11052618431471,173.149993896484,2.12910686801105,4.72997451474189,-173.149993896484,1.15383720397949,12.960000038147,7.78999996185303,16.0620002746582,37.2299995422363,991.446523344715
0.375,-0.0216280779502118,-0.0401639733638176,0.481,0.103456167720005,0.229457525867584,-10.4999452718449,0.0704740929777871,0.052759693630887,-0.0064618241907839,-0.0558039252897394,-0.0210480954543255,1.64895785254396,0.0666578867932271,0.0540466879032414,-0.00544561679682727,11.3634453125522,-6.12270059062592,-0.728974604264626,5.24732180850768,11.8148521532254,-0.147099635837116,7.12708879689486,-6.53097766566312,-2.81,0.123518885750436,0.0168532443455613,12.8992360289476,18.6331434284102,0.169758985437647,1.11052618431471,173.149993896484,2.12910686801105,4.72997451474189,-173.149993896484,1.15383720397949,12.960000038147,7.78999996185303,16.0620002746582,37.2299995422363,991.450481206391
0.4,-0.0192542482744759,-0.0390573460126737,0.481,0.120719432713911,0.273517176027466,-10.4174033271242,0.0835728745815382,0.0263388232822768,-0.0140661357475586,-0.0544654952746616,-0.0205189051064954,1.6487432364992,0.121313947705929,0.0010641828925376,-0.00876099752709591,11.3622205088219,-6.09762623451898,-0.735298313411215,5.22479448831981,11.8107877700203,-0.169053255083199,7.12715545733483,-6.53141643182797,-2.81,0.122952783740781,0.0184924173105802,12.906626701355,18.6287420924822,0.169758985437647,1.11052618431471,173.149993896484,2.12910686801105,4.72997451474189,-173.149993896484,1.15383720397949,12.960000038147,8.40999984741211,16.0480003356934,37.2299995422363,991.454439068067
0.425,-0.0209894368377365,-0.0436585301828615,0.481,0.0460135448051005,0.181855424454823,-10.3155815540266,0.0859690507275037,0.0256355449419113,-0.0204874705660439,-0.0502947736772777,-0.019856409259529,1.64830126646389,0.0678121821660812,0.0427787045245492,-0.0219922724675574,11.3628756089926,-6.12335035364776,-0.716110313332776,5.25289119019807,11.8108977449454,-0.18167069714758,7.12721289322373,-6.53180541854851,-2.81,0.122828256956822,0.0179444596030761,12.906626701355,18.6246062002587,0.169759186838693,1.11052622409246,173.157196044922,2.38316141736477,5.3021045930645,-173.157196044922,1.15429782867432,12.9743938446045,8.40999984741211,16.0480003356934,37.2299995422363,991.445277125705
0.45,-0.0205070625617672,-0.0479393401807692,0.48099963418934,0.0836143630929629,0.234924041537483,-10.4826857479894,0.0804890785651267,0.0430132768505516,-0.0275436751546875,-0.0510705051675609,-0.0194133918482607,1.64798139826243,0.0992497303067805,0.0203500339490615,-0.0204610472065278,11.3713205217189,-6.10804597031993,-0.716332892607337,5.24111535620254,11.8163273380954,-0.182775431048652,7.12727032911262,-6.53219440526905,-2.81,0.123222558862208,0.0187484254868801,12.9067272720881,18.6313751420622,0.169759396216019,1.11052626544557,173.164672851562,2.64727753409667,5.89689328843782,-173.164672851562,1.15477657318115,12.9893589019775,8.40999984741211,16.0480003356934,37.2299995422363,991.435595587144
0.475,-0.0200309011311257,-0.0474631787501277,0.480698415433675,0.00572358780991314,0.175812787198058,-10.5166695688986,0.0875849773565837,0.0545509933435255,-0.0329269305615472,-0.0497291065059383,-0.0179168278280016,1.64707616446485,0.100062650971854,0.0236021087929886,-0.0255488836399751,11.3782427469356,-6.10623025282499,-0.708279012862747,5.24855106059471,11.8179881846404,-0.199955246992555,7.12732776500152,-6.53258339198959,-2.81,0.123796477019069,0.0193786621828446,12.9090850970524,18.6302338339255,0.169759605593344,1.11052630679868,173.172149658203,2.91139364941041,6.49168198381114,-173.172149658203,1.15525543689728,13.0043239593506,8.40999984741211,16.0480003356934,37.2299995422363,991.425914048582
0.5,-0.017963363161243,-0.0504830395812934,0.480293754963528,0.0447876238277197,0.174918925598604,-10.4760247602836,0.0728592246921039,0.0387353968259939,-0.0394203470901733,-0.0477397340297584,-0.016563130641879,1.64603629998549,0.0737185632661001,0.0296877938337666,-0.0332883152297982,11.376497263081,-6.10064356381375,-0.702599031992258,5.25433307930191,11.810114465293,-0.222187933468857,7.12738520089042,-6.53297237871013,-2.81,0.124028337439977,0.0203812015242536,12.9113311767578,18.619181789448,0.169759814970669,1.11052634815179,173.179641723633,3.17550976614231,7.08647067918445,-173.179641723633,1.15573418140411,13.0192880630493,7.65999984741211,16.0659999847412,37.2299995422363,991.416232510021
0.525,-0.0178029522048822,-0.0509622394687613,0.479889094466607,-0.038576123719038,0.138994055161548,-10.2941679891262,0.0705343442804474,0.0300147903416468,-0.0428024193099647,-0.0464202112773916,-0.0158251442395603,1.64520866355351,0.0462719276681016,0.0245980529546819,-0.0393132380720234,11.3742905924909,-6.09363805611983,-0.696083128637648,5.25645415277548,11.8028414279349,-0.232522967005075,7.12746154548317,-6.53345615798756,-2.81,0.12427843085944,0.0212817007960486,12.9113311767578,18.6108534376769,0.169759824941018,1.11052635012098,173.179992675781,3.18808672394686,7.11479395034014,-173.179992675781,1.15575706958771,13.0200004577637,7.65999984741211,16.0659999847412,37.2299995422363,991.424325104847
0.55,-0.0176440061578325,-0.0520702037533527,0.479484437857839,0.00105195762863215,0.100064383275772,-10.277496992825,0.0459394980224999,0.0244857407036231,-0.0487251470831784,-0.0449245925509289,-0.0151312161808407,1.64388147678291,0.0120583845765652,0.0212001442446146,-0.0460720551900589,11.3802136496196,-6.06503059625851,-0.701883245141362,5.24281094918469,11.7997292304991,-0.256558711338027,7.127542294998,-6.53396201989051,-2.81,0.123770572197847,0.0235577692741646,12.9106812193954,18.6063566967085,0.169759824941018,1.11052635012098,173.179992675781,3.18808672394686,7.11479395034014,-173.179992675781,1.15575706958771,13.0200004577637,7.65999984741211,16.0659999847412,37.2299995422363,991.433306406343
0.575,-0.0179598243847373,-0.0527062202313786,0.479079781218083,-0.0795088242881807,0.10639949136129,-10.2199969858748,0.0278391119047179,0.0199890066910547,-0.0513689832377819,-0.0440700873732567,-0.0147804487496614,1.64299845695496,-0.0084843086078763,0.0200189631432295,-0.0499111376702785,11.392432780475,-6.02973897548604,-0.708359556985293,5.21709076052759,11.8048361901664,-0.273599254138036,7.12762304451283,-6.53446788179347,-2.81,0.123240610549427,0.0259144875412295,12.8982138554444,18.6121878401106,0.169759824941018,1.11052635012098,173.179992675781,3.18808672394686,7.11479395034014,-173.179992675781,1.15575706958771,13.0200004577637,7.65999984741211,16.0659999847412,37.2299995422363,991.442287707838
0.6,-0.0179589460119711,-0.0530230710678626,0.478675116875944,0.0183241132560605,0.112146152505312,-10.2524091344199,0.0194688263956319,0.0108621621287934,-0.0556472897767244,-0.0393644928516734,-0.016248963223419,1.64219608371473,0.088426670747809,0.00650796430783095,-0.0514847305118458,11.3928503885301,-6.0605558639216,-0.691704282905139,5.25441027929476,11.8036204691087,-0.26748571590604,7.12770379402765,-6.53497374369643,-2.81,0.121957808086537,0.0253439788685913,12.8864555358887,18.6085368898012,0.169759824941018,1.11052635012098,173.179992675781,3.18808672394686,7.11479395034014,-173.179992675781,1.15575706958771,13.0200004577637,6.98000001907349,16.0949993133545,37.2299995422363,991.451269009334
0.625,-0.0179588245290554,-0.0549325228460007,0.478270461239477,-0.0491888879514511,0.0446200718472213,-10.0766137497552,-0.0010435602259054,-0.00421033958505029,-0.0593823813712577,-0.0389262362982202,-0.0162479983785817,1.63993416119104,0.0554787988397251,-0.00621443710918495,-0.0552075265269984,11.4054355607786,-5.99193760457427,-0.730602279350941,5.21308598280297,11.8003289799956,-0.311491217463828,7.12778552893508,-6.535476022922,-2.81,0.119787569627927,0.0299645804014033,12.8864555358887,18.6040416467333,0.169760022764346,1.11052638911106,173.191757202148,3.43711049102966,7.67676062623977,-173.191757202148,1.15510034561157,13.0247030258179,6.98000001907349,16.0949993133545,37.2276496887207,991.448725104615
0.65,-0.0198549675851823,-0.0587338925065435,0.477865799769417,-0.107722800843064,0.0506062779027448,-9.8741768225259,-0.0109465938258547,-7.64440286611144e-05,-0.0573664878334223,-0.0418703096511742,-0.0151788616485286,1.63903039377681,-0.0313804112800112,0.000394643904663032,-0.0582428778736669,11.4073179577464,-6.01213870600082,-0.70472638068481,5.24417860930034,11.7978794936637,-0.279256598302986,7.12786735909523,-6.53597795582897,-2.81,0.122660890607622,0.0287361172182651,12.886223541586,18.6033135341438,0.169760232576967,1.11052643046417,173.204223632812,3.7012266063434,8.27278588851455,-173.204223632812,1.15440392494202,13.0296907424927,6.98000001907349,16.0949993133545,37.2251510620117,991.44548270255
0.675,-0.018908656169718,-0.0539658941176333,0.477461137370499,-0.0360450418355178,0.101642768454159,-9.86361515276447,-0.0164229496210251,-0.00413001376736745,-0.0582703633112594,-0.0436155779628174,-0.0148409363665431,1.63733240183067,-0.0708308271524988,0.00355574148458354,-0.057641848712836,11.4073084523606,-5.99064183439356,-0.721237518279735,5.24427203293213,11.787627604,-0.290009632739341,7.12794918925538,-6.53647988873593,-2.81,0.122629817860533,0.0302652700684561,12.8824580955958,18.5922431805762,0.169760442389588,1.11052647181728,173.216690063477,3.9653427230753,8.86881115086818,-173.216690063477,1.15370738506317,13.0346794128418,6.98000001907349,16.0949993133545,37.2226638793945,991.442240300484
0.7,-0.0185972536381952,-0.0511251776658694,0.477109066843012,-0.127201635106919,0.00651433420831807,-9.71377734748123,-0.0219981807565695,-0.00262136320374052,-0.0558170719658519,-0.0401097631040232,-0.0168009285731999,1.63559958639124,0.0461059481807329,-0.0152825788361432,-0.0517440430665133,11.4199892000189,-5.94388912957958,-0.747304462876307,5.2165622720051,11.7894777348336,-0.316430206636459,7.12803101941553,-6.53698182164289,-2.81,0.119263885383501,0.0340243739178442,12.878942489624,18.593835617265,0.169760652202209,1.11052651317039,173.229156494141,4.22945883838903,9.46483641314296,-173.229156494141,1.15301096439362,13.0396671295166,7.05000019073486,16.0909996032715,37.2201690673828,991.438997898419
0.725,-0.0204929137011202,-0.056828139221957,0.477,-0.0952104034658632,0.0421572719272381,-9.54171781940837,-0.0333179470455715,-0.00133476879184662,-0.0515459147989961,-0.043135929447851,-0.0158664027464165,1.63486182016213,-0.0269319111634041,-0.00939787550414405,-0.0530834796452023,11.4156099761747,-5.94150665650477,-0.743303567133778,5.22454101510256,11.7805417552366,-0.305220911769266,7.12811284957569,-6.53748375454986,-2.81,0.120979914934909,0.0339473231235306,12.878942489624,18.5862196959744,0.169760666189717,1.11052651592726,173.229995727539,4.24706657988267,9.5045714306332,-173.229995727539,1.15296447277069,13.039999961853,7.05000019073486,16.0909996032715,37.2200012207031,991.438781738281
0.75,-0.0198602069930791,-0.0542821088016806,0.477,-0.10874288033195,0.060960502077057,-9.24105948695352,-0.0412414982810938,-0.0155132210314842,-0.0549465082595691,-0.0447636546865118,-0.0157741397579205,1.6338138452188,-0.0567664317752995,-0.00704573900456438,-0.0526060983986622,11.4121322518656,-5.93704930969893,-0.742149895410631,5.23340191139428,11.7711593053463,-0.295662897736492,7.12820225270123,-6.5380861459686,-2.81,0.121736890912416,0.0343346780454222,12.878820301518,18.5779608244213,0.169760666189717,1.11052651592726,173.229995727539,4.24706657988267,9.5045714306332,-173.229995727539,1.15296447277069,13.039999961853,7.05000019073486,16.0909996032715,37.2200012207031,991.438781738281
0.775,-0.0192311703298917,-0.051750846749942,0.477,-0.220945563913504,-0.0209436526212065,-9.05956487912997,-0.0583520876573385,-0.0056796940787866,-0.0506932478713691,-0.0438888733517062,-0.0171701283948133,1.63222748327552,-0.0095322970575852,-0.0111763905229156,-0.0489154040576841,11.4179103334591,-5.92323700241842,-0.753601130548108,5.23798194764063,11.7684634613968,-0.296884670625089,7.12829232801995,-6.53869745430718,-2.81,0.120331948700038,0.035845260174614,12.8771015221603,18.5752836529187,0.169760666189717,1.11052651592726,173.229995727539,4.24706657988267,9.5045714306332,-173.229995727539,1.15296447277069,13.039999961853,7.03999996185303,16.0809993743896,37.2200012207031,991.438781738281
0.8,-0.0217634627388432,-0.0542764527974512,0.477,-0.119079169564764,0.0867868297318211,-9.173010623056,-0.0597309070455403,0.0133405446586208,-0.0473704880639112,-0.0459973041760535,-0.0169378480168727,1.63110097138427,-0.0390685552870886,-0.002970252943105,-0.0474504317568615,11.4300419498305,-5.92343335184858,-0.732049204889363,5.25077481680537,11.7740317143875,-0.265252142039031,7.12838240333866,-6.53930876264577,-2.81,0.122309427188119,0.0358980537930311,12.8755130767822,18.5843910671658,0.169760666189717,1.11052651592726,173.229995727539,4.24706657988267,9.5045714306332,-173.229995727539,1.15296447277069,13.039999961853,7.03999996185303,16.0809993743896,37.2200012207031,991.438781738281
0.825,-0.0195562128533336,-0.0473069663297967,0.477,-0.163700015876742,0.100156504646388,-9.41065504266159,-0.0490865564796202,0.0259422864044097,-0.0477990096580642,-0.0454603129038682,-0.0169970947413856,1.629787672056,0.0021438940733688,0.026865771696616,-0.0426553722790286,11.4401946609581,-5.88643544222721,-0.72533543891305,5.22818870550667,11.7750323245436,-0.262572296009896,7.12845805009546,-6.53984331429509,-2.81,0.122473442932566,0.0384623988511562,12.8755130767822,18.5885739408693,0.169760859614484,1.11052655372753,173.234619140625,4.48849121570957,10.0540428920628,-173.234619140625,1.15433168411255,13.0284805297852,7.03999996185303,16.0809993743896,37.2200012207031,991.432509759826
0.85,-0.0205050412959605,-0.0492091686152246,0.477,-0.180442892843211,0.00741178537747264,-9.95848892905139,-0.0374716619282425,0.0533619724403194,-0.0426432977648334,-0.0462036009634491,-0.0156682222400089,1.6287876989913,0.00715504892979431,0.0520464065616703,-0.0400264330847234,11.4472941709871,-5.90526869594032,-0.694461091821873,5.25729843990259,11.7769892509731,-0.241569270987772,7.12853354293024,-6.54037704711405,-2.81,0.124921012995503,0.0376762477345191,12.8760731577024,18.5909726835052,0.169761068991809,1.11052659464534,173.239593505859,4.74982716198554,10.6488315874361,-173.239593505859,1.15581166744232,13.0160083770752,7.03999996185303,16.0809993743896,37.2200012207031,991.425720504797
0.875,-0.0186049591704472,-0.0482613977194449,0.477,-0.0212270802387573,0.101624192271299,-10.564772472046,-0.0253395741543646,0.0644725780866163,-0.0403055602967033,-0.0466178953647614,-0.0149275343865156,1.62823033332825,0.00994816981256008,0.0660816058516502,-0.03856111317873,11.45582426621,-5.91241694915502,-0.671264685907566,5.26962794550004,11.7823614210279,-0.223965929926019,7.12860903576502,-6.54091077993302,-2.81,0.126571517458878,0.0374074997518032,12.8830247502995,18.5980022329296,0.169761278369134,1.11052663556316,173.244583129883,5.01116310967968,11.2436202827306,-173.244583129883,1.15729176998138,13.0035390853882,7.03999996185303,16.0809993743896,37.2200012207031,991.418931249768
0.9,-0.0179674056928564,-0.0479433827123826,0.477,0.00745190809478573,-0.0151116696060901,-10.7439217917852,-0.0288527146089824,0.0419249962944973,-0.0417297769378294,-0.0516389154609248,-0.0124232304308768,1.62730064943676,-0.0594517033919586,0.0602120733964531,-0.0399009272770344,11.4546028107397,-5.90808839528582,-0.667297357928318,5.27809088568455,11.7750778764564,-0.219128747668938,7.12868005325889,-6.54138468236311,-2.81,0.129600231960493,0.0371346369529088,12.88938331604,18.591129464934,0.169761487746459,1.11052667648097,173.249572753906,5.27249905595566,11.8384089781039,-173.249572753906,1.15877175331116,12.9910688400269,7.05000019073486,16.0930004119873,37.2200012207031,991.412141994739
0.925,-0.0167021217596806,-0.0450903925659717,0.477,-0.00354284793973164,0.0307231472140562,-10.7283421360992,-0.0472456997599978,0.018036239484376,-0.0353711507631837,-0.0533150624857807,-0.0112691515469956,1.62580573541445,-0.0642111805332716,0.0100003962165927,-0.0357514354148407,11.446297466864,-5.88324723256059,-0.692621739217358,5.27332408180593,11.7575527361346,-0.249109129228226,7.12874820274895,-6.54182024273465,-2.81,0.129449189709652,0.0387729771838093,12.88938331604,18.570616902525,0.169761505693087,1.11052667998821,173.25,5.29489927967906,11.8893908663103,-173.25,1.15889859199524,12.9899997711182,7.05000019073486,16.0930004119873,37.2200012207031,991.41464980028
0.95,-0.0173395130395729,-0.0428608000550402,0.477,0.0221748590633012,0.0351855588428676,-10.5290807689742,-0.0507849200970475,-0.0133163468938508,-0.0365662057137381,-0.0504158473217059,-0.0125564799577992,1.62546636773616,-0.0181820578031089,-0.00191134312571651,-0.035236649093165,11.443250102915,-5.86381569296125,-0.731085094500139,5.25886279193471,11.7527235964918,-0.290934725244492,7.128816352239,-6.54225580310619,-2.81,0.125907591528968,0.0404729723337102,12.8889140516449,18.5620227186557,0.169761505693087,1.11052667998821,173.25,5.29489927967906,11.8893908663103,-173.25,1.15889859199524,12.9899997711182,7.05000019073486,16.0930004119873,37.2200012207031,991.41802920525
0.975,-0.0179714482244699,-0.0454037258434718,0.477,-0.0435348433775746,-0.0506782180526932,-10.1111607146973,-0.080662928707214,-0.0364952447943236,-0.0382929771880821,-0.0512601808891798,-0.013781960448902,1.6245539951884,-0.0419861517454534,-0.0175454968903512,-0.0346233065289594,11.4399841866661,-5.86067549616758,-0.748642389615417,5.26786193524166,11.7450816831619,-0.289668391728269,7.12888450172905,-6.54269136347773,-2.81,0.124871149669896,0.0408857634500432,12.883702747046,18.5541941192288,0.169761505693087,1.11052667998821,173.25,5.29489927967906,11.8893908663103,-173.25,1.15889859199524,12.9899997711182,7.05000019073486,16.0930004119873,37.2200012207031,991.421408610219
1,-0.0192460802333917,-0.0415959839716194,0.477,-0.110368160109566,0.0569534460524735,-9.71533782396892,-0.0858873058284516,-0.0354299639949509,-0.0313117618602939,-0.0532477702683961,-0.0146833044274665,1.62375323275171,-0.0687647944244666,-0.0237855141936276,-0.0337465832032084,11.4405821656617,-5.86244689657586,-0.763780311202551,5.28066475168716,11.7419440564742,-0.282654954189261,7.12894634530087,-6.54310901060927,-2.81,0.124462580650269,0.0407864206342469,12.8789854049683,18.5511935868271,0.169761505693087,1.11052667998821,173.25,5.29489927967906,11.8893908663103,-173.25,1.15889859199524,12.9899997711182,6.96999979019165,16.1149997711182,37.2200012207031,991.424788015189
1.025,-0.0195596226062216,-0.0406593305585038,0.477,-0.0826764482218226,0.0626561302810275,-9.57499127726735,-0.0764124483043273,-0.0406553037415781,-0.0320765060577246,-0.0547761546763847,-0.0154045959326062,1.62319893531236,-0.0756961125898674,-0.0230954546326892,-0.0327385485632192,11.4422749548721,-5.86101781312395,-0.784678630024258,5.28746226248644,11.7411105861679,-0.286306701325617,7.12900321650321,-6.5435125327166,-2.81,0.123629167129702,0.0408367848422893,12.8789854049683,18.5496022477772,0.169761694342036,1.11052671779677,173.26806640625,5.53637687122823,12.425295421908,-173.26806640625,1.15503907203674,12.9809741973877,6.96999979019165,16.1149997711182,37.2200012207031,991.423980495426
1.05,-0.0205242412180234,-0.0371471197281675,0.477,-0.174284166581189,0.0229765334280248,-9.22712144349374,-0.0616052610991188,-0.0398495049549329,-0.0311744936664994,-0.058425339853583,-0.0157836667940296,1.62257194763147,-0.0759881057412823,-0.0371273939396798,-0.030029283092998,11.4421103529706,-5.85464417513584,-0.805779422306561,5.29134870877856,11.7375548795591,-0.281890964498462,7.12906008770554,-6.54391605482392,-2.81,0.123687327690144,0.0408234175933215,12.8794042628055,18.5467166348202,0.16976190284877,1.11052675958518,173.288009643555,5.80327315699789,13.0176109834783,-173.288009643555,1.15077304840088,12.9709968566895,6.96999979019165,16.1149997711182,37.2200012207031,991.422732246743
1.075,-0.0210090633939283,-0.0312798033681255,0.477,-0.177884059884183,-0.0179307471300285,-9.20388831315204,-0.0527960193167067,-0.0193611655823731,-0.0240530020640479,-0.0594789920197256,-0.0168633721178592,1.62200860670555,-0.0539890800004204,-0.0334649427710517,-0.0261490417342558,11.4457118697046,-5.85209276417181,-0.82308983518639,5.29671839271773,11.7386018499444,-0.280691428949291,7.12911695890787,-6.54431957693124,-2.81,0.122727215112247,0.0410180142138301,12.8836127867891,18.5477842950114,0.169762111355503,1.11052680137358,173.307952880859,6.07016944276755,13.6099265449699,-173.307952880859,1.14650726318359,12.9610204696655,6.96999979019165,16.1149997711182,37.2200012207031,991.421483998061
1.1,-0.021796947648234,-0.0339537970048294,0.477,-0.127615844804564,0.0482998156520071,-9.20874108752097,-0.0604753349067203,-0.00498628142362812,-0.0239603532075145,-0.0634577586629643,-0.0171916178164164,1.62133990471563,-0.0314113035698801,-0.044490648817405,-0.0226269967803244,11.4517268916245,-5.85206457331376,-0.827395879867312,5.30635562425821,11.7409317587745,-0.257689614295591,7.1291754053362,-6.54471703484266,-2.81,0.123783504182019,0.0406002423159048,12.8873825073242,18.5526793769196,0.169762319862236,1.11052684316199,173.327911376953,6.33706572853721,14.2022421064614,-173.327911376953,1.14224123954773,12.9510450363159,6.75,16.136999130249,37.2200012207031,991.420235749378
1.125,-0.0211722813797767,-0.0288999410097102,0.477,-0.200079408041148,-0.0235446463425999,-9.15532325391865,-0.0714953204997535,0.0167646564913374,-0.0217946508172899,-0.0659621442785711,-0.0168984049469895,1.62053364244082,-0.0620431675965577,0.00348368932169023,-0.0169999042455734,11.4510291045593,-5.8391875492118,-0.819650362403834,5.30365245571695,11.7349031433995,-0.239425038211961,7.12923491888952,-6.54511038461022,-2.81,0.125260212611847,0.0411727095260225,12.8873825073242,18.5499191790216,0.169762341705799,1.11052684753982,173.330001831055,6.36502629175429,14.2642942129132,-173.330001831055,1.14179444313049,12.9499998092651,6.75,16.136999130249,37.2177696228027,991.417583837079
1.15,-0.0205446989654805,-0.0250786833908433,0.477,-0.117472972590705,0.063076124456024,-9.43532423002069,-0.0580250053534241,0.0305850138336244,-0.0146849214911586,-0.06316118559008,-0.017291678376386,1.62032895541969,-0.0577356820210413,0.0420576025794861,-0.0150839862232578,11.4485121919765,-5.84438273018503,-0.815726177727002,5.3098606033385,11.7317914007344,-0.247186177847013,7.12929443244284,-6.54550373437777,-2.81,0.124355964971912,0.0414618899961666,12.8874231460825,18.5455620459856,0.169762341705799,1.11052684753982,173.330001831055,6.36502629175429,14.2642942129132,-173.330001831055,1.14179444313049,12.9499998092651,6.75,16.136999130249,37.2152709960938,991.414767666271
1.175,-0.0199054992303506,-0.0269881816451581,0.477,-0.0569277513699174,0.0976776231874374,-9.74170316022468,-0.0494489956927728,0.017964585540767,-0.0154580955497821,-0.0644518005446521,-0.016646391335097,1.62005778336349,-0.0584917526020703,0.0424288996676562,-0.0130578916576345,11.4518271541154,-5.85369855478913,-0.798854115441969,5.32167585950266,11.7335160245783,-0.229494189870471,7.12935394599617,-6.54589708414532,-2.81,0.125962277882973,0.0408216116748283,12.8877959625172,18.548952905754,0.169762341705799,1.11052684753982,173.330001831055,6.36502629175429,14.2642942129132,-173.330001831055,1.14179444313049,12.9499998092651,6.75,16.136999130249,37.212776184082,991.411951495463
1.2,-0.0199095376561589,-0.024451104183846,0.477062767795569,-0.151161209589385,0.0258341696243262,-9.77973061565495,-0.027061474725579,0.015731513699014,-0.0129016239535153,-0.0691036955352799,-0.0155175727493104,1.61963557352686,-0.0208811796231204,0.00515120532740907,-0.00884532521732905,11.4467573436421,-5.86483588399337,-0.788185752529139,5.33916961454444,11.7259358888349,-0.203680556141581,7.12941345954949,-6.54629043391288,-2.81,0.128680962822457,0.0395723475382837,12.888126373291,18.5437894956163,0.169762341705799,1.11052684753982,173.330001831055,6.36502629175429,14.2642942129132,-173.330001831055,1.14179444313049,12.9499998092651,6.88000011444092,16.1159992218018,37.2102851867676,991.409135324655
1.225,-0.0189655827107427,-0.0206358696469039,0.477278760261959,-0.0831185787582099,0.0961593316041563,-9.93423356985453,0.00310470261965494,0.0287717584850442,-0.00802595546570501,-0.065878365191956,-0.0154318250127694,1.61956742277647,-0.031598079258794,0.0451318516684047,-0.0112141088515494,11.4399523592321,-5.87545717649212,-0.78879088725041,5.349653308338,11.7195076472472,-0.223714248105129,7.12947740740881,-6.54672804296215,-2.81,0.127590495692641,0.0395945685640071,12.888126373291,18.5340771041982,0.169762525226548,1.11052688455241,173.332214355469,6.60142014531027,14.7856308324315,-173.332214355469,1.14121603965759,12.947790145874,6.88000011444092,16.1159992218018,37.2099990844727,991.408314612019
1.25,-0.0180078310089911,-0.0225468140232743,0.477534336708859,-0.0531703960831277,0.0837950665480607,-10.018810386907,0.0178231016979214,0.0274637324332875,-0.0101972744933838,-0.0663491469305638,-0.0148683757759156,1.61935067178017,0.0215520426696809,0.0235192971545145,-0.00860251561606733,11.440002744355,-5.88002998810898,-0.78411610407961,5.35663812475868,11.7183708348918,-0.222410640314901,7.12955362105571,-6.54728807814688,-2.81,0.128238725993769,0.0393389091643533,12.8878658684302,18.5330284513578,0.169762732427394,1.11052692634082,173.334701538086,6.86831643107993,15.3742366930609,-173.334701538086,1.14056313037872,12.9452972412109,6.88000011444092,16.1159992218018,37.2099990844727,991.407751377858
1.275,-0.0180078310089911,-0.0225468140232743,0.477789911323133,-0.0965980683322036,0.0419087720293027,-9.90934530891469,0.0380864060907368,0.0268063942532899,-0.00955883284289735,-0.0668199286691716,-0.0143049265390617,1.61913392078387,0.0747021645981558,0.00190674264062436,-0.00599092238058521,11.4395133612762,-5.88577829400361,-0.778103896170555,5.36472583358966,11.7167293805767,-0.219697735453166,7.1296298347026,-6.54784811333161,-2.81,0.128962332796451,0.0390203128276175,12.8856672074053,18.5315769157901,0.169762939628239,1.11052696812922,173.337188720703,7.13521271684959,15.9628425537692,-173.337188720703,1.13991022109985,12.9428024291992,6.86999988555908,16.1159992218018,37.2099990844727,991.407188143696
1.3,-0.0186415464891108,-0.023180529503394,0.478045487160623,-0.0317172062215332,0.0415376735342344,-9.96664063910174,0.0530877509147971,0.0195665436314425,-0.0070364921259197,-0.0651030904143776,-0.014031293098339,1.61901097165783,0.0560337241716718,0.0139996696992222,-0.00800768809448629,11.4382042963617,-5.9015059995389,-0.760602339857154,5.38011070801987,11.7152546470976,-0.214531653619637,7.12970478180963,-6.54838788313709,-2.81,0.12941264502285,0.0385083885706785,12.8837394714355,18.5299264389339,0.169763146829085,1.11052700991763,173.339691162109,7.40210900261925,16.5514484144775,-173.339691162109,1.13925731182098,12.9403085708618,6.86999988555908,16.1159992218018,37.2099990844727,991.406624909535
1.325,-0.0176847405332132,-0.0247757809902731,0.47830106115689,-0.0370322033566502,0.0806628944449987,-9.94810242576511,0.053070578707642,0.00131599434540636,-0.0106526048549232,-0.0649199136133436,-0.013847250567285,1.61866400445154,0.0921926614800706,-0.0245477554614371,-0.00737025318111029,11.4360523757419,-5.90539470313962,-0.758025154695853,5.38792154329218,11.7113487130733,-0.214931244489403,7.12977878482517,-6.54891254692628,-2.81,0.129594989184918,0.0384648695875121,12.8837394714355,18.5258087483151,0.169763172482523,1.11052701509143,173.339996337891,7.43515330524769,16.624323425747,-173.339996337891,1.13917636871338,12.9399995803833,6.86999988555908,16.1159992218018,37.2099990844727,991.408155717646
1.35,-0.0186437558591222,-0.0219108891731433,0.478556637598407,-0.130920715849798,0.00208246466173828,-9.827383118984,0.0541998621530057,0.00400164217808934,-0.00942600427131507,-0.063322414273726,-0.0140918911745696,1.61853400557938,0.101892983286639,-0.0264693870845532,-0.00661914182338635,11.4309732121818,-5.91590539604076,-0.746469185744503,5.39882961334915,11.7060262540574,-0.209498503889036,7.12985278784072,-6.54943721071548,-2.81,0.129593754507853,0.0382354297233086,12.8846109077653,18.5208259960392,0.169763172482523,1.11052701509143,173.339996337891,7.43515330524769,16.624323425747,-173.339996337891,1.13917636871338,12.9399995803833,6.86999988555908,16.1159992218018,37.2099990844727,991.409982423035
1.375,-0.0186407259359984,-0.0238143906937638,0.478812210390044,-0.0941990213679227,0.0649227485585508,-9.87867475202922,0.0479003685180015,0.0135630139272498,-0.00680460708946215,-0.0624503418803215,-0.0142254400998354,1.61846303939819,0.107188373804092,-0.0275184027850628,-0.00620911130681634,11.4299121627878,-5.93198265709726,-0.730438861583055,5.41442084932509,11.7051447430746,-0.196175007903535,7.12992679085627,-6.54996187450468,-2.81,0.130099975472941,0.037546409238625,12.8914210213052,18.5209060076424,0.169763172482523,1.11052701509143,173.339996337891,7.43515330524769,16.624323425747,-173.339996337891,1.13917636871338,12.9399995803833,6.86999988555908,16.1159992218018,37.2099990844727,991.411809128424
1.4,-0.0186397133275087,-0.0244505460420541,0.479067786831854,-0.0220730173646109,0.116237779487928,-9.92332608130877,0.0564886454294673,0.00868164308076357,-0.0102170253995561,-0.0590602176988347,-0.0138914641794951,1.61834988566591,-0.000834291817025201,0.0339491227272848,-0.0110104455005937,11.4296542859555,-5.94198480514466,-0.720424084878604,5.4238880449744,11.7047291421612,-0.209631980696927,7.12998686434736,-6.55038878599931,-2.81,0.129568820415603,0.0376198805642871,12.8973274230957,18.5181537305512,0.169763172482523,1.11052701509143,173.339996337891,7.43515330524769,16.624323425747,-173.339996337891,1.13917636871338,12.9399995803833,6.90999984741211,16.121000289917,37.2099990844727,991.413635833813
1.425,-0.0176820513367506,-0.0266760152014608,0.479323361446128,-0.107538805221361,0.0249134568886632,-9.80510501871398,0.0564384399035908,0.00436981056604351,-0.00893688824005447,-0.0574474639323157,-0.0135697420274849,1.61806967035371,-0.00839397513956866,0.0287663436929249,-0.0108892311047621,11.4199427356715,-5.94811409475134,-0.714699897113173,5.43281024324898,11.6937346053782,-0.217009568816518,7.13003937304173,-6.55076261052461,-2.81,0.129512459280825,0.0376833682103122,12.8973274230957,18.5058332629555,0.169763352056589,1.1105270516853,173.342163085938,7.6688728997923,17.1344485050275,-173.342163085938,1.13947820663452,12.9443225860596,6.90999984741211,16.121000289917,37.2099990844727,991.417230384084
1.45,-0.0167299175113088,-0.0276281490269026,0.47957893605625,-0.0760031475115956,0.127486487273731,-9.84582693121116,0.0621689535729218,0.00688203718399645,-0.00635168933441311,-0.0576827313642564,-0.0139378689710253,1.6179635443776,0.0768146578064755,-0.011302995459991,-0.00638656455163292,11.4203862115565,-5.93598127564311,-0.724921272806948,5.42259704667313,11.6932729545414,-0.222294079243826,7.1300918817361,-6.55113643504992,-2.81,0.128906811528735,0.0383489536066492,12.8970318724027,18.5059513270485,0.169763559257435,1.11052709390901,173.344665527344,7.93854935459972,17.7230543657358,-173.344665527344,1.1398264169693,12.9493112564087,6.90999984741211,16.121000289917,37.2099990844727,991.42109691049
1.475,-0.0176815341158309,-0.0285797656314247,0.479834506413449,-0.0770610371347996,0.069691753156367,-9.7528778610135,0.0808332901170988,0.000998327295301268,-0.0116113644291313,-0.0556082351627336,-0.0143002760121939,1.61773140486169,0.140647912955323,-0.0295952035371533,-0.00603203163442156,11.4202007647612,-5.95750602622867,-0.703003391165052,5.44477109288343,11.6926689340594,-0.207456676384328,7.13014439043047,-6.55151025957522,-2.81,0.129216901723896,0.0376281550323584,12.8948814863264,18.5057771885655,0.16976376645828,1.11052713613271,173.347152709961,8.2082258108253,18.3116602264441,-173.347152709961,1.14017462730408,12.9542999267578,6.90999984741211,16.121000289917,37.2099990844727,991.424963436897
1.5,-0.0186248844204336,-0.0333345322140918,0.480090082851602,-0.123038618641275,0.0136685701810406,-9.66841630368167,0.0679759626795568,0.0131017697355006,-0.00977538935551418,-0.0529607508983451,-0.0140863124964245,1.61747356415365,0.124564533240024,-0.0138321692095579,-0.0087411699017061,11.4207450915867,-5.97331137746039,-0.684119976054364,5.46153086773249,11.6923526823766,-0.206050315367393,7.13019689912484,-6.55188408410052,-2.81,0.129379638563129,0.0373099089640145,12.8930368423462,18.5045177044876,0.169763973659126,1.11052717835641,173.349655151367,8.47790226563272,18.9002660871524,-173.349655151367,1.14052295684814,12.9592876434326,7.05999994277954,16.0809993743896,37.2099990844727,991.428829963304
1.525,-0.0186255644668616,-0.0333393450832419,0.480345659298301,-0.0435119230501713,0.128779739596414,-9.68453159528665,0.0887966839001451,0.0193070476648837,-0.00868412720323334,-0.0513365887241594,-0.0135253983223735,1.61727493192532,0.0725971604046642,0.00969939830959939,-0.0108492655206035,11.4190812120099,-5.98151170689563,-0.669400337990797,5.47076228081838,11.6897331719327,-0.207106915628562,7.13025558146241,-6.55234192399781,-2.81,0.129829201331874,0.0372068440537984,12.8930368423462,18.50141276306,0.169764003259247,1.11052718438837,173.350006103516,8.51642747346235,18.9843526386597,-173.350006103516,1.14057266712189,12.960000038147,7.05999994277954,16.0809993743896,37.2099990844727,991.425781105023
1.55,-0.0173502826612793,-0.0346146268888241,0.48060123208015,-0.0541614166387075,0.0503358940463452,-9.6418349960426,0.0818446100616822,0.014816749894235,-0.0119460125906715,-0.0497124265499737,-0.0129644841483224,1.617076299697,0.0206297875693033,0.0332309658287571,-0.0129573611395009,11.4158317253931,-5.98309532363158,-0.660821730514491,5.47379882131755,11.6853229975914,-0.214666949897035,7.13031616042588,-6.55282557454318,-2.81,0.129959699907462,0.0374657156771649,12.8929724478099,18.496212225074,0.169764003259247,1.11052718438837,173.350006103516,8.51642747346235,18.9843526386597,-173.350006103516,1.14057266712189,12.960000038147,7.05999994277954,16.0809993743896,37.2099990844727,991.421579682629
1.575,-0.0156087425717995,-0.0334992126342822,0.480854309345801,-0.0851911355962044,0.0263298885348238,-9.91290823775018,0.0809839162383499,0.0273514659504921,-0.0105646622583283,-0.0478777231535498,-0.0133092392995946,1.61694347553086,0.109520054199349,0.0047685190581197,-0.00892211250978332,11.414281742098,-5.95965040667489,-0.653210793806839,5.45098437377073,11.6820530361582,-0.215293325983916,7.13037673938936,-6.55330922508855,-2.81,0.129592894876466,0.0390961663880602,12.8925341495142,18.4954399309879,0.169764003259247,1.11052718438837,173.350006103516,8.51642747346235,18.9843526386597,-173.350006103516,1.14057266712189,12.960000038147,7.57999992370605,16.0639991760254,37.2099990844727,991.417378260234
1.6,-0.0148219267475288,-0.0370724145696947,0.481,0.069563655856081,0.0916345320925547,-10.2098743352712,0.073222866345727,0.0377323006920042,-0.0087023279191549,-0.0451161247872086,-0.012093821020768,1.61670586533188,0.0210387462938295,0.0488620342689418,-0.0132871230764053,11.4129513675885,-5.99484543444647,-0.603703311683988,5.48570840935874,11.6802052834266,-0.19466939894629,7.13043731835285,-6.55379287563392,-2.81,0.131753834671045,0.037717962857533,12.892162322998,18.493884832601,0.169764003259247,1.11052718438837,173.350006103516,8.51642747346235,18.9843526386597,-173.350006103516,1.14057266712189,12.960000038147,7.57999992370605,16.0639991760254,37.2099990844727,991.41317683784
1.625,-0.0159128357880035,-0.0401682776357462,0.481,0.0458207048017434,0.032188899801785,-10.2017544111794,0.0574946397834042,0.0311997041422577,-0.0122525504202536,-0.0427982062101364,-0.0107834450900555,1.6162850856781,-0.0131991328671575,0.0584841221570969,-0.0145633229985833,11.4145959135581,-5.99002983981699,-0.585897933139883,5.4842079865151,11.6789456778441,-0.205971731997732,7.13049622140243,-6.554231640658,-2.81,0.132400639265473,0.0384999539235807,12.892162322998,18.491619272006,0.169764178517665,1.11052722054695,173.352111816406,8.7473668989692,19.4822180399665,-173.352111816406,1.13942885398865,12.960000038147,7.57999992370605,16.0639991760254,37.2099990844727,991.409078638797
1.65,-0.0135361444000062,-0.039696572318746,0.481,0.125443194429055,0.0839175510561213,-10.5399932056285,0.0421956840021904,0.0277349902578355,-0.0107153696946051,-0.0420923768322552,-0.0105371895496325,1.61616622359328,-0.0177998484418205,0.0521085313169576,-0.0150845372829862,11.4069266616434,-5.95495179781822,-0.60931570339086,5.4516723172775,11.6693328061949,-0.237977326948418,7.13055505324601,-6.55466849859184,-2.81,0.131045201780443,0.0405795401333125,12.8910382535848,18.4810219259838,0.169764385283215,1.11052726320594,173.354614257812,9.01982352423254,20.0695873337734,-173.354614257812,1.13807940483093,12.960000038147,7.57999992370605,16.0639991760254,37.2099990844727,991.404998996762
1.675,-0.0140105211017931,-0.0411257721708221,0.481,0.121689939295455,0.113448415742947,-10.4459159643407,0.0452573078297707,0.0167403536445842,-0.0134059905312644,-0.0409201265547507,-0.010302282172336,1.61581568005405,0.0399889257368293,0.0108801653128223,-0.0128039223018711,11.4058983539853,-5.95431667099864,-0.60809174362462,5.45470116610692,11.6663475420856,-0.246475281490465,7.13061388508958,-6.55510535652569,-2.81,0.130807835599694,0.0409431226900993,12.8838510218822,18.4770584282339,0.169764592048765,1.11052730586494,173.35710144043,9.29228014807772,20.6569566275014,-173.35710144043,1.13672995567322,12.960000038147,7.57999992370605,16.0639991760254,37.2099990844727,991.400919354727
1.7,-0.0147988208720215,-0.0435051245213254,0.481,0.140692310533987,0.0877875497476142,-10.4744237975266,0.0394741238349238,0.0230766134738081,-0.0136251538760715,-0.0389020265958132,-0.00981372934584875,1.61551102016989,0.00851865240534655,0.0358141805805347,-0.0169711616150596,11.4087594824051,-5.97432404400884,-0.598564812045613,5.47698806145959,11.6682825883186,-0.253778955351328,7.13067271693316,-6.55554221445953,-2.81,0.130778833276732,0.0402980872820335,12.8778219223022,18.4763830175499,0.169764798814314,1.11052734852394,173.359588623047,9.56473677475923,21.2443259212293,-173.359588623047,1.13538062572479,12.960000038147,8.51000022888184,16.0380001068115,37.2099990844727,991.396839712691
1.725,-0.0138471406553273,-0.0441392422895359,0.481,0.16549032808694,0.10735996295737,-10.3984226907493,0.0454783139236977,0.0146907499144731,-0.0194743550640158,-0.0394662958456569,-0.00978472132196062,1.61506747542313,0.0718310368217223,-0.00896023573009408,-0.0135683707545281,11.4103160970946,-5.95897706774728,-0.608895460624815,5.46738353595905,11.6668220263357,-0.261640761457846,7.13073767058206,-6.55603875962223,-2.81,0.130453626797738,0.0412067550423988,12.8778219223022,18.475214126235,0.169764832290642,1.11052735543063,173.360000610352,9.6088487992346,21.3394238068775,-173.360000610352,1.13516211509705,12.960000038147,8.51000022888184,16.0380001068115,37.2099990844727,991.394023106953
1.75,-0.0148019303028481,-0.0422342079218501,0.481,0.1748983189335,0.0283880503748701,-10.3532434869289,0.0255101270711253,0.00879914782944987,-0.0198471375851832,-0.037380157072846,-0.0104450444007637,1.61466325252787,0.0605135490298768,-0.012493368769026,-0.0166601745932079,11.4097111966815,-5.95635752043784,-0.608516609808479,5.46869220664354,11.6641539269036,-0.266299992232899,7.13082866843824,-6.55678923421879,-2.81,0.129488633203008,0.0418565657394284,12.8775502950165,18.4725709371488,0.169764832290642,1.11052735543063,173.360000610352,9.6088487992346,21.3394238068775,-173.360000610352,1.13516211509705,12.960000038147,8.51000022888184,16.0380001068115,37.2099990844727,991.391450496864
1.775,-0.0148019303028481,-0.0422342079218501,0.481,0.110318931250166,0.0680850832524508,-10.0280467835364,0.0232586445420841,-0.0240504373811869,-0.0222037563480599,-0.0352940183000351,-0.0111053674795668,1.6142590296326,0.0491960612380313,-0.0160265018079579,-0.0197519784318877,11.4028627595474,-5.95831593692741,-0.60168673417684,5.4745921479408,11.6553748940858,-0.264408274115952,7.13091966629443,-6.55753970881536,-2.81,0.128912229014154,0.0422685594384346,12.8759127705227,18.4643904967241,0.169764832290642,1.11052735543063,173.360000610352,9.6088487992346,21.3394238068775,-173.360000610352,1.13516211509705,12.960000038147,8.51000022888184,16.0380001068115,37.2099990844727,991.388877886774
1.8,-0.0160636808775214,-0.047306974943045,0.481,0.0319466604006614,0.0570081711584585,-9.72500828173822,0.0250702119902086,-0.032525391706446,-0.0199474270239093,-0.0344885624945164,-0.0113603174686432,1.61410295963287,0.0448263920843601,-0.0173906404525042,-0.0209457203745842,11.4135963400287,-5.95949748362238,-0.624011238272924,5.47756243077039,11.6656882466351,-0.288460127645535,7.13098882139824,-6.55810158472721,-2.81,0.127252767654594,0.0423814511355079,12.8745546340942,18.4715591646932,0.169764832290642,1.11052735543063,173.360000610352,9.6088487992346,21.3394238068775,-173.360000610352,1.13516211509705,12.960000038147,7.65000009536743,16.0900001525879,37.2099990844727,991.386305276685
1.825,-0.0165188144462026,-0.0438802984605423,0.481,0.012925237969504,0.0597316463098637,-9.5306140070427,0.0227618082839109,-0.0320881181277932,-0.0210782015765959,-0.0334454535001425,-0.0130540726898707,1.61335955151679,0.0546836071258272,-0.027451175448091,-0.0187321686727264,11.4103263225064,-5.92890474038678,-0.643295608048101,5.4559948845898,11.6578717141631,-0.295693018926445,7.13104547054834,-6.55855547944787,-2.81,0.125245087054096,0.0445210695005455,12.8745546340942,18.4652580204211,0.169765003249995,1.11052739077666,173.364135742188,9.83459857388553,21.8250766376992,-173.364135742188,1.13429641723633,12.953800201416,7.65000009536743,16.0900001525879,37.2079315185547,991.389913019828
1.85,-0.0176516890335411,-0.0463494257271809,0.481,-0.0318898686068662,0.0479187010141089,-9.4477336697266,0.0153904572063063,-0.0142958578936078,-0.0195025067875247,-0.0375796737142388,-0.0122130507976514,1.61261858627604,-0.0323368273302726,-0.0219167467650321,-0.0203971204100989,11.4224327684481,-5.94387928828309,-0.62718595082498,5.48028913148597,11.6658399960846,-0.263897293237076,7.13110211969844,-6.55900937416852,-2.81,0.127899273738564,0.0432862302067382,12.8761045338139,18.4757396897622,0.169765209580249,1.11052743343566,173.369125366211,10.1070551991489,22.4112093644469,-173.369125366211,1.13325178623199,12.9463176727295,7.65000009536743,16.0900001525879,37.205436706543,991.394799456744
1.875,-0.0173395659059523,-0.043499993824692,0.481,0.0177521281906884,-0.0393657396514187,-9.49747346874528,-0.00189203838815452,-0.024486445571837,-0.0205584635071689,-0.0376490945895925,-0.012823784491366,1.6122143783496,-0.0487906120023857,-0.0240374602554805,-0.0204436579759815,11.4170745921358,-5.92166561736734,-0.643703280179991,5.46368063678848,11.6577542852875,-0.273913786184102,7.13115876884854,-6.55946326888917,-2.81,0.126859386469307,0.0446568790397771,12.8849431511342,18.4683305152634,0.169765415910502,1.11052747609466,173.374114990234,10.379511822994,22.9973420912734,-173.374114990234,1.13220703601837,12.9388370513916,7.65000009536743,16.0900001525879,37.2029457092285,991.399685893659
1.9,-0.0179754907560834,-0.042864068974561,0.481,-0.0594508027807206,0.0530441916198804,-9.26313441815889,-0.0177174600177911,-0.0298722251190703,-0.018495997744265,-0.0378373589093761,-0.0135848490527557,1.61179164934232,-0.0629273898110835,-0.024131246914905,-0.0199666658916412,11.4156450971883,-5.90775155706974,-0.648837021303354,5.45503645007676,11.653723357488,-0.26977798410229,7.13121568601997,-6.55990056694506,-2.81,0.126390256459103,0.0455556265693654,12.8921899795532,18.4661420221371,0.169765622240756,1.11052751875365,173.379104614258,10.6519684482574,23.5834748180999,-173.379104614258,1.13116240501404,12.9313535690308,7.01999998092651,16.0990009307861,37.2004547119141,991.404572330575
1.925,-0.0181353240156262,-0.0427042357150182,0.481,-0.0551721735147186,0.00956948711729683,-9.40296706018004,-0.0178485923583335,-0.0210287890343747,-0.0163798547727426,-0.0378381697123973,-0.0144901158303823,1.6114007825642,-0.0663958791955214,-0.0236150627793302,-0.018780810065119,11.419123295119,-5.90259795925355,-0.645364160811697,5.45416552843182,11.6550427242672,-0.256109120779165,7.13127274839478,-6.56032887358316,-2.81,0.126224477172885,0.0459854717490611,12.8921899795532,18.4698351291502,0.169765659576707,1.1105275264729,173.380004882812,10.7012701235887,23.6895369305583,-173.380004882812,1.13097333908081,12.9300003051758,7.01999998092651,16.0990009307861,37.2000007629395,991.406304366232
1.95,-0.0189291294616495,-0.042545857979865,0.481,-0.0853411419916443,0.081609969441801,-9.25965046451656,-0.0352008458095341,-0.0107691201588357,-0.0173547451158869,-0.0357615984592859,-0.0158343432369588,1.61135496564179,0.00482532000487279,-0.0279114980352663,-0.0144040838086067,11.4178816298736,-5.89313557663195,-0.654617908045527,5.44471675435288,11.6538261948199,-0.262653630663777,7.13132981076958,-6.56075718022126,-2.81,0.124458620496845,0.0468707576583027,12.8896779742207,18.4690195910279,0.169765659576707,1.1105275264729,173.380004882812,10.7012701235887,23.6895369305583,-173.380004882812,1.13097333908081,12.9300003051758,7.01999998092651,16.0990009307861,37.2000007629395,991.407339499286
1.975,-0.0201929782754395,-0.0466754557658279,0.481,-0.130209375022991,0.0545168071114688,-9.06699868974744,-0.0265261093208455,0.0131058573396263,-0.0159085782561854,-0.0350547648150127,-0.0164147449271032,1.61100083706521,0.0406734068748588,-0.00968938162610705,-0.0132887611833108,11.426503373013,-5.91692086590527,-0.625970816374992,5.47094107067961,11.6611490911297,-0.230601399418469,7.13138687314439,-6.56118548685936,-2.81,0.125478224042328,0.0458110911601553,12.8760873812678,18.4787406193111,0.169765659576707,1.1105275264729,173.380004882812,10.7012701235887,23.6895369305583,-173.380004882812,1.13097333908081,12.9300003051758,7.05000019073486,16.1019992828369,37.2000007629395,991.408374632339
2,-0.0201520936587724,0.127930887358403,0.481,-0.0449226456385686,0.11069141775927,-9.22844829112757,-0.0298193179189293,0.0136221401340671,-0.0147370223755503,-0.035577615908666,-0.0162633611915561,1.61059959420396,0.0341991510810485,0.00595088902286406,-0.0131902381086932,11.4283091044779,-5.93255017435846,-0.597974603941227,5.49039929174842,11.6607985028176,-0.200669079795193,7.13144393551919,-6.56161379349746,-2.81,0.127242307082537,0.0450236866581189,12.8650732040405,18.4812863532515,0.169765659576707,1.1105275264729,173.380004882812,10.7012701235887,23.6895369305583,-173.380004882812,1.13097333908081,12.9300003051758,7.05000019073486,16.1019992828369,37.2000007629395,991.409409765393
2.025,-0.0199934165186546,0.12808956449852,0.481,-0.0098448135247473,0.119845436071654,-9.30972421949248,-0.0295571272662991,0.00145486972069043,-0.0158135842529858,-0.0360302741211692,-0.0161221588977557,1.61035856480263,0.0228938812978331,0.00610230783695032,-0.0117229010371176,11.4224988418955,-5.92939987263512,-0.587726961360148,5.49010839483917,11.653302675243,-0.189557895935184,7.13149088791744,-6.56199747887714,-2.81,0.1280654339825,0.0452244376804316,12.8650732040405,18.4758765154465,0.169765825901195,1.11052756135876,173.384048461914,10.924080862035,24.1620232677416,-173.384048461914,1.13097333908081,12.9259624481201,7.05000019073486,16.1019992828369,37.2000007629395,991.410506513509
2.05,-0.019518190074448,0.128564790942727,0.481,-0.0674601859329776,0.149085541762776,-9.35841272003958,-0.0233303294659724,-0.0115378729074829,-0.0130138505358654,-0.0364771557135835,-0.0165556552133519,1.60997392693613,0.0418792816907264,-0.0135618215064168,-0.0114300206082116,11.4191281591518,-5.92658043665932,-0.571716880578367,5.49149862693367,11.6474698784833,-0.166108515963241,7.13153582751383,-6.56237228058123,-2.81,0.128966182107042,0.045461029377804,12.8620558600528,18.4737174292748,0.169766031360857,1.11052760445305,173.389038085938,11.1993176563361,24.7456828606864,-173.389038085938,1.13097333908081,12.920973777771,7.05000019073486,16.1019992828369,37.2000007629395,991.411617759288
2.075,-0.0204752230397253,0.130474301267431,0.481,-0.0399340961559108,0.621166721580254,-9.2107642828972,0.0829310377698154,-0.013376319491577,-0.0138238370267531,-0.0375382886912798,-0.0160360588556613,1.60941224303387,0.098237059997467,-0.0255836118255838,-0.0157347013118444,11.4223583836455,-5.94665269236314,-0.53879134263125,5.5171250911321,11.6476239188623,-0.132034739632216,7.13158076711022,-6.56274708228532,-2.81,0.131335050206809,0.0443983501903982,12.8465275775792,18.476893057678,0.16976623682052,1.11052764754734,173.394012451172,11.4745544520554,25.3293424536311,-173.394012451172,1.13097333908081,12.9159851074219,7.42000007629395,15.9890003204346,37.2000007629395,991.412729005066
2.1,-0.0195297107601414,0.131104459715086,0.481,-0.201900650533437,0.780735547391546,-9.15609874271255,0.404671956235136,0.0189023966789326,-0.0238853949696999,-0.0363979752822712,-0.0157053390584261,1.60920910836412,0.157730713907791,-0.018640620986494,-0.0185115906613118,11.4287343624629,-5.97929596823595,-0.461318642775724,5.54870856148707,11.6528328246022,-0.0639120898507539,7.1316257067066,-6.56312188398941,-2.81,0.135172602163153,0.0428549699938748,12.8340902328491,18.4896628266813,0.169766442280182,1.11052769064164,173.399002075195,11.7497912463565,25.9130020466547,-173.399002075195,1.13097333908081,12.9109973907471,7.42000007629395,15.9890003204346,37.2000007629395,991.413840250844
2.125,-0.0182101551517878,0.105696808457888,0.481,-0.186018900563375,0.63733689579143,-9.50431551872266,0.709737285226721,0.0790614154091765,-0.0344388087878202,-0.0134126586299277,-0.0140155090083469,1.60790617268385,0.649267901202852,0.0626470011903593,-0.0418884602951251,11.4479471062032,-6.06661160551805,-0.279239941255942,5.64083693764079,11.6669106997729,-0.0373848886181459,7.13167431524849,-6.56349144629731,-2.81,0.137140067772355,0.0421534843753136,12.8340902328491,18.5002041353542,0.169766483372114,1.1105276992605,173.399993896484,11.8048386055003,26.0297339652437,-173.399993896484,1.13097333908081,12.9099998474121,7.42000007629395,15.9890003204346,37.2000007629395,991.410920566731
2.15,-0.0162920767102377,0.096179112699597,0.481,-0.0930639357949896,0.486199520072368,-9.85858431000131,0.931367525782312,0.0903462162153264,-0.0566644220868779,0.00090820927288377,-0.0139786398141419,1.6073858608096,0.822230534487794,0.0819741170692576,-0.0494029684275402,11.4552252653963,-6.08621299394313,-0.17281122672266,5.66288191575764,11.671566966285,-0.0181980330377419,7.13172323849285,-6.5638605591979,-2.81,0.137560532652552,0.0434088529671406,12.8257692137693,18.5062819088884,0.169766483372114,1.1105276992605,173.399993896484,11.8048386055003,26.0297339652437,-173.399993896484,1.13097333908081,12.9099998474121,7.42000007629395,15.9890003204346,37.2000007629395,991.406993150145
2.175,-0.0157827384344581,0.0756798449807646,0.481017179251429,-0.0471770679449337,0.214057493838609,-9.95954240564507,1.07229207083911,0.0755121293859866,-0.0791747408610206,0.0326571560921583,-0.0125165622271167,1.60523586975955,1.04507799515253,0.0671208495347553,-0.0751121186362816,11.4594151404521,-6.11199765709579,-0.0260229252587245,5.70962188416254,11.66485580309,-0.0821276276021824,7.13177216173721,-6.56422967209849,-2.81,0.134257523512793,0.0473379786615656,12.7849381666569,18.4868427903151,0.169766483372114,1.1105276992605,173.399993896484,11.8048386055003,26.0297339652437,-173.399993896484,1.13097333908081,12.9099998474121,6.98000001907349,16.1189994812012,37.2000007629395,991.403065733559
2.2,-0.0148994929001428,0.0199685404145471,0.481267724850216,0.00897160639724386,0.0955038816809071,-10.2914988349628,1.11592482879137,0.0622574191129825,-0.101358335127792,0.0640429286426529,-0.0095198635893045,1.60210510010215,1.10919108916854,0.0317390658560983,-0.106941363513744,11.47241842586,-6.06557002043666,0.268621196360351,5.70820370896062,11.6574428215806,-0.0109012179769597,7.13182108498157,-6.56459878499908,-2.81,0.139392760115272,0.0551240445422019,12.7526216506958,18.4906582018259,0.169766483372114,1.1105276992605,173.399993896484,11.8048386055003,26.0297339652437,-173.399993896484,1.13097333908081,12.9099998474121,6.98000001907349,16.1189994812012,37.2000007629395,991.399138316972
2.225,-0.0134322356293944,-0.00496031513115884,0.48175331547339,0.0247271305330804,-0.0404065298972994,-10.549807182413,1.11870723081247,0.0579921220216494,-0.126791179948755,0.0964403442926467,-0.00930530929318288,1.59898259152312,1.13104771992226,0.0445449753947382,-0.131375349625238,11.4843769143808,-5.97809388776357,0.415994530168407,5.66430497365317,11.6496449637554,-0.0547035237007817,7.13187252715379,-6.56499035427548,-2.81,0.134972809503564,0.0648805914561918,12.7526216506958,18.4802151763785,0.169766645783085,1.11052773298142,173.401977539062,12.0202090798576,26.4911029768508,-173.401977539062,1.13348531723022,12.8902854919434,6.98000001907349,16.1189994812012,37.2000007629395,991.403357281538
2.25,-0.0129163896763291,-0.0301738696932337,0.482238906119935,0.0829308294093775,-0.406192364098748,-10.597013505786,1.03254409709397,0.049277303561392,-0.146406777849014,0.116603235154089,-0.00795327140894784,1.59531917813961,0.966821770635693,0.0134908827650825,-0.144067641840491,11.4927525281259,-5.94055157977946,0.456241812917252,5.66965702619522,11.6368027667841,-0.146563668411814,7.13193332754442,-6.56546535256674,-2.81,0.129823226688342,0.0705900634068018,12.7491845495627,18.4541244648086,0.169766851242747,1.11052777564042,173.404449462891,12.2926657065391,27.0747625697956,-173.404449462891,1.1366628408432,12.8653440475464,7.71999979019165,16.0690002441406,37.2000007629395,991.409735527854
2.275,-0.0129163896763291,-0.0301738696932337,0.482724499083214,0.208660641879009,-0.591748686139091,-10.4370610870667,0.807758767107077,0.0168794024668259,-0.154088688168525,0.136766126015531,-0.00660123352471281,1.59165576475611,0.802595821349128,-0.0175632098645733,-0.156759934055743,11.4922239493172,-5.8674586961597,0.46360977779657,5.63485354798548,11.6142805545521,-0.26481988478252,7.13199412793504,-6.56594035085801,-2.81,0.122837959644078,0.0781420831255617,12.7330683642498,18.4184636684101,0.169767056702409,1.11052781829941,173.406951904297,12.5651223303843,27.6584221626615,-173.406951904297,1.13984060287476,12.840404510498,7.71999979019165,16.0690002441406,37.2000007629395,991.416113774171
2.3,-0.0128638635541132,-0.0631725793726741,0.483210092020261,0.242618364204343,-0.679063460341759,-10.1883170805664,0.558236077908236,-0.0505827266847299,-0.160153708962806,0.144511456015194,-0.00614315070468312,1.5901738859325,0.735205791750753,-0.0300282082692601,-0.161344283724475,11.5220047532919,-5.58548376351833,0.680556181045394,5.40094720079587,11.6294253833294,-0.0601141477269362,7.13205492832567,-6.56641534914927,-2.81,0.131450643274185,0.094479002089376,12.7204656600952,18.4837016348613,0.169767262162071,1.11052786095841,173.409454345703,12.8375789556476,28.2420817556063,-173.409454345703,1.14301824569702,12.8154630661011,7.71999979019165,16.0690002441406,37.2000007629395,991.422492020487
2.325,-0.0128638367653539,-0.0631894089890745,0.48369568499069,0.117049942357023,-0.76307670126854,-9.4241773523179,0.298172694283344,-0.106763415889555,-0.153612997678497,0.152904008394171,-0.0087333192450022,1.5848099675513,0.445392392223744,-0.0705264266002518,-0.15164408382631,11.5066325480769,-5.50432552652275,0.617476862860611,5.37234375234555,11.584606772022,-0.127586515026334,7.13209634534816,-6.5667288758843,-2.81,0.123828598014974,0.101735655367992,12.7204656600952,18.4326627782288,0.169767307167521,1.11052787030276,173.410003662109,12.8972599312726,28.3699309997714,-173.410003662109,1.14371430873871,12.8100004196167,8.77999973297119,16.05299949646,37.2000007629395,991.417517147834
2.35,-0.0128638367653539,-0.0631894089890745,0.484181268693339,0.151152193448429,-0.574241203162114,-8.81886976043684,0.11844262648314,-0.127237189706096,-0.142200401993091,0.161296560773148,-0.0113234877853213,1.57944604917009,0.155578992696735,-0.111024644931243,-0.141943883928145,11.4989691006087,-5.44288522715326,0.571802854977879,5.36437639029463,11.5485709234565,-0.179510575800569,7.13213375949854,-6.56700905702197,-2.81,0.11702707513289,0.107847035383033,12.7166210228927,18.3907226273551,0.169767307167521,1.11052787030276,173.410003662109,12.8972599312726,28.3699309997714,-173.410003662109,1.14371430873871,12.8100004196167,8.77999973297119,16.05299949646,37.2000007629395,991.409357863764
2.375,-0.0176475513598367,-0.0545957305570243,0.484666868573289,0.070930677251517,-0.615677292069839,-8.44858105450434,-0.0146868229874053,-0.119787697245071,-0.123448937494609,0.167089686228601,-0.0148219561834728,1.57504660693461,-0.00326014772939318,-0.121136005781364,-0.124225246338553,11.5478596628694,-5.26700926093647,0.565030771164804,5.2384836192323,11.5736859479518,-0.14762137276844,7.13217117364893,-6.56728923815965,-2.81,0.112663394194039,0.11905118574412,12.699361055877,18.432831936835,0.169767307167521,1.11052787030276,173.410003662109,12.8972599312726,28.3699309997714,-173.410003662109,1.14371430873871,12.8100004196167,8.77999973297119,16.05299949646,37.2000007629395,991.401198579693
2.4,-0.0217578790672636,-0.0517468248286842,0.485673350734264,0.121156562620926,-0.52932240739811,-8.28515425350256,-0.133216134004471,-0.113219779036317,-0.0979809506379945,0.167966574430466,-0.0160790234804153,1.57408428192139,-0.00977602694183588,-0.115077592432499,-0.116855092346668,11.586103987717,-5.13563238796523,0.56983196572858,5.12048747863252,11.6062762219437,-0.110428025369651,7.13220858779931,-6.56756941929732,-2.81,0.111855910617236,0.126226873946074,12.6860275268555,18.4830564587931,0.169767307167521,1.11052787030276,173.410003662109,12.8972599312726,28.3699309997714,-173.410003662109,1.14371430873871,12.8100004196167,8.77999973297119,16.05299949646,37.2000007629395,991.393039295622
2.425,-0.0219379494620217,-0.0487314221763013,0.487552196427008,0.197698658652475,-0.572239383535294,-8.16215464927573,-0.19007910067937,-0.115247732777433,-0.0703474446624956,0.159831715647537,-0.0201322375162956,1.569747818494,-0.135707425330659,-0.136419236443741,-0.0679723210760625,11.5913584596266,-5.04399474160728,0.531318881832314,5.07641914762661,11.5892939350144,-0.044814869834245,7.13224428326976,-6.56779637126237,-2.81,0.111490606345091,0.131880627804238,12.6860275268555,18.4811415822379,0.169767465329175,1.11052790186793,173.408081054688,13.0988619462013,28.8192287626492,-173.408081054688,1.14542698860168,12.80615234375,8.77999973297119,16.05299949646,37.1980781555176,991.38464514943
2.45,-0.0243145265993268,-0.0492031048178044,0.489494538358057,0.257279261425628,-0.543944522727209,-8.06739964126721,-0.240589746156786,-0.143134048866547,-0.0398742068466708,0.15302375819015,-0.0233475184093303,1.56819262911116,-0.184086559912946,-0.165152511663975,-0.0342877847146065,11.5835878829723,-5.02612897454334,0.525251692372068,5.07760960037549,11.5730159949008,0.0234857312103726,7.13227979000634,-6.56801747795754,-2.81,0.112769485635129,0.132703365146547,12.6863594100481,18.4755894747772,0.169767670353541,1.11052794278575,173.405578613281,13.3601978938955,29.4016517887713,-173.405578613281,1.1476469039917,12.8011636734009,8.77999973297119,16.05299949646,37.1955795288086,991.376181414462
2.475,-0.027654221778697,-0.0487207991772885,0.491436926374585,0.281622054674487,-0.503324312791178,-8.2770126582977,-0.235138080850664,-0.150105637861764,-0.00540423764437524,0.148449693444729,-0.0259813616617743,1.56737585694943,-0.224178918584518,-0.14843473652464,-0.00955311289731169,11.5978654824652,-4.96386715838947,0.460934103138899,5.0170991666778,11.5840884321294,0.0230718715962765,7.13231529674292,-6.56823858465271,-2.81,0.110067806615264,0.135735261582215,12.6877885397143,18.4934423953658,0.169767875377907,1.11052798370356,173.403091430664,13.6215338387533,29.9840748147358,-173.403091430664,1.14986681938171,12.7961750030518,9.98999977111816,16,37.1930885314941,991.367717679493
2.5,-0.0287656811455512,-0.0472912818094623,0.492800417366801,0.327099551761174,-0.60238272694931,-8.48135758859669,-0.255339880246281,-0.128547775700478,0.026203384365652,0.14297400663913,-0.0285172176801268,1.56721998990815,-0.245875016786586,-0.133975207930324,0.015034643587378,11.6062114172631,-4.94112355183873,0.43829701094136,4.99464580788301,11.5914090601945,0.0608189080931812,7.1323508034795,-6.56845969134788,-2.81,0.110063798198012,0.13631621422486,12.6888790130615,18.5092467951699,0.169768080402273,1.11052802462138,173.400588989258,13.8828697850293,30.5664978407002,-173.400588989258,1.15208685398102,12.791187286377,9.98999977111816,16,37.1905937194824,991.359253944524
2.525,-0.0315866619651927,-0.0472867914768178,0.493,0.325313744408758,-0.522082568619056,-8.5837885995091,-0.311339749219188,-0.120722120787367,0.0523182542783837,0.13768920479619,-0.0311526447517874,1.56751072130321,-0.261027415676621,-0.130834728999909,0.0381960958084851,11.6079724360068,-4.90701539087007,0.397220167531066,4.95321750635533,11.5948513610073,0.0816470067093608,7.13238977981393,-6.56870353053739,-2.81,0.108979547746335,0.137397315272047,12.6888790130615,18.5209378949064,0.169768129217599,1.11052803436371,173.399993896484,13.9450926296508,30.7051699897619,-173.399993896484,1.15261542797089,12.789999961853,9.98999977111816,16,37.189998626709,991.352680704656
2.55,-0.0322970880556491,-0.0470108686720294,0.493,0.282396233098126,-0.453170045477202,-8.41088299689819,-0.291817838984059,-0.129119940467925,0.0751188192675719,0.129118760907423,-0.0356300175120726,1.56907174133259,-0.271762010136248,-0.128821533081054,0.0712483342919761,11.6071148263902,-4.89211153897757,0.371405391852529,4.91922416441311,11.6006003306335,0.152044260209038,7.13242961145669,-6.56895297363052,-2.81,0.109355443547675,0.136530281609526,12.6898537248444,18.5419700093262,0.169768129217599,1.11052803436371,173.399993896484,13.9450926296508,30.7051699897619,-173.399993896484,1.15261542797089,12.789999961853,9.98999977111816,16,37.189998626709,991.346698244507
2.575,-0.0352741835646854,-0.0471227798194018,0.493,0.257978501349371,-0.416500297000604,-8.11790325526955,-0.29248272180802,-0.12013989844531,0.102618457907929,0.119276653584336,-0.0394701221143038,1.57159987380681,-0.288681406002813,-0.115214021174147,0.102594388727733,11.6093017600775,-4.89625073092042,0.306041002461079,4.88854799959325,11.6151916082929,0.179560658495781,7.13246944309945,-6.56920241672364,-2.81,0.10827947795827,0.13418040548209,12.693886355946,18.5646126389028,0.169768129217599,1.11052803436371,173.399993896484,13.9450926296508,30.7051699897619,-173.399993896484,1.15261542797089,12.789999961853,10.0600004196167,15.9849996566772,37.189998626709,991.340715784358
2.6,-0.0382846606441431,-0.0479110424594748,0.493,0.205031777388311,-0.310381372614792,-7.94835596807187,-0.247324269714603,-0.0879691326357632,0.125917307931722,0.110631405137451,-0.0426615412703369,1.57461334618747,-0.248179488929409,-0.106454797365056,0.128381886959915,11.6170935263211,-4.92310115560764,0.274531829634847,4.87893197308006,11.6367756065285,0.225013329558552,7.1325025382546,-6.56939487471155,-2.81,0.108722533707108,0.130501272404985,12.696925163269,18.5944757870394,0.169768129217599,1.11052803436371,173.399993896484,13.9450926296508,30.7051699897619,-173.399993896484,1.15261542797089,12.789999961853,10.0600004196167,15.9849996566772,37.189998626709,991.33473332421
2.625,-0.0382846606441431,-0.0479110424594748,0.493,0.151704768418124,-0.335579147493509,-7.93562043427633,-0.224707305563842,-0.04098034616799,0.14811718282542,0.107187524834466,-0.0444854776281795,1.57811932833617,-0.211174256713434,-0.0300899088505981,0.150987464093802,11.6064531191417,-4.93885123787387,0.269038046917433,4.85416246322912,11.6424309346956,0.255530308948839,7.13253084658842,-6.56954684015613,-2.81,0.109094726709345,0.127902154727509,12.696925163269,18.6081856460287,0.16976828478406,1.11052806482199,173.390625,14.1396250705464,31.1470954584041,-173.390625,1.15494072437286,12.7937526702881,10.0600004196167,15.9849996566772,37.189998626709,991.338692200722
2.65,-0.0376479435663227,-0.0479120559621048,0.493,0.17364697327827,-0.290639735227444,-7.95303922838191,-0.187942282197153,-0.00851957894970376,0.170409679823762,0.101809590523697,-0.0441924107222979,1.58188642302673,-0.235433564373927,-0.00908665331285721,0.167399217595944,11.612571360496,-4.97063860081054,0.291527136493832,4.84546155858885,11.6651922555812,0.29806324556992,7.13255915492224,-6.56969880560071,-2.81,0.112405137358792,0.124121560450736,12.6983826766388,18.6387264738444,0.16976849154961,1.11052810530451,173.378143310547,14.3981808492028,31.7344647522109,-173.378143310547,1.15803122520447,12.7987413406372,10.0600004196167,15.9849996566772,37.189998626709,991.345922909553
2.675,-0.0370148322096878,-0.0479130637252816,0.493,0.198350471682034,-0.446798754852824,-8.22833953268092,-0.1910072683757,0.00248315285414899,0.191342420975245,0.097991531664759,-0.0449301822420007,1.58654477985078,-0.222609016203267,0.0230214565374622,0.187710717405081,11.600489962223,-4.97316703339883,0.295821762407106,4.79499967917705,11.6743714876347,0.329084588258364,7.13258746325605,-6.56985077104529,-2.81,0.113805460311758,0.121775621987265,12.7041852298655,18.6593090580716,0.169768698315159,1.11052814578702,173.365676879883,14.6567366250228,32.3218340459389,-173.365676879883,1.16112184524536,12.8037300109863,9.68000030517578,16.0139999389648,37.189998626709,991.353153618384
2.7,-0.0370258381125208,-0.0428211751035622,0.493,0.204648280500982,-0.259859540969725,-8.89212325637823,-0.240904304114454,0.00853583785307171,0.207652360916716,0.0908605309003345,-0.0459040139705938,1.59165555408886,-0.240613114454484,-0.00470178175346487,0.207848973557945,11.5895435548738,-5.02295704866836,0.303433358069907,4.78705170315247,11.6867718702182,0.378402392557925,7.13261577158987,-6.57000273648988,-2.81,0.116532002004491,0.116367506112149,12.7085027694702,18.6809367981415,0.169768905080709,1.11052818626954,173.353225708008,14.9152924022611,32.9092033397458,-173.353225708008,1.16421258449554,12.8087177276611,9.68000030517578,16.0139999389648,37.189998626709,991.360384327216
2.725,-0.0390984551168395,-0.0356926134665692,0.493,0.218709007518697,-0.239416915852244,-9.30233628187899,-0.2234433116684,0.0200106958675443,0.220004987299126,0.0867149491214846,-0.0471443381672291,1.59752248439062,-0.186032469136873,0.0184132584698159,0.22287786366065,11.5587138925736,-5.07016476533652,0.298884002684475,4.76646828517679,11.684079260672,0.403535824720163,7.13265046867663,-6.57019464875571,-2.81,0.117426645511578,0.111211008560689,12.7085027694702,18.6853992888214,0.169768958248993,1.11052819667933,173.350006103516,14.9817781733078,33.0602411581375,-173.350006103516,1.16500723361969,12.8100004196167,9.68000030517578,16.0139999389648,37.189998626709,991.362741212097
2.75,-0.0395686379392456,-0.0390202221524802,0.493,0.244795746798133,-0.151612035534955,-9.54399014240308,-0.227966243094254,0.0467285784371693,0.239145437774421,0.082560301437639,-0.0465840215889138,1.60365731489516,-0.151933030406852,0.0352463596429778,0.236427709521124,11.5591852159245,-5.0898388789955,0.291224130509719,4.7142027763718,11.7138857376973,0.408909857782912,7.13270658284548,-6.57052047516074,-2.81,0.118618625242141,0.107294100863094,12.7097372000687,18.7224478071449,0.169768958248993,1.11052819667933,173.350006103516,14.9817781733078,33.0602411581375,-173.350006103516,1.16500723361969,12.8100004196167,9.47999954223633,16.0359992980957,37.189998626709,991.363411004073
2.775,-0.0395686379392456,-0.0390202221524802,0.493,0.284348381171838,0.0906516471438472,-9.33874298350548,-0.138320690475323,0.0449260262893234,0.252862075917969,0.0784056537537932,-0.0460237050105985,1.6097921453997,-0.117833591676829,0.0520794608161404,0.249977555381598,11.553882383679,-5.13346189959055,0.30924541194997,4.68787363829238,11.737647312705,0.43787926326737,7.13276269701433,-6.57084630156578,-2.81,0.121194379009099,0.102116022713968,12.7144729247286,18.7543899032204,0.169768958248993,1.11052819667933,173.350006103516,14.9817781733078,33.0602411581375,-173.350006103516,1.16500723361969,12.8100004196167,9.47999954223633,16.0359992980957,37.189998626709,991.364080796049
2.8,-0.0376790547811131,-0.0294995407927747,0.493,0.322286171850138,-0.0824898634749305,-9.4011006682261,-0.0893977460215764,0.0234553956626622,0.260983759161255,0.0768103450536728,-0.0458085536956787,1.61214780807495,-0.104740031063557,0.0585430637001991,0.255180448293686,11.5047630548903,-5.25641104507495,0.315816721451386,4.78537396441547,11.7045768149541,0.438460749711255,7.13281881118318,-6.57117212797081,-2.81,0.122464134295135,0.094729281730546,12.7179517745972,18.7100506139308,0.169768958248993,1.11052819667933,173.350006103516,14.9817781733078,33.0602411581375,-173.350006103516,1.16500723361969,12.8100004196167,9.47999954223633,16.0359992980957,37.189998626709,991.364750588025
2.825,-0.0383143642013348,-0.0307732031081177,0.493,0.239140790097445,0.0946786262403059,-9.36043223337605,-0.0572946485062109,0.0375300095021493,0.267625217452327,0.0734072774648666,-0.0468866005539894,1.62277388572693,-0.0256661400198936,0.0199685711413622,0.26889306306839,11.4977941340882,-5.25627362737654,0.319081478213297,4.66154300719512,11.7463620695534,0.471688783514311,7.13286031289851,-6.57138561047181,-2.81,0.123166174501271,0.0901091124258925,12.7179517745972,18.7727667264679,0.169769110515497,1.11052822508965,173.339019775391,15.1632305791645,33.4927922717337,-173.339019775391,1.16784822940826,12.8136577606201,9.47999954223633,16.0359992980957,37.189998626709,991.371392691787
2.85,-0.040210626586797,-0.0345748119989829,0.493,0.21509561606075,-0.0586496308304635,-9.50923803984792,-0.0306971453813361,0.0752348065093141,0.269949551789517,0.0726621719196942,-0.0463022233294363,1.6255402394366,-0.0253923797299201,0.0307597499762826,0.270745783577764,11.475355813802,-5.37743304341303,0.323836120687372,4.75129368593324,11.7437446780839,0.463806283699425,7.13290105388331,-6.57159324430152,-2.81,0.123971776871988,0.0826096930852754,12.7157111586981,18.7574375768502,0.169769318151639,1.11052826383098,173.324066162109,15.4106656774153,34.0826346993435,-173.324066162109,1.17172241210938,12.8186464309692,9.47999954223633,16.0359992980957,37.189998626709,991.380206545288
2.875,-0.0378362209154579,-0.0322004063276438,0.493,0.271974842683022,0.0844695137509456,-9.75918916946701,-0.0338439743048304,0.106960810864849,0.271278168572886,0.0707035558312751,-0.0447661045324,1.63281199431365,-0.0246727618022502,0.0591259010753053,0.275615923413007,11.4829551606951,-5.3765466899234,0.320669963129833,4.66429382460607,11.7858647547939,0.453980017360886,7.13294179486811,-6.57180087813122,-2.81,0.124819768353278,0.079559447682287,12.7074169489663,18.808287424566,0.16976952578778,1.11052830257231,173.30908203125,15.6581007756662,34.6724771268744,-173.30908203125,1.17559659481049,12.8236351013184,9.48999977111816,16.0380001068115,37.189998626709,991.38902039879
2.9,-0.0339407984278353,-0.38314796988111,0.493,0.279558939836017,-0.00406212412915713,-10.2235702446863,-0.00719749941433172,0.118273805197642,0.267836340885777,0.0700770411091131,-0.0406880846735959,1.64454992495635,-0.0341332430589016,0.112610984242389,0.271252032332703,11.42128130703,-5.49676865366482,0.402538366985512,4.65562917237984,11.7862503814277,0.481236343911223,7.13298253585291,-6.57200851196093,-2.81,0.13099898914953,0.0687613805017151,12.7014026641846,18.8147597900073,0.169769733423922,1.11052834131365,173.294128417969,15.9055358724988,35.2623195545631,-173.294128417969,1.17947065830231,12.8286218643188,9.48999977111816,16.0380001068115,37.189998626709,991.397834252292
2.925,-0.0336271094983194,-0.382210488458421,0.493,0.282942588681927,0.106891357011422,-11.0325151010236,-0.00653652260696315,0.132537161142931,0.268259323235426,0.0709245239918577,-0.0386147030071734,1.65010630791491,-0.0116068413565975,0.135476326002353,0.26788086641278,11.4113171785185,-5.51325940406969,0.409981292285086,4.60772077702581,11.804266552366,0.458774527403501,7.13303815499689,-6.57230578888397,-2.81,0.131792614521931,0.0658608738140912,12.7014026641846,18.835087623467,0.169769790771047,1.11052835201364,173.289993286133,15.9738750909889,35.4252284155084,-173.289993286133,1.18054068088531,12.8299999237061,9.48999977111816,16.0380001068115,37.1881942749023,991.399938007998
2.95,-0.0323355802606797,-0.391096829703487,0.493,0.400696240197412,0.0100797683723187,-11.8665339879661,0.0388300403043433,0.154035066641093,0.263139633003154,0.0722502339700953,-0.0367233896850847,1.65538097711689,0.0170523527348313,0.164510959213427,0.264225965390511,11.4045403494207,-5.5364002788329,0.424045963027884,4.5699384463441,11.8243560303572,0.441984922557545,7.13309849355153,-6.57263150094908,-2.81,0.132691141026189,0.0627533123317549,12.7084936155559,18.8572093797354,0.169769790771047,1.11052835201364,173.289993286133,15.9738750909889,35.4252284155084,-173.289993286133,1.18054068088531,12.8299999237061,9.48999977111816,16.0380001068115,37.1856994628906,991.399481331651
2.975,-0.0301159057379788,-0.393316504226188,0.493,0.495946079698061,-0.475027216272275,-12.2660410548076,-0.170566954901881,0.121885693312753,0.261883255177537,0.0704910504546689,-0.0347930128232789,1.66058258760095,0.000522430475724087,0.1465847026145,0.268557387794524,11.3706810757512,-5.54908423886538,0.403270193318663,4.52238857129629,11.8165025166615,0.40696529241659,7.13315883210618,-6.5729572130142,-2.81,0.133061460685137,0.059980753309463,12.7338527806298,18.8503903460036,0.169769790771047,1.11052835201364,173.289993286133,15.9738750909889,35.4252284155084,-173.289993286133,1.18054068088531,12.8299999237061,9.59000015258789,15.8879995346069,37.1832046508789,991.399024655304
3,-0.0294875019122486,-0.388866801253437,0.493,0.41980127791242,-0.906996269232521,-12.5931922206508,-0.624138377482807,0.0115582180778491,0.270986773832483,0.0662305240981948,-0.0334708144046245,1.66771799290478,-0.210899189689237,0.111606079663696,0.26929475963539,11.3093707829898,-5.50982661646112,0.236935120452244,4.39334170430461,11.7877942950888,0.250298677180776,7.13321904054251,-6.57328155987293,-2.81,0.126516239240683,0.0590031502720104,12.7520008087158,18.8149265840408,0.169769790771047,1.11052835201364,173.289993286133,15.9738750909889,35.4252284155084,-173.289993286133,1.18054068088531,12.8299999237061,9.59000015258789,15.8879995346069,37.1807136535645,991.398567978956
3.025,-0.0288642686957839,-0.381890069581896,0.493,0.357613873687034,-0.682267237281744,-12.0202230433859,-1.16960153344128,-0.122303864289873,0.293816540345521,0.027429816217495,-0.0380171758587002,1.67748906039795,-0.78267062569404,-0.0414605041842608,0.30204787154851,11.2559127044625,-5.40058374737449,0.102166463980331,4.17267365717372,11.7607522213095,0.381857760091428,7.13327012272404,-6.57351015371238,-2.81,0.130942803928168,0.0562336378111431,12.7520008087158,18.8440511628637,0.169769940015353,1.11052837875324,173.272186279297,16.1446569407885,35.8491942215147,-173.272186279297,1.18424069881439,12.828218460083,9.59000015258789,15.8879995346069,37.1800003051758,991.397915584174
3.05,-0.0298098753909198,-0.386654517231234,0.492055401635351,0.202035624139673,-0.225186837173387,-10.5802743254543,-1.57692169142913,-0.24330569726636,0.326343331834669,-0.0132737174001001,-0.0428749038613534,1.68735095361573,-1.36953031297331,-0.201211650103092,0.336796998240246,11.2042154129118,-5.32290667374825,0.0068554650241599,3.98487102800461,11.7336112880905,0.557668812044883,7.13332120490557,-6.57373874755183,-2.81,0.137405705606046,0.0510800594267843,12.7565347984115,18.8789034923001,0.169770148957382,1.11052841618869,173.247253417969,16.3837515290897,36.4427463499865,-173.247253417969,1.18942081928253,12.8257246017456,9,16.0629997253418,37.1800003051758,991.397184902019
3.075,-0.043292624944168,-0.293282686260398,0.490841416766214,0.0648553028442074,0.123872881127531,-8.685406859152,-1.78722500647109,-0.330899280328766,0.361985546413845,-0.0357084535062313,-0.0455523580312729,1.69278657436371,-1.69299221038818,-0.289262354373932,0.355949819087982,11.0900535670781,-5.44950632233468,-0.591393214380483,4.07619367742834,11.6794232775156,0.108950541815142,7.1333722870871,-6.57396734139128,-2.81,0.112494956630822,0.0394351481773101,12.7722179430964,18.7364052689761,0.169770357899412,1.11052845362414,173.222305297852,16.6228461188091,37.0362984783796,-173.222305297852,1.19460082054138,12.8232307434082,9,16.0629997253418,37.1800003051758,991.396454219863
3.1,-0.0474836287335632,-0.260497894560798,0.489627449142301,-0.0659990161928005,0.563305054982359,-7.31674012347178,-1.89989911547513,-0.391785299092956,0.38085360822972,-0.0698240847359058,-0.0529801282505351,1.70048693009803,-1.79521609495973,-0.331793204656148,0.374099881067371,11.0235932791508,-5.52224664668098,-0.952114371388898,4.10087818739984,11.6663505663566,0.0200285322207012,7.13342336926864,-6.57419593523073,-2.81,0.101149603150034,0.0276736837856646,12.7832927703857,18.7062269966401,0.169770566841441,1.11052849105958,173.197357177734,16.8619407071103,37.6298506068514,-173.197357177734,1.19978082180023,12.8207359313965,9,16.0629997253418,37.1800003051758,991.395723537708
3.125,-0.0617254442496685,-0.167802043141066,0.488413455529765,-0.214430494878548,0.63289772581728,-6.59968098911551,-1.90379979157412,-0.389133922948526,0.38440232501279,-0.155099827444061,-0.067515211579398,1.71890025262251,-1.88506460704902,-0.387633349668444,0.39656642648601,10.9366906399566,-5.64745763264725,-1.535746998155,4.13663165263883,11.6937105168368,0.0944014184741448,7.13346282656785,-6.57438290760197,-2.81,0.0892741043817177,0.000553425486476704,12.7832927703857,18.738724130759,0.169770628529087,1.11052850211195,173.190002441406,16.9325305388336,37.8050898066484,-173.190002441406,1.20131015777588,12.8199996948242,9,16.0629997253418,37.1800003051758,991.403747123664
3.15,-0.068960834242818,-0.118746013273878,0.487199485094812,-0.212569671658538,1.18962780397361,-6.11022712574238,-1.89627146495972,-0.325538383652802,0.379243530133654,-0.195733028763254,-0.0725156377329642,1.72810967769805,-1.91668661109096,-0.299754823497621,0.390010346600302,10.8958453001237,-5.72135484125339,-1.80904970720837,4.18027114900888,11.714717265048,0.129380785522233,7.13350087191278,-6.57456482464369,-2.81,0.0837537634265464,-0.0137883020691839,12.7834690189135,18.7579147176561,0.169770628529087,1.11052850211195,173.190002441406,16.9325305388336,37.8050898066484,-173.190002441406,1.20131015777588,12.8199996948242,9,16.0629997253418,37.1800003051758,991.415438038153
3.175,-0.0699495208732591,-0.0986536481925232,0.485985505954405,-0.160084140059836,1.51749230744165,-5.86565020180505,-1.64552695700411,-0.228293859218618,0.352577183448617,-0.22078616097874,-0.0751300070454634,1.73356389061586,-1.82166637686162,-0.2825281592284,0.377902915344206,10.9018325871043,-5.80836619829051,-1.89644845605699,4.23359856380716,11.755930482615,0.241516222285306,7.1335389172577,-6.57474674168541,-2.81,0.0844549727246419,-0.0248623483684398,12.7840593116017,18.8078476389492,0.169770628529087,1.11052850211195,173.190002441406,16.9325305388336,37.8050898066484,-173.190002441406,1.20131015777588,12.8199996948242,8.35999965667725,15.9659996032715,37.1800003051758,991.427128952643
3.2,-0.0744841864196292,-0.03468680224692,0.487997701621785,-0.0521674530304187,1.83504951188132,-5.87331101390207,-1.31536370677022,-0.107034708767007,0.317494675284145,-0.277113261210306,-0.0773790907068378,1.74744432966756,-1.3620826194667,-0.0983819737039159,0.329198921801521,10.8624350552919,-5.95279739026701,-2.18031005029469,4.31428199846096,11.8080582071034,0.37252681894412,7.13357696260262,-6.57492865872713,-2.81,0.0820753310212861,-0.048383116532987,12.7844705581665,18.8682566009007,0.169770628529087,1.11052850211195,173.190002441406,16.9325305388336,37.8050898066484,-173.190002441406,1.20131015777588,12.8199996948242,8.35999965667725,15.9659996032715,37.1800003051758,991.438819867132
3.225,-0.0731130763925287,-0.00643594332812896,0.492812226221672,-0.144132511542551,2.14041184803336,-6.07544623115579,-0.844735539452679,0.018150606765651,0.272447392983414,-0.299891652204965,-0.0760312391019082,1.7548530564304,-0.809628084879267,0.00793827876410669,0.274538089195429,10.863255933043,-6.09799313685664,-2.22045333181137,4.38541912958945,11.8590956836119,0.506173278100793,7.13361260132328,-6.57509931445559,-2.81,0.08526126144861,-0.063480410211364,12.7844705581665,18.9306396562622,0.169770775004083,1.11052852783587,173.163986206055,17.0968253261269,38.2211886916427,-173.163986206055,1.19985747337341,12.8321371078491,8.35999965667725,15.9659996032715,37.1800003051758,991.432614432944
3.25,-0.0726427939434818,-0.00214264464229809,0.494204678942554,-0.125079749078834,1.82163682756657,-6.52200626080419,-0.445550997198259,0.121865550259915,0.219921366365983,-0.30599974417569,-0.070225109253631,1.75823878827698,-0.474223599941159,0.127993750528568,0.229019254043499,10.8942504784016,-6.22487506338147,-2.1370580962266,4.43701164876587,11.9143186917794,0.602260813054379,7.13364000757766,-6.57523144801705,-2.81,0.0928770337790156,-0.0732399254572124,12.7933829617897,18.994177864122,0.169770985687296,1.11052856483602,173.126586914062,17.3331397468085,38.8196870877204,-173.126586914062,1.19776809215546,12.8495960235596,9.26000022888184,15.9569997787476,37.1800003051758,991.418564023994
3.275,-0.0726427939434818,-0.00214264464229809,0.495087566927338,-0.0618441344095726,1.94409909227988,-7.35472247464982,-0.119346089931767,0.239412509623483,0.174509449908029,-0.312107836146416,-0.0644189794053536,1.76162452012357,-0.138819115003039,0.248049222293033,0.183500418891567,10.9269245001877,-6.33297852289736,-2.072945170579,4.47401386860174,11.9719902183072,0.675313113173305,7.13366741383204,-6.57536358157851,-2.81,0.0994090821840995,-0.0819871038767936,12.8223139950895,19.0584757379925,0.169771196370509,1.11052860183617,173.089172363281,17.569454166072,39.4181854839558,-173.089172363281,1.19567859172821,12.86705493927,9.26000022888184,15.9569997787476,37.1800003051758,991.404513615044
3.3,-0.057426691404574,0.000369818560788708,0.495970463270346,0.0606144665919758,1.9618514048683,-8.68871497049014,0.25632668893927,0.363578101716891,0.129007341966183,-0.312465153729603,-0.0582220670949249,1.76297806434331,0.123391806483963,0.324901928414536,0.14754117569553,10.9536810619032,-6.50803320280944,-1.91081324695162,4.5688816084755,12.0184337554361,0.819391941271494,7.13369482008642,-6.57549571513997,-2.81,0.110130592721478,-0.092316217436427,12.8421955108643,19.1176610972833,0.169771407053721,1.11052863883632,173.0517578125,17.8057685867536,40.0166838800335,-173.0517578125,1.19358921051025,12.8845129013062,9.26000022888184,15.9569997787476,37.1800003051758,991.390463206094
3.325,-0.0481852018354111,-0.0139095289915749,0.496853359677815,0.233232981581074,1.73744913540359,-10.461345289397,0.54623309350496,0.439688302726907,0.0756476842650189,-0.297099090379081,-0.0458387076426583,1.76264488890763,0.562245936043107,0.437985558614702,0.0834469825775222,10.9692520694212,-6.70554833910932,-1.6231008944382,4.67482252608466,12.0513624070373,0.913249411726947,7.13372059693273,-6.57563614523105,-2.81,0.126356330172984,-0.100686930574441,12.8421955108643,19.1539510537892,0.169771473268445,1.11052865046494,173.039993286133,17.880038831957,40.2047833760157,-173.039993286133,1.19293248653412,12.8900003433228,9.26000022888184,15.9569997787476,37.1800003051758,991.38416846631
3.35,-0.0433912637978038,-0.0307588113484508,0.49773625603341,0.462094607034941,1.52544504341493,-12.1202799701663,0.701192401782441,0.467310620431151,0.0252689003018251,-0.28855701723925,-0.0388210499139141,1.76130780335189,0.613203497077429,0.464600853935932,0.0556831143532183,10.9978710687869,-6.79871207547636,-1.47917022710205,4.73581039089845,12.0849568507846,0.943141743199234,7.13374620360231,-6.57577744181854,-2.81,0.134626071186491,-0.103922776590195,12.8653292667271,19.1848683457961,0.169771473268445,1.11052865046494,173.039993286133,17.880038831957,40.2047833760157,-173.039993286133,1.19293248653412,12.8900003433228,9.26000022888184,15.9569997787476,37.1800003051758,991.381428408226
3.375,-0.0328860083793554,-0.0551990723696023,0.498619150302171,0.679658341560782,1.49480254084356,-13.529810342531,0.823357599735463,0.469178843059065,-0.0288779293808649,-0.260801663302535,-0.0233711518291375,1.75749059896968,0.829700742395311,0.461356684009611,-0.0191989847722802,11.03969189355,-6.90301752042096,-1.19839517379569,4.81149163450756,12.1259175867399,0.879926084955487,7.13377181027188,-6.57591873840603,-2.81,0.148863205265117,-0.103657574814479,12.9381833336982,19.2033127782612,0.169771473268445,1.11052865046494,173.039993286133,17.880038831957,40.2047833760157,-173.039993286133,1.19293248653412,12.8900003433228,10.8900003433228,15.9650001525879,37.1800003051758,991.378688350143
3.4,-0.0217274281624716,-0.0847365094765908,0.499502040347043,0.887219002589186,1.29903869879754,-14.7428970104046,0.88222901742608,0.447241970844048,-0.0870696510232676,-0.236348365398384,-0.0107856855703684,1.75235396203062,0.853898202859596,0.438017873495551,-0.0825661580199328,11.0938911797901,-6.9685896931431,-0.993044240387684,4.89048967966689,12.1691113652864,0.78590072916493,7.13379741694146,-6.57606003499352,-2.81,0.158732801622821,-0.101108709302104,12.9875583648682,19.2183345398085,0.169771473268445,1.11052865046494,173.039993286133,17.880038831957,40.2047833760157,-173.039993286133,1.19293248653412,12.8900003433228,10.8900003433228,15.9650001525879,37.1800003051758,991.375948292059
3.425,-0.0147045091256351,-0.105387987211236,0.500384930419755,1.08080648438287,1.20461280470442,-15.6467421267342,0.861168333210471,0.386258057626202,-0.146473336860325,-0.215799121385073,-0.00362014632104418,1.74798727112408,0.900734122926266,0.375351791639499,-0.140036111614886,11.1189509126587,-6.95487590709718,-0.871000868347312,4.91131464975936,12.1728545404424,0.678683683452479,7.13385339013507,-6.57632548896274,-2.81,0.163011204101871,-0.0951216309466797,12.9875583648682,19.2000610434109,0.169771616613456,1.11052867577843,173.01806640625,18.0417123173794,40.611990755888,-173.01806640625,1.1942275762558,12.9152965545654,10.8900003433228,15.9650001525879,37.1783142089844,991.37473164828
3.45,-0.0108592316774309,-0.126678298048127,0.500660047576144,1.2208483696908,0.988825261314097,-16.1928669963189,0.806194302692587,0.282128834427216,-0.208765107167969,-0.203564946049556,0.000526201474419181,1.74440872171164,0.857230663413005,0.342120718628518,-0.17873880417573,11.1360373016994,-6.962652352619,-0.82412950861238,4.956773439978,12.1756264496597,0.594610492938827,7.13390954640908,-6.57659169147937,-2.81,0.164214692763788,-0.0920124568930098,13.0063555099052,19.1827260692379,0.169771828602557,1.11052871321388,172.985656738281,18.2808069056806,41.2141988528278,-172.985656738281,1.19614291191101,12.9527072906494,10.8900003433228,15.9650001525879,37.1758193969727,991.374244526843
3.475,-0.0089391393110039,-0.135575693550453,0.499539470469102,1.25757132820016,0.748529963146428,-15.9734586780714,0.646908275047493,0.146302492663806,-0.264768876815252,-0.183765708835593,0.0043886704694399,1.73625824478196,0.699252742968518,0.173284191401183,-0.244224902017166,11.1566788346201,-6.91257000653045,-0.798128661775809,5.00929101136688,12.1496769908087,0.429498145800847,7.13396570268309,-6.576857893996,-2.81,0.162615823755935,-0.0826727332863976,13.0638366345838,19.123067211417,0.169772040591657,1.11052875064933,172.953231811523,18.5199014954,41.8164069497676,-172.953231811523,1.19805812835693,12.990119934082,11.8199996948242,15.918999671936,37.1733245849609,991.373757405406
3.5,-0.0107264243201396,0.190405863234405,0.498418866714698,1.22795219015293,0.726762181615012,-15.2495643774889,0.468939185794974,0.00340141683207707,-0.31138312800791,-0.170155887862876,0.00460726516331414,1.72823893093574,0.51359224275315,0.0239514584727783,-0.295827652875381,11.1788840833821,-6.83696352043633,-0.824014982218926,5.03969308243032,12.1204581753886,0.294121529222018,7.1340218589571,-6.57712409651263,-2.81,0.158322734528241,-0.0730138909104611,13.1022481918335,19.0688585475608,0.169772252580758,1.11052878808477,172.920806884766,18.7589960851194,42.4186150467073,-172.920806884766,1.19997346401215,13.0275297164917,11.8199996948242,15.918999671936,37.1708297729492,991.373270283969
3.525,-0.0124605839945587,0.188091437249426,0.49729827095933,1.05168347184089,0.659420012520225,-14.3774416850606,0.286598176980531,-0.111377297790628,-0.349169602982604,-0.162930519884852,0.00264365864081084,1.72182292319567,0.348728445085377,-0.0680713280036826,-0.329843737992921,11.2051186640024,-6.75743138871304,-0.883877204279445,5.04785085527648,12.1029020806982,0.194332518383404,7.13407460737561,-6.57735856116361,-2.81,0.152855345428102,-0.0648475646480073,13.1022481918335,19.0349804589532,0.169772323243791,1.11052880056325,172.910003662109,18.8386942812198,42.6193510790732,-172.910003662109,1.20061194896698,13.039999961853,11.8199996948242,15.918999671936,37.1699981689453,991.376741024208
3.55,-0.0186455476825322,0.182828484690213,0.496177675203963,0.831987649598028,0.638047660803035,-13.2226786160408,0.101707095123857,-0.187798923363558,-0.3762034904535,-0.157062621236449,-0.00339234048517818,1.71213759140207,0.170592235994785,-0.159653828777514,-0.36925392390661,11.2699937844626,-6.62397689058346,-0.995636578446513,5.04380046527016,12.100947303429,0.0909569751299043,7.1341270967331,-6.57759061314066,-2.81,0.143419266267609,-0.0525362864004697,13.1069615765026,19.0176969031081,0.169772323243791,1.11052880056325,172.910003662109,18.8386942812198,42.6193510790732,-172.910003662109,1.20061194896698,13.039999961853,11.8199996948242,15.918999671936,37.1699981689453,991.382190695285
3.575,-0.0262561155402313,0.183817657747846,0.495057079448595,0.632878623781692,1.05387504644708,-11.7958715653056,0.0722824607604011,-0.235112229426616,-0.399692717119957,-0.154331833124161,-0.00864189863204956,1.70517134666443,0.0633779019117355,-0.211532697081566,-0.394070446491241,11.3964052473191,-6.46961884973363,-1.17127722927046,4.98660147080149,12.1752032892305,-0.0643553188885824,7.13417958609058,-6.57782266511771,-2.81,0.131169016046941,-0.0407233632790854,13.1209689591106,19.0742401924858,0.169772323243791,1.11052880056325,172.910003662109,18.8386942812198,42.6193510790732,-172.910003662109,1.20061194896698,13.039999961853,10,15.8559999465942,37.1699981689453,991.387640366362
3.6,-0.0341822359321022,0.182558469827864,0.493936478328971,0.311266624848041,1.54686116523999,-10.4671167749849,0.334039957215132,-0.229605449589422,-0.427854577351943,-0.152204990227508,-0.0158825656041508,1.69541331542896,0.137924798112565,-0.252949809943383,-0.416066528944457,11.4619825849146,-6.46225728792409,-1.19539284076674,5.09297023141745,12.1913101680088,-0.0197151026046898,7.13423207544806,-6.57805471709476,-2.81,0.126944724727879,-0.0357156556896818,13.1301965713501,19.0851119439915,0.169772323243791,1.11052880056325,172.910003662109,18.8386942812198,42.6193510790732,-172.910003662109,1.20061194896698,13.039999961853,10,15.8559999465942,37.1699981689453,991.393090037439
3.625,-0.03892944788667,0.164529588460218,0.492815885284912,0.0137617728402644,1.52268252960111,-9.46164667214288,0.790036993959444,-0.192000060863602,-0.469938007044269,-0.126356514205518,-0.0264907318302758,1.6787236182407,0.756905811325598,-0.19764386472482,-0.480358662132956,11.5829450034847,-6.39326397289013,-1.16853555512166,5.20353325909379,12.2198602214845,-0.0466080816582031,7.13427811439751,-6.57827807826113,-2.81,0.117088064747067,-0.0204009008981722,13.1301965713501,19.0980133555038,0.169772464553275,1.11052882602185,172.906723022461,19.0012944896548,43.0207760363952,-172.906723022461,1.19669306278229,13.0875291824341,10,15.8559999465942,37.1716384887695,991.405932211253
3.65,-0.0417715172974221,0.148282503828404,0.491695292182492,-0.0612730713153083,1.03873270466642,-8.5844195346784,1.1865630502505,-0.163445134285654,-0.512795949957756,-0.0982055324611805,-0.0322837316604719,1.66668305934297,1.1382634462678,-0.190831016453355,-0.518529058711926,11.638918594565,-6.43474819868179,-1.0308163350453,5.35998402796147,12.214876221837,-0.01904870453706,7.13432208325532,-6.57849865033656,-2.81,0.113786940259842,-0.0129281771927569,13.1300948725177,19.0821545888863,0.169772679589447,1.11052886476318,172.901733398438,19.2487295864875,43.6316401018818,-172.901733398438,1.19072937965393,13.1598567962646,10,15.8559999465942,37.1741333007812,991.422631343017
3.675,-0.0459705798641216,0.102242782394578,0.490574696427124,-0.0742942974221249,0.693406317422841,-7.88307766058402,1.41498250447815,-0.144885781624168,-0.546608986854901,-0.0672959412331993,-0.0369052907583384,1.65385702207979,1.39070590296943,-0.170932758444322,-0.557080664851934,11.7369947619226,-6.35595219568819,-0.830083235599093,5.40100290545359,12.2340639877409,0.0325344807583624,7.13436605211313,-6.578719222412,-2.81,0.112769123333184,0.00115466442249848,13.1298009210981,19.105113508815,0.169772894625619,1.11052890350451,172.896743774414,19.4961646847383,44.2425041673683,-172.896743774414,1.18476593494415,13.2321853637695,7.80000019073486,16.0279998779297,37.176628112793,991.439330474781
3.7,-0.0486077601198291,0.0562627926625954,0.489454095309112,-0.159113582758418,0.18895421997931,-7.07373002076417,1.56933001391476,-0.116541486887543,-0.578711598759737,-0.0281702067202282,-0.0399530583452343,1.63891690756565,1.46347110716539,-0.116995247197175,-0.585000410510951,11.8340519588888,-6.24663080537474,-0.614754884595582,5.44087691128797,12.2408650153702,0.0344654053939349,7.13441002097094,-6.57893979448743,-2.81,0.11004905297857,0.0182972185597919,13.1296100616455,19.108743834099,0.169773109661791,1.11052894224585,172.891754150391,19.7435997844073,44.8533682329338,-172.891754150391,1.17880237102509,13.3045129776001,7.80000019073486,16.0279998779297,37.1791191101074,991.456029606545
3.725,-0.0488974831944622,0.0388445632424493,0.487553740565656,-0.319480582721516,-0.169708029052446,-6.66912716143183,1.52679681354759,-0.0382087823618997,-0.588122596999791,0.0131058760757641,-0.0425925726075579,1.6234179244041,1.52215261784821,-0.0492764134187983,-0.603539649634104,11.8944981642174,-6.14912738602982,-0.521511912351639,5.50686357423713,12.2159014813528,-0.0950443872086193,7.13445398982875,-6.57916036656287,-2.81,0.0999738941313703,0.0347262113977952,13.1296100616455,19.0597582462981,0.169773185436442,1.11052895589756,172.889999389648,19.8307911989009,45.0686250940481,-172.889999389648,1.17670094966888,13.3299999237061,6.8600001335144,16.0209999084473,37.1783866882324,991.465748984004
3.75,-0.0497636876506397,-0.0161223555917918,0.485127974115769,-0.341264476984583,-0.581592326243375,-6.62401916999851,1.40905305773093,0.0910987990133335,-0.585049575792581,0.0433056740568427,-0.0375326451960638,1.60951232934349,1.32363904974818,0.080054490682949,-0.586037083540109,11.9865783750601,-6.02573531422853,-0.381304769420711,5.53451761498196,12.2256023356125,-0.191579870300609,7.13449031432618,-6.57938039682961,-2.81,0.0984071108901139,0.0500235597212591,13.1291132902023,19.0536981235063,0.169773185436442,1.11052895589756,172.889999389648,19.8307911989009,45.0686250940481,-172.889999389648,1.17670094966888,13.3299999237061,6.8600001335144,16.0209999084473,37.1758918762207,991.471670553973
3.775,-0.0497596056677968,-0.0186867970747396,0.482700002066888,-0.321956747096615,-0.874189647305947,-7.26850387658525,1.16332034180918,0.234504780558938,-0.56808281642315,0.0735054720379223,-0.0324727177845696,1.59560673428288,1.12512548164814,0.209385394784701,-0.568534517446114,12.078709751405,-5.8693039720388,-0.274152246528824,5.53146981511567,12.2362031017077,-0.311918526823768,7.13452626388246,-6.57960040052168,-2.81,0.0946517242426481,0.0667810507523153,13.1277157065421,19.0484818938168,0.169773185436442,1.11052895589756,172.889999389648,19.8307911989009,45.0686250940481,-172.889999389648,1.17670094966888,13.3299999237061,6.8600001335144,16.0209999084473,37.1733932495117,991.477592123942
3.8,-0.0352676401728472,-0.414408944167687,0.481335733138367,-0.288136852322737,-1.16289596757445,-8.53291089230378,0.878454838184073,0.373846091292194,-0.539764642625753,0.102593447743165,-0.0240989361855758,1.58200853984483,0.913463158517319,0.368885799723158,-0.540547748926908,12.2811684468685,-5.40156408998362,0.343723670391604,5.27031088970174,12.3425598994637,0.0847186767318441,7.13456221343875,-6.57982040421375,-2.81,0.118115208326452,0.0985794690278891,13.1268215179443,19.2330784216276,0.169773185436442,1.11052895589756,172.889999389648,19.8307911989009,45.0686250940481,-172.889999389648,1.17670094966888,13.3299999237061,6.8600001335144,16.0209999084473,37.1709022521973,991.483513693911
3.825,-0.0275418873503535,-0.414907630143544,0.481788972239501,-0.139028439684488,-1.34375274491364,-10.2850356055347,0.558570566592287,0.471133675189692,-0.51117348895092,0.1066097721356,-0.0206953846419677,1.57907625762075,0.825814257439905,0.400947697016914,-0.532627728233652,12.3773030559888,-5.16992353585723,0.56757711793336,5.09833037067522,12.4169969798425,0.270365540026423,7.13459349817904,-6.58001000072894,-2.81,0.128841449557906,0.111537992015347,13.1268215179443,19.3525526379466,0.169773322927759,1.11052898034046,172.894775390625,19.9869043434115,45.4592035928476,-172.894775390625,1.18158960342407,13.2981719970703,6.8600001335144,16.0209999084473,37.1699981689453,991.474156033115
3.85,-0.0228818708951277,-0.412583189578152,0.482395963257875,0.0836592376115634,-1.55909857343647,-12.0315335863075,0.23286275620255,0.510557167962064,-0.478491643334872,0.114625928292063,-0.00606539031303562,1.56887557389096,0.446726084980483,0.4813464002339,-0.500621788361447,12.3859920184014,-5.05369762431544,0.517015688090961,5.10344850091589,12.3763751314446,0.0107323765067564,7.13462355778641,-6.58019161132712,-2.81,0.128521663473379,0.122943687925093,13.1202514517052,19.2726133652052,0.169773538399227,1.1105290186465,172.902252197266,20.2315592726245,46.0713042253145,-172.902252197266,1.18925070762634,13.2482891082764,6.8600001335144,16.0209999084473,37.1699981689453,991.456132539944
3.875,-0.00415979689189819,-0.403244521206593,0.483002957147988,0.284201699276098,-1.92849081411878,-13.7014330998785,-0.160697645186009,0.478495936879042,-0.440768515740747,0.120172224938869,0.0124315209686756,1.55690622329712,0.0219878330826759,0.530606627464294,-0.452955484390259,12.4306034864598,-4.69972626807127,0.681229031302357,4.91970476749409,12.3639061094861,-0.0416382274128924,7.13465361739378,-6.5803732219253,-2.81,0.141273180775183,0.146846191168256,13.1022477636994,19.2731820076016,0.169773753870694,1.11052905695254,172.909729003906,20.4762142004195,46.6834048577814,-172.909729003906,1.19691205024719,13.1984081268311,6.84000015258789,15.9680004119873,37.1699981689453,991.438109046773
3.9,0.000372104283791641,-0.400983985212283,0.483609942387927,0.387118004208386,-2.46364525482298,-15.2642936021923,-0.784215317128063,0.360879373439927,-0.392771277293394,0.116155223399156,0.0213833973154724,1.55031481048747,-0.220030795348541,0.476465108876552,-0.420117833688769,12.4134063945553,-4.49268134708427,0.556532780681883,4.78014070340702,12.3159404388932,-0.233321023627215,7.13468367700115,-6.58055483252347,-2.81,0.139690132901096,0.160334600831045,13.0908994674683,19.2161567620702,0.169773969342162,1.11052909525857,172.917221069336,20.7208691282144,47.2955054901694,-172.917221069336,1.20457327365875,13.1485271453857,6.84000015258789,15.9680004119873,37.1699981689453,991.420085553602
3.925,0.0111393742630347,-0.384496375322335,0.484216936308266,0.404459195256839,-2.5677687824176,-16.0781350004375,-1.50962538276537,0.186489164971333,-0.316023853294096,0.0643279485152174,0.0364596256648853,1.53784753036594,-1.41074408626127,0.222112155581504,-0.301099793769645,12.4005950929631,-4.13315419284381,0.352568415283471,4.553361567767,12.2521434139181,-0.365932954056364,7.13472545946808,-6.58081706144946,-2.81,0.155068251585571,0.178063268586885,13.0908994674683,19.1655238262147,0.169774049374421,1.11052910948653,172.919998168945,20.8117409590245,47.5228571537179,-172.919998168945,1.20741879940033,13.1300001144409,6.84000015258789,15.9680004119873,37.1699981689453,991.41043446013
3.95,0.0111302738250448,-0.37877916836867,0.484823921537933,0.565123002552976,-2.22433821483266,-16.243327271543,-2.1264402208218,-0.0437778064607071,-0.207773464284907,0.038761485529386,0.0382181204312084,1.53495184845583,-1.81553069442189,0.133950295006289,-0.256528900505399,12.3280877820976,-3.97515071330989,0.0945113802379292,4.41466851118043,12.1664155571873,-0.530601907130887,7.13476877049595,-6.58108980231804,-2.81,0.152878948427678,0.184666089616309,13.1151754986362,19.0804496354563,0.169774049374421,1.11052910948653,172.919998168945,20.8117409590245,47.5228571537179,-172.919998168945,1.20741879940033,13.1300001144409,6.84000015258789,15.9680004119873,37.1699981689453,991.405730693754
3.975,0.010594755367988,-0.340355404263105,0.48614909293471,0.671345373341291,-1.79812119882819,-15.4127925981281,-2.53098876584013,-0.310427114025754,-0.0762975693204403,-0.0312074351898912,0.0333908009864109,1.53187820283451,-2.39080373815877,-0.149399630158266,-0.114343597767553,12.2378752097098,-3.84749792434028,-0.233568058729493,4.32573712660383,12.0680986996494,-0.521896590652006,7.13481208152382,-6.58136254318663,-2.81,0.162028624935911,0.182085228138073,13.180014012262,18.9981242222034,0.169774049374421,1.11052910948653,172.919998168945,20.8117409590245,47.5228571537179,-172.919998168945,1.20741879940033,13.1300001144409,7.65000009536743,16.0359992980957,37.1699981689453,991.401026927377
4,-0.00497011767884707,-0.212058204322723,0.48776772876169,0.595193663714007,-1.3867624862592,-13.9536848017193,-2.73721602820504,-0.566002992969572,0.0763733799832678,-0.10513373034509,0.0218862750318045,1.5333346876097,-2.72474316298314,-0.436525103059135,0.0421495994614831,12.1430840894687,-3.78260829188288,-0.643432897130084,4.28104350361807,11.9829293012543,-0.50862016093582,7.13485547673162,-6.58163533083255,-2.81,0.164979548328738,0.172266245776316,13.220269203186,18.9230983699939,0.169774049374421,1.11052910948653,172.919998168945,20.8117409590245,47.5228571537179,-172.919998168945,1.20741879940033,13.1300001144409,7.65000009536743,16.0359992980957,37.1699981689453,991.396323161001
4.025,-0.0119836886630197,-0.181845398405264,0.489386376086468,0.470719738037346,-0.905234504601597,-11.9430099201157,-2.79245372168086,-0.78615435194769,0.226117012262549,-0.158605785749863,0.00962403021981125,1.53770328087087,-2.82044418715058,-0.625256528924261,0.157167460629646,12.0580527464669,-3.77570779089199,-1.03453286856794,4.28839280101099,11.918037538622,-0.541231953198132,7.13490365912019,-6.58191077863244,-2.81,0.159787809196898,0.161262682666402,13.220269203186,18.8546551349158,0.169774182222583,1.11052913239139,172.930801391602,20.9580308376161,47.900245605253,-172.930801391602,1.20585596561432,13.1207370758057,7.65000009536743,16.0359992980957,37.16845703125,991.396962507887
4.05,-0.0334590575102364,-0.0863690740155405,0.491005015752216,0.351178709982408,-0.522519812623542,-9.17658870148759,-2.6849459718234,-0.964326225058862,0.355671269774096,-0.235260619705252,-0.0129123108673572,1.55050376878807,-2.7603067952314,-0.850157543625675,0.304393140236863,11.9615543647273,-3.83422563359629,-1.67395308933159,4.3608370812966,11.8839961405269,-0.579589214244075,7.13495184150877,-6.58218622643233,-2.81,0.143926620321873,0.138539301903436,13.2266273611798,18.8061249646448,0.169774396823458,1.11052916939154,172.948272705078,21.1943452568796,48.5098731037593,-172.948272705078,1.20333123207092,13.1057720184326,7.65000009536743,16.0359992980957,37.1659622192383,991.400889924473
4.075,-0.0590610887381527,-0.00134360459036779,0.492623670792406,0.250475435716399,0.0993294770278877,-6.30110447416067,-2.39954773544789,-1.06188530064982,0.451686615815507,-0.289545148611069,-0.0306275375187397,1.5618839263916,-2.64783930778503,-0.993257641792297,0.402400463819504,11.8137276856585,-3.97650511595636,-2.71792036117852,4.69244591202439,11.8118337970166,-1.1069686410248,7.13500002389735,-6.58246167423221,-2.81,0.0993908640174993,0.116856012066352,13.2431899702747,18.6337460614522,0.169774611424334,1.11052920639169,172.965728759766,21.4306596775613,49.1195006023444,-172.965728759766,1.20080649852753,13.0908069610596,7.59000015258789,15.9610004425049,37.1634674072266,991.404817341059
4.1,-0.0853138411953749,0.236736434750483,0.494242294991283,-0.0632404402432244,0.528980865473606,-3.50193512846357,-1.93606241776804,-1.05066539087482,0.499936590284766,-0.337070360141306,-0.050758780131356,1.57803503897328,-2.24220236738317,-1.08447540099986,0.468672095612603,11.7562469088534,-4.1173257310831,-2.9751884090941,4.78395099700671,11.8494144766467,-0.847731116715233,7.13504820628593,-6.5827371220321,-2.81,0.0914884526343362,0.0940251926765161,13.2533159255981,18.6848165582235,0.16977482602521,1.11052924339184,172.983184814453,21.6669740982429,49.7291281008507,-172.983184814453,1.19828164577484,13.0758428573608,7.59000015258789,15.9610004425049,37.1609725952148,991.408744757646
4.125,-0.100634667085826,0.244260697917459,0.495860930762298,-0.433904899131163,0.67920338811526,-1.33695445493319,-1.43672716034249,-0.898912187172372,0.517999557126145,-0.392783502849011,-0.0747821037403646,1.60306418884458,-1.67895758243746,-0.981942839491587,0.503976215698306,11.6479866698514,-4.3230277771411,-3.43616878899826,4.92788293259543,11.8941567041131,-0.6453097474027,7.13508519272028,-6.58294669935692,-2.81,0.0712455447520875,0.063630480000875,13.2533159255981,18.7339524897794,0.169774909821743,1.11052925783952,172.990005493164,21.7592492521479,49.9671731241558,-172.990005493164,1.19729590415955,13.0699996948242,7.59000015258789,15.9610004425049,37.1599998474121,991.418285668887
4.15,-0.109215934195837,0.238547449762495,0.497479574259938,-0.563643783825126,1.1123425779172,-0.163218066085815,-0.890603379761077,-0.655610821714201,0.506836547388757,-0.421869587845556,-0.0886229591247545,1.62339730131009,-1.05152796613157,-0.764632399217439,0.502279539758449,11.6230447510287,-4.51594899051467,-3.54022941657796,4.94678795873586,11.9762835474485,-0.346569147170235,7.13512012879689,-6.5831442135708,-2.81,0.0652508755628879,0.0411040232118931,13.2331507743962,18.8496590969092,0.169774909821743,1.11052925783952,172.990005493164,21.7592492521479,49.9671731241558,-172.990005493164,1.19729590415955,13.0699996948242,7.59000015258789,15.9610004425049,37.1599998474121,991.431422725143
4.175,-0.113943861548919,0.228117009190517,0.499098210273777,-0.763701553517634,1.56368091592746,0.0457594480992147,-0.225734778491414,-0.343485949395261,0.480621717724946,-0.440366171709028,-0.0966364110848044,1.64389697208403,-0.267488645907384,-0.361530875893048,0.472587227278814,11.5483096980739,-4.85995943532676,-3.54351033487491,5.04352604851183,12.0042396751426,-0.0142446035124526,7.13515506487351,-6.58334172778469,-2.81,0.0633076981775918,0.012771288833731,13.1818875586902,18.9126767695512,0.169774909821743,1.11052925783952,172.990005493164,21.7592492521479,49.9671731241558,-172.990005493164,1.19729590415955,13.0699996948242,7.67999982833862,15.9549999237061,37.1599998474121,991.444559781399
4.2,-0.108565349071104,0.216347712398261,0.500548416209614,-1.0114088874563,1.50840014248875,-0.971476411750537,0.428886591659756,0.0010310626322518,0.459305491057191,-0.431147635378346,-0.0935731744194643,1.65618448537407,0.509302466833747,-0.0141037890884028,0.450657806960798,11.5304918085299,-5.24251270366262,-3.30452148562231,5.13584052186805,12.0377088506863,0.269723568908263,7.13519000095013,-6.58353924199858,-2.81,0.0719878128979973,-0.00965742206897961,13.1510324478149,18.9798044281209,0.169774909821743,1.11052925783952,172.990005493164,21.7592492521479,49.9671731241558,-172.990005493164,1.19729590415955,13.0699996948242,7.67999982833862,15.9549999237061,37.1599998474121,991.457696837654
4.225,-0.0969800960807887,0.205370520586445,0.501,-0.979370162611783,1.40641045120604,-2.8875919795944,0.952387682039823,0.30307213683536,0.447601043872116,-0.406682882180474,-0.081187946512532,1.6626475212002,0.917864644177761,0.307670983761114,0.43621824304042,11.5457248404367,-5.60208756087905,-2.92663937535753,5.21725691829405,12.0754082618312,0.465951416819943,7.13521076638336,-6.58367140418343,-2.81,0.088390543297302,-0.0266634522582986,13.1510324478149,19.0413145195243,0.169775038582268,1.11052928160667,172.985504150391,21.911046514511,50.3329496233384,-172.985504150391,1.19233345985413,13.1074104309082,7.67999982833862,15.9549999237061,37.1599998474121,991.45944438581
4.25,-0.0869343092515688,0.201052138794443,0.501,-0.688846881575637,1.21063996542863,-5.52364107016434,1.33729830797838,0.52441171668322,0.437946210767733,-0.37192964043977,-0.0650989961490195,1.66796011629992,1.22962059324513,0.462551744948549,0.429251063577506,11.5931696441394,-5.76925855093806,-2.73765493157756,5.21451286398465,12.1613635822918,0.301284849276502,7.13518316828034,-6.58358052390372,-2.81,0.0936094833892605,-0.0312145006045235,13.1661127344163,19.0982197436183,0.169775253183144,1.1105293212186,172.97802734375,22.1640419522555,50.9425771218446,-172.97802734375,1.18406295776367,13.1697616577148,7.67999982833862,15.9549999237061,37.1599998474121,991.453598928565
4.275,-0.0869343092515688,0.201052138794443,0.501,-0.345461510338441,1.24232945047418,-8.42213196947252,1.57066702583542,0.680298812289252,0.427449055108767,-0.337176398699064,-0.0490100457855064,1.67327271139964,1.5413765423125,0.61743250613599,0.422283884114592,11.6244619074203,-5.89860723816828,-2.58164702849983,5.19670792620502,12.2300266992262,0.0851882206045604,7.13515557017732,-6.58348964362401,-2.81,0.0971970218498809,-0.0338016110789677,13.203547328215,19.1334286337771,0.16977546778402,1.11052936083053,172.970550537109,22.4170373885819,51.5522046204298,-172.970550537109,1.17579221725464,13.2321128845215,9.85999965667725,15.9890003204346,37.1599998474121,991.44775347132
4.3,-0.0444094361399904,0.18005582368836,0.501,7.30922049491795e-05,1.29642784346087,-11.3711221836055,1.79223221175623,0.776318809411743,0.398310323803103,-0.324021369218826,-0.0429199486970901,1.67528367042542,1.65938448905945,0.676059007644653,0.419646620750427,11.5741995819671,-6.56502054172094,-1.56522735865884,5.48174210765974,12.1756569996936,1.10245519257733,7.1351279720743,-6.5833987633443,-2.81,0.148541917047785,-0.0667647043035064,13.2257242202759,19.2339066123171,0.169775682384896,1.11052940044245,172.963073730469,22.6700328263264,52.161832118936,-172.963073730469,1.1675215959549,13.2944650650024,9.85999965667725,15.9890003204346,37.1599998474121,991.441908014075
4.325,-0.0373874055399901,0.160098994828662,0.501,0.492882224591922,1.30945537694469,-14.0292335662349,1.93416991112311,0.819724880633554,0.353019590508298,-0.276749361734933,-0.0213783317163927,1.67935264692588,1.80650601338093,0.751714133250758,0.384353606666844,11.5843686977144,-6.69391960804099,-1.38970816187972,5.52511682159519,12.2418711943992,0.739675865606186,7.13513997525448,-6.58351866667139,-2.81,0.152053185432395,-0.0667181032784521,13.2257242202759,19.2246632409384,0.169775770269064,1.11052941666448,172.960006713867,22.7736404821078,52.4114890945936,-172.960006713867,1.16413462162018,13.3199996948242,9.85999965667725,15.9890003204346,37.1599998474121,991.428907670771
4.35,-0.0144196222155934,0.0979926803377879,0.500999810451391,1.01367502059395,1.35971195924356,-16.2870071676156,2.04631214023455,0.782692748684322,0.28426737738776,-0.208106635187713,0.00617442793501676,1.68442417837606,1.99247908440497,0.764276911201201,0.305388151598789,11.5700958993063,-6.87855552028278,-1.02392318326802,5.58480187902502,12.2849105526955,0.34788580640805,7.13515960227324,-6.58367914899148,-2.81,0.161531640137185,-0.0658331988741995,13.22064415123,19.1937367171418,0.169775770269064,1.11052941666448,172.960006713867,22.7736404821078,52.4114890945936,-172.960006713867,1.16413462162018,13.3199996948242,11.3900003433228,15.914999961853,37.1599998474121,991.410945067779
4.375,0.00299385909505542,0.0310101748119711,0.500238697754051,1.36521952757756,1.17975782399488,-18.3162370457614,2.13307511535538,0.670398793066696,0.191168543627018,-0.140556433200567,0.0292833298936498,1.68837769914587,2.10656492331937,0.656208968718167,0.199997834573276,11.5203482080349,-7.17620422147821,-0.287735004783533,5.74305005188114,12.2951184392715,0.3828315054771,7.135179229292,-6.58383963131157,-2.81,0.188670347352764,-0.0703093141363676,13.2083235240039,19.1975846006679,0.169775770269064,1.11052941666448,172.960006713867,22.7736404821078,52.4114890945936,-172.960006713867,1.16413462162018,13.3199996948242,11.3900003433228,15.914999961853,37.1599998474121,991.392982464788
4.4,0.016292216159235,-0.0365258266479931,0.497001390851288,1.67261134982489,1.09185969021748,-19.3442154088802,2.15070678956256,0.493184038303316,0.0826290728418648,-0.122273690998554,0.0348161272704601,1.68921649456024,2.11242246627808,0.600155353546143,0.167161166667938,11.4665014902316,-7.2863720992666,0.193889835059621,5.79952038570346,12.2682833981952,0.681361739439507,7.13519907726621,-6.58400137851399,-2.81,0.210518153649621,-0.0729056285112833,13.2011413574219,19.2193206348419,0.169775770269064,1.11052941666448,172.960006713867,22.7736404821078,52.4114890945936,-172.960006713867,1.16413462162018,13.3199996948242,11.3900003433228,15.914999961853,37.1599998474121,991.375019861797
4.425,0.0171185248267582,-0.0577661845840305,0.493764106915186,1.80619947481772,0.7824200773267,-19.4048624640733,2.056985885495,0.274848346633209,-0.0400368028493996,-0.0671955522579407,0.0444267663062509,1.68989024542978,2.1517654804471,0.39601646951865,0.0440387626047584,11.4416407525549,-7.27684008876301,0.262208760730619,5.82948051576292,12.2430067334738,0.241332266003944,7.13524471917226,-6.58431078574536,-2.81,0.201226492716118,-0.0627672873602477,13.2011413574219,19.1176236421255,0.16977589519484,1.11052944119444,172.954208374023,22.9303096609932,52.766372027844,-172.954208374023,1.16269314289093,13.3286933898926,11.3900003433228,15.914999961853,37.1599998474121,991.37452331688
4.45,0.0196107771732723,-0.122287973469323,0.490526883575047,1.70191773921199,0.344651848646177,-18.5029533763258,1.80311399340524,0.0560702490697164,-0.158726670330002,-0.00344185138012822,0.0480505834350928,1.68570837076765,1.88478160946614,0.107116280119407,-0.120673657534266,11.4358257096694,-7.20194250339625,0.429416535002428,5.84072223160319,12.1945605409043,-0.0956089544509038,7.13529036107832,-6.58462019297672,-2.81,0.191258517471338,-0.0462670073752854,13.1873221295463,19.0184503686756,0.169776110231012,1.11052948341814,172.944244384766,23.1999861158006,53.3772360933306,-172.944244384766,1.16021203994751,13.3436584472656,11.3900003433228,15.914999961853,37.1599998474121,991.386625240081
4.475,0.0139980872052293,-0.172564720624913,0.487289554727404,1.41867103093788,-0.097610560042281,-16.9575535476972,1.3900639610038,-0.139729347685357,-0.261302360428875,0.0476968846107197,0.0459348644173562,1.67832927957022,1.42000850701503,-0.153824059299822,-0.261544336944872,11.4629504149881,-6.98934362015406,0.479645673502708,5.73411458256403,12.1431150655102,-0.380661120921787,7.13533600298437,-6.58492960020808,-2.81,0.175979717628279,-0.0242605250560647,13.1545596904256,18.9368626192298,0.169776325267183,1.11052952564184,172.934265136719,23.4696625720262,53.988100158896,-172.934265136719,1.1577308177948,13.3586225509644,9.38000011444092,15.9230003356934,37.1599998474121,991.398727163283
4.5,0.00770197589804809,-0.207906597007222,0.484669806734805,1.05438222577208,-0.212072040588465,-15.0198864999047,0.933633608694441,-0.298014324075845,-0.331740316734179,0.0673211152243082,0.0396409818530535,1.67030425393231,1.01432916757168,-0.275633663256297,-0.320025309753362,11.4845166770589,-6.77432412618205,0.416903109963671,5.61358718549406,12.0914082049332,-0.494858977733957,7.13538164489042,-6.58523900743944,-2.81,0.163425537199835,-0.00713971650972114,13.1357717514038,18.881019236923,0.169776540303355,1.11052956786555,172.924270629883,23.7393390282518,54.5989642243037,-172.924270629883,1.15524959564209,13.3735866546631,9.38000011444092,15.9230003356934,37.1599998474121,991.410829086485
4.525,0.00373835742388268,-0.212877975203314,0.483116756590596,0.678639281610177,-0.301992596884781,-12.8995202608089,0.472720914119735,-0.424704825433526,-0.372489276971727,0.0814466601816601,0.0319308410086925,1.66222389065112,0.678487242541687,-0.390182661411918,-0.362188888229592,11.489710317529,-6.59841149462224,0.301113400410956,5.52567722085845,12.0310408274705,-0.603402495543355,7.13541905222333,-6.58554896736623,-2.81,0.14940118281647,0.00699431774041045,13.1357717514038,18.8158910737583,0.169776632461714,1.11052958596142,172.919998168945,23.8549146517406,54.8607631095686,-172.919998168945,1.1541862487793,13.3800001144409,9.38000011444092,15.9230003356934,37.1599998474121,991.423052790046
4.55,-0.00815768332278792,-0.227639265681374,0.481659984648354,0.289980831811918,-0.415188350330666,-10.7031488984827,0.0433343406142748,-0.510286335900906,-0.385990103330658,0.0851367151051204,0.0187445786926131,1.64972659050024,0.193043335346159,-0.499110545705974,-0.380952773006025,11.5380488544329,-6.36287072490992,0.114978360785556,5.42086735189325,11.9927922932762,-0.642686094571841,7.13545435029745,-6.58585906886414,-2.81,0.132821004315079,0.024357620934335,13.1348094962838,18.7830600429142,0.169776632461714,1.11052958596142,172.919998168945,23.8549146517406,54.8607631095686,-172.919998168945,1.1541862487793,13.3800001144409,7.07000017166138,16.0709991455078,37.1599998474121,991.435367828876
4.575,-0.0214310577218564,-0.225722377163856,0.480203205761966,0.0539700558723247,-0.372252491296658,-8.72549811611806,-0.341610608400383,-0.534489166949929,-0.375617091344395,0.0784046450640123,0.00461067932198341,1.63631681390119,-0.331840836307179,-0.532996717338691,-0.379731944233707,11.6296755503316,-6.05253194531168,-0.213751575935518,5.24306369420676,11.9954045752425,-0.740768699362676,7.13548964837157,-6.58616917036205,-2.81,0.111883313495547,0.0446354335928429,13.1325783333133,18.7919630967835,0.169776632461714,1.11052958596142,172.919998168945,23.8549146517406,54.8607631095686,-172.919998168945,1.1541862487793,13.3800001144409,7.07000017166138,16.0709991455078,37.1599998474121,991.447682867707
4.6,-0.0316593603615465,-0.210503594405599,0.478746426946098,-0.124179685537951,-0.404194444650353,-6.97331033534617,-0.643836149662519,-0.510977794305703,-0.355425899654789,0.0606870820870519,-0.00900260295399067,1.62516000042217,-0.631047939350245,-0.53279955945598,-0.350196778156799,11.7110130333326,-5.77408790530584,-0.538874669747419,5.08556066727175,12.0126137134072,-0.782615989319884,7.13552494644569,-6.58647927185995,-2.81,0.0955787752763417,0.0609884025183968,13.1313199996948,18.8212353300007,0.169776632461714,1.11052958596142,172.919998168945,23.8549146517406,54.8607631095686,-172.919998168945,1.1541862487793,13.3800001144409,7.07000017166138,16.0709991455078,37.1599998474121,991.459997906538
4.625,-0.0396290501965428,-0.193053636661041,0.477289668924678,-0.34621012594791,-0.317139370191838,-5.42740537093324,-0.882458409335982,-0.470147592085809,-0.330969576436462,0.0424235899807801,-0.0176806180971113,1.61711810268401,-0.899498952069487,-0.439114445683536,-0.332889393204653,11.7429597832382,-5.62204340436658,-0.725874137757185,5.03574377787978,12.0042191904986,-0.75589417593052,7.13557463700602,-6.58680773417311,-2.81,0.0890462567337639,0.0695882360992185,13.1313199996948,18.8216609917213,0.169776632461714,1.11052958596142,172.919998168945,23.8549146517406,54.8607631095686,-172.919998168945,1.1541862487793,13.3800001144409,7.07000017166138,16.0709991455078,37.1585998535156,991.463169125083
4.65,-0.0425239016853535,-0.176791554126376,0.475832883087835,-0.36394155876786,-0.39209023197683,-4.49989825019236,-1.07487347659569,-0.410577853424603,-0.308054909004802,0.0142473286211806,-0.0274277925137049,1.60874378753227,-1.07704929114339,-0.365404223758418,-0.306656646861852,11.7828265684293,-5.50851877430062,-0.862149557695264,5.04388887109856,12.0041874404668,-0.617050920499176,7.13562681929259,-6.58713937523694,-2.81,0.0885185449051179,0.0748551362541727,13.1305919271184,18.8367148430267,0.169776632461714,1.11052958596142,172.919998168945,23.8549146517406,54.8607631095686,-172.919998168945,1.1541862487793,13.3800001144409,7.07000017166138,16.0709991455078,37.1561050415039,991.459211263407
4.675,-0.0482886430807026,-0.139695373068786,0.474376104339255,-0.539444437194988,-0.224160269417378,-4.2407870863161,-1.17518915657396,-0.306976787203586,-0.281168995783591,-0.0171152660535589,-0.0356004950437964,1.60092490259026,-1.17521443617255,-0.298684475401793,-0.275755744128268,11.8526759678166,-5.3395513660444,-1.06519887055946,4.99670047391081,12.0358041044753,-0.551170531905342,7.13567900157917,-6.58747101630077,-2.81,0.0861590891061197,0.0821583814502973,13.1289400635309,18.8813112874047,0.169776632461714,1.11052958596142,172.919998168945,23.8549146517406,54.8607631095686,-172.919998168945,1.1541862487793,13.3800001144409,6.34000015258789,16.1089992523193,37.1536102294922,991.455253401731
4.7,-0.0534322034128589,-0.0987646563038169,0.473567819152596,-0.493307321689533,-0.125965943988633,-4.48398433941398,-1.19686574501714,-0.179062008329688,-0.26244508354489,-0.0469584803224298,-0.0405152577043375,1.59417142378485,-1.19924554626948,-0.124444712703013,-0.251999222541305,11.9086147107011,-5.19889188650386,-1.22021716368486,4.96997091493623,12.0577837878334,-0.491681128969248,7.13573118386574,-6.5878026573646,-2.81,0.087090606363654,0.0875761996624566,13.1280241012573,18.9135669247131,0.169776632461714,1.11052958596142,172.919998168945,23.8549146517406,54.8607631095686,-172.919998168945,1.1541862487793,13.3800001144409,6.34000015258789,16.1089992523193,37.1511154174805,991.451295540055
4.725,-0.0503179500900907,-0.0667895551314309,0.474601491870497,-0.477462782882646,-0.174851474192189,-5.07782798779767,-1.15920694628264,-0.0577484462497649,-0.238845929512837,-0.0772659128012887,-0.0408411243749579,1.58859094804857,-1.12703004256458,-0.0512859694126366,-0.227054079910146,11.9739215681623,-5.12160805679691,-1.27132096958397,4.99011955324311,12.0902550101828,-0.382576069225761,7.13578336615231,-6.58813429842844,-2.81,0.0952738334903826,0.0887007811833016,13.1280241012573,18.9572805882533,0.169776750522252,1.11052960928499,172.933776855469,24.0038787893437,55.1961436158285,-172.933776855469,1.15387368202209,13.3620910644531,6.34000015258789,16.1089992523193,37.1500015258789,991.447539485832
4.75,-0.0503490414043729,-0.0472569262170832,0.476118976701186,-0.399250535412902,-0.0190187257231188,-6.11945061029532,-1.09207160702594,0.041911199653665,-0.214433603857749,-0.0995113304303599,-0.0386317419174589,1.5840046545214,-1.04477049787797,0.0579159259552278,-0.205277418552672,11.9996010479126,-5.1120180867952,-1.27801629070098,5.05447915375572,12.0879623954724,-0.299809069205145,7.13579048863308,-6.58818569445731,-2.81,0.103931772636263,0.0870328937726292,13.1359423730266,18.9586767169736,0.169776964252536,1.11052965150869,172.958709716797,24.2735552441511,55.8032979805318,-172.958709716797,1.1533077955246,13.3296680450439,6.59999990463257,16.0510005950928,37.1500015258789,991.443946965234
4.775,-0.0503490414043729,-0.0472569262170832,0.477636461430495,-0.356884166442193,0.0945718351381325,-7.53301668692728,-0.940562278984446,0.13378020094501,-0.190895493711665,-0.121756748059432,-0.0364223594599597,1.57941836099424,-0.962510953191358,0.167117821323096,-0.183500757195197,12.0235514203871,-5.12358718015287,-1.26303381627588,5.13506904616132,12.0832921834734,-0.193144175015168,7.13579384370488,-6.58821365945619,-2.81,0.113711626139077,0.0840170145327889,13.1535292713772,18.9598513856733,0.16977717798282,1.11052969373239,172.983657836914,24.5432316989585,56.4104523452352,-172.983657836914,1.1527419090271,13.2972450256348,6.59999990463257,16.0510005950928,37.1500015258789,991.440354444635
4.8,-0.0415798860093816,0.0109639935965311,0.479153931781326,-0.294511443889253,0.104164304357008,-8.8398692756019,-0.763497769108219,0.234149440440784,-0.164519749894156,-0.146415559910121,-0.0312191169003281,1.57425102883966,-0.732942738052505,0.233525755464097,-0.153798886749047,12.1004206604517,-5.03183023040371,-1.28557264191869,5.1236758748167,12.1290815869454,-0.159743645201433,7.13579719877667,-6.58824162445507,-2.81,0.12314049459496,0.0856039189733792,13.1631145477295,19.010804274636,0.169777391713104,1.11052973595609,173.008605957031,24.8129081551841,57.0176067099385,-173.008605957031,1.1521760225296,13.2648220062256,6.59999990463257,16.0510005950928,37.1500015258789,991.436761924037
4.825,-0.0364449982585783,0.0283002407134925,0.480671391163973,-0.164415701027863,0.130275027908946,-10.2271139091888,-0.559346069378689,0.311563627376099,-0.138344067748325,-0.150976683708445,-0.0289021260181007,1.57287235874797,-0.679337108606566,0.268150954493414,-0.146147650699542,12.1331211117084,-5.04460773866419,-1.2389465109555,5.14834848607983,12.1522383107649,-0.115306156123484,7.13580731307057,-6.58831239954325,-2.81,0.127945441722307,0.0842886986609064,13.1631145477295,19.0373214614567,0.169777604734478,1.1105297786524,173.02946472168,25.0856030804886,57.622747237058,-173.02946472168,1.1507830619812,13.2472915649414,6.59999990463257,16.0510005950928,37.1500015258789,991.432533101061
4.85,-0.0301651899963308,0.0365194102040665,0.482188872375004,0.095775443779296,0.00280500514885185,-11.5834111273836,-0.426005054250018,0.324108456262383,-0.113060593519247,-0.165118638464623,-0.0184710265701967,1.56774761607734,-0.520051867657377,0.350830602839225,-0.116533994180183,12.1385945824049,-5.06620019856062,-1.20152739707692,5.23178479310418,12.127139986445,-0.128197510199086,7.13581902859627,-6.58839331616479,-2.81,0.139122797985816,0.0816850178528704,13.1805035552616,19.0023313771054,0.169777817158874,1.11052982174669,173.046936035156,25.3608398747897,58.2261919008993,-173.046936035156,1.14869368076324,13.2423038482666,6.59999990463257,16.0510005950928,37.1500015258789,991.427768444505
4.875,-0.023538631425596,0.0469481115078427,0.483706342652241,0.219379857430818,0.117353219788378,-12.5503154809395,-0.276201019884989,0.283186656233582,-0.092104258922,-0.177976779538169,-0.00831441259207621,1.56309499804442,-0.271204963033246,0.297428305958037,-0.0849313061313429,12.1529111906403,-5.08067223973336,-1.16159538044154,5.29951534309994,12.1140642592585,-0.142719633740745,7.13583074412197,-6.58847423278633,-2.81,0.149742798693128,0.0793382391178071,13.2183291283469,18.980816232467,0.169778029583271,1.11052986484099,173.064392089844,25.6360766690908,58.8296365648982,-173.064392089844,1.146604180336,13.2373161315918,7.59000015258789,16.05299949646,37.1500015258789,991.423003787949
4.9,-0.0194013494534234,0.0536408830244183,0.48522381301665,0.325152312245859,0.0901059571063778,-13.1882422077129,-0.0951843811094451,0.242425707690411,-0.0750582427796005,-0.180872539796262,-0.0028184334911278,1.56051487491167,-0.0763220842343034,0.226578972608903,-0.0698979188263749,12.1569198006686,-5.1300148482191,-1.12363908915286,5.37317457432999,12.1027824409701,-0.148217292607307,7.13585140140043,-6.58862612465544,-2.81,0.154971269230761,0.076728921420073,13.2385864257812,18.9620903632803,0.169778242007667,1.11052990793528,173.081848144531,25.9113134648101,59.4330812287395,-173.081848144531,1.14451479911804,13.2323274612427,7.59000015258789,16.05299949646,37.1500015258789,991.418239131393
4.925,-0.0184521572685908,0.0530128915339302,0.486741294151528,0.465673113157571,0.0549165813384929,-13.5332349884679,0.0201183261293355,0.195666847702154,-0.0638672402156606,-0.181168744941216,0.00203446435608,1.55821094927482,0.0610723753615429,0.178045265948559,-0.0596440892346769,12.1520405981656,-5.17559066349847,-1.10386177082082,5.44228968650135,12.0841691861195,-0.177983915226291,7.13587815922784,-6.58882643968999,-2.81,0.158161285726736,0.0748486824969973,13.2385864257812,18.9334760735307,0.169778341139052,1.11052992804595,173.089996337891,26.039757301867,59.7146887386057,-173.089996337891,1.14353966712952,13.2299995422363,7.59000015258789,16.05299949646,37.1500015258789,991.415772064281
4.95,-0.0143283752857467,0.054252320001954,0.488258768099866,0.559325017290986,0.00365510118491297,-13.2315201930323,0.123160289377785,0.127383682438892,-0.0563249137225891,-0.177157863682303,0.00520883313350146,1.55635497727648,0.106904763641763,0.140951536094924,-0.0560150335067756,12.1564163607489,-5.22407043642484,-1.13841832618208,5.51790699801287,12.0767859994468,-0.263266463580794,7.13590491705525,-6.58902675472453,-2.81,0.156283910066023,0.073681461439131,13.2568930514918,18.9081023570673,0.169778341139052,1.11052992804595,173.089996337891,26.039757301867,59.7146887386057,-173.089996337891,1.14353966712952,13.2299995422363,7.59000015258789,16.05299949646,37.1500015258789,991.415315387934
4.975,-0.0140031279392851,0.0555452125007958,0.489776252838453,0.578505544789616,-0.0167468421338574,-12.8537376446403,0.202741455273828,0.0434794986104405,-0.0540872673633444,-0.172463047261021,0.00595608635286506,1.55491307232259,0.215863614070243,0.0459074860867853,-0.0525453006225948,12.1463099048663,-5.26272694100375,-1.16381831742548,5.57658611453964,12.0575949267714,-0.315759600988353,7.13593167488267,-6.58922706975908,-2.81,0.153836022481743,0.073207082585911,13.2959102032587,18.8774141321028,0.169778341139052,1.11052992804595,173.089996337891,26.039757301867,59.7146887386057,-173.089996337891,1.14353966712952,13.2299995422363,9.77000045776367,16.0139999389648,37.1500015258789,991.414858711587
5,-0.0149414511467324,0.0466799007341288,0.491293715928052,0.50229741786974,-0.0397535859925266,-12.010738133319,0.285307543144407,-0.03332644397349,-0.0490153828856429,-0.165437160728724,0.00479354538602042,1.5539984576225,0.268904516901717,-0.00336436841028197,-0.0529490748691893,12.1313863435358,-5.30352473966724,-1.16422647109116,5.62582408906991,12.0371298898588,-0.333076402477834,7.13595843271008,-6.58942738479363,-2.81,0.151163593746202,0.0730218399955907,13.3164358139038,18.851108512491,0.169778341139052,1.11052992804595,173.089996337891,26.039757301867,59.7146887386057,-173.089996337891,1.14353966712952,13.2299995422363,9.77000045776367,16.0139999389648,37.1500015258789,991.41440203524
5.025,-0.0160321607666052,0.0430594220490304,0.492692863991224,0.432189153824479,-0.0133527306746026,-11.5622764383994,0.335880348318421,-0.0657471655173954,-0.0482627608269399,-0.15980488133518,0.00322537639989771,1.55329259580989,0.329312451581481,-0.0513717083481051,-0.0511719999604281,12.1261230375975,-5.32669001601217,-1.17168274814486,5.65665275363826,12.0278979070954,-0.348250589637787,7.1359765179655,-6.58957861777088,-2.81,0.148346286651564,0.0733598563666346,13.3164358139038,18.8377026495555,0.169778452636986,1.11052995107518,173.091293334961,26.1868415148746,60.0314265262089,-173.091293334961,1.14112269878387,13.2613534927368,9.77000045776367,16.0139999389648,37.1500015258789,991.414766651434
5.05,-0.0193645738731361,0.0320578299241154,0.492468534488373,0.373137651843642,-0.142718180169994,-10.616894314515,0.3911237741884,-0.0728724805147239,-0.0481593333050332,-0.14990904897235,0.000683813915223709,1.55209281127722,0.398837322365314,-0.0937081958116892,-0.0485997227915303,12.1353004444886,-5.37093955365351,-1.19609374288229,5.71533163073707,12.0302509867641,-0.388837183053442,7.13599298753732,-6.58972070685459,-2.81,0.142699624800642,0.0736348668791107,13.3300736012765,18.8303917629993,0.169778665496678,1.11052999504006,173.093811035156,26.4676386486694,60.6361077569516,-173.093811035156,1.13650858402252,13.3212108612061,9.77000045776367,16.0139999389648,37.1500015258789,991.415877897213
5.075,-0.0207840764667439,0.0296879646736639,0.491861544918169,0.366625104320246,-0.134479523447611,-9.84777708104712,0.386744078584606,-0.0896058957255695,-0.0468803260098903,-0.143367245793343,-0.00094958208501339,1.55130851268768,0.436788946390152,-0.112505041062832,-0.0470195971429348,12.1382735972342,-5.42662225894604,-1.21005246467529,5.77932455513987,12.0283338169843,-0.410774029629119,7.13600945710915,-6.58986279593829,-2.81,0.139101693462283,0.0723927814676854,13.3585644244015,18.8211084768558,0.169778878356371,1.11053003900495,173.096298217773,26.7484357824642,61.2407889877732,-173.096298217773,1.13189446926117,13.3810691833496,10.0699996948242,16,37.1500015258789,991.416989142991
5.1,-0.0225158197222993,0.0200286940261674,0.491254552443218,0.275863923274529,-0.10884406905254,-9.29326058663821,0.399612619218062,-0.102362286969038,-0.0463191026268379,-0.133093895409678,-0.00328252652967516,1.5502540536947,0.382386396230554,-0.0948614911006836,-0.052973435920171,12.1455690216192,-5.4619809185984,-1.21788146018968,5.82362494596072,12.030002813145,-0.44242792591462,7.13602592668097,-6.59000488502199,-2.81,0.134212447306356,0.0730637609355128,13.3732824325562,18.8157508630398,0.169779091216063,1.11053008296983,173.098785400391,27.0292329176772,61.8454702186736,-173.098785400391,1.12728035449982,13.4409265518188,10.0699996948242,16,37.1500015258789,991.418100388769
5.125,-0.0245830509766009,0.0214830174401763,0.490647559989059,0.202067711371714,-0.186039494306009,-9.01734942797311,0.396168518304914,-0.0798293565488721,-0.0438711350738776,-0.117918867237967,-0.00801979832354587,1.5489249399743,0.422211862338518,-0.0903934030765799,-0.0493917319329744,12.1484948420552,-5.47809501152348,-1.17557235753555,5.84278643185713,12.0273948745072,-0.425489711867131,7.13603473171135,-6.59008179436881,-2.81,0.129351677087003,0.0758301655237573,13.3732824325562,18.8140590515559,0.169779194605056,1.11053010432421,173.100006103516,27.1656200960575,62.1391725307374,-173.100006103516,1.12503921985626,13.4700002670288,10.0699996948242,16,37.1500015258789,991.415375553231
5.15,-0.0244180310966048,0.00988175417129337,0.490040570429191,0.173710310510048,-0.160104319651246,-8.90489521560253,0.383003727739307,-0.0304644654891759,-0.0407406491487161,-0.113683489075722,-0.00788283424565197,1.54819634811803,0.36657864176251,-0.0598343000681951,-0.0489195753939944,12.1681461437193,-5.49799955884596,-1.15009236328443,5.86660704654877,12.0423604284549,-0.423047563086596,7.13604319931754,-6.5901558342393,-2.81,0.129131653024568,0.0757658724638985,13.3885813393672,18.8276305562226,0.169779194605056,1.11053010432421,173.100006103516,27.1656200960575,62.1391725307374,-173.100006103516,1.12503921985626,13.4700002670288,10.0699996948242,16,37.1500015258789,991.409027752004
5.175,-0.0237695587104988,0.00730324988255833,0.489433586637356,0.225821116865345,-0.219722122821235,-8.95687527195552,0.382534875559695,0.0128428062017853,-0.0355052967407134,-0.101910981259737,-0.00822340452700351,1.54709454861161,0.357813290902127,0.00386639307163164,-0.0429000987523829,12.1846762559642,-5.50453939704457,-1.10488069512734,5.87568127571806,12.052832101815,-0.438928990124701,7.13605166692373,-6.59022987410979,-2.81,0.127063044429374,0.0779839265124328,13.4199218183685,18.8354525057157,0.169779194605056,1.11053010432421,173.100006103516,27.1656200960575,62.1391725307374,-173.100006103516,1.12503921985626,13.4700002670288,9.59000015258789,15.9919996261597,37.1500015258789,991.402679950777
5.2,-0.0224717296689881,-0.0104723000783366,0.489034911426074,0.252773921308516,-0.18129684400299,-9.01981376048104,0.348020185736376,0.0289137465573872,-0.0293789664138369,-0.0918265656883103,-0.00814166406946333,1.54592796682174,0.335332788881695,0.0117970997814926,-0.031800128565842,12.2055103362275,-5.54948737886444,-0.993248406167158,5.91903536499687,12.0655644659873,-0.380801256964074,7.13606013452991,-6.59030391398027,-2.81,0.129220125688509,0.0777658681430735,13.4358148574829,18.8526809985609,0.169779194605056,1.11053010432421,173.100006103516,27.1656200960575,62.1391725307374,-173.100006103516,1.12503921985626,13.4700002670288,9.59000015258789,15.9919996261597,37.1500015258789,991.396332149551
5.225,-0.022147525268783,-0.0149200287682556,0.489120573325496,0.219291178783633,-0.222626250708277,-9.1241032254584,0.318982324199853,0.0338479801472141,-0.0237913010452824,-0.081865982884951,-0.00841050198494911,1.54556319151538,0.348970225262277,0.0352797959462145,-0.0255818464935058,12.2035724368232,-5.56123723298975,-0.931790132067728,5.92501126505314,12.0614754120319,-0.371247931364604,7.13606757726242,-6.59037619554892,-2.81,0.12871387956554,0.0790771817804383,13.4358148574829,18.8495553643801,0.16977930204852,1.11053012783433,173.107559204102,27.3157757338663,62.4443925806497,-173.107559204102,1.12295186519623,13.4712591171265,9.59000015258789,15.9919996261597,37.1487426757812,991.392773553481
5.25,-0.02119149779126,-0.0168275329037081,0.489354953020075,0.21620452549198,-0.288614788252608,-9.31206732193688,0.285690957286696,0.0534843178489614,-0.0169262903062269,-0.0755450281834469,-0.00688665878909957,1.54514977842926,0.293257426670131,0.0585127125447646,-0.0194377687964397,12.2116358305518,-5.5712726546644,-0.918045386779916,5.93605251925017,12.0665003045772,-0.410836793820326,7.13607236370112,-6.59044391990594,-2.81,0.127604758684982,0.0797650556880274,13.4424169227799,18.8488089680074,0.169779514908212,1.11053017441099,173.122528076172,27.6132538861422,63.0490738114713,-173.122528076172,1.11881649494171,13.4737529754639,8.97000026702881,16.0450000762939,37.1462478637695,991.391951536056
5.275,-0.02119149779126,-0.0168275329037081,0.489597751089289,0.252279326696162,-0.270178969853253,-9.62853310094448,0.230365489007531,0.0711083344274092,-0.0108705024326321,-0.0692240734819428,-0.00536281559325002,1.54473636534313,0.237544628077985,0.0817456291433148,-0.0132936910993736,12.2193984497159,-5.57586024271246,-0.909658242749358,5.94198514421143,12.0712893888139,-0.456266452045189,7.13607715013983,-6.59051164426295,-2.81,0.126205576507576,0.0807370365393859,13.4556839301864,18.8475127041087,0.169779727767905,1.11053022098765,173.137481689453,27.9107320369998,63.6537550422929,-173.137481689453,1.11468124389648,13.4762468338013,8.97000026702881,16.0450000762939,37.1437530517578,991.391129518631
5.3,-0.0179973779415819,-0.0314187301512787,0.489840545685512,0.271888614450497,-0.235573394709897,-9.82346805842056,0.166754462092543,0.0677231888394628,-0.00323561294522171,-0.0668275654315948,-0.00478507019579411,1.5445796251297,0.216421842575073,0.0905540883541107,-0.0109642436727881,12.2277045693785,-5.59373898792727,-0.843217463756427,5.95621235698619,12.0778190594638,-0.409281953645355,7.13608193657854,-6.59057936861997,-2.81,0.128975298076625,0.0801931075999677,13.4622859954834,18.8590731276121,0.169779940627597,1.11053026756431,173.152450561523,28.2082101878575,64.2584362731933,-173.152450561523,1.11054599285126,13.4787406921387,8.97000026702881,16.0450000762939,37.1412582397461,991.390307501206
5.325,-0.0176803069547371,-0.0308073614409913,0.490083340289424,0.28428628019071,-0.203009594008557,-9.90261680280136,0.124647215109154,0.0462949379301362,0.00375840859985658,-0.0614195831612938,-0.00330752921975727,1.54467334080879,0.163996414115133,0.0441904955711547,0.00341125063093928,12.229931964518,-5.61312942938099,-0.773449519195576,5.96757393604781,12.0795271173994,-0.386998636018709,7.13609521070292,-6.59069562286491,-2.81,0.131130283557854,0.0800155232372157,13.4622859954834,18.863021888082,0.169780048071061,1.11053029107444,173.160003662109,28.3583658270845,64.5636563230268,-173.160003662109,1.10845863819122,13.4799995422363,8.97000026702881,16.0450000762939,37.1399993896484,991.391159093861
5.35,-0.0167278962455021,-0.0288979774613581,0.490326136043035,0.276736482034059,-0.214044623300199,-9.78502820445103,0.09656828462085,0.0228889611183543,0.0108192933934864,-0.0616395029773821,-0.00202000955063159,1.54459218475617,0.0933944094779861,0.0342566990540172,0.00541146293622564,12.2164266729921,-5.63641470744332,-0.749110972304684,5.99001380424271,12.0644073350899,-0.37580438756606,7.13610958600849,-6.59081817331377,-2.81,0.133055773354913,0.078802713573541,13.4700378816654,18.8482434881866,0.169780048071061,1.11053029107444,173.160003662109,28.3583658270845,64.5636563230268,-173.160003662109,1.10845863819122,13.4799995422363,8.97000026702881,16.0450000762939,37.1399993896484,991.393716481406
5.375,-0.0167248776586499,-0.0307943571477001,0.49056893007162,0.246030531026675,-0.187483640499081,-9.92498142551055,0.0671407695921018,0.0173753217809201,0.0194161159567757,-0.0577473601698917,-0.00188798822375204,1.54532882586013,0.0875545104060269,0.0134604965524786,0.0185305649635594,12.2097630756873,-5.64507799050087,-0.729097200301075,5.98684430469281,12.0619583881044,-0.379022064986109,7.13612396131407,-6.59094072376264,-2.81,0.132688807010431,0.0787685708301906,13.4853243114263,18.8457194802198,0.169780048071061,1.11053029107444,173.160003662109,28.3583658270845,64.5636563230268,-173.160003662109,1.10845863819122,13.4799995422363,8.81999969482422,16.05299949646,37.1399993896484,991.39627386895
5.4,-0.0154534549141898,-0.0327080331299678,0.490811728722459,0.250094327387848,-0.149761526667768,-10.025121031526,0.0464715987653423,0.0139041147173396,0.0286744720486811,-0.0578898574800932,-0.00147364489028172,1.54601060977651,0.0624514183826784,-0.0091994184652693,0.0323586562813066,12.2130509540219,-5.67017106403578,-0.707934949863676,6.00257252077571,12.0685397655665,-0.360688860337756,7.1361382101555,-6.59106202158602,-2.81,0.133933581578498,0.0771361529304085,13.4927864074707,18.8537750884569,0.169780048071061,1.11053029107444,173.160003662109,28.3583658270845,64.5636563230268,-173.160003662109,1.10845863819122,13.4799995422363,8.81999969482422,16.05299949646,37.1399993896484,991.398831256495
5.425,-0.0164081836342669,-0.0311219642506472,0.491054525636135,0.286383258046534,-0.135972646030746,-9.98139592073446,0.0390919780391013,-0.00852216956988393,0.037007468899264,-0.0547665016877445,-0.00218999272356632,1.54700958413332,0.0535603723917948,0.00323975973403573,0.0355368896692466,12.1937794217712,-5.69791390192558,-0.708838998715908,6.01659460828472,12.0549256892322,-0.369172173000329,7.13614551910348,-6.5911145798671,-2.81,0.132520343687528,0.075928624768755,13.4927864074707,18.8384142761498,0.169780151037195,1.11053031390881,173.164855957031,28.504205582746,64.8561573985886,-173.164855957031,1.10759174823761,13.4884796142578,8.81999969482422,16.05299949646,37.1399993896484,991.399015231823
5.45,-0.0160914094901234,-0.0282717906521635,0.491297316765228,0.308520809259529,-0.13847305493656,-9.8084038789809,0.024334662018729,-0.03678506740932,0.043492245939883,-0.0563514262685916,-0.00180162006255321,1.54742306188659,0.00587408254895615,-0.022447025674051,0.0385236153105426,12.1885287464032,-5.71549914342698,-0.711178043837447,6.02978754525372,12.0515770575824,-0.366183362134372,7.13615282805146,-6.59116713814818,-2.81,0.13313914373333,0.074589180353423,13.5050308381577,18.8347602863943,0.169780363026296,1.11053036092077,173.174819946289,28.8044639040595,65.4583654956861,-173.174819946289,1.10580706596375,13.5059375762939,8.81999969482422,16.05299949646,37.1399993896484,991.396686182452
5.475,-0.0167319387771156,-0.0263583205924472,0.491540114836269,0.264668590270466,-0.101548788537651,-9.60628889867869,0.0202169107245108,-0.0583040830466367,0.0487281964169825,-0.0554811315706061,-0.00313404872034034,1.54889175196497,-0.0207744600219072,-0.0408994151612253,0.0433369555357349,12.174241138237,-5.71804197812554,-0.727693453641737,6.01489401793217,12.0466114870209,-0.371336440226921,7.13616013699943,-6.59121969642926,-2.81,0.131458189215108,0.0741444612651551,13.5287333599462,18.8301106977713,0.169780575015396,1.11053040793273,173.184799194336,29.1047222267913,66.0605735925471,-173.184799194336,1.10402238368988,13.5233964920044,9.39999961853027,16.0340003967285,37.1399993896484,991.394357133082
5.5,-0.0179924782739571,-0.0288854382504354,0.491782910594077,0.233938000124331,-0.0872127411350189,-9.37713870706445,0.00488694057181349,-0.0637302443615087,0.0567849659565215,-0.0548452490684634,-0.00495473961120288,1.55043049724419,-0.0215454881005068,-0.0541350645762929,0.0492102368942885,12.1655013549603,-5.72202900664609,-0.742171386128875,6.00069961559493,12.0477672521634,-0.367104750620307,7.13616744594741,-6.59127225471034,-2.81,0.129752362208165,0.073537949154594,13.5400791168213,18.8327060756548,0.169780787004496,1.11053045494468,173.194778442383,29.4049805481049,66.6627816894868,-173.194778442383,1.10223758220673,13.5408554077148,9.39999961853027,16.0340003967285,37.1399993896484,991.392028083711
5.525,-0.0179977246799575,-0.0288959561955513,0.49202570808622,0.292008962147729,-0.0164397679734756,-9.18320017925809,0.0145420780078952,-0.064406889026756,0.0607439808873977,-0.0550522108325523,-0.00657542381985961,1.55170927059611,-0.0128415339477812,-0.066317069401031,0.0551955323116967,12.1634658762186,-5.74033117136124,-0.742465800900559,6.00363593185449,12.0536114495236,-0.345494089679878,7.13617461121832,-6.59132385242695,-2.81,0.129154359577479,0.0720889575286204,13.5400791168213,18.8411795187079,0.169780898046406,1.11053047956999,173.199996948242,29.5622587170873,66.9782240260054,-173.199996948242,1.10130274295807,13.5500001907349,9.39999961853027,16.0340003967285,37.1399993896484,991.389604799538
5.55,-0.020212131855322,-0.0285761602220522,0.49226849980259,0.299812834988451,-0.0273797759553513,-9.06954526661281,0.0214071964776018,-0.067019336573168,0.0646065493317079,-0.0552591725966413,-0.00819610802851633,1.55298804394802,-0.00413757979505564,-0.0784990742257692,0.0611808277291049,12.1609705583783,-5.75794306482129,-0.743312535197749,6.00589915223668,12.0590015417367,-0.324474920454443,7.13617493757802,-6.59132972805816,-2.81,0.128529338750453,0.0706793349816204,13.5424235790189,18.8491436077363,0.169780898046406,1.11053047956999,173.199996948242,29.5622587170873,66.9782240260054,-173.199996948242,1.10130274295807,13.5500001907349,9.64999961853027,16.0230007171631,37.1399993896484,991.387077857083
5.575,-0.0214984895623067,-0.0254079448055176,0.492511299600366,0.236766912845543,0.0208815945922859,-8.92449938585559,0.0292243622891435,-0.0700895472770581,0.0684281790183792,-0.0535884083318547,-0.0103327135477463,1.55525360180963,-0.00597361150548725,-0.0662604771746281,0.0646450938473188,12.1431559499133,-5.81469135522892,-0.758107415600641,6.03503599071895,12.0547704865935,-0.320074898042752,7.13617526393771,-6.59133560368937,-2.81,0.12631272907186,0.0672216061465335,13.5468801693225,18.8438188019962,0.169780898046406,1.11053047956999,173.199996948242,29.5622587170873,66.9782240260054,-173.199996948242,1.10130274295807,13.5500001907349,9.64999961853027,16.0230007171631,37.1399993896484,991.384550914628
5.6,-0.0224406551921989,-0.026975115737646,0.492754092463633,0.230667881895373,0.0374227825704439,-8.81983560775909,0.0454102830764022,-0.0655203796979078,0.0715163022476181,-0.0529114380478859,-0.0110541209578514,1.55605220794678,-0.00736638577654958,-0.0604851357638836,0.0655577704310417,12.1301596441003,-5.8847074922747,-0.740556135247623,6.09389547449812,12.0456162895029,-0.294184979902494,7.13617559029741,-6.59134147932058,-2.81,0.126755798459019,0.0633792049189138,13.5489711761475,18.8348577890051,0.169780898046406,1.11053047956999,173.199996948242,29.5622587170873,66.9782240260054,-173.199996948242,1.10130274295807,13.5500001907349,9.64999961853027,16.0230007171631,37.1399993896484,991.382023972174
5.625,-0.0248284453064981,-0.0264962097391176,0.492962966370119,0.238683853846463,0.0323958514685473,-8.83485042227093,0.0613771602125929,-0.0532154046795161,0.0732350758606767,-0.0492843097750272,-0.0149303855930043,1.5593748085196,0.0787582502563909,-0.0410276661440357,0.071252392782113,12.1229675923295,-5.93099423120585,-0.736252264877757,6.09819473995429,12.0593703330212,-0.262128398783315,7.1361579479638,-6.59118662820817,-2.81,0.124039767621954,0.0603787861215134,13.5489711761475,18.8523816076783,0.169780997584067,1.11053050211832,173.204650878906,29.7062715052938,67.2609856649638,-173.204650878906,1.10142457485199,13.5593109130859,9.64999961853027,16.0230007171631,37.1399993896484,991.383659888333
5.65,-0.0243468668522345,-0.0288858498665177,0.493,0.250547569886521,0.0420510934267783,-8.89229746910434,0.069982057364765,-0.037044670701233,0.0757753630547662,-0.0479993659204778,-0.0161932336796189,1.56136143531459,0.09945436656229,-0.0446324189636417,0.0767164703193789,12.1267492287379,-5.95940534228489,-0.721619289033452,6.10136339610688,12.0751732429092,-0.238430600028638,7.13613741737612,-6.59100594218035,-2.81,0.123711730315092,0.0583541000774105,13.5601785007395,18.8708762865913,0.169781210879056,1.11053055043617,173.214630126953,30.0148703351388,67.8669034627657,-173.214630126953,1.10168588161469,13.5792636871338,9.64999961853027,16.0230007171631,37.1399993896484,991.390053357195
5.675,-0.0252940588681624,-0.0307847714591801,0.493,0.246827740840052,0.110581221070155,-9.05898215967804,0.0771143072012714,-0.0264037327755884,0.0790574400141932,-0.0473843850195408,-0.0167976394295692,1.56231224536896,0.109359636902809,-0.0463576726615429,0.0793316066265106,12.115661798763,-6.00901475168635,-0.68892118833546,6.13751678261449,12.0690942330443,-0.199959117695073,7.13611688678844,-6.59082525615253,-2.81,0.124993373533581,0.0555088020365063,13.581105451969,18.8680182032631,0.169781424174044,1.11053059875401,173.224609375,30.3234691649839,68.4728212605676,-173.224609375,1.10194706916809,13.5992164611816,9.52999973297119,16.0030002593994,37.1399993896484,991.396446826056
5.7,-0.0243423828793254,-0.0326937553453728,0.493,0.288079589770774,0.125185902169892,-9.28118294222567,0.077704039940406,-0.0169591000940461,0.0768297602667441,-0.0456293547863623,-0.0169345659485992,1.56494724455605,0.0847570066486783,-0.0331989032800336,0.0798107273649374,12.1142715462663,-6.03142519462488,-0.66295472691793,6.12616872615959,12.0834648689708,-0.181954510658875,7.13609635620076,-6.59064457012471,-2.81,0.125485210597389,0.0536410332793405,13.5907258987427,18.8851513167166,0.169781637469032,1.11053064707185,173.234588623047,30.6320679948289,69.0787390583695,-173.234588623047,1.1022082567215,13.6191692352295,9.52999973297119,16.0030002593994,37.1399993896484,991.402840294917
5.725,-0.0259285876847755,-0.03364316487722,0.493,0.317833725642352,0.0902581293223704,-9.5128355426854,0.0647285295371113,-0.0131915045142643,0.0752534069419435,-0.0420596393960478,-0.0177607395292918,1.56704199026282,0.0895237747974576,0.00049496202420087,0.0740474203176156,12.0968570944026,-6.06047741166097,-0.657064379949958,6.12813772862409,12.07916064486,-0.186755759563916,7.1360911164097,-6.59059037946149,-2.81,0.124141645938981,0.051969239841777,13.5907258987427,18.8800684237924,0.16978175325774,1.11053067330154,173.240005493164,30.7995930740903,69.4076658628319,-173.240005493164,1.10234999656677,13.6300001144409,9.52999973297119,16.0030002593994,37.1399993896484,991.402038284265
5.75,-0.0249726853733319,-0.0345990671886636,0.493,0.326845479163215,0.177100286807098,-9.58621513853395,0.0710654103430275,-0.0162857802473177,0.0695062113549235,-0.0408478336477003,-0.0184037353061757,1.56879150954136,0.107714155290687,-0.0237617223294209,0.0722210988450006,12.1036110214561,-6.08236064116274,-0.640921164867608,6.1277235597111,12.0965146374562,-0.169198903728638,7.13609050393411,-6.5905744689462,-2.81,0.124143842753588,0.0503488808342834,13.5923201884906,18.8996807802379,0.16978175325774,1.11053067330154,173.240005493164,30.7995930740903,69.4076658628319,-173.240005493164,1.10234999656677,13.6300001144409,9.52999973297119,16.0030002593994,37.1399993896484,991.392691641692
5.775,-0.0263956314395512,-0.0369746813303954,0.493,0.319039225033758,0.169470713440854,-9.58176317241006,0.0790865720246132,-0.0208134916778516,0.0633524346953005,-0.0390227208288936,-0.018435768284051,1.57037407495448,0.0860943762075173,-0.0209588373824111,0.0643127348438982,12.0982511449305,-6.1148864074378,-0.626073030305449,6.13976618649989,12.1007387211452,-0.163943766716899,7.13608989145852,-6.59055855843092,-2.81,0.124166398286412,0.0483516926084968,13.5952453635934,18.9039379100823,0.16978175325774,1.11053067330154,173.240005493164,30.7995930740903,69.4076658628319,-173.240005493164,1.10234999656677,13.6300001144409,9.63000011444092,16.0090007781982,37.1399993896484,991.383344999118
5.8,-0.0256020681557849,-0.0390409130808056,0.493,0.328876455125138,0.21775818810794,-9.46015583253432,0.0796509090627181,-0.0190688721990451,0.059711456486873,-0.0382485018315877,-0.0185721062861454,1.57145681593841,0.0659803198654933,-0.0237430017221524,0.0596213897164711,12.0927132417336,-6.13468568831515,-0.616875467921185,6.14579592884486,12.1017807904669,-0.157198869654704,7.13608927898292,-6.59054264791563,-2.81,0.124277688351949,0.0470448943880491,13.5965623855591,18.9055809294926,0.16978175325774,1.11053067330154,173.240005493164,30.7995930740903,69.4076658628319,-173.240005493164,1.10234999656677,13.6300001144409,9.63000011444092,16.0090007781982,37.1399993896484,991.373998356545
5.825,-0.0268703535946915,-0.0390404348105475,0.493,0.295526730784644,0.222708194492681,-9.39629514395384,0.102087963925836,-0.0111674991427858,0.051847548935126,-0.0370190131837829,-0.01945411956237,1.57249128357351,0.0972223161698469,-0.0330869139776576,0.058439952925143,12.0994035492919,-6.15154343067732,-0.601300168202047,6.1490580635353,12.1148139529825,-0.137777125458379,7.13608831106589,-6.59049863229069,-2.81,0.124206084164518,0.0459575545256251,13.5965623855591,18.920986303931,0.169781849122333,1.11053069473468,173.242233276367,30.9364833311231,69.6799932321561,-173.242233276367,1.1022914648056,13.6366987228394,9.63000011444092,16.0090007781982,37.1388816833496,991.366893487418
5.85,-0.0271835243938653,-0.0412568277152714,0.493,0.29325638402503,0.200542874526036,-9.42717727293858,0.107113477931996,-0.00298291531611512,0.045676033202687,-0.0328450994808745,-0.0202579011150992,1.57407440778552,0.14192542616654,-0.0191770394137478,0.0509360501751827,12.101660624349,-6.17649327334924,-0.586084501386888,6.15268780136824,12.127168660998,-0.137721283813597,7.13608728833561,-6.59045028252706,-2.81,0.123052711872252,0.0447123098028666,13.6024920221179,18.9329714256098,0.169782063287913,1.11053074261723,173.247222900391,31.2423019919304,70.2883841638397,-173.247222900391,1.10216093063354,13.6516628265381,9.63000011444092,16.0090007781982,37.1363906860352,991.36255506212
5.875,-0.0274936726146582,-0.0463239243833562,0.493,0.328422540370544,0.220463593719446,-9.48238085304719,0.119607148459687,0.000545126481074574,0.0403819533409841,-0.0281746852254095,-0.0200091343004634,1.57565407512575,0.128739460554143,0.00414147943314689,0.0392414518374916,12.0914322238439,-6.20055583995464,-0.549194652544308,6.15473146349433,12.1265418477614,-0.132303217471288,7.13608626560533,-6.59040193276342,-2.81,0.123323656743384,0.0435992741079359,13.6131856401856,18.9329633652558,0.169782277453493,1.11053079049978,173.252197265625,31.5481206541559,70.8967750954445,-173.252197265625,1.1020302772522,13.6666259765625,9.5,16.0330009460449,37.1338958740234,991.358216636821
5.9,-0.0262169619175986,-0.0511026510577198,0.493,0.345226184371162,0.212813299352955,-9.49634298489806,0.120104806913027,-0.005216794069946,0.0341477881427409,-0.0271934972765588,-0.0199567963245243,1.57643010341645,0.113984423391867,-0.0267460448544432,0.0371064150801082,12.1036517924384,-6.2169425845665,-0.507432226868308,6.1601290135071,12.1428879413236,-0.0966036162033114,7.13608422632176,-6.59034757980402,-2.81,0.125042310792753,0.0425626860727137,13.61789894104,18.9538682490688,0.169782491619072,1.11053083838233,173.257202148438,31.8539393149631,71.5051660271282,-173.257202148438,1.10189974308014,13.6815910339355,9.5,16.0330009460449,37.1314010620117,991.353878211522
5.925,-0.0271651164471422,-0.0520457134348198,0.493,0.275436569674026,0.225297208464152,-9.52708357301067,0.121766886925763,-0.011708317874077,0.029171179610342,-0.0223803147692678,-0.0212457601142783,1.57729801482156,0.154457828093926,-0.0167202360062284,0.0294253728969449,12.0909549145507,-6.20602082247059,-0.497330258427588,6.13682194826013,12.135994427317,-0.101381537116296,7.13608150350028,-6.5902891902516,-2.81,0.12335374022847,0.0435852694301967,13.61789894104,18.9475283813438,0.169782611959732,1.11053086528776,173.259994506836,32.0257802763719,71.8470237886538,-173.259994506836,1.10182631015778,13.6899995803833,9.5,16.0330009460449,37.1300010681152,991.353267714983
5.95,-0.0277951344626179,-0.0571327614723514,0.493,0.313361441265902,0.231210869890977,-9.46506852692109,0.119449868393254,-0.0135286466916744,0.021914723025337,-0.0198167467816985,-0.0203972395809809,1.57765136490553,0.0913701447093141,-0.00430645681452699,0.0176303596257103,12.1058048382986,-6.23310295987516,-0.472949802370812,6.15808750567353,12.1529109499445,-0.102364652725162,7.1360787806788,-6.59023080069918,-2.81,0.123880891299668,0.0423717896093034,13.620745017806,18.9629406683806,0.169782611959732,1.11053086528776,173.259994506836,32.0257802763719,71.8470237886538,-173.259994506836,1.10182631015778,13.6899995803833,9.5,16.0330009460449,37.1300010681152,991.357438692288
5.975,-0.0274759594577215,-0.0574519364772478,0.493,0.290163291093375,0.203155495218934,-9.39816548811399,0.135806182103542,-0.0135372099266355,0.0151476795766763,-0.015834860753777,-0.0213171539359152,1.57814603821127,0.122554786858228,0.000651492024826935,0.0116295101410104,12.1069722107187,-6.22189954919173,-0.45404336774989,6.1391232877509,12.1572472015426,-0.0973202421069879,7.13607605785733,-6.59017241114677,-2.81,0.123027422559618,0.0433697582354769,13.6257914228281,18.9688768362535,0.169782611959732,1.11053086528776,173.259994506836,32.0257802763719,71.8470237886538,-173.259994506836,1.10182631015778,13.6899995803833,9.68000030517578,15.9820003509521,37.1300010681152,991.361609669593
6,-0.0274640178361513,-0.0649540723036393,0.493,0.258961730222846,0.240506908100583,-9.28468444323862,0.134979632261265,-0.0160382486731629,0.00828146908498621,-0.0128374306530391,-0.0222128461424232,1.57842923736968,0.144140507113213,-0.00605735618813764,0.0072715690397141,12.1121781233033,-6.22281318992792,-0.436125977031536,6.13522974294504,12.1642853925925,-0.0870956029482995,7.13607333503585,-6.59011402159435,-2.81,0.122479909836761,0.0436445110306655,13.6279678344727,18.9774443389558,0.169782611959732,1.11053086528776,173.259994506836,32.0257802763719,71.8470237886538,-173.259994506836,1.10182631015778,13.6899995803833,9.68000030517578,15.9820003509521,37.1300010681152,991.365780646897
6.025,-0.0279254352993872,-0.0664616237036775,0.493,0.302529591312985,0.2485550702204,-8.99113652561973,0.12942756701012,-0.0192059049829912,0.00233041719178757,-0.0104669665082,-0.0230931120997486,1.57857775595249,0.15961300576564,-0.0201963842234828,0.00395993950667823,12.1199416523629,-6.23292480246327,-0.417353116606832,6.14241525750353,12.173005058494,-0.0721354562629739,7.13607206023539,-6.5900678644516,-2.81,0.122205086421688,0.0433817827812749,13.6279678344727,18.9877898032721,0.169782704118091,1.11053088618196,173.258926391602,32.1592284185476,72.1088226738398,-173.258926391602,1.10124802589417,13.6953439712524,9.68000030517578,15.9820003509521,37.1300010681152,991.369462328116
6.05,-0.0296752139512588,-0.0717333484342569,0.493,0.253236348725943,0.201631006089263,-9.13082005252805,0.124515450454231,-0.0116411302980794,-0.00736333267984166,-0.00769044824740247,-0.0235082075142754,1.57846356149994,0.156495097598282,-0.0292209806374761,-0.00124357001382821,12.1267266444624,-6.23568002915199,-0.390518505117463,6.14530190102842,12.1789030008975,-0.0574062563394253,7.13607112874404,-6.59002460747243,-2.81,0.122393840067058,0.0436578828587829,13.6291078014782,18.9955531519473,0.169782919154263,1.1105309349351,173.256439208984,32.4706074188486,72.7196867393264,-173.256439208984,1.09989857673645,13.7078142166138,9.68000030517578,15.9820003509521,37.1300010681152,991.372491614552
6.075,-0.029988326657533,-0.0745921991002612,0.493,0.234134432878306,0.146700106280338,-9.49380650228365,0.129216421811984,-0.00639399410959845,-0.0111147120647602,-0.00602172501385212,-0.0235035438090563,1.57827603816986,0.145857334136963,-0.0315353907644749,-0.00491747306659818,12.1301788413255,-6.21355543029951,-0.337213503095664,6.12454247558226,12.1800241423349,-0.0146325508368582,7.1360701972527,-6.58998135049325,-2.81,0.124554517794041,0.0451069474648625,13.6310956778266,19.0039567908461,0.169783134190434,1.11053098368824,173.253936767578,32.7819864191496,73.3305508048918,-173.253936767578,1.09854912757874,13.7202844619751,9.47999954223633,16.0319995880127,37.1300010681152,991.375520900989
6.1,-0.0287094051076556,-0.0803068270316384,0.493,0.244980345659723,0.191512640017927,-9.87651587478671,0.127700055946012,0.0243011531133042,-0.0127237637094864,-0.00109016472795546,-0.0227139633657778,1.57778031594608,0.105927134244563,0.0108371883307446,-0.0126079648849985,12.1563547751187,-6.2016370225557,-0.297611242325862,6.1168831352324,12.2028423261842,-0.0146799808759852,7.13607052722655,-6.5899523737686,-2.81,0.124946541507108,0.046547498236045,13.6319341659546,19.0268675715129,0.169783349226606,1.11053103244138,173.251434326172,33.0933654194505,73.9414148704572,-173.251434326172,1.09719979763031,13.7327547073364,9.47999954223633,16.0319995880127,37.1300010681152,991.378550187426
6.125,-0.0285469196817801,-0.0826875244697439,0.493,0.26060919825063,0.102887125869811,-10.1798504086048,0.144896697841835,0.0538247954568015,-0.0140134942060445,0.00385831347741915,-0.022346418326662,1.57775217807364,0.175341730494192,0.0397144095454647,-0.0112848476685352,12.1710434105724,-6.17428176255574,-0.273312429150007,6.08834761281243,12.2172888118001,-0.0251018728336777,7.13607181166576,-6.58993420194629,-2.81,0.124423218905206,0.0486503702180025,13.6319341659546,19.0411402249012,0.169783474152382,1.11053106076464,173.25,33.2742617909324,74.2962978037076,-173.25,1.09641587734222,13.7399997711182,9.47999954223633,16.0319995880127,37.1300010681152,991.380699175837
6.15,-0.0267880946946135,-0.0898335744303927,0.493,0.313547429645286,0.0162444756333232,-10.6122810724177,0.0943443146419962,0.0814838760955475,-0.0127666276397945,0.0061553392170069,-0.0195845709631195,1.57743516611452,0.0805463075793039,0.0872486449794278,-0.016205309698787,12.1789586342724,-6.17605959040293,-0.253366947424423,6.09337104427287,12.2230511712535,-0.0528173390880041,7.13607309610496,-6.58991603012397,-2.81,0.125590359756658,0.0489871932105998,13.6396264984602,19.0425055786951,0.169783474152382,1.11053106076464,173.25,33.2742617909324,74.2962978037076,-173.25,1.09641587734222,13.7399997711182,9.47999954223633,16.0319995880127,37.1300010681152,991.381627751076
6.175,-0.0255196745279667,-0.0898355934545709,0.493,0.378648477689758,0.0112000745543283,-10.8335337581038,0.0591143523273985,0.0813150866240083,-0.0130100830134942,0.00827644504997202,-0.0183829534568593,1.57735606757277,0.0720504687223293,0.0879722834018759,-0.0146349574976159,12.1868571063157,-6.14645492224141,-0.244989827842641,6.0641203773434,12.2302782218472,-0.0717838557789172,7.13607438054417,-6.58989785830165,-2.81,0.12563313717016,0.0508520299227575,13.6528222883682,19.0485154467548,0.169783474152382,1.11053106076464,173.25,33.2742617909324,74.2962978037076,-173.25,1.09641587734222,13.7399997711182,9.43000030517578,16.0289993286133,37.1300010681152,991.382556326316
6.2,-0.024243782296091,-0.0936471000237439,0.493,0.455408448816257,-0.0832157695671751,-10.9865336823002,-0.0445919292482399,0.0580130949827431,-0.0131193205097392,0.00745280386167105,-0.0172936604085675,1.57727965078762,0.0186838738101732,0.0588837757912496,-0.00945860527618967,12.192250998041,-6.11619804309225,-0.25686138520003,6.03491751862177,12.2350410383872,-0.0915532914594094,7.13607566498338,-6.58987968647934,-2.81,0.125687136733249,0.0523485155684897,13.6582632064819,19.0520377405668,0.169783474152382,1.11053106076464,173.25,33.2742617909324,74.2962978037076,-173.25,1.09641587734222,13.7399997711182,9.43000030517578,16.0289993286133,37.1300010681152,991.383484901555
6.225,-0.0242463194591912,-0.0920531672332779,0.493,0.40811468658359,0.0550072323033859,-11.0539350427179,-0.102185763063842,0.0301753902886222,-0.00968411037438676,0.00473094554952663,-0.0163160939021439,1.57719604044828,-0.0611589966903913,0.0124340702227607,-0.00242070732905502,12.1970024705239,-6.1069482489963,-0.261920830856915,6.02743898127461,12.2389479085963,-0.0917721155859146,7.13607694942258,-6.58986151465702,-2.81,0.126763251350402,0.0524745087944981,13.6582632064819,19.0562825669966,0.169783562571342,1.11053108037368,173.25,33.3995018145915,74.5474739901727,-173.25,1.09826982021332,13.7399997711182,9.65999984741211,15.9799995422363,37.1300010681152,991.384033203125
6.25,-0.0245698297843836,-0.0882498238608567,0.493,0.368599357284949,0.0946594235030136,-10.7294015750611,-0.128468825121338,-0.00112384201312211,-0.00881428030644896,0.00131780118644144,-0.0160476080830147,1.57695814658962,-0.109033212833297,-0.00878835740225343,-0.00257381600860151,12.1891551753402,-6.09436979706663,-0.293378204286054,6.01873516931257,12.2297406818851,-0.105771915907778,7.13607711964729,-6.58983406685736,-2.81,0.126550059849972,0.0527673191825136,13.6577897672132,19.0456739520626,0.169783778478106,1.11053112825623,173.25,33.7053204753988,75.160811189541,-173.25,1.1027969121933,13.7399997711182,9.65999984741211,15.9799995422363,37.1300010681152,991.384033203125
6.275,-0.0253713904859999,-0.0820865089599942,0.493,0.336473112466141,0.159000551369544,-10.1411923268124,-0.15405709529874,-0.0286140656440897,-0.0053719498179037,-0.00209534317664375,-0.0157791222638854,1.57672025273095,-0.156907428976202,-0.0300107850272676,-0.002726924688148,12.1816170072191,-6.08177210557544,-0.324947555395478,6.01015013278052,12.2208445447487,-0.119957338277189,7.13607291325757,-6.58977018318613,-2.81,0.126327875595166,0.053055528594248,13.6569906017276,19.0353160749246,0.169783994384869,1.11053117613878,173.25,34.0111391347879,75.7741483888305,-173.25,1.10732388496399,13.7399997711182,9.65999984741211,15.9799995422363,37.1300010681152,991.384033203125
6.3,-0.0255358446544206,-0.0796769659789275,0.493,0.278488389394956,0.116685568087324,-9.84684928356396,-0.10890440280509,-0.0353069168679738,-0.00266567896710456,-0.00561530405218871,-0.0166899175672487,1.57660320066526,-0.150390602911327,-0.0330255321767613,-0.00529361829856685,12.1903204420717,-6.05917059733272,-0.389640584473358,5.99034895741075,12.229548682809,-0.152115010085197,7.13606870686786,-6.58970629951489,-2.81,0.123869573197127,0.0537663051439232,13.6566686630249,19.0405195426394,0.169784210291633,1.11053122402132,173.25,34.3169577970133,76.3874855881989,-173.25,1.11185109615326,13.7399997711182,9.65999984741211,15.9799995422363,37.1300010681152,991.384033203125
6.325,-0.0266372442099117,-0.0772717471172183,0.492891216043175,0.211823481241933,0.0971855284233396,-9.53181705615445,-0.0972492692849674,-0.0214096681564536,0.000401918020014792,-0.007188955321908,-0.018618892878294,1.57693266868591,-0.0548207648098469,-0.0413657277822495,0.00466887932270765,12.2044232007006,-6.0388146893984,-0.444759593307397,5.96681930805327,12.2466246287682,-0.174046423754384,7.13607101250412,-6.58975917585373,-2.81,0.120760125169473,0.0544560409217357,13.6566686630249,19.0558325884625,0.169784339835691,1.11053125275085,173.25,34.5004489932141,76.7554879078357,-173.25,1.11456727981567,13.7399997711182,9.65999984741211,15.9799995422363,37.1300010681152,991.383887066694
6.35,-0.0280755015233314,-0.0796729234473142,0.492206770459547,0.186915695736181,0.0222656261521796,-9.34494496507393,-0.11246064427093,0.00205140963004305,0.00514658510607421,-0.00974399251313161,-0.0183249019406058,1.57695577527233,-0.0895855107517528,-0.028608778637343,0.006931347997826,12.2072063620758,-6.05368554396289,-0.449355417537285,5.98244108041328,12.2493901721925,-0.166599074236443,7.1360756281862,-6.58985347109578,-2.81,0.121550905274441,0.053288818977956,13.660393359259,19.0587392598598,0.169784339835691,1.11053125275085,173.25,34.5004489932141,76.7554879078357,-173.25,1.11456727981567,13.7399997711182,9.65999984741211,15.9799995422363,37.1300010681152,991.383521725616
6.375,-0.027609740142977,-0.0734908415719644,0.491397453357851,0.196481678223691,0.0908007493958195,-9.22574340764527,-0.124871434487581,0.00886976851980703,0.00707589122272104,-0.0132051211043326,-0.0182827483819104,1.5771994160779,-0.118602887686336,0.00559456637862478,0.00877789504306501,12.2139613755354,-6.0337504321166,-0.457438043441137,5.96090322109668,12.2572447738953,-0.15436860192823,7.13608024386828,-6.58994776633784,-2.81,0.122362018072906,0.0537171201164857,13.6665816341047,19.069611579838,0.169784339835691,1.11053125275085,173.25,34.5004489932141,76.7554879078357,-173.25,1.11456727981567,13.7399997711182,9.31999969482422,16.003999710083,37.1300010681152,991.383156384538
6.4,-0.0274517161761166,-0.072682396629475,0.490588136246919,0.220788444969135,-0.00994006926512767,-9.36914166242994,-0.154204569773829,0.0113463621821546,0.00717542886096006,-0.01310402341187,-0.0186120513826609,1.57738792896271,-0.101101852953434,0.0201861746609211,0.00760157173499465,12.226510913734,-6.03534451120579,-0.466760597973604,5.96018606074796,12.2711610427026,-0.160021041565333,7.13608418606472,-6.59002362857196,-2.81,0.12162727906111,0.0535474110339741,13.6690158843994,19.0826992871866,0.169784339835691,1.11053125275085,173.25,34.5004489932141,76.7554879078357,-173.25,1.11456727981567,13.7399997711182,9.31999969482422,16.003999710083,37.1300010681152,991.38279104346
6.425,-0.0274608049888848,-0.0669724930383907,0.489778819157104,0.253295526950285,0.0574758688478447,-10.1550314807655,-0.178341659494091,0.034723154170384,0.0125797189113015,-0.0216123669534874,-0.017285130921685,1.57800432086222,-0.140702519510419,0.0125193423806727,0.0198270949103845,12.2320198825281,-5.99897688705048,-0.483963162980763,5.91968007790008,12.2793024765007,-0.142733692481996,7.13608769664337,-6.59008767761547,-2.81,0.124264619223932,0.0539403820374928,13.6690158843994,19.0957545501196,0.169784424482087,1.11053127127788,173.251953125,34.6187783085886,76.9959471807605,-173.251953125,1.11417627334595,13.7448682785034,9.31999969482422,16.003999710083,37.1290283203125,991.383234092006
6.45,-0.0274638318628812,-0.0650709070839802,0.488983360516974,0.308848561248595,0.0724562975476116,-10.4123846938657,-0.160817693585803,0.0568026797637704,0.0163722347611581,-0.0264232792373546,-0.0156010915318445,1.57850270580387,-0.160221099193782,0.0269946865239029,0.0250442893249489,12.2343268757211,-6.01983940041545,-0.484859260702542,5.9360599349383,12.2840280668465,-0.134743880090157,7.13609120722202,-6.59015172665899,-2.81,0.126544607935078,0.0519216787774971,13.6724257820292,19.1005689244888,0.169784641259442,1.11053131872513,173.256942749023,34.9218168003582,77.6117575140894,-173.256942749023,1.1131751537323,13.7573394775391,9.31999969482422,16.003999710083,37.1265335083008,991.384939017035
6.475,-0.0255661365102837,-0.0583948003038744,0.488541910234334,0.252703941116797,0.107379615259003,-10.2023686102805,-0.162495514817016,0.0207694753205305,0.0227862725903517,-0.029283977563822,-0.0153088490323261,1.57926896953181,-0.136807236623179,0.0166570600796408,0.0272517672932937,12.2200049776619,-6.01928034960482,-0.51027473355888,5.92785819875599,12.2743477308188,-0.146706657358576,7.13609471780066,-6.5902157757025,-2.81,0.126418379058541,0.0512747265214062,13.6780032114858,19.0899115557533,0.169784858036798,1.11053136617238,173.261932373047,35.2248552907095,78.2275678473396,-173.261932373047,1.11217403411865,13.7698097229004,9.0600004196167,16.0200004577637,37.1240386962891,991.386643942065
6.5,-0.0268278176961689,-0.0568133069901442,0.488100468364452,0.252586245589319,0.134022769829808,-9.84707732459859,-0.14160053757763,-0.0378429305905391,0.0266625031585791,-0.0316747905669223,-0.0163065208150801,1.57999664889301,-0.108259723663326,-0.0232970938402632,0.0292258171400013,12.2071934549288,-6.03127642663816,-0.529744370159661,5.93242763516004,12.2661881840075,-0.139378141752477,7.13609822837931,-6.59027982474601,-2.81,0.125947924585594,0.0500557042723013,13.6801443099976,19.08264734705,0.169785074814153,1.11053141361963,173.266906738281,35.5278937810609,78.8433781805109,-173.266906738281,1.11117279529572,13.7822799682617,9.0600004196167,16.0200004577637,37.1215438842773,991.388348867095
6.525,-0.0276437400340011,-0.055059210829486,0.487659023329538,0.227698785067952,0.097835980771958,-9.66460018319088,-0.140172708577762,-0.0504675191110295,0.0288064791799618,-0.0348367780883233,-0.0172038162739633,1.58056978695661,-0.0991452332649408,-0.0645823451838913,0.0326218030984011,12.2101214819289,-6.05006439393429,-0.545929890897965,5.94574661186798,12.2727712125207,-0.124776650742914,7.13610063909263,-6.59028685799397,-2.81,0.125869143870099,0.0483746180066726,13.6801443099976,19.090372623842,0.169785209009659,1.11053144299174,173.270004272461,35.7154890379381,79.2245941011168,-173.270004272461,1.11055302619934,13.789999961853,9.0600004196167,16.0200004577637,37.1199989318848,991.3882328858
6.55,-0.0303455812564509,-0.0501467606738798,0.487217576195157,0.102957848690856,0.0568733096633029,-9.92003667107712,-0.169497287753651,-0.0101976077630193,0.0325999258632764,-0.0401881094739097,-0.0175034377547296,1.58147620632799,-0.129013569936334,-0.046047572426343,0.0367832719701427,12.2129501405937,-6.05078541901502,-0.591443474329859,5.93884086116478,12.2812931047697,-0.134050764319729,7.13610278002392,-6.59027990604128,-2.81,0.125251719041083,0.0471760612108946,13.6808096212899,19.097916334424,0.169785209009659,1.11053144299174,173.270004272461,35.7154890379381,79.2245941011168,-173.270004272461,1.11055302619934,13.789999961853,9.0600004196167,16.0200004577637,37.1199989318848,991.385157931729
6.575,-0.0297180718403643,-0.0437848913830894,0.486776127999275,0.149728153483501,0.146988348582972,-10.1280564182114,-0.166946639008768,0.0161454131978906,0.0296970259714813,-0.0441194467014009,-0.0175463582020337,1.58257215998489,-0.14515750111906,0.0167641319862136,0.0335227354737109,12.2130378679461,-6.05267407638904,-0.646608436567115,5.93101017038401,12.2885010316152,-0.164683526531423,7.13610492095521,-6.5902729540886,-2.81,0.123712357765815,0.0460714776396086,13.6818812295547,19.1012580686703,0.169785209009659,1.11053144299174,173.270004272461,35.7154890379381,79.2245941011168,-173.270004272461,1.11055302619934,13.789999961853,8.26000022888184,16.0729999542236,37.1199989318848,991.382082977657
6.6,-0.0281361552873946,-0.0415681506818499,0.486334677716429,0.185050382784306,0.0858456474320844,-10.2114540890935,-0.161819940871789,0.0144707209511395,0.0306729750395033,-0.0442244857549667,-0.0176266897469759,1.58287465572357,-0.135061502456665,0.0349615029990673,0.0298099890351295,12.2180027117205,-6.08296451785632,-0.678347074611765,5.9589276942504,12.2961783749689,-0.193340239953638,7.1361070618865,-6.59026600213591,-2.81,0.122017966405976,0.0443588902943519,13.6822824478149,19.1031526396276,0.169785209009659,1.11053144299174,173.270004272461,35.7154890379381,79.2245941011168,-173.270004272461,1.11055302619934,13.789999961853,8.26000022888184,16.0729999542236,37.1199989318848,991.379008023586
6.625,-0.0284653135094396,-0.034276146223985,0.48589322741768,0.119316112849276,0.226399127811283,-10.1865777710994,-0.148502937150073,0.0286914424575517,0.0340356296975843,-0.0517996948292479,-0.0170647140096228,1.58447668105157,-0.0978593895672883,0.000712735775668649,0.0387620021061779,12.2184923056846,-6.05846037560899,-0.715531638408361,5.91959492757214,12.3056851080304,-0.192332493151494,7.13610449949055,-6.59019362402118,-2.81,0.122901717144733,0.0438438602728764,13.6822824478149,19.1150807419529,0.169785289850325,1.11053146061501,173.273696899414,35.8280461923481,79.4542422460763,-173.273696899414,1.11132907867432,13.792778968811,8.26000022888184,16.0729999542236,37.1199989318848,991.376470207885
6.65,-0.0294160742610226,-0.0352269069755679,0.485451783447669,0.135846904146845,0.220513152113133,-10.5021965265233,-0.0825563630725275,0.0680851462256848,0.032545131707541,-0.0543815299516078,-0.0148792790311227,1.58534244872578,-0.0402507208985051,0.0414176037550901,0.039046686068964,12.2237095620176,-6.11049987135685,-0.703261023556876,5.96118096656683,12.3158748275306,-0.18817257533192,7.13610116764144,-6.5901105423417,-2.81,0.125171138018692,0.0403432169154839,13.6901654268387,19.1230410586146,0.169785507498272,1.11053150806226,173.28369140625,36.1310846841176,80.0725257132082,-173.28369140625,1.11341857910156,13.8002614974976,8.26000022888184,16.0729999542236,37.1199989318848,991.37484139558
6.675,-0.0270385131771649,-0.0328493458917103,0.485074665028646,0.181947384722895,0.24868642382467,-10.8082626005916,-0.0410687407821323,0.0939050744604503,0.0330316378665954,-0.0545742685678633,-0.0123516074767967,1.58614749029917,-0.03223697112085,0.0977703862290522,0.0321734246362601,12.2229358523473,-6.14116332235447,-0.691333730159738,5.98132169661112,12.319660390085,-0.204325141635176,7.13609783579233,-6.59002746066223,-2.81,0.126735967215764,0.0383767100024604,13.7026715063426,19.1232670851985,0.169785725146219,1.11053155550951,173.293655395508,36.434123174469,80.6908091803401,-173.293655395508,1.11550784111023,13.8077430725098,8.10000038146973,16.0610008239746,37.1199989318848,991.373212583275
6.7,-0.0237048799594341,-0.0333301576253426,0.485,0.299156905276537,0.235917136309497,-11.0235049004309,0.0130839764685109,0.0639269089011299,0.0295642846186729,-0.056499152899639,-0.0104542725398248,1.58693088850146,0.0358110601812666,0.0418547782578646,0.0365321764298164,12.2207039112753,-6.1535323397796,-0.687210334167257,5.98450138905265,12.3217330698064,-0.210854613480252,7.13609450394322,-6.58994437898276,-2.81,0.128293215994169,0.0371021636639689,13.7072353363037,19.1241540301675,0.169785942794166,1.11053160295676,173.303619384766,36.7371616662385,81.309092647472,-173.303619384766,1.11759734153748,13.8152256011963,8.10000038146973,16.0610008239746,37.1199989318848,991.371583770969
6.725,-0.0238645168606564,-0.0331769317092861,0.485,0.281721278277501,0.189710335774825,-10.7755098902057,0.0391884526144035,0.0165307523340428,0.026327698948857,-0.0523009663725686,-0.0108430483460221,1.58765776157636,0.0575290705234913,0.0266986661353734,0.0231783250029638,12.1964434200704,-6.1761354213121,-0.699057968621164,5.99765677824116,12.302668160831,-0.242965387968591,7.13609153753529,-6.58987270037703,-2.81,0.126148931975187,0.0364026532785906,13.7072353363037,19.1000994917029,0.169786081674285,1.11053163323263,173.309997558594,36.9305290840803,81.7036163836298,-173.309997558594,1.11893057823181,13.8199996948242,8.10000038146973,16.0610008239746,37.1199989318848,991.371905184132
6.75,-0.0243347392573942,-0.0365048204732501,0.485,0.140010910229469,0.234247436967031,-10.0999680309199,0.0599596510003608,-0.0253500519750005,0.0212628114295957,-0.051792251474924,-0.0111898504702027,1.58804340288357,0.0506374218883536,0.0028446430330659,0.0187301817393745,12.1893900543005,-6.18526808168513,-0.694254563049653,6.00171128562529,12.2981378809225,-0.236699899291728,7.13608974058191,-6.589837512941,-2.81,0.126109660845163,0.0358850984948514,13.7052518522938,19.0961855449346,0.169786081674285,1.11053163323263,173.309997558594,36.9305290840803,81.7036163836298,-173.309997558594,1.11893057823181,13.8199996948242,8.19999980926514,16.0699996948242,37.1199989318848,991.375665152724
6.775,-0.0243347392573942,-0.0365048204732501,0.485,0.109391969913321,0.133047256140314,-9.74815464305119,0.0963511305352021,-0.0330524471276367,0.0154418285263987,-0.0512835365772794,-0.0115366525943832,1.58842904419078,0.0437457732532158,-0.0210093800692416,0.0142820384757851,12.1910703146656,-6.19836251949918,-0.688109467877652,6.0095075024617,12.3023922890012,-0.228804557243244,7.13608794362852,-6.58980232550498,-2.81,0.126082561217715,0.035143427211173,13.7021517402486,19.1009625609943,0.169786081674285,1.11053163323263,173.309997558594,36.9305290840803,81.7036163836298,-173.309997558594,1.11893057823181,13.8199996948242,8.19999980926514,16.0699996948242,37.1199989318848,991.379425121316
6.8,-0.0262383478437138,-0.0384141681634831,0.485,0.0571605887715082,0.172683170734306,-9.28827862171396,0.0794034665502586,-0.00691487844300386,0.0118861987965845,-0.0478930506246011,-0.0132878179630085,1.58907986284425,0.127500365066241,-0.0347315318392508,0.0126579527465619,12.1937504789206,-6.18802003118054,-0.723298601424958,5.99149707758359,12.3099344738698,-0.264158160257481,7.13608614667514,-6.58976713806896,-2.81,0.122336584128537,0.0360256486241176,13.7010498046875,19.10471449225,0.169786081674285,1.11053163323263,173.309997558594,36.9305290840803,81.7036163836298,-173.309997558594,1.11893057823181,13.8199996948242,8.19999980926514,16.0699996948242,37.1199989318848,991.383185089909
6.825,-0.026860485805604,-0.0431657318260881,0.485,0.0455188978369656,0.119527694987576,-9.19050956956573,0.0600803727473076,0.0142202936077159,0.00433114564700619,-0.0473679825663567,-0.0117035154253244,1.5890097618103,0.00656583765521646,0.0252814143896103,0.00124602508731186,12.1957602766239,-6.22771431291217,-0.685953461483941,6.02998951732525,12.3113555364949,-0.247543358657523,7.13608243754195,-6.5897064372356,-2.81,0.124665357906289,0.0340262033573533,13.7010498046875,19.1060139569119,0.169786081674285,1.11053163323263,173.309997558594,36.9305290840803,81.7036163836298,-173.309997558594,1.11893057823181,13.8199996948242,8.19999980926514,16.0699996948242,37.1191177368164,991.384381002032
6.85,-0.0249605577784916,-0.0422180377953962,0.485,0.0277819220252511,0.245091621639937,-9.33507863688431,0.0541868210196356,0.0384269939365648,-0.000836673891674117,-0.0456420727301179,-0.0113341827689542,1.58908069967975,0.0182856406949974,0.0448405044110095,-0.00170071567637002,12.2049853658096,-6.19078450081021,-0.685357591400319,5.99135154011227,12.3203611342021,-0.263825299819763,7.13607869433462,-6.5896452817655,-2.81,0.124151150409858,0.0361883909815706,13.6999229580659,19.1149613788097,0.169786081674285,1.11053163323263,173.309997558594,36.9305290840803,81.7036163836298,-173.309997558594,1.11893057823181,13.8199996948242,8.19999980926514,16.0699996948242,37.1166229248047,991.380864594158
6.875,-0.0240003509293404,-0.0460360839168001,0.485,0.0691428760110695,0.220359959167807,-9.89233861904685,0.0700087754224924,0.0666546070222549,-0.00469493227749317,-0.0435293116767038,-0.0101236007554745,1.58917661182169,0.07910998924021,0.0578891372746195,-0.00279072482371564,12.2126245711977,-6.21061118337335,-0.639601972720507,6.00699207242738,12.3282180503059,-0.245085326937243,7.13607495112729,-6.58958412629541,-2.81,0.12616147570479,0.0354174603257549,13.6981874497656,19.1242478184133,0.169786081674285,1.11053163323263,173.309997558594,36.9305290840803,81.7036163836298,-173.309997558594,1.11893057823181,13.8199996948242,8.21000003814697,16.0790004730225,37.1141357421875,991.377348186285
6.9,-0.0230444942136675,-0.0479404741381308,0.485,0.217065919796955,0.168652135715123,-9.99557301549916,0.0895693422778583,0.0884041690918142,-0.0088479006025674,-0.0396871192740138,-0.0083432373212755,1.58906148113351,0.0948272672115216,0.101674667173117,-0.00897877476176538,12.2104727090366,-6.23681600994409,-0.578248521057972,6.03074827371744,12.3250060505134,-0.228451714785333,7.13607118661465,-6.58952180266301,-2.81,0.128648465204196,0.0346754348010644,13.6975870132446,19.1218590675504,0.169786081674285,1.11053163323263,173.309997558594,36.9305290840803,81.7036163836298,-173.309997558594,1.11893057823181,13.8199996948242,8.21000003814697,16.0790004730225,37.1116409301758,991.373831778411
6.925,-0.0209759528919209,-0.0519038469074691,0.485,0.0943715759962583,0.169726941065405,-10.1743339000387,0.0519700876708441,0.0712349087684156,-0.0119385206113332,-0.0379790632670375,-0.00733974798421552,1.58889468093617,0.0994109011593114,0.0905426522250846,-0.0122687128396261,12.2103117499077,-6.22946860559635,-0.571761243611884,6.02465013257618,12.3234888273529,-0.245187601439912,7.1360661077482,-6.5893874134876,-2.81,0.128755208511258,0.0353817435044849,13.6975870132446,19.1183261770225,0.169786156445682,1.11053164935102,173.313415527344,37.0334747940424,81.9160232524525,-173.313415527344,1.11890077590942,13.8174352645874,8.21000003814697,16.0790004730225,37.1108551025391,991.371327887238
6.95,-0.0201821952702309,-0.0520709613773772,0.485,0.144630589836776,0.220668861526866,-10.8133897719275,0.0968053465681744,0.0608324166839781,-0.0163137177198618,-0.0367288868583338,-0.00642789874523196,1.58872709266767,0.106982663418113,0.0698620360401738,-0.0145863865928442,12.2137580549058,-6.24161347518815,-0.547464687839783,6.03747887248786,12.3257813558112,-0.239384658774963,7.13606102888174,-6.5892530243122,-2.81,0.129891728632424,0.034986689508562,13.6923066250219,19.120498727495,0.169786374528925,1.11053169636297,173.323394775391,37.333733115356,82.5355432864859,-173.323394775391,1.11881375312805,13.8099527359009,8.21000003814697,16.0790004730225,37.1133499145508,991.370764653077
6.975,-0.0198630526484093,-0.0536545787687218,0.485,0.194556778764675,0.147539374728412,-11.0222622305939,0.0890790314805364,0.0651591020110238,-0.0174030826555112,-0.0373678045203915,-0.00415477514440189,1.58823407607622,0.0683430939515476,0.0663541229119322,-0.017408366607918,12.2118688372591,-6.21576725047504,-0.550402333773199,6.0180852205517,12.3198934121517,-0.267062410161309,7.13605595001528,-6.58911863513679,-2.81,0.130849340766338,0.0363974556267332,13.6842910716766,19.1119629222707,0.169786592612168,1.11053174337493,173.333374023438,37.6339914366696,83.1550633204404,-173.333374023438,1.11872661113739,13.80246925354,8.22999954223633,16.0699996948242,37.1158447265625,991.370201418915
7,-0.017997447376145,-0.0517889734964575,0.485,0.255360878185021,0.182264858365091,-10.911143118324,0.103209667348874,0.0434368084397961,-0.0220500087107396,-0.0338133783708489,-0.00363981084628403,1.58811611157682,0.145294523339923,0.0406609028022261,-0.0137220391030115,12.2101623092015,-6.20297711946694,-0.523068652565685,6.00469712473657,12.3170631477386,-0.268621353899916,7.13605087114882,-6.58898424596138,-2.81,0.131201325603724,0.0376708566409141,13.6815938949585,19.1096100110705,0.169786810695411,1.11053179038689,173.343353271484,37.9342497579832,83.7745833545526,-173.343353271484,1.11863958835602,13.7949876785278,8.22999954223633,16.0699996948242,37.118335723877,991.369638184754
7.025,-0.0185861671534122,-0.0580900872629053,0.485,0.256362944640817,0.172002072641797,-11.1644019885357,0.0868775515170184,0.027872526211012,-0.0279233229086065,-0.0316766883423198,-0.00259303315544554,1.58750119238513,0.143871194829021,0.0135763198163782,-0.0189528991673876,12.2072637729819,-6.22114268772989,-0.510799120933203,6.02940555615641,12.3104689947516,-0.281855769583607,7.13604287890774,-6.58878291433222,-2.81,0.13151343012043,0.037280209664649,13.6815938949585,19.0996827758187,0.169787028778654,1.11053183739884,173.354995727539,38.2345080792968,84.3941033885071,-173.354995727539,1.11884272098541,13.7958202362061,8.22999954223633,16.0699996948242,37.1191711425781,991.36807533681
7.05,-0.0185831178849202,-0.0600057422068057,0.485,0.217210349815167,0.137631228987315,-10.8273050607382,0.0687506057326929,0.0136842265102721,-0.0311480331060767,-0.0295013505520385,-0.00184482598875111,1.58657127225949,0.126154743715167,-0.0149460602199102,-0.0238797777611765,12.2073864713167,-6.21683413767853,-0.518782985254512,6.03608419206943,12.3047299717602,-0.312657783524009,7.13603431302109,-6.58856840168534,-2.81,0.130645392687627,0.0381876743398195,13.6742189117395,19.0893512682546,0.169787246861897,1.1105318844108,173.36994934082,38.5347664020285,85.0136234226193,-173.36994934082,1.11962616443634,13.8132772445679,8.22999954223633,16.0699996948242,37.1166725158691,991.364513261301
7.075,-0.0185801139593761,-0.0618929111571944,0.485,0.271613356651741,0.257984753956002,-10.2492962687724,0.113872233430021,-0.0148794936995331,-0.0375441481498566,-0.0250847179969957,-0.00211499111662149,1.58551037927718,0.111854835506175,-0.0147426021046166,-0.03448624028917,12.2035353572374,-6.20296550245182,-0.527901225029581,6.03401403172589,12.2944076217313,-0.346340640106641,7.13602574713443,-6.58835388903846,-2.81,0.128563270968532,0.0400119147901329,13.6631825893339,19.0746619769551,0.16978746494514,1.11053193142275,173.384918212891,38.835024721924,85.6331434565739,-173.384918212891,1.12040972709656,13.8307361602783,8.44999980926514,16.0240001678467,37.1141815185547,991.360951185793
7.1,-0.0185710757728694,-0.0675710095961331,0.485,0.166800792426086,0.0656401487355737,-9.84414653960461,0.0811877851227481,-0.0332212698075857,-0.0386512532130594,-0.0231099277734756,-0.0024134274572134,1.5852290391922,0.111777983605862,-0.00542947137728333,-0.0396065227687359,12.212605286618,-6.16897406728264,-0.538884488634237,6.00286747600395,12.301441736096,-0.36671337662456,7.13601718124778,-6.58813937639158,-2.81,0.127122650803984,0.0421903326163715,13.6595735549927,19.0806171908486,0.169787683028383,1.11053197843471,173.399887084961,39.1352830446557,86.2526634906072,-173.399887084961,1.12119317054749,13.8481941223145,8.44999980926514,16.0240001678467,37.111686706543,991.357389110284
7.125,-0.0190363085400278,-0.0696747664364062,0.485,0.167806879795743,0.121937208379918,-9.65376883145087,0.0717134013795267,-0.0467991048586286,-0.0420458497412358,-0.0198161229491234,-0.00466687045991421,1.58368563652039,0.0945009663701057,-0.0340630710124969,-0.0431898236274719,12.2109589452926,-6.16519775464629,-0.539941339432482,6.01676337708212,12.2913459612678,-0.360681704793927,7.13601224421799,-6.58805293137704,-2.81,0.125140365547836,0.0434768160868354,13.6595735549927,19.0704897861963,0.169787830494195,1.11053201022375,173.410003662109,39.3383148612496,86.6715770374936,-173.410003662109,1.12172305583954,13.8599996566772,8.44999980926514,16.0240001678467,37.1100006103516,991.356498663896
7.15,-0.0204686585114393,-0.0720660804354221,0.485,0.112004662709626,0.0103028641096511,-9.31390113038131,0.0245197477055046,-0.047947679677357,-0.0448054758931021,-0.0198628226272037,-0.00572520110025835,1.58297627278783,0.0784246790619264,-0.0493806320695808,-0.0432770763359841,12.2192099477112,-6.13766274523188,-0.548845981402479,5.99804400792504,12.2954194415471,-0.356870378671673,7.136007872285,-6.58798642944961,-2.81,0.124291303079797,0.0451574800534381,13.6617140985158,19.0760536795329,0.169787830494195,1.11053201022375,173.410003662109,39.3383148612496,86.6715770374936,-173.410003662109,1.12172305583954,13.8599996566772,8.44999980926514,16.0240001678467,37.1100006103516,991.361187207727
7.175,-0.0223652379586776,-0.0720630615305981,0.485,0.0746391003121962,0.0582196780516884,-9.48880288951951,-0.0163223016666746,-0.049135975252894,-0.0475673973764087,-0.0215740323336454,-0.00674591411971198,1.58126596022224,-0.0236148691176582,-0.05109570527993,-0.0471973101735618,12.2194502476509,-6.11544033920491,-0.560151715564136,5.99780710736813,12.2855271107721,-0.345656411669989,7.136003500352,-6.58791992752218,-2.81,0.124046417688543,0.0466880521757513,13.6648725228751,19.0676554263403,0.169787830494195,1.11053201022375,173.410003662109,39.3383148612496,86.6715770374936,-173.410003662109,1.12172305583954,13.8599996566772,8.27999973297119,16.056999206543,37.1100006103516,991.365875751559
7.2,-0.0223849354423193,-0.0663710828742408,0.485,0.091240126308389,0.0111668057207366,-9.56346306394876,-0.0453835401038769,-0.0355066664950246,-0.0470534013797122,-0.0222592253907632,-0.00846991261046682,1.58015669037596,0.00658173752121326,-0.0610241221621401,-0.0440247606984076,12.2298707018538,-6.04728264634431,-0.592376894680587,5.94419736715378,12.2894855038346,-0.354032322750786,7.13599912841901,-6.58785342559475,-2.81,0.121982524073533,0.0505466423551359,13.6658754348755,19.0737016262286,0.169787830494195,1.11053201022375,173.410003662109,39.3383148612496,86.6715770374936,-173.410003662109,1.12172305583954,13.8599996566772,8.27999973297119,16.056999206543,37.1100006103516,991.37056429539
7.225,-0.023818762152117,-0.0677850858745268,0.485,0.075541829158378,0.0805254830301186,-9.38176672192088,-0.0960811303384523,-0.0407438985445129,-0.0436946134614711,-0.0240313843894955,-0.00839336382555699,1.57898657529714,-0.138939563636907,-0.0125340196543708,-0.0479756859834617,12.2316563547609,-6.05937663985513,-0.593725887702891,5.97148363790006,12.2843046990341,-0.345273946156405,7.13599402718323,-6.58777280964986,-2.81,0.122642941231482,0.0500629965680233,13.6658754348755,19.0679382330922,0.16978789917145,1.11053202499894,173.416275024414,39.4326817626391,86.8666719692227,-173.416275024414,1.12134003639221,13.854513168335,8.27999973297119,16.056999206543,37.1100006103516,991.372267480701
7.25,-0.0223824968592527,-0.0663488205816625,0.485,0.118165295239317,0.154993821289742,-9.37379077117615,-0.0912121751452427,-0.0497381059552794,-0.0436027089952563,-0.0253146656401439,-0.00950628674638216,1.57831409331783,-0.128540959592055,-0.0193432182277069,-0.0465394352157408,12.2321951001418,-6.04156722011858,-0.602113398873757,5.96271522623944,12.2810835423807,-0.332695272112234,7.13598577424195,-6.58763119952337,-2.81,0.122304629106731,0.0510479508445188,13.6685675147593,19.0667773497509,0.169788117689989,1.11053207201089,173.436233520508,39.7329400839527,87.4874285701576,-173.436233520508,1.12012124061584,13.8370552062988,8.27999973297119,16.056999206543,37.1100006103516,991.36745715651
7.275,-0.0242821704464839,-0.0644491469944314,0.485,0.0462606554715195,0.0767865821038263,-9.12117357071605,-0.0956452479342975,-0.0526730314856508,-0.0421556734701679,-0.0265979468907923,-0.0106192096672073,1.57764161133852,-0.118142355547203,-0.026152416801043,-0.0451031844480199,12.2339098832281,-6.02133065855704,-0.613280863181219,5.95159742837663,12.2790574842418,-0.322990242879309,7.13597752130066,-6.58748958939688,-2.81,0.121814641546634,0.0521580902312898,13.6724849551421,19.0665826046083,0.169788336208528,1.11053211902285,173.456176757812,40.0331984052663,88.1081851711712,-173.456176757812,1.11890244483948,13.8195953369141,8.19999980926514,16.0799999237061,37.1100006103516,991.362646832319
7.3,-0.0262028761205344,-0.0587286914567007,0.485,0.0602255530568794,0.14179134209795,-8.92751681404745,-0.0887122789967746,-0.0532561239995899,-0.0429055881929867,-0.0303461789532977,-0.0131422058497666,1.576092015963,-0.083886845993553,-0.0393599672200425,-0.0432862770106308,12.2472451574776,-5.98788146591942,-0.649319136743651,5.93985749208371,12.2839569398884,-0.306347207113976,7.13596926835938,-6.58734797927038,-2.81,0.120395216147474,0.0538801391109114,13.6736917495728,19.0742001153531,0.169788554727067,1.11053216603481,173.476135253906,40.333456727998,88.7289417721061,-173.476135253906,1.11768352985382,13.8021373748779,8.19999980926514,16.0799999237061,37.1100006103516,991.357836508128
7.325,-0.0263586900642912,-0.0595483692333304,0.485,0.0602340339006012,0.0273291793674396,-8.85808477157395,-0.0779033454922983,-0.059477217649121,-0.0412605453401332,-0.0351562227419421,-0.0140684617832929,1.5749078728289,-0.0982790562396575,-0.0689600050278333,-0.04075839061742,12.2502231335295,-5.9872366711859,-0.643196807243295,5.95570676800829,12.279684104244,-0.259975199547615,7.13595633466574,-6.58710177448672,-2.81,0.122190398986638,0.0535880325508033,13.6736917495728,19.0748846632526,0.16978870664948,1.11053219871931,173.490005493164,40.5422077512524,89.160515409002,-173.490005493164,1.11683619022369,13.789999961853,8.19999980926514,16.0799999237061,37.1100006103516,991.354867966894
7.35,-0.0268460984050106,-0.0542783760240125,0.487996052098408,0.0878286115699726,-0.00618687247519406,-8.75044703752365,-0.107649682416907,-0.0697117150665438,-0.0368506148584847,-0.0343575040903625,-0.0160415952374474,1.57458400835373,-0.0589417433536675,-0.0726463374395009,-0.0386705167161911,12.2505425147197,-5.95656477300372,-0.665338060393228,5.92943839055227,12.2788973242987,-0.263763921956614,7.13594318905093,-6.5868508341777,-2.81,0.12004654460409,0.0554576885369558,13.677620735984,19.0749947725546,0.16978870664948,1.11053219871931,173.490005493164,40.5422077512524,89.160515409002,-173.490005493164,1.11683619022369,13.789999961853,8.19999980926514,16.0799999237061,37.1100006103516,991.356100993032
7.375,-0.0287470681747629,-0.0561793457937648,0.492041456078906,0.0688411016344071,0.0133358103781477,-8.59341999020207,-0.106916121929726,-0.0720032469470503,-0.0330453025501908,-0.0371070659187939,-0.0185698335347177,1.57368972544008,-0.0474926448697047,-0.0859668231750253,-0.0322048919486316,12.2518430805504,-5.94423618050074,-0.67087379679476,5.92954023955033,12.2752924605493,-0.222310248897551,7.13593004343612,-6.58659989386869,-2.81,0.119893731629625,0.0560152213395704,13.6832603015129,19.0767528105947,0.16978870664948,1.11053219871931,173.490005493164,40.5422077512524,89.160515409002,-173.490005493164,1.11683619022369,13.789999961853,8.38000011444092,16.0480003356934,37.1100006103516,991.357334019169
7.4,-0.0312582019003826,-0.0512083047287005,0.492215347768459,0.0506639760536943,-0.133978492358425,-8.58865496253955,-0.144402252965685,-0.0544167970368626,-0.0248279599770722,-0.0419085808931191,-0.0192029666990582,1.57273271850497,-0.171276487365154,-0.0391651906965927,-0.027092435383032,12.2609225144767,-5.95039934984034,-0.686463926607955,5.95017000437307,12.2785895834122,-0.201049278281621,7.13591986721691,-6.58641568708342,-2.81,0.120611593354086,0.0552704107660616,13.684944152832,19.0814320862302,0.16978870664948,1.11053219871931,173.490005493164,40.5422077512524,89.160515409002,-173.490005493164,1.11683619022369,13.789999961853,8.38000011444092,16.0480003356934,37.1100006103516,991.358567045307
7.425,-0.0303513777376972,-0.0434949011040919,0.491406030672548,0.0626582417947726,0.00849359963206062,-8.81170692918281,-0.159741083800259,-0.0279090956385814,-0.0174048808142443,-0.0470270134526346,-0.020585283075279,1.57240255960966,-0.133263774576005,-0.0485355528039254,-0.0124415930942747,12.2799196952812,-5.92243166764395,-0.706074284773375,5.92933434409326,12.2956445710662,-0.174023831843859,7.13591158122314,-6.58627396079651,-2.81,0.120857159581953,0.0560058051248108,13.684944152832,19.1031684919583,0.169788771035961,1.11053221259903,173.491485595703,40.6308554459814,89.343421323872,-173.491485595703,1.11651492118835,13.7892627716064,8.38000011444092,16.0480003356934,37.1100006103516,991.359800071445
7.45,-0.0303639465364233,-0.0393530205288483,0.490596713561576,0.064641259746055,-0.033924064427723,-9.13366754720362,-0.159884234263355,-0.00906964583622344,-0.00981995537044946,-0.048509947153823,-0.0209484816290815,1.57227464825647,-0.156474026933201,0.0133799662455934,-0.0112263497265226,12.2769917467895,-5.93736947848352,-0.704179136300013,5.94636645784056,12.291804351374,-0.158185547306567,7.13590329522937,-6.58613223450961,-2.81,0.121391952311236,0.0550465306083877,13.688222520425,19.1003562144705,0.169788989119204,1.11053225961099,173.496459960938,40.931113767295,89.9629413578265,-173.496459960938,1.11542665958405,13.7867698669434,8.38000011444092,16.0480003356934,37.1100006103516,991.361033097582
7.475,-0.0294100104636024,-0.039036392278934,0.489787396466555,0.0942899163117064,-0.00234855875828241,-9.37270132745776,-0.172381016158974,-0.00065321906182287,-0.00296900994007115,-0.052529140686182,-0.0213009125070141,1.57231534029679,-0.147629283750025,0.0146601431154324,-0.00323568509105451,12.2839512911627,-5.93837804339067,-0.712105425379737,5.9489010458414,12.2987206745601,-0.137598556212218,7.13589500923561,-6.58599050822271,-2.81,0.12226563451961,0.0543208114071995,13.6928650409762,19.1097619190563,0.169789207202447,1.11053230662294,173.501449584961,41.2313720886086,90.5824613919387,-173.501449584961,1.11433839797974,13.7842750549316,8.69999980926514,16.0189990997314,37.1100006103516,991.36226612372
7.5,-0.0300509406318463,-0.0321064787913882,0.489150885156907,0.1271801442867,0.0484791951043372,-9.57996710146083,-0.154711690171196,0.00424618471749841,0.00445677337664894,-0.0569232282702095,-0.0207396183129831,1.57245779077347,-0.155587158589847,0.0231986837769192,0.00294745337947323,12.2857585520165,-5.94859104230119,-0.714313211034274,5.95916611978411,12.3008054310958,-0.119861810390616,7.13588672324184,-6.5858487819358,-2.81,0.12392590989753,0.0530110584787196,13.6942071914673,19.1135350529519,0.16978942528569,1.1105323536349,173.506439208984,41.5316304099222,91.201981425972,-173.506439208984,1.11325013637543,13.7817811965942,8.69999980926514,16.0189990997314,37.1100006103516,991.363499149857
7.525,-0.0300560416427671,-0.032051325256526,0.489,0.134272533182441,0.0325503237421192,-9.77487746933329,-0.139557341282872,0.0175108447375149,0.00923848971719035,-0.0615393195296817,-0.0196372370480337,1.57266050026675,-0.1734951591828,0.0360354613197075,0.00806021623242632,12.2878728559048,-5.95938386787578,-0.719012890531439,5.96939715203535,12.3035481749248,-0.109794776327103,7.13587874607578,-6.58572051185769,-2.81,0.125721934820264,0.0515953993908797,13.6942071914673,19.1169102911701,0.169789581059435,1.11053238721487,173.509994506836,41.7461006384189,91.6444957359733,-173.509994506836,1.11247289180756,13.7799997329712,8.69999980926514,16.0189990997314,37.1092910766602,991.362453143557
7.55,-0.0291168833727014,-0.0260442595757917,0.489,0.198304192569449,0.0621789130883269,-9.99946035535431,-0.125265900311492,0.0346936353859885,0.0137456126803667,-0.0652915040326299,-0.0190945129797456,1.57303175791036,-0.144176051806029,0.0359810297712806,0.0151351488445214,12.2903103633465,-5.96455323471599,-0.736858313826293,5.97242190019485,12.3080603713483,-0.111403918764441,7.13587083041561,-6.58559492170762,-2.81,0.126300918955641,0.0505592616344354,13.7127000101955,19.1208327369838,0.169789581059435,1.11053238721487,173.509994506836,41.7461006384189,91.6444957359733,-173.509994506836,1.11247289180756,13.7799997329712,9.01000022888184,16.0359992980957,37.1067924499512,991.355709556163
7.575,-0.029105342338392,-0.0199894989821642,0.489,0.286410913223034,0.116245488360124,-10.0597360579828,-0.106543456739297,0.0341058334044941,0.0182363927033478,-0.0669972011191178,-0.01846414485508,1.57360403808348,-0.10715974851328,0.041666527704736,0.0184790355864886,12.2853085642984,-5.99165227580422,-0.754051962583786,5.9941621056484,12.3065777183898,-0.124351875296582,7.13586291475544,-6.58546933155755,-2.81,0.126240170867125,0.0486588207034091,13.7385409688157,19.116109131428,0.169789581059435,1.11053238721487,173.509994506836,41.7461006384189,91.6444957359733,-173.509994506836,1.11247289180756,13.7799997329712,9.01000022888184,16.0359992980957,37.1042976379395,991.348965968769
7.6,-0.0275418989217106,-0.0168195284103743,0.489,0.264523714852136,0.115042273518594,-10.2617951498604,-0.0835449957314827,0.0203834155260668,0.0206212893116908,-0.0710320404415531,-0.0177562502533861,1.57412519249683,-0.0690887677772115,0.00237604855299892,0.0259903712296739,12.2877553527697,-5.99795619491114,-0.766981531131257,5.99631424869501,12.3118728572209,-0.121132048661845,7.13585499909527,-6.58534374140747,-2.81,0.127218660589168,0.0474473390198562,13.7457666397095,19.1215417567997,0.169789581059435,1.11053238721487,173.509994506836,41.7461006384189,91.6444957359733,-173.509994506836,1.11247289180756,13.7799997329712,9.01000022888184,16.0359992980957,37.101806640625,991.342222381374
7.625,-0.0281750420732516,-0.0171381394280116,0.489,0.292799441812653,0.203929745814486,-10.3891219220719,-0.0409692135067296,0.0177943054126593,0.021063007651143,-0.0690996646881104,-0.0182280503213406,1.57480430603027,-0.0190808568149805,0.0270426943898201,0.0206758007407188,12.2866020989945,-6.03623280743395,-0.773363143839546,6.02591352071581,12.3152775600395,-0.130740417808135,7.13584706588826,-6.58521630441606,-2.81,0.125978798587067,0.0455419175628151,13.7457666397095,19.1216906340362,0.169789640931276,1.11053240031935,173.512054443359,41.8297969837513,91.8145766851364,-173.512054443359,1.11260509490967,13.7793111801147,9.01000022888184,16.0359992980957,37.0999984741211,991.33872873483
7.65,-0.0281765648136681,-0.0161815017245432,0.489,0.247370018188611,0.208800647316849,-10.3552149221821,0.0116122906281944,0.0243282293155163,0.0192335056720013,-0.0692126876805335,-0.017564707921003,1.57501976428689,-0.00997618366411098,0.0275369858492563,0.01941007886598,12.292696524844,-6.06247664249532,-0.763320119370717,6.04876180300074,12.3224675116405,-0.126267860014733,7.13583875309464,-6.58504891514003,-2.81,0.126725935757139,0.0440441390558007,13.7478953631077,19.1279463592826,0.169789857708631,1.1105324477666,173.519546508789,42.1328354741026,92.4303870183866,-173.519546508789,1.11308395862579,13.7768173217773,9.0600004196167,16.003999710083,37.0999984741211,991.343752174649
7.675,-0.0281765648136681,-0.0161815017245432,0.489,0.250991339743918,0.192392450626869,-10.2506574343261,0.0620264457844605,0.0276136486927142,0.0186555316057356,-0.0694810198530418,-0.0159898415722773,1.57553129190479,0.0116395661419551,0.0287105019482309,0.0164050805629045,12.2936623732048,-6.07512352933936,-0.75096298703494,6.05430524883548,12.326130415513,-0.130777615323832,7.13583044030103,-6.584881525864,-2.81,0.127990315700034,0.0431170375721926,13.7508310535458,19.1304548292305,0.169790074485986,1.11053249521385,173.52702331543,42.4358739658721,93.0461973516367,-173.52702331543,1.11356282234192,13.7743234634399,9.0600004196167,16.003999710083,37.0999984741211,991.348775614469
7.7,-0.0256399112344765,-0.0161855394756316,0.489,0.250255621625934,0.227717030381051,-10.1441848854347,0.0894412461826391,0.0256143399565467,0.014061685002751,-0.066990419918032,-0.0163223572181545,1.57628316632124,0.132776381448712,-0.00247247340055797,0.0195080567605494,12.2988193635641,-6.08167036199334,-0.762431565957174,6.05147037983104,12.3363415853564,-0.152828510854711,7.13582212750742,-6.58471413658797,-2.81,0.126292151053655,0.0429211738205294,13.7516241073608,19.1374692336353,0.169790291263342,1.1105325426611,173.53450012207,42.7389124576416,93.6620076849657,-173.53450012207,1.11404156684875,13.7718286514282,9.0600004196167,16.003999710083,37.0999984741211,991.353799054289
7.725,-0.0264495523948514,-0.0217119356493062,0.489,0.192711465105325,0.187581467621806,-10.3166824786105,0.117229931210661,0.0371919178313154,0.00680328111247175,-0.0626139569639932,-0.0149358255844769,1.57630625954032,0.096045618638879,0.0564378616485238,0.00143549792333481,12.2912256563817,-6.12909390709542,-0.732249478498159,6.09506427598185,12.3288120927481,-0.163686927416007,7.1358138147138,-6.58454674731194,-2.81,0.126842352461997,0.0411494125222508,13.7516241073608,19.1259320058756,0.169790450233402,1.11053257745576,173.539993286133,42.9611406845611,94.1136019293333,-173.539993286133,1.11439275741577,13.7700004577637,8.85000038146973,16.048999786377,37.0999984741211,991.357482910156
7.75,-0.0249908767655926,-0.023170611278565,0.489,0.248535369091781,0.111720802644156,-10.4551301714892,0.105284109024639,0.0618765721512835,0.00228438795998897,-0.0604707779124733,-0.0142515704933253,1.57638921605542,0.109579734373283,0.066186222250854,0.000110103831880797,12.3075862846543,-6.12307301548175,-0.728095109424882,6.08693058002315,12.345656554874,-0.181290205400376,7.13580293517995,-6.58432970499156,-2.81,0.126424301458243,0.0417417088288781,13.7576352003918,19.1403925821895,0.169790450233402,1.11053257745576,173.539993286133,42.9611406845611,94.1136019293333,-173.539993286133,1.11439275741577,13.7700004577637,8.85000038146973,16.048999786377,37.0999984741211,991.357482910156
7.775,-0.0235575769003196,-0.0274523458291794,0.489,0.302217257449382,0.241676912932734,-10.6061794265628,0.124583103735881,0.0648283266854327,-0.00458725610749334,-0.0583275988609533,-0.0135673154021738,1.57647217257053,0.123113850107686,0.0759345828531841,-0.00121529025957322,12.3191018757092,-6.12503978441102,-0.714499568643354,6.08623402474639,12.3575443940239,-0.18906338635256,7.13579191068056,-6.58410985834376,-2.81,0.126527632403788,0.0419237421068708,13.7658180431629,19.150904581897,0.169790450233402,1.11053257745576,173.539993286133,42.9611406845611,94.1136019293333,-173.539993286133,1.11439275741577,13.7700004577637,8.85000038146973,16.048999786377,37.0999984741211,991.357482910156
7.8,-0.023077038417779,-0.0288878711323244,0.489,0.3051600486066,0.0940380333100893,-10.5980505099919,0.131719278002838,0.0572715469399977,-0.00777717869113776,-0.0544335304321516,-0.0117164969119893,1.57629117595344,0.179754616000258,0.0344428063829786,-0.00486130789119989,12.317927422178,-6.14970460613413,-0.687185502686746,6.1101874350645,12.3549620849235,-0.207239051192562,7.13578090983424,-6.58389050510829,-2.81,0.127237389580457,0.0413098482271106,13.7679510116577,19.1443554072494,0.169790450233402,1.11053257745576,173.539993286133,42.9611406845611,94.1136019293333,-173.539993286133,1.11439275741577,13.7700004577637,8.85000038146973,16.048999786377,37.0999984741211,991.357482910156
7.825,-0.02243795927509,-0.0339681892631194,0.489,0.296359006404783,0.138548041189286,-10.4150606690689,0.125479003036215,0.0446330075315211,-0.0135724140860189,-0.0535827301388401,-0.0110489462067333,1.57614980821222,0.162571408828738,0.0352135440368331,-0.00770171401095587,12.3177568455167,-6.17186779579866,-0.655802263990381,6.13208618272483,12.3535931121207,-0.18819848922038,7.1357722380225,-6.58371973646591,-2.81,0.128812814493893,0.04032576379379,13.7679510116577,19.1442692935711,0.169790506535817,1.11053258965648,173.540618896484,43.0390648689289,94.2735430296206,-173.540618896484,1.11429190635681,13.7789783477783,8.85000038146973,16.048999786377,37.0999984741211,991.356880097378
7.85,-0.0205292964856413,-0.0339712274017595,0.489,0.270107460232337,0.104880905520765,-10.3570459182757,0.1333470206644,0.0402662238874001,-0.0188940415870228,-0.0492125187987073,-0.00897600875006031,1.57544318908857,0.0833114364804823,0.0570912346613906,-0.0205759644333779,12.3242341724709,-6.15804488208596,-0.65351661913837,6.12538975889504,12.3554745590151,-0.239159784099805,7.13576356621076,-6.58354896782353,-2.81,0.128113955235223,0.0419751102982023,13.7737839578733,19.1394014221016,0.169790725489652,1.11053263710373,173.54313659668,43.3421033592802,94.8955361975357,-173.54313659668,1.11390018463135,13.8138961791992,8.85000038146973,16.048999786377,37.0999984741211,991.354535825462
7.875,-0.0200453586093961,-0.0392036969934356,0.489,0.254390517770786,0.092983012080465,-10.1259641380271,0.107445641697214,0.0348562526887121,-0.0221252459663241,-0.0456791929900646,-0.00850212760269642,1.57511734962463,0.0954085439443588,0.0570947751402855,-0.0253417231142521,12.3338035700804,-6.13618725937786,-0.634750157840535,6.10540826412328,12.3628635090487,-0.249014327630944,7.13575489439902,-6.58337819918114,-2.81,0.12794126533885,0.0437769856820589,13.7816231403668,19.1462878036257,0.169790944443487,1.11053268455098,173.545623779297,43.6451418510497,95.5175293654508,-173.545623779297,1.11350846290588,13.8488121032715,8.89000034332275,16.0459995269775,37.0999984741211,991.352191553546
7.9,-0.0205174921777832,-0.0403220675528611,0.489,0.248046289394874,0.0380772832560101,-10.000946190862,0.0908950348753837,0.0272259471307582,-0.0259491699054683,-0.0450948141924603,-0.00814627448042008,1.57453499612968,0.111420957065946,0.0134972956142282,-0.020344662350708,12.332515916607,-6.13323850727408,-0.62315050443301,6.10893567988839,12.3578511716032,-0.245559058357308,7.13574622258729,-6.58320743053876,-2.81,0.12850856664596,0.0442313006464594,13.7835922241211,19.1414314564911,0.169791163397321,1.11053273199824,173.548126220703,43.9481803414011,96.139522533366,-173.548126220703,1.11311674118042,13.8837289810181,8.89000034332275,16.0459995269775,37.0999984741211,991.34984728163
7.925,-0.0206720571429441,-0.0449266749452082,0.488543100883296,0.29075415278968,0.0563900352899395,-9.97948334580703,0.0698899859868705,0.0323419117477087,-0.0284234954296694,-0.0428259293999414,-0.00670596600122277,1.57349828898636,0.0386008068840347,0.0228138590728762,-0.0263548910404657,12.341369626071,-6.14890229176394,-0.604977485996417,6.1357914043218,12.3600037682193,-0.258402963967679,7.13573244196387,-6.58288110617996,-2.81,0.129161024178888,0.044114661273337,13.7835922241211,19.1400997091915,0.169791328134016,1.11053276769664,173.550003051758,44.1761807307033,96.6074983453788,-173.550003051758,1.11282193660736,13.9099998474121,8.89000034332275,16.0459995269775,37.0999984741211,991.347212766525
7.95,-0.0195600412724244,-0.0438052859838613,0.487743655873313,0.212463057538279,-0.0229464254725609,-10.0480216040093,0.0488546063921251,0.0435009889238281,-0.0292123937245696,-0.0404862797951756,-0.00720708093959114,1.57335414662542,0.0940152254001034,0.0191594541509653,-0.0255418829306621,12.3481793455862,-6.11661342794734,-0.607557896075712,6.10458189995237,12.3661043502732,-0.27048585863127,7.13571860939704,-6.58255320022169,-2.81,0.127962949581736,0.0462198787702438,13.7897922987043,19.1458611181034,0.169791328134016,1.11053276769664,173.550003051758,44.1761807307033,96.6074983453788,-173.550003051758,1.11282193660736,13.9099998474121,8.89000034332275,16.0459995269775,37.0999984741211,991.343696358651
7.975,-0.0198751802432496,-0.0460356081619894,0.486934336836784,0.257944971570151,0.0495004434851763,-9.97804430982536,0.0295307984684789,0.0363521620627365,-0.0271084996332058,-0.0399845546938283,-0.00592308803056989,1.57251012733009,0.075930751035705,0.0135095852524081,-0.0231478975081323,12.3479115192602,-6.12099793707487,-0.591073998499006,6.11855910135688,12.3602479665463,-0.272777993149954,7.13570477683022,-6.58222529426343,-2.81,0.129157694470274,0.0463603271482167,13.7980200706355,19.1386878879841,0.169791328134016,1.11053276769664,173.550003051758,44.1761807307033,96.6074983453788,-173.550003051758,1.11282193660736,13.9099998474121,8.97999954223633,16.0160007476807,37.0999984741211,991.340179950777
8,-0.0186105116220008,-0.0447709395407406,0.486125021668432,0.301975992390062,-0.0172187766720983,-10.1365450008083,0.0235721030773935,0.0263344374137786,-0.0259629408137492,-0.0386903122996134,-0.00488501243836755,1.57186732884992,0.0368647762724525,0.0290858903249992,-0.0244054428758708,12.3494678510878,-6.11874062496052,-0.572740155306031,6.1230840485247,12.3575249959211,-0.275303534270396,7.13569111545428,-6.58190237739831,-2.81,0.130045573262976,0.0469004659452948,13.8000087738037,19.1350978172211,0.169791328134016,1.11053276769664,173.550003051758,44.1761807307033,96.6074983453788,-173.550003051758,1.11282193660736,13.9099998474121,8.97999954223633,16.0160007476807,37.0999984741211,991.336663542904
8.025,-0.0173355036663275,-0.0460520319415829,0.485315700678442,0.272690854144925,0.0586456136151896,-9.86715509845038,0.0154663765170077,0.0206732797727587,-0.0222657619113547,-0.0399442013899101,-0.0038038589488367,1.57107239017423,-0.00579225193283545,0.00733971502107392,-0.0197410085743665,12.3638340530569,-6.10907527130762,-0.562031643722501,6.12323247628574,12.3666436782636,-0.270593619290517,7.13568348560521,-6.58175524004197,-2.81,0.131401014596435,0.0474404796481674,13.8000087738037,19.144593580954,0.169791380265882,1.11053277920089,173.551788330078,44.2496566429089,96.7555919568173,-173.551788330078,1.1124073266983,13.9105930328369,8.97999954223633,16.0160007476807,37.0999984741211,991.334448300178
8.05,-0.017341587171759,-0.0422301653902366,0.485,0.265964785788058,0.0626951549442109,-9.73340412593865,0.00485895007365431,0.00638545951824365,-0.0194056906801002,-0.0394950889280015,-0.00356058054092224,1.57074295863072,-0.0212664015261242,0.00824996087307787,-0.0196110170956999,12.3565969939875,-6.09736585267984,-0.571558922317016,6.11583834705803,12.3573685639657,-0.286361138937472,7.13567585575615,-6.58160810268564,-2.81,0.130902727061322,0.0482622006851623,13.8004106807029,19.1335741257398,0.169791599219716,1.11053282751874,173.559265136719,44.5582554727539,97.3775851247324,-173.559265136719,1.11066615581512,13.9130878448486,8.97999954223633,16.0160007476807,37.0999984741211,991.336396785926
8.075,-0.017341587171759,-0.0422301653902366,0.485,0.176261500465967,0.0236486646598753,-10.0109730389489,0.00774768102591096,0.0228630618902752,-0.0161207015170636,-0.0390459764660929,-0.00331730213300778,1.57041352708721,-0.0367405511194129,0.00916020672508182,-0.0194810256170333,12.3569450610918,-6.08899860455607,-0.580019568259621,6.11172945798858,12.3556725476354,-0.300893463959831,7.13566822590709,-6.5814609653293,-2.81,0.130407359474154,0.0488906806980758,13.8009374034093,19.1300572894463,0.169791818173551,1.11053287583658,173.566741943359,44.8668543025989,97.9995782926475,-173.566741943359,1.10892498493195,13.915581703186,9.13000011444092,16.0030002593994,37.0999984741211,991.338345271675
8.1,-0.0179706993387011,-0.0453999525759399,0.485,0.233309918940918,0.123664742835188,-10.3375044108969,0.00656463555560154,0.0520285088645048,-0.0130612963221506,-0.0373591570217391,-0.00204137811298748,1.57001478719983,-0.0278652941840934,0.0655856742547817,-0.0165296624659316,12.3687431786724,-6.10788525689419,-0.546348673271391,6.13369500111562,12.3645762792851,-0.292585151969737,7.13566062455148,-6.5813128321845,-2.81,0.13194431762618,0.0482708796784812,13.8010597229004,19.1386526916535,0.169792037127386,1.11053292415443,173.574234008789,45.175453132444,98.6215714604838,-173.574234008789,1.10718381404877,13.9180765151978,9.13000011444092,16.0030002593994,37.0999984741211,991.340293757423
8.125,-0.0149481292950766,-0.0443250443176996,0.485,0.320149277246916,0.0800003953375648,-10.4717566465131,0.0173359864720066,0.0530671567788641,-0.0138152931259371,-0.0383123292613893,-0.00125616966627252,1.56976094645034,0.0393812461946496,0.0306267027682702,-0.00897106829703872,12.3804993072883,-6.08074055476409,-0.538400223625176,6.10971630283152,12.3745535438197,-0.289542540866072,7.13565378398636,-6.58113811095653,-2.81,0.132922525554309,0.0495851115509133,13.8010597229004,19.1500260999691,0.16979220603463,1.11053296142819,173.580001831055,45.4135150877063,99.1013947615032,-173.580001831055,1.10584056377411,13.9200000762939,9.13000011444092,16.0030002593994,37.0994300842285,991.341417616167
8.15,-0.0154358338871725,-0.0428681115061744,0.485,0.341906679565074,0.0470284141979081,-10.593975248228,0.00631172198583647,0.0139273782693037,-0.0158164265572912,-0.0384037047400736,-0.000727522294228235,1.56930260800732,-0.0146852467602615,0.003671004056467,-0.0134225304005043,12.3659074519586,-6.08871022109301,-0.539123861297799,6.12338478436365,12.3569932147197,-0.295958238039754,7.13564694342125,-6.58096338972855,-2.81,0.133240050442416,0.0493531024443879,13.7980474848079,19.1308985939371,0.16979220603463,1.11053296142819,173.580001831055,45.4135150877063,99.1013947615032,-173.580001831055,1.10584056377411,13.9200000762939,9.13000011444092,16.0030002593994,37.0969352722168,991.339758358772
8.175,-0.0154373486930684,-0.0419164585406775,0.485,0.276605151820054,0.0944514728857367,-10.3582539072853,-0.00967706581349813,-0.0219800920216509,-0.0153617288320615,-0.03698471912044,-0.00169488769527281,1.56907302145206,0.00279617476584956,-0.0293213428505401,-0.0153061773668617,12.3621100665564,-6.07315863683077,-0.567701734426708,6.11129257633816,12.3521599578274,-0.321797774506666,7.13564010285613,-6.58078866850057,-2.81,0.13093241380245,0.0505063381298687,13.7941482072771,19.1232053238261,0.16979220603463,1.11053296142819,173.580001831055,45.4135150877063,99.1013947615032,-173.580001831055,1.10584056377411,13.9200000762939,9.05000019073486,16.0069999694824,37.0944404602051,991.338099101377
8.2,-0.0179697612543321,-0.0454003438216991,0.485,0.296769587121626,0.100860202137153,-10.0529548606804,0.0148708139106418,-0.0392644689128695,-0.0191330568533658,-0.0369540349392864,-0.00204449985752325,1.56851740302499,-0.0295829704887238,-0.0297256323057033,-0.0223731799608459,12.3645440432273,-6.10210622214712,-0.585317105110293,6.14772863611048,12.3512750204427,-0.334191326854797,7.13563326229102,-6.58061394727259,-2.81,0.129899810691838,0.0492023587378487,13.7932796478271,19.1186297632008,0.16979220603463,1.11053296142819,173.580001831055,45.4135150877063,99.1013947615032,-173.580001831055,1.10584056377411,13.9200000762939,9.05000019073486,16.0069999694824,37.0919456481934,991.336439843982
8.225,-0.0173431144983872,-0.0431840547180455,0.485,0.242567840609108,0.0845256245428804,-9.8194398085726,0.0134812851258146,-0.0400659166302827,-0.01847420371904,-0.0369001109636322,-0.0040657794831706,1.56822692368467,0.0529102118908589,-0.0684727948607171,-0.0146317080609113,12.3682106367493,-6.05863278234674,-0.603033340287468,6.10851794858452,12.353995332636,-0.32881993378092,7.1356264217259,-6.58043922604462,-2.81,0.128227243797115,0.0515985464538445,13.7932796478271,19.123912214648,0.169792254091297,1.1105329720121,173.583282470703,45.4811129275026,99.2379117509887,-173.583282470703,1.10629820823669,13.9227313995361,9.05000019073486,16.0069999694824,37.0900001525879,991.334510495147
8.25,-0.019243297924732,-0.0441318761432096,0.485,0.189732713139503,0.126427446131566,-9.73940879298457,0.0228772751758035,-0.0387827300997405,-0.0198011996488721,-0.0355729958056945,-0.00529169769560378,1.56776766869937,0.0482600334993129,-0.052412775787377,-0.0181360370521023,12.3689987642238,-6.07221863069689,-0.60277512992679,6.12725417220257,12.3523697824983,-0.320974222113587,7.13561913987762,-6.58028094073724,-2.81,0.127338064020975,0.0512753841713331,13.7935663277633,19.1221680946238,0.169792473480427,1.11053302032994,173.598236083984,45.7897117573476,99.8611414858053,-173.598236083984,1.10838770866394,13.9352016448975,8.67000007629395,16.0170001983643,37.0900001525879,991.331618211615
8.275,-0.019243297924732,-0.0441318761432096,0.485,0.159528539253084,0.00683773459956327,-9.53565065169928,0.0144489433348505,-0.0373317412840114,-0.0209521528715372,-0.0342458806477569,-0.00651761590803696,1.56730841371407,0.0436098551077669,-0.0363527567140369,-0.0216403660432933,12.3697848315929,-6.08133519537128,-0.606985585210236,6.14166789312193,12.3507723320992,-0.31778031762154,7.13561184057086,-6.580123305684,-2.81,0.126216170398449,0.0511852607809812,13.7939329305907,19.120091348227,0.169792692869558,1.11053306864779,173.613204956055,46.0983105871927,100.484371220701,-173.613204956055,1.1104770898819,13.9476718902588,8.67000007629395,16.0170001983643,37.0900001525879,991.328725928082
8.3,-0.021142251773994,-0.0472982090258501,0.485,0.143877121552877,0.102193562340001,-9.40175767856588,-0.00191819692189961,-0.0292245651506786,-0.0217272174740998,-0.0367306873761236,-0.00637878934332466,1.56660780841369,-0.0217993458634115,-0.0388125407532103,-0.0210985523918093,12.3769480444294,-6.07886046204797,-0.618834999385302,6.14928236042555,12.3535690972986,-0.316229628666199,7.1356045412641,-6.57996567063077,-2.81,0.126558628840048,0.0511534860292653,13.7940111160278,19.1225118882888,0.169792912258689,1.11053311696563,173.628173828125,46.4069094184559,101.107600955438,-173.628173828125,1.11256659030914,13.9601421356201,8.67000007629395,16.0170001983643,37.0900001525879,991.32583364455
8.325,-0.0209637448642337,-0.0439099387675567,0.485,0.0925008540319855,0.0109534630669253,-9.2370412923259,0.00286480269601676,-0.0306973304121749,-0.0220585629395247,-0.0364853511904395,-0.00688347697401533,1.56647001327988,-0.00813834963651559,-0.0411768395507288,-0.0203786704378051,12.3816474904439,-6.03982805901996,-0.630228100172982,6.11231839174683,12.3578447925226,-0.324254499153395,7.1355881303614,-6.57954674811957,-2.81,0.12567611109243,0.0532757955660324,13.7940111160278,19.127226929603,0.169793085680573,1.11053315515974,173.639999389648,46.6508494461273,101.600249222086,-173.639999389648,1.11421823501587,13.9700002670288,8.67000007629395,16.0170001983643,37.0900001525879,991.324960305402
8.35,-0.0224128158463538,-0.0473013940648314,0.485,0.111742154799878,-0.0132760324098358,-9.43261480356463,-0.0232809794188151,-0.0205045674838321,-0.0199726426444008,-0.0350241785487626,-0.00874647571370422,1.56607810932584,0.0481670364454411,-0.0407105435815318,-0.0170496005962477,12.383746377769,-6.04630514276045,-0.6291573859972,6.12300472039165,12.3581683458644,-0.308719247813213,7.13557152693009,-6.57912230458712,-2.81,0.124540314147529,0.0533195419112132,13.7979102372557,19.1285826479288,0.169793085680573,1.11053315515974,173.639999389648,46.6508494461273,101.600249222086,-173.639999389648,1.11421823501587,13.9700002670288,8.67000007629395,16.0170001983643,37.0900001525879,991.331703892796
8.375,-0.0224158456421072,-0.0453979725625757,0.485,0.10558603546244,-0.0117039076593545,-9.66951221211832,-0.0258172043095168,-0.00372008293929486,-0.0177038250502077,-0.036091283581089,-0.00838224384100246,1.5654199496149,-0.0290260589094638,-0.00308941427610957,-0.0175209578191512,12.3842572779464,-6.0632100016824,-0.618287478697199,6.14808133366319,12.3542918588637,-0.295282640634866,7.13555492349877,-6.57869786105467,-2.81,0.125667858089582,0.0524968120771521,13.8028366718609,19.1247746973043,0.169793085680573,1.11053315515974,173.639999389648,46.6508494461273,101.600249222086,-173.639999389648,1.11421823501587,13.9700002670288,8.02999973297119,16.0809993743896,37.0900001525879,991.33844748019
8.4,-0.0205211748184341,-0.0428660536363873,0.485,0.114505610182466,-0.114379901694911,-9.66606494709851,-0.0532953442094078,-0.00450272247355916,-0.0140739104158503,-0.0390009020780491,-0.00839900356248406,1.56505159581438,-0.0338793908925127,-0.0230719989296448,-0.00917261685986584,12.3921504968145,-6.0333595724034,-0.62876877282615,6.12439365242352,12.3600356971691,-0.288949459514072,7.13554250340331,-6.57839188348298,-2.81,0.126158341653554,0.0537038886983481,13.803840637207,19.1322282302435,0.169793085680573,1.11053315515974,173.639999389648,46.6508494461273,101.600249222086,-173.639999389648,1.11421823501587,13.9700002670288,8.02999973297119,16.0809993743896,37.0900001525879,991.345191067585
8.425,-0.0217890185910632,-0.04031834830823,0.485,0.143283715972714,0.0055695237409118,-9.33038062701248,-0.0838721393746662,-0.0207113193285029,-0.00667302343101218,-0.0384007241293613,-0.00906504995715795,1.56492198564949,-0.0993836992621008,-0.00010625856809628,-0.0112883303033991,12.3796981240028,-6.03752847975443,-0.643865786095183,6.13043290731322,12.3471216118703,-0.299364671268889,7.13553256274859,-6.57815612005137,-2.81,0.125006497640773,0.053674657876402,13.803840637207,19.1175221276608,0.169793129819577,1.11053316482331,173.642486572266,46.7125692120963,101.725637109222,-173.642486572266,1.11426174640656,13.9709987640381,8.02999973297119,16.0809993743896,37.0900001525879,991.349620828153
8.45,-0.0224255017301397,-0.0384169654130679,0.485,0.0225720906816097,-0.0364274992863065,-9.31281053716936,-0.0754805386355482,-0.0305035026541643,-0.0036645257092293,-0.0434425330142971,-0.00946861681019074,1.56478621015887,-0.0773168381523214,-0.042246981337257,-0.000554299150643729,12.3843862000609,-6.0301397376839,-0.651571411853715,6.1270880857075,12.3509137611753,-0.271795818569395,7.13552262209387,-6.57792035661976,-2.81,0.126289454113142,0.0532897188258129,13.8035508357431,19.1248576920146,0.169793350514595,1.11053321314115,173.654968261719,47.0211680419414,102.3525765449,-173.654968261719,1.11447930335999,13.9759855270386,8.02999973297119,16.0809993743896,37.0900001525879,991.344795281417
8.475,-0.0230649108229387,-0.0365068417390568,0.485,0.0114512838987307,0.084286565990271,-9.66654409443018,-0.0855464803885836,0.0036802514867425,0.00126870532552779,-0.0454838124087919,-0.00945980248959382,1.56482079612971,-0.0971966465331527,-0.00956066343297713,0.00382120796928628,12.3863105800426,-6.03062592912435,-0.665540309162168,6.12857488027931,12.3530510705149,-0.273462925242251,7.13551268143915,-6.57768459318815,-2.81,0.126300743484683,0.0529198087623461,13.8031890126135,19.1264397323711,0.169793571209613,1.110533261459,173.667434692383,47.3297668732046,102.979515980579,-173.667434692383,1.11469697952271,13.9809741973877,7.96000003814697,16.0799999237061,37.0900001525879,991.339969734681
8.5,-0.0224427955449713,-0.0321039667211916,0.485,0.034470080144663,0.0486051712484847,-9.87042603433909,-0.0486599264454474,0.0352138619313822,0.00335251931346909,-0.0459974507632679,-0.0095524635868187,1.56504568421184,-0.0720542312550666,-0.00195354392326708,0.00763550222182084,12.3915845507749,-6.03849877012604,-0.664232650566652,6.13383098978883,12.3596362585618,-0.267486513016854,7.13550274078443,-6.57744882975654,-2.81,0.126475139706938,0.0523303778948092,13.8031187057495,19.1332410419783,0.169793791904632,1.11053330977684,173.679901123047,47.6383657044678,103.606455416337,-173.679901123047,1.11491465568542,13.9859619140625,7.96000003814697,16.0799999237061,37.0900001525879,991.335144187945
8.525,-0.0224370710360346,-0.0320634528513662,0.485,0.175007378786913,0.0732317145926255,-9.6754905023904,-0.0307159485336143,0.0223880562524268,0.00946091577034732,-0.0455951383600132,-0.00970596782939647,1.56538467459841,-0.0199171629172517,-0.00938353730265955,0.0111133016187753,12.3867410161276,-6.03859690928689,-0.662331262782614,6.12947052228316,12.3569185115597,-0.266166020109318,7.13549286308719,-6.57721471704806,-2.81,0.126382857800454,0.0522828365993271,13.8031187057495,19.1307232844477,0.169793970562504,1.11053334889129,173.690002441406,47.8881838045484,104.113977816595,-173.690002441406,1.11509084701538,13.9899997711182,8.26000022888184,16.0259990692139,37.0900001525879,991.331797402715
8.55,-0.0224340450848454,-0.0339644590666663,0.485,0.0907323872095765,0.0720844788722023,-9.49574067864764,-0.00875277704642681,-0.010203984922277,0.0126240335215265,-0.0451928259567585,-0.00985947207197424,1.56572366498498,0.0322199054205632,-0.016813530682052,0.0145911010157297,12.3776922422827,-6.0399207427445,-0.657942608942556,6.12620375486281,12.3499634473766,-0.262348436871184,7.13548806945434,-6.57711390673165,-2.81,0.126446581207486,0.0521816179857289,13.8080323597598,19.1244200038378,0.169793970562504,1.11053334889129,173.690002441406,47.8881838045484,104.113977816595,-173.690002441406,1.11509084701538,13.9899997711182,8.26000022888184,16.0259990692139,37.0900001525879,991.334735353882
8.575,-0.0224310072386144,-0.0358729381547325,0.485,0.0130226663176857,0.0223195524759865,-9.56781852568003,0.00134596084786502,-0.0100656073489437,0.0163470082255088,-0.0460773890920728,-0.00988774692991645,1.56627379148845,0.0497591666459445,-0.031985108002113,0.0205723077531452,12.3728097331511,-6.07942234671265,-0.642365055127798,6.15846513772323,12.3480553357477,-0.239303571383074,7.13548327582148,-6.57701309641525,-2.81,0.127565023265445,0.0497847862183616,13.814095406521,19.1238400885473,0.169793970562504,1.11053334889129,173.690002441406,47.8881838045484,104.113977816595,-173.690002441406,1.11509084701538,13.9899997711182,8.26000022888184,16.0259990692139,37.0900001525879,991.337673305049
8.6,-0.0230704054281384,-0.0327001808240287,0.485,-0.0167722479528944,0.105655519725811,-9.61897459520986,0.0212270803599961,0.0215862449490143,0.0193239533660239,-0.0442933146198583,-0.00892986132790349,1.56676742338839,-0.00287447072713772,0.0431119045321255,0.0166961753297656,12.3657060875945,-6.1162181572762,-0.624201224360948,6.18763933341951,12.3435340472459,-0.242333375044362,7.13547848218862,-6.57691228609885,-2.81,0.128216237778624,0.0479771632855807,13.8152160644531,19.1173899997314,0.169793970562504,1.11053334889129,173.690002441406,47.8881838045484,104.113977816595,-173.690002441406,1.11509084701538,13.9899997711182,8.26000022888184,16.0259990692139,37.0900001525879,991.340611256217
8.625,-0.0206882771827666,-0.0331823493903592,0.484612237466187,0.0591766687299958,0.0166111953906806,-9.86958532698691,0.0348392150425849,0.0377853149686593,0.0201371982240598,-0.0458453707396984,-0.00835472531616688,1.56725704669952,0.0699651539325714,0.0129072712734342,0.0259151365607977,12.3734480117086,-6.11014838004719,-0.609389202772519,6.17541903868501,12.3539834311689,-0.225337977616496,7.13547121355072,-6.5767251556551,-2.81,0.129674873214878,0.0478355195979252,13.8152160644531,19.1304444681159,0.169794010419025,1.11053335763451,173.691360473633,47.9440254981082,104.227200240498,-173.691360473633,1.11480736732483,13.9913539886475,8.26000022888184,16.0259990692139,37.0900001525879,991.342411575861
8.65,-0.0211692638673859,-0.0307956456827175,0.483928043462874,0.0945908450082873,0.0928494828599892,-9.94384026836929,0.0373232658729524,0.0188410163853151,0.0227681270134965,-0.0452605904780857,-0.00801751464810827,1.56766963537855,0.0654154218996285,-0.00228856642664205,0.0264670011698565,12.3585439028849,-6.1226468199183,-0.596234879599375,6.18197144077705,12.3414323257105,-0.219510291254768,7.13546347313589,-6.57652157116605,-2.81,0.13034064547718,0.0471586825581394,13.8142085154663,19.118283490712,0.169794230678747,1.11053340595236,173.698837280273,48.2526243279533,104.852903109196,-173.698837280273,1.11324024200439,13.998836517334,8.26000022888184,16.0259990692139,37.0900001525879,991.339062615981
8.675,-0.0216439148167089,-0.0312702966320405,0.483234347844783,0.100906128558776,0.111330873180613,-9.93013373939687,0.0686175407038919,-0.0061849545249055,0.0215477321455865,-0.0446222648024559,-0.00764942727982998,1.56812000274658,0.060449093580246,-0.0188758112490177,0.0270693972706795,12.3490194496134,-6.13800465087798,-0.58942341714742,6.19122087797829,12.3345424593649,-0.220564693504064,7.13545573272105,-6.57631798667699,-2.81,0.130630266350956,0.0463153103605316,13.8129796551412,19.1106618796187,0.16979445093847,1.1105334542702,173.706329345703,48.5612231577983,105.478605977816,-173.706329345703,1.11167311668396,14.0063190460205,8.03999996185303,16.068000793457,37.0900001525879,991.335713656101
8.7,-0.021793230632892,-0.0376721993140688,0.482540642303384,0.0448809030440725,0.127201168183719,-10.0269497449858,0.0797590307204309,-0.000996563449830947,0.0247192153423134,-0.0395093809899524,-0.0089206432547053,1.5687418401397,0.0947086075109367,-0.00518831060259729,0.0198069177956542,12.3483238657666,-6.14553784957484,-0.587212108684227,6.18929799506762,12.3382115157248,-0.233843401644968,7.13544799230622,-6.57611440218794,-2.81,0.128385769843205,0.0465389978677468,13.8127641677856,19.1123914664164,0.169794671198192,1.11053350258805,173.713806152344,48.8698219876433,106.104308846514,-173.713806152344,1.11010611057281,14.0138006210327,8.03999996185303,16.068000793457,37.0900001525879,991.332364696222
8.725,-0.0219539345731613,-0.0360240049894143,0.481846941756705,0.0414471768821185,0.140134103714165,-9.96713982419874,0.103432247419027,0.0169462964924585,0.0234517934065021,-0.0356892611676952,-0.00922831937678064,1.56975474807864,0.140676401902071,0.0109093496811849,0.0224793123543653,12.3470111705638,-6.14323829740671,-0.576276237149782,6.17274874828384,12.3433544901908,-0.24275243830349,7.13544146723001,-6.57594330545998,-2.81,0.127391734738573,0.0469076608558031,13.8127641677856,19.1169392527848,0.169794853699105,1.11053354262283,173.720001220703,49.1255181615513,106.622748366331,-173.720001220703,1.10880768299103,14.0200004577637,8.03999996185303,16.068000793457,37.0895729064941,991.330878975839
8.75,-0.0224209009095808,-0.0422220803270097,0.481156021528226,0.101397075487629,0.0870391501572047,-9.9417696350167,0.101349124100719,0.0261203822607286,0.0202915695384068,-0.03390698630674,-0.00840473298165799,1.57022663594102,0.0939835187707132,0.0146575792818608,0.0191257875972565,12.3481389858203,-6.16027325030643,-0.562681967229839,6.18284266433329,12.3471537751385,-0.249728190248238,7.13543961459638,-6.5758971098871,-2.81,0.127706295219833,0.0461177931628482,13.8094013331905,19.1192125226623,0.169794853699105,1.11053354262283,173.720001220703,49.1255181615513,106.622748366331,-173.720001220703,1.10880768299103,14.0200004577637,7.51000022888184,16.0820007324219,37.0870780944824,991.338398913023
8.775,-0.0224209009095808,-0.0422220803270097,0.482891622612408,0.0337180201376615,0.0870924380578975,-9.71845959126919,0.0897252654847213,0.00469525779373904,0.0185631278889164,-0.0321247114457849,-0.00758114658653533,1.5706985238034,0.0472906356393555,0.0184058088825367,0.0157722628401478,12.3412590529633,-6.17481563571532,-0.549177940366674,6.19047607011646,12.3429566728689,-0.256994464155364,7.13543776196275,-6.57585091431423,-2.81,0.128069952341362,0.0454769812255908,13.8053467154786,19.1136618779858,0.169794853699105,1.11053354262283,173.720001220703,49.1255181615513,106.622748366331,-173.720001220703,1.10880768299103,14.0200004577637,7.51000022888184,16.0820007324219,37.084587097168,991.345918850208
8.8,-0.021148259619203,-0.0447613049637668,0.485319613356635,0.0508804489017822,0.109979544521798,-9.68549247186548,0.0848395214845126,-0.00436092172520714,0.0166567168525875,-0.0299038219689468,-0.00863639862672488,1.57131341463674,0.136463342645051,-0.0346824840252426,0.0178113673521331,12.3327803105662,-6.16849622083667,-0.524144217687817,6.17503071714387,12.338446872748,-0.232953615137862,7.13543590932912,-6.57580471874135,-2.81,0.128195855820261,0.0459549514508248,13.8046741485596,19.1131488632582,0.169794853699105,1.11053354262283,173.720001220703,49.1255181615513,106.622748366331,-173.720001220703,1.10880768299103,14.0200004577637,7.51000022888184,16.0820007324219,37.0820922851562,991.353438787392
8.825,-0.0227342691929381,-0.0482477478868956,0.487747569283919,-0.046472509934489,0.0345877355852011,-9.62639831654212,0.0565131835651766,-0.00687734362290524,0.0123397568454659,-0.0281837359070778,-0.00796214118599892,1.57153046131134,-0.000424020981881768,0.0141770867630839,0.00906623434275389,12.3190646674996,-6.19293149387472,-0.499519312551503,6.19550138584841,12.325811943017,-0.226708704739528,7.13543362535908,-6.5757465104777,-2.81,0.129168526035023,0.0448902402495139,13.8046741485596,19.1004130453223,0.169794889360203,1.11053355044572,173.721603393555,49.1754817812838,106.72405264027,-173.721603393555,1.10877239704132,14.0175771713257,7.51000022888184,16.0820007324219,37.0800018310547,991.358794803574
8.85,-0.0217748697304159,-0.0492071473494178,0.488212542569911,-0.0304481253163221,0.0804675043723849,-9.85188618190474,0.0376225770822904,0.0113292028208312,0.0114693793726065,-0.0277627199065607,-0.00795115084031417,1.57165199447246,-0.00728479917309927,0.0196220363791782,0.00816494217114396,12.3230574164944,-6.16533522048071,-0.513277823368663,6.16665881253849,12.3306677582144,-0.24394327486641,7.13542934729721,-6.57563276688713,-2.81,0.12826979523951,0.0463502934890656,13.7909491962605,19.1042236955882,0.169795109619926,1.11053359876357,173.731597900391,49.484080612547,107.349755509047,-173.731597900391,1.10855484008789,14.002613067627,7.51000022888184,16.0820007324219,37.0800018310547,991.35294934633
8.875,-0.0213017143155531,-0.0496803027642806,0.486597679888702,-0.00842687164817727,0.0373009724425065,-9.84317096014204,0.0278202633926251,0.00379588256338328,0.00611808259065603,-0.0266781243352858,-0.00792283818653899,1.57196508074034,-0.0249591147158658,0.0336489812748035,0.00584308861557342,12.3225119106255,-6.16328598931694,-0.515163402771771,6.16042581567925,12.3321111226921,-0.252935431010637,7.13542506923535,-6.57551902329657,-2.81,0.127770265673708,0.046515914000458,13.7745878124464,19.1046507555599,0.169795329879648,1.11053364708141,173.741561889648,49.792679442392,107.975458377746,-173.741561889648,1.10833716392517,13.9876489639282,6.8600001335144,16.1040000915527,37.0800018310547,991.347103889085
8.9,-0.0230421646390496,-0.0504747844899098,0.48497904956366,-0.0917538143683112,0.02785256591371,-9.82533816078043,0.00102965695422193,0.0042770520918538,0.00993927886596354,-0.0263394939619354,-0.00804070611983052,1.57245227011656,-0.0492383486382852,0.0177153762295598,0.00656089583683384,12.3083301936742,-6.19334296646304,-0.487432338928229,6.18363790163597,12.3207953405603,-0.225175529889561,7.13541883791685,-6.57536079468851,-2.81,0.129112086658549,0.0448466462841082,13.7720289230347,19.0958613626003,0.16979555013937,1.11053369539925,173.751541137695,50.1012782736552,108.601161246444,-173.751541137695,1.10811948776245,13.9726848602295,6.8600001335144,16.1040000915527,37.0800018310547,991.34125843184
8.925,-0.0216131728093158,-0.0496843255937624,0.48336040757411,5.66342637771666e-05,0.0947830736560835,-9.88108192079569,0.0157599275991792,-0.00273266799539874,0.00854970966662008,-0.0265185402125356,-0.00883847901130728,1.57274241000807,0.0661021106436548,-0.0305613966297968,0.0105104011317866,12.3043074155316,-6.1760123383734,-0.502520711620852,6.16320363615795,12.3188367791644,-0.229821219234788,7.13541169382712,-6.57518177790371,-2.81,0.128115234397387,0.0456384312565611,13.7720289230347,19.0941469640029,0.169795736835707,1.11053373635438,173.759994506836,50.3628525199724,109.131518916067,-173.759994506836,1.10793495178223,13.960000038147,6.8600001335144,16.1040000915527,37.0800018310547,991.337303469696
8.95,-0.0227285073260266,-0.0488889352447664,0.481743129740259,-0.0740156965667295,-0.062257777290976,-9.62223399359111,-0.0220103054509464,-0.0141184093368533,0.00722515088722493,-0.0254654856459844,-0.00865926860106473,1.57286082562304,-0.0247416776030007,0.00417293937848488,0.00666067173928252,12.3007971108311,-6.18928094132822,-0.487485583044099,6.17427380118642,12.3159641551141,-0.223204579082463,7.13540454973738,-6.57500276111891,-2.81,0.128593747584695,0.0450684097378408,13.7721319153303,19.0914618061504,0.169795736835707,1.11053373635438,173.759994506836,50.3628525199724,109.131518916067,-173.759994506836,1.10793495178223,13.960000038147,6.8600001335144,16.1040000915527,37.0800018310547,991.343864386552
8.975,-0.022410794580547,-0.0485712224992868,0.481239146169417,-0.0615786117952787,0.0711787767241717,-9.45763920486532,-0.0274760001459173,-0.0181092667869112,0.0101612638770566,-0.0261239478074182,-0.00919854598536993,1.57314586513799,-0.0822665259921353,0.0045785802405462,0.005552640892902,12.2916111114143,-6.17806208176634,-0.496624110258365,6.16002367883415,12.3086804546332,-0.222000110865185,7.13539740564765,-6.57482374433412,-2.81,0.128210224336302,0.045476875696086,13.7722533196565,19.0849634048781,0.169795736835707,1.11053373635438,173.759994506836,50.3628525199724,109.131518916067,-173.759994506836,1.10793495178223,13.960000038147,7.11999988555908,16.0799999237061,37.0800018310547,991.350425303407
9,-0.0230463139501272,-0.0466727186982013,0.481680592264622,-0.0635505494028631,0.0697767439118674,-9.37966848050372,-0.0365179915513867,-0.0325128869515417,0.00708345170882397,-0.0268848872183805,-0.0100357028367712,1.57343530485249,-0.0921441919731658,-0.00327823187081497,0.00590622940548736,12.2808352289919,-6.16677618514941,-0.511023782558206,6.14584697994815,12.2999412878254,-0.221803879192328,7.13539026155792,-6.57464472754932,-2.81,0.127492130721142,0.0458784662572423,13.772271156311,19.0768957725759,0.169795736835707,1.11053373635438,173.759994506836,50.3628525199724,109.131518916067,-173.759994506836,1.10793495178223,13.960000038147,7.11999988555908,16.0799999237061,37.0800018310547,991.356986220262
9.025,-0.0233651819605047,-0.0466649655152324,0.482122041497654,-0.14119644829618,0.0851555534879002,-9.12797022168833,-0.0226984386089058,-0.0297988928949145,0.00895865171479363,-0.0271319911563978,-0.0108151152203662,1.57367126410328,-0.0837298162374034,-0.00467589996064727,0.00624086145527814,12.274975604383,-6.17194421079388,-0.51349080552604,6.1482789650177,12.2957249348151,-0.213092309567665,7.13538583250569,-6.5745407779092,-2.81,0.127196928762526,0.0455024365419194,13.772271156311,19.0736791833481,0.169795768177011,1.11053374331911,173.761413574219,50.4073352345037,109.220551735338,-173.761413574219,1.10808420181274,13.9585752487183,7.11999988555908,16.0799999237061,37.0800018310547,991.362425018093
9.05,-0.0243175609993172,-0.0472967907761418,0.482563488632034,-0.0674624024894827,0.148932282260018,-9.17551886976359,0.00243602539420546,-0.00917807251639299,0.0088489213585435,-0.0274505931437752,-0.0114276038440344,1.57396277774615,-0.0687603190820308,0.00654716824274269,0.00566625748338089,12.2757204028606,-6.18207131981429,-0.508085610446491,6.15477661038743,12.2983341785911,-0.197912879686279,7.13538141808353,-6.57443723277066,-2.81,0.127350676766673,0.0448168024042943,13.7570285502635,19.0778952103868,0.169795987566142,1.11053379207225,173.771408081055,50.7187142348046,109.843781470233,-173.771408081055,1.10912895202637,13.9485988616943,7.11999988555908,16.0799999237061,37.0800018310547,991.361131101776
9.075,-0.0243165478651336,-0.047933276383349,0.483004938916205,-0.101188166650126,0.0701813329215527,-9.13717911036184,0.000564423868364185,-0.00274574478215351,0.00612124223724777,-0.0276608653366566,-0.0116859246045351,1.57415044307709,-0.0573486797511578,0.0187970250844955,0.00491297012194991,12.2691551282709,-6.18187698943767,-0.492828580870524,6.15194578699027,12.2927797216841,-0.178270671514911,7.13537700366137,-6.57433368763213,-2.81,0.128161053331296,0.0447384883594792,13.7392595454236,19.0751436329149,0.169796206955272,1.11053384082539,173.781372070312,51.0300932336874,110.46701120505,-173.781372070312,1.11017370223999,13.9386224746704,7.05999994277954,16.0990009307861,37.0800018310547,991.359837185459
9.1,-0.0243165478651336,-0.047933276383349,0.483446380788709,-0.161276882966238,0.040517313893543,-9.16955771290183,0.0049733258877627,0.00727668563000799,0.00731436921251516,-0.0290129870199777,-0.0122170022062824,1.57431063800034,0.0528842688039958,-0.0277620529421236,0.0098682724564198,12.2664691176176,-6.18084717001025,-0.483777585555855,6.14912365558031,12.2909567282343,-0.154395847839986,7.1353704956726,-6.57416416722784,-2.81,0.128943334736001,0.0445305635518068,13.7368173599243,19.0766271296307,0.169796426344403,1.11053388957853,173.791351318359,51.3414722339884,111.090240939945,-173.791351318359,1.11121845245361,13.9286460876465,7.05999994277954,16.0990009307861,37.0800018310547,991.358543269142
9.125,-0.024632464420183,-0.0466629483020138,0.483887828989651,-0.0444159172050319,0.10644123921565,-9.32342393331115,-0.0107479991700744,0.00911539948491636,0.00726103723582155,-0.0286209933398845,-0.0124396987369271,1.57471575217967,0.0642342546494315,-0.0283729871564777,0.0100336345856213,12.2551540366484,-6.17261545499787,-0.46726969663673,6.13536836349385,12.281960067997,-0.137967093975151,7.13536261482933,-6.57395138359934,-2.81,0.129630858105892,0.0448988323952512,13.7368173599243,19.0705308007938,0.16979661648165,1.11053393183126,173.800003051758,51.6113340345329,111.630373376807,-173.800003051758,1.11212384700775,13.9200000762939,7.05999994277954,16.0990009307861,37.0800018310547,991.356480106888
9.15,-0.0255883975653957,-0.0466614266830868,0.484329277169554,-0.04225688981458,0.0828942107835652,-9.37583914730524,-0.00674277364697982,0.00162566993111081,0.00464776242647687,-0.0284283746694447,-0.0125517147335666,1.57490507864946,0.06898839185212,-0.0292773983945733,0.00931090145189344,12.2532812234148,-6.20112178291171,-0.437954728682106,6.16065732995597,12.2810145742742,-0.107697447927099,7.13535473398606,-6.57373859997085,-2.81,0.131047655707656,0.0433632657107939,13.7336921238843,19.0723410040316,0.16979661648165,1.11053393183126,173.800003051758,51.6113340345329,111.630373376807,-173.800003051758,1.11212384700775,13.9200000762939,7.05999994277954,16.0990009307861,37.0800018310547,991.349416846051
9.175,-0.0255883975653957,-0.0466614266830868,0.484767329263796,-0.0162704382239256,0.117227098972348,-9.54553434547682,0.00393902056354248,0.00522889907267326,0.00805805921199468,-0.0281227421393733,-0.0120782117055703,1.57510641164495,0.00140787197374054,-0.00117997571861818,0.00596683292299202,12.2520698639209,-6.22117631233984,-0.409582574311184,6.17735989161338,12.2807472370526,-0.0864905423024586,7.13534685314279,-6.57352581634235,-2.81,0.13258146698859,0.0422792587846708,13.7300887096523,19.074036152755,0.16979661648165,1.11053393183126,173.800003051758,51.6113340345329,111.630373376807,-173.800003051758,1.11212384700775,13.9200000762939,7.48999977111816,16.0900001525879,37.0800018310547,991.342353585214
9.2,-0.0236873519772343,-0.0447603810949254,0.485129659001932,0.0835140675004827,0.133131309245293,-9.63598472985303,0.023333283423402,-0.00575990498887361,0.0048831947829679,-0.0281842523056977,-0.0124501391618943,1.57531979338268,0.0640305722021025,-0.0296821935256727,0.00788327467572753,12.2398603261999,-6.19578786359718,-0.415032760786704,6.14958391443107,12.2698458716053,-0.0878647513353085,7.13533897229952,-6.57331303271386,-2.81,0.13225760834836,0.0435537770511793,13.7296276092529,19.0642694808786,0.16979661648165,1.11053393183126,173.800003051758,51.6113340345329,111.630373376807,-173.800003051758,1.11212384700775,13.9200000762939,7.48999977111816,16.0900001525879,37.0800018310547,991.335290324377
9.225,-0.0257517564428006,-0.0474528439238652,0.48539943282458,-0.0109834645395004,0.0724949872135454,-9.44870669304043,0.0260824819737875,-0.00902234645981668,0.00584985675636597,-0.0269629892131113,-0.0121056217615098,1.57549141147359,-0.0422577807467842,0.0138446805756558,0.00273359352878665,12.2459724856642,-6.21216238981007,-0.383564932318338,6.16267291496825,12.2767587879501,-0.0676900282674885,7.13532793660199,-6.57303615866205,-2.81,0.133522530586652,0.0427984979292857,13.7296276092529,19.0730461987984,0.169796643698007,1.11053393770568,173.800003051758,51.6488530864756,111.70768825229,-173.800003051758,1.11240410804749,13.9181480407715,7.48999977111816,16.0900001525879,37.0800018310547,991.329041252227
9.25,-0.0243165478651336,-0.047933276383349,0.485669206659822,0.0379989760963973,0.0825645940131302,-9.48856904242588,0.0289139401531835,-0.00433250302086453,0.00594439888465205,-0.0266913254475233,-0.0126068217832347,1.57570042401338,0.00534089024849962,-0.00679775013203909,0.00635429795439481,12.2426699556619,-6.20118794191753,-0.393182495211122,6.14934947371822,12.2748701184962,-0.0731890218537684,7.13530909429339,-6.57260069439806,-2.81,0.132753401253374,0.0433528670411836,13.7300043559131,19.0706425362757,0.169796863522434,1.11053398515293,173.800003051758,51.9518915768269,112.332154554008,-173.800003051758,1.11466765403748,13.9031829833984,8.19999980926514,16.076000213623,37.0800018310547,991.32855413079
9.275,-0.0243165478651336,-0.047933276383349,0.485938978572599,0.017717739956927,0.0390590162854832,-9.40969069144936,0.0176403204658752,-0.00229182179275097,0.00625790307808471,-0.0264196616819352,-0.0131080218049597,1.57590943655317,0.0529395612437834,-0.027440180839734,0.00997500238000297,12.2386503945906,-6.18667080240343,-0.406127640404769,6.13257113713202,12.2722951083412,-0.0821144349245164,7.13529025198479,-6.57216523013407,-2.81,0.131815775962249,0.0440954913979748,13.7304340507525,19.0672622766827,0.16979708334686,1.11053403260018,173.800003051758,52.2549300685965,112.956620855805,-173.800003051758,1.11693120002747,13.8882179260254,8.19999980926514,16.076000213623,37.0800018310547,991.328067009353
9.3,-0.0262152190603304,-0.0511058338627468,0.486208754317838,0.0613953208646886,0.106441829085841,-9.40922275231062,0.0142752634098451,0.00328572618296602,0.00767412096399227,-0.0238582202292053,-0.0132171842641139,1.57617511581695,0.000854799010116101,0.0169175612096291,0.0063828668019552,12.2356917341604,-6.20562003628267,-0.360659567350869,6.14654572058979,12.2706700957731,-0.050780675808852,7.13527140967619,-6.57172976587008,-2.81,0.133212021588034,0.0433947290537698,13.7304849624634,19.0690037053146,0.169797303171287,1.11053408004743,173.800003051758,52.5579685589478,113.581087157523,-173.800003051758,1.11919462680817,13.8732538223267,8.19999980926514,16.076000213623,37.0800018310547,991.327579887916
9.325,-0.0251051321508527,-0.0512636000636133,0.486478526221545,0.0472070123142042,0.06788968661731,-9.47325299771469,0.0114732504867381,0.00361029747492036,0.00609079074086471,-0.0267005953937769,-0.0127309169620275,1.57627201080322,0.0201342161744833,-0.0155824013054371,0.0102600241079926,12.2343999957875,-6.20145159474762,-0.344119353306601,6.14133679404038,12.2694919123758,-0.0226685366224694,7.13526308856167,-6.57153671951597,-2.81,0.135293199846744,0.0431354056064439,13.7304849624634,19.0720073949608,0.169797497872922,1.11053412207214,173.800003051758,52.8263740792569,114.134185882006,-173.800003051758,1.12119948863983,13.8599996566772,8.19999980926514,16.076000213623,37.0797157287598,991.327292834212
9.35,-0.0255863762995889,-0.0479312551175422,0.486748299409325,0.123292183813521,0.0891543516271913,-9.65122012158629,-0.00700203934919179,0.0118998289731397,0.0100956465306415,-0.0267619787852517,-0.0126213637857652,1.57636191316615,0.0106039616020464,-0.0121375932060406,0.0104934494917802,12.2354162820686,-6.18973802988608,-0.345965037677938,6.12857908594906,12.2710152147562,-0.025773395468934,7.13525612886838,-6.57137504154925,-2.81,0.135247888897982,0.0437046815413917,13.7242821355897,19.0735677581577,0.169797497872922,1.11053412207214,173.800003051758,52.8263740792569,114.134185882006,-173.800003051758,1.12119948863983,13.8599996566772,8.19999980926514,16.076000213623,37.077220916748,991.328556305439
9.375,-0.0251103399755957,-0.047455218793549,0.487018074517352,0.116296176575195,0.0720584185016513,-9.75925105369146,-0.00569974585056941,0.00638030758810487,0.00842353382581692,-0.0269608244577049,-0.0122664766659779,1.57665314334066,-0.0202683938279219,-0.000978464221156636,0.011249608874501,12.2343305715143,-6.19683955506077,-0.352240040521828,6.13231489375975,12.2718062496273,-0.0349780757390399,7.13524916917509,-6.57121336358253,-2.81,0.135113921503847,0.043199021272428,13.7172832239835,19.0726508903389,0.169797497872922,1.11053412207214,173.800003051758,52.8263740792569,114.134185882006,-173.800003051758,1.12119948863983,13.8599996566772,8.44999980926514,16.0259990692139,37.0747299194336,991.329819776666
9.4,-0.0255803125021687,-0.0517407404209085,0.487287844488139,0.143470346882582,0.0775910039152074,-9.7710888428122,-0.0139364298967083,-0.00262665503437139,0.00875085702958391,-0.0235036258876452,-0.0140251083682506,1.57729551044258,0.0438770639824149,-0.00626569392096978,0.0102740922562139,12.2309955835151,-6.18834573760698,-0.337074641308446,6.11492688411109,12.2724799760758,-0.0199921167433219,7.13523906854327,-6.57096776559996,-2.81,0.133982648929524,0.0439551543517742,13.7165203094482,19.0761815816373,0.169797497872922,1.11053412207214,173.800003051758,52.8263740792569,114.134185882006,-173.800003051758,1.12119948863983,13.8599996566772,8.44999980926514,16.0259990692139,37.0722351074219,991.331083247894
9.425,-0.0255803125021687,-0.0517407404209085,0.48755762026034,0.0800158347243831,0.0948992356133708,-9.74331386230612,-0.0191955416153552,-0.0113699199722979,0.00769666213784046,-0.0241193318194149,-0.0144354893896381,1.57754851133406,0.0478593352535503,-0.0213705131907043,0.00997062655344328,12.2312510072006,-6.19860316104,-0.33337131315618,6.12210237838319,12.2742465890994,-0.00720556825213781,7.1352267218005,-6.57066215572466,-2.81,0.134234852985361,0.0432321877305906,13.7165203094482,19.0791158904863,0.169797520856545,1.11053412708841,173.800003051758,52.8584122245803,114.199476616169,-173.800003051758,1.12082087993622,13.8623514175415,8.44999980926514,16.0259990692139,37.0702629089355,991.33245994586
9.45,-0.0255803125021687,-0.0517407404209085,0.487827389581579,0.147918502621372,0.106412710909197,-9.73552341080716,-0.0102767020048387,-0.0188488318966081,0.00576733544673253,-0.0247350377511846,-0.0148458704110255,1.57780151222555,0.0518416065246856,-0.0364753324604388,0.00966716085067261,12.2320413020894,-6.21247070719026,-0.326218323647645,6.13279044886124,12.2765159098615,0.00913912883711299,7.13521437505773,-6.57035654584936,-2.81,0.134662266004665,0.0423182519761753,13.7165793919507,19.0828981163078,0.169797740245676,1.11053417497096,173.800003051758,53.1642308853876,114.822706350986,-173.800003051758,1.1172080039978,13.8847980499268,8.75,16.0389995574951,37.07275390625,991.334804217776
9.475,-0.027013313822473,-0.0503077391006042,0.488097164689181,0.103938001226972,0.0728920009327647,-9.62775054665245,-0.0217806270794752,-0.0127825844425899,0.00675358435594914,-0.0250845067203045,-0.0150787988677621,1.57794511318207,0.0541019067168236,-0.0450486876070499,0.00949491653591394,12.231423117782,-6.20914460767785,-0.338289433901756,6.12806850836809,12.2769051609703,0.00200290880451442,7.13520202831496,-6.57005093597406,-2.81,0.134074801145604,0.0423930634078219,13.7166453517814,19.0821757775751,0.169797959634806,1.11053422285351,173.800003051758,53.4700495461949,115.445936085802,-173.800003051758,1.1135950088501,13.9072437286377,8.75,16.0389995574951,37.0752487182617,991.337148489692
9.5,-0.0274842990551466,-0.0510998447394928,0.488366938530928,0.142371648594882,0.146099317045926,-9.6758345262321,-0.0237455522619816,-0.00068591945694205,0.00649088627434508,-0.0262281920988524,-0.013823860827789,1.57795273389896,-0.0807872001272824,0.00953310700933653,0.00320488164135768,12.2326790580619,-6.20461469609595,-0.346274870008183,6.12385168205781,12.2781848072311,-0.0143236096299929,7.13518968157219,-6.56974532609876,-2.81,0.134528146931731,0.0424452738825116,13.7166519165039,19.0809612268307,0.169798179023937,1.11053427073606,173.800003051758,53.7758682070021,116.069165820619,-173.800003051758,1.10998213291168,13.9296913146973,8.75,16.0389995574951,37.0777435302734,991.339492761607
9.525,-0.0254266665005603,-0.0480909649165708,0.488636714279834,0.180075038732603,0.14184667395063,-9.68198428257713,-0.024840100363826,0.0157181703299479,0.00653140383090718,-0.0260301462566462,-0.0139529994818318,1.57822868826148,-0.062678058854115,0.0320328944725836,0.00331174384260045,12.2368474462679,-6.18357062291853,-0.35526558179668,6.09959230668232,12.2840391765905,-0.0234500685924415,7.1351821638251,-6.56957998765556,-2.81,0.133895885074423,0.0434716547305368,13.7166519165039,19.0865466353363,0.169798377518865,1.11053431405836,173.800003051758,54.0525612815386,116.633040342667,-173.800003051758,1.10671329498291,13.9499998092651,9.1899995803833,16.0020008087158,37.0797653198242,991.341757296383
9.55,-0.0249504514494578,-0.0485671799676733,0.488905183506427,0.184970491747605,0.155511727015028,-9.88029209003592,-0.0172003926865062,0.0259404229342845,0.00657470898976891,-0.0258711180683784,-0.0141449514196899,1.57857465803228,-0.0106675519669132,0.0354660647631948,0.00436540400887262,12.2383901064079,-6.17368762785084,-0.342525068202307,6.08509135419952,12.2874531983195,-0.00958412243627665,7.13517569670807,-6.56944516764608,-2.81,0.134398043876806,0.0438815529961262,13.7243658935656,19.0926064799453,0.169798377518865,1.11053431405836,173.800003051758,54.0525612815386,116.633040342667,-173.800003051758,1.10671329498291,13.9499998092651,9.1899995803833,16.0020008087158,37.0772705078125,991.343264328329
9.575,-0.0254222333131419,-0.051906105493315,0.488206831257234,0.235033773636856,0.159521424471449,-10.0608175999268,0.00768003789999844,0.0230704404888215,0.00269853590358915,-0.027622483827075,-0.0132136573329322,1.5786795099588,-0.00406286127423789,0.0209143202829455,0.00416730749348608,12.2418934916629,-6.19316223259188,-0.323383939512164,6.10302706030738,12.2913287010974,0.00955696025975661,7.13516922959104,-6.5693103476366,-2.81,0.136339279651585,0.0425359207484008,13.7328876169164,19.0981392872812,0.169798377518865,1.11053431405836,173.800003051758,54.0525612815386,116.633040342667,-173.800003051758,1.10671329498291,13.9499998092651,9.1899995803833,16.0020008087158,37.0747756958008,991.344771360275
9.6,-0.024316415530513,-0.0492062583959651,0.486992862538748,0.235335071065673,0.109171045099748,-10.0968725610831,-0.0093418421572749,0.0105893715416503,0.00286612811997374,-0.0268171294889712,-0.0138072196632612,1.57901053413732,0.0410870242776419,-0.00999119692533242,0.00659565632948856,12.2430050987603,-6.16856441847196,-0.333771108358964,6.07451289493514,12.2944725965558,0.000804792351858374,7.13516276247401,-6.56917552762712,-2.81,0.135262031676563,0.0438310362151015,13.7336549758911,19.1013827320225,0.169798377518865,1.11053431405836,173.800003051758,54.0525612815386,116.633040342667,-173.800003051758,1.10671329498291,13.9499998092651,9.1899995803833,16.0020008087158,37.0722808837891,991.346278392221
9.625,-0.0257355567003604,-0.0525348740301318,0.485778876450642,0.233069900572997,0.226584759906504,-9.961203867879,0.0142198033792671,0.00623556306623507,-0.000891207508817635,-0.0267375241965055,-0.0124449208378792,1.57884728908539,-0.0402363352477551,0.026841139420867,-0.00409967731684446,12.2514365149739,-6.16602455159117,-0.32425358586966,6.07364620484388,12.3017669930918,-0.00681654402013143,7.13514894209388,-6.56880605021753,-2.81,0.136178081308058,0.0440063220201619,13.7336549758911,19.1071492518361,0.16979839639827,1.11053431819989,173.798934936523,54.079012608798,116.686672017147,-173.798934936523,1.10688483715057,13.9512825012207,9.1899995803833,16.0020008087158,37.0699996948242,991.347343100505
9.65,-0.0243084628019066,-0.0530125901211707,0.485870186933125,0.257736797904857,0.00539410033574531,-9.95667627299277,0.0163774365453793,-0.000833457009766087,-0.0022312109010717,-0.0255833003517489,-0.0131088190952093,1.57890715125759,-0.0226503893604312,0.0190662692150439,-0.00479067844132825,12.2500089767419,-6.16654273633088,-0.323159326360643,6.07322274838338,12.3007863323055,-0.00471751520453639,7.13513402960543,-6.5684017214368,-2.81,0.135582127433505,0.0441421746818774,13.7396913288325,19.1061121946925,0.169798616657992,1.11053436651774,173.786468505859,54.3876114400612,117.312374885846,-173.786468505859,1.10888731479645,13.9662475585938,9.1899995803833,16.0020008087158,37.0699996948242,991.343689689727
9.675,-0.0247833009760143,-0.0544431802948413,0.488108959115085,0.213400443206662,0.161271014031259,-9.84881641677712,-0.0129495711120538,-0.00223377604940684,-0.00108005916659244,-0.0250412188470364,-0.0134206190705299,1.57893526554108,-0.0143911456689239,0.0154147995635867,-0.00511520728468895,12.2558292324503,-6.16711706054031,-0.331718067374238,6.0735261480636,12.3069426979146,-0.0127062444556577,7.13511911711698,-6.56799739265606,-2.81,0.134787073713022,0.04417644401496,13.7462906576959,19.1106042659405,0.169798836917715,1.11053441483558,173.773986816406,54.6962102713244,117.938077754544,-173.773986816406,1.11088967323303,13.9812107086182,9.10000038146973,15.9969997406006,37.0699996948242,991.340036278949
9.7,-0.0262167730370176,-0.0511097059393203,0.489,0.200162434988101,0.0806468884089347,-9.78599345430039,0.0163002149805118,-0.00510519786242732,-0.00389778772150427,-0.0252323087283011,-0.0143345134138145,1.57892625634073,0.0352041082416613,-0.00437446282753367,-0.00411831434858509,12.2595116016978,-6.16733497777042,-0.338278706830272,6.07402351520518,12.3106567528185,-0.00682456642854479,7.13510420462853,-6.56759306387533,-2.81,0.134160524059653,0.044137100661824,13.7468223571777,19.1147064032473,0.169799057177437,1.11053446315342,173.761520385742,55.0048091011695,118.5637806234,-173.761520385742,1.11289203166962,13.9961757659912,9.10000038146973,15.9969997406006,37.0699996948242,991.336382868171
9.725,-0.0265249032648249,-0.0558625170348518,0.489,0.220188166612632,0.0550399294193719,-9.78363243481282,-0.0126732926779145,-0.00239541027874913,-0.00317209579697315,-0.0273052354590814,-0.0131913288356812,1.57868594601595,-0.0497133379696422,0.00302573655120591,-0.00540908269695094,12.2689258270572,-6.17849620604282,-0.334765847329688,6.08833530099003,12.3184650388785,-0.00410354743069918,7.1350955071631,-6.56739914973047,-2.81,0.135463985379415,0.0432937304565482,13.7468223571777,19.1218364176235,0.169799260655466,1.11053450778991,173.75,55.2898956399597,119.141810892561,-173.75,1.11474180221558,14.0100002288818,9.10000038146973,15.9969997406006,37.0699996948242,991.332723658328
9.75,-0.0255782912363619,-0.0530105688553639,0.489,0.223841662646691,0.142374152289276,-9.71959540409554,-0.00471129187983609,0.00396677180528009,-0.00307855696838077,-0.02618939698333,-0.0134716685003157,1.57875416738638,-0.0383250718044136,0.018034770485765,-0.00622391094052941,12.2717073420329,-6.16070967463881,-0.338636732718643,6.06960402850825,12.3216713899841,-0.0118623269698939,7.1350889318126,-6.56727708150495,-2.81,0.1347324430597,0.0443666090558727,13.7558304680215,19.1247799170335,0.169799260655466,1.11053450778991,173.75,55.2898956399597,119.141810892561,-173.75,1.11474180221558,14.0100002288818,9.10000038146973,15.9969997406006,37.0699996948242,991.328994134826
9.775,-0.0255752574751344,-0.0549164816043873,0.489,0.214904317581955,0.0127804176551596,-9.75153319238041,-0.0179695301946131,-0.000553920312819435,-0.00332449157788451,-0.0271124220590015,-0.013767646382209,1.57875720476858,-0.0279560904314601,0.00180053231277334,-0.00286867114547687,12.2758585006576,-6.15159679707155,-0.337280101355421,6.06054918754455,12.3256782617953,-0.00137140028024796,7.13508235646211,-6.56715501327943,-2.81,0.13500187664632,0.0446907743940579,13.7655777059088,19.1306603467324,0.169799260655466,1.11053450778991,173.75,55.2898956399597,119.141810892561,-173.75,1.11474180221558,14.0100002288818,9.02000045776367,16.0060005187988,37.0699996948242,991.325264611324
9.8,-0.0274833032724886,-0.0523763008879156,0.489,0.226288284579852,0.112298796492835,-9.62690267681779,-0.0225493157617422,-0.0103952068464142,-0.00375537462914975,-0.0262854950233182,-0.0148106150251036,1.57882871767021,-0.0119101714429995,-0.000110552551880094,-0.00409560905918881,12.2702749838768,-6.15494221875691,-0.349078866490932,6.06322186050778,12.3208006619564,-0.00544700059155517,7.13507578111162,-6.5670329450539,-2.81,0.133744844334439,0.0446392645815584,13.7662706375122,19.1249744240277,0.169799260655466,1.11053450778991,173.75,55.2898956399597,119.141810892561,-173.75,1.11474180221558,14.0100002288818,9.02000045776367,16.0060005187988,37.0699996948242,991.321535087821
9.825,-0.0270044603178576,-0.0544376411898561,0.489,0.19428953584823,0.0773018463472924,-9.60785791669746,-0.0187973852923014,-0.0046453337520769,-0.00263106636741103,-0.0291700897665505,-0.0142784538097637,1.57865206249447,-0.046362796023807,-0.0133390610784979,-0.0020068454208992,12.2881926879478,-6.16526081651902,-0.338763897320758,6.07578814927356,12.3373174626709,0.016662544474954,7.13506904114211,-6.56690595294793,-2.81,0.135407560395224,0.0436729831736687,13.7662706375122,19.1437133309044,0.169799275397487,1.11053451104012,173.749176025391,55.310654240547,119.183689292696,-173.749176025391,1.11467790603638,14.0109977722168,9.02000045776367,16.0060005187988,37.0698318481445,991.318523053602
9.85,-0.0281134620169594,-0.0529930106583948,0.489,0.213357097835285,0.0718747909665581,-9.6099035143646,-0.0345621675248636,0.00668956995402386,-0.000825602853422159,-0.0276472998834389,-0.015359203129457,1.57887101090905,0.000862668816262617,-0.00688564594909856,-0.000610437790447674,12.2851196163027,-6.13876490638822,-0.350553587732396,6.04670107008376,12.3356730188554,0.00798257913512501,7.13506229497106,-6.56677877534884,-2.81,0.13385881694162,0.0452281758517057,13.7730720275371,19.1423154243253,0.169799496527802,1.11053455979326,173.736694335938,55.6220332394298,119.811865295276,-173.736694335938,1.11372029781342,14.0259618759155,9.02000045776367,16.0060005187988,37.0673370361328,991.32555586935
9.875,-0.0287498304237904,-0.0549102583425301,0.489,0.22677245254715,0.091444497867589,-9.62704154619663,-0.0342711507569389,0.0117178663401757,-0.001284335890565,-0.0289954402177721,-0.0151639237784763,1.57895932100847,0.0134929417607608,-0.0105088525111079,0.00274120131990571,12.2892196449506,-6.15840416719995,-0.345534678001747,6.06530281931325,12.3402583610453,0.0195160142006977,7.1350555488,-6.56665159774975,-2.81,0.134645674375479,0.0439517793616146,13.7803567650766,19.1473699490777,0.169799717658116,1.1105346085464,173.724227905273,55.9334122397307,120.440041297856,-173.724227905273,1.11276268959045,14.0409259796143,9.06999969482422,15.9949998855591,37.0648460388184,991.332588685097
9.9,-0.0281206181395275,-0.051739966714825,0.489,0.209597371831221,0.0417872899347237,-9.70277859368301,-0.0358000735734689,0.0134198987593953,0.000447790092514712,-0.0294495255441207,-0.0140897159970606,1.578944920414,-0.050552205738891,0.0280524827612606,-0.00170243811780239,12.2923666619386,-6.16640652583446,-0.338706324144339,6.07332859643901,12.3432567140337,0.0162178465316706,7.13504280328442,-6.56634686502252,-2.81,0.135536334309994,0.0434537503063924,13.7808055877686,19.1490953282428,0.16979993878843,1.11053465729954,173.711761474609,56.2447912400317,121.068217300436,-173.711761474609,1.1118049621582,14.055890083313,9.06999969482422,15.9949998855591,37.0623512268066,991.339621500844
9.925,-0.0266908666520848,-0.0503151062903923,0.489,0.199784741228504,0.0333205314642823,-9.8442455763412,-0.0546955513656694,0.0131517005513608,0.00247531247169391,-0.0327016382868462,-0.0139951533125214,1.57900793427331,-0.0452888325586351,-0.00646366464464509,0.00587024336420445,12.302122204699,-6.13970282424357,-0.337455904354679,6.04622149826757,12.3528933060621,0.0356449111152656,7.13502494888282,-6.56589093095875,-2.81,0.136743094981741,0.0442958756705334,13.7808055877686,19.1625568471741,0.169800147282726,1.11053470326678,173.699996948242,56.5383771545201,121.660497531449,-173.699996948242,1.11090207099915,14.0699996948242,9.06999969482422,15.9949998855591,37.060001373291,991.345616573959
9.95,-0.0281240195627144,-0.0491922287325245,0.488998098232371,0.256319909107184,0.0774821983014137,-9.75597404502022,-0.0547165976605206,0.00901698087507724,0.00187040285842601,-0.031199114810551,-0.0148152870091159,1.57935024265081,-0.0182776515692349,0.0128982628249874,0.00436132296200977,12.3021337369954,-6.14242537491757,-0.347939557418927,6.04482641107523,12.3552554804848,0.0261070275393512,7.13500709448122,-6.56543499689499,-2.81,0.135339263797952,0.0442731026297143,13.7892294383106,19.1631032229892,0.169800147282726,1.11053470326678,173.699996948242,56.5383771545201,121.660497531449,-173.699996948242,1.11090207099915,14.0699996948242,9.06999969482422,15.9949998855591,37.060001373291,991.334488893631
9.975,-0.0281219906368863,-0.0504668694548395,0.488188786900556,0.199666592584889,0.0939928933727806,-9.78095558102369,-0.0408986443500219,0.0107927425837202,0.00416934074726648,-0.0327927193536686,-0.0146738517478419,1.57957362521928,0.00529576957099078,-0.00184278858466865,0.00788604048964452,12.306852674258,-6.16115378585269,-0.344627430034067,6.06087670758302,12.3612913606326,0.0381604163557258,7.13498924007963,-6.56497906283123,-2.81,0.136093691660695,0.0429564929827012,13.7981612597395,19.1694926284408,0.169800147282726,1.11053470326678,173.699996948242,56.5383771545201,121.660497531449,-173.699996948242,1.11090207099915,14.0699996948242,9.02999973297119,16.0060005187988,37.060001373291,991.323361213304
10,-0.0281260190364631,-0.0479360908156487,0.487379471737064,0.208388999457539,0.140796970992673,-9.78287795003114,-0.0259597398024128,0.0103236164542119,0.0065708639031549,-0.0339027667365803,-0.0143741515125132,1.57976680910487,0.0217563157945451,-0.00831208924027866,0.0103922201555369,12.3073680183121,-6.17475030877195,-0.3418317381786,6.07213288335968,12.3629653647014,0.0445812639162272,7.13497761547754,-6.56470785923631,-2.81,0.136733799022308,0.0420012141248286,13.7986268997192,19.1712046254027,0.169800147282726,1.11053470326678,173.699996948242,56.5383771545201,121.660497531449,-173.699996948242,1.11090207099915,14.0699996948242,9.02999973297119,16.0060005187988,37.060001373291,991.312233532976
10.025,-0.0279680744941054,-0.0477692539115344,0.486570150742762,0.210750359240759,0.11901841112433,-9.96202522357901,0.00274568256949987,0.0180616749842284,0.00698597208918681,-0.034713082334616,-0.013976351099872,1.57994127440687,0.0338079629885291,-0.00965416436477391,0.0122670614887824,12.3081899437079,-6.18858751766551,-0.336808133478035,6.08372870730076,12.3648420612715,0.0502064612620545,7.13497081012409,-6.56457955944759,-2.81,0.137414179004785,0.0410842477117183,13.7986268997192,19.1731294747294,0.169800157792013,1.11053470558836,173.700119018555,56.5532047255579,121.690351790265,-173.700119018555,1.11091244220734,14.0689306259155,9.02999973297119,16.0060005187988,37.060001373291,991.301809714129
10.05,-0.0278082583106535,-0.0469771802751264,0.48576082979097,0.234676500618005,0.104812704989828,-10.1646986638518,0.00552366561825712,0.0314313562939953,0.00745524906641311,-0.035386380366506,-0.0128489573083273,1.58009860762266,0.0199682175109587,0.00558865716233849,0.0117472492054785,12.314849931447,-6.18954794741595,-0.337927159326049,6.08280119056487,12.3724773831386,0.0395028127809543,7.13496400477064,-6.56445125965887,-2.81,0.137952076459678,0.0408488853477971,13.8016146911295,19.1789983912103,0.169800378487031,1.1105347543415,173.702606201172,56.8645837258588,122.317291225944,-173.702606201172,1.11112999916077,14.0464839935303,9.02999973297119,16.0060005187988,37.060001373291,991.305463124907
10.075,-0.0262285607967239,-0.0457099067965493,0.485219696006614,0.18132739632225,0.0634481608372169,-10.2837652959622,0.0344743678657961,0.0346878619141877,0.00849389114425527,-0.0356978289783001,-0.0118691474199295,1.5801784992218,-0.000152927474118769,0.0220477655529976,0.0103118568658829,12.3248680788296,-6.18318247961712,-0.330765074752589,6.07513934929466,12.3828462039033,0.036414950256335,7.13495719941719,-6.56432295987016,-2.81,0.138714337955688,0.0410710656087289,13.8047511288786,19.1890727046705,0.16980059918205,1.11053480309464,173.705108642578,57.1759627261598,122.944230661544,-173.705108642578,1.11134767532349,14.024037361145,8.77000045776367,16.0090007781982,37.060001373291,991.309116535685
10.1,-0.0262126095264521,-0.0510716964527321,0.485857806084438,0.202664510665639,0.0450688710269904,-10.4566792040044,0.0167534943457521,0.041388519082687,0.0101558894454533,-0.0319910294355672,-0.0122590014501589,1.58068425341123,0.0544771848561724,0.0392166658182791,0.00892630378387524,12.3308405722128,-6.17665214474199,-0.333308362228523,6.06191875542768,12.3921206079527,0.0155961327227767,7.13494884672357,-6.56414380180429,-2.81,0.137030538318515,0.0418003846464569,13.8048849105835,19.1957116944046,0.169800819877068,1.11053485184778,173.707595825195,57.4873417264608,123.571170097222,-173.707595825195,1.11156535148621,14.0015916824341,8.77000045776367,16.0090007781982,37.060001373291,991.312769946463
10.125,-0.0246295936781168,-0.0479150198834094,0.486667124737587,0.200145143862122,0.125771082988895,-10.4825527219484,0.0424269454895446,0.0516062025407626,0.00998168957281576,-0.0316852200431117,-0.0104873278765131,1.58128484130086,0.0814092254267851,0.0324731004347582,0.014545270166178,12.3386669622226,-6.18919726888785,-0.330114925348312,6.06678835247697,12.4037050994962,-0.00447132773496062,7.13493931508702,-6.56392589401332,-2.81,0.137636027526364,0.0409487304129861,13.8048849105835,19.2037226369204,0.169801032164657,1.11053489874366,173.710006713867,57.7868586690806,124.174226125801,-173.710006713867,1.11177468299866,13.9799995422363,8.77000045776367,16.0090007781982,37.060001373291,991.31643669509
10.15,-0.0239989901812101,-0.0520594205226894,0.487476451119533,0.222977942668802,0.0370377318415839,-10.6647937209156,0.0387073978972026,0.0605738982637884,0.0115285462086994,-0.0299073292024856,-0.00839552680892888,1.58142056505866,0.013441047247817,0.0805319640430437,0.00597564811536284,12.3371342668083,-6.21872190836309,-0.313591752045683,6.09388996970185,12.4032115616171,-0.0239138599429814,7.13492978345047,-6.56370798622234,-2.81,0.138613175698189,0.0396253138651296,13.8173477032405,19.1986998780605,0.169801032164657,1.11053489874366,173.710006713867,57.7868586690806,124.174226125801,-173.710006713867,1.11177468299866,13.9799995422363,8.77000045776367,16.0090007781982,37.060001373291,991.320440224401
10.175,-0.0224047307831268,-0.0523807078026531,0.488285765953755,0.289599661629351,0.105585419061789,-10.8198707107686,0.0294146024911659,0.0613326913049885,0.0124591311339829,-0.0287046124031051,-0.00747022294186638,1.58183213069148,0.0229197889794977,0.0766657767502054,0.00825104259516247,12.3370698408,-6.20499663879609,-0.304924004260717,6.07466042914137,12.4054649785686,-0.0345474854930563,7.13492025181391,-6.56349007843136,-2.81,0.138939637249874,0.0403711945464046,13.8303016404358,19.2002224858553,0.169801032164657,1.11053489874366,173.710006713867,57.7868586690806,124.174226125801,-173.710006713867,1.11177468299866,13.9799995422363,8.72000026702881,15.9899997711182,37.060001373291,991.324443753711
10.2,-0.0224007061676177,-0.0549091091610186,0.488806933404935,0.284961948425705,0.00533717543170792,-10.8245227965078,0.0201844624109453,0.0449103038777456,0.00986220152935139,-0.0306826877728276,-0.00611701673978872,1.58213573528296,0.0265232105867465,0.0314772671550386,0.0145335105086382,12.3383216700125,-6.21377736262606,-0.301020404847108,6.07977615520303,12.4085025860173,-0.0347779318939887,7.13491072017736,-6.56327217064039,-2.81,0.140318709605798,0.0394824901920877,13.8307313919067,19.2026926209545,0.169801032164657,1.11053489874366,173.710006713867,57.7868586690806,124.174226125801,-173.710006713867,1.11177468299866,13.9799995422363,8.72000026702881,15.9899997711182,37.060001373291,991.328447283022
10.225,-0.0220849250923279,-0.0526931168455568,0.488660844187137,0.273014105789843,0.0101755350606078,-10.6026939865774,-0.0278495300256211,0.0229141402106471,0.00790125142542988,-0.0284556017421623,-0.00651421678518354,1.58260522696878,0.00546403638786643,0.0306733676402442,0.00923877637783422,12.333720225061,-6.19710726875249,-0.325686412074951,6.05777959024319,12.4068297923452,-0.0688888185599649,7.13490209660578,-6.56307911681807,-2.81,0.138104130356547,0.0405495721951747,13.8307313919067,19.1971697764196,0.169801038457792,1.11053490012417,173.709930419922,57.7956757776944,124.192103350628,-173.709930419922,1.11181199550629,13.9798574447632,8.72000026702881,15.9899997711182,37.060001373291,991.332412538506
10.25,-0.0230345918358377,-0.0555542682558881,0.488357347963317,0.237862810653168,0.109398931236156,-10.4483798403627,-0.0445909195490655,0.0153509520638352,0.00758530896907021,-0.0303642256656032,-0.00554716885430915,1.58279492133507,-0.0414112915187677,0.0353720948619645,0.0077394913122976,12.334701146974,-6.20324218094407,-0.333819446473994,6.06206739028531,12.4089453484813,-0.0769133115458692,7.13489596834172,-6.56295436019569,-2.81,0.138705057569407,0.0398565728268594,13.8266221089488,19.1977525393104,0.169801258717515,1.11053494844202,173.707427978516,58.1042746089576,124.817806219326,-173.707427978516,1.11311793327332,13.9748687744141,8.72000026702881,15.9899997711182,37.060001373291,991.335076483865
10.275,-0.0230345918358377,-0.0555542682558881,0.488053853906751,0.194605269059637,0.0526039146588824,-10.3555055577941,-0.0494651225626,0.0205101689475549,0.00918491162329978,-0.0322728495890444,-0.00458012092343462,1.58298461570136,-0.0882866194254085,0.0400708220836853,0.00624020624676077,12.338383783867,-6.21220022387983,-0.339939864622849,6.06908605499196,12.4137844269574,-0.0827996935832847,7.13488984007766,-6.56282960357331,-2.81,0.139389427415715,0.0390080756069636,13.8223925542945,19.2011832782086,0.169801478977237,1.11053499675986,173.704940795898,58.4128734388027,125.443509088025,-173.704940795898,1.11442375183105,13.9698810577393,8.96000003814697,15.996000289917,37.060001373291,991.337740429224
10.3,-0.021143083593665,-0.0485810499294519,0.487750362739587,0.248773576863566,0.113123029895923,-10.3008249597161,-0.0414138716516623,0.0244144985918705,0.00886773967224388,-0.0329896174371243,-0.00421695411205292,1.58305585384369,-0.10589025914669,0.0418353900313377,0.00567716220393777,12.3382663273695,-6.19398484549419,-0.384588401935661,6.05156812623992,12.4140363894656,-0.128047665801561,7.13487996249184,-6.56260719191129,-2.81,0.137471870254764,0.0398270195821593,13.8222923278809,19.1958181506308,0.16980169923696,1.1105350450777,173.702453613281,58.7214722686477,126.069211956723,-173.702453613281,1.11572968959808,13.9648933410645,8.96000003814697,15.996000289917,37.060001373291,991.340404374582
10.325,-0.0224097835362745,-0.0492063951526937,0.487446865044638,0.227171879053038,0.0772812654311013,-10.214775933362,-0.0374982902133078,0.00121922238254693,0.00984622671586577,-0.0326593628788133,-0.00476585946701903,1.58372543956025,-0.0399252403753225,0.0251941708849827,0.00759361976415268,12.3290467804225,-6.22772301528997,-0.382404524525487,6.07695914548163,12.4093637754812,-0.120082976808049,7.1348674473607,-6.56231608259921,-2.81,0.137291874596922,0.0379039835374629,13.8222923278809,19.1906086460106,0.169801915301259,1.11053509247521,173.699996948242,59.0241930260836,126.682996675537,-173.699996948242,1.1170107126236,13.960000038147,8.96000003814697,15.996000289917,37.060001373291,991.342941610377
