0,-0.0167016197900145,-0.0454057471092786,0.485,0.359877296926054,0.0551482680752176,-10.7329060938166,-0.0460762330708367,0.044203199902549,-0.0497875758634041,-0.061895526945591,0.000438563525676727,1.6075359582901,-0.0937298387289047,0.0894462913274765,-0.0529349409043789,11.773767583773,-5.63410362839128,-0.445480777390192,5.21459212317728,11.9733432946801,-0.101288063545791,7.16271900035294,-6.0076543297566,-2.81,0.153500680492413,0.0610531662782868,13.0829572677612,18.2879357570575,0.169740903826597,1.1105221683121,172.880004882812,0,0,-172.880004882812,1.15680420398712,13.1999998092651,8.53999996185303,16.1240005493164,40.8499984741211,991.387939453125
0.025,-0.0162231149716694,-0.0452469228992242,0.485,0.306640046581275,0.133355264516306,-10.5182851039676,-0.0500114449883135,0.0223301390593309,-0.0465126258325475,-0.0620781965099486,0.000129121169572563,1.6064552944831,-0.0703019549179467,0.0549354620630793,-0.0502721264174451,11.78044763408,-5.62495780368502,-0.453283038775958,5.21866779811057,11.974099147537,-0.104968012730394,7.16280897591743,-6.00814657661703,-2.81,0.153058602745823,0.0619015678319696,13.0829572677612,18.2881941223089,0.169740903826597,1.1105221683121,172.880004882812,0,0,-172.880004882812,1.15680420398712,13.1999998092651,8.5401496887207,16.1240062713623,40.8499984741211,991.394628541082
0.05,-0.0147978877712346,-0.0447738647907609,0.485,0.323649609797749,0.174735579999666,-10.2665329695182,-0.0310734748050561,-0.00826869608479658,-0.049552724321661,-0.0621818453073502,-4.64599579572678e-05,1.60584211349487,-0.0570087060332298,0.0353536233305931,-0.0487612150609493,11.786023282951,-5.62409048481083,-0.472682483647021,5.22616342344332,11.9765005292542,-0.12173036673109,7.16289895148191,-6.00863882347747,-2.81,0.151980620922199,0.0621496288673037,13.0829572677612,18.2877821417443,0.169740903826597,1.1105221683121,172.880004882812,0,0,-172.880004882812,1.15680420398712,13.1999998092651,8.60999965667725,16.1259994506836,40.8499984741211,991.40131762904
0.075,-0.0162280594435687,-0.045248564056875,0.485,0.310834251711888,0.163823419026112,-9.93588616663589,-0.0178385091977132,-0.0263480157453813,-0.0507318062439841,-0.0624859662085437,-0.00109085325062482,1.60436178400961,-0.00745914286465146,0.00275168086786497,-0.0516995921561515,11.7854881900563,-5.62652106612175,-0.48364345157934,5.24704588435918,11.9684523217091,-0.118493392768675,7.16298892704639,-6.0091310703379,-2.81,0.151238236372823,0.0625261458297707,13.0852680939894,18.2786364419667,0.169740903826597,1.1105221683121,172.880004882812,0,0,-172.880004882812,1.15680420398712,13.1999998092651,8.60999965667725,16.1259994506836,40.8499984741211,991.408006716997
0.1,-0.0173036982295994,-0.0448036686696937,0.485,0.267441874299884,0.127774119688431,-9.85101124536413,-0.0260332981383714,-0.0212437487759189,-0.0516898242136916,-0.0665853958258848,7.42977664265726e-06,1.60260617639263,-0.057072309294451,-0.0119555882256639,-0.0543260506164439,11.7972063091962,-5.62813797132661,-0.505622166944684,5.27124628580267,11.9709105891008,-0.130114426177602,7.16307903928238,-6.00962416931692,-2.81,0.151985738791966,0.0622907994404935,13.0876405422504,18.277320592871,0.169740903826597,1.1105221683121,172.880004882812,0,0,-172.880004882812,1.15680420398712,13.1999998092651,8.60999965667725,16.1259994506836,40.8499984741211,991.414695804955
0.125,-0.0189255885367266,-0.0441313662799626,0.485,0.247074230775934,0.115833306487412,-9.84143091359442,0.00288554903888315,-0.00161330885063685,-0.0514400271547828,-0.063799052876124,-0.00190872957987279,1.60160807870983,0.0401902755348207,-0.00651013049229483,-0.0499042934281294,11.8099267758745,-5.60519204011628,-0.508701208689627,5.25971550136325,11.9779128080388,-0.127760657326444,7.16318728492164,-6.01023032631209,-2.81,0.150076045613829,0.0644014264239793,13.0877637863159,18.2863584713875,0.169741098158567,1.1105222062208,172.882293701172,0.242117181331822,0.552052693896336,-172.882293701172,1.15764224529266,13.1817092895508,8.61010646820068,16.1260738372803,40.8499984741211,991.410193288428
0.15,-0.0186118276303185,-0.0428687831553388,0.485,0.187355132969499,0.00948345058486835,-9.9961641717504,-0.0178751872096712,0.00230701890719981,-0.0517673977224642,-0.0647575739628218,-0.00153797779986089,1.60065437368682,0.0377780693310759,-0.0134038396801657,-0.0502161327336,11.8121931158073,-5.61039594727989,-0.504754693741479,5.2761475585602,11.9752450807451,-0.122467904467833,7.16329553056089,-6.01083648330726,-2.81,0.150828192982047,0.0642777490742411,13.0877637863159,18.2834156070873,0.16974130702003,1.11052224696379,172.884750366211,0.502336583936008,1.14538035561515,-172.884750366211,1.15854287147522,13.1620512008667,8.61999988555908,16.132999420166,40.8499984741211,991.404854016426
0.175,-0.0192412766589254,-0.0454017045776651,0.485,0.270741585941773,0.0163302805330337,-10.1720316769809,-0.0209875490968554,0.00240018743323703,-0.0538636604898755,-0.0656806694217291,-0.0010577505253326,1.59969202919013,0.0263107860393504,-0.014250080713159,-0.0510430617269729,11.8148083081457,-5.6187610355314,-0.497076401975597,5.29556320746602,11.9729321187438,-0.114728713582323,7.16340377620015,-6.01144264030244,-2.81,0.151807129537456,0.0639851944823547,13.0986413650024,18.2808930627422,0.169741515881493,1.11052228770679,172.88720703125,0.762555983703863,1.73870801725512,-172.88720703125,1.15944349765778,13.1423931121826,8.61999988555908,16.132999420166,40.8499984741211,991.399514744424
0.2,-0.0192473404563455,-0.0415922192742988,0.485,0.251771911352296,0.0280633792969098,-10.2020165216826,-0.0453402097447747,0.00785482894664839,-0.0498439546706876,-0.0663207541280784,0.000467048257602834,1.59861960312204,-0.072301355453502,0.0421207664154401,-0.0565176134213064,11.8264047397184,-5.60452543004516,-0.506756733879107,5.29460570001981,11.9782711332781,-0.139742226907912,7.16350204984159,-6.01196195638085,-2.81,0.152051694839255,0.0649779225329946,13.1104381756905,18.2830942884786,0.169741724742956,1.11052232844978,172.889663696289,1.02277538488988,2.33203567889509,-172.889663696289,1.16034412384033,13.1227340698242,8.61999988555908,16.132999420166,40.8499984741211,991.394175472422
0.225,-0.0186096173747832,-0.0409544961927365,0.485,0.287060136577577,0.0408093846842107,-10.1401008910237,-0.0548044385828987,-0.00454567291096949,-0.0497768963099399,-0.067259774509087,-0.000251856036181179,1.59657229981671,-0.0597238493869656,0.0266288156794825,-0.0518147498936122,11.8371675791628,-5.58569087252488,-0.531753340927978,5.30185492765394,11.9778304340276,-0.152160625566509,7.16359852288331,-6.0124655919775,-2.81,0.150856670275261,0.0665662515242653,13.1116638183594,18.2806167964312,0.169741753801942,1.11052233411838,172.889999389648,1.05897982318011,2.4145856144612,-172.889999389648,1.16046941280365,13.1199998855591,8.61615371704102,16.1335563659668,40.8499984741211,991.395343487079
0.25,-0.0173487460621282,-0.0390555909522817,0.485,0.287969979817987,0.1009439908772,-10.0102668306579,-0.0541926399905391,-0.0178481466274976,-0.0503021721148292,-0.0696087783410206,-0.000579705912668264,1.59522842283351,-0.0471719202986281,-0.00897862874202747,-0.0505426044171405,11.8446510495365,-5.56143708707094,-0.561603912657348,5.29599917111933,11.9777038178482,-0.166565136971388,7.16369499592503,-6.01296922757415,-2.81,0.150030423285298,0.0679449256790678,13.1116638183594,18.2795063444383,0.169741753801942,1.11052233411838,172.889999389648,1.05897982318011,2.4145856144612,-172.889999389648,1.16046941280365,13.1199998855591,8.42000007629395,16.1620006561279,40.8499984741211,991.397563184428
0.275,-0.0184686660086919,-0.0328497553897485,0.484708659435724,0.184532656728632,0.0628027687002136,-9.80924457974714,-0.0387934507351095,-0.0308834267183855,-0.0504269939997486,-0.0691160313077511,-0.00213260897286691,1.59421137845726,-0.00992522835829274,-0.0191566475413144,-0.0493659267481688,11.8450148020975,-5.56249223600815,-0.567160182371824,5.30951348268864,11.9729684647663,-0.156393506538577,7.16379146896676,-6.0134728631708,-2.81,0.149067617343082,0.0683759943000754,13.1149860100868,18.2754492671414,0.169741753801942,1.11052233411838,172.889999389648,1.05897982318011,2.4145856144612,-172.889999389648,1.16046941280365,13.1199998855591,8.42000007629395,16.1620006561279,40.8499984741211,991.399782881777
0.3,-0.0198923976473744,-0.0346042178251059,0.484384928371374,0.268550102489137,0.067064811286367,-9.7031667577707,-0.0383733818783321,-0.0413450421390468,-0.0491647900645281,-0.0702447827152055,-0.00303709018154549,1.5930773310513,0.0140905950160973,-0.0399071263916045,-0.0479712814808246,11.849698825461,-5.57630892219403,-0.567669806350591,5.33699742246721,11.9720507386854,-0.138895938871148,7.1638786950564,-6.01395867376808,-2.81,0.14918444736905,0.0678263791065324,13.1188040513259,18.2748139983526,0.169741753801942,1.11052233411838,172.889999389648,1.05897982318011,2.4145856144612,-172.889999389648,1.16046941280365,13.1199998855591,8.42000007629395,16.1620006561279,40.8499984741211,991.402002579127
0.325,-0.0203729137457975,-0.0341276101416033,0.484061201920925,0.187848634637042,0.111256476213662,-9.43720140836258,-0.0073211923710366,-0.045109732024361,-0.0470118229773104,-0.0723335628000228,-0.001958984119081,1.59216109829321,-0.0555849447276824,-0.0222422814550335,-0.0519903658734001,11.8557972964513,-5.5811346107088,-0.573407572446592,5.35341723683602,11.9732030833662,-0.145331119692515,7.16396434243842,-6.01444144115045,-2.81,0.150051794252288,0.0674757936105404,13.1193990707397,18.2738582845456,0.169741918735557,1.11052236635849,172.889999389648,1.26489256763987,2.88312430146604,-172.889999389648,1.15897619724274,13.1297225952148,8.41972255706787,16.1618881225586,40.8499984741211,991.401706271701
0.35,-0.0208500969863507,-0.0304735096207818,0.483737470847683,0.208602891495956,0.0607712712324767,-9.42173815560469,0.00234831098617579,-0.0422307900592119,-0.0476000754453773,-0.0721306019627627,-0.00406926090889332,1.59083020886454,0.027479040929215,-0.0545960599148578,-0.0476790343392608,11.8645874279699,-5.54494228880323,-0.594833394148408,5.33458227185092,11.9745454945408,-0.145391791106079,7.16404998982044,-6.01492420853281,-2.81,0.148096855959715,0.0699878204245269,13.1193990707397,18.2775301732975,0.169742127168146,1.11052240710148,172.889999389648,1.52511196882589,3.47523363118009,-172.889999389648,1.15708923339844,13.1420087814331,8.40999984741211,16.1580009460449,40.8499984741211,991.400746402578
0.375,-0.0226792858316341,-0.0291793497920909,0.483413745942116,0.20956110763589,0.0690031831106675,-9.43329932619562,0.00841121806028774,-0.0311530726321577,-0.0472459567946863,-0.0719232746449958,-0.0036165151738571,1.59025034110475,-0.0406841561940647,-0.00465516416147796,-0.0509428504477486,11.8629510007258,-5.5671424802023,-0.580676718070372,5.3626404043436,11.9701045134599,-0.136209845280812,7.16413563720246,-6.01540697591518,-2.81,0.149006855712391,0.0690161419072954,13.1245629970844,18.272196430641,0.169742335600736,1.11052244784448,172.889999389648,1.78533137143008,4.0673429608153,-172.889999389648,1.15520215034485,13.1542949676514,8.40999984741211,16.1580009460449,40.8499984741211,991.399786533454
0.4,-0.0237078697820718,-0.0295202422772388,0.483090019500345,0.20025509248608,0.0400735109058016,-9.36605484263896,-0.00466647061081397,-0.029904310722322,-0.0471119814134139,-0.0702400988212647,-0.00591756622426498,1.58837835717223,-0.00778438547075888,0.0047562231806361,-0.0485667694901787,11.8676485761269,-5.56727012004842,-0.562439209244592,5.38349040257961,11.9649458272725,-0.100098031413512,7.16422896849834,-6.01591230021559,-2.81,0.148665798987666,0.0700057807381951,13.1308744626167,18.2709019350538,0.169742544033325,1.11052248858747,172.889999389648,2.0455507726161,4.6594522906082,-172.889999389648,1.15331506729126,13.1665811538696,8.40999984741211,16.1580009460449,40.8499984741211,991.39882666433
0.425,-0.0214909032049003,-0.0288927038856656,0.482766290731162,0.24677876370956,0.00471913173864227,-9.26349431889101,-0.00733501161373431,-0.0357667999824986,-0.0456729706882293,-0.0729014380693594,-0.00594944363738073,1.58705437371681,-0.0164696577874983,-0.0310934066802993,-0.0478694346430759,11.8944916801842,-5.53627423985789,-0.589942482607651,5.37041615566855,11.9842750530282,-0.114362100233326,7.16432411662991,-6.01642295802371,-2.81,0.148039518729612,0.0716053191661896,13.1321859359741,18.2896062927595,0.169742602031959,1.11052249992465,172.889999389648,2.11795964919656,4.82421314752755,-172.889999389648,1.15278995037079,13.1700000762939,8.41653823852539,16.1568393707275,40.8482284545898,991.398862659422
0.45,-0.0227608848353031,-0.0285653921872185,0.482442561976805,0.166468499524637,0.0530449337182682,-9.33459610516037,-0.00482209407760658,-0.0331901175234398,-0.0428185926468339,-0.0722229008366026,-0.00686071608954725,1.58610298650918,-0.0184131210220838,-0.0176049722297509,-0.0456726587787859,11.893281338164,-5.53281731607955,-0.58585884513404,5.37796338680737,11.9779898226795,-0.1034825888566,7.16441926476148,-6.01693361583182,-2.81,0.147770996029948,0.0722813602530181,13.1321859359741,18.2848005364725,0.169742602031959,1.11052249992465,172.889999389648,2.11795964919656,4.82421314752755,-172.889999389648,1.15278995037079,13.1700000762939,8.59000015258789,16.1259994506836,40.8457679748535,991.399282602163
0.475,-0.0245060879803017,-0.0296833494660794,0.48211883551786,0.134298224651507,0.0973492990233085,-9.64571477665611,0.00814989028100086,-0.00511752102586944,-0.0414989837473807,-0.0729285923912102,-0.00584209441778742,1.58501885218011,-0.0337758127101968,0.0118164983027785,-0.0460262023617803,11.9033905758388,-5.5348370325595,-0.583751593229805,5.39279413249174,11.9821410667535,-0.109366363846811,7.16451441289305,-6.01744427363994,-2.81,0.148513760990006,0.0723774923873288,13.1402097237416,18.2870852574928,0.169742602031959,1.11052249992465,172.889999389648,2.11795964919656,4.82421314752755,-172.889999389648,1.15278995037079,13.1700000762939,8.59000015258789,16.1259994506836,40.8433113098145,991.399702544905
0.5,-0.0237170057995236,-0.0257122894132825,0.481795104456687,0.222221200559447,0.096882102057297,-9.59044887040708,0.0513296169326972,0.0181396464672154,-0.0381003447150669,-0.0715240451561263,-0.00548520951662664,1.58408012164133,-0.00785074234391805,0.051003087754512,-0.0444456660742736,11.9125071301619,-5.52422691048788,-0.578160138521067,5.3926806102901,11.9860163584487,-0.116558658597083,7.16460063741533,-6.01792053690568,-2.81,0.148421461383493,0.0735082157310937,13.1506814467601,18.2903272407578,0.169742602031959,1.11052249992465,172.889999389648,2.11795964919656,4.82421314752755,-172.889999389648,1.15278995037079,13.1700000762939,8.59000015258789,16.1259994506836,40.8408546447754,991.400122487647
0.525,-0.0232372102842935,-0.0265105944720645,0.481471380326428,0.186583468498042,0.0609832045605402,-10.1436632293333,0.0510410423489588,0.0368047564981382,-0.0403372979221389,-0.0693287111351338,-0.00545697766544973,1.58304312606773,0.0705829952404819,0.036784974424276,-0.0393660078379948,11.9276107601825,-5.53031995459246,-0.540085649845992,5.40795190539164,11.9954107290189,-0.0905946293346256,7.16466741355623,-6.01832183967538,-2.81,0.149637144178324,0.0738679251130848,13.1534013748169,18.3023434565923,0.169742737966256,1.11052252761497,172.893218994141,2.29481356697362,5.21037140611213,-172.893218994141,1.15024471282959,13.1876287460327,8.59089756011963,16.1256847381592,40.8400001525879,991.399525177784
0.55,-0.022754973301714,-0.0304721870441714,0.481147734587937,0.266128285239876,0.0172561113240217,-10.401574852804,0.069376448789569,0.048071034782402,-0.0402612311115189,-0.0667162473729024,-0.00402563714350645,1.58211809213345,0.0329716722655754,0.0805997205674649,-0.0414286948167361,11.9370607642861,-5.54766514953808,-0.519714147989155,5.43446252240073,11.9998581749123,-0.100657696627699,7.16473418969712,-6.01872314244509,-2.81,0.150267263349921,0.0736599417345634,13.1534013748169,18.3031048855027,0.169742946398846,1.11052257007346,172.898132324219,2.56598957356997,5.80248073566849,-172.898132324219,1.14634191989899,13.2146577835083,8.60999965667725,16.1189994812012,40.8400001525879,991.3983853332
0.575,-0.0213248025063049,-0.0325414898841982,0.481,0.205686561954896,0.049199474886579,-10.3417556369033,0.0613828691507827,0.0402331410080771,-0.0366690847288602,-0.0643446808075743,-0.00377102940347535,1.58121841735969,0.0682266677583639,0.0645875997034943,-0.0405439336105709,11.9427886614866,-5.52844881423792,-0.521933948603334,5.42579508487763,12.0005262159216,-0.120335319762234,7.16480096583801,-6.01912444521479,-2.81,0.14937323320926,0.0754362290636517,13.1569610559023,18.3020831463396,0.169743154831436,1.11052261253196,172.903045654297,2.83716558158449,6.39459006546139,-172.903045654297,1.14243912696838,13.2416877746582,8.60999965667725,16.1189994812012,40.8400001525879,991.397245488615
0.6,-0.0205313102881349,-0.0327060876764362,0.481,0.191016686296466,-0.00789631991766335,-10.7260831364073,0.0688147433995751,0.0313597136438292,-0.0385248571027257,-0.0661799858773819,-0.00139262298558374,1.58002616134225,0.0353683229013108,0.0326049779262639,-0.0399313464528938,11.9505712042632,-5.5395813105679,-0.513294206286696,5.45086076463336,12.0015837317136,-0.129185920331157,7.16486774197891,-6.0195257479845,-2.81,0.151396046256223,0.0748568514164644,13.161944609422,18.2998625931291,0.169743363264025,1.11052265499045,172.907958984375,3.10834158959901,6.9866993950966,-172.907958984375,1.13853645324707,13.2687177658081,8.60999965667725,16.1189994812012,40.8400001525879,991.39610564403
0.625,-0.0203649190616059,-0.0369830481051763,0.481,0.249992105272543,-0.0117659906133221,-11.1626645629222,0.0475859785715205,0.0521491104744824,-0.0381741268687022,-0.0623006398429217,-0.00222827212995219,1.57962140438898,0.0831763808285396,0.0532080690360529,-0.0391127883369584,11.9524728543369,-5.51580229695888,-0.523187951271267,5.43197616183602,12.0012458267917,-0.152123395025865,7.16494890454987,-6.02001711290899,-2.81,0.149124794765957,0.0770135977167178,13.1634979248047,18.2984540471617,0.169743450261975,1.11052267271225,172.910003662109,3.22152809703306,7.23384068059389,-172.910003662109,1.13690745830536,13.2799997329712,8.58168792724609,16.1195335388184,40.8400001525879,991.400051279965
0.65,-0.0202070687085168,-0.0374709530040065,0.481,0.247686907113075,-0.0737025578800693,-10.9450700751235,-0.0051117064968079,0.0404042077778215,-0.0397101677568757,-0.0620007832908582,-0.0021251722604913,1.57867292364282,0.0797428722046503,0.0217096965827169,-0.0381094347045105,11.9528176109957,-5.50647033403501,-0.532475587668454,5.43456174526324,11.9963725059809,-0.164863481302341,7.16508292356006,-6.02083937054193,-2.81,0.148610852029675,0.0779244210922036,13.1634979248047,18.2923856988255,0.169743450261975,1.11052267271225,172.910003662109,3.22152809703306,7.23384068059389,-172.910003662109,1.13690745830536,13.2799997329712,8.07999992370605,16.128999710083,40.8400001525879,991.407640245226
0.675,-0.0205191901566077,-0.0403203695740366,0.481,0.198717063743762,0.00646006840479466,-10.514004269695,-0.00593888703317755,-0.000507226766888748,-0.0374044499906837,-0.0625903375160684,-0.00178881748298807,1.57758934156347,0.0635771564436583,-0.0227345452278751,-0.0370601641543605,11.9464272271946,-5.51532722730468,-0.525108997069809,5.456091322086,11.9840680161264,-0.157729666273068,7.16521694257024,-6.02166162817488,-2.81,0.149482099998832,0.0777466440609731,13.1647662382859,18.2800970548144,0.169743450261975,1.11052267271225,172.910003662109,3.22152809703306,7.23384068059389,-172.910003662109,1.13690745830536,13.2799997329712,8.03846168518066,16.1307888031006,40.8400001525879,991.415229210487
0.7,-0.0205191901566077,-0.0403203695740366,0.481,0.135547279190548,-0.0524142071563256,-10.1634086382816,-0.0326886398280214,-0.0400659529028014,-0.0390581890063808,-0.0631929001089333,-0.00144651867073406,1.57650959481244,0.0465354130315865,-0.0664119130747471,-0.0360449605725186,11.9413691189936,-5.5179845949134,-0.524743399090581,5.47179298480977,11.9730671583511,-0.157956999351498,7.16534740896391,-6.02246258636396,-2.81,0.149970468596888,0.0779012429375597,13.1666811429537,18.2685672524636,0.169743450261975,1.11052267271225,172.910003662109,3.22152809703306,7.23384068059389,-172.910003662109,1.13690745830536,13.2799997329712,7.3600001335144,16.1599998474121,40.8400001525879,991.422818175748
0.725,-0.0209992561577291,-0.0392035992319255,0.481,-0.0151766161103791,-0.032941346305023,-9.95840913449416,-0.0393006246665051,-0.0278930667581646,-0.0340019063771567,-0.0652950138952343,-0.000419015946585844,1.57587196895814,-0.0714911998528032,-0.0216872001967127,-0.038956857172566,11.9480545214445,-5.5233469689158,-0.571511889267535,5.48815158637612,11.9761514646695,-0.204896769780836,7.16544853099233,-6.0230876126289,-2.81,0.148575476218204,0.0774456589143807,13.1673774719238,18.2639671277153,0.169743557857049,1.1105226944953,172.912536621094,3.36065317899877,7.53949368233229,-172.912536621094,1.13761162757874,13.2913465499878,7.3600001335144,16.1599998474121,40.8400001525879,991.425528762687
0.75,-0.0214813427566926,-0.033011793558103,0.481,0.0157410506228329,-0.0358776425447692,-9.90409892477441,-0.050471858061601,-0.0115370368661127,-0.031662285665726,-0.0657340655063406,-0.00212962735989168,1.57490762830815,0.0256382591323148,-0.0402422091529264,-0.0294680976258906,11.9487543409061,-5.48901193763739,-0.626216664842475,5.46911778218427,11.9718764322167,-0.238861965378406,7.16554965302074,-6.02371263889385,-2.81,0.145233974011154,0.0796444402493754,13.1673774719238,18.2573234046435,0.169743767576259,1.11052273695379,172.917434692383,3.63182918701329,8.13525800790293,-172.917434692383,1.13898396492004,13.3134613037109,7.3600001335144,16.1599998474121,40.8400001525879,991.423609024439
0.775,-0.0229229639594148,-0.0287267498940225,0.481,-0.049124004831053,-0.090080630760599,-9.78193197799484,-0.0464399656067714,0.0101238596444149,-0.0260962558936331,-0.0675618102462403,-0.00154816437871564,1.57414600304451,0.0264853405521788,-0.0243396557862728,-0.0256448506900726,11.9539727886499,-5.5143208252981,-0.603077757331563,5.50238021728053,11.9728119819104,-0.210920761876654,7.16565077504916,-6.0243376651588,-2.81,0.147399448304307,0.0781603181515104,13.173135464008,18.2597666264765,0.169743977295469,1.11052277941228,172.922348022461,3.9030051950278,8.73102233347358,-172.922348022461,1.14035630226135,13.3355770111084,7.3600001335144,16.1599998474121,40.8400001525879,991.421689286191
0.8,-0.0237109384691384,-0.0282478869847711,0.481,0.0343258678491588,-0.0433634541773047,-9.93854935640888,-0.0586156213439008,0.0239853289061218,-0.0196426040437855,-0.0687351794239699,-0.000241156930932176,1.57382607101999,-0.0773540710806432,0.0372915719330023,-0.0240812929395298,11.9524648674538,-5.51914932613064,-0.600075022182279,5.51109209720634,11.9692695861536,-0.216714545384719,7.16575418169898,-6.02496038321654,-2.81,0.148496693823005,0.0777845082525374,13.1825687701886,18.2552827492086,0.16974418701468,1.11052282187077,172.927261352539,4.17418120304232,9.32678665904423,-172.927261352539,1.14172875881195,13.3576927185059,7.33196592330933,16.1619148254395,40.8400001525879,991.419769547943
0.825,-0.0216497737072748,-0.0245967243302451,0.481,-0.0190805256571858,-0.109105132530803,-9.82644718947033,-0.0511884474228728,0.0267023422085606,-0.0148056464255081,-0.0698635537370974,0.000273725956288544,1.57337623591158,-0.0158325102061121,0.0209769776056847,-0.0133757271957395,11.9519791297666,-5.50470213226424,-0.621533091419949,5.50380755913753,11.9661532811484,-0.239023160179282,7.16586408228879,-6.02557654029267,-2.81,0.147972056613624,0.0785383138310357,13.1864891052246,18.2503341274831,0.16974430372798,1.11052284549985,172.929992675781,4.32509654628772,9.65834245760827,-172.929992675781,1.1424925327301,13.3699998855591,6.94999980926514,16.1879997253418,40.8400001525879,991.419126852965
0.85,-0.0202346801398869,-0.0222299637536458,0.481,-0.0170270835663301,-0.116853646996939,-9.85572524387027,-0.0467116151138796,0.0355162533137093,-0.00495320736901813,-0.0708799570416497,0.00198014756351763,1.57322406863513,-0.118133967505832,0.077733490304447,-0.0100558189387054,11.9458284978024,-5.52677617160689,-0.602661180319149,5.52656298245989,11.958842063049,-0.233392288149129,7.1659739828786,-6.0261926973688,-2.81,0.150037326380688,0.0771898929887911,13.1864891052246,18.2424793014135,0.16974430372798,1.11052284549985,172.929992675781,4.32509654628772,9.65834245760827,-172.929992675781,1.1424925327301,13.3699998855591,6.94999980926514,16.1879997253418,40.8400001525879,991.420086722089
0.875,-0.0192755411034068,-0.0212708247171657,0.481,0.0557089553199623,-0.0849741299268016,-9.92757186536867,-0.0497105518532364,0.0285600609254075,-8.30482308737304e-05,-0.0723882446557325,0.00291689185753364,1.57320007064358,-0.127936805545233,0.0751609379149854,-0.00325532671740054,11.9438460068579,-5.51042296773054,-0.621079160791999,5.51218712390731,11.9564352386484,-0.255748974262362,7.16608388346841,-6.02680885444493,-2.81,0.149946413355002,0.0778199627683044,13.1849200236492,18.2388771832463,0.16974430372798,1.11052284549985,172.929992675781,4.32509654628772,9.65834245760827,-172.929992675781,1.1424925327301,13.3699998855591,6.94999980926514,16.1879997253418,40.8400001525879,991.421046591213
0.9,-0.0186448573678471,-0.0206364265345431,0.481,-0.0176159147100901,-0.176952904811312,-9.6446234192121,-0.0643011587087559,0.0228544137803225,0.00592543545872193,-0.0728816309947799,0.00303645292887376,1.57321609270324,-0.110857043143327,0.0632122278884753,-0.000501437095861652,11.9316547680789,-5.52121195015486,-0.644624538118703,5.52460840812084,11.9442715745246,-0.277103210414864,7.16617701434596,-6.02737035114415,-2.81,0.148987771705326,0.0771987507344293,13.182110272921,18.2233429189073,0.16974430372798,1.11052284549985,172.929992675781,4.32509654628772,9.65834245760827,-172.929992675781,1.1424925327301,13.3699998855591,6.94999980926514,16.1879997253418,40.8400001525879,991.422006460337
0.925,-0.0180159160722181,-0.0174675002854527,0.481,0.0522433747087948,-0.072289625983213,-9.5196323567965,-0.0547898759089982,0.0231172550296037,0.0134261623872776,-0.0756591049836772,0.0040993217211852,1.5736351037643,-0.10123930501496,0.0447733728558993,0.00944903273556354,11.9285283282957,-5.56972278284261,-0.620346235040197,5.56679670956387,11.9434691855059,-0.246470317194307,7.1662683079009,-6.02792585914514,-2.81,0.151714868731075,0.0738548542263721,13.18079662323,18.2236394191561,0.169744381824005,1.11052286153599,172.931823730469,4.42751699729249,9.880195409319,-172.931823730469,1.14141809940338,13.3635683059692,6.96343994140625,16.1876049041748,40.8390846252441,991.423571986011
0.95,-0.0177000452083165,-0.0158759821598396,0.481,0.0825235140736859,-0.0987533406731916,-9.3176260935059,-0.0614599707780126,0.000414654170233438,0.0160429689976313,-0.0762552566095013,0.00358714438001368,1.57404574760389,-0.0212694752659957,-0.00351411065854627,0.0164277586318649,11.9182153626128,-5.56277834886281,-0.646615302910294,5.55711888081198,11.9354664810767,-0.263706961932228,7.16635960145585,-6.02848136714613,-2.81,0.150377265060428,0.074044203852595,13.18079662323,18.214738159698,0.169744590685468,1.11052290442336,172.936752319336,4.70143215665959,10.4735230710378,-172.936752319336,1.13854467868805,13.3463668823242,7.11999988555908,16.1830005645752,40.8366241455078,991.426151634281
0.975,-0.0188223200235691,-0.0109527780832036,0.481,-0.054402554243139,-0.173741694622838,-8.78404058803437,-0.0543050499476732,-0.0219631739951183,0.0242545636549355,-0.0770705105001877,0.00432345595110851,1.57432509829087,-0.122181135610422,0.0345070378749757,0.0161401368875606,11.9025409381123,-5.60625314364636,-0.624039577077281,5.59562558290265,11.9214257827433,-0.241996137054751,7.16645089501079,-6.02903687514712,-2.81,0.152274395627175,0.0714464839039732,13.1827232837677,18.2011330865301,0.169744799546931,1.11052294731072,172.941665649414,4.97534731602669,11.0668507327566,-172.941665649414,1.13567113876343,13.3291664123535,7.11999988555908,16.1830005645752,40.8341674804688,991.428731282552
1,-0.280878850460475,-0.00942151687429177,0.481,0.0348815593011216,-0.0224487514920576,-8.51491203528698,-0.0461074713222402,-0.0375441320825287,0.0315344272773409,-0.0797408221425818,0.00335411426799499,1.57548062884151,-0.129799628428951,-0.00104631660261988,0.0243134907881743,11.8938430648713,-5.58431646102438,-0.669658974672465,5.56414224239295,11.9192239827486,-0.262596813581156,7.16654218856574,-6.02959238314812,-2.81,0.150423557136592,0.0718096507039273,13.1865272032909,18.1993669537804,0.169745008408394,1.11052299019808,172.946578979492,5.24926247539379,11.6601783943966,-172.946578979492,1.1327977180481,13.3119659423828,7.11999988555908,16.1830005645752,40.8317108154297,991.431310930823
1.025,-0.279462382921822,-0.00451123849099008,0.481,-0.0846317846944039,0.0168918137895985,-8.20768627129594,-0.00669075515534097,-0.0310243504135883,0.0333204066408099,-0.0792792393728779,0.00153524628854763,1.57638501235158,0.0419443485221469,-0.0551817918755078,0.0342557218931434,11.8774577340666,-5.63542751426903,-0.681021518629202,5.60519569879809,11.9085981580886,-0.250812458421228,7.16663118232228,-6.03018626640804,-2.81,0.14904469294283,0.0688766396760607,13.1885032653809,18.1875646602491,0.169745153703325,1.11052302003277,172.949996948242,5.43981215135193,12.0729280720695,-172.949996948242,1.13079881668091,13.3000001907349,7.13138866424561,16.1793212890625,40.8300018310547,991.430503649589
1.05,-0.282483900610514,-0.00467225016659978,0.481000220914213,-0.422021999215207,0.0682368930285624,-8.3124483779299,0.0751651718327467,0.0974910689070374,0.0439701905894067,-0.0798852409059716,0.0032058200312346,1.57691630860871,-0.0379116981667236,0.0376185078046576,0.0333040308643847,11.9029677039162,-5.70222111916641,-0.631557959384656,5.66148543201795,11.9372186288743,-0.212662685735959,7.16672017531092,-6.03078016248136,-2.81,0.152293242524913,0.0647608789357667,13.1885032653809,18.217048974042,0.169745153703325,1.11052302003277,172.949996948242,5.43981215135193,12.0729280720695,-172.949996948242,1.13079881668091,13.3000001907349,7.25,16.1410007476807,40.8300018310547,991.421954815204
1.075,-0.280723386794026,-0.00291173635011208,0.481221146185652,-0.769500596739614,0.11177112456817,-9.39433328625635,0.16263590176975,0.431122716959777,0.0593432572060958,-0.0745355003461647,0.0150481410125039,1.57849026339857,0.0809816930431721,0.430552147270518,0.0580966733192329,11.9711661436514,-5.71060720194362,-0.635008095063204,5.64979869256761,12.0105051721826,-0.388109491030361,7.16680916829956,-6.03137405855469,-2.81,0.15356850305744,0.0643012312716835,13.1567146411309,18.2668081666565,0.169745153703325,1.11052302003277,172.949996948242,5.43981215135193,12.0729280720695,-172.949996948242,1.13079881668091,13.3000001907349,7.25,16.1410007476807,40.8300018310547,991.413405980819
1.1,-0.279587158511759,-0.00183145174289995,0.481506786127278,-0.814124204532007,0.0654367382991198,-11.6607231132447,0.229782798205895,0.973812477887788,0.0785954282853485,-0.0659459173306161,0.0364009244592952,1.58005684432734,0.292645949217294,0.942597815683412,0.08912811455133,12.046402045408,-5.79442745984682,-0.291236709909328,5.68926448003417,12.0949458356312,-0.347225514048749,7.1668981612882,-6.03196795462801,-2.81,0.175619283189595,0.0600355943697896,13.086779667781,18.3530287152861,0.169745153703325,1.11052302003277,172.949996948242,5.43981215135193,12.0729280720695,-172.949996948242,1.13079881668091,13.3000001907349,7.25,16.1410007476807,40.8300018310547,991.404857146434
1.125,-0.254964486382638,-0.0140952989880663,0.481792428107749,-0.122106345638249,0.0129845390559272,-15.3428140607625,0.281983714295085,1.54871978195495,0.100337932959133,-0.060816873459313,0.0785911033832161,1.58204301132777,0.219943991738172,1.56022425627727,0.118825489901713,12.1536442217547,-5.87817305146853,0.0451224183395741,5.72757357798209,12.2129024194267,-0.553116377449729,7.16701335883099,-6.03277933553165,-2.81,0.205188683548286,0.0546871388342314,13.0468168258667,18.4409981636474,0.169745202236904,1.11052303030336,172.951156616211,5.50540887810533,12.2108008724544,-172.951156616211,1.13014435768127,13.2965393066406,7.26442289352417,16.1324424743652,40.8300018310547,991.394044142503
1.15,-0.223351679516867,-0.0231751193218133,0.482078075536408,1.08090578199836,-0.0139838499711701,-19.9794413952977,0.286008611333465,1.90612461577862,0.117750619450519,-0.055173805643094,0.112425046909864,1.58378241435893,0.235616816584611,1.80773895516395,0.133593130912963,12.2144563828722,-5.88143923868102,0.17632717503264,5.7039302701677,12.2685886949448,-0.873083287765706,7.16712893374127,-6.03359384839863,-2.81,0.221020967637892,0.0544110619174844,13.0468168258667,18.4624614428597,0.169745408953999,1.11052307404847,172.956069946289,5.7848023401776,12.798036874386,-172.956069946289,1.12735664844513,13.281795501709,7.40000009536743,16.0520000457764,40.8300018310547,991.375851623013
1.175,-0.205150959262491,-0.0189040430192756,0.482363716834817,2.35248384166912,-0.0441886796504398,-24.3423587413436,0.248009949281126,1.96853555178652,0.119891642630636,-0.0485854381674179,0.151956015764587,1.58599798650257,0.257700233262362,2.03955281018881,0.149358753447623,12.1831187688003,-5.89313246931966,0.426500915257638,5.68008579252497,12.2382966095918,-1.1401832096513,7.16724450865155,-6.0344083612656,-2.81,0.245810061792461,0.0539752718270665,12.9733124329494,18.4090107314944,0.169745615671094,1.11052311779359,172.960968017578,6.06419580366803,13.3852728762387,-172.960968017578,1.12456893920898,13.2670516967773,7.40000009536743,16.0520000457764,40.8300018310547,991.357659103524
1.2,-0.139915863456978,-0.0312375203546353,0.482649358138917,3.46759376259315,0.0364430852418812,-27.7114889950252,0.18260113109746,1.83994974008992,0.119236930166479,-0.0407807673721685,0.205855522319571,1.589777471005,0.223573138036912,1.95347092424854,0.148138786814045,12.0079159092213,-5.9859748897865,1.03135376785515,5.70983744660617,12.1254656140844,-1.20684316857786,7.16736341084144,-6.03524446681474,-2.81,0.295932260061991,0.0490162114375443,12.7907370053805,18.2895020272567,0.169745822388189,1.1105231615387,172.965911865234,6.3435892657403,13.9725088780914,-172.965911865234,1.12178122997284,13.2523069381714,7.40000009536743,16.0520000457764,40.8300018310547,991.339466584035
1.225,-0.111948858703204,-0.0389050100014963,0.482935001477821,4.47389833955062,0.118052613312048,-29.8116270321319,0.140634515039169,1.58624644080782,0.103218643462819,-0.0370570304155515,0.237685023478273,1.59206694020992,0.153250341226,1.79326152071793,0.132982415602803,11.9006215687176,-6.00422266231885,1.13537053122663,5.7038948142361,12.0095955507996,-1.48315487999446,7.16756492361945,-6.03661668125049,-2.81,0.31286833058208,0.0481258354358607,12.6769237518311,18.154025010608,0.169745994952025,1.11052319805636,172.970001220703,6.57682206945342,14.4627232797141,-172.970001220703,1.11945414543152,13.2399997711182,7.45863246917725,16.056396484375,40.8295974731445,991.321809295915
1.25,-0.099685535282493,-0.0398677449952703,0.483220638018981,4.86983174448961,0.127746608886595,-30.5575958382603,0.0849182930205113,1.25958154957524,0.0866984007635338,-0.0319363632295677,0.279024265299329,1.59565653426697,0.111617266506986,1.49342803958204,0.110317520357868,11.7796083191944,-5.99920646974682,1.17713065515397,5.6658643155434,11.8453243644394,-1.92913432882707,7.16776643639747,-6.03798889568624,-2.81,0.329778151690412,0.048537379487326,12.6769237518311,17.9678748735364,0.169745994952025,1.11052319805636,172.970001220703,6.57682206945342,14.4627232797141,-172.970001220703,1.11945414543152,13.2399997711182,7.96000003814697,16.0939998626709,40.8271408081055,991.306856334719
1.275,-0.0615954160563267,-0.0456271487293801,0.483506284077165,4.935168765637,0.216142226552008,-30.358440288982,0.066639429763194,0.848776005746534,0.0689063218216907,-0.02703479086529,0.31625297433113,1.59957958852822,0.0653277912347291,0.905881263643465,0.0729472402156091,11.6045663907501,-6.01358204400188,1.0630957499234,5.6517939535307,11.5775825614829,-2.4446083182497,7.16796794917548,-6.03936111012199,-2.81,0.338290774229536,0.0481008473664125,12.5748855884259,17.6858417666409,0.169745994952025,1.11052319805636,172.970001220703,6.57682206945342,14.4627232797141,-172.970001220703,1.11945414543152,13.2399997711182,7.96000003814697,16.0939998626709,40.8246803283691,991.291903373523
1.3,-0.0547959705410082,-0.0390416394674428,0.483791924703529,4.3508989389331,0.245731021700467,-28.8979537389266,0.0473499779949606,0.429036891993854,0.0529028851483609,-0.025504682213068,0.330575615167618,1.60204255580902,0.0815487429499626,0.418360024690628,0.0739358887076378,11.4576677815559,-6.01233830376911,0.5174862125477,5.64888835686599,11.2369454130729,-3.08468360888658,7.16817161785103,-6.04075960028053,-2.81,0.315988804690164,0.0485435649787445,12.2838878631592,17.3465490297222,0.169745994952025,1.11052319805636,172.970001220703,6.57682206945342,14.4627232797141,-172.970001220703,1.11945414543152,13.2399997711182,7.97444486618042,16.0995559692383,40.8222236633301,991.276950412326
1.325,-0.0425675499229244,-0.0429801124988826,0.484077569399705,3.70293752353432,0.130138786508011,-26.7290645872777,0.038256505730256,0.103227676580356,0.0388043522504152,-0.0245775060760763,0.330995388788268,1.60267160163733,0.0743546074786655,0.235423692161786,0.0613157939652624,11.3770520048509,-6.00483374760417,0.0973901468278174,5.65213802079264,11.0248295952494,-3.46573133519774,7.16839243700704,-6.04236711766014,-2.81,0.29393409724133,0.0495846292480137,12.0873699188232,17.1469593419883,0.169746013986556,1.11052320215863,172.97917175293,6.60302265007494,14.5167960300713,-172.97917175293,1.1196346282959,13.218846321106,8.09000015258789,16.1439990997314,40.8199996948242,991.264787722857
1.35,-0.0440059630295161,-0.0434575472427506,0.484363205935736,2.8617476620737,0.16372192401204,-24.1962181306425,0.0123578992727173,-0.143759626453703,0.026436292266508,-0.0216951327473807,0.328992192168005,1.60377212479621,0.0251958843073686,-0.160763268238661,0.0231426415000947,11.2959135640461,-5.98822604427188,-0.292479255344439,5.63918399075325,10.8294026449114,-3.80338017969832,7.16861325616305,-6.04397463503975,-2.81,0.271469222388227,0.0515143971080831,12.0873699188232,16.9716475007844,0.169746212983925,1.11052324504599,173.074996948242,6.87693780944204,15.0821020567845,-173.074996948242,1.12152171134949,12.9976921081543,8.09000015258789,16.1439990997314,40.8199996948242,991.279005784255
1.375,-0.0535028974870955,-0.0330140883329883,0.484648850636553,2.05487314137082,0.198700710730354,-21.482728613026,0.00950598200308128,-0.340233095231784,0.0167804302950738,-0.0215695073395412,0.322954170069498,1.60389342511773,0.0155932566078758,-0.314169992393551,0.0102828204376613,11.2269774276814,-5.97798842954225,-0.547580726588887,5.63721766082489,10.7061441060215,-3.95998332106667,7.16883407531906,-6.04558215241936,-2.81,0.255735716123107,0.0525000434837386,12.0413587704683,16.8608612804214,0.169746411981295,1.11052328793335,173.170837402344,7.15085296739097,15.6474080834976,-173.170837402344,1.12340879440308,12.776538848877,8.09000015258789,16.1439990997314,40.8199996948242,991.293223845653
1.4,0.458415619946922,-0.0302892058969124,0.484472883795206,1.59047668135004,0.169985531573953,-18.6742207302461,0.00578078115219902,-0.5249990754223,0.00186097260861536,-0.0211918908948191,0.309431079760848,1.6037478754556,-0.0206062092627132,-0.511178702103471,-0.00765358313658219,11.1436616351025,-5.95715225588525,-0.994700705755304,5.63266058060426,10.5413143500997,-4.22043998743901,7.16908631782733,-6.04717418776225,-2.81,0.225996161468942,0.0544562885124645,11.8873214477148,16.7190878033147,0.169746610978664,1.11052333082072,173.266677856445,7.42476812675807,16.2127141102108,-173.266677856445,1.12529575824738,12.5553846359253,8.09000015258789,16.1439990997314,40.8199996948242,991.307441907051
1.425,0.455176915156185,-0.0301254535027915,0.481037574546591,0.856564585338282,0.161114647248046,-15.3100337270904,-0.00568829942467552,-0.645009129224692,-0.010399300422729,-0.0217648681870204,0.289542477565039,1.60292125732966,0.0253004355752881,-0.674961775143181,-0.0230181880919371,11.0394411504007,-5.92598254791581,-1.3969524103071,5.62371286977673,10.403985875799,-4.36679946442581,7.16934455668999,-6.04876326874884,-2.81,0.19669922417315,0.057031946139693,11.775294303894,16.5983600484339,0.169746804784798,1.11052337258928,173.360000610352,7.69153767309947,16.7632730231973,-173.360000610352,1.12713360786438,12.3400001525879,7.8610258102417,16.1520385742188,40.8199996948242,991.321308233799
1.45,0.434065792272203,-0.0302500883228459,0.475896064401196,0.312766655397638,0.176720011970486,-12.6512155855742,0.0208403610692008,-0.670233616895596,-0.0194017636783855,-0.0212490609372787,0.276042102287822,1.60226617088701,-0.0179462885757617,-0.681372694582332,-0.0258826602967528,10.9745558557415,-5.92186514161444,-1.61402023839547,5.63239513996703,10.3359087692248,-4.42261678395801,7.16960279555266,-6.05035234973543,-2.81,0.17943778221158,0.0579914924468678,11.775294303894,16.5370219122743,0.169746804784798,1.11052337258928,173.360000610352,7.69153767309947,16.7632730231973,-173.360000610352,1.12713360786438,12.3400001525879,6.21000003814697,16.2099990844727,40.8199996948242,991.322043133597
1.475,0.42246090610605,-0.0180229548026989,0.470754468563584,0.120779134964459,0.121805786174151,-10.293214381197,0.0243998070223064,-0.735324469047533,-0.0235535630529051,-0.0195373896753962,0.266164134055583,1.60161527082176,0.0846173001225666,-0.69362328950819,-0.0287307366531677,10.9145551606886,-5.88747670778048,-1.75799731876913,5.60672093722689,10.2757971819922,-4.45568440531794,7.16986103441532,-6.05194143072202,-2.81,0.167168342945243,0.0610628411365387,11.7590682445428,16.4847424101944,0.169746804784798,1.11052337258928,173.360000610352,7.69153767309947,16.7632730231973,-173.360000610352,1.12713360786438,12.3400001525879,6.21000003814697,16.2099990844727,40.8199996948242,991.322778033395
1.5,0.420069170147225,-0.0143550115556652,0.465612921546538,0.248307840938584,0.107068047858979,-7.87346510169154,0.0201636438012173,-1.0417742532648,-0.0316529837375672,-0.0186936430529103,0.229356700269468,1.5996610645772,0.0308857194994254,-0.992821642455428,-0.0428399631928088,10.7747037844158,-5.90622281537718,-1.84979772991733,5.64588251195279,10.264385018592,-4.14317174151928,7.17008879800079,-6.05334160228599,-2.81,0.149181806617978,0.0612933466393626,11.6933100040142,16.4428937163908,0.169746804784798,1.11052337258928,173.360000610352,7.69153767309947,16.7632730231973,-173.360000610352,1.12713360786438,12.3400001525879,6.21000003814697,16.2099990844727,40.8199996948242,991.323512933193
1.525,0.402052941446825,-0.0194059755304719,0.46047133794659,0.33194420078436,-0.00430372833959042,-4.32221476387487,-0.0233766963817482,-1.64754551349635,-0.0412696676132548,-0.0239986867604437,0.185367626570091,1.59735685636737,-0.0301220224842333,-1.67580602554018,-0.0691305903754661,10.4284809577506,-5.82701927040056,-2.37749746330733,5.61905857390529,9.99028332991838,-4.1207138438377,7.1702219413682,-6.05415524429537,-2.81,0.105668776024569,0.0670772504137697,11.6420698165894,16.172448414965,0.169746804784798,1.11052337258928,173.360000610352,7.69153767309947,16.7632730231973,-173.360000610352,1.12713360786438,12.3400001525879,5.98841905593872,16.1955318450928,40.8199996948242,991.324247832991
1.55,0.363253281757611,-0.0171227252947403,0.455329729762861,0.666633396115666,-0.0065036531076359,0.79774841176027,-0.0964400919292146,-2.39326611570885,-0.050240452617337,-0.0276256907477832,0.121397810090737,1.59437086831886,-0.179247822995101,-2.35003314670987,-0.100168622493658,10.1477463985186,-5.76956452387834,-2.70568278877231,5.61029653830406,9.89982777586674,-3.75544057039545,7.17035508473561,-6.05496888630474,-2.81,0.0643424007045946,0.0720184748720233,11.6420698165894,16.0587414535412,0.169746987335795,1.11052341115062,173.545684814453,7.93782312952355,17.2818586680331,-173.545684814453,1.12717461585999,12.2788887023926,4.51000022888184,16.0990009307861,40.8199996948242,991.328440087473
1.575,0.323159348242395,-0.00487120604530841,0.45018817061286,0.839407015868583,0.228269924572786,7.46931538945465,-0.0815290350507087,-3.00184432595777,-0.0686579322376557,-0.0322830004601183,0.0532008222111708,1.59066188383524,-0.200156568684996,-2.94865724992993,-0.149927973510008,9.92606350967158,-5.73246710332398,-2.93303236397282,5.62900789761205,9.87973943470771,-3.27041488617879,7.17048822810302,-6.05578252831412,-2.81,0.0268277919813875,0.0757087193793148,11.644587791883,16.0165228345811,0.169747178184566,1.11052345146474,173.739807128906,8.19530337935699,17.824016387602,-173.739807128906,1.12721753120422,12.2150001525879,4.51000022888184,16.0990009307861,40.8199996948242,991.332789494441
1.6,0.314652857299613,-0.00148930227889676,0.445046636040448,1.2820706649751,-0.224178993503522,14.4060793719411,-0.0424640000205599,-3.33717092203918,-0.0832728984040074,-0.0342033618439734,-0.0251098941193444,1.58598761559663,-0.124896744118831,-3.25307776409984,-0.21474126757605,9.47564292731415,-5.6411320740493,-3.73689977365074,5.61970989716371,9.64806148404111,-3.30278218370819,7.17055876147378,-6.05616968999288,-2.81,-0.0535545041335235,0.0850827159644701,11.6575133983905,15.788313502335,0.169747369033336,1.11052349177886,173.933929443359,8.45278362919042,18.3661741071708,-173.933929443359,1.12726044654846,12.1511116027832,4.51000022888184,16.0990009307861,40.8199996948242,991.337138901409
1.625,0.200384622749613,0.00728140346575501,0.439905101346589,1.39470292731127,-0.113843848023387,20.6230348780526,-0.0356034780863481,-3.35668274372811,-0.0806058317629739,-0.034930111951376,-0.080113658998313,1.58403751708249,-0.0673383358351247,-3.40106822378312,-0.14352282404391,9.34708441325205,-5.60377890201355,-3.89907205576425,5.60873742263234,9.68840125102372,-2.94109395128393,7.17044180830991,-6.05527975019339,-2.81,-0.0853895621875362,0.0886603064818553,11.6682567596436,15.8214916389193,0.169747559882106,1.11052353209298,174.128036499023,8.71026387902386,18.9083318267396,-174.128036499023,1.12730324268341,12.0872220993042,4.37388896942139,16.1223335266113,40.8199996948242,991.341488308377
1.65,0.136806784676867,0.00641273780604915,0.434763591105654,1.02173066941485,0.40145798118104,24.5055421361774,-0.00155516673657248,-2.99477947412557,-0.0977698815708325,-0.0348214766323801,-0.182329749318828,1.57974841913788,-0.0313932946570003,-2.97612512017417,-0.141701921090118,9.15520075533104,-5.57791989423764,-4.03807061924006,5.62805876426496,9.75074921513661,-2.11772279404296,7.17032485514603,-6.0543898103939,-2.81,-0.135458712331617,0.0929929780838994,11.6682567596436,15.8952902471555,0.169747581456315,1.11052353665023,174.149993896484,8.7393703418882,18.9696192211243,-174.149993896484,1.12730813026428,12.0799999237061,3.52999997138977,16.2670001983643,40.8199996948242,991.352715125451
1.675,0.0839501632479807,0.00506503295274906,0.429621958694257,0.0570779557951505,-0.0662737784533547,25.7728257625263,0.118225470132904,-2.21969745796478,-0.102825462391149,-0.0334637186946439,-0.243319858653388,1.57661606801741,0.054599347958422,-2.2563056150538,-0.127392440023951,9.22952201851095,-5.59907090802088,-4.025108318316,5.67300034577028,9.91491310168353,-1.49891092475681,7.17020790198216,-6.05349987059441,-2.81,-0.158458582174922,0.092705537103273,11.635899806634,16.0919482314235,0.169747581456315,1.11052353665023,174.149993896484,8.7393703418882,18.9696192211243,-174.149993896484,1.12730813026428,12.0799999237061,3.52999997138977,16.2670001983643,40.8199996948242,991.364818475185
1.7,0.0746457076275706,0.0052413283617887,0.424480448337926,-0.18070325182937,0.233561398615355,24.5233059132749,0.149124461359017,-1.44338501276534,-0.0930743355391851,-0.0293307324312944,-0.283954832421307,1.57378354561162,0.137922008038876,-1.46564888631633,-0.116016131999595,9.21554664672746,-5.59571497161574,-3.30338549308311,5.66110716794637,9.74254979180201,-0.430431115012649,7.17006906084614,-6.05268493554157,-2.81,-0.131752661062812,0.0951263460696025,11.4094011355669,16.0445864441719,0.169747581456315,1.11052353665023,174.149993896484,8.7393703418882,18.9696192211243,-174.149993896484,1.12730813026428,12.0799999237061,3.52999997138977,16.2670001983643,40.8199996948242,991.37692182492
1.725,0.0278336990235847,-0.000236181499513244,0.419338901578083,0.113910774548545,0.0689772885321048,21.8682614376224,0.229151441280577,-1.05386890806581,-0.0880802688914731,-0.0270233097258451,-0.299107159590096,1.57223485495514,0.180422601296273,-1.13761007528414,-0.0982408627896094,9.29988133277248,-5.63348670640249,-2.9501110313553,5.6971663503541,9.71930184980531,0.0677310929483173,7.16992771040453,-6.05187859926747,-2.81,-0.1161784006938,0.0933597901176238,11.209376335144,16.0990836703272,0.169747581456315,1.11052353665023,174.149993896484,8.7393703418882,18.9696192211243,-174.149993896484,1.12730813026428,12.0799999237061,3.48871803283691,16.2557945251465,40.8199996948242,991.389025174654
1.75,0.0197471717443918,-0.0057783093318906,0.414206474131954,0.0620482024086696,0.0151464913310985,19.6609849965799,0.228372799339787,-1.01157602821776,-0.0849987101294553,-0.0176876382630736,-0.33380629156294,1.56785950069896,0.241554573088207,-0.963143501105582,-0.113592420873099,9.34590134850524,-5.6495550123549,-2.29202895570528,5.71722639908276,9.53138567274668,0.9913375037788,7.16978635996293,-6.05107226299337,-2.81,-0.0928057354610636,0.0948224320122836,11.209376335144,16.1050641903935,0.169747731494961,1.11052357100487,174.204223632812,8.95878829412981,19.3958447096789,-174.204223632812,1.11100721359253,12.0418376922607,3.25,16.1909999847412,40.8179893493652,991.358564588759
1.775,0.0125975327634102,-0.00180769238491544,0.418039879540472,-0.137725388321958,-0.0380244289746642,17.8804771728904,0.272957977712782,-1.02415454721997,-0.082981631834382,-0.0104678938729787,-0.359868041466153,1.5651382314533,0.261670400688791,-1.02205989974759,-0.0971629886014413,9.38175511453724,-5.66330472395267,-2.0406875076912,5.73789476270577,9.44619077368793,1.44941315322576,7.16964500952132,-6.05026592671926,-2.81,-0.0904997431236152,0.0952603751875205,11.190292205566,16.1348281505173,0.16974791505288,1.11052361303449,174.270568847656,9.22722515079175,19.9172907859552,-174.270568847656,1.09106457233429,11.9951496124268,3.25,16.1909999847412,40.8155364990234,991.31859503852
1.8,-0.24971190674655,-0.000587526150574932,0.424609649565473,-0.409664340039747,0.0955888597246235,16.9213305276785,0.206679601235432,-0.855513395552159,-0.0744158631907329,-0.00526074849575296,-0.382165898737411,1.56210244620476,0.187261650469957,-0.902389647899821,-0.078466092525665,9.54104272852248,-5.66502354844378,-1.36161411174868,5.75317550706355,9.29974474364525,2.32243416035719,7.16951181730003,-6.04953579061534,-2.81,-0.0587201743503913,0.0958436869721995,10.9803667802077,16.2464858315122,0.169748098610798,1.11052365506411,174.3369140625,9.49566200745368,20.4387368623104,-174.3369140625,1.07112193107605,11.9484615325928,3.25,16.1909999847412,40.8130798339844,991.278625488281
1.825,-0.263733291563125,-0.013574969568427,0.431179419590473,-0.733048782353847,0.159439676151271,15.0313297314994,0.249960890023485,-0.537786070000635,-0.0736871998586543,0.000442473371955119,-0.390855176204062,1.56021721499782,0.230948781308202,-0.644465739627854,-0.0796163080564004,9.64736257225276,-5.67301681735978,-1.19855111298805,5.77137093430323,9.31683903198932,2.56496338603018,7.169406941685,-6.04907013991781,-2.81,-0.0540850589873892,0.0956315939812774,10.7840728759766,16.3387851677657,0.169748282168716,1.11052369709372,174.403274536133,9.76409886269745,20.9601829386656,-174.403274536133,1.05117928981781,11.9017744064331,3.15641021728516,16.2069091796875,40.8106231689453,991.238655938042
1.85,-0.263729738330391,-0.0158072321164711,0.437749189615473,-0.865737219367949,0.08935670866291,12.5291785448515,0.318306685366923,-0.222479727031261,-0.0760546809124703,0.00614759010399878,-0.399518297902003,1.55833447223957,0.274918588820955,-0.386337565666293,-0.0808080665734345,9.75362790382788,-5.68745699779754,-1.03033319462075,5.79771129529578,9.3283567261331,2.81252829434131,7.16930206606997,-6.04860448922029,-2.81,-0.0491752335460739,0.0949809271623993,10.7840728759766,16.4300037091178,0.169748328457235,1.1105237076925,174.419998168945,9.8317916353333,21.0916780362059,-174.419998168945,1.04615032672882,11.8900003433228,2.65000009536743,16.2929992675781,40.810001373291,991.229619735327
1.875,-0.263712606692155,-0.0265699142381705,0.444318959640474,-0.77468587306464,-0.26481932896844,9.93190424320558,0.35130471082867,0.0395678455035514,-0.058009009192685,0.0197448640261125,-0.400077277269858,1.55584861644572,0.345781891820978,0.0307306766451443,-0.057772540281495,9.94227798528936,-5.68850358380225,-0.360308412154709,5.81927073771119,9.25525075766425,3.43718026957322,7.16919719045494,-6.04813883852276,-2.81,-0.0138873230239793,0.095069419690084,10.7800997954149,16.5844293203308,0.169748328457235,1.1105237076925,174.419998168945,9.8317916353333,21.0916780362059,-174.419998168945,1.04615032672882,11.8900003433228,2.65000009536743,16.2929992675781,40.810001373291,991.231014545147
1.9,-0.263740844708815,-0.00882982465242246,0.450888698265845,-0.96777622090357,-0.252812656164112,7.32222864011138,0.238914235220852,0.378695787982254,-0.037723560832558,0.0229184221612458,-0.399236085063252,1.55533288725549,0.34859718987087,0.138398991062199,-0.0513576081893736,10.2170389497525,-5.67016042215061,0.637095949348725,5.82510461455029,9.1274973946609,4.43863074634097,7.16925506981146,-6.04859642338992,-2.81,0.0447758415864608,0.0947544847578581,10.6781240609976,16.8719652594906,0.169748328457235,1.1105237076925,174.419998168945,9.8317916353333,21.0916780362059,-174.419998168945,1.04615032672882,11.8900003433228,2.65000009536743,16.2929992675781,40.810001373291,991.232409354968
1.925,-0.263710537379984,-0.0278699270447204,0.45745853117699,-1.4099396292054,-0.131056452487908,3.28815590462673,0.276907171938863,0.871063362162826,-0.0154959361400306,0.0326350229001474,-0.372149122337436,1.55668698184289,0.252628233768128,0.80753073277148,-0.00150270937681404,10.400651709104,-5.69304532612395,1.17477723604522,5.85940190189187,9.24756016076339,4.70260173083871,7.16933010319566,-6.04915131532116,-2.81,0.0819322583382269,0.0920960990800313,10.5774726867676,17.0922344543172,0.169748328457235,1.1105237076925,174.419998168945,9.8317916353333,21.0916780362059,-174.419998168945,1.04615032672882,11.8900003433228,2.68784189224243,16.2760524749756,40.810001373291,991.233804164789
1.95,-0.255456960162615,-0.0310555672572226,0.464028269774341,-1.37658797429268,-0.237257408162722,-1.13664552111078,0.265827226884555,1.35314264895559,0.0131290801675497,0.0387968155737382,-0.343293409427446,1.55974381679491,0.294148349850611,1.26127773820508,0.0347013035218607,10.543802710281,-5.69194454393034,1.73040556151398,5.85854966485564,9.35671722348881,4.96926054015211,7.16940513657987,-6.0497062072524,-2.81,0.121299069265992,0.0904318938512234,10.5774726867676,17.3087584634661,0.16974844132186,1.11052373852665,174.304992675781,10.0287247255566,21.4123006298147,-174.304992675781,1.03643465042114,11.6733341217041,2.88000011444092,16.1900005340576,40.810001373291,991.235819498698
1.975,-0.221988902950682,-0.0242927921612648,0.470598070928813,-0.972815768324851,-0.087951171691606,-7.52881735394518,0.236886968827331,1.75689032683748,0.0523883637867849,0.0416404008807689,-0.320843985149689,1.56299748357446,0.23528861736204,1.46838231095035,0.0793740691836265,10.6387074679067,-5.68818911672147,2.09611526311224,5.84450710108413,9.4647198708774,5.11782236138877,7.16948016996408,-6.05026109918364,-2.81,0.148281812701942,0.089070853748012,10.5774726867676,17.4734242645324,0.169748607724832,1.11052378398725,174.135437011719,10.3190747944574,21.8850134280295,-174.135437011719,1.02211034297943,11.353889465332,2.88000011444092,16.1900005340576,40.810001373291,991.238129183777
2,-0.187548469030505,-0.0229104276203043,0.477167778498483,-0.14200279230409,-0.125594830922331,-13.3517977100368,0.309789743011911,2.02069809371211,0.0780012753286597,0.0515536692308721,-0.245927129015788,1.57354130636674,0.298926529352495,2.0652145800422,0.109135290078234,10.6952302345189,-5.72132958935885,2.65567116914501,5.8236556905451,9.81555280573599,4.89020540610095,7.16955520334828,-6.05081599111488,-2.81,0.201821218987951,0.0841346798443381,10.77015040471,17.6874607446177,0.169748774127805,1.11052382944786,173.965896606445,10.6094248619399,22.3577262261653,-173.965896606445,1.00778591632843,11.03444480896,2.88000011444092,16.1900005340576,40.810001373291,991.240438868857
2.025,-0.170919496447453,-0.0257580257400766,0.483737532733812,0.948321930197868,-0.0667541804344082,-18.8383818908231,0.261594606232937,2.11589995542663,0.107156121893046,0.0567174377432154,-0.193349684180991,1.58196856734762,0.203261507882217,2.13582359925131,0.143323392283485,10.4574389068713,-5.71791798134966,3.43388795522465,5.7950222376509,9.7314554388844,5.05575843247704,7.16963023673249,-6.05137088304612,-2.81,0.264506418891843,0.0827379198596323,10.9653633557833,17.6877728834765,0.169748940530778,1.11052387490846,173.796340942383,10.8997749308407,22.8304390243801,-173.796340942383,0.993461489677429,10.7150001525879,3.09807705879211,16.1991729736328,40.810001373291,991.242748553936
2.05,-0.104698567274539,-0.0354217359491327,0.490307349882083,2.43229185193892,0.0645040632868682,-23.1447833132423,0.314948468471015,2.06291807051016,0.12232241649803,0.0632416648723904,-0.147385649283521,1.59040749116354,0.196535219384001,1.92343809318225,0.144788170499322,10.3966398680894,-5.72725044563404,3.53831073863838,5.74573858747338,9.93309014059389,4.66169169295665,7.16967268272844,-6.05168478253116,-2.81,0.284910306535381,0.0806698612820674,10.9729690551758,17.7021692005583,0.169749005644985,1.1105238926974,173.729995727539,11.0133901752548,23.015413597622,-173.729995727539,0.987856328487396,10.5900001525879,4.1399998664856,16.2430000305176,40.810001373291,991.24365234375
2.075,-0.0857737591504799,-0.0321268364034901,0.496877166775061,3.65695937721501,-0.244867093417487,-25.6053297416599,0.260417520209913,1.81466339971083,0.120182857642884,0.0697658920015654,-0.10142161438605,1.59884641497945,0.189808930885784,1.71105258711319,0.146252948715159,10.2913490962019,-5.71090964630314,3.63040777836853,5.66975090423889,10.0750741385074,4.24888475165347,7.16967268272844,-6.05168478253116,-2.81,0.30569997842686,0.0804565764299654,10.9729690551758,17.6677664852128,0.169749005644985,1.1105238926974,173.729995727539,11.0133901752548,23.015413597622,-173.729995727539,0.987856328487396,10.5900001525879,4.61884593963623,16.223669052124,40.810001373291,991.24365234375
2.1,-0.0846606855901567,-0.0306945823923809,0.502912116058892,4.52719632852396,-0.053564292816441,-27.8378149051346,0.203400073893316,1.45114277065637,0.130649584653022,0.0762901191307406,-0.0554575794885792,1.60728533879537,0.183082642387568,1.49866708104412,0.147717726930996,10.1540902632842,-5.69300175101846,3.73052814045395,5.59358446588672,10.1671785198766,3.84355980657136,7.16968672267339,-6.051779312614,-2.81,0.327893656818975,0.0806563104787883,10.997934781588,17.6013791958352,0.169749005644985,1.1105238926974,173.729995727539,11.0133901752548,23.015413597622,-173.729995727539,0.987856328487396,10.5900001525879,6.84000015258789,16.1340007781982,40.810001373291,991.24365234375
2.125,-0.0620182269808182,-0.0362703120555621,0.505,4.94593782849733,0.0930304772876472,-28.6114035886146,0.171675131046982,1.01498088056097,0.121367690204332,0.0812105331059648,-0.0284554928439312,1.61400553481771,0.21447683338965,1.02734284580916,0.141725744431122,9.61357407157369,-5.60872322982729,3.9686011570812,5.49586257605907,9.75659072444699,3.77263963600196,7.16982496472761,-6.05271008783277,-2.81,0.359326417192261,0.086318155709524,11.0246342390012,17.2066059067234,0.169749005644985,1.1105238926974,173.729995727539,11.0133901752548,23.015413597622,-173.729995727539,0.987856328487396,10.5900001525879,6.84000015258789,16.1340007781982,40.810001373291,991.24365234375
2.15,0.00997030183766344,-0.0555997146812234,0.505000357748606,5.0956489065517,-0.045755781235817,-28.561867994019,0.101161604314737,0.578436820895341,0.112580639404075,0.0828684475486781,-0.0153735532228312,1.61810887795606,0.117411107254641,0.554099426671735,0.11519297230005,9.49864469722151,-5.57447865365587,3.78928377555327,5.41566006130263,9.71356594042929,3.4604909618628,7.16996320678182,-6.05364086305154,-2.81,0.355999453918729,0.0881627839794989,11.0270614624023,17.0587645160127,0.169749005644985,1.1105238926974,173.729995727539,11.0133901752548,23.015413597622,-173.729995727539,0.987856328487396,10.5900001525879,6.84000015258789,16.1340007781982,40.810001373291,991.249951224042
2.175,0.016172742694123,-0.057680523723023,0.505851903456458,4.56173829571184,0.0757897007737578,-25.9897732505688,0.0185436843434944,0.140064001646885,0.098306351057656,0.0843641915631763,-0.0108136820311864,1.62157366125945,0.0561009025259234,0.0612150183957429,0.109481255575461,9.39921515175284,-5.52796542736579,3.5987030393314,5.32873446938942,9.64782422581326,3.22155047499438,7.17010144883604,-6.0545716382703,-2.81,0.348324382922,0.0906686457592782,11.0270614624023,16.9214499779951,0.169749005644985,1.1105238926974,173.729995727539,11.0133901752548,23.015413597622,-173.729995727539,0.987856328487396,10.5900001525879,6.84000015258789,16.1340007781982,40.810001373291,991.261634631035
2.2,0.0125899003425076,-0.091068745792022,0.508765439364264,4.0773890042889,0.0342260979042083,-23.382041371617,-0.027615542486889,-0.202979538559852,0.0836280822360237,0.0855983044410593,-0.0141532257902655,1.62280980688523,-0.0474028901300638,-0.201195159729682,0.0661288896040773,9.4250452291679,-5.47798958833163,2.96158900531973,5.21527410875455,9.67319255097495,2.61555324558266,7.17023498582982,-6.05542809951534,-2.81,0.309833407355305,0.0941610417273123,11.089670254634,16.7525522717757,0.169749005644985,1.1105238926974,173.729995727539,11.0133901752548,23.015413597622,-173.729995727539,0.987856328487396,10.5900001525879,8.05470085144043,16.0962066650391,40.810001373291,991.273318038028
2.225,0.000197447442518324,-0.0917812668411495,0.511678995847886,3.21124620206334,-0.0813256442726333,-20.8957572102777,-0.108806154877279,-0.412836098123656,0.0820763567689175,0.0823265492290987,-0.0268180333039672,1.62356055121882,-0.0938629168841412,-0.443882698577734,0.0773375847960205,9.46135073869419,-5.41430600089034,2.53814811569626,5.10102697378738,9.68456306186905,2.33726875700122,7.17034147964113,-6.05585742780868,-2.81,0.280809235355966,0.097240131617163,11.160565504661,16.689436041185,0.169749005644985,1.1105238926974,173.729995727539,11.0133901752548,23.015413597622,-173.729995727539,0.987856328487396,10.5900001525879,13.3000001907349,15.9329996109009,40.810001373291,991.28500144502
2.25,-0.00995630422791496,-0.0901800179981821,0.514592538593283,2.907819321059,0.035093197280921,-18.0926605464246,-0.174763110086506,-0.596102532475579,0.0933201675285712,0.0786344251889698,-0.0439780301500073,1.62358479733602,-0.153625120137176,-0.63389798539429,0.0795963076130186,9.48715239623663,-5.39285736056811,2.23440414441424,5.04806828155469,9.67851240743552,2.21921994973593,7.17044797345244,-6.05628675610202,-2.81,0.257054844161633,0.0977394818565999,11.170693397522,16.6547726966255,0.169749081566807,1.1105239130372,173.619216918945,11.1432974178214,23.2310901361696,-173.619216918945,0.99683803319931,10.6476926803589,13.3000001907349,15.9329996109009,40.810001373291,991.297177828275
2.275,-0.0220137793439176,-0.0857229943900235,0.517506081319868,2.76333348934955,0.0418973572069639,-14.6876433783107,-0.176182801849009,-0.867188350672193,0.0948653798372763,0.0733506280738482,-0.0656084645525163,1.6232947086853,-0.16232852761032,-0.910099448193314,0.0770830688699813,9.47359751323108,-5.38142581163694,2.06288002994758,5.020201318682,9.62087599248091,2.28048053796014,7.17055446726375,-6.05671608439537,-2.81,0.240321484708653,0.0974680720650096,11.170693397522,16.622993235272,0.16974924325217,1.11052395635343,173.383331298828,11.4199517285411,23.6904012828051,-173.383331298828,1.01596581935883,10.7705554962158,13.3000001907349,15.9329996109009,40.810001373291,991.309911092122
2.3,-0.0317982149402707,-0.124027384720686,0.52041961011927,2.37588333090642,-0.14826127310338,-11.6418647651716,-0.252889548812549,-1.0919747184994,0.0980771079508702,0.0677875406507125,-0.0897574252055114,1.62259591548017,-0.250713947571163,-1.10093809641823,0.0850387277066015,9.56583002946141,-5.34323919473247,1.398710341309,4.9299385858981,9.70294590678769,1.88686145034045,7.17066096107506,-6.05714541268871,-2.81,0.192084785795223,0.0989167369954317,11.2801513427343,16.5970425872969,0.169749404937532,1.11052399966967,173.147430419922,11.6966060392608,24.1497124295194,-173.147430419922,1.03509366512299,10.8934192657471,13.3000001907349,15.9329996109009,40.810001373291,991.322644355969
2.325,-0.0682736351526186,-0.113497413004399,0.523333201529551,2.11548244881063,-0.039975746964143,-9.04681011062295,-0.322632741840863,-1.13634714802516,0.108547637671335,0.0606482999767426,-0.111799825596682,1.62258086400243,-0.287414679417735,-1.03421575750268,0.0890904078803578,9.58387336700268,-5.32252376576564,1.27626000453686,4.89538416448813,9.68427943137708,2.01461493297091,7.17080355664338,-6.05776964622577,-2.81,0.178297932084307,0.098730052089023,11.4118429330679,16.6212680570196,0.169749566622895,1.11052404298591,172.911544799805,11.9732603513986,24.6090235762336,-172.911544799805,1.05422139167786,11.016282081604,14.7069225311279,15.9025955200195,40.810001373291,991.335377619817
2.35,-0.0832675599414905,-0.108156138159968,0.526246737216807,1.85300922996569,0.0428627137670679,-5.93044450705678,-0.324200632302167,-0.987314625446583,0.114516641111566,0.0535090593027727,-0.133842225987852,1.6225658125247,-0.324115411264308,-0.967493418587122,0.0931420880541141,9.65139332414009,-5.31918977691158,1.15634812199864,4.87727418999312,9.71434930681784,2.15033206274311,7.1710348919468,-6.0588729655781,-2.81,0.164166987351705,0.0973206757306116,11.4374971389771,16.6931355108892,0.16974973379784,1.11052408527285,172.714950561523,12.2433406974539,25.0839293719308,-172.714950561523,1.07058715820312,11.149956703186,20.3799991607666,15.7799997329712,40.8090171813965,991.343401525775
2.375,-0.0832675599414905,-0.108156138159968,0.529160293862079,1.89909378409932,-0.0481923835316349,-4.17887835580412,-0.376571296404588,-0.789654260002446,0.121948595707483,0.0450135349064165,-0.156259258978634,1.62296377334812,-0.36097496675123,-0.859099883098177,0.098981880677971,9.76122236165198,-5.30464412297198,0.955359613313659,4.8380146934817,9.7965157820174,2.22605382102183,7.17126622725021,-6.05997628493043,-2.81,0.145306830600769,0.0962117810959263,11.4374971389771,16.7998286145199,0.169749909207159,1.11052412601585,172.577362060547,12.5035600986399,25.5822271412205,-172.577362060547,1.08281004428864,11.2998504638672,20.3799991607666,15.7799997329712,40.8065605163574,991.344361394899
2.4,-0.122467783106745,-0.0853533962174882,0.53207385038862,1.91682749655385,0.246027387553359,-2.87756014088919,-0.357892828578985,-0.599256132405045,0.123810065695294,0.0318682193756104,-0.178258940577507,1.62496328353882,-0.395338147878647,-0.594902753829956,0.111406430602074,10.003929534975,-5.31801145255883,0.523115548372642,4.79451663799225,10.0570699516326,2.12166350376903,7.17146307554003,-6.0608580739155,-2.81,0.113995875877108,0.0919535413715954,11.4941142155574,17.0223025210495,0.169750084616479,1.11052416675884,172.439758300781,12.763779499826,26.0805249104314,-172.439758300781,1.09503293037415,11.449743270874,21.7297439575195,15.7365121841431,40.8041000366211,991.345321264022
2.425,-0.129395128415082,-0.102628297937027,0.53498738618445,1.92441332278337,0.0522397415074124,-2.15993127545582,-0.33741148779407,-0.393422092891785,0.124393623819669,0.0229559583283201,-0.188051653981597,1.62725974552585,-0.348908476948827,-0.386830486026059,0.112727919301606,10.2024519199651,-5.35275102318936,0.466686671293138,4.7915250046666,10.2450626216663,2.24493767227712,7.17151819527171,-6.06082945703291,-2.81,0.108729287165566,0.0870861700116341,11.5667727971688,17.2365564699019,0.169750260025798,1.11052420750184,172.302154541016,13.023998901012,26.5788226796423,-172.302154541016,1.10725581645966,11.5996360778809,26.9599990844727,15.5679998397827,40.801643371582,991.346281133146
2.45,-0.139805721396138,-0.0864879922621022,0.537900935865137,1.8676107737178,0.333674131933108,-2.31661956347438,-0.319798871164816,-0.138471643223356,0.123171515528273,0.0155296858210171,-0.191845518781901,1.62954756717239,-0.346655203653529,-0.192576399290873,0.116840498997037,10.3432802202706,-5.37835543498976,0.509709523068522,4.78491194639095,10.3711242704793,2.39047186337614,7.1715733150034,-6.06080084015032,-2.81,0.111446323465397,0.083306067281011,11.5847015380859,17.3996903113686,0.169750377473777,1.11052423478193,172.210006713867,13.1982327607269,26.9124655338507,-172.210006713867,1.11543989181519,11.6999998092651,26.9599990844727,15.5679998397827,40.7999992370605,991.339584220169
2.475,-0.142511186582338,-0.0856849286623555,0.540421576329161,1.772393634348,0.0841139401604501,-3.72285778381595,-0.281065824989721,0.180544865574475,0.12226978836007,0.0114969139860462,-0.192141296562909,1.63126161480528,-0.305471248747806,-0.0386376621817554,0.120223821349097,10.4674516544115,-5.39787901370559,0.549360296169852,4.77869377516991,10.4897149231181,2.47717689193159,7.17162843473509,-6.06077222326774,-2.81,0.114164431593405,0.0805631907968174,11.5847015380859,17.5385005218293,0.169750377473777,1.11052423478193,172.210006713867,13.1982327607269,26.9124655338507,-172.210006713867,1.11543989181519,11.6999998092651,26.9599990844727,15.5679998397827,40.7999992370605,991.317372248723
2.5,-0.14297036309561,-0.0864631383456183,0.541,1.85654881953289,0.28558448744685,-6.09827984548303,-0.311562540548171,0.501812768574724,0.131135371861123,-0.00097546422976179,-0.175043031724825,1.63785105787488,-0.290020553918146,0.525115086376134,0.139962986457708,10.6738812582504,-5.44922187890569,0.858235804254636,4.74194539018248,10.70216924258,2.70921691936612,7.17168488282246,-6.06080218187786,-2.81,0.140896592156188,0.0729625712168451,11.6858479426457,17.814673737745,0.169750377473777,1.11052423478193,172.210006713867,13.1982327607269,26.9124655338507,-172.210006713867,1.11543989181519,11.6999998092651,26.9599990844727,15.5679998397827,40.7999992370605,991.295160277277
2.525,-0.126640645586892,-0.0739523570358149,0.541,2.12234728869977,0.302499415211483,-9.3615803725555,-0.270103718807387,0.747587349288196,0.126451544305005,-0.00787570367777582,-0.154589782371769,1.64220919861749,-0.246252432242064,0.787065552236567,0.141609567612463,10.7961308293697,-5.50519817494929,1.07511263873741,4.73369693399729,10.8606149364275,2.76743049705238,7.17174414236839,-6.06095611524151,-2.81,0.162044129867681,0.0668726566161887,11.8249242489154,17.9830857195416,0.169750377473777,1.11052423478193,172.210006713867,13.1982327607269,26.9124655338507,-172.210006713867,1.11543989181519,11.6999998092651,26.5909614562988,15.5809488296509,40.7999992370605,991.272948305831
2.55,-0.110653736601785,-0.0668484578844736,0.541,2.53420005307852,0.16106589141176,-12.1116472640264,-0.282689762777797,0.875813508882616,0.128018753788339,-0.0132079663402347,-0.136395337247227,1.64556881188259,-0.239617939434595,0.881499855052161,0.143772176334942,10.8535759195982,-5.5268273130509,1.17740283622273,4.70483385251132,10.9648697768002,2.71447546085597,7.17180340191431,-6.06111004860516,-2.81,0.175861810610988,0.0635003500660366,11.8664665222168,18.0690275579621,0.169750377473777,1.11052423478193,172.210006713867,13.1982327607269,26.9124655338507,-172.210006713867,1.11543989181519,11.6999998092651,25.25,15.6280002593994,40.7999992370605,991.262736002604
2.575,-0.093647965456461,-0.0682989713408299,0.541,3.0264465820851,0.421789441971142,-14.3957140145754,-0.251374449237308,0.890348129343558,0.133781926749427,-0.0176316068731484,-0.120794013824792,1.64841370005362,-0.230448496051862,0.901841881741514,0.147860743045995,10.8713948346217,-5.54629699300109,1.24333447611954,4.68259365494592,11.0268802676521,2.64116353712637,7.17186266146023,-6.0612639819688,-2.81,0.186703914182368,0.0606600395843686,11.8664665222168,18.1084598459157,0.169750377473777,1.11052423478193,172.210006713867,13.1982327607269,26.9124655338507,-172.210006713867,1.11543989181519,11.6999998092651,25.25,15.6280002593994,40.7999992370605,991.286522759332
2.6,-0.0909284268557621,-0.070041411316301,0.541,3.3223839108947,0.325566805178535,-16.0886905994657,-0.141318626807164,0.814472491035183,0.139361071109824,-0.0236313212119406,-0.0929467983024884,1.65369365836718,-0.125244923364277,0.843042252071516,0.15436375934637,10.9236996983235,-5.64100809750051,1.43904887028457,4.69765656498617,11.1579456220394,2.57901558726192,7.17192204759288,-6.06141865111674,-2.81,0.209230904304321,0.0522409006837058,12.0197035471598,18.2118089340356,0.169750377473777,1.11052423478193,172.210006713867,13.1982327607269,26.9124655338507,-172.210006713867,1.11543989181519,11.6999998092651,25.25,15.6280002593994,40.7999992370605,991.310309516059
2.625,-0.0622208713016686,-0.0591418249844529,0.541,3.53287922241855,0.336143991604992,-17.2270338754076,-0.120113786312539,0.70163777558096,0.153182572263306,-0.0249459443544656,-0.0778881932966105,1.65794975897228,-0.0793464952730852,0.711358158993692,0.156827346843481,10.9032868654812,-5.65891338775468,1.45971369266709,4.66406945671374,11.1941658492589,2.44393868742227,7.172057856048,-6.06201752435895,-2.81,0.216484157216477,0.0493980295748328,12.2466122187101,18.2118022767191,0.169750377473777,1.11052423478193,172.210006713867,13.1982327607269,26.9124655338507,-172.210006713867,1.11543989181519,11.6999998092651,25.2724361419678,15.6271028518677,40.7999992370605,991.334096272786
2.65,-0.0541403353154785,-0.0586793183297617,0.541,3.70854224573342,0.466297867886135,-17.9016815318107,-0.0152243193807334,0.586288483292675,0.159423375407769,-0.0261676225490361,-0.0633198899531205,1.6621232806735,-0.0368906484876805,0.581315537723033,0.159179359275104,10.8818385581336,-5.69612413654111,1.49688315793163,4.6505020325594,11.2268263535789,2.33068673236377,7.17219366450311,-6.06261639760115,-2.81,0.224448435707949,0.0455172936752523,12.3261775970459,18.212919025056,0.169750412999431,1.11052424233011,172.188369750977,13.2464418287868,27.0133857963856,-172.188369750977,1.1164653301239,11.7126922607422,25.3500003814697,15.6239995956421,40.7995300292969,991.355054023938
2.675,-0.0541403353154785,-0.0586793183297617,0.541,3.73972370213513,0.36066334990082,-18.3578400281812,-0.00600373258404133,0.445948087063107,0.15772239069655,-0.0273893007436066,-0.0487515866096301,1.66629680237472,0.00556519829772565,0.451272916452369,0.161531371706728,10.8561279217646,-5.71001329938295,1.512009735958,4.61443349010118,11.2532417630248,2.19487862143342,7.17232947295823,-6.06321527084336,-2.81,0.231314942300425,0.0429180422904195,12.3261775970459,18.2058047358583,0.169750598701718,1.11052428178648,172.075347900391,13.4984437759151,27.5409235325281,-172.075347900391,1.12182641029358,11.7790384292603,25.5306205749512,15.6095962524414,40.7970733642578,991.364052796975
2.7,-0.0541062408459621,-0.0586766078338048,0.541,3.79305051859831,0.507298158436538,-18.6716095729975,0.00972557876464953,0.271049777419767,0.149040025696142,-0.0274296224605368,-0.0405474244548626,1.67015739847906,0.0197021764279128,0.282500881303854,0.153993096592338,10.9812475723817,-5.8217531058044,1.26124452094263,4.67373210395643,11.4346642928353,1.86441034729321,7.17245432192809,-6.06374528123101,-2.81,0.21922866797228,0.0351126572017133,12.4046065990741,18.2835462216508,0.169750784404005,1.11052432124286,171.962310791016,13.7504457216252,28.0684612686705,-171.962310791016,1.12718725204468,11.8453845977783,26.1399993896484,15.5609998703003,40.7946166992188,991.373051570012
2.725,-0.0303325487180202,-0.0568124768558681,0.541035130782257,3.70941025256198,0.549797783695239,-18.1570765187125,0.0358423908514471,0.084572696765727,0.139788645887547,-0.0268932431936264,-0.0381092913448811,1.67303264141083,0.0375066809356213,0.12651589512825,0.141860902309418,11.0120270657054,-5.84183342712853,1.07870413666832,4.6621244678189,11.4927817186649,1.6540629716837,7.1724920083763,-6.06372761443181,-2.81,0.209605927142224,0.0330009430299015,12.5304197898278,18.2882701031824,0.169750970106291,1.11052436069923,171.849273681641,14.0024476687535,28.5959990047341,-171.849273681641,1.13254821300507,11.9117317199707,26.1399993896484,15.5609998703003,40.7921600341797,991.382050343049
2.75,-0.0322295652673575,-0.0673128594520686,0.541196379563979,3.51335440625789,0.602279874608201,-16.744851846416,0.0788150866520044,-0.0761247460336269,0.12767623848497,-0.0260721701903766,-0.0383619051833369,1.67468578285117,0.0544166646717429,0.0383683282696292,0.135590526838566,11.0550955642341,-5.85182761442229,0.893917769887821,4.65368173672958,11.5517211037836,1.46938734723519,7.17252969482451,-6.0637099476326,-2.81,0.198692394361997,0.031945728763159,12.5810718536377,18.3019442199695,0.169751157218267,1.11052440005119,171.736221313477,14.2537826923208,29.1275413451772,-171.736221313477,1.13845205307007,11.9963245391846,26.1399993896484,15.5609998703003,40.7900009155273,991.392239562467
2.775,-0.0393289753414633,-0.0934854847316575,0.541383144275026,3.12975924882599,0.562885946373616,-15.3570443030851,0.144157114268997,-0.174247617530733,0.111373034900636,-0.020976357752337,-0.0440180414327383,1.67966086983392,0.130652465225666,-0.164752052863013,0.107483416605569,11.0453831291487,-5.88734188056976,0.861727774817835,4.63902931551443,11.5638247899819,1.47010913971827,7.17256738127272,-6.0636922808334,-2.81,0.19261497508757,0.0289366787247878,12.5810718536377,18.3157720956675,0.169751354500141,1.11052443864981,171.623199462891,14.5003063339076,29.6879740439501,-171.623199462891,1.14827334880829,12.2125644683838,26.1399993896484,15.5609998703003,40.7900009155273,991.411017002203
2.8,-0.0439242774267886,-0.100607548410072,0.541569910761424,2.86335456576231,0.463124742657823,-14.061014585774,0.136503949096944,-0.221830018405004,0.0933274229993678,-0.0175787936896086,-0.0493275672197342,1.68186008930206,0.134664833545685,-0.224396616220474,0.0879141911864281,11.1731019945124,-5.88632213777172,0.515233875782707,4.60666026453912,11.7117494439259,1.16878937622293,7.17260506772092,-6.06367461403419,-2.81,0.169322554958508,0.0285767234955942,12.6622507388775,18.3951226707958,0.169751551782016,1.11052447724844,171.510162353516,14.7468299783307,30.2484067428019,-171.510162353516,1.15809464454651,12.4288034439087,26.1399993896484,15.5609998703003,40.7900009155273,991.42979444194
2.825,-0.0524806152541729,-0.107893586278942,0.541756677248708,2.63526766678658,0.518834910360704,-12.6268214315269,0.141609182928453,-0.268895927278923,0.073136917887317,-0.014394774456096,-0.0555031712672929,1.68348231170329,0.118020580753225,-0.25990073902204,0.0697902912572923,11.2026464355237,-5.88999809216156,0.441912774033935,4.59122841782169,11.7469558833289,1.14730147536945,7.17264275416913,-6.06365694723499,-2.81,0.161462224075301,0.0282080433353805,12.8043137880472,18.4266617796905,0.169751749063891,1.11052451584707,171.397125244141,14.9933536213356,30.8088394418114,-171.397125244141,1.16791582107544,12.6450433731079,25.7222862243652,15.569450378418,40.7900009155273,991.448571881677
2.85,-0.0575554028051102,-0.111692270390893,0.541943445516938,2.4017347117379,0.357314869701885,-11.0624589203347,0.069929236968519,-0.310735645446854,0.0572191851338109,-0.0126206394843799,-0.0603580236401553,1.68438310327972,0.104706537039163,-0.291017743913386,0.0596450677863042,11.2450286081269,-5.87435699275601,0.343864766854607,4.56236271544548,11.7924402096933,1.09552809518433,7.17275892460788,-6.0640974315161,-2.81,0.153247952582877,0.0289333295364008,12.8688879013062,18.4641071975607,0.169751936052799,1.11052455243185,171.289993286133,15.2270151620289,31.3400321737316,-171.289993286133,1.17722463607788,12.8500003814697,24.4099998474121,15.5959997177124,40.7900009155273,991.466369628906
2.875,-0.067359560040058,-0.129766720645051,0.542130210665043,2.06716949278044,0.548941548379311,-10.1472879544951,0.0095405759373067,-0.295298195341623,0.039285887195617,-0.0125418907373418,-0.0669110656293908,1.68508921390879,0.0501165984239226,-0.261220722974086,0.0452400057185406,11.2743232139306,-5.85950968123867,0.283424763055077,4.53711824758017,11.8197806706459,1.10990546368517,7.17292265973912,-6.06481557516576,-2.81,0.14710226022789,0.0294685317997412,12.8688879013062,18.4978892476705,0.169751936052799,1.11052455243185,171.289993286133,15.2270151620289,31.3400321737316,-171.289993286133,1.17722463607788,12.8500003814697,24.4099998474121,15.5959997177124,40.7900009155273,991.466369628906
2.9,-0.0698909041648637,-0.13547867279173,0.542316974039442,1.78019868318096,0.364961435790971,-9.35148860475353,-0.0394242685656478,-0.189795054691008,0.0257093496439426,-0.0126407184968068,-0.0736419777552746,1.6857749334541,-0.00879662010987122,-0.225043503973366,0.0303887637507214,11.3221216514372,-5.84696321034494,0.223179167786881,4.51218338977421,11.8655856342541,1.12929403931541,7.17306409682637,-6.06543272090174,-2.81,0.140836034711439,0.0298317971056058,12.909459407513,18.5504647628647,0.169751936052799,1.11052455243185,171.289993286133,15.2270151620289,31.3400321737316,-171.289993286133,1.17722463607788,12.8500003814697,23.5102577209473,15.6334266662598,40.7900009155273,991.466369628906
2.925,-0.0722555739908217,-0.135002126542539,0.542503741420756,1.59186866431636,0.478718502777002,-8.53738121205454,-0.124373707440148,-0.062287636668033,0.0138123667375004,-0.0138959969112835,-0.0784642321470241,1.68631458585032,-0.0819922223802336,-0.143009491117996,0.0175356031868808,11.4484156688409,-5.81871544840812,0.0807376425706428,4.46422045005032,11.9950237471692,1.05845663171987,7.17313416330746,-6.065726596923,-2.81,0.130822531119197,0.030826768393506,12.9875595569611,18.6679906044812,0.169751936052799,1.11052455243185,171.289993286133,15.2270151620289,31.3400321737316,-171.289993286133,1.17722463607788,12.8500003814697,20.7800006866455,15.7469997406006,40.7900009155273,991.466369628906
2.95,-0.0794176493219896,-0.133558770646497,0.542690507905366,1.54193920783768,0.40298703561872,-8.63682340991639,-0.149940455915748,0.0427920131950235,-0.00188494894404803,-0.0199670709618569,-0.0782826386791299,1.68631988103828,-0.170486189924907,0.0401088805307984,-0.00416942677007352,11.6239136410457,-5.79496914290658,-0.0129130915384329,4.42063077919822,12.1709531102853,1.01149708398118,7.17320422978855,-6.06602047294427,-2.81,0.126783123026005,0.0310477118980603,13.0271167755127,18.8352782310001,0.169751936052799,1.11052455243185,171.289993286133,15.2270151620289,31.3400321737316,-171.289993286133,1.17722463607788,12.8500003814697,20.7800006866455,15.7469997406006,40.7900009155273,991.466369628906
2.975,-0.0798818190039219,-0.140690866102895,0.542877274395382,1.39698722679129,0.373867164403048,-9.16998914721308,-0.258570326321142,0.143620706025554,-0.0120148264797281,-0.0258938565103821,-0.0751534824363581,1.68608112058395,-0.254597006960444,0.143731117131277,-0.0146388469712795,11.6861711366497,-5.76603468140168,-0.035561604208072,4.38727583158623,12.2304966618905,0.990847410527056,7.17327429626965,-6.06631434896553,-2.81,0.128381625552302,0.0317844910922792,13.0271167755127,18.8939546323768,0.169752143810378,1.11052458909496,171.22721862793,15.4611768953928,31.9302239549472,-171.22721862793,1.18464148044586,12.9683132171631,20.7800006866455,15.7469997406006,40.7900009155273,991.471763415214
3,-0.0800326672235112,-0.143072930054228,0.54306404177129,1.3540987197633,0.515239671879258,-9.87095162671376,-0.2809169269241,0.244166229285124,-0.0221640802410339,-0.0276646502235774,-0.0739404077554561,1.68597691815009,-0.270960870736716,0.175198435459725,-0.0171662562527834,11.8066996504406,-5.74859987955439,0.00047548366116798,4.35647556505929,12.3451287241047,1.03124918101268,7.17325178295973,-6.06611514227024,-2.81,0.130512630378357,0.0322912370541411,13.0656860058124,19.0174478897534,0.169752355245083,1.11052462640696,171.163330078125,15.69948308434,32.5308616083003,-171.163330078125,1.19218969345093,13.0887184143066,20.7800006866455,15.7469997406006,40.7900009155273,991.477252666767
3.025,-0.0737064532656502,-0.131663123690944,0.543250806476026,1.41955546837054,0.540333989862729,-10.7343178721509,-0.298002758883582,0.347285788324901,-0.0340588933638109,-0.0349093342180746,-0.0663580790048907,1.68531116378717,-0.276887937231017,0.300944612576495,-0.0247739481174883,11.8554429347054,-5.74134105536073,0.00448701210328002,4.34998141452751,12.3939914570384,0.99054625405812,7.17321403288697,-6.06583478412343,-2.81,0.135733021261696,0.0317960639117086,13.1481813039535,19.0572815244067,0.169752566679788,1.11052466371897,171.09944152832,15.9377892732872,33.1314992616535,-171.09944152832,1.19973790645599,13.2091245651245,19.9345512390137,15.7630290985107,40.7900009155273,991.482741918319
3.05,-0.0677142871220737,-0.125670957547367,0.543437570296093,1.44856776174004,0.517196681613326,-11.8216707856156,-0.264859476688371,0.390746381338018,-0.0465830362138571,-0.0444199097866941,-0.0526037411188273,1.68402617111804,-0.25915851449733,0.400622516283646,-0.036246901195035,11.9445160731538,-5.73224094193328,0.0813281389952567,4.34060147418183,12.4806961962367,0.963361824016239,7.17317628281419,-6.06555442597662,-2.81,0.147524301766769,0.0310792721143878,13.1942501068115,19.1370099974732,0.169752778114493,1.11052470103098,171.035552978516,16.1760954608162,33.7321369150855,-171.035552978516,1.20728600025177,13.3295307159424,17.5100002288818,15.8090000152588,40.7900009155273,991.488231169872
3.075,-0.0587971519035312,-0.125335583688373,0.543624338117326,1.6348412084658,0.462385789706024,-13.0414511327232,-0.269426792201636,0.407418498693324,-0.057628844771989,-0.0473787724089453,-0.0474509874359505,1.68350587464722,-0.249622225659162,0.416602670010392,-0.0380845719940091,11.9776806451932,-5.71814214644875,0.092515071663302,4.32744233252557,12.5130771688999,0.930959133118245,7.17313853274143,-6.06527406782981,-2.81,0.150808875401193,0.0314447500503923,13.1942501068115,19.1637130216167,0.16975279650012,1.1105247042755,171.029998779297,16.1968177387325,33.7843662762466,-171.029998779297,1.20794236660004,13.3400001525879,17.5100002288818,15.8090000152588,40.7900009155273,991.493035732172
3.1,-0.0578317358439814,-0.127238311652225,0.543811105053278,1.77607799884676,0.59068862173104,-14.2261122826331,-0.265957534851508,0.418191534436407,-0.0581933831200621,-0.0588364168235569,-0.0286989278902321,1.68121071670972,-0.262370352277953,0.43691640363881,-0.0476087473062464,12.0635208623496,-5.69528371698901,0.0434901467348313,4.32072782782909,12.6005300431395,0.724318490700738,7.17310248616282,-6.06500311196108,-2.81,0.158578812538539,0.0312902779074872,13.2391046866392,19.210142538497,0.16975279650012,1.1105247042755,171.029998779297,16.1968177387325,33.7843662762466,-171.029998779297,1.20794236660004,13.3400001525879,17.5100002288818,15.8090000152588,40.7900009155273,991.497775085971
3.125,-0.0476717083973699,-0.119938890468275,0.543997870646573,1.78410875089711,0.541258093498609,-14.6785048088796,-0.258788585495565,0.39233834219617,-0.0610416942572022,-0.0659256819608859,-0.018816854699698,1.67941755967235,-0.259059040802677,0.394684744321931,-0.0583286387723833,12.1112039395759,-5.67705263899605,0.0827098385382228,4.3141338232587,12.6426650505736,0.684323186324944,7.17315543595284,-6.06522336329619,-2.81,0.166333046367639,0.0314732351473998,13.3470360193497,19.2449834507111,0.16975279650012,1.1105247042755,171.029998779297,16.1968177387325,33.7843662762466,-171.029998779297,1.20794236660004,13.3400001525879,17.1814746856689,15.8215532302856,40.7900009155273,991.50251443977
3.15,-0.0359583016470832,-0.108539051721946,0.544184634463363,1.79732792733731,0.340424847872099,-15.0645506237419,-0.246766402468291,0.32206355500264,-0.0678009639948694,-0.0720079929454187,-0.0113144435443493,1.67751778058493,-0.245280885511816,0.32670650382528,-0.0627791268170005,12.134095464521,-5.66250273213974,0.0412139664490712,4.32085965064076,12.6605278924315,0.585759241548648,7.17320838574286,-6.0654436146313,-2.81,0.168925992503208,0.0317232340804091,13.4129161834717,19.243936266173,0.16975279650012,1.1105247042755,171.029998779297,16.1968177387325,33.7843662762466,-171.029998779297,1.20794236660004,13.3400001525879,16.2800006866455,15.8559999465942,40.7900009155273,991.50725379357
3.175,-0.0327907579294313,-0.110446697420579,0.544371400948044,1.82584236316499,0.49860195904449,-14.7884004876281,-0.258207162425608,0.233855453431778,-0.0701021507494223,-0.0777184393130402,-0.00536045625287879,1.67565109849774,-0.244887997239121,0.249774854572516,-0.0644764292780308,12.137913089086,-5.65051458335245,0.00793732837892168,4.33178666573869,12.6582432231211,0.511678612904104,7.17326133553287,-6.0656638659664,-2.81,0.171397807747827,0.0319151211745466,13.4129161834717,19.2273821355713,0.169752981352118,1.11052473466213,170.992691040039,16.3908925828946,34.3094885368418,-170.992691040039,1.21210241317749,13.3918161392212,16.2800006866455,15.8559999465942,40.7879257202148,991.511335324018
3.2,-0.0324610825683435,-0.112030840500829,0.544558168329286,1.80069299416336,0.628277898403878,-14.5372704943748,-0.229621366769951,0.16097437449632,-0.0675244055130138,-0.0836539343966738,-0.000717015185865949,1.67364832373449,-0.217254346478294,0.169828167968856,-0.065634094552609,12.2085498823964,-5.62496361359148,-0.156842843484397,4.33526997276599,12.7206508774471,0.32246097450687,7.1732525606836,-6.06554683029856,-2.81,0.166134698821243,0.0327473257003392,13.4320056621845,19.2558479751124,0.169753200506548,1.11052477068752,170.948455810547,16.6209813177841,34.9320561654133,-170.948455810547,1.21703433990479,13.4532480239868,16.2800006866455,15.8559999465942,40.7854690551758,991.515294784155
3.225,-0.0277215938770713,-0.101252105875825,0.544744934371679,1.71334612227473,0.507184296276346,-14.1847454604475,-0.193257587859739,0.0908291902279745,-0.0713958540947143,-0.0891835082292491,0.00161579253326294,1.6717146128852,-0.195316875883965,0.0882607569630339,-0.0703005650289039,12.2472579445453,-5.60598722049173,-0.262724451278474,4.344666439737,12.7502105029431,0.217829456013848,7.17322907787061,-6.06534942469965,-2.81,0.163178677427236,0.0333543445833978,13.4845017286447,19.2663907674288,0.169753419660979,1.1105248067129,170.904235839844,16.8510700512554,35.5546237939849,-170.904235839844,1.22196650505066,13.5146789550781,16.3819885253906,15.8526916503906,40.7830123901367,991.519254244291
3.25,-0.0270981915978405,-0.0933659839649557,0.544931615280806,1.6052068788016,0.411021146624688,-13.518060516759,-0.218213385019235,0.0130389557873972,-0.07991298308978,-0.0942049625148079,0.00183596988637696,1.67000674951709,-0.214022679075591,0.0207283089067563,-0.0793083748703381,12.2670277266552,-5.57536325260623,-0.374235429116355,4.34333028544064,12.7602291064872,0.129352166494217,7.17320559505762,-6.06515201910075,-2.81,0.159133727572089,0.0346522542825808,13.5192718505859,19.2624754367215,0.169753638815409,1.11052484273829,170.860015869141,17.0811587847266,36.1771914224776,-170.860015869141,1.22689855098724,13.5761117935181,16.6499996185303,15.8439998626709,40.7805557250977,991.523213704427
3.275,-0.0292947311226931,-0.0948294753864136,0.545,1.52923746584043,0.457609000640734,-12.6730472512185,-0.193115276200872,-0.0562732772053162,-0.0870554402224378,-0.0989623603614864,0.000202341680905322,1.66801297879352,-0.206871144841227,-0.0402091364990929,-0.0876663411463843,12.2768074050192,-5.56683563096316,-0.443643139449384,4.36543361771107,12.7608079909037,0.106051807729603,7.17318211224463,-6.06495461350184,-2.81,0.156590600679998,0.0350077459189036,13.5192718505859,19.2560678070927,0.169753688363368,1.11052485088316,170.850006103516,17.1331788465894,36.3179458428441,-170.850006103516,1.2280136346817,13.5900001525879,16.6499996185303,15.8439998626709,40.7799987792969,991.535263322358
3.3,-0.0318633295517038,-0.0923685045851487,0.545,1.43882561428971,0.45057562765905,-11.8599832222679,-0.18726327161047,-0.103069816882136,-0.0872216578022189,-0.103786905784422,-0.00226583995904926,1.66578777430967,-0.18262900755592,-0.102429352862925,-0.0961659732752063,12.2827827833851,-5.55701210812373,-0.506710086483828,4.38946364958175,12.7564332312674,0.0995573734924438,7.17318520402288,-6.06495464274976,-2.81,0.154142075606584,0.0355299116161292,13.5417580237755,19.2473185484759,0.169753688363368,1.11052485088316,170.850006103516,17.1331788465894,36.3179458428441,-170.850006103516,1.2280136346817,13.5900001525879,16.6499996185303,15.8439998626709,40.7799987792969,991.549676357171
3.325,-0.0329731724346626,-0.0903109980892055,0.545,1.27809885046876,0.406369449213949,-11.28343546468,-0.165684670276772,-0.148488494527163,-0.0932614070031971,-0.107907595372798,-0.00640668726552652,1.66338049797491,-0.16126839850754,-0.139505867515905,-0.0982539604094445,12.3725637749763,-5.51980890271919,-0.716909915926834,4.3971655535089,12.834562666651,-0.0389970100200309,7.17319266387459,-6.06498712442215,-2.81,0.142683669248758,0.0376033197531972,13.6139011627589,19.3022736068376,0.169753688363368,1.11052485088316,170.850006103516,17.1331788465894,36.3179458428441,-170.850006103516,1.2280136346817,13.5900001525879,16.4141235351562,15.851957321167,40.7799987792969,991.564089391985
3.35,-0.0382161846776208,-0.0828399298992865,0.545,1.16232871524238,0.404066462601104,-10.7704762877701,-0.169093752484844,-0.149526453854962,-0.101161537233084,-0.112224261943212,-0.010083359653878,1.66126534993097,-0.166209036193695,-0.138588794041061,-0.0980028681017003,12.4172583283798,-5.49427384055462,-0.827632947342971,4.40771375591603,12.8695639162884,-0.0819132145958072,7.17320012372631,-6.06501960609453,-2.81,0.136917146402444,0.0389685448405999,13.6654319763184,19.328963384655,0.169753688363368,1.11052485088316,170.850006103516,17.1331788465894,36.3179458428441,-170.850006103516,1.2280136346817,13.5900001525879,15.8199996948242,15.8719997406006,40.7799987792969,991.5785024268
3.375,-0.0434623791351128,-0.0820284958064237,0.545,1.0750822574936,0.456514801210304,-9.86126029708844,-0.187764394956934,-0.126721841913025,-0.102714756666166,-0.116910498922282,-0.0133002363598526,1.65895034084084,-0.176851282752335,-0.122942057611065,-0.105560789083833,12.4466105039297,-5.47187090547096,-0.886823399674469,4.42047214353905,12.8879573675216,-0.0769474237569029,7.17320758357802,-6.06505208776692,-2.81,0.134222951826991,0.0401741483265602,13.6654319763184,19.3458961074336,0.169753846953381,1.11052487625756,170.837890625,17.2952413456443,36.7684638110877,-170.837890625,1.22713756561279,13.6557693481445,15.8199996948242,15.8719997406006,40.7799987792969,991.583091148963
3.4,-0.046487808706937,-0.0790107236928333,0.545,0.931436564441679,0.470795429282326,-9.4556208611253,-0.175788844447377,-0.108762517353867,-0.113544031790109,-0.12180683487678,-0.0165054475665882,1.65646836703048,-0.184232996646853,-0.107708133355507,-0.116703586358089,12.470749401702,-5.46102841331831,-0.91456298968267,4.44411514026399,12.900667230147,-0.0383805980226348,7.17314508675294,-6.06470953134724,-2.81,0.133278648782849,0.0408025242825518,13.680378987239,19.3601393141598,0.169754072112043,1.11052491228295,170.820678710938,17.5253300791156,37.4080880870163,-170.820678710938,1.22589385509491,13.7491455078125,15.8199996948242,15.8719997406006,40.7799987792969,991.58355608557
3.425,-0.047124421212971,-0.0767961274480614,0.545,0.871944181130723,0.373727369183899,-8.97234788980055,-0.155608290216253,-0.0754321475641142,-0.12396729303042,-0.125677330194347,-0.0190509058942714,1.65317207066945,-0.148811503976807,-0.0712483815290965,-0.128107226313443,12.5639009547977,-5.41742671760936,-1.02695375834281,4.45062723335683,12.978312341963,-0.10039645691796,7.17307059919907,-6.06430269257086,-2.81,0.127537808346694,0.043437996457762,13.7379249792833,19.4261379742438,0.169754297270704,1.11052494830833,170.803482055664,17.7554188140051,38.047712362866,-170.803482055664,1.22465014457703,13.8425216674805,15.4716453552246,15.8813667297363,40.7799987792969,991.584021022177
3.45,-0.0496757640987053,-0.068853004327169,0.545,0.729019722423082,0.388977474485041,-8.8775404043727,-0.197878176006228,-0.0056958284283312,-0.128575206572132,-0.1292386100078,-0.0195752904102273,1.6505612520078,-0.177040374346946,-0.0135157289848834,-0.12807311338942,12.6220551731995,-5.38476226388628,-1.05786201972858,4.45268851768487,13.0227850687249,-0.107923606883088,7.17299611164519,-6.06389585379447,-2.81,0.126778017155764,0.0452827145093543,13.782018661499,19.4679911361718,0.169754522429366,1.11052498433372,170.786285400391,17.9855075474763,38.6873366387946,-170.786285400391,1.22340643405914,13.9358978271484,14.6300001144409,15.9040002822876,40.7799987792969,991.584485958784
3.475,-0.0517407606367054,-0.0670974808395176,0.545,0.802768999491687,0.681888903994539,-9.34972724977386,-0.130399849320652,0.0845473638451429,-0.141144164051305,-0.131549625635154,-0.0190826489333142,1.64888594533792,-0.185465074458463,0.036622482025847,-0.127164001074402,12.6691325739398,-5.38806292871314,-1.04832677350229,4.47368409092896,13.0619697647426,-0.0907074605331628,7.17292162409131,-6.06348901501809,-2.81,0.128029086164439,0.045145956276483,13.782018661499,19.5054763774678,0.169754604661225,1.11052499749081,170.779998779297,18.0695399544462,38.9209385482601,-170.779998779297,1.22295224666595,13.9700002670288,14.6300001144409,15.9040002822876,40.7799987792969,991.584655761719
3.5,-0.0522224544360517,-0.066936235052432,0.545,0.840345790094827,0.479437966248881,-9.92386817872547,-0.0844868570525834,0.128790235086254,-0.15447140867073,-0.13662631300896,-0.0147221189881776,1.64259515078895,-0.0880721209102701,0.142287826283134,-0.152441162660867,12.7103809884487,-5.3779296454177,-1.01825042445114,4.54041728809023,13.0724677265789,-0.0891316837114343,7.17287637459303,-6.06327766841864,-2.81,0.133042588221227,0.0466347961571999,13.7937478774633,19.5066582750317,0.169754604661225,1.11052499749081,170.779998779297,18.0695399544462,38.9209385482601,-170.779998779297,1.22295224666595,13.9700002670288,14.6300001144409,15.9040002822876,40.7799987792969,991.584655761719
3.525,-0.048907442687902,-0.0617090154961003,0.545,0.905455961855756,0.378354657558023,-9.91879853329651,-0.0387015342123898,0.117609114120464,-0.166769097260902,-0.137660182969954,-0.0120770788889865,1.63756394603776,-0.0394205256517356,0.128368144759911,-0.166954036697781,12.7969182433264,-5.33057714372654,-0.959586815385685,4.54587130043356,13.1311795280939,-0.0644545477386549,7.17283506165733,-6.06309264255674,-2.81,0.137166954849138,0.0502656080471669,13.8501947292915,19.5667841658825,0.169754604661225,1.11052499749081,170.779998779297,18.0695399544462,38.9209385482601,-170.779998779297,1.22295224666595,13.9700002670288,14.1780767440796,15.916654586792,40.7799987792969,991.584655761719
3.55,-0.0439808380113152,-0.059330402449316,0.544999167011592,0.797995126557889,0.0465879942047489,-10.4312833520328,-0.11993422916357,0.120021104496438,-0.17301960416636,-0.139233497616411,-0.00982173680672591,1.6339109890795,-0.080747383308294,0.1312462243704,-0.168301090512875,12.8379388385416,-5.28524958239255,-0.972855971839763,4.54860135547504,13.152658664326,-0.103832947375018,7.17279374872163,-6.06290761669484,-2.81,0.137849671878422,0.0533494355236884,13.8963785171509,19.581820991261,0.169754604661225,1.11052499749081,170.779998779297,18.0695399544462,38.9209385482601,-170.779998779297,1.22295224666595,13.9700002670288,13.1300001144409,15.9460000991821,40.7799987792969,991.584655761719
3.575,-0.0433442674065206,-0.0602835545908052,0.542567917191175,0.827296160362719,0.210518680627492,-10.8547320555328,-0.126250466671735,0.162265539158678,-0.178886209816176,-0.141693519154575,-0.00759253069125296,1.6310770633311,-0.145584973683429,0.147400217265551,-0.170056900011171,12.8773769366237,-5.26726153631589,-0.967984368537977,4.56559004892712,13.1776193418991,-0.116664402100855,7.17275243578592,-6.06272259083294,-2.81,0.139653817136936,0.0545754315780501,13.8963785171509,19.6020945320343,0.169754734106478,1.1105250183378,170.782775878906,18.2026865410361,39.2886629145681,-170.782775878906,1.22317039966583,13.9880561828613,13.1300001144409,15.9460000991821,40.7799987792969,991.584655761719
3.6,-0.0408129624380989,-0.0555275192751517,0.533827317163531,0.974539966713396,0.0254183147012326,-11.4761244086446,-0.173658147019544,0.191709122952628,-0.180671543237654,-0.147794704214044,-0.00167282492566214,1.62344891128676,-0.149068886995953,0.205231799020778,-0.18224891877556,12.9223152709517,-5.2315593139951,-0.96941380046383,4.62981581415554,13.1845430985308,-0.166843472241996,7.17270118980853,-6.06248349168706,-2.81,0.144001384540519,0.0574656808310815,13.9059605231652,19.593380898367,0.169754963125002,1.11052505522094,170.787689208984,18.4382535772125,39.9392521780665,-170.787689208984,1.22355628013611,14.0200004577637,13.1300001144409,15.9460000991821,40.7799987792969,991.584655761719
3.625,-0.0395438004088696,-0.0539393457101044,0.525086654703329,1.04724218712756,0.0619804877688155,-12.0908961897056,-0.217415551473308,0.193744933304195,-0.174935181355135,-0.153078554908695,0.00329251319167431,1.61816908714728,-0.199265430054036,0.214221696075104,-0.171712691796123,13.0063023527917,-5.17172737704906,-0.974438513714395,4.63805033212447,13.2401463942349,-0.217273900116386,7.1726289558853,-6.06213013880191,-2.81,0.147042997085344,0.0608158119752366,13.967445061757,19.6398624431758,0.169755192143526,1.11052509210407,170.792602539062,18.6738206148071,40.5898414416437,-170.792602539062,1.22394227981567,14.051944732666,13.1330986022949,15.9627304077148,40.7799987792969,991.584655761719
3.65,-0.0344755018633432,-0.0466438802172242,0.516345992243126,1.12227720056152,0.122700578673118,-12.530391095048,-0.196539189259903,0.162629416176484,-0.169555825652432,-0.158472806964437,0.00716019486812231,1.61351252931283,-0.200250973281071,0.179295321556407,-0.165016509432746,13.0410826503555,-5.14915120188607,-0.987370895824907,4.67883426898676,13.2514747111403,-0.25578104420734,7.17255672196207,-6.06177678591676,-2.81,0.149639271465543,0.0621992882555897,14.0209445953369,19.6403760028972,0.169755421162051,1.1105251289872,170.797515869141,18.9093876524017,41.2404307050632,-170.797515869141,1.22432827949524,14.0838890075684,13.1400003433228,16,40.7799987792969,991.584655761719
3.675,-0.0317883866337957,-0.0388635336895051,0.511120488077663,1.13477403418307,0.0941843974343611,-12.4336433935189,-0.190565676311964,0.122289216058152,-0.162723579872815,-0.163762509566129,0.00978633428534914,1.60926638259826,-0.181946989259168,0.130080170430842,-0.16322032251943,13.0476236448029,-5.12884493257845,-0.99976730997272,4.71761598806974,13.2367645158128,-0.277907061754973,7.17248448803884,-6.06142343303161,-2.81,0.151982573728508,0.0634663887006224,14.0209445953369,19.6177963112317,0.169755536667045,1.11052514758913,170.800003051758,19.0281953753404,41.5685539858356,-170.800003051758,1.22452294826508,14.1000003814697,13.1400003433228,16,40.7787780761719,991.585287632086
3.7,-0.0313159164966729,-0.0371153937352851,0.520261369135561,1.14648422949683,0.226259549140359,-11.8660643212453,-0.142929452139376,0.0875216772802027,-0.152037009424134,-0.167232060484508,0.0117278107738634,1.60475992839378,-0.126009638725536,0.100931353138133,-0.157036836874263,13.1061918515779,-5.10658168670833,-1.09568449434997,4.76978723173174,13.2722108303872,-0.384077234826899,7.17241225411561,-6.06107008014646,-2.81,0.148921561469072,0.0651802967167086,14.027819902469,19.6324593219081,0.169755536667045,1.11052514758913,170.800003051758,19.0281953753404,41.5685539858356,-170.800003051758,1.22452294826508,14.1000003814697,13.1400003433228,16,40.7763214111328,991.586562458266
3.725,-0.0299030603434965,-0.0277626696486153,0.52392046611054,1.0852937096855,0.20165289911167,-11.7023117858559,-0.0777022091615983,0.0462483201467548,-0.147496516190359,-0.169293904733369,0.0130533696422038,1.60083087922993,-0.0816292351765868,0.0618343515421989,-0.143578660491329,13.1407752494042,-5.09458707215031,-1.12530515058389,4.81451699869604,13.2869539834372,-0.422354335000777,7.17234748154183,-6.06075653530549,-2.81,0.148672415265694,0.0665286565134237,14.0939947336148,19.6365505811101,0.169755536667045,1.11052514758913,170.800003051758,19.0281953753404,41.5685539858356,-170.800003051758,1.22452294826508,14.1000003814697,13.292820930481,15.9786682128906,40.7738647460938,991.587837284447
3.75,-0.0294312368256734,-0.0257012643466535,0.522552503552232,1.0019102415616,0.165810769653953,-11.5043942986537,-0.0459640481835677,0.00893535630540883,-0.142379990531024,-0.170697142951942,0.012933104824085,1.59772407691329,-0.051281586940469,0.0239671226255667,-0.141754052634322,13.1521781211638,-5.08883078002257,-1.1446929065461,4.85343808729141,13.2831607740625,-0.43369167856507,7.17229276877478,-6.06049666188603,-2.81,0.148339146375719,0.0675533724991583,14.1550130844116,19.6265384434364,0.169755536667045,1.11052514758913,170.800003051758,19.0281953753404,41.5685539858356,-170.800003051758,1.22452294826508,14.1000003814697,13.6199998855591,15.9329996109009,40.771411895752,991.589112110627
3.775,-0.030872914537243,-0.0188658643348002,0.520933848193846,0.923768087583069,0.136912133554697,-10.9583456990323,0.0241711604702228,-0.01433423902037,-0.1378502121148,-0.170646423839082,0.0121932173159049,1.595185106177,0.00298041948875748,0.00167306972011839,-0.143077540945198,13.1561149144153,-5.09845785605361,-1.14919657358817,4.89728077441399,13.2752600480397,-0.427079137255158,7.17223805600774,-6.06023678846657,-2.81,0.148081277059534,0.0679521407567507,14.1550130844116,19.6141576516996,0.169755536667045,1.11052514758913,170.800003051758,19.0281953753404,41.5685539858356,-170.800003051758,1.22452294826508,14.1000003814697,13.6199998855591,15.9329996109009,40.7700004577637,991.58602227105
3.8,-0.0313501252669033,-0.0168113627772543,0.519315215984921,0.846347865664749,0.121686275101584,-10.5123660824795,0.044740032154172,-0.0154012454686831,-0.141669931619272,-0.16956881080313,0.0111821778219658,1.59034668158564,0.0482672624677073,-0.00193243905083557,-0.140346975583065,13.2322054478324,-5.08144029352439,-1.22996606859177,4.95654528219337,13.3268537094506,-0.502734594647995,7.17218322949299,-6.05996690114784,-2.81,0.143244173803894,0.0704886600693166,14.1578858937973,19.6489526069908,0.169755536667045,1.11052514758913,170.800003051758,19.0281953753404,41.5685539858356,-170.800003051758,1.22452294826508,14.1000003814697,13.6199998855591,15.9329996109009,40.7700004577637,991.577053493924
3.825,-0.0318284274099053,-0.0176098901156482,0.51769657213998,0.761254914184666,-0.0921956469512769,-10.5445701223511,0.0814033592324633,0.00811454082002903,-0.138589582349958,-0.16876375548625,0.0114071944704536,1.5875077074584,0.0501520050356355,0.0189463836243897,-0.138034147121344,13.2468323049483,-5.08686861101956,-1.22681107517709,4.99865069263367,13.3273126832185,-0.506055028757998,7.17212796925503,-6.05965883054647,-2.81,0.143393190626103,0.0712663355295699,14.2131874744709,19.6440024022101,0.169755536667045,1.11052514758913,170.800003051758,19.0281953753404,41.5685539858356,-170.800003051758,1.22452294826508,14.1000003814697,13.5317306518555,15.9356155395508,40.7700004577637,991.568084716797
3.85,-0.0332498147540697,-0.0199829019646826,0.516077928352781,0.746992187445972,0.0224126384790108,-10.4896138853084,0.0245593822671227,0.0457814144487792,-0.127563134422908,-0.167976559991203,0.011642233234683,1.58471505764388,0.051984147427553,0.0396343901165195,-0.135788826435084,13.2616660827697,-5.06865125729934,-1.24671494476951,5.02073635414054,13.327493978475,-0.5361172711654,7.17207270901708,-6.05935075994511,-2.81,0.142377916897553,0.0732344730457157,14.2670526504517,19.6379362380041,0.169755536667045,1.11052514758913,170.800003051758,19.0281953753404,41.5685539858356,-170.800003051758,1.22452294826508,14.1000003814697,13.3500003814697,15.9409999847412,40.7700004577637,991.55911593967
3.875,-0.0332498147540697,-0.0199829019646826,0.514459288405759,0.716088584217418,0.0522817761985406,-10.6552454884839,0.0906948037163528,0.0790944147658475,-0.125192011142704,-0.167160825765769,0.0118981093542911,1.58189149854418,0.0545548720505133,0.0607833279351324,-0.133424171886633,13.2785412254652,-5.08155838768779,-1.2355974078723,5.06872405440895,13.3302224924286,-0.530846909010555,7.17201744877912,-6.05904268934375,-2.81,0.142913678792062,0.0736114979790827,14.2670526504517,19.6357323826757,0.169755618775836,1.11052516104457,170.801742553711,19.1141332792117,41.8018062869359,-170.801742553711,1.22308564186096,14.1131420135498,13.3500003814697,15.9409999847412,40.7700004577637,991.555991539588
3.9,-0.0332443716058108,-0.0199919585161777,0.512840640718731,0.748491757624895,-0.124783546782781,-10.5915519780951,0.0841953857921254,0.0930545015374324,-0.116735922741211,-0.163716715194496,0.0155561137595914,1.57674147293605,0.0789334967178879,0.101978220056158,-0.111145136470371,13.3766039553301,-5.06575964683149,-1.2203084457131,5.11734293811156,13.3997601630701,-0.586375055623975,7.17196372727453,-6.05874196243905,-2.81,0.143523381220132,0.0763073965472136,14.2670526504517,19.6926199234372,0.169755849080982,1.11052519878545,170.806671142578,19.3551786195115,42.4560505463697,-170.806671142578,1.21905422210693,14.1499996185303,13.3066663742065,15.9489994049072,40.7700004577637,991.563415527344
3.925,-0.0292797151614721,-0.0249640918956507,0.511222004672164,0.841463468092299,0.0287218924239449,-10.8032136304097,0.0977023673353486,0.111258739756217,-0.104111197863703,-0.162773549556732,0.0172559060156345,1.57426834106445,0.0776371359825134,0.104283191263676,-0.107703410089016,13.3956550619886,-5.07018692428178,-1.19756919650001,5.15072750558869,13.4054115775414,-0.591175580716179,7.17192212947118,-6.05849909662088,-2.81,0.145004172049308,0.0769428302850951,14.318136545328,19.6939642592087,0.169756079386127,1.11052523652634,170.811584472656,19.5962239598112,43.1102948057246,-170.811584472656,1.21502280235291,14.1868591308594,13.2200002670288,15.9650001525879,40.7700004577637,991.570839515099
3.95,-0.0278722355287643,-0.020936931863096,0.509603368583612,0.851710711341427,-0.0894370936380562,-10.9763609702607,0.114517176630853,0.118230366301943,-0.101538622950669,-0.161333331402184,0.0183587243769084,1.57276466404175,0.104032073290375,0.111195757656504,-0.106667268085773,13.4054509371935,-5.07439833925548,-1.18227996691936,5.17203756047338,13.4069398630481,-0.597837968670517,7.17188053166783,-6.05825623080271,-2.81,0.145723713931556,0.0774350566828711,14.3692204402043,19.6923053940964,0.169756309691272,1.11052527426722,170.816497802734,19.837269300111,43.7645390651585,-170.816497802734,1.21099150180817,14.2237186431885,13.2200002670288,15.9650001525879,40.7700004577637,991.578263502854
3.975,-0.0278512713193206,-0.0155996867159043,0.507984736296978,0.847126972264797,-0.127176051661601,-11.4285235008151,0.0824717708127421,0.127472136241737,-0.0920597801188756,-0.156815248805632,0.0237034110837296,1.56775960191633,0.0801272565393803,0.139294699677593,-0.0887635029559065,13.4353764358686,-5.07431613709998,-1.1762745748119,5.23649277185954,13.4070078501439,-0.687699108998394,7.17183893386449,-6.05801336498453,-2.81,0.146479827156269,0.0797047072561967,14.3705472946167,19.6757916421203,0.169756473908854,1.1105253011781,170.820007324219,20.0091451078536,44.2310436674379,-170.820007324219,1.20811688899994,14.25,13.2200002670288,15.9650001525879,40.7700004577637,991.584495348808
4,-0.0262752509456476,-0.0168120613422959,0.506366080969577,0.938431409916769,0.125521914168807,-11.2881163388636,0.0942635239991631,0.125387391018727,-0.0841451270122002,-0.155046975239881,0.0270382520329164,1.56489629752376,0.0836232390713781,0.123659935314956,-0.0839233429474375,13.475732428963,-5.08440429058849,-1.14114965730305,5.27896954429289,13.4306408629035,-0.70648467050309,7.17181877525533,-6.0578671161636,-2.81,0.148681940053226,0.0802001123231206,14.3705472946167,19.6928819171483,0.169756473908854,1.1105253011781,170.820007324219,20.0091451078536,44.2310436674379,-170.820007324219,1.20811688899994,14.25,13.2200002670288,15.9650001525879,40.7700004577637,991.587764903011
4.025,-0.0215693563194394,-0.0202530958814746,0.504963421328736,0.907096487334925,-0.0996542676833866,-11.0826467686118,0.135789981311004,0.110117971712603,-0.0797016521468799,-0.151434582874823,0.0293631535264972,1.56232453429336,0.140154582966771,0.113154792841853,-0.0794248526701468,13.4911411082165,-5.10500181517232,-1.12509099644089,5.330277011328,13.4306075575847,-0.73803069153782,7.171803847074,-6.05774443857516,-2.81,0.149131314743589,0.0806033153794022,14.4062743859413,19.684515270339,0.169756473908854,1.1105253011781,170.820007324219,20.0091451078536,44.2310436674379,-170.820007324219,1.20811688899994,14.25,13.2268810272217,15.9608716964722,40.7700004577637,991.591034457215
4.05,-0.0199150430116121,-0.0231683004941332,0.504064397753212,0.928825439954652,0.0334143878919379,-10.9265812637094,0.127493914011194,0.106308635878766,-0.0694474315962771,-0.148139549294936,0.0317035002637153,1.56032972350945,0.141370336864596,0.112719679422942,-0.0698899945934277,13.5120078591751,-5.12151534913422,-1.10794634046612,5.36990439821373,13.4389766466206,-0.768019789335845,7.17178891889266,-6.05762176098673,-2.81,0.149643414993624,0.0809336432882138,14.4439591261057,19.6858787071881,0.169756473908854,1.1105253011781,170.820007324219,20.0091451078536,44.2310436674379,-170.820007324219,1.20811688899994,14.25,13.2399997711182,15.9530000686646,40.7700004577637,991.594304011418
4.075,-0.0188040827424493,-0.0207979821291247,0.503255078716684,0.882484981740242,-0.103679583954822,-10.8195449449992,0.13459658295449,0.0785602042464418,-0.0670311257643552,-0.145728967989333,0.0332631060877463,1.55862296243918,0.127300530578445,0.083853411172288,-0.0663848823579311,13.517056340635,-5.1308971493758,-1.09077056988066,5.39883590430768,13.4337419328082,-0.783483676000952,7.17177399071133,-6.0574990833983,-2.81,0.150296909762785,0.0814381417702139,14.4468955993652,19.6763450422456,0.169756524161657,1.11052530994204,170.823211669922,20.0651190763186,44.3738003898365,-170.823211669922,1.2068954706192,14.2617521286011,13.2399997711182,15.9530000686646,40.7700004577637,991.595115205162
4.1,-0.0173728267116419,-0.0231799888817619,0.502445763550052,0.834091673660049,-0.10128850483024,-10.532200888455,0.0901380563266291,0.0373590926595686,-0.0622941526426372,-0.143764830677856,0.0342822787117755,1.55689610763398,0.0984772901341239,0.0378129098247497,-0.0663621490331814,13.5120885839589,-5.12023547569797,-1.08789087685811,5.41031197715992,13.4184837262923,-0.8060239353308,7.17175209610198,-6.0573310813468,-2.81,0.150284356378148,0.0829411802442335,14.4468955993652,19.6577199537953,0.169756755324549,1.11052535025617,170.837951660156,20.3225993247338,45.0304813131221,-170.837951660156,1.20127725601196,14.3158111572266,13.2399997711182,15.9530000686646,40.7700004577637,991.587076301249
4.125,-0.0173709004195096,-0.0238145787930135,0.501636442561165,0.678348577967907,-0.0975691350581442,-10.2917377552295,0.0853209169276303,0.0147755700810822,-0.0565863575103787,-0.141876023041679,0.0344584577148413,1.5557350477182,0.106142436602723,0.0262179537919481,-0.0632457906325825,13.5262257859277,-5.13486932430624,-1.09711988204503,5.44122258742775,13.4253667852839,-0.825810183902472,7.17170982785076,-6.05703052580095,-2.81,0.149223137199208,0.0829154024837843,14.4702453063085,19.6594862675132,0.169756986487442,1.11052539057029,170.852691650391,20.5800795759854,45.6871622364078,-170.852691650391,1.19565916061401,14.3698711395264,12.9544229507446,15.9646339416504,40.7700004577637,991.579037397336
4.15,-0.017365848202676,-0.0269885545120675,0.500740694238222,0.663565029687187,-0.00950721710486976,-10.0763391816048,0.0819077218642166,0.0254502521220205,-0.0497056652596992,-0.138722436063431,0.0355367226382658,1.55365219223292,0.0923307302668368,0.0323275482060249,-0.0491189429859323,13.5443816341501,-5.16203209469771,-1.09731960454519,5.49522587409188,13.430345817526,-0.853969160498999,7.17166755959954,-6.05672997025509,-2.81,0.148513174417473,0.082767291473812,14.4963022256509,19.656618125423,0.169757217650334,1.11052543088441,170.867446899414,20.8375598244007,46.3438431596934,-170.867446899414,1.19004082679749,14.4239320755005,12.4300003051758,15.9860000610352,40.7700004577637,991.570998493423
4.175,-0.0173728557408462,-0.0225861789341002,0.499526713944026,0.680785262160488,-0.0135375434815086,-10.2118724433112,0.114909468315726,0.0419264618044992,-0.0440120156362885,-0.136799869586768,0.0362475969776512,1.55236988810404,0.126585725099066,0.0395726615299768,-0.0473352742541344,13.5515187397061,-5.17356147402872,-1.08501744586452,5.5215813713512,13.4297747823339,-0.860203343010674,7.17162529134832,-6.05642941470923,-2.81,0.148751954871654,0.0829415948237383,14.4996862411499,19.6529007006698,0.169757414641321,1.11052546523905,170.880004882812,21.0569777766423,46.9034495116723,-170.880004882812,1.18525314331055,14.4700002670288,12.4300003051758,15.9860000610352,40.7696380615234,991.563669057993
4.2,-0.0173730826507563,-0.0206497492297263,0.498312727893696,0.652710506091075,-0.0691672263272925,-10.4440098218592,0.121361764184097,0.0345010692722678,-0.0352623490009574,-0.133137207133193,0.0371245873788445,1.55113730694972,0.141512804880261,0.0479419880556299,-0.0371375085751005,13.5607826001342,-5.21308129279024,-1.05449182334502,5.57203263737098,13.4313927714681,-0.856232915431783,7.17160626330144,-6.05625309519843,-2.81,0.149340304419622,0.0820128171994937,14.4996862411499,19.6505517233008,0.169757414641321,1.11052546523905,170.880004882812,21.0569777766423,46.9034495116723,-170.880004882812,1.18525314331055,14.4700002670288,12.4300003051758,15.9860000610352,40.7671775817871,991.5604294997
4.225,-0.0154626084000228,-0.0260474451579538,0.497384413154606,0.682677337949915,-0.153770525145733,-10.8819493647492,0.12075137489828,0.0190797185368543,-0.0316272764835521,-0.130993479677888,0.0383054355646408,1.55031257596638,0.101938998615949,0.0230122175479767,-0.0311611212966691,13.5609759148741,-5.23160064507325,-1.04991018203472,5.6000770347925,13.4254485281353,-0.876637602687946,7.17159072003125,-6.05609540438957,-2.81,0.149268482640734,0.0817455876563822,14.5232121944427,19.6402163790812,0.169757414641321,1.11052546523905,170.880004882812,21.0569777766423,46.9034495116723,-170.880004882812,1.18525314331055,14.4700002670288,12.0002784729004,16.0083885192871,40.7647247314453,991.557189941406
4.25,-0.0148208095627691,-0.0295372569754423,0.498858695746555,0.538873906850505,-0.0428305111180966,-11.1259374329175,0.0798131365210382,0.0408220003516013,-0.0292245258305888,-0.129916816450708,0.0383658283046806,1.5496658591292,0.0900857217949478,0.0184379623021662,-0.0319469723241952,13.5614301985717,-5.22673123656638,-1.06605479323351,5.60562448926034,13.4214330850117,-0.899827373536277,7.17157517676107,-6.05593771358071,-2.81,0.148148524368815,0.0824322911150559,14.5510814006512,19.6333627849239,0.169757414641321,1.11052546523905,170.880004882812,21.0569777766423,46.9034495116723,-170.880004882812,1.18525314331055,14.4700002670288,11.2399997711182,16.0480003356934,40.762264251709,991.553950383113
4.275,-0.0151489784627514,-0.0244484159150233,0.500881995289923,0.457152454955067,-0.0612628290772342,-11.6014772273943,0.0555616560600977,0.0855392539184019,-0.0260947246443724,-0.128818577703924,0.0388653120917714,1.54924091131282,0.0886923405666535,0.0456333819247801,-0.032006517103697,13.5692871591962,-5.22979586662031,-1.08074312706197,5.61597474368046,13.4255732720702,-0.926895094687155,7.17155963349088,-6.05578002277185,-2.81,0.147157589201568,0.0826032295839337,14.5561485290527,19.6338751812339,0.169757432866586,1.11052546856189,170.882308959961,21.0782002472294,46.9552233226303,-170.882308959961,1.18506526947021,14.4715385437012,11.2399997711182,16.0480003356934,40.7599983215332,991.551294180063
4.3,-0.0154651355654338,-0.0225538951295343,0.50290529483329,0.579576009481231,0.183598117388803,-11.8336686965381,0.00815323006205072,0.112942112892821,-0.0239893648005581,-0.128388642973038,0.0435335656432677,1.54779500327317,0.00523891776629466,0.102337637667998,-0.0237983234536888,13.5812301692073,-5.25600661078928,-1.12312704396049,5.66675249339742,13.4223930537607,-1.03155884342732,7.17154342062744,-6.05561824803676,-2.81,0.146347132347608,0.0816790390438186,14.5561485290527,19.6168339177099,0.169757665744973,1.11052551102038,170.91178894043,21.3493762552439,47.6167775736984,-170.91178894043,1.18266344070435,14.4911966323853,11.2399997711182,16.0480003356934,40.7599983215332,991.555508605435
4.325,-0.0119684511363844,-0.0244580532085685,0.504928594376658,0.635177673665036,0.0784308299904381,-12.2664167127159,0.0252822790792111,0.110258695463026,-0.0287444820534292,-0.126677237732408,0.0465569926129525,1.54652152184824,0.0650167955904218,0.115860020248247,-0.0296405388077259,13.5754909449805,-5.27285722809344,-1.099933562241,5.69666182463271,13.4066814507569,-1.05629925691159,7.17150242164658,-6.0553052999213,-2.81,0.148010916793483,0.0815177496780855,14.5588070123624,19.5964167481324,0.16975789862336,1.11052555347887,170.941284179688,21.6205522618403,48.2783318248454,-170.941284179688,1.18026185035706,14.5108547210693,10.9110040664673,16.0613079071045,40.7599983215332,991.559723030808
4.35,-0.00816120853139512,-0.024154632000102,0.506951913215713,0.6120529700934,0.304540566248282,-12.5018219223121,0.010715503857574,0.0975552074267952,-0.0289288018028133,-0.125649786093912,0.0482327326313925,1.54575003555392,0.0951859190499053,0.103143328755335,-0.0317886793772688,13.5779211723314,-5.2775519012476,-1.10516257531355,5.71187894695493,13.4023110308279,-1.08921057585954,7.17146142266573,-6.05499235180583,-2.81,0.147951497069067,0.0816909269022715,14.5621628027696,19.5877041066452,0.169758131501747,1.11052559593736,170.970764160156,21.8917282698548,48.9398860759136,-170.970764160156,1.17786014080048,14.5305128097534,10.3500003814697,16.0839996337891,40.7599983215332,991.56393745618
4.375,-0.00674190765236964,-0.0195356835199808,0.508975212759081,0.695987013360694,0.4418966504745,-12.3223536499137,0.112028380581628,0.0853390244916831,-0.0312380081562425,-0.124622334455416,0.0499084726498324,1.5449785492596,0.125355042509389,0.0904266372624218,-0.0339368199468116,13.5810044476087,-5.31137585388349,-1.08145822328225,5.75243270872259,13.3994637630048,-1.08987887007174,7.17142042368487,-6.05467940369037,-2.81,0.149351387635328,0.080361757548586,14.5629472732544,19.5815226473099,0.169758364383863,1.11052563840704,171.000335693359,22.1629757321418,49.6014509212129,-171.000335693359,1.17545390129089,14.5500640869141,10.3500003814697,16.0839996337891,40.7599983215332,991.568106496436
4.4,-0.00658746016211938,-0.0174856916777132,0.510998492993149,0.724175958289496,0.236422596853288,-11.893047238626,0.156804647004285,0.0342854141898883,-0.0429842296874353,-0.123522032924952,0.0515959813544863,1.54419388279662,0.154952878724972,0.0775427661525919,-0.0361980497886373,13.5765324816506,-5.33236157598161,-1.07074168920034,5.78182797327263,13.3884920083853,-1.10523707691824,7.17137942828843,-6.0543658900037,-2.81,0.15012899980667,0.0797434636106648,14.5629472732544,19.5668544515208,0.169758597691124,1.11052568215215,171.039657592773,22.4423691956322,50.2642235042069,-171.039657592773,1.17253756523132,14.5574359893799,10.3311967849731,16.0832481384277,40.7599983215332,991.567101633447
4.425,-0.00594728435124064,-0.0187629959763635,0.513021802125341,0.728817096224496,0.159555318312494,-10.8431676991588,0.123987331637223,-0.0598577204205778,-0.0543354292032155,-0.119649973854508,0.0527291036342178,1.54271525154781,0.140303827425915,0.0146690038539628,-0.0471428505547144,13.551844654608,-5.34717926705408,-1.14856282850197,5.82312876887671,13.3483115197204,-1.21563446036918,7.17133897197796,-6.05396731607494,-2.81,0.145467269183875,0.0803913686049777,14.5604373308328,19.5143049132594,0.169758830998385,1.11052572589726,171.078979492188,22.7217626591226,50.9269960872798,-171.078979492188,1.16962122917175,14.5648078918457,10.3000001907349,16.0820007324219,40.7599983215332,991.566096770458
4.45,-0.00466772886334797,-0.0244611153714723,0.515045111368064,0.626316400820694,0.171410874561419,-9.3279323541399,0.0961721815437814,-0.141499525641898,-0.0676975124070121,-0.116001725196838,0.0489232800900936,1.54097557067871,0.129322901368141,-0.121309578418732,-0.0671434327960014,13.5354964131622,-5.34044396431023,-1.23540071954881,5.8473261333721,13.3210962209811,-1.27019383791359,7.17129851566749,-6.05356874214618,-2.81,0.138815890938725,0.0822706066581519,14.5570467068599,19.4807994784432,0.169759064305645,1.11052576964238,171.118286132812,23.0011561211949,51.5897686702739,-171.118286132812,1.16670489311218,14.5721788406372,10.3000001907349,16.0820007324219,40.7599983215332,991.565091907469
4.475,-0.00816258141098893,-0.0235174134407357,0.516672002143016,0.400153771636087,0.0439323383707954,-8.30118395528682,0.0856716247633868,-0.16167902242991,-0.0748301209616827,-0.114330708976111,0.0443427471359917,1.53897797616699,0.0869084122843409,-0.161184618549827,-0.0793450671543035,13.5268391248413,-5.34424421827152,-1.24870977346569,5.87806554791844,13.3053127417261,-1.22987695784989,7.17125805935703,-6.05317016821742,-2.81,0.136321985206102,0.0832264126969183,14.5560779571533,19.4658674678153,0.169759297612906,1.11052581338749,171.157608032227,23.2805495846853,52.2525412533468,-171.157608032227,1.16378855705261,14.579550743103,10.3000001907349,16.0820007324219,40.7599983215332,991.564087044479
4.5,-0.00912163604915315,-0.0225616100166992,0.516514188121984,0.278500029568865,0.173122818921077,-7.86297527598653,0.0759327158417717,-0.108760131957603,-0.0776297832745236,-0.111844600088111,0.0406602916867434,1.5370383198481,0.0896140680140027,-0.125710655811257,-0.0826684005455437,13.5374975073439,-5.32879345491457,-1.27699411368402,5.89053711274741,13.3076674654549,-1.22399001837677,7.1712228341209,-6.0528057496204,-2.81,0.132910574001976,0.0852121983341439,14.5560779571533,19.4674987271191,0.169759311814218,1.11052581605023,171.160003662109,23.2975561425803,52.2928839323007,-171.160003662109,1.16361105442047,14.5799999237061,10.3000001907349,16.0820007324219,40.7599983215332,991.564518855168
4.525,-0.0143544191061644,-0.024619267621858,0.516044261840232,0.346331778217984,-0.128263909568512,-7.7614256724361,0.119380405345545,-0.0465589389790951,-0.0786294449697887,-0.108881780621123,0.0397553643417215,1.53487947284296,0.10026357130701,-0.0396177590775946,-0.0781767209098599,13.5665423946377,-5.3407070217673,-1.21397775103709,5.92337430906944,13.3268172472838,-1.16513727518451,7.17118836148977,-6.05244624501837,-2.81,0.134739069132052,0.0857611522346026,14.5637999620193,19.4889319049809,0.169759311814218,1.11052581605023,171.160003662109,23.2975561425803,52.2928839323007,-171.160003662109,1.16361105442047,14.5799999237061,10.4005556106567,16.0777473449707,40.7599983215332,991.565043783595
4.55,-0.014188092552569,-0.0282694151799441,0.515574333337441,0.383915071394909,-0.110735157132561,-8.04916682624816,0.034019231659076,-0.0209448343752098,-0.0731276257985883,-0.108501934953087,0.0388623971849242,1.53330913022884,0.0609306454006414,-0.0271306528270814,-0.0789068565891112,13.5680530592288,-5.31901941380343,-1.19326693073643,5.9203893038239,13.3215708409173,-1.13695124435593,7.17115388885864,-6.05208674041635,-2.81,0.13548303486408,0.0874599007991677,14.5750187238057,19.4859465324297,0.169759311814218,1.11052581605023,171.160003662109,23.2975561425803,52.2928839323007,-171.160003662109,1.16361105442047,14.5799999237061,10.5600004196167,16.0709991455078,40.7599983215332,991.565568712023
4.575,-0.0130838564916019,-0.024293830886655,0.515104405950189,0.418732510986315,-0.103326065116312,-8.31616321306461,0.0176681785344106,-0.0217191215749379,-0.0701020620596612,-0.107442115754006,0.0382066960488964,1.53232170283268,0.0501555969792283,-0.0161346499025711,-0.0754517418629702,13.5654691706691,-5.31548128529043,-1.1799558382656,5.92788938637708,13.3143670981783,-1.1208689007774,7.1711194162275,-6.05172723581433,-2.81,0.135667585072503,0.0881920612458629,14.5788068771362,19.4793324970489,0.169759311814218,1.11052581605023,171.160003662109,23.2975561425803,52.2928839323007,-171.160003662109,1.16361105442047,14.5799999237061,10.5600004196167,16.0709991455078,40.7599983215332,991.56609364045
4.6,-0.0129285172711696,-0.0225548990865012,0.514634478562938,0.367492488691363,-0.174268015310815,-8.31802651476375,-0.0148358585663083,-0.0114842458104465,-0.0623849820840933,-0.108908265637481,0.0382710279886496,1.52965203437123,-0.0179695730166477,-0.0187847386031167,-0.0651496936956383,13.5733089936026,-5.32045656207782,-1.15262956951799,5.96664021520964,13.3074946312156,-1.08642587032365,7.17108776169074,-6.05140918086947,-2.81,0.137741115887141,0.0884656986649042,14.5788068771362,19.4727645309616,0.169759512825428,1.11052585632706,171.204879760742,23.5547982058329,52.8639108220526,-171.204879760742,1.15805435180664,14.5778636932373,10.5600004196167,16.0709991455078,40.7599983215332,991.557867588141
4.625,-0.0129275133940429,-0.0231855690932518,0.514164551175686,0.344228136272006,-0.0349581143832164,-8.48169510639105,0.00799952571520725,0.0152671123626094,-0.0523783657831693,-0.107914123912756,0.0386338392794558,1.52821482574669,0.0063575451126978,0.0250286028463283,-0.0520236749432709,13.574675425404,-5.3222318781202,-1.08224859345034,5.97953106100239,13.3026465714008,-1.02665942477454,7.17105658161864,-6.05109810454025,-2.81,0.141181225501796,0.0889840572840166,14.5776398243048,19.4722230280736,0.169759743988321,1.11052590264542,171.256469726562,23.8506265774388,53.5205917454171,-171.256469726562,1.15166401863098,14.5754051208496,10.5955772399902,16.0567684173584,40.7599983215332,991.548328888722
4.65,-0.0126107206028797,-0.0222404712151144,0.513694628264102,0.391873557754411,-0.155068327808843,-8.75957770265977,0.0143732578376837,0.0310267213692131,-0.043310756383259,-0.108399034840323,0.0400035085645483,1.5270771171479,0.00399583572350866,0.036233666853012,-0.0434835939117739,13.5793886195236,-5.33787187719811,-1.03309442889141,6.00536198872556,13.3007894326238,-0.992261764762993,7.17102540154654,-6.05078702821103,-2.81,0.144333288834371,0.0883759935392253,14.5758058841412,19.4716834147273,0.169759975151213,1.11052594896377,171.308074951172,24.1464549490448,54.1772726686239,-171.308074951172,1.1452739238739,14.5729484558105,10.6499996185303,16.0349998474121,40.7599983215332,991.538790189303
4.675,-0.00991609153403226,-0.0179479448862559,0.513224696401182,0.431708968206663,-0.128650664106548,-9.35323347307475,-0.00892530016302181,0.0343220313107299,-0.0338513391399025,-0.108626340898556,0.0409012242277102,1.52614003545921,-0.00996636046533036,0.0333554395267508,-0.0362630522526563,13.5695761341778,-5.33660951994743,-1.01409752396136,6.01417288189591,13.2854257962558,-0.984061673166054,7.17099422147444,-6.05047595188182,-2.81,0.145802416101306,0.0887126370988008,14.5750913619995,19.4563455663888,0.169760206314106,1.11052599528212,171.359680175781,24.4422833220688,54.8339535919095,-171.359680175781,1.13888359069824,14.5704917907715,10.6499996185303,16.0349998474121,40.7599983215332,991.529251489884
4.7,-0.00976506314696798,-0.0155758958615134,0.51275476901393,0.494986404560907,-0.16862944600827,-9.82267608669122,-0.0151191654255001,0.0169021407024711,-0.0287345750847213,-0.108339241945039,0.0421644694949884,1.52532135786439,-0.0363082912939663,0.0414700447425808,-0.0274386195313268,13.560814008971,-5.34086515781515,-0.99869610103037,6.02705891565934,13.2709874061065,-0.986592730672555,7.17096304140234,-6.0501648755526,-2.81,0.146999754503482,0.0888214086664233,14.5750913619995,19.4406855900143,0.169760437133899,1.11052604228667,171.399490356445,24.7424943358389,55.4896598496386,-171.399490356445,1.13688504695892,14.5857257843018,10.6499996185303,16.0349998474121,40.7580337524414,991.526743831798
4.725,-0.00928652765409599,-0.0154170614700412,0.512284841626678,0.543307724357532,-0.16826096090083,-10.1252121389338,-0.0465866939218638,-0.018836967105424,-0.0184628338800205,-0.110288928583953,0.0411044596316696,1.52474873415871,-0.0334654665242633,-0.0204758940681927,-0.0217602060438628,13.547801262831,-5.36292906495308,-0.992507469834434,6.05616754765216,13.2553540072539,-0.952587564324183,7.17093186133024,-6.04985379922338,-2.81,0.147835732271744,0.0875603442029791,14.5879282767956,19.4263668472137,0.169760667867918,1.11052608946277,171.436340332031,25.0438010115682,56.1451224409984,-171.436340332031,1.13598442077637,14.6053829193115,10.6701917648315,16.0418663024902,40.7555770874023,991.525993934044
4.75,-0.00881818640141578,-0.0139871582697682,0.511814914243167,0.560143618145526,-0.0372014354798932,-10.0160470530594,-0.0498605471154313,-0.0483457021654981,-0.0118209437344484,-0.110376924088648,0.0403607117830203,1.52449963144849,-0.0357244124742211,-0.0372491281492674,-0.0159305232383192,13.5352238623682,-5.38278441831787,-1.01513133079425,6.08112089883396,13.2401661316798,-0.961828538020864,7.17090068125814,-6.04954272289417,-2.81,0.1465970686923,0.0866910184947065,14.6098936643356,19.4086636691269,0.169760898601937,1.11052613663887,171.473205566406,25.3451076858793,56.8005850322004,-171.473205566406,1.1350839138031,14.6250419616699,10.6999998092651,16.0520000457764,40.7531204223633,991.525244036291
4.775,-0.00977670260823675,-0.00826358748937515,0.511344990208212,0.569116275082251,-0.149242285346026,-9.72544119421744,-0.0296377573012353,-0.0651096733677204,-0.00568888364475231,-0.110953529933235,0.0403975670608523,1.52439397425618,-0.0559731156121707,-0.0441000129615981,-0.0120132817623104,13.5313683185776,-5.40235626128541,-1.02546246653678,6.10314213623824,13.2344737121189,-0.967117699786144,7.17086950118604,-6.04923164656495,-2.81,0.146326389451983,0.0856260830230088,14.619592666626,19.4009677402657,0.169761129335956,1.11052618381497,171.510070800781,25.6464143616085,57.4560476235601,-171.510070800781,1.13418328762054,14.6447010040283,10.6999998092651,16.0520000457764,40.750659942627,991.524494138538
4.8,-0.00977921586204477,-0.00668467533554165,0.510875057220142,0.553057447230455,-0.128939352308212,-9.52677466031932,-0.0679289047847551,-0.0665596143002739,0.00356862904960037,-0.112926648054141,0.0370150720650738,1.52442546691311,-0.0413174273547358,-0.0592973737594056,-0.000789811511679974,13.5207505676746,-5.39994582494033,-1.05205027939644,6.10377377992907,13.2266048411945,-0.936904816021087,7.1708383714419,-6.04892064492889,-2.81,0.144717075539445,0.0854797955566546,14.619592666626,19.3956952743875,0.169761191533822,1.11052619653201,171.520004272461,25.7276361601171,57.6327375394535,-171.520004272461,1.13394045829773,14.6499996185303,10.6999998092651,16.0520000457764,40.75,991.518584422576
4.825,-0.0105775880621954,-0.00493864501754424,0.510405127596093,0.529030269623521,0.0259337592059281,-9.23364224202386,-0.0448279378059598,-0.07298623920088,0.00683337364162904,-0.114345157215831,0.0359785927873893,1.52465652967762,-0.0541477186145297,-0.061914395440925,0.00523856502488166,13.5149011156918,-5.45400102752166,-1.09159986040321,6.15921643200605,13.2195141394081,-0.948034014190116,7.17081811287031,-6.04862577750949,-2.81,0.142912542763042,0.0824137647130464,14.6202112589127,19.3843099219692,0.169761191533822,1.11052619653201,171.520004272461,25.7276361601171,57.6327375394535,-171.520004272461,1.13394045829773,14.6499996185303,10.9061965942383,16.0515880584717,40.75,991.510770487989
4.85,-0.0129598489002024,-0.00287129621186663,0.50993520412986,0.531756002729291,0.162892458647451,-9.27436392909576,-0.0126125816842954,-0.0739333857634291,0.00711439265729369,-0.11506214607498,0.0341824935678305,1.52494991183327,-0.0206820946005918,-0.0765261328394261,0.00454075462793209,13.5039233688859,-5.47511843261704,-1.10019208378067,6.17717943586673,13.2109453119169,-0.925564156493268,7.17079785429872,-6.0483309100901,-2.81,0.142238653675841,0.0811813305500713,14.6213730054024,19.3767411244849,0.169761191533822,1.11052619653201,171.520004272461,25.7276361601171,57.6327375394535,-171.520004272461,1.13394045829773,14.6499996185303,11.1999998092651,16.0510005950928,40.75,991.502956553402
4.875,-0.0139279279467132,0.00634458120336494,0.509465276178938,0.558767642113147,0.120909531335601,-9.10134050241934,0.0505490905899723,-0.0730197774156323,0.00751277166593581,-0.113480770037403,0.0328790962219027,1.52516675530415,0.0351327586928179,-0.0595547834265249,0.00750534881083873,13.4969713973637,-5.50301991047034,-1.10102304964787,6.20108915391903,13.2050898519465,-0.914227597106762,7.17077759572713,-6.0480360426707,-2.81,0.141259144292911,0.0800534200688103,14.6219463348389,19.3705215570393,0.169761191533822,1.11052619653201,171.520004272461,25.7276361601171,57.6327375394535,-171.520004272461,1.13394045829773,14.6499996185303,11.1999998092651,16.0510005950928,40.75,991.495142618815
4.9,-0.0142488773507932,0.00919283304069095,0.508995349924847,0.504865382603214,0.266628810223519,-8.62853052966692,0.0921092577237427,-0.0948638030066419,0.00467116714254867,-0.112507330965376,0.0305722298474638,1.52548236399065,0.0687265265416093,-0.100919130370325,0.000447089713279644,13.4882704457715,-5.55271205294082,-1.09110107097698,6.24438902273701,13.1985691632899,-0.872886065193648,7.17075702860958,-6.04773388350653,-2.81,0.14074575671701,0.0776722284831556,14.6219463348389,19.3657106517641,0.169761344018913,1.11052622799269,171.539505004883,25.9285707931242,58.0659128172038,-171.539505004883,1.1335437297821,14.6581192016602,11.1999998092651,16.0510005950928,40.75,991.492036737947
4.925,-0.0155138986011422,0.00443161470853859,0.508525423644679,0.455730331420951,0.215413141967233,-8.85806498946707,0.175354970124882,-0.0833724487612845,-0.0046745803068279,-0.109709358576365,0.0287831900912776,1.52539184361219,0.147068877797066,-0.099040269607952,-0.00715401804371107,13.4837883092593,-5.58481720685963,-1.07554650900114,6.27432237610669,13.193846972472,-0.845465246864815,7.17073464775274,-6.04738886095966,-2.81,0.140019184103042,0.0766551965067395,14.6288304879115,19.3620274804775,0.169761574752932,1.11052627559766,171.568969726562,26.232616620206,58.7213754085635,-171.568969726562,1.13294315338135,14.6704044342041,11.3725852966309,16.0295333862305,40.75,991.491346832015
4.95,-0.0180459959003545,0.000941907580308456,0.508055490665164,0.450455058858294,0.141838601450132,-8.88508274429319,0.202767417528775,-0.0207743333118902,-0.00822671050253494,-0.105814177774062,0.0280095706793533,1.52528781466413,0.184261176470557,-0.0573147745697025,-0.00735229531785325,13.4968780912639,-5.61996985100999,-1.04263389668352,6.30596177299911,13.2059674236459,-0.821057429350258,7.17071226689591,-6.04704383841278,-2.81,0.139969825445745,0.0755949875592904,14.6431569686303,19.3747807374173,0.16976180548695,1.11052632320264,171.59846496582,26.5366624472879,59.3768379998444,-171.59846496582,1.13234281539917,14.6826915740967,11.6099996566772,16,40.75,991.490656926082
4.975,-0.01867609611203,-0.00159363422185665,0.507585567754159,0.453789513187263,0.134395523331543,-9.04846968397888,0.251224975487028,0.0196368836397066,-0.0122565322729125,-0.0967723498434443,0.0281082816876296,1.52475279516666,0.254635861554667,0.00907390450940319,-0.0178372476884364,13.5081515983616,-5.64532015741189,-1.00188789875932,6.33056638048331,13.2127441355822,-0.831204160006361,7.17068988603907,-6.04669881586591,-2.81,0.138757087921616,0.0761537521844152,14.6509714126587,19.3790501129712,0.169762036220969,1.11052637080761,171.627944946289,26.8407082743697,60.0323005911253,-171.627944946289,1.1317423582077,14.6949777603149,11.6099996566772,16,40.75,991.489967020149
5,-0.0174043053508402,-0.00161115979168916,0.507115640366907,0.550165657791106,0.0196696914275628,-9.23228361886554,0.215894961818328,-0.00105668036402291,-0.0210312320311961,-0.0900463897372589,0.0280838380317982,1.52407446686953,0.226032319791253,0.00187136889236314,-0.0237261905089398,13.5008192305515,-5.66637823522451,-0.914081749337311,6.34915124116132,13.2021109273013,-0.779777676788571,7.17063749459669,-6.04618275580368,-2.81,0.140893955747476,0.0765575791453082,14.6509714126587,19.3724921488514,0.16976213052096,1.11052639026356,171.639999389648,26.9649704819227,60.3001853023719,-171.639999389648,1.13149690628052,14.6999998092651,11.6099996566772,16,40.7485466003418,991.486244136452
5.025,-0.0161182615649174,-0.013017517021907,0.50664570961327,0.48121118679654,0.0222473666664421,-8.97320740600626,0.198029059063971,-0.0208159493569878,-0.024923248463156,-0.0864913040097151,0.0282067281422285,1.52359681659933,0.180876947643558,-0.0198733970172557,-0.0270259474517743,13.5061503424918,-5.67595016320692,-0.884550114807221,6.36123436553089,13.2043221267542,-0.771693432979459,7.17057891073056,-6.04563140363519,-2.81,0.141138725426355,0.0768528308329183,14.6488959239079,19.3744791717392,0.16976213052096,1.11052639026356,171.639999389648,26.9649704819227,60.3001853023719,-171.639999389648,1.13149690628052,14.6999998092651,11.5241022109985,16.0201873779297,40.7460899353027,991.480424929888
5.05,-0.0161101831162649,-0.0180926752574085,0.506175785592403,0.419215364868786,0.0159497985260229,-8.46353730472056,0.176648519401855,-0.00758434624310257,-0.0267489820799707,-0.0819958030069763,0.0274808981042686,1.52275720846167,0.18510290606202,-0.0131603947985362,-0.032460712783521,13.5004887483029,-5.67955620324831,-0.847181924013662,6.37080852055262,13.1942643352122,-0.749973178378939,7.17052032686442,-6.04508005146669,-2.81,0.141278518189998,0.0777959546237892,14.6440531168229,19.3658364629102,0.16976213052096,1.11052639026356,171.639999389648,26.9649704819227,60.3001853023719,-171.639999389648,1.13149690628052,14.6999998092651,11.4099998474121,16.0470008850098,40.7436332702637,991.474605723324
5.075,-0.0161096602726721,-0.0184211435165954,0.505705857080745,0.472646095213076,0.158617302208936,-8.14037543652831,0.184147727779007,0.0265837219637261,-0.0266911776249024,-0.0775192252221339,0.0283526316464513,1.52198503180207,0.179560601497237,0.0214166217151222,-0.032403176123543,13.5110672586045,-5.69142283867816,-0.808371366599678,6.38856032155033,13.1992950354014,-0.748067007588238,7.17046174299828,-6.0445286992982,-2.81,0.141863297545654,0.0781920946604783,14.6411600112915,19.3697622450624,0.16976213052096,1.11052639026356,171.639999389648,26.9649704819227,60.3001853023719,-171.639999389648,1.13149690628052,14.6999998092651,11.4099998474121,16.0470008850098,40.7411766052246,991.46878651676
5.1,-0.0154681741400803,-0.0225508565548878,0.505235930828196,0.520446266623222,-0.0318893619901393,-8.57212580197974,0.180806999824313,0.0520985608013495,-0.0295602814914758,-0.0735548617543892,0.02989142127853,1.52131772494177,0.174875613672609,0.0557088342692891,-0.0316480641663921,13.526540718819,-5.69442329527396,-0.773043694902327,6.39699757739982,13.2097446260733,-0.75658836002396,7.17044638815611,-6.04429912367242,-2.81,0.142613837784469,0.0788862325638911,14.6411600112915,19.378671862209,0.169762251127686,1.11052641577222,171.652816772461,27.1278904549378,60.6428014362703,-171.652816772461,1.1301543712616,14.70641040802,11.4099998474121,16.0470008850098,40.7400016784668,991.464602739383
5.125,-0.0148261686365003,-0.0241505264961773,0.504919590734362,0.432421685949883,-0.00534750980064658,-9.14917635659524,0.131954904598389,0.0750419613775909,-0.0281306985172262,-0.0691216142889695,0.0316317141455193,1.52036991000761,0.154396142789938,0.0788951850395318,-0.0314750796389078,13.5290926029958,-5.69462987399089,-0.637407963549566,6.39898436538904,13.2089022202043,-0.670332904438089,7.17043814659588,-6.04412249597517,-2.81,0.14849701249372,0.0798884578614452,14.6456563289349,19.3869099378468,0.169762482290579,1.11052646466381,171.677398681641,27.4401537374956,61.299482359556,-171.677398681641,1.12758111953735,14.7186965942383,11.3924789428711,16.0491905212402,40.7400016784668,991.461918105427
5.15,-0.0122790192152938,-0.0308141130550073,0.50473549523516,0.481516322673273,-0.0338725098909378,-9.93816306470121,0.102037896359605,0.0908008335617942,-0.03012402117055,-0.0663794823722306,0.0345313744028223,1.51955156991378,0.0973742966291664,0.100785108026285,-0.0296660971158612,13.5392163553925,-5.69503607726956,-0.574077709514702,6.40581515872489,13.2136357930148,-0.662375979258752,7.17042990503565,-6.04394586827792,-2.81,0.151588255691717,0.0805248063686143,14.6575948275053,19.3920441440839,0.169762713453471,1.11052651355541,171.701965332031,27.7524170186352,61.9561632827627,-171.701965332031,1.12500786781311,14.7309837341309,11.3699998855591,16.0520000457764,40.7400016784668,991.459233471471
5.175,-0.0102132855889046,-0.0322411600835022,0.50455891687881,0.622356163402586,-0.234532639235791,-10.8170572695271,0.06290857020515,0.104127513502068,-0.0310735551723849,-0.0656052124865619,0.0371032534006952,1.51875980510247,0.0435789073366909,0.104852834826168,-0.0295053050750132,13.5384303380286,-5.68104332005426,-0.553077557516423,6.40070241001093,13.2074134276201,-0.681530055840734,7.17042166347542,-6.04376924058066,-2.81,0.153223736802491,0.0816063437354953,14.6653470993042,19.3837789441785,0.169762944616364,1.110526562447,171.726547241211,28.0646803011929,62.6128442061272,-171.726547241211,1.12243461608887,14.7432689666748,11.3699998855591,16.0520000457764,40.7400016784668,991.456548837515
5.2,-0.00719912982256954,-0.0320877080410471,0.504382338516937,0.701158454756852,-0.0323894535432513,-11.1237239686081,-0.0290312220326867,0.0934864323177463,-0.0269392776289228,-0.0649666736592033,0.0394614245700015,1.51793158971184,-0.00317409703988919,0.112797317727064,-0.0283926096569376,13.5251377680565,-5.65483136136375,-0.559285984539502,6.3849927835388,13.1881139201065,-0.724422920207729,7.17040359234393,-6.04351864693358,-2.81,0.153552289068884,0.0833773765669129,14.6653470993042,19.3603252319785,0.169763071253426,1.11052658923109,171.740005493164,28.2357462725752,62.9725911466851,-171.740005493164,1.12102496623993,14.75,11.3699998855591,16.0520000457764,40.7400016784668,991.456454806858
5.225,-0.00656109269175755,-0.0320887236448886,0.504205760161802,0.744274851829145,0.0996163534909248,-10.6304570127206,0.0188362091642467,0.0320634398516497,-0.027609579634735,-0.0655081731335804,0.041063169358278,1.51734970808715,-0.0105575424034975,0.0399675698549866,-0.0262909475844713,13.5306930713243,-5.69067608057572,-0.537070437016777,6.42732675717354,13.1880555179509,-0.718718519799942,7.17035416672297,-6.04303211577361,-2.81,0.155378513758374,0.0815646209142269,14.6642117072374,19.3587261857996,0.169763071253426,1.11052658923109,171.740005493164,28.2357462725752,62.9725911466851,-171.740005493164,1.12102496623993,14.75,11.4459190368652,16.031457901001,40.7400016784668,991.459499391735
5.25,-0.00466048664835549,-0.0314549128319218,0.504029181801495,0.656824467250851,0.00469702380602366,-9.71700313594332,0.0140986940764785,-0.032467360685078,-0.0253949979298621,-0.0652753032688335,0.0401575729764457,1.51679208585365,0.0286377291803407,-0.02630188573535,-0.0282103397654517,13.5073628776627,-5.67505678793785,-0.548598924992874,6.41857566037811,13.1620838545205,-0.719386776538347,7.17030474110201,-6.04254558461364,-2.81,0.154647586246431,0.0827046942694535,14.6607146996718,19.332706798464,0.169763071253426,1.11052658923109,171.740005493164,28.2357462725752,62.9725911466851,-171.740005493164,1.12102496623993,14.75,11.539999961853,16.0060005187988,40.7400016784668,991.462543976613
5.275,-0.006097528230708,-0.0274812977443244,0.503852602186546,0.547401933953992,-0.0179926747759427,-9.20957709689456,0.0290224156832521,-0.0582211270346743,-0.025625834221882,-0.0641386971766762,0.0391940011725192,1.51636736671052,0.0380629260261576,-0.0498186750333011,-0.028531258095155,13.4978985521831,-5.68642927871537,-0.565151537479103,6.43582751123258,13.1490642439333,-0.728267314761623,7.17025531548105,-6.04205905345367,-2.81,0.153182694033288,0.0825244382985976,14.6582622528076,19.3176657127084,0.169763071253426,1.11052658923109,171.740005493164,28.2357462725752,62.9725911466851,-171.740005493164,1.12102496623993,14.75,11.539999961853,16.0060005187988,40.7400016784668,991.46558856149
5.3,-0.00783909720431411,-0.0289121263220052,0.503676021707697,0.461932849816786,-0.130906169666959,-8.50426131122592,0.00547350862280655,-0.0586512102754242,-0.022431657689033,-0.0647503599483705,0.0375261681123299,1.51558810520643,-0.00371198074342547,-0.0624373231479206,-0.026469066240492,13.5096501935626,-5.68225539197154,-0.568963764780928,6.44299318935076,13.1571523719079,-0.706805971980751,7.17024160367524,-6.04183570604905,-2.81,0.15266093561292,0.0828457223956856,14.6582622528076,19.3275311044418,0.169763159534268,1.11052660842971,171.753158569336,28.3583649893166,63.2233768338079,-171.753158569336,1.12043416500092,14.7528209686279,11.539999961853,16.0060005187988,40.7400016784668,991.468007666433
5.325,-0.00831937919722638,-0.0284318443290929,0.50349944377927,0.46156555577817,0.0778231465150437,-8.15154745246133,-0.000662694395418872,-0.0577705910380036,-0.0169185294391413,-0.0636733387057194,0.0356606690526663,1.51504493609917,0.0102400234857523,-0.0527692143670894,-0.01937497778081,13.5024984443439,-5.68514750920894,-0.551781025256231,6.45140656836316,13.1481182136848,-0.67020106643825,7.17023361675315,-6.04165454669941,-2.81,0.152659568525221,0.0831066670039899,14.6613884155567,19.3220814198873,0.169763390268287,1.11052665860793,171.787567138672,28.6788457245139,63.8788394250888,-171.787567138672,1.11889028549194,14.7601919174194,11.3761539459229,16.0292110443115,40.7400016784668,991.469417474209
5.35,-0.010382631919324,-0.0276401119362286,0.503322863315871,0.378597627754087,-0.0853464851024885,-8.75025042690396,0.0339231972980095,-0.0585860799217167,-0.0132113813328181,-0.0633034576163619,0.0350024765469758,1.51484651878849,0.0185043208357719,-0.0428435649617775,-0.0132933361266813,13.5028244919025,-5.70357440646724,-0.511504387916329,6.4698818869788,13.1480901907612,-0.622109083875912,7.17022562983106,-6.04147338734977,-2.81,0.154397106193829,0.0822664747353603,14.6728510123033,19.3265800993702,0.169763621002306,1.11052670878615,171.821960449219,28.9993264611294,64.5343020164485,-171.821960449219,1.11734628677368,14.7675647735596,11.1800003051758,16.056999206543,40.7400016784668,991.470827281984
5.375,-0.0105386166667426,-0.0277960966836472,0.503146284959205,0.474974938177956,-0.0956232292537384,-10.1471638861339,-0.00932220006350704,-0.0081746896868315,-0.00146502493057612,-0.0631736927495386,0.0353333017806509,1.51477028706504,0.00761837982115338,0.00582795111606597,-0.00644093982686648,13.5086659889259,-5.69540694770357,-0.510314526598942,6.4629665481791,13.1536786418969,-0.626848944478578,7.17021764290897,-6.04129222800013,-2.81,0.154470503996153,0.0827075037957252,14.6814851760864,19.3316646809947,0.169763851736325,1.11052675896436,171.856369018555,29.3198071977449,65.1897646077294,-171.856369018555,1.11580240726471,14.7749357223511,11.1800003051758,16.056999206543,40.7400016784668,991.47223708976
5.4,-0.0116526250392939,-0.0263664056556742,0.50296970659733,0.639466263928639,-0.0197189647267018,-11.2214640934558,0.00579595180506564,0.0526746814439223,0.00197350155408399,-0.0624884543800672,0.036251766682103,1.51471255026297,0.00348884040757562,0.0817181321613641,0.00159943469550255,13.5171757699757,-5.70483277315438,-0.507307562762858,6.47327080011256,13.1606929541183,-0.639878773787715,7.17018583993182,-6.04092594221103,-2.81,0.154588038878782,0.0823192042092942,14.6814851760864,19.3364237890323,0.169764010240564,1.11052679343461,171.880004882812,29.5399635292381,65.6400389096035,-171.880004882812,1.11474180221558,14.7799997329712,11.1800003051758,16.056999206543,40.7400016784668,991.471712552584
5.425,-0.0106941921525289,-0.0266872386524968,0.502793129506972,0.704474090903863,-0.11077726014183,-11.6154499396718,0.00218256529612823,0.0474523352104749,0.00118138127966917,-0.0639513418399339,0.0373073833976436,1.51496610089078,-0.0257449815023999,0.0350427676706422,0.0051578696792551,13.5159327012893,-5.72332412509599,-0.513591038588708,6.48887190640023,13.1594699968756,-0.65080132549459,7.17015002477811,-6.04052846905858,-2.81,0.155132498356545,0.0810133525457471,14.6831397826855,19.3330344199363,0.169764010240564,1.11052679343461,171.880004882812,29.5399635292381,65.6400389096035,-171.880004882812,1.11474180221558,14.7799997329712,10.9991664886475,16.0556087493896,40.7400016784668,991.466943202875
5.45,-0.00752459071271422,-0.0266886645780732,0.502616548200302,0.784212170446968,0.129135697958744,-11.1990162751541,-0.0450164486897371,-0.0802427424662826,0.00890429151421998,-0.0639026227967777,0.0351545942228485,1.51517409177165,-0.0209980620731928,-0.0702557780775342,0.00564428741784498,13.4824874988405,-5.72722106752731,-0.577614091320692,6.49218573427005,13.1261277654568,-0.684443297764623,7.17011420962439,-6.04013099590614,-2.81,0.15142081603504,0.0809523499723822,14.6906341772813,19.2956744691559,0.169764010240564,1.11052679343461,171.880004882812,29.5399635292381,65.6400389096035,-171.880004882812,1.11474180221558,14.7799997329712,10.789999961853,16.0540008544922,40.7400016784668,991.462173853165
5.475,-0.00864566611643783,-0.0223970203739835,0.502439971525479,0.736364339504103,0.0761839129043439,-10.2400332061515,0.0523654835159236,-0.202944946665326,0.00325674475568371,-0.0634229054113768,0.0303158811740018,1.51537219821439,0.00512728816321667,-0.168505683706135,0.00219473306604788,13.4584581906582,-5.7629321193845,-0.600410689762965,6.52531600394356,13.103829358058,-0.641781646889614,7.17007839447067,-6.03973352275369,-2.81,0.148756903704346,0.0792876184534149,14.6966686248779,19.2767447754696,0.169764010240564,1.11052679343461,171.880004882812,29.5399635292381,65.6400389096035,-171.880004882812,1.11474180221558,14.7799997329712,10.789999961853,16.0540008544922,40.7400016784668,991.457404503456
5.5,-0.0129285172711696,-0.0225548990865012,0.50226339231864,0.577681260261668,-0.155977464829074,-9.39723148306122,-0.00520779273035034,-0.239733956231477,0.00751969253943248,-0.0632760488921167,0.0244507712350885,1.51558178986167,0.0340270080107796,-0.256929989317404,-0.00188511320748199,13.4483848796126,-5.74657300403256,-0.658021977159426,6.50943007899138,13.09792153542,-0.62203020987505,7.17004888022127,-6.0393526387002,-2.81,0.143994410724829,0.0802229691695314,14.6966686248779,19.2732688410266,0.16976406631486,1.11052680565192,171.887786865234,29.6179936227413,65.7993331640846,-171.887786865234,1.1147209405899,14.7794017791748,10.789999961853,16.0540008544922,40.7394027709961,991.452982062967
5.525,-0.015327366544073,-0.0227110205392794,0.502086813124873,0.384148671080914,0.278316912804075,-8.60472938499968,0.039471545240016,-0.177072008410184,0.0112220993251795,-0.0628642822199438,0.0218226551608078,1.51581162175093,-0.000886629340955574,-0.201978544589933,0.00618552610923118,13.459650396695,-5.76995405427028,-0.752265006485561,6.5361021474529,13.108578780827,-0.681903434907887,7.1700350027673,-6.03901292339557,-2.81,0.138078979454615,0.0790470346904549,14.6964942614237,19.275915903713,0.169764296620005,1.11052685583014,171.919708251953,29.9384743579387,66.4535774234396,-171.919708251953,1.11463510990143,14.7769441604614,10.6388893127441,16.0629730224609,40.7369422912598,991.449637518989
5.55,-0.0230884301790071,-0.0231736395224837,0.501910234764554,0.31118586323128,-0.015307602299844,-8.21930336167955,0.148631331459767,-0.0895237315195895,0.0110526656810018,-0.0597358223019412,0.0182427722272155,1.51643387301646,0.10015223288846,-0.100578399486375,0.010041070133821,13.472661491141,-5.80401761590443,-0.770512133789898,6.5625438081941,13.1255197843276,-0.668330940236838,7.17002112531333,-6.03867320809094,-2.81,0.134731554313289,0.0776343241559676,14.695461493272,19.2930575104888,0.169764526925151,1.11052690600835,171.95166015625,30.2589550945542,67.1078216827946,-171.95166015625,1.11454939842224,14.774486541748,10.4700002670288,16.0729999542236,40.734489440918,991.44629297501
5.575,-0.024199192241822,-0.0226944886336867,0.501733655985141,0.396817031309166,0.0124833401002808,-8.1089953054946,0.0934433024793767,-0.0521719161113509,0.0209844450466799,-0.0560201469068046,0.0167172559046152,1.51683198159207,0.0990907725551723,-0.0426657222024863,0.0193354806388948,13.4704921113576,-5.78791895572648,-0.774955212834928,6.53982074329785,13.1274570462121,-0.674785364017294,7.17000724785937,-6.0383334927863,-2.81,0.13262674087084,0.0790165502487124,14.6945762634277,19.2946573837683,0.169764757230296,1.11052695618657,171.983612060547,30.5794358311697,67.7620659421495,-171.983612060547,1.11446356773376,14.772029876709,10.4700002670288,16.0729999542236,40.7320289611816,991.442948431031
5.6,-0.0243569538542318,-0.0225488496007017,0.501557076361368,0.423854133073228,0.128633996204129,-7.80368084247972,0.21145130784777,-0.0722084360555565,0.0231070841289943,-0.0520662984679114,0.0151393942671108,1.51743796135758,0.184462774432458,-0.0756025843280125,0.0181965302187366,13.4672318220366,-5.85304691912369,-0.659604233544867,6.58895542633407,13.1276021983978,-0.557938922509393,7.16996372738813,-6.037732688983,-2.81,0.136580072981137,0.0761076522589049,14.6945762634277,19.305942377623,0.169764947482372,1.11052699763814,172.009994506836,30.8441807873193,68.3025285912059,-172.009994506836,1.11439275741577,14.7700004577637,10.4700002670288,16.0729999542236,40.7299995422363,991.440814156818
5.625,-0.0245051179265355,-0.0300058347411324,0.50138049800724,0.391954595316976,-0.182963331482654,-7.96303461162653,0.176992771041233,-0.0663135747816348,0.0286061397720361,-0.0461079836330139,0.0130576404149987,1.51809020742798,0.205420725949717,-0.0581522066092789,0.02577118407038,13.4572566432379,-5.86432305582323,-0.622184807642265,6.58724282071491,13.122718873037,-0.526912326738552,7.16991706110612,-6.0371041776422,-2.81,0.13564967755516,0.076370058592977,14.6953445031093,19.3041658179666,0.169764947482372,1.11052699763814,172.009994506836,30.8441807873193,68.3025285912059,-172.009994506836,1.11439275741577,14.7700004577637,10.4171161651611,16.0715579986572,40.7299995422363,991.444428663987
5.65,-0.0259198172093648,-0.0361766633475215,0.501203919646902,0.371299098846586,0.0846168105815892,-8.07885681974209,0.195604353936683,-0.0383190374349475,0.0317954705005368,-0.0428792165072905,0.0128664024544004,1.51878033554684,0.167242925219941,-0.0326737249021054,0.0306951916774133,13.4661239859847,-5.88816251713533,-0.573017152276445,6.59918937212524,13.1355486885672,-0.493317313727168,7.16987039482411,-6.03647566630141,-2.81,0.136800264119274,0.0754045411991825,14.7019172203846,19.3199175299021,0.169764947482372,1.11052699763814,172.009994506836,30.8441807873193,68.3025285912059,-172.009994506836,1.11439275741577,14.7700004577637,10.3599996566772,16.0699996948242,40.7299995422363,991.448043171157
5.675,-0.025448809759524,-0.040461978645715,0.501027341290411,0.328610455615332,-0.0946954473100235,-8.21746023435308,0.213941114561086,-0.00813281098103961,0.0341677030326239,-0.0408851972686473,0.0124387987495166,1.51916069068864,0.200522431989677,-0.0355396719379212,0.0267576113945406,13.4694983595128,-5.89531455068495,-0.537697156917261,6.59943862897298,13.1416717489781,-0.463800997761464,7.1698237285421,-6.03584715496061,-2.81,0.137687727955735,0.075218005539688,14.7078924179077,19.3289218589874,0.169764947482372,1.11052699763814,172.009994506836,30.8441807873193,68.3025285912059,-172.009994506836,1.11439275741577,14.7700004577637,10.3599996566772,16.0699996948242,40.7299995422363,991.451657678327
5.7,-0.0249625790442983,-0.0409482093609407,0.500850762928316,0.365925183873763,-0.0585359463673362,-8.25202904294631,0.153789111261033,0.0129355318460847,0.0434798009275364,-0.0326257170120351,0.0132375043485043,1.520807686159,0.136702648423664,0.0289809780741619,0.0417036920718828,13.4582563562302,-5.89109131601186,-0.505002892897815,6.56926788231239,13.1411032050977,-0.490688301088663,7.16980627632323,-6.03546952737372,-2.81,0.13647774712625,0.0763076623875889,14.7078924179077,19.3256512149825,0.169764971514213,1.11052700291888,172.012313842773,30.8779080803468,68.3707975574008,-172.012313842773,1.11427187919617,14.7712821960449,10.3599996566772,16.0699996948242,40.7299995422363,991.454251802885
5.725,-0.0255954722383961,-0.0466402923255426,0.500674182043371,0.386416231824435,0.0502108692046754,-8.3637217652839,0.177637830468297,0.0418136432659902,0.0461291600872175,-0.0285664532763071,0.013479449990395,1.52190452566255,0.176488134319867,0.029668440476331,0.0411229026469748,13.4604871575681,-5.94229019819443,-0.366189109814569,6.60087086555871,13.149731791768,-0.37772927282061,7.16979375204912,-6.03513421985975,-2.81,0.142069294109179,0.0738988560709949,14.7084753513336,19.3468007180819,0.169765201819359,1.11052705352597,172.034408569336,31.2011279683148,69.0250418167558,-172.034408569336,1.11311388015747,14.7835683822632,10.4676494598389,16.0695114135742,40.7299995422363,991.448087643354
5.75,-0.0239886475630736,-0.0539612234277734,0.500497606210728,0.420199995044778,-0.124251340532177,-8.53371639454248,0.138997716943763,0.0691662938400445,0.0495944048866337,-0.0242242841553723,0.0156513046245824,1.52322491413483,0.14030346076277,0.0794570188044853,0.0485808331299038,13.4643820975229,-5.96249400890839,-0.295871922205654,6.60124674675499,13.1613413793241,-0.362070095507915,7.16978122777502,-6.03479891234578,-2.81,0.144605521846568,0.0730898147318205,14.7174525260925,19.3599430363544,0.169765432124504,1.11052710413306,172.056549072266,31.5243478562829,69.6792860760319,-172.056549072266,1.11195588111877,14.7958545684814,10.5799999237061,16.0690002441406,40.7299995422363,991.441923483824
5.775,-0.0223963560095153,-0.0584105559419011,0.500321026172929,0.476182819964917,-0.00457011406202626,-9.12772340284892,0.0807694613945731,0.0856675759830545,0.0501351700480886,-0.0222587808309859,0.0179476359878316,1.52451564582469,0.0828949460942048,0.0963779179297106,0.0506628796121773,13.4678606741261,-5.96182523508275,-0.254163924346139,6.5824952720955,13.1730843109088,-0.36309269107291,7.16976870350091,-6.03446360483181,-2.81,0.146616733409196,0.0729957507229338,14.7260799407959,19.3716840361695,0.169765662429649,1.11052715474015,172.078659057617,31.847567744251,70.3335303353869,-172.078659057617,1.11079800128937,14.8081407546997,10.5799999237061,16.0690002441406,40.7299995422363,991.435759324294
5.8,-0.0185838675840706,-0.0600055911217305,0.500144446966363,0.561883832716813,-0.180002006373482,-9.99192980025959,0.0310531887795181,0.0820937476240718,0.047565674369045,-0.0204549085597459,0.0195410784342951,1.5256778393351,0.0611358805231782,0.100501218135143,0.0494884529366913,13.4569836568445,-5.95479105114879,-0.230552926569162,6.55893851839497,13.1698638268923,-0.371634966600392,7.16972736535827,-6.03388434163822,-2.81,0.147662290120755,0.0733060690182588,14.7260799407959,19.3675664648923,0.169765884724181,1.11052720358699,172.100006103516,32.1595452012099,70.9650182726506,-172.100006103516,1.10968029499054,14.8199996948242,10.5799999237061,16.0690002441406,40.7299995422363,991.429566473023
5.825,-0.0182732178280351,-0.0606240671545541,0.499967866507025,0.632697218592096,-0.0628823010683374,-10.2188314556543,-0.0788287191664901,0.0521650637471449,0.0501800890746561,-0.0230237365110028,0.0220045752940655,1.5272034920137,-0.0829607519593311,0.064395245679955,0.0503803406163027,13.4425403848059,-5.9661350085123,-0.19284326608261,6.54894059103625,13.1651768686821,-0.351201670841904,7.16968163582578,-6.03326789827586,-2.81,0.151359741594796,0.0718462493398185,14.7260533785209,19.3652082389551,0.169765884724181,1.11052720358699,172.100006103516,32.1595452012099,70.9650182726506,-172.100006103516,1.10968029499054,14.8199996948242,10.8538246154785,16.0376358032227,40.7299995422363,991.422577425965
5.85,-0.0166808841423913,-0.0606542919821754,0.499791287730129,0.600808928429711,-0.0401401234076728,-10.3862760239435,-0.0797155444714417,0.0281098598701259,0.0514238264389102,-0.0248202948132306,0.0222127109227285,1.52822185667566,-0.0790533209333468,0.033384671352013,0.0504154846209519,13.4225082955387,-5.97442760061195,-0.197786881397092,6.54317538923296,13.1515279059556,-0.347567711126611,7.16963590629328,-6.0326514549135,-2.81,0.151950771511261,0.070870134122039,14.7240080833435,19.3517121543991,0.169765884724181,1.11052720358699,172.100006103516,32.1595452012099,70.9650182726506,-172.100006103516,1.10968029499054,14.8199996948242,11.1300001144409,16.0060005187988,40.7299995422363,991.415588378906
5.875,-0.0165228817610322,-0.0554342335310204,0.499614710632185,0.643537668839246,-0.0317768319918337,-10.4169315163429,-0.1074654761699,0.00248941717085146,0.0565872402878805,-0.0247507698644108,0.0224950548615712,1.52889413672401,-0.06725720804857,0.0410810884855195,0.0523005034011667,13.4110397936023,-5.97542149865135,-0.218865869128288,6.53533823310504,13.1438239736994,-0.372556342205234,7.16959017676079,-6.03203501155114,-2.81,0.150988661590015,0.0706655134549425,14.7219627881661,19.3405526015978,0.169765884724181,1.11052720358699,172.100006103516,32.1595452012099,70.9650182726506,-172.100006103516,1.10968029499054,14.8199996948242,11.1300001144409,16.0060005187988,40.7299995422363,991.408599331848
5.9,-0.0166874709293674,-0.0542945461504664,0.499438131852772,0.657180712685143,0.185298968119694,-10.1630777859637,-0.0998531211411171,-0.0357855182224359,0.0572050573664309,-0.0304340950639259,0.0220289048606808,1.53131760614555,-0.100187601816882,-0.0442266207590383,0.0534801215702314,13.4054062404137,-6.00115327376388,-0.219209630770877,6.52929636193447,13.1538978032641,-0.331770323061788,7.1695734763534,-6.0316738122618,-2.81,0.152863615676156,0.0676358054022294,14.7219362258911,19.3555608373764,0.169765884724181,1.11052720358699,172.100006103516,32.1595452012099,70.9650182726506,-172.100006103516,1.10968029499054,14.8199996948242,11.1300001144409,16.0060005187988,40.7299995422363,991.401610284789
5.925,-0.0166731167249604,-0.0533817181117077,0.499261551808153,0.686717194528584,0.0530648653430972,-9.94516645063604,-0.0556355567595378,-0.0696436322912995,0.0572553969156281,-0.0306229924555031,0.020470911866935,1.53280268900778,-0.045775665710977,-0.0584907616465326,0.0539809773348146,13.3839039280736,-6.03922234845402,-0.286210163296055,6.54898719525279,13.1397514907962,-0.375106203731961,7.16956167617374,-6.03135569915162,-2.81,0.149096080433987,0.065273446430973,14.7219362258911,19.3350761926077,0.169766106604756,1.11052725243383,172.109481811523,32.4715226581689,71.595330254834,-172.109481811523,1.10968029499054,14.8271150588989,11.1806411743164,16.0333461761475,40.7299995422363,991.402699005909
5.95,-0.0192304647820678,-0.049206441801594,0.499084974293946,0.605744889274211,0.108738054146719,-9.68396320348644,-0.0565016408439835,-0.0840179809450745,0.0582546814921201,-0.0320681404885836,0.0193872155116683,1.53401123127203,-0.0688427140771498,-0.0787550908909141,0.0566572363692577,13.3802202246601,-6.05404625116225,-0.309250550565488,6.54865611848366,13.1435295930282,-0.374350175209906,7.16954987599407,-6.03103758604143,-2.81,0.14807443574572,0.0639051886231061,14.7315317422916,19.3386122985019,0.169766336481027,1.11052730304092,172.119323730469,32.794742546137,72.248356182263,-172.119323730469,1.10968029499054,14.8344869613647,11.2299995422363,16.0599994659424,40.7299995422363,991.404078817775
5.975,-0.0198706313866604,-0.048893355729022,0.498908395091757,0.606554021196208,0.113714246387643,-9.20910499409707,-0.016738637468189,-0.0918702506331575,0.0592329006461737,-0.0332487226190612,0.017803108288051,1.53477113348335,-0.0471328728256322,-0.0971709782315168,0.0539015457010878,13.3724653400268,-6.06129086206494,-0.30871164459968,6.54576245040034,13.1412056516968,-0.345089882524688,7.16953807581441,-6.03071947293124,-2.81,0.148060471598259,0.0631199075770892,14.7415162661137,19.3397929384582,0.169766566357299,1.11052735364801,172.129150390625,33.117962434105,72.9013821096921,-172.129150390625,1.10968029499054,14.8418598175049,11.2299995422363,16.0599994659424,40.7299995422363,991.405458629641
6,-0.0198711377116361,-0.0485752650309002,0.498731815895085,0.552345483114541,0.143820727038822,-8.93602038276638,-0.00771924876167248,-0.099460934073649,0.0614928279862029,-0.0323795524864211,0.0144389022827528,1.53717545132525,-0.0210529606072817,-0.0906234139215015,0.0609856290904971,13.3622045810172,-6.07739556156931,-0.339926778137039,6.53082394889939,13.1466459182555,-0.335913589681166,7.16950412366032,-6.03017907093651,-2.81,0.145013811763866,0.0617166147989243,14.7421646118164,19.3463079836298,0.16976679623357,1.1105274042551,172.138977050781,33.4411823220731,73.5544080371211,-172.138977050781,1.10968029499054,14.8492317199707,11.2299995422363,16.0599994659424,40.7299995422363,991.406838441506
6.025,-0.0228850692085635,-0.047458143306057,0.498555237955708,0.593556738708498,0.244319293136858,-9.00577758302541,0.0249014968906675,-0.0957824284493305,0.0600873961773158,-0.032160543927523,0.0117591443193071,1.53868699946751,0.0337801615319462,-0.092290527861133,0.0548426772234712,13.3555943081799,-6.11835568359078,-0.347924961579467,6.55190028251577,13.1493322248116,-0.308045620008384,7.16946613216666,-6.02959813529584,-2.81,0.143638405733022,0.059185192483392,14.7421646118164,19.3512928006391,0.16976682022066,1.11052740953584,172.139999389648,33.4749096151006,73.6225498730158,-172.139999389648,1.10968029499054,14.8500003814697,11.4462814331055,16.049186706543,40.7277984619141,991.411509326381
6.05,-0.0252670677990856,-0.0482487707563688,0.498378659178847,0.600806380974525,0.152222796027047,-9.26774700026607,0.0696526991540319,-0.05667925508272,0.0572965476174983,-0.029959276767684,0.0104403875208886,1.53971893111488,0.0801518552187552,-0.0589162870159386,0.0548519023257031,13.36140898698,-6.14089085184997,-0.348970859664329,6.56071442450582,13.1614576469829,-0.304351900496673,7.16942814067299,-6.02901719965516,-2.81,0.142248277067875,0.058036620329137,14.7481496517475,19.3629318447967,0.16976682022066,1.11052740953584,172.139999389648,33.4749096151006,73.6225498730158,-172.139999389648,1.10968029499054,14.8500003814697,11.6499996185303,16.0389995574951,40.725341796875,991.416563637236
6.075,-0.0266900038102665,-0.0518895196585572,0.498202081657883,0.57898496735048,0.231528985014962,-9.63394151188764,0.0534494105734909,-0.0455487415724995,0.0551451997772519,-0.0288570519045246,0.0102476598951031,1.54054601144349,0.0583371772233477,-0.0322294673478813,0.0574246848386804,13.367359208784,-6.15247844110761,-0.340102070452344,6.56114539837684,13.1725727841922,-0.299415947804753,7.16939014917933,-6.02843626401448,-2.81,0.142143111208829,0.0573306896033839,14.7547331956717,19.3739965528367,0.16976682022066,1.11052740953584,172.139999389648,33.4749096151006,73.6225498730158,-172.139999389648,1.10968029499054,14.8500003814697,11.6499996185303,16.0389995574951,40.7228851318359,991.421617948092
6.1,-0.0268481196708174,-0.0530085475895572,0.498025502461749,0.636456405227036,0.0986227091928433,-9.52823166854117,0.0681171990964127,-0.0509139335935542,0.0480189501372129,-0.0271212237910169,0.00803328467092666,1.5426119361138,0.0878438445522698,-0.0554859876899874,0.0424391186556109,13.3598640151864,-6.16463396687997,-0.319571065317661,6.54502527778976,13.179000588598,-0.259599141941971,7.16935746980175,-6.02789559329299,-2.81,0.141784124501706,0.0563388178559966,14.7555027008057,19.3855409046202,0.16976682022066,1.11052740953584,172.139999389648,33.4749096151006,73.6225498730158,-172.139999389648,1.10968029499054,14.8500003814697,11.6499996185303,16.0389995574951,40.7204284667969,991.426672258948
6.125,-0.0260476238792358,-0.0547517511984999,0.497848923256709,0.619404662600758,0.12414235582779,-9.10318724685899,0.00676031140878404,-0.0683777293660733,0.0414852043922978,-0.0259774090084745,0.00672258653958301,1.54364100321404,0.00840605951493009,-0.0559677983218243,0.0398211902956867,13.355553362509,-6.17990185714307,-0.345163782681074,6.54708921127091,13.1811042553319,-0.27430656090071,7.16934178534935,-6.02748374115877,-2.81,0.139608204977021,0.0554302192082704,14.7555027008057,19.3852209763511,0.169767010827023,1.11052745205027,172.15217590332,33.7464429044046,74.1640189702431,-172.15217590332,1.10964477062225,14.8621797561646,11.5976495742798,16.0369071960449,40.7200012207031,991.429298205253
6.15,-0.0277946462215445,-0.0564987735408086,0.497672345740009,0.547513163569786,0.194642729655716,-8.81314806380886,-0.0196737522738838,-0.062923417314517,0.0337495634329009,-0.0265220575623246,0.00561237104915204,1.54453913926025,-0.0162225397945402,-0.0509192242626167,0.0333226955284782,13.3606852787792,-6.17844870313804,-0.355024155278695,6.53429850233926,13.192397434813,-0.266035055943697,7.16932610089696,-6.02707188902456,-2.81,0.13886689508973,0.0551216044777954,14.7608516032879,19.3975003229141,0.169767241561042,1.11052750351511,172.166931152344,34.0751410950779,74.819481561524,-172.166931152344,1.1096019744873,14.8769226074219,11.5500001907349,16.0349998474121,40.7200012207031,991.431412916917
6.175,-0.0290651566537504,-0.0558627392812189,0.49749576527923,0.554806847498644,0.318178270636347,-8.95458081276961,0.00408078130468002,-0.0345113921373475,0.0279305159889277,-0.0260240111464298,0.00429391526207694,1.54510424256992,0.0197548139731328,-0.0198274336084917,0.0273086996629954,13.3652246651,-6.18003320517372,-0.349089463209839,6.52830121355198,13.200942919466,-0.245547390755114,7.16931041644457,-6.02666003689034,-2.81,0.138504119384566,0.0549254098643475,14.7670919895172,19.4084524223479,0.169767472295061,1.11052755497994,172.181671142578,34.4038392857511,75.4749441528049,-172.181671142578,1.10955905914307,14.8916664123535,11.5500001907349,16.0349998474121,40.7200012207031,991.433527628581
6.2,-0.0293837340081148,-0.0555441619268545,0.497319186499817,0.620752721432667,0.282779253947211,-9.30696864477681,0.043133578233754,-0.0185093239678667,0.0243607034348234,-0.0253295493207902,0.00456244983761244,1.54589469533426,0.0285417032750789,-0.00361583202795544,0.02532840962991,13.3830851409109,-6.20181382979068,-0.314102988528976,6.53905999598737,13.2235131145955,-0.217987689221118,7.16928346400842,-6.02611682119639,-2.81,0.139949001642124,0.053597946842228,14.7681455612183,19.433578211534,0.16976770302908,1.11052760644478,172.196411132812,34.7325374778425,76.1304067440858,-172.196411132812,1.10951614379883,14.9064102172852,11.5500001907349,16.0349998474121,40.7200012207031,991.435642340244
6.225,-0.0298577718882796,-0.0576057383839871,0.497142607720404,0.600432725572937,0.269945335664649,-9.19607664791978,0.0664879364179304,-0.0286472291685719,0.0180357285291178,-0.0241850703674734,0.00328349922615605,1.54629511126043,0.069287590960085,-0.0323659273208183,0.0139607099555195,13.3768350134811,-6.20636665426429,-0.297532174869604,6.53758468568338,13.2200841801753,-0.191280335472251,7.1692253451996,-6.0252102640434,-2.81,0.139992495907845,0.0534276357329038,14.7681455612183,19.4329107662443,0.169767759207797,1.11052761897535,172.199996948242,34.8125683406104,76.2899976358553,-172.199996948242,1.10950577259064,14.9099998474121,11.5127563476562,16.0376605987549,40.7200012207031,991.435680682843
6.25,-0.0300132249885579,-0.058717352307822,0.497040615555605,0.572626917682507,0.287716140704279,-9.08652897681718,0.080189230159654,-0.0207421595863567,0.010393476626686,-0.0216014255739543,0.00290697940119452,1.54646209420278,0.0893912355138304,-0.0153279975069323,0.00741235108654309,13.3842060848072,-6.21009604744463,-0.288794681469592,6.53869504731874,13.2285181906441,-0.193497713400935,7.16916722639078,-6.02430370689041,-2.81,0.139306816728496,0.053562692618372,14.778109733875,19.4400290741178,0.169767759207797,1.11052761897535,172.199996948242,34.8125683406104,76.2899976358553,-172.199996948242,1.10950577259064,14.9099998474121,11.4799995422363,16.0400009155273,40.7200012207031,991.43505076873
6.275,-0.030639940706617,-0.0640997819085477,0.497251742349347,0.62810916411904,0.264230194237493,-9.09284369870169,0.0866724952235361,0.00478914212638881,0.00410921684851967,-0.0201650824091876,0.00341625952798293,1.54672759379566,0.0789337085422126,0.00183484022897812,0.00204279745012297,13.4041315931862,-6.21915660240997,-0.273692444511734,6.54418356248345,13.2498896362266,-0.19402653239298,7.16910910758196,-6.02339714973742,-2.81,0.139556069306964,0.0531743810032642,14.7904845934648,19.4600470876654,0.169767759207797,1.11052761897535,172.199996948242,34.8125683406104,76.2899976358553,-172.199996948242,1.10950577259064,14.9099998474121,11.4799995422363,16.0400009155273,40.7200012207031,991.434420854617
6.3,-0.0306373923161163,-0.065700768136691,0.497462870151424,0.624768887950208,0.159960219074131,-9.10082763085148,0.0672885563714442,0.00737105822660598,-0.00176164625205924,-0.0176329763893203,0.00319113371497728,1.54659330444371,0.0970461225567935,0.0144607828146714,-0.00469147829625827,13.4050556996885,-6.19337872820992,-0.219626857250315,6.5188746484223,13.2507549753268,-0.153167363463849,7.16908335508093,-6.0228688481037,-2.81,0.141307434855478,0.0549083973471186,14.7932167053223,19.4667435979387,0.169767759207797,1.11052761897535,172.199996948242,34.8125683406104,76.2899976358553,-172.199996948242,1.10950577259064,14.9099998474121,11.4799995422363,16.0400009155273,40.7200012207031,991.433790940505
6.325,-0.0293625097511149,-0.0688779673813605,0.497673996437606,0.577272152549611,0.197837061652207,-8.9850196781068,0.062734348002507,-0.0293783487396507,-0.00649881228288522,-0.0159161584197679,0.00322146890606475,1.54652909438297,0.0516237834188844,-0.0159006513663997,-0.00687234806748762,13.4183162966344,-6.19727757661197,-0.183841580116828,6.52317832943555,13.2635935636588,-0.128411779571734,7.16906243603442,-6.02239703363143,-2.81,0.142414533075262,0.0549421909843873,14.7932167053223,19.4822358825126,0.169767917712036,1.11052765403484,172.208435058594,35.0364880283066,76.7402719376506,-172.208435058594,1.11003601551056,14.9015598297119,11.5178413391113,16.0264854431152,40.7200012207031,991.429730146359
6.35,-0.0293584684649107,-0.0714168418414869,0.497885126757501,0.579574382287462,0.088468544661323,-8.85489367663698,0.0320359361421747,-0.0470131734834872,-0.0107553465083602,-0.0155442427451272,0.00191710983206571,1.54625140402992,0.0365079069952692,-0.0474561426913851,-0.0143502694882771,13.4149702704814,-6.17070481769101,-0.180123082957204,6.50013157986574,13.259248854052,-0.109904052425402,7.16904151698792,-6.02192521915915,-2.81,0.142095420767006,0.05645655733484,14.7957579172575,19.4808016331865,0.169768148446055,1.1105277050708,172.220733642578,35.3624470690454,77.3957345290892,-172.220733642578,1.11080813407898,14.8892726898193,11.5500001907349,16.0149993896484,40.7200012207031,991.424105913211
6.375,-0.0307827433434114,-0.0734772173655591,0.498096252540262,0.560481337180886,0.162054514920394,-9.11222678636277,0.020987983654396,-0.0164231748064732,-0.0113442901099857,-0.0147220224244204,0.00211037733257909,1.5459974973669,0.0315402872210503,-0.00854724505575647,-0.0140852767823863,13.4277795705079,-6.1650842396906,-0.178920880592936,6.49810764645882,13.2705150633508,-0.116479725942495,7.16902059794142,-6.02145340468688,-2.81,0.141838369250927,0.056914430026755,14.7991315951714,19.4906445000412,0.169768379180074,1.11052775610677,172.233016967773,35.6884061083661,78.0511971203701,-172.233016967773,1.11158001422882,14.8769874572754,11.5500001907349,16.0149993896484,40.7200012207031,991.418481680063
6.4,-0.0318926230792053,-0.074587097101353,0.498307376318063,0.546320390623391,0.210353054020334,-9.50585433476018,0.0387252423532359,0.0407243035356229,-0.0144885480271647,-0.0140180376191827,0.00333178774735144,1.54584774069469,0.0160167772999391,0.048589777295515,-0.0114092206583035,13.450382799025,-6.17882812690438,-0.169671415230238,6.51420048990193,13.2916645955155,-0.12785581317361,7.16897901088679,-6.02078464623705,-2.81,0.142284400006123,0.0562983666244712,14.8000516891479,19.5088012975102,0.169768609914093,1.11052780714273,172.245300292969,36.0143651491049,78.7066597117298,-172.245300292969,1.11235213279724,14.8647003173828,11.5500001907349,16.0149993896484,40.7200012207031,991.412857446915
6.425,-0.031098071778413,-0.0747477603813772,0.498518503111805,0.676675033504395,0.0718967122482001,-9.89105934223518,0.0392202140124905,0.0580759333811701,-0.0117231859554446,-0.013132849524381,0.00412920464460125,1.54551427313551,0.0633150615244279,0.0624818806298819,-0.015216242101044,13.4669246877874,-6.14728479641627,-0.101958037654163,6.48655900308783,13.3069987669435,-0.0768275487946534,7.16893287122099,-6.02007250627949,-2.81,0.145550631430053,0.0580774876627986,14.8000516891479,19.5312966733952,0.169768698194935,1.11052782666953,172.25,36.1390799117288,78.9574453988526,-172.25,1.11264741420746,14.8599996566772,11.5774574279785,16.006763458252,40.7184829711914,991.409918499808
6.45,-0.0283986668994351,-0.0761799424748786,0.498729633932472,0.702635477201642,0.0304678870223481,-10.2221722762066,-0.00599305915301977,0.0336633469682896,-0.010511524933799,-0.0119370530143359,0.00494961023408033,1.54524537989373,0.0468624214736539,0.0629431901010763,-0.015356879034176,13.4693289898981,-6.14064723836968,-0.0952654156417465,6.48345199387068,13.3077587529181,-0.0886265249848494,7.16888673155518,-6.01936036632193,-2.81,0.145710382671908,0.0586760853411881,14.8120079040527,19.5298035786188,0.169768698194935,1.11052782666953,172.25,36.1390799117288,78.9574453988526,-172.25,1.11264741420746,14.8599996566772,11.6000003814697,16,40.7160263061523,991.408643673628
6.475,-0.027597796705351,-0.0804690959072764,0.49894075971483,0.695592765466737,0.0776470301090332,-10.1398511307817,-0.0497041494801584,0.0133101526824802,-0.0111048502931357,-0.0124584493818773,0.00634561826333929,1.5452163327068,-0.0259047558049246,0.0468324288958656,-0.0104472180879711,13.4759845740664,-6.1260583448271,-0.0899392934193384,6.46936791668748,13.3145143739508,-0.0991257060224806,7.16884059188938,-6.01864822636437,-2.81,0.146572055163035,0.0593310311394958,14.8290565808614,19.53482217967,0.169768698194935,1.11052782666953,172.25,36.1390799117288,78.9574453988526,-172.25,1.11264741420746,14.8599996566772,11.6000003814697,16,40.7135696411133,991.407368847448
6.5,-0.0274375554073936,-0.0815786767319005,0.499151883493034,0.642196020048993,0.0294664527907965,-10.0012849791894,-0.0621851581230666,-9.87850964956627e-05,-0.0145261341160534,-0.0145884082891741,0.00612033682590568,1.54462550231442,-0.0350270800020743,0.00761912631868624,-0.0163261391335464,13.4747904600319,-6.10300427964901,-0.0939954108256077,6.45423464619919,13.3101722866615,-0.0874250972413231,7.16881643566793,-6.0181847894986,-2.81,0.147127752146793,0.060375334451691,14.8345918655396,19.5322407444338,0.169768698194935,1.11052782666953,172.25,36.1390799117288,78.9574453988526,-172.25,1.11264741420746,14.8599996566772,11.6000003814697,16,40.711109161377,991.406094021267
6.525,-0.0269634393583193,-0.0792036453687453,0.499363010286777,0.685416438550655,0.0151503910499879,-10.3357757129657,-0.124457515473136,0.0191824105338585,-0.0130321310192361,-0.0182879908708146,0.00760935307051165,1.54440806055102,-0.128489132860606,0.0326502163944771,-0.0125959033148418,13.503399510326,-6.07948385011802,-0.141467396934188,6.43521068180895,13.3376274037278,-0.133018659499543,7.16879424019315,-6.01774353495117,-2.81,0.146356969195286,0.0610080262039181,14.8345918655396,19.5533822677402,0.16976882577179,1.11052785415847,172.245956420898,36.3146476199838,79.3198620755583,-172.245956420898,1.11464440822601,14.8828840255737,11.6055774688721,16.0005569458008,40.7099990844727,991.40675001878
6.55,-0.0268120350505416,-0.0758663577175639,0.499574137083119,0.744415996270094,-0.0028551423107023,-10.3338463358327,-0.157225291804698,0.0206609066480435,-0.0146138827472367,-0.0217959452557734,0.00789850581423624,1.54421260089143,-0.157882862089088,0.0253043992580352,-0.0133032119772332,13.5047799061281,-6.05674051599015,-0.161920088185163,6.41563769631099,13.3383039571663,-0.136545237448784,7.16877204471837,-6.01730228040374,-2.81,0.146707697130029,0.0616872238432017,14.8366425709847,19.5538759466766,0.169769058650177,1.11052790433668,172.238586425781,36.6351283551811,79.9814163266264,-172.238586425781,1.11828994750977,14.9246578216553,11.6099996566772,16.0009994506836,40.7099990844727,991.408999712039
6.575,-0.0261843836553335,-0.0711163994088087,0.499785265887725,0.678329670563185,-0.113971727342564,-10.3132565056979,-0.228083741910383,-0.00400657919142099,-0.0136273375434235,-0.0234620505969059,0.00777605048999157,1.54403543311939,-0.157010130419965,0.0208826017401494,-0.0131892898805816,13.4990885796495,-6.03709548909027,-0.196082805802119,6.39905371124775,13.3318069646792,-0.159366086245347,7.1687498492436,-6.01686102585631,-2.81,0.145606097518282,0.0625177805334606,14.8398006573702,19.5445451545327,0.169769291528564,1.1105279545149,172.231231689453,36.9556090917966,80.6429705776946,-172.231231689453,1.12193524837494,14.9664306640625,11.6099996566772,16.0009994506836,40.7099990844727,991.411249405298
6.6,-0.0261859183651987,-0.0701522420876086,0.49999639369122,0.650102912324197,0.0511220371522801,-9.743012257724,-0.305259782778724,-0.0273258886901394,-0.0128184601994252,-0.0352578521538496,0.00812771212351053,1.54369902600119,-0.313062573635606,-0.0252356814177256,-0.0124059374737934,13.5150502033301,-6.02270416760918,-0.242783852233519,6.39146439137191,13.3460865347199,-0.140173569437482,7.16869865350107,-6.01602801097679,-2.81,0.147586098822271,0.0614415589675281,14.8409900665283,19.5607654744961,0.169769524406951,1.11052800469312,172.223846435547,37.2760898284121,81.3045248288416,-172.223846435547,1.1255806684494,15.0082054138184,11.6099996566772,16.0009994506836,40.7099990844727,991.413499098558
6.625,-0.0269869882277686,-0.0643242185893299,0.500207519976219,0.625107789364279,-0.0193308601953574,-9.48519018365593,-0.312724020097512,-0.0420504350174441,-0.012430889053525,-0.0427851348829932,0.00694309653143905,1.54342137604852,-0.304998679723021,-0.0311206805091357,-0.0120614364097902,13.5165820901233,-6.00481148443228,-0.34120138583117,6.38160154023761,13.345998872293,-0.17789499907966,7.16864242842845,-6.01512705562009,-2.81,0.144989317553647,0.061258540751703,14.8409900665283,19.5550660262772,0.169769645908719,1.11052803087305,172.220001220703,37.4432971683918,81.6496835685087,-172.220001220703,1.12748265266418,15.0299997329712,11.5363883972168,16.025915145874,40.7099990844727,991.413066114116
6.65,-0.0281224089735029,-0.0498343103703032,0.500418644260609,0.57155020638098,0.125961721459053,-9.07419214932123,-0.385548262368102,-0.02413849687109,-0.00543483666329731,-0.0520860263659391,0.00701919072363441,1.54340634377906,-0.376242513329287,-0.0126675359634664,-0.00445290369153203,13.5335608308975,-5.99297054476607,-0.406971154664929,6.37438860292859,13.3630044190889,-0.189401871771211,7.16858620335582,-6.01422610026338,-2.81,0.144949351799734,0.0602967124261925,14.8553895094456,19.569755925364,0.169769645908719,1.11052803087305,172.220001220703,37.4432971683918,81.6496835685087,-172.220001220703,1.12748265266418,15.0299997329712,11.4799995422363,16.0450000762939,40.7099990844727,991.409706572182
6.675,-0.0287695141967548,-0.0425442377408565,0.500629775076159,0.532952267805321,0.417404657890528,-9.12398338827865,-0.27534565263475,-0.000488305636271861,-0.00890137034004697,-0.059408821069685,0.00757925780035685,1.54326977827719,-0.329450845330113,0.0169071301265917,-0.00554052120251063,13.5407815526271,-6.01600347792995,-0.405882463398904,6.399867991303,13.3689495816031,-0.150599651306717,7.1685299782832,-6.01332514490667,-2.81,0.147796823891719,0.0578970052558864,14.8794929247636,19.5789638397633,0.169769645908719,1.11052803087305,172.220001220703,37.4432971683918,81.6496835685087,-172.220001220703,1.12748265266418,15.0299997329712,11.4799995422363,16.0450000762939,40.7099990844727,991.406347030248
6.7,-0.0281536050311403,-0.0314393472269607,0.500840900860356,0.552795329667009,0.139065425474736,-10.0007877677444,-0.254671194864474,0.0411891985125508,-0.00977167870483827,-0.0648270973307822,0.00816237521175482,1.54297774843229,-0.226564073101872,0.0613760480725403,-0.00799005123047236,13.5445427789192,-6.00936733821113,-0.418968955858391,6.39827747012314,13.3710619690534,-0.139345314071738,7.16849769033439,-6.01276291460238,-2.81,0.149271380868798,0.0573846750167455,14.8898229598999,19.5820913785868,0.169769645908719,1.11052803087305,172.220001220703,37.4432971683918,81.6496835685087,-172.220001220703,1.12748265266418,15.0299997329712,11.4799995422363,16.0450000762939,40.7099990844727,991.402987488315
6.725,-0.0276777434336602,-0.0296699112247896,0.500927190328107,0.644376922543483,0.305544899403667,-10.3074802509755,-0.199477249327801,0.0765952734357224,-0.0111467265157297,-0.0709106076184495,0.0110662676841735,1.54285136859996,-0.21634158498852,0.0903872360197569,-0.00731153643922366,13.5770473437913,-6.03145819298522,-0.431130214723376,6.42382227770534,13.4019285167733,-0.152954722326164,7.16847146257699,-6.01228643974085,-2.81,0.151520316713087,0.0551108715015789,14.8898229598999,19.6093379386933,0.169769741786218,1.11052805138067,172.218002319336,37.5742762519904,81.9220496225636,-172.218002319336,1.1262731552124,15.0370302200317,11.5432262420654,16.0139617919922,40.7099990844727,991.402245285165
6.75,-0.0249935913814615,-0.0219021728657551,0.50079824895781,0.697334273519953,0.220036295393247,-10.5579476930982,-0.143562715768889,0.0683477033499471,-0.0134845458427375,-0.0745709545146971,0.0123961029681387,1.54249068656056,-0.131146634249655,0.0734270712308581,-0.0140393791948637,13.5765549292197,-6.04072190362531,-0.435388958901574,6.43816302874581,13.3988638013678,-0.152427216325737,7.16844523481959,-6.01180996487931,-2.81,0.153068532113637,0.0540888123679914,14.8931615902827,19.6053630739323,0.1697699763801,1.11052810155889,172.213073730469,37.8947569871877,82.5884772013354,-172.213073730469,1.12331402301788,15.0542316436768,11.5900001525879,15.9910001754761,40.7099990844727,991.405289870042
6.775,-0.0237301358047942,-0.0174635702287845,0.500636386566653,0.689458169351047,0.324332021077816,-10.7206191549723,-0.13179571653512,0.0408952020753339,-0.0161654904708772,-0.0770903196537175,0.0135906032801867,1.54200649739258,-0.0958448723452401,0.0509223851285068,-0.0201522618062297,13.5797391312844,-6.04737130694489,-0.450308314408406,6.4524526021905,13.3985258002821,-0.167791452350278,7.16841900706218,-6.01133349001777,-2.81,0.153606296362459,0.0534313699472194,14.8992824126513,19.6019517286269,0.169770210973981,1.11052815173711,172.208160400391,38.2152377252214,83.2549047803437,-172.208160400391,1.12035477161407,15.0714321136475,11.5900001525879,15.9910001754761,40.7099990844727,991.40833445492
6.8,-0.0237331711354716,-0.0155566714976389,0.500474521860424,0.693171084913275,0.332719759129601,-10.7829930082195,-0.0605500351104727,0.0278484908330991,-0.0266291102524635,-0.0801135125400762,0.0146942564886804,1.54151495291439,-0.0696220377272341,0.0197919858289733,-0.0264483008872297,13.5934850870771,-6.06782065734663,-0.440194943080689,6.47893512559491,13.408768296144,-0.152932497784996,7.16837615006496,-6.01062536006924,-2.81,0.155477074191341,0.0519413216160126,14.9022235870361,19.6124497861059,0.169770445567863,1.11052820191532,172.203247070312,38.5357184604187,83.9213323591944,-172.203247070312,1.11739552021027,15.0886325836182,11.5900001525879,15.9910001754761,40.7099990844727,991.411379039797
6.825,-0.0235767161026792,-0.014446354222017,0.500312657158525,0.746503636712035,0.159962350891623,-10.8126518139059,-0.060941331710605,0.0347934589347477,-0.0350884508088956,-0.0803229513295227,0.0155392379772078,1.54054524400079,-0.0388918809353113,0.0420189633540579,-0.037020167066663,13.6064155191549,-6.04581435407022,-0.495533494821354,6.4747984188434,13.4149333641045,-0.220263933153749,7.16833080092109,-6.00988251305284,-2.81,0.153000081385458,0.0533003940585081,14.9022235870361,19.6089569310144,0.169770600603819,1.11052823507658,172.199996948242,38.7475144250548,84.3617540635078,-172.199996948242,1.11543989181519,15.1000003814697,11.6016664505005,15.9904165267944,40.7091674804688,991.4130859375
6.85,-0.0227891464191773,-0.0114264627698447,0.500150791684646,0.796527846020905,0.308836748815204,-10.9457340592044,-0.0579854776356409,0.0296519492055305,-0.0392502100626942,-0.0815042515570153,0.0168197778136515,1.53980826243013,-0.0732732444056575,0.0495369328020052,-0.0378185272740162,13.6188583893851,-6.05083171789,-0.500644323584661,6.49048129856749,13.4221736589754,-0.235414163422171,7.16828545177722,-6.00913966603643,-2.81,0.153526716431598,0.0530069244830184,14.9151176917247,19.6128490596037,0.169770600603819,1.11052823507658,172.199996948242,38.7475144250548,84.3617540635078,-172.199996948242,1.11543989181519,15.1000003814697,11.6099996566772,15.9899997711182,40.7067070007324,991.412186060196
6.875,-0.0215185900687886,-0.0107953766799259,0.499988929294052,0.807592109105496,0.334450434045716,-11.0811421263791,-0.00532128616982181,0.0156139959070406,-0.048350056789508,-0.0830584256058855,0.0171160673755513,1.53923756776478,-0.0591394023294461,0.0251162286782053,-0.0418400560444767,13.621114973898,-6.05685713185732,-0.495550440965235,6.50379909363245,13.4207328065276,-0.224477109927528,7.16824010263336,-6.00839681902002,-2.81,0.154461948312896,0.0525821773934764,14.9412452196464,19.6116671518732,0.169770600603819,1.11052823507658,172.199996948242,38.7475144250548,84.3617540635078,-172.199996948242,1.11543989181519,15.1000003814697,11.6099996566772,15.9899997711182,40.7042541503906,991.411286182893
6.9,-0.0212027335109489,-0.0104750168728915,0.499827065361815,0.745448601753042,0.197733930101955,-11.2772604861822,0.0302032186965522,0.0267249651257551,-0.0545697428412374,-0.0808617508481348,0.0177198440811858,1.53696603889316,0.0391499504923642,0.0392750667486457,-0.0552764670996728,13.6311619008134,-6.05148738434356,-0.524574626078478,6.53157562716244,13.4151714946047,-0.275583860890929,7.16819823975578,-6.00769207591235,-2.81,0.152493452264355,0.0539378904537954,14.9551572799683,19.5978616893773,0.169770600603819,1.11052823507658,172.199996948242,38.7475144250548,84.3617540635078,-172.199996948242,1.11543989181519,15.1000003814697,11.6099996566772,15.9899997711182,40.7017974853516,991.410386305589
6.925,-0.0215188158045457,-0.00953077588737231,0.499665201429579,0.703022565885619,0.27328667228246,-11.3966289739517,0.0419891714400378,0.0468783688318121,-0.0625778623308666,-0.0813888855932658,0.0192331813782738,1.53564033918884,0.026585497658009,0.0447741770435373,-0.061419656840451,13.6746250773258,-6.03881049880511,-0.552361095402426,6.54049690723135,13.4493702369796,-0.322562336248077,7.16816747247667,-6.00710860457087,-2.81,0.151513811750362,0.0547669018127148,14.9551572799683,19.6248792450101,0.16977066395778,1.11052824894971,172.201995849609,38.836120024588,84.5417281786669,-172.201995849609,1.11531281471252,15.1039752960205,11.5863246917725,16.0178184509277,40.7006645202637,991.410262670272
6.95,-0.0202464908250098,-0.011428584259188,0.499503337497342,0.716481904515996,0.0732097648647611,-11.2524803051861,0.0902376064252214,0.0549737489214423,-0.0667386581953851,-0.0798447792653898,0.0196727392057152,1.53458874182575,0.100600120344372,0.051189434283287,-0.0682280774069537,13.6830245313404,-6.03924211435802,-0.552337337641844,6.55525770135572,13.4505393112151,-0.338039763822171,7.16813670519755,-6.00652513322939,-2.81,0.15111184941634,0.0553215370142834,14.9601039519677,19.6230365865699,0.169770898980535,1.11052830041454,172.209350585938,39.1648182166794,85.2093740894435,-172.209350585938,1.11484098434448,15.1187191009521,11.5699996948242,16.0370006561279,40.7031173706055,991.412242400341
6.975,-0.0199287380844671,-0.0123887372559513,0.499341473177063,0.776399132780161,0.1559229957916,-11.0434087811936,0.0896130862862424,0.0535202293791835,-0.0693817292403077,-0.0766146742654198,0.0220987461977801,1.5321851677744,0.0771753272405658,0.0546610758810227,-0.068516049032845,13.6917324894011,-6.03943677981293,-0.553057708641468,6.5878487285352,13.4421362363831,-0.391702106477456,7.16810593791843,-6.0059416618879,-2.81,0.150767973415489,0.056581347851242,14.9713067091428,19.6064427438552,0.16977113400329,1.11052835187938,172.216735839844,39.4935164073527,85.8770200002989,-172.216735839844,1.11436915397644,15.1334609985352,11.5699996948242,16.0370006561279,40.7055778503418,991.414222130409
7,-0.0199248509773292,-0.0130243864104739,0.499179608863111,0.768843075420374,-0.0238277961767584,-10.7906645481783,0.166390061038808,0.036210004828294,-0.0747392798803422,-0.0727227065477489,0.0227596144883049,1.53008211103967,0.174241075858882,0.0350398602015441,-0.0776465707182133,13.7191307982044,-6.02167854256166,-0.527804439517268,6.59728558419147,13.4561770904827,-0.401074662312274,7.16805944403687,-6.00507947250717,-2.81,0.150781049034784,0.0587414433925856,14.9778537750244,19.6180837772743,0.169771369026045,1.11052840334422,172.224090576172,39.8222145994441,86.5446659111543,-172.224090576172,1.11389744281769,15.1482048034668,11.5699996948242,16.0370006561279,40.7080345153809,991.416201860477
7.025,-0.0175156700477088,-0.0177795267431954,0.499017744541321,0.755034700845252,-0.159935933833964,-10.6772915218032,0.118509410893008,0.0222709343275643,-0.0675974773031867,-0.0684326685891301,0.0235132578611849,1.52831665342491,0.136722415222018,0.0325402852263583,-0.0692999919591156,13.7305963217527,-6.00849483269888,-0.534797783825176,6.60837186402628,13.4554177110193,-0.445476939713277,7.16801109510233,-6.00418440655758,-2.81,0.149140327242446,0.0606888998427158,14.9778537750244,19.6107184964241,0.16977155704425,1.11052844451609,172.229995727539,40.0851731519827,87.0787826398229,-172.229995727539,1.11352002620697,15.1599998474121,11.6840810775757,16.0087795257568,40.7095069885254,991.4163608388
7.05,-0.0180074847896332,-0.0227643208863777,0.498855881768396,0.765556484315748,0.115155205611497,-10.4064240104967,0.164898494473385,0.0284146228817666,-0.0635936358403127,-0.0661989922279548,0.0243700299334957,1.52706745284574,0.127232309530547,0.026762051329584,-0.0648438249823637,13.7469171938879,-6.01160629463674,-0.514283015949168,6.62733633622839,13.4631777567532,-0.450430210346561,7.1679627461678,-6.00328934060798,-2.81,0.149590244803485,0.0612465934127262,14.9865929163419,19.6164009889688,0.16977155704425,1.11052844451609,172.229995727539,40.0851731519827,87.0787826398229,-172.229995727539,1.11352002620697,15.1599998474121,11.7600002288818,15.9899997711182,40.7070503234863,991.409236810146
7.075,-0.0170532397451845,-0.024135922159992,0.498694017449114,0.85492888060145,-0.19805274398089,-10.3581864884721,0.166520194941764,0.0070911304247601,-0.0640343614449967,-0.0642761836723893,0.0243699364401595,1.52619794513638,0.182956817932746,0.0198581134197876,-0.0667318392547613,13.7466477517969,-5.99508795667948,-0.505011515056217,6.62172871127564,13.4578300155202,-0.45382904080448,7.16791439723326,-6.00239427465839,-2.81,0.149422380074322,0.0626951901697129,15.0090233790569,19.6099512956192,0.16977155704425,1.11052844451609,172.229995727539,40.0851731519827,87.0787826398229,-172.229995727539,1.11352002620697,15.1599998474121,11.7600002288818,15.9899997711182,40.7045936584473,991.402112781492
7.1,-0.016735981308729,-0.0238186637235365,0.498532153131228,0.75250037643477,-0.17572845084279,-9.87011828350276,0.0897954942115245,-0.055219411521052,-0.0636224247503264,-0.0584455513043379,0.02380939063042,1.5236912977812,0.0801934538681571,-0.0372954197703338,-0.0654634888714867,13.7398724821381,-5.97869310752762,-0.512150601321777,6.63835973428755,13.4344377841719,-0.489108167230757,7.16788308279021,-6.00172630479434,-2.81,0.146972461426895,0.0653727497731071,15.0232973098755,19.5814046577166,0.16977155704425,1.11052844451609,172.229995727539,40.0851731519827,87.0787826398229,-172.229995727539,1.11352002620697,15.1599998474121,11.7600002288818,15.9899997711182,40.7021408081055,991.394988752838
7.125,-0.0170471373023154,-0.0289046508049817,0.498370289971686,0.674596387015195,-0.0383256139829077,-9.47644303580202,0.0754444863610107,-0.0836725512389516,-0.0663875723530523,-0.0578989059303612,0.0210751039537184,1.5219826431199,0.0579748380983411,-0.0893507877027002,-0.0688860175495095,13.7624228872592,-5.95823103076191,-0.523813273212196,6.64263237028386,13.4475077380081,-0.468136644957381,7.16785486150341,-6.00109957148131,-2.81,0.145294028221989,0.0670003682109048,15.0232973098755,19.5961350505068,0.169771587867212,1.11052845122889,172.231918334961,40.1280468301369,87.166343627624,-172.231918334961,1.11390602588654,15.1603202819824,11.5103206634521,15.9966983795166,40.7000007629395,991.388533763396
7.15,-0.0195709729915312,-0.0323871665103415,0.498208424498086,0.512818327474449,-0.0644196850099525,-9.42462060710525,0.0264706345961589,-0.0351665181681604,-0.0635035099991474,-0.0559220035300846,0.0204555137049446,1.52040982760105,0.0485680084985182,-0.0213840112761411,-0.0646103768831022,13.7947964514309,-5.94007960005333,-0.550762507537485,6.6484191806541,13.4696996494696,-0.500007882415044,7.16782664021662,-6.00047283816828,-2.81,0.142880045130396,0.068666389659066,15.0294807751973,19.6136040642898,0.169771824176588,1.11052850269373,172.246658325195,40.4567450208102,87.837644534336,-172.246658325195,1.11686515808105,15.1627779006958,11.3500003814697,16.0009994506836,40.7000007629395,991.386539035373
7.175,-0.0216403205198917,-0.0325385520354855,0.498046562107212,0.568641832025301,-0.106366534701565,-9.58156702736535,0.0648933261929487,0.0416246386106808,-0.055394319034574,-0.05523005317372,0.0214707123640125,1.51909626342184,0.0235948569526869,0.0313900571672196,-0.0565218187747207,13.8269175950218,-5.94483555586139,-0.522372623264912,6.67079214275748,13.4928801139953,-0.490215810402214,7.16779841892982,-5.99984610485525,-2.81,0.144218136952178,0.0688192981569847,15.0477933455736,19.636567657509,0.169772060485964,1.11052855415857,172.26139831543,40.7854432114834,88.508945441048,-172.26139831543,1.11982440948486,15.1652355194092,11.3500003814697,16.0009994506836,40.7000007629395,991.38454430735
7.2,-0.0193193583721733,-0.0327033281192951,0.497884698174976,0.646255687330749,-0.107797925101811,-9.6530275098407,-0.00554946123643284,0.0523963785532889,-0.0516014084279448,-0.0548984087541303,0.022297368156938,1.51780331764804,0.0186854267553553,0.0567753855051534,-0.0502662391628218,13.832502672109,-5.91931713481357,-0.514958522926819,6.66259608513474,13.490874526699,-0.497740603072158,7.16775087099704,-5.99883385456503,-2.81,0.144765296879314,0.0705445108160766,15.0603981018066,19.6328922388698,0.16977229679534,1.1105286056234,172.276138305664,41.1141414035748,89.18024634776,-172.276138305664,1.12278366088867,15.1676921844482,11.3500003814697,16.0009994506836,40.7000007629395,991.382549579327
7.225,-0.0188179517926805,-0.0328518933031543,0.497722833083284,0.668676286308394,-0.111377039132392,-9.82798409678093,0.02228622945377,0.00123191259018629,-0.0471355050344702,-0.0543869382079759,0.0234590299989047,1.51665068506832,0.00438821275865747,0.0203153745569233,-0.0470892659615934,13.8343987946469,-5.92187873549815,-0.470017115687576,6.67828288269622,13.4854744641167,-0.471879298819951,7.16769874804497,-5.99773034438357,-2.81,0.1472615339624,0.0708211342950252,15.0603981018066,19.6291009960342,0.169772518720667,1.1105286539556,172.289993286133,41.4228318789107,89.8106854601648,-172.289993286133,1.12556278705597,15.1700000762939,11.1338672637939,16.0158195495605,40.7000007629395,991.380655272394
7.25,-0.017045383777574,-0.0336517186038809,0.497560968766847,0.614075905217257,-0.231073212922291,-9.88667891629609,-0.0227819245392822,-0.0422982208271319,-0.0358322376744808,-0.0550301463868703,0.0220611679906103,1.51570756595922,-0.0011137982715517,-0.044373341806947,-0.0389370164794818,13.8275644823002,-5.8924391532983,-0.489377026603369,6.66244312123391,13.4741703275609,-0.469525507143155,7.1676466250929,-5.99662683420211,-2.81,0.146216767212934,0.0725436757153177,15.0625793016874,19.6174665425112,0.169772518720667,1.1105286539556,172.289993286133,41.4228318789107,89.8106854601648,-172.289993286133,1.12556278705597,15.1700000762939,11,16.0249996185303,40.7000007629395,991.380310319428
7.275,-0.017673363099723,-0.030185706913786,0.497399105222371,0.571098455043356,-0.0536353621259583,-9.6678949953275,0.0200548983616185,-0.0491599698178811,-0.027942664884065,-0.0546670236534244,0.0208841638445855,1.5151410139101,0.011050311836556,-0.0558656058272676,-0.0276217041852078,13.8321114193005,-5.90840531323221,-0.494894445517284,6.68650965905101,13.4744330023716,-0.460134781987366,7.16759450214082,-5.99552332402065,-2.81,0.14545783847107,0.0719651480981944,15.07021350127,19.6171483279476,0.169772518720667,1.1105286539556,172.289993286133,41.4228318789107,89.8106854601648,-172.289993286133,1.12556278705597,15.1700000762939,11,16.0249996185303,40.7000007629395,991.379965366461
7.3,-0.0198671026985202,-0.0295164358139549,0.497237243217943,0.500169957684506,-0.312837217208642,-9.13516346908961,0.0364784761261574,-0.0524904484572439,-0.0150137393698238,-0.0545443494084907,0.0201062387944548,1.51468577073912,0.0342599022928449,-0.0635419954576014,-0.0182261467988376,13.8372647064158,-5.92419163467639,-0.495630213083649,6.70870827309851,13.4759878334457,-0.450084000154067,7.16756832267233,-5.99485641163097,-2.81,0.145135952132774,0.0713123113574387,15.0758647918701,19.6187036189311,0.169772518720667,1.1105286539556,172.289993286133,41.4228318789107,89.8106854601648,-172.289993286133,1.12556278705597,15.1700000762939,11,16.0249996185303,40.7000007629395,991.379620413495
7.325,-0.0200616082373674,-0.029687990052699,0.497075377739703,0.495742807443517,-0.190256729774029,-8.72504701742581,-0.0231295282894267,-0.0614673293696733,0.00146630748079845,-0.053582586870522,0.0182627688657737,1.51466915118166,0.000344297750208377,-0.0591740225967774,-0.00286247776627684,13.8315354721151,-5.90633947781987,-0.522697794545375,6.69210267572265,13.4712757064388,-0.458175890627563,7.16754652168467,-5.99426318383565,-2.81,0.142903032777927,0.0724393775195634,15.0758647918701,19.6128612849037,0.169772518720667,1.1105286539556,172.289993286133,41.4228318789107,89.8106854601648,-172.289993286133,1.12556278705597,15.1700000762939,10.8497428894043,16.0456600189209,40.7000007629395,991.379275460529
7.35,-0.0211723377972714,-0.0307987196126031,0.497066527223233,0.409922919796447,-0.0914365189722658,-8.7191246453371,0.0138199356649148,-0.054867337516828,0.00932357261750225,-0.0542044431586573,0.0173618554169296,1.51495242104349,-0.00721843895360927,-0.05587385871668,0.00670273215519597,13.8392089548207,-5.93161309136388,-0.502652689577429,6.7130010187451,13.4803172659591,-0.420787141654727,7.16752472069701,-5.99366995604032,-2.81,0.143806086510342,0.0709274382614105,15.0786293103145,19.6252670860988,0.169772754675757,1.11052870454777,172.307037353516,41.7459564916791,90.4809799187847,-172.307037353516,1.12326693534851,15.2065391540527,10.7600002288818,16.0580005645752,40.7000007629395,991.384044940655
7.375,-0.0213306837450935,-0.0280856566125991,0.49719103789968,0.44275758955673,-0.111910793947769,-8.84130249620983,-0.00250165893074196,-0.0241999511205187,0.0197110392303366,-0.0537211541691455,0.0169611277296905,1.5154478938746,0.0164871117096804,-0.029304177290635,0.0157872989664173,13.8382739640268,-5.92947996565876,-0.500438840887315,6.70394458611211,13.4829916259312,-0.416006972881049,7.16750291970936,-5.993076728245,-2.81,0.143597628694931,0.0709696478303523,15.090455305882,19.6281259288574,0.169772992700627,1.11052875558373,172.324249267578,42.0719155309998,91.1571541533581,-172.324249267578,1.1209511756897,15.2433967590332,10.7600002288818,16.0580005645752,40.7000007629395,991.38885928423
7.4,-0.0224451560992614,-0.0269841391135447,0.497315548576127,0.449443603949127,0.0262464761694533,-9.18521037768396,0.0477483131799983,0.00539358747722439,0.0274620449226256,-0.0524279146683164,0.0174067273333805,1.51607772816078,0.0262940157924052,0.0208072996182185,0.0280673948893091,13.8427378790594,-5.94961288490913,-0.482204724566255,6.71457804542833,13.4906483171621,-0.410678121551243,7.16745989658172,-5.99202747682255,-2.81,0.144108617438997,0.0699428893776493,15.0998239517212,19.6350834869888,0.169773230725498,1.1105288066197,172.341461181641,42.3978745703205,91.8333283879314,-172.341461181641,1.11863529682159,15.2802562713623,10.7600002288818,16.0580005645752,40.7000007629395,991.393673627804
7.425,-0.021801226897277,-0.0276280683155291,0.497440060145628,0.563170836765744,-0.10731631878443,-9.47110694587889,0.0724543607667552,0.0174708340872391,0.0370238772692741,-0.0512576036309584,0.0171803991251952,1.5169756663167,0.0749056597409397,0.00990400550974474,0.03425239888282,13.8362702416902,-5.98835342226465,-0.422861521799524,6.73756394695494,13.4893314028448,-0.353175795557155,7.16741296529946,-5.99089424655311,-2.81,0.146602891799356,0.067888786057138,15.0998239517212,19.6392450644511,0.169773468750369,1.11052885765566,172.358657836914,42.7238336096412,92.5095026225048,-172.358657836914,1.1163192987442,15.3171148300171,11.2169227600098,16.0148468017578,40.7000007629395,991.398487971379
7.45,-0.020538675493365,-0.0301650573086966,0.497564569929022,0.622437458438616,0.0345117040129745,-9.54911607802948,0.0707800089780127,0.00625967349290231,0.0445151228881117,-0.0484778458864896,0.0177003202712586,1.51806680571101,0.0777959569138529,0.0148938018111357,0.043254727852372,13.8324180930004,-6.01914703661111,-0.404289862328779,6.75210378574467,13.4911474189493,-0.35694177032099,7.16736603401721,-5.98976101628367,-2.81,0.146636577150524,0.0664578467543469,15.103211195041,19.6391377324711,0.169773487378402,1.11052886164978,172.360000610352,42.7493434471927,92.5624206060074,-172.360000610352,1.11613810062408,15.3199996948242,11.4799995422363,15.9899997711182,40.6977348327637,991.398892394498
7.475,-0.0206907200160835,-0.0312741895340199,0.497689080306359,0.614681458605798,-0.0837762953766002,-9.43480302218076,0.0937103777525708,0.000521242575659981,0.046784493664683,-0.0467307018057229,0.017887668212654,1.5192372862635,0.0711807395267075,0.00847831215581918,0.0467435335174583,13.8307159997016,-6.0404926476143,-0.37853360259277,6.75611935109336,13.496537655709,-0.343317346467698,7.16731910273495,-5.98862778601424,-2.81,0.147294007210503,0.0652971105392792,15.1218410332998,19.6449810598105,0.169773487378402,1.11052886164978,172.360000610352,42.7493434471927,92.5624206060074,-172.360000610352,1.11613810062408,15.3199996948242,11.4799995422363,15.9899997711182,40.6952781677246,991.398922390408
7.5,-0.0198953929013171,-0.0333373238174352,0.497813590690489,0.616045212888027,-0.153515749181124,-9.29864211667854,0.0343395403721085,-0.00153253695994058,0.0527212694217833,-0.0454821247382871,0.0174878909537248,1.52044162966926,0.0608839653459699,-0.0023799707953368,0.0485960491069866,13.8251305309638,-6.0277290427869,-0.377043088434994,6.72665361599136,13.4997583492196,-0.34433812616099,7.16729896210295,-5.98796048420014,-2.81,0.146758274203139,0.0658025006904915,15.1375675201416,19.648023873346,0.169773487378402,1.11052886164978,172.360000610352,42.7493434471927,92.5624206060074,-172.360000610352,1.11613810062408,15.3199996948242,11.4799995422363,15.9899997711182,40.6928176879883,991.398952386318
7.525,-0.0200547030795962,-0.0338172927585183,0.497938102851103,0.656489370884459,0.0217440990375141,-9.38382740259858,0.0377478709993402,-0.0174591157891352,0.0534713198925987,-0.0440574232265507,0.017761231816119,1.5219141458386,0.0280769591529309,-0.00457154517779699,0.0533123305387916,13.8206926219335,-6.0816013858251,-0.349131533027055,6.75894089331346,13.5029442193516,-0.326386585455731,7.16728261084431,-5.98735908511157,-2.81,0.147669059928178,0.0628488648639362,15.1375675201416,19.6521500465254,0.169773487378402,1.11052886164978,172.360000610352,42.7493434471927,92.5624206060074,-172.360000610352,1.11613810062408,15.3199996948242,11.7436962127686,16.0150833129883,40.6903610229492,991.398982382228
7.55,-0.0198886939862757,-0.035879637069774,0.498062613822236,0.663807818302811,-0.139080920643343,-9.3618381926968,0.027481834674612,-0.0473275315249951,0.0571553925462155,-0.0440439076588406,0.0169836241155627,1.52308730529983,0.0251235088434616,-0.0411984680628933,0.0539149725311873,13.8094005112799,-6.09389402160852,-0.342329470614776,6.7545409616663,13.4993876612557,-0.308197115974891,7.16726625958566,-5.986757686023,-2.81,0.147787385506706,0.0619002624379701,15.1389974202865,19.6504254492703,0.169773690582463,1.11052890623772,172.370468139648,43.0341199381887,93.139676880078,-172.370468139648,1.11511468887329,15.3325634002686,11.8900003433228,16.0289993286133,40.689998626709,991.393529386602
7.575,-0.0202135859452579,-0.0346011456578206,0.498187124199596,0.637220817835696,0.0387087606299506,-9.0632886285876,0.0223314582066198,-0.069164325881512,0.0596733470580594,-0.0439142469711912,0.0158769316878978,1.52378406344116,0.021086247747523,-0.0611425895768111,0.053567995210596,13.7919503412319,-6.10373413131608,-0.346336947334044,6.75431182569793,13.4864552328436,-0.297003123942298,7.16724990832701,-5.98615628693443,-2.81,0.147292789510926,0.0612685488875892,15.1500076514024,19.6384385977947,0.169773929036207,1.1105289585603,172.382751464844,43.3682964344035,93.8170694465772,-172.382751464844,1.11391389369965,15.3473072052002,11.8900003433228,16.0289993286133,40.689998626709,991.387125259791
7.6,-0.0205335513722875,-0.0339698030891627,0.498311633391558,0.600675612010914,0.00501480655775161,-9.03207063269384,0.0551674694840198,-0.0766176409822219,0.062839780944239,-0.0415240927213601,0.0136680625662084,1.52639703486944,0.0372879479046912,-0.0723613299423757,0.0625487355666373,13.8015514645692,-6.13654742601592,-0.341402180669105,6.75184200966015,13.512719965806,-0.274993076561285,7.16721336819339,-5.98512518549383,-2.81,0.145762845164452,0.0591710846871427,15.1598739624023,19.6663356782965,0.169774167489951,1.11052901088289,172.395050048828,43.7024729277819,94.4944620129977,-172.395050048828,1.112713098526,15.3620510101318,11.8900003433228,16.0289993286133,40.689998626709,991.380721132979
7.625,-0.0229133083290862,-0.0341317358603138,0.498436144369698,0.576467074655008,0.110180082908565,-8.92062927297303,0.0691898249404623,-0.067781121144376,0.0656107583254287,-0.0400686870954532,0.0112801570184375,1.52801787788339,0.0710763938257963,-0.0718349873879294,0.0605179382994631,13.787329811392,-6.18100644118291,-0.336546990841615,6.77340457334117,13.508143035976,-0.24419262179576,7.16717182178469,-5.98398752991475,-2.81,0.144756722883441,0.0567041073057005,15.1598739624023,19.6642206595056,0.169774405943696,1.11052906320547,172.407318115234,44.0366494211603,95.171854579497,-172.407318115234,1.11151218414307,15.3767948150635,11.7922439575195,16.023136138916,40.689998626709,991.374317006168
7.65,-0.0252905561047103,-0.0368220729854749,0.498560655340598,0.59914247673436,0.0947039927779526,-8.8844913772248,0.104873667162187,-0.0521446065192455,0.0642165736201999,-0.0367873595322047,0.0103765888118522,1.52953000731661,0.100975121071783,-0.0390019994930788,0.0636782829642946,13.794493684838,-6.21547035776952,-0.32134544340879,6.78680215394239,13.5243177667426,-0.235661093011336,7.16713027537598,-5.98284987433567,-2.81,0.143902983362273,0.0550000659601091,15.161015693958,19.6799761093635,0.169774457781466,1.11052907457995,172.410003662109,44.1092964857398,95.3191138330872,-172.410003662109,1.11125111579895,15.3800001144409,11.7399997711182,16.0200004577637,40.689998626709,991.374462421124
7.675,-0.0257557865869688,-0.0404790226700324,0.498685165717748,0.574449959021542,0.0569327467838527,-8.98912587078964,0.089987612871978,-0.0338285799507642,0.0642079917051961,-0.0345345075498677,0.00974812792195204,1.53109342113811,0.0999228717553837,-0.0253171704331865,0.0620669660985166,13.7972853779612,-6.23172660938431,-0.304909303305091,6.78121011825181,13.5372619114705,-0.224051981965743,7.16708872896727,-5.9817122187566,-2.81,0.143603581070998,0.0540445208877134,15.1756679155888,19.6933080144159,0.169774457781466,1.11052907457995,172.410003662109,44.1092964857398,95.3191138330872,-172.410003662109,1.11125111579895,15.3800001144409,11.7399997711182,16.0200004577637,40.689998626709,991.376427153237
7.7,-0.0255924400970092,-0.044121769814176,0.498809676102176,0.560526791204384,0.140678674277981,-9.11497999601776,0.089846112924669,-0.0159503266419977,0.0615229457694661,-0.0324918872031881,0.00876747915271023,1.53258071144455,0.106820824674116,-0.017068689240822,0.0571869344024707,13.796641758222,-6.24530138422902,-0.286628786459878,6.77382280194789,13.5464664681116,-0.20454858086193,7.16707109657741,-5.9810001546124,-2.81,0.14339390742757,0.0532233451175617,15.1895589828491,19.7044404645328,0.169774457781466,1.11052907457995,172.410003662109,44.1092964857398,95.3191138330872,-172.410003662109,1.11125111579895,15.3800001144409,11.7399997711182,16.0200004577637,40.689998626709,991.37839188535
7.725,-0.0257513286583942,-0.044922331228019,0.498934186477019,0.61075814862162,0.101681069661509,-9.21868304093336,0.107433162963642,-0.0106331876327227,0.0582749052312374,-0.0302923857303177,0.00900321917266527,1.53356591389627,0.107832814309908,0.00227824092092727,0.0587888266294632,13.8022644141694,-6.27609610404894,-0.253316678541573,6.79024000459151,13.5577869487887,-0.187372187986406,7.16705793467341,-5.98036765051643,-2.81,0.144239082108908,0.0516812678678809,15.1895589828491,19.7169889572198,0.169774457781466,1.11052907457995,172.410003662109,44.1092964857398,95.3191138330872,-172.410003662109,1.11125111579895,15.3800001144409,11.7664098739624,16.0186805725098,40.689998626709,991.380356617463
7.75,-0.0259010431706308,-0.0488894442716452,0.49905869923145,0.618971264418371,0.132288542961503,-9.20810811406816,0.0967654890851968,-0.0054631838760328,0.0557125259093116,-0.0278894898043682,0.00912245016511636,1.53545114929091,0.0926646540219241,-0.0075221342311737,0.0550470747772742,13.7948241846132,-6.30226815065757,-0.213316354232432,6.78927399368794,13.5624608554804,-0.163328430954664,7.16704477276941,-5.97973514642047,-2.81,0.145352387130998,0.0501589539738913,15.1896852835631,19.7242238309301,0.169774628420965,1.11052911249984,172.422271728516,44.3514851241804,95.803861632114,-172.422271728516,1.11106765270233,15.3870077133179,11.7799997329712,16.0179996490479,40.689998626709,991.382128854083
7.775,-0.0260590619068905,-0.0509476401253681,0.499183209021869,0.612723185886047,0.192846104602455,-9.53794661448543,0.122741848022246,0.0121791843895126,0.0515985969679199,-0.026518787913885,0.00864371401958039,1.53607900062642,0.11917529436179,-0.0102432350647114,0.0497364698600746,13.7944331539093,-6.31492988130058,-0.2011130671149,6.793016693908,13.5660141186896,-0.152830091866481,7.16703161086542,-5.9791026423245,-2.81,0.145286588972971,0.0495380457498265,15.1945478610503,19.7284573213536,0.169774867732456,1.11052916568017,172.439468383789,44.6911399216822,96.4836908625439,-172.439468383789,1.11081027984619,15.3968372344971,11.7799997329712,16.0179996490479,40.689998626709,991.383823623005
7.8,-0.0262162276155532,-0.0511109325287151,0.499307719394717,0.585402969589856,0.073954777783612,-9.57955700372059,0.099597427622277,0.0368077500450023,0.0471311716422199,-0.0212120715251128,0.0105554706098932,1.5382237003412,0.0878246313664897,0.0462347311721224,0.0483609060109936,13.8054880856901,-6.33313023254964,-0.185896322177784,6.78184648096167,13.5905206131172,-0.197243611478549,7.166998472608,-5.97807138910598,-2.81,0.144498380929119,0.0487489042576453,15.1994104385376,19.746002910764,0.169775107043948,1.1105292188605,172.456665039062,45.0307947191839,97.1635200929739,-172.456665039062,1.11055302619934,15.4066677093506,11.7799997329712,16.0179996490479,40.689998626709,991.385518391927
7.825,-0.0255707760483809,-0.0549242567445279,0.499432229781279,0.652010165538279,0.189837789653954,-9.72312083929583,0.0655205670673437,0.0444222997897324,0.0411109507543823,-0.0200351092987918,0.0110946910119856,1.53926520029056,0.0786321113063451,0.0392839263333021,0.0387296726654327,13.8032974693234,-6.3391672207291,-0.120174993675012,6.7722880072709,13.5957793929461,-0.146294063507164,7.1669600167596,-5.97693399115259,-2.81,0.147494962928417,0.048285716810909,15.1994104385376,19.7570798583004,0.16977534635544,1.11052927204083,172.473861694336,45.3704495181038,97.843349323325,-172.473861694336,1.11029577255249,15.4164953231812,11.7465591430664,16.0233497619629,40.689998626709,991.387213160849
7.85,-0.0236644528885486,-0.0587278287091233,0.499556741937035,0.635995473313352,0.29395044619678,-9.61020390811366,0.0877325136128548,0.0305389255090782,0.0370664826896305,-0.0170694861988287,0.0121254085265216,1.54016419775704,0.0901143143456557,0.0422233854633437,0.0352019984859141,13.8049688864905,-6.35820071034487,-0.0886958772845453,6.77859103326698,13.6029659703729,-0.147545251495396,7.16692156091121,-5.9757965931992,-2.81,0.148250786150203,0.0474889566819745,15.1994104385376,19.7627783827899,0.169775431675189,1.11052929100077,172.479995727539,45.491543835906,98.0857232228778,-172.479995727539,1.11020398139954,15.4200000762939,11.7299995422363,16.0259990692139,40.6884155273438,991.385723146618
7.875,-0.0236583827164133,-0.0625413188269511,0.499681251129766,0.623673130163053,0.221501319922578,-9.60480339837013,0.0439371000858201,0.0264040123657959,0.0323023378273795,-0.0156397961045645,0.013180093502412,1.54096055925875,0.0781354485777571,0.045660204414093,0.0289020214542354,13.8108003120727,-6.35275570660752,-0.0761575454445647,6.76231034510961,13.6142368507944,-0.158820862619308,7.16688310506281,-5.97465919524581,-2.81,0.148601431865251,0.0477199391020612,15.2033159182622,19.7716281130096,0.169775431675189,1.11052929100077,172.479995727539,45.491543835906,98.0857232228778,-172.479995727539,1.11020398139954,15.4200000762939,11.7299995422363,16.0259990692139,40.6859588623047,991.38246859037
7.9,-0.0223824968592527,-0.0663488205816625,0.499805761513679,0.621848348678664,0.304598842540727,-10.0003194850975,0.0560734060801466,0.0479102185587652,0.0206696176626387,-0.0148362846121259,0.0139134855498341,1.54164684430436,0.0718298269136578,0.0495245830783596,0.0184658778765531,13.8156646634739,-6.35767211198114,-0.0559626978361499,6.7577407944324,13.6236920061473,-0.153857328308385,7.16686501150941,-5.9739582189732,-2.81,0.149475672776165,0.0473650173635735,15.2073255441128,19.7810609134987,0.169775431675189,1.11052929100077,172.479995727539,45.491543835906,98.0857232228778,-172.479995727539,1.11020398139954,15.4200000762939,11.7299995422363,16.0259990692139,40.6835021972656,991.379214034121
7.925,-0.0222222472562666,-0.0665090701846486,0.499930272781517,0.698405195615802,0.114731982912875,-10.1332817837788,0.046419628151937,0.0555067876993129,0.0115406684560727,-0.012873605253598,0.015837643528596,1.54208064968426,0.0548970379047794,0.0669001901583699,0.012503784705978,13.824700818018,-6.35949382900052,-0.0166463190932311,6.75347043668983,13.6357176762858,-0.153727297923569,7.16685104246291,-5.97334564257084,-2.81,0.151231222501712,0.047407241002319,15.2075338363647,19.7924741362962,0.169775431675189,1.11052929100077,172.479995727539,45.491543835906,98.0857232228778,-172.479995727539,1.11020398139954,15.4200000762939,11.7841882705688,16.0036468505859,40.6810455322266,991.375959477873
7.95,-0.0207873665988708,-0.0685807139373485,0.500054783460804,0.701282678948577,0.206647194697389,-9.47576482504929,0.0256750674686481,0.0105273340175109,0.00716749134520261,-0.0128951563052641,0.0160559396043276,1.54238208244331,0.0326674364084773,0.00171061913059535,0.00458158070296605,13.8128809008932,-6.34283377672906,-2.62566841674385e-06,6.73216282561995,13.6266505345843,-0.139992853873102,7.16683707341641,-5.97273306616847,-2.81,0.152217018423416,0.0481740909285131,15.2075338363647,19.7851893443435,0.169775431675189,1.11052929100077,172.479995727539,45.491543835906,98.0857232228778,-172.479995727539,1.11020398139954,15.4200000762939,11.8100004196167,15.9930000305176,40.6800003051758,991.376561091496
7.975,-0.0203149242508721,-0.0696842003586919,0.500179295321837,0.589786635825424,0.129093758336823,-8.47521736645905,0.0741190339809762,-0.0572241750138188,0.00454478760291534,-0.0118405466021565,0.0152739597632065,1.54250466508273,0.0251947868115587,-0.0270803197564716,0.0027817231819625,13.7945724948086,-6.35261182685799,0.0142693792310966,6.73966807017829,13.609125327756,-0.121214973088017,7.16682310436991,-5.97212048976611,-2.81,0.152442991530896,0.0478420561959714,15.2119745413462,19.7696032866218,0.169775431675189,1.11052929100077,172.479995727539,45.491543835906,98.0857232228778,-172.479995727539,1.11020398139954,15.4200000762939,11.8100004196167,15.9930000305176,40.6800003051758,991.380025619116
8,-0.0223744117960257,-0.0714281343194842,0.500303805402554,0.429168932103253,-0.0131057524619117,-9.45848338071641,-0.0149012382056988,-0.0264565480312888,0.0054793393925258,-0.0107968777876479,0.0147692627335326,1.54267744540176,-0.01716701229925,-0.026238378790969,0.00581450096508549,13.808271673764,-6.33642729609236,-0.0155560335803628,6.72192275078232,13.6239439628498,-0.151079167859422,7.16680081948958,-5.97123268473385,-2.81,0.150305420060182,0.0487428729632019,15.2167905171712,19.7797554165267,0.169775431675189,1.11052929100077,172.479995727539,45.491543835906,98.0857232228778,-172.479995727539,1.11020398139954,15.4200000762939,11.8100004196167,15.9930000305176,40.6800003051758,991.383490146735
8.025,-0.0225343740178949,-0.0715880965413534,0.500428314594585,0.596192227731113,0.067795189775156,-10.4688611718939,-0.0391819518088831,0.0667113392892292,0.00197522516327523,-0.0125072812911442,0.0161031569271001,1.54283347438328,-0.048261319644567,0.0663484812266583,0.000418288059581436,13.8320262266292,-6.31564843879804,0.0238891954139031,6.69911566012423,13.6499236961465,-0.119866141859712,7.16677652677408,-5.97027842650749,-2.81,0.153129465062087,0.0494098488997566,15.2172908782959,19.8092871702822,0.169775431675189,1.11052929100077,172.479995727539,45.491543835906,98.0857232228778,-172.479995727539,1.11020398139954,15.4200000762939,11.7688465118408,16.006031036377,40.6800003051758,991.386954674354
8.05,-0.0220552065296244,-0.0711089290530829,0.500552824981763,0.817624952629918,0.105043699577261,-10.7743752838511,-0.0959886782292613,0.100118671344594,-0.00256623507581327,-0.0134023239935577,0.018221591015262,1.5428257489543,-0.0681851153111806,0.112011988914649,-0.000572198317256473,13.8507248879397,-6.30616157844743,0.0159419040451333,6.69026436301916,13.6684961868693,-0.151929791802282,7.16675223405859,-5.96932416828113,-2.81,0.153573519494633,0.0497117465932577,15.2172908782959,19.8226225869363,0.169775553020324,1.11052931760586,172.481231689453,45.6614665091474,98.4304370065729,-172.481231689453,1.11126387119293,15.4237174987793,11.75,16.011999130249,40.6800003051758,991.388308794071
8.075,-0.0191997457748085,-0.0720671860034041,0.500677337429854,0.87150565059944,0.112962140679225,-10.6102455870705,-0.122384297656653,-0.00180320241436175,0.00246862939863107,-0.0143848812991826,0.019508755922233,1.5428697991037,-0.0999450010849851,0.09966224651561,0.00128837510238669,13.8308162489255,-6.30521161206184,0.0210299225614418,6.68798244943237,13.6489379957345,-0.158101823969794,7.1667279413431,-5.96836991005476,-2.81,0.154740119470654,0.0496421754491224,15.2137266183511,19.8015284928361,0.169775793618437,1.11052937035732,172.483703613281,45.9983821552966,99.1139212327806,-172.483703613281,1.11336529254913,15.4310894012451,11.75,16.011999130249,40.6800003051758,991.387588892228
8.1,-0.0185629052268529,-0.0727040265513597,0.50080184632922,0.68864662748981,0.381105141710085,-9.90773405018405,-0.0444730305871356,-0.0867254940187509,0.00696683294674889,-0.0184730345414793,0.0173247415666417,1.54318653983529,-0.036807462605951,-0.0866034257249562,0.00296516968225408,13.8084207964317,-6.30658829883363,0.0358647709136154,6.68366160021539,13.6296715244457,-0.0868843692816345,7.16671255576617,-5.96784163479358,-2.81,0.156456740428759,0.0488858280586341,15.20963037931,19.7916957078083,0.169776034216549,1.11052942310877,172.486145019531,46.3352978014457,99.7974054590671,-172.486145019531,1.11546683311462,15.4384613037109,11.75,16.011999130249,40.6800003051758,991.386868990385
8.125,-0.0187083678393385,-0.0693808123194304,0.500926358789366,0.405750152103829,0.221467305197224,-9.00771749604492,0.0212797425725453,-0.0760023135994761,0.00774132272654928,-0.0174437442313541,0.0157067716534325,1.54339097749668,0.015050715074129,-0.0677429255949264,0.00793521171251931,13.8225792663954,-6.3193079201087,-0.0556093881823774,6.69568556184647,13.643380727087,-0.162480034521048,7.16669901671059,-5.967401669222,-2.81,0.150892913927865,0.0483415763432728,15.2089920043945,19.7942921529833,0.169776274814662,1.11052947586023,172.488616943359,46.6722134461767,100.480889685354,-172.488616943359,1.11756825447083,15.4458332061768,11.75,16.0175552368164,40.6800003051758,991.386149088542
8.15,-0.023332361164824,-0.0679346491116414,0.500900803417714,0.274279857061685,0.295019493635944,-8.67765959652716,0.0828562595639983,-0.00736124516499182,0.00621206730781615,-0.0165105980150921,0.0154650679675056,1.54365425852863,0.0689024428544513,-0.00932706293345891,0.00389667173956331,13.8392384672178,-6.31926079270225,-0.0263874538008563,6.69207501331489,13.6622065946908,-0.136079376017696,7.16668547765501,-5.96696170365042,-2.81,0.151800951111859,0.0483563102663089,15.2089920043945,19.8161387429747,0.169776515785708,1.11052952823876,172.48893737793,47.0067472222628,101.165433330651,-172.48893737793,1.11901712417603,15.4435892105103,11.75,16.0200004577637,40.6800003051758,991.388826549563
8.175,-0.0241209610812531,-0.0703105391578048,0.500658010554383,0.295398905949486,0.34162937514579,-9.05107951959276,0.114594435734819,0.0392894474376278,0.00335545228151003,-0.013161721273623,0.0163106976601812,1.54370675595227,0.120057932471026,0.0293927964817899,-0.000560817239867251,13.8452179533628,-6.32193905542594,0.00532718197577923,6.69400644972373,13.6685196604081,-0.137295009380459,7.16667193859944,-5.96652173807884,-2.81,0.152381724167637,0.0486962156842783,15.2008459568024,19.82174602177,0.169776757241568,1.11052958013247,172.486480712891,47.3381845657068,101.85135422079,-172.486480712891,1.11961758136749,15.4288463592529,11.75,16.0200004577637,40.6800003051758,991.395920582307
8.2,-0.0230093192581551,-0.0733258304511315,0.500415215366827,0.330703443347282,0.295164549000553,-9.57561028309521,0.170407186173724,0.0380763280393065,-0.00299424877960421,-0.00889785270082747,0.017638758353976,1.54377937617025,0.147346433640181,0.0447789896217178,-0.00240667181610606,13.8459663747263,-6.33061685057205,0.0453643433222189,6.70167313278859,13.6695578784044,-0.142538109483499,7.16664152998332,-5.96577494929273,-2.81,0.153232536217437,0.0488749811389284,15.1908896764119,19.8211463796166,0.169776998697428,1.11052963202618,172.484008789062,47.6696219091508,102.537275111007,-172.484008789062,1.12021791934967,15.4141025543213,11.75,16.0200004577637,40.6800003051758,991.403014615051
8.225,-0.0225271349864758,-0.0753947561974841,0.500172420196233,0.33436934525496,-0.0530265181210063,-9.59959608697895,0.191759351234528,0.0548868926862986,0.00185275459997037,-0.00462185261188383,0.0185911743256236,1.54382949471547,0.194673651614307,0.0471148881133826,-0.00150961675972406,13.8471682953422,-6.31736077029431,0.143194635427523,6.68772574940022,13.6726263330711,-0.0850591689277871,7.16660716655173,-5.96495623040543,-2.81,0.156842131455377,0.0501391012719227,15.1888208389282,19.8315223541183,0.169777240153288,1.11052968391989,172.481552124023,48.0010592525948,103.223196001145,-172.481552124023,1.12081837654114,15.399359703064,11.3071155548096,16.0157814025879,40.6800003051758,991.410108647795
8.25,-0.0207675947609369,-0.0838102704781752,0.499929622698195,0.411366879745804,0.106240982151848,-9.88937958065981,0.159344933241705,0.0733791340228061,0.0104103655043289,0.00114186523896659,0.0204764947299852,1.54409296184135,0.19819915065446,0.0808917246446112,0.00736747756364273,13.8487130817304,-6.30938654531949,0.187854584987613,6.67713201398143,13.6761037261653,-0.102941160288144,7.16657280312014,-5.96413751151813,-2.81,0.157526282208107,0.0513141083157347,15.1888208389282,19.8319639905415,0.169777393425268,1.11052971686111,172.479995727539,48.2114499130001,103.658606653145,-172.479995727539,1.12119948863983,15.3900003433228,11.1199998855591,16.0139999389648,40.6800003051758,991.412563226162
8.275,-0.0199616128917811,-0.0922097271484794,0.499686827522886,0.362192796986526,0.195557434082727,-10.1459747468126,0.288372405444526,0.0993053593955632,0.0116022274954131,0.00731450311133582,0.0230775531976602,1.54451774891458,0.232401198197862,0.103475853754383,0.0115457845576164,13.8532310113632,-6.33590611559222,0.265281357337356,6.69952598019368,13.6832847437009,-0.100797925867279,7.16653843968855,-5.96331879263083,-2.81,0.15987891657162,0.0507412633457776,15.1810019199665,19.8380167110931,0.169777393425268,1.11052971686111,172.479995727539,48.2114499130001,103.658606653145,-172.479995727539,1.12119948863983,15.3900003433228,11.1199998855591,16.0139999389648,40.6800003051758,991.406953990969
8.3,-0.0185239122182448,-0.0993566913189403,0.499444031179872,0.459019209996491,-0.02496344436429,-10.8800138149088,0.252068431484424,0.125341390130085,0.0182736516195323,0.0137054463680653,0.0257415802382016,1.54500358510317,0.285364776757156,0.120991869224507,0.0142729127908531,13.8563720322366,-6.31569403591726,0.291917402395086,6.67437189582582,13.6894885453951,-0.151380258279515,7.16652112026906,-5.96289092812196,-2.81,0.15964075014315,0.0525547051477909,15.1707975681012,19.8375020796798,0.169777393425268,1.11052971686111,172.479995727539,48.2114499130001,103.658606653145,-172.479995727539,1.12119948863983,15.3900003433228,11.1199998855591,16.0139999389648,40.6800003051758,991.401344755776
8.325,-0.0175660390989387,-0.102536542336929,0.499201233109291,0.599570317182437,0.0827864385425809,-11.0586397328717,0.209030376831894,0.102652689970156,0.0200667458459627,0.0197938514736631,0.0290557967929705,1.54565664456034,0.207367995310552,0.114227989426602,0.0179945451335711,13.8434972367513,-6.297496619632,0.399529755159669,6.65021695150044,13.6827945038105,-0.127485324425827,7.16650666560576,-5.96252875838594,-2.81,0.163867455878222,0.0541805788676584,15.1681470870972,19.8343430980146,0.169777393425268,1.11052971686111,172.479995727539,48.2114499130001,103.658606653145,-172.479995727539,1.12119948863983,15.3900003433228,10.6859617233276,16.0218257904053,40.6800003051758,991.395735520583
8.35,-0.0134244542791893,-0.113971717850387,0.498958439666964,0.727989248731045,-0.0790644913459312,-11.1067381604582,0.183911183941268,0.0293478736112154,0.023361766456151,0.0236929866096425,0.0295586937871847,1.54632933121403,0.173924838022254,0.0221552752571369,0.0223152677054514,13.8144902019815,-6.27315987871261,0.425484433209179,6.61761702836686,13.6588258781231,-0.131650690916128,7.16649221094247,-5.96216658864992,-2.81,0.164095505862005,0.0558371281796768,15.1681470870972,19.8105568919372,0.169777464558623,1.1105297320768,172.477813720703,48.3086302478806,103.860680250432,-172.477813720703,1.12125027179718,15.3958120346069,10.5100002288818,16.0249996185303,40.679271697998,991.390667255108
8.375,-0.0140415098737784,-0.119690324478981,0.498715643909157,0.722126990251745,0.118170371266014,-11.1153215017387,0.087487165556999,-0.0449227700149738,0.0286801521519891,0.0261553586581336,0.0283114748083716,1.54687817564078,0.122997451063572,-0.0448245801410287,0.0234411975268146,13.7920021461617,-6.24565268368066,0.397553612182918,6.58199869351674,13.6395883712383,-0.156434590744718,7.16647775627918,-5.96180441891391,-2.81,0.161572426955251,0.0574681820500204,15.1519461167164,19.7888257476242,0.169777705156736,1.11052978354164,172.470443725586,48.6373284385538,104.544164476718,-172.470443725586,1.12142181396484,15.415470123291,10.5100002288818,16.0249996185303,40.676815032959,991.386887770433
8.4,-0.0165708491688715,-0.124126007674126,0.498472848151349,0.580617337256643,0.150525680063601,-11.0451016815587,0.0831265502109871,-0.0920789568835522,0.0253579989544242,0.0277286913543291,0.0269036090155558,1.54739818105465,0.0629458968787584,-0.0964634573985535,0.0224802046372028,13.7859005732613,-6.24852134645872,0.388220768261988,6.57772369833979,13.6365308968251,-0.15609306883696,7.16644162472171,-5.96093109706232,-2.81,0.160124123164178,0.057388377171737,15.1292647581834,19.7851036741782,0.169777945754848,1.11052983500648,172.463073730469,48.9660266292271,105.227648703005,-172.463073730469,1.12159335613251,15.4351291656494,10.5100002288818,16.0249996185303,40.6743583679199,991.383108285757
8.425,-0.0173204873027464,-0.124282809696967,0.498230052393541,0.504352827088246,0.0854115305314897,-10.7046073667275,-0.0171977110007573,-0.110908711981863,0.0240564293724037,0.0288350086398285,0.023403592529971,1.54782343519474,0.00911869004926481,-0.110048327190746,0.0204734955636703,13.7768265694817,-6.19203162390992,0.26737701339028,6.51195787435033,13.629141399695,-0.233678784178749,7.16640090386471,-5.95994955720922,-2.81,0.152647325437498,0.060296197165958,15.1221952438354,19.7686168257629,0.169778186352961,1.11052988647131,172.455688476562,49.2947248199003,105.911132929291,-172.455688476562,1.12176489830017,15.4547872543335,10.2003631591797,16.0271606445312,40.6718978881836,991.379328801082
8.45,-0.0210224151689563,-0.125399727388533,0.497987254320253,0.507494115340861,0.108167389944387,-10.3094369488639,-0.0883867088240815,-0.13048527525045,0.0202224969751294,0.0260930972554842,0.0207620670203293,1.54808209185346,-0.106300897312068,-0.123371504621634,0.0170637243512656,13.7761034459485,-6.17192376923555,0.202649249253432,6.48635594758282,13.6301931104764,-0.244454857446321,7.1663601830077,-5.95896801735612,-2.81,0.149602406690205,0.0608363771453696,15.1221952438354,19.7681476454134,0.169778372554979,1.11052992630062,172.449996948242,49.5491086370917,106.440090286962,-172.449996948242,1.12189769744873,15.4700002670288,10.0799999237061,16.0279998779297,40.6699981689453,991.378177218967
8.475,-0.023716667405507,-0.128416762090504,0.497744459144801,0.608169404331937,0.227920731393445,-10.3681745009851,-0.172091339974184,-0.159530523922066,0.0132204478514918,0.0220974233211924,0.0173835054652744,1.54822609458618,-0.152568595699936,-0.147196858748186,0.013089824774252,13.7702047133957,-6.13389250066151,0.133761729085765,6.44451054777154,13.6261216197661,-0.241165216543566,7.16631946215069,-5.95798647750302,-2.81,0.146623818966952,0.0621489476852083,15.1233107860272,19.7650502205052,0.169778372554979,1.11052992630062,172.449996948242,49.5491086370917,106.440090286962,-172.449996948242,1.12189769744873,15.4700002670288,10.0799999237061,16.0279998779297,40.6699981689453,991.386021149464
8.5,-0.0273708536357713,-0.123483015068929,0.497501663958283,0.567123193333566,-0.0265045505784775,-10.076706891445,-0.156043132118621,-0.173269112355304,0.0147718918003757,0.0189329182745516,0.01387932920435,1.54837911227149,-0.177544613120409,-0.147742977395745,0.0100829398979905,13.7596317712597,-6.12772934137334,0.0921636490367257,6.43522580481686,13.6171489443251,-0.214827766068799,7.16629479506933,-5.95747117381695,-2.81,0.14469434909991,0.0619701614908567,15.1249950360029,19.7594315090756,0.169778372554979,1.11052992630062,172.449996948242,49.5491086370917,106.440090286962,-172.449996948242,1.12189769744873,15.4700002670288,10.0799999237061,16.0279998779297,40.6699981689453,991.393865079961
8.525,-0.0283364548501814,-0.121876404940739,0.497258868786418,0.457440831623464,0.05901774497101,-8.74913534041789,-0.176106045741264,-0.219497975917743,0.0222375934419544,0.0137268485760472,0.00660860445642653,1.54858826400904,-0.170956911843711,-0.231851848234601,0.0217940805817609,13.7534887990222,-6.10177366733264,-0.0776112003711034,6.40401214748054,13.6132699825103,-0.252246563528918,7.16627217155351,-5.9570152196687,-2.81,0.135872541175493,0.0624879183325142,15.1256074905396,19.7514355397451,0.169778372554979,1.11052992630062,172.449996948242,49.5491086370917,106.440090286962,-172.449996948242,1.12189769744873,15.4700002670288,9.69382476806641,16.078275680542,40.6699981689453,991.401709010458
8.55,-0.0337450196655112,-0.115210101426407,0.497021784421346,0.29924371572262,-0.131254395195305,-8.17399748734259,-0.210279103303809,-0.281594540665448,0.0250931324296735,0.010049688616698,0.00148406677904519,1.54893949024683,-0.208873345277495,-0.256797061528979,0.0259776626713581,13.7414901849037,-6.09928092707866,-0.16065389304056,6.39621613465178,13.6046052334743,-0.242333659906928,7.16624954803769,-5.95655926552045,-2.81,0.131531442646158,0.0620026530988469,15.1256074905396,19.7439868934445,0.169778410415198,1.11052993442312,172.449234008789,49.6009857861551,106.547642512942,-172.449234008789,1.12194466590881,15.473461151123,9.55000019073486,16.0970001220703,40.6699981689453,991.406818096454
8.575,-0.0400919737546676,-0.115213754773833,0.500092621628569,0.128566661686709,-0.341343026596786,-8.1673158213512,-0.335111664756326,-0.264380199929436,0.0307737355692916,0.00555729413141047,-0.0012468462441758,1.54912767417353,-0.271920515024546,-0.28544792243638,0.0228808729918763,13.7545588661674,-6.06481171958835,-0.245010356008204,6.35995980416195,13.6202921541879,-0.261560309457922,7.16622692452187,-5.95610331137219,-2.81,0.128003007157739,0.0630159125464523,15.1259034352425,19.7580330739096,0.169778652299931,1.11052998631683,172.444305419922,49.9324231281809,107.234781735164,-172.444305419922,1.1222448348999,15.4955768585205,9.55000019073486,16.0970001220703,40.6699981689453,991.397189409305
8.6,-0.0413583108206834,-0.115825022178931,0.497406439392002,0.134032973804341,-0.0386237519910018,-8.1388162176086,-0.495981881041662,-0.156738480638642,0.0474583432760047,-0.010851828837957,-0.00945743789070103,1.55069031540532,-0.518221148184813,-0.125524946443347,0.0478314661867548,13.764841295581,-6.01617786175541,-0.369717193793532,6.29540184459321,13.6432952887193,-0.174218368997585,7.16619587139311,-5.95544004334625,-2.81,0.125054666831942,0.0625828183190961,15.1263882808196,19.7943439815468,0.169778894184665,1.11053003821054,172.439392089844,50.2638604716249,107.921920957307,-172.439392089844,1.12254512310028,15.517692565918,9.55000019073486,16.0970001220703,40.6699981689453,991.387560722156
8.625,-0.0456621866626977,-0.101676412272696,0.494169155447888,0.133781425019838,0.00919970793386249,-8.04459524112188,-0.462463826940817,-0.0690865664643197,0.0569256637094424,-0.0190361629488269,-0.0108770585179131,1.55177744710394,-0.487937313508926,-0.0779733480178212,0.0572361694851205,13.7837820072177,-6.03582792971517,-0.418973388370179,6.30380032947995,13.6688613205335,-0.154063382609357,7.16613518838031,-5.95404807209264,-2.81,0.12494668030535,0.0600061433624718,15.1265897750854,19.8206002370182,0.169779136069398,1.11053009010425,172.434478759766,50.5952978150689,108.609060179451,-172.434478759766,1.12284529209137,15.5398082733154,9.01923084259033,16.0881538391113,40.6699981689453,991.377932035006
8.65,-0.047112821711129,-0.0859917466324901,0.490931871622052,0.102669487236217,0.0304771029890872,-7.95528954779533,-0.472633149090678,-0.0378387649707628,0.0638143974271114,-0.0271858634741188,-0.0122693585558259,1.55286237595315,-0.45655243809962,-0.0309024679931492,0.0665737951566864,13.7893178426525,-6.0448233189788,-0.474817916623143,6.30185600475355,13.681276349627,-0.141123767665385,7.16607450536751,-5.95265610083904,-2.81,0.12457338924396,0.0580018817843986,15.1265897750854,19.8333324842243,0.169779356920677,1.11053013748546,172.429992675781,50.8979145198292,109.236448164886,-172.429992675781,1.12311935424805,15.5600004196167,8.82999992370605,16.0849990844727,40.6699981689453,991.369589259482
8.675,-0.047610854708601,-0.0730981967615248,0.487694603235585,-0.0108153032149954,0.0434760443859841,-8.02426414287751,-0.486635958002863,-0.0305230405468818,0.0706806748925753,-0.0408046546139059,-0.0115807165497683,1.55451169475246,-0.506891746666379,-0.0217346636243649,0.0644477372545064,13.7747580301433,-6.07927668443707,-0.550751906696309,6.32022388122109,13.6762305032491,-0.142761237407664,7.16601382235471,-5.95126412958543,-2.81,0.125877329947218,0.0537325679736239,15.1249644389519,19.825944335722,0.169779356920677,1.11053013748546,172.429992675781,50.8979145198292,109.236448164886,-172.429992675781,1.12311935424805,15.5600004196167,8.82999992370605,16.0849990844727,40.6699981689453,991.374748556023
8.7,-0.0477721230857137,-0.0700987919211151,0.485652340495154,-0.0727464803983788,0.400958506959845,-8.23343828120741,-0.460698300163454,0.0240066660627284,0.0746277802238697,-0.0582821735969404,-0.0109679961456486,1.55757395027839,-0.509319879418704,0.050590178106257,0.074819194122544,13.7691576687002,-6.08052819953915,-0.597778438026639,6.28657026637225,13.6890656643897,-0.0915460205496166,7.16597966666457,-5.95059038546353,-2.81,0.129774629879997,0.0499681098102019,15.1220539533175,19.8463962141304,0.169779356920677,1.11053013748546,172.429992675781,50.8979145198292,109.236448164886,-172.429992675781,1.12311935424805,15.5600004196167,8.82999992370605,16.0849990844727,40.6699981689453,991.379907852564
8.725,-0.0466972713336958,-0.0519321885362582,0.486133982269521,-0.103099691417126,0.251621757979545,-8.87703461935213,-0.367750802818124,0.133028466650443,0.0733493383951938,-0.0621852472957849,-0.0104018685934421,1.55828181211972,-0.423005046651184,0.0685017600221143,0.0751413519101861,13.7780022863363,-6.15199270902325,-0.618707967531622,6.35050934814746,13.7013047582425,-0.091868297591835,7.16595224044325,-5.9500988416773,-2.81,0.130180031081334,0.0454966058649019,15.1206932067871,19.8552474300668,0.169779356920677,1.11053013748546,172.429992675781,50.8979145198292,109.236448164886,-172.429992675781,1.12311935424805,15.5600004196167,8.29307651519775,16.1073722839355,40.6699981689453,991.385067149105
8.75,-0.0446554999324074,-0.0345696442544747,0.487105173950796,-0.0137536606354214,0.606854349706399,-9.74845623748141,-0.299736532654105,0.214666460688385,0.0720253302105718,-0.069864419767487,-0.00477011132264193,1.56047097854783,-0.224869470422936,0.146245178923197,0.0720900761943417,13.7957969773665,-6.17647656297263,-0.597890541216736,6.34526592205528,13.7316444239541,-0.0994578575850232,7.16592481422194,-5.94960729789107,-2.81,0.135404107782176,0.0421905071905438,15.1206932067871,19.88396814174,0.169779361119909,1.11053013836558,172.430023193359,50.9035357353338,109.24837722386,-172.430023193359,1.12315511703491,15.5590171813965,8.10999965667725,16.1149997711182,40.6699981689453,991.390319041717
8.775,-0.0440241544217767,-0.0320290913326518,0.488076356334567,0.106981725381321,0.479089195909086,-10.5981012765432,-0.0923718256033642,0.228962143363907,0.061613185770272,-0.0755178109139239,0.00274001207028165,1.56267897412631,-0.063269534327675,0.23527218176561,0.0672042864072584,13.7975939994154,-6.24007296365392,-0.532347288101813,6.37424217048284,13.7460891609445,-0.0978464663691343,7.16589738800063,-5.94911575410483,-2.81,0.14281687172911,0.0372053705411681,15.1206526756287,19.8968236515076,0.169779602575769,1.11053018897267,172.432495117188,51.2267556233019,109.934298113998,-172.432495117188,1.12521374225616,15.5025005340576,8.10999965667725,16.1149997711182,40.6699981689453,991.400802612305
8.8,-0.0433995590470161,-0.0326536867074123,0.489047538270036,0.256291390556822,0.288250295452198,-11.0301035192054,-0.0422457916802878,0.221994379619215,0.0616485725202812,-0.079475744185551,0.0103170284154319,1.56394867387488,-0.0804539510996323,0.238114984674316,0.061082376118502,13.7601348004694,-6.33591770209905,-0.421108292212735,6.44342672575244,13.7164608667177,-0.0587228260124681,7.16586473346731,-5.94851759595189,-2.81,0.152283792201535,0.0312010297117338,15.1205726525722,19.8696457114955,0.169779844031629,1.11053023957976,172.434967041016,51.5499755098518,110.620219004136,-172.434967041016,1.12727236747742,15.4459838867188,8.49358940124512,16.0999565124512,40.6699981689453,991.411286182893
8.825,-0.0296078486445388,-0.0252438837569868,0.490018732708192,0.325671650523147,0.508662916469131,-11.4624427551354,0.0972688872684631,0.211469965880729,0.057295089469153,-0.0775379282559088,0.013211816312115,1.56460904010271,-0.0158094249609815,0.240154505159602,0.0578929606905327,13.74162389641,-6.36759193992993,-0.354890555988929,6.46085480172975,13.702553796163,-0.0421476547636888,7.16581707383756,-5.94761345780876,-2.81,0.155915970600256,0.0296952375140902,15.1205310821533,19.8566626480683,0.169780085487489,1.11053029018685,172.437408447266,51.8731953992381,111.306139894433,-172.437408447266,1.12933087348938,15.3894653320312,8.61999988555908,16.0949993133545,40.6699981689453,991.421769753481
8.85,-0.0262627264658547,-0.0218987615783028,0.490989898952477,0.354889429947063,0.0955251390924698,-12.3860940836039,0.140275025621558,0.214749733937421,0.0463205452930871,-0.0723013524190098,0.021113685153443,1.56631458923381,0.103719684533503,0.242463251359116,0.0471686428908526,13.7417259778918,-6.39052287642648,-0.322197759292374,6.45862391568667,13.7128168159078,-0.149863173478588,7.1657694142078,-5.94670931966563,-2.81,0.158090114854919,0.0287714042687499,15.1205310821533,19.8512808293871,0.169780326943349,1.11053034079394,172.439880371094,52.1964152872062,111.992060784492,-172.439880371094,1.13138949871063,15.3329486846924,8.61999988555908,16.0949993133545,40.6699981689453,991.432253324068
8.875,-0.0215777663502242,-0.0284505626065042,0.491961081421519,0.453735572144002,0.281994263571641,-13.1361808980301,0.0665814554191818,0.202196998121074,0.0376512766946406,-0.0693896077100073,0.0259280441352304,1.56717476138559,0.0746493285316607,0.237949602873805,0.0372301542209509,13.7327319228176,-6.39907176831204,-0.288253257951341,6.45334800511592,13.7088821624865,-0.19996219799505,7.16572175457804,-5.9458051815225,-2.81,0.160299797753977,0.0285036454754486,15.118463962506,19.8400228900464,0.169780339541046,1.11053034343431,172.440002441406,52.2132789337199,112.027847961414,-172.440002441406,1.13149690628052,15.3299999237061,8.61999988555908,16.0949993133545,40.6676712036133,991.425081301958
8.9,-0.0198994354329306,-0.0307976669485244,0.492772114985176,0.693741819045167,0.423531664988148,-13.9762584800309,0.162379925197205,0.162134023302203,0.0208838725402928,-0.0681257992982864,0.0309015549719334,1.56764090061188,0.126918658614159,0.163215681910515,0.0229943878948689,13.7171049907547,-6.46850502996178,-0.237851913711835,6.51294174832681,13.696346329217,-0.220878237792941,7.16567777661129,-5.94493843361057,-2.81,0.164034535134763,0.0250042010477034,15.113916299282,19.8219495246214,0.169780339541046,1.11053034343431,172.440002441406,52.2132789337199,112.027847961414,-172.440002441406,1.13149690628052,15.3299999237061,8.61999988555908,16.0949993133545,40.6652145385742,991.41693741236
8.925,-0.0143437159645892,-0.0350855792482169,0.493,0.856959317662233,0.257303528667327,-14.7978772273764,0.190434911628039,0.123758672698257,0.0117560485381565,-0.0660123538937474,0.0319985546493156,1.5677188020946,0.135070021313306,0.149871264976568,0.0189355637586785,13.6904771956518,-6.46842559451811,-0.25731149537556,6.51340784340148,13.6689252337564,-0.268152832589459,7.16564414161031,-5.94417672678507,-2.81,0.162894550882531,0.0253752275156316,15.1113176345825,19.7878793135033,0.169780339541046,1.11053034343431,172.440002441406,52.2132789337199,112.027847961414,-172.440002441406,1.13149690628052,15.3299999237061,9.37519264221191,16.0759296417236,40.6627578735352,991.408793522761
8.95,-0.0129062833472953,-0.0365230118655108,0.493,0.868245932564084,0.396978944184666,-14.465560433064,0.224972677929037,0.0394369664021866,0.00231922535699498,-0.0598713728020853,0.035186076911256,1.56794515832381,0.158755215214807,0.11109675398394,0.0071419483564567,13.6717559748731,-6.47776779783195,-0.242352925828105,6.51960712821386,13.6498855667849,-0.335363872809114,7.16561050660934,-5.94341501995956,-2.81,0.162648681034259,0.0258835005167405,15.1113176345825,19.7595185217003,0.169780339541046,1.11053034343431,172.440002441406,52.2132789337199,112.027847961414,-172.440002441406,1.13149690628052,15.3299999237061,9.60999965667725,16.0699996948242,40.6602973937988,991.400649633163
8.975,-0.0119436647036768,-0.0431886043313737,0.493,0.817570964472022,0.103810067705868,-13.4389794514017,0.220062930063879,-0.0872042362015604,-0.0106696932461194,-0.0534106317527392,0.0336454751831087,1.56785181720107,0.198574737995851,0.000389608095725996,-0.0071917407764526,13.6459070355602,-6.47643842436659,-0.284761652868849,6.52254072099128,13.6211025781863,-0.397680505235785,7.16557687160837,-5.94265331313406,-2.81,0.157998813045232,0.0271704518535446,15.1101498603821,19.7224066840483,0.169780551225616,1.11053038788054,172.440002441406,52.4971503131559,112.629195425571,-172.440002441406,1.13104486465454,15.3515815734863,9.60999965667725,16.0699996948242,40.6599998474121,991.400448530148
9,-0.0116223060521928,-0.0454138321725053,0.492743865991555,0.696169958929944,0.364575385441652,-12.9468826543886,0.199809238004613,-0.152100800615043,-0.0218328861811965,-0.0473476394504724,0.0297081409812917,1.56725856265471,0.165311898821997,-0.165663598585575,-0.0248423027613987,13.651003945374,-6.49008805283143,-0.480162874466003,6.55375454957108,13.6167576109134,-0.577859416939674,7.16554323660739,-5.94189160630855,-2.81,0.144817057314308,0.0277831088559092,15.1072492599487,19.6951135102712,0.169780792252602,1.11053043848763,172.440002441406,52.820370201124,113.313897983783,-172.440002441406,1.13053035736084,15.3761539459229,9.60999965667725,16.0853843688965,40.6599998474121,991.401348407452
9.025,-0.0192116295776752,-0.0574650913310444,0.491029543359048,0.584851300779746,0.154778305483583,-12.2213257487203,0.212071330826198,-0.156706993740935,-0.0344548164121083,-0.0405703549431004,0.024831718135068,1.56646883000432,0.233628496128293,-0.163680195693214,-0.0381888214449316,13.6411148859261,-6.45657457238801,-0.587056861230847,6.53399024128403,13.6006990338766,-0.663297531184094,7.16551480921437,-5.94127926366239,-2.81,0.135614912052298,0.0309550447573637,15.1054410934448,19.6696738801385,0.169781033279589,1.11053048909472,172.440002441406,53.1435900905103,113.998600541996,-172.440002441406,1.13001561164856,15.4007263183594,9.60999965667725,16.0900001525879,40.6599998474121,991.402248284756
9.05,-0.0227085973319957,-0.0615892338334831,0.488601593006035,0.45326912074334,0.22294610712744,-11.1391190971592,0.134855478907342,-0.167293712191944,-0.0468671243832524,-0.0385014662031292,0.0237058643018452,1.56581654285592,0.146631103501155,-0.144442280424588,-0.0452583660446633,13.6508883181985,-6.4465458021204,-0.649419347960573,6.53459735418228,13.6051803888692,-0.724261105758808,7.16549423041304,-5.94089203367225,-2.81,0.131349389431581,0.0320178072821285,15.1054410934448,19.6671626004013,0.169781274306575,1.11053053970181,172.440002441406,53.4668099770602,114.683303100208,-172.440002441406,1.12950098514557,15.4252986907959,9.60999965667725,16.0900001525879,40.6599998474121,991.403148162059
9.075,-0.0257187021897069,-0.066185666792772,0.486287311342786,0.345988362036884,0.214100119342878,-10.0167639634345,0.0989601788718194,-0.194367613872662,-0.060292808006465,-0.0357299696753835,0.0186985646522431,1.56446837796386,0.117749366268967,-0.170929080910434,-0.0594553962597953,13.6516453939171,-6.42219253165964,-0.682886623331237,6.52867655739421,13.5997477306732,-0.708206951581638,7.1654736516117,-5.94050480368211,-2.81,0.127164764555476,0.0341734694352289,15.0989645077632,19.6632783040866,0.169781320416085,1.11053054938316,172.440002441406,53.5286433476106,114.814289676548,-172.440002441406,1.1294025182724,15.4300003051758,9.60999965667725,16.0900001525879,40.6599998474121,991.404872796474
9.1,-0.026191982162619,-0.0663427567842424,0.485771922837497,0.156987433528571,0.307081200138008,-9.13335168981669,0.0674076363685759,-0.216777087249451,-0.0745925320131514,-0.0342557318888268,0.0118332862334431,1.56201982576011,0.0413873313179537,-0.2146531711333,-0.0789712030642784,13.6609318061633,-6.3802571461717,-0.793219839360707,6.52326003884629,13.5964533995463,-0.735846585255824,7.16544949184747,-5.94001935740115,-2.81,0.118980107210598,0.0373596715958702,15.0804942448934,19.656761876372,0.169781320416085,1.11053054938316,172.440002441406,53.5286433476106,114.814289676548,-172.440002441406,1.1294025182724,15.4300003051758,9.18222236633301,16.1001110076904,40.6599998474121,991.406792534722
9.125,-0.0285807377860015,-0.0668168565071825,0.487266039802017,0.0686388191484656,0.1825294429496,-8.64483657053027,0.00777865639680549,-0.169317091409933,-0.0805795277886827,-0.0337087042666586,0.00897750347892975,1.56098159538256,0.0477335968514124,-0.208614968776524,-0.0821345947054482,13.6754687475344,-6.33622803549422,-0.853803549595593,6.49525441131171,13.6060813441204,-0.762517064327233,7.16541855078126,-5.93934791803769,-2.81,0.114796950741471,0.0400110133661071,15.0680208206177,19.663802058293,0.169781320416085,1.11053054938316,172.440002441406,53.5286433476106,114.814289676548,-172.440002441406,1.1294025182724,15.4300003051758,9.0600004196167,16.1030006408691,40.6599998474121,991.40871227297
9.15,-0.0357126635223245,-0.0682323399423748,0.488760149714534,-0.0715789945017156,0.649986045831243,-8.00286225332476,0.033823916299442,-0.102373408701687,-0.0926677917866516,-0.0329186813057515,0.00661477749316274,1.56022720633441,0.0696301120031007,-0.197616200699945,-0.0835424837513153,13.6942676712716,-6.31765951857436,-0.874626202389142,6.48735278942263,13.621757677731,-0.756790191346862,7.16538760971505,-5.93867647867422,-2.81,0.112655135152693,0.0412940327659983,15.0680208206177,19.6795829763474,0.169781320416085,1.11053054938316,172.440002441406,53.5286433476106,114.814289676548,-172.440002441406,1.1294025182724,15.4300003051758,9.0600004196167,16.1030006408691,40.6599998474121,991.410632011218
9.175,-0.0385696519183268,-0.0710893283383771,0.490254288023383,-0.183891826292025,0.043173664792843,-7.60666514115891,0.13185777899685,-0.0374178023254637,-0.111328411285998,-0.0288983011198262,0.00279343238822914,1.55516407349793,0.127037891558486,-0.0363195136459891,-0.10594778199826,13.7204051799901,-6.34774402816113,-0.864201031442712,6.58372740411011,13.617200387334,-0.718751036493843,7.16535666864884,-5.93800503931076,-2.81,0.110642437021464,0.0419361556220639,15.062759069296,19.6753062010991,0.169781498249473,1.11053058678841,172.459991455078,53.7675450044281,115.319473669883,-172.459991455078,1.12854671478271,15.4172859191895,7.9935040473938,16.1061363220215,40.6599998474121,991.410900018154
9.2,-0.039514013062448,-0.0720460427485498,0.491748405034567,-0.191843155491823,0.260767726365195,-8.25435542145518,-0.0126873279180964,0.0556385643187067,-0.114949417132081,-0.0306244771927595,0.00458789989352226,1.55176937580109,-0.0477057434618473,0.0560976751148701,-0.119641840457916,13.7693627062539,-6.20807834168807,-0.79313963805809,6.49024335333295,13.6454406025942,-0.665844196462071,7.1653269737094,-5.93736295317915,-2.81,0.115301736258946,0.0496692205902465,15.0451436409583,19.7114011959666,0.169781738847585,1.11053063739549,172.487014770508,54.0907648923962,116.00295789617,-172.487014770508,1.12738871574402,15.4000854492188,7.69999980926514,16.1070003509521,40.6599998474121,991.410585061098
9.225,-0.0374397663768754,-0.0769505861832921,0.493242543419802,-0.208400009459746,0.285008753753848,-9.71306475022413,0.0853806480151358,0.145951151163578,-0.127220497574731,-0.0304705677410244,0.00639795817895057,1.55053353175211,-0.052169672997162,0.0768952093915567,-0.120870081176873,13.7895151722555,-6.18015998545348,-0.722747035150978,6.47735773695208,13.6573788830228,-0.62234090464337,7.16531295213644,-5.93709006219771,-2.81,0.119297215873866,0.0514139559946683,15.0323324203491,19.7282119803293,0.169781979445698,1.11053068800258,172.514038085938,54.4139847803643,116.686442122456,-172.514038085938,1.12623071670532,15.3828840255737,7.69999980926514,16.1070003509521,40.6599998474121,991.410270104042
9.25,-0.0350706748747733,-0.0726777500958723,0.494736674631326,-0.0858314467531857,0.00880108006745267,-10.2521727129276,-0.0403096972166401,0.193646455844312,-0.126522819339159,-0.0299741092200026,0.0122365785444716,1.54654712739651,-0.0665687617474846,0.143980843129451,-0.124831959826416,13.797051238446,-6.14491788574122,-0.749450094253108,6.49714800072817,13.6355790222155,-0.733734780513164,7.16529893056349,-5.93681717121628,-2.81,0.119717061246571,0.0544925080358773,15.0323324203491,19.693552134629,0.169782220043811,1.11053073860967,172.541076660156,54.7372046683324,117.369926348743,-172.541076660156,1.12507283687592,15.365683555603,6.93311977386475,16.1575984954834,40.6599998474121,991.409955146985
9.275,-0.0350706748747733,-0.0726777500958723,0.496230798718015,0.00123311115250888,0.248226248324135,-10.5439279981146,-0.0630176187252125,0.181783513590487,-0.128898526791109,-0.0294776506989809,0.0180751989099927,1.5425607230409,-0.0809678504978073,0.211066476867346,-0.128793838475958,13.7904660893249,-6.13565189588633,-0.745940678904346,6.54149700366631,13.5987473270862,-0.81393779237005,7.16528490899053,-5.93654428023484,-2.81,0.12173192760434,0.0562895695512245,15.026320940409,19.6469079977136,0.169782299545796,1.11053075533202,172.550003051758,54.8440077615013,117.595773310444,-172.550003051758,1.12469017505646,15.3599996566772,6.73000001907349,16.1709995269775,40.6599998474121,991.407099536342
9.3,-0.0350477840761199,-0.0726800752423536,0.497724922871166,-0.00650607088563262,-0.0141962178382635,-11.5085378025453,-0.109656559228973,0.15735633405591,-0.130534541240666,-0.0338274251480869,0.0222965844420162,1.53927946248225,-0.0649809562955906,0.148869365951691,-0.126493945352547,13.8311749895394,-5.99425297511908,-0.586634892190336,6.44314457869097,13.6229168409806,-0.691834878805712,7.16527147670381,-5.93628464454535,-2.81,0.132559452330442,0.0635879849188365,15.0019586269672,19.6868091241033,0.169782299545796,1.11053075533202,172.550003051758,54.8440077615013,117.595773310444,-172.550003051758,1.12469017505646,15.3599996566772,6.73000001907349,16.1709995269775,40.6599998474121,991.402990096655
9.325,-0.0222123351695258,-0.0728493419347127,0.499219046946573,0.0227738396644945,0.246870806524177,-12.5957101966029,-0.105014558184685,0.175226049879574,-0.129448137165319,-0.0334132127463818,0.0255221761763096,1.53704690933228,-0.122528873383999,0.213876336812973,-0.131312161684036,13.8447653290746,-5.96132257841498,-0.584633445150902,6.44080231562405,13.6208519119363,-0.73834198743342,7.16526294172676,-5.93613516800353,-2.81,0.133510639422642,0.0659714307008061,14.9829750061035,19.6797447586278,0.169782299545796,1.11053075533202,172.550003051758,54.8440077615013,117.595773310444,-172.550003051758,1.12469017505646,15.3599996566772,6.73000001907349,16.1709995269775,40.6599998474121,991.398880656968
9.35,-0.0198486847023443,-0.0695274168525791,0.500703114571319,0.231428892498191,0.0734576226976444,-13.3100238214147,-0.0887993506531808,0.195221255927114,-0.12881157989434,-0.0399192412470976,0.032267435730006,1.53303602091226,-0.0906759262713075,0.175421235165351,-0.126141302409568,13.8534348193371,-5.92875544497684,-0.590030351553274,6.46562338696799,13.6004455429593,-0.799705249832178,7.16525440674972,-5.9359856914617,-2.81,0.137808397725986,0.0677407273316932,14.9829750061035,19.6520460492961,0.169782299545796,1.11053075533202,172.550003051758,54.8440077615013,117.595773310444,-172.550003051758,1.12469017505646,15.3599996566772,6.73000001907349,16.1709995269775,40.6599998474121,991.394771217281
9.375,-0.0155720782147532,-0.0643218591774162,0.494460395630857,0.365164001703344,0.117197248655297,-13.2473658924898,-0.0975671327533385,0.138136757569373,-0.133031550153328,-0.0430297685477278,0.0366582090419574,1.52968984657843,-0.117718519779035,0.130044657182345,-0.127101308923662,13.839685365959,-5.89377203654967,-0.601674786779575,6.47703738054698,13.5629323238688,-0.854579396987293,7.16524587177267,-5.93583621491987,-2.81,0.139955485916532,0.0700682387773316,14.9775872964125,19.6086530692787,0.169782443390015,1.11053078595359,172.570648193359,55.0395831850937,118.004401847905,-172.570648193359,1.12499892711639,15.3526287078857,6.73000001907349,16.1709995269775,40.6585273742676,991.394729223007
9.4,-0.0147695900499405,-0.0625514628731368,0.486367170079482,0.312551647206862,-0.110167657641639,-13.1800553770372,-0.163634851136495,0.0206520249163342,-0.131604980881767,-0.0429719538719467,0.0360580159744199,1.52683826341154,-0.108678958020894,0.0388877099504739,-0.13423103081877,13.8277905087737,-5.79975551835647,-0.724668000452257,6.42640473411629,13.5323546897488,-0.973034882355309,7.16523319416804,-5.93558564117753,-2.81,0.133744745818153,0.0758689978176206,14.9499303866655,19.5683675626081,0.16978268313038,1.11053083698956,172.605041503906,55.3655422244144,118.685449410261,-172.605041503906,1.12551355361938,15.3403425216675,6.90675210952759,16.1525230407715,40.6560707092285,991.397398859008
9.425,-0.0122057492662355,-0.0571423865689231,0.481206277391619,0.233483889762554,0.140230116542765,-12.2663126609178,-0.173439487015423,-0.0759665798344735,-0.134080025202313,-0.0502853330617489,0.0350848311986037,1.52323085340984,-0.177750883406326,-0.0762480509012278,-0.131582009321293,13.8214196217658,-5.75464853597718,-0.843338281590904,6.43906344630428,13.5026253305953,-1.03750214784717,7.16520763953055,-5.93502081471791,-2.81,0.130352159542213,0.0781183289310358,14.9269428253174,19.5317977077291,0.169782922870745,1.11053088802552,172.639450073242,55.691501263735,119.366496972538,-172.639450073242,1.12602829933167,15.3280563354492,6.94999980926514,16.1480007171631,40.6536102294922,991.400068495009
9.45,-0.0147844934570646,-0.0530297729484203,0.479918070209952,0.0359878510402982,-0.00251704890849075,-11.1152931285077,-0.138437911248158,-0.103738428193809,-0.128100293945345,-0.0508574503176725,0.0319964326511484,1.52062444180061,-0.0956434419397127,-0.0878006659641159,-0.128978835740087,13.8122469504623,-5.71788117399116,-0.918740562471041,6.44128376858762,13.4790482316016,-1.06842751006144,7.16518208489305,-5.93445598825828,-2.81,0.12599322811858,0.080807920014642,14.9269428253174,19.5049032195645,0.169783162611111,1.11053093906148,172.673858642578,56.0174603030557,120.047544534894,-172.673858642578,1.12654292583466,15.315770149231,6.94999980926514,16.1480007171631,40.6511573791504,991.40273813101
9.475,-0.0182710919935178,-0.049840470281428,0.479108760822255,-0.0418141870560708,0.115556483571122,-11.2399966761908,-0.126392245291469,-0.0814988406035623,-0.11907733506181,-0.0530959663774996,0.0305852852947939,1.51856477129846,-0.0845051200747416,-0.0721179813760086,-0.124576432301947,13.8167907413105,-5.71385785379063,-0.940995549339017,6.46788662518687,13.4715641414703,-1.05865611618996,7.16515653025556,-5.93389116179866,-2.81,0.125348373274834,0.0812685211479086,14.9255690513513,19.4967968201713,0.169783275184847,1.1105309630262,172.690002441406,56.1705193297834,120.367340781551,-172.690002441406,1.12678456306458,15.3100004196167,6.94999980926514,16.1480007171631,40.6500015258789,991.403601882804
9.5,-0.0198576760455386,-0.0498565338656465,0.478299447564983,-0.0959574634917572,0.0124121450500052,-11.5158824182989,-0.0691196829360838,-0.0346691207752807,-0.115989333041352,-0.0582247306182595,0.0302752210261599,1.51536808433928,-0.102468442986357,-0.0359750757061447,-0.120507885037,13.832898292664,-5.6839558630803,-1.01643240693184,6.48950935861241,13.4670197149803,-1.10236679345259,7.1651354734543,-5.93344262692102,-2.81,0.123379511345466,0.0828685264392086,14.9159526335887,19.4871860691761,0.169783275184847,1.1105309630262,172.690002441406,56.1705193297834,120.367340781551,-172.690002441406,1.12678456306458,15.3100004196167,6.91752147674561,16.1569328308105,40.6500015258789,991.402866983006
9.525,-0.0197178375307733,-0.046881402505757,0.477490116930062,0.0806248625395085,0.0534029224351317,-11.2394311953243,-0.0795080261571103,-0.0235111773176081,-0.109726726849194,-0.060410316095905,0.028803255954292,1.51159948300663,-0.0480893996234016,-0.0265106495059245,-0.111076905044986,13.837326286437,-5.60463977370639,-1.13196932236481,6.4697976324219,13.4495818376896,-1.18970890721437,7.16512541010643,-5.93327832784479,-2.81,0.118018904565834,0.0877734887115929,14.9074602127075,19.46289012815,0.169783275184847,1.1105309630262,172.690002441406,56.1705193297834,120.367340781551,-172.690002441406,1.12678456306458,15.3100004196167,6.90999984741211,16.1590003967285,40.6500015258789,991.402132083208
9.55,-0.0201974504914285,-0.0399922120800792,0.476616970637516,0.0863945653058819,0.0068454267620191,-10.5588819234454,-0.0809473881127619,-0.0875440568428629,-0.109928772676306,-0.0644917268122458,0.0282415730111821,1.50895215744816,-0.122260245045497,-0.0549420370090974,-0.112366998131594,13.8269879116276,-5.59054736131578,-1.16100031997362,6.49577946537086,13.4231236124841,-1.18841822252361,7.16511534675856,-5.93311402876855,-2.81,0.118096734582204,0.0886620477074462,14.9074602127075,19.4355723766449,0.169783275184847,1.1105309630262,172.690002441406,56.1705193297834,120.367340781551,-172.690002441406,1.12678456306458,15.3100004196167,6.90999984741211,16.1590003967285,40.6500015258789,991.40139718341
9.575,-0.0206854291821825,-0.0350693636959418,0.475645774342146,-0.0403487817242825,0.0551339393507994,-10.5104416837659,-0.04840696008984,-0.121643838829833,-0.10241978263782,-0.0659615401438375,0.0252625329448625,1.50640290762479,-0.116654677611238,-0.102563252357587,-0.11063422313857,13.8134822969608,-5.56036881463243,-1.19478063152576,6.50262406392523,13.3975482580542,-1.17434076699401,7.16510528341069,-5.93294972969231,-2.81,0.116257042665717,0.0908491364513459,14.9051611545758,19.410883930078,0.169783385080921,1.11053098615181,172.706985473633,56.3182191470963,120.679530399127,-172.706985473633,1.12696242332458,15.2964105606079,6.90999984741211,16.1590003967285,40.6500015258789,991.394925239759
9.6,-0.020536976089356,-0.0326985630486729,0.474674582691751,-0.0781406244487665,0.0772341986838058,-10.3382703226812,-0.0655059944763369,-0.111871293404315,-0.100112520784405,-0.0639766134389758,0.0204654993171313,1.50441579800295,-0.00896561020830587,-0.117819883018333,-0.0997942106003765,13.815439161598,-5.49393590263525,-1.33272112495156,6.47052091396276,13.3928116329096,-1.26126610766399,7.16508175110787,-5.9324233140317,-2.81,0.107102280456903,0.0953371998529144,14.8798715151273,19.3996313671226,0.169783623534665,1.11053103633003,172.743850708008,56.63869988513,121.356922965705,-172.743850708008,1.12734854221344,15.2669239044189,6.90999984741211,16.1590003967285,40.6500015258789,991.38174203726
9.625,-0.0264095134397738,-0.0312676495224012,0.473703404929164,-0.179605735054695,0.0968538768420146,-10.2035655026649,-0.00789547210930676,-0.0653983793286837,-0.100005893911537,-0.0639613568782806,0.0204365141689777,1.50440537929535,-0.00824094004929066,-0.117866009473801,-0.0997226759791374,13.8240230253634,-5.52463255820375,-1.32908318955739,6.50155917546386,13.3994402525456,-1.25553528031223,7.16505614867811,-5.9318412424349,-2.81,0.107230681392465,0.093724490235915,14.8562240600586,19.4050259736078,0.16978386198841,1.11053108650824,172.780700683594,56.9591806217455,122.034315532205,-172.780700683594,1.12773442268372,15.2374362945557,6.77014923095703,16.1655807495117,40.6500015258789,991.368558834761
9.65,-0.0287821706766981,-0.0345930033912435,0.472732232400041,-0.126547425038865,0.0881444838668537,-9.82929169460539,0.00820338082560916,-0.0412708435250506,-0.0962352715392661,-0.0659042932678901,0.0184097929989916,1.49989780463068,0.0434597607653177,-0.053111829117768,-0.0976060634098821,13.8283766748872,-5.51986630595914,-1.33836502532136,6.56012164041956,13.3770342209558,-1.22633843351084,7.16503054624835,-5.93125917083811,-2.81,0.107110693504158,0.0950384927480455,14.8562240600586,19.3825718738541,0.169784100442154,1.11053113668646,172.817565917969,57.279661358361,122.711708098704,-172.817565917969,1.12812042236328,15.2079486846924,6.73999977111816,16.1669998168945,40.6500015258789,991.355375632262
9.675,-0.0292661027978384,-0.0302983683626167,0.471761049930999,-0.0728875807140953,0.0942989328898064,-9.30475424393086,0.00888507955307816,-0.0438145650623362,-0.0985632215457703,-0.0684342289238849,0.0193130489429651,1.49849596847249,-0.0337096866216835,-0.0324863950899914,-0.101342027392933,13.828420032695,-5.49003179142382,-1.36118343546016,6.55307945939838,13.3684137264019,-1.24945350254204,7.16500494381858,-5.93067709924131,-2.81,0.107234111373401,0.0965635238833567,14.8557455356304,19.3717491431631,0.169784245587912,1.11053116722972,172.839996337891,57.4747365892827,123.124034008709,-172.839996337891,1.12835538387299,15.1899995803833,6.73999977111816,16.1669998168945,40.6500015258789,991.348348764273
9.7,-0.029423722700973,-0.0288703596868482,0.470789862818043,-0.183071265554632,0.0437320366077906,-8.50435547428334,0.056228728863862,-0.0154107024466572,-0.096775898843597,-0.0673935444537999,0.0183203739226604,1.49457802672586,-0.00447784315407108,-0.00274687629314356,-0.103566759077115,13.8366770684714,-5.43501061804965,-1.38143297646289,6.55168700859194,13.3557099116557,-1.26559862558517,7.16498119581514,-5.93015516965794,-2.81,0.10567072636446,0.100786358603985,14.8434634086413,19.357321542507,0.169784245587912,1.11053116722972,172.839996337891,57.4747365892827,123.124034008709,-172.839996337891,1.12835538387299,15.1899995803833,6.73999977111816,16.1669998168945,40.6500015258789,991.350898416633
9.725,-0.027530026126945,-0.0234854023838727,0.469818668774666,-0.287533910971375,0.0928686085526867,-8.44309592694517,0.0754166016721609,0.0311294619754149,-0.0913589642674479,-0.0673805922269821,0.0183094665408134,1.49453973770142,-0.00410817470401525,-0.00246581016108394,-0.103585682809353,13.8470220070116,-5.40902941830959,-1.36125654530482,6.52579843734581,13.3681995226157,-1.24733049814766,7.16496414901738,-5.92985057089999,-2.81,0.106650422621001,0.102070172169242,14.8313407897949,19.3717631151849,0.169784245587912,1.11053116722972,172.839996337891,57.4747365892827,123.124034008709,-172.839996337891,1.12835538387299,15.1899995803833,6.57376050949097,16.1545314788818,40.6500015258789,991.353448068994
9.75,-0.0275285123686966,-0.0244363971814068,0.469127081290648,-0.28942452044158,0.0827681965042182,-8.49741707136032,0.105215084945701,0.0547712743884996,-0.0924760285519357,-0.0639695893919779,0.020210120173552,1.49016531562623,0.054536023613799,0.0610137233073591,-0.0957303460352661,13.8534675011702,-5.40420969021126,-1.32795962613161,6.57423602473883,13.3446810623558,-1.25953522595364,7.16494710221962,-5.92954597214205,-2.81,0.107812272269973,0.104242678380189,14.8313407897949,19.3455087389808,0.169784245587912,1.11053116722972,172.839996337891,57.4747365892827,123.124034008709,-172.839996337891,1.12835538387299,15.1899995803833,6.53999996185303,16.1520004272461,40.6500015258789,991.355997721354
9.775,-0.0260924413080248,-0.0277771077628198,0.469936408033945,-0.261901741521785,-0.206447965774556,-8.9017739709069,0.0618414646314391,0.0856372854744475,-0.0862952151021273,-0.0626333712159919,0.0218745124320958,1.48851979053953,0.0349356095843835,0.0858832256524301,-0.0914532163832471,13.8602073685722,-5.38420733714917,-1.28928211738259,6.57300205126065,13.3410542636047,-1.25267733160352,7.16493005542186,-5.92924137338411,-2.81,0.109826898331803,0.105961260729012,14.8313407897949,19.3421799855281,0.169784321617885,1.110531183512,172.857391357422,57.5787290739902,123.340017778698,-172.857391357422,1.12755501270294,15.1828842163086,6.53999996185303,16.1520004272461,40.6500015258789,991.357152824728
9.8,-0.0243471968135819,-0.027617150462425,0.470745727070474,-0.263514597426775,-0.0663701649861324,-9.44484425620911,0.0688688827052118,0.132147262903091,-0.0810361802646848,-0.0557008158624965,0.0239314674886393,1.48603550971065,0.0620483786462904,0.149453591712896,-0.080100640636617,13.8638115908207,-5.35299114997787,-1.13971010581163,6.5603875264463,13.3322079664217,-1.17143990274173,7.16491065620048,-5.92887320275553,-2.81,0.115588957933866,0.109464313824254,14.8105127628033,19.3401027715048,0.169784557927261,1.11053123411909,172.91145324707,57.9019489619583,124.01131868541,-172.91145324707,1.12506759166718,15.1607694625854,6.12119674682617,16.2039318084717,40.6500015258789,991.355368068076
9.825,-0.0202139874423188,-0.0320722442929966,0.4715550519067,-0.109943506932726,-0.190291282593754,-10.2944211627988,0.00969989976822996,0.159983270791409,-0.078504324243711,-0.0557034783913578,0.0266164875723557,1.48484894601614,0.0183500796127179,0.17426059980495,-0.0791588960730827,13.8677845879678,-5.33828506641122,-1.0854238994948,6.55875299392636,13.3281232990256,-1.15532262194306,7.16488475334685,-5.92832927803928,-2.81,0.119206105501623,0.110529890485326,14.7894106828249,19.3369159585488,0.169784794236637,1.11053128472618,172.965515136719,58.2251688499264,124.682619592122,-172.965515136719,1.12258017063141,15.1386547088623,6.03999996185303,16.2140007019043,40.6500015258789,991.353583311423
9.85,-0.0192534042537657,-0.0377827339709325,0.472364349841711,0.0331110534176927,-0.215415879689005,-11.4255784929867,-0.0627842896470428,0.16745894748981,-0.0777702798653384,-0.0572213003064917,0.033339184508027,1.4819962514779,-0.0787076093323706,0.20922078396682,-0.0754344619477292,13.8680202379067,-5.31263559127805,-1.08548426576353,6.57175112174155,13.3039320904555,-1.24170707590806,7.16485885049322,-5.92778535332302,-2.81,0.121864571562689,0.112463076957281,14.7885885238647,19.3046697799003,0.169785030546013,1.11053133533327,173.019577026367,58.5483887378945,125.353920498834,-173.019577026367,1.12009263038635,15.1165390014648,6.03999996185303,16.2140007019043,40.6500015258789,991.351798554771
9.875,-0.0130619282381493,-0.0315912579553161,0.473,0.0656902574306661,-0.129069467940832,-12.2344763593439,-0.0611097832538576,0.14621306106282,-0.0714563455805866,-0.0593419014538634,0.0376119150281966,1.48017392096893,-0.10632955253535,0.194233879527585,-0.068883887341332,13.8577469436995,-5.29513986061507,-1.04001504329406,6.5763095484775,13.2800638735886,-1.24472648617155,7.1648329476396,-5.92724142860677,-2.81,0.126423245742558,0.113571043896862,14.7885885238647,19.2799641580631,0.169785207264329,1.11053137317857,173.059997558594,58.7901010017552,125.855936829051,-173.059997558594,1.1182324886322,15.1000003814697,6.03999996185303,16.2140007019043,40.6500015258789,991.350028926491
9.9,-0.0110063569288122,-0.029535686645979,0.473,0.104058390528322,-0.325479004416459,-12.709060072747,-0.127609094555831,0.0918284922812963,-0.0580191567815247,-0.0638331987166758,0.0397747015781952,1.47876097436734,-0.0417386242013299,0.0716681223285675,-0.0546180037851744,13.8366623231529,-5.25227998602147,-1.07569527076947,6.55568774332439,13.2499279999847,-1.28808222537308,7.16480704478597,-5.92669750389051,-2.81,0.127146997331951,0.115542563980414,14.7659406661987,19.2465639985951,0.169785207264329,1.11053137317857,173.059997558594,58.7901010017552,125.855936829051,-173.059997558594,1.1182324886322,15.1000003814697,6.38692283630371,16.1683082580566,40.6500015258789,991.348304161659
9.925,-0.00673426692875958,-0.0243160141951164,0.473,0.180121623515985,-0.10733289629134,-12.391811481435,-0.115653556283899,0.0298629191259235,-0.0472827009264539,-0.0639141350984573,0.0398014448583126,1.47873985767365,-0.0403560176491737,0.069298081099987,-0.0543602257966995,13.8278913643803,-5.27767583000823,-1.08799829163637,6.5811999703745,13.2382156574299,-1.29832014221472,7.16478796525713,-5.9262988539925,-2.81,0.126608275320352,0.114283484383247,14.7417200406392,19.2328980499228,0.169785207264329,1.11053137317857,173.059997558594,58.7901010017552,125.855936829051,-173.059997558594,1.1182324886322,15.1000003814697,6.44999980926514,16.1599998474121,40.6500015258789,991.346579396827
9.95,-0.00721529994902348,-0.0219290805654038,0.472999341564627,0.235469826561416,-0.303048567586843,-11.955246578113,-0.120140956012397,-0.023610492550261,-0.0379203221412698,-0.0674444039061113,0.0405282209094513,1.47708475683512,-0.0203752133846247,-0.0115413596325793,-0.0451919538102738,13.814863429993,-5.28254360647708,-1.0905765782215,6.6094645018644,13.213356450998,-1.29122659286356,7.16477726165617,-5.92607853525121,-2.81,0.128226642593228,0.113969516598226,14.7395181655884,19.2076291227281,0.169785207264329,1.11053137317857,173.059997558594,58.7901010017552,125.855936829051,-173.059997558594,1.1182324886322,15.1000003814697,6.44999980926514,16.1599998474121,40.6500015258789,991.344854631995
9.975,-0.00770517309370304,-0.0138198917461221,0.472362032710961,0.0751996881183026,0.0301286345260769,-10.4277618858689,-0.109923834322448,-0.0987046419102934,-0.0281357904675348,-0.0695911165467964,0.0384954477884985,1.4763364352606,-0.0107256360834538,-0.0854197605830525,-0.0327441258543579,13.7868057515354,-5.27641957250268,-1.14727345776362,6.61618092432863,13.1813931300965,-1.30762297660373,7.16476655805521,-5.92585821650992,-2.81,0.125758224964337,0.114334489337044,14.7395181655884,19.174074604537,0.169785250024896,1.11053138241987,173.069869995117,58.8491237638442,125.977409821964,-173.069869995117,1.11808371543884,15.0955123901367,6.44999980926514,16.1599998474121,40.6495513916016,991.342877901517
10,-0.00787327708043724,-0.0111303221197171,0.471668327213389,-0.151217780108555,-0.336910791798643,-9.48439793981083,0.0131544377280733,-0.147286225376249,-0.017373413781779,-0.0739784841494631,0.0356788195372302,1.47550232246568,-0.0541763014412021,-0.127881776536083,-0.0249313781073368,13.7432203114736,-5.29818161620867,-1.29270596329027,6.65861621757481,13.1284541810092,-1.38724279048334,7.16475567040932,-5.92563050556544,-2.81,0.119399433018266,0.113013599534086,14.7296127661681,19.1138316008619,0.169785484189904,1.11053143302696,173.123931884766,59.1723436518123,126.642619068889,-173.123931884766,1.11726880073547,15.0709409713745,6.3559832572937,16.1856422424316,40.6470947265625,991.33977332482
10.025,-0.0126366252662092,-0.00699760248544428,0.470974621650048,-0.183186679304175,-0.362321410235105,-8.89054335933349,-0.080366484418204,-0.160838754247839,0.00230203795675413,-0.0723159281451985,0.0301431497054887,1.47589859532033,-0.028964032961989,-0.165630552929658,0.00014443751092233,13.7108253109913,-5.24318279049653,-1.40136002529383,6.6024204622731,13.1072500063921,-1.43162415209568,7.16473879720806,-5.92516238353588,-2.81,0.111659666478984,0.116358921936981,14.7183963580009,19.0905432942118,0.169785718354912,1.11053148363405,173.177993774414,59.4955635397804,127.307828315892,-173.177993774414,1.1164538860321,15.0463676452637,6.34000015258789,16.1900005340576,40.6446380615234,991.336668748122
10.05,-0.015498901533336,-0.0060475378447354,0.470280922752247,-0.12580563686063,0.0499374608447765,-8.4258336805844,-0.0229105154188607,-0.160061275324027,0.0125224976646755,-0.0768448363365149,0.029282917163275,1.47585856649305,-0.101889054678235,-0.162658055831952,-0.000205036696406492,13.6983763230201,-5.29794031792333,-1.38620542302959,6.65973345193173,13.0915885692632,-1.37604871154709,7.16472192400679,-5.92469426150631,-2.81,0.114054684057448,0.112734811599627,14.7167940139771,19.07695579369,0.16978595251992,1.11053153424114,173.232055664062,59.8187834291667,127.973037562817,-173.232055664062,1.11563909053802,15.0217952728271,6.34000015258789,16.1900005340576,40.6421775817871,991.333564171424
10.075,-0.0169357343936067,0.00107538339693142,0.469587220529716,-0.152123376055304,-0.428392336949118,-7.79686991600129,-0.0156563003400114,-0.157671624624742,0.0172573378343419,-0.0770589875966221,0.0238350206557555,1.47662263220406,-0.0102394529191062,-0.168284554998172,0.0132727334922511,13.6864371181254,-5.28852663899643,-1.42753845178117,6.64323227753254,13.0916478653513,-1.34207380850791,7.16470505080553,-5.92422613947674,-2.81,0.110441487199727,0.113075990942412,14.7167940139771,19.0795756065073,0.169786160214101,1.11053157912742,173.279998779297,60.105465417064,128.563049242734,-173.279998779297,1.11491632461548,15,6.34000015258789,16.1900005340576,40.6399993896484,991.329659356011
10.1,-0.0167816230912988,0.00411697626965784,0.469354578223006,-0.289329194877167,-0.31116677855487,-7.57853996004649,-0.0679159133754128,-0.143807134380542,0.0312421495921398,-0.0747438915891663,0.0192207231038464,1.47797412341744,-0.103623664798908,-0.106517673987669,0.0331558694765523,13.6434554866142,-5.32839402531813,-1.44073026857469,6.66027897306754,13.0598566906579,-1.30084258519269,7.16468817760427,-5.92375801744718,-2.81,0.10769296935832,0.111291972333249,14.7103113761315,19.050186669271,0.169786160214101,1.11053157912742,173.279998779297,60.105465417064,128.563049242734,-173.279998779297,1.11491632461548,15,6.27094078063965,16.1943168640137,40.6399993896484,991.319475744525
10.125,-0.0220143964452072,0.00142731394627697,0.470120252080132,-0.383606802788269,-0.318445017084379,-7.16362020823881,-0.021558285358792,-0.110879729818803,0.0453721027959581,-0.0776936026526536,0.0169366639376371,1.47890825012275,-0.002833872136513,-0.125133533200011,0.0385230284076626,13.6248601853965,-5.36660815350201,-1.42993798864406,6.68681782113269,13.0472848022658,-1.23969654018636,7.16467251443639,-5.92331408671641,-2.81,0.108807939982734,0.108567988639437,14.7025119524736,19.0414763154139,0.169786160214101,1.11053157912742,173.279998779297,60.105465417064,128.563049242734,-173.279998779297,1.11491632461548,15,6.26000022888184,16.1949996948242,40.6399993896484,991.309292133038
10.15,-0.0240779559287335,0.00190670216830682,0.471091448456255,-0.328859421422069,-0.268342056595106,-6.97590932668338,-0.0158880397480783,-0.0520242677867535,0.0627344685058208,-0.07607936869854,0.0156212945078566,1.47996544173374,-0.0630157558825497,-0.0599784949817301,0.0517264455199579,13.6259067472198,-5.39226905846204,-1.41135600185516,6.69572429317071,13.0551381793198,-1.21015261659835,7.16465844387686,-5.9229019958216,-2.81,0.108707902130415,0.107186827889336,14.7009925842285,19.0511264700321,0.169786160214101,1.11053157912742,173.279998779297,60.105465417064,128.563049242734,-173.279998779297,1.11491632461548,15,6.26000022888184,16.1949996948242,40.6399993896484,991.299108521551
10.175,-0.0232959768652604,0.00809317729841013,0.472062624000992,-0.306082202919492,-0.183866227692206,-7.36719549075359,0.0110689526666919,0.0109250144776123,0.0750808833065777,-0.0767768935519945,0.0160384981335158,1.48160313436251,-0.0704189383589353,0.0104743489199586,0.0645878143659582,13.6204804137144,-5.40979646598614,-1.39377675635053,6.69059402705469,13.0590422490516,-1.19304872194822,7.16464437331733,-5.92248990492679,-2.81,0.109959277860881,0.105640530224249,14.7009925842285,19.0561753266205,0.169786170283308,1.11053158136503,173.282348632812,60.1197566431154,128.591653558165,-173.282348632812,1.11475777626038,14.9995727539062,6.26000022888184,16.1949996948242,40.6399993896484,991.289294642261
10.2,-0.0224985676184043,0.0098440032914711,0.473033809254932,-0.351468942788619,-0.316206702615574,-7.74143365636352,0.018409985626339,0.0561376222486829,0.085215831088252,-0.0747217189713052,0.0162140246682593,1.48439406892956,0.093293530149076,0.0459169564403334,0.0902860073502846,13.5817286255475,-5.48264108994964,-1.28031529264447,6.71283394330619,13.0352224843518,-1.08754230301499,7.1646278877375,-5.92201738456955,-2.81,0.115226529405811,0.101473859055048,14.6816293276273,19.0406912094584,0.169786401875074,1.11053163282986,173.336410522461,60.4484548337887,129.249552813376,-173.336410522461,1.1111124753952,14.9897441864014,6.28615379333496,16.1915130615234,40.6399993896484,991.287614871294
10.225,-0.0194892923397327,0.0103067557958382,0.47400498894356,-0.369666550568462,-0.198122555622563,-7.68346187876149,0.0750857655081061,0.0855887362507183,0.10377909917588,-0.0768278168178291,0.0207071958848499,1.48714019811824,-0.0287362694582888,0.113885272259193,0.0980928680249654,13.5619606347532,-5.5822708251923,-1.14374056210361,6.76556113802051,13.024540258708,-0.992572332272114,7.16460492331322,-5.92138274835431,-2.81,0.124470117184963,0.0949833420351595,14.6567798149891,19.0370764000026,0.16978663346684,1.1105316842947,173.390472412109,60.7771530244619,129.907452068666,-173.390472412109,1.10746693611145,14.9799146652222,6.28999996185303,16.1909999847412,40.6399993896484,991.285935100327
10.25,-0.018053467380313,0.00793194241169549,0.474976173648118,-0.301246528526239,-0.422323436240786,-8.12936457635631,0.0379872896118325,0.100118678494953,0.121585163097501,-0.0758692536445866,0.022699631714686,1.48926015106866,-0.0417713093485005,0.120998482779386,0.109519809620724,13.5474067129279,-5.57106686786969,-1.14600739279301,6.72492436422729,13.0231127124262,-1.0277525047209,7.16458195888894,-5.92074811213908,-2.81,0.124530793961162,0.0951343074619792,14.6506481170654,19.0325922531712,0.169786865058607,1.11053173575954,173.444534301758,61.1058512165534,130.565351323878,-173.444534301758,1.10382163524628,14.970085144043,6.28999996185303,16.1909999847412,40.6399993896484,991.28425532936
10.275,-0.0142603309889448,0.0164949398164551,0.475947349117222,-0.150834838242161,0.00879390659416904,-9.57324808319935,0.0569569506284928,0.127802145007865,0.129627779091624,-0.0748394483157723,0.024924185309108,1.49154992848258,-0.0495971286112503,0.129082080221133,0.12049719117707,13.5356503242649,-5.58430377401437,-1.12440127844757,6.70481114841491,13.0240062380591,-1.04082926136165,7.16455899446465,-5.92011347592385,-2.81,0.125857537985599,0.0939346510963729,14.6506481170654,19.0321045846779,0.169787096650373,1.11053178722437,173.498580932617,61.4345494058085,131.22325057909,-173.498580932617,1.10017609596252,14.9602556228638,6.50955152511597,16.1751918792725,40.6399993896484,991.282575558393
10.3,-0.0104527993003308,0.0168065089472212,0.476956907694701,0.050859965774632,-0.188098920377745,-10.2101606071449,0.0249440920342754,0.133728935558715,0.126380382874692,-0.0728373457001673,0.0303166311565249,1.49615743286256,0.0136713507433504,0.150409305166714,0.125339076087346,13.4812659372495,-5.71791022801486,-0.96593400734259,6.76056381666387,12.9905179050202,-0.955656106131537,7.16453603004037,-5.91947883970861,-2.81,0.135066437153765,0.0859641518038586,14.6426440997001,19.0049930731785,0.169787102691897,1.11053178856693,173.5,61.4431241425738,131.240413168364,-173.5,1.10008108615875,14.960000038147,6.53999996185303,16.1730003356934,40.6376075744629,991.275447486812
10.325,-0.00917764105744388,0.0158494448448916,0.478112150778865,0.125900812602068,0.0366447709830823,-10.4785535626987,0.0336170271226659,0.087503451857698,0.125199447475723,-0.0685455465251462,0.0307691835470799,1.49857355078985,0.0325528860001919,0.131512239249773,0.130584492693403,13.4407124867324,-5.77202105206893,-0.914379996704731,6.77419419711909,12.9634174271776,-0.930145979602473,7.16451243814774,-5.91882198172235,-2.81,0.136392159270354,0.0833126297883445,14.6316385758229,18.9795986407063,0.169787102691897,1.11053178856693,173.5,61.4431241425738,131.240413168364,-173.5,1.10008108615875,14.960000038147,6.53999996185303,16.1730003356934,40.6351509094238,991.268173478607
10.35,-0.00567929673395776,0.0101293208255565,0.479326133933042,0.103849722023443,0.0109562694551435,-10.7890589178857,0.0539930746636844,0.0179255981613351,0.121849863356107,-0.0704574246416295,0.0330883402484614,1.50106908553928,0.0560681153089513,0.0484014523777042,0.126277823633432,13.3953504332943,-5.84535108459108,-0.873700782985181,6.80973082606557,12.9297792906801,-0.902922566950315,7.16448805367491,-5.91813705453445,-2.81,0.140131776317898,0.0784546320456077,14.6283512115479,18.9474733825488,0.169787102691897,1.11053178856693,173.5,61.4431241425738,131.240413168364,-173.5,1.10008108615875,14.960000038147,6.53999996185303,16.1730003356934,40.6326942443848,991.260899470403
10.375,-0.00457258070614414,0.0134660430855021,0.48047288390456,0.125783443358847,0.216255658057785,-11.100390860058,0.0632915296512479,-0.0168479315677876,0.114724122362548,-0.0692466060344958,0.033198769049634,1.50387937440763,0.0769685143820192,-0.00734460497805722,0.116661654036437,13.373922011646,-5.87159287474875,-0.880785028049559,6.79795064940718,12.9252413255867,-0.916067011520316,7.16446366920208,-5.91745212734656,-2.81,0.13931479532985,0.0765037432373212,14.6283512115479,18.9411829229261,0.169787102691897,1.11053178856693,173.5,61.4431241425738,131.240413168364,-173.5,1.10008108615875,14.960000038147,7.00997877120972,16.1428508758545,40.6302337646484,991.253625462198
10.4,-0.00410154114860814,0.0155230318020473,0.481,0.128430758416861,0.0951754320085447,-10.7835775607241,0.110093480436926,-0.0287517644836438,0.0996822174343196,-0.0627801063657957,0.0322358212432386,1.50821167557014,0.0475227263841312,0.00737231796465739,0.0982602136381238,13.3212745551403,-5.96649176991593,-0.923655546813957,6.83254189584806,12.8946192216791,-0.976568355235849,7.16443928472925,-5.91676720015867,-2.81,0.134411799391183,0.0715784417204363,14.6190347671509,18.9034358407267,0.169787310580004,1.1105318354969,173.533325195312,61.7428587831822,131.83097574617,-173.533325195312,1.09942173957825,14.9355564117432,7.07000017166138,16.1389999389648,40.6322250366211,991.253594292535
10.425,-0.00583937908019336,0.00998590771381028,0.481,0.0986218258765684,0.0398620684337059,-10.5871733263535,0.111169738557407,-0.0425498513709876,0.0935611756521874,-0.0623438963066605,0.0316171654211233,1.5096958104218,0.142061931628357,-0.0448696186916624,0.095200502241593,13.2999213655646,-5.9869769775794,-0.940259584696746,6.83329680996988,12.8821808612045,-0.985576335426751,7.16442448466831,-5.91629882668604,-2.81,0.133250254221858,0.0702013206241422,14.6052392629477,18.8897063455428,0.169787540456275,1.11053188739061,173.570190429688,62.074296125208,132.484001673599,-173.570190429688,1.09869265556335,14.9085264205933,7.07000017166138,16.1389999389648,40.6346817016602,991.254329192333
10.45,-0.00630241191467194,0.00569265117445298,0.481,0.094147429232056,0.122471679150831,-10.4384445294547,0.152313044122147,-0.105244551630213,0.0858562178763852,-0.0582497055779139,0.0302814647997561,1.51165606187298,0.103406373977328,-0.0468357796365312,0.0840127611481281,13.264491608881,-6.04708620488856,-0.924716408526923,6.86264287806859,12.8579765488065,-0.972451256394064,7.16442145170407,-5.91609632330935,-2.81,0.132223009585695,0.0672919381777517,14.6004018783569,18.8661990846103,0.169787770332547,1.11053193928432,173.607055664062,62.405733468652,133.137027600949,-173.607055664062,1.09796357154846,14.8814964294434,7.07000017166138,16.1389999389648,40.6371383666992,991.255064092131
10.475,-0.0072577465309649,0.00473731655816001,0.481,0.10780363185896,0.0784110655002985,-10.1913175987293,0.191612597579224,-0.149853321370071,0.0755260982309232,-0.0541008703937031,0.0272647007424666,1.5136466715266,0.0944229672253954,-0.084013126996843,0.0736724854836438,13.2400174434781,-6.06756890220804,-0.940470668024357,6.85459065781519,12.8478913112214,-0.971707328826375,7.16441841873983,-5.91589381993265,-2.81,0.12893102570672,0.0664518208649056,14.6004018783569,18.8561646586587,0.169788000208818,1.11053199117803,173.643890380859,62.7371708106778,133.790053528378,-173.643890380859,1.09723448753357,14.8544664382935,7.03418827056885,16.1425819396973,40.6395950317383,991.255798991929
10.5,-0.0066220268938871,0.00410159692108221,0.481,-0.030029187755627,0.0191859411039829,-9.27710543269401,0.170680514941134,-0.164532777461166,0.0684114878017988,-0.0473891213602972,0.0207087261198042,1.51632234209195,0.237703394723942,-0.191480435193843,0.0683870929249158,13.1924492069923,-6.09645311839435,-1.02922775941955,6.84656196940012,12.8205543262307,-1.01229563465512,7.16441538577559,-5.91569131655595,-2.81,0.119813668387683,0.0655203916496448,14.5867256017832,18.8249747029398,0.169788038188376,1.11053199975177,173.649993896484,62.7919300238932,133.897944768571,-173.649993896484,1.09711396694183,14.8500003814697,7.03000020980835,16.1429996490479,40.6379470825195,991.254831167368
10.525,-0.0129564418747094,-0.00414030840106776,0.481,-0.129643177618851,0.14195573993391,-8.20987745883017,0.23040689805554,-0.173595822171134,0.0608007374439387,-0.0431380962960853,0.0170747525765218,1.51794802108977,0.160655281559488,-0.161689625453691,0.0540039210189165,13.1704060108418,-6.18628691286927,-1.00240049929616,6.91001640459845,12.8088124740614,-0.959449483950836,7.1644117615746,-5.91543068214865,-2.81,0.118522396881623,0.0610681745768719,14.5647865747794,18.8171872495062,0.169788038188376,1.11053199975177,173.649993896484,62.7919300238932,133.897944768571,-173.649993896484,1.09711396694183,14.8500003814697,7.03000020980835,16.1429996490479,40.6354904174805,991.253526345277
10.55,-0.0167582152326031,-0.00985055094452682,0.481,-0.166136579444749,0.150728052403424,-7.74560186123513,0.284583947899556,-0.172687029823802,0.0609522131653063,-0.0358532406389713,0.0122233033180237,1.51894617080688,0.344140559434891,-0.213511273264885,0.0579947233200073,13.1401544664253,-6.21325259646296,-0.984464388405238,6.9166369052311,12.788588535872,-0.921669432262815,7.16440714549706,-5.91507252537657,-2.81,0.115283584315098,0.0606821484582743,14.5559539794922,18.8003755153741,0.169788038188376,1.11053199975177,173.649993896484,62.7919300238932,133.897944768571,-173.649993896484,1.09711396694183,14.8500003814697,7.03000020980835,16.1429996490479,40.6330337524414,991.252221523187
10.575,-0.0200828234013498,-0.0150827306912018,0.481,-0.240570601107844,0.117945876211933,-8.58848328504506,0.257633171284242,-0.0956473679423929,0.0593936267594443,-0.0304240473994821,0.0100183402381297,1.52002838691474,0.32790005267136,-0.154820440433747,0.0598740660279022,13.151547368512,-6.23191030996816,-0.969160313473031,6.91740460772634,12.808552999773,-0.9108564957922,7.16440252941953,-5.91471436860449,-2.81,0.11317662766283,0.0602244469813242,14.5559539794922,18.8209589280314,0.169788038188376,1.11053199975177,173.649993896484,62.7919300238932,133.897944768571,-173.649993896484,1.09711396694183,14.8500003814697,7.03000020980835,16.1429996490479,40.6305809020996,991.250916701097
10.6,-0.02119149779126,-0.0168275329037081,0.481,-0.173418409756953,-0.0673829351538314,-9.40192261501082,0.280081014642437,0.0453680552391864,0.0580752524328159,-0.0233980233324453,0.0100321462167993,1.52219659932841,0.254323769093196,0.0238645546831164,0.0531350988553279,13.1556436220201,-6.26481968352512,-0.887940311756171,6.91517511063122,12.8267482861096,-0.873066073109327,7.1643943720726,-5.9142747332408,-2.81,0.114608357003007,0.0589091196969823,14.5451141504141,18.8424989608395,0.169788212124608,1.11053203978992,173.672561645508,63.0476476882065,134.392057832341,-173.672561645508,1.09527623653412,14.8405990600586,6.76726484298706,16.181957244873,40.6300010681152,991.251172709669
10.625,-0.0200972736089848,-0.0197865273816866,0.481,0.104931665608562,0.0539786268105561,-10.232454413219,0.194473605046624,0.139974451092925,0.0604263683804166,-0.0193716058196716,0.013138175655637,1.52352482423271,0.216858353370516,0.0884946920729324,0.0534982382315744,13.1633758476999,-6.24932297556149,-0.872111859923218,6.87954597617551,12.8416345461756,-0.923769344082339,7.1643769579014,-5.91362211407875,-2.81,0.114731169071774,0.0599368411812001,14.5261444495274,18.8520197105639,0.169788439427637,1.11053209211251,173.702056884766,63.3818241830031,135.037773768057,-173.702056884766,1.09287452697754,14.828311920166,6.73999977111816,16.1860008239746,40.6300010681152,991.251907609467
10.65,-0.0167278962455021,-0.0288979774613581,0.481,0.214583145391063,0.287933922999823,-10.8618743415107,0.261828222911142,0.0975891134964608,0.0528192561029453,-0.0153711625758642,0.0156837532065501,1.52466110647167,0.192738524420026,0.12560848796911,0.0563226225378407,13.1472935821331,-6.26562548442563,-0.829404307331014,6.87668744758156,12.8306883211995,-0.939100475673468,7.16435954373021,-5.91296949491671,-2.81,0.116266370321922,0.0594012814745807,14.5175218582153,18.8389948933769,0.169788666730667,1.11053214443509,173.731536865234,63.7160006763815,135.683489703773,-173.731536865234,1.09047269821167,14.8160257339478,6.73999977111816,16.1860008239746,40.6300010681152,991.252642509265
10.675,-0.0124310290759381,-0.0350971497486466,0.481,0.196375622428406,-0.00323996059592996,-10.6692647077776,0.227328738652453,0.0295757387195853,0.0455411963157818,-0.00647219748155404,0.0175851176810344,1.52645922319668,0.205202346958779,0.0387000109130557,0.0435391174606324,13.1135322989776,-6.28180895929703,-0.745457650486166,6.86091059083172,12.8076048144549,-0.935267366835345,7.16434212955901,-5.91231687575466,-2.81,0.117952891433027,0.0594826587197576,14.5175218582153,18.8160081109709,0.169788894033697,1.11053219675768,173.761032104492,64.0501771711781,136.32920563941,-173.761032104492,1.08807110786438,14.8037395477295,7.01371812820435,16.1440296173096,40.6300010681152,991.253377409063
10.7,-0.00909783481664414,-0.0378163857994458,0.481,0.156502037500182,0.149752788890083,-10.2937799166341,0.189906594325927,0.0431665750633884,0.0373188687875053,0.00364997982978821,0.0174912363290787,1.5278697013855,0.165794849395752,0.066285215318203,0.0354135408997536,13.0936579488962,-6.29285932521792,-0.698946961832055,6.84573778828542,12.797043102754,-0.950813223208347,7.16432478788919,-5.91166606805984,-2.81,0.116487023337034,0.0600842686029947,14.5074605941772,18.8035600880633,0.16978896321288,1.11053221268194,173.770004272461,64.1518830610221,136.525727880725,-173.770004272461,1.08734011650085,14.8000001907349,7.03999996185303,16.1399993896484,40.6300010681152,991.247507991954
10.725,-0.0108189507060612,-0.0506706506423528,0.481,0.156406588362523,0.200772968009772,-10.1411365756519,0.210551015804464,0.0585170375024662,0.0275784107965367,0.00524221853240107,0.0175696093613848,1.52804860197946,0.152839206836389,0.0530263554354267,0.0313395858417253,13.0928100350945,-6.30802376843557,-0.650163978668851,6.8576874183559,12.7974156800255,-0.913141206023258,7.16432252381817,-5.91139197840244,-2.81,0.118466871305237,0.0594546238731941,14.4880926609039,18.8072215484436,0.16978896321288,1.11053221268194,173.770004272461,64.1518830610221,136.525727880725,-173.770004272461,1.08734011650085,14.8000001907349,7.03999996185303,16.1399993896484,40.6300010681152,991.238749186198
10.75,-0.0103342862254768,-0.056844309348411,0.481,0.175812803935537,0.195113425044858,-10.1470518328577,0.189914867649132,0.013735984685806,0.0189070883383323,0.0104983646892043,0.0178283269216833,1.52863917151397,0.110071278424925,0.00925747498924448,0.0178910349516451,13.0837826025048,-6.3035150805811,-0.651964436746434,6.84151363822198,12.7919334734434,-0.951239368678719,7.16432025974715,-5.91111788874504,-2.81,0.116421477804011,0.0603462322527902,14.4782829284668,18.7979606727993,0.16978896321288,1.11053221268194,173.770004272461,64.1518830610221,136.525727880725,-173.770004272461,1.08734011650085,14.8000001907349,7.03999996185303,16.1399993896484,40.6300010681152,991.229990380442
10.775,-0.0103342862254768,-0.056844309348411,0.481,0.205856432321663,0.0858994065068493,-9.57001315538339,0.131990031210191,-0.0728832391255087,0.00794956244012826,0.0157545108460071,0.0180870444819818,1.52922974104848,0.0673033500134637,-0.0345114054569346,0.0044424840615659,13.0648671780266,-6.28985568591373,-0.659949204070321,6.81550141120228,12.7768243079103,-0.995124615182554,7.16431799567614,-5.91084379908764,-2.81,0.114104080412447,0.0617489964669379,14.4782829284668,18.778828103727,0.16978896321288,1.11053221268194,173.770004272461,64.1518830610221,136.525727880725,-173.770004272461,1.08734011650085,14.8000001907349,6.93869686126709,16.1731548309326,40.6300010681152,991.221231574686
10.8,-0.00906428624164933,-0.0581279902473833,0.481,0.176549664293816,0.101501854385864,-9.36642967195447,0.0669048607137706,-0.132886025483054,-0.00104061987062628,0.0167684890329838,0.0148956924676895,1.52895069122314,0.140334621071815,-0.173260554671288,-0.00360634992830455,13.0219316628903,-6.24506358903292,-0.641435761827387,6.77220013115115,12.7372201941333,-0.93994170585157,7.16431395160991,-5.9105288189168,-2.81,0.113959904185464,0.0644715747006863,14.4615254768958,18.7453838191012,0.169789104718805,1.11053224570894,173.80078125,64.3628215531161,136.927713860431,-173.80078125,1.08787715435028,14.7846155166626,6.92999982833862,16.1760005950928,40.6284599304199,991.2137498122
10.825,-0.0120667997150937,-0.0706545378730209,0.481,0.102083079404644,0.103142635942992,-9.26255180392318,-0.0249628790272233,-0.157559673973584,-0.0132330086256011,0.0167094861119776,0.0117946445823329,1.52855067145129,-0.0527042881478382,-0.136486408559472,-0.0197159811319818,13.0161255034834,-6.22464107542828,-0.67104592237261,6.75630381900614,12.7321001917675,-0.928421069532401,7.16429789786262,-5.90993794922644,-2.81,0.111491367995897,0.0656714935519959,14.4256831499246,18.7411948522562,0.169789330735214,1.1105322984604,173.849914550781,64.6997371978471,137.569774800211,-173.849914550781,1.08873498439789,14.7600440979004,6.92999982833862,16.1760005950928,40.6260070800781,991.207030728332
10.85,-0.015392386537806,-0.0701632250154893,0.481,0.0820842056331161,0.288628815977056,-8.72087630180038,-0.0517576389701241,-0.176241418370477,-0.0258772278345282,0.0159284976852228,0.007396375353053,1.5278265471093,-0.0281859705050971,-0.183593070665707,-0.0236401764924122,13.005913849597,-6.18573811637843,-0.725742083595336,6.72610767003312,12.7222752212223,-0.920348567691653,7.16428184411534,-5.90934707953608,-2.81,0.107604301480245,0.0678627023755536,14.4056673049927,18.7323284377724,0.169789556751623,1.11053235121186,173.899063110352,65.0366528439963,138.21183574007,-173.899063110352,1.08959269523621,14.7354698181152,6.92999982833862,16.1760005950928,40.6235466003418,991.200311644464
10.875,-0.0182549990167038,-0.0701685423671745,0.481,-0.0128029070755138,0.0385050515376663,-8.18188242651066,-0.0911368510405307,-0.197091170182708,-0.0375060102368781,0.0138475859252631,0.00618466808768576,1.52742859078401,-0.139747985476805,-0.147585892151691,-0.0353468995032406,13.0040568028917,-6.19024787914394,-0.729098636002106,6.73729872547484,12.7186378666037,-0.8951556630042,7.16426579036805,-5.90875620984572,-2.81,0.107899772815924,0.0674349893845912,14.4056673049927,18.7304228406294,0.169789782768032,1.11053240396332,173.948211669922,65.3735684901454,138.853896679851,-173.948211669922,1.09045040607452,14.7108974456787,6.92999982833862,16.1760005950928,40.6210899353027,991.193592560597
10.9,-0.0192086002298695,-0.0707956793463248,0.481,-0.15096608499862,0.100980269646174,-7.06107634250757,-0.136708945749028,-0.208302059602691,-0.0399831271981925,0.00818421929114582,-0.00152804373707469,1.52540990592938,-0.190979606030167,-0.187086540271683,-0.0505775786797375,12.9946718195705,-6.13784300245938,-0.789391889446689,6.71449985384985,12.7043798932347,-0.81974094525477,7.16424973662077,-5.90816534015536,-2.81,0.104656234631641,0.0700081771145134,14.3984354214791,18.7240552799611,0.169789883001395,1.11053242735744,173.970001220703,65.5229832553787,139.138636748852,-173.970001220703,1.09083080291748,14.6999998092651,7.06042718887329,16.1452560424805,40.6199989318848,991.194819523738
10.925,-0.0250825805939851,-0.0661618659982527,0.481,-0.240698708906177,0.121845689699417,-6.6238045859964,-0.110475382928131,-0.18299319262394,-0.041552258027548,0.00980142343414997,-0.00777552086405928,1.5241939099865,-0.0667391077639594,-0.208481144539265,-0.0401061520401926,12.9963589741146,-6.08394846320744,-0.811589039360188,6.67484505697655,12.7055829903753,-0.770101678912352,7.16423024200619,-5.90748538973997,-2.81,0.10092195245843,0.0734456041912511,14.3810337017744,18.7309102166058,0.169789883001395,1.11053242735744,173.970001220703,65.5229832553787,139.138636748852,-173.970001220703,1.09083080291748,14.6999998092651,7.07000017166138,16.1429996490479,40.6199989318848,991.202378493089
10.95,-0.028436045925815,-0.0603170646657005,0.481,-0.317069419032024,0.225734817358831,-6.69915755472223,-0.0654795959041613,-0.113795677301211,-0.0391800097067778,0.00439749145560784,-0.00854728668331101,1.52358966941261,-0.121032171922948,-0.163531836389325,-0.0450880831965986,13.0130652908651,-6.09501949133937,-0.805529906253401,6.69902070788704,12.717750972558,-0.721069378973175,7.16420436605213,-5.90664023261935,-2.81,0.103086164098362,0.0721815292365634,14.3704118728638,18.7469457442746,0.169789883001395,1.11053242735744,173.970001220703,65.5229832553787,139.138636748852,-173.970001220703,1.09083080291748,14.6999998092651,7.07000017166138,16.1429996490479,40.6199989318848,991.20993746244
10.975,-0.0298494541619039,-0.0601412924213787,0.481,-0.201997673873675,0.0497429226208845,-6.8891949682125,-0.0170506813743483,-0.0106825862484997,-0.0362733672835236,0.00324531375025876,-0.00901075443103635,1.5228185749122,-0.0753770037118484,-0.0723052774732027,-0.0439084616008646,13.0350998382739,-6.08925749666765,-0.751864815970664,6.70524422035913,12.7345981746794,-0.654136553617186,7.16417849009806,-5.90579507549874,-2.81,0.106166174702537,0.0724562277995214,14.3704118728638,18.7702591453788,0.169789883001395,1.11053242735744,173.970001220703,65.5229832553787,139.138636748852,-173.970001220703,1.09083080291748,14.6999998092651,7.07000017166138,16.1429996490479,40.6199989318848,991.217496431791
11,-0.0293776702106945,-0.0593536472302207,0.481,-0.147109225285586,-0.0354370820402043,-7.64764411379685,-0.0115823684924387,0.06310186403219,-0.0317549113012561,0.0031873634992745,-0.00934495668305541,1.52210224487842,-0.0240521002168774,0.0202646255703159,-0.040702642476497,13.0492483932902,-6.06917683335996,-0.698305188777994,6.69519778159398,12.7446036683356,-0.595672060316838,7.16415270154959,-5.90495263191614,-2.81,0.10888478761183,0.0736655454899584,14.3674783217601,18.7864077763065,0.169789992643874,1.11053245262742,173.985549926758,65.6843788308727,139.450105961472,-173.985549926758,1.09087252616882,14.6928205490112,7.07000017166138,16.1429996490479,40.6199989318848,991.219592493823
11.025,-0.0285791510297368,-0.0595145708891664,0.481,-0.128567679206453,0.000991592808316094,-8.33330876800781,-0.030827949540219,0.0774476202914769,-0.0295886079466133,0.00600636673939494,-0.00917155929264359,1.52185818386152,-0.0251958165120345,0.0808640032374135,-0.0306896032505779,13.0508305405909,-6.03764899469315,-0.638570011650447,6.66518529632369,12.7456786567275,-0.555099439046349,7.16414483176508,-5.90466648281868,-2.81,0.110996391639532,0.0758039662083299,14.3594110562251,18.7927888026762,0.169790217802536,1.11053250452113,174.017517089844,66.0158161728985,140.089730237401,-174.017517089844,1.0909583568573,14.6780776977539,6.9663462638855,16.151481628418,40.6199989318848,991.215932992788
11.05,-0.0252421381698035,-0.0622267326558115,0.481,-0.0389449980896153,0.0170227890599481,-8.55379007707631,-0.0325891995481643,0.0761244393078739,-0.0265802806193176,0.00593213284873545,-0.00628231544154339,1.521073748262,-0.0496210999912879,0.107587557698906,-0.0216763039159949,13.051205217499,-6.02713839128978,-0.595972068425656,6.66490911960317,12.7394011350532,-0.549711443407566,7.16413696198058,-5.90438033372121,-2.81,0.114221480021892,0.0766140824217498,14.3540678024292,18.786929505725,0.169790442961197,1.11053255641484,174.049438476562,66.3472535163425,140.729354513329,-174.049438476562,1.09104418754578,14.6633338928223,6.96000003814697,16.1520004272461,40.6199989318848,991.212273491753
11.075,-0.0214343431159348,-0.0634931129325198,0.481,0.00939664435601429,-0.0101795530465393,-9.06510019423146,0.00592531573038942,0.0966922843593593,-0.0173397408952463,0.00500276372359994,-0.00190015683167773,1.52061632312363,-0.0461574159831622,0.137552209800015,-0.014660482835612,13.0520159845593,-6.01799469166459,-0.504162573907123,6.66255041230348,12.7348511121104,-0.509460917949805,7.16412909219607,-5.90409418462374,-2.81,0.12084098181137,0.0771065303094949,14.3540678024292,18.7870791507039,0.169790668119859,1.11053260830855,174.081390380859,66.6786908583684,141.368978789179,-174.081390380859,1.09112989902496,14.6485900878906,6.96000003814697,16.1520004272461,40.6199989318848,991.208613990719
11.1,-0.0204751070938544,-0.0631761933640917,0.481,0.0615072180630311,0.121492316610607,-10.0108690569411,0.0442946006945737,0.116663224550659,-0.00629163536210172,0.00326209775340248,0.00175243335015232,1.5202547269788,0.0944098356233769,0.0917699509653222,-0.00841942323310554,13.0469203035842,-5.98736705473305,-0.401507227578864,6.63747479404764,12.7270885588138,-0.443899633331402,7.16412006264296,-5.90379643067987,-2.81,0.128159884778654,0.0785900490248334,14.3466897377601,18.7879126481849,0.169790799299253,1.11053263854228,174.100006103516,66.871789136698,141.741629454268,-174.100006103516,1.09117984771729,14.6400003433228,7.01692295074463,16.141565322876,40.6199989318848,991.202162522536
11.125,-0.015879510836626,-0.0627093492550998,0.481,0.211838565240127,0.153923214640427,-10.5141087164126,0.0912454049195876,0.0882091085306642,-0.00291269921045913,0.00661370786295007,0.00316189841154608,1.52049622073968,0.0475920180903636,0.12904097171402,-0.00442773198470352,13.0494735031066,-6.01012854103353,-0.344847067320527,6.65616666122915,12.7296277438649,-0.425847588267371,7.16410750170867,-5.90346334112158,-2.81,0.130247363265354,0.0777862182113886,14.3230184469468,18.7918671238704,0.169790799299253,1.11053263854228,174.100006103516,66.871789136698,141.741629454268,-174.100006103516,1.09117984771729,14.6400003433228,7.01999998092651,16.1410007476807,40.6199989318848,991.191813933544
11.15,-0.0144462255292804,-0.064778111588588,0.481,0.269460320071637,0.0932231884860016,-10.608902876599,0.12771710042002,0.0468950451741298,-0.00199402845866227,0.0104952531201018,0.00394818018719812,1.52052109861009,0.107328295368346,0.0738574024923404,-0.0027881256098305,13.0372938764197,-6.01018244998224,-0.323215510039551,6.65396500597539,12.7173472725759,-0.437745378154209,7.16409494077439,-5.90313025156329,-2.81,0.130187288710898,0.0784077896260617,14.3061103820801,18.7779127638888,0.169790799299253,1.11053263854228,174.100006103516,66.871789136698,141.741629454268,-174.100006103516,1.09117984771729,14.6400003433228,7.01999998092651,16.1410007476807,40.6199989318848,991.181465344551
11.175,-0.0134936978180648,-0.0663629694423098,0.481,0.324778935905319,-0.0037734102786251,-10.3184798013581,0.145276475392865,-0.000506691476082414,-0.00136860725632932,0.0146090192405096,0.00446137918803126,1.52045105405591,0.213757236819221,-0.0218403405711477,-0.00217921739161349,13.018348929376,-5.9966468163236,-0.320479853687878,6.63877120065251,12.6983989276653,-0.466123205368972,7.16408237984011,-5.902797162005,-2.81,0.1289964059703,0.0798488466058632,14.3061103820801,18.7556446498049,0.169790799299253,1.11053263854228,174.100006103516,66.871789136698,141.741629454268,-174.100006103516,1.09117984771729,14.6400003433228,7.01999998092651,16.1410007476807,40.6199989318848,991.171116755559
11.2,-0.0128610134779287,-0.0670135765976645,0.481,0.284322263005009,0.144639201530873,-10.0034068557935,0.119047842999651,-0.0518258675600153,-0.00191247085219766,0.0153252630143635,0.00464114973251504,1.5204340683283,0.208877581662868,-0.0370934642237869,-0.00326688388007942,13.0056042695364,-5.9877138906317,-0.275605983902935,6.6298234304204,12.686092431025,-0.427690101767065,7.16406056941873,-5.9022116300362,-2.81,0.131241524060453,0.0804671286542878,14.304765579028,18.7479560922883,0.169790877167789,1.11053265644309,174.104278564453,66.9861189422729,141.962836160325,-174.104278564453,1.09177660942078,14.6314535140991,7.06786346435547,16.1467437744141,40.6199989318848,991.16408075838
11.225,-0.015379238444584,-0.078423307670926,0.481,0.204659510677036,-0.0284248607368263,-9.60500122838863,0.100177004166356,-0.0905482124172023,-0.00704951066589684,0.015728686483441,0.00439371113398822,1.52028972320917,0.0274199093122969,-0.0381762580344502,-0.011824956306352,12.9966658081009,-5.96843779602893,-0.293276006711528,6.61152903604762,12.6772214173546,-0.444211221722467,7.16403649038789,-5.90156418185103,-2.81,0.130139168362072,0.0816439578536848,14.2995880872775,18.7369553388958,0.169791101039829,1.11053270790793,174.116561889648,67.3148171343643,142.598805440476,-174.116561889648,1.09349203109741,14.6068801879883,7.07000017166138,16.1469993591309,40.6199989318848,991.163255870852
11.25,-0.0147457216035054,-0.0765146511704135,0.481,0.104699766702514,-0.0845393536809904,-8.61443464507309,0.0292652875955598,-0.115620845850218,-0.00419528242270177,0.0173641614666859,0.00214094388265683,1.51999835168011,0.014814771943609,-0.0812546326332512,-0.0113851681252297,12.9882914120946,-5.91210731259418,-0.349856916831222,6.55696859028738,12.6706999013763,-0.480263946826124,7.16401241135704,-5.90091673366587,-2.81,0.125851490356162,0.0850151102376901,14.2956209182739,18.7270156916988,0.16979132491187,1.11053275937277,174.128845214844,67.6435153250376,143.234774720548,-174.128845214844,1.09520757198334,14.5823078155518,7.07000017166138,16.1469993591309,40.6199989318848,991.162430983323
11.275,-0.016975028013972,-0.0765196816778441,0.481195194864134,-0.010578267819699,-0.140659891601896,-8.37185856456487,0.0143890070812227,-0.123389119875065,-0.00114401768057745,0.0229179949948896,-0.00451177813792506,1.51978695202892,0.0355610461281926,-0.119840995743684,0.00381951646075991,12.9859436172444,-5.90115691820489,-0.346861880359234,6.54621708591524,12.6706931911837,-0.423407234865182,7.1639883323262,-5.90026928548071,-2.81,0.121742121960424,0.0863797408896704,14.2956209182739,18.7338760978385,0.16979154878391,1.1105328108376,174.141128540039,67.972213517129,143.87074400062,-174.141128540039,1.09692311286926,14.5577344894409,7.07000017166138,16.1469993591309,40.6199989318848,991.161606095795
11.3,-0.0217101892246004,-0.0898416572519911,0.48216586891948,-0.044245471219354,-0.191147555338289,-8.02415395734021,-0.0636688382635815,-0.125705874631255,0.00594329124399074,0.0222595031945743,-0.00759142562297461,1.51970568121115,-0.0255031779132972,-0.125362716240229,0.00851833874522992,12.9830342996991,-5.8876084253832,-0.343930917562674,6.53401233332147,12.6691147648455,-0.376317654432778,7.16396441173782,-5.89962919823245,-2.81,0.12122491665504,0.0869942077659082,14.2941828752175,18.7381402958397,0.169791710361122,1.11053284798179,174.149993896484,68.209447863626,144.329747915814,-174.149993896484,1.09816122055054,14.539999961853,7.18589735031128,16.1383075714111,40.6193161010742,991.16114846254
11.325,-0.0226677252493015,-0.089202454038505,0.48313706294517,-0.00564144367911568,0.0174370230868779,-8.0072603666475,-0.11056003779766,-0.118981053986718,0.0102865342129708,0.0222525149583817,-0.00762410834431648,1.51970481872559,-0.0261512212455273,-0.125421315431595,0.00856820493936539,12.9822551757571,-5.86594241431416,-0.356729460763788,6.51207540522742,12.6695573300353,-0.388171021946723,7.16394458809759,-5.89917944744434,-2.81,0.120545025833491,0.0881554281135542,14.2872622930087,18.7373470518599,0.169791710361122,1.11053284798179,174.149993896484,68.209447863626,144.329747915814,-174.149993896484,1.09816122055054,14.539999961853,7.19000005722046,16.1380004882812,40.6168594360352,991.161643395057
11.35,-0.0255237170595802,-0.0872959365856601,0.484108238475859,-0.0291210960187209,-0.181857540514492,-7.7438779857073,-0.168589869676389,-0.104992812824415,0.0145201116053148,0.0175193804461396,-0.0108665284457349,1.52011855819243,-0.136587293603274,-0.0815163727305257,0.0151299203611697,12.9843429602988,-5.84863402286773,-0.372493125933585,6.49167025197703,12.6761683740232,-0.333775172810658,7.16392476445736,-5.89872969665623,-2.81,0.120552400091196,0.0882111589186727,14.2815999984741,18.7512787260088,0.169791710361122,1.11053284798179,174.149993896484,68.209447863626,144.329747915814,-174.149993896484,1.09816122055054,14.539999961853,7.19000005722046,16.1380004882812,40.6144027709961,991.162138327574
11.375,-0.0260097040566053,-0.0811054316582153,0.485051688321525,-0.0791268524981808,-0.187810479617388,-7.70230394379272,-0.25009995745958,-0.0921461632809839,0.0251830058868782,0.00769524784569191,-0.0134701521772116,1.52099542511141,-0.303763418255354,-0.042605443705694,0.0272384283489768,12.9719588570465,-5.80598866282572,-0.403288763603367,6.44150915758992,12.6718661742931,-0.273185288963411,7.16390494081713,-5.89827994586812,-2.81,0.122047471861743,0.0888046959814581,14.2815999984741,18.756535166973,0.169791710361122,1.11053284798179,174.149993896484,68.209447863626,144.329747915814,-174.149993896484,1.09816122055054,14.539999961853,7.48166656494141,16.1613330841064,40.6119422912598,991.162633260091
11.4,-0.0261726058943913,-0.0790224822807292,0.485875503201883,0.0436868157409413,-0.168230288028476,-8.14770166201148,-0.290393258688167,-0.0621092638889269,0.0365147458031886,-0.00092218816280365,-0.0154030071571469,1.52143657207489,-0.213473692536354,-0.0926205441355705,0.0329033918678761,12.9679336252179,-5.79283719629693,-0.440488673140653,6.42627402057059,12.6714602402038,-0.235357505718751,7.16388216636628,-5.89775607255464,-2.81,0.122884279085117,0.0881031716363908,14.2802795997033,18.7613604043022,0.169791757082244,1.11053285863277,174.15153503418,68.2774740980423,144.462471939433,-174.15153503418,1.09846556186676,14.5394878387451,7.48999977111816,16.1620006561279,40.6100006103516,991.164035894932
11.425,-0.0274703025509591,-0.063159303222662,0.486684824138568,0.151608416809525,-0.0261558017464933,-8.2374402998344,-0.310071091539505,-0.0515683131776303,0.0463746410148497,-0.00525246027799261,-0.0162985091882249,1.52219093880068,-0.220701125854892,-0.0892818560497018,0.040264920844829,12.9690416738664,-5.82460133896943,-0.41926821856846,6.45018296211556,12.6752329545375,-0.177250779832395,7.16384884212305,-5.89696719502595,-2.81,0.125393953205991,0.0854951157866511,14.2718070409237,18.771449220559,0.169791980954284,1.11053290966874,174.158905029297,68.603433137363,145.098441219505,-174.158905029297,1.09992372989655,14.5370311737061,7.48999977111816,16.1620006561279,40.6100006103516,991.168880234417
11.45,-0.0293776702106945,-0.0593536472302207,0.487494141255878,0.136896250475396,-0.000827995412552629,-8.07955311677184,-0.302007872863024,-0.0628394405984642,0.053732107430499,-0.0151673428596253,-0.0181274475127837,1.52407134569698,-0.221778812402751,-0.084025864198634,0.0553784675095005,12.9612954612003,-5.82907244719132,-0.425871269978705,6.43407496873438,12.6785970103567,-0.102416363003702,7.16381551787983,-5.89617831749726,-2.81,0.128307296495354,0.0831601040776023,14.2644348144531,18.7852550927755,0.169792204826325,1.1105329607047,174.166275024414,68.9293921766837,145.734410499498,-174.166275024414,1.10138189792633,14.5345726013184,7.48999977111816,16.1620006561279,40.6100006103516,991.173724573902
11.475,-0.0289147699576337,-0.0502850120229737,0.488303460292406,0.177946038478978,0.0314658037744397,-8.04736799417343,-0.267437796621042,-0.0479591202633888,0.0653973833527767,-0.0223208490073156,-0.0190901719994104,1.52567482421204,-0.197628682689218,-0.0840822393447901,0.063476070092809,12.95489314221,-5.84385497847931,-0.440422566524748,6.43077891199276,12.681287071666,-0.0625313021421878,7.1637821936366,-5.89538943996857,-2.81,0.129974198626112,0.0807757233305206,14.2644348144531,18.7930515955904,0.169792428698366,1.11053301174066,174.173645019531,69.2553512174225,146.37037977957,-174.173645019531,1.10284006595612,14.532114982605,7.48999977111816,16.1620006561279,40.6100006103516,991.178568913386
11.5,-0.0287623270258866,-0.0472880129965979,0.488894374233357,0.203246383810883,0.0425979467287971,-8.06206209225984,-0.241813206705214,-0.0234697734512599,0.0719004588589704,-0.0277249719947577,-0.0189172923564911,1.52799785137177,-0.288455426692963,0.0265635326504707,0.0756969153881073,12.9526692334041,-5.87119614812357,-0.461028658748626,6.43066153919668,12.6924746356211,-0.053025430797063,7.16374886939337,-5.89460056243988,-2.81,0.130906628274801,0.077739203711667,14.2663269532033,18.8047252100982,0.169792621422992,1.11053305567597,174.179992675781,69.5359594333262,146.917866377125,-174.179992675781,1.10409533977509,14.5299997329712,9.13145351409912,16.1148204803467,40.6100006103516,991.181827382145
