0,-0.0623628905194344,-0.0783485208360768,0.410779407618974,0.0691483389493731,-0.311488477219413,-10.6028259936999,-0.311681160755808,-0.00799210714837202,0.0141173264720851,0.0910467058420181,-0.130276262760162,1.74865305423737,-0.377976894378662,0.0283451620489359,0.0240568593144417,10.0279265829401,-3.63424937445223,0.817016473937722,1.88721022840131,10.377772492718,1.78181694638689,7.08011953164861,-5.75359220004862,-2.81,0.124341324364984,0.140759078373032,10.6236953735352,17.5576768609038,0.169695994759614,1.11051632844042,177.940002441406,0,0,-177.940002441406,1.32837009429932,10.6899995803833,2.61999988555908,16.3320007324219,41.0999984741211,990.932922363281
0.025,-0.0596723557983749,-0.0715102605187656,0.410779407618974,-0.44707702328008,-0.118712649987874,-10.5892892917747,-0.313127768482567,0.0463291993026409,0.0161988827328359,0.0846356532906775,-0.129056166954638,1.7491520571554,-0.319589130028674,0.0764040742445677,0.022313129201862,10.0573193854622,-3.60920032299664,0.776129967542744,1.8450460536595,10.4058208087196,1.75871438156526,7.0804789435492,-5.75436168856078,-2.81,0.124505883622023,0.141286212921555,10.6236953735352,17.5907477666604,0.169696176370406,1.1105163484263,177.855377197266,0.127646789849796,0.515920805381898,-177.855377197266,1.33080315589905,10.6850204467773,2.96000003814697,16.298999786377,41.0975112915039,990.936842378657
0.05,-0.0604541867328285,-0.0764115756216462,0.410779407618974,-0.407870214608511,-0.089765264531636,-10.9940495712522,-0.353486821097263,0.0811365793572426,0.0261873598611139,0.0769650110045961,-0.127218497071266,1.75019608185774,-0.292243124527539,0.095059067807506,0.0241874760881668,10.0807655395813,-3.60638658987722,0.760854427184461,1.82219705101044,10.4307876016392,1.75642405921846,7.08083835544979,-5.75513117707293,-2.81,0.126830837787724,0.140239637280414,10.6236953735352,17.6207123513333,0.169696357981198,1.11051636841217,177.770721435547,0.255293579699592,1.03184161084264,-177.770721435547,1.33323621749878,10.6800422668457,2.96000003814697,16.298999786377,41.0950202941895,990.940762394033
0.075,-0.0598313187137505,-0.0732732496298686,0.410779407618974,-0.367313124086544,0.102816188283365,-11.2731255836089,-0.325512366769087,0.0972538233295465,0.030024337138057,0.0665948552965249,-0.124602717208236,1.75158297857163,-0.336645735338191,0.0954466249396558,0.0346967754477724,10.0942465168424,-3.61788535826884,0.759649762723417,1.81141033434281,10.4476759996635,1.76771993739377,7.08119776735038,-5.7559006655851,-2.81,0.131246540099153,0.138055877416979,10.6399688720703,17.6431878117557,0.169696539591991,1.11051638839805,177.686080932617,0.382940368131222,1.54776241630339,-177.686080932617,1.33566927909851,10.6750640869141,2.96000003814697,16.298999786377,41.0925331115723,990.944682409408
0.1,-0.0573219808319406,-0.0542298656446508,0.410779407618974,-0.366916777073425,-0.114780539170012,-11.5545590915981,-0.334056637032084,0.115988200603683,0.0361759298210027,0.0592437104879276,-0.122023233220636,1.75276087066724,-0.353535432434617,0.11235638564248,0.0427728042896032,10.0945072917403,-3.61102930581648,0.714602754231678,1.78465693122419,10.4541968759844,1.72453893050012,7.08155717925097,-5.75667015409725,-2.81,0.132215989852046,0.137373001015375,10.6562423706055,17.6468525640341,0.169696721202783,1.11051640838393,177.601455688477,0.510587159399184,2.06368322168529,-177.601455688477,1.33810234069824,10.6700849533081,2.95965957641602,16.2990665435791,41.0900421142578,990.948602424784
0.125,-0.0560699840711721,-0.0514047477496844,0.410779407618974,-0.296455309053829,0.15213229692636,-11.7682875279188,-0.338262523203798,0.132549084651115,0.043144593045258,0.0538456639783392,-0.119467230238878,1.75380355074207,-0.35262611297718,0.139954907917971,0.0492746697158193,10.0854189110247,-3.59934082531751,0.64847356390624,1.75592971368097,10.4535678911807,1.65259678561491,7.0819378245953,-5.7575287759633,-2.81,0.131382672333384,0.137272059180907,10.6562423706055,17.6374824626417,0.169696724307241,1.11051640872557,177.600006103516,0.512769154522039,2.07250238077388,-177.600006103516,1.3381439447403,10.6700000762939,2.92000007629395,16.306999206543,41.0924453735352,990.952626979097
0.15,-0.0532120347801417,-0.0488934304374949,0.410779407618974,-0.273368129881985,0.0746198664818534,-12.0860627390803,-0.292959468392425,0.139956563802033,0.0473464697674465,0.0449897889376047,-0.115832556747685,1.75579308106811,-0.27992397704487,0.142654213180062,0.0537199491227837,10.095340711567,-3.6048758650444,0.599538082095857,1.73104282200771,10.4743470745668,1.60063240838533,7.08238928958021,-5.75868468319498,-2.81,0.132944555407963,0.135282297499123,10.6562423706055,17.6522493554335,0.169696724307241,1.11051640872557,177.600006103516,0.512769154522039,2.07250238077388,-177.600006103516,1.3381439447403,10.6700000762939,2.92000007629395,16.306999206543,41.0949325561523,990.956653351479
0.175,-0.051761145914522,-0.0467196602239907,0.410779407618974,-0.213538937267667,0.180498180714993,-12.1189027175576,-0.26270696614049,0.124886433355354,0.0581863125356614,0.0387707203626633,-0.113420218229294,1.75726020336151,-0.211006656289101,0.133869782090187,0.0552810989320278,10.1097798599847,-3.62664998695487,0.532995960466447,1.72747193427356,10.5027580640158,1.53370055882959,7.08284075456512,-5.75984059042666,-2.81,0.132082423675194,0.13279579491587,10.6705079078674,17.6640829012321,0.169696724307241,1.11051640872557,177.600006103516,0.512769154522039,2.07250238077388,-177.600006103516,1.3381439447403,10.6700000762939,2.92000007629395,16.306999206543,41.0974235534668,990.960679723861
0.2,-0.0503652347317194,-0.0370837231457874,0.410779407618974,-0.295730158514875,0.211006821222809,-11.3819669015213,-0.188472986112073,0.0774868799240617,0.0655351254781718,0.0303447282724525,-0.110198596318474,1.76015222683492,-0.223295204508912,0.0547827865865724,0.072416195709535,10.092188113214,-3.64679409464464,0.466335641650773,1.71312235080886,10.5020496742574,1.46321613663041,7.08329221955002,-5.76099649765833,-2.81,0.132436858299675,0.129768624720475,10.6847734451294,17.6517922987825,0.169696724307241,1.11051640872557,177.600006103516,0.512769154522039,2.07250238077388,-177.600006103516,1.3381439447403,10.6700000762939,2.91387248039246,16.307373046875,41.099910736084,990.964706096243
0.225,-0.0508500435462459,-0.0376338786029958,0.410536615926386,-0.445302421236902,0.154091795979705,-10.8438904881506,-0.117973511257079,0.0398167743832174,0.0677201985180952,0.0290689877457936,-0.109369902506464,1.76186356738641,-0.13926657225074,0.044275410342248,0.0760052967761542,10.0734440145615,-3.65299954134015,0.412665594559604,1.70154724408061,10.4939233844066,1.40402344525854,7.08369713967318,-5.76204037787855,-2.81,0.130185478021544,0.128740538732606,10.6847734451294,17.6346785889775,0.169696901387604,1.11051642718892,177.525482177734,0.630691828827964,2.57555312150842,-177.525482177734,1.34330534934998,10.6964473724365,2.55999994277954,16.3290004730225,41.0975952148438,990.96953956117
0.25,-0.0522547946889594,-0.0466189801011453,0.410293818418839,-0.494977851616901,0.15516188655586,-10.8687445413126,-0.0612994616631868,0.0691345003093708,0.0670837260531853,0.0290611525093978,-0.108669827319555,1.76273625297812,-0.0510950143352603,0.0608517570032906,0.0643317157624559,10.0904479810036,-3.6720021924952,0.411636154824888,1.7075590307932,10.5167426208901,1.39733735557976,7.08402257087846,-5.76289293932419,-2.81,0.130230834788816,0.127186078647647,10.6847734451294,17.6531748361284,0.169697084736299,1.11051644630585,177.448303222656,0.752788758434487,3.09641096817805,-177.448303222656,1.34864926338196,10.7238292694092,2.55999994277954,16.3290004730225,41.0951080322266,990.974401595745
0.275,-0.0512936058342663,-0.0485367824220874,0.410051020920516,-0.41793339937594,0.0559907009147999,-11.2645657467995,-0.0342345987268756,0.128166059805121,0.0636196716545648,0.02559490509875,-0.105444521391938,1.76514664231415,-0.043527246912637,0.103829399881672,0.0633401740889395,10.1205103578723,-3.69060855118142,0.432558973845019,1.69396276503304,10.5545901548571,1.40126566409932,7.08434800208374,-5.76374550076982,-2.81,0.133543808373967,0.124538764827839,10.6893811225891,17.6940410892238,0.169697268084994,1.11051646542277,177.371124267578,0.874885686622843,3.61726881476883,-177.371124267578,1.35399341583252,10.7512130737305,2.55999994277954,16.3290004730225,41.0926170349121,990.979263630319
0.3,-0.0465386362465377,-0.0421746713589858,0.409808229215399,-0.341070122996891,0.078213456169916,-11.4468448865603,-0.0439024568933671,0.128943307905912,0.0586318239646462,0.0227535602737968,-0.101491554009811,1.76766178831283,-0.0989232703706614,0.110136540062932,0.0659126277780633,10.1069906205771,-3.69974625937778,0.398554515375454,1.67574810560216,10.5547809473328,1.33667308281848,7.08467343328901,-5.76459806221546,-2.81,0.134172393428099,0.122806057991337,10.6939888000488,17.6854036457624,0.169697451433688,1.1105164845397,177.2939453125,0.996982616229365,4.13812666135961,-177.2939453125,1.35933744907379,10.7785949707031,2.56612753868103,16.3285675048828,41.0901298522949,990.984125664894
0.325,-0.0452834105115248,-0.0428472042148211,0.409565429395555,-0.355663148657033,0.136110998098809,-11.4480315603384,-0.0575364148377392,0.0626456266207137,0.0557310361681336,0.0227509409949707,-0.100082094121921,1.76908901696157,-0.10517950160288,0.0622090319086453,0.0623763401991884,10.0780275065474,-3.68471108827461,0.339848219975628,1.6487950395821,10.5332361193782,1.26160326976273,7.08499886449429,-5.76545062366109,-2.81,0.13156823470547,0.123308039326161,10.6939888000488,17.6572210372996,0.169697460836185,1.11051648552005,177.289993286133,1.00324399705301,4.16483732018339,-177.289993286133,1.35961151123047,10.7799997329712,2.79999995231628,16.3120002746582,41.0900001525879,990.984375
0.35,-0.0471694171537175,-0.0504365504677386,0.409322635387609,-0.409182947580684,0.187642782893104,-11.1579568412185,-0.0462257746731388,0.0244811377351635,0.0497347913136423,0.0210462587609794,-0.099113353149364,1.77041020136215,-0.0628824368384968,0.0745207405027714,0.0545789762126694,10.0754175110187,-3.6900346871902,0.332442489673084,1.63975792436789,10.5351085595265,1.25043736804871,7.08545981074869,-5.76652945993149,-2.81,0.132043835508869,0.122281231028512,10.6939888000488,17.6603007554406,0.169697460836185,1.11051648552005,177.289993286133,1.00324399705301,4.16483732018339,-177.289993286133,1.35961151123047,10.7799997329712,2.79999995231628,16.3120002746582,41.0900001525879,990.984375
0.375,-0.0471694171537175,-0.0504365504677386,0.409079839629801,-0.506592114798751,0.148055315768714,-11.0793052630182,-0.043374875407755,0.0676513850611014,0.0434991135238992,0.0193415765269881,-0.0981446121768074,1.77173138576272,-0.020585372074113,0.0868324490968976,0.0467816122261503,10.0932010577766,-3.69326130835113,0.316821718929874,1.62431549312513,10.5571864971262,1.2331565714629,7.0861614567363,-5.76801020204414,-2.81,0.131894817870526,0.121244581759144,10.6986999511719,17.6830688416401,0.169697460836185,1.11051648552005,177.289993286133,1.00324399705301,4.16483732018339,-177.289993286133,1.35961151123047,10.7799997329712,2.79202127456665,16.3126068115234,41.0900001525879,990.984375
0.4,-0.0446338028164202,-0.0479009361304412,0.409,-0.520601124831654,0.2659460048932,-11.3815564968105,-0.0225822504366892,0.13794076014603,0.0402656877273839,0.0188893269468169,-0.0952581493896031,1.77307829109398,-0.0141042163284361,0.111053115852944,0.0442863732446998,10.1127095687759,-3.70588446513752,0.299601870511264,1.61712047810646,10.585753238086,1.19037200648119,7.08682115845227,-5.76940210198353,-2.81,0.13205172082863,0.119835698903875,10.7034111022949,17.7034377430096,0.169697460836185,1.11051648552005,177.289993286133,1.00324399705301,4.16483732018339,-177.289993286133,1.35961151123047,10.7799997329712,2.54999995231628,16.3309993743896,41.0900001525879,990.984375
0.425,-0.0433395846936935,-0.0479029962188492,0.409,-0.344592402150294,0.28843036503664,-11.5126298520842,0.0296152540300674,0.139529042890738,0.037686100648495,0.0193680755739488,-0.0911431900745557,1.77441063156241,-0.0302041825791764,0.141183280354746,0.0451690473843912,10.1114816292631,-3.72893186337687,0.29204021429727,1.62463998668071,10.596938770434,1.13917280372667,7.08712156961484,-5.77003298850325,-2.81,0.133143083854636,0.118103480521046,10.7034111022949,17.7006337580167,0.169697633672056,1.1105165025203,177.232025146484,1.11182203563245,4.65583028721747,-177.232025146484,1.36260676383972,10.782320022583,2.54999995231628,16.3309993743896,41.0900001525879,990.992344243476
0.45,-0.0405050711582499,-0.0546365429877038,0.409,-0.279102234457777,0.265293471999872,-11.3804475303846,0.0705041053431946,0.0596538934748169,0.0284265571791364,0.021663618396521,-0.0905874238451164,1.77469629073542,0.0318377862157593,0.0938793915584074,0.0356114333136165,10.0789376776239,-3.71861577094863,0.271117447559993,1.61745217549098,10.5667944588402,1.1014971431509,7.08742198077742,-5.77066387502297,-2.81,0.131664126979125,0.119080659583991,10.7034111022949,17.6672840126132,0.169697819193129,1.11051652076828,177.169769287109,1.22836910357754,5.18285943535877,-177.169769287109,1.36582183837891,10.7848081588745,2.54999995231628,16.3309993743896,41.0900001525879,991.000898385555
0.475,-0.0423925044532774,-0.0641148888699424,0.409,-0.359745713023903,0.196007365418052,-11.0990669580901,0.0846513696052276,-0.00816663720571482,0.0159881860073772,0.0244270654121268,-0.0909870525507829,1.77542134914701,0.142168452442642,-0.00776902466886329,0.010248865509871,10.0891683565988,-3.71807435643398,0.252274678503503,1.60679294464362,10.5799992368667,1.07743683904197,7.08772239193999,-5.77129476154269,-2.81,0.129389319601753,0.11906853610755,10.6955018043518,17.6781664265896,0.169698004714201,1.11051653901625,177.107543945312,1.34491617294078,5.70988858350008,-177.107543945312,1.36903703212738,10.7872972488403,2.53989362716675,16.3318881988525,41.0900001525879,991.009452527635
0.5,-0.0427088214217873,-0.065032588754491,0.409,-0.491647499428068,0.144236775938806,-10.7706312679733,0.0532357326281098,-0.00713726386655061,0.0060547623456842,0.0244059806779857,-0.0916084462072184,1.77567868211377,0.139007869716435,-0.0291630832670624,0.00591657590411823,10.0966868576282,-3.71587646339687,0.240007955794622,1.60001019124142,10.5876632489485,1.07227866054597,7.08802280310256,-5.7719256480624,-2.81,0.128357140086256,0.119031138162966,10.6875925064087,17.6869024677946,0.169698190235274,1.11051655726422,177.045303344727,1.46146324088587,6.23691773172023,-177.045303344727,1.37225210666656,10.7897872924805,2.29999995231628,16.3530006408691,41.0900001525879,991.018006669714
0.525,-0.0441318829029357,-0.0649056270348918,0.409,-0.531076720037928,0.244463544245641,-10.5065056912891,0.065096588894725,0.0306414658305286,-0.00615081763541183,0.0235292604628205,-0.0916248971278593,1.77578899106053,0.0446389471217149,-0.0212949065690661,0.00344699272379719,10.0980688880434,-3.69260636543327,0.163670031958449,1.5725507617935,10.5905370435029,1.00036700707535,7.08836147389929,-5.77272393753817,-2.81,0.124297784253147,0.120245191662985,10.6875925064087,17.6833077922104,0.169698206091776,1.11051655882388,177.039993286133,1.47142452901108,6.28196295802542,-177.039993286133,1.37252688407898,10.789999961853,2.29999995231628,16.3530006408691,41.0877227783203,991.020585859583
0.55,-0.0436414314494895,-0.0723470145435433,0.409,-0.482934335422875,0.089187024058266,-10.5005047568236,0.0458261554477436,0.0475501765146482,-0.0118916518809593,0.0263698672558888,-0.0899397371989244,1.77551494637261,0.0186732508651505,0.02871090519433,-0.00903350023422074,10.0977949167914,-3.65996374725604,0.136920019397796,1.54206282478493,10.5879385301973,0.947176767925364,7.08878850619752,-5.77390884797576,-2.81,0.122576577553133,0.122589657547379,10.6875925064087,17.6802882520877,0.169698206091776,1.11051655882388,177.039993286133,1.47142452901108,6.28196295802542,-177.039993286133,1.37252688407898,10.789999961853,2.29999995231628,16.3530006408691,41.0852355957031,991.022606642703
0.575,-0.0417284162906186,-0.076487733733931,0.409,-0.450973620010698,0.172779312445733,-10.4280076788663,0.0171922463448208,0.0230494989409432,-0.0186520197408292,0.0291265414448766,-0.0892348920330919,1.77492764124074,0.0594332833849692,0.0228982564589906,-0.0251161884109059,10.1060448496948,-3.64553943806921,0.150816515114923,1.53292929264277,10.5925400148734,0.945023669997626,7.08921553849576,-5.77509375841335,-2.81,0.12271757865398,0.123926727678394,10.6813697814941,17.6881868755544,0.169698206091776,1.11051655882388,177.039993286133,1.47142452901108,6.28196295802542,-177.039993286133,1.37252688407898,10.789999961853,2.29999995231628,16.3530006408691,41.0827484130859,991.024627425823
0.6,-0.0426818601448693,-0.0790078311114075,0.409,-0.51529391173992,0.107493242324566,-10.3164753878695,0.0279932031283504,-0.00613367806650341,-0.0249604933074138,0.0285825864275963,-0.0896193772205089,1.7746649141095,0.0800682619355462,-0.00645157231393753,-0.0288146824215182,10.115387284048,-3.64238931813375,0.15776581708855,1.53115207730265,10.5994996196318,0.958713217689759,7.08964257079399,-5.77627866885094,-2.81,0.123059681809955,0.12407741544578,10.6751470565796,17.6993257057145,0.169698206091776,1.11051655882388,177.039993286133,1.47142452901108,6.28196295802542,-177.039993286133,1.37252688407898,10.789999961853,2.30102109909058,16.352897644043,41.0802574157715,991.026648208943
0.625,-0.0433174852684099,-0.0771090113887224,0.409313825293274,-0.540692160835656,0.127942335880454,-10.0231109858771,-0.00463201152869685,-0.00391188464960567,-0.0265984294701778,0.0276753973067481,-0.089857690706957,1.77417065882601,0.0493140703861828,-0.0134004950690413,-0.0282364788141309,10.1202015249887,-3.63166817976582,0.13980777633136,1.52417652555846,10.6021993889672,0.947255469317297,7.09000411585535,-5.77718409953731,-2.81,0.122225294198059,0.124768547682341,10.6751470565796,17.7025311435997,0.169698206091776,1.11051655882388,177.039993286133,1.47142452901108,6.28196295802542,-177.039993286133,1.37252688407898,10.789999961853,2.3199999332428,16.3509998321533,41.0800018310547,991.029091692985
0.65,-0.0433103674865345,-0.0815806458395817,0.41154556058511,-0.572259210334066,0.0868099462696837,-9.73342745052974,-0.00497906659500072,0.00671567560535923,-0.0301185360113421,0.0276812447079444,-0.0894670037066792,1.77326359476236,-0.0213490954348002,0.0089563304020368,-0.0291948626389405,10.1198830164155,-3.62432813831239,0.126922981906345,1.52601769251176,10.6004277872347,0.930643268496441,7.09029220809552,-5.77777605576407,-2.81,0.121709321814303,0.12560380084316,10.6751470565796,17.6974326971383,0.169698206091776,1.11051655882388,177.039993286133,1.47142452901108,6.28196295802542,-177.039993286133,1.37252688407898,10.789999961853,2.3199999332428,16.3509998321533,41.0800018310547,991.031583485705
0.675,-0.0423493607148307,-0.0840852889857668,0.414782827592861,-0.57909746132885,0.0192933797394595,-9.74307020729349,-0.0418630996649344,0.00785719586261774,-0.0344520796682251,0.0276845954358578,-0.0892431288957596,1.7727438211441,-0.061841107904911,0.0217674300074577,-0.0297440439462662,10.1190612440265,-3.57787909424301,0.0852183599020531,1.48430872553413,10.5930193440758,0.888059809688351,7.09058030033569,-5.77836801199084,-2.81,0.119473188368435,0.128486636571896,10.66952085495,17.6954302374607,0.169698206091776,1.11051655882388,177.039993286133,1.47142452901108,6.28196295802542,-177.039993286133,1.37252688407898,10.789999961853,2.3199999332428,16.3509998321533,41.0800018310547,991.034075278424
0.7,-0.0420375693194852,-0.0834483548727241,0.417117704788681,-0.563359474873827,-0.00526435784839807,-9.74646111537068,-0.0907782747085686,0.0110348691434153,-0.0361068041908551,0.0265461052840346,-0.089162323483027,1.7719507311504,-0.0321344123444201,0.0175676366687198,-0.0399285867869311,10.1232834834965,-3.54027753556252,0.0595451111986663,1.45400361744158,10.590182737269,0.867111416154364,7.09086839257586,-5.7789599682176,-2.81,0.118440904149485,0.130805490742555,10.6638946533203,17.6987068954923,0.169698206091776,1.11051655882388,177.039993286133,1.47142452901108,6.28196295802542,-177.039993286133,1.37252688407898,10.789999961853,2.31582951545715,16.3521919250488,41.0800018310547,991.036567071144
0.725,-0.0420415930365342,-0.0809205179578954,0.417491235808065,-0.560629889136081,-0.0181119712035272,-9.77606588223792,-0.120320444476555,0.0214224810559059,-0.0362684201508497,0.0193251639923947,-0.0887517304049556,1.77107868558786,-0.106643340740049,0.00744704145610623,-0.0327616448755912,10.1392090602711,-3.52313246118969,0.0720505977851975,1.44427972730079,10.598137820758,0.902632149404988,7.09115774634702,-5.77962377894744,-2.81,0.121644734220733,0.131170680559895,10.6638946533203,17.7172781164481,0.169698372473642,1.1105165729759,176.996154785156,1.5618113587002,6.75462135749924,-176.996154785156,1.37673425674438,10.7921905517578,2.25,16.371000289917,41.0800018310547,991.047017458652
0.75,-0.0420415930365342,-0.0809205179578954,0.417864765063315,-0.552356315704959,0.0277871522473706,-9.8230415284299,-0.150339972604952,0.0316022818640042,-0.0343703764662718,0.0171523065788819,-0.087746201280094,1.77073425891981,-0.17886706869318,0.0174134994657468,-0.029028441899871,10.1294171018112,-3.50306465290554,0.0410618156397338,1.42908530653956,10.5868443171758,0.868724034501855,7.09144900704261,-5.78039620461188,-2.81,0.121118712351209,0.132300226493846,10.6638946533203,17.705421076519,0.169698561470519,1.1105165890515,176.946380615234,1.66448377745526,7.29152458805831,-176.946380615234,1.38151347637177,10.7946815490723,2.25,16.371000289917,41.0800018310547,991.058549596908
0.775,-0.0410887085741372,-0.0770860828279388,0.418238302338887,-0.537012040123104,-0.00484705423976534,-10.0188032524905,-0.155327888464542,0.0298506612302416,-0.0295622180899803,0.0139682175249648,-0.0868311564381919,1.76984931037157,-0.188849719900973,0.0323836601951073,-0.0280620850364246,10.1187395630431,-3.48134456926006,0.00984962411622785,1.41838743306696,10.5732300717116,0.838886351109295,7.09174026773819,-5.78116863027632,-2.81,0.120914442426526,0.133638943422415,10.6655402183533,17.6908920321607,0.169698750467397,1.11051660512709,176.896591186523,1.76715619479216,7.82842781853853,-176.896591186523,1.38629269599915,10.7971706390381,2.25,16.371000289917,41.0800018310547,991.070081735165
0.8,-0.0401475040660606,-0.0726571466230826,0.418611832471476,-0.539818677867052,0.00614483497325771,-10.1218836170313,-0.180578645175132,0.0181864915248174,-0.0267708955752624,0.00931583076205637,-0.0862660258887375,1.76912582647883,-0.120267611565444,0.0249586777351123,-0.0310096103054923,10.1319063741065,-3.45661072732879,-0.0165650348858234,1.39884011060323,10.5814751423484,0.824371913129126,7.09203152843377,-5.78194105594076,-2.81,0.121143434163933,0.134699338366642,10.6671857833862,17.7026121632214,0.169698939464274,1.11051662120269,176.846801757812,1.86982861212906,8.36533104909759,-176.846801757812,1.39107203483582,10.7996597290039,2.29697895050049,16.3673915863037,41.0800018310547,991.081613873421
0.825,-0.0396804441269882,-0.0693357880123059,0.418985367046247,-0.520989875781061,-0.0539255303945688,-10.076309950611,-0.178612645114972,0.0124876226966155,-0.0209664500772446,0.00230396231553584,-0.0863386955208335,1.76892711190464,-0.146938551277049,0.000642405011419492,-0.0189966606546266,10.143052568104,-3.4643371894399,-0.00955373185984884,1.40714189841319,10.5909599450013,0.857180235632426,7.09232278912936,-5.7827134816052,-2.81,0.123745510250116,0.133380797342257,10.6671857833862,17.7162827399525,0.169699126960911,1.11051663690323,176.792724609375,1.97010557774354,8.89797238932168,-176.792724609375,1.39045023918152,10.7957019805908,2.94000005722046,16.318000793457,41.0800018310547,991.081262856341
0.85,-0.040156052410015,-0.0688601797292791,0.419358896299417,-0.500025146677942,0.0250960424455029,-9.849518105705,-0.187171286922399,0.00976582900278886,-0.0138402436819408,-0.000779054115485405,-0.085746209263008,1.76884168472656,-0.187933406135219,0.00665416803935563,-0.0109386624168423,10.1357408355427,-3.46021280532848,-0.0301878200027458,1.40522148300624,10.5842285382169,0.840645634268731,7.09268228232642,-5.78367143047792,-2.81,0.123891255839664,0.133336140751923,10.6671857833862,17.7082628531431,0.169699314219885,1.11051665254435,176.73796081543,2.0700030649588,9.42993857867186,-176.73796081543,1.38897323608398,10.7907238006592,2.94000005722046,16.318000793457,41.0800018310547,991.079029359209
0.875,-0.040156052410015,-0.0688601797292791,0.419732428217872,-0.515577156124108,-0.0386011064080997,-9.9142852056812,-0.168739354787459,0.0101130955769442,-0.00796584142595365,-0.00386207054650665,-0.0851537230051825,1.76875625754849,-0.228928260993389,0.0126659310672918,-0.00288066417905802,10.1295093190831,-3.4629299500131,-0.0443044441801496,1.40997614700301,10.5793526079861,0.830705380169787,7.09308667255562,-5.78475145374724,-2.81,0.124395703870367,0.13288991267515,10.6741504669189,17.7013101959737,0.16969950147886,1.11051666818547,176.683197021484,2.16990055217406,9.96190476802205,-176.683197021484,1.38749587535858,10.7857446670532,2.93925523757935,16.3171081542969,41.0800018310547,991.076795862076
0.9,-0.0395342913419972,-0.0605979313621475,0.42010595657405,-0.559522691176329,0.000842431872671551,-9.78750365474667,-0.17558548500038,0.0138416321207292,-0.00127438362612506,-0.00563007786878886,-0.0851029199450816,1.76865296774916,-0.221897251590429,0.0208212813311906,0.000654858728444931,10.1281308255798,-3.44856463067537,-0.082743825858184,1.39696494826255,10.5778300945057,0.797795711831259,7.09349106278483,-5.78583147701656,-2.81,0.122827320597823,0.133557865830189,10.6811151504517,17.6984750670519,0.169699688737835,1.11051668382659,176.62841796875,2.26979803938933,10.4938709573722,-176.62841796875,1.38601863384247,10.7807655334473,2.9300000667572,16.3059997558594,41.0800018310547,991.074562364943
0.925,-0.0395388316116707,-0.0577455783897669,0.420479490289337,-0.539453302891373,-0.0167579957407034,-9.73295651115836,-0.162015618413363,0.0200972148336039,0.00746273010426692,-0.0142341200262308,-0.0848979949951172,1.7691992521286,-0.0942572206258774,0.0183929745107889,0.00485755177214742,10.128468792243,-3.44049473251458,-0.115942091896819,1.38398845506412,10.5779687872802,0.792135682916945,7.0938913146023,-5.78682460184763,-2.81,0.123802548336997,0.132669462684639,10.6811151504517,17.7026787467984,0.169699717546908,1.11051668623292,176.619995117188,2.28516688335811,10.5757119095375,-176.619995117188,1.38579142093658,10.7799997329712,2.9300000667572,16.3059997558594,41.0800018310547,991.069114782455
0.95,-0.0395403402179513,-0.056797820234856,0.420852819581933,-0.513383686667561,-0.0428099937358589,-9.83218716486137,-0.16897118779534,0.0251930835026626,0.0145487991944611,-0.0158698969339917,-0.0845191128741636,1.76937934504273,-0.121595819095995,0.0193768189942577,0.00900959172816968,10.1348250725419,-3.46506409914185,-0.103276134379328,1.40507531727118,10.5880016803262,0.807464050174128,7.09428206917303,-5.78761830333417,-2.81,0.125146615521663,0.130946035716013,10.6811151504517,17.7091515739587,0.169699717546908,1.11051668623292,176.619995117188,2.28516688335811,10.5757119095375,-176.619995117188,1.38579142093658,10.7799997329712,2.9300000667572,16.3059997558594,41.0800018310547,991.063082820811
0.975,-0.0395403402179513,-0.056797820234856,0.421173246647344,-0.535963247520392,0.0418000521483639,-10.0663910519183,-0.160187650350225,0.0271482484818025,0.0185023563695929,-0.0211141776549193,-0.0833044214373339,1.76995672071851,-0.209243030774918,0.0225310123519013,0.0223209809466992,10.1343254744929,-3.466963466715,-0.101226887391485,1.40122184390436,10.5880319819584,0.815347458703574,7.09467282374376,-5.78841200482071,-2.81,0.127440255693468,0.129890433292538,10.6847839355469,17.7128892591885,0.169699717546908,1.11051668623292,176.619995117188,2.28516688335811,10.5757119095375,-176.619995117188,1.38579142093658,10.7799997329712,2.9300000667572,16.3059997558594,41.0800018310547,991.057050859167
1,-0.299239457089248,-0.0443211012500523,0.421458893587134,-0.556392281134706,0.0401031403038783,-10.261750176074,-0.134732360118084,0.0308647977156197,0.0251633940675395,-0.0250400837864135,-0.0822105918764598,1.77091957503589,-0.108835359975536,0.044910096273783,0.024261161821055,10.1123987563469,-3.4792418676623,-0.172688060409775,1.40812022196347,10.5762688701653,0.745176471541323,7.0950620771117,-5.78920250204874,-2.81,0.125218429434005,0.128474623709954,10.6884527206421,17.6864140130891,0.169699717546908,1.11051668623292,176.619995117188,2.28516688335811,10.5757119095375,-176.619995117188,1.38579142093658,10.7799997329712,2.88148927688599,16.3114471435547,41.0800018310547,991.051018897523
1.025,-0.298919357567463,-0.0443216107725994,0.421744533045669,-0.53189261895518,0.0697522536645361,-10.2727476946474,-0.126163218670574,0.0507862489528177,0.0316762547199098,-0.0289378867055484,-0.0811993481956502,1.77201804640108,-0.0494539703285341,0.054156758128494,0.0271178060252212,10.1231342289738,-3.51190623699502,-0.145150485835513,1.42640700251522,10.5921131165465,0.777755416736749,7.09538889483401,-5.7898597328378,-2.81,0.128299010088457,0.125526419492996,10.6884527206421,17.7024964076745,0.169699872075389,1.11051669920034,176.584899902344,2.36798787806259,11.0146971562781,-176.584899902344,1.38716006278992,10.7779359817505,2.35999989509583,16.3700008392334,41.0779342651367,991.057117478391
1.05,-0.297969628654792,-0.0443231225158591,0.422030173855599,-0.492438034095953,0.0908534208195459,-9.77614309833211,-0.0903616706767208,0.0507600927156303,0.0321258368178219,-0.0310063477143902,-0.0808390364090688,1.77240725588796,-0.0651911957472996,0.0456556870804933,0.0303653080692221,10.1204365692125,-3.53007934195739,-0.137886377149519,1.44066742937023,10.5927216309516,0.788945481064606,7.09571571255632,-5.79051696362687,-2.81,0.129512169968584,0.124065946745974,10.6884527206421,17.7014826076159,0.169700058465413,1.11051671484146,176.542572021484,2.46788536385969,11.544194824945,-176.542572021484,1.3888111114502,10.7754459381104,2.35999989509583,16.3700008392334,41.0754470825195,991.065717202045
1.075,-0.297975717756889,-0.0404977399480553,0.422315816719376,-0.637942665112694,0.101596182806401,-8.96459676664453,-0.0724888843889358,0.072580219121619,0.03439740064044,-0.0330748087232321,-0.0804787246224875,1.77279646537484,-0.0809284211660649,0.0371546160324927,0.0336128101132231,10.1227449846808,-3.54363360786389,-0.13674293008828,1.4494539908111,10.5978333215153,0.794365041082235,7.09604253027863,-5.79117419441593,-2.81,0.13034145514329,0.122833303352151,10.65704870224,17.705224563407,0.169700244855437,1.11051673048258,176.500274658203,2.56778285107495,12.0736924936908,-176.500274658203,1.39046216011047,10.7729578018188,2.35999989509583,16.3700008392334,41.0729598999023,991.074316925698
1.1,-0.293536346096136,-0.0373461405566778,0.422601456859528,-1.11304435831907,0.235266685621158,-8.23237330315487,-0.0068569272581431,0.264732658399033,0.0377235777258798,-0.0332310500245642,-0.0696390968802878,1.77505352019533,-0.0342278110190337,0.305032825032699,0.0486008797125783,10.1482496458883,-3.55589019257588,-0.18267953017981,1.43160150676765,10.6397003455043,0.641865586686611,7.09636934800094,-5.79183142520499,-2.81,0.132061118133789,0.120963785404363,10.6256446838379,17.7200509890759,0.169700431245461,1.1105167461237,176.457962036133,2.66768033829021,12.6031901623577,-176.457962036133,1.39211320877075,10.770468711853,2.41710638999939,16.3548355102539,41.0704689025879,991.082916649352
1.125,-0.286140356715871,-0.0392864960341969,0.422887103783871,-1.41040234434367,0.151448769062046,-8.59043129519303,0.0539809571966165,0.715831364152258,0.0464881980039012,-0.0318490341221807,-0.058688734451253,1.77596435195166,0.0843328923242118,0.607278367887749,0.0509449430010797,10.2474143153151,-3.57242472232327,-0.186739073525503,1.4165481170293,10.7480639030994,0.528302749381365,7.09678321747935,-5.79284108821618,-2.81,0.135231502633448,0.119146991904085,10.6256446838379,17.8047991837775,0.169700466293157,1.11051674906477,176.449996948242,2.68646448217931,12.7027538265791,-176.449996948242,1.39242362976074,10.7700004577637,2.97000002861023,16.2080001831055,41.0699996948242,991.073479835023
1.15,-0.264636147740111,-0.0459696186311797,0.423172745287727,-0.982277071946462,0.198063098247566,-11.1611505898747,0.104290652433189,1.30374917581011,0.0574635444384876,-0.0314787246818246,-0.0404215300912277,1.77732982515131,0.139261420939488,1.00390429469384,0.0596751849180176,10.3729539419148,-3.6178271157329,-0.00283578361020202,1.41476650086976,10.8813724346656,0.530117202326288,7.09720065766478,-5.7938652073655,-2.81,0.151991135720312,0.115042515275084,10.6256446838379,17.9306996876809,0.169700466293157,1.11051674906477,176.449996948242,2.68646448217931,12.7027538265791,-176.449996948242,1.39242362976074,10.7700004577637,2.97000002861023,16.2080001831055,41.0699996948242,991.059866138215
1.175,-0.242955665042041,-0.045994000905362,0.42345838472356,0.0305719206090879,0.106354941093846,-15.6132420249283,0.146712765327551,1.74573262409716,0.0671071308035201,-0.029769745343046,-0.00234573175116332,1.77979667531587,0.0966746621664566,1.56360717034268,0.0869020130567083,10.4326014771432,-3.67765827495926,0.380193026085926,1.42062975734455,10.9647865823182,0.51396206291182,7.09761809785022,-5.79488932651482,-2.81,0.187913570433776,0.110054623571563,10.5738620758057,18.0045454533857,0.169700466293157,1.11051674906477,176.449996948242,2.68646448217931,12.7027538265791,-176.449996948242,1.39242362976074,10.7700004577637,2.97000002861023,16.2080001831055,41.0699996948242,991.046252441406
1.2,-0.169870045060603,-0.054662848571353,0.423744028268946,1.21260529615859,0.0833790608850557,-20.7525060508823,0.111125029845416,1.90964173110109,0.0756721545489055,-0.0226560745765648,0.0689221323820296,1.7841686277024,0.111055493700717,1.93195766709914,0.103385851921852,10.3792119506959,-3.69234433023057,0.759327162590115,1.38593055701367,10.9545127169467,0.125987045721773,7.09803553803565,-5.79591344566414,-2.81,0.23685786125301,0.108423083802303,10.5220794677734,17.9394799221142,0.169700466293157,1.11051674906477,176.449996948242,2.68646448217931,12.7027538265791,-176.449996948242,1.39242362976074,10.7700004577637,2.97817015647888,16.2194385528564,41.0699996948242,991.032638744598
1.225,-0.156605947861107,-0.0550337805289505,0.424029668407398,2.37135134933808,0.0761430788916669,-25.4184023005783,0.0929668829813196,1.866487956688,0.072344571503838,-0.0203061357245684,0.104841981357507,1.78659636738062,0.139567504066398,1.90907329937414,0.101920604053976,10.3486735378419,-3.69932411309735,0.865540656462717,1.3707497057458,10.9374786989997,-0.147676903027115,7.09846241316698,-5.79681034803177,-2.81,0.257374681753544,0.107552788163114,10.5220794677734,17.8866175405253,0.169700466293157,1.11051674906477,176.449996948242,2.68646448217931,12.7027538265791,-176.449996948242,1.39242362976074,10.7700004577637,3.04999995231628,16.3199996948242,41.0699996948242,991.024568468459
1.25,-0.117630746381097,-0.0592131844908158,0.424315312620669,3.4388719103359,0.0101990619125406,-28.8854117726628,0.0492872734013623,1.74331579814473,0.0662408212944617,-0.0187797185007271,0.140414367089482,1.78914864866053,0.116696113389896,1.84059222413676,0.101167793196118,10.2694130406716,-3.72466701030614,1.00335073358638,1.38197824681104,10.8761413174644,-0.37468306613952,7.09888963796194,-5.79770253568436,-2.81,0.280522683511195,0.105714325194579,10.5220794677734,17.7941258077435,0.169700466293157,1.11051674906477,176.449996948242,2.68646448217931,12.7027538265791,-176.449996948242,1.39242362976074,10.7700004577637,3.04999995231628,16.3199996948242,41.0699996948242,991.017928752493
1.275,-0.101072663499833,-0.0581314759130962,0.424600952748003,4.25713001170693,0.175682997167411,-31.0998059770174,0.00521126588013893,1.53558241693862,0.0652550641702597,-0.0178435326508041,0.182471314090865,1.79225756234085,0.0198396924339745,1.67305904971192,0.0979088689167959,10.1402901400389,-3.75093412627812,1.07012728029009,1.40441089828309,10.749252719097,-0.722052179304475,7.0993168627569,-5.79859472333695,-2.81,0.303755527485969,0.103891189224992,10.2662553787231,17.6244924756492,0.169700466293157,1.11051674906477,176.449996948242,2.68646448217931,12.7027538265791,-176.449996948242,1.39242362976074,10.7700004577637,3.04999995231628,16.3199996948242,41.0699996948242,991.011289036528
1.3,-0.0610920153863531,-0.0593083917263478,0.424885143434577,4.6615835147737,0.123971443251552,-31.8519213316726,0.00339308367128517,1.17355080938826,0.0559080809818748,-0.0144410181439685,0.236495866952234,1.79701658786665,0.0107674206996989,1.09732145665228,0.0683257310160713,9.99095392592084,-3.74823189938106,0.77777234577429,1.41913979317169,10.4934152938652,-1.53219132655657,7.09974408755186,-5.79948691098954,-2.81,0.312330851284345,0.1045290720497,10.0104312896729,17.3020438796177,0.169700466293157,1.11051674906477,176.449996948242,2.68646448217931,12.7027538265791,-176.449996948242,1.39242362976074,10.7700004577637,3.0820848941803,16.3123645782471,41.0699996948242,991.004649320562
1.325,-0.0547792982616854,-0.0593081625522036,0.424414387463068,4.58895791997859,0.0198531119397624,-30.8809198561224,-0.0633554367034334,0.689421914929034,0.0448816804777452,-0.0162003413932631,0.251963261355267,1.79870965710344,-0.00530841308300943,0.588089021719124,0.0536422897639774,9.88409990452248,-3.73124418925396,0.501287353405851,1.43197791728245,10.3019928029641,-1.92023088851259,7.10017131234682,-5.80037909864212,-2.81,0.306032268258766,0.10553243549201,10.0104312896729,17.0940482710576,0.169700609911474,1.11051676089216,176.420959472656,2.76200424928041,13.1107454258094,-176.420959472656,1.39350509643555,10.7351503372192,3.33999991416931,16.2509994506836,41.0699996948242,991.001105775224
1.35,-0.0585908015558569,-0.0548609226666076,0.423443204994026,3.88589793452586,0.0592270756098859,-28.3037118776717,-0.11080835823478,0.251546721489743,0.0397283860212652,-0.0182361523075858,0.25235454308276,1.79973898736693,-0.0569271227632834,0.278524872577587,0.0493600763505566,9.78733016877072,-3.72389788831219,0.3867774986274,1.4426347482739,10.183984157248,-2.00352584623817,7.10099542590915,-5.8022376457682,-2.81,0.302066478661801,0.105713943143019,10.0104312896729,16.9772416385621,0.169700794563595,1.11051677609881,176.383636474609,2.85912680637403,13.6353060532675,-176.383636474609,1.39489531517029,10.6903409957886,3.33999991416931,16.2509994506836,41.0699996948242,990.998446850066
1.375,-0.0585918092663961,-0.0542278443788442,0.422472022524984,2.99379829360793,0.167946220510029,-25.243086486896,-0.1103754013258,-0.0346002984012348,0.0335831102596543,-0.0202719632219086,0.252745824810253,1.80076831763042,-0.108545832443557,-0.0310392765639473,0.0450778629371359,9.72874047173232,-3.72859745557839,0.272859500442909,1.45723162987494,10.1049835811977,-2.09548687890599,7.10203348217997,-5.80461710852635,-2.81,0.297408289958887,0.10495672581696,9.87691879272461,16.8964407807819,0.169700979215717,1.11051679130545,176.346282958984,2.95624936346766,14.1598666808043,-176.346282958984,1.39628565311432,10.6455326080322,3.33999991416931,16.2509994506836,41.0699996948242,990.995787924909
1.4,0.448691512070799,-0.0467814552446744,0.421477520366443,2.13831653869875,0.0820658958708163,-22.1910662280419,-0.116329814144679,-0.195624790531557,0.0401577490743942,-0.0211411342024803,0.252912878990173,1.80120778083801,-0.130583971738815,-0.163204878568649,0.0432496108114719,9.64986747469435,-3.68762383773971,-0.704531045492016,1.50595412606182,9.78875597552233,-3.02113132183381,7.10307153845078,-5.80699657128449,-2.81,0.242389268045262,0.109098508981948,9.74340629577637,16.5710529920207,0.169701163867838,1.1105168065121,176.308944702148,3.05337192056128,14.6844273083412,-176.308944702148,1.39767599105835,10.6007232666016,3.2530210018158,16.2621994018555,41.0699996948242,990.993128999751
1.425,0.44691846512391,-0.043083660112844,0.404537734993666,1.49468827137161,0.440262691337949,-19.3705116996038,-0.0791303925972831,-0.371504370174194,0.0434781902168363,-0.0228255035398077,0.245576828632877,1.80184590174708,-0.0735913930420108,-0.291906658205612,0.0345915110290657,9.596225096829,-3.69108330925108,-0.894517512271049,1.52543665423438,9.71896833636102,-3.11873230260826,7.10408146623796,-5.80927535138915,-2.81,0.229229979476975,0.108669723017857,9.74340629577637,16.5028162929641,0.169701343562482,1.11051682171874,176.366287231445,3.15049447765491,15.1949047093194,-176.366287231445,1.39434027671814,10.4953193664551,2.60999989509583,16.3449993133545,41.0699996948242,991.001392121011
1.45,0.436900287315058,-0.0318408028083144,0.374557202585535,0.978130213788884,0.213257347841882,-16.5060403840643,0.0280076487227909,-0.607337969450452,0.0305814243254156,-0.0253295946316994,0.225958896656467,1.80293494503125,-0.0292880167781342,-0.591195028754498,0.0225117679122037,9.51635047913451,-3.72359740035896,-1.1808212925542,1.57397049706413,9.65211227799808,-3.19057806892785,7.10497453620941,-5.81113585245955,-2.81,0.205353574114623,0.106206161685216,9.74340629577637,16.4270778926653,0.169701521697469,1.11051683692539,176.453399658203,3.24761703474853,15.7009514323623,-176.453399658203,1.38951754570007,10.3708515167236,2.60999989509583,16.3449993133545,41.0699996948242,991.013091391705
1.475,0.410634124389604,-0.0290916963062595,0.365,0.377568444637402,0.0375984064789584,-13.7792930270658,-0.0623126988281391,-0.824809767404936,0.0223917339961036,-0.0270429122448263,0.199075024842179,1.80356907761472,-0.119429157227429,-0.899124520702868,0.0186411869261981,9.36514897101139,-3.68368393285976,-1.66776419426879,1.58076397605557,9.49079033110155,-3.38866701185055,7.10586760618087,-5.81299635352994,-2.81,0.166278402735418,0.109184484931933,9.65667867660522,16.2808940947029,0.169701699832457,1.11051685213203,176.54052734375,3.34473959184215,16.2069981554053,-176.54052734375,1.38469481468201,10.2463836669922,2.60999989509583,16.3449993133545,41.0699996948242,991.0247906624
1.5,0.386379149373256,-0.0263631805535498,0.365,0.0257775774606848,0.220850069761684,-11.1749688980079,-0.0759140176137628,-1.06537747995009,0.0132898315377961,-0.0283862899173978,0.169440902167932,1.80312766973004,-0.135669947962719,-1.13962637626569,0.00397918257305919,9.17335917528593,-3.6464301313118,-2.14667771755921,1.60372740630468,9.3171752880751,-3.55998589069624,7.10674427127697,-5.81484368012889,-2.81,0.125821071440343,0.11282330486884,9.56995105743408,16.1190468547771,0.169701877967445,1.11051686733868,176.627655029297,3.44186214893578,16.7130448784483,-176.627655029297,1.37987208366394,10.1219158172607,2.51936173439026,16.334020614624,41.0699996948242,991.036489933095
1.525,0.360493744604344,-0.0220003417386811,0.365,-0.242774274219864,0.0605355537407826,-8.3962326520188,-0.138528617760591,-1.43506280349672,0.0135496431928544,-0.0318257416416274,0.131473130082693,1.80287975240769,-0.143362397351282,-1.53239361796953,-0.0114927709288978,8.97870885391165,-3.62769961117504,-2.4200868183696,1.62571755752424,9.22038321226647,-3.46060879077503,7.10740980475931,-5.81652145058327,-2.81,0.0942538121500471,0.114459167852426,9.56995105743408,16.0181379545708,0.169701923643083,1.11051687123782,176.649993896484,3.46676536924882,16.8428004484088,-176.649993896484,1.37863552570343,10.0900001525879,1.89999997615814,16.2590007781982,41.0681495666504,991.039738302028
1.55,0.341969328133955,-0.0110564727521573,0.365,-0.10421487321397,0.304366678078784,-4.40450659119269,-0.138549079559451,-1.9965619466685,0.00757988583771856,-0.0344251956910888,0.105688732578983,1.80265614771304,-0.13924313485475,-1.8275962192023,-0.0217414022830859,8.77931120644305,-3.62795541281579,-2.55981037271806,1.66739363618841,9.10028082006983,-3.34599496997508,7.10807533824165,-5.81819922103764,-2.81,0.0757309897498829,0.115241847563949,9.56995105743408,15.8886549061844,0.169701923643083,1.11051687123782,176.649993896484,3.46676536924882,16.8428004484088,-176.649993896484,1.37863552570343,10.0900001525879,1.89999997615814,16.2590007781982,41.0656585693359,991.040072566905
1.575,0.313802739121992,-0.00767047897992212,0.365,0.245881725103408,-0.107363561438293,0.737765890228467,-0.115815377122709,-2.62228820164402,-0.0098749284309888,-0.0405341576849313,0.0319468341906468,1.80169615736304,-0.181744829032723,-2.49482887554781,-0.0524395065434305,8.51820399067764,-3.62294027630665,-2.78136996279149,1.7044270712199,9.06029571505524,-2.90301296191465,7.108740871724,-5.81987699149202,-2.81,0.0307896272977321,0.116322298189895,9.57685995101929,15.8314496759481,0.169701923643083,1.11051687123782,176.649993896484,3.46676536924882,16.8428004484088,-176.649993896484,1.37863552570343,10.0900001525879,1.89999997615814,16.2590007781982,41.0631713867188,991.040406831782
1.6,0.210516271058073,0.00375318570210831,0.365,0.46356566377638,0.157850691373735,7.60464320013749,-0.0847344327184583,-3.03527712728967,-0.0200712013947979,-0.045163003860661,-0.0514320060713109,1.80033777177358,-0.145260955313438,-3.00893689110203,-0.0772881605303886,8.25768661467618,-3.60772301796726,-3.0758916195451,1.73430729782865,9.02776129732904,-2.48150498909573,7.10940640520634,-5.8215547619464,-2.81,-0.0251192565334275,0.118992692892529,9.58376884460449,15.7956255594572,0.169701923643083,1.11051687123782,176.649993896484,3.46676536924882,16.8428004484088,-176.649993896484,1.37863552570343,10.0900001525879,1.8918297290802,16.2688045501709,41.0606842041016,991.040741096659
1.625,0.185685502683885,0.00316037143283456,0.365,0.424123749051727,0.16459176283303,14.0216620688585,0.0147320954300578,-3.18421357220907,-0.0290512400519519,-0.0468728396673945,-0.114820855902792,1.79911947000878,-0.0304716230491847,-3.21612805031756,-0.0869771571420598,8.05576568676547,-3.60819526659827,-3.3616417084744,1.77005078699191,9.00234387887848,-2.24494849740775,7.10992588411409,-5.82285538198142,-2.81,-0.0731348462762983,0.120880456119241,9.58376884460449,15.7676910921558,0.169702048638365,1.11051688291667,176.776580810547,3.54135644177003,17.1978876423622,-176.776580810547,1.3758579492569,10.0646810531616,1.8400000333786,16.3309993743896,41.060001373291,991.04450826442
1.65,0.113377976008106,0.00327546787206472,0.365,0.224093981144039,0.0326178400383645,19.8920889542154,0.0385839919491568,-3.09019405821865,-0.0324525454823587,-0.0467328872422824,-0.204750717918524,1.79739697461718,0.024673044448823,-3.08020149348827,-0.0904683380682817,7.81500411934572,-3.58814439213062,-3.61734548247595,1.78077018428699,8.98206617416918,-1.78482567702241,7.11000085992237,-5.8230081808624,-2.81,-0.133558462449962,0.12502198966839,9.58376884460449,15.7683831969114,0.169702220690694,1.11051689899227,176.950836181641,3.64402885910693,17.6866547212529,-176.950836181641,1.37203454971313,10.0298290252686,1.8400000333786,16.3309993743896,41.060001373291,991.049567819149
1.675,0.0605639484249322,0.00383532930418222,0.365,0.353966890589809,0.468945960632181,23.8844579777712,0.185207313613682,-2.72511711483441,-0.0532682039519794,-0.0430538478326297,-0.291505666681064,1.79543587133738,0.144459860463985,-2.61520054196657,-0.0976624541497399,7.53754806973363,-3.61719897282648,-3.53991941485688,1.84694325028079,8.82435620596554,-1.07206667550226,7.11007583573066,-5.82316097974338,-2.81,-0.17424692974887,0.127143099762841,9.26960325241089,15.6611218167174,0.169702392743024,1.11051691506786,177.125106811523,3.74670127644383,18.1754218001437,-177.125106811523,1.36821115016937,9.99497890472412,1.8400000333786,16.3309993743896,41.060001373291,991.054627373878
1.7,0.0181060264905475,-0.00293699018983596,0.365008432286748,-0.285432358675359,0.255745067959415,24.8253715864763,0.252283183911498,-2.1223943406838,-0.0676195691801814,-0.0413531586527824,-0.308764070272446,1.79493343830109,0.207816481590271,-2.45716238021851,-0.101920887827873,7.50254740570372,-3.6586310464541,-3.13270131581952,1.90044735163249,8.69278611943494,-0.558019344179996,7.11015081153894,-5.82331377862436,-2.81,-0.157702619419997,0.125764951476241,8.95543766021729,15.5861984866351,0.169702564795354,1.11051693114346,177.299362182617,3.84937369519889,18.6641888789556,-177.299362182617,1.36438775062561,9.96012687683105,1.73582983016968,16.3234748840332,41.060001373291,991.059686928607
1.725,0.00276064765622315,-0.00749783349834481,0.370438513303472,-0.908768542667364,0.380421871415521,22.4542033752753,0.319003828197747,-1.39194945871044,-0.066233899420692,-0.0290484401715767,-0.373946762073866,1.79137982077773,0.289505078125663,-1.24768469384425,-0.0844837159468093,7.6296884705207,-3.70676493711708,-2.68644029211122,1.93153627722082,8.67687637700638,0.387553670146815,7.11004712881076,-5.82311945984969,-2.81,-0.164161420872715,0.124664580469603,8.95543766021729,15.7254953302701,0.169702614793467,1.110516935815,177.350006103516,3.87921012335648,18.8062237565685,-177.350006103516,1.363276720047,9.94999980926514,1.12000000476837,16.2789993286133,41.060001373291,991.045787015874
1.75,0.00228314748680801,-0.00607138462826171,0.376151343394136,-0.804673095309068,0.143302264253953,18.6337287411648,0.376215963922895,-0.930158208330349,-0.0613080574568329,-0.0245744272260351,-0.385482662370319,1.79052422733856,0.315809621130181,-0.993447465462455,-0.0752689144780184,7.75350163371574,-3.74014551916896,-2.38868262838853,1.95225740430782,8.68212785864845,0.787799251816879,7.10959006938746,-5.82223856156756,-2.81,-0.151290439301463,0.122426845755452,8.95543766021729,15.8088230088948,0.169702614793467,1.110516935815,177.350006103516,3.87921012335648,18.8062237565685,-177.350006103516,1.363276720047,9.94999980926514,1.12000000476837,16.2789993286133,41.060001373291,991.024120574302
1.775,-0.0010521880333484,-0.0113204467947383,0.381864214026779,-0.631658081092857,0.061061008384615,15.0412396786656,0.374447591749803,-0.783131039555291,-0.0664587657012246,-0.0128511535380973,-0.408947750687236,1.78773751344495,0.334958827741793,-0.808193149299989,-0.0717460288872194,7.81519643764258,-3.76898677723741,-2.01794142642687,1.99364901648051,8.58417959332498,1.30071849185391,7.10913300996417,-5.82135766328544,-2.81,-0.142762837405199,0.121828656066916,8.69522142410278,15.8298985043634,0.169702614793467,1.110516935815,177.350006103516,3.87921012335648,18.8062237565685,-177.350006103516,1.363276720047,9.94999980926514,1.12000000476837,16.2789993286133,41.060001373291,991.002454132729
1.8,-0.263704414904225,-0.0317162760906562,0.387576948562937,-0.516981559236145,-0.042021899035735,13.2142150225583,0.379082567233751,-0.749079554151206,-0.0678024128771604,0.00109218073373628,-0.434581986814269,1.78416178224472,0.361168392764975,-0.736343077260527,-0.0796464723325818,7.93531146574339,-3.82443496360488,-1.26760675097873,2.09885894641515,8.36732679558837,2.18744854641449,7.10867595054087,-5.82047676500332,-2.81,-0.111647238536241,0.119494699238576,8.43500518798828,15.8545428273043,0.169702614793467,1.110516935815,177.350006103516,3.87921012335648,18.8062237565685,-177.350006103516,1.363276720047,9.94999980926514,1.08170211315155,16.2901821136475,41.060001373291,990.980787691157
1.825,-0.263701054187599,-0.033827593423685,0.393289805795605,-0.900467160645323,-0.173650048565532,11.8447351669696,0.340361978342569,-0.603261265325999,-0.0667837965462138,0.00962173251739887,-0.448555447574217,1.78172210477432,0.307076357338575,-0.566082728406726,-0.075574174943328,8.06644791308234,-3.84367039250619,-0.811169317793679,2.15191034203788,8.2700882578646,2.73391692810691,7.10821889111757,-5.81959586672119,-2.81,-0.0916246258638552,0.118452122961771,8.43500518798828,15.9317044935574,0.16970272728922,1.11051694814742,177.334487915039,3.95797544976012,19.1258022311975,-177.334487915039,1.35238814353943,9.80523490905762,0.870000004768372,16.3519992828369,41.060001373291,990.974804817362
1.85,-0.263732771303858,-0.013901814265711,0.399002690044859,-1.02013458922196,-0.086209279175057,10.6388389086986,0.299984235715028,-0.288997003965152,-0.0640523052058555,0.0174474729199891,-0.450171770397937,1.78007242950596,0.302016241032614,-0.274227596538699,-0.0659387196324721,8.17480847073229,-3.83988220525336,-0.704922729713962,2.14460009556468,8.32334818484388,2.86210942526754,7.10786085208153,-5.81885987714957,-2.81,-0.0877252757142719,0.118393980040484,8.43500518798828,16.0252560521853,0.169702889783087,1.11051696596092,177.312103271484,4.07174758900173,19.5874155834394,-177.312103271484,1.33666014671326,9.5961275100708,0.870000004768372,16.3519992828369,41.060001373291,990.975792418135
1.875,-0.263732771303858,-0.013901814265711,0.404715492578082,-0.947797541897703,-0.041258606830652,9.32741424041195,0.328088933275297,-0.0127321009009733,-0.0617163023512434,0.0252732133225792,-0.451788093221656,1.7784227542376,0.296956124726653,0.0176275353293261,-0.0563032643216163,8.27376806092951,-3.85324428968392,-0.578705579715043,2.1597299515177,8.36354854650728,3.00403926019046,7.10755820246142,-5.81820494572222,-2.81,-0.0826847012758789,0.11732937202252,8.33114385604858,16.1060916747123,0.169703052276954,1.11051698377442,177.289672851562,4.18551972682518,20.0490289356024,-177.289672851562,1.3209320306778,9.3870210647583,0.850851058959961,16.3475303649902,41.060001373291,990.976780018908
1.9,-0.263700397772031,-0.0342399761739641,0.410428431440525,-1.11954144699006,-0.0218733515590749,6.85608347433494,0.269140414897277,0.237813394820148,-0.0553095804334495,0.0326732263164741,-0.446634952587543,1.77753258090563,0.258885911859186,0.295025579333595,-0.0414054472729393,8.53422843398866,-3.86397728628476,0.417387468950702,2.23886693240988,8.20569971621664,3.94861428325252,7.10725555284131,-5.81755001429488,-2.81,-0.0200979236324985,0.115308985665222,8.22728252410889,16.3104754006014,0.169703214770821,1.11051700158792,177.267272949219,4.29929186606679,20.5106422878443,-177.267272949219,1.30520403385162,9.1779146194458,0.75,16.3239994049072,41.060001373291,990.977767619681
1.925,-0.259843171635732,-0.0335169443805559,0.416141206834654,-1.49676778219741,-0.00492983025261789,4.43234193446002,0.287058721916998,0.582878752125004,-0.0381356387495138,0.038679227232933,-0.433231234550476,1.77805554866791,0.278545498847961,0.596665680408478,-0.0242478922009468,8.71661292542067,-3.87077688116363,1.00963015451623,2.2695532105265,8.19299254468119,4.43910002046104,7.1069633825192,-5.81691813664601,-2.81,0.020378158501761,0.113292681991787,8.22728252410889,16.4993207610954,0.169703267546607,1.1105170073735,177.259994506836,4.3362435000281,20.6605679919562,-177.259994506836,1.30009579658508,9.10999965667725,0.75,16.3239994049072,41.0583229064941,990.98192528258
1.95,-0.248490787558779,-0.0164657263243026,0.421854036852861,-1.6507747746222,0.131135624945145,1.16158450890097,0.391670482764261,1.03908540159983,-0.0193511669927214,0.0436727334218584,-0.416826046813954,1.77984386932276,0.332416016497789,0.848803467074306,-0.00410819648245226,8.88272935744495,-3.90648738869006,1.43962079135213,2.30020972442941,8.26626082589011,4.75541793752108,7.10669532855173,-5.81633931341906,-2.81,0.0517222860452927,0.109153906503778,8.22728252410889,16.693036845214,0.169703267546607,1.1105170073735,177.259994506836,4.3362435000281,20.6605679919562,-177.259994506836,1.30009579658508,9.10999965667725,0.75,16.3239994049072,41.0558319091797,990.987607785489
1.975,-0.212099897362809,-0.0299229302370856,0.427566948473197,-1.53817265795014,-0.464463990086133,-3.75556145325606,0.394805722856913,1.48816126438272,0.0138517489883932,0.0579934447861056,-0.367741195648978,1.78598887098232,0.498346811281178,1.49373648798784,0.0573864887168326,8.99894263999695,-3.89876887514566,1.90372864937334,2.24567066607224,8.4701660015379,4.79779129560038,7.10642727458426,-5.81576049019211,-2.81,0.0957933102853903,0.106373200243558,8.3079948425293,16.8995011444634,0.169703267546607,1.1105170073735,177.259994506836,4.3362435000281,20.6605679919562,-177.259994506836,1.30009579658508,9.10999965667725,0.75,16.3239994049072,41.0533409118652,990.993290288398
2,-0.171071859425798,-0.0448993901111126,0.433279751200741,-0.946659110270919,0.000407220187883195,-8.52150060327475,0.341060011614462,1.82486098962606,0.0518981964707711,0.0657824233668518,-0.328287984136266,1.79216940460079,0.511959185300115,1.75209286666627,0.084062976236726,9.03237634687376,-3.88046354647806,2.31321306984484,2.1939575214592,8.57911654998764,4.85572694139318,7.10615922061679,-5.81518166696516,-2.81,0.134324246998743,0.104980987189814,8.38870716094971,17.0319968363013,0.169703267546607,1.1105170073735,177.259994506836,4.3362435000281,20.6605679919562,-177.259994506836,1.30009579658508,9.10999965667725,0.768723428249359,16.3357448577881,41.0508499145508,990.998972791307
2.025,-0.154738012278502,-0.0475997835887117,0.438992649026782,-0.167016750369626,-0.02845002382608,-13.4749211082161,0.396250254899889,1.95459117942189,0.0699757403505852,0.071032337449828,-0.292247259190279,1.79786604916054,0.440341825689362,1.9221236252375,0.092139190309298,9.03786353257888,-3.90097103228197,2.50997838980758,2.16087983735182,8.72349407023051,4.73622141381743,7.10623514834552,-5.81532365703937,-2.81,0.159739345111357,0.101979845227326,8.38870716094971,17.110792432997,0.169703364193286,1.11051702081253,177.102722167969,4.42207659743557,20.9351223387104,-177.102722167969,1.28994500637054,8.99859523773193,0.860000014305115,16.3929996490479,41.0499992370605,991.004575299202
2.05,-0.10492887677924,-0.0477649200191871,0.444556328164299,0.770554865783015,-0.228997666287254,-18.2849215189348,0.323853142171685,1.93666168134415,0.0828342980042021,0.0761673650053744,-0.255426722417643,1.80395382099285,0.386445378674743,2.00565705468136,0.0989852188209272,8.93883994179809,-3.87841369263519,2.87509798029194,2.12719423157802,8.72669771081872,4.74667593561182,7.10632469352689,-5.81549418247199,-2.81,0.196284828807709,0.10190048618829,8.38870716094971,17.128059913903,0.169703511046032,1.11051704123289,176.863739013672,4.552498317407,21.3523023200723,-176.863739013672,1.27452111244202,8.82931900024414,0.860000014305115,16.3929996490479,41.0499992370605,991.010136251247
2.075,-0.0810759324048257,-0.0446817886235653,0.449605572787911,1.80295167001533,-0.249336323333593,-21.4112940090133,0.278792959779302,1.82530282807473,0.0853291139601058,0.0818622411115219,-0.211977782666679,1.81173979483132,0.344873672162368,1.94627117249289,0.10740834830463,8.80210171673255,-3.83567820924169,3.15248828719711,2.05139467002546,8.75235670320836,4.616886007372,7.10641423870826,-5.81566470790461,-2.81,0.231110819683624,0.102869774315861,8.5543384552002,17.115463956344,0.169703657898778,1.11051706165324,176.624755859375,4.68292003596027,21.7694823015132,-176.624755859375,1.25909721851349,8.66004276275635,0.860000014305115,16.3929996490479,41.0499992370605,991.015697203291
2.1,-0.0496509261651875,-0.0491755340836971,0.45446140748129,2.650709155933,-0.234321308732146,-24.1506518506955,0.245152013992619,1.56927536999354,0.0888449463419835,0.0875433210114157,-0.167518334132248,1.82014923577419,0.302238450113013,1.76692303103607,0.110030964890417,8.60138753017799,-3.82053065206455,3.43590879590317,2.01348773420721,8.73295416166211,4.4796394850408,7.10650378388963,-5.81583523333723,-2.81,0.268023919219074,0.102495169928245,8.71996974945068,17.0512442116179,0.169703804751524,1.11051708207359,176.385787963867,4.8133417559317,22.186662282954,-176.385787963867,1.24367320537567,8.49076652526855,0.899319171905518,16.3844203948975,41.0499992370605,991.021258155336
2.125,-0.0220557970888388,-0.0542887096483137,0.459317403730742,3.19804092083403,-0.232322775684801,-26.3510157279057,0.128477803602299,1.23989527873598,0.0989498353418397,0.0915775320879895,-0.12943387519748,1.82847029738578,0.189130628797797,1.4212628954625,0.112389799433913,8.44472934121751,-3.77815288675538,3.49312002715719,1.91607070133194,8.74675611746144,4.19675003966079,7.10668277362261,-5.81621325950588,-2.81,0.289484943057776,0.103650950948729,8.71996974945068,16.9740118085791,0.169703857467894,1.11051708940397,176.300003051758,4.86015980983659,22.3364191993868,-176.300003051758,1.23813652992249,8.43000030517578,1.08000004291534,16.3449993133545,41.0499992370605,991.025776964553
2.15,-0.00205600037275504,-0.0721870098970827,0.464173284642076,3.27497021034787,-0.186880140158109,-26.2430654439199,0.124539523757004,0.839324760886928,0.0956048553536042,0.0949932952735622,-0.0977650139704517,1.83652833316091,0.0931778978668477,0.911774319880562,0.105395212687691,8.27939668481207,-3.75226867342317,3.43054985797052,1.83271288612244,8.72893671472369,3.85271713177091,7.10718331534278,-5.81733724809265,-2.81,0.301913072995068,0.104049381835008,8.71996974945068,16.8465404189709,0.169703857467894,1.11051708940397,176.300003051758,4.86015980983659,22.3364191993868,-176.300003051758,1.23813652992249,8.43000030517578,1.08000004291534,16.3449993133545,41.0499992370605,991.029712173787
2.175,0.00132015712682745,-0.0894087545197804,0.469029200199793,2.90552805321777,-0.477618439531962,-24.335499618798,-0.0187906559802854,0.41046370948597,0.0927692374872756,0.0966673865914345,-0.0833409652113914,1.84093284606934,0.0551923140883446,0.532640814781189,0.0953654870390892,8.14285539346419,-3.67468430444739,3.01742941721803,1.69891283397996,8.66159972824732,3.31732788766466,7.10768385706294,-5.81846123667942,-2.81,0.286535676450554,0.108936420472613,8.79960536956787,16.6274206229075,0.169703857467894,1.11051708940397,176.300003051758,4.86015980983659,22.3364191993868,-176.300003051758,1.23813652992249,8.43000030517578,1.08000004291534,16.3449993133545,41.0499992370605,991.03364738302
2.2,-0.00142869183513548,-0.0847770478113527,0.473598217080627,2.15148117335829,-0.155453737787468,-21.9195168327455,-0.157798052275507,0.0413667667918818,0.0850623395552601,0.0918069135181686,-0.0818520947398418,1.84441157591417,-0.160147272743497,0.00222136043634193,0.0801631981523055,8.0768440846221,-3.61338981790085,2.64240319283783,1.57320517410875,8.60703353645527,2.95267508531093,7.1081843987831,-5.81958522526619,-2.81,0.267715748466207,0.11156071899431,8.87924098968506,16.4915659672602,0.169703857467894,1.11051708940397,176.300003051758,4.86015980983659,22.3364191993868,-176.300003051758,1.23813652992249,8.43000030517578,1.27097880840302,16.3395690917969,41.0499992370605,991.037582592254
2.225,-0.0117360460443008,-0.0904136407786858,0.476974595235805,1.45702309151271,-0.397830051654139,-19.4705923306179,-0.16516298078955,-0.25223048571752,0.0778404321156626,0.0862326746008984,-0.0893516225742136,1.84567519531181,-0.240595591519324,-0.292568585342083,0.0778859021208031,8.04866870029669,-3.60341532966675,2.31336553892576,1.51937812162575,8.57283924131226,2.70467141591061,7.10846063872422,-5.8201837805409,-2.81,0.246700838386431,0.111360310331682,8.87924098968506,16.3953821521791,0.169703951804797,1.11051709970513,176.167984008789,4.92595174399386,22.6044119229594,-176.167984008789,1.26562440395355,8.56512832641602,2.09999990463257,16.3159999847412,41.0499992370605,991.056742566697
2.25,-0.0271000181884258,-0.114241548525552,0.480336369407962,1.14470773237336,-0.353560669016972,-17.5748104985764,-0.383241503010338,-0.4904099108407,0.095659502877208,0.0810236354275782,-0.0961779825414199,1.84619794306963,-0.374235312677902,-0.417006084143486,0.087753115640329,8.00824530384783,-3.54510006901923,2.1102411328486,1.44445863688836,8.51030526431338,2.57703095426611,7.10843841951172,-5.82008318673941,-2.81,0.23344301948644,0.114400627094507,8.87924098968506,16.3236271287436,0.169704103002298,1.1105171162152,175.956390380859,5.03139909287056,23.0339345074224,-175.956390380859,1.30968022346497,8.78170204162598,2.09999990463257,16.3159999847412,41.0499992370605,991.085079111951
2.275,-0.0324744225632737,-0.108236988792237,0.483698143695297,0.749741600050691,0.113651382294853,-15.0860551240499,-0.343622935420349,-0.709555312688181,0.102306948090989,0.0698350176073381,-0.117402588748157,1.84695666914646,-0.413111725920245,-0.683646354101085,0.100677898253718,7.99004512969569,-3.56270609649212,1.90641649842923,1.43654638812469,8.45340021638672,2.57768869850453,7.10841620029921,-5.81998259293792,-2.81,0.214493384005724,0.111420203554414,8.93071460723877,16.2765706922488,0.1697042541998,1.11051713272527,175.744781494141,5.1368464403291,23.4634570918066,-175.744781494141,1.35373604297638,8.99827671051025,2.09999990463257,16.3159999847412,41.0499992370605,991.113415657206
2.3,-0.060503470668365,-0.0929062735938252,0.48705993389976,0.251341083726995,-0.327415818238123,-12.0126822865641,-0.411059972882424,-0.905447654292873,0.117528534085231,0.0567889635500627,-0.144926639056555,1.84771276195191,-0.490135356516892,-0.933050261487028,0.114753093342938,8.02802596854592,-3.55341779404223,1.38261892726438,1.36277782287486,8.46884432790898,2.32575287247327,7.10839398108671,-5.81988199913643,-2.81,0.172735906605154,0.109902314396681,8.98218822479248,16.2344005942265,0.169704405397302,1.11051714923535,175.533203125,5.24229378778763,23.8929796761908,-175.533203125,1.39779198169708,9.21485137939453,2.20570206642151,16.3208923339844,41.0499992370605,991.14175220246
2.325,-0.0821083627005876,-0.0844059788560347,0.490421700214747,-0.228853018835552,0.104494295516202,-8.86233330508848,-0.476914771727321,-1.00521511088021,0.131383360926257,0.0446035748718222,-0.172101630088331,1.8488744677415,-0.525648372759571,-1.01739285843311,0.12803185924471,8.05630119675208,-3.55978540924851,1.03653179261284,1.32644134323321,8.47689595684858,2.24349004667071,7.1083717618742,-5.81978140533494,-2.81,0.141623154361265,0.107335004519733,8.98218822479248,16.2284769653895,0.169704464842474,1.11051715572649,175.449996948242,5.28375171923069,24.0618518034459,-175.449996948242,1.41511297225952,9.30000019073486,2.64000010490417,16.3409996032715,41.0484924316406,991.161347993891
2.35,-0.0953521533597876,-0.0948037375730221,0.493783530561061,-0.599599973930445,-0.0785372158995221,-6.16441394452257,-0.43154886069513,-0.95198273070659,0.13933817067436,0.0325966051141784,-0.192381349059085,1.85122682812052,-0.493615480387135,-0.870907704513834,0.138710450098821,8.08474995420473,-3.57857258765381,0.971206078939155,1.31623355311737,8.46736536982429,2.38408426076709,7.10873058410099,-5.82047058531841,-2.81,0.130952759966955,0.103544932762894,8.98218822479248,16.268798033136,0.169704464842474,1.11051715572649,175.449996948242,5.28375171923069,24.0618518034459,-175.449996948242,1.41511297225952,9.30000019073486,2.64000010490417,16.3409996032715,41.0460014343262,991.175280761719
2.375,-0.0953521533597876,-0.0948037375730221,0.497145312675147,-0.85232988755272,-0.101647047374756,-4.59454083130874,-0.511490156033464,-0.790065926384865,0.156105020368642,0.0205896353565347,-0.212661068029839,1.85357918849954,-0.461582588014699,-0.724422550594555,0.149389040952932,8.13816680770786,-3.56537206147051,0.866402231861734,1.26722870696958,8.4778131991866,2.49260998114367,7.10931099305056,-5.82161904181803,-2.81,0.117655159831778,0.101801363184343,8.98272657394409,16.3316061814063,0.169704464842474,1.11051715572649,175.449996948242,5.28375171923069,24.0618518034459,-175.449996948242,1.41511297225952,9.30000019073486,2.95936179161072,16.330286026001,41.0435104370117,991.189213529546
2.4,-0.123312106947158,-0.0643104151039533,0.500507063024456,-0.915699372152773,0.29810312344894,-4.01256082949415,-0.369225300528184,-0.555726554610077,0.163733230639077,0.0157828442752361,-0.220779716968536,1.85452091693878,-0.448758751153946,-0.665779650211334,0.153664037585258,8.28394211608423,-3.68881428610092,0.694140525626978,1.32772500041059,8.66159335051059,2.43450731010806,7.10989140200013,-5.82276749831765,-2.81,0.103570043856016,0.0927094414957878,8.9832649230957,16.4540273009533,0.169704464842474,1.11051715572649,175.449996948242,5.28375171923069,24.0618518034459,-175.449996948242,1.41511297225952,9.30000019073486,4.21999979019165,16.2880001068115,41.0410232543945,991.203146297374
2.425,-0.124456773828259,-0.0641216579796301,0.503868885255362,-0.847311783400726,0.00115134633682384,-3.90144409602975,-0.352827810833703,-0.338324894341467,0.166870989944979,0.00582531199883485,-0.231583019812207,1.8581033206727,-0.330504492112058,-0.451536942280217,0.157404638077523,8.35571417369107,-3.70991598933887,0.65876290228538,1.29835209020655,8.71140820137284,2.5379230801409,7.11041501987973,-5.8237926582976,-2.81,0.0984316965563807,0.088642126286805,8.9832649230957,16.5424430118574,0.169704560415961,1.1105171629009,175.376586914062,5.3295736437558,24.3333574217764,-175.376586914062,1.41421616077423,9.31174468994141,4.21999979019165,16.2880001068115,41.0400009155273,991.207473430228
2.45,-0.128109229954464,-0.0582295053578502,0.507230691601619,-0.671677397117793,0.272125254185173,-4.38225051410436,-0.320363442240115,-0.127505388417166,0.168463171450401,-0.00526127379800533,-0.237248049576044,1.8635741941383,-0.310407249261648,-0.178577104945828,0.168608754622177,8.43123516715989,-3.74138930911947,0.663674112540472,1.25993636696844,8.77134778782039,2.64578949848475,7.11084062628337,-5.82460503000143,-2.81,0.0983600436949208,0.0830530937727081,8.9832649230957,16.6445353904375,0.169704722475352,1.11051717506622,175.25212097168,5.40727168999796,24.7937365136766,-175.25212097168,1.41269552707672,9.3316593170166,4.21999979019165,16.2880001068115,41.0400009155273,991.205118382231
2.475,-0.12468773287099,-0.0472193814026077,0.49744070306242,-0.519563465037017,0.100239067965323,-5.43511858393654,-0.252129855709058,0.0706493653931398,0.166807827521011,-0.0154627783621642,-0.236790955697399,1.86946522969039,-0.197071284205472,0.10240374971687,0.170243495369816,8.52255219473952,-3.8121925819398,0.765400103444064,1.25080186411253,8.85128133421228,2.80051048053142,7.11126623268701,-5.82541740170526,-2.81,0.106555845672728,0.0749109594685225,9.05386066436768,16.7698645269533,0.169704884534743,1.11051718723153,175.127655029297,5.48496973624013,25.2541156055769,-175.127655029297,1.41117477416992,9.35157489776611,4.21999979019165,16.2880001068115,41.0400009155273,991.202763334234
2.5,-0.117622394254918,-0.0369541939616818,0.475604679839022,-0.292496373523003,0.320235161047244,-6.86345208617723,-0.239463205015687,0.261370978263567,0.17309230581244,-0.0239373819317137,-0.229069872268108,1.87432731704552,-0.259040684479625,0.309524122807158,0.173868820707337,8.62148252369386,-3.87862680512459,0.896758565790707,1.23735070286504,8.95061454775866,2.92118900119096,7.11169183909065,-5.8262297734091,-2.81,0.119390424998541,0.0675770460481956,9.12445640563965,16.9029446915072,0.169705046594134,1.11051719939685,175.003189086914,5.56266778248229,25.7144946974772,-175.003189086914,1.40965414047241,9.37148952484131,4.97744655609131,16.263744354248,41.0400009155273,991.200408286237
2.525,-0.108124538972426,-0.0329342110264645,0.452943962288544,0.13636121755289,0.303731536265946,-8.68889276191368,-0.106791943780967,0.425809436163571,0.173995145310206,-0.0236584690444402,-0.21879266526703,1.87906515221439,-0.0487435362101353,0.455537879851251,0.183813800470728,8.66641230012405,-3.92513721641169,0.97860094155218,1.22075891139974,9.02303938090838,2.92669987136074,7.11202648710505,-5.82688168611473,-2.81,0.128220731005019,0.0623095919495314,9.12445640563965,16.9745961589501,0.169705115850285,1.1105172045957,174.949996948242,5.5958720757603,25.9112378991945,-174.949996948242,1.40900433063507,9.38000011444092,7.78000020980835,16.173999786377,41.0400009155273,991.196208677901
2.55,-0.104005029070839,-0.041777610959267,0.430282921366586,0.532130698365637,0.285765049293814,-10.7619396743052,-0.0919653455736719,0.545947273448612,0.17936033132037,-0.0280679231314744,-0.210799843576631,1.88148315620848,-0.0516220308386,0.509082393827325,0.181823706017574,8.71861336981664,-3.96736046977264,1.0675183400393,1.21639913105919,9.08590497442094,2.976653749688,7.11222585486143,-5.82729495195273,-2.81,0.137866431149823,0.058052526592407,9.12445640563965,17.0484505577448,0.169705115850285,1.1105172045957,174.949996948242,5.5958720757603,25.9112378991945,-174.949996948242,1.40900433063507,9.38000011444092,7.78000020980835,16.173999786377,41.0400009155273,991.190632531998
2.575,-0.0965019074381581,-0.0368268043275109,0.407622042262306,0.918870834178869,0.400207130237197,-12.6241099872588,0.0353541395564886,0.628985952265282,0.183863408269357,-0.0292826586294795,-0.192119635550762,1.88739483174139,0.0413817308678679,0.591201494238285,0.189464148753026,8.7542636311121,-4.03288751838595,1.16375597670924,1.19922894115682,9.17805551546183,2.92929826649388,7.11242522261782,-5.82770821779072,-2.81,0.151836457905516,0.0509659450271119,9.28296852111816,17.1195321219086,0.169705115850285,1.1105172045957,174.949996948242,5.5958720757603,25.9112378991945,-174.949996948242,1.40900433063507,9.38000011444092,7.78000020980835,16.173999786377,41.0400009155273,991.185056386095
2.6,-0.0744899305196729,-0.0383297231255674,0.401238239037677,1.40945833114976,0.27424742756405,-13.8438959670865,0.075781184849938,0.62568419096799,0.181503489530987,-0.0278113342173045,-0.175152221597519,1.8928889440131,0.101844095549412,0.610488466985581,0.191809298416237,8.77291606054103,-4.0711686733085,1.22206434300875,1.16711343695831,9.25129003429615,2.84313045020532,7.11262459037421,-5.82812148362872,-2.81,0.162188866739203,0.0460148355626739,9.44148063659668,17.1667014446386,0.169705115850285,1.1105172045957,174.949996948242,5.5958720757603,25.9112378991945,-174.949996948242,1.40900433063507,9.38000011444092,9.08331966400146,16.1399230957031,41.0400009155273,991.179480240193
2.625,-0.0705970690509613,-0.0396328487053232,0.40921573865497,1.77176928107572,0.29705495641923,-15.0294476512276,0.114754909810564,0.571868351058124,0.172928445714689,-0.0258026678969878,-0.163519066790252,1.89673419319692,0.103000803037157,0.576681092847634,0.186846614833109,8.78534677056578,-4.10744386455842,1.27793007107953,1.15525407161611,9.30262149404139,2.79519938730172,7.11289239303207,-5.82865777226152,-2.81,0.16991108403508,0.0421177403484281,9.44148063659668,17.2007943646525,0.169705206848781,1.11051721063009,174.865646362305,5.63441277268201,26.1697468620592,-174.865646362305,1.41361463069916,9.39244747161865,13.6700000762939,16.0200004577637,41.0400009155273,991.176318229513
2.65,-0.059243904242981,-0.0434332920530698,0.417193390264911,1.90720297200852,0.343869435295113,-15.9156432603367,0.13390235393407,0.528414777560524,0.171302811418789,-0.0214013946458039,-0.148453320280484,1.90201351569425,0.134384163930485,0.529894882162609,0.176218747455398,8.80828303822878,-4.13616215665476,1.29608684309828,1.11791182892882,9.380019283258,2.67189819435423,7.11336870569701,-5.82956889132823,-2.81,0.176218719816766,0.0382287111800763,9.44148063659668,17.2432097770387,0.169705370646075,1.11051722149198,174.713775634766,5.70378602855927,26.6350629951683,-174.713775634766,1.42191314697266,9.41485118865967,13.6700000762939,16.0200004577637,41.0400009155273,991.175087527011
2.675,-0.0539372283602975,-0.0640576853636579,0.425170984943588,2.1166444805403,0.636779247488321,-16.410863770258,0.182281861343839,0.472215152207194,0.154629695332783,-0.018148522824049,-0.139184698462486,1.9053521156311,0.162743255496025,0.500201821327209,0.168408006429672,8.87536180561195,-4.18432841306648,1.27063758049059,1.10519477213536,9.49190003786855,2.56467337035761,7.11384501836195,-5.83048001039494,-2.81,0.177321628045762,0.0340324723975302,9.60946798324585,17.3137610576943,0.169705534443368,1.11051723235387,174.561935424805,5.77315928301836,27.1003791282774,-174.561935424805,1.43021154403687,9.437255859375,13.6700000762939,16.0200004577637,41.0400009155273,991.17385682451
2.7,-0.0471203314665559,-0.0771293464968692,0.433148617492466,2.31858610088362,0.367591791643698,-16.6874360383416,0.275398907370759,0.354874366111365,0.132671545334031,-0.0128200590107712,-0.129539249054377,1.90925687322291,0.2495683567349,0.398395537783718,0.147063728277899,8.88481006823796,-4.219771525671,1.27544172940534,1.09628790248112,9.5441092206347,2.46600999635121,7.11432133102689,-5.83139112946165,-2.81,0.180321197632549,0.0306739542248419,9.77745532989502,17.3337537436213,0.169705698240662,1.11051724321576,174.410079956055,5.84253253747745,27.5656952614654,-174.410079956055,1.43851006031036,9.45966053009033,14.4007234573364,15.9864511489868,41.0400009155273,991.172626122008
2.725,-0.0460085466351544,-0.0836402933907685,0.441126173935242,2.46481902834581,0.370721762633614,-16.5349994345431,0.236485874444076,0.214751355099708,0.117853388664634,-0.00376476613631978,-0.121995196719788,1.91382056067148,0.263420331863983,0.181672650235328,0.113173993341345,8.92803161479699,-4.21448404444236,1.14124816906556,1.03173470174685,9.62883385408497,2.23498406587335,7.11472552507013,-5.83215904563523,-2.81,0.173057100444407,0.029794208571574,9.77745532989502,17.3636673265399,0.169705773839413,1.11051724822894,174.339996337891,5.87455096359422,27.7804565536575,-174.339996337891,1.44234013557434,9.47000026702881,16.8500003814697,15.8739995956421,41.0400009155273,991.174283421293
2.75,-0.0499737052344667,-0.102943807912771,0.449103692530589,2.41741129937868,0.414298049684199,-16.0301326217601,0.291878940448393,0.083566825121578,0.0976865786953439,0.000501786575485584,-0.120973795902547,1.91512715124207,0.286094356695784,0.114234145937269,0.10283066123045,8.93957665580295,-4.23118527672683,1.09855418292119,1.03235502907674,9.65728276707572,2.16723639099724,7.11496625856515,-5.83260238512017,-2.81,0.16975465654228,0.0286843697949709,9.77745532989502,17.3697318197255,0.169705773839413,1.11051724822894,174.339996337891,5.87455096359422,27.7804565536575,-174.339996337891,1.44234013557434,9.47000026702881,16.8500003814697,15.8739995956421,41.0400009155273,991.178416150681
2.775,-0.0538814105557434,-0.122988483797149,0.457081210924897,2.11066045988485,0.205784881893305,-15.1193958109528,0.23569097367644,-0.0357336370347268,0.0833206485541855,0.00688940528491063,-0.122218105926554,1.91763454078522,0.247643401159132,-0.0266988836809281,0.0834796146470587,8.99814352738081,-4.19664033285816,0.939256021816651,0.954569720528532,9.72354099067312,2.00053146653221,7.11520699206017,-5.83304572460511,-2.81,0.157655696113458,0.0301330457535771,9.93740606307983,17.4098263866086,0.169705773839413,1.11051724822894,174.339996337891,5.87455096359422,27.7804565536575,-174.339996337891,1.44234013557434,9.47000026702881,16.8500003814697,15.8739995956421,41.0400009155273,991.18254888007
2.8,-0.0603742653367717,-0.131049432764687,0.465058843507843,1.96103066037761,0.317689271928475,-14.0187089935405,0.221410829675999,-0.133927319221801,0.0704292378699256,0.0124383103189394,-0.126162549429201,1.91953300913871,0.188024385365721,-0.145492962381874,0.0664396485971717,9.0404132917487,-4.17946493533786,0.823845744161753,0.905739782555389,9.76899069703752,1.90320194646013,7.11544772555519,-5.83348906409005,-2.81,0.147215871113159,0.0307488876562972,10.0973567962646,17.4416776722271,0.169705773839413,1.11051724822894,174.339996337891,5.87455096359422,27.7804565536575,-174.339996337891,1.44234013557434,9.47000026702881,16.3185958862305,15.8902034759521,41.0400009155273,991.186681609458
2.825,-0.0626397608264729,-0.132990328005642,0.473036343127818,1.82706779118201,0.142128137284461,-12.9921225285988,0.143354665758967,-0.219727180270252,0.057644095505601,0.016172343797844,-0.130587168716226,1.92031382430701,0.150210558059773,-0.206058260702084,0.0562657558355084,9.04466114040418,-4.16456088362453,0.766883249327458,0.884169763631786,9.7700699892057,1.87124254209694,7.11568845905021,-5.83393240357499,-2.81,0.140761842812294,0.0315878154879354,10.0973567962646,17.4422116620339,0.169705864221474,1.11051725230632,174.276397705078,5.90059261626859,28.03721434381,-174.276397705078,1.4493396282196,9.58161735534668,14.6199998855591,15.9420003890991,41.038703918457,991.196367369307
2.85,-0.0730719507143246,-0.154030127062006,0.481013995014767,1.56667975643418,0.212950973865474,-11.8004154773929,0.0360185660045779,-0.280562867283199,0.0424995442111984,0.0168294956843592,-0.138191719286002,1.92093025970448,0.05841346890085,-0.262786968702733,0.04332959217906,9.07800256398102,-4.13855561413294,0.669880946158341,0.841569909751216,9.79155208743598,1.84493398553249,7.1158383966858,-5.83420586051764,-2.81,0.131120962150811,0.0327525736289827,10.0973567962646,17.4699503978644,0.16970603757723,1.11051726012688,174.154418945312,5.95054135987622,28.529684203568,-174.154418945312,1.46276497840881,9.79570198059082,13.8025960922241,15.9686813354492,41.0362129211426,991.211150993185
2.875,-0.0768213970104901,-0.169118009342862,0.487446359102197,1.20482030410463,0.130464476302616,-10.069730736094,-0.0859009565792798,-0.329957787063356,0.0301975609912006,0.0145002716796771,-0.148882664256514,1.92138715052089,-0.0857789779880151,-0.315791938726893,0.0277124091341676,9.1351013653968,-4.1048495359919,0.538434590233942,0.78370685607513,9.83014761943909,1.82860050884403,7.11583561946377,-5.83419358209277,-2.81,0.118722924793523,0.0340869262414168,10.1666536331177,17.5209604369963,0.169706210932986,1.11051726794744,174.032455444336,6.00049010348385,29.0221540632471,-174.032455444336,1.47619020938873,10.0097875595093,11.25,16.0520000457764,41.0337219238281,991.225934617063
2.9,-0.0927214080306642,-0.159539139873125,0.486574603738965,0.937855744454553,0.343040020298576,-8.87697966513817,-0.190870809390736,-0.301158961527803,0.0251742611263688,0.00969243669490871,-0.156920439043848,1.92188097436244,-0.221631592209657,-0.292750574779724,0.0226171318633528,9.29790548458441,-4.05880502460029,0.258176363611134,0.666736968519116,9.98803658956163,1.66918739604064,7.11583284224173,-5.83418130366791,-2.81,0.099283062132091,0.0357407098515926,10.2359504699707,17.6634236878966,0.169706384288743,1.110517275768,173.91047668457,6.05043884709148,29.5146239230051,-173.91047668457,1.48961544036865,10.2238721847534,11.25,16.0520000457764,41.0312309265137,991.240718240941
2.925,-0.0970321769089523,-0.157581995596164,0.484146630450217,0.696541426300333,0.321584297754762,-8.05030203376304,-0.263911854194801,-0.207545149540845,0.0141336293536999,0.00222619622945786,-0.16252413392067,1.9219673871994,-0.276896446943283,-0.21833148598671,0.01054454036057,9.39663164446247,-4.01975446564611,0.129483934082527,0.591579224251925,10.07145679889,1.63941156654047,7.11588181292796,-5.83426904988052,-2.81,0.0908227958862386,0.0370718264607714,10.2359504699707,17.7582629311911,0.169706470225784,1.11051727964486,173.850006103516,6.07519976300482,29.7587542808136,-173.850006103516,1.49627077579498,10.3299999237061,11.25,16.0520000457764,41.0299987792969,991.25573172062
2.95,-0.102215944433792,-0.170347412461182,0.481957179412241,0.447668571338229,0.368316345997697,-7.58334571449788,-0.366385027690746,-0.0842543043946504,0.00404348472999075,-0.00397890557096366,-0.16289005876211,1.92204330794072,-0.344537887944084,-0.120037078356225,0.00514955747450645,9.47367121159335,-3.99180161545059,0.0793614991067949,0.536620346660397,10.136334234029,1.63033478452402,7.11613226096352,-5.83474623596628,-2.81,0.0890656939103316,0.0379315451561762,10.2359504699707,17.8348524358396,0.169706470225784,1.11051727964486,173.850006103516,6.07519976300482,29.7587542808136,-173.850006103516,1.49627077579498,10.3299999237061,11.25,16.0520000457764,41.0299987792969,991.270971160239
2.975,-0.0993632459061278,-0.155974065842222,0.482553904903124,0.338898725998686,0.538866458061227,-7.49818520727968,-0.416098863800583,0.0519634327049918,-0.0121989578996203,-0.0129828322678804,-0.163421034812927,1.92215347290039,-0.442689150571823,0.0225932393223047,-0.00267884437926114,9.55740162406342,-3.96581105591556,0.0615551465654628,0.483223921132825,10.201213282898,1.66646763239222,7.11638270899909,-5.83522342205205,-2.81,0.0897301627439473,0.0383887253454811,10.3058881759644,17.9221890448899,0.169706470225784,1.11051727964486,173.850006103516,6.07519976300482,29.7587542808136,-173.850006103516,1.49627077579498,10.3299999237061,11.25,16.0520000457764,41.0299987792969,991.286210599859
3,-0.0983878597552246,-0.151228237020792,0.484761122514202,0.287082761737319,0.519777647981928,-7.95853779332575,-0.43748705824211,0.208492110716508,-0.0315366277164196,-0.0217109360312137,-0.16163936593774,1.92170138120622,-0.403939063140587,0.119133649793624,-0.0190676135669521,9.67731262828593,-3.9534897467904,0.121163003167711,0.437483338624106,10.2956387464397,1.76169591250325,7.11663315703465,-5.83570060813781,-2.81,0.0955197579973083,0.0382319652118557,10.375825881958,18.0480346626915,0.169706470225784,1.11051727964486,173.850006103516,6.07519976300482,29.7587542808136,-173.850006103516,1.49627077579498,10.3299999237061,10.5376596450806,16.0716590881348,41.0299987792969,991.301450039478
3.025,-0.0868734626567533,-0.135295216560357,0.486968371558167,0.286745974606993,0.451936167490136,-9.13890630751043,-0.481701788536784,0.339935635364055,-0.0454552781347328,-0.0410769598196089,-0.148150404231562,1.92046091962159,-0.473859136139819,0.357239924669714,-0.0367201229073769,9.75801495588232,-3.92267237912557,0.122066527409713,0.385489474395463,10.3688480620959,1.72032044706561,7.11687072037746,-5.83615455429572,-2.81,0.106396918406781,0.0383094201546934,10.375825881958,18.1228421233845,0.169706559972842,1.11051728218487,173.802703857422,6.09142243195368,30.013708151981,-173.802703857422,1.49921298027039,10.3688077926636,8.46000003814697,16.128999710083,41.0299987792969,991.314054318692
3.05,-0.0844878631733573,-0.139267546043118,0.489175589158081,0.319277330066787,0.679127533623661,-11.2597544063706,-0.4454326652039,0.440583807759202,-0.0559854039571497,-0.0450157641844026,-0.142775967312563,1.91983882263468,-0.436372715391678,0.428985085518142,-0.0439213947974494,9.80989888430325,-3.92598589251732,0.143067001505118,0.374186294749233,10.4209541559559,1.71220577376293,7.11708619192058,-5.83656865380456,-2.81,0.110759210253831,0.0377941902566922,10.375825881958,18.1720690069515,0.169706744190488,1.11051728739858,173.705627441406,6.12472159341333,30.5370345191762,-173.705627441406,1.50525212287903,10.4484672546387,8.46000003814697,16.128999710083,41.0299987792969,991.323884744847
3.075,-0.0787718606368196,-0.135140114316637,0.491382822506886,0.527737237314472,0.356039091695732,-12.8312595793701,-0.449007366915114,0.506716797105848,-0.0668119121817936,-0.0571964621257735,-0.128143814328306,1.91805534893575,-0.420731685042865,0.511719661876373,-0.0527739169731163,9.86152976837814,-3.92295948816759,0.162184548564804,0.362263838349499,10.4801805188396,1.6432484748708,7.11730166346369,-5.8369827533134,-2.81,0.121411339916444,0.0370057025355151,10.4743337631226,18.2129562467975,0.169706928408134,1.11051729261229,173.608551025391,6.15802075629114,31.0603608863714,-173.608551025391,1.51129126548767,10.5281276702881,8.46000003814697,16.128999710083,41.0299987792969,991.333715171002
3.1,-0.0603994377818716,-0.115812408806641,0.493590076866955,0.753104357545737,0.695836188582509,-14.2099860077546,-0.436652255099208,0.546799649390405,-0.0690906233969072,-0.0688234991616718,-0.113647822193549,1.91615206111235,-0.393080367612419,0.540172023902724,-0.0573849214443401,9.90748953094996,-3.91877284343737,0.173741977015182,0.352057191544636,10.5345534612478,1.56350720654411,7.11751713500681,-5.83739685282224,-2.81,0.131428140924291,0.0362230310730023,10.5728416442871,18.2466372413841,0.16970711262578,1.11051729782599,173.511459350586,6.19131991775078,31.5836872536455,-173.511459350586,1.5173305273056,10.6077871322632,8.08008480072021,16.1493148803711,41.0299987792969,991.343545597158
3.125,-0.0573691731863418,-0.112462540635862,0.495797294509966,0.915310457667748,0.423113092852327,-15.6539516923516,-0.391393648982387,0.52183894896859,-0.0717003849541416,-0.0765257693570814,-0.103249640388679,1.91467528093357,-0.348282960946774,0.529143481793003,-0.0585675976627781,9.9355796609204,-3.91839847237047,0.18739286066637,0.34975239853463,10.5692378100571,1.50784324290647,7.11763540738152,-5.83761202331079,-2.81,0.138753620017478,0.0355444477528314,10.5728416442871,18.265616117351,0.169707210245387,1.11051730058881,173.460006713867,6.20896562786039,31.8610054995015,-173.460006713867,1.52053081989288,10.6499996185303,7.01999998092651,16.2059993743896,41.0299987792969,991.349311990941
3.15,-0.0477133989743068,-0.109504193439924,0.498004543603118,1.03299797394654,0.532686443765265,-16.5762540802033,-0.390105814993485,0.450930891066928,-0.0594536451771153,-0.0866805609917161,-0.0904586897743186,1.91264667863994,-0.297562092888937,0.452079173534139,-0.0548864701811903,9.96211975702844,-3.90448224068747,0.153118991961648,0.341152939616128,10.6050916677994,1.3884892640141,7.11761693338176,-5.83754732697798,-2.81,0.145213865148372,0.0353555850243261,10.5728416442871,18.2731539005016,0.169707210245387,1.11051730058881,173.460006713867,6.20896562786039,31.8610054995015,-173.460006713867,1.52053081989288,10.6499996185303,7.01999998092651,16.2059993743896,41.0299987792969,991.350497111868
3.175,-0.0427703671335616,-0.108345060613268,0.500211745297431,1.13410684538824,0.625947741095784,-16.7910609332869,-0.30669461763446,0.348800793678574,-0.0559363287654284,-0.094003789126873,-0.0816477388143539,1.91114699840546,-0.26473930478096,0.368354588747025,-0.0498725213110447,10.0082759374056,-3.90710126736969,0.0262693114289109,0.345282780985412,10.6702221277605,1.20783160037375,7.117598459382,-5.83748263064517,-2.81,0.143923973849815,0.0344509901947567,10.6871304512024,18.289656825854,0.169707210245387,1.11051730058881,173.460006713867,6.20896562786039,31.8610054995015,-173.460006713867,1.52053081989288,10.6499996185303,7.01999998092651,16.2059993743896,41.0299987792969,991.351682232796
3.2,-0.0375739489591629,-0.0955306193844562,0.482296718595148,1.08623745080505,0.514867715727533,-16.6346934229364,-0.282967062052946,0.246425889259042,-0.0522839396368642,-0.102456200209054,-0.0739456914391745,1.90944577657173,-0.323368816331729,0.293739554432706,-0.046879105624557,10.0138365454741,-3.89820845985908,-0.0652566783809096,0.354371468345806,10.6864866506714,1.07267605431793,7.11759934156898,-5.83745728378937,-2.81,0.144648342359479,0.0341401792553047,10.8014192581177,18.2717582010358,0.169707210245387,1.11051730058881,173.460006713867,6.20896562786039,31.8610054995015,-173.460006713867,1.52053081989288,10.6499996185303,7.12893581390381,16.1893863677979,41.0299987792969,991.352867353723
3.225,-0.0382093323155109,-0.0974448993132204,0.476337045699527,0.966573350811302,0.583963474628621,-16.2146932303865,-0.227638854738553,0.155476090429692,-0.0522150581467604,-0.111988467363618,-0.0678342503747419,1.90730026811427,-0.260270792904941,0.144519183407942,-0.047645656023906,10.0614854840423,-3.89375503182067,-0.262330760347875,0.369374189380444,10.7514828576149,0.856046080466081,7.11780134197525,-5.83784079312259,-2.81,0.138898322171236,0.0335648246025162,10.8014192581177,18.2807773928489,0.169707210245387,1.11051730058881,173.460006713867,6.20896562786039,31.8610054995015,-173.460006713867,1.52053081989288,10.6499996185303,7.42000007629395,16.1450004577637,41.0288696289062,991.35729422062
3.25,-0.0401014782332332,-0.103145547459575,0.475527733582423,0.881853642500873,0.525489654303003,-15.0915514315111,-0.17285602220938,0.034814336359023,-0.0564288839830711,-0.1120185785679,-0.0687478931815035,1.90679169810416,-0.153529203608523,0.0614259624115693,-0.0517276445856216,10.0499336979043,-3.88333816135145,-0.338503271467636,0.375423938603633,10.7440408227691,0.78785197687775,7.11800334238152,-5.83822430245582,-2.81,0.134494879995231,0.0344370368148355,10.8014192581177,18.2586536345652,0.169707210245387,1.11051730058881,173.460006713867,6.20896562786039,31.8610054995015,-173.460006713867,1.52053081989288,10.6499996185303,7.42000007629395,16.1450004577637,41.0263824462891,991.365635648687
3.275,-0.0429603392906974,-0.105048924018358,0.474718415718906,0.679735799125396,0.402479769015793,-13.3034345924613,-0.165607456019963,-0.0968090103288674,-0.0606936718831348,-0.115511119642202,-0.0722068061381849,1.90549645134533,-0.111246010592734,-0.0860454222602803,-0.0573799609971365,10.0463667611458,-3.88909486706013,-0.430453363489089,0.404662805883191,10.748045724777,0.745382582454376,7.11820534278779,-5.83860781178904,-2.81,0.128950161696549,0.0343456041237731,10.87180519104,18.2436146156546,0.169707210245387,1.11051730058881,173.460006713867,6.20896562786039,31.8610054995015,-173.460006713867,1.52053081989288,10.6499996185303,7.42000007629395,16.1450004577637,41.0238952636719,991.373977076754
3.3,-0.0515379634976452,-0.0993023409385057,0.47390909010218,0.288541585548119,0.371974234887352,-11.5084923952327,-0.177212512015835,-0.167468428102402,-0.0646149611127166,-0.124214465317008,-0.0760123531685414,1.90364987985412,-0.201991686179406,-0.174324531452092,-0.0683864330381088,10.0860089595586,-3.87679723791616,-0.652433695049812,0.422035815127849,10.8002550768128,0.599315717444876,7.11840734319406,-5.83899132112226,-2.81,0.117218591156332,0.0346558673241484,10.9421911239624,18.2573093854025,0.169707210245387,1.11051730058881,173.460006713867,6.20896562786039,31.8610054995015,-173.460006713867,1.52053081989288,10.6499996185303,7.45370244979858,16.1483707427979,41.0214042663574,991.38231850482
3.325,-0.0545776864168266,-0.0921953357045054,0.473099772228629,0.140083275328551,0.438632178783816,-10.5975288051817,-0.178879923058093,-0.136293708417324,-0.0722997980026094,-0.125576605789477,-0.0813426916056472,1.90231342014453,-0.128438823362658,-0.13894690471062,-0.07478420255066,10.1235389425208,-3.82759859519307,-0.811466350239309,0.394079017771562,10.8347479886508,0.497962964898469,7.11860934360033,-5.83937483045549,-2.81,0.106416167253202,0.0379595400078831,10.9421911239624,18.2808177844092,0.169707292818028,1.11051730248268,173.423110961914,6.22106147772672,32.0955782519778,-173.423110961914,1.52128839492798,10.6771278381348,7.53999996185303,16.1569995880127,41.0210838317871,991.390812261054
3.35,-0.0594684331915953,-0.100891057513481,0.472290450445285,0.0772658937818245,0.400212084384597,-10.2918629683815,-0.181696757112546,-0.0544103120217961,-0.0822196427272192,-0.131293516922931,-0.0807748750849897,1.90022010273484,-0.143412344495196,-0.0640510295451204,-0.0806576385244317,10.1556990139538,-3.83819434182308,-0.827532783667719,0.420131844608885,10.8685651492523,0.502543137722935,7.11882584441071,-5.83985334092196,-2.81,0.107226355149622,0.0373224025894198,10.9421911239624,18.3034611968626,0.169707482249381,1.11051730682744,173.338470458984,6.24881077894309,32.6337157427208,-173.338470458984,1.52302622795105,10.7393617630005,7.53999996185303,16.1569995880127,41.0235748291016,991.399503147856
3.375,-0.059152947281678,-0.100575571603563,0.471481134537199,0.0059630156745271,0.423382530219078,-10.3017215234571,-0.173378333761292,0.0349495709981902,-0.0870990826081167,-0.137010428056384,-0.0802070585643322,1.89812678532516,-0.158385865627733,0.0108448456203797,-0.0865310744982035,10.1884681058319,-3.85119587244123,-0.841376139241536,0.448204745486812,10.9033806231469,0.509812997141726,7.11904941267018,-5.84037815462712,-2.81,0.10815541459844,0.03653983100985,10.9808840751648,18.3268869401752,0.169707671680734,1.11051731117219,173.253814697266,6.27656008157763,33.1718532336215,-173.253814697266,1.52476418018341,10.8015956878662,7.53999996185303,16.1569995880127,41.0260620117188,991.408194034658
3.4,-0.0553677171679925,-0.0853436941875187,0.470671803144093,0.11348314983405,0.55129587765395,-10.1411277834297,-0.132103921492714,0.059946862136026,-0.0978502694264649,-0.139481633901596,-0.0799616128206253,1.89722192287445,-0.164858356118202,0.043219517916441,-0.0890699401497841,10.2587102812279,-3.82831605313486,-0.903017261639335,0.421547173275997,10.9692559083606,0.458588496671427,7.11927267422476,-5.84090096278367,-2.81,0.105212747948236,0.0376497046685506,11.0195770263672,18.3881639017905,0.169707861112086,1.11051731551695,173.169189453125,6.30430938421216,33.7099907244434,-173.169189453125,1.52650213241577,10.8638286590576,7.3750638961792,16.1694431304932,41.0285491943359,991.416884921459
3.425,-0.0556798005879222,-0.0862839376183586,0.46986249873372,0.104416528795126,0.348151990286707,-10.1797179862092,-0.098020928613717,0.0427701592650347,-0.108189335586793,-0.142649417972812,-0.0789573666305798,1.89329461822906,-0.101521808145431,0.0370884017477144,-0.103448187471682,10.2913680392384,-3.82579336125616,-0.906976689605148,0.453598672175641,10.997961220502,0.458971583555611,7.11947607420464,-5.84129389575747,-2.81,0.106451172172932,0.0388468396997316,11.0195770263672,18.4032771435809,0.169708052726957,1.11051732004366,173.1064453125,6.33322083660798,34.2543311645006,-173.1064453125,1.52622032165527,10.9260635375977,6.96999979019165,16.2000007629395,41.0289573669434,991.422375098695
3.45,-0.0566314818050278,-0.0891511582250781,0.469143272704693,-0.0639974162279709,0.298456540296937,-10.452545208969,-0.0903579858753315,0.069041031478289,-0.112184570604979,-0.145192107061501,-0.076908791934274,1.88998125083825,-0.0604328580876973,0.0681609236622237,-0.106820356681581,10.3174239702891,-3.82168618648969,-0.931598343466546,0.481600531192842,11.0231520775462,0.424943958535252,7.11967947418453,-5.84168682873127,-2.81,0.106853654371092,0.039911774787155,11.0195770263672,18.4106421887707,0.169708247372017,1.1105173248229,173.074081420898,6.36374506936415,34.8072797789491,-173.074081420898,1.52313542366028,10.9882974624634,6.96999979019165,16.2000007629395,41.0264663696289,991.4234234749
3.475,-0.0547315438004869,-0.0882034592175928,0.468747952474795,-0.0609493750463303,0.225222664525284,-11.1488848464312,-0.0794611352533323,0.141530944874185,-0.114554410622507,-0.145374048976413,-0.0742904752292416,1.8868376259799,-0.0980479830472297,0.158560324309238,-0.113501226264394,10.3701306789346,-3.81915761441971,-0.938507398788893,0.49806684536528,11.072577849784,0.39537387060979,7.11988287416441,-5.84207976170508,-2.81,0.10770664630012,0.0410882317955351,11.0790696144104,18.4452842559706,0.169708442017077,1.11051732960213,173.041717529297,6.39426930070216,35.3602283933188,-173.041717529297,1.52005064487457,11.0505313873291,6.96999979019165,16.2000007629395,41.0239791870117,991.424471851105
3.5,-0.0496488300053083,-0.0872537239258566,0.468478177355617,0.125154416771101,0.329750967028543,-11.8423837799253,-0.116866532513573,0.188661559787287,-0.118673994606911,-0.149331621179131,-0.0697678555039213,1.88329895910026,-0.0854406115007706,0.173634392361163,-0.113938478454564,10.4176017154301,-3.78484316166608,-0.963681530242051,0.494518006003432,11.1095371685326,0.337314681271734,7.12007887077505,-5.84246135921935,-2.81,0.109406481177864,0.043437710727568,11.1385622024536,18.4708933341257,0.169708636662137,1.11051733438136,173.009368896484,6.42479353345833,35.9131770076885,-173.009368896484,1.51696586608887,11.1127662658691,6.76744651794434,16.2062568664551,41.0214920043945,991.42552022731
3.525,-0.0472767399942061,-0.0832922140121156,0.468208404169925,0.191729243874089,0.269202096559617,-12.3196915111066,-0.135102177675123,0.183680477343745,-0.127311676266394,-0.151657382621252,-0.0654875154764269,1.87981485314018,-0.203772956547834,0.218302462532501,-0.125758849961194,10.4499212794607,-3.79093681279793,-0.970948541003534,0.530696839927724,11.1420192910012,0.297598249117541,7.12017848739514,-5.84269538723579,-2.81,0.111640401850228,0.0438657269088993,11.1385622024536,18.4813140215014,0.169708753116446,1.11051733724073,172.990005493164,6.44305589454851,36.244000965071,-172.990005493164,1.51512026786804,11.1499996185303,6.28999996185303,16.2210006713867,41.0200004577637,991.427600097656
3.55,-0.0458450145424803,-0.0847239394638414,0.467938630984234,0.169696825187884,0.129704822414183,-11.3105711558071,-0.173692660522627,0.137521730123362,-0.135790092664954,-0.153641650652119,-0.0645696452506282,1.87814298189348,-0.118799726980816,0.146383501972208,-0.125943174666935,10.4520571660082,-3.75243116867986,-1.01665285704309,0.518874702363768,11.1369032648297,0.244900841137108,7.12027810401524,-5.84292941525223,-2.81,0.110239571696042,0.0462763630212733,11.1385622024536,18.4722944937572,0.169708753116446,1.11051733724073,172.990005493164,6.44305589454851,36.244000965071,-172.990005493164,1.51512026786804,11.1499996185303,6.28999996185303,16.2210006713867,41.0200004577637,991.431216235871
3.575,-0.0467819501407506,-0.0837870038655711,0.467668855864537,-0.0125459238959086,0.332442624726325,-10.1455906610017,-0.177914276875805,0.0670701257613128,-0.136470884498335,-0.157039745284607,-0.0635738369235485,1.87423760654259,-0.0645202168222357,0.060743776580271,-0.130228341477258,10.4596111279181,-3.75533095989459,-1.02817659692904,0.565909972420775,11.1439051079001,0.237165615794675,7.12037772063534,-5.84316344326867,-2.81,0.111283398454239,0.0471224175134434,11.1696910858154,18.4609524054035,0.169708753116446,1.11051733724073,172.990005493164,6.44305589454851,36.244000965071,-172.990005493164,1.51512026786804,11.1499996185303,6.28999996185303,16.2210006713867,41.0200004577637,991.434832374086
3.6,-0.0490268153498466,-0.0790065243191777,0.467399082045783,-0.154148526587924,0.26601819874219,-9.47613854995105,-0.125032132640802,0.0642119375055235,-0.134616349679266,-0.160229099069122,-0.0621296430827247,1.87010459096772,-0.0569084805540997,0.0529750645150616,-0.132439515998633,10.4842628671135,-3.77715340118093,-1.02302120402039,0.626078681604224,11.170563745421,0.244456868566784,7.12047733725544,-5.84339747128512,-2.81,0.113297105474635,0.0469878789991416,11.2008199691772,18.4656924306683,0.169708753116446,1.11051733724073,172.990005493164,6.44305589454851,36.244000965071,-172.990005493164,1.51512026786804,11.1499996185303,6.31451034545898,16.2173233032227,41.0200004577637,991.438448512301
3.625,-0.0474626385266494,-0.0783992719601215,0.467129312074534,-0.245947740134937,0.300785382168507,-9.34094568409417,-0.126292458222662,0.127345362991206,-0.134199316899809,-0.162398283485305,-0.0604345289635665,1.86721091398304,-0.0613448304818783,0.105763101955485,-0.130710842178052,10.5179554309273,-3.7679729820751,-1.04616530124791,0.643930368065592,11.200871093647,0.212859349669751,7.12060261058953,-5.84367251896398,-2.81,0.113445303611252,0.0481420172807284,11.2008199691772,18.4824627403159,0.169708829149672,1.11051733941311,172.981399536133,6.45693054515669,36.4599965176048,-172.981399536133,1.51386702060699,11.1701068878174,6.36999988555908,16.2089996337891,41.0200004577637,991.44005438622
3.65,-0.0445913562344787,-0.074567333254005,0.466859540814226,-0.224596366895997,0.3441719213533,-9.97786091051091,-0.0872881231949922,0.203537243239266,-0.13802937223737,-0.165322838496598,-0.0551780654117416,1.86262048073565,-0.0803238984789152,0.200179447892503,-0.131023081531036,10.5646984717178,-3.76334966124766,-1.0230960661602,0.675327941275742,11.2396128842482,0.1934280633624,7.12080173900743,-5.84406564531054,-2.81,0.117906170907425,0.0493401554552521,11.2008199691772,18.5045071458373,0.169709026836061,1.11051734506129,172.958984375,6.49300463815614,37.0215849541294,-172.958984375,1.51060843467712,11.2223825454712,6.36999988555908,16.2089996337891,41.0200004577637,991.438443837267
3.675,-0.0393602003924787,-0.0721961462822803,0.466589767628535,-0.0937799512581147,0.168779444252211,-10.4445478998071,-0.132184352392944,0.238845015751113,-0.13834880737875,-0.167116969823837,-0.0511074215173721,1.85960817337036,-0.0956679061055183,0.264720052480698,-0.131967142224312,10.6135254585577,-3.73233911529925,-0.974101201553039,0.659363533505871,11.2716549003622,0.20294486871043,7.12100086742532,-5.8444587716571,-2.81,0.122753278294196,0.0515435295334374,11.2352557182312,18.5416272492593,0.16970922452245,1.11051735070947,172.936584472656,6.52907873115558,37.5831733905752,-172.936584472656,1.50734984874725,11.2746591567993,6.36999988555908,16.2089996337891,41.0200004577637,991.436833288315
3.7,-0.0344529414169027,-0.0618852190359046,0.466319991870086,-0.0441291312410715,0.300379016164008,-11.1654499463202,-0.122195137356878,0.242721422473834,-0.1410198189576,-0.175886900570648,-0.0427742063829148,1.85412858824741,-0.119293034659356,0.231520590980921,-0.132642019352871,10.6307684928849,-3.72496421872175,-0.954195965209427,0.708956040797498,11.2813351100163,0.167172329722539,7.12119999584322,-5.84485189800366,-2.81,0.130093304008207,0.0520366946310004,11.2696914672852,18.5279979774815,0.169709422208839,1.11051735635765,172.914169311523,6.56515282415503,38.1447618271786,-172.914169311523,1.50409126281738,11.3269367218018,6.34165954589844,16.2074241638184,41.0200004577637,991.435222739362
3.725,-0.032995765445755,-0.0614015565655286,0.466050219332458,-0.0482770892130256,0.358699960442294,-11.9144849878996,-0.122107299728839,0.247978916557455,-0.144604877764885,-0.177612546035545,-0.0387932827464667,1.85090213522517,-0.0794536873719357,0.222193013188167,-0.137541764594674,10.6416510188165,-3.71560143573178,-0.955918739647631,0.734126819578756,11.2875484287523,0.128527637675169,7.12137045876268,-5.84520504031548,-2.81,0.132429501222563,0.0532623817476981,11.2696914672852,18.5192620645514,0.169709547241255,1.11051735993001,172.899993896484,6.58796891610869,38.4999545135201,-172.899993896484,1.50203037261963,11.3599996566772,6.28000020980835,16.2040004730225,41.0200004577637,991.433332987035
3.75,-0.0287417453605634,-0.0599895720803518,0.465780446779355,0.0461468711468152,0.471881323691744,-12.5225649203518,-0.082857888424581,0.249351177623342,-0.147195907883963,-0.178717985366238,-0.0327546220471053,1.84583998045226,-0.00232601952741075,0.21618578715636,-0.140620173237273,10.6703430300211,-3.72070936133819,-0.941314387289384,0.786123034014458,11.3119764139065,0.0846846633220452,7.12146661160149,-5.84545453130396,-2.81,0.136441366931925,0.0543755519511848,11.2696914672852,18.5173760070321,0.169709547241255,1.11051735993001,172.899993896484,6.58796891610869,38.4999545135201,-172.899993896484,1.50203037261963,11.3599996566772,6.28000020980835,16.2040004730225,41.0200004577637,991.43096274518
3.775,-0.0258638299839522,-0.0609529470100218,0.465510674247133,0.218609704649935,0.404962305016145,-12.8967374230966,-0.0119491508775415,0.236037749038878,-0.150242573086399,-0.180347533079203,-0.0251156247545162,1.83980388383787,-0.0400853390911544,0.238399858927626,-0.144369960338108,10.7145101180679,-3.73825657106721,-0.929133047488211,0.857653764068665,11.3535171188531,0.02562292193959,7.12156276444029,-5.84570402229243,-2.81,0.141114157474467,0.0549562349285799,11.3245005607605,18.522702858449,0.169709547241255,1.11051735993001,172.899993896484,6.58796891610869,38.4999545135201,-172.899993896484,1.50203037261963,11.3599996566772,6.28000020980835,16.2040004730225,41.0200004577637,991.428592503325
3.8,-0.0204929137011202,-0.056828139221957,0.465240899127321,0.258410327288232,0.274173813999766,-13.2232920167869,0.0124490109724866,0.185617377457432,-0.149965415385937,-0.179661895290296,-0.0229345154885042,1.83733412855912,-0.00625118526975342,0.205939224208272,-0.145047867250933,10.7256860882255,-3.68870324486508,-0.997521923548211,0.846858085913709,11.3542476774268,-0.076254454041898,7.1216589172791,-5.84595351328091,-2.81,0.138398782183873,0.0586275399751272,11.3793096542358,18.511980206995,0.169709547241255,1.11051735993001,172.899993896484,6.58796891610869,38.4999545135201,-172.899993896484,1.50203037261963,11.3599996566772,6.18621301651001,16.2149963378906,41.0200004577637,991.426222261469
3.825,-0.0208167277457929,-0.0568276237867702,0.465019117971422,0.181548909328752,0.193084826868634,-13.2683446654394,0.0386273825674947,0.114058355702342,-0.149576850847629,-0.180893989175618,-0.0190108743093575,1.83216919727735,-0.00167783842092135,0.11495915954226,-0.146746979325536,10.7294026939256,-3.74000054352685,-0.979396104164999,0.950761894142159,11.3646586222774,-0.0865400635356507,7.1217550701179,-5.84620300426939,-2.81,0.141911981300834,0.057467076501506,11.3793096542358,18.4854577636478,0.169709617581738,1.11051736251829,172.899124145508,6.60449991125692,38.699778091346,-172.899124145508,1.50041651725769,11.3678512573242,5.98999977111816,16.238000869751,41.0191307067871,991.425566458195
3.85,-0.0217627421355756,-0.0568261179561502,0.465,0.182184365275978,0.140181976427452,-12.7871341371313,0.0558589160243994,0.0550423177499743,-0.147826774162029,-0.180072667635155,-0.0188042966876451,1.82931086166037,0.0127745002588784,0.0682862928851262,-0.147180914307242,10.7188906509923,-3.72386149396464,-1.01641841479891,0.976557234440068,11.3500630084139,-0.131427854746003,7.12195660025249,-5.84664161917894,-2.81,0.140213785051536,0.059719263604726,11.3793096542358,18.4571756276883,0.169709818309456,1.11051736990438,172.896636962891,6.65167372474292,39.2700063499467,-172.896636962891,1.49581110477448,11.3902549743652,5.98999977111816,16.238000869751,41.0166397094727,991.42808863863
3.875,-0.0217627421355756,-0.0568261179561502,0.465,0.191979022421272,0.19483565909049,-12.297905749219,0.0466067290136469,0.0161830019290164,-0.144672033436979,-0.179166698861082,-0.0186780912529267,1.82652218379427,0.0300655956711342,0.022059607724937,-0.147544982880409,10.7125444658004,-3.69976183815592,-1.06196952485816,0.994183276458259,11.3380694336277,-0.185491222435845,7.12223189897032,-5.8472126288668,-2.81,0.137952590623488,0.0623924735668276,11.4083971977234,18.4329852658455,0.169710019037173,1.11051737729046,172.894149780273,6.69884753822891,39.8402346085475,-172.894149780273,1.49120557308197,11.4126586914062,5.98999977111816,16.238000869751,41.0141448974609,991.430610819066
3.9,-0.0249348491756199,-0.0663320826025927,0.465,0.153532937837084,0.248611592284131,-11.8740842852279,0.0520108162097943,-0.025556532550938,-0.146692878053842,-0.175450168747165,-0.0213583436078978,1.82096310485073,0.103556937220499,-0.0625734653324893,-0.14670383691569,10.7420851658215,-3.70166061314181,-1.19464546383548,1.07184252303653,11.3702520997886,-0.300638623553825,7.12250719768814,-5.84778363855465,-2.81,0.129133475048778,0.0654590712817948,11.4374847412109,18.421948653971,0.169710219764891,1.11051738467655,172.891662597656,6.74602135029674,40.4104628672271,-172.891662597656,1.48660016059875,11.4350633621216,6.07629776000977,16.2263832092285,41.0116577148438,991.433132999501
3.925,-0.0277913376408626,-0.0628287501680711,0.464640573629274,0.104225628848012,0.195559393145673,-11.3067595710981,0.0567515594388338,-0.0613818866988738,-0.148266249266735,-0.172672095990491,-0.0235317675265051,1.81758259117994,-0.0048264973310592,-0.038698235474247,-0.151632977209098,10.7552276842574,-3.70380882210169,-1.2419232015215,1.11506982582118,11.3833499331374,-0.333854987468961,7.1227521723589,-5.8483157280426,-2.81,0.125228931982791,0.0673990961748656,11.4374847412109,18.416129961495,0.16971035358337,1.1105173896006,172.889999389648,6.77747056023284,40.7906150396013,-172.889999389648,1.48352980613708,11.4499998092651,6.25,16.2029991149902,41.0099983215332,991.434900551654
3.95,-0.0287417453605634,-0.0599895720803518,0.462600358938392,-0.0264110260484853,0.107156925088128,-10.5628039777351,0.0600605754030711,-0.0713940741804877,-0.151776543962763,-0.171771056119005,-0.025310943082524,1.81591407291217,0.108382855665151,-0.0844006560259427,-0.14998179846753,10.7586443106228,-3.67854357612346,-1.28703931002159,1.11558888450795,11.3823312731635,-0.366846913851513,7.12294685420448,-5.84878326787447,-2.81,0.12197309035497,0.0697551615390379,11.4374847412109,18.4111014093347,0.16971035358337,1.1105173896006,172.889999389648,6.77747056023284,40.7906150396013,-172.889999389648,1.48352980613708,11.4499998092651,6.25,16.2029991149902,41.0099983215332,991.435158847241
3.975,-0.031133465869652,-0.0633416437257266,0.461156844465979,-0.0983484924171287,0.0331678264258008,-9.91930082888742,0.0767652958010992,-0.0626915102569859,-0.151162246052929,-0.168772888920151,-0.0282910712544255,1.81184652934313,0.169763162056828,-0.090954556390409,-0.149014401966432,10.7710222562248,-3.6953481497601,-1.29664060019875,1.1743265055367,11.3951067874717,-0.352553256429153,7.12314153605007,-5.84925080770633,-2.81,0.119779865699115,0.0712480995575595,11.4595594406128,18.406393281551,0.16971035358337,1.1105173896006,172.889999389648,6.77747056023284,40.7906150396013,-172.889999389648,1.48352980613708,11.4499998092651,6.25,16.2029991149902,41.0099983215332,991.435417142827
4,-0.0344317171304513,-0.0694767831737781,0.461,-0.236830674849087,-0.0672728084918905,-9.55663462368418,0.0919727332838946,-0.0472422888085738,-0.145720851433972,-0.169736734892512,-0.0291831140604333,1.80712881994045,0.087551947630372,-0.056354493315587,-0.148966425350851,10.7906003008006,-3.71293409104261,-1.30997157733398,1.24302842823026,11.4136836732539,-0.348805508838158,7.12333545046654,-5.84971573711676,-2.81,0.119347404697091,0.07204582813943,11.4816341400146,18.4027293682506,0.16971035358337,1.1105173896006,172.889999389648,6.77747056023284,40.7906150396013,-172.889999389648,1.48352980613708,11.4499998092651,6.09680891036987,16.2179794311523,41.0099983215332,991.435675438414
4.025,-0.0330236678221213,-0.0649128935916695,0.461,-0.219672171031484,-0.0372402289183952,-9.36264699174046,0.101197989812678,-0.0250546903585478,-0.143129673176207,-0.163094716353932,-0.031777208196733,1.80384033213332,0.0988194731447512,-0.0193984210295899,-0.144994780646028,10.8102209528934,-3.67364455751629,-1.35147280783905,1.23975196470865,11.4232843068233,-0.393205858497539,7.12349419181377,-5.85006102481522,-2.81,0.114446759570906,0.0768952610389804,11.4816341400146,18.4072750689357,0.169710417473561,1.11051739248597,172.89079284668,6.79589894312268,40.9721145991215,-172.89079284668,1.48116660118103,11.46653175354,5.80000019073486,16.2469997406006,41.0099983215332,991.434929510888
4.05,-0.0350871115371988,-0.0663096971514272,0.461,-0.186561948334132,-0.135467703551826,-9.07511634287197,0.0727688536439984,-0.0262474793259047,-0.1418154217294,-0.166001211473587,-0.0322901020465415,1.80018348325205,0.100498147770297,-0.0616241391616057,-0.144791863000868,10.8196209365363,-3.68750180305801,-1.3430868921822,1.29352422965224,11.4306108372682,-0.365622909665093,7.12365293316101,-5.85040631251367,-2.81,0.115830716123316,0.0770915371215778,11.4816341400146,18.4010579530169,0.169710619504705,1.11051740160996,172.893264770508,6.85417247709522,41.5460456385895,-172.893264770508,1.47369349002838,11.5188083648682,5.80000019073486,16.2469997406006,41.0099983215332,991.432012290143
4.075,-0.0357187273197447,-0.0644228546390088,0.461,-0.228565179664384,-0.0823948098340156,-8.63576677201299,0.00616498731141488,-0.0462382894610175,-0.137825362311921,-0.164418741534844,-0.0350055501439708,1.79715866926244,0.0850028342068091,-0.0912347135395839,-0.139162312727161,10.8231778398702,-3.66818769392147,-1.35308893980504,1.30885180355289,11.4275270700398,-0.355191793487149,7.12381167450824,-5.85075160021213,-2.81,0.114042372527878,0.079836099990886,11.4975967407227,18.3950742167154,0.16971082153585,1.11051741073394,172.895751953125,6.91244601106776,42.1199766781363,-172.895751953125,1.46622061729431,11.5710849761963,5.80000019073486,16.2469997406006,41.0099983215332,991.429095069398
4.1,-0.0395241700914974,-0.0669564477104993,0.461,-0.244720820347833,0.0855389660412804,-8.29646425900968,-0.034453933779751,-0.0590254325944707,-0.134818631724434,-0.163818146316522,-0.0368711316655857,1.79460679942457,0.0492611561533151,-0.0822272474103589,-0.132980243113842,10.8264692696565,-3.66365630564802,-1.35223813142539,1.33219283345454,11.4269428911191,-0.337047110070706,7.12397032139395,-5.85109675334578,-2.81,0.113413226598591,0.0813422900314943,11.5135593414307,18.3899656449193,0.169711023566995,1.11051741985793,172.898254394531,6.9707195450403,42.6939077176043,-172.898254394531,1.45874762535095,11.6233615875244,5.80348968505859,16.2347869873047,41.0099983215332,991.426177848654
4.125,-0.0396876759171958,-0.0664680024381023,0.461,-0.285865844608856,0.0479954202641905,-8.22648020446507,-0.0691903441117443,-0.0278747610650703,-0.130727379532658,-0.163851438781718,-0.0381880485318848,1.79236025720797,0.000448644500245315,-0.0482883926527987,-0.126441472999939,10.8389812769046,-3.66581625862632,-1.35005064927095,1.35679439620162,11.4368393385953,-0.319649226947508,7.12402631368514,-5.85129567027113,-2.81,0.11317039887192,0.0821630371677008,11.5135593414307,18.3940866326023,0.169711165161472,1.11051742625252,172.899993896484,7.0115608255028,43.0961499846789,-172.899993896484,1.45351016521454,11.6599998474121,5.80999994277954,16.2119998931885,41.0099983215332,991.42739673371
4.15,-0.0401651813065771,-0.0631250941255102,0.461,-0.211082675633155,-0.0236715443344641,-8.43155952866309,-0.10823737659564,0.0236994394902476,-0.126429047279851,-0.166293189980266,-0.0381908033242831,1.78892249497974,-0.0793318994825744,0.016158399953779,-0.118463565008665,10.8583886246941,-3.6585995215234,-1.33799185881799,1.38491367521193,11.4487071102992,-0.298824049960672,7.12408230597632,-5.85149458719649,-2.81,0.114769795202202,0.0834134004423505,11.5135593414307,18.3994847753528,0.169711165161472,1.11051742625252,172.899993896484,7.0115608255028,43.0961499846789,-172.899993896484,1.45351016521454,11.6599998474121,5.80999994277954,16.2119998931885,41.0099983215332,991.438305923787
4.175,-0.0377782391997108,-0.0559686798138293,0.461,-0.171281517502172,-0.0924867184312518,-8.52623431971524,-0.128951374726729,0.0337783048231872,-0.118714338603355,-0.169055700302124,-0.03744051232934,1.78629159927368,-0.142288684844971,0.0701569691300392,-0.113116346299648,10.8760555024446,-3.64865229631227,-1.30732175361526,1.3989087977164,11.4578353050747,-0.26721028530125,7.12413829826751,-5.85169350412184,-2.81,0.11769871686168,0.0843665784761897,11.5356578826904,18.4082541258959,0.169711165161472,1.11051742625252,172.899993896484,7.0115608255028,43.0961499846789,-172.899993896484,1.45351016521454,11.6599998474121,5.80999994277954,16.2119998931885,41.0099983215332,991.449215113863
4.2,-0.0382805008441004,-0.0478900832703772,0.461000126377013,-0.274625930930504,-0.107092024253527,-8.80639496691676,-0.173684929865437,0.0142040154338354,-0.112401269724806,-0.176383639080369,-0.0365441950592855,1.78343364983817,-0.114603912614705,0.0114496260434729,-0.109775422761054,10.8821642689095,-3.64225993918268,-1.30067175541461,1.42811093951445,11.4577736667649,-0.243362694486513,7.12419653755088,-5.85189345724031,-2.81,0.120774809002587,0.0843919214237358,11.5577564239502,18.4026518236388,0.169711165161472,1.11051742625252,172.899993896484,7.0115608255028,43.0961499846789,-172.899993896484,1.45351016521454,11.6599998474121,5.77068090438843,16.2195053100586,41.0099983215332,991.460124303939
4.225,-0.0371869328537888,-0.0410799916562451,0.46113025837402,-0.307799215584756,-0.081807403615645,-9.09394546140718,-0.138870506056826,0.0339285296560301,-0.107746727401954,-0.180519317499683,-0.0365406216953655,1.77954403338339,-0.0508914257081693,0.016203656344044,-0.0992683867240483,10.9000172077526,-3.63941478446489,-1.31783937565723,1.47179725647153,11.4702446510294,-0.244368991673304,7.12428280354926,-5.85210633478688,-2.81,0.121352068352907,0.0852597397255417,11.5577564239502,18.4010026630785,0.169711222512249,1.11051742956122,172.902801513672,7.03269298631442,43.2590723442566,-172.902801513672,1.45201516151428,11.6592979431152,5.69999980926514,16.2329998016357,41.0092964172363,991.465543836228
4.25,-0.0376628846546592,-0.0396581682684181,0.461415896462557,-0.263153486873406,-0.0904726485322658,-9.59143651845653,-0.170569043399477,0.0964252642716055,-0.100221707957801,-0.185224773126804,-0.0343423402566085,1.77797107112416,-0.194413207600704,0.0885479794918362,-0.0994205542613368,10.9251703921775,-3.66461398279014,-1.28621064868272,1.50661965296269,11.4946706043857,-0.213837535842244,7.12436906954765,-5.85231921233345,-2.81,0.125296830648383,0.0833428800510922,11.5577564239502,18.417850682129,0.16971142584682,1.11051744129206,172.91276550293,7.10761610243495,43.8367061646706,-172.91276550293,1.4467146396637,11.6568088531494,5.69999980926514,16.2329998016357,41.0068092346191,991.456989694149
4.275,-0.0343290931330852,-0.0315357250265191,0.461701542733134,-0.16660881112962,-0.0585343396570078,-9.95736957217226,-0.14396051768952,0.144011145736361,-0.0938986848084503,-0.190875097026394,-0.0303733786344082,1.77477494258002,-0.187295871473359,0.132756471107163,-0.0911177026502287,10.9394609584387,-3.6684055997814,-1.28833711402232,1.54801268448323,11.503762189903,-0.236496156241463,7.12445533554603,-5.85253208988002,-2.81,0.128662887730102,0.082987192503585,11.6022181510925,18.4108822656836,0.169711629181391,1.1105174530229,172.922729492188,7.18253921713731,44.4143399851635,-172.922729492188,1.44141399860382,11.6543188095093,5.69999980926514,16.2329998016357,41.0043182373047,991.448435552069
4.3,-0.0300667800845627,-0.024430035453236,0.461987183536653,-0.145372663171121,-0.212416074409563,-10.3483261142136,-0.179407862119985,0.133758376017194,-0.0856385913715419,-0.194253743203677,-0.0269020061395033,1.77168060642488,-0.24765540635182,0.160344313514205,-0.0802799366523375,10.9507408325361,-3.68773913695981,-1.2741160456682,1.59945414633304,11.5119048425251,-0.243535935523062,7.12454160154441,-5.85274496742659,-2.81,0.132080945794284,0.0822176588299205,11.6466798782349,18.4022931235279,0.169711832515963,1.11051746475374,172.932678222656,7.25746233325784,44.9919738054987,-172.932678222656,1.43611335754395,11.6518297195435,5.69634056091309,16.2315368652344,41.0018310546875,991.43988140999
4.325,-0.028332459290535,-0.0191720432170915,0.462272826400286,-0.10005679346298,-0.116157847895594,-10.4540210548021,-0.216166219653953,0.105180325804814,-0.0776238142039356,-0.19950751009964,-0.0252890235963073,1.76947037196574,-0.1206099705032,0.0663046012391895,-0.0715336808374379,10.9479910155292,-3.68483922360432,-1.30557684982059,1.6315078396669,11.5067400916954,-0.272383777022285,7.12462786754279,-5.85295784497316,-2.81,0.132799938572507,0.0821140525526733,11.6466798782349,18.3840413453665,0.169711981975562,1.11051747337641,172.940002441406,7.31253402532778,45.4165593487529,-172.940002441406,1.43221724033356,11.6499996185303,5.69000005722046,16.2290000915527,41,991.43329182077
4.35,-0.0288165321954126,-0.0130059200055014,0.462558469243726,-0.0742321306623246,-0.124314470119153,-10.682712438376,-0.203178441885092,0.0954028584359138,-0.0771501128538445,-0.204686246931613,-0.0234580433376965,1.76769923684868,-0.157167054175793,0.0665852255803937,-0.0710498308030385,10.9502188919602,-3.70748306613942,-1.29068405658693,1.6732441417597,11.5088986701906,-0.253170383008346,7.12479924225037,-5.85336564565735,-2.81,0.13600043870018,0.0803830704891383,11.6466798782349,18.3767530558958,0.169711981975562,1.11051747337641,172.940002441406,7.31253402532778,45.4165593487529,-172.940002441406,1.43221724033356,11.6499996185303,5.69000005722046,16.2290000915527,41,991.432152281416
4.375,-0.0288165321954126,-0.0130059200055014,0.462844112110015,-0.0447027714004604,-0.102474338003843,-11.0615269826192,-0.205079355857727,0.0849945376814744,-0.0730942263621367,-0.209864983763586,-0.0216270630790855,1.76592810173163,-0.193724137848387,0.0668658499215979,-0.0705659807686391,10.9513935087594,-3.72613607185352,-1.27946612228474,1.71178338917154,11.5094397552074,-0.238196384411121,7.12501037176229,-5.85386449614445,-2.81,0.139008963599896,0.0788573466721023,11.6745805740356,18.3684929900963,0.169711981975562,1.11051747337641,172.940002441406,7.31253402532778,45.4165593487529,-172.940002441406,1.43221724033356,11.6499996185303,5.66021251678467,16.234956741333,41,991.431012742063
4.4,-0.0256907181721016,0.00528771674339945,0.46312974951742,0.0291984521779394,0.00684618282973443,-11.1695186285915,-0.2042093888696,0.0489747115412619,-0.0719232192245768,-0.214754164931198,-0.019934890534195,1.76417799516383,-0.228450030304768,0.0661729654065988,-0.0699535066022525,10.9478658442971,-3.74551670567235,-1.27264092768959,1.75218536052175,11.5057656649674,-0.226891589224373,7.1252149619802,-5.85434880387383,-2.81,0.141676849173498,0.0773593046197895,11.7024812698364,18.3552572995106,0.169711981975562,1.11051747337641,172.940002441406,7.31253402532778,45.4165593487529,-172.940002441406,1.43221724033356,11.6499996185303,5.6100001335144,16.2450008392334,41,991.429873202709
4.425,-0.027575532246808,0.00760486223775343,0.463415397135749,0.0704816800462048,0.00687696608341054,-11.1114238950631,-0.178817204143421,-0.0147944029950021,-0.0685009604199263,-0.221373169839044,-0.0211146350060143,1.76172055767352,-0.122075479506008,-0.0538677820153465,-0.0690953263353309,10.9546861669204,-3.79300869914469,-1.42751083694313,1.86033880984108,11.5265398805651,-0.328434303072293,7.12532378870265,-5.85462014284705,-2.81,0.134945262164005,0.0744987383363528,11.7024812698364,18.3298379396892,0.169712032267039,1.11051747682251,172.939392089844,7.33454372710127,45.559427615743,-172.939392089844,1.43073117733002,11.6537017822266,5.6100001335144,16.2450008392334,41,991.428797685339
4.45,-0.0295009674249054,0.0181058872715596,0.463701037943001,0.0380588326748648,0.0180199326651865,-10.8753130024505,-0.16186844918612,-0.0654143577657346,-0.0643250469217236,-0.223301235463386,-0.0220786354513816,1.76106174880378,-0.221285131944295,-0.0445211129279747,-0.0688322937669562,10.9503400709181,-3.82005051989605,-1.44720217756911,1.8999012664629,11.5274842800557,-0.323433357642999,7.1254326154251,-5.85489148182027,-2.81,0.134151840108392,0.0729817885490896,11.7024812698364,18.3203760516241,0.169712235167134,1.11051749072572,172.936889648438,7.42334149524815,46.1358271758943,-172.936889648438,1.42473530769348,11.6686382293701,5.6100001335144,16.2450008392334,41,991.427916441573
4.475,-0.0333295466132607,0.0190687430994576,0.463986676714076,-0.013874923073185,0.152516895627538,-10.600598642982,-0.121370774875921,-0.0785285949731012,-0.0625366017908967,-0.227065757041181,-0.0260365244726198,1.75945454150042,-0.0734895604955311,-0.102263915325963,-0.0647944516497394,10.947469494983,-3.8551387396119,-1.55202431349268,1.97717635854043,11.5360211789231,-0.359098206037644,7.12554144214756,-5.85516282079349,-2.81,0.128178712849781,0.0712863262914788,11.7383480072021,18.3020726572088,0.16971243806723,1.11051750462894,172.93440246582,7.51213926197686,46.7122267361244,-172.93440246582,1.41873955726624,11.6835746765137,5.6100001335144,16.2450008392334,41,991.427035197806
4.5,-0.0333261684175951,0.0269912610057018,0.464272323649891,-0.0530943664557594,0.206377822953263,-10.2364358881905,-0.0315517577784503,-0.0706133836766839,-0.0618669675491,-0.229233334233589,-0.0273866845209192,1.75800845542004,-0.0906624664551957,-0.0644187903207194,-0.0674975820152171,10.9590665889064,-3.90990747284026,-1.54948374761744,2.04493134825217,11.5544434409351,-0.320170863063596,7.12565026887001,-5.85543415976671,-2.81,0.128503039032174,0.0684759689287127,11.7742147445679,18.3061954527117,0.169712640967326,1.11051751853216,172.931915283203,7.60093702870557,47.2886262961968,-172.931915283203,1.4127436876297,11.6985111236572,5.67510652542114,16.2407875061035,41,991.426153954039
4.525,-0.0333246015889187,0.0270007501101677,0.464557960387557,-0.106385155536666,0.13443292837215,-10.1405450762311,0.0141029262086988,-0.0506459475715178,-0.0620178160120276,-0.227505655131771,-0.0293999718969142,1.75683577909039,-0.0538421842757765,-0.034602662215644,-0.0681350629565659,10.964108040766,-3.91377988529641,-1.57481633735021,2.06552685808855,11.5600519424286,-0.328911087367675,7.12576153718646,-5.85571229540653,-2.81,0.125967262868662,0.0692575339980102,11.7742147445679,18.3049343398929,0.169712797044323,1.11051752922695,172.929992675781,7.66924300300319,47.7320105732666,-172.929992675781,1.40813159942627,11.710000038147,5.78000020980835,16.2339992523193,41,991.424781831782
4.55,-0.034268447900202,0.0241571344701342,0.464843603929672,-0.0700091377281733,0.326329464533433,-9.8773245879116,0.0952874289826622,-0.0357111706813681,-0.0638391877277262,-0.22454899469489,-0.0316295292659727,1.75560947049212,0.0680211135369124,-0.028771260224053,-0.0677694547891149,10.9679178295324,-3.94633489778766,-1.60852941487729,2.11531636323392,11.5699810413099,-0.34223224067964,7.12587921243402,-5.85600826602423,-2.81,0.12255585744374,0.0687794762807583,11.7742147445679,18.2992000130893,0.169712797044323,1.11051752922695,172.929992675781,7.66924300300319,47.7320105732666,-172.929992675781,1.40813159942627,11.710000038147,5.78000020980835,16.2339992523193,41,991.421773447889
4.575,-0.0371281336055346,0.0203378910130111,0.464989413311486,-0.086203485683826,0.293007546096437,-9.59884765811127,0.183080270783004,-0.0163815969686076,-0.0655932712096439,-0.220626919758024,-0.0323672953232044,1.75388465625308,0.18325092951116,-0.0185457777764521,-0.0688307311468519,10.9801634784355,-4.0574746363397,-1.60311652591989,2.23585060701904,11.597208517266,-0.320623928507168,7.12599688768158,-5.85630423664193,-2.81,0.121593428158178,0.0642407947307244,11.8021922111511,18.2957817904135,0.169712797044323,1.11051752922695,172.929992675781,7.66924300300319,47.7320105732666,-172.929992675781,1.40813159942627,11.710000038147,5.74885082244873,16.2386722564697,41,991.418765063996
4.6,-0.0352237004132415,0.0212878322436434,0.465,-0.167584710277897,0.261907525335782,-9.17580340960893,0.268991422426089,0.0126116112701955,-0.0674607853648876,-0.216221218336556,-0.0316687255856857,1.75233167448816,0.210126355531578,0.0195349021172504,-0.0718151155451715,10.9909394633848,-4.09895465349629,-1.57437667317892,2.28286945783621,11.6091884989687,-0.309985293439504,7.12611456292914,-5.85660020725962,-2.81,0.122308673720851,0.0634121624952848,11.8301696777344,18.2964715672623,0.169712797044323,1.11051752922695,172.929992675781,7.66924300300319,47.7320105732666,-172.929992675781,1.40813159942627,11.710000038147,5.69999980926514,16.246000289917,41,991.415756680103
4.625,-0.0349871373752053,0.0183201827520876,0.465,-0.142903665113878,0.125183190136922,-9.44160318572125,0.338146400130662,0.0613856574908652,-0.0722205170075036,-0.210457251546968,-0.0312514221143768,1.75097292511136,0.311241826395644,0.0368615085908526,-0.0737493999923237,11.0024893940026,-4.10387731317136,-1.57839102794973,2.29819671822716,11.6184831468861,-0.342113013003191,7.12621622526632,-5.85686328905395,-2.81,0.120702158217391,0.0648139220201722,11.8301696777344,18.2972121263613,0.169712840770391,1.11051753284757,172.932113647461,7.69236742115622,47.8562277957686,-172.932113647461,1.40614485740662,11.7217025756836,5.69999980926514,16.246000289917,41,991.413524221867
4.65,-0.0336102857189797,0.00829321932545904,0.465,-0.181902371242752,0.0910377262685743,-9.64330880400298,0.34640849388434,0.0970446585316548,-0.075890116202578,-0.19945782111436,-0.0294776049285816,1.74852553383847,0.414723404938732,0.0639610906707636,-0.0767322231322529,11.0218501460908,-4.1425684430077,-1.52492823380736,2.34259081286656,11.6343500250108,-0.348751838924615,7.12631771025699,-5.85712600659732,-2.81,0.121312319295036,0.0657273088018698,11.8301696777344,18.3000961555817,0.169713045408389,1.11051754979212,172.942077636719,7.80058969873639,48.4375643970499,-172.942077636719,1.3968471288681,11.7764682769775,5.69999980926514,16.246000289917,41,991.414147170047
4.675,-0.0309020931464526,-0.00296483265677905,0.465,-0.0244055862562228,0.108276719897969,-10.3161350021113,0.380730451794081,0.122084453163424,-0.0798154720039713,-0.190967410802841,-0.0278386455029249,1.74667656421661,0.469906687736511,0.0832329615950584,-0.0788391530513763,11.0490281417319,-4.24455614230289,-1.37897441053435,2.42558411075355,11.6643712543688,-0.240489311126847,7.12641919524767,-5.85738872414068,-2.81,0.127455082797048,0.0623687492065119,11.8550763130188,18.3224536680092,0.169713250046387,1.11051756673667,172.952041625977,7.90881197773473,49.0189009984101,-172.952041625977,1.38754940032959,11.8312339782715,5.69602108001709,16.2503776550293,41,991.414770118226
4.7,-0.0262843189287385,-0.0105662527358968,0.465,-0.00484499643564017,0.123579308043592,-10.4453806647025,0.387514026265243,0.108171800259971,-0.0860812003670158,-0.175264093547077,-0.0250514660835211,1.74324957271789,0.431123502162305,0.0961524688458986,-0.0852611261148602,11.0509924195039,-4.25247631382812,-1.3587369518194,2.46030927371681,11.6575727014405,-0.319423462089743,7.12652068023834,-5.85765144168405,-2.81,0.125424464396123,0.066276307981788,11.8799829483032,18.2964361875594,0.169713454684385,1.11051758368122,172.962005615234,8.0170342553149,49.6002375997702,-172.962005615234,1.37825155258179,11.8860006332397,5.69000005722046,16.2569999694824,41,991.415393066406
4.725,-0.0259268744938712,-0.0260064661707083,0.465,-0.0426761196202512,-0.0411443394970283,-10.5923682239717,0.385941772171049,0.0981669536472432,-0.0935413962116201,-0.17114882532073,-0.0225146553772492,1.74115415464463,0.375867007725818,0.0967399562715062,-0.0918408651490617,11.0684158264784,-4.31817504373031,-1.26126620144373,2.52724694214709,11.6744881557157,-0.258081852324136,7.12659218800199,-5.85787296259763,-2.81,0.130615953693621,0.0640908910595622,11.8799829483032,18.3043696779198,0.1697136190944,1.11051759729479,172.970001220703,8.10398206768374,50.067294356337,-172.970001220703,1.37078154087067,11.9300003051758,5.69000005722046,16.2569999694824,40.99951171875,991.415329044423
4.75,-0.0230891660126195,-0.0212689005255919,0.465,0.00414087262462802,-0.108430888526532,-10.5405779444448,0.375173227513784,0.0969206681734034,-0.0998635726870585,-0.162285752683062,-0.0213386156345523,1.73929849365715,0.339245582914944,0.110571762573248,-0.0966809356180204,11.0696329959873,-4.30211686742994,-1.27519159813728,2.53054343916315,11.668783842966,-0.327003589398843,7.1266636602166,-5.85809443465745,-2.81,0.127869856250857,0.067407985756856,11.8799829483032,18.2888232103671,0.1697136190944,1.11051759729479,172.970001220703,8.10398206768374,50.067294356337,-172.970001220703,1.37078154087067,11.9300003051758,5.69000005722046,16.2569999694824,40.9970245361328,991.412457405253
4.775,-0.0225948226262065,-0.0313150845130609,0.465,-0.0167343098896453,-0.0817918525119954,-10.3475855946377,0.365672029172851,0.099804197125864,-0.103288196150313,-0.151118732021001,-0.0191312819884786,1.73608860730308,0.291610520965593,0.120320319214598,-0.102983497342647,11.078092671691,-4.30914236819207,-1.25459567011765,2.56394223279643,11.6682903372452,-0.379547520124662,7.12673513243121,-5.85831590671726,-2.81,0.126769404069554,0.0703504647503538,11.9112334251404,18.2731525668888,0.1697136190944,1.11051759729479,172.970001220703,8.10398206768374,50.067294356337,-172.970001220703,1.37078154087067,11.9300003051758,5.69000005722046,16.2569999694824,40.9945335388184,991.409585766082
4.8,-0.0198769765850979,-0.0460501613593431,0.465237553350942,-0.0519681245533347,-0.124954498863894,-10.4426234887897,0.331103714389074,0.0897996980739633,-0.108135578198663,-0.139688530479145,-0.0174258037879836,1.73224063514683,0.387837960764765,0.0616074989081501,-0.10647177216283,11.0948925106333,-4.31580197185969,-1.20188199128039,2.59853965638645,11.6729688771203,-0.395848521213113,7.12680660464583,-5.85853737877707,-2.81,0.127089944662382,0.0735799012093027,11.9424839019775,18.2671026853685,0.1697136190944,1.11051759729479,172.970001220703,8.10398206768374,50.067294356337,-172.970001220703,1.37078154087067,11.9300003051758,5.95144653320312,16.2284049987793,40.9920463562012,991.406714126912
4.825,-0.0203331740138115,-0.0537950400693626,0.465844554494133,-0.0191947156653852,-0.202259736688397,-10.5676289780814,0.236673040355289,0.0670367723184548,-0.109651457760162,-0.137965986200796,-0.0147139960078852,1.72909384658782,0.140686267129056,0.0764220702279863,-0.113594696565687,11.1112358257242,-4.35514736927217,-1.14336673079962,2.66251646085353,11.683675037738,-0.370001854394992,7.12687807686044,-5.85875885083689,-2.81,0.131012462202473,0.0727996690500489,11.9424839019775,18.2652977617134,0.169713655824297,1.11051760095998,172.973587036133,8.12739109463619,50.171636823264,-172.973587036133,1.36915946006775,11.9282140731812,6.32999992370605,16.1870002746582,40.9900016784668,991.404357910156
4.85,-0.0179694269586632,-0.0466735542779273,0.466451544064336,0.0229489846221727,-0.0724809061871409,-10.8790702015909,0.173269884069947,0.0526551604550692,-0.112845949319094,-0.133783117882449,-0.0146891891025518,1.72642382398466,0.0734546218255452,0.0647198621623223,-0.113002244976366,11.1097587787082,-4.32099831156682,-1.17575684604605,2.66239674861717,11.6709314013807,-0.425645941938536,7.12702709140632,-5.85915509747483,-2.81,0.128232066737944,0.0765655074392904,11.9424839019775,18.2461503071006,0.169713860462295,1.11051762138033,172.993499755859,8.25781281460762,50.7529734245453,-172.993499755859,1.36012244224548,11.9182548522949,6.32999992370605,16.1870002746582,40.9900016784668,991.404357910156
4.875,-0.0179694269586632,-0.0466735542779273,0.467058529281633,0.00140678804908619,-0.206240136834966,-11.0796961638802,0.0781287271520779,0.0387999785505192,-0.112442501063854,-0.129600249564101,-0.0146643821972184,1.7237538013815,0.00622297652203253,0.0530176540966578,-0.112409793387045,11.1075138542283,-4.27864490821728,-1.21612094369753,2.65492424833689,11.6564953315867,-0.49001045139571,7.12730827214442,-5.85984923676194,-2.81,0.125000619235704,0.080792211247494,11.9564905166626,18.2265437590115,0.169714065100294,1.11051764180068,173.013397216797,8.38823453316089,51.3343100259054,-173.013397216797,1.35108530521393,11.9082984924316,6.16819143295288,16.2131385803223,40.9900016784668,991.404357910156
4.9,-0.0185820752646498,-0.0548052761169586,0.467665517416038,0.052005300177506,-0.0051081566754666,-10.9682845280408,0.0126477603972789,0.0108692188489853,-0.107078644714148,-0.13055086313866,-0.0147002996570175,1.7208386044695,0.0520666630993162,-0.0265700396144531,-0.108763365580491,11.1191990840299,-4.27194065611843,-1.25130324259367,2.68564321435745,11.6605186610603,-0.521008756986168,7.12758945288251,-5.86054337604905,-2.81,0.123558110688216,0.082112091481124,11.9704971313477,18.2197141087552,0.169714269738292,1.11051766222103,173.033325195312,8.51865625313232,51.9156466272656,-173.033325195312,1.34204828739166,11.8983402252197,5.94000005722046,16.25,40.9900016784668,991.404357910156
4.925,-0.0205031036939873,-0.050426436562908,0.468272506986242,0.101616525392473,-0.154250638268611,-10.1164999679594,-0.0398652037807941,-0.0565409822313699,-0.10267032610514,-0.132049416368896,-0.0166236226191704,1.71838147054928,-0.123350259091539,-0.0544448279040694,-0.104346640976922,11.1183309690145,-4.28057913325053,-1.27230521277645,2.72645298603849,11.6560279368765,-0.512707184172541,7.12784274453861,-5.86117723820901,-2.81,0.12236673367573,0.0824270856654107,11.9704971313477,18.2072036082954,0.169714441144478,1.11051767932526,173.050003051758,8.62789837749223,52.4025781394863,-173.050003051758,1.33447873592377,11.8900003433228,5.94000005722046,16.25,40.9900016784668,991.40462685443
4.95,-0.023380584831122,-0.0450868956771528,0.46886285591391,0.0362522565531087,0.119568962964706,-9.56465338039436,-0.0598710158667313,-0.126175659021679,-0.0974578589160063,-0.132671973718642,-0.0208553396801956,1.71630758944564,-0.019596328872882,-0.145558627351336,-0.0971697421179211,11.1036041609706,-4.25640628626675,-1.33657188323161,2.73739431575524,11.6369736639145,-0.530057111802787,7.12797014154475,-5.86153900221148,-2.81,0.117682915926467,0.0847357301242092,11.9704971313477,18.1844230368197,0.169714441144478,1.11051767932526,173.050003051758,8.62789837749223,52.4025781394863,-173.050003051758,1.33447873592377,11.8900003433228,5.94000005722046,16.25,40.9900016784668,991.406282984957
4.975,-0.026231427940572,-0.0415615675428321,0.469353806812742,-0.131717363023838,-0.035353689433447,-8.56597505127205,-0.0392716867509119,-0.141167597977434,-0.0957323055396696,-0.134535108983543,-0.0228680545462438,1.71488514191102,-0.0914138938596331,-0.125920098437333,-0.0952781977973083,11.1057892263735,-4.27836582479787,-1.33668690448144,2.77646498684546,11.6393436376914,-0.49661072541664,7.1280975385509,-5.86190076621395,-2.81,0.117602932842952,0.0838152296482501,11.9900317192078,18.1819149565178,0.169714441144478,1.11051767932526,173.050003051758,8.62789837749223,52.4025781394863,-173.050003051758,1.33447873592377,11.8900003433228,5.94000005722046,16.25,40.9900016784668,991.407939115484
5,-0.0262506580985659,-0.0397056305307179,0.46979525453667,-0.21139798788957,-0.0252672253180882,-8.18598870717806,-0.0348233201705269,-0.102328572944672,-0.0900835154537829,-0.131296430844035,-0.0258025924028262,1.71411460751558,-0.0446874775658139,-0.117567377415625,-0.085441952841885,11.1056224466422,-4.24666609512702,-1.38814047169839,2.75813227023444,11.6363275879158,-0.533426158557515,7.12822493555704,-5.86226253021642,-2.81,0.112674984747737,0.086632708075672,12.0095663070679,18.1791406419951,0.169714441144478,1.11051767932526,173.050003051758,8.62789837749223,52.4025781394863,-173.050003051758,1.33447873592377,11.8900003433228,5.92723369598389,16.2465953826904,40.9900016784668,991.409595246011
5.025,-0.0294019405161726,-0.0441062097550546,0.470236703288689,-0.165881027487368,-0.131078468989324,-8.25069329871097,-0.0466735258761263,-0.0655285419460568,-0.0829481572051306,-0.13654276086952,-0.0268832263408786,1.71196463102836,-0.0334544309355039,-0.0830728524808259,-0.0860918350558486,11.1216998355082,-4.27902925345568,-1.35245528399955,2.81217417135471,11.6495998233846,-0.458185839211192,7.12829297093712,-5.86245979435484,-2.81,0.115991538244213,0.0846612672218118,12.0095663070679,18.1887916969285,0.169714470815075,1.11051768254484,173.053253173828,8.64846132212319,52.4868665138257,-173.053253173828,1.33440291881561,11.8954257965088,5.90999984741211,16.242000579834,40.9900016784668,991.411205015791
5.05,-0.030054455831288,-0.0370983890615754,0.470678147884053,-0.115151406250936,-0.0766740001378735,-8.27287750224716,-0.0534545867866412,-0.0755615998825907,-0.0767474174612208,-0.138216571420996,-0.0305376023945831,1.70920208494773,0.0254510990203906,-0.105081940478039,-0.0763076342446108,11.1158698154401,-4.27667625506258,-1.34527126054081,2.84294987378364,11.6368864082323,-0.403468766964932,7.1283609655288,-5.86265694546256,-2.81,0.115808069140732,0.0857454122648348,12.0095663070679,18.1766377085718,0.169714675018598,1.11051770470309,173.075653076172,8.78998276258117,53.0669688547653,-173.075653076172,1.33388161659241,11.9327659606934,5.90999984741211,16.242000579834,40.9900016784668,991.412542075299
5.075,-0.0306879239612847,-0.0339550572753058,0.47111959242235,-0.195761059755075,-0.106429958399834,-8.18599653666841,-0.0619203654257445,-0.10067939729793,-0.0696314667726621,-0.137969199028748,-0.0338648277165441,1.70789019312898,0.0300733833936625,-0.127078204428703,-0.0669968030660187,11.1148289222738,-4.29534349205308,-1.32473797384555,2.87361843843579,11.6347692480845,-0.344659251427024,7.12842896012047,-5.86285409657028,-2.81,0.115696919697619,0.0854278630966285,12.024836063385,18.1754818448761,0.16971487922212,1.11051772686135,173.098068237305,8.93150420162098,53.6470711958627,-173.098068237305,1.33336019515991,11.9701061248779,5.90999984741211,16.242000579834,40.9900016784668,991.413879134807
5.1,-0.0351313128489753,-0.0345828970622099,0.471561045418139,-0.248126597148732,-0.166748761610578,-8.27208101047439,-0.0672958575165052,-0.0966620116238615,-0.0623423246600687,-0.138566604390206,-0.0359983898218039,1.70686298742441,-0.00174906272369445,-0.109750649650136,-0.0594212947065318,11.1170018387336,-4.30948641931372,-1.31879725084926,2.89871968587761,11.6361393303522,-0.310346478695933,7.12849695471215,-5.863051247678,-2.81,0.11547344655869,0.0850257499060488,12.0401058197021,18.1758343510481,0.169715083425643,1.1105177490196,173.120483398438,9.07302564349713,54.2271735369601,-173.120483398438,1.33283889293671,12.0074472427368,5.92302131652832,16.2411308288574,40.9900016784668,991.415216194315
5.125,-0.0352944742059081,-0.0334530964722239,0.472002491027256,-0.192496999370731,-0.100529915838968,-8.40250140868175,-0.080725664491455,-0.0574116080294522,-0.0543043957512556,-0.139710415251673,-0.0373598859678207,1.70601991779336,-0.0571441006843059,-0.0669882976829733,-0.0529681998202781,11.1251913355023,-4.31814196717024,-1.32603745541037,2.91766034066029,11.6436418818631,-0.29575242481655,7.12857059680452,-5.86327584356319,-2.81,0.114947263634166,0.0846939166061823,12.0401058197021,18.1809068613054,0.169715261449226,1.11051776833705,173.139999389648,9.19640330844652,54.7329037829176,-173.139999389648,1.33238434791565,12.039999961853,5.94000005722046,16.2399997711182,40.9896812438965,991.415799404712
5.15,-0.0354572916425707,-0.0272525723356766,0.472443934547697,-0.142992061142492,0.000755173123005048,-8.50066413018698,-0.0756522524176477,-0.0365109390271988,-0.0479630038515777,-0.143066288850093,-0.0384279513925958,1.70481892022704,-0.122630676624329,-0.0296985525775496,-0.0472641365054605,11.1303758224514,-4.32801291886892,-1.33303000043845,2.94397006510772,11.6469646978666,-0.274197628314494,7.12865346290222,-5.8635452647236,-2.81,0.115316907029699,0.0840169847229149,12.0401058197021,18.1813043524933,0.169715261449226,1.11051776833705,173.139999389648,9.19640330844652,54.7329037829176,-173.139999389648,1.33238434791565,12.039999961853,5.94000005722046,16.2399997711182,40.9871940612793,991.411256441157
5.175,-0.0351566441569263,-0.0186689014803489,0.472885384379128,-0.135372613317006,0.0704554338901278,-8.41738592986282,-0.0576935797723577,-0.0389938611915263,-0.0414605425585438,-0.146193280816078,-0.0389146357774734,1.70392096042633,-0.166788339614868,-0.0102738318964839,-0.0442479029297829,11.1315172618808,-4.33700773235055,-1.35062381292687,2.96776305195186,11.6474689037999,-0.270828190090571,7.12873632899991,-5.86381468588401,-2.81,0.115252769569288,0.0833077249023899,12.0561380386353,18.1770774617616,0.169715261449226,1.11051776833705,173.139999389648,9.19640330844652,54.7329037829176,-173.139999389648,1.33238434791565,12.039999961853,5.94000005722046,16.2399997711182,40.9847030639648,991.406713477601
5.2,-0.0351626025779563,-0.0167904523404832,0.473,-0.129193745370136,0.133411486089849,-8.52766611844384,-0.0345195270220596,-0.0280113066501295,-0.0381346826541925,-0.146705562489933,-0.0405997890180015,1.70314701274198,0.0438880209328217,-0.0786019007642587,-0.0387364893734239,11.1349637816231,-4.34368509920429,-1.35818392095616,2.9842420621156,11.650253016299,-0.256098014765672,7.12881698701997,-5.8640760703872,-2.81,0.114407523606189,0.0832160771713573,12.0721702575684,18.1783288565003,0.169715261449226,1.11051776833705,173.139999389648,9.19640330844652,54.7329037829176,-173.139999389648,1.33238434791565,12.039999961853,6.07276630401611,16.222297668457,40.9822120666504,991.402170514046
5.225,-0.036122446519668,-0.0146024541329717,0.473,-0.10150091712982,0.257257179609149,-8.57884981027421,0.00659743062499419,-0.0111071554318116,-0.03309944046639,-0.14540388907715,-0.0418565356997423,1.70202377750916,0.109839636721943,-0.0317141037562629,-0.0274042213315848,11.1398744479534,-4.39289168280695,-1.31755225697137,3.03838418573217,11.6558266041122,-0.200428834386582,7.1288701799591,-5.86423749126722,-2.81,0.115817998551422,0.0812231053431302,12.0721702575684,18.1795099835933,0.169715261449226,1.11051776833705,173.139999389648,9.19640330844652,54.7329037829176,-173.139999389648,1.33238434791565,12.039999961853,6.23999977111816,16.2000007629395,40.9799995422363,991.398002332322
5.25,-0.0370633425890492,-0.0174371812983516,0.473,-0.09459350532998,0.118867831742548,-8.72830505880725,0.0734747983307442,0.00592115129184722,-0.0303102648740275,-0.147927736668833,-0.0403896915760979,1.70156196455152,0.0619093880311465,-0.00135639289817399,-0.0304283445705319,11.1553970323551,-4.45011954286977,-1.24468496003765,3.08939491913293,11.6720126851094,-0.124283777433463,7.12892337289824,-5.86439891214724,-2.81,0.12113665373187,0.0776120221380631,12.0721702575684,18.1949606612747,0.169715261449226,1.11051776833705,173.139999389648,9.19640330844652,54.7329037829176,-173.139999389648,1.33238434791565,12.039999961853,6.23999977111816,16.2000007629395,40.9799995422363,991.396832405253
5.275,-0.0356334115368433,-0.013129091882084,0.473,-0.0774949725513754,0.123087068720382,-8.77714395502352,0.116329338062759,0.0296466527502422,-0.0278836731681283,-0.145455571591061,-0.0393106379063476,1.70074254088078,0.136166400604691,0.0138610556007836,-0.0289947064786603,11.1683625428273,-4.47246107372664,-1.22023159250259,3.11436052046851,11.6837757708599,-0.119738749715976,7.12897656583737,-5.86456033302726,-2.81,0.122101070692202,0.077061974222903,12.1023139953613,18.2016138735416,0.169715261449226,1.11051776833705,173.139999389648,9.19640330844652,54.7329037829176,-173.139999389648,1.33238434791565,12.039999961853,6.23999977111816,16.2000007629395,40.9799995422363,991.395662478183
5.3,-0.0345013942841426,-0.021266936771907,0.473,-0.0800556542132236,-0.016504641927522,-9.01809355897581,0.157681387217051,0.0566230676922754,-0.0257588474633424,-0.138749578671875,-0.0380381706553556,1.70002754215856,0.0947112742491521,0.0831044231605787,-0.0244007923256476,11.1839797934681,-4.53039873182345,-1.14335493112663,3.16352249620114,11.7003796973669,-0.0801095625862653,7.12902975877651,-5.86472175390728,-2.81,0.1246086384849,0.0752800624180971,12.1324577331543,18.2129168076773,0.169715261449226,1.11051776833705,173.139999389648,9.19640330844652,54.7329037829176,-173.139999389648,1.33238434791565,12.039999961853,6.24902105331421,16.2153358459473,40.9799995422363,991.394492551114
5.325,-0.0314985298529819,-0.0252391761893061,0.473,-0.0730299341138136,0.028797651730933,-9.17686973226078,0.163573814704658,0.0699144056819269,-0.0211795134175198,-0.134297047871277,-0.0370227683184228,1.69919448208611,0.265835982892717,0.0289748431264988,-0.0224703590069675,11.1808500914438,-4.53495764966139,-1.12104438442955,3.17292868235919,11.694378749361,-0.0895511394627488,7.12908295171564,-5.8648831747873,-2.81,0.124891869782187,0.0761527856194143,12.1324577331543,18.2038369012302,0.169715280770393,1.110517770502,173.140472412109,9.21023052425481,54.7877914439556,-173.140472412109,1.33197999000549,12.0411701202393,6.26000022888184,16.2339992523193,40.9799995422363,991.39388401762
5.35,-0.0319678587247737,-0.0276038938372218,0.473,-0.0148537032202684,0.109859054294928,-9.67617497779127,0.220249736436052,0.074642900733575,-0.0212461463865162,-0.12935095447646,-0.0361325330047253,1.69871603390357,0.285285469805752,0.0387720734784611,-0.0223766423264994,11.190433623725,-4.57969732218274,-1.06950932713368,3.21235133679138,11.7055465459946,-0.0652793933513761,7.12920447113972,-5.86522526681242,-2.81,0.12643159759686,0.0747161035005208,12.1324577331543,18.2100865396722,0.169715486277342,1.11051779352921,173.145446777344,9.35730182637423,55.3715965659202,-173.145446777344,1.32767868041992,12.053617477417,6.26000022888184,16.2339992523193,40.9799995422363,991.398685276762
5.375,-0.0300374624205089,-0.0362319477665376,0.473,0.0729968546479377,-0.0217479916366922,-10.1566088199316,0.202785118929139,0.0864783249428073,-0.0222995133371212,-0.124404861081643,-0.0352422976910278,1.69823758572102,0.304734956718787,0.0485693038304237,-0.0222829256460314,11.202040571791,-4.60597586494315,-1.03704242433419,3.23604663776429,11.7175201375206,-0.0625109220316122,7.1293650313147,-5.86567059167875,-2.81,0.126907778837586,0.0742892214475285,12.1449084281921,18.2174427559555,0.169715691784291,1.11051781655641,173.150421142578,9.50437312707548,55.9554016878059,-173.150421142578,1.32337737083435,12.0660638809204,6.26000022888184,16.2339992523193,40.9799995422363,991.403486535904
5.4,-0.029399962364902,-0.039022309552037,0.473,0.088599153197997,0.182357467756492,-10.7366909999375,0.196660203324016,0.0925078046457095,-0.0298945271276708,-0.125114089911073,-0.0319535393731303,1.69741977105764,0.148327360167162,0.0895560607430593,-0.0283244283542581,11.2072146590256,-4.6201410883645,-1.03312466386993,3.25882282171226,11.7212048211259,-0.0902331362114581,7.12952559148969,-5.86611591654508,-2.81,0.128669207232172,0.0735502529409064,12.15735912323,18.2124496555251,0.16971589729124,1.11051783958362,173.155395507812,9.65144442777673,56.5392068097705,-173.155395507812,1.31907606124878,12.0785102844238,6.47140407562256,16.2119407653809,40.9799995422363,991.408287795046
5.425,-0.0259138902122919,-0.0375134020455335,0.473,0.148525325298199,0.0181938779028579,-10.9299911776365,0.224643804913437,0.0797934871810305,-0.0360547585286983,-0.120085655182083,-0.0295484726921912,1.69637370322383,0.185533707501368,0.0766971155611947,-0.0338407154307832,11.2093675254137,-4.62618396983741,-1.00343039703163,3.27099421187075,11.7195020222178,-0.110635534106485,7.12966575117404,-5.86651165883596,-2.81,0.129669026470395,0.0744525190931472,12.15735912323,18.2055978138091,0.169716102731347,1.11051786271109,173.159439086914,9.79915609969484,57.1228220455469,-173.159439086914,1.31487166881561,12.0898084640503,6.71999979019165,16.1860008239746,40.9799995422363,991.412467274767
5.45,-0.0249544939810713,-0.0460275230987624,0.473,0.179909704419284,-0.0255846811718802,-10.8095628957049,0.188967288099553,0.0473916662117297,-0.0393852072270198,-0.112147720149901,-0.0283234086153337,1.69514091043296,0.256489272337309,0.0241097954604999,-0.0376895105425307,11.2098288688841,-4.63530975864571,-0.968457591356975,3.28688037494258,11.7160067657494,-0.125987301945081,7.12973804161097,-5.8667424476391,-2.81,0.129568115527108,0.0758437671618932,12.15735912323,18.1968279958488,0.169716307369345,1.11051788704172,173.151947021484,9.95455218934284,57.7041586468282,-173.151947021484,1.3118302822113,12.0873193740845,6.71999979019165,16.1860008239746,40.9799995422363,991.409185401429
5.475,-0.0254227108960027,-0.0532218054088197,0.473099009872204,0.124390382604493,-0.104079833786007,-10.3810961303164,0.18665028321966,0.0113149616976575,-0.0428839182941145,-0.106974892318249,-0.0282559394836426,1.69437456130981,0.280529886484146,-0.0216810144484043,-0.0388823598623276,11.2210686792533,-4.68098752007431,-0.920583156832325,3.33222975436752,11.728515404892,-0.0983416370280084,7.12981033204789,-5.86697323644224,-2.81,0.130497817163059,0.0745184849606138,12.1828994750977,18.2037339534716,0.169716512007343,1.11051791137236,173.144500732422,10.1099482818272,58.2854952481095,-173.144500732422,1.30878901481628,12.0848293304443,6.71999979019165,16.1860008239746,40.9799995422363,991.405903528092
5.5,-0.0255835730175255,-0.055584600657087,0.473391079216934,0.061248036164636,-0.106415359919509,-10.2460633258994,0.152631007871213,-0.0112529684029314,-0.0468309485070427,-0.103317589995275,-0.0279436371378157,1.693472294649,0.0786647604593606,0.0212434433500339,-0.0489472286391489,11.2149758289874,-4.6568402091848,-0.985959386119071,3.32458345603177,11.7194786345969,-0.186881959627949,7.12988262248481,-5.86720402524537,-2.81,0.125960861118235,0.0769128433479593,12.2084398269653,18.1838515441017,0.169716716645341,1.11051793570299,173.137023925781,10.2653443714752,58.8668318494697,-173.137023925781,1.30574762821198,12.0823402404785,6.58893585205078,16.2084693908691,40.9799995422363,991.402621654754
5.525,-0.0269846932910037,-0.0607499588356672,0.473714803874881,0.0910226352664484,-0.024581695675518,-10.2717135795981,0.096956483873141,-0.0249237205113978,-0.0470972159755289,-0.100936472611084,-0.0289271005838774,1.69154304545549,0.0179611533769627,-0.0172153017340432,-0.0520072530585036,11.232882795485,-4.69266691997051,-0.94094938175186,3.37482503877858,11.733525291552,-0.138219564646966,7.12997349473045,-5.86748306893031,-2.81,0.127302491160825,0.0760667852479097,12.2084398269653,18.1943685223407,0.16971690904004,1.11051795857794,173.130004882812,10.4114432616148,59.4133876284157,-173.130004882812,1.30288827419281,12.0799999237061,6.44000005722046,16.2339992523193,40.9799995422363,991.399487953998
5.55,-0.0255742487047485,-0.0555502257242747,0.47403853316323,0.148687146964706,0.121985646176912,-10.2557465233192,0.0688627834165357,-0.0345136721195732,-0.0497374403308691,-0.0964002873563899,-0.0310391500399154,1.69103933450393,0.107574476018265,-0.0440271568580355,-0.0492254966477858,11.2290797969827,-4.65168864927619,-0.989694991927877,3.34291247614578,11.7260092505603,-0.188626049262078,7.13009205044984,-5.8678340035046,-2.81,0.122378667087333,0.0794312387015527,12.2084398269653,18.1867438252766,0.16971690904004,1.11051795857794,173.130004882812,10.4114432616148,59.4133876284157,-173.130004882812,1.30288827419281,12.0799999237061,6.44000005722046,16.2339992523193,40.9799995422363,991.398682679521
5.575,-0.0279607876677424,-0.0627403788663585,0.474362260120652,0.177019748446842,0.051031968180832,-10.3723326778323,0.0485367043045671,-0.0620838101318985,-0.055891015929798,-0.0936017752964288,-0.0334892818886898,1.68968350034804,0.0932608355076795,-0.0678102150017045,-0.0503477598217847,11.2273821845397,-4.66535927278792,-0.982920485858036,3.37031209987523,11.721738285987,-0.16633835302885,7.13021060616923,-5.86818493807889,-2.81,0.120996981134564,0.079782998276704,12.2292056083679,18.1805165688391,0.16971690904004,1.11051795857794,173.130004882812,10.4114432616148,59.4133876284157,-173.130004882812,1.30288827419281,12.0799999237061,6.44000005722046,16.2339992523193,40.9799995422363,991.397877405045
5.6,-0.0312767217660065,-0.0650346293107883,0.474685987089949,0.136764846442672,0.0257433961097351,-10.3823553901613,0.0104504851330843,-0.0820353261477903,-0.0589763575557473,-0.0952228868793381,-0.0345372723468095,1.68842015739361,0.0485652788964976,-0.0904789752219217,-0.0542979000730511,11.2320998239246,-4.67328864364975,-1.00270451271742,3.3950735816905,11.7239560173216,-0.165650898316171,7.13032639676839,-5.86852860525035,-2.81,0.120130069521159,0.0795750452507,12.2499713897705,18.1780144944258,0.16971690904004,1.11051795857794,173.130004882812,10.4114432616148,59.4133876284157,-173.130004882812,1.30288827419281,12.0799999237061,6.57344675064087,16.2073097229004,40.9799995422363,991.397072130568
5.625,-0.0322416790130125,-0.0593490884072291,0.475009712523749,0.0757625098976089,-0.0437215692003334,-9.8550352988695,0.00541753183812,-0.0953249070343881,-0.0598410337462175,-0.0939822031396033,-0.0375944714094888,1.68700750001125,-0.0441524188540499,-0.070227919644043,-0.0567585046698698,11.2406284682187,-4.65903143376407,-1.072179907303,3.40194955209422,11.7299462880192,-0.207295296966565,7.13038390396122,-5.86871908957422,-2.81,0.114795652001583,0.0812096174124829,12.2499713897705,18.1765870712815,0.169716917840956,1.11051795969198,173.130111694336,10.4185584674185,59.4383893113879,-173.130111694336,1.30277693271637,12.0815954208374,6.71999979019165,16.17799949646,40.9798927307129,991.396377888132
5.65,-0.0331871555140608,-0.0593475834328006,0.475333444122035,0.00263446736194231,-0.0430445622629479,-9.34594705064855,-0.0429618690405694,-0.0944922846345804,-0.05541610889253,-0.0959321726680716,-0.0389706155158308,1.68622427180267,0.0247248221664097,-0.118583504518447,-0.0564999187360822,11.2408311105779,-4.63314191141783,-1.11344756566256,3.39046612572073,11.7267078915497,-0.226086235671762,7.13044141115404,-5.8689095738981,-2.81,0.112724752257688,0.0826506372814134,12.2499713897705,18.173326043064,0.169717123782381,1.11051798576052,173.132598876953,10.5850542803894,60.0234286936941,-173.132598876953,1.30017006397247,12.1189365386963,6.71999979019165,16.17799949646,40.9774055480957,991.398170763381
5.675,-0.0351047558656893,-0.058386495803688,0.475657171077624,-0.0640056450135338,0.069973602053832,-9.00337964420524,-0.0514275278280844,-0.0847152456470137,-0.0520982714979578,-0.0974400660575865,-0.0421278863969674,1.68480760774842,0.0484770197201475,-0.130867479496849,-0.0537131341220657,11.2489406219822,-4.64693577946848,-1.1229764195751,3.42162456544614,11.7324197070883,-0.191223545016835,7.13049891834687,-5.86910005822197,-2.81,0.111570064560372,0.0822386783630888,12.2567462921143,18.1776576361034,0.169717329723806,1.11051801182905,173.13508605957,10.7515500919421,60.6084680759215,-173.13508605957,1.29756319522858,12.1562767028809,6.71999979019165,16.17799949646,40.9749145507812,991.39996363863
5.7,-0.0382613831194266,-0.0567600238391643,0.475980898046855,-0.0691002259046398,0.0639670478903656,-8.89626276227735,-0.0700508386653579,-0.0699056320908583,-0.0504856384712131,-0.101493911476557,-0.0436102580886842,1.68335299414405,-0.129383786863796,-0.0526725280556249,-0.0535031724064174,11.2674104004755,-4.6636870132396,-1.1371045980403,3.45724193679272,11.748069988046,-0.166884102129569,7.1305564255397,-5.86929054254585,-2.81,0.111607717725363,0.0811425132616246,12.263521194458,18.1893016096734,0.16971753566523,1.11051803789759,173.137573242188,10.9180459034948,61.1935074581489,-173.137573242188,1.29495632648468,12.1936168670654,6.60357475280762,16.1969184875488,40.9724273681641,991.40175651388
5.725,-0.0370246857599902,-0.0495189441589422,0.476304622703911,-0.0396845042289109,0.10003868645303,-8.8415097421374,-0.0842155113366429,-0.0431035868237818,-0.0497915001551928,-0.0998586479106625,-0.0461548721783848,1.68240420167451,-0.029693699978739,-0.0439111134241632,-0.0423606052680994,11.2734186804829,-4.61389561571696,-1.20457178840992,3.4236369622773,11.7499073501172,-0.217673851936731,7.13061539358289,-5.86948942351361,-2.81,0.106430222207575,0.0846069683496962,12.263521194458,18.1907940072645,0.169717736326106,1.1105180632977,173.139999389648,11.0802725929834,61.7635458305614,-173.139999389648,1.29241633415222,12.2299995422363,6.48000001907349,16.2169990539551,40.9700012207031,991.403389658826
5.75,-0.0373189294800906,-0.0475533284287446,0.476628353541663,-0.103375983411267,0.0432913481343405,-8.9152714466802,-0.0716366755659744,-0.00561710873635356,-0.0456357846399483,-0.104874035500956,-0.0446075149847273,1.68171585691383,-0.0998683118476686,-0.00758180131161779,-0.044322080063751,11.2889027496181,-4.6451801201894,-1.16362843671698,3.46066891217925,11.7629490490903,-0.166898552590857,7.13067640547429,-5.86970005206764,-2.81,0.110925421407405,0.0821445177961162,12.263521194458,18.2034407348364,0.169717736326106,1.1105180632977,173.139999389648,11.0802725929834,61.7635458305614,-173.139999389648,1.29241633415222,12.2299995422363,6.48000001907349,16.2169990539551,40.9700012207031,991.398953052277
5.775,-0.0357530888384591,-0.0428357712532667,0.476916677649462,-0.124676220223881,-0.0352103114174004,-9.24849067333781,-0.0633883778951522,0.0174378613227005,-0.0379981463645793,-0.10773466235454,-0.0438014340813449,1.68069027620415,-0.0674911494915458,0.00555105057624782,-0.0373735035254616,11.2992671815652,-4.63887042525826,-1.16535404325592,3.46750183163536,11.7686028084054,-0.164397975846006,7.1307374173657,-5.86991068062167,-2.81,0.112131353392673,0.0823098111266197,12.2816634178162,18.2081208017016,0.169717736326106,1.1105180632977,173.139999389648,11.0802725929834,61.7635458305614,-173.139999389648,1.29241633415222,12.2299995422363,6.48000001907349,16.2169990539551,40.9700012207031,991.394516445728
5.8,-0.0357498612164185,-0.0428454132138519,0.476482858056645,-0.0921714155912627,-0.0412646070210861,-9.64942548755435,-0.0488947742043586,0.0336025195067358,-0.0287030119295169,-0.105651038091898,-0.0439773844729211,1.68000192079566,-0.0793156502864464,0.0514515810783233,-0.0266934841568659,11.3137404150598,-4.66286080348987,-1.14687008384117,3.49447595916224,11.7823690061951,-0.150739556786273,7.1307984292571,-5.8701213091757,-2.81,0.112349053959205,0.0815658801913328,12.2998056411743,18.2182579174195,0.169717736326106,1.1105180632977,173.139999389648,11.0802725929834,61.7635458305614,-173.139999389648,1.29241633415222,12.2299995422363,6.55404281616211,16.2071266174316,40.9700012207031,991.390079839179
5.825,-0.0351172091034801,-0.0434433532190645,0.475875868486442,-0.039905883636695,-0.0568789839321181,-9.84639514562285,-0.0753089880515847,0.0498843619477892,-0.0221719595829885,-0.110383252687305,-0.0423590081187851,1.67920213460315,-0.0216513890896373,0.0128532917011155,-0.0226707838878762,11.319003747695,-4.66262735923643,-1.15663337389357,3.50725347564485,11.7844199915192,-0.156073745705906,7.13086662378514,-5.87035404384307,-2.81,0.114063506637669,0.0809747961765014,12.2998056411743,18.2171606747678,0.169717736326106,1.1105180632977,173.139999389648,11.0802725929834,61.7635458305614,-173.139999389648,1.29241633415222,12.2299995422363,6.63000011444092,16.19700050354,40.9700012207031,991.385706865027
5.85,-0.0351232277857483,-0.0396622108000316,0.475268878916239,-0.018961580940899,0.113951187408508,-9.75280947302716,-0.0554851112098362,0.0408288920789214,-0.0191119863850693,-0.110555379672876,-0.0421872487813349,1.67888737367999,0.0212422388962961,-0.00370689516066506,-0.0155901043875386,11.3228807170426,-4.68651548808722,-1.13898788858485,3.53242013858455,11.7886224631542,-0.136882973880866,7.13096246232058,-5.87067185890535,-2.81,0.115155245537552,0.0797286743021445,12.2998056411743,18.2193780751202,0.169717736326106,1.1105180632977,173.139999389648,11.0802725929834,61.7635458305614,-173.139999389648,1.29241633415222,12.2299995422363,6.63000011444092,16.19700050354,40.9700012207031,991.388715248919
5.875,-0.0351217018292321,-0.0406208689673763,0.474661884995307,-0.0826087590267283,-0.125507194994053,-9.83170449956853,-0.0775343206578408,0.035408713375463,-0.0129675485538226,-0.112461282916055,-0.0407699780382969,1.67863066722863,-0.0821039226301369,0.042898798256504,-0.00966781687963013,11.3281091672424,-4.71660707164285,-1.13369382643869,3.56527774820464,11.7952647774579,-0.134998789463401,7.13105830085602,-5.87098967396762,-2.81,0.116613211048112,0.0777672677036063,12.3295164108276,18.2199607235732,0.169717736326106,1.1105180632977,173.139999389648,11.0802725929834,61.7635458305614,-173.139999389648,1.29241633415222,12.2299995422363,6.63000011444092,16.19700050354,40.9700012207031,991.391723632812
5.9,-0.0313300522827571,-0.0333440953764849,0.474054893997399,-0.0649894666853058,-0.0820985174398103,-9.72208792305903,-0.0833034525453522,0.0622500175714015,-0.00386089417674082,-0.112510975439674,-0.0400878748366966,1.67864998330201,-0.0260984011759383,0.0524618851119888,0.0034943706958612,11.3298317148357,-4.70048413786133,-1.17275556120212,3.55316232477862,11.7973104796534,-0.183020117875111,7.13115413939146,-5.8713074890299,-2.81,0.114738272030021,0.0786241258457023,12.359227180481,18.2176592802095,0.169717736326106,1.1105180632977,173.139999389648,11.0802725929834,61.7635458305614,-173.139999389648,1.29241633415222,12.2299995422363,6.69527673721313,16.1914768218994,40.9700012207031,991.394732016705
5.925,-0.0327480787874886,-0.0379110243701737,0.473447908747471,-0.0698613651356401,-0.0906904375601317,-9.74501799140145,-0.0973777718233091,0.098312691934824,0.00371040104660222,-0.116334774569877,-0.0371875550295757,1.67857321711546,-0.046343758546822,0.062552646266286,0.00478742822092295,11.3380546141554,-4.7168650466761,-1.1610934058795,3.57059263225181,11.8053176777404,-0.183790591275963,7.13125260828614,-5.87163413708945,-2.81,0.117713059956971,0.0769225204377482,12.359227180481,18.2222364375842,0.169717736326106,1.1105180632977,173.139999389648,11.0802725929834,61.7635458305614,-173.139999389648,1.29241633415222,12.2299995422363,6.76000022888184,16.1860008239746,40.9700012207031,991.397740400598
5.95,-0.0332235382985821,-0.0364906716126031,0.472840917749382,0.0409225717710886,0.0846861281571031,-10.1291671051715,-0.116251860250866,0.104324436252498,0.00717725999894557,-0.120803519176573,-0.0339116863481305,1.67847445973262,-0.0952196001456436,0.0796813098176209,0.00429775800795936,11.340924478206,-4.74025960211679,-1.14008237044249,3.59490183292119,11.8081426080462,-0.175686900276321,7.13135493758144,-5.87197374874259,-2.81,0.121587451029556,0.0747167860798539,12.359227180481,18.2217622764218,0.16971794093811,1.11051809000495,173.139999389648,11.2508477902369,62.3448085872183,-173.139999389648,1.29060709476471,12.234935760498,6.76000022888184,16.1860008239746,40.9700012207031,991.388863291639
5.975,-0.0279656980159075,-0.0264307755482428,0.472233926714728,0.122766696186555,0.0800127311834619,-10.2798705984492,-0.0876271586805669,0.0812941953859017,0.000503573478618922,-0.123410426080227,-0.0320006608963013,1.67841684818268,-0.123732030391693,0.0896735638380051,0.00401210179552436,11.3447458503,-4.77016031020015,-1.12996539131993,3.6250005758317,11.813748964875,-0.170926295881087,7.13145726687674,-5.87231336039572,-2.81,0.123711977790653,0.0725255945108798,12.3813972473145,18.2224243479101,0.16971814731401,1.11051811694243,173.139999389648,11.4228934634511,62.9310822297874,-173.139999389648,1.28878235816956,12.2399139404297,6.76000022888184,16.1860008239746,40.9700012207031,991.379883721534
6,-0.0262607275596633,-0.0231545429363166,0.471626947283723,0.119189728643404,-0.00970389666946481,-10.2876964210381,-0.102386225896241,0.0497249698989052,0.000107000099915002,-0.120144568311696,-0.0325505731512609,1.67874083791414,-0.0692363961985135,0.071175070079003,0.00696272895097108,11.3418087693908,-4.77300530736961,-1.13986402161743,3.62361744480256,11.8131592325276,-0.190161442092823,7.13155959617204,-5.87265297204886,-2.81,0.121860434087686,0.0728957152952412,12.4035673141479,18.2196916972378,0.16971835368991,1.11051814387992,173.139999389648,11.5949391366652,63.5173558722776,-173.139999389648,1.28695750236511,12.24489402771,6.79574489593506,16.1957015991211,40.9700012207031,991.370904151429
6.025,-0.0264284638404839,-0.0191974098663763,0.471019956254436,0.0630584220564443,-0.0260512764056223,-10.307064542059,-0.0788905110516815,0.0369468127573194,0.00569873100446461,-0.124127350415396,-0.0305760119550486,1.67891579567763,-0.109853471797864,0.0554794871119432,0.00783435069848244,11.3423913085681,-4.81406365553452,-1.14770316630243,3.66523247547141,11.8182057822427,-0.19584438586904,7.1316739655769,-5.87304259561618,-2.81,0.123484403451188,0.0697643417529215,12.4035673141479,18.2162096866036,0.169718560065811,1.11051817081741,173.139999389648,11.7669848084612,64.1036295147677,-173.139999389648,1.28513276576996,12.2498722076416,6.82999992370605,16.2049999237061,40.9700012207031,991.361924581325
6.05,-0.0269057484590322,-0.0168041682968822,0.470412959448885,0.0724344227702042,0.131937400491768,-10.4357631006034,-0.0508668176840999,0.0333390828006621,0.0110442412630292,-0.127267024811769,-0.0295434986537857,1.67892700240324,-0.0442824675555483,0.0163619712228023,0.00918528418268179,11.3363425136708,-4.83846199030722,-1.15659547156673,3.69265803671098,11.8146583188786,-0.198026603827404,7.13180469456519,-5.87350017322319,-2.81,0.124470286880649,0.067819051521218,12.4035673141479,18.2077204942918,0.169718767711717,1.11051819860156,173.130310058594,11.9444380375189,64.6935109951493,-173.130310058594,1.28152990341187,12.2985105514526,6.82999992370605,16.2049999237061,40.9675750732422,991.363604087018
6.075,-0.0269087576450195,-0.0149136945558946,0.46980597134819,0.0922605331385483,0.1701382143358,-10.5905374616824,-0.0158068257104343,0.0256456205649432,0.0106883889832633,-0.128231481670319,-0.0288143945304919,1.67928687,0.0418981051679865,-0.00829253618500918,0.0133699427844823,11.3380634851509,-4.87163624740812,-1.15229047743501,3.72094723624503,11.8207279676444,-0.192973171164571,7.13193542355348,-5.87395775083019,-2.81,0.125251012566494,0.0656460910828448,12.4175782203674,18.2094912754967,0.169718975391044,1.110518226408,173.120346069336,12.1220335709764,65.2834874185067,-173.120346069336,1.27788031101227,12.3482980728149,6.82999992370605,16.2049999237061,40.9650840759277,991.365564094706
6.1,-0.0268882282319778,-0.017453377668012,0.469198983214207,0.0918473374478125,0.0588451210619636,-10.8046106608667,0.0308284610556962,0.02129180152373,0.010471590421341,-0.127052553627281,-0.0282188233262869,1.67967611251428,0.0214714584185845,0.0231555878428005,0.0144966427252508,11.3412432137304,-4.91510306547353,-1.14391018831016,3.75723041269192,11.8294986871499,-0.191694373404282,7.13206550124779,-5.87441371991705,-2.81,0.125480273993997,0.0633041114254039,12.4315891265869,18.2119068399306,0.169719183070371,1.11051825421444,173.110382080078,12.2996291044338,65.8734638420218,-173.110382080078,1.27423071861267,12.3980855941772,6.94940376281738,16.1852722167969,40.9625968933105,991.367524102394
6.125,-0.0250137618102377,-0.0171322683527096,0.468591993644003,0.0709744608683793,0.0649494030390484,-11.0327121904686,0.0350393865446547,0.0271316317947077,0.0128065273416417,-0.126215819962727,-0.0276142596707162,1.68009104711714,0.109561178681205,-0.0146630428111481,0.0136977032431821,11.3312621970592,-4.93048735226812,-1.20466631280506,3.77558017709173,11.825190160713,-0.261345411121082,7.13217120894098,-5.87480950168533,-2.81,0.122138077082335,0.0624997156588292,12.4315891265869,18.1948435447356,0.169719390749698,1.11051828202087,173.100433349609,12.4772246378912,66.4634402654581,-173.100433349609,1.27058124542236,12.4478721618652,7.05999994277954,16.1669998168945,40.9601058959961,991.369484110081
6.15,-0.0259439569673677,-0.0158639594798475,0.467985001167357,0.0977609567498779,0.143458536524306,-10.971005031569,0.0910624133941587,0.00985248197644632,0.00982472189680614,-0.124297305608483,-0.0267833542139224,1.68029545673244,-0.0056390129833875,0.0368422183439197,0.00618534013920752,11.331497025465,-4.99429915594505,-1.18665447076587,3.83282447939847,11.832100526312,-0.254659332353519,7.13227691663416,-5.87520528345362,-2.81,0.122777827118282,0.0592460908355065,12.4315891265869,18.1924388511785,0.169719399624883,1.11051828320918,173.100006103516,12.4848141902758,66.4886529331277,-173.100006103516,1.27042520046234,12.4499998092651,7.05999994277954,16.1669998168945,40.9599990844727,991.369087901014
6.175,-0.025003004360433,-0.0155516406718324,0.467378013067854,0.116661526794143,0.145350994746825,-10.8793193567287,0.0973966655996346,-0.0152947919895615,0.00634954406658068,-0.121941777244341,-0.0271798176077237,1.68052009889409,0.00497722073547297,0.0218148721335105,0.00337633417467829,11.3259640077586,-4.98100233117407,-1.2192553145718,3.82012591836646,11.8276488946824,-0.296290469401706,7.13238262432735,-5.8756010652219,-2.81,0.120074447578697,0.0603846472092816,12.4608125686646,18.1850168884512,0.169719399624883,1.11051828320918,173.100006103516,12.4848141902758,66.4886529331277,-173.100006103516,1.27042520046234,12.4499998092651,7.05999994277954,16.1669998168945,40.9599990844727,991.368586503698
6.2,-0.0262825808228771,-0.0194227319603433,0.466771019147454,0.0293190113422893,0.165964646468699,-10.7168108365715,0.127726021465777,-0.0108314248560414,0.00133556469085496,-0.118173420444973,-0.02831688983551,1.68073385440813,0.110177018237734,-0.00611169149453016,0.00230295607652028,11.3291673661257,-5.00277743800248,-1.24648090855477,3.83945824608984,11.8356748119099,-0.326943546377939,7.13248886666674,-5.87599803705502,-2.81,0.116853785448352,0.0598612863987894,12.4900360107422,18.1855155310124,0.169719399624883,1.11051828320918,173.100006103516,12.4848141902758,66.4886529331277,-173.100006103516,1.27042520046234,12.4499998092651,6.98085117340088,16.1738605499268,40.9599990844727,991.368085106383
6.225,-0.0281420042502106,-0.0285400195034793,0.466164036816931,0.0484633176338905,0.141636093297937,-10.8883553572609,0.15680835822856,0.0221113001348495,-0.000792408084384553,-0.115955631085835,-0.0269063953940207,1.68057242560093,0.0832156577780321,0.0381279290709891,-0.00620831266307813,11.3420610153891,-5.09691137237526,-1.21541247200622,3.92802334915857,11.8562745477249,-0.312197868671537,7.13260814271208,-5.87642402051329,-2.81,0.118279570255624,0.0550681582882548,12.4900360107422,18.1922230004565,0.169719399624883,1.11051828320918,173.100006103516,12.4848141902758,66.4886529331277,-173.100006103516,1.27042520046234,12.4499998092651,6.90999984741211,16.1800003051758,40.9599990844727,991.367583709068
6.25,-0.0262566626684344,-0.025708246881669,0.46555704868487,0.12986611141406,0.232338314465241,-10.6647987714134,0.183173654462005,0.0155297788275892,-0.0077427098471872,-0.110552700135458,-0.0283160437034894,1.68065986550094,0.202540573127921,0.00383517299244096,-0.00602168680053572,11.3443506062766,-5.08360464014515,-1.24425736193516,3.91313333526573,11.8594827388554,-0.35434427522712,7.13272741875741,-5.87685000397156,-2.81,0.114335545533642,0.0568233221749158,12.4900360107422,18.1926779300173,0.169719595695914,1.11051831057743,173.104690551758,12.6596110747935,67.0456524532138,-173.104690551758,1.26752495765686,12.4593620300293,6.90999984741211,16.1800003051758,40.9599990844727,991.373153361868
6.275,-0.0276813954734331,-0.0338529298978403,0.465024208700628,0.0705911472590615,0.188622870415588,-10.4138271303596,0.194245908588672,-0.0265688121115261,-0.0161174565031161,-0.102942665910695,-0.0297669067598773,1.68039768874794,0.258137462830238,-0.0310377524226221,-0.013843004645948,11.3336959461602,-5.10703621916216,-1.23119562023476,3.93384626884999,11.8509053568549,-0.362244606655469,7.13284669480275,-5.87727598742983,-2.81,0.112031113738328,0.0571066036938759,12.4990086555481,18.1800309121502,0.169719804244192,1.11051833968729,173.109664916992,12.8455313986158,67.6380973971757,-173.109664916992,1.26444017887115,12.4693193435669,6.90999984741211,16.1800003051758,40.9599990844727,991.379109354222
6.3,-0.0300259562654907,-0.04599578321438,0.464723394166666,-0.0364118562690393,0.0174016223004275,-9.95111421278637,0.19961935683644,-0.0376301503367465,-0.0224109775012492,-0.100731444866206,-0.029362315747767,1.67961714504442,0.175389828137373,-0.0464081025473391,-0.026078274529284,11.3366916124906,-5.14735395773881,-1.22054697097009,3.98005654155,11.8546404723813,-0.363611864425816,7.13296597084809,-5.8777019708881,-2.81,0.112070078199023,0.0555659378957146,12.507981300354,18.1758526981435,0.16972001279247,1.11051836879716,173.114639282227,13.0314517224382,68.2305423411375,-173.114639282227,1.26135540008545,12.4792766571045,6.60438299179077,16.2094898223877,40.9599990844727,991.385065346576
6.325,-0.0290924609334492,-0.0435093929248804,0.464467823955287,-0.0691276907051386,0.182458572483908,-9.28941470257891,0.166099500762434,-0.0191586785231344,-0.0260342888883146,-0.0926572551450903,-0.0312721859739252,1.67924352819185,0.147161926786649,-0.00753373880866099,-0.030166312482968,11.3488737002384,-5.12331881804839,-1.24529430694715,3.95558287038982,11.8651076331243,-0.410698059529081,7.13308666999429,-5.87813635837697,-2.81,0.10721356711949,0.0585022495233176,12.507981300354,18.1844958010937,0.169720221340749,1.11051839790702,173.119613647461,13.2173720462605,68.8229872851782,-173.119613647461,1.25827050209045,12.4892339706421,6.34000015258789,16.2350006103516,40.9599990844727,991.39102133893
6.35,-0.0300317864530863,-0.0472892664699909,0.464212246449414,-0.105482660762811,0.193499105711181,-9.11952654552425,0.19899444559946,0.00685066530032462,-0.0360252259842214,-0.0929508337771455,-0.0305970630909671,1.67855952318527,0.210430536057955,-0.0251894117762026,-0.0380887453149637,11.3570484663574,-5.14464405644573,-1.21342861386288,3.98135778112673,11.8711625116169,-0.38289969586913,7.13320971165215,-5.87858457941791,-2.81,0.109319667257535,0.0574867896174582,12.507981300354,18.1900661976247,0.169720237382924,1.11051840014624,173.119995117188,13.2316736100678,68.8685599731874,-173.119995117188,1.25803327560425,12.4899997711182,6.34000015258789,16.2350006103516,40.9599990844727,991.391156914894
6.375,-0.0300302614968984,-0.0482472961967549,0.46395667077766,-0.05388796283405,0.244032895296346,-9.10324653015091,0.17226542985667,0.0261583984818019,-0.0462851550456486,-0.0878990037364904,-0.0303189718859148,1.67723226198628,0.247420851290725,-0.0214889403748049,-0.0456507516172776,11.366953881975,-5.15070940200709,-1.18854998189012,3.99616564470998,11.8756507103833,-0.386884095477776,7.13333275331002,-5.87903280045884,-2.81,0.109118664351209,0.0585065274904235,12.5029692649841,18.1918139481526,0.169720237382924,1.11051840014624,173.119995117188,13.2316736100678,68.8685599731874,-173.119995117188,1.25803327560425,12.4899997711182,6.34000015258789,16.2350006103516,40.9599990844727,991.390807456159
6.4,-0.0299970576120564,-0.0574590480626275,0.463701098756465,-0.0844769399916338,0.162337896186493,-9.11109054986646,0.194881665549769,0.0207681622142207,-0.0568452268713882,-0.0812497818293841,-0.0295068376956494,1.6757680235029,0.122857293755422,0.0428024544666274,-0.0557941402622307,11.3758172818625,-5.18053040472281,-1.10137126679953,4.03039200745985,11.8785326217476,-0.341373391161017,7.13345579496789,-5.87948102149978,-2.81,0.111991961431142,0.0585138140775233,12.4979572296143,18.1953337632749,0.169720237382924,1.11051840014624,173.119995117188,13.2316736100678,68.8685599731874,-173.119995117188,1.25803327560425,12.4899997711182,6.23106384277344,16.2290096282959,40.9599990844727,991.390457997424
6.425,-0.0270000318028011,-0.0591956713008168,0.463445524912248,-0.147205303525571,0.0646704074119246,-9.20795854779264,0.154528517368318,0.0260238628624146,-0.0604990514533773,-0.0783099622296396,-0.0283656425834452,1.6741670435992,0.0765973058506744,0.0649652550525922,-0.0645278141679826,11.3787048199662,-5.14927752574672,-1.10198300380147,4.0161469088672,11.8716447943543,-0.372777199982036,7.13358491297025,-5.87995329854337,-2.81,0.111490739049569,0.0613164278341962,12.4979572296143,18.1872952782464,0.169720237382924,1.11051840014624,173.119995117188,13.2316736100678,68.8685599731874,-173.119995117188,1.25803327560425,12.4899997711182,6.1399998664856,16.2240009307861,40.9599990844727,991.390108538688
6.45,-0.0268293307668177,-0.0606474177011111,0.463189949828864,-0.173402283292203,0.290774354821444,-9.63986246539405,0.167639440443188,0.0576528637229566,-0.0662067746699893,-0.0739938473469556,-0.0277202564987757,1.67249384203155,0.12339824837398,0.0663973103729235,-0.0711947965704414,11.3913255375703,-5.12548825572347,-1.0904592879754,4.00722781644373,11.8747651377413,-0.392564608435722,7.13374279598711,-5.88053945511867,-2.81,0.110931076159486,0.0639486536902088,12.4979572296143,18.1898304273276,0.169720426324099,1.11051842809379,173.135787963867,13.410170401887,69.4053049652432,-173.135787963867,1.25563216209412,12.4922552108765,6.1399998664856,16.2240009307861,40.9599990844727,991.391025494515
6.475,-0.0271417768269729,-0.072121703052026,0.462934374775808,-0.0725428993812911,0.154614423489737,-10.2729128319743,0.196044082222865,0.0839944523726626,-0.0743474898601048,-0.0688132863915416,-0.0262696835785091,1.67053787204827,0.175630516141851,0.0738360379415449,-0.0765199279555556,11.4182605035297,-5.14366759076527,-0.990488772099165,4.03550198381229,11.8919301466223,-0.334332685976139,7.13390067900396,-5.88112561169396,-2.81,0.115139929507203,0.0644288193118268,12.5004715919495,18.2101761142585,0.169720634872377,1.11051845894156,173.153198242188,13.6071904476141,69.9977499092839,-173.153198242188,1.25298190116882,12.4947443008423,6.1399998664856,16.2240009307861,40.9599990844727,991.39207387072
6.5,-0.0236525598684972,-0.0702073113510542,0.462678800922292,0.0492828096178448,0.283591173555394,-10.3521089488054,0.142266267445757,0.0660299480548644,-0.0831930271426943,-0.0619307031472645,-0.0255603712309673,1.66842106168361,0.150790042134534,0.0636941331968478,-0.0830600260029467,11.4249793607184,-5.09916896580773,-0.990219535746901,4.01125234141194,11.8860118034374,-0.380513239896301,7.13405856202082,-5.88171176826926,-2.81,0.113148166606408,0.0688136617504028,12.5029859542847,18.2029207966627,0.169720843420656,1.11051848978932,173.170639038086,13.804210491923,70.5901948532457,-173.170639038086,1.25033164024353,12.4972343444824,5.95744657516479,16.2350635528564,40.9599990844727,991.393122246925
6.525,-0.0248999198042896,-0.0803128908290586,0.462423226463749,0.0347879883694364,0.153416333239917,-10.4173626051279,0.156137448147934,0.0202911195820333,-0.0961966724855462,-0.0624759615886792,-0.0240292767852971,1.66594427370905,0.147759214973949,0.00212314135553486,-0.0966511805288578,11.4237494233911,-5.10623667321316,-0.946036647098564,4.04560096063697,11.8735334065115,-0.350722826029762,7.13422787662521,-5.88231789170387,-2.81,0.116516602290248,0.0692446121592266,12.5029859542847,18.189500151706,0.169721051968934,1.11051852063709,173.188064575195,14.0012305362319,71.1826397972076,-173.188064575195,1.24768126010895,12.4997234344482,5.80999994277954,16.2439994812012,40.9599990844727,991.39417062313
6.55,-0.0252159768559682,-0.082549710509172,0.462167650782147,-0.0425464438424031,-0.027604024010373,-10.2352463805076,0.0791121917956092,-0.000657355160264619,-0.104450528139943,-0.0574378082053965,-0.0249005766449425,1.66395779914988,0.0280028293120469,0.0291621525077529,-0.100540276182964,11.4312982470375,-5.0631491486236,-0.964923114394121,4.0233871748145,11.8702596075,-0.387850515941865,7.13439763624427,-5.88292479241857,-2.81,0.113483972962262,0.0732155407580545,12.5029859542847,18.185729310417,0.169721075140965,1.11051852406462,173.190002441406,14.0231216524238,71.2484670132472,-173.190002441406,1.24738681316376,12.5,5.80999994277954,16.2439994812012,40.9599990844727,991.396069855386
6.575,-0.0255277595911937,-0.0847562797167492,0.461912078775071,-0.100569556297146,0.066661913816267,-9.95220524278589,0.0334227378703554,0.00309404335366454,-0.108036642905817,-0.0586562445761813,-0.0242908484838151,1.66136150447648,-0.0498212732807224,0.0370286067681583,-0.105486548422127,11.4384148016141,-5.03526535082784,-0.983150470502727,4.02769539301979,11.8646033478742,-0.408255304118499,7.13456739586333,-5.88353169313326,-2.81,0.11327627578323,0.0755074554280983,12.5063471794128,18.1773850886228,0.169721075140965,1.11051852406462,173.190002441406,14.0231216524238,71.2484670132472,-173.190002441406,1.24738681316376,12.5,5.80999994277954,16.2439994812012,40.9599990844727,991.398075444648
6.6,-0.0242777868639527,-0.0809681454752848,0.461656505518861,-0.151284881220753,-0.0213943295229402,-9.70192383615629,0.00321059660929924,-3.3040628783905e-05,-0.109986595244558,-0.0581967701837508,-0.0248509469962976,1.65931230897667,-0.00325733722387114,0.00226690217112605,-0.10695257783461,11.4453149311511,-4.99788482686643,-1.00047969929984,4.01484027972041,11.8607240226428,-0.423473058884107,7.13473355205764,-5.88412571613738,-2.81,0.112051375214325,0.0784101831624882,12.509708404541,18.1744033498582,0.169721075140965,1.11051852406462,173.190002441406,14.0231216524238,71.2484670132472,-173.190002441406,1.24738681316376,12.5,5.88863849639893,16.2226543426514,40.9599990844727,991.40008103391
6.625,-0.0271121155007039,-0.0834539408211407,0.461400928629577,-0.179052159376815,0.0503742779445611,-9.51398098097624,-0.0570907689266976,-0.020296066379899,-0.108240965929192,-0.0627231434181299,-0.0244202533378899,1.65600470329009,-0.123504117870267,-0.0129121578367342,-0.110278801989198,11.462598834114,-4.9845531330718,-0.975325456681693,4.04100558516718,11.8622682661343,-0.380876827346636,7.13485381905509,-5.88455574298843,-2.81,0.115312659067926,0.0795464564902599,12.509708404541,18.177521797347,0.169721075140965,1.11051852406462,173.190002441406,14.0231216524238,71.2484670132472,-173.190002441406,1.24738681316376,12.5,5.94999980926514,16.2059993743896,40.9599990844727,991.402086623171
6.65,-0.0261737907703583,-0.0777712126943411,0.461145354171034,-0.169302511549418,0.0843458567726907,-9.27545405381164,-0.0817468153645737,-0.0425610929871959,-0.107571940606866,-0.0595654272354547,-0.0265459209567257,1.65469192193393,-0.0657965544868644,-0.03557981974396,-0.107337285539696,11.4586403132648,-4.93589165168303,-1.02613466845383,4.00919086846175,11.851635431395,-0.426078355798085,7.13497408605255,-5.88498576983948,-2.81,0.110730380340073,0.0833294062203513,12.509708404541,18.1670397909276,0.169721256573511,1.11051855133632,173.211700439453,14.197301887379,71.7638814555131,-173.211700439453,1.24765193462372,12.5,5.94999980926514,16.2059993743896,40.9578285217285,991.393760388963
6.675,-0.0279512651892347,-0.0822298120062366,0.461393916474948,-0.208961484925598,0.0601126770586573,-9.08943955829197,-0.127370206105643,-0.0457451395773128,-0.103939982811242,-0.0618580436525138,-0.0281618924848245,1.65210992166119,-0.135495493718634,-0.0314654375149825,-0.104692000112655,11.4613049204563,-4.90606827161619,-1.04035670862576,4.01236122535344,11.842488022819,-0.412059793338698,7.13509435305,-5.88541579669053,-2.81,0.110323731580366,0.0855844869120335,12.5026545524597,18.1598500339434,0.169721464687313,1.11051858261856,173.236602783203,14.3970968618096,72.3550921392121,-173.236602783203,1.24795615673065,12.5,5.94999980926514,16.2059993743896,40.9553413391113,991.38391476895
6.7,-0.0293553761882089,-0.0733227548606407,0.462158352146647,-0.197264422017594,0.143664616418548,-9.06640104982963,-0.148869208460738,-0.0445020077084724,-0.10233888901242,-0.06894738668115,-0.0297206893536962,1.64847290246422,-0.10284740233841,-0.0659043465518592,-0.103951691563785,11.4715681444594,-4.85373404813931,-1.0705397151988,4.00965638318921,11.83513198778,-0.392392285139992,7.13521462004745,-5.88584582354158,-2.81,0.110804054518076,0.0886290933239488,12.4956007003784,18.1561834079824,0.169721672801116,1.1105186139008,173.261474609375,14.5968918362401,72.94630282299,-173.261474609375,1.2482602596283,12.5,5.75042533874512,16.2305183410645,40.9528503417969,991.374069148936
6.725,-0.0317409473939089,-0.0706198723152701,0.462967670801412,-0.224039500908971,0.0465090255699574,-9.03377493620865,-0.159781796706174,-0.0415369470094526,-0.101419186461404,-0.0719407423416424,-0.0309642629586659,1.64644826759319,-0.0648519289143038,-0.0775522390214007,-0.100681066319981,11.4813910447094,-4.8433958217129,-1.07635602991887,4.02515341895226,11.8364216923329,-0.369631148078293,7.13533778792964,-5.88629111428284,-2.81,0.111176631012782,0.0894323944705951,12.4956007003784,18.1582817515382,0.169721880914919,1.11051864518304,173.286376953125,14.7966868106706,73.5375135066891,-173.286376953125,1.24856436252594,12.5,5.59999990463257,16.2490005493164,40.9503593444824,991.364223528923
6.75,-0.0318922425451259,-0.0676509913188087,0.463776989497986,-0.191443816116143,0.00370460794320468,-9.16484033840084,-0.181697968100043,-0.0347481751399031,-0.0994842121302347,-0.0741389559831708,-0.0320636583612304,1.64472085406378,-0.0722953901704927,-0.0713709788687216,-0.0965684685194402,11.4909033371206,-4.8485870671243,-1.06812464765184,4.05104128646164,11.8391651964849,-0.337310330677557,7.13547420858351,-5.88680613852615,-2.81,0.112074403985647,0.0893972675449787,12.4956007003784,18.1614421349593,0.169721911153677,1.11051864972832,173.289993286133,14.8257168500662,73.6234159137466,-173.289993286133,1.24860858917236,12.5,5.59999990463257,16.2490005493164,40.9500007629395,991.367766684674
6.775,-0.0311342598880678,-0.0560512748915822,0.464586308137988,-0.142578339427836,0.089459580818758,-9.16453576407864,-0.184633936628474,-0.0221610547048288,-0.0950188981407731,-0.082324893873011,-0.0321850598806736,1.64156385720115,-0.224695953919166,-0.00163153360021849,-0.088571147293003,11.5034224097767,-4.78460920839869,-1.11237926977938,4.03311823141838,11.835277556745,-0.344619414558381,7.13561062923737,-5.88732116276945,-2.81,0.112679991181001,0.0926469459611347,12.509551525116,18.1602330899835,0.169721911153677,1.11051864972832,173.289993286133,14.8257168500662,73.6234159137466,-173.289993286133,1.24860858917236,12.5,5.59999990463257,16.2490005493164,40.9500007629395,991.373585932305
6.8,-0.0319214340802998,-0.0567694461439935,0.464901089584587,-0.191369685320257,0.071483870254618,-9.17378752433434,-0.19020768121063,-0.0170849713074845,-0.08993899272487,-0.0881610888868101,-0.0321679483747305,1.63957226531384,-0.164156670253729,-0.0191108700875606,-0.0839323567334312,11.5073089111726,-4.76447717160301,-1.1210312353744,4.04128937984432,11.8294694961365,-0.326716566611405,7.13574704989124,-5.88783618701276,-2.81,0.114421822496839,0.0934620483926404,12.5235023498535,18.1561363057344,0.169721911153677,1.11051864972832,173.289993286133,14.8257168500662,73.6234159137466,-173.289993286133,1.24860858917236,12.5,5.57685089111328,16.2455272674561,40.9500007629395,991.379405179937
6.825,-0.0317777508551528,-0.0455204520023249,0.464698761651575,-0.217802224225832,0.0937689656752726,-8.90397493607412,-0.172517591896897,-0.0187416580400336,-0.0818309140002223,-0.0917917337773551,-0.0326198141370358,1.63781568823543,-0.271418750865076,0.0224198063886642,-0.0764693507370748,11.5148913076075,-4.76002060617591,-1.12822834290843,4.06029111804902,11.8296482364638,-0.311248821999157,7.13588934895042,-5.88836206796991,-2.81,0.115247113818412,0.093702663454718,12.5235023498535,18.1557415457344,0.169721911153677,1.11051864972832,173.289993286133,14.8257168500662,73.6234159137466,-173.289993286133,1.24860858917236,12.5,5.55999994277954,16.2430000305176,40.9500007629395,991.385224427568
6.85,-0.0313096999507687,-0.0422079314663625,0.464496430825318,-0.251183312676976,-0.0892881518569421,-8.95050867420224,-0.167605814130486,-0.0111186024097845,-0.074384417300598,-0.0975121674673302,-0.032122505800448,1.63615097916424,-0.281405147276701,0.0406726027931487,-0.0691910211003425,11.5121835441493,-4.73727294688859,-1.15201494156358,4.06373216473627,11.8188817864542,-0.315242072383087,7.13603907210842,-5.88890166035254,-2.81,0.116312447704184,0.0945673430051985,12.5235023498535,18.1446543491326,0.169722085471221,1.11051867593054,173.296249389648,14.993066486599,74.1186180249216,-173.296249389648,1.24740767478943,12.4958295822144,5.55999994277954,16.2430000305176,40.9500007629395,991.384082290974
6.875,-0.0304003165753181,-0.0348404942793143,0.464294101367958,-0.294104301611088,-0.0718824418057067,-9.36177326657415,-0.174683522092317,0.0234272583428932,-0.0650122268802787,-0.0991283765614539,-0.0323031289021153,1.63462472027845,-0.177014935883941,0.050767599983684,-0.0589555580435536,11.5184550548813,-4.71648199251981,-1.17322157904792,4.06387781863566,11.8183573140361,-0.328307148261884,7.13618879526642,-5.88944125273516,-2.81,0.11574543461713,0.0959805482841578,12.5138344764709,18.1428780580381,0.169722293585023,1.11051870721279,173.3037109375,15.1928614610295,74.7098287086206,-173.3037109375,1.24597382545471,12.4908504486084,5.55999994277954,16.2430000305176,40.9500007629395,991.381590498255
6.9,-0.0306802413839925,-0.0377588476986878,0.464091770156074,-0.303880470975281,-0.0550117726201186,-9.61412181807703,-0.119459571240639,0.0631737746395829,-0.0601737030701322,-0.104991438749065,-0.0296819738371774,1.63301192854478,-0.109199911778355,0.0661976939740814,-0.0549654472336026,11.5407207347439,-4.75895476353993,-1.10290229639411,4.1206143569652,11.8324816335653,-0.255332541344228,7.13633851842442,-5.88998084511779,-2.81,0.122647908908657,0.0929571186627211,12.5041666030884,18.1578246040283,0.169722501698826,1.11051873849503,173.311187744141,15.3926564368782,75.3010393923197,-173.311187744141,1.24454009532928,12.4858722686768,5.71855306625366,16.2230339050293,40.9500007629395,991.379098705535
6.925,-0.0281573587433719,-0.0282474131425318,0.463889443668633,-0.244930118769356,-0.0425365376347474,-9.11600655954817,-0.0840710880530699,0.0597611050740394,-0.0514522364425058,-0.10650245773091,-0.0289673448209156,1.63217414190363,-0.0598746427262913,0.0382836000714651,-0.0502310697739779,11.5382837829037,-4.76645494438364,-1.09635261870019,4.13835802261427,11.8264555899903,-0.249029136529904,7.13649050186978,-5.89053436892691,-2.81,0.12389532408927,0.0925723922660149,12.5041666030884,18.1504573862777,0.169722709812629,1.11051876977727,173.318664550781,15.5924514113087,75.8922500760188,-173.318664550781,1.24310636520386,12.4808931350708,5.82999992370605,16.2089996337891,40.9500007629395,991.376606912816
6.95,-0.0287862508283159,-0.0269659853412883,0.463687112367903,-0.263856101419995,-0.125137105156786,-8.76968767220806,-0.0561685866279795,0.0238036977154338,-0.0428373245031222,-0.107013027583852,-0.0286614960256871,1.63143525066368,-0.00231075247819485,0.00478158826179467,-0.0448619547718619,11.5257890314753,-4.76664924186498,-1.09958787928588,4.14869012209379,11.8109224985424,-0.253636159858709,7.13665279161285,-5.89115141626474,-2.81,0.124161111311801,0.0928053752432207,12.5041666030884,18.133569364108,0.169722747166388,1.11051877539203,173.320007324219,15.6283120477086,75.9983648141671,-173.320007324219,1.24284899234772,12.4799995422363,5.82999992370605,16.2089996337891,40.9500007629395,991.381819574884
6.975,-0.0294282018558629,-0.0276079363688353,0.463484782511169,-0.325790057991836,-0.089869249675242,-9.06394727745151,-0.0520921583265211,0.0426253484698198,-0.0354991692128534,-0.107895256648295,-0.0278883283948776,1.6307807976259,-0.101828834941122,0.0399152132838203,-0.0409791929409608,11.5330055157037,-4.78140210820136,-1.07252206178752,4.16829713537361,11.8150292060479,-0.229586084197119,7.13681508135591,-5.89176846360257,-2.81,0.126251861565877,0.0920048443027677,12.5210947990417,18.1383934924355,0.169722747166388,1.11051877539203,173.320007324219,15.6283120477086,75.9983648141671,-173.320007324219,1.24284899234772,12.4799995422363,5.82999992370605,16.2089996337891,40.9500007629395,991.388717586436
7,-0.0275354573488738,-0.0231780923764975,0.463282454580291,-0.272753555575109,-0.261649288688533,-9.47018725590876,-0.0640617582554547,0.0842672113962463,-0.0244662363804303,-0.106053373220444,-0.0276925247974965,1.62996852818811,0.0347417192220118,0.0434478353463004,-0.0300698550851948,11.5374974977406,-4.75796963906693,-1.09599886933197,4.15577157494381,11.8157469817833,-0.266501402617174,7.13697737109898,-5.8923855109404,-2.81,0.124421688897823,0.0939333747059124,12.5380229949951,18.1365633319484,0.169722747166388,1.11051877539203,173.320007324219,15.6283120477086,75.9983648141671,-173.320007324219,1.24284899234772,12.4799995422363,5.87170219421387,16.2078094482422,40.9500007629395,991.395615597989
7.025,-0.0238863828791052,-0.0198429973944082,0.463080122310618,-0.164967538184973,-0.0722023519565944,-9.9999725136138,-0.0550325282995658,0.0887823618776557,-0.0149334552016808,-0.110731325890604,-0.0240460131691331,1.62927897365292,-0.0956305168265522,0.0940966834064057,-0.0194905684515119,11.5357981571952,-4.81204099209359,-1.01034576469479,4.21112258543025,11.8101496899352,-0.194902717211877,7.13715273601996,-5.89305398006013,-2.81,0.132193473212123,0.0901929403053658,12.5380229949951,18.13294808965,0.169722747166388,1.11051877539203,173.320007324219,15.6283120477086,75.9983648141671,-173.320007324219,1.24284899234772,12.4799995422363,5.90000009536743,16.2070007324219,40.9500007629395,991.402513609541
7.05,-0.024358994447075,-0.0212668792597852,0.462877791915751,-0.0854744687318528,-0.126481385203349,-10.2281358445696,-0.0482470911599857,0.0584053857452072,-0.00962604705248052,-0.109524282984863,-0.0230181534307861,1.62907268264604,-0.0981577837978157,0.0775797900701335,-0.00882144560990826,11.522245984404,-4.80770678415471,-1.02396362490353,4.2109455156652,11.7958090481289,-0.226991887133647,7.13734600211163,-5.89379285052365,-2.81,0.131508170987999,0.0907888937297142,12.5380229949951,18.1151253390922,0.169722914368931,1.11051880087384,173.32600402832,15.791060518578,76.4733545942512,-173.32600402832,1.24169707298279,12.5,5.90000009536743,16.2070007324219,40.9480018615723,991.397778320312
7.075,-0.0238899047302944,-0.0160156939933433,0.462675461672483,-0.112816061420103,-0.00713689904849765,-10.2772062098331,-0.0533482761484751,0.0311801558220047,-0.00249928557201562,-0.112316923026781,-0.0219727072451879,1.6288653428853,-0.030332760995019,0.0139184791440422,-0.00230501735317441,11.5079046466683,-4.82314961574788,-1.03861524427733,4.23255105731449,11.7814251371699,-0.238529836355031,7.13753926820331,-5.89453172098717,-2.81,0.132194955059478,0.0895369352602138,12.5429754257202,18.0967087106841,0.169723122482733,1.11051883259056,173.333480834961,15.9936304245483,77.0645652780291,-173.333480834961,1.24026322364807,12.5248928070068,5.90000009536743,16.2070007324219,40.9455108642578,991.390196585148
7.1,-0.0256228757872739,-0.0174337101371176,0.462473131297929,-0.103247039352635,0.0624487369027368,-10.4135263173471,-0.0251835162209219,0.0297039404725495,0.00148726792802334,-0.115119912566486,-0.0205162899698549,1.62881695998107,-0.101367347335924,0.0455964244169064,-0.00120870944510464,11.508989368969,-4.88949285420576,-1.01685319193537,4.29778396081051,11.7848187984541,-0.21228752700641,7.13773198485088,-5.89526848243565,-2.81,0.134909130068586,0.0853026678746567,12.5479278564453,18.0941675998504,0.169723330596536,1.11051886430727,173.340942382812,16.1962003291005,77.6557759617282,-173.340942382812,1.23882961273193,12.5497875213623,5.93625545501709,16.2039794921875,40.9430198669434,991.382614849983
7.125,-0.0231048354248563,-0.0123816220359936,0.462270801927532,-0.108142874372972,0.0638065880216606,-10.4362975401211,-0.0325015691669446,0.0303518117170316,0.00427805598313724,-0.111590706181897,-0.0215529319093676,1.62909353097239,0.059065892106035,0.00604197867870507,0.0071370987404349,11.4998824959383,-4.86571295736577,-1.09114296528163,4.2779803308586,11.7781652600968,-0.294551131695401,7.13789267155417,-5.89588229846795,-2.81,0.129227453324696,0.087314822413777,12.5479278564453,18.0797825957042,0.169723538710339,1.11051889602399,173.348403930664,16.3987702336526,78.2469866454273,-173.348403930664,1.23739576339722,12.5746812820435,5.96000003814697,16.2019996643066,40.9405326843262,991.375033114819
7.15,-0.0250050256262397,-0.014281812237377,0.462068473514028,-0.0812786569366997,0.0535242757078273,-10.4004734248618,-0.00630968175359957,0.0123496934671186,0.00657570683685298,-0.111508590959976,-0.0213373655770324,1.62933640878112,0.0239694214359651,0.00626293725964318,0.00917830449212641,11.4931555755509,-4.90006761232384,-1.05703130659389,4.30581229588938,11.7734044250674,-0.259868406416717,7.13805335825747,-5.89649611450025,-2.81,0.131176313062194,0.0853541518685934,12.5479278564453,18.0762315115228,0.1697235831791,1.11051890280107,173.350006103516,16.4420544020556,78.3733137146665,-173.350006103516,1.23708939552307,12.5799999237061,5.96000003814697,16.2019996643066,40.939998626709,991.37564723238
7.175,-0.0250050256262397,-0.014281812237377,0.461866145108315,-0.0720631205130833,-0.00759308284083871,-10.3653271719797,0.0116705282061631,-0.0151143705720427,0.00751359604301409,-0.111426475738054,-0.0211217992446972,1.62957928658985,-0.0111270492341035,0.00648389584058127,0.0112195102438178,11.4844031091282,-4.93247133004208,-1.02426292133535,4.33198272487029,11.7665797260752,-0.226781718848773,7.13821404496076,-5.89710993053255,-2.81,0.133066325466484,0.0835100307018963,12.552077293396,18.0708019521792,0.1697235831791,1.11051890280107,173.350006103516,16.4420544020556,78.3733137146665,-173.350006103516,1.23708939552307,12.5799999237061,5.96000003814697,16.2019996643066,40.939998626709,991.378488483835
7.2,-0.0262742291883032,-0.0117494466931983,0.461663811874671,-0.100892668122463,-0.0026199838472506,-10.1520702071245,0.0333952828604861,-0.020340716951341,0.00827877535029344,-0.114168364768815,-0.0209529907366028,1.62988928758453,0.0244057780085847,-0.0265538594960389,0.0090488775701705,11.4717364352048,-4.97123748929517,-1.06415825991898,4.37330809493873,11.758308735653,-0.250447199511507,7.13837401560913,-5.89772196483468,-2.81,0.13196156082392,0.0808061505354296,12.5562267303467,18.0535957687299,0.1697235831791,1.11051890280107,173.350006103516,16.4420544020556,78.3733137146665,-173.350006103516,1.23708939552307,12.5799999237061,5.91710615158081,16.2142562866211,40.939998626709,991.381329735289
7.225,-0.0250164561852126,-0.0104776936955636,0.46146148345936,-0.165820176321841,-0.0247796673718889,-9.87114239804225,0.0486995672946345,-0.0123507418103766,0.00419263440894272,-0.110520525801443,-0.0223496894811002,1.63026966768276,0.159756050680604,-0.0448235668422506,0.00769692851313517,11.4574013766599,-4.97521640569445,-1.115162242824,4.37731763998765,11.7479970404887,-0.303425827052026,7.13851741305174,-5.89829276070724,-2.81,0.127403755473512,0.0812859976794026,12.5562267303467,18.0360384236409,0.1697235831791,1.11051890280107,173.350006103516,16.4420544020556,78.3733137146665,-173.350006103516,1.23708939552307,12.5799999237061,5.8899998664856,16.2220001220703,40.939998626709,991.384170986744
7.25,-0.0269128001766328,-0.0123740376869838,0.461259153123337,-0.187071327993853,-0.0955104984070931,-9.54496604582143,0.0461150489725878,-0.0121061575758609,0.00424045120812703,-0.112140860971174,-0.0215437864991327,1.63031057420266,0.0763852349013479,-0.0209162773014554,0.00664594413336553,11.460278224693,-5.00846646719684,-1.08702841398296,4.40747033061892,11.7517731014568,-0.272723980984561,7.13866081049434,-5.89886355657981,-2.81,0.129799137807473,0.0790721222245344,12.5562267303467,18.040015118288,0.169723742598217,1.11051892853539,173.355758666992,16.6064156532854,78.8261923016988,-173.355758666992,1.2309398651123,12.5685110092163,5.8899998664856,16.2220001220703,40.939998626709,991.385375976562
7.275,-0.0250421929038998,-0.00768182484247646,0.461056824230356,-0.190483575686652,-0.00720915047450552,-9.5062405191195,0.0489894094413669,-0.00723949631177512,0.00449537358336151,-0.113761196140906,-0.0207378835171652,1.63035148072257,-0.00698558087790844,0.00299101223933976,0.00559495975359589,11.4642588155895,-5.04306571547873,-1.05787652122143,4.4386620982379,11.7567498868399,-0.240739717465627,7.13880420793695,-5.89943435245238,-2.81,0.132239990980851,0.0767772043516308,12.5572113990784,18.0452959993405,0.169723949843068,1.11051896199001,173.363220214844,16.8200852783241,79.4149344648722,-173.363220214844,1.22294557094574,12.5535755157471,5.8899998664856,16.2220001220703,40.939998626709,991.386090087891
7.3,-0.0256448168388897,-0.00985590312645874,0.461,-0.248852480271875,-0.0812390222809112,-9.49510734938461,0.0574137946583454,0.0112593345340769,0.00583159222289524,-0.106755737353566,-0.0216676368760754,1.63122426567385,0.0190598447279488,0.0309243865191875,0.00912282831761076,11.4558437556846,-5.06172722715947,-1.07340027341249,4.44552991520781,11.7545183886128,-0.279621259108334,7.13894760537956,-5.90000514832495,-2.81,0.128529674252682,0.0768387362974082,12.5581960678101,18.037170419508,0.16972415708792,1.11051899544463,173.370681762695,17.0337549033628,80.003676627888,-173.370681762695,1.21495127677917,12.5386390686035,5.66634082794189,16.2474727630615,40.939998626709,991.386804199219
7.325,-0.0251567272358465,-0.0147888524940485,0.461,-0.278244104090961,-0.0758210415063447,-9.59533412580283,0.0433094401776622,0.0421539227683312,0.00938898356432268,-0.107111699350816,-0.0208152271465697,1.63130845755373,0.130789569470663,0.00544292832688321,0.00793770347078131,11.4486022888899,-5.08012425488589,-1.05986485333815,4.46201547908642,11.7480954055484,-0.27229125605041,7.13912531591326,-5.90069290055072,-2.81,0.129756183190374,0.0757243388992017,12.5581960678101,18.0301583859115,0.169724364332771,1.11051902889925,173.378143310547,17.2474245298197,80.5924187910615,-173.378143310547,1.20695686340332,12.52370262146,5.53000020980835,16.2630004882812,40.939998626709,991.387518310547
7.35,-0.0256429717421776,-0.0123760589527905,0.461,-0.227131804779991,-0.0336010114814877,-9.6874185495256,0.053150157006216,0.0627787852793862,0.0103876362831029,-0.107039122137781,-0.0194051051466059,1.63142758811425,-0.00697959370698198,0.0682841572296042,0.00686901183962105,11.4525649986626,-5.1198225412386,-1.02656889474531,4.4962541583683,11.7536447882846,-0.251404717956243,7.13935736476548,-5.90156586522375,-2.81,0.132040344211018,0.0734278719921533,12.5581960678101,18.0343801556006,0.169724415701153,1.11051903719142,173.380004882812,17.3003853761303,80.7383463357298,-173.380004882812,1.20497536659241,12.5200004577637,5.53000020980835,16.2630004882812,40.939998626709,991.384986909907
7.375,-0.0228299882317986,-0.010503226812201,0.461,-0.160250767987368,-0.057258442834859,-9.82515364869384,0.0648013102460709,0.0542851185706394,0.0128732568232491,-0.106464579516225,-0.0176632587020412,1.63164737068726,-0.0129614103358434,0.0600008722330215,0.00823423838704379,11.4436099402123,-5.11606868176624,-1.04242399409249,4.49190590396529,11.7454376672618,-0.290672252072362,7.13958941361771,-5.90243882989678,-2.81,0.131643766926083,0.0736619016187145,12.5605325698853,18.02234127764,0.169724415701153,1.11051903719142,173.380004882812,17.3003853761303,80.7383463357298,-173.380004882812,1.20497536659241,12.5200004577637,5.53000020980835,16.2630004882812,40.939998626709,991.38138596555
7.4,-0.0211997054933437,-0.0117501035458166,0.461,-0.174381003785202,0.152661760902239,-9.78352158520555,0.0709938469230637,0.0399170823825396,0.0128618719735358,-0.0996818910912572,-0.0179247590980861,1.63216304161142,0.0849059322671203,0.0343988637109031,0.0122681192665911,11.4255634614298,-5.14956079905141,-1.03507347069538,4.51600043031074,11.7320449552351,-0.312594315047336,7.13982146246994,-5.90331179456981,-2.81,0.129614700077475,0.0729891349833236,12.5628690719604,18.0035351988692,0.169724415701153,1.11051903719142,173.380004882812,17.3003853761303,80.7383463357298,-173.380004882812,1.20497536659241,12.5200004577637,5.46072340011597,16.2692985534668,40.939998626709,991.377785021193
7.425,-0.0219773283962843,-0.0204869556579504,0.461,-0.201266320077687,0.0893245964016281,-9.83606310323342,0.103998106747695,0.0536863935147353,0.00955320723270651,-0.0977774945950621,-0.0164079049168597,1.63239011722869,0.0394822333979218,0.0695355481496089,0.00972817799191853,11.4250818015855,-5.18805343926415,-0.992934474867145,4.54656919357923,11.733561372438,-0.294206764350323,7.14004651599117,-5.90417995100272,-2.81,0.131799733196417,0.0710762302671647,12.5628690719604,18.0040345261559,0.169724415701153,1.11051903719142,173.380004882812,17.3003853761303,80.7383463357298,-173.380004882812,1.20497536659241,12.5200004577637,5.42000007629395,16.2730007171631,40.939998626709,991.374184076837
7.45,-0.0205752139798792,-0.01746997696189,0.461,-0.135052015321724,0.119390228692471,-10.0399959640993,0.0779008021658103,0.0731043587483504,0.00861053593715693,-0.0968516714095144,-0.0146677520795617,1.63251324438687,0.0462049575222686,0.0794004056766579,0.00711534040361177,11.4250264382905,-5.19899062315983,-0.97515648210283,4.55387500044452,11.7338720830068,-0.300218586844631,7.14025024844606,-5.90503345240267,-2.81,0.133077853958168,0.0705482814614369,12.5628690719604,18.0033143657604,0.169724566757543,1.11051906337878,173.389144897461,17.4676401444814,81.1674680493072,-173.389144897461,1.20299530029297,12.5254898071289,5.42000007629395,16.2730007171631,40.939998626709,991.373565024518
7.475,-0.0196023260751432,-0.0206563556727992,0.461,-0.0970375155275045,0.154007143960638,-10.3233460464609,0.0779082237119295,0.0687416160271586,0.00482067780222294,-0.0963489407562322,-0.0127048865349113,1.6325407333055,0.0481337015039339,0.0679611580114672,0.00426980522996234,11.4162156678426,-5.24182894802074,-0.931819976191793,4.59233071286038,11.726387489251,-0.27816261195739,7.14045398090095,-5.90588695380262,-2.81,0.136074243776169,0.0682224464990626,12.5654191970825,17.9944501106252,0.169724772264492,1.11051909900578,173.401580810547,17.6951844201283,81.751273171193,-173.401580810547,1.20030152797699,12.5329570770264,5.42000007629395,16.2730007171631,40.939998626709,991.374020840259
7.5,-0.0161165598048897,-0.0168414577310711,0.461,-0.0327348064204899,-0.028809140728669,-10.8397118444432,0.0375467347028258,0.0526089222313699,0.00198368156288251,-0.0913520009418867,-0.0124678159769243,1.63275054545435,0.071480577685984,0.0448183913859239,0.0069756877468413,11.3938522366074,-5.22180262468465,-0.975292985726514,4.57308031185712,11.7047329441311,-0.352776156637425,7.14065771335584,-5.90674045520256,-2.81,0.132114346291052,0.0703073564209285,12.5679693222046,17.9664798451036,0.169724977771442,1.11051913463278,173.414047241211,17.9227286971934,82.3350782931576,-173.414047241211,1.19760775566101,12.5404262542725,5.42638301849365,16.2717227935791,40.939998626709,991.374476656001
7.525,-0.0167456032915281,-0.0177738044509885,0.461,-0.0411773843417694,0.0759469428686119,-10.9846189754899,0.0404049818952361,0.0366252921671739,-0.00186035300172112,-0.0951390315024742,-0.0101669441451782,1.63264675622465,0.0163347183894125,0.0304304758429951,-0.000916074251500863,11.3949669870379,-5.27351600331956,-0.929679234330692,4.62321135664876,11.7068443149108,-0.308642333277665,7.14084837020799,-5.90750113752696,-2.81,0.136841095269765,0.066674803389076,12.5679693222046,17.9683180077248,0.169725183278391,1.11051917025978,173.426483154297,18.1502729742584,82.9188834151222,-173.426483154297,1.19491398334503,12.5478935241699,5.42999982833862,16.2709999084473,40.939998626709,991.374932471742
7.55,-0.0170602913962832,-0.0171249580449831,0.461,-0.0082978961310722,0.0897432691190874,-10.4779767870571,0.0491926102655513,0.00701232265684994,-0.00438214928029396,-0.0911658414957916,-0.0109592691095461,1.63282553278853,-0.0221104455685844,0.0304422339888315,-0.00138004650360137,11.3795896965073,-5.27552967051516,-0.964025006270234,4.62541587202514,11.6933793803581,-0.355001205475077,7.14103900157202,-5.90826163892025,-2.81,0.133318952081769,0.0673502492759135,12.5679693222046,17.9491823040096,0.169725241241889,1.11051918030842,173.429992675781,18.2144521294735,83.0835463982363,-173.429992675781,1.19415426254272,12.5500001907349,5.42999982833862,16.2709999084473,40.9382095336914,991.374482889378
7.575,-0.0173779699562802,-0.0193732535700391,0.461,-0.0105931816949114,0.164414884490803,-10.1541483294924,0.0911724025544447,-0.0346682608160129,-0.00395813208531542,-0.0903755069798484,-0.0115324226104926,1.63280356093601,-0.00665929658858522,-0.00368005870600567,-0.00394017177301379,11.3620560685621,-5.28185975752257,-0.958273648602527,4.63214220096261,11.6762911721706,-0.346600752511592,7.14122963293605,-5.90902214031353,-2.81,0.133267190982545,0.0672375939389498,12.5744271278381,17.9334073698237,0.169725241241889,1.11051918030842,173.429992675781,18.2144521294735,83.0835463982363,-173.429992675781,1.19415426254272,12.5500001907349,5.42999982833862,16.2709999084473,40.9357223510742,991.373677614902
7.6,-0.0192830157592877,-0.0212900749761556,0.461220385221394,-0.0454060147269264,0.195802028670942,-9.69616593988701,0.136376483970111,-0.0642701282401063,-0.00420972471737621,-0.084148791532773,-0.0141968987856544,1.63287709053991,0.175769354476467,-0.0690473242072349,-0.00119874350259401,11.3424386782758,-5.3039135564528,-0.983745535688903,4.65339400162246,11.6600458037963,-0.373397352420747,7.14142026430008,-5.90978264170682,-2.81,0.128751873389777,0.0673026282497817,12.5808849334717,17.9116213322628,0.169725241241889,1.11051918030842,173.429992675781,18.2144521294735,83.0835463982363,-173.429992675781,1.19415426254272,12.5500001907349,5.42999982833862,16.2716464996338,40.933235168457,991.372872340425
7.625,-0.0219603895988131,-0.0319091960682777,0.461827379112496,-0.171756984811634,-0.02868655317157,-9.2798870506032,0.159699785784434,-0.0788269559706136,-0.00557242313210646,-0.0801945354851197,-0.0159283989162394,1.6329805595964,0.190786082296454,-0.0756521501277472,-0.000564864664131862,11.3390844652923,-5.33320806407282,-0.958724585182606,4.677354986091,11.6592679244447,-0.347734663303803,7.14160494242762,-5.91053262857193,-2.81,0.12807571000424,0.0664059777793848,12.5808849334717,17.9118164882399,0.169725241241889,1.11051918030842,173.429992675781,18.2144521294735,83.0835463982363,-173.429992675781,1.19415426254272,12.5500001907349,5.42999982833862,16.2719993591309,40.9307441711426,991.372067065949
7.65,-0.0230762578886577,-0.0320796354290821,0.462434367253936,-0.223411383524234,0.000614100050337685,-8.89977743932261,0.163822464837962,-0.0768160571082933,-0.00484354898763866,-0.0773264353514767,-0.0172311303814923,1.63307794369946,0.1542831876115,-0.0675127828231725,-0.000970010947285013,11.3422666838545,-5.35808030874509,-0.925327863146754,4.69665533178577,11.6642889430462,-0.313148406498599,7.14176559674159,-5.91124018489272,-2.81,0.128368442378608,0.065512618099414,12.5808849334717,17.9195997783096,0.169725385576905,1.11051920619128,173.44221496582,18.379762073865,83.4935739994218,-173.44221496582,1.19339299201965,12.5709362030029,5.42999982833862,16.2719993591309,40.9300003051758,991.368695457945
7.675,-0.0241804419262382,-0.035078673441832,0.463041355354462,-0.24354060614691,-0.12077922654547,-8.62465824557362,0.165585019620237,-0.0623547357237491,-0.00816124823807859,-0.0755821351975479,-0.0185037529986,1.63287876816964,0.125077889139297,-0.0561452413052714,-0.00910047662699557,11.3252882459012,-5.38638164392289,-0.898658659997399,4.72529216797024,11.6480131863462,-0.279734145129648,7.14192625105555,-5.9119477412135,-2.81,0.128873792070506,0.0644061738008035,12.569730758667,17.9051554968192,0.16972559151833,1.1105192431217,173.45964050293,18.615631141295,84.0786133816492,-173.45964050293,1.19230687618256,12.60080909729,5.42999982833862,16.2719993591309,40.9300003051758,991.36422846368
7.7,-0.0237008356730698,-0.0358709168889257,0.463648343500717,-0.261872827299382,-0.0124083372360324,-8.24383960689172,0.131526013566677,-0.038873975058044,-0.00566162168637419,-0.0715453806457163,-0.0198807900219629,1.63288329889903,0.120609414935833,-0.0411994458739105,-0.00505045593235949,11.3221385861857,-5.37821082139227,-0.904059098148073,4.71561232567185,11.6452123232783,-0.292107851346299,7.14208690536951,-5.91265529753429,-2.81,0.12660970189372,0.0656315912551204,12.5585765838623,17.9026890479657,0.169725797459755,1.11051928005213,173.477066040039,18.8515002087249,84.6636527638766,-173.477066040039,1.19122064113617,12.6306810379028,5.45621252059937,16.2654457092285,40.9300003051758,991.359761469415
7.725,-0.0243404119073708,-0.0381209509780994,0.46425534030442,-0.274237285974415,0.0576181096996973,-8.36508946055919,0.143843067010836,-0.0287024004177648,-0.00356531094225603,-0.0687642728420416,-0.0208791556705936,1.63277935370575,0.209728128035118,-0.0600701054634076,-0.00367358470605289,11.3143738512081,-5.37619376167903,-0.890914700296731,4.71291650133646,11.6370326072505,-0.283079777523547,7.14225068426409,-5.91335820379173,-2.81,0.12601168468407,0.0663241649883772,12.5585765838623,17.8970167347358,0.169726003401179,1.11051931698255,173.494491577148,19.0873692761549,85.2486921460251,-173.494491577148,1.19013452529907,12.6605529785156,5.46999979019165,16.261999130249,40.9300003051758,991.35529447515
7.75,-0.0249575280746302,-0.0409329918237492,0.464826815820812,-0.247223795144623,0.0784664797324207,-8.85715265941184,0.170853078974369,-0.00627819992884116,-0.00266659994922646,-0.067437123938154,-0.0199217322248573,1.63274469188952,0.143386357061125,-0.0189339636289492,-0.00845812304419566,11.3234480741629,-5.4212631516502,-0.809762046524261,4.75159986427953,11.6465238206661,-0.216948482667433,7.14241855183048,-5.91405502520601,-2.81,0.130323302927765,0.0639783074665636,12.5585765838623,17.911277441053,0.169726068527955,1.1105193286614,173.5,19.1619603486761,85.4337046003032,-173.5,1.18979096412659,12.6700000762939,5.46999979019165,16.261999130249,40.9282989501953,991.350089864528
7.775,-0.0236866440947255,-0.0447865526512034,0.465150181765305,-0.257030968716126,0.0193205509628542,-9.09753234981806,0.172896173212157,0.0187964533618987,-0.0033635821283489,-0.0599355296881319,-0.0200818538953504,1.63275356941578,0.126946435096231,0.0254497247372141,-0.00676542619216545,11.3186801258194,-5.42883678277364,-0.778395689204666,4.75398107305222,11.6421639136945,-0.224436666608005,7.14258641939686,-5.9147518466203,-2.81,0.129294205123178,0.0648842974129125,12.5556173324585,17.9063079462617,0.169726068527955,1.1105193286614,173.5,19.1619603486761,85.4337046003032,-173.5,1.18979096412659,12.6700000762939,5.46999979019165,16.261999130249,40.9258079528809,991.344544106341
7.8,-0.021776923528454,-0.0505058160927905,0.465344418439014,-0.267591737721801,0.0877502121324049,-9.41990674687394,0.175640833029082,0.0391335104292093,-0.00714680732897657,-0.0526079419860486,-0.0203170076160185,1.63246902181678,0.275482235892591,0.00792183410252564,-0.00895949537699117,11.3112729615895,-5.42058299908328,-0.745875714663598,4.74435252625638,11.6328071788965,-0.229919308627361,7.14275428696325,-5.91544866803458,-2.81,0.128395336159126,0.0667423664183076,12.5526580810547,17.8983359743052,0.169726068527955,1.1105193286614,173.5,19.1619603486761,85.4337046003032,-173.5,1.18979096412659,12.6700000762939,5.66251087188721,16.2361106872559,40.9233169555664,991.338998348155
7.825,-0.0220688406355276,-0.0580829796991101,0.465538654646493,-0.232329743632831,0.0783034638238967,-10.0547860492462,0.171582564718985,0.0612051301351699,-0.0112111564061134,-0.05235401055487,-0.0172752818752138,1.63219176218424,0.0854491643862291,0.0777524449660525,-0.0161856372872228,11.3260298035168,-5.4675884637995,-0.650957678867816,4.78859827225357,11.6463832170701,-0.168241396267119,7.142911670399,-5.91613264000997,-2.81,0.134613241838484,0.0641398548977786,12.5526580810547,17.9154582226432,0.169726068527955,1.1105193286614,173.5,19.1619603486761,85.4337046003032,-173.5,1.18979096412659,12.6700000762939,5.76000022888184,16.2229995727539,40.9208297729492,991.333452589968
7.85,-0.0192271277982782,-0.0542905036188529,0.465732891794313,-0.0820202552497106,0.136193786729131,-10.6501750137709,0.145091909586003,0.0639102497569403,-0.0116149184906526,-0.0489240337668893,-0.0163834611371889,1.63184340944433,0.138633134296829,0.0410821151346422,-0.0196494070933179,11.3175056608839,-5.42846559268526,-0.685089977077966,4.75451420901453,11.6345895933263,-0.233325915712657,7.1430597620213,-5.91680522386046,-2.81,0.131877626503725,0.0670845871895288,12.5526580810547,17.8996050019042,0.169726068527955,1.1105193286614,173.5,19.1619603486761,85.4337046003032,-173.5,1.18979096412659,12.6700000762939,5.76000022888184,16.2229995727539,40.9216575622559,991.336354616855
7.875,-0.0192181619499677,-0.0599231567245425,0.465927130312525,-0.0255028521474025,0.0888163871693962,-10.4502460546419,0.154321970992067,0.027384909151371,-0.0199317699439369,-0.0431291033026744,-0.016543620435706,1.63144377525608,0.115271303015675,0.0200976450905437,-0.0243815197879566,11.3062980281936,-5.42867516305785,-0.673914151257346,4.75703405587194,11.6217084861435,-0.252127479614478,7.1432078536436,-5.91747780771095,-2.81,0.130407421888645,0.068258317231286,12.5485491752625,17.8846188965336,0.169726068527955,1.1105193286614,173.5,19.1619603486761,85.4337046003032,-173.5,1.18979096412659,12.6700000762939,5.76000022888184,16.2229995727539,40.9241485595703,991.343480536278
7.9,-0.0198386555728246,-0.0676029437208343,0.466121365133849,-0.0703741265789901,-0.0109520845111045,-10.4463992494598,0.107909048450826,-0.0163807996193743,-0.0256657206254215,-0.0406125102921911,-0.0177860497671138,1.63070666937759,0.168734430133214,-0.0675454676703621,-0.030534981007931,11.2906882585758,-5.41040877973975,-0.67881608548089,4.74735430905525,11.602119184003,-0.257707777567418,7.14335594526589,-5.91815039156144,-2.81,0.128898230980395,0.0700595090601699,12.5444402694702,17.866585164207,0.169726068527955,1.1105193286614,173.5,19.1619603486761,85.4337046003032,-173.5,1.18979096412659,12.6700000762939,5.90791511535645,16.2122440338135,40.9266357421875,991.350606455701
7.925,-0.0217445507433149,-0.0682545738662491,0.466315602274312,-0.11973284665857,0.0342399607154484,-10.1126945756215,0.0781543947964187,-0.0490809510206434,-0.0313536250823879,-0.0407644763359798,-0.0191780061537752,1.6298391849162,0.0976808520692072,-0.0778266897354529,-0.035331501367154,11.2869567360537,-5.4125001798909,-0.680030612043361,4.75982140341785,11.5947555248154,-0.242356595767803,7.14352403998664,-5.91889119977365,-2.81,0.128447705179478,0.0702752538465259,12.5444402694702,17.8606453552102,0.169726068527955,1.1105193286614,173.5,19.1619603486761,85.4337046003032,-173.5,1.18979096412659,12.6700000762939,5.98000001907349,16.2070007324219,40.929126739502,991.357732375125
7.95,-0.0217445507433149,-0.0682545738662491,0.466509839404181,-0.146197717893171,0.0670653733122517,-9.62422339503368,0.0372114554712095,-0.0678927398091251,-0.0373149492822561,-0.0408551821372977,-0.0206037377308339,1.62897240714271,0.0019832211975631,-0.07410348602943,-0.0399843522327277,11.2883219781779,-5.41619368379119,-0.682358386494958,4.77358951386221,11.5925787101757,-0.227908035182856,7.143716310223,-5.91971446316781,-2.81,0.127862996957428,0.07039328356788,12.5444402694702,17.8595944000622,0.169726202584095,1.11051935293262,173.511306762695,19.3169769627612,85.8145319236302,-173.511306762695,1.18888783454895,12.650595664978,5.98000001907349,16.2070007324219,40.9283828735352,991.36068348986
7.975,-0.0236638954536925,-0.0653793666313188,0.466704075154975,-0.15912591952241,0.0951926796966749,-9.18391634094039,-0.0134765281840456,-0.0769870078815588,-0.0385225013170938,-0.038303208377192,-0.0232174101177513,1.62820994997635,-0.0663345000730837,-0.0679405082491036,-0.0384101467373314,11.2839900390391,-5.37888291351508,-0.728851085923192,4.74592559707798,11.5844941145111,-0.26023612690464,7.14390858045937,-5.92053772656197,-2.81,0.123423057659843,0.0732570383341326,12.5397505760193,17.851547774748,0.169726408959996,1.11051939029752,173.528747558594,19.5556209603128,86.4008055661992,-173.528747558594,1.18749749660492,12.6207227706909,5.98000001907349,16.2070007324219,40.9258918762207,991.36138240733
8,-0.0261957811551886,-0.0688706669320238,0.46689830998342,-0.148595402646547,0.105135514437537,-8.90066969853704,-0.0490658135422028,-0.0848001006989548,-0.0376895301057652,-0.0362374670803547,-0.0246363375335932,1.62800288200378,-0.0766147598624229,-0.0647605061531067,-0.0350267924368382,11.2790094366341,-5.34186090000275,-0.759011138888496,4.71159338644402,11.577830959413,-0.286962875109619,7.14410085069573,-5.92136098995613,-2.81,0.120481680502041,0.0757954572658461,12.5350608825684,17.8466951500293,0.169726615335896,1.11051942766242,173.546173095703,19.7942649578644,86.9870792086894,-173.546173095703,1.18610715866089,12.5908508300781,5.84383010864258,16.2349147796631,40.9234046936035,991.362081324801
8.025,-0.0285777142828377,-0.0639652144638606,0.467092549421514,-0.202218072408254,0.0316358856235785,-8.77600381582205,-0.0823741644421905,-0.0827767539998188,-0.0354575148775279,-0.0416529912039248,-0.0274464175055804,1.6266882812951,-0.186004064307065,-0.0473869000665227,-0.0341855977161474,11.2825355635768,-5.36009485571103,-0.74948275934348,4.74740024048503,11.5759909921793,-0.215808984459832,7.14428497646745,-5.92216035176909,-2.81,0.122044314576493,0.0743807649546564,12.5350608825684,17.8510555407354,0.169726821711796,1.11051946502732,173.563613891602,20.032908955416,87.5733528512584,-173.563613891602,1.18471682071686,12.5609788894653,5.78000020980835,16.2479991912842,40.9209136962891,991.362780242271
8.05,-0.0281058205104324,-0.0606254969304828,0.467286783323716,-0.195939040945924,-0.00732472846651389,-8.66609285590281,-0.0987243011533307,-0.075507440122715,-0.0331956744159455,-0.0415514710278573,-0.0292554145777602,1.62610877205355,-0.0571466178468376,-0.0871393971785373,-0.0318390294401754,11.278673346526,-5.3241805770614,-0.792822471029544,4.72014322836077,11.5691916271205,-0.240814750558224,7.14444972430531,-5.92290284511011,-2.81,0.118974230451969,0.0766791524714064,12.5350608825684,17.8452050662824,0.169727026988511,1.11051950211742,173.576293945312,20.2697978696257,88.1565039207006,-173.576293945312,1.18492031097412,12.5437030792236,5.78000020980835,16.2479991912842,40.9199981689453,991.363796282829
8.075,-0.030486169885138,-0.0630058463051883,0.46748102139042,-0.156724990705127,-0.0323943718176574,-8.59452396179908,-0.103090160649761,-0.0652780592702116,-0.0321346903813642,-0.0433711925091514,-0.0315976232860575,1.62535118937103,-0.0309152706256258,-0.0829592389167093,-0.0250884758882212,11.2861208951955,-5.3328265809108,-0.77424571198901,4.73737032293376,11.5731561282068,-0.185473127718179,7.14461447214317,-5.92364533845113,-2.81,0.119813440724194,0.0761626144358031,12.5322194099426,17.8555601217346,0.169727231626509,1.11051953904785,173.58625793457,20.5056669370557,88.7378405219819,-173.58625793457,1.1860499382019,12.5337448120117,5.78000020980835,16.2479991912842,40.9199981689453,991.364996597615
8.1,-0.0325489662742279,-0.0599534528873468,0.467675260368998,-0.202190892153723,0.00523917724135023,-8.49390407437935,-0.106457068177595,-0.0644592518236583,-0.0301332952056832,-0.0484055709402627,-0.0324355242207498,1.6247593285245,-0.0641342927291156,-0.0724848137925316,-0.0245766193241464,11.2891730257709,-5.34002347357414,-0.748728595598826,4.75274231918394,11.572301375399,-0.123102146037948,7.14477921998103,-5.92438783179215,-2.81,0.122816408846179,0.0751334749483702,12.5293779373169,17.8626815967099,0.169727436264507,1.11051957597827,173.596221923828,20.7415360059038,89.3191771234209,-173.596221923828,1.18717956542969,12.5237874984741,5.82825517654419,16.2383480072021,40.9199981689453,991.3661969124
8.125,-0.0320897434092954,-0.0512517993199556,0.467869493684131,-0.245951207711479,-0.0534485586705767,-8.39638581194316,-0.100813717691541,-0.0613018287978648,-0.025292116828208,-0.0507319700380399,-0.0341024172966884,1.62446093109406,-0.170422645591936,-0.027946017262574,-0.0168678619795481,11.2788202814555,-5.31783335231976,-0.784382741814744,4.73749404383672,11.5605338846639,-0.128845939876895,7.14496366857625,-5.92520040070229,-2.81,0.12115929170264,0.0761796604091005,12.5293779373169,17.8531622013186,0.169727640902505,1.1105196129087,173.606170654297,20.9774050733338,89.9005137247022,-173.606170654297,1.18830919265747,12.5138292312622,5.84999990463257,16.2339992523193,40.9199981689453,991.367397227186
8.15,-0.0325674007903837,-0.0498248808072883,0.468063732801461,-0.27739315103159,0.00148658225441206,-8.37753890780643,-0.111470349994391,-0.0493914913624683,-0.0187086980514157,-0.0535722168739558,-0.0347483631599326,1.62406806327822,-0.0654576474279144,-0.0673666114979964,-0.0177921628965841,11.2736944500639,-5.30090956575349,-0.795482633216971,4.72746324946743,11.5527340786067,-0.118523969656807,7.14519172351886,-5.92616807733518,-2.81,0.121413409841037,0.0768375452328396,12.5293779373169,17.8494110483551,0.169727719609427,1.11051962711271,173.610000610352,21.0681239452041,90.1241047252374,-173.610000610352,1.18874371051788,12.5100002288818,5.84999990463257,16.2339992523193,40.9199981689453,991.366325475815
8.175,-0.0339936524270311,-0.0483986291706409,0.468257969004151,-0.275624939736552,-0.0172732837305941,-8.29141376859575,-0.0994156965890388,-0.0312756930761119,-0.0122155147556373,-0.0552607996949243,-0.0362168247896814,1.62377074637768,-0.0105961918041207,-0.0613262805902111,-0.0104105707053892,11.2809716272941,-5.32246811751537,-0.772308729367733,4.75163863529482,11.5586635977848,-0.068371076187125,7.14541977846147,-5.92713575396807,-2.81,0.12275036528847,0.0754424340652844,12.526207447052,17.8605681960857,0.169727719609427,1.11051962711271,173.610000610352,21.0681239452041,90.1241047252374,-173.610000610352,1.18874371051788,12.5100002288818,5.84999990463257,16.2339992523193,40.9199981689453,991.363833683095
8.2,-0.0351109390413984,-0.0472813425562736,0.468452207066871,-0.314381005565298,-0.0540828845898177,-8.31142863952495,-0.0977918787490277,-0.0139659833770362,-0.00655617058106962,-0.0617294195676726,-0.035447422802914,1.62368078944423,-0.123500653978101,-0.00459883903153518,-0.00836135283502479,11.2909437188428,-5.34021490865585,-0.735951437060355,4.77070828347992,11.566557404267,-0.00470511968634779,7.14564520567927,-5.92809362798938,-2.81,0.127390086414029,0.0733243535092456,12.5230369567871,17.8765997742962,0.169727719609427,1.11051962711271,173.610000610352,21.0681239452041,90.1241047252374,-173.610000610352,1.18874371051788,12.5100002288818,5.81510639190674,16.2339992523193,40.9199981689453,991.361341890376
8.225,-0.0325860759426066,-0.0380925103137421,0.468646441432072,-0.333748779852157,-0.0571577486419973,-8.46018411034345,-0.086310499712044,0.00889119032649887,-0.00139263508630102,-0.0596165850367179,-0.0364665164169571,1.62391256589596,-0.104425314909842,0.0227835066093354,0.00245623590387072,11.285830277095,-5.31638666845692,-0.773365669820291,4.74580861043892,11.5631932377,-0.0434682860091143,7.14579888766888,-5.92878385959859,-2.81,0.124155614767994,0.0749849702696972,12.5230369567871,17.8712874138305,0.169727719609427,1.11051962711271,173.610000610352,21.0681239452041,90.1241047252374,-173.610000610352,1.18874371051788,12.5100002288818,5.80000019073486,16.2339992523193,40.9199981689453,991.358850097656
8.25,-0.0325856224486177,-0.0383774107756627,0.468840677642072,-0.329435254166631,-0.0127221599121659,-8.58385790202915,-0.0831554428570717,0.0306698548278122,0.002066565990385,-0.0653914113554087,-0.0349404127967189,1.62372729605099,-0.010553136105596,-0.00332435060445524,-0.00302215300604859,11.2826061903975,-5.32752461998565,-0.72779984541793,4.75892937435268,11.556891482795,0.0162512757758239,7.14595256965848,-5.92947409120781,-2.81,0.129430631620007,0.0734154324578192,12.5230369567871,17.873403620923,0.169727842042417,1.11051964946777,173.617446899414,21.2109024050231,90.4719129481959,-173.617446899414,1.18718409538269,12.5114898681641,5.80000019073486,16.2339992523193,40.9199981689453,991.357976385888
8.275,-0.0325896347142577,-0.0358567680282787,0.468979655641075,-0.267405398050687,0.160170350981077,-8.94485230341393,-0.073464718208396,0.0567154775990717,0.00307824214545381,-0.0659365619581651,-0.0341012601099334,1.62385035162893,0.025509491762463,0.0174313333173983,0.00182830933615609,11.2960868161173,-5.34653933944984,-0.708605125116868,4.77472322805312,11.5710961464002,0.0305541345792558,7.14610625164808,-5.93016432281703,-2.81,0.130897865643816,0.0721399249429206,12.5200967788696,17.8881615390586,0.169728046680416,1.11051968683267,173.629898071289,21.4495464025747,91.0532495495561,-173.629898071289,1.18457722663879,12.5139789581299,5.80000019073486,16.2339992523193,40.9199981689453,991.3581890999
8.3,-0.0313033206109422,-0.0358328445877193,0.469,-0.197732277780756,0.198164543135004,-9.30943718380022,-0.0544903803746195,0.0785303480330377,0.00477050259265718,-0.0691114482100536,-0.0314694367058971,1.62403902921324,-0.107163974511862,0.0889777765674599,0.00176814120980737,11.3039342574309,-5.37825108008656,-0.651231284989208,4.80098096271194,11.5789976627251,0.0775337707305508,7.14625993363769,-5.93085455442624,-2.81,0.136154217522364,0.0696468867835607,12.5171566009521,17.9006455021895,0.169728251318414,1.11051972419757,173.642349243164,21.6881904001264,91.6345861509162,-173.642349243164,1.1819703578949,12.5164680480957,5.80000019073486,16.2396507263184,40.9199981689453,991.358401813913
8.325,-0.0273668901475409,-0.0303290530005547,0.469,-0.0986775902324702,0.220499886634509,-9.70218443287576,-0.0429208327883156,0.0784469056552646,0.00564319848526748,-0.0656345786977595,-0.031261338839081,1.62424089340664,0.0314425512389518,0.0559074746184979,0.00858654006505004,11.2841310599539,-5.34652726728295,-0.683970925943024,4.76914569993831,11.5602591196397,0.0210286732588344,7.14639728036546,-5.93144739771538,-2.81,0.133260399267252,0.072041176537199,12.5171566009521,17.878082819887,0.169728455956412,1.11051976156247,173.65478515625,21.926834397678,92.2159227521975,-173.65478515625,1.179363489151,12.5189571380615,5.80000019073486,16.242000579834,40.9199981689453,991.358614527926
8.35,-0.0278255354517519,-0.0310662800423426,0.469,-0.0625050004075197,0.12552967337771,-10.0062613604132,-0.0357145799133228,0.0626427261885061,0.00430789680803365,-0.0714418006105424,-0.0281773957786898,1.62431534421451,-0.0205904848079528,0.0463807775432677,0.00250140507137563,11.2885190194254,-5.39169989479347,-0.615372331668184,4.81014178886542,11.564357016063,0.0891924328204428,7.146534210803,-5.93203775914615,-2.81,0.140313692652687,0.0683699206467309,12.5171566009521,17.8882049530347,0.169728541659505,1.11051977721102,173.660003662109,22.0267793196931,92.4593885083079,-173.660003662109,1.17827177047729,12.5200004577637,5.80000019073486,16.242000579834,40.9185485839844,991.360628688082
8.375,-0.026888544986952,-0.0276119789004488,0.469049895709865,-0.0637722345639843,0.110839047342829,-10.1552108005016,-0.0416945406368725,0.0498553432212979,0.00302623426259047,-0.0714796142144669,-0.0273688269042237,1.62446933517164,0.0240984083615659,0.0244847694684224,0.00237388930903662,11.2857367114523,-5.3822452470473,-0.633146766461523,4.80033906031961,11.5624486234987,0.0617946793002733,7.14667114124054,-5.93262812057693,-2.81,0.139646421212618,0.0688412317535478,12.5214061737061,17.8837968338692,0.169728541659505,1.11051977721102,173.660003662109,22.0267793196931,92.4593885083079,-173.660003662109,1.17827177047729,12.5200004577637,5.80000019073486,16.242000579834,40.9160614013672,991.363940949136
8.4,-0.0262428506285377,-0.0282315935174752,0.469271181450308,-0.0291810082612168,0.0904802640186446,-10.0560283581058,-0.0215813875733203,0.0418638443093368,-0.00112420214327792,-0.0720143064097498,-0.0259615845573377,1.62466047180471,-0.0936484437406846,0.0656799416670947,0.000464209999728301,11.2831300812479,-5.4124503321352,-0.608854555274384,4.82677505897373,11.5616151578084,0.0751290255107927,7.14680807167808,-5.93321848200771,-2.81,0.141715285496873,0.0669630889153791,12.52565574646,17.8822740936024,0.169728541659505,1.11051977721102,173.660003662109,22.0267793196931,92.4593885083079,-173.660003662109,1.17827177047729,12.5200004577637,5.90008497238159,16.2377109527588,40.91357421875,991.367253210189
8.425,-0.0245150415196678,-0.0249142536931383,0.469526756064582,-0.0696757402383499,0.0511066111607763,-9.90115419194588,-0.00897856348375096,0.0310549293325441,-0.00410048929850716,-0.0702614298301533,-0.025834677786001,1.62471915604295,-0.053181992902778,0.0534261288911141,0.00026322518983131,11.2769537713636,-5.41125394367514,-0.6181503706587,4.82547283114814,11.5561797790463,0.0546475559353772,7.14694500211562,-5.93380884343849,-2.81,0.140641975468195,0.0673486507172723,12.52565574646,17.8744270027028,0.169728541659505,1.11051977721102,173.660003662109,22.0267793196931,92.4593885083079,-173.660003662109,1.17827177047729,12.5200004577637,5.94000005722046,16.2360000610352,40.9110832214355,991.370565471243
8.45,-0.0249888554997858,-0.0244404397130203,0.469782329453862,-0.0759231561306076,0.124054956809802,-9.92487107134609,0.0127294042061721,0.016303195348108,-0.00573117078204772,-0.0680453731694693,-0.0260045780884674,1.6247500401283,0.0343277880870495,0.0243169179473772,0.000573571383181309,11.2692040622346,-5.40316403398279,-0.634732575335261,4.81802253228997,11.5489369695308,0.0272207412391807,7.14711119339396,-5.93453861481971,-2.81,0.138894348430955,0.0682265560296421,12.52565574646,17.8646688755874,0.169728656851236,1.11051979853375,173.660003662109,22.1629643565074,92.7866257263082,-173.660003662109,1.17834520339966,12.5242128372192,5.94000005722046,16.2360000610352,40.9099998474121,991.372009277344
8.475,-0.0259369950366454,-0.0311506749831298,0.470037904689234,-0.0920818003704703,0.0938974620553107,-10.0680850393662,0.0274094718268283,0.016795507425327,-0.00776880363495428,-0.0693853046364544,-0.024800235311813,1.62465813437149,0.0692142170326225,0.0103216718657288,-0.00406575094932251,11.2661938419439,-5.42869717521669,-0.612429500637273,4.84352802068628,11.5460456587651,0.0448615230372529,7.14732700491017,-5.93550479618475,-2.81,0.14110032560443,0.0665810384832146,12.5171852111816,17.8623159300351,0.169728861054758,1.11051983633312,173.660003662109,22.4043832841806,93.3667280673267,-173.660003662109,1.17847561836243,12.531681060791,6.14195728302002,16.2201328277588,40.9099998474121,991.372009277344
8.5,-0.0243420335030037,-0.0276432772638457,0.470293482334806,-0.0879033849695019,0.120097219382687,-10.1835114689522,0.0446785812281189,0.0408734473852872,-0.00910026803624532,-0.0671969403904094,-0.0237428845173184,1.6245949271373,0.00276092636096534,0.0637371270355118,-0.00906726391900791,11.2725216386946,-5.45611931569108,-0.596663513428216,4.86966051384743,11.5533500083456,0.0387233093682894,7.14754281642637,-5.9364709775498,-2.81,0.14151427540406,0.0654167643171896,12.5087146759033,17.8661078692705,0.16972906525828,1.1105198741325,173.660003662109,22.6458022118539,93.9468304083452,-173.660003662109,1.17860591411591,12.5391492843628,6.21999979019165,16.2140007019043,40.9099998474121,991.372009277344
8.525,-0.0235563437905599,-0.0331827256058915,0.470549052698579,-0.0480849606780704,0.126315215937269,-10.3137586453104,0.0601875725381837,0.0415242837667491,-0.00920225082800147,-0.0665587199956322,-0.0233801859644008,1.62420341506071,0.162843344193731,-0.00763095026079225,-0.0126073098380921,11.2637262882748,-5.44303025554059,-0.594506448857181,4.86131757023221,11.5420145608192,0.0322108184689249,7.14774253159916,-5.9373498276627,-2.81,0.141630788620345,0.0664382432721336,12.5087146759033,17.8559256513325,0.169729269461803,1.11051991193187,173.660003662109,22.8872211395271,94.5269327494426,-173.660003662109,1.17873632907867,12.5466175079346,6.21999979019165,16.2140007019043,40.9099998474121,991.372009277344
8.55,-0.0246525626655369,-0.0342789444808685,0.470804629135954,-0.0198862173108207,0.138504167591494,-10.3184606178896,0.0726083295577818,0.0124914250823274,-0.0120238582643657,-0.0636673111121707,-0.0239525373967226,1.62387737581501,0.177156669315706,-0.0366604717603903,-0.0151314481070453,11.2634418701258,-5.46896877260304,-0.571864966325479,4.88882800073381,11.541183477934,0.0470791357594417,7.14792343436868,-5.93812661044938,-2.81,0.141632131166183,0.0656256763751583,12.5087146759033,17.8547667173818,0.169729361964253,1.11051992905467,173.660003662109,22.9965818508868,94.7897141517391,-173.660003662109,1.178795337677,12.5500001907349,6.21999979019165,16.2140007019043,40.9099998474121,991.369831750748
8.575,-0.0257704259151607,-0.0382784141615785,0.471060203750228,-0.0196730426431206,0.163780684992029,-10.1845863563136,0.0865651162620698,-0.0168395520890461,-0.0145664406230553,-0.0619940608739853,-0.0242837555706501,1.62368869781494,0.185439750552177,-0.0534597747027874,-0.0165921598672867,11.2612834425588,-5.48806724155974,-0.564507577565338,4.90931962768979,11.5390695999683,0.0500917850067484,7.14810433713819,-5.93890339323606,-2.81,0.141325578206811,0.0649372357153808,12.513379573822,17.8513815136281,0.169729361964253,1.11051992905467,173.660003662109,22.9965818508868,94.7897141517391,-173.660003662109,1.178795337677,12.5500001907349,6.21999979019165,16.2140007019043,40.9099998474121,991.36585095994
8.6,-0.0262245444256234,-0.0396465802319892,0.471315778364502,-0.0016475936518838,0.126685472672337,-9.96247170750875,0.0898833162331072,-0.0217401865802809,-0.0210178963711581,-0.0649481199425987,-0.0229441505980597,1.62332035736828,0.0406658306983062,-0.0235506877269626,-0.0226914394188213,11.2623211440615,-5.49104098003245,-0.569286439521902,4.91743440179286,11.538290624728,0.0467333924711488,7.14828523990771,-5.93968017602274,-2.81,0.142668707315275,0.0643712398346127,12.5180444717407,17.8498483032622,0.169729361964253,1.11051992905467,173.660003662109,22.9965818508868,94.7897141517391,-173.660003662109,1.178795337677,12.5500001907349,6.3297872543335,16.2000923156738,40.9099998474121,991.361870169132
8.625,-0.0246610170993969,-0.0352618479800729,0.471571352978776,-0.0534049246416528,0.133300667505803,-9.68148658260207,0.0922235695327626,-0.0202344802871975,-0.0294559070644169,-0.0602886403493731,-0.024290802199111,1.62252985895862,0.0987690693157418,-0.029560263654002,-0.0286795819409044,11.2582324676311,-5.46372422117853,-0.581503425953905,4.89917890434608,11.529777833135,0.0222727742271592,7.1484704805982,-5.94050217177123,-2.81,0.139854864046487,0.0670625652967855,12.5180444717407,17.8407333120714,0.169729361964253,1.11051992905467,173.660003662109,22.9965818508868,94.7897141517391,-173.660003662109,1.178795337677,12.5500001907349,6.36999988555908,16.1949996948242,40.9099998474121,991.357889378324
8.65,-0.0255995031701751,-0.0396845052491376,0.47182692759305,-0.0824620627721675,0.0833403527962061,-9.39218095343747,0.10047780559413,-0.0186284634815207,-0.0351179450427466,-0.0572488389138591,-0.0251099688601915,1.62166194085761,0.15228903685909,-0.0482616317295226,-0.0336660630326486,11.2627647108137,-5.46276821010561,-0.574604236965649,4.90680661223496,11.5301626479612,0.0217637156036199,7.14866186072486,-5.94138815718068,-2.81,0.138833751440012,0.0679679433175335,12.5180444717407,17.8409609671913,0.169729469944432,1.11051994931534,173.657363891602,23.1259837254966,95.0964647586603,-173.657363891602,1.17794346809387,12.5526390075684,6.36999988555908,16.1949996948242,40.9099998474121,991.356074426529
8.675,-0.0270287156295298,-0.0455848910263547,0.472082500373718,-0.114492925086181,-0.0182807139241283,-9.17956875964991,0.103486677153361,-0.0159679785701828,-0.0380754351864217,-0.0534390005349444,-0.0257396385568399,1.62090579250235,0.0842894320173426,-0.0147484662618672,-0.0386008575585312,11.2689337676073,-5.46647189833541,-0.551725172776781,4.91665837261827,11.5326095724904,0.0311582372955446,7.14885324085151,-5.94227414259013,-2.81,0.138461008201649,0.0686806645527351,12.5242199897766,17.8445071356624,0.169729673713479,1.11051998754919,173.652404785156,23.3701775832915,95.6753328393371,-173.652404785156,1.17633593082428,12.5576171875,6.36999988555908,16.1949996948242,40.9099998474121,991.356180783536
8.7,-0.0256025130614987,-0.0479668549742136,0.472338074384249,-0.120809218034199,0.0531921928764122,-9.11623860655973,0.105273480542202,-0.0066289340514435,-0.0384976605778709,-0.0488248451298594,-0.0272484307266413,1.61986956788389,0.184831252353141,-0.0416504311118651,-0.0412749709392901,11.2689159762864,-5.43100436554559,-0.543837391453899,4.89156540345231,11.5261347284874,0.0289988280365502,7.14904216855794,-5.94314608123622,-2.81,0.136690987643823,0.0718595236771418,12.5303955078125,17.8418577423866,0.169729877482526,1.11052002578304,173.647399902344,23.6143714396682,96.2542009200928,-173.647399902344,1.17472839355469,12.5625953674316,6.46625518798828,16.2201747894287,40.9099998474121,991.356287140542
8.725,-0.0279404890612766,-0.0541009169800164,0.472593649613378,-0.137981890492815,0.114557870905224,-9.28916413869978,0.106573596425911,0.01036275717391,-0.044434892027637,-0.0497274861659692,-0.0255714351934676,1.61877712639802,0.0296122340095607,0.0269755287559327,-0.0514848702204588,11.287207837345,-5.46463600177,-0.490150212965755,4.93448373359232,11.5390388884015,0.0707562110716976,7.14920090984388,-5.94384512067758,-2.81,0.140580870630746,0.0701233063877694,12.5303955078125,17.8565103475826,0.169730081251573,1.11052006401689,173.642425537109,23.8585652988813,96.8330690008485,-173.642425537109,1.1731208562851,12.5675735473633,6.5,16.2290000915527,40.9099998474121,991.356393497548
8.75,-0.026531509714069,-0.0565333559381279,0.472849224826195,-0.00919162817639789,0.139446798023307,-9.48759234543524,0.0910611814907813,0.0246520171641873,-0.0505424565171462,-0.0452048305120335,-0.0268174801313086,1.61811442307496,0.137135373577575,0.00432356484667598,-0.0487839724974846,11.2899476304972,-5.41902542995288,-0.518199898357319,4.89664775370714,11.5377304312195,0.0300419228431754,7.14935965112981,-5.94454416011895,-2.81,0.136889966306992,0.0737085899918041,12.5303955078125,17.8541444461295,0.169730180523673,1.11052008264364,173.639999389648,23.9775315373669,97.1150816555312,-173.639999389648,1.17233765125275,12.5699996948242,6.5,16.2290000915527,40.9099998474121,991.356398562168
8.775,-0.0274698956603014,-0.0612614217806139,0.47308885478262,-0.00135715519180341,0.0493499355466232,-9.45673176422585,0.0790719711352286,0.0238217189657139,-0.0555810426047608,-0.0414364995895904,-0.0265784708397119,1.6167238951162,0.118302237034071,0.0184001094604465,-0.0489358689579752,11.2992435586556,-5.42259510932545,-0.478107813563835,4.91312203260978,11.5397150825066,0.0473022847783279,7.14951839241575,-5.94524319956031,-2.81,0.137826601007488,0.0746077726014263,12.5314435958862,17.8574749376941,0.169730180523673,1.11052008264364,173.639999389648,23.9775315373669,97.1150816555312,-173.639999389648,1.17233765125275,12.5699996948242,6.5,16.2290000915527,40.9099998474121,991.356307399019
8.8,-0.0261911849973477,-0.0625056627650163,0.473311230978191,-0.0298753093617104,-0.0503784041856275,-9.36104083685428,0.0590048506413123,0.0177751591663112,-0.0576793656255834,-0.0440138583919779,-0.0243009274715817,1.61501707722736,0.0536648108495903,0.0103485744251468,-0.0543893416841269,11.3044221908748,-5.40669944606669,-0.43191986175062,4.91538115434664,11.5343556763097,0.0811293811847331,7.14967713370168,-5.94594223900168,-2.81,0.142298557943916,0.0756436385362546,12.53249168396,17.8580940424825,0.169730180523673,1.11052008264364,173.639999389648,23.9775315373669,97.1150816555312,-173.639999389648,1.17233765125275,12.5699996948242,6.67225551605225,16.202787399292,40.9099998474121,991.356216235871
8.825,-0.0250965990196226,-0.0585904394146256,0.473531954429226,-0.100680270464817,-0.0900900246468045,-9.2515494768621,0.0212257630710253,0.0239077684055096,-0.0546774546503411,-0.0393367890868461,-0.0250304935477372,1.61391329825407,-0.00927032144118736,0.0410850513497598,-0.0494079884807899,11.3219607187135,-5.37714178728475,-0.436477586279446,4.89703078868905,11.5458476392632,0.0587600674815104,7.14984935761997,-5.94671109257958,-2.81,0.139955504843343,0.0784341006134398,12.53249168396,17.8688160440547,0.169730180523673,1.11052008264364,173.639999389648,23.9775315373669,97.1150816555312,-173.639999389648,1.17233765125275,12.5699996948242,6.73000001907349,16.1940002441406,40.9099998474121,991.356125072723
8.85,-0.0255641423757149,-0.0618993678965518,0.47375267999601,-0.0678651029601928,0.00100506968585332,-9.22842215389702,-0.00523961488133266,0.0365693681018565,-0.0530508613201677,-0.0408480857497992,-0.0236661708460337,1.61273817400232,-0.0697944587253892,0.0689249357097699,-0.0512418269325929,11.3212381123965,-5.3661119285869,-0.42782752515554,4.89960799822558,11.5385836238816,0.0596274886082596,7.15003683040644,-5.94755890600294,-2.81,0.141602054716087,0.079233642130902,12.53249168396,17.8623730905925,0.169730281322007,1.11052010181255,173.63752746582,24.0999605091546,97.4014300451732,-173.63752746582,1.17134690284729,12.5601272583008,6.73000001907349,16.1940002441406,40.9099998474121,991.357555373172
8.875,-0.023652577516767,-0.0580670807516104,0.473973405541262,-0.0160648773481867,0.0418378837059673,-9.6008163305525,-0.0269859661768054,0.0515756866111686,-0.0520545441191372,-0.042795255349324,-0.0224213319472015,1.61142010413483,-0.0197636157291603,0.0470387968330144,-0.0504785955075499,11.3291139311254,-5.34015331462018,-0.41776298115837,4.88855910743098,11.5385586033472,0.065123012611818,7.15022430319292,-5.9484067194263,-2.81,0.14339052374886,0.0808057486361591,12.5230312347412,17.8654811856623,0.169730484656578,1.11052014048088,173.632537841797,24.3469292970711,97.9790638655084,-173.632537841797,1.16934823989868,12.5402126312256,6.73000001907349,16.1940002441406,40.9099998474121,991.360533369348
8.9,-0.0236664741543553,-0.0574580002746678,0.47419412898786,-0.00708549428141431,0.0521133064322825,-9.96334170774661,-0.0405509247753997,0.0514434027471023,-0.0515125532518481,-0.0446939756483962,-0.0212187485548362,1.61026636361683,-0.00335758929547229,0.0244728441116499,-0.0477366167881733,11.3381762889298,-5.33080444155819,-0.402372253560032,4.8918585086886,11.5411196242084,0.0768058207699319,7.1504117759794,-5.94925453284966,-2.81,0.145417961431676,0.0813846761898246,12.5135707855225,17.8703077439059,0.16973068799115,1.11052017914921,173.627563476562,24.5938980864058,98.5566976860013,-173.627563476562,1.16734969615936,12.5202980041504,6.61638307571411,16.2106647491455,40.9099998474121,991.363511365525
8.925,-0.0236664741543553,-0.0574580002746678,0.474414849807295,0.00401028758197603,-0.0173967523955424,-10.1164832279474,-0.0367430020892572,0.0377427898163208,-0.0471746334296048,-0.0462818404500928,-0.0199587361976801,1.60928883197623,-0.0764712966606474,0.0342651151110867,-0.0457124470349778,11.3401627929188,-5.34340700626265,-0.380817325817155,4.91491806890925,11.5382501088718,0.0931517103900583,7.15059564757896,-5.95009024636988,-2.81,0.147735068975388,0.0807495568615361,12.5135707855225,17.8680886630351,0.169730891325721,1.11052021781753,173.622589111328,24.8408668743223,99.1343315063366,-173.622589111328,1.16535115242004,12.5003824234009,6.57999992370605,16.2159996032715,40.9099998474121,991.366489361702
8.95,-0.0223902355003122,-0.0542566958146417,0.474635572739334,0.0139828418690707,-0.064569159183253,-10.0356160880811,-0.0367972772279929,0.0135554122182812,-0.0418459979160821,-0.0462699566342746,-0.0196904881051793,1.6083554546966,-0.0858990508336601,0.0233260510263844,-0.0420043442499742,11.3385594010786,-5.3315470593939,-0.385128422989727,4.91409988571105,11.5317395597488,0.0851603187673891,7.15076411452607,-5.95087420062116,-2.81,0.147672029230077,0.0817772465270735,12.5135707855225,17.8613102553565,0.169730997337762,1.11052023797794,173.619995117188,24.9696283791335,99.4354910196052,-173.619995117188,1.16430914402008,12.4899997711182,6.57999992370605,16.2159996032715,40.908805847168,991.367140230219
8.975,-0.0235270654760574,-0.0554237026402362,0.47485629724042,0.0361516773479642,-0.00652341461932193,-10.0925346704899,-0.0369354694889559,-0.00504951737133774,-0.0371937846517008,-0.046509700643057,-0.0204466393091457,1.60749251067351,-0.0293988610711236,-0.0175522243554051,-0.0381712954052074,11.3359449459457,-5.29801281849292,-0.418628255363573,4.89223633890441,11.5243337029742,0.0599463544568264,7.15093258147318,-5.95165815487245,-2.81,0.145704526625897,0.0839781546200908,12.519935131073,17.8535316452845,0.169730997337762,1.11052023797794,173.619995117188,24.9696283791335,99.4354910196052,-173.619995117188,1.16430914402008,12.4899997711182,6.53417015075684,16.2274570465088,40.9063186645508,991.365256191822
9,-0.0230531171609703,-0.0479675326694962,0.475077020691455,0.0653838174115462,0.0709050349478445,-10.040054082638,-0.0426167235730752,-0.0169619647456282,-0.0344833188265091,-0.0454648721678597,-0.0217633723117,1.60670905382753,-0.0132058246999152,-0.0201002334841742,-0.0327814150478753,11.3372281559875,-5.28654492827641,-0.445504691745774,4.89078478809019,11.5220325872393,0.0419902982728868,7.15110104842029,-5.95244210912373,-2.81,0.143372439637048,0.0851205293577282,12.5262994766235,17.8493737753454,0.169730997337762,1.11052023797794,173.619995117188,24.9696283791335,99.4354910196052,-173.619995117188,1.16430914402008,12.4899997711182,6.51999998092651,16.2310009002686,40.9038314819336,991.363372153424
9.025,-0.0243085783079438,-0.0529400252708418,0.475297744142491,0.023293951955311,-0.041728742625335,-9.83244054598367,-0.0398759381573196,-0.0265688949262555,-0.035479836937778,-0.0506716843402712,-0.0209082615312394,1.60593111167539,-0.02786760289863,-0.0421612486015532,-0.0324366516482071,11.3379058750713,-5.29823417250332,-0.428586102780909,4.91155936555239,11.518405963126,0.0773931097305228,7.15127551120851,-5.95325324328405,-2.81,0.146649635028318,0.083845803213496,12.5262994766235,17.8497126813897,0.169730997337762,1.11052023797794,173.619995117188,24.9696283791335,99.4354910196052,-173.619995117188,1.16430914402008,12.4899997711182,6.51999998092651,16.2310009002686,40.9013404846191,991.361488115027
9.05,-0.0245526225176142,-0.0486445209641495,0.475518466536219,-0.0340026070232091,-0.0850056278104404,-9.54774060143696,-0.0572008667981704,-0.040598269946422,-0.0316838700771332,-0.0482861386874847,-0.0223872183044581,1.60572859368279,-0.0713540779802532,-0.0220326993239292,-0.0290998569792645,11.3359435636603,-5.28672275215362,-0.449966118735559,4.90308239589227,11.5157180053006,0.0595423053600994,7.15145901056577,-5.95410534135914,-2.81,0.144036217922488,0.0850193766176189,12.5262994766235,17.8461255797207,0.16973109098396,1.11052025582486,173.613098144531,25.0836139735565,99.7015215858471,-173.613098144531,1.16424906253815,12.5014886856079,6.51999998092651,16.2310009002686,40.9000015258789,991.359933666473
9.075,-0.0259084208333916,-0.0479215967874745,0.475739190522951,-0.0560097826756658,-0.115581032296541,-9.31690194708745,-0.0753965717025224,-0.0437194812263345,-0.0273380056640298,-0.0527794061261777,-0.0234792764410557,1.604808759447,-0.11511368079209,-0.0343586808528399,-0.0278560492974609,11.3383957764236,-5.27772138926018,-0.476434036604974,4.9068202477568,11.5134234160874,0.0689023570429173,7.15164250992303,-5.95495743943424,-2.81,0.143908060691298,0.0851134581416197,12.5377988815308,17.8457736028354,0.169731293884056,1.11052029449319,173.598159790039,25.330582761473,100.277921145998,-173.598159790039,1.16411864757538,12.5263824462891,6.51999998092651,16.2310009002686,40.9000015258789,991.358763739403
9.1,-0.0256479386217886,-0.0455648935978493,0.475959916595919,-0.0354196308696762,0.00759302152881311,-9.31428807646305,-0.10100843503997,-0.0315870129529742,-0.0218351845489999,-0.0543497615205448,-0.0248021876577956,1.6043359255602,-0.0627917759704308,-0.0524208697933628,-0.0236857987424249,11.3421279720834,-5.2555052652166,-0.517418276703955,4.89247128256702,11.514909017006,0.0501924320401773,7.15182488127255,-5.95580314123758,-2.81,0.141734064682816,0.086288016886169,12.549298286438,17.8468810369903,0.169731496784152,1.11052033316152,173.583221435547,25.5775515508077,100.854320706071,-173.583221435547,1.1639883518219,12.5512771606445,6.58970212936401,16.2186088562012,40.9000015258789,991.357593812334
9.125,-0.0276640540092902,-0.0439835278019038,0.476180637415187,-0.0590425073274571,0.00465057354123855,-9.35363295397091,-0.0949992547162117,-0.0241641901127805,-0.0247154845500482,-0.0574482643796886,-0.0245791583514653,1.60399294218645,-0.190779665825689,0.0259365189896022,-0.0208900859903435,11.3475177109165,-5.29056474068469,-0.49264056277331,4.93052740024401,11.5187051614326,0.090879912293303,7.1519780009657,-5.95648297401628,-2.81,0.144345889157812,0.0838795180970083,12.549298286438,17.8530710917289,0.169731699684248,1.11052037182984,173.568298339844,25.8245203387242,101.430720266301,-173.568298339844,1.16385805606842,12.5761699676514,6.6100001335144,16.2150001525879,40.9000015258789,991.356423885264
9.15,-0.0262344287445605,-0.0396763596606786,0.476401360348748,-0.0226956506507291,0.0191753048621827,-9.39676560591681,-0.108691889254363,-0.00449270656954184,-0.0173629456295298,-0.0573711335086368,-0.0256949219758001,1.6037597243546,-0.0671454664670974,-0.0151472581897505,-0.0148151704784864,11.3444502745616,-5.25521902093863,-0.533567259128352,4.90034414770949,11.5144074250701,0.0601821696898329,7.15213112065885,-5.95716280679498,-2.81,0.141665943170118,0.0860132186869176,12.549298286438,17.8483684583702,0.169731812406523,1.11052039331225,173.559997558594,25.9617252209,101.750942244119,-173.559997558594,1.16378557682037,12.5900001525879,6.6100001335144,16.2150001525879,40.9000015258789,991.357489143534
9.175,-0.0276637957491419,-0.0420626935846556,0.476622084848702,-0.043272096255661,0.0304155812560015,-9.42633530489669,-0.0775242074465817,0.00479977885631225,-0.0133525853891988,-0.0589212260888707,-0.0261257877627453,1.60351926455495,0.00688634814635314,-0.0264497893583025,-0.00862163561025839,11.3501328911424,-5.2791310347712,-0.5120947691603,4.92590035881552,11.5188205611551,0.0962326161539012,7.15228424035199,-5.95784263957368,-2.81,0.143256583993412,0.084466313570732,12.5492677688599,17.8559998274773,0.169731812406523,1.11052039331225,173.559997558594,25.9617252209,101.750942244119,-173.559997558594,1.16378557682037,12.5900001525879,6.6100001335144,16.2150001525879,40.9000015258789,991.361348383477
9.2,-0.0281324465721314,-0.0402833176606368,0.476842770439198,-0.0173106821356088,0.0301316834635834,-9.64935883239603,-0.0574517419823734,0.0050574409036213,-0.00593507955566963,-0.063153662682707,-0.0249125749449042,1.60335117220452,-0.0412578224370037,-0.00774582833724258,-0.00728010788437482,11.3536881570629,-5.3070123743991,-0.489241579732034,4.95492488379836,11.5213676360117,0.129536191746156,7.15243736004514,-5.95852247235238,-2.81,0.146549880311903,0.0821854978567765,12.5492372512817,17.8610327894646,0.169731812406523,1.11052039331225,173.559997558594,25.9617252209,101.750942244119,-173.559997558594,1.16378557682037,12.5900001525879,6.73527669906616,16.2048206329346,40.9000015258789,991.365207623421
9.225,-0.0262465563394008,-0.0320573890539462,0.477,0.00851367772625277,0.147895320794905,-9.77948486451344,-0.039658441112823,0.00103167672284519,-0.00241385530816338,-0.0640514753764096,-0.0247648641022443,1.60337874776863,-0.0598196761289428,0.00109061929084016,-0.00440272968035065,11.3526362616691,-5.31273754158859,-0.496983728328198,4.96097986537874,11.5207427087875,0.125256995889254,7.15259388191968,-5.95923673222844,-2.81,0.146511743191676,0.0817087555534845,12.5492372512817,17.8596916795267,0.169731812406523,1.11052039331225,173.559997558594,25.9617252209,101.750942244119,-173.559997558594,1.16378557682037,12.5900001525879,6.76999998092651,16.2019996643066,40.9000015258789,991.369066863364
9.25,-0.0271836304282806,-0.0336218379886183,0.477,0.0578555053389764,0.0781924542913963,-9.79896086045652,-0.0179585755605359,-0.00760270385067119,-0.00238837201317245,-0.0614841732932273,-0.0260591181800503,1.60362941740244,-0.0161744143959938,0.00668195355121458,0.00322386692642093,11.3500625501837,-5.31728671147313,-0.506705984207361,4.96287970627521,11.5199998946661,0.116774429806791,7.15275650355124,-5.96001271630547,-2.81,0.144519061574873,0.0818545010677532,12.5492372512817,17.8581188771366,0.169731812406523,1.11052039331225,173.559997558594,25.9617252209,101.750942244119,-173.559997558594,1.16378557682037,12.5900001525879,6.76999998092651,16.2019996643066,40.9000015258789,991.368510794132
9.275,-0.0271915959861467,-0.0342742784009543,0.477003435726159,0.013804464932481,0.00168140648322551,-9.70791796410192,-0.0168593557680385,0.00134540147631962,0.000252250261955287,-0.0649824609976891,-0.0249676722369383,1.6036793540044,-0.0029600501923186,-0.00105741442377961,0.00329616573004054,11.3497018000502,-5.31994887908851,-0.520543924904271,4.96646296879023,11.5200185277183,0.109415285015341,7.1529191251828,-5.96078870038249,-2.81,0.145461022112467,0.0810685836397722,12.5532917976379,17.8572729574319,0.169731812406523,1.11052039331225,173.559997558594,25.9617252209,101.750942244119,-173.559997558594,1.16378557682037,12.5900001525879,6.76999998092651,16.2019996643066,40.9000015258789,991.362038210605
9.3,-0.0275195437504163,-0.0295218290408201,0.477247841341602,-0.0110144100387756,0.0758607787756237,-9.67480899124577,0.0168241338648481,0.0101623837361546,0.00431144407492893,-0.0646670809130465,-0.0248934111868815,1.60379911219815,0.00672247769887488,0.00475006296197655,0.00390219346058433,11.3507161081421,-5.33230244419533,-0.516740516247324,4.97707225367922,11.5219592331974,0.111505584312779,7.15308207522116,-5.96156477932493,-2.81,0.145555410606794,0.0803862319497289,12.5573463439941,17.8589984466953,0.169731812406523,1.11052039331225,173.559997558594,25.9617252209,101.750942244119,-173.559997558594,1.16378557682037,12.5900001525879,6.76999998092651,16.2170391082764,40.9000015258789,991.355565627078
9.325,-0.0272007549473272,-0.0336388047833171,0.477551334225028,0.0529863678512053,0.048424550809038,-9.6907194120257,0.0169641993330603,0.00437535632750773,0.00674354427057117,-0.0647308845913809,-0.0250830402727469,1.60401504338232,0.0857963326943837,-0.0419998187113571,0.00602011984233479,11.3471636033418,-5.33277408841458,-0.516204596876624,4.97515025070612,11.5194550131225,0.114475711192435,7.15326405159067,-5.96234635431887,-2.81,0.145542096538429,0.0802911573327387,12.5573463439941,17.8580546803294,0.169731812406523,1.11052039331225,173.559997558594,25.9617252209,101.750942244119,-173.559997558594,1.16378557682037,12.5900001525879,6.76999998092651,16.2210006713867,40.9000015258789,991.349093043551
9.35,-0.0271913239402365,-0.033010282298011,0.477854831179694,0.0754944636585757,0.16165590055185,-9.71103646780416,0.0398240101338429,-0.0009428595150731,0.00489046799912975,-0.0631209570079894,-0.0249670895730927,1.60430901433026,-0.0143336354317195,0.0173742151217789,0.00657282834167802,11.3531285131907,-5.36793321868122,-0.497917246305648,5.00520908478587,11.5277219961506,0.12515294025763,7.15344602796017,-5.9631279293128,-2.81,0.145914168799368,0.0784692633423653,12.5573463439941,17.8650462037411,0.169731895647588,1.11052040935442,173.552841186523,26.0641841830555,101.987413858556,-173.552841186523,1.16337549686432,12.5879573822021,6.76999998092651,16.2210006713867,40.9000015258789,991.345250945396
9.375,-0.026244535073594,-0.0333272174884015,0.478158325964796,0.0295291733730261,-0.0213898470380608,-9.69995960682329,0.0621329868865847,0.0080112397401272,0.00574051284870695,-0.0622001277091534,-0.0243895198646673,1.60462016643988,-0.047538749141506,0.0444062299176048,0.00679570106832389,11.3561826763775,-5.39382007495167,-0.474709594727899,5.02576493951037,11.5327377888756,0.138473988038558,7.15362800432967,-5.96390950430674,-2.81,0.147010723955619,0.0770400569070738,12.5655179023743,17.8704775141233,0.169732098547684,1.11052044845723,173.535415649414,26.3139279010937,102.563813418629,-173.535415649414,1.1623762845993,12.5829782485962,6.76999998092651,16.2210006713867,40.9000015258789,991.345190169963
9.4,-0.025618456949346,-0.0339878417686792,0.478461820756791,0.00397189711181135,0.0255868124697783,-9.74369442032846,0.0508802089955219,0.0117652330627329,0.0108660068922101,-0.0593779298622054,-0.0252986820216132,1.60494529372062,0.113147393204985,-0.0200475174873387,0.0109765410508219,11.3455834464046,-5.36597722227423,-0.503907426098684,4.99588337482935,11.5239119668675,0.102470817142806,7.15380998069918,-5.96469107930068,-2.81,0.144042111321722,0.0790500016478652,12.5736894607544,17.8603015093103,0.16973230144778,1.11052048756003,173.518005371094,26.5636716191318,103.14021297878,-173.518005371094,1.16137707233429,12.5780000686646,6.9060001373291,16.1921997070312,40.9000015258789,991.345129394531
9.425,-0.0282975268180313,-0.0404676080338873,0.478765317699134,0.0739286539604237,0.0502015990048477,-9.79903051385715,0.0752218207583345,0.00700037232828065,0.0106902466614611,-0.0572297330664005,-0.0258466513942123,1.60518914983321,0.146990017301292,-0.035664805002179,0.0118212731981548,11.3451806834366,-5.38610231350724,-0.484843412019376,5.01167829800955,11.5250865540539,0.117288381332695,7.15398998421179,-5.96548080408231,-2.81,0.144064994134805,0.0782121083205787,12.5736894607544,17.8627675106022,0.169732504347875,1.11052052666283,173.500579833984,26.81341533717,103.716612538931,-173.500579833984,1.16037774085999,12.5730209350586,6.94000005722046,16.1849994659424,40.9000015258789,991.345068619099
9.45,-0.0287690107063123,-0.0428605476880757,0.479068810320101,0.10189769690498,0.0555351985776374,-9.70836103837983,0.0498925582517884,-0.00685678736370817,0.00775842260576493,-0.0554920257152759,-0.0261086002134417,1.60541792107936,0.138147074905109,-0.0331592284312253,0.0115434759015481,11.3461910206885,-5.40603175069268,-0.464521305341789,5.02746513559351,11.5275367930381,0.132286832716843,7.1541614554555,-5.9663057753031,-2.81,0.144407150025867,0.0773064225999098,12.5736894607544,17.8665726105708,0.169732627475284,1.11052055039188,173.490005493164,26.964969217953,104.066393468554,-173.490005493164,1.15977132320404,12.5699996948242,6.94000005722046,16.1849994659424,40.9000015258789,991.348060380652
9.475,-0.0268727566082433,-0.0400026364243157,0.479372305105203,0.0450343840975765,0.0394301083601721,-9.5274371849281,0.0599991558191797,-0.0109046661887274,0.00633820638799099,-0.0568312449374679,-0.0248361357557479,1.60577932238219,0.0227294968517794,-0.00278925688410547,0.00736500598692815,11.3432601122903,-5.42213617946913,-0.462375079426523,5.03956597199873,11.5268932636789,0.128093479477528,7.15433292669921,-5.96713074652388,-2.81,0.145487038543538,0.0760396012238874,12.5815086364746,17.8646440948706,0.169732627475284,1.11052055039188,173.490005493164,26.964969217953,104.066393468554,-173.490005493164,1.15977132320404,12.5699996948242,6.94000005722046,16.1849994659424,40.9000015258789,991.355763666681
9.5,-0.0262385461413099,-0.0384170926004116,0.479675799890304,0.0403751670996411,0.0649837588164692,-9.65041875773518,0.0649849198808233,-0.00142317979467235,0.0100410332816224,-0.0523829270245776,-0.0267214789917332,1.60600842610827,0.135080672529441,-0.0317968471251683,0.0122166038910068,11.3443563380919,-5.39418245126711,-0.492736946936655,5.00979678074724,11.5294232051534,0.0935495276628352,7.15450473382488,-5.96795664006413,-2.81,0.141389631603646,0.0783235630807921,12.5893278121948,17.8658521630346,0.169732627475284,1.11052055039188,173.490005493164,26.964969217953,104.066393468554,-173.490005493164,1.15977132320404,12.5699996948242,6.84297895431519,16.2124900817871,40.9000015258789,991.363466952709
9.525,-0.027347309997423,-0.0430292429620256,0.479979294675406,0.0868102388505801,0.134773026057359,-9.70429955630461,0.0785724552223301,-0.0107713215871454,0.00843650568927794,-0.04923783207933,-0.0271050818972339,1.60647273409614,0.107078167650507,-0.0184571413707722,0.00922326642952569,11.3398151573394,-5.42514007675956,-0.460651489460173,5.03325889013909,11.5277486146983,0.11432091228756,7.15471266446486,-5.96888172743945,-2.81,0.141832287360479,0.0769692678665209,12.5893278121948,17.8657295469304,0.169732627475284,1.11052055039188,173.490005493164,26.964969217953,104.066393468554,-173.490005493164,1.15977132320404,12.5699996948242,6.82000017166138,16.2189998626709,40.9000015258789,991.371170238738
9.55,-0.0281270598604941,-0.0447364388558194,0.480282789460507,0.13873103623176,0.125945079242377,-9.55568073610099,0.073787289465073,-0.0252919120084164,0.00321930877752007,-0.0527444058708413,-0.0255942604325448,1.60646289897016,0.0522481994336075,-0.0273270771784871,0.000495115130388109,11.3366923147006,-5.43888548263693,-0.43617409690411,5.04658938753345,11.5240736670455,0.141341587588692,7.15492059510484,-5.96980681481476,-2.81,0.145092900537152,0.0755933001391749,12.5893278121948,17.8659265631834,0.169732703616201,1.11052056509721,173.483444213867,27.0588899331441,104.282694948839,-173.483444213867,1.15947711467743,12.5690631866455,6.82000017166138,16.2189998626709,40.8990631103516,991.374588077626
9.575,-0.0275002146474025,-0.0422139952637827,0.480586284245609,0.023984459201787,-0.00031969027462192,-9.30066648565687,0.0642422728521513,-0.0130640672091103,0.00103714124179494,-0.0508704700086413,-0.0261326459626474,1.60660269534712,0.0728149198833459,-0.0286853428463406,-0.000169141448016977,11.3467325093651,-5.42965333793633,-0.447192582512312,5.03565883468258,11.5349778571498,0.126020438217487,7.15512852574482,-5.97073190219008,-2.81,0.143473810424934,0.0763541115410931,12.5895018577576,17.8763039234404,0.169732906081821,1.11052060420001,173.466018676758,27.3086336511822,104.857860248649,-173.466018676758,1.15869510173798,12.5665740966797,6.82000017166138,16.2189998626709,40.8965759277344,991.370895970121
9.6,-0.0287584351119644,-0.0460435044536205,0.480889779038452,-0.0396519583536454,0.0988618044083288,-9.39215334555637,0.0554267401612271,0.0150948770055529,0.00301789239852791,-0.0456285409298053,-0.0271324698268783,1.60693642014638,0.04213143214814,0.0264120224912513,0.00321364297681177,11.354908384379,-5.44410528530117,-0.426675732217203,5.04403546714911,11.5453467814655,0.130203138956478,7.15533240578737,-5.97164088727747,-2.81,0.142162733188604,0.0762825543843657,12.5896759033203,17.8870686879747,0.169733108547441,1.11052064330281,173.448608398438,27.5583773692204,105.433025548459,-173.448608398438,1.15791308879852,12.5640850067139,6.90987253189087,16.2149143218994,40.8940887451172,991.367203862616
9.625,-0.0278074897844069,-0.051102282674172,0.48119327598138,0.0746403778929191,0.125136991923004,-9.45606542028374,0.0653980603787837,0.026642089374456,0.000558256282837487,-0.0465231775217898,-0.0261458506777904,1.60683147129951,0.123936164346407,-0.0129895979818179,-0.000839330624677339,11.3564712251115,-5.44856185945261,-0.39657264065934,5.04842617622829,11.5456984968034,0.154188995947166,7.15543953044531,-5.9721652419271,-2.81,0.144527537269935,0.0758913597814038,12.5896759033203,17.8913798139572,0.169733311013061,1.11052068240561,173.431167602539,27.8081210886767,106.008190848268,-173.431167602539,1.15713107585907,12.561595916748,6.92999982833862,16.2140007019043,40.8915977478027,991.363511755111
9.65,-0.0287558942212107,-0.0511007730391639,0.481496770054757,0.094201603903402,0.0263536665835538,-9.58905083179272,0.0423593378035296,0.0259938103355863,-0.00319141043201417,-0.0451152709000902,-0.0259210606632746,1.60696364336751,0.0519354750101939,0.0252128257826324,7.31854514657809e-05,11.3578399706905,-5.45182062681233,-0.388190537225823,5.04951945386311,11.5478424327328,0.152503356609389,7.15554665510326,-5.97268959657674,-2.81,0.144517500817635,0.0758883265854252,12.5896759033203,17.893597159329,0.169733513478681,1.11052072166438,173.412841796875,28.0588609360946,106.583356148078,-173.412841796875,1.15584993362427,12.568042755127,6.92999982833862,16.2140007019043,40.8899993896484,991.362006783993
9.675,-0.0268402307561896,-0.0520608899145134,0.481800261926633,0.028699246297137,0.00735591777542424,-9.68707835793664,0.0457954587302202,0.0208965883976783,-0.00340777479995174,-0.0437073642783906,-0.0256962706487588,1.60709581543551,-0.0200652143260194,0.0634152495470828,0.0009857015276089,11.3572131549581,-5.46143310737152,-0.372856052199392,5.05674442940717,11.548027636129,0.157978985845994,7.15565377976121,-5.97321395122637,-2.81,0.144908975845236,0.0755348133161406,12.6028590202332,17.8943629806679,0.169733715944302,1.11052076120166,173.392944335938,28.3113795842544,107.158521447888,-173.392944335938,1.15367758274078,12.590446472168,6.92999982833862,16.2140007019043,40.8899993896484,991.364407413564
9.7,-0.0255889723974458,-0.0517537475356881,0.482103758176952,0.0172091316812491,0.0646525769539683,-9.82531674182804,0.0279070542536582,0.0141886953414751,-2.84492199367264e-05,-0.0424683421307666,-0.0253511100938274,1.60693207701919,0.0816275372266469,-0.0198099660911753,-0.00250695902501589,11.3536606176539,-5.42974045201525,-0.388614846496709,5.02759496032579,11.5431829935029,0.13010606998469,7.15576090441916,-5.973738305876,-2.81,0.143731330349699,0.0775958361713505,12.616042137146,17.888986718006,0.169733918409922,1.11052080073894,173.373016357422,28.5638982324142,107.733686747776,-173.373016357422,1.15150511264801,12.6128511428833,6.81442546844482,16.2280349731445,40.8899993896484,991.366808043135
9.725,-0.0276319378732753,-0.055386209590828,0.482407254389389,0.107244891588516,0.164051271928053,-9.85035949103337,0.0357281960342729,0.00056403247444736,-0.00416191360649954,-0.0421013015548524,-0.0245319796932643,1.60701230819706,-0.0493073342521553,0.0338883878486266,-0.00557369360768249,11.3518102309879,-5.47109089376995,-0.335019150587305,5.06575359107579,11.5419461566781,0.174035600846496,7.15588661659628,-5.97434185834185,-2.81,0.146872042028448,0.0752946709547837,12.616042137146,17.8911562051373,0.169734120875542,1.11052084027622,173.353103637695,28.816416880574,108.308852047586,-173.353103637695,1.14933276176453,12.6352548599243,6.78999996185303,16.2310009002686,40.8899993896484,991.369208672706
9.75,-0.0262101735548795,-0.0549143008741436,0.482710744846969,0.100616784612229,0.0332549163196758,-9.7169482410198,0.0368131002251257,-0.0109295196656594,-0.00621613110512222,-0.0402509214969543,-0.0258726932167015,1.60692865048223,0.0786218664200522,-0.0224916322275902,-0.00305945932519252,11.3489505772366,-5.44329368768382,-0.37193508054739,5.04031166348496,11.5387098098964,0.141050831324085,7.15604184628454,-5.97507117920106,-2.81,0.143650427477885,0.0772345209148941,12.616042137146,17.8862388374286,0.169734254122147,1.11052086629647,173.339996337891,28.9826043673455,108.687379638066,-173.339996337891,1.14790308475494,12.6499996185303,6.78999996185303,16.2310009002686,40.8899993896484,991.370923630735
9.775,-0.0286001345064152,-0.0592247765953996,0.483014243984587,0.119546851902929,0.101362114372724,-9.68169506133805,0.033159106246537,-0.0186340624202524,-0.00357344771793359,-0.0385656105749543,-0.027199618137646,1.60680892991483,0.134675771790094,-0.0629033602422825,-0.003807579562087,11.3522614947492,-5.46233660962112,-0.356650866500545,5.05975041950824,11.5416859435148,0.163013484435178,7.15619707597281,-5.97580050006027,-2.81,0.143344641281475,0.0764882435667925,12.6165161132812,17.891233301896,0.169734254122147,1.11052086629647,173.339996337891,28.9826043673455,108.687379638066,-173.339996337891,1.14790308475494,12.6499996185303,6.78999996185303,16.2310009002686,40.8899993896484,991.371318671044
9.8,-0.0306245942631128,-0.0618724209829013,0.483317737320189,0.220997030674044,0.168170340956096,-9.59802453385413,0.060775443216667,-0.0407185523186001,-0.00485959912355292,-0.0394890040034124,-0.0268824349041836,1.60668968627948,0.00696334032537778,-0.0316798613209618,-0.011207453315912,11.3515522914018,-5.4883335293146,-0.333422860844286,5.08635420705577,11.5405423967118,0.18867227571971,7.15635230566107,-5.97652982091948,-2.81,0.14510892987153,0.0749215429135323,12.6169900894165,17.8920302543649,0.169734254122147,1.11052086629647,173.339996337891,28.9826043673455,108.687379638066,-173.339996337891,1.14790308475494,12.6499996185303,7.40719175338745,16.1867961883545,40.8899993896484,991.371713711353
9.825,-0.0296830475342093,-0.0587007575649696,0.483621234261481,0.21447157030241,0.067497652050611,-9.34966679355535,0.0466664558975572,-0.0584928331882599,-0.00677604937696999,-0.0352754628816784,-0.0304176993031567,1.60659187641574,0.119315932485389,-0.0877598853341936,-0.00138459716164785,11.3491917643817,-5.43421439112748,-0.381390503729629,5.03461488108944,11.537274059799,0.155752168470554,7.15648001102613,-5.97712766492584,-2.81,0.13955955513472,0.0787330701730697,12.6169900894165,17.8900046207225,0.169734254122147,1.11052086629647,173.339996337891,28.9826043673455,108.687379638066,-173.339996337891,1.14790308475494,12.6499996185303,7.53000020980835,16.17799949646,40.8899993896484,991.372108751662
9.85,-0.0325471881323162,-0.0625231651518425,0.483924726881727,0.248399209088122,0.108249365937415,-9.2650047667762,0.0639638372252448,-0.0515455651911378,-0.00594664147128687,-0.0339561850731,-0.0318086267743245,1.60648135532794,0.120669811299125,-0.0810167634852357,-0.0027667233066754,11.3565898919478,-5.46986047722729,-0.352715880074239,5.07003541734414,11.5443859435316,0.194448347760253,7.1565780598706,-5.97758384710231,-2.81,0.140081058890174,0.0769638803710584,12.6169900894165,17.8997149535217,0.169734320303546,1.11052087956098,173.336761474609,29.0673227497916,108.875388074495,-173.336761474609,1.1478465795517,12.6588935852051,7.53000020980835,16.17799949646,40.8891906738281,991.371640209441
9.875,-0.0339770161876008,-0.0639529932071271,0.484228221666828,0.277705756973407,-0.0191793513842307,-9.12791154007754,0.0437199864831664,-0.0568781342135999,-0.00926851138007491,-0.0349005526366302,-0.0317978544404918,1.60636200942544,0.0276187093996172,-0.0491942724864884,-0.00809584209247654,11.3657382984908,-5.48227945751966,-0.340118310470241,5.08322778241511,11.5527739086623,0.212804869901365,7.15667610871508,-5.97804002927878,-2.81,0.141075586293276,0.0761198258695232,12.6395740509033,17.9099406634987,0.169734524072593,1.11052092040168,173.326797485352,29.3281661897345,109.454256155251,-173.326797485352,1.14767277240753,12.6862764358521,7.53000020980835,16.17799949646,40.8866996765137,991.369376324593
9.9,-0.0325532519297364,-0.0587136798484762,0.484531719346282,0.149564380352954,0.111433482024918,-8.69235100090737,0.0307604910806196,-0.0429439267580188,-0.00635999825017759,-0.0355382260936735,-0.0312284910494672,1.60633422075334,-0.0422359046623677,-0.00784452440731524,-0.00956627756806244,11.3753561959858,-5.47102627368672,-0.347002529681596,5.07229788635953,11.562089370647,0.202857994006736,7.15677415755955,-5.97849621145525,-2.81,0.14106897075069,0.0766159223815342,12.6621580123901,17.9191098322517,0.16973472784164,1.11052096124239,173.316848754883,29.5890096282592,110.033124235928,-173.316848754883,1.14749896526337,12.713659286499,8.62531852722168,16.1400833129883,40.8842124938965,991.367112439744
9.925,-0.0325532519297364,-0.0587136798484762,0.484830949888004,0.203424090562928,0.0156668319192142,-8.84135090685664,0.0271101894818648,-0.0132639281406542,-0.00603104433990528,-0.0345039685510174,-0.031315877116693,1.60635864953371,-0.0371002400018875,0.0215183498958009,-0.00644042288315515,11.3856100926345,-5.45912096760573,-0.357682155211313,5.05995006610215,11.5725464298095,0.187429728342791,7.15687220640403,-5.97895239363172,-2.81,0.13996621298737,0.0774034340751452,12.6621580123901,17.9286580197208,0.169734931610687,1.11052100208309,173.306884765625,29.8498530667839,110.611992316604,-173.306884765625,1.14732527732849,12.7410430908203,8.82999992370605,16.132999420166,40.8817253112793,991.364848554895
9.95,-0.0325532519297364,-0.0587136798484762,0.485,0.193952171467461,0.106629544150403,-8.73124080323635,0.0110944905994835,0.0304931700426052,-0.00240825965313868,-0.0334697110083612,-0.0314032631839187,1.60638307831409,-0.0319645753414077,0.050881224198915,-0.00331456819824809,11.3985598064806,-5.4438772748956,-0.372508912529378,5.04427656956465,11.5857164671811,0.167857581846198,7.15698556718032,-5.97949358063446,-2.81,0.138613038728652,0.0783662435463205,12.6621580123901,17.9406738755891,0.169735072681566,1.11052103035742,173.300003051758,30.0304369869625,111.012747141779,-173.300003051758,1.14720487594604,12.7600002288818,8.7791919708252,16.1236839294434,40.8800010681152,991.36328125
9.975,-0.0325532519297364,-0.0587136798484762,0.485,0.288287417168248,0.0836101635287747,-9.26960515778216,0.0229763242446963,0.045746874838598,-0.00107427507549033,-0.0324354534657051,-0.0314906492511445,1.60640750709447,-0.0268289106809275,0.0802440985020312,-0.000188713513340805,11.4049558720071,-5.43577962532555,-0.3782235322115,5.0356509514924,11.5922906140302,0.157446601912974,7.1571278725168,-5.98019545456675,-2.81,0.13781446839647,0.0789539674665405,12.6766061782837,17.9471075745558,0.169735072681566,1.11052103035742,173.300003051758,30.0304369869625,111.012747141779,-173.300003051758,1.14720487594604,12.7600002288818,8.77000045776367,16.1219997406006,40.8800010681152,991.36328125
10,-0.0299985472338587,-0.0676092069271124,0.485,0.271899647300829,0.0934916917541973,-9.8188673018057,-0.00115970216978091,0.0553243822806488,0.00354582234909749,-0.0339829293142068,-0.0306010895130224,1.60627895780525,0.0247434492779099,0.0299593678339264,0.00134676828597284,11.425826847924,-5.4411986961902,-0.293456874361456,5.03933728846304,11.6098738204957,0.241223781057049,7.15727017785329,-5.98089732849903,-2.81,0.143256346769441,0.0783081543122269,12.6910543441772,17.9786216352188,0.169735072681566,1.11052103035742,173.300003051758,30.0304369869625,111.012747141779,-173.300003051758,1.14720487594604,12.7600002288818,8.77000045776367,16.1219997406006,40.8800010681152,991.36328125
10.025,-0.0293630353421519,-0.0685477730835997,0.485,0.320975833373181,0.141836985100543,-10.1633609081664,0.0205805667787224,0.0522885802145202,0.00122124146414665,-0.0342733743334296,-0.028024848525425,1.60655220776957,0.016869169317534,0.0344188623987597,0.00240099228663548,11.4469037098688,-5.47307163505119,-0.247449997773209,5.06572901904378,11.6326096831154,0.261018452823652,7.15740282336782,-5.98155681477327,-2.81,0.146657697654418,0.0762654179835965,12.6910543441772,18.0018086607047,0.169735072681566,1.11052103035742,173.300003051758,30.0304369869625,111.012747141779,-173.300003051758,1.14720487594604,12.7600002288818,8.77000045776367,16.1219997406006,40.8800010681152,991.36328125
10.05,-0.029367563881661,-0.0657027894024978,0.485,0.33833743883308,0.03824292076972,-10.089978835623,0.0168306029005711,0.0548951290720661,0.00503471428332404,-0.0341625500083816,-0.0267036782874959,1.60673786418835,-0.01657938953263,0.0343887505383331,0.00152683840138643,11.4470855943748,-5.46423784332109,-0.247886453905427,5.05473471629805,11.633785256249,0.244558922736968,7.15751385131485,-5.98212144235724,-2.81,0.147057953692349,0.0766992944010084,12.6910543441772,18.0020048638238,0.169735132275276,1.11052104197315,173.292770385742,30.1046248651027,111.182041238271,-173.292770385742,1.14841687679291,12.7592763900757,8.77000045776367,16.1219997406006,40.8800010681152,991.361625509059
10.075,-0.0279377044241847,-0.0652281937660156,0.485,0.377996077669459,0.121009312029271,-9.86885212128954,0.00174361697337616,0.0292085343817227,0.00235726411064915,-0.0341111086308956,-0.0260904300957918,1.6068240404129,-0.0321052223443985,0.0343747735023499,0.00112108199391514,11.4475087586471,-5.45261586759655,-0.24723571871614,5.04207854976888,11.6343727055339,0.237524159114483,7.15762487926188,-5.9826860699412,-2.81,0.147285210400682,0.0773167286552218,12.7027173042297,18.0034357740728,0.16973533734775,1.1105210819449,173.267868041992,30.3599184433841,111.764612099973,-173.267868041992,1.152587890625,12.7567882537842,8.58993721008301,16.1331462860107,40.8800010681152,991.355927812292
10.1,-0.0293533812863539,-0.0707637325249118,0.485,0.374860331132858,-0.000395192937259509,-9.98287736879818,0.0031070442145965,0.0107786471865461,0.00064726371290473,-0.0328298616546615,-0.0260259505969694,1.6070320173103,-0.0567875168732011,0.0250700066798184,-0.00205290384818814,11.452559850711,-5.47945310782017,-0.238220804377009,5.06590471869887,11.6413650791101,0.23981476705176,7.15773590720891,-5.98325069752516,-2.81,0.147259705431708,0.0759379982491117,12.7143802642822,18.0084482704249,0.169735542420223,1.11052112191665,173.242980957031,30.6152120230837,112.347182961675,-173.242980957031,1.15675890445709,12.754298210144,8.5600004196167,16.1350002288818,40.8800010681152,991.350230115525
10.125,-0.0281016281515918,-0.0660288735798773,0.485,0.339168307030423,0.0491906418644504,-10.0674187167926,-0.0536860238747439,0.0111721613066681,-0.000565382947197045,-0.0322146508201578,-0.0275647703107097,1.6072296237956,0.00600771180490711,-0.00972231176768316,0.00672961847204988,11.4647658150933,-5.44065190762984,-0.269814182629495,5.02536211296219,11.6537969936835,0.221583690043218,7.15784595883483,-5.98379169181238,-2.81,0.144600667509124,0.0780887934598422,12.7143802642822,18.0228333416634,0.169735747492697,1.11052116188841,173.21809387207,30.8705056013651,112.929753823219,-173.21809387207,1.16092991828918,12.7518081665039,8.5600004196167,16.1350002288818,40.8800010681152,991.344532418758
10.15,-0.0299974249343717,-0.0688763498557329,0.485,0.388850044477518,0.0583283348889559,-10.3065421261972,-0.0173584434250948,0.0204852898498056,0.000174699468123219,-0.0334051073158456,-0.0259113016946629,1.60726828573941,-0.0536051648031338,0.0353325714483816,-1.96196377481362e-05,11.4726220606214,-5.47194372604557,-0.253073706246422,5.05543861950184,11.6626859708409,0.227085221140428,7.15795395291839,-5.98428288024342,-2.81,0.146509563637473,0.076102069850743,12.7143802642822,18.0294194859086,0.169735896476973,1.11052119092772,173.199996948242,31.0559752960066,113.352989064647,-173.199996948242,1.16396009922028,12.75,8.5600004196167,16.1350002288818,40.8800010681152,991.342832394864
10.175,-0.0295217693475427,-0.0664797549984647,0.485,0.343366791547758,-0.0881820948971354,-10.53473072092,-0.0783144406565799,0.0103616368597775,0.000312843782001443,-0.035413564944501,-0.026174335474971,1.60742458232005,-0.0635260009940288,0.00125067263661767,0.00347812897027338,11.4819517555063,-5.45166449127748,-0.294772073552924,5.03459857425827,11.6728737364635,0.198968201562518,7.15806194700196,-5.98477406867446,-2.81,0.144782022509574,0.0768270254452802,12.733729839325,18.0376138206719,0.169735896476973,1.11052119092772,173.199996948242,31.0559752960066,113.352989064647,-173.199996948242,1.16396009922028,12.75,8.5600004196167,16.1350002288818,40.8800010681152,991.351751189536
10.2,-0.0287475140766858,-0.0637813321005207,0.485,0.426179886187449,0.0359266706448647,-10.1471870163888,-0.0721352921655405,-0.0226351878855641,0.00146839038149251,-0.0394703661060699,-0.0266753217939053,1.60757282024402,-0.0587405056293263,-0.0623425243343601,0.00599714068294296,11.4900340967039,-5.45157328250765,-0.32872356216246,5.03417785932139,11.6819663505487,0.193156526307819,7.15816994108553,-5.98526525710549,-2.81,0.144173193338802,0.0761019653254243,12.7530794143677,18.0460899965449,0.169735896476973,1.11052119092772,173.199996948242,31.0559752960066,113.352989064647,-173.199996948242,1.16396009922028,12.75,8.41242599487305,16.1749324798584,40.8800010681152,991.360669984209
10.225,-0.0314419506891963,-0.06079445437495,0.485,0.326533652176436,-0.00764574606050206,-9.74145432813103,-0.102759745347551,-0.0529685508796222,0.00629197242924306,-0.0392191836867885,-0.0287323977523333,1.60794793504968,-0.0986323021156265,-0.0381467131874296,0.0070308072609666,11.4826268318858,-5.46163492537835,-0.360038058728768,5.04129698307343,11.6773777977419,0.184322867401255,7.15827645960421,-5.98576919276649,-2.81,0.141622741133249,0.0755131416299602,12.7530794143677,18.0397985894134,0.169735896476973,1.11052119092772,173.199996948242,31.0559752960066,113.352989064647,-173.199996948242,1.16396009922028,12.75,8.39000034332275,16.1809997558594,40.8800010681152,991.369588778881
10.25,-0.0325532366235868,-0.0606064276997309,0.485,0.298135119779787,0.0364670781785667,-9.52002165463298,-0.100021429296552,-0.0574252005449055,0.00917377148902137,-0.0430154714336271,-0.0287296788022426,1.60798847394459,-0.098486164807345,-0.0739770024316441,0.00949415413630713,11.4857773821485,-5.46457864554271,-0.377455415079366,5.04491065188565,11.6807856144096,0.187878632793542,7.15838112988838,-5.98628909510632,-2.81,0.142056635541726,0.0747089437019468,12.7530794143677,18.0438233905668,0.169735949171062,1.11052120106548,173.196166992188,31.1207236674023,113.502682685631,-173.196166992188,1.16412723064423,12.7487239837646,8.39000034332275,16.1809997558594,40.8793640136719,991.376006430768
10.275,-0.0331891767798675,-0.0580777549983451,0.485,0.218416839844695,0.0100345767939961,-9.21777585850499,-0.118364463098239,-0.0472644714556707,0.0164730786952764,-0.0474660255564035,-0.0297765484103277,1.6085880342595,-0.139271460430268,-0.0594033094649383,0.0144912896953525,11.4883420052156,-5.45332839460314,-0.401858713533928,5.02832198390729,11.6858240867946,0.199440398306186,7.15848580017255,-5.98680899744616,-2.81,0.141920457522205,0.0743829637301477,12.7746624946594,18.0531517892385,0.169736154678012,1.11052124060276,173.181228637695,31.3732423169803,114.086487807595,-173.181228637695,1.1647789478302,12.7437438964844,8.39000034332275,16.1809997558594,40.8768730163574,991.375170768575
10.3,-0.0338425579710091,-0.0511098901954008,0.485,0.223043308829526,0.146480639726933,-8.99890975931564,-0.0976447585038414,-0.0520746361205521,0.0198970047861594,-0.0477117285881152,-0.0328121895130644,1.60944108993703,-0.0674139698743217,-0.0464738097399565,0.0224270996154839,11.4980643776441,-5.46118720579692,-0.433494249460097,5.02735018932231,11.7005037869348,0.20476474151882,7.15859047045672,-5.987328899786,-2.81,0.139004161056961,0.0736014196590592,12.7962455749512,18.0690458169784,0.169736360184961,1.11052128014003,173.166290283203,31.6257609637219,114.670292929481,-173.166290283203,1.16543054580688,12.7387657165527,8.6179141998291,16.1257743835449,40.874382019043,991.374335106383
10.325,-0.0354145708981436,-0.0542531857710286,0.485,0.184711380356075,0.0884398091622897,-9.07301097860192,-0.0767764065935308,-0.0339746080796046,0.0271776610053595,-0.0519275606666134,-0.0319362722864975,1.61014199400685,-0.131048313466171,-0.0158789321062965,0.0235739133103316,11.5004382357531,-5.50524344576052,-0.425020573044941,5.06329183555842,11.7072307229087,0.228587155200392,7.15869558778452,-5.98783821795285,-2.81,0.141281716901886,0.0701872858435841,12.7962455749512,18.0759285683042,0.16973656569191,1.11052131967731,173.151351928711,31.8782796132998,115.254098051446,-173.151351928711,1.16608238220215,12.7337875366211,8.64999961853027,16.1180000305176,40.8718948364258,991.37349944419
10.35,-0.0344711328091634,-0.0504567631258059,0.485,0.221332459374504,0.120769814815622,-9.13594766743223,-0.0773522185525189,-0.0149692972092102,0.0301839906302182,-0.0524786215796881,-0.0324335165754451,1.61104732191361,-0.115846714870123,0.0206174717481405,0.0269370774469026,11.5092918336221,-5.48916576950576,-0.442534838673343,5.03727042841374,11.7204260544589,0.21930839706625,7.15880125114372,-5.9883346083193,-2.81,0.140192512139146,0.0706303097119032,12.7962455749512,18.0908210595288,0.169736722017709,1.11052134975268,173.139999389648,32.070366448346,115.698189127074,-173.139999389648,1.1665780544281,12.7299995422363,8.64999961853027,16.1180000305176,40.8699989318848,991.371303866772
10.375,-0.0339949321415219,-0.0499805624581643,0.485,0.255639573435003,0.154016427105637,-9.60812109978495,-0.0434062199205292,0.0109307126060375,0.0306304122038201,-0.0536052643767744,-0.0331351900069139,1.61187878980081,-0.0372188994363575,0.00784582440008304,0.0311616205972817,11.5253742001152,-5.50477295829918,-0.437475928677723,5.04235691595854,11.7407494631455,0.239999456266915,7.15890691450293,-5.98883099868575,-2.81,0.140429975373708,0.0692209189738314,12.814160823822,18.1140913084846,0.169736722017709,1.11052134975268,173.139999389648,32.070366448346,115.698189127074,-173.139999389648,1.1665780544281,12.7299995422363,8.64999961853027,16.1180000305176,40.8699989318848,991.364785701671
10.4,-0.0357310710087953,-0.0504498085591736,0.485,0.238387159072524,0.101694651735348,-10.1232020868457,-0.0495962530000357,0.0291415388997216,0.0307925586162766,-0.0536483584589531,-0.0322747777136721,1.61287341236966,-0.0699969621614269,0.0645850600952318,0.0316331681008487,11.5231391217534,-5.5483823407783,-0.423474066827676,5.07354879664289,11.7449956209502,0.246561505437761,7.15901257786214,-5.98932738905221,-2.81,0.141459047554165,0.0664368785731622,12.8320760726929,18.1162341573077,0.169736722017709,1.11052134975268,173.139999389648,32.070366448346,115.698189127074,-173.139999389648,1.1665780544281,12.7299995422363,8.43757438659668,16.1613693237305,40.8699989318848,991.358267536569
10.425,-0.0332038409313717,-0.0488652325854397,0.485,0.331059349113164,0.191166377142974,-10.1757048200901,-0.0109645890536332,0.035875602453129,0.0276241924993642,-0.0533521509204207,-0.0320594545244691,1.61359983345752,-0.0416734211437229,0.0548724934764189,0.0284864017023743,11.5327815947212,-5.55054071506655,-0.424633759772482,5.06677507859001,11.7585389647301,0.241700411654586,7.159114914507,-5.98981471682975,-2.81,0.141224754634372,0.066064747838774,12.8320760726929,18.1299426308302,0.169736722017709,1.11052134975268,173.139999389648,32.070366448346,115.698189127074,-173.139999389648,1.1665780544281,12.7299995422363,8.40999984741211,16.1669998168945,40.8699989318848,991.351749371468
10.45,-0.0335243707673809,-0.0488802810812923,0.485,0.307908719074246,0.0336878089624194,-9.71082978436473,-0.0110213009297241,0.0154304982636123,0.0246925122105727,-0.0545437354122194,-0.031634295895665,1.61420888471224,-0.0245960938430522,0.0206281998820051,0.0245434134808456,11.5391773675904,-5.54885210363391,-0.434769396628077,5.05834183027912,11.7681812952627,0.233420964855513,7.15920463362575,-5.99026767211824,-2.81,0.141161536630618,0.0657123292637972,12.8320760726929,18.1394196548534,0.16973676768592,1.11052135853874,173.134460449219,32.1264817031775,115.827923598605,-173.134460449219,1.16600847244263,12.7360849380493,8.40999984741211,16.1669998168945,40.8699989318848,991.348246343085
10.475,-0.0343234823973265,-0.0455076264413822,0.485,0.333071114786921,0.0979559708924688,-9.34073177921162,-0.0408635929136844,-0.0120577309313628,0.0204097913209976,-0.056007645230591,-0.0319931259382853,1.61475141741934,-0.0357590866844946,-0.0151751969166326,0.0208481801406228,11.5415111747461,-5.55943785175232,-0.451630238122318,5.06353470490726,11.7739426391891,0.229543716005985,7.15929435274449,-5.99072062740673,-2.81,0.140578352018897,0.0646915886797481,12.8456935882568,18.1442634316897,0.169736973192869,1.11052139807602,173.109573364258,32.3790003527554,116.411728720648,-173.109573364258,1.16344499588013,12.7634677886963,8.40999984741211,16.1669998168945,40.8699989318848,991.355296293218
10.5,-0.0357387284345093,-0.0478834666316688,0.485,0.207675008040892,0.0189475218943538,-8.9382302538819,-0.0377078231494607,-0.0109828458918311,0.0173438502310846,-0.0583882594134171,-0.0315473670669914,1.61523617612796,-0.0747526571967564,-0.00608707644921313,0.015895405056612,11.5468280702723,-5.5858984840701,-0.439845759400425,5.08364220414212,11.7821253029986,0.251137284232389,7.15938407186323,-5.99117358269522,-2.81,0.142175516374694,0.0626291379127069,12.8593111038208,18.1540469057049,0.169737178699818,1.11052143761329,173.084686279297,32.6315190009152,116.995533842455,-173.084686279297,1.16088163852692,12.7908515930176,8.51723384857178,16.1455516815186,40.8699989318848,991.362346243351
10.525,-0.0348067218740926,-0.0428614489299676,0.485,0.174826006802997,0.0700066717806087,-8.89310095433013,-0.0775764771923491,0.0223463485582802,0.0186747603073653,-0.05808632005956,-0.0324213921410964,1.61600280485311,-0.0346695930811907,0.0173364807756036,0.0249594282782852,11.5566673703734,-5.56759229397903,-0.448471599255336,5.05636647582275,11.7951827457724,0.250186915673125,7.15947788523136,-5.9916369863792,-2.81,0.141124675864936,0.0633890219530271,12.8593111038208,18.1702718125872,0.169737384206768,1.11052147715057,173.059783935547,32.884037649075,117.579338964419,-173.059783935547,1.15831828117371,12.8182334899902,8.52999973297119,16.1429996490479,40.8699989318848,991.369396193484
10.55,-0.0338285840567585,-0.0440849550902427,0.485,0.152925878723044,0.102648532735872,-9.17832661418427,-0.0725983737644296,0.0603117980841678,0.0236491702863819,-0.0603257192911082,-0.0301866933290285,1.61630052558889,-0.108190595293131,0.0693751257463448,0.0229627206588397,11.5690263787303,-5.5949243877678,-0.425598813056496,5.0784604038696,11.8096331227867,0.261706014030914,7.15957722382156,-5.99211449025594,-2.81,0.143890414271169,0.0613168229117812,12.8593111038208,18.1842966081559,0.169737547558445,1.11052150857764,173.039993286133,33.0847576006855,118.043389189581,-173.039993286133,1.15628063678741,12.8400001525879,8.52999973297119,16.1429996490479,40.8699989318848,991.375271151928
10.575,-0.0319456248008997,-0.0415720066162314,0.485,0.25047403144055,0.178602601014534,-9.43861794492571,-0.0801896004529132,0.0679961323212376,0.0225427635400351,-0.0622430933658676,-0.0279715350539517,1.61705299130394,-0.124971191001166,0.0979913711416679,0.0223505478192913,11.5716337994667,-5.58680181096014,-0.418461687654842,5.0610647386072,11.8157319680565,0.253525577834147,7.15967656241176,-5.99259199413269,-2.81,0.145706592090307,0.0611149836972854,12.8821229934692,18.1913650640995,0.169737547558445,1.11052150857764,173.039993286133,33.0847576006855,118.043389189581,-173.039993286133,1.15628063678741,12.8400001525879,8.52999973297119,16.1429996490479,40.8699989318848,991.376593017578
10.6,-0.0300533862998864,-0.0396734398711706,0.485000100568607,0.316693966367733,0.207762883718136,-9.80858229748246,-0.0586350845332894,0.0627336795755486,0.0209234264013515,-0.063628319370557,-0.0271165865160516,1.61764379325633,-0.0638620004715677,0.0669359706055155,0.0238915519102908,11.5764360579334,-5.5940086511991,-0.400858304419528,5.06003903259276,11.8233178256031,0.269541382251772,7.15977590100197,-5.99306949800943,-2.81,0.147391257790135,0.0602294576577902,12.9049348831177,18.2020912893695,0.169737547558445,1.11052150857764,173.039993286133,33.0847576006855,118.043389189581,-173.039993286133,1.15628063678741,12.8400001525879,8.48489379882812,16.1420974731445,40.8699989318848,991.377914883228
10.625,-0.0311374957652798,-0.040789092898163,0.485189857845772,0.229628591579948,0.1487119467827,-10.1293124848387,-0.0272675978419081,0.0555486047246979,0.017977356596302,-0.063527740838561,-0.025309839697549,1.61839265091235,-0.060641249382197,0.0912454038332861,0.0192885434131061,11.5699776336053,-5.66091805010437,-0.361006214195563,5.11568804500775,11.8230802321662,0.291908802090979,7.15987238909049,-5.99353785870379,-2.81,0.15017313779731,0.056275497218667,12.9049348831177,18.1997914286125,0.169737547558445,1.11052150857764,173.039993286133,33.0847576006855,118.043389189581,-173.039993286133,1.15628063678741,12.8400001525879,8.47999954223633,16.1420001983643,40.8699989318848,991.379236748878
10.65,-0.0287700430818578,-0.0422119739979759,0.48588356121563,0.271546262605509,0.197975532848942,-10.1383484973698,-0.0218972663700047,0.0642165790167063,0.0164324132373117,-0.0633154596179521,-0.0242044710607044,1.61881161987543,-0.0263500952979472,0.0894471694986988,0.0152201238783659,11.5830475571164,-5.6535965248858,-0.368728524838002,5.10327022508547,11.8384881278631,0.270068431791496,7.15995682457116,-5.99396755982016,-2.81,0.149935792095859,0.0565068792434815,12.9049348831177,18.2129969298358,0.169737586527563,1.11052151617539,173.036712646484,33.1332833031324,118.154092844168,-173.036712646484,1.15637874603271,12.8451499938965,8.47999954223633,16.1420001983643,40.8695297241211,991.380707176696
10.675,-0.0278098697714467,-0.043172147308387,0.486577264585487,0.268205619705591,0.14386590684918,-9.99560737242607,0.0148414725494828,0.0603885950163772,0.00988314487407899,-0.064933019600579,-0.0222391675888325,1.61906336712584,-0.00181571047081201,0.0684220875911373,0.0118346929916731,11.592841059737,-5.6686922238204,-0.352745051120456,5.11384043203673,11.850157606785,0.273614995640258,7.16004126005183,-5.99439726093652,-2.81,0.15200968787028,0.0552389939561195,12.9171147346497,18.2242628848749,0.169737793772414,1.11052155658162,173.019302368164,33.3913518129536,118.742835007262,-173.019302368164,1.15690004825592,12.8725318908691,8.47999954223633,16.1420001983643,40.8670425415039,991.382819122964
10.7,-0.0268714266587678,-0.0403385119760526,0.487270974557454,0.3938715105063,0.173061889379427,-10.1135795394155,0.0362342534778714,0.063407711969035,0.00947271175161789,-0.0625180120934426,-0.0217254901613869,1.61954170846025,0.0748722060116726,0.0546117076318614,0.0144478658584035,11.5964216025901,-5.67470332354437,-0.336911977700604,5.11301866058923,11.8565084884508,0.270200140161232,7.1601256955325,-5.99482696205289,-2.81,0.15210789272261,0.0551277086062113,12.9292945861816,18.2304266950166,0.169738001017266,1.11052159698785,173.001876831055,33.6494203213567,119.331577170436,-173.001876831055,1.15742135047913,12.8999147415161,8.8442554473877,16.1465530395508,40.8645553588867,991.384931069232
10.725,-0.0270096670185789,-0.0455389967357457,0.487964671325202,0.329082267177312,0.229069508084016,-10.3338555508103,0.0743602908987567,0.0562530913141552,0.00894980358132032,-0.0622222322596481,-0.0184691895370982,1.61965835851739,0.0250373848733934,0.072419964935586,0.00441807767036506,11.60035391337,-5.71759303123579,-0.312740658487024,5.15268575268456,11.8634036469189,0.257625988784978,7.16021458976925,-5.99527242291073,-2.81,0.154466867695305,0.0527121078672699,12.9292945861816,18.2310946518826,0.169738208262117,1.11052163739408,172.984451293945,33.9074888311779,119.92031933353,-172.984451293945,1.15794277191162,12.9272975921631,8.88000011444092,16.1469993591309,40.8620643615723,991.3870430155
10.75,-0.0255924400970092,-0.044121769814176,0.488658378014149,0.332337479711133,0.064287181116775,-10.595682226526,0.0918356536896055,0.0345330968771068,0.00503619476939715,-0.0598381477633467,-0.0181001552806079,1.61991798364404,0.0146633496585437,0.0645936917136741,0.00401295586490993,11.5961959187329,-5.70504646143557,-0.308925323844341,5.13714581390039,11.8602524996167,0.242679419298953,7.16032151541088,-5.99578161685325,-2.81,0.153953778348192,0.0537245759973003,12.9292945861816,18.2277273933075,0.169738380080498,1.11052167089326,172.970001220703,34.121443065016,120.408421810644,-172.970001220703,1.15837502479553,12.9499998092651,8.88000011444092,16.1469993591309,40.860424041748,991.388970557679
10.775,-0.0251077781884035,-0.0474777808242563,0.488891781062106,0.453617076934609,0.104457445675883,-10.7357865247166,0.045682723840804,0.0325091107241043,0.00412769038031734,-0.0586912179559927,-0.0179552087655119,1.6200621556875,0.0483701133959646,0.0284320880000588,0.00524362578064731,11.604809215006,-5.69794823861895,-0.327463336433336,5.12902998729936,11.8697925740086,0.215682458190392,7.16042844105251,-5.99629081079578,-2.81,0.152495644141619,0.0542424699884055,12.9504270553589,18.2339866603136,0.169738380080498,1.11052167089326,172.970001220703,34.121443065016,120.408421810644,-172.970001220703,1.15837502479553,12.9499998092651,8.88000011444092,16.1469993591309,40.8629150390625,991.390003740027
10.8,-0.0262110847481753,-0.0485743538376046,0.488738553426517,0.428043619423125,0.0958108963588964,-10.6851395304582,0.0338489357146295,0.0448227222290879,0.0015246339288237,-0.0564394617822198,-0.0172417344715071,1.62022108805873,0.025809537526336,0.0654344841037933,0.00144991974521126,11.6147914425442,-5.72505491256287,-0.331303583932682,5.1538788212578,11.8823357553368,0.192421837690364,7.16053536669413,-5.9968000047383,-2.81,0.151631914471671,0.0530524209665785,12.9715595245361,18.2401947059229,0.169738380080498,1.11052167089326,172.970001220703,34.121443065016,120.408421810644,-172.970001220703,1.15837502479553,12.9499998092651,9.43148899078369,16.1083946228027,40.8654022216797,991.391036922374
10.825,-0.0243140519111807,-0.0495013201754702,0.488565131171997,0.409957176361127,0.130115176404621,-11.0021271176767,-0.000330352668259112,0.0509750135224722,-0.00052371924667858,-0.0591682726695177,-0.0149871287274395,1.62002877243406,-0.0349064620840003,0.0398951589643255,-0.00236823666960139,11.6252026865329,-5.71806115869396,-0.357105331584356,5.15017478189942,11.8920346518819,0.155873954558306,7.16063405035579,-5.99728403238372,-2.81,0.151978240181483,0.0529844842995124,12.9715595245361,18.2446177754335,0.169738380080498,1.11052167089326,172.970001220703,34.121443065016,120.408421810644,-172.970001220703,1.15837502479553,12.9499998092651,9.47999954223633,16.1049995422363,40.8678932189941,991.392070104721
10.85,-0.0243185691309402,-0.0466634479488935,0.488391704785914,0.471037000280691,0.215104718794045,-10.8291561027699,0.0156014235221361,0.0304841196085654,-0.00525245803886528,-0.0581894421927835,-0.0144593330137306,1.62002076653058,-0.0329984681893718,0.0329529681140288,-0.0074437723281784,11.6222841187363,-5.70851721767591,-0.364367273871009,5.14128495995471,11.8889038909606,0.136285375017991,7.1607183270439,-5.9977240693645,-2.81,0.151444484682532,0.0536852139573266,12.9715595245361,18.2397962824765,0.169738412164849,1.11052167724329,172.967315673828,34.1619997366791,120.499567186663,-172.967315673828,1.15804076194763,12.9526805877686,9.47999954223633,16.1049995422363,40.8696136474609,991.393138349817
10.875,-0.0243170453693368,-0.0476207271968745,0.488218279650741,0.468724373651127,0.0937982171309766,-10.531011251539,0.0110064781334666,0.0150778617938992,-0.00704552131284555,-0.057670153494088,-0.0149004481305127,1.62002270160339,0.00445939505782429,-0.00100812571690052,-0.00660387063218057,11.6298333986729,-5.70462630929642,-0.388537696003758,5.13836797484232,11.8966751701986,0.114202454942484,7.160802603732,-5.99816410634529,-2.81,0.14971551177404,0.053984896476399,12.9877467155457,18.2446286495221,0.169738620713127,1.11052171851847,172.949890136719,34.4256181067436,121.092012130624,-172.949890136719,1.15586841106415,12.9701061248779,9.47999954223633,16.1049995422363,40.8671264648438,991.394399440035
10.9,-0.0255843550337822,-0.0492010835519977,0.488044851200597,0.337448932816838,0.188050933057667,-10.3691991066338,-0.00917198574792306,0.0154119909620602,-0.00606317923465214,-0.0570334551383493,-0.0149135837411699,1.61995877752526,0.0364598377954271,0.00023214768404475,-0.00470080980414556,11.6377748728052,-5.71157377070558,-0.409560670336772,5.14680650753535,11.9050349769761,0.0902432377691246,7.16088688042011,-5.99860414332607,-2.81,0.148275133010295,0.0537264816115132,13.0039339065552,18.2485129349402,0.169738829261405,1.11052175979365,172.932464599609,34.6892364768081,121.684457074665,-172.932464599609,1.15369606018066,12.9875316619873,9.15531921386719,16.144889831543,40.8646392822266,991.395660530253
10.925,-0.0255843550337822,-0.0492010835519977,0.487871427712088,0.357348874036034,0.217641703420543,-10.5649179736883,0.0176270935800775,0.0418056560206898,-0.00993011346253696,-0.0560008994600641,-0.0139931870853034,1.61985158409452,0.0398240792684073,0.040257554517231,-0.00648229152789432,11.644718221619,-5.73088071867345,-0.408065696729901,5.16681699844994,11.9124789916897,0.0762906448749292,7.16099308727455,-5.99913834981876,-2.81,0.1482675879032,0.0528561555907158,13.0039339065552,18.2519436704303,0.169739037809684,1.11052180106883,172.9150390625,34.9528548454544,122.276902018627,-172.9150390625,1.15152370929718,13.0049571990967,9.13000011444092,16.1480007171631,40.8621482849121,991.39692162047
10.95,-0.0236587119055513,-0.0504865467030858,0.487698002563828,0.429584226750148,0.0823462764330309,-10.8290065003773,0.00513827814787467,0.0673390875752963,-0.00971662059844813,-0.0561627001377479,-0.012347110200876,1.61962730716625,0.0126544939736802,0.069701533944531,-0.009488752593408,11.6568752343472,-5.73645377460288,-0.418592062573161,5.17504600008766,11.9239865733538,0.0480057038146866,7.16117403141163,-5.99999348289812,-2.81,0.148272621649625,0.0525564090083595,13.0039339065552,18.2587502917578,0.169739217838539,1.11052183669954,172.899993896484,35.1804228399194,122.788328850704,-172.899993896484,1.14964842796326,13.0200004577637,9.13000011444092,16.1480007171631,40.8600006103516,991.39872917013
10.975,-0.0212967478221512,-0.0483916185833402,0.487524574940432,0.469376869566474,0.154694444030811,-10.9775957567239,-0.0213629186074089,0.0630279720890786,-0.0142889713496222,-0.057685710537383,-0.0106580568418707,1.61925859838505,-0.014242381948421,0.045182170968353,-0.0134095322639305,11.6736103793191,-5.71309029116035,-0.443448816818295,5.15689278788831,11.9379881287542,0.0110918070516032,7.1613549755487,-6.00084861597749,-2.81,0.14798453533232,0.0536470369390675,13.0179591178894,18.2696001981354,0.169739217838539,1.11052183669954,172.899993896484,35.1804228399194,122.788328850704,-172.899993896484,1.14964842796326,13.0200004577637,9.06461715698242,16.1489334106445,40.8600006103516,991.403986245013
11,-0.0224087733147403,-0.0498410509337422,0.487351152276052,0.489912157268448,0.0763370419473519,-11.0255184203341,-0.0554382373474931,0.0290278140829733,-0.0204005337107246,-0.0571837883674712,-0.0110131785100211,1.61922500095627,0.0160427593301355,0.0290413474579296,-0.013604355893093,11.6769847391327,-5.72229758083169,-0.473607434666068,5.16795899906193,11.9420630867026,-0.0171819944334305,7.16153591968578,-6.00170374905685,-2.81,0.146005300495572,0.0532569236212832,13.0319843292236,18.2689066341355,0.169739217838539,1.11052183669954,172.899993896484,35.1804228399194,122.788328850704,-172.899993896484,1.14964842796326,13.0200004577637,9.0600004196167,16.1490001678467,40.8600006103516,991.409243319897
11.025,-0.0222479211124654,-0.0490305956980056,0.487177723836172,0.451434146552147,0.253688240750259,-10.8152874766262,-0.0759937693368751,0.00146678597426739,-0.0263746500928389,-0.0589936783973922,-0.00936849214426359,1.61871818788651,-0.100667842941877,0.0366716302264589,-0.0237453760869641,11.6818930807083,-5.70532335571847,-0.513879987753836,5.15946454115246,11.9439034236225,-0.0671553422365155,7.16163562963845,-6.00222626452901,-2.81,0.14507738392554,0.0540351995519326,13.0319843292236,18.2645957159786,0.169739217838539,1.11052183669954,172.899993896484,35.1804228399194,122.788328850704,-172.899993896484,1.14964842796326,13.0200004577637,9.0600004196167,16.1490001678467,40.8600006103516,991.414500394781
11.05,-0.0227441176986058,-0.0450615388650306,0.487004299517388,0.372918989261726,0.218754592651735,-10.2646194578357,-0.0630975482810543,-0.00274063317601866,-0.0309754401176305,-0.0616696576130282,-0.00996026263732683,1.61813908644964,-0.0672964275277589,-0.0188632434447436,-0.0255269343332448,11.682571423905,-5.70246925631475,-0.508438833255697,5.16362735290057,11.9412947581404,-0.039658550228811,7.16172988041344,-6.00272642711328,-2.81,0.146163079209804,0.0539405730837993,13.0319843292236,18.2662284491245,0.169739242845023,1.11052184163845,172.899703979492,35.2119669180372,122.859367387941,-172.899703979492,1.14980959892273,13.0208940505981,9.0600004196167,16.1490001678467,40.8600006103516,991.417808500249
11.075,-0.0232063337354303,-0.0449308971126509,0.486830873961755,0.331879618194892,0.223353804280333,-9.88897538291659,-0.0393707469680585,0.00451650589668242,-0.0347986016983137,-0.0605944816099,-0.0104505977521125,1.61794061069359,-0.062958205034723,0.0121954714558921,-0.0302302700871564,11.6808933987649,-5.70214048644319,-0.526286849707722,5.16664467385228,11.9388894379775,-0.0579341913108656,7.16182413118843,-6.00322658969753,-2.81,0.144649889856738,0.0542426693661709,13.0378847122192,18.2612741842645,0.169739451827777,1.11052188291363,172.897216796875,35.4755852881017,123.453046592323,-172.897216796875,1.15115642547607,13.0283622741699,9.0600004196167,16.1490001678467,40.8600006103516,991.406777759309
11.1,-0.024304719557951,-0.0441058989753799,0.48665745005311,0.322456016477016,0.244493740245719,-9.49805169152202,-0.0222727052166376,0.00975178099212973,-0.0375250053117848,-0.0634706060205435,-0.0100108576818344,1.61623249255778,-0.0161863428489257,0.00667572437696127,-0.0364508755054563,11.7062269727193,-5.71462227303356,-0.53938032678802,5.19964965877987,11.955910447722,-0.0586309577103615,7.1619188339956,-6.00372819750817,-2.81,0.145076030122982,0.0536046518195442,13.0437850952148,18.2748229044802,0.16973966081053,1.11052192418881,172.894714355469,35.7392036581662,124.046725796705,-172.894714355469,1.15250325202942,13.0358295440674,8.89940452575684,16.1244373321533,40.8600006103516,991.395747018368
11.125,-0.0221260641409496,-0.0419272435583786,0.486484021196574,0.242855044932783,0.276891796141994,-9.23312037426328,0.0205429361423187,0.00654651912540388,-0.0423920521375522,-0.0634030417077349,-0.0103534249772853,1.61501218427854,0.06798583703041,-0.0249102301071282,-0.0398328907254286,11.7168657254913,-5.68826305283218,-0.534785703988262,5.18718249589124,11.9590012243571,-0.0519827542975417,7.16202921017337,-6.00427991584169,-2.81,0.145184490253699,0.0554765835215436,13.0437850952148,18.2807589556431,0.169739869793284,1.11052196546399,172.892227172852,36.0028220268125,124.640405001009,-172.892227172852,1.15385019779205,13.0432977676392,8.89000034332275,16.1229991912842,40.8600006103516,991.384716277427
11.15,-0.023671780306834,-0.0454015946596927,0.486310596471196,0.251700808064091,0.115161533956114,-9.09296674472511,0.0403355351585504,0.0211014206068539,-0.0447244236209241,-0.0609757198216706,-0.00927440920186959,1.61397985536369,0.0208258040229852,0.0538490895037047,-0.045463842533426,11.7259989430862,-5.71257521140085,-0.512338580970125,5.22157849463851,11.9635782079164,-0.0545166774331708,7.16213958635115,-6.00483163417521,-2.81,0.145917405941963,0.0549008295908756,13.0437850952148,18.2817454840884,0.16974005734191,1.11052200250582,172.889999389648,36.239402616241,125.173194030561,-172.889999389648,1.15505886077881,13.0500001907349,8.89000034332275,16.1229991912842,40.8600006103516,991.375543083029
11.175,-0.0224148371121605,-0.0460315656303759,0.486137171739224,0.168716328323974,0.199082814672906,-9.3882448216775,0.0133094231220865,0.0544197534207699,-0.0460190994646621,-0.0602688419901606,-0.00841465774792881,1.61293385377286,0.029306734919731,0.0802135414083819,-0.0456928535150738,11.7438173536999,-5.69559525426342,-0.50646320131956,5.21593701922801,11.9751202400857,-0.063659710010817,7.16224996252892,-6.00538335250873,-2.81,0.146227749400054,0.0562665681009965,13.0473484992981,18.2928682416121,0.16974005734191,1.11052200250582,172.889999389648,36.239402616241,125.173194030561,-172.889999389648,1.15505886077881,13.0500001907349,8.89000034332275,16.1229991912842,40.8600006103516,991.382623420878
11.2,-0.0204928517177053,-0.0479179955716346,0.485963744535355,0.183264824369512,0.152113618249968,-9.72372279511007,0.0294050443408002,0.0805470673577997,-0.0506096552434414,-0.0624626984920642,-0.00527475848254468,1.61150868660721,-0.00182737113548703,0.0882949589739585,-0.0514556936954871,11.7630174998674,-5.69034328683591,-0.455571347642058,5.2241717295778,11.9859401504661,-0.0374316222334451,7.16235922055451,-6.00592900737136,-2.81,0.150876183942107,0.0565557521327013,13.0509119033813,18.3071314506755,0.16974005734191,1.11052200250582,172.889999389648,36.239402616241,125.173194030561,-172.889999389648,1.15505886077881,13.0500001907349,8.55638313293457,16.1239547729492,40.8600006103516,991.389703758727
11.225,-0.0182947439841237,-0.0457526417716307,0.48579032186543,0.336987353424252,0.111752990119095,-9.96107448828924,0.0223234032080307,0.083495592272233,-0.0498332723841757,-0.0595556200482447,-0.00489707986777866,1.61049121446398,0.0526347896467033,0.0794056546956537,-0.0471695593730065,11.7735940013343,-5.66407589817362,-0.439736231966093,5.20848980317073,11.9900926733631,-0.0441712198251488,7.16243387037655,-6.00628699025303,-2.81,0.150802210365528,0.0588293983140733,13.0509119033813,18.3122196157656,0.16974005734191,1.11052200250582,172.889999389648,36.239402616241,125.173194030561,-172.889999389648,1.15505886077881,13.0500001907349,8.53999996185303,16.1240005493164,40.8600006103516,991.396784096576
11.25,-0.0179562251164562,-0.0479209679985891,0.485616895902452,0.361636044419384,0.150239073496681,-10.3172014170681,0.00128970653797142,0.0696183177134034,-0.0483658747469154,-0.0621129310934033,-0.00132204156869789,1.60911024793869,-0.0656193156008806,0.0862295971113837,-0.0510015164296985,11.7733344721383,-5.67527026296644,-0.424966999093593,5.23555327311726,11.9827587040961,-0.0563015508706014,7.16250852019858,-6.00664497313471,-2.81,0.153938910534255,0.0582073216057179,13.0509119033813,18.3006736579656,0.169740075352222,1.11052200603361,172.889785766602,36.2619341008134,125.224357812222,-172.889785766602,1.15509605407715,13.0531921386719,8.53999996185303,16.1240005493164,40.8597869873047,991.402933323637
11.275,-0.0167016197900145,-0.0454057471092786,0.485443468682663,0.313527837423071,-0.000495748599896928,-10.6974351535951,-0.00783995672399384,0.0619137451811014,-0.0508298916622693,-0.0619561777830619,-5.26054538659212e-05,1.60797514947651,-0.0858876389060614,0.0885489064336879,-0.0523955592285643,11.7766615656234,-5.6519516709882,-0.434298857387714,5.22633912775948,11.9792085829732,-0.0828967262125888,7.16258317002062,-6.00700295601638,-2.81,0.153896307830286,0.0598968667179706,13.0669345855713,18.2945330299075,0.169740286072878,1.11052204730879,172.887298583984,36.5255524694598,125.822974057735,-172.887298583984,1.15553045272827,13.0905323028564,8.53999996185303,16.1240005493164,40.8572998046875,991.399119665268
11.3,-0.0147978877712346,-0.0447738647907609,0.485270045614975,0.341010276420743,0.117529982904196,-10.7713128250278,-0.0589796273439778,0.0464730727853968,-0.0482025586951844,-0.0620075181808301,0.00024885030323997,1.60687342386599,-0.0793666488003914,0.068288358356886,-0.0513024199934489,11.7818886512574,-5.62590550898707,-0.454062880391287,5.21459535062413,11.9777429326438,-0.107497231491456,7.16265781984265,-6.00736093889806,-2.81,0.152994995576324,0.0617001329735205,13.0829572677612,18.2910478067257,0.169740496793534,1.11052208858397,172.884811401367,36.7891708395243,126.421590303168,-172.884811401367,1.15596497058868,13.127872467041,8.60731792449951,16.1259231567383,40.8548049926758,991.395306006898
11.325,-0.0152832853108209,-0.0449349768168713,0.4850984298468,0.340225154408457,0.15898496281308,-10.3457222019074,-0.0459155859175946,0.013166082849467,-0.0489967839723073,-0.0621818453073502,-4.64599579572678e-05,1.60584211349487,-0.0570087060332298,0.0353536233305931,-0.0487612150609493,11.7866745451707,-5.62153497188114,-0.458654916377229,5.22272045607817,11.9770308372195,-0.107888683975528,7.16273523493856,-6.00774314746891,-2.81,0.1527418410246,0.0622754925496869,13.0829572677612,18.2898102282859,0.169740707514191,1.11052212985915,172.88232421875,37.0527892095888,127.020206548681,-172.88232421875,1.1563994884491,13.1652126312256,8.60999965667725,16.1259994506836,40.8523178100586,991.391492348529
11.35,-0.0170052697482689,-0.0451020971510243,0.485,0.315718659255709,0.17327537138666,-9.96711254847378,-0.0212068882328749,-0.0127632821691798,-0.0522465647907189,-0.0623148053362368,-0.000503063110904453,1.60519492137375,-0.0353459024430785,0.0211002287280074,-0.0500458577866703,11.789263063087,-5.62579257825397,-0.485504401356346,5.23631191674945,11.9765003207541,-0.128287978497197,7.16282521050304,-6.00823539432934,-2.81,0.15119713982394,0.0622688964155201,13.0829572677612,18.2853425338078,0.169740903826597,1.1105221683121,172.880004882812,37.2983823911445,127.577891768895,-172.880004882812,1.15680420398712,13.1999998092651,8.60999965667725,16.1259994506836,40.8499984741211,991.388402800864
11.375,-0.0187442567973486,-0.0452367348973822,0.485,0.159079649487158,0.0562146579127225,-9.79207827601655,-0.0215012637144598,-0.0168199046069255,-0.052237734924799,-0.0648959328944512,-0.000547499255166235,1.60322932909381,-0.0319110998715767,-0.0100133903880578,-0.0537178334411487,11.7935168001354,-5.62907415429356,-0.495453476315274,5.26394993403433,11.9705770004022,-0.122905924287498,7.16291518606753,-6.00872764118978,-2.81,0.151704917652393,0.0623318994013909,13.0853605270386,18.2779084961965,0.169740903826597,1.1105221683121,172.880004882812,37.2983823911445,127.577891768895,-172.880004882812,1.15680420398712,13.1999998092651,8.60999965667725,16.1259994506836,40.8499984741211,991.395179261553
11.4,-0.0179857532764732,-0.0403494415236052,0.485,0.192964501143868,0.170129895323573,-9.67053139827762,-0.00727750058773046,-0.00331969859031557,-0.0526727989276159,-0.0635796842468491,-0.0019596617121478,1.6019788812641,0.0370911821505788,-0.0043420139537802,-0.0499751382279847,11.8090724840616,-5.60037109311292,-0.514023904544911,5.2507957773834,11.9788878464873,-0.134013261770427,7.16300516163201,-6.00921988805021,-2.81,0.149674186326908,0.0645712162010992,13.0877637863159,18.2863191928205,0.169740903826597,1.1105221683121,172.880004882812,37.2983823911445,127.577891768895,-172.880004882812,1.15680420398712,13.1999998092651,8.61970138549805,16.132791519165,40.8499984741211,991.401955722241
11.425,-0.0192412766589254,-0.0454017045776651,0.485,0.220770768621462,0.0372746346809237,-9.65060298567664,-0.0011425791667519,0.0132582790587816,-0.052784550049587,-0.0643867039217676,-0.00168142871584193,1.60102338030123,0.0387113977953418,-0.0107365324659555,-0.0500954761746289,11.8147192077176,-5.61064321405008,-0.505041812587423,5.27186384961068,11.9797439644213,-0.123128238513887,7.1630985703974,-6.0097335402077,-2.81,0.150583127954259,0.0641858828534799,13.0877637863159,18.2870814927186,0.169740903826597,1.1105221683121,172.880004882812,37.2983823911445,127.577891768895,-172.880004882812,1.15680420398712,13.1999998092651,8.61999988555908,16.132999420166,40.8499984741211,991.408732182929
11.45,-0.0192443372325828,-0.043478947341685,0.485,0.245779450955112,0.0234866324367396,-9.92188823123797,-0.0197251303118635,0.0120589030336467,-0.0539860384844916,-0.0653452250084653,-0.00131067693583005,1.60006967527822,0.0362991915915971,-0.017630241653826,-0.0504073154800994,11.8159241511715,-5.61645722632959,-0.500166773579691,5.28886843171857,11.9760191822362,-0.116864800098394,7.16320681603665,-6.01033969720288,-2.81,0.151394498644908,0.0640314583741423,13.0877637863159,18.2831952164783,0.169740914677346,1.11052217042877,172.880142211914,37.3119012807534,127.608716628726,-172.880142211914,1.15685105323792,13.1989784240723,8.61999988555908,16.132999420166,40.8499984741211,991.414883747507
11.475,-0.0192473404563455,-0.0415922192742988,0.484829943117314,0.303313676707522,0.0394116193984971,-10.1305700644037,-0.0258430519762422,0.0142769092317573,-0.0542858481202679,-0.0660139840673296,-4.44762035300774e-05,1.59904530414228,-0.0401785333580468,0.0249409914926812,-0.0549323033390807,11.8248203113511,-5.61400285622296,-0.500344298843067,5.29853759542022,11.9792638322419,-0.128394977569604,7.16331506167591,-6.01094585419805,-2.81,0.152089499014691,0.064367381984069,13.0997138023376,18.2843114460747,0.169741126266953,1.11052221170395,172.882614135742,37.575519652236,128.209801394843,-172.882614135742,1.15776336193085,13.1790637969971,8.61999988555908,16.132999420166,40.8499984741211,991.409474734043
11.5,-0.0167180735948187,-0.039056594833325,0.484514257361434,0.241516723190326,0.0436704351148615,-10.0964985535703,-0.0430496797275602,0.0118283600792591,-0.0532146299455382,-0.0678947188531041,-0.000166259350675662,1.59774705631982,-0.0121822022925772,-0.0158926572057454,-0.0492217763406113,11.8341777834566,-5.57586919061036,-0.524189279959815,5.27765007151929,11.9807717836234,-0.142732735580185,7.16342298374657,-6.01154919340347,-2.81,0.151468202967692,0.0665609007505713,13.1116638183594,18.2864449327007,0.169741337856561,1.11052225297913,172.885101318359,37.8391380194642,128.810886161039,-172.885101318359,1.15867578983307,13.1591491699219,8.42425537109375,16.1613845825195,40.8499984741211,991.404065720579
11.525,-0.0181472148852825,-0.0369444014925814,0.484190532453038,0.287503737564145,0.0584499749319995,-10.0241412881138,-0.0534488525902708,-0.000628608892378911,-0.0525736125335926,-0.070923126605899,0.000470496821681947,1.59554085379097,-0.0707523384464428,-0.0123672526093592,-0.0508468322948244,11.850922579987,-5.57438925099108,-0.552465569311092,5.30459714849558,11.9857634018209,-0.161630725507612,7.16351945678829,-6.01205282900012,-2.81,0.15131562445415,0.0668330965846113,13.1116638183594,18.2863566912807,0.169741549446168,1.11052229425431,172.887603759766,38.1027563895287,129.411970927156,-172.887603759766,1.15958821773529,13.1392345428467,8.42000007629395,16.1620006561279,40.8499984741211,991.398656707114
11.55,-0.0192666553620903,-0.0327189844690049,0.483866802918036,0.26654803345082,0.10543767942363,-9.89409454770292,-0.0478131784043023,-0.0131763165272764,-0.0514289499647536,-0.0686792959175419,-0.00178264798854361,1.59465016297002,-0.0192174072413843,-0.0111278925666955,-0.0499055415304976,11.8467456887208,-5.55497051744174,-0.570201746334212,5.29684617459504,11.9768067634254,-0.166527020754849,7.16361592983001,-6.01255646459676,-2.81,0.148823853889375,0.0686919235160593,13.1116638183594,18.2781281333941,0.169741753801942,1.11052233411838,172.889999389648,38.3573621646297,129.992505786745,-172.889999389648,1.16046941280365,13.1199998855591,8.42000007629395,16.1620006561279,40.8499984741211,991.393509495512
