0,-0.0319476460667064,-0.0403021781817761,0.481451149059335,-0.493703802605614,0.0530718333285105,-8.34080748588803,0.17421809268498,0.0710154068688752,-0.00196252730074765,-0.0354061089456081,-0.022157771512866,-2.55814671516418,0.073041707277298,0.0886251702904701,-0.0155672021210194,15.7685181880712,9.72333472526948,0.0601141221966421,-7.80751304489646,-16.7997467593371,0.0653192985624885,7.50130796872839,-6.21052724448475,-2.81,0.131806075831031,0.0167963476214892,18.5105438232422,18.8350479646222,0.16978907840461,1.11051766187197,174.649993896484,0,0,-174.649993896484,4.27850008010864,18.7099990844727,6.86999988555908,16.0839996337891,37.9599990844727,991.283935546875
0.025,-0.0300317864530863,-0.0472892664699909,0.481451149059335,-0.268140100963318,0.136655215655086,-8.67279911047692,0.186298349477876,0.105572708507901,-0.0124634833380702,-0.032403471547198,-0.0199731491517787,-2.5585003356611,0.0899742220227543,0.113275976388564,-0.015349899268954,15.7736497244711,9.72567364015999,0.0821021030456195,-7.81484709482708,-16.8025274253716,0.0820435533247551,7.50123880349492,-6.21057459532343,-2.81,0.13476331730765,0.01734108037415,18.5105438232422,18.8450488965423,0.16978907840461,1.11051766187197,174.649993896484,0,0,-174.649993896484,4.27850008010864,18.7099990844727,6.46097135543823,16.1189155578613,37.9575119018555,991.281763881304
0.05,-0.027646891550734,-0.0510313943061816,0.481451149059335,-0.179302211539492,0.129894062249861,-9.02758222271441,0.20861085860734,0.117056928301142,-0.0141117991783911,-0.0294008341487878,-0.0177885267906914,-2.55885395615802,0.106906736768211,0.137926782486658,-0.0151325964168886,15.7707998303603,9.72611843998113,0.108378628117173,-7.81667317005807,-16.7992937631833,0.10296958594839,7.50116963826146,-6.2106219461621,-2.81,0.137999747482545,0.017798116622771,18.5105438232422,18.8478558716271,0.16978907840461,1.11051766187197,174.649993896484,0,0,-174.649993896484,4.27850008010864,18.7099990844727,6.46000003814697,16.1189994812012,37.9550247192383,991.279592215732
0.075,-0.0245735296711015,-0.0572759098754901,0.481451149059335,-0.0941579855738344,0.00872377280880385,-9.47031789526191,0.19617905835782,0.118278634366033,-0.0133314199173523,-0.0224233614400177,-0.0134683195138569,-2.55949243152309,0.114832258000299,0.138734245243519,-0.018079592924698,15.7589124711731,9.74149760200237,0.158318504498386,-7.80677652113211,-16.8016745288318,0.152104993616362,7.50110047302799,-6.21066929700078,-2.81,0.144850309423486,0.0196268054787845,18.5111541748047,18.848728229836,0.16978907840461,1.11051766187197,174.649993896484,0,0,-174.649993896484,4.27850008010864,18.7099990844727,6.46000003814697,16.1189994812012,37.9525375366211,991.277420550161
0.1,-0.0211120654845795,-0.0667296295508029,0.481451149059335,-0.0625726514592193,-0.00391778261974693,-10.0876823079469,0.14838511791265,0.109914319001759,-0.0183915604163966,-0.0176367868391832,-0.0124069157522692,-2.55975218877531,0.157943045727794,0.129572487383202,-0.0161521967122922,15.7410904087583,9.77102600143983,0.177017961338019,-7.77920469578644,-16.8145829828152,0.199962874624932,7.50111676131232,-6.21066315884294,-2.81,0.148488071377997,0.0218951583365111,18.5117645263672,18.8412105760783,0.16978907840461,1.11051766187197,174.649993896484,0,0,-174.649993896484,4.27850008010864,18.7099990844727,6.46000003814697,16.1189994812012,37.9500465393066,991.27524888459
0.125,-0.0202136067988894,-0.0749171075857984,0.481451149059335,-0.167952204066191,-0.156877245876003,-10.1699085883046,0.0740577641225997,0.0942155424972855,-0.021123229716751,-0.01476363037842,-0.00795926580993152,-2.56055092157205,0.0521982999619592,0.116832252268164,-0.0188296549618881,15.7313677175955,9.77293227693847,0.148958598613438,-7.78432968676603,-16.8046323592543,0.129872314100957,7.5011785137537,-6.21062856273273,-2.81,0.149212650278766,0.0225222360619806,18.5117645263672,18.8287685899022,0.169788786599621,1.110517601807,174.645111083984,-0.38362592762987,-0.828958778688351,-174.645111083984,4.27977848052979,18.6855926513672,6.7169189453125,16.1041774749756,37.9500007629395,991.279959728367
0.15,-0.0179267531084132,-0.073482729139765,0.481451149059335,-0.103508887891531,-0.107674696237755,-9.75315393118533,0.0175389377015514,0.0572672363935619,-0.0199130564381071,-0.01244864470813,-0.00699630878781118,-2.5609610574777,0.0336143317445415,0.0846308448056591,-0.0175092814523053,15.7099491415106,9.8159628599094,0.164703456547958,-7.74950046325563,-16.8257175316508,0.152408135173741,7.50124026619508,-6.21059396662253,-2.81,0.151482826213063,0.0252128187226427,18.5117645263672,18.8159985931411,0.169788489128516,1.11051754057572,174.64013671875,-0.774700902976465,-1.6740138443599,-174.64013671875,4.281081199646,18.6607112884521,6.71999979019165,16.1040000915527,37.9500007629395,991.284804213103
0.175,-0.0169338602051407,-0.0708961318832353,0.481451149059335,0.0136591607199476,-0.0748031109681304,-9.66786481540112,-0.0255044213559277,0.00248945393607036,-0.019048135814857,-0.0159779672665336,-0.00532307460295718,-2.56144195571888,-0.0216607452490351,0.0457608334253333,-0.022079474808736,15.6922080758022,9.81646621052077,0.138545979600961,-7.74312309987178,-16.8127151096658,0.0652184519930829,7.50130201863646,-6.21055937051232,-2.81,0.148767493661002,0.024844248281373,18.4994344711304,18.7900262016249,0.169788191657411,1.11051747934444,174.635162353516,-1.16577587832306,-2.5190689099526,-174.635162353516,4.28238391876221,18.6358299255371,6.71999979019165,16.1040000915527,37.9500007629395,991.28964869784
0.2,-0.0167269814680932,-0.0694263911167845,0.481451149059335,-0.0885694843142875,-0.164382913040544,-9.83643580274648,-0.0796431710081335,-0.00775855387664766,-0.0167703927022329,-0.0177211628651967,-0.00547137837198297,-2.56226057276418,-0.064384494105794,-0.0193851732760352,-0.0153268368858779,15.6799623252575,9.85198013840486,0.193464632058449,-7.72651110918024,-16.8300396674002,0.104645144789051,7.50136377107784,-6.21052477440211,-2.81,0.15081054771959,0.0266120599010813,18.4871044158936,18.7924832380249,0.169787894186305,1.11051741811316,174.63020324707,-1.55685085225149,-3.36412397562414,-174.63020324707,4.28368663787842,18.6109485626221,6.71999979019165,16.1040000915527,37.9500007629395,991.294493182575
0.225,-0.0185730115558865,-0.0663548843790828,0.481451149059335,-0.190565669630704,-0.14317501818812,-9.90654571725292,-0.126196702210888,0.0329620653390567,-0.00503897094495994,-0.0203704421145313,-0.00473089793258821,-2.56246720197177,-0.0991495900533791,0.00533776767788879,-0.0108610834895365,15.6768376137538,9.86908098060703,0.200322362220608,-7.71807012455609,-16.8412626818904,0.0734224120571185,7.50145250031513,-6.21047329889537,-2.81,0.150004980946318,0.0271899617726393,18.4871044158936,18.787274327079,0.169787882854073,1.11051741578054,174.630004882812,-1.57174894626678,-3.39631654959053,-174.630004882812,4.28373622894287,18.6100006103516,6.87658786773682,16.0991077423096,37.9500007629395,991.289170540905
0.25,-0.017563246299295,-0.0626322923037904,0.481451149059335,-0.0303104449991092,-0.0128161600892738,-10.1139641727745,-0.155825228510674,0.020500546137321,3.74040923091583e-05,-0.0230208391696155,-0.00398932102919965,-2.56267307618998,-0.133904867671305,0.0301715770117084,-0.00639815134780059,15.6620795777448,9.8814301921651,0.215343089268304,-7.70234026488607,-16.8422443726201,0.0503083014922566,7.50165402970781,-6.21035124426727,-2.81,0.149719172581278,0.0275326829562608,18.4871044158936,18.7717862118219,0.169787882854073,1.11051741578054,174.630004882812,-1.57174894626678,-3.39631654959053,-174.630004882812,4.28373622894287,18.6100006103516,6.88000011444092,16.0990009307861,37.9500007629395,991.283445240762
0.275,-0.0161779703117409,-0.0618619336770703,0.48386273473624,0.0579417373550466,-0.0375954384639466,-9.78312616295806,-0.182390830332142,-0.0546723463875232,0.00148852297441485,-0.0265119464031108,-0.00524549470938783,-2.56266543077066,-0.173441068296986,-0.00591486457051943,0.00071171157661541,15.6394121699035,9.89097291804336,0.254558250510689,-7.6774234523457,-16.8386165057737,0.0743067517379662,7.50185555910049,-6.21022918963916,-2.81,0.150021664663914,0.0275940764500815,18.4799356460571,18.7534624452985,0.169787882854073,1.11051741578054,174.630004882812,-1.57174894626678,-3.39631654959053,-174.630004882812,4.28373622894287,18.6100006103516,6.88000011444092,16.0990009307861,37.9500007629395,991.277719940619
0.3,-0.0161835562444232,-0.0622141360968357,0.486045667567257,-0.0853404148397544,-0.0469848262284797,-9.44375542157064,-0.188415843836296,-0.0822086387792874,0.0113377054912666,-0.0301388298911947,-0.00682430881763954,-2.56262330153348,-0.213749396864183,-0.0518400397738888,0.00824905873645055,15.6276626473562,9.89572467738473,0.298359992623213,-7.66345073761816,-16.8374098195615,0.106671250121005,7.50200779018072,-6.21013700724468,-2.81,0.150356904252671,0.027368514235383,18.4727668762207,18.7466538605448,0.169787882854073,1.11051741578054,174.630004882812,-1.57174894626678,-3.39631654959053,-174.630004882812,4.28373622894287,18.6100006103516,7.19090032577515,16.1077442169189,37.9500007629395,991.271994640477
0.325,-0.0202343117077415,-0.051447512216422,0.487988046078148,-0.0278420072391283,0.0665622308876568,-9.34367304262241,-0.167856114048645,-0.054194388311417,0.0185466727171941,-0.0335408116239706,-0.00708520592572108,-2.56263102467511,-0.194448687226498,-0.0672299544594183,0.0101724058849742,15.6198981926896,9.88648037228871,0.302225783546147,-7.66224868969097,-16.8255284537707,0.0811874039424252,7.5021279160515,-6.21006427895054,-2.81,0.148889714378751,0.0264412327242807,18.4727668762207,18.735137098308,0.169787604428563,1.11051735927654,174.627655029297,-1.93263150664469,-4.18726694266998,-174.627655029297,4.28320407867432,18.5771560668945,7.19999980926514,16.1079998016357,37.9500007629395,991.273614820146
0.35,-0.0204604108645902,-0.0467181847092976,0.489930415513748,-0.0298210905658375,-0.0687735888015835,-9.1762544726516,-0.162698069323437,-0.0272753180501749,0.0221164212758107,-0.0412332215936843,-0.00836348279088921,-2.56209053983096,-0.180451228174956,-0.0168733334297465,0.0221138082132438,15.6196539358107,9.88423924403605,0.3946345054853,-7.65216210643112,-16.8302739814896,0.117489172457519,7.50224804192228,-6.20999155065639,-2.81,0.149766177495306,0.0252438617520881,18.4727668762207,18.735440712992,0.169787309128779,1.11051729934806,174.62516784668,-2.31538573614524,-5.02615372313712,-174.62516784668,4.282639503479,18.5423221588135,7.19999980926514,16.1079998016357,37.9500007629395,991.27568018041
0.375,-0.0198811203821684,-0.0423038093661192,0.491866306325095,0.177030067602321,-0.0493745894844077,-9.48274310395896,-0.1800259005277,-0.0298700945154099,0.0319748364110058,-0.0446588235396966,-0.00889332063074378,-2.56167992748155,-0.165631793081898,-0.0188489745168274,0.0278827500892993,15.6174921874771,9.87917839433783,0.428071790754589,-7.6453993321733,-16.8291293578188,0.125489204730942,7.50236816779306,-6.20991882236225,-2.81,0.149781330423175,0.0244842017088902,18.4658060073853,18.7307124664408,0.169787013828996,1.11051723941957,174.622680664062,-2.69813996848213,-5.8650405036831,-174.622680664062,4.28207445144653,18.5074882507324,7.19999980926514,16.1079998016357,37.9500007629395,991.277745540673
0.4,-0.01995289107952,-0.0406108044220881,0.492907370040029,0.214874062474673,-0.02027411147056,-9.84567994993801,-0.208768386420659,-0.0666231863447034,0.0351240081949544,-0.0460526751581963,-0.00972222342375181,-2.56120128624064,-0.184729744212782,-0.011618239140688,0.0326202527116628,15.6076081611101,9.87251976645445,0.478623544057454,-7.63107254452566,-16.823469943643,0.175357983105515,7.50250214033501,-6.20983737042673,-2.81,0.15172465562906,0.0238937983685726,18.4588451385498,18.7239590212323,0.169786718529212,1.11051717949109,174.620178222656,-3.08089419798269,-6.70392728422908,-174.620178222656,4.28150987625122,18.4726543426514,7.19999980926514,16.1079998016357,37.9500007629395,991.279810900937
0.425,-0.022169394926778,-0.0310633217919743,0.492686644420012,0.216950923829927,0.0573528789594759,-10.4649013679959,-0.240748440938795,-0.0746508193621532,0.0378804018911838,-0.056173179811939,-0.0119233292671047,-2.55986921950207,-0.233252335368196,-0.0514869096418223,0.038221814382701,15.6177452647963,9.85364266278381,0.534632315586,-7.62597461615118,-16.8258957404299,0.166782135638953,7.50264626558276,-6.20974952211166,-2.81,0.14926588228719,0.0214598635347205,18.4588451385498,18.7200150158863,0.169786696030181,1.11051717492511,174.619995117188,-3.11005642489771,-6.7678424674915,-174.619995117188,4.28146696090698,18.4699993133545,8.62037944793701,16.0293025970459,37.9500007629395,991.280403173365
0.45,-0.0230847808405112,-0.0240238158933361,0.49246591998073,0.215811401133371,0.0582831728688911,-10.4231843827376,-0.238163259675126,-0.0631825611931663,0.0384105884215818,-0.0635547938727678,-0.0129894450441127,-2.55900488186547,-0.247724098767928,-0.0542104439337756,0.0403487166091196,15.6304187449363,9.83247721263549,0.538572262666879,-7.63429804744059,-16.8220595410134,0.116036557210017,7.5027903908305,-6.20966167379659,-2.81,0.145556859241205,0.0193376273276374,18.4588451385498,18.716733818011,0.169786696030181,1.11051717492511,174.619995117188,-3.11005642489771,-6.7678424674915,-174.619995117188,4.28146696090698,18.4699993133545,8.68000030517578,16.0259990692139,37.9500007629395,991.280873954014
0.475,-0.0245920067197606,-0.019226721272648,0.492245199161151,0.293124395369966,0.219602386721121,-10.202614988374,-0.208719122369289,-0.0403029718336472,0.0418283513660681,-0.0668537414806273,-0.0144276965131769,-2.55808886268594,-0.16648800427608,-0.0528810540439545,0.044411077261458,15.6400787734178,9.81614902343351,0.57180603047106,-7.63471268464124,-16.8222249294161,0.140422478822109,7.50293451607825,-6.20957382548152,-2.81,0.145398696307096,0.0179552059385316,18.4664812088013,18.7211569896423,0.169786696030181,1.11051717492511,174.619995117188,-3.11005642489771,-6.7678424674915,-174.619995117188,4.28146696090698,18.4699993133545,8.68000030517578,16.0259990692139,37.9500007629395,991.281344734662
0.5,-0.19959981859765,-0.0181607674318586,0.492024475118605,0.298686787336581,0.370169789118281,-9.82931226821413,-0.104614124729236,-0.0357328156956247,0.0405022157267415,-0.0714030464835629,-0.0146364361611566,-2.55734027833646,-0.114015604608946,-0.0485945754170021,0.0447504994134166,15.6510511699019,9.76125855687662,0.589793601600696,-7.6612848211164,-16.7891484888909,0.120978251255824,7.50307864132599,-6.20948597716645,-2.81,0.143997481959528,0.0143964175846436,18.4741172790527,18.7210526304581,0.169786696030181,1.11051717492511,174.619995117188,-3.11005642489771,-6.7678424674915,-174.619995117188,4.28146696090698,18.4699993133545,8.68000030517578,16.0259990692139,37.9500007629395,991.28181551531
0.525,-0.199611488528376,-0.0108293171028124,0.491803751206752,0.293718863666009,0.201951142253033,-9.48477133450562,-0.026596277887429,-0.0444598317768364,0.0379923256447455,-0.0739472616830329,-0.0149776280407982,-2.55662643083997,-0.0541510755534152,-0.051998135655327,0.0428936428116444,15.6583240339094,9.72067705858212,0.629147017865081,-7.67601953082574,-16.7668884496515,0.143791089996989,7.50330384275654,-6.20934794067447,-2.81,0.144732181679563,0.0118385822011448,18.4741172790527,18.7242730561648,0.169786428461281,1.11051712031119,174.615493774414,-3.45886730223835,-7.52795143478544,-174.615493774414,4.28260660171509,18.4947624206543,9.13611316680908,16.0507068634033,37.9500007629395,991.285061804604
0.55,-0.19995206352043,-0.0104887421107585,0.491583026176647,0.196981343920283,0.437933554856959,-9.1103205608491,0.080220768345842,-0.00519463361188501,0.0365823599063276,-0.0752930960319561,-0.015397982568298,-2.5559333444981,0.0101315031518152,-0.0599977969262243,0.0397241375712005,15.6769188278101,9.67768547645661,0.688172354634293,-7.70052523305055,-16.7498960525391,0.199636341720561,7.50354015706523,-6.20920302503408,-2.81,0.147002656158607,0.00928404800783424,18.4741172790527,18.7437382823282,0.169786132727233,1.11051705994844,174.61051940918,-3.84439511321487,-8.368071872325,-174.61051940918,4.2838659286499,18.5221328735352,9.15999984741211,16.0520000457764,37.9500007629395,991.288600252703
0.575,-0.200751374507695,-0.00769268706893825,0.491362304808886,-0.117383240311346,0.220050809420321,-8.85372106526525,0.177961220414383,0.169465851049535,0.0359674768946571,-0.0704426119628015,-0.0118747029777435,-2.55499920441611,0.141906258273367,0.112755790388387,0.0350957040345618,15.7356983043458,9.64525182446589,0.682618347828957,-7.75197247492841,-16.7624667105508,0.188902665881707,7.50377647137391,-6.20905810939369,-2.81,0.149343842591464,0.00789323029542684,18.4563407897949,18.7911076367258,0.169785836993185,1.11051699958569,174.605545043945,-4.22992292560955,-9.20819230986456,-174.605545043945,4.28512525558472,18.5495014190674,9.15999984741211,16.0520000457764,37.9500007629395,991.292138700802
0.6,-0.194230448820877,-0.0161127359032892,0.491141581357851,-0.31410029242282,0.297262987558343,-9.80960016858609,0.226882321327142,0.536503026991761,0.0404150452695865,-0.0641475084955773,-0.00413255175193027,-2.55427123578495,0.231050978729875,0.397731245977467,0.0410941542573229,15.8355412367636,9.62692501949898,0.713873588456787,-7.83252103368037,-16.8100401128928,0.160725705725913,7.5040127856826,-6.2089131937533,-2.81,0.154686655541897,0.0074170451682725,18.4385643005371,18.8790458648425,0.169785541259138,1.11051693922294,174.6005859375,-4.61545073800423,-10.0483127474041,-174.6005859375,4.28638458251953,18.5768718719482,9.15999984741211,16.0520000457764,37.9500007629395,991.2956771489
0.625,-0.176856841527218,-0.0253942996238798,0.490920857906816,-0.0426672553863874,0.220043219233811,-11.9435313571668,0.298712519225091,0.979482235540814,0.042845143508097,-0.0565963465697964,0.0215174162999693,-2.55375858076297,0.277420951545981,0.916103950291317,0.0511510447361715,15.9469334944011,9.5669001515644,0.909474607676545,-7.94818301739426,-16.8369604544982,0.0236605691792284,7.50421987457663,-6.20878900572999,-2.81,0.172029144669981,0.00481707602575432,18.4385643005371,18.9674567536484,0.169785507460961,1.11051693232434,174.600006103516,-4.65951105893453,-10.1443265117146,-174.600006103516,4.28652858734131,18.5799999237061,10.0349054336548,15.8986558914185,37.9477958679199,991.275905229469
0.65,-0.150538637272132,-0.0333742478783752,0.490700136560763,0.653732102295808,0.201957315189753,-15.3084193206462,0.31863172114986,1.29263829909016,0.0480193094991611,-0.0505392477684825,0.045323485617699,-2.5530988923576,0.338329532877388,1.20752812081005,0.0611203129251663,16.0102216060626,9.54915130533527,1.15588094904019,-8.00213189849436,-16.8763890697963,-0.0540771646137668,7.50442489701394,-6.20866628330517,-2.81,0.191182042843356,0.00435562430959398,18.4385643005371,19.0223217241311,0.169785507460961,1.11051693232434,174.600006103516,-4.65951105893453,-10.1443265117146,-174.600006103516,4.28652858734131,18.5799999237061,10.0900001525879,15.8889999389648,37.9453086853027,991.253125520679
0.675,-0.140659158488795,-0.0358190672805329,0.490479412563323,1.46629203366318,0.184993089261469,-19.2021453746667,0.338479226868101,1.38930977670893,0.0517134984954772,-0.0448949017166848,0.0637178492426944,-2.552637833787,0.336397083084305,1.38279888398004,0.0646863734880368,16.0153143878352,9.52275510828916,1.33587223461616,-8.02029785059407,-16.8706678740581,-0.114465242966411,7.50462991945125,-6.20854356088034,-2.81,0.206244481592156,0.00352271456648253,18.3315563201904,19.025514047225,0.169785507460961,1.11051693232434,174.600006103516,-4.65951105893453,-10.1443265117146,-174.600006103516,4.28652858734131,18.5799999237061,10.0900001525879,15.8889999389648,37.9428176879883,991.230345811889
0.7,-0.114832345272023,-0.0450993342124431,0.490258686480361,2.1487510385191,0.125263920754986,-22.2054141690659,0.292264270546886,1.32971287410754,0.0453487117191247,-0.0325777799161759,0.121459421369299,-2.55014509052416,0.336882187921275,1.37249877742339,0.0694402478134142,15.9861817415567,9.51928023483639,1.56458852625136,-7.96581059217241,-16.8727302489778,-0.69244182049468,7.50483494188856,-6.20842083845552,-2.81,0.233950175342562,0.004453556052989,18.2245483398438,18.9090565890397,0.169785507460961,1.11051693232434,174.600006103516,-4.65951105893453,-10.1443265117146,-174.600006103516,4.28652858734131,18.5799999237061,10.0900001525879,15.8889999389648,37.9403305053711,991.207566103099
0.725,-0.0709640932905792,-0.0592144132829063,0.490037961997692,2.71851815608759,0.189366374711521,-24.3204763069665,0.277712740377979,1.20728049141651,0.0333393298184975,-0.0243315452912868,0.155652471598443,-2.54889921309569,0.271373520843142,1.2579297882657,0.0529760357689778,15.8852867053413,9.50283982736189,1.91598860398687,-7.90042761388356,-16.8304057063431,-0.798747834848984,7.50503996432586,-6.2082981160307,-2.81,0.262911164511232,0.00456791394379594,18.2245483398438,18.8202746057346,0.169785250781757,1.11051688076268,174.604309082031,-4.98882762169038,-10.8735000603047,-174.604309082031,4.28690481185913,18.5519676208496,9.67092418670654,16.0175170898438,37.939998626709,991.204528808594
0.75,-0.0527280263640695,-0.0675110288451549,0.489817242756622,3.09695153569893,0.114011985291383,-25.7922153044733,0.229415216276787,1.04951643437293,0.0180750729415746,-0.0200535556224127,0.180686045312822,-2.54781805056989,0.224145796637808,1.05552879528406,0.043239092478355,15.8285516239147,9.52395436446513,1.94646983463408,-7.8177373957715,-16.8128138298209,-1.11793166116023,7.50576488241439,-6.20785069955894,-2.81,0.27141431920472,0.00618822687279862,18.2245483398438,18.7119763875195,0.169784954613445,1.11051682126846,174.609283447266,-5.36880826971498,-11.7148541549956,-174.609283447266,4.28733921051025,18.5196208953857,9.64000034332275,16.0270004272461,37.939998626709,991.204528808594
0.775,-0.0466378197856593,-0.0702545483038747,0.489596518213286,3.35145092864595,0.0697833091158216,-26.6767570719869,0.141466277848536,0.8237894503168,0.00175951762138598,-0.0161743591745093,0.200385587942005,-2.54715125105427,0.153859645876929,0.831758733815875,0.0254711315543874,15.7603005801188,9.54676508357973,1.94486626028753,-7.72719862136626,-16.78359182144,-1.38266038650213,7.50650549467571,-6.2073934814963,-2.81,0.277364080836547,0.00795951243809373,18.1482706069946,18.5999734084004,0.169784658445133,1.11051676177424,174.6142578125,-5.74878891915774,-12.5562082495287,-174.6142578125,4.28777360916138,18.4872760772705,9.64000034332275,16.0270004272461,37.939998626709,991.204528808594
0.8,-0.0456335497588386,-0.0704110061321017,0.489375791644586,3.46503671359641,-0.020311179616576,-26.673413326942,0.044663286623123,0.524999382761162,-0.0133811473321626,-0.0122951627266059,0.220085130571188,-2.54648445153866,0.0835734951160489,0.607988672347689,0.00770317063041974,15.6734900428564,9.57187743267112,1.94652890400415,-7.61756386068296,-16.7439723940757,-1.63713523527208,7.50724610693702,-6.20693626343365,-2.81,0.283769738289579,0.00991231973427898,18.0719928741455,18.4706420768584,0.16978436227682,1.11051670228002,174.619232177734,-6.12876956860051,-13.3975623440618,-174.619232177734,4.28820753097534,18.4549293518066,9.72317504882812,15.9807920455933,37.939998626709,991.204528808594
0.825,-0.0236341339014476,-0.0777752552259545,0.489155069793947,3.20912221647131,0.0284816770687245,-25.3565712320833,-0.0360109988557501,0.18539314337051,-0.023123455771297,-0.0135440891854667,0.223788989420943,-2.54698474786484,0.00570741802873336,0.348936962602729,-0.00392588338970394,15.5767476342508,9.61086893607845,1.7694205319297,-7.48605950941648,-16.6924835062024,-1.85866215409445,7.50793802274988,-6.20650768329915,-2.81,0.275923159789038,0.0119683456644477,18.0719928741455,18.3215909421146,0.169784317146411,1.11051669321423,174.619995117188,-6.18667138215957,-13.5257686823387,-174.619995117188,4.28827381134033,18.4500007629395,9.72999954223633,15.9770002365112,37.939998626709,991.205996255739
0.85,-0.0270480645779905,-0.0743613245494115,0.486091971211434,2.62970680061688,0.100436470656988,-22.8162063258773,-0.0855554594885601,-0.122423229976694,-0.0278553614733703,-0.0148522216073803,0.227308172536503,-2.54749851871855,-0.072246171945107,0.0894779139537891,-0.0154840615938729,15.4867188152637,9.64265588158169,1.59556450689349,-7.36400490248377,-16.6382116152336,-2.07519740078057,7.50862019557242,-6.20608483292658,-2.81,0.267964079091665,0.0136466350753529,18.0719928741455,18.1814240742929,0.169784317146411,1.11051669321423,174.619995117188,-6.18667138215957,-13.5257686823387,-174.619995117188,4.28827381134033,18.4500007629395,9.72999954223633,15.9770002365112,37.939998626709,991.207727513607
0.875,-0.0299933824027583,-0.0714160067246438,0.476399438727783,1.91973038045668,0.115020676459574,-19.5804538397417,-0.088430953406332,-0.33060610745266,-0.0303879292332331,-0.0177824197140485,0.218303456927779,-2.5491458000104,-0.128750741381244,-0.291806969823314,-0.0324356039653827,15.4201233276066,9.70703056668645,1.12918478623091,-7.22971453836898,-16.5898951855554,-2.40589059780802,7.50930236839496,-6.205661982554,-2.81,0.241049807999387,0.0170722230318447,17.9905548095703,18.0342513845496,0.169784317146411,1.11051669321423,174.619995117188,-6.18667138215957,-13.5257686823387,-174.619995117188,4.28827381134033,18.4500007629395,9.72999954223633,15.9770002365112,37.939998626709,991.209458771475
0.9,-0.0487251911649532,-0.0821797044713545,0.466687614037363,1.21198412694943,0.0411166431333942,-16.0075781422284,-0.0887357879035545,-0.456835731069323,-0.0294379978823444,-0.0199914127588272,0.206780999898911,-2.55022072792053,-0.0469185672700405,-0.466799855232239,-0.0402314737439156,15.3393265617775,9.77687245073877,0.290437513015671,-7.02649174095049,-16.5001001894939,-3.05640896917455,7.5099845412175,-6.20523913218143,-2.81,0.193394095399528,0.0210018556791384,17.9091167449951,17.8144330325579,0.169784317146411,1.11051669321423,174.619995117188,-6.18667138215957,-13.5257686823387,-174.619995117188,4.28827381134033,18.4500007629395,8.07440757751465,16.0529193878174,37.939998626709,991.211190029343
0.925,-0.0594703093274169,-0.0810670773039468,0.456975718944708,0.799549779195733,0.0638472285369924,-12.7661086244043,-0.114555528743728,-0.533231983970451,-0.0302048754299008,-0.0234088868150502,0.193117873125596,-2.55168667018363,-0.135132792700772,-0.534895344883738,-0.0394825286252618,15.2983072849001,9.7991465868824,0.108776276802719,-7.00620579898685,-16.4820169536819,-3.05442455032344,7.51073459388095,-6.20477256274433,-2.81,0.179925825866213,0.0219491168085918,17.9091167449951,17.7882841781307,0.169784073908724,1.11051664607794,174.706573486328,-6.48772382946258,-14.2167576086178,-174.706573486328,4.29313135147095,18.3799057006836,7.92000007629395,16.0599994659424,37.939998626709,991.222383761293
0.95,-0.0703584123988578,-0.0769723736245933,0.449192882825606,0.23857362429167,0.0838624377518122,-10.2113937684517,-0.119838882390176,-0.551739086078859,-0.0307590749883084,-0.027006309650433,0.180448159359984,-2.55280539321044,-0.080455541667401,-0.57476763848612,-0.040332057605817,15.2204801711776,9.84556298437039,-0.221685023132299,-6.91686201538482,-16.4466604095943,-3.21117620218912,7.51149802363543,-6.20429737758423,-2.81,0.158474384604511,0.0242768356836865,17.9091167449951,17.6987151013933,0.169783780345998,1.1105165891893,174.811080932617,-6.85106299146776,-15.0507097610318,-174.811080932617,4.2989935874939,18.2953071594238,7.92000007629395,16.0599994659424,37.939998626709,991.235535246501
0.975,-0.0750445272637823,-0.0887869010245625,0.450271988434651,0.0183760547749091,0.0490826399660691,-8.3210168049297,-0.130888933832001,-0.491931487805195,-0.0301658973307259,-0.0313516484676675,0.165759096101917,-2.55411730068851,-0.0950072512939564,-0.535495891374152,-0.0355833462180864,15.2352837763316,9.84836998555517,-0.22893310586328,-6.98142826729098,-16.4666444180398,-3.04400302943444,7.51226145338992,-6.20382219242412,-2.81,0.153392238010894,0.0238783431984336,17.8360118865967,17.7608366686861,0.169783486783272,1.11051653230067,174.915588378906,-7.21440215347294,-15.8846619134458,-174.915588378906,4.304856300354,18.2107124328613,7.92000007629395,16.0599994659424,37.939998626709,991.248686731709
1,-0.0890650410569453,-0.085734656820986,0.451351083541187,-0.268570331223619,-0.0029200175154972,-6.98010178539722,-0.151318325081132,-0.36862896972715,-0.029466163321258,-0.0344245280486812,0.157729804057973,-2.55498777027085,-0.198643897704019,-0.405682392939253,-0.0358323920920597,15.1756717079911,9.89389889703111,-0.437977889318449,-6.9149296543552,-16.4507951243484,-3.15232603912765,7.5130248831444,-6.20334700726402,-2.81,0.139353656329446,0.026195583314014,17.7629070281982,17.7000918688451,0.169783193220546,1.11051647541203,175.020095825195,-7.57774131405996,-16.718614065781,-175.020095825195,4.31071901321411,18.1261157989502,7.92000007629395,16.0599994659424,37.939998626709,991.261838216917
1.025,-0.0911989665007273,-0.0806615504738901,0.452430163416524,-0.444063025668504,-0.0112223618191982,-6.41216832373808,-0.139307280676695,-0.199191802237202,-0.0254343370178495,-0.0385158616868648,0.149787245877188,-2.55600574298625,-0.122489675341844,-0.251383433937452,-0.0301867838445341,15.1445217923365,9.92559983731567,-0.51481043185398,-6.89768842163283,-16.4517503672091,-3.14657059716276,7.51355300697076,-6.2030141734151,-2.81,0.131895282587442,0.0275415874572169,17.7629070281982,17.6871069666681,0.169783137303837,1.1105164645761,175.039993286133,-7.64694877294926,-16.8774620948723,-175.039993286133,4.31183576583862,18.1100006103516,5.66289091110229,16.1250038146973,37.939998626709,991.248582595897
1.05,-0.0897020468491542,-0.0819215021836618,0.453509274166524,-0.484872430904745,-0.016972512461937,-6.29755019347519,-0.13340058941198,-0.0442956102427301,-0.0213807063545903,-0.0414891466695693,0.149029895320491,-2.55647739310992,-0.209865717160853,-0.127381313936117,-0.0284882293957305,15.1469179674605,9.91004718336558,-0.499263249693689,-6.91748847794032,-16.4353557607676,-3.14878660067171,7.51401885807336,-6.2027190122417,-2.81,0.131064046188263,0.0262534143801396,17.7629070281982,17.6943503745544,0.169783137303837,1.1105164645761,175.039993286133,-7.64694877294926,-16.8774620948723,-175.039993286133,4.31183576583862,18.1100006103516,5.42000007629395,16.1319999694824,37.939998626709,991.229113538118
1.075,-0.0864815457108603,-0.0833894305235705,0.454588356728276,-0.435802255935704,-0.0814934977808686,-6.60447006294483,-0.132265023457364,0.0893635097422783,-0.0170687829204639,-0.0477324841014459,0.150410324158809,-2.55739904431041,-0.179889593889164,0.0521885270658273,-0.0205139814496423,15.1333739358455,9.94674679598601,-0.454525852499691,-6.89732761358242,-16.4450940380275,-3.18576931486297,7.51448470917597,-6.2024238510683,-2.81,0.130597018058014,0.0274960178257732,17.6979484558105,17.6848474566004,0.169783137303837,1.1105164645761,175.039993286133,-7.64694877294926,-16.8774620948723,-175.039993286133,4.31183576583862,18.1100006103516,5.42000007629395,16.1319999694824,37.939998626709,991.209644480339
1.1,-0.0806012353454607,-0.0765411788050422,0.455667454720024,-0.436377032824312,0.0501591597384337,-7.33912421574515,-0.139288408371267,0.210332177006346,-0.0117985426192957,-0.0470717003691003,0.153478381128939,-2.55785666174401,-0.143437442617715,0.203379274781996,-0.00955044776053993,15.0693296327492,9.95630658325756,-0.223463111619464,-6.86245568131116,-16.4391392352679,-2.98731909042915,7.5149445510187,-6.20213262970232,-2.81,0.14490000874723,0.0282465748460863,17.6329898834229,17.650421630738,0.169783137303837,1.1105164645761,175.039993286133,-7.64694877294926,-16.8774620948723,-175.039993286133,4.31183576583862,18.1100006103516,5.42000007629395,16.1319999694824,37.939998626709,991.19017542256
1.125,-0.0746771967866237,-0.0775759657863999,0.456746536859761,-0.35871529661733,0.00754573231920833,-8.43549322603449,-0.141244246886964,0.30737844845631,-0.00625456024498102,-0.0549258751857817,0.162474764641836,-2.558435684545,-0.152468626202938,0.299225475151191,-0.00583440841256171,15.0353734510658,9.94489038393864,-0.0585367015205717,-6.83730865839507,-16.4026106253314,-3.02858070564334,7.51520018107391,-6.201975294228,-2.81,0.151716704783401,0.0264675720038581,17.6329898834229,17.6095215343879,0.16978290696587,1.11051642132337,175.163909912109,-7.92319747972932,-17.531805532779,-175.163909912109,4.31276273727417,18.0667304992676,4.86611413955688,16.1436138153076,37.939998626709,991.183431182427
1.15,-0.0634369847418794,-0.0729748987616286,0.457619226137534,-0.232851589275289,-0.0377985852731358,-9.81872871779515,-0.173389648898394,0.382749624058476,-0.00154167876223257,-0.056717369714085,0.169560274135343,-2.55873160513497,-0.201339526776696,0.386268374781484,-0.000657953738174738,15.0088697637577,9.95114169882797,0.100146373446127,-6.81411065743172,-16.3990268885147,-2.99018980162733,7.51545581112911,-6.20181795875368,-2.81,0.161050868238587,0.0265707912551168,17.6329898834229,17.5884056553944,0.169782615574466,1.11051636660606,175.320648193359,-8.27266873293655,-18.3595893999886,-175.320648193359,4.31393527984619,18.0119895935059,4.80000019073486,16.1450004577637,37.939998626709,991.180059785527
1.175,-0.0532811182691271,-0.074285910519608,0.458428540063833,-0.0923708238702746,-0.0266336952669277,-11.1368671498849,-0.196087751133499,0.425507695003691,0.00377741211564919,-0.0578423192834149,0.175361208081381,-2.55896190161287,-0.100980373480187,0.399556456243409,0.00608731509401498,14.9810559760848,9.97159402420997,0.169718231464253,-6.77548772167788,-16.3981548693007,-3.01443408223814,7.51571144118432,-6.20166062327936,-2.81,0.165555507815481,0.0276006134223759,17.482008934021,17.5570117535907,0.169782324183062,1.11051631188874,175.477416992188,-8.62213998614377,-19.1873732671982,-175.477416992188,4.31510782241821,17.9572505950928,4.80000019073486,16.1450004577637,37.939998626709,991.176688388626
1.2,-0.0516301408625763,-0.0740256244875851,0.4592378613946,0.0930024328670016,-0.024230121921001,-12.3041506087888,-0.212685533330055,0.437148045838653,0.00940108448472939,-0.0664418002276698,0.193287687034737,-2.55907634984951,-0.277528674105899,0.479110096743978,0.0175849202383552,14.9533778931416,9.92653703130738,0.326995389864154,-6.7406135799601,-16.3272044312758,-3.19892135867546,7.51596707123952,-6.20150328780503,-2.81,0.172959587130867,0.0236698000400532,17.3310279846191,17.4908883517756,0.169782032791658,1.11051625717143,175.634170532227,-8.97161124076916,-20.0151571344866,-175.634170532227,4.31628036499023,17.9025115966797,4.80000019073486,16.1450004577637,37.939998626709,991.173316991725
1.225,-0.0359754996707308,-0.0603287260107488,0.460047188905908,0.27635334216604,0.0743821378414766,-13.3474778435435,-0.205750566190822,0.424448464282663,0.0153176793739038,-0.0736882952992061,0.205017635635154,-2.55933986368404,-0.170265714865592,0.434400365012463,0.0188511155291715,14.8427292502763,9.91912997852859,0.606468565847269,-6.65172809134424,-16.2766643849473,-3.144561201173,7.51622270129472,-6.20134595233071,-2.81,0.187868754135769,0.0222080938548324,17.3310279846191,17.3883524917858,0.169781966187908,1.11051624466462,175.669998168945,-9.05149038387316,-20.2043648755586,-175.669998168945,4.31654834747314,17.8899993896484,4.45528411865234,16.1962642669678,37.9380798339844,991.160057899511
1.25,-0.0247281374669805,-0.0577487592631586,0.460856496890542,0.391866971797516,0.0311300816065867,-14.0305798195844,-0.188454131569372,0.382559504677048,0.0225999818460503,-0.0800565921642054,0.215351724167491,-2.55917686779275,-0.268110456180077,0.406845532568545,0.0261758891328773,14.7946915057581,9.89006770616565,0.736348012052853,-6.60509621568487,-16.2253340241807,-3.2171080434535,7.51669275301374,-6.2010430785547,-2.81,0.193972708537914,0.0195223718393295,17.3310279846191,17.322732740479,0.169781966187908,1.11051624466462,175.669998168945,-9.05149038387316,-20.2043648755586,-175.669998168945,4.31654834747314,17.8899993896484,4.40999984741211,16.2029991149902,37.9355926513672,991.143869119798
1.275,-0.0185871604165336,-0.0574660853378948,0.461665831721072,0.537567884042474,0.203573483742368,-14.5536308701401,-0.160351645016206,0.306864357387284,0.0287890493160292,-0.0837272908100106,0.222991511241349,-2.55889656973476,-0.245032522413041,0.330418343463876,0.0304133997200651,14.7515591648591,9.89456143620261,0.772124372108442,-6.54038411120446,-16.1961509864901,-3.31889872636281,7.5171679358442,-6.20073672204643,-2.81,0.195721294767173,0.0191825261166929,17.1891412734985,17.2563627044351,0.169781966187908,1.11051624466462,175.669998168945,-9.05149038387316,-20.2043648755586,-175.669998168945,4.31654834747314,17.8899993896484,4.40999984741211,16.2029991149902,37.93310546875,991.127680340084
1.3,-0.0182371652689993,-0.0571160901903605,0.462475147342201,0.658318406136693,0.0706921933964036,-14.5911175129724,-0.129961667005557,0.20186289905801,0.0313511248103014,-0.0873979894558158,0.230631298315207,-2.55861627167677,-0.221954588646005,0.253991154359209,0.0346509103072528,14.7020069941943,9.89821126897701,0.810670578356365,-6.47066969352045,-16.163055762672,-3.41567634581573,7.51764311867466,-6.20043036553817,-2.81,0.197700296758075,0.0187991771493117,17.0472545623779,17.1841102176202,0.169781966187908,1.11051624466462,175.669998168945,-9.05149038387316,-20.2043648755586,-175.669998168945,4.31654834747314,17.8899993896484,4.97113752365112,16.1775741577148,37.9306182861328,991.111491560371
1.325,-0.00971133915790402,-0.0493271465374522,0.46328445725039,0.706533198620257,0.222710977007399,-14.3214982539278,-0.108101092724442,0.0806714006897826,0.0308871639151887,-0.0872680159759556,0.232875128767748,-2.55828980701864,-0.0978047212439996,0.112312464573162,0.0324370126637472,14.5457498118471,9.84023037267803,0.843857203935797,-6.3698726896461,-16.0364048099782,-3.37335278989147,7.51811588470092,-6.20012861529127,-2.81,0.20183949525506,0.0155089581204837,17.0472545623779,17.0277985184591,0.169781750871354,1.11051620545675,175.786071777344,-9.30190515924028,-20.816035529266,-175.786071777344,4.31909704208374,17.7889099121094,5.05000019073486,16.173999786377,37.9300003051758,991.097713669329
1.35,-0.00764936310179631,-0.0545571215922438,0.464093782595301,0.658752035551142,0.124544599961425,-13.837322454342,-0.0799325398935593,-0.0402605762882581,0.0288711283815851,-0.090836769658241,0.23229719171798,-2.55779179353995,-0.0419406545823563,-0.0252566078632792,0.0251140161462052,14.4851728813157,9.80764525038558,0.812986965937614,-6.3217148837425,-15.9706411330478,-3.41256930975333,7.5185880174279,-6.19982807206894,-2.81,0.19868677387493,0.0130456641105085,17.0472545623779,16.9524588789295,0.169781464691122,1.11051615334502,175.940338134766,-9.63473492642809,-21.6290155122373,-175.940338134766,4.32248401641846,17.6545486450195,5.05000019073486,16.173999786377,37.9300003051758,991.084729235319
1.375,-0.00588887607197943,-0.0574862979959622,0.464903098529068,0.559962538470637,0.196000084332615,-13.0564484558961,-0.0997607142350011,-0.141562707653202,0.0267144768064212,-0.0906050114988097,0.229579555651206,-2.55723691789729,-0.0606871584619106,-0.115914042478455,0.0277976214456894,14.4462574130662,9.79182679345147,0.808182369204435,-6.2976543053071,-15.9447074482786,-3.36648757298643,7.51906015015488,-6.19952752884661,-2.81,0.198531991524668,0.0121155839798151,16.9616031646729,16.916849837507,0.169781178510891,1.11051610123329,176.094589233398,-9.96756469077956,-22.4419954951298,-176.094589233398,4.32587146759033,17.5201892852783,5.05000019073486,16.173999786377,37.9300003051758,991.071744801309
1.4,0.336763276912191,-0.057780314445137,0.465712429506442,0.470225633562403,0.232743030427471,-12.3622074253736,-0.0629523849498975,-0.220736698216925,0.0232701292251249,-0.0966214906512737,0.225526645339422,-2.55662014637929,-0.0471335965496026,-0.21932543180387,0.0150629992184553,14.3391074519266,9.7745551032042,0.586097761648104,-6.18179558411341,-15.8312537777157,-3.55699982449815,7.51953228288186,-6.19922698562427,-2.81,0.182743738158685,0.0102499347186403,16.8759517669678,16.7648541353711,0.16978089233066,1.11051604912157,176.24885559082,-10.3003944579674,-23.2549754780222,-176.24885559082,4.32925891876221,17.3858299255371,6.05606651306152,16.1115531921387,37.9300003051758,991.058760367299
1.425,0.330956308623959,-0.0514895940394441,0.466521737327914,0.322521245931575,0.187559644992045,-11.6486674086375,-0.0561890776388489,-0.27385033206247,0.0160117435722365,-0.0958077569117443,0.22150708272173,-2.55615532960044,-0.129143903753451,-0.228454427929495,0.015074364722584,14.2979372121677,9.76375514777173,0.55406094134263,-6.15606516418246,-15.8057178076901,-3.51440648096592,7.5202107602085,-6.19880198223051,-2.81,0.181097953599578,0.0097207052490749,16.8759517669678,16.7281063879917,0.169780816015931,1.11051603522511,176.289993286133,-10.3891490609435,-23.4717701401427,-176.289993286133,4.33016204833984,17.3500003814697,6.21000003814697,16.1019992828369,37.9300003051758,991.053605066092
1.45,0.325275571838174,-0.0530858900184668,0.467331053184045,0.287182896281718,0.177699681234327,-10.8812653766393,-0.0639348275184007,-0.33272297729574,0.0109438877549241,-0.0956918490058033,0.209734404357769,-2.55554609517166,-0.0276310591589569,-0.32883972985496,0.0101563165173284,14.2249732464889,9.77348912612239,0.373560384979458,-6.09367070657012,-15.7654212905315,-3.51129175303424,7.52091309565335,-6.1983625884166,-2.81,0.169340571859188,0.0104131780450683,16.8759517669678,16.654648433406,0.169780816015931,1.11051603522511,176.289993286133,-10.3891490609435,-23.4717701401427,-176.289993286133,4.33016204833984,17.3500003814697,6.21000003814697,16.1019992828369,37.9300003051758,991.051296722268
1.475,0.327383309770436,-0.0608626167723698,0.468140374750617,0.307477373744488,0.134204179691696,-10.4312818894162,-0.0855293368126121,-0.454109061960825,0.00762518922886793,-0.0984116356633961,0.199346210497382,-2.55483345577362,-0.137773670049419,-0.403940526598647,0.00438364820316798,14.1742467106264,9.74849613057164,0.335143649630695,-6.0772314152292,-15.7300215072268,-3.41883746254412,7.5216154310982,-6.1979231946027,-2.81,0.164300373524745,0.00855604741139683,16.8128509521484,16.6180689867143,0.169780816015931,1.11051603522511,176.289993286133,-10.3891490609435,-23.4717701401427,-176.289993286133,4.33016204833984,17.3500003814697,6.21000003814697,16.1019992828369,37.9300003051758,991.048988378443
1.5,0.31481810922969,-0.0554066384744366,0.4681324501776,0.388407204399632,0.180094942487757,-9.47320507811612,-0.110796445609305,-0.760817840504284,-0.000197970540529175,-0.102186284959316,0.185164079070091,-2.5544900894165,-0.0246697813272476,-0.662387609481812,-0.00942521262913942,13.9922375287107,9.75686507910738,0.0504199306653424,-5.9257461291966,-15.6071080075639,-3.50505090600939,7.52202512928637,-6.19766790816127,-2.81,0.144457722143223,0.00876229948348327,16.7497501373291,16.4275138279251,0.169780816015931,1.11051603522511,176.289993286133,-10.3891490609435,-23.4717701401427,-176.289993286133,4.33016204833984,17.3500003814697,6.11563968658447,16.0453834533691,37.9300003051758,991.046680034619
1.525,0.301224711474297,-0.0543447888123395,0.465204924695137,0.586123915741341,0.191370073278645,-7.77293616872983,-0.124009784248612,-1.20081934600117,-0.00810651192393826,-0.10619248010083,0.14961998114974,-2.5529958501219,-0.0593231130378219,-1.18678396820251,-0.0300532486802778,13.8648047321545,9.74644651302674,0.0198824663013182,-5.89532209901162,-15.590214128017,-3.06868473389116,7.52222577680358,-6.19754414212221,-2.81,0.135404657016184,0.00788070657595727,16.7497501373291,16.3804688045022,0.169780616564502,1.11051599986358,176.410842895508,-10.6149978299651,-24.0383711903918,-176.410842895508,4.33096837997437,17.271800994873,6.09999990463257,16.0359992980957,37.92822265625,991.040195410851
1.55,0.300769637684487,-0.0547998626021502,0.461158270799285,0.695972452272037,0.226742244709192,-3.61724776679506,-0.131599768650326,-1.87896181179812,-0.0221948430501336,-0.110662909666353,0.109957063940236,-2.5513284596717,-0.0979920428204799,-1.77194692289366,-0.0530716436870761,13.6987911984868,9.74728738429271,0.0688456551356607,-5.82404010158558,-15.5716338563263,-2.50519606330518,7.52242642432079,-6.19742037608315,-2.81,0.130284757288556,0.00774805644511339,16.7497501373291,16.3124784303347,0.169780337332501,1.11051595035744,176.580047607422,-10.9311861082972,-24.8316126608351,-176.580047607422,4.33209753036499,17.1623229980469,6.09999990463257,16.0359992980957,37.9257354736328,991.032040275104
1.575,0.234923716768372,-0.0502398036768623,0.457111685666315,0.838467877625593,0.21824803034227,1.53187649411967,-0.122148269305128,-2.40123470154755,-0.0386764829002573,-0.1151137890363,0.0558805806765439,-2.54873284821234,-0.217465910225868,-2.28061503441817,-0.0794415135976489,13.4418739999934,9.79936484451818,-0.787449526527386,-5.6537201854767,-15.4374559779489,-2.65556128487518,7.52262707183801,-6.19729661004409,-2.81,0.0671914586334219,0.0110773704992222,16.8087568283081,16.0941145611168,0.1697800581005,1.1105159008513,176.749237060547,-11.2473743852111,-25.6248541312784,-176.749237060547,4.33322668075562,17.0528430938721,6.09999990463257,16.0359992980957,37.9232444763184,991.023885139357
1.6,0.173647806323089,-0.0431281891162589,0.453065119025337,0.892018841896436,0.345320063702585,7.18199082608797,-0.0643652464502363,-2.65052554872178,-0.0524823813675559,-0.118584960699081,-0.00893446244299412,-2.54611301422119,-0.175387009978294,-2.60350608825684,-0.115651354193687,13.2030437390362,9.8627183789375,-1.69670066199486,-5.57057214649417,-15.3612775795622,-2.73354129617457,7.52282771935522,-6.19717284400503,-2.81,-0.0023245620140453,0.0155651187918361,16.8677635192871,15.9819830304214,0.169779778868499,1.11051585134516,176.918441772461,-11.563562662125,-26.4180956016429,-176.918441772461,4.33435535430908,16.9433650970459,6.09999990463257,16.0359992980957,37.9207572937012,991.01573000361
1.625,0.121024508105611,-0.0414542610446654,0.450283887185636,1.11743661492,0.104756195613629,12.3397716770677,-0.0527093460884353,-2.75827805082453,-0.0687763136556476,-0.121835907227482,-0.0692237843203342,-2.54463951124225,-0.10208824850148,-2.69237951618176,-0.152550705918055,13.105859164144,9.87847075611362,-1.92105578835251,-5.61049849487657,-15.3866605602671,-2.19343741507257,7.52261600461978,-6.19730916129977,-2.81,-0.0288970360871717,0.0172060569287791,16.8677635192871,16.0406678480579,0.169779693769222,1.11051583625757,176.970001220703,-11.6599248041604,-26.6598453830994,-176.970001220703,4.3346996307373,16.9099998474121,6.3537917137146,16.09352684021,37.9199981689453,991.016074230321
1.65,0.096482604256521,-0.0405066086910363,0.453833729573314,1.27191673426036,0.208600751710136,17.0195939392165,-0.00278866469457594,-2.70639382452286,-0.0759251417087893,-0.121789658860852,-0.107538461030742,-2.54315745069214,-0.0695649887118189,-2.71818791284546,-0.139641093490135,13.0350203453719,9.89901312424561,-2.10826388991839,-5.60876427914551,-15.4066546208608,-1.87716528901103,7.52239921169229,-6.1974486814898,-2.81,-0.0474747179069286,0.0190632659897199,16.8677635192871,16.0657122237044,0.169779693769222,1.11051583625757,176.970001220703,-11.6599248041604,-26.6598453830994,-176.970001220703,4.3346996307373,16.9099998474121,6.40000009536743,16.1040000915527,37.9199981689453,991.020144204958
1.675,0.0368914655406375,-0.041411022287323,0.458689608130191,0.976463300321094,0.00295555610049644,19.5331018853473,-0.00792835756995128,-2.39198763436525,-0.0814517767404855,-0.122304094616759,-0.173279911324981,-2.54031388410861,-0.00486533592557659,-2.72952556792119,-0.121634798859619,12.9662231898872,9.93784415314484,-2.47085606653405,-5.64374626600698,-15.4676455196227,-1.37436897808408,7.52218241876479,-6.19758820167983,-2.81,-0.0822465705122185,0.022330272771911,16.7070264816284,16.165910962316,0.169779693769222,1.11051583625757,176.970001220703,-11.6599248041604,-26.6598453830994,-176.970001220703,4.3346996307373,16.9099998474121,6.40000009536743,16.1040000915527,37.9199981689453,991.024214179595
1.7,0.01776137417402,-0.0407497967638638,0.463545531119324,0.289086754674939,0.241205342294167,20.5713839926023,0.00594989979477301,-1.76647021840972,-0.0843417476799038,-0.12530571900517,-0.258021631525172,-2.53751271135095,-0.056298987449765,-1.97993185468658,-0.101263503410591,13.0037887240748,9.94184052413321,-2.67984098141797,-5.75497383549174,-15.5497390503215,-0.454041290049767,7.52196562583729,-6.19772772186985,-2.81,-0.111885339183575,0.023617742382106,16.5462894439697,16.4099902129853,0.169779693769222,1.11051583625757,176.970001220703,-11.6599248041604,-26.6598453830994,-176.970001220703,4.3346996307373,16.9099998474121,6.40000009536743,16.1040000915527,37.9199981689453,991.028284154232
1.725,-0.0275228705616607,-0.0341341437019063,0.468329092582273,-0.0710774795895955,0.178729261346742,19.1067388970171,0.0791717760243818,-1.08000894178167,-0.0824724721387261,-0.124647241611086,-0.292001238895378,-2.53730634570959,0.0437572765822185,-1.18072447962167,-0.0935299304018115,12.985610962242,9.94146868613215,-2.40446649659749,-5.6567617018122,-15.5296061164846,0.26968824419979,7.5217488329098,-6.19786724205988,-2.81,-0.101295433907431,0.0244068511394905,16.5462894439697,16.4389467428936,0.16977950642343,1.11051580307564,177.025527954102,-11.8718528363002,-27.1920567750942,-177.025527954102,4.33552169799805,16.9386024475098,5.93156385421753,16.0922889709473,37.9199981689453,991.020462686982
1.75,-0.0302063275908478,-0.0417126941034882,0.472040992011123,0.0191629721063028,0.187908085183793,16.0476129249229,0.106615910722419,-0.623872352527558,-0.0819909125817966,-0.122362465906082,-0.307425164691118,-2.53849190360505,0.0728547057693076,-0.732019840072402,-0.0960705063586958,13.0718154887223,9.92388901243636,-2.17006168944804,-5.66311454271457,-15.5381578705745,0.748254437718757,7.52061590309609,-6.19857393269096,-2.81,-0.0883854101231042,0.0238935130404417,16.5462894439697,16.5438735259948,0.169779229362751,1.11051575400376,177.107635498047,-12.1852675331563,-27.9791299603331,-177.107635498047,4.33673810958862,16.980899810791,5.84000015258789,16.0900001525879,37.9199981689453,991.006946726433
1.775,-0.0286241538445878,-0.0474290919098407,0.475509476121563,0.160908568974765,0.0406093741880478,13.0534734867386,0.158381910607641,-0.466366588115529,-0.0870048731061718,-0.11920946413496,-0.318301635940837,-2.53990992594555,0.0856302371059895,-0.556143298540053,-0.0952085660427051,13.1237727308493,9.90331492445564,-2.02634372230243,-5.66911920982429,-15.5278761378522,1.07762521182723,7.51946137061685,-6.1992939972987,-2.81,-0.0799273290969656,0.0232131748833912,16.4638233184814,16.6154967505482,0.169778952302072,1.11051570493188,177.189743041992,-12.4986822285942,-28.766203145572,-177.189743041992,4.33795356750488,17.0231990814209,5.84000015258789,16.0900001525879,37.9199981689453,990.993430765884
1.8,-0.0291471190912366,-0.0476281597820929,0.478977976277286,0.0509516818364761,0.051063665731177,10.7045148740468,0.147867985477279,-0.409043063840881,-0.0903916934097505,-0.116056462363837,-0.329178107190556,-2.54132794828606,0.0984057684426714,-0.380266757007704,-0.0943466257267144,13.1502776278867,9.89843285324537,-1.89068206840041,-5.64554498501142,-15.5139064127459,1.38923826727075,7.51830683813761,-6.20001406190644,-2.81,-0.072167410390233,0.0235073148617953,16.3813571929932,16.6634086419964,0.169778675241392,1.11051565586001,177.271850585938,-12.8120969240321,-29.5532763307321,-177.271850585938,4.33916997909546,17.0654983520508,5.33407592773438,16.1157112121582,37.9199981689453,990.979914805336
1.825,-0.0401875256497735,-0.0567112890190552,0.482446501802292,-0.213807643293029,0.0955403299513948,8.33870633941282,0.162581715106231,-0.236011265692425,-0.0929202384361523,-0.1116366196429,-0.337560993037603,-2.54322200461531,0.12984554228432,-0.280018426849386,-0.0906685691361332,13.3087037150047,9.86379162522415,-0.986906955932409,-5.4851558493772,-15.4700707810162,2.44539168185398,7.51738149079476,-6.20059959243532,-2.81,-0.0172093124165292,0.0219619302791942,16.3813571929932,16.8109552116528,0.16977858024916,1.11051563903537,177.300003051758,-12.9195533919714,-29.8231299942877,-177.300003051758,4.33958673477173,17.0799999237061,5.23000001907349,16.121000289917,37.9199981689453,990.977875479025
1.85,-0.038883608640221,-0.0720777135606221,0.485915059427401,-0.354552047870168,0.215294662862459,5.70281120680892,0.176848485757414,0.0200260773518827,-0.089773934175627,-0.109616741538048,-0.339137375354767,-2.54480361938477,0.164856597781181,-0.152709811925888,-0.0981784462928772,13.4190743685909,9.85172528131398,-0.613259243033777,-5.46597531681914,-15.4716970920018,2.87294931328198,7.51652079665123,-6.20114717085809,-2.81,0.00555457110116642,0.0214932683395072,16.3813571929932,16.9347044283041,0.16977858024916,1.11051563903537,177.300003051758,-12.9195533919714,-29.8231299942877,-177.300003051758,4.33958673477173,17.0799999237061,5.23000001907349,16.121000289917,37.9199981689453,990.981823961882
1.875,-0.0350524834825126,-0.0841062060059711,0.489573493040264,-0.291127739119242,-0.0378935747213057,2.65326517365593,0.179394251766931,0.212338761093115,-0.0831466247642786,-0.102923649893325,-0.333945894805757,-2.54804939061759,0.176451028009769,0.157131712713708,-0.0852281139893517,13.5382619726927,9.82996475540874,-0.286979623647427,-5.50239726440561,-15.4722744239148,3.21363503434336,7.51566010250771,-6.20169474928086,-2.81,0.0288920383667664,0.020796132235317,16.3776893615723,17.0791581800436,0.16977858024916,1.11051563903537,177.300003051758,-12.9195533919714,-29.8231299942877,-177.300003051758,4.33958673477173,17.0799999237061,5.23000001907349,16.121000289917,37.9199981689453,990.985772444739
1.9,-0.0221564390746632,-0.0931072423313596,0.494007670196121,-0.359993879936722,-0.239149673300141,-0.245760350173904,0.129096790561153,0.320499866613438,-0.0693439268342492,-0.098056536460653,-0.326699812532062,-2.55098966279641,0.156331254926664,0.291430794422636,-0.0620483966427262,13.6016355377465,9.85293928740225,0.0456254558208292,-5.48217819858133,-15.4861713329599,3.49445320906624,7.51479940836419,-6.20224232770363,-2.81,0.0518523280866955,0.0226275989220134,16.3740215301514,17.1714558193354,0.16977858024916,1.11051563903537,177.300003051758,-12.9195533919714,-29.8231299942877,-177.300003051758,4.33958673477173,17.0799999237061,5.23000001907349,16.121000289917,37.9199981689453,990.989720927596
1.925,-0.0154251277689602,-0.0959320707968664,0.498516767311123,-0.471063550859441,-0.0529949198497124,-2.84125586610506,0.0392113955441327,0.378440516111056,-0.0604568091478036,-0.095230238294229,-0.316820038794819,-2.55291213241145,0.0583806686057088,0.362168076708024,-0.0412311143882448,13.6906091905774,9.86374300493021,0.362896666733719,-5.49753510606504,-15.5182682860167,3.71730510288701,7.51433038078773,-6.20254650017955,-2.81,0.073200804381707,0.0233951817431427,16.3740215301514,17.2828535764568,0.169778404566468,1.11051560993965,177.222213745117,-13.1053833451879,-30.3222088831331,-177.222213745117,4.34496259689331,16.9704513549805,5.12372064590454,16.1324462890625,37.9199981689453,990.992089872677
1.95,-0.0081715278837228,-0.0982131570613238,0.503025841648518,-0.44484689314886,-0.208209020216971,-5.58839209971713,-0.0226047941288282,0.447622929402872,-0.0511709859391487,-0.0953798442030391,-0.306293137051229,-2.55455181667548,-0.0248517841976382,0.420303922320879,-0.0286100553271656,13.7418623736376,9.86439073755032,0.551986274129841,-5.53847786180692,-15.5418481742499,3.77172285152738,7.51393909632452,-6.20280235825316,-2.81,0.0856967357183452,0.0234242265282728,16.3740215301514,17.3465397384182,0.169778129242846,1.11051556434189,177.100280761719,-13.3966093902363,-31.10434744024,-177.100280761719,4.35338687896729,16.7987670898438,5.09999990463257,16.1350002288818,37.9199981689453,990.993562960512
1.975,-0.001304002558733,-0.107906548112815,0.50753487473238,-0.178172386207517,-0.157824769326268,-7.38133148803201,-0.139063902226401,0.489280352838531,-0.0418841491983621,-0.0983253285787523,-0.294207439535368,-2.55621551652486,-0.173170629335481,0.509265989137027,-0.0281202619185635,13.7782116728286,9.87994932296221,0.648432997265021,-5.6015820002139,-15.58581384902,3.68478854699812,7.51354781186131,-6.20305821632677,-2.81,0.0916969196087171,0.0241660503124217,16.4516258239746,17.3846199705555,0.169777853919225,1.11051551874413,176.978363037109,-13.6878354352848,-31.8864859974258,-176.978363037109,4.36181211471558,16.6270847320557,5.09999990463257,16.1350002288818,37.9199981689453,990.995036048347
2,-0.3325810978178,-0.100799565556196,0.512043927135341,0.143275763947381,-0.072805081787706,-8.96461024576901,-0.201586295986557,0.448450326078818,-0.0349312515640087,-0.100211601958446,-0.283044049386752,-2.55775747095245,-0.178542761503594,0.478351594619127,-0.0205725434601008,13.8400793916122,9.88340176628157,1.10424812381114,-5.58086971959662,-15.6056180842778,3.97081469466386,7.51315652739809,-6.20331407440038,-2.81,0.118392782094862,0.0241666837686309,16.5292301177979,17.488175776064,0.169777578595603,1.11051547314637,176.8564453125,-13.9790614817514,-32.6686245545328,-176.8564453125,4.37023639678955,16.4554023742676,5.09999990463257,16.1350002288818,37.9199981689453,990.996509136182
2.025,-0.327084725685964,-0.101418912952798,0.516552982098322,0.377534097804127,-0.131636033412313,-9.93976340469709,-0.270445931711077,0.318409239335474,-0.0261709396996134,-0.106247279049802,-0.276283286168745,-2.55857632055788,-0.281359640731531,0.396185243924391,-0.0164959583934606,13.8227788808751,9.8837827541417,1.17793069427493,-5.59412656016431,-15.6117512856373,3.88907033433695,7.5129943347436,-6.20342263609014,-2.81,0.120733346931434,0.0238928582427647,16.5292301177979,17.4697112018492,0.169777473710414,1.11051545577579,176.809997558594,-14.0900047365352,-32.9665821001086,-176.809997558594,4.37344598770142,16.3899993896484,6.31208515167236,16.094596862793,37.9199981689453,991.002203340214
2.05,-0.324033102023188,-0.0922249958168976,0.521062014737648,0.516677813146912,-0.0950954563042277,-10.1272276511007,-0.343385523053897,0.192135764215999,-0.0141974940984992,-0.112282956141159,-0.269522522950739,-2.55939517016331,-0.384176519959466,0.314018893229657,-0.0124193733268204,13.8056169896098,9.88542471593666,1.25031070496235,-5.60653940805769,-15.619258181118,3.80597541698228,7.51288118396834,-6.20349966591714,-2.81,0.123002077898609,0.0236956864690935,16.5292301177979,17.451270320672,0.169777473710414,1.11051545577579,176.809997558594,-14.0900047365352,-32.9665821001086,-176.809997558594,4.37344598770142,16.3899993896484,6.59999990463257,16.0849990844727,37.9199981689453,991.010495154214
2.075,-0.318911041717479,-0.0808000759809668,0.525571153136177,0.354959729985882,0.0853072211760847,-10.0508876528855,-0.365762772401551,0.210118578538998,-0.00377607982289299,-0.126908193055832,-0.261816370535514,-2.56062165739798,-0.421164105377165,0.221355210553418,-0.00687286427035377,13.8751970950847,9.86477759502301,1.4386738640636,-5.69425723139679,-15.6624898421247,3.76384915238119,7.51276803319309,-6.20357669574414,-2.81,0.126739215537156,0.0217580615637896,16.605299949646,17.524612604236,0.169777473710414,1.11051545577579,176.809997558594,-14.0900047365352,-32.9665821001086,-176.809997558594,4.37344598770142,16.3899993896484,6.59999990463257,16.0849990844727,37.9199981689453,991.018786968213
2.1,-0.315084952223863,-0.0614845108695461,0.530080163834721,0.0301058483276062,0.0649447404181859,-9.91964030354314,-0.330816806673946,0.475069998916644,-9.16817610823463e-05,-0.129843025190014,-0.259337408873294,-2.56089835195065,-0.404726823035862,0.238107901335526,-0.00289791421367864,14.0498674236484,9.78878729898611,1.71943660649535,-5.81311551757637,-15.6899921434953,4.0258450252106,7.51265488241784,-6.20365372557115,-2.81,0.140119397798928,0.0170801477996786,16.6813697814941,17.7283826262139,0.169777473710414,1.11051545577579,176.809997558594,-14.0900047365352,-32.9665821001086,-176.809997558594,4.37344598770142,16.3899993896484,6.59999990463257,16.0849990844727,37.9199981689453,991.027078782213
2.125,-0.307887998596223,-0.0594797353303442,0.534589272556993,0.293830015055089,0.240707005472504,-10.9388144108085,-0.288130784835516,0.921566920957634,0.0114507236758737,-0.141993594419916,-0.231715649048914,-2.56319977187894,-0.29558907064894,0.812722851209178,0.0206798968236835,14.2104864188915,9.71251430643479,1.98705387514646,-6.05716102389995,-15.7728684312155,3.84013844790092,7.51239806296129,-6.203809600688,-2.81,0.152620497734531,0.011837390600243,16.6813697814941,17.8864239603719,0.169777310340151,1.11051542893825,176.681594848633,-14.2614120655095,-33.430683874842,-176.681594848633,4.36938142776489,16.4377708435059,10.5290050506592,15.9029235839844,37.9199981689453,991.028035529982
2.15,-0.277813965508631,-0.044198045249763,0.539083887833003,0.959396204626185,0.270249487154772,-13.9890594640999,-0.209340555064319,1.38120782359419,0.0223753850355625,-0.144962877627318,-0.204678142538323,-2.56546506256244,-0.221319637859261,1.25153927346897,0.0404387880995792,14.334294595904,9.65017681631983,2.35009158588914,-6.22373629263164,-15.8351467152236,3.82545156518656,7.51213440312322,-6.20396922980231,-2.81,0.175097662041642,0.0078138957865415,16.6813697814941,18.0405914814376,0.16977703805638,1.11051538420902,176.467620849609,-14.5470909490241,-34.2041868328363,-176.467620849609,4.3626070022583,16.5173931121826,11.5200004577637,15.8570003509521,37.9199981689453,991.024102233597
2.175,-0.267004155721366,-0.0385221875584741,0.541401135247244,2.11453208233174,0.185401640218881,-17.6491375501265,-0.15198263238456,1.65852548907798,0.0341626648147581,-0.147880481752806,-0.183701800086996,-2.5670914152827,-0.211464188604801,1.5045076914657,0.0549390643185716,14.4104779286053,9.59664936008863,2.58206262288019,-6.35393336765226,-15.8734538636588,3.75307789121351,7.51187074328514,-6.20412885891662,-2.81,0.189489975059071,0.00439806741814419,16.8379182815552,18.1336802965189,0.16977676577261,1.11051533947979,176.253646850586,-14.8327698297025,-34.9776897906728,-176.253646850586,4.35583257675171,16.5970134735107,11.5200004577637,15.8570003509521,37.9199981689453,991.020168937213
2.2,-0.235111273037175,-0.0353762027012503,0.542094840842513,3.28547592847355,0.35289183105166,-21.2728713401869,-0.143778047914325,1.73585648624947,0.0430024106822615,-0.153094032342656,-0.113774091578694,-2.5727541004414,-0.132581343940994,1.80860389754767,0.0730532317701722,14.4050401028715,9.55193925336853,3.00475114471174,-6.58162374162498,-15.9563416839542,3.13857328982599,7.51160708344707,-6.20428848803093,-2.81,0.223145731910703,0.000712617889440904,16.9944667816162,18.1413125437304,0.169776493488839,1.11051529475056,176.039672851562,-15.118448711799,-35.751192748667,-176.039672851562,4.34905767440796,16.6766338348389,11.5200004577637,15.8570003509521,37.9199981689453,991.016235640829
2.225,-0.175625993439611,-0.0317294192555903,0.542788541279531,4.39610150081101,0.206907653848398,-24.5446366889103,-0.061105292308432,1.70163974217921,0.0532682579596467,-0.153953670605356,-0.0865939176773997,-2.5748358295464,-0.0915485903080793,1.79496624945826,0.0796127558530245,14.3518843162526,9.44285391407797,3.50223922586561,-6.61745458615928,-15.9084695047781,3.24648207766069,7.51159828957667,-6.20428843841427,-2.81,0.255288047273798,-0.00572938907117576,16.9944667816162,18.1791705116362,0.169776379388973,1.11051527600688,175.949996948242,-15.2381617674509,-36.0753273214379,-175.949996948242,4.34621906280518,16.7099990844727,17.1068248748779,15.7465257644653,37.9185523986816,991.005791252823
2.25,-0.147861915332578,-0.0232622052237906,0.543482241981277,5.43109245062984,0.385998393873653,-27.0675628737046,-0.0150054056621888,1.63112551633288,0.0730665223158939,-0.154112321320584,-0.0263832920342633,-2.5786856522831,-0.00676757024802259,1.64611546366702,0.095647669581719,14.2752345710728,9.34584045696762,3.94314401632967,-6.76226940810095,-15.902692062144,2.83752326310204,7.51223836218587,-6.20388186070373,-2.81,0.291539937364148,-0.0120547913854395,16.9944667816162,18.1582766366971,0.169776379388973,1.11051527600688,175.949996948242,-15.2381617674509,-36.0753273214379,-175.949996948242,4.34621906280518,16.7099990844727,18.6000003814697,15.7170000076294,37.9160652160645,990.990650339714
2.275,-0.139923488311551,-0.0147338018990952,0.544175949046823,6.21977188890336,0.48508804979371,-28.6262981650286,0.101690719870273,1.47086295576498,0.0931349053513144,-0.151949236986084,0.00949313521533401,-2.58022365234563,0.0728228276817691,1.47257593351866,0.108314925012253,14.2144480347749,9.3002986667295,4.04868928039352,-6.83305643252641,-15.8807881629727,2.45924383206601,7.51287843479508,-6.20347528299319,-2.81,0.306342761802717,-0.0151300142681147,17.05823802948,18.0892554395203,0.169776379388973,1.11051527600688,175.949996948242,-15.2381617674509,-36.0753273214379,-175.949996948242,4.34621906280518,16.7099990844727,18.6000003814697,15.7170000076294,37.9135780334473,990.975509426605
2.3,0.211180526408752,-0.0155903788411419,0.544869649734551,6.65038283815674,0.439935433755891,-29.6175381270885,0.163396739565314,1.2026971560913,0.102554370484058,-0.149786152651583,0.0453695624649313,-2.58176165240817,0.152413225611561,1.2990364033703,0.120982180442788,14.1293479181762,9.26770573410804,4.14857976093094,-6.86940715116061,-15.850647424115,2.07551868882793,7.51355809297164,-6.20305024622919,-2.81,0.321321603789802,-0.0174837246134327,17.1220092773438,17.9948357419442,0.169776379388973,1.11051527600688,175.949996948242,-15.2381617674509,-36.0753273214379,-175.949996948242,4.34621906280518,16.7099990844727,24.496208190918,15.5277585983276,37.9110908508301,990.960368513496
2.325,0.261990349421331,-0.023627417350887,0.545563345141554,6.7920587737638,0.516511431633392,-30.2742769402359,0.228146239162062,0.87617505952225,0.103388141889775,-0.145174347080075,0.0622794273265712,-2.58154095000918,0.197271830902775,1.04839376366302,0.116193666134318,14.0560716242779,9.20310563928523,4.18330256366072,-6.87464328073925,-15.7731980036952,1.92764824400521,7.51426603624393,-6.20261201990825,-2.81,0.330274841388221,-0.0211986848656277,17.1220092773438,17.918764976676,0.169776224927334,1.11051524770111,175.881500244141,-15.4189464436577,-36.5141215033523,-175.881500244141,4.33916711807251,16.7868957519531,26.1399993896484,15.4750003814697,37.9099998474121,990.951431346731
2.35,0.269851697643085,-0.0301255433694877,0.54625705080496,6.57217480701656,0.60361067590664,-29.9759014021957,0.289869945264713,0.580142827385238,0.0971494514948064,-0.140545426529798,0.0790567281757389,-2.58130795541668,0.241887683411574,0.797212223053817,0.111283147277524,13.9923555189035,9.13851766744733,4.21449078978719,-6.88716653879619,-15.6991586390013,1.77870903668716,7.51497397951622,-6.20217379358732,-2.81,0.338893135670993,-0.0248866600171919,17.1220092773438,17.8513479403269,0.169775950037977,1.11051519732645,175.759567260742,-15.7406818835235,-37.2950264034657,-175.759567260742,4.32661628723145,16.9237442016602,26.1399993896484,15.4750003814697,37.9099998474121,990.947330999148
2.375,0.267566645875353,-0.00769548382373689,0.546950753027491,6.13342094437183,0.611405920686444,-29.3513466482947,0.361870847018635,0.321288006632373,0.0757792679824775,-0.134948693045964,0.0904254886634189,-2.58046820031703,0.282393396386107,0.5670207057403,0.103669992924125,14.0286117930673,9.09323027114288,3.87600081250504,-6.9566489492238,-15.630802814923,1.33985322383287,7.51568192278851,-6.20173556726638,-2.81,0.325500638170957,-0.0273908301383025,17.1772613525391,17.7644856894081,0.16977567514862,1.11051514695178,175.637664794922,-16.0624173233894,-38.0759313036579,-175.637664794922,4.3140664100647,17.0605926513672,26.1399993896484,15.4750003814697,37.9099998474121,990.943230651566
2.4,0.267564225628917,-0.00710949029598051,0.547644455250022,5.62936779697016,0.477687510119291,-28.1261202188919,0.357648335446299,-0.0149790867256902,0.0467639117284919,-0.120918274815406,0.0994575090683864,-2.578632176352,0.350154742157821,0.143125725508556,0.062169822092093,14.1101768610719,9.09100402121899,3.26919628091178,-7.02731028567751,-15.5725635451035,0.737064630951757,7.51609305038805,-6.20149306475597,-2.81,0.300676423838773,-0.0266682558941237,17.2325134277344,17.6609515609797,0.169775400259262,1.11051509657711,175.515747070312,-16.3841527632552,-38.8568362037713,-175.515747070312,4.30151605606079,17.1974411010742,24.4404754638672,15.4881324768066,37.9099998474121,990.939130303984
2.425,0.260895950890674,-0.0254441457107154,0.548338157472553,5.00068545545174,0.541430936586729,-25.2414969014923,0.334084476597474,-0.577911448130924,0.00764508716248702,-0.112396858632565,0.0926903635263443,-2.57746696472168,0.311930447816849,-0.309601664543152,0.0209130980074406,14.1231217434816,9.13201282882303,2.6024672067737,-6.99782157392316,-15.5112251702196,0.247888256286636,7.51627929350669,-6.20139885376645,-2.81,0.267254580272816,-0.0236547269006574,17.2325134277344,17.5123576545361,0.169775274595556,1.11051507354869,175.460006713867,-16.5312318214795,-39.2138213009367,-175.460006713867,4.29577875137329,17.2600002288818,23.9400005340576,15.4919996261597,37.9099998474121,990.95836896128
2.45,0.233897758647383,-0.0194460279948024,0.547216224602026,4.15563307588542,0.421974515506624,-20.2638645444902,0.301182620418485,-1.33693372512718,-0.0398332896544029,-0.10828854218558,0.0795604882327289,-2.57682263883287,0.299273259542822,-0.711220496934471,-0.0114634074516775,14.00787725777,9.15617004946524,2.30593987768069,-6.87739361106977,-15.4285612559976,0.185441773338983,7.51646553662532,-6.20130464277692,-2.81,0.252125686781899,-0.0218727128996337,17.2325134277344,17.3579410411308,0.169775274595556,1.11051507354869,175.460006713867,-16.5312318214795,-39.2138213009367,-175.460006713867,4.29577875137329,17.2600002288818,23.9400005340576,15.4919996261597,37.9099998474121,990.997261517421
2.475,0.217662080658907,-0.0107224496015151,0.508368643251922,3.11785368257321,0.524470354327547,-13.2966348615678,0.275358967010927,-2.09136398808005,-0.0938525128585631,-0.102470763484688,0.0486851595446395,-2.57604217540284,0.273506134800382,-1.39735907563989,-0.0688704374682879,13.9026626172366,9.19232070052303,1.82577210432056,-6.75978297643036,-15.3421723622482,0.198274571035435,7.51665177974395,-6.20121043178739,-2.81,0.223566976101543,-0.0188724062417124,17.3284521102905,17.2169535707155,0.169775274595556,1.11051507354869,175.460006713867,-16.5312318214795,-39.2138213009367,-175.460006713867,4.29577875137329,17.2600002288818,23.9400005340576,15.4919996261597,37.9099998474121,991.036154073562
2.5,0.178885942923768,-0.0162149009289585,0.48210303683989,2.23730278280483,0.549897959888191,-4.60503188199498,0.245544327189932,-2.6401836520762,-0.144810026389155,-0.0918692265051271,-0.0502510882937024,-2.5764863513017,0.233177311770266,-2.54310391448648,-0.182704045298164,13.9347345775435,9.2398563601957,0.857394771346225,-6.78395950381778,-15.2894175688022,0.706047416914228,7.51683802286259,-6.20111622079786,-2.81,0.153800745513866,-0.0131146050123386,17.4243907928467,17.3052772508629,0.169775274595556,1.11051507354869,175.460006713867,-16.5312318214795,-39.2138213009367,-175.460006713867,4.29577875137329,17.2600002288818,23.9400005340576,15.4919996261597,37.9099998474121,991.075046629702
2.525,0.0819059087964724,-0.0257841003267123,0.474328777789906,1.87753104373964,0.126056854125741,3.98054617465024,0.21268779608886,-2.94026339661091,-0.180826162244174,-0.0893194231015702,-0.0987484211351569,-2.57779222875842,0.149459894014255,-2.78406315453571,-0.230664373237663,13.8380237587966,9.36334651774534,-0.308648632657281,-6.76541725675491,-15.2786103941667,0.227194419162365,7.51707090997504,-6.20099131932286,-2.81,0.0787258768583703,-0.00470248981813937,17.4243907928467,17.1935216357947,0.169775127421287,1.11051504352241,175.460006713867,-16.7230051631679,-39.6319135430288,-175.460006713867,4.29232120513916,17.3525352478027,16.4474639892578,15.7688817977905,37.9099998474121,991.112372086511
2.55,0.0234135350030201,-0.0197508173685631,0.466698052606355,1.69721214561678,0.34725335963339,11.5940582773238,0.236421115628508,-2.94324727326169,-0.212371492279993,-0.0835812375214397,-0.20026724519258,-2.58236471432918,0.162172871419994,-2.93829949149279,-0.297604677688061,13.7519777749493,9.48412804482895,-1.39811440633732,-6.8403923476777,-15.2930071336825,0.594362453042838,7.51730978238894,-6.2008624796815,-2.81,-0.00211733867098883,0.00538095519902959,17.4243907928467,17.332062444403,0.169774846452229,1.11051498619951,175.460006713867,-17.0891179052309,-40.4300896414464,-175.460006713867,4.28572034835815,17.5291938781738,14.0900001525879,15.8559999465942,37.9099998474121,991.148272907564
2.575,0.000389521797061778,-0.0130524091190563,0.459067256121966,1.86467016665385,0.0869109704271622,18.2276264202962,0.240222926174843,-2.83009988563339,-0.233111796649246,-0.0765886142717545,-0.279603624374195,-2.58620433392638,0.27168022266301,-2.84450951028514,-0.299576095276946,13.7230755339553,9.54201386147188,-1.76861681111119,-6.84717565735244,-15.2867081782918,1.39053035091518,7.51754865480285,-6.20073364004014,-2.81,-0.0365691112095289,0.0111792860633714,17.1394195556641,17.5084177783986,0.16977456548317,1.11051492887661,175.460006713867,-17.4552306472939,-41.2282657400218,-175.460006713867,4.27911949157715,17.7058525085449,14.0900001525879,15.8559999465942,37.9099998474121,991.184173728617
2.6,-0.255780616999963,-0.0260025018517071,0.451436568798982,1.37640480011004,0.0130829647670129,22.7620378213591,0.259078832681404,-2.41609390792332,-0.237001856189755,-0.0713780785007972,-0.339302641046221,-2.59040278517154,0.180343389946539,-2.58248857408535,-0.287417777654884,13.5872144159154,9.6750250620631,-2.57727129861763,-6.88192360568024,-15.3429113593718,1.44742232479933,7.51773906147613,-6.20063247049149,-2.81,-0.0934339310732213,0.0207683751986002,16.8544483184814,17.580022555778,0.169774284514112,1.11051487155371,175.460006713867,-17.821343390775,-42.0264418385183,-175.460006713867,4.2725191116333,17.882511138916,14.0900001525879,15.8559999465942,37.9099998474121,991.22007454967
2.625,-0.263710227789828,-0.0280644221884737,0.443805824674965,0.787614238834393,-0.0236989217666578,25.2238810873223,0.282025972666057,-1.66486846061636,-0.233683576750141,-0.0666802763175801,-0.372365291577865,-2.59348774317063,0.214994149539284,-2.23465979363076,-0.265524304799589,13.6888525238212,9.70708785610664,-2.71174631255234,-6.9712860150539,-15.3920963195983,1.85751132251274,7.5166188919998,-6.2012795359455,-2.81,-0.10537648177694,0.0236669718710154,16.8544483184814,17.7807807391095,0.16977414536753,1.11051484316523,175.460006713867,-18.0026563676751,-42.421729049182,-175.460006713867,4.26924991607666,17.9699993133545,8.86926555633545,15.9604148864746,37.9099998474121,991.237171769707
2.65,-0.26369466955595,-0.0378386377822356,0.443372512585203,-0.0659273236657632,0.139820342595677,23.2700187109082,0.449787093987239,-0.698363821376465,-0.221713373286056,-0.0517513553935448,-0.408782461370967,-2.60131344097295,0.324079260273036,-0.940403190471984,-0.231816265857851,13.8291110711552,9.71321436311159,-2.537019416892,-6.99509293184316,-15.3540283765967,2.71105169433078,7.51549872252346,-6.2019266013995,-2.81,-0.0961273228551497,0.0263434734952779,16.8544483184814,18.022215426379,0.16977414536753,1.11051484316523,175.460006713867,-18.0026563676751,-42.421729049182,-175.460006713867,4.26924991607666,17.9699993133545,7.1399998664856,15.9949998855591,37.9099998474121,991.235820173652
2.675,-0.263687876957728,-0.0421059807199497,0.447124872810633,-0.369729419428161,-0.233671941140627,18.7389305494454,0.454617089130773,0.108435880360329,-0.195077896396755,-0.038859178750415,-0.412805580205154,-2.60679478938881,0.430185008411435,-0.0198060959631175,-0.19655251246369,14.0120576481411,9.72943921490459,-2.36721540503252,-7.08166345692033,-15.3880246953025,3.10840705263278,7.51437855304713,-6.2025736668535,-2.81,-0.0810613156976183,0.0286060931332358,16.7003355026245,18.2330604944267,0.16977414536753,1.11051484316523,175.460006713867,-18.0026563676751,-42.421729049182,-175.460006713867,4.26924991607666,17.9699993133545,7.1399998664856,15.9949998855591,37.9099998474121,991.234468577597
2.7,-0.263649499955466,-0.0662157284530511,0.450877144990693,-0.51130311907529,-0.0941080956538641,13.0360032656606,0.352121731178506,0.604128823044333,-0.162110829826159,-0.0283417644224432,-0.400915494095172,-2.61118083774433,0.350320257296463,0.569843427380869,-0.15479256230174,14.2281398134886,9.75984181729147,-1.34160497222752,-6.92834777787639,-15.3291147609457,4.06332578890598,7.5132583835708,-6.20322073230751,-2.81,-0.017324476185885,0.0312530479559442,16.5462226867676,18.4142482264339,0.16977414536753,1.11051484316523,175.460006713867,-18.0026563676751,-42.421729049182,-175.460006713867,4.26924991607666,17.9699993133545,7.1399998664856,15.9949998855591,37.9099998474121,991.233116981542
2.725,-0.260145909198493,-0.0747074290421675,0.454629443658292,-0.630449492756611,0.0174484632515802,6.80271746052874,0.367751405348432,0.927716067267963,-0.152544266688784,-0.0179600961138061,-0.37704053695153,-2.61489090307774,0.333547086241018,0.923420577539898,-0.134634885643859,14.3977470005716,9.75536297338135,-0.661317575217088,-6.94125289410372,-15.3055391352532,4.52316774058942,7.51213821409446,-6.20386779776151,-2.81,0.0292968181373433,0.0319044164260356,16.5462226867676,18.5880683443407,0.16977400952963,1.11051481532268,175.394744873047,-18.1804825563125,-42.807616968252,-175.394744873047,4.27268838882446,17.8539810180664,5.64917087554932,16.0217018127441,37.9087905883789,991.230924488809
2.75,-0.240227686804797,-0.100814163710163,0.458381706891104,-0.699912603082471,-0.708754100174508,2.01878113602224,0.268857632348808,1.27828408312981,-0.13149912471119,-0.0108853522477103,-0.343797020671212,-2.61645220264877,0.311960105672275,1.2383544873748,-0.106818319456469,14.5382296212057,9.78931818647934,-0.309826364418676,-7.05882671724461,-15.3991850429267,4.50831773955026,7.51100348954672,-6.20449215063372,-2.81,0.0585187507682471,0.0341713388627337,16.5462226867676,18.7184428886413,0.169773729863364,1.11051475799978,175.260375976562,-18.5465952983754,-43.6020920957678,-175.260375976562,4.27976655960083,17.6151180267334,5.13000011444092,16.0310001373291,37.9063034057617,991.227841634886
2.775,-0.231050430875778,-0.119583510866982,0.462134040993489,-1.109830573815,-0.384489744611969,-4.36591360869546,0.187451561292237,1.64100859603813,-0.0927725700456127,-0.00612667246683656,-0.304734591275129,-2.61671701440931,0.237127048635605,1.60697316408793,-0.0731293174169564,14.6385455895325,9.81644893884514,-0.156394980779307,-7.22205902324932,-15.5240725970352,4.18559190586823,7.50986848261966,-6.20511606286479,-2.81,0.0773851103511202,0.0358571878898011,16.6766405105591,18.7832623640673,0.169773450197099,1.11051470067688,175.126022338867,-18.9127080418566,-44.3965672231259,-175.126022338867,4.28684520721436,17.3762550354004,5.13000011444092,16.0310001373291,37.9038162231445,991.224758780963
2.8,-0.227705008074833,-0.120364864987059,0.465886339661087,-0.537771318763469,-0.478443459970119,-11.1826429962415,0.0363058457876655,2.04260650289228,-0.0694140513224608,-0.0013679926859629,-0.265672161879047,-2.61698182616985,0.162293991598937,1.97559184080107,-0.0394403153774446,14.7524219153313,9.85986199962726,-0.0233140127978798,-7.39034703768462,-15.6685998753372,3.83785398002643,7.50875957980371,-6.20572566770083,-2.81,0.094872904055783,0.0384624482959503,16.8070583343506,18.860629067149,0.169773170530834,1.11051464335398,174.991653442383,-19.2788207825014,-45.1910423506416,-174.991653442383,4.29392385482788,17.137393951416,4.5937442779541,16.1375160217285,37.9013252258301,991.22167592704
2.825,-0.13188666968265,-0.130400927889965,0.469638638328686,0.638492866571899,-0.470974528570095,-18.2454624565642,-0.105226964176341,2.31579831356319,-0.0573781814824359,-0.00267040171254918,-0.200738269827793,-2.6155587246593,-0.0855572157768685,2.36157061561489,-0.0141526820952247,14.8568798762312,9.8692234334382,1.77082547791028,-7.33173378769056,-15.6743206928948,4.67179025554798,7.50893349332483,-6.20563217408573,-2.81,0.201552333442702,0.0380031134921528,16.8070583343506,19.1279547531888,0.169773021375492,1.11051461278176,174.919998168945,-19.4740809124525,-45.6147624186185,-174.919998168945,4.29769897460938,17.0100002288818,4.40000009536743,16.1760005950928,37.9011611938477,991.222540543543
2.85,-0.0822225564440179,-0.127490274688818,0.473390901524955,2.14101782892245,-0.506820430514195,-24.5610875806605,-0.257462517719826,2.3497229575304,-0.0526992529953593,-0.00829638536208398,-0.151534606192438,-2.61442488380542,-0.219717359984532,2.46683959079578,-0.0117629238368792,14.8158365930708,9.88814179317061,2.29065477519885,-7.38552000539492,-15.7623367492871,4.41976196480644,7.50910740684595,-6.20553868047064,-2.81,0.236948635961074,0.0381350514479592,16.8070583343506,19.1167929618274,0.169773021375492,1.11051461278176,174.919998168945,-19.4740809124525,-45.6147624186185,-174.919998168945,4.29769897460938,17.0100002288818,4.40000009536743,16.1760005950928,37.9036483764648,991.227916554817
2.875,-0.0363724858352386,-0.118958383129539,0.477143235663883,3.71967089476739,-0.598721430402413,-28.7320753669054,-0.435941471931827,2.10011046920408,-0.0420379467948488,-0.0124769278983238,-0.114446655743751,-2.6136671538902,-0.33374335262992,2.42367260541326,-0.0140018919884845,14.6915938513967,9.91410304529521,2.67449966320299,-7.34617645906148,-15.798133982645,4.21164714029204,7.50928132036706,-6.20544518685555,-2.81,0.264379059793367,0.0389782545547022,16.9909448623657,19.0265034289546,0.169773021375492,1.11051461278176,174.919998168945,-19.4740809124525,-45.6147624186185,-174.919998168945,4.29769897460938,17.0100002288818,4.40000009536743,16.1760005950928,37.9061393737793,991.233292566091
2.9,-0.00512902395302534,-0.106510691901389,0.480895534331481,4.84100268635842,-0.392094961595688,-32.7748357899145,-0.539983571980298,1.66198572770298,-0.0134609463399334,-0.0328759383175218,-0.0382896354571681,-2.61281908252683,-0.563828538801942,1.79820165414503,0.00587878157144568,14.4637874658981,9.86462239540485,3.30735008156814,-7.35211681601132,-15.8403331003172,3.53280526202102,7.50933952817494,-6.20542321328791,-2.81,0.307157258828567,0.033775155851829,17.1748313903809,18.8129091794238,0.169773021375492,1.11051461278176,174.919998168945,-19.4740809124525,-45.6147624186185,-174.919998168945,4.29769897460938,17.0100002288818,4.40000009536743,16.1760005950928,37.9086265563965,991.238668577366
2.925,0.016292542861918,-0.0907205460315075,0.48464783299908,5.38087668235032,-0.518127580643529,-33.969745051453,-0.592622817421516,1.14249200690406,0.0300880562960237,-0.0464128330022542,-0.00616450649832861,-2.61116517616253,-0.562717760459693,1.24335808646118,0.0494283942859802,14.277478642671,9.84083412778648,3.4300937916771,-7.24594865671559,-15.8303559099286,3.05777958189724,7.50932527949598,-6.20544602654396,-2.81,0.317366462649219,0.0306766343124733,17.1748313903809,18.5684634910283,0.16977289910732,1.11051458828925,174.814193725586,-19.6305109031584,-45.96210149276,-174.814193725586,4.29612445831299,17.023365020752,5.20947885513306,16.1181812286377,37.9088897705078,991.254941388894
2.95,0.023284701411137,-0.0664320044093686,0.488400167451387,5.26434596798447,-0.581078956497103,-33.0286843617775,-0.635853186908078,0.551044232386184,0.0782918490093387,-0.0611399468979306,0.00989720690094684,-2.60992620682327,-0.629766802888221,0.682134709042647,0.0743933127374894,14.1452165724373,9.77690326972115,3.37720834121827,-7.16376757307985,-15.7742281079237,2.63337945703091,7.50931103081702,-6.20546883980001,-2.81,0.313502764546774,0.0253206852272148,17.1748313903809,18.3436847323722,0.16977262595502,1.11051453357194,174.577819824219,-19.9799821563657,-46.7380717646625,-174.577819824219,4.29260730743408,17.05322265625,5.51999998092651,16.0960006713867,37.9064025878906,991.284661315629
2.975,0.0196553751033707,-0.0405434290983262,0.492152466118985,4.67708254829976,-0.613851475584342,-30.4700618785115,-0.696749664978023,-0.0107366642054623,0.128949049149957,-0.0773622671469247,0.0107253601514986,-2.60677578077488,-0.704873421629978,0.139710394474283,0.102628865403976,14.0357150678377,9.74327260309583,3.22552491390796,-7.01963861081129,-15.7389681335438,2.31219058879381,7.50929678213806,-6.20549165305606,-2.81,0.300067272012689,0.0212230802419035,17.2829446792603,18.1166766788072,0.16977235280272,1.11051447885463,174.341445922852,-20.3294534095729,-47.5140420366439,-174.341445922852,4.28908920288086,17.083080291748,5.51999998092651,16.0960006713867,37.9039077758789,991.314381242363
3,0.0179986046427367,-0.0366167311255068,0.495904746529088,3.96293544765258,-0.234484707221617,-26.8762154799459,-0.734975988378279,-0.41830051082259,0.183882418784628,-0.094898382599731,0.00604977045045355,-2.60326513130911,-0.772831600897929,-0.350935109100809,0.147258122492927,13.9620587570562,9.72867094750459,3.06963420201422,-6.88365107709308,-15.7297111094102,2.04946664715895,7.5092825334591,-6.20551446631211,-2.81,0.283642847231945,0.0180695632657148,17.3910579681396,17.9298989319241,0.169772079650421,1.11051442413732,174.105072021484,-20.6789246641983,-48.2900123086253,-174.105072021484,4.28557157516479,17.1129379272461,5.51999998092651,16.0960006713867,37.9014205932617,991.344101169098
3.025,-0.00343209110114476,-0.00542737471490365,0.499657000458991,2.80481029620588,0.254189663608032,-22.4248193121596,-0.60785241485842,-0.690736575690331,0.232554523378341,-0.103687006378626,-0.013601568326916,-2.59680349386704,-0.599080563483742,-0.580645331178921,0.169162162782241,13.9368946545823,9.65565991437145,2.95620304339691,-6.76004299800845,-15.6834768520799,2.13033094238084,7.50926828478014,-6.20553727956816,-2.81,0.270021054822793,0.0123388628068411,17.3910579681396,17.828388958219,0.169771923563392,1.11051439287028,173.970001220703,-20.8786225233764,-48.7334238925921,-173.970001220703,4.28356170654297,17.1299991607666,9.4929141998291,15.9697513580322,37.9000015258789,991.361083984375
3.05,-0.00343209110114476,-0.00542737471490365,0.503409290922295,2.27818084991754,0.673691017105712,-17.6974322758643,-0.382120149704492,-0.954038565335733,0.257879522195514,-0.112453383315659,-0.0332909938077519,-2.59033435139778,-0.424714805082046,-0.809691936055664,0.191008407725956,13.9198842779185,9.55620345198623,2.8667676302754,-6.65891039288797,-15.6188985441003,2.23863351645158,7.51002453429806,-6.20512418655873,-2.81,0.257499134216298,0.00516532046692573,17.3910579681396,17.7444798461093,0.169771923563392,1.11051439287028,173.970001220703,-20.8786225233764,-48.7334238925921,-173.970001220703,4.28356170654297,17.1299991607666,13.4359722137451,15.8671035766602,37.9000015258789,991.361083984375
3.075,-0.00343209110114476,-0.00542737471490365,0.507036256552447,1.68382699405225,0.725881194546107,-12.6769851308774,-0.135215956261003,-1.18851814379344,0.254864765017782,-0.121219760252693,-0.0529804192885878,-2.58386520892852,-0.25034904668035,-1.03873854093241,0.212854652669672,13.9171644430504,9.449328525829,2.7804635183872,-6.57652245688942,-15.5539396604892,2.35214083611568,7.510803527051,-6.20469822665529,-2.81,0.244906972664131,-0.00237644172042784,17.4235124588013,17.6779174898463,0.169771923563392,1.11051439287028,173.970001220703,-20.8786225233764,-48.7334238925921,-173.970001220703,4.28356170654297,17.1299991607666,14.3900003433228,15.8459997177124,37.9000015258789,991.361083984375
3.1,-0.0742798513806982,0.0196894804376541,0.508504630738061,0.973623054048477,0.762634701144902,-7.73388400353102,0.035231056359358,-1.28188222439628,0.234813825341349,-0.12943634761265,-0.0917254881654055,-2.57231384403267,-0.0360441005608838,-1.32238034832413,0.218895138979679,14.4001823061719,9.06400918898353,1.22725644647567,-7.14426852751749,-15.431186262678,1.36586571361891,7.51158251980394,-6.20427226675184,-2.81,0.142771840483666,-0.0257703673884192,17.4559669494629,17.8148187267699,0.169771923563392,1.11051439287028,173.970001220703,-20.8786225233764,-48.7334238925921,-173.970001220703,4.28356170654297,17.1299991607666,14.3900003433228,15.8459997177124,37.9000015258789,991.361083984375
3.125,-0.105743703066062,0.0425322571516933,0.50753344602026,0.403673528668408,0.74153257511413,-3.65043859794753,0.198568586513181,-1.16416732964123,0.207440403002861,-0.127585595755491,-0.122369228609143,-2.56490635412984,0.106128909195892,-1.25615814474994,0.186817866713436,14.5543148878881,8.95183548502611,0.776097130996903,-7.25190195733836,-15.426838965082,1.41007968218007,7.51202357387712,-6.20403727036862,-2.81,0.112323276476636,-0.0323198481817699,17.4559669494629,17.9120808594432,0.169771809922606,1.11051436868382,173.926177978516,-21.0330977983973,-49.0562543137202,-173.926177978516,4.28000497817993,17.2125339508057,14.3900003433228,15.8459997177124,37.8989791870117,991.3654001245
3.15,-0.126515529537426,0.0459092455656119,0.5065622705644,0.103500112357029,0.681684432857924,-0.863421058842891,0.287828772364345,-0.913586429442314,0.184885095601431,-0.124821892937571,-0.138349508745884,-2.56075379057295,0.188412954271796,-1.15126284556133,0.181475912748688,14.688454213169,8.8951879451999,0.56689152454242,-7.34331508602552,-15.4617007738924,1.48591873241923,7.51245846976844,-6.20380575387142,-2.81,0.0987532601041036,-0.0354148833429525,17.4559669494629,18.0238049783698,0.169771532427663,1.11051430962386,173.819198608398,-21.4103048663641,-49.8445611559527,-173.819198608398,4.27131938934326,17.4140758514404,14.3900003433228,15.8459997177124,37.8964958190918,991.375939536434
3.175,-0.134178868666029,0.0517865870683575,0.505591083440794,-0.0391290531833775,0.805293344870041,0.380890482894553,0.397016414659631,-0.608759166679516,0.159006476176892,-0.119504462892745,-0.157745731269056,-2.55531814117459,0.257534299494,-0.896615087286999,0.164962353853493,14.858948081981,8.80604492368424,0.317517961107337,-7.46182439427497,-15.4973774381327,1.60874242986107,7.51289336565975,-6.20357423737422,-2.81,0.0838434538756306,-0.0401649227637613,17.47287940979,18.1698165809561,0.169771254932719,1.11051425056391,173.712203979492,-21.7875119343309,-50.632867998264,-173.712203979492,4.26263427734375,17.6156158447266,14.3900003433228,15.8459997177124,37.8940048217773,991.386478948367
3.2,-0.144427156787164,0.0375171850045754,0.505869946757021,-0.278685688206287,0.600907835669101,0.374490860340175,0.514400436958575,-0.258994962745148,0.13957154134569,-0.101838077546459,-0.17786691925694,-2.54756026720301,0.4958887962649,-0.313674134197307,0.132708733228104,15.0647182525076,8.67409588240039,0.173235444478482,-7.55140124209702,-15.5345579809951,1.9671129961677,7.51332826155107,-6.20334272087702,-2.81,0.0813452150944053,-0.0466040238479726,17.4897918701172,18.3531594508112,0.169770977437776,1.11051419150395,173.605209350586,-22.1647190022977,-51.4211748405754,-173.605209350586,4.25394868850708,17.8171577453613,12.3417530059814,15.868989944458,37.8915176391602,991.397018360301
3.225,-0.141415145953471,0.0224289429913278,0.508002844694402,-0.348584766807842,0.656220001361289,-0.976031533026254,0.567117001670418,0.134781861513771,0.13359835535984,-0.0911386927194691,-0.176551072143508,-2.54528240199864,0.541208416461741,0.0189547198306168,0.121152605012264,15.283506630933,8.56794765748438,0.300338225264063,-7.71197614363584,-15.5795372599953,2.21109650923006,7.51324103166676,-6.20340215200023,-2.81,0.0931934487366325,-0.0513618777178876,17.4897918701172,18.5723062044946,0.169770808298,1.1105141555055,173.539993286133,-22.3946356911956,-51.9016666301026,-173.539993286133,4.24865484237671,17.9400005340576,11.4499998092651,15.878999710083,37.8899993896484,991.401544796912
3.25,-0.135863323452884,0.0128096604475273,0.510161048194012,-0.161903374658084,0.667931394406386,-3.47356369104795,0.683944085883033,0.519419114464373,0.123898906126248,-0.0838813713913017,-0.172517868766055,-2.54397982722419,0.582388125571686,0.209184522913527,0.124367826532376,15.3820908064791,8.53801342773871,0.300697202345922,-7.78494132699082,-15.620950182813,2.23101178838164,7.51302356834277,-6.20353415396968,-2.81,0.0972987275237648,-0.0524195651547008,17.4897918701172,18.6581685716947,0.169770808298,1.1105141555055,173.539993286133,-22.3946356911956,-51.9016666301026,-173.539993286133,4.24865484237671,17.9400005340576,11.4499998092651,15.878999710083,37.8899993896484,991.396685125703
3.275,-0.128662345728886,0.00244119568004894,0.512319240599751,0.17140667530185,0.577049067735501,-6.95478490633362,0.734490581155925,0.810163964986444,0.115314790670844,-0.0577435506907817,-0.148916209286243,-2.54019107953724,0.732411197778873,0.70239380846279,0.127744200992144,15.4936245401107,8.49715225746786,0.41900685213798,-7.82924710459716,-15.6898339985646,2.2274567316323,7.51280610501877,-6.20366615593913,-2.81,0.120876172053363,-0.0529159510851012,17.6017971038818,18.7281058131412,0.169770808298,1.1105141555055,173.539993286133,-22.3946356911956,-51.9016666301026,-173.539993286133,4.24865484237671,17.9400005340576,11.4499998092651,15.878999710083,37.8899993896484,991.391825454495
3.3,-0.0942242732093813,-0.0350317062590736,0.514477392822273,0.509743752406163,0.668804074400913,-10.829198018012,0.755696073585814,0.989951307072833,0.103707245498988,-0.0381183348643696,-0.124590879556303,-2.5372943293756,0.746879833761464,0.951239093916136,0.120439224207818,15.6477954792304,8.41079451069201,0.778535673206514,-7.93772427349451,-15.730262440422,2.39842914608524,7.51258864169477,-6.20379815790858,-2.81,0.15321704655897,-0.0556173633955761,17.7138023376465,18.8836814491523,0.169770808298,1.1105141555055,173.539993286133,-22.3946356911956,-51.9016666301026,-173.539993286133,4.24865484237671,17.9400005340576,11.4499998092651,15.878999710083,37.8899993896484,991.386965783286
3.325,-0.0733697481150549,-0.0550262055595074,0.516635575531563,1.01491587227374,0.598758910069559,-14.5515118857698,0.80831244074522,1.08676064997902,0.082768241314826,-0.0153588547572989,-0.0942311077697302,-2.53429820311093,0.803182162468266,1.10155050216726,0.0979298590821295,15.7421001903021,8.36640349800174,1.02209510029399,-8.01827993604459,-15.7778954480812,2.37071853740034,7.51297631559632,-6.20359423163028,-2.81,0.18201335457195,-0.0555623016696594,17.7138023376465,18.9664706548486,0.16977070345417,1.11051413276245,173.505798339844,-22.5398921103264,-52.1995066844911,-173.505798339844,4.25046157836914,17.9344539642334,11.7170858383179,15.9091320037842,37.8899993896484,991.382833761062
3.35,-0.0515516379920548,-0.0770689161779609,0.518793779016209,1.70119481768302,0.51035204989819,-17.8659700297904,0.74570637645994,1.09904345566353,0.0542455591015576,0.00283685387286331,-0.0674003176922289,-2.53196431131902,0.757014289744445,1.11615802243666,0.0704983078494779,15.7925918918759,8.37494814550139,1.11302722824154,-8.06220355452517,-15.8415594369724,2.19782009369778,7.51342220187727,-6.20335799006581,-2.81,0.200022412382862,-0.0529695090007144,17.7138023376465,18.9887679148886,0.169770421182318,1.11051407153118,173.41374206543,-22.9309670842548,-53.0013837542049,-173.41374206543,4.25532531738281,17.9195251464844,11.8400001525879,15.9230003356934,37.8899993896484,991.379933144809
3.375,-0.0438037944294117,-0.0852264187512971,0.520355579049395,2.36285883568459,0.515096112530336,-20.834488159786,0.680740046360766,1.00932775723995,0.0158428694945562,0.0210437138176763,-0.0381475986865257,-2.52941113144516,0.682641184438019,1.04096919534833,0.0352013858835568,15.8054582536039,8.39367953748114,1.15863698042231,-8.0756652790009,-15.8946893017119,1.93682439584263,7.51386808815822,-6.20312174850134,-2.81,0.216349464442637,-0.0496883198221925,17.8858232498169,18.9602841246954,0.169770138910466,1.1105140102999,173.321685791016,-23.3220420610196,-53.8032608238398,-173.321685791016,4.26018905639648,17.9045963287354,11.8400001525879,15.9230003356934,37.8899993896484,991.377032528556
3.4,-0.015626505264346,-0.112501940357171,0.519173901722347,2.84543888934429,0.339028350014256,-22.4223656921766,0.537964404667054,0.792081215382617,-0.0251131913419808,0.0364851977528395,-0.0162772858160252,-2.52825197573685,0.563219408504759,0.834247832634732,-0.00894407410021233,15.8300239167865,8.480353657749,1.14043620516395,-8.06956073215982,-15.99302214399,1.70648246296511,7.51422121197633,-6.20293955787639,-2.81,0.226362374907624,-0.042755489401057,18.0578441619873,18.9498968483625,0.169769856638614,1.11051394906862,173.229614257812,-23.713117034948,-54.6051378934747,-173.229614257812,4.26505279541016,17.8896675109863,11.8400001525879,15.9230003356934,37.8899993896484,991.374131912304
3.425,-0.00576580372854305,-0.127362419213043,0.517306235827979,3.09927597050675,0.310536770807276,-22.7389505537888,0.393605165725229,0.49770221444041,-0.0572001458398159,0.0472777743116525,-0.00241375284047376,-2.52854298657401,0.3977861515381,0.529307212769996,-0.0483406993639872,15.8137184485201,8.56227071420092,0.962841626099852,-8.03652003798665,-16.0547412773846,1.40458646745556,7.51451093296026,-6.20279431088845,-2.81,0.224834187305014,-0.0366265880183721,18.0578441619873,18.8853954785613,0.169769673833987,1.11051390941408,173.169998168945,-23.9663846374624,-55.1244487576297,-173.169998168945,4.26820278167725,17.8799991607666,14.0146446228027,15.8399314880371,37.8899993896484,991.372670829014
3.45,-0.00463962559997506,-0.136168843731056,0.515438588054246,3.04794092411898,0.272970468749966,-21.991073909804,0.251775454621586,0.190156067594395,-0.0824979342000732,0.0525218185235707,0.0029160206131915,-2.52976437556347,0.260511648054071,0.235415134309882,-0.0752753661965219,15.7863460031223,8.66304894620279,0.735807056847252,-7.97877172855154,-16.1192449557574,1.14354403477163,7.51480065394419,-6.20264906390052,-2.81,0.216645412787072,-0.0302886312620159,18.0578441619873,18.8154237180274,0.169769673833987,1.11051390941408,173.169998168945,-23.9663846374624,-55.1244487576297,-173.169998168945,4.26820278167725,17.8799991607666,15.0600004196167,15.8000001907349,37.8899993896484,991.373855373871
3.475,-0.00939844996091165,-0.136575146428826,0.513570926798685,2.66360477051207,0.0546703263738128,-20.3135155441483,0.0809653773840321,-0.072426357409719,-0.104048601987961,0.0539859541486998,0.00122392717371233,-2.53223931274646,0.119449789628509,-0.00701969377795937,-0.0962048683303292,15.7542763961826,8.75484491355257,0.534551368720415,-7.93287940049722,-16.1624792174433,0.986898858219333,7.51509037492812,-6.20250381691258,-2.81,0.206672334228101,-0.0248853365734972,18.1937742233276,18.7685194168634,0.169769673833987,1.11051390941408,173.169998168945,-23.9663846374624,-55.1244487576297,-173.169998168945,4.26820278167725,17.8799991607666,15.0600004196167,15.8000001907349,37.8899993896484,991.375039918728
3.5,-0.01066217685315,-0.13672302909732,0.511703265543123,2.43729809347296,0.200138126436107,-18.0365274677944,-0.0684952219084446,-0.287264224136873,-0.114979303486837,0.0544711987799532,-0.00296535832808512,-2.53540778968982,-0.0342783005234173,-0.241856809525296,-0.11793732567008,15.724904670891,8.83077309141716,0.361502664771978,-7.90851699692987,-16.1880205254566,0.888377652809645,7.51548902445878,-6.20228870496771,-2.81,0.197130499781971,-0.0203726090684555,18.329704284668,18.7428065935003,0.169769673833987,1.11051390941408,173.169998168945,-23.9663846374624,-55.1244487576297,-173.169998168945,4.26820278167725,17.8799991607666,15.0600004196167,15.8000001907349,37.8899993896484,991.376224463585
3.525,-0.0222753697714957,-0.1336497276078,0.509835604287561,2.03796994476479,0.138813164271607,-15.5152822808411,-0.179315490240321,-0.450263867356882,-0.113818561229967,0.0511804912579735,-0.0111556786568572,-2.53841632616646,-0.126884409550834,-0.364492652122694,-0.120010375793572,15.7080874588338,8.92121997980199,0.10293816639378,-7.87921645173238,-16.2395009058256,0.734392432511242,7.51595698560347,-6.20202913770718,-2.81,0.180448449821946,-0.0157834035602062,18.329704284668,18.7169688351792,0.169769577427293,1.11051388900365,173.147598266602,-24.0967429625779,-55.3983206183244,-173.147598266602,4.26831865310669,17.9372253417969,16.7246932983398,15.7513904571533,37.8899993896484,991.379423747131
3.55,-0.031823545934404,-0.128183400565815,0.507967960843406,1.60966864216493,0.0954940569979824,-12.7433201666871,-0.289500452428558,-0.566969712919739,-0.111884041929881,0.0478801082503139,-0.0193562512223107,-2.54142445281225,-0.219333899842339,-0.486840990597268,-0.122033050725517,15.7026569598179,9.01162570684833,-0.15917345632935,-7.86362596954335,-16.2984525058341,0.576196315018318,7.51642494674815,-6.20176957044665,-2.81,0.163402529198206,-0.0111600178724035,18.329704284668,18.7070921836962,0.169769288207211,1.11051382777237,173.080429077148,-24.4878179365063,-56.2199362004084,-173.080429077148,4.26866579055786,18.1089096069336,17.5599994659424,15.7270002365112,37.8899993896484,991.386652508053
3.575,-0.043563469858662,-0.126957134289198,0.506100290323688,1.30358863294079,0.293289307444274,-9.8911936303303,-0.348228035722602,-0.61222410532844,-0.117109730478184,0.041555937053487,-0.0308806031267918,-2.5446665216054,-0.314638161964304,-0.581209270377867,-0.119789867914414,15.7148251425765,9.15839012181861,-0.583520701973124,-7.83905517831693,-16.420767186876,0.282761738091582,7.51689290789284,-6.20151000318613,-2.81,0.135531631112611,-0.0039933505644929,18.4001197814941,18.7030354269399,0.169768998987129,1.11051376654109,173.013244628906,-24.8788929118529,-57.0415517824135,-173.013244628906,4.26901340484619,18.2805919647217,17.5599994659424,15.7270002365112,37.8899993896484,991.393881268976
3.6,-0.0644871235323907,-0.11041006477175,0.504232611793987,0.975154458235446,0.272614683545969,-7.61584429802935,-0.3931970071859,-0.573762234125888,-0.114452455609207,0.0253592913216547,-0.0566669241798363,-2.55166954377281,-0.399914431895995,-0.601497759908052,-0.126575746713444,15.7186845007401,9.32920481019143,-0.965588899730491,-7.87353550839704,-16.5234510255735,0.162700802313421,7.51733961811668,-6.20126206028305,-2.81,0.1023353869061,0.00342626730235393,18.4705352783203,18.7686859490796,0.169768709767047,1.11051370530981,172.946060180664,-25.2699678871995,-57.8631673645764,-172.946060180664,4.26936101913452,18.4522743225098,17.5599994659424,15.7270002365112,37.8899993896484,991.401110029899
3.625,-0.0734934240952137,-0.0990894716416126,0.502364959265315,0.677343399919427,0.196754221974544,-5.72585069658616,-0.422769138897614,-0.478498834797397,-0.116848979297696,0.0132728272899391,-0.0706701568397061,-2.55584604588119,-0.438255164184351,-0.486377928774484,-0.120832602213861,15.7408568945639,9.4315216327699,-1.05759768127532,-7.91771655286178,-16.5868477025618,0.181485042198362,7.5172934779882,-6.20128370892875,-2.81,0.0886754867422487,0.00762304368717204,18.4705352783203,18.8427295495102,0.169768511444705,1.11051366332265,172.899993896484,-25.5381335837291,-58.4265609065476,-172.899993896484,4.26959896087646,18.5699996948242,15.9977722167969,15.8057680130005,37.8899993896484,991.40920745705
3.65,-0.0799311829892008,-0.0872645293038199,0.501145230000547,0.539097849905328,0.278616502240243,-4.53337389747744,-0.441826591490998,-0.345083086947144,-0.117051367424756,0.00224369530101378,-0.0787985380976346,-2.55908345115147,-0.452247975751012,-0.348169562422342,-0.120603229469577,15.7741366144848,9.49595287715433,-1.05714364308585,-7.97474416750497,-16.627501433948,0.209072204234173,7.51724733785972,-6.20130535757445,-2.81,0.0814751931387932,0.00992513741199403,18.4705352783203,18.9161878400395,0.169768511444705,1.11051366332265,172.899993896484,-25.5381335837291,-58.4265609065476,-172.899993896484,4.26959896087646,18.5699996948242,15.1800003051758,15.8470001220703,37.8899993896484,991.419200155972
3.675,-0.083527900330592,-0.0832560629481859,0.501684767525651,0.355422391666298,0.309896789090775,-4.21231017690422,-0.442565271955872,-0.187216197600489,-0.122175495460146,-0.00872235810889909,-0.0843226031110971,-2.56205497026598,-0.467657725761059,-0.209415638837345,-0.12334707929046,15.81257305972,9.5254299644041,-1.03939364809558,-8.05140504740688,-16.6427458553732,0.213328590442768,7.51720119773125,-6.20132700622014,-2.81,0.0756843342966151,0.010429888290897,18.5358076095581,18.9880289594626,0.169768511444705,1.11051366332265,172.899993896484,-25.5381335837291,-58.4265609065476,-172.899993896484,4.26959896087646,18.5699996948242,15.1800003051758,15.8470001220703,37.8899993896484,991.429192854895
3.7,-0.085781812279396,-0.0634184236757352,0.502224315080684,0.270225665739595,0.250411252736324,-4.92163987409576,-0.373840694896572,0.0211950600932548,-0.122317816154716,-0.0187905217458772,-0.0857881429505677,-2.56511742734548,-0.401394278216934,-0.020920795381038,-0.12278661274661,15.8588546110233,9.63449422357586,-0.773173854540167,-8.07288122974097,-16.7208386110068,0.408278241149192,7.51715505760277,-6.20134865486584,-2.81,0.0840156573725426,0.015288456379284,18.6010799407959,19.0805192595878,0.169768511444705,1.11051366332265,172.899993896484,-25.5381335837291,-58.4265609065476,-172.899993896484,4.26959896087646,18.5699996948242,15.1800003051758,15.8470001220703,37.8899993896484,991.439185553817
3.725,-0.08170812319431,-0.0544508637020394,0.502763858930556,0.320498411049393,0.347230427373399,-6.26821711977663,-0.3347821001809,0.222732299429444,-0.12330369550511,-0.0269293867991073,-0.0804546055293439,-2.56814328423643,-0.3305365236736,0.215021750827541,-0.116547106136734,15.9207581615686,9.69303510629842,-0.509754323091251,-8.13331172971382,-16.7711950914715,0.511444026360489,7.5171089174743,-6.20137030351153,-2.81,0.0941839881052599,0.0177178064821997,18.6010799407959,19.175214546449,0.169768424004536,1.11051364498842,172.894119262695,-25.6552315492476,-58.6749606868556,-172.894119262695,4.26985502243042,18.58616065979,13.4139099121094,15.9000473022461,37.8899993896484,991.446640520864
3.75,-0.0738939763913139,-0.0473207521909516,0.503303415489183,0.330185830207562,0.165089957394125,-8.06612209246168,-0.267611808075399,0.380996438641657,-0.122477795805691,-0.0333438405781072,-0.0704338383590239,-2.57083810082028,-0.282728955381473,0.364974425734231,-0.111600158082695,15.971099017502,9.711175679524,-0.334183926025561,-8.20751261380414,-16.790248921443,0.467860718669191,7.51703435445551,-6.20140802745459,-2.81,0.101479675441776,0.0182046731047994,18.6010799407959,19.2387447544324,0.169768127836224,1.11051358288862,172.874206542969,-26.0518536847097,-59.5163147813887,-172.874206542969,4.27072381973267,18.6408996582031,12.4499998092651,15.9289999008179,37.8899993896484,991.448037676337
3.775,-0.070670338887273,-0.0446849290952646,0.503842953012062,0.54823995870613,0.174810402543863,-9.98152668277369,-0.259984994052554,0.477742996060597,-0.116000734094937,-0.0390924128007105,-0.0589236884108433,-2.57344422620083,-0.239467859892444,0.45711037405181,-0.10829416458491,15.9959944627876,9.72667994873173,-0.250775931363675,-8.2665264894123,-16.796130444103,0.312365412399654,7.51695892537332,-6.2014462412221,-2.81,0.10472120615188,0.018645746600654,18.6518602371216,19.2643429933667,0.169767831667912,1.11051352078881,172.854309082031,-26.4484758230082,-60.3576688760795,-172.854309082031,4.27159214019775,18.6956405639648,12.4499998092651,15.9289999008179,37.8899993896484,991.449434831809
3.8,-0.0700837807776254,-0.0443629739344467,0.504382503190219,0.764531049261308,0.189816175818552,-11.7967716250791,-0.199139176929749,0.53469032443725,-0.110932399894923,-0.0448409850233137,-0.047413538462663,-2.57605035158138,-0.196206764403415,0.549246322369387,-0.104988171087126,16.0112922826904,9.72877381260116,-0.151078243748628,-8.32207745306524,-16.7853095277328,0.172499326419469,7.51688349629112,-6.20148445498961,-2.81,0.108860836773942,0.018396028174269,18.7026405334473,19.2817359010478,0.1697675354996,1.110513458689,172.834411621094,-26.8450979613068,-61.1990229706127,-172.834411621094,4.2724609375,18.7503795623779,12.0469188690186,15.9392366409302,37.8899993896484,991.450831987282
3.825,-0.0427631200497876,-0.0300372647819739,0.5049607441304,0.9073144109147,0.0712736844978905,-13.6615069918116,-0.168448907850849,0.560917518763889,-0.106363898500786,-0.0473989321717786,-0.0375701382901246,-2.57780312763274,-0.181846982405163,0.581975654208841,-0.099197818101049,16.0194246127793,9.7934250522709,0.328088544240618,-8.2990003626489,-16.8389631986363,0.465502575241408,7.51708093573989,-6.20136299682091,-2.81,0.133843727603834,0.0215887702718059,18.7026405334473,19.3400073115632,0.169767321130155,1.11051341374057,172.820007324219,-27.1321768408077,-61.8080030771717,-172.820007324219,4.27308940887451,18.7900009155273,11.8199996948242,15.9449996948242,37.8893089294434,991.45124766273
3.85,-0.0364112476124645,-0.028231733624126,0.506384799521747,1.12613375134233,0.0876458685234208,-15.2760976706472,-0.13253441605505,0.549879718446433,-0.0967502069318816,-0.0511083087642894,-0.0226026754774155,-2.58041422117473,-0.142318512921566,0.558407526581816,-0.091782232598322,16.0157514077956,9.81557643211513,0.51965008136591,-8.32459123100652,-16.842714559409,0.379495935402165,7.51735164822991,-6.20119866214927,-2.81,0.144396796577205,0.0225845477945589,18.7026405334473,19.3489508527612,0.169767321130155,1.11051341374057,172.820007324219,-27.1321768408077,-61.8080030771717,-172.820007324219,4.27308940887451,18.7900009155273,11.8199996948242,15.9449996948242,37.8868255615234,991.449091183631
3.875,-0.0364112476124645,-0.028231733624126,0.508003419186033,1.36671731656084,0.0622562382907026,-16.3233533479985,-0.106798577903062,0.478041515396853,-0.0870899936131814,-0.0552089036932139,-0.00594594802750642,-2.58331064853864,-0.0944071112707344,0.5166004322703,-0.0838432879984367,15.9964616776984,9.82639931184301,0.615863152904709,-8.35164726159393,-16.8239717542401,0.167807912236245,7.51762236071993,-6.20103432747763,-2.81,0.150299599911861,0.023006750384261,18.73646068573,19.3273862144053,0.169767321130155,1.11051341374057,172.820007324219,-27.1321768408077,-61.8080030771717,-172.820007324219,4.27308940887451,18.7900009155273,12.5159721374512,15.8994455337524,37.8843383789062,991.446934704532
3.9,-0.0159413119304756,-0.0180333013026159,0.508456247487516,1.53555485730765,0.181926320570397,-16.9951857922422,-0.0677185067467144,0.368377733618971,-0.0823163129786328,-0.057560282912444,0.00581283503293759,-2.58561496103645,-0.101150564341413,0.42480970104533,-0.0771111628589584,15.9626501176725,9.88817826438076,0.896607399877239,-8.32251172536508,-16.8543009346385,0.233477156745803,7.51789307320995,-6.20086999280599,-2.81,0.165770530148339,0.0261843945177083,18.7702808380127,19.3307208406398,0.169767321130155,1.11051341374057,172.820007324219,-27.1321768408077,-61.8080030771717,-172.820007324219,4.27308940887451,18.7900009155273,12.9200000762939,15.8730001449585,37.8818511962891,991.444778225433
3.925,-0.011309331501035,-0.0158483145153182,0.507166697315059,1.54820058290862,0.0565003127058624,-17.1755420654141,-0.00697281104901041,0.243491013885368,-0.0785439993587087,-0.0592396824706026,0.0122701660072636,-2.58743452338901,-0.0392757157108553,0.292950222835376,-0.0736016190530776,15.9264569726103,9.94243710434844,0.876164156834773,-8.29482326900657,-16.8659259724844,0.0905479468517632,7.5179365569315,-6.20083946722629,-2.81,0.165286893825356,0.0290831733740562,18.7702808380127,19.2925017006459,0.169767244302581,1.11051339766038,172.814239501953,-27.2348785982531,-62.0262546294469,-172.814239501953,4.27292203903198,18.7963981628418,12.9200000762939,15.8730001449585,37.8800010681152,991.444421994178
3.95,-0.0110870813706767,-0.0135710501611191,0.505842375011314,1.53151508243942,0.112112797064912,-16.5177174795636,0.0378766567942466,0.117331255586354,-0.0710512702351438,-0.0579033140807188,0.0159329968471466,-2.58949044598873,0.0308025045119491,0.144498879685363,-0.0699145188997925,15.896540513256,9.93514969636076,0.873155497891664,-8.30846175863378,-16.8266805232105,0.0434289916306698,7.51795239572829,-6.20082522102136,-2.81,0.166570241828369,0.0291907888032679,18.7702808380127,19.2750160284948,0.169766945528683,1.11051333512631,172.791839599609,-27.6342743151912,-62.8750106662569,-172.791839599609,4.27227020263672,18.8212795257568,12.9200000762939,15.8730001449585,37.8800010681152,991.449266478914
3.975,-0.0116748589631679,-0.0123982928766646,0.504518033608174,1.46680704029567,0.104879819709284,-15.4017660534523,0.104786381832862,-0.0112513662666092,-0.0660192075734913,-0.055233177659142,0.017179604617777,-2.59143988219495,0.0734832163278932,0.0120929734987489,-0.0676837214697447,15.8711271931194,9.92648459353741,0.845407721089827,-8.32537197235419,-16.787796795832,0.0234359676652344,7.51796823452508,-6.20081097481642,-2.81,0.166755999172087,0.0293876516151673,18.8053226470947,19.2645803761245,0.169766646754784,1.11051327259224,172.769454956055,-28.0336700349657,-63.723766702988,-172.769454956055,4.27161884307861,18.8461608886719,12.9200000762939,15.8730001449585,37.8800010681152,991.45411096365
4,-0.0148403343531762,-0.0181074676671972,0.503193679317758,1.25975413910333,0.0660036120587639,-14.2036144160385,0.131836455526718,-0.132567498459548,-0.0694580547845377,-0.054783569515995,0.0167765573724223,-2.59186600679596,0.0812333486489956,-0.0222539385424653,-0.0675403529644227,15.8523185794192,10.0001202308903,0.568615794825727,-8.28210846164684,-16.8216533842468,-0.245743255379599,7.51809920718592,-6.2007293275075,-2.81,0.152815116692606,0.0334349474932606,18.8403644561768,19.2100495275154,0.169766347980886,1.11051321005816,172.747055053711,-28.433065753322,-64.5725227397191,-172.747055053711,4.27096796035767,18.8710422515869,13.1062564849854,15.8847961425781,37.8800010681152,991.458955448386
4.025,-0.0159316675876334,-0.0184697004644933,0.501869335050583,1.04963427859778,-0.0118573422266617,-13.1382413223104,0.152634984275356,-0.194981112674728,-0.0706968592162587,-0.052385702960916,0.0124280399532306,-2.5936987712377,0.104523989945122,-0.126400635129919,-0.0693227236080952,15.8538141451383,10.0028094481041,0.467145592541479,-8.31557273223115,-16.8048932019151,-0.254282157258269,7.51831863559909,-6.20059589686435,-2.81,0.147831618425425,0.0341790307229108,18.8403644561768,19.2274525320923,0.16976612034363,1.11051316241316,172.729995727539,-28.7373672532921,-65.2191940058075,-172.729995727539,4.27047157287598,18.8899993896484,13.2200002670288,15.8920001983643,37.8800010681152,991.46326117493
4.05,-0.0186477983907357,-0.0193712323042324,0.500544984220167,0.949220079482087,0.102360094816382,-11.8662333603733,0.140684545216179,-0.206088441902264,-0.0718874616904601,-0.0477154655238696,0.00585821616492165,-2.59611822498733,0.126659281846228,-0.160986813317658,-0.0739091814703138,15.8638689795324,10.0070753050166,0.395489851966959,-8.36529342320726,-16.7914108131353,-0.17520339956319,7.51853806401227,-6.20046246622121,-2.81,0.144960109689914,0.0353525257500682,18.8403644561768,19.271908123667,0.16976612034363,1.11051316241316,172.729995727539,-28.7373672532921,-65.2191940058075,-172.729995727539,4.27047157287598,18.8899993896484,13.2200002670288,15.8920001983643,37.8800010681152,991.465842875259
4.075,-0.0206530298126115,-0.016367365484107,0.499220658655634,0.821084626180979,-0.0339260639964302,-10.8809118301367,0.173201670757811,-0.196198296647347,-0.0748943630255686,-0.0430452280868234,-0.000711607623387024,-2.59853767873695,0.148794573747334,-0.195572991505395,-0.0784956393325323,15.8796272572623,10.0000880483643,0.33337619195646,-8.42493407203937,-16.7716594287181,-0.0859556796906651,7.51875749242545,-6.20032903557806,-2.81,0.142521942525834,0.035930062308698,18.8626470565796,19.3229072461346,0.16976612034363,1.11051316241316,172.729995727539,-28.7373672532921,-65.2191940058075,-172.729995727539,4.27047157287598,18.8899993896484,13.2200002670288,15.8920001983643,37.8800010681152,991.468424575589
4.1,-0.034578196452517,-0.0289910562275687,0.497896313699457,0.615435980935105,-0.11068650217095,-10.0180438599306,0.125846974899749,-0.179501207439493,-0.0736771154398657,-0.0400520324332009,-0.00465152058241888,-2.60003513468836,0.146899269293268,-0.190811593307999,-0.0780004930800857,15.8334225170392,10.1488921799535,-0.111987515692687,-8.34473210807755,-16.8486671045301,-0.444617962096081,7.51897692083863,-6.20019560493492,-2.81,0.120538069309911,0.0444537295467802,18.8849296569824,19.252071099418,0.16976612034363,1.11051316241316,172.729995727539,-28.7373672532921,-65.2191940058075,-172.729995727539,4.27047157287598,18.8899993896484,12.7798099517822,15.9085063934326,37.8800010681152,991.471006275918
4.125,-0.0369530318423697,-0.0325890669548178,0.49694435492733,0.578907657574964,-0.0276407486055711,-9.3427589496345,0.113326514226986,-0.151982993322635,-0.0739621023737902,-0.036851549528104,-0.00846723480553428,-2.60179795947963,0.119783782880955,-0.163320549415793,-0.0782802370465318,15.8393438065765,10.164862733331,-0.192280693976945,-8.37369933930948,-16.8505282538707,-0.432522156684061,7.51900867050101,-6.20017320525176,-2.81,0.117088809873679,0.0459494154049244,18.8849296569824,19.2785017945429,0.169766054612545,1.11051314842984,172.731079101562,-28.8266765731308,-65.405922683679,-172.731079101562,4.27001476287842,18.899808883667,12.5,15.918999671936,37.8800010681152,991.473943918237
4.15,-0.0393151818046353,-0.0322652966552564,0.49650574600582,0.527084324277441,-0.0900268687331378,-9.01684339867773,0.07100611532992,-0.122030693984408,-0.0733455504165853,-0.0349676346802852,-0.0120373510928284,-2.60406406101529,0.0646739778196004,-0.131809132671844,-0.0766623782344905,15.8375345460637,10.219176596088,-0.31086006180964,-8.38638842006523,-16.875912558213,-0.477251896975405,7.51902678601902,-6.20015887154374,-2.81,0.111099107755236,0.0493678414262074,18.8849296569824,19.2975558910587,0.169765754535853,1.11051308459298,172.736068725586,-29.2343930359149,-66.2583796915485,-172.736068725586,4.26793050765991,18.9445953369141,12.5,15.918999671936,37.8800010681152,991.478150571127
4.175,-0.0402166903842172,-0.0307653266956166,0.496132210562688,0.414577335489499,-0.0911961044409072,-8.8758273005524,0.0468256871980146,-0.072528125910095,-0.0685572653079127,-0.0346606074502322,-0.0139403646576812,-2.60511057714183,0.0519268669424095,-0.120312028847192,-0.0746685147490695,15.8410934735104,10.2475505703226,-0.349262814893375,-8.39437539701905,-16.8930584941937,-0.483276367466529,7.51904490153703,-6.20014453783572,-2.81,0.108834759632049,0.051028620909446,18.9057340621948,19.3129230656253,0.169765454459161,1.11051302075611,172.74104309082,-29.6421095001173,-67.1108366994969,-172.74104309082,4.26584625244141,18.9893836975098,12.5,15.918999671936,37.8800010681152,991.482357224017
4.2,-0.0420695861283086,-0.0326671151505104,0.495758680461866,0.336860382881882,-0.131843650085354,-9.06755894582845,0.019368431857405,-0.0165456387491554,-0.0629098062006643,-0.0322211871967569,-0.0152831008496188,-2.60802535807282,0.00788467620495946,-0.00583564196538528,-0.0645357128005927,15.8448345469551,10.2910539431968,-0.399316800943018,-8.42554194868857,-16.9084513618823,-0.488408029656938,7.51906301705505,-6.2001302041277,-2.81,0.106993855695043,0.0540086751597096,18.9265384674072,19.3465335088225,0.16976515438247,1.11051295691925,172.746017456055,-30.0498259629015,-67.9632937073664,-172.746017456055,4.26376152038574,19.0341701507568,12.5,15.918999671936,37.8800010681152,991.486563876907
4.225,-0.0406666961600667,-0.0321211019389098,0.495385144870491,0.313360272142634,-0.0581639357272019,-9.28417414300615,0.0264430228765514,0.0324464242441801,-0.0560165933861238,-0.03301737400267,-0.0147856075819021,-2.60955814494757,0.00437705825916582,0.0280078322638711,-0.0564622925533115,15.8427116309901,10.3269689297236,-0.376404356050537,-8.43094002392302,-16.925295887233,-0.482792688496146,7.5191204845977,-6.2000929839568,-2.81,0.10781896516442,0.055986035729423,18.9265384674072,19.3610511443112,0.169764914321116,1.11051290584976,172.75,-30.3759991334124,-68.6452593136463,-172.75,4.26209402084351,19.0699996948242,11.3609008789062,15.9471778869629,37.8800010681152,991.490020318054
4.25,-0.0398744895542678,-0.0311075275255659,0.495011618334423,0.363089573503793,-0.144224953204465,-9.88470272721883,0.0381284512796983,0.0709142473012196,-0.0471829536746339,-0.0318407521791712,-0.0132168838115277,-2.61063040187021,0.0513029238298021,0.0629275353562979,-0.047539977354185,15.8410061520185,10.3471402327615,-0.356080694727234,-8.43562045881283,-16.9334409802072,-0.475882769781267,7.51931714998326,-6.19997480870688,-2.81,0.109671536681606,0.0573282539633088,18.9265384674072,19.3704783988347,0.169764914321116,1.11051290584976,172.75,-30.3759991334124,-68.6452593136463,-172.75,4.26209402084351,19.0699996948242,10.6000003814697,15.9659996032715,37.8800010681152,991.49047591223
4.275,-0.0395807655340861,-0.0314012515457477,0.494638080250774,0.348837514959813,-0.0519162843491533,-10.3466252605115,0.053656612366154,0.0939667356969248,-0.0384359753779507,-0.0307058853812184,-0.0106390807115897,-2.61157142177907,0.0692464073084585,0.0870067943116686,-0.0380578534104021,15.847471150931,10.3461024706517,-0.349743418510591,-8.45589539629973,-16.9279577010869,-0.49857776590846,7.51951381536882,-6.19985663345695,-2.81,0.110936569967936,0.0575361162991704,18.931755065918,19.3816543344937,0.169764914321116,1.11051290584976,172.75,-30.3759991334124,-68.6452593136463,-172.75,4.26209402084351,19.0699996948242,10.6000003814697,15.9659996032715,37.8800010681152,991.490931506405
4.3,-0.0393966580576179,-0.0315037359043491,0.494264550970409,0.347193326650021,-0.244553359924624,-10.632016570356,0.0705399095105448,0.115978460764175,-0.029252320596511,-0.0295710185832656,-0.00806127761165164,-2.61251244168792,0.0871898907871155,0.11108605326704,-0.0285757294666189,15.8535667898902,10.3447586752638,-0.342989301029829,-8.47599773649776,-16.9219797878349,-0.520880123030876,7.51965330551343,-6.19977349176665,-2.81,0.112225168589905,0.0577310668007362,18.9369716644287,19.3924374415486,0.169764914321116,1.11051290584976,172.75,-30.3759991334124,-68.6452593136463,-172.75,4.26209402084351,19.0699996948242,10.2386255264282,15.9742937088013,37.8800010681152,991.491387100581
4.325,-0.0338614844145198,-0.0345849183280166,0.493891021761565,0.377450664152991,-0.208471024003207,-10.7017963880468,0.0507964201379217,0.135779668748941,-0.0173308639536706,-0.0295625030994415,-0.00804193504154682,-2.61251950263977,0.0873245298862457,0.111266732215881,-0.0285045802593231,15.8498391610192,10.3837234749259,-0.311554591363917,-8.45254989935815,-16.9543397676635,-0.490860610347273,7.51975537742755,-6.19971327772451,-2.81,0.113866806681678,0.0597390513756182,18.9369716644287,19.3947140814597,0.169764859942943,1.11051289414116,172.754501342773,-30.4507801700047,-68.7997366720366,-172.754501342773,4.26197624206543,19.0677490234375,9.98999977111816,15.9799995422363,37.8800010681152,991.491644836715
4.35,-0.0311459587919024,-0.033910090853999,0.493517487170679,0.403625292545085,-0.16917401874057,-11.2331616199544,0.0523033929783519,0.155771649253667,-0.00597634796481622,-0.0277736275114919,-0.00116946710066667,-2.61332438815155,0.0266582869905726,0.146204376955249,-0.0107640114333871,15.8556779646299,10.3928872896873,-0.296001060484819,-8.46258122195664,-16.9577905603694,-0.565954887280032,7.51985744934166,-6.19965306368238,-2.81,0.116739558784392,0.0605473006414964,18.9369716644287,19.3961750545657,0.169764559431987,1.11051282943577,172.779388427734,-30.8640437971589,-69.6534273369785,-172.779388427734,4.26132488250732,19.0553073883057,9.98999977111816,15.9799995422363,37.8800010681152,991.491007004869
4.375,-0.0287841919425049,-0.0333231749567882,0.493164049886526,0.489767489512597,-0.254914070244202,-11.6942151058456,0.0120961617472875,0.148598457141737,0.000314452774488117,-0.0266183751612445,0.00069094007111922,-2.61333656866679,0.0668446053907217,0.155537400700487,-0.00472858992411964,15.8484886380237,10.4165712775674,-0.27543926241478,-8.44311856745155,-16.9750286399221,-0.563531372036208,7.51995952125578,-6.19959284964024,-2.81,0.118736389568573,0.0619361106153114,18.9449281692505,19.3901134559105,0.169764258921031,1.11051276473037,172.804260253906,-31.2773074214769,-70.5071180017628,-172.804260253906,4.26067352294922,19.0428676605225,9.98999977111816,15.9799995422363,37.8800010681152,991.490369173023
4.4,-0.026707454130997,-0.0363816639619109,0.493,0.517584900533246,-0.131606793727987,-11.8554712040165,-0.0147608555389708,0.10644327400955,0.00662586749496633,-0.027291725944664,0.00742833126846747,-2.61332681521837,-0.0619018678728597,0.125140983341134,0.0067803038079555,15.8495222109157,10.4053806235521,-0.27265634664055,-8.44601955785785,-16.9636029050747,-0.674219419695366,7.5200184836574,-6.1995578865977,-2.81,0.119832413435011,0.0612869813672898,18.9528846740723,19.373708849627,0.169763958410075,1.11051270002498,172.829162597656,-31.690571047213,-71.3608086667047,-172.829162597656,4.26002216339111,19.0304279327393,9.98999977111816,15.9799995422363,37.8800010681152,991.489731341177
4.425,-0.0226169621567558,-0.0338813460515178,0.493,0.477131417663694,-0.162537828057332,-11.82794990722,-0.0151232890048152,0.0670675606552662,0.0149071264883159,-0.0265992910657457,0.00862352470119781,-2.61297463411974,0.00564339363429282,0.0778966489254843,0.0129372813553427,15.8464224464388,10.4186850737789,-0.264605853451045,-8.42976482193591,-16.9766656221645,-0.678239393823391,7.52004830795427,-6.19953999093144,-2.81,0.120835971246032,0.0620218518036459,18.9528846740723,19.3671727165284,0.169763706553274,1.1105126457957,172.850006103516,-32.0369253243445,-72.0762827477283,-172.850006103516,4.25947618484497,19.0200004577637,9.83905220031738,16.0084476470947,37.8796005249023,991.488402597147
4.45,-0.0223841091257449,-0.0352381001968696,0.493,0.455776474862922,-0.135453268556612,-11.7521795822621,-0.031825857121259,0.0564378817536007,0.0238501377856023,-0.0279369019744991,0.0104716491889058,-2.61265487570638,-0.0411775217678636,0.0617535470105679,0.0206048901343176,15.8564064444971,10.4094748065603,-0.300507547238472,-8.43692377453093,-16.9740422228221,-0.75716821648554,7.52007813225113,-6.19952209526518,-2.81,0.118660774429109,0.06131461823093,18.9528846740723,19.3631173152358,0.169763706553274,1.1105126457957,172.850006103516,-32.0369253243445,-72.0762827477283,-172.850006103516,4.25947618484497,19.0200004577637,9.72999954223633,16.0289993286133,37.8771095275879,991.483497366521
4.475,-0.0218018805107012,-0.032238049703511,0.493,0.469648793415836,0.00663685376646825,-11.3301075167504,-0.0160882328799063,0.053585008833219,0.0250595427054014,-0.0288924979998146,0.01199336327736,-2.61210744804596,-0.0474103597747077,0.0561553488204039,0.0255096558794147,15.8600223191758,10.4126541406144,-0.300945671911431,-8.42832133525308,-16.9820701286546,-0.791792983944926,7.52010795654799,-6.19950419959892,-2.81,0.118474803431694,0.0612684321765027,18.9599714279175,19.3568924274963,0.169763706553274,1.1105126457957,172.850006103516,-32.0369253243445,-72.0762827477283,-172.850006103516,4.25947618484497,19.0200004577637,9.72999954223633,16.0289993286133,37.8746185302734,991.478592135895
4.5,-0.0217022671324635,-0.0314801197879114,0.493,0.447656737645569,-0.121264305382628,-11.0995287298333,-0.0193265033442497,0.0424965305415667,0.0291591435998394,-0.0280802360443801,0.0137219089288027,-2.61147775262498,-0.0367306837550672,0.0732771433564538,0.0260094837662319,15.853736615602,10.4142055324024,-0.289063866540203,-8.41004435676918,-16.9856771758138,-0.798826804228375,7.52013811334468,-6.1994861092499,-2.81,0.11986327380883,0.0613836266754339,18.9670581817627,19.3431499213271,0.169763706553274,1.1105126457957,172.850006103516,-32.0369253243445,-72.0762827477283,-172.850006103516,4.25947618484497,19.0200004577637,9.72999954223633,16.0289993286133,37.8721313476562,991.473686905269
4.525,-0.0192614893169927,-0.0327034202331108,0.493,0.408889949037358,-0.0267382858851122,-10.9255230379493,-0.044942157749777,0.0146044460797727,0.0334726433633888,-0.0287841203264372,0.0137086323983796,-2.61085766347984,-0.0232811958837786,0.0498073778519005,0.0304004321476211,15.858079644654,10.4151171138107,-0.306994083654846,-8.40297412635781,-16.9929026811339,-0.823944281642564,7.52024717658092,-6.19942181820423,-2.81,0.118604910118903,0.0612423883755188,18.9670581817627,19.3388888801092,0.169763663623137,1.11051263655207,172.854614257812,-32.0959629849614,-72.198238557017,-172.854614257812,4.25963735580444,19.0203552246094,9.84421730041504,16.0232887268066,37.8699989318848,991.469525811797
4.55,-0.0199435442609437,-0.0320213652891598,0.493,0.357740237838236,-0.0592361078317904,-11.0691265493336,-0.00898021040308083,0.0116368128522789,0.0391553630251129,-0.0294964229097709,0.0136856845159888,-2.61023762767291,-0.00981632881616274,0.0261122304064365,0.0348129857170964,15.8683941190134,10.4007022824597,-0.311540698782198,-8.40879714611882,-16.9903527485263,-0.835249380585594,7.52035623981717,-6.19935752715855,-2.81,0.117992259383443,0.0602856806759463,18.9670581817627,19.3412291612797,0.169763363112181,1.11051257184668,172.886978149414,-32.5092266106975,-73.0519292218801,-172.886978149414,4.26076698303223,19.0228443145752,9.93000030517578,16.0189990997314,37.8699989318848,991.469829541247
4.575,-0.0195387042436125,-0.0294375361483506,0.493,0.41436366632038,-0.0318690578519546,-11.1874471581579,-0.0136487434195254,0.0267576422667173,0.045158837914947,-0.0304175495265289,0.015311347201917,-2.60952774108198,-0.0464675716422179,0.0318743071658949,0.0368169831653475,15.8815473848123,10.3737146253221,-0.341784964604454,-8.42080760434555,-16.9774542878264,-0.900202544459058,7.52046530305341,-6.19929323611287,-2.81,0.116252965749081,0.0586449839260486,18.9673204421997,19.3375351036795,0.169763062601225,1.11051250714128,172.919311523438,-32.9224902364335,-73.9056198866644,-172.919311523438,4.26189565658569,19.025333404541,9.93000030517578,16.0189990997314,37.8699989318848,991.470133270698
4.6,-0.0192676291413783,-0.0288461721851734,0.493,0.432382941740296,0.00286720732816581,-11.131363173457,0.0228756491661569,0.02604048467202,0.0465028373532434,-0.0319902318953909,0.0152395939241472,-2.60862446913572,-0.0153712517465963,0.0214680877337705,0.0464435807471618,15.8776466590767,10.3736920469358,-0.346842822986888,-8.40251029713525,-16.9818795610101,-0.920346315734893,7.52057436628966,-6.1992289450672,-2.81,0.115291814651297,0.0583226092981426,18.9675827026367,19.3230683523748,0.169762762090269,1.11051244243589,172.95166015625,-33.3357538621696,-74.7593105516063,-172.95166015625,4.26302433013916,19.0278205871582,9.93000030517578,16.0189990997314,37.8699989318848,991.470437000148
4.625,-0.0190855287304322,-0.0285373592916131,0.493,0.460497621213736,-0.0282518676560787,-11.1212832073523,0.0170750994674664,0.00125918950441944,0.0492033460054207,-0.0298719733177245,0.0157810311288789,-2.60737118227565,0.0277870481817029,0.0372790443077351,0.0463682530799247,15.8851518256956,10.3577486230927,-0.341976595012584,-8.39493918685159,-16.9838083881104,-0.901776990795952,7.52062425756883,-6.19920158299137,-2.81,0.116659433425996,0.057570443480889,18.9675827026367,19.3197882686961,0.169762498785432,1.11051238574164,172.979995727539,-33.6978515152766,-75.5073061817316,-172.979995727539,4.26401376724243,19.0300006866455,10.0086250305176,15.9948501586914,37.8699989318848,991.470204864068
4.65,-0.018970896909356,-0.0304583983034501,0.493,0.415637204517215,0.0776390383974587,-10.9706724109255,0.0266867792951529,-0.00824975996573683,0.0499001614994423,-0.0303348144870318,0.0159414170001346,-2.60611289295349,0.0366197327742354,-0.00857074926580563,0.051864869410882,15.9016145342116,10.3382084581495,-0.371678525923786,-8.39770932875012,-16.984575591653,-0.938463556396699,7.52066078343054,-6.19918256221644,-2.81,0.11489347475363,0.0562812949040953,18.9675827026367,19.3189507605232,0.169762498785432,1.11051238574164,172.979995727539,-33.6978515152766,-75.5073061817316,-172.979995727539,4.26401376724243,19.0300006866455,10.0699996948242,15.9759998321533,37.8699989318848,991.466180448848
4.675,-0.0192655318486062,-0.0301637633641999,0.493,0.430820039015455,0.0495344126685082,-10.8106707446161,0.0422684322739453,0.0057913225445982,0.0486557822538565,-0.0298040147851207,0.0168464788928435,-2.60461186180187,0.00781623880419692,0.00123880850672019,0.0471543302948673,15.9053538298861,10.3108752336681,-0.406252411935338,-8.38859122234291,-16.9743429214326,-0.981167289705971,7.52069730929226,-6.19916354144151,-2.81,0.113571700482138,0.0547235694621993,18.9692764282227,19.3016730190946,0.169762498785432,1.11051238574164,172.979995727539,-33.6978515152766,-75.5073061817316,-172.979995727539,4.26401376724243,19.0300006866455,10.0699996948242,15.9759998321533,37.8699989318848,991.462156033629
4.7,-0.018631475592795,-0.029625773238898,0.493,0.42324154572666,0.0755229019800624,-10.5334053652651,0.046092063391517,0.0153364167365275,0.0493753433359796,-0.0278071835637093,0.0164242424070835,-2.60327696800232,0.0668243691325188,0.0134958662092686,0.0502148307859898,15.9253714040182,10.3121334000924,-0.455307874778124,-8.38239616427768,-16.9968728091294,-1.00329663282563,7.52073383515397,-6.19914452066658,-2.81,0.111855472099623,0.0548174315202163,18.9709701538086,19.3071141558559,0.169762498785432,1.11051238574164,172.979995727539,-33.6978515152766,-75.5073061817316,-172.979995727539,4.26401376724243,19.0300006866455,9.99791431427002,16.0053882598877,37.8699989318848,991.458131618409
4.725,-0.0182608741851406,-0.0328011941474709,0.492710874050299,0.363337654612205,0.0622739674140251,-10.4549059206497,0.0673879827878098,0.0111758816182238,0.0484547578625321,-0.0260743891130822,0.017767483721421,-2.60230639367624,0.0407415692200796,0.0309302855008641,0.0458749703575012,15.9428176449764,10.2681637424529,-0.48063996958065,-8.40185676456087,-16.9760075418234,-1.03131311002595,7.52077036101568,-6.19912549989165,-2.81,0.11155994433503,0.0525962784362106,18.9709701538086,19.3089349312286,0.169762467303332,1.11051237896298,172.98469543457,-33.741145799918,-75.5967404418398,-172.98469543457,4.26389074325562,19.0313053131104,9.9399995803833,16.0289993286133,37.8699989318848,991.454528808594
4.75,-0.0173537147665994,-0.034611194783504,0.492129089538221,0.331455899532891,0.00433990049843619,-10.4436373270218,0.0822393404055555,0.0151081161349714,0.0493247411238466,-0.0257994140635128,0.0182996592199237,-2.60116326490173,0.0491749019368472,0.0114969612779633,0.0490709046867096,15.9506011738266,10.270922290587,-0.491354226727987,-8.38713892256899,-16.9915500450216,-1.04789276308964,7.52068655880952,-6.19917399299976,-2.81,0.111237127036966,0.0525952043989005,18.9709701538086,19.303867858764,0.169762166792375,1.11051231425759,173.029479980469,-34.1544094256541,-76.4504311067817,-173.029479980469,4.26271867752075,19.0437450408936,9.9399995803833,16.0289993286133,37.8699989318848,991.454528808594
4.775,-0.0173537147665994,-0.034611194783504,0.491522096954639,0.309408103816091,-0.037847730963626,-10.5515337971008,0.0714986937360325,0.0335547256230863,0.051747826355205,-0.0241162799384022,0.0191776531235783,-2.60000494968205,0.0551773591996541,0.0230970626386312,0.0511374975690035,15.9511219502533,10.2730278353012,-0.495801234173872,-8.36563562102006,-17.0039606665244,-1.04912990051059,7.52059702374137,-6.19922570271211,-2.81,0.112014455560317,0.0527662656499774,18.9601383209229,19.2928833715696,0.169761866281419,1.11051224955219,173.074279785156,-34.5676730513902,-77.3041217716449,-173.074279785156,4.26154613494873,19.0561847686768,9.9399995803833,16.0289993286133,37.8699989318848,991.454528808594
4.8,-0.0172616476489294,-0.0347948907669605,0.490915101771094,0.242758059681934,-0.00590690719348952,-10.5986995540339,0.0718886197002262,0.0475112742203638,0.05079712657932,-0.0224331458132915,0.0200556470272328,-2.59884663446237,0.0611798164624612,0.0346971639992996,0.0532040904512973,15.9513636577091,10.2720977029813,-0.497128843894515,-8.34547799156447,-17.0136876967526,-1.04716708179234,7.52050748867322,-6.19927741242447,-2.81,0.112954528191908,0.0527825643794792,18.9493064880371,19.2818190260777,0.169761565770463,1.1105121848468,173.119064331055,-34.9809366785445,-78.1578124365868,-173.119064331055,4.26037359237671,19.0686264038086,9.56393337249756,16.021369934082,37.8699989318848,991.454528808594
4.825,-0.0144395988700122,-0.0407890296753384,0.490308115038907,0.28501400214565,-0.0440387413078602,-10.8227787327232,0.0612632090745146,0.043787622605856,0.0508629848150024,-0.0195117623628678,0.020752098663528,-2.59795524079853,0.0726483679134542,0.0638700204046571,0.0514710877239162,15.9686515500633,10.2406753280486,-0.530081627949643,-8.35993794194317,-17.0039995602718,-1.06098378652404,7.52054284843592,-6.19925684885255,-2.81,0.112709619123758,0.0513916587418723,18.9493064880371,19.2870732074249,0.169761291017589,1.11051212568758,173.160003662109,-35.3587777076268,-78.9383296158925,-173.160003662109,4.25930166244507,19.0799999237061,9.25,16.0149993896484,37.8699989318848,991.453963871816
4.85,-0.0131915062250155,-0.0424860023611397,0.489701125410228,0.309645082512404,-0.00572597142500278,-11.0579720288183,0.0528275986737244,0.0375481177273535,0.0514083970039727,-0.0188058084755773,0.0233661934958725,-2.5963805202352,0.00630380319414407,0.0573212425873074,0.0493684650771953,15.9836570963767,10.216120283481,-0.580498553889873,-8.3556638313289,-17.0015749174821,-1.14573934873401,7.52060098935332,-6.19922310243824,-2.81,0.11088976113112,0.0499765467841729,18.9493064880371,19.2747594773,0.169761291017589,1.11051212568758,173.160003662109,-35.3587777076268,-78.9383296158925,-173.160003662109,4.25930166244507,19.0799999237061,9.25,16.0149993896484,37.8699989318848,991.447372942739
4.875,-0.0123943668617418,-0.0441023871687489,0.489163087791963,0.311011034933331,-0.0147599427384267,-11.2883761121971,0.0526301000619564,0.0367981286529389,0.0527508229259468,-0.0164620219826649,0.0244351974086912,-2.59504941449411,0.0178227336674092,0.0679172346145303,0.0484823758056055,15.9823224681074,10.2203429101756,-0.572480833084784,-8.32830719563209,-17.0169946470037,-1.13091441737588,7.52065913027072,-6.19918935602393,-2.81,0.112674262534646,0.0503354129370346,18.9457178115845,19.2622421671759,0.169761291017589,1.11051212568758,173.160003662109,-35.3587777076268,-78.9383296158925,-173.160003662109,4.25930166244507,19.0799999237061,9.25,16.0149993896484,37.8699989318848,991.440782013663
4.9,-0.0109824145610598,-0.0485417368091987,0.489,0.261843607214754,-0.000993840879123353,-11.2826699875539,0.0517316894720382,0.0347653262194288,0.0572935026749724,-0.0175416246056557,0.0250744000077248,-2.59392118453979,0.0338532850146294,0.0263783484697342,0.056709460914135,15.9954674351262,10.1915974734989,-0.631913507234574,-8.33413239568815,-17.005816245136,-1.21136421378893,7.52071727118813,-6.19915560960962,-2.81,0.10916837808042,0.0485196895492187,18.9421291351318,19.2539816253064,0.169761291017589,1.11051212568758,173.160003662109,-35.3587777076268,-78.9383296158925,-173.160003662109,4.25930166244507,19.0799999237061,8.92867279052734,16.0198211669922,37.8699989318848,991.434191084586
4.925,-0.0111607922569629,-0.0485682438403535,0.489,0.31562419007372,0.0338993562877124,-10.997880450881,0.0645608494697028,-0.00314903975040079,0.0557410934542675,-0.0138901032286855,0.0247917303685344,-2.59251580498749,0.0706889581704097,0.0203704271140634,0.054663189221343,15.9940893414703,10.1630675936988,-0.651816403701342,-8.32323779639398,-16.995097284484,-1.18915191492168,7.52076385276443,-6.19912861329698,-2.81,0.109897320708801,0.0473574008928748,18.9421291351318,19.2409063279953,0.169761271012477,1.11051212140284,173.163665771484,-35.3861437101993,-78.9951600831153,-173.163665771484,4.25944900512695,19.077844619751,8.64999961853027,16.0240001678467,37.8698348999023,991.428049675096
4.95,-0.0109293447015201,-0.0524458293664215,0.489,0.323353457932908,0.0475220859392265,-10.7154956215708,0.0659621620727239,-0.0475802318044608,0.0564340280792909,-0.0136853797499258,0.0251201729810993,-2.59154989093874,0.0345233125299676,-0.0209457642524917,0.0517432144848739,15.9933094390556,10.1521272903495,-0.693451856749182,-8.31090734326896,-16.9923260938365,-1.23376815601437,7.52080960514262,-6.19910210119633,-2.81,0.107939986766949,0.0466946854482331,18.9421291351318,19.2255416702865,0.169760970935785,1.11051205713171,173.218383789062,-35.7966337544595,-79.8476170909848,-173.218383789062,4.26166439056396,19.0454978942871,8.64999961853027,16.0240001678467,37.8673439025879,991.428201539821
4.975,-0.010340350022897,-0.0530348240450447,0.489,0.273636002244687,0.0417259112595796,-10.2223802983257,0.0616993405874668,-0.0791028318665903,0.055173918717459,-0.0124118799106584,0.0235123032880945,-2.59079867758899,0.0967212339635582,-0.0659793175889725,0.057720449977046,15.9859797186423,10.1729729307958,-0.709985499453139,-8.2821392295171,-17.0141919739306,-1.21179473596335,7.52085535752081,-6.19907558909567,-2.81,0.107479398914305,0.0478668089411142,18.9413270950317,19.2160256140928,0.169760670859093,1.11051199286058,173.273132324219,-36.2071237987196,-80.7000740987755,-173.273132324219,4.26387882232666,19.0131530761719,8.64999961853027,16.0240001678467,37.8648567199707,991.428353404547
5,-0.0136055195218528,-0.0562041897120331,0.489,0.169462511908932,0.0579007158709789,-9.82586292741498,0.0409090837017655,-0.0953501065690168,0.053371023684537,-0.0116376516712272,0.0206470210301213,-2.58904734522169,0.0548321366462097,-0.109661423576749,0.0547063524570585,15.980848757357,10.1434252945357,-0.76276682026157,-8.26557044004479,-17.0021599372176,-1.21050390473172,7.520901109899,-6.19904907699502,-2.81,0.1047054272958,0.0462055475421457,18.9405250549316,19.1957879758613,0.169760370782402,1.11051192858945,173.327880859375,-36.6176138429797,-81.552531106645,-173.327880859375,4.26609325408936,18.980806350708,8.64999961853027,16.0240001678467,37.8623695373535,991.428505269272
5.025,-0.0160495248134296,-0.0562002994350529,0.489,0.156850843116984,0.107928399784544,-9.61784876505529,0.0496661635132379,-0.0984400495318071,0.0521390000420949,-0.0109515533637915,0.0191282260917814,-2.58823709618636,0.0283836693157243,-0.102577710317965,0.0505378228385016,15.9819333573897,10.1370728106285,-0.790721476857898,-8.25710508256536,-17.0050150480804,-1.20721097245984,7.52097055339242,-6.19901026097079,-2.81,0.103342904215224,0.0458550549366754,18.9405250549316,19.1907879697485,0.169760084995076,1.11051186737885,173.380004882812,-37.0085567417349,-82.3643949236524,-173.380004882812,4.26820278167725,18.9500007629395,8.69189548492432,16.019811630249,37.8600006103516,991.428487190138
5.05,-0.017069193551891,-0.0565387455189675,0.489,0.162853653716356,0.128487412687507,-9.48293264767873,0.0342069545760895,-0.0948805294142125,0.0528054653490408,-0.0102654811926094,0.0176101135776754,-2.58742732797365,0.00194588450708925,-0.0954698215406909,0.046369028956383,15.9842072209819,10.1369330906806,-0.825219137930292,-8.24633139965313,-17.0136957766134,-1.21055940035018,7.52104424832281,-6.19896923697302,-2.81,0.101634848797328,0.0458267736787877,18.9405250549316,19.1866269881757,0.169760084995076,1.11051186737885,173.380004882812,-37.0085567417349,-82.3643949236524,-173.380004882812,4.26820278167725,18.9500007629395,8.72999954223633,16.0160007476807,37.8600006103516,991.42507023382
5.075,-0.0179532568322094,-0.0568321817535705,0.489,0.169145648845612,0.18031564878512,-9.29038424935957,0.0558967210439551,-0.0945150423502587,0.050469703084881,-0.00795709130692304,0.0145977396162971,-2.58584744923497,-0.00301486057274781,-0.0728307296562108,0.0434541489428881,15.9836405981109,10.1364595073883,-0.875699615672233,-8.22100491895931,-17.0291366312869,-1.18954262084243,7.5211179432532,-6.19892821297524,-2.81,0.0996608191654921,0.0459075425868721,18.9427890777588,19.1763846621497,0.169760084995076,1.11051186737885,173.380004882812,-37.0085567417349,-82.3643949236524,-173.380004882812,4.26820278167725,18.9500007629395,8.72999954223633,16.0160007476807,37.8600006103516,991.421653277501
5.1,-0.0198489037877622,-0.0625433778099098,0.489,0.129986150664494,0.0839539856334202,-9.01967320014105,0.0586941859078015,-0.0966982092039319,0.0445942287865053,-0.00754460043142944,0.0137729471236953,-2.58552401688421,0.00869132006944894,-0.0760446964756906,0.0435114242959725,15.9934485904016,10.1186372438853,-0.939501616067677,-8.23341260347628,-17.0218427105113,-1.23598884027563,7.52119163818359,-6.19888718897747,-2.81,0.0963631063807505,0.044979939843275,18.9450531005859,19.1786712825306,0.169760084995076,1.11051186737885,173.380004882812,-37.0085567417349,-82.3643949236524,-173.380004882812,4.26820278167725,18.9500007629395,8.72999954223633,16.0160007476807,37.8600006103516,991.418236321183
5.125,-0.0205748928235909,-0.0632693668457386,0.489,0.0565629918663409,0.146480870765134,-8.57092250592516,0.0383723894607293,-0.0973727409537918,0.0418602360856662,-0.00676688179588547,0.00998393036768803,-2.58442840968754,0.0596409996171477,-0.11377211302598,0.0425367474186504,15.9835304743572,10.1156894791984,-0.940205913897858,-8.21142419928991,-17.0262244654218,-1.16816107501764,7.52110897389312,-6.19894050344079,-2.81,0.0961340633612175,0.0447887344019127,18.9450531005859,19.1686805256456,0.169760076433864,1.11051186554253,173.381637573242,-37.0202850301724,-82.3887155908293,-173.381637573242,4.26817178726196,18.9500007629395,8.59630298614502,16.041711807251,37.8600006103516,991.414856680197
5.15,-0.0230652872491174,-0.0664437916467309,0.489,0.0608583958057731,0.105197570941342,-8.35673231456219,0.036247989215474,-0.084258991076692,0.0367763387975939,-0.00642292015254498,0.00807205960154533,-2.58374500274658,0.021940914914012,-0.110966272652149,0.0368953868746758,15.9915411184478,10.1137550190954,-0.983270475536183,-8.20916852112868,-17.0354883369814,-1.17725870972537,7.52100527877486,-6.19900650673639,-2.81,0.0937168208597511,0.044623074420994,18.9450531005859,19.1711645539172,0.169759776791437,1.1105118012714,173.438873291016,-37.4307750730144,-83.2399389417052,-173.438873291016,4.26708602905273,18.9500007629395,8.47000026702881,16.0659999847412,37.8600006103516,991.412745760515
5.175,-0.0236503040279014,-0.0676166277503112,0.489,0.0506321511775302,0.128269650894376,-8.51338200821178,0.00489463529872454,-0.0519719467898801,0.0323919742162823,-0.00598567459145127,0.00638355685400241,-2.58280493417693,-0.0300836987717239,-0.0601175522585898,0.0310738703560748,16.0012803118627,10.1248725025472,-1.00057891418311,-8.19692259183057,-17.0590854088641,-1.16328758773011,7.52090158365659,-6.19907251003199,-2.81,0.0927257075061811,0.0451063421471295,18.949330329895,19.1755453310474,0.169759477149009,1.11051173700027,173.49609375,-37.8412651186927,-84.0911622925024,-173.49609375,4.26600074768066,18.9500007629395,8.47000026702881,16.0659999847412,37.8600006103516,991.410634840834
5.2,-0.0236689057809705,-0.0677103528467377,0.489,0.0348249076039868,0.190143124251793,-8.62674870692033,0.00240883398348115,-0.0212940260451812,0.0302505297987864,-0.00403560693158119,0.00432253370034654,-2.58200645145976,0.0271294915408661,-0.0292218318359132,0.0307697184604437,16.0108520008538,10.1317512040099,-0.979826516436851,-8.18877742462693,-17.0796913924011,-1.08990388831958,7.52079788853833,-6.1991385133276,-2.81,0.0943719979836569,0.045594463723495,18.9536075592041,19.1868683767764,0.169759177506582,1.11051167272915,173.553314208984,-38.2517551629528,-84.9423856432995,-173.553314208984,4.26491451263428,18.9500007629395,8.47000026702881,16.0659999847412,37.8600006103516,991.408523921153
5.225,-0.023916000317837,-0.0700601141322998,0.489,0.0869216745040134,0.16589945481048,-8.69337636982484,-0.0163658703652766,-0.0129506862906936,0.0250593765316661,-0.00513456245925453,0.00534641340692151,-2.58150708953036,-0.042287217699575,0.00676212241247097,0.0238151183683014,16.0096734232147,10.1187577252587,-0.977517798108187,-8.18575245978541,-17.0705766193091,-1.11503928966807,7.52068885710988,-6.1992079854494,-2.81,0.0941681699232035,0.0446993217869465,18.9536075592041,19.1768570580247,0.169758880717892,1.11051160907012,173.610000610352,-38.6583357786792,-85.7855021050902,-173.610000610352,4.26383924484253,18.9500007629395,8.48009490966797,16.0659999847412,37.8600006103516,991.406448870474
5.25,-0.0230122097119269,-0.0696154853758277,0.489,0.150391223847554,0.181951690245008,-8.92362230689118,-0.0285666964728568,-0.00273746786496853,0.0202558032025002,-0.00614605514162512,0.00478009698429918,-2.58115290731569,0.00631397455803127,-0.0141208839274689,0.0240077269080417,16.0155534711742,10.1387049246625,-0.951621026361378,-8.1751506948321,-17.0931179666612,-1.09045972406915,7.5205606904023,-6.19928989630795,-2.81,0.094915560097814,0.045523089742909,18.9536075592041,19.1830045789376,0.169758880717892,1.11051160907012,173.610000610352,-38.6583357786792,-85.7855021050902,-173.610000610352,4.26383924484253,18.9500007629395,8.48999977111816,16.0659999847412,37.8600006103516,991.408104195979
5.275,-0.0230103366461568,-0.0707922094693531,0.489,0.0654769571855443,0.205152563394945,-8.9942798700281,-0.0295134114226037,0.0164060813853302,0.0168876055743447,-0.00638787335735593,0.00519678625938291,-2.58082550513908,0.00582191314789826,0.0104779486364519,0.0196429244648307,16.0175482998695,10.1303457075409,-0.938749145553098,-8.17543582095262,-17.089423984515,-1.08666676869694,7.52043252369472,-6.19937180716651,-2.81,0.0955446201584425,0.0450029146831608,18.9539422988892,19.1813293841691,0.169758880717892,1.11051160907012,173.610000610352,-38.6583357786792,-85.7855021050902,-173.610000610352,4.26383924484253,18.9500007629395,8.48999977111816,16.0659999847412,37.8600006103516,991.409759521484
5.3,-0.0229384833104483,-0.0707683600767325,0.489,0.116310112985557,0.25385869043254,-9.18938357239979,-0.0196739004594918,0.0324208037554051,0.0127970600349245,-0.00662969157308674,0.00561347553446663,-2.58049810296247,0.00532985173776526,0.0350767812003727,0.0152781220216198,16.0189415088225,10.1192357578479,-0.922946046250586,-8.17668425833689,-17.0831162044791,-1.07991854970766,7.52030435698713,-6.19945371802507,-2.81,0.0963288591586703,0.0443401433815862,18.9542770385742,19.179226849206,0.169758880717892,1.11051160907012,173.610000610352,-38.6583357786792,-85.7855021050902,-173.610000610352,4.26383924484253,18.9500007629395,8.48999977111816,16.0659999847412,37.8600006103516,991.41141484699
5.325,-0.0211066046273771,-0.0701603271508355,0.489,0.231810847330154,0.213804744972014,-9.49574644179344,-0.0107139675484369,0.0467223406685243,0.00916112362223258,-0.00766094869736196,0.00679416103141844,-2.58049719339309,-0.02330210999621,0.0450286457285349,0.0118134261804182,16.0258793331922,10.1313219665396,-0.839039739790612,-8.1756488167284,-17.0963041892214,-1.02549030800562,7.52016167454787,-6.19954475054142,-2.81,0.100358644876624,0.0447939167623533,18.9542770385742,19.1906828456765,0.169758880717892,1.11051160907012,173.610000610352,-38.6583357786792,-85.7855021050902,-173.610000610352,4.26383924484253,18.9500007629395,8.64353084564209,16.0590667724609,37.8600006103516,991.413070172495
5.35,-0.01909566719491,-0.0701635280864591,0.489,0.211041543202497,0.193487431401532,-9.78067883939808,-0.0057358694381839,0.0426856666832051,0.00612966221857578,-0.00848278298549544,0.00818431525101528,-2.58037294437358,0.000827334716518257,0.0396952107128005,0.00964409530783916,16.0207835568267,10.1598291496717,-0.795912611891944,-8.15326656819,-17.1177940407161,-1.01315470617059,7.51995413254507,-6.19967654068238,-2.81,0.102475638364273,0.0461534167938093,18.9542770385742,19.1855098938874,0.169758583068945,1.11051154627136,173.659286499023,-39.0594220609557,-86.631062382599,-173.659286499023,4.26616191864014,18.964786529541,8.80000019073486,16.0520000457764,37.857536315918,991.402962779547
5.375,-0.0177911947499344,-0.0716549390219373,0.489,0.209385373469637,0.141717645578319,-10.1187401380715,0.00320679515742781,0.030335841014023,-0.00016560014800092,-0.00789969869059795,0.00921870720472346,-2.58035513890723,0.0149980900457343,0.0383311442547977,0.00515780585982728,16.0167810917241,10.1591332251075,-0.767708689141287,-8.14892429532973,-17.1154475941639,-0.995553884775429,7.51974659054227,-6.19980833082334,-2.81,0.104422909143486,0.0462052104099157,18.9610280990601,19.1820395829591,0.169758282557989,1.11051148286876,173.709045410156,-39.464364942264,-87.484753047541,-173.709045410156,4.26850700378418,18.9797172546387,8.80000019073486,16.0520000457764,37.8550491333008,991.392742283536
5.4,-0.0178570227476154,-0.0720942177209635,0.489,0.28665015457402,0.152506247579264,-10.2133044127946,-0.0193136326363187,0.0157129703664221,-0.0020333734235686,-0.00747533226405133,0.0107276655471077,-2.58040700049381,-0.00342222253063278,0.0474090389662736,-0.0022788477195387,16.0131220332556,10.1497609673677,-0.763320326620504,-8.15028581164214,-17.1047157021929,-1.01090296436955,7.51953904853947,-6.19994012096431,-2.81,0.105135243631042,0.0457997958479475,18.9677791595459,19.1753563661628,0.169757982047033,1.11051141946615,173.758819580078,-39.8693078235722,-88.3384437124041,-173.758819580078,4.27085208892822,18.9946441650391,8.89274883270264,16.0354022979736,37.8525581359863,991.382521787526
5.425,-0.016023248357942,-0.0727080690829732,0.489,0.262797699466392,0.188294298166923,-10.3008767161165,-0.00822640735344648,-0.00762160979581358,-0.00650151532870153,-0.00876542548062064,0.0112968742915849,-2.58055578957008,-0.0282835327690715,0.0349483867364152,-0.00414069383013426,16.003580450016,10.1749107392873,-0.743769279046791,-8.13143120392861,-17.1186713159459,-1.01366042905875,7.51944178605736,-6.20000346646076,-2.81,0.105674280159671,0.0469685084993823,18.9677791595459,19.167523804868,0.169757681536077,1.11051135606355,173.808578491211,-40.2742507048804,-89.1921343772672,-173.808578491211,4.27319717407227,19.0095748901367,8.98999977111816,16.0179996490479,37.8500709533691,991.372301291515
5.45,-0.0156789127636097,-0.0744166965064458,0.489,0.252053089321925,0.0699534094209697,-10.3721416090868,-0.0357137846460692,-0.0253900856741286,-0.0107208202021973,-0.00953949899914003,0.0109790125858131,-2.58083307361318,0.00090868288827552,-0.006458768961428,-0.0064192736836786,15.9857061005183,10.1958015617188,-0.712383981408886,-8.11060599085297,-17.1246130376537,-0.985067879296965,7.51937285001596,-6.20004923123912,-2.81,0.106963763285981,0.0480204363390172,18.9677791595459,19.1565317887035,0.16975767295005,1.11051135425205,173.809997558594,-40.2858205019754,-89.2165255390934,-173.809997558594,4.27326393127441,19.0100002288818,8.98999977111816,16.0179996490479,37.8524169921875,991.370843824052
5.475,-0.0153832809761974,-0.0758836508020151,0.489,0.24832634314994,0.182304514482834,-10.3795263446326,-0.0468454360012291,-0.0371199313894921,-0.0124989635559039,-0.0123798294690617,0.010460223391771,-2.58149310662211,-0.0211232961569266,-0.0437584364402715,-0.00838643437517923,15.9766167084787,10.2030733610971,-0.739829755172009,-8.11169865544248,-17.1182732800934,-1.0331506954649,7.51930391397456,-6.20009499601749,-2.81,0.104098321308932,0.0481187447645046,18.9700746536255,19.1492049918271,0.16975767295005,1.11051135425205,173.809997558594,-40.2858205019754,-89.2165255390934,-173.809997558594,4.27326393127441,19.0100002288818,8.98999977111816,16.0179996490479,37.8549041748047,991.369644092723
5.5,-0.0166371346651458,-0.0708263756071209,0.489,0.241905668645115,0.14325849647193,-10.1417840777023,-0.0438354811078638,-0.0597353246449979,-0.015485745097585,-0.0121372812245978,0.00978572354856835,-2.58203505132873,-0.0696816142270822,-0.0202201729163258,-0.0190411868773177,15.9485599998596,10.2513440098787,-0.726069593406203,-8.07209451947732,-17.1406570020578,-1.00646149399557,7.51923497793317,-6.20014076079585,-2.81,0.104943674111737,0.0508110229399651,18.9723701477051,19.1320987417685,0.16975767295005,1.11051135425205,173.809997558594,-40.2858205019754,-89.2165255390934,-173.809997558594,4.27326393127441,19.0100002288818,8.98999977111816,16.0179996490479,37.8573913574219,991.368444361393
5.525,-0.0160252696237488,-0.0714382406485179,0.489,0.201242296671201,0.129005448002018,-9.85191159877469,-0.0597594878614275,-0.0870817643171149,-0.0164051094266886,-0.0133438811174593,0.00786950189315355,-2.58245862223732,-0.0506049302551243,-0.052710620904852,-0.0182162442787589,15.9425507801624,10.2615353083844,-0.746106347654943,-8.07093781004314,-17.1424562881516,-1.00839586498244,7.51921803645936,-6.20015355076265,-2.81,0.102997357193903,0.0512451375365654,18.9723701477051,19.1319817576282,0.16975767295005,1.11051135425205,173.809997558594,-40.2858205019754,-89.2165255390934,-173.809997558594,4.27326393127441,19.0100002288818,8.96142196655273,16.0160942077637,37.8598823547363,991.367244630063
5.55,-0.018759745908857,-0.0700677406235846,0.489,0.203922258362765,0.122980871540002,-9.51747028938929,-0.0547739606007388,-0.105070062939575,-0.0210292217417265,-0.0145504810103208,0.00595328023773875,-2.58288219314591,-0.0315282462831663,-0.0852010688933781,-0.0173913016802001,15.9398072827241,10.2662213672876,-0.761617578978845,-8.0755490169458,-17.1413744525795,-1.00578758219973,7.51920148817753,-6.20016609136818,-2.81,0.101268013366441,0.0513833204232705,18.9723701477051,19.1353459903141,0.169757385921969,1.11051129428221,173.852645874023,-40.6688388832408,-90.0319140904582,-173.852645874023,4.27367734909058,19.0005207061768,8.93000030517578,16.0139999389648,37.8576278686523,991.364902297467
5.575,-0.0201050426202059,-0.0718885295391279,0.489,0.119580771086241,0.103462008816194,-9.25376981917006,-0.0730322856689915,-0.101322154455241,-0.021957223473162,-0.0180212774362617,0.00278926799704111,-2.58391746052084,-0.034391752789053,-0.108107363550155,-0.0190421319181786,15.9228780643734,10.2906433230937,-0.7937666270773,-8.07048763314037,-17.1430788927653,-1.02348754464907,7.51918493989569,-6.20017863197371,-2.81,0.0974043242591291,0.0523649008259462,18.9696893692017,19.130514467866,0.169757084542484,1.11051123131387,173.897430419922,-41.0710081830731,-90.8880720693873,-173.897430419922,4.2741117477417,18.9905681610107,8.93000030517578,16.0139999389648,37.8551406860352,991.362502834808
5.6,-0.0230143791777703,-0.0682525526004423,0.489,0.144946069968228,0.167409015329352,-9.21204172618776,-0.0748501162597552,-0.0968189942728135,-0.0223174596765176,-0.0187891537096331,0.00214810094153906,-2.58416089464165,-0.0414466101949121,-0.108254947505777,-0.0199252176933586,15.8878077218197,10.3278926777191,-0.783904174181367,-8.02605537276999,-17.1540296638464,-1.01193308444937,7.5191681599586,-6.20019131005473,-2.81,0.097602512393285,0.0543317014883486,18.9670085906982,19.1016646917564,0.169756783163,1.11051116834554,173.942230224609,-41.4731774843235,-91.7442300483164,-173.942230224609,4.27454662322998,18.9806156158447,8.93000030517578,16.0139999389648,37.852653503418,991.360103372149
5.625,-0.0235606289736932,-0.0669818198885941,0.489,0.110917597228812,0.063725920445561,-9.22425747688074,-0.0638206902534663,-0.089616071970279,-0.0246254972930081,-0.0230863876284799,-0.000748140258931857,-2.58544514402331,-0.0520395452948142,-0.104631746107618,-0.0229269447194074,15.883558113599,10.3585717300187,-0.775477642151012,-8.03289949127397,-17.165555481714,-1.0025083415023,7.51912848637662,-6.20021757433734,-2.81,0.0954149604718741,0.0555313832529647,18.9670085906982,19.1146863886415,0.169756481783515,1.1105111053772,173.987014770508,-41.8753467841557,-92.6003880272455,-173.987014770508,4.27498054504395,18.9706630706787,8.93000030517578,16.0139999389648,37.8501663208008,991.35770390949
5.65,-0.0245804142153363,-0.0661994672760695,0.488906297107042,0.111585293691447,0.0941811504344815,-9.35696922981994,-0.0749013744416043,-0.0630885345696523,-0.0214139242725501,-0.0223093956713608,-0.00210914628185268,-2.58584351819936,-0.0625757851974778,-0.0548070789156333,-0.0249860865172557,15.870261990366,10.3702102014704,-0.756157128085205,-8.02275985521844,-17.1669387277615,-0.953828019439656,7.51908881279464,-6.20024383861995,-2.81,0.0966087060363944,0.0563252146913825,18.9670085906982,19.111850544423,0.169756461691549,1.11051110117931,173.990005493164,-41.9021580712839,-92.6574652258986,-173.990005493164,4.2750096321106,18.9699993133545,8.93000030517578,16.0139999389648,37.8499984741211,991.35336260321
5.675,-0.0242842076122258,-0.0682505313346356,0.488650721504558,0.111713491056134,0.0669589377721195,-9.39103485234719,-0.0709052030240203,-0.0339114394941968,-0.0206889846262021,-0.0252580602276252,-0.00377463274021942,-2.58678193156803,-0.0405133462589117,-0.0331743070819981,-0.0216158180851042,15.8814080459977,10.3788034300033,-0.776123682587601,-8.04713192486968,-17.1705605583593,-0.978042958291274,7.51904913921266,-6.20027010290256,-2.81,0.0937472748442697,0.0564789391946064,18.9611749649048,19.1313703690966,0.169756461691549,1.11051110117931,173.990005493164,-41.9021580712839,-92.6574652258986,-173.990005493164,4.2750096321106,18.9699993133545,8.93000030517578,16.0139999389648,37.8499984741211,991.348882593815
5.7,-0.0254881592289435,-0.0642222824251356,0.488395150652478,0.133338408994161,-0.0347367395808467,-9.31770650635405,-0.115324180065606,-0.036829373836469,-0.0202753488197083,-0.0297683729613669,-0.00288917773877484,-2.58764776584155,-0.151367447312422,-0.00762736226726612,-0.0243154824634876,15.8548138050346,10.4107747558846,-0.749320233926721,-8.02397565286442,-17.1729552518913,-1.01304257651541,7.51900946563069,-6.20029636718517,-2.81,0.0932074341096111,0.0577526359601776,18.9553413391113,19.1105385946,0.169756461691549,1.11051110117931,173.990005493164,-41.9021580712839,-92.6574652258986,-173.990005493164,4.2750096321106,18.9699993133545,8.93000030517578,16.0139999389648,37.8499984741211,991.344402584419
5.725,-0.0243940100476005,-0.0579982715500714,0.488139574341624,0.189960097907113,0.117493347490522,-9.19197429441068,-0.137886365998004,-0.057781455539093,-0.0199434064278703,-0.0332468886824399,-0.00506140457123958,-2.58826152036036,-0.127644304608027,-0.0501310342066241,-0.0186601021198702,15.841539303089,10.4494406262564,-0.691806767597396,-8.00562980991608,-17.1934520154849,-0.958578444606574,7.51896711276463,-6.20032486380007,-2.81,0.0941717950994368,0.0594283421933255,18.9553413391113,19.1125538837852,0.169756461691549,1.11051110117931,173.990005493164,-41.9021580712839,-92.6574652258986,-173.990005493164,4.2750096321106,18.9699993133545,8.91170692443848,16.0149154663086,37.8499984741211,991.339922575024
5.75,-0.0262070701682912,-0.0568639546604614,0.487883996885738,0.175433605530746,0.0964880234044474,-9.00937132002486,-0.133017665847299,-0.0791461532283629,-0.0196583699511438,-0.0359512782512496,-0.00643762615740035,-2.58885078673283,-0.148306960174043,-0.0421364635320977,-0.0224843242411121,15.8279197706229,10.4505657511437,-0.669368036884656,-8.00579164384313,-17.1815055320781,-0.942650603137336,7.51891772683346,-6.20035922024094,-2.81,0.093824643189399,0.0592580551956755,18.9553413391113,19.107306694977,0.169756186938675,1.11051104360826,174.021850585938,-42.2698557168449,-93.4379824052043,-174.021850585938,4.27612113952637,18.9517993927002,8.89000034332275,16.0160007476807,37.8499984741211,991.338761026826
5.775,-0.0262061310232661,-0.0574539577430545,0.487628424205261,0.157364015968077,0.135474285355942,-8.97281154101402,-0.135138270187365,-0.0837677349606218,-0.0186638544127883,-0.0402322496014691,-0.00769539134954232,-2.58948713353144,-0.155632071114218,-0.0554742171872648,-0.0220276808594401,15.8242780432771,10.4543070550372,-0.673826569623246,-8.01547286579721,-17.1744530223288,-0.971962941352578,7.51886834090228,-6.2003935766818,-2.81,0.0912749908972689,0.0590177622184541,18.9517297744751,19.1082212063739,0.169755886427719,1.11051098063992,174.056686401367,-42.6720250166771,-94.2916730701462,-174.056686401367,4.27733707427979,18.9318943023682,8.89000034332275,16.0160007476807,37.8499984741211,991.337910584364
5.8,-0.0263198876909861,-0.057024101403712,0.487372849187728,0.160449441304387,0.110338658770787,-9.03025715328006,-0.103554871777542,-0.0794439677610575,-0.0184059451870264,-0.0445059913448288,-0.00895476947247764,-2.59012257722639,-0.162794564327875,-0.0687980741659544,-0.0215596902323238,15.823020981221,10.4496524406316,-0.670344170703679,-8.0315114538962,-17.1616326571055,-0.992863896946672,7.5188189549711,-6.20042793312266,-2.81,0.0891301403803374,0.0583408068403287,18.9481182098389,19.1118489017422,0.169755585916763,1.11051091767159,174.091522216797,-43.0741943165094,-95.1453637350882,-174.091522216797,4.2785530090332,18.9119892120361,8.89000034332275,16.015100479126,37.8499984741211,991.337060141902
5.825,-0.0299444614620439,-0.0455662826569757,0.487117277774922,0.125797088875522,0.0587796306392417,-9.12584771413602,-0.115513617413297,-0.0639213929192498,-0.0133310048192438,-0.0451282791803668,-0.0110287897416156,-2.5903018908073,-0.0878238040327078,-0.0751031437314308,-0.0153605520442569,15.8052659952602,10.4993411399651,-0.584729072406268,-7.99281654763949,-17.1964811737532,-0.883416390464813,7.51881797125933,-6.2004324041073,-2.81,0.0930013994489106,0.0609155466413785,18.9481182098389,19.1111385949884,0.169755285405807,1.11051085470325,174.126358032227,-43.4763636177598,-95.9990543998724,-174.126358032227,4.27976894378662,18.8920841217041,8.89000034332275,16.0139999389648,37.8499984741211,991.336209699441
5.85,-0.0306252662178661,-0.043973627081508,0.486861703851614,0.127108579639323,0.0886818668411118,-9.26412241913221,-0.093387097513165,-0.0410177017889461,-0.0124691652406553,-0.0483125080767552,-0.0116259842093094,-2.59088230597024,-0.138829558770009,-0.0106595644017069,-0.0156748242853392,15.8013122834909,10.4828587284324,-0.545600222544338,-8.00922597393982,-17.174670635578,-0.867447094233329,7.51882417942278,-6.20043243454202,-2.81,0.0933786060099788,0.0597539928139748,18.9481182098389,19.1135490542736,0.169755253923707,1.11051084810657,174.130004882812,-43.5184956391743,-96.0884886600595,-174.130004882812,4.27989625930786,18.8899993896484,8.89000034332275,16.0139999389648,37.8499984741211,991.336596448275
5.875,-0.0295389464135181,-0.0427108778349644,0.486606125833885,0.12120372847421,0.0354669417622994,-9.34908239875587,-0.0964928532650381,-0.0214731887619965,-0.0115421874998204,-0.0504541611942082,-0.0126718850052133,-2.59124455680548,-0.102703083411201,0.00771727439569348,-0.0114014355664184,15.8048267346323,10.5030998131405,-0.534631840775424,-8.00967081802792,-17.1899208977642,-0.863294803153332,7.51883038758623,-6.20043246497674,-2.81,0.0926858912808067,0.060593556418317,18.9396657943726,19.1230977310309,0.169755253923707,1.11051084810657,174.130004882812,-43.5184956391743,-96.0884886600595,-174.130004882812,4.27989625930786,18.8899993896484,8.89000034332275,16.0139999389648,37.8499984741211,991.337127974813
5.9,-0.0300184140388004,-0.0406772934860721,0.48635055249553,0.13038374752644,0.107967663435859,-9.33046109171098,-0.0903996910286454,-0.00397080157709788,-0.00856730375483771,-0.0558942630887032,-0.0117791630327702,-2.59180498123169,-0.142700970172882,-0.00457892287522554,-0.0103542031720281,15.8019750578845,10.5047168807173,-0.471865110150574,-8.01658098494206,-17.1827992667756,-0.871772806282301,7.51883659574969,-6.20043249541145,-2.81,0.0934578551090691,0.0601120922625773,18.9312133789062,19.123762808655,0.169755253923707,1.11051084810657,174.130004882812,-43.5184956391743,-96.0884886600595,-174.130004882812,4.27989625930786,18.8899993896484,8.89000034332275,16.0139999389648,37.8499984741211,991.337659501351
5.925,-0.0294180955268292,-0.0339570785411124,0.486094975650894,0.141751764827021,0.0855780930610584,-9.3932688081144,-0.0782686356376547,0.00496491933419288,-0.00792787192931386,-0.0570195483930687,-0.0113615892103,-2.59201276488037,-0.139712677480352,0.0121888882302823,-0.0109965169307823,15.7905624083261,10.5253793525723,-0.409631029715328,-7.99762929685937,-17.1942843491455,-0.829325399375863,7.51881841129951,-6.20044657944297,-2.81,0.09627813812697,0.0611067011370485,18.9312133789062,19.1193015107803,0.169755253923707,1.11051084810657,174.130004882812,-43.5184956391743,-96.0884886600595,-174.130004882812,4.27989625930786,18.8899993896484,8.73218059539795,16.033727645874,37.8499984741211,991.33819102789
5.95,-0.0283951092628597,-0.0329340922771429,0.485839406041923,0.103305220272484,0.157766584286174,-9.53776055900133,-0.0667089685441708,0.0213341893082615,-0.00842319158509488,-0.0585360452532768,-0.0107988435775042,-2.59229278564453,-0.135685488581657,0.034786120057106,-0.0118621345609426,15.7893366103332,10.5213167783923,-0.370416627567324,-8.00250649847917,-17.1882094572308,-0.814746107586605,7.51879764898234,-6.20046214869062,-2.81,0.0976793269616768,0.0607507564140254,18.9312133789062,19.1212581032088,0.169754990618869,1.11051079407581,174.164886474609,-43.8635819926566,-96.8364842902636,-174.164886474609,4.2794394493103,18.8965396881104,8.52999973297119,16.0590000152588,37.8499984741211,991.3358084873
5.975,-0.0275163847738561,-0.0320553677881394,0.485583829804782,0.0771043273513517,0.146379083956219,-9.73626207681184,-0.0327957892072219,0.0427746670022907,-0.0063509494465721,-0.0592910502786137,-0.00964504079564635,-2.59260609084954,-0.101115604019972,0.0658244046344158,-0.0107646477553058,15.7904567581161,10.5122172931465,-0.337863296087201,-8.01195231428091,-17.1789230883173,-0.807842988750356,7.51877688666518,-6.20047771793826,-2.81,0.0991980728116867,0.0602168394740732,18.9286136627197,19.1242893975492,0.169754690107913,1.11051073241026,174.204681396484,-44.2574305494791,-97.6901749550478,-174.204681396484,4.27891874313354,18.9040031433105,8.52999973297119,16.0590000152588,37.8499984741211,991.333014176355
6,-0.0256364461436996,-0.0313996920809985,0.485328255907367,0.127135541450537,0.123861730414082,-10.0637112377715,-0.00965356747386046,0.0617693479051247,-0.00831407983991634,-0.0616608834132972,-0.00844154312630187,-2.59301289837614,0.000265547961010079,0.0426517668308506,-0.00400193895466409,15.7876241375547,10.5025918552178,-0.288784199948354,-8.02014030350413,-17.1659797292883,-0.802120530777795,7.51875612434802,-6.20049328718591,-2.81,0.100815479523386,0.0594931633313451,18.9260139465332,19.1240888690252,0.169754389596957,1.11051067074472,174.244491577148,-44.6512791048835,-98.5438656199898,-174.244491577148,4.27839756011963,18.9114685058594,8.52999973297119,16.0590000152588,37.8499984741211,991.33021986541
6.025,-0.0262485776052075,-0.0307875606194907,0.485072680254069,0.142796141342052,0.182114922253839,-10.40015664545,0.0097011599660316,0.0796587911929143,-0.00860654137073569,-0.0611317360978524,-0.00583630208277997,-2.59350173207118,-0.00187593707639926,0.0618909666847231,-0.00825386985359014,15.7898318692305,10.4960956235887,-0.268119508240506,-8.03091691243954,-17.1579744017293,-0.816694461765293,7.51873363837258,-6.20050981429034,-2.81,0.102591047579047,0.0592607293781893,18.9260139465332,19.1267072285354,0.169754089086001,1.11051060907918,174.284301757812,-45.0451276617061,-99.397556284774,-174.284301757812,4.27787637710571,18.9189338684082,8.41419410705566,16.0465621948242,37.8499984741211,991.327425554465
6.05,-0.0262485776052075,-0.0307875606194907,0.485,0.185706333016803,0.15660704207617,-10.7379666107254,0.0298087110124624,0.0882405663915941,-0.0120670621280711,-0.0606025887824076,-0.00323106103925806,-2.59399056576623,-0.00401742211380859,0.0811301665385957,-0.0125058007525162,15.7905046986907,10.489173581616,-0.24656853552434,-8.04060779127824,-17.1488397151227,-0.830373337254253,7.51868746142717,-6.20053950674011,-2.81,0.104421033797027,0.0590112817055031,18.9260139465332,19.1278819511619,0.169754046155864,1.11051060026981,174.289993286133,-45.101391740847,-99.5195120940627,-174.289993286133,4.27780199050903,18.9200000762939,8.26000022888184,16.0300006866455,37.8478660583496,991.328354098786
6.075,-0.0262485776052075,-0.0307875606194907,0.485,0.250829417230683,0.158599202193711,-10.9535978810014,0.0563951709616761,0.0841473230541682,-0.0137316039509073,-0.0600734414669629,-0.000625819995736242,-2.59447939946128,-0.00615890715121785,0.100369366392468,-0.0167577316514421,15.7875597787833,10.4807665108377,-0.222447209192271,-8.04793573090295,-17.1366789419995,-0.841402694501496,7.51864128448175,-6.20056919918987,-2.81,0.106404952599722,0.0586951322172751,18.9160432815552,19.1256945399088,0.169754046155864,1.11051060026981,174.289993286133,-45.101391740847,-99.5195120940627,-174.289993286133,4.27780199050903,18.9200000762939,8.22182464599609,16.0486640930176,37.8453788757324,991.329903118983
6.1,-0.0186756602704601,-0.0322143553856839,0.484684696622028,0.258318281818256,0.179566605758176,-10.8791425202649,0.0683155977470548,0.0598278525438325,-0.0167012674323535,-0.0573057652000293,0.000227993658335714,-2.59479892249638,0.0981181830345989,0.0531865087400618,-0.0143993276608541,15.7626236304164,10.5001493719001,-0.18123782032579,-8.01901234003693,-17.1412966963574,-0.785923884149142,7.51859510753633,-6.20059889163963,-2.81,0.110183927509959,0.0601312827634349,18.9060726165771,19.1105467679969,0.169754046155864,1.11051060026981,174.289993286133,-45.101391740847,-99.5195120940627,-174.289993286133,4.27780199050903,18.9200000762939,8.17000007629395,16.0739994049072,37.8428916931152,991.331452139181
6.125,-0.0191658668910854,-0.0355151057351685,0.48379145865943,0.27541748733979,0.106481088510885,-10.8393769978036,0.0698580501325804,0.0304505655486906,-0.0217220250945085,-0.0565533005898943,0.00223427855813701,-2.59551117158461,0.0237918151491676,0.0614242146497916,-0.0233570796368169,15.7452933612838,10.5072401444837,-0.2125552165247,-8.01192783844636,-17.13075517875,-0.841295146822731,7.51861276510544,-6.20058832969667,-2.81,0.109353440599134,0.0607492368542744,18.9060726165771,19.0929839885137,0.169754046155864,1.11051060026981,174.289993286133,-45.101391740847,-99.5195120940627,-174.289993286133,4.27780199050903,18.9200000762939,8.17000007629395,16.0739994049072,37.8404006958008,991.333001159379
6.15,-0.0180328946752434,-0.0359728082390009,0.482820257857154,0.189025899279946,0.136309601976378,-10.7109515617705,0.071483681427467,0.0156859188878442,-0.0244140283589424,-0.0553537547206517,0.00229168413662579,-2.59618797143954,0.0999993179097702,0.00292061866395795,-0.0202009330021279,15.7406592651485,10.5025538199033,-0.2121321447109,-8.02146049799583,-17.119755439999,-0.82893669360872,7.51863104947467,-6.20057737249014,-2.81,0.1099684586984,0.0607523539702203,18.9060726165771,19.0957457774673,0.169753793935108,1.11051054822426,174.310852050781,-45.4337988663456,-100.236020097188,-174.310852050781,4.27816581726074,18.905403137207,8.17000007629395,16.0739994049072,37.8400001525879,991.327422661804
6.175,-0.0186195006694414,-0.0371488303866082,0.481849093721346,0.166130624148822,0.0490394590834969,-10.6595712178964,0.0766179381720563,0.00879790078232967,-0.0287033860636764,-0.0541443021192354,0.00297596412005176,-2.59703880209835,0.092526705150622,-0.00509433225135877,-0.0236604350452806,15.735944520234,10.4906898122516,-0.213075727398039,-8.03720462183766,-17.100842149576,-0.827323146276567,7.5186493338439,-6.20056641528361,-2.81,0.110624497008358,0.0604065068616925,18.893346786499,19.0979478185586,0.169753492989888,1.11051048612445,174.335723876953,-45.8304210046441,-101.090944419123,-174.335723876953,4.27860021591187,18.8879852294922,8.17000007629395,16.0739994049072,37.8400001525879,991.320467257387
6.2,-0.0179815545535035,-0.0390545836711946,0.481134349074693,0.144037406098692,0.113343630820689,-10.5824569450991,0.0654149315773479,0.0117988265107933,-0.0294962947106529,-0.0535733505187382,0.00309462825749487,-2.59724380571949,0.0887741047125908,-0.00293713250939072,-0.0249425597300472,15.7092344935012,10.5095378734325,-0.248808935308114,-8.00870974373262,-17.1001055933547,-0.859824114555178,7.51866898564324,-6.2005547471396,-2.81,0.109204875310786,0.0615852585236453,18.8806209564209,19.0709959057956,0.169753192044667,1.11051042402465,174.360610961914,-46.2270431415245,-101.94586874098,-174.360610961914,4.27903461456299,18.870569229126,8.17000007629395,16.0739994049072,37.8400001525879,991.31351185297
6.225,-0.0176161850490221,-0.0390551652528211,0.481,0.112159376637463,0.0698203074575095,-10.3698771493215,0.0706978568212998,-0.00364565260285028,-0.0340902920737671,-0.050994066558536,0.00365869027634858,-2.59828990025654,0.0482477930808326,0.0225746665496816,-0.032994545020077,15.7034728450459,10.5125970953671,-0.284788510368296,-8.01952104846123,-17.0912773310652,-0.877714604047296,7.51869926999905,-6.20053755104729,-2.81,0.108675177916876,0.0622280428016037,18.8806209564209,19.0729712020044,0.169752891099447,1.11051036192484,174.385498046875,-46.6236652784048,-102.800793062837,-174.385498046875,4.27946853637695,18.8531532287598,8.0470142364502,16.0588302612305,37.8400001525879,991.306556448552
6.25,-0.0170472059119985,-0.04281210518122,0.481,0.0866288975629792,0.0935627195057927,-10.1870415470713,0.0641959017634055,-0.0123672845484656,-0.0359883110477103,-0.0473199413230816,0.0031307694963745,-2.59982989822191,0.0708002058831917,0.0082547023262055,-0.0377649417927795,15.6826994104053,10.5470417719577,-0.297004757502377,-8.00953383524056,-17.0999786310971,-0.844666396092054,7.51872955435485,-6.20052035495499,-2.81,0.10978097981653,0.0647593186060045,18.8806209564209,19.0732192034974,0.169752836642693,1.11051035068773,174.389999389648,-46.6954349993437,-102.955493654467,-174.389999389648,4.27954721450806,18.8500003814697,7.86999988555908,16.0370006561279,37.8400001525879,991.303034054725
6.275,-0.0173355233743388,-0.0460396506936029,0.481,0.0340760154917912,0.0417295730973203,-10.1375892811012,0.0730493908782404,-0.0219082867683519,-0.040409417418263,-0.0477784333828372,0.00354451899998129,-2.60106197689153,0.036702126811398,0.00140937989194424,-0.0403232107442538,15.674169434396,10.5402910867883,-0.326980999976199,-8.02727179884554,-17.0781415527538,-0.885566936087406,7.51875983871066,-6.20050315886269,-2.81,0.10806472237067,0.0645612701315636,18.8564701080322,19.071066024783,0.169752836642693,1.11051035068773,174.389999389648,-46.6954349993437,-102.955493654467,-174.389999389648,4.27954721450806,18.8500003814697,7.86999988555908,16.0370006561279,37.8400001525879,991.300270116725
6.3,-0.0173356767703845,-0.0459432820419673,0.481,-0.0390716286649728,-0.00143880516129408,-9.9233288323132,0.0482489282650575,-0.00912900246440017,-0.0394488213702001,-0.0476190980635768,0.00372566221361043,-2.60226167669952,0.0159683356172774,-0.00447889092489951,-0.0422343200211878,15.6649103446362,10.5494964247967,-0.362933460270325,-8.03565011186861,-17.0701296259831,-0.923045746770606,7.51878918472299,-6.20048651618673,-2.81,0.106299191201629,0.0652736325380629,18.8323192596436,19.0696177077433,0.169752836642693,1.11051035068773,174.389999389648,-46.6954349993437,-102.955493654467,-174.389999389648,4.27954721450806,18.8500003814697,7.53563976287842,16.0535163879395,37.8400001525879,991.297506178725
6.325,-0.017701319182627,-0.0453226908905629,0.481,0.0379988875438607,0.0769665244397311,-9.85708798422468,0.0463354465782717,-0.00646963261598166,-0.041329597141937,-0.0447814409859017,0.00309385281886672,-2.60333598512167,0.0385804224890375,0.00435378916428792,-0.0412736434040482,15.6186196064738,10.589335884536,-0.375485028424292,-7.99342723291119,-17.073838597325,-0.89747340822271,7.51879883394504,-6.20048149028654,-2.81,0.107119578244456,0.068020183723929,18.8323192596436,19.0398742194032,0.169752836642693,1.11051035068773,174.389999389648,-46.6954349993437,-102.955493654467,-174.389999389648,4.27954721450806,18.8500003814697,7.03999996185303,16.0779991149902,37.8400001525879,991.294742240725
6.35,-0.0172360182476833,-0.0484838449674717,0.481,-0.0470841530831993,-0.0271758580554413,-9.77143158377422,0.0344664375519941,-0.0143212914377402,-0.0423150454512148,-0.0464439289220911,0.00397969850602493,-2.60457657877758,-0.0346167301757991,0.00521688282877628,-0.0446046069277031,15.5997366587028,10.5959397412988,-0.396808917120572,-7.99541703430828,-17.0573513053431,-0.950396250213029,7.5188084831671,-6.20047646438635,-2.81,0.105413027614688,0.0684117161111034,18.8323192596436,19.0268507858107,0.169752596928751,1.11051030100789,174.415863037109,-47.0127327099825,-103.636472335183,-174.415863037109,4.27912998199463,18.8539810180664,7.03999996185303,16.0779991149902,37.8400001525879,991.296218365854
6.375,-0.0160636736740766,-0.047311500393865,0.481,-0.0310797914182531,0.0484684778646297,-9.78457990582724,0.0258136068250395,-0.0251614782416154,-0.0400951877690228,-0.046147776563423,0.00366027175189872,-2.60563303958544,-0.0400071688076718,-0.00922851827175531,-0.0456500045603176,15.5814717029295,10.62849293477,-0.383941825792519,-7.98099182300035,-17.0684442881106,-0.930866759588896,7.51881813238916,-6.20047143848616,-2.81,0.106229526529071,0.0703626017629044,18.8195896148682,19.0233562824383,0.169752297286324,1.11051023890808,174.448226928711,-47.4093548468628,-104.487695685981,-174.448226928711,4.27860927581787,18.858959197998,7.03999996185303,16.0779991149902,37.8400001525879,991.298754506766
6.4,-0.0167690368400454,-0.048160697063054,0.481,-0.0105886713123533,0.0648525613321319,-9.7151143500581,0.0338535359559995,-0.0329873753735547,-0.0418184722676944,-0.0421919857468532,0.0014632703664664,-2.60660945609171,0.0768624892410079,-0.0354525511275956,-0.0397266432787806,15.5432591493761,10.6546069485216,-0.394805356269558,-7.95175712947955,-17.0671609744478,-0.866602739174066,7.51881611606967,-6.20047386782459,-2.81,0.107344602287486,0.0724970043194138,18.8068599700928,19.0052707987164,0.169751997643896,1.11051017680827,174.480560302734,-47.8059769837432,-105.338919036778,-174.480560302734,4.27808809280396,18.8639335632324,7.07933664321899,16.0709190368652,37.8400001525879,991.301290647679
6.425,-0.0182303940342442,-0.0521965607095229,0.481,-0.0800650198175034,-0.0432874952567736,-9.516894688766,0.0233823556082592,-0.0222482721066916,-0.0412204965381842,-0.0438542040546836,0.00202597528620173,-2.60788183090078,0.00909453050774803,-0.0162374755659016,-0.042296469436376,15.5288674464658,10.6513785999031,-0.419742675000638,-7.96349841128034,-17.0444768298981,-0.917756400248417,7.51880853406463,-6.20047985409297,-2.81,0.105359361758827,0.0723650893482287,18.8068599700928,18.996701940125,0.169751698001469,1.11051011470846,174.512924194336,-48.2025991206235,-106.190142387654,-174.512924194336,4.27756690979004,18.8689117431641,7.1399998664856,16.0599994659424,37.8400001525879,991.30382678859
6.45,-0.0180083688040338,-0.051303124646651,0.481,-0.0291613386523545,-0.0400565221011041,-9.54745680140618,0.00210160791127408,-0.0157551282840174,-0.0391589231073883,-0.0425090163057718,0.00133462010799756,-2.60868084008303,0.0231555397786284,-0.0107659262959775,-0.0415647714047872,15.5114209777841,10.6797589626595,-0.411790500002757,-7.94747692645798,-17.055312171243,-0.885968911028291,7.51880095205958,-6.20048584036135,-2.81,0.106363746016083,0.0741942298788164,18.8068599700928,18.993022448269,0.169751632365509,1.11051010110565,174.520004272461,-48.2894782550041,-106.376600835905,-174.520004272461,4.27745294570923,18.8700008392334,7.1399998664856,16.0599994659424,37.8380584716797,991.298535387663
6.475,-0.0185932242139539,-0.0536566000345286,0.481,-0.0345159705090917,-0.0760651858196983,-9.405057441311,-0.0285324377002017,-0.0241880551340514,-0.039205928035962,-0.045284412951788,0.00238383427276222,-2.60932733047905,-0.0661907075535996,0.00140935408074375,-0.0437866884592691,15.5044887135712,10.6708014279434,-0.443298271350019,-7.95809979123546,-17.0350591608231,-0.962857123997718,7.51879337005453,-6.20049182662973,-2.81,0.103567678906517,0.0735142407323368,18.7811069488525,18.9824658053036,0.169751632365509,1.11051010110565,174.520004272461,-48.2894782550041,-106.376600835905,-174.520004272461,4.27745294570923,18.8700008392334,7.1399998664856,16.0599994659424,37.8355674743652,991.291048456707
6.5,-0.0167222639135873,-0.0466078666272949,0.481,-0.103644326008813,-0.0400644391603128,-9.37878969530588,-0.0272458649065971,-0.020597893488382,-0.0336602846062536,-0.0472859620405907,0.00207541435092113,-2.61099330831337,-0.0901858847011765,-0.00730150813729663,-0.039076923847191,15.478539561686,10.7195022564724,-0.399935042120182,-7.93967219627956,-17.0509253576583,-0.938303517152365,7.51878585475992,-6.20049777128121,-2.81,0.104886057852269,0.0761444737480306,18.7553539276123,18.9789080783607,0.169751632365509,1.11051010110565,174.520004272461,-48.2894782550041,-106.376600835905,-174.520004272461,4.27745294570923,18.8700008392334,7.17838859558105,16.0607681274414,37.833080291748,991.283561525752
6.525,-0.0173375446401456,-0.0447698222591475,0.481,-0.0285502100329995,-0.0241075240430077,-9.43769500634359,-0.0373994353334926,-0.0233030306793871,-0.0318566550609535,-0.0482406081979617,0.00179160556518101,-2.61172411267835,-0.0880949397605638,-0.0109556214656435,-0.036818375448924,15.4595307944587,10.7288638727563,-0.385833794647526,-7.93133334556673,-17.0435530259993,-0.930447050345004,7.51879431655486,-6.20049374872372,-2.81,0.105182611854519,0.0766922512904507,18.7553539276123,18.9686873177066,0.169751632365509,1.11051010110565,174.520004272461,-48.2894782550041,-106.376600835905,-174.520004272461,4.27745294570923,18.8700008392334,7.23999977111816,16.0620002746582,37.8305931091309,991.276074594796
6.55,-0.0176805081582347,-0.0437452782815877,0.481,-0.0946981940808087,-0.0270514131945699,-9.39749811139291,-0.0387342280675323,-0.0241345652223667,-0.029381099889458,-0.0491874327748026,0.00150908757103405,-2.61244655383388,-0.0858461657354115,-0.0145521438397572,-0.0345851750991606,15.4409001687004,10.7356806074312,-0.369939678130903,-7.92439752579892,-17.0343604609695,-0.920640553568003,7.51880277834981,-6.20048972616623,-2.81,0.105576086343692,0.0771050608393407,18.7553539276123,18.9587676247774,0.169751404397385,1.11051005346064,174.554122924805,-48.5937797549742,-107.024212031176,-174.554122924805,4.27675819396973,18.8605213165283,7.23999977111816,16.0620002746582,37.8300018310547,991.27504408416
6.575,-0.0174722543087211,-0.045361178215101,0.481,-0.0387164952251743,-0.00580243801777167,-9.46887095888249,-0.0316269776830038,-0.0167354633713808,-0.0231200443341569,-0.0506665478797249,0.00115418525506987,-2.61353175266257,-0.0928114602122186,-0.00759635822428438,-0.0304875526547801,15.4152456735931,10.750370101672,-0.332386414984497,-7.91334524481128,-17.0261594677973,-0.894202461737902,7.51881124014475,-6.20048570360874,-2.81,0.106860462075206,0.0779394290539812,18.740161895752,18.9477425154666,0.169751105189222,1.11050999092657,174.598907470703,-48.9931754747487,-107.874201724901,-174.598907470703,4.27584648132324,18.8480815887451,7.23999977111816,16.0620002746582,37.8300018310547,991.276031204875
6.6,-0.0173395659059523,-0.043499993824692,0.481,-0.00222125652797933,-0.0121739566221442,-9.60690242139167,-0.039357915201207,-0.0234750541839461,-0.0208038935721158,-0.0506777426579125,0.000935115146373214,-2.61377134349994,-0.0877814887327242,-0.00625659499762499,-0.0289914485132083,15.3804014435526,10.7690820784662,-0.301401366764207,-7.87731742589755,-17.0243183274628,-0.860915685957136,7.51878033198156,-6.20050666010427,-2.81,0.108633167383505,0.0790862144403064,18.7249698638916,18.9207202517205,0.169750805981059,1.1105099283925,174.643692016602,-49.392571193105,-108.724191418783,-174.643692016602,4.2749342918396,18.8356399536133,7.24748802185059,16.0608768463135,37.8300018310547,991.277018325589
6.625,-0.0175226910372665,-0.0429529392823519,0.481,-0.0331899243830508,-0.0504564251071018,-9.65676819133239,-0.0351462935633844,-0.0275768118869003,-0.0168279214147933,-0.0522677828891732,6.64328824201984e-05,-2.61478034690935,-0.0704348806813416,-0.016665939053479,-0.0202807617720574,15.3720758776858,10.7442999127823,-0.333893867513104,-7.90191298798526,-16.9885115409933,-0.895784165831498,7.5187273006997,-6.20054165305248,-2.81,0.105979397223075,0.0777802030559663,18.7249698638916,18.9166768613283,0.169750506772896,1.11050986585843,174.6884765625,-49.7919669128795,-109.574181112508,-174.6884765625,4.27402257919312,18.8232002258301,7.26000022888184,16.0590000152588,37.8300018310547,991.278005446303
6.65,-0.0186549430232913,-0.0436352014122296,0.481,-0.00250051982391353,-0.0535724436966116,-9.80709847785169,-0.046312090360529,-0.0271740804107653,-0.0118444701558491,-0.0509418581042569,-0.00132687788350513,-2.61508867506031,-0.0177924714797297,-0.0230938909628749,-0.0139801653029852,15.3528563932611,10.7645547283214,-0.293021010598745,-7.87973590611266,-16.9973059133583,-0.820398062777682,7.51867426941785,-6.20057664600068,-2.81,0.1086085231031,0.0791085569478259,18.7249698638916,18.9113435449494,0.169750429833654,1.11050984977824,174.699996948242,-49.8946686689067,-109.792749890942,-174.699996948242,4.27378797531128,18.8199996948242,7.26000022888184,16.0590000152588,37.8300018310547,991.277864429058
6.675,-0.0192412766589254,-0.0454017045776651,0.481,0.0355297077396557,-0.0184292820574533,-9.87552639969787,-0.04652392281655,-0.0310993048387838,-0.0098784743141604,-0.0547151720328815,-0.000446234516305225,-2.61540941831695,-0.0770909487433722,-0.0261593677643829,-0.014058491130681,15.3445937478525,10.7458086615103,-0.314754363671605,-7.88906554764822,-16.9702524922118,-0.8951014028378,7.51862123813599,-6.20061163894889,-2.81,0.105820447845301,0.0777631001006057,18.6953716278076,18.8957353081195,0.169750429833654,1.11050984977824,174.699996948242,-49.8946686689067,-109.792749890942,-174.699996948242,4.27378797531128,18.8199996948242,7.26000022888184,16.0590000152588,37.8300018310547,991.27733290252
6.7,-0.0180063305949374,-0.0377167792944019,0.481,-0.0528092575460515,-0.0503204168591834,-9.67405286814792,-0.0460774622986054,-0.0332938512172848,-0.00379959029375983,-0.0573965696454364,-0.00104610668222243,-2.61584694267869,-0.0956561740848079,-0.0183716372986589,-0.00748659961725435,15.3340936016795,10.766775029968,-0.253006322537594,-7.87679150915775,-16.9808246897521,-0.854184820411178,7.51856820685414,-6.20064663189709,-2.81,0.107690825150092,0.0786337938643051,18.6657733917236,18.8958871916925,0.169750429833654,1.11050984977824,174.699996948242,-49.8946686689067,-109.792749890942,-174.699996948242,4.27378797531128,18.8199996948242,7.19066333770752,16.0695819854736,37.8300018310547,991.276801375981
6.725,-0.0186215219352481,-0.0358790019521527,0.481,0.00145429795898194,0.0212578451845597,-9.588379928856,-0.0404653595255932,-0.0424120763858421,0.00171382398337178,-0.0586960514102596,-0.00198892274010641,-2.61593506188689,-0.0805676045937932,-0.0359194828515794,-0.00271206609521385,15.3185197796693,10.7683783006439,-0.241230184333454,-7.86493346787025,-16.97371481794,-0.842044115798233,7.51851517557229,-6.20068162484529,-2.81,0.107577244123995,0.0786400239063241,18.6657733917236,18.8833679916247,0.169750429833654,1.11050984977824,174.699996948242,-49.8946686689067,-109.792749890942,-174.699996948242,4.27378797531128,18.8199996948242,7.07000017166138,16.0879993438721,37.8300018310547,991.276269849443
6.75,-0.0193033360116067,-0.0345186193262957,0.481,-0.0295681512294329,-0.027902591155766,-9.37797167595516,-0.032569341006244,-0.0592735531813938,0.00194512830919021,-0.0596908507417458,-0.00290795272886462,-2.61595315178364,-0.0658050454158481,-0.0483482705431151,0.00118309537795664,15.3049602508402,10.7650221041182,-0.231140484011479,-7.85599355320794,-16.9640218035957,-0.828410915179083,7.51845767055697,-6.20071935476634,-2.81,0.107519790221559,0.0784030367677903,18.6657733917236,18.8719136639076,0.16975021420691,1.1105098048298,174.732421875,-50.1817475498258,-110.405301728317,-174.732421875,4.27369356155396,18.8055934906006,7.05919456481934,16.0973663330078,37.8300018310547,991.276123046875
6.775,-0.0193940716200662,-0.0348349341241812,0.481,-0.109011870951543,-0.0707051905879817,-9.12283044052222,-0.0280051465741318,-0.0490685686149616,0.00900308357479768,-0.0602982249277078,-0.00379395026824971,-2.61588295732867,-0.0517691080994962,-0.0537767981681701,0.00394912545553456,15.2999499256429,10.7579973496866,-0.22701114036134,-7.85476613853502,-16.9561177634968,-0.816840290537479,7.51839349372749,-6.20076116641783,-2.81,0.107298787872868,0.077971985399515,18.6564416885376,18.8675493436954,0.169749916301541,1.11050974273,174.777206420898,-50.5783696867061,-111.251590450982,-174.777206420898,4.27356338500977,18.7856864929199,7.03999996185303,16.1140003204346,37.8300018310547,991.276123046875
6.8,-0.0205293676602652,-0.0339265130643845,0.481,-0.0801681087737501,0.0788362369413909,-9.2036669349943,-0.0197962137328338,-0.0351720334438143,0.0133408565133634,-0.0611152337364592,-0.00472932057044886,-2.61574538508352,-0.0402647188235277,-0.0489638021431874,0.00732996465298274,15.2950317566313,10.7455421010794,-0.216277745798185,-7.85509535897733,-16.9442965418124,-0.799836952294244,7.51832931689801,-6.20080297806933,-2.81,0.107316539030194,0.0772174533519232,18.6471099853516,18.8628098568947,0.169749618396171,1.11050968063019,174.821990966797,-50.9749918235865,-112.097879173726,-174.821990966797,4.27343273162842,18.7657814025879,7.03999996185303,16.1140003204346,37.8300018310547,991.276123046875
6.825,-0.0205313177514482,-0.0327013989673041,0.481,-0.0650301432758393,0.0421168855950008,-9.33075172103667,0.000816939981263122,-0.0252045307357902,0.0129030212989907,-0.0600119050026064,-0.00587879013082651,-2.61533430816531,-0.0251374323813399,-0.00862579283795154,0.0133103051205459,15.2858741616141,10.7228043452788,-0.187369780923873,-7.85083314465373,-16.9259568300861,-0.740265943769516,7.5182804183321,-6.20083496926256,-2.81,0.109233068611741,0.0761083876855854,18.6471099853516,18.8552828062851,0.169749320490801,1.11050961853038,174.866790771484,-51.371613961885,-112.944167896391,-174.866790771484,4.27330255508423,18.7458763122559,7.03999996185303,16.1140003204346,37.8300018310547,991.276123046875
6.85,-0.0205269689960421,-0.0354334361147107,0.481,-0.0995470442517959,0.0472211511610692,-9.5093574016424,0.021496631936321,0.00309992425365651,0.0184786400539486,-0.0570585887715772,-0.00649750784510647,-2.61491750063726,0.00696135646613273,0.021289626567855,0.0179503846211535,15.2848838204112,10.7088592010019,-0.18630286850931,-7.8488858373826,-16.9189453757284,-0.697370800951616,7.51823172513651,-6.20086682844926,-2.81,0.110643532854621,0.0756549609982473,18.6471099853516,18.8544082924551,0.169749232537787,1.11050960019615,174.880004882812,-51.4887119259853,-113.194024566933,-174.880004882812,4.27326393127441,18.7399997711182,7.03999996185303,16.1140003204346,37.8300018310547,991.273725609079
6.875,-0.0200255300632407,-0.036281236623521,0.481,0.00646783135953091,0.124690240363851,-9.80832888253767,0.0375614643357093,0.0121756917206973,0.0183403092658182,-0.0564045432242879,-0.00629628422650045,-2.61460737099696,0.0403434693189027,0.0310663938956753,0.0195597904103613,15.2867763613504,10.6943513714038,-0.213036374465622,-7.85303722645813,-16.9089458254255,-0.71932236620274,7.51818303194092,-6.20089868763596,-2.81,0.109594141259686,0.0749232835506481,18.629002571106,18.8496052665779,0.169749232537787,1.11050960019615,174.880004882812,-51.4887119259853,-113.194024566933,-174.880004882812,4.27326393127441,18.7399997711182,7.10966825485229,16.0906620025635,37.8300018310547,991.270323839233
6.9,-0.0192534042537657,-0.0377827339709325,0.481,-0.0532258232607016,0.0347578546272234,-9.86062517533672,0.0528577758559158,0.00881539383816262,0.0165515577586819,-0.0566615551518644,-0.00607367272737616,-2.61454006246981,0.0445064153080258,0.0311354605741158,0.0194733519656905,15.2820577726795,10.6615050493938,-0.20314304541275,-7.86395356720277,-16.8789522628132,-0.713758772427654,7.51813614453684,-6.20092939680624,-2.81,0.110065691155177,0.073159769754406,18.6108951568604,18.8420562442411,0.169749232537787,1.11050960019615,174.880004882812,-51.4887119259853,-113.194024566933,-174.880004882812,4.27326393127441,18.7399997711182,7.23999977111816,16.0470008850098,37.8300018310547,991.266922069387
6.925,-0.0192522517713846,-0.0385067628903511,0.481,-0.0240318544718761,0.0578584533978842,-9.98056034522993,0.0422933051669274,0.0141870874913128,0.0183191802902018,-0.0572169558212887,-0.00507667240869025,-2.6142585310134,0.0519273029326447,0.020291859669571,0.0173789590874808,15.2790976611657,10.6670237439961,-0.177592580828241,-7.85265556642258,-16.8849000112122,-0.709726838777697,7.51819918919339,-6.20089009586023,-2.81,0.111369453221937,0.0733465468657529,18.6108951568604,18.8367298420223,0.169749232537787,1.11050960019615,174.880004882812,-51.4887119259853,-113.194024566933,-174.880004882812,4.27326393127441,18.7399997711182,7.23999977111816,16.0470008850098,37.8300018310547,991.263520299541
6.95,-0.0185782125461592,-0.037621666796767,0.480745776561149,0.0346890037508611,0.103214321392243,-10.0940279779307,0.0453596385321982,0.00932213231687687,0.0157843001089136,-0.0584356053198056,-0.00354913458567607,-2.6139179297694,0.0275044833793536,0.00695720662875853,0.0150974989975116,15.2776167447702,10.6409923003586,-0.197096659365948,-7.8589131126587,-16.8620561830227,-0.763991883316159,7.51826223384994,-6.20085079491421,-2.81,0.110060459449635,0.071789733855237,18.6108951568604,18.8229904950898,0.169749029450945,1.11050955791121,174.903884887695,-51.7587795072797,-113.770953088982,-174.903884887695,4.27388906478882,18.7178192138672,7.23999977111816,16.0470008850098,37.8300018310547,991.25711941832
6.975,-0.0174890888758151,-0.0357436278429372,0.480206228850611,0.00159622700925859,0.0155985485281789,-10.1218368279384,0.0379161553277578,0.0060871463134035,0.0130817770116163,-0.0574434951962422,-0.00318527399244054,-2.61365494322188,0.0402547282491747,0.00214629722088514,0.0134529866249353,15.2762554624526,10.6508719103281,-0.158052767393949,-7.84642256153786,-16.8743710855881,-0.720616078969704,7.51832527850649,-6.2008114939682,-2.81,0.112705633796509,0.072378542500022,18.5946092605591,18.8246082486056,0.169748733282632,1.11050949624567,174.938720703125,-52.1526280641022,-114.612307183515,-174.938720703125,4.27480125427246,18.685474395752,7.23999977111816,16.0470008850098,37.8300018310547,991.249343944387
7,-0.0173476509691792,-0.0384206800868704,0.479666678672869,0.00262274607035105,0.0871140457684932,-10.1477508568328,0.0317171230720247,0.00241437591103645,0.0146569734585617,-0.0568456566413749,-0.00319302143487268,-2.61357125299101,0.0409748560911965,0.00356208538501359,0.0132569098808799,15.2695652737699,10.6295826127858,-0.161414353954367,-7.84979877373922,-16.8535236153333,-0.716313984804168,7.51838832316304,-6.20077219302218,-2.81,0.112863659916335,0.0713345103512628,18.5783233642578,18.8161050337515,0.16974843711432,1.11050943458012,174.973556518555,-52.5464766195066,-115.453661278127,-174.973556518555,4.2757134437561,18.6531276702881,7.23663473129272,16.05810546875,37.8300018310547,991.241568470453
7.025,-0.0173476509691792,-0.0384206800868704,0.479127140127228,0.0636595166701868,0.103114269216987,-10.2165171668468,0.0393238408606219,-0.00489526342115659,0.011405720219952,-0.0546288365540003,-0.00328651985714298,-2.61324184498446,0.0214344016939097,0.010778395159681,0.0121024080231564,15.2705420919746,10.6241786395138,-0.198306926628717,-7.84807881610263,-16.8516986552673,-0.727917929798274,7.51847069786545,-6.20072135455259,-2.81,0.111990813229794,0.0712722789673708,18.5783233642578,18.8124753068975,0.169748140946008,1.11050937291458,175.008392333984,-52.9403251763292,-116.29501537266,-175.008392333984,4.27662563323975,18.6207828521729,7.23000001907349,16.0799999237061,37.8300018310547,991.23379299652
7.05,-0.0173476509691792,-0.0384206800868704,0.478587585981703,0.01065782295863,0.0709532452969743,-10.1859893329866,0.0424754714362087,-0.0110823241291768,0.0101058111401113,-0.0528489496291781,-0.00331416106481723,-2.61301360194117,0.0137172346315606,0.0196745585654724,0.0113209401747262,15.2646017621463,10.6255790104762,-0.192166423308069,-7.83749000055073,-16.8531313495143,-0.702594055142942,7.51855857148199,-6.20066723394639,-2.81,0.113231305353936,0.0715436191052591,18.5783233642578,18.8075617584128,0.169748042223237,1.1105093523594,175.020004272461,-53.0716080276579,-116.575466737557,-175.020004272461,4.27692937850952,18.6100006103516,7.23000001907349,16.0799999237061,37.8283424377441,991.227566542784
7.075,-0.016844733667447,-0.0419030994225038,0.478048046042807,0.0616475503336588,0.084547544698284,-10.1640129837115,0.0474331165497621,-0.0153527478857213,0.0103564320820421,-0.0501796418006681,-0.00396207254857992,-2.61275107793629,0.0343580934702923,0.0124216169434468,0.00978990426634442,15.2597945786818,10.6149133392904,-0.237776775085575,-7.83489574364126,-16.8435553503094,-0.709440220397449,7.51864644509853,-6.20061311334018,-2.81,0.112041109176689,0.0712958675549324,18.569935798645,18.7993571323213,0.169748042223237,1.1105093523594,175.020004272461,-53.0716080276579,-116.575466737557,-175.020004272461,4.27692937850952,18.6100006103516,7.23000001907349,16.0799999237061,37.825855255127,991.222114599146
7.1,-0.0173607053774495,-0.0446094471852795,0.477508500852509,0.0541024811487334,0.0732509941099277,-10.0042924012629,0.0378330915839115,-0.0390567768029063,0.0051548006104144,-0.0537028685679446,-0.00346078430143908,-2.61286674277788,0.0242150996195209,-0.034071540615407,0.00612416398021483,15.2510369797686,10.6029248741903,-0.289292235836928,-7.8380717125239,-16.8230818198289,-0.805223420164936,7.51873410303538,-6.20055912577243,-2.81,0.107718316042781,0.0703095626562715,18.5615482330322,18.7800053881141,0.169748042223237,1.1105093523594,175.020004272461,-53.0716080276579,-116.575466737557,-175.020004272461,4.27692937850952,18.6100006103516,7.22672986984253,16.0757484436035,37.8233642578125,991.216662655509
7.125,-0.0185242525161625,-0.0408691313341158,0.477071310982622,-0.0455736830161517,0.0790300395287596,-9.62417788941488,0.0347860506772509,-0.048614574362658,0.00442367637903262,-0.050647595617904,-0.00514645734590362,-2.61272603385742,0.0222378629532826,-0.0365089609212907,0.00299702759099284,15.2377660854262,10.6059547427506,-0.276601607368424,-7.82205211944989,-16.8234342269263,-0.73475246275958,7.51877740500233,-6.20053249845062,-2.81,0.109650764317507,0.0708590752044642,18.5615482330322,18.7748167493581,0.169748042223237,1.1105093523594,175.020004272461,-53.0716080276579,-116.575466737557,-175.020004272461,4.27692937850952,18.6100006103516,7.21999979019165,16.0669994354248,37.8208770751953,991.211210711872
7.15,-0.0195398746934615,-0.0425674922058317,0.477,-0.0216414921133588,0.129980192581561,-9.40881189584259,0.0400568655870794,-0.043527377060708,0.00180318353543444,-0.0510539019314395,-0.00565377005854587,-2.61281126086966,0.0223923285759833,-0.042266130457215,0.000119872172683544,15.2347039960272,10.5957574087324,-0.299473400851517,-7.82718576958367,-16.8113988121617,-0.753656510597265,7.51882070696928,-6.20050587112881,-2.81,0.108150893890626,0.0703015945343691,18.5615482330322,18.7701761401132,0.169747850700235,1.11050931270486,175.039337158203,-53.3248756301723,-117.119544735212,-175.039337158203,4.27667617797852,18.6035556793213,7.21999979019165,16.0669994354248,37.8199996948242,991.215583982061
7.175,-0.0187425324711175,-0.0453569253545782,0.477,-0.0679769440871614,0.0994480290880699,-9.28543223906616,0.031547540230345,-0.0394277030206725,-0.00249781076764668,-0.0485863088634975,-0.00631848357864415,-2.6127219331988,-0.0173354725277688,-0.00841536413341397,-0.0014822040902485,15.2319078773207,10.5947572123333,-0.264239867169151,-7.82197637975587,-16.8131190098612,-0.682228226958071,7.51886400893623,-6.20047924380701,-2.81,0.111126232248357,0.0705275717713963,18.5472822189331,18.774901314082,0.169747554966187,1.11050925147358,175.069183349609,-53.7159506055189,-117.959665172751,-175.069183349609,4.27628517150879,18.5936012268066,7.21999979019165,16.0669994354248,37.8199996948242,991.225303324478
7.2,-0.0186302716849991,-0.046062549304001,0.477,-0.134316259664928,0.0930231612153512,-9.1775150875769,0.0408034371346291,-0.0275546474768076,-0.00310924991933482,-0.0472271480746089,-0.00750188714767333,-2.61297972800732,-0.00661955325181097,0.00486830460553816,-0.00328605374215909,15.2320869242561,10.6040468021544,-0.338216287416827,-7.82409423580996,-16.8177231688442,-0.724160004924542,7.51890731090318,-6.2004526164852,-2.81,0.107623153326427,0.0712516489181447,18.533016204834,18.7745801265831,0.169747259232139,1.1105091902423,175.099060058594,-54.1070255808655,-118.799785610291,-175.099060058594,4.27589464187622,18.5836486816406,7.18824672698975,16.0698585510254,37.8199996948242,991.235022666895
7.225,-0.0200557818024924,-0.0471228137713954,0.477,-0.0993584267584935,0.172169437055879,-9.27649388003184,0.0435630989542734,-0.0191206749295114,-0.00509285067943449,-0.0484306102166146,-0.00787485313800931,-2.61339798818834,0.0610469573608454,-0.0295298830283303,-0.00734324056179011,15.2158456032949,10.5968773036863,-0.31514616109794,-7.82081861683153,-16.8002588368045,-0.707942296052077,7.51895694445838,-6.2004222376865,-2.81,0.108256026388642,0.0708370661017215,18.533016204834,18.7638987630363,0.169746963498092,1.11050912901102,175.12890625,-54.4981005547939,-119.63990604783,-175.12890625,4.27550363540649,18.5736961364746,7.11999988555908,16.076000213623,37.8199996948242,991.244742009312
7.25,-0.0194842125591237,-0.0476943830147642,0.477,-0.0471333173710126,0.156471375606435,-9.45667894731247,0.0547347429507835,-0.0189001601856259,-0.0112195546210524,-0.0464363722185122,-0.00789438054485643,-2.61370112263474,0.00399214635994924,0.00838636661637569,-0.0115231152000747,15.2119552427957,10.5869319535658,-0.284659957993377,-7.82567810801354,-16.7897761569713,-0.655683260800952,7.51902500607494,-6.20038094022984,-2.81,0.110859738069119,0.0705952660286701,18.533016204834,18.7679590080716,0.169746853654017,1.11050910626797,175.139999389648,-54.6433569739247,-119.95195078178,-175.139999389648,4.2753586769104,18.5699996948242,7.11999988555908,16.076000213623,37.8215637207031,991.245612411137
7.275,-0.0186013092771808,-0.048577286296707,0.477,-0.0853849267888115,0.0832609844315281,-9.33980746164542,0.0479716346050555,-0.0083289354016319,-0.0138028241795414,-0.0460411194432361,-0.00823840014862586,-2.61420080761385,0.0583464548444,-0.0129073123348176,-0.0133340036773642,15.2118462790935,10.6003425730788,-0.308620814746527,-7.82797072894993,-16.7968938579919,-0.670826119607506,7.5190930676915,-6.20033964277317,-2.81,0.109689946525464,0.0714382568667264,18.5269460678101,18.7721973488669,0.169746853654017,1.11050910626797,175.139999389648,-54.6433569739247,-119.95195078178,-175.139999389648,4.2753586769104,18.5699996948242,7.13552093505859,16.0722732543945,37.8240547180176,991.241253893522
7.3,-0.0186687779762683,-0.048689925559348,0.477,-0.0622139088591475,0.195730675365038,-9.47078553862813,0.0589998862654857,-0.00593489457205687,-0.016279141149956,-0.04564586666796,-0.0085824197523953,-2.61470049259295,0.112700763328851,-0.034200991286011,-0.0151448921546538,15.2096662812556,10.6093133740344,-0.327520542701556,-7.83055899507187,-16.7993367862593,-0.680718538056291,7.51916112930806,-6.20029834531651,-2.81,0.108800940609356,0.0720508845852969,18.5208759307861,18.7746468226051,0.169746853654017,1.11050910626797,175.139999389648,-54.6433569739247,-119.95195078178,-175.139999389648,4.2753586769104,18.5699996948242,7.17000007629395,16.0639991760254,37.8265419006348,991.236895375907
7.325,-0.0205009987643471,-0.0517488254841355,0.477,-0.0368722354393972,0.113328379269764,-9.55852772727953,0.0696053369018033,-0.00996844027733853,-0.0214515816211498,-0.0447937013559574,-0.00832129146183208,-2.61484719816495,0.0665153146644551,-0.0100352998648357,-0.0179065412583558,15.1767046323819,10.5871480536837,-0.268522879858775,-7.81333884124328,-16.7649762699196,-0.616018479542825,7.51919685140662,-6.20027742094806,-2.81,0.112591705314467,0.071097744224346,18.5208759307861,18.7486817522713,0.169746853654017,1.11050910626797,175.139999389648,-54.6433569739247,-119.95195078178,-175.139999389648,4.2753586769104,18.5699996948242,7.17000007629395,16.0639991760254,37.829029083252,991.232536858292
7.35,-0.0191550629295974,-0.0517509678948793,0.477,-0.0744824858132335,0.111431539713985,-9.59525270812021,0.0730942532152126,-0.00405033486233724,-0.0222152767934097,-0.0428639563941045,-0.00855722942167936,-2.61549572808634,0.0918759751805672,-0.0103484527123334,-0.0206288553365627,15.1742502855149,10.6153146096488,-0.303432013047812,-7.80823940324368,-16.7830768525335,-0.62815265612751,7.51922462010134,-6.20026150702528,-2.81,0.111620348631,0.0729505593061191,18.5208759307861,18.7533354861482,0.169746674191157,1.11050906868136,175.156677246094,-54.8834170449258,-120.461768361344,-175.156677246094,4.27490901947021,18.566967010498,7.17000007629395,16.0639991760254,37.828483581543,991.227447075867
7.375,-0.0194521505996703,-0.0542417791027343,0.47692577792973,0.00945035448272828,0.143382054083492,-9.72192922467191,0.0795894257495587,-0.00840859787520173,-0.0226888521378491,-0.0406976433056253,-0.00870789984046788,-2.61661199914003,0.145096858603841,-0.034906007448364,-0.0227689686352309,15.1677799191442,10.6037223771466,-0.296597381161835,-7.82607923352801,-16.7626400829043,-0.595673749007118,7.51925238879606,-6.20024559310249,-2.81,0.112998479286774,0.0727852290647862,18.5038919448853,18.7602404223168,0.169746379759902,1.11050900701582,175.184051513672,-55.2772656017484,-121.298187827746,-175.184051513672,4.274169921875,18.5619888305664,7.17000007629395,16.0639991760254,37.8259963989258,991.221888826922
7.4,-0.0198161435319093,-0.0573821777628125,0.476561960214934,0.0025622531830358,0.154785029246988,-9.81717845288811,0.0753952871330817,-0.0229723792446904,-0.0275280835562007,-0.0400461875724811,-0.00779550270723629,-2.61745431016791,-0.0146482391202505,0.00994656862071764,-0.0312455144155091,15.1383291771371,10.6130055826026,-0.304648004938926,-7.80951665014883,-16.7491942615373,-0.611268728924606,7.51923903862337,-6.20025537900222,-2.81,0.113205953740485,0.0736019907685612,18.4869079589844,18.7372698575841,0.169746085328648,1.11050894535027,175.21142578125,-55.6711141585709,-122.134607294226,-175.21142578125,4.27343225479126,18.557014465332,7.11625576019287,16.0762405395508,37.8235092163086,991.216330577977
7.425,-0.019133400963441,-0.0565599600491294,0.47618842971085,-0.0683677654566048,0.0821250974292233,-9.83246416964325,0.0898342879326774,-0.0114252139472083,-0.0302551306498104,-0.0366893250448456,-0.00880007577879387,-2.6184324152346,0.0933592383422847,-0.01105984990088,-0.0322246964498343,15.122937060801,10.6478536910254,-0.345946979056466,-7.79530558398481,-16.7651149253409,-0.603179305974866,7.51919776563086,-6.20028261702452,-2.81,0.112499208076672,0.0760961239387877,18.4869079589844,18.7355211329659,0.169745790897393,1.11050888368473,175.238800048828,-56.0649627139753,-122.971026760706,-175.238800048828,4.2726936340332,18.552038192749,6.98999977111816,16.1049995422363,37.8210182189941,991.210772329032
7.45,-0.0187876052145724,-0.0616589007556986,0.475814900986315,-0.028103605904299,0.0573981948635013,-9.9960817267923,0.0870351222210673,0.00610043937196737,-0.029747727328865,-0.035030533440575,-0.00851762092886647,-2.61932769214274,0.0920709326692262,0.0022801510651226,-0.0333947875346763,15.112771982316,10.6639962970135,-0.366277886720117,-7.79308357057808,-16.767397977918,-0.610792120601596,7.51915649263836,-6.20030985504682,-2.81,0.112302064612103,0.0773459314334034,18.4869079589844,18.7340482129972,0.169745670320784,1.11050885843122,175.25,-56.2262530755974,-123.313560446958,-175.25,4.2723913192749,18.5499992370605,6.98999977111816,16.1049995422363,37.8199996948242,991.207931156972
7.475,-0.0182969763869372,-0.0665220728002215,0.475441365208625,0.0586341697583725,0.0889006056299676,-10.220296826646,0.0844621795764011,0.00403056463782576,-0.0333637379395108,-0.032749164681534,-0.00881915221972742,-2.62019143495361,0.152817438909348,-0.0163741179416461,-0.0312173926458856,15.103562649726,10.6754816728066,-0.375246161473126,-7.79322482551973,-16.7672375023206,-0.591368499332813,7.51911521964585,-6.20033709306912,-2.81,0.112892635938253,0.0784132785294736,18.4884843826294,18.7363141426902,0.169745670320784,1.11050885843122,175.25,-56.2262530755974,-123.313560446958,-175.25,4.2723913192749,18.5499992370605,6.98999977111816,16.1049995422363,37.8199996948242,991.206974409203
7.5,-0.0185708651483825,-0.06770333111545,0.475067832957513,0.017529551015211,-0.0952756997002302,-10.5220921034387,0.0644297888927732,-0.00303432166444577,-0.0335503023298109,-0.0306296439609822,-0.00867232107167351,-2.62111164322914,0.152721691496558,-0.0168008430831088,-0.0318859307378592,15.0981279958379,10.6638751323052,-0.374755212638185,-7.80869412480985,-16.7484719600175,-0.570198522594484,7.51911573851398,-6.20033807029204,-2.81,0.113969243338672,0.0782235607212762,18.4900608062744,18.740906979652,0.169745670320784,1.11050885843122,175.25,-56.2262530755974,-123.313560446958,-175.25,4.2723913192749,18.5499992370605,6.96398115158081,16.1096248626709,37.8199996948242,991.206017661434
7.525,-0.0185649264926595,-0.0714341981169045,0.474694297997911,0.0601300907157319,-0.0147328625679665,-10.4680618059089,0.0322948102931582,-0.0123753437834875,-0.0298016513352953,-0.0299420567557207,-0.00889751098795953,-2.62175682147521,0.125699595321802,-0.0240648924383051,-0.0302331396964388,15.0852911954742,10.6779014256935,-0.401584324383691,-7.8018190037181,-16.7490929334129,-0.586826567043982,7.51914559580011,-6.20032061209961,-2.81,0.112875986843895,0.0792171968636837,18.4900608062744,18.733687673803,0.169745670320784,1.11050885843122,175.25,-56.2262530755974,-123.313560446958,-175.25,4.2723913192749,18.5499992370605,6.90000009536743,16.121000289917,37.8199996948242,991.205060913665
7.55,-0.0189046646611164,-0.0717739362853614,0.474320768420034,0.121665728412281,-0.102749323344021,-10.3660428100095,0.0137930840237757,-0.0368792764294925,-0.0283129597607552,-0.0292596639424427,-0.00912405042446677,-2.62240100203964,0.0985798228173401,-0.0313537444409048,-0.0285719279474136,15.0692074387493,10.688430846817,-0.423956652901862,-7.79373980273417,-16.7452138064617,-0.598949502002572,7.51917545308625,-6.20030315390719,-2.81,0.112035308024722,0.08003658914019,18.4900608062744,18.7234948288772,0.169745502074353,1.11050882344192,175.268493652344,-56.4497244900811,-123.79151442777,-175.268493652344,4.27321004867554,18.5428905487061,6.90000009536743,16.121000289917,37.8199996948242,991.203479351026
7.575,-0.0182103921014976,-0.0650726636801635,0.47394723356763,0.0719518998864023,-0.139632262229712,-10.1863851427832,-0.0474774133400672,-0.061520611929851,-0.0233503910858788,-0.0306060414328086,-0.0102329709547128,-2.62355951684629,-0.0114664472557592,-0.0468264715192817,-0.0238926044134973,15.0283957191346,10.7692965035427,-0.495268051644823,-7.74058406464638,-16.7841934200752,-0.670764556866131,7.51920531037238,-6.20028569571476,-2.81,0.107528536540655,0.0845451299267144,18.4729461669922,18.6937583906734,0.169745207643098,1.11050876221064,175.300842285156,-56.8407994654277,-124.62793389425,-175.300842285156,4.2746434211731,18.5304489135742,6.90000009536743,16.121000289917,37.8199996948242,991.201429177235
7.6,-0.0198413510115625,-0.0672882905994387,0.473573702136291,-0.00101902271751931,-0.0408488679806611,-10.0047628547529,-0.0632182885223321,-0.0716741668431844,-0.0158420743397485,-0.0356679599014845,-0.0107447074148416,-2.62432819831078,-0.120983961727204,-0.0583778643337188,-0.0229571105673204,15.0116042697336,10.7516316799801,-0.530619332678144,-7.75150365069537,-16.7503902198111,-0.75234436700505,7.51921629867824,-6.20027972583545,-2.81,0.103106601315604,0.0831581072368394,18.45583152771,18.6744120633365,0.169744913211844,1.11050870097936,175.33317565918,-57.2318744393562,-125.464353360651,-175.33317565918,4.2760763168335,18.518009185791,6.92796182632446,16.1170845031738,37.8199996948242,991.199379003443
7.625,-0.0207579605165741,-0.0599994655489581,0.47320017084637,0.0391374686061415,-0.0833764364536835,-9.82493206477258,-0.118871545715561,-0.0865545843285681,-0.0123126092863863,-0.0362392596981674,-0.0136366139986461,-2.62469017143732,-0.0953830373257623,-0.076734012838948,-0.0134158929451946,14.9959590231823,10.7951193513381,-0.525424746102403,-7.7245217435506,-16.7784030514342,-0.711628326763158,7.51921418260912,-6.20028173450935,-2.81,0.102586042038099,0.0855150471195354,18.45583152771,18.6727421462707,0.169744618780589,1.11050863974808,175.365524291992,-57.6229494132846,-126.300772827131,-175.365524291992,4.27750968933105,18.5055675506592,7,16.1070003509521,37.8199996948242,991.197328829652
7.65,-0.0220093104601563,-0.0587540364487401,0.473,0.0125859114243347,0.00449359123253087,-9.48685736935681,-0.119677785716399,-0.0922243303028494,-0.00825907005644898,-0.0396368994157819,-0.0152515407012881,-2.62498025155355,-0.141328425178386,-0.0733699129151504,-0.00956354003237652,14.9849082010546,10.793688288249,-0.525724545836715,-7.72353199288784,-16.7675248544475,-0.724383024605052,7.51921206654,-6.20028374318324,-2.81,0.100615751815295,0.0851017330546714,18.45583152771,18.6643411170304,0.169744486987551,1.1105086123398,175.380004882812,-57.7980020218641,-126.675170112136,-175.380004882812,4.27815103530884,18.5,7,16.1070003509521,37.8199996948242,991.198533478506
7.675,-0.023627937394912,-0.0584221188339269,0.473,-0.0418324345855065,-0.0437468496528159,-9.1832378301856,-0.12154341112987,-0.088457150913129,-0.000339785093120616,-0.0405237257708736,-0.0179616242711771,-2.62503055778218,-0.0922543606555777,-0.0755339826845509,-0.00117717099092248,14.9802823014315,10.8034507987806,-0.516172295525754,-7.71742981914377,-16.773877526777,-0.684215268904782,7.51920995047088,-6.20028575185714,-2.81,0.100161976503604,0.085528467451172,18.439866065979,18.6674849729312,0.169744486987551,1.1105086123398,175.380004882812,-57.7980020218641,-126.675170112136,-175.380004882812,4.27815103530884,18.5,7,16.1070003509521,37.8199996948242,991.202375656056
7.7,-0.0243701078125588,-0.0591473876209679,0.473,-0.0422083239603987,0.0839895495746395,-8.96320062714474,-0.120050448355837,-0.0904725061218413,0.00354407502900695,-0.0437049932373291,-0.0197944700608381,-2.62508727760399,-0.111223891476301,-0.067982085524678,0.00381012751708023,14.9787176912143,10.7807594994606,-0.531582720447416,-7.7319798445553,-16.7507672039918,-0.705425409274311,7.51920783440177,-6.20028776053103,-2.81,0.0974024817539979,0.0839466715713708,18.423900604248,18.6638842772234,0.169744486987551,1.1105086123398,175.380004882812,-57.7980020218641,-126.675170112136,-175.380004882812,4.27815103530884,18.5,6.95137405395508,16.1083507537842,37.8199996948242,991.206217833605
7.725,-0.0263953352795842,-0.0513116283097801,0.473,-0.0779114426275937,-0.0295116437396358,-8.5925347238183,-0.0949489056048107,-0.0845384129247363,0.00642860413057258,-0.0501177589135443,-0.0208484207830679,-2.62511446245538,-0.115128180249269,-0.0734213516060482,0.00650288507353781,14.9663748740067,10.7788792470522,-0.468420294606837,-7.72509493251604,-16.7402235513708,-0.695597583359976,7.51918193226816,-6.20030505718102,-2.81,0.0974667340477419,0.0831107574958069,18.423900604248,18.653379226667,0.169744486987551,1.1105086123398,175.380004882812,-57.7980020218641,-126.675170112136,-175.380004882812,4.27815103530884,18.5,6.82000017166138,16.1119995117188,37.8199996948242,991.210060011154
7.75,-0.02685916983052,-0.0460664586527033,0.473,-0.197547171278511,-0.265346567502558,-8.39583769081558,-0.128553233750651,-0.0583209869706061,0.0155003376055894,-0.0519098941007707,-0.0221476972227128,-2.62467798401613,-0.122037173379355,-0.0269547128830766,0.0169964278779382,14.9631477655532,10.7973892192909,-0.433131235102084,-7.70632887346146,-16.7583517934113,-0.661171789917776,7.51906800301376,-6.20037893135012,-2.81,0.0982451308363227,0.0838241845630502,18.423900604248,18.6521034652569,0.169744329957549,1.11050857991472,175.395935058594,-58.0050960978388,-127.121260494274,-175.395935058594,4.27787303924561,18.5053100585938,6.82000017166138,16.1119995117188,37.8186721801758,991.21003065064
7.775,-0.0268582259998511,-0.04665940541728,0.473,-0.244877917105424,-0.203375788738687,-8.51133522380615,-0.240992501601633,0.0101586196931504,0.0229058845615833,-0.0597664795426947,-0.0210005995245762,-2.62427139940382,-0.213161308413157,0.0270495431738518,0.0244529367696321,14.9823041797064,10.8123985188525,-0.480718424266746,-7.71593634692307,-16.7754394351509,-0.810831989364713,7.51895407375937,-6.20045280551923,-2.81,0.0919607375361342,0.0836004982330309,18.3902997970581,18.6528523577987,0.169744035526294,1.11050851911771,175.42578125,-58.3933974902913,-127.957679960754,-175.42578125,4.27735233306885,18.5152606964111,6.82000017166138,16.1119995117188,37.8161849975586,991.206613694322
7.8,-0.0266884211940646,-0.0457545226936732,0.473109961818552,-0.213151924583657,-0.197616563225352,-8.86334622186426,-0.344363417427771,0.127796793055866,0.0280523892096625,-0.0676230649846187,-0.0198535018264395,-2.62386481479151,-0.304285443446958,0.0810537992307802,0.0319094456613261,15.0143149961114,10.8249713022348,-0.529725417927618,-7.73839699652869,-16.7953175327481,-0.961659198125681,7.51884014450497,-6.20052667968833,-2.81,0.0855328925976506,0.0832142131772266,18.3566989898682,18.6667951753291,0.169743741095039,1.11050845832069,175.455642700195,-58.7816988855801,-128.794099427155,-175.455642700195,4.27683115005493,18.5252151489258,6.72876787185669,16.1088714599609,37.8136978149414,991.203196738004
7.825,-0.0224512198966817,-0.0231746538101785,0.473707508909776,-0.187831344057309,-0.119039403771518,-9.67363613978732,-0.411990333678329,0.273809640278191,0.0383554383755597,-0.0718926854226671,-0.0160784593841423,-2.62349728447565,-0.312733311443255,0.12445724684196,0.0373098809607837,15.0403174460445,10.8025590786391,-0.198384931108091,-7.74956353535008,-16.8034042094454,-0.731888032238237,7.51881279792228,-6.20054526733131,-2.81,0.10177369025531,0.0812429676980074,18.3566989898682,18.7046112750668,0.169743446663785,1.11050839752368,175.485488891602,-59.1700002780325,-129.630518893714,-175.485488891602,4.27630996704102,18.5351676940918,6.46999979019165,16.1000003814697,37.8112106323242,991.199779781685
7.85,-0.0224512198966817,-0.0231746538101785,0.474516843226741,-0.0438599194464982,-0.0416186171582932,-10.9681964801023,-0.426270634081574,0.381474067670625,0.0513532156220424,-0.0849432139564275,-0.0045220790164051,-2.62237307315632,-0.33832597553592,0.25720269132826,0.0538243803251308,15.063984108581,10.8071039870334,-0.210029838263335,-7.74860152403103,-16.8107399849625,-1.05802737339794,7.51880917366281,-6.20054870731465,-2.81,0.0969008221615178,0.0798014870531878,18.3566989898682,18.6745654954726,0.169743303654318,1.1105083679937,175.5,-59.3586038113069,-130.036779777393,-175.5,4.27605676651001,18.5400009155273,6.5646915435791,16.0969276428223,37.810001373291,991.196675232801
7.875,-0.0224512198966817,-0.0231746538101785,0.475326146982833,0.188855645342438,0.0838140899415737,-12.3834650716029,-0.420582982511576,0.423224836887595,0.0628354102899397,-0.0979937424901875,0.00703430135133172,-2.62124886183699,-0.363918639628583,0.389948135814555,0.0703388796894774,15.0715512522183,10.8065432387409,-0.211739233062108,-7.73203860747256,-16.801952320883,-1.37398857388473,7.51880554940334,-6.20055214729799,-2.81,0.092567105911088,0.0781791851753085,18.3203897476196,18.6290112983415,0.169743303654318,1.1105083679937,175.5,-59.3586038113069,-130.036779777393,-175.5,4.27605676651001,18.5400009155273,6.84000015258789,16.0879993438721,37.810001373291,991.193865735384
7.9,0.0051058409922619,0.0146058908533263,0.476135469954417,0.330239483346491,0.0829653369512912,-13.5110715795044,-0.399213626187691,0.41978817044689,0.0711889727977661,-0.10888193866861,0.0195850551864733,-2.62010938320994,-0.469970550916551,0.469443546758607,0.0771000270812358,15.0952987114131,10.6557811058002,0.562999474238673,-7.76878179550364,-16.7504590926984,-0.893774114191525,7.51883295030583,-6.20053601416516,-2.81,0.130884138344034,0.0683441329397705,18.2840805053711,18.6730812461335,0.169743303654318,1.1105083679937,175.5,-59.3586038113069,-130.036779777393,-175.5,4.27605676651001,18.5400009155273,6.84000015258789,16.0879993438721,37.810001373291,991.191056237966
7.925,0.0139372497217497,0.0250250779251747,0.476840276481354,0.483483744966109,0.0675666322491561,-14.1773360738457,-0.364606839691632,0.388238622182873,0.0825232324146503,-0.118277668180346,0.0301205285679778,-2.61868091887207,-0.355898333148577,0.407455529376685,0.0893899637012381,15.0953370190574,10.5995553830293,0.72403622873272,-7.7591662717397,-16.7202519910095,-0.986161559779743,7.51887741466676,-6.20050911605858,-2.81,0.136892220863499,0.0640415100457617,18.2840805053711,18.638937622484,0.169743303654318,1.1105083679937,175.5,-59.3586038113069,-130.036779777393,-175.5,4.27605676651001,18.5400009155273,6.84000015258789,16.0879993438721,37.810001373291,991.188246740549
7.95,0.0202682603292841,0.0349892586367904,0.476717207934576,0.599942535346225,0.152910669095712,-14.7390466558464,-0.330931387974347,0.324758886953042,0.0942609634351547,-0.124473196785998,0.0371707714646187,-2.61762419478752,-0.382007540181958,0.382961246617988,0.0953422973181715,15.0867500224718,10.5333321021747,0.847077174751469,-7.75678122691659,-16.6749856640341,-1.02754525800714,7.51892187902769,-6.200482217952,-2.81,0.141825711144341,0.059641742847387,18.2840805053711,18.6075111911882,0.169743158701002,1.1105083378847,175.513549804688,-59.5509054536885,-130.448562744982,-175.513549804688,4.27607822418213,18.5165882110596,6.84000015258789,16.0879993438721,37.810001373291,991.180902128536
7.975,0.0237954440377009,0.0408779059278742,0.476413713149475,0.664855512730527,0.334784476007042,-14.9705442082604,-0.265198338748794,0.23731761740287,0.0998085196668035,-0.127519632841638,0.0404938387713129,-2.61664663629945,-0.261425104606418,0.313018716903582,0.0998419838733768,15.0642787642273,10.510109487924,0.910929649873093,-7.72742806525084,-16.6560676424056,-1.0425714121815,7.51896634338862,-6.20045531984542,-2.81,0.1445536474389,0.0579647841776982,18.2302961349487,18.5713805441734,0.169742866006805,1.11050827708769,175.540924072266,-59.9392068475591,-131.280047583251,-175.540924072266,4.27612209320068,18.4693145751953,6.86684799194336,16.0840950012207,37.810001373291,991.168935188185
8,0.0282207966167245,0.0528367727976832,0.476110219840675,0.656503553507893,0.327971010797019,-14.7051076845026,-0.183143790494557,0.145227988184336,0.098997163997584,-0.136652592533612,0.049467910973677,-2.61342525665917,-0.127191849951249,0.160582166675701,0.102856968449664,15.0664162889487,10.3907302486015,1.02960657177,-7.72224570124936,-16.5858842212741,-1.14001338227245,7.51901243521013,-6.20042742288315,-2.81,0.14810686646133,0.0500366239250706,18.1765117645264,18.5187072388119,0.169742573312607,1.11050821629068,175.568298339844,-60.3275082400116,-132.111532421678,-175.568298339844,4.27616500854492,18.4220390319824,6.94999980926514,16.07200050354,37.810001373291,991.156968247834
8.025,0.0282246840647443,0.0503945447559662,0.475806724272931,0.568411900881727,0.440437736206506,-14.1068139894317,-0.085010631880332,0.0535585082341536,0.0958392419977954,-0.138349359160039,0.0513147677589906,-2.61122409945499,-0.0538855657129728,0.0778397317722453,0.0980842728742319,15.0588888042996,10.3127957893663,1.04534891789831,-7.71607328179512,-16.5328806029154,-1.15875599385519,7.51909679941,-6.20037603620752,-2.81,0.148560555580058,0.0453246634618934,18.1765117645264,18.4823609095839,0.16974228061841,1.11050815549366,175.595672607422,-60.7158096338823,-132.943017259947,-175.595672607422,4.27620840072632,18.3747634887695,6.94999980926514,16.07200050354,37.810001373291,991.145001307483
8.05,0.0278836823294699,0.0507355464912405,0.475503231657502,0.506337986721181,0.414102743911695,-13.523141144815,-0.0225333635352503,-0.0212929450869337,0.0912234643294545,-0.140918092095946,0.0526073356396003,-2.60950092028911,-0.0250404120401122,0.00803741390399896,0.0920901580793021,15.0550402270072,10.2469462347481,1.01691356235327,-7.71652148429327,-16.4817113680514,-1.22341453751635,7.51918116360986,-6.2003246495319,-2.81,0.146048739585661,0.0412669869013405,18.1765117645264,18.4485989023784,0.169742127302402,1.11050812364761,175.610000610352,-60.9192056021677,-133.378556937203,-175.610000610352,4.27623128890991,18.3500003814697,6.94999980926514,16.07200050354,37.810001373291,991.141314610486
8.075,0.0265766316548926,0.06197387151592,0.475199734763359,0.412952981071733,0.587457124917389,-12.671674277417,0.0585384945597165,-0.086775459213649,0.076537894649832,-0.143987423258567,0.0529591822251305,-2.60833221981891,-0.0429742100303699,-0.0447301047476012,0.0844244467530798,15.0535117158424,10.1796001487767,0.949138331134534,-7.73103533647777,-16.4203740983043,-1.31747669333394,7.51926552780973,-6.20027326285627,-2.81,0.140944076529186,0.0371859162814096,18.1309051513672,18.4187340324724,0.169742127302402,1.11050812364761,175.610000610352,-60.9192056021677,-133.378556937203,-175.610000610352,4.27623128890991,18.3500003814697,6.90542650222778,16.0832614898682,37.810001373291,991.146736181178
8.1,0.0261480333789767,0.064702564518033,0.474896240639572,0.281676428706341,0.411716300902204,-11.8853549320974,0.135304108465434,-0.107869003245616,0.0574778084496502,-0.13943602099313,0.0495802144450327,-2.60588764153689,0.109048710495163,-0.108660447985523,0.067569737838077,15.0536750192922,10.1048235926692,0.822606240729053,-7.73746810616099,-16.3629550087304,-1.33512663860707,7.51934934004731,-6.20022222372743,-2.81,0.135855553162142,0.0332375442789779,18.085298538208,18.3909452633204,0.169742127302402,1.11050812364761,175.610000610352,-60.9192056021677,-133.378556937203,-175.610000610352,4.27623128890991,18.3500003814697,6.76000022888184,16.1200008392334,37.810001373291,991.15215775187
8.125,0.0223191270839402,0.0553703280942138,0.474592742237066,0.106723726554459,0.36698882014879,-11.1289849824093,0.150162378249435,-0.0905551825472553,0.0446404221924712,-0.133289307355881,0.0467516295611858,-2.60407638549805,0.114574775099754,-0.0756419599056244,0.0494568757712841,15.0680776955764,10.0717080777651,0.696556403612818,-7.74465111388673,-16.3451837820042,-1.35159391968964,7.51936366862131,-6.20021493545767,-2.81,0.131596082511587,0.0317606260389931,18.085298538208,18.3857958346412,0.169742127302402,1.11050812364761,175.610000610352,-60.9192056021677,-133.378556937203,-175.610000610352,4.27623128890991,18.3500003814697,6.76000022888184,16.1200008392334,37.810001373291,991.157579322562
8.15,0.0215326299260741,0.0507475630513931,0.474289249653763,0.078528935549725,0.337813563966278,-10.5610257310398,0.209153444544805,-0.0680900975673348,0.0316000338391866,-0.133230372279577,0.045735521224854,-2.60356228042887,0.196453503954234,-0.102919614024804,0.0404049960131964,15.0794189741064,10.0410593101639,0.608349281528245,-7.76545069353749,-16.3176153132871,-1.41952228901962,7.51937799719532,-6.20020764718791,-2.81,0.126603445209731,0.030037145542724,18.085298538208,18.3826373040384,0.169742127302402,1.11050812364761,175.610000610352,-60.9192056021677,-133.378556937203,-175.610000610352,4.27623128890991,18.3500003814697,6.76000022888184,16.1200008392334,37.810001373291,991.159210349711
8.175,0.0212396170423361,0.0510405759351311,0.473985754868661,0.111139599350301,0.3506485549998,-10.1026933869492,0.197948841378413,-0.0521189025099013,0.0161367368156505,-0.128801833018538,0.0441227605312332,-2.60298766300754,0.239567138704026,-0.096850459400815,0.0252676983666903,15.081638762153,10.0241118985908,0.601437719815616,-7.7688972470034,-16.3127804480684,-1.35565631964154,7.51939232576933,-6.20020035891814,-2.81,0.128188220738548,0.0294595870250091,18.038182258606,18.3878000223254,0.169742127302402,1.11050812364761,175.610000610352,-60.9192056021677,-133.378556937203,-175.610000610352,4.27623128890991,18.3500003814697,6.76000022888184,16.1200008392334,37.810001373291,991.156340106404
8.2,0.0206695889781735,0.0414681466501043,0.473682258606584,0.0654500193535008,0.34071917026602,-9.83129716167092,0.189653835169565,-0.0395514690474551,-0.000137005127141538,-0.121499936264366,0.042986384892039,-2.60263477729488,0.0908942248709032,-0.0126727567356015,-0.00114768978312963,15.0664036007799,9.98588641169763,0.458991653694486,-7.77492757487206,-16.2638115115995,-1.40144730466026,7.51940665434333,-6.20019307064838,-2.81,0.124128332639851,0.0280890426040214,17.9910659790039,18.362382643207,0.169742127302402,1.11050812364761,175.610000610352,-60.9192056021677,-133.378556937203,-175.610000610352,4.27623128890991,18.3500003814697,6.75777244567871,16.1175498962402,37.810001373291,991.153469863096
8.225,0.0218917120189212,0.0402460236093566,0.473378764605745,0.0154537036763915,0.240067512106239,-9.57107188836822,0.182506268509146,-0.0238715324399967,-0.0138125708263624,-0.118502829430185,0.0426597772065937,-2.60297451001345,0.0854252609508049,-0.00147411938247471,-0.0120883204671076,15.0690341363987,9.99893719376383,0.418833361401095,-7.77732886195838,-16.2714513185184,-1.40818463116136,7.51942437945896,-6.20018311275693,-2.81,0.123405212946999,0.029155357437292,17.9910659790039,18.3680752755836,0.169742127302402,1.11050812364761,175.610000610352,-60.9192056021677,-133.378556937203,-175.610000610352,4.27623128890991,18.3500003814697,6.75,16.1089992523193,37.810001373291,991.150599619789
8.25,0.0218971597065179,0.0368235996069207,0.47307701784753,-0.0066919405503837,0.253009764351057,-9.31481439101163,0.166231490888561,-0.00257400571301448,-0.0246916214301297,-0.115505722596003,0.0423331695211485,-2.60331424273202,0.0799562970307066,0.00972451797065205,-0.0230289511510855,15.0723699407734,10.0144795172022,0.375971947108698,-7.77905000584683,-16.2813861138026,-1.41786380051627,7.51945212428539,-6.20016527954989,-2.81,0.122530274382661,0.0303604452219764,17.9910659790039,18.3742543830367,0.169742000596462,1.11050809701272,175.636169433594,-61.0893185941599,-133.738502811295,-175.636169433594,4.27482318878174,18.3358306884766,6.72601890563965,16.1111793518066,37.8089141845703,991.147044104987
8.275,0.0238920850857306,0.0338937134043011,0.473,0.0279692868988542,0.317460074624869,-9.39528862998241,0.146058267159152,0.0229181816713021,-0.0372834204868904,-0.109603905136561,0.0422781560293989,-2.60454580151152,0.127008353498282,0.0292653615183524,-0.0344418049071917,15.0628544014525,10.0194955381502,0.33278734443501,-7.7891546710631,-16.2713393846241,-1.40114421656768,7.51947986911182,-6.20014744634285,-2.81,0.123237945893487,0.0314529410605599,17.9565515518188,18.378467649966,0.16974171137638,1.11050803621571,175.695877075195,-61.4776199866124,-134.560118393379,-175.695877075195,4.27160978317261,18.3034839630127,6.6399998664856,16.1189994812012,37.8064231872559,991.14260965501
8.3,0.0244672861654573,0.0333201137829485,0.473,0.0292485861367663,0.342629000168724,-9.4692712979159,0.13673871434344,0.052123372621723,-0.0527834206248499,-0.103158409784676,0.0422739771225282,-2.60594428435879,0.183890827297288,0.0503676250032938,-0.0459430451767041,15.052312339045,10.0194514307996,0.292218495755945,-7.80346883182049,-16.2560097828903,-1.37656293171122,7.51950443090121,-6.20013155187786,-2.81,0.124370089099762,0.0323737818315073,17.9220371246338,18.3839315282607,0.169741422156298,1.1105079754187,175.755599975586,-61.865921380483,-135.381733975463,-175.755599975586,4.26839637756348,18.2711372375488,6.6399998664856,16.1189994812012,37.8039321899414,991.138175205032
8.325,0.0256500442157963,0.0205770001955165,0.473,0.01968894499616,0.20623018082179,-9.74759922366393,0.120420217610375,0.0754130748225631,-0.064824897848952,-0.105805180966854,0.0452644489705563,-2.60753440856934,0.113656118512154,0.0647169128060341,-0.0604436136782169,14.9895474942472,10.0031169030107,0.276669268432987,-7.78029257731928,-16.1914956264979,-1.45874758957611,7.51942758634898,-6.20017742255608,-2.81,0.123139711572197,0.0315312376551982,17.9220371246338,18.3230390387526,0.169741132936216,1.11050791462168,175.815307617188,-62.2542227743536,-136.203349557547,-175.815307617188,4.26518249511719,18.2387924194336,6.6399998664856,16.1189994812012,37.8014450073242,991.133740755054
8.35,0.0294004342531514,0.0213270368572882,0.473,0.0838566970154777,0.223924175271484,-10.0081576948112,0.0981041867561183,0.0989068785299568,-0.0727257451280451,-0.0984229838625949,0.0473513321765625,-2.60968805238314,0.0823459076025404,0.122704444990848,-0.0675354364972541,14.975405202347,10.0244658432199,0.290941177508533,-7.78954399013446,-16.19229166407,-1.40357339550906,7.51935074179676,-6.20022329323431,-2.81,0.128128944302322,0.0338323038074927,17.9220371246338,18.3352590392017,0.169740844989976,1.11050785364269,175.88232421875,-62.6436864300331,-137.021346412355,-175.88232421875,4.26360702514648,18.1981029510498,6.6399998664856,16.1189994812012,37.7999992370605,991.128689011126
8.375,0.0314487761631478,0.0192786949472918,0.473,0.0943742120951337,0.239715255208044,-10.3531809360449,0.0957524931518623,0.11080447391344,-0.0796434714131265,-0.0972475433970391,0.0505374815725128,-2.61191373847177,0.0337704962494137,0.142693655540752,-0.0782806624765561,14.9659211575119,10.0260225766158,0.252393063181921,-7.81299730542824,-16.1659547129696,-1.47736535142848,7.51927389724453,-6.20026916391253,-2.81,0.127274209325484,0.0343948729512975,17.8812093734741,18.3349214288354,0.169740558809745,1.11050779241141,175.959457397461,-63.0347614053797,-137.834326395248,-175.959457397461,4.26430177688599,18.1458530426025,6.6399998664856,16.1189994812012,37.7999992370605,991.122781473313
8.4,0.0358941863166452,0.0186367062997406,0.473,0.12610052243943,0.312786463377141,-10.706643502425,0.0743379916440639,0.108979691881697,-0.0863689974452626,-0.0971550746414418,0.0513451875709313,-2.61256206259267,0.0393385609816354,0.138706078202191,-0.080657226286083,14.8988308780813,10.0770734855447,0.267834511305762,-7.73866873866227,-16.1719743788753,-1.47463817068276,7.51923327891716,-6.20029453176471,-2.81,0.128770077092365,0.0374141727112419,17.8403816223145,18.2762458991589,0.169740272629514,1.11050773118013,176.036590576172,-63.42583637789,-138.64730637814,-176.036590576172,4.26499652862549,18.0936012268066,6.62369632720947,16.1194076538086,37.7999992370605,991.116873935501
8.425,0.0368130016655887,0.0184515396420397,0.473,0.19808743298789,0.308847193896997,-10.9772465867236,0.0832998315361605,0.0959246183403932,-0.0985220561567252,-0.0954013274427534,0.0560062342414601,-2.61695525284898,0.0237441705297029,0.124453005025351,-0.0952031657542408,14.8616344814814,10.0794096668809,0.324181785545825,-7.77049970332854,-16.1254799850623,-1.46833311478621,7.51920786500396,-6.20031129442935,-2.81,0.133807728231833,0.0384588542630055,17.8403816223145,18.2779703767547,0.169739986449282,1.11050766994885,176.113723754883,-63.8169113532365,-139.460286361111,-176.113723754883,4.26569128036499,18.0413513183594,6.55999994277954,16.121000289917,37.7999992370605,991.110966397688
8.45,0.0404415609121,0.0159417725631967,0.473,0.247946860788146,0.158421173560157,-11.1812074038442,0.0586677528333573,0.0779933572239523,-0.105277931842316,-0.0952372490622943,0.0579050708176149,-2.61954162999742,0.0890754454448111,0.087091897076073,-0.102613074160075,14.8187865514373,10.1183465155197,0.286238113390392,-7.75308337514921,-16.1120054757384,-1.53371478786272,7.51918245109076,-6.20032805709399,-2.81,0.132464093482341,0.0411117320704482,17.8403816223145,18.2513658848132,0.169739814741143,1.11050763321009,176.160003662109,-64.0515563378772,-139.948074350784,-176.160003662109,4.26610851287842,18.0100002288818,6.55999994277954,16.121000289917,37.7999992370605,991.105125680354
8.475,0.0416154887020181,0.0141832110830162,0.473,0.26577738161,0.146054786613525,-11.201880537211,0.0437543506951325,0.0448340582806476,-0.108931244534624,-0.0959627462681831,0.0596360793725213,-2.62104285683344,-0.0412452890252038,0.110391069157867,-0.108334702204417,14.7928914201454,10.1120282244767,0.318093514227561,-7.75566234656942,-16.0836644338822,-1.5327670432578,7.51915703717756,-6.20034481975863,-2.81,0.134329693111124,0.0409578480739113,17.7802629470825,18.2381862537589,0.169739814741143,1.11050763321009,176.160003662109,-64.0515563378772,-139.948074350784,-176.160003662109,4.26610851287842,18.0100002288818,6.55999994277954,16.121000289917,37.7999992370605,991.099385193739
8.5,0.0441220817670927,0.0192335035486151,0.473,0.205488445029037,0.0797450291179328,-11.1457152179229,0.018584118794654,0.0100091145394238,-0.112565115921038,-0.0962999259444656,0.0611678869889343,-2.625863711788,-0.0240000046761436,0.0321254368034104,-0.116393728507276,14.7390201386202,10.1842830867202,0.278490297057752,-7.74814573996351,-16.0759651416376,-1.60171028585067,7.51913162326436,-6.20036158242327,-2.81,0.132613426695804,0.0457931664130197,17.7201442718506,18.222987345049,0.169739814741143,1.11050763321009,176.160003662109,-64.0515563378772,-139.948074350784,-176.160003662109,4.26610851287842,18.0100002288818,6.63578176498413,16.1105079650879,37.7999992370605,991.093644707124
8.525,0.0435131569233777,0.0186245787049001,0.473,0.196756613544577,0.145360942226492,-10.9335301282998,-0.0180906634339045,-0.0243755827304031,-0.116532696927593,-0.0969576718104871,0.0606301799094289,-2.6282661171244,-0.0347097151806437,-0.000946860076886064,-0.120146120613955,14.6961005068568,10.2134086481438,0.264438865803471,-7.7355936664887,-16.0596528320241,-1.61466893733814,7.51909472003278,-6.20038375579058,-2.81,0.131673632638722,0.0478309622792954,17.7201442718506,18.2027338835904,0.169739814741143,1.11050763321009,176.160003662109,-64.0515563378772,-139.948074350784,-176.160003662109,4.26610851287842,18.0100002288818,6.94999980926514,16.0669994354248,37.7999992370605,991.087904220509
8.55,0.0424835500233219,0.0196541856049559,0.473,0.230177214599667,0.150514670804799,-10.6878996178462,-0.0333855779563435,-0.0572778068740235,-0.121543604053922,-0.0976161310392032,0.0600880135108067,-2.63066311958813,-0.045487769676378,-0.0339160609762615,-0.123889084445053,14.6538370488955,10.2370075761685,0.255686414600477,-7.7262675717277,-16.0396664768662,-1.62189045058221,7.51905492656188,-6.20040729026785,-2.81,0.131014558721852,0.0495683552600138,17.7201442718506,18.1835773080913,0.169739706878141,1.11050761021475,176.190338134766,-64.1984240766752,-140.254491258928,-176.190338134766,4.26566171646118,17.9976768493652,6.94999980926514,16.0669994354248,37.7999992370605,991.082238943091
8.575,0.0431120928546293,0.0190256427736485,0.473,0.215550617859738,0.141154190328275,-10.3406807970013,-0.0569547457192987,-0.0791264852561971,-0.124754210796928,-0.0983596540959575,0.0583400273153804,-2.63328385311499,-0.0248111785840321,-0.0673296829003183,-0.124535916480595,14.6114862179576,10.2660661139258,0.229520554271992,-7.71938842323765,-16.0216514555572,-1.63035261392057,7.51901513309098,-6.20043082474512,-2.81,0.12910787853797,0.051660115849887,17.6831188201904,18.167467781177,0.169739423737761,1.110507549852,176.269958496094,-64.5839518876517,-141.05883564255,-176.269958496094,4.26448917388916,17.96533203125,6.8788628578186,16.0784187316895,37.7999992370605,991.076695880619
8.6,0.043361107286385,0.0186754769382305,0.473,0.147618098441782,0.0759300868055538,-9.79835616250791,-0.0498065295723531,-0.0918453319532484,-0.127533318310484,-0.099010499269348,0.0564597813755783,-2.63597190217131,-0.0178542906223792,-0.0925689426072425,-0.12506517047725,14.566185468708,10.2901334100693,0.207934434474999,-7.71369109652706,-15.998215148462,-1.63092708780814,7.51897533962009,-6.20045435922239,-2.81,0.127483727008667,0.0535153118684786,17.6460933685303,18.1499436960655,0.16973914059738,1.11050748948925,176.349578857422,-64.9694797000464,-141.863180026251,-176.349578857422,4.26331663131714,17.9329853057861,6.57000017166138,16.1280002593994,37.7999992370605,991.071152818147
8.625,0.0397010650017567,0.0202682094005395,0.473,0.0505304533091351,0.02804252579934,-9.60428615306727,-0.0599587712256089,-0.0870213190337405,-0.123098431644749,-0.100816598015112,0.0540591058931124,-2.6400506635272,-0.147152154826498,-0.0498472805002943,-0.128172605526355,14.4835727594723,10.348329791218,0.154716889899273,-7.6817289311115,-15.97158844989,-1.66887677167124,7.51883252354147,-6.20053926410974,-2.81,0.123653711701926,0.0574963115610565,17.6460933685303,18.1061490369943,0.169738857457,1.1105074291265,176.42919921875,-65.3550075124411,-142.667524409873,-176.42919921875,4.26214408874512,17.9006385803223,6.57000017166138,16.1280002593994,37.7999992370605,991.065609755674
8.65,0.0383234690211063,0.0245992448892586,0.473,0.0456336342135886,0.077485669640229,-9.64852269192754,-0.0486404170267482,-0.0743987001895283,-0.12198678939002,-0.104334719479084,0.0522578023374081,-2.64332103729248,-0.162940844893456,-0.0514683686196804,-0.130336046218872,14.4026815164192,10.4166542707186,0.128247304502137,-7.63274865899935,-15.9619304397743,-1.70830119549969,7.5186805559598,-6.20062962053349,-2.81,0.120519186659631,0.0617222504862901,17.6460933685303,18.0572019204379,0.169738676786471,1.11050739060932,176.479995727539,-65.6010109733322,-143.180772730876,-176.479995727539,4.2613959312439,17.8799991607666,6.57000017166138,16.1280002593994,37.7999992370605,991.060594314647
8.675,0.0396557797226798,0.0280208363542501,0.473,0.0873207366234486,0.109634869315872,-9.43870809746461,-0.0614453991912742,-0.0689590245616426,-0.121657962710647,-0.107950138035129,0.0496170926771373,-2.64802885891856,-0.144474316731497,-0.0515648290623795,-0.13015801900619,14.3677069763585,10.444630595429,0.136228343853768,-7.66764045152572,-15.9327622667286,-1.70124855714249,7.51852858837812,-6.20071997695725,-2.81,0.118717188769014,0.0638134838414627,17.5997877120972,18.0710184273181,0.169738676786471,1.11050739060932,176.479995727539,-65.6010109733322,-143.180772730876,-176.479995727539,4.2613959312439,17.8799991607666,6.58777284622192,16.1258678436279,37.7999992370605,991.056509153538
8.7,0.0377026064348055,0.0317406143250206,0.473,0.145816676954348,0.125440568996026,-9.41137299326486,-0.0572597490958264,-0.0707957842666358,-0.120873544247383,-0.104445748031139,0.0466170869767666,-2.65055155754089,-0.0507606565952301,-0.0506639741361141,-0.118683703243732,14.266392572855,10.4828529266625,0.126281812860016,-7.60489275251058,-15.9041290090567,-1.63107213427341,7.51837662079643,-6.200810333381,-2.81,0.119953782170101,0.0671315563895236,17.5534820556641,18.0071524892724,0.169738676786471,1.11050739060932,176.479995727539,-65.6010109733322,-143.180772730876,-176.479995727539,4.2613959312439,17.8799991607666,6.67000007629395,16.1159992218018,37.7999992370605,991.052423992428
8.725,0.0358820587218047,0.0262556769064731,0.473,0.123747093087493,0.0381679044925572,-9.35987248027291,-0.0572989118079291,-0.0699067088975738,-0.122272458194556,-0.109028658643414,0.046500067633092,-2.65235991152429,-0.0619607876604881,-0.0667375041806108,-0.121756946468462,14.2596610708081,10.4825855908896,0.11678093323917,-7.62827030060557,-15.8808728490508,-1.68628054729847,7.51823665309424,-6.20089063436922,-2.81,0.117073119053269,0.0669624043178116,17.5534820556641,18.0105933823238,0.169738676786471,1.11050739060932,176.479995727539,-65.6010109733322,-143.180772730876,-176.479995727539,4.2613959312439,17.8799991607666,6.67000007629395,16.1159992218018,37.7999992370605,991.048338831318
8.75,0.0365541688239949,0.0303261429812786,0.473,0.0954694763423588,-0.0100526454043418,-9.303557849565,-0.0646690373116609,-0.0598903863753983,-0.121186175726256,-0.109036048716812,0.0448454463072929,-2.65484395254124,-0.0856591065493303,-0.0452464546867712,-0.118693819827948,14.2308071804436,10.5083261280839,0.173883444438003,-7.63193061638492,-15.878919332013,-1.60766364252484,7.51809967404808,-6.20096843097912,-2.81,0.120019896695477,0.0689101855420312,17.5534820556641,18.0175404581304,0.169738580603113,1.11050736976463,176.507278442383,-65.7341428799237,-143.454010139333,-176.507278442383,4.26114273071289,17.8663501739502,6.67000007629395,16.1159992218018,37.7999992370605,991.042790562056
8.775,0.0371397595614197,0.0338726262473987,0.473,0.0801369657769133,-0.0623783903730729,-9.2208200052248,-0.0683941907466376,-0.0514347783177464,-0.116703159830295,-0.113009275276763,0.043233294115037,-2.65934664439276,-0.155730397574457,-0.0122296141420542,-0.118293125989439,14.1921121209969,10.5311707756895,0.149627764511497,-7.66133580058806,-15.8404877616469,-1.6513249387498,7.51796269500191,-6.20104622758902,-2.81,0.116483930205111,0.0707059554173097,17.517915725708,18.0186698677873,0.169738300068319,1.11050730896762,176.5869140625,-66.1224442737944,-144.250952580836,-176.5869140625,4.26040458679199,17.8265380859375,6.67000007629395,16.1159992218018,37.7999992370605,991.034438002166
8.8,0.0370091128892468,0.0414206062618884,0.473,0.0908066676645767,0.0118921056449808,-9.2830663641208,-0.0551097747866507,-0.0503394742492561,-0.109499592058817,-0.115440752160881,0.0409814038355605,-2.66273963577614,0.0136839532144662,-0.0677432565285636,-0.111760806868202,14.0998971591749,10.5813210041587,0.192939853709007,-7.61288637191594,-15.8202389137898,-1.6039581286355,7.51778477046854,-6.20114919691145,-2.81,0.11769155455795,0.0741937260929735,17.482349395752,17.9699369279869,0.169738019533525,1.1105072481706,176.666534423828,-66.5107456662468,-145.047895022339,-176.666534423828,4.25966644287109,17.7867298126221,6.65341234207153,16.1188201904297,37.7999992370605,991.026085442276
8.825,0.0343083873662362,0.0413669467421576,0.473,0.129566034331616,0.0929679659139501,-9.32010508383381,-0.0310534235606982,-0.0556616108508551,-0.104062792064233,-0.118154178800514,0.0411262541153956,-2.66431341505829,-0.0959980406735678,-0.0408496436184456,-0.113542551187717,14.0817645482539,10.5612483738618,0.234798806207815,-7.63022398590059,-15.7842667861087,-1.58990390784757,7.51758052787754,-6.2012683462074,-2.81,0.11875104949136,0.0731274502094229,17.482349395752,17.9660367126663,0.169737738998731,1.11050718737359,176.746170043945,-66.8990470601175,-145.844837463842,-176.746170043945,4.2589282989502,17.7469177246094,6.57000017166138,16.132999420166,37.7999992370605,991.017732882387
8.85,0.0355538349208334,0.0442617392764663,0.473,0.0843467655633092,0.134314219368852,-9.33271575413818,-0.01298116051647,-0.0557250681145937,-0.10213923690252,-0.118264190841403,0.0385235914386118,-2.66811902136248,-0.0221141923695105,-0.0523620970133965,-0.105268762863658,14.015688768102,10.5964151035889,0.230572339533459,-7.61914372805776,-15.7572427717048,-1.56033886716299,7.51737628528655,-6.20138749550336,-2.81,0.118257514547004,0.0760373506814539,17.482349395752,17.9440870796205,0.169737549303774,1.11050714626322,176.800003051758,-67.1616127641931,-146.3837223528,-176.800003051758,4.25842905044556,17.7199993133545,6.57000017166138,16.132999420166,37.7999992370605,991.012237404195
8.875,0.0358462380601732,0.0487594438673901,0.473,0.0976408788923916,0.172902886236752,-9.34685850918897,0.00856202718045151,-0.0426857709494164,-0.101305858403104,-0.120744575067469,0.0380826132667138,-2.67071502470242,-0.0309513366605113,-0.0428895718018067,-0.10533381429943,13.990160668992,10.5981435800734,0.243827224408992,-7.63711530954734,-15.7265863134228,-1.5664122313638,7.51717204269555,-6.20150664479931,-2.81,0.117754222717591,0.0764450374823589,17.4240274429321,17.9422985814604,0.169737549303774,1.11050714626322,176.800003051758,-67.1616127641931,-146.3837223528,-176.800003051758,4.25842905044556,17.7199993133545,6.57000017166138,16.132999420166,37.7999992370605,991.012708184843
8.9,0.0358215373931776,0.0503157823311389,0.473,0.14079363477894,0.0919300904534585,-9.34975389628078,0.0118166094802297,-0.0298399025934703,-0.10033645874861,-0.120431529989124,0.0369785232402575,-2.67315068350825,0.0363230946471754,-0.0406864629895362,-0.101425630002955,13.9709584867006,10.6290010872065,0.270824023373661,-7.64524015303709,-15.7310084991503,-1.52393090480977,7.51696780010455,-6.20162579409527,-2.81,0.119253103602349,0.0786985791243137,17.3657054901123,17.9542657458142,0.169737549303774,1.11050714626322,176.800003051758,-67.1616127641931,-146.3837223528,-176.800003051758,4.25842905044556,17.7199993133545,6.59346008300781,16.1300277709961,37.7999992370605,991.013178965492
8.925,0.0352129346211593,0.0477485084362327,0.473,0.137418110787381,-0.00473119046312456,-9.28020268912428,0.0161682815750393,-0.0338397209589098,-0.0957156247130563,-0.117414443293246,0.0357905596773689,-2.67549541864046,-0.00188367897474284,-0.00808495794499575,-0.0933114505115982,13.8975910907693,10.6350903792284,0.278652213071865,-7.61498499643562,-15.690420683105,-1.46578813192318,7.51678095218512,-6.20172948548013,-2.81,0.121413429147595,0.0800807095191639,17.3657054901123,17.9112396811053,0.169737549303774,1.11050714626322,176.800003051758,-67.1616127641931,-146.3837223528,-176.800003051758,4.25842905044556,17.7199993133545,6.71999979019165,16.1140003204346,37.7999992370605,991.01364974614
8.95,0.0358941781478631,0.0466173915367258,0.473,0.131972053436982,0.0122959629803302,-8.89130196547241,0.0244099910629501,-0.0454890735238566,-0.089765019166169,-0.117941075268372,0.0343602714609166,-2.67792068767395,0.100203045616734,-0.0540263643672185,-0.0898282929889933,13.8613816096855,10.6373953683794,0.250903890347861,-7.62215030474358,-15.654808762457,-1.47811381751666,7.51659841589995,-6.20182934529745,-2.81,0.119472346894057,0.080779317316427,17.3657054901123,17.8973309041074,0.169737464733887,1.11050712786696,176.823516845703,-67.2791069552315,-146.623968247642,-176.823516845703,4.25834941864014,17.704833984375,6.71999979019165,16.1140003204346,37.7992401123047,991.010603050485
8.975,0.0364836220532212,0.047206835442084,0.473,0.0683077670745902,-0.0142756544249358,-8.70386933586333,0.0235881249246354,-0.0386080334426656,-0.0829735162911527,-0.116901620941144,0.0330715732314605,-2.68007868221016,0.110244183423208,-0.0555920635541342,-0.0846348171509818,13.8461924162894,10.6250218894443,0.284128902410424,-7.64864905424978,-15.6264704094629,-1.41437406663517,7.51641587961478,-6.20192920511478,-2.81,0.121616847262879,0.0806439909383508,17.3384742736816,17.9094651820389,0.169737187238943,1.11050706750421,176.900634765625,-67.664634766208,-147.412275089874,-176.900634765625,4.25808906555176,17.6550693511963,6.71999979019165,16.1140003204346,37.7967529296875,990.999532112013
9,0.0346498332653343,0.0455555252325212,0.473,0.0375994394099798,0.0460419705780647,-8.69946657140746,0.0217121890849321,-0.0152395651460605,-0.0777178769652894,-0.120954275872351,0.0340715755293704,-2.68223692344672,-0.0376802696705525,-0.012485033009331,-0.0870609832500613,13.7933663437254,10.6437783720119,0.291052250758147,-7.62572402638144,-15.5991937091092,-1.46464099237796,7.5162333433296,-6.2020290649321,-2.81,0.12048623626171,0.0818915558329585,17.311243057251,17.8716414242035,0.169736909744,1.11050700714146,176.977767944336,-68.0501625786027,-148.200581932186,-176.977767944336,4.25782823562622,17.6053085327148,6.71265411376953,16.116792678833,37.7942657470703,990.988461173541
9.025,0.0361207385400806,0.0501374014538099,0.473,0.110173864920528,0.042295192993826,-8.85547609680462,0.0206589627573544,-0.0111784294516354,-0.0772651611283043,-0.117346184058003,0.0327246274881196,-2.68446861158667,0.0285122690154088,-0.00583845130512213,-0.0791667268792896,13.75003768198,10.6717736077341,0.321529427911063,-7.60993230264566,-15.5961409326373,-1.37948821019956,7.51592502401275,-6.20219992202562,-2.81,0.123970655105853,0.0844095601617616,17.311243057251,17.8629239364119,0.169736632249056,1.11050694677871,177.054901123047,-68.4356903895792,-148.988888774418,-177.054901123047,4.25756740570068,17.5555458068848,6.67000007629395,16.132999420166,37.7917785644531,990.977390235069
9.05,0.0355475774472967,0.0483604609734046,0.473,0.119721829026447,0.104879961544556,-8.79903340676223,0.0104103460381959,-0.0241362183206285,-0.0783052212747656,-0.119444147465953,0.0330201367541779,-2.68608764937767,-0.0217959444397848,-0.0087206605008587,-0.0816702536924917,13.7214510561929,10.67293270883,0.321879046881838,-7.60883732909725,-15.5700278018956,-1.40468735420628,7.51561496930632,-6.20237175864659,-2.81,0.123157011350266,0.084685761688343,17.311243057251,17.8459222430149,0.169736434038382,1.11050690366246,177.110000610352,-68.7110673982299,-149.551965090389,-177.110000610352,4.25738143920898,17.5200004577637,6.67000007629395,16.132999420166,37.7900009155273,990.968371639884
9.075,0.0378388286921156,0.0506512655524277,0.473,0.0892883777505894,0.0203060615928055,-8.84468810015487,0.00827324840287537,-0.0346461090057716,-0.0790078215487111,-0.116782120167287,0.0322923710239183,-2.68689675825388,-0.0582009546127783,0.00924347018030996,-0.0771417324961181,13.6969136045655,10.6857803648546,0.372215077052781,-7.59326635315135,-15.5736080438781,-1.31716625609035,7.51530491459988,-6.20254359526756,-2.81,0.127311313356777,0.085909115304611,17.2648773193359,17.84136562149,0.169736434038382,1.11050690366246,177.110000610352,-68.7110673982299,-149.551965090389,-177.110000610352,4.25738143920898,17.5200004577637,6.67000007629395,16.132999420166,37.7900009155273,990.964483902918
9.1,0.0383832295719159,0.0504298700319605,0.473,0.104750821894984,-0.0578185216155998,-8.98684704666337,0.0291834452035657,-0.0222206516254371,-0.0766708714280419,-0.118327928755034,0.0316530313812508,-2.69013068231892,-0.0749616970041035,0.0151100911580651,-0.0771805481826065,13.6809092717861,10.6901725208167,0.329168179522716,-7.62916110049922,-15.5396558635489,-1.36763125994395,7.51510259055865,-6.20265279181092,-2.81,0.124015027739737,0.0866931524453944,17.2185115814209,17.8496155893686,0.169736434038382,1.11050690366246,177.110000610352,-68.7110673982299,-149.551965090389,-177.110000610352,4.25738143920898,17.5200004577637,6.67274856567383,16.1320381164551,37.7900009155273,990.960596165951
9.125,0.0378304418728611,0.0503589786208183,0.473,0.126060906662853,-0.120699433386376,-9.06989540118121,0.0252739452934359,-0.00768788056355303,-0.0726113574420106,-0.117776449122035,0.0307722997344803,-2.69232816099444,0.0545687147745187,-0.00732703932048614,-0.0725546880383978,13.6198374232215,10.6968671504769,0.380150576125273,-7.60521729706788,-15.5094554340614,-1.29804265481003,7.5149621501338,-6.20272600607824,-2.81,0.127317879206477,0.0877959616820566,17.2185115814209,17.819120465807,0.169736434038382,1.11050690366246,177.110000610352,-68.7110673982299,-149.551965090389,-177.110000610352,4.25738143920898,17.5200004577637,6.69000005722046,16.1259994506836,37.7900009155273,990.956708428984
9.15,0.0392178644715605,0.052688418775187,0.473,0.0954426279637669,-0.10543482738051,-9.09784524080062,0.0108021461210757,-0.0121976464967889,-0.0660569754701359,-0.117685038190166,0.030733816742952,-2.69411134220442,0.00964471617330448,0.000552801938527024,-0.0670544829650252,13.589899338968,10.6947913676637,0.419201941860226,-7.60591012137406,-15.4858224690604,-1.25661863408178,7.51482170970895,-6.20279922034556,-2.81,0.129715480024384,0.088134918071028,17.2185115814209,17.810784525441,0.169736434038382,1.11050690366246,177.110000610352,-68.7110673982299,-149.551965090389,-177.110000610352,4.25738143920898,17.5200004577637,6.69000005722046,16.1259994506836,37.7900009155273,990.953124421468
9.175,0.0395495971621165,0.0513403181684896,0.473,0.127848923452886,-0.0613763622394667,-9.05414823490156,0.0271032614406731,-0.0242103441938595,-0.0621818834945384,-0.115437873356961,0.0296766583290773,-2.69560312323889,0.04265217352234,-0.0123253528709294,-0.060323062939408,13.5658088940642,10.6928775753818,0.425861026444837,-7.60898236640073,-15.4656905483283,-1.21076943195968,7.5146812692841,-6.20287243461287,-2.81,0.131117944210736,0.088652675183987,17.1769275665283,17.806811606317,0.169736434038382,1.11050690366246,177.110000610352,-68.7110673982299,-149.551965090389,-177.110000610352,4.25738143920898,17.5200004577637,6.69000005722046,16.1259994506836,37.7900009155273,990.95037566994
9.2,0.0390191552834898,0.0497934039937222,0.473,0.0895811783870145,0.0218458603619061,-9.21998236271791,0.0188170189669826,-0.0273432857966267,-0.0580064590774802,-0.115322517156479,0.0293674106769944,-2.69707205683445,-0.00275492486081495,-0.00848979754407808,-0.0587739456917775,13.5510536592157,10.6715168159497,0.414883912247589,-7.62815060455575,-15.4280110545825,-1.21336241188631,7.51456838358239,-6.20293005768329,-2.81,0.130561228990163,0.0878222373889526,17.1353435516357,17.8031825621389,0.169736434038382,1.11050690366246,177.110000610352,-68.7110673982299,-149.551965090389,-177.110000610352,4.25738143920898,17.5200004577637,6.69767761230469,16.1251029968262,37.7900009155273,990.947626918413
9.225,0.0386475229944578,0.0517499026899986,0.473,0.139515997867997,0.128334785584652,-9.3002315027665,0.0346360873752433,-0.0402546083928037,-0.0564988874441298,-0.118206445641956,0.0289153779410306,-2.69892509791354,0.027872529282635,-0.041375136450361,-0.0623570286008302,13.497407683306,10.6825749837851,0.432543446047864,-7.6038185326716,-15.4005731442373,-1.22016672527799,7.51447152543781,-6.20297861193461,-2.81,0.130318859107709,0.0887548988461839,17.1353435516357,17.7675549613105,0.169736434038382,1.11050690366246,177.110000610352,-68.7110673982299,-149.551965090389,-177.110000610352,4.25738143920898,17.5200004577637,6.75,16.1189994812012,37.7900009155273,990.944878166886
9.25,0.0387693888589507,0.0552669420744131,0.473,0.185078506188618,0.117458135694551,-9.23201364158503,0.0437626145157031,-0.0567840435237639,-0.0567512592566587,-0.115922210220991,0.0270126725629498,-2.70029406064062,0.056283377152433,-0.0533346395610367,-0.0576531657350756,13.4624301266668,10.6847604381885,0.444052335403805,-7.5939300566868,-15.3814626339966,-1.1580788170746,7.51437466729324,-6.20302716618593,-2.81,0.131883854380197,0.0895513254861432,17.1353435516357,17.754813230896,0.169736365970542,1.11050688871549,177.127258300781,-68.806531427385,-149.745332018056,-177.127258300781,4.25716638565063,17.5150718688965,6.75,16.1189994812012,37.7900009155273,990.942588191462
9.275,0.0376390836957099,0.0547215455858833,0.473,0.195148354543887,0.116594467663936,-9.09235643005831,0.0410855449655264,-0.0737647042458712,-0.0578162736566868,-0.11473031013041,0.025041981327459,-2.70168474229362,0.116960170894568,-0.0770137219883117,-0.0549057507912133,13.4435373832351,10.683100257425,0.426495631842782,-7.60132136306102,-15.3612958069404,-1.1356635398568,7.51427780914866,-6.20307572043725,-2.81,0.131121937491187,0.0899695741309822,17.1018829345703,17.7526825034838,0.169736091081184,1.11050682835274,177.196914672852,-69.1920592397797,-150.526236918091,-177.196914672852,4.25629806518555,17.4951667785645,6.75,16.1189994812012,37.7900009155273,990.941692189583
9.3,0.0370572888462459,0.0540893801221914,0.473,0.165539094514651,0.0251961891710723,-8.87776882983514,0.0432935130444781,-0.0812840497460896,-0.0567197432779429,-0.112835102894973,0.0232715960547058,-2.70293370967719,0.0966373536320695,-0.0690467701652095,-0.0509977960839066,13.4368957344477,10.6618870213494,0.446343219127693,-7.62455072504387,-15.3345277097544,-1.06944390395468,7.51418095100409,-6.20312427468857,-2.81,0.132773351250504,0.0892474998553122,17.0684223175049,17.7649447220302,0.169735816191827,1.11050676798999,177.266586303711,-69.5775870507562,-151.307141818204,-177.266586303711,4.2554292678833,17.4752616882324,6.78791427612305,16.1134300231934,37.7900009155273,990.940796187704
9.325,0.0358387306703266,0.0534758433948097,0.473,0.158746134717931,-0.101426727193267,-8.54515607619533,0.0259329864800691,-0.088615672896925,-0.0539883649298731,-0.116760575014333,0.022711444445285,-2.70439174874286,-0.00404776429426682,-0.0709651724302115,-0.0586917363344707,13.3828124043142,10.677337976427,0.407696467952535,-7.59347351930517,-15.3070232659265,-1.14264131287615,7.51404377500969,-6.20319442962805,-2.81,0.128825720277677,0.0903023169933044,17.0684223175049,17.7171347364682,0.16973554130247,1.11050670762724,177.33625793457,-69.9631148631509,-152.088046718317,-177.33625793457,4.25456094741821,17.4553565979004,7.07000017166138,16.07200050354,37.7900009155273,990.939900185825
9.35,0.0358326185004055,0.0573157179606402,0.473,0.110291143694303,-0.0338530075890408,-8.3392559600431,0.0364782118455389,-0.0892888809938614,-0.0511643304995603,-0.112308950986413,0.0203532928426719,-2.70492134579807,0.0262929661716135,-0.0676399878805508,-0.0481859917204653,13.3646956357119,10.6905278561747,0.446216907408612,-7.58022314017825,-15.316265479813,-1.02655428707588,7.51389895286881,-6.2032686810664,-2.81,0.132786745643061,0.0916857256773658,17.0684223175049,17.7217355534024,0.169735266909415,1.11050664736375,177.403076171875,-70.3480087130118,-152.867541724656,-177.403076171875,4.25377225875854,17.4320392608643,7.07000017166138,16.07200050354,37.7894325256348,990.938184982228
9.375,0.0358335483424431,0.0567315593334029,0.473,0.0585884277606104,-0.00171633881016847,-8.28755886001569,0.0560749748033357,-0.0847884656181585,-0.0487869452689237,-0.112615490197024,0.0180596709582571,-2.70665190183759,-0.0245051551495979,-0.0517424647678039,-0.0515713473588704,13.3513585236842,10.668983051007,0.404121071727079,-7.607140050458,-15.2742427750968,-1.03837156710132,7.51375413072794,-6.20334293250474,-2.81,0.129735997956366,0.0908986929785284,17.0428466796875,17.7217756474123,0.16973499419138,1.11050658743527,177.460296630859,-70.7307629439305,-153.642278339565,-177.460296630859,4.25325107574463,17.3972053527832,7.07000017166138,16.07200050354,37.7869415283203,990.933704972832
9.4,0.0344346337619009,0.0578763441533851,0.473,0.0959544955322026,0.0554194306043774,-8.39062947538245,0.0781687224355765,-0.0811248959328113,-0.0463577862094007,-0.112559579924917,0.0153650993509726,-2.70830606238912,0.124650075027324,-0.102054109719316,-0.0533083899512997,13.3111069763709,10.6781120056608,0.414680162776288,-7.5941785843506,-15.2553097133758,-0.991756904287051,7.51360930858706,-6.20341718394309,-2.81,0.129922206967648,0.0919674874950793,17.0172710418701,17.70559293945,0.169734721473344,1.11050652750678,177.517532348633,-71.1135171734311,-154.417014954553,-177.517532348633,4.25272989273071,17.3623695373535,7.04492902755737,16.0760326385498,37.7844543457031,990.929224963437
9.425,0.0315755119203512,0.0553862304715368,0.473,0.145889525254114,0.0138182637220298,-8.5633930879119,0.0981498824075772,-0.0895369060104317,-0.0460988160326177,-0.110163316186459,0.0133362960067117,-2.70946651199451,0.0646324130071882,-0.0775306715914185,-0.0516429938736401,13.2857356657867,10.6571411660991,0.445712246186254,-7.59787567562847,-15.2228769554353,-0.905754844918536,7.5132094149913,-6.20363349241509,-2.81,0.132523764339807,0.0913849365005442,17.0172710418701,17.7007851484569,0.169734448755309,1.1105064675783,177.574752807617,-71.4962714043498,-155.191751569541,-177.574752807617,4.2522087097168,17.3275356292725,6.84000015258789,16.1089992523193,37.7819671630859,990.924744954041
9.45,0.030998379707709,0.0550252407118533,0.473,0.183820576974981,-0.00150789543859187,-8.61730706067979,0.101292013420876,-0.100401807571031,-0.0454315706442052,-0.108707116850833,0.0112954638099554,-2.71041536314647,0.132078672726743,-0.104075787087167,-0.0493074197662207,13.2663920291592,10.6605993120893,0.41692407799185,-7.59568997536778,-15.2095134902189,-0.891938361107113,7.512786378621,-6.20386268980053,-2.81,0.131238219931518,0.0920538068386549,17.0172710418701,17.6931276073143,0.169734233178196,1.11050642020626,177.619995117188,-71.7988295108977,-155.804162417539,-177.619995117188,4.25179672241211,17.2999992370605,6.84000015258789,16.1089992523193,37.7805213928223,990.921754086752
9.475,0.0301243735519105,0.0535660839433947,0.473,0.158630482435758,-0.0691274798215893,-8.64047250855157,0.107137540562165,-0.112046259079235,-0.0451773404502486,-0.110059373739436,0.0110703529088082,-2.71099120032169,0.0348367850023336,-0.0877338850673433,-0.0528673386806924,13.257740887795,10.629082423155,0.427018784050447,-7.60979536369379,-15.1732258878551,-0.889754082257428,7.5123633422507,-6.20409188718596,-2.81,0.131109034017275,0.0902958503706902,16.9916486740112,17.6865031318896,0.169734233178196,1.11050642020626,177.619995117188,-71.7988295108977,-155.804162417539,-177.619995117188,4.25179672241211,17.2999992370605,6.84000015258789,16.1089992523193,37.7830085754395,990.924381346499
9.5,0.0306010913564623,0.0578077893619608,0.473,0.172727650684657,-0.105746296657554,-8.68426185624001,0.0801729990411833,-0.108788617943572,-0.0420098487523516,-0.106379594282123,0.00647761813356611,-2.71258235999381,0.0993959719351578,-0.122045196951674,-0.0458883070449378,13.2378735191791,10.675398397753,0.413120896329998,-7.59992004212746,-15.197490423925,-0.808452412632986,7.5121286311142,-6.20421509577088,-2.81,0.131108568673576,0.0937505126582936,16.9660263061523,17.6991301756585,0.169734233178196,1.11050642020626,177.619995117188,-71.7988295108977,-155.804162417539,-177.619995117188,4.25179672241211,17.2999992370605,6.82208585739136,16.1113891601562,37.7854995727539,990.927008606246
9.525,0.0269525729745478,0.0518306085688783,0.473,0.150010843195517,-0.0764730661626236,-8.65221432827837,0.0785986744892386,-0.0899300414297745,-0.035223702187739,-0.101647876828696,0.00375048290649888,-2.71323894307863,0.0513350681635751,-0.0737704047351072,-0.0353348341155007,13.2156223513253,10.6456302383367,0.360444160121275,-7.6047710630899,-15.1553526875453,-0.771219353303244,7.51199893439594,-6.20427920259868,-2.81,0.129980443259429,0.0928674688697602,16.9660263061523,17.6860136326745,0.169734233178196,1.11050642020626,177.619995117188,-71.7988295108977,-155.804162417539,-177.619995117188,4.25179672241211,17.2999992370605,6.65999984741211,16.132999420166,37.7879867553711,990.929635865993
9.55,0.026954693581091,0.0504983708801313,0.473,0.11622563417879,-0.122178161689705,-8.70367337958193,0.0727807029787957,-0.0766748267646848,-0.0300152457529102,-0.102084678371675,0.00228565628356058,-2.71420942459465,0.0399390957731883,-0.0666883008102069,-0.0358128356146417,13.2101435013833,10.6381195700773,0.334519888497107,-7.61976592415408,-15.1366370394957,-0.781517284433526,7.51186923767768,-6.20434330942648,-2.81,0.127924092780027,0.0926518685254053,16.9660263061523,17.6880467004802,0.169734181728205,1.11050640870859,177.628997802734,-71.8722633795876,-155.950321402817,-177.628997802734,4.25139951705933,17.2938365936279,6.65999984741211,16.132999420166,37.7895240783691,990.9308486143
9.575,0.0274521385438912,0.0531706956933344,0.473,0.125570360156979,-0.0837794658945356,-8.78750162237831,0.0751901430909228,-0.0646387524209592,-0.0227126525700036,-0.101306087721198,0.00119462730958197,-2.71483663387563,-0.0294893498503472,-0.0367806520288332,-0.0320802168767882,13.2007924992629,10.637758572005,0.338377662789662,-7.62127452859081,-15.1288977939968,-0.754954029188348,7.51173954095942,-6.20440741625427,-2.81,0.128297922249654,0.0928920278283901,16.938648223877,17.6883537185848,0.169733911615756,1.11050634834584,177.676284790039,-72.2577911919823,-156.717656075528,-177.676284790039,4.24931526184082,17.2614936828613,6.65999984741211,16.132999420166,37.7870407104492,990.926049688981
9.6,0.0275335027432176,0.0535189125352261,0.473,0.116971171368996,-0.0658339544179541,-8.95090835577711,0.0638052181380717,-0.0498125350545945,-0.0158700190773424,-0.100582314131027,-9.86344448415222e-05,-2.71549154472976,-0.0204928722542733,-0.0335493017149074,-0.0276217565136627,13.1911520102214,10.6581376327184,0.302748689650429,-7.6161623261065,-15.1360088374954,-0.767693830559415,7.51147498143571,-6.20454633533749,-2.81,0.126368230125706,0.094330319488543,16.9112701416016,17.6857979018683,0.169733641503307,1.11050628798309,177.723541259766,-72.6433190043769,-157.484990748397,-177.723541259766,4.24723052978516,17.2291469573975,6.67981004714966,16.1303882598877,37.7845497131348,990.921250763663
9.625,0.02576850617555,0.0495391842610168,0.473,0.180634781341248,0.0163163899826349,-9.08319958541073,0.0716147879763509,-0.0365136755136066,-0.0136500434111531,-0.0953605025973691,-0.00227293488187859,-2.71591327345683,0.106386425289682,-0.0418117318003642,-0.0156169433037786,13.1792385471933,10.6232935104085,0.300317764658628,-7.62589010637619,-15.1002233599452,-0.682597258361428,7.51112527908394,-6.20473248558263,-2.81,0.128380537317505,0.0930780105444244,16.9112701416016,17.6857240479618,0.169733371390859,1.11050622762034,177.770812988281,-73.0288468167716,-158.252325421108,-177.770812988281,4.24514627456665,17.1968021392822,6.88000011444092,16.1040000915527,37.7820625305176,990.916451838344
9.65,0.0254492815527922,0.0472392306211118,0.473,0.176011529194483,-0.0466291202382724,-9.27017473084891,0.0636991111598961,-0.0239544042741553,-0.0105167767838795,-0.0964810795053754,-0.00192533245610229,-2.71626398965811,0.0531260740369615,-0.0269580414636819,-0.0170479204954484,13.1817859051902,10.595273987551,0.289053995241424,-7.64561241212072,-15.0713908193736,-0.707567909841033,7.51077557673216,-6.20491863582778,-2.81,0.127239795413952,0.091443226229311,16.9112701416016,17.6847574635324,0.169733147583401,1.11050617760549,177.809997558594,-73.3482841463527,-158.8881170071,-177.809997558594,4.24341917037964,17.1700000762939,6.88000011444092,16.1040000915527,37.7799987792969,990.911639896049
9.675,0.0263189307801578,0.0510324908719041,0.473,0.219908268965618,-0.00339483553192307,-9.3953831735812,0.0398965477660735,-0.0209977177258051,-0.00712117947403857,-0.0928722300941268,-0.00266863978036659,-2.7162089188484,0.0208072518715738,0.00235504695938731,-0.008979472220016,13.1726120437836,10.6071428477645,0.319116182308121,-7.62964858966191,-15.0838184755969,-0.630797257631383,7.51042587438039,-6.20510478607292,-2.81,0.130635217521807,0.0925136153540223,16.8916101455688,17.6862188200201,0.169733147583401,1.11050617760549,177.809997558594,-73.3482841463527,-158.8881170071,-177.809997558594,4.24341917037964,17.1700000762939,6.88000011444092,16.1040000915527,37.7799987792969,990.906765038368
9.7,0.0263520186036731,0.046079153761676,0.473,0.263798079713406,-0.0270155406377984,-9.52185324105828,0.0500635194603498,-0.0191802918138038,-0.0078453337404773,-0.0942454787113422,-0.00255899758531139,-2.71678116793818,-0.0609537839354538,0.0174450856181006,-0.0115141069528475,13.1683410853241,10.5979217620182,0.249801277083021,-7.64137046270952,-15.0625986511663,-0.714935393471677,7.51021790725099,-6.20521005594358,-2.81,0.126073403885089,0.0920294448383374,16.8719501495361,17.6752159411146,0.169733147583401,1.11050617760549,177.809997558594,-73.3482841463527,-158.8881170071,-177.809997558594,4.24341917037964,17.1700000762939,6.88402843475342,16.1035976409912,37.7799987792969,990.901890180687
9.725,0.0264072569817421,0.0474708453452806,0.473,0.252959823192963,-0.0533380917313571,-9.58732759544364,0.0345312600842648,-0.0183584638400541,-0.00611752214152496,-0.0927949225451442,-0.00351620771010283,-2.71719789359817,0.0731654041150501,-0.0200460538971314,-0.00491244424836966,13.1692214080683,10.5793849415318,0.272032135598649,-7.65525080014675,-15.0460350039115,-0.663133143911525,7.51008071126573,-6.20527494067536,-2.81,0.127786564544231,0.0912111669383091,16.8719501495361,17.6848906031257,0.169733147583401,1.11050617760549,177.809997558594,-73.3482841463527,-158.8881170071,-177.809997558594,4.24341917037964,17.1700000762939,6.92999982833862,16.0990009307861,37.7799987792969,990.897015323006
9.75,0.0267657185221226,0.0492396093863549,0.473,0.226530044204385,-0.0148196259082149,-9.67808051991171,0.0619553129823773,-0.0135345924413845,-0.00253939015150298,-0.0929117180695793,-0.00304161571567322,-2.71727635465968,0.00597930981414808,0.00464847158529984,-0.00386842551299072,13.1703086412026,10.5505098986242,0.293387929034056,-7.66812595235917,-15.0212524612593,-0.646671613938587,7.50994351528048,-6.20533982540714,-2.81,0.129043971770764,0.0895640939142261,16.8719501495361,17.6854204946733,0.169733106952798,1.11050616834118,177.815689086914,-73.407453883561,-159.003540308724,-177.815689086914,4.24310827255249,17.1654510498047,6.92999982833862,16.0990009307861,37.7799987792969,990.892624118317
9.775,0.0282186202673241,0.0542040300593326,0.473,0.229258985098638,-0.11595989114227,-9.67310632037004,0.0665246624523796,-0.0109894950279306,0.00284870587770439,-0.088530843800412,-0.00403729978620434,-2.71717021903921,0.0899864418556035,0.00473311730686101,0.00431742530846766,13.1623935528717,10.5696300724982,0.298976759171468,-7.65047211623474,-15.0394414574998,-0.583564955951303,7.50980631929522,-6.20540471013892,-2.81,0.131372994200526,0.0911325820380753,16.8538656234741,17.6870365098816,0.169732840314464,1.11050610754417,177.853012084961,-73.7957552774317,-159.76100572525,-177.853012084961,4.24106693267822,17.135591506958,6.92999982833862,16.0990009307861,37.7799987792969,990.890923233394
9.8,0.0269630207852271,0.0452669359266965,0.473,0.251125232098771,-0.0864593430772644,-9.81601918012446,0.065236605187091,-0.0236354572681023,0.00778469693413847,-0.0863010174793084,-0.00388158022550677,-2.71697365344575,0.0380961407957096,0.00977911952615322,0.0108903615578569,13.1732133640337,10.529111546936,0.253347368362085,-7.67503349496991,-15.0062975458703,-0.604003317152013,7.50953597980161,-6.20554234273632,-2.81,0.129901046596806,0.0890276079973317,16.8357810974121,17.6887213682727,0.16973257367613,1.11050604674715,177.890335083008,-74.1840566698841,-160.518471141776,-177.890335083008,4.23902606964111,17.10573387146,6.90369653701782,16.1010627746582,37.7799987792969,990.889222348471
9.825,0.0265965824509894,0.0440480102223348,0.473,0.197062541730482,-0.088912241621519,-9.71008740159713,0.0666763786118123,-0.0396843872702167,0.0110625610556186,-0.0878686713442102,-0.00434626350253854,-2.71703317038515,0.0858344077894081,-0.0422196859308517,0.00726159383646077,13.1646981446784,10.5027999985281,0.222001755237594,-7.68095956491726,-14.9751921833555,-0.643311015436002,7.50918621867027,-6.20572337027425,-2.81,0.127285930615656,0.0874550349047195,16.8357810974121,17.6731053679335,0.169732307037796,1.11050598595014,177.927673339844,-74.5723580637548,-161.275936558302,-177.927673339844,4.236985206604,17.0758762359619,6.55999994277954,16.1280002593994,37.7799987792969,990.887521463548
9.85,0.026716764091293,0.0485056218089288,0.473,0.184624349763219,-0.0355963858236726,-9.62555967394763,0.0670848243087123,-0.0450296498122322,0.0137926327807275,-0.0848155547436534,-0.00567627272669229,-2.71677364565756,0.0621838780305546,-0.0361208562483833,0.0108496198209839,13.1644275513518,10.4997511507123,0.214364556632845,-7.67812513079279,-14.9759105787554,-0.601145537975002,7.50883645753893,-6.20590439781218,-2.81,0.128064890820254,0.0875829732148434,16.8357810974121,17.6758549647154,0.16973207595124,1.11050593325939,177.960006713867,-74.9088859372136,-161.932406585926,-177.960006713867,4.23521614074707,17.0499992370605,6.55999994277954,16.1280002593994,37.7799987792969,990.885652514996
9.875,0.0255897756070219,0.0462838594744735,0.473,0.125674839367036,-0.0204262937876131,-9.65105444410065,0.0793032168401365,-0.0402053157630475,0.0160605860718279,-0.0815707836873777,-0.00711112811682989,-2.71649017372918,0.118361421859841,-0.043225060482215,0.016459233551194,13.1660271567281,10.4888954860977,0.179218413018751,-7.68087256515863,-14.9685789260654,-0.58237481186217,7.50848669640759,-6.20608542535011,-2.81,0.12735035987856,0.0872992088270689,16.82297706604,17.6765449425455,0.16973207595124,1.11050593325939,177.960006713867,-74.9088859372136,-161.932406585926,-177.960006713867,4.23521614074707,17.0499992370605,6.55999994277954,16.1280002593994,37.7799987792969,990.882691152853
9.9,0.0250593715900607,0.0445830209764225,0.473,0.152513343558644,0.0368324682416191,-9.58657663765279,0.0813635272112627,-0.0399280852432471,0.0184720425350325,-0.0795685610911764,-0.00786978673940057,-2.71609193439677,0.08156885431874,-0.0269955019838309,0.0194684261064398,13.1717574914685,10.4567508673821,0.173494742443694,-7.69326571470333,-14.9457384264378,-0.554526891755242,7.50825356908827,-6.20619985692397,-2.81,0.127817946751554,0.0856137831586021,16.810173034668,17.6791651919858,0.16973207595124,1.11050593325939,177.960006713867,-74.9088859372136,-161.932406585926,-177.960006713867,4.23521614074707,17.0499992370605,6.56246471405029,16.125659942627,37.7799987792969,990.87972979071
9.925,0.0246942705630516,0.0425146937398209,0.473,0.171172996127283,0.0796269496873123,-9.5861382934358,0.0966101922552483,-0.0493041471751255,0.0216643747750212,-0.0811970938468658,-0.00841204567189725,-2.71582360695162,0.0980688596671712,-0.0565776382467612,0.0153302933830493,13.1721501521021,10.4330816963209,0.128198691234236,-7.70205562281491,-14.922477320821,-0.607600204666239,7.50808446876216,-6.2062777301511,-2.81,0.124314994102805,0.0840764242864142,16.810173034668,17.66836330191,0.16973207595124,1.11050593325939,177.960006713867,-74.9088859372136,-161.932406585926,-177.960006713867,4.23521614074707,17.0499992370605,6.59999990463257,16.0900001525879,37.7799987792969,990.876768428567
9.95,0.0244741082410711,0.0454744183737444,0.473,0.171469584520961,0.05145268754732,-9.4623903027593,0.095531597548286,-0.0593716306901952,0.0241490392532717,-0.0775274847968699,-0.01022616838661,-2.7153344010222,0.105037264994418,-0.0581483321832674,0.0194186442739655,13.173097081934,10.4286484993521,0.106706443664994,-7.69789584682675,-14.9238059581553,-0.566566653583592,7.50791536843605,-6.20635560337823,-2.81,0.124498260914126,0.0841622404814573,16.810173034668,17.6704167631108,0.169732045676809,1.11050592626153,177.964553833008,-74.9535802206776,-162.018410104674,-177.964553833008,4.23513174057007,17.0502834320068,6.59999990463257,16.0900001525879,37.779712677002,990.87388690388
9.975,0.0230566249217366,0.0422119057340707,0.473,0.122554808202453,0.0495233210509959,-9.22779147127683,0.113358817904419,-0.0609417924261137,0.0252532700387947,-0.0736961849179732,-0.0120276477765478,-2.71483788088368,0.16635404966668,-0.0672482263984761,0.0246667337745464,13.1770371165919,10.4070523533221,0.0792889812914805,-7.7034962235533,-14.9105331791076,-0.528657590330547,7.50774626810994,-6.20643347660536,-2.81,0.124411163549391,0.0832902132040936,16.8005352020264,17.6733633743393,0.169731780775532,1.11050586503026,178.004364013672,-75.344655194606,-162.770940893068,-178.004364013672,4.23439359664917,17.0527725219727,6.59999990463257,16.0900001525879,37.7772254943848,990.871624119474
10,0.0225003817674524,0.040649562666431,0.473,0.1065437311148,0.0331552475111581,-8.96720701683835,0.123196622892445,-0.0526100028858115,0.0273457309250043,-0.0700350679281085,-0.0132937481182274,-2.714184359749,0.131980183908727,-0.0445663461110104,0.0291429664775353,13.185520335509,10.3720703062076,0.0877805269436085,-7.71468172001116,-14.8900937374621,-0.462913409248658,7.50740852579468,-6.20660183673938,-2.81,0.126377127613955,0.0815719635609047,16.7908973693848,17.6811729957562,0.169731515874256,1.11050580379898,178.044158935547,-75.7357301699526,-163.523471681383,-178.044158935547,4.23365497589111,17.0552597045898,6.58435964584351,16.0928153991699,37.7747383117676,990.869361335067
10.025,0.0217141121716768,0.0360880968422076,0.473,0.0797419281349552,0.166160585236869,-8.86080673870855,0.129870417099081,-0.0464408991765295,0.0290352089459412,-0.0713552611636412,-0.0137135187860367,-2.7137120456696,0.111129580458948,-0.0550297625978369,0.0213157628061126,13.2000174405583,10.3630070817895,0.0140076306927046,-7.72838025912718,-14.8865382206961,-0.543774582033216,7.50697611515198,-6.20682099231394,-2.81,0.121375581700235,0.0807948746668286,16.7908973693848,17.680196623935,0.16973125097298,1.1105057425677,178.083984375,-76.1268051452992,-164.276002469856,-178.083984375,4.23291683197021,17.0577487945557,6.30000019073486,16.1439990997314,37.7722511291504,990.867098550661
10.05,0.0219446233056882,0.0390270851958616,0.473,0.0702079288413802,0.11172662809465,-8.66792094915511,0.14722542182711,-0.0400422102263967,0.028387051573642,-0.0671172276522351,-0.0148360253958871,-2.71317753649686,0.0937116292782466,-0.0299838887575389,0.0235215588304416,13.1987031680915,10.3515615582145,0.0336123151582369,-7.72186910131013,-14.8834940177452,-0.464828147380838,7.50654370450928,-6.2070401478885,-2.81,0.12435957477076,0.0805355807344166,16.7908973693848,17.682908113727,0.169731011300396,1.11050568716797,178.119995117188,-76.4806348834803,-164.956863659385,-178.119995117188,4.23224878311157,17.0599994659424,6.30000019073486,16.1439990997314,37.7700004577637,990.865148173689
10.075,0.0225276368690522,0.0396100987592256,0.473,0.0606082634754118,0.0613928615998662,-8.63427519358549,0.146567725248654,-0.0460687540342919,0.0296310763827878,-0.0643373839371656,-0.0160190185765003,-2.7130870569401,0.225943040751781,-0.0577115006844518,0.0251924320318017,13.1920669986242,10.358214784108,-0.0130576451577269,-7.71298655920874,-14.88672610854,-0.467589369832067,7.50611129386658,-6.20725930346305,-2.81,0.122875655703867,0.0812819337640878,16.7854909896851,17.6759998597601,0.169731011300396,1.11050568716797,178.119995117188,-76.4806348834803,-164.956863659385,-178.119995117188,4.23224878311157,17.0599994659424,6.30000019073486,16.1439990997314,37.7700004577637,990.866165667348
10.1,0.020612437612377,0.0311438440800244,0.473,0.0680422754392075,0.0457745229187137,-8.9360460980054,0.136941667655206,-0.0299569856512093,0.0264524638894652,-0.0571278752640013,-0.0174969744780373,-2.71194891889939,0.142416482601161,-0.0262811659827823,0.0308575205792488,13.2173917259435,10.3023353216311,-0.0063871806656116,-7.73948354325145,-14.8595434631484,-0.363263627394419,7.50584425895086,-6.20738888851138,-2.81,0.126371536549432,0.0786544485083656,16.7800846099854,17.6993309889681,0.169731011300396,1.11050568716797,178.119995117188,-76.4806348834803,-164.956863659385,-178.119995117188,4.23224878311157,17.0599994659424,6.30938386917114,16.141695022583,37.7700004577637,990.867183161008
10.125,0.0201921759564981,0.026562845812712,0.473,0.0246727651788622,-0.0275821496136275,-8.94931659600045,0.101149002136818,-0.00374590613934477,0.0261186837009221,-0.0583851022350438,-0.01688160867592,-2.71148919646749,0.102126122923965,-0.0123131839720005,0.0213175695966989,13.2329152027547,10.3026283846079,-0.0672710012154641,-7.74935931018777,-14.86634636184,-0.444857183422388,7.50567407115619,-6.20746601938306,-2.81,0.122395583117536,0.0783909751914272,16.7800846099854,17.6998913215227,0.169731011300396,1.11050568716797,178.119995117188,-76.4806348834803,-164.956863659385,-178.119995117188,4.23224878311157,17.0599994659424,6.51999998092651,16.0900001525879,37.7700004577637,990.868200654667
10.15,0.021668214170228,0.0291608465427804,0.473,0.0835252430831578,0.123605116138808,-8.8045148446489,0.0589276987367631,-0.00291411934296215,0.0271078772841652,-0.0552446971497688,-0.0172499814158694,-2.71089400987355,0.0782062094364031,0.00111916992582273,0.0257687653417954,13.237167561181,10.3102758148423,-0.0630607370301443,-7.7398156835631,-14.881550191471,-0.403839275777329,7.50550388336151,-6.20754315025475,-2.81,0.124116316767674,0.0790640250708924,16.7800846099854,17.7044563960466,0.169730991183616,1.11050568250273,178.122634887695,-76.5104310729291,-165.014011352687,-178.122634887695,4.23222255706787,17.0581035614014,6.51999998092651,16.0900001525879,37.7700004577637,990.869177651066
10.175,0.0220461863539311,0.0269442053048095,0.473,0.0655404204372715,0.0322760187336396,-8.80296443706184,0.0704847472819538,-0.0183306545429479,0.0286952828398048,-0.0530324050021766,-0.0177792321226981,-2.71037813681366,0.12506178296949,-0.0186689914306776,0.0293055430249097,13.2369586651564,10.2935141584352,-0.060609429210038,-7.73808645632241,-14.8715082572481,-0.370731823497423,7.50533369556684,-6.20762028112643,-2.81,0.12525788905332,0.0782897334345585,16.7754936218262,17.7023965051828,0.169730727150868,1.11050562127145,178.157470703125,-76.9015060468575,-165.764074827015,-178.157470703125,4.23187494277954,17.0332221984863,6.51999998092651,16.0900001525879,37.7700004577637,990.869663618187
10.2,0.0218885519915652,0.0260981910944153,0.473,0.0252395549829589,0.142353698913067,-8.84705028735936,0.0675574984876679,-0.0104860206340149,0.0311477066992625,-0.05004682453674,-0.0181967526796679,-2.70967132105033,0.0913657089549932,-0.010762466939935,0.0353213559537392,13.2461751948125,10.2616276876098,-0.0298791877813605,-7.7469903503024,-14.8544923805284,-0.302075298216827,7.50502930608457,-6.20776781155057,-2.81,0.128349484117309,0.0766667165553477,16.770902633667,17.7110032375468,0.169730463118121,1.11050556004017,178.192321777344,-77.2925810207859,-166.514138301343,-178.192321777344,4.23152732849121,17.0083408355713,6.49943113327026,16.0921230316162,37.7700004577637,990.870149585308
10.225,0.021652624124192,0.0229387655197673,0.473,-0.0080297508463516,0.146534781399142,-9.07040413013471,0.103161170740582,0.0137425113977611,0.0294227184211639,-0.0525171194963893,-0.0168313762651303,-2.70904355425018,0.0657780628788699,0.0103422399828476,0.0254123752399746,13.2674533473429,10.2442785657533,-0.0341280166396847,-7.76496296224488,-14.8511163406246,-0.348453742108937,7.50464588512439,-6.20795680032574,-2.81,0.12711592884738,0.0751683044030445,16.770902633667,17.7179110272756,0.169730199085373,1.11050549880889,178.227142333984,-77.6836559961325,-167.264201775671,-178.227142333984,4.23118019104004,16.9834594726562,5.90000009536743,16.1539993286133,37.7700004577637,990.870635552429
10.25,0.0235784925030328,0.0259834037137247,0.473,0.0259825618873824,0.0629464174876134,-9.29337808133753,0.0898307955794,0.0342227405474384,0.0308475812620757,-0.0489188772643207,-0.0165222626543593,-2.70843341362776,0.0506670517019518,0.0452287774686459,0.0297741191385303,13.2714152869051,10.2497980873267,-0.00970679814792432,-7.75483266413222,-14.8649411669258,-0.29157027547221,7.50426246416422,-6.20814578910092,-2.81,0.130377271546885,0.0757734710270474,16.770902633667,17.7235035651903,0.169729950140211,1.11050544107655,178.259994506836,-78.0523838297471,-167.97140448012,-178.259994506836,4.23085260391235,16.9599990844727,5.90000009536743,16.1539993286133,37.7700004577637,990.870733613652
10.275,0.024453602811706,0.0262738682987336,0.473,0.0832864720007581,0.125150150111287,-9.50024926444781,0.0965173607718261,0.0445563877518934,0.0288392817545604,-0.0469218354722417,-0.01661197742221,-2.70828023684865,0.165644802717746,0.0233240999333315,0.031521973937225,13.2790197865763,10.2558218123604,-0.0415386953166931,-7.75733606533559,-14.8744268869167,-0.301885669738095,7.50387904320404,-6.2083347778761,-2.81,0.129523237592371,0.0763188386926485,16.7727880477905,17.728408742049,0.169729950140211,1.11050544107655,178.259994506836,-78.0523838297471,-167.97140448012,-178.259994506836,4.23085260391235,16.9599990844727,5.90000009536743,16.1539993286133,37.7700004577637,990.864431227553
10.3,0.0245385312844363,0.0198002337251609,0.473,0.103376934105709,0.0494904927923568,-9.64087924467406,0.0914011686000551,0.0421799427232828,0.026382046182048,-0.0421345455914832,-0.0143045113068097,-2.70705319231321,0.0739779539474557,0.0649492987762762,0.0323849165103728,13.2936439096745,10.2028313433511,-0.00527760840298501,-7.77118513916105,-14.8447801746384,-0.244840296495137,7.50364262553284,-6.20844646421163,-2.81,0.134510622130781,0.073619419888198,16.7746734619141,17.7337719479924,0.169729950140211,1.11050544107655,178.259994506836,-78.0523838297471,-167.97140448012,-178.259994506836,4.23085260391235,16.9599990844727,5.90189599990845,16.1532402038574,37.7700004577637,990.858128841454
10.325,0.0263729196498716,0.0171148330962726,0.473,0.091672964911385,0.0760431373957434,-9.70640420836355,0.0678580431490369,0.0349280198964229,0.0267284237159015,-0.0437920153038768,-0.0127956479116818,-2.70660550148394,0.0747072624564472,0.0318157479238486,0.0225339073215694,13.2982063991309,10.2116842016737,-0.0315178420467305,-7.76589856571045,-14.8565650871986,-0.308341239366853,7.50347784189282,-6.20852048142145,-2.81,0.132596604446171,0.0738097412319182,16.7746734619141,17.7257109289087,0.169729950140211,1.11050544107655,178.259994506836,-78.0523838297471,-167.97140448012,-178.259994506836,4.23085260391235,16.9599990844727,5.98000001907349,16.1219997406006,37.7700004577637,990.851826455356
10.35,0.028082883091205,0.019042046098479,0.473,0.0794349362108881,0.0727090951629244,-9.78322471165318,0.0684440748573391,0.025954651808521,0.0232481884834129,-0.0412070121519356,-0.0122846625785114,-2.70615201716418,0.013792843662447,0.0483663616886504,0.0235484987057627,13.302277184058,10.2085464401566,-0.00295542200998441,-7.7624124373642,-14.8607648390448,-0.260055739649891,7.5033130582528,-6.20859449863127,-2.81,0.13561811806648,0.0738439827554958,16.7746734619141,17.7314591119275,0.169729940131451,1.11050543872738,178.260665893555,-78.0673875841847,-167.999837337355,-178.260665893555,4.23077964782715,16.9599990844727,5.98000001907349,16.1219997406006,37.7700004577637,990.845867717436
