solid
 facet normal  3.7468878708e-02 9.1659119864e-02 -9.9508526714e-01
   outer loop
     vertex 1.6105697918e+01 0.0000000000e+00 -9.0988738756e-01
     vertex 1.5988500990e+01 0.0000000000e+00 -9.1430031337e-01
     vertex 1.6688631124e+01 3.3935438119e+00 -5.7535214359e-01
   endloop
 endfacet
 facet normal  4.0409663975e-02 9.1046522426e-02 -9.9502642669e-01
   outer loop
     vertex 1.6688631124e+01 3.3935438119e+00 -5.7535214359e-01
     vertex 1.5988500990e+01 0.0000000000e+00 -9.1430031337e-01
     vertex 1.6590760653e+01 3.3935823779e+00 -5.7932329593e-01
   endloop
 endfacet
 facet normal  3.6882720603e-02 9.1680227392e-02 -9.9510522098e-01
   outer loop
     vertex 1.5988500990e+01 0.0000000000e+00 -9.1430031337e-01
     vertex 1.5820084686e+01 0.0000000000e+00 -9.2054251909e-01
     vertex 1.6590760653e+01 3.3935823779e+00 -5.7932329593e-01
   endloop
 endfacet
 facet normal  3.9823731753e-02 9.1007144279e-02 -9.9505365186e-01
   outer loop
     vertex 1.6590760653e+01 3.3935823779e+00 -5.7932329593e-01
     vertex 1.5820084686e+01 0.0000000000e+00 -9.2054251909e-01
     vertex 1.6450116936e+01 3.3936374953e+00 -5.8494705460e-01
   endloop
 endfacet
 facet normal  3.6167823073e-02 9.1693441550e-02 -9.9513024341e-01
   outer loop
     vertex 1.5820084686e+01 0.0000000000e+00 -9.2054251909e-01
     vertex 1.5583075819e+01 0.0000000000e+00 -9.2915656213e-01
     vertex 1.6450116936e+01 3.3936374953e+00 -5.8494705460e-01
   endloop
 endfacet
 facet normal  3.9109126149e-02 9.0937717442e-02 -9.9508834171e-01
   outer loop
     vertex 1.6450116936e+01 3.3936374953e+00 -5.8494705460e-01
     vertex 1.5583075819e+01 0.0000000000e+00 -9.2915656213e-01
     vertex 1.6252191452e+01 3.3937145399e+00 -5.9271891378e-01
   endloop
 endfacet
 facet normal  3.5404250451e-02 9.1675225051e-02 -9.9515938028e-01
   outer loop
     vertex 1.5583075819e+01 0.0000000000e+00 -9.2915656213e-01
     vertex 1.5259177718e+01 0.0000000000e+00 -9.4067971081e-01
     vertex 1.6252191452e+01 3.3937145399e+00 -5.9271891378e-01
   endloop
 endfacet
 facet normal  3.8345908873e-02 9.0811428924e-02 -9.9512957732e-01
   outer loop
     vertex 1.6252191452e+01 3.3937145399e+00 -5.9271891378e-01
     vertex 1.5259177718e+01 0.0000000000e+00 -9.4067971081e-01
     vertex 1.5981704384e+01 3.3938190695e+00 -6.0313221092e-01
   endloop
 endfacet
 facet normal  3.4579439356e-02 9.1619648670e-02 -9.9519349995e-01
   outer loop
     vertex 1.5259177718e+01 0.0000000000e+00 -9.4067971081e-01
     vertex 1.4833835370e+01 0.0000000000e+00 -9.5545884665e-01
     vertex 1.5981704384e+01 3.3938190695e+00 -6.0313221092e-01
   endloop
 endfacet
 facet normal  3.7521506489e-02 9.0622982389e-02 -9.9517818084e-01
   outer loop
     vertex 1.5981704384e+01 3.3938190695e+00 -6.0313221092e-01
     vertex 1.4833835370e+01 0.0000000000e+00 -9.5545884665e-01
     vertex 1.5626500433e+01 3.3939552589e+00 -6.1651217213e-01
   endloop
 endfacet
 facet normal  3.3276560725e-02 9.1620357147e-02 -9.9523785130e-01
   outer loop
     vertex 1.4833835370e+01 0.0000000000e+00 -9.5545884665e-01
     vertex 1.4303588553e+01 0.0000000000e+00 -9.7318806626e-01
     vertex 1.5626500433e+01 3.3939552589e+00 -6.1651217213e-01
   endloop
 endfacet
 facet normal  3.6219067442e-02 9.0473641027e-02 -9.9524002102e-01
   outer loop
     vertex 1.5626500433e+01 3.3939552589e+00 -6.1651217213e-01
     vertex 1.4303588553e+01 0.0000000000e+00 -9.7318806626e-01
     vertex 1.5183688915e+01 3.3941229144e+00 -6.3261185812e-01
   endloop
 endfacet
 facet normal  3.0430581563e-02 9.1980194418e-02 -9.9529574677e-01
   outer loop
     vertex 1.4303588553e+01 0.0000000000e+00 -9.7318806626e-01
     vertex 1.3683799285e+01 0.0000000000e+00 -9.9213775828e-01
     vertex 1.5183688915e+01 3.3941229144e+00 -6.3261185812e-01
   endloop
 endfacet
 facet normal  3.3373489763e-02 9.0682323656e-02 -9.9532051439e-01
   outer loop
     vertex 1.5183688915e+01 3.3941229144e+00 -6.3261185812e-01
     vertex 1.3683799285e+01 0.0000000000e+00 -9.9213775828e-01
     vertex 1.4666095736e+01 3.3943134637e+00 -6.4994960103e-01
   endloop
 endfacet
 facet normal  2.3764521512e-02 9.3464963120e-02 -9.9533891122e-01
   outer loop
     vertex 1.3683799285e+01 0.0000000000e+00 -9.9213775828e-01
     vertex 1.3011592463e+01 0.0000000000e+00 -1.0081872398e+00
     vertex 1.4666095736e+01 3.3943134637e+00 -6.4994960103e-01
   endloop
 endfacet
 facet normal  2.6707547711e-02 9.2036604747e-02 -9.9539739315e-01
   outer loop
     vertex 1.4666095736e+01 3.3943134637e+00 -6.4994960103e-01
     vertex 1.3011592463e+01 0.0000000000e+00 -1.0081872398e+00
     vertex 1.4104716995e+01 3.3945063722e+00 -6.6499414001e-01
   endloop
 endfacet
 facet normal  1.3258588478e-02 9.6353534338e-02 -9.9525886394e-01
   outer loop
     vertex 1.3011592463e+01 0.0000000000e+00 -1.0081872398e+00
     vertex 1.3543193568e+01 3.3946715748e+00 -6.7245862031e-01
     vertex 1.4104716995e+01 3.3945063722e+00 -6.6499414001e-01
   endloop
 endfacet
 facet normal  1.0317702832e-02 9.6813107334e-02 -9.9524909809e-01
   outer loop
     vertex 1.3011592463e+01 0.0000000000e+00 -1.0081872398e+00
     vertex 1.2339239100e+01 0.0000000000e+00 -1.0151574970e+00
     vertex 1.3543193568e+01 3.3946715748e+00 -6.7245862031e-01
   endloop
 endfacet
 facet normal  -1.4737691442e-03 1.0095877139e-01 -9.9488951873e-01
   outer loop
     vertex 1.2339239100e+01 0.0000000000e+00 -1.0151574970e+00
     vertex 1.3025322017e+01 3.3947958864e+00 -6.7167886191e-01
     vertex 1.3543193568e+01 3.3946715748e+00 -6.7245862031e-01
   endloop
 endfacet
 facet normal  -4.4133912527e-03 1.0154593804e-01 -9.9482106152e-01
   outer loop
     vertex 1.2339239100e+01 0.0000000000e+00 -1.0151574970e+00
     vertex 1.1719180335e+01 0.0000000000e+00 -1.0124066888e+00
     vertex 1.3025322017e+01 3.3947958864e+00 -6.7167886191e-01
   endloop
 endfacet
 facet normal  -2.5465670657e-02 1.0952896487e-01 -9.9365733806e-01
   outer loop
     vertex 1.1719180335e+01 0.0000000000e+00 -1.0124066888e+00
     vertex 1.2582389225e+01 3.3948630788e+00 -6.6031987559e-01
     vertex 1.3025322017e+01 3.3947958864e+00 -6.7167886191e-01
   endloop
 endfacet
 facet normal  -2.8399597860e-02 1.1025835709e-01 -9.9349713514e-01
   outer loop
     vertex 1.1719180335e+01 0.0000000000e+00 -1.0124066888e+00
     vertex 1.1188885016e+01 0.0000000000e+00 -9.9724793971e-01
     vertex 1.2582389225e+01 3.3948630788e+00 -6.6031987559e-01
   endloop
 endfacet
 facet normal  -6.6985338603e-02 1.2572993193e-01 -9.8980045900e-01
   outer loop
     vertex 1.1188885016e+01 0.0000000000e+00 -9.9724793971e-01
     vertex 1.2227788299e+01 3.3948623260e+00 -6.3632214124e-01
     vertex 1.2582389225e+01 3.3948630788e+00 -6.6031987559e-01
   endloop
 endfacet
 facet normal  -6.9898775140e-02 1.2658845146e-01 -9.8948952758e-01
   outer loop
     vertex 1.1188885016e+01 0.0000000000e+00 -9.9724793971e-01
     vertex 1.0764396321e+01 0.0000000000e+00 -9.6726152854e-01
     vertex 1.2227788299e+01 3.3948623260e+00 -6.3632214124e-01
   endloop
 endfacet
 facet normal  -1.3144404596e-01 1.5215196322e-01 -9.7957758389e-01
   outer loop
     vertex 1.0764396321e+01 0.0000000000e+00 -9.6726152854e-01
     vertex 1.1959570982e+01 3.3947965074e+00 -6.0034178050e-01
     vertex 1.2227788299e+01 3.3948623260e+00 -6.3632214124e-01
   endloop
 endfacet
 facet normal  -1.3429879061e-01 1.5309918752e-01 -9.7904263116e-01
   outer loop
     vertex 1.0764396321e+01 0.0000000000e+00 -9.6726152854e-01
     vertex 1.0443379242e+01 0.0000000000e+00 -9.2322646395e-01
     vertex 1.1959570982e+01 3.3947965074e+00 -6.0034178050e-01
   endloop
 endfacet
 facet normal  -2.3365909855e-01 1.9495811610e-01 -9.5257270517e-01
   outer loop
     vertex 1.0443379242e+01 0.0000000000e+00 -9.2322646395e-01
     vertex 1.1767319932e+01 3.3946712221e+00 -5.5320964931e-01
     vertex 1.1959570982e+01 3.3947965074e+00 -6.0034178050e-01
   endloop
 endfacet
 facet normal  -2.3635465626e-01 1.9591546082e-01 -9.5171088503e-01
   outer loop
     vertex 1.0443379242e+01 0.0000000000e+00 -9.2322646395e-01
     vertex 1.0213357887e+01 0.0000000000e+00 -8.6610132305e-01
     vertex 1.1767319932e+01 3.3946712221e+00 -5.5320964931e-01
   endloop
 endfacet
 facet normal  -4.1852796430e-01 2.7147082502e-01 -8.6668214142e-01
   outer loop
     vertex 1.0213357887e+01 0.0000000000e+00 -8.6610132305e-01
     vertex 1.1640985905e+01 3.3944791889e+00 -4.9226205465e-01
     vertex 1.1767319932e+01 3.3946712221e+00 -5.5320964931e-01
   endloop
 endfacet
 facet normal  -4.2074451552e-01 2.7225756189e-01 -8.6536112269e-01
   outer loop
     vertex 1.0213357887e+01 0.0000000000e+00 -8.6610132305e-01
     vertex 1.0062309407e+01 0.0000000000e+00 -7.9266051604e-01
     vertex 1.1640985905e+01 3.3944791889e+00 -4.9226205465e-01
   endloop
 endfacet
 facet normal  -7.7042124745e-01 4.0208479452e-01 -4.9475137140e-01
   outer loop
     vertex 1.0062309407e+01 0.0000000000e+00 -7.9266051604e-01
     vertex 1.1589487230e+01 3.3941991779e+00 -4.1229646475e-01
     vertex 1.1640985905e+01 3.3944791889e+00 -4.9226205465e-01
   endloop
 endfacet
 facet normal  -7.7123036184e-01 4.0228876607e-01 -4.9332289391e-01
   outer loop
     vertex 1.0062309407e+01 0.0000000000e+00 -7.9266051604e-01
     vertex 1.0000930282e+01 0.0000000000e+00 -6.9670420415e-01
     vertex 1.1589487230e+01 3.3941991779e+00 -4.1229646475e-01
   endloop
 endfacet
 facet normal  -8.4083687985e-01 3.5963148103e-01 4.0454732645e-01
   outer loop
     vertex 1.0000930282e+01 0.0000000000e+00 -6.9670420415e-01
     vertex 1.0051003049e+01 0.0000000000e+00 -5.9262978050e-01
     vertex 1.1589487230e+01 3.3941991779e+00 -4.1229646475e-01
   endloop
 endfacet
 facet normal  -8.4133901140e-01 3.5992870443e-01 4.0323689765e-01
   outer loop
     vertex 1.1589487230e+01 3.3941991779e+00 -4.1229646475e-01
     vertex 1.0051003049e+01 0.0000000000e+00 -5.9262978050e-01
     vertex 1.1631051751e+01 3.3938705111e+00 -3.2528024720e-01
   endloop
 endfacet
 facet normal  -5.2557515146e-01 1.7917268355e-01 8.3166574394e-01
   outer loop
     vertex 1.0051003049e+01 0.0000000000e+00 -5.9262978050e-01
     vertex 1.0195073142e+01 0.0000000000e+00 -5.0158399500e-01
     vertex 1.1631051751e+01 3.3938705111e+00 -3.2528024720e-01
   endloop
 endfacet
 facet normal  -5.2747600227e-01 1.8004936261e-01 8.3027181938e-01
   outer loop
     vertex 1.1631051751e+01 3.3938705111e+00 -3.2528024720e-01
     vertex 1.0195073142e+01 0.0000000000e+00 -5.0158399500e-01
     vertex 1.1751153578e+01 3.3935615282e+00 -2.4891192767e-01
   endloop
 endfacet
 facet normal  -3.3382846168e-01 8.3162013632e-02 9.3895827259e-01
   outer loop
     vertex 1.0195073142e+01 0.0000000000e+00 -5.0158399500e-01
     vertex 1.0421633864e+01 0.0000000000e+00 -4.2103471016e-01
     vertex 1.1751153578e+01 3.3935615282e+00 -2.4891192767e-01
   endloop
 endfacet
 facet normal  -3.3633830541e-01 8.4195439836e-02 9.3796997405e-01
   outer loop
     vertex 1.1751153578e+01 3.3935615282e+00 -2.4891192767e-01
     vertex 1.0421633864e+01 0.0000000000e+00 -4.2103471016e-01
     vertex 1.1940176253e+01 3.3932669562e+00 -1.8110552699e-01
   endloop
 endfacet
 facet normal  -2.1259442148e-01 2.6072981459e-02 9.7679261442e-01
   outer loop
     vertex 1.0421633864e+01 0.0000000000e+00 -4.2103471016e-01
     vertex 1.0742801495e+01 0.0000000000e+00 -3.5113405195e-01
     vertex 1.1940176253e+01 3.3932669562e+00 -1.8110552699e-01
   endloop
 endfacet
 facet normal  -2.1535733042e-01 2.7079633033e-02 9.7615977878e-01
   outer loop
     vertex 1.1940176253e+01 3.3932669562e+00 -1.8110552699e-01
     vertex 1.0742801495e+01 0.0000000000e+00 -3.5113405195e-01
     vertex 1.2208239505e+01 3.3929846667e+00 -1.2195841612e-01
   endloop
 endfacet
 facet normal  -1.1979599586e-01 -1.5309404630e-02 9.9268048309e-01
   outer loop
     vertex 1.0742801495e+01 0.0000000000e+00 -3.5113405195e-01
     vertex 1.1171318881e+01 0.0000000000e+00 -2.9942086944e-01
     vertex 1.2208239505e+01 3.3929846667e+00 -1.2195841612e-01
   endloop
 endfacet
 facet normal  -1.2267715746e-01 -1.4411196901e-02 9.9234199369e-01
   outer loop
     vertex 1.2208239505e+01 3.3929846667e+00 -1.2195841612e-01
     vertex 1.1171318881e+01 0.0000000000e+00 -2.9942086944e-01
     vertex 1.2566004503e+01 3.3927349634e+00 -7.7733748867e-02
   endloop
 endfacet
 facet normal  -4.0781306994e-02 -4.8446186998e-02 9.9799291178e-01
   outer loop
     vertex 1.1171318881e+01 0.0000000000e+00 -2.9942086944e-01
     vertex 1.1708926774e+01 0.0000000000e+00 -2.7745242431e-01
     vertex 1.2566004503e+01 3.3927349634e+00 -7.7733748867e-02
   endloop
 endfacet
 facet normal  -4.3712335075e-02 -4.7700556522e-02 9.9790474930e-01
   outer loop
     vertex 1.2566004503e+01 3.3927349634e+00 -7.7733748867e-02
     vertex 1.1708926774e+01 0.0000000000e+00 -2.7745242431e-01
     vertex 1.3014953482e+01 3.3925527815e+00 -5.8076644292e-02
   endloop
 endfacet
 facet normal  2.9133132913e-02 -7.5666365061e-02 9.9670751064e-01
   outer loop
     vertex 1.1708926774e+01 0.0000000000e+00 -2.7745242431e-01
     vertex 1.2337536912e+01 0.0000000000e+00 -2.9582630280e-01
     vertex 1.3014953482e+01 3.3925527815e+00 -5.8076644292e-02
   endloop
 endfacet
 facet normal  2.6194042954e-02 -7.5088274808e-02 9.9683279596e-01
   outer loop
     vertex 1.3014953482e+01 3.3925527815e+00 -5.8076644292e-02
     vertex 1.2337536912e+01 0.0000000000e+00 -2.9582630280e-01
     vertex 1.3540005392e+01 3.3924743684e+00 -7.1879480888e-02
   endloop
 endfacet
 facet normal  8.5808688696e-02 -9.5879133614e-02 9.9168748136e-01
   outer loop
     vertex 1.2337536912e+01 0.0000000000e+00 -2.9582630280e-01
     vertex 1.3017011839e+01 0.0000000000e+00 -3.5461987802e-01
     vertex 1.3540005392e+01 3.3924743684e+00 -7.1879480888e-02
   endloop
 endfacet
 facet normal  8.2885193000e-02 -9.5452588773e-02 9.9197724171e-01
   outer loop
     vertex 1.3540005392e+01 3.3924743684e+00 -7.1879480888e-02
     vertex 1.3017011839e+01 0.0000000000e+00 -3.5461987802e-01
     vertex 1.4107638157e+01 3.3925085513e+00 -1.1930505327e-01
   endloop
 endfacet
 facet normal  1.2122016505e-01 -1.0741718958e-01 9.8679644252e-01
   outer loop
     vertex 1.3017011839e+01 0.0000000000e+00 -3.5461987802e-01
     vertex 1.4673029394e+01 3.3926238574e+00 -1.8874635868e-01
     vertex 1.4107638157e+01 3.3925085513e+00 -1.1930505327e-01
   endloop
 endfacet
 facet normal  1.2410913854e-01 -1.0880237957e-01 9.8628543735e-01
   outer loop
     vertex 1.3017011839e+01 0.0000000000e+00 -3.5461987802e-01
     vertex 1.3693725389e+01 0.0000000000e+00 -4.3977406621e-01
     vertex 1.4673029394e+01 3.3926238574e+00 -1.8874635868e-01
   endloop
 endfacet
 facet normal  1.5118656184e-01 -1.1627494994e-01 9.8164288799e-01
   outer loop
     vertex 1.3693725389e+01 0.0000000000e+00 -4.3977406621e-01
     vertex 1.5192243087e+01 3.3927889494e+00 -2.6869288303e-01
     vertex 1.4673029394e+01 3.3926238574e+00 -1.8874635868e-01
   endloop
 endfacet
 facet normal  1.5405116338e-01 -1.1751029494e-01 9.8105023808e-01
   outer loop
     vertex 1.3693725389e+01 0.0000000000e+00 -4.3977406621e-01
     vertex 1.4315112330e+01 0.0000000000e+00 -5.3734845888e-01
     vertex 1.5192243087e+01 3.3927889494e+00 -2.6869288303e-01
   endloop
 endfacet
 facet normal  1.7470431401e-01 -1.2252643015e-01 9.7696759239e-01
   outer loop
     vertex 1.4315112330e+01 0.0000000000e+00 -5.3734845888e-01
     vertex 1.5634720413e+01 3.3929697952e+00 -3.4779534247e-01
     vertex 1.5192243087e+01 3.3927889494e+00 -2.6869288303e-01
   endloop
 endfacet
 facet normal  1.7754852063e-01 -1.2359642382e-01 9.7631984864e-01
   outer loop
     vertex 1.4315112330e+01 0.0000000000e+00 -5.3734845888e-01
     vertex 1.4844623732e+01 0.0000000000e+00 -6.3364268672e-01
     vertex 1.5634720413e+01 3.3929697952e+00 -3.4779534247e-01
   endloop
 endfacet
 facet normal  1.9312010043e-01 -1.2693683378e-01 9.7292942552e-01
   outer loop
     vertex 1.4844623732e+01 0.0000000000e+00 -6.3364268672e-01
     vertex 1.5988413596e+01 3.3931398012e+00 -4.1797893568e-01
     vertex 1.5634720413e+01 3.3929697952e+00 -3.4779534247e-01
   endloop
 endfacet
 facet normal  1.9594823309e-01 -1.2784663818e-01 9.7224458191e-01
   outer loop
     vertex 1.4844623732e+01 0.0000000000e+00 -6.3364268672e-01
     vertex 1.5267862905e+01 0.0000000000e+00 -7.1894320650e-01
     vertex 1.5988413596e+01 3.3931398012e+00 -4.1797893568e-01
   endloop
 endfacet
 facet normal  2.0732401891e-01 -1.3002711467e-01 9.6959254362e-01
   outer loop
     vertex 1.5267862905e+01 0.0000000000e+00 -7.1894320650e-01
     vertex 1.6256950200e+01 3.3932839353e+00 -4.7537969330e-01
     vertex 1.5988413596e+01 3.3931398012e+00 -4.1797893568e-01
   endloop
 endfacet
 facet normal  2.1013994816e-01 -1.3079694911e-01 9.6888253173e-01
   outer loop
     vertex 1.5267862905e+01 0.0000000000e+00 -7.1894320650e-01
     vertex 1.5589186838e+01 0.0000000000e+00 -7.8863482793e-01
     vertex 1.6256950200e+01 3.3932839353e+00 -4.7537969330e-01
   endloop
 endfacet
 facet normal  2.1807923615e-01 -1.3217984753e-01 9.6693843375e-01
   outer loop
     vertex 1.5589186838e+01 0.0000000000e+00 -7.8863482793e-01
     vertex 1.6452976076e+01 3.3933975457e+00 -5.1957501620e-01
     vertex 1.6256950200e+01 3.3932839353e+00 -4.7537969330e-01
   endloop
 endfacet
 facet normal  2.2088609182e-01 -1.3283665738e-01 9.6621103124e-01
   outer loop
     vertex 1.5589186838e+01 0.0000000000e+00 -7.8863482793e-01
     vertex 1.5823738236e+01 0.0000000000e+00 -8.4225576585e-01
     vertex 1.6452976076e+01 3.3933975457e+00 -5.1957501620e-01
   endloop
 endfacet
 facet normal  2.2600262907e-01 -1.3366199542e-01 9.6491309590e-01
   outer loop
     vertex 1.5823738236e+01 0.0000000000e+00 -8.4225576585e-01
     vertex 1.6592011736e+01 3.3934825428e+00 -5.5212827305e-01
     vertex 1.6452976076e+01 3.3933975457e+00 -5.1957501620e-01
   endloop
 endfacet
 facet normal  2.2880290005e-01 -1.3423274733e-01 9.6417363710e-01
   outer loop
     vertex 1.5823738236e+01 0.0000000000e+00 -8.4225576585e-01
     vertex 1.5990094720e+01 0.0000000000e+00 -8.8173293512e-01
     vertex 1.6592011736e+01 3.3934825428e+00 -5.5212827305e-01
   endloop
 endfacet
 facet normal  2.3165989344e-01 -1.3466732876e-01 9.6343053944e-01
   outer loop
     vertex 1.5990094720e+01 0.0000000000e+00 -8.8173293512e-01
     vertex 1.6688631124e+01 3.3935438119e+00 -5.7535214359e-01
     vertex 1.6592011736e+01 3.3934825428e+00 -5.5212827305e-01
   endloop
 endfacet
 facet normal  2.3445552340e-01 -1.3517528404e-01 9.6268283984e-01
   outer loop
     vertex 1.5990094720e+01 0.0000000000e+00 -8.8173293512e-01
     vertex 1.6105697918e+01 0.0000000000e+00 -9.0988738756e-01
     vertex 1.6688631124e+01 3.3935438119e+00 -5.7535214359e-01
   endloop
 endfacet
 facet normal  4.0409329839e-02 9.1147308845e-02 -9.9501721299e-01
   outer loop
     vertex 1.6688631124e+01 3.3935438119e+00 -5.7535214359e-01
     vertex 1.6590760653e+01 3.3935823779e+00 -5.7932329593e-01
     vertex 1.7271564330e+01 6.7870876238e+00 -2.4081689961e-01
   endloop
 endfacet
 facet normal  4.4794988261e-02 9.0256825637e-02 -9.9491060626e-01
   outer loop
     vertex 1.7271564330e+01 6.7870876238e+00 -2.4081689961e-01
     vertex 1.6590760653e+01 3.3935823779e+00 -5.7932329593e-01
     vertex 1.7193020316e+01 6.7871647558e+00 -2.4434627849e-01
   endloop
 endfacet
 facet normal  3.9823259192e-02 9.1151972482e-02 -9.9504041422e-01
   outer loop
     vertex 1.6590760653e+01 3.3935823779e+00 -5.7932329593e-01
     vertex 1.6450116936e+01 3.3936374953e+00 -5.8494705460e-01
     vertex 1.7193020316e+01 6.7871647558e+00 -2.4434627849e-01
   endloop
 endfacet
 facet normal  4.4209213315e-02 9.0182090635e-02 -9.9494358432e-01
   outer loop
     vertex 1.7193020316e+01 6.7871647558e+00 -2.4434627849e-01
     vertex 1.6450116936e+01 3.3936374953e+00 -5.8494705460e-01
     vertex 1.7080149186e+01 6.7872749905e+00 -2.4935159012e-01
   endloop
 endfacet
 facet normal  3.9108474323e-02 9.1141521650e-02 -9.9506972131e-01
   outer loop
     vertex 1.6450116936e+01 3.3936374953e+00 -5.8494705460e-01
     vertex 1.6252191452e+01 3.3937145399e+00 -5.9271891378e-01
     vertex 1.7080149186e+01 6.7872749905e+00 -2.4935159012e-01
   endloop
 endfacet
 facet normal  4.3494808188e-02 9.0062863770e-02 -9.9498587037e-01
   outer loop
     vertex 1.7080149186e+01 6.7872749905e+00 -2.4935159012e-01
     vertex 1.6252191452e+01 3.3937145399e+00 -5.9271891378e-01
     vertex 1.6921307084e+01 6.7874290799e+00 -2.5628126543e-01
   endloop
 endfacet
 facet normal  3.8345037832e-02 9.1089935324e-02 -9.9510415624e-01
   outer loop
     vertex 1.6252191452e+01 3.3937145399e+00 -5.9271891378e-01
     vertex 1.5981704384e+01 3.3938190695e+00 -6.0313221092e-01
     vertex 1.6921307084e+01 6.7874290799e+00 -2.5628126543e-01
   endloop
 endfacet
 facet normal  4.2731828362e-02 8.9868432712e-02 -9.9503650971e-01
   outer loop
     vertex 1.6921307084e+01 6.7874290799e+00 -2.5628126543e-01
     vertex 1.5981704384e+01 3.3938190695e+00 -6.0313221092e-01
     vertex 1.6704231050e+01 6.7876381390e+00 -2.6558471103e-01
   endloop
 endfacet
 facet normal  3.7520391281e-02 9.0988696638e-02 -9.9514485243e-01
   outer loop
     vertex 1.5981704384e+01 3.3938190695e+00 -6.0313221092e-01
     vertex 1.5626500433e+01 3.3939552589e+00 -6.1651217213e-01
     vertex 1.6704231050e+01 6.7876381390e+00 -2.6558471103e-01
   endloop
 endfacet
 facet normal  4.1907704022e-02 8.9590432637e-02 -9.9509662783e-01
   outer loop
     vertex 1.6704231050e+01 6.7876381390e+00 -2.6558471103e-01
     vertex 1.5626500433e+01 3.3939552589e+00 -6.1651217213e-01
     vertex 1.6419165495e+01 6.7879105179e+00 -2.7756549761e-01
   endloop
 endfacet
 facet normal  3.6217731251e-02 9.0929513208e-02 -9.9519852269e-01
   outer loop
     vertex 1.5626500433e+01 3.3939552589e+00 -6.1651217213e-01
     vertex 1.5183688915e+01 3.3941229144e+00 -6.3261185812e-01
     vertex 1.6419165495e+01 6.7879105179e+00 -2.7756549761e-01
   endloop
 endfacet
 facet normal  4.0605625096e-02 8.9329582322e-02 -9.9517405962e-01
   outer loop
     vertex 1.6419165495e+01 6.7879105179e+00 -2.7756549761e-01
     vertex 1.5183688915e+01 3.3941229144e+00 -6.3261185812e-01
     vertex 1.6063789278e+01 6.7882458287e+00 -2.9203564999e-01
   endloop
 endfacet
 facet normal  3.3372056817e-02 9.1215071378e-02 -9.9527188073e-01
   outer loop
     vertex 1.5183688915e+01 3.3941229144e+00 -6.3261185812e-01
     vertex 1.4666095736e+01 3.3943134637e+00 -6.4994960103e-01
     vertex 1.6063789278e+01 6.7882458287e+00 -2.9203564999e-01
   endloop
 endfacet
 facet normal  3.7760557144e-02 8.9408542517e-02 -9.9527898242e-01
   outer loop
     vertex 1.6063789278e+01 6.7882458287e+00 -2.9203564999e-01
     vertex 1.4666095736e+01 3.3943134637e+00 -6.4994960103e-01
     vertex 1.5648392188e+01 6.7886269275e+00 -3.0776144379e-01
   endloop
 endfacet
 facet normal  2.6706311483e-02 9.2614123353e-02 -9.9534385872e-01
   outer loop
     vertex 1.4666095736e+01 3.3943134637e+00 -6.4994960103e-01
     vertex 1.4104716995e+01 3.3945063722e+00 -6.6499414001e-01
     vertex 1.5648392188e+01 6.7886269275e+00 -3.0776144379e-01
   endloop
 endfacet
 facet normal  3.1095222704e-02 9.0623877529e-02 -9.9539961822e-01
   outer loop
     vertex 1.5648392188e+01 6.7886269275e+00 -3.0776144379e-01
     vertex 1.4104716995e+01 3.3945063722e+00 -6.6499414001e-01
     vertex 1.5197841527e+01 6.7890127444e+00 -3.2180104021e-01
   endloop
 endfacet
 facet normal  1.7645860712e-02 9.4947486890e-02 -9.9532587545e-01
   outer loop
     vertex 1.4104716995e+01 3.3945063722e+00 -6.6499414001e-01
     vertex 1.4747148036e+01 6.7893431496e+00 -3.2975974361e-01
     vertex 1.5197841527e+01 6.7890127444e+00 -3.2180104021e-01
   endloop
 endfacet
 facet normal  1.3259158985e-02 9.5776497969e-02 -9.9531455186e-01
   outer loop
     vertex 1.4104716995e+01 3.3945063722e+00 -6.6499414001e-01
     vertex 1.3543193568e+01 3.3946715748e+00 -6.7245862031e-01
     vertex 1.4747148036e+01 6.7893431496e+00 -3.2975974361e-01
   endloop
 endfacet
 facet normal  2.9111083042e-03 9.9418963527e-02 -9.9504140373e-01
   outer loop
     vertex 1.3543193568e+01 3.3946715748e+00 -6.7245862031e-01
     vertex 1.4331463699e+01 6.7895917728e+00 -3.3095103501e-01
     vertex 1.4747148036e+01 6.7893431496e+00 -3.2975974361e-01
   endloop
 endfacet
 facet normal  -1.4739777201e-03 1.0042727370e-01 -9.9494330999e-01
   outer loop
     vertex 1.3543193568e+01 3.3946715748e+00 -6.7245862031e-01
     vertex 1.3025322017e+01 3.3947958864e+00 -6.7167886191e-01
     vertex 1.4331463699e+01 6.7895917728e+00 -3.3095103501e-01
   endloop
 endfacet
 facet normal  -2.1089853032e-02 1.0787383431e-01 -9.9394087046e-01
   outer loop
     vertex 1.3025322017e+01 3.3947958864e+00 -6.7167886191e-01
     vertex 1.3975893435e+01 6.7897261577e+00 -3.2339181147e-01
     vertex 1.4331463699e+01 6.7895917728e+00 -3.3095103501e-01
   endloop
 endfacet
 facet normal  -2.5467017860e-02 1.0907545525e-01 -9.9370718829e-01
   outer loop
     vertex 1.3025322017e+01 3.3947958864e+00 -6.7167886191e-01
     vertex 1.2582389225e+01 3.3948630788e+00 -6.6031987559e-01
     vertex 1.3975893435e+01 6.7897261577e+00 -3.2339181147e-01
   endloop
 endfacet
 facet normal  -6.2640657395e-02 1.2399647675e-01 -9.9030349984e-01
   outer loop
     vertex 1.2582389225e+01 3.3948630788e+00 -6.6031987559e-01
     vertex 1.3691180276e+01 6.7897246519e+00 -3.0538275394e-01
     vertex 1.3975893435e+01 6.7897261577e+00 -3.2339181147e-01
   endloop
 endfacet
 facet normal  -6.6988424751e-02 1.2536867044e-01 -9.8984607259e-01
   outer loop
     vertex 1.2582389225e+01 3.3948630788e+00 -6.6031987559e-01
     vertex 1.2227788299e+01 3.3948623260e+00 -6.3632214124e-01
     vertex 1.3691180276e+01 6.7897246519e+00 -3.0538275394e-01
   endloop
 endfacet
 facet normal  -1.2718736489e-01 1.5039822001e-01 -9.8040999058e-01
   outer loop
     vertex 1.2227788299e+01 3.3948623260e+00 -6.3632214124e-01
     vertex 1.3475762723e+01 6.7895930149e+00 -2.7745709705e-01
     vertex 1.3691180276e+01 6.7897246519e+00 -3.0538275394e-01
   endloop
 endfacet
 facet normal  -1.3144951271e-01 1.5188143985e-01 -9.7961883089e-01
   outer loop
     vertex 1.2227788299e+01 3.3948623260e+00 -6.3632214124e-01
     vertex 1.1959570982e+01 3.3947965074e+00 -6.0034178050e-01
     vertex 1.3475762723e+01 6.7895930149e+00 -2.7745709705e-01
   endloop
 endfacet
 facet normal  -2.2964054307e-01 1.9328856104e-01 -9.5388927720e-01
   outer loop
     vertex 1.1959570982e+01 3.3947965074e+00 -6.0034178050e-01
     vertex 1.3321281978e+01 6.7893424441e+00 -2.4031797556e-01
     vertex 1.3475762723e+01 6.7895930149e+00 -2.7745709705e-01
   endloop
 endfacet
 facet normal  -2.3366795673e-01 1.9476839556e-01 -9.5260934180e-01
   outer loop
     vertex 1.1959570982e+01 3.3947965074e+00 -6.0034178050e-01
     vertex 1.1767319932e+01 3.3946712221e+00 -5.5320964931e-01
     vertex 1.3321281978e+01 6.7893424441e+00 -2.4031797556e-01
   endloop
 endfacet
 facet normal  -4.1522714935e-01 2.7014416370e-01 -8.6868207375e-01
   outer loop
     vertex 1.1767319932e+01 3.3946712221e+00 -5.5320964931e-01
     vertex 1.3219662402e+01 6.7889583778e+00 -1.9186359327e-01
     vertex 1.3321281978e+01 6.7893424441e+00 -2.4031797556e-01
   endloop
 endfacet
 facet normal  -4.1854226602e-01 2.7135291925e-01 -8.6671215797e-01
   outer loop
     vertex 1.1767319932e+01 3.3946712221e+00 -5.5320964931e-01
     vertex 1.1640985905e+01 3.3944791889e+00 -4.9226205465e-01
     vertex 1.3219662402e+01 6.7889583778e+00 -1.9186359327e-01
   endloop
 endfacet
 facet normal  -7.6922904780e-01 4.0172029179e-01 -4.9689785589e-01
   outer loop
     vertex 1.1640985905e+01 3.3944791889e+00 -4.9226205465e-01
     vertex 1.3178044178e+01 6.7883983558e+00 -1.2788872535e-01
     vertex 1.3219662402e+01 6.7889583778e+00 -1.9186359327e-01
   endloop
 endfacet
 facet normal  -7.7043821090e-01 4.0203864704e-01 -4.9476245763e-01
   outer loop
     vertex 1.1640985905e+01 3.3944791889e+00 -4.9226205465e-01
     vertex 1.1589487230e+01 3.3941991779e+00 -4.1229646475e-01
     vertex 1.3178044178e+01 6.7883983558e+00 -1.2788872535e-01
   endloop
 endfacet
 facet normal  -8.4132454354e-01 3.5997008775e-01 4.0323014318e-01
   outer loop
     vertex 1.1589487230e+01 3.3941991779e+00 -4.1229646475e-01
     vertex 1.1631051751e+01 3.3938705111e+00 -3.2528024720e-01
     vertex 1.3178044178e+01 6.7883983558e+00 -1.2788872535e-01
   endloop
 endfacet
 facet normal  -8.4206539269e-01 3.6042135698e-01 4.0127586504e-01
   outer loop
     vertex 1.3178044178e+01 6.7883983558e+00 -1.2788872535e-01
     vertex 1.1631051751e+01 3.3938705111e+00 -3.2528024720e-01
     vertex 1.3211100452e+01 6.7877410222e+00 -5.7930713887e-02
   endloop
 endfacet
 facet normal  -5.2746457859e-01 1.8016350850e-01 8.3025431558e-01
   outer loop
     vertex 1.1631051751e+01 3.3938705111e+00 -3.2528024720e-01
     vertex 1.1751153578e+01 3.3935615282e+00 -2.4891192767e-01
     vertex 1.3211100452e+01 6.7877410222e+00 -5.7930713887e-02
   endloop
 endfacet
 facet normal  -5.3028414571e-01 1.8149380656e-01 8.2816587891e-01
   outer loop
     vertex 1.3211100452e+01 6.7877410222e+00 -5.7930713887e-02
     vertex 1.1751153578e+01 3.3935615282e+00 -2.4891192767e-01
     vertex 1.3307234013e+01 6.7871230563e+00 3.7601396544e-03
   endloop
 endfacet
 facet normal  -3.3633263012e-01 8.4384974337e-02 9.3795497654e-01
   outer loop
     vertex 1.1751153578e+01 3.3935615282e+00 -2.4891192767e-01
     vertex 1.1940176253e+01 3.3932669562e+00 -1.8110552699e-01
     vertex 1.3307234013e+01 6.7871230563e+00 3.7601396544e-03
   endloop
 endfacet
 facet normal  -3.4006349467e-01 8.5968956034e-02 9.3646471273e-01
   outer loop
     vertex 1.3307234013e+01 6.7871230563e+00 3.7601396544e-03
     vertex 1.1940176253e+01 3.3932669562e+00 -1.8110552699e-01
     vertex 1.3458718641e+01 6.7865339124e+00 5.8823656185e-02
   endloop
 endfacet
 facet normal  -2.1535544644e-01 2.7353842602e-02 9.7615254903e-01
   outer loop
     vertex 1.1940176253e+01 3.3932669562e+00 -1.8110552699e-01
     vertex 1.2208239505e+01 3.3929846667e+00 -1.2195841612e-01
     vertex 1.3458718641e+01 6.7865339124e+00 5.8823656185e-02
   endloop
 endfacet
 facet normal  -2.1946819231e-01 2.8920565046e-02 9.7519091130e-01
   outer loop
     vertex 1.3458718641e+01 6.7865339124e+00 5.8823656185e-02
     vertex 1.2208239505e+01 3.3929846667e+00 -1.2195841612e-01
     vertex 1.3673677515e+01 6.7859693333e+00 1.0721721971e-01
   endloop
 endfacet
 facet normal  -1.2267754773e-01 -1.4042346637e-02 9.9234723347e-01
   outer loop
     vertex 1.2208239505e+01 3.3929846667e+00 -1.2195841612e-01
     vertex 1.2566004503e+01 3.3927349634e+00 -7.7733748867e-02
     vertex 1.3673677515e+01 6.7859693333e+00 1.0721721971e-01
   endloop
 endfacet
 facet normal  -1.2697065775e-01 -1.2612527235e-02 9.9182628329e-01
   outer loop
     vertex 1.3673677515e+01 6.7859693333e+00 1.0721721971e-01
     vertex 1.2566004503e+01 3.3927349634e+00 -7.7733748867e-02
     vertex 1.3960690125e+01 6.7854699268e+00 1.4395337171e-01
   endloop
 endfacet
 facet normal  -4.3713111515e-02 -4.7236659636e-02 9.9792678182e-01
   outer loop
     vertex 1.2566004503e+01 3.3927349634e+00 -7.7733748867e-02
     vertex 1.3014953482e+01 3.3925527815e+00 -5.8076644292e-02
     vertex 1.3960690125e+01 6.7854699268e+00 1.4395337171e-01
   endloop
 endfacet
 facet normal  -4.8083685014e-02 -4.6009855188e-02 9.9778306884e-01
   outer loop
     vertex 1.3960690125e+01 6.7854699268e+00 1.4395337171e-01
     vertex 1.3014953482e+01 3.3925527815e+00 -5.8076644292e-02
     vertex 1.4320980189e+01 6.7851055631e+00 1.6129913573e-01
   endloop
 endfacet
 facet normal  2.6195192904e-02 -7.4546080938e-02 9.9687345921e-01
   outer loop
     vertex 1.3014953482e+01 3.3925527815e+00 -5.8076644292e-02
     vertex 1.3540005392e+01 3.3924743684e+00 -7.1879480888e-02
     vertex 1.4320980189e+01 6.7851055631e+00 1.6129913573e-01
   endloop
 endfacet
 facet normal  2.1810658575e-02 -7.3549117389e-02 9.9705306905e-01
   outer loop
     vertex 1.4320980189e+01 6.7851055631e+00 1.6129913573e-01
     vertex 1.3540005392e+01 3.3924743684e+00 -7.1879480888e-02
     vertex 1.4742473872e+01 6.7849487368e+00 1.5206734103e-01
   endloop
 endfacet
 facet normal  8.2889816037e-02 -9.4867342506e-02 9.9203299629e-01
   outer loop
     vertex 1.3540005392e+01 3.3924743684e+00 -7.1879480888e-02
     vertex 1.4107638157e+01 3.3925085513e+00 -1.1930505327e-01
     vertex 1.4742473872e+01 6.7849487368e+00 1.5206734103e-01
   endloop
 endfacet
 facet normal  7.8527746711e-02 -9.4085395654e-02 9.9246225687e-01
   outer loop
     vertex 1.4742473872e+01 6.7849487368e+00 1.5206734103e-01
     vertex 1.4107638157e+01 3.3925085513e+00 -1.1930505327e-01
     vertex 1.5198264475e+01 6.7850171026e+00 1.1600977148e-01
   endloop
 endfacet
 facet normal  1.1689701000e-01 -1.0607362328e-01 9.8746315146e-01
   outer loop
     vertex 1.4107638157e+01 3.3925085513e+00 -1.1930505327e-01
     vertex 1.5652333398e+01 6.7852477148e+00 6.2281348864e-02
     vertex 1.5198264475e+01 6.7850171026e+00 1.1600977148e-01
   endloop
 endfacet
 facet normal  1.2121259220e-01 -1.0799944836e-01 9.8673381752e-01
   outer loop
     vertex 1.4107638157e+01 3.3925085513e+00 -1.1930505327e-01
     vertex 1.4673029394e+01 3.3926238574e+00 -1.8874635868e-01
     vertex 1.5652333398e+01 6.7852477148e+00 6.2281348864e-02
   endloop
 endfacet
 facet normal  1.4689678794e-01 -1.1509513373e-01 9.8243292081e-01
   outer loop
     vertex 1.4673029394e+01 3.3926238574e+00 -1.8874635868e-01
     vertex 1.6069373843e+01 6.7855778988e+00 -3.7307186670e-05
     vertex 1.5652333398e+01 6.7852477148e+00 6.2281348864e-02
   endloop
 endfacet
 facet normal  1.5117718553e-01 -1.1680931064e-01 9.8158088995e-01
   outer loop
     vertex 1.4673029394e+01 3.3926238574e+00 -1.8874635868e-01
     vertex 1.5192243087e+01 3.3927889494e+00 -2.6869288303e-01
     vertex 1.6069373843e+01 6.7855778988e+00 -3.7307186670e-05
   endloop
 endfacet
 facet normal  1.7044415206e-01 -1.2149481779e-01 9.7784855692e-01
   outer loop
     vertex 1.5192243087e+01 3.3927889494e+00 -2.6869288303e-01
     vertex 1.6424817095e+01 6.7859395904e+00 -6.1947998221e-02
     vertex 1.6069373843e+01 6.7855778988e+00 -3.7307186670e-05
   endloop
 endfacet
 facet normal  1.7469458346e-01 -1.2298174499e-01 9.7691212139e-01
   outer loop
     vertex 1.5192243087e+01 3.3927889494e+00 -2.6869288303e-01
     vertex 1.5634720413e+01 3.3929697952e+00 -3.4779534247e-01
     vertex 1.6424817095e+01 6.7859395904e+00 -6.1947998221e-02
   endloop
 endfacet
 facet normal  1.8888478293e-01 -1.2603052119e-01 9.7387825035e-01
   outer loop
     vertex 1.5634720413e+01 3.3929697952e+00 -3.4779534247e-01
     vertex 1.6708964287e+01 6.7862796024e+00 -1.1701466486e-01
     vertex 1.6424817095e+01 6.7859395904e+00 -6.1947998221e-02
   endloop
 endfacet
 facet normal  1.9311118843e-01 -1.2730085947e-01 9.7288363132e-01
   outer loop
     vertex 1.5634720413e+01 3.3929697952e+00 -3.4779534247e-01
     vertex 1.5988413596e+01 3.3931398012e+00 -4.1797893568e-01
     vertex 1.6708964287e+01 6.7862796024e+00 -1.1701466486e-01
   endloop
 endfacet
 facet normal  2.0310869492e-01 -1.2922062127e-01 9.7059203020e-01
   outer loop
     vertex 1.5988413596e+01 3.3931398012e+00 -4.1797893568e-01
     vertex 1.6924713562e+01 6.7865678707e+00 -1.6212455866e-01
     vertex 1.6708964287e+01 6.7862796024e+00 -1.1701466486e-01
   endloop
 endfacet
 facet normal  2.0731657336e-01 -1.3030360393e-01 9.6955701700e-01
   outer loop
     vertex 1.5988413596e+01 3.3931398012e+00 -4.1797893568e-01
     vertex 1.6256950200e+01 3.3932839353e+00 -4.7537969330e-01
     vertex 1.6924713562e+01 6.7865678707e+00 -1.6212455866e-01
   endloop
 endfacet
 facet normal  2.1387949144e-01 -1.3144912484e-01 9.6797556308e-01
   outer loop
     vertex 1.6256950200e+01 3.3932839353e+00 -4.7537969330e-01
     vertex 1.7082213916e+01 6.7867950914e+00 -1.9689426656e-01
     vertex 1.6924713562e+01 6.7865678707e+00 -1.6212455866e-01
   endloop
 endfacet
 facet normal  2.1807342082e-01 -1.3238177085e-01 9.6691212107e-01
   outer loop
     vertex 1.6256950200e+01 3.3932839353e+00 -4.7537969330e-01
     vertex 1.6452976076e+01 3.3933975457e+00 -5.1957501620e-01
     vertex 1.7082213916e+01 6.7867950914e+00 -1.9689426656e-01
   endloop
 endfacet
 facet normal  2.2181459365e-01 -1.3298663808e-01 9.6597766027e-01
   outer loop
     vertex 1.6452976076e+01 3.3933975457e+00 -5.1957501620e-01
     vertex 1.7193928753e+01 6.7869650856e+00 -2.2252361098e-01
     vertex 1.7082213916e+01 6.7867950914e+00 -1.9689426656e-01
   endloop
 endfacet
 facet normal  2.2599830426e-01 -1.3380527603e-01 9.6489425046e-01
   outer loop
     vertex 1.6452976076e+01 3.3933975457e+00 -5.1957501620e-01
     vertex 1.6592011736e+01 3.3934825428e+00 -5.5212827305e-01
     vertex 1.7193928753e+01 6.7869650856e+00 -2.2252361098e-01
   endloop
 endfacet
 facet normal  2.2748033211e-01 -1.3403127004e-01 9.6451455000e-01
   outer loop
     vertex 1.6592011736e+01 3.3934825428e+00 -5.5212827305e-01
     vertex 1.7271564330e+01 6.7870876238e+00 -2.4081689961e-01
     vertex 1.7193928753e+01 6.7869650856e+00 -2.2252361098e-01
   endloop
 endfacet
 facet normal  2.3165678828e-01 -1.3476693411e-01 9.6341735811e-01
   outer loop
     vertex 1.6592011736e+01 3.3934825428e+00 -5.5212827305e-01
     vertex 1.6688631124e+01 3.3935438119e+00 -5.7535214359e-01
     vertex 1.7271564330e+01 6.7870876238e+00 -2.4081689961e-01
   endloop
 endfacet
 facet normal  4.4794600143e-02 9.0382388453e-02 -9.9489922487e-01
   outer loop
     vertex 1.7271564330e+01 6.7870876238e+00 -2.4081689961e-01
     vertex 1.7193020316e+01 6.7871647558e+00 -2.4434627849e-01
     vertex 1.7854497536e+01 1.0180631436e+01 9.3718344364e-02
   endloop
 endfacet
 facet normal  5.2036227098e-02 8.8948565882e-02 -9.9467601946e-01
   outer loop
     vertex 1.7854497536e+01 1.0180631436e+01 9.3718344364e-02
     vertex 1.7193020316e+01 6.7871647558e+00 -2.4434627849e-01
     vertex 1.7795279980e+01 1.0180747134e+01 9.0630738953e-02
   endloop
 endfacet
 facet normal  4.4208664640e-02 9.0362522276e-02 -9.9492723781e-01
   outer loop
     vertex 1.7193020316e+01 6.7871647558e+00 -2.4434627849e-01
     vertex 1.7080149186e+01 6.7872749905e+00 -2.4935159012e-01
     vertex 1.7795279980e+01 1.0180747134e+01 9.0630738953e-02
   endloop
 endfacet
 facet normal  5.1450711514e-02 8.8815428197e-02 -9.9471837421e-01
   outer loop
     vertex 1.7795279980e+01 1.0180747134e+01 9.0630738953e-02
     vertex 1.7080149186e+01 6.7872749905e+00 -2.4935159012e-01
     vertex 1.7710181436e+01 1.0180912486e+01 8.6243874364e-02
   endloop
 endfacet
 facet normal  4.3494051864e-02 9.0316770019e-02 -9.9496288800e-01
   outer loop
     vertex 1.7080149186e+01 6.7872749905e+00 -2.4935159012e-01
     vertex 1.6921307084e+01 6.7874290799e+00 -2.5628126543e-01
     vertex 1.7710181436e+01 1.0180912486e+01 8.6243874364e-02
   endloop
 endfacet
 facet normal  5.0736630978e-02 8.8613941866e-02 -9.9477302114e-01
   outer loop
     vertex 1.7710181436e+01 1.0180912486e+01 8.6243874364e-02
     vertex 1.6921307084e+01 6.7874290799e+00 -2.5628126543e-01
     vertex 1.7590422716e+01 1.0181143620e+01 8.0156382922e-02
   endloop
 endfacet
 facet normal  4.2730818703e-02 9.0215406134e-02 -9.9500515457e-01
   outer loop
     vertex 1.6921307084e+01 6.7874290799e+00 -2.5628126543e-01
     vertex 1.6704231050e+01 6.7876381390e+00 -2.6558471103e-01
     vertex 1.7590422716e+01 1.0181143620e+01 8.0156382922e-02
   endloop
 endfacet
 facet normal  4.9974021772e-02 8.8306954832e-02 -9.9483892107e-01
   outer loop
     vertex 1.7590422716e+01 1.0181143620e+01 8.0156382922e-02
     vertex 1.6704231050e+01 6.7876381390e+00 -2.6558471103e-01
     vertex 1.7426757715e+01 1.0181457208e+01 7.1962788869e-02
   endloop
 endfacet
 facet normal  4.1906413218e-02 9.0046053756e-02 -9.9505555661e-01
   outer loop
     vertex 1.6704231050e+01 6.7876381390e+00 -2.6558471103e-01
     vertex 1.6419165495e+01 6.7879105179e+00 -2.7756549761e-01
     vertex 1.7426757715e+01 1.0181457208e+01 7.1962788869e-02
   endloop
 endfacet
 facet normal  4.9150317949e-02 8.7881033508e-02 -9.9491767006e-01
   outer loop
     vertex 1.7426757715e+01 1.0181457208e+01 7.1962788869e-02
     vertex 1.6419165495e+01 6.7879105179e+00 -2.7756549761e-01
     vertex 1.7211830558e+01 1.0181865777e+01 6.1381176912e-02
   endloop
 endfacet
 facet normal  4.0604081076e-02 8.9897528011e-02 -9.9512297886e-01
   outer loop
     vertex 1.6419165495e+01 6.7879105179e+00 -2.7756549761e-01
     vertex 1.6063789278e+01 6.7882458287e+00 -2.9203564999e-01
     vertex 1.7211830558e+01 1.0181865777e+01 6.1381176912e-02
   endloop
 endfacet
 facet normal  4.7848809603e-02 8.7435988844e-02 -9.9502032104e-01
   outer loop
     vertex 1.7211830558e+01 1.0181865777e+01 6.1381176912e-02
     vertex 1.6063789278e+01 6.7882458287e+00 -2.9203564999e-01
     vertex 1.6943889640e+01 1.0182368743e+01 4.8540558139e-02
   endloop
 endfacet
 facet normal  3.7758902782e-02 9.0072270299e-02 -9.9521919766e-01
   outer loop
     vertex 1.6063789278e+01 6.7882458287e+00 -2.9203564999e-01
     vertex 1.5648392188e+01 6.7886269275e+00 -3.0776144379e-01
     vertex 1.6943889640e+01 1.0182368743e+01 4.8540558139e-02
   endloop
 endfacet
 facet normal  4.5004671379e-02 8.7300633127e-02 -9.9516490041e-01
   outer loop
     vertex 1.6943889640e+01 1.0182368743e+01 4.8540558139e-02
     vertex 1.5648392188e+01 6.7886269275e+00 -3.0776144379e-01
     vertex 1.6630688640e+01 1.0182940391e+01 3.4426713462e-02
   endloop
 endfacet
 facet normal  3.1093790789e-02 9.1343405264e-02 -9.9533389297e-01
   outer loop
     vertex 1.5648392188e+01 6.7886269275e+00 -3.0776144379e-01
     vertex 1.5197841527e+01 6.7890127444e+00 -3.2180104021e-01
     vertex 1.6630688640e+01 1.0182940391e+01 3.4426713462e-02
   endloop
 endfacet
 facet normal  3.8340775528e-02 8.8286298988e-02 -9.9535697835e-01
   outer loop
     vertex 1.6630688640e+01 1.0182940391e+01 3.4426713462e-02
     vertex 1.5197841527e+01 6.7890127444e+00 -3.2180104021e-01
     vertex 1.6290966059e+01 1.0183519117e+01 2.1392059589e-02
   endloop
 endfacet
 facet normal  2.4891943421e-02 9.2620560849e-02 -9.9539028670e-01
   outer loop
     vertex 1.5197841527e+01 6.7890127444e+00 -3.2180104021e-01
     vertex 1.5951102503e+01 1.0184014724e+01 1.2939133091e-02
     vertex 1.6290966059e+01 1.0183519117e+01 2.1392059589e-02
   endloop
 endfacet
 facet normal  1.7646539928e-02 9.4228508467e-02 -9.9539418715e-01
   outer loop
     vertex 1.5197841527e+01 6.7890127444e+00 -3.2180104021e-01
     vertex 1.4747148036e+01 6.7893431496e+00 -3.2975974361e-01
     vertex 1.5951102503e+01 1.0184014724e+01 1.2939133091e-02
   endloop
 endfacet
 facet normal  1.0154578846e-02 9.6870565850e-02 -9.9524518487e-01
   outer loop
     vertex 1.4747148036e+01 6.7893431496e+00 -3.2975974361e-01
     vertex 1.5637605381e+01 1.0184387659e+01 9.7767918979e-03
     vertex 1.5951102503e+01 1.0184014724e+01 1.2939133091e-02
   endloop
 endfacet
 facet normal  2.9109011858e-03 9.8756664155e-02 -9.9510735498e-01
   outer loop
     vertex 1.4747148036e+01 6.7893431496e+00 -3.2975974361e-01
     vertex 1.4331463699e+01 6.7895917728e+00 -3.3095103501e-01
     vertex 1.5637605381e+01 1.0184387659e+01 9.7767918979e-03
   endloop
 endfacet
 facet normal  -1.3858923080e-02 1.0513396384e-01 -9.9436149357e-01
   outer loop
     vertex 1.4331463699e+01 6.7895917728e+00 -3.3095103501e-01
     vertex 1.5369397644e+01 1.0184589237e+01 1.3536252654e-02
     vertex 1.5637605381e+01 1.0184387659e+01 9.7767918979e-03
   endloop
 endfacet
 facet normal  -2.1091366630e-02 1.0730862355e-01 -9.9400201889e-01
   outer loop
     vertex 1.4331463699e+01 6.7895917728e+00 -3.3095103501e-01
     vertex 1.3975893435e+01 6.7897261577e+00 -3.2339181147e-01
     vertex 1.5369397644e+01 1.0184589237e+01 1.3536252654e-02
   endloop
 endfacet
 facet normal  -5.5456736616e-02 1.2112540835e-01 -9.9108687097e-01
   outer loop
     vertex 1.3975893435e+01 6.7897261577e+00 -3.2339181147e-01
     vertex 1.5154572254e+01 1.0184586978e+01 2.5556633352e-02
     vertex 1.5369397644e+01 1.0184589237e+01 1.3536252654e-02
   endloop
 endfacet
 facet normal  -6.2644201214e-02 1.2354610241e-01 -9.9035956331e-01
   outer loop
     vertex 1.3975893435e+01 6.7897261577e+00 -3.2339181147e-01
     vertex 1.3691180276e+01 6.7897246519e+00 -3.0538275394e-01
     vertex 1.5154572254e+01 1.0184586978e+01 2.5556633352e-02
   endloop
 endfacet
 facet normal  -1.2014196888e-01 1.4749082587e-01 -9.8173945810e-01
   outer loop
     vertex 1.3691180276e+01 6.7897246519e+00 -3.0538275394e-01
     vertex 1.4991954463e+01 1.0184389522e+01 4.5427586392e-02
     vertex 1.5154572254e+01 1.0184586978e+01 2.5556633352e-02
   endloop
 endfacet
 facet normal  -1.2719375345e-01 1.5006080995e-01 -9.8046086225e-01
   outer loop
     vertex 1.3691180276e+01 6.7897246519e+00 -3.0538275394e-01
     vertex 1.3475762723e+01 6.7895930149e+00 -2.7745709705e-01
     vertex 1.4991954463e+01 1.0184389522e+01 4.5427586392e-02
   endloop
 endfacet
 facet normal  -2.2297893210e-01 1.9051647273e-01 -9.5602503600e-01
   outer loop
     vertex 1.3475762723e+01 6.7895930149e+00 -2.7745709705e-01
     vertex 1.4875244023e+01 1.0184013666e+01 7.2573698182e-02
     vertex 1.4991954463e+01 1.0184389522e+01 4.5427586392e-02
   endloop
 endfacet
 facet normal  -2.2965107740e-01 1.9305176781e-01 -9.5393469252e-01
   outer loop
     vertex 1.3475762723e+01 6.7895930149e+00 -2.7745709705e-01
     vertex 1.3321281978e+01 6.7893424441e+00 -2.4031797556e-01
     vertex 1.4875244023e+01 1.0184013666e+01 7.2573698182e-02
   endloop
 endfacet
 facet normal  -4.0974157566e-01 2.6793561889e-01 -8.7196464682e-01
   outer loop
     vertex 1.3321281978e+01 6.7893424441e+00 -2.4031797556e-01
     vertex 1.4798338900e+01 1.0183437567e+01 1.0853486812e-01
     vertex 1.4875244023e+01 1.0184013666e+01 7.2573698182e-02
   endloop
 endfacet
 facet normal  -4.1524447889e-01 2.6999686116e-01 -8.6871958520e-01
   outer loop
     vertex 1.3321281978e+01 6.7893424441e+00 -2.4031797556e-01
     vertex 1.3219662402e+01 6.7889583778e+00 -1.9186359327e-01
     vertex 1.4798338900e+01 1.0183437567e+01 1.0853486812e-01
   endloop
 endfacet
 facet normal  -7.6724245345e-01 4.0111065097e-01 -5.0044906164e-01
   outer loop
     vertex 1.3219662402e+01 6.7889583778e+00 -1.9186359327e-01
     vertex 1.4766601126e+01 1.0182597534e+01 1.5651901404e-01
     vertex 1.4798338900e+01 1.0183437567e+01 1.0853486812e-01
   endloop
 endfacet
 facet normal  -7.6925000914e-01 4.0166265830e-01 -4.9691199660e-01
   outer loop
     vertex 1.3219662402e+01 6.7889583778e+00 -1.9186359327e-01
     vertex 1.3178044178e+01 6.7883983558e+00 -1.2788872535e-01
     vertex 1.4766601126e+01 1.0182597534e+01 1.5651901404e-01
   endloop
 endfacet
 facet normal  -8.4204724573e-01 3.6047275913e-01 4.0126777329e-01
   outer loop
     vertex 1.3178044178e+01 6.7883983558e+00 -1.2788872535e-01
     vertex 1.3211100452e+01 6.7877410222e+00 -5.7930713887e-02
     vertex 1.4766601126e+01 1.0182597534e+01 1.5651901404e-01
   endloop
 endfacet
 facet normal  -8.4325308319e-01 3.6122900205e-01 3.9804251755e-01
   outer loop
     vertex 1.4766601126e+01 1.0182597534e+01 1.5651901404e-01
     vertex 1.3211100452e+01 6.7877410222e+00 -5.7930713887e-02
     vertex 1.4791149154e+01 1.0181611533e+01 2.0941881942e-01
   endloop
 endfacet
 facet normal  -5.3026936858e-01 1.8163552229e-01 8.2814427112e-01
   outer loop
     vertex 1.3211100452e+01 6.7877410222e+00 -5.7930713887e-02
     vertex 1.3307234013e+01 6.7871230563e+00 3.7601396544e-03
     vertex 1.4791149154e+01 1.0181611533e+01 2.0941881942e-01
   endloop
 endfacet
 facet normal  -5.3488776137e-01 1.8386466140e-01 8.2467500812e-01
   outer loop
     vertex 1.4791149154e+01 1.0181611533e+01 2.0941881942e-01
     vertex 1.3307234013e+01 6.7871230563e+00 3.7601396544e-03
     vertex 1.4863314448e+01 1.0180684585e+01 2.5643220698e-01
   endloop
 endfacet
 facet normal  -3.4005573165e-01 8.6204523756e-02 9.3644587641e-01
   outer loop
     vertex 1.3307234013e+01 6.7871230563e+00 3.7601396544e-03
     vertex 1.3458718641e+01 6.7865339124e+00 5.8823656185e-02
     vertex 1.4863314448e+01 1.0180684585e+01 2.5643220698e-01
   endloop
 endfacet
 facet normal  -3.4618528510e-01 8.8886657290e-02 9.3394588202e-01
   outer loop
     vertex 1.4863314448e+01 1.0180684585e+01 2.5643220698e-01
     vertex 1.3458718641e+01 6.7865339124e+00 5.8823656185e-02
     vertex 1.4977261029e+01 1.0179800869e+01 2.9875283936e-01
   endloop
 endfacet
 facet normal  -2.1946515923e-01 2.9261672371e-02 9.7518141820e-01
   outer loop
     vertex 1.3458718641e+01 6.7865339124e+00 5.8823656185e-02
     vertex 1.3673677515e+01 6.7859693333e+00 1.0721721971e-01
     vertex 1.4977261029e+01 1.0179800869e+01 2.9875283936e-01
   endloop
 endfacet
 facet normal  -2.2623598140e-01 3.1954541077e-02 9.7354824638e-01
   outer loop
     vertex 1.4977261029e+01 1.0179800869e+01 2.9875283936e-01
     vertex 1.3673677515e+01 6.7859693333e+00 1.0721721971e-01
     vertex 1.5139115524e+01 1.0178954000e+01 3.3639285555e-01
   endloop
 endfacet
 facet normal  -1.2697059360e-01 -1.2153370806e-02 9.9183202405e-01
   outer loop
     vertex 1.3673677515e+01 6.7859693333e+00 1.0721721971e-01
     vertex 1.3960690125e+01 6.7854699268e+00 1.4395337171e-01
     vertex 1.5139115524e+01 1.0178954000e+01 3.3639285555e-01
   endloop
 endfacet
 facet normal  -1.3404924313e-01 -9.6439500075e-03 9.9092774441e-01
   outer loop
     vertex 1.5139115524e+01 1.0178954000e+01 3.3639285555e-01
     vertex 1.3960690125e+01 6.7854699268e+00 1.4395337171e-01
     vertex 1.5355375746e+01 1.0178204890e+01 3.6564049228e-01
   endloop
 endfacet
 facet normal  -4.8084373733e-02 -4.5432058343e-02 9.9780951142e-01
   outer loop
     vertex 1.3960690125e+01 6.7854699268e+00 1.4395337171e-01
     vertex 1.4320980189e+01 6.7851055631e+00 1.6129913573e-01
     vertex 1.5355375746e+01 1.0178204890e+01 3.6564049228e-01
   endloop
 endfacet
 facet normal  -5.5299144933e-02 -4.3216032695e-02 9.9753414933e-01
   outer loop
     vertex 1.5355375746e+01 1.0178204890e+01 3.6564049228e-01
     vertex 1.4320980189e+01 6.7851055631e+00 1.6129913573e-01
     vertex 1.5627006897e+01 1.0177658345e+01 3.8067491575e-01
   endloop
 endfacet
 facet normal  2.1811995837e-02 -7.2873507351e-02 9.9710264705e-01
   outer loop
     vertex 1.4320980189e+01 6.7851055631e+00 1.6129913573e-01
     vertex 1.4742473872e+01 6.7849487368e+00 1.5206734103e-01
     vertex 1.5627006897e+01 1.0177658345e+01 3.8067491575e-01
   endloop
 endfacet
 facet normal  1.4568337413e-02 -7.1002966464e-02 9.9736971194e-01
   outer loop
     vertex 1.5627006897e+01 1.0177658345e+01 3.8067491575e-01
     vertex 1.4742473872e+01 6.7849487368e+00 1.5206734103e-01
     vertex 1.5944942352e+01 1.0177423105e+01 3.7601416295e-01
   endloop
 endfacet
 facet normal  7.8533053351e-02 -9.3355936444e-02 9.9253071925e-01
   outer loop
     vertex 1.4742473872e+01 6.7849487368e+00 1.5206734103e-01
     vertex 1.5198264475e+01 6.7850171026e+00 1.1600977148e-01
     vertex 1.5944942352e+01 1.0177423105e+01 3.7601416295e-01
   endloop
 endfacet
 facet normal  7.1323292610e-02 -9.1821714548e-02 9.9321788177e-01
   outer loop
     vertex 1.5944942352e+01 1.0177423105e+01 3.7601416295e-01
     vertex 1.5198264475e+01 6.7850171026e+00 1.1600977148e-01
     vertex 1.6288890793e+01 1.0177525654e+01 3.5132459623e-01
   endloop
 endfacet
 facet normal  1.0974590709e-01 -1.0384797485e-01 9.8851981973e-01
   outer loop
     vertex 1.5198264475e+01 6.7850171026e+00 1.1600977148e-01
     vertex 1.6631637402e+01 1.0177871572e+01 3.1330905640e-01
     vertex 1.6288890793e+01 1.0177525654e+01 3.5132459623e-01
   endloop
 endfacet
 facet normal  1.1688824377e-01 -1.0679944850e-01 9.8738595102e-01
   outer loop
     vertex 1.5198264475e+01 6.7850171026e+00 1.1600977148e-01
     vertex 1.5652333398e+01 6.7852477148e+00 6.2281348864e-02
     vertex 1.6631637402e+01 1.0177871572e+01 3.1330905640e-01
   endloop
 endfacet
 facet normal  1.3979904927e-01 -1.1313969887e-01 9.8369488886e-01
   outer loop
     vertex 1.5652333398e+01 6.7852477148e+00 6.2281348864e-02
     vertex 1.6946504600e+01 1.0178366848e+01 2.6861826866e-01
     vertex 1.6631637402e+01 1.0177871572e+01 3.1330905640e-01
   endloop
 endfacet
 facet normal  1.4688586344e-01 -1.1576128298e-01 9.8235628388e-01
   outer loop
     vertex 1.5652333398e+01 6.7852477148e+00 6.2281348864e-02
     vertex 1.6069373843e+01 6.7855778988e+00 -3.7307186670e-05
     vertex 1.6946504600e+01 1.0178366848e+01 2.6861826866e-01
   endloop
 endfacet
 facet normal  1.6339429794e-01 -1.1978415576e-01 9.7926199734e-01
   outer loop
     vertex 1.6069373843e+01 6.7855778988e+00 -3.7307186670e-05
     vertex 1.7214913776e+01 1.0178909386e+01 2.2389934603e-01
     vertex 1.6946504600e+01 1.0178366848e+01 2.6861826866e-01
   endloop
 endfacet
 facet normal  1.7043276252e-01 -1.2206242871e-01 9.7777985097e-01
   outer loop
     vertex 1.6069373843e+01 6.7855778988e+00 -3.7307186670e-05
     vertex 1.6424817095e+01 6.7859395904e+00 -6.1947998221e-02
     vertex 1.7214913776e+01 1.0178909386e+01 2.2389934603e-01
   endloop
 endfacet
 facet normal  1.8187538601e-01 -1.2452689455e-01 9.7540473471e-01
   outer loop
     vertex 1.6424817095e+01 6.7859395904e+00 -6.1947998221e-02
     vertex 1.7429514979e+01 1.0179419404e+01 1.8394960597e-01
     vertex 1.7214913776e+01 1.0178909386e+01 2.2389934603e-01
   endloop
 endfacet
 facet normal  1.8887431750e-01 -1.2648432031e-01 9.7382144611e-01
   outer loop
     vertex 1.6424817095e+01 6.7859395904e+00 -6.1947998221e-02
     vertex 1.6708964287e+01 6.7862796024e+00 -1.1701466486e-01
     vertex 1.7429514979e+01 1.0179419404e+01 1.8394960597e-01
   endloop
 endfacet
 facet normal  1.9613199807e-01 -1.2788196288e-01 9.7220288155e-01
   outer loop
     vertex 1.6708964287e+01 6.7862796024e+00 -1.1701466486e-01
     vertex 1.7592476924e+01 1.0179851806e+01 1.5113057598e-01
     vertex 1.7429514979e+01 1.0179419404e+01 1.8394960597e-01
   endloop
 endfacet
 facet normal  2.0309993148e-01 -1.2956528809e-01 9.7054791430e-01
   outer loop
     vertex 1.6708964287e+01 6.7862796024e+00 -1.1701466486e-01
     vertex 1.6924713562e+01 6.7865678707e+00 -1.6212455866e-01
     vertex 1.7592476924e+01 1.0179851806e+01 1.5113057598e-01
   endloop
 endfacet
 facet normal  2.0692834157e-01 -1.3023570210e-01 9.6964907227e-01
   outer loop
     vertex 1.6924713562e+01 6.7865678707e+00 -1.6212455866e-01
     vertex 1.7711451755e+01 1.0180192637e+01 1.2578648309e-01
     vertex 1.7592476924e+01 1.0179851806e+01 1.5113057598e-01
   endloop
 endfacet
 facet normal  2.1387263574e-01 -1.3170083315e-01 9.6794286310e-01
   outer loop
     vertex 1.6924713562e+01 6.7865678707e+00 -1.6212455866e-01
     vertex 1.7082213916e+01 6.7867950914e+00 -1.9689426656e-01
     vertex 1.7711451755e+01 1.0180192637e+01 1.2578648309e-01
   endloop
 endfacet
 facet normal  2.1488267525e-01 -1.3186472809e-01 9.6769681686e-01
   outer loop
     vertex 1.7082213916e+01 6.7867950914e+00 -1.9689426656e-01
     vertex 1.7795845769e+01 1.0180447628e+01 1.0708105109e-01
     vertex 1.7711451755e+01 1.0180192637e+01 1.2578648309e-01
   endloop
 endfacet
 facet normal  2.2180948944e-01 -1.3316524160e-01 9.6595422708e-01
   outer loop
     vertex 1.7082213916e+01 6.7867950914e+00 -1.9689426656e-01
     vertex 1.7193928753e+01 6.7869650856e+00 -2.2252361098e-01
     vertex 1.7795845769e+01 1.0180447628e+01 1.0708105109e-01
   endloop
 endfacet
 facet normal  2.2056234653e-01 -1.3297431745e-01 9.6626605145e-01
   outer loop
     vertex 1.7193928753e+01 6.7869650856e+00 -2.2252361098e-01
     vertex 1.7854497536e+01 1.0180631436e+01 9.3718344364e-02
     vertex 1.7795845769e+01 1.0180447628e+01 1.0708105109e-01
   endloop
 endfacet
 facet normal  2.2747666454e-01 -1.3415542917e-01 9.6449815340e-01
   outer loop
     vertex 1.7193928753e+01 6.7869650856e+00 -2.2252361098e-01
     vertex 1.7271564330e+01 6.7870876238e+00 -2.4081689961e-01
     vertex 1.7854497536e+01 1.0180631436e+01 9.3718344364e-02
   endloop
 endfacet
 facet normal  5.2035776619e-02 8.9115049698e-02 -9.9466114123e-01
   outer loop
     vertex 1.7854497536e+01 1.0180631436e+01 9.3718344364e-02
     vertex 1.7795279980e+01 1.0180747134e+01 9.0630738953e-02
     vertex 1.8437430743e+01 1.3574175248e+01 4.2825358834e-01
   endloop
 endfacet
 facet normal  6.6266203294e-02 8.6362119126e-02 -9.9405753087e-01
   outer loop
     vertex 1.8437430743e+01 1.3574175248e+01 4.2825358834e-01
     vertex 1.7795279980e+01 1.0180747134e+01 9.0630738953e-02
     vertex 1.8397539643e+01 1.3574329512e+01 4.2560775639e-01
   endloop
 endfacet
 facet normal  5.1450075418e-02 8.9054663024e-02 -9.9469701756e-01
   outer loop
     vertex 1.7795279980e+01 1.0180747134e+01 9.0630738953e-02
     vertex 1.7710181436e+01 1.0180912486e+01 8.6243874364e-02
     vertex 1.8397539643e+01 1.3574329512e+01 4.2560775639e-01
   endloop
 endfacet
 facet normal  6.5681184532e-02 8.6114142645e-02 -9.9411786848e-01
   outer loop
     vertex 1.8397539643e+01 1.3574329512e+01 4.2560775639e-01
     vertex 1.7710181436e+01 1.0180912486e+01 8.6243874364e-02
     vertex 1.8340213686e+01 1.3574549981e+01 4.2183933885e-01
   endloop
 endfacet
 facet normal  5.0735755686e-02 8.8950597607e-02 -9.9474301922e-01
   outer loop
     vertex 1.7710181436e+01 1.0180912486e+01 8.6243874364e-02
     vertex 1.7590422716e+01 1.0181143620e+01 8.0156382922e-02
     vertex 1.8340213686e+01 1.3574549981e+01 4.2183933885e-01
   endloop
 endfacet
 facet normal  6.4967701198e-02 8.5750909776e-02 -9.9419614728e-01
   outer loop
     vertex 1.8340213686e+01 1.3574549981e+01 4.2183933885e-01
     vertex 1.7590422716e+01 1.0181143620e+01 8.0156382922e-02
     vertex 1.8259538349e+01 1.3574858160e+01 4.1659403127e-01
   endloop
 endfacet
 facet normal  4.9972856396e-02 8.8767009929e-02 -9.9479803557e-01
   outer loop
     vertex 1.7590422716e+01 1.0181143620e+01 8.0156382922e-02
     vertex 1.7426757715e+01 1.0181457208e+01 7.1962788869e-02
     vertex 1.8259538349e+01 1.3574858160e+01 4.1659403127e-01
   endloop
 endfacet
 facet normal  6.4205717036e-02 8.5222610978e-02 -9.9429107030e-01
   outer loop
     vertex 1.8259538349e+01 1.3574858160e+01 4.1659403127e-01
     vertex 1.7426757715e+01 1.0181457208e+01 7.1962788869e-02
     vertex 1.8149284381e+01 1.3575276278e+01 4.0951028876e-01
   endloop
 endfacet
 facet normal  4.9148833692e-02 8.8485147092e-02 -9.9486419721e-01
   outer loop
     vertex 1.7426757715e+01 1.0181457208e+01 7.1962788869e-02
     vertex 1.7211830558e+01 1.0181865777e+01 6.1381176912e-02
     vertex 1.8149284381e+01 1.3575276278e+01 4.0951028876e-01
   endloop
 endfacet
 facet normal  6.3382663228e-02 8.4505846314e-02 -9.9440504823e-01
   outer loop
     vertex 1.8149284381e+01 1.3575276278e+01 4.0951028876e-01
     vertex 1.7211830558e+01 1.0181865777e+01 6.1381176912e-02
     vertex 1.8004495621e+01 1.3575821036e+01 4.0032785143e-01
   endloop
 endfacet
 facet normal  4.7847042265e-02 8.8189038921e-02 -9.9495394565e-01
   outer loop
     vertex 1.7211830558e+01 1.0181865777e+01 6.1381176912e-02
     vertex 1.6943889640e+01 1.0182368743e+01 4.8540558139e-02
     vertex 1.8004495621e+01 1.3575821036e+01 4.0032785143e-01
   endloop
 endfacet
 facet normal  6.2082138988e-02 8.3698612297e-02 -9.9455535307e-01
   outer loop
     vertex 1.8004495621e+01 1.3575821036e+01 4.0032785143e-01
     vertex 1.6943889640e+01 1.0182368743e+01 4.8540558139e-02
     vertex 1.7823990003e+01 1.3576491657e+01 3.8911676627e-01
   endloop
 endfacet
 facet normal  4.5002784793e-02 8.8180696590e-02 -9.9508739019e-01
   outer loop
     vertex 1.6943889640e+01 1.0182368743e+01 4.8540558139e-02
     vertex 1.6630688640e+01 1.0182940391e+01 3.4426713462e-02
     vertex 1.7823990003e+01 1.3576491657e+01 3.8911676627e-01
   endloop
 endfacet
 facet normal  5.9240082885e-02 8.3141712144e-02 -9.9477538584e-01
   outer loop
     vertex 1.7823990003e+01 1.3576491657e+01 3.8911676627e-01
     vertex 1.6630688640e+01 1.0182940391e+01 3.4426713462e-02
     vertex 1.7612985092e+01 1.3577253855e+01 3.7661487071e-01
   endloop
 endfacet
 facet normal  3.8339138592e-02 8.9240395532e-02 -9.9527195392e-01
   outer loop
     vertex 1.6630688640e+01 1.0182940391e+01 3.4426713462e-02
     vertex 1.6290966059e+01 1.0183519117e+01 2.1392059589e-02
     vertex 1.7612985092e+01 1.3577253855e+01 3.7661487071e-01
   endloop
 endfacet
 facet normal  5.2580517178e-02 8.3675223477e-02 -9.9510489205e-01
   outer loop
     vertex 1.7612985092e+01 1.3577253855e+01 3.7661487071e-01
     vertex 1.6290966059e+01 1.0183519117e+01 2.1392059589e-02
     vertex 1.7384090592e+01 1.3578025489e+01 3.6458515939e-01
   endloop
 endfacet
 facet normal  3.9137070150e-02 8.8029040501e-02 -9.9534877192e-01
   outer loop
     vertex 1.6290966059e+01 1.0183519117e+01 2.1392059589e-02
     vertex 1.7155056971e+01 1.3578686299e+01 3.5563800979e-01
     vertex 1.7384090592e+01 1.3578025489e+01 3.6458515939e-01
   endloop
 endfacet
 facet normal  2.4892747670e-02 9.1667082150e-02 -9.9547852672e-01
   outer loop
     vertex 1.6290966059e+01 1.0183519117e+01 2.1392059589e-02
     vertex 1.5951102503e+01 1.0184014724e+01 1.2939133091e-02
     vertex 1.7155056971e+01 1.3578686299e+01 3.5563800979e-01
   endloop
 endfacet
 facet normal  2.4399369490e-02 9.1841672288e-02 -9.9547464960e-01
   outer loop
     vertex 1.5951102503e+01 1.0184014724e+01 1.2939133091e-02
     vertex 1.6943747062e+01 1.3579183546e+01 3.5050461880e-01
     vertex 1.7155056971e+01 1.3578686299e+01 3.5563800979e-01
   endloop
 endfacet
 facet normal  1.0154392409e-02 9.5992120016e-02 -9.9533029754e-01
   outer loop
     vertex 1.5951102503e+01 1.0184014724e+01 1.2939133091e-02
     vertex 1.5637605381e+01 1.0184387659e+01 9.7767918979e-03
     vertex 1.6943747062e+01 1.3579183546e+01 3.5050461880e-01
   endloop
 endfacet
 facet normal  3.6995275856e-04 9.9725016757e-02 -9.9501496681e-01
   outer loop
     vertex 1.5637605381e+01 1.0184387659e+01 9.7767918979e-03
     vertex 1.6762901853e+01 1.3579452315e+01 3.5046431678e-01
     vertex 1.6943747062e+01 1.3579183546e+01 3.5050461880e-01
   endloop
 endfacet
 facet normal  -1.3860593653e-02 1.0438409129e-01 -9.9444046852e-01
   outer loop
     vertex 1.5637605381e+01 1.0184387659e+01 9.7767918979e-03
     vertex 1.5369397644e+01 1.0184589237e+01 1.3536252654e-02
     vertex 1.6762901853e+01 1.3579452315e+01 3.5046431678e-01
   endloop
 endfacet
 facet normal  -4.1304223960e-02 1.1545184218e-01 -9.9245394514e-01
   outer loop
     vertex 1.5369397644e+01 1.0184589237e+01 1.3536252654e-02
     vertex 1.6617964231e+01 1.3579449304e+01 3.5649602065e-01
     vertex 1.6762901853e+01 1.3579452315e+01 3.5046431678e-01
   endloop
 endfacet
 facet normal  -5.5460795454e-02 1.2052759986e-01 -9.9115952189e-01
   outer loop
     vertex 1.5369397644e+01 1.0184589237e+01 1.3536252654e-02
     vertex 1.5154572254e+01 1.0184586978e+01 2.5556633352e-02
     vertex 1.6617964231e+01 1.3579449304e+01 3.5649602065e-01
   endloop
 endfacet
 facet normal  -1.0623682436e-01 1.4173549230e-01 -9.8418737412e-01
   outer loop
     vertex 1.5154572254e+01 1.0184586978e+01 2.5556633352e-02
     vertex 1.6508146203e+01 1.3579186030e+01 3.6831226984e-01
     vertex 1.6617964231e+01 1.3579449304e+01 3.5649602065e-01
   endloop
 endfacet
 facet normal  -1.2014952695e-01 1.4704261739e-01 -9.8180576483e-01
   outer loop
     vertex 1.5154572254e+01 1.0184586978e+01 2.5556633352e-02
     vertex 1.4991954463e+01 1.0184389522e+01 4.5427586392e-02
     vertex 1.6508146203e+01 1.3579186030e+01 3.6831226984e-01
   endloop
 endfacet
 facet normal  -2.0979312877e-01 1.8501323889e-01 -9.6008173848e-01
   outer loop
     vertex 1.4991954463e+01 1.0184389522e+01 4.5427586392e-02
     vertex 1.6429206068e+01 1.3578684888e+01 3.8546537193e-01
     vertex 1.6508146203e+01 1.3579186030e+01 3.6831226984e-01
   endloop
 endfacet
 facet normal  -2.2299180386e-01 1.9020155732e-01 -9.5608473631e-01
   outer loop
     vertex 1.4991954463e+01 1.0184389522e+01 4.5427586392e-02
     vertex 1.4875244023e+01 1.0184013666e+01 7.2573698182e-02
     vertex 1.6429206068e+01 1.3578684888e+01 3.8546537193e-01
   endloop
 endfacet
 facet normal  -3.9883225325e-01 2.6352953961e-01 -8.7834219728e-01
   outer loop
     vertex 1.4875244023e+01 1.0184013666e+01 7.2573698182e-02
     vertex 1.6377015397e+01 1.3577916756e+01 4.0893332951e-01
     vertex 1.6429206068e+01 1.3578684888e+01 3.8546537193e-01
   endloop
 endfacet
 facet normal  -4.0976347610e-01 2.6773939992e-01 -8.7201462567e-01
   outer loop
     vertex 1.4875244023e+01 1.0184013666e+01 7.2573698182e-02
     vertex 1.4798338900e+01 1.0183437567e+01 1.0853486812e-01
     vertex 1.6377015397e+01 1.3577916756e+01 4.0893332951e-01
   endloop
 endfacet
 facet normal  -7.6327159870e-01 3.9988381477e-01 -5.0745384154e-01
   outer loop
     vertex 1.4798338900e+01 1.0183437567e+01 1.0853486812e-01
     vertex 1.6355158075e+01 1.3576796712e+01 4.4092675344e-01
     vertex 1.6377015397e+01 1.3577916756e+01 4.0893332951e-01
   endloop
 endfacet
 facet normal  -7.6726986291e-01 4.0103391847e-01 -5.0046853418e-01
   outer loop
     vertex 1.4798338900e+01 1.0183437567e+01 1.0853486812e-01
     vertex 1.4766601126e+01 1.0182597534e+01 1.5651901404e-01
     vertex 1.6355158075e+01 1.3576796712e+01 4.4092675344e-01
   endloop
 endfacet
 facet normal  -8.4322875848e-01 3.6129682355e-01 3.9803249386e-01
   outer loop
     vertex 1.4766601126e+01 1.0182597534e+01 1.5651901404e-01
     vertex 1.4791149154e+01 1.0181611533e+01 2.0941881942e-01
     vertex 1.6355158075e+01 1.3576796712e+01 4.4092675344e-01
   endloop
 endfacet
 facet normal  -8.4554537963e-01 3.6279547067e-01 3.9170455377e-01
   outer loop
     vertex 1.6355158075e+01 1.3576796712e+01 4.4092675344e-01
     vertex 1.4791149154e+01 1.0181611533e+01 2.0941881942e-01
     vertex 1.6371197855e+01 1.3575482044e+01 4.7676835273e-01
   endloop
 endfacet
 facet normal  -5.3486698757e-01 1.8405149780e-01 8.2464680425e-01
   outer loop
     vertex 1.4791149154e+01 1.0181611533e+01 2.0941881942e-01
     vertex 1.4863314448e+01 1.0180684585e+01 2.5643220698e-01
     vertex 1.6371197855e+01 1.3575482044e+01 4.7676835273e-01
   endloop
 endfacet
 facet normal  -5.4381572495e-01 1.8847284524e-01 8.1776674175e-01
   outer loop
     vertex 1.6371197855e+01 1.3575482044e+01 4.7676835273e-01
     vertex 1.4863314448e+01 1.0180684585e+01 2.5643220698e-01
     vertex 1.6419394883e+01 1.3574246113e+01 5.0910427431e-01
   endloop
 endfacet
 facet normal  -3.4617348059e-01 8.9197773565e-02 9.3392059541e-01
   outer loop
     vertex 1.4863314448e+01 1.0180684585e+01 2.5643220698e-01
     vertex 1.4977261029e+01 1.0179800869e+01 2.9875283936e-01
     vertex 1.6419394883e+01 1.3574246113e+01 5.0910427431e-01
   endloop
 endfacet
 facet normal  -3.5810967176e-01 9.4581448150e-02 9.2887664017e-01
   outer loop
     vertex 1.6419394883e+01 1.3574246113e+01 5.0910427431e-01
     vertex 1.4977261029e+01 1.0179800869e+01 2.9875283936e-01
     vertex 1.6495803418e+01 1.3573067825e+01 5.3868202253e-01
   endloop
 endfacet
 facet normal  -2.2623045168e-01 3.2405692200e-02 9.7353461872e-01
   outer loop
     vertex 1.4977261029e+01 1.0179800869e+01 2.9875283936e-01
     vertex 1.5139115524e+01 1.0178954000e+01 3.3639285555e-01
     vertex 1.6495803418e+01 1.3573067825e+01 5.3868202253e-01
   endloop
 endfacet
 facet normal  -2.3946221832e-01 3.7895444017e-02 9.7016585248e-01
   outer loop
     vertex 1.6495803418e+01 1.3573067825e+01 5.3868202253e-01
     vertex 1.5139115524e+01 1.0178954000e+01 3.3639285555e-01
     vertex 1.6604553534e+01 1.3571938667e+01 5.6556849138e-01
   endloop
 endfacet
 facet normal  -1.3404793605e-01 -9.0359704244e-03 9.9093365170e-01
   outer loop
     vertex 1.5139115524e+01 1.0178954000e+01 3.3639285555e-01
     vertex 1.5355375746e+01 1.0178204890e+01 3.6564049228e-01
     vertex 1.6604553534e+01 1.3571938667e+01 5.6556849138e-01
   endloop
 endfacet
 facet normal  -1.4791925271e-01 -3.8157862991e-03 9.8899208008e-01
   outer loop
     vertex 1.6604553534e+01 1.3571938667e+01 5.6556849138e-01
     vertex 1.5355375746e+01 1.0178204890e+01 3.6564049228e-01
     vertex 1.6750061368e+01 1.3570939854e+01 5.8732761286e-01
   endloop
 endfacet
 facet normal  -5.5299423200e-02 -4.2450250414e-02 9.9756701531e-01
   outer loop
     vertex 1.5355375746e+01 1.0178204890e+01 3.6564049228e-01
     vertex 1.5627006897e+01 1.0177658345e+01 3.8067491575e-01
     vertex 1.6750061368e+01 1.3570939854e+01 5.8732761286e-01
   endloop
 endfacet
 facet normal  -6.9468227340e-02 -3.7718487275e-02 9.9687084475e-01
   outer loop
     vertex 1.6750061368e+01 1.3570939854e+01 5.8732761286e-01
     vertex 1.5627006897e+01 1.0177658345e+01 3.8067491575e-01
     vertex 1.6933033604e+01 1.3570211126e+01 6.0005069577e-01
   endloop
 endfacet
 facet normal  1.4569929272e-02 -7.0106905009e-02 9.9743307496e-01
   outer loop
     vertex 1.5627006897e+01 1.0177658345e+01 3.8067491575e-01
     vertex 1.5944942352e+01 1.0177423105e+01 3.7601416295e-01
     vertex 1.6933033604e+01 1.3570211126e+01 6.0005069577e-01
   endloop
 endfacet
 facet normal  3.2102172000e-04 -6.5982752261e-02 9.9782071203e-01
   outer loop
     vertex 1.6933033604e+01 1.3570211126e+01 6.0005069577e-01
     vertex 1.5944942352e+01 1.0177423105e+01 3.7601416295e-01
     vertex 1.7147410832e+01 1.3569897474e+01 5.9996098486e-01
   endloop
 endfacet
 facet normal  7.1329361997e-02 -9.0853783890e-02 9.9330645426e-01
   outer loop
     vertex 1.5944942352e+01 1.0177423105e+01 3.7601416295e-01
     vertex 1.6288890793e+01 1.0177525654e+01 3.5132459623e-01
     vertex 1.7147410832e+01 1.3569897474e+01 5.9996098486e-01
   endloop
 endfacet
 facet normal  5.7132207833e-02 -8.7351116024e-02 9.9453792957e-01
   outer loop
     vertex 1.7147410832e+01 1.3569897474e+01 5.9996098486e-01
     vertex 1.6288890793e+01 1.0177525654e+01 3.5132459623e-01
     vertex 1.7379517112e+01 1.3570034205e+01 5.8663942098e-01
   endloop
 endfacet
 facet normal  9.5647695267e-02 -9.9448514192e-02 9.9043501120e-01
   outer loop
     vertex 1.6288890793e+01 1.0177525654e+01 3.5132459623e-01
     vertex 1.7610941407e+01 1.3570495430e+01 5.6433676394e-01
     vertex 1.7379517112e+01 1.3570034205e+01 5.8663942098e-01
   endloop
 endfacet
 facet normal  1.0973572755e-01 -1.0481128391e-01 9.8841927585e-01
   outer loop
     vertex 1.6288890793e+01 1.0177525654e+01 3.5132459623e-01
     vertex 1.6631637402e+01 1.0177871572e+01 3.1330905640e-01
     vertex 1.7610941407e+01 1.3570495430e+01 5.6433676394e-01
   endloop
 endfacet
 facet normal  1.2579918651e-01 -1.0927054831e-01 9.8601952919e-01
   outer loop
     vertex 1.6631637402e+01 1.0177871572e+01 3.1330905640e-01
     vertex 1.7823635356e+01 1.3571155798e+01 5.3727384451e-01
     vertex 1.7610941407e+01 1.3570495430e+01 5.6433676394e-01
   endloop
 endfacet
 facet normal  1.3978620795e-01 -1.1402388016e-01 9.8359461712e-01
   outer loop
     vertex 1.6631637402e+01 1.0177871572e+01 3.1330905640e-01
     vertex 1.6946504600e+01 1.0178366848e+01 2.6861826866e-01
     vertex 1.7823635356e+01 1.3571155798e+01 5.3727384451e-01
   endloop
 endfacet
 facet normal  1.4948475321e-01 -1.1639617636e-01 9.8188911731e-01
   outer loop
     vertex 1.6946504600e+01 1.0178366848e+01 2.6861826866e-01
     vertex 1.8005010457e+01 1.3571879181e+01 5.0974669028e-01
     vertex 1.7823635356e+01 1.3571155798e+01 5.3727384451e-01
   endloop
 endfacet
 facet normal  1.6338079330e-01 -1.2053755440e-01 9.7917180023e-01
   outer loop
     vertex 1.6946504600e+01 1.0178366848e+01 2.6861826866e-01
     vertex 1.7214913776e+01 1.0178909386e+01 2.2389934603e-01
     vertex 1.8005010457e+01 1.3571879181e+01 5.0974669028e-01
   endloop
 endfacet
 facet normal  1.6804321077e-01 -1.2154624224e-01 9.7825762982e-01
   outer loop
     vertex 1.7214913776e+01 1.0178909386e+01 2.2389934603e-01
     vertex 1.8150065670e+01 1.3572559205e+01 4.8491387679e-01
     vertex 1.8005010457e+01 1.3571879181e+01 5.0974669028e-01
   endloop
 endfacet
 facet normal  1.8186290083e-01 -1.2512921344e-01 9.7532997762e-01
   outer loop
     vertex 1.7214913776e+01 1.0178909386e+01 2.2389934603e-01
     vertex 1.7429514979e+01 1.0179419404e+01 1.8394960597e-01
     vertex 1.8150065670e+01 1.3572559205e+01 4.8491387679e-01
   endloop
 endfacet
 facet normal  1.8236289151e-01 -1.2522600601e-01 9.7522419126e-01
   outer loop
     vertex 1.7429514979e+01 1.0179419404e+01 1.8394960597e-01
     vertex 1.8260240286e+01 1.3573135741e+01 4.6438571061e-01
     vertex 1.8150065670e+01 1.3572559205e+01 4.8491387679e-01
   endloop
 endfacet
 facet normal  1.9612149824e-01 -1.2833941510e-01 9.7214471786e-01
   outer loop
     vertex 1.7429514979e+01 1.0179419404e+01 1.8394960597e-01
     vertex 1.7592476924e+01 1.0179851806e+01 1.5113057598e-01
     vertex 1.8260240286e+01 1.3573135741e+01 4.6438571061e-01
   endloop
 endfacet
 facet normal  1.9320875745e-01 -1.2782628274e-01 9.7279536259e-01
   outer loop
     vertex 1.7592476924e+01 1.0179851806e+01 1.5113057598e-01
     vertex 1.8340689595e+01 1.3573590183e+01 4.4846723273e-01
     vertex 1.8260240286e+01 1.3573135741e+01 4.6438571061e-01
   endloop
 endfacet
 facet normal  2.0692010269e-01 -1.3056976443e-01 9.6960590330e-01
   outer loop
     vertex 1.7592476924e+01 1.0179851806e+01 1.5113057598e-01
     vertex 1.7711451755e+01 1.0180192637e+01 1.2578648309e-01
     vertex 1.8340689595e+01 1.3573590183e+01 4.4846723273e-01
   endloop
 endfacet
 facet normal  2.0120048599e-01 -1.2963547402e-01 9.7093409061e-01
   outer loop
     vertex 1.7711451755e+01 1.0180192637e+01 1.2578648309e-01
     vertex 1.8397762785e+01 1.3573930171e+01 4.3668571316e-01
     vertex 1.8340689595e+01 1.3573590183e+01 4.4846723273e-01
   endloop
 endfacet
 facet normal  2.1487652843e-01 -1.3210175966e-01 9.6766585278e-01
   outer loop
     vertex 1.7711451755e+01 1.0180192637e+01 1.2578648309e-01
     vertex 1.7795845769e+01 1.0180447628e+01 1.0708105109e-01
     vertex 1.8397762785e+01 1.3573930171e+01 4.3668571316e-01
   endloop
 endfacet
 facet normal  2.0690730511e-01 -1.3087295289e-01 9.6956775797e-01
   outer loop
     vertex 1.7795845769e+01 1.0180447628e+01 1.0708105109e-01
     vertex 1.8437430743e+01 1.3574175248e+01 4.2825358834e-01
     vertex 1.8397762785e+01 1.3573930171e+01 4.3668571316e-01
   endloop
 endfacet
 facet normal  2.2055792350e-01 -1.3313908972e-01 9.6624437135e-01
   outer loop
     vertex 1.7795845769e+01 1.0180447628e+01 1.0708105109e-01
     vertex 1.7854497536e+01 1.0180631436e+01 9.3718344364e-02
     vertex 1.8437430743e+01 1.3574175248e+01 4.2825358834e-01
   endloop
 endfacet
 facet normal  6.6265735331e-02 8.6609049620e-02 -9.9403607824e-01
   outer loop
     vertex 1.8437430743e+01 1.3574175248e+01 4.2825358834e-01
     vertex 1.8397539643e+01 1.3574329512e+01 4.2560775639e-01
     vertex 1.9020363949e+01 1.6967719059e+01 7.6278883232e-01
   endloop
 endfacet
 facet normal  1.0696590600e-01 7.8850274309e-02 -9.9113113622e-01
   outer loop
     vertex 1.9020363949e+01 1.6967719059e+01 7.6278883232e-01
     vertex 1.8397539643e+01 1.3574329512e+01 4.2560775639e-01
     vertex 1.8999799306e+01 1.6967911890e+01 7.6058477384e-01
   endloop
 endfacet
 facet normal  6.5680527291e-02 8.6468978961e-02 -9.9408711088e-01
   outer loop
     vertex 1.8397539643e+01 1.3574329512e+01 4.2560775639e-01
     vertex 1.8340213686e+01 1.3574549981e+01 4.2183933885e-01
     vertex 1.8999799306e+01 1.6967911890e+01 7.6058477384e-01
   endloop
 endfacet
 facet normal  1.0638201087e-01 7.8273372138e-02 -9.9123970208e-01
   outer loop
     vertex 1.8999799306e+01 1.6967911890e+01 7.6058477384e-01
     vertex 1.8340213686e+01 1.3574549981e+01 4.2183933885e-01
     vertex 1.8970245936e+01 1.6968187476e+01 7.5743480333e-01
   endloop
 endfacet
 facet normal  6.4966804053e-02 8.6250243367e-02 -9.9415301131e-01
   outer loop
     vertex 1.8340213686e+01 1.3574549981e+01 4.2183933885e-01
     vertex 1.8259538349e+01 1.3574858160e+01 4.1659403127e-01
     vertex 1.8970245936e+01 1.6968187476e+01 7.5743480333e-01
   endloop
 endfacet
 facet normal  1.0566963577e-01 7.7446885899e-02 -9.9138080874e-01
   outer loop
     vertex 1.8970245936e+01 1.6968187476e+01 7.5743480333e-01
     vertex 1.8259538349e+01 1.3574858160e+01 4.1659403127e-01
     vertex 1.8928653981e+01 1.6968572700e+01 7.5303167962e-01
   endloop
 endfacet
 facet normal  6.4204536788e-02 8.5904974026e-02 -9.9423242398e-01
   outer loop
     vertex 1.8259538349e+01 1.3574858160e+01 4.1659403127e-01
     vertex 1.8149284381e+01 1.3575276278e+01 4.0951028876e-01
     vertex 1.8928653981e+01 1.6968572700e+01 7.5303167962e-01
   endloop
 endfacet
 facet normal  1.0490823992e-01 7.6284802181e-02 -9.9155175869e-01
   outer loop
     vertex 1.8928653981e+01 1.6968572700e+01 7.5303167962e-01
     vertex 1.8149284381e+01 1.3575276278e+01 4.0951028876e-01
     vertex 1.8871811047e+01 1.6969095347e+01 7.4705778866e-01
   endloop
 endfacet
 facet normal  6.3381185524e-02 8.5401881153e-02 -9.9432858956e-01
   outer loop
     vertex 1.8149284381e+01 1.3575276278e+01 4.0951028876e-01
     vertex 1.8004495621e+01 1.3575821036e+01 4.0032785143e-01
     vertex 1.8871811047e+01 1.6969095347e+01 7.4705778866e-01
   endloop
 endfacet
 facet normal  1.0408511937e-01 7.4735200554e-02 -9.9175649114e-01
   outer loop
     vertex 1.8871811047e+01 1.6969095347e+01 7.4705778866e-01
     vertex 1.8004495621e+01 1.3575821036e+01 4.0032785143e-01
     vertex 1.8797160683e+01 1.6969776295e+01 7.3927452595e-01
   endloop
 endfacet
 facet normal  6.2080417955e-02 8.4815559123e-02 -9.9446083012e-01
   outer loop
     vertex 1.8004495621e+01 1.3575821036e+01 4.0032785143e-01
     vertex 1.7823990003e+01 1.3576491657e+01 3.8911676627e-01
     vertex 1.8797160683e+01 1.6969776295e+01 7.3927452595e-01
   endloop
 endfacet
 facet normal  1.0278553276e-01 7.2890696689e-02 -9.9202927406e-01
   outer loop
     vertex 1.8797160683e+01 1.6969776295e+01 7.3927452595e-01
     vertex 1.7823990003e+01 1.3576491657e+01 3.8911676627e-01
     vertex 1.8704090365e+01 1.6970614572e+01 7.2969297440e-01
   endloop
 endfacet
 facet normal  5.9238289259e-02 8.4447081548e-02 -9.9466552946e-01
   outer loop
     vertex 1.7823990003e+01 1.3576491657e+01 3.8911676627e-01
     vertex 1.7612985092e+01 1.3577253855e+01 3.7661487071e-01
     vertex 1.8704090365e+01 1.6970614572e+01 7.2969297440e-01
   endloop
 endfacet
 facet normal  9.9950166209e-02 7.1125701220e-02 -9.9244702574e-01
   outer loop
     vertex 1.8704090365e+01 1.6970614572e+01 7.2969297440e-01
     vertex 1.7612985092e+01 1.3577253855e+01 3.7661487071e-01
     vertex 1.8595281544e+01 1.6971567319e+01 7.1880302796e-01
   endloop
 endfacet
 facet normal  5.2578984766e-02 8.5090525608e-02 -9.9498495105e-01
   outer loop
     vertex 1.7612985092e+01 1.3577253855e+01 3.7661487071e-01
     vertex 1.7384090592e+01 1.3578025489e+01 3.6458515939e-01
     vertex 1.8595281544e+01 1.6971567319e+01 7.1880302796e-01
   endloop
 endfacet
 facet normal  9.3312630980e-02 7.0360474053e-02 -9.9314760061e-01
   outer loop
     vertex 1.8595281544e+01 1.6971567319e+01 7.1880302796e-01
     vertex 1.7384090592e+01 1.3578025489e+01 3.6458515939e-01
     vertex 1.8477215124e+01 1.6972531861e+01 7.0777825919e-01
   endloop
 endfacet
 facet normal  7.9916473152e-02 7.4759990537e-02 -9.9399411524e-01
   outer loop
     vertex 1.7384090592e+01 1.3578025489e+01 3.6458515939e-01
     vertex 1.8359011439e+01 1.6973357874e+01 6.9833688649e-01
     vertex 1.8477215124e+01 1.6972531861e+01 7.0777825919e-01
   endloop
 endfacet
 facet normal  3.9137835342e-02 8.6614344738e-02 -9.9547284500e-01
   outer loop
     vertex 1.7384090592e+01 1.3578025489e+01 3.6458515939e-01
     vertex 1.7155056971e+01 1.3578686299e+01 3.5563800979e-01
     vertex 1.8359011439e+01 1.6973357874e+01 6.9833688649e-01
   endloop
 endfacet
 facet normal  6.5211574716e-02 7.7306418167e-02 -9.9487243817e-01
   outer loop
     vertex 1.7155056971e+01 1.3578686299e+01 3.5563800979e-01
     vertex 1.8249888744e+01 1.6973979432e+01 6.9123244571e-01
     vertex 1.8359011439e+01 1.6973357874e+01 6.9833688649e-01
   endloop
 endfacet
 facet normal  2.4399202796e-02 9.0537929283e-02 -9.9559407504e-01
   outer loop
     vertex 1.7155056971e+01 1.3578686299e+01 3.5563800979e-01
     vertex 1.6943747062e+01 1.3579183546e+01 3.5050461880e-01
     vertex 1.8249888744e+01 1.6973979432e+01 6.9123244571e-01
   endloop
 endfacet
 facet normal  4.1199532216e-02 8.4075361596e-02 -9.9560731823e-01
   outer loop
     vertex 1.6943747062e+01 1.3579183546e+01 3.5050461880e-01
     vertex 1.8156406062e+01 1.6974315394e+01 6.8739238090e-01
     vertex 1.8249888744e+01 1.6973979432e+01 6.9123244571e-01
   endloop
 endfacet
 facet normal  3.6832262006e-04 9.8611516595e-02 -9.9512593833e-01
   outer loop
     vertex 1.6943747062e+01 1.3579183546e+01 3.5050461880e-01
     vertex 1.6762901853e+01 1.3579452315e+01 3.5046431678e-01
     vertex 1.8156406062e+01 1.6974315394e+01 6.8739238090e-01
   endloop
 endfacet
 facet normal  -5.7546205129e-04 9.8995126119e-02 -9.9508775183e-01
   outer loop
     vertex 1.6762901853e+01 1.3579452315e+01 3.5046431678e-01
     vertex 1.8081356209e+01 1.6974311630e+01 6.8743540794e-01
     vertex 1.8156406062e+01 1.6974315394e+01 6.8739238090e-01
   endloop
 endfacet
 facet normal  -4.1308482939e-02 1.1456329623e-01 -9.9255672906e-01
   outer loop
     vertex 1.6762901853e+01 1.3579452315e+01 3.5046431678e-01
     vertex 1.6617964231e+01 1.3579449304e+01 3.5649602065e-01
     vertex 1.8081356209e+01 1.6974311630e+01 6.8743540794e-01
   endloop
 endfacet
 facet normal  -6.6029892771e-02 1.2496671742e-01 -9.8996129864e-01
   outer loop
     vertex 1.6617964231e+01 1.3579449304e+01 3.5649602065e-01
     vertex 1.8024337944e+01 1.6973982537e+01 6.9119695328e-01
     vertex 1.8081356209e+01 1.6974311630e+01 6.8743540794e-01
   endloop
 endfacet
 facet normal  -1.0624543863e-01 1.4106828909e-01 -9.8428229923e-01
   outer loop
     vertex 1.6617964231e+01 1.3579449304e+01 3.5649602065e-01
     vertex 1.6508146203e+01 1.3579186030e+01 3.6831226984e-01
     vertex 1.8024337944e+01 1.6973982537e+01 6.9119695328e-01
   endloop
 endfacet
 facet normal  -1.7137686638e-01 1.6885865516e-01 -9.7062697482e-01
   outer loop
     vertex 1.6508146203e+01 1.3579186030e+01 3.6831226984e-01
     vertex 1.7983168114e+01 1.6973356110e+01 6.9835704567e-01
     vertex 1.8024337944e+01 1.6973982537e+01 6.9119695328e-01
   endloop
 endfacet
 facet normal  -2.0980903953e-01 1.8454337147e-01 -9.6016868881e-01
   outer loop
     vertex 1.6508146203e+01 1.3579186030e+01 3.6831226984e-01
     vertex 1.6429206068e+01 1.3578684888e+01 3.8546537193e-01
     vertex 1.7983168114e+01 1.6973356110e+01 6.9835704567e-01
   endloop
 endfacet
 facet normal  -3.6664696437e-01 2.5042588471e-01 -8.9602281209e-01
   outer loop
     vertex 1.6429206068e+01 1.3578684888e+01 3.8546537193e-01
     vertex 1.7955691894e+01 1.6972395945e+01 7.0933179090e-01
     vertex 1.7983168114e+01 1.6973356110e+01 6.9835704567e-01
   endloop
 endfacet
 facet normal  -3.9886155219e-01 2.6323580573e-01 -8.7841696976e-01
   outer loop
     vertex 1.6429206068e+01 1.3578684888e+01 3.8546537193e-01
     vertex 1.6377015397e+01 1.3577916756e+01 4.0893332951e-01
     vertex 1.7955691894e+01 1.6972395945e+01 7.0933179090e-01
   endloop
 endfacet
 facet normal  -7.5139303854e-01 3.9615157077e-01 -5.2770487453e-01
   outer loop
     vertex 1.6377015397e+01 1.3577916756e+01 4.0893332951e-01
     vertex 1.7943715023e+01 1.6970995890e+01 7.2533449284e-01
     vertex 1.7955691894e+01 1.6972395945e+01 7.0933179090e-01
   endloop
 endfacet
 facet normal  -7.6331110194e-01 3.9976904765e-01 -5.0748484726e-01
   outer loop
     vertex 1.6377015397e+01 1.3577916756e+01 4.0893332951e-01
     vertex 1.6355158075e+01 1.3576796712e+01 4.4092675344e-01
     vertex 1.7943715023e+01 1.6970995890e+01 7.2533449284e-01
   endloop
 endfacet
 facet normal  -8.4550855575e-01 3.6289512404e-01 3.9169172968e-01
   outer loop
     vertex 1.6355158075e+01 1.3576796712e+01 4.4092675344e-01
     vertex 1.6371197855e+01 1.3575482044e+01 4.7676835273e-01
     vertex 1.7943715023e+01 1.6970995890e+01 7.2533449284e-01
   endloop
 endfacet
 facet normal  -8.5181223893e-01 3.6713378538e-01 3.7366922973e-01
   outer loop
     vertex 1.7943715023e+01 1.6970995890e+01 7.2533449284e-01
     vertex 1.6371197855e+01 1.3575482044e+01 4.7676835273e-01
     vertex 1.7951246557e+01 1.6969352556e+01 7.4411788604e-01
   endloop
 endfacet
 facet normal  -5.4378153913e-01 1.8874691241e-01 8.1772626273e-01
   outer loop
     vertex 1.6371197855e+01 1.3575482044e+01 4.7676835273e-01
     vertex 1.6419394883e+01 1.3574246113e+01 5.0910427431e-01
     vertex 1.7951246557e+01 1.6969352556e+01 7.4411788604e-01
   endloop
 endfacet
 facet normal  -5.6851877948e-01 2.0129702717e-01 7.9766277601e-01
   outer loop
     vertex 1.7951246557e+01 1.6969352556e+01 7.4411788604e-01
     vertex 1.6419394883e+01 1.3574246113e+01 5.0910427431e-01
     vertex 1.7975475318e+01 1.6967807641e+01 7.6177634164e-01
   endloop
 endfacet
 facet normal  -3.5808778413e-01 9.5039352881e-02 9.2883833914e-01
   outer loop
     vertex 1.6419394883e+01 1.3574246113e+01 5.0910427431e-01
     vertex 1.6495803418e+01 1.3573067825e+01 5.3868202253e-01
     vertex 1.7975475318e+01 1.6967807641e+01 7.6177634164e-01
   endloop
 endfacet
 facet normal  -3.9145890500e-01 1.1059118826e-01 9.1352586979e-01
   outer loop
     vertex 1.7975475318e+01 1.6967807641e+01 7.6177634164e-01
     vertex 1.6495803418e+01 1.3573067825e+01 5.3868202253e-01
     vertex 1.8014345806e+01 1.6966334781e+01 7.7861120570e-01
   endloop
 endfacet
 facet normal  -2.3944958855e-01 3.8561303464e-02 9.7014273198e-01
   outer loop
     vertex 1.6495803418e+01 1.3573067825e+01 5.3868202253e-01
     vertex 1.6604553534e+01 1.3571938667e+01 5.6556849138e-01
     vertex 1.8014345806e+01 1.6966334781e+01 7.7861120570e-01
   endloop
 endfacet
 facet normal  -2.7675706899e-01 5.4731697086e-02 9.5937999046e-01
   outer loop
     vertex 1.8014345806e+01 1.6966334781e+01 7.7861120570e-01
     vertex 1.6604553534e+01 1.3571938667e+01 5.6556849138e-01
     vertex 1.8069991543e+01 1.6964923333e+01 7.9474412721e-01
   endloop
 endfacet
 facet normal  -1.4791366216e-01 -2.9164526830e-03 9.8899597717e-01
   outer loop
     vertex 1.6604553534e+01 1.3571938667e+01 5.6556849138e-01
     vertex 1.6750061368e+01 1.3570939854e+01 5.8732761286e-01
     vertex 1.8069991543e+01 1.6964923333e+01 7.9474412721e-01
   endloop
 endfacet
 facet normal  -1.8728933918e-01 1.2810888014e-02 9.8222125032e-01
   outer loop
     vertex 1.8069991543e+01 1.6964923333e+01 7.9474412721e-01
     vertex 1.6750061368e+01 1.3570939854e+01 5.8732761286e-01
     vertex 1.8144746989e+01 1.6963674817e+01 8.0901473344e-01
   endloop
 endfacet
 facet normal  -6.9466656024e-02 -3.6583665352e-02 9.9691324554e-01
   outer loop
     vertex 1.6750061368e+01 1.3570939854e+01 5.8732761286e-01
     vertex 1.6933033604e+01 1.3570211126e+01 6.0005069577e-01
     vertex 1.8144746989e+01 1.6963674817e+01 8.0901473344e-01
   endloop
 endfacet
 facet normal  -1.0991159824e-01 -2.1943957080e-02 9.9369910100e-01
   outer loop
     vertex 1.8144746989e+01 1.6963674817e+01 8.0901473344e-01
     vertex 1.6933033604e+01 1.3570211126e+01 6.0005069577e-01
     vertex 1.8239060312e+01 1.6962763908e+01 8.1942647579e-01
   endloop
 endfacet
 facet normal  3.2300371911e-04 -6.4652978982e-02 9.9790775524e-01
   outer loop
     vertex 1.6933033604e+01 1.3570211126e+01 6.0005069577e-01
     vertex 1.7147410832e+01 1.3569897474e+01 5.9996098486e-01
     vertex 1.8239060312e+01 1.6962763908e+01 8.1942647579e-01
   endloop
 endfacet
 facet normal  -4.0533558735e-02 -5.1503700687e-02 9.9784988823e-01
   outer loop
     vertex 1.8239060312e+01 1.6962763908e+01 8.1942647579e-01
     vertex 1.7147410832e+01 1.3569897474e+01 5.9996098486e-01
     vertex 1.8349879312e+01 1.6962371842e+01 8.2390780678e-01
   endloop
 endfacet
 facet normal  5.7138527663e-02 -8.5913353981e-02 9.9466279928e-01
   outer loop
     vertex 1.7147410832e+01 1.3569897474e+01 5.9996098486e-01
     vertex 1.7379517112e+01 1.3570034205e+01 5.8663942098e-01
     vertex 1.8349879312e+01 1.6962371842e+01 8.2390780678e-01
   endloop
 endfacet
 facet normal  1.6302472474e-02 -7.4402508831e-02 9.9709502861e-01
   outer loop
     vertex 1.8349879312e+01 1.6962371842e+01 8.2390780678e-01
     vertex 1.7379517112e+01 1.3570034205e+01 5.8663942098e-01
     vertex 1.8470143430e+01 1.6962542756e+01 8.2195424573e-01
   endloop
 endfacet
 facet normal  5.4994388933e-02 -8.6676301479e-02 9.9471746539e-01
   outer loop
     vertex 1.7379517112e+01 1.3570034205e+01 5.8663942098e-01
     vertex 1.8590245411e+01 1.6963119287e+01 8.1536447148e-01
     vertex 1.8470143430e+01 1.6962542756e+01 8.2195424573e-01
   endloop
 endfacet
 facet normal  9.5636697876e-02 -1.0088001751e-01 9.9029129254e-01
   outer loop
     vertex 1.7379517112e+01 1.3570034205e+01 5.8663942098e-01
     vertex 1.7610941407e+01 1.3570495430e+01 5.6433676394e-01
     vertex 1.8590245411e+01 1.6963119287e+01 8.1536447148e-01
   endloop
 endfacet
 facet normal  8.5376870305e-02 -9.8009105464e-02 9.9151651790e-01
   outer loop
     vertex 1.7610941407e+01 1.3570495430e+01 5.6433676394e-01
     vertex 1.8700766113e+01 1.6963944747e+01 8.0592942035e-01
     vertex 1.8590245411e+01 1.6963119287e+01 8.1536447148e-01
   endloop
 endfacet
 facet normal  1.2578485623e-01 -1.1058469708e-01 9.8587483725e-01
   outer loop
     vertex 1.7610941407e+01 1.3570495430e+01 5.6433676394e-01
     vertex 1.7823635356e+01 1.3571155798e+01 5.3727384451e-01
     vertex 1.8700766113e+01 1.6963944747e+01 8.0592942035e-01
   endloop
 endfacet
 facet normal  1.0929111502e-01 -1.0651159096e-01 9.8828676667e-01
   outer loop
     vertex 1.7823635356e+01 1.3571155798e+01 5.3727384451e-01
     vertex 1.8795107139e+01 1.6964848976e+01 7.9559403453e-01
     vertex 1.8700766113e+01 1.6963944747e+01 8.0592942035e-01
   endloop
 endfacet
 facet normal  1.4946933089e-01 -1.1751597695e-01 9.8175807320e-01
   outer loop
     vertex 1.7823635356e+01 1.3571155798e+01 5.3727384451e-01
     vertex 1.8005010457e+01 1.3571879181e+01 5.0974669028e-01
     vertex 1.8795107139e+01 1.6964848976e+01 7.9559403453e-01
   endloop
 endfacet
 facet normal  1.2805384203e-01 -1.1282987581e-01 9.8532818526e-01
   outer loop
     vertex 1.8005010457e+01 1.3571879181e+01 5.0974669028e-01
     vertex 1.8870616361e+01 1.6965699006e+01 7.8587814761e-01
     vertex 1.8795107139e+01 1.6964848976e+01 7.9559403453e-01
   endloop
 endfacet
 facet normal  1.6802872083e-01 -1.2244144893e-01 9.7814847572e-01
   outer loop
     vertex 1.8005010457e+01 1.3571879181e+01 5.0974669028e-01
     vertex 1.8150065670e+01 1.3572559205e+01 4.8491387679e-01
     vertex 1.8870616361e+01 1.6965699006e+01 7.8587814761e-01
   endloop
 endfacet
 facet normal  1.4254423716e-01 -1.1744193823e-01 9.8279628184e-01
   outer loop
     vertex 1.8150065670e+01 1.3572559205e+01 4.8491387679e-01
     vertex 1.8928003648e+01 1.6966419677e+01 7.7764084525e-01
     vertex 1.8870616361e+01 1.6965699006e+01 7.8587814761e-01
   endloop
 endfacet
 facet normal  1.8235056799e-01 -1.2590585459e-01 9.7513895735e-01
   outer loop
     vertex 1.8150065670e+01 1.3572559205e+01 4.8491387679e-01
     vertex 1.8260240286e+01 1.3573135741e+01 4.6438571061e-01
     vertex 1.8928003648e+01 1.6966419677e+01 7.7764084525e-01
   endloop
 endfacet
 facet normal  1.5352612686e-01 -1.2075047894e-01 9.8073903267e-01
   outer loop
     vertex 1.8260240286e+01 1.3573135741e+01 4.6438571061e-01
     vertex 1.8969927435e+01 1.6966987729e+01 7.7114798238e-01
     vertex 1.8928003648e+01 1.6966419677e+01 7.7764084525e-01
   endloop
 endfacet
 facet normal  1.9319901175e-01 -1.2832271894e-01 9.7273193721e-01
   outer loop
     vertex 1.8260240286e+01 1.3573135741e+01 4.6438571061e-01
     vertex 1.8340689595e+01 1.3573590183e+01 4.4846723273e-01
     vertex 1.8969927435e+01 1.6966987729e+01 7.7114798238e-01
   endloop
 endfacet
 facet normal  1.6162148155e-01 -1.2307738744e-01 9.7914781999e-01
   outer loop
     vertex 1.8340689595e+01 1.3573590183e+01 4.4846723273e-01
     vertex 1.8999679802e+01 1.6967412714e+01 7.6629037523e-01
     vertex 1.8969927435e+01 1.6966987729e+01 7.7114798238e-01
   endloop
 endfacet
 facet normal  2.0119317573e-01 -1.2998769576e-01 9.7088851316e-01
   outer loop
     vertex 1.8340689595e+01 1.3573590183e+01 4.4846723273e-01
     vertex 1.8397762785e+01 1.3573930171e+01 4.3668571316e-01
     vertex 1.8999679802e+01 1.6967412714e+01 7.6629037523e-01
   endloop
 endfacet
 facet normal  1.6740397567e-01 -1.2468241417e-01 9.7797249682e-01
   outer loop
     vertex 1.8397762785e+01 1.3573930171e+01 4.3668571316e-01
     vertex 1.9020363949e+01 1.6967719059e+01 7.6278883232e-01
     vertex 1.8999679802e+01 1.6967412714e+01 7.6629037523e-01
   endloop
 endfacet
 facet normal  2.0690202561e-01 -1.3111778806e-01 9.6953580514e-01
   outer loop
     vertex 1.8397762785e+01 1.3573930171e+01 4.3668571316e-01
     vertex 1.8437430743e+01 1.3574175248e+01 4.2825358834e-01
     vertex 1.9020363949e+01 1.6967719059e+01 7.6278883232e-01
   endloop
 endfacet
 facet normal  -1.0980564692e-13 9.9619469809e-01 8.7155742747e-02
   outer loop
     vertex 1.9020363949e+01 1.6967719059e+01 7.6278883232e-01
     vertex 1.8999799306e+01 1.6967911890e+01 7.6058477384e-01
     vertex 1.8999769430e+01 1.6967787096e+01 7.6201117418e-01
   endloop
 endfacet
 facet normal  4.5748392655e-14 9.9619469809e-01 8.7155742747e-02
   outer loop
     vertex 1.8999799306e+01 1.6967911890e+01 7.6058477384e-01
     vertex 1.8970166311e+01 1.6967887539e+01 7.6086309809e-01
     vertex 1.8999769430e+01 1.6967787096e+01 7.6201117418e-01
   endloop
 endfacet
 facet normal  4.7446834119e-14 9.9619469809e-01 8.7155742748e-02
   outer loop
     vertex 1.8999799306e+01 1.6967911890e+01 7.6058477384e-01
     vertex 1.8970245936e+01 1.6968187476e+01 7.5743480333e-01
     vertex 1.8970166311e+01 1.6967887539e+01 7.6086309809e-01
   endloop
 endfacet
 facet normal  9.3854102134e-15 9.9619469809e-01 8.7155742748e-02
   outer loop
     vertex 1.8970245936e+01 1.6968187476e+01 7.5743480333e-01
     vertex 1.8928491398e+01 1.6968034444e+01 7.5918397103e-01
     vertex 1.8970166311e+01 1.6967887539e+01 7.6086309809e-01
   endloop
 endfacet
 facet normal  3.5005047206e-15 9.9619469809e-01 8.7155742747e-02
   outer loop
     vertex 1.8970245936e+01 1.6968187476e+01 7.5743480333e-01
     vertex 1.8928653981e+01 1.6968572700e+01 7.5303167962e-01
     vertex 1.8928491398e+01 1.6968034444e+01 7.5918397103e-01
   endloop
 endfacet
 facet normal  4.4514309764e-15 9.9619469809e-01 8.7155742747e-02
   outer loop
     vertex 1.8928653981e+01 1.6968572700e+01 7.5303167962e-01
     vertex 1.8871512376e+01 1.6968246262e+01 7.5676287840e-01
     vertex 1.8928491398e+01 1.6968034444e+01 7.5918397103e-01
   endloop
 endfacet
 facet normal  6.3424851952e-15 9.9619469809e-01 8.7155742748e-02
   outer loop
     vertex 1.8928653981e+01 1.6968572700e+01 7.5303167962e-01
     vertex 1.8871811047e+01 1.6969095347e+01 7.4705778866e-01
     vertex 1.8871512376e+01 1.6968246262e+01 7.5676287840e-01
   endloop
 endfacet
 facet normal  1.5200896443e-14 9.9619469809e-01 8.7155742748e-02
   outer loop
     vertex 1.8871811047e+01 1.6969095347e+01 7.4705778866e-01
     vertex 1.8796647297e+01 1.6968544465e+01 7.5335440310e-01
     vertex 1.8871512376e+01 1.6968246262e+01 7.5676287840e-01
   endloop
 endfacet
 facet normal  2.9873057841e-14 9.9619469809e-01 8.7155742748e-02
   outer loop
     vertex 1.8871811047e+01 1.6969095347e+01 7.4705778866e-01
     vertex 1.8797160683e+01 1.6969776295e+01 7.3927452595e-01
     vertex 1.8796647297e+01 1.6968544465e+01 7.5335440310e-01
   endloop
 endfacet
 facet normal  -3.8261979220e-15 9.9619469809e-01 8.7155742748e-02
   outer loop
     vertex 1.8797160683e+01 1.6969776295e+01 7.3927452595e-01
     vertex 1.8703259302e+01 1.6968947116e+01 7.4875208589e-01
     vertex 1.8796647297e+01 1.6968544465e+01 7.5335440310e-01
   endloop
 endfacet
 facet normal  -2.2121467264e-14 9.9619469809e-01 8.7155742747e-02
   outer loop
     vertex 1.8797160683e+01 1.6969776295e+01 7.3927452595e-01
     vertex 1.8704090365e+01 1.6970614572e+01 7.2969297440e-01
     vertex 1.8703259302e+01 1.6968947116e+01 7.4875208589e-01
   endloop
 endfacet
 facet normal  3.4097977473e-14 9.9619469809e-01 8.7155742747e-02
   outer loop
     vertex 1.8704090365e+01 1.6970614572e+01 7.2969297440e-01
     vertex 1.8594022511e+01 1.6969455311e+01 7.4294338884e-01
     vertex 1.8703259302e+01 1.6968947116e+01 7.4875208589e-01
   endloop
 endfacet
 facet normal  3.8626642657e-14 9.9619469809e-01 8.7155742748e-02
   outer loop
     vertex 1.8704090365e+01 1.6970614572e+01 7.2969297440e-01
     vertex 1.8595281544e+01 1.6971567319e+01 7.1880302796e-01
     vertex 1.8594022511e+01 1.6969455311e+01 7.4294338884e-01
   endloop
 endfacet
 facet normal  -1.1985867658e-14 9.9619469809e-01 8.7155742748e-02
   outer loop
     vertex 1.8595281544e+01 1.6971567319e+01 7.1880302796e-01
     vertex 1.8475447200e+01 1.6970034585e+01 7.3632225583e-01
     vertex 1.8594022511e+01 1.6969455311e+01 7.4294338884e-01
   endloop
 endfacet
 facet normal  -1.9118774895e-16 9.9619469809e-01 8.7155742748e-02
   outer loop
     vertex 1.8595281544e+01 1.6971567319e+01 7.1880302796e-01
     vertex 1.8477215124e+01 1.6972531861e+01 7.0777825919e-01
     vertex 1.8475447200e+01 1.6970034585e+01 7.3632225583e-01
   endloop
 endfacet
 facet normal  -2.2654245581e-14 9.9619469809e-01 8.7155742748e-02
   outer loop
     vertex 1.8477215124e+01 1.6972531861e+01 7.0777825919e-01
     vertex 1.8359011439e+01 1.6973357874e+01 6.9833688649e-01
     vertex 1.8475447200e+01 1.6970034585e+01 7.3632225583e-01
   endloop
 endfacet
 facet normal  -2.5894559181e-14 9.9619469809e-01 8.7155742748e-02
   outer loop
     vertex 1.8475447200e+01 1.6970034585e+01 7.3632225583e-01
     vertex 1.8359011439e+01 1.6973357874e+01 6.9833688649e-01
     vertex 1.8356728407e+01 1.6970611366e+01 7.2972961657e-01
   endloop
 endfacet
 facet normal  5.9603206347e-14 9.9619469809e-01 8.7155742748e-02
   outer loop
     vertex 1.8359011439e+01 1.6973357874e+01 6.9833688649e-01
     vertex 1.8249888744e+01 1.6973979432e+01 6.9123244571e-01
     vertex 1.8356728407e+01 1.6970611366e+01 7.2972961657e-01
   endloop
 endfacet
 facet normal  2.2258815093e-14 9.9619469809e-01 8.7155742748e-02
   outer loop
     vertex 1.8356728407e+01 1.6970611366e+01 7.2972961657e-01
     vertex 1.8249888744e+01 1.6973979432e+01 6.9123244571e-01
     vertex 1.8247181636e+01 1.6971175551e+01 7.2328095323e-01
   endloop
 endfacet
 facet normal  -4.8148959509e-14 9.9619469809e-01 8.7155742748e-02
   outer loop
     vertex 1.8249888744e+01 1.6973979432e+01 6.9123244571e-01
     vertex 1.8156406062e+01 1.6974315394e+01 6.8739238090e-01
     vertex 1.8247181636e+01 1.6971175551e+01 7.2328095323e-01
   endloop
 endfacet
 facet normal  -1.9049472317e-14 9.9619469809e-01 8.7155742748e-02
   outer loop
     vertex 1.8247181636e+01 1.6971175551e+01 7.2328095323e-01
     vertex 1.8156406062e+01 1.6974315394e+01 6.8739238090e-01
     vertex 1.8153491294e+01 1.6971655250e+01 7.1779796903e-01
   endloop
 endfacet
 facet normal  6.4909204787e-14 9.9619469809e-01 8.7155742748e-02
   outer loop
     vertex 1.8156406062e+01 1.6974315394e+01 6.8739238090e-01
     vertex 1.8081356209e+01 1.6974311630e+01 6.8743540794e-01
     vertex 1.8153491294e+01 1.6971655250e+01 7.1779796903e-01
   endloop
 endfacet
 facet normal  6.8979270858e-14 9.9619469809e-01 8.7155742748e-02
   outer loop
     vertex 1.8153491294e+01 1.6971655250e+01 7.1779796903e-01
     vertex 1.8081356209e+01 1.6974311630e+01 6.8743540794e-01
     vertex 1.8078515042e+01 1.6971964556e+01 7.1426258776e-01
   endloop
 endfacet
 facet normal  -4.1150215942e-14 9.9619469809e-01 8.7155742748e-02
   outer loop
     vertex 1.8081356209e+01 1.6974311630e+01 6.8743540794e-01
     vertex 1.8024337944e+01 1.6973982537e+01 6.9119695328e-01
     vertex 1.8078515042e+01 1.6971964556e+01 7.1426258776e-01
   endloop
 endfacet
 facet normal  -1.4875631580e-14 9.9619469809e-01 8.7155742748e-02
   outer loop
     vertex 1.8078515042e+01 1.6971964556e+01 7.1426258776e-01
     vertex 1.8024337944e+01 1.6973982537e+01 6.9119695328e-01
     vertex 1.8021839909e+01 1.6972070598e+01 7.1305051639e-01
   endloop
 endfacet
 facet normal  -1.8901723143e-13 9.9619469809e-01 8.7155742748e-02
   outer loop
     vertex 1.8024337944e+01 1.6973982537e+01 6.9119695328e-01
     vertex 1.7983168114e+01 1.6973356110e+01 6.9835704567e-01
     vertex 1.8021839909e+01 1.6972070598e+01 7.1305051639e-01
   endloop
 endfacet
 facet normal  -1.5887582537e-13 9.9619469809e-01 8.7155742747e-02
   outer loop
     vertex 1.8021839909e+01 1.6972070598e+01 7.1305051639e-01
     vertex 1.7983168114e+01 1.6973356110e+01 6.9835704567e-01
     vertex 1.7981244915e+01 1.6971968993e+01 7.1421186966e-01
   endloop
 endfacet
 facet normal  1.5908301963e-13 9.9619469809e-01 8.7155742748e-02
   outer loop
     vertex 1.7983168114e+01 1.6973356110e+01 6.9835704567e-01
     vertex 1.7955691894e+01 1.6972395945e+01 7.0933179090e-01
     vertex 1.7981244915e+01 1.6971968993e+01 7.1421186966e-01
   endloop
 endfacet
 facet normal  1.4409152418e-13 9.9619469809e-01 8.7155742748e-02
   outer loop
     vertex 1.7981244915e+01 1.6971968993e+01 7.1421186966e-01
     vertex 1.7955691894e+01 1.6972395945e+01 7.0933179090e-01
     vertex 1.7954580560e+01 1.6971635097e+01 7.1802831468e-01
   endloop
 endfacet
 facet normal  -1.1938197730e-13 9.9619469809e-01 8.7155742748e-02
   outer loop
     vertex 1.7955691894e+01 1.6972395945e+01 7.0933179090e-01
     vertex 1.7943715023e+01 1.6970995890e+01 7.2533449284e-01
     vertex 1.7954580560e+01 1.6971635097e+01 7.1802831468e-01
   endloop
 endfacet
 facet normal  -1.1856134832e-13 9.9619469809e-01 8.7155742748e-02
   outer loop
     vertex 1.7943715023e+01 1.6970995890e+01 7.2533449284e-01
     vertex 1.7951246557e+01 1.6969352556e+01 7.4411788604e-01
     vertex 1.7952357891e+01 1.6970113403e+01 7.3542136225e-01
   endloop
 endfacet
 facet normal  4.6014333342e-14 9.9619469809e-01 8.7155742748e-02
   outer loop
     vertex 1.7951246557e+01 1.6969352556e+01 7.4411788604e-01
     vertex 1.7977398517e+01 1.6969194758e+01 7.4592151765e-01
     vertex 1.7952357891e+01 1.6970113403e+01 7.3542136225e-01
   endloop
 endfacet
 facet normal  5.1584782573e-14 9.9619469809e-01 8.7155742748e-02
   outer loop
     vertex 1.7951246557e+01 1.6969352556e+01 7.4411788604e-01
     vertex 1.7975475318e+01 1.6967807641e+01 7.6177634164e-01
     vertex 1.7977398517e+01 1.6969194758e+01 7.4592151765e-01
   endloop
 endfacet
 facet normal  1.6168787533e-14 9.9619469809e-01 8.7155742747e-02
   outer loop
     vertex 1.7975475318e+01 1.6967807641e+01 7.6177634164e-01
     vertex 1.8016843840e+01 1.6968246720e+01 7.5675764259e-01
     vertex 1.7977398517e+01 1.6969194758e+01 7.4592151765e-01
   endloop
 endfacet
 facet normal  2.6221616549e-14 9.9619469809e-01 8.7155742748e-02
   outer loop
     vertex 1.7975475318e+01 1.6967807641e+01 7.6177634164e-01
     vertex 1.8014345806e+01 1.6966334781e+01 7.7861120570e-01
     vertex 1.8016843840e+01 1.6968246720e+01 7.5675764259e-01
   endloop
 endfacet
 facet normal  -1.5500233792e-14 9.9619469809e-01 8.7155742748e-02
   outer loop
     vertex 1.8014345806e+01 1.6966334781e+01 7.7861120570e-01
     vertex 1.8072832710e+01 1.6967270407e+01 7.6791694739e-01
     vertex 1.8016843840e+01 1.6968246720e+01 7.5675764259e-01
   endloop
 endfacet
 facet normal  2.1208016235e-14 9.9619469809e-01 8.7155742748e-02
   outer loop
     vertex 1.8014345806e+01 1.6966334781e+01 7.7861120570e-01
     vertex 1.8069991543e+01 1.6964923333e+01 7.9474412721e-01
     vertex 1.8072832710e+01 1.6967270407e+01 7.6791694739e-01
   endloop
 endfacet
 facet normal  1.1859866022e-14 9.9619469809e-01 8.7155742748e-02
   outer loop
     vertex 1.8069991543e+01 1.6964923333e+01 7.9474412721e-01
     vertex 1.8147661758e+01 1.6966334961e+01 7.7860914530e-01
     vertex 1.8072832710e+01 1.6967270407e+01 7.6791694739e-01
   endloop
 endfacet
 facet normal  1.0820229015e-14 9.9619469809e-01 8.7155742748e-02
   outer loop
     vertex 1.8069991543e+01 1.6964923333e+01 7.9474412721e-01
     vertex 1.8144746989e+01 1.6963674817e+01 8.0901473344e-01
     vertex 1.8147661758e+01 1.6966334961e+01 7.7860914530e-01
   endloop
 endfacet
 facet normal  2.1447034965e-14 9.9619469809e-01 8.7155742748e-02
   outer loop
     vertex 1.8144746989e+01 1.6963674817e+01 8.0901473344e-01
     vertex 1.8241767420e+01 1.6965567789e+01 7.8737796827e-01
     vertex 1.8147661758e+01 1.6966334961e+01 7.7860914530e-01
   endloop
 endfacet
 facet normal  1.2173171959e-14 9.9619469809e-01 8.7155742748e-02
   outer loop
     vertex 1.8144746989e+01 1.6963674817e+01 8.0901473344e-01
     vertex 1.8239060312e+01 1.6962763908e+01 8.1942647579e-01
     vertex 1.8241767420e+01 1.6965567789e+01 7.8737796827e-01
   endloop
 endfacet
 facet normal  -6.1467770949e-15 9.9619469809e-01 8.7155742748e-02
   outer loop
     vertex 1.8239060312e+01 1.6962763908e+01 8.1942647579e-01
     vertex 1.8352162343e+01 1.6965118350e+01 7.9251507671e-01
     vertex 1.8241767420e+01 1.6965567789e+01 7.8737796827e-01
   endloop
 endfacet
 facet normal  -4.5209335685e-15 9.9619469809e-01 8.7155742748e-02
   outer loop
     vertex 1.8239060312e+01 1.6962763908e+01 8.1942647579e-01
     vertex 1.8349879312e+01 1.6962371842e+01 8.2390780678e-01
     vertex 1.8352162343e+01 1.6965118350e+01 7.9251507671e-01
   endloop
 endfacet
 facet normal  -3.1478995115e-14 9.9619469809e-01 8.7155742748e-02
   outer loop
     vertex 1.8349879312e+01 1.6962371842e+01 8.2390780678e-01
     vertex 1.8471911353e+01 1.6965040033e+01 7.9341024910e-01
     vertex 1.8352162343e+01 1.6965118350e+01 7.9251507671e-01
   endloop
 endfacet
 facet normal  -3.1263896856e-14 9.9619469809e-01 8.7155742748e-02
   outer loop
     vertex 1.8349879312e+01 1.6962371842e+01 8.2390780678e-01
     vertex 1.8470143430e+01 1.6962542756e+01 8.2195424573e-01
     vertex 1.8471911353e+01 1.6965040033e+01 7.9341024910e-01
   endloop
 endfacet
 facet normal  1.4892763375e-15 9.9619469809e-01 8.7155742748e-02
   outer loop
     vertex 1.8470143430e+01 1.6962542756e+01 8.2195424573e-01
     vertex 1.8590245411e+01 1.6963119287e+01 8.1536447148e-01
     vertex 1.8471911353e+01 1.6965040033e+01 7.9341024910e-01
   endloop
 endfacet
 facet normal  1.1983091412e-14 9.9619469809e-01 8.7155742748e-02
   outer loop
     vertex 1.8471911353e+01 1.6965040033e+01 7.9341024910e-01
     vertex 1.8590245411e+01 1.6963119287e+01 8.1536447148e-01
     vertex 1.8591504444e+01 1.6965231295e+01 7.9122411060e-01
   endloop
 endfacet
 facet normal  -7.0735481030e-15 9.9619469809e-01 8.7155742748e-02
   outer loop
     vertex 1.8590245411e+01 1.6963119287e+01 8.1536447148e-01
     vertex 1.8700766113e+01 1.6963944747e+01 8.0592942035e-01
     vertex 1.8591504444e+01 1.6965231295e+01 7.9122411060e-01
   endloop
 endfacet
 facet normal  1.7497766028e-14 9.9619469809e-01 8.7155742747e-02
   outer loop
     vertex 1.8591504444e+01 1.6965231295e+01 7.9122411060e-01
     vertex 1.8700766113e+01 1.6963944747e+01 8.0592942035e-01
     vertex 1.8701597176e+01 1.6965612203e+01 7.8687030887e-01
   endloop
 endfacet
 facet normal  1.1031266485e-14 9.9619469809e-01 8.7155742747e-02
   outer loop
     vertex 1.8700766113e+01 1.6963944747e+01 8.0592942035e-01
     vertex 1.8795107139e+01 1.6964848976e+01 7.9559403453e-01
     vertex 1.8701597176e+01 1.6965612203e+01 7.8687030887e-01
   endloop
 endfacet
 facet normal  -5.7382929088e-15 9.9619469809e-01 8.7155742748e-02
   outer loop
     vertex 1.8701597176e+01 1.6965612203e+01 7.8687030887e-01
     vertex 1.8795107139e+01 1.6964848976e+01 7.9559403453e-01
     vertex 1.8795620525e+01 1.6966080806e+01 7.8151415739e-01
   endloop
 endfacet
 facet normal  -6.0491211261e-14 9.9619469809e-01 8.7155742748e-02
   outer loop
     vertex 1.8795107139e+01 1.6964848976e+01 7.9559403453e-01
     vertex 1.8870616361e+01 1.6965699006e+01 7.8587814761e-01
     vertex 1.8795620525e+01 1.6966080806e+01 7.8151415739e-01
   endloop
 endfacet
 facet normal  -2.9133431996e-14 9.9619469809e-01 8.7155742747e-02
   outer loop
     vertex 1.8795620525e+01 1.6966080806e+01 7.8151415739e-01
     vertex 1.8870616361e+01 1.6965699006e+01 7.8587814761e-01
     vertex 1.8870915033e+01 1.6966548091e+01 7.7617305787e-01
   endloop
 endfacet
 facet normal  2.9518733973e-15 9.9619469809e-01 8.7155742747e-02
   outer loop
     vertex 1.8870616361e+01 1.6965699006e+01 7.8587814761e-01
     vertex 1.8928003648e+01 1.6966419677e+01 7.7764084525e-01
     vertex 1.8870915033e+01 1.6966548091e+01 7.7617305787e-01
   endloop
 endfacet
 facet normal  -5.7013937824e-15 9.9619469809e-01 8.7155742747e-02
   outer loop
     vertex 1.8870915033e+01 1.6966548091e+01 7.7617305787e-01
     vertex 1.8928003648e+01 1.6966419677e+01 7.7764084525e-01
     vertex 1.8928166232e+01 1.6966957932e+01 7.7148855384e-01
   endloop
 endfacet
 facet normal  -3.5632322385e-14 9.9619469809e-01 8.7155742747e-02
   outer loop
     vertex 1.8928003648e+01 1.6966419677e+01 7.7764084525e-01
     vertex 1.8969927435e+01 1.6966987729e+01 7.7114798238e-01
     vertex 1.8928166232e+01 1.6966957932e+01 7.7148855384e-01
   endloop
 endfacet
 facet normal  -3.4509417544e-14 9.9619469809e-01 8.7155742748e-02
   outer loop
     vertex 1.8928166232e+01 1.6966957932e+01 7.7148855384e-01
     vertex 1.8969927435e+01 1.6966987729e+01 7.7114798238e-01
     vertex 1.8970007060e+01 1.6967287665e+01 7.6771968761e-01
   endloop
 endfacet
 facet normal  1.3175561904e-14 9.9619469809e-01 8.7155742748e-02
   outer loop
     vertex 1.8969927435e+01 1.6966987729e+01 7.7114798238e-01
     vertex 1.8999679802e+01 1.6967412714e+01 7.6629037523e-01
     vertex 1.8970007060e+01 1.6967287665e+01 7.6771968761e-01
   endloop
 endfacet
 facet normal  4.6024617822e-15 9.9619469809e-01 8.7155742747e-02
   outer loop
     vertex 1.8970007060e+01 1.6967287665e+01 7.6771968761e-01
     vertex 1.8999679802e+01 1.6967412714e+01 7.6629037523e-01
     vertex 1.8999709678e+01 1.6967537508e+01 7.6486397488e-01
   endloop
 endfacet
 facet normal  -1.1027563776e-13 9.9619469809e-01 8.7155742747e-02
   outer loop
     vertex 1.8999679802e+01 1.6967412714e+01 7.6629037523e-01
     vertex 1.9020363949e+01 1.6967719059e+01 7.6278883232e-01
     vertex 1.8999709678e+01 1.6967537508e+01 7.6486397488e-01
   endloop
 endfacet
 facet normal  -1.6444297937e-14 9.9619469809e-01 8.7155742745e-02
   outer loop
     vertex 1.9020363949e+01 1.6967719059e+01 7.6278883232e-01
     vertex 1.8999769430e+01 1.6967787096e+01 7.6201117418e-01
     vertex 1.8999739554e+01 1.6967662302e+01 7.6343757453e-01
   endloop
 endfacet
 facet normal  -1.6554707175e-13 9.9619469809e-01 8.7155742745e-02
   outer loop
     vertex 1.8999769430e+01 1.6967787096e+01 7.6201117418e-01
     vertex 1.8970086685e+01 1.6967587602e+01 7.6429139285e-01
     vertex 1.8999739554e+01 1.6967662302e+01 7.6343757453e-01
   endloop
 endfacet
 facet normal  3.8746398844e-14 9.9619469809e-01 8.7155742748e-02
   outer loop
     vertex 1.8999769430e+01 1.6967787096e+01 7.6201117418e-01
     vertex 1.8970166311e+01 1.6967887539e+01 7.6086309809e-01
     vertex 1.8970086685e+01 1.6967587602e+01 7.6429139285e-01
   endloop
 endfacet
 facet normal  -5.4962970752e-14 9.9619469809e-01 8.7155742748e-02
   outer loop
     vertex 1.8970166311e+01 1.6967887539e+01 7.6086309809e-01
     vertex 1.8928328815e+01 1.6967496188e+01 7.6533626244e-01
     vertex 1.8970086685e+01 1.6967587602e+01 7.6429139285e-01
   endloop
 endfacet
 facet normal  -8.1830927066e-15 9.9619469809e-01 8.7155742748e-02
   outer loop
     vertex 1.8970166311e+01 1.6967887539e+01 7.6086309809e-01
     vertex 1.8928491398e+01 1.6968034444e+01 7.5918397103e-01
     vertex 1.8928328815e+01 1.6967496188e+01 7.6533626244e-01
   endloop
 endfacet
 facet normal  7.3144291932e-14 9.9619469809e-01 8.7155742748e-02
   outer loop
     vertex 1.8928491398e+01 1.6968034444e+01 7.5918397103e-01
     vertex 1.8871213704e+01 1.6967397177e+01 7.6646796813e-01
     vertex 1.8928328815e+01 1.6967496188e+01 7.6533626244e-01
   endloop
 endfacet
 facet normal  3.2261407078e-15 9.9619469809e-01 8.7155742748e-02
   outer loop
     vertex 1.8928491398e+01 1.6968034444e+01 7.5918397103e-01
     vertex 1.8871512376e+01 1.6968246262e+01 7.5676287840e-01
     vertex 1.8871213704e+01 1.6967397177e+01 7.6646796813e-01
   endloop
 endfacet
 facet normal  -1.7685721143e-14 9.9619469809e-01 8.7155742747e-02
   outer loop
     vertex 1.8871512376e+01 1.6968246262e+01 7.5676287840e-01
     vertex 1.8796133911e+01 1.6967312635e+01 7.6743428024e-01
     vertex 1.8871213704e+01 1.6967397177e+01 7.6646796813e-01
   endloop
 endfacet
 facet normal  7.2326025173e-15 9.9619469809e-01 8.7155742748e-02
   outer loop
     vertex 1.8871512376e+01 1.6968246262e+01 7.5676287840e-01
     vertex 1.8796647297e+01 1.6968544465e+01 7.5335440310e-01
     vertex 1.8796133911e+01 1.6967312635e+01 7.6743428024e-01
   endloop
 endfacet
 facet normal  -4.7811157994e-15 9.9619469809e-01 8.7155742748e-02
   outer loop
     vertex 1.8796647297e+01 1.6968544465e+01 7.5335440310e-01
     vertex 1.8702428239e+01 1.6967279659e+01 7.6781119738e-01
     vertex 1.8796133911e+01 1.6967312635e+01 7.6743428024e-01
   endloop
 endfacet
 facet normal  -4.0825298385e-15 9.9619469809e-01 8.7155742748e-02
   outer loop
     vertex 1.8796647297e+01 1.6968544465e+01 7.5335440310e-01
     vertex 1.8703259302e+01 1.6968947116e+01 7.4875208589e-01
     vertex 1.8702428239e+01 1.6967279659e+01 7.6781119738e-01
   endloop
 endfacet
 facet normal  2.4639264274e-14 9.9619469809e-01 8.7155742748e-02
   outer loop
     vertex 1.8703259302e+01 1.6968947116e+01 7.4875208589e-01
     vertex 1.8592763478e+01 1.6967343303e+01 7.6708374972e-01
     vertex 1.8702428239e+01 1.6967279659e+01 7.6781119738e-01
   endloop
 endfacet
 facet normal  2.4340436071e-14 9.9619469809e-01 8.7155742748e-02
   outer loop
     vertex 1.8703259302e+01 1.6968947116e+01 7.4875208589e-01
     vertex 1.8594022511e+01 1.6969455311e+01 7.4294338884e-01
     vertex 1.8592763478e+01 1.6967343303e+01 7.6708374972e-01
   endloop
 endfacet
 facet normal  -4.1657850714e-15 9.9619469809e-01 8.7155742748e-02
   outer loop
     vertex 1.8594022511e+01 1.6969455311e+01 7.4294338884e-01
     vertex 1.8473679277e+01 1.6967537309e+01 7.6486625246e-01
     vertex 1.8592763478e+01 1.6967343303e+01 7.6708374972e-01
   endloop
 endfacet
 facet normal  -1.6434359493e-14 9.9619469809e-01 8.7155742748e-02
   outer loop
     vertex 1.8594022511e+01 1.6969455311e+01 7.4294338884e-01
     vertex 1.8475447200e+01 1.6970034585e+01 7.3632225583e-01
     vertex 1.8473679277e+01 1.6967537309e+01 7.6486625246e-01
   endloop
 endfacet
 facet normal  -2.5332426047e-14 9.9619469809e-01 8.7155742748e-02
   outer loop
     vertex 1.8475447200e+01 1.6970034585e+01 7.3632225583e-01
     vertex 1.8356728407e+01 1.6970611366e+01 7.2972961657e-01
     vertex 1.8473679277e+01 1.6967537309e+01 7.6486625246e-01
   endloop
 endfacet
 facet normal  4.9266138429e-15 9.9619469809e-01 8.7155742748e-02
   outer loop
     vertex 1.8473679277e+01 1.6967537309e+01 7.6486625246e-01
     vertex 1.8356728407e+01 1.6970611366e+01 7.2972961657e-01
     vertex 1.8354445375e+01 1.6967864858e+01 7.6112234664e-01
   endloop
 endfacet
 facet normal  3.5119660537e-14 9.9619469809e-01 8.7155742748e-02
   outer loop
     vertex 1.8356728407e+01 1.6970611366e+01 7.2972961657e-01
     vertex 1.8247181636e+01 1.6971175551e+01 7.2328095323e-01
     vertex 1.8354445375e+01 1.6967864858e+01 7.6112234664e-01
   endloop
 endfacet
 facet normal  -3.9994684431e-14 9.9619469809e-01 8.7155742748e-02
   outer loop
     vertex 1.8354445375e+01 1.6967864858e+01 7.6112234664e-01
     vertex 1.8247181636e+01 1.6971175551e+01 7.2328095323e-01
     vertex 1.8244474528e+01 1.6968371670e+01 7.5532946075e-01
   endloop
 endfacet
 facet normal  -2.3460732999e-14 9.9619469809e-01 8.7155742748e-02
   outer loop
     vertex 1.8247181636e+01 1.6971175551e+01 7.2328095323e-01
     vertex 1.8153491294e+01 1.6971655250e+01 7.1779796903e-01
     vertex 1.8244474528e+01 1.6968371670e+01 7.5532946075e-01
   endloop
 endfacet
 facet normal  6.4974474919e-15 9.9619469809e-01 8.7155742748e-02
   outer loop
     vertex 1.8244474528e+01 1.6968371670e+01 7.5532946075e-01
     vertex 1.8153491294e+01 1.6971655250e+01 7.1779796903e-01
     vertex 1.8150576526e+01 1.6968995106e+01 7.4820355717e-01
   endloop
 endfacet
 facet normal  6.8488553939e-14 9.9619469809e-01 8.7155742748e-02
   outer loop
     vertex 1.8153491294e+01 1.6971655250e+01 7.1779796903e-01
     vertex 1.8078515042e+01 1.6971964556e+01 7.1426258776e-01
     vertex 1.8150576526e+01 1.6968995106e+01 7.4820355717e-01
   endloop
 endfacet
 facet normal  7.3137665445e-14 9.9619469809e-01 8.7155742748e-02
   outer loop
     vertex 1.8150576526e+01 1.6968995106e+01 7.4820355717e-01
     vertex 1.8078515042e+01 1.6971964556e+01 7.1426258776e-01
     vertex 1.8075673876e+01 1.6969617482e+01 7.4108976758e-01
   endloop
 endfacet
 facet normal  -1.6255715626e-14 9.9619469809e-01 8.7155742748e-02
   outer loop
     vertex 1.8078515042e+01 1.6971964556e+01 7.1426258776e-01
     vertex 1.8021839909e+01 1.6972070598e+01 7.1305051639e-01
     vertex 1.8075673876e+01 1.6969617482e+01 7.4108976758e-01
   endloop
 endfacet
 facet normal  -6.3940990056e-14 9.9619469809e-01 8.7155742748e-02
   outer loop
     vertex 1.8075673876e+01 1.6969617482e+01 7.4108976758e-01
     vertex 1.8021839909e+01 1.6972070598e+01 7.1305051639e-01
     vertex 1.8019341875e+01 1.6970158659e+01 7.3490407949e-01
   endloop
 endfacet
 facet normal  -1.5186337367e-13 9.9619469809e-01 8.7155742748e-02
   outer loop
     vertex 1.8021839909e+01 1.6972070598e+01 7.1305051639e-01
     vertex 1.7981244915e+01 1.6971968993e+01 7.1421186966e-01
     vertex 1.8019341875e+01 1.6970158659e+01 7.3490407949e-01
   endloop
 endfacet
 facet normal  -2.7408069741e-14 9.9619469809e-01 8.7155742747e-02
   outer loop
     vertex 1.8019341875e+01 1.6970158659e+01 7.3490407949e-01
     vertex 1.7981244915e+01 1.6971968993e+01 7.1421186966e-01
     vertex 1.7979321716e+01 1.6970581876e+01 7.3006669365e-01
   endloop
 endfacet
 facet normal  1.3239532904e-13 9.9619469809e-01 8.7155742748e-02
   outer loop
     vertex 1.7981244915e+01 1.6971968993e+01 7.1421186966e-01
     vertex 1.7954580560e+01 1.6971635097e+01 7.1802831468e-01
     vertex 1.7979321716e+01 1.6970581876e+01 7.3006669365e-01
   endloop
 endfacet
 facet normal  9.5124904491e-14 9.9619469809e-01 8.7155742748e-02
   outer loop
     vertex 1.7979321716e+01 1.6970581876e+01 7.3006669365e-01
     vertex 1.7954580560e+01 1.6971635097e+01 7.1802831468e-01
     vertex 1.7953469226e+01 1.6970874250e+01 7.2672483847e-01
   endloop
 endfacet
 facet normal  -1.1856379067e-13 9.9619469809e-01 8.7155742748e-02
   outer loop
     vertex 1.7954580560e+01 1.6971635097e+01 7.1802831468e-01
     vertex 1.7943715023e+01 1.6970995890e+01 7.2533449284e-01
     vertex 1.7953469226e+01 1.6970874250e+01 7.2672483847e-01
   endloop
 endfacet
 facet normal  -1.1742809878e-13 9.9619469809e-01 8.7155742748e-02
   outer loop
     vertex 1.7943715023e+01 1.6970995890e+01 7.2533449284e-01
     vertex 1.7952357891e+01 1.6970113403e+01 7.3542136225e-01
     vertex 1.7953469226e+01 1.6970874250e+01 7.2672483847e-01
   endloop
 endfacet
 facet normal  -4.0143049374e-14 9.9619469809e-01 8.7155742748e-02
   outer loop
     vertex 1.7952357891e+01 1.6970113403e+01 7.3542136225e-01
     vertex 1.7979321716e+01 1.6970581876e+01 7.3006669365e-01
     vertex 1.7953469226e+01 1.6970874250e+01 7.2672483847e-01
   endloop
 endfacet
 facet normal  -1.0816398270e-14 9.9619469809e-01 8.7155742748e-02
   outer loop
     vertex 1.7952357891e+01 1.6970113403e+01 7.3542136225e-01
     vertex 1.7977398517e+01 1.6969194758e+01 7.4592151765e-01
     vertex 1.7979321716e+01 1.6970581876e+01 7.3006669365e-01
   endloop
 endfacet
 facet normal  3.3157840302e-14 9.9619469809e-01 8.7155742748e-02
   outer loop
     vertex 1.7977398517e+01 1.6969194758e+01 7.4592151765e-01
     vertex 1.8019341875e+01 1.6970158659e+01 7.3490407949e-01
     vertex 1.7979321716e+01 1.6970581876e+01 7.3006669365e-01
   endloop
 endfacet
 facet normal  -5.4780398721e-15 9.9619469809e-01 8.7155742748e-02
   outer loop
     vertex 1.7977398517e+01 1.6969194758e+01 7.4592151765e-01
     vertex 1.8016843840e+01 1.6968246720e+01 7.5675764259e-01
     vertex 1.8019341875e+01 1.6970158659e+01 7.3490407949e-01
   endloop
 endfacet
 facet normal  -4.6161853073e-14 9.9619469809e-01 8.7155742748e-02
   outer loop
     vertex 1.8016843840e+01 1.6968246720e+01 7.5675764259e-01
     vertex 1.8075673876e+01 1.6969617482e+01 7.4108976758e-01
     vertex 1.8019341875e+01 1.6970158659e+01 7.3490407949e-01
   endloop
 endfacet
 facet normal  -2.8175242595e-14 9.9619469809e-01 8.7155742748e-02
   outer loop
     vertex 1.8016843840e+01 1.6968246720e+01 7.5675764259e-01
     vertex 1.8072832710e+01 1.6967270407e+01 7.6791694739e-01
     vertex 1.8075673876e+01 1.6969617482e+01 7.4108976758e-01
   endloop
 endfacet
 facet normal  2.6234271060e-14 9.9619469809e-01 8.7155742748e-02
   outer loop
     vertex 1.8072832710e+01 1.6967270407e+01 7.6791694739e-01
     vertex 1.8150576526e+01 1.6968995106e+01 7.4820355717e-01
     vertex 1.8075673876e+01 1.6969617482e+01 7.4108976758e-01
   endloop
 endfacet
 facet normal  2.8956921539e-14 9.9619469809e-01 8.7155742748e-02
   outer loop
     vertex 1.8072832710e+01 1.6967270407e+01 7.6791694739e-01
     vertex 1.8147661758e+01 1.6966334961e+01 7.7860914530e-01
     vertex 1.8150576526e+01 1.6968995106e+01 7.4820355717e-01
   endloop
 endfacet
 facet normal  4.4042037054e-14 9.9619469809e-01 8.7155742748e-02
   outer loop
     vertex 1.8147661758e+01 1.6966334961e+01 7.7860914530e-01
     vertex 1.8244474528e+01 1.6968371670e+01 7.5532946075e-01
     vertex 1.8150576526e+01 1.6968995106e+01 7.4820355717e-01
   endloop
 endfacet
 facet normal  3.5429255888e-14 9.9619469809e-01 8.7155742748e-02
   outer loop
     vertex 1.8147661758e+01 1.6966334961e+01 7.7860914530e-01
     vertex 1.8241767420e+01 1.6965567789e+01 7.8737796827e-01
     vertex 1.8244474528e+01 1.6968371670e+01 7.5532946075e-01
   endloop
 endfacet
 facet normal  -3.4216869335e-14 9.9619469809e-01 8.7155742748e-02
   outer loop
     vertex 1.8241767420e+01 1.6965567789e+01 7.8737796827e-01
     vertex 1.8354445375e+01 1.6967864858e+01 7.6112234664e-01
     vertex 1.8244474528e+01 1.6968371670e+01 7.5532946075e-01
   endloop
 endfacet
 facet normal  -6.4440923167e-15 9.9619469809e-01 8.7155742748e-02
   outer loop
     vertex 1.8241767420e+01 1.6965567789e+01 7.8737796827e-01
     vertex 1.8352162343e+01 1.6965118350e+01 7.9251507671e-01
     vertex 1.8354445375e+01 1.6967864858e+01 7.6112234664e-01
   endloop
 endfacet
 facet normal  -2.1380748352e-15 9.9619469809e-01 8.7155742748e-02
   outer loop
     vertex 1.8352162343e+01 1.6965118350e+01 7.9251507671e-01
     vertex 1.8473679277e+01 1.6967537309e+01 7.6486625246e-01
     vertex 1.8354445375e+01 1.6967864858e+01 7.6112234664e-01
   endloop
 endfacet
 facet normal  -3.0558973997e-14 9.9619469809e-01 8.7155742748e-02
   outer loop
     vertex 1.8352162343e+01 1.6965118350e+01 7.9251507671e-01
     vertex 1.8471911353e+01 1.6965040033e+01 7.9341024910e-01
     vertex 1.8473679277e+01 1.6967537309e+01 7.6486625246e-01
   endloop
 endfacet
 facet normal  1.0763288728e-14 9.9619469809e-01 8.7155742748e-02
   outer loop
     vertex 1.8471911353e+01 1.6965040033e+01 7.9341024910e-01
     vertex 1.8591504444e+01 1.6965231295e+01 7.9122411060e-01
     vertex 1.8473679277e+01 1.6967537309e+01 7.6486625246e-01
   endloop
 endfacet
 facet normal  2.8327103892e-14 9.9619469809e-01 8.7155742748e-02
   outer loop
     vertex 1.8473679277e+01 1.6967537309e+01 7.6486625246e-01
     vertex 1.8591504444e+01 1.6965231295e+01 7.9122411060e-01
     vertex 1.8592763478e+01 1.6967343303e+01 7.6708374972e-01
   endloop
 endfacet
 facet normal  1.8990037717e-14 9.9619469809e-01 8.7155742748e-02
   outer loop
     vertex 1.8591504444e+01 1.6965231295e+01 7.9122411060e-01
     vertex 1.8701597176e+01 1.6965612203e+01 7.8687030887e-01
     vertex 1.8592763478e+01 1.6967343303e+01 7.6708374972e-01
   endloop
 endfacet
 facet normal  -7.7135680977e-15 9.9619469809e-01 8.7155742748e-02
   outer loop
     vertex 1.8592763478e+01 1.6967343303e+01 7.6708374972e-01
     vertex 1.8701597176e+01 1.6965612203e+01 7.8687030887e-01
     vertex 1.8702428239e+01 1.6967279659e+01 7.6781119738e-01
   endloop
 endfacet
 facet normal  -5.4422429302e-15 9.9619469809e-01 8.7155742748e-02
   outer loop
     vertex 1.8701597176e+01 1.6965612203e+01 7.8687030887e-01
     vertex 1.8795620525e+01 1.6966080806e+01 7.8151415739e-01
     vertex 1.8702428239e+01 1.6967279659e+01 7.6781119738e-01
   endloop
 endfacet
 facet normal  -4.7820352985e-15 9.9619469809e-01 8.7155742748e-02
   outer loop
     vertex 1.8702428239e+01 1.6967279659e+01 7.6781119738e-01
     vertex 1.8795620525e+01 1.6966080806e+01 7.8151415739e-01
     vertex 1.8796133911e+01 1.6967312635e+01 7.6743428024e-01
   endloop
 endfacet
 facet normal  9.3223268742e-15 9.9619469809e-01 8.7155742748e-02
   outer loop
     vertex 1.8795620525e+01 1.6966080806e+01 7.8151415739e-01
     vertex 1.8870915033e+01 1.6966548091e+01 7.7617305787e-01
     vertex 1.8796133911e+01 1.6967312635e+01 7.6743428024e-01
   endloop
 endfacet
 facet normal  2.9846292613e-14 9.9619469809e-01 8.7155742747e-02
   outer loop
     vertex 1.8796133911e+01 1.6967312635e+01 7.6743428024e-01
     vertex 1.8870915033e+01 1.6966548091e+01 7.7617305787e-01
     vertex 1.8871213704e+01 1.6967397177e+01 7.6646796813e-01
   endloop
 endfacet
 facet normal  -3.4172360124e-15 9.9619469809e-01 8.7155742747e-02
   outer loop
     vertex 1.8870915033e+01 1.6966548091e+01 7.7617305787e-01
     vertex 1.8928166232e+01 1.6966957932e+01 7.7148855384e-01
     vertex 1.8871213704e+01 1.6967397177e+01 7.6646796813e-01
   endloop
 endfacet
 facet normal  -8.2890196935e-16 9.9619469809e-01 8.7155742747e-02
   outer loop
     vertex 1.8871213704e+01 1.6967397177e+01 7.6646796813e-01
     vertex 1.8928166232e+01 1.6966957932e+01 7.7148855384e-01
     vertex 1.8928328815e+01 1.6967496188e+01 7.6533626244e-01
   endloop
 endfacet
 facet normal  -4.7080310609e-14 9.9619469809e-01 8.7155742747e-02
   outer loop
     vertex 1.8928166232e+01 1.6966957932e+01 7.7148855384e-01
     vertex 1.8970007060e+01 1.6967287665e+01 7.6771968761e-01
     vertex 1.8928328815e+01 1.6967496188e+01 7.6533626244e-01
   endloop
 endfacet
 facet normal  -5.5033374193e-14 9.9619469809e-01 8.7155742748e-02
   outer loop
     vertex 1.8928328815e+01 1.6967496188e+01 7.6533626244e-01
     vertex 1.8970007060e+01 1.6967287665e+01 7.6771968761e-01
     vertex 1.8970086685e+01 1.6967587602e+01 7.6429139285e-01
   endloop
 endfacet
 facet normal  2.1733810483e-14 9.9619469809e-01 8.7155742748e-02
   outer loop
     vertex 1.8970007060e+01 1.6967287665e+01 7.6771968761e-01
     vertex 1.8999709678e+01 1.6967537508e+01 7.6486397488e-01
     vertex 1.8970086685e+01 1.6967587602e+01 7.6429139285e-01
   endloop
 endfacet
 facet normal  -2.2770106649e-14 9.9619469809e-01 8.7155742750e-02
   outer loop
     vertex 1.8970086685e+01 1.6967587602e+01 7.6429139285e-01
     vertex 1.8999709678e+01 1.6967537508e+01 7.6486397488e-01
     vertex 1.8999739554e+01 1.6967662302e+01 7.6343757453e-01
   endloop
 endfacet
 facet normal  1.3953794932e-13 9.9619469809e-01 8.7155742750e-02
   outer loop
     vertex 1.8999709678e+01 1.6967537508e+01 7.6486397488e-01
     vertex 1.9020363949e+01 1.6967719059e+01 7.6278883232e-01
     vertex 1.8999739554e+01 1.6967662302e+01 7.6343757453e-01
   endloop
 endfacet
 facet normal  3.7468878708e-02 -9.1659119864e-02 -9.9508526714e-01
   outer loop
     vertex 1.6105697918e+01 0.0000000000e+00 -9.0988738756e-01
     vertex 1.6688631124e+01 -3.3935438119e+00 -5.7535214359e-01
     vertex 1.5988500990e+01 0.0000000000e+00 -9.1430031337e-01
   endloop
 endfacet
 facet normal  4.0409663975e-02 -9.1046522426e-02 -9.9502642669e-01
   outer loop
     vertex 1.6688631124e+01 -3.3935438119e+00 -5.7535214359e-01
     vertex 1.6590760653e+01 -3.3935823779e+00 -5.7932329593e-01
     vertex 1.5988500990e+01 0.0000000000e+00 -9.1430031337e-01
   endloop
 endfacet
 facet normal  3.6882720603e-02 -9.1680227392e-02 -9.9510522098e-01
   outer loop
     vertex 1.5988500990e+01 0.0000000000e+00 -9.1430031337e-01
     vertex 1.6590760653e+01 -3.3935823779e+00 -5.7932329593e-01
     vertex 1.5820084686e+01 0.0000000000e+00 -9.2054251909e-01
   endloop
 endfacet
 facet normal  3.9823731753e-02 -9.1007144279e-02 -9.9505365186e-01
   outer loop
     vertex 1.6590760653e+01 -3.3935823779e+00 -5.7932329593e-01
     vertex 1.6450116936e+01 -3.3936374953e+00 -5.8494705460e-01
     vertex 1.5820084686e+01 0.0000000000e+00 -9.2054251909e-01
   endloop
 endfacet
 facet normal  3.6167823073e-02 -9.1693441550e-02 -9.9513024341e-01
   outer loop
     vertex 1.5820084686e+01 0.0000000000e+00 -9.2054251909e-01
     vertex 1.6450116936e+01 -3.3936374953e+00 -5.8494705460e-01
     vertex 1.5583075819e+01 0.0000000000e+00 -9.2915656213e-01
   endloop
 endfacet
 facet normal  3.9109126149e-02 -9.0937717442e-02 -9.9508834171e-01
   outer loop
     vertex 1.6450116936e+01 -3.3936374953e+00 -5.8494705460e-01
     vertex 1.6252191452e+01 -3.3937145399e+00 -5.9271891378e-01
     vertex 1.5583075819e+01 0.0000000000e+00 -9.2915656213e-01
   endloop
 endfacet
 facet normal  3.5404250451e-02 -9.1675225051e-02 -9.9515938028e-01
   outer loop
     vertex 1.5583075819e+01 0.0000000000e+00 -9.2915656213e-01
     vertex 1.6252191452e+01 -3.3937145399e+00 -5.9271891378e-01
     vertex 1.5259177718e+01 0.0000000000e+00 -9.4067971081e-01
   endloop
 endfacet
 facet normal  3.8345908873e-02 -9.0811428924e-02 -9.9512957732e-01
   outer loop
     vertex 1.6252191452e+01 -3.3937145399e+00 -5.9271891378e-01
     vertex 1.5981704384e+01 -3.3938190695e+00 -6.0313221092e-01
     vertex 1.5259177718e+01 0.0000000000e+00 -9.4067971081e-01
   endloop
 endfacet
 facet normal  3.4579439356e-02 -9.1619648670e-02 -9.9519349995e-01
   outer loop
     vertex 1.5259177718e+01 0.0000000000e+00 -9.4067971081e-01
     vertex 1.5981704384e+01 -3.3938190695e+00 -6.0313221092e-01
     vertex 1.4833835370e+01 0.0000000000e+00 -9.5545884665e-01
   endloop
 endfacet
 facet normal  3.7521506489e-02 -9.0622982389e-02 -9.9517818084e-01
   outer loop
     vertex 1.5981704384e+01 -3.3938190695e+00 -6.0313221092e-01
     vertex 1.5626500433e+01 -3.3939552589e+00 -6.1651217213e-01
     vertex 1.4833835370e+01 0.0000000000e+00 -9.5545884665e-01
   endloop
 endfacet
 facet normal  3.3276560725e-02 -9.1620357147e-02 -9.9523785130e-01
   outer loop
     vertex 1.4833835370e+01 0.0000000000e+00 -9.5545884665e-01
     vertex 1.5626500433e+01 -3.3939552589e+00 -6.1651217213e-01
     vertex 1.4303588553e+01 0.0000000000e+00 -9.7318806626e-01
   endloop
 endfacet
 facet normal  3.6219067442e-02 -9.0473641027e-02 -9.9524002102e-01
   outer loop
     vertex 1.5626500433e+01 -3.3939552589e+00 -6.1651217213e-01
     vertex 1.5183688915e+01 -3.3941229144e+00 -6.3261185812e-01
     vertex 1.4303588553e+01 0.0000000000e+00 -9.7318806626e-01
   endloop
 endfacet
 facet normal  3.0430581563e-02 -9.1980194418e-02 -9.9529574677e-01
   outer loop
     vertex 1.4303588553e+01 0.0000000000e+00 -9.7318806626e-01
     vertex 1.5183688915e+01 -3.3941229144e+00 -6.3261185812e-01
     vertex 1.3683799285e+01 0.0000000000e+00 -9.9213775828e-01
   endloop
 endfacet
 facet normal  3.3373489763e-02 -9.0682323656e-02 -9.9532051439e-01
   outer loop
     vertex 1.5183688915e+01 -3.3941229144e+00 -6.3261185812e-01
     vertex 1.4666095736e+01 -3.3943134637e+00 -6.4994960103e-01
     vertex 1.3683799285e+01 0.0000000000e+00 -9.9213775828e-01
   endloop
 endfacet
 facet normal  2.3764521512e-02 -9.3464963120e-02 -9.9533891122e-01
   outer loop
     vertex 1.3683799285e+01 0.0000000000e+00 -9.9213775828e-01
     vertex 1.4666095736e+01 -3.3943134637e+00 -6.4994960103e-01
     vertex 1.3011592463e+01 0.0000000000e+00 -1.0081872398e+00
   endloop
 endfacet
 facet normal  2.6707547711e-02 -9.2036604747e-02 -9.9539739315e-01
   outer loop
     vertex 1.4666095736e+01 -3.3943134637e+00 -6.4994960103e-01
     vertex 1.4104716995e+01 -3.3945063722e+00 -6.6499414001e-01
     vertex 1.3011592463e+01 0.0000000000e+00 -1.0081872398e+00
   endloop
 endfacet
 facet normal  1.3258588478e-02 -9.6353534338e-02 -9.9525886394e-01
   outer loop
     vertex 1.3011592463e+01 0.0000000000e+00 -1.0081872398e+00
     vertex 1.4104716995e+01 -3.3945063722e+00 -6.6499414001e-01
     vertex 1.3543193568e+01 -3.3946715748e+00 -6.7245862031e-01
   endloop
 endfacet
 facet normal  1.0317702832e-02 -9.6813107334e-02 -9.9524909809e-01
   outer loop
     vertex 1.3011592463e+01 0.0000000000e+00 -1.0081872398e+00
     vertex 1.3543193568e+01 -3.3946715748e+00 -6.7245862031e-01
     vertex 1.2339239100e+01 0.0000000000e+00 -1.0151574970e+00
   endloop
 endfacet
 facet normal  -1.4737691442e-03 -1.0095877139e-01 -9.9488951873e-01
   outer loop
     vertex 1.2339239100e+01 0.0000000000e+00 -1.0151574970e+00
     vertex 1.3543193568e+01 -3.3946715748e+00 -6.7245862031e-01
     vertex 1.3025322017e+01 -3.3947958864e+00 -6.7167886191e-01
   endloop
 endfacet
 facet normal  -4.4133912527e-03 -1.0154593804e-01 -9.9482106152e-01
   outer loop
     vertex 1.2339239100e+01 0.0000000000e+00 -1.0151574970e+00
     vertex 1.3025322017e+01 -3.3947958864e+00 -6.7167886191e-01
     vertex 1.1719180335e+01 0.0000000000e+00 -1.0124066888e+00
   endloop
 endfacet
 facet normal  -2.5465670657e-02 -1.0952896487e-01 -9.9365733806e-01
   outer loop
     vertex 1.1719180335e+01 0.0000000000e+00 -1.0124066888e+00
     vertex 1.3025322017e+01 -3.3947958864e+00 -6.7167886191e-01
     vertex 1.2582389225e+01 -3.3948630788e+00 -6.6031987559e-01
   endloop
 endfacet
 facet normal  -2.8399597860e-02 -1.1025835709e-01 -9.9349713514e-01
   outer loop
     vertex 1.1719180335e+01 0.0000000000e+00 -1.0124066888e+00
     vertex 1.2582389225e+01 -3.3948630788e+00 -6.6031987559e-01
     vertex 1.1188885016e+01 0.0000000000e+00 -9.9724793971e-01
   endloop
 endfacet
 facet normal  -6.6985338603e-02 -1.2572993193e-01 -9.8980045900e-01
   outer loop
     vertex 1.1188885016e+01 0.0000000000e+00 -9.9724793971e-01
     vertex 1.2582389225e+01 -3.3948630788e+00 -6.6031987559e-01
     vertex 1.2227788299e+01 -3.3948623260e+00 -6.3632214124e-01
   endloop
 endfacet
 facet normal  -6.9898775140e-02 -1.2658845146e-01 -9.8948952758e-01
   outer loop
     vertex 1.1188885016e+01 0.0000000000e+00 -9.9724793971e-01
     vertex 1.2227788299e+01 -3.3948623260e+00 -6.3632214124e-01
     vertex 1.0764396321e+01 0.0000000000e+00 -9.6726152854e-01
   endloop
 endfacet
 facet normal  -1.3144404596e-01 -1.5215196322e-01 -9.7957758389e-01
   outer loop
     vertex 1.0764396321e+01 0.0000000000e+00 -9.6726152854e-01
     vertex 1.2227788299e+01 -3.3948623260e+00 -6.3632214124e-01
     vertex 1.1959570982e+01 -3.3947965074e+00 -6.0034178050e-01
   endloop
 endfacet
 facet normal  -1.3429879061e-01 -1.5309918752e-01 -9.7904263116e-01
   outer loop
     vertex 1.0764396321e+01 0.0000000000e+00 -9.6726152854e-01
     vertex 1.1959570982e+01 -3.3947965074e+00 -6.0034178050e-01
     vertex 1.0443379242e+01 0.0000000000e+00 -9.2322646395e-01
   endloop
 endfacet
 facet normal  -2.3365909855e-01 -1.9495811610e-01 -9.5257270517e-01
   outer loop
     vertex 1.0443379242e+01 0.0000000000e+00 -9.2322646395e-01
     vertex 1.1959570982e+01 -3.3947965074e+00 -6.0034178050e-01
     vertex 1.1767319932e+01 -3.3946712221e+00 -5.5320964931e-01
   endloop
 endfacet
 facet normal  -2.3635465626e-01 -1.9591546082e-01 -9.5171088503e-01
   outer loop
     vertex 1.0443379242e+01 0.0000000000e+00 -9.2322646395e-01
     vertex 1.1767319932e+01 -3.3946712221e+00 -5.5320964931e-01
     vertex 1.0213357887e+01 0.0000000000e+00 -8.6610132305e-01
   endloop
 endfacet
 facet normal  -4.1852796430e-01 -2.7147082502e-01 -8.6668214142e-01
   outer loop
     vertex 1.0213357887e+01 0.0000000000e+00 -8.6610132305e-01
     vertex 1.1767319932e+01 -3.3946712221e+00 -5.5320964931e-01
     vertex 1.1640985905e+01 -3.3944791889e+00 -4.9226205465e-01
   endloop
 endfacet
 facet normal  -4.2074451552e-01 -2.7225756189e-01 -8.6536112269e-01
   outer loop
     vertex 1.0213357887e+01 0.0000000000e+00 -8.6610132305e-01
     vertex 1.1640985905e+01 -3.3944791889e+00 -4.9226205465e-01
     vertex 1.0062309407e+01 0.0000000000e+00 -7.9266051604e-01
   endloop
 endfacet
 facet normal  -7.7042124745e-01 -4.0208479452e-01 -4.9475137140e-01
   outer loop
     vertex 1.0062309407e+01 0.0000000000e+00 -7.9266051604e-01
     vertex 1.1640985905e+01 -3.3944791889e+00 -4.9226205465e-01
     vertex 1.1589487230e+01 -3.3941991779e+00 -4.1229646475e-01
   endloop
 endfacet
 facet normal  -7.7123036184e-01 -4.0228876607e-01 -4.9332289391e-01
   outer loop
     vertex 1.0062309407e+01 0.0000000000e+00 -7.9266051604e-01
     vertex 1.1589487230e+01 -3.3941991779e+00 -4.1229646475e-01
     vertex 1.0000930282e+01 0.0000000000e+00 -6.9670420415e-01
   endloop
 endfacet
 facet normal  -8.4083687985e-01 -3.5963148103e-01 4.0454732645e-01
   outer loop
     vertex 1.0000930282e+01 0.0000000000e+00 -6.9670420415e-01
     vertex 1.1589487230e+01 -3.3941991779e+00 -4.1229646475e-01
     vertex 1.0051003049e+01 0.0000000000e+00 -5.9262978050e-01
   endloop
 endfacet
 facet normal  -8.4133901140e-01 -3.5992870443e-01 4.0323689765e-01
   outer loop
     vertex 1.1589487230e+01 -3.3941991779e+00 -4.1229646475e-01
     vertex 1.1631051751e+01 -3.3938705111e+00 -3.2528024720e-01
     vertex 1.0051003049e+01 0.0000000000e+00 -5.9262978050e-01
   endloop
 endfacet
 facet normal  -5.2557515146e-01 -1.7917268355e-01 8.3166574394e-01
   outer loop
     vertex 1.0051003049e+01 0.0000000000e+00 -5.9262978050e-01
     vertex 1.1631051751e+01 -3.3938705111e+00 -3.2528024720e-01
     vertex 1.0195073142e+01 0.0000000000e+00 -5.0158399500e-01
   endloop
 endfacet
 facet normal  -5.2747600227e-01 -1.8004936261e-01 8.3027181938e-01
   outer loop
     vertex 1.1631051751e+01 -3.3938705111e+00 -3.2528024720e-01
     vertex 1.1751153578e+01 -3.3935615282e+00 -2.4891192767e-01
     vertex 1.0195073142e+01 0.0000000000e+00 -5.0158399500e-01
   endloop
 endfacet
 facet normal  -3.3382846168e-01 -8.3162013632e-02 9.3895827259e-01
   outer loop
     vertex 1.0195073142e+01 0.0000000000e+00 -5.0158399500e-01
     vertex 1.1751153578e+01 -3.3935615282e+00 -2.4891192767e-01
     vertex 1.0421633864e+01 0.0000000000e+00 -4.2103471016e-01
   endloop
 endfacet
 facet normal  -3.3633830541e-01 -8.4195439836e-02 9.3796997405e-01
   outer loop
     vertex 1.1751153578e+01 -3.3935615282e+00 -2.4891192767e-01
     vertex 1.1940176253e+01 -3.3932669562e+00 -1.8110552699e-01
     vertex 1.0421633864e+01 0.0000000000e+00 -4.2103471016e-01
   endloop
 endfacet
 facet normal  -2.1259442148e-01 -2.6072981459e-02 9.7679261442e-01
   outer loop
     vertex 1.0421633864e+01 0.0000000000e+00 -4.2103471016e-01
     vertex 1.1940176253e+01 -3.3932669562e+00 -1.8110552699e-01
     vertex 1.0742801495e+01 0.0000000000e+00 -3.5113405195e-01
   endloop
 endfacet
 facet normal  -2.1535733042e-01 -2.7079633033e-02 9.7615977878e-01
   outer loop
     vertex 1.1940176253e+01 -3.3932669562e+00 -1.8110552699e-01
     vertex 1.2208239505e+01 -3.3929846667e+00 -1.2195841612e-01
     vertex 1.0742801495e+01 0.0000000000e+00 -3.5113405195e-01
   endloop
 endfacet
 facet normal  -1.1979599586e-01 1.5309404630e-02 9.9268048309e-01
   outer loop
     vertex 1.0742801495e+01 0.0000000000e+00 -3.5113405195e-01
     vertex 1.2208239505e+01 -3.3929846667e+00 -1.2195841612e-01
     vertex 1.1171318881e+01 0.0000000000e+00 -2.9942086944e-01
   endloop
 endfacet
 facet normal  -1.2267715746e-01 1.4411196901e-02 9.9234199369e-01
   outer loop
     vertex 1.2208239505e+01 -3.3929846667e+00 -1.2195841612e-01
     vertex 1.2566004503e+01 -3.3927349634e+00 -7.7733748867e-02
     vertex 1.1171318881e+01 0.0000000000e+00 -2.9942086944e-01
   endloop
 endfacet
 facet normal  -4.0781306994e-02 4.8446186998e-02 9.9799291178e-01
   outer loop
     vertex 1.1171318881e+01 0.0000000000e+00 -2.9942086944e-01
     vertex 1.2566004503e+01 -3.3927349634e+00 -7.7733748867e-02
     vertex 1.1708926774e+01 0.0000000000e+00 -2.7745242431e-01
   endloop
 endfacet
 facet normal  -4.3712335075e-02 4.7700556522e-02 9.9790474930e-01
   outer loop
     vertex 1.2566004503e+01 -3.3927349634e+00 -7.7733748867e-02
     vertex 1.3014953482e+01 -3.3925527815e+00 -5.8076644292e-02
     vertex 1.1708926774e+01 0.0000000000e+00 -2.7745242431e-01
   endloop
 endfacet
 facet normal  2.9133132913e-02 7.5666365061e-02 9.9670751064e-01
   outer loop
     vertex 1.1708926774e+01 0.0000000000e+00 -2.7745242431e-01
     vertex 1.3014953482e+01 -3.3925527815e+00 -5.8076644292e-02
     vertex 1.2337536912e+01 0.0000000000e+00 -2.9582630280e-01
   endloop
 endfacet
 facet normal  2.6194042954e-02 7.5088274808e-02 9.9683279596e-01
   outer loop
     vertex 1.3014953482e+01 -3.3925527815e+00 -5.8076644292e-02
     vertex 1.3540005392e+01 -3.3924743684e+00 -7.1879480888e-02
     vertex 1.2337536912e+01 0.0000000000e+00 -2.9582630280e-01
   endloop
 endfacet
 facet normal  8.5808688696e-02 9.5879133614e-02 9.9168748136e-01
   outer loop
     vertex 1.2337536912e+01 0.0000000000e+00 -2.9582630280e-01
     vertex 1.3540005392e+01 -3.3924743684e+00 -7.1879480888e-02
     vertex 1.3017011839e+01 0.0000000000e+00 -3.5461987802e-01
   endloop
 endfacet
 facet normal  8.2885193000e-02 9.5452588773e-02 9.9197724171e-01
   outer loop
     vertex 1.3540005392e+01 -3.3924743684e+00 -7.1879480888e-02
     vertex 1.4107638157e+01 -3.3925085513e+00 -1.1930505327e-01
     vertex 1.3017011839e+01 0.0000000000e+00 -3.5461987802e-01
   endloop
 endfacet
 facet normal  1.2122016505e-01 1.0741718958e-01 9.8679644252e-01
   outer loop
     vertex 1.3017011839e+01 0.0000000000e+00 -3.5461987802e-01
     vertex 1.4107638157e+01 -3.3925085513e+00 -1.1930505327e-01
     vertex 1.4673029394e+01 -3.3926238574e+00 -1.8874635868e-01
   endloop
 endfacet
 facet normal  1.2410913854e-01 1.0880237957e-01 9.8628543735e-01
   outer loop
     vertex 1.3017011839e+01 0.0000000000e+00 -3.5461987802e-01
     vertex 1.4673029394e+01 -3.3926238574e+00 -1.8874635868e-01
     vertex 1.3693725389e+01 0.0000000000e+00 -4.3977406621e-01
   endloop
 endfacet
 facet normal  1.5118656184e-01 1.1627494994e-01 9.8164288799e-01
   outer loop
     vertex 1.3693725389e+01 0.0000000000e+00 -4.3977406621e-01
     vertex 1.4673029394e+01 -3.3926238574e+00 -1.8874635868e-01
     vertex 1.5192243087e+01 -3.3927889494e+00 -2.6869288303e-01
   endloop
 endfacet
 facet normal  1.5405116338e-01 1.1751029494e-01 9.8105023808e-01
   outer loop
     vertex 1.3693725389e+01 0.0000000000e+00 -4.3977406621e-01
     vertex 1.5192243087e+01 -3.3927889494e+00 -2.6869288303e-01
     vertex 1.4315112330e+01 0.0000000000e+00 -5.3734845888e-01
   endloop
 endfacet
 facet normal  1.7470431401e-01 1.2252643015e-01 9.7696759239e-01
   outer loop
     vertex 1.4315112330e+01 0.0000000000e+00 -5.3734845888e-01
     vertex 1.5192243087e+01 -3.3927889494e+00 -2.6869288303e-01
     vertex 1.5634720413e+01 -3.3929697952e+00 -3.4779534247e-01
   endloop
 endfacet
 facet normal  1.7754852063e-01 1.2359642382e-01 9.7631984864e-01
   outer loop
     vertex 1.4315112330e+01 0.0000000000e+00 -5.3734845888e-01
     vertex 1.5634720413e+01 -3.3929697952e+00 -3.4779534247e-01
     vertex 1.4844623732e+01 0.0000000000e+00 -6.3364268672e-01
   endloop
 endfacet
 facet normal  1.9312010043e-01 1.2693683378e-01 9.7292942552e-01
   outer loop
     vertex 1.4844623732e+01 0.0000000000e+00 -6.3364268672e-01
     vertex 1.5634720413e+01 -3.3929697952e+00 -3.4779534247e-01
     vertex 1.5988413596e+01 -3.3931398012e+00 -4.1797893568e-01
   endloop
 endfacet
 facet normal  1.9594823309e-01 1.2784663818e-01 9.7224458191e-01
   outer loop
     vertex 1.4844623732e+01 0.0000000000e+00 -6.3364268672e-01
     vertex 1.5988413596e+01 -3.3931398012e+00 -4.1797893568e-01
     vertex 1.5267862905e+01 0.0000000000e+00 -7.1894320650e-01
   endloop
 endfacet
 facet normal  2.0732401891e-01 1.3002711467e-01 9.6959254362e-01
   outer loop
     vertex 1.5267862905e+01 0.0000000000e+00 -7.1894320650e-01
     vertex 1.5988413596e+01 -3.3931398012e+00 -4.1797893568e-01
     vertex 1.6256950200e+01 -3.3932839353e+00 -4.7537969330e-01
   endloop
 endfacet
 facet normal  2.1013994816e-01 1.3079694911e-01 9.6888253173e-01
   outer loop
     vertex 1.5267862905e+01 0.0000000000e+00 -7.1894320650e-01
     vertex 1.6256950200e+01 -3.3932839353e+00 -4.7537969330e-01
     vertex 1.5589186838e+01 0.0000000000e+00 -7.8863482793e-01
   endloop
 endfacet
 facet normal  2.1807923615e-01 1.3217984753e-01 9.6693843375e-01
   outer loop
     vertex 1.5589186838e+01 0.0000000000e+00 -7.8863482793e-01
     vertex 1.6256950200e+01 -3.3932839353e+00 -4.7537969330e-01
     vertex 1.6452976076e+01 -3.3933975457e+00 -5.1957501620e-01
   endloop
 endfacet
 facet normal  2.2088609182e-01 1.3283665738e-01 9.6621103124e-01
   outer loop
     vertex 1.5589186838e+01 0.0000000000e+00 -7.8863482793e-01
     vertex 1.6452976076e+01 -3.3933975457e+00 -5.1957501620e-01
     vertex 1.5823738236e+01 0.0000000000e+00 -8.4225576585e-01
   endloop
 endfacet
 facet normal  2.2600262907e-01 1.3366199542e-01 9.6491309590e-01
   outer loop
     vertex 1.5823738236e+01 0.0000000000e+00 -8.4225576585e-01
     vertex 1.6452976076e+01 -3.3933975457e+00 -5.1957501620e-01
     vertex 1.6592011736e+01 -3.3934825428e+00 -5.5212827305e-01
   endloop
 endfacet
 facet normal  2.2880290005e-01 1.3423274733e-01 9.6417363710e-01
   outer loop
     vertex 1.5823738236e+01 0.0000000000e+00 -8.4225576585e-01
     vertex 1.6592011736e+01 -3.3934825428e+00 -5.5212827305e-01
     vertex 1.5990094720e+01 0.0000000000e+00 -8.8173293512e-01
   endloop
 endfacet
 facet normal  2.3165989344e-01 1.3466732876e-01 9.6343053944e-01
   outer loop
     vertex 1.5990094720e+01 0.0000000000e+00 -8.8173293512e-01
     vertex 1.6592011736e+01 -3.3934825428e+00 -5.5212827305e-01
     vertex 1.6688631124e+01 -3.3935438119e+00 -5.7535214359e-01
   endloop
 endfacet
 facet normal  2.3445552340e-01 1.3517528404e-01 9.6268283984e-01
   outer loop
     vertex 1.5990094720e+01 0.0000000000e+00 -8.8173293512e-01
     vertex 1.6688631124e+01 -3.3935438119e+00 -5.7535214359e-01
     vertex 1.6105697918e+01 0.0000000000e+00 -9.0988738756e-01
   endloop
 endfacet
 facet normal  4.0409329839e-02 -9.1147308845e-02 -9.9501721299e-01
   outer loop
     vertex 1.6688631124e+01 -3.3935438119e+00 -5.7535214359e-01
     vertex 1.7271564330e+01 -6.7870876238e+00 -2.4081689961e-01
     vertex 1.6590760653e+01 -3.3935823779e+00 -5.7932329593e-01
   endloop
 endfacet
 facet normal  4.4794988261e-02 -9.0256825637e-02 -9.9491060626e-01
   outer loop
     vertex 1.7271564330e+01 -6.7870876238e+00 -2.4081689961e-01
     vertex 1.7193020316e+01 -6.7871647558e+00 -2.4434627849e-01
     vertex 1.6590760653e+01 -3.3935823779e+00 -5.7932329593e-01
   endloop
 endfacet
 facet normal  3.9823259192e-02 -9.1151972482e-02 -9.9504041422e-01
   outer loop
     vertex 1.6590760653e+01 -3.3935823779e+00 -5.7932329593e-01
     vertex 1.7193020316e+01 -6.7871647558e+00 -2.4434627849e-01
     vertex 1.6450116936e+01 -3.3936374953e+00 -5.8494705460e-01
   endloop
 endfacet
 facet normal  4.4209213315e-02 -9.0182090635e-02 -9.9494358432e-01
   outer loop
     vertex 1.7193020316e+01 -6.7871647558e+00 -2.4434627849e-01
     vertex 1.7080149186e+01 -6.7872749905e+00 -2.4935159012e-01
     vertex 1.6450116936e+01 -3.3936374953e+00 -5.8494705460e-01
   endloop
 endfacet
 facet normal  3.9108474323e-02 -9.1141521650e-02 -9.9506972131e-01
   outer loop
     vertex 1.6450116936e+01 -3.3936374953e+00 -5.8494705460e-01
     vertex 1.7080149186e+01 -6.7872749905e+00 -2.4935159012e-01
     vertex 1.6252191452e+01 -3.3937145399e+00 -5.9271891378e-01
   endloop
 endfacet
 facet normal  4.3494808188e-02 -9.0062863770e-02 -9.9498587037e-01
   outer loop
     vertex 1.7080149186e+01 -6.7872749905e+00 -2.4935159012e-01
     vertex 1.6921307084e+01 -6.7874290799e+00 -2.5628126543e-01
     vertex 1.6252191452e+01 -3.3937145399e+00 -5.9271891378e-01
   endloop
 endfacet
 facet normal  3.8345037832e-02 -9.1089935324e-02 -9.9510415624e-01
   outer loop
     vertex 1.6252191452e+01 -3.3937145399e+00 -5.9271891378e-01
     vertex 1.6921307084e+01 -6.7874290799e+00 -2.5628126543e-01
     vertex 1.5981704384e+01 -3.3938190695e+00 -6.0313221092e-01
   endloop
 endfacet
 facet normal  4.2731828362e-02 -8.9868432712e-02 -9.9503650971e-01
   outer loop
     vertex 1.6921307084e+01 -6.7874290799e+00 -2.5628126543e-01
     vertex 1.6704231050e+01 -6.7876381390e+00 -2.6558471103e-01
     vertex 1.5981704384e+01 -3.3938190695e+00 -6.0313221092e-01
   endloop
 endfacet
 facet normal  3.7520391281e-02 -9.0988696638e-02 -9.9514485243e-01
   outer loop
     vertex 1.5981704384e+01 -3.3938190695e+00 -6.0313221092e-01
     vertex 1.6704231050e+01 -6.7876381390e+00 -2.6558471103e-01
     vertex 1.5626500433e+01 -3.3939552589e+00 -6.1651217213e-01
   endloop
 endfacet
 facet normal  4.1907704022e-02 -8.9590432637e-02 -9.9509662783e-01
   outer loop
     vertex 1.6704231050e+01 -6.7876381390e+00 -2.6558471103e-01
     vertex 1.6419165495e+01 -6.7879105179e+00 -2.7756549761e-01
     vertex 1.5626500433e+01 -3.3939552589e+00 -6.1651217213e-01
   endloop
 endfacet
 facet normal  3.6217731251e-02 -9.0929513208e-02 -9.9519852269e-01
   outer loop
     vertex 1.5626500433e+01 -3.3939552589e+00 -6.1651217213e-01
     vertex 1.6419165495e+01 -6.7879105179e+00 -2.7756549761e-01
     vertex 1.5183688915e+01 -3.3941229144e+00 -6.3261185812e-01
   endloop
 endfacet
 facet normal  4.0605625096e-02 -8.9329582322e-02 -9.9517405962e-01
   outer loop
     vertex 1.6419165495e+01 -6.7879105179e+00 -2.7756549761e-01
     vertex 1.6063789278e+01 -6.7882458287e+00 -2.9203564999e-01
     vertex 1.5183688915e+01 -3.3941229144e+00 -6.3261185812e-01
   endloop
 endfacet
 facet normal  3.3372056817e-02 -9.1215071378e-02 -9.9527188073e-01
   outer loop
     vertex 1.5183688915e+01 -3.3941229144e+00 -6.3261185812e-01
     vertex 1.6063789278e+01 -6.7882458287e+00 -2.9203564999e-01
     vertex 1.4666095736e+01 -3.3943134637e+00 -6.4994960103e-01
   endloop
 endfacet
 facet normal  3.7760557144e-02 -8.9408542517e-02 -9.9527898242e-01
   outer loop
     vertex 1.6063789278e+01 -6.7882458287e+00 -2.9203564999e-01
     vertex 1.5648392188e+01 -6.7886269275e+00 -3.0776144379e-01
     vertex 1.4666095736e+01 -3.3943134637e+00 -6.4994960103e-01
   endloop
 endfacet
 facet normal  2.6706311483e-02 -9.2614123353e-02 -9.9534385872e-01
   outer loop
     vertex 1.4666095736e+01 -3.3943134637e+00 -6.4994960103e-01
     vertex 1.5648392188e+01 -6.7886269275e+00 -3.0776144379e-01
     vertex 1.4104716995e+01 -3.3945063722e+00 -6.6499414001e-01
   endloop
 endfacet
 facet normal  3.1095222704e-02 -9.0623877529e-02 -9.9539961822e-01
   outer loop
     vertex 1.5648392188e+01 -6.7886269275e+00 -3.0776144379e-01
     vertex 1.5197841527e+01 -6.7890127444e+00 -3.2180104021e-01
     vertex 1.4104716995e+01 -3.3945063722e+00 -6.6499414001e-01
   endloop
 endfacet
 facet normal  1.7645860712e-02 -9.4947486890e-02 -9.9532587545e-01
   outer loop
     vertex 1.4104716995e+01 -3.3945063722e+00 -6.6499414001e-01
     vertex 1.5197841527e+01 -6.7890127444e+00 -3.2180104021e-01
     vertex 1.4747148036e+01 -6.7893431496e+00 -3.2975974361e-01
   endloop
 endfacet
 facet normal  1.3259158985e-02 -9.5776497969e-02 -9.9531455186e-01
   outer loop
     vertex 1.4104716995e+01 -3.3945063722e+00 -6.6499414001e-01
     vertex 1.4747148036e+01 -6.7893431496e+00 -3.2975974361e-01
     vertex 1.3543193568e+01 -3.3946715748e+00 -6.7245862031e-01
   endloop
 endfacet
 facet normal  2.9111083042e-03 -9.9418963527e-02 -9.9504140373e-01
   outer loop
     vertex 1.3543193568e+01 -3.3946715748e+00 -6.7245862031e-01
     vertex 1.4747148036e+01 -6.7893431496e+00 -3.2975974361e-01
     vertex 1.4331463699e+01 -6.7895917728e+00 -3.3095103501e-01
   endloop
 endfacet
 facet normal  -1.4739777201e-03 -1.0042727370e-01 -9.9494330999e-01
   outer loop
     vertex 1.3543193568e+01 -3.3946715748e+00 -6.7245862031e-01
     vertex 1.4331463699e+01 -6.7895917728e+00 -3.3095103501e-01
     vertex 1.3025322017e+01 -3.3947958864e+00 -6.7167886191e-01
   endloop
 endfacet
 facet normal  -2.1089853032e-02 -1.0787383431e-01 -9.9394087046e-01
   outer loop
     vertex 1.3025322017e+01 -3.3947958864e+00 -6.7167886191e-01
     vertex 1.4331463699e+01 -6.7895917728e+00 -3.3095103501e-01
     vertex 1.3975893435e+01 -6.7897261577e+00 -3.2339181147e-01
   endloop
 endfacet
 facet normal  -2.5467017860e-02 -1.0907545525e-01 -9.9370718829e-01
   outer loop
     vertex 1.3025322017e+01 -3.3947958864e+00 -6.7167886191e-01
     vertex 1.3975893435e+01 -6.7897261577e+00 -3.2339181147e-01
     vertex 1.2582389225e+01 -3.3948630788e+00 -6.6031987559e-01
   endloop
 endfacet
 facet normal  -6.2640657395e-02 -1.2399647675e-01 -9.9030349984e-01
   outer loop
     vertex 1.2582389225e+01 -3.3948630788e+00 -6.6031987559e-01
     vertex 1.3975893435e+01 -6.7897261577e+00 -3.2339181147e-01
     vertex 1.3691180276e+01 -6.7897246519e+00 -3.0538275394e-01
   endloop
 endfacet
 facet normal  -6.6988424751e-02 -1.2536867044e-01 -9.8984607259e-01
   outer loop
     vertex 1.2582389225e+01 -3.3948630788e+00 -6.6031987559e-01
     vertex 1.3691180276e+01 -6.7897246519e+00 -3.0538275394e-01
     vertex 1.2227788299e+01 -3.3948623260e+00 -6.3632214124e-01
   endloop
 endfacet
 facet normal  -1.2718736489e-01 -1.5039822001e-01 -9.8040999058e-01
   outer loop
     vertex 1.2227788299e+01 -3.3948623260e+00 -6.3632214124e-01
     vertex 1.3691180276e+01 -6.7897246519e+00 -3.0538275394e-01
     vertex 1.3475762723e+01 -6.7895930149e+00 -2.7745709705e-01
   endloop
 endfacet
 facet normal  -1.3144951271e-01 -1.5188143985e-01 -9.7961883089e-01
   outer loop
     vertex 1.2227788299e+01 -3.3948623260e+00 -6.3632214124e-01
     vertex 1.3475762723e+01 -6.7895930149e+00 -2.7745709705e-01
     vertex 1.1959570982e+01 -3.3947965074e+00 -6.0034178050e-01
   endloop
 endfacet
 facet normal  -2.2964054307e-01 -1.9328856104e-01 -9.5388927720e-01
   outer loop
     vertex 1.1959570982e+01 -3.3947965074e+00 -6.0034178050e-01
     vertex 1.3475762723e+01 -6.7895930149e+00 -2.7745709705e-01
     vertex 1.3321281978e+01 -6.7893424441e+00 -2.4031797556e-01
   endloop
 endfacet
 facet normal  -2.3366795673e-01 -1.9476839556e-01 -9.5260934180e-01
   outer loop
     vertex 1.1959570982e+01 -3.3947965074e+00 -6.0034178050e-01
     vertex 1.3321281978e+01 -6.7893424441e+00 -2.4031797556e-01
     vertex 1.1767319932e+01 -3.3946712221e+00 -5.5320964931e-01
   endloop
 endfacet
 facet normal  -4.1522714935e-01 -2.7014416370e-01 -8.6868207375e-01
   outer loop
     vertex 1.1767319932e+01 -3.3946712221e+00 -5.5320964931e-01
     vertex 1.3321281978e+01 -6.7893424441e+00 -2.4031797556e-01
     vertex 1.3219662402e+01 -6.7889583778e+00 -1.9186359327e-01
   endloop
 endfacet
 facet normal  -4.1854226602e-01 -2.7135291925e-01 -8.6671215797e-01
   outer loop
     vertex 1.1767319932e+01 -3.3946712221e+00 -5.5320964931e-01
     vertex 1.3219662402e+01 -6.7889583778e+00 -1.9186359327e-01
     vertex 1.1640985905e+01 -3.3944791889e+00 -4.9226205465e-01
   endloop
 endfacet
 facet normal  -7.6922904780e-01 -4.0172029179e-01 -4.9689785589e-01
   outer loop
     vertex 1.1640985905e+01 -3.3944791889e+00 -4.9226205465e-01
     vertex 1.3219662402e+01 -6.7889583778e+00 -1.9186359327e-01
     vertex 1.3178044178e+01 -6.7883983558e+00 -1.2788872535e-01
   endloop
 endfacet
 facet normal  -7.7043821090e-01 -4.0203864704e-01 -4.9476245763e-01
   outer loop
     vertex 1.1640985905e+01 -3.3944791889e+00 -4.9226205465e-01
     vertex 1.3178044178e+01 -6.7883983558e+00 -1.2788872535e-01
     vertex 1.1589487230e+01 -3.3941991779e+00 -4.1229646475e-01
   endloop
 endfacet
 facet normal  -8.4132454354e-01 -3.5997008775e-01 4.0323014318e-01
   outer loop
     vertex 1.1589487230e+01 -3.3941991779e+00 -4.1229646475e-01
     vertex 1.3178044178e+01 -6.7883983558e+00 -1.2788872535e-01
     vertex 1.1631051751e+01 -3.3938705111e+00 -3.2528024720e-01
   endloop
 endfacet
 facet normal  -8.4206539269e-01 -3.6042135698e-01 4.0127586504e-01
   outer loop
     vertex 1.3178044178e+01 -6.7883983558e+00 -1.2788872535e-01
     vertex 1.3211100452e+01 -6.7877410222e+00 -5.7930713887e-02
     vertex 1.1631051751e+01 -3.3938705111e+00 -3.2528024720e-01
   endloop
 endfacet
 facet normal  -5.2746457859e-01 -1.8016350850e-01 8.3025431558e-01
   outer loop
     vertex 1.1631051751e+01 -3.3938705111e+00 -3.2528024720e-01
     vertex 1.3211100452e+01 -6.7877410222e+00 -5.7930713887e-02
     vertex 1.1751153578e+01 -3.3935615282e+00 -2.4891192767e-01
   endloop
 endfacet
 facet normal  -5.3028414571e-01 -1.8149380656e-01 8.2816587891e-01
   outer loop
     vertex 1.3211100452e+01 -6.7877410222e+00 -5.7930713887e-02
     vertex 1.3307234013e+01 -6.7871230563e+00 3.7601396544e-03
     vertex 1.1751153578e+01 -3.3935615282e+00 -2.4891192767e-01
   endloop
 endfacet
 facet normal  -3.3633263012e-01 -8.4384974337e-02 9.3795497654e-01
   outer loop
     vertex 1.1751153578e+01 -3.3935615282e+00 -2.4891192767e-01
     vertex 1.3307234013e+01 -6.7871230563e+00 3.7601396544e-03
     vertex 1.1940176253e+01 -3.3932669562e+00 -1.8110552699e-01
   endloop
 endfacet
 facet normal  -3.4006349467e-01 -8.5968956034e-02 9.3646471273e-01
   outer loop
     vertex 1.3307234013e+01 -6.7871230563e+00 3.7601396544e-03
     vertex 1.3458718641e+01 -6.7865339124e+00 5.8823656185e-02
     vertex 1.1940176253e+01 -3.3932669562e+00 -1.8110552699e-01
   endloop
 endfacet
 facet normal  -2.1535544644e-01 -2.7353842602e-02 9.7615254903e-01
   outer loop
     vertex 1.1940176253e+01 -3.3932669562e+00 -1.8110552699e-01
     vertex 1.3458718641e+01 -6.7865339124e+00 5.8823656185e-02
     vertex 1.2208239505e+01 -3.3929846667e+00 -1.2195841612e-01
   endloop
 endfacet
 facet normal  -2.1946819231e-01 -2.8920565046e-02 9.7519091130e-01
   outer loop
     vertex 1.3458718641e+01 -6.7865339124e+00 5.8823656185e-02
     vertex 1.3673677515e+01 -6.7859693333e+00 1.0721721971e-01
     vertex 1.2208239505e+01 -3.3929846667e+00 -1.2195841612e-01
   endloop
 endfacet
 facet normal  -1.2267754773e-01 1.4042346637e-02 9.9234723347e-01
   outer loop
     vertex 1.2208239505e+01 -3.3929846667e+00 -1.2195841612e-01
     vertex 1.3673677515e+01 -6.7859693333e+00 1.0721721971e-01
     vertex 1.2566004503e+01 -3.3927349634e+00 -7.7733748867e-02
   endloop
 endfacet
 facet normal  -1.2697065775e-01 1.2612527235e-02 9.9182628329e-01
   outer loop
     vertex 1.3673677515e+01 -6.7859693333e+00 1.0721721971e-01
     vertex 1.3960690125e+01 -6.7854699268e+00 1.4395337171e-01
     vertex 1.2566004503e+01 -3.3927349634e+00 -7.7733748867e-02
   endloop
 endfacet
 facet normal  -4.3713111515e-02 4.7236659636e-02 9.9792678182e-01
   outer loop
     vertex 1.2566004503e+01 -3.3927349634e+00 -7.7733748867e-02
     vertex 1.3960690125e+01 -6.7854699268e+00 1.4395337171e-01
     vertex 1.3014953482e+01 -3.3925527815e+00 -5.8076644292e-02
   endloop
 endfacet
 facet normal  -4.8083685014e-02 4.6009855188e-02 9.9778306884e-01
   outer loop
     vertex 1.3960690125e+01 -6.7854699268e+00 1.4395337171e-01
     vertex 1.4320980189e+01 -6.7851055631e+00 1.6129913573e-01
     vertex 1.3014953482e+01 -3.3925527815e+00 -5.8076644292e-02
   endloop
 endfacet
 facet normal  2.6195192904e-02 7.4546080938e-02 9.9687345921e-01
   outer loop
     vertex 1.3014953482e+01 -3.3925527815e+00 -5.8076644292e-02
     vertex 1.4320980189e+01 -6.7851055631e+00 1.6129913573e-01
     vertex 1.3540005392e+01 -3.3924743684e+00 -7.1879480888e-02
   endloop
 endfacet
 facet normal  2.1810658575e-02 7.3549117389e-02 9.9705306905e-01
   outer loop
     vertex 1.4320980189e+01 -6.7851055631e+00 1.6129913573e-01
     vertex 1.4742473872e+01 -6.7849487368e+00 1.5206734103e-01
     vertex 1.3540005392e+01 -3.3924743684e+00 -7.1879480888e-02
   endloop
 endfacet
 facet normal  8.2889816037e-02 9.4867342506e-02 9.9203299629e-01
   outer loop
     vertex 1.3540005392e+01 -3.3924743684e+00 -7.1879480888e-02
     vertex 1.4742473872e+01 -6.7849487368e+00 1.5206734103e-01
     vertex 1.4107638157e+01 -3.3925085513e+00 -1.1930505327e-01
   endloop
 endfacet
 facet normal  7.8527746711e-02 9.4085395654e-02 9.9246225687e-01
   outer loop
     vertex 1.4742473872e+01 -6.7849487368e+00 1.5206734103e-01
     vertex 1.5198264475e+01 -6.7850171026e+00 1.1600977148e-01
     vertex 1.4107638157e+01 -3.3925085513e+00 -1.1930505327e-01
   endloop
 endfacet
 facet normal  1.1689701000e-01 1.0607362328e-01 9.8746315146e-01
   outer loop
     vertex 1.4107638157e+01 -3.3925085513e+00 -1.1930505327e-01
     vertex 1.5198264475e+01 -6.7850171026e+00 1.1600977148e-01
     vertex 1.5652333398e+01 -6.7852477148e+00 6.2281348864e-02
   endloop
 endfacet
 facet normal  1.2121259220e-01 1.0799944836e-01 9.8673381752e-01
   outer loop
     vertex 1.4107638157e+01 -3.3925085513e+00 -1.1930505327e-01
     vertex 1.5652333398e+01 -6.7852477148e+00 6.2281348864e-02
     vertex 1.4673029394e+01 -3.3926238574e+00 -1.8874635868e-01
   endloop
 endfacet
 facet normal  1.4689678794e-01 1.1509513373e-01 9.8243292081e-01
   outer loop
     vertex 1.4673029394e+01 -3.3926238574e+00 -1.8874635868e-01
     vertex 1.5652333398e+01 -6.7852477148e+00 6.2281348864e-02
     vertex 1.6069373843e+01 -6.7855778988e+00 -3.7307186670e-05
   endloop
 endfacet
 facet normal  1.5117718553e-01 1.1680931064e-01 9.8158088995e-01
   outer loop
     vertex 1.4673029394e+01 -3.3926238574e+00 -1.8874635868e-01
     vertex 1.6069373843e+01 -6.7855778988e+00 -3.7307186670e-05
     vertex 1.5192243087e+01 -3.3927889494e+00 -2.6869288303e-01
   endloop
 endfacet
 facet normal  1.7044415206e-01 1.2149481779e-01 9.7784855692e-01
   outer loop
     vertex 1.5192243087e+01 -3.3927889494e+00 -2.6869288303e-01
     vertex 1.6069373843e+01 -6.7855778988e+00 -3.7307186670e-05
     vertex 1.6424817095e+01 -6.7859395904e+00 -6.1947998221e-02
   endloop
 endfacet
 facet normal  1.7469458346e-01 1.2298174499e-01 9.7691212139e-01
   outer loop
     vertex 1.5192243087e+01 -3.3927889494e+00 -2.6869288303e-01
     vertex 1.6424817095e+01 -6.7859395904e+00 -6.1947998221e-02
     vertex 1.5634720413e+01 -3.3929697952e+00 -3.4779534247e-01
   endloop
 endfacet
 facet normal  1.8888478293e-01 1.2603052119e-01 9.7387825035e-01
   outer loop
     vertex 1.5634720413e+01 -3.3929697952e+00 -3.4779534247e-01
     vertex 1.6424817095e+01 -6.7859395904e+00 -6.1947998221e-02
     vertex 1.6708964287e+01 -6.7862796024e+00 -1.1701466486e-01
   endloop
 endfacet
 facet normal  1.9311118843e-01 1.2730085947e-01 9.7288363132e-01
   outer loop
     vertex 1.5634720413e+01 -3.3929697952e+00 -3.4779534247e-01
     vertex 1.6708964287e+01 -6.7862796024e+00 -1.1701466486e-01
     vertex 1.5988413596e+01 -3.3931398012e+00 -4.1797893568e-01
   endloop
 endfacet
 facet normal  2.0310869492e-01 1.2922062127e-01 9.7059203020e-01
   outer loop
     vertex 1.5988413596e+01 -3.3931398012e+00 -4.1797893568e-01
     vertex 1.6708964287e+01 -6.7862796024e+00 -1.1701466486e-01
     vertex 1.6924713562e+01 -6.7865678707e+00 -1.6212455866e-01
   endloop
 endfacet
 facet normal  2.0731657336e-01 1.3030360393e-01 9.6955701700e-01
   outer loop
     vertex 1.5988413596e+01 -3.3931398012e+00 -4.1797893568e-01
     vertex 1.6924713562e+01 -6.7865678707e+00 -1.6212455866e-01
     vertex 1.6256950200e+01 -3.3932839353e+00 -4.7537969330e-01
   endloop
 endfacet
 facet normal  2.1387949144e-01 1.3144912484e-01 9.6797556308e-01
   outer loop
     vertex 1.6256950200e+01 -3.3932839353e+00 -4.7537969330e-01
     vertex 1.6924713562e+01 -6.7865678707e+00 -1.6212455866e-01
     vertex 1.7082213916e+01 -6.7867950914e+00 -1.9689426656e-01
   endloop
 endfacet
 facet normal  2.1807342082e-01 1.3238177085e-01 9.6691212107e-01
   outer loop
     vertex 1.6256950200e+01 -3.3932839353e+00 -4.7537969330e-01
     vertex 1.7082213916e+01 -6.7867950914e+00 -1.9689426656e-01
     vertex 1.6452976076e+01 -3.3933975457e+00 -5.1957501620e-01
   endloop
 endfacet
 facet normal  2.2181459365e-01 1.3298663808e-01 9.6597766027e-01
   outer loop
     vertex 1.6452976076e+01 -3.3933975457e+00 -5.1957501620e-01
     vertex 1.7082213916e+01 -6.7867950914e+00 -1.9689426656e-01
     vertex 1.7193928753e+01 -6.7869650856e+00 -2.2252361098e-01
   endloop
 endfacet
 facet normal  2.2599830426e-01 1.3380527603e-01 9.6489425046e-01
   outer loop
     vertex 1.6452976076e+01 -3.3933975457e+00 -5.1957501620e-01
     vertex 1.7193928753e+01 -6.7869650856e+00 -2.2252361098e-01
     vertex 1.6592011736e+01 -3.3934825428e+00 -5.5212827305e-01
   endloop
 endfacet
 facet normal  2.2748033211e-01 1.3403127004e-01 9.6451455000e-01
   outer loop
     vertex 1.6592011736e+01 -3.3934825428e+00 -5.5212827305e-01
     vertex 1.7193928753e+01 -6.7869650856e+00 -2.2252361098e-01
     vertex 1.7271564330e+01 -6.7870876238e+00 -2.4081689961e-01
   endloop
 endfacet
 facet normal  2.3165678828e-01 1.3476693411e-01 9.6341735811e-01
   outer loop
     vertex 1.6592011736e+01 -3.3934825428e+00 -5.5212827305e-01
     vertex 1.7271564330e+01 -6.7870876238e+00 -2.4081689961e-01
     vertex 1.6688631124e+01 -3.3935438119e+00 -5.7535214359e-01
   endloop
 endfacet
 facet normal  4.4794600143e-02 -9.0382388453e-02 -9.9489922487e-01
   outer loop
     vertex 1.7271564330e+01 -6.7870876238e+00 -2.4081689961e-01
     vertex 1.7854497536e+01 -1.0180631436e+01 9.3718344364e-02
     vertex 1.7193020316e+01 -6.7871647558e+00 -2.4434627849e-01
   endloop
 endfacet
 facet normal  5.2036227098e-02 -8.8948565882e-02 -9.9467601946e-01
   outer loop
     vertex 1.7854497536e+01 -1.0180631436e+01 9.3718344364e-02
     vertex 1.7795279980e+01 -1.0180747134e+01 9.0630738953e-02
     vertex 1.7193020316e+01 -6.7871647558e+00 -2.4434627849e-01
   endloop
 endfacet
 facet normal  4.4208664640e-02 -9.0362522276e-02 -9.9492723781e-01
   outer loop
     vertex 1.7193020316e+01 -6.7871647558e+00 -2.4434627849e-01
     vertex 1.7795279980e+01 -1.0180747134e+01 9.0630738953e-02
     vertex 1.7080149186e+01 -6.7872749905e+00 -2.4935159012e-01
   endloop
 endfacet
 facet normal  5.1450711514e-02 -8.8815428197e-02 -9.9471837421e-01
   outer loop
     vertex 1.7795279980e+01 -1.0180747134e+01 9.0630738953e-02
     vertex 1.7710181436e+01 -1.0180912486e+01 8.6243874364e-02
     vertex 1.7080149186e+01 -6.7872749905e+00 -2.4935159012e-01
   endloop
 endfacet
 facet normal  4.3494051864e-02 -9.0316770019e-02 -9.9496288800e-01
   outer loop
     vertex 1.7080149186e+01 -6.7872749905e+00 -2.4935159012e-01
     vertex 1.7710181436e+01 -1.0180912486e+01 8.6243874364e-02
     vertex 1.6921307084e+01 -6.7874290799e+00 -2.5628126543e-01
   endloop
 endfacet
 facet normal  5.0736630978e-02 -8.8613941866e-02 -9.9477302114e-01
   outer loop
     vertex 1.7710181436e+01 -1.0180912486e+01 8.6243874364e-02
     vertex 1.7590422716e+01 -1.0181143620e+01 8.0156382922e-02
     vertex 1.6921307084e+01 -6.7874290799e+00 -2.5628126543e-01
   endloop
 endfacet
 facet normal  4.2730818703e-02 -9.0215406134e-02 -9.9500515457e-01
   outer loop
     vertex 1.6921307084e+01 -6.7874290799e+00 -2.5628126543e-01
     vertex 1.7590422716e+01 -1.0181143620e+01 8.0156382922e-02
     vertex 1.6704231050e+01 -6.7876381390e+00 -2.6558471103e-01
   endloop
 endfacet
 facet normal  4.9974021772e-02 -8.8306954832e-02 -9.9483892107e-01
   outer loop
     vertex 1.7590422716e+01 -1.0181143620e+01 8.0156382922e-02
     vertex 1.7426757715e+01 -1.0181457208e+01 7.1962788869e-02
     vertex 1.6704231050e+01 -6.7876381390e+00 -2.6558471103e-01
   endloop
 endfacet
 facet normal  4.1906413218e-02 -9.0046053756e-02 -9.9505555661e-01
   outer loop
     vertex 1.6704231050e+01 -6.7876381390e+00 -2.6558471103e-01
     vertex 1.7426757715e+01 -1.0181457208e+01 7.1962788869e-02
     vertex 1.6419165495e+01 -6.7879105179e+00 -2.7756549761e-01
   endloop
 endfacet
 facet normal  4.9150317949e-02 -8.7881033508e-02 -9.9491767006e-01
   outer loop
     vertex 1.7426757715e+01 -1.0181457208e+01 7.1962788869e-02
     vertex 1.7211830558e+01 -1.0181865777e+01 6.1381176912e-02
     vertex 1.6419165495e+01 -6.7879105179e+00 -2.7756549761e-01
   endloop
 endfacet
 facet normal  4.0604081076e-02 -8.9897528011e-02 -9.9512297886e-01
   outer loop
     vertex 1.6419165495e+01 -6.7879105179e+00 -2.7756549761e-01
     vertex 1.7211830558e+01 -1.0181865777e+01 6.1381176912e-02
     vertex 1.6063789278e+01 -6.7882458287e+00 -2.9203564999e-01
   endloop
 endfacet
 facet normal  4.7848809603e-02 -8.7435988844e-02 -9.9502032104e-01
   outer loop
     vertex 1.7211830558e+01 -1.0181865777e+01 6.1381176912e-02
     vertex 1.6943889640e+01 -1.0182368743e+01 4.8540558139e-02
     vertex 1.6063789278e+01 -6.7882458287e+00 -2.9203564999e-01
   endloop
 endfacet
 facet normal  3.7758902782e-02 -9.0072270299e-02 -9.9521919766e-01
   outer loop
     vertex 1.6063789278e+01 -6.7882458287e+00 -2.9203564999e-01
     vertex 1.6943889640e+01 -1.0182368743e+01 4.8540558139e-02
     vertex 1.5648392188e+01 -6.7886269275e+00 -3.0776144379e-01
   endloop
 endfacet
 facet normal  4.5004671379e-02 -8.7300633127e-02 -9.9516490041e-01
   outer loop
     vertex 1.6943889640e+01 -1.0182368743e+01 4.8540558139e-02
     vertex 1.6630688640e+01 -1.0182940391e+01 3.4426713462e-02
     vertex 1.5648392188e+01 -6.7886269275e+00 -3.0776144379e-01
   endloop
 endfacet
 facet normal  3.1093790789e-02 -9.1343405264e-02 -9.9533389297e-01
   outer loop
     vertex 1.5648392188e+01 -6.7886269275e+00 -3.0776144379e-01
     vertex 1.6630688640e+01 -1.0182940391e+01 3.4426713462e-02
     vertex 1.5197841527e+01 -6.7890127444e+00 -3.2180104021e-01
   endloop
 endfacet
 facet normal  3.8340775528e-02 -8.8286298988e-02 -9.9535697835e-01
   outer loop
     vertex 1.6630688640e+01 -1.0182940391e+01 3.4426713462e-02
     vertex 1.6290966059e+01 -1.0183519117e+01 2.1392059589e-02
     vertex 1.5197841527e+01 -6.7890127444e+00 -3.2180104021e-01
   endloop
 endfacet
 facet normal  2.4891943421e-02 -9.2620560849e-02 -9.9539028670e-01
   outer loop
     vertex 1.5197841527e+01 -6.7890127444e+00 -3.2180104021e-01
     vertex 1.6290966059e+01 -1.0183519117e+01 2.1392059589e-02
     vertex 1.5951102503e+01 -1.0184014724e+01 1.2939133091e-02
   endloop
 endfacet
 facet normal  1.7646539928e-02 -9.4228508467e-02 -9.9539418715e-01
   outer loop
     vertex 1.5197841527e+01 -6.7890127444e+00 -3.2180104021e-01
     vertex 1.5951102503e+01 -1.0184014724e+01 1.2939133091e-02
     vertex 1.4747148036e+01 -6.7893431496e+00 -3.2975974361e-01
   endloop
 endfacet
 facet normal  1.0154578846e-02 -9.6870565850e-02 -9.9524518487e-01
   outer loop
     vertex 1.4747148036e+01 -6.7893431496e+00 -3.2975974361e-01
     vertex 1.5951102503e+01 -1.0184014724e+01 1.2939133091e-02
     vertex 1.5637605381e+01 -1.0184387659e+01 9.7767918979e-03
   endloop
 endfacet
 facet normal  2.9109011858e-03 -9.8756664155e-02 -9.9510735498e-01
   outer loop
     vertex 1.4747148036e+01 -6.7893431496e+00 -3.2975974361e-01
     vertex 1.5637605381e+01 -1.0184387659e+01 9.7767918979e-03
     vertex 1.4331463699e+01 -6.7895917728e+00 -3.3095103501e-01
   endloop
 endfacet
 facet normal  -1.3858923080e-02 -1.0513396384e-01 -9.9436149357e-01
   outer loop
     vertex 1.4331463699e+01 -6.7895917728e+00 -3.3095103501e-01
     vertex 1.5637605381e+01 -1.0184387659e+01 9.7767918979e-03
     vertex 1.5369397644e+01 -1.0184589237e+01 1.3536252654e-02
   endloop
 endfacet
 facet normal  -2.1091366630e-02 -1.0730862355e-01 -9.9400201889e-01
   outer loop
     vertex 1.4331463699e+01 -6.7895917728e+00 -3.3095103501e-01
     vertex 1.5369397644e+01 -1.0184589237e+01 1.3536252654e-02
     vertex 1.3975893435e+01 -6.7897261577e+00 -3.2339181147e-01
   endloop
 endfacet
 facet normal  -5.5456736616e-02 -1.2112540835e-01 -9.9108687097e-01
   outer loop
     vertex 1.3975893435e+01 -6.7897261577e+00 -3.2339181147e-01
     vertex 1.5369397644e+01 -1.0184589237e+01 1.3536252654e-02
     vertex 1.5154572254e+01 -1.0184586978e+01 2.5556633352e-02
   endloop
 endfacet
 facet normal  -6.2644201214e-02 -1.2354610241e-01 -9.9035956331e-01
   outer loop
     vertex 1.3975893435e+01 -6.7897261577e+00 -3.2339181147e-01
     vertex 1.5154572254e+01 -1.0184586978e+01 2.5556633352e-02
     vertex 1.3691180276e+01 -6.7897246519e+00 -3.0538275394e-01
   endloop
 endfacet
 facet normal  -1.2014196888e-01 -1.4749082587e-01 -9.8173945810e-01
   outer loop
     vertex 1.3691180276e+01 -6.7897246519e+00 -3.0538275394e-01
     vertex 1.5154572254e+01 -1.0184586978e+01 2.5556633352e-02
     vertex 1.4991954463e+01 -1.0184389522e+01 4.5427586392e-02
   endloop
 endfacet
 facet normal  -1.2719375345e-01 -1.5006080995e-01 -9.8046086225e-01
   outer loop
     vertex 1.3691180276e+01 -6.7897246519e+00 -3.0538275394e-01
     vertex 1.4991954463e+01 -1.0184389522e+01 4.5427586392e-02
     vertex 1.3475762723e+01 -6.7895930149e+00 -2.7745709705e-01
   endloop
 endfacet
 facet normal  -2.2297893210e-01 -1.9051647273e-01 -9.5602503600e-01
   outer loop
     vertex 1.3475762723e+01 -6.7895930149e+00 -2.7745709705e-01
     vertex 1.4991954463e+01 -1.0184389522e+01 4.5427586392e-02
     vertex 1.4875244023e+01 -1.0184013666e+01 7.2573698182e-02
   endloop
 endfacet
 facet normal  -2.2965107740e-01 -1.9305176781e-01 -9.5393469252e-01
   outer loop
     vertex 1.3475762723e+01 -6.7895930149e+00 -2.7745709705e-01
     vertex 1.4875244023e+01 -1.0184013666e+01 7.2573698182e-02
     vertex 1.3321281978e+01 -6.7893424441e+00 -2.4031797556e-01
   endloop
 endfacet
 facet normal  -4.0974157566e-01 -2.6793561889e-01 -8.7196464682e-01
   outer loop
     vertex 1.3321281978e+01 -6.7893424441e+00 -2.4031797556e-01
     vertex 1.4875244023e+01 -1.0184013666e+01 7.2573698182e-02
     vertex 1.4798338900e+01 -1.0183437567e+01 1.0853486812e-01
   endloop
 endfacet
 facet normal  -4.1524447889e-01 -2.6999686116e-01 -8.6871958520e-01
   outer loop
     vertex 1.3321281978e+01 -6.7893424441e+00 -2.4031797556e-01
     vertex 1.4798338900e+01 -1.0183437567e+01 1.0853486812e-01
     vertex 1.3219662402e+01 -6.7889583778e+00 -1.9186359327e-01
   endloop
 endfacet
 facet normal  -7.6724245345e-01 -4.0111065097e-01 -5.0044906164e-01
   outer loop
     vertex 1.3219662402e+01 -6.7889583778e+00 -1.9186359327e-01
     vertex 1.4798338900e+01 -1.0183437567e+01 1.0853486812e-01
     vertex 1.4766601126e+01 -1.0182597534e+01 1.5651901404e-01
   endloop
 endfacet
 facet normal  -7.6925000914e-01 -4.0166265830e-01 -4.9691199660e-01
   outer loop
     vertex 1.3219662402e+01 -6.7889583778e+00 -1.9186359327e-01
     vertex 1.4766601126e+01 -1.0182597534e+01 1.5651901404e-01
     vertex 1.3178044178e+01 -6.7883983558e+00 -1.2788872535e-01
   endloop
 endfacet
 facet normal  -8.4204724573e-01 -3.6047275913e-01 4.0126777329e-01
   outer loop
     vertex 1.3178044178e+01 -6.7883983558e+00 -1.2788872535e-01
     vertex 1.4766601126e+01 -1.0182597534e+01 1.5651901404e-01
     vertex 1.3211100452e+01 -6.7877410222e+00 -5.7930713887e-02
   endloop
 endfacet
 facet normal  -8.4325308319e-01 -3.6122900205e-01 3.9804251755e-01
   outer loop
     vertex 1.4766601126e+01 -1.0182597534e+01 1.5651901404e-01
     vertex 1.4791149154e+01 -1.0181611533e+01 2.0941881942e-01
     vertex 1.3211100452e+01 -6.7877410222e+00 -5.7930713887e-02
   endloop
 endfacet
 facet normal  -5.3026936858e-01 -1.8163552229e-01 8.2814427112e-01
   outer loop
     vertex 1.3211100452e+01 -6.7877410222e+00 -5.7930713887e-02
     vertex 1.4791149154e+01 -1.0181611533e+01 2.0941881942e-01
     vertex 1.3307234013e+01 -6.7871230563e+00 3.7601396544e-03
   endloop
 endfacet
 facet normal  -5.3488776137e-01 -1.8386466140e-01 8.2467500812e-01
   outer loop
     vertex 1.4791149154e+01 -1.0181611533e+01 2.0941881942e-01
     vertex 1.4863314448e+01 -1.0180684585e+01 2.5643220698e-01
     vertex 1.3307234013e+01 -6.7871230563e+00 3.7601396544e-03
   endloop
 endfacet
 facet normal  -3.4005573165e-01 -8.6204523756e-02 9.3644587641e-01
   outer loop
     vertex 1.3307234013e+01 -6.7871230563e+00 3.7601396544e-03
     vertex 1.4863314448e+01 -1.0180684585e+01 2.5643220698e-01
     vertex 1.3458718641e+01 -6.7865339124e+00 5.8823656185e-02
   endloop
 endfacet
 facet normal  -3.4618528510e-01 -8.8886657290e-02 9.3394588202e-01
   outer loop
     vertex 1.4863314448e+01 -1.0180684585e+01 2.5643220698e-01
     vertex 1.4977261029e+01 -1.0179800869e+01 2.9875283936e-01
     vertex 1.3458718641e+01 -6.7865339124e+00 5.8823656185e-02
   endloop
 endfacet
 facet normal  -2.1946515923e-01 -2.9261672371e-02 9.7518141820e-01
   outer loop
     vertex 1.3458718641e+01 -6.7865339124e+00 5.8823656185e-02
     vertex 1.4977261029e+01 -1.0179800869e+01 2.9875283936e-01
     vertex 1.3673677515e+01 -6.7859693333e+00 1.0721721971e-01
   endloop
 endfacet
 facet normal  -2.2623598140e-01 -3.1954541077e-02 9.7354824638e-01
   outer loop
     vertex 1.4977261029e+01 -1.0179800869e+01 2.9875283936e-01
     vertex 1.5139115524e+01 -1.0178954000e+01 3.3639285555e-01
     vertex 1.3673677515e+01 -6.7859693333e+00 1.0721721971e-01
   endloop
 endfacet
 facet normal  -1.2697059360e-01 1.2153370806e-02 9.9183202405e-01
   outer loop
     vertex 1.3673677515e+01 -6.7859693333e+00 1.0721721971e-01
     vertex 1.5139115524e+01 -1.0178954000e+01 3.3639285555e-01
     vertex 1.3960690125e+01 -6.7854699268e+00 1.4395337171e-01
   endloop
 endfacet
 facet normal  -1.3404924313e-01 9.6439500075e-03 9.9092774441e-01
   outer loop
     vertex 1.5139115524e+01 -1.0178954000e+01 3.3639285555e-01
     vertex 1.5355375746e+01 -1.0178204890e+01 3.6564049228e-01
     vertex 1.3960690125e+01 -6.7854699268e+00 1.4395337171e-01
   endloop
 endfacet
 facet normal  -4.8084373733e-02 4.5432058343e-02 9.9780951142e-01
   outer loop
     vertex 1.3960690125e+01 -6.7854699268e+00 1.4395337171e-01
     vertex 1.5355375746e+01 -1.0178204890e+01 3.6564049228e-01
     vertex 1.4320980189e+01 -6.7851055631e+00 1.6129913573e-01
   endloop
 endfacet
 facet normal  -5.5299144933e-02 4.3216032695e-02 9.9753414933e-01
   outer loop
     vertex 1.5355375746e+01 -1.0178204890e+01 3.6564049228e-01
     vertex 1.5627006897e+01 -1.0177658345e+01 3.8067491575e-01
     vertex 1.4320980189e+01 -6.7851055631e+00 1.6129913573e-01
   endloop
 endfacet
 facet normal  2.1811995837e-02 7.2873507351e-02 9.9710264705e-01
   outer loop
     vertex 1.4320980189e+01 -6.7851055631e+00 1.6129913573e-01
     vertex 1.5627006897e+01 -1.0177658345e+01 3.8067491575e-01
     vertex 1.4742473872e+01 -6.7849487368e+00 1.5206734103e-01
   endloop
 endfacet
 facet normal  1.4568337413e-02 7.1002966464e-02 9.9736971194e-01
   outer loop
     vertex 1.5627006897e+01 -1.0177658345e+01 3.8067491575e-01
     vertex 1.5944942352e+01 -1.0177423105e+01 3.7601416295e-01
     vertex 1.4742473872e+01 -6.7849487368e+00 1.5206734103e-01
   endloop
 endfacet
 facet normal  7.8533053351e-02 9.3355936444e-02 9.9253071925e-01
   outer loop
     vertex 1.4742473872e+01 -6.7849487368e+00 1.5206734103e-01
     vertex 1.5944942352e+01 -1.0177423105e+01 3.7601416295e-01
     vertex 1.5198264475e+01 -6.7850171026e+00 1.1600977148e-01
   endloop
 endfacet
 facet normal  7.1323292610e-02 9.1821714548e-02 9.9321788177e-01
   outer loop
     vertex 1.5944942352e+01 -1.0177423105e+01 3.7601416295e-01
     vertex 1.6288890793e+01 -1.0177525654e+01 3.5132459623e-01
     vertex 1.5198264475e+01 -6.7850171026e+00 1.1600977148e-01
   endloop
 endfacet
 facet normal  1.0974590709e-01 1.0384797485e-01 9.8851981973e-01
   outer loop
     vertex 1.5198264475e+01 -6.7850171026e+00 1.1600977148e-01
     vertex 1.6288890793e+01 -1.0177525654e+01 3.5132459623e-01
     vertex 1.6631637402e+01 -1.0177871572e+01 3.1330905640e-01
   endloop
 endfacet
 facet normal  1.1688824377e-01 1.0679944850e-01 9.8738595102e-01
   outer loop
     vertex 1.5198264475e+01 -6.7850171026e+00 1.1600977148e-01
     vertex 1.6631637402e+01 -1.0177871572e+01 3.1330905640e-01
     vertex 1.5652333398e+01 -6.7852477148e+00 6.2281348864e-02
   endloop
 endfacet
 facet normal  1.3979904927e-01 1.1313969887e-01 9.8369488886e-01
   outer loop
     vertex 1.5652333398e+01 -6.7852477148e+00 6.2281348864e-02
     vertex 1.6631637402e+01 -1.0177871572e+01 3.1330905640e-01
     vertex 1.6946504600e+01 -1.0178366848e+01 2.6861826866e-01
   endloop
 endfacet
 facet normal  1.4688586344e-01 1.1576128298e-01 9.8235628388e-01
   outer loop
     vertex 1.5652333398e+01 -6.7852477148e+00 6.2281348864e-02
     vertex 1.6946504600e+01 -1.0178366848e+01 2.6861826866e-01
     vertex 1.6069373843e+01 -6.7855778988e+00 -3.7307186670e-05
   endloop
 endfacet
 facet normal  1.6339429794e-01 1.1978415576e-01 9.7926199734e-01
   outer loop
     vertex 1.6069373843e+01 -6.7855778988e+00 -3.7307186670e-05
     vertex 1.6946504600e+01 -1.0178366848e+01 2.6861826866e-01
     vertex 1.7214913776e+01 -1.0178909386e+01 2.2389934603e-01
   endloop
 endfacet
 facet normal  1.7043276252e-01 1.2206242871e-01 9.7777985097e-01
   outer loop
     vertex 1.6069373843e+01 -6.7855778988e+00 -3.7307186670e-05
     vertex 1.7214913776e+01 -1.0178909386e+01 2.2389934603e-01
     vertex 1.6424817095e+01 -6.7859395904e+00 -6.1947998221e-02
   endloop
 endfacet
 facet normal  1.8187538601e-01 1.2452689455e-01 9.7540473471e-01
   outer loop
     vertex 1.6424817095e+01 -6.7859395904e+00 -6.1947998221e-02
     vertex 1.7214913776e+01 -1.0178909386e+01 2.2389934603e-01
     vertex 1.7429514979e+01 -1.0179419404e+01 1.8394960597e-01
   endloop
 endfacet
 facet normal  1.8887431750e-01 1.2648432031e-01 9.7382144611e-01
   outer loop
     vertex 1.6424817095e+01 -6.7859395904e+00 -6.1947998221e-02
     vertex 1.7429514979e+01 -1.0179419404e+01 1.8394960597e-01
     vertex 1.6708964287e+01 -6.7862796024e+00 -1.1701466486e-01
   endloop
 endfacet
 facet normal  1.9613199807e-01 1.2788196288e-01 9.7220288155e-01
   outer loop
     vertex 1.6708964287e+01 -6.7862796024e+00 -1.1701466486e-01
     vertex 1.7429514979e+01 -1.0179419404e+01 1.8394960597e-01
     vertex 1.7592476924e+01 -1.0179851806e+01 1.5113057598e-01
   endloop
 endfacet
 facet normal  2.0309993148e-01 1.2956528809e-01 9.7054791430e-01
   outer loop
     vertex 1.6708964287e+01 -6.7862796024e+00 -1.1701466486e-01
     vertex 1.7592476924e+01 -1.0179851806e+01 1.5113057598e-01
     vertex 1.6924713562e+01 -6.7865678707e+00 -1.6212455866e-01
   endloop
 endfacet
 facet normal  2.0692834157e-01 1.3023570210e-01 9.6964907227e-01
   outer loop
     vertex 1.6924713562e+01 -6.7865678707e+00 -1.6212455866e-01
     vertex 1.7592476924e+01 -1.0179851806e+01 1.5113057598e-01
     vertex 1.7711451755e+01 -1.0180192637e+01 1.2578648309e-01
   endloop
 endfacet
 facet normal  2.1387263574e-01 1.3170083315e-01 9.6794286310e-01
   outer loop
     vertex 1.6924713562e+01 -6.7865678707e+00 -1.6212455866e-01
     vertex 1.7711451755e+01 -1.0180192637e+01 1.2578648309e-01
     vertex 1.7082213916e+01 -6.7867950914e+00 -1.9689426656e-01
   endloop
 endfacet
 facet normal  2.1488267525e-01 1.3186472809e-01 9.6769681686e-01
   outer loop
     vertex 1.7082213916e+01 -6.7867950914e+00 -1.9689426656e-01
     vertex 1.7711451755e+01 -1.0180192637e+01 1.2578648309e-01
     vertex 1.7795845769e+01 -1.0180447628e+01 1.0708105109e-01
   endloop
 endfacet
 facet normal  2.2180948944e-01 1.3316524160e-01 9.6595422708e-01
   outer loop
     vertex 1.7082213916e+01 -6.7867950914e+00 -1.9689426656e-01
     vertex 1.7795845769e+01 -1.0180447628e+01 1.0708105109e-01
     vertex 1.7193928753e+01 -6.7869650856e+00 -2.2252361098e-01
   endloop
 endfacet
 facet normal  2.2056234653e-01 1.3297431745e-01 9.6626605145e-01
   outer loop
     vertex 1.7193928753e+01 -6.7869650856e+00 -2.2252361098e-01
     vertex 1.7795845769e+01 -1.0180447628e+01 1.0708105109e-01
     vertex 1.7854497536e+01 -1.0180631436e+01 9.3718344364e-02
   endloop
 endfacet
 facet normal  2.2747666454e-01 1.3415542917e-01 9.6449815340e-01
   outer loop
     vertex 1.7193928753e+01 -6.7869650856e+00 -2.2252361098e-01
     vertex 1.7854497536e+01 -1.0180631436e+01 9.3718344364e-02
     vertex 1.7271564330e+01 -6.7870876238e+00 -2.4081689961e-01
   endloop
 endfacet
 facet normal  5.2035776619e-02 -8.9115049698e-02 -9.9466114123e-01
   outer loop
     vertex 1.7854497536e+01 -1.0180631436e+01 9.3718344364e-02
     vertex 1.8437430743e+01 -1.3574175248e+01 4.2825358834e-01
     vertex 1.7795279980e+01 -1.0180747134e+01 9.0630738953e-02
   endloop
 endfacet
 facet normal  6.6266203294e-02 -8.6362119126e-02 -9.9405753087e-01
   outer loop
     vertex 1.8437430743e+01 -1.3574175248e+01 4.2825358834e-01
     vertex 1.8397539643e+01 -1.3574329512e+01 4.2560775639e-01
     vertex 1.7795279980e+01 -1.0180747134e+01 9.0630738953e-02
   endloop
 endfacet
 facet normal  5.1450075418e-02 -8.9054663024e-02 -9.9469701756e-01
   outer loop
     vertex 1.7795279980e+01 -1.0180747134e+01 9.0630738953e-02
     vertex 1.8397539643e+01 -1.3574329512e+01 4.2560775639e-01
     vertex 1.7710181436e+01 -1.0180912486e+01 8.6243874364e-02
   endloop
 endfacet
 facet normal  6.5681184532e-02 -8.6114142645e-02 -9.9411786848e-01
   outer loop
     vertex 1.8397539643e+01 -1.3574329512e+01 4.2560775639e-01
     vertex 1.8340213686e+01 -1.3574549981e+01 4.2183933885e-01
     vertex 1.7710181436e+01 -1.0180912486e+01 8.6243874364e-02
   endloop
 endfacet
 facet normal  5.0735755686e-02 -8.8950597607e-02 -9.9474301922e-01
   outer loop
     vertex 1.7710181436e+01 -1.0180912486e+01 8.6243874364e-02
     vertex 1.8340213686e+01 -1.3574549981e+01 4.2183933885e-01
     vertex 1.7590422716e+01 -1.0181143620e+01 8.0156382922e-02
   endloop
 endfacet
 facet normal  6.4967701198e-02 -8.5750909776e-02 -9.9419614728e-01
   outer loop
     vertex 1.8340213686e+01 -1.3574549981e+01 4.2183933885e-01
     vertex 1.8259538349e+01 -1.3574858160e+01 4.1659403127e-01
     vertex 1.7590422716e+01 -1.0181143620e+01 8.0156382922e-02
   endloop
 endfacet
 facet normal  4.9972856396e-02 -8.8767009929e-02 -9.9479803557e-01
   outer loop
     vertex 1.7590422716e+01 -1.0181143620e+01 8.0156382922e-02
     vertex 1.8259538349e+01 -1.3574858160e+01 4.1659403127e-01
     vertex 1.7426757715e+01 -1.0181457208e+01 7.1962788869e-02
   endloop
 endfacet
 facet normal  6.4205717036e-02 -8.5222610978e-02 -9.9429107030e-01
   outer loop
     vertex 1.8259538349e+01 -1.3574858160e+01 4.1659403127e-01
     vertex 1.8149284381e+01 -1.3575276278e+01 4.0951028876e-01
     vertex 1.7426757715e+01 -1.0181457208e+01 7.1962788869e-02
   endloop
 endfacet
 facet normal  4.9148833692e-02 -8.8485147092e-02 -9.9486419721e-01
   outer loop
     vertex 1.7426757715e+01 -1.0181457208e+01 7.1962788869e-02
     vertex 1.8149284381e+01 -1.3575276278e+01 4.0951028876e-01
     vertex 1.7211830558e+01 -1.0181865777e+01 6.1381176912e-02
   endloop
 endfacet
 facet normal  6.3382663228e-02 -8.4505846314e-02 -9.9440504823e-01
   outer loop
     vertex 1.8149284381e+01 -1.3575276278e+01 4.0951028876e-01
     vertex 1.8004495621e+01 -1.3575821036e+01 4.0032785143e-01
     vertex 1.7211830558e+01 -1.0181865777e+01 6.1381176912e-02
   endloop
 endfacet
 facet normal  4.7847042265e-02 -8.8189038921e-02 -9.9495394565e-01
   outer loop
     vertex 1.7211830558e+01 -1.0181865777e+01 6.1381176912e-02
     vertex 1.8004495621e+01 -1.3575821036e+01 4.0032785143e-01
     vertex 1.6943889640e+01 -1.0182368743e+01 4.8540558139e-02
   endloop
 endfacet
 facet normal  6.2082138988e-02 -8.3698612297e-02 -9.9455535307e-01
   outer loop
     vertex 1.8004495621e+01 -1.3575821036e+01 4.0032785143e-01
     vertex 1.7823990003e+01 -1.3576491657e+01 3.8911676627e-01
     vertex 1.6943889640e+01 -1.0182368743e+01 4.8540558139e-02
   endloop
 endfacet
 facet normal  4.5002784793e-02 -8.8180696590e-02 -9.9508739019e-01
   outer loop
     vertex 1.6943889640e+01 -1.0182368743e+01 4.8540558139e-02
     vertex 1.7823990003e+01 -1.3576491657e+01 3.8911676627e-01
     vertex 1.6630688640e+01 -1.0182940391e+01 3.4426713462e-02
   endloop
 endfacet
 facet normal  5.9240082885e-02 -8.3141712144e-02 -9.9477538584e-01
   outer loop
     vertex 1.7823990003e+01 -1.3576491657e+01 3.8911676627e-01
     vertex 1.7612985092e+01 -1.3577253855e+01 3.7661487071e-01
     vertex 1.6630688640e+01 -1.0182940391e+01 3.4426713462e-02
   endloop
 endfacet
 facet normal  3.8339138592e-02 -8.9240395532e-02 -9.9527195392e-01
   outer loop
     vertex 1.6630688640e+01 -1.0182940391e+01 3.4426713462e-02
     vertex 1.7612985092e+01 -1.3577253855e+01 3.7661487071e-01
     vertex 1.6290966059e+01 -1.0183519117e+01 2.1392059589e-02
   endloop
 endfacet
 facet normal  5.2580517178e-02 -8.3675223477e-02 -9.9510489205e-01
   outer loop
     vertex 1.7612985092e+01 -1.3577253855e+01 3.7661487071e-01
     vertex 1.7384090592e+01 -1.3578025489e+01 3.6458515939e-01
     vertex 1.6290966059e+01 -1.0183519117e+01 2.1392059589e-02
   endloop
 endfacet
 facet normal  3.9137070150e-02 -8.8029040501e-02 -9.9534877192e-01
   outer loop
     vertex 1.6290966059e+01 -1.0183519117e+01 2.1392059589e-02
     vertex 1.7384090592e+01 -1.3578025489e+01 3.6458515939e-01
     vertex 1.7155056971e+01 -1.3578686299e+01 3.5563800979e-01
   endloop
 endfacet
 facet normal  2.4892747670e-02 -9.1667082150e-02 -9.9547852672e-01
   outer loop
     vertex 1.6290966059e+01 -1.0183519117e+01 2.1392059589e-02
     vertex 1.7155056971e+01 -1.3578686299e+01 3.5563800979e-01
     vertex 1.5951102503e+01 -1.0184014724e+01 1.2939133091e-02
   endloop
 endfacet
 facet normal  2.4399369490e-02 -9.1841672288e-02 -9.9547464960e-01
   outer loop
     vertex 1.5951102503e+01 -1.0184014724e+01 1.2939133091e-02
     vertex 1.7155056971e+01 -1.3578686299e+01 3.5563800979e-01
     vertex 1.6943747062e+01 -1.3579183546e+01 3.5050461880e-01
   endloop
 endfacet
 facet normal  1.0154392409e-02 -9.5992120016e-02 -9.9533029754e-01
   outer loop
     vertex 1.5951102503e+01 -1.0184014724e+01 1.2939133091e-02
     vertex 1.6943747062e+01 -1.3579183546e+01 3.5050461880e-01
     vertex 1.5637605381e+01 -1.0184387659e+01 9.7767918979e-03
   endloop
 endfacet
 facet normal  3.6995275856e-04 -9.9725016757e-02 -9.9501496681e-01
   outer loop
     vertex 1.5637605381e+01 -1.0184387659e+01 9.7767918979e-03
     vertex 1.6943747062e+01 -1.3579183546e+01 3.5050461880e-01
     vertex 1.6762901853e+01 -1.3579452315e+01 3.5046431678e-01
   endloop
 endfacet
 facet normal  -1.3860593653e-02 -1.0438409129e-01 -9.9444046852e-01
   outer loop
     vertex 1.5637605381e+01 -1.0184387659e+01 9.7767918979e-03
     vertex 1.6762901853e+01 -1.3579452315e+01 3.5046431678e-01
     vertex 1.5369397644e+01 -1.0184589237e+01 1.3536252654e-02
   endloop
 endfacet
 facet normal  -4.1304223960e-02 -1.1545184218e-01 -9.9245394514e-01
   outer loop
     vertex 1.5369397644e+01 -1.0184589237e+01 1.3536252654e-02
     vertex 1.6762901853e+01 -1.3579452315e+01 3.5046431678e-01
     vertex 1.6617964231e+01 -1.3579449304e+01 3.5649602065e-01
   endloop
 endfacet
 facet normal  -5.5460795454e-02 -1.2052759986e-01 -9.9115952189e-01
   outer loop
     vertex 1.5369397644e+01 -1.0184589237e+01 1.3536252654e-02
     vertex 1.6617964231e+01 -1.3579449304e+01 3.5649602065e-01
     vertex 1.5154572254e+01 -1.0184586978e+01 2.5556633352e-02
   endloop
 endfacet
 facet normal  -1.0623682436e-01 -1.4173549230e-01 -9.8418737412e-01
   outer loop
     vertex 1.5154572254e+01 -1.0184586978e+01 2.5556633352e-02
     vertex 1.6617964231e+01 -1.3579449304e+01 3.5649602065e-01
     vertex 1.6508146203e+01 -1.3579186030e+01 3.6831226984e-01
   endloop
 endfacet
 facet normal  -1.2014952695e-01 -1.4704261739e-01 -9.8180576483e-01
   outer loop
     vertex 1.5154572254e+01 -1.0184586978e+01 2.5556633352e-02
     vertex 1.6508146203e+01 -1.3579186030e+01 3.6831226984e-01
     vertex 1.4991954463e+01 -1.0184389522e+01 4.5427586392e-02
   endloop
 endfacet
 facet normal  -2.0979312877e-01 -1.8501323889e-01 -9.6008173848e-01
   outer loop
     vertex 1.4991954463e+01 -1.0184389522e+01 4.5427586392e-02
     vertex 1.6508146203e+01 -1.3579186030e+01 3.6831226984e-01
     vertex 1.6429206068e+01 -1.3578684888e+01 3.8546537193e-01
   endloop
 endfacet
 facet normal  -2.2299180386e-01 -1.9020155732e-01 -9.5608473631e-01
   outer loop
     vertex 1.4991954463e+01 -1.0184389522e+01 4.5427586392e-02
     vertex 1.6429206068e+01 -1.3578684888e+01 3.8546537193e-01
     vertex 1.4875244023e+01 -1.0184013666e+01 7.2573698182e-02
   endloop
 endfacet
 facet normal  -3.9883225325e-01 -2.6352953961e-01 -8.7834219728e-01
   outer loop
     vertex 1.4875244023e+01 -1.0184013666e+01 7.2573698182e-02
     vertex 1.6429206068e+01 -1.3578684888e+01 3.8546537193e-01
     vertex 1.6377015397e+01 -1.3577916756e+01 4.0893332951e-01
   endloop
 endfacet
 facet normal  -4.0976347610e-01 -2.6773939992e-01 -8.7201462567e-01
   outer loop
     vertex 1.4875244023e+01 -1.0184013666e+01 7.2573698182e-02
     vertex 1.6377015397e+01 -1.3577916756e+01 4.0893332951e-01
     vertex 1.4798338900e+01 -1.0183437567e+01 1.0853486812e-01
   endloop
 endfacet
 facet normal  -7.6327159870e-01 -3.9988381477e-01 -5.0745384154e-01
   outer loop
     vertex 1.4798338900e+01 -1.0183437567e+01 1.0853486812e-01
     vertex 1.6377015397e+01 -1.3577916756e+01 4.0893332951e-01
     vertex 1.6355158075e+01 -1.3576796712e+01 4.4092675344e-01
   endloop
 endfacet
 facet normal  -7.6726986291e-01 -4.0103391847e-01 -5.0046853418e-01
   outer loop
     vertex 1.4798338900e+01 -1.0183437567e+01 1.0853486812e-01
     vertex 1.6355158075e+01 -1.3576796712e+01 4.4092675344e-01
     vertex 1.4766601126e+01 -1.0182597534e+01 1.5651901404e-01
   endloop
 endfacet
 facet normal  -8.4322875848e-01 -3.6129682355e-01 3.9803249386e-01
   outer loop
     vertex 1.4766601126e+01 -1.0182597534e+01 1.5651901404e-01
     vertex 1.6355158075e+01 -1.3576796712e+01 4.4092675344e-01
     vertex 1.4791149154e+01 -1.0181611533e+01 2.0941881942e-01
   endloop
 endfacet
 facet normal  -8.4554537963e-01 -3.6279547067e-01 3.9170455377e-01
   outer loop
     vertex 1.6355158075e+01 -1.3576796712e+01 4.4092675344e-01
     vertex 1.6371197855e+01 -1.3575482044e+01 4.7676835273e-01
     vertex 1.4791149154e+01 -1.0181611533e+01 2.0941881942e-01
   endloop
 endfacet
 facet normal  -5.3486698757e-01 -1.8405149780e-01 8.2464680425e-01
   outer loop
     vertex 1.4791149154e+01 -1.0181611533e+01 2.0941881942e-01
     vertex 1.6371197855e+01 -1.3575482044e+01 4.7676835273e-01
     vertex 1.4863314448e+01 -1.0180684585e+01 2.5643220698e-01
   endloop
 endfacet
 facet normal  -5.4381572495e-01 -1.8847284524e-01 8.1776674175e-01
   outer loop
     vertex 1.6371197855e+01 -1.3575482044e+01 4.7676835273e-01
     vertex 1.6419394883e+01 -1.3574246113e+01 5.0910427431e-01
     vertex 1.4863314448e+01 -1.0180684585e+01 2.5643220698e-01
   endloop
 endfacet
 facet normal  -3.4617348059e-01 -8.9197773565e-02 9.3392059541e-01
   outer loop
     vertex 1.4863314448e+01 -1.0180684585e+01 2.5643220698e-01
     vertex 1.6419394883e+01 -1.3574246113e+01 5.0910427431e-01
     vertex 1.4977261029e+01 -1.0179800869e+01 2.9875283936e-01
   endloop
 endfacet
 facet normal  -3.5810967176e-01 -9.4581448150e-02 9.2887664017e-01
   outer loop
     vertex 1.6419394883e+01 -1.3574246113e+01 5.0910427431e-01
     vertex 1.6495803418e+01 -1.3573067825e+01 5.3868202253e-01
     vertex 1.4977261029e+01 -1.0179800869e+01 2.9875283936e-01
   endloop
 endfacet
 facet normal  -2.2623045168e-01 -3.2405692200e-02 9.7353461872e-01
   outer loop
     vertex 1.4977261029e+01 -1.0179800869e+01 2.9875283936e-01
     vertex 1.6495803418e+01 -1.3573067825e+01 5.3868202253e-01
     vertex 1.5139115524e+01 -1.0178954000e+01 3.3639285555e-01
   endloop
 endfacet
 facet normal  -2.3946221832e-01 -3.7895444017e-02 9.7016585248e-01
   outer loop
     vertex 1.6495803418e+01 -1.3573067825e+01 5.3868202253e-01
     vertex 1.6604553534e+01 -1.3571938667e+01 5.6556849138e-01
     vertex 1.5139115524e+01 -1.0178954000e+01 3.3639285555e-01
   endloop
 endfacet
 facet normal  -1.3404793605e-01 9.0359704244e-03 9.9093365170e-01
   outer loop
     vertex 1.5139115524e+01 -1.0178954000e+01 3.3639285555e-01
     vertex 1.6604553534e+01 -1.3571938667e+01 5.6556849138e-01
     vertex 1.5355375746e+01 -1.0178204890e+01 3.6564049228e-01
   endloop
 endfacet
 facet normal  -1.4791925271e-01 3.8157862991e-03 9.8899208008e-01
   outer loop
     vertex 1.6604553534e+01 -1.3571938667e+01 5.6556849138e-01
     vertex 1.6750061368e+01 -1.3570939854e+01 5.8732761286e-01
     vertex 1.5355375746e+01 -1.0178204890e+01 3.6564049228e-01
   endloop
 endfacet
 facet normal  -5.5299423200e-02 4.2450250414e-02 9.9756701531e-01
   outer loop
     vertex 1.5355375746e+01 -1.0178204890e+01 3.6564049228e-01
     vertex 1.6750061368e+01 -1.3570939854e+01 5.8732761286e-01
     vertex 1.5627006897e+01 -1.0177658345e+01 3.8067491575e-01
   endloop
 endfacet
 facet normal  -6.9468227340e-02 3.7718487275e-02 9.9687084475e-01
   outer loop
     vertex 1.6750061368e+01 -1.3570939854e+01 5.8732761286e-01
     vertex 1.6933033604e+01 -1.3570211126e+01 6.0005069577e-01
     vertex 1.5627006897e+01 -1.0177658345e+01 3.8067491575e-01
   endloop
 endfacet
 facet normal  1.4569929272e-02 7.0106905009e-02 9.9743307496e-01
   outer loop
     vertex 1.5627006897e+01 -1.0177658345e+01 3.8067491575e-01
     vertex 1.6933033604e+01 -1.3570211126e+01 6.0005069577e-01
     vertex 1.5944942352e+01 -1.0177423105e+01 3.7601416295e-01
   endloop
 endfacet
 facet normal  3.2102172000e-04 6.5982752261e-02 9.9782071203e-01
   outer loop
     vertex 1.6933033604e+01 -1.3570211126e+01 6.0005069577e-01
     vertex 1.7147410832e+01 -1.3569897474e+01 5.9996098486e-01
     vertex 1.5944942352e+01 -1.0177423105e+01 3.7601416295e-01
   endloop
 endfacet
 facet normal  7.1329361997e-02 9.0853783890e-02 9.9330645426e-01
   outer loop
     vertex 1.5944942352e+01 -1.0177423105e+01 3.7601416295e-01
     vertex 1.7147410832e+01 -1.3569897474e+01 5.9996098486e-01
     vertex 1.6288890793e+01 -1.0177525654e+01 3.5132459623e-01
   endloop
 endfacet
 facet normal  5.7132207833e-02 8.7351116024e-02 9.9453792957e-01
   outer loop
     vertex 1.7147410832e+01 -1.3569897474e+01 5.9996098486e-01
     vertex 1.7379517112e+01 -1.3570034205e+01 5.8663942098e-01
     vertex 1.6288890793e+01 -1.0177525654e+01 3.5132459623e-01
   endloop
 endfacet
 facet normal  9.5647695267e-02 9.9448514192e-02 9.9043501120e-01
   outer loop
     vertex 1.6288890793e+01 -1.0177525654e+01 3.5132459623e-01
     vertex 1.7379517112e+01 -1.3570034205e+01 5.8663942098e-01
     vertex 1.7610941407e+01 -1.3570495430e+01 5.6433676394e-01
   endloop
 endfacet
 facet normal  1.0973572755e-01 1.0481128391e-01 9.8841927585e-01
   outer loop
     vertex 1.6288890793e+01 -1.0177525654e+01 3.5132459623e-01
     vertex 1.7610941407e+01 -1.3570495430e+01 5.6433676394e-01
     vertex 1.6631637402e+01 -1.0177871572e+01 3.1330905640e-01
   endloop
 endfacet
 facet normal  1.2579918651e-01 1.0927054831e-01 9.8601952919e-01
   outer loop
     vertex 1.6631637402e+01 -1.0177871572e+01 3.1330905640e-01
     vertex 1.7610941407e+01 -1.3570495430e+01 5.6433676394e-01
     vertex 1.7823635356e+01 -1.3571155798e+01 5.3727384451e-01
   endloop
 endfacet
 facet normal  1.3978620795e-01 1.1402388016e-01 9.8359461712e-01
   outer loop
     vertex 1.6631637402e+01 -1.0177871572e+01 3.1330905640e-01
     vertex 1.7823635356e+01 -1.3571155798e+01 5.3727384451e-01
     vertex 1.6946504600e+01 -1.0178366848e+01 2.6861826866e-01
   endloop
 endfacet
 facet normal  1.4948475321e-01 1.1639617636e-01 9.8188911731e-01
   outer loop
     vertex 1.6946504600e+01 -1.0178366848e+01 2.6861826866e-01
     vertex 1.7823635356e+01 -1.3571155798e+01 5.3727384451e-01
     vertex 1.8005010457e+01 -1.3571879181e+01 5.0974669028e-01
   endloop
 endfacet
 facet normal  1.6338079330e-01 1.2053755440e-01 9.7917180023e-01
   outer loop
     vertex 1.6946504600e+01 -1.0178366848e+01 2.6861826866e-01
     vertex 1.8005010457e+01 -1.3571879181e+01 5.0974669028e-01
     vertex 1.7214913776e+01 -1.0178909386e+01 2.2389934603e-01
   endloop
 endfacet
 facet normal  1.6804321077e-01 1.2154624224e-01 9.7825762982e-01
   outer loop
     vertex 1.7214913776e+01 -1.0178909386e+01 2.2389934603e-01
     vertex 1.8005010457e+01 -1.3571879181e+01 5.0974669028e-01
     vertex 1.8150065670e+01 -1.3572559205e+01 4.8491387679e-01
   endloop
 endfacet
 facet normal  1.8186290083e-01 1.2512921344e-01 9.7532997762e-01
   outer loop
     vertex 1.7214913776e+01 -1.0178909386e+01 2.2389934603e-01
     vertex 1.8150065670e+01 -1.3572559205e+01 4.8491387679e-01
     vertex 1.7429514979e+01 -1.0179419404e+01 1.8394960597e-01
   endloop
 endfacet
 facet normal  1.8236289151e-01 1.2522600601e-01 9.7522419126e-01
   outer loop
     vertex 1.7429514979e+01 -1.0179419404e+01 1.8394960597e-01
     vertex 1.8150065670e+01 -1.3572559205e+01 4.8491387679e-01
     vertex 1.8260240286e+01 -1.3573135741e+01 4.6438571061e-01
   endloop
 endfacet
 facet normal  1.9612149824e-01 1.2833941510e-01 9.7214471786e-01
   outer loop
     vertex 1.7429514979e+01 -1.0179419404e+01 1.8394960597e-01
     vertex 1.8260240286e+01 -1.3573135741e+01 4.6438571061e-01
     vertex 1.7592476924e+01 -1.0179851806e+01 1.5113057598e-01
   endloop
 endfacet
 facet normal  1.9320875745e-01 1.2782628274e-01 9.7279536259e-01
   outer loop
     vertex 1.7592476924e+01 -1.0179851806e+01 1.5113057598e-01
     vertex 1.8260240286e+01 -1.3573135741e+01 4.6438571061e-01
     vertex 1.8340689595e+01 -1.3573590183e+01 4.4846723273e-01
   endloop
 endfacet
 facet normal  2.0692010269e-01 1.3056976443e-01 9.6960590330e-01
   outer loop
     vertex 1.7592476924e+01 -1.0179851806e+01 1.5113057598e-01
     vertex 1.8340689595e+01 -1.3573590183e+01 4.4846723273e-01
     vertex 1.7711451755e+01 -1.0180192637e+01 1.2578648309e-01
   endloop
 endfacet
 facet normal  2.0120048599e-01 1.2963547402e-01 9.7093409061e-01
   outer loop
     vertex 1.7711451755e+01 -1.0180192637e+01 1.2578648309e-01
     vertex 1.8340689595e+01 -1.3573590183e+01 4.4846723273e-01
     vertex 1.8397762785e+01 -1.3573930171e+01 4.3668571316e-01
   endloop
 endfacet
 facet normal  2.1487652843e-01 1.3210175966e-01 9.6766585278e-01
   outer loop
     vertex 1.7711451755e+01 -1.0180192637e+01 1.2578648309e-01
     vertex 1.8397762785e+01 -1.3573930171e+01 4.3668571316e-01
     vertex 1.7795845769e+01 -1.0180447628e+01 1.0708105109e-01
   endloop
 endfacet
 facet normal  2.0690730511e-01 1.3087295289e-01 9.6956775797e-01
   outer loop
     vertex 1.7795845769e+01 -1.0180447628e+01 1.0708105109e-01
     vertex 1.8397762785e+01 -1.3573930171e+01 4.3668571316e-01
     vertex 1.8437430743e+01 -1.3574175248e+01 4.2825358834e-01
   endloop
 endfacet
 facet normal  2.2055792350e-01 1.3313908972e-01 9.6624437135e-01
   outer loop
     vertex 1.7795845769e+01 -1.0180447628e+01 1.0708105109e-01
     vertex 1.8437430743e+01 -1.3574175248e+01 4.2825358834e-01
     vertex 1.7854497536e+01 -1.0180631436e+01 9.3718344364e-02
   endloop
 endfacet
 facet normal  6.6265735331e-02 -8.6609049620e-02 -9.9403607824e-01
   outer loop
     vertex 1.8437430743e+01 -1.3574175248e+01 4.2825358834e-01
     vertex 1.9020363949e+01 -1.6967719059e+01 7.6278883232e-01
     vertex 1.8397539643e+01 -1.3574329512e+01 4.2560775639e-01
   endloop
 endfacet
 facet normal  1.0696590600e-01 -7.8850274309e-02 -9.9113113622e-01
   outer loop
     vertex 1.9020363949e+01 -1.6967719059e+01 7.6278883232e-01
     vertex 1.8999799306e+01 -1.6967911890e+01 7.6058477384e-01
     vertex 1.8397539643e+01 -1.3574329512e+01 4.2560775639e-01
   endloop
 endfacet
 facet normal  6.5680527291e-02 -8.6468978961e-02 -9.9408711088e-01
   outer loop
     vertex 1.8397539643e+01 -1.3574329512e+01 4.2560775639e-01
     vertex 1.8999799306e+01 -1.6967911890e+01 7.6058477384e-01
     vertex 1.8340213686e+01 -1.3574549981e+01 4.2183933885e-01
   endloop
 endfacet
 facet normal  1.0638201087e-01 -7.8273372138e-02 -9.9123970208e-01
   outer loop
     vertex 1.8999799306e+01 -1.6967911890e+01 7.6058477384e-01
     vertex 1.8970245936e+01 -1.6968187476e+01 7.5743480333e-01
     vertex 1.8340213686e+01 -1.3574549981e+01 4.2183933885e-01
   endloop
 endfacet
 facet normal  6.4966804053e-02 -8.6250243367e-02 -9.9415301131e-01
   outer loop
     vertex 1.8340213686e+01 -1.3574549981e+01 4.2183933885e-01
     vertex 1.8970245936e+01 -1.6968187476e+01 7.5743480333e-01
     vertex 1.8259538349e+01 -1.3574858160e+01 4.1659403127e-01
   endloop
 endfacet
 facet normal  1.0566963577e-01 -7.7446885899e-02 -9.9138080874e-01
   outer loop
     vertex 1.8970245936e+01 -1.6968187476e+01 7.5743480333e-01
     vertex 1.8928653981e+01 -1.6968572700e+01 7.5303167962e-01
     vertex 1.8259538349e+01 -1.3574858160e+01 4.1659403127e-01
   endloop
 endfacet
 facet normal  6.4204536788e-02 -8.5904974026e-02 -9.9423242398e-01
   outer loop
     vertex 1.8259538349e+01 -1.3574858160e+01 4.1659403127e-01
     vertex 1.8928653981e+01 -1.6968572700e+01 7.5303167962e-01
     vertex 1.8149284381e+01 -1.3575276278e+01 4.0951028876e-01
   endloop
 endfacet
 facet normal  1.0490823992e-01 -7.6284802181e-02 -9.9155175869e-01
   outer loop
     vertex 1.8928653981e+01 -1.6968572700e+01 7.5303167962e-01
     vertex 1.8871811047e+01 -1.6969095347e+01 7.4705778866e-01
     vertex 1.8149284381e+01 -1.3575276278e+01 4.0951028876e-01
   endloop
 endfacet
 facet normal  6.3381185524e-02 -8.5401881153e-02 -9.9432858956e-01
   outer loop
     vertex 1.8149284381e+01 -1.3575276278e+01 4.0951028876e-01
     vertex 1.8871811047e+01 -1.6969095347e+01 7.4705778866e-01
     vertex 1.8004495621e+01 -1.3575821036e+01 4.0032785143e-01
   endloop
 endfacet
 facet normal  1.0408511937e-01 -7.4735200554e-02 -9.9175649114e-01
   outer loop
     vertex 1.8871811047e+01 -1.6969095347e+01 7.4705778866e-01
     vertex 1.8797160683e+01 -1.6969776295e+01 7.3927452595e-01
     vertex 1.8004495621e+01 -1.3575821036e+01 4.0032785143e-01
   endloop
 endfacet
 facet normal  6.2080417955e-02 -8.4815559123e-02 -9.9446083012e-01
   outer loop
     vertex 1.8004495621e+01 -1.3575821036e+01 4.0032785143e-01
     vertex 1.8797160683e+01 -1.6969776295e+01 7.3927452595e-01
     vertex 1.7823990003e+01 -1.3576491657e+01 3.8911676627e-01
   endloop
 endfacet
 facet normal  1.0278553276e-01 -7.2890696689e-02 -9.9202927406e-01
   outer loop
     vertex 1.8797160683e+01 -1.6969776295e+01 7.3927452595e-01
     vertex 1.8704090365e+01 -1.6970614572e+01 7.2969297440e-01
     vertex 1.7823990003e+01 -1.3576491657e+01 3.8911676627e-01
   endloop
 endfacet
 facet normal  5.9238289259e-02 -8.4447081548e-02 -9.9466552946e-01
   outer loop
     vertex 1.7823990003e+01 -1.3576491657e+01 3.8911676627e-01
     vertex 1.8704090365e+01 -1.6970614572e+01 7.2969297440e-01
     vertex 1.7612985092e+01 -1.3577253855e+01 3.7661487071e-01
   endloop
 endfacet
 facet normal  9.9950166209e-02 -7.1125701220e-02 -9.9244702574e-01
   outer loop
     vertex 1.8704090365e+01 -1.6970614572e+01 7.2969297440e-01
     vertex 1.8595281544e+01 -1.6971567319e+01 7.1880302796e-01
     vertex 1.7612985092e+01 -1.3577253855e+01 3.7661487071e-01
   endloop
 endfacet
 facet normal  5.2578984766e-02 -8.5090525608e-02 -9.9498495105e-01
   outer loop
     vertex 1.7612985092e+01 -1.3577253855e+01 3.7661487071e-01
     vertex 1.8595281544e+01 -1.6971567319e+01 7.1880302796e-01
     vertex 1.7384090592e+01 -1.3578025489e+01 3.6458515939e-01
   endloop
 endfacet
 facet normal  9.3312630980e-02 -7.0360474053e-02 -9.9314760061e-01
   outer loop
     vertex 1.8595281544e+01 -1.6971567319e+01 7.1880302796e-01
     vertex 1.8477215124e+01 -1.6972531861e+01 7.0777825919e-01
     vertex 1.7384090592e+01 -1.3578025489e+01 3.6458515939e-01
   endloop
 endfacet
 facet normal  7.9916473152e-02 -7.4759990537e-02 -9.9399411524e-01
   outer loop
     vertex 1.7384090592e+01 -1.3578025489e+01 3.6458515939e-01
     vertex 1.8477215124e+01 -1.6972531861e+01 7.0777825919e-01
     vertex 1.8359011439e+01 -1.6973357874e+01 6.9833688649e-01
   endloop
 endfacet
 facet normal  3.9137835342e-02 -8.6614344738e-02 -9.9547284500e-01
   outer loop
     vertex 1.7384090592e+01 -1.3578025489e+01 3.6458515939e-01
     vertex 1.8359011439e+01 -1.6973357874e+01 6.9833688649e-01
     vertex 1.7155056971e+01 -1.3578686299e+01 3.5563800979e-01
   endloop
 endfacet
 facet normal  6.5211574716e-02 -7.7306418167e-02 -9.9487243817e-01
   outer loop
     vertex 1.7155056971e+01 -1.3578686299e+01 3.5563800979e-01
     vertex 1.8359011439e+01 -1.6973357874e+01 6.9833688649e-01
     vertex 1.8249888744e+01 -1.6973979432e+01 6.9123244571e-01
   endloop
 endfacet
 facet normal  2.4399202796e-02 -9.0537929283e-02 -9.9559407504e-01
   outer loop
     vertex 1.7155056971e+01 -1.3578686299e+01 3.5563800979e-01
     vertex 1.8249888744e+01 -1.6973979432e+01 6.9123244571e-01
     vertex 1.6943747062e+01 -1.3579183546e+01 3.5050461880e-01
   endloop
 endfacet
 facet normal  4.1199532216e-02 -8.4075361596e-02 -9.9560731823e-01
   outer loop
     vertex 1.6943747062e+01 -1.3579183546e+01 3.5050461880e-01
     vertex 1.8249888744e+01 -1.6973979432e+01 6.9123244571e-01
     vertex 1.8156406062e+01 -1.6974315394e+01 6.8739238090e-01
   endloop
 endfacet
 facet normal  3.6832262006e-04 -9.8611516595e-02 -9.9512593833e-01
   outer loop
     vertex 1.6943747062e+01 -1.3579183546e+01 3.5050461880e-01
     vertex 1.8156406062e+01 -1.6974315394e+01 6.8739238090e-01
     vertex 1.6762901853e+01 -1.3579452315e+01 3.5046431678e-01
   endloop
 endfacet
 facet normal  -5.7546205129e-04 -9.8995126119e-02 -9.9508775183e-01
   outer loop
     vertex 1.6762901853e+01 -1.3579452315e+01 3.5046431678e-01
     vertex 1.8156406062e+01 -1.6974315394e+01 6.8739238090e-01
     vertex 1.8081356209e+01 -1.6974311630e+01 6.8743540794e-01
   endloop
 endfacet
 facet normal  -4.1308482939e-02 -1.1456329623e-01 -9.9255672906e-01
   outer loop
     vertex 1.6762901853e+01 -1.3579452315e+01 3.5046431678e-01
     vertex 1.8081356209e+01 -1.6974311630e+01 6.8743540794e-01
     vertex 1.6617964231e+01 -1.3579449304e+01 3.5649602065e-01
   endloop
 endfacet
 facet normal  -6.6029892771e-02 -1.2496671742e-01 -9.8996129864e-01
   outer loop
     vertex 1.6617964231e+01 -1.3579449304e+01 3.5649602065e-01
     vertex 1.8081356209e+01 -1.6974311630e+01 6.8743540794e-01
     vertex 1.8024337944e+01 -1.6973982537e+01 6.9119695328e-01
   endloop
 endfacet
 facet normal  -1.0624543863e-01 -1.4106828909e-01 -9.8428229923e-01
   outer loop
     vertex 1.6617964231e+01 -1.3579449304e+01 3.5649602065e-01
     vertex 1.8024337944e+01 -1.6973982537e+01 6.9119695328e-01
     vertex 1.6508146203e+01 -1.3579186030e+01 3.6831226984e-01
   endloop
 endfacet
 facet normal  -1.7137686638e-01 -1.6885865516e-01 -9.7062697482e-01
   outer loop
     vertex 1.6508146203e+01 -1.3579186030e+01 3.6831226984e-01
     vertex 1.8024337944e+01 -1.6973982537e+01 6.9119695328e-01
     vertex 1.7983168114e+01 -1.6973356110e+01 6.9835704567e-01
   endloop
 endfacet
 facet normal  -2.0980903953e-01 -1.8454337147e-01 -9.6016868881e-01
   outer loop
     vertex 1.6508146203e+01 -1.3579186030e+01 3.6831226984e-01
     vertex 1.7983168114e+01 -1.6973356110e+01 6.9835704567e-01
     vertex 1.6429206068e+01 -1.3578684888e+01 3.8546537193e-01
   endloop
 endfacet
 facet normal  -3.6664696437e-01 -2.5042588471e-01 -8.9602281209e-01
   outer loop
     vertex 1.6429206068e+01 -1.3578684888e+01 3.8546537193e-01
     vertex 1.7983168114e+01 -1.6973356110e+01 6.9835704567e-01
     vertex 1.7955691894e+01 -1.6972395945e+01 7.0933179090e-01
   endloop
 endfacet
 facet normal  -3.9886155219e-01 -2.6323580573e-01 -8.7841696976e-01
   outer loop
     vertex 1.6429206068e+01 -1.3578684888e+01 3.8546537193e-01
     vertex 1.7955691894e+01 -1.6972395945e+01 7.0933179090e-01
     vertex 1.6377015397e+01 -1.3577916756e+01 4.0893332951e-01
   endloop
 endfacet
 facet normal  -7.5139303854e-01 -3.9615157077e-01 -5.2770487453e-01
   outer loop
     vertex 1.6377015397e+01 -1.3577916756e+01 4.0893332951e-01
     vertex 1.7955691894e+01 -1.6972395945e+01 7.0933179090e-01
     vertex 1.7943715023e+01 -1.6970995890e+01 7.2533449284e-01
   endloop
 endfacet
 facet normal  -7.6331110194e-01 -3.9976904765e-01 -5.0748484726e-01
   outer loop
     vertex 1.6377015397e+01 -1.3577916756e+01 4.0893332951e-01
     vertex 1.7943715023e+01 -1.6970995890e+01 7.2533449284e-01
     vertex 1.6355158075e+01 -1.3576796712e+01 4.4092675344e-01
   endloop
 endfacet
 facet normal  -8.4550855575e-01 -3.6289512404e-01 3.9169172968e-01
   outer loop
     vertex 1.6355158075e+01 -1.3576796712e+01 4.4092675344e-01
     vertex 1.7943715023e+01 -1.6970995890e+01 7.2533449284e-01
     vertex 1.6371197855e+01 -1.3575482044e+01 4.7676835273e-01
   endloop
 endfacet
 facet normal  -8.5181223893e-01 -3.6713378538e-01 3.7366922973e-01
   outer loop
     vertex 1.7943715023e+01 -1.6970995890e+01 7.2533449284e-01
     vertex 1.7951246557e+01 -1.6969352556e+01 7.4411788604e-01
     vertex 1.6371197855e+01 -1.3575482044e+01 4.7676835273e-01
   endloop
 endfacet
 facet normal  -5.4378153913e-01 -1.8874691241e-01 8.1772626273e-01
   outer loop
     vertex 1.6371197855e+01 -1.3575482044e+01 4.7676835273e-01
     vertex 1.7951246557e+01 -1.6969352556e+01 7.4411788604e-01
     vertex 1.6419394883e+01 -1.3574246113e+01 5.0910427431e-01
   endloop
 endfacet
 facet normal  -5.6851877948e-01 -2.0129702717e-01 7.9766277601e-01
   outer loop
     vertex 1.7951246557e+01 -1.6969352556e+01 7.4411788604e-01
     vertex 1.7975475318e+01 -1.6967807641e+01 7.6177634164e-01
     vertex 1.6419394883e+01 -1.3574246113e+01 5.0910427431e-01
   endloop
 endfacet
 facet normal  -3.5808778413e-01 -9.5039352881e-02 9.2883833914e-01
   outer loop
     vertex 1.6419394883e+01 -1.3574246113e+01 5.0910427431e-01
     vertex 1.7975475318e+01 -1.6967807641e+01 7.6177634164e-01
     vertex 1.6495803418e+01 -1.3573067825e+01 5.3868202253e-01
   endloop
 endfacet
 facet normal  -3.9145890500e-01 -1.1059118826e-01 9.1352586979e-01
   outer loop
     vertex 1.7975475318e+01 -1.6967807641e+01 7.6177634164e-01
     vertex 1.8014345806e+01 -1.6966334781e+01 7.7861120570e-01
     vertex 1.6495803418e+01 -1.3573067825e+01 5.3868202253e-01
   endloop
 endfacet
 facet normal  -2.3944958855e-01 -3.8561303464e-02 9.7014273198e-01
   outer loop
     vertex 1.6495803418e+01 -1.3573067825e+01 5.3868202253e-01
     vertex 1.8014345806e+01 -1.6966334781e+01 7.7861120570e-01
     vertex 1.6604553534e+01 -1.3571938667e+01 5.6556849138e-01
   endloop
 endfacet
 facet normal  -2.7675706899e-01 -5.4731697086e-02 9.5937999046e-01
   outer loop
     vertex 1.8014345806e+01 -1.6966334781e+01 7.7861120570e-01
     vertex 1.8069991543e+01 -1.6964923333e+01 7.9474412721e-01
     vertex 1.6604553534e+01 -1.3571938667e+01 5.6556849138e-01
   endloop
 endfacet
 facet normal  -1.4791366216e-01 2.9164526830e-03 9.8899597717e-01
   outer loop
     vertex 1.6604553534e+01 -1.3571938667e+01 5.6556849138e-01
     vertex 1.8069991543e+01 -1.6964923333e+01 7.9474412721e-01
     vertex 1.6750061368e+01 -1.3570939854e+01 5.8732761286e-01
   endloop
 endfacet
 facet normal  -1.8728933918e-01 -1.2810888014e-02 9.8222125032e-01
   outer loop
     vertex 1.8069991543e+01 -1.6964923333e+01 7.9474412721e-01
     vertex 1.8144746989e+01 -1.6963674817e+01 8.0901473344e-01
     vertex 1.6750061368e+01 -1.3570939854e+01 5.8732761286e-01
   endloop
 endfacet
 facet normal  -6.9466656024e-02 3.6583665352e-02 9.9691324554e-01
   outer loop
     vertex 1.6750061368e+01 -1.3570939854e+01 5.8732761286e-01
     vertex 1.8144746989e+01 -1.6963674817e+01 8.0901473344e-01
     vertex 1.6933033604e+01 -1.3570211126e+01 6.0005069577e-01
   endloop
 endfacet
 facet normal  -1.0991159824e-01 2.1943957080e-02 9.9369910100e-01
   outer loop
     vertex 1.8144746989e+01 -1.6963674817e+01 8.0901473344e-01
     vertex 1.8239060312e+01 -1.6962763908e+01 8.1942647579e-01
     vertex 1.6933033604e+01 -1.3570211126e+01 6.0005069577e-01
   endloop
 endfacet
 facet normal  3.2300371911e-04 6.4652978982e-02 9.9790775524e-01
   outer loop
     vertex 1.6933033604e+01 -1.3570211126e+01 6.0005069577e-01
     vertex 1.8239060312e+01 -1.6962763908e+01 8.1942647579e-01
     vertex 1.7147410832e+01 -1.3569897474e+01 5.9996098486e-01
   endloop
 endfacet
 facet normal  -4.0533558735e-02 5.1503700687e-02 9.9784988823e-01
   outer loop
     vertex 1.8239060312e+01 -1.6962763908e+01 8.1942647579e-01
     vertex 1.8349879312e+01 -1.6962371842e+01 8.2390780678e-01
     vertex 1.7147410832e+01 -1.3569897474e+01 5.9996098486e-01
   endloop
 endfacet
 facet normal  5.7138527663e-02 8.5913353981e-02 9.9466279928e-01
   outer loop
     vertex 1.7147410832e+01 -1.3569897474e+01 5.9996098486e-01
     vertex 1.8349879312e+01 -1.6962371842e+01 8.2390780678e-01
     vertex 1.7379517112e+01 -1.3570034205e+01 5.8663942098e-01
   endloop
 endfacet
 facet normal  1.6302472474e-02 7.4402508831e-02 9.9709502861e-01
   outer loop
     vertex 1.8349879312e+01 -1.6962371842e+01 8.2390780678e-01
     vertex 1.8470143430e+01 -1.6962542756e+01 8.2195424573e-01
     vertex 1.7379517112e+01 -1.3570034205e+01 5.8663942098e-01
   endloop
 endfacet
 facet normal  5.4994388933e-02 8.6676301479e-02 9.9471746539e-01
   outer loop
     vertex 1.7379517112e+01 -1.3570034205e+01 5.8663942098e-01
     vertex 1.8470143430e+01 -1.6962542756e+01 8.2195424573e-01
     vertex 1.8590245411e+01 -1.6963119287e+01 8.1536447148e-01
   endloop
 endfacet
 facet normal  9.5636697876e-02 1.0088001751e-01 9.9029129254e-01
   outer loop
     vertex 1.7379517112e+01 -1.3570034205e+01 5.8663942098e-01
     vertex 1.8590245411e+01 -1.6963119287e+01 8.1536447148e-01
     vertex 1.7610941407e+01 -1.3570495430e+01 5.6433676394e-01
   endloop
 endfacet
 facet normal  8.5376870305e-02 9.8009105464e-02 9.9151651790e-01
   outer loop
     vertex 1.7610941407e+01 -1.3570495430e+01 5.6433676394e-01
     vertex 1.8590245411e+01 -1.6963119287e+01 8.1536447148e-01
     vertex 1.8700766113e+01 -1.6963944747e+01 8.0592942035e-01
   endloop
 endfacet
 facet normal  1.2578485623e-01 1.1058469708e-01 9.8587483725e-01
   outer loop
     vertex 1.7610941407e+01 -1.3570495430e+01 5.6433676394e-01
     vertex 1.8700766113e+01 -1.6963944747e+01 8.0592942035e-01
     vertex 1.7823635356e+01 -1.3571155798e+01 5.3727384451e-01
   endloop
 endfacet
 facet normal  1.0929111502e-01 1.0651159096e-01 9.8828676667e-01
   outer loop
     vertex 1.7823635356e+01 -1.3571155798e+01 5.3727384451e-01
     vertex 1.8700766113e+01 -1.6963944747e+01 8.0592942035e-01
     vertex 1.8795107139e+01 -1.6964848976e+01 7.9559403453e-01
   endloop
 endfacet
 facet normal  1.4946933089e-01 1.1751597695e-01 9.8175807320e-01
   outer loop
     vertex 1.7823635356e+01 -1.3571155798e+01 5.3727384451e-01
     vertex 1.8795107139e+01 -1.6964848976e+01 7.9559403453e-01
     vertex 1.8005010457e+01 -1.3571879181e+01 5.0974669028e-01
   endloop
 endfacet
 facet normal  1.2805384203e-01 1.1282987581e-01 9.8532818526e-01
   outer loop
     vertex 1.8005010457e+01 -1.3571879181e+01 5.0974669028e-01
     vertex 1.8795107139e+01 -1.6964848976e+01 7.9559403453e-01
     vertex 1.8870616361e+01 -1.6965699006e+01 7.8587814761e-01
   endloop
 endfacet
 facet normal  1.6802872083e-01 1.2244144893e-01 9.7814847572e-01
   outer loop
     vertex 1.8005010457e+01 -1.3571879181e+01 5.0974669028e-01
     vertex 1.8870616361e+01 -1.6965699006e+01 7.8587814761e-01
     vertex 1.8150065670e+01 -1.3572559205e+01 4.8491387679e-01
   endloop
 endfacet
 facet normal  1.4254423716e-01 1.1744193823e-01 9.8279628184e-01
   outer loop
     vertex 1.8150065670e+01 -1.3572559205e+01 4.8491387679e-01
     vertex 1.8870616361e+01 -1.6965699006e+01 7.8587814761e-01
     vertex 1.8928003648e+01 -1.6966419677e+01 7.7764084525e-01
   endloop
 endfacet
 facet normal  1.8235056799e-01 1.2590585459e-01 9.7513895735e-01
   outer loop
     vertex 1.8150065670e+01 -1.3572559205e+01 4.8491387679e-01
     vertex 1.8928003648e+01 -1.6966419677e+01 7.7764084525e-01
     vertex 1.8260240286e+01 -1.3573135741e+01 4.6438571061e-01
   endloop
 endfacet
 facet normal  1.5352612686e-01 1.2075047894e-01 9.8073903267e-01
   outer loop
     vertex 1.8260240286e+01 -1.3573135741e+01 4.6438571061e-01
     vertex 1.8928003648e+01 -1.6966419677e+01 7.7764084525e-01
     vertex 1.8969927435e+01 -1.6966987729e+01 7.7114798238e-01
   endloop
 endfacet
 facet normal  1.9319901175e-01 1.2832271894e-01 9.7273193721e-01
   outer loop
     vertex 1.8260240286e+01 -1.3573135741e+01 4.6438571061e-01
     vertex 1.8969927435e+01 -1.6966987729e+01 7.7114798238e-01
     vertex 1.8340689595e+01 -1.3573590183e+01 4.4846723273e-01
   endloop
 endfacet
 facet normal  1.6162148155e-01 1.2307738744e-01 9.7914781999e-01
   outer loop
     vertex 1.8340689595e+01 -1.3573590183e+01 4.4846723273e-01
     vertex 1.8969927435e+01 -1.6966987729e+01 7.7114798238e-01
     vertex 1.8999679802e+01 -1.6967412714e+01 7.6629037523e-01
   endloop
 endfacet
 facet normal  2.0119317573e-01 1.2998769576e-01 9.7088851316e-01
   outer loop
     vertex 1.8340689595e+01 -1.3573590183e+01 4.4846723273e-01
     vertex 1.8999679802e+01 -1.6967412714e+01 7.6629037523e-01
     vertex 1.8397762785e+01 -1.3573930171e+01 4.3668571316e-01
   endloop
 endfacet
 facet normal  1.6740397567e-01 1.2468241417e-01 9.7797249682e-01
   outer loop
     vertex 1.8397762785e+01 -1.3573930171e+01 4.3668571316e-01
     vertex 1.8999679802e+01 -1.6967412714e+01 7.6629037523e-01
     vertex 1.9020363949e+01 -1.6967719059e+01 7.6278883232e-01
   endloop
 endfacet
 facet normal  2.0690202561e-01 1.3111778806e-01 9.6953580514e-01
   outer loop
     vertex 1.8397762785e+01 -1.3573930171e+01 4.3668571316e-01
     vertex 1.9020363949e+01 -1.6967719059e+01 7.6278883232e-01
     vertex 1.8437430743e+01 -1.3574175248e+01 4.2825358834e-01
   endloop
 endfacet
 facet normal  -1.0980609538e-13 -9.9619469809e-01 8.7155742747e-02
   outer loop
     vertex 1.9020363949e+01 -1.6967719059e+01 7.6278883232e-01
     vertex 1.8999769430e+01 -1.6967787096e+01 7.6201117418e-01
     vertex 1.8999799306e+01 -1.6967911890e+01 7.6058477384e-01
   endloop
 endfacet
 facet normal  4.5748158666e-14 -9.9619469809e-01 8.7155742747e-02
   outer loop
     vertex 1.8999799306e+01 -1.6967911890e+01 7.6058477384e-01
     vertex 1.8999769430e+01 -1.6967787096e+01 7.6201117418e-01
     vertex 1.8970166311e+01 -1.6967887539e+01 7.6086309809e-01
   endloop
 endfacet
 facet normal  4.7446055263e-14 -9.9619469809e-01 8.7155742748e-02
   outer loop
     vertex 1.8999799306e+01 -1.6967911890e+01 7.6058477384e-01
     vertex 1.8970166311e+01 -1.6967887539e+01 7.6086309809e-01
     vertex 1.8970245936e+01 -1.6968187476e+01 7.5743480333e-01
   endloop
 endfacet
 facet normal  9.3854102134e-15 -9.9619469809e-01 8.7155742748e-02
   outer loop
     vertex 1.8970245936e+01 -1.6968187476e+01 7.5743480333e-01
     vertex 1.8970166311e+01 -1.6967887539e+01 7.6086309809e-01
     vertex 1.8928491398e+01 -1.6968034444e+01 7.5918397103e-01
   endloop
 endfacet
 facet normal  3.5005047206e-15 -9.9619469809e-01 8.7155742747e-02
   outer loop
     vertex 1.8970245936e+01 -1.6968187476e+01 7.5743480333e-01
     vertex 1.8928491398e+01 -1.6968034444e+01 7.5918397103e-01
     vertex 1.8928653981e+01 -1.6968572700e+01 7.5303167962e-01
   endloop
 endfacet
 facet normal  4.4517315254e-15 -9.9619469809e-01 8.7155742747e-02
   outer loop
     vertex 1.8928653981e+01 -1.6968572700e+01 7.5303167962e-01
     vertex 1.8928491398e+01 -1.6968034444e+01 7.5918397103e-01
     vertex 1.8871512376e+01 -1.6968246262e+01 7.5676287840e-01
   endloop
 endfacet
 facet normal  6.3409605593e-15 -9.9619469809e-01 8.7155742748e-02
   outer loop
     vertex 1.8928653981e+01 -1.6968572700e+01 7.5303167962e-01
     vertex 1.8871512376e+01 -1.6968246262e+01 7.5676287840e-01
     vertex 1.8871811047e+01 -1.6969095347e+01 7.4705778866e-01
   endloop
 endfacet
 facet normal  1.5201186376e-14 -9.9619469809e-01 8.7155742748e-02
   outer loop
     vertex 1.8871811047e+01 -1.6969095347e+01 7.4705778866e-01
     vertex 1.8871512376e+01 -1.6968246262e+01 7.5676287840e-01
     vertex 1.8796647297e+01 -1.6968544465e+01 7.5335440310e-01
   endloop
 endfacet
 facet normal  2.9873057841e-14 -9.9619469809e-01 8.7155742748e-02
   outer loop
     vertex 1.8871811047e+01 -1.6969095347e+01 7.4705778866e-01
     vertex 1.8796647297e+01 -1.6968544465e+01 7.5335440310e-01
     vertex 1.8797160683e+01 -1.6969776295e+01 7.3927452595e-01
   endloop
 endfacet
 facet normal  -3.8261979220e-15 -9.9619469809e-01 8.7155742748e-02
   outer loop
     vertex 1.8797160683e+01 -1.6969776295e+01 7.3927452595e-01
     vertex 1.8796647297e+01 -1.6968544465e+01 7.5335440310e-01
     vertex 1.8703259302e+01 -1.6968947116e+01 7.4875208589e-01
   endloop
 endfacet
 facet normal  -2.2121467264e-14 -9.9619469809e-01 8.7155742747e-02
   outer loop
     vertex 1.8797160683e+01 -1.6969776295e+01 7.3927452595e-01
     vertex 1.8703259302e+01 -1.6968947116e+01 7.4875208589e-01
     vertex 1.8704090365e+01 -1.6970614572e+01 7.2969297440e-01
   endloop
 endfacet
 facet normal  3.4097977473e-14 -9.9619469809e-01 8.7155742747e-02
   outer loop
     vertex 1.8704090365e+01 -1.6970614572e+01 7.2969297440e-01
     vertex 1.8703259302e+01 -1.6968947116e+01 7.4875208589e-01
     vertex 1.8594022511e+01 -1.6969455311e+01 7.4294338884e-01
   endloop
 endfacet
 facet normal  3.8626642657e-14 -9.9619469809e-01 8.7155742748e-02
   outer loop
     vertex 1.8704090365e+01 -1.6970614572e+01 7.2969297440e-01
     vertex 1.8594022511e+01 -1.6969455311e+01 7.4294338884e-01
     vertex 1.8595281544e+01 -1.6971567319e+01 7.1880302796e-01
   endloop
 endfacet
 facet normal  -1.1985867658e-14 -9.9619469809e-01 8.7155742748e-02
   outer loop
     vertex 1.8595281544e+01 -1.6971567319e+01 7.1880302796e-01
     vertex 1.8594022511e+01 -1.6969455311e+01 7.4294338884e-01
     vertex 1.8475447200e+01 -1.6970034585e+01 7.3632225583e-01
   endloop
 endfacet
 facet normal  -1.9118774895e-16 -9.9619469809e-01 8.7155742748e-02
   outer loop
     vertex 1.8595281544e+01 -1.6971567319e+01 7.1880302796e-01
     vertex 1.8475447200e+01 -1.6970034585e+01 7.3632225583e-01
     vertex 1.8477215124e+01 -1.6972531861e+01 7.0777825919e-01
   endloop
 endfacet
 facet normal  -2.2656236463e-14 -9.9619469809e-01 8.7155742748e-02
   outer loop
     vertex 1.8477215124e+01 -1.6972531861e+01 7.0777825919e-01
     vertex 1.8475447200e+01 -1.6970034585e+01 7.3632225583e-01
     vertex 1.8359011439e+01 -1.6973357874e+01 6.9833688649e-01
   endloop
 endfacet
 facet normal  -2.5893657183e-14 -9.9619469809e-01 8.7155742748e-02
   outer loop
     vertex 1.8475447200e+01 -1.6970034585e+01 7.3632225583e-01
     vertex 1.8356728407e+01 -1.6970611366e+01 7.2972961657e-01
     vertex 1.8359011439e+01 -1.6973357874e+01 6.9833688649e-01
   endloop
 endfacet
 facet normal  5.9603206347e-14 -9.9619469809e-01 8.7155742748e-02
   outer loop
     vertex 1.8359011439e+01 -1.6973357874e+01 6.9833688649e-01
     vertex 1.8356728407e+01 -1.6970611366e+01 7.2972961657e-01
     vertex 1.8249888744e+01 -1.6973979432e+01 6.9123244571e-01
   endloop
 endfacet
 facet normal  2.2258815093e-14 -9.9619469809e-01 8.7155742748e-02
   outer loop
     vertex 1.8356728407e+01 -1.6970611366e+01 7.2972961657e-01
     vertex 1.8247181636e+01 -1.6971175551e+01 7.2328095323e-01
     vertex 1.8249888744e+01 -1.6973979432e+01 6.9123244571e-01
   endloop
 endfacet
 facet normal  -4.8150082202e-14 -9.9619469809e-01 8.7155742748e-02
   outer loop
     vertex 1.8249888744e+01 -1.6973979432e+01 6.9123244571e-01
     vertex 1.8247181636e+01 -1.6971175551e+01 7.2328095323e-01
     vertex 1.8156406062e+01 -1.6974315394e+01 6.8739238090e-01
   endloop
 endfacet
 facet normal  -1.9049472317e-14 -9.9619469809e-01 8.7155742748e-02
   outer loop
     vertex 1.8247181636e+01 -1.6971175551e+01 7.2328095323e-01
     vertex 1.8153491294e+01 -1.6971655250e+01 7.1779796903e-01
     vertex 1.8156406062e+01 -1.6974315394e+01 6.8739238090e-01
   endloop
 endfacet
 facet normal  6.4912948996e-14 -9.9619469809e-01 8.7155742748e-02
   outer loop
     vertex 1.8156406062e+01 -1.6974315394e+01 6.8739238090e-01
     vertex 1.8153491294e+01 -1.6971655250e+01 7.1779796903e-01
     vertex 1.8081356209e+01 -1.6974311630e+01 6.8743540794e-01
   endloop
 endfacet
 facet normal  6.8975931427e-14 -9.9619469809e-01 8.7155742748e-02
   outer loop
     vertex 1.8153491294e+01 -1.6971655250e+01 7.1779796903e-01
     vertex 1.8078515042e+01 -1.6971964556e+01 7.1426258776e-01
     vertex 1.8081356209e+01 -1.6974311630e+01 6.8743540794e-01
   endloop
 endfacet
 facet normal  -4.1148549379e-14 -9.9619469809e-01 8.7155742748e-02
   outer loop
     vertex 1.8081356209e+01 -1.6974311630e+01 6.8743540794e-01
     vertex 1.8078515042e+01 -1.6971964556e+01 7.1426258776e-01
     vertex 1.8024337944e+01 -1.6973982537e+01 6.9119695328e-01
   endloop
 endfacet
 facet normal  -1.4879709330e-14 -9.9619469809e-01 8.7155742748e-02
   outer loop
     vertex 1.8078515042e+01 -1.6971964556e+01 7.1426258776e-01
     vertex 1.8021839909e+01 -1.6972070598e+01 7.1305051639e-01
     vertex 1.8024337944e+01 -1.6973982537e+01 6.9119695328e-01
   endloop
 endfacet
 facet normal  -1.8901723143e-13 -9.9619469809e-01 8.7155742748e-02
   outer loop
     vertex 1.8024337944e+01 -1.6973982537e+01 6.9119695328e-01
     vertex 1.8021839909e+01 -1.6972070598e+01 7.1305051639e-01
     vertex 1.7983168114e+01 -1.6973356110e+01 6.9835704567e-01
   endloop
 endfacet
 facet normal  -1.5887483868e-13 -9.9619469809e-01 8.7155742747e-02
   outer loop
     vertex 1.8021839909e+01 -1.6972070598e+01 7.1305051639e-01
     vertex 1.7981244915e+01 -1.6971968993e+01 7.1421186966e-01
     vertex 1.7983168114e+01 -1.6973356110e+01 6.9835704567e-01
   endloop
 endfacet
 facet normal  1.5908301963e-13 -9.9619469809e-01 8.7155742748e-02
   outer loop
     vertex 1.7983168114e+01 -1.6973356110e+01 6.9835704567e-01
     vertex 1.7981244915e+01 -1.6971968993e+01 7.1421186966e-01
     vertex 1.7955691894e+01 -1.6972395945e+01 7.0933179090e-01
   endloop
 endfacet
 facet normal  1.4409337752e-13 -9.9619469809e-01 8.7155742748e-02
   outer loop
     vertex 1.7981244915e+01 -1.6971968993e+01 7.1421186966e-01
     vertex 1.7954580560e+01 -1.6971635097e+01 7.1802831468e-01
     vertex 1.7955691894e+01 -1.6972395945e+01 7.0933179090e-01
   endloop
 endfacet
 facet normal  -1.1938197730e-13 -9.9619469809e-01 8.7155742748e-02
   outer loop
     vertex 1.7955691894e+01 -1.6972395945e+01 7.0933179090e-01
     vertex 1.7954580560e+01 -1.6971635097e+01 7.1802831468e-01
     vertex 1.7943715023e+01 -1.6970995890e+01 7.2533449284e-01
   endloop
 endfacet
 facet normal  -1.1856134832e-13 -9.9619469809e-01 8.7155742748e-02
   outer loop
     vertex 1.7943715023e+01 -1.6970995890e+01 7.2533449284e-01
     vertex 1.7952357891e+01 -1.6970113403e+01 7.3542136225e-01
     vertex 1.7951246557e+01 -1.6969352556e+01 7.4411788604e-01
   endloop
 endfacet
 facet normal  4.6008816698e-14 -9.9619469809e-01 8.7155742748e-02
   outer loop
     vertex 1.7951246557e+01 -1.6969352556e+01 7.4411788604e-01
     vertex 1.7952357891e+01 -1.6970113403e+01 7.3542136225e-01
     vertex 1.7977398517e+01 -1.6969194758e+01 7.4592151765e-01
   endloop
 endfacet
 facet normal  5.1582764389e-14 -9.9619469809e-01 8.7155742748e-02
   outer loop
     vertex 1.7951246557e+01 -1.6969352556e+01 7.4411788604e-01
     vertex 1.7977398517e+01 -1.6969194758e+01 7.4592151765e-01
     vertex 1.7975475318e+01 -1.6967807641e+01 7.6177634164e-01
   endloop
 endfacet
 facet normal  1.6170093258e-14 -9.9619469809e-01 8.7155742747e-02
   outer loop
     vertex 1.7975475318e+01 -1.6967807641e+01 7.6177634164e-01
     vertex 1.7977398517e+01 -1.6969194758e+01 7.4592151765e-01
     vertex 1.8016843840e+01 -1.6968246720e+01 7.5675764259e-01
   endloop
 endfacet
 facet normal  2.6221616549e-14 -9.9619469809e-01 8.7155742748e-02
   outer loop
     vertex 1.7975475318e+01 -1.6967807641e+01 7.6177634164e-01
     vertex 1.8016843840e+01 -1.6968246720e+01 7.5675764259e-01
     vertex 1.8014345806e+01 -1.6966334781e+01 7.7861120570e-01
   endloop
 endfacet
 facet normal  -1.5500233792e-14 -9.9619469809e-01 8.7155742748e-02
   outer loop
     vertex 1.8014345806e+01 -1.6966334781e+01 7.7861120570e-01
     vertex 1.8016843840e+01 -1.6968246720e+01 7.5675764259e-01
     vertex 1.8072832710e+01 -1.6967270407e+01 7.6791694739e-01
   endloop
 endfacet
 facet normal  2.1205822605e-14 -9.9619469809e-01 8.7155742748e-02
   outer loop
     vertex 1.8014345806e+01 -1.6966334781e+01 7.7861120570e-01
     vertex 1.8072832710e+01 -1.6967270407e+01 7.6791694739e-01
     vertex 1.8069991543e+01 -1.6964923333e+01 7.9474412721e-01
   endloop
 endfacet
 facet normal  1.1859037877e-14 -9.9619469809e-01 8.7155742748e-02
   outer loop
     vertex 1.8069991543e+01 -1.6964923333e+01 7.9474412721e-01
     vertex 1.8072832710e+01 -1.6967270407e+01 7.6791694739e-01
     vertex 1.8147661758e+01 -1.6966334961e+01 7.7860914530e-01
   endloop
 endfacet
 facet normal  1.0820229015e-14 -9.9619469809e-01 8.7155742748e-02
   outer loop
     vertex 1.8069991543e+01 -1.6964923333e+01 7.9474412721e-01
     vertex 1.8147661758e+01 -1.6966334961e+01 7.7860914530e-01
     vertex 1.8144746989e+01 -1.6963674817e+01 8.0901473344e-01
   endloop
 endfacet
 facet normal  2.1447034965e-14 -9.9619469809e-01 8.7155742748e-02
   outer loop
     vertex 1.8144746989e+01 -1.6963674817e+01 8.0901473344e-01
     vertex 1.8147661758e+01 -1.6966334961e+01 7.7860914530e-01
     vertex 1.8241767420e+01 -1.6965567789e+01 7.8737796827e-01
   endloop
 endfacet
 facet normal  1.2174278310e-14 -9.9619469809e-01 8.7155742748e-02
   outer loop
     vertex 1.8144746989e+01 -1.6963674817e+01 8.0901473344e-01
     vertex 1.8241767420e+01 -1.6965567789e+01 7.8737796827e-01
     vertex 1.8239060312e+01 -1.6962763908e+01 8.1942647579e-01
   endloop
 endfacet
 facet normal  -6.1467770949e-15 -9.9619469809e-01 8.7155742748e-02
   outer loop
     vertex 1.8239060312e+01 -1.6962763908e+01 8.1942647579e-01
     vertex 1.8241767420e+01 -1.6965567789e+01 7.8737796827e-01
     vertex 1.8352162343e+01 -1.6965118350e+01 7.9251507671e-01
   endloop
 endfacet
 facet normal  -4.5194825360e-15 -9.9619469809e-01 8.7155742748e-02
   outer loop
     vertex 1.8239060312e+01 -1.6962763908e+01 8.1942647579e-01
     vertex 1.8352162343e+01 -1.6965118350e+01 7.9251507671e-01
     vertex 1.8349879312e+01 -1.6962371842e+01 8.2390780678e-01
   endloop
 endfacet
 facet normal  -3.1478995115e-14 -9.9619469809e-01 8.7155742748e-02
   outer loop
     vertex 1.8349879312e+01 -1.6962371842e+01 8.2390780678e-01
     vertex 1.8352162343e+01 -1.6965118350e+01 7.9251507671e-01
     vertex 1.8471911353e+01 -1.6965040033e+01 7.9341024910e-01
   endloop
 endfacet
 facet normal  -3.1262666584e-14 -9.9619469809e-01 8.7155742748e-02
   outer loop
     vertex 1.8349879312e+01 -1.6962371842e+01 8.2390780678e-01
     vertex 1.8471911353e+01 -1.6965040033e+01 7.9341024910e-01
     vertex 1.8470143430e+01 -1.6962542756e+01 8.2195424573e-01
   endloop
 endfacet
 facet normal  1.4897702931e-15 -9.9619469809e-01 8.7155742748e-02
   outer loop
     vertex 1.8470143430e+01 -1.6962542756e+01 8.2195424573e-01
     vertex 1.8471911353e+01 -1.6965040033e+01 7.9341024910e-01
     vertex 1.8590245411e+01 -1.6963119287e+01 8.1536447148e-01
   endloop
 endfacet
 facet normal  1.1985139304e-14 -9.9619469809e-01 8.7155742748e-02
   outer loop
     vertex 1.8471911353e+01 -1.6965040033e+01 7.9341024910e-01
     vertex 1.8591504444e+01 -1.6965231295e+01 7.9122411060e-01
     vertex 1.8590245411e+01 -1.6963119287e+01 8.1536447148e-01
   endloop
 endfacet
 facet normal  -7.0729127353e-15 -9.9619469809e-01 8.7155742748e-02
   outer loop
     vertex 1.8590245411e+01 -1.6963119287e+01 8.1536447148e-01
     vertex 1.8591504444e+01 -1.6965231295e+01 7.9122411060e-01
     vertex 1.8700766113e+01 -1.6963944747e+01 8.0592942035e-01
   endloop
 endfacet
 facet normal  1.7498168868e-14 -9.9619469809e-01 8.7155742747e-02
   outer loop
     vertex 1.8591504444e+01 -1.6965231295e+01 7.9122411060e-01
     vertex 1.8701597176e+01 -1.6965612203e+01 7.8687030887e-01
     vertex 1.8700766113e+01 -1.6963944747e+01 8.0592942035e-01
   endloop
 endfacet
 facet normal  1.1032209570e-14 -9.9619469809e-01 8.7155742747e-02
   outer loop
     vertex 1.8700766113e+01 -1.6963944747e+01 8.0592942035e-01
     vertex 1.8701597176e+01 -1.6965612203e+01 7.8687030887e-01
     vertex 1.8795107139e+01 -1.6964848976e+01 7.9559403453e-01
   endloop
 endfacet
 facet normal  -5.7389316324e-15 -9.9619469809e-01 8.7155742748e-02
   outer loop
     vertex 1.8701597176e+01 -1.6965612203e+01 7.8687030887e-01
     vertex 1.8795620525e+01 -1.6966080806e+01 7.8151415739e-01
     vertex 1.8795107139e+01 -1.6964848976e+01 7.9559403453e-01
   endloop
 endfacet
 facet normal  -6.0490812550e-14 -9.9619469809e-01 8.7155742748e-02
   outer loop
     vertex 1.8795107139e+01 -1.6964848976e+01 7.9559403453e-01
     vertex 1.8795620525e+01 -1.6966080806e+01 7.8151415739e-01
     vertex 1.8870616361e+01 -1.6965699006e+01 7.8587814761e-01
   endloop
 endfacet
 facet normal  -2.9132853367e-14 -9.9619469809e-01 8.7155742747e-02
   outer loop
     vertex 1.8795620525e+01 -1.6966080806e+01 7.8151415739e-01
     vertex 1.8870915033e+01 -1.6966548091e+01 7.7617305787e-01
     vertex 1.8870616361e+01 -1.6965699006e+01 7.8587814761e-01
   endloop
 endfacet
 facet normal  2.9518733973e-15 -9.9619469809e-01 8.7155742747e-02
   outer loop
     vertex 1.8870616361e+01 -1.6965699006e+01 7.8587814761e-01
     vertex 1.8870915033e+01 -1.6966548091e+01 7.7617305787e-01
     vertex 1.8928003648e+01 -1.6966419677e+01 7.7764084525e-01
   endloop
 endfacet
 facet normal  -5.7019939923e-15 -9.9619469809e-01 8.7155742747e-02
   outer loop
     vertex 1.8870915033e+01 -1.6966548091e+01 7.7617305787e-01
     vertex 1.8928166232e+01 -1.6966957932e+01 7.7148855384e-01
     vertex 1.8928003648e+01 -1.6966419677e+01 7.7764084525e-01
   endloop
 endfacet
 facet normal  -3.5632322385e-14 -9.9619469809e-01 8.7155742747e-02
   outer loop
     vertex 1.8928003648e+01 -1.6966419677e+01 7.7764084525e-01
     vertex 1.8928166232e+01 -1.6966957932e+01 7.7148855384e-01
     vertex 1.8969927435e+01 -1.6966987729e+01 7.7114798238e-01
   endloop
 endfacet
 facet normal  -3.4508680682e-14 -9.9619469809e-01 8.7155742748e-02
   outer loop
     vertex 1.8928166232e+01 -1.6966957932e+01 7.7148855384e-01
     vertex 1.8970007060e+01 -1.6967287665e+01 7.6771968761e-01
     vertex 1.8969927435e+01 -1.6966987729e+01 7.7114798238e-01
   endloop
 endfacet
 facet normal  1.3175561904e-14 -9.9619469809e-01 8.7155742748e-02
   outer loop
     vertex 1.8969927435e+01 -1.6966987729e+01 7.7114798238e-01
     vertex 1.8970007060e+01 -1.6967287665e+01 7.6771968761e-01
     vertex 1.8999679802e+01 -1.6967412714e+01 7.6629037523e-01
   endloop
 endfacet
 facet normal  4.6012145025e-15 -9.9619469809e-01 8.7155742747e-02
   outer loop
     vertex 1.8970007060e+01 -1.6967287665e+01 7.6771968761e-01
     vertex 1.8999709678e+01 -1.6967537508e+01 7.6486397488e-01
     vertex 1.8999679802e+01 -1.6967412714e+01 7.6629037523e-01
   endloop
 endfacet
 facet normal  -1.1027563776e-13 -9.9619469809e-01 8.7155742747e-02
   outer loop
     vertex 1.8999679802e+01 -1.6967412714e+01 7.6629037523e-01
     vertex 1.8999709678e+01 -1.6967537508e+01 7.6486397488e-01
     vertex 1.9020363949e+01 -1.6967719059e+01 7.6278883232e-01
   endloop
 endfacet
 facet normal  -1.6444297937e-14 -9.9619469809e-01 8.7155742745e-02
   outer loop
     vertex 1.9020363949e+01 -1.6967719059e+01 7.6278883232e-01
     vertex 1.8999739554e+01 -1.6967662302e+01 7.6343757453e-01
     vertex 1.8999769430e+01 -1.6967787096e+01 7.6201117418e-01
   endloop
 endfacet
 facet normal  -1.6554738365e-13 -9.9619469809e-01 8.7155742745e-02
   outer loop
     vertex 1.8999769430e+01 -1.6967787096e+01 7.6201117418e-01
     vertex 1.8999739554e+01 -1.6967662302e+01 7.6343757453e-01
     vertex 1.8970086685e+01 -1.6967587602e+01 7.6429139285e-01
   endloop
 endfacet
 facet normal  3.8746398844e-14 -9.9619469809e-01 8.7155742748e-02
   outer loop
     vertex 1.8999769430e+01 -1.6967787096e+01 7.6201117418e-01
     vertex 1.8970086685e+01 -1.6967587602e+01 7.6429139285e-01
     vertex 1.8970166311e+01 -1.6967887539e+01 7.6086309809e-01
   endloop
 endfacet
 facet normal  -5.4962970752e-14 -9.9619469809e-01 8.7155742748e-02
   outer loop
     vertex 1.8970166311e+01 -1.6967887539e+01 7.6086309809e-01
     vertex 1.8970086685e+01 -1.6967587602e+01 7.6429139285e-01
     vertex 1.8928328815e+01 -1.6967496188e+01 7.6533626244e-01
   endloop
 endfacet
 facet normal  -8.1826817644e-15 -9.9619469809e-01 8.7155742748e-02
   outer loop
     vertex 1.8970166311e+01 -1.6967887539e+01 7.6086309809e-01
     vertex 1.8928328815e+01 -1.6967496188e+01 7.6533626244e-01
     vertex 1.8928491398e+01 -1.6968034444e+01 7.5918397103e-01
   endloop
 endfacet
 facet normal  7.3144592259e-14 -9.9619469809e-01 8.7155742748e-02
   outer loop
     vertex 1.8928491398e+01 -1.6968034444e+01 7.5918397103e-01
     vertex 1.8928328815e+01 -1.6967496188e+01 7.6533626244e-01
     vertex 1.8871213704e+01 -1.6967397177e+01 7.6646796813e-01
   endloop
 endfacet
 facet normal  3.2246167868e-15 -9.9619469809e-01 8.7155742748e-02
   outer loop
     vertex 1.8928491398e+01 -1.6968034444e+01 7.5918397103e-01
     vertex 1.8871213704e+01 -1.6967397177e+01 7.6646796813e-01
     vertex 1.8871512376e+01 -1.6968246262e+01 7.5676287840e-01
   endloop
 endfacet
 facet normal  -1.7685865955e-14 -9.9619469809e-01 8.7155742747e-02
   outer loop
     vertex 1.8871512376e+01 -1.6968246262e+01 7.5676287840e-01
     vertex 1.8871213704e+01 -1.6967397177e+01 7.6646796813e-01
     vertex 1.8796133911e+01 -1.6967312635e+01 7.6743428024e-01
   endloop
 endfacet
 facet normal  7.2326025173e-15 -9.9619469809e-01 8.7155742748e-02
   outer loop
     vertex 1.8871512376e+01 -1.6968246262e+01 7.5676287840e-01
     vertex 1.8796133911e+01 -1.6967312635e+01 7.6743428024e-01
     vertex 1.8796647297e+01 -1.6968544465e+01 7.5335440310e-01
   endloop
 endfacet
 facet normal  -4.7811157994e-15 -9.9619469809e-01 8.7155742748e-02
   outer loop
     vertex 1.8796647297e+01 -1.6968544465e+01 7.5335440310e-01
     vertex 1.8796133911e+01 -1.6967312635e+01 7.6743428024e-01
     vertex 1.8702428239e+01 -1.6967279659e+01 7.6781119738e-01
   endloop
 endfacet
 facet normal  -4.0815837134e-15 -9.9619469809e-01 8.7155742748e-02
   outer loop
     vertex 1.8796647297e+01 -1.6968544465e+01 7.5335440310e-01
     vertex 1.8702428239e+01 -1.6967279659e+01 7.6781119738e-01
     vertex 1.8703259302e+01 -1.6968947116e+01 7.4875208589e-01
   endloop
 endfacet
 facet normal  2.4639264274e-14 -9.9619469809e-01 8.7155742748e-02
   outer loop
     vertex 1.8703259302e+01 -1.6968947116e+01 7.4875208589e-01
     vertex 1.8702428239e+01 -1.6967279659e+01 7.6781119738e-01
     vertex 1.8592763478e+01 -1.6967343303e+01 7.6708374972e-01
   endloop
 endfacet
 facet normal  2.4341074275e-14 -9.9619469809e-01 8.7155742748e-02
   outer loop
     vertex 1.8703259302e+01 -1.6968947116e+01 7.4875208589e-01
     vertex 1.8592763478e+01 -1.6967343303e+01 7.6708374972e-01
     vertex 1.8594022511e+01 -1.6969455311e+01 7.4294338884e-01
   endloop
 endfacet
 facet normal  -4.1657850714e-15 -9.9619469809e-01 8.7155742748e-02
   outer loop
     vertex 1.8594022511e+01 -1.6969455311e+01 7.4294338884e-01
     vertex 1.8592763478e+01 -1.6967343303e+01 7.6708374972e-01
     vertex 1.8473679277e+01 -1.6967537309e+01 7.6486625246e-01
   endloop
 endfacet
 facet normal  -1.6433365700e-14 -9.9619469809e-01 8.7155742748e-02
   outer loop
     vertex 1.8594022511e+01 -1.6969455311e+01 7.4294338884e-01
     vertex 1.8473679277e+01 -1.6967537309e+01 7.6486625246e-01
     vertex 1.8475447200e+01 -1.6970034585e+01 7.3632225583e-01
   endloop
 endfacet
 facet normal  -2.5335403880e-14 -9.9619469809e-01 8.7155742748e-02
   outer loop
     vertex 1.8475447200e+01 -1.6970034585e+01 7.3632225583e-01
     vertex 1.8473679277e+01 -1.6967537309e+01 7.6486625246e-01
     vertex 1.8356728407e+01 -1.6970611366e+01 7.2972961657e-01
   endloop
 endfacet
 facet normal  4.9261640060e-15 -9.9619469809e-01 8.7155742748e-02
   outer loop
     vertex 1.8473679277e+01 -1.6967537309e+01 7.6486625246e-01
     vertex 1.8354445375e+01 -1.6967864858e+01 7.6112234664e-01
     vertex 1.8356728407e+01 -1.6970611366e+01 7.2972961657e-01
   endloop
 endfacet
 facet normal  3.5119660537e-14 -9.9619469809e-01 8.7155742748e-02
   outer loop
     vertex 1.8356728407e+01 -1.6970611366e+01 7.2972961657e-01
     vertex 1.8354445375e+01 -1.6967864858e+01 7.6112234664e-01
     vertex 1.8247181636e+01 -1.6971175551e+01 7.2328095323e-01
   endloop
 endfacet
 facet normal  -3.9991824127e-14 -9.9619469809e-01 8.7155742748e-02
   outer loop
     vertex 1.8354445375e+01 -1.6967864858e+01 7.6112234664e-01
     vertex 1.8244474528e+01 -1.6968371670e+01 7.5532946075e-01
     vertex 1.8247181636e+01 -1.6971175551e+01 7.2328095323e-01
   endloop
 endfacet
 facet normal  -2.3458495873e-14 -9.9619469809e-01 8.7155742748e-02
   outer loop
     vertex 1.8247181636e+01 -1.6971175551e+01 7.2328095323e-01
     vertex 1.8244474528e+01 -1.6968371670e+01 7.5532946075e-01
     vertex 1.8153491294e+01 -1.6971655250e+01 7.1779796903e-01
   endloop
 endfacet
 facet normal  6.4951001481e-15 -9.9619469809e-01 8.7155742748e-02
   outer loop
     vertex 1.8244474528e+01 -1.6968371670e+01 7.5532946075e-01
     vertex 1.8150576526e+01 -1.6968995106e+01 7.4820355717e-01
     vertex 1.8153491294e+01 -1.6971655250e+01 7.1779796903e-01
   endloop
 endfacet
 facet normal  6.8489290890e-14 -9.9619469809e-01 8.7155742748e-02
   outer loop
     vertex 1.8153491294e+01 -1.6971655250e+01 7.1779796903e-01
     vertex 1.8150576526e+01 -1.6968995106e+01 7.4820355717e-01
     vertex 1.8078515042e+01 -1.6971964556e+01 7.1426258776e-01
   endloop
 endfacet
 facet normal  7.3140991396e-14 -9.9619469809e-01 8.7155742748e-02
   outer loop
     vertex 1.8150576526e+01 -1.6968995106e+01 7.4820355717e-01
     vertex 1.8075673876e+01 -1.6969617482e+01 7.4108976758e-01
     vertex 1.8078515042e+01 -1.6971964556e+01 7.1426258776e-01
   endloop
 endfacet
 facet normal  -1.6257376802e-14 -9.9619469809e-01 8.7155742748e-02
   outer loop
     vertex 1.8078515042e+01 -1.6971964556e+01 7.1426258776e-01
     vertex 1.8075673876e+01 -1.6969617482e+01 7.4108976758e-01
     vertex 1.8021839909e+01 -1.6972070598e+01 7.1305051639e-01
   endloop
 endfacet
 facet normal  -6.3942343934e-14 -9.9619469809e-01 8.7155742748e-02
   outer loop
     vertex 1.8075673876e+01 -1.6969617482e+01 7.4108976758e-01
     vertex 1.8019341875e+01 -1.6970158659e+01 7.3490407949e-01
     vertex 1.8021839909e+01 -1.6972070598e+01 7.1305051639e-01
   endloop
 endfacet
 facet normal  -1.5186671362e-13 -9.9619469809e-01 8.7155742748e-02
   outer loop
     vertex 1.8021839909e+01 -1.6972070598e+01 7.1305051639e-01
     vertex 1.8019341875e+01 -1.6970158659e+01 7.3490407949e-01
     vertex 1.7981244915e+01 -1.6971968993e+01 7.1421186966e-01
   endloop
 endfacet
 facet normal  -2.7406759103e-14 -9.9619469809e-01 8.7155742747e-02
   outer loop
     vertex 1.8019341875e+01 -1.6970158659e+01 7.3490407949e-01
     vertex 1.7979321716e+01 -1.6970581876e+01 7.3006669365e-01
     vertex 1.7981244915e+01 -1.6971968993e+01 7.1421186966e-01
   endloop
 endfacet
 facet normal  1.3239532904e-13 -9.9619469809e-01 8.7155742748e-02
   outer loop
     vertex 1.7981244915e+01 -1.6971968993e+01 7.1421186966e-01
     vertex 1.7979321716e+01 -1.6970581876e+01 7.3006669365e-01
     vertex 1.7954580560e+01 -1.6971635097e+01 7.1802831468e-01
   endloop
 endfacet
 facet normal  9.5126750573e-14 -9.9619469809e-01 8.7155742748e-02
   outer loop
     vertex 1.7979321716e+01 -1.6970581876e+01 7.3006669365e-01
     vertex 1.7953469226e+01 -1.6970874250e+01 7.2672483847e-01
     vertex 1.7954580560e+01 -1.6971635097e+01 7.1802831468e-01
   endloop
 endfacet
 facet normal  -1.1856379067e-13 -9.9619469809e-01 8.7155742748e-02
   outer loop
     vertex 1.7954580560e+01 -1.6971635097e+01 7.1802831468e-01
     vertex 1.7953469226e+01 -1.6970874250e+01 7.2672483847e-01
     vertex 1.7943715023e+01 -1.6970995890e+01 7.2533449284e-01
   endloop
 endfacet
 facet normal  -1.1743542582e-13 -9.9619469809e-01 8.7155742748e-02
   outer loop
     vertex 1.7943715023e+01 -1.6970995890e+01 7.2533449284e-01
     vertex 1.7953469226e+01 -1.6970874250e+01 7.2672483847e-01
     vertex 1.7952357891e+01 -1.6970113403e+01 7.3542136225e-01
   endloop
 endfacet
 facet normal  -4.0143049374e-14 -9.9619469809e-01 8.7155742748e-02
   outer loop
     vertex 1.7952357891e+01 -1.6970113403e+01 7.3542136225e-01
     vertex 1.7953469226e+01 -1.6970874250e+01 7.2672483847e-01
     vertex 1.7979321716e+01 -1.6970581876e+01 7.3006669365e-01
   endloop
 endfacet
 facet normal  -1.0818420783e-14 -9.9619469809e-01 8.7155742748e-02
   outer loop
     vertex 1.7952357891e+01 -1.6970113403e+01 7.3542136225e-01
     vertex 1.7979321716e+01 -1.6970581876e+01 7.3006669365e-01
     vertex 1.7977398517e+01 -1.6969194758e+01 7.4592151765e-01
   endloop
 endfacet
 facet normal  3.3159150940e-14 -9.9619469809e-01 8.7155742748e-02
   outer loop
     vertex 1.7977398517e+01 -1.6969194758e+01 7.4592151765e-01
     vertex 1.7979321716e+01 -1.6970581876e+01 7.3006669365e-01
     vertex 1.8019341875e+01 -1.6970158659e+01 7.3490407949e-01
   endloop
 endfacet
 facet normal  -5.4818361575e-15 -9.9619469809e-01 8.7155742748e-02
   outer loop
     vertex 1.7977398517e+01 -1.6969194758e+01 7.4592151765e-01
     vertex 1.8019341875e+01 -1.6970158659e+01 7.3490407949e-01
     vertex 1.8016843840e+01 -1.6968246720e+01 7.5675764259e-01
   endloop
 endfacet
 facet normal  -4.6163206952e-14 -9.9619469809e-01 8.7155742748e-02
   outer loop
     vertex 1.8016843840e+01 -1.6968246720e+01 7.5675764259e-01
     vertex 1.8019341875e+01 -1.6970158659e+01 7.3490407949e-01
     vertex 1.8075673876e+01 -1.6969617482e+01 7.4108976758e-01
   endloop
 endfacet
 facet normal  -2.8173041920e-14 -9.9619469809e-01 8.7155742748e-02
   outer loop
     vertex 1.8016843840e+01 -1.6968246720e+01 7.5675764259e-01
     vertex 1.8075673876e+01 -1.6969617482e+01 7.4108976758e-01
     vertex 1.8072832710e+01 -1.6967270407e+01 7.6791694739e-01
   endloop
 endfacet
 facet normal  2.6235102548e-14 -9.9619469809e-01 8.7155742748e-02
   outer loop
     vertex 1.8072832710e+01 -1.6967270407e+01 7.6791694739e-01
     vertex 1.8075673876e+01 -1.6969617482e+01 7.4108976758e-01
     vertex 1.8150576526e+01 -1.6968995106e+01 7.4820355717e-01
   endloop
 endfacet
 facet normal  2.8958384970e-14 -9.9619469809e-01 8.7155742748e-02
   outer loop
     vertex 1.8072832710e+01 -1.6967270407e+01 7.6791694739e-01
     vertex 1.8150576526e+01 -1.6968995106e+01 7.4820355717e-01
     vertex 1.8147661758e+01 -1.6966334961e+01 7.7860914530e-01
   endloop
 endfacet
 facet normal  4.4042037054e-14 -9.9619469809e-01 8.7155742748e-02
   outer loop
     vertex 1.8147661758e+01 -1.6966334961e+01 7.7860914530e-01
     vertex 1.8150576526e+01 -1.6968995106e+01 7.4820355717e-01
     vertex 1.8244474528e+01 -1.6968371670e+01 7.5532946075e-01
   endloop
 endfacet
 facet normal  3.5425924714e-14 -9.9619469809e-01 8.7155742748e-02
   outer loop
     vertex 1.8147661758e+01 -1.6966334961e+01 7.7860914530e-01
     vertex 1.8244474528e+01 -1.6968371670e+01 7.5532946075e-01
     vertex 1.8241767420e+01 -1.6965567789e+01 7.8737796827e-01
   endloop
 endfacet
 facet normal  -3.4216869335e-14 -9.9619469809e-01 8.7155742748e-02
   outer loop
     vertex 1.8241767420e+01 -1.6965567789e+01 7.8737796827e-01
     vertex 1.8244474528e+01 -1.6968371670e+01 7.5532946075e-01
     vertex 1.8354445375e+01 -1.6967864858e+01 7.6112234664e-01
   endloop
 endfacet
 facet normal  -6.4450629587e-15 -9.9619469809e-01 8.7155742748e-02
   outer loop
     vertex 1.8241767420e+01 -1.6965567789e+01 7.8737796827e-01
     vertex 1.8354445375e+01 -1.6967864858e+01 7.6112234664e-01
     vertex 1.8352162343e+01 -1.6965118350e+01 7.9251507671e-01
   endloop
 endfacet
 facet normal  -2.1376249983e-15 -9.9619469809e-01 8.7155742748e-02
   outer loop
     vertex 1.8352162343e+01 -1.6965118350e+01 7.9251507671e-01
     vertex 1.8354445375e+01 -1.6967864858e+01 7.6112234664e-01
     vertex 1.8473679277e+01 -1.6967537309e+01 7.6486625246e-01
   endloop
 endfacet
 facet normal  -3.0561441494e-14 -9.9619469809e-01 8.7155742748e-02
   outer loop
     vertex 1.8352162343e+01 -1.6965118350e+01 7.9251507671e-01
     vertex 1.8473679277e+01 -1.6967537309e+01 7.6486625246e-01
     vertex 1.8471911353e+01 -1.6965040033e+01 7.9341024910e-01
   endloop
 endfacet
 facet normal  1.0761803932e-14 -9.9619469809e-01 8.7155742748e-02
   outer loop
     vertex 1.8471911353e+01 -1.6965040033e+01 7.9341024910e-01
     vertex 1.8473679277e+01 -1.6967537309e+01 7.6486625246e-01
     vertex 1.8591504444e+01 -1.6965231295e+01 7.9122411060e-01
   endloop
 endfacet
 facet normal  2.8326517410e-14 -9.9619469809e-01 8.7155742748e-02
   outer loop
     vertex 1.8473679277e+01 -1.6967537309e+01 7.6486625246e-01
     vertex 1.8592763478e+01 -1.6967343303e+01 7.6708374972e-01
     vertex 1.8591504444e+01 -1.6965231295e+01 7.9122411060e-01
   endloop
 endfacet
 facet normal  1.8990037717e-14 -9.9619469809e-01 8.7155742748e-02
   outer loop
     vertex 1.8591504444e+01 -1.6965231295e+01 7.9122411060e-01
     vertex 1.8592763478e+01 -1.6967343303e+01 7.6708374972e-01
     vertex 1.8701597176e+01 -1.6965612203e+01 7.8687030887e-01
   endloop
 endfacet
 facet normal  -7.7124582027e-15 -9.9619469809e-01 8.7155742748e-02
   outer loop
     vertex 1.8592763478e+01 -1.6967343303e+01 7.6708374972e-01
     vertex 1.8702428239e+01 -1.6967279659e+01 7.6781119738e-01
     vertex 1.8701597176e+01 -1.6965612203e+01 7.8687030887e-01
   endloop
 endfacet
 facet normal  -5.4417708821e-15 -9.9619469809e-01 8.7155742748e-02
   outer loop
     vertex 1.8701597176e+01 -1.6965612203e+01 7.8687030887e-01
     vertex 1.8702428239e+01 -1.6967279659e+01 7.6781119738e-01
     vertex 1.8795620525e+01 -1.6966080806e+01 7.8151415739e-01
   endloop
 endfacet
 facet normal  -4.7811157994e-15 -9.9619469809e-01 8.7155742748e-02
   outer loop
     vertex 1.8702428239e+01 -1.6967279659e+01 7.6781119738e-01
     vertex 1.8796133911e+01 -1.6967312635e+01 7.6743428024e-01
     vertex 1.8795620525e+01 -1.6966080806e+01 7.8151415739e-01
   endloop
 endfacet
 facet normal  9.3223268742e-15 -9.9619469809e-01 8.7155742748e-02
   outer loop
     vertex 1.8795620525e+01 -1.6966080806e+01 7.8151415739e-01
     vertex 1.8796133911e+01 -1.6967312635e+01 7.6743428024e-01
     vertex 1.8870915033e+01 -1.6966548091e+01 7.7617305787e-01
   endloop
 endfacet
 facet normal  2.9845858178e-14 -9.9619469809e-01 8.7155742747e-02
   outer loop
     vertex 1.8796133911e+01 -1.6967312635e+01 7.6743428024e-01
     vertex 1.8871213704e+01 -1.6967397177e+01 7.6646796813e-01
     vertex 1.8870915033e+01 -1.6966548091e+01 7.7617305787e-01
   endloop
 endfacet
 facet normal  -3.4179972590e-15 -9.9619469809e-01 8.7155742747e-02
   outer loop
     vertex 1.8870915033e+01 -1.6966548091e+01 7.7617305787e-01
     vertex 1.8871213704e+01 -1.6967397177e+01 7.6646796813e-01
     vertex 1.8928166232e+01 -1.6966957932e+01 7.7148855384e-01
   endloop
 endfacet
 facet normal  -8.2950262295e-16 -9.9619469809e-01 8.7155742747e-02
   outer loop
     vertex 1.8871213704e+01 -1.6967397177e+01 7.6646796813e-01
     vertex 1.8928328815e+01 -1.6967496188e+01 7.6533626244e-01
     vertex 1.8928166232e+01 -1.6966957932e+01 7.7148855384e-01
   endloop
 endfacet
 facet normal  -4.7079899883e-14 -9.9619469809e-01 8.7155742747e-02
   outer loop
     vertex 1.8928166232e+01 -1.6966957932e+01 7.7148855384e-01
     vertex 1.8928328815e+01 -1.6967496188e+01 7.6533626244e-01
     vertex 1.8970007060e+01 -1.6967287665e+01 7.6771968761e-01
   endloop
 endfacet
 facet normal  -5.5033742797e-14 -9.9619469809e-01 8.7155742748e-02
   outer loop
     vertex 1.8928328815e+01 -1.6967496188e+01 7.6533626244e-01
     vertex 1.8970086685e+01 -1.6967587602e+01 7.6429139285e-01
     vertex 1.8970007060e+01 -1.6967287665e+01 7.6771968761e-01
   endloop
 endfacet
 facet normal  2.1733810483e-14 -9.9619469809e-01 8.7155742748e-02
   outer loop
     vertex 1.8970007060e+01 -1.6967287665e+01 7.6771968761e-01
     vertex 1.8970086685e+01 -1.6967587602e+01 7.6429139285e-01
     vertex 1.8999709678e+01 -1.6967537508e+01 7.6486397488e-01
   endloop
 endfacet
 facet normal  -2.2770106649e-14 -9.9619469809e-01 8.7155742750e-02
   outer loop
     vertex 1.8970086685e+01 -1.6967587602e+01 7.6429139285e-01
     vertex 1.8999739554e+01 -1.6967662302e+01 7.6343757453e-01
     vertex 1.8999709678e+01 -1.6967537508e+01 7.6486397488e-01
   endloop
 endfacet
 facet normal  1.3953794932e-13 -9.9619469809e-01 8.7155742750e-02
   outer loop
     vertex 1.8999709678e+01 -1.6967537508e+01 7.6486397488e-01
     vertex 1.8999739554e+01 -1.6967662302e+01 7.6343757453e-01
     vertex 1.9020363949e+01 -1.6967719059e+01 7.6278883232e-01
   endloop
 endfacet
endsolid
