solid
 facet normal  -9.6858557215e-01 9.5220287325e-02 2.2972828801e-01
   outer loop
     vertex 9.8326974603e+00 -5.2000000000e+00 -1.7543024575e+00
     vertex 9.8326974603e+00 -5.1323448869e+00 -1.7823448869e+00
     vertex 9.8100000000e+00 -5.2000000000e+00 -1.8500000000e+00
   endloop
 endfacet
 facet normal  -9.6858557215e-01 2.2972828801e-01 9.5220287325e-02
   outer loop
     vertex 9.8326974603e+00 -5.1323448869e+00 -1.7823448869e+00
     vertex 9.8326974603e+00 -5.1043024575e+00 -1.8500000000e+00
     vertex 9.8100000000e+00 -5.2000000000e+00 -1.8500000000e+00
   endloop
 endfacet
 facet normal  -9.6858557215e-01 2.2972828801e-01 -9.5220287325e-02
   outer loop
     vertex 9.8100000000e+00 -5.2000000000e+00 -1.8500000000e+00
     vertex 9.8326974603e+00 -5.1043024575e+00 -1.8500000000e+00
     vertex 9.8326974603e+00 -5.1323448869e+00 -1.9176551131e+00
   endloop
 endfacet
 facet normal  -9.6858557215e-01 9.5220287325e-02 -2.2972828801e-01
   outer loop
     vertex 9.8100000000e+00 -5.2000000000e+00 -1.8500000000e+00
     vertex 9.8326974603e+00 -5.1323448869e+00 -1.9176551131e+00
     vertex 9.8326974603e+00 -5.2000000000e+00 -1.9456975425e+00
   endloop
 endfacet
 facet normal  -9.6858557215e-01 -9.5220287325e-02 -2.2972828801e-01
   outer loop
     vertex 9.8326974603e+00 -5.2000000000e+00 -1.9456975425e+00
     vertex 9.8326974603e+00 -5.2676551131e+00 -1.9176551131e+00
     vertex 9.8100000000e+00 -5.2000000000e+00 -1.8500000000e+00
   endloop
 endfacet
 facet normal  -9.6858557215e-01 -2.2972828801e-01 -9.5220287325e-02
   outer loop
     vertex 9.8326974603e+00 -5.2676551131e+00 -1.9176551131e+00
     vertex 9.8326974603e+00 -5.2956975425e+00 -1.8500000000e+00
     vertex 9.8100000000e+00 -5.2000000000e+00 -1.8500000000e+00
   endloop
 endfacet
 facet normal  -9.6858557215e-01 -2.2972828801e-01 9.5220287325e-02
   outer loop
     vertex 9.8100000000e+00 -5.2000000000e+00 -1.8500000000e+00
     vertex 9.8326974603e+00 -5.2956975425e+00 -1.8500000000e+00
     vertex 9.8326974603e+00 -5.2676551131e+00 -1.7823448869e+00
   endloop
 endfacet
 facet normal  -9.6858557215e-01 -9.5220287325e-02 2.2972828801e-01
   outer loop
     vertex 9.8100000000e+00 -5.2000000000e+00 -1.8500000000e+00
     vertex 9.8326974603e+00 -5.2676551131e+00 -1.7823448869e+00
     vertex 9.8326974603e+00 -5.2000000000e+00 -1.7543024575e+00
   endloop
 endfacet
 facet normal  -9.5089526752e-01 1.1851311515e-01 2.8592452108e-01
   outer loop
     vertex 9.8326974603e+00 -5.2000000000e+00 -1.7543024575e+00
     vertex 9.8591033122e+00 -5.2000000000e+00 -1.6664848771e+00
     vertex 9.8326974603e+00 -5.1323448869e+00 -1.7823448869e+00
   endloop
 endfacet
 facet normal  -9.5089526752e-01 1.1851311515e-01 2.8592452108e-01
   outer loop
     vertex 9.8591033122e+00 -5.2000000000e+00 -1.6664848771e+00
     vertex 9.8591033122e+00 -5.0702606560e+00 -1.7202606560e+00
     vertex 9.8326974603e+00 -5.1323448869e+00 -1.7823448869e+00
   endloop
 endfacet
 facet normal  -9.5089526752e-01 2.8592452108e-01 1.1851311515e-01
   outer loop
     vertex 9.8326974603e+00 -5.1323448869e+00 -1.7823448869e+00
     vertex 9.8591033122e+00 -5.0702606560e+00 -1.7202606560e+00
     vertex 9.8326974603e+00 -5.1043024575e+00 -1.8500000000e+00
   endloop
 endfacet
 facet normal  -9.5089526752e-01 2.8592452108e-01 1.1851311515e-01
   outer loop
     vertex 9.8591033122e+00 -5.0702606560e+00 -1.7202606560e+00
     vertex 9.8591033122e+00 -5.0164848771e+00 -1.8500000000e+00
     vertex 9.8326974603e+00 -5.1043024575e+00 -1.8500000000e+00
   endloop
 endfacet
 facet normal  -9.5089526752e-01 2.8592452108e-01 -1.1851311515e-01
   outer loop
     vertex 9.8326974603e+00 -5.1043024575e+00 -1.8500000000e+00
     vertex 9.8591033122e+00 -5.0164848771e+00 -1.8500000000e+00
     vertex 9.8591033122e+00 -5.0702606560e+00 -1.9797393440e+00
   endloop
 endfacet
 facet normal  -9.5089526752e-01 2.8592452108e-01 -1.1851311515e-01
   outer loop
     vertex 9.8326974603e+00 -5.1043024575e+00 -1.8500000000e+00
     vertex 9.8591033122e+00 -5.0702606560e+00 -1.9797393440e+00
     vertex 9.8326974603e+00 -5.1323448869e+00 -1.9176551131e+00
   endloop
 endfacet
 facet normal  -9.5089526752e-01 1.1851311515e-01 -2.8592452108e-01
   outer loop
     vertex 9.8326974603e+00 -5.1323448869e+00 -1.9176551131e+00
     vertex 9.8591033122e+00 -5.0702606560e+00 -1.9797393440e+00
     vertex 9.8591033122e+00 -5.2000000000e+00 -2.0335151229e+00
   endloop
 endfacet
 facet normal  -9.5089526752e-01 1.1851311515e-01 -2.8592452108e-01
   outer loop
     vertex 9.8326974603e+00 -5.1323448869e+00 -1.9176551131e+00
     vertex 9.8591033122e+00 -5.2000000000e+00 -2.0335151229e+00
     vertex 9.8326974603e+00 -5.2000000000e+00 -1.9456975425e+00
   endloop
 endfacet
 facet normal  -9.5089526752e-01 -1.1851311515e-01 -2.8592452108e-01
   outer loop
     vertex 9.8326974603e+00 -5.2000000000e+00 -1.9456975425e+00
     vertex 9.8591033122e+00 -5.2000000000e+00 -2.0335151229e+00
     vertex 9.8326974603e+00 -5.2676551131e+00 -1.9176551131e+00
   endloop
 endfacet
 facet normal  -9.5089526752e-01 -1.1851311515e-01 -2.8592452108e-01
   outer loop
     vertex 9.8591033122e+00 -5.2000000000e+00 -2.0335151229e+00
     vertex 9.8591033122e+00 -5.3297393440e+00 -1.9797393440e+00
     vertex 9.8326974603e+00 -5.2676551131e+00 -1.9176551131e+00
   endloop
 endfacet
 facet normal  -9.5089526752e-01 -2.8592452108e-01 -1.1851311515e-01
   outer loop
     vertex 9.8326974603e+00 -5.2676551131e+00 -1.9176551131e+00
     vertex 9.8591033122e+00 -5.3297393440e+00 -1.9797393440e+00
     vertex 9.8326974603e+00 -5.2956975425e+00 -1.8500000000e+00
   endloop
 endfacet
 facet normal  -9.5089526752e-01 -2.8592452108e-01 -1.1851311515e-01
   outer loop
     vertex 9.8591033122e+00 -5.3297393440e+00 -1.9797393440e+00
     vertex 9.8591033122e+00 -5.3835151229e+00 -1.8500000000e+00
     vertex 9.8326974603e+00 -5.2956975425e+00 -1.8500000000e+00
   endloop
 endfacet
 facet normal  -9.5089526752e-01 -2.8592452108e-01 1.1851311515e-01
   outer loop
     vertex 9.8326974603e+00 -5.2956975425e+00 -1.8500000000e+00
     vertex 9.8591033122e+00 -5.3835151229e+00 -1.8500000000e+00
     vertex 9.8591033122e+00 -5.3297393440e+00 -1.7202606560e+00
   endloop
 endfacet
 facet normal  -9.5089526752e-01 -2.8592452108e-01 1.1851311515e-01
   outer loop
     vertex 9.8326974603e+00 -5.2956975425e+00 -1.8500000000e+00
     vertex 9.8591033122e+00 -5.3297393440e+00 -1.7202606560e+00
     vertex 9.8326974603e+00 -5.2676551131e+00 -1.7823448869e+00
   endloop
 endfacet
 facet normal  -9.5089526752e-01 -1.1851311515e-01 2.8592452108e-01
   outer loop
     vertex 9.8326974603e+00 -5.2676551131e+00 -1.7823448869e+00
     vertex 9.8591033122e+00 -5.3297393440e+00 -1.7202606560e+00
     vertex 9.8591033122e+00 -5.2000000000e+00 -1.6664848771e+00
   endloop
 endfacet
 facet normal  -9.5089526752e-01 -1.1851311515e-01 2.8592452108e-01
   outer loop
     vertex 9.8326974603e+00 -5.2676551131e+00 -1.7823448869e+00
     vertex 9.8591033122e+00 -5.2000000000e+00 -1.6664848771e+00
     vertex 9.8326974603e+00 -5.2000000000e+00 -1.7543024575e+00
   endloop
 endfacet
 facet normal  -9.2617545680e-01 1.4438965148e-01 3.4835420447e-01
   outer loop
     vertex 9.8591033122e+00 -5.2000000000e+00 -1.6664848771e+00
     vertex 9.8892964576e+00 -5.2000000000e+00 -1.5862098299e+00
     vertex 9.8591033122e+00 -5.0702606560e+00 -1.7202606560e+00
   endloop
 endfacet
 facet normal  -9.2617545680e-01 1.4438965148e-01 3.4835420447e-01
   outer loop
     vertex 9.8892964576e+00 -5.2000000000e+00 -1.5862098299e+00
     vertex 9.8892964576e+00 -5.0135087556e+00 -1.6635087556e+00
     vertex 9.8591033122e+00 -5.0702606560e+00 -1.7202606560e+00
   endloop
 endfacet
 facet normal  -9.2617545680e-01 3.4835420447e-01 1.4438965148e-01
   outer loop
     vertex 9.8591033122e+00 -5.0702606560e+00 -1.7202606560e+00
     vertex 9.8892964576e+00 -5.0135087556e+00 -1.6635087556e+00
     vertex 9.8591033122e+00 -5.0164848771e+00 -1.8500000000e+00
   endloop
 endfacet
 facet normal  -9.2617545680e-01 3.4835420447e-01 1.4438965148e-01
   outer loop
     vertex 9.8892964576e+00 -5.0135087556e+00 -1.6635087556e+00
     vertex 9.8892964576e+00 -4.9362098299e+00 -1.8500000000e+00
     vertex 9.8591033122e+00 -5.0164848771e+00 -1.8500000000e+00
   endloop
 endfacet
 facet normal  -9.2617545680e-01 3.4835420447e-01 -1.4438965148e-01
   outer loop
     vertex 9.8591033122e+00 -5.0164848771e+00 -1.8500000000e+00
     vertex 9.8892964576e+00 -4.9362098299e+00 -1.8500000000e+00
     vertex 9.8892964576e+00 -5.0135087556e+00 -2.0364912444e+00
   endloop
 endfacet
 facet normal  -9.2617545680e-01 3.4835420447e-01 -1.4438965148e-01
   outer loop
     vertex 9.8591033122e+00 -5.0164848771e+00 -1.8500000000e+00
     vertex 9.8892964576e+00 -5.0135087556e+00 -2.0364912444e+00
     vertex 9.8591033122e+00 -5.0702606560e+00 -1.9797393440e+00
   endloop
 endfacet
 facet normal  -9.2617545680e-01 1.4438965148e-01 -3.4835420447e-01
   outer loop
     vertex 9.8591033122e+00 -5.0702606560e+00 -1.9797393440e+00
     vertex 9.8892964576e+00 -5.0135087556e+00 -2.0364912444e+00
     vertex 9.8892964576e+00 -5.2000000000e+00 -2.1137901701e+00
   endloop
 endfacet
 facet normal  -9.2617545680e-01 1.4438965148e-01 -3.4835420447e-01
   outer loop
     vertex 9.8591033122e+00 -5.0702606560e+00 -1.9797393440e+00
     vertex 9.8892964576e+00 -5.2000000000e+00 -2.1137901701e+00
     vertex 9.8591033122e+00 -5.2000000000e+00 -2.0335151229e+00
   endloop
 endfacet
 facet normal  -9.2617545680e-01 -1.4438965148e-01 -3.4835420447e-01
   outer loop
     vertex 9.8591033122e+00 -5.2000000000e+00 -2.0335151229e+00
     vertex 9.8892964576e+00 -5.2000000000e+00 -2.1137901701e+00
     vertex 9.8591033122e+00 -5.3297393440e+00 -1.9797393440e+00
   endloop
 endfacet
 facet normal  -9.2617545680e-01 -1.4438965148e-01 -3.4835420447e-01
   outer loop
     vertex 9.8892964576e+00 -5.2000000000e+00 -2.1137901701e+00
     vertex 9.8892964576e+00 -5.3864912444e+00 -2.0364912444e+00
     vertex 9.8591033122e+00 -5.3297393440e+00 -1.9797393440e+00
   endloop
 endfacet
 facet normal  -9.2617545680e-01 -3.4835420447e-01 -1.4438965148e-01
   outer loop
     vertex 9.8591033122e+00 -5.3297393440e+00 -1.9797393440e+00
     vertex 9.8892964576e+00 -5.3864912444e+00 -2.0364912444e+00
     vertex 9.8591033122e+00 -5.3835151229e+00 -1.8500000000e+00
   endloop
 endfacet
 facet normal  -9.2617545680e-01 -3.4835420447e-01 -1.4438965148e-01
   outer loop
     vertex 9.8892964576e+00 -5.3864912444e+00 -2.0364912444e+00
     vertex 9.8892964576e+00 -5.4637901701e+00 -1.8500000000e+00
     vertex 9.8591033122e+00 -5.3835151229e+00 -1.8500000000e+00
   endloop
 endfacet
 facet normal  -9.2617545680e-01 -3.4835420447e-01 1.4438965148e-01
   outer loop
     vertex 9.8591033122e+00 -5.3835151229e+00 -1.8500000000e+00
     vertex 9.8892964576e+00 -5.4637901701e+00 -1.8500000000e+00
     vertex 9.8892964576e+00 -5.3864912444e+00 -1.6635087556e+00
   endloop
 endfacet
 facet normal  -9.2617545680e-01 -3.4835420447e-01 1.4438965148e-01
   outer loop
     vertex 9.8591033122e+00 -5.3835151229e+00 -1.8500000000e+00
     vertex 9.8892964576e+00 -5.3864912444e+00 -1.6635087556e+00
     vertex 9.8591033122e+00 -5.3297393440e+00 -1.7202606560e+00
   endloop
 endfacet
 facet normal  -9.2617545680e-01 -1.4438965148e-01 3.4835420447e-01
   outer loop
     vertex 9.8591033122e+00 -5.3297393440e+00 -1.7202606560e+00
     vertex 9.8892964576e+00 -5.3864912444e+00 -1.6635087556e+00
     vertex 9.8892964576e+00 -5.2000000000e+00 -1.5862098299e+00
   endloop
 endfacet
 facet normal  -9.2617545680e-01 -1.4438965148e-01 3.4835420447e-01
   outer loop
     vertex 9.8591033122e+00 -5.3297393440e+00 -1.7202606560e+00
     vertex 9.8892964576e+00 -5.2000000000e+00 -1.5862098299e+00
     vertex 9.8591033122e+00 -5.2000000000e+00 -1.6664848771e+00
   endloop
 endfacet
 facet normal  -8.9278784280e-01 1.7248873918e-01 4.1614601116e-01
   outer loop
     vertex 9.8892964576e+00 -5.2000000000e+00 -1.5862098299e+00
     vertex 9.9233557985e+00 -5.2000000000e+00 -1.5131398866e+00
     vertex 9.8892964576e+00 -5.0135087556e+00 -1.6635087556e+00
   endloop
 endfacet
 facet normal  -8.9278784280e-01 1.7248873918e-01 4.1614601116e-01
   outer loop
     vertex 9.9233557985e+00 -5.2000000000e+00 -1.5131398866e+00
     vertex 9.9233557985e+00 -4.9618506341e+00 -1.6118506341e+00
     vertex 9.8892964576e+00 -5.0135087556e+00 -1.6635087556e+00
   endloop
 endfacet
 facet normal  -8.9278784280e-01 4.1614601116e-01 1.7248873918e-01
   outer loop
     vertex 9.8892964576e+00 -5.0135087556e+00 -1.6635087556e+00
     vertex 9.9233557985e+00 -4.9618506341e+00 -1.6118506341e+00
     vertex 9.8892964576e+00 -4.9362098299e+00 -1.8500000000e+00
   endloop
 endfacet
 facet normal  -8.9278784280e-01 4.1614601116e-01 1.7248873918e-01
   outer loop
     vertex 9.9233557985e+00 -4.9618506341e+00 -1.6118506341e+00
     vertex 9.9233557985e+00 -4.8631398866e+00 -1.8500000000e+00
     vertex 9.8892964576e+00 -4.9362098299e+00 -1.8500000000e+00
   endloop
 endfacet
 facet normal  -8.9278784280e-01 4.1614601116e-01 -1.7248873918e-01
   outer loop
     vertex 9.8892964576e+00 -4.9362098299e+00 -1.8500000000e+00
     vertex 9.9233557985e+00 -4.8631398866e+00 -1.8500000000e+00
     vertex 9.9233557985e+00 -4.9618506341e+00 -2.0881493659e+00
   endloop
 endfacet
 facet normal  -8.9278784280e-01 4.1614601116e-01 -1.7248873918e-01
   outer loop
     vertex 9.8892964576e+00 -4.9362098299e+00 -1.8500000000e+00
     vertex 9.9233557985e+00 -4.9618506341e+00 -2.0881493659e+00
     vertex 9.8892964576e+00 -5.0135087556e+00 -2.0364912444e+00
   endloop
 endfacet
 facet normal  -8.9278784280e-01 1.7248873918e-01 -4.1614601116e-01
   outer loop
     vertex 9.8892964576e+00 -5.0135087556e+00 -2.0364912444e+00
     vertex 9.9233557985e+00 -4.9618506341e+00 -2.0881493659e+00
     vertex 9.9233557985e+00 -5.2000000000e+00 -2.1868601134e+00
   endloop
 endfacet
 facet normal  -8.9278784280e-01 1.7248873918e-01 -4.1614601116e-01
   outer loop
     vertex 9.8892964576e+00 -5.0135087556e+00 -2.0364912444e+00
     vertex 9.9233557985e+00 -5.2000000000e+00 -2.1868601134e+00
     vertex 9.8892964576e+00 -5.2000000000e+00 -2.1137901701e+00
   endloop
 endfacet
 facet normal  -8.9278784280e-01 -1.7248873918e-01 -4.1614601116e-01
   outer loop
     vertex 9.8892964576e+00 -5.2000000000e+00 -2.1137901701e+00
     vertex 9.9233557985e+00 -5.2000000000e+00 -2.1868601134e+00
     vertex 9.8892964576e+00 -5.3864912444e+00 -2.0364912444e+00
   endloop
 endfacet
 facet normal  -8.9278784280e-01 -1.7248873918e-01 -4.1614601116e-01
   outer loop
     vertex 9.9233557985e+00 -5.2000000000e+00 -2.1868601134e+00
     vertex 9.9233557985e+00 -5.4381493659e+00 -2.0881493659e+00
     vertex 9.8892964576e+00 -5.3864912444e+00 -2.0364912444e+00
   endloop
 endfacet
 facet normal  -8.9278784280e-01 -4.1614601116e-01 -1.7248873918e-01
   outer loop
     vertex 9.8892964576e+00 -5.3864912444e+00 -2.0364912444e+00
     vertex 9.9233557985e+00 -5.4381493659e+00 -2.0881493659e+00
     vertex 9.8892964576e+00 -5.4637901701e+00 -1.8500000000e+00
   endloop
 endfacet
 facet normal  -8.9278784280e-01 -4.1614601116e-01 -1.7248873918e-01
   outer loop
     vertex 9.9233557985e+00 -5.4381493659e+00 -2.0881493659e+00
     vertex 9.9233557985e+00 -5.5368601134e+00 -1.8500000000e+00
     vertex 9.8892964576e+00 -5.4637901701e+00 -1.8500000000e+00
   endloop
 endfacet
 facet normal  -8.9278784280e-01 -4.1614601116e-01 1.7248873918e-01
   outer loop
     vertex 9.8892964576e+00 -5.4637901701e+00 -1.8500000000e+00
     vertex 9.9233557985e+00 -5.5368601134e+00 -1.8500000000e+00
     vertex 9.9233557985e+00 -5.4381493659e+00 -1.6118506341e+00
   endloop
 endfacet
 facet normal  -8.9278784280e-01 -4.1614601116e-01 1.7248873918e-01
   outer loop
     vertex 9.8892964576e+00 -5.4637901701e+00 -1.8500000000e+00
     vertex 9.9233557985e+00 -5.4381493659e+00 -1.6118506341e+00
     vertex 9.8892964576e+00 -5.3864912444e+00 -1.6635087556e+00
   endloop
 endfacet
 facet normal  -8.9278784280e-01 -1.7248873918e-01 4.1614601116e-01
   outer loop
     vertex 9.8892964576e+00 -5.3864912444e+00 -1.6635087556e+00
     vertex 9.9233557985e+00 -5.4381493659e+00 -1.6118506341e+00
     vertex 9.9233557985e+00 -5.2000000000e+00 -1.5131398866e+00
   endloop
 endfacet
 facet normal  -8.9278784280e-01 -1.7248873918e-01 4.1614601116e-01
   outer loop
     vertex 9.8892964576e+00 -5.3864912444e+00 -1.6635087556e+00
     vertex 9.9233557985e+00 -5.2000000000e+00 -1.5131398866e+00
     vertex 9.8892964576e+00 -5.2000000000e+00 -1.5862098299e+00
   endloop
 endfacet
 facet normal  -8.4936020850e-01 2.0210095650e-01 4.8758839157e-01
   outer loop
     vertex 9.9233557985e+00 -5.2000000000e+00 -1.5131398866e+00
     vertex 9.9613602367e+00 -5.2000000000e+00 -1.4469376181e+00
     vertex 9.9233557985e+00 -4.9618506341e+00 -1.6118506341e+00
   endloop
 endfacet
 facet normal  -8.4936020850e-01 2.0210095650e-01 4.8758839157e-01
   outer loop
     vertex 9.9613602367e+00 -5.2000000000e+00 -1.4469376181e+00
     vertex 9.9613602367e+00 -4.9150477399e+00 -1.5650477399e+00
     vertex 9.9233557985e+00 -4.9618506341e+00 -1.6118506341e+00
   endloop
 endfacet
 facet normal  -8.4936020850e-01 4.8758839157e-01 2.0210095650e-01
   outer loop
     vertex 9.9233557985e+00 -4.9618506341e+00 -1.6118506341e+00
     vertex 9.9613602367e+00 -4.9150477399e+00 -1.5650477399e+00
     vertex 9.9233557985e+00 -4.8631398866e+00 -1.8500000000e+00
   endloop
 endfacet
 facet normal  -8.4936020850e-01 4.8758839157e-01 2.0210095650e-01
   outer loop
     vertex 9.9613602367e+00 -4.9150477399e+00 -1.5650477399e+00
     vertex 9.9613602367e+00 -4.7969376181e+00 -1.8500000000e+00
     vertex 9.9233557985e+00 -4.8631398866e+00 -1.8500000000e+00
   endloop
 endfacet
 facet normal  -8.4936020850e-01 4.8758839157e-01 -2.0210095650e-01
   outer loop
     vertex 9.9233557985e+00 -4.8631398866e+00 -1.8500000000e+00
     vertex 9.9613602367e+00 -4.7969376181e+00 -1.8500000000e+00
     vertex 9.9613602367e+00 -4.9150477399e+00 -2.1349522601e+00
   endloop
 endfacet
 facet normal  -8.4936020850e-01 4.8758839157e-01 -2.0210095650e-01
   outer loop
     vertex 9.9233557985e+00 -4.8631398866e+00 -1.8500000000e+00
     vertex 9.9613602367e+00 -4.9150477399e+00 -2.1349522601e+00
     vertex 9.9233557985e+00 -4.9618506341e+00 -2.0881493659e+00
   endloop
 endfacet
 facet normal  -8.4936020850e-01 2.0210095650e-01 -4.8758839157e-01
   outer loop
     vertex 9.9233557985e+00 -4.9618506341e+00 -2.0881493659e+00
     vertex 9.9613602367e+00 -4.9150477399e+00 -2.1349522601e+00
     vertex 9.9613602367e+00 -5.2000000000e+00 -2.2530623819e+00
   endloop
 endfacet
 facet normal  -8.4936020850e-01 2.0210095650e-01 -4.8758839157e-01
   outer loop
     vertex 9.9233557985e+00 -4.9618506341e+00 -2.0881493659e+00
     vertex 9.9613602367e+00 -5.2000000000e+00 -2.2530623819e+00
     vertex 9.9233557985e+00 -5.2000000000e+00 -2.1868601134e+00
   endloop
 endfacet
 facet normal  -8.4936020850e-01 -2.0210095650e-01 -4.8758839157e-01
   outer loop
     vertex 9.9233557985e+00 -5.2000000000e+00 -2.1868601134e+00
     vertex 9.9613602367e+00 -5.2000000000e+00 -2.2530623819e+00
     vertex 9.9233557985e+00 -5.4381493659e+00 -2.0881493659e+00
   endloop
 endfacet
 facet normal  -8.4936020850e-01 -2.0210095650e-01 -4.8758839157e-01
   outer loop
     vertex 9.9613602367e+00 -5.2000000000e+00 -2.2530623819e+00
     vertex 9.9613602367e+00 -5.4849522601e+00 -2.1349522601e+00
     vertex 9.9233557985e+00 -5.4381493659e+00 -2.0881493659e+00
   endloop
 endfacet
 facet normal  -8.4936020850e-01 -4.8758839157e-01 -2.0210095650e-01
   outer loop
     vertex 9.9233557985e+00 -5.4381493659e+00 -2.0881493659e+00
     vertex 9.9613602367e+00 -5.4849522601e+00 -2.1349522601e+00
     vertex 9.9233557985e+00 -5.5368601134e+00 -1.8500000000e+00
   endloop
 endfacet
 facet normal  -8.4936020850e-01 -4.8758839157e-01 -2.0210095650e-01
   outer loop
     vertex 9.9613602367e+00 -5.4849522601e+00 -2.1349522601e+00
     vertex 9.9613602367e+00 -5.6030623819e+00 -1.8500000000e+00
     vertex 9.9233557985e+00 -5.5368601134e+00 -1.8500000000e+00
   endloop
 endfacet
 facet normal  -8.4936020850e-01 -4.8758839157e-01 2.0210095650e-01
   outer loop
     vertex 9.9233557985e+00 -5.5368601134e+00 -1.8500000000e+00
     vertex 9.9613602367e+00 -5.6030623819e+00 -1.8500000000e+00
     vertex 9.9613602367e+00 -5.4849522601e+00 -1.5650477399e+00
   endloop
 endfacet
 facet normal  -8.4936020850e-01 -4.8758839157e-01 2.0210095650e-01
   outer loop
     vertex 9.9233557985e+00 -5.5368601134e+00 -1.8500000000e+00
     vertex 9.9613602367e+00 -5.4849522601e+00 -1.5650477399e+00
     vertex 9.9233557985e+00 -5.4381493659e+00 -1.6118506341e+00
   endloop
 endfacet
 facet normal  -8.4936020850e-01 -2.0210095650e-01 4.8758839157e-01
   outer loop
     vertex 9.9233557985e+00 -5.4381493659e+00 -1.6118506341e+00
     vertex 9.9613602367e+00 -5.4849522601e+00 -1.5650477399e+00
     vertex 9.9613602367e+00 -5.2000000000e+00 -1.4469376181e+00
   endloop
 endfacet
 facet normal  -8.4936020850e-01 -2.0210095650e-01 4.8758839157e-01
   outer loop
     vertex 9.9233557985e+00 -5.4381493659e+00 -1.6118506341e+00
     vertex 9.9613602367e+00 -5.2000000000e+00 -1.4469376181e+00
     vertex 9.9233557985e+00 -5.2000000000e+00 -1.5131398866e+00
   endloop
 endfacet
 facet normal  -7.9523048619e-01 2.3215632399e-01 5.6009991525e-01
   outer loop
     vertex 9.9613602367e+00 -5.2000000000e+00 -1.4469376181e+00
     vertex 1.0003388674e+01 -5.2000000000e+00 -1.3872655955e+00
     vertex 9.9613602367e+00 -4.9150477399e+00 -1.5650477399e+00
   endloop
 endfacet
 facet normal  -7.9523048619e-01 2.3215632399e-01 5.6009991525e-01
   outer loop
     vertex 1.0003388674e+01 -5.2000000000e+00 -1.3872655955e+00
     vertex 1.0003388674e+01 -4.8728615214e+00 -1.5228615214e+00
     vertex 9.9613602367e+00 -4.9150477399e+00 -1.5650477399e+00
   endloop
 endfacet
 facet normal  -7.9523048619e-01 5.6009991525e-01 2.3215632399e-01
   outer loop
     vertex 9.9613602367e+00 -4.9150477399e+00 -1.5650477399e+00
     vertex 1.0003388674e+01 -4.8728615214e+00 -1.5228615214e+00
     vertex 9.9613602367e+00 -4.7969376181e+00 -1.8500000000e+00
   endloop
 endfacet
 facet normal  -7.9523048619e-01 5.6009991525e-01 2.3215632399e-01
   outer loop
     vertex 1.0003388674e+01 -4.8728615214e+00 -1.5228615214e+00
     vertex 1.0003388674e+01 -4.7372655955e+00 -1.8500000000e+00
     vertex 9.9613602367e+00 -4.7969376181e+00 -1.8500000000e+00
   endloop
 endfacet
 facet normal  -7.9523048619e-01 5.6009991525e-01 -2.3215632399e-01
   outer loop
     vertex 9.9613602367e+00 -4.7969376181e+00 -1.8500000000e+00
     vertex 1.0003388674e+01 -4.7372655955e+00 -1.8500000000e+00
     vertex 1.0003388674e+01 -4.8728615214e+00 -2.1771384786e+00
   endloop
 endfacet
 facet normal  -7.9523048619e-01 5.6009991525e-01 -2.3215632399e-01
   outer loop
     vertex 9.9613602367e+00 -4.7969376181e+00 -1.8500000000e+00
     vertex 1.0003388674e+01 -4.8728615214e+00 -2.1771384786e+00
     vertex 9.9613602367e+00 -4.9150477399e+00 -2.1349522601e+00
   endloop
 endfacet
 facet normal  -7.9523048619e-01 2.3215632399e-01 -5.6009991525e-01
   outer loop
     vertex 9.9613602367e+00 -4.9150477399e+00 -2.1349522601e+00
     vertex 1.0003388674e+01 -4.8728615214e+00 -2.1771384786e+00
     vertex 1.0003388674e+01 -5.2000000000e+00 -2.3127344045e+00
   endloop
 endfacet
 facet normal  -7.9523048619e-01 2.3215632399e-01 -5.6009991525e-01
   outer loop
     vertex 9.9613602367e+00 -4.9150477399e+00 -2.1349522601e+00
     vertex 1.0003388674e+01 -5.2000000000e+00 -2.3127344045e+00
     vertex 9.9613602367e+00 -5.2000000000e+00 -2.2530623819e+00
   endloop
 endfacet
 facet normal  -7.9523048619e-01 -2.3215632399e-01 -5.6009991525e-01
   outer loop
     vertex 9.9613602367e+00 -5.2000000000e+00 -2.2530623819e+00
     vertex 1.0003388674e+01 -5.2000000000e+00 -2.3127344045e+00
     vertex 9.9613602367e+00 -5.4849522601e+00 -2.1349522601e+00
   endloop
 endfacet
 facet normal  -7.9523048619e-01 -2.3215632399e-01 -5.6009991525e-01
   outer loop
     vertex 1.0003388674e+01 -5.2000000000e+00 -2.3127344045e+00
     vertex 1.0003388674e+01 -5.5271384786e+00 -2.1771384786e+00
     vertex 9.9613602367e+00 -5.4849522601e+00 -2.1349522601e+00
   endloop
 endfacet
 facet normal  -7.9523048619e-01 -5.6009991525e-01 -2.3215632399e-01
   outer loop
     vertex 9.9613602367e+00 -5.4849522601e+00 -2.1349522601e+00
     vertex 1.0003388674e+01 -5.5271384786e+00 -2.1771384786e+00
     vertex 9.9613602367e+00 -5.6030623819e+00 -1.8500000000e+00
   endloop
 endfacet
 facet normal  -7.9523048619e-01 -5.6009991525e-01 -2.3215632399e-01
   outer loop
     vertex 1.0003388674e+01 -5.5271384786e+00 -2.1771384786e+00
     vertex 1.0003388674e+01 -5.6627344045e+00 -1.8500000000e+00
     vertex 9.9613602367e+00 -5.6030623819e+00 -1.8500000000e+00
   endloop
 endfacet
 facet normal  -7.9523048619e-01 -5.6009991525e-01 2.3215632399e-01
   outer loop
     vertex 9.9613602367e+00 -5.6030623819e+00 -1.8500000000e+00
     vertex 1.0003388674e+01 -5.6627344045e+00 -1.8500000000e+00
     vertex 1.0003388674e+01 -5.5271384786e+00 -1.5228615214e+00
   endloop
 endfacet
 facet normal  -7.9523048619e-01 -5.6009991525e-01 2.3215632399e-01
   outer loop
     vertex 9.9613602367e+00 -5.6030623819e+00 -1.8500000000e+00
     vertex 1.0003388674e+01 -5.5271384786e+00 -1.5228615214e+00
     vertex 9.9613602367e+00 -5.4849522601e+00 -1.5650477399e+00
   endloop
 endfacet
 facet normal  -7.9523048619e-01 -2.3215632399e-01 5.6009991525e-01
   outer loop
     vertex 9.9613602367e+00 -5.4849522601e+00 -1.5650477399e+00
     vertex 1.0003388674e+01 -5.5271384786e+00 -1.5228615214e+00
     vertex 1.0003388674e+01 -5.2000000000e+00 -1.3872655955e+00
   endloop
 endfacet
 facet normal  -7.9523048619e-01 -2.3215632399e-01 5.6009991525e-01
   outer loop
     vertex 9.9613602367e+00 -5.4849522601e+00 -1.5650477399e+00
     vertex 1.0003388674e+01 -5.2000000000e+00 -1.3872655955e+00
     vertex 9.9613602367e+00 -5.2000000000e+00 -1.4469376181e+00
   endloop
 endfacet
 facet normal  -7.3089727031e-01 2.6132590290e-01 6.3047438705e-01
   outer loop
     vertex 1.0003388674e+01 -5.2000000000e+00 -1.3872655955e+00
     vertex 1.0049520013e+01 -5.2000000000e+00 -1.3337863894e+00
     vertex 1.0003388674e+01 -4.8728615214e+00 -1.5228615214e+00
   endloop
 endfacet
 facet normal  -7.3089727031e-01 2.6132590290e-01 6.3047438705e-01
   outer loop
     vertex 1.0049520013e+01 -5.2000000000e+00 -1.3337863894e+00
     vertex 1.0049520013e+01 -4.8350534269e+00 -1.4850534269e+00
     vertex 1.0003388674e+01 -4.8728615214e+00 -1.5228615214e+00
   endloop
 endfacet
 facet normal  -7.3089727031e-01 6.3047438705e-01 2.6132590290e-01
   outer loop
     vertex 1.0003388674e+01 -4.8728615214e+00 -1.5228615214e+00
     vertex 1.0049520013e+01 -4.8350534269e+00 -1.4850534269e+00
     vertex 1.0003388674e+01 -4.7372655955e+00 -1.8500000000e+00
   endloop
 endfacet
 facet normal  -7.3089727031e-01 6.3047438705e-01 2.6132590290e-01
   outer loop
     vertex 1.0049520013e+01 -4.8350534269e+00 -1.4850534269e+00
     vertex 1.0049520013e+01 -4.6837863894e+00 -1.8500000000e+00
     vertex 1.0003388674e+01 -4.7372655955e+00 -1.8500000000e+00
   endloop
 endfacet
 facet normal  -7.3089727031e-01 6.3047438705e-01 -2.6132590290e-01
   outer loop
     vertex 1.0003388674e+01 -4.7372655955e+00 -1.8500000000e+00
     vertex 1.0049520013e+01 -4.6837863894e+00 -1.8500000000e+00
     vertex 1.0049520013e+01 -4.8350534269e+00 -2.2149465731e+00
   endloop
 endfacet
 facet normal  -7.3089727031e-01 6.3047438705e-01 -2.6132590290e-01
   outer loop
     vertex 1.0003388674e+01 -4.7372655955e+00 -1.8500000000e+00
     vertex 1.0049520013e+01 -4.8350534269e+00 -2.2149465731e+00
     vertex 1.0003388674e+01 -4.8728615214e+00 -2.1771384786e+00
   endloop
 endfacet
 facet normal  -7.3089727031e-01 2.6132590290e-01 -6.3047438705e-01
   outer loop
     vertex 1.0003388674e+01 -4.8728615214e+00 -2.1771384786e+00
     vertex 1.0049520013e+01 -4.8350534269e+00 -2.2149465731e+00
     vertex 1.0049520013e+01 -5.2000000000e+00 -2.3662136106e+00
   endloop
 endfacet
 facet normal  -7.3089727031e-01 2.6132590290e-01 -6.3047438705e-01
   outer loop
     vertex 1.0003388674e+01 -4.8728615214e+00 -2.1771384786e+00
     vertex 1.0049520013e+01 -5.2000000000e+00 -2.3662136106e+00
     vertex 1.0003388674e+01 -5.2000000000e+00 -2.3127344045e+00
   endloop
 endfacet
 facet normal  -7.3089727031e-01 -2.6132590290e-01 -6.3047438705e-01
   outer loop
     vertex 1.0003388674e+01 -5.2000000000e+00 -2.3127344045e+00
     vertex 1.0049520013e+01 -5.2000000000e+00 -2.3662136106e+00
     vertex 1.0003388674e+01 -5.5271384786e+00 -2.1771384786e+00
   endloop
 endfacet
 facet normal  -7.3089727031e-01 -2.6132590290e-01 -6.3047438705e-01
   outer loop
     vertex 1.0049520013e+01 -5.2000000000e+00 -2.3662136106e+00
     vertex 1.0049520013e+01 -5.5649465731e+00 -2.2149465731e+00
     vertex 1.0003388674e+01 -5.5271384786e+00 -2.1771384786e+00
   endloop
 endfacet
 facet normal  -7.3089727031e-01 -6.3047438705e-01 -2.6132590290e-01
   outer loop
     vertex 1.0003388674e+01 -5.5271384786e+00 -2.1771384786e+00
     vertex 1.0049520013e+01 -5.5649465731e+00 -2.2149465731e+00
     vertex 1.0003388674e+01 -5.6627344045e+00 -1.8500000000e+00
   endloop
 endfacet
 facet normal  -7.3089727031e-01 -6.3047438705e-01 -2.6132590290e-01
   outer loop
     vertex 1.0049520013e+01 -5.5649465731e+00 -2.2149465731e+00
     vertex 1.0049520013e+01 -5.7162136106e+00 -1.8500000000e+00
     vertex 1.0003388674e+01 -5.6627344045e+00 -1.8500000000e+00
   endloop
 endfacet
 facet normal  -7.3089727031e-01 -6.3047438705e-01 2.6132590290e-01
   outer loop
     vertex 1.0003388674e+01 -5.6627344045e+00 -1.8500000000e+00
     vertex 1.0049520013e+01 -5.7162136106e+00 -1.8500000000e+00
     vertex 1.0049520013e+01 -5.5649465731e+00 -1.4850534269e+00
   endloop
 endfacet
 facet normal  -7.3089727031e-01 -6.3047438705e-01 2.6132590290e-01
   outer loop
     vertex 1.0003388674e+01 -5.6627344045e+00 -1.8500000000e+00
     vertex 1.0049520013e+01 -5.5649465731e+00 -1.4850534269e+00
     vertex 1.0003388674e+01 -5.5271384786e+00 -1.5228615214e+00
   endloop
 endfacet
 facet normal  -7.3089727031e-01 -2.6132590290e-01 6.3047438705e-01
   outer loop
     vertex 1.0003388674e+01 -5.5271384786e+00 -1.5228615214e+00
     vertex 1.0049520013e+01 -5.5649465731e+00 -1.4850534269e+00
     vertex 1.0049520013e+01 -5.2000000000e+00 -1.3337863894e+00
   endloop
 endfacet
 facet normal  -7.3089727031e-01 -2.6132590290e-01 6.3047438705e-01
   outer loop
     vertex 1.0003388674e+01 -5.5271384786e+00 -1.5228615214e+00
     vertex 1.0049520013e+01 -5.2000000000e+00 -1.3337863894e+00
     vertex 1.0003388674e+01 -5.2000000000e+00 -1.3872655955e+00
   endloop
 endfacet
 facet normal  -6.5825336808e-01 2.8824735251e-01 6.9542502628e-01
   outer loop
     vertex 1.0049520013e+01 -5.2000000000e+00 -1.3337863894e+00
     vertex 1.0099833155e+01 -5.2000000000e+00 -1.2861625709e+00
     vertex 1.0049520013e+01 -4.8350534269e+00 -1.4850534269e+00
   endloop
 endfacet
 facet normal  -6.5825336808e-01 2.8824735251e-01 6.9542502628e-01
   outer loop
     vertex 1.0099833155e+01 -5.2000000000e+00 -1.2861625709e+00
     vertex 1.0099833155e+01 -4.8013849048e+00 -1.4513849048e+00
     vertex 1.0049520013e+01 -4.8350534269e+00 -1.4850534269e+00
   endloop
 endfacet
 facet normal  -6.5825336808e-01 6.9542502628e-01 2.8824735251e-01
   outer loop
     vertex 1.0049520013e+01 -4.8350534269e+00 -1.4850534269e+00
     vertex 1.0099833155e+01 -4.8013849048e+00 -1.4513849048e+00
     vertex 1.0049520013e+01 -4.6837863894e+00 -1.8500000000e+00
   endloop
 endfacet
 facet normal  -6.5825336808e-01 6.9542502628e-01 2.8824735251e-01
   outer loop
     vertex 1.0099833155e+01 -4.8013849048e+00 -1.4513849048e+00
     vertex 1.0099833155e+01 -4.6361625709e+00 -1.8500000000e+00
     vertex 1.0049520013e+01 -4.6837863894e+00 -1.8500000000e+00
   endloop
 endfacet
 facet normal  -6.5825336808e-01 6.9542502628e-01 -2.8824735251e-01
   outer loop
     vertex 1.0049520013e+01 -4.6837863894e+00 -1.8500000000e+00
     vertex 1.0099833155e+01 -4.6361625709e+00 -1.8500000000e+00
     vertex 1.0099833155e+01 -4.8013849048e+00 -2.2486150952e+00
   endloop
 endfacet
 facet normal  -6.5825336808e-01 6.9542502628e-01 -2.8824735251e-01
   outer loop
     vertex 1.0049520013e+01 -4.6837863894e+00 -1.8500000000e+00
     vertex 1.0099833155e+01 -4.8013849048e+00 -2.2486150952e+00
     vertex 1.0049520013e+01 -4.8350534269e+00 -2.2149465731e+00
   endloop
 endfacet
 facet normal  -6.5825336808e-01 2.8824735251e-01 -6.9542502628e-01
   outer loop
     vertex 1.0049520013e+01 -4.8350534269e+00 -2.2149465731e+00
     vertex 1.0099833155e+01 -4.8013849048e+00 -2.2486150952e+00
     vertex 1.0099833155e+01 -5.2000000000e+00 -2.4138374291e+00
   endloop
 endfacet
 facet normal  -6.5825336808e-01 2.8824735251e-01 -6.9542502628e-01
   outer loop
     vertex 1.0049520013e+01 -4.8350534269e+00 -2.2149465731e+00
     vertex 1.0099833155e+01 -5.2000000000e+00 -2.4138374291e+00
     vertex 1.0049520013e+01 -5.2000000000e+00 -2.3662136106e+00
   endloop
 endfacet
 facet normal  -6.5825336808e-01 -2.8824735251e-01 -6.9542502628e-01
   outer loop
     vertex 1.0049520013e+01 -5.2000000000e+00 -2.3662136106e+00
     vertex 1.0099833155e+01 -5.2000000000e+00 -2.4138374291e+00
     vertex 1.0049520013e+01 -5.5649465731e+00 -2.2149465731e+00
   endloop
 endfacet
 facet normal  -6.5825336808e-01 -2.8824735251e-01 -6.9542502628e-01
   outer loop
     vertex 1.0099833155e+01 -5.2000000000e+00 -2.4138374291e+00
     vertex 1.0099833155e+01 -5.5986150952e+00 -2.2486150952e+00
     vertex 1.0049520013e+01 -5.5649465731e+00 -2.2149465731e+00
   endloop
 endfacet
 facet normal  -6.5825336808e-01 -6.9542502628e-01 -2.8824735251e-01
   outer loop
     vertex 1.0049520013e+01 -5.5649465731e+00 -2.2149465731e+00
     vertex 1.0099833155e+01 -5.5986150952e+00 -2.2486150952e+00
     vertex 1.0049520013e+01 -5.7162136106e+00 -1.8500000000e+00
   endloop
 endfacet
 facet normal  -6.5825336808e-01 -6.9542502628e-01 -2.8824735251e-01
   outer loop
     vertex 1.0099833155e+01 -5.5986150952e+00 -2.2486150952e+00
     vertex 1.0099833155e+01 -5.7638374291e+00 -1.8500000000e+00
     vertex 1.0049520013e+01 -5.7162136106e+00 -1.8500000000e+00
   endloop
 endfacet
 facet normal  -6.5825336808e-01 -6.9542502628e-01 2.8824735251e-01
   outer loop
     vertex 1.0049520013e+01 -5.7162136106e+00 -1.8500000000e+00
     vertex 1.0099833155e+01 -5.7638374291e+00 -1.8500000000e+00
     vertex 1.0099833155e+01 -5.5986150952e+00 -1.4513849048e+00
   endloop
 endfacet
 facet normal  -6.5825336808e-01 -6.9542502628e-01 2.8824735251e-01
   outer loop
     vertex 1.0049520013e+01 -5.7162136106e+00 -1.8500000000e+00
     vertex 1.0099833155e+01 -5.5986150952e+00 -1.4513849048e+00
     vertex 1.0049520013e+01 -5.5649465731e+00 -1.4850534269e+00
   endloop
 endfacet
 facet normal  -6.5825336808e-01 -2.8824735251e-01 6.9542502628e-01
   outer loop
     vertex 1.0049520013e+01 -5.5649465731e+00 -1.4850534269e+00
     vertex 1.0099833155e+01 -5.5986150952e+00 -1.4513849048e+00
     vertex 1.0099833155e+01 -5.2000000000e+00 -1.2861625709e+00
   endloop
 endfacet
 facet normal  -6.5825336808e-01 -2.8824735251e-01 6.9542502628e-01
   outer loop
     vertex 1.0049520013e+01 -5.5649465731e+00 -1.4850534269e+00
     vertex 1.0099833155e+01 -5.2000000000e+00 -1.2861625709e+00
     vertex 1.0049520013e+01 -5.2000000000e+00 -1.3337863894e+00
   endloop
 endfacet
 facet normal  -5.8040404873e-01 3.1180815737e-01 7.5226778025e-01
   outer loop
     vertex 1.0099833155e+01 -5.2000000000e+00 -1.2861625709e+00
     vertex 1.0154407003e+01 -5.2000000000e+00 -1.2440567108e+00
     vertex 1.0099833155e+01 -4.8013849048e+00 -1.4513849048e+00
   endloop
 endfacet
 facet normal  -5.8040404873e-01 3.1180815737e-01 7.5226778025e-01
   outer loop
     vertex 1.0154407003e+01 -5.2000000000e+00 -1.2440567108e+00
     vertex 1.0154407003e+01 -4.7716174034e+00 -1.4216174034e+00
     vertex 1.0099833155e+01 -4.8013849048e+00 -1.4513849048e+00
   endloop
 endfacet
 facet normal  -5.8040404873e-01 7.5226778025e-01 3.1180815737e-01
   outer loop
     vertex 1.0099833155e+01 -4.8013849048e+00 -1.4513849048e+00
     vertex 1.0154407003e+01 -4.7716174034e+00 -1.4216174034e+00
     vertex 1.0099833155e+01 -4.6361625709e+00 -1.8500000000e+00
   endloop
 endfacet
 facet normal  -5.8040404873e-01 7.5226778025e-01 3.1180815737e-01
   outer loop
     vertex 1.0154407003e+01 -4.7716174034e+00 -1.4216174034e+00
     vertex 1.0154407003e+01 -4.5940567108e+00 -1.8500000000e+00
     vertex 1.0099833155e+01 -4.6361625709e+00 -1.8500000000e+00
   endloop
 endfacet
 facet normal  -5.8040404873e-01 7.5226778025e-01 -3.1180815737e-01
   outer loop
     vertex 1.0099833155e+01 -4.6361625709e+00 -1.8500000000e+00
     vertex 1.0154407003e+01 -4.5940567108e+00 -1.8500000000e+00
     vertex 1.0154407003e+01 -4.7716174034e+00 -2.2783825966e+00
   endloop
 endfacet
 facet normal  -5.8040404873e-01 7.5226778025e-01 -3.1180815737e-01
   outer loop
     vertex 1.0099833155e+01 -4.6361625709e+00 -1.8500000000e+00
     vertex 1.0154407003e+01 -4.7716174034e+00 -2.2783825966e+00
     vertex 1.0099833155e+01 -4.8013849048e+00 -2.2486150952e+00
   endloop
 endfacet
 facet normal  -5.8040404873e-01 3.1180815737e-01 -7.5226778025e-01
   outer loop
     vertex 1.0099833155e+01 -4.8013849048e+00 -2.2486150952e+00
     vertex 1.0154407003e+01 -4.7716174034e+00 -2.2783825966e+00
     vertex 1.0154407003e+01 -5.2000000000e+00 -2.4559432892e+00
   endloop
 endfacet
 facet normal  -5.8040404873e-01 3.1180815737e-01 -7.5226778025e-01
   outer loop
     vertex 1.0099833155e+01 -4.8013849048e+00 -2.2486150952e+00
     vertex 1.0154407003e+01 -5.2000000000e+00 -2.4559432892e+00
     vertex 1.0099833155e+01 -5.2000000000e+00 -2.4138374291e+00
   endloop
 endfacet
 facet normal  -5.8040404873e-01 -3.1180815737e-01 -7.5226778025e-01
   outer loop
     vertex 1.0099833155e+01 -5.2000000000e+00 -2.4138374291e+00
     vertex 1.0154407003e+01 -5.2000000000e+00 -2.4559432892e+00
     vertex 1.0099833155e+01 -5.5986150952e+00 -2.2486150952e+00
   endloop
 endfacet
 facet normal  -5.8040404873e-01 -3.1180815737e-01 -7.5226778025e-01
   outer loop
     vertex 1.0154407003e+01 -5.2000000000e+00 -2.4559432892e+00
     vertex 1.0154407003e+01 -5.6283825966e+00 -2.2783825966e+00
     vertex 1.0099833155e+01 -5.5986150952e+00 -2.2486150952e+00
   endloop
 endfacet
 facet normal  -5.8040404873e-01 -7.5226778025e-01 -3.1180815737e-01
   outer loop
     vertex 1.0099833155e+01 -5.5986150952e+00 -2.2486150952e+00
     vertex 1.0154407003e+01 -5.6283825966e+00 -2.2783825966e+00
     vertex 1.0099833155e+01 -5.7638374291e+00 -1.8500000000e+00
   endloop
 endfacet
 facet normal  -5.8040404873e-01 -7.5226778025e-01 -3.1180815737e-01
   outer loop
     vertex 1.0154407003e+01 -5.6283825966e+00 -2.2783825966e+00
     vertex 1.0154407003e+01 -5.8059432892e+00 -1.8500000000e+00
     vertex 1.0099833155e+01 -5.7638374291e+00 -1.8500000000e+00
   endloop
 endfacet
 facet normal  -5.8040404873e-01 -7.5226778025e-01 3.1180815737e-01
   outer loop
     vertex 1.0099833155e+01 -5.7638374291e+00 -1.8500000000e+00
     vertex 1.0154407003e+01 -5.8059432892e+00 -1.8500000000e+00
     vertex 1.0154407003e+01 -5.6283825966e+00 -1.4216174034e+00
   endloop
 endfacet
 facet normal  -5.8040404873e-01 -7.5226778025e-01 3.1180815737e-01
   outer loop
     vertex 1.0099833155e+01 -5.7638374291e+00 -1.8500000000e+00
     vertex 1.0154407003e+01 -5.6283825966e+00 -1.4216174034e+00
     vertex 1.0099833155e+01 -5.5986150952e+00 -1.4513849048e+00
   endloop
 endfacet
 facet normal  -5.8040404873e-01 -3.1180815737e-01 7.5226778025e-01
   outer loop
     vertex 1.0099833155e+01 -5.5986150952e+00 -1.4513849048e+00
     vertex 1.0154407003e+01 -5.6283825966e+00 -1.4216174034e+00
     vertex 1.0154407003e+01 -5.2000000000e+00 -1.2440567108e+00
   endloop
 endfacet
 facet normal  -5.8040404873e-01 -3.1180815737e-01 7.5226778025e-01
   outer loop
     vertex 1.0099833155e+01 -5.5986150952e+00 -1.4513849048e+00
     vertex 1.0154407003e+01 -5.2000000000e+00 -1.2440567108e+00
     vertex 1.0099833155e+01 -5.2000000000e+00 -1.2861625709e+00
   endloop
 endfacet
 facet normal  -5.0107391997e-01 3.3136520570e-01 7.9945107866e-01
   outer loop
     vertex 1.0154407003e+01 -5.2000000000e+00 -1.2440567108e+00
     vertex 1.0213320457e+01 -5.2000000000e+00 -1.2071313800e+00
     vertex 1.0154407003e+01 -4.7716174034e+00 -1.4216174034e+00
   endloop
 endfacet
 facet normal  -5.0107391997e-01 3.3136520570e-01 7.9945107866e-01
   outer loop
     vertex 1.0213320457e+01 -5.2000000000e+00 -1.2071313800e+00
     vertex 1.0213320457e+01 -4.7455123712e+00 -1.3955123712e+00
     vertex 1.0154407003e+01 -4.7716174034e+00 -1.4216174034e+00
   endloop
 endfacet
 facet normal  -5.0107391997e-01 7.9945107866e-01 3.3136520570e-01
   outer loop
     vertex 1.0154407003e+01 -4.7716174034e+00 -1.4216174034e+00
     vertex 1.0213320457e+01 -4.7455123712e+00 -1.3955123712e+00
     vertex 1.0154407003e+01 -4.5940567108e+00 -1.8500000000e+00
   endloop
 endfacet
 facet normal  -5.0107391997e-01 7.9945107866e-01 3.3136520570e-01
   outer loop
     vertex 1.0213320457e+01 -4.7455123712e+00 -1.3955123712e+00
     vertex 1.0213320457e+01 -4.5571313800e+00 -1.8500000000e+00
     vertex 1.0154407003e+01 -4.5940567108e+00 -1.8500000000e+00
   endloop
 endfacet
 facet normal  -5.0107391997e-01 7.9945107866e-01 -3.3136520570e-01
   outer loop
     vertex 1.0154407003e+01 -4.5940567108e+00 -1.8500000000e+00
     vertex 1.0213320457e+01 -4.5571313800e+00 -1.8500000000e+00
     vertex 1.0213320457e+01 -4.7455123712e+00 -2.3044876288e+00
   endloop
 endfacet
 facet normal  -5.0107391997e-01 7.9945107866e-01 -3.3136520570e-01
   outer loop
     vertex 1.0154407003e+01 -4.5940567108e+00 -1.8500000000e+00
     vertex 1.0213320457e+01 -4.7455123712e+00 -2.3044876288e+00
     vertex 1.0154407003e+01 -4.7716174034e+00 -2.2783825966e+00
   endloop
 endfacet
 facet normal  -5.0107391997e-01 3.3136520570e-01 -7.9945107866e-01
   outer loop
     vertex 1.0154407003e+01 -4.7716174034e+00 -2.2783825966e+00
     vertex 1.0213320457e+01 -4.7455123712e+00 -2.3044876288e+00
     vertex 1.0213320457e+01 -5.2000000000e+00 -2.4928686200e+00
   endloop
 endfacet
 facet normal  -5.0107391997e-01 3.3136520570e-01 -7.9945107866e-01
   outer loop
     vertex 1.0154407003e+01 -4.7716174034e+00 -2.2783825966e+00
     vertex 1.0213320457e+01 -5.2000000000e+00 -2.4928686200e+00
     vertex 1.0154407003e+01 -5.2000000000e+00 -2.4559432892e+00
   endloop
 endfacet
 facet normal  -5.0107391997e-01 -3.3136520570e-01 -7.9945107866e-01
   outer loop
     vertex 1.0154407003e+01 -5.2000000000e+00 -2.4559432892e+00
     vertex 1.0213320457e+01 -5.2000000000e+00 -2.4928686200e+00
     vertex 1.0154407003e+01 -5.6283825966e+00 -2.2783825966e+00
   endloop
 endfacet
 facet normal  -5.0107391997e-01 -3.3136520570e-01 -7.9945107866e-01
   outer loop
     vertex 1.0213320457e+01 -5.2000000000e+00 -2.4928686200e+00
     vertex 1.0213320457e+01 -5.6544876288e+00 -2.3044876288e+00
     vertex 1.0154407003e+01 -5.6283825966e+00 -2.2783825966e+00
   endloop
 endfacet
 facet normal  -5.0107391997e-01 -7.9945107866e-01 -3.3136520570e-01
   outer loop
     vertex 1.0154407003e+01 -5.6283825966e+00 -2.2783825966e+00
     vertex 1.0213320457e+01 -5.6544876288e+00 -2.3044876288e+00
     vertex 1.0154407003e+01 -5.8059432892e+00 -1.8500000000e+00
   endloop
 endfacet
 facet normal  -5.0107391997e-01 -7.9945107866e-01 -3.3136520570e-01
   outer loop
     vertex 1.0213320457e+01 -5.6544876288e+00 -2.3044876288e+00
     vertex 1.0213320457e+01 -5.8428686200e+00 -1.8500000000e+00
     vertex 1.0154407003e+01 -5.8059432892e+00 -1.8500000000e+00
   endloop
 endfacet
 facet normal  -5.0107391997e-01 -7.9945107866e-01 3.3136520570e-01
   outer loop
     vertex 1.0154407003e+01 -5.8059432892e+00 -1.8500000000e+00
     vertex 1.0213320457e+01 -5.8428686200e+00 -1.8500000000e+00
     vertex 1.0213320457e+01 -5.6544876288e+00 -1.3955123712e+00
   endloop
 endfacet
 facet normal  -5.0107391997e-01 -7.9945107866e-01 3.3136520570e-01
   outer loop
     vertex 1.0154407003e+01 -5.8059432892e+00 -1.8500000000e+00
     vertex 1.0213320457e+01 -5.6544876288e+00 -1.3955123712e+00
     vertex 1.0154407003e+01 -5.6283825966e+00 -1.4216174034e+00
   endloop
 endfacet
 facet normal  -5.0107391997e-01 -3.3136520570e-01 7.9945107866e-01
   outer loop
     vertex 1.0154407003e+01 -5.6283825966e+00 -1.4216174034e+00
     vertex 1.0213320457e+01 -5.6544876288e+00 -1.3955123712e+00
     vertex 1.0213320457e+01 -5.2000000000e+00 -1.2071313800e+00
   endloop
 endfacet
 facet normal  -5.0107391997e-01 -3.3136520570e-01 7.9945107866e-01
   outer loop
     vertex 1.0154407003e+01 -5.6283825966e+00 -1.4216174034e+00
     vertex 1.0213320457e+01 -5.2000000000e+00 -1.2071313800e+00
     vertex 1.0154407003e+01 -5.2000000000e+00 -1.2440567108e+00
   endloop
 endfacet
 facet normal  -4.2385165650e-01 3.4680655118e-01 8.3670484004e-01
   outer loop
     vertex 1.0213320457e+01 -5.2000000000e+00 -1.2071313800e+00
     vertex 1.0276652420e+01 -5.2000000000e+00 -1.1750491493e+00
     vertex 1.0213320457e+01 -4.7455123712e+00 -1.3955123712e+00
   endloop
 endfacet
 facet normal  -4.2385165650e-01 3.4680655118e-01 8.3670484004e-01
   outer loop
     vertex 1.0276652420e+01 -5.2000000000e+00 -1.1750491493e+00
     vertex 1.0276652420e+01 -4.7228312564e+00 -1.3728312564e+00
     vertex 1.0213320457e+01 -4.7455123712e+00 -1.3955123712e+00
   endloop
 endfacet
 facet normal  -4.2385165650e-01 8.3670484004e-01 3.4680655118e-01
   outer loop
     vertex 1.0213320457e+01 -4.7455123712e+00 -1.3955123712e+00
     vertex 1.0276652420e+01 -4.7228312564e+00 -1.3728312564e+00
     vertex 1.0213320457e+01 -4.5571313800e+00 -1.8500000000e+00
   endloop
 endfacet
 facet normal  -4.2385165650e-01 8.3670484004e-01 3.4680655118e-01
   outer loop
     vertex 1.0276652420e+01 -4.7228312564e+00 -1.3728312564e+00
     vertex 1.0276652420e+01 -4.5250491493e+00 -1.8500000000e+00
     vertex 1.0213320457e+01 -4.5571313800e+00 -1.8500000000e+00
   endloop
 endfacet
 facet normal  -4.2385165650e-01 8.3670484004e-01 -3.4680655118e-01
   outer loop
     vertex 1.0213320457e+01 -4.5571313800e+00 -1.8500000000e+00
     vertex 1.0276652420e+01 -4.5250491493e+00 -1.8500000000e+00
     vertex 1.0276652420e+01 -4.7228312564e+00 -2.3271687436e+00
   endloop
 endfacet
 facet normal  -4.2385165650e-01 8.3670484004e-01 -3.4680655118e-01
   outer loop
     vertex 1.0213320457e+01 -4.5571313800e+00 -1.8500000000e+00
     vertex 1.0276652420e+01 -4.7228312564e+00 -2.3271687436e+00
     vertex 1.0213320457e+01 -4.7455123712e+00 -2.3044876288e+00
   endloop
 endfacet
 facet normal  -4.2385165650e-01 3.4680655118e-01 -8.3670484004e-01
   outer loop
     vertex 1.0213320457e+01 -4.7455123712e+00 -2.3044876288e+00
     vertex 1.0276652420e+01 -4.7228312564e+00 -2.3271687436e+00
     vertex 1.0276652420e+01 -5.2000000000e+00 -2.5249508507e+00
   endloop
 endfacet
 facet normal  -4.2385165650e-01 3.4680655118e-01 -8.3670484004e-01
   outer loop
     vertex 1.0213320457e+01 -4.7455123712e+00 -2.3044876288e+00
     vertex 1.0276652420e+01 -5.2000000000e+00 -2.5249508507e+00
     vertex 1.0213320457e+01 -5.2000000000e+00 -2.4928686200e+00
   endloop
 endfacet
 facet normal  -4.2385165650e-01 -3.4680655118e-01 -8.3670484004e-01
   outer loop
     vertex 1.0213320457e+01 -5.2000000000e+00 -2.4928686200e+00
     vertex 1.0276652420e+01 -5.2000000000e+00 -2.5249508507e+00
     vertex 1.0213320457e+01 -5.6544876288e+00 -2.3044876288e+00
   endloop
 endfacet
 facet normal  -4.2385165650e-01 -3.4680655118e-01 -8.3670484004e-01
   outer loop
     vertex 1.0276652420e+01 -5.2000000000e+00 -2.5249508507e+00
     vertex 1.0276652420e+01 -5.6771687436e+00 -2.3271687436e+00
     vertex 1.0213320457e+01 -5.6544876288e+00 -2.3044876288e+00
   endloop
 endfacet
 facet normal  -4.2385165650e-01 -8.3670484004e-01 -3.4680655118e-01
   outer loop
     vertex 1.0213320457e+01 -5.6544876288e+00 -2.3044876288e+00
     vertex 1.0276652420e+01 -5.6771687436e+00 -2.3271687436e+00
     vertex 1.0213320457e+01 -5.8428686200e+00 -1.8500000000e+00
   endloop
 endfacet
 facet normal  -4.2385165650e-01 -8.3670484004e-01 -3.4680655118e-01
   outer loop
     vertex 1.0276652420e+01 -5.6771687436e+00 -2.3271687436e+00
     vertex 1.0276652420e+01 -5.8749508507e+00 -1.8500000000e+00
     vertex 1.0213320457e+01 -5.8428686200e+00 -1.8500000000e+00
   endloop
 endfacet
 facet normal  -4.2385165650e-01 -8.3670484004e-01 3.4680655118e-01
   outer loop
     vertex 1.0213320457e+01 -5.8428686200e+00 -1.8500000000e+00
     vertex 1.0276652420e+01 -5.8749508507e+00 -1.8500000000e+00
     vertex 1.0276652420e+01 -5.6771687436e+00 -1.3728312564e+00
   endloop
 endfacet
 facet normal  -4.2385165650e-01 -8.3670484004e-01 3.4680655118e-01
   outer loop
     vertex 1.0213320457e+01 -5.8428686200e+00 -1.8500000000e+00
     vertex 1.0276652420e+01 -5.6771687436e+00 -1.3728312564e+00
     vertex 1.0213320457e+01 -5.6544876288e+00 -1.3955123712e+00
   endloop
 endfacet
 facet normal  -4.2385165650e-01 -3.4680655118e-01 8.3670484004e-01
   outer loop
     vertex 1.0213320457e+01 -5.6544876288e+00 -1.3955123712e+00
     vertex 1.0276652420e+01 -5.6771687436e+00 -1.3728312564e+00
     vertex 1.0276652420e+01 -5.2000000000e+00 -1.1750491493e+00
   endloop
 endfacet
 facet normal  -4.2385165650e-01 -3.4680655118e-01 8.3670484004e-01
   outer loop
     vertex 1.0213320457e+01 -5.6544876288e+00 -1.3955123712e+00
     vertex 1.0276652420e+01 -5.2000000000e+00 -1.1750491493e+00
     vertex 1.0213320457e+01 -5.2000000000e+00 -1.2071313800e+00
   endloop
 endfacet
 facet normal  -3.5159414553e-01 3.5845478010e-01 8.6480733545e-01
   outer loop
     vertex 1.0276652420e+01 -5.2000000000e+00 -1.1750491493e+00
     vertex 1.0344481795e+01 -5.2000000000e+00 -1.1474725898e+00
     vertex 1.0276652420e+01 -4.7228312564e+00 -1.3728312564e+00
   endloop
 endfacet
 facet normal  -3.5159414553e-01 3.5845478010e-01 8.6480733545e-01
   outer loop
     vertex 1.0344481795e+01 -5.2000000000e+00 -1.1474725898e+00
     vertex 1.0344481795e+01 -4.7033355076e+00 -1.3533355076e+00
     vertex 1.0276652420e+01 -4.7228312564e+00 -1.3728312564e+00
   endloop
 endfacet
 facet normal  -3.5159414553e-01 8.6480733545e-01 3.5845478010e-01
   outer loop
     vertex 1.0276652420e+01 -4.7228312564e+00 -1.3728312564e+00
     vertex 1.0344481795e+01 -4.7033355076e+00 -1.3533355076e+00
     vertex 1.0276652420e+01 -4.5250491493e+00 -1.8500000000e+00
   endloop
 endfacet
 facet normal  -3.5159414553e-01 8.6480733545e-01 3.5845478010e-01
   outer loop
     vertex 1.0344481795e+01 -4.7033355076e+00 -1.3533355076e+00
     vertex 1.0344481795e+01 -4.4974725898e+00 -1.8500000000e+00
     vertex 1.0276652420e+01 -4.5250491493e+00 -1.8500000000e+00
   endloop
 endfacet
 facet normal  -3.5159414553e-01 8.6480733545e-01 -3.5845478010e-01
   outer loop
     vertex 1.0276652420e+01 -4.5250491493e+00 -1.8500000000e+00
     vertex 1.0344481795e+01 -4.4974725898e+00 -1.8500000000e+00
     vertex 1.0344481795e+01 -4.7033355076e+00 -2.3466644924e+00
   endloop
 endfacet
 facet normal  -3.5159414553e-01 8.6480733545e-01 -3.5845478010e-01
   outer loop
     vertex 1.0276652420e+01 -4.5250491493e+00 -1.8500000000e+00
     vertex 1.0344481795e+01 -4.7033355076e+00 -2.3466644924e+00
     vertex 1.0276652420e+01 -4.7228312564e+00 -2.3271687436e+00
   endloop
 endfacet
 facet normal  -3.5159414553e-01 3.5845478010e-01 -8.6480733545e-01
   outer loop
     vertex 1.0276652420e+01 -4.7228312564e+00 -2.3271687436e+00
     vertex 1.0344481795e+01 -4.7033355076e+00 -2.3466644924e+00
     vertex 1.0344481795e+01 -5.2000000000e+00 -2.5525274102e+00
   endloop
 endfacet
 facet normal  -3.5159414553e-01 3.5845478010e-01 -8.6480733545e-01
   outer loop
     vertex 1.0276652420e+01 -4.7228312564e+00 -2.3271687436e+00
     vertex 1.0344481795e+01 -5.2000000000e+00 -2.5525274102e+00
     vertex 1.0276652420e+01 -5.2000000000e+00 -2.5249508507e+00
   endloop
 endfacet
 facet normal  -3.5159414553e-01 -3.5845478010e-01 -8.6480733545e-01
   outer loop
     vertex 1.0276652420e+01 -5.2000000000e+00 -2.5249508507e+00
     vertex 1.0344481795e+01 -5.2000000000e+00 -2.5525274102e+00
     vertex 1.0276652420e+01 -5.6771687436e+00 -2.3271687436e+00
   endloop
 endfacet
 facet normal  -3.5159414553e-01 -3.5845478010e-01 -8.6480733545e-01
   outer loop
     vertex 1.0344481795e+01 -5.2000000000e+00 -2.5525274102e+00
     vertex 1.0344481795e+01 -5.6966644924e+00 -2.3466644924e+00
     vertex 1.0276652420e+01 -5.6771687436e+00 -2.3271687436e+00
   endloop
 endfacet
 facet normal  -3.5159414553e-01 -8.6480733545e-01 -3.5845478010e-01
   outer loop
     vertex 1.0276652420e+01 -5.6771687436e+00 -2.3271687436e+00
     vertex 1.0344481795e+01 -5.6966644924e+00 -2.3466644924e+00
     vertex 1.0276652420e+01 -5.8749508507e+00 -1.8500000000e+00
   endloop
 endfacet
 facet normal  -3.5159414553e-01 -8.6480733545e-01 -3.5845478010e-01
   outer loop
     vertex 1.0344481795e+01 -5.6966644924e+00 -2.3466644924e+00
     vertex 1.0344481795e+01 -5.9025274102e+00 -1.8500000000e+00
     vertex 1.0276652420e+01 -5.8749508507e+00 -1.8500000000e+00
   endloop
 endfacet
 facet normal  -3.5159414553e-01 -8.6480733545e-01 3.5845478010e-01
   outer loop
     vertex 1.0276652420e+01 -5.8749508507e+00 -1.8500000000e+00
     vertex 1.0344481795e+01 -5.9025274102e+00 -1.8500000000e+00
     vertex 1.0344481795e+01 -5.6966644924e+00 -1.3533355076e+00
   endloop
 endfacet
 facet normal  -3.5159414553e-01 -8.6480733545e-01 3.5845478010e-01
   outer loop
     vertex 1.0276652420e+01 -5.8749508507e+00 -1.8500000000e+00
     vertex 1.0344481795e+01 -5.6966644924e+00 -1.3533355076e+00
     vertex 1.0276652420e+01 -5.6771687436e+00 -1.3728312564e+00
   endloop
 endfacet
 facet normal  -3.5159414553e-01 -3.5845478010e-01 8.6480733545e-01
   outer loop
     vertex 1.0276652420e+01 -5.6771687436e+00 -1.3728312564e+00
     vertex 1.0344481795e+01 -5.6966644924e+00 -1.3533355076e+00
     vertex 1.0344481795e+01 -5.2000000000e+00 -1.1474725898e+00
   endloop
 endfacet
 facet normal  -3.5159414553e-01 -3.5845478010e-01 8.6480733545e-01
   outer loop
     vertex 1.0276652420e+01 -5.6771687436e+00 -1.3728312564e+00
     vertex 1.0344481795e+01 -5.2000000000e+00 -1.1474725898e+00
     vertex 1.0276652420e+01 -5.2000000000e+00 -1.1750491493e+00
   endloop
 endfacet
 facet normal  -2.8616561489e-01 3.6688921104e-01 8.8515622784e-01
   outer loop
     vertex 1.0344481795e+01 -5.2000000000e+00 -1.1474725898e+00
     vertex 1.0416887483e+01 -5.2000000000e+00 -1.1240642722e+00
     vertex 1.0344481795e+01 -4.7033355076e+00 -1.3533355076e+00
   endloop
 endfacet
 facet normal  -2.8616561489e-01 3.6688921104e-01 8.8515622784e-01
   outer loop
     vertex 1.0416887483e+01 -5.2000000000e+00 -1.1240642722e+00
     vertex 1.0416887483e+01 -4.6867865730e+00 -1.3367865730e+00
     vertex 1.0344481795e+01 -4.7033355076e+00 -1.3533355076e+00
   endloop
 endfacet
 facet normal  -2.8616561489e-01 8.8515622784e-01 3.6688921104e-01
   outer loop
     vertex 1.0344481795e+01 -4.7033355076e+00 -1.3533355076e+00
     vertex 1.0416887483e+01 -4.6867865730e+00 -1.3367865730e+00
     vertex 1.0344481795e+01 -4.4974725898e+00 -1.8500000000e+00
   endloop
 endfacet
 facet normal  -2.8616561489e-01 8.8515622784e-01 3.6688921104e-01
   outer loop
     vertex 1.0416887483e+01 -4.6867865730e+00 -1.3367865730e+00
     vertex 1.0416887483e+01 -4.4740642722e+00 -1.8500000000e+00
     vertex 1.0344481795e+01 -4.4974725898e+00 -1.8500000000e+00
   endloop
 endfacet
 facet normal  -2.8616561489e-01 8.8515622784e-01 -3.6688921104e-01
   outer loop
     vertex 1.0344481795e+01 -4.4974725898e+00 -1.8500000000e+00
     vertex 1.0416887483e+01 -4.4740642722e+00 -1.8500000000e+00
     vertex 1.0416887483e+01 -4.6867865730e+00 -2.3632134270e+00
   endloop
 endfacet
 facet normal  -2.8616561489e-01 8.8515622784e-01 -3.6688921104e-01
   outer loop
     vertex 1.0344481795e+01 -4.4974725898e+00 -1.8500000000e+00
     vertex 1.0416887483e+01 -4.6867865730e+00 -2.3632134270e+00
     vertex 1.0344481795e+01 -4.7033355076e+00 -2.3466644924e+00
   endloop
 endfacet
 facet normal  -2.8616561489e-01 3.6688921104e-01 -8.8515622784e-01
   outer loop
     vertex 1.0344481795e+01 -4.7033355076e+00 -2.3466644924e+00
     vertex 1.0416887483e+01 -4.6867865730e+00 -2.3632134270e+00
     vertex 1.0416887483e+01 -5.2000000000e+00 -2.5759357278e+00
   endloop
 endfacet
 facet normal  -2.8616561489e-01 3.6688921104e-01 -8.8515622784e-01
   outer loop
     vertex 1.0344481795e+01 -4.7033355076e+00 -2.3466644924e+00
     vertex 1.0416887483e+01 -5.2000000000e+00 -2.5759357278e+00
     vertex 1.0344481795e+01 -5.2000000000e+00 -2.5525274102e+00
   endloop
 endfacet
 facet normal  -2.8616561489e-01 -3.6688921104e-01 -8.8515622784e-01
   outer loop
     vertex 1.0344481795e+01 -5.2000000000e+00 -2.5525274102e+00
     vertex 1.0416887483e+01 -5.2000000000e+00 -2.5759357278e+00
     vertex 1.0344481795e+01 -5.6966644924e+00 -2.3466644924e+00
   endloop
 endfacet
 facet normal  -2.8616561489e-01 -3.6688921104e-01 -8.8515622784e-01
   outer loop
     vertex 1.0416887483e+01 -5.2000000000e+00 -2.5759357278e+00
     vertex 1.0416887483e+01 -5.7132134270e+00 -2.3632134270e+00
     vertex 1.0344481795e+01 -5.6966644924e+00 -2.3466644924e+00
   endloop
 endfacet
 facet normal  -2.8616561489e-01 -8.8515622784e-01 -3.6688921104e-01
   outer loop
     vertex 1.0344481795e+01 -5.6966644924e+00 -2.3466644924e+00
     vertex 1.0416887483e+01 -5.7132134270e+00 -2.3632134270e+00
     vertex 1.0344481795e+01 -5.9025274102e+00 -1.8500000000e+00
   endloop
 endfacet
 facet normal  -2.8616561489e-01 -8.8515622784e-01 -3.6688921104e-01
   outer loop
     vertex 1.0416887483e+01 -5.7132134270e+00 -2.3632134270e+00
     vertex 1.0416887483e+01 -5.9259357278e+00 -1.8500000000e+00
     vertex 1.0344481795e+01 -5.9025274102e+00 -1.8500000000e+00
   endloop
 endfacet
 facet normal  -2.8616561489e-01 -8.8515622784e-01 3.6688921104e-01
   outer loop
     vertex 1.0344481795e+01 -5.9025274102e+00 -1.8500000000e+00
     vertex 1.0416887483e+01 -5.9259357278e+00 -1.8500000000e+00
     vertex 1.0416887483e+01 -5.7132134270e+00 -1.3367865730e+00
   endloop
 endfacet
 facet normal  -2.8616561489e-01 -8.8515622784e-01 3.6688921104e-01
   outer loop
     vertex 1.0344481795e+01 -5.9025274102e+00 -1.8500000000e+00
     vertex 1.0416887483e+01 -5.7132134270e+00 -1.3367865730e+00
     vertex 1.0344481795e+01 -5.6966644924e+00 -1.3533355076e+00
   endloop
 endfacet
 facet normal  -2.8616561489e-01 -3.6688921104e-01 8.8515622784e-01
   outer loop
     vertex 1.0344481795e+01 -5.6966644924e+00 -1.3533355076e+00
     vertex 1.0416887483e+01 -5.7132134270e+00 -1.3367865730e+00
     vertex 1.0416887483e+01 -5.2000000000e+00 -1.1240642722e+00
   endloop
 endfacet
 facet normal  -2.8616561489e-01 -3.6688921104e-01 8.8515622784e-01
   outer loop
     vertex 1.0344481795e+01 -5.6966644924e+00 -1.3533355076e+00
     vertex 1.0416887483e+01 -5.2000000000e+00 -1.1240642722e+00
     vertex 1.0344481795e+01 -5.2000000000e+00 -1.1474725898e+00
   endloop
 endfacet
 facet normal  -2.2848271573e-01 3.7277357333e-01 8.9935282934e-01
   outer loop
     vertex 1.0416887483e+01 -5.2000000000e+00 -1.1240642722e+00
     vertex 1.0493948385e+01 -5.2000000000e+00 -1.1044867675e+00
     vertex 1.0416887483e+01 -4.6867865730e+00 -1.3367865730e+00
   endloop
 endfacet
 facet normal  -2.2848271573e-01 3.7277357333e-01 8.9935282934e-01
   outer loop
     vertex 1.0493948385e+01 -5.2000000000e+00 -1.1044867675e+00
     vertex 1.0493948385e+01 -4.6729459010e+00 -1.3229459010e+00
     vertex 1.0416887483e+01 -4.6867865730e+00 -1.3367865730e+00
   endloop
 endfacet
 facet normal  -2.2848271573e-01 8.9935282934e-01 3.7277357333e-01
   outer loop
     vertex 1.0416887483e+01 -4.6867865730e+00 -1.3367865730e+00
     vertex 1.0493948385e+01 -4.6729459010e+00 -1.3229459010e+00
     vertex 1.0416887483e+01 -4.4740642722e+00 -1.8500000000e+00
   endloop
 endfacet
 facet normal  -2.2848271573e-01 8.9935282934e-01 3.7277357333e-01
   outer loop
     vertex 1.0493948385e+01 -4.6729459010e+00 -1.3229459010e+00
     vertex 1.0493948385e+01 -4.4544867675e+00 -1.8500000000e+00
     vertex 1.0416887483e+01 -4.4740642722e+00 -1.8500000000e+00
   endloop
 endfacet
 facet normal  -2.2848271573e-01 8.9935282934e-01 -3.7277357333e-01
   outer loop
     vertex 1.0416887483e+01 -4.4740642722e+00 -1.8500000000e+00
     vertex 1.0493948385e+01 -4.4544867675e+00 -1.8500000000e+00
     vertex 1.0493948385e+01 -4.6729459010e+00 -2.3770540990e+00
   endloop
 endfacet
 facet normal  -2.2848271573e-01 8.9935282934e-01 -3.7277357333e-01
   outer loop
     vertex 1.0416887483e+01 -4.4740642722e+00 -1.8500000000e+00
     vertex 1.0493948385e+01 -4.6729459010e+00 -2.3770540990e+00
     vertex 1.0416887483e+01 -4.6867865730e+00 -2.3632134270e+00
   endloop
 endfacet
 facet normal  -2.2848271573e-01 3.7277357333e-01 -8.9935282934e-01
   outer loop
     vertex 1.0416887483e+01 -4.6867865730e+00 -2.3632134270e+00
     vertex 1.0493948385e+01 -4.6729459010e+00 -2.3770540990e+00
     vertex 1.0493948385e+01 -5.2000000000e+00 -2.5955132325e+00
   endloop
 endfacet
 facet normal  -2.2848271573e-01 3.7277357333e-01 -8.9935282934e-01
   outer loop
     vertex 1.0416887483e+01 -4.6867865730e+00 -2.3632134270e+00
     vertex 1.0493948385e+01 -5.2000000000e+00 -2.5955132325e+00
     vertex 1.0416887483e+01 -5.2000000000e+00 -2.5759357278e+00
   endloop
 endfacet
 facet normal  -2.2848271573e-01 -3.7277357333e-01 -8.9935282934e-01
   outer loop
     vertex 1.0416887483e+01 -5.2000000000e+00 -2.5759357278e+00
     vertex 1.0493948385e+01 -5.2000000000e+00 -2.5955132325e+00
     vertex 1.0416887483e+01 -5.7132134270e+00 -2.3632134270e+00
   endloop
 endfacet
 facet normal  -2.2848271573e-01 -3.7277357333e-01 -8.9935282934e-01
   outer loop
     vertex 1.0493948385e+01 -5.2000000000e+00 -2.5955132325e+00
     vertex 1.0493948385e+01 -5.7270540990e+00 -2.3770540990e+00
     vertex 1.0416887483e+01 -5.7132134270e+00 -2.3632134270e+00
   endloop
 endfacet
 facet normal  -2.2848271573e-01 -8.9935282934e-01 -3.7277357333e-01
   outer loop
     vertex 1.0416887483e+01 -5.7132134270e+00 -2.3632134270e+00
     vertex 1.0493948385e+01 -5.7270540990e+00 -2.3770540990e+00
     vertex 1.0416887483e+01 -5.9259357278e+00 -1.8500000000e+00
   endloop
 endfacet
 facet normal  -2.2848271573e-01 -8.9935282934e-01 -3.7277357333e-01
   outer loop
     vertex 1.0493948385e+01 -5.7270540990e+00 -2.3770540990e+00
     vertex 1.0493948385e+01 -5.9455132325e+00 -1.8500000000e+00
     vertex 1.0416887483e+01 -5.9259357278e+00 -1.8500000000e+00
   endloop
 endfacet
 facet normal  -2.2848271573e-01 -8.9935282934e-01 3.7277357333e-01
   outer loop
     vertex 1.0416887483e+01 -5.9259357278e+00 -1.8500000000e+00
     vertex 1.0493948385e+01 -5.9455132325e+00 -1.8500000000e+00
     vertex 1.0493948385e+01 -5.7270540990e+00 -1.3229459010e+00
   endloop
 endfacet
 facet normal  -2.2848271573e-01 -8.9935282934e-01 3.7277357333e-01
   outer loop
     vertex 1.0416887483e+01 -5.9259357278e+00 -1.8500000000e+00
     vertex 1.0493948385e+01 -5.7270540990e+00 -1.3229459010e+00
     vertex 1.0416887483e+01 -5.7132134270e+00 -1.3367865730e+00
   endloop
 endfacet
 facet normal  -2.2848271573e-01 -3.7277357333e-01 8.9935282934e-01
   outer loop
     vertex 1.0416887483e+01 -5.7132134270e+00 -1.3367865730e+00
     vertex 1.0493948385e+01 -5.7270540990e+00 -1.3229459010e+00
     vertex 1.0493948385e+01 -5.2000000000e+00 -1.1044867675e+00
   endloop
 endfacet
 facet normal  -2.2848271573e-01 -3.7277357333e-01 8.9935282934e-01
   outer loop
     vertex 1.0416887483e+01 -5.7132134270e+00 -1.3367865730e+00
     vertex 1.0493948385e+01 -5.2000000000e+00 -1.1044867675e+00
     vertex 1.0416887483e+01 -5.2000000000e+00 -1.1240642722e+00
   endloop
 endfacet
 facet normal  -1.7872837234e-01 3.7673679598e-01 9.0891449294e-01
   outer loop
     vertex 1.0493948385e+01 -5.2000000000e+00 -1.1044867675e+00
     vertex 1.0575743404e+01 -5.2000000000e+00 -1.0884026465e+00
     vertex 1.0493948385e+01 -4.6729459010e+00 -1.3229459010e+00
   endloop
 endfacet
 facet normal  -1.7872837234e-01 3.7673679598e-01 9.0891449294e-01
   outer loop
     vertex 1.0575743404e+01 -5.2000000000e+00 -1.0884026465e+00
     vertex 1.0575743404e+01 -4.6615749400e+00 -1.3115749400e+00
     vertex 1.0493948385e+01 -4.6729459010e+00 -1.3229459010e+00
   endloop
 endfacet
 facet normal  -1.7872837234e-01 9.0891449294e-01 3.7673679598e-01
   outer loop
     vertex 1.0493948385e+01 -4.6729459010e+00 -1.3229459010e+00
     vertex 1.0575743404e+01 -4.6615749400e+00 -1.3115749400e+00
     vertex 1.0493948385e+01 -4.4544867675e+00 -1.8500000000e+00
   endloop
 endfacet
 facet normal  -1.7872837234e-01 9.0891449294e-01 3.7673679598e-01
   outer loop
     vertex 1.0575743404e+01 -4.6615749400e+00 -1.3115749400e+00
     vertex 1.0575743404e+01 -4.4384026465e+00 -1.8500000000e+00
     vertex 1.0493948385e+01 -4.4544867675e+00 -1.8500000000e+00
   endloop
 endfacet
 facet normal  -1.7872837234e-01 9.0891449294e-01 -3.7673679598e-01
   outer loop
     vertex 1.0493948385e+01 -4.4544867675e+00 -1.8500000000e+00
     vertex 1.0575743404e+01 -4.4384026465e+00 -1.8500000000e+00
     vertex 1.0575743404e+01 -4.6615749400e+00 -2.3884250600e+00
   endloop
 endfacet
 facet normal  -1.7872837234e-01 9.0891449294e-01 -3.7673679598e-01
   outer loop
     vertex 1.0493948385e+01 -4.4544867675e+00 -1.8500000000e+00
     vertex 1.0575743404e+01 -4.6615749400e+00 -2.3884250600e+00
     vertex 1.0493948385e+01 -4.6729459010e+00 -2.3770540990e+00
   endloop
 endfacet
 facet normal  -1.7872837234e-01 3.7673679598e-01 -9.0891449294e-01
   outer loop
     vertex 1.0493948385e+01 -4.6729459010e+00 -2.3770540990e+00
     vertex 1.0575743404e+01 -4.6615749400e+00 -2.3884250600e+00
     vertex 1.0575743404e+01 -5.2000000000e+00 -2.6115973535e+00
   endloop
 endfacet
 facet normal  -1.7872837234e-01 3.7673679598e-01 -9.0891449294e-01
   outer loop
     vertex 1.0493948385e+01 -4.6729459010e+00 -2.3770540990e+00
     vertex 1.0575743404e+01 -5.2000000000e+00 -2.6115973535e+00
     vertex 1.0493948385e+01 -5.2000000000e+00 -2.5955132325e+00
   endloop
 endfacet
 facet normal  -1.7872837234e-01 -3.7673679598e-01 -9.0891449294e-01
   outer loop
     vertex 1.0493948385e+01 -5.2000000000e+00 -2.5955132325e+00
     vertex 1.0575743404e+01 -5.2000000000e+00 -2.6115973535e+00
     vertex 1.0493948385e+01 -5.7270540990e+00 -2.3770540990e+00
   endloop
 endfacet
 facet normal  -1.7872837234e-01 -3.7673679598e-01 -9.0891449294e-01
   outer loop
     vertex 1.0575743404e+01 -5.2000000000e+00 -2.6115973535e+00
     vertex 1.0575743404e+01 -5.7384250600e+00 -2.3884250600e+00
     vertex 1.0493948385e+01 -5.7270540990e+00 -2.3770540990e+00
   endloop
 endfacet
 facet normal  -1.7872837234e-01 -9.0891449294e-01 -3.7673679598e-01
   outer loop
     vertex 1.0493948385e+01 -5.7270540990e+00 -2.3770540990e+00
     vertex 1.0575743404e+01 -5.7384250600e+00 -2.3884250600e+00
     vertex 1.0493948385e+01 -5.9455132325e+00 -1.8500000000e+00
   endloop
 endfacet
 facet normal  -1.7872837234e-01 -9.0891449294e-01 -3.7673679598e-01
   outer loop
     vertex 1.0575743404e+01 -5.7384250600e+00 -2.3884250600e+00
     vertex 1.0575743404e+01 -5.9615973535e+00 -1.8500000000e+00
     vertex 1.0493948385e+01 -5.9455132325e+00 -1.8500000000e+00
   endloop
 endfacet
 facet normal  -1.7872837234e-01 -9.0891449294e-01 3.7673679598e-01
   outer loop
     vertex 1.0493948385e+01 -5.9455132325e+00 -1.8500000000e+00
     vertex 1.0575743404e+01 -5.9615973535e+00 -1.8500000000e+00
     vertex 1.0575743404e+01 -5.7384250600e+00 -1.3115749400e+00
   endloop
 endfacet
 facet normal  -1.7872837234e-01 -9.0891449294e-01 3.7673679598e-01
   outer loop
     vertex 1.0493948385e+01 -5.9455132325e+00 -1.8500000000e+00
     vertex 1.0575743404e+01 -5.7384250600e+00 -1.3115749400e+00
     vertex 1.0493948385e+01 -5.7270540990e+00 -1.3229459010e+00
   endloop
 endfacet
 facet normal  -1.7872837234e-01 -3.7673679598e-01 9.0891449294e-01
   outer loop
     vertex 1.0493948385e+01 -5.7270540990e+00 -1.3229459010e+00
     vertex 1.0575743404e+01 -5.7384250600e+00 -1.3115749400e+00
     vertex 1.0575743404e+01 -5.2000000000e+00 -1.0884026465e+00
   endloop
 endfacet
 facet normal  -1.7872837234e-01 -3.7673679598e-01 9.0891449294e-01
   outer loop
     vertex 1.0493948385e+01 -5.7270540990e+00 -1.3229459010e+00
     vertex 1.0575743404e+01 -5.2000000000e+00 -1.0884026465e+00
     vertex 1.0493948385e+01 -5.2000000000e+00 -1.1044867675e+00
   endloop
 endfacet
 facet normal  -1.3660328096e-01 3.7931272389e-01 9.1512917183e-01
   outer loop
     vertex 1.0575743404e+01 -5.2000000000e+00 -1.0884026465e+00
     vertex 1.0662351442e+01 -5.2000000000e+00 -1.0754744802e+00
     vertex 1.0575743404e+01 -4.6615749400e+00 -1.3115749400e+00
   endloop
 endfacet
 facet normal  -1.3660328096e-01 3.7931272389e-01 9.1512917183e-01
   outer loop
     vertex 1.0662351442e+01 -5.2000000000e+00 -1.0754744802e+00
     vertex 1.0662351442e+01 -4.6524351384e+00 -1.3024351384e+00
     vertex 1.0575743404e+01 -4.6615749400e+00 -1.3115749400e+00
   endloop
 endfacet
 facet normal  -1.3660328096e-01 9.1512917183e-01 3.7931272389e-01
   outer loop
     vertex 1.0575743404e+01 -4.6615749400e+00 -1.3115749400e+00
     vertex 1.0662351442e+01 -4.6524351384e+00 -1.3024351384e+00
     vertex 1.0575743404e+01 -4.4384026465e+00 -1.8500000000e+00
   endloop
 endfacet
 facet normal  -1.3660328096e-01 9.1512917183e-01 3.7931272389e-01
   outer loop
     vertex 1.0662351442e+01 -4.6524351384e+00 -1.3024351384e+00
     vertex 1.0662351442e+01 -4.4254744802e+00 -1.8500000000e+00
     vertex 1.0575743404e+01 -4.4384026465e+00 -1.8500000000e+00
   endloop
 endfacet
 facet normal  -1.3660328096e-01 9.1512917183e-01 -3.7931272389e-01
   outer loop
     vertex 1.0575743404e+01 -4.4384026465e+00 -1.8500000000e+00
     vertex 1.0662351442e+01 -4.4254744802e+00 -1.8500000000e+00
     vertex 1.0662351442e+01 -4.6524351384e+00 -2.3975648616e+00
   endloop
 endfacet
 facet normal  -1.3660328096e-01 9.1512917183e-01 -3.7931272389e-01
   outer loop
     vertex 1.0575743404e+01 -4.4384026465e+00 -1.8500000000e+00
     vertex 1.0662351442e+01 -4.6524351384e+00 -2.3975648616e+00
     vertex 1.0575743404e+01 -4.6615749400e+00 -2.3884250600e+00
   endloop
 endfacet
 facet normal  -1.3660328096e-01 3.7931272389e-01 -9.1512917183e-01
   outer loop
     vertex 1.0575743404e+01 -4.6615749400e+00 -2.3884250600e+00
     vertex 1.0662351442e+01 -4.6524351384e+00 -2.3975648616e+00
     vertex 1.0662351442e+01 -5.2000000000e+00 -2.6245255198e+00
   endloop
 endfacet
 facet normal  -1.3660328096e-01 3.7931272389e-01 -9.1512917183e-01
   outer loop
     vertex 1.0575743404e+01 -4.6615749400e+00 -2.3884250600e+00
     vertex 1.0662351442e+01 -5.2000000000e+00 -2.6245255198e+00
     vertex 1.0575743404e+01 -5.2000000000e+00 -2.6115973535e+00
   endloop
 endfacet
 facet normal  -1.3660328096e-01 -3.7931272389e-01 -9.1512917183e-01
   outer loop
     vertex 1.0575743404e+01 -5.2000000000e+00 -2.6115973535e+00
     vertex 1.0662351442e+01 -5.2000000000e+00 -2.6245255198e+00
     vertex 1.0575743404e+01 -5.7384250600e+00 -2.3884250600e+00
   endloop
 endfacet
 facet normal  -1.3660328096e-01 -3.7931272389e-01 -9.1512917183e-01
   outer loop
     vertex 1.0662351442e+01 -5.2000000000e+00 -2.6245255198e+00
     vertex 1.0662351442e+01 -5.7475648616e+00 -2.3975648616e+00
     vertex 1.0575743404e+01 -5.7384250600e+00 -2.3884250600e+00
   endloop
 endfacet
 facet normal  -1.3660328096e-01 -9.1512917183e-01 -3.7931272389e-01
   outer loop
     vertex 1.0575743404e+01 -5.7384250600e+00 -2.3884250600e+00
     vertex 1.0662351442e+01 -5.7475648616e+00 -2.3975648616e+00
     vertex 1.0575743404e+01 -5.9615973535e+00 -1.8500000000e+00
   endloop
 endfacet
 facet normal  -1.3660328096e-01 -9.1512917183e-01 -3.7931272389e-01
   outer loop
     vertex 1.0662351442e+01 -5.7475648616e+00 -2.3975648616e+00
     vertex 1.0662351442e+01 -5.9745255198e+00 -1.8500000000e+00
     vertex 1.0575743404e+01 -5.9615973535e+00 -1.8500000000e+00
   endloop
 endfacet
 facet normal  -1.3660328096e-01 -9.1512917183e-01 3.7931272389e-01
   outer loop
     vertex 1.0575743404e+01 -5.9615973535e+00 -1.8500000000e+00
     vertex 1.0662351442e+01 -5.9745255198e+00 -1.8500000000e+00
     vertex 1.0662351442e+01 -5.7475648616e+00 -1.3024351384e+00
   endloop
 endfacet
 facet normal  -1.3660328096e-01 -9.1512917183e-01 3.7931272389e-01
   outer loop
     vertex 1.0575743404e+01 -5.9615973535e+00 -1.8500000000e+00
     vertex 1.0662351442e+01 -5.7475648616e+00 -1.3024351384e+00
     vertex 1.0575743404e+01 -5.7384250600e+00 -1.3115749400e+00
   endloop
 endfacet
 facet normal  -1.3660328096e-01 -3.7931272389e-01 9.1512917183e-01
   outer loop
     vertex 1.0575743404e+01 -5.7384250600e+00 -1.3115749400e+00
     vertex 1.0662351442e+01 -5.7475648616e+00 -1.3024351384e+00
     vertex 1.0662351442e+01 -5.2000000000e+00 -1.0754744802e+00
   endloop
 endfacet
 facet normal  -1.3660328096e-01 -3.7931272389e-01 9.1512917183e-01
   outer loop
     vertex 1.0575743404e+01 -5.7384250600e+00 -1.3115749400e+00
     vertex 1.0662351442e+01 -5.2000000000e+00 -1.0754744802e+00
     vertex 1.0575743404e+01 -5.2000000000e+00 -1.0884026465e+00
   endloop
 endfacet
 facet normal  -1.0153998334e-01 3.8092306645e-01 9.1901428130e-01
   outer loop
     vertex 1.0662351442e+01 -5.2000000000e+00 -1.0754744802e+00
     vertex 1.0753851401e+01 -5.2000000000e+00 -1.0653648393e+00
     vertex 1.0662351442e+01 -4.6524351384e+00 -1.3024351384e+00
   endloop
 endfacet
 facet normal  -1.0153998334e-01 3.8092306645e-01 9.1901428130e-01
   outer loop
     vertex 1.0753851401e+01 -5.2000000000e+00 -1.0653648393e+00
     vertex 1.0753851401e+01 -4.6452879444e+00 -1.2952879444e+00
     vertex 1.0662351442e+01 -4.6524351384e+00 -1.3024351384e+00
   endloop
 endfacet
 facet normal  -1.0153998334e-01 9.1901428130e-01 3.8092306645e-01
   outer loop
     vertex 1.0662351442e+01 -4.6524351384e+00 -1.3024351384e+00
     vertex 1.0753851401e+01 -4.6452879444e+00 -1.2952879444e+00
     vertex 1.0662351442e+01 -4.4254744802e+00 -1.8500000000e+00
   endloop
 endfacet
 facet normal  -1.0153998334e-01 9.1901428130e-01 3.8092306645e-01
   outer loop
     vertex 1.0753851401e+01 -4.6452879444e+00 -1.2952879444e+00
     vertex 1.0753851401e+01 -4.4153648393e+00 -1.8500000000e+00
     vertex 1.0662351442e+01 -4.4254744802e+00 -1.8500000000e+00
   endloop
 endfacet
 facet normal  -1.0153998334e-01 9.1901428130e-01 -3.8092306645e-01
   outer loop
     vertex 1.0662351442e+01 -4.4254744802e+00 -1.8500000000e+00
     vertex 1.0753851401e+01 -4.4153648393e+00 -1.8500000000e+00
     vertex 1.0753851401e+01 -4.6452879444e+00 -2.4047120556e+00
   endloop
 endfacet
 facet normal  -1.0153998334e-01 9.1901428130e-01 -3.8092306645e-01
   outer loop
     vertex 1.0662351442e+01 -4.4254744802e+00 -1.8500000000e+00
     vertex 1.0753851401e+01 -4.6452879444e+00 -2.4047120556e+00
     vertex 1.0662351442e+01 -4.6524351384e+00 -2.3975648616e+00
   endloop
 endfacet
 facet normal  -1.0153998334e-01 3.8092306645e-01 -9.1901428130e-01
   outer loop
     vertex 1.0662351442e+01 -4.6524351384e+00 -2.3975648616e+00
     vertex 1.0753851401e+01 -4.6452879444e+00 -2.4047120556e+00
     vertex 1.0753851401e+01 -5.2000000000e+00 -2.6346351607e+00
   endloop
 endfacet
 facet normal  -1.0153998334e-01 3.8092306645e-01 -9.1901428130e-01
   outer loop
     vertex 1.0662351442e+01 -4.6524351384e+00 -2.3975648616e+00
     vertex 1.0753851401e+01 -5.2000000000e+00 -2.6346351607e+00
     vertex 1.0662351442e+01 -5.2000000000e+00 -2.6245255198e+00
   endloop
 endfacet
 facet normal  -1.0153998334e-01 -3.8092306645e-01 -9.1901428130e-01
   outer loop
     vertex 1.0662351442e+01 -5.2000000000e+00 -2.6245255198e+00
     vertex 1.0753851401e+01 -5.2000000000e+00 -2.6346351607e+00
     vertex 1.0662351442e+01 -5.7475648616e+00 -2.3975648616e+00
   endloop
 endfacet
 facet normal  -1.0153998334e-01 -3.8092306645e-01 -9.1901428130e-01
   outer loop
     vertex 1.0753851401e+01 -5.2000000000e+00 -2.6346351607e+00
     vertex 1.0753851401e+01 -5.7547120556e+00 -2.4047120556e+00
     vertex 1.0662351442e+01 -5.7475648616e+00 -2.3975648616e+00
   endloop
 endfacet
 facet normal  -1.0153998334e-01 -9.1901428130e-01 -3.8092306645e-01
   outer loop
     vertex 1.0662351442e+01 -5.7475648616e+00 -2.3975648616e+00
     vertex 1.0753851401e+01 -5.7547120556e+00 -2.4047120556e+00
     vertex 1.0662351442e+01 -5.9745255198e+00 -1.8500000000e+00
   endloop
 endfacet
 facet normal  -1.0153998334e-01 -9.1901428130e-01 -3.8092306645e-01
   outer loop
     vertex 1.0753851401e+01 -5.7547120556e+00 -2.4047120556e+00
     vertex 1.0753851401e+01 -5.9846351607e+00 -1.8500000000e+00
     vertex 1.0662351442e+01 -5.9745255198e+00 -1.8500000000e+00
   endloop
 endfacet
 facet normal  -1.0153998334e-01 -9.1901428130e-01 3.8092306645e-01
   outer loop
     vertex 1.0662351442e+01 -5.9745255198e+00 -1.8500000000e+00
     vertex 1.0753851401e+01 -5.9846351607e+00 -1.8500000000e+00
     vertex 1.0753851401e+01 -5.7547120556e+00 -1.2952879444e+00
   endloop
 endfacet
 facet normal  -1.0153998334e-01 -9.1901428130e-01 3.8092306645e-01
   outer loop
     vertex 1.0662351442e+01 -5.9745255198e+00 -1.8500000000e+00
     vertex 1.0753851401e+01 -5.7547120556e+00 -1.2952879444e+00
     vertex 1.0662351442e+01 -5.7475648616e+00 -1.3024351384e+00
   endloop
 endfacet
 facet normal  -1.0153998334e-01 -3.8092306645e-01 9.1901428130e-01
   outer loop
     vertex 1.0662351442e+01 -5.7475648616e+00 -1.3024351384e+00
     vertex 1.0753851401e+01 -5.7547120556e+00 -1.2952879444e+00
     vertex 1.0753851401e+01 -5.2000000000e+00 -1.0653648393e+00
   endloop
 endfacet
 facet normal  -1.0153998334e-01 -3.8092306645e-01 9.1901428130e-01
   outer loop
     vertex 1.0662351442e+01 -5.7475648616e+00 -1.3024351384e+00
     vertex 1.0753851401e+01 -5.2000000000e+00 -1.0653648393e+00
     vertex 1.0662351442e+01 -5.2000000000e+00 -1.0754744802e+00
   endloop
 endfacet
 facet normal  -7.2855603200e-02 3.8188454913e-01 9.2133395260e-01
   outer loop
     vertex 1.0753851401e+01 -5.2000000000e+00 -1.0653648393e+00
     vertex 1.0850322183e+01 -5.2000000000e+00 -1.0577362949e+00
     vertex 1.0753851401e+01 -4.6452879444e+00 -1.2952879444e+00
   endloop
 endfacet
 facet normal  -7.2855603200e-02 3.8188454913e-01 9.2133395260e-01
   outer loop
     vertex 1.0850322183e+01 -5.2000000000e+00 -1.0577362949e+00
     vertex 1.0850322183e+01 -4.6398948066e+00 -1.2898948066e+00
     vertex 1.0753851401e+01 -4.6452879444e+00 -1.2952879444e+00
   endloop
 endfacet
 facet normal  -7.2855603200e-02 9.2133395260e-01 3.8188454913e-01
   outer loop
     vertex 1.0753851401e+01 -4.6452879444e+00 -1.2952879444e+00
     vertex 1.0850322183e+01 -4.6398948066e+00 -1.2898948066e+00
     vertex 1.0753851401e+01 -4.4153648393e+00 -1.8500000000e+00
   endloop
 endfacet
 facet normal  -7.2855603200e-02 9.2133395260e-01 3.8188454913e-01
   outer loop
     vertex 1.0850322183e+01 -4.6398948066e+00 -1.2898948066e+00
     vertex 1.0850322183e+01 -4.4077362949e+00 -1.8500000000e+00
     vertex 1.0753851401e+01 -4.4153648393e+00 -1.8500000000e+00
   endloop
 endfacet
 facet normal  -7.2855603200e-02 9.2133395260e-01 -3.8188454913e-01
   outer loop
     vertex 1.0753851401e+01 -4.4153648393e+00 -1.8500000000e+00
     vertex 1.0850322183e+01 -4.4077362949e+00 -1.8500000000e+00
     vertex 1.0850322183e+01 -4.6398948066e+00 -2.4101051934e+00
   endloop
 endfacet
 facet normal  -7.2855603200e-02 9.2133395260e-01 -3.8188454913e-01
   outer loop
     vertex 1.0753851401e+01 -4.4153648393e+00 -1.8500000000e+00
     vertex 1.0850322183e+01 -4.6398948066e+00 -2.4101051934e+00
     vertex 1.0753851401e+01 -4.6452879444e+00 -2.4047120556e+00
   endloop
 endfacet
 facet normal  -7.2855603200e-02 3.8188454913e-01 -9.2133395260e-01
   outer loop
     vertex 1.0753851401e+01 -4.6452879444e+00 -2.4047120556e+00
     vertex 1.0850322183e+01 -4.6398948066e+00 -2.4101051934e+00
     vertex 1.0850322183e+01 -5.2000000000e+00 -2.6422637051e+00
   endloop
 endfacet
 facet normal  -7.2855603200e-02 3.8188454913e-01 -9.2133395260e-01
   outer loop
     vertex 1.0753851401e+01 -4.6452879444e+00 -2.4047120556e+00
     vertex 1.0850322183e+01 -5.2000000000e+00 -2.6422637051e+00
     vertex 1.0753851401e+01 -5.2000000000e+00 -2.6346351607e+00
   endloop
 endfacet
 facet normal  -7.2855603200e-02 -3.8188454913e-01 -9.2133395260e-01
   outer loop
     vertex 1.0753851401e+01 -5.2000000000e+00 -2.6346351607e+00
     vertex 1.0850322183e+01 -5.2000000000e+00 -2.6422637051e+00
     vertex 1.0753851401e+01 -5.7547120556e+00 -2.4047120556e+00
   endloop
 endfacet
 facet normal  -7.2855603200e-02 -3.8188454913e-01 -9.2133395260e-01
   outer loop
     vertex 1.0850322183e+01 -5.2000000000e+00 -2.6422637051e+00
     vertex 1.0850322183e+01 -5.7601051934e+00 -2.4101051934e+00
     vertex 1.0753851401e+01 -5.7547120556e+00 -2.4047120556e+00
   endloop
 endfacet
 facet normal  -7.2855603200e-02 -9.2133395260e-01 -3.8188454913e-01
   outer loop
     vertex 1.0753851401e+01 -5.7547120556e+00 -2.4047120556e+00
     vertex 1.0850322183e+01 -5.7601051934e+00 -2.4101051934e+00
     vertex 1.0753851401e+01 -5.9846351607e+00 -1.8500000000e+00
   endloop
 endfacet
 facet normal  -7.2855603200e-02 -9.2133395260e-01 -3.8188454913e-01
   outer loop
     vertex 1.0850322183e+01 -5.7601051934e+00 -2.4101051934e+00
     vertex 1.0850322183e+01 -5.9922637051e+00 -1.8500000000e+00
     vertex 1.0753851401e+01 -5.9846351607e+00 -1.8500000000e+00
   endloop
 endfacet
 facet normal  -7.2855603200e-02 -9.2133395260e-01 3.8188454913e-01
   outer loop
     vertex 1.0753851401e+01 -5.9846351607e+00 -1.8500000000e+00
     vertex 1.0850322183e+01 -5.9922637051e+00 -1.8500000000e+00
     vertex 1.0850322183e+01 -5.7601051934e+00 -1.2898948066e+00
   endloop
 endfacet
 facet normal  -7.2855603200e-02 -9.2133395260e-01 3.8188454913e-01
   outer loop
     vertex 1.0753851401e+01 -5.9846351607e+00 -1.8500000000e+00
     vertex 1.0850322183e+01 -5.7601051934e+00 -1.2898948066e+00
     vertex 1.0753851401e+01 -5.7547120556e+00 -1.2952879444e+00
   endloop
 endfacet
 facet normal  -7.2855603200e-02 -3.8188454913e-01 9.2133395260e-01
   outer loop
     vertex 1.0753851401e+01 -5.7547120556e+00 -1.2952879444e+00
     vertex 1.0850322183e+01 -5.7601051934e+00 -1.2898948066e+00
     vertex 1.0850322183e+01 -5.2000000000e+00 -1.0577362949e+00
   endloop
 endfacet
 facet normal  -7.2855603200e-02 -3.8188454913e-01 9.2133395260e-01
   outer loop
     vertex 1.0753851401e+01 -5.7547120556e+00 -1.2952879444e+00
     vertex 1.0850322183e+01 -5.2000000000e+00 -1.0577362949e+00
     vertex 1.0753851401e+01 -5.2000000000e+00 -1.0653648393e+00
   endloop
 endfacet
 facet normal  -4.9847759076e-02 3.8242609843e-01 9.2264049345e-01
   outer loop
     vertex 1.0850322183e+01 -5.2000000000e+00 -1.0577362949e+00
     vertex 1.0951842689e+01 -5.2000000000e+00 -1.0522514178e+00
     vertex 1.0850322183e+01 -4.6398948066e+00 -1.2898948066e+00
   endloop
 endfacet
 facet normal  -4.9847759076e-02 3.8242609843e-01 9.2264049345e-01
   outer loop
     vertex 1.0951842689e+01 -5.2000000000e+00 -1.0522514178e+00
     vertex 1.0951842689e+01 -4.6360171733e+00 -1.2860171733e+00
     vertex 1.0850322183e+01 -4.6398948066e+00 -1.2898948066e+00
   endloop
 endfacet
 facet normal  -4.9847759076e-02 9.2264049345e-01 3.8242609843e-01
   outer loop
     vertex 1.0850322183e+01 -4.6398948066e+00 -1.2898948066e+00
     vertex 1.0951842689e+01 -4.6360171733e+00 -1.2860171733e+00
     vertex 1.0850322183e+01 -4.4077362949e+00 -1.8500000000e+00
   endloop
 endfacet
 facet normal  -4.9847759076e-02 9.2264049345e-01 3.8242609843e-01
   outer loop
     vertex 1.0951842689e+01 -4.6360171733e+00 -1.2860171733e+00
     vertex 1.0951842689e+01 -4.4022514178e+00 -1.8500000000e+00
     vertex 1.0850322183e+01 -4.4077362949e+00 -1.8500000000e+00
   endloop
 endfacet
 facet normal  -4.9847759076e-02 9.2264049345e-01 -3.8242609843e-01
   outer loop
     vertex 1.0850322183e+01 -4.4077362949e+00 -1.8500000000e+00
     vertex 1.0951842689e+01 -4.4022514178e+00 -1.8500000000e+00
     vertex 1.0951842689e+01 -4.6360171733e+00 -2.4139828267e+00
   endloop
 endfacet
 facet normal  -4.9847759076e-02 9.2264049345e-01 -3.8242609843e-01
   outer loop
     vertex 1.0850322183e+01 -4.4077362949e+00 -1.8500000000e+00
     vertex 1.0951842689e+01 -4.6360171733e+00 -2.4139828267e+00
     vertex 1.0850322183e+01 -4.6398948066e+00 -2.4101051934e+00
   endloop
 endfacet
 facet normal  -4.9847759076e-02 3.8242609843e-01 -9.2264049345e-01
   outer loop
     vertex 1.0850322183e+01 -4.6398948066e+00 -2.4101051934e+00
     vertex 1.0951842689e+01 -4.6360171733e+00 -2.4139828267e+00
     vertex 1.0951842689e+01 -5.2000000000e+00 -2.6477485822e+00
   endloop
 endfacet
 facet normal  -4.9847759076e-02 3.8242609843e-01 -9.2264049345e-01
   outer loop
     vertex 1.0850322183e+01 -4.6398948066e+00 -2.4101051934e+00
     vertex 1.0951842689e+01 -5.2000000000e+00 -2.6477485822e+00
     vertex 1.0850322183e+01 -5.2000000000e+00 -2.6422637051e+00
   endloop
 endfacet
 facet normal  -4.9847759076e-02 -3.8242609843e-01 -9.2264049345e-01
   outer loop
     vertex 1.0850322183e+01 -5.2000000000e+00 -2.6422637051e+00
     vertex 1.0951842689e+01 -5.2000000000e+00 -2.6477485822e+00
     vertex 1.0850322183e+01 -5.7601051934e+00 -2.4101051934e+00
   endloop
 endfacet
 facet normal  -4.9847759076e-02 -3.8242609843e-01 -9.2264049345e-01
   outer loop
     vertex 1.0951842689e+01 -5.2000000000e+00 -2.6477485822e+00
     vertex 1.0951842689e+01 -5.7639828267e+00 -2.4139828267e+00
     vertex 1.0850322183e+01 -5.7601051934e+00 -2.4101051934e+00
   endloop
 endfacet
 facet normal  -4.9847759076e-02 -9.2264049345e-01 -3.8242609843e-01
   outer loop
     vertex 1.0850322183e+01 -5.7601051934e+00 -2.4101051934e+00
     vertex 1.0951842689e+01 -5.7639828267e+00 -2.4139828267e+00
     vertex 1.0850322183e+01 -5.9922637051e+00 -1.8500000000e+00
   endloop
 endfacet
 facet normal  -4.9847759076e-02 -9.2264049345e-01 -3.8242609843e-01
   outer loop
     vertex 1.0951842689e+01 -5.7639828267e+00 -2.4139828267e+00
     vertex 1.0951842689e+01 -5.9977485822e+00 -1.8500000000e+00
     vertex 1.0850322183e+01 -5.9922637051e+00 -1.8500000000e+00
   endloop
 endfacet
 facet normal  -4.9847759076e-02 -9.2264049345e-01 3.8242609843e-01
   outer loop
     vertex 1.0850322183e+01 -5.9922637051e+00 -1.8500000000e+00
     vertex 1.0951842689e+01 -5.9977485822e+00 -1.8500000000e+00
     vertex 1.0951842689e+01 -5.7639828267e+00 -1.2860171733e+00
   endloop
 endfacet
 facet normal  -4.9847759076e-02 -9.2264049345e-01 3.8242609843e-01
   outer loop
     vertex 1.0850322183e+01 -5.9922637051e+00 -1.8500000000e+00
     vertex 1.0951842689e+01 -5.7639828267e+00 -1.2860171733e+00
     vertex 1.0850322183e+01 -5.7601051934e+00 -1.2898948066e+00
   endloop
 endfacet
 facet normal  -4.9847759076e-02 -3.8242609843e-01 9.2264049345e-01
   outer loop
     vertex 1.0850322183e+01 -5.7601051934e+00 -1.2898948066e+00
     vertex 1.0951842689e+01 -5.7639828267e+00 -1.2860171733e+00
     vertex 1.0951842689e+01 -5.2000000000e+00 -1.0522514178e+00
   endloop
 endfacet
 facet normal  -4.9847759076e-02 -3.8242609843e-01 9.2264049345e-01
   outer loop
     vertex 1.0850322183e+01 -5.7601051934e+00 -1.2898948066e+00
     vertex 1.0951842689e+01 -5.2000000000e+00 -1.0522514178e+00
     vertex 1.0850322183e+01 -5.2000000000e+00 -1.0577362949e+00
   endloop
 endfacet
 facet normal  -3.1848004203e-02 3.8270787454e-01 9.2332030596e-01
   outer loop
     vertex 1.0951842689e+01 -5.2000000000e+00 -1.0522514178e+00
     vertex 1.1058491822e+01 -5.2000000000e+00 -1.0485727788e+00
     vertex 1.0951842689e+01 -4.6360171733e+00 -1.2860171733e+00
   endloop
 endfacet
 facet normal  -3.1848004203e-02 3.8270787454e-01 9.2332030596e-01
   outer loop
     vertex 1.1058491822e+01 -5.2000000000e+00 -1.0485727788e+00
     vertex 1.1058491822e+01 -4.6334164928e+00 -1.2834164928e+00
     vertex 1.0951842689e+01 -4.6360171733e+00 -1.2860171733e+00
   endloop
 endfacet
 facet normal  -3.1848004203e-02 9.2332030596e-01 3.8270787454e-01
   outer loop
     vertex 1.0951842689e+01 -4.6360171733e+00 -1.2860171733e+00
     vertex 1.1058491822e+01 -4.6334164928e+00 -1.2834164928e+00
     vertex 1.0951842689e+01 -4.4022514178e+00 -1.8500000000e+00
   endloop
 endfacet
 facet normal  -3.1848004203e-02 9.2332030596e-01 3.8270787454e-01
   outer loop
     vertex 1.1058491822e+01 -4.6334164928e+00 -1.2834164928e+00
     vertex 1.1058491822e+01 -4.3985727788e+00 -1.8500000000e+00
     vertex 1.0951842689e+01 -4.4022514178e+00 -1.8500000000e+00
   endloop
 endfacet
 facet normal  -3.1848004203e-02 9.2332030596e-01 -3.8270787454e-01
   outer loop
     vertex 1.0951842689e+01 -4.4022514178e+00 -1.8500000000e+00
     vertex 1.1058491822e+01 -4.3985727788e+00 -1.8500000000e+00
     vertex 1.1058491822e+01 -4.6334164928e+00 -2.4165835072e+00
   endloop
 endfacet
 facet normal  -3.1848004203e-02 9.2332030596e-01 -3.8270787454e-01
   outer loop
     vertex 1.0951842689e+01 -4.4022514178e+00 -1.8500000000e+00
     vertex 1.1058491822e+01 -4.6334164928e+00 -2.4165835072e+00
     vertex 1.0951842689e+01 -4.6360171733e+00 -2.4139828267e+00
   endloop
 endfacet
 facet normal  -3.1848004203e-02 3.8270787454e-01 -9.2332030596e-01
   outer loop
     vertex 1.0951842689e+01 -4.6360171733e+00 -2.4139828267e+00
     vertex 1.1058491822e+01 -4.6334164928e+00 -2.4165835072e+00
     vertex 1.1058491822e+01 -5.2000000000e+00 -2.6514272212e+00
   endloop
 endfacet
 facet normal  -3.1848004203e-02 3.8270787454e-01 -9.2332030596e-01
   outer loop
     vertex 1.0951842689e+01 -4.6360171733e+00 -2.4139828267e+00
     vertex 1.1058491822e+01 -5.2000000000e+00 -2.6514272212e+00
     vertex 1.0951842689e+01 -5.2000000000e+00 -2.6477485822e+00
   endloop
 endfacet
 facet normal  -3.1848004203e-02 -3.8270787454e-01 -9.2332030596e-01
   outer loop
     vertex 1.0951842689e+01 -5.2000000000e+00 -2.6477485822e+00
     vertex 1.1058491822e+01 -5.2000000000e+00 -2.6514272212e+00
     vertex 1.0951842689e+01 -5.7639828267e+00 -2.4139828267e+00
   endloop
 endfacet
 facet normal  -3.1848004203e-02 -3.8270787454e-01 -9.2332030596e-01
   outer loop
     vertex 1.1058491822e+01 -5.2000000000e+00 -2.6514272212e+00
     vertex 1.1058491822e+01 -5.7665835072e+00 -2.4165835072e+00
     vertex 1.0951842689e+01 -5.7639828267e+00 -2.4139828267e+00
   endloop
 endfacet
 facet normal  -3.1848004203e-02 -9.2332030596e-01 -3.8270787454e-01
   outer loop
     vertex 1.0951842689e+01 -5.7639828267e+00 -2.4139828267e+00
     vertex 1.1058491822e+01 -5.7665835072e+00 -2.4165835072e+00
     vertex 1.0951842689e+01 -5.9977485822e+00 -1.8500000000e+00
   endloop
 endfacet
 facet normal  -3.1848004203e-02 -9.2332030596e-01 -3.8270787454e-01
   outer loop
     vertex 1.1058491822e+01 -5.7665835072e+00 -2.4165835072e+00
     vertex 1.1058491822e+01 -6.0014272212e+00 -1.8500000000e+00
     vertex 1.0951842689e+01 -5.9977485822e+00 -1.8500000000e+00
   endloop
 endfacet
 facet normal  -3.1848004203e-02 -9.2332030596e-01 3.8270787454e-01
   outer loop
     vertex 1.0951842689e+01 -5.9977485822e+00 -1.8500000000e+00
     vertex 1.1058491822e+01 -6.0014272212e+00 -1.8500000000e+00
     vertex 1.1058491822e+01 -5.7665835072e+00 -1.2834164928e+00
   endloop
 endfacet
 facet normal  -3.1848004203e-02 -9.2332030596e-01 3.8270787454e-01
   outer loop
     vertex 1.0951842689e+01 -5.9977485822e+00 -1.8500000000e+00
     vertex 1.1058491822e+01 -5.7665835072e+00 -1.2834164928e+00
     vertex 1.0951842689e+01 -5.7639828267e+00 -1.2860171733e+00
   endloop
 endfacet
 facet normal  -3.1848004203e-02 -3.8270787454e-01 9.2332030596e-01
   outer loop
     vertex 1.0951842689e+01 -5.7639828267e+00 -1.2860171733e+00
     vertex 1.1058491822e+01 -5.7665835072e+00 -1.2834164928e+00
     vertex 1.1058491822e+01 -5.2000000000e+00 -1.0485727788e+00
   endloop
 endfacet
 facet normal  -3.1848004203e-02 -3.8270787454e-01 9.2332030596e-01
   outer loop
     vertex 1.0951842689e+01 -5.7639828267e+00 -1.2860171733e+00
     vertex 1.1058491822e+01 -5.2000000000e+00 -1.0485727788e+00
     vertex 1.0951842689e+01 -5.2000000000e+00 -1.0522514178e+00
   endloop
 endfacet
 facet normal  -1.8247250004e-02 3.8283836046e-01 9.2363511606e-01
   outer loop
     vertex 1.1058491822e+01 -5.2000000000e+00 -1.0485727788e+00
     vertex 1.1170348484e+01 -5.2000000000e+00 -1.0463629490e+00
     vertex 1.1058491822e+01 -4.6334164928e+00 -1.2834164928e+00
   endloop
 endfacet
 facet normal  -1.8247250004e-02 3.8283836046e-01 9.2363511606e-01
   outer loop
     vertex 1.1170348484e+01 -5.2000000000e+00 -1.0463629490e+00
     vertex 1.1170348484e+01 -4.6318542135e+00 -1.2818542135e+00
     vertex 1.1058491822e+01 -4.6334164928e+00 -1.2834164928e+00
   endloop
 endfacet
 facet normal  -1.8247250004e-02 9.2363511606e-01 3.8283836046e-01
   outer loop
     vertex 1.1058491822e+01 -4.6334164928e+00 -1.2834164928e+00
     vertex 1.1170348484e+01 -4.6318542135e+00 -1.2818542135e+00
     vertex 1.1058491822e+01 -4.3985727788e+00 -1.8500000000e+00
   endloop
 endfacet
 facet normal  -1.8247250004e-02 9.2363511606e-01 3.8283836046e-01
   outer loop
     vertex 1.1170348484e+01 -4.6318542135e+00 -1.2818542135e+00
     vertex 1.1170348484e+01 -4.3963629490e+00 -1.8500000000e+00
     vertex 1.1058491822e+01 -4.3985727788e+00 -1.8500000000e+00
   endloop
 endfacet
 facet normal  -1.8247250004e-02 9.2363511606e-01 -3.8283836046e-01
   outer loop
     vertex 1.1058491822e+01 -4.3985727788e+00 -1.8500000000e+00
     vertex 1.1170348484e+01 -4.3963629490e+00 -1.8500000000e+00
     vertex 1.1170348484e+01 -4.6318542135e+00 -2.4181457865e+00
   endloop
 endfacet
 facet normal  -1.8247250004e-02 9.2363511606e-01 -3.8283836046e-01
   outer loop
     vertex 1.1058491822e+01 -4.3985727788e+00 -1.8500000000e+00
     vertex 1.1170348484e+01 -4.6318542135e+00 -2.4181457865e+00
     vertex 1.1058491822e+01 -4.6334164928e+00 -2.4165835072e+00
   endloop
 endfacet
 facet normal  -1.8247250004e-02 3.8283836046e-01 -9.2363511606e-01
   outer loop
     vertex 1.1058491822e+01 -4.6334164928e+00 -2.4165835072e+00
     vertex 1.1170348484e+01 -4.6318542135e+00 -2.4181457865e+00
     vertex 1.1170348484e+01 -5.2000000000e+00 -2.6536370510e+00
   endloop
 endfacet
 facet normal  -1.8247250004e-02 3.8283836046e-01 -9.2363511606e-01
   outer loop
     vertex 1.1058491822e+01 -4.6334164928e+00 -2.4165835072e+00
     vertex 1.1170348484e+01 -5.2000000000e+00 -2.6536370510e+00
     vertex 1.1058491822e+01 -5.2000000000e+00 -2.6514272212e+00
   endloop
 endfacet
 facet normal  -1.8247250004e-02 -3.8283836046e-01 -9.2363511606e-01
   outer loop
     vertex 1.1058491822e+01 -5.2000000000e+00 -2.6514272212e+00
     vertex 1.1170348484e+01 -5.2000000000e+00 -2.6536370510e+00
     vertex 1.1058491822e+01 -5.7665835072e+00 -2.4165835072e+00
   endloop
 endfacet
 facet normal  -1.8247250004e-02 -3.8283836046e-01 -9.2363511606e-01
   outer loop
     vertex 1.1170348484e+01 -5.2000000000e+00 -2.6536370510e+00
     vertex 1.1170348484e+01 -5.7681457865e+00 -2.4181457865e+00
     vertex 1.1058491822e+01 -5.7665835072e+00 -2.4165835072e+00
   endloop
 endfacet
 facet normal  -1.8247250004e-02 -9.2363511606e-01 -3.8283836046e-01
   outer loop
     vertex 1.1058491822e+01 -5.7665835072e+00 -2.4165835072e+00
     vertex 1.1170348484e+01 -5.7681457865e+00 -2.4181457865e+00
     vertex 1.1058491822e+01 -6.0014272212e+00 -1.8500000000e+00
   endloop
 endfacet
 facet normal  -1.8247250004e-02 -9.2363511606e-01 -3.8283836046e-01
   outer loop
     vertex 1.1170348484e+01 -5.7681457865e+00 -2.4181457865e+00
     vertex 1.1170348484e+01 -6.0036370510e+00 -1.8500000000e+00
     vertex 1.1058491822e+01 -6.0014272212e+00 -1.8500000000e+00
   endloop
 endfacet
 facet normal  -1.8247250004e-02 -9.2363511606e-01 3.8283836046e-01
   outer loop
     vertex 1.1058491822e+01 -6.0014272212e+00 -1.8500000000e+00
     vertex 1.1170348484e+01 -6.0036370510e+00 -1.8500000000e+00
     vertex 1.1170348484e+01 -5.7681457865e+00 -1.2818542135e+00
   endloop
 endfacet
 facet normal  -1.8247250004e-02 -9.2363511606e-01 3.8283836046e-01
   outer loop
     vertex 1.1058491822e+01 -6.0014272212e+00 -1.8500000000e+00
     vertex 1.1170348484e+01 -5.7681457865e+00 -1.2818542135e+00
     vertex 1.1058491822e+01 -5.7665835072e+00 -1.2834164928e+00
   endloop
 endfacet
 facet normal  -1.8247250004e-02 -3.8283836046e-01 9.2363511606e-01
   outer loop
     vertex 1.1058491822e+01 -5.7665835072e+00 -1.2834164928e+00
     vertex 1.1170348484e+01 -5.7681457865e+00 -1.2818542135e+00
     vertex 1.1170348484e+01 -5.2000000000e+00 -1.0463629490e+00
   endloop
 endfacet
 facet normal  -1.8247250004e-02 -3.8283836046e-01 9.2363511606e-01
   outer loop
     vertex 1.1058491822e+01 -5.7665835072e+00 -1.2834164928e+00
     vertex 1.1170348484e+01 -5.2000000000e+00 -1.0463629490e+00
     vertex 1.1058491822e+01 -5.2000000000e+00 -1.0485727788e+00
   endloop
 endfacet
 facet normal  -8.5043345864e-03 3.8288826502e-01 9.2375551571e-01
   outer loop
     vertex 1.1170348484e+01 -5.2000000000e+00 -1.0463629490e+00
     vertex 1.1287491576e+01 -5.2000000000e+00 -1.0452844991e+00
     vertex 1.1170348484e+01 -4.6318542135e+00 -1.2818542135e+00
   endloop
 endfacet
 facet normal  -8.5043345864e-03 3.8288826502e-01 9.2375551571e-01
   outer loop
     vertex 1.1287491576e+01 -5.2000000000e+00 -1.0452844991e+00
     vertex 1.1287491576e+01 -4.6310917837e+00 -1.2810917837e+00
     vertex 1.1170348484e+01 -4.6318542135e+00 -1.2818542135e+00
   endloop
 endfacet
 facet normal  -8.5043345864e-03 9.2375551571e-01 3.8288826502e-01
   outer loop
     vertex 1.1170348484e+01 -4.6318542135e+00 -1.2818542135e+00
     vertex 1.1287491576e+01 -4.6310917837e+00 -1.2810917837e+00
     vertex 1.1170348484e+01 -4.3963629490e+00 -1.8500000000e+00
   endloop
 endfacet
 facet normal  -8.5043345864e-03 9.2375551571e-01 3.8288826502e-01
   outer loop
     vertex 1.1287491576e+01 -4.6310917837e+00 -1.2810917837e+00
     vertex 1.1287491576e+01 -4.3952844991e+00 -1.8500000000e+00
     vertex 1.1170348484e+01 -4.3963629490e+00 -1.8500000000e+00
   endloop
 endfacet
 facet normal  -8.5043345864e-03 9.2375551571e-01 -3.8288826502e-01
   outer loop
     vertex 1.1170348484e+01 -4.3963629490e+00 -1.8500000000e+00
     vertex 1.1287491576e+01 -4.3952844991e+00 -1.8500000000e+00
     vertex 1.1287491576e+01 -4.6310917837e+00 -2.4189082163e+00
   endloop
 endfacet
 facet normal  -8.5043345864e-03 9.2375551571e-01 -3.8288826502e-01
   outer loop
     vertex 1.1170348484e+01 -4.3963629490e+00 -1.8500000000e+00
     vertex 1.1287491576e+01 -4.6310917837e+00 -2.4189082163e+00
     vertex 1.1170348484e+01 -4.6318542135e+00 -2.4181457865e+00
   endloop
 endfacet
 facet normal  -8.5043345864e-03 3.8288826502e-01 -9.2375551571e-01
   outer loop
     vertex 1.1170348484e+01 -4.6318542135e+00 -2.4181457865e+00
     vertex 1.1287491576e+01 -4.6310917837e+00 -2.4189082163e+00
     vertex 1.1287491576e+01 -5.2000000000e+00 -2.6547155009e+00
   endloop
 endfacet
 facet normal  -8.5043345864e-03 3.8288826502e-01 -9.2375551571e-01
   outer loop
     vertex 1.1170348484e+01 -4.6318542135e+00 -2.4181457865e+00
     vertex 1.1287491576e+01 -5.2000000000e+00 -2.6547155009e+00
     vertex 1.1170348484e+01 -5.2000000000e+00 -2.6536370510e+00
   endloop
 endfacet
 facet normal  -8.5043345864e-03 -3.8288826502e-01 -9.2375551571e-01
   outer loop
     vertex 1.1170348484e+01 -5.2000000000e+00 -2.6536370510e+00
     vertex 1.1287491576e+01 -5.2000000000e+00 -2.6547155009e+00
     vertex 1.1170348484e+01 -5.7681457865e+00 -2.4181457865e+00
   endloop
 endfacet
 facet normal  -8.5043345864e-03 -3.8288826502e-01 -9.2375551571e-01
   outer loop
     vertex 1.1287491576e+01 -5.2000000000e+00 -2.6547155009e+00
     vertex 1.1287491576e+01 -5.7689082163e+00 -2.4189082163e+00
     vertex 1.1170348484e+01 -5.7681457865e+00 -2.4181457865e+00
   endloop
 endfacet
 facet normal  -8.5043345864e-03 -9.2375551571e-01 -3.8288826502e-01
   outer loop
     vertex 1.1170348484e+01 -5.7681457865e+00 -2.4181457865e+00
     vertex 1.1287491576e+01 -5.7689082163e+00 -2.4189082163e+00
     vertex 1.1170348484e+01 -6.0036370510e+00 -1.8500000000e+00
   endloop
 endfacet
 facet normal  -8.5043345864e-03 -9.2375551571e-01 -3.8288826502e-01
   outer loop
     vertex 1.1287491576e+01 -5.7689082163e+00 -2.4189082163e+00
     vertex 1.1287491576e+01 -6.0047155009e+00 -1.8500000000e+00
     vertex 1.1170348484e+01 -6.0036370510e+00 -1.8500000000e+00
   endloop
 endfacet
 facet normal  -8.5043345864e-03 -9.2375551571e-01 3.8288826502e-01
   outer loop
     vertex 1.1170348484e+01 -6.0036370510e+00 -1.8500000000e+00
     vertex 1.1287491576e+01 -6.0047155009e+00 -1.8500000000e+00
     vertex 1.1287491576e+01 -5.7689082163e+00 -1.2810917837e+00
   endloop
 endfacet
 facet normal  -8.5043345864e-03 -9.2375551571e-01 3.8288826502e-01
   outer loop
     vertex 1.1170348484e+01 -6.0036370510e+00 -1.8500000000e+00
     vertex 1.1287491576e+01 -5.7689082163e+00 -1.2810917837e+00
     vertex 1.1170348484e+01 -5.7681457865e+00 -1.2818542135e+00
   endloop
 endfacet
 facet normal  -8.5043345864e-03 -3.8288826502e-01 9.2375551571e-01
   outer loop
     vertex 1.1170348484e+01 -5.7681457865e+00 -1.2818542135e+00
     vertex 1.1287491576e+01 -5.7689082163e+00 -1.2810917837e+00
     vertex 1.1287491576e+01 -5.2000000000e+00 -1.0452844991e+00
   endloop
 endfacet
 facet normal  -8.5043345864e-03 -3.8288826502e-01 9.2375551571e-01
   outer loop
     vertex 1.1170348484e+01 -5.7681457865e+00 -1.2818542135e+00
     vertex 1.1287491576e+01 -5.2000000000e+00 -1.0452844991e+00
     vertex 1.1170348484e+01 -5.2000000000e+00 -1.0463629490e+00
   endloop
 endfacet
 facet normal  -2.1452930415e-03 3.8290123061e-01 9.2378679646e-01
   outer loop
     vertex 1.1287491576e+01 -5.2000000000e+00 -1.0452844991e+00
     vertex 1.1410000000e+01 -5.2000000000e+00 -1.0450000000e+00
     vertex 1.1287491576e+01 -4.6310917837e+00 -1.2810917837e+00
   endloop
 endfacet
 facet normal  -2.1452930415e-03 3.8290123061e-01 9.2378679646e-01
   outer loop
     vertex 1.1410000000e+01 -5.2000000000e+00 -1.0450000000e+00
     vertex 1.1410000000e+01 -4.6308906520e+00 -1.2808906520e+00
     vertex 1.1287491576e+01 -4.6310917837e+00 -1.2810917837e+00
   endloop
 endfacet
 facet normal  -2.1452930415e-03 9.2378679646e-01 3.8290123061e-01
   outer loop
     vertex 1.1287491576e+01 -4.6310917837e+00 -1.2810917837e+00
     vertex 1.1410000000e+01 -4.6308906520e+00 -1.2808906520e+00
     vertex 1.1287491576e+01 -4.3952844991e+00 -1.8500000000e+00
   endloop
 endfacet
 facet normal  -2.1452930415e-03 9.2378679646e-01 3.8290123061e-01
   outer loop
     vertex 1.1410000000e+01 -4.6308906520e+00 -1.2808906520e+00
     vertex 1.1410000000e+01 -4.3950000000e+00 -1.8500000000e+00
     vertex 1.1287491576e+01 -4.3952844991e+00 -1.8500000000e+00
   endloop
 endfacet
 facet normal  -2.1452930415e-03 9.2378679646e-01 -3.8290123061e-01
   outer loop
     vertex 1.1287491576e+01 -4.3952844991e+00 -1.8500000000e+00
     vertex 1.1410000000e+01 -4.3950000000e+00 -1.8500000000e+00
     vertex 1.1410000000e+01 -4.6308906520e+00 -2.4191093480e+00
   endloop
 endfacet
 facet normal  -2.1452930415e-03 9.2378679646e-01 -3.8290123061e-01
   outer loop
     vertex 1.1287491576e+01 -4.3952844991e+00 -1.8500000000e+00
     vertex 1.1410000000e+01 -4.6308906520e+00 -2.4191093480e+00
     vertex 1.1287491576e+01 -4.6310917837e+00 -2.4189082163e+00
   endloop
 endfacet
 facet normal  -2.1452930415e-03 3.8290123061e-01 -9.2378679646e-01
   outer loop
     vertex 1.1287491576e+01 -4.6310917837e+00 -2.4189082163e+00
     vertex 1.1410000000e+01 -4.6308906520e+00 -2.4191093480e+00
     vertex 1.1410000000e+01 -5.2000000000e+00 -2.6550000000e+00
   endloop
 endfacet
 facet normal  -2.1452930415e-03 3.8290123061e-01 -9.2378679646e-01
   outer loop
     vertex 1.1287491576e+01 -4.6310917837e+00 -2.4189082163e+00
     vertex 1.1410000000e+01 -5.2000000000e+00 -2.6550000000e+00
     vertex 1.1287491576e+01 -5.2000000000e+00 -2.6547155009e+00
   endloop
 endfacet
 facet normal  -2.1452930415e-03 -3.8290123061e-01 -9.2378679646e-01
   outer loop
     vertex 1.1287491576e+01 -5.2000000000e+00 -2.6547155009e+00
     vertex 1.1410000000e+01 -5.2000000000e+00 -2.6550000000e+00
     vertex 1.1287491576e+01 -5.7689082163e+00 -2.4189082163e+00
   endloop
 endfacet
 facet normal  -2.1452930415e-03 -3.8290123061e-01 -9.2378679646e-01
   outer loop
     vertex 1.1410000000e+01 -5.2000000000e+00 -2.6550000000e+00
     vertex 1.1410000000e+01 -5.7691093480e+00 -2.4191093480e+00
     vertex 1.1287491576e+01 -5.7689082163e+00 -2.4189082163e+00
   endloop
 endfacet
 facet normal  -2.1452930415e-03 -9.2378679646e-01 -3.8290123061e-01
   outer loop
     vertex 1.1287491576e+01 -5.7689082163e+00 -2.4189082163e+00
     vertex 1.1410000000e+01 -5.7691093480e+00 -2.4191093480e+00
     vertex 1.1287491576e+01 -6.0047155009e+00 -1.8500000000e+00
   endloop
 endfacet
 facet normal  -2.1452930415e-03 -9.2378679646e-01 -3.8290123061e-01
   outer loop
     vertex 1.1410000000e+01 -5.7691093480e+00 -2.4191093480e+00
     vertex 1.1410000000e+01 -6.0050000000e+00 -1.8500000000e+00
     vertex 1.1287491576e+01 -6.0047155009e+00 -1.8500000000e+00
   endloop
 endfacet
 facet normal  -2.1452930415e-03 -9.2378679646e-01 3.8290123061e-01
   outer loop
     vertex 1.1287491576e+01 -6.0047155009e+00 -1.8500000000e+00
     vertex 1.1410000000e+01 -6.0050000000e+00 -1.8500000000e+00
     vertex 1.1410000000e+01 -5.7691093480e+00 -1.2808906520e+00
   endloop
 endfacet
 facet normal  -2.1452930415e-03 -9.2378679646e-01 3.8290123061e-01
   outer loop
     vertex 1.1287491576e+01 -6.0047155009e+00 -1.8500000000e+00
     vertex 1.1410000000e+01 -5.7691093480e+00 -1.2808906520e+00
     vertex 1.1287491576e+01 -5.7689082163e+00 -1.2810917837e+00
   endloop
 endfacet
 facet normal  -2.1452930415e-03 -3.8290123061e-01 9.2378679646e-01
   outer loop
     vertex 1.1287491576e+01 -5.7689082163e+00 -1.2810917837e+00
     vertex 1.1410000000e+01 -5.7691093480e+00 -1.2808906520e+00
     vertex 1.1410000000e+01 -5.2000000000e+00 -1.0450000000e+00
   endloop
 endfacet
 facet normal  -2.1452930415e-03 -3.8290123061e-01 9.2378679646e-01
   outer loop
     vertex 1.1287491576e+01 -5.7689082163e+00 -1.2810917837e+00
     vertex 1.1410000000e+01 -5.2000000000e+00 -1.0450000000e+00
     vertex 1.1287491576e+01 -5.2000000000e+00 -1.0452844991e+00
   endloop
 endfacet
 facet normal  6.2414213941e-02 3.8215557986e-01 9.2198784085e-01
   outer loop
     vertex 1.1410000000e+01 -5.2000000000e+00 -1.0450000000e+00
     vertex 1.1456131339e+01 -5.2000000000e+00 -1.0481228733e+00
     vertex 1.1456131339e+01 -4.6330984239e+00 -1.2830984239e+00
   endloop
 endfacet
 facet normal  6.2414213941e-02 3.8215557986e-01 9.2198784085e-01
   outer loop
     vertex 1.1410000000e+01 -5.2000000000e+00 -1.0450000000e+00
     vertex 1.1456131339e+01 -4.6330984239e+00 -1.2830984239e+00
     vertex 1.1410000000e+01 -4.6308906520e+00 -1.2808906520e+00
   endloop
 endfacet
 facet normal  6.2414213941e-02 9.2198784085e-01 3.8215557986e-01
   outer loop
     vertex 1.1410000000e+01 -4.6308906520e+00 -1.2808906520e+00
     vertex 1.1456131339e+01 -4.6330984239e+00 -1.2830984239e+00
     vertex 1.1456131339e+01 -4.3981228733e+00 -1.8500000000e+00
   endloop
 endfacet
 facet normal  6.2414213941e-02 9.2198784085e-01 3.8215557986e-01
   outer loop
     vertex 1.1410000000e+01 -4.6308906520e+00 -1.2808906520e+00
     vertex 1.1456131339e+01 -4.3981228733e+00 -1.8500000000e+00
     vertex 1.1410000000e+01 -4.3950000000e+00 -1.8500000000e+00
   endloop
 endfacet
 facet normal  6.2414213941e-02 9.2198784085e-01 -3.8215557986e-01
   outer loop
     vertex 1.1410000000e+01 -4.3950000000e+00 -1.8500000000e+00
     vertex 1.1456131339e+01 -4.3981228733e+00 -1.8500000000e+00
     vertex 1.1410000000e+01 -4.6308906520e+00 -2.4191093480e+00
   endloop
 endfacet
 facet normal  6.2414213941e-02 9.2198784085e-01 -3.8215557986e-01
   outer loop
     vertex 1.1456131339e+01 -4.3981228733e+00 -1.8500000000e+00
     vertex 1.1456131339e+01 -4.6330984239e+00 -2.4169015761e+00
     vertex 1.1410000000e+01 -4.6308906520e+00 -2.4191093480e+00
   endloop
 endfacet
 facet normal  6.2414213941e-02 3.8215557986e-01 -9.2198784085e-01
   outer loop
     vertex 1.1410000000e+01 -4.6308906520e+00 -2.4191093480e+00
     vertex 1.1456131339e+01 -4.6330984239e+00 -2.4169015761e+00
     vertex 1.1410000000e+01 -5.2000000000e+00 -2.6550000000e+00
   endloop
 endfacet
 facet normal  6.2414213941e-02 3.8215557986e-01 -9.2198784085e-01
   outer loop
     vertex 1.1456131339e+01 -4.6330984239e+00 -2.4169015761e+00
     vertex 1.1456131339e+01 -5.2000000000e+00 -2.6518771267e+00
     vertex 1.1410000000e+01 -5.2000000000e+00 -2.6550000000e+00
   endloop
 endfacet
 facet normal  6.2414213941e-02 -3.8215557986e-01 -9.2198784085e-01
   outer loop
     vertex 1.1410000000e+01 -5.2000000000e+00 -2.6550000000e+00
     vertex 1.1456131339e+01 -5.2000000000e+00 -2.6518771267e+00
     vertex 1.1456131339e+01 -5.7669015761e+00 -2.4169015761e+00
   endloop
 endfacet
 facet normal  6.2414213941e-02 -3.8215557986e-01 -9.2198784085e-01
   outer loop
     vertex 1.1410000000e+01 -5.2000000000e+00 -2.6550000000e+00
     vertex 1.1456131339e+01 -5.7669015761e+00 -2.4169015761e+00
     vertex 1.1410000000e+01 -5.7691093480e+00 -2.4191093480e+00
   endloop
 endfacet
 facet normal  6.2414213941e-02 -9.2198784085e-01 -3.8215557986e-01
   outer loop
     vertex 1.1410000000e+01 -5.7691093480e+00 -2.4191093480e+00
     vertex 1.1456131339e+01 -5.7669015761e+00 -2.4169015761e+00
     vertex 1.1456131339e+01 -6.0018771267e+00 -1.8500000000e+00
   endloop
 endfacet
 facet normal  6.2414213941e-02 -9.2198784085e-01 -3.8215557986e-01
   outer loop
     vertex 1.1410000000e+01 -5.7691093480e+00 -2.4191093480e+00
     vertex 1.1456131339e+01 -6.0018771267e+00 -1.8500000000e+00
     vertex 1.1410000000e+01 -6.0050000000e+00 -1.8500000000e+00
   endloop
 endfacet
 facet normal  6.2414213941e-02 -9.2198784085e-01 3.8215557986e-01
   outer loop
     vertex 1.1410000000e+01 -6.0050000000e+00 -1.8500000000e+00
     vertex 1.1456131339e+01 -6.0018771267e+00 -1.8500000000e+00
     vertex 1.1410000000e+01 -5.7691093480e+00 -1.2808906520e+00
   endloop
 endfacet
 facet normal  6.2414213941e-02 -9.2198784085e-01 3.8215557986e-01
   outer loop
     vertex 1.1456131339e+01 -6.0018771267e+00 -1.8500000000e+00
     vertex 1.1456131339e+01 -5.7669015761e+00 -1.2830984239e+00
     vertex 1.1410000000e+01 -5.7691093480e+00 -1.2808906520e+00
   endloop
 endfacet
 facet normal  6.2414213941e-02 -3.8215557986e-01 9.2198784085e-01
   outer loop
     vertex 1.1410000000e+01 -5.7691093480e+00 -1.2808906520e+00
     vertex 1.1456131339e+01 -5.7669015761e+00 -1.2830984239e+00
     vertex 1.1410000000e+01 -5.2000000000e+00 -1.0450000000e+00
   endloop
 endfacet
 facet normal  6.2414213941e-02 -3.8215557986e-01 9.2198784085e-01
   outer loop
     vertex 1.1456131339e+01 -5.7669015761e+00 -1.2830984239e+00
     vertex 1.1456131339e+01 -5.2000000000e+00 -1.0481228733e+00
     vertex 1.1410000000e+01 -5.2000000000e+00 -1.0450000000e+00
   endloop
 endfacet
 facet normal  1.5252158267e-01 3.7842221064e-01 9.1298072122e-01
   outer loop
     vertex 1.1456131339e+01 -5.2000000000e+00 -1.0481228733e+00
     vertex 1.1510468480e+01 -5.2000000000e+00 -1.0572003781e+00
     vertex 1.1510468480e+01 -4.6395159305e+00 -1.2895159305e+00
   endloop
 endfacet
 facet normal  1.5252158267e-01 3.7842221064e-01 9.1298072122e-01
   outer loop
     vertex 1.1456131339e+01 -5.2000000000e+00 -1.0481228733e+00
     vertex 1.1510468480e+01 -4.6395159305e+00 -1.2895159305e+00
     vertex 1.1456131339e+01 -4.6330984239e+00 -1.2830984239e+00
   endloop
 endfacet
 facet normal  1.5252158267e-01 9.1298072122e-01 3.7842221064e-01
   outer loop
     vertex 1.1456131339e+01 -4.6330984239e+00 -1.2830984239e+00
     vertex 1.1510468480e+01 -4.6395159305e+00 -1.2895159305e+00
     vertex 1.1510468480e+01 -4.4072003781e+00 -1.8500000000e+00
   endloop
 endfacet
 facet normal  1.5252158267e-01 9.1298072122e-01 3.7842221064e-01
   outer loop
     vertex 1.1456131339e+01 -4.6330984239e+00 -1.2830984239e+00
     vertex 1.1510468480e+01 -4.4072003781e+00 -1.8500000000e+00
     vertex 1.1456131339e+01 -4.3981228733e+00 -1.8500000000e+00
   endloop
 endfacet
 facet normal  1.5252158267e-01 9.1298072122e-01 -3.7842221064e-01
   outer loop
     vertex 1.1456131339e+01 -4.3981228733e+00 -1.8500000000e+00
     vertex 1.1510468480e+01 -4.4072003781e+00 -1.8500000000e+00
     vertex 1.1456131339e+01 -4.6330984239e+00 -2.4169015761e+00
   endloop
 endfacet
 facet normal  1.5252158267e-01 9.1298072122e-01 -3.7842221064e-01
   outer loop
     vertex 1.1510468480e+01 -4.4072003781e+00 -1.8500000000e+00
     vertex 1.1510468480e+01 -4.6395159305e+00 -2.4104840695e+00
     vertex 1.1456131339e+01 -4.6330984239e+00 -2.4169015761e+00
   endloop
 endfacet
 facet normal  1.5252158267e-01 3.7842221064e-01 -9.1298072122e-01
   outer loop
     vertex 1.1456131339e+01 -4.6330984239e+00 -2.4169015761e+00
     vertex 1.1510468480e+01 -4.6395159305e+00 -2.4104840695e+00
     vertex 1.1456131339e+01 -5.2000000000e+00 -2.6518771267e+00
   endloop
 endfacet
 facet normal  1.5252158267e-01 3.7842221064e-01 -9.1298072122e-01
   outer loop
     vertex 1.1510468480e+01 -4.6395159305e+00 -2.4104840695e+00
     vertex 1.1510468480e+01 -5.2000000000e+00 -2.6427996219e+00
     vertex 1.1456131339e+01 -5.2000000000e+00 -2.6518771267e+00
   endloop
 endfacet
 facet normal  1.5252158267e-01 -3.7842221064e-01 -9.1298072122e-01
   outer loop
     vertex 1.1456131339e+01 -5.2000000000e+00 -2.6518771267e+00
     vertex 1.1510468480e+01 -5.2000000000e+00 -2.6427996219e+00
     vertex 1.1510468480e+01 -5.7604840695e+00 -2.4104840695e+00
   endloop
 endfacet
 facet normal  1.5252158267e-01 -3.7842221064e-01 -9.1298072122e-01
   outer loop
     vertex 1.1456131339e+01 -5.2000000000e+00 -2.6518771267e+00
     vertex 1.1510468480e+01 -5.7604840695e+00 -2.4104840695e+00
     vertex 1.1456131339e+01 -5.7669015761e+00 -2.4169015761e+00
   endloop
 endfacet
 facet normal  1.5252158267e-01 -9.1298072122e-01 -3.7842221064e-01
   outer loop
     vertex 1.1456131339e+01 -5.7669015761e+00 -2.4169015761e+00
     vertex 1.1510468480e+01 -5.7604840695e+00 -2.4104840695e+00
     vertex 1.1510468480e+01 -5.9927996219e+00 -1.8500000000e+00
   endloop
 endfacet
 facet normal  1.5252158267e-01 -9.1298072122e-01 -3.7842221064e-01
   outer loop
     vertex 1.1456131339e+01 -5.7669015761e+00 -2.4169015761e+00
     vertex 1.1510468480e+01 -5.9927996219e+00 -1.8500000000e+00
     vertex 1.1456131339e+01 -6.0018771267e+00 -1.8500000000e+00
   endloop
 endfacet
 facet normal  1.5252158267e-01 -9.1298072122e-01 3.7842221064e-01
   outer loop
     vertex 1.1456131339e+01 -6.0018771267e+00 -1.8500000000e+00
     vertex 1.1510468480e+01 -5.9927996219e+00 -1.8500000000e+00
     vertex 1.1456131339e+01 -5.7669015761e+00 -1.2830984239e+00
   endloop
 endfacet
 facet normal  1.5252158267e-01 -9.1298072122e-01 3.7842221064e-01
   outer loop
     vertex 1.1510468480e+01 -5.9927996219e+00 -1.8500000000e+00
     vertex 1.1510468480e+01 -5.7604840695e+00 -1.2895159305e+00
     vertex 1.1456131339e+01 -5.7669015761e+00 -1.2830984239e+00
   endloop
 endfacet
 facet normal  1.5252158267e-01 -3.7842221064e-01 9.1298072122e-01
   outer loop
     vertex 1.1456131339e+01 -5.7669015761e+00 -1.2830984239e+00
     vertex 1.1510468480e+01 -5.7604840695e+00 -1.2895159305e+00
     vertex 1.1456131339e+01 -5.2000000000e+00 -1.0481228733e+00
   endloop
 endfacet
 facet normal  1.5252158267e-01 -3.7842221064e-01 9.1298072122e-01
   outer loop
     vertex 1.1510468480e+01 -5.7604840695e+00 -1.2895159305e+00
     vertex 1.1510468480e+01 -5.2000000000e+00 -1.0572003781e+00
     vertex 1.1456131339e+01 -5.2000000000e+00 -1.0481228733e+00
   endloop
 endfacet
 facet normal  2.1357165091e-01 3.7406756545e-01 9.0247471234e-01
   outer loop
     vertex 1.1510468480e+01 -5.2000000000e+00 -1.0572003781e+00
     vertex 1.1572143503e+01 -5.2000000000e+00 -1.0717958412e+00
     vertex 1.1572143503e+01 -4.6498344578e+00 -1.2998344578e+00
   endloop
 endfacet
 facet normal  2.1357165091e-01 3.7406756545e-01 9.0247471234e-01
   outer loop
     vertex 1.1510468480e+01 -5.2000000000e+00 -1.0572003781e+00
     vertex 1.1572143503e+01 -4.6498344578e+00 -1.2998344578e+00
     vertex 1.1510468480e+01 -4.6395159305e+00 -1.2895159305e+00
   endloop
 endfacet
 facet normal  2.1357165091e-01 9.0247471234e-01 3.7406756545e-01
   outer loop
     vertex 1.1510468480e+01 -4.6395159305e+00 -1.2895159305e+00
     vertex 1.1572143503e+01 -4.6498344578e+00 -1.2998344578e+00
     vertex 1.1572143503e+01 -4.4217958412e+00 -1.8500000000e+00
   endloop
 endfacet
 facet normal  2.1357165091e-01 9.0247471234e-01 3.7406756545e-01
   outer loop
     vertex 1.1510468480e+01 -4.6395159305e+00 -1.2895159305e+00
     vertex 1.1572143503e+01 -4.4217958412e+00 -1.8500000000e+00
     vertex 1.1510468480e+01 -4.4072003781e+00 -1.8500000000e+00
   endloop
 endfacet
 facet normal  2.1357165091e-01 9.0247471234e-01 -3.7406756545e-01
   outer loop
     vertex 1.1510468480e+01 -4.4072003781e+00 -1.8500000000e+00
     vertex 1.1572143503e+01 -4.4217958412e+00 -1.8500000000e+00
     vertex 1.1510468480e+01 -4.6395159305e+00 -2.4104840695e+00
   endloop
 endfacet
 facet normal  2.1357165091e-01 9.0247471234e-01 -3.7406756545e-01
   outer loop
     vertex 1.1572143503e+01 -4.4217958412e+00 -1.8500000000e+00
     vertex 1.1572143503e+01 -4.6498344578e+00 -2.4001655422e+00
     vertex 1.1510468480e+01 -4.6395159305e+00 -2.4104840695e+00
   endloop
 endfacet
 facet normal  2.1357165091e-01 3.7406756545e-01 -9.0247471234e-01
   outer loop
     vertex 1.1510468480e+01 -4.6395159305e+00 -2.4104840695e+00
     vertex 1.1572143503e+01 -4.6498344578e+00 -2.4001655422e+00
     vertex 1.1510468480e+01 -5.2000000000e+00 -2.6427996219e+00
   endloop
 endfacet
 facet normal  2.1357165091e-01 3.7406756545e-01 -9.0247471234e-01
   outer loop
     vertex 1.1572143503e+01 -4.6498344578e+00 -2.4001655422e+00
     vertex 1.1572143503e+01 -5.2000000000e+00 -2.6282041588e+00
     vertex 1.1510468480e+01 -5.2000000000e+00 -2.6427996219e+00
   endloop
 endfacet
 facet normal  2.1357165091e-01 -3.7406756545e-01 -9.0247471234e-01
   outer loop
     vertex 1.1510468480e+01 -5.2000000000e+00 -2.6427996219e+00
     vertex 1.1572143503e+01 -5.2000000000e+00 -2.6282041588e+00
     vertex 1.1572143503e+01 -5.7501655422e+00 -2.4001655422e+00
   endloop
 endfacet
 facet normal  2.1357165091e-01 -3.7406756545e-01 -9.0247471234e-01
   outer loop
     vertex 1.1510468480e+01 -5.2000000000e+00 -2.6427996219e+00
     vertex 1.1572143503e+01 -5.7501655422e+00 -2.4001655422e+00
     vertex 1.1510468480e+01 -5.7604840695e+00 -2.4104840695e+00
   endloop
 endfacet
 facet normal  2.1357165091e-01 -9.0247471234e-01 -3.7406756545e-01
   outer loop
     vertex 1.1510468480e+01 -5.7604840695e+00 -2.4104840695e+00
     vertex 1.1572143503e+01 -5.7501655422e+00 -2.4001655422e+00
     vertex 1.1572143503e+01 -5.9782041588e+00 -1.8500000000e+00
   endloop
 endfacet
 facet normal  2.1357165091e-01 -9.0247471234e-01 -3.7406756545e-01
   outer loop
     vertex 1.1510468480e+01 -5.7604840695e+00 -2.4104840695e+00
     vertex 1.1572143503e+01 -5.9782041588e+00 -1.8500000000e+00
     vertex 1.1510468480e+01 -5.9927996219e+00 -1.8500000000e+00
   endloop
 endfacet
 facet normal  2.1357165091e-01 -9.0247471234e-01 3.7406756545e-01
   outer loop
     vertex 1.1510468480e+01 -5.9927996219e+00 -1.8500000000e+00
     vertex 1.1572143503e+01 -5.9782041588e+00 -1.8500000000e+00
     vertex 1.1510468480e+01 -5.7604840695e+00 -1.2895159305e+00
   endloop
 endfacet
 facet normal  2.1357165091e-01 -9.0247471234e-01 3.7406756545e-01
   outer loop
     vertex 1.1572143503e+01 -5.9782041588e+00 -1.8500000000e+00
     vertex 1.1572143503e+01 -5.7501655422e+00 -1.2998344578e+00
     vertex 1.1510468480e+01 -5.7604840695e+00 -1.2895159305e+00
   endloop
 endfacet
 facet normal  2.1357165091e-01 -3.7406756545e-01 9.0247471234e-01
   outer loop
     vertex 1.1510468480e+01 -5.7604840695e+00 -1.2895159305e+00
     vertex 1.1572143503e+01 -5.7501655422e+00 -1.2998344578e+00
     vertex 1.1510468480e+01 -5.2000000000e+00 -1.0572003781e+00
   endloop
 endfacet
 facet normal  2.1357165091e-01 -3.7406756545e-01 9.0247471234e-01
   outer loop
     vertex 1.1572143503e+01 -5.7501655422e+00 -1.2998344578e+00
     vertex 1.1572143503e+01 -5.2000000000e+00 -1.0717958412e+00
     vertex 1.1510468480e+01 -5.2000000000e+00 -1.0572003781e+00
   endloop
 endfacet
 facet normal  2.5773104913e-01 3.6996641381e-01 8.9258028152e-01
   outer loop
     vertex 1.1572143503e+01 -5.2000000000e+00 -1.0717958412e+00
     vertex 1.1640288485e+01 -5.2000000000e+00 -1.0914725898e+00
     vertex 1.1640288485e+01 -4.6637452921e+00 -1.3137452921e+00
   endloop
 endfacet
 facet normal  2.5773104913e-01 3.6996641381e-01 8.9258028152e-01
   outer loop
     vertex 1.1572143503e+01 -5.2000000000e+00 -1.0717958412e+00
     vertex 1.1640288485e+01 -4.6637452921e+00 -1.3137452921e+00
     vertex 1.1572143503e+01 -4.6498344578e+00 -1.2998344578e+00
   endloop
 endfacet
 facet normal  2.5773104913e-01 8.9258028152e-01 3.6996641381e-01
   outer loop
     vertex 1.1572143503e+01 -4.6498344578e+00 -1.2998344578e+00
     vertex 1.1640288485e+01 -4.6637452921e+00 -1.3137452921e+00
     vertex 1.1640288485e+01 -4.4414725898e+00 -1.8500000000e+00
   endloop
 endfacet
 facet normal  2.5773104913e-01 8.9258028152e-01 3.6996641381e-01
   outer loop
     vertex 1.1572143503e+01 -4.6498344578e+00 -1.2998344578e+00
     vertex 1.1640288485e+01 -4.4414725898e+00 -1.8500000000e+00
     vertex 1.1572143503e+01 -4.4217958412e+00 -1.8500000000e+00
   endloop
 endfacet
 facet normal  2.5773104913e-01 8.9258028152e-01 -3.6996641381e-01
   outer loop
     vertex 1.1572143503e+01 -4.4217958412e+00 -1.8500000000e+00
     vertex 1.1640288485e+01 -4.4414725898e+00 -1.8500000000e+00
     vertex 1.1572143503e+01 -4.6498344578e+00 -2.4001655422e+00
   endloop
 endfacet
 facet normal  2.5773104913e-01 8.9258028152e-01 -3.6996641381e-01
   outer loop
     vertex 1.1640288485e+01 -4.4414725898e+00 -1.8500000000e+00
     vertex 1.1640288485e+01 -4.6637452921e+00 -2.3862547079e+00
     vertex 1.1572143503e+01 -4.6498344578e+00 -2.4001655422e+00
   endloop
 endfacet
 facet normal  2.5773104913e-01 3.6996641381e-01 -8.9258028152e-01
   outer loop
     vertex 1.1572143503e+01 -4.6498344578e+00 -2.4001655422e+00
     vertex 1.1640288485e+01 -4.6637452921e+00 -2.3862547079e+00
     vertex 1.1572143503e+01 -5.2000000000e+00 -2.6282041588e+00
   endloop
 endfacet
 facet normal  2.5773104913e-01 3.6996641381e-01 -8.9258028152e-01
   outer loop
     vertex 1.1640288485e+01 -4.6637452921e+00 -2.3862547079e+00
     vertex 1.1640288485e+01 -5.2000000000e+00 -2.6085274102e+00
     vertex 1.1572143503e+01 -5.2000000000e+00 -2.6282041588e+00
   endloop
 endfacet
 facet normal  2.5773104913e-01 -3.6996641381e-01 -8.9258028152e-01
   outer loop
     vertex 1.1572143503e+01 -5.2000000000e+00 -2.6282041588e+00
     vertex 1.1640288485e+01 -5.2000000000e+00 -2.6085274102e+00
     vertex 1.1640288485e+01 -5.7362547079e+00 -2.3862547079e+00
   endloop
 endfacet
 facet normal  2.5773104913e-01 -3.6996641381e-01 -8.9258028152e-01
   outer loop
     vertex 1.1572143503e+01 -5.2000000000e+00 -2.6282041588e+00
     vertex 1.1640288485e+01 -5.7362547079e+00 -2.3862547079e+00
     vertex 1.1572143503e+01 -5.7501655422e+00 -2.4001655422e+00
   endloop
 endfacet
 facet normal  2.5773104913e-01 -8.9258028152e-01 -3.6996641381e-01
   outer loop
     vertex 1.1572143503e+01 -5.7501655422e+00 -2.4001655422e+00
     vertex 1.1640288485e+01 -5.7362547079e+00 -2.3862547079e+00
     vertex 1.1640288485e+01 -5.9585274102e+00 -1.8500000000e+00
   endloop
 endfacet
 facet normal  2.5773104913e-01 -8.9258028152e-01 -3.6996641381e-01
   outer loop
     vertex 1.1572143503e+01 -5.7501655422e+00 -2.4001655422e+00
     vertex 1.1640288485e+01 -5.9585274102e+00 -1.8500000000e+00
     vertex 1.1572143503e+01 -5.9782041588e+00 -1.8500000000e+00
   endloop
 endfacet
 facet normal  2.5773104913e-01 -8.9258028152e-01 3.6996641381e-01
   outer loop
     vertex 1.1572143503e+01 -5.9782041588e+00 -1.8500000000e+00
     vertex 1.1640288485e+01 -5.9585274102e+00 -1.8500000000e+00
     vertex 1.1572143503e+01 -5.7501655422e+00 -1.2998344578e+00
   endloop
 endfacet
 facet normal  2.5773104913e-01 -8.9258028152e-01 3.6996641381e-01
   outer loop
     vertex 1.1640288485e+01 -5.9585274102e+00 -1.8500000000e+00
     vertex 1.1640288485e+01 -5.7362547079e+00 -1.3137452921e+00
     vertex 1.1572143503e+01 -5.7501655422e+00 -1.2998344578e+00
   endloop
 endfacet
 facet normal  2.5773104913e-01 -3.6996641381e-01 8.9258028152e-01
   outer loop
     vertex 1.1572143503e+01 -5.7501655422e+00 -1.2998344578e+00
     vertex 1.1640288485e+01 -5.7362547079e+00 -1.3137452921e+00
     vertex 1.1572143503e+01 -5.2000000000e+00 -1.0717958412e+00
   endloop
 endfacet
 facet normal  2.5773104913e-01 -3.6996641381e-01 8.9258028152e-01
   outer loop
     vertex 1.1640288485e+01 -5.7362547079e+00 -1.3137452921e+00
     vertex 1.1640288485e+01 -5.2000000000e+00 -1.0914725898e+00
     vertex 1.1572143503e+01 -5.2000000000e+00 -1.0717958412e+00
   endloop
 endfacet
 facet normal  2.9143534539e-01 3.6628053347e-01 8.8368773346e-01
   outer loop
     vertex 1.1640288485e+01 -5.2000000000e+00 -1.0914725898e+00
     vertex 1.1714035506e+01 -5.2000000000e+00 -1.1157939509e+00
     vertex 1.1714035506e+01 -4.6809397193e+00 -1.3309397193e+00
   endloop
 endfacet
 facet normal  2.9143534539e-01 3.6628053347e-01 8.8368773346e-01
   outer loop
     vertex 1.1640288485e+01 -5.2000000000e+00 -1.0914725898e+00
     vertex 1.1714035506e+01 -4.6809397193e+00 -1.3309397193e+00
     vertex 1.1640288485e+01 -4.6637452921e+00 -1.3137452921e+00
   endloop
 endfacet
 facet normal  2.9143534539e-01 8.8368773346e-01 3.6628053347e-01
   outer loop
     vertex 1.1640288485e+01 -4.6637452921e+00 -1.3137452921e+00
     vertex 1.1714035506e+01 -4.6809397193e+00 -1.3309397193e+00
     vertex 1.1714035506e+01 -4.4657939509e+00 -1.8500000000e+00
   endloop
 endfacet
 facet normal  2.9143534539e-01 8.8368773346e-01 3.6628053347e-01
   outer loop
     vertex 1.1640288485e+01 -4.6637452921e+00 -1.3137452921e+00
     vertex 1.1714035506e+01 -4.4657939509e+00 -1.8500000000e+00
     vertex 1.1640288485e+01 -4.4414725898e+00 -1.8500000000e+00
   endloop
 endfacet
 facet normal  2.9143534539e-01 8.8368773346e-01 -3.6628053347e-01
   outer loop
     vertex 1.1640288485e+01 -4.4414725898e+00 -1.8500000000e+00
     vertex 1.1714035506e+01 -4.4657939509e+00 -1.8500000000e+00
     vertex 1.1640288485e+01 -4.6637452921e+00 -2.3862547079e+00
   endloop
 endfacet
 facet normal  2.9143534539e-01 8.8368773346e-01 -3.6628053347e-01
   outer loop
     vertex 1.1714035506e+01 -4.4657939509e+00 -1.8500000000e+00
     vertex 1.1714035506e+01 -4.6809397193e+00 -2.3690602807e+00
     vertex 1.1640288485e+01 -4.6637452921e+00 -2.3862547079e+00
   endloop
 endfacet
 facet normal  2.9143534539e-01 3.6628053347e-01 -8.8368773346e-01
   outer loop
     vertex 1.1640288485e+01 -4.6637452921e+00 -2.3862547079e+00
     vertex 1.1714035506e+01 -4.6809397193e+00 -2.3690602807e+00
     vertex 1.1640288485e+01 -5.2000000000e+00 -2.6085274102e+00
   endloop
 endfacet
 facet normal  2.9143534539e-01 3.6628053347e-01 -8.8368773346e-01
   outer loop
     vertex 1.1714035506e+01 -4.6809397193e+00 -2.3690602807e+00
     vertex 1.1714035506e+01 -5.2000000000e+00 -2.5842060491e+00
     vertex 1.1640288485e+01 -5.2000000000e+00 -2.6085274102e+00
   endloop
 endfacet
 facet normal  2.9143534539e-01 -3.6628053347e-01 -8.8368773346e-01
   outer loop
     vertex 1.1640288485e+01 -5.2000000000e+00 -2.6085274102e+00
     vertex 1.1714035506e+01 -5.2000000000e+00 -2.5842060491e+00
     vertex 1.1714035506e+01 -5.7190602807e+00 -2.3690602807e+00
   endloop
 endfacet
 facet normal  2.9143534539e-01 -3.6628053347e-01 -8.8368773346e-01
   outer loop
     vertex 1.1640288485e+01 -5.2000000000e+00 -2.6085274102e+00
     vertex 1.1714035506e+01 -5.7190602807e+00 -2.3690602807e+00
     vertex 1.1640288485e+01 -5.7362547079e+00 -2.3862547079e+00
   endloop
 endfacet
 facet normal  2.9143534539e-01 -8.8368773346e-01 -3.6628053347e-01
   outer loop
     vertex 1.1640288485e+01 -5.7362547079e+00 -2.3862547079e+00
     vertex 1.1714035506e+01 -5.7190602807e+00 -2.3690602807e+00
     vertex 1.1714035506e+01 -5.9342060491e+00 -1.8500000000e+00
   endloop
 endfacet
 facet normal  2.9143534539e-01 -8.8368773346e-01 -3.6628053347e-01
   outer loop
     vertex 1.1640288485e+01 -5.7362547079e+00 -2.3862547079e+00
     vertex 1.1714035506e+01 -5.9342060491e+00 -1.8500000000e+00
     vertex 1.1640288485e+01 -5.9585274102e+00 -1.8500000000e+00
   endloop
 endfacet
 facet normal  2.9143534539e-01 -8.8368773346e-01 3.6628053347e-01
   outer loop
     vertex 1.1640288485e+01 -5.9585274102e+00 -1.8500000000e+00
     vertex 1.1714035506e+01 -5.9342060491e+00 -1.8500000000e+00
     vertex 1.1640288485e+01 -5.7362547079e+00 -1.3137452921e+00
   endloop
 endfacet
 facet normal  2.9143534539e-01 -8.8368773346e-01 3.6628053347e-01
   outer loop
     vertex 1.1714035506e+01 -5.9342060491e+00 -1.8500000000e+00
     vertex 1.1714035506e+01 -5.7190602807e+00 -1.3309397193e+00
     vertex 1.1640288485e+01 -5.7362547079e+00 -1.3137452921e+00
   endloop
 endfacet
 facet normal  2.9143534539e-01 -3.6628053347e-01 8.8368773346e-01
   outer loop
     vertex 1.1640288485e+01 -5.7362547079e+00 -1.3137452921e+00
     vertex 1.1714035506e+01 -5.7190602807e+00 -1.3309397193e+00
     vertex 1.1640288485e+01 -5.2000000000e+00 -1.0914725898e+00
   endloop
 endfacet
 facet normal  2.9143534539e-01 -3.6628053347e-01 8.8368773346e-01
   outer loop
     vertex 1.1714035506e+01 -5.7190602807e+00 -1.3309397193e+00
     vertex 1.1714035506e+01 -5.2000000000e+00 -1.1157939509e+00
     vertex 1.1640288485e+01 -5.2000000000e+00 -1.0914725898e+00
   endloop
 endfacet
 facet normal  3.1834328919e-01 3.6298182114e-01 8.7572926624e-01
   outer loop
     vertex 1.1714035506e+01 -5.2000000000e+00 -1.1157939509e+00
     vertex 1.1792516643e+01 -5.2000000000e+00 -1.1443232514e+00
     vertex 1.1792516643e+01 -4.7011090257e+00 -1.3511090257e+00
   endloop
 endfacet
 facet normal  3.1834328919e-01 3.6298182114e-01 8.7572926624e-01
   outer loop
     vertex 1.1714035506e+01 -5.2000000000e+00 -1.1157939509e+00
     vertex 1.1792516643e+01 -4.7011090257e+00 -1.3511090257e+00
     vertex 1.1714035506e+01 -4.6809397193e+00 -1.3309397193e+00
   endloop
 endfacet
 facet normal  3.1834328919e-01 8.7572926624e-01 3.6298182114e-01
   outer loop
     vertex 1.1714035506e+01 -4.6809397193e+00 -1.3309397193e+00
     vertex 1.1792516643e+01 -4.7011090257e+00 -1.3511090257e+00
     vertex 1.1792516643e+01 -4.4943232514e+00 -1.8500000000e+00
   endloop
 endfacet
 facet normal  3.1834328919e-01 8.7572926624e-01 3.6298182114e-01
   outer loop
     vertex 1.1714035506e+01 -4.6809397193e+00 -1.3309397193e+00
     vertex 1.1792516643e+01 -4.4943232514e+00 -1.8500000000e+00
     vertex 1.1714035506e+01 -4.4657939509e+00 -1.8500000000e+00
   endloop
 endfacet
 facet normal  3.1834328919e-01 8.7572926624e-01 -3.6298182114e-01
   outer loop
     vertex 1.1714035506e+01 -4.4657939509e+00 -1.8500000000e+00
     vertex 1.1792516643e+01 -4.4943232514e+00 -1.8500000000e+00
     vertex 1.1714035506e+01 -4.6809397193e+00 -2.3690602807e+00
   endloop
 endfacet
 facet normal  3.1834328919e-01 8.7572926624e-01 -3.6298182114e-01
   outer loop
     vertex 1.1792516643e+01 -4.4943232514e+00 -1.8500000000e+00
     vertex 1.1792516643e+01 -4.7011090257e+00 -2.3488909743e+00
     vertex 1.1714035506e+01 -4.6809397193e+00 -2.3690602807e+00
   endloop
 endfacet
 facet normal  3.1834328919e-01 3.6298182114e-01 -8.7572926624e-01
   outer loop
     vertex 1.1714035506e+01 -4.6809397193e+00 -2.3690602807e+00
     vertex 1.1792516643e+01 -4.7011090257e+00 -2.3488909743e+00
     vertex 1.1714035506e+01 -5.2000000000e+00 -2.5842060491e+00
   endloop
 endfacet
 facet normal  3.1834328919e-01 3.6298182114e-01 -8.7572926624e-01
   outer loop
     vertex 1.1792516643e+01 -4.7011090257e+00 -2.3488909743e+00
     vertex 1.1792516643e+01 -5.2000000000e+00 -2.5556767486e+00
     vertex 1.1714035506e+01 -5.2000000000e+00 -2.5842060491e+00
   endloop
 endfacet
 facet normal  3.1834328919e-01 -3.6298182114e-01 -8.7572926624e-01
   outer loop
     vertex 1.1714035506e+01 -5.2000000000e+00 -2.5842060491e+00
     vertex 1.1792516643e+01 -5.2000000000e+00 -2.5556767486e+00
     vertex 1.1792516643e+01 -5.6988909743e+00 -2.3488909743e+00
   endloop
 endfacet
 facet normal  3.1834328919e-01 -3.6298182114e-01 -8.7572926624e-01
   outer loop
     vertex 1.1714035506e+01 -5.2000000000e+00 -2.5842060491e+00
     vertex 1.1792516643e+01 -5.6988909743e+00 -2.3488909743e+00
     vertex 1.1714035506e+01 -5.7190602807e+00 -2.3690602807e+00
   endloop
 endfacet
 facet normal  3.1834328919e-01 -8.7572926624e-01 -3.6298182114e-01
   outer loop
     vertex 1.1714035506e+01 -5.7190602807e+00 -2.3690602807e+00
     vertex 1.1792516643e+01 -5.6988909743e+00 -2.3488909743e+00
     vertex 1.1792516643e+01 -5.9056767486e+00 -1.8500000000e+00
   endloop
 endfacet
 facet normal  3.1834328919e-01 -8.7572926624e-01 -3.6298182114e-01
   outer loop
     vertex 1.1714035506e+01 -5.7190602807e+00 -2.3690602807e+00
     vertex 1.1792516643e+01 -5.9056767486e+00 -1.8500000000e+00
     vertex 1.1714035506e+01 -5.9342060491e+00 -1.8500000000e+00
   endloop
 endfacet
 facet normal  3.1834328919e-01 -8.7572926624e-01 3.6298182114e-01
   outer loop
     vertex 1.1714035506e+01 -5.9342060491e+00 -1.8500000000e+00
     vertex 1.1792516643e+01 -5.9056767486e+00 -1.8500000000e+00
     vertex 1.1714035506e+01 -5.7190602807e+00 -1.3309397193e+00
   endloop
 endfacet
 facet normal  3.1834328919e-01 -8.7572926624e-01 3.6298182114e-01
   outer loop
     vertex 1.1792516643e+01 -5.9056767486e+00 -1.8500000000e+00
     vertex 1.1792516643e+01 -5.6988909743e+00 -1.3511090257e+00
     vertex 1.1714035506e+01 -5.7190602807e+00 -1.3309397193e+00
   endloop
 endfacet
 facet normal  3.1834328919e-01 -3.6298182114e-01 8.7572926624e-01
   outer loop
     vertex 1.1714035506e+01 -5.7190602807e+00 -1.3309397193e+00
     vertex 1.1792516643e+01 -5.6988909743e+00 -1.3511090257e+00
     vertex 1.1714035506e+01 -5.2000000000e+00 -1.1157939509e+00
   endloop
 endfacet
 facet normal  3.1834328919e-01 -3.6298182114e-01 8.7572926624e-01
   outer loop
     vertex 1.1792516643e+01 -5.6988909743e+00 -1.3511090257e+00
     vertex 1.1792516643e+01 -5.2000000000e+00 -1.1443232514e+00
     vertex 1.1714035506e+01 -5.2000000000e+00 -1.1157939509e+00
   endloop
 endfacet
 facet normal  3.4067820500e-01 3.5999689279e-01 8.6852783365e-01
   outer loop
     vertex 1.1792516643e+01 -5.2000000000e+00 -1.1443232514e+00
     vertex 1.1874863976e+01 -5.2000000000e+00 -1.1766238185e+00
     vertex 1.1874863976e+01 -4.7239444974e+00 -1.3739444974e+00
   endloop
 endfacet
 facet normal  3.4067820500e-01 3.5999689279e-01 8.6852783365e-01
   outer loop
     vertex 1.1792516643e+01 -5.2000000000e+00 -1.1443232514e+00
     vertex 1.1874863976e+01 -4.7239444974e+00 -1.3739444974e+00
     vertex 1.1792516643e+01 -4.7011090257e+00 -1.3511090257e+00
   endloop
 endfacet
 facet normal  3.4067820500e-01 8.6852783365e-01 3.5999689279e-01
   outer loop
     vertex 1.1792516643e+01 -4.7011090257e+00 -1.3511090257e+00
     vertex 1.1874863976e+01 -4.7239444974e+00 -1.3739444974e+00
     vertex 1.1874863976e+01 -4.5266238185e+00 -1.8500000000e+00
   endloop
 endfacet
 facet normal  3.4067820500e-01 8.6852783365e-01 3.5999689279e-01
   outer loop
     vertex 1.1792516643e+01 -4.7011090257e+00 -1.3511090257e+00
     vertex 1.1874863976e+01 -4.5266238185e+00 -1.8500000000e+00
     vertex 1.1792516643e+01 -4.4943232514e+00 -1.8500000000e+00
   endloop
 endfacet
 facet normal  3.4067820500e-01 8.6852783365e-01 -3.5999689279e-01
   outer loop
     vertex 1.1792516643e+01 -4.4943232514e+00 -1.8500000000e+00
     vertex 1.1874863976e+01 -4.5266238185e+00 -1.8500000000e+00
     vertex 1.1792516643e+01 -4.7011090257e+00 -2.3488909743e+00
   endloop
 endfacet
 facet normal  3.4067820500e-01 8.6852783365e-01 -3.5999689279e-01
   outer loop
     vertex 1.1874863976e+01 -4.5266238185e+00 -1.8500000000e+00
     vertex 1.1874863976e+01 -4.7239444974e+00 -2.3260555026e+00
     vertex 1.1792516643e+01 -4.7011090257e+00 -2.3488909743e+00
   endloop
 endfacet
 facet normal  3.4067820500e-01 3.5999689279e-01 -8.6852783365e-01
   outer loop
     vertex 1.1792516643e+01 -4.7011090257e+00 -2.3488909743e+00
     vertex 1.1874863976e+01 -4.7239444974e+00 -2.3260555026e+00
     vertex 1.1792516643e+01 -5.2000000000e+00 -2.5556767486e+00
   endloop
 endfacet
 facet normal  3.4067820500e-01 3.5999689279e-01 -8.6852783365e-01
   outer loop
     vertex 1.1874863976e+01 -4.7239444974e+00 -2.3260555026e+00
     vertex 1.1874863976e+01 -5.2000000000e+00 -2.5233761815e+00
     vertex 1.1792516643e+01 -5.2000000000e+00 -2.5556767486e+00
   endloop
 endfacet
 facet normal  3.4067820500e-01 -3.5999689279e-01 -8.6852783365e-01
   outer loop
     vertex 1.1792516643e+01 -5.2000000000e+00 -2.5556767486e+00
     vertex 1.1874863976e+01 -5.2000000000e+00 -2.5233761815e+00
     vertex 1.1874863976e+01 -5.6760555026e+00 -2.3260555026e+00
   endloop
 endfacet
 facet normal  3.4067820500e-01 -3.5999689279e-01 -8.6852783365e-01
   outer loop
     vertex 1.1792516643e+01 -5.2000000000e+00 -2.5556767486e+00
     vertex 1.1874863976e+01 -5.6760555026e+00 -2.3260555026e+00
     vertex 1.1792516643e+01 -5.6988909743e+00 -2.3488909743e+00
   endloop
 endfacet
 facet normal  3.4067820500e-01 -8.6852783365e-01 -3.5999689279e-01
   outer loop
     vertex 1.1792516643e+01 -5.6988909743e+00 -2.3488909743e+00
     vertex 1.1874863976e+01 -5.6760555026e+00 -2.3260555026e+00
     vertex 1.1874863976e+01 -5.8733761815e+00 -1.8500000000e+00
   endloop
 endfacet
 facet normal  3.4067820500e-01 -8.6852783365e-01 -3.5999689279e-01
   outer loop
     vertex 1.1792516643e+01 -5.6988909743e+00 -2.3488909743e+00
     vertex 1.1874863976e+01 -5.8733761815e+00 -1.8500000000e+00
     vertex 1.1792516643e+01 -5.9056767486e+00 -1.8500000000e+00
   endloop
 endfacet
 facet normal  3.4067820500e-01 -8.6852783365e-01 3.5999689279e-01
   outer loop
     vertex 1.1792516643e+01 -5.9056767486e+00 -1.8500000000e+00
     vertex 1.1874863976e+01 -5.8733761815e+00 -1.8500000000e+00
     vertex 1.1792516643e+01 -5.6988909743e+00 -1.3511090257e+00
   endloop
 endfacet
 facet normal  3.4067820500e-01 -8.6852783365e-01 3.5999689279e-01
   outer loop
     vertex 1.1874863976e+01 -5.8733761815e+00 -1.8500000000e+00
     vertex 1.1874863976e+01 -5.6760555026e+00 -1.3739444974e+00
     vertex 1.1792516643e+01 -5.6988909743e+00 -1.3511090257e+00
   endloop
 endfacet
 facet normal  3.4067820500e-01 -3.5999689279e-01 8.6852783365e-01
   outer loop
     vertex 1.1792516643e+01 -5.6988909743e+00 -1.3511090257e+00
     vertex 1.1874863976e+01 -5.6760555026e+00 -1.3739444974e+00
     vertex 1.1792516643e+01 -5.2000000000e+00 -1.1443232514e+00
   endloop
 endfacet
 facet normal  3.4067820500e-01 -3.5999689279e-01 8.6852783365e-01
   outer loop
     vertex 1.1874863976e+01 -5.6760555026e+00 -1.3739444974e+00
     vertex 1.1874863976e+01 -5.2000000000e+00 -1.1766238185e+00
     vertex 1.1792516643e+01 -5.2000000000e+00 -1.1443232514e+00
   endloop
 endfacet
 facet normal  3.5987536891e-01 3.5724781775e-01 8.6189542032e-01
   outer loop
     vertex 1.1874863976e+01 -5.2000000000e+00 -1.1766238185e+00
     vertex 1.1960209583e+01 -5.2000000000e+00 -1.2122589792e+00
     vertex 1.1960209583e+01 -4.7491374204e+00 -1.3991374204e+00
   endloop
 endfacet
 facet normal  3.5987536891e-01 3.5724781775e-01 8.6189542032e-01
   outer loop
     vertex 1.1874863976e+01 -5.2000000000e+00 -1.1766238185e+00
     vertex 1.1960209583e+01 -4.7491374204e+00 -1.3991374204e+00
     vertex 1.1874863976e+01 -4.7239444974e+00 -1.3739444974e+00
   endloop
 endfacet
 facet normal  3.5987536891e-01 8.6189542032e-01 3.5724781775e-01
   outer loop
     vertex 1.1874863976e+01 -4.7239444974e+00 -1.3739444974e+00
     vertex 1.1960209583e+01 -4.7491374204e+00 -1.3991374204e+00
     vertex 1.1960209583e+01 -4.5622589792e+00 -1.8500000000e+00
   endloop
 endfacet
 facet normal  3.5987536891e-01 8.6189542032e-01 3.5724781775e-01
   outer loop
     vertex 1.1874863976e+01 -4.7239444974e+00 -1.3739444974e+00
     vertex 1.1960209583e+01 -4.5622589792e+00 -1.8500000000e+00
     vertex 1.1874863976e+01 -4.5266238185e+00 -1.8500000000e+00
   endloop
 endfacet
 facet normal  3.5987536891e-01 8.6189542032e-01 -3.5724781775e-01
   outer loop
     vertex 1.1874863976e+01 -4.5266238185e+00 -1.8500000000e+00
     vertex 1.1960209583e+01 -4.5622589792e+00 -1.8500000000e+00
     vertex 1.1874863976e+01 -4.7239444974e+00 -2.3260555026e+00
   endloop
 endfacet
 facet normal  3.5987536891e-01 8.6189542032e-01 -3.5724781775e-01
   outer loop
     vertex 1.1960209583e+01 -4.5622589792e+00 -1.8500000000e+00
     vertex 1.1960209583e+01 -4.7491374204e+00 -2.3008625796e+00
     vertex 1.1874863976e+01 -4.7239444974e+00 -2.3260555026e+00
   endloop
 endfacet
 facet normal  3.5987536891e-01 3.5724781775e-01 -8.6189542032e-01
   outer loop
     vertex 1.1874863976e+01 -4.7239444974e+00 -2.3260555026e+00
     vertex 1.1960209583e+01 -4.7491374204e+00 -2.3008625796e+00
     vertex 1.1874863976e+01 -5.2000000000e+00 -2.5233761815e+00
   endloop
 endfacet
 facet normal  3.5987536891e-01 3.5724781775e-01 -8.6189542032e-01
   outer loop
     vertex 1.1960209583e+01 -4.7491374204e+00 -2.3008625796e+00
     vertex 1.1960209583e+01 -5.2000000000e+00 -2.4877410208e+00
     vertex 1.1874863976e+01 -5.2000000000e+00 -2.5233761815e+00
   endloop
 endfacet
 facet normal  3.5987536891e-01 -3.5724781775e-01 -8.6189542032e-01
   outer loop
     vertex 1.1874863976e+01 -5.2000000000e+00 -2.5233761815e+00
     vertex 1.1960209583e+01 -5.2000000000e+00 -2.4877410208e+00
     vertex 1.1960209583e+01 -5.6508625796e+00 -2.3008625796e+00
   endloop
 endfacet
 facet normal  3.5987536891e-01 -3.5724781775e-01 -8.6189542032e-01
   outer loop
     vertex 1.1874863976e+01 -5.2000000000e+00 -2.5233761815e+00
     vertex 1.1960209583e+01 -5.6508625796e+00 -2.3008625796e+00
     vertex 1.1874863976e+01 -5.6760555026e+00 -2.3260555026e+00
   endloop
 endfacet
 facet normal  3.5987536891e-01 -8.6189542032e-01 -3.5724781775e-01
   outer loop
     vertex 1.1874863976e+01 -5.6760555026e+00 -2.3260555026e+00
     vertex 1.1960209583e+01 -5.6508625796e+00 -2.3008625796e+00
     vertex 1.1960209583e+01 -5.8377410208e+00 -1.8500000000e+00
   endloop
 endfacet
 facet normal  3.5987536891e-01 -8.6189542032e-01 -3.5724781775e-01
   outer loop
     vertex 1.1874863976e+01 -5.6760555026e+00 -2.3260555026e+00
     vertex 1.1960209583e+01 -5.8377410208e+00 -1.8500000000e+00
     vertex 1.1874863976e+01 -5.8733761815e+00 -1.8500000000e+00
   endloop
 endfacet
 facet normal  3.5987536891e-01 -8.6189542032e-01 3.5724781775e-01
   outer loop
     vertex 1.1874863976e+01 -5.8733761815e+00 -1.8500000000e+00
     vertex 1.1960209583e+01 -5.8377410208e+00 -1.8500000000e+00
     vertex 1.1874863976e+01 -5.6760555026e+00 -1.3739444974e+00
   endloop
 endfacet
 facet normal  3.5987536891e-01 -8.6189542032e-01 3.5724781775e-01
   outer loop
     vertex 1.1960209583e+01 -5.8377410208e+00 -1.8500000000e+00
     vertex 1.1960209583e+01 -5.6508625796e+00 -1.3991374204e+00
     vertex 1.1874863976e+01 -5.6760555026e+00 -1.3739444974e+00
   endloop
 endfacet
 facet normal  3.5987536891e-01 -3.5724781775e-01 8.6189542032e-01
   outer loop
     vertex 1.1874863976e+01 -5.6760555026e+00 -1.3739444974e+00
     vertex 1.1960209583e+01 -5.6508625796e+00 -1.3991374204e+00
     vertex 1.1874863976e+01 -5.2000000000e+00 -1.1766238185e+00
   endloop
 endfacet
 facet normal  3.5987536891e-01 -3.5724781775e-01 8.6189542032e-01
   outer loop
     vertex 1.1960209583e+01 -5.6508625796e+00 -1.3991374204e+00
     vertex 1.1960209583e+01 -5.2000000000e+00 -1.2122589792e+00
     vertex 1.1874863976e+01 -5.2000000000e+00 -1.1766238185e+00
   endloop
 endfacet
 facet normal  3.7691616594e-01 3.5466207673e-01 8.5565706635e-01
   outer loop
     vertex 1.1960209583e+01 -5.2000000000e+00 -1.2122589792e+00
     vertex 1.2047685543e+01 -5.2000000000e+00 -1.2507920605e+00
     vertex 1.2047685543e+01 -4.7763790810e+00 -1.4263790810e+00
   endloop
 endfacet
 facet normal  3.7691616594e-01 3.5466207673e-01 8.5565706635e-01
   outer loop
     vertex 1.1960209583e+01 -5.2000000000e+00 -1.2122589792e+00
     vertex 1.2047685543e+01 -4.7763790810e+00 -1.4263790810e+00
     vertex 1.1960209583e+01 -4.7491374204e+00 -1.3991374204e+00
   endloop
 endfacet
 facet normal  3.7691616594e-01 8.5565706635e-01 3.5466207673e-01
   outer loop
     vertex 1.1960209583e+01 -4.7491374204e+00 -1.3991374204e+00
     vertex 1.2047685543e+01 -4.7763790810e+00 -1.4263790810e+00
     vertex 1.2047685543e+01 -4.6007920605e+00 -1.8500000000e+00
   endloop
 endfacet
 facet normal  3.7691616594e-01 8.5565706635e-01 3.5466207673e-01
   outer loop
     vertex 1.1960209583e+01 -4.7491374204e+00 -1.3991374204e+00
     vertex 1.2047685543e+01 -4.6007920605e+00 -1.8500000000e+00
     vertex 1.1960209583e+01 -4.5622589792e+00 -1.8500000000e+00
   endloop
 endfacet
 facet normal  3.7691616594e-01 8.5565706635e-01 -3.5466207673e-01
   outer loop
     vertex 1.1960209583e+01 -4.5622589792e+00 -1.8500000000e+00
     vertex 1.2047685543e+01 -4.6007920605e+00 -1.8500000000e+00
     vertex 1.1960209583e+01 -4.7491374204e+00 -2.3008625796e+00
   endloop
 endfacet
 facet normal  3.7691616594e-01 8.5565706635e-01 -3.5466207673e-01
   outer loop
     vertex 1.2047685543e+01 -4.6007920605e+00 -1.8500000000e+00
     vertex 1.2047685543e+01 -4.7763790810e+00 -2.2736209190e+00
     vertex 1.1960209583e+01 -4.7491374204e+00 -2.3008625796e+00
   endloop
 endfacet
 facet normal  3.7691616594e-01 3.5466207673e-01 -8.5565706635e-01
   outer loop
     vertex 1.1960209583e+01 -4.7491374204e+00 -2.3008625796e+00
     vertex 1.2047685543e+01 -4.7763790810e+00 -2.2736209190e+00
     vertex 1.1960209583e+01 -5.2000000000e+00 -2.4877410208e+00
   endloop
 endfacet
 facet normal  3.7691616594e-01 3.5466207673e-01 -8.5565706635e-01
   outer loop
     vertex 1.2047685543e+01 -4.7763790810e+00 -2.2736209190e+00
     vertex 1.2047685543e+01 -5.2000000000e+00 -2.4492079395e+00
     vertex 1.1960209583e+01 -5.2000000000e+00 -2.4877410208e+00
   endloop
 endfacet
 facet normal  3.7691616594e-01 -3.5466207673e-01 -8.5565706635e-01
   outer loop
     vertex 1.1960209583e+01 -5.2000000000e+00 -2.4877410208e+00
     vertex 1.2047685543e+01 -5.2000000000e+00 -2.4492079395e+00
     vertex 1.2047685543e+01 -5.6236209190e+00 -2.2736209190e+00
   endloop
 endfacet
 facet normal  3.7691616594e-01 -3.5466207673e-01 -8.5565706635e-01
   outer loop
     vertex 1.1960209583e+01 -5.2000000000e+00 -2.4877410208e+00
     vertex 1.2047685543e+01 -5.6236209190e+00 -2.2736209190e+00
     vertex 1.1960209583e+01 -5.6508625796e+00 -2.3008625796e+00
   endloop
 endfacet
 facet normal  3.7691616594e-01 -8.5565706635e-01 -3.5466207673e-01
   outer loop
     vertex 1.1960209583e+01 -5.6508625796e+00 -2.3008625796e+00
     vertex 1.2047685543e+01 -5.6236209190e+00 -2.2736209190e+00
     vertex 1.2047685543e+01 -5.7992079395e+00 -1.8500000000e+00
   endloop
 endfacet
 facet normal  3.7691616594e-01 -8.5565706635e-01 -3.5466207673e-01
   outer loop
     vertex 1.1960209583e+01 -5.6508625796e+00 -2.3008625796e+00
     vertex 1.2047685543e+01 -5.7992079395e+00 -1.8500000000e+00
     vertex 1.1960209583e+01 -5.8377410208e+00 -1.8500000000e+00
   endloop
 endfacet
 facet normal  3.7691616594e-01 -8.5565706635e-01 3.5466207673e-01
   outer loop
     vertex 1.1960209583e+01 -5.8377410208e+00 -1.8500000000e+00
     vertex 1.2047685543e+01 -5.7992079395e+00 -1.8500000000e+00
     vertex 1.1960209583e+01 -5.6508625796e+00 -1.3991374204e+00
   endloop
 endfacet
 facet normal  3.7691616594e-01 -8.5565706635e-01 3.5466207673e-01
   outer loop
     vertex 1.2047685543e+01 -5.7992079395e+00 -1.8500000000e+00
     vertex 1.2047685543e+01 -5.6236209190e+00 -1.4263790810e+00
     vertex 1.1960209583e+01 -5.6508625796e+00 -1.3991374204e+00
   endloop
 endfacet
 facet normal  3.7691616594e-01 -3.5466207673e-01 8.5565706635e-01
   outer loop
     vertex 1.1960209583e+01 -5.6508625796e+00 -1.3991374204e+00
     vertex 1.2047685543e+01 -5.6236209190e+00 -1.4263790810e+00
     vertex 1.1960209583e+01 -5.2000000000e+00 -1.2122589792e+00
   endloop
 endfacet
 facet normal  3.7691616594e-01 -3.5466207673e-01 8.5565706635e-01
   outer loop
     vertex 1.2047685543e+01 -5.6236209190e+00 -1.4263790810e+00
     vertex 1.2047685543e+01 -5.2000000000e+00 -1.2507920605e+00
     vertex 1.1960209583e+01 -5.2000000000e+00 -1.2122589792e+00
   endloop
 endfacet
 facet normal  3.9251228227e-01 3.5217297785e-01 8.4965187103e-01
   outer loop
     vertex 1.2047685543e+01 -5.2000000000e+00 -1.2507920605e+00
     vertex 1.2136423934e+01 -5.2000000000e+00 -1.2917863894e+00
     vertex 1.2136423934e+01 -4.8053607652e+00 -1.4553607652e+00
   endloop
 endfacet
 facet normal  3.9251228227e-01 3.5217297785e-01 8.4965187103e-01
   outer loop
     vertex 1.2047685543e+01 -5.2000000000e+00 -1.2507920605e+00
     vertex 1.2136423934e+01 -4.8053607652e+00 -1.4553607652e+00
     vertex 1.2047685543e+01 -4.7763790810e+00 -1.4263790810e+00
   endloop
 endfacet
 facet normal  3.9251228227e-01 8.4965187103e-01 3.5217297785e-01
   outer loop
     vertex 1.2047685543e+01 -4.7763790810e+00 -1.4263790810e+00
     vertex 1.2136423934e+01 -4.8053607652e+00 -1.4553607652e+00
     vertex 1.2136423934e+01 -4.6417863894e+00 -1.8500000000e+00
   endloop
 endfacet
 facet normal  3.9251228227e-01 8.4965187103e-01 3.5217297785e-01
   outer loop
     vertex 1.2047685543e+01 -4.7763790810e+00 -1.4263790810e+00
     vertex 1.2136423934e+01 -4.6417863894e+00 -1.8500000000e+00
     vertex 1.2047685543e+01 -4.6007920605e+00 -1.8500000000e+00
   endloop
 endfacet
 facet normal  3.9251228227e-01 8.4965187103e-01 -3.5217297785e-01
   outer loop
     vertex 1.2047685543e+01 -4.6007920605e+00 -1.8500000000e+00
     vertex 1.2136423934e+01 -4.6417863894e+00 -1.8500000000e+00
     vertex 1.2047685543e+01 -4.7763790810e+00 -2.2736209190e+00
   endloop
 endfacet
 facet normal  3.9251228227e-01 8.4965187103e-01 -3.5217297785e-01
   outer loop
     vertex 1.2136423934e+01 -4.6417863894e+00 -1.8500000000e+00
     vertex 1.2136423934e+01 -4.8053607652e+00 -2.2446392348e+00
     vertex 1.2047685543e+01 -4.7763790810e+00 -2.2736209190e+00
   endloop
 endfacet
 facet normal  3.9251228227e-01 3.5217297785e-01 -8.4965187103e-01
   outer loop
     vertex 1.2047685543e+01 -4.7763790810e+00 -2.2736209190e+00
     vertex 1.2136423934e+01 -4.8053607652e+00 -2.2446392348e+00
     vertex 1.2047685543e+01 -5.2000000000e+00 -2.4492079395e+00
   endloop
 endfacet
 facet normal  3.9251228227e-01 3.5217297785e-01 -8.4965187103e-01
   outer loop
     vertex 1.2136423934e+01 -4.8053607652e+00 -2.2446392348e+00
     vertex 1.2136423934e+01 -5.2000000000e+00 -2.4082136106e+00
     vertex 1.2047685543e+01 -5.2000000000e+00 -2.4492079395e+00
   endloop
 endfacet
 facet normal  3.9251228227e-01 -3.5217297785e-01 -8.4965187103e-01
   outer loop
     vertex 1.2047685543e+01 -5.2000000000e+00 -2.4492079395e+00
     vertex 1.2136423934e+01 -5.2000000000e+00 -2.4082136106e+00
     vertex 1.2136423934e+01 -5.5946392348e+00 -2.2446392348e+00
   endloop
 endfacet
 facet normal  3.9251228227e-01 -3.5217297785e-01 -8.4965187103e-01
   outer loop
     vertex 1.2047685543e+01 -5.2000000000e+00 -2.4492079395e+00
     vertex 1.2136423934e+01 -5.5946392348e+00 -2.2446392348e+00
     vertex 1.2047685543e+01 -5.6236209190e+00 -2.2736209190e+00
   endloop
 endfacet
 facet normal  3.9251228227e-01 -8.4965187103e-01 -3.5217297785e-01
   outer loop
     vertex 1.2047685543e+01 -5.6236209190e+00 -2.2736209190e+00
     vertex 1.2136423934e+01 -5.5946392348e+00 -2.2446392348e+00
     vertex 1.2136423934e+01 -5.7582136106e+00 -1.8500000000e+00
   endloop
 endfacet
 facet normal  3.9251228227e-01 -8.4965187103e-01 -3.5217297785e-01
   outer loop
     vertex 1.2047685543e+01 -5.6236209190e+00 -2.2736209190e+00
     vertex 1.2136423934e+01 -5.7582136106e+00 -1.8500000000e+00
     vertex 1.2047685543e+01 -5.7992079395e+00 -1.8500000000e+00
   endloop
 endfacet
 facet normal  3.9251228227e-01 -8.4965187103e-01 3.5217297785e-01
   outer loop
     vertex 1.2047685543e+01 -5.7992079395e+00 -1.8500000000e+00
     vertex 1.2136423934e+01 -5.7582136106e+00 -1.8500000000e+00
     vertex 1.2047685543e+01 -5.6236209190e+00 -1.4263790810e+00
   endloop
 endfacet
 facet normal  3.9251228227e-01 -8.4965187103e-01 3.5217297785e-01
   outer loop
     vertex 1.2136423934e+01 -5.7582136106e+00 -1.8500000000e+00
     vertex 1.2136423934e+01 -5.5946392348e+00 -1.4553607652e+00
     vertex 1.2047685543e+01 -5.6236209190e+00 -1.4263790810e+00
   endloop
 endfacet
 facet normal  3.9251228227e-01 -3.5217297785e-01 8.4965187103e-01
   outer loop
     vertex 1.2047685543e+01 -5.6236209190e+00 -1.4263790810e+00
     vertex 1.2136423934e+01 -5.5946392348e+00 -1.4553607652e+00
     vertex 1.2047685543e+01 -5.2000000000e+00 -1.2507920605e+00
   endloop
 endfacet
 facet normal  3.9251228227e-01 -3.5217297785e-01 8.4965187103e-01
   outer loop
     vertex 1.2136423934e+01 -5.5946392348e+00 -1.4553607652e+00
     vertex 1.2136423934e+01 -5.2000000000e+00 -1.2917863894e+00
     vertex 1.2047685543e+01 -5.2000000000e+00 -1.2507920605e+00
   endloop
 endfacet
 facet normal  4.0721430542e-01 3.4971699618e-01 8.4372657422e-01
   outer loop
     vertex 1.2136423934e+01 -5.2000000000e+00 -1.2917863894e+00
     vertex 1.2225556834e+01 -5.2000000000e+00 -1.3348052930e+00
     vertex 1.2225556834e+01 -4.8357737593e+00 -1.4857737593e+00
   endloop
 endfacet
 facet normal  4.0721430542e-01 3.4971699618e-01 8.4372657422e-01
   outer loop
     vertex 1.2136423934e+01 -5.2000000000e+00 -1.2917863894e+00
     vertex 1.2225556834e+01 -4.8357737593e+00 -1.4857737593e+00
     vertex 1.2136423934e+01 -4.8053607652e+00 -1.4553607652e+00
   endloop
 endfacet
 facet normal  4.0721430542e-01 8.4372657422e-01 3.4971699618e-01
   outer loop
     vertex 1.2136423934e+01 -4.8053607652e+00 -1.4553607652e+00
     vertex 1.2225556834e+01 -4.8357737593e+00 -1.4857737593e+00
     vertex 1.2225556834e+01 -4.6848052930e+00 -1.8500000000e+00
   endloop
 endfacet
 facet normal  4.0721430542e-01 8.4372657422e-01 3.4971699618e-01
   outer loop
     vertex 1.2136423934e+01 -4.8053607652e+00 -1.4553607652e+00
     vertex 1.2225556834e+01 -4.6848052930e+00 -1.8500000000e+00
     vertex 1.2136423934e+01 -4.6417863894e+00 -1.8500000000e+00
   endloop
 endfacet
 facet normal  4.0721430542e-01 8.4372657422e-01 -3.4971699618e-01
   outer loop
     vertex 1.2136423934e+01 -4.6417863894e+00 -1.8500000000e+00
     vertex 1.2225556834e+01 -4.6848052930e+00 -1.8500000000e+00
     vertex 1.2136423934e+01 -4.8053607652e+00 -2.2446392348e+00
   endloop
 endfacet
 facet normal  4.0721430542e-01 8.4372657422e-01 -3.4971699618e-01
   outer loop
     vertex 1.2225556834e+01 -4.6848052930e+00 -1.8500000000e+00
     vertex 1.2225556834e+01 -4.8357737593e+00 -2.2142262407e+00
     vertex 1.2136423934e+01 -4.8053607652e+00 -2.2446392348e+00
   endloop
 endfacet
 facet normal  4.0721430542e-01 3.4971699618e-01 -8.4372657422e-01
   outer loop
     vertex 1.2136423934e+01 -4.8053607652e+00 -2.2446392348e+00
     vertex 1.2225556834e+01 -4.8357737593e+00 -2.2142262407e+00
     vertex 1.2136423934e+01 -5.2000000000e+00 -2.4082136106e+00
   endloop
 endfacet
 facet normal  4.0721430542e-01 3.4971699618e-01 -8.4372657422e-01
   outer loop
     vertex 1.2225556834e+01 -4.8357737593e+00 -2.2142262407e+00
     vertex 1.2225556834e+01 -5.2000000000e+00 -2.3651947070e+00
     vertex 1.2136423934e+01 -5.2000000000e+00 -2.4082136106e+00
   endloop
 endfacet
 facet normal  4.0721430542e-01 -3.4971699618e-01 -8.4372657422e-01
   outer loop
     vertex 1.2136423934e+01 -5.2000000000e+00 -2.4082136106e+00
     vertex 1.2225556834e+01 -5.2000000000e+00 -2.3651947070e+00
     vertex 1.2225556834e+01 -5.5642262407e+00 -2.2142262407e+00
   endloop
 endfacet
 facet normal  4.0721430542e-01 -3.4971699618e-01 -8.4372657422e-01
   outer loop
     vertex 1.2136423934e+01 -5.2000000000e+00 -2.4082136106e+00
     vertex 1.2225556834e+01 -5.5642262407e+00 -2.2142262407e+00
     vertex 1.2136423934e+01 -5.5946392348e+00 -2.2446392348e+00
   endloop
 endfacet
 facet normal  4.0721430542e-01 -8.4372657422e-01 -3.4971699618e-01
   outer loop
     vertex 1.2136423934e+01 -5.5946392348e+00 -2.2446392348e+00
     vertex 1.2225556834e+01 -5.5642262407e+00 -2.2142262407e+00
     vertex 1.2225556834e+01 -5.7151947070e+00 -1.8500000000e+00
   endloop
 endfacet
 facet normal  4.0721430542e-01 -8.4372657422e-01 -3.4971699618e-01
   outer loop
     vertex 1.2136423934e+01 -5.5946392348e+00 -2.2446392348e+00
     vertex 1.2225556834e+01 -5.7151947070e+00 -1.8500000000e+00
     vertex 1.2136423934e+01 -5.7582136106e+00 -1.8500000000e+00
   endloop
 endfacet
 facet normal  4.0721430542e-01 -8.4372657422e-01 3.4971699618e-01
   outer loop
     vertex 1.2136423934e+01 -5.7582136106e+00 -1.8500000000e+00
     vertex 1.2225556834e+01 -5.7151947070e+00 -1.8500000000e+00
     vertex 1.2136423934e+01 -5.5946392348e+00 -1.4553607652e+00
   endloop
 endfacet
 facet normal  4.0721430542e-01 -8.4372657422e-01 3.4971699618e-01
   outer loop
     vertex 1.2225556834e+01 -5.7151947070e+00 -1.8500000000e+00
     vertex 1.2225556834e+01 -5.5642262407e+00 -1.4857737593e+00
     vertex 1.2136423934e+01 -5.5946392348e+00 -1.4553607652e+00
   endloop
 endfacet
 facet normal  4.0721430542e-01 -3.4971699618e-01 8.4372657422e-01
   outer loop
     vertex 1.2136423934e+01 -5.5946392348e+00 -1.4553607652e+00
     vertex 1.2225556834e+01 -5.5642262407e+00 -1.4857737593e+00
     vertex 1.2136423934e+01 -5.2000000000e+00 -1.2917863894e+00
   endloop
 endfacet
 facet normal  4.0721430542e-01 -3.4971699618e-01 8.4372657422e-01
   outer loop
     vertex 1.2225556834e+01 -5.5642262407e+00 -1.4857737593e+00
     vertex 1.2225556834e+01 -5.2000000000e+00 -1.3348052930e+00
     vertex 1.2136423934e+01 -5.2000000000e+00 -1.2917863894e+00
   endloop
 endfacet
 facet normal  4.2148099117e-01 3.4722989297e-01 8.3772619364e-01
   outer loop
     vertex 1.2225556834e+01 -5.2000000000e+00 -1.3348052930e+00
     vertex 1.2314216323e+01 -5.2000000000e+00 -1.3794120983e+00
     vertex 1.2314216323e+01 -4.8673093492e+00 -1.5173093492e+00
   endloop
 endfacet
 facet normal  4.2148099117e-01 3.4722989297e-01 8.3772619364e-01
   outer loop
     vertex 1.2225556834e+01 -5.2000000000e+00 -1.3348052930e+00
     vertex 1.2314216323e+01 -4.8673093492e+00 -1.5173093492e+00
     vertex 1.2225556834e+01 -4.8357737593e+00 -1.4857737593e+00
   endloop
 endfacet
 facet normal  4.2148099117e-01 8.3772619364e-01 3.4722989297e-01
   outer loop
     vertex 1.2225556834e+01 -4.8357737593e+00 -1.4857737593e+00
     vertex 1.2314216323e+01 -4.8673093492e+00 -1.5173093492e+00
     vertex 1.2314216323e+01 -4.7294120983e+00 -1.8500000000e+00
   endloop
 endfacet
 facet normal  4.2148099117e-01 8.3772619364e-01 3.4722989297e-01
   outer loop
     vertex 1.2225556834e+01 -4.8357737593e+00 -1.4857737593e+00
     vertex 1.2314216323e+01 -4.7294120983e+00 -1.8500000000e+00
     vertex 1.2225556834e+01 -4.6848052930e+00 -1.8500000000e+00
   endloop
 endfacet
 facet normal  4.2148099117e-01 8.3772619364e-01 -3.4722989297e-01
   outer loop
     vertex 1.2225556834e+01 -4.6848052930e+00 -1.8500000000e+00
     vertex 1.2314216323e+01 -4.7294120983e+00 -1.8500000000e+00
     vertex 1.2225556834e+01 -4.8357737593e+00 -2.2142262407e+00
   endloop
 endfacet
 facet normal  4.2148099117e-01 8.3772619364e-01 -3.4722989297e-01
   outer loop
     vertex 1.2314216323e+01 -4.7294120983e+00 -1.8500000000e+00
     vertex 1.2314216323e+01 -4.8673093492e+00 -2.1826906508e+00
     vertex 1.2225556834e+01 -4.8357737593e+00 -2.2142262407e+00
   endloop
 endfacet
 facet normal  4.2148099117e-01 3.4722989297e-01 -8.3772619364e-01
   outer loop
     vertex 1.2225556834e+01 -4.8357737593e+00 -2.2142262407e+00
     vertex 1.2314216323e+01 -4.8673093492e+00 -2.1826906508e+00
     vertex 1.2225556834e+01 -5.2000000000e+00 -2.3651947070e+00
   endloop
 endfacet
 facet normal  4.2148099117e-01 3.4722989297e-01 -8.3772619364e-01
   outer loop
     vertex 1.2314216323e+01 -4.8673093492e+00 -2.1826906508e+00
     vertex 1.2314216323e+01 -5.2000000000e+00 -2.3205879017e+00
     vertex 1.2225556834e+01 -5.2000000000e+00 -2.3651947070e+00
   endloop
 endfacet
 facet normal  4.2148099117e-01 -3.4722989297e-01 -8.3772619364e-01
   outer loop
     vertex 1.2225556834e+01 -5.2000000000e+00 -2.3651947070e+00
     vertex 1.2314216323e+01 -5.2000000000e+00 -2.3205879017e+00
     vertex 1.2314216323e+01 -5.5326906508e+00 -2.1826906508e+00
   endloop
 endfacet
 facet normal  4.2148099117e-01 -3.4722989297e-01 -8.3772619364e-01
   outer loop
     vertex 1.2225556834e+01 -5.2000000000e+00 -2.3651947070e+00
     vertex 1.2314216323e+01 -5.5326906508e+00 -2.1826906508e+00
     vertex 1.2225556834e+01 -5.5642262407e+00 -2.2142262407e+00
   endloop
 endfacet
 facet normal  4.2148099117e-01 -8.3772619364e-01 -3.4722989297e-01
   outer loop
     vertex 1.2225556834e+01 -5.5642262407e+00 -2.2142262407e+00
     vertex 1.2314216323e+01 -5.5326906508e+00 -2.1826906508e+00
     vertex 1.2314216323e+01 -5.6705879017e+00 -1.8500000000e+00
   endloop
 endfacet
 facet normal  4.2148099117e-01 -8.3772619364e-01 -3.4722989297e-01
   outer loop
     vertex 1.2225556834e+01 -5.5642262407e+00 -2.2142262407e+00
     vertex 1.2314216323e+01 -5.6705879017e+00 -1.8500000000e+00
     vertex 1.2225556834e+01 -5.7151947070e+00 -1.8500000000e+00
   endloop
 endfacet
 facet normal  4.2148099117e-01 -8.3772619364e-01 3.4722989297e-01
   outer loop
     vertex 1.2225556834e+01 -5.7151947070e+00 -1.8500000000e+00
     vertex 1.2314216323e+01 -5.6705879017e+00 -1.8500000000e+00
     vertex 1.2225556834e+01 -5.5642262407e+00 -1.4857737593e+00
   endloop
 endfacet
 facet normal  4.2148099117e-01 -8.3772619364e-01 3.4722989297e-01
   outer loop
     vertex 1.2314216323e+01 -5.6705879017e+00 -1.8500000000e+00
     vertex 1.2314216323e+01 -5.5326906508e+00 -1.5173093492e+00
     vertex 1.2225556834e+01 -5.5642262407e+00 -1.4857737593e+00
   endloop
 endfacet
 facet normal  4.2148099117e-01 -3.4722989297e-01 8.3772619364e-01
   outer loop
     vertex 1.2225556834e+01 -5.5642262407e+00 -1.4857737593e+00
     vertex 1.2314216323e+01 -5.5326906508e+00 -1.5173093492e+00
     vertex 1.2225556834e+01 -5.2000000000e+00 -1.3348052930e+00
   endloop
 endfacet
 facet normal  4.2148099117e-01 -3.4722989297e-01 8.3772619364e-01
   outer loop
     vertex 1.2314216323e+01 -5.5326906508e+00 -1.5173093492e+00
     vertex 1.2314216323e+01 -5.2000000000e+00 -1.3794120983e+00
     vertex 1.2225556834e+01 -5.2000000000e+00 -1.3348052930e+00
   endloop
 endfacet
 facet normal  4.3572834106e-01 3.4464185343e-01 8.3148229426e-01
   outer loop
     vertex 1.2314216323e+01 -5.2000000000e+00 -1.3794120983e+00
     vertex 1.2401534479e+01 -5.2000000000e+00 -1.4251701323e+00
     vertex 1.2401534479e+01 -4.8996588211e+00 -1.5496588211e+00
   endloop
 endfacet
 facet normal  4.3572834106e-01 3.4464185343e-01 8.3148229426e-01
   outer loop
     vertex 1.2314216323e+01 -5.2000000000e+00 -1.3794120983e+00
     vertex 1.2401534479e+01 -4.8996588211e+00 -1.5496588211e+00
     vertex 1.2314216323e+01 -4.8673093492e+00 -1.5173093492e+00
   endloop
 endfacet
 facet normal  4.3572834106e-01 8.3148229426e-01 3.4464185343e-01
   outer loop
     vertex 1.2314216323e+01 -4.8673093492e+00 -1.5173093492e+00
     vertex 1.2401534479e+01 -4.8996588211e+00 -1.5496588211e+00
     vertex 1.2401534479e+01 -4.7751701323e+00 -1.8500000000e+00
   endloop
 endfacet
 facet normal  4.3572834106e-01 8.3148229426e-01 3.4464185343e-01
   outer loop
     vertex 1.2314216323e+01 -4.8673093492e+00 -1.5173093492e+00
     vertex 1.2401534479e+01 -4.7751701323e+00 -1.8500000000e+00
     vertex 1.2314216323e+01 -4.7294120983e+00 -1.8500000000e+00
   endloop
 endfacet
 facet normal  4.3572834106e-01 8.3148229426e-01 -3.4464185343e-01
   outer loop
     vertex 1.2314216323e+01 -4.7294120983e+00 -1.8500000000e+00
     vertex 1.2401534479e+01 -4.7751701323e+00 -1.8500000000e+00
     vertex 1.2314216323e+01 -4.8673093492e+00 -2.1826906508e+00
   endloop
 endfacet
 facet normal  4.3572834106e-01 8.3148229426e-01 -3.4464185343e-01
   outer loop
     vertex 1.2401534479e+01 -4.7751701323e+00 -1.8500000000e+00
     vertex 1.2401534479e+01 -4.8996588211e+00 -2.1503411789e+00
     vertex 1.2314216323e+01 -4.8673093492e+00 -2.1826906508e+00
   endloop
 endfacet
 facet normal  4.3572834106e-01 3.4464185343e-01 -8.3148229426e-01
   outer loop
     vertex 1.2314216323e+01 -4.8673093492e+00 -2.1826906508e+00
     vertex 1.2401534479e+01 -4.8996588211e+00 -2.1503411789e+00
     vertex 1.2314216323e+01 -5.2000000000e+00 -2.3205879017e+00
   endloop
 endfacet
 facet normal  4.3572834106e-01 3.4464185343e-01 -8.3148229426e-01
   outer loop
     vertex 1.2401534479e+01 -4.8996588211e+00 -2.1503411789e+00
     vertex 1.2401534479e+01 -5.2000000000e+00 -2.2748298677e+00
     vertex 1.2314216323e+01 -5.2000000000e+00 -2.3205879017e+00
   endloop
 endfacet
 facet normal  4.3572834106e-01 -3.4464185343e-01 -8.3148229426e-01
   outer loop
     vertex 1.2314216323e+01 -5.2000000000e+00 -2.3205879017e+00
     vertex 1.2401534479e+01 -5.2000000000e+00 -2.2748298677e+00
     vertex 1.2401534479e+01 -5.5003411789e+00 -2.1503411789e+00
   endloop
 endfacet
 facet normal  4.3572834106e-01 -3.4464185343e-01 -8.3148229426e-01
   outer loop
     vertex 1.2314216323e+01 -5.2000000000e+00 -2.3205879017e+00
     vertex 1.2401534479e+01 -5.5003411789e+00 -2.1503411789e+00
     vertex 1.2314216323e+01 -5.5326906508e+00 -2.1826906508e+00
   endloop
 endfacet
 facet normal  4.3572834106e-01 -8.3148229426e-01 -3.4464185343e-01
   outer loop
     vertex 1.2314216323e+01 -5.5326906508e+00 -2.1826906508e+00
     vertex 1.2401534479e+01 -5.5003411789e+00 -2.1503411789e+00
     vertex 1.2401534479e+01 -5.6248298677e+00 -1.8500000000e+00
   endloop
 endfacet
 facet normal  4.3572834106e-01 -8.3148229426e-01 -3.4464185343e-01
   outer loop
     vertex 1.2314216323e+01 -5.5326906508e+00 -2.1826906508e+00
     vertex 1.2401534479e+01 -5.6248298677e+00 -1.8500000000e+00
     vertex 1.2314216323e+01 -5.6705879017e+00 -1.8500000000e+00
   endloop
 endfacet
 facet normal  4.3572834106e-01 -8.3148229426e-01 3.4464185343e-01
   outer loop
     vertex 1.2314216323e+01 -5.6705879017e+00 -1.8500000000e+00
     vertex 1.2401534479e+01 -5.6248298677e+00 -1.8500000000e+00
     vertex 1.2314216323e+01 -5.5326906508e+00 -1.5173093492e+00
   endloop
 endfacet
 facet normal  4.3572834106e-01 -8.3148229426e-01 3.4464185343e-01
   outer loop
     vertex 1.2401534479e+01 -5.6248298677e+00 -1.8500000000e+00
     vertex 1.2401534479e+01 -5.5003411789e+00 -1.5496588211e+00
     vertex 1.2314216323e+01 -5.5326906508e+00 -1.5173093492e+00
   endloop
 endfacet
 facet normal  4.3572834106e-01 -3.4464185343e-01 8.3148229426e-01
   outer loop
     vertex 1.2314216323e+01 -5.5326906508e+00 -1.5173093492e+00
     vertex 1.2401534479e+01 -5.5003411789e+00 -1.5496588211e+00
     vertex 1.2314216323e+01 -5.2000000000e+00 -1.3794120983e+00
   endloop
 endfacet
 facet normal  4.3572834106e-01 -3.4464185343e-01 8.3148229426e-01
   outer loop
     vertex 1.2401534479e+01 -5.5003411789e+00 -1.5496588211e+00
     vertex 1.2401534479e+01 -5.2000000000e+00 -1.4251701323e+00
     vertex 1.2314216323e+01 -5.2000000000e+00 -1.3794120983e+00
   endloop
 endfacet
 facet normal  4.5036984058e-01 3.4187112363e-01 8.2479763671e-01
   outer loop
     vertex 1.2401534479e+01 -5.2000000000e+00 -1.4251701323e+00
     vertex 1.2486643380e+01 -5.2000000000e+00 -1.4716427221e+00
     vertex 1.2486643380e+01 -4.9325134612e+00 -1.5825134612e+00
   endloop
 endfacet
 facet normal  4.5036984058e-01 3.4187112363e-01 8.2479763671e-01
   outer loop
     vertex 1.2401534479e+01 -5.2000000000e+00 -1.4251701323e+00
     vertex 1.2486643380e+01 -4.9325134612e+00 -1.5825134612e+00
     vertex 1.2401534479e+01 -4.8996588211e+00 -1.5496588211e+00
   endloop
 endfacet
 facet normal  4.5036984058e-01 8.2479763671e-01 3.4187112363e-01
   outer loop
     vertex 1.2401534479e+01 -4.8996588211e+00 -1.5496588211e+00
     vertex 1.2486643380e+01 -4.9325134612e+00 -1.5825134612e+00
     vertex 1.2486643380e+01 -4.8216427221e+00 -1.8500000000e+00
   endloop
 endfacet
 facet normal  4.5036984058e-01 8.2479763671e-01 3.4187112363e-01
   outer loop
     vertex 1.2401534479e+01 -4.8996588211e+00 -1.5496588211e+00
     vertex 1.2486643380e+01 -4.8216427221e+00 -1.8500000000e+00
     vertex 1.2401534479e+01 -4.7751701323e+00 -1.8500000000e+00
   endloop
 endfacet
 facet normal  4.5036984058e-01 8.2479763671e-01 -3.4187112363e-01
   outer loop
     vertex 1.2401534479e+01 -4.7751701323e+00 -1.8500000000e+00
     vertex 1.2486643380e+01 -4.8216427221e+00 -1.8500000000e+00
     vertex 1.2401534479e+01 -4.8996588211e+00 -2.1503411789e+00
   endloop
 endfacet
 facet normal  4.5036984058e-01 8.2479763671e-01 -3.4187112363e-01
   outer loop
     vertex 1.2486643380e+01 -4.8216427221e+00 -1.8500000000e+00
     vertex 1.2486643380e+01 -4.9325134612e+00 -2.1174865388e+00
     vertex 1.2401534479e+01 -4.8996588211e+00 -2.1503411789e+00
   endloop
 endfacet
 facet normal  4.5036984058e-01 3.4187112363e-01 -8.2479763671e-01
   outer loop
     vertex 1.2401534479e+01 -4.8996588211e+00 -2.1503411789e+00
     vertex 1.2486643380e+01 -4.9325134612e+00 -2.1174865388e+00
     vertex 1.2401534479e+01 -5.2000000000e+00 -2.2748298677e+00
   endloop
 endfacet
 facet normal  4.5036984058e-01 3.4187112363e-01 -8.2479763671e-01
   outer loop
     vertex 1.2486643380e+01 -4.9325134612e+00 -2.1174865388e+00
     vertex 1.2486643380e+01 -5.2000000000e+00 -2.2283572779e+00
     vertex 1.2401534479e+01 -5.2000000000e+00 -2.2748298677e+00
   endloop
 endfacet
 facet normal  4.5036984058e-01 -3.4187112363e-01 -8.2479763671e-01
   outer loop
     vertex 1.2401534479e+01 -5.2000000000e+00 -2.2748298677e+00
     vertex 1.2486643380e+01 -5.2000000000e+00 -2.2283572779e+00
     vertex 1.2486643380e+01 -5.4674865388e+00 -2.1174865388e+00
   endloop
 endfacet
 facet normal  4.5036984058e-01 -3.4187112363e-01 -8.2479763671e-01
   outer loop
     vertex 1.2401534479e+01 -5.2000000000e+00 -2.2748298677e+00
     vertex 1.2486643380e+01 -5.4674865388e+00 -2.1174865388e+00
     vertex 1.2401534479e+01 -5.5003411789e+00 -2.1503411789e+00
   endloop
 endfacet
 facet normal  4.5036984058e-01 -8.2479763671e-01 -3.4187112363e-01
   outer loop
     vertex 1.2401534479e+01 -5.5003411789e+00 -2.1503411789e+00
     vertex 1.2486643380e+01 -5.4674865388e+00 -2.1174865388e+00
     vertex 1.2486643380e+01 -5.5783572779e+00 -1.8500000000e+00
   endloop
 endfacet
 facet normal  4.5036984058e-01 -8.2479763671e-01 -3.4187112363e-01
   outer loop
     vertex 1.2401534479e+01 -5.5003411789e+00 -2.1503411789e+00
     vertex 1.2486643380e+01 -5.5783572779e+00 -1.8500000000e+00
     vertex 1.2401534479e+01 -5.6248298677e+00 -1.8500000000e+00
   endloop
 endfacet
 facet normal  4.5036984058e-01 -8.2479763671e-01 3.4187112363e-01
   outer loop
     vertex 1.2401534479e+01 -5.6248298677e+00 -1.8500000000e+00
     vertex 1.2486643380e+01 -5.5783572779e+00 -1.8500000000e+00
     vertex 1.2401534479e+01 -5.5003411789e+00 -1.5496588211e+00
   endloop
 endfacet
 facet normal  4.5036984058e-01 -8.2479763671e-01 3.4187112363e-01
   outer loop
     vertex 1.2486643380e+01 -5.5783572779e+00 -1.8500000000e+00
     vertex 1.2486643380e+01 -5.4674865388e+00 -1.5825134612e+00
     vertex 1.2401534479e+01 -5.5003411789e+00 -1.5496588211e+00
   endloop
 endfacet
 facet normal  4.5036984058e-01 -3.4187112363e-01 8.2479763671e-01
   outer loop
     vertex 1.2401534479e+01 -5.5003411789e+00 -1.5496588211e+00
     vertex 1.2486643380e+01 -5.4674865388e+00 -1.5825134612e+00
     vertex 1.2401534479e+01 -5.2000000000e+00 -1.4251701323e+00
   endloop
 endfacet
 facet normal  4.5036984058e-01 -3.4187112363e-01 8.2479763671e-01
   outer loop
     vertex 1.2486643380e+01 -5.4674865388e+00 -1.5825134612e+00
     vertex 1.2486643380e+01 -5.2000000000e+00 -1.4716427221e+00
     vertex 1.2401534479e+01 -5.2000000000e+00 -1.4251701323e+00
   endloop
 endfacet
 facet normal  4.6585604093e-01 3.3881496370e-01 8.1742435094e-01
   outer loop
     vertex 1.2486643380e+01 -5.2000000000e+00 -1.4716427221e+00
     vertex 1.2568675105e+01 -5.2000000000e+00 -1.5183931947e+00
     vertex 1.2568675105e+01 -4.9655645556e+00 -1.6155645556e+00
   endloop
 endfacet
 facet normal  4.6585604093e-01 3.3881496370e-01 8.1742435094e-01
   outer loop
     vertex 1.2486643380e+01 -5.2000000000e+00 -1.4716427221e+00
     vertex 1.2568675105e+01 -4.9655645556e+00 -1.6155645556e+00
     vertex 1.2486643380e+01 -4.9325134612e+00 -1.5825134612e+00
   endloop
 endfacet
 facet normal  4.6585604093e-01 8.1742435094e-01 3.3881496370e-01
   outer loop
     vertex 1.2486643380e+01 -4.9325134612e+00 -1.5825134612e+00
     vertex 1.2568675105e+01 -4.9655645556e+00 -1.6155645556e+00
     vertex 1.2568675105e+01 -4.8683931947e+00 -1.8500000000e+00
   endloop
 endfacet
 facet normal  4.6585604093e-01 8.1742435094e-01 3.3881496370e-01
   outer loop
     vertex 1.2486643380e+01 -4.9325134612e+00 -1.5825134612e+00
     vertex 1.2568675105e+01 -4.8683931947e+00 -1.8500000000e+00
     vertex 1.2486643380e+01 -4.8216427221e+00 -1.8500000000e+00
   endloop
 endfacet
 facet normal  4.6585604093e-01 8.1742435094e-01 -3.3881496370e-01
   outer loop
     vertex 1.2486643380e+01 -4.8216427221e+00 -1.8500000000e+00
     vertex 1.2568675105e+01 -4.8683931947e+00 -1.8500000000e+00
     vertex 1.2486643380e+01 -4.9325134612e+00 -2.1174865388e+00
   endloop
 endfacet
 facet normal  4.6585604093e-01 8.1742435094e-01 -3.3881496370e-01
   outer loop
     vertex 1.2568675105e+01 -4.8683931947e+00 -1.8500000000e+00
     vertex 1.2568675105e+01 -4.9655645556e+00 -2.0844354444e+00
     vertex 1.2486643380e+01 -4.9325134612e+00 -2.1174865388e+00
   endloop
 endfacet
 facet normal  4.6585604093e-01 3.3881496370e-01 -8.1742435094e-01
   outer loop
     vertex 1.2486643380e+01 -4.9325134612e+00 -2.1174865388e+00
     vertex 1.2568675105e+01 -4.9655645556e+00 -2.0844354444e+00
     vertex 1.2486643380e+01 -5.2000000000e+00 -2.2283572779e+00
   endloop
 endfacet
 facet normal  4.6585604093e-01 3.3881496370e-01 -8.1742435094e-01
   outer loop
     vertex 1.2568675105e+01 -4.9655645556e+00 -2.0844354444e+00
     vertex 1.2568675105e+01 -5.2000000000e+00 -2.1816068053e+00
     vertex 1.2486643380e+01 -5.2000000000e+00 -2.2283572779e+00
   endloop
 endfacet
 facet normal  4.6585604093e-01 -3.3881496370e-01 -8.1742435094e-01
   outer loop
     vertex 1.2486643380e+01 -5.2000000000e+00 -2.2283572779e+00
     vertex 1.2568675105e+01 -5.2000000000e+00 -2.1816068053e+00
     vertex 1.2568675105e+01 -5.4344354444e+00 -2.0844354444e+00
   endloop
 endfacet
 facet normal  4.6585604093e-01 -3.3881496370e-01 -8.1742435094e-01
   outer loop
     vertex 1.2486643380e+01 -5.2000000000e+00 -2.2283572779e+00
     vertex 1.2568675105e+01 -5.4344354444e+00 -2.0844354444e+00
     vertex 1.2486643380e+01 -5.4674865388e+00 -2.1174865388e+00
   endloop
 endfacet
 facet normal  4.6585604093e-01 -8.1742435094e-01 -3.3881496370e-01
   outer loop
     vertex 1.2486643380e+01 -5.4674865388e+00 -2.1174865388e+00
     vertex 1.2568675105e+01 -5.4344354444e+00 -2.0844354444e+00
     vertex 1.2568675105e+01 -5.5316068053e+00 -1.8500000000e+00
   endloop
 endfacet
 facet normal  4.6585604093e-01 -8.1742435094e-01 -3.3881496370e-01
   outer loop
     vertex 1.2486643380e+01 -5.4674865388e+00 -2.1174865388e+00
     vertex 1.2568675105e+01 -5.5316068053e+00 -1.8500000000e+00
     vertex 1.2486643380e+01 -5.5783572779e+00 -1.8500000000e+00
   endloop
 endfacet
 facet normal  4.6585604093e-01 -8.1742435094e-01 3.3881496370e-01
   outer loop
     vertex 1.2486643380e+01 -5.5783572779e+00 -1.8500000000e+00
     vertex 1.2568675105e+01 -5.5316068053e+00 -1.8500000000e+00
     vertex 1.2486643380e+01 -5.4674865388e+00 -1.5825134612e+00
   endloop
 endfacet
 facet normal  4.6585604093e-01 -8.1742435094e-01 3.3881496370e-01
   outer loop
     vertex 1.2568675105e+01 -5.5316068053e+00 -1.8500000000e+00
     vertex 1.2568675105e+01 -5.4344354444e+00 -1.6155645556e+00
     vertex 1.2486643380e+01 -5.4674865388e+00 -1.5825134612e+00
   endloop
 endfacet
 facet normal  4.6585604093e-01 -3.3881496370e-01 8.1742435094e-01
   outer loop
     vertex 1.2486643380e+01 -5.4674865388e+00 -1.5825134612e+00
     vertex 1.2568675105e+01 -5.4344354444e+00 -1.6155645556e+00
     vertex 1.2486643380e+01 -5.2000000000e+00 -1.4716427221e+00
   endloop
 endfacet
 facet normal  4.6585604093e-01 -3.3881496370e-01 8.1742435094e-01
   outer loop
     vertex 1.2568675105e+01 -5.4344354444e+00 -1.6155645556e+00
     vertex 1.2568675105e+01 -5.2000000000e+00 -1.5183931947e+00
     vertex 1.2486643380e+01 -5.2000000000e+00 -1.4716427221e+00
   endloop
 endfacet
 facet normal  4.8272136303e-01 3.3533571106e-01 8.0903031251e-01
   outer loop
     vertex 1.2568675105e+01 -5.2000000000e+00 -1.5183931947e+00
     vertex 1.2646761733e+01 -5.2000000000e+00 -1.5649848771e+00
     vertex 1.2646761733e+01 -4.9985033904e+00 -1.6485033904e+00
   endloop
 endfacet
 facet normal  4.8272136303e-01 3.3533571106e-01 8.0903031251e-01
   outer loop
     vertex 1.2568675105e+01 -5.2000000000e+00 -1.5183931947e+00
     vertex 1.2646761733e+01 -4.9985033904e+00 -1.6485033904e+00
     vertex 1.2568675105e+01 -4.9655645556e+00 -1.6155645556e+00
   endloop
 endfacet
 facet normal  4.8272136303e-01 8.0903031251e-01 3.3533571106e-01
   outer loop
     vertex 1.2568675105e+01 -4.9655645556e+00 -1.6155645556e+00
     vertex 1.2646761733e+01 -4.9985033904e+00 -1.6485033904e+00
     vertex 1.2646761733e+01 -4.9149848771e+00 -1.8500000000e+00
   endloop
 endfacet
 facet normal  4.8272136303e-01 8.0903031251e-01 3.3533571106e-01
   outer loop
     vertex 1.2568675105e+01 -4.9655645556e+00 -1.6155645556e+00
     vertex 1.2646761733e+01 -4.9149848771e+00 -1.8500000000e+00
     vertex 1.2568675105e+01 -4.8683931947e+00 -1.8500000000e+00
   endloop
 endfacet
 facet normal  4.8272136303e-01 8.0903031251e-01 -3.3533571106e-01
   outer loop
     vertex 1.2568675105e+01 -4.8683931947e+00 -1.8500000000e+00
     vertex 1.2646761733e+01 -4.9149848771e+00 -1.8500000000e+00
     vertex 1.2568675105e+01 -4.9655645556e+00 -2.0844354444e+00
   endloop
 endfacet
 facet normal  4.8272136303e-01 8.0903031251e-01 -3.3533571106e-01
   outer loop
     vertex 1.2646761733e+01 -4.9149848771e+00 -1.8500000000e+00
     vertex 1.2646761733e+01 -4.9985033904e+00 -2.0514966096e+00
     vertex 1.2568675105e+01 -4.9655645556e+00 -2.0844354444e+00
   endloop
 endfacet
 facet normal  4.8272136303e-01 3.3533571106e-01 -8.0903031251e-01
   outer loop
     vertex 1.2568675105e+01 -4.9655645556e+00 -2.0844354444e+00
     vertex 1.2646761733e+01 -4.9985033904e+00 -2.0514966096e+00
     vertex 1.2568675105e+01 -5.2000000000e+00 -2.1816068053e+00
   endloop
 endfacet
 facet normal  4.8272136303e-01 3.3533571106e-01 -8.0903031251e-01
   outer loop
     vertex 1.2646761733e+01 -4.9985033904e+00 -2.0514966096e+00
     vertex 1.2646761733e+01 -5.2000000000e+00 -2.1350151229e+00
     vertex 1.2568675105e+01 -5.2000000000e+00 -2.1816068053e+00
   endloop
 endfacet
 facet normal  4.8272136303e-01 -3.3533571106e-01 -8.0903031251e-01
   outer loop
     vertex 1.2568675105e+01 -5.2000000000e+00 -2.1816068053e+00
     vertex 1.2646761733e+01 -5.2000000000e+00 -2.1350151229e+00
     vertex 1.2646761733e+01 -5.4014966096e+00 -2.0514966096e+00
   endloop
 endfacet
 facet normal  4.8272136303e-01 -3.3533571106e-01 -8.0903031251e-01
   outer loop
     vertex 1.2568675105e+01 -5.2000000000e+00 -2.1816068053e+00
     vertex 1.2646761733e+01 -5.4014966096e+00 -2.0514966096e+00
     vertex 1.2568675105e+01 -5.4344354444e+00 -2.0844354444e+00
   endloop
 endfacet
 facet normal  4.8272136303e-01 -8.0903031251e-01 -3.3533571106e-01
   outer loop
     vertex 1.2568675105e+01 -5.4344354444e+00 -2.0844354444e+00
     vertex 1.2646761733e+01 -5.4014966096e+00 -2.0514966096e+00
     vertex 1.2646761733e+01 -5.4850151229e+00 -1.8500000000e+00
   endloop
 endfacet
 facet normal  4.8272136303e-01 -8.0903031251e-01 -3.3533571106e-01
   outer loop
     vertex 1.2568675105e+01 -5.4344354444e+00 -2.0844354444e+00
     vertex 1.2646761733e+01 -5.4850151229e+00 -1.8500000000e+00
     vertex 1.2568675105e+01 -5.5316068053e+00 -1.8500000000e+00
   endloop
 endfacet
 facet normal  4.8272136303e-01 -8.0903031251e-01 3.3533571106e-01
   outer loop
     vertex 1.2568675105e+01 -5.5316068053e+00 -1.8500000000e+00
     vertex 1.2646761733e+01 -5.4850151229e+00 -1.8500000000e+00
     vertex 1.2568675105e+01 -5.4344354444e+00 -1.6155645556e+00
   endloop
 endfacet
 facet normal  4.8272136303e-01 -8.0903031251e-01 3.3533571106e-01
   outer loop
     vertex 1.2646761733e+01 -5.4850151229e+00 -1.8500000000e+00
     vertex 1.2646761733e+01 -5.4014966096e+00 -1.6485033904e+00
     vertex 1.2568675105e+01 -5.4344354444e+00 -1.6155645556e+00
   endloop
 endfacet
 facet normal  4.8272136303e-01 -3.3533571106e-01 8.0903031251e-01
   outer loop
     vertex 1.2568675105e+01 -5.4344354444e+00 -1.6155645556e+00
     vertex 1.2646761733e+01 -5.4014966096e+00 -1.6485033904e+00
     vertex 1.2568675105e+01 -5.2000000000e+00 -1.5183931947e+00
   endloop
 endfacet
 facet normal  4.8272136303e-01 -3.3533571106e-01 8.0903031251e-01
   outer loop
     vertex 1.2646761733e+01 -5.4014966096e+00 -1.6485033904e+00
     vertex 1.2646761733e+01 -5.2000000000e+00 -1.5649848771e+00
     vertex 1.2568675105e+01 -5.2000000000e+00 -1.5183931947e+00
   endloop
 endfacet
 facet normal  5.0164833892e-01 3.3123775813e-01 7.9914359889e-01
   outer loop
     vertex 1.2646761733e+01 -5.2000000000e+00 -1.5649848771e+00
     vertex 1.2720035341e+01 -5.2000000000e+00 -1.6109810964e+00
     vertex 1.2720035341e+01 -5.0310212517e+00 -1.6810212517e+00
   endloop
 endfacet
 facet normal  5.0164833892e-01 3.3123775813e-01 7.9914359889e-01
   outer loop
     vertex 1.2646761733e+01 -5.2000000000e+00 -1.5649848771e+00
     vertex 1.2720035341e+01 -5.0310212517e+00 -1.6810212517e+00
     vertex 1.2646761733e+01 -4.9985033904e+00 -1.6485033904e+00
   endloop
 endfacet
 facet normal  5.0164833892e-01 7.9914359889e-01 3.3123775813e-01
   outer loop
     vertex 1.2646761733e+01 -4.9985033904e+00 -1.6485033904e+00
     vertex 1.2720035341e+01 -5.0310212517e+00 -1.6810212517e+00
     vertex 1.2720035341e+01 -4.9609810964e+00 -1.8500000000e+00
   endloop
 endfacet
 facet normal  5.0164833892e-01 7.9914359889e-01 3.3123775813e-01
   outer loop
     vertex 1.2646761733e+01 -4.9985033904e+00 -1.6485033904e+00
     vertex 1.2720035341e+01 -4.9609810964e+00 -1.8500000000e+00
     vertex 1.2646761733e+01 -4.9149848771e+00 -1.8500000000e+00
   endloop
 endfacet
 facet normal  5.0164833892e-01 7.9914359889e-01 -3.3123775813e-01
   outer loop
     vertex 1.2646761733e+01 -4.9149848771e+00 -1.8500000000e+00
     vertex 1.2720035341e+01 -4.9609810964e+00 -1.8500000000e+00
     vertex 1.2646761733e+01 -4.9985033904e+00 -2.0514966096e+00
   endloop
 endfacet
 facet normal  5.0164833892e-01 7.9914359889e-01 -3.3123775813e-01
   outer loop
     vertex 1.2720035341e+01 -4.9609810964e+00 -1.8500000000e+00
     vertex 1.2720035341e+01 -5.0310212517e+00 -2.0189787483e+00
     vertex 1.2646761733e+01 -4.9985033904e+00 -2.0514966096e+00
   endloop
 endfacet
 facet normal  5.0164833892e-01 3.3123775813e-01 -7.9914359889e-01
   outer loop
     vertex 1.2646761733e+01 -4.9985033904e+00 -2.0514966096e+00
     vertex 1.2720035341e+01 -5.0310212517e+00 -2.0189787483e+00
     vertex 1.2646761733e+01 -5.2000000000e+00 -2.1350151229e+00
   endloop
 endfacet
 facet normal  5.0164833892e-01 3.3123775813e-01 -7.9914359889e-01
   outer loop
     vertex 1.2720035341e+01 -5.0310212517e+00 -2.0189787483e+00
     vertex 1.2720035341e+01 -5.2000000000e+00 -2.0890189036e+00
     vertex 1.2646761733e+01 -5.2000000000e+00 -2.1350151229e+00
   endloop
 endfacet
 facet normal  5.0164833892e-01 -3.3123775813e-01 -7.9914359889e-01
   outer loop
     vertex 1.2646761733e+01 -5.2000000000e+00 -2.1350151229e+00
     vertex 1.2720035341e+01 -5.2000000000e+00 -2.0890189036e+00
     vertex 1.2720035341e+01 -5.3689787483e+00 -2.0189787483e+00
   endloop
 endfacet
 facet normal  5.0164833892e-01 -3.3123775813e-01 -7.9914359889e-01
   outer loop
     vertex 1.2646761733e+01 -5.2000000000e+00 -2.1350151229e+00
     vertex 1.2720035341e+01 -5.3689787483e+00 -2.0189787483e+00
     vertex 1.2646761733e+01 -5.4014966096e+00 -2.0514966096e+00
   endloop
 endfacet
 facet normal  5.0164833892e-01 -7.9914359889e-01 -3.3123775813e-01
   outer loop
     vertex 1.2646761733e+01 -5.4014966096e+00 -2.0514966096e+00
     vertex 1.2720035341e+01 -5.3689787483e+00 -2.0189787483e+00
     vertex 1.2720035341e+01 -5.4390189036e+00 -1.8500000000e+00
   endloop
 endfacet
 facet normal  5.0164833892e-01 -7.9914359889e-01 -3.3123775813e-01
   outer loop
     vertex 1.2646761733e+01 -5.4014966096e+00 -2.0514966096e+00
     vertex 1.2720035341e+01 -5.4390189036e+00 -1.8500000000e+00
     vertex 1.2646761733e+01 -5.4850151229e+00 -1.8500000000e+00
   endloop
 endfacet
 facet normal  5.0164833892e-01 -7.9914359889e-01 3.3123775813e-01
   outer loop
     vertex 1.2646761733e+01 -5.4850151229e+00 -1.8500000000e+00
     vertex 1.2720035341e+01 -5.4390189036e+00 -1.8500000000e+00
     vertex 1.2646761733e+01 -5.4014966096e+00 -1.6485033904e+00
   endloop
 endfacet
 facet normal  5.0164833892e-01 -7.9914359889e-01 3.3123775813e-01
   outer loop
     vertex 1.2720035341e+01 -5.4390189036e+00 -1.8500000000e+00
     vertex 1.2720035341e+01 -5.3689787483e+00 -1.6810212517e+00
     vertex 1.2646761733e+01 -5.4014966096e+00 -1.6485033904e+00
   endloop
 endfacet
 facet normal  5.0164833892e-01 -3.3123775813e-01 7.9914359889e-01
   outer loop
     vertex 1.2646761733e+01 -5.4014966096e+00 -1.6485033904e+00
     vertex 1.2720035341e+01 -5.3689787483e+00 -1.6810212517e+00
     vertex 1.2646761733e+01 -5.2000000000e+00 -1.5649848771e+00
   endloop
 endfacet
 facet normal  5.0164833892e-01 -3.3123775813e-01 7.9914359889e-01
   outer loop
     vertex 1.2720035341e+01 -5.3689787483e+00 -1.6810212517e+00
     vertex 1.2720035341e+01 -5.2000000000e+00 -1.6109810964e+00
     vertex 1.2646761733e+01 -5.2000000000e+00 -1.5649848771e+00
   endloop
 endfacet
 facet normal  5.2356553834e-01 3.2622701000e-01 7.8705467727e-01
   outer loop
     vertex 1.2720035341e+01 -5.2000000000e+00 -1.6109810964e+00
     vertex 1.2787628010e+01 -5.2000000000e+00 -1.6559451796e+00
     vertex 1.2787628010e+01 -5.0628094257e+00 -1.7128094257e+00
   endloop
 endfacet
 facet normal  5.2356553834e-01 3.2622701000e-01 7.8705467727e-01
   outer loop
     vertex 1.2720035341e+01 -5.2000000000e+00 -1.6109810964e+00
     vertex 1.2787628010e+01 -5.0628094257e+00 -1.7128094257e+00
     vertex 1.2720035341e+01 -5.0310212517e+00 -1.6810212517e+00
   endloop
 endfacet
 facet normal  5.2356553834e-01 7.8705467727e-01 3.2622701000e-01
   outer loop
     vertex 1.2720035341e+01 -5.0310212517e+00 -1.6810212517e+00
     vertex 1.2787628010e+01 -5.0628094257e+00 -1.7128094257e+00
     vertex 1.2787628010e+01 -5.0059451796e+00 -1.8500000000e+00
   endloop
 endfacet
 facet normal  5.2356553834e-01 7.8705467727e-01 3.2622701000e-01
   outer loop
     vertex 1.2720035341e+01 -5.0310212517e+00 -1.6810212517e+00
     vertex 1.2787628010e+01 -5.0059451796e+00 -1.8500000000e+00
     vertex 1.2720035341e+01 -4.9609810964e+00 -1.8500000000e+00
   endloop
 endfacet
 facet normal  5.2356553834e-01 7.8705467727e-01 -3.2622701000e-01
   outer loop
     vertex 1.2720035341e+01 -4.9609810964e+00 -1.8500000000e+00
     vertex 1.2787628010e+01 -5.0059451796e+00 -1.8500000000e+00
     vertex 1.2720035341e+01 -5.0310212517e+00 -2.0189787483e+00
   endloop
 endfacet
 facet normal  5.2356553834e-01 7.8705467727e-01 -3.2622701000e-01
   outer loop
     vertex 1.2787628010e+01 -5.0059451796e+00 -1.8500000000e+00
     vertex 1.2787628010e+01 -5.0628094257e+00 -1.9871905743e+00
     vertex 1.2720035341e+01 -5.0310212517e+00 -2.0189787483e+00
   endloop
 endfacet
 facet normal  5.2356553834e-01 3.2622701000e-01 -7.8705467727e-01
   outer loop
     vertex 1.2720035341e+01 -5.0310212517e+00 -2.0189787483e+00
     vertex 1.2787628010e+01 -5.0628094257e+00 -1.9871905743e+00
     vertex 1.2720035341e+01 -5.2000000000e+00 -2.0890189036e+00
   endloop
 endfacet
 facet normal  5.2356553834e-01 3.2622701000e-01 -7.8705467727e-01
   outer loop
     vertex 1.2787628010e+01 -5.0628094257e+00 -1.9871905743e+00
     vertex 1.2787628010e+01 -5.2000000000e+00 -2.0440548204e+00
     vertex 1.2720035341e+01 -5.2000000000e+00 -2.0890189036e+00
   endloop
 endfacet
 facet normal  5.2356553834e-01 -3.2622701000e-01 -7.8705467727e-01
   outer loop
     vertex 1.2720035341e+01 -5.2000000000e+00 -2.0890189036e+00
     vertex 1.2787628010e+01 -5.2000000000e+00 -2.0440548204e+00
     vertex 1.2787628010e+01 -5.3371905743e+00 -1.9871905743e+00
   endloop
 endfacet
 facet normal  5.2356553834e-01 -3.2622701000e-01 -7.8705467727e-01
   outer loop
     vertex 1.2720035341e+01 -5.2000000000e+00 -2.0890189036e+00
     vertex 1.2787628010e+01 -5.3371905743e+00 -1.9871905743e+00
     vertex 1.2720035341e+01 -5.3689787483e+00 -2.0189787483e+00
   endloop
 endfacet
 facet normal  5.2356553834e-01 -7.8705467727e-01 -3.2622701000e-01
   outer loop
     vertex 1.2720035341e+01 -5.3689787483e+00 -2.0189787483e+00
     vertex 1.2787628010e+01 -5.3371905743e+00 -1.9871905743e+00
     vertex 1.2787628010e+01 -5.3940548204e+00 -1.8500000000e+00
   endloop
 endfacet
 facet normal  5.2356553834e-01 -7.8705467727e-01 -3.2622701000e-01
   outer loop
     vertex 1.2720035341e+01 -5.3689787483e+00 -2.0189787483e+00
     vertex 1.2787628010e+01 -5.3940548204e+00 -1.8500000000e+00
     vertex 1.2720035341e+01 -5.4390189036e+00 -1.8500000000e+00
   endloop
 endfacet
 facet normal  5.2356553834e-01 -7.8705467727e-01 3.2622701000e-01
   outer loop
     vertex 1.2720035341e+01 -5.4390189036e+00 -1.8500000000e+00
     vertex 1.2787628010e+01 -5.3940548204e+00 -1.8500000000e+00
     vertex 1.2720035341e+01 -5.3689787483e+00 -1.6810212517e+00
   endloop
 endfacet
 facet normal  5.2356553834e-01 -7.8705467727e-01 3.2622701000e-01
   outer loop
     vertex 1.2787628010e+01 -5.3940548204e+00 -1.8500000000e+00
     vertex 1.2787628010e+01 -5.3371905743e+00 -1.7128094257e+00
     vertex 1.2720035341e+01 -5.3689787483e+00 -1.6810212517e+00
   endloop
 endfacet
 facet normal  5.2356553834e-01 -3.2622701000e-01 7.8705467727e-01
   outer loop
     vertex 1.2720035341e+01 -5.3689787483e+00 -1.6810212517e+00
     vertex 1.2787628010e+01 -5.3371905743e+00 -1.7128094257e+00
     vertex 1.2720035341e+01 -5.2000000000e+00 -1.6109810964e+00
   endloop
 endfacet
 facet normal  5.2356553834e-01 -3.2622701000e-01 7.8705467727e-01
   outer loop
     vertex 1.2787628010e+01 -5.3371905743e+00 -1.7128094257e+00
     vertex 1.2787628010e+01 -5.2000000000e+00 -1.6559451796e+00
     vertex 1.2720035341e+01 -5.2000000000e+00 -1.6109810964e+00
   endloop
 endfacet
 facet normal  5.4980799328e-01 3.1983471436e-01 7.7163263670e-01
   outer loop
     vertex 1.2787628010e+01 -5.2000000000e+00 -1.6559451796e+00
     vertex 1.2848671817e+01 -5.2000000000e+00 -1.6994404537e+00
     vertex 1.2848671817e+01 -5.0935591985e+00 -1.7435591985e+00
   endloop
 endfacet
 facet normal  5.4980799328e-01 3.1983471436e-01 7.7163263670e-01
   outer loop
     vertex 1.2787628010e+01 -5.2000000000e+00 -1.6559451796e+00
     vertex 1.2848671817e+01 -5.0935591985e+00 -1.7435591985e+00
     vertex 1.2787628010e+01 -5.0628094257e+00 -1.7128094257e+00
   endloop
 endfacet
 facet normal  5.4980799328e-01 7.7163263670e-01 3.1983471436e-01
   outer loop
     vertex 1.2787628010e+01 -5.0628094257e+00 -1.7128094257e+00
     vertex 1.2848671817e+01 -5.0935591985e+00 -1.7435591985e+00
     vertex 1.2848671817e+01 -5.0494404537e+00 -1.8500000000e+00
   endloop
 endfacet
 facet normal  5.4980799328e-01 7.7163263670e-01 3.1983471436e-01
   outer loop
     vertex 1.2787628010e+01 -5.0628094257e+00 -1.7128094257e+00
     vertex 1.2848671817e+01 -5.0494404537e+00 -1.8500000000e+00
     vertex 1.2787628010e+01 -5.0059451796e+00 -1.8500000000e+00
   endloop
 endfacet
 facet normal  5.4980799328e-01 7.7163263670e-01 -3.1983471436e-01
   outer loop
     vertex 1.2787628010e+01 -5.0059451796e+00 -1.8500000000e+00
     vertex 1.2848671817e+01 -5.0494404537e+00 -1.8500000000e+00
     vertex 1.2787628010e+01 -5.0628094257e+00 -1.9871905743e+00
   endloop
 endfacet
 facet normal  5.4980799328e-01 7.7163263670e-01 -3.1983471436e-01
   outer loop
     vertex 1.2848671817e+01 -5.0494404537e+00 -1.8500000000e+00
     vertex 1.2848671817e+01 -5.0935591985e+00 -1.9564408015e+00
     vertex 1.2787628010e+01 -5.0628094257e+00 -1.9871905743e+00
   endloop
 endfacet
 facet normal  5.4980799328e-01 3.1983471436e-01 -7.7163263670e-01
   outer loop
     vertex 1.2787628010e+01 -5.0628094257e+00 -1.9871905743e+00
     vertex 1.2848671817e+01 -5.0935591985e+00 -1.9564408015e+00
     vertex 1.2787628010e+01 -5.2000000000e+00 -2.0440548204e+00
   endloop
 endfacet
 facet normal  5.4980799328e-01 3.1983471436e-01 -7.7163263670e-01
   outer loop
     vertex 1.2848671817e+01 -5.0935591985e+00 -1.9564408015e+00
     vertex 1.2848671817e+01 -5.2000000000e+00 -2.0005595463e+00
     vertex 1.2787628010e+01 -5.2000000000e+00 -2.0440548204e+00
   endloop
 endfacet
 facet normal  5.4980799328e-01 -3.1983471436e-01 -7.7163263670e-01
   outer loop
     vertex 1.2787628010e+01 -5.2000000000e+00 -2.0440548204e+00
     vertex 1.2848671817e+01 -5.2000000000e+00 -2.0005595463e+00
     vertex 1.2848671817e+01 -5.3064408015e+00 -1.9564408015e+00
   endloop
 endfacet
 facet normal  5.4980799328e-01 -3.1983471436e-01 -7.7163263670e-01
   outer loop
     vertex 1.2787628010e+01 -5.2000000000e+00 -2.0440548204e+00
     vertex 1.2848671817e+01 -5.3064408015e+00 -1.9564408015e+00
     vertex 1.2787628010e+01 -5.3371905743e+00 -1.9871905743e+00
   endloop
 endfacet
 facet normal  5.4980799328e-01 -7.7163263670e-01 -3.1983471436e-01
   outer loop
     vertex 1.2787628010e+01 -5.3371905743e+00 -1.9871905743e+00
     vertex 1.2848671817e+01 -5.3064408015e+00 -1.9564408015e+00
     vertex 1.2848671817e+01 -5.3505595463e+00 -1.8500000000e+00
   endloop
 endfacet
 facet normal  5.4980799328e-01 -7.7163263670e-01 -3.1983471436e-01
   outer loop
     vertex 1.2787628010e+01 -5.3371905743e+00 -1.9871905743e+00
     vertex 1.2848671817e+01 -5.3505595463e+00 -1.8500000000e+00
     vertex 1.2787628010e+01 -5.3940548204e+00 -1.8500000000e+00
   endloop
 endfacet
 facet normal  5.4980799328e-01 -7.7163263670e-01 3.1983471436e-01
   outer loop
     vertex 1.2787628010e+01 -5.3940548204e+00 -1.8500000000e+00
     vertex 1.2848671817e+01 -5.3505595463e+00 -1.8500000000e+00
     vertex 1.2787628010e+01 -5.3371905743e+00 -1.7128094257e+00
   endloop
 endfacet
 facet normal  5.4980799328e-01 -7.7163263670e-01 3.1983471436e-01
   outer loop
     vertex 1.2848671817e+01 -5.3505595463e+00 -1.8500000000e+00
     vertex 1.2848671817e+01 -5.3064408015e+00 -1.7435591985e+00
     vertex 1.2787628010e+01 -5.3371905743e+00 -1.7128094257e+00
   endloop
 endfacet
 facet normal  5.4980799328e-01 -3.1983471436e-01 7.7163263670e-01
   outer loop
     vertex 1.2787628010e+01 -5.3371905743e+00 -1.7128094257e+00
     vertex 1.2848671817e+01 -5.3064408015e+00 -1.7435591985e+00
     vertex 1.2787628010e+01 -5.2000000000e+00 -1.6559451796e+00
   endloop
 endfacet
 facet normal  5.4980799328e-01 -3.1983471436e-01 7.7163263670e-01
   outer loop
     vertex 1.2848671817e+01 -5.3064408015e+00 -1.7435591985e+00
     vertex 1.2848671817e+01 -5.2000000000e+00 -1.6994404537e+00
     vertex 1.2787628010e+01 -5.2000000000e+00 -1.6559451796e+00
   endloop
 endfacet
 facet normal  5.8239363628e-01 3.1126377438e-01 7.5095440286e-01
   outer loop
     vertex 1.2848671817e+01 -5.2000000000e+00 -1.6994404537e+00
     vertex 1.2902298841e+01 -5.2000000000e+00 -1.7410302457e+00
     vertex 1.2902298841e+01 -5.1229618562e+00 -1.7729618562e+00
   endloop
 endfacet
 facet normal  5.8239363628e-01 3.1126377438e-01 7.5095440286e-01
   outer loop
     vertex 1.2848671817e+01 -5.2000000000e+00 -1.6994404537e+00
     vertex 1.2902298841e+01 -5.1229618562e+00 -1.7729618562e+00
     vertex 1.2848671817e+01 -5.0935591985e+00 -1.7435591985e+00
   endloop
 endfacet
 facet normal  5.8239363628e-01 7.5095440286e-01 3.1126377438e-01
   outer loop
     vertex 1.2848671817e+01 -5.0935591985e+00 -1.7435591985e+00
     vertex 1.2902298841e+01 -5.1229618562e+00 -1.7729618562e+00
     vertex 1.2902298841e+01 -5.0910302457e+00 -1.8500000000e+00
   endloop
 endfacet
 facet normal  5.8239363628e-01 7.5095440286e-01 3.1126377438e-01
   outer loop
     vertex 1.2848671817e+01 -5.0935591985e+00 -1.7435591985e+00
     vertex 1.2902298841e+01 -5.0910302457e+00 -1.8500000000e+00
     vertex 1.2848671817e+01 -5.0494404537e+00 -1.8500000000e+00
   endloop
 endfacet
 facet normal  5.8239363628e-01 7.5095440286e-01 -3.1126377438e-01
   outer loop
     vertex 1.2848671817e+01 -5.0494404537e+00 -1.8500000000e+00
     vertex 1.2902298841e+01 -5.0910302457e+00 -1.8500000000e+00
     vertex 1.2848671817e+01 -5.0935591985e+00 -1.9564408015e+00
   endloop
 endfacet
 facet normal  5.8239363628e-01 7.5095440286e-01 -3.1126377438e-01
   outer loop
     vertex 1.2902298841e+01 -5.0910302457e+00 -1.8500000000e+00
     vertex 1.2902298841e+01 -5.1229618562e+00 -1.9270381438e+00
     vertex 1.2848671817e+01 -5.0935591985e+00 -1.9564408015e+00
   endloop
 endfacet
 facet normal  5.8239363628e-01 3.1126377438e-01 -7.5095440286e-01
   outer loop
     vertex 1.2848671817e+01 -5.0935591985e+00 -1.9564408015e+00
     vertex 1.2902298841e+01 -5.1229618562e+00 -1.9270381438e+00
     vertex 1.2848671817e+01 -5.2000000000e+00 -2.0005595463e+00
   endloop
 endfacet
 facet normal  5.8239363628e-01 3.1126377438e-01 -7.5095440286e-01
   outer loop
     vertex 1.2902298841e+01 -5.1229618562e+00 -1.9270381438e+00
     vertex 1.2902298841e+01 -5.2000000000e+00 -1.9589697543e+00
     vertex 1.2848671817e+01 -5.2000000000e+00 -2.0005595463e+00
   endloop
 endfacet
 facet normal  5.8239363628e-01 -3.1126377438e-01 -7.5095440286e-01
   outer loop
     vertex 1.2848671817e+01 -5.2000000000e+00 -2.0005595463e+00
     vertex 1.2902298841e+01 -5.2000000000e+00 -1.9589697543e+00
     vertex 1.2902298841e+01 -5.2770381438e+00 -1.9270381438e+00
   endloop
 endfacet
 facet normal  5.8239363628e-01 -3.1126377438e-01 -7.5095440286e-01
   outer loop
     vertex 1.2848671817e+01 -5.2000000000e+00 -2.0005595463e+00
     vertex 1.2902298841e+01 -5.2770381438e+00 -1.9270381438e+00
     vertex 1.2848671817e+01 -5.3064408015e+00 -1.9564408015e+00
   endloop
 endfacet
 facet normal  5.8239363628e-01 -7.5095440286e-01 -3.1126377438e-01
   outer loop
     vertex 1.2848671817e+01 -5.3064408015e+00 -1.9564408015e+00
     vertex 1.2902298841e+01 -5.2770381438e+00 -1.9270381438e+00
     vertex 1.2902298841e+01 -5.3089697543e+00 -1.8500000000e+00
   endloop
 endfacet
 facet normal  5.8239363628e-01 -7.5095440286e-01 -3.1126377438e-01
   outer loop
     vertex 1.2848671817e+01 -5.3064408015e+00 -1.9564408015e+00
     vertex 1.2902298841e+01 -5.3089697543e+00 -1.8500000000e+00
     vertex 1.2848671817e+01 -5.3505595463e+00 -1.8500000000e+00
   endloop
 endfacet
 facet normal  5.8239363628e-01 -7.5095440286e-01 3.1126377438e-01
   outer loop
     vertex 1.2848671817e+01 -5.3505595463e+00 -1.8500000000e+00
     vertex 1.2902298841e+01 -5.3089697543e+00 -1.8500000000e+00
     vertex 1.2848671817e+01 -5.3064408015e+00 -1.7435591985e+00
   endloop
 endfacet
 facet normal  5.8239363628e-01 -7.5095440286e-01 3.1126377438e-01
   outer loop
     vertex 1.2902298841e+01 -5.3089697543e+00 -1.8500000000e+00
     vertex 1.2902298841e+01 -5.2770381438e+00 -1.7729618562e+00
     vertex 1.2848671817e+01 -5.3064408015e+00 -1.7435591985e+00
   endloop
 endfacet
 facet normal  5.8239363628e-01 -3.1126377438e-01 7.5095440286e-01
   outer loop
     vertex 1.2848671817e+01 -5.3064408015e+00 -1.7435591985e+00
     vertex 1.2902298841e+01 -5.2770381438e+00 -1.7729618562e+00
     vertex 1.2848671817e+01 -5.2000000000e+00 -1.6994404537e+00
   endloop
 endfacet
 facet normal  5.8239363628e-01 -3.1126377438e-01 7.5095440286e-01
   outer loop
     vertex 1.2902298841e+01 -5.2770381438e+00 -1.7729618562e+00
     vertex 1.2902298841e+01 -5.2000000000e+00 -1.7410302457e+00
     vertex 1.2848671817e+01 -5.2000000000e+00 -1.6994404537e+00
   endloop
 endfacet
 facet normal  6.2451308606e-01 2.9905204156e-01 7.2149239898e-01
   outer loop
     vertex 1.2902298841e+01 -5.2000000000e+00 -1.7410302457e+00
     vertex 1.2947641161e+01 -5.2000000000e+00 -1.7802778828e+00
     vertex 1.2947641161e+01 -5.1507086849e+00 -1.8007086849e+00
   endloop
 endfacet
 facet normal  6.2451308606e-01 2.9905204156e-01 7.2149239898e-01
   outer loop
     vertex 1.2902298841e+01 -5.2000000000e+00 -1.7410302457e+00
     vertex 1.2947641161e+01 -5.1507086849e+00 -1.8007086849e+00
     vertex 1.2902298841e+01 -5.1229618562e+00 -1.7729618562e+00
   endloop
 endfacet
 facet normal  6.2451308606e-01 7.2149239898e-01 2.9905204156e-01
   outer loop
     vertex 1.2902298841e+01 -5.1229618562e+00 -1.7729618562e+00
     vertex 1.2947641161e+01 -5.1507086849e+00 -1.8007086849e+00
     vertex 1.2947641161e+01 -5.1302778828e+00 -1.8500000000e+00
   endloop
 endfacet
 facet normal  6.2451308606e-01 7.2149239898e-01 2.9905204156e-01
   outer loop
     vertex 1.2902298841e+01 -5.1229618562e+00 -1.7729618562e+00
     vertex 1.2947641161e+01 -5.1302778828e+00 -1.8500000000e+00
     vertex 1.2902298841e+01 -5.0910302457e+00 -1.8500000000e+00
   endloop
 endfacet
 facet normal  6.2451308606e-01 7.2149239898e-01 -2.9905204156e-01
   outer loop
     vertex 1.2902298841e+01 -5.0910302457e+00 -1.8500000000e+00
     vertex 1.2947641161e+01 -5.1302778828e+00 -1.8500000000e+00
     vertex 1.2902298841e+01 -5.1229618562e+00 -1.9270381438e+00
   endloop
 endfacet
 facet normal  6.2451308606e-01 7.2149239898e-01 -2.9905204156e-01
   outer loop
     vertex 1.2947641161e+01 -5.1302778828e+00 -1.8500000000e+00
     vertex 1.2947641161e+01 -5.1507086849e+00 -1.8992913151e+00
     vertex 1.2902298841e+01 -5.1229618562e+00 -1.9270381438e+00
   endloop
 endfacet
 facet normal  6.2451308606e-01 2.9905204156e-01 -7.2149239898e-01
   outer loop
     vertex 1.2902298841e+01 -5.1229618562e+00 -1.9270381438e+00
     vertex 1.2947641161e+01 -5.1507086849e+00 -1.8992913151e+00
     vertex 1.2902298841e+01 -5.2000000000e+00 -1.9589697543e+00
   endloop
 endfacet
 facet normal  6.2451308606e-01 2.9905204156e-01 -7.2149239898e-01
   outer loop
     vertex 1.2947641161e+01 -5.1507086849e+00 -1.8992913151e+00
     vertex 1.2947641161e+01 -5.2000000000e+00 -1.9197221172e+00
     vertex 1.2902298841e+01 -5.2000000000e+00 -1.9589697543e+00
   endloop
 endfacet
 facet normal  6.2451308606e-01 -2.9905204156e-01 -7.2149239898e-01
   outer loop
     vertex 1.2902298841e+01 -5.2000000000e+00 -1.9589697543e+00
     vertex 1.2947641161e+01 -5.2000000000e+00 -1.9197221172e+00
     vertex 1.2947641161e+01 -5.2492913151e+00 -1.8992913151e+00
   endloop
 endfacet
 facet normal  6.2451308606e-01 -2.9905204156e-01 -7.2149239898e-01
   outer loop
     vertex 1.2902298841e+01 -5.2000000000e+00 -1.9589697543e+00
     vertex 1.2947641161e+01 -5.2492913151e+00 -1.8992913151e+00
     vertex 1.2902298841e+01 -5.2770381438e+00 -1.9270381438e+00
   endloop
 endfacet
 facet normal  6.2451308606e-01 -7.2149239898e-01 -2.9905204156e-01
   outer loop
     vertex 1.2902298841e+01 -5.2770381438e+00 -1.9270381438e+00
     vertex 1.2947641161e+01 -5.2492913151e+00 -1.8992913151e+00
     vertex 1.2947641161e+01 -5.2697221172e+00 -1.8500000000e+00
   endloop
 endfacet
 facet normal  6.2451308606e-01 -7.2149239898e-01 -2.9905204156e-01
   outer loop
     vertex 1.2902298841e+01 -5.2770381438e+00 -1.9270381438e+00
     vertex 1.2947641161e+01 -5.2697221172e+00 -1.8500000000e+00
     vertex 1.2902298841e+01 -5.3089697543e+00 -1.8500000000e+00
   endloop
 endfacet
 facet normal  6.2451308606e-01 -7.2149239898e-01 2.9905204156e-01
   outer loop
     vertex 1.2902298841e+01 -5.3089697543e+00 -1.8500000000e+00
     vertex 1.2947641161e+01 -5.2697221172e+00 -1.8500000000e+00
     vertex 1.2902298841e+01 -5.2770381438e+00 -1.7729618562e+00
   endloop
 endfacet
 facet normal  6.2451308606e-01 -7.2149239898e-01 2.9905204156e-01
   outer loop
     vertex 1.2947641161e+01 -5.2697221172e+00 -1.8500000000e+00
     vertex 1.2947641161e+01 -5.2492913151e+00 -1.8007086849e+00
     vertex 1.2902298841e+01 -5.2770381438e+00 -1.7729618562e+00
   endloop
 endfacet
 facet normal  6.2451308606e-01 -2.9905204156e-01 7.2149239898e-01
   outer loop
     vertex 1.2902298841e+01 -5.2770381438e+00 -1.7729618562e+00
     vertex 1.2947641161e+01 -5.2492913151e+00 -1.8007086849e+00
     vertex 1.2902298841e+01 -5.2000000000e+00 -1.7410302457e+00
   endloop
 endfacet
 facet normal  6.2451308606e-01 -2.9905204156e-01 7.2149239898e-01
   outer loop
     vertex 1.2947641161e+01 -5.2492913151e+00 -1.8007086849e+00
     vertex 1.2947641161e+01 -5.2000000000e+00 -1.7802778828e+00
     vertex 1.2902298841e+01 -5.2000000000e+00 -1.7410302457e+00
   endloop
 endfacet
 facet normal  6.8137117491e-01 2.8026062839e-01 6.7615627053e-01
   outer loop
     vertex 1.2947641161e+01 -5.2000000000e+00 -1.7802778828e+00
     vertex 1.2983830854e+01 -5.2000000000e+00 -1.8167466919e+00
     vertex 1.2983830854e+01 -5.1764909708e+00 -1.8264909708e+00
   endloop
 endfacet
 facet normal  6.8137117491e-01 2.8026062839e-01 6.7615627053e-01
   outer loop
     vertex 1.2947641161e+01 -5.2000000000e+00 -1.7802778828e+00
     vertex 1.2983830854e+01 -5.1764909708e+00 -1.8264909708e+00
     vertex 1.2947641161e+01 -5.1507086849e+00 -1.8007086849e+00
   endloop
 endfacet
 facet normal  6.8137117491e-01 6.7615627053e-01 2.8026062839e-01
   outer loop
     vertex 1.2947641161e+01 -5.1507086849e+00 -1.8007086849e+00
     vertex 1.2983830854e+01 -5.1764909708e+00 -1.8264909708e+00
     vertex 1.2983830854e+01 -5.1667466919e+00 -1.8500000000e+00
   endloop
 endfacet
 facet normal  6.8137117491e-01 6.7615627053e-01 2.8026062839e-01
   outer loop
     vertex 1.2947641161e+01 -5.1507086849e+00 -1.8007086849e+00
     vertex 1.2983830854e+01 -5.1667466919e+00 -1.8500000000e+00
     vertex 1.2947641161e+01 -5.1302778828e+00 -1.8500000000e+00
   endloop
 endfacet
 facet normal  6.8137117491e-01 6.7615627053e-01 -2.8026062839e-01
   outer loop
     vertex 1.2947641161e+01 -5.1302778828e+00 -1.8500000000e+00
     vertex 1.2983830854e+01 -5.1667466919e+00 -1.8500000000e+00
     vertex 1.2947641161e+01 -5.1507086849e+00 -1.8992913151e+00
   endloop
 endfacet
 facet normal  6.8137117491e-01 6.7615627053e-01 -2.8026062839e-01
   outer loop
     vertex 1.2983830854e+01 -5.1667466919e+00 -1.8500000000e+00
     vertex 1.2983830854e+01 -5.1764909708e+00 -1.8735090292e+00
     vertex 1.2947641161e+01 -5.1507086849e+00 -1.8992913151e+00
   endloop
 endfacet
 facet normal  6.8137117491e-01 2.8026062839e-01 -6.7615627053e-01
   outer loop
     vertex 1.2947641161e+01 -5.1507086849e+00 -1.8992913151e+00
     vertex 1.2983830854e+01 -5.1764909708e+00 -1.8735090292e+00
     vertex 1.2947641161e+01 -5.2000000000e+00 -1.9197221172e+00
   endloop
 endfacet
 facet normal  6.8137117491e-01 2.8026062839e-01 -6.7615627053e-01
   outer loop
     vertex 1.2983830854e+01 -5.1764909708e+00 -1.8735090292e+00
     vertex 1.2983830854e+01 -5.2000000000e+00 -1.8832533081e+00
     vertex 1.2947641161e+01 -5.2000000000e+00 -1.9197221172e+00
   endloop
 endfacet
 facet normal  6.8137117491e-01 -2.8026062839e-01 -6.7615627053e-01
   outer loop
     vertex 1.2947641161e+01 -5.2000000000e+00 -1.9197221172e+00
     vertex 1.2983830854e+01 -5.2000000000e+00 -1.8832533081e+00
     vertex 1.2983830854e+01 -5.2235090292e+00 -1.8735090292e+00
   endloop
 endfacet
 facet normal  6.8137117491e-01 -2.8026062839e-01 -6.7615627053e-01
   outer loop
     vertex 1.2947641161e+01 -5.2000000000e+00 -1.9197221172e+00
     vertex 1.2983830854e+01 -5.2235090292e+00 -1.8735090292e+00
     vertex 1.2947641161e+01 -5.2492913151e+00 -1.8992913151e+00
   endloop
 endfacet
 facet normal  6.8137117491e-01 -6.7615627053e-01 -2.8026062839e-01
   outer loop
     vertex 1.2947641161e+01 -5.2492913151e+00 -1.8992913151e+00
     vertex 1.2983830854e+01 -5.2235090292e+00 -1.8735090292e+00
     vertex 1.2983830854e+01 -5.2332533081e+00 -1.8500000000e+00
   endloop
 endfacet
 facet normal  6.8137117491e-01 -6.7615627053e-01 -2.8026062839e-01
   outer loop
     vertex 1.2947641161e+01 -5.2492913151e+00 -1.8992913151e+00
     vertex 1.2983830854e+01 -5.2332533081e+00 -1.8500000000e+00
     vertex 1.2947641161e+01 -5.2697221172e+00 -1.8500000000e+00
   endloop
 endfacet
 facet normal  6.8137117491e-01 -6.7615627053e-01 2.8026062839e-01
   outer loop
     vertex 1.2947641161e+01 -5.2697221172e+00 -1.8500000000e+00
     vertex 1.2983830854e+01 -5.2332533081e+00 -1.8500000000e+00
     vertex 1.2947641161e+01 -5.2492913151e+00 -1.8007086849e+00
   endloop
 endfacet
 facet normal  6.8137117491e-01 -6.7615627053e-01 2.8026062839e-01
   outer loop
     vertex 1.2983830854e+01 -5.2332533081e+00 -1.8500000000e+00
     vertex 1.2983830854e+01 -5.2235090292e+00 -1.8264909708e+00
     vertex 1.2947641161e+01 -5.2492913151e+00 -1.8007086849e+00
   endloop
 endfacet
 facet normal  6.8137117491e-01 -2.8026062839e-01 6.7615627053e-01
   outer loop
     vertex 1.2947641161e+01 -5.2492913151e+00 -1.8007086849e+00
     vertex 1.2983830854e+01 -5.2235090292e+00 -1.8264909708e+00
     vertex 1.2947641161e+01 -5.2000000000e+00 -1.7802778828e+00
   endloop
 endfacet
 facet normal  6.8137117491e-01 -2.8026062839e-01 6.7615627053e-01
   outer loop
     vertex 1.2983830854e+01 -5.2235090292e+00 -1.8264909708e+00
     vertex 1.2983830854e+01 -5.2000000000e+00 -1.8167466919e+00
     vertex 1.2947641161e+01 -5.2000000000e+00 -1.7802778828e+00
   endloop
 endfacet
 facet normal  7.6123005680e-01 2.4830509660e-01 5.9906041401e-01
   outer loop
     vertex 1.2983830854e+01 -5.2000000000e+00 -1.8167466919e+00
     vertex 1.3010000000e+01 -5.2000000000e+00 -1.8500000000e+00
     vertex 1.2983830854e+01 -5.1764909708e+00 -1.8264909708e+00
   endloop
 endfacet
 facet normal  7.6123005680e-01 5.9906041401e-01 2.4830509660e-01
   outer loop
     vertex 1.2983830854e+01 -5.1764909708e+00 -1.8264909708e+00
     vertex 1.3010000000e+01 -5.2000000000e+00 -1.8500000000e+00
     vertex 1.2983830854e+01 -5.1667466919e+00 -1.8500000000e+00
   endloop
 endfacet
 facet normal  7.6123005680e-01 5.9906041401e-01 -2.4830509660e-01
   outer loop
     vertex 1.2983830854e+01 -5.1667466919e+00 -1.8500000000e+00
     vertex 1.3010000000e+01 -5.2000000000e+00 -1.8500000000e+00
     vertex 1.2983830854e+01 -5.1764909708e+00 -1.8735090292e+00
   endloop
 endfacet
 facet normal  7.6123005680e-01 2.4830509660e-01 -5.9906041401e-01
   outer loop
     vertex 1.2983830854e+01 -5.1764909708e+00 -1.8735090292e+00
     vertex 1.3010000000e+01 -5.2000000000e+00 -1.8500000000e+00
     vertex 1.2983830854e+01 -5.2000000000e+00 -1.8832533081e+00
   endloop
 endfacet
 facet normal  7.6123005680e-01 -2.4830509660e-01 -5.9906041401e-01
   outer loop
     vertex 1.2983830854e+01 -5.2000000000e+00 -1.8832533081e+00
     vertex 1.3010000000e+01 -5.2000000000e+00 -1.8500000000e+00
     vertex 1.2983830854e+01 -5.2235090292e+00 -1.8735090292e+00
   endloop
 endfacet
 facet normal  7.6123005680e-01 -5.9906041401e-01 -2.4830509660e-01
   outer loop
     vertex 1.2983830854e+01 -5.2235090292e+00 -1.8735090292e+00
     vertex 1.3010000000e+01 -5.2000000000e+00 -1.8500000000e+00
     vertex 1.2983830854e+01 -5.2332533081e+00 -1.8500000000e+00
   endloop
 endfacet
 facet normal  7.6123005680e-01 -5.9906041401e-01 2.4830509660e-01
   outer loop
     vertex 1.2983830854e+01 -5.2332533081e+00 -1.8500000000e+00
     vertex 1.3010000000e+01 -5.2000000000e+00 -1.8500000000e+00
     vertex 1.2983830854e+01 -5.2235090292e+00 -1.8264909708e+00
   endloop
 endfacet
 facet normal  7.6123005680e-01 -2.4830509660e-01 5.9906041401e-01
   outer loop
     vertex 1.2983830854e+01 -5.2235090292e+00 -1.8264909708e+00
     vertex 1.3010000000e+01 -5.2000000000e+00 -1.8500000000e+00
     vertex 1.2983830854e+01 -5.2000000000e+00 -1.8167466919e+00
   endloop
 endfacet
endsolid
