solid
 facet normal  2.0205596201e-01 -2.6138818910e-02 -9.7902510201e-01
   outer loop
     vertex 2.4789100998e+00 0.0000000000e+00 1.2468109041e-01
     vertex 2.4736397283e+00 0.0000000000e+00 1.2359336550e-01
     vertex 2.4988390469e+00 8.8000000000e-02 1.2644462693e-01
   endloop
 endfacet
 facet normal  2.0205596201e-01 -2.6138818910e-02 -9.7902510201e-01
   outer loop
     vertex 2.4988390469e+00 8.8000000000e-02 1.2644462693e-01
     vertex 2.4736397283e+00 0.0000000000e+00 1.2359336550e-01
     vertex 2.4941484162e+00 8.8000000000e-02 1.2547655175e-01
   endloop
 endfacet
 facet normal  1.9940091823e-01 -2.5508050429e-02 -9.7958593966e-01
   outer loop
     vertex 2.4736397283e+00 0.0000000000e+00 1.2359336550e-01
     vertex 2.4660619620e+00 0.0000000000e+00 1.2205086321e-01
     vertex 2.4941484162e+00 8.8000000000e-02 1.2547655175e-01
   endloop
 endfacet
 facet normal  1.9940091823e-01 -2.5508050429e-02 -9.7958593966e-01
   outer loop
     vertex 2.4941484162e+00 8.8000000000e-02 1.2547655175e-01
     vertex 2.4660619620e+00 0.0000000000e+00 1.2205086321e-01
     vertex 2.4874042043e+00 8.8000000000e-02 1.2410372472e-01
   endloop
 endfacet
 facet normal  1.9573246947e-01 -2.4600564017e-02 -9.8034871992e-01
   outer loop
     vertex 2.4660619620e+00 0.0000000000e+00 1.2205086321e-01
     vertex 2.4553901387e+00 0.0000000000e+00 1.1992017004e-01
     vertex 2.4874042043e+00 8.8000000000e-02 1.2410372472e-01
   endloop
 endfacet
 facet normal  1.9573246947e-01 -2.4600564017e-02 -9.8034871992e-01
   outer loop
     vertex 2.4874042043e+00 8.8000000000e-02 1.2410372472e-01
     vertex 2.4553901387e+00 0.0000000000e+00 1.1992017004e-01
     vertex 2.4779062815e+00 8.8000000000e-02 1.2220740780e-01
   endloop
 endfacet
 facet normal  1.9085069046e-01 -2.3325672252e-02 -9.8134190116e-01
   outer loop
     vertex 2.4553901387e+00 0.0000000000e+00 1.1992017004e-01
     vertex 2.4407920150e+00 0.0000000000e+00 1.1708113710e-01
     vertex 2.4779062815e+00 8.8000000000e-02 1.2220740780e-01
   endloop
 endfacet
 facet normal  1.9085069046e-01 -2.3325672252e-02 -9.8134190116e-01
   outer loop
     vertex 2.4779062815e+00 8.8000000000e-02 1.2220740780e-01
     vertex 2.4407920150e+00 0.0000000000e+00 1.1708113710e-01
     vertex 2.4649139515e+00 8.8000000000e-02 1.1968066848e-01
   endloop
 endfacet
 facet normal  1.8450138893e-01 -2.1548200267e-02 -9.8259600678e-01
   outer loop
     vertex 2.4407920150e+00 0.0000000000e+00 1.1708113710e-01
     vertex 2.4215986305e+00 0.0000000000e+00 1.1347720825e-01
     vertex 2.4649139515e+00 8.8000000000e-02 1.1968066848e-01
   endloop
 endfacet
 facet normal  1.8450138893e-01 -2.1548200267e-02 -9.8259600678e-01
   outer loop
     vertex 2.4649139515e+00 8.8000000000e-02 1.1968066848e-01
     vertex 2.4215986305e+00 0.0000000000e+00 1.1347720825e-01
     vertex 2.4478318393e+00 8.8000000000e-02 1.1647317180e-01
   endloop
 endfacet
 facet normal  1.7621700471e-01 -1.9025086248e-02 -9.8416747220e-01
   outer loop
     vertex 2.4215986305e+00 0.0000000000e+00 1.1347720825e-01
     vertex 2.3976355120e+00 0.0000000000e+00 1.0918656758e-01
     vertex 2.4478318393e+00 8.8000000000e-02 1.1647317180e-01
   endloop
 endfacet
 facet normal  1.7621700471e-01 -1.9025086248e-02 -9.8416747220e-01
   outer loop
     vertex 2.4478318393e+00 8.8000000000e-02 1.1647317180e-01
     vertex 2.3976355120e+00 0.0000000000e+00 1.0918656758e-01
     vertex 2.4265046637e+00 8.8000000000e-02 1.1265450161e-01
   endloop
 endfacet
 facet normal  1.6519574401e-01 -1.5331669405e-02 -9.8614162577e-01
   outer loop
     vertex 2.3976355120e+00 0.0000000000e+00 1.0918656758e-01
     vertex 2.3695739692e+00 0.0000000000e+00 1.0448577481e-01
     vertex 2.4265046637e+00 8.8000000000e-02 1.1265450161e-01
   endloop
 endfacet
 facet normal  1.6519574401e-01 -1.5331669405e-02 -9.8614162577e-01
   outer loop
     vertex 2.4265046637e+00 8.8000000000e-02 1.1265450161e-01
     vertex 2.3695739692e+00 0.0000000000e+00 1.0448577481e-01
     vertex 2.4015298907e+00 8.8000000000e-02 1.0847079604e-01
   endloop
 endfacet
 facet normal  1.5001820371e-01 -9.7072291431e-03 -9.8863557910e-01
   outer loop
     vertex 2.3695739692e+00 0.0000000000e+00 1.0448577481e-01
     vertex 2.3390699086e+00 0.0000000000e+00 9.9857007166e-02
     vertex 2.4015298907e+00 8.8000000000e-02 1.0847079604e-01
   endloop
 endfacet
 facet normal  1.5001820371e-01 -9.7072291431e-03 -9.8863557910e-01
   outer loop
     vertex 2.4015298907e+00 8.8000000000e-02 1.0847079604e-01
     vertex 2.3390699086e+00 0.0000000000e+00 9.9857007166e-02
     vertex 2.3743812768e+00 8.8000000000e-02 1.0435119284e-01
   endloop
 endfacet
 facet normal  1.2876222368e-01 -1.0227141681e-03 -9.9167496883e-01
   outer loop
     vertex 2.3390699086e+00 0.0000000000e+00 9.9857007166e-02
     vertex 2.3471507801e+00 8.8000000000e-02 1.0081549877e-01
     vertex 2.3743812768e+00 8.8000000000e-02 1.0435119284e-01
   endloop
 endfacet
 facet normal  1.2876222368e-01 -1.0227141681e-03 -9.9167496883e-01
   outer loop
     vertex 2.3390699086e+00 0.0000000000e+00 9.9857007166e-02
     vertex 2.3084738450e+00 0.0000000000e+00 9.5884317207e-02
     vertex 2.3471507801e+00 8.8000000000e-02 1.0081549877e-01
   endloop
 endfacet
 facet normal  9.9591213491e-02 1.1982127415e-02 -9.9495628990e-01
   outer loop
     vertex 2.3084738450e+00 0.0000000000e+00 9.5884317207e-02
     vertex 2.3219548962e+00 8.8000000000e-02 9.8293489840e-02
     vertex 2.3471507801e+00 8.8000000000e-02 1.0081549877e-01
   endloop
 endfacet
 facet normal  9.9591213491e-02 1.1982127415e-02 -9.9495628990e-01
   outer loop
     vertex 2.3084738450e+00 0.0000000000e+00 9.5884317207e-02
     vertex 2.2801638631e+00 0.0000000000e+00 9.3050599302e-02
     vertex 2.3219548962e+00 8.8000000000e-02 9.8293489840e-02
   endloop
 endfacet
 facet normal  6.1184505251e-02 3.0382717822e-02 -9.9766394481e-01
   outer loop
     vertex 2.2801638631e+00 0.0000000000e+00 9.3050599302e-02
     vertex 2.3003307078e+00 8.8000000000e-02 9.6967326577e-02
     vertex 2.3219548962e+00 8.8000000000e-02 9.8293489840e-02
   endloop
 endfacet
 facet normal  6.1184505251e-02 3.0382717822e-02 -9.9766394481e-01
   outer loop
     vertex 2.2801638631e+00 0.0000000000e+00 9.3050599302e-02
     vertex 2.2558670221e+00 0.0000000000e+00 9.1560528221e-02
     vertex 2.3003307078e+00 8.8000000000e-02 9.6967326577e-02
   endloop
 endfacet
 facet normal  1.1859138648e-02 5.5350317042e-02 -9.9839656612e-01
   outer loop
     vertex 2.2558670221e+00 0.0000000000e+00 9.1560528221e-02
     vertex 2.2829534476e+00 8.8000000000e-02 9.6760916274e-02
     vertex 2.3003307078e+00 8.8000000000e-02 9.6967326577e-02
   endloop
 endfacet
 facet normal  1.1859138648e-02 5.5350317042e-02 -9.9839656612e-01
   outer loop
     vertex 2.2558670221e+00 0.0000000000e+00 9.1560528221e-02
     vertex 2.2363420107e+00 0.0000000000e+00 9.1328606532e-02
     vertex 2.2829534476e+00 8.8000000000e-02 9.6760916274e-02
   endloop
 endfacet
 facet normal  -5.2587926952e-02 8.9253195524e-02 -9.9461971478e-01
   outer loop
     vertex 2.2363420107e+00 0.0000000000e+00 9.1328606532e-02
     vertex 2.2697391832e+00 8.8000000000e-02 9.7459586089e-02
     vertex 2.2829534476e+00 8.8000000000e-02 9.6760916274e-02
   endloop
 endfacet
 facet normal  -5.2587926952e-02 8.9253195524e-02 -9.9461971478e-01
   outer loop
     vertex 2.2363420107e+00 0.0000000000e+00 9.1328606532e-02
     vertex 2.2214945226e+00 0.0000000000e+00 9.2113628796e-02
     vertex 2.2697391832e+00 8.8000000000e-02 9.7459586089e-02
   endloop
 endfacet
 facet normal  -1.4482508825e-01 1.3891187939e-01 -9.7965768694e-01
   outer loop
     vertex 2.2214945226e+00 0.0000000000e+00 9.2113628796e-02
     vertex 2.2601634157e+00 8.8000000000e-02 9.8875194201e-02
     vertex 2.2697391832e+00 8.8000000000e-02 9.7459586089e-02
   endloop
 endfacet
 facet normal  -1.4482508825e-01 1.3891187939e-01 -9.7965768694e-01
   outer loop
     vertex 2.2214945226e+00 0.0000000000e+00 9.2113628796e-02
     vertex 2.2107352333e+00 0.0000000000e+00 9.3704199709e-02
     vertex 2.2601634157e+00 8.8000000000e-02 9.8875194201e-02
   endloop
 endfacet
 facet normal  -3.0613777776e-01 2.2628931962e-01 -9.2470146796e-01
   outer loop
     vertex 2.2107352333e+00 0.0000000000e+00 9.3704199709e-02
     vertex 2.2536475785e+00 8.8000000000e-02 1.0103237033e-01
     vertex 2.2601634157e+00 8.8000000000e-02 9.8875194201e-02
   endloop
 endfacet
 facet normal  -3.0613777776e-01 2.2628931962e-01 -9.2470146796e-01
   outer loop
     vertex 2.2107352333e+00 0.0000000000e+00 9.3704199709e-02
     vertex 2.2034140678e+00 0.0000000000e+00 9.6127993113e-02
     vertex 2.2536475785e+00 8.8000000000e-02 1.0103237033e-01
   endloop
 endfacet
 facet normal  -6.8012750302e-01 4.2166244462e-01 -5.9968938829e-01
   outer loop
     vertex 2.2034140678e+00 0.0000000000e+00 9.6127993113e-02
     vertex 2.2506090581e+00 8.8000000000e-02 1.0447845646e-01
     vertex 2.2536475785e+00 8.8000000000e-02 1.0103237033e-01
   endloop
 endfacet
 facet normal  -6.8012750302e-01 4.2166244462e-01 -5.9968938829e-01
   outer loop
     vertex 2.2034140678e+00 0.0000000000e+00 9.6127993113e-02
     vertex 2.2000000000e+00 0.0000000000e+00 1.0000000000e-01
     vertex 2.2506090581e+00 8.8000000000e-02 1.0447845646e-01
   endloop
 endfacet
 facet normal  -7.7486834848e-01 4.2166244462e-01 4.7093505424e-01
   outer loop
     vertex 2.2000000000e+00 0.0000000000e+00 1.0000000000e-01
     vertex 2.2026810617e+00 0.0000000000e+00 1.0441137223e-01
     vertex 2.2506090581e+00 8.8000000000e-02 1.0447845646e-01
   endloop
 endfacet
 facet normal  -7.7486834848e-01 4.2166244462e-01 4.7093505424e-01
   outer loop
     vertex 2.2506090581e+00 8.8000000000e-02 1.0447845646e-01
     vertex 2.2026810617e+00 0.0000000000e+00 1.0441137223e-01
     vertex 2.2529952030e+00 8.8000000000e-02 1.0840457775e-01
   endloop
 endfacet
 facet normal  -4.6376479860e-01 2.2628931962e-01 8.5657186237e-01
   outer loop
     vertex 2.2026810617e+00 0.0000000000e+00 1.0441137223e-01
     vertex 2.2094628226e+00 0.0000000000e+00 1.0808315057e-01
     vertex 2.2529952030e+00 8.8000000000e-02 1.0840457775e-01
   endloop
 endfacet
 facet normal  -4.6376479860e-01 2.2628931962e-01 8.5657186237e-01
   outer loop
     vertex 2.2529952030e+00 8.8000000000e-02 1.0840457775e-01
     vertex 2.2094628226e+00 0.0000000000e+00 1.0808315057e-01
     vertex 2.2590309702e+00 8.8000000000e-02 1.1167246047e-01
   endloop
 endfacet
 facet normal  -3.1460957197e-01 1.3891187939e-01 9.3900176091e-01
   outer loop
     vertex 2.2094628226e+00 0.0000000000e+00 1.0808315057e-01
     vertex 2.2197756000e+00 0.0000000000e+00 1.1153841402e-01
     vertex 2.2590309702e+00 8.8000000000e-02 1.1167246047e-01
   endloop
 endfacet
 facet normal  -3.1460957197e-01 1.3891187939e-01 9.3900176091e-01
   outer loop
     vertex 2.2590309702e+00 8.8000000000e-02 1.1167246047e-01
     vertex 2.2197756000e+00 0.0000000000e+00 1.1153841402e-01
     vertex 2.2682093421e+00 8.8000000000e-02 1.1474764494e-01
   endloop
 endfacet
 facet normal  -2.2643318947e-01 8.9253195524e-02 9.6992880037e-01
   outer loop
     vertex 2.2197756000e+00 0.0000000000e+00 1.1153841402e-01
     vertex 2.2342545069e+00 0.0000000000e+00 1.1491856428e-01
     vertex 2.2682093421e+00 8.8000000000e-02 1.1474764494e-01
   endloop
 endfacet
 facet normal  -2.2643318947e-01 8.9253195524e-02 9.6992880037e-01
   outer loop
     vertex 2.2682093421e+00 8.8000000000e-02 1.1474764494e-01
     vertex 2.2342545069e+00 0.0000000000e+00 1.1491856428e-01
     vertex 2.2810955693e+00 8.8000000000e-02 1.1775597867e-01
   endloop
 endfacet
 facet normal  -1.6365085450e-01 5.5350317042e-02 9.8496433449e-01
   outer loop
     vertex 2.2342545069e+00 0.0000000000e+00 1.1491856428e-01
     vertex 2.2535168327e+00 0.0000000000e+00 1.1811898074e-01
     vertex 2.2810955693e+00 8.8000000000e-02 1.1775597867e-01
   endloop
 endfacet
 facet normal  -1.6365085450e-01 5.5350317042e-02 9.8496433449e-01
   outer loop
     vertex 2.2810955693e+00 8.8000000000e-02 1.1775597867e-01
     vertex 2.2535168327e+00 0.0000000000e+00 1.1811898074e-01
     vertex 2.2982390392e+00 8.8000000000e-02 1.2060434932e-01
   endloop
 endfacet
 facet normal  -1.1496333564e-01 3.0382717822e-02 9.9290499138e-01
   outer loop
     vertex 2.2535168327e+00 0.0000000000e+00 1.1811898074e-01
     vertex 2.2776977754e+00 0.0000000000e+00 1.2091876708e-01
     vertex 2.2982390392e+00 8.8000000000e-02 1.2060434932e-01
   endloop
 endfacet
 facet normal  -1.1496333564e-01 3.0382717822e-02 9.9290499138e-01
   outer loop
     vertex 2.2982390392e+00 8.8000000000e-02 1.2060434932e-01
     vertex 2.2776977754e+00 0.0000000000e+00 1.2091876708e-01
     vertex 2.3197600782e+00 8.8000000000e-02 1.2309615916e-01
   endloop
 endfacet
 facet normal  -7.6677972197e-02 1.1982127415e-02 9.9698391020e-01
   outer loop
     vertex 2.2776977754e+00 0.0000000000e+00 1.2091876708e-01
     vertex 2.3060654502e+00 0.0000000000e+00 1.2310052323e-01
     vertex 2.3197600782e+00 8.8000000000e-02 1.2309615916e-01
   endloop
 endfacet
 facet normal  -7.6677972197e-02 1.1982127415e-02 9.9698391020e-01
   outer loop
     vertex 2.3197600782e+00 8.8000000000e-02 1.2309615916e-01
     vertex 2.3060654502e+00 0.0000000000e+00 1.2310052323e-01
     vertex 2.3450073087e+00 8.8000000000e-02 1.2503792213e-01
   endloop
 endfacet
 facet normal  -4.7384046870e-02 -1.0227141681e-03 9.9887622164e-01
   outer loop
     vertex 2.3060654502e+00 0.0000000000e+00 1.2310052323e-01
     vertex 2.3368836935e+00 0.0000000000e+00 1.2456245920e-01
     vertex 2.3450073087e+00 8.8000000000e-02 1.2503792213e-01
   endloop
 endfacet
 facet normal  -4.7384046870e-02 -1.0227141681e-03 9.9887622164e-01
   outer loop
     vertex 2.3450073087e+00 8.8000000000e-02 1.2503792213e-01
     vertex 2.3368836935e+00 0.0000000000e+00 1.2456245920e-01
     vertex 2.3724355453e+00 8.8000000000e-02 1.2633904515e-01
   endloop
 endfacet
 facet normal  -2.5924639421e-02 -9.7072291431e-03 9.9961676795e-01
   outer loop
     vertex 2.3368836935e+00 0.0000000000e+00 1.2456245920e-01
     vertex 2.3998857102e+00 8.8000000000e-02 1.2705095361e-01
     vertex 2.3724355453e+00 8.8000000000e-02 1.2633904515e-01
   endloop
 endfacet
 facet normal  -2.5924639421e-02 -9.7072291431e-03 9.9961676795e-01
   outer loop
     vertex 2.3368836935e+00 0.0000000000e+00 1.2456245920e-01
     vertex 2.3677265754e+00 0.0000000000e+00 1.2536235634e-01
     vertex 2.3998857102e+00 8.8000000000e-02 1.2705095361e-01
   endloop
 endfacet
 facet normal  -1.0544997175e-02 -1.5331669405e-02 9.9982685648e-01
   outer loop
     vertex 2.3677265754e+00 0.0000000000e+00 1.2536235634e-01
     vertex 2.4252070719e+00 8.8000000000e-02 1.2731801353e-01
     vertex 2.3998857102e+00 8.8000000000e-02 1.2705095361e-01
   endloop
 endfacet
 facet normal  -1.0544997175e-02 -1.5331669405e-02 9.9982685648e-01
   outer loop
     vertex 2.3677265754e+00 0.0000000000e+00 1.2536235634e-01
     vertex 2.3961775436e+00 0.0000000000e+00 1.2566242368e-01
     vertex 2.4252070719e+00 8.8000000000e-02 1.2731801353e-01
   endloop
 endfacet
 facet normal  6.5167217949e-04 -1.9025086248e-02 9.9981879429e-01
   outer loop
     vertex 2.3961775436e+00 0.0000000000e+00 1.2566242368e-01
     vertex 2.4468734158e+00 8.8000000000e-02 1.2730389162e-01
     vertex 2.4252070719e+00 8.8000000000e-02 1.2731801353e-01
   endloop
 endfacet
 facet normal  6.5167217949e-04 -1.9025086248e-02 9.9981879429e-01
   outer loop
     vertex 2.3961775436e+00 0.0000000000e+00 1.2566242368e-01
     vertex 2.4205217503e+00 0.0000000000e+00 1.2564655636e-01
     vertex 2.4468734158e+00 8.8000000000e-02 1.2730389162e-01
   endloop
 endfacet
 facet normal  9.0832803299e-03 -2.1548200267e-02 9.9972654715e-01
   outer loop
     vertex 2.4205217503e+00 0.0000000000e+00 1.2564655636e-01
     vertex 2.4642533369e+00 8.8000000000e-02 1.2714598175e-01
     vertex 2.4468734158e+00 8.8000000000e-02 1.2730389162e-01
   endloop
 endfacet
 facet normal  9.0832803299e-03 -2.1548200267e-02 9.9972654715e-01
   outer loop
     vertex 2.4205217503e+00 0.0000000000e+00 1.2564655636e-01
     vertex 2.4400497515e+00 0.0000000000e+00 1.2546912953e-01
     vertex 2.4642533369e+00 8.8000000000e-02 1.2714598175e-01
   endloop
 endfacet
 facet normal  1.5554145692e-02 -2.3325672252e-02 9.9960691352e-01
   outer loop
     vertex 2.4400497515e+00 0.0000000000e+00 1.2546912953e-01
     vertex 2.4774874839e+00 8.8000000000e-02 1.2694005495e-01
     vertex 2.4642533369e+00 8.8000000000e-02 1.2714598175e-01
   endloop
 endfacet
 facet normal  1.5554145692e-02 -2.3325672252e-02 9.9960691352e-01
   outer loop
     vertex 2.4400497515e+00 0.0000000000e+00 1.2546912953e-01
     vertex 2.4549195796e+00 0.0000000000e+00 1.2523775111e-01
     vertex 2.4774874839e+00 8.8000000000e-02 1.2694005495e-01
   endloop
 endfacet
 facet normal  2.0534473186e-02 -2.4600564017e-02 9.9948644196e-01
   outer loop
     vertex 2.4549195796e+00 0.0000000000e+00 1.2523775111e-01
     vertex 2.4871708188e+00 8.8000000000e-02 1.2674111060e-01
     vertex 2.4774874839e+00 8.8000000000e-02 1.2694005495e-01
   endloop
 endfacet
 facet normal  2.0534473186e-02 -2.4600564017e-02 9.9948644196e-01
   outer loop
     vertex 2.4549195796e+00 0.0000000000e+00 1.2523775111e-01
     vertex 2.4657997311e+00 0.0000000000e+00 1.2501421813e-01
     vertex 2.4871708188e+00 8.8000000000e-02 1.2674111060e-01
   endloop
 endfacet
 facet normal  2.4279865115e-02 -2.5508050429e-02 9.9937972138e-01
   outer loop
     vertex 2.4657997311e+00 0.0000000000e+00 1.2501421813e-01
     vertex 2.4940513062e+00 8.8000000000e-02 1.2657394961e-01
     vertex 2.4871708188e+00 8.8000000000e-02 1.2674111060e-01
   endloop
 endfacet
 facet normal  2.4279865115e-02 -2.5508050429e-02 9.9937972138e-01
   outer loop
     vertex 2.4657997311e+00 0.0000000000e+00 1.2501421813e-01
     vertex 2.4735306158e+00 0.0000000000e+00 1.2482639679e-01
     vertex 2.4940513062e+00 8.8000000000e-02 1.2657394961e-01
   endloop
 endfacet
 facet normal  2.6992137491e-02 -2.6138818910e-02 9.9929384400e-01
   outer loop
     vertex 2.4735306158e+00 0.0000000000e+00 1.2482639679e-01
     vertex 2.4988390469e+00 8.8000000000e-02 1.2644462693e-01
     vertex 2.4940513062e+00 8.8000000000e-02 1.2657394961e-01
   endloop
 endfacet
 facet normal  2.6992137491e-02 -2.6138818910e-02 9.9929384400e-01
   outer loop
     vertex 2.4735306158e+00 0.0000000000e+00 1.2482639679e-01
     vertex 2.4789100998e+00 0.0000000000e+00 1.2468109041e-01
     vertex 2.4988390469e+00 8.8000000000e-02 1.2644462693e-01
   endloop
 endfacet
 facet normal  2.0205596201e-01 -2.6138818910e-02 -9.7902510201e-01
   outer loop
     vertex 2.4988390469e+00 8.8000000000e-02 1.2644462693e-01
     vertex 2.4941484162e+00 8.8000000000e-02 1.2547655175e-01
     vertex 2.5187679940e+00 1.7600000000e-01 1.2820816344e-01
   endloop
 endfacet
 facet normal  2.0205596201e-01 -2.6138818910e-02 -9.7902510201e-01
   outer loop
     vertex 2.5187679940e+00 1.7600000000e-01 1.2820816344e-01
     vertex 2.4941484162e+00 8.8000000000e-02 1.2547655175e-01
     vertex 2.5146571042e+00 1.7600000000e-01 1.2735973801e-01
   endloop
 endfacet
 facet normal  1.9940091823e-01 -2.5508050429e-02 -9.7958593966e-01
   outer loop
     vertex 2.4941484162e+00 8.8000000000e-02 1.2547655175e-01
     vertex 2.4874042043e+00 8.8000000000e-02 1.2410372472e-01
     vertex 2.5146571042e+00 1.7600000000e-01 1.2735973801e-01
   endloop
 endfacet
 facet normal  1.9940091823e-01 -2.5508050429e-02 -9.7958593966e-01
   outer loop
     vertex 2.5146571042e+00 1.7600000000e-01 1.2735973801e-01
     vertex 2.4874042043e+00 8.8000000000e-02 1.2410372472e-01
     vertex 2.5087464465e+00 1.7600000000e-01 1.2615658623e-01
   endloop
 endfacet
 facet normal  1.9573246947e-01 -2.4600564017e-02 -9.8034871992e-01
   outer loop
     vertex 2.4874042043e+00 8.8000000000e-02 1.2410372472e-01
     vertex 2.4779062815e+00 8.8000000000e-02 1.2220740780e-01
     vertex 2.5087464465e+00 1.7600000000e-01 1.2615658623e-01
   endloop
 endfacet
 facet normal  1.9573246947e-01 -2.4600564017e-02 -9.8034871992e-01
   outer loop
     vertex 2.5087464465e+00 1.7600000000e-01 1.2615658623e-01
     vertex 2.4779062815e+00 8.8000000000e-02 1.2220740780e-01
     vertex 2.5004224244e+00 1.7600000000e-01 1.2449464555e-01
   endloop
 endfacet
 facet normal  1.9085069046e-01 -2.3325672252e-02 -9.8134190116e-01
   outer loop
     vertex 2.4779062815e+00 8.8000000000e-02 1.2220740780e-01
     vertex 2.4649139515e+00 8.8000000000e-02 1.1968066848e-01
     vertex 2.5004224244e+00 1.7600000000e-01 1.2449464555e-01
   endloop
 endfacet
 facet normal  1.9085069046e-01 -2.3325672252e-02 -9.8134190116e-01
   outer loop
     vertex 2.5004224244e+00 1.7600000000e-01 1.2449464555e-01
     vertex 2.4649139515e+00 8.8000000000e-02 1.1968066848e-01
     vertex 2.4890358879e+00 1.7600000000e-01 1.2228019986e-01
   endloop
 endfacet
 facet normal  1.8450138893e-01 -2.1548200267e-02 -9.8259600678e-01
   outer loop
     vertex 2.4649139515e+00 8.8000000000e-02 1.1968066848e-01
     vertex 2.4478318393e+00 8.8000000000e-02 1.1647317180e-01
     vertex 2.4890358879e+00 1.7600000000e-01 1.2228019986e-01
   endloop
 endfacet
 facet normal  1.8450138893e-01 -2.1548200267e-02 -9.8259600678e-01
   outer loop
     vertex 2.4890358879e+00 1.7600000000e-01 1.2228019986e-01
     vertex 2.4478318393e+00 8.8000000000e-02 1.1647317180e-01
     vertex 2.4740650480e+00 1.7600000000e-01 1.1946913535e-01
   endloop
 endfacet
 facet normal  1.7621700471e-01 -1.9025086248e-02 -9.8416747220e-01
   outer loop
     vertex 2.4478318393e+00 8.8000000000e-02 1.1647317180e-01
     vertex 2.4265046637e+00 8.8000000000e-02 1.1265450161e-01
     vertex 2.4740650480e+00 1.7600000000e-01 1.1946913535e-01
   endloop
 endfacet
 facet normal  1.7621700471e-01 -1.9025086248e-02 -9.8416747220e-01
   outer loop
     vertex 2.4740650480e+00 1.7600000000e-01 1.1946913535e-01
     vertex 2.4265046637e+00 8.8000000000e-02 1.1265450161e-01
     vertex 2.4553738155e+00 1.7600000000e-01 1.1612243563e-01
   endloop
 endfacet
 facet normal  1.6519574401e-01 -1.5331669405e-02 -9.8614162577e-01
   outer loop
     vertex 2.4265046637e+00 8.8000000000e-02 1.1265450161e-01
     vertex 2.4015298907e+00 8.8000000000e-02 1.0847079604e-01
     vertex 2.4553738155e+00 1.7600000000e-01 1.1612243563e-01
   endloop
 endfacet
 facet normal  1.6519574401e-01 -1.5331669405e-02 -9.8614162577e-01
   outer loop
     vertex 2.4553738155e+00 1.7600000000e-01 1.1612243563e-01
     vertex 2.4015298907e+00 8.8000000000e-02 1.0847079604e-01
     vertex 2.4334858122e+00 1.7600000000e-01 1.1245581727e-01
   endloop
 endfacet
 facet normal  1.5001820371e-01 -9.7072291431e-03 -9.8863557910e-01
   outer loop
     vertex 2.4015298907e+00 8.8000000000e-02 1.0847079604e-01
     vertex 2.3743812768e+00 8.8000000000e-02 1.0435119284e-01
     vertex 2.4334858122e+00 1.7600000000e-01 1.1245581727e-01
   endloop
 endfacet
 facet normal  1.5001820371e-01 -9.7072291431e-03 -9.8863557910e-01
   outer loop
     vertex 2.4334858122e+00 1.7600000000e-01 1.1245581727e-01
     vertex 2.3743812768e+00 8.8000000000e-02 1.0435119284e-01
     vertex 2.4096926449e+00 1.7600000000e-01 1.0884537851e-01
   endloop
 endfacet
 facet normal  1.2876222368e-01 -1.0227141681e-03 -9.9167496883e-01
   outer loop
     vertex 2.3743812768e+00 8.8000000000e-02 1.0435119284e-01
     vertex 2.3858277153e+00 1.7600000000e-01 1.0574668034e-01
     vertex 2.4096926449e+00 1.7600000000e-01 1.0884537851e-01
   endloop
 endfacet
 facet normal  1.2876222368e-01 -1.0227141681e-03 -9.9167496883e-01
   outer loop
     vertex 2.3743812768e+00 8.8000000000e-02 1.0435119284e-01
     vertex 2.3471507801e+00 8.8000000000e-02 1.0081549877e-01
     vertex 2.3858277153e+00 1.7600000000e-01 1.0574668034e-01
   endloop
 endfacet
 facet normal  9.9591213491e-02 1.1982127415e-02 -9.9495628990e-01
   outer loop
     vertex 2.3471507801e+00 8.8000000000e-02 1.0081549877e-01
     vertex 2.3637459294e+00 1.7600000000e-01 1.0353638038e-01
     vertex 2.3858277153e+00 1.7600000000e-01 1.0574668034e-01
   endloop
 endfacet
 facet normal  9.9591213491e-02 1.1982127415e-02 -9.9495628990e-01
   outer loop
     vertex 2.3471507801e+00 8.8000000000e-02 1.0081549877e-01
     vertex 2.3219548962e+00 8.8000000000e-02 9.8293489840e-02
     vertex 2.3637459294e+00 1.7600000000e-01 1.0353638038e-01
   endloop
 endfacet
 facet normal  6.1184505251e-02 3.0382717822e-02 -9.9766394481e-01
   outer loop
     vertex 2.3219548962e+00 8.8000000000e-02 9.8293489840e-02
     vertex 2.3447943934e+00 1.7600000000e-01 1.0237412493e-01
     vertex 2.3637459294e+00 1.7600000000e-01 1.0353638038e-01
   endloop
 endfacet
 facet normal  6.1184505251e-02 3.0382717822e-02 -9.9766394481e-01
   outer loop
     vertex 2.3219548962e+00 8.8000000000e-02 9.8293489840e-02
     vertex 2.3003307078e+00 8.8000000000e-02 9.6967326577e-02
     vertex 2.3447943934e+00 1.7600000000e-01 1.0237412493e-01
   endloop
 endfacet
 facet normal  1.1859138648e-02 5.5350317042e-02 -9.9839656612e-01
   outer loop
     vertex 2.3003307078e+00 8.8000000000e-02 9.6967326577e-02
     vertex 2.3295648845e+00 1.7600000000e-01 1.0219322602e-01
     vertex 2.3447943934e+00 1.7600000000e-01 1.0237412493e-01
   endloop
 endfacet
 facet normal  1.1859138648e-02 5.5350317042e-02 -9.9839656612e-01
   outer loop
     vertex 2.3003307078e+00 8.8000000000e-02 9.6967326577e-02
     vertex 2.2829534476e+00 8.8000000000e-02 9.6760916274e-02
     vertex 2.3295648845e+00 1.7600000000e-01 1.0219322602e-01
   endloop
 endfacet
 facet normal  -5.2587926952e-02 8.9253195524e-02 -9.9461971478e-01
   outer loop
     vertex 2.2829534476e+00 8.8000000000e-02 9.6760916274e-02
     vertex 2.3179838438e+00 1.7600000000e-01 1.0280554338e-01
     vertex 2.3295648845e+00 1.7600000000e-01 1.0219322602e-01
   endloop
 endfacet
 facet normal  -5.2587926952e-02 8.9253195524e-02 -9.9461971478e-01
   outer loop
     vertex 2.2829534476e+00 8.8000000000e-02 9.6760916274e-02
     vertex 2.2697391832e+00 8.8000000000e-02 9.7459586089e-02
     vertex 2.3179838438e+00 1.7600000000e-01 1.0280554338e-01
   endloop
 endfacet
 facet normal  -1.4482508825e-01 1.3891187939e-01 -9.7965768694e-01
   outer loop
     vertex 2.2697391832e+00 8.8000000000e-02 9.7459586089e-02
     vertex 2.3095915982e+00 1.7600000000e-01 1.0404618869e-01
     vertex 2.3179838438e+00 1.7600000000e-01 1.0280554338e-01
   endloop
 endfacet
 facet normal  -1.4482508825e-01 1.3891187939e-01 -9.7965768694e-01
   outer loop
     vertex 2.2697391832e+00 8.8000000000e-02 9.7459586089e-02
     vertex 2.2601634157e+00 8.8000000000e-02 9.8875194201e-02
     vertex 2.3095915982e+00 1.7600000000e-01 1.0404618869e-01
   endloop
 endfacet
 facet normal  -3.0613777776e-01 2.2628931962e-01 -9.2470146796e-01
   outer loop
     vertex 2.2601634157e+00 8.8000000000e-02 9.8875194201e-02
     vertex 2.3038810891e+00 1.7600000000e-01 1.0593674755e-01
     vertex 2.3095915982e+00 1.7600000000e-01 1.0404618869e-01
   endloop
 endfacet
 facet normal  -3.0613777776e-01 2.2628931962e-01 -9.2470146796e-01
   outer loop
     vertex 2.2601634157e+00 8.8000000000e-02 9.8875194201e-02
     vertex 2.2536475785e+00 8.8000000000e-02 1.0103237033e-01
     vertex 2.3038810891e+00 1.7600000000e-01 1.0593674755e-01
   endloop
 endfacet
 facet normal  -6.8012750302e-01 4.2166244462e-01 -5.9968938829e-01
   outer loop
     vertex 2.2536475785e+00 8.8000000000e-02 1.0103237033e-01
     vertex 2.3012181162e+00 1.7600000000e-01 1.0895691292e-01
     vertex 2.3038810891e+00 1.7600000000e-01 1.0593674755e-01
   endloop
 endfacet
 facet normal  -6.8012750302e-01 4.2166244462e-01 -5.9968938829e-01
   outer loop
     vertex 2.2536475785e+00 8.8000000000e-02 1.0103237033e-01
     vertex 2.2506090581e+00 8.8000000000e-02 1.0447845646e-01
     vertex 2.3012181162e+00 1.7600000000e-01 1.0895691292e-01
   endloop
 endfacet
 facet normal  -7.7486834848e-01 4.2166244462e-01 4.7093505424e-01
   outer loop
     vertex 2.2506090581e+00 8.8000000000e-02 1.0447845646e-01
     vertex 2.2529952030e+00 8.8000000000e-02 1.0840457775e-01
     vertex 2.3012181162e+00 1.7600000000e-01 1.0895691292e-01
   endloop
 endfacet
 facet normal  -7.7486834848e-01 4.2166244462e-01 4.7093505424e-01
   outer loop
     vertex 2.3012181162e+00 1.7600000000e-01 1.0895691292e-01
     vertex 2.2529952030e+00 8.8000000000e-02 1.0840457775e-01
     vertex 2.3033093443e+00 1.7600000000e-01 1.1239778326e-01
   endloop
 endfacet
 facet normal  -4.6376479860e-01 2.2628931962e-01 8.5657186237e-01
   outer loop
     vertex 2.2529952030e+00 8.8000000000e-02 1.0840457775e-01
     vertex 2.2590309702e+00 8.8000000000e-02 1.1167246047e-01
     vertex 2.3033093443e+00 1.7600000000e-01 1.1239778326e-01
   endloop
 endfacet
 facet normal  -4.6376479860e-01 2.2628931962e-01 8.5657186237e-01
   outer loop
     vertex 2.3033093443e+00 1.7600000000e-01 1.1239778326e-01
     vertex 2.2590309702e+00 8.8000000000e-02 1.1167246047e-01
     vertex 2.3085991178e+00 1.7600000000e-01 1.1526177036e-01
   endloop
 endfacet
 facet normal  -3.1460957197e-01 1.3891187939e-01 9.3900176091e-01
   outer loop
     vertex 2.2590309702e+00 8.8000000000e-02 1.1167246047e-01
     vertex 2.2682093421e+00 8.8000000000e-02 1.1474764494e-01
     vertex 2.3085991178e+00 1.7600000000e-01 1.1526177036e-01
   endloop
 endfacet
 facet normal  -3.1460957197e-01 1.3891187939e-01 9.3900176091e-01
   outer loop
     vertex 2.3085991178e+00 1.7600000000e-01 1.1526177036e-01
     vertex 2.2682093421e+00 8.8000000000e-02 1.1474764494e-01
     vertex 2.3166430842e+00 1.7600000000e-01 1.1795687586e-01
   endloop
 endfacet
 facet normal  -2.2643318947e-01 8.9253195524e-02 9.6992880037e-01
   outer loop
     vertex 2.2682093421e+00 8.8000000000e-02 1.1474764494e-01
     vertex 2.2810955693e+00 8.8000000000e-02 1.1775597867e-01
     vertex 2.3166430842e+00 1.7600000000e-01 1.1795687586e-01
   endloop
 endfacet
 facet normal  -2.2643318947e-01 8.9253195524e-02 9.6992880037e-01
   outer loop
     vertex 2.3166430842e+00 1.7600000000e-01 1.1795687586e-01
     vertex 2.2810955693e+00 8.8000000000e-02 1.1775597867e-01
     vertex 2.3279366316e+00 1.7600000000e-01 1.2059339306e-01
   endloop
 endfacet
 facet normal  -1.6365085450e-01 5.5350317042e-02 9.8496433449e-01
   outer loop
     vertex 2.2810955693e+00 8.8000000000e-02 1.1775597867e-01
     vertex 2.2982390392e+00 8.8000000000e-02 1.2060434932e-01
     vertex 2.3279366316e+00 1.7600000000e-01 1.2059339306e-01
   endloop
 endfacet
 facet normal  -1.6365085450e-01 5.5350317042e-02 9.8496433449e-01
   outer loop
     vertex 2.3279366316e+00 1.7600000000e-01 1.2059339306e-01
     vertex 2.2982390392e+00 8.8000000000e-02 1.2060434932e-01
     vertex 2.3429612457e+00 1.7600000000e-01 1.2308971790e-01
   endloop
 endfacet
 facet normal  -1.1496333564e-01 3.0382717822e-02 9.9290499138e-01
   outer loop
     vertex 2.2982390392e+00 8.8000000000e-02 1.2060434932e-01
     vertex 2.3197600782e+00 8.8000000000e-02 1.2309615916e-01
     vertex 2.3429612457e+00 1.7600000000e-01 1.2308971790e-01
   endloop
 endfacet
 facet normal  -1.1496333564e-01 3.0382717822e-02 9.9290499138e-01
   outer loop
     vertex 2.3429612457e+00 1.7600000000e-01 1.2308971790e-01
     vertex 2.3197600782e+00 8.8000000000e-02 1.2309615916e-01
     vertex 2.3618223810e+00 1.7600000000e-01 1.2527355124e-01
   endloop
 endfacet
 facet normal  -7.6677972197e-02 1.1982127415e-02 9.9698391020e-01
   outer loop
     vertex 2.3197600782e+00 8.8000000000e-02 1.2309615916e-01
     vertex 2.3450073087e+00 8.8000000000e-02 1.2503792213e-01
     vertex 2.3618223810e+00 1.7600000000e-01 1.2527355124e-01
   endloop
 endfacet
 facet normal  -7.6677972197e-02 1.1982127415e-02 9.9698391020e-01
   outer loop
     vertex 2.3618223810e+00 1.7600000000e-01 1.2527355124e-01
     vertex 2.3450073087e+00 8.8000000000e-02 1.2503792213e-01
     vertex 2.3839491673e+00 1.7600000000e-01 1.2697532104e-01
   endloop
 endfacet
 facet normal  -4.7384046870e-02 -1.0227141681e-03 9.9887622164e-01
   outer loop
     vertex 2.3450073087e+00 8.8000000000e-02 1.2503792213e-01
     vertex 2.3724355453e+00 8.8000000000e-02 1.2633904515e-01
     vertex 2.3839491673e+00 1.7600000000e-01 1.2697532104e-01
   endloop
 endfacet
 facet normal  -4.7384046870e-02 -1.0227141681e-03 9.9887622164e-01
   outer loop
     vertex 2.3839491673e+00 1.7600000000e-01 1.2697532104e-01
     vertex 2.3724355453e+00 8.8000000000e-02 1.2633904515e-01
     vertex 2.4079873971e+00 1.7600000000e-01 1.2811563110e-01
   endloop
 endfacet
 facet normal  -2.5924639421e-02 -9.7072291431e-03 9.9961676795e-01
   outer loop
     vertex 2.3724355453e+00 8.8000000000e-02 1.2633904515e-01
     vertex 2.4320448450e+00 1.7600000000e-01 1.2873955087e-01
     vertex 2.4079873971e+00 1.7600000000e-01 1.2811563110e-01
   endloop
 endfacet
 facet normal  -2.5924639421e-02 -9.7072291431e-03 9.9961676795e-01
   outer loop
     vertex 2.3724355453e+00 8.8000000000e-02 1.2633904515e-01
     vertex 2.3998857102e+00 8.8000000000e-02 1.2705095361e-01
     vertex 2.4320448450e+00 1.7600000000e-01 1.2873955087e-01
   endloop
 endfacet
 facet normal  -1.0544997175e-02 -1.5331669405e-02 9.9982685648e-01
   outer loop
     vertex 2.3998857102e+00 8.8000000000e-02 1.2705095361e-01
     vertex 2.4542366002e+00 1.7600000000e-01 1.2897360339e-01
     vertex 2.4320448450e+00 1.7600000000e-01 1.2873955087e-01
   endloop
 endfacet
 facet normal  -1.0544997175e-02 -1.5331669405e-02 9.9982685648e-01
   outer loop
     vertex 2.3998857102e+00 8.8000000000e-02 1.2705095361e-01
     vertex 2.4252070719e+00 8.8000000000e-02 1.2731801353e-01
     vertex 2.4542366002e+00 1.7600000000e-01 1.2897360339e-01
   endloop
 endfacet
 facet normal  6.5167217949e-04 -1.9025086248e-02 9.9981879429e-01
   outer loop
     vertex 2.4252070719e+00 8.8000000000e-02 1.2731801353e-01
     vertex 2.4732250814e+00 1.7600000000e-01 1.2896122688e-01
     vertex 2.4542366002e+00 1.7600000000e-01 1.2897360339e-01
   endloop
 endfacet
 facet normal  6.5167217949e-04 -1.9025086248e-02 9.9981879429e-01
   outer loop
     vertex 2.4252070719e+00 8.8000000000e-02 1.2731801353e-01
     vertex 2.4468734158e+00 8.8000000000e-02 1.2730389162e-01
     vertex 2.4732250814e+00 1.7600000000e-01 1.2896122688e-01
   endloop
 endfacet
 facet normal  9.0832803299e-03 -2.1548200267e-02 9.9972654715e-01
   outer loop
     vertex 2.4468734158e+00 8.8000000000e-02 1.2730389162e-01
     vertex 2.4884569223e+00 1.7600000000e-01 1.2882283396e-01
     vertex 2.4732250814e+00 1.7600000000e-01 1.2896122688e-01
   endloop
 endfacet
 facet normal  9.0832803299e-03 -2.1548200267e-02 9.9972654715e-01
   outer loop
     vertex 2.4468734158e+00 8.8000000000e-02 1.2730389162e-01
     vertex 2.4642533369e+00 8.8000000000e-02 1.2714598175e-01
     vertex 2.4884569223e+00 1.7600000000e-01 1.2882283396e-01
   endloop
 endfacet
 facet normal  1.5554145692e-02 -2.3325672252e-02 9.9960691352e-01
   outer loop
     vertex 2.4642533369e+00 8.8000000000e-02 1.2714598175e-01
     vertex 2.5000553882e+00 1.7600000000e-01 1.2864235879e-01
     vertex 2.4884569223e+00 1.7600000000e-01 1.2882283396e-01
   endloop
 endfacet
 facet normal  1.5554145692e-02 -2.3325672252e-02 9.9960691352e-01
   outer loop
     vertex 2.4642533369e+00 8.8000000000e-02 1.2714598175e-01
     vertex 2.4774874839e+00 8.8000000000e-02 1.2694005495e-01
     vertex 2.5000553882e+00 1.7600000000e-01 1.2864235879e-01
   endloop
 endfacet
 facet normal  2.0534473186e-02 -2.4600564017e-02 9.9948644196e-01
   outer loop
     vertex 2.4774874839e+00 8.8000000000e-02 1.2694005495e-01
     vertex 2.5085419065e+00 1.7600000000e-01 1.2846800306e-01
     vertex 2.5000553882e+00 1.7600000000e-01 1.2864235879e-01
   endloop
 endfacet
 facet normal  2.0534473186e-02 -2.4600564017e-02 9.9948644196e-01
   outer loop
     vertex 2.4774874839e+00 8.8000000000e-02 1.2694005495e-01
     vertex 2.4871708188e+00 8.8000000000e-02 1.2674111060e-01
     vertex 2.5085419065e+00 1.7600000000e-01 1.2846800306e-01
   endloop
 endfacet
 facet normal  2.4279865115e-02 -2.5508050429e-02 9.9937972138e-01
   outer loop
     vertex 2.4871708188e+00 8.8000000000e-02 1.2674111060e-01
     vertex 2.5145719965e+00 1.7600000000e-01 1.2832150242e-01
     vertex 2.5085419065e+00 1.7600000000e-01 1.2846800306e-01
   endloop
 endfacet
 facet normal  2.4279865115e-02 -2.5508050429e-02 9.9937972138e-01
   outer loop
     vertex 2.4871708188e+00 8.8000000000e-02 1.2674111060e-01
     vertex 2.4940513062e+00 8.8000000000e-02 1.2657394961e-01
     vertex 2.5145719965e+00 1.7600000000e-01 1.2832150242e-01
   endloop
 endfacet
 facet normal  2.6992137491e-02 -2.6138818910e-02 9.9929384400e-01
   outer loop
     vertex 2.4940513062e+00 8.8000000000e-02 1.2657394961e-01
     vertex 2.5187679940e+00 1.7600000000e-01 1.2820816344e-01
     vertex 2.5145719965e+00 1.7600000000e-01 1.2832150242e-01
   endloop
 endfacet
 facet normal  2.6992137491e-02 -2.6138818910e-02 9.9929384400e-01
   outer loop
     vertex 2.4940513062e+00 8.8000000000e-02 1.2657394961e-01
     vertex 2.4988390469e+00 8.8000000000e-02 1.2644462693e-01
     vertex 2.5187679940e+00 1.7600000000e-01 1.2820816344e-01
   endloop
 endfacet
 facet normal  2.0205596201e-01 -2.6138818910e-02 -9.7902510201e-01
   outer loop
     vertex 2.5187679940e+00 1.7600000000e-01 1.2820816344e-01
     vertex 2.5146571042e+00 1.7600000000e-01 1.2735973801e-01
     vertex 2.5386969412e+00 2.6400000000e-01 1.2997169996e-01
   endloop
 endfacet
 facet normal  2.0205596201e-01 -2.6138818910e-02 -9.7902510201e-01
   outer loop
     vertex 2.5386969412e+00 2.6400000000e-01 1.2997169996e-01
     vertex 2.5146571042e+00 1.7600000000e-01 1.2735973801e-01
     vertex 2.5351657922e+00 2.6400000000e-01 1.2924292427e-01
   endloop
 endfacet
 facet normal  1.9940091823e-01 -2.5508050429e-02 -9.7958593966e-01
   outer loop
     vertex 2.5146571042e+00 1.7600000000e-01 1.2735973801e-01
     vertex 2.5087464465e+00 1.7600000000e-01 1.2615658623e-01
     vertex 2.5351657922e+00 2.6400000000e-01 1.2924292427e-01
   endloop
 endfacet
 facet normal  1.9940091823e-01 -2.5508050429e-02 -9.7958593966e-01
   outer loop
     vertex 2.5351657922e+00 2.6400000000e-01 1.2924292427e-01
     vertex 2.5087464465e+00 1.7600000000e-01 1.2615658623e-01
     vertex 2.5300886888e+00 2.6400000000e-01 1.2820944773e-01
   endloop
 endfacet
 facet normal  1.9573246947e-01 -2.4600564017e-02 -9.8034871992e-01
   outer loop
     vertex 2.5087464465e+00 1.7600000000e-01 1.2615658623e-01
     vertex 2.5004224244e+00 1.7600000000e-01 1.2449464555e-01
     vertex 2.5300886888e+00 2.6400000000e-01 1.2820944773e-01
   endloop
 endfacet
 facet normal  1.9573246947e-01 -2.4600564017e-02 -9.8034871992e-01
   outer loop
     vertex 2.5300886888e+00 2.6400000000e-01 1.2820944773e-01
     vertex 2.5004224244e+00 1.7600000000e-01 1.2449464555e-01
     vertex 2.5229385672e+00 2.6400000000e-01 1.2678188331e-01
   endloop
 endfacet
 facet normal  1.9085069046e-01 -2.3325672252e-02 -9.8134190116e-01
   outer loop
     vertex 2.5004224244e+00 1.7600000000e-01 1.2449464555e-01
     vertex 2.4890358879e+00 1.7600000000e-01 1.2228019986e-01
     vertex 2.5229385672e+00 2.6400000000e-01 1.2678188331e-01
   endloop
 endfacet
 facet normal  1.9085069046e-01 -2.3325672252e-02 -9.8134190116e-01
   outer loop
     vertex 2.5229385672e+00 2.6400000000e-01 1.2678188331e-01
     vertex 2.4890358879e+00 1.7600000000e-01 1.2228019986e-01
     vertex 2.5131578243e+00 2.6400000000e-01 1.2487973124e-01
   endloop
 endfacet
 facet normal  1.8450138893e-01 -2.1548200267e-02 -9.8259600678e-01
   outer loop
     vertex 2.4890358879e+00 1.7600000000e-01 1.2228019986e-01
     vertex 2.4740650480e+00 1.7600000000e-01 1.1946913535e-01
     vertex 2.5131578243e+00 2.6400000000e-01 1.2487973124e-01
   endloop
 endfacet
 facet normal  1.8450138893e-01 -2.1548200267e-02 -9.8259600678e-01
   outer loop
     vertex 2.5131578243e+00 2.6400000000e-01 1.2487973124e-01
     vertex 2.4740650480e+00 1.7600000000e-01 1.1946913535e-01
     vertex 2.5002982567e+00 2.6400000000e-01 1.2246509891e-01
   endloop
 endfacet
 facet normal  1.7621700471e-01 -1.9025086248e-02 -9.8416747220e-01
   outer loop
     vertex 2.4740650480e+00 1.7600000000e-01 1.1946913535e-01
     vertex 2.4553738155e+00 1.7600000000e-01 1.1612243563e-01
     vertex 2.5002982567e+00 2.6400000000e-01 1.2246509891e-01
   endloop
 endfacet
 facet normal  1.7621700471e-01 -1.9025086248e-02 -9.8416747220e-01
   outer loop
     vertex 2.5002982567e+00 2.6400000000e-01 1.2246509891e-01
     vertex 2.4553738155e+00 1.7600000000e-01 1.1612243563e-01
     vertex 2.4842429673e+00 2.6400000000e-01 1.1959036966e-01
   endloop
 endfacet
 facet normal  1.6519574401e-01 -1.5331669405e-02 -9.8614162577e-01
   outer loop
     vertex 2.4553738155e+00 1.7600000000e-01 1.1612243563e-01
     vertex 2.4334858122e+00 1.7600000000e-01 1.1245581727e-01
     vertex 2.4842429673e+00 2.6400000000e-01 1.1959036966e-01
   endloop
 endfacet
 facet normal  1.6519574401e-01 -1.5331669405e-02 -9.8614162577e-01
   outer loop
     vertex 2.4842429673e+00 2.6400000000e-01 1.1959036966e-01
     vertex 2.4334858122e+00 1.7600000000e-01 1.1245581727e-01
     vertex 2.4654417337e+00 2.6400000000e-01 1.1644083850e-01
   endloop
 endfacet
 facet normal  1.5001820371e-01 -9.7072291431e-03 -9.8863557910e-01
   outer loop
     vertex 2.4334858122e+00 1.7600000000e-01 1.1245581727e-01
     vertex 2.4096926449e+00 1.7600000000e-01 1.0884537851e-01
     vertex 2.4654417337e+00 2.6400000000e-01 1.1644083850e-01
   endloop
 endfacet
 facet normal  1.5001820371e-01 -9.7072291431e-03 -9.8863557910e-01
   outer loop
     vertex 2.4654417337e+00 2.6400000000e-01 1.1644083850e-01
     vertex 2.4096926449e+00 1.7600000000e-01 1.0884537851e-01
     vertex 2.4450040131e+00 2.6400000000e-01 1.1333956418e-01
   endloop
 endfacet
 facet normal  1.2876222368e-01 -1.0227141681e-03 -9.9167496883e-01
   outer loop
     vertex 2.4096926449e+00 1.7600000000e-01 1.0884537851e-01
     vertex 2.4245046504e+00 2.6400000000e-01 1.1067786191e-01
     vertex 2.4450040131e+00 2.6400000000e-01 1.1333956418e-01
   endloop
 endfacet
 facet normal  1.2876222368e-01 -1.0227141681e-03 -9.9167496883e-01
   outer loop
     vertex 2.4096926449e+00 1.7600000000e-01 1.0884537851e-01
     vertex 2.3858277153e+00 1.7600000000e-01 1.0574668034e-01
     vertex 2.4245046504e+00 2.6400000000e-01 1.1067786191e-01
   endloop
 endfacet
 facet normal  9.9591213491e-02 1.1982127415e-02 -9.9495628990e-01
   outer loop
     vertex 2.3858277153e+00 1.7600000000e-01 1.0574668034e-01
     vertex 2.4055369625e+00 2.6400000000e-01 1.0877927091e-01
     vertex 2.4245046504e+00 2.6400000000e-01 1.1067786191e-01
   endloop
 endfacet
 facet normal  9.9591213491e-02 1.1982127415e-02 -9.9495628990e-01
   outer loop
     vertex 2.3858277153e+00 1.7600000000e-01 1.0574668034e-01
     vertex 2.3637459294e+00 1.7600000000e-01 1.0353638038e-01
     vertex 2.4055369625e+00 2.6400000000e-01 1.0877927091e-01
   endloop
 endfacet
 facet normal  6.1184505251e-02 3.0382717822e-02 -9.9766394481e-01
   outer loop
     vertex 2.3637459294e+00 1.7600000000e-01 1.0353638038e-01
     vertex 2.3892580791e+00 2.6400000000e-01 1.0778092329e-01
     vertex 2.4055369625e+00 2.6400000000e-01 1.0877927091e-01
   endloop
 endfacet
 facet normal  6.1184505251e-02 3.0382717822e-02 -9.9766394481e-01
   outer loop
     vertex 2.3637459294e+00 1.7600000000e-01 1.0353638038e-01
     vertex 2.3447943934e+00 1.7600000000e-01 1.0237412493e-01
     vertex 2.3892580791e+00 2.6400000000e-01 1.0778092329e-01
   endloop
 endfacet
 facet normal  1.1859138648e-02 5.5350317042e-02 -9.9839656612e-01
   outer loop
     vertex 2.3447943934e+00 1.7600000000e-01 1.0237412493e-01
     vertex 2.3761763214e+00 2.6400000000e-01 1.0762553576e-01
     vertex 2.3892580791e+00 2.6400000000e-01 1.0778092329e-01
   endloop
 endfacet
 facet normal  1.1859138648e-02 5.5350317042e-02 -9.9839656612e-01
   outer loop
     vertex 2.3447943934e+00 1.7600000000e-01 1.0237412493e-01
     vertex 2.3295648845e+00 1.7600000000e-01 1.0219322602e-01
     vertex 2.3761763214e+00 2.6400000000e-01 1.0762553576e-01
   endloop
 endfacet
 facet normal  -5.2587926952e-02 8.9253195524e-02 -9.9461971478e-01
   outer loop
     vertex 2.3295648845e+00 1.7600000000e-01 1.0219322602e-01
     vertex 2.3662285044e+00 2.6400000000e-01 1.0815150068e-01
     vertex 2.3761763214e+00 2.6400000000e-01 1.0762553576e-01
   endloop
 endfacet
 facet normal  -5.2587926952e-02 8.9253195524e-02 -9.9461971478e-01
   outer loop
     vertex 2.3295648845e+00 1.7600000000e-01 1.0219322602e-01
     vertex 2.3179838438e+00 1.7600000000e-01 1.0280554338e-01
     vertex 2.3662285044e+00 2.6400000000e-01 1.0815150068e-01
   endloop
 endfacet
 facet normal  -1.4482508825e-01 1.3891187939e-01 -9.7965768694e-01
   outer loop
     vertex 2.3179838438e+00 1.7600000000e-01 1.0280554338e-01
     vertex 2.3590197806e+00 2.6400000000e-01 1.0921718319e-01
     vertex 2.3662285044e+00 2.6400000000e-01 1.0815150068e-01
   endloop
 endfacet
 facet normal  -1.4482508825e-01 1.3891187939e-01 -9.7965768694e-01
   outer loop
     vertex 2.3179838438e+00 1.7600000000e-01 1.0280554338e-01
     vertex 2.3095915982e+00 1.7600000000e-01 1.0404618869e-01
     vertex 2.3590197806e+00 2.6400000000e-01 1.0921718319e-01
   endloop
 endfacet
 facet normal  -3.0613777776e-01 2.2628931962e-01 -9.2470146796e-01
   outer loop
     vertex 2.3095915982e+00 1.7600000000e-01 1.0404618869e-01
     vertex 2.3541145997e+00 2.6400000000e-01 1.1084112477e-01
     vertex 2.3590197806e+00 2.6400000000e-01 1.0921718319e-01
   endloop
 endfacet
 facet normal  -3.0613777776e-01 2.2628931962e-01 -9.2470146796e-01
   outer loop
     vertex 2.3095915982e+00 1.7600000000e-01 1.0404618869e-01
     vertex 2.3038810891e+00 1.7600000000e-01 1.0593674755e-01
     vertex 2.3541145997e+00 2.6400000000e-01 1.1084112477e-01
   endloop
 endfacet
 facet normal  -6.8012750302e-01 4.2166244462e-01 -5.9968938829e-01
   outer loop
     vertex 2.3038810891e+00 1.7600000000e-01 1.0593674755e-01
     vertex 2.3518271743e+00 2.6400000000e-01 1.1343536938e-01
     vertex 2.3541145997e+00 2.6400000000e-01 1.1084112477e-01
   endloop
 endfacet
 facet normal  -6.8012750302e-01 4.2166244462e-01 -5.9968938829e-01
   outer loop
     vertex 2.3038810891e+00 1.7600000000e-01 1.0593674755e-01
     vertex 2.3012181162e+00 1.7600000000e-01 1.0895691292e-01
     vertex 2.3518271743e+00 2.6400000000e-01 1.1343536938e-01
   endloop
 endfacet
 facet normal  -7.7486834848e-01 4.2166244462e-01 4.7093505424e-01
   outer loop
     vertex 2.3012181162e+00 1.7600000000e-01 1.0895691292e-01
     vertex 2.3033093443e+00 1.7600000000e-01 1.1239778326e-01
     vertex 2.3518271743e+00 2.6400000000e-01 1.1343536938e-01
   endloop
 endfacet
 facet normal  -7.7486834848e-01 4.2166244462e-01 4.7093505424e-01
   outer loop
     vertex 2.3518271743e+00 2.6400000000e-01 1.1343536938e-01
     vertex 2.3033093443e+00 1.7600000000e-01 1.1239778326e-01
     vertex 2.3536234856e+00 2.6400000000e-01 1.1639098878e-01
   endloop
 endfacet
 facet normal  -4.6376479860e-01 2.2628931962e-01 8.5657186237e-01
   outer loop
     vertex 2.3033093443e+00 1.7600000000e-01 1.1239778326e-01
     vertex 2.3085991178e+00 1.7600000000e-01 1.1526177036e-01
     vertex 2.3536234856e+00 2.6400000000e-01 1.1639098878e-01
   endloop
 endfacet
 facet normal  -4.6376479860e-01 2.2628931962e-01 8.5657186237e-01
   outer loop
     vertex 2.3536234856e+00 2.6400000000e-01 1.1639098878e-01
     vertex 2.3085991178e+00 1.7600000000e-01 1.1526177036e-01
     vertex 2.3581672654e+00 2.6400000000e-01 1.1885108026e-01
   endloop
 endfacet
 facet normal  -3.1460957197e-01 1.3891187939e-01 9.3900176091e-01
   outer loop
     vertex 2.3085991178e+00 1.7600000000e-01 1.1526177036e-01
     vertex 2.3166430842e+00 1.7600000000e-01 1.1795687586e-01
     vertex 2.3581672654e+00 2.6400000000e-01 1.1885108026e-01
   endloop
 endfacet
 facet normal  -3.1460957197e-01 1.3891187939e-01 9.3900176091e-01
   outer loop
     vertex 2.3581672654e+00 2.6400000000e-01 1.1885108026e-01
     vertex 2.3166430842e+00 1.7600000000e-01 1.1795687586e-01
     vertex 2.3650768263e+00 2.6400000000e-01 1.2116610677e-01
   endloop
 endfacet
 facet normal  -2.2643318947e-01 8.9253195524e-02 9.6992880037e-01
   outer loop
     vertex 2.3166430842e+00 1.7600000000e-01 1.1795687586e-01
     vertex 2.3279366316e+00 1.7600000000e-01 1.2059339306e-01
     vertex 2.3650768263e+00 2.6400000000e-01 1.2116610677e-01
   endloop
 endfacet
 facet normal  -2.2643318947e-01 8.9253195524e-02 9.6992880037e-01
   outer loop
     vertex 2.3650768263e+00 2.6400000000e-01 1.2116610677e-01
     vertex 2.3279366316e+00 1.7600000000e-01 1.2059339306e-01
     vertex 2.3747776939e+00 2.6400000000e-01 1.2343080745e-01
   endloop
 endfacet
 facet normal  -1.6365085450e-01 5.5350317042e-02 9.8496433449e-01
   outer loop
     vertex 2.3279366316e+00 1.7600000000e-01 1.2059339306e-01
     vertex 2.3429612457e+00 1.7600000000e-01 1.2308971790e-01
     vertex 2.3747776939e+00 2.6400000000e-01 1.2343080745e-01
   endloop
 endfacet
 facet normal  -1.6365085450e-01 5.5350317042e-02 9.8496433449e-01
   outer loop
     vertex 2.3747776939e+00 2.6400000000e-01 1.2343080745e-01
     vertex 2.3429612457e+00 1.7600000000e-01 1.2308971790e-01
     vertex 2.3876834522e+00 2.6400000000e-01 1.2557508648e-01
   endloop
 endfacet
 facet normal  -1.1496333564e-01 3.0382717822e-02 9.9290499138e-01
   outer loop
     vertex 2.3429612457e+00 1.7600000000e-01 1.2308971790e-01
     vertex 2.3618223810e+00 1.7600000000e-01 1.2527355124e-01
     vertex 2.3876834522e+00 2.6400000000e-01 1.2557508648e-01
   endloop
 endfacet
 facet normal  -1.1496333564e-01 3.0382717822e-02 9.9290499138e-01
   outer loop
     vertex 2.3876834522e+00 2.6400000000e-01 1.2557508648e-01
     vertex 2.3618223810e+00 1.7600000000e-01 1.2527355124e-01
     vertex 2.4038846838e+00 2.6400000000e-01 1.2745094332e-01
   endloop
 endfacet
 facet normal  -7.6677972197e-02 1.1982127415e-02 9.9698391020e-01
   outer loop
     vertex 2.3618223810e+00 1.7600000000e-01 1.2527355124e-01
     vertex 2.3839491673e+00 1.7600000000e-01 1.2697532104e-01
     vertex 2.4038846838e+00 2.6400000000e-01 1.2745094332e-01
   endloop
 endfacet
 facet normal  -7.6677972197e-02 1.1982127415e-02 9.9698391020e-01
   outer loop
     vertex 2.4038846838e+00 2.6400000000e-01 1.2745094332e-01
     vertex 2.3839491673e+00 1.7600000000e-01 1.2697532104e-01
     vertex 2.4228910259e+00 2.6400000000e-01 1.2891271994e-01
   endloop
 endfacet
 facet normal  -4.7384046870e-02 -1.0227141681e-03 9.9887622164e-01
   outer loop
     vertex 2.3839491673e+00 1.7600000000e-01 1.2697532104e-01
     vertex 2.4079873971e+00 1.7600000000e-01 1.2811563110e-01
     vertex 2.4228910259e+00 2.6400000000e-01 1.2891271994e-01
   endloop
 endfacet
 facet normal  -4.7384046870e-02 -1.0227141681e-03 9.9887622164e-01
   outer loop
     vertex 2.4228910259e+00 2.6400000000e-01 1.2891271994e-01
     vertex 2.4079873971e+00 1.7600000000e-01 1.2811563110e-01
     vertex 2.4435392489e+00 2.6400000000e-01 1.2989221705e-01
   endloop
 endfacet
 facet normal  -2.5924639421e-02 -9.7072291431e-03 9.9961676795e-01
   outer loop
     vertex 2.4079873971e+00 1.7600000000e-01 1.2811563110e-01
     vertex 2.4642039798e+00 2.6400000000e-01 1.3042814813e-01
     vertex 2.4435392489e+00 2.6400000000e-01 1.2989221705e-01
   endloop
 endfacet
 facet normal  -2.5924639421e-02 -9.7072291431e-03 9.9961676795e-01
   outer loop
     vertex 2.4079873971e+00 1.7600000000e-01 1.2811563110e-01
     vertex 2.4320448450e+00 1.7600000000e-01 1.2873955087e-01
     vertex 2.4642039798e+00 2.6400000000e-01 1.3042814813e-01
   endloop
 endfacet
 facet normal  -1.0544997175e-02 -1.5331669405e-02 9.9982685648e-01
   outer loop
     vertex 2.4320448450e+00 1.7600000000e-01 1.2873955087e-01
     vertex 2.4832661285e+00 2.6400000000e-01 1.3062919325e-01
     vertex 2.4642039798e+00 2.6400000000e-01 1.3042814813e-01
   endloop
 endfacet
 facet normal  -1.0544997175e-02 -1.5331669405e-02 9.9982685648e-01
   outer loop
     vertex 2.4320448450e+00 1.7600000000e-01 1.2873955087e-01
     vertex 2.4542366002e+00 1.7600000000e-01 1.2897360339e-01
     vertex 2.4832661285e+00 2.6400000000e-01 1.3062919325e-01
   endloop
 endfacet
 facet normal  6.5167217949e-04 -1.9025086248e-02 9.9981879429e-01
   outer loop
     vertex 2.4542366002e+00 1.7600000000e-01 1.2897360339e-01
     vertex 2.4995767470e+00 2.6400000000e-01 1.3061856214e-01
     vertex 2.4832661285e+00 2.6400000000e-01 1.3062919325e-01
   endloop
 endfacet
 facet normal  6.5167217949e-04 -1.9025086248e-02 9.9981879429e-01
   outer loop
     vertex 2.4542366002e+00 1.7600000000e-01 1.2897360339e-01
     vertex 2.4732250814e+00 1.7600000000e-01 1.2896122688e-01
     vertex 2.4995767470e+00 2.6400000000e-01 1.3061856214e-01
   endloop
 endfacet
 facet normal  9.0832803299e-03 -2.1548200267e-02 9.9972654715e-01
   outer loop
     vertex 2.4732250814e+00 1.7600000000e-01 1.2896122688e-01
     vertex 2.5126605078e+00 2.6400000000e-01 1.3049968617e-01
     vertex 2.4995767470e+00 2.6400000000e-01 1.3061856214e-01
   endloop
 endfacet
 facet normal  9.0832803299e-03 -2.1548200267e-02 9.9972654715e-01
   outer loop
     vertex 2.4732250814e+00 1.7600000000e-01 1.2896122688e-01
     vertex 2.4884569223e+00 1.7600000000e-01 1.2882283396e-01
     vertex 2.5126605078e+00 2.6400000000e-01 1.3049968617e-01
   endloop
 endfacet
 facet normal  1.5554145692e-02 -2.3325672252e-02 9.9960691352e-01
   outer loop
     vertex 2.4884569223e+00 1.7600000000e-01 1.2882283396e-01
     vertex 2.5226232926e+00 2.6400000000e-01 1.3034466263e-01
     vertex 2.5126605078e+00 2.6400000000e-01 1.3049968617e-01
   endloop
 endfacet
 facet normal  1.5554145692e-02 -2.3325672252e-02 9.9960691352e-01
   outer loop
     vertex 2.4884569223e+00 1.7600000000e-01 1.2882283396e-01
     vertex 2.5000553882e+00 1.7600000000e-01 1.2864235879e-01
     vertex 2.5226232926e+00 2.6400000000e-01 1.3034466263e-01
   endloop
 endfacet
 facet normal  2.0534473186e-02 -2.4600564017e-02 9.9948644196e-01
   outer loop
     vertex 2.5000553882e+00 1.7600000000e-01 1.2864235879e-01
     vertex 2.5299129941e+00 2.6400000000e-01 1.3019489553e-01
     vertex 2.5226232926e+00 2.6400000000e-01 1.3034466263e-01
   endloop
 endfacet
 facet normal  2.0534473186e-02 -2.4600564017e-02 9.9948644196e-01
   outer loop
     vertex 2.5000553882e+00 1.7600000000e-01 1.2864235879e-01
     vertex 2.5085419065e+00 1.7600000000e-01 1.2846800306e-01
     vertex 2.5299129941e+00 2.6400000000e-01 1.3019489553e-01
   endloop
 endfacet
 facet normal  2.4279865115e-02 -2.5508050429e-02 9.9937972138e-01
   outer loop
     vertex 2.5085419065e+00 1.7600000000e-01 1.2846800306e-01
     vertex 2.5350926869e+00 2.6400000000e-01 1.3006905523e-01
     vertex 2.5299129941e+00 2.6400000000e-01 1.3019489553e-01
   endloop
 endfacet
 facet normal  2.4279865115e-02 -2.5508050429e-02 9.9937972138e-01
   outer loop
     vertex 2.5085419065e+00 1.7600000000e-01 1.2846800306e-01
     vertex 2.5145719965e+00 1.7600000000e-01 1.2832150242e-01
     vertex 2.5350926869e+00 2.6400000000e-01 1.3006905523e-01
   endloop
 endfacet
 facet normal  2.6992137491e-02 -2.6138818910e-02 9.9929384400e-01
   outer loop
     vertex 2.5145719965e+00 1.7600000000e-01 1.2832150242e-01
     vertex 2.5386969412e+00 2.6400000000e-01 1.2997169996e-01
     vertex 2.5350926869e+00 2.6400000000e-01 1.3006905523e-01
   endloop
 endfacet
 facet normal  2.6992137491e-02 -2.6138818910e-02 9.9929384400e-01
   outer loop
     vertex 2.5145719965e+00 1.7600000000e-01 1.2832150242e-01
     vertex 2.5187679940e+00 1.7600000000e-01 1.2820816344e-01
     vertex 2.5386969412e+00 2.6400000000e-01 1.2997169996e-01
   endloop
 endfacet
 facet normal  2.0205596201e-01 -2.6138818910e-02 -9.7902510201e-01
   outer loop
     vertex 2.5386969412e+00 2.6400000000e-01 1.2997169996e-01
     vertex 2.5351657922e+00 2.6400000000e-01 1.2924292427e-01
     vertex 2.5586258883e+00 3.5200000000e-01 1.3173523647e-01
   endloop
 endfacet
 facet normal  2.0205596201e-01 -2.6138818910e-02 -9.7902510201e-01
   outer loop
     vertex 2.5586258883e+00 3.5200000000e-01 1.3173523647e-01
     vertex 2.5351657922e+00 2.6400000000e-01 1.2924292427e-01
     vertex 2.5556744802e+00 3.5200000000e-01 1.3112611052e-01
   endloop
 endfacet
 facet normal  1.9940091823e-01 -2.5508050429e-02 -9.7958593966e-01
   outer loop
     vertex 2.5351657922e+00 2.6400000000e-01 1.2924292427e-01
     vertex 2.5300886888e+00 2.6400000000e-01 1.2820944773e-01
     vertex 2.5556744802e+00 3.5200000000e-01 1.3112611052e-01
   endloop
 endfacet
 facet normal  1.9940091823e-01 -2.5508050429e-02 -9.7958593966e-01
   outer loop
     vertex 2.5556744802e+00 3.5200000000e-01 1.3112611052e-01
     vertex 2.5300886888e+00 2.6400000000e-01 1.2820944773e-01
     vertex 2.5514309311e+00 3.5200000000e-01 1.3026230924e-01
   endloop
 endfacet
 facet normal  1.9573246947e-01 -2.4600564017e-02 -9.8034871992e-01
   outer loop
     vertex 2.5300886888e+00 2.6400000000e-01 1.2820944773e-01
     vertex 2.5229385672e+00 2.6400000000e-01 1.2678188331e-01
     vertex 2.5514309311e+00 3.5200000000e-01 1.3026230924e-01
   endloop
 endfacet
 facet normal  1.9573246947e-01 -2.4600564017e-02 -9.8034871992e-01
   outer loop
     vertex 2.5514309311e+00 3.5200000000e-01 1.3026230924e-01
     vertex 2.5229385672e+00 2.6400000000e-01 1.2678188331e-01
     vertex 2.5454547100e+00 3.5200000000e-01 1.2906912106e-01
   endloop
 endfacet
 facet normal  1.9085069046e-01 -2.3325672252e-02 -9.8134190116e-01
   outer loop
     vertex 2.5229385672e+00 2.6400000000e-01 1.2678188331e-01
     vertex 2.5131578243e+00 2.6400000000e-01 1.2487973124e-01
     vertex 2.5454547100e+00 3.5200000000e-01 1.2906912106e-01
   endloop
 endfacet
 facet normal  1.9085069046e-01 -2.3325672252e-02 -9.8134190116e-01
   outer loop
     vertex 2.5454547100e+00 3.5200000000e-01 1.2906912106e-01
     vertex 2.5131578243e+00 2.6400000000e-01 1.2487973124e-01
     vertex 2.5372797608e+00 3.5200000000e-01 1.2747926262e-01
   endloop
 endfacet
 facet normal  1.8450138893e-01 -2.1548200267e-02 -9.8259600678e-01
   outer loop
     vertex 2.5131578243e+00 2.6400000000e-01 1.2487973124e-01
     vertex 2.5002982567e+00 2.6400000000e-01 1.2246509891e-01
     vertex 2.5372797608e+00 3.5200000000e-01 1.2747926262e-01
   endloop
 endfacet
 facet normal  1.8450138893e-01 -2.1548200267e-02 -9.8259600678e-01
   outer loop
     vertex 2.5372797608e+00 3.5200000000e-01 1.2747926262e-01
     vertex 2.5002982567e+00 2.6400000000e-01 1.2246509891e-01
     vertex 2.5265314655e+00 3.5200000000e-01 1.2546106246e-01
   endloop
 endfacet
 facet normal  1.7621700471e-01 -1.9025086248e-02 -9.8416747220e-01
   outer loop
     vertex 2.5002982567e+00 2.6400000000e-01 1.2246509891e-01
     vertex 2.4842429673e+00 2.6400000000e-01 1.1959036966e-01
     vertex 2.5265314655e+00 3.5200000000e-01 1.2546106246e-01
   endloop
 endfacet
 facet normal  1.7621700471e-01 -1.9025086248e-02 -9.8416747220e-01
   outer loop
     vertex 2.5265314655e+00 3.5200000000e-01 1.2546106246e-01
     vertex 2.4842429673e+00 2.6400000000e-01 1.1959036966e-01
     vertex 2.5131121191e+00 3.5200000000e-01 1.2305830369e-01
   endloop
 endfacet
 facet normal  1.6519574401e-01 -1.5331669405e-02 -9.8614162577e-01
   outer loop
     vertex 2.4842429673e+00 2.6400000000e-01 1.1959036966e-01
     vertex 2.4654417337e+00 2.6400000000e-01 1.1644083850e-01
     vertex 2.5131121191e+00 3.5200000000e-01 1.2305830369e-01
   endloop
 endfacet
 facet normal  1.6519574401e-01 -1.5331669405e-02 -9.8614162577e-01
   outer loop
     vertex 2.5131121191e+00 3.5200000000e-01 1.2305830369e-01
     vertex 2.4654417337e+00 2.6400000000e-01 1.1644083850e-01
     vertex 2.4973976551e+00 3.5200000000e-01 1.2042585973e-01
   endloop
 endfacet
 facet normal  1.5001820371e-01 -9.7072291431e-03 -9.8863557910e-01
   outer loop
     vertex 2.4654417337e+00 2.6400000000e-01 1.1644083850e-01
     vertex 2.4450040131e+00 2.6400000000e-01 1.1333956418e-01
     vertex 2.4973976551e+00 3.5200000000e-01 1.2042585973e-01
   endloop
 endfacet
 facet normal  1.5001820371e-01 -9.7072291431e-03 -9.8863557910e-01
   outer loop
     vertex 2.4973976551e+00 3.5200000000e-01 1.2042585973e-01
     vertex 2.4450040131e+00 2.6400000000e-01 1.1333956418e-01
     vertex 2.4803153812e+00 3.5200000000e-01 1.1783374986e-01
   endloop
 endfacet
 facet normal  1.2876222368e-01 -1.0227141681e-03 -9.9167496883e-01
   outer loop
     vertex 2.4450040131e+00 2.6400000000e-01 1.1333956418e-01
     vertex 2.4631815856e+00 3.5200000000e-01 1.1560904348e-01
     vertex 2.4803153812e+00 3.5200000000e-01 1.1783374986e-01
   endloop
 endfacet
 facet normal  1.2876222368e-01 -1.0227141681e-03 -9.9167496883e-01
   outer loop
     vertex 2.4450040131e+00 2.6400000000e-01 1.1333956418e-01
     vertex 2.4245046504e+00 2.6400000000e-01 1.1067786191e-01
     vertex 2.4631815856e+00 3.5200000000e-01 1.1560904348e-01
   endloop
 endfacet
 facet normal  9.9591213491e-02 1.1982127415e-02 -9.9495628990e-01
   outer loop
     vertex 2.4245046504e+00 2.6400000000e-01 1.1067786191e-01
     vertex 2.4473279957e+00 3.5200000000e-01 1.1402216145e-01
     vertex 2.4631815856e+00 3.5200000000e-01 1.1560904348e-01
   endloop
 endfacet
 facet normal  9.9591213491e-02 1.1982127415e-02 -9.9495628990e-01
   outer loop
     vertex 2.4245046504e+00 2.6400000000e-01 1.1067786191e-01
     vertex 2.4055369625e+00 2.6400000000e-01 1.0877927091e-01
     vertex 2.4473279957e+00 3.5200000000e-01 1.1402216145e-01
   endloop
 endfacet
 facet normal  6.1184505251e-02 3.0382717822e-02 -9.9766394481e-01
   outer loop
     vertex 2.4055369625e+00 2.6400000000e-01 1.0877927091e-01
     vertex 2.4337217648e+00 3.5200000000e-01 1.1318772165e-01
     vertex 2.4473279957e+00 3.5200000000e-01 1.1402216145e-01
   endloop
 endfacet
 facet normal  6.1184505251e-02 3.0382717822e-02 -9.9766394481e-01
   outer loop
     vertex 2.4055369625e+00 2.6400000000e-01 1.0877927091e-01
     vertex 2.3892580791e+00 2.6400000000e-01 1.0778092329e-01
     vertex 2.4337217648e+00 3.5200000000e-01 1.1318772165e-01
   endloop
 endfacet
 facet normal  1.1859138648e-02 5.5350317042e-02 -9.9839656612e-01
   outer loop
     vertex 2.3892580791e+00 2.6400000000e-01 1.0778092329e-01
     vertex 2.4227877584e+00 3.5200000000e-01 1.1305784550e-01
     vertex 2.4337217648e+00 3.5200000000e-01 1.1318772165e-01
   endloop
 endfacet
 facet normal  1.1859138648e-02 5.5350317042e-02 -9.9839656612e-01
   outer loop
     vertex 2.3892580791e+00 2.6400000000e-01 1.0778092329e-01
     vertex 2.3761763214e+00 2.6400000000e-01 1.0762553576e-01
     vertex 2.4227877584e+00 3.5200000000e-01 1.1305784550e-01
   endloop
 endfacet
 facet normal  -5.2587926952e-02 8.9253195524e-02 -9.9461971478e-01
   outer loop
     vertex 2.3761763214e+00 2.6400000000e-01 1.0762553576e-01
     vertex 2.4144731650e+00 3.5200000000e-01 1.1349745797e-01
     vertex 2.4227877584e+00 3.5200000000e-01 1.1305784550e-01
   endloop
 endfacet
 facet normal  -5.2587926952e-02 8.9253195524e-02 -9.9461971478e-01
   outer loop
     vertex 2.3761763214e+00 2.6400000000e-01 1.0762553576e-01
     vertex 2.3662285044e+00 2.6400000000e-01 1.0815150068e-01
     vertex 2.4144731650e+00 3.5200000000e-01 1.1349745797e-01
   endloop
 endfacet
 facet normal  -1.4482508825e-01 1.3891187939e-01 -9.7965768694e-01
   outer loop
     vertex 2.3662285044e+00 2.6400000000e-01 1.0815150068e-01
     vertex 2.4084479630e+00 3.5200000000e-01 1.1438817768e-01
     vertex 2.4144731650e+00 3.5200000000e-01 1.1349745797e-01
   endloop
 endfacet
 facet normal  -1.4482508825e-01 1.3891187939e-01 -9.7965768694e-01
   outer loop
     vertex 2.3662285044e+00 2.6400000000e-01 1.0815150068e-01
     vertex 2.3590197806e+00 2.6400000000e-01 1.0921718319e-01
     vertex 2.4084479630e+00 3.5200000000e-01 1.1438817768e-01
   endloop
 endfacet
 facet normal  -3.0613777776e-01 2.2628931962e-01 -9.2470146796e-01
   outer loop
     vertex 2.3590197806e+00 2.6400000000e-01 1.0921718319e-01
     vertex 2.4043481104e+00 3.5200000000e-01 1.1574550199e-01
     vertex 2.4084479630e+00 3.5200000000e-01 1.1438817768e-01
   endloop
 endfacet
 facet normal  -3.0613777776e-01 2.2628931962e-01 -9.2470146796e-01
   outer loop
     vertex 2.3590197806e+00 2.6400000000e-01 1.0921718319e-01
     vertex 2.3541145997e+00 2.6400000000e-01 1.1084112477e-01
     vertex 2.4043481104e+00 3.5200000000e-01 1.1574550199e-01
   endloop
 endfacet
 facet normal  -6.8012750302e-01 4.2166244462e-01 -5.9968938829e-01
   outer loop
     vertex 2.3541145997e+00 2.6400000000e-01 1.1084112477e-01
     vertex 2.4024362324e+00 3.5200000000e-01 1.1791382584e-01
     vertex 2.4043481104e+00 3.5200000000e-01 1.1574550199e-01
   endloop
 endfacet
 facet normal  -6.8012750302e-01 4.2166244462e-01 -5.9968938829e-01
   outer loop
     vertex 2.3541145997e+00 2.6400000000e-01 1.1084112477e-01
     vertex 2.3518271743e+00 2.6400000000e-01 1.1343536938e-01
     vertex 2.4024362324e+00 3.5200000000e-01 1.1791382584e-01
   endloop
 endfacet
 facet normal  -7.7486834848e-01 4.2166244462e-01 4.7093505424e-01
   outer loop
     vertex 2.3518271743e+00 2.6400000000e-01 1.1343536938e-01
     vertex 2.3536234856e+00 2.6400000000e-01 1.1639098878e-01
     vertex 2.4024362324e+00 3.5200000000e-01 1.1791382584e-01
   endloop
 endfacet
 facet normal  -7.7486834848e-01 4.2166244462e-01 4.7093505424e-01
   outer loop
     vertex 2.4024362324e+00 3.5200000000e-01 1.1791382584e-01
     vertex 2.3536234856e+00 2.6400000000e-01 1.1639098878e-01
     vertex 2.4039376269e+00 3.5200000000e-01 1.2038419429e-01
   endloop
 endfacet
 facet normal  -4.6376479860e-01 2.2628931962e-01 8.5657186237e-01
   outer loop
     vertex 2.3536234856e+00 2.6400000000e-01 1.1639098878e-01
     vertex 2.3581672654e+00 2.6400000000e-01 1.1885108026e-01
     vertex 2.4039376269e+00 3.5200000000e-01 1.2038419429e-01
   endloop
 endfacet
 facet normal  -4.6376479860e-01 2.2628931962e-01 8.5657186237e-01
   outer loop
     vertex 2.4039376269e+00 3.5200000000e-01 1.2038419429e-01
     vertex 2.3581672654e+00 2.6400000000e-01 1.1885108026e-01
     vertex 2.4077354130e+00 3.5200000000e-01 1.2244039016e-01
   endloop
 endfacet
 facet normal  -3.1460957197e-01 1.3891187939e-01 9.3900176091e-01
   outer loop
     vertex 2.3581672654e+00 2.6400000000e-01 1.1885108026e-01
     vertex 2.3650768263e+00 2.6400000000e-01 1.2116610677e-01
     vertex 2.4077354130e+00 3.5200000000e-01 1.2244039016e-01
   endloop
 endfacet
 facet normal  -3.1460957197e-01 1.3891187939e-01 9.3900176091e-01
   outer loop
     vertex 2.4077354130e+00 3.5200000000e-01 1.2244039016e-01
     vertex 2.3650768263e+00 2.6400000000e-01 1.2116610677e-01
     vertex 2.4135105684e+00 3.5200000000e-01 1.2437533769e-01
   endloop
 endfacet
 facet normal  -2.2643318947e-01 8.9253195524e-02 9.6992880037e-01
   outer loop
     vertex 2.3650768263e+00 2.6400000000e-01 1.2116610677e-01
     vertex 2.3747776939e+00 2.6400000000e-01 1.2343080745e-01
     vertex 2.4135105684e+00 3.5200000000e-01 1.2437533769e-01
   endloop
 endfacet
 facet normal  -2.2643318947e-01 8.9253195524e-02 9.6992880037e-01
   outer loop
     vertex 2.4135105684e+00 3.5200000000e-01 1.2437533769e-01
     vertex 2.3747776939e+00 2.6400000000e-01 1.2343080745e-01
     vertex 2.4216187563e+00 3.5200000000e-01 1.2626822184e-01
   endloop
 endfacet
 facet normal  -1.6365085450e-01 5.5350317042e-02 9.8496433449e-01
   outer loop
     vertex 2.3747776939e+00 2.6400000000e-01 1.2343080745e-01
     vertex 2.3876834522e+00 2.6400000000e-01 1.2557508648e-01
     vertex 2.4216187563e+00 3.5200000000e-01 1.2626822184e-01
   endloop
 endfacet
 facet normal  -1.6365085450e-01 5.5350317042e-02 9.8496433449e-01
   outer loop
     vertex 2.4216187563e+00 3.5200000000e-01 1.2626822184e-01
     vertex 2.3876834522e+00 2.6400000000e-01 1.2557508648e-01
     vertex 2.4324056587e+00 3.5200000000e-01 1.2806045506e-01
   endloop
 endfacet
 facet normal  -1.1496333564e-01 3.0382717822e-02 9.9290499138e-01
   outer loop
     vertex 2.3876834522e+00 2.6400000000e-01 1.2557508648e-01
     vertex 2.4038846838e+00 2.6400000000e-01 1.2745094332e-01
     vertex 2.4324056587e+00 3.5200000000e-01 1.2806045506e-01
   endloop
 endfacet
 facet normal  -1.1496333564e-01 3.0382717822e-02 9.9290499138e-01
   outer loop
     vertex 2.4324056587e+00 3.5200000000e-01 1.2806045506e-01
     vertex 2.4038846838e+00 2.6400000000e-01 1.2745094332e-01
     vertex 2.4459469866e+00 3.5200000000e-01 1.2962833541e-01
   endloop
 endfacet
 facet normal  -7.6677972197e-02 1.1982127415e-02 9.9698391020e-01
   outer loop
     vertex 2.4038846838e+00 2.6400000000e-01 1.2745094332e-01
     vertex 2.4228910259e+00 2.6400000000e-01 1.2891271994e-01
     vertex 2.4459469866e+00 3.5200000000e-01 1.2962833541e-01
   endloop
 endfacet
 facet normal  -7.6677972197e-02 1.1982127415e-02 9.9698391020e-01
   outer loop
     vertex 2.4459469866e+00 3.5200000000e-01 1.2962833541e-01
     vertex 2.4228910259e+00 2.6400000000e-01 1.2891271994e-01
     vertex 2.4618328845e+00 3.5200000000e-01 1.3085011885e-01
   endloop
 endfacet
 facet normal  -4.7384046870e-02 -1.0227141681e-03 9.9887622164e-01
   outer loop
     vertex 2.4228910259e+00 2.6400000000e-01 1.2891271994e-01
     vertex 2.4435392489e+00 2.6400000000e-01 1.2989221705e-01
     vertex 2.4618328845e+00 3.5200000000e-01 1.3085011885e-01
   endloop
 endfacet
 facet normal  -4.7384046870e-02 -1.0227141681e-03 9.9887622164e-01
   outer loop
     vertex 2.4618328845e+00 3.5200000000e-01 1.3085011885e-01
     vertex 2.4435392489e+00 2.6400000000e-01 1.2989221705e-01
     vertex 2.4790911007e+00 3.5200000000e-01 1.3166880300e-01
   endloop
 endfacet
 facet normal  -2.5924639421e-02 -9.7072291431e-03 9.9961676795e-01
   outer loop
     vertex 2.4435392489e+00 2.6400000000e-01 1.2989221705e-01
     vertex 2.4963631146e+00 3.5200000000e-01 1.3211674540e-01
     vertex 2.4790911007e+00 3.5200000000e-01 1.3166880300e-01
   endloop
 endfacet
 facet normal  -2.5924639421e-02 -9.7072291431e-03 9.9961676795e-01
   outer loop
     vertex 2.4435392489e+00 2.6400000000e-01 1.2989221705e-01
     vertex 2.4642039798e+00 2.6400000000e-01 1.3042814813e-01
     vertex 2.4963631146e+00 3.5200000000e-01 1.3211674540e-01
   endloop
 endfacet
 facet normal  -1.0544997175e-02 -1.5331669405e-02 9.9982685648e-01
   outer loop
     vertex 2.4642039798e+00 2.6400000000e-01 1.3042814813e-01
     vertex 2.5122956568e+00 3.5200000000e-01 1.3228478310e-01
     vertex 2.4963631146e+00 3.5200000000e-01 1.3211674540e-01
   endloop
 endfacet
 facet normal  -1.0544997175e-02 -1.5331669405e-02 9.9982685648e-01
   outer loop
     vertex 2.4642039798e+00 2.6400000000e-01 1.3042814813e-01
     vertex 2.4832661285e+00 2.6400000000e-01 1.3062919325e-01
     vertex 2.5122956568e+00 3.5200000000e-01 1.3228478310e-01
   endloop
 endfacet
 facet normal  6.5167217949e-04 -1.9025086248e-02 9.9981879429e-01
   outer loop
     vertex 2.4832661285e+00 2.6400000000e-01 1.3062919325e-01
     vertex 2.5259284125e+00 3.5200000000e-01 1.3227589740e-01
     vertex 2.5122956568e+00 3.5200000000e-01 1.3228478310e-01
   endloop
 endfacet
 facet normal  6.5167217949e-04 -1.9025086248e-02 9.9981879429e-01
   outer loop
     vertex 2.4832661285e+00 2.6400000000e-01 1.3062919325e-01
     vertex 2.4995767470e+00 2.6400000000e-01 1.3061856214e-01
     vertex 2.5259284125e+00 3.5200000000e-01 1.3227589740e-01
   endloop
 endfacet
 facet normal  9.0832803299e-03 -2.1548200267e-02 9.9972654715e-01
   outer loop
     vertex 2.4995767470e+00 2.6400000000e-01 1.3061856214e-01
     vertex 2.5368640932e+00 3.5200000000e-01 1.3217653838e-01
     vertex 2.5259284125e+00 3.5200000000e-01 1.3227589740e-01
   endloop
 endfacet
 facet normal  9.0832803299e-03 -2.1548200267e-02 9.9972654715e-01
   outer loop
     vertex 2.4995767470e+00 2.6400000000e-01 1.3061856214e-01
     vertex 2.5126605078e+00 2.6400000000e-01 1.3049968617e-01
     vertex 2.5368640932e+00 3.5200000000e-01 1.3217653838e-01
   endloop
 endfacet
 facet normal  1.5554145692e-02 -2.3325672252e-02 9.9960691352e-01
   outer loop
     vertex 2.5126605078e+00 2.6400000000e-01 1.3049968617e-01
     vertex 2.5451911969e+00 3.5200000000e-01 1.3204696646e-01
     vertex 2.5368640932e+00 3.5200000000e-01 1.3217653838e-01
   endloop
 endfacet
 facet normal  1.5554145692e-02 -2.3325672252e-02 9.9960691352e-01
   outer loop
     vertex 2.5126605078e+00 2.6400000000e-01 1.3049968617e-01
     vertex 2.5226232926e+00 2.6400000000e-01 1.3034466263e-01
     vertex 2.5451911969e+00 3.5200000000e-01 1.3204696646e-01
   endloop
 endfacet
 facet normal  2.0534473186e-02 -2.4600564017e-02 9.9948644196e-01
   outer loop
     vertex 2.5226232926e+00 2.6400000000e-01 1.3034466263e-01
     vertex 2.5512840818e+00 3.5200000000e-01 1.3192178800e-01
     vertex 2.5451911969e+00 3.5200000000e-01 1.3204696646e-01
   endloop
 endfacet
 facet normal  2.0534473186e-02 -2.4600564017e-02 9.9948644196e-01
   outer loop
     vertex 2.5226232926e+00 2.6400000000e-01 1.3034466263e-01
     vertex 2.5299129941e+00 2.6400000000e-01 1.3019489553e-01
     vertex 2.5512840818e+00 3.5200000000e-01 1.3192178800e-01
   endloop
 endfacet
 facet normal  2.4279865115e-02 -2.5508050429e-02 9.9937972138e-01
   outer loop
     vertex 2.5299129941e+00 2.6400000000e-01 1.3019489553e-01
     vertex 2.5556133772e+00 3.5200000000e-01 1.3181660805e-01
     vertex 2.5512840818e+00 3.5200000000e-01 1.3192178800e-01
   endloop
 endfacet
 facet normal  2.4279865115e-02 -2.5508050429e-02 9.9937972138e-01
   outer loop
     vertex 2.5299129941e+00 2.6400000000e-01 1.3019489553e-01
     vertex 2.5350926869e+00 2.6400000000e-01 1.3006905523e-01
     vertex 2.5556133772e+00 3.5200000000e-01 1.3181660805e-01
   endloop
 endfacet
 facet normal  2.6992137491e-02 -2.6138818910e-02 9.9929384400e-01
   outer loop
     vertex 2.5350926869e+00 2.6400000000e-01 1.3006905523e-01
     vertex 2.5586258883e+00 3.5200000000e-01 1.3173523647e-01
     vertex 2.5556133772e+00 3.5200000000e-01 1.3181660805e-01
   endloop
 endfacet
 facet normal  2.6992137491e-02 -2.6138818910e-02 9.9929384400e-01
   outer loop
     vertex 2.5350926869e+00 2.6400000000e-01 1.3006905523e-01
     vertex 2.5386969412e+00 2.6400000000e-01 1.2997169996e-01
     vertex 2.5586258883e+00 3.5200000000e-01 1.3173523647e-01
   endloop
 endfacet
 facet normal  2.0205596201e-01 -2.6138818910e-02 -9.7902510201e-01
   outer loop
     vertex 2.5586258883e+00 3.5200000000e-01 1.3173523647e-01
     vertex 2.5556744802e+00 3.5200000000e-01 1.3112611052e-01
     vertex 2.5785548354e+00 4.4000000000e-01 1.3349877299e-01
   endloop
 endfacet
 facet normal  2.0205596201e-01 -2.6138818910e-02 -9.7902510201e-01
   outer loop
     vertex 2.5785548354e+00 4.4000000000e-01 1.3349877299e-01
     vertex 2.5556744802e+00 3.5200000000e-01 1.3112611052e-01
     vertex 2.5761831682e+00 4.4000000000e-01 1.3300929678e-01
   endloop
 endfacet
 facet normal  1.9940091823e-01 -2.5508050429e-02 -9.7958593966e-01
   outer loop
     vertex 2.5556744802e+00 3.5200000000e-01 1.3112611052e-01
     vertex 2.5514309311e+00 3.5200000000e-01 1.3026230924e-01
     vertex 2.5761831682e+00 4.4000000000e-01 1.3300929678e-01
   endloop
 endfacet
 facet normal  1.9940091823e-01 -2.5508050429e-02 -9.7958593966e-01
   outer loop
     vertex 2.5761831682e+00 4.4000000000e-01 1.3300929678e-01
     vertex 2.5514309311e+00 3.5200000000e-01 1.3026230924e-01
     vertex 2.5727731734e+00 4.4000000000e-01 1.3231517075e-01
   endloop
 endfacet
 facet normal  1.9573246947e-01 -2.4600564017e-02 -9.8034871992e-01
   outer loop
     vertex 2.5514309311e+00 3.5200000000e-01 1.3026230924e-01
     vertex 2.5454547100e+00 3.5200000000e-01 1.2906912106e-01
     vertex 2.5727731734e+00 4.4000000000e-01 1.3231517075e-01
   endloop
 endfacet
 facet normal  1.9573246947e-01 -2.4600564017e-02 -9.8034871992e-01
   outer loop
     vertex 2.5727731734e+00 4.4000000000e-01 1.3231517075e-01
     vertex 2.5454547100e+00 3.5200000000e-01 1.2906912106e-01
     vertex 2.5679708529e+00 4.4000000000e-01 1.3135635882e-01
   endloop
 endfacet
 facet normal  1.9085069046e-01 -2.3325672252e-02 -9.8134190116e-01
   outer loop
     vertex 2.5454547100e+00 3.5200000000e-01 1.2906912106e-01
     vertex 2.5372797608e+00 3.5200000000e-01 1.2747926262e-01
     vertex 2.5679708529e+00 4.4000000000e-01 1.3135635882e-01
   endloop
 endfacet
 facet normal  1.9085069046e-01 -2.3325672252e-02 -9.8134190116e-01
   outer loop
     vertex 2.5679708529e+00 4.4000000000e-01 1.3135635882e-01
     vertex 2.5372797608e+00 3.5200000000e-01 1.2747926262e-01
     vertex 2.5614016972e+00 4.4000000000e-01 1.3007879400e-01
   endloop
 endfacet
 facet normal  1.8450138893e-01 -2.1548200267e-02 -9.8259600678e-01
   outer loop
     vertex 2.5372797608e+00 3.5200000000e-01 1.2747926262e-01
     vertex 2.5265314655e+00 3.5200000000e-01 1.2546106246e-01
     vertex 2.5614016972e+00 4.4000000000e-01 1.3007879400e-01
   endloop
 endfacet
 facet normal  1.8450138893e-01 -2.1548200267e-02 -9.8259600678e-01
   outer loop
     vertex 2.5614016972e+00 4.4000000000e-01 1.3007879400e-01
     vertex 2.5265314655e+00 3.5200000000e-01 1.2546106246e-01
     vertex 2.5527646742e+00 4.4000000000e-01 1.2845702601e-01
   endloop
 endfacet
 facet normal  1.7621700471e-01 -1.9025086248e-02 -9.8416747220e-01
   outer loop
     vertex 2.5265314655e+00 3.5200000000e-01 1.2546106246e-01
     vertex 2.5131121191e+00 3.5200000000e-01 1.2305830369e-01
     vertex 2.5527646742e+00 4.4000000000e-01 1.2845702601e-01
   endloop
 endfacet
 facet normal  1.7621700471e-01 -1.9025086248e-02 -9.8416747220e-01
   outer loop
     vertex 2.5527646742e+00 4.4000000000e-01 1.2845702601e-01
     vertex 2.5131121191e+00 3.5200000000e-01 1.2305830369e-01
     vertex 2.5419812708e+00 4.4000000000e-01 1.2652623772e-01
   endloop
 endfacet
 facet normal  1.6519574401e-01 -1.5331669405e-02 -9.8614162577e-01
   outer loop
     vertex 2.5131121191e+00 3.5200000000e-01 1.2305830369e-01
     vertex 2.4973976551e+00 3.5200000000e-01 1.2042585973e-01
     vertex 2.5419812708e+00 4.4000000000e-01 1.2652623772e-01
   endloop
 endfacet
 facet normal  1.6519574401e-01 -1.5331669405e-02 -9.8614162577e-01
   outer loop
     vertex 2.5419812708e+00 4.4000000000e-01 1.2652623772e-01
     vertex 2.4973976551e+00 3.5200000000e-01 1.2042585973e-01
     vertex 2.5293535766e+00 4.4000000000e-01 1.2441088097e-01
   endloop
 endfacet
 facet normal  1.5001820371e-01 -9.7072291431e-03 -9.8863557910e-01
   outer loop
     vertex 2.4973976551e+00 3.5200000000e-01 1.2042585973e-01
     vertex 2.4803153812e+00 3.5200000000e-01 1.1783374986e-01
     vertex 2.5293535766e+00 4.4000000000e-01 1.2441088097e-01
   endloop
 endfacet
 facet normal  1.5001820371e-01 -9.7072291431e-03 -9.8863557910e-01
   outer loop
     vertex 2.5293535766e+00 4.4000000000e-01 1.2441088097e-01
     vertex 2.4803153812e+00 3.5200000000e-01 1.1783374986e-01
     vertex 2.5156267494e+00 4.4000000000e-01 1.2232793553e-01
   endloop
 endfacet
 facet normal  1.2876222368e-01 -1.0227141681e-03 -9.9167496883e-01
   outer loop
     vertex 2.4803153812e+00 3.5200000000e-01 1.1783374986e-01
     vertex 2.5018585207e+00 4.4000000000e-01 1.2054022505e-01
     vertex 2.5156267494e+00 4.4000000000e-01 1.2232793553e-01
   endloop
 endfacet
 facet normal  1.2876222368e-01 -1.0227141681e-03 -9.9167496883e-01
   outer loop
     vertex 2.4803153812e+00 3.5200000000e-01 1.1783374986e-01
     vertex 2.4631815856e+00 3.5200000000e-01 1.1560904348e-01
     vertex 2.5018585207e+00 4.4000000000e-01 1.2054022505e-01
   endloop
 endfacet
 facet normal  9.9591213491e-02 1.1982127415e-02 -9.9495628990e-01
   outer loop
     vertex 2.4631815856e+00 3.5200000000e-01 1.1560904348e-01
     vertex 2.4891190288e+00 4.4000000000e-01 1.1926505199e-01
     vertex 2.5018585207e+00 4.4000000000e-01 1.2054022505e-01
   endloop
 endfacet
 facet normal  9.9591213491e-02 1.1982127415e-02 -9.9495628990e-01
   outer loop
     vertex 2.4631815856e+00 3.5200000000e-01 1.1560904348e-01
     vertex 2.4473279957e+00 3.5200000000e-01 1.1402216145e-01
     vertex 2.4891190288e+00 4.4000000000e-01 1.1926505199e-01
   endloop
 endfacet
 facet normal  6.1184505251e-02 3.0382717822e-02 -9.9766394481e-01
   outer loop
     vertex 2.4473279957e+00 3.5200000000e-01 1.1402216145e-01
     vertex 2.4781854504e+00 4.4000000000e-01 1.1859452000e-01
     vertex 2.4891190288e+00 4.4000000000e-01 1.1926505199e-01
   endloop
 endfacet
 facet normal  6.1184505251e-02 3.0382717822e-02 -9.9766394481e-01
   outer loop
     vertex 2.4473279957e+00 3.5200000000e-01 1.1402216145e-01
     vertex 2.4337217648e+00 3.5200000000e-01 1.1318772165e-01
     vertex 2.4781854504e+00 4.4000000000e-01 1.1859452000e-01
   endloop
 endfacet
 facet normal  1.1859138648e-02 5.5350317042e-02 -9.9839656612e-01
   outer loop
     vertex 2.4337217648e+00 3.5200000000e-01 1.1318772165e-01
     vertex 2.4693991953e+00 4.4000000000e-01 1.1849015524e-01
     vertex 2.4781854504e+00 4.4000000000e-01 1.1859452000e-01
   endloop
 endfacet
 facet normal  1.1859138648e-02 5.5350317042e-02 -9.9839656612e-01
   outer loop
     vertex 2.4337217648e+00 3.5200000000e-01 1.1318772165e-01
     vertex 2.4227877584e+00 3.5200000000e-01 1.1305784550e-01
     vertex 2.4693991953e+00 4.4000000000e-01 1.1849015524e-01
   endloop
 endfacet
 facet normal  -5.2587926952e-02 8.9253195524e-02 -9.9461971478e-01
   outer loop
     vertex 2.4227877584e+00 3.5200000000e-01 1.1305784550e-01
     vertex 2.4627178256e+00 4.4000000000e-01 1.1884341526e-01
     vertex 2.4693991953e+00 4.4000000000e-01 1.1849015524e-01
   endloop
 endfacet
 facet normal  -5.2587926952e-02 8.9253195524e-02 -9.9461971478e-01
   outer loop
     vertex 2.4227877584e+00 3.5200000000e-01 1.1305784550e-01
     vertex 2.4144731650e+00 3.5200000000e-01 1.1349745797e-01
     vertex 2.4627178256e+00 4.4000000000e-01 1.1884341526e-01
   endloop
 endfacet
 facet normal  -1.4482508825e-01 1.3891187939e-01 -9.7965768694e-01
   outer loop
     vertex 2.4144731650e+00 3.5200000000e-01 1.1349745797e-01
     vertex 2.4578761454e+00 4.4000000000e-01 1.1955917217e-01
     vertex 2.4627178256e+00 4.4000000000e-01 1.1884341526e-01
   endloop
 endfacet
 facet normal  -1.4482508825e-01 1.3891187939e-01 -9.7965768694e-01
   outer loop
     vertex 2.4144731650e+00 3.5200000000e-01 1.1349745797e-01
     vertex 2.4084479630e+00 3.5200000000e-01 1.1438817768e-01
     vertex 2.4578761454e+00 4.4000000000e-01 1.1955917217e-01
   endloop
 endfacet
 facet normal  -3.0613777776e-01 2.2628931962e-01 -9.2470146796e-01
   outer loop
     vertex 2.4084479630e+00 3.5200000000e-01 1.1438817768e-01
     vertex 2.4545816210e+00 4.4000000000e-01 1.2064987920e-01
     vertex 2.4578761454e+00 4.4000000000e-01 1.1955917217e-01
   endloop
 endfacet
 facet normal  -3.0613777776e-01 2.2628931962e-01 -9.2470146796e-01
   outer loop
     vertex 2.4084479630e+00 3.5200000000e-01 1.1438817768e-01
     vertex 2.4043481104e+00 3.5200000000e-01 1.1574550199e-01
     vertex 2.4545816210e+00 4.4000000000e-01 1.2064987920e-01
   endloop
 endfacet
 facet normal  -6.8012750302e-01 4.2166244462e-01 -5.9968938829e-01
   outer loop
     vertex 2.4043481104e+00 3.5200000000e-01 1.1574550199e-01
     vertex 2.4530452905e+00 4.4000000000e-01 1.2239228230e-01
     vertex 2.4545816210e+00 4.4000000000e-01 1.2064987920e-01
   endloop
 endfacet
 facet normal  -6.8012750302e-01 4.2166244462e-01 -5.9968938829e-01
   outer loop
     vertex 2.4043481104e+00 3.5200000000e-01 1.1574550199e-01
     vertex 2.4024362324e+00 3.5200000000e-01 1.1791382584e-01
     vertex 2.4530452905e+00 4.4000000000e-01 1.2239228230e-01
   endloop
 endfacet
 facet normal  -7.7486834848e-01 4.2166244462e-01 4.7093505424e-01
   outer loop
     vertex 2.4024362324e+00 3.5200000000e-01 1.1791382584e-01
     vertex 2.4039376269e+00 3.5200000000e-01 1.2038419429e-01
     vertex 2.4530452905e+00 4.4000000000e-01 1.2239228230e-01
   endloop
 endfacet
 facet normal  -7.7486834848e-01 4.2166244462e-01 4.7093505424e-01
   outer loop
     vertex 2.4530452905e+00 4.4000000000e-01 1.2239228230e-01
     vertex 2.4039376269e+00 3.5200000000e-01 1.2038419429e-01
     vertex 2.4542517682e+00 4.4000000000e-01 1.2437739981e-01
   endloop
 endfacet
 facet normal  -4.6376479860e-01 2.2628931962e-01 8.5657186237e-01
   outer loop
     vertex 2.4039376269e+00 3.5200000000e-01 1.2038419429e-01
     vertex 2.4077354130e+00 3.5200000000e-01 1.2244039016e-01
     vertex 2.4542517682e+00 4.4000000000e-01 1.2437739981e-01
   endloop
 endfacet
 facet normal  -4.6376479860e-01 2.2628931962e-01 8.5657186237e-01
   outer loop
     vertex 2.4542517682e+00 4.4000000000e-01 1.2437739981e-01
     vertex 2.4077354130e+00 3.5200000000e-01 1.2244039016e-01
     vertex 2.4573035606e+00 4.4000000000e-01 1.2602970006e-01
   endloop
 endfacet
 facet normal  -3.1460957197e-01 1.3891187939e-01 9.3900176091e-01
   outer loop
     vertex 2.4077354130e+00 3.5200000000e-01 1.2244039016e-01
     vertex 2.4135105684e+00 3.5200000000e-01 1.2437533769e-01
     vertex 2.4573035606e+00 4.4000000000e-01 1.2602970006e-01
   endloop
 endfacet
 facet normal  -3.1460957197e-01 1.3891187939e-01 9.3900176091e-01
   outer loop
     vertex 2.4573035606e+00 4.4000000000e-01 1.2602970006e-01
     vertex 2.4135105684e+00 3.5200000000e-01 1.2437533769e-01
     vertex 2.4619443104e+00 4.4000000000e-01 1.2758456861e-01
   endloop
 endfacet
 facet normal  -2.2643318947e-01 8.9253195524e-02 9.6992880037e-01
   outer loop
     vertex 2.4135105684e+00 3.5200000000e-01 1.2437533769e-01
     vertex 2.4216187563e+00 3.5200000000e-01 1.2626822184e-01
     vertex 2.4619443104e+00 4.4000000000e-01 1.2758456861e-01
   endloop
 endfacet
 facet normal  -2.2643318947e-01 8.9253195524e-02 9.6992880037e-01
   outer loop
     vertex 2.4619443104e+00 4.4000000000e-01 1.2758456861e-01
     vertex 2.4216187563e+00 3.5200000000e-01 1.2626822184e-01
     vertex 2.4684598186e+00 4.4000000000e-01 1.2910563623e-01
   endloop
 endfacet
 facet normal  -1.6365085450e-01 5.5350317042e-02 9.8496433449e-01
   outer loop
     vertex 2.4216187563e+00 3.5200000000e-01 1.2626822184e-01
     vertex 2.4324056587e+00 3.5200000000e-01 1.2806045506e-01
     vertex 2.4684598186e+00 4.4000000000e-01 1.2910563623e-01
   endloop
 endfacet
 facet normal  -1.6365085450e-01 5.5350317042e-02 9.8496433449e-01
   outer loop
     vertex 2.4684598186e+00 4.4000000000e-01 1.2910563623e-01
     vertex 2.4324056587e+00 3.5200000000e-01 1.2806045506e-01
     vertex 2.4771278652e+00 4.4000000000e-01 1.3054582364e-01
   endloop
 endfacet
 facet normal  -1.1496333564e-01 3.0382717822e-02 9.9290499138e-01
   outer loop
     vertex 2.4324056587e+00 3.5200000000e-01 1.2806045506e-01
     vertex 2.4459469866e+00 3.5200000000e-01 1.2962833541e-01
     vertex 2.4771278652e+00 4.4000000000e-01 1.3054582364e-01
   endloop
 endfacet
 facet normal  -1.1496333564e-01 3.0382717822e-02 9.9290499138e-01
   outer loop
     vertex 2.4771278652e+00 4.4000000000e-01 1.3054582364e-01
     vertex 2.4459469866e+00 3.5200000000e-01 1.2962833541e-01
     vertex 2.4880092894e+00 4.4000000000e-01 1.3180572749e-01
   endloop
 endfacet
 facet normal  -7.6677972197e-02 1.1982127415e-02 9.9698391020e-01
   outer loop
     vertex 2.4459469866e+00 3.5200000000e-01 1.2962833541e-01
     vertex 2.4618328845e+00 3.5200000000e-01 1.3085011885e-01
     vertex 2.4880092894e+00 4.4000000000e-01 1.3180572749e-01
   endloop
 endfacet
 facet normal  -7.6677972197e-02 1.1982127415e-02 9.9698391020e-01
   outer loop
     vertex 2.4880092894e+00 4.4000000000e-01 1.3180572749e-01
     vertex 2.4618328845e+00 3.5200000000e-01 1.3085011885e-01
     vertex 2.5007747430e+00 4.4000000000e-01 1.3278751776e-01
   endloop
 endfacet
 facet normal  -4.7384046870e-02 -1.0227141681e-03 9.9887622164e-01
   outer loop
     vertex 2.4618328845e+00 3.5200000000e-01 1.3085011885e-01
     vertex 2.4790911007e+00 3.5200000000e-01 1.3166880300e-01
     vertex 2.5007747430e+00 4.4000000000e-01 1.3278751776e-01
   endloop
 endfacet
 facet normal  -4.7384046870e-02 -1.0227141681e-03 9.9887622164e-01
   outer loop
     vertex 2.5007747430e+00 4.4000000000e-01 1.3278751776e-01
     vertex 2.4790911007e+00 3.5200000000e-01 1.3166880300e-01
     vertex 2.5146429525e+00 4.4000000000e-01 1.3344538895e-01
   endloop
 endfacet
 facet normal  -2.5924639421e-02 -9.7072291431e-03 9.9961676795e-01
   outer loop
     vertex 2.4790911007e+00 3.5200000000e-01 1.3166880300e-01
     vertex 2.5285222494e+00 4.4000000000e-01 1.3380534266e-01
     vertex 2.5146429525e+00 4.4000000000e-01 1.3344538895e-01
   endloop
 endfacet
 facet normal  -2.5924639421e-02 -9.7072291431e-03 9.9961676795e-01
   outer loop
     vertex 2.4790911007e+00 3.5200000000e-01 1.3166880300e-01
     vertex 2.4963631146e+00 3.5200000000e-01 1.3211674540e-01
     vertex 2.5285222494e+00 4.4000000000e-01 1.3380534266e-01
   endloop
 endfacet
 facet normal  -1.0544997175e-02 -1.5331669405e-02 9.9982685648e-01
   outer loop
     vertex 2.4963631146e+00 3.5200000000e-01 1.3211674540e-01
     vertex 2.5413251851e+00 4.4000000000e-01 1.3394037296e-01
     vertex 2.5285222494e+00 4.4000000000e-01 1.3380534266e-01
   endloop
 endfacet
 facet normal  -1.0544997175e-02 -1.5331669405e-02 9.9982685648e-01
   outer loop
     vertex 2.4963631146e+00 3.5200000000e-01 1.3211674540e-01
     vertex 2.5122956568e+00 3.5200000000e-01 1.3228478310e-01
     vertex 2.5413251851e+00 4.4000000000e-01 1.3394037296e-01
   endloop
 endfacet
 facet normal  6.5167217949e-04 -1.9025086248e-02 9.9981879429e-01
   outer loop
     vertex 2.5122956568e+00 3.5200000000e-01 1.3228478310e-01
     vertex 2.5522800781e+00 4.4000000000e-01 1.3393323267e-01
     vertex 2.5413251851e+00 4.4000000000e-01 1.3394037296e-01
   endloop
 endfacet
 facet normal  6.5167217949e-04 -1.9025086248e-02 9.9981879429e-01
   outer loop
     vertex 2.5122956568e+00 3.5200000000e-01 1.3228478310e-01
     vertex 2.5259284125e+00 3.5200000000e-01 1.3227589740e-01
     vertex 2.5522800781e+00 4.4000000000e-01 1.3393323267e-01
   endloop
 endfacet
 facet normal  9.0832803299e-03 -2.1548200267e-02 9.9972654715e-01
   outer loop
     vertex 2.5259284125e+00 3.5200000000e-01 1.3227589740e-01
     vertex 2.5610676786e+00 4.4000000000e-01 1.3385339059e-01
     vertex 2.5522800781e+00 4.4000000000e-01 1.3393323267e-01
   endloop
 endfacet
 facet normal  9.0832803299e-03 -2.1548200267e-02 9.9972654715e-01
   outer loop
     vertex 2.5259284125e+00 3.5200000000e-01 1.3227589740e-01
     vertex 2.5368640932e+00 3.5200000000e-01 1.3217653838e-01
     vertex 2.5610676786e+00 4.4000000000e-01 1.3385339059e-01
   endloop
 endfacet
 facet normal  1.5554145692e-02 -2.3325672252e-02 9.9960691352e-01
   outer loop
     vertex 2.5368640932e+00 3.5200000000e-01 1.3217653838e-01
     vertex 2.5677591013e+00 4.4000000000e-01 1.3374927030e-01
     vertex 2.5610676786e+00 4.4000000000e-01 1.3385339059e-01
   endloop
 endfacet
 facet normal  1.5554145692e-02 -2.3325672252e-02 9.9960691352e-01
   outer loop
     vertex 2.5368640932e+00 3.5200000000e-01 1.3217653838e-01
     vertex 2.5451911969e+00 3.5200000000e-01 1.3204696646e-01
     vertex 2.5677591013e+00 4.4000000000e-01 1.3374927030e-01
   endloop
 endfacet
 facet normal  2.0534473186e-02 -2.4600564017e-02 9.9948644196e-01
   outer loop
     vertex 2.5451911969e+00 3.5200000000e-01 1.3204696646e-01
     vertex 2.5726551695e+00 4.4000000000e-01 1.3364868046e-01
     vertex 2.5677591013e+00 4.4000000000e-01 1.3374927030e-01
   endloop
 endfacet
 facet normal  2.0534473186e-02 -2.4600564017e-02 9.9948644196e-01
   outer loop
     vertex 2.5451911969e+00 3.5200000000e-01 1.3204696646e-01
     vertex 2.5512840818e+00 3.5200000000e-01 1.3192178800e-01
     vertex 2.5726551695e+00 4.4000000000e-01 1.3364868046e-01
   endloop
 endfacet
 facet normal  2.4279865115e-02 -2.5508050429e-02 9.9937972138e-01
   outer loop
     vertex 2.5512840818e+00 3.5200000000e-01 1.3192178800e-01
     vertex 2.5761340676e+00 4.4000000000e-01 1.3356416086e-01
     vertex 2.5726551695e+00 4.4000000000e-01 1.3364868046e-01
   endloop
 endfacet
 facet normal  2.4279865115e-02 -2.5508050429e-02 9.9937972138e-01
   outer loop
     vertex 2.5512840818e+00 3.5200000000e-01 1.3192178800e-01
     vertex 2.5556133772e+00 3.5200000000e-01 1.3181660805e-01
     vertex 2.5761340676e+00 4.4000000000e-01 1.3356416086e-01
   endloop
 endfacet
 facet normal  2.6992137491e-02 -2.6138818910e-02 9.9929384400e-01
   outer loop
     vertex 2.5556133772e+00 3.5200000000e-01 1.3181660805e-01
     vertex 2.5785548354e+00 4.4000000000e-01 1.3349877299e-01
     vertex 2.5761340676e+00 4.4000000000e-01 1.3356416086e-01
   endloop
 endfacet
 facet normal  2.6992137491e-02 -2.6138818910e-02 9.9929384400e-01
   outer loop
     vertex 2.5556133772e+00 3.5200000000e-01 1.3181660805e-01
     vertex 2.5586258883e+00 3.5200000000e-01 1.3173523647e-01
     vertex 2.5785548354e+00 4.4000000000e-01 1.3349877299e-01
   endloop
 endfacet
 facet normal  0.0000000000e+00 1.0000000000e+00 -0.0000000000e+00
   outer loop
     vertex 2.5785548354e+00 4.4000000000e-01 1.3349877299e-01
     vertex 2.5761831682e+00 4.4000000000e-01 1.3300929678e-01
     vertex 2.5761708930e+00 4.4000000000e-01 1.3314801280e-01
   endloop
 endfacet
 facet normal  0.0000000000e+00 1.0000000000e+00 0.0000000000e+00
   outer loop
     vertex 2.5761831682e+00 4.4000000000e-01 1.3300929678e-01
     vertex 2.5727436724e+00 4.4000000000e-01 1.3264854818e-01
     vertex 2.5761708930e+00 4.4000000000e-01 1.3314801280e-01
   endloop
 endfacet
 facet normal  0.0000000000e+00 1.0000000000e+00 -0.0000000000e+00
   outer loop
     vertex 2.5761831682e+00 4.4000000000e-01 1.3300929678e-01
     vertex 2.5727731734e+00 4.4000000000e-01 1.3231517075e-01
     vertex 2.5727436724e+00 4.4000000000e-01 1.3264854818e-01
   endloop
 endfacet
 facet normal  1.1358554433e-14 1.0000000000e+00 1.0051321523e-15
   outer loop
     vertex 2.5727731734e+00 4.4000000000e-01 1.3231517075e-01
     vertex 2.5679179150e+00 4.4000000000e-01 1.3195458669e-01
     vertex 2.5727436724e+00 4.4000000000e-01 1.3264854818e-01
   endloop
 endfacet
 facet normal  1.1358554433e-14 1.0000000000e+00 1.0051321523e-15
   outer loop
     vertex 2.5727731734e+00 4.4000000000e-01 1.3231517075e-01
     vertex 2.5679708529e+00 4.4000000000e-01 1.3135635882e-01
     vertex 2.5679179150e+00 4.4000000000e-01 1.3195458669e-01
   endloop
 endfacet
 facet normal  8.3073055664e-15 1.0000000000e+00 7.3512346775e-16
   outer loop
     vertex 2.5679708529e+00 4.4000000000e-01 1.3135635882e-01
     vertex 2.5613181926e+00 4.4000000000e-01 1.3102244315e-01
     vertex 2.5679179150e+00 4.4000000000e-01 1.3195458669e-01
   endloop
 endfacet
 facet normal  8.3073055664e-15 1.0000000000e+00 7.3512346776e-16
   outer loop
     vertex 2.5679708529e+00 4.4000000000e-01 1.3135635882e-01
     vertex 2.5614016972e+00 4.4000000000e-01 1.3007879400e-01
     vertex 2.5613181926e+00 4.4000000000e-01 1.3102244315e-01
   endloop
 endfacet
 facet normal  -1.2644138384e-14 1.0000000000e+00 -1.1188950233e-15
   outer loop
     vertex 2.5614016972e+00 4.4000000000e-01 1.3007879400e-01
     vertex 2.5526435252e+00 4.4000000000e-01 1.2982607768e-01
     vertex 2.5613181926e+00 4.4000000000e-01 1.3102244315e-01
   endloop
 endfacet
 facet normal  -1.2644138384e-14 1.0000000000e+00 -1.1188950233e-15
   outer loop
     vertex 2.5614016972e+00 4.4000000000e-01 1.3007879400e-01
     vertex 2.5527646742e+00 4.4000000000e-01 1.2845702601e-01
     vertex 2.5526435252e+00 4.4000000000e-01 1.2982607768e-01
   endloop
 endfacet
 facet normal  0.0000000000e+00 1.0000000000e+00 0.0000000000e+00
   outer loop
     vertex 2.5527646742e+00 4.4000000000e-01 1.2845702601e-01
     vertex 2.5418172494e+00 4.4000000000e-01 1.2837977153e-01
     vertex 2.5526435252e+00 4.4000000000e-01 1.2982607768e-01
   endloop
 endfacet
 facet normal  0.0000000000e+00 1.0000000000e+00 -0.0000000000e+00
   outer loop
     vertex 2.5527646742e+00 4.4000000000e-01 1.2845702601e-01
     vertex 2.5419812708e+00 4.4000000000e-01 1.2652623772e-01
     vertex 2.5418172494e+00 4.4000000000e-01 1.2837977153e-01
   endloop
 endfacet
 facet normal  -0.0000000000e+00 1.0000000000e+00 0.0000000000e+00
   outer loop
     vertex 2.5419812708e+00 4.4000000000e-01 1.2652623772e-01
     vertex 2.5291457448e+00 4.4000000000e-01 1.2675949639e-01
     vertex 2.5418172494e+00 4.4000000000e-01 1.2837977153e-01
   endloop
 endfacet
 facet normal  0.0000000000e+00 1.0000000000e+00 -0.0000000000e+00
   outer loop
     vertex 2.5419812708e+00 4.4000000000e-01 1.2652623772e-01
     vertex 2.5293535766e+00 4.4000000000e-01 1.2441088097e-01
     vertex 2.5291457448e+00 4.4000000000e-01 1.2675949639e-01
   endloop
 endfacet
 facet normal  -0.0000000000e+00 1.0000000000e+00 0.0000000000e+00
   outer loop
     vertex 2.5293535766e+00 4.4000000000e-01 1.2441088097e-01
     vertex 2.5153808001e+00 4.4000000000e-01 1.2510729888e-01
     vertex 2.5291457448e+00 4.4000000000e-01 1.2675949639e-01
   endloop
 endfacet
 facet normal  0.0000000000e+00 1.0000000000e+00 -0.0000000000e+00
   outer loop
     vertex 2.5293535766e+00 4.4000000000e-01 1.2441088097e-01
     vertex 2.5156267494e+00 4.4000000000e-01 1.2232793553e-01
     vertex 2.5153808001e+00 4.4000000000e-01 1.2510729888e-01
   endloop
 endfacet
 facet normal  0.0000000000e+00 1.0000000000e+00 0.0000000000e+00
   outer loop
     vertex 2.5156267494e+00 4.4000000000e-01 1.2232793553e-01
     vertex 2.5018585207e+00 4.4000000000e-01 1.2054022505e-01
     vertex 2.5153808001e+00 4.4000000000e-01 1.2510729888e-01
   endloop
 endfacet
 facet normal  0.0000000000e+00 1.0000000000e+00 -0.0000000000e+00
   outer loop
     vertex 2.5153808001e+00 4.4000000000e-01 1.2510729888e-01
     vertex 2.5018585207e+00 4.4000000000e-01 1.2054022505e-01
     vertex 2.5015875763e+00 4.4000000000e-01 1.2360204822e-01
   endloop
 endfacet
 facet normal  4.3191496240e-15 1.0000000000e+00 3.8220674850e-16
   outer loop
     vertex 2.5018585207e+00 4.4000000000e-01 1.2054022505e-01
     vertex 2.4891190288e+00 4.4000000000e-01 1.1926505199e-01
     vertex 2.5015875763e+00 4.4000000000e-01 1.2360204822e-01
   endloop
 endfacet
 facet normal  4.3191496240e-15 1.0000000000e+00 3.8220674850e-16
   outer loop
     vertex 2.5015875763e+00 4.4000000000e-01 1.2360204822e-01
     vertex 2.4891190288e+00 4.4000000000e-01 1.1926505199e-01
     vertex 2.4888415940e+00 4.4000000000e-01 1.2240022086e-01
   endloop
 endfacet
 facet normal  -5.0497209509e-15 1.0000000000e+00 -4.4685588449e-16
   outer loop
     vertex 2.4891190288e+00 4.4000000000e-01 1.1926505199e-01
     vertex 2.4781854504e+00 4.4000000000e-01 1.1859452000e-01
     vertex 2.4888415940e+00 4.4000000000e-01 1.2240022086e-01
   endloop
 endfacet
 facet normal  -5.0497209509e-15 1.0000000000e+00 -4.4685588449e-16
   outer loop
     vertex 2.4888415940e+00 4.4000000000e-01 1.2240022086e-01
     vertex 2.4781854504e+00 4.4000000000e-01 1.1859452000e-01
     vertex 2.4779210541e+00 4.4000000000e-01 1.2158234591e-01
   endloop
 endfacet
 facet normal  -6.3113195566e-15 1.0000000000e+00 -5.5849626349e-16
   outer loop
     vertex 2.4781854504e+00 4.4000000000e-01 1.1859452000e-01
     vertex 2.4693991953e+00 4.4000000000e-01 1.1849015524e-01
     vertex 2.4779210541e+00 4.4000000000e-01 1.2158234591e-01
   endloop
 endfacet
 facet normal  -6.3113195566e-15 1.0000000000e+00 -5.5849626349e-16
   outer loop
     vertex 2.4779210541e+00 4.4000000000e-01 1.2158234591e-01
     vertex 2.4693991953e+00 4.4000000000e-01 1.1849015524e-01
     vertex 2.4691643511e+00 4.4000000000e-01 1.2114402549e-01
   endloop
 endfacet
 facet normal  8.3474044108e-15 1.0000000000e+00 7.3867186275e-16
   outer loop
     vertex 2.4693991953e+00 4.4000000000e-01 1.1849015524e-01
     vertex 2.4627178256e+00 4.4000000000e-01 1.1884341526e-01
     vertex 2.4691643511e+00 4.4000000000e-01 1.2114402549e-01
   endloop
 endfacet
 facet normal  8.3474044108e-15 1.0000000000e+00 7.3867186275e-16
   outer loop
     vertex 2.4691643511e+00 4.4000000000e-01 1.2114402549e-01
     vertex 2.4627178256e+00 4.4000000000e-01 1.1884341526e-01
     vertex 2.4625244468e+00 4.4000000000e-01 1.2102870360e-01
   endloop
 endfacet
 facet normal  -0.0000000000e+00 1.0000000000e+00 0.0000000000e+00
   outer loop
     vertex 2.4627178256e+00 4.4000000000e-01 1.1884341526e-01
     vertex 2.4578761454e+00 4.4000000000e-01 1.1955917217e-01
     vertex 2.4625244468e+00 4.4000000000e-01 1.2102870360e-01
   endloop
 endfacet
 facet normal  0.0000000000e+00 1.0000000000e+00 -0.0000000000e+00
   outer loop
     vertex 2.4625244468e+00 4.4000000000e-01 1.2102870360e-01
     vertex 2.4578761454e+00 4.4000000000e-01 1.1955917217e-01
     vertex 2.4577329992e+00 4.4000000000e-01 1.2117680414e-01
   endloop
 endfacet
 facet normal  -0.0000000000e+00 1.0000000000e+00 0.0000000000e+00
   outer loop
     vertex 2.4578761454e+00 4.4000000000e-01 1.1955917217e-01
     vertex 2.4545816210e+00 4.4000000000e-01 1.2064987920e-01
     vertex 2.4577329992e+00 4.4000000000e-01 1.2117680414e-01
   endloop
 endfacet
 facet normal  0.0000000000e+00 1.0000000000e+00 -0.0000000000e+00
   outer loop
     vertex 2.4577329992e+00 4.4000000000e-01 1.2117680414e-01
     vertex 2.4545816210e+00 4.4000000000e-01 1.2064987920e-01
     vertex 2.4544991578e+00 4.4000000000e-01 1.2158175936e-01
   endloop
 endfacet
 facet normal  0.0000000000e+00 1.0000000000e+00 0.0000000000e+00
   outer loop
     vertex 2.4545816210e+00 4.4000000000e-01 1.2064987920e-01
     vertex 2.4530452905e+00 4.4000000000e-01 1.2239228230e-01
     vertex 2.4544991578e+00 4.4000000000e-01 1.2158175936e-01
   endloop
 endfacet
 facet normal  0.0000000000e+00 1.0000000000e+00 0.0000000000e+00
   outer loop
     vertex 2.4530452905e+00 4.4000000000e-01 1.2239228230e-01
     vertex 2.4542517682e+00 4.4000000000e-01 1.2437739981e-01
     vertex 2.4543342314e+00 4.4000000000e-01 1.2344551966e-01
   endloop
 endfacet
 facet normal  0.0000000000e+00 1.0000000000e+00 0.0000000000e+00
   outer loop
     vertex 2.4542517682e+00 4.4000000000e-01 1.2437739981e-01
     vertex 2.4574467068e+00 4.4000000000e-01 1.2441206809e-01
     vertex 2.4543342314e+00 4.4000000000e-01 1.2344551966e-01
   endloop
 endfacet
 facet normal  0.0000000000e+00 1.0000000000e+00 0.0000000000e+00
   outer loop
     vertex 2.4542517682e+00 4.4000000000e-01 1.2437739981e-01
     vertex 2.4573035606e+00 4.4000000000e-01 1.2602970006e-01
     vertex 2.4574467068e+00 4.4000000000e-01 1.2441206809e-01
   endloop
 endfacet
 facet normal  -2.3234482309e-14 1.0000000000e+00 -2.0560473031e-15
   outer loop
     vertex 2.4573035606e+00 4.4000000000e-01 1.2602970006e-01
     vertex 2.4621376892e+00 4.4000000000e-01 1.2539928027e-01
     vertex 2.4574467068e+00 4.4000000000e-01 1.2441206809e-01
   endloop
 endfacet
 facet normal  -2.3234482309e-14 1.0000000000e+00 -2.0560473031e-15
   outer loop
     vertex 2.4573035606e+00 4.4000000000e-01 1.2602970006e-01
     vertex 2.4619443104e+00 4.4000000000e-01 1.2758456861e-01
     vertex 2.4621376892e+00 4.4000000000e-01 1.2539928027e-01
   endloop
 endfacet
 facet normal  8.3474044108e-15 1.0000000000e+00 7.3867186275e-16
   outer loop
     vertex 2.4619443104e+00 4.4000000000e-01 1.2758456861e-01
     vertex 2.4686946628e+00 4.4000000000e-01 1.2645176598e-01
     vertex 2.4621376892e+00 4.4000000000e-01 1.2539928027e-01
   endloop
 endfacet
 facet normal  8.3474044108e-15 1.0000000000e+00 7.3867186275e-16
   outer loop
     vertex 2.4619443104e+00 4.4000000000e-01 1.2758456861e-01
     vertex 2.4684598186e+00 4.4000000000e-01 1.2910563623e-01
     vertex 2.4686946628e+00 4.4000000000e-01 1.2645176598e-01
   endloop
 endfacet
 facet normal  0.0000000000e+00 1.0000000000e+00 0.0000000000e+00
   outer loop
     vertex 2.4684598186e+00 4.4000000000e-01 1.2910563623e-01
     vertex 2.4773922615e+00 4.4000000000e-01 1.2755799773e-01
     vertex 2.4686946628e+00 4.4000000000e-01 1.2645176598e-01
   endloop
 endfacet
 facet normal  0.0000000000e+00 1.0000000000e+00 0.0000000000e+00
   outer loop
     vertex 2.4684598186e+00 4.4000000000e-01 1.2910563623e-01
     vertex 2.4771278652e+00 4.4000000000e-01 1.3054582364e-01
     vertex 2.4773922615e+00 4.4000000000e-01 1.2755799773e-01
   endloop
 endfacet
 facet normal  5.0497209509e-15 1.0000000000e+00 4.4685588449e-16
   outer loop
     vertex 2.4771278652e+00 4.4000000000e-01 1.3054582364e-01
     vertex 2.4882867242e+00 4.4000000000e-01 1.2867055861e-01
     vertex 2.4773922615e+00 4.4000000000e-01 1.2755799773e-01
   endloop
 endfacet
 facet normal  5.0497209509e-15 1.0000000000e+00 4.4685588449e-16
   outer loop
     vertex 2.4771278652e+00 4.4000000000e-01 1.3054582364e-01
     vertex 2.4880092894e+00 4.4000000000e-01 1.3180572749e-01
     vertex 2.4882867242e+00 4.4000000000e-01 1.2867055861e-01
   endloop
 endfacet
 facet normal  0.0000000000e+00 1.0000000000e+00 0.0000000000e+00
   outer loop
     vertex 2.4880092894e+00 4.4000000000e-01 1.3180572749e-01
     vertex 2.5010456875e+00 4.4000000000e-01 1.2972569458e-01
     vertex 2.4882867242e+00 4.4000000000e-01 1.2867055861e-01
   endloop
 endfacet
 facet normal  0.0000000000e+00 1.0000000000e+00 0.0000000000e+00
   outer loop
     vertex 2.4880092894e+00 4.4000000000e-01 1.3180572749e-01
     vertex 2.5007747430e+00 4.4000000000e-01 1.3278751776e-01
     vertex 2.5010456875e+00 4.4000000000e-01 1.2972569458e-01
   endloop
 endfacet
 facet normal  0.0000000000e+00 1.0000000000e+00 0.0000000000e+00
   outer loop
     vertex 2.5007747430e+00 4.4000000000e-01 1.3278751776e-01
     vertex 2.5148889017e+00 4.4000000000e-01 1.3066602559e-01
     vertex 2.5010456875e+00 4.4000000000e-01 1.2972569458e-01
   endloop
 endfacet
 facet normal  0.0000000000e+00 1.0000000000e+00 0.0000000000e+00
   outer loop
     vertex 2.5007747430e+00 4.4000000000e-01 1.3278751776e-01
     vertex 2.5146429525e+00 4.4000000000e-01 1.3344538895e-01
     vertex 2.5148889017e+00 4.4000000000e-01 1.3066602559e-01
   endloop
 endfacet
 facet normal  0.0000000000e+00 1.0000000000e+00 0.0000000000e+00
   outer loop
     vertex 2.5146429525e+00 4.4000000000e-01 1.3344538895e-01
     vertex 2.5285222494e+00 4.4000000000e-01 1.3380534266e-01
     vertex 2.5148889017e+00 4.4000000000e-01 1.3066602559e-01
   endloop
 endfacet
 facet normal  0.0000000000e+00 1.0000000000e+00 0.0000000000e+00
   outer loop
     vertex 2.5148889017e+00 4.4000000000e-01 1.3066602559e-01
     vertex 2.5285222494e+00 4.4000000000e-01 1.3380534266e-01
     vertex 2.5287300812e+00 4.4000000000e-01 1.3145672724e-01
   endloop
 endfacet
 facet normal  -4.3317714172e-15 1.0000000000e+00 -3.8332366617e-16
   outer loop
     vertex 2.5285222494e+00 4.4000000000e-01 1.3380534266e-01
     vertex 2.5413251851e+00 4.4000000000e-01 1.3394037296e-01
     vertex 2.5287300812e+00 4.4000000000e-01 1.3145672724e-01
   endloop
 endfacet
 facet normal  -4.3317714172e-15 1.0000000000e+00 -3.8332366617e-16
   outer loop
     vertex 2.5287300812e+00 4.4000000000e-01 1.3145672724e-01
     vertex 2.5413251851e+00 4.4000000000e-01 1.3394037296e-01
     vertex 2.5414892065e+00 4.4000000000e-01 1.3208683915e-01
   endloop
 endfacet
 facet normal  0.0000000000e+00 1.0000000000e+00 0.0000000000e+00
   outer loop
     vertex 2.5413251851e+00 4.4000000000e-01 1.3394037296e-01
     vertex 2.5522800781e+00 4.4000000000e-01 1.3393323267e-01
     vertex 2.5414892065e+00 4.4000000000e-01 1.3208683915e-01
   endloop
 endfacet
 facet normal  0.0000000000e+00 1.0000000000e+00 0.0000000000e+00
   outer loop
     vertex 2.5414892065e+00 4.4000000000e-01 1.3208683915e-01
     vertex 2.5522800781e+00 4.4000000000e-01 1.3393323267e-01
     vertex 2.5524012271e+00 4.4000000000e-01 1.3256418100e-01
   endloop
 endfacet
 facet normal  0.0000000000e+00 1.0000000000e+00 0.0000000000e+00
   outer loop
     vertex 2.5522800781e+00 4.4000000000e-01 1.3393323267e-01
     vertex 2.5610676786e+00 4.4000000000e-01 1.3385339059e-01
     vertex 2.5524012271e+00 4.4000000000e-01 1.3256418100e-01
   endloop
 endfacet
 facet normal  0.0000000000e+00 1.0000000000e+00 0.0000000000e+00
   outer loop
     vertex 2.5524012271e+00 4.4000000000e-01 1.3256418100e-01
     vertex 2.5610676786e+00 4.4000000000e-01 1.3385339059e-01
     vertex 2.5611511833e+00 4.4000000000e-01 1.3290974144e-01
   endloop
 endfacet
 facet normal  1.6614611133e-14 1.0000000000e+00 1.4702469355e-15
   outer loop
     vertex 2.5610676786e+00 4.4000000000e-01 1.3385339059e-01
     vertex 2.5677591013e+00 4.4000000000e-01 1.3374927030e-01
     vertex 2.5611511833e+00 4.4000000000e-01 1.3290974144e-01
   endloop
 endfacet
 facet normal  1.6614611133e-14 1.0000000000e+00 1.4702469355e-15
   outer loop
     vertex 2.5611511833e+00 4.4000000000e-01 1.3290974144e-01
     vertex 2.5677591013e+00 4.4000000000e-01 1.3374927030e-01
     vertex 2.5678120392e+00 4.4000000000e-01 1.3315104243e-01
   endloop
 endfacet
 facet normal  0.0000000000e+00 1.0000000000e+00 0.0000000000e+00
   outer loop
     vertex 2.5677591013e+00 4.4000000000e-01 1.3374927030e-01
     vertex 2.5726551695e+00 4.4000000000e-01 1.3364868046e-01
     vertex 2.5678120392e+00 4.4000000000e-01 1.3315104243e-01
   endloop
 endfacet
 facet normal  0.0000000000e+00 1.0000000000e+00 0.0000000000e+00
   outer loop
     vertex 2.5678120392e+00 4.4000000000e-01 1.3315104243e-01
     vertex 2.5726551695e+00 4.4000000000e-01 1.3364868046e-01
     vertex 2.5726846704e+00 4.4000000000e-01 1.3331530303e-01
   endloop
 endfacet
 facet normal  -1.5990911305e-14 1.0000000000e+00 -1.4150549871e-15
   outer loop
     vertex 2.5726551695e+00 4.4000000000e-01 1.3364868046e-01
     vertex 2.5761340676e+00 4.4000000000e-01 1.3356416086e-01
     vertex 2.5726846704e+00 4.4000000000e-01 1.3331530303e-01
   endloop
 endfacet
 facet normal  -1.5990911305e-14 1.0000000000e+00 -1.4150549871e-15
   outer loop
     vertex 2.5726846704e+00 4.4000000000e-01 1.3331530303e-01
     vertex 2.5761340676e+00 4.4000000000e-01 1.3356416086e-01
     vertex 2.5761463427e+00 4.4000000000e-01 1.3342544484e-01
   endloop
 endfacet
 facet normal  0.0000000000e+00 1.0000000000e+00 0.0000000000e+00
   outer loop
     vertex 2.5761340676e+00 4.4000000000e-01 1.3356416086e-01
     vertex 2.5785548354e+00 4.4000000000e-01 1.3349877299e-01
     vertex 2.5761463427e+00 4.4000000000e-01 1.3342544484e-01
   endloop
 endfacet
 facet normal  0.0000000000e+00 1.0000000000e+00 -0.0000000000e+00
   outer loop
     vertex 2.5785548354e+00 4.4000000000e-01 1.3349877299e-01
     vertex 2.5761708930e+00 4.4000000000e-01 1.3314801280e-01
     vertex 2.5761586179e+00 4.4000000000e-01 1.3328672882e-01
   endloop
 endfacet
 facet normal  0.0000000000e+00 1.0000000000e+00 0.0000000000e+00
   outer loop
     vertex 2.5761708930e+00 4.4000000000e-01 1.3314801280e-01
     vertex 2.5727141714e+00 4.4000000000e-01 1.3298192561e-01
     vertex 2.5761586179e+00 4.4000000000e-01 1.3328672882e-01
   endloop
 endfacet
 facet normal  0.0000000000e+00 1.0000000000e+00 -0.0000000000e+00
   outer loop
     vertex 2.5761708930e+00 4.4000000000e-01 1.3314801280e-01
     vertex 2.5727436724e+00 4.4000000000e-01 1.3264854818e-01
     vertex 2.5727141714e+00 4.4000000000e-01 1.3298192561e-01
   endloop
 endfacet
 facet normal  1.1358554433e-14 1.0000000000e+00 1.0051321523e-15
   outer loop
     vertex 2.5727436724e+00 4.4000000000e-01 1.3264854818e-01
     vertex 2.5678649771e+00 4.4000000000e-01 1.3255281456e-01
     vertex 2.5727141714e+00 4.4000000000e-01 1.3298192561e-01
   endloop
 endfacet
 facet normal  1.1358554433e-14 1.0000000000e+00 1.0051321523e-15
   outer loop
     vertex 2.5727436724e+00 4.4000000000e-01 1.3264854818e-01
     vertex 2.5679179150e+00 4.4000000000e-01 1.3195458669e-01
     vertex 2.5678649771e+00 4.4000000000e-01 1.3255281456e-01
   endloop
 endfacet
 facet normal  8.3073055664e-15 1.0000000000e+00 7.3512346776e-16
   outer loop
     vertex 2.5679179150e+00 4.4000000000e-01 1.3195458669e-01
     vertex 2.5612346879e+00 4.4000000000e-01 1.3196609230e-01
     vertex 2.5678649771e+00 4.4000000000e-01 1.3255281456e-01
   endloop
 endfacet
 facet normal  8.3073055664e-15 1.0000000000e+00 7.3512346776e-16
   outer loop
     vertex 2.5679179150e+00 4.4000000000e-01 1.3195458669e-01
     vertex 2.5613181926e+00 4.4000000000e-01 1.3102244315e-01
     vertex 2.5612346879e+00 4.4000000000e-01 1.3196609230e-01
   endloop
 endfacet
 facet normal  -1.2644138384e-14 1.0000000000e+00 -1.1188950233e-15
   outer loop
     vertex 2.5613181926e+00 4.4000000000e-01 1.3102244315e-01
     vertex 2.5525223761e+00 4.4000000000e-01 1.3119512934e-01
     vertex 2.5612346879e+00 4.4000000000e-01 1.3196609230e-01
   endloop
 endfacet
 facet normal  -1.2644138384e-14 1.0000000000e+00 -1.1188950233e-15
   outer loop
     vertex 2.5613181926e+00 4.4000000000e-01 1.3102244315e-01
     vertex 2.5526435252e+00 4.4000000000e-01 1.2982607768e-01
     vertex 2.5525223761e+00 4.4000000000e-01 1.3119512934e-01
   endloop
 endfacet
 facet normal  -0.0000000000e+00 1.0000000000e+00 0.0000000000e+00
   outer loop
     vertex 2.5526435252e+00 4.4000000000e-01 1.2982607768e-01
     vertex 2.5416532280e+00 4.4000000000e-01 1.3023330534e-01
     vertex 2.5525223761e+00 4.4000000000e-01 1.3119512934e-01
   endloop
 endfacet
 facet normal  0.0000000000e+00 1.0000000000e+00 -0.0000000000e+00
   outer loop
     vertex 2.5526435252e+00 4.4000000000e-01 1.2982607768e-01
     vertex 2.5418172494e+00 4.4000000000e-01 1.2837977153e-01
     vertex 2.5416532280e+00 4.4000000000e-01 1.3023330534e-01
   endloop
 endfacet
 facet normal  -0.0000000000e+00 1.0000000000e+00 0.0000000000e+00
   outer loop
     vertex 2.5418172494e+00 4.4000000000e-01 1.2837977153e-01
     vertex 2.5289379130e+00 4.4000000000e-01 1.2910811181e-01
     vertex 2.5416532280e+00 4.4000000000e-01 1.3023330534e-01
   endloop
 endfacet
 facet normal  0.0000000000e+00 1.0000000000e+00 -0.0000000000e+00
   outer loop
     vertex 2.5418172494e+00 4.4000000000e-01 1.2837977153e-01
     vertex 2.5291457448e+00 4.4000000000e-01 1.2675949639e-01
     vertex 2.5289379130e+00 4.4000000000e-01 1.2910811181e-01
   endloop
 endfacet
 facet normal  -0.0000000000e+00 1.0000000000e+00 0.0000000000e+00
   outer loop
     vertex 2.5291457448e+00 4.4000000000e-01 1.2675949639e-01
     vertex 2.5151348509e+00 4.4000000000e-01 1.2788666224e-01
     vertex 2.5289379130e+00 4.4000000000e-01 1.2910811181e-01
   endloop
 endfacet
 facet normal  0.0000000000e+00 1.0000000000e+00 -0.0000000000e+00
   outer loop
     vertex 2.5291457448e+00 4.4000000000e-01 1.2675949639e-01
     vertex 2.5153808001e+00 4.4000000000e-01 1.2510729888e-01
     vertex 2.5151348509e+00 4.4000000000e-01 1.2788666224e-01
   endloop
 endfacet
 facet normal  0.0000000000e+00 1.0000000000e+00 0.0000000000e+00
   outer loop
     vertex 2.5153808001e+00 4.4000000000e-01 1.2510729888e-01
     vertex 2.5015875763e+00 4.4000000000e-01 1.2360204822e-01
     vertex 2.5151348509e+00 4.4000000000e-01 1.2788666224e-01
   endloop
 endfacet
 facet normal  0.0000000000e+00 1.0000000000e+00 -0.0000000000e+00
   outer loop
     vertex 2.5151348509e+00 4.4000000000e-01 1.2788666224e-01
     vertex 2.5015875763e+00 4.4000000000e-01 1.2360204822e-01
     vertex 2.5013166319e+00 4.4000000000e-01 1.2666387140e-01
   endloop
 endfacet
 facet normal  4.3191496240e-15 1.0000000000e+00 3.8220674850e-16
   outer loop
     vertex 2.5015875763e+00 4.4000000000e-01 1.2360204822e-01
     vertex 2.4888415940e+00 4.4000000000e-01 1.2240022086e-01
     vertex 2.5013166319e+00 4.4000000000e-01 1.2666387140e-01
   endloop
 endfacet
 facet normal  4.3191496240e-15 1.0000000000e+00 3.8220674850e-16
   outer loop
     vertex 2.5013166319e+00 4.4000000000e-01 1.2666387140e-01
     vertex 2.4888415940e+00 4.4000000000e-01 1.2240022086e-01
     vertex 2.4885641591e+00 4.4000000000e-01 1.2553538974e-01
   endloop
 endfacet
 facet normal  -5.0497209509e-15 1.0000000000e+00 -4.4685588449e-16
   outer loop
     vertex 2.4888415940e+00 4.4000000000e-01 1.2240022086e-01
     vertex 2.4779210541e+00 4.4000000000e-01 1.2158234591e-01
     vertex 2.4885641591e+00 4.4000000000e-01 1.2553538974e-01
   endloop
 endfacet
 facet normal  -5.0497209509e-15 1.0000000000e+00 -4.4685588449e-16
   outer loop
     vertex 2.4885641591e+00 4.4000000000e-01 1.2553538974e-01
     vertex 2.4779210541e+00 4.4000000000e-01 1.2158234591e-01
     vertex 2.4776566578e+00 4.4000000000e-01 1.2457017182e-01
   endloop
 endfacet
 facet normal  -6.3113195566e-15 1.0000000000e+00 -5.5849626349e-16
   outer loop
     vertex 2.4779210541e+00 4.4000000000e-01 1.2158234591e-01
     vertex 2.4691643511e+00 4.4000000000e-01 1.2114402549e-01
     vertex 2.4776566578e+00 4.4000000000e-01 1.2457017182e-01
   endloop
 endfacet
 facet normal  -6.3113195566e-15 1.0000000000e+00 -5.5849626349e-16
   outer loop
     vertex 2.4776566578e+00 4.4000000000e-01 1.2457017182e-01
     vertex 2.4691643511e+00 4.4000000000e-01 1.2114402549e-01
     vertex 2.4689295069e+00 4.4000000000e-01 1.2379789574e-01
   endloop
 endfacet
 facet normal  8.3474044108e-15 1.0000000000e+00 7.3867186275e-16
   outer loop
     vertex 2.4691643511e+00 4.4000000000e-01 1.2114402549e-01
     vertex 2.4625244468e+00 4.4000000000e-01 1.2102870360e-01
     vertex 2.4689295069e+00 4.4000000000e-01 1.2379789574e-01
   endloop
 endfacet
 facet normal  8.3474044108e-15 1.0000000000e+00 7.3867186275e-16
   outer loop
     vertex 2.4689295069e+00 4.4000000000e-01 1.2379789574e-01
     vertex 2.4625244468e+00 4.4000000000e-01 1.2102870360e-01
     vertex 2.4623310680e+00 4.4000000000e-01 1.2321399194e-01
   endloop
 endfacet
 facet normal  -0.0000000000e+00 1.0000000000e+00 0.0000000000e+00
   outer loop
     vertex 2.4625244468e+00 4.4000000000e-01 1.2102870360e-01
     vertex 2.4577329992e+00 4.4000000000e-01 1.2117680414e-01
     vertex 2.4623310680e+00 4.4000000000e-01 1.2321399194e-01
   endloop
 endfacet
 facet normal  0.0000000000e+00 1.0000000000e+00 -0.0000000000e+00
   outer loop
     vertex 2.4623310680e+00 4.4000000000e-01 1.2321399194e-01
     vertex 2.4577329992e+00 4.4000000000e-01 1.2117680414e-01
     vertex 2.4575898530e+00 4.4000000000e-01 1.2279443612e-01
   endloop
 endfacet
 facet normal  -0.0000000000e+00 1.0000000000e+00 0.0000000000e+00
   outer loop
     vertex 2.4577329992e+00 4.4000000000e-01 1.2117680414e-01
     vertex 2.4544991578e+00 4.4000000000e-01 1.2158175936e-01
     vertex 2.4575898530e+00 4.4000000000e-01 1.2279443612e-01
   endloop
 endfacet
 facet normal  0.0000000000e+00 1.0000000000e+00 -0.0000000000e+00
   outer loop
     vertex 2.4575898530e+00 4.4000000000e-01 1.2279443612e-01
     vertex 2.4544991578e+00 4.4000000000e-01 1.2158175936e-01
     vertex 2.4544166946e+00 4.4000000000e-01 1.2251363951e-01
   endloop
 endfacet
 facet normal  -0.0000000000e+00 1.0000000000e+00 0.0000000000e+00
   outer loop
     vertex 2.4544991578e+00 4.4000000000e-01 1.2158175936e-01
     vertex 2.4530452905e+00 4.4000000000e-01 1.2239228230e-01
     vertex 2.4544166946e+00 4.4000000000e-01 1.2251363951e-01
   endloop
 endfacet
 facet normal  0.0000000000e+00 1.0000000000e+00 0.0000000000e+00
   outer loop
     vertex 2.4530452905e+00 4.4000000000e-01 1.2239228230e-01
     vertex 2.4543342314e+00 4.4000000000e-01 1.2344551966e-01
     vertex 2.4544166946e+00 4.4000000000e-01 1.2251363951e-01
   endloop
 endfacet
 facet normal  0.0000000000e+00 1.0000000000e+00 0.0000000000e+00
   outer loop
     vertex 2.4543342314e+00 4.4000000000e-01 1.2344551966e-01
     vertex 2.4575898530e+00 4.4000000000e-01 1.2279443612e-01
     vertex 2.4544166946e+00 4.4000000000e-01 1.2251363951e-01
   endloop
 endfacet
 facet normal  0.0000000000e+00 1.0000000000e+00 0.0000000000e+00
   outer loop
     vertex 2.4543342314e+00 4.4000000000e-01 1.2344551966e-01
     vertex 2.4574467068e+00 4.4000000000e-01 1.2441206809e-01
     vertex 2.4575898530e+00 4.4000000000e-01 1.2279443612e-01
   endloop
 endfacet
 facet normal  -2.3234482309e-14 1.0000000000e+00 -2.0560473031e-15
   outer loop
     vertex 2.4574467068e+00 4.4000000000e-01 1.2441206809e-01
     vertex 2.4623310680e+00 4.4000000000e-01 1.2321399194e-01
     vertex 2.4575898530e+00 4.4000000000e-01 1.2279443612e-01
   endloop
 endfacet
 facet normal  -2.3234482309e-14 1.0000000000e+00 -2.0560473031e-15
   outer loop
     vertex 2.4574467068e+00 4.4000000000e-01 1.2441206809e-01
     vertex 2.4621376892e+00 4.4000000000e-01 1.2539928027e-01
     vertex 2.4623310680e+00 4.4000000000e-01 1.2321399194e-01
   endloop
 endfacet
 facet normal  8.3474044108e-15 1.0000000000e+00 7.3867186275e-16
   outer loop
     vertex 2.4621376892e+00 4.4000000000e-01 1.2539928027e-01
     vertex 2.4689295069e+00 4.4000000000e-01 1.2379789574e-01
     vertex 2.4623310680e+00 4.4000000000e-01 1.2321399194e-01
   endloop
 endfacet
 facet normal  8.3474044108e-15 1.0000000000e+00 7.3867186275e-16
   outer loop
     vertex 2.4621376892e+00 4.4000000000e-01 1.2539928027e-01
     vertex 2.4686946628e+00 4.4000000000e-01 1.2645176598e-01
     vertex 2.4689295069e+00 4.4000000000e-01 1.2379789574e-01
   endloop
 endfacet
 facet normal  0.0000000000e+00 1.0000000000e+00 0.0000000000e+00
   outer loop
     vertex 2.4686946628e+00 4.4000000000e-01 1.2645176598e-01
     vertex 2.4776566578e+00 4.4000000000e-01 1.2457017182e-01
     vertex 2.4689295069e+00 4.4000000000e-01 1.2379789574e-01
   endloop
 endfacet
 facet normal  0.0000000000e+00 1.0000000000e+00 0.0000000000e+00
   outer loop
     vertex 2.4686946628e+00 4.4000000000e-01 1.2645176598e-01
     vertex 2.4773922615e+00 4.4000000000e-01 1.2755799773e-01
     vertex 2.4776566578e+00 4.4000000000e-01 1.2457017182e-01
   endloop
 endfacet
 facet normal  5.0497209509e-15 1.0000000000e+00 4.4685588449e-16
   outer loop
     vertex 2.4773922615e+00 4.4000000000e-01 1.2755799773e-01
     vertex 2.4885641591e+00 4.4000000000e-01 1.2553538974e-01
     vertex 2.4776566578e+00 4.4000000000e-01 1.2457017182e-01
   endloop
 endfacet
 facet normal  5.0497209509e-15 1.0000000000e+00 4.4685588450e-16
   outer loop
     vertex 2.4773922615e+00 4.4000000000e-01 1.2755799773e-01
     vertex 2.4882867242e+00 4.4000000000e-01 1.2867055861e-01
     vertex 2.4885641591e+00 4.4000000000e-01 1.2553538974e-01
   endloop
 endfacet
 facet normal  0.0000000000e+00 1.0000000000e+00 0.0000000000e+00
   outer loop
     vertex 2.4882867242e+00 4.4000000000e-01 1.2867055861e-01
     vertex 2.5013166319e+00 4.4000000000e-01 1.2666387140e-01
     vertex 2.4885641591e+00 4.4000000000e-01 1.2553538974e-01
   endloop
 endfacet
 facet normal  0.0000000000e+00 1.0000000000e+00 0.0000000000e+00
   outer loop
     vertex 2.4882867242e+00 4.4000000000e-01 1.2867055861e-01
     vertex 2.5010456875e+00 4.4000000000e-01 1.2972569458e-01
     vertex 2.5013166319e+00 4.4000000000e-01 1.2666387140e-01
   endloop
 endfacet
 facet normal  0.0000000000e+00 1.0000000000e+00 0.0000000000e+00
   outer loop
     vertex 2.5010456875e+00 4.4000000000e-01 1.2972569458e-01
     vertex 2.5151348509e+00 4.4000000000e-01 1.2788666224e-01
     vertex 2.5013166319e+00 4.4000000000e-01 1.2666387140e-01
   endloop
 endfacet
 facet normal  0.0000000000e+00 1.0000000000e+00 0.0000000000e+00
   outer loop
     vertex 2.5010456875e+00 4.4000000000e-01 1.2972569458e-01
     vertex 2.5148889017e+00 4.4000000000e-01 1.3066602559e-01
     vertex 2.5151348509e+00 4.4000000000e-01 1.2788666224e-01
   endloop
 endfacet
 facet normal  0.0000000000e+00 1.0000000000e+00 0.0000000000e+00
   outer loop
     vertex 2.5148889017e+00 4.4000000000e-01 1.3066602559e-01
     vertex 2.5287300812e+00 4.4000000000e-01 1.3145672724e-01
     vertex 2.5151348509e+00 4.4000000000e-01 1.2788666224e-01
   endloop
 endfacet
 facet normal  0.0000000000e+00 1.0000000000e+00 0.0000000000e+00
   outer loop
     vertex 2.5151348509e+00 4.4000000000e-01 1.2788666224e-01
     vertex 2.5287300812e+00 4.4000000000e-01 1.3145672724e-01
     vertex 2.5289379130e+00 4.4000000000e-01 1.2910811181e-01
   endloop
 endfacet
 facet normal  -4.3317714172e-15 1.0000000000e+00 -3.8332366617e-16
   outer loop
     vertex 2.5287300812e+00 4.4000000000e-01 1.3145672724e-01
     vertex 2.5414892065e+00 4.4000000000e-01 1.3208683915e-01
     vertex 2.5289379130e+00 4.4000000000e-01 1.2910811181e-01
   endloop
 endfacet
 facet normal  -4.3317714172e-15 1.0000000000e+00 -3.8332366617e-16
   outer loop
     vertex 2.5289379130e+00 4.4000000000e-01 1.2910811181e-01
     vertex 2.5414892065e+00 4.4000000000e-01 1.3208683915e-01
     vertex 2.5416532280e+00 4.4000000000e-01 1.3023330534e-01
   endloop
 endfacet
 facet normal  0.0000000000e+00 1.0000000000e+00 0.0000000000e+00
   outer loop
     vertex 2.5414892065e+00 4.4000000000e-01 1.3208683915e-01
     vertex 2.5524012271e+00 4.4000000000e-01 1.3256418100e-01
     vertex 2.5416532280e+00 4.4000000000e-01 1.3023330534e-01
   endloop
 endfacet
 facet normal  0.0000000000e+00 1.0000000000e+00 0.0000000000e+00
   outer loop
     vertex 2.5416532280e+00 4.4000000000e-01 1.3023330534e-01
     vertex 2.5524012271e+00 4.4000000000e-01 1.3256418100e-01
     vertex 2.5525223761e+00 4.4000000000e-01 1.3119512934e-01
   endloop
 endfacet
 facet normal  0.0000000000e+00 1.0000000000e+00 0.0000000000e+00
   outer loop
     vertex 2.5524012271e+00 4.4000000000e-01 1.3256418100e-01
     vertex 2.5611511833e+00 4.4000000000e-01 1.3290974144e-01
     vertex 2.5525223761e+00 4.4000000000e-01 1.3119512934e-01
   endloop
 endfacet
 facet normal  0.0000000000e+00 1.0000000000e+00 0.0000000000e+00
   outer loop
     vertex 2.5525223761e+00 4.4000000000e-01 1.3119512934e-01
     vertex 2.5611511833e+00 4.4000000000e-01 1.3290974144e-01
     vertex 2.5612346879e+00 4.4000000000e-01 1.3196609230e-01
   endloop
 endfacet
 facet normal  1.6614611133e-14 1.0000000000e+00 1.4702469355e-15
   outer loop
     vertex 2.5611511833e+00 4.4000000000e-01 1.3290974144e-01
     vertex 2.5678120392e+00 4.4000000000e-01 1.3315104243e-01
     vertex 2.5612346879e+00 4.4000000000e-01 1.3196609230e-01
   endloop
 endfacet
 facet normal  1.6614611133e-14 1.0000000000e+00 1.4702469355e-15
   outer loop
     vertex 2.5612346879e+00 4.4000000000e-01 1.3196609230e-01
     vertex 2.5678120392e+00 4.4000000000e-01 1.3315104243e-01
     vertex 2.5678649771e+00 4.4000000000e-01 1.3255281456e-01
   endloop
 endfacet
 facet normal  0.0000000000e+00 1.0000000000e+00 0.0000000000e+00
   outer loop
     vertex 2.5678120392e+00 4.4000000000e-01 1.3315104243e-01
     vertex 2.5726846704e+00 4.4000000000e-01 1.3331530303e-01
     vertex 2.5678649771e+00 4.4000000000e-01 1.3255281456e-01
   endloop
 endfacet
 facet normal  0.0000000000e+00 1.0000000000e+00 0.0000000000e+00
   outer loop
     vertex 2.5678649771e+00 4.4000000000e-01 1.3255281456e-01
     vertex 2.5726846704e+00 4.4000000000e-01 1.3331530303e-01
     vertex 2.5727141714e+00 4.4000000000e-01 1.3298192561e-01
   endloop
 endfacet
 facet normal  -1.5990911305e-14 1.0000000000e+00 -1.4150549871e-15
   outer loop
     vertex 2.5726846704e+00 4.4000000000e-01 1.3331530303e-01
     vertex 2.5761463427e+00 4.4000000000e-01 1.3342544484e-01
     vertex 2.5727141714e+00 4.4000000000e-01 1.3298192561e-01
   endloop
 endfacet
 facet normal  -1.5990911305e-14 1.0000000000e+00 -1.4150549871e-15
   outer loop
     vertex 2.5727141714e+00 4.4000000000e-01 1.3298192561e-01
     vertex 2.5761463427e+00 4.4000000000e-01 1.3342544484e-01
     vertex 2.5761586179e+00 4.4000000000e-01 1.3328672882e-01
   endloop
 endfacet
 facet normal  0.0000000000e+00 1.0000000000e+00 0.0000000000e+00
   outer loop
     vertex 2.5761463427e+00 4.4000000000e-01 1.3342544484e-01
     vertex 2.5785548354e+00 4.4000000000e-01 1.3349877299e-01
     vertex 2.5761586179e+00 4.4000000000e-01 1.3328672882e-01
   endloop
 endfacet
 facet normal  2.0205596201e-01 2.6138818910e-02 -9.7902510201e-01
   outer loop
     vertex 2.4789100998e+00 0.0000000000e+00 1.2468109041e-01
     vertex 2.4988390469e+00 -8.8000000000e-02 1.2644462693e-01
     vertex 2.4736397283e+00 0.0000000000e+00 1.2359336550e-01
   endloop
 endfacet
 facet normal  2.0205596201e-01 2.6138818910e-02 -9.7902510201e-01
   outer loop
     vertex 2.4988390469e+00 -8.8000000000e-02 1.2644462693e-01
     vertex 2.4941484162e+00 -8.8000000000e-02 1.2547655175e-01
     vertex 2.4736397283e+00 0.0000000000e+00 1.2359336550e-01
   endloop
 endfacet
 facet normal  1.9940091823e-01 2.5508050429e-02 -9.7958593966e-01
   outer loop
     vertex 2.4736397283e+00 0.0000000000e+00 1.2359336550e-01
     vertex 2.4941484162e+00 -8.8000000000e-02 1.2547655175e-01
     vertex 2.4660619620e+00 0.0000000000e+00 1.2205086321e-01
   endloop
 endfacet
 facet normal  1.9940091823e-01 2.5508050429e-02 -9.7958593966e-01
   outer loop
     vertex 2.4941484162e+00 -8.8000000000e-02 1.2547655175e-01
     vertex 2.4874042043e+00 -8.8000000000e-02 1.2410372472e-01
     vertex 2.4660619620e+00 0.0000000000e+00 1.2205086321e-01
   endloop
 endfacet
 facet normal  1.9573246947e-01 2.4600564017e-02 -9.8034871992e-01
   outer loop
     vertex 2.4660619620e+00 0.0000000000e+00 1.2205086321e-01
     vertex 2.4874042043e+00 -8.8000000000e-02 1.2410372472e-01
     vertex 2.4553901387e+00 0.0000000000e+00 1.1992017004e-01
   endloop
 endfacet
 facet normal  1.9573246947e-01 2.4600564017e-02 -9.8034871992e-01
   outer loop
     vertex 2.4874042043e+00 -8.8000000000e-02 1.2410372472e-01
     vertex 2.4779062815e+00 -8.8000000000e-02 1.2220740780e-01
     vertex 2.4553901387e+00 0.0000000000e+00 1.1992017004e-01
   endloop
 endfacet
 facet normal  1.9085069046e-01 2.3325672252e-02 -9.8134190116e-01
   outer loop
     vertex 2.4553901387e+00 0.0000000000e+00 1.1992017004e-01
     vertex 2.4779062815e+00 -8.8000000000e-02 1.2220740780e-01
     vertex 2.4407920150e+00 0.0000000000e+00 1.1708113710e-01
   endloop
 endfacet
 facet normal  1.9085069046e-01 2.3325672252e-02 -9.8134190116e-01
   outer loop
     vertex 2.4779062815e+00 -8.8000000000e-02 1.2220740780e-01
     vertex 2.4649139515e+00 -8.8000000000e-02 1.1968066848e-01
     vertex 2.4407920150e+00 0.0000000000e+00 1.1708113710e-01
   endloop
 endfacet
 facet normal  1.8450138893e-01 2.1548200267e-02 -9.8259600678e-01
   outer loop
     vertex 2.4407920150e+00 0.0000000000e+00 1.1708113710e-01
     vertex 2.4649139515e+00 -8.8000000000e-02 1.1968066848e-01
     vertex 2.4215986305e+00 0.0000000000e+00 1.1347720825e-01
   endloop
 endfacet
 facet normal  1.8450138893e-01 2.1548200267e-02 -9.8259600678e-01
   outer loop
     vertex 2.4649139515e+00 -8.8000000000e-02 1.1968066848e-01
     vertex 2.4478318393e+00 -8.8000000000e-02 1.1647317180e-01
     vertex 2.4215986305e+00 0.0000000000e+00 1.1347720825e-01
   endloop
 endfacet
 facet normal  1.7621700471e-01 1.9025086248e-02 -9.8416747220e-01
   outer loop
     vertex 2.4215986305e+00 0.0000000000e+00 1.1347720825e-01
     vertex 2.4478318393e+00 -8.8000000000e-02 1.1647317180e-01
     vertex 2.3976355120e+00 0.0000000000e+00 1.0918656758e-01
   endloop
 endfacet
 facet normal  1.7621700471e-01 1.9025086248e-02 -9.8416747220e-01
   outer loop
     vertex 2.4478318393e+00 -8.8000000000e-02 1.1647317180e-01
     vertex 2.4265046637e+00 -8.8000000000e-02 1.1265450161e-01
     vertex 2.3976355120e+00 0.0000000000e+00 1.0918656758e-01
   endloop
 endfacet
 facet normal  1.6519574401e-01 1.5331669405e-02 -9.8614162577e-01
   outer loop
     vertex 2.3976355120e+00 0.0000000000e+00 1.0918656758e-01
     vertex 2.4265046637e+00 -8.8000000000e-02 1.1265450161e-01
     vertex 2.3695739692e+00 0.0000000000e+00 1.0448577481e-01
   endloop
 endfacet
 facet normal  1.6519574401e-01 1.5331669405e-02 -9.8614162577e-01
   outer loop
     vertex 2.4265046637e+00 -8.8000000000e-02 1.1265450161e-01
     vertex 2.4015298907e+00 -8.8000000000e-02 1.0847079604e-01
     vertex 2.3695739692e+00 0.0000000000e+00 1.0448577481e-01
   endloop
 endfacet
 facet normal  1.5001820371e-01 9.7072291431e-03 -9.8863557910e-01
   outer loop
     vertex 2.3695739692e+00 0.0000000000e+00 1.0448577481e-01
     vertex 2.4015298907e+00 -8.8000000000e-02 1.0847079604e-01
     vertex 2.3390699086e+00 0.0000000000e+00 9.9857007166e-02
   endloop
 endfacet
 facet normal  1.5001820371e-01 9.7072291431e-03 -9.8863557910e-01
   outer loop
     vertex 2.4015298907e+00 -8.8000000000e-02 1.0847079604e-01
     vertex 2.3743812768e+00 -8.8000000000e-02 1.0435119284e-01
     vertex 2.3390699086e+00 0.0000000000e+00 9.9857007166e-02
   endloop
 endfacet
 facet normal  1.2876222368e-01 1.0227141681e-03 -9.9167496883e-01
   outer loop
     vertex 2.3390699086e+00 0.0000000000e+00 9.9857007166e-02
     vertex 2.3743812768e+00 -8.8000000000e-02 1.0435119284e-01
     vertex 2.3471507801e+00 -8.8000000000e-02 1.0081549877e-01
   endloop
 endfacet
 facet normal  1.2876222368e-01 1.0227141681e-03 -9.9167496883e-01
   outer loop
     vertex 2.3390699086e+00 0.0000000000e+00 9.9857007166e-02
     vertex 2.3471507801e+00 -8.8000000000e-02 1.0081549877e-01
     vertex 2.3084738450e+00 0.0000000000e+00 9.5884317207e-02
   endloop
 endfacet
 facet normal  9.9591213491e-02 -1.1982127415e-02 -9.9495628990e-01
   outer loop
     vertex 2.3084738450e+00 0.0000000000e+00 9.5884317207e-02
     vertex 2.3471507801e+00 -8.8000000000e-02 1.0081549877e-01
     vertex 2.3219548962e+00 -8.8000000000e-02 9.8293489840e-02
   endloop
 endfacet
 facet normal  9.9591213491e-02 -1.1982127415e-02 -9.9495628990e-01
   outer loop
     vertex 2.3084738450e+00 0.0000000000e+00 9.5884317207e-02
     vertex 2.3219548962e+00 -8.8000000000e-02 9.8293489840e-02
     vertex 2.2801638631e+00 0.0000000000e+00 9.3050599302e-02
   endloop
 endfacet
 facet normal  6.1184505251e-02 -3.0382717822e-02 -9.9766394481e-01
   outer loop
     vertex 2.2801638631e+00 0.0000000000e+00 9.3050599302e-02
     vertex 2.3219548962e+00 -8.8000000000e-02 9.8293489840e-02
     vertex 2.3003307078e+00 -8.8000000000e-02 9.6967326577e-02
   endloop
 endfacet
 facet normal  6.1184505251e-02 -3.0382717822e-02 -9.9766394481e-01
   outer loop
     vertex 2.2801638631e+00 0.0000000000e+00 9.3050599302e-02
     vertex 2.3003307078e+00 -8.8000000000e-02 9.6967326577e-02
     vertex 2.2558670221e+00 0.0000000000e+00 9.1560528221e-02
   endloop
 endfacet
 facet normal  1.1859138648e-02 -5.5350317042e-02 -9.9839656612e-01
   outer loop
     vertex 2.2558670221e+00 0.0000000000e+00 9.1560528221e-02
     vertex 2.3003307078e+00 -8.8000000000e-02 9.6967326577e-02
     vertex 2.2829534476e+00 -8.8000000000e-02 9.6760916274e-02
   endloop
 endfacet
 facet normal  1.1859138648e-02 -5.5350317042e-02 -9.9839656612e-01
   outer loop
     vertex 2.2558670221e+00 0.0000000000e+00 9.1560528221e-02
     vertex 2.2829534476e+00 -8.8000000000e-02 9.6760916274e-02
     vertex 2.2363420107e+00 0.0000000000e+00 9.1328606532e-02
   endloop
 endfacet
 facet normal  -5.2587926952e-02 -8.9253195524e-02 -9.9461971478e-01
   outer loop
     vertex 2.2363420107e+00 0.0000000000e+00 9.1328606532e-02
     vertex 2.2829534476e+00 -8.8000000000e-02 9.6760916274e-02
     vertex 2.2697391832e+00 -8.8000000000e-02 9.7459586089e-02
   endloop
 endfacet
 facet normal  -5.2587926952e-02 -8.9253195524e-02 -9.9461971478e-01
   outer loop
     vertex 2.2363420107e+00 0.0000000000e+00 9.1328606532e-02
     vertex 2.2697391832e+00 -8.8000000000e-02 9.7459586089e-02
     vertex 2.2214945226e+00 0.0000000000e+00 9.2113628796e-02
   endloop
 endfacet
 facet normal  -1.4482508825e-01 -1.3891187939e-01 -9.7965768694e-01
   outer loop
     vertex 2.2214945226e+00 0.0000000000e+00 9.2113628796e-02
     vertex 2.2697391832e+00 -8.8000000000e-02 9.7459586089e-02
     vertex 2.2601634157e+00 -8.8000000000e-02 9.8875194201e-02
   endloop
 endfacet
 facet normal  -1.4482508825e-01 -1.3891187939e-01 -9.7965768694e-01
   outer loop
     vertex 2.2214945226e+00 0.0000000000e+00 9.2113628796e-02
     vertex 2.2601634157e+00 -8.8000000000e-02 9.8875194201e-02
     vertex 2.2107352333e+00 0.0000000000e+00 9.3704199709e-02
   endloop
 endfacet
 facet normal  -3.0613777776e-01 -2.2628931962e-01 -9.2470146796e-01
   outer loop
     vertex 2.2107352333e+00 0.0000000000e+00 9.3704199709e-02
     vertex 2.2601634157e+00 -8.8000000000e-02 9.8875194201e-02
     vertex 2.2536475785e+00 -8.8000000000e-02 1.0103237033e-01
   endloop
 endfacet
 facet normal  -3.0613777776e-01 -2.2628931962e-01 -9.2470146796e-01
   outer loop
     vertex 2.2107352333e+00 0.0000000000e+00 9.3704199709e-02
     vertex 2.2536475785e+00 -8.8000000000e-02 1.0103237033e-01
     vertex 2.2034140678e+00 0.0000000000e+00 9.6127993113e-02
   endloop
 endfacet
 facet normal  -6.8012750302e-01 -4.2166244462e-01 -5.9968938829e-01
   outer loop
     vertex 2.2034140678e+00 0.0000000000e+00 9.6127993113e-02
     vertex 2.2536475785e+00 -8.8000000000e-02 1.0103237033e-01
     vertex 2.2506090581e+00 -8.8000000000e-02 1.0447845646e-01
   endloop
 endfacet
 facet normal  -6.8012750302e-01 -4.2166244462e-01 -5.9968938829e-01
   outer loop
     vertex 2.2034140678e+00 0.0000000000e+00 9.6127993113e-02
     vertex 2.2506090581e+00 -8.8000000000e-02 1.0447845646e-01
     vertex 2.2000000000e+00 0.0000000000e+00 1.0000000000e-01
   endloop
 endfacet
 facet normal  -7.7486834848e-01 -4.2166244462e-01 4.7093505424e-01
   outer loop
     vertex 2.2000000000e+00 0.0000000000e+00 1.0000000000e-01
     vertex 2.2506090581e+00 -8.8000000000e-02 1.0447845646e-01
     vertex 2.2026810617e+00 0.0000000000e+00 1.0441137223e-01
   endloop
 endfacet
 facet normal  -7.7486834848e-01 -4.2166244462e-01 4.7093505424e-01
   outer loop
     vertex 2.2506090581e+00 -8.8000000000e-02 1.0447845646e-01
     vertex 2.2529952030e+00 -8.8000000000e-02 1.0840457775e-01
     vertex 2.2026810617e+00 0.0000000000e+00 1.0441137223e-01
   endloop
 endfacet
 facet normal  -4.6376479860e-01 -2.2628931962e-01 8.5657186237e-01
   outer loop
     vertex 2.2026810617e+00 0.0000000000e+00 1.0441137223e-01
     vertex 2.2529952030e+00 -8.8000000000e-02 1.0840457775e-01
     vertex 2.2094628226e+00 0.0000000000e+00 1.0808315057e-01
   endloop
 endfacet
 facet normal  -4.6376479860e-01 -2.2628931962e-01 8.5657186237e-01
   outer loop
     vertex 2.2529952030e+00 -8.8000000000e-02 1.0840457775e-01
     vertex 2.2590309702e+00 -8.8000000000e-02 1.1167246047e-01
     vertex 2.2094628226e+00 0.0000000000e+00 1.0808315057e-01
   endloop
 endfacet
 facet normal  -3.1460957197e-01 -1.3891187939e-01 9.3900176091e-01
   outer loop
     vertex 2.2094628226e+00 0.0000000000e+00 1.0808315057e-01
     vertex 2.2590309702e+00 -8.8000000000e-02 1.1167246047e-01
     vertex 2.2197756000e+00 0.0000000000e+00 1.1153841402e-01
   endloop
 endfacet
 facet normal  -3.1460957197e-01 -1.3891187939e-01 9.3900176091e-01
   outer loop
     vertex 2.2590309702e+00 -8.8000000000e-02 1.1167246047e-01
     vertex 2.2682093421e+00 -8.8000000000e-02 1.1474764494e-01
     vertex 2.2197756000e+00 0.0000000000e+00 1.1153841402e-01
   endloop
 endfacet
 facet normal  -2.2643318947e-01 -8.9253195524e-02 9.6992880037e-01
   outer loop
     vertex 2.2197756000e+00 0.0000000000e+00 1.1153841402e-01
     vertex 2.2682093421e+00 -8.8000000000e-02 1.1474764494e-01
     vertex 2.2342545069e+00 0.0000000000e+00 1.1491856428e-01
   endloop
 endfacet
 facet normal  -2.2643318947e-01 -8.9253195524e-02 9.6992880037e-01
   outer loop
     vertex 2.2682093421e+00 -8.8000000000e-02 1.1474764494e-01
     vertex 2.2810955693e+00 -8.8000000000e-02 1.1775597867e-01
     vertex 2.2342545069e+00 0.0000000000e+00 1.1491856428e-01
   endloop
 endfacet
 facet normal  -1.6365085450e-01 -5.5350317042e-02 9.8496433449e-01
   outer loop
     vertex 2.2342545069e+00 0.0000000000e+00 1.1491856428e-01
     vertex 2.2810955693e+00 -8.8000000000e-02 1.1775597867e-01
     vertex 2.2535168327e+00 0.0000000000e+00 1.1811898074e-01
   endloop
 endfacet
 facet normal  -1.6365085450e-01 -5.5350317042e-02 9.8496433449e-01
   outer loop
     vertex 2.2810955693e+00 -8.8000000000e-02 1.1775597867e-01
     vertex 2.2982390392e+00 -8.8000000000e-02 1.2060434932e-01
     vertex 2.2535168327e+00 0.0000000000e+00 1.1811898074e-01
   endloop
 endfacet
 facet normal  -1.1496333564e-01 -3.0382717822e-02 9.9290499138e-01
   outer loop
     vertex 2.2535168327e+00 0.0000000000e+00 1.1811898074e-01
     vertex 2.2982390392e+00 -8.8000000000e-02 1.2060434932e-01
     vertex 2.2776977754e+00 0.0000000000e+00 1.2091876708e-01
   endloop
 endfacet
 facet normal  -1.1496333564e-01 -3.0382717822e-02 9.9290499138e-01
   outer loop
     vertex 2.2982390392e+00 -8.8000000000e-02 1.2060434932e-01
     vertex 2.3197600782e+00 -8.8000000000e-02 1.2309615916e-01
     vertex 2.2776977754e+00 0.0000000000e+00 1.2091876708e-01
   endloop
 endfacet
 facet normal  -7.6677972197e-02 -1.1982127415e-02 9.9698391020e-01
   outer loop
     vertex 2.2776977754e+00 0.0000000000e+00 1.2091876708e-01
     vertex 2.3197600782e+00 -8.8000000000e-02 1.2309615916e-01
     vertex 2.3060654502e+00 0.0000000000e+00 1.2310052323e-01
   endloop
 endfacet
 facet normal  -7.6677972197e-02 -1.1982127415e-02 9.9698391020e-01
   outer loop
     vertex 2.3197600782e+00 -8.8000000000e-02 1.2309615916e-01
     vertex 2.3450073087e+00 -8.8000000000e-02 1.2503792213e-01
     vertex 2.3060654502e+00 0.0000000000e+00 1.2310052323e-01
   endloop
 endfacet
 facet normal  -4.7384046870e-02 1.0227141681e-03 9.9887622164e-01
   outer loop
     vertex 2.3060654502e+00 0.0000000000e+00 1.2310052323e-01
     vertex 2.3450073087e+00 -8.8000000000e-02 1.2503792213e-01
     vertex 2.3368836935e+00 0.0000000000e+00 1.2456245920e-01
   endloop
 endfacet
 facet normal  -4.7384046870e-02 1.0227141681e-03 9.9887622164e-01
   outer loop
     vertex 2.3450073087e+00 -8.8000000000e-02 1.2503792213e-01
     vertex 2.3724355453e+00 -8.8000000000e-02 1.2633904515e-01
     vertex 2.3368836935e+00 0.0000000000e+00 1.2456245920e-01
   endloop
 endfacet
 facet normal  -2.5924639421e-02 9.7072291431e-03 9.9961676795e-01
   outer loop
     vertex 2.3368836935e+00 0.0000000000e+00 1.2456245920e-01
     vertex 2.3724355453e+00 -8.8000000000e-02 1.2633904515e-01
     vertex 2.3998857102e+00 -8.8000000000e-02 1.2705095361e-01
   endloop
 endfacet
 facet normal  -2.5924639421e-02 9.7072291431e-03 9.9961676795e-01
   outer loop
     vertex 2.3368836935e+00 0.0000000000e+00 1.2456245920e-01
     vertex 2.3998857102e+00 -8.8000000000e-02 1.2705095361e-01
     vertex 2.3677265754e+00 0.0000000000e+00 1.2536235634e-01
   endloop
 endfacet
 facet normal  -1.0544997175e-02 1.5331669405e-02 9.9982685648e-01
   outer loop
     vertex 2.3677265754e+00 0.0000000000e+00 1.2536235634e-01
     vertex 2.3998857102e+00 -8.8000000000e-02 1.2705095361e-01
     vertex 2.4252070719e+00 -8.8000000000e-02 1.2731801353e-01
   endloop
 endfacet
 facet normal  -1.0544997175e-02 1.5331669405e-02 9.9982685648e-01
   outer loop
     vertex 2.3677265754e+00 0.0000000000e+00 1.2536235634e-01
     vertex 2.4252070719e+00 -8.8000000000e-02 1.2731801353e-01
     vertex 2.3961775436e+00 0.0000000000e+00 1.2566242368e-01
   endloop
 endfacet
 facet normal  6.5167217949e-04 1.9025086248e-02 9.9981879429e-01
   outer loop
     vertex 2.3961775436e+00 0.0000000000e+00 1.2566242368e-01
     vertex 2.4252070719e+00 -8.8000000000e-02 1.2731801353e-01
     vertex 2.4468734158e+00 -8.8000000000e-02 1.2730389162e-01
   endloop
 endfacet
 facet normal  6.5167217949e-04 1.9025086248e-02 9.9981879429e-01
   outer loop
     vertex 2.3961775436e+00 0.0000000000e+00 1.2566242368e-01
     vertex 2.4468734158e+00 -8.8000000000e-02 1.2730389162e-01
     vertex 2.4205217503e+00 0.0000000000e+00 1.2564655636e-01
   endloop
 endfacet
 facet normal  9.0832803299e-03 2.1548200267e-02 9.9972654715e-01
   outer loop
     vertex 2.4205217503e+00 0.0000000000e+00 1.2564655636e-01
     vertex 2.4468734158e+00 -8.8000000000e-02 1.2730389162e-01
     vertex 2.4642533369e+00 -8.8000000000e-02 1.2714598175e-01
   endloop
 endfacet
 facet normal  9.0832803299e-03 2.1548200267e-02 9.9972654715e-01
   outer loop
     vertex 2.4205217503e+00 0.0000000000e+00 1.2564655636e-01
     vertex 2.4642533369e+00 -8.8000000000e-02 1.2714598175e-01
     vertex 2.4400497515e+00 0.0000000000e+00 1.2546912953e-01
   endloop
 endfacet
 facet normal  1.5554145692e-02 2.3325672252e-02 9.9960691352e-01
   outer loop
     vertex 2.4400497515e+00 0.0000000000e+00 1.2546912953e-01
     vertex 2.4642533369e+00 -8.8000000000e-02 1.2714598175e-01
     vertex 2.4774874839e+00 -8.8000000000e-02 1.2694005495e-01
   endloop
 endfacet
 facet normal  1.5554145692e-02 2.3325672252e-02 9.9960691352e-01
   outer loop
     vertex 2.4400497515e+00 0.0000000000e+00 1.2546912953e-01
     vertex 2.4774874839e+00 -8.8000000000e-02 1.2694005495e-01
     vertex 2.4549195796e+00 0.0000000000e+00 1.2523775111e-01
   endloop
 endfacet
 facet normal  2.0534473186e-02 2.4600564017e-02 9.9948644196e-01
   outer loop
     vertex 2.4549195796e+00 0.0000000000e+00 1.2523775111e-01
     vertex 2.4774874839e+00 -8.8000000000e-02 1.2694005495e-01
     vertex 2.4871708188e+00 -8.8000000000e-02 1.2674111060e-01
   endloop
 endfacet
 facet normal  2.0534473186e-02 2.4600564017e-02 9.9948644196e-01
   outer loop
     vertex 2.4549195796e+00 0.0000000000e+00 1.2523775111e-01
     vertex 2.4871708188e+00 -8.8000000000e-02 1.2674111060e-01
     vertex 2.4657997311e+00 0.0000000000e+00 1.2501421813e-01
   endloop
 endfacet
 facet normal  2.4279865115e-02 2.5508050429e-02 9.9937972138e-01
   outer loop
     vertex 2.4657997311e+00 0.0000000000e+00 1.2501421813e-01
     vertex 2.4871708188e+00 -8.8000000000e-02 1.2674111060e-01
     vertex 2.4940513062e+00 -8.8000000000e-02 1.2657394961e-01
   endloop
 endfacet
 facet normal  2.4279865115e-02 2.5508050429e-02 9.9937972138e-01
   outer loop
     vertex 2.4657997311e+00 0.0000000000e+00 1.2501421813e-01
     vertex 2.4940513062e+00 -8.8000000000e-02 1.2657394961e-01
     vertex 2.4735306158e+00 0.0000000000e+00 1.2482639679e-01
   endloop
 endfacet
 facet normal  2.6992137491e-02 2.6138818910e-02 9.9929384400e-01
   outer loop
     vertex 2.4735306158e+00 0.0000000000e+00 1.2482639679e-01
     vertex 2.4940513062e+00 -8.8000000000e-02 1.2657394961e-01
     vertex 2.4988390469e+00 -8.8000000000e-02 1.2644462693e-01
   endloop
 endfacet
 facet normal  2.6992137491e-02 2.6138818910e-02 9.9929384400e-01
   outer loop
     vertex 2.4735306158e+00 0.0000000000e+00 1.2482639679e-01
     vertex 2.4988390469e+00 -8.8000000000e-02 1.2644462693e-01
     vertex 2.4789100998e+00 0.0000000000e+00 1.2468109041e-01
   endloop
 endfacet
 facet normal  2.0205596201e-01 2.6138818910e-02 -9.7902510201e-01
   outer loop
     vertex 2.4988390469e+00 -8.8000000000e-02 1.2644462693e-01
     vertex 2.5187679940e+00 -1.7600000000e-01 1.2820816344e-01
     vertex 2.4941484162e+00 -8.8000000000e-02 1.2547655175e-01
   endloop
 endfacet
 facet normal  2.0205596201e-01 2.6138818910e-02 -9.7902510201e-01
   outer loop
     vertex 2.5187679940e+00 -1.7600000000e-01 1.2820816344e-01
     vertex 2.5146571042e+00 -1.7600000000e-01 1.2735973801e-01
     vertex 2.4941484162e+00 -8.8000000000e-02 1.2547655175e-01
   endloop
 endfacet
 facet normal  1.9940091823e-01 2.5508050429e-02 -9.7958593966e-01
   outer loop
     vertex 2.4941484162e+00 -8.8000000000e-02 1.2547655175e-01
     vertex 2.5146571042e+00 -1.7600000000e-01 1.2735973801e-01
     vertex 2.4874042043e+00 -8.8000000000e-02 1.2410372472e-01
   endloop
 endfacet
 facet normal  1.9940091823e-01 2.5508050429e-02 -9.7958593966e-01
   outer loop
     vertex 2.5146571042e+00 -1.7600000000e-01 1.2735973801e-01
     vertex 2.5087464465e+00 -1.7600000000e-01 1.2615658623e-01
     vertex 2.4874042043e+00 -8.8000000000e-02 1.2410372472e-01
   endloop
 endfacet
 facet normal  1.9573246947e-01 2.4600564017e-02 -9.8034871992e-01
   outer loop
     vertex 2.4874042043e+00 -8.8000000000e-02 1.2410372472e-01
     vertex 2.5087464465e+00 -1.7600000000e-01 1.2615658623e-01
     vertex 2.4779062815e+00 -8.8000000000e-02 1.2220740780e-01
   endloop
 endfacet
 facet normal  1.9573246947e-01 2.4600564017e-02 -9.8034871992e-01
   outer loop
     vertex 2.5087464465e+00 -1.7600000000e-01 1.2615658623e-01
     vertex 2.5004224244e+00 -1.7600000000e-01 1.2449464555e-01
     vertex 2.4779062815e+00 -8.8000000000e-02 1.2220740780e-01
   endloop
 endfacet
 facet normal  1.9085069046e-01 2.3325672252e-02 -9.8134190116e-01
   outer loop
     vertex 2.4779062815e+00 -8.8000000000e-02 1.2220740780e-01
     vertex 2.5004224244e+00 -1.7600000000e-01 1.2449464555e-01
     vertex 2.4649139515e+00 -8.8000000000e-02 1.1968066848e-01
   endloop
 endfacet
 facet normal  1.9085069046e-01 2.3325672252e-02 -9.8134190116e-01
   outer loop
     vertex 2.5004224244e+00 -1.7600000000e-01 1.2449464555e-01
     vertex 2.4890358879e+00 -1.7600000000e-01 1.2228019986e-01
     vertex 2.4649139515e+00 -8.8000000000e-02 1.1968066848e-01
   endloop
 endfacet
 facet normal  1.8450138893e-01 2.1548200267e-02 -9.8259600678e-01
   outer loop
     vertex 2.4649139515e+00 -8.8000000000e-02 1.1968066848e-01
     vertex 2.4890358879e+00 -1.7600000000e-01 1.2228019986e-01
     vertex 2.4478318393e+00 -8.8000000000e-02 1.1647317180e-01
   endloop
 endfacet
 facet normal  1.8450138893e-01 2.1548200267e-02 -9.8259600678e-01
   outer loop
     vertex 2.4890358879e+00 -1.7600000000e-01 1.2228019986e-01
     vertex 2.4740650480e+00 -1.7600000000e-01 1.1946913535e-01
     vertex 2.4478318393e+00 -8.8000000000e-02 1.1647317180e-01
   endloop
 endfacet
 facet normal  1.7621700471e-01 1.9025086248e-02 -9.8416747220e-01
   outer loop
     vertex 2.4478318393e+00 -8.8000000000e-02 1.1647317180e-01
     vertex 2.4740650480e+00 -1.7600000000e-01 1.1946913535e-01
     vertex 2.4265046637e+00 -8.8000000000e-02 1.1265450161e-01
   endloop
 endfacet
 facet normal  1.7621700471e-01 1.9025086248e-02 -9.8416747220e-01
   outer loop
     vertex 2.4740650480e+00 -1.7600000000e-01 1.1946913535e-01
     vertex 2.4553738155e+00 -1.7600000000e-01 1.1612243563e-01
     vertex 2.4265046637e+00 -8.8000000000e-02 1.1265450161e-01
   endloop
 endfacet
 facet normal  1.6519574401e-01 1.5331669405e-02 -9.8614162577e-01
   outer loop
     vertex 2.4265046637e+00 -8.8000000000e-02 1.1265450161e-01
     vertex 2.4553738155e+00 -1.7600000000e-01 1.1612243563e-01
     vertex 2.4015298907e+00 -8.8000000000e-02 1.0847079604e-01
   endloop
 endfacet
 facet normal  1.6519574401e-01 1.5331669405e-02 -9.8614162577e-01
   outer loop
     vertex 2.4553738155e+00 -1.7600000000e-01 1.1612243563e-01
     vertex 2.4334858122e+00 -1.7600000000e-01 1.1245581727e-01
     vertex 2.4015298907e+00 -8.8000000000e-02 1.0847079604e-01
   endloop
 endfacet
 facet normal  1.5001820371e-01 9.7072291431e-03 -9.8863557910e-01
   outer loop
     vertex 2.4015298907e+00 -8.8000000000e-02 1.0847079604e-01
     vertex 2.4334858122e+00 -1.7600000000e-01 1.1245581727e-01
     vertex 2.3743812768e+00 -8.8000000000e-02 1.0435119284e-01
   endloop
 endfacet
 facet normal  1.5001820371e-01 9.7072291431e-03 -9.8863557910e-01
   outer loop
     vertex 2.4334858122e+00 -1.7600000000e-01 1.1245581727e-01
     vertex 2.4096926449e+00 -1.7600000000e-01 1.0884537851e-01
     vertex 2.3743812768e+00 -8.8000000000e-02 1.0435119284e-01
   endloop
 endfacet
 facet normal  1.2876222368e-01 1.0227141681e-03 -9.9167496883e-01
   outer loop
     vertex 2.3743812768e+00 -8.8000000000e-02 1.0435119284e-01
     vertex 2.4096926449e+00 -1.7600000000e-01 1.0884537851e-01
     vertex 2.3858277153e+00 -1.7600000000e-01 1.0574668034e-01
   endloop
 endfacet
 facet normal  1.2876222368e-01 1.0227141681e-03 -9.9167496883e-01
   outer loop
     vertex 2.3743812768e+00 -8.8000000000e-02 1.0435119284e-01
     vertex 2.3858277153e+00 -1.7600000000e-01 1.0574668034e-01
     vertex 2.3471507801e+00 -8.8000000000e-02 1.0081549877e-01
   endloop
 endfacet
 facet normal  9.9591213491e-02 -1.1982127415e-02 -9.9495628990e-01
   outer loop
     vertex 2.3471507801e+00 -8.8000000000e-02 1.0081549877e-01
     vertex 2.3858277153e+00 -1.7600000000e-01 1.0574668034e-01
     vertex 2.3637459294e+00 -1.7600000000e-01 1.0353638038e-01
   endloop
 endfacet
 facet normal  9.9591213491e-02 -1.1982127415e-02 -9.9495628990e-01
   outer loop
     vertex 2.3471507801e+00 -8.8000000000e-02 1.0081549877e-01
     vertex 2.3637459294e+00 -1.7600000000e-01 1.0353638038e-01
     vertex 2.3219548962e+00 -8.8000000000e-02 9.8293489840e-02
   endloop
 endfacet
 facet normal  6.1184505251e-02 -3.0382717822e-02 -9.9766394481e-01
   outer loop
     vertex 2.3219548962e+00 -8.8000000000e-02 9.8293489840e-02
     vertex 2.3637459294e+00 -1.7600000000e-01 1.0353638038e-01
     vertex 2.3447943934e+00 -1.7600000000e-01 1.0237412493e-01
   endloop
 endfacet
 facet normal  6.1184505251e-02 -3.0382717822e-02 -9.9766394481e-01
   outer loop
     vertex 2.3219548962e+00 -8.8000000000e-02 9.8293489840e-02
     vertex 2.3447943934e+00 -1.7600000000e-01 1.0237412493e-01
     vertex 2.3003307078e+00 -8.8000000000e-02 9.6967326577e-02
   endloop
 endfacet
 facet normal  1.1859138648e-02 -5.5350317042e-02 -9.9839656612e-01
   outer loop
     vertex 2.3003307078e+00 -8.8000000000e-02 9.6967326577e-02
     vertex 2.3447943934e+00 -1.7600000000e-01 1.0237412493e-01
     vertex 2.3295648845e+00 -1.7600000000e-01 1.0219322602e-01
   endloop
 endfacet
 facet normal  1.1859138648e-02 -5.5350317042e-02 -9.9839656612e-01
   outer loop
     vertex 2.3003307078e+00 -8.8000000000e-02 9.6967326577e-02
     vertex 2.3295648845e+00 -1.7600000000e-01 1.0219322602e-01
     vertex 2.2829534476e+00 -8.8000000000e-02 9.6760916274e-02
   endloop
 endfacet
 facet normal  -5.2587926952e-02 -8.9253195524e-02 -9.9461971478e-01
   outer loop
     vertex 2.2829534476e+00 -8.8000000000e-02 9.6760916274e-02
     vertex 2.3295648845e+00 -1.7600000000e-01 1.0219322602e-01
     vertex 2.3179838438e+00 -1.7600000000e-01 1.0280554338e-01
   endloop
 endfacet
 facet normal  -5.2587926952e-02 -8.9253195524e-02 -9.9461971478e-01
   outer loop
     vertex 2.2829534476e+00 -8.8000000000e-02 9.6760916274e-02
     vertex 2.3179838438e+00 -1.7600000000e-01 1.0280554338e-01
     vertex 2.2697391832e+00 -8.8000000000e-02 9.7459586089e-02
   endloop
 endfacet
 facet normal  -1.4482508825e-01 -1.3891187939e-01 -9.7965768694e-01
   outer loop
     vertex 2.2697391832e+00 -8.8000000000e-02 9.7459586089e-02
     vertex 2.3179838438e+00 -1.7600000000e-01 1.0280554338e-01
     vertex 2.3095915982e+00 -1.7600000000e-01 1.0404618869e-01
   endloop
 endfacet
 facet normal  -1.4482508825e-01 -1.3891187939e-01 -9.7965768694e-01
   outer loop
     vertex 2.2697391832e+00 -8.8000000000e-02 9.7459586089e-02
     vertex 2.3095915982e+00 -1.7600000000e-01 1.0404618869e-01
     vertex 2.2601634157e+00 -8.8000000000e-02 9.8875194201e-02
   endloop
 endfacet
 facet normal  -3.0613777776e-01 -2.2628931962e-01 -9.2470146796e-01
   outer loop
     vertex 2.2601634157e+00 -8.8000000000e-02 9.8875194201e-02
     vertex 2.3095915982e+00 -1.7600000000e-01 1.0404618869e-01
     vertex 2.3038810891e+00 -1.7600000000e-01 1.0593674755e-01
   endloop
 endfacet
 facet normal  -3.0613777776e-01 -2.2628931962e-01 -9.2470146796e-01
   outer loop
     vertex 2.2601634157e+00 -8.8000000000e-02 9.8875194201e-02
     vertex 2.3038810891e+00 -1.7600000000e-01 1.0593674755e-01
     vertex 2.2536475785e+00 -8.8000000000e-02 1.0103237033e-01
   endloop
 endfacet
 facet normal  -6.8012750302e-01 -4.2166244462e-01 -5.9968938829e-01
   outer loop
     vertex 2.2536475785e+00 -8.8000000000e-02 1.0103237033e-01
     vertex 2.3038810891e+00 -1.7600000000e-01 1.0593674755e-01
     vertex 2.3012181162e+00 -1.7600000000e-01 1.0895691292e-01
   endloop
 endfacet
 facet normal  -6.8012750302e-01 -4.2166244462e-01 -5.9968938829e-01
   outer loop
     vertex 2.2536475785e+00 -8.8000000000e-02 1.0103237033e-01
     vertex 2.3012181162e+00 -1.7600000000e-01 1.0895691292e-01
     vertex 2.2506090581e+00 -8.8000000000e-02 1.0447845646e-01
   endloop
 endfacet
 facet normal  -7.7486834848e-01 -4.2166244462e-01 4.7093505424e-01
   outer loop
     vertex 2.2506090581e+00 -8.8000000000e-02 1.0447845646e-01
     vertex 2.3012181162e+00 -1.7600000000e-01 1.0895691292e-01
     vertex 2.2529952030e+00 -8.8000000000e-02 1.0840457775e-01
   endloop
 endfacet
 facet normal  -7.7486834848e-01 -4.2166244462e-01 4.7093505424e-01
   outer loop
     vertex 2.3012181162e+00 -1.7600000000e-01 1.0895691292e-01
     vertex 2.3033093443e+00 -1.7600000000e-01 1.1239778326e-01
     vertex 2.2529952030e+00 -8.8000000000e-02 1.0840457775e-01
   endloop
 endfacet
 facet normal  -4.6376479860e-01 -2.2628931962e-01 8.5657186237e-01
   outer loop
     vertex 2.2529952030e+00 -8.8000000000e-02 1.0840457775e-01
     vertex 2.3033093443e+00 -1.7600000000e-01 1.1239778326e-01
     vertex 2.2590309702e+00 -8.8000000000e-02 1.1167246047e-01
   endloop
 endfacet
 facet normal  -4.6376479860e-01 -2.2628931962e-01 8.5657186237e-01
   outer loop
     vertex 2.3033093443e+00 -1.7600000000e-01 1.1239778326e-01
     vertex 2.3085991178e+00 -1.7600000000e-01 1.1526177036e-01
     vertex 2.2590309702e+00 -8.8000000000e-02 1.1167246047e-01
   endloop
 endfacet
 facet normal  -3.1460957197e-01 -1.3891187939e-01 9.3900176091e-01
   outer loop
     vertex 2.2590309702e+00 -8.8000000000e-02 1.1167246047e-01
     vertex 2.3085991178e+00 -1.7600000000e-01 1.1526177036e-01
     vertex 2.2682093421e+00 -8.8000000000e-02 1.1474764494e-01
   endloop
 endfacet
 facet normal  -3.1460957197e-01 -1.3891187939e-01 9.3900176091e-01
   outer loop
     vertex 2.3085991178e+00 -1.7600000000e-01 1.1526177036e-01
     vertex 2.3166430842e+00 -1.7600000000e-01 1.1795687586e-01
     vertex 2.2682093421e+00 -8.8000000000e-02 1.1474764494e-01
   endloop
 endfacet
 facet normal  -2.2643318947e-01 -8.9253195524e-02 9.6992880037e-01
   outer loop
     vertex 2.2682093421e+00 -8.8000000000e-02 1.1474764494e-01
     vertex 2.3166430842e+00 -1.7600000000e-01 1.1795687586e-01
     vertex 2.2810955693e+00 -8.8000000000e-02 1.1775597867e-01
   endloop
 endfacet
 facet normal  -2.2643318947e-01 -8.9253195524e-02 9.6992880037e-01
   outer loop
     vertex 2.3166430842e+00 -1.7600000000e-01 1.1795687586e-01
     vertex 2.3279366316e+00 -1.7600000000e-01 1.2059339306e-01
     vertex 2.2810955693e+00 -8.8000000000e-02 1.1775597867e-01
   endloop
 endfacet
 facet normal  -1.6365085450e-01 -5.5350317042e-02 9.8496433449e-01
   outer loop
     vertex 2.2810955693e+00 -8.8000000000e-02 1.1775597867e-01
     vertex 2.3279366316e+00 -1.7600000000e-01 1.2059339306e-01
     vertex 2.2982390392e+00 -8.8000000000e-02 1.2060434932e-01
   endloop
 endfacet
 facet normal  -1.6365085450e-01 -5.5350317042e-02 9.8496433449e-01
   outer loop
     vertex 2.3279366316e+00 -1.7600000000e-01 1.2059339306e-01
     vertex 2.3429612457e+00 -1.7600000000e-01 1.2308971790e-01
     vertex 2.2982390392e+00 -8.8000000000e-02 1.2060434932e-01
   endloop
 endfacet
 facet normal  -1.1496333564e-01 -3.0382717822e-02 9.9290499138e-01
   outer loop
     vertex 2.2982390392e+00 -8.8000000000e-02 1.2060434932e-01
     vertex 2.3429612457e+00 -1.7600000000e-01 1.2308971790e-01
     vertex 2.3197600782e+00 -8.8000000000e-02 1.2309615916e-01
   endloop
 endfacet
 facet normal  -1.1496333564e-01 -3.0382717822e-02 9.9290499138e-01
   outer loop
     vertex 2.3429612457e+00 -1.7600000000e-01 1.2308971790e-01
     vertex 2.3618223810e+00 -1.7600000000e-01 1.2527355124e-01
     vertex 2.3197600782e+00 -8.8000000000e-02 1.2309615916e-01
   endloop
 endfacet
 facet normal  -7.6677972197e-02 -1.1982127415e-02 9.9698391020e-01
   outer loop
     vertex 2.3197600782e+00 -8.8000000000e-02 1.2309615916e-01
     vertex 2.3618223810e+00 -1.7600000000e-01 1.2527355124e-01
     vertex 2.3450073087e+00 -8.8000000000e-02 1.2503792213e-01
   endloop
 endfacet
 facet normal  -7.6677972197e-02 -1.1982127415e-02 9.9698391020e-01
   outer loop
     vertex 2.3618223810e+00 -1.7600000000e-01 1.2527355124e-01
     vertex 2.3839491673e+00 -1.7600000000e-01 1.2697532104e-01
     vertex 2.3450073087e+00 -8.8000000000e-02 1.2503792213e-01
   endloop
 endfacet
 facet normal  -4.7384046870e-02 1.0227141681e-03 9.9887622164e-01
   outer loop
     vertex 2.3450073087e+00 -8.8000000000e-02 1.2503792213e-01
     vertex 2.3839491673e+00 -1.7600000000e-01 1.2697532104e-01
     vertex 2.3724355453e+00 -8.8000000000e-02 1.2633904515e-01
   endloop
 endfacet
 facet normal  -4.7384046870e-02 1.0227141681e-03 9.9887622164e-01
   outer loop
     vertex 2.3839491673e+00 -1.7600000000e-01 1.2697532104e-01
     vertex 2.4079873971e+00 -1.7600000000e-01 1.2811563110e-01
     vertex 2.3724355453e+00 -8.8000000000e-02 1.2633904515e-01
   endloop
 endfacet
 facet normal  -2.5924639421e-02 9.7072291431e-03 9.9961676795e-01
   outer loop
     vertex 2.3724355453e+00 -8.8000000000e-02 1.2633904515e-01
     vertex 2.4079873971e+00 -1.7600000000e-01 1.2811563110e-01
     vertex 2.4320448450e+00 -1.7600000000e-01 1.2873955087e-01
   endloop
 endfacet
 facet normal  -2.5924639421e-02 9.7072291431e-03 9.9961676795e-01
   outer loop
     vertex 2.3724355453e+00 -8.8000000000e-02 1.2633904515e-01
     vertex 2.4320448450e+00 -1.7600000000e-01 1.2873955087e-01
     vertex 2.3998857102e+00 -8.8000000000e-02 1.2705095361e-01
   endloop
 endfacet
 facet normal  -1.0544997175e-02 1.5331669405e-02 9.9982685648e-01
   outer loop
     vertex 2.3998857102e+00 -8.8000000000e-02 1.2705095361e-01
     vertex 2.4320448450e+00 -1.7600000000e-01 1.2873955087e-01
     vertex 2.4542366002e+00 -1.7600000000e-01 1.2897360339e-01
   endloop
 endfacet
 facet normal  -1.0544997175e-02 1.5331669405e-02 9.9982685648e-01
   outer loop
     vertex 2.3998857102e+00 -8.8000000000e-02 1.2705095361e-01
     vertex 2.4542366002e+00 -1.7600000000e-01 1.2897360339e-01
     vertex 2.4252070719e+00 -8.8000000000e-02 1.2731801353e-01
   endloop
 endfacet
 facet normal  6.5167217949e-04 1.9025086248e-02 9.9981879429e-01
   outer loop
     vertex 2.4252070719e+00 -8.8000000000e-02 1.2731801353e-01
     vertex 2.4542366002e+00 -1.7600000000e-01 1.2897360339e-01
     vertex 2.4732250814e+00 -1.7600000000e-01 1.2896122688e-01
   endloop
 endfacet
 facet normal  6.5167217949e-04 1.9025086248e-02 9.9981879429e-01
   outer loop
     vertex 2.4252070719e+00 -8.8000000000e-02 1.2731801353e-01
     vertex 2.4732250814e+00 -1.7600000000e-01 1.2896122688e-01
     vertex 2.4468734158e+00 -8.8000000000e-02 1.2730389162e-01
   endloop
 endfacet
 facet normal  9.0832803299e-03 2.1548200267e-02 9.9972654715e-01
   outer loop
     vertex 2.4468734158e+00 -8.8000000000e-02 1.2730389162e-01
     vertex 2.4732250814e+00 -1.7600000000e-01 1.2896122688e-01
     vertex 2.4884569223e+00 -1.7600000000e-01 1.2882283396e-01
   endloop
 endfacet
 facet normal  9.0832803299e-03 2.1548200267e-02 9.9972654715e-01
   outer loop
     vertex 2.4468734158e+00 -8.8000000000e-02 1.2730389162e-01
     vertex 2.4884569223e+00 -1.7600000000e-01 1.2882283396e-01
     vertex 2.4642533369e+00 -8.8000000000e-02 1.2714598175e-01
   endloop
 endfacet
 facet normal  1.5554145692e-02 2.3325672252e-02 9.9960691352e-01
   outer loop
     vertex 2.4642533369e+00 -8.8000000000e-02 1.2714598175e-01
     vertex 2.4884569223e+00 -1.7600000000e-01 1.2882283396e-01
     vertex 2.5000553882e+00 -1.7600000000e-01 1.2864235879e-01
   endloop
 endfacet
 facet normal  1.5554145692e-02 2.3325672252e-02 9.9960691352e-01
   outer loop
     vertex 2.4642533369e+00 -8.8000000000e-02 1.2714598175e-01
     vertex 2.5000553882e+00 -1.7600000000e-01 1.2864235879e-01
     vertex 2.4774874839e+00 -8.8000000000e-02 1.2694005495e-01
   endloop
 endfacet
 facet normal  2.0534473186e-02 2.4600564017e-02 9.9948644196e-01
   outer loop
     vertex 2.4774874839e+00 -8.8000000000e-02 1.2694005495e-01
     vertex 2.5000553882e+00 -1.7600000000e-01 1.2864235879e-01
     vertex 2.5085419065e+00 -1.7600000000e-01 1.2846800306e-01
   endloop
 endfacet
 facet normal  2.0534473186e-02 2.4600564017e-02 9.9948644196e-01
   outer loop
     vertex 2.4774874839e+00 -8.8000000000e-02 1.2694005495e-01
     vertex 2.5085419065e+00 -1.7600000000e-01 1.2846800306e-01
     vertex 2.4871708188e+00 -8.8000000000e-02 1.2674111060e-01
   endloop
 endfacet
 facet normal  2.4279865115e-02 2.5508050429e-02 9.9937972138e-01
   outer loop
     vertex 2.4871708188e+00 -8.8000000000e-02 1.2674111060e-01
     vertex 2.5085419065e+00 -1.7600000000e-01 1.2846800306e-01
     vertex 2.5145719965e+00 -1.7600000000e-01 1.2832150242e-01
   endloop
 endfacet
 facet normal  2.4279865115e-02 2.5508050429e-02 9.9937972138e-01
   outer loop
     vertex 2.4871708188e+00 -8.8000000000e-02 1.2674111060e-01
     vertex 2.5145719965e+00 -1.7600000000e-01 1.2832150242e-01
     vertex 2.4940513062e+00 -8.8000000000e-02 1.2657394961e-01
   endloop
 endfacet
 facet normal  2.6992137491e-02 2.6138818910e-02 9.9929384400e-01
   outer loop
     vertex 2.4940513062e+00 -8.8000000000e-02 1.2657394961e-01
     vertex 2.5145719965e+00 -1.7600000000e-01 1.2832150242e-01
     vertex 2.5187679940e+00 -1.7600000000e-01 1.2820816344e-01
   endloop
 endfacet
 facet normal  2.6992137491e-02 2.6138818910e-02 9.9929384400e-01
   outer loop
     vertex 2.4940513062e+00 -8.8000000000e-02 1.2657394961e-01
     vertex 2.5187679940e+00 -1.7600000000e-01 1.2820816344e-01
     vertex 2.4988390469e+00 -8.8000000000e-02 1.2644462693e-01
   endloop
 endfacet
 facet normal  2.0205596201e-01 2.6138818910e-02 -9.7902510201e-01
   outer loop
     vertex 2.5187679940e+00 -1.7600000000e-01 1.2820816344e-01
     vertex 2.5386969412e+00 -2.6400000000e-01 1.2997169996e-01
     vertex 2.5146571042e+00 -1.7600000000e-01 1.2735973801e-01
   endloop
 endfacet
 facet normal  2.0205596201e-01 2.6138818910e-02 -9.7902510201e-01
   outer loop
     vertex 2.5386969412e+00 -2.6400000000e-01 1.2997169996e-01
     vertex 2.5351657922e+00 -2.6400000000e-01 1.2924292427e-01
     vertex 2.5146571042e+00 -1.7600000000e-01 1.2735973801e-01
   endloop
 endfacet
 facet normal  1.9940091823e-01 2.5508050429e-02 -9.7958593966e-01
   outer loop
     vertex 2.5146571042e+00 -1.7600000000e-01 1.2735973801e-01
     vertex 2.5351657922e+00 -2.6400000000e-01 1.2924292427e-01
     vertex 2.5087464465e+00 -1.7600000000e-01 1.2615658623e-01
   endloop
 endfacet
 facet normal  1.9940091823e-01 2.5508050429e-02 -9.7958593966e-01
   outer loop
     vertex 2.5351657922e+00 -2.6400000000e-01 1.2924292427e-01
     vertex 2.5300886888e+00 -2.6400000000e-01 1.2820944773e-01
     vertex 2.5087464465e+00 -1.7600000000e-01 1.2615658623e-01
   endloop
 endfacet
 facet normal  1.9573246947e-01 2.4600564017e-02 -9.8034871992e-01
   outer loop
     vertex 2.5087464465e+00 -1.7600000000e-01 1.2615658623e-01
     vertex 2.5300886888e+00 -2.6400000000e-01 1.2820944773e-01
     vertex 2.5004224244e+00 -1.7600000000e-01 1.2449464555e-01
   endloop
 endfacet
 facet normal  1.9573246947e-01 2.4600564017e-02 -9.8034871992e-01
   outer loop
     vertex 2.5300886888e+00 -2.6400000000e-01 1.2820944773e-01
     vertex 2.5229385672e+00 -2.6400000000e-01 1.2678188331e-01
     vertex 2.5004224244e+00 -1.7600000000e-01 1.2449464555e-01
   endloop
 endfacet
 facet normal  1.9085069046e-01 2.3325672252e-02 -9.8134190116e-01
   outer loop
     vertex 2.5004224244e+00 -1.7600000000e-01 1.2449464555e-01
     vertex 2.5229385672e+00 -2.6400000000e-01 1.2678188331e-01
     vertex 2.4890358879e+00 -1.7600000000e-01 1.2228019986e-01
   endloop
 endfacet
 facet normal  1.9085069046e-01 2.3325672252e-02 -9.8134190116e-01
   outer loop
     vertex 2.5229385672e+00 -2.6400000000e-01 1.2678188331e-01
     vertex 2.5131578243e+00 -2.6400000000e-01 1.2487973124e-01
     vertex 2.4890358879e+00 -1.7600000000e-01 1.2228019986e-01
   endloop
 endfacet
 facet normal  1.8450138893e-01 2.1548200267e-02 -9.8259600678e-01
   outer loop
     vertex 2.4890358879e+00 -1.7600000000e-01 1.2228019986e-01
     vertex 2.5131578243e+00 -2.6400000000e-01 1.2487973124e-01
     vertex 2.4740650480e+00 -1.7600000000e-01 1.1946913535e-01
   endloop
 endfacet
 facet normal  1.8450138893e-01 2.1548200267e-02 -9.8259600678e-01
   outer loop
     vertex 2.5131578243e+00 -2.6400000000e-01 1.2487973124e-01
     vertex 2.5002982567e+00 -2.6400000000e-01 1.2246509891e-01
     vertex 2.4740650480e+00 -1.7600000000e-01 1.1946913535e-01
   endloop
 endfacet
 facet normal  1.7621700471e-01 1.9025086248e-02 -9.8416747220e-01
   outer loop
     vertex 2.4740650480e+00 -1.7600000000e-01 1.1946913535e-01
     vertex 2.5002982567e+00 -2.6400000000e-01 1.2246509891e-01
     vertex 2.4553738155e+00 -1.7600000000e-01 1.1612243563e-01
   endloop
 endfacet
 facet normal  1.7621700471e-01 1.9025086248e-02 -9.8416747220e-01
   outer loop
     vertex 2.5002982567e+00 -2.6400000000e-01 1.2246509891e-01
     vertex 2.4842429673e+00 -2.6400000000e-01 1.1959036966e-01
     vertex 2.4553738155e+00 -1.7600000000e-01 1.1612243563e-01
   endloop
 endfacet
 facet normal  1.6519574401e-01 1.5331669405e-02 -9.8614162577e-01
   outer loop
     vertex 2.4553738155e+00 -1.7600000000e-01 1.1612243563e-01
     vertex 2.4842429673e+00 -2.6400000000e-01 1.1959036966e-01
     vertex 2.4334858122e+00 -1.7600000000e-01 1.1245581727e-01
   endloop
 endfacet
 facet normal  1.6519574401e-01 1.5331669405e-02 -9.8614162577e-01
   outer loop
     vertex 2.4842429673e+00 -2.6400000000e-01 1.1959036966e-01
     vertex 2.4654417337e+00 -2.6400000000e-01 1.1644083850e-01
     vertex 2.4334858122e+00 -1.7600000000e-01 1.1245581727e-01
   endloop
 endfacet
 facet normal  1.5001820371e-01 9.7072291431e-03 -9.8863557910e-01
   outer loop
     vertex 2.4334858122e+00 -1.7600000000e-01 1.1245581727e-01
     vertex 2.4654417337e+00 -2.6400000000e-01 1.1644083850e-01
     vertex 2.4096926449e+00 -1.7600000000e-01 1.0884537851e-01
   endloop
 endfacet
 facet normal  1.5001820371e-01 9.7072291431e-03 -9.8863557910e-01
   outer loop
     vertex 2.4654417337e+00 -2.6400000000e-01 1.1644083850e-01
     vertex 2.4450040131e+00 -2.6400000000e-01 1.1333956418e-01
     vertex 2.4096926449e+00 -1.7600000000e-01 1.0884537851e-01
   endloop
 endfacet
 facet normal  1.2876222368e-01 1.0227141681e-03 -9.9167496883e-01
   outer loop
     vertex 2.4096926449e+00 -1.7600000000e-01 1.0884537851e-01
     vertex 2.4450040131e+00 -2.6400000000e-01 1.1333956418e-01
     vertex 2.4245046504e+00 -2.6400000000e-01 1.1067786191e-01
   endloop
 endfacet
 facet normal  1.2876222368e-01 1.0227141681e-03 -9.9167496883e-01
   outer loop
     vertex 2.4096926449e+00 -1.7600000000e-01 1.0884537851e-01
     vertex 2.4245046504e+00 -2.6400000000e-01 1.1067786191e-01
     vertex 2.3858277153e+00 -1.7600000000e-01 1.0574668034e-01
   endloop
 endfacet
 facet normal  9.9591213491e-02 -1.1982127415e-02 -9.9495628990e-01
   outer loop
     vertex 2.3858277153e+00 -1.7600000000e-01 1.0574668034e-01
     vertex 2.4245046504e+00 -2.6400000000e-01 1.1067786191e-01
     vertex 2.4055369625e+00 -2.6400000000e-01 1.0877927091e-01
   endloop
 endfacet
 facet normal  9.9591213491e-02 -1.1982127415e-02 -9.9495628990e-01
   outer loop
     vertex 2.3858277153e+00 -1.7600000000e-01 1.0574668034e-01
     vertex 2.4055369625e+00 -2.6400000000e-01 1.0877927091e-01
     vertex 2.3637459294e+00 -1.7600000000e-01 1.0353638038e-01
   endloop
 endfacet
 facet normal  6.1184505251e-02 -3.0382717822e-02 -9.9766394481e-01
   outer loop
     vertex 2.3637459294e+00 -1.7600000000e-01 1.0353638038e-01
     vertex 2.4055369625e+00 -2.6400000000e-01 1.0877927091e-01
     vertex 2.3892580791e+00 -2.6400000000e-01 1.0778092329e-01
   endloop
 endfacet
 facet normal  6.1184505251e-02 -3.0382717822e-02 -9.9766394481e-01
   outer loop
     vertex 2.3637459294e+00 -1.7600000000e-01 1.0353638038e-01
     vertex 2.3892580791e+00 -2.6400000000e-01 1.0778092329e-01
     vertex 2.3447943934e+00 -1.7600000000e-01 1.0237412493e-01
   endloop
 endfacet
 facet normal  1.1859138648e-02 -5.5350317042e-02 -9.9839656612e-01
   outer loop
     vertex 2.3447943934e+00 -1.7600000000e-01 1.0237412493e-01
     vertex 2.3892580791e+00 -2.6400000000e-01 1.0778092329e-01
     vertex 2.3761763214e+00 -2.6400000000e-01 1.0762553576e-01
   endloop
 endfacet
 facet normal  1.1859138648e-02 -5.5350317042e-02 -9.9839656612e-01
   outer loop
     vertex 2.3447943934e+00 -1.7600000000e-01 1.0237412493e-01
     vertex 2.3761763214e+00 -2.6400000000e-01 1.0762553576e-01
     vertex 2.3295648845e+00 -1.7600000000e-01 1.0219322602e-01
   endloop
 endfacet
 facet normal  -5.2587926952e-02 -8.9253195524e-02 -9.9461971478e-01
   outer loop
     vertex 2.3295648845e+00 -1.7600000000e-01 1.0219322602e-01
     vertex 2.3761763214e+00 -2.6400000000e-01 1.0762553576e-01
     vertex 2.3662285044e+00 -2.6400000000e-01 1.0815150068e-01
   endloop
 endfacet
 facet normal  -5.2587926952e-02 -8.9253195524e-02 -9.9461971478e-01
   outer loop
     vertex 2.3295648845e+00 -1.7600000000e-01 1.0219322602e-01
     vertex 2.3662285044e+00 -2.6400000000e-01 1.0815150068e-01
     vertex 2.3179838438e+00 -1.7600000000e-01 1.0280554338e-01
   endloop
 endfacet
 facet normal  -1.4482508825e-01 -1.3891187939e-01 -9.7965768694e-01
   outer loop
     vertex 2.3179838438e+00 -1.7600000000e-01 1.0280554338e-01
     vertex 2.3662285044e+00 -2.6400000000e-01 1.0815150068e-01
     vertex 2.3590197806e+00 -2.6400000000e-01 1.0921718319e-01
   endloop
 endfacet
 facet normal  -1.4482508825e-01 -1.3891187939e-01 -9.7965768694e-01
   outer loop
     vertex 2.3179838438e+00 -1.7600000000e-01 1.0280554338e-01
     vertex 2.3590197806e+00 -2.6400000000e-01 1.0921718319e-01
     vertex 2.3095915982e+00 -1.7600000000e-01 1.0404618869e-01
   endloop
 endfacet
 facet normal  -3.0613777776e-01 -2.2628931962e-01 -9.2470146796e-01
   outer loop
     vertex 2.3095915982e+00 -1.7600000000e-01 1.0404618869e-01
     vertex 2.3590197806e+00 -2.6400000000e-01 1.0921718319e-01
     vertex 2.3541145997e+00 -2.6400000000e-01 1.1084112477e-01
   endloop
 endfacet
 facet normal  -3.0613777776e-01 -2.2628931962e-01 -9.2470146796e-01
   outer loop
     vertex 2.3095915982e+00 -1.7600000000e-01 1.0404618869e-01
     vertex 2.3541145997e+00 -2.6400000000e-01 1.1084112477e-01
     vertex 2.3038810891e+00 -1.7600000000e-01 1.0593674755e-01
   endloop
 endfacet
 facet normal  -6.8012750302e-01 -4.2166244462e-01 -5.9968938829e-01
   outer loop
     vertex 2.3038810891e+00 -1.7600000000e-01 1.0593674755e-01
     vertex 2.3541145997e+00 -2.6400000000e-01 1.1084112477e-01
     vertex 2.3518271743e+00 -2.6400000000e-01 1.1343536938e-01
   endloop
 endfacet
 facet normal  -6.8012750302e-01 -4.2166244462e-01 -5.9968938829e-01
   outer loop
     vertex 2.3038810891e+00 -1.7600000000e-01 1.0593674755e-01
     vertex 2.3518271743e+00 -2.6400000000e-01 1.1343536938e-01
     vertex 2.3012181162e+00 -1.7600000000e-01 1.0895691292e-01
   endloop
 endfacet
 facet normal  -7.7486834848e-01 -4.2166244462e-01 4.7093505424e-01
   outer loop
     vertex 2.3012181162e+00 -1.7600000000e-01 1.0895691292e-01
     vertex 2.3518271743e+00 -2.6400000000e-01 1.1343536938e-01
     vertex 2.3033093443e+00 -1.7600000000e-01 1.1239778326e-01
   endloop
 endfacet
 facet normal  -7.7486834848e-01 -4.2166244462e-01 4.7093505424e-01
   outer loop
     vertex 2.3518271743e+00 -2.6400000000e-01 1.1343536938e-01
     vertex 2.3536234856e+00 -2.6400000000e-01 1.1639098878e-01
     vertex 2.3033093443e+00 -1.7600000000e-01 1.1239778326e-01
   endloop
 endfacet
 facet normal  -4.6376479860e-01 -2.2628931962e-01 8.5657186237e-01
   outer loop
     vertex 2.3033093443e+00 -1.7600000000e-01 1.1239778326e-01
     vertex 2.3536234856e+00 -2.6400000000e-01 1.1639098878e-01
     vertex 2.3085991178e+00 -1.7600000000e-01 1.1526177036e-01
   endloop
 endfacet
 facet normal  -4.6376479860e-01 -2.2628931962e-01 8.5657186237e-01
   outer loop
     vertex 2.3536234856e+00 -2.6400000000e-01 1.1639098878e-01
     vertex 2.3581672654e+00 -2.6400000000e-01 1.1885108026e-01
     vertex 2.3085991178e+00 -1.7600000000e-01 1.1526177036e-01
   endloop
 endfacet
 facet normal  -3.1460957197e-01 -1.3891187939e-01 9.3900176091e-01
   outer loop
     vertex 2.3085991178e+00 -1.7600000000e-01 1.1526177036e-01
     vertex 2.3581672654e+00 -2.6400000000e-01 1.1885108026e-01
     vertex 2.3166430842e+00 -1.7600000000e-01 1.1795687586e-01
   endloop
 endfacet
 facet normal  -3.1460957197e-01 -1.3891187939e-01 9.3900176091e-01
   outer loop
     vertex 2.3581672654e+00 -2.6400000000e-01 1.1885108026e-01
     vertex 2.3650768263e+00 -2.6400000000e-01 1.2116610677e-01
     vertex 2.3166430842e+00 -1.7600000000e-01 1.1795687586e-01
   endloop
 endfacet
 facet normal  -2.2643318947e-01 -8.9253195524e-02 9.6992880037e-01
   outer loop
     vertex 2.3166430842e+00 -1.7600000000e-01 1.1795687586e-01
     vertex 2.3650768263e+00 -2.6400000000e-01 1.2116610677e-01
     vertex 2.3279366316e+00 -1.7600000000e-01 1.2059339306e-01
   endloop
 endfacet
 facet normal  -2.2643318947e-01 -8.9253195524e-02 9.6992880037e-01
   outer loop
     vertex 2.3650768263e+00 -2.6400000000e-01 1.2116610677e-01
     vertex 2.3747776939e+00 -2.6400000000e-01 1.2343080745e-01
     vertex 2.3279366316e+00 -1.7600000000e-01 1.2059339306e-01
   endloop
 endfacet
 facet normal  -1.6365085450e-01 -5.5350317042e-02 9.8496433449e-01
   outer loop
     vertex 2.3279366316e+00 -1.7600000000e-01 1.2059339306e-01
     vertex 2.3747776939e+00 -2.6400000000e-01 1.2343080745e-01
     vertex 2.3429612457e+00 -1.7600000000e-01 1.2308971790e-01
   endloop
 endfacet
 facet normal  -1.6365085450e-01 -5.5350317042e-02 9.8496433449e-01
   outer loop
     vertex 2.3747776939e+00 -2.6400000000e-01 1.2343080745e-01
     vertex 2.3876834522e+00 -2.6400000000e-01 1.2557508648e-01
     vertex 2.3429612457e+00 -1.7600000000e-01 1.2308971790e-01
   endloop
 endfacet
 facet normal  -1.1496333564e-01 -3.0382717822e-02 9.9290499138e-01
   outer loop
     vertex 2.3429612457e+00 -1.7600000000e-01 1.2308971790e-01
     vertex 2.3876834522e+00 -2.6400000000e-01 1.2557508648e-01
     vertex 2.3618223810e+00 -1.7600000000e-01 1.2527355124e-01
   endloop
 endfacet
 facet normal  -1.1496333564e-01 -3.0382717822e-02 9.9290499138e-01
   outer loop
     vertex 2.3876834522e+00 -2.6400000000e-01 1.2557508648e-01
     vertex 2.4038846838e+00 -2.6400000000e-01 1.2745094332e-01
     vertex 2.3618223810e+00 -1.7600000000e-01 1.2527355124e-01
   endloop
 endfacet
 facet normal  -7.6677972197e-02 -1.1982127415e-02 9.9698391020e-01
   outer loop
     vertex 2.3618223810e+00 -1.7600000000e-01 1.2527355124e-01
     vertex 2.4038846838e+00 -2.6400000000e-01 1.2745094332e-01
     vertex 2.3839491673e+00 -1.7600000000e-01 1.2697532104e-01
   endloop
 endfacet
 facet normal  -7.6677972197e-02 -1.1982127415e-02 9.9698391020e-01
   outer loop
     vertex 2.4038846838e+00 -2.6400000000e-01 1.2745094332e-01
     vertex 2.4228910259e+00 -2.6400000000e-01 1.2891271994e-01
     vertex 2.3839491673e+00 -1.7600000000e-01 1.2697532104e-01
   endloop
 endfacet
 facet normal  -4.7384046870e-02 1.0227141681e-03 9.9887622164e-01
   outer loop
     vertex 2.3839491673e+00 -1.7600000000e-01 1.2697532104e-01
     vertex 2.4228910259e+00 -2.6400000000e-01 1.2891271994e-01
     vertex 2.4079873971e+00 -1.7600000000e-01 1.2811563110e-01
   endloop
 endfacet
 facet normal  -4.7384046870e-02 1.0227141681e-03 9.9887622164e-01
   outer loop
     vertex 2.4228910259e+00 -2.6400000000e-01 1.2891271994e-01
     vertex 2.4435392489e+00 -2.6400000000e-01 1.2989221705e-01
     vertex 2.4079873971e+00 -1.7600000000e-01 1.2811563110e-01
   endloop
 endfacet
 facet normal  -2.5924639421e-02 9.7072291431e-03 9.9961676795e-01
   outer loop
     vertex 2.4079873971e+00 -1.7600000000e-01 1.2811563110e-01
     vertex 2.4435392489e+00 -2.6400000000e-01 1.2989221705e-01
     vertex 2.4642039798e+00 -2.6400000000e-01 1.3042814813e-01
   endloop
 endfacet
 facet normal  -2.5924639421e-02 9.7072291431e-03 9.9961676795e-01
   outer loop
     vertex 2.4079873971e+00 -1.7600000000e-01 1.2811563110e-01
     vertex 2.4642039798e+00 -2.6400000000e-01 1.3042814813e-01
     vertex 2.4320448450e+00 -1.7600000000e-01 1.2873955087e-01
   endloop
 endfacet
 facet normal  -1.0544997175e-02 1.5331669405e-02 9.9982685648e-01
   outer loop
     vertex 2.4320448450e+00 -1.7600000000e-01 1.2873955087e-01
     vertex 2.4642039798e+00 -2.6400000000e-01 1.3042814813e-01
     vertex 2.4832661285e+00 -2.6400000000e-01 1.3062919325e-01
   endloop
 endfacet
 facet normal  -1.0544997175e-02 1.5331669405e-02 9.9982685648e-01
   outer loop
     vertex 2.4320448450e+00 -1.7600000000e-01 1.2873955087e-01
     vertex 2.4832661285e+00 -2.6400000000e-01 1.3062919325e-01
     vertex 2.4542366002e+00 -1.7600000000e-01 1.2897360339e-01
   endloop
 endfacet
 facet normal  6.5167217949e-04 1.9025086248e-02 9.9981879429e-01
   outer loop
     vertex 2.4542366002e+00 -1.7600000000e-01 1.2897360339e-01
     vertex 2.4832661285e+00 -2.6400000000e-01 1.3062919325e-01
     vertex 2.4995767470e+00 -2.6400000000e-01 1.3061856214e-01
   endloop
 endfacet
 facet normal  6.5167217949e-04 1.9025086248e-02 9.9981879429e-01
   outer loop
     vertex 2.4542366002e+00 -1.7600000000e-01 1.2897360339e-01
     vertex 2.4995767470e+00 -2.6400000000e-01 1.3061856214e-01
     vertex 2.4732250814e+00 -1.7600000000e-01 1.2896122688e-01
   endloop
 endfacet
 facet normal  9.0832803299e-03 2.1548200267e-02 9.9972654715e-01
   outer loop
     vertex 2.4732250814e+00 -1.7600000000e-01 1.2896122688e-01
     vertex 2.4995767470e+00 -2.6400000000e-01 1.3061856214e-01
     vertex 2.5126605078e+00 -2.6400000000e-01 1.3049968617e-01
   endloop
 endfacet
 facet normal  9.0832803299e-03 2.1548200267e-02 9.9972654715e-01
   outer loop
     vertex 2.4732250814e+00 -1.7600000000e-01 1.2896122688e-01
     vertex 2.5126605078e+00 -2.6400000000e-01 1.3049968617e-01
     vertex 2.4884569223e+00 -1.7600000000e-01 1.2882283396e-01
   endloop
 endfacet
 facet normal  1.5554145692e-02 2.3325672252e-02 9.9960691352e-01
   outer loop
     vertex 2.4884569223e+00 -1.7600000000e-01 1.2882283396e-01
     vertex 2.5126605078e+00 -2.6400000000e-01 1.3049968617e-01
     vertex 2.5226232926e+00 -2.6400000000e-01 1.3034466263e-01
   endloop
 endfacet
 facet normal  1.5554145692e-02 2.3325672252e-02 9.9960691352e-01
   outer loop
     vertex 2.4884569223e+00 -1.7600000000e-01 1.2882283396e-01
     vertex 2.5226232926e+00 -2.6400000000e-01 1.3034466263e-01
     vertex 2.5000553882e+00 -1.7600000000e-01 1.2864235879e-01
   endloop
 endfacet
 facet normal  2.0534473186e-02 2.4600564017e-02 9.9948644196e-01
   outer loop
     vertex 2.5000553882e+00 -1.7600000000e-01 1.2864235879e-01
     vertex 2.5226232926e+00 -2.6400000000e-01 1.3034466263e-01
     vertex 2.5299129941e+00 -2.6400000000e-01 1.3019489553e-01
   endloop
 endfacet
 facet normal  2.0534473186e-02 2.4600564017e-02 9.9948644196e-01
   outer loop
     vertex 2.5000553882e+00 -1.7600000000e-01 1.2864235879e-01
     vertex 2.5299129941e+00 -2.6400000000e-01 1.3019489553e-01
     vertex 2.5085419065e+00 -1.7600000000e-01 1.2846800306e-01
   endloop
 endfacet
 facet normal  2.4279865115e-02 2.5508050429e-02 9.9937972138e-01
   outer loop
     vertex 2.5085419065e+00 -1.7600000000e-01 1.2846800306e-01
     vertex 2.5299129941e+00 -2.6400000000e-01 1.3019489553e-01
     vertex 2.5350926869e+00 -2.6400000000e-01 1.3006905523e-01
   endloop
 endfacet
 facet normal  2.4279865115e-02 2.5508050429e-02 9.9937972138e-01
   outer loop
     vertex 2.5085419065e+00 -1.7600000000e-01 1.2846800306e-01
     vertex 2.5350926869e+00 -2.6400000000e-01 1.3006905523e-01
     vertex 2.5145719965e+00 -1.7600000000e-01 1.2832150242e-01
   endloop
 endfacet
 facet normal  2.6992137491e-02 2.6138818910e-02 9.9929384400e-01
   outer loop
     vertex 2.5145719965e+00 -1.7600000000e-01 1.2832150242e-01
     vertex 2.5350926869e+00 -2.6400000000e-01 1.3006905523e-01
     vertex 2.5386969412e+00 -2.6400000000e-01 1.2997169996e-01
   endloop
 endfacet
 facet normal  2.6992137491e-02 2.6138818910e-02 9.9929384400e-01
   outer loop
     vertex 2.5145719965e+00 -1.7600000000e-01 1.2832150242e-01
     vertex 2.5386969412e+00 -2.6400000000e-01 1.2997169996e-01
     vertex 2.5187679940e+00 -1.7600000000e-01 1.2820816344e-01
   endloop
 endfacet
 facet normal  2.0205596201e-01 2.6138818910e-02 -9.7902510201e-01
   outer loop
     vertex 2.5386969412e+00 -2.6400000000e-01 1.2997169996e-01
     vertex 2.5586258883e+00 -3.5200000000e-01 1.3173523647e-01
     vertex 2.5351657922e+00 -2.6400000000e-01 1.2924292427e-01
   endloop
 endfacet
 facet normal  2.0205596201e-01 2.6138818910e-02 -9.7902510201e-01
   outer loop
     vertex 2.5586258883e+00 -3.5200000000e-01 1.3173523647e-01
     vertex 2.5556744802e+00 -3.5200000000e-01 1.3112611052e-01
     vertex 2.5351657922e+00 -2.6400000000e-01 1.2924292427e-01
   endloop
 endfacet
 facet normal  1.9940091823e-01 2.5508050429e-02 -9.7958593966e-01
   outer loop
     vertex 2.5351657922e+00 -2.6400000000e-01 1.2924292427e-01
     vertex 2.5556744802e+00 -3.5200000000e-01 1.3112611052e-01
     vertex 2.5300886888e+00 -2.6400000000e-01 1.2820944773e-01
   endloop
 endfacet
 facet normal  1.9940091823e-01 2.5508050429e-02 -9.7958593966e-01
   outer loop
     vertex 2.5556744802e+00 -3.5200000000e-01 1.3112611052e-01
     vertex 2.5514309311e+00 -3.5200000000e-01 1.3026230924e-01
     vertex 2.5300886888e+00 -2.6400000000e-01 1.2820944773e-01
   endloop
 endfacet
 facet normal  1.9573246947e-01 2.4600564017e-02 -9.8034871992e-01
   outer loop
     vertex 2.5300886888e+00 -2.6400000000e-01 1.2820944773e-01
     vertex 2.5514309311e+00 -3.5200000000e-01 1.3026230924e-01
     vertex 2.5229385672e+00 -2.6400000000e-01 1.2678188331e-01
   endloop
 endfacet
 facet normal  1.9573246947e-01 2.4600564017e-02 -9.8034871992e-01
   outer loop
     vertex 2.5514309311e+00 -3.5200000000e-01 1.3026230924e-01
     vertex 2.5454547100e+00 -3.5200000000e-01 1.2906912106e-01
     vertex 2.5229385672e+00 -2.6400000000e-01 1.2678188331e-01
   endloop
 endfacet
 facet normal  1.9085069046e-01 2.3325672252e-02 -9.8134190116e-01
   outer loop
     vertex 2.5229385672e+00 -2.6400000000e-01 1.2678188331e-01
     vertex 2.5454547100e+00 -3.5200000000e-01 1.2906912106e-01
     vertex 2.5131578243e+00 -2.6400000000e-01 1.2487973124e-01
   endloop
 endfacet
 facet normal  1.9085069046e-01 2.3325672252e-02 -9.8134190116e-01
   outer loop
     vertex 2.5454547100e+00 -3.5200000000e-01 1.2906912106e-01
     vertex 2.5372797608e+00 -3.5200000000e-01 1.2747926262e-01
     vertex 2.5131578243e+00 -2.6400000000e-01 1.2487973124e-01
   endloop
 endfacet
 facet normal  1.8450138893e-01 2.1548200267e-02 -9.8259600678e-01
   outer loop
     vertex 2.5131578243e+00 -2.6400000000e-01 1.2487973124e-01
     vertex 2.5372797608e+00 -3.5200000000e-01 1.2747926262e-01
     vertex 2.5002982567e+00 -2.6400000000e-01 1.2246509891e-01
   endloop
 endfacet
 facet normal  1.8450138893e-01 2.1548200267e-02 -9.8259600678e-01
   outer loop
     vertex 2.5372797608e+00 -3.5200000000e-01 1.2747926262e-01
     vertex 2.5265314655e+00 -3.5200000000e-01 1.2546106246e-01
     vertex 2.5002982567e+00 -2.6400000000e-01 1.2246509891e-01
   endloop
 endfacet
 facet normal  1.7621700471e-01 1.9025086248e-02 -9.8416747220e-01
   outer loop
     vertex 2.5002982567e+00 -2.6400000000e-01 1.2246509891e-01
     vertex 2.5265314655e+00 -3.5200000000e-01 1.2546106246e-01
     vertex 2.4842429673e+00 -2.6400000000e-01 1.1959036966e-01
   endloop
 endfacet
 facet normal  1.7621700471e-01 1.9025086248e-02 -9.8416747220e-01
   outer loop
     vertex 2.5265314655e+00 -3.5200000000e-01 1.2546106246e-01
     vertex 2.5131121191e+00 -3.5200000000e-01 1.2305830369e-01
     vertex 2.4842429673e+00 -2.6400000000e-01 1.1959036966e-01
   endloop
 endfacet
 facet normal  1.6519574401e-01 1.5331669405e-02 -9.8614162577e-01
   outer loop
     vertex 2.4842429673e+00 -2.6400000000e-01 1.1959036966e-01
     vertex 2.5131121191e+00 -3.5200000000e-01 1.2305830369e-01
     vertex 2.4654417337e+00 -2.6400000000e-01 1.1644083850e-01
   endloop
 endfacet
 facet normal  1.6519574401e-01 1.5331669405e-02 -9.8614162577e-01
   outer loop
     vertex 2.5131121191e+00 -3.5200000000e-01 1.2305830369e-01
     vertex 2.4973976551e+00 -3.5200000000e-01 1.2042585973e-01
     vertex 2.4654417337e+00 -2.6400000000e-01 1.1644083850e-01
   endloop
 endfacet
 facet normal  1.5001820371e-01 9.7072291431e-03 -9.8863557910e-01
   outer loop
     vertex 2.4654417337e+00 -2.6400000000e-01 1.1644083850e-01
     vertex 2.4973976551e+00 -3.5200000000e-01 1.2042585973e-01
     vertex 2.4450040131e+00 -2.6400000000e-01 1.1333956418e-01
   endloop
 endfacet
 facet normal  1.5001820371e-01 9.7072291431e-03 -9.8863557910e-01
   outer loop
     vertex 2.4973976551e+00 -3.5200000000e-01 1.2042585973e-01
     vertex 2.4803153812e+00 -3.5200000000e-01 1.1783374986e-01
     vertex 2.4450040131e+00 -2.6400000000e-01 1.1333956418e-01
   endloop
 endfacet
 facet normal  1.2876222368e-01 1.0227141681e-03 -9.9167496883e-01
   outer loop
     vertex 2.4450040131e+00 -2.6400000000e-01 1.1333956418e-01
     vertex 2.4803153812e+00 -3.5200000000e-01 1.1783374986e-01
     vertex 2.4631815856e+00 -3.5200000000e-01 1.1560904348e-01
   endloop
 endfacet
 facet normal  1.2876222368e-01 1.0227141681e-03 -9.9167496883e-01
   outer loop
     vertex 2.4450040131e+00 -2.6400000000e-01 1.1333956418e-01
     vertex 2.4631815856e+00 -3.5200000000e-01 1.1560904348e-01
     vertex 2.4245046504e+00 -2.6400000000e-01 1.1067786191e-01
   endloop
 endfacet
 facet normal  9.9591213491e-02 -1.1982127415e-02 -9.9495628990e-01
   outer loop
     vertex 2.4245046504e+00 -2.6400000000e-01 1.1067786191e-01
     vertex 2.4631815856e+00 -3.5200000000e-01 1.1560904348e-01
     vertex 2.4473279957e+00 -3.5200000000e-01 1.1402216145e-01
   endloop
 endfacet
 facet normal  9.9591213491e-02 -1.1982127415e-02 -9.9495628990e-01
   outer loop
     vertex 2.4245046504e+00 -2.6400000000e-01 1.1067786191e-01
     vertex 2.4473279957e+00 -3.5200000000e-01 1.1402216145e-01
     vertex 2.4055369625e+00 -2.6400000000e-01 1.0877927091e-01
   endloop
 endfacet
 facet normal  6.1184505251e-02 -3.0382717822e-02 -9.9766394481e-01
   outer loop
     vertex 2.4055369625e+00 -2.6400000000e-01 1.0877927091e-01
     vertex 2.4473279957e+00 -3.5200000000e-01 1.1402216145e-01
     vertex 2.4337217648e+00 -3.5200000000e-01 1.1318772165e-01
   endloop
 endfacet
 facet normal  6.1184505251e-02 -3.0382717822e-02 -9.9766394481e-01
   outer loop
     vertex 2.4055369625e+00 -2.6400000000e-01 1.0877927091e-01
     vertex 2.4337217648e+00 -3.5200000000e-01 1.1318772165e-01
     vertex 2.3892580791e+00 -2.6400000000e-01 1.0778092329e-01
   endloop
 endfacet
 facet normal  1.1859138648e-02 -5.5350317042e-02 -9.9839656612e-01
   outer loop
     vertex 2.3892580791e+00 -2.6400000000e-01 1.0778092329e-01
     vertex 2.4337217648e+00 -3.5200000000e-01 1.1318772165e-01
     vertex 2.4227877584e+00 -3.5200000000e-01 1.1305784550e-01
   endloop
 endfacet
 facet normal  1.1859138648e-02 -5.5350317042e-02 -9.9839656612e-01
   outer loop
     vertex 2.3892580791e+00 -2.6400000000e-01 1.0778092329e-01
     vertex 2.4227877584e+00 -3.5200000000e-01 1.1305784550e-01
     vertex 2.3761763214e+00 -2.6400000000e-01 1.0762553576e-01
   endloop
 endfacet
 facet normal  -5.2587926952e-02 -8.9253195524e-02 -9.9461971478e-01
   outer loop
     vertex 2.3761763214e+00 -2.6400000000e-01 1.0762553576e-01
     vertex 2.4227877584e+00 -3.5200000000e-01 1.1305784550e-01
     vertex 2.4144731650e+00 -3.5200000000e-01 1.1349745797e-01
   endloop
 endfacet
 facet normal  -5.2587926952e-02 -8.9253195524e-02 -9.9461971478e-01
   outer loop
     vertex 2.3761763214e+00 -2.6400000000e-01 1.0762553576e-01
     vertex 2.4144731650e+00 -3.5200000000e-01 1.1349745797e-01
     vertex 2.3662285044e+00 -2.6400000000e-01 1.0815150068e-01
   endloop
 endfacet
 facet normal  -1.4482508825e-01 -1.3891187939e-01 -9.7965768694e-01
   outer loop
     vertex 2.3662285044e+00 -2.6400000000e-01 1.0815150068e-01
     vertex 2.4144731650e+00 -3.5200000000e-01 1.1349745797e-01
     vertex 2.4084479630e+00 -3.5200000000e-01 1.1438817768e-01
   endloop
 endfacet
 facet normal  -1.4482508825e-01 -1.3891187939e-01 -9.7965768694e-01
   outer loop
     vertex 2.3662285044e+00 -2.6400000000e-01 1.0815150068e-01
     vertex 2.4084479630e+00 -3.5200000000e-01 1.1438817768e-01
     vertex 2.3590197806e+00 -2.6400000000e-01 1.0921718319e-01
   endloop
 endfacet
 facet normal  -3.0613777776e-01 -2.2628931962e-01 -9.2470146796e-01
   outer loop
     vertex 2.3590197806e+00 -2.6400000000e-01 1.0921718319e-01
     vertex 2.4084479630e+00 -3.5200000000e-01 1.1438817768e-01
     vertex 2.4043481104e+00 -3.5200000000e-01 1.1574550199e-01
   endloop
 endfacet
 facet normal  -3.0613777776e-01 -2.2628931962e-01 -9.2470146796e-01
   outer loop
     vertex 2.3590197806e+00 -2.6400000000e-01 1.0921718319e-01
     vertex 2.4043481104e+00 -3.5200000000e-01 1.1574550199e-01
     vertex 2.3541145997e+00 -2.6400000000e-01 1.1084112477e-01
   endloop
 endfacet
 facet normal  -6.8012750302e-01 -4.2166244462e-01 -5.9968938829e-01
   outer loop
     vertex 2.3541145997e+00 -2.6400000000e-01 1.1084112477e-01
     vertex 2.4043481104e+00 -3.5200000000e-01 1.1574550199e-01
     vertex 2.4024362324e+00 -3.5200000000e-01 1.1791382584e-01
   endloop
 endfacet
 facet normal  -6.8012750302e-01 -4.2166244462e-01 -5.9968938829e-01
   outer loop
     vertex 2.3541145997e+00 -2.6400000000e-01 1.1084112477e-01
     vertex 2.4024362324e+00 -3.5200000000e-01 1.1791382584e-01
     vertex 2.3518271743e+00 -2.6400000000e-01 1.1343536938e-01
   endloop
 endfacet
 facet normal  -7.7486834848e-01 -4.2166244462e-01 4.7093505424e-01
   outer loop
     vertex 2.3518271743e+00 -2.6400000000e-01 1.1343536938e-01
     vertex 2.4024362324e+00 -3.5200000000e-01 1.1791382584e-01
     vertex 2.3536234856e+00 -2.6400000000e-01 1.1639098878e-01
   endloop
 endfacet
 facet normal  -7.7486834848e-01 -4.2166244462e-01 4.7093505424e-01
   outer loop
     vertex 2.4024362324e+00 -3.5200000000e-01 1.1791382584e-01
     vertex 2.4039376269e+00 -3.5200000000e-01 1.2038419429e-01
     vertex 2.3536234856e+00 -2.6400000000e-01 1.1639098878e-01
   endloop
 endfacet
 facet normal  -4.6376479860e-01 -2.2628931962e-01 8.5657186237e-01
   outer loop
     vertex 2.3536234856e+00 -2.6400000000e-01 1.1639098878e-01
     vertex 2.4039376269e+00 -3.5200000000e-01 1.2038419429e-01
     vertex 2.3581672654e+00 -2.6400000000e-01 1.1885108026e-01
   endloop
 endfacet
 facet normal  -4.6376479860e-01 -2.2628931962e-01 8.5657186237e-01
   outer loop
     vertex 2.4039376269e+00 -3.5200000000e-01 1.2038419429e-01
     vertex 2.4077354130e+00 -3.5200000000e-01 1.2244039016e-01
     vertex 2.3581672654e+00 -2.6400000000e-01 1.1885108026e-01
   endloop
 endfacet
 facet normal  -3.1460957197e-01 -1.3891187939e-01 9.3900176091e-01
   outer loop
     vertex 2.3581672654e+00 -2.6400000000e-01 1.1885108026e-01
     vertex 2.4077354130e+00 -3.5200000000e-01 1.2244039016e-01
     vertex 2.3650768263e+00 -2.6400000000e-01 1.2116610677e-01
   endloop
 endfacet
 facet normal  -3.1460957197e-01 -1.3891187939e-01 9.3900176091e-01
   outer loop
     vertex 2.4077354130e+00 -3.5200000000e-01 1.2244039016e-01
     vertex 2.4135105684e+00 -3.5200000000e-01 1.2437533769e-01
     vertex 2.3650768263e+00 -2.6400000000e-01 1.2116610677e-01
   endloop
 endfacet
 facet normal  -2.2643318947e-01 -8.9253195524e-02 9.6992880037e-01
   outer loop
     vertex 2.3650768263e+00 -2.6400000000e-01 1.2116610677e-01
     vertex 2.4135105684e+00 -3.5200000000e-01 1.2437533769e-01
     vertex 2.3747776939e+00 -2.6400000000e-01 1.2343080745e-01
   endloop
 endfacet
 facet normal  -2.2643318947e-01 -8.9253195524e-02 9.6992880037e-01
   outer loop
     vertex 2.4135105684e+00 -3.5200000000e-01 1.2437533769e-01
     vertex 2.4216187563e+00 -3.5200000000e-01 1.2626822184e-01
     vertex 2.3747776939e+00 -2.6400000000e-01 1.2343080745e-01
   endloop
 endfacet
 facet normal  -1.6365085450e-01 -5.5350317042e-02 9.8496433449e-01
   outer loop
     vertex 2.3747776939e+00 -2.6400000000e-01 1.2343080745e-01
     vertex 2.4216187563e+00 -3.5200000000e-01 1.2626822184e-01
     vertex 2.3876834522e+00 -2.6400000000e-01 1.2557508648e-01
   endloop
 endfacet
 facet normal  -1.6365085450e-01 -5.5350317042e-02 9.8496433449e-01
   outer loop
     vertex 2.4216187563e+00 -3.5200000000e-01 1.2626822184e-01
     vertex 2.4324056587e+00 -3.5200000000e-01 1.2806045506e-01
     vertex 2.3876834522e+00 -2.6400000000e-01 1.2557508648e-01
   endloop
 endfacet
 facet normal  -1.1496333564e-01 -3.0382717822e-02 9.9290499138e-01
   outer loop
     vertex 2.3876834522e+00 -2.6400000000e-01 1.2557508648e-01
     vertex 2.4324056587e+00 -3.5200000000e-01 1.2806045506e-01
     vertex 2.4038846838e+00 -2.6400000000e-01 1.2745094332e-01
   endloop
 endfacet
 facet normal  -1.1496333564e-01 -3.0382717822e-02 9.9290499138e-01
   outer loop
     vertex 2.4324056587e+00 -3.5200000000e-01 1.2806045506e-01
     vertex 2.4459469866e+00 -3.5200000000e-01 1.2962833541e-01
     vertex 2.4038846838e+00 -2.6400000000e-01 1.2745094332e-01
   endloop
 endfacet
 facet normal  -7.6677972197e-02 -1.1982127415e-02 9.9698391020e-01
   outer loop
     vertex 2.4038846838e+00 -2.6400000000e-01 1.2745094332e-01
     vertex 2.4459469866e+00 -3.5200000000e-01 1.2962833541e-01
     vertex 2.4228910259e+00 -2.6400000000e-01 1.2891271994e-01
   endloop
 endfacet
 facet normal  -7.6677972197e-02 -1.1982127415e-02 9.9698391020e-01
   outer loop
     vertex 2.4459469866e+00 -3.5200000000e-01 1.2962833541e-01
     vertex 2.4618328845e+00 -3.5200000000e-01 1.3085011885e-01
     vertex 2.4228910259e+00 -2.6400000000e-01 1.2891271994e-01
   endloop
 endfacet
 facet normal  -4.7384046870e-02 1.0227141681e-03 9.9887622164e-01
   outer loop
     vertex 2.4228910259e+00 -2.6400000000e-01 1.2891271994e-01
     vertex 2.4618328845e+00 -3.5200000000e-01 1.3085011885e-01
     vertex 2.4435392489e+00 -2.6400000000e-01 1.2989221705e-01
   endloop
 endfacet
 facet normal  -4.7384046870e-02 1.0227141681e-03 9.9887622164e-01
   outer loop
     vertex 2.4618328845e+00 -3.5200000000e-01 1.3085011885e-01
     vertex 2.4790911007e+00 -3.5200000000e-01 1.3166880300e-01
     vertex 2.4435392489e+00 -2.6400000000e-01 1.2989221705e-01
   endloop
 endfacet
 facet normal  -2.5924639421e-02 9.7072291431e-03 9.9961676795e-01
   outer loop
     vertex 2.4435392489e+00 -2.6400000000e-01 1.2989221705e-01
     vertex 2.4790911007e+00 -3.5200000000e-01 1.3166880300e-01
     vertex 2.4963631146e+00 -3.5200000000e-01 1.3211674540e-01
   endloop
 endfacet
 facet normal  -2.5924639421e-02 9.7072291431e-03 9.9961676795e-01
   outer loop
     vertex 2.4435392489e+00 -2.6400000000e-01 1.2989221705e-01
     vertex 2.4963631146e+00 -3.5200000000e-01 1.3211674540e-01
     vertex 2.4642039798e+00 -2.6400000000e-01 1.3042814813e-01
   endloop
 endfacet
 facet normal  -1.0544997175e-02 1.5331669405e-02 9.9982685648e-01
   outer loop
     vertex 2.4642039798e+00 -2.6400000000e-01 1.3042814813e-01
     vertex 2.4963631146e+00 -3.5200000000e-01 1.3211674540e-01
     vertex 2.5122956568e+00 -3.5200000000e-01 1.3228478310e-01
   endloop
 endfacet
 facet normal  -1.0544997175e-02 1.5331669405e-02 9.9982685648e-01
   outer loop
     vertex 2.4642039798e+00 -2.6400000000e-01 1.3042814813e-01
     vertex 2.5122956568e+00 -3.5200000000e-01 1.3228478310e-01
     vertex 2.4832661285e+00 -2.6400000000e-01 1.3062919325e-01
   endloop
 endfacet
 facet normal  6.5167217949e-04 1.9025086248e-02 9.9981879429e-01
   outer loop
     vertex 2.4832661285e+00 -2.6400000000e-01 1.3062919325e-01
     vertex 2.5122956568e+00 -3.5200000000e-01 1.3228478310e-01
     vertex 2.5259284125e+00 -3.5200000000e-01 1.3227589740e-01
   endloop
 endfacet
 facet normal  6.5167217949e-04 1.9025086248e-02 9.9981879429e-01
   outer loop
     vertex 2.4832661285e+00 -2.6400000000e-01 1.3062919325e-01
     vertex 2.5259284125e+00 -3.5200000000e-01 1.3227589740e-01
     vertex 2.4995767470e+00 -2.6400000000e-01 1.3061856214e-01
   endloop
 endfacet
 facet normal  9.0832803299e-03 2.1548200267e-02 9.9972654715e-01
   outer loop
     vertex 2.4995767470e+00 -2.6400000000e-01 1.3061856214e-01
     vertex 2.5259284125e+00 -3.5200000000e-01 1.3227589740e-01
     vertex 2.5368640932e+00 -3.5200000000e-01 1.3217653838e-01
   endloop
 endfacet
 facet normal  9.0832803299e-03 2.1548200267e-02 9.9972654715e-01
   outer loop
     vertex 2.4995767470e+00 -2.6400000000e-01 1.3061856214e-01
     vertex 2.5368640932e+00 -3.5200000000e-01 1.3217653838e-01
     vertex 2.5126605078e+00 -2.6400000000e-01 1.3049968617e-01
   endloop
 endfacet
 facet normal  1.5554145692e-02 2.3325672252e-02 9.9960691352e-01
   outer loop
     vertex 2.5126605078e+00 -2.6400000000e-01 1.3049968617e-01
     vertex 2.5368640932e+00 -3.5200000000e-01 1.3217653838e-01
     vertex 2.5451911969e+00 -3.5200000000e-01 1.3204696646e-01
   endloop
 endfacet
 facet normal  1.5554145692e-02 2.3325672252e-02 9.9960691352e-01
   outer loop
     vertex 2.5126605078e+00 -2.6400000000e-01 1.3049968617e-01
     vertex 2.5451911969e+00 -3.5200000000e-01 1.3204696646e-01
     vertex 2.5226232926e+00 -2.6400000000e-01 1.3034466263e-01
   endloop
 endfacet
 facet normal  2.0534473186e-02 2.4600564017e-02 9.9948644196e-01
   outer loop
     vertex 2.5226232926e+00 -2.6400000000e-01 1.3034466263e-01
     vertex 2.5451911969e+00 -3.5200000000e-01 1.3204696646e-01
     vertex 2.5512840818e+00 -3.5200000000e-01 1.3192178800e-01
   endloop
 endfacet
 facet normal  2.0534473186e-02 2.4600564017e-02 9.9948644196e-01
   outer loop
     vertex 2.5226232926e+00 -2.6400000000e-01 1.3034466263e-01
     vertex 2.5512840818e+00 -3.5200000000e-01 1.3192178800e-01
     vertex 2.5299129941e+00 -2.6400000000e-01 1.3019489553e-01
   endloop
 endfacet
 facet normal  2.4279865115e-02 2.5508050429e-02 9.9937972138e-01
   outer loop
     vertex 2.5299129941e+00 -2.6400000000e-01 1.3019489553e-01
     vertex 2.5512840818e+00 -3.5200000000e-01 1.3192178800e-01
     vertex 2.5556133772e+00 -3.5200000000e-01 1.3181660805e-01
   endloop
 endfacet
 facet normal  2.4279865115e-02 2.5508050429e-02 9.9937972138e-01
   outer loop
     vertex 2.5299129941e+00 -2.6400000000e-01 1.3019489553e-01
     vertex 2.5556133772e+00 -3.5200000000e-01 1.3181660805e-01
     vertex 2.5350926869e+00 -2.6400000000e-01 1.3006905523e-01
   endloop
 endfacet
 facet normal  2.6992137491e-02 2.6138818910e-02 9.9929384400e-01
   outer loop
     vertex 2.5350926869e+00 -2.6400000000e-01 1.3006905523e-01
     vertex 2.5556133772e+00 -3.5200000000e-01 1.3181660805e-01
     vertex 2.5586258883e+00 -3.5200000000e-01 1.3173523647e-01
   endloop
 endfacet
 facet normal  2.6992137491e-02 2.6138818910e-02 9.9929384400e-01
   outer loop
     vertex 2.5350926869e+00 -2.6400000000e-01 1.3006905523e-01
     vertex 2.5586258883e+00 -3.5200000000e-01 1.3173523647e-01
     vertex 2.5386969412e+00 -2.6400000000e-01 1.2997169996e-01
   endloop
 endfacet
 facet normal  2.0205596201e-01 2.6138818910e-02 -9.7902510201e-01
   outer loop
     vertex 2.5586258883e+00 -3.5200000000e-01 1.3173523647e-01
     vertex 2.5785548354e+00 -4.4000000000e-01 1.3349877299e-01
     vertex 2.5556744802e+00 -3.5200000000e-01 1.3112611052e-01
   endloop
 endfacet
 facet normal  2.0205596201e-01 2.6138818910e-02 -9.7902510201e-01
   outer loop
     vertex 2.5785548354e+00 -4.4000000000e-01 1.3349877299e-01
     vertex 2.5761831682e+00 -4.4000000000e-01 1.3300929678e-01
     vertex 2.5556744802e+00 -3.5200000000e-01 1.3112611052e-01
   endloop
 endfacet
 facet normal  1.9940091823e-01 2.5508050429e-02 -9.7958593966e-01
   outer loop
     vertex 2.5556744802e+00 -3.5200000000e-01 1.3112611052e-01
     vertex 2.5761831682e+00 -4.4000000000e-01 1.3300929678e-01
     vertex 2.5514309311e+00 -3.5200000000e-01 1.3026230924e-01
   endloop
 endfacet
 facet normal  1.9940091823e-01 2.5508050429e-02 -9.7958593966e-01
   outer loop
     vertex 2.5761831682e+00 -4.4000000000e-01 1.3300929678e-01
     vertex 2.5727731734e+00 -4.4000000000e-01 1.3231517075e-01
     vertex 2.5514309311e+00 -3.5200000000e-01 1.3026230924e-01
   endloop
 endfacet
 facet normal  1.9573246947e-01 2.4600564017e-02 -9.8034871992e-01
   outer loop
     vertex 2.5514309311e+00 -3.5200000000e-01 1.3026230924e-01
     vertex 2.5727731734e+00 -4.4000000000e-01 1.3231517075e-01
     vertex 2.5454547100e+00 -3.5200000000e-01 1.2906912106e-01
   endloop
 endfacet
 facet normal  1.9573246947e-01 2.4600564017e-02 -9.8034871992e-01
   outer loop
     vertex 2.5727731734e+00 -4.4000000000e-01 1.3231517075e-01
     vertex 2.5679708529e+00 -4.4000000000e-01 1.3135635882e-01
     vertex 2.5454547100e+00 -3.5200000000e-01 1.2906912106e-01
   endloop
 endfacet
 facet normal  1.9085069046e-01 2.3325672252e-02 -9.8134190116e-01
   outer loop
     vertex 2.5454547100e+00 -3.5200000000e-01 1.2906912106e-01
     vertex 2.5679708529e+00 -4.4000000000e-01 1.3135635882e-01
     vertex 2.5372797608e+00 -3.5200000000e-01 1.2747926262e-01
   endloop
 endfacet
 facet normal  1.9085069046e-01 2.3325672252e-02 -9.8134190116e-01
   outer loop
     vertex 2.5679708529e+00 -4.4000000000e-01 1.3135635882e-01
     vertex 2.5614016972e+00 -4.4000000000e-01 1.3007879400e-01
     vertex 2.5372797608e+00 -3.5200000000e-01 1.2747926262e-01
   endloop
 endfacet
 facet normal  1.8450138893e-01 2.1548200267e-02 -9.8259600678e-01
   outer loop
     vertex 2.5372797608e+00 -3.5200000000e-01 1.2747926262e-01
     vertex 2.5614016972e+00 -4.4000000000e-01 1.3007879400e-01
     vertex 2.5265314655e+00 -3.5200000000e-01 1.2546106246e-01
   endloop
 endfacet
 facet normal  1.8450138893e-01 2.1548200267e-02 -9.8259600678e-01
   outer loop
     vertex 2.5614016972e+00 -4.4000000000e-01 1.3007879400e-01
     vertex 2.5527646742e+00 -4.4000000000e-01 1.2845702601e-01
     vertex 2.5265314655e+00 -3.5200000000e-01 1.2546106246e-01
   endloop
 endfacet
 facet normal  1.7621700471e-01 1.9025086248e-02 -9.8416747220e-01
   outer loop
     vertex 2.5265314655e+00 -3.5200000000e-01 1.2546106246e-01
     vertex 2.5527646742e+00 -4.4000000000e-01 1.2845702601e-01
     vertex 2.5131121191e+00 -3.5200000000e-01 1.2305830369e-01
   endloop
 endfacet
 facet normal  1.7621700471e-01 1.9025086248e-02 -9.8416747220e-01
   outer loop
     vertex 2.5527646742e+00 -4.4000000000e-01 1.2845702601e-01
     vertex 2.5419812708e+00 -4.4000000000e-01 1.2652623772e-01
     vertex 2.5131121191e+00 -3.5200000000e-01 1.2305830369e-01
   endloop
 endfacet
 facet normal  1.6519574401e-01 1.5331669405e-02 -9.8614162577e-01
   outer loop
     vertex 2.5131121191e+00 -3.5200000000e-01 1.2305830369e-01
     vertex 2.5419812708e+00 -4.4000000000e-01 1.2652623772e-01
     vertex 2.4973976551e+00 -3.5200000000e-01 1.2042585973e-01
   endloop
 endfacet
 facet normal  1.6519574401e-01 1.5331669405e-02 -9.8614162577e-01
   outer loop
     vertex 2.5419812708e+00 -4.4000000000e-01 1.2652623772e-01
     vertex 2.5293535766e+00 -4.4000000000e-01 1.2441088097e-01
     vertex 2.4973976551e+00 -3.5200000000e-01 1.2042585973e-01
   endloop
 endfacet
 facet normal  1.5001820371e-01 9.7072291431e-03 -9.8863557910e-01
   outer loop
     vertex 2.4973976551e+00 -3.5200000000e-01 1.2042585973e-01
     vertex 2.5293535766e+00 -4.4000000000e-01 1.2441088097e-01
     vertex 2.4803153812e+00 -3.5200000000e-01 1.1783374986e-01
   endloop
 endfacet
 facet normal  1.5001820371e-01 9.7072291431e-03 -9.8863557910e-01
   outer loop
     vertex 2.5293535766e+00 -4.4000000000e-01 1.2441088097e-01
     vertex 2.5156267494e+00 -4.4000000000e-01 1.2232793553e-01
     vertex 2.4803153812e+00 -3.5200000000e-01 1.1783374986e-01
   endloop
 endfacet
 facet normal  1.2876222368e-01 1.0227141681e-03 -9.9167496883e-01
   outer loop
     vertex 2.4803153812e+00 -3.5200000000e-01 1.1783374986e-01
     vertex 2.5156267494e+00 -4.4000000000e-01 1.2232793553e-01
     vertex 2.5018585207e+00 -4.4000000000e-01 1.2054022505e-01
   endloop
 endfacet
 facet normal  1.2876222368e-01 1.0227141681e-03 -9.9167496883e-01
   outer loop
     vertex 2.4803153812e+00 -3.5200000000e-01 1.1783374986e-01
     vertex 2.5018585207e+00 -4.4000000000e-01 1.2054022505e-01
     vertex 2.4631815856e+00 -3.5200000000e-01 1.1560904348e-01
   endloop
 endfacet
 facet normal  9.9591213491e-02 -1.1982127415e-02 -9.9495628990e-01
   outer loop
     vertex 2.4631815856e+00 -3.5200000000e-01 1.1560904348e-01
     vertex 2.5018585207e+00 -4.4000000000e-01 1.2054022505e-01
     vertex 2.4891190288e+00 -4.4000000000e-01 1.1926505199e-01
   endloop
 endfacet
 facet normal  9.9591213491e-02 -1.1982127415e-02 -9.9495628990e-01
   outer loop
     vertex 2.4631815856e+00 -3.5200000000e-01 1.1560904348e-01
     vertex 2.4891190288e+00 -4.4000000000e-01 1.1926505199e-01
     vertex 2.4473279957e+00 -3.5200000000e-01 1.1402216145e-01
   endloop
 endfacet
 facet normal  6.1184505251e-02 -3.0382717822e-02 -9.9766394481e-01
   outer loop
     vertex 2.4473279957e+00 -3.5200000000e-01 1.1402216145e-01
     vertex 2.4891190288e+00 -4.4000000000e-01 1.1926505199e-01
     vertex 2.4781854504e+00 -4.4000000000e-01 1.1859452000e-01
   endloop
 endfacet
 facet normal  6.1184505251e-02 -3.0382717822e-02 -9.9766394481e-01
   outer loop
     vertex 2.4473279957e+00 -3.5200000000e-01 1.1402216145e-01
     vertex 2.4781854504e+00 -4.4000000000e-01 1.1859452000e-01
     vertex 2.4337217648e+00 -3.5200000000e-01 1.1318772165e-01
   endloop
 endfacet
 facet normal  1.1859138648e-02 -5.5350317042e-02 -9.9839656612e-01
   outer loop
     vertex 2.4337217648e+00 -3.5200000000e-01 1.1318772165e-01
     vertex 2.4781854504e+00 -4.4000000000e-01 1.1859452000e-01
     vertex 2.4693991953e+00 -4.4000000000e-01 1.1849015524e-01
   endloop
 endfacet
 facet normal  1.1859138648e-02 -5.5350317042e-02 -9.9839656612e-01
   outer loop
     vertex 2.4337217648e+00 -3.5200000000e-01 1.1318772165e-01
     vertex 2.4693991953e+00 -4.4000000000e-01 1.1849015524e-01
     vertex 2.4227877584e+00 -3.5200000000e-01 1.1305784550e-01
   endloop
 endfacet
 facet normal  -5.2587926952e-02 -8.9253195524e-02 -9.9461971478e-01
   outer loop
     vertex 2.4227877584e+00 -3.5200000000e-01 1.1305784550e-01
     vertex 2.4693991953e+00 -4.4000000000e-01 1.1849015524e-01
     vertex 2.4627178256e+00 -4.4000000000e-01 1.1884341526e-01
   endloop
 endfacet
 facet normal  -5.2587926952e-02 -8.9253195524e-02 -9.9461971478e-01
   outer loop
     vertex 2.4227877584e+00 -3.5200000000e-01 1.1305784550e-01
     vertex 2.4627178256e+00 -4.4000000000e-01 1.1884341526e-01
     vertex 2.4144731650e+00 -3.5200000000e-01 1.1349745797e-01
   endloop
 endfacet
 facet normal  -1.4482508825e-01 -1.3891187939e-01 -9.7965768694e-01
   outer loop
     vertex 2.4144731650e+00 -3.5200000000e-01 1.1349745797e-01
     vertex 2.4627178256e+00 -4.4000000000e-01 1.1884341526e-01
     vertex 2.4578761454e+00 -4.4000000000e-01 1.1955917217e-01
   endloop
 endfacet
 facet normal  -1.4482508825e-01 -1.3891187939e-01 -9.7965768694e-01
   outer loop
     vertex 2.4144731650e+00 -3.5200000000e-01 1.1349745797e-01
     vertex 2.4578761454e+00 -4.4000000000e-01 1.1955917217e-01
     vertex 2.4084479630e+00 -3.5200000000e-01 1.1438817768e-01
   endloop
 endfacet
 facet normal  -3.0613777776e-01 -2.2628931962e-01 -9.2470146796e-01
   outer loop
     vertex 2.4084479630e+00 -3.5200000000e-01 1.1438817768e-01
     vertex 2.4578761454e+00 -4.4000000000e-01 1.1955917217e-01
     vertex 2.4545816210e+00 -4.4000000000e-01 1.2064987920e-01
   endloop
 endfacet
 facet normal  -3.0613777776e-01 -2.2628931962e-01 -9.2470146796e-01
   outer loop
     vertex 2.4084479630e+00 -3.5200000000e-01 1.1438817768e-01
     vertex 2.4545816210e+00 -4.4000000000e-01 1.2064987920e-01
     vertex 2.4043481104e+00 -3.5200000000e-01 1.1574550199e-01
   endloop
 endfacet
 facet normal  -6.8012750302e-01 -4.2166244462e-01 -5.9968938829e-01
   outer loop
     vertex 2.4043481104e+00 -3.5200000000e-01 1.1574550199e-01
     vertex 2.4545816210e+00 -4.4000000000e-01 1.2064987920e-01
     vertex 2.4530452905e+00 -4.4000000000e-01 1.2239228230e-01
   endloop
 endfacet
 facet normal  -6.8012750302e-01 -4.2166244462e-01 -5.9968938829e-01
   outer loop
     vertex 2.4043481104e+00 -3.5200000000e-01 1.1574550199e-01
     vertex 2.4530452905e+00 -4.4000000000e-01 1.2239228230e-01
     vertex 2.4024362324e+00 -3.5200000000e-01 1.1791382584e-01
   endloop
 endfacet
 facet normal  -7.7486834848e-01 -4.2166244462e-01 4.7093505424e-01
   outer loop
     vertex 2.4024362324e+00 -3.5200000000e-01 1.1791382584e-01
     vertex 2.4530452905e+00 -4.4000000000e-01 1.2239228230e-01
     vertex 2.4039376269e+00 -3.5200000000e-01 1.2038419429e-01
   endloop
 endfacet
 facet normal  -7.7486834848e-01 -4.2166244462e-01 4.7093505424e-01
   outer loop
     vertex 2.4530452905e+00 -4.4000000000e-01 1.2239228230e-01
     vertex 2.4542517682e+00 -4.4000000000e-01 1.2437739981e-01
     vertex 2.4039376269e+00 -3.5200000000e-01 1.2038419429e-01
   endloop
 endfacet
 facet normal  -4.6376479860e-01 -2.2628931962e-01 8.5657186237e-01
   outer loop
     vertex 2.4039376269e+00 -3.5200000000e-01 1.2038419429e-01
     vertex 2.4542517682e+00 -4.4000000000e-01 1.2437739981e-01
     vertex 2.4077354130e+00 -3.5200000000e-01 1.2244039016e-01
   endloop
 endfacet
 facet normal  -4.6376479860e-01 -2.2628931962e-01 8.5657186237e-01
   outer loop
     vertex 2.4542517682e+00 -4.4000000000e-01 1.2437739981e-01
     vertex 2.4573035606e+00 -4.4000000000e-01 1.2602970006e-01
     vertex 2.4077354130e+00 -3.5200000000e-01 1.2244039016e-01
   endloop
 endfacet
 facet normal  -3.1460957197e-01 -1.3891187939e-01 9.3900176091e-01
   outer loop
     vertex 2.4077354130e+00 -3.5200000000e-01 1.2244039016e-01
     vertex 2.4573035606e+00 -4.4000000000e-01 1.2602970006e-01
     vertex 2.4135105684e+00 -3.5200000000e-01 1.2437533769e-01
   endloop
 endfacet
 facet normal  -3.1460957197e-01 -1.3891187939e-01 9.3900176091e-01
   outer loop
     vertex 2.4573035606e+00 -4.4000000000e-01 1.2602970006e-01
     vertex 2.4619443104e+00 -4.4000000000e-01 1.2758456861e-01
     vertex 2.4135105684e+00 -3.5200000000e-01 1.2437533769e-01
   endloop
 endfacet
 facet normal  -2.2643318947e-01 -8.9253195524e-02 9.6992880037e-01
   outer loop
     vertex 2.4135105684e+00 -3.5200000000e-01 1.2437533769e-01
     vertex 2.4619443104e+00 -4.4000000000e-01 1.2758456861e-01
     vertex 2.4216187563e+00 -3.5200000000e-01 1.2626822184e-01
   endloop
 endfacet
 facet normal  -2.2643318947e-01 -8.9253195524e-02 9.6992880037e-01
   outer loop
     vertex 2.4619443104e+00 -4.4000000000e-01 1.2758456861e-01
     vertex 2.4684598186e+00 -4.4000000000e-01 1.2910563623e-01
     vertex 2.4216187563e+00 -3.5200000000e-01 1.2626822184e-01
   endloop
 endfacet
 facet normal  -1.6365085450e-01 -5.5350317042e-02 9.8496433449e-01
   outer loop
     vertex 2.4216187563e+00 -3.5200000000e-01 1.2626822184e-01
     vertex 2.4684598186e+00 -4.4000000000e-01 1.2910563623e-01
     vertex 2.4324056587e+00 -3.5200000000e-01 1.2806045506e-01
   endloop
 endfacet
 facet normal  -1.6365085450e-01 -5.5350317042e-02 9.8496433449e-01
   outer loop
     vertex 2.4684598186e+00 -4.4000000000e-01 1.2910563623e-01
     vertex 2.4771278652e+00 -4.4000000000e-01 1.3054582364e-01
     vertex 2.4324056587e+00 -3.5200000000e-01 1.2806045506e-01
   endloop
 endfacet
 facet normal  -1.1496333564e-01 -3.0382717822e-02 9.9290499138e-01
   outer loop
     vertex 2.4324056587e+00 -3.5200000000e-01 1.2806045506e-01
     vertex 2.4771278652e+00 -4.4000000000e-01 1.3054582364e-01
     vertex 2.4459469866e+00 -3.5200000000e-01 1.2962833541e-01
   endloop
 endfacet
 facet normal  -1.1496333564e-01 -3.0382717822e-02 9.9290499138e-01
   outer loop
     vertex 2.4771278652e+00 -4.4000000000e-01 1.3054582364e-01
     vertex 2.4880092894e+00 -4.4000000000e-01 1.3180572749e-01
     vertex 2.4459469866e+00 -3.5200000000e-01 1.2962833541e-01
   endloop
 endfacet
 facet normal  -7.6677972197e-02 -1.1982127415e-02 9.9698391020e-01
   outer loop
     vertex 2.4459469866e+00 -3.5200000000e-01 1.2962833541e-01
     vertex 2.4880092894e+00 -4.4000000000e-01 1.3180572749e-01
     vertex 2.4618328845e+00 -3.5200000000e-01 1.3085011885e-01
   endloop
 endfacet
 facet normal  -7.6677972197e-02 -1.1982127415e-02 9.9698391020e-01
   outer loop
     vertex 2.4880092894e+00 -4.4000000000e-01 1.3180572749e-01
     vertex 2.5007747430e+00 -4.4000000000e-01 1.3278751776e-01
     vertex 2.4618328845e+00 -3.5200000000e-01 1.3085011885e-01
   endloop
 endfacet
 facet normal  -4.7384046870e-02 1.0227141681e-03 9.9887622164e-01
   outer loop
     vertex 2.4618328845e+00 -3.5200000000e-01 1.3085011885e-01
     vertex 2.5007747430e+00 -4.4000000000e-01 1.3278751776e-01
     vertex 2.4790911007e+00 -3.5200000000e-01 1.3166880300e-01
   endloop
 endfacet
 facet normal  -4.7384046870e-02 1.0227141681e-03 9.9887622164e-01
   outer loop
     vertex 2.5007747430e+00 -4.4000000000e-01 1.3278751776e-01
     vertex 2.5146429525e+00 -4.4000000000e-01 1.3344538895e-01
     vertex 2.4790911007e+00 -3.5200000000e-01 1.3166880300e-01
   endloop
 endfacet
 facet normal  -2.5924639421e-02 9.7072291431e-03 9.9961676795e-01
   outer loop
     vertex 2.4790911007e+00 -3.5200000000e-01 1.3166880300e-01
     vertex 2.5146429525e+00 -4.4000000000e-01 1.3344538895e-01
     vertex 2.5285222494e+00 -4.4000000000e-01 1.3380534266e-01
   endloop
 endfacet
 facet normal  -2.5924639421e-02 9.7072291431e-03 9.9961676795e-01
   outer loop
     vertex 2.4790911007e+00 -3.5200000000e-01 1.3166880300e-01
     vertex 2.5285222494e+00 -4.4000000000e-01 1.3380534266e-01
     vertex 2.4963631146e+00 -3.5200000000e-01 1.3211674540e-01
   endloop
 endfacet
 facet normal  -1.0544997175e-02 1.5331669405e-02 9.9982685648e-01
   outer loop
     vertex 2.4963631146e+00 -3.5200000000e-01 1.3211674540e-01
     vertex 2.5285222494e+00 -4.4000000000e-01 1.3380534266e-01
     vertex 2.5413251851e+00 -4.4000000000e-01 1.3394037296e-01
   endloop
 endfacet
 facet normal  -1.0544997175e-02 1.5331669405e-02 9.9982685648e-01
   outer loop
     vertex 2.4963631146e+00 -3.5200000000e-01 1.3211674540e-01
     vertex 2.5413251851e+00 -4.4000000000e-01 1.3394037296e-01
     vertex 2.5122956568e+00 -3.5200000000e-01 1.3228478310e-01
   endloop
 endfacet
 facet normal  6.5167217949e-04 1.9025086248e-02 9.9981879429e-01
   outer loop
     vertex 2.5122956568e+00 -3.5200000000e-01 1.3228478310e-01
     vertex 2.5413251851e+00 -4.4000000000e-01 1.3394037296e-01
     vertex 2.5522800781e+00 -4.4000000000e-01 1.3393323267e-01
   endloop
 endfacet
 facet normal  6.5167217949e-04 1.9025086248e-02 9.9981879429e-01
   outer loop
     vertex 2.5122956568e+00 -3.5200000000e-01 1.3228478310e-01
     vertex 2.5522800781e+00 -4.4000000000e-01 1.3393323267e-01
     vertex 2.5259284125e+00 -3.5200000000e-01 1.3227589740e-01
   endloop
 endfacet
 facet normal  9.0832803299e-03 2.1548200267e-02 9.9972654715e-01
   outer loop
     vertex 2.5259284125e+00 -3.5200000000e-01 1.3227589740e-01
     vertex 2.5522800781e+00 -4.4000000000e-01 1.3393323267e-01
     vertex 2.5610676786e+00 -4.4000000000e-01 1.3385339059e-01
   endloop
 endfacet
 facet normal  9.0832803299e-03 2.1548200267e-02 9.9972654715e-01
   outer loop
     vertex 2.5259284125e+00 -3.5200000000e-01 1.3227589740e-01
     vertex 2.5610676786e+00 -4.4000000000e-01 1.3385339059e-01
     vertex 2.5368640932e+00 -3.5200000000e-01 1.3217653838e-01
   endloop
 endfacet
 facet normal  1.5554145692e-02 2.3325672252e-02 9.9960691352e-01
   outer loop
     vertex 2.5368640932e+00 -3.5200000000e-01 1.3217653838e-01
     vertex 2.5610676786e+00 -4.4000000000e-01 1.3385339059e-01
     vertex 2.5677591013e+00 -4.4000000000e-01 1.3374927030e-01
   endloop
 endfacet
 facet normal  1.5554145692e-02 2.3325672252e-02 9.9960691352e-01
   outer loop
     vertex 2.5368640932e+00 -3.5200000000e-01 1.3217653838e-01
     vertex 2.5677591013e+00 -4.4000000000e-01 1.3374927030e-01
     vertex 2.5451911969e+00 -3.5200000000e-01 1.3204696646e-01
   endloop
 endfacet
 facet normal  2.0534473186e-02 2.4600564017e-02 9.9948644196e-01
   outer loop
     vertex 2.5451911969e+00 -3.5200000000e-01 1.3204696646e-01
     vertex 2.5677591013e+00 -4.4000000000e-01 1.3374927030e-01
     vertex 2.5726551695e+00 -4.4000000000e-01 1.3364868046e-01
   endloop
 endfacet
 facet normal  2.0534473186e-02 2.4600564017e-02 9.9948644196e-01
   outer loop
     vertex 2.5451911969e+00 -3.5200000000e-01 1.3204696646e-01
     vertex 2.5726551695e+00 -4.4000000000e-01 1.3364868046e-01
     vertex 2.5512840818e+00 -3.5200000000e-01 1.3192178800e-01
   endloop
 endfacet
 facet normal  2.4279865115e-02 2.5508050429e-02 9.9937972138e-01
   outer loop
     vertex 2.5512840818e+00 -3.5200000000e-01 1.3192178800e-01
     vertex 2.5726551695e+00 -4.4000000000e-01 1.3364868046e-01
     vertex 2.5761340676e+00 -4.4000000000e-01 1.3356416086e-01
   endloop
 endfacet
 facet normal  2.4279865115e-02 2.5508050429e-02 9.9937972138e-01
   outer loop
     vertex 2.5512840818e+00 -3.5200000000e-01 1.3192178800e-01
     vertex 2.5761340676e+00 -4.4000000000e-01 1.3356416086e-01
     vertex 2.5556133772e+00 -3.5200000000e-01 1.3181660805e-01
   endloop
 endfacet
 facet normal  2.6992137491e-02 2.6138818910e-02 9.9929384400e-01
   outer loop
     vertex 2.5556133772e+00 -3.5200000000e-01 1.3181660805e-01
     vertex 2.5761340676e+00 -4.4000000000e-01 1.3356416086e-01
     vertex 2.5785548354e+00 -4.4000000000e-01 1.3349877299e-01
   endloop
 endfacet
 facet normal  2.6992137491e-02 2.6138818910e-02 9.9929384400e-01
   outer loop
     vertex 2.5556133772e+00 -3.5200000000e-01 1.3181660805e-01
     vertex 2.5785548354e+00 -4.4000000000e-01 1.3349877299e-01
     vertex 2.5586258883e+00 -3.5200000000e-01 1.3173523647e-01
   endloop
 endfacet
 facet normal  0.0000000000e+00 -1.0000000000e+00 0.0000000000e+00
   outer loop
     vertex 2.5785548354e+00 -4.4000000000e-01 1.3349877299e-01
     vertex 2.5761708930e+00 -4.4000000000e-01 1.3314801280e-01
     vertex 2.5761831682e+00 -4.4000000000e-01 1.3300929678e-01
   endloop
 endfacet
 facet normal  0.0000000000e+00 -1.0000000000e+00 -0.0000000000e+00
   outer loop
     vertex 2.5761831682e+00 -4.4000000000e-01 1.3300929678e-01
     vertex 2.5761708930e+00 -4.4000000000e-01 1.3314801280e-01
     vertex 2.5727436724e+00 -4.4000000000e-01 1.3264854818e-01
   endloop
 endfacet
 facet normal  0.0000000000e+00 -1.0000000000e+00 0.0000000000e+00
   outer loop
     vertex 2.5761831682e+00 -4.4000000000e-01 1.3300929678e-01
     vertex 2.5727436724e+00 -4.4000000000e-01 1.3264854818e-01
     vertex 2.5727731734e+00 -4.4000000000e-01 1.3231517075e-01
   endloop
 endfacet
 facet normal  1.1358554433e-14 -1.0000000000e+00 1.0051321523e-15
   outer loop
     vertex 2.5727731734e+00 -4.4000000000e-01 1.3231517075e-01
     vertex 2.5727436724e+00 -4.4000000000e-01 1.3264854818e-01
     vertex 2.5679179150e+00 -4.4000000000e-01 1.3195458669e-01
   endloop
 endfacet
 facet normal  1.1358554433e-14 -1.0000000000e+00 1.0051321523e-15
   outer loop
     vertex 2.5727731734e+00 -4.4000000000e-01 1.3231517075e-01
     vertex 2.5679179150e+00 -4.4000000000e-01 1.3195458669e-01
     vertex 2.5679708529e+00 -4.4000000000e-01 1.3135635882e-01
   endloop
 endfacet
 facet normal  8.3073055664e-15 -1.0000000000e+00 7.3512346775e-16
   outer loop
     vertex 2.5679708529e+00 -4.4000000000e-01 1.3135635882e-01
     vertex 2.5679179150e+00 -4.4000000000e-01 1.3195458669e-01
     vertex 2.5613181926e+00 -4.4000000000e-01 1.3102244315e-01
   endloop
 endfacet
 facet normal  8.3073055664e-15 -1.0000000000e+00 7.3512346776e-16
   outer loop
     vertex 2.5679708529e+00 -4.4000000000e-01 1.3135635882e-01
     vertex 2.5613181926e+00 -4.4000000000e-01 1.3102244315e-01
     vertex 2.5614016972e+00 -4.4000000000e-01 1.3007879400e-01
   endloop
 endfacet
 facet normal  -1.2644138384e-14 -1.0000000000e+00 -1.1188950233e-15
   outer loop
     vertex 2.5614016972e+00 -4.4000000000e-01 1.3007879400e-01
     vertex 2.5613181926e+00 -4.4000000000e-01 1.3102244315e-01
     vertex 2.5526435252e+00 -4.4000000000e-01 1.2982607768e-01
   endloop
 endfacet
 facet normal  -1.2644138384e-14 -1.0000000000e+00 -1.1188950233e-15
   outer loop
     vertex 2.5614016972e+00 -4.4000000000e-01 1.3007879400e-01
     vertex 2.5526435252e+00 -4.4000000000e-01 1.2982607768e-01
     vertex 2.5527646742e+00 -4.4000000000e-01 1.2845702601e-01
   endloop
 endfacet
 facet normal  0.0000000000e+00 -1.0000000000e+00 -0.0000000000e+00
   outer loop
     vertex 2.5527646742e+00 -4.4000000000e-01 1.2845702601e-01
     vertex 2.5526435252e+00 -4.4000000000e-01 1.2982607768e-01
     vertex 2.5418172494e+00 -4.4000000000e-01 1.2837977153e-01
   endloop
 endfacet
 facet normal  0.0000000000e+00 -1.0000000000e+00 0.0000000000e+00
   outer loop
     vertex 2.5527646742e+00 -4.4000000000e-01 1.2845702601e-01
     vertex 2.5418172494e+00 -4.4000000000e-01 1.2837977153e-01
     vertex 2.5419812708e+00 -4.4000000000e-01 1.2652623772e-01
   endloop
 endfacet
 facet normal  0.0000000000e+00 -1.0000000000e+00 -0.0000000000e+00
   outer loop
     vertex 2.5419812708e+00 -4.4000000000e-01 1.2652623772e-01
     vertex 2.5418172494e+00 -4.4000000000e-01 1.2837977153e-01
     vertex 2.5291457448e+00 -4.4000000000e-01 1.2675949639e-01
   endloop
 endfacet
 facet normal  0.0000000000e+00 -1.0000000000e+00 0.0000000000e+00
   outer loop
     vertex 2.5419812708e+00 -4.4000000000e-01 1.2652623772e-01
     vertex 2.5291457448e+00 -4.4000000000e-01 1.2675949639e-01
     vertex 2.5293535766e+00 -4.4000000000e-01 1.2441088097e-01
   endloop
 endfacet
 facet normal  0.0000000000e+00 -1.0000000000e+00 -0.0000000000e+00
   outer loop
     vertex 2.5293535766e+00 -4.4000000000e-01 1.2441088097e-01
     vertex 2.5291457448e+00 -4.4000000000e-01 1.2675949639e-01
     vertex 2.5153808001e+00 -4.4000000000e-01 1.2510729888e-01
   endloop
 endfacet
 facet normal  0.0000000000e+00 -1.0000000000e+00 0.0000000000e+00
   outer loop
     vertex 2.5293535766e+00 -4.4000000000e-01 1.2441088097e-01
     vertex 2.5153808001e+00 -4.4000000000e-01 1.2510729888e-01
     vertex 2.5156267494e+00 -4.4000000000e-01 1.2232793553e-01
   endloop
 endfacet
 facet normal  0.0000000000e+00 -1.0000000000e+00 -0.0000000000e+00
   outer loop
     vertex 2.5156267494e+00 -4.4000000000e-01 1.2232793553e-01
     vertex 2.5153808001e+00 -4.4000000000e-01 1.2510729888e-01
     vertex 2.5018585207e+00 -4.4000000000e-01 1.2054022505e-01
   endloop
 endfacet
 facet normal  0.0000000000e+00 -1.0000000000e+00 0.0000000000e+00
   outer loop
     vertex 2.5153808001e+00 -4.4000000000e-01 1.2510729888e-01
     vertex 2.5015875763e+00 -4.4000000000e-01 1.2360204822e-01
     vertex 2.5018585207e+00 -4.4000000000e-01 1.2054022505e-01
   endloop
 endfacet
 facet normal  4.3191496240e-15 -1.0000000000e+00 3.8220674850e-16
   outer loop
     vertex 2.5018585207e+00 -4.4000000000e-01 1.2054022505e-01
     vertex 2.5015875763e+00 -4.4000000000e-01 1.2360204822e-01
     vertex 2.4891190288e+00 -4.4000000000e-01 1.1926505199e-01
   endloop
 endfacet
 facet normal  4.3191496240e-15 -1.0000000000e+00 3.8220674850e-16
   outer loop
     vertex 2.5015875763e+00 -4.4000000000e-01 1.2360204822e-01
     vertex 2.4888415940e+00 -4.4000000000e-01 1.2240022086e-01
     vertex 2.4891190288e+00 -4.4000000000e-01 1.1926505199e-01
   endloop
 endfacet
 facet normal  -5.0497209509e-15 -1.0000000000e+00 -4.4685588449e-16
   outer loop
     vertex 2.4891190288e+00 -4.4000000000e-01 1.1926505199e-01
     vertex 2.4888415940e+00 -4.4000000000e-01 1.2240022086e-01
     vertex 2.4781854504e+00 -4.4000000000e-01 1.1859452000e-01
   endloop
 endfacet
 facet normal  -5.0497209509e-15 -1.0000000000e+00 -4.4685588449e-16
   outer loop
     vertex 2.4888415940e+00 -4.4000000000e-01 1.2240022086e-01
     vertex 2.4779210541e+00 -4.4000000000e-01 1.2158234591e-01
     vertex 2.4781854504e+00 -4.4000000000e-01 1.1859452000e-01
   endloop
 endfacet
 facet normal  -6.3113195566e-15 -1.0000000000e+00 -5.5849626349e-16
   outer loop
     vertex 2.4781854504e+00 -4.4000000000e-01 1.1859452000e-01
     vertex 2.4779210541e+00 -4.4000000000e-01 1.2158234591e-01
     vertex 2.4693991953e+00 -4.4000000000e-01 1.1849015524e-01
   endloop
 endfacet
 facet normal  -6.3113195566e-15 -1.0000000000e+00 -5.5849626349e-16
   outer loop
     vertex 2.4779210541e+00 -4.4000000000e-01 1.2158234591e-01
     vertex 2.4691643511e+00 -4.4000000000e-01 1.2114402549e-01
     vertex 2.4693991953e+00 -4.4000000000e-01 1.1849015524e-01
   endloop
 endfacet
 facet normal  8.3474044108e-15 -1.0000000000e+00 7.3867186275e-16
   outer loop
     vertex 2.4693991953e+00 -4.4000000000e-01 1.1849015524e-01
     vertex 2.4691643511e+00 -4.4000000000e-01 1.2114402549e-01
     vertex 2.4627178256e+00 -4.4000000000e-01 1.1884341526e-01
   endloop
 endfacet
 facet normal  8.3474044108e-15 -1.0000000000e+00 7.3867186275e-16
   outer loop
     vertex 2.4691643511e+00 -4.4000000000e-01 1.2114402549e-01
     vertex 2.4625244468e+00 -4.4000000000e-01 1.2102870360e-01
     vertex 2.4627178256e+00 -4.4000000000e-01 1.1884341526e-01
   endloop
 endfacet
 facet normal  0.0000000000e+00 -1.0000000000e+00 -0.0000000000e+00
   outer loop
     vertex 2.4627178256e+00 -4.4000000000e-01 1.1884341526e-01
     vertex 2.4625244468e+00 -4.4000000000e-01 1.2102870360e-01
     vertex 2.4578761454e+00 -4.4000000000e-01 1.1955917217e-01
   endloop
 endfacet
 facet normal  0.0000000000e+00 -1.0000000000e+00 0.0000000000e+00
   outer loop
     vertex 2.4625244468e+00 -4.4000000000e-01 1.2102870360e-01
     vertex 2.4577329992e+00 -4.4000000000e-01 1.2117680414e-01
     vertex 2.4578761454e+00 -4.4000000000e-01 1.1955917217e-01
   endloop
 endfacet
 facet normal  0.0000000000e+00 -1.0000000000e+00 -0.0000000000e+00
   outer loop
     vertex 2.4578761454e+00 -4.4000000000e-01 1.1955917217e-01
     vertex 2.4577329992e+00 -4.4000000000e-01 1.2117680414e-01
     vertex 2.4545816210e+00 -4.4000000000e-01 1.2064987920e-01
   endloop
 endfacet
 facet normal  0.0000000000e+00 -1.0000000000e+00 0.0000000000e+00
   outer loop
     vertex 2.4577329992e+00 -4.4000000000e-01 1.2117680414e-01
     vertex 2.4544991578e+00 -4.4000000000e-01 1.2158175936e-01
     vertex 2.4545816210e+00 -4.4000000000e-01 1.2064987920e-01
   endloop
 endfacet
 facet normal  -0.0000000000e+00 -1.0000000000e+00 -0.0000000000e+00
   outer loop
     vertex 2.4545816210e+00 -4.4000000000e-01 1.2064987920e-01
     vertex 2.4544991578e+00 -4.4000000000e-01 1.2158175936e-01
     vertex 2.4530452905e+00 -4.4000000000e-01 1.2239228230e-01
   endloop
 endfacet
 facet normal  -0.0000000000e+00 -1.0000000000e+00 0.0000000000e+00
   outer loop
     vertex 2.4530452905e+00 -4.4000000000e-01 1.2239228230e-01
     vertex 2.4543342314e+00 -4.4000000000e-01 1.2344551966e-01
     vertex 2.4542517682e+00 -4.4000000000e-01 1.2437739981e-01
   endloop
 endfacet
 facet normal  0.0000000000e+00 -1.0000000000e+00 0.0000000000e+00
   outer loop
     vertex 2.4542517682e+00 -4.4000000000e-01 1.2437739981e-01
     vertex 2.4543342314e+00 -4.4000000000e-01 1.2344551966e-01
     vertex 2.4574467068e+00 -4.4000000000e-01 1.2441206809e-01
   endloop
 endfacet
 facet normal  -0.0000000000e+00 -1.0000000000e+00 0.0000000000e+00
   outer loop
     vertex 2.4542517682e+00 -4.4000000000e-01 1.2437739981e-01
     vertex 2.4574467068e+00 -4.4000000000e-01 1.2441206809e-01
     vertex 2.4573035606e+00 -4.4000000000e-01 1.2602970006e-01
   endloop
 endfacet
 facet normal  -2.3234482309e-14 -1.0000000000e+00 -2.0560473031e-15
   outer loop
     vertex 2.4573035606e+00 -4.4000000000e-01 1.2602970006e-01
     vertex 2.4574467068e+00 -4.4000000000e-01 1.2441206809e-01
     vertex 2.4621376892e+00 -4.4000000000e-01 1.2539928027e-01
   endloop
 endfacet
 facet normal  -2.3234482309e-14 -1.0000000000e+00 -2.0560473031e-15
   outer loop
     vertex 2.4573035606e+00 -4.4000000000e-01 1.2602970006e-01
     vertex 2.4621376892e+00 -4.4000000000e-01 1.2539928027e-01
     vertex 2.4619443104e+00 -4.4000000000e-01 1.2758456861e-01
   endloop
 endfacet
 facet normal  8.3474044108e-15 -1.0000000000e+00 7.3867186275e-16
   outer loop
     vertex 2.4619443104e+00 -4.4000000000e-01 1.2758456861e-01
     vertex 2.4621376892e+00 -4.4000000000e-01 1.2539928027e-01
     vertex 2.4686946628e+00 -4.4000000000e-01 1.2645176598e-01
   endloop
 endfacet
 facet normal  8.3474044108e-15 -1.0000000000e+00 7.3867186275e-16
   outer loop
     vertex 2.4619443104e+00 -4.4000000000e-01 1.2758456861e-01
     vertex 2.4686946628e+00 -4.4000000000e-01 1.2645176598e-01
     vertex 2.4684598186e+00 -4.4000000000e-01 1.2910563623e-01
   endloop
 endfacet
 facet normal  0.0000000000e+00 -1.0000000000e+00 0.0000000000e+00
   outer loop
     vertex 2.4684598186e+00 -4.4000000000e-01 1.2910563623e-01
     vertex 2.4686946628e+00 -4.4000000000e-01 1.2645176598e-01
     vertex 2.4773922615e+00 -4.4000000000e-01 1.2755799773e-01
   endloop
 endfacet
 facet normal  0.0000000000e+00 -1.0000000000e+00 0.0000000000e+00
   outer loop
     vertex 2.4684598186e+00 -4.4000000000e-01 1.2910563623e-01
     vertex 2.4773922615e+00 -4.4000000000e-01 1.2755799773e-01
     vertex 2.4771278652e+00 -4.4000000000e-01 1.3054582364e-01
   endloop
 endfacet
 facet normal  5.0497209509e-15 -1.0000000000e+00 4.4685588449e-16
   outer loop
     vertex 2.4771278652e+00 -4.4000000000e-01 1.3054582364e-01
     vertex 2.4773922615e+00 -4.4000000000e-01 1.2755799773e-01
     vertex 2.4882867242e+00 -4.4000000000e-01 1.2867055861e-01
   endloop
 endfacet
 facet normal  5.0497209509e-15 -1.0000000000e+00 4.4685588449e-16
   outer loop
     vertex 2.4771278652e+00 -4.4000000000e-01 1.3054582364e-01
     vertex 2.4882867242e+00 -4.4000000000e-01 1.2867055861e-01
     vertex 2.4880092894e+00 -4.4000000000e-01 1.3180572749e-01
   endloop
 endfacet
 facet normal  0.0000000000e+00 -1.0000000000e+00 0.0000000000e+00
   outer loop
     vertex 2.4880092894e+00 -4.4000000000e-01 1.3180572749e-01
     vertex 2.4882867242e+00 -4.4000000000e-01 1.2867055861e-01
     vertex 2.5010456875e+00 -4.4000000000e-01 1.2972569458e-01
   endloop
 endfacet
 facet normal  0.0000000000e+00 -1.0000000000e+00 0.0000000000e+00
   outer loop
     vertex 2.4880092894e+00 -4.4000000000e-01 1.3180572749e-01
     vertex 2.5010456875e+00 -4.4000000000e-01 1.2972569458e-01
     vertex 2.5007747430e+00 -4.4000000000e-01 1.3278751776e-01
   endloop
 endfacet
 facet normal  0.0000000000e+00 -1.0000000000e+00 0.0000000000e+00
   outer loop
     vertex 2.5007747430e+00 -4.4000000000e-01 1.3278751776e-01
     vertex 2.5010456875e+00 -4.4000000000e-01 1.2972569458e-01
     vertex 2.5148889017e+00 -4.4000000000e-01 1.3066602559e-01
   endloop
 endfacet
 facet normal  0.0000000000e+00 -1.0000000000e+00 0.0000000000e+00
   outer loop
     vertex 2.5007747430e+00 -4.4000000000e-01 1.3278751776e-01
     vertex 2.5148889017e+00 -4.4000000000e-01 1.3066602559e-01
     vertex 2.5146429525e+00 -4.4000000000e-01 1.3344538895e-01
   endloop
 endfacet
 facet normal  0.0000000000e+00 -1.0000000000e+00 0.0000000000e+00
   outer loop
     vertex 2.5146429525e+00 -4.4000000000e-01 1.3344538895e-01
     vertex 2.5148889017e+00 -4.4000000000e-01 1.3066602559e-01
     vertex 2.5285222494e+00 -4.4000000000e-01 1.3380534266e-01
   endloop
 endfacet
 facet normal  -0.0000000000e+00 -1.0000000000e+00 0.0000000000e+00
   outer loop
     vertex 2.5148889017e+00 -4.4000000000e-01 1.3066602559e-01
     vertex 2.5287300812e+00 -4.4000000000e-01 1.3145672724e-01
     vertex 2.5285222494e+00 -4.4000000000e-01 1.3380534266e-01
   endloop
 endfacet
 facet normal  -4.3317714172e-15 -1.0000000000e+00 -3.8332366617e-16
   outer loop
     vertex 2.5285222494e+00 -4.4000000000e-01 1.3380534266e-01
     vertex 2.5287300812e+00 -4.4000000000e-01 1.3145672724e-01
     vertex 2.5413251851e+00 -4.4000000000e-01 1.3394037296e-01
   endloop
 endfacet
 facet normal  -4.3317714172e-15 -1.0000000000e+00 -3.8332366617e-16
   outer loop
     vertex 2.5287300812e+00 -4.4000000000e-01 1.3145672724e-01
     vertex 2.5414892065e+00 -4.4000000000e-01 1.3208683915e-01
     vertex 2.5413251851e+00 -4.4000000000e-01 1.3394037296e-01
   endloop
 endfacet
 facet normal  0.0000000000e+00 -1.0000000000e+00 0.0000000000e+00
   outer loop
     vertex 2.5413251851e+00 -4.4000000000e-01 1.3394037296e-01
     vertex 2.5414892065e+00 -4.4000000000e-01 1.3208683915e-01
     vertex 2.5522800781e+00 -4.4000000000e-01 1.3393323267e-01
   endloop
 endfacet
 facet normal  -0.0000000000e+00 -1.0000000000e+00 0.0000000000e+00
   outer loop
     vertex 2.5414892065e+00 -4.4000000000e-01 1.3208683915e-01
     vertex 2.5524012271e+00 -4.4000000000e-01 1.3256418100e-01
     vertex 2.5522800781e+00 -4.4000000000e-01 1.3393323267e-01
   endloop
 endfacet
 facet normal  0.0000000000e+00 -1.0000000000e+00 0.0000000000e+00
   outer loop
     vertex 2.5522800781e+00 -4.4000000000e-01 1.3393323267e-01
     vertex 2.5524012271e+00 -4.4000000000e-01 1.3256418100e-01
     vertex 2.5610676786e+00 -4.4000000000e-01 1.3385339059e-01
   endloop
 endfacet
 facet normal  -0.0000000000e+00 -1.0000000000e+00 0.0000000000e+00
   outer loop
     vertex 2.5524012271e+00 -4.4000000000e-01 1.3256418100e-01
     vertex 2.5611511833e+00 -4.4000000000e-01 1.3290974144e-01
     vertex 2.5610676786e+00 -4.4000000000e-01 1.3385339059e-01
   endloop
 endfacet
 facet normal  1.6614611133e-14 -1.0000000000e+00 1.4702469355e-15
   outer loop
     vertex 2.5610676786e+00 -4.4000000000e-01 1.3385339059e-01
     vertex 2.5611511833e+00 -4.4000000000e-01 1.3290974144e-01
     vertex 2.5677591013e+00 -4.4000000000e-01 1.3374927030e-01
   endloop
 endfacet
 facet normal  1.6614611133e-14 -1.0000000000e+00 1.4702469355e-15
   outer loop
     vertex 2.5611511833e+00 -4.4000000000e-01 1.3290974144e-01
     vertex 2.5678120392e+00 -4.4000000000e-01 1.3315104243e-01
     vertex 2.5677591013e+00 -4.4000000000e-01 1.3374927030e-01
   endloop
 endfacet
 facet normal  0.0000000000e+00 -1.0000000000e+00 0.0000000000e+00
   outer loop
     vertex 2.5677591013e+00 -4.4000000000e-01 1.3374927030e-01
     vertex 2.5678120392e+00 -4.4000000000e-01 1.3315104243e-01
     vertex 2.5726551695e+00 -4.4000000000e-01 1.3364868046e-01
   endloop
 endfacet
 facet normal  -0.0000000000e+00 -1.0000000000e+00 0.0000000000e+00
   outer loop
     vertex 2.5678120392e+00 -4.4000000000e-01 1.3315104243e-01
     vertex 2.5726846704e+00 -4.4000000000e-01 1.3331530303e-01
     vertex 2.5726551695e+00 -4.4000000000e-01 1.3364868046e-01
   endloop
 endfacet
 facet normal  -1.5990911305e-14 -1.0000000000e+00 -1.4150549871e-15
   outer loop
     vertex 2.5726551695e+00 -4.4000000000e-01 1.3364868046e-01
     vertex 2.5726846704e+00 -4.4000000000e-01 1.3331530303e-01
     vertex 2.5761340676e+00 -4.4000000000e-01 1.3356416086e-01
   endloop
 endfacet
 facet normal  -1.5990911305e-14 -1.0000000000e+00 -1.4150549871e-15
   outer loop
     vertex 2.5726846704e+00 -4.4000000000e-01 1.3331530303e-01
     vertex 2.5761463427e+00 -4.4000000000e-01 1.3342544484e-01
     vertex 2.5761340676e+00 -4.4000000000e-01 1.3356416086e-01
   endloop
 endfacet
 facet normal  0.0000000000e+00 -1.0000000000e+00 0.0000000000e+00
   outer loop
     vertex 2.5761340676e+00 -4.4000000000e-01 1.3356416086e-01
     vertex 2.5761463427e+00 -4.4000000000e-01 1.3342544484e-01
     vertex 2.5785548354e+00 -4.4000000000e-01 1.3349877299e-01
   endloop
 endfacet
 facet normal  0.0000000000e+00 -1.0000000000e+00 0.0000000000e+00
   outer loop
     vertex 2.5785548354e+00 -4.4000000000e-01 1.3349877299e-01
     vertex 2.5761586179e+00 -4.4000000000e-01 1.3328672882e-01
     vertex 2.5761708930e+00 -4.4000000000e-01 1.3314801280e-01
   endloop
 endfacet
 facet normal  0.0000000000e+00 -1.0000000000e+00 -0.0000000000e+00
   outer loop
     vertex 2.5761708930e+00 -4.4000000000e-01 1.3314801280e-01
     vertex 2.5761586179e+00 -4.4000000000e-01 1.3328672882e-01
     vertex 2.5727141714e+00 -4.4000000000e-01 1.3298192561e-01
   endloop
 endfacet
 facet normal  0.0000000000e+00 -1.0000000000e+00 0.0000000000e+00
   outer loop
     vertex 2.5761708930e+00 -4.4000000000e-01 1.3314801280e-01
     vertex 2.5727141714e+00 -4.4000000000e-01 1.3298192561e-01
     vertex 2.5727436724e+00 -4.4000000000e-01 1.3264854818e-01
   endloop
 endfacet
 facet normal  1.1358554433e-14 -1.0000000000e+00 1.0051321523e-15
   outer loop
     vertex 2.5727436724e+00 -4.4000000000e-01 1.3264854818e-01
     vertex 2.5727141714e+00 -4.4000000000e-01 1.3298192561e-01
     vertex 2.5678649771e+00 -4.4000000000e-01 1.3255281456e-01
   endloop
 endfacet
 facet normal  1.1358554433e-14 -1.0000000000e+00 1.0051321523e-15
   outer loop
     vertex 2.5727436724e+00 -4.4000000000e-01 1.3264854818e-01
     vertex 2.5678649771e+00 -4.4000000000e-01 1.3255281456e-01
     vertex 2.5679179150e+00 -4.4000000000e-01 1.3195458669e-01
   endloop
 endfacet
 facet normal  8.3073055664e-15 -1.0000000000e+00 7.3512346776e-16
   outer loop
     vertex 2.5679179150e+00 -4.4000000000e-01 1.3195458669e-01
     vertex 2.5678649771e+00 -4.4000000000e-01 1.3255281456e-01
     vertex 2.5612346879e+00 -4.4000000000e-01 1.3196609230e-01
   endloop
 endfacet
 facet normal  8.3073055664e-15 -1.0000000000e+00 7.3512346776e-16
   outer loop
     vertex 2.5679179150e+00 -4.4000000000e-01 1.3195458669e-01
     vertex 2.5612346879e+00 -4.4000000000e-01 1.3196609230e-01
     vertex 2.5613181926e+00 -4.4000000000e-01 1.3102244315e-01
   endloop
 endfacet
 facet normal  -1.2644138384e-14 -1.0000000000e+00 -1.1188950233e-15
   outer loop
     vertex 2.5613181926e+00 -4.4000000000e-01 1.3102244315e-01
     vertex 2.5612346879e+00 -4.4000000000e-01 1.3196609230e-01
     vertex 2.5525223761e+00 -4.4000000000e-01 1.3119512934e-01
   endloop
 endfacet
 facet normal  -1.2644138384e-14 -1.0000000000e+00 -1.1188950233e-15
   outer loop
     vertex 2.5613181926e+00 -4.4000000000e-01 1.3102244315e-01
     vertex 2.5525223761e+00 -4.4000000000e-01 1.3119512934e-01
     vertex 2.5526435252e+00 -4.4000000000e-01 1.2982607768e-01
   endloop
 endfacet
 facet normal  0.0000000000e+00 -1.0000000000e+00 -0.0000000000e+00
   outer loop
     vertex 2.5526435252e+00 -4.4000000000e-01 1.2982607768e-01
     vertex 2.5525223761e+00 -4.4000000000e-01 1.3119512934e-01
     vertex 2.5416532280e+00 -4.4000000000e-01 1.3023330534e-01
   endloop
 endfacet
 facet normal  0.0000000000e+00 -1.0000000000e+00 0.0000000000e+00
   outer loop
     vertex 2.5526435252e+00 -4.4000000000e-01 1.2982607768e-01
     vertex 2.5416532280e+00 -4.4000000000e-01 1.3023330534e-01
     vertex 2.5418172494e+00 -4.4000000000e-01 1.2837977153e-01
   endloop
 endfacet
 facet normal  0.0000000000e+00 -1.0000000000e+00 -0.0000000000e+00
   outer loop
     vertex 2.5418172494e+00 -4.4000000000e-01 1.2837977153e-01
     vertex 2.5416532280e+00 -4.4000000000e-01 1.3023330534e-01
     vertex 2.5289379130e+00 -4.4000000000e-01 1.2910811181e-01
   endloop
 endfacet
 facet normal  0.0000000000e+00 -1.0000000000e+00 0.0000000000e+00
   outer loop
     vertex 2.5418172494e+00 -4.4000000000e-01 1.2837977153e-01
     vertex 2.5289379130e+00 -4.4000000000e-01 1.2910811181e-01
     vertex 2.5291457448e+00 -4.4000000000e-01 1.2675949639e-01
   endloop
 endfacet
 facet normal  0.0000000000e+00 -1.0000000000e+00 -0.0000000000e+00
   outer loop
     vertex 2.5291457448e+00 -4.4000000000e-01 1.2675949639e-01
     vertex 2.5289379130e+00 -4.4000000000e-01 1.2910811181e-01
     vertex 2.5151348509e+00 -4.4000000000e-01 1.2788666224e-01
   endloop
 endfacet
 facet normal  0.0000000000e+00 -1.0000000000e+00 0.0000000000e+00
   outer loop
     vertex 2.5291457448e+00 -4.4000000000e-01 1.2675949639e-01
     vertex 2.5151348509e+00 -4.4000000000e-01 1.2788666224e-01
     vertex 2.5153808001e+00 -4.4000000000e-01 1.2510729888e-01
   endloop
 endfacet
 facet normal  0.0000000000e+00 -1.0000000000e+00 -0.0000000000e+00
   outer loop
     vertex 2.5153808001e+00 -4.4000000000e-01 1.2510729888e-01
     vertex 2.5151348509e+00 -4.4000000000e-01 1.2788666224e-01
     vertex 2.5015875763e+00 -4.4000000000e-01 1.2360204822e-01
   endloop
 endfacet
 facet normal  0.0000000000e+00 -1.0000000000e+00 0.0000000000e+00
   outer loop
     vertex 2.5151348509e+00 -4.4000000000e-01 1.2788666224e-01
     vertex 2.5013166319e+00 -4.4000000000e-01 1.2666387140e-01
     vertex 2.5015875763e+00 -4.4000000000e-01 1.2360204822e-01
   endloop
 endfacet
 facet normal  4.3191496240e-15 -1.0000000000e+00 3.8220674850e-16
   outer loop
     vertex 2.5015875763e+00 -4.4000000000e-01 1.2360204822e-01
     vertex 2.5013166319e+00 -4.4000000000e-01 1.2666387140e-01
     vertex 2.4888415940e+00 -4.4000000000e-01 1.2240022086e-01
   endloop
 endfacet
 facet normal  4.3191496240e-15 -1.0000000000e+00 3.8220674850e-16
   outer loop
     vertex 2.5013166319e+00 -4.4000000000e-01 1.2666387140e-01
     vertex 2.4885641591e+00 -4.4000000000e-01 1.2553538974e-01
     vertex 2.4888415940e+00 -4.4000000000e-01 1.2240022086e-01
   endloop
 endfacet
 facet normal  -5.0497209509e-15 -1.0000000000e+00 -4.4685588449e-16
   outer loop
     vertex 2.4888415940e+00 -4.4000000000e-01 1.2240022086e-01
     vertex 2.4885641591e+00 -4.4000000000e-01 1.2553538974e-01
     vertex 2.4779210541e+00 -4.4000000000e-01 1.2158234591e-01
   endloop
 endfacet
 facet normal  -5.0497209509e-15 -1.0000000000e+00 -4.4685588449e-16
   outer loop
     vertex 2.4885641591e+00 -4.4000000000e-01 1.2553538974e-01
     vertex 2.4776566578e+00 -4.4000000000e-01 1.2457017182e-01
     vertex 2.4779210541e+00 -4.4000000000e-01 1.2158234591e-01
   endloop
 endfacet
 facet normal  -6.3113195566e-15 -1.0000000000e+00 -5.5849626349e-16
   outer loop
     vertex 2.4779210541e+00 -4.4000000000e-01 1.2158234591e-01
     vertex 2.4776566578e+00 -4.4000000000e-01 1.2457017182e-01
     vertex 2.4691643511e+00 -4.4000000000e-01 1.2114402549e-01
   endloop
 endfacet
 facet normal  -6.3113195566e-15 -1.0000000000e+00 -5.5849626349e-16
   outer loop
     vertex 2.4776566578e+00 -4.4000000000e-01 1.2457017182e-01
     vertex 2.4689295069e+00 -4.4000000000e-01 1.2379789574e-01
     vertex 2.4691643511e+00 -4.4000000000e-01 1.2114402549e-01
   endloop
 endfacet
 facet normal  8.3474044108e-15 -1.0000000000e+00 7.3867186275e-16
   outer loop
     vertex 2.4691643511e+00 -4.4000000000e-01 1.2114402549e-01
     vertex 2.4689295069e+00 -4.4000000000e-01 1.2379789574e-01
     vertex 2.4625244468e+00 -4.4000000000e-01 1.2102870360e-01
   endloop
 endfacet
 facet normal  8.3474044108e-15 -1.0000000000e+00 7.3867186275e-16
   outer loop
     vertex 2.4689295069e+00 -4.4000000000e-01 1.2379789574e-01
     vertex 2.4623310680e+00 -4.4000000000e-01 1.2321399194e-01
     vertex 2.4625244468e+00 -4.4000000000e-01 1.2102870360e-01
   endloop
 endfacet
 facet normal  0.0000000000e+00 -1.0000000000e+00 -0.0000000000e+00
   outer loop
     vertex 2.4625244468e+00 -4.4000000000e-01 1.2102870360e-01
     vertex 2.4623310680e+00 -4.4000000000e-01 1.2321399194e-01
     vertex 2.4577329992e+00 -4.4000000000e-01 1.2117680414e-01
   endloop
 endfacet
 facet normal  0.0000000000e+00 -1.0000000000e+00 0.0000000000e+00
   outer loop
     vertex 2.4623310680e+00 -4.4000000000e-01 1.2321399194e-01
     vertex 2.4575898530e+00 -4.4000000000e-01 1.2279443612e-01
     vertex 2.4577329992e+00 -4.4000000000e-01 1.2117680414e-01
   endloop
 endfacet
 facet normal  0.0000000000e+00 -1.0000000000e+00 -0.0000000000e+00
   outer loop
     vertex 2.4577329992e+00 -4.4000000000e-01 1.2117680414e-01
     vertex 2.4575898530e+00 -4.4000000000e-01 1.2279443612e-01
     vertex 2.4544991578e+00 -4.4000000000e-01 1.2158175936e-01
   endloop
 endfacet
 facet normal  0.0000000000e+00 -1.0000000000e+00 0.0000000000e+00
   outer loop
     vertex 2.4575898530e+00 -4.4000000000e-01 1.2279443612e-01
     vertex 2.4544166946e+00 -4.4000000000e-01 1.2251363951e-01
     vertex 2.4544991578e+00 -4.4000000000e-01 1.2158175936e-01
   endloop
 endfacet
 facet normal  0.0000000000e+00 -1.0000000000e+00 -0.0000000000e+00
   outer loop
     vertex 2.4544991578e+00 -4.4000000000e-01 1.2158175936e-01
     vertex 2.4544166946e+00 -4.4000000000e-01 1.2251363951e-01
     vertex 2.4530452905e+00 -4.4000000000e-01 1.2239228230e-01
   endloop
 endfacet
 facet normal  -0.0000000000e+00 -1.0000000000e+00 0.0000000000e+00
   outer loop
     vertex 2.4530452905e+00 -4.4000000000e-01 1.2239228230e-01
     vertex 2.4544166946e+00 -4.4000000000e-01 1.2251363951e-01
     vertex 2.4543342314e+00 -4.4000000000e-01 1.2344551966e-01
   endloop
 endfacet
 facet normal  0.0000000000e+00 -1.0000000000e+00 0.0000000000e+00
   outer loop
     vertex 2.4543342314e+00 -4.4000000000e-01 1.2344551966e-01
     vertex 2.4544166946e+00 -4.4000000000e-01 1.2251363951e-01
     vertex 2.4575898530e+00 -4.4000000000e-01 1.2279443612e-01
   endloop
 endfacet
 facet normal  0.0000000000e+00 -1.0000000000e+00 0.0000000000e+00
   outer loop
     vertex 2.4543342314e+00 -4.4000000000e-01 1.2344551966e-01
     vertex 2.4575898530e+00 -4.4000000000e-01 1.2279443612e-01
     vertex 2.4574467068e+00 -4.4000000000e-01 1.2441206809e-01
   endloop
 endfacet
 facet normal  -2.3234482309e-14 -1.0000000000e+00 -2.0560473031e-15
   outer loop
     vertex 2.4574467068e+00 -4.4000000000e-01 1.2441206809e-01
     vertex 2.4575898530e+00 -4.4000000000e-01 1.2279443612e-01
     vertex 2.4623310680e+00 -4.4000000000e-01 1.2321399194e-01
   endloop
 endfacet
 facet normal  -2.3234482309e-14 -1.0000000000e+00 -2.0560473031e-15
   outer loop
     vertex 2.4574467068e+00 -4.4000000000e-01 1.2441206809e-01
     vertex 2.4623310680e+00 -4.4000000000e-01 1.2321399194e-01
     vertex 2.4621376892e+00 -4.4000000000e-01 1.2539928027e-01
   endloop
 endfacet
 facet normal  8.3474044108e-15 -1.0000000000e+00 7.3867186275e-16
   outer loop
     vertex 2.4621376892e+00 -4.4000000000e-01 1.2539928027e-01
     vertex 2.4623310680e+00 -4.4000000000e-01 1.2321399194e-01
     vertex 2.4689295069e+00 -4.4000000000e-01 1.2379789574e-01
   endloop
 endfacet
 facet normal  8.3474044108e-15 -1.0000000000e+00 7.3867186275e-16
   outer loop
     vertex 2.4621376892e+00 -4.4000000000e-01 1.2539928027e-01
     vertex 2.4689295069e+00 -4.4000000000e-01 1.2379789574e-01
     vertex 2.4686946628e+00 -4.4000000000e-01 1.2645176598e-01
   endloop
 endfacet
 facet normal  0.0000000000e+00 -1.0000000000e+00 0.0000000000e+00
   outer loop
     vertex 2.4686946628e+00 -4.4000000000e-01 1.2645176598e-01
     vertex 2.4689295069e+00 -4.4000000000e-01 1.2379789574e-01
     vertex 2.4776566578e+00 -4.4000000000e-01 1.2457017182e-01
   endloop
 endfacet
 facet normal  0.0000000000e+00 -1.0000000000e+00 0.0000000000e+00
   outer loop
     vertex 2.4686946628e+00 -4.4000000000e-01 1.2645176598e-01
     vertex 2.4776566578e+00 -4.4000000000e-01 1.2457017182e-01
     vertex 2.4773922615e+00 -4.4000000000e-01 1.2755799773e-01
   endloop
 endfacet
 facet normal  5.0497209509e-15 -1.0000000000e+00 4.4685588449e-16
   outer loop
     vertex 2.4773922615e+00 -4.4000000000e-01 1.2755799773e-01
     vertex 2.4776566578e+00 -4.4000000000e-01 1.2457017182e-01
     vertex 2.4885641591e+00 -4.4000000000e-01 1.2553538974e-01
   endloop
 endfacet
 facet normal  5.0497209509e-15 -1.0000000000e+00 4.4685588450e-16
   outer loop
     vertex 2.4773922615e+00 -4.4000000000e-01 1.2755799773e-01
     vertex 2.4885641591e+00 -4.4000000000e-01 1.2553538974e-01
     vertex 2.4882867242e+00 -4.4000000000e-01 1.2867055861e-01
   endloop
 endfacet
 facet normal  0.0000000000e+00 -1.0000000000e+00 0.0000000000e+00
   outer loop
     vertex 2.4882867242e+00 -4.4000000000e-01 1.2867055861e-01
     vertex 2.4885641591e+00 -4.4000000000e-01 1.2553538974e-01
     vertex 2.5013166319e+00 -4.4000000000e-01 1.2666387140e-01
   endloop
 endfacet
 facet normal  0.0000000000e+00 -1.0000000000e+00 0.0000000000e+00
   outer loop
     vertex 2.4882867242e+00 -4.4000000000e-01 1.2867055861e-01
     vertex 2.5013166319e+00 -4.4000000000e-01 1.2666387140e-01
     vertex 2.5010456875e+00 -4.4000000000e-01 1.2972569458e-01
   endloop
 endfacet
 facet normal  0.0000000000e+00 -1.0000000000e+00 0.0000000000e+00
   outer loop
     vertex 2.5010456875e+00 -4.4000000000e-01 1.2972569458e-01
     vertex 2.5013166319e+00 -4.4000000000e-01 1.2666387140e-01
     vertex 2.5151348509e+00 -4.4000000000e-01 1.2788666224e-01
   endloop
 endfacet
 facet normal  0.0000000000e+00 -1.0000000000e+00 0.0000000000e+00
   outer loop
     vertex 2.5010456875e+00 -4.4000000000e-01 1.2972569458e-01
     vertex 2.5151348509e+00 -4.4000000000e-01 1.2788666224e-01
     vertex 2.5148889017e+00 -4.4000000000e-01 1.3066602559e-01
   endloop
 endfacet
 facet normal  0.0000000000e+00 -1.0000000000e+00 0.0000000000e+00
   outer loop
     vertex 2.5148889017e+00 -4.4000000000e-01 1.3066602559e-01
     vertex 2.5151348509e+00 -4.4000000000e-01 1.2788666224e-01
     vertex 2.5287300812e+00 -4.4000000000e-01 1.3145672724e-01
   endloop
 endfacet
 facet normal  -0.0000000000e+00 -1.0000000000e+00 0.0000000000e+00
   outer loop
     vertex 2.5151348509e+00 -4.4000000000e-01 1.2788666224e-01
     vertex 2.5289379130e+00 -4.4000000000e-01 1.2910811181e-01
     vertex 2.5287300812e+00 -4.4000000000e-01 1.3145672724e-01
   endloop
 endfacet
 facet normal  -4.3317714172e-15 -1.0000000000e+00 -3.8332366617e-16
   outer loop
     vertex 2.5287300812e+00 -4.4000000000e-01 1.3145672724e-01
     vertex 2.5289379130e+00 -4.4000000000e-01 1.2910811181e-01
     vertex 2.5414892065e+00 -4.4000000000e-01 1.3208683915e-01
   endloop
 endfacet
 facet normal  -4.3317714172e-15 -1.0000000000e+00 -3.8332366617e-16
   outer loop
     vertex 2.5289379130e+00 -4.4000000000e-01 1.2910811181e-01
     vertex 2.5416532280e+00 -4.4000000000e-01 1.3023330534e-01
     vertex 2.5414892065e+00 -4.4000000000e-01 1.3208683915e-01
   endloop
 endfacet
 facet normal  0.0000000000e+00 -1.0000000000e+00 0.0000000000e+00
   outer loop
     vertex 2.5414892065e+00 -4.4000000000e-01 1.3208683915e-01
     vertex 2.5416532280e+00 -4.4000000000e-01 1.3023330534e-01
     vertex 2.5524012271e+00 -4.4000000000e-01 1.3256418100e-01
   endloop
 endfacet
 facet normal  -0.0000000000e+00 -1.0000000000e+00 0.0000000000e+00
   outer loop
     vertex 2.5416532280e+00 -4.4000000000e-01 1.3023330534e-01
     vertex 2.5525223761e+00 -4.4000000000e-01 1.3119512934e-01
     vertex 2.5524012271e+00 -4.4000000000e-01 1.3256418100e-01
   endloop
 endfacet
 facet normal  0.0000000000e+00 -1.0000000000e+00 0.0000000000e+00
   outer loop
     vertex 2.5524012271e+00 -4.4000000000e-01 1.3256418100e-01
     vertex 2.5525223761e+00 -4.4000000000e-01 1.3119512934e-01
     vertex 2.5611511833e+00 -4.4000000000e-01 1.3290974144e-01
   endloop
 endfacet
 facet normal  -0.0000000000e+00 -1.0000000000e+00 0.0000000000e+00
   outer loop
     vertex 2.5525223761e+00 -4.4000000000e-01 1.3119512934e-01
     vertex 2.5612346879e+00 -4.4000000000e-01 1.3196609230e-01
     vertex 2.5611511833e+00 -4.4000000000e-01 1.3290974144e-01
   endloop
 endfacet
 facet normal  1.6614611133e-14 -1.0000000000e+00 1.4702469355e-15
   outer loop
     vertex 2.5611511833e+00 -4.4000000000e-01 1.3290974144e-01
     vertex 2.5612346879e+00 -4.4000000000e-01 1.3196609230e-01
     vertex 2.5678120392e+00 -4.4000000000e-01 1.3315104243e-01
   endloop
 endfacet
 facet normal  1.6614611133e-14 -1.0000000000e+00 1.4702469355e-15
   outer loop
     vertex 2.5612346879e+00 -4.4000000000e-01 1.3196609230e-01
     vertex 2.5678649771e+00 -4.4000000000e-01 1.3255281456e-01
     vertex 2.5678120392e+00 -4.4000000000e-01 1.3315104243e-01
   endloop
 endfacet
 facet normal  0.0000000000e+00 -1.0000000000e+00 0.0000000000e+00
   outer loop
     vertex 2.5678120392e+00 -4.4000000000e-01 1.3315104243e-01
     vertex 2.5678649771e+00 -4.4000000000e-01 1.3255281456e-01
     vertex 2.5726846704e+00 -4.4000000000e-01 1.3331530303e-01
   endloop
 endfacet
 facet normal  -0.0000000000e+00 -1.0000000000e+00 0.0000000000e+00
   outer loop
     vertex 2.5678649771e+00 -4.4000000000e-01 1.3255281456e-01
     vertex 2.5727141714e+00 -4.4000000000e-01 1.3298192561e-01
     vertex 2.5726846704e+00 -4.4000000000e-01 1.3331530303e-01
   endloop
 endfacet
 facet normal  -1.5990911305e-14 -1.0000000000e+00 -1.4150549871e-15
   outer loop
     vertex 2.5726846704e+00 -4.4000000000e-01 1.3331530303e-01
     vertex 2.5727141714e+00 -4.4000000000e-01 1.3298192561e-01
     vertex 2.5761463427e+00 -4.4000000000e-01 1.3342544484e-01
   endloop
 endfacet
 facet normal  -1.5990911305e-14 -1.0000000000e+00 -1.4150549871e-15
   outer loop
     vertex 2.5727141714e+00 -4.4000000000e-01 1.3298192561e-01
     vertex 2.5761586179e+00 -4.4000000000e-01 1.3328672882e-01
     vertex 2.5761463427e+00 -4.4000000000e-01 1.3342544484e-01
   endloop
 endfacet
 facet normal  0.0000000000e+00 -1.0000000000e+00 0.0000000000e+00
   outer loop
     vertex 2.5761463427e+00 -4.4000000000e-01 1.3342544484e-01
     vertex 2.5761586179e+00 -4.4000000000e-01 1.3328672882e-01
     vertex 2.5785548354e+00 -4.4000000000e-01 1.3349877299e-01
   endloop
 endfacet
endsolid
