solid
 facet normal  1.0293949385e-01 -1.9450027447e-02 -9.9449743943e-01
   outer loop
     vertex 5.5958274093e-01 0.0000000000e+00 -1.0796277719e-02
     vertex 5.5165738845e-01 0.0000000000e+00 -1.1616623494e-02
     vertex 6.3538612709e-01 2.1000000000e-01 -7.0570459292e-03
   endloop
 endfacet
 facet normal  1.1365427561e-01 -2.3749478350e-02 -9.9323646123e-01
   outer loop
     vertex 6.3538612709e-01 2.1000000000e-01 -7.0570459292e-03
     vertex 5.5165738845e-01 0.0000000000e+00 -1.1616623494e-02
     vertex 6.2789721286e-01 2.1000000000e-01 -7.9139890200e-03
   endloop
 endfacet
 facet normal  9.9712282088e-02 -1.8659585983e-02 -9.9484133441e-01
   outer loop
     vertex 5.5165738845e-01 0.0000000000e+00 -1.1616623494e-02
     vertex 5.4026485119e-01 0.0000000000e+00 -1.2758489890e-02
     vertex 6.2789721286e-01 2.1000000000e-01 -7.9139890200e-03
   endloop
 endfacet
 facet normal  1.1043112371e-01 -2.3160842221e-02 -9.9361387989e-01
   outer loop
     vertex 6.2789721286e-01 2.1000000000e-01 -7.9139890200e-03
     vertex 5.4026485119e-01 0.0000000000e+00 -1.2758489890e-02
     vertex 6.1713166550e-01 2.1000000000e-01 -9.1104814560e-03
   endloop
 endfacet
 facet normal  9.5252545078e-02 -1.7575734817e-02 -9.9529796855e-01
   outer loop
     vertex 5.4026485119e-01 0.0000000000e+00 -1.2758489890e-02
     vertex 5.2422573140e-01 0.0000000000e+00 -1.4293474416e-02
     vertex 6.1713166550e-01 2.1000000000e-01 -9.1104814560e-03
   endloop
 endfacet
 facet normal  1.0597686925e-01 -2.2349412095e-02 -9.9411740100e-01
   outer loop
     vertex 6.1713166550e-01 2.1000000000e-01 -9.1104814560e-03
     vertex 5.2422573140e-01 0.0000000000e+00 -1.4293474416e-02
     vertex 6.0197451975e-01 2.1000000000e-01 -1.0726293484e-02
   endloop
 endfacet
 facet normal  8.9316181435e-02 -1.6151276169e-02 -9.9587235930e-01
   outer loop
     vertex 5.2422573140e-01 0.0000000000e+00 -1.4293474416e-02
     vertex 5.0229502774e-01 0.0000000000e+00 -1.6260359719e-02
     vertex 6.0197451975e-01 2.1000000000e-01 -1.0726293484e-02
   endloop
 endfacet
 facet normal  1.0004755742e-01 -2.1274517193e-02 -9.9475518655e-01
   outer loop
     vertex 6.0197451975e-01 2.1000000000e-01 -1.0726293484e-02
     vertex 5.0229502774e-01 0.0000000000e+00 -1.6260359719e-02
     vertex 5.8124841512e-01 2.1000000000e-01 -1.2810822594e-02
   endloop
 endfacet
 facet normal  8.1592028513e-02 -1.4306121489e-02 -9.9656313185e-01
   outer loop
     vertex 5.0229502774e-01 0.0000000000e+00 -1.6260359719e-02
     vertex 4.7347738588e-01 0.0000000000e+00 -1.8619758518e-02
     vertex 5.8124841512e-01 2.1000000000e-01 -1.2810822594e-02
   endloop
 endfacet
 facet normal  9.2332165194e-02 -1.9846475454e-02 -9.9553045593e-01
   outer loop
     vertex 5.8124841512e-01 2.1000000000e-01 -1.2810822594e-02
     vertex 4.7347738588e-01 0.0000000000e+00 -1.8619758518e-02
     vertex 5.5401135624e-01 2.1000000000e-01 -1.5336969941e-02
   endloop
 endfacet
 facet normal  7.1499406640e-02 -1.1828450457e-02 -9.9737050418e-01
   outer loop
     vertex 4.7347738588e-01 0.0000000000e+00 -1.8619758518e-02
     vertex 4.3752599415e-01 0.0000000000e+00 -2.1197038642e-02
     vertex 5.5401135624e-01 2.1000000000e-01 -1.5336969941e-02
   endloop
 endfacet
 facet normal  8.2250277710e-02 -1.7817493961e-02 -9.9645242171e-01
   outer loop
     vertex 5.5401135624e-01 2.1000000000e-01 -1.5336969941e-02
     vertex 4.3752599415e-01 0.0000000000e+00 -2.1197038642e-02
     vertex 5.2002807948e-01 2.1000000000e-01 -1.8142055150e-02
   endloop
 endfacet
 facet normal  5.8078100665e-02 -8.2944898875e-03 -9.9827758447e-01
   outer loop
     vertex 4.3752599415e-01 0.0000000000e+00 -2.1197038642e-02
     vertex 3.9547076474e-01 0.0000000000e+00 -2.3643740727e-02
     vertex 5.2002807948e-01 2.1000000000e-01 -1.8142055150e-02
   endloop
 endfacet
 facet normal  6.8841775574e-02 -1.4698614971e-02 -9.9751930340e-01
   outer loop
     vertex 5.2002807948e-01 2.1000000000e-01 -1.8142055150e-02
     vertex 3.9547076474e-01 0.0000000000e+00 -2.3643740727e-02
     vertex 4.8026931224e-01 2.1000000000e-01 -2.0885925993e-02
   endloop
 endfacet
 facet normal  3.9551107531e-02 -2.8487180528e-03 -9.9921348805e-01
   outer loop
     vertex 3.9547076474e-01 0.0000000000e+00 -2.3643740727e-02
     vertex 3.4982584483e-01 0.0000000000e+00 -2.5450468876e-02
     vertex 4.8026931224e-01 2.1000000000e-01 -2.0885925993e-02
   endloop
 endfacet
 facet normal  5.0328936226e-02 -9.5549112617e-03 -9.9868698893e-01
   outer loop
     vertex 4.8026931224e-01 2.1000000000e-01 -2.0885925993e-02
     vertex 3.4982584483e-01 0.0000000000e+00 -2.5450468876e-02
     vertex 4.3710820753e-01 2.1000000000e-01 -2.3061034421e-02
   endloop
 endfacet
 facet normal  2.4356538661e-02 1.2515594331e-03 -9.9970255207e-01
   outer loop
     vertex 3.4982584483e-01 0.0000000000e+00 -2.5450468876e-02
     vertex 3.9390590450e-01 2.1000000000e-01 -2.4113606070e-02
     vertex 4.3710820753e-01 2.1000000000e-01 -2.3061034421e-02
   endloop
 endfacet
 facet normal  1.3567545158e-02 3.5174918330e-03 -9.9990176966e-01
   outer loop
     vertex 3.4982584483e-01 0.0000000000e+00 -2.5450468876e-02
     vertex 3.0415018325e-01 0.0000000000e+00 -2.6070236357e-02
     vertex 3.9390590450e-01 2.1000000000e-01 -2.4113606070e-02
   endloop
 endfacet
 facet normal  -1.1308548541e-02 1.4149124878e-02 -9.9983594604e-01
   outer loop
     vertex 3.0415018325e-01 0.0000000000e+00 -2.6070236357e-02
     vertex 3.5405738431e-01 2.1000000000e-01 -2.3662903206e-02
     vertex 3.9390590450e-01 2.1000000000e-01 -2.4113606070e-02
   endloop
 endfacet
 facet normal  -2.2095958271e-02 1.6710269688e-02 -9.9961619410e-01
   outer loop
     vertex 3.0415018325e-01 0.0000000000e+00 -2.6070236357e-02
     vertex 2.6203652522e-01 0.0000000000e+00 -2.5139337442e-02
     vertex 3.5405738431e-01 2.1000000000e-01 -2.3662903206e-02
   endloop
 endfacet
 facet normal  -5.8275313408e-02 3.2550884705e-02 -9.9776972682e-01
   outer loop
     vertex 2.6203652522e-01 0.0000000000e+00 -2.5139337442e-02
     vertex 3.2002021754e-01 2.1000000000e-01 -2.1674942951e-02
     vertex 3.5405738431e-01 2.1000000000e-01 -2.3662903206e-02
   endloop
 endfacet
 facet normal  -6.9031611473e-02 3.5507847247e-02 -9.9698236163e-01
   outer loop
     vertex 2.6203652522e-01 0.0000000000e+00 -2.5139337442e-02
     vertex 2.2608284342e-01 0.0000000000e+00 -2.2649884581e-02
     vertex 3.2002021754e-01 2.1000000000e-01 -2.1674942951e-02
   endloop
 endfacet
 facet normal  -1.1840514692e-01 5.7567255102e-02 -9.9129522965e-01
   outer loop
     vertex 2.2608284342e-01 0.0000000000e+00 -2.2649884581e-02
     vertex 2.9286433643e-01 2.1000000000e-01 -1.8431311793e-02
     vertex 3.2002021754e-01 2.1000000000e-01 -2.1674942951e-02
   endloop
 endfacet
 facet normal  -1.2906924363e-01 6.0927714770e-02 -9.8976206430e-01
   outer loop
     vertex 2.2608284342e-01 0.0000000000e+00 -2.2649884581e-02
     vertex 1.9741681522e-01 0.0000000000e+00 -1.8911710819e-02
     vertex 2.9286433643e-01 2.1000000000e-01 -1.8431311793e-02
   endloop
 endfacet
 facet normal  -1.9676601165e-01 9.1665583181e-02 -9.7615601085e-01
   outer loop
     vertex 1.9741681522e-01 0.0000000000e+00 -1.8911710819e-02
     vertex 2.7245159057e-01 2.1000000000e-01 -1.4316667674e-02
     vertex 2.9286433643e-01 2.1000000000e-01 -1.8431311793e-02
   endloop
 endfacet
 facet normal  -2.0721605313e-01 9.5344374382e-02 -9.7363800131e-01
   outer loop
     vertex 1.9741681522e-01 0.0000000000e+00 -1.8911710819e-02
     vertex 1.7588803194e-01 0.0000000000e+00 -1.4329813345e-02
     vertex 2.7245159057e-01 2.1000000000e-01 -1.4316667674e-02
   endloop
 endfacet
 facet normal  -3.0783754232e-01 1.4161074551e-01 -9.4084134916e-01
   outer loop
     vertex 1.7588803194e-01 0.0000000000e+00 -1.4329813345e-02
     vertex 2.5797746002e-01 2.1000000000e-01 -9.5808205746e-03
     vertex 2.7245159057e-01 2.1000000000e-01 -1.4316667674e-02
   endloop
 endfacet
 facet normal  -3.1779477163e-01 1.4541487417e-01 -9.3694236615e-01
   outer loop
     vertex 1.7588803194e-01 0.0000000000e+00 -1.4329813345e-02
     vertex 1.6064328858e-01 0.0000000000e+00 -9.1590580153e-03
     vertex 2.5797746002e-01 2.1000000000e-01 -9.5808205746e-03
   endloop
 endfacet
 facet normal  -4.9409051254e-01 2.2732362913e-01 -8.3916537885e-01
   outer loop
     vertex 1.6064328858e-01 0.0000000000e+00 -9.1590580153e-03
     vertex 2.4868235717e-01 2.1000000000e-01 -4.1079754740e-03
     vertex 2.5797746002e-01 2.1000000000e-01 -9.5808205746e-03
   endloop
 endfacet
 facet normal  -5.0269610908e-01 2.3078519549e-01 -8.3308751969e-01
   outer loop
     vertex 1.6064328858e-01 0.0000000000e+00 -9.1590580153e-03
     vertex 1.5088104253e-01 0.0000000000e+00 -3.2683886805e-03
     vertex 2.4868235717e-01 2.1000000000e-01 -4.1079754740e-03
   endloop
 endfacet
 facet normal  -8.1878000484e-01 3.7960071779e-01 -4.3070012621e-01
   outer loop
     vertex 1.5088104253e-01 0.0000000000e+00 -3.2683886805e-03
     vertex 2.4528405434e-01 2.1000000000e-01 2.3523486431e-03
     vertex 2.4868235717e-01 2.1000000000e-01 -4.1079754740e-03
   endloop
 endfacet
 facet normal  -8.2280692587e-01 3.8116596602e-01 -4.2154628345e-01
   outer loop
     vertex 1.5088104253e-01 0.0000000000e+00 -3.2683886805e-03
     vertex 1.4736281658e-01 0.0000000000e+00 3.5987592396e-03
     vertex 2.4528405434e-01 2.1000000000e-01 2.3523486431e-03
   endloop
 endfacet
 facet normal  -7.9418508493e-01 3.7316840027e-01 4.7959920342e-01
   outer loop
     vertex 1.4736281658e-01 0.0000000000e+00 3.5987592396e-03
     vertex 1.5135150033e-01 0.0000000000e+00 1.0203760096e-02
     vertex 2.4528405434e-01 2.1000000000e-01 2.3523486431e-03
   endloop
 endfacet
 facet normal  -7.9872473634e-01 3.7486454358e-01 4.7065419314e-01
   outer loop
     vertex 2.4528405434e-01 2.1000000000e-01 2.3523486431e-03
     vertex 1.5135150033e-01 0.0000000000e+00 1.0203760096e-02
     vertex 2.4898987449e-01 2.1000000000e-01 8.6413188994e-03
   endloop
 endfacet
 facet normal  -4.4515840314e-01 2.1344431283e-01 8.6964103022e-01
   outer loop
     vertex 1.5135150033e-01 0.0000000000e+00 1.0203760096e-02
     vertex 1.6150087836e-01 0.0000000000e+00 1.5399100196e-02
     vertex 2.4898987449e-01 2.1000000000e-01 8.6413188994e-03
   endloop
 endfacet
 facet normal  -4.5415071326e-01 2.1701203155e-01 8.6409079836e-01
   outer loop
     vertex 2.4898987449e-01 2.1000000000e-01 8.6413188994e-03
     vertex 1.6150087836e-01 0.0000000000e+00 1.5399100196e-02
     vertex 2.5853802827e-01 2.1000000000e-01 1.3659658246e-02
   endloop
 endfacet
 facet normal  -2.5238523341e-01 1.2457080191e-01 9.5957480650e-01
   outer loop
     vertex 1.6150087836e-01 0.0000000000e+00 1.5399100196e-02
     vertex 1.7706917995e-01 0.0000000000e+00 1.9493840286e-02
     vertex 2.5853802827e-01 2.1000000000e-01 1.3659658246e-02
   endloop
 endfacet
 facet normal  -2.6259434479e-01 1.2844095875e-01 9.5631957535e-01
   outer loop
     vertex 2.5853802827e-01 2.1000000000e-01 1.3659658246e-02
     vertex 1.7706917995e-01 0.0000000000e+00 1.9493840286e-02
     vertex 2.7322365442e-01 2.1000000000e-01 1.7692162103e-02
   endloop
 endfacet
 facet normal  -1.3906555465e-01 7.2148596958e-02 9.8765143217e-01
   outer loop
     vertex 1.7706917995e-01 0.0000000000e+00 1.9493840286e-02
     vertex 1.9886513720e-01 0.0000000000e+00 2.2562804483e-02
     vertex 2.7322365442e-01 2.1000000000e-01 1.7692162103e-02
   endloop
 endfacet
 facet normal  -1.4967355214e-01 7.5862305665e-02 9.8582084497e-01
   outer loop
     vertex 2.7322365442e-01 2.1000000000e-01 1.7692162103e-02
     vertex 1.9886513720e-01 0.0000000000e+00 2.2562804483e-02
     vertex 2.9381104001e-01 2.1000000000e-01 2.0817869118e-02
   endloop
 endfacet
 facet normal  -5.9786340892e-02 3.5319959216e-02 9.9758613359e-01
   outer loop
     vertex 1.9886513720e-01 0.0000000000e+00 2.2562804483e-02
     vertex 2.2772209823e-01 0.0000000000e+00 2.4292231197e-02
     vertex 2.9381104001e-01 2.1000000000e-01 2.0817869118e-02
   endloop
 endfacet
 facet normal  -7.0538714733e-02 3.8690136638e-02 9.9675842763e-01
   outer loop
     vertex 2.9381104001e-01 2.1000000000e-01 2.0817869118e-02
     vertex 2.2772209823e-01 0.0000000000e+00 2.4292231197e-02
     vertex 3.2109172541e-01 2.1000000000e-01 2.2748471791e-02
   endloop
 endfacet
 facet normal  6.8293370576e-04 7.0474068739e-03 9.9997493351e-01
   outer loop
     vertex 2.2772209823e-01 0.0000000000e+00 2.4292231197e-02
     vertex 2.6376185411e-01 0.0000000000e+00 2.4267617816e-02
     vertex 3.2109172541e-01 2.1000000000e-01 2.2748471791e-02
   endloop
 endfacet
 facet normal  -1.0107293724e-02 9.9925829739e-03 9.9989899035e-01
   outer loop
     vertex 3.2109172541e-01 2.1000000000e-01 2.2748471791e-02
     vertex 2.6376185411e-01 0.0000000000e+00 2.4267617816e-02
     vertex 3.5518515497e-01 2.1000000000e-01 2.3093098909e-02
   endloop
 endfacet
 facet normal  4.7688734473e-02 -1.5175306326e-02 9.9874696229e-01
   outer loop
     vertex 2.6376185411e-01 0.0000000000e+00 2.4267617816e-02
     vertex 3.0583786162e-01 0.0000000000e+00 2.2258548827e-02
     vertex 3.5518515497e-01 2.1000000000e-01 2.3093098909e-02
   endloop
 endfacet
 facet normal  3.6910066966e-02 -1.2644412150e-02 9.9923859303e-01
   outer loop
     vertex 3.5518515497e-01 2.1000000000e-01 2.3093098909e-02
     vertex 3.0583786162e-01 0.0000000000e+00 2.2258548827e-02
     vertex 3.9500906469e-01 2.1000000000e-01 2.1622075687e-02
   endloop
 endfacet
 facet normal  8.3241101628e-02 -3.2327518009e-02 9.9600494506e-01
   outer loop
     vertex 3.0583786162e-01 0.0000000000e+00 2.2258548827e-02
     vertex 3.5135902679e-01 0.0000000000e+00 1.8454117981e-02
     vertex 3.9500906469e-01 2.1000000000e-01 2.1622075687e-02
   endloop
 endfacet
 facet normal  7.2493682117e-02 -3.0107306958e-02 9.9691434743e-01
   outer loop
     vertex 3.9500906469e-01 2.1000000000e-01 2.1622075687e-02
     vertex 3.5135902679e-01 0.0000000000e+00 1.8454117981e-02
     vertex 4.3811038029e-01 2.1000000000e-01 1.8487831426e-02
   endloop
 endfacet
 facet normal  9.8342333421e-02 -4.0785011270e-02 9.9431653326e-01
   outer loop
     vertex 3.5135902679e-01 0.0000000000e+00 1.8454117981e-02
     vertex 4.8111642504e-01 2.1000000000e-01 1.4234342069e-02
     vertex 4.3811038029e-01 2.1000000000e-01 1.8487831426e-02
   endloop
 endfacet
 facet normal  1.0903401999e-01 -4.7419659935e-02 9.9290631901e-01
   outer loop
     vertex 3.5135902679e-01 0.0000000000e+00 1.8454117981e-02
     vertex 3.9676672698e-01 0.0000000000e+00 1.3467762274e-02
     vertex 4.8111642504e-01 2.1000000000e-01 1.4234342069e-02
   endloop
 endfacet
 facet normal  1.1671824368e-01 -5.0502399730e-02 9.9188021415e-01
   outer loop
     vertex 3.9676672698e-01 0.0000000000e+00 1.3467762274e-02
     vertex 5.2069666738e-01 2.1000000000e-01 9.5767873509e-03
     vertex 4.8111642504e-01 2.1000000000e-01 1.4234342069e-02
   endloop
 endfacet
 facet normal  1.2737123035e-01 -5.6819825619e-02 9.9022627570e-01
   outer loop
     vertex 3.9676672698e-01 0.0000000000e+00 1.3467762274e-02
     vertex 4.3854883865e-01 0.0000000000e+00 8.0933957262e-03
     vertex 5.2069666738e-01 2.1000000000e-01 9.5767873509e-03
   endloop
 endfacet
 facet normal  1.2999885431e-01 -5.7844868033e-02 9.8982537304e-01
   outer loop
     vertex 4.3854883865e-01 0.0000000000e+00 8.0933957262e-03
     vertex 5.5450518428e-01 2.1000000000e-01 5.1365410392e-03
     vertex 5.2069666738e-01 2.1000000000e-01 9.5767873509e-03
   endloop
 endfacet
 facet normal  1.4062164906e-01 -6.3736053706e-02 9.8800975060e-01
   outer loop
     vertex 4.3854883865e-01 0.0000000000e+00 8.0933957262e-03
     vertex 4.7423287263e-01 0.0000000000e+00 3.0145514141e-03
     vertex 5.5450518428e-01 2.1000000000e-01 5.1365410392e-03
   endloop
 endfacet
 facet normal  1.3996662863e-01 -6.3486774695e-02 9.8811880475e-01
   outer loop
     vertex 4.7423287263e-01 0.0000000000e+00 3.0145514141e-03
     vertex 5.8158877684e-01 2.1000000000e-01 1.3001611185e-03
     vertex 5.5450518428e-01 2.1000000000e-01 5.1365410392e-03
   endloop
 endfacet
 facet normal  1.5056656341e-01 -6.8921368148e-02 9.8619448132e-01
   outer loop
     vertex 4.7423287263e-01 0.0000000000e+00 3.0145514141e-03
     vertex 5.0281573282e-01 0.0000000000e+00 -1.3493170858e-03
     vertex 5.8158877684e-01 2.1000000000e-01 1.3001611185e-03
   endloop
 endfacet
 facet normal  1.4758397793e-01 -6.7809230436e-02 9.8672229007e-01
   outer loop
     vertex 5.0281573282e-01 0.0000000000e+00 -1.3493170858e-03
     vertex 6.0219027835e-01 2.1000000000e-01 -1.7812038967e-03
     vertex 5.8158877684e-01 2.1000000000e-01 1.3001611185e-03
   endloop
 endfacet
 facet normal  1.5816679255e-01 -7.2821257357e-02 9.8472347906e-01
   outer loop
     vertex 5.0281573282e-01 0.0000000000e+00 -1.3493170858e-03
     vertex 5.2455581141e-01 0.0000000000e+00 -4.8412197101e-03
     vertex 6.0219027835e-01 2.1000000000e-01 -1.7812038967e-03
   endloop
 endfacet
 facet normal  1.5343195225e-01 -7.1083604391e-02 9.8559918690e-01
   outer loop
     vertex 5.2455581141e-01 0.0000000000e+00 -4.8412197101e-03
     vertex 6.1725189523e-01 2.1000000000e-01 -4.1259027495e-03
     vertex 6.0219027835e-01 2.1000000000e-01 -1.7812038967e-03
   endloop
 endfacet
 facet normal  1.6400193185e-01 -7.5742311026e-02 9.8354789851e-01
   outer loop
     vertex 5.2455581141e-01 0.0000000000e+00 -4.8412197101e-03
     vertex 5.4044878560e-01 0.0000000000e+00 -7.4912975296e-03
     vertex 6.1725189523e-01 2.1000000000e-01 -4.1259027495e-03
   endloop
 endfacet
 facet normal  1.5782184829e-01 -7.3500991768e-02 9.8472832213e-01
   outer loop
     vertex 5.4044878560e-01 0.0000000000e+00 -7.4912975296e-03
     vertex 6.2794723723e-01 2.1000000000e-01 -5.8400391302e-03
     vertex 6.1725189523e-01 2.1000000000e-01 -4.1259027495e-03
   endloop
 endfacet
 facet normal  1.6838237556e-01 -7.7884712752e-02 9.8263998856e-01
   outer loop
     vertex 5.4044878560e-01 0.0000000000e+00 -7.4912975296e-03
     vertex 5.5173391864e-01 0.0000000000e+00 -9.4250856217e-03
     vertex 6.2794723723e-01 2.1000000000e-01 -5.8400391302e-03
   endloop
 endfacet
 facet normal  1.6099667352e-01 -7.5228935697e-02 9.8408367447e-01
   outer loop
     vertex 5.5173391864e-01 0.0000000000e+00 -9.4250856217e-03
     vertex 6.3538612709e-01 2.1000000000e-01 -7.0570459292e-03
     vertex 6.2794723723e-01 2.1000000000e-01 -5.8400391302e-03
   endloop
 endfacet
 facet normal  1.7155047388e-01 -7.9409139938e-02 9.8196976705e-01
   outer loop
     vertex 5.5173391864e-01 0.0000000000e+00 -9.4250856217e-03
     vertex 5.5958274093e-01 0.0000000000e+00 -1.0796277719e-02
     vertex 6.3538612709e-01 2.1000000000e-01 -7.0570459292e-03
   endloop
 endfacet
 facet normal  1.1365537090e-01 -2.3340403945e-02 -9.9324603307e-01
   outer loop
     vertex 6.3538612709e-01 2.1000000000e-01 -7.0570459292e-03
     vertex 6.2789721286e-01 2.1000000000e-01 -7.9139890200e-03
     vertex 7.1118951326e-01 4.2000000000e-01 -3.3178141396e-03
   endloop
 endfacet
 facet normal  1.2564424207e-01 -2.8129902122e-02 -9.9167647600e-01
   outer loop
     vertex 7.1118951326e-01 4.2000000000e-01 -3.3178141396e-03
     vertex 6.2789721286e-01 2.1000000000e-01 -7.9139890200e-03
     vertex 7.0413703726e-01 4.2000000000e-01 -4.2113545455e-03
   endloop
 endfacet
 facet normal  1.1043260899e-01 -2.2572972527e-02 -9.9362724388e-01
   outer loop
     vertex 6.2789721286e-01 2.1000000000e-01 -7.9139890200e-03
     vertex 6.1713166550e-01 2.1000000000e-01 -9.1104814560e-03
     vertex 7.0413703726e-01 4.2000000000e-01 -4.2113545455e-03
   endloop
 endfacet
 facet normal  1.2242644900e-01 -2.7577916773e-02 -9.9209436199e-01
   outer loop
     vertex 7.0413703726e-01 4.2000000000e-01 -4.2113545455e-03
     vertex 6.1713166550e-01 2.1000000000e-01 -9.1104814560e-03
     vertex 6.9399847981e-01 4.2000000000e-01 -5.4624730222e-03
   endloop
 endfacet
 facet normal  1.0597879347e-01 -2.1522084420e-02 -9.9413545114e-01
   outer loop
     vertex 6.1713166550e-01 2.1000000000e-01 -9.1104814560e-03
     vertex 6.0197451975e-01 2.1000000000e-01 -1.0726293484e-02
     vertex 6.9399847981e-01 4.2000000000e-01 -5.4624730222e-03
   endloop
 endfacet
 facet normal  1.1797936955e-01 -2.6817986429e-02 -9.9265384901e-01
   outer loop
     vertex 6.9399847981e-01 4.2000000000e-01 -5.4624730222e-03
     vertex 6.0197451975e-01 2.1000000000e-01 -1.0726293484e-02
     vertex 6.7972330809e-01 4.2000000000e-01 -7.1591125520e-03
   endloop
 endfacet
 facet normal  1.0004990114e-01 -2.0143827274e-02 -9.9477848967e-01
   outer loop
     vertex 6.0197451975e-01 2.1000000000e-01 -1.0726293484e-02
     vertex 5.8124841512e-01 2.1000000000e-01 -1.2810822594e-02
     vertex 6.7972330809e-01 4.2000000000e-01 -7.1591125520e-03
   endloop
 endfacet
 facet normal  1.1205919198e-01 -2.5813329543e-02 -9.9336620111e-01
   outer loop
     vertex 6.7972330809e-01 4.2000000000e-01 -7.1591125520e-03
     vertex 5.8124841512e-01 2.1000000000e-01 -1.2810822594e-02
     vertex 6.6020180250e-01 4.2000000000e-01 -9.3612854679e-03
   endloop
 endfacet
 facet normal  9.2334785456e-02 -1.8361558864e-02 -9.9555870774e-01
   outer loop
     vertex 5.8124841512e-01 2.1000000000e-01 -1.2810822594e-02
     vertex 5.5401135624e-01 2.1000000000e-01 -1.5336969941e-02
     vertex 6.6020180250e-01 4.2000000000e-01 -9.3612854679e-03
   endloop
 endfacet
 facet normal  1.0435500683e-01 -2.4477367077e-02 -9.9423885010e-01
   outer loop
     vertex 6.6020180250e-01 4.2000000000e-01 -9.3612854679e-03
     vertex 5.5401135624e-01 2.1000000000e-01 -1.5336969941e-02
     vertex 6.3454532659e-01 4.2000000000e-01 -1.2054181363e-02
   endloop
 endfacet
 facet normal  8.2252850588e-02 -1.5966207990e-02 -9.9648359182e-01
   outer loop
     vertex 5.5401135624e-01 2.1000000000e-01 -1.5336969941e-02
     vertex 5.2002807948e-01 2.1000000000e-01 -1.8142055150e-02
     vertex 6.3454532659e-01 4.2000000000e-01 -1.2054181363e-02
   endloop
 endfacet
 facet normal  9.4286684780e-02 -2.2563121543e-02 -9.9528936828e-01
   outer loop
     vertex 6.3454532659e-01 4.2000000000e-01 -1.2054181363e-02
     vertex 5.2002807948e-01 2.1000000000e-01 -1.8142055150e-02
     vertex 6.0253016482e-01 4.2000000000e-01 -1.5087071659e-02
   endloop
 endfacet
 facet normal  6.8843804525e-02 -1.2534583885e-02 -9.9754870296e-01
   outer loop
     vertex 5.2002807948e-01 2.1000000000e-01 -1.8142055150e-02
     vertex 4.8026931224e-01 2.1000000000e-01 -2.0885925993e-02
     vertex 6.0253016482e-01 4.2000000000e-01 -1.5087071659e-02
   endloop
 endfacet
 facet normal  8.0894337128e-02 -1.9578457790e-02 -9.9653037596e-01
   outer loop
     vertex 6.0253016482e-01 4.2000000000e-01 -1.5087071659e-02
     vertex 4.8026931224e-01 2.1000000000e-01 -2.0885925993e-02
     vertex 5.6506785974e-01 4.2000000000e-01 -1.8128111259e-02
   endloop
 endfacet
 facet normal  5.0329926344e-02 -7.2078894006e-03 -9.9870663603e-01
   outer loop
     vertex 4.8026931224e-01 2.1000000000e-01 -2.0885925993e-02
     vertex 4.3710820753e-01 2.1000000000e-01 -2.3061034421e-02
     vertex 5.6506785974e-01 4.2000000000e-01 -1.8128111259e-02
   endloop
 endfacet
 facet normal  6.2399956969e-02 -1.4580438991e-02 -9.9794471599e-01
   outer loop
     vertex 5.6506785974e-01 4.2000000000e-01 -1.8128111259e-02
     vertex 4.3710820753e-01 2.1000000000e-01 -2.3061034421e-02
     vertex 5.2439057023e-01 4.2000000000e-01 -2.0671599966e-02
   endloop
 endfacet
 facet normal  3.6445295193e-02 -3.7771499859e-03 -9.9932851135e-01
   outer loop
     vertex 4.3710820753e-01 2.1000000000e-01 -2.3061034421e-02
     vertex 4.8366162575e-01 4.2000000000e-01 -2.2156975784e-02
     vertex 5.2439057023e-01 4.2000000000e-01 -2.0671599966e-02
   endloop
 endfacet
 facet normal  2.4356543117e-02 -1.0956687893e-03 -9.9970273498e-01
   outer loop
     vertex 4.3710820753e-01 2.1000000000e-01 -2.3061034421e-02
     vertex 3.9390590450e-01 2.1000000000e-01 -2.4113606070e-02
     vertex 4.8366162575e-01 4.2000000000e-01 -2.2156975784e-02
   endloop
 endfacet
 facet normal  7.8470817626e-04 8.9815176948e-03 -9.9995935746e-01
   outer loop
     vertex 3.9390590450e-01 2.1000000000e-01 -2.4113606070e-02
     vertex 4.4607824340e-01 4.2000000000e-01 -2.2186468970e-02
     vertex 4.8366162575e-01 4.2000000000e-01 -2.2156975784e-02
   endloop
 endfacet
 facet normal  -1.1308868369e-02 1.1985169302e-02 -9.9986422339e-01
   outer loop
     vertex 3.9390590450e-01 2.1000000000e-01 -2.4113606070e-02
     vertex 3.5405738431e-01 2.1000000000e-01 -2.3662903206e-02
     vertex 4.4607824340e-01 4.2000000000e-01 -2.2186468970e-02
   endloop
 endfacet
 facet normal  -4.6210963399e-02 2.7269904066e-02 -9.9855941195e-01
   outer loop
     vertex 3.5405738431e-01 2.1000000000e-01 -2.3662903206e-02
     vertex 4.1395759167e-01 4.2000000000e-01 -2.0700001321e-02
     vertex 4.4607824340e-01 4.2000000000e-01 -2.2186468970e-02
   endloop
 endfacet
 facet normal  -5.8278724880e-02 3.0701783679e-02 -9.9782813686e-01
   outer loop
     vertex 3.5405738431e-01 2.1000000000e-01 -2.3662903206e-02
     vertex 3.2002021754e-01 2.1000000000e-01 -2.1674942951e-02
     vertex 4.1395759167e-01 4.2000000000e-01 -2.0700001321e-02
   endloop
 endfacet
 facet normal  -1.0643872004e-01 5.2222091366e-02 -9.9294695329e-01
   outer loop
     vertex 3.2002021754e-01 2.1000000000e-01 -2.1674942951e-02
     vertex 3.8831185764e-01 4.2000000000e-01 -1.7950912766e-02
     vertex 4.1395759167e-01 4.2000000000e-01 -2.0700001321e-02
   endloop
 endfacet
 facet normal  -1.1841512645e-01 5.6088989017e-02 -9.9137877884e-01
   outer loop
     vertex 3.2002021754e-01 2.1000000000e-01 -2.1674942951e-02
     vertex 2.9286433643e-01 2.1000000000e-01 -1.8431311793e-02
     vertex 3.8831185764e-01 4.2000000000e-01 -1.7950912766e-02
   endloop
 endfacet
 facet normal  -1.8503402219e-01 8.6339603540e-02 -9.7893201168e-01
   outer loop
     vertex 2.9286433643e-01 2.1000000000e-01 -1.8431311793e-02
     vertex 3.6901514920e-01 4.2000000000e-01 -1.4303522003e-02
     vertex 3.8831185764e-01 4.2000000000e-01 -1.7950912766e-02
   endloop
 endfacet
 facet normal  -1.9678620389e-01 9.0548617521e-02 -9.7625618453e-01
   outer loop
     vertex 2.9286433643e-01 2.1000000000e-01 -1.8431311793e-02
     vertex 2.7245159057e-01 2.1000000000e-01 -1.4316667674e-02
     vertex 3.6901514920e-01 4.2000000000e-01 -1.4303522003e-02
   endloop
 endfacet
 facet normal  -2.9665237945e-01 1.3646778344e-01 -9.4518459036e-01
   outer loop
     vertex 2.7245159057e-01 2.1000000000e-01 -1.4316667674e-02
     vertex 3.5531163147e-01 4.2000000000e-01 -1.0002583134e-02
     vertex 3.6901514920e-01 4.2000000000e-01 -1.4303522003e-02
   endloop
 endfacet
 facet normal  -3.0787314101e-01 1.4080818831e-01 -9.4095014913e-01
   outer loop
     vertex 2.7245159057e-01 2.1000000000e-01 -1.4316667674e-02
     vertex 2.5797746002e-01 2.1000000000e-01 -9.5808205746e-03
     vertex 3.5531163147e-01 4.2000000000e-01 -1.0002583134e-02
   endloop
 endfacet
 facet normal  -4.8442122076e-01 2.2282826234e-01 -8.4598087826e-01
   outer loop
     vertex 2.5797746002e-01 2.1000000000e-01 -9.5808205746e-03
     vertex 3.4648367181e-01 4.2000000000e-01 -4.9475622676e-03
     vertex 3.5531163147e-01 4.2000000000e-01 -1.0002583134e-02
   endloop
 endfacet
 facet normal  -4.9415452630e-01 2.2678247075e-01 -8.3927410010e-01
   outer loop
     vertex 2.5797746002e-01 2.1000000000e-01 -9.5808205746e-03
     vertex 2.4868235717e-01 2.1000000000e-01 -4.1079754740e-03
     vertex 3.4648367181e-01 4.2000000000e-01 -4.9475622676e-03
   endloop
 endfacet
 facet normal  -8.1427959219e-01 3.7746365408e-01 -4.4098745513e-01
   outer loop
     vertex 2.4868235717e-01 2.1000000000e-01 -4.1079754740e-03
     vertex 3.4320529210e-01 4.2000000000e-01 1.1059380465e-03
     vertex 3.4648367181e-01 4.2000000000e-01 -4.9475622676e-03
   endloop
 endfacet
 facet normal  -8.1889397908e-01 3.7928670523e-01 -4.3076007970e-01
   outer loop
     vertex 2.4868235717e-01 2.1000000000e-01 -4.1079754740e-03
     vertex 2.4528405434e-01 2.1000000000e-01 2.3523486431e-03
     vertex 3.4320529210e-01 4.2000000000e-01 1.1059380465e-03
   endloop
 endfacet
 facet normal  -7.9861465065e-01 3.7518039336e-01 4.7058932437e-01
   outer loop
     vertex 2.4528405434e-01 2.1000000000e-01 2.3523486431e-03
     vertex 2.4898987449e-01 2.1000000000e-01 8.6413188994e-03
     vertex 3.4320529210e-01 4.2000000000e-01 1.1059380465e-03
   endloop
 endfacet
 facet normal  -8.0358900347e-01 3.7705074823e-01 4.6051867145e-01
   outer loop
     vertex 3.4320529210e-01 4.2000000000e-01 1.1059380465e-03
     vertex 2.4898987449e-01 2.1000000000e-01 8.6413188994e-03
     vertex 3.4662824864e-01 4.2000000000e-01 7.0788777029e-03
   endloop
 endfacet
 facet normal  -4.5409428397e-01 2.1755690908e-01 8.6398343305e-01
   outer loop
     vertex 2.4898987449e-01 2.1000000000e-01 8.6413188994e-03
     vertex 2.5853802827e-01 2.1000000000e-01 1.3659658246e-02
     vertex 3.4662824864e-01 4.2000000000e-01 7.0788777029e-03
   endloop
 endfacet
 facet normal  -4.6408294686e-01 2.2154808824e-01 8.5763830549e-01
   outer loop
     vertex 3.4662824864e-01 4.2000000000e-01 7.0788777029e-03
     vertex 2.5853802827e-01 2.1000000000e-01 1.3659658246e-02
     vertex 3.5557517818e-01 4.2000000000e-01 1.1920216296e-02
   endloop
 endfacet
 facet normal  -2.6256659309e-01 1.2924762115e-01 9.5621850883e-01
   outer loop
     vertex 2.5853802827e-01 2.1000000000e-01 1.3659658246e-02
     vertex 2.7322365442e-01 2.1000000000e-01 1.7692162103e-02
     vertex 3.5557517818e-01 4.2000000000e-01 1.1920216296e-02
   endloop
 endfacet
 facet normal  -2.7395244033e-01 1.3360810766e-01 9.5241741585e-01
   outer loop
     vertex 3.5557517818e-01 4.2000000000e-01 1.1920216296e-02
     vertex 2.7322365442e-01 2.1000000000e-01 1.7692162103e-02
     vertex 3.6937812889e-01 4.2000000000e-01 1.5890483921e-02
   endloop
 endfacet
 facet normal  -1.4966065339e-01 7.6983430086e-02 9.8573588771e-01
   outer loop
     vertex 2.7322365442e-01 2.1000000000e-01 1.7692162103e-02
     vertex 2.9381104001e-01 2.1000000000e-01 2.0817869118e-02
     vertex 3.6937812889e-01 4.2000000000e-01 1.5890483921e-02
   endloop
 endfacet
 facet normal  -1.6151737023e-01 8.1198085461e-02 9.8352377197e-01
   outer loop
     vertex 3.6937812889e-01 4.2000000000e-01 1.5890483921e-02
     vertex 2.9381104001e-01 2.1000000000e-01 2.0817869118e-02
     vertex 3.8875694282e-01 4.2000000000e-01 1.9072933753e-02
   endloop
 endfacet
 facet normal  -7.0534586385e-02 4.0172129623e-02 9.9670009136e-01
   outer loop
     vertex 2.9381104001e-01 2.1000000000e-01 2.0817869118e-02
     vertex 3.2109172541e-01 2.1000000000e-01 2.2748471791e-02
     vertex 3.8875694282e-01 4.2000000000e-01 1.9072933753e-02
   endloop
 endfacet
 facet normal  -8.2570443510e-02 4.4031223847e-02 9.9561205958e-01
   outer loop
     vertex 3.8875694282e-01 4.2000000000e-01 1.9072933753e-02
     vertex 3.2109172541e-01 2.1000000000e-01 2.2748471791e-02
     vertex 4.1446135258e-01 4.2000000000e-01 2.1204712386e-02
   endloop
 endfacet
 facet normal  -1.0107089374e-02 1.1844130614e-02 9.9987877431e-01
   outer loop
     vertex 3.2109172541e-01 2.1000000000e-01 2.2748471791e-02
     vertex 3.5518515497e-01 2.1000000000e-01 2.3093098909e-02
     vertex 4.1446135258e-01 4.2000000000e-01 2.1204712386e-02
   endloop
 endfacet
 facet normal  -2.2198224751e-02 1.5254894138e-02 9.9963719770e-01
   outer loop
     vertex 4.1446135258e-01 4.2000000000e-01 2.1204712386e-02
     vertex 3.5518515497e-01 2.1000000000e-01 2.3093098909e-02
     vertex 4.4660845583e-01 4.2000000000e-01 2.1918580001e-02
   endloop
 endfacet
 facet normal  3.6910990660e-02 -1.0480336252e-02 9.9926359952e-01
   outer loop
     vertex 3.5518515497e-01 2.1000000000e-01 2.3093098909e-02
     vertex 3.9500906469e-01 2.1000000000e-01 2.1622075687e-02
     vertex 4.4660845583e-01 4.2000000000e-01 2.1918580001e-02
   endloop
 endfacet
 facet normal  2.4823493600e-02 -7.5108654108e-03 9.9966363396e-01
   outer loop
     vertex 4.4660845583e-01 4.2000000000e-01 2.1918580001e-02
     vertex 3.9500906469e-01 2.1000000000e-01 2.1622075687e-02
     vertex 4.8418026776e-01 4.2000000000e-01 2.0985602546e-02
   endloop
 endfacet
 facet normal  7.2498603815e-02 -2.7763025904e-02 9.9698202935e-01
   outer loop
     vertex 3.9500906469e-01 2.1000000000e-01 2.1622075687e-02
     vertex 4.3811038029e-01 2.1000000000e-01 1.8487831426e-02
     vertex 4.8418026776e-01 4.2000000000e-01 2.0985602546e-02
   endloop
 endfacet
 facet normal  6.0439649552e-02 -2.5127916910e-02 9.9785551888e-01
   outer loop
     vertex 4.8418026776e-01 4.2000000000e-01 2.0985602546e-02
     vertex 4.3811038029e-01 2.1000000000e-01 1.8487831426e-02
     vertex 5.2486173380e-01 4.2000000000e-01 1.8521544870e-02
   endloop
 endfacet
 facet normal  8.6325947453e-02 -3.5821231700e-02 9.9562275494e-01
   outer loop
     vertex 4.3811038029e-01 2.1000000000e-01 1.8487831426e-02
     vertex 5.6546612310e-01 4.2000000000e-01 1.5000921864e-02
     vertex 5.2486173380e-01 4.2000000000e-01 1.8521544870e-02
   endloop
 endfacet
 facet normal  9.8332657563e-02 -4.3126085448e-02 9.9421870291e-01
   outer loop
     vertex 4.3811038029e-01 2.1000000000e-01 1.8487831426e-02
     vertex 4.8111642504e-01 2.1000000000e-01 1.4234342069e-02
     vertex 5.6546612310e-01 4.2000000000e-01 1.5000921864e-02
   endloop
 endfacet
 facet normal  1.0473781095e-01 -4.5696004886e-02 9.9344947838e-01
   outer loop
     vertex 4.8111642504e-01 2.1000000000e-01 1.4234342069e-02
     vertex 6.0284449611e-01 4.2000000000e-01 1.1060178976e-02
     vertex 5.6546612310e-01 4.2000000000e-01 1.5000921864e-02
   endloop
 endfacet
 facet normal  1.1670522984e-01 -5.2658399917e-02 9.9176962156e-01
   outer loop
     vertex 4.8111642504e-01 2.1000000000e-01 1.4234342069e-02
     vertex 5.2069666738e-01 2.1000000000e-01 9.5767873509e-03
     vertex 6.0284449611e-01 4.2000000000e-01 1.1060178976e-02
   endloop
 endfacet
 facet normal  1.1804867901e-01 -5.3182609709e-02 9.9158263368e-01
   outer loop
     vertex 5.2069666738e-01 2.1000000000e-01 9.5767873509e-03
     vertex 6.3477749593e-01 4.2000000000e-01 7.2585306643e-03
     vertex 6.0284449611e-01 4.2000000000e-01 1.1060178976e-02
   endloop
 endfacet
 facet normal  1.2998473051e-01 -5.9687360812e-02 9.8971783292e-01
   outer loop
     vertex 5.2069666738e-01 2.1000000000e-01 9.5767873509e-03
     vertex 5.5450518428e-01 2.1000000000e-01 5.1365410392e-03
     vertex 6.3477749593e-01 4.2000000000e-01 7.2585306643e-03
   endloop
 endfacet
 facet normal  1.2804142928e-01 -5.8947542935e-02 9.9001544411e-01
   outer loop
     vertex 5.5450518428e-01 2.1000000000e-01 5.1365410392e-03
     vertex 6.6036182086e-01 4.2000000000e-01 3.9496393227e-03
     vertex 6.3477749593e-01 4.2000000000e-01 7.2585306643e-03
   endloop
 endfacet
 facet normal  1.3995330106e-01 -6.4963321413e-02 9.8802471649e-01
   outer loop
     vertex 5.5450518428e-01 2.1000000000e-01 5.1365410392e-03
     vertex 5.8158877684e-01 2.1000000000e-01 1.3001611185e-03
     vertex 6.6036182086e-01 4.2000000000e-01 3.9496393227e-03
   endloop
 endfacet
 facet normal  1.3567908274e-01 -6.3368845800e-02 9.8872421630e-01
   outer loop
     vertex 5.8158877684e-01 2.1000000000e-01 1.3001611185e-03
     vertex 6.7982474529e-01 4.2000000000e-01 1.2788119166e-03
     vertex 6.6036182086e-01 4.2000000000e-01 3.9496393227e-03
   endloop
 endfacet
 facet normal  1.4757258856e-01 -6.8932724028e-02 9.8664614258e-01
   outer loop
     vertex 5.8158877684e-01 2.1000000000e-01 1.3001611185e-03
     vertex 6.0219027835e-01 2.1000000000e-01 -1.7812038967e-03
     vertex 6.7982474529e-01 4.2000000000e-01 1.2788119166e-03
   endloop
 endfacet
 facet normal  1.4154329628e-01 -6.6718849284e-02 9.8768116841e-01
   outer loop
     vertex 6.0219027835e-01 2.1000000000e-01 -1.7812038967e-03
     vertex 6.9405500487e-01 4.2000000000e-01 -7.6050796945e-04
     vertex 6.7982474529e-01 4.2000000000e-01 1.2788119166e-03
   endloop
 endfacet
 facet normal  1.5342289381e-01 -7.1905189833e-02 9.8554099830e-01
   outer loop
     vertex 6.0219027835e-01 2.1000000000e-01 -1.7812038967e-03
     vertex 6.1725189523e-01 2.1000000000e-01 -4.1259027495e-03
     vertex 6.9405500487e-01 4.2000000000e-01 -7.6050796945e-04
   endloop
 endfacet
 facet normal  1.4594573212e-01 -6.9191871875e-02 9.8686996516e-01
   outer loop
     vertex 6.1725189523e-01 2.1000000000e-01 -4.1259027495e-03
     vertex 7.0416055583e-01 4.2000000000e-01 -2.2549926388e-03
     vertex 6.9405500487e-01 4.2000000000e-01 -7.6050796945e-04
   endloop
 endfacet
 facet normal  1.5781501534e-01 -7.4084523880e-02 9.8468568805e-01
   outer loop
     vertex 6.1725189523e-01 2.1000000000e-01 -4.1259027495e-03
     vertex 6.2794723723e-01 2.1000000000e-01 -5.8400391302e-03
     vertex 7.0416055583e-01 4.2000000000e-01 -2.2549926388e-03
   endloop
 endfacet
 facet normal  1.4912981128e-01 -7.0959501552e-02 9.8626824370e-01
   outer loop
     vertex 6.2794723723e-01 2.1000000000e-01 -5.8400391302e-03
     vertex 7.1118951326e-01 4.2000000000e-01 -3.3178141396e-03
     vertex 7.0416055583e-01 4.2000000000e-01 -2.2549926388e-03
   endloop
 endfacet
 facet normal  1.6099171571e-01 -7.5634861140e-02 9.8405337012e-01
   outer loop
     vertex 6.2794723723e-01 2.1000000000e-01 -5.8400391302e-03
     vertex 6.3538612709e-01 2.1000000000e-01 -7.0570459292e-03
     vertex 7.1118951326e-01 4.2000000000e-01 -3.3178141396e-03
   endloop
 endfacet
 facet normal  1.2564576398e-01 -2.7696291653e-02 -9.9168848810e-01
   outer loop
     vertex 7.1118951326e-01 4.2000000000e-01 -3.3178141396e-03
     vertex 7.0413703726e-01 4.2000000000e-01 -4.2113545455e-03
     vertex 7.8699289942e-01 6.3000000000e-01 4.2141764992e-04
   endloop
 endfacet
 facet normal  1.3914310082e-01 -3.3065113216e-02 -9.8972010982e-01
   outer loop
     vertex 7.8699289942e-01 6.3000000000e-01 4.2141764992e-04
     vertex 7.0413703726e-01 4.2000000000e-01 -4.2113545455e-03
     vertex 7.8037686167e-01 6.3000000000e-01 -5.0872007111e-04
   endloop
 endfacet
 facet normal  1.2242853066e-01 -2.6954783020e-02 -9.9211123094e-01
   outer loop
     vertex 7.0413703726e-01 4.2000000000e-01 -4.2113545455e-03
     vertex 6.9399847981e-01 4.2000000000e-01 -5.4624730222e-03
     vertex 7.8037686167e-01 6.3000000000e-01 -5.0872007111e-04
   endloop
 endfacet
 facet normal  1.3593198268e-01 -3.2554580684e-02 -9.9018316253e-01
   outer loop
     vertex 7.8037686167e-01 6.3000000000e-01 -5.0872007111e-04
     vertex 6.9399847981e-01 4.2000000000e-01 -5.4624730222e-03
     vertex 7.7086529412e-01 6.3000000000e-01 -1.8144645884e-03
   endloop
 endfacet
 facet normal  1.1798210080e-01 -2.5941022807e-02 -9.9267682920e-01
   outer loop
     vertex 6.9399847981e-01 4.2000000000e-01 -5.4624730222e-03
     vertex 6.7972330809e-01 4.2000000000e-01 -7.1591125520e-03
     vertex 7.7086529412e-01 6.3000000000e-01 -1.8144645884e-03
   endloop
 endfacet
 facet normal  1.3149387095e-01 -3.1852895549e-02 -9.9080510442e-01
   outer loop
     vertex 7.7086529412e-01 6.3000000000e-01 -1.8144645884e-03
     vertex 6.7972330809e-01 4.2000000000e-01 -7.1591125520e-03
     vertex 7.5747209644e-01 6.3000000000e-01 -3.5919316200e-03
   endloop
 endfacet
 facet normal  1.1206258063e-01 -2.4614789221e-02 -9.9339624027e-01
   outer loop
     vertex 6.7972330809e-01 4.2000000000e-01 -7.1591125520e-03
     vertex 6.6020180250e-01 4.2000000000e-01 -9.3612854679e-03
     vertex 7.5747209644e-01 6.3000000000e-01 -3.5919316200e-03
   endloop
 endfacet
 facet normal  1.2558516673e-01 -3.0927671755e-02 -9.9160064795e-01
   outer loop
     vertex 7.5747209644e-01 6.3000000000e-01 -3.5919316200e-03
     vertex 6.6020180250e-01 4.2000000000e-01 -9.3612854679e-03
     vertex 7.3915518987e-01 6.3000000000e-01 -5.9117483421e-03
   endloop
 endfacet
 facet normal  1.0435890046e-01 -2.2903318589e-02 -9.9427594655e-01
   outer loop
     vertex 6.6020180250e-01 4.2000000000e-01 -9.3612854679e-03
     vertex 6.3454532659e-01 4.2000000000e-01 -1.2054181363e-02
     vertex 7.3915518987e-01 6.3000000000e-01 -5.9117483421e-03
   endloop
 endfacet
 facet normal  1.1789516621e-01 -2.9695853341e-02 -9.9258192915e-01
   outer loop
     vertex 7.3915518987e-01 6.3000000000e-01 -5.9117483421e-03
     vertex 6.3454532659e-01 4.2000000000e-01 -1.2054181363e-02
     vertex 7.1507929695e-01 6.3000000000e-01 -8.7713927849e-03
   endloop
 endfacet
 facet normal  9.4290680101e-02 -2.0600665792e-02 -9.9533154286e-01
   outer loop
     vertex 6.3454532659e-01 4.2000000000e-01 -1.2054181363e-02
     vertex 6.0253016482e-01 4.2000000000e-01 -1.5087071659e-02
     vertex 7.1507929695e-01 6.3000000000e-01 -8.7713927849e-03
   endloop
 endfacet
 facet normal  1.0784422726e-01 -2.7911450566e-02 -9.9377591718e-01
   outer loop
     vertex 7.1507929695e-01 6.3000000000e-01 -8.7713927849e-03
     vertex 6.0253016482e-01 4.2000000000e-01 -1.5087071659e-02
     vertex 6.8503225015e-01 6.3000000000e-01 -1.2032088167e-02
   endloop
 endfacet
 facet normal  8.0897758822e-02 -1.7284386580e-02 -9.9657252752e-01
   outer loop
     vertex 6.0253016482e-01 4.2000000000e-01 -1.5087071659e-02
     vertex 5.6506785974e-01 4.2000000000e-01 -1.8128111259e-02
     vertex 6.8503225015e-01 6.3000000000e-01 -1.2032088167e-02
   endloop
 endfacet
 facet normal  9.4473017574e-02 -2.5078884636e-02 -9.9521148431e-01
   outer loop
     vertex 6.8503225015e-01 6.3000000000e-01 -1.2032088167e-02
     vertex 5.6506785974e-01 4.2000000000e-01 -1.8128111259e-02
     vertex 6.4986640724e-01 6.3000000000e-01 -1.5370296526e-02
   endloop
 endfacet
 facet normal  6.2402028048e-02 -1.2092206445e-02 -9.9797783815e-01
   outer loop
     vertex 5.6506785974e-01 4.2000000000e-01 -1.8128111259e-02
     vertex 5.2439057023e-01 4.2000000000e-01 -2.0671599966e-02
     vertex 6.4986640724e-01 6.3000000000e-01 -1.5370296526e-02
   endloop
 endfacet
 facet normal  7.6003766027e-02 -2.0246459013e-02 -9.9690195528e-01
   outer loop
     vertex 6.4986640724e-01 6.3000000000e-01 -1.5370296526e-02
     vertex 5.2439057023e-01 4.2000000000e-01 -2.0671599966e-02
     vertex 6.1167293292e-01 6.3000000000e-01 -1.8282165512e-02
   endloop
 endfacet
 facet normal  5.0076025644e-02 -9.4496379083e-03 -9.9870070391e-01
   outer loop
     vertex 5.2439057023e-01 4.2000000000e-01 -2.0671599966e-02
     vertex 5.7341734700e-01 6.3000000000e-01 -2.0200345497e-02
     vertex 6.1167293292e-01 6.3000000000e-01 -1.8282165512e-02
   endloop
 endfacet
 facet normal  3.6444839713e-02 -6.2659089501e-03 -9.9931602211e-01
   outer loop
     vertex 5.2439057023e-01 4.2000000000e-01 -2.0671599966e-02
     vertex 4.8366162575e-01 4.2000000000e-01 -2.2156975784e-02
     vertex 5.7341734700e-01 6.3000000000e-01 -2.0200345497e-02
   endloop
 endfacet
 facet normal  1.4429755799e-02 3.1488749177e-03 -9.9989092742e-01
   outer loop
     vertex 4.8366162575e-01 4.2000000000e-01 -2.2156975784e-02
     vertex 5.3809910249e-01 6.3000000000e-01 -2.0710034734e-02
     vertex 5.7341734700e-01 6.3000000000e-01 -2.0200345497e-02
   endloop
 endfacet
 facet normal  7.8472228506e-04 6.6866188379e-03 -9.9997733641e-01
   outer loop
     vertex 4.8366162575e-01 4.2000000000e-01 -2.2156975784e-02
     vertex 4.4607824340e-01 4.2000000000e-01 -2.2186468970e-02
     vertex 5.3809910249e-01 6.3000000000e-01 -2.0710034734e-02
   endloop
 endfacet
 facet normal  -3.2585877257e-02 2.1304263368e-02 -9.9924185709e-01
   outer loop
     vertex 4.4607824340e-01 4.2000000000e-01 -2.2186468970e-02
     vertex 5.0789496579e-01 6.3000000000e-01 -1.9725059691e-02
     vertex 5.3809910249e-01 6.3000000000e-01 -2.0710034734e-02
   endloop
 endfacet
 facet normal  -4.6213348127e-02 2.5308323585e-02 -9.9861094287e-01
   outer loop
     vertex 4.4607824340e-01 4.2000000000e-01 -2.2186468970e-02
     vertex 4.1395759167e-01 4.2000000000e-01 -2.0700001321e-02
     vertex 5.0789496579e-01 6.3000000000e-01 -1.9725059691e-02
   endloop
 endfacet
 facet normal  -9.2907581116e-02 4.6177021129e-02 -9.9460337024e-01
   outer loop
     vertex 4.1395759167e-01 4.2000000000e-01 -2.0700001321e-02
     vertex 4.8375937885e-01 6.3000000000e-01 -1.7470513740e-02
     vertex 5.0789496579e-01 6.3000000000e-01 -1.9725059691e-02
   endloop
 endfacet
 facet normal  -1.0644733250e-01 5.0653254162e-02 -9.9302729733e-01
   outer loop
     vertex 4.1395759167e-01 4.2000000000e-01 -2.0700001321e-02
     vertex 3.8831185764e-01 4.2000000000e-01 -1.7950912766e-02
     vertex 4.8375937885e-01 6.3000000000e-01 -1.7470513740e-02
   endloop
 endfacet
 facet normal  -1.7174602205e-01 8.0306751956e-02 -9.8186258178e-01
   outer loop
     vertex 3.8831185764e-01 4.2000000000e-01 -1.7950912766e-02
     vertex 4.6557870783e-01 6.3000000000e-01 -1.4290376332e-02
     vertex 4.8375937885e-01 6.3000000000e-01 -1.7470513740e-02
   endloop
 endfacet
 facet normal  -1.8505298060e-01 8.5153544661e-02 -9.7903231213e-01
   outer loop
     vertex 3.8831185764e-01 4.2000000000e-01 -1.7950912766e-02
     vertex 3.6901514920e-01 4.2000000000e-01 -1.4303522003e-02
     vertex 4.6557870783e-01 6.3000000000e-01 -1.4290376332e-02
   endloop
 endfacet
 facet normal  -2.8395292772e-01 1.3062853445e-01 -9.4989837395e-01
   outer loop
     vertex 3.6901514920e-01 4.2000000000e-01 -1.4303522003e-02
     vertex 4.5264580291e-01 6.3000000000e-01 -1.0424345693e-02
     vertex 4.6557870783e-01 6.3000000000e-01 -1.4290376332e-02
   endloop
 endfacet
 facet normal  -2.9668744892e-01 1.3561493533e-01 -9.4529632760e-01
   outer loop
     vertex 3.6901514920e-01 4.2000000000e-01 -1.4303522003e-02
     vertex 3.5531163147e-01 4.2000000000e-01 -1.0002583134e-02
     vertex 4.5264580291e-01 6.3000000000e-01 -1.0424345693e-02
   endloop
 endfacet
 facet normal  -4.7339402105e-01 2.1770204840e-01 -8.5352441029e-01
   outer loop
     vertex 3.5531163147e-01 4.2000000000e-01 -1.0002583134e-02
     vertex 4.4428498645e-01 6.3000000000e-01 -5.7871490611e-03
     vertex 4.5264580291e-01 6.3000000000e-01 -1.0424345693e-02
   endloop
 endfacet
 facet normal  -4.8448651588e-01 2.2225260985e-01 -8.4609490800e-01
   outer loop
     vertex 3.5531163147e-01 4.2000000000e-01 -1.0002583134e-02
     vertex 3.4648367181e-01 4.2000000000e-01 -4.9475622676e-03
     vertex 4.4428498645e-01 6.3000000000e-01 -5.7871490611e-03
   endloop
 endfacet
 facet normal  -8.0906368190e-01 3.7498827781e-01 -4.5254806389e-01
   outer loop
     vertex 3.4648367181e-01 4.2000000000e-01 -4.9475622676e-03
     vertex 4.4112652986e-01 6.3000000000e-01 -1.4047254997e-04
     vertex 4.4428498645e-01 6.3000000000e-01 -5.7871490611e-03
   endloop
 endfacet
 facet normal  -8.1439921282e-01 3.7712974651e-01 -4.4105223779e-01
   outer loop
     vertex 3.4648367181e-01 4.2000000000e-01 -4.9475622676e-03
     vertex 3.4320529210e-01 4.2000000000e-01 1.1059380465e-03
     vertex 4.4112652986e-01 6.3000000000e-01 -1.4047254997e-04
   endloop
 endfacet
 facet normal  -8.0347099128e-01 3.7738469061e-01 4.6045104133e-01
   outer loop
     vertex 3.4320529210e-01 4.2000000000e-01 1.1059380465e-03
     vertex 3.4662824864e-01 4.2000000000e-01 7.0788777029e-03
     vertex 4.4112652986e-01 6.3000000000e-01 -1.4047254997e-04
   endloop
 endfacet
 facet normal  -8.0893977181e-01 3.7945311313e-01 4.4903427544e-01
   outer loop
     vertex 4.4112652986e-01 6.3000000000e-01 -1.4047254997e-04
     vertex 3.4662824864e-01 4.2000000000e-01 7.0788777029e-03
     vertex 4.4426662279e-01 6.3000000000e-01 5.5164365063e-03
   endloop
 endfacet
 facet normal  -4.6402058925e-01 2.2212402511e-01 8.5752306688e-01
   outer loop
     vertex 3.4662824864e-01 4.2000000000e-01 7.0788777029e-03
     vertex 3.5557517818e-01 4.2000000000e-01 1.1920216296e-02
     vertex 4.4426662279e-01 6.3000000000e-01 5.5164365063e-03
   endloop
 endfacet
 facet normal  -4.7517435293e-01 2.2661169179e-01 8.5020966559e-01
   outer loop
     vertex 4.4426662279e-01 6.3000000000e-01 5.5164365063e-03
     vertex 3.5557517818e-01 4.2000000000e-01 1.1920216296e-02
     vertex 4.5261232809e-01 6.3000000000e-01 1.0180774346e-02
   endloop
 endfacet
 facet normal  -2.7392052699e-01 1.3446166218e-01 9.5230646658e-01
   outer loop
     vertex 3.5557517818e-01 4.2000000000e-01 1.1920216296e-02
     vertex 3.6937812889e-01 4.2000000000e-01 1.5890483921e-02
     vertex 4.5261232809e-01 6.3000000000e-01 1.0180774346e-02
   endloop
 endfacet
 facet normal  -2.8669169461e-01 1.3940175004e-01 9.4782647374e-01
   outer loop
     vertex 4.5261232809e-01 6.3000000000e-01 1.0180774346e-02
     vertex 3.6937812889e-01 4.2000000000e-01 1.5890483921e-02
     vertex 4.6553260337e-01 6.3000000000e-01 1.4088805739e-02
   endloop
 endfacet
 facet normal  -1.6150158090e-01 8.2385332078e-02 9.8342762643e-01
   outer loop
     vertex 3.6937812889e-01 4.2000000000e-01 1.5890483921e-02
     vertex 3.8875694282e-01 4.2000000000e-01 1.9072933753e-02
     vertex 4.6553260337e-01 6.3000000000e-01 1.4088805739e-02
   endloop
 endfacet
 facet normal  -1.7483373850e-01 8.7195507206e-02 9.8072937521e-01
   outer loop
     vertex 4.6553260337e-01 6.3000000000e-01 1.4088805739e-02
     vertex 3.8875694282e-01 4.2000000000e-01 1.9072933753e-02
     vertex 4.8370284562e-01 6.3000000000e-01 1.7327998388e-02
   endloop
 endfacet
 facet normal  -8.2564620954e-02 4.5601565059e-02 9.9554185278e-01
   outer loop
     vertex 3.8875694282e-01 4.2000000000e-01 1.9072933753e-02
     vertex 4.1446135258e-01 4.2000000000e-01 2.1204712386e-02
     vertex 4.8370284562e-01 6.3000000000e-01 1.7327998388e-02
   endloop
 endfacet
 facet normal  -9.6120792548e-02 5.0044907028e-02 9.9411080897e-01
   outer loop
     vertex 4.8370284562e-01 6.3000000000e-01 1.7327998388e-02
     vertex 4.1446135258e-01 4.2000000000e-01 2.1204712386e-02
     vertex 5.0783097976e-01 6.3000000000e-01 1.9660952980e-02
   endloop
 endfacet
 facet normal  -2.2197517134e-02 1.7217733487e-02 9.9960533206e-01
   outer loop
     vertex 4.1446135258e-01 4.2000000000e-01 2.1204712386e-02
     vertex 4.4660845583e-01 4.2000000000e-01 2.1918580001e-02
     vertex 5.0783097976e-01 6.3000000000e-01 1.9660952980e-02
   endloop
 endfacet
 facet normal  -3.5832497201e-02 2.1187742776e-02 9.9913318016e-01
   outer loop
     vertex 5.0783097976e-01 6.3000000000e-01 1.9660952980e-02
     vertex 4.4660845583e-01 4.2000000000e-01 2.1918580001e-02
     vertex 5.3803175668e-01 6.3000000000e-01 2.0744061094e-02
   endloop
 endfacet
 facet normal  2.4823856135e-02 -5.2158946728e-03 9.9967823354e-01
   outer loop
     vertex 4.4660845583e-01 4.2000000000e-01 2.1918580001e-02
     vertex 4.8418026776e-01 4.2000000000e-01 2.0985602546e-02
     vertex 5.3803175668e-01 6.3000000000e-01 2.0744061094e-02
   endloop
 endfacet
 facet normal  1.1180906440e-02 -1.7170593401e-03 9.9993601747e-01
   outer loop
     vertex 5.3803175668e-01 6.3000000000e-01 2.0744061094e-02
     vertex 4.8418026776e-01 4.2000000000e-01 2.0985602546e-02
     vertex 5.7335147083e-01 6.3000000000e-01 2.0349129406e-02
   endloop
 endfacet
 facet normal  6.0443241484e-02 -2.2641193239e-02 9.9791482148e-01
   outer loop
     vertex 4.8418026776e-01 4.2000000000e-01 2.0985602546e-02
     vertex 5.2486173380e-01 4.2000000000e-01 1.8521544870e-02
     vertex 5.7335147083e-01 6.3000000000e-01 2.0349129406e-02
   endloop
 endfacet
 facet normal  4.6823999378e-02 -1.9503406520e-02 9.9871273658e-01
   outer loop
     vertex 5.7335147083e-01 6.3000000000e-01 2.0349129406e-02
     vertex 5.2486173380e-01 4.2000000000e-01 1.8521544870e-02
     vertex 6.1161308730e-01 6.3000000000e-01 1.8555258315e-02
   endloop
 endfacet
 facet normal  7.2745961011e-02 -3.0211520337e-02 9.9689281731e-01
   outer loop
     vertex 5.2486173380e-01 4.2000000000e-01 1.8521544870e-02
     vertex 6.4981582116e-01 6.3000000000e-01 1.5767501659e-02
     vertex 6.1161308730e-01 6.3000000000e-01 1.8555258315e-02
   endloop
 endfacet
 facet normal  8.6317990033e-02 -3.8305001574e-02 9.9553097965e-01
   outer loop
     vertex 5.2486173380e-01 4.2000000000e-01 1.8521544870e-02
     vertex 5.6546612310e-01 4.2000000000e-01 1.5000921864e-02
     vertex 6.4981582116e-01 6.3000000000e-01 1.5767501659e-02
   endloop
 endfacet
 facet normal  9.1193615081e-02 -4.0261501568e-02 9.9501896266e-01
   outer loop
     vertex 5.6546612310e-01 4.2000000000e-01 1.5000921864e-02
     vertex 6.8499232484e-01 6.3000000000e-01 1.2543570600e-02
     vertex 6.4981582116e-01 6.3000000000e-01 1.5767501659e-02
   endloop
 endfacet
 facet normal  1.0472656367e-01 -4.7983696193e-02 9.9334279670e-01
   outer loop
     vertex 5.6546612310e-01 4.2000000000e-01 1.5000921864e-02
     vertex 6.0284449611e-01 4.2000000000e-01 1.1060178976e-02
     vertex 6.8499232484e-01 6.3000000000e-01 1.2543570600e-02
   endloop
 endfacet
 facet normal  1.0453531270e-01 -4.7909050361e-02 9.9336654428e-01
   outer loop
     vertex 6.0284449611e-01 4.2000000000e-01 1.1060178976e-02
     vertex 7.1504980758e-01 6.3000000000e-01 9.3805202894e-03
     vertex 6.8499232484e-01 6.3000000000e-01 1.2543570600e-02
   endloop
 endfacet
 facet normal  1.1803614228e-01 -5.5137802868e-02 9.9147732794e-01
   outer loop
     vertex 6.0284449611e-01 4.2000000000e-01 1.1060178976e-02
     vertex 6.3477749593e-01 4.2000000000e-01 7.2585306643e-03
     vertex 7.1504980758e-01 6.3000000000e-01 9.3805202894e-03
   endloop
 endfacet
 facet normal  1.1455385667e-01 -5.3811564747e-02 9.9195853211e-01
   outer loop
     vertex 6.3477749593e-01 4.2000000000e-01 7.2585306643e-03
     vertex 7.3913486488e-01 6.3000000000e-01 6.5991175270e-03
     vertex 7.1504980758e-01 6.3000000000e-01 9.3805202894e-03
   endloop
 endfacet
 facet normal  1.2802940281e-01 -6.0514494064e-02 9.8992245556e-01
   outer loop
     vertex 6.3477749593e-01 4.2000000000e-01 7.2585306643e-03
     vertex 6.6036182086e-01 4.2000000000e-01 3.9496393227e-03
     vertex 7.3913486488e-01 6.3000000000e-01 6.5991175270e-03
   endloop
 endfacet
 facet normal  1.2221265519e-01 -5.8343490789e-02 9.9078761801e-01
   outer loop
     vertex 6.6036182086e-01 4.2000000000e-01 3.9496393227e-03
     vertex 7.5745921223e-01 6.3000000000e-01 4.3388277300e-03
     vertex 7.3913486488e-01 6.3000000000e-01 6.5991175270e-03
   endloop
 endfacet
 facet normal  1.3566869274e-01 -6.4561174718e-02 9.8864850201e-01
   outer loop
     vertex 6.6036182086e-01 4.2000000000e-01 3.9496393227e-03
     vertex 6.7982474529e-01 4.2000000000e-01 1.2788119166e-03
     vertex 7.5745921223e-01 6.3000000000e-01 4.3388277300e-03
   endloop
 endfacet
 facet normal  1.2809386975e-01 -6.1778158492e-02 9.8983605696e-01
   outer loop
     vertex 6.7982474529e-01 4.2000000000e-01 1.2788119166e-03
     vertex 7.7085811450e-01 6.3000000000e-01 2.6048868106e-03
     vertex 7.5745921223e-01 6.3000000000e-01 4.3388277300e-03
   endloop
 endfacet
 facet normal  1.4153497084e-01 -6.7590797238e-02 9.8762307393e-01
   outer loop
     vertex 6.7982474529e-01 4.2000000000e-01 1.2788119166e-03
     vertex 6.9405500487e-01 4.2000000000e-01 -7.6050796945e-04
     vertex 7.7085811450e-01 6.3000000000e-01 2.6048868106e-03
   endloop
 endfacet
 facet normal  1.3250947890e-01 -6.4313469259e-02 9.8909302681e-01
   outer loop
     vertex 6.9405500487e-01 4.2000000000e-01 -7.6050796945e-04
     vertex 7.8037387442e-01 6.3000000000e-01 1.3300538527e-03
     vertex 7.7085811450e-01 6.3000000000e-01 2.6048868106e-03
   endloop
 endfacet
 facet normal  1.4593941978e-01 -6.9811186567e-02 9.8682728174e-01
   outer loop
     vertex 6.9405500487e-01 4.2000000000e-01 -7.6050796945e-04
     vertex 7.0416055583e-01 4.2000000000e-01 -2.2549926388e-03
     vertex 7.8037387442e-01 6.3000000000e-01 1.3300538527e-03
   endloop
 endfacet
 facet normal  1.3570330253e-01 -6.6125534052e-02 9.8854035195e-01
   outer loop
     vertex 7.0416055583e-01 4.2000000000e-01 -2.2549926388e-03
     vertex 7.8699289942e-01 6.3000000000e-01 4.2141764992e-04
     vertex 7.8037387442e-01 6.3000000000e-01 1.3300538527e-03
   endloop
 endfacet
 facet normal  1.4912521518e-01 -7.1390324687e-02 9.8623784745e-01
   outer loop
     vertex 7.0416055583e-01 4.2000000000e-01 -2.2549926388e-03
     vertex 7.1118951326e-01 4.2000000000e-01 -3.3178141396e-03
     vertex 7.8699289942e-01 6.3000000000e-01 4.2141764992e-04
   endloop
 endfacet
 facet normal  1.3914521003e-01 -3.2603948060e-02 -9.8973511259e-01
   outer loop
     vertex 7.8699289942e-01 6.3000000000e-01 4.2141764992e-04
     vertex 7.8037686167e-01 6.3000000000e-01 -5.0872007111e-04
     vertex 8.6279628559e-01 8.4000000000e-01 4.1606494395e-03
   endloop
 endfacet
 facet normal  1.5444431682e-01 -3.8663816194e-02 -9.8724468209e-01
   outer loop
     vertex 8.6279628559e-01 8.4000000000e-01 4.1606494395e-03
     vertex 7.8037686167e-01 6.3000000000e-01 -5.0872007111e-04
     vertex 8.5661668608e-01 8.4000000000e-01 3.1939144033e-03
   endloop
 endfacet
 facet normal  1.3593488862e-01 -3.1891844517e-02 -9.9020433058e-01
   outer loop
     vertex 7.8037686167e-01 6.3000000000e-01 -5.0872007111e-04
     vertex 7.7086529412e-01 6.3000000000e-01 -1.8144645884e-03
     vertex 8.5661668608e-01 8.4000000000e-01 3.1939144033e-03
   endloop
 endfacet
 facet normal  1.5124157099e-01 -3.8200508018e-02 -9.8775842613e-01
   outer loop
     vertex 8.5661668608e-01 8.4000000000e-01 3.1939144033e-03
     vertex 7.7086529412e-01 6.3000000000e-01 -1.8144645884e-03
     vertex 8.4773210843e-01 8.4000000000e-01 1.8335438453e-03
   endloop
 endfacet
 facet normal  1.3149772421e-01 -3.0920189783e-02 -9.9083413869e-01
   outer loop
     vertex 7.7086529412e-01 6.3000000000e-01 -1.8144645884e-03
     vertex 7.5747209644e-01 6.3000000000e-01 -3.5919316200e-03
     vertex 8.4773210843e-01 8.4000000000e-01 1.8335438453e-03
   endloop
 endfacet
 facet normal  1.4681474144e-01 -3.7565174600e-02 -9.8845044861e-01
   outer loop
     vertex 8.4773210843e-01 8.4000000000e-01 1.8335438453e-03
     vertex 7.5747209644e-01 6.3000000000e-01 -3.5919316200e-03
     vertex 8.3522088478e-01 8.4000000000e-01 -2.4750688008e-05
   endloop
 endfacet
 facet normal  1.2559002039e-01 -2.9652934678e-02 -9.9163897172e-01
   outer loop
     vertex 7.5747209644e-01 6.3000000000e-01 -3.5919316200e-03
     vertex 7.3915518987e-01 6.3000000000e-01 -5.9117483421e-03
     vertex 8.3522088478e-01 8.4000000000e-01 -2.4750688008e-05
   endloop
 endfacet
 facet normal  1.4092053469e-01 -3.6730432723e-02 -9.8933931399e-01
   outer loop
     vertex 8.3522088478e-01 8.4000000000e-01 -2.4750688008e-05
     vertex 7.3915518987e-01 6.3000000000e-01 -5.9117483421e-03
     vertex 8.1810857725e-01 8.4000000000e-01 -2.4622112163e-03
   endloop
 endfacet
 facet normal  1.1790086706e-01 -2.8021709754e-02 -9.9262992567e-01
   outer loop
     vertex 7.3915518987e-01 6.3000000000e-01 -5.9117483421e-03
     vertex 7.1507929695e-01 6.3000000000e-01 -8.7713927849e-03
     vertex 8.1810857725e-01 8.4000000000e-01 -2.4622112163e-03
   endloop
 endfacet
 facet normal  1.3324857789e-01 -3.5617256629e-02 -9.9044244029e-01
   outer loop
     vertex 8.1810857725e-01 8.4000000000e-01 -2.4622112163e-03
     vertex 7.1507929695e-01 6.3000000000e-01 -8.7713927849e-03
     vertex 7.9561326731e-01 8.4000000000e-01 -5.4886042071e-03
   endloop
 endfacet
 facet normal  1.0785027983e-01 -2.5824151978e-02 -9.9383169114e-01
   outer loop
     vertex 7.1507929695e-01 6.3000000000e-01 -8.7713927849e-03
     vertex 6.8503225015e-01 6.3000000000e-01 -1.2032088167e-02
     vertex 7.9561326731e-01 8.4000000000e-01 -5.4886042071e-03
   endloop
 endfacet
 facet normal  1.2321999306e-01 -3.3980864851e-02 -9.9179742596e-01
   outer loop
     vertex 7.9561326731e-01 8.4000000000e-01 -5.4886042071e-03
     vertex 6.8503225015e-01 6.3000000000e-01 -1.2032088167e-02
     vertex 7.6753433549e-01 8.4000000000e-01 -8.9771046749e-03
   endloop
 endfacet
 facet normal  9.4478520916e-02 -2.2638777284e-02 -9.9526945841e-01
   outer loop
     vertex 6.8503225015e-01 6.3000000000e-01 -1.2032088167e-02
     vertex 6.4986640724e-01 6.3000000000e-01 -1.5370296526e-02
     vertex 7.6753433549e-01 8.4000000000e-01 -8.9771046749e-03
   endloop
 endfacet
 facet normal  1.0987646139e-01 -3.1321946889e-02 -9.9345160872e-01
   outer loop
     vertex 7.6753433549e-01 8.4000000000e-01 -8.9771046749e-03
     vertex 6.4986640724e-01 6.3000000000e-01 -1.5370296526e-02
     vertex 7.3466495474e-01 8.4000000000e-01 -1.2612481792e-02
   endloop
 endfacet
 facet normal  7.6007574216e-02 -1.7599634472e-02 -9.9695190532e-01
   outer loop
     vertex 6.4986640724e-01 6.3000000000e-01 -1.5370296526e-02
     vertex 6.1167293292e-01 6.3000000000e-01 -1.8282165512e-02
     vertex 7.3466495474e-01 8.4000000000e-01 -1.2612481792e-02
   endloop
 endfacet
 facet normal  9.1441199308e-02 -2.6679210311e-02 -9.9545302592e-01
   outer loop
     vertex 7.3466495474e-01 8.4000000000e-01 -1.2612481792e-02
     vertex 6.1167293292e-01 6.3000000000e-01 -1.8282165512e-02
     vertex 6.9895529562e-01 8.4000000000e-01 -1.5892731057e-02
   endloop
 endfacet
 facet normal  6.5552929180e-02 -1.5893438061e-02 -9.9772251258e-01
   outer loop
     vertex 6.1167293292e-01 6.3000000000e-01 -1.8282165512e-02
     vertex 6.6317306825e-01 8.4000000000e-01 -1.8243715210e-02
     vertex 6.9895529562e-01 8.4000000000e-01 -1.5892731057e-02
   endloop
 endfacet
 facet normal  5.0074597055e-02 -1.2097377511e-02 -9.9867221258e-01
   outer loop
     vertex 6.1167293292e-01 6.3000000000e-01 -1.8282165512e-02
     vertex 5.7341734700e-01 6.3000000000e-01 -2.0200345497e-02
     vertex 6.6317306825e-01 8.4000000000e-01 -1.8243715210e-02
   endloop
 endfacet
 facet normal  2.9934725487e-02 -3.4812919264e-03 -9.9954579326e-01
   outer loop
     vertex 5.7341734700e-01 6.3000000000e-01 -2.0200345497e-02
     vertex 6.3011996158e-01 8.4000000000e-01 -1.9233600498e-02
     vertex 6.6317306825e-01 8.4000000000e-01 -1.8243715210e-02
   endloop
 endfacet
 facet normal  1.4429823734e-02 7.0683510136e-04 -9.9989563484e-01
   outer loop
     vertex 5.7341734700e-01 6.3000000000e-01 -2.0200345497e-02
     vertex 5.3809910249e-01 6.3000000000e-01 -2.0710034734e-02
     vertex 6.3011996158e-01 8.4000000000e-01 -1.9233600498e-02
   endloop
 endfacet
 facet normal  -1.7087364314e-02 1.4516462034e-02 -9.9974861556e-01
   outer loop
     vertex 5.3809910249e-01 6.3000000000e-01 -2.0710034734e-02
     vertex 6.0183233991e-01 8.4000000000e-01 -1.8750118061e-02
     vertex 6.3011996158e-01 8.4000000000e-01 -1.9233600498e-02
   endloop
 endfacet
 facet normal  -3.2587256379e-02 1.9216214333e-02 -9.9928414769e-01
   outer loop
     vertex 5.3809910249e-01 6.3000000000e-01 -2.0710034734e-02
     vertex 5.0789496579e-01 6.3000000000e-01 -1.9725059691e-02
     vertex 6.0183233991e-01 8.4000000000e-01 -1.8750118061e-02
   endloop
 endfacet
 facet normal  -7.7494517423e-02 3.9289934136e-02 -9.9621829979e-01
   outer loop
     vertex 5.0789496579e-01 6.3000000000e-01 -1.9725059691e-02
     vertex 5.7920690006e-01 8.4000000000e-01 -1.6990114713e-02
     vertex 6.0183233991e-01 8.4000000000e-01 -1.8750118061e-02
   endloop
 endfacet
 facet normal  -9.2914634113e-02 4.4506258445e-02 -9.9467887468e-01
   outer loop
     vertex 5.0789496579e-01 6.3000000000e-01 -1.9725059691e-02
     vertex 4.8375937885e-01 6.3000000000e-01 -1.7470513740e-02
     vertex 5.7920690006e-01 8.4000000000e-01 -1.6990114713e-02
   endloop
 endfacet
 facet normal  -1.5658156125e-01 7.3421344661e-02 -9.8493224174e-01
   outer loop
     vertex 4.8375937885e-01 6.3000000000e-01 -1.7470513740e-02
     vertex 5.6214226646e-01 8.4000000000e-01 -1.4277230661e-02
     vertex 5.7920690006e-01 8.4000000000e-01 -1.6990114713e-02
   endloop
 endfacet
 facet normal  -1.7176342858e-01 7.9042840271e-02 -9.8196209398e-01
   outer loop
     vertex 4.8375937885e-01 6.3000000000e-01 -1.7470513740e-02
     vertex 4.6557870783e-01 6.3000000000e-01 -1.4290376332e-02
     vertex 5.6214226646e-01 8.4000000000e-01 -1.4277230661e-02
   endloop
 endfacet
 facet normal  -2.6942018146e-01 1.2394631322e-01 -9.5501312937e-01
   outer loop
     vertex 4.6557870783e-01 6.3000000000e-01 -1.4290376332e-02
     vertex 5.4997997435e-01 8.4000000000e-01 -1.0846108252e-02
     vertex 5.6214226646e-01 8.4000000000e-01 -1.4277230661e-02
   endloop
 endfacet
 facet normal  -2.8398713176e-01 1.2971891592e-01 -9.5001279562e-01
   outer loop
     vertex 4.6557870783e-01 6.3000000000e-01 -1.4290376332e-02
     vertex 4.5264580291e-01 6.3000000000e-01 -1.0424345693e-02
     vertex 5.4997997435e-01 8.4000000000e-01 -1.0846108252e-02
   endloop
 endfacet
 facet normal  -4.6071133791e-01 2.1180684015e-01 -8.6190656430e-01
   outer loop
     vertex 4.5264580291e-01 6.3000000000e-01 -1.0424345693e-02
     vertex 5.4208630109e-01 8.4000000000e-01 -6.6267358546e-03
     vertex 5.4997997435e-01 8.4000000000e-01 -1.0846108252e-02
   endloop
 endfacet
 facet normal  -4.7346042437e-01 2.1708735043e-01 -8.5364413478e-01
   outer loop
     vertex 4.5264580291e-01 6.3000000000e-01 -1.0424345693e-02
     vertex 4.4428498645e-01 6.3000000000e-01 -5.7871490611e-03
     vertex 5.4208630109e-01 8.4000000000e-01 -6.6267358546e-03
   endloop
 endfacet
 facet normal  -8.0295701102e-01 3.7209198962e-01 -4.6562601916e-01
   outer loop
     vertex 4.4428498645e-01 6.3000000000e-01 -5.7871490611e-03
     vertex 5.3904776762e-01 8.4000000000e-01 -1.3868831465e-03
     vertex 5.4208630109e-01 8.4000000000e-01 -6.6267358546e-03
   endloop
 endfacet
 facet normal  -8.0918944985e-01 3.7463182918e-01 -4.5261841193e-01
   outer loop
     vertex 4.4428498645e-01 6.3000000000e-01 -5.7871490611e-03
     vertex 4.4112652986e-01 6.3000000000e-01 -1.4047254997e-04
     vertex 5.3904776762e-01 8.4000000000e-01 -1.3868831465e-03
   endloop
 endfacet
 facet normal  -8.0881269554e-01 3.7980730201e-01 4.4896373669e-01
   outer loop
     vertex 4.4112652986e-01 6.3000000000e-01 -1.4047254997e-04
     vertex 4.4426662279e-01 6.3000000000e-01 5.5164365063e-03
     vertex 5.3904776762e-01 8.4000000000e-01 -1.3868831465e-03
   endloop
 endfacet
 facet normal  -8.1484481840e-01 3.8210106396e-01 4.3592051895e-01
   outer loop
     vertex 5.3904776762e-01 8.4000000000e-01 -1.3868831465e-03
     vertex 4.4426662279e-01 6.3000000000e-01 5.5164365063e-03
     vertex 5.4190499694e-01 8.4000000000e-01 3.9539953098e-03
   endloop
 endfacet
 facet normal  -4.7510494494e-01 2.2722229974e-01 8.5008547676e-01
   outer loop
     vertex 4.4426662279e-01 6.3000000000e-01 5.5164365063e-03
     vertex 4.5261232809e-01 6.3000000000e-01 1.0180774346e-02
     vertex 5.4190499694e-01 8.4000000000e-01 3.9539953098e-03
   endloop
 endfacet
 facet normal  -4.8763078784e-01 2.3229609137e-01 8.4157871924e-01
   outer loop
     vertex 5.4190499694e-01 8.4000000000e-01 3.9539953098e-03
     vertex 4.5261232809e-01 6.3000000000e-01 1.0180774346e-02
     vertex 5.4964947799e-01 8.4000000000e-01 8.4413323956e-03
   endloop
 endfacet
 facet normal  -2.8665464636e-01 1.4030774269e-01 9.4770398916e-01
   outer loop
     vertex 4.5261232809e-01 6.3000000000e-01 1.0180774346e-02
     vertex 4.6553260337e-01 6.3000000000e-01 1.4088805739e-02
     vertex 5.4964947799e-01 8.4000000000e-01 8.4413323956e-03
   endloop
 endfacet
 facet normal  -3.0106977267e-01 1.4593833864e-01 9.4236882021e-01
   outer loop
     vertex 5.4964947799e-01 8.4000000000e-01 8.4413323956e-03
     vertex 4.6553260337e-01 6.3000000000e-01 1.4088805739e-02
     vertex 5.6168707784e-01 8.4000000000e-01 1.2287127557e-02
   endloop
 endfacet
 facet normal  -1.7481422169e-01 8.8456814703e-02 9.8061989569e-01
   outer loop
     vertex 4.6553260337e-01 6.3000000000e-01 1.4088805739e-02
     vertex 4.8370284562e-01 6.3000000000e-01 1.7327998388e-02
     vertex 5.6168707784e-01 8.4000000000e-01 1.2287127557e-02
   endloop
 endfacet
 facet normal  -1.8990455263e-01 9.3980830135e-02 9.7729415452e-01
   outer loop
     vertex 5.6168707784e-01 8.4000000000e-01 1.2287127557e-02
     vertex 4.8370284562e-01 6.3000000000e-01 1.7327998388e-02
     vertex 5.7864874843e-01 8.4000000000e-01 1.5583063024e-02
   endloop
 endfacet
 facet normal  -9.6112607230e-02 5.1714331686e-02 9.9402615390e-01
   outer loop
     vertex 4.8370284562e-01 6.3000000000e-01 1.7327998388e-02
     vertex 5.0783097976e-01 6.3000000000e-01 1.9660952980e-02
     vertex 5.7864874843e-01 8.4000000000e-01 1.5583063024e-02
   endloop
 endfacet
 facet normal  -1.1148558182e-01 5.6861854711e-02 9.9213794128e-01
   outer loop
     vertex 5.7864874843e-01 8.4000000000e-01 1.5583063024e-02
     vertex 5.0783097976e-01 6.3000000000e-01 1.9660952980e-02
     vertex 6.0120060694e-01 8.4000000000e-01 1.8117193574e-02
   endloop
 endfacet
 facet normal  -3.5830833253e-02 2.3275529340e-02 9.9908678358e-01
   outer loop
     vertex 5.0783097976e-01 6.3000000000e-01 1.9660952980e-02
     vertex 5.3803175668e-01 6.3000000000e-01 2.0744061094e-02
     vertex 6.0120060694e-01 8.4000000000e-01 1.8117193574e-02
   endloop
 endfacet
 facet normal  -5.1314681486e-02 2.7923192855e-02 9.9829209091e-01
   outer loop
     vertex 6.0120060694e-01 8.4000000000e-01 1.8117193574e-02
     vertex 5.3803175668e-01 6.3000000000e-01 2.0744061094e-02
     vertex 6.2945505754e-01 8.4000000000e-01 1.9569542187e-02
   endloop
 endfacet
 facet normal  1.1180919984e-02 7.2499318916e-04 9.9993722874e-01
   outer loop
     vertex 5.3803175668e-01 6.3000000000e-01 2.0744061094e-02
     vertex 5.7335147083e-01 6.3000000000e-01 2.0349129406e-02
     vertex 6.2945505754e-01 8.4000000000e-01 1.9569542187e-02
   endloop
 endfacet
 facet normal  -4.3278306154e-03 4.8684642832e-03 9.9997878374e-01
   outer loop
     vertex 6.2945505754e-01 8.4000000000e-01 1.9569542187e-02
     vertex 5.7335147083e-01 6.3000000000e-01 2.0349129406e-02
     vertex 6.6252267390e-01 8.4000000000e-01 1.9712656265e-02
   endloop
 endfacet
 facet normal  4.6826253367e-02 -1.6856518654e-02 9.9876081209e-01
   outer loop
     vertex 5.7335147083e-01 6.3000000000e-01 2.0349129406e-02
     vertex 6.1161308730e-01 6.3000000000e-01 1.8555258315e-02
     vertex 6.6252267390e-01 8.4000000000e-01 1.9712656265e-02
   endloop
 endfacet
 facet normal  3.1333171787e-02 -1.3104233607e-02 9.9942308929e-01
   outer loop
     vertex 6.6252267390e-01 8.4000000000e-01 1.9712656265e-02
     vertex 6.1161308730e-01 6.3000000000e-01 1.8555258315e-02
     vertex 6.9836444081e-01 8.4000000000e-01 1.8588971760e-02
   endloop
 endfacet
 facet normal  5.7286861054e-02 -2.3825529656e-02 9.9807342400e-01
   outer loop
     vertex 6.1161308730e-01 6.3000000000e-01 1.8555258315e-02
     vertex 7.3416551922e-01 8.4000000000e-01 1.6534081453e-02
     vertex 6.9836444081e-01 8.4000000000e-01 1.8588971760e-02
   endloop
 endfacet
 facet normal  7.2739889337e-02 -3.2855818147e-02 9.9680961257e-01
   outer loop
     vertex 6.1161308730e-01 6.3000000000e-01 1.8555258315e-02
     vertex 6.4981582116e-01 6.3000000000e-01 1.5767501659e-02
     vertex 7.3416551922e-01 8.4000000000e-01 1.6534081453e-02
   endloop
 endfacet
 facet normal  7.5768920067e-02 -3.4071501694e-02 9.9654312678e-01
   outer loop
     vertex 6.4981582116e-01 6.3000000000e-01 1.5767501659e-02
     vertex 7.6714015357e-01 8.4000000000e-01 1.4026962225e-02
     vertex 7.3416551922e-01 8.4000000000e-01 1.6534081453e-02
   endloop
 endfacet
 facet normal  9.1184385500e-02 -4.2697393782e-02 9.9491825815e-01
   outer loop
     vertex 6.4981582116e-01 6.3000000000e-01 1.5767501659e-02
     vertex 6.8499232484e-01 6.3000000000e-01 1.2543570600e-02
     vertex 7.6714015357e-01 8.4000000000e-01 1.4026962225e-02
   endloop
 endfacet
 facet normal  8.9141285785e-02 -4.1899721013e-02 9.9513729934e-01
   outer loop
     vertex 6.8499232484e-01 6.3000000000e-01 1.2543570600e-02
     vertex 7.9532211923e-01 8.4000000000e-01 1.1502509915e-02
     vertex 7.6714015357e-01 8.4000000000e-01 1.4026962225e-02
   endloop
 endfacet
 facet normal  1.0452463374e-01 -4.9991105424e-02 9.9326506549e-01
   outer loop
     vertex 6.8499232484e-01 6.3000000000e-01 1.2543570600e-02
     vertex 7.1504980758e-01 6.3000000000e-01 9.3805202894e-03
     vertex 7.9532211923e-01 8.4000000000e-01 1.1502509915e-02
   endloop
 endfacet
 facet normal  9.9185981827e-02 -4.7956953744e-02 9.9391260763e-01
   outer loop
     vertex 7.1504980758e-01 6.3000000000e-01 9.3805202894e-03
     vertex 8.1790790890e-01 8.4000000000e-01 9.2485957312e-03
     vertex 7.9532211923e-01 8.4000000000e-01 1.1502509915e-02
   endloop
 endfacet
 facet normal  1.1454337974e-01 -5.5480299217e-02 9.9186780901e-01
   outer loop
     vertex 7.1504980758e-01 6.3000000000e-01 9.3805202894e-03
     vertex 7.3913486488e-01 6.3000000000e-01 6.5991175270e-03
     vertex 8.1790790890e-01 8.4000000000e-01 9.2485957312e-03
   endloop
 endfacet
 facet normal  1.0686646979e-01 -5.2613390358e-02 9.9288034968e-01
   outer loop
     vertex 7.3913486488e-01 6.3000000000e-01 6.5991175270e-03
     vertex 8.3509367916e-01 8.4000000000e-01 7.3988435434e-03
     vertex 8.1790790890e-01 8.4000000000e-01 9.2485957312e-03
   endloop
 endfacet
 facet normal  1.2220347070e-01 -5.9613329702e-02 9.9071315862e-01
   outer loop
     vertex 7.3913486488e-01 6.3000000000e-01 6.5991175270e-03
     vertex 7.5745921223e-01 6.3000000000e-01 4.3388277300e-03
     vertex 8.3509367916e-01 8.4000000000e-01 7.3988435434e-03
   endloop
 endfacet
 facet normal  1.1276525082e-01 -5.6143383695e-02 9.9203423261e-01
   outer loop
     vertex 7.5745921223e-01 6.3000000000e-01 4.3388277300e-03
     vertex 8.4766122413e-01 8.4000000000e-01 5.9702815907e-03
     vertex 8.3509367916e-01 8.4000000000e-01 7.3988435434e-03
   endloop
 endfacet
 facet normal  1.2808643705e-01 -6.2706821300e-02 9.8977862131e-01
   outer loop
     vertex 7.5745921223e-01 6.3000000000e-01 4.3388277300e-03
     vertex 7.7085811450e-01 6.3000000000e-01 2.6048868106e-03
     vertex 8.4766122413e-01 8.4000000000e-01 5.9702815907e-03
   endloop
 endfacet
 facet normal  1.1719453647e-01 -5.8748835579e-02 9.9136976701e-01
   outer loop
     vertex 7.7085811450e-01 6.3000000000e-01 2.6048868106e-03
     vertex 8.5658719302e-01 8.4000000000e-01 4.9151003442e-03
     vertex 8.4766122413e-01 8.4000000000e-01 5.9702815907e-03
   endloop
 endfacet
 facet normal  1.3250380516e-01 -6.4973082736e-02 9.8905067622e-01
   outer loop
     vertex 7.7085811450e-01 6.3000000000e-01 2.6048868106e-03
     vertex 7.8037387442e-01 6.3000000000e-01 1.3300538527e-03
     vertex 8.5658719302e-01 8.4000000000e-01 4.9151003442e-03
   endloop
 endfacet
 facet normal  1.2039850981e-01 -6.0610942612e-02 9.9087361074e-01
   outer loop
     vertex 7.8037387442e-01 6.3000000000e-01 1.3300538527e-03
     vertex 8.6279628559e-01 8.4000000000e-01 4.1606494395e-03
     vertex 8.5658719302e-01 8.4000000000e-01 4.9151003442e-03
   endloop
 endfacet
 facet normal  1.3569915244e-01 -6.6584398668e-02 9.8851012027e-01
   outer loop
     vertex 7.8037387442e-01 6.3000000000e-01 1.3300538527e-03
     vertex 7.8699289942e-01 6.3000000000e-01 4.2141764992e-04
     vertex 8.6279628559e-01 8.4000000000e-01 4.1606494395e-03
   endloop
 endfacet
 facet normal  1.5444724220e-01 -3.8171511051e-02 -9.8726338184e-01
   outer loop
     vertex 8.6279628559e-01 8.4000000000e-01 4.1606494395e-03
     vertex 8.5661668608e-01 8.4000000000e-01 3.1939144033e-03
     vertex 9.3859967175e-01 1.0500000000e+00 7.8998812290e-03
   endloop
 endfacet
 facet normal  1.7191909970e-01 -4.5063781580e-02 -9.8407981320e-01
   outer loop
     vertex 9.3859967175e-01 1.0500000000e+00 7.8998812290e-03
     vertex 8.5661668608e-01 8.4000000000e-01 3.1939144033e-03
     vertex 9.3285651049e-01 1.0500000000e+00 6.8965488777e-03
   endloop
 endfacet
 facet normal  1.5124562653e-01 -3.7493016846e-02 -9.8778491289e-01
   outer loop
     vertex 8.5661668608e-01 8.4000000000e-01 3.1939144033e-03
     vertex 8.4773210843e-01 8.4000000000e-01 1.8335438453e-03
     vertex 9.3285651049e-01 1.0500000000e+00 6.8965488777e-03
   endloop
 endfacet
 facet normal  1.6872694062e-01 -4.4654704904e-02 -9.8465078929e-01
   outer loop
     vertex 9.3285651049e-01 1.0500000000e+00 6.8965488777e-03
     vertex 8.4773210843e-01 8.4000000000e-01 1.8335438453e-03
     vertex 9.2459892274e-01 1.0500000000e+00 5.4815522791e-03
   endloop
 endfacet
 facet normal  1.4682016763e-01 -3.6569474849e-02 -9.8848698114e-01
   outer loop
     vertex 8.4773210843e-01 8.4000000000e-01 1.8335438453e-03
     vertex 8.3522088478e-01 8.4000000000e-01 -2.4750688008e-05
     vertex 9.2459892274e-01 1.0500000000e+00 5.4815522791e-03
   endloop
 endfacet
 facet normal  1.6431441548e-01 -4.4095563999e-02 -9.8542191680e-01
   outer loop
     vertex 9.2459892274e-01 1.0500000000e+00 5.4815522791e-03
     vertex 8.3522088478e-01 8.4000000000e-01 -2.4750688008e-05
     vertex 9.1296967313e-01 1.0500000000e+00 3.5424302440e-03
   endloop
 endfacet
 facet normal  1.4092745721e-01 -3.5369587344e-02 -9.8938791386e-01
   outer loop
     vertex 8.3522088478e-01 8.4000000000e-01 -2.4750688008e-05
     vertex 8.1810857725e-01 8.4000000000e-01 -2.4622112163e-03
     vertex 9.1296967313e-01 1.0500000000e+00 3.5424302440e-03
   endloop
 endfacet
 facet normal  1.5843865978e-01 -4.3364714168e-02 -9.8641608495e-01
   outer loop
     vertex 9.1296967313e-01 1.0500000000e+00 3.5424302440e-03
     vertex 8.1810857725e-01 8.4000000000e-01 -2.4622112163e-03
     vertex 8.9706196463e-01 1.0500000000e+00 9.8732590952e-04
   endloop
 endfacet
 facet normal  1.3325685755e-01 -3.3830000148e-02 -9.9050398334e-01
   outer loop
     vertex 8.1810857725e-01 8.4000000000e-01 -2.4622112163e-03
     vertex 7.9561326731e-01 8.4000000000e-01 -5.4886042071e-03
     vertex 8.9706196463e-01 1.0500000000e+00 9.8732590952e-04
   endloop
 endfacet
 facet normal  1.5078980312e-01 -4.2387778463e-02 -9.8765667694e-01
   outer loop
     vertex 8.9706196463e-01 1.0500000000e+00 9.8732590952e-04
     vertex 7.9561326731e-01 8.4000000000e-01 -5.4886042071e-03
     vertex 8.7614723767e-01 1.0500000000e+00 -2.2058156293e-03
   endloop
 endfacet
 facet normal  1.2322902770e-01 -3.1752489900e-02 -9.9187014579e-01
   outer loop
     vertex 7.9561326731e-01 8.4000000000e-01 -5.4886042071e-03
     vertex 7.6753433549e-01 8.4000000000e-01 -8.9771046749e-03
     vertex 8.7614723767e-01 1.0500000000e+00 -2.2058156293e-03
   endloop
 endfacet
 facet normal  1.4079011532e-01 -4.0921469574e-02 -9.8919339704e-01
   outer loop
     vertex 8.7614723767e-01 1.0500000000e+00 -2.2058156293e-03
     vertex 7.6753433549e-01 8.4000000000e-01 -8.9771046749e-03
     vertex 8.5003642082e-01 1.0500000000e+00 -5.9221211830e-03
   endloop
 endfacet
 facet normal  1.0988506233e-01 -2.8716814057e-02 -9.9352937434e-01
   outer loop
     vertex 7.6753433549e-01 8.4000000000e-01 -8.9771046749e-03
     vertex 7.3466495474e-01 8.4000000000e-01 -1.2612481792e-02
     vertex 8.5003642082e-01 1.0500000000e+00 -5.9221211830e-03
   endloop
 endfacet
 facet normal  1.2748293680e-01 -3.8462439304e-02 -9.9109471878e-01
   outer loop
     vertex 8.5003642082e-01 1.0500000000e+00 -5.9221211830e-03
     vertex 7.3466495474e-01 8.4000000000e-01 -1.2612481792e-02
     vertex 8.1946350224e-01 1.0500000000e+00 -9.8546670581e-03
   endloop
 endfacet
 facet normal  9.1447732946e-02 -2.3853160712e-02 -9.9552415283e-01
   outer loop
     vertex 7.3466495474e-01 8.4000000000e-01 -1.2612481792e-02
     vertex 6.9895529562e-01 8.4000000000e-01 -1.5892731057e-02
     vertex 8.1946350224e-01 1.0500000000e+00 -9.8546670581e-03
   endloop
 endfacet
 facet normal  1.0909356006e-01 -3.4038874133e-02 -9.9344851412e-01
   outer loop
     vertex 8.1946350224e-01 1.0500000000e+00 -9.8546670581e-03
     vertex 6.9895529562e-01 8.4000000000e-01 -1.5892731057e-02
     vertex 7.8623765832e-01 1.0500000000e+00 -1.3503296602e-02
   endloop
 endfacet
 facet normal  8.3262078869e-02 -2.3270584230e-02 -9.9625594409e-01
   outer loop
     vertex 6.9895529562e-01 8.4000000000e-01 -1.5892731057e-02
     vertex 7.5292878950e-01 1.0500000000e+00 -1.6287084924e-02
     vertex 7.8623765832e-01 1.0500000000e+00 -1.3503296602e-02
   endloop
 endfacet
 facet normal  6.5549720465e-02 -1.8720875753e-02 -9.9767367559e-01
   outer loop
     vertex 6.9895529562e-01 8.4000000000e-01 -1.5892731057e-02
     vertex 6.6317306825e-01 8.4000000000e-01 -1.8243715210e-02
     vertex 7.5292878950e-01 1.0500000000e+00 -1.6287084924e-02
   endloop
 endfacet
 facet normal  4.7691300125e-02 -1.1077539763e-02 -9.9880069484e-01
   outer loop
     vertex 6.6317306825e-01 8.4000000000e-01 -1.8243715210e-02
     vertex 7.2214082067e-01 1.0500000000e+00 -1.7757166261e-02
     vertex 7.5292878950e-01 1.0500000000e+00 -1.6287084924e-02
   endloop
 endfacet
 facet normal  2.9934351817e-02 -6.0897122027e-03 -9.9953331610e-01
   outer loop
     vertex 6.6317306825e-01 8.4000000000e-01 -1.8243715210e-02
     vertex 6.3011996158e-01 8.4000000000e-01 -1.9233600498e-02
     vertex 7.2214082067e-01 1.0500000000e+00 -1.7757166261e-02
   endloop
 endfacet
 facet normal  6.8293519347e-04 6.7312198098e-03 -9.9997711188e-01
   outer loop
     vertex 6.3011996158e-01 8.4000000000e-01 -1.9233600498e-02
     vertex 6.9576971403e-01 1.0500000000e+00 -1.7775176430e-02
     vertex 7.2214082067e-01 1.0500000000e+00 -1.7757166261e-02
   endloop
 endfacet
 facet normal  -1.7087875315e-02 1.2285313475e-02 -9.9977851327e-01
   outer loop
     vertex 6.3011996158e-01 8.4000000000e-01 -1.9233600498e-02
     vertex 6.0183233991e-01 8.4000000000e-01 -1.8750118061e-02
     vertex 6.9576971403e-01 1.0500000000e+00 -1.7775176430e-02
   endloop
 endfacet
 facet normal  -5.9794207513e-02 3.1379176499e-02 -9.9771739487e-01
   outer loop
     vertex 6.0183233991e-01 8.4000000000e-01 -1.8750118061e-02
     vertex 6.7465442127e-01 1.0500000000e+00 -1.6509715687e-02
     vertex 6.9576971403e-01 1.0500000000e+00 -1.7775176430e-02
   endloop
 endfacet
 facet normal  -7.7499840393e-02 3.7503727783e-02 -9.9628672838e-01
   outer loop
     vertex 6.0183233991e-01 8.4000000000e-01 -1.8750118061e-02
     vertex 5.7920690006e-01 8.4000000000e-01 -1.6990114713e-02
     vertex 6.7465442127e-01 1.0500000000e+00 -1.6509715687e-02
   endloop
 endfacet
 facet normal  -1.3912953971e-01 6.5496451357e-02 -9.8810585771e-01
   outer loop
     vertex 5.7920690006e-01 8.4000000000e-01 -1.6990114713e-02
     vertex 6.5870582509e-01 1.0500000000e+00 -1.4264084990e-02
     vertex 6.7465442127e-01 1.0500000000e+00 -1.6509715687e-02
   endloop
 endfacet
 facet normal  -1.5659704647e-01 7.2069128350e-02 -9.8502964716e-01
   outer loop
     vertex 5.7920690006e-01 8.4000000000e-01 -1.6990114713e-02
     vertex 5.6214226646e-01 8.4000000000e-01 -1.4277230661e-02
     vertex 6.5870582509e-01 1.0500000000e+00 -1.4264084990e-02
   endloop
 endfacet
 facet normal  -2.5264249695e-01 1.1623183657e-01 -9.6055292874e-01
   outer loop
     vertex 5.6214226646e-01 8.4000000000e-01 -1.4277230661e-02
     vertex 6.4731414579e-01 1.0500000000e+00 -1.1267870812e-02
     vertex 6.5870582509e-01 1.0500000000e+00 -1.4264084990e-02
   endloop
 endfacet
 facet normal  -2.6945308746e-01 1.2297216683e-01 -9.5512977121e-01
   outer loop
     vertex 5.6214226646e-01 8.4000000000e-01 -1.4277230661e-02
     vertex 5.4997997435e-01 8.4000000000e-01 -1.0846108252e-02
     vertex 6.4731414579e-01 1.0500000000e+00 -1.1267870812e-02
   endloop
 endfacet
 facet normal  -4.4598523272e-01 2.0496257058e-01 -8.7125628655e-01
   outer loop
     vertex 5.4997997435e-01 8.4000000000e-01 -1.0846108252e-02
     vertex 6.3988761573e-01 1.0500000000e+00 -7.4663226482e-03
     vertex 6.4731414579e-01 1.0500000000e+00 -1.1267870812e-02
   endloop
 endfacet
 facet normal  -4.6077857778e-01 2.1114761753e-01 -8.6203235779e-01
   outer loop
     vertex 5.4997997435e-01 8.4000000000e-01 -1.0846108252e-02
     vertex 5.4208630109e-01 8.4000000000e-01 -6.6267358546e-03
     vertex 6.3988761573e-01 1.0500000000e+00 -7.4663226482e-03
   endloop
 endfacet
 facet normal  -7.9572503817e-01 3.6866432802e-01 -4.8052916340e-01
   outer loop
     vertex 5.4208630109e-01 8.4000000000e-01 -6.6267358546e-03
     vertex 6.3696900538e-01 1.0500000000e+00 -2.6332937430e-03
     vertex 6.3988761573e-01 1.0500000000e+00 -7.4663226482e-03
   endloop
 endfacet
 facet normal  -8.0308947052e-01 3.7170980020e-01 -4.6570283098e-01
   outer loop
     vertex 5.4208630109e-01 8.4000000000e-01 -6.6267358546e-03
     vertex 5.3904776762e-01 8.4000000000e-01 -1.3868831465e-03
     vertex 6.3696900538e-01 1.0500000000e+00 -2.6332937430e-03
   endloop
 endfacet
 facet normal  -8.1470729551e-01 3.8247805259e-01 4.3584694783e-01
   outer loop
     vertex 5.3904776762e-01 8.4000000000e-01 -1.3868831465e-03
     vertex 5.4190499694e-01 8.4000000000e-01 3.9539953098e-03
     vertex 6.3696900538e-01 1.0500000000e+00 -2.6332937430e-03
   endloop
 endfacet
 facet normal  -8.2138144215e-01 3.8502785132e-01 4.2081596951e-01
   outer loop
     vertex 6.3696900538e-01 1.0500000000e+00 -2.6332937430e-03
     vertex 5.4190499694e-01 8.4000000000e-01 3.9539953098e-03
     vertex 6.3954337109e-01 1.0500000000e+00 2.3915541133e-03
   endloop
 endfacet
 facet normal  -4.8755290124e-01 2.3294561822e-01 8.4144429848e-01
   outer loop
     vertex 5.4190499694e-01 8.4000000000e-01 3.9539953098e-03
     vertex 5.4964947799e-01 8.4000000000e-01 8.4413323956e-03
     vertex 6.3954337109e-01 1.0500000000e+00 2.3915541133e-03
   endloop
 endfacet
 facet normal  -5.0170654208e-01 2.3871632246e-01 8.3144757082e-01
   outer loop
     vertex 6.3954337109e-01 1.0500000000e+00 2.3915541133e-03
     vertex 5.4964947799e-01 8.4000000000e-01 8.4413323956e-03
     vertex 6.4668662790e-01 1.0500000000e+00 6.7018904455e-03
   endloop
 endfacet
 facet normal  -3.0102630536e-01 1.4690330436e-01 9.4223276458e-01
   outer loop
     vertex 5.4964947799e-01 8.4000000000e-01 8.4413323956e-03
     vertex 5.6168707784e-01 8.4000000000e-01 1.2287127557e-02
     vertex 6.4668662790e-01 1.0500000000e+00 6.7018904455e-03
   endloop
 endfacet
 facet normal  -3.1740902788e-01 1.5336341851e-01 9.3580509236e-01
   outer loop
     vertex 6.4668662790e-01 1.0500000000e+00 6.7018904455e-03
     vertex 5.6168707784e-01 8.4000000000e-01 1.2287127557e-02
     vertex 6.5784155231e-01 1.0500000000e+00 1.0485449375e-02
   endloop
 endfacet
 facet normal  -1.8988016377e-01 9.5325575171e-02 9.7716864365e-01
   outer loop
     vertex 5.6168707784e-01 8.4000000000e-01 1.2287127557e-02
     vertex 5.7864874843e-01 8.4000000000e-01 1.5583063024e-02
     vertex 6.5784155231e-01 1.0500000000e+00 1.0485449375e-02
   endloop
 endfacet
 facet normal  -2.0708479405e-01 1.0171291397e-01 9.7302125938e-01
   outer loop
     vertex 6.5784155231e-01 1.0500000000e+00 1.0485449375e-02
     vertex 5.7864874843e-01 8.4000000000e-01 1.5583063024e-02
     vertex 6.7359465123e-01 1.0500000000e+00 1.3838127659e-02
   endloop
 endfacet
 facet normal  -1.1147407556e-01 5.8643069750e-02 9.9203554415e-01
   outer loop
     vertex 5.7864874843e-01 8.4000000000e-01 1.5583063024e-02
     vertex 6.0120060694e-01 8.4000000000e-01 1.8117193574e-02
     vertex 6.7359465123e-01 1.0500000000e+00 1.3838127659e-02
   endloop
 endfacet
 facet normal  -1.2903898508e-01 6.4647229600e-02 9.8953002786e-01
   outer loop
     vertex 6.7359465123e-01 1.0500000000e+00 1.3838127659e-02
     vertex 6.0120060694e-01 8.4000000000e-01 1.8117193574e-02
     vertex 6.9457023412e-01 1.0500000000e+00 1.6573434169e-02
   endloop
 endfacet
 facet normal  -5.1311357556e-02 3.0152120490e-02 9.9822742610e-01
   outer loop
     vertex 6.0120060694e-01 8.4000000000e-01 1.8117193574e-02
     vertex 6.2945505754e-01 8.4000000000e-01 1.9569542187e-02
     vertex 6.9457023412e-01 1.0500000000e+00 1.6573434169e-02
   endloop
 endfacet
 facet normal  -6.9031314209e-02 3.5628762852e-02 9.9697806842e-01
   outer loop
     vertex 6.9457023412e-01 1.0500000000e+00 1.6573434169e-02
     vertex 6.2945505754e-01 8.4000000000e-01 1.9569542187e-02
     vertex 7.2087835839e-01 1.0500000000e+00 1.8395023279e-02
   endloop
 endfacet
 facet normal  -4.3277609330e-03 7.4768250842e-03 9.9996268309e-01
   outer loop
     vertex 6.2945505754e-01 8.4000000000e-01 1.9569542187e-02
     vertex 6.6252267390e-01 8.4000000000e-01 1.9712656265e-02
     vertex 7.2087835839e-01 1.0500000000e+00 1.8395023279e-02
   endloop
 endfacet
 facet normal  -2.2097341294e-02 1.2412929470e-02 9.9967876175e-01
   outer loop
     vertex 7.2087835839e-01 1.0500000000e+00 1.8395023279e-02
     vertex 6.6252267390e-01 8.4000000000e-01 1.9712656265e-02
     vertex 7.5169387697e-01 1.0500000000e+00 1.9076183125e-02
   endloop
 endfacet
 facet normal  3.1334207864e-02 -1.0276104888e-02 9.9945613665e-01
   outer loop
     vertex 6.6252267390e-01 8.4000000000e-01 1.9712656265e-02
     vertex 6.9836444081e-01 8.4000000000e-01 1.8588971760e-02
     vertex 7.5169387697e-01 1.0500000000e+00 1.9076183125e-02
   endloop
 endfacet
 facet normal  1.3567403611e-02 -5.7652400393e-03 9.9989133788e-01
   outer loop
     vertex 7.5169387697e-01 1.0500000000e+00 1.9076183125e-02
     vertex 6.9836444081e-01 8.4000000000e-01 1.8588971760e-02
     vertex 7.8511579431e-01 1.0500000000e+00 1.8622685205e-02
   endloop
 endfacet
 facet normal  3.9545885778e-02 -1.6496864753e-02 9.9908156643e-01
   outer loop
     vertex 6.9836444081e-01 8.4000000000e-01 1.8588971760e-02
     vertex 8.1851521728e-01 1.0500000000e+00 1.7300661248e-02
     vertex 7.8511579431e-01 1.0500000000e+00 1.8622685205e-02
   endloop
 endfacet
 facet normal  5.7282772569e-02 -2.6651585174e-02 9.9800219287e-01
   outer loop
     vertex 6.9836444081e-01 8.4000000000e-01 1.8588971760e-02
     vertex 7.3416551922e-01 8.4000000000e-01 1.6534081453e-02
     vertex 8.1851521728e-01 1.0500000000e+00 1.7300661248e-02
   endloop
 endfacet
 facet normal  5.8058982299e-02 -2.6963167341e-02 9.9794896772e-01
   outer loop
     vertex 7.3416551922e-01 8.4000000000e-01 1.6534081453e-02
     vertex 8.4928798230e-01 1.0500000000e+00 1.5510353850e-02
     vertex 8.1851521728e-01 1.0500000000e+00 1.7300661248e-02
   endloop
 endfacet
 facet normal  7.5761933019e-02 -3.6675265274e-02 9.9645123033e-01
   outer loop
     vertex 7.3416551922e-01 8.4000000000e-01 1.6534081453e-02
     vertex 7.6714015357e-01 8.4000000000e-01 1.4026962225e-02
     vertex 8.4928798230e-01 1.0500000000e+00 1.5510353850e-02
   endloop
 endfacet
 facet normal  7.1460610772e-02 -3.4995344236e-02 9.9682932691e-01
   outer loop
     vertex 7.6714015357e-01 8.4000000000e-01 1.4026962225e-02
     vertex 8.7559443088e-01 1.0500000000e+00 1.3624499540e-02
     vertex 8.4928798230e-01 1.0500000000e+00 1.5510353850e-02
   endloop
 endfacet
 facet normal  8.9132736206e-02 -4.4125520345e-02 9.9504185530e-01
   outer loop
     vertex 7.6714015357e-01 8.4000000000e-01 1.4026962225e-02
     vertex 7.9532211923e-01 8.4000000000e-01 1.1502509915e-02
     vertex 8.7559443088e-01 1.0500000000e+00 1.3624499540e-02
   endloop
 endfacet
 facet normal  8.1531001115e-02 -4.1227604063e-02 9.9581774463e-01
   outer loop
     vertex 7.9532211923e-01 8.4000000000e-01 1.1502509915e-02
     vertex 8.9668095292e-01 1.0500000000e+00 1.1898073935e-02
     vertex 8.7559443088e-01 1.0500000000e+00 1.3624499540e-02
   endloop
 endfacet
 facet normal  9.9177317369e-02 -4.9741042570e-02 9.9382578373e-01
   outer loop
     vertex 7.9532211923e-01 8.4000000000e-01 1.1502509915e-02
     vertex 8.1790790890e-01 8.4000000000e-01 9.2485957312e-03
     vertex 8.9668095292e-01 1.0500000000e+00 1.1898073935e-02
   endloop
 endfacet
 facet normal  8.9233171466e-02 -4.6025040036e-02 9.9494680099e-01
   outer loop
     vertex 8.1790790890e-01 8.4000000000e-01 9.2485957312e-03
     vertex 9.1272814610e-01 1.0500000000e+00 1.0458859357e-02
     vertex 8.9668095292e-01 1.0500000000e+00 1.1898073935e-02
   endloop
 endfacet
 facet normal  1.0685871575e-01 -5.3971088368e-02 9.9280830803e-01
   outer loop
     vertex 8.1790790890e-01 8.4000000000e-01 9.2485957312e-03
     vertex 8.3509367916e-01 8.4000000000e-01 7.3988435434e-03
     vertex 9.1272814610e-01 1.0500000000e+00 1.0458859357e-02
   endloop
 endfacet
 facet normal  9.5149703657e-02 -4.9663027474e-02 9.9422337409e-01
   outer loop
     vertex 8.3509367916e-01 8.4000000000e-01 7.3988435434e-03
     vertex 9.2446433376e-01 1.0500000000e+00 9.3356763707e-03
     vertex 9.1272814610e-01 1.0500000000e+00 1.0458859357e-02
   endloop
 endfacet
 facet normal  1.1275888856e-01 -5.7136341636e-02 9.9197826161e-01
   outer loop
     vertex 8.3509367916e-01 8.4000000000e-01 7.3988435434e-03
     vertex 8.4766122413e-01 8.4000000000e-01 5.9702815907e-03
     vertex 9.2446433376e-01 1.0500000000e+00 9.3356763707e-03
   endloop
 endfacet
 facet normal  9.9592906809e-02 -5.2347954842e-02 9.9365031301e-01
   outer loop
     vertex 8.4766122413e-01 8.4000000000e-01 5.9702815907e-03
     vertex 9.3280051162e-01 1.0500000000e+00 8.5001468357e-03
     vertex 9.2446433376e-01 1.0500000000e+00 9.3356763707e-03
   endloop
 endfacet
 facet normal  1.1718963426e-01 -5.9454137952e-02 9.9132829835e-01
   outer loop
     vertex 8.4766122413e-01 8.4000000000e-01 5.9702815907e-03
     vertex 8.5658719302e-01 8.4000000000e-01 4.9151003442e-03
     vertex 9.3280051162e-01 1.0500000000e+00 8.5001468357e-03
   endloop
 endfacet
 facet normal  1.0280725776e-01 -5.4266770646e-02 9.9321990785e-01
   outer loop
     vertex 8.5658719302e-01 8.4000000000e-01 4.9151003442e-03
     vertex 9.3859967175e-01 1.0500000000e+00 7.8998812290e-03
     vertex 9.3280051162e-01 1.0500000000e+00 8.5001468357e-03
   endloop
 endfacet
 facet normal  1.2039490144e-01 -6.1101601277e-02 9.9084391406e-01
   outer loop
     vertex 8.5658719302e-01 8.4000000000e-01 4.9151003442e-03
     vertex 8.6279628559e-01 8.4000000000e-01 4.1606494395e-03
     vertex 9.3859967175e-01 1.0500000000e+00 7.8998812290e-03
   endloop
 endfacet
 facet normal  0.0000000000e+00 1.0000000000e+00 -0.0000000000e+00
   outer loop
     vertex 9.3859967175e-01 1.0500000000e+00 7.8998812290e-03
     vertex 9.3285651049e-01 1.0500000000e+00 6.8965488777e-03
     vertex 9.3284251077e-01 1.0500000000e+00 7.2974483672e-03
   endloop
 endfacet
 facet normal  0.0000000000e+00 1.0000000000e+00 0.0000000000e+00
   outer loop
     vertex 9.3285651049e-01 1.0500000000e+00 6.8965488777e-03
     vertex 9.2456527550e-01 1.0500000000e+00 6.4450833020e-03
     vertex 9.3284251077e-01 1.0500000000e+00 7.2974483672e-03
   endloop
 endfacet
 facet normal  0.0000000000e+00 1.0000000000e+00 -0.0000000000e+00
   outer loop
     vertex 9.3285651049e-01 1.0500000000e+00 6.8965488777e-03
     vertex 9.2459892274e-01 1.0500000000e+00 5.4815522791e-03
     vertex 9.2456527550e-01 1.0500000000e+00 6.4450833020e-03
   endloop
 endfacet
 facet normal  0.0000000000e+00 1.0000000000e+00 0.0000000000e+00
   outer loop
     vertex 9.2459892274e-01 1.0500000000e+00 5.4815522791e-03
     vertex 9.1290929137e-01 1.0500000000e+00 5.2715375222e-03
     vertex 9.2456527550e-01 1.0500000000e+00 6.4450833020e-03
   endloop
 endfacet
 facet normal  0.0000000000e+00 1.0000000000e+00 -0.0000000000e+00
   outer loop
     vertex 9.2459892274e-01 1.0500000000e+00 5.4815522791e-03
     vertex 9.1296967313e-01 1.0500000000e+00 3.5424302440e-03
     vertex 9.1290929137e-01 1.0500000000e+00 5.2715375222e-03
   endloop
 endfacet
 facet normal  -0.0000000000e+00 1.0000000000e+00 0.0000000000e+00
   outer loop
     vertex 9.1296967313e-01 1.0500000000e+00 3.5424302440e-03
     vertex 8.9696671170e-01 1.0500000000e+00 3.7150129160e-03
     vertex 9.1290929137e-01 1.0500000000e+00 5.2715375222e-03
   endloop
 endfacet
 facet normal  0.0000000000e+00 1.0000000000e+00 -0.0000000000e+00
   outer loop
     vertex 9.1296967313e-01 1.0500000000e+00 3.5424302440e-03
     vertex 8.9706196463e-01 1.0500000000e+00 9.8732590952e-04
     vertex 8.9696671170e-01 1.0500000000e+00 3.7150129160e-03
   endloop
 endfacet
 facet normal  -0.0000000000e+00 1.0000000000e+00 0.0000000000e+00
   outer loop
     vertex 8.9706196463e-01 1.0500000000e+00 9.8732590952e-04
     vertex 8.7600903597e-01 1.0500000000e+00 1.7517631630e-03
     vertex 8.9696671170e-01 1.0500000000e+00 3.7150129160e-03
   endloop
 endfacet
 facet normal  0.0000000000e+00 1.0000000000e+00 -0.0000000000e+00
   outer loop
     vertex 8.9706196463e-01 1.0500000000e+00 9.8732590952e-04
     vertex 8.7614723767e-01 1.0500000000e+00 -2.2058156293e-03
     vertex 8.7600903597e-01 1.0500000000e+00 1.7517631630e-03
   endloop
 endfacet
 facet normal  -0.0000000000e+00 1.0000000000e+00 0.0000000000e+00
   outer loop
     vertex 8.7614723767e-01 1.0500000000e+00 -2.2058156293e-03
     vertex 8.4984931119e-01 1.0500000000e+00 -5.6400242478e-04
     vertex 8.7600903597e-01 1.0500000000e+00 1.7517631630e-03
   endloop
 endfacet
 facet normal  0.0000000000e+00 1.0000000000e+00 -0.0000000000e+00
   outer loop
     vertex 8.7614723767e-01 1.0500000000e+00 -2.2058156293e-03
     vertex 8.5003642082e-01 1.0500000000e+00 -5.9221211830e-03
     vertex 8.4984931119e-01 1.0500000000e+00 -5.6400242478e-04
   endloop
 endfacet
 facet normal  -0.0000000000e+00 1.0000000000e+00 0.0000000000e+00
   outer loop
     vertex 8.5003642082e-01 1.0500000000e+00 -5.9221211830e-03
     vertex 8.1922643100e-01 1.0500000000e+00 -3.0658349815e-03
     vertex 8.4984931119e-01 1.0500000000e+00 -5.6400242478e-04
   endloop
 endfacet
 facet normal  0.0000000000e+00 1.0000000000e+00 -0.0000000000e+00
   outer loop
     vertex 8.5003642082e-01 1.0500000000e+00 -5.9221211830e-03
     vertex 8.1946350224e-01 1.0500000000e+00 -9.8546670581e-03
     vertex 8.1922643100e-01 1.0500000000e+00 -3.0658349815e-03
   endloop
 endfacet
 facet normal  -0.0000000000e+00 1.0000000000e+00 0.0000000000e+00
   outer loop
     vertex 8.1946350224e-01 1.0500000000e+00 -9.8546670581e-03
     vertex 7.8595719232e-01 1.0500000000e+00 -5.4718011503e-03
     vertex 8.1922643100e-01 1.0500000000e+00 -3.0658349815e-03
   endloop
 endfacet
 facet normal  0.0000000000e+00 1.0000000000e+00 -0.0000000000e+00
   outer loop
     vertex 8.1946350224e-01 1.0500000000e+00 -9.8546670581e-03
     vertex 7.8623765832e-01 1.0500000000e+00 -1.3503296602e-02
     vertex 7.8595719232e-01 1.0500000000e+00 -5.4718011503e-03
   endloop
 endfacet
 facet normal  0.0000000000e+00 1.0000000000e+00 0.0000000000e+00
   outer loop
     vertex 7.8623765832e-01 1.0500000000e+00 -1.3503296602e-02
     vertex 7.5292878950e-01 1.0500000000e+00 -1.6287084924e-02
     vertex 7.8595719232e-01 1.0500000000e+00 -5.4718011503e-03
   endloop
 endfacet
 facet normal  0.0000000000e+00 1.0000000000e+00 -0.0000000000e+00
   outer loop
     vertex 7.8595719232e-01 1.0500000000e+00 -5.4718011503e-03
     vertex 7.5292878950e-01 1.0500000000e+00 -1.6287084924e-02
     vertex 7.5262006137e-01 1.0500000000e+00 -7.4462679114e-03
   endloop
 endfacet
 facet normal  0.0000000000e+00 1.0000000000e+00 0.0000000000e+00
   outer loop
     vertex 7.5292878950e-01 1.0500000000e+00 -1.6287084924e-02
     vertex 7.2214082067e-01 1.0500000000e+00 -1.7757166261e-02
     vertex 7.5262006137e-01 1.0500000000e+00 -7.4462679114e-03
   endloop
 endfacet
 facet normal  0.0000000000e+00 1.0000000000e+00 -0.0000000000e+00
   outer loop
     vertex 7.5262006137e-01 1.0500000000e+00 -7.4462679114e-03
     vertex 7.2214082067e-01 1.0500000000e+00 -1.7757166261e-02
     vertex 7.2182520510e-01 1.0500000000e+00 -8.7191188762e-03
   endloop
 endfacet
 facet normal  0.0000000000e+00 1.0000000000e+00 0.0000000000e+00
   outer loop
     vertex 7.2214082067e-01 1.0500000000e+00 -1.7757166261e-02
     vertex 6.9576971403e-01 1.0500000000e+00 -1.7775176430e-02
     vertex 7.2182520510e-01 1.0500000000e+00 -8.7191188762e-03
   endloop
 endfacet
 facet normal  0.0000000000e+00 1.0000000000e+00 -0.0000000000e+00
   outer loop
     vertex 7.2182520510e-01 1.0500000000e+00 -8.7191188762e-03
     vertex 6.9576971403e-01 1.0500000000e+00 -1.7775176430e-02
     vertex 6.9546984405e-01 1.0500000000e+00 -9.1880237807e-03
   endloop
 endfacet
 facet normal  -0.0000000000e+00 1.0000000000e+00 0.0000000000e+00
   outer loop
     vertex 6.9576971403e-01 1.0500000000e+00 -1.7775176430e-02
     vertex 6.7465442127e-01 1.0500000000e+00 -1.6509715687e-02
     vertex 6.9546984405e-01 1.0500000000e+00 -9.1880237807e-03
   endloop
 endfacet
 facet normal  0.0000000000e+00 1.0000000000e+00 -0.0000000000e+00
   outer loop
     vertex 6.9546984405e-01 1.0500000000e+00 -9.1880237807e-03
     vertex 6.7465442127e-01 1.0500000000e+00 -1.6509715687e-02
     vertex 6.7438947876e-01 1.0500000000e+00 -8.9227548502e-03
   endloop
 endfacet
 facet normal  -0.0000000000e+00 1.0000000000e+00 0.0000000000e+00
   outer loop
     vertex 6.7465442127e-01 1.0500000000e+00 -1.6509715687e-02
     vertex 6.5870582509e-01 1.0500000000e+00 -1.4264084990e-02
     vertex 6.7438947876e-01 1.0500000000e+00 -8.9227548502e-03
   endloop
 endfacet
 facet normal  0.0000000000e+00 1.0000000000e+00 -0.0000000000e+00
   outer loop
     vertex 6.7438947876e-01 1.0500000000e+00 -8.9227548502e-03
     vertex 6.5870582509e-01 1.0500000000e+00 -1.4264084990e-02
     vertex 6.5848975690e-01 1.0500000000e+00 -8.0767013987e-03
   endloop
 endfacet
 facet normal  -0.0000000000e+00 1.0000000000e+00 0.0000000000e+00
   outer loop
     vertex 6.5870582509e-01 1.0500000000e+00 -1.4264084990e-02
     vertex 6.4731414579e-01 1.0500000000e+00 -1.1267870812e-02
     vertex 6.5848975690e-01 1.0500000000e+00 -8.0767013987e-03
   endloop
 endfacet
 facet normal  0.0000000000e+00 1.0000000000e+00 -0.0000000000e+00
   outer loop
     vertex 6.5848975690e-01 1.0500000000e+00 -8.0767013987e-03
     vertex 6.4731414579e-01 1.0500000000e+00 -1.1267870812e-02
     vertex 6.4715726632e-01 1.0500000000e+00 -6.7754304974e-03
   endloop
 endfacet
 facet normal  -0.0000000000e+00 1.0000000000e+00 0.0000000000e+00
   outer loop
     vertex 6.4731414579e-01 1.0500000000e+00 -1.1267870812e-02
     vertex 6.3988761573e-01 1.0500000000e+00 -7.4663226482e-03
     vertex 6.4715726632e-01 1.0500000000e+00 -6.7754304974e-03
   endloop
 endfacet
 facet normal  0.0000000000e+00 1.0000000000e+00 -0.0000000000e+00
   outer loop
     vertex 6.4715726632e-01 1.0500000000e+00 -6.7754304974e-03
     vertex 6.3988761573e-01 1.0500000000e+00 -7.4663226482e-03
     vertex 6.3980155457e-01 1.0500000000e+00 -5.0018534578e-03
   endloop
 endfacet
 facet normal  0.0000000000e+00 1.0000000000e+00 0.0000000000e+00
   outer loop
     vertex 6.3988761573e-01 1.0500000000e+00 -7.4663226482e-03
     vertex 6.3696900538e-01 1.0500000000e+00 -2.6332937430e-03
     vertex 6.3980155457e-01 1.0500000000e+00 -5.0018534578e-03
   endloop
 endfacet
 facet normal  0.0000000000e+00 1.0000000000e+00 0.0000000000e+00
   outer loop
     vertex 6.3696900538e-01 1.0500000000e+00 -2.6332937430e-03
     vertex 6.3954337109e-01 1.0500000000e+00 2.3915541133e-03
     vertex 6.3962943225e-01 1.0500000000e+00 -7.2915077094e-05
   endloop
 endfacet
 facet normal  0.0000000000e+00 1.0000000000e+00 0.0000000000e+00
   outer loop
     vertex 6.3954337109e-01 1.0500000000e+00 2.3915541133e-03
     vertex 6.4684350737e-01 1.0500000000e+00 2.2094501312e-03
     vertex 6.3962943225e-01 1.0500000000e+00 -7.2915077094e-05
   endloop
 endfacet
 facet normal  0.0000000000e+00 1.0000000000e+00 0.0000000000e+00
   outer loop
     vertex 6.3954337109e-01 1.0500000000e+00 2.3915541133e-03
     vertex 6.4668662790e-01 1.0500000000e+00 6.7018904455e-03
     vertex 6.4684350737e-01 1.0500000000e+00 2.2094501312e-03
   endloop
 endfacet
 facet normal  0.0000000000e+00 1.0000000000e+00 0.0000000000e+00
   outer loop
     vertex 6.4668662790e-01 1.0500000000e+00 6.7018904455e-03
     vertex 6.5805762051e-01 1.0500000000e+00 4.2980657837e-03
     vertex 6.4684350737e-01 1.0500000000e+00 2.2094501312e-03
   endloop
 endfacet
 facet normal  0.0000000000e+00 1.0000000000e+00 0.0000000000e+00
   outer loop
     vertex 6.4668662790e-01 1.0500000000e+00 6.7018904455e-03
     vertex 6.5784155231e-01 1.0500000000e+00 1.0485449375e-02
     vertex 6.5805762051e-01 1.0500000000e+00 4.2980657837e-03
   endloop
 endfacet
 facet normal  0.0000000000e+00 1.0000000000e+00 0.0000000000e+00
   outer loop
     vertex 6.5784155231e-01 1.0500000000e+00 1.0485449375e-02
     vertex 6.7385959374e-01 1.0500000000e+00 6.2511668224e-03
     vertex 6.5805762051e-01 1.0500000000e+00 4.2980657837e-03
   endloop
 endfacet
 facet normal  0.0000000000e+00 1.0000000000e+00 0.0000000000e+00
   outer loop
     vertex 6.5784155231e-01 1.0500000000e+00 1.0485449375e-02
     vertex 6.7359465123e-01 1.0500000000e+00 1.3838127659e-02
     vertex 6.7385959374e-01 1.0500000000e+00 6.2511668224e-03
   endloop
 endfacet
 facet normal  0.0000000000e+00 1.0000000000e+00 0.0000000000e+00
   outer loop
     vertex 6.7359465123e-01 1.0500000000e+00 1.3838127659e-02
     vertex 6.9487010410e-01 1.0500000000e+00 7.9862815189e-03
     vertex 6.7385959374e-01 1.0500000000e+00 6.2511668224e-03
   endloop
 endfacet
 facet normal  0.0000000000e+00 1.0000000000e+00 0.0000000000e+00
   outer loop
     vertex 6.7359465123e-01 1.0500000000e+00 1.3838127659e-02
     vertex 6.9457023412e-01 1.0500000000e+00 1.6573434169e-02
     vertex 6.9487010410e-01 1.0500000000e+00 7.9862815189e-03
   endloop
 endfacet
 facet normal  0.0000000000e+00 1.0000000000e+00 0.0000000000e+00
   outer loop
     vertex 6.9457023412e-01 1.0500000000e+00 1.6573434169e-02
     vertex 7.2119397396e-01 1.0500000000e+00 9.3569758942e-03
     vertex 6.9487010410e-01 1.0500000000e+00 7.9862815189e-03
   endloop
 endfacet
 facet normal  0.0000000000e+00 1.0000000000e+00 0.0000000000e+00
   outer loop
     vertex 6.9457023412e-01 1.0500000000e+00 1.6573434169e-02
     vertex 7.2087835839e-01 1.0500000000e+00 1.8395023279e-02
     vertex 7.2119397396e-01 1.0500000000e+00 9.3569758942e-03
   endloop
 endfacet
 facet normal  0.0000000000e+00 1.0000000000e+00 0.0000000000e+00
   outer loop
     vertex 7.2087835839e-01 1.0500000000e+00 1.8395023279e-02
     vertex 7.5200260510e-01 1.0500000000e+00 1.0235366113e-02
     vertex 7.2119397396e-01 1.0500000000e+00 9.3569758942e-03
   endloop
 endfacet
 facet normal  0.0000000000e+00 1.0000000000e+00 0.0000000000e+00
   outer loop
     vertex 7.2087835839e-01 1.0500000000e+00 1.8395023279e-02
     vertex 7.5169387697e-01 1.0500000000e+00 1.9076183125e-02
     vertex 7.5200260510e-01 1.0500000000e+00 1.0235366113e-02
   endloop
 endfacet
 facet normal  0.0000000000e+00 1.0000000000e+00 0.0000000000e+00
   outer loop
     vertex 7.5169387697e-01 1.0500000000e+00 1.9076183125e-02
     vertex 7.8539626031e-01 1.0500000000e+00 1.0591189753e-02
     vertex 7.5200260510e-01 1.0500000000e+00 1.0235366113e-02
   endloop
 endfacet
 facet normal  0.0000000000e+00 1.0000000000e+00 0.0000000000e+00
   outer loop
     vertex 7.5169387697e-01 1.0500000000e+00 1.9076183125e-02
     vertex 7.8511579431e-01 1.0500000000e+00 1.8622685205e-02
     vertex 7.8539626031e-01 1.0500000000e+00 1.0591189753e-02
   endloop
 endfacet
 facet normal  0.0000000000e+00 1.0000000000e+00 0.0000000000e+00
   outer loop
     vertex 7.8511579431e-01 1.0500000000e+00 1.8622685205e-02
     vertex 8.1851521728e-01 1.0500000000e+00 1.7300661248e-02
     vertex 7.8539626031e-01 1.0500000000e+00 1.0591189753e-02
   endloop
 endfacet
 facet normal  0.0000000000e+00 1.0000000000e+00 0.0000000000e+00
   outer loop
     vertex 7.8539626031e-01 1.0500000000e+00 1.0591189753e-02
     vertex 8.1851521728e-01 1.0500000000e+00 1.7300661248e-02
     vertex 8.1875228852e-01 1.0500000000e+00 1.0511829172e-02
   endloop
 endfacet
 facet normal  0.0000000000e+00 1.0000000000e+00 0.0000000000e+00
   outer loop
     vertex 8.1851521728e-01 1.0500000000e+00 1.7300661248e-02
     vertex 8.4928798230e-01 1.0500000000e+00 1.5510353850e-02
     vertex 8.1875228852e-01 1.0500000000e+00 1.0511829172e-02
   endloop
 endfacet
 facet normal  0.0000000000e+00 1.0000000000e+00 0.0000000000e+00
   outer loop
     vertex 8.1875228852e-01 1.0500000000e+00 1.0511829172e-02
     vertex 8.4928798230e-01 1.0500000000e+00 1.5510353850e-02
     vertex 8.4947509193e-01 1.0500000000e+00 1.0152235092e-02
   endloop
 endfacet
 facet normal  0.0000000000e+00 1.0000000000e+00 0.0000000000e+00
   outer loop
     vertex 8.4928798230e-01 1.0500000000e+00 1.5510353850e-02
     vertex 8.7559443088e-01 1.0500000000e+00 1.3624499540e-02
     vertex 8.4947509193e-01 1.0500000000e+00 1.0152235092e-02
   endloop
 endfacet
 facet normal  0.0000000000e+00 1.0000000000e+00 0.0000000000e+00
   outer loop
     vertex 8.4947509193e-01 1.0500000000e+00 1.0152235092e-02
     vertex 8.7559443088e-01 1.0500000000e+00 1.3624499540e-02
     vertex 8.7573263258e-01 1.0500000000e+00 9.6669207474e-03
   endloop
 endfacet
 facet normal  0.0000000000e+00 1.0000000000e+00 0.0000000000e+00
   outer loop
     vertex 8.7559443088e-01 1.0500000000e+00 1.3624499540e-02
     vertex 8.9668095292e-01 1.0500000000e+00 1.1898073935e-02
     vertex 8.7573263258e-01 1.0500000000e+00 9.6669207474e-03
   endloop
 endfacet
 facet normal  0.0000000000e+00 1.0000000000e+00 0.0000000000e+00
   outer loop
     vertex 8.7573263258e-01 1.0500000000e+00 9.6669207474e-03
     vertex 8.9668095292e-01 1.0500000000e+00 1.1898073935e-02
     vertex 8.9677620585e-01 1.0500000000e+00 9.1703869290e-03
   endloop
 endfacet
 facet normal  0.0000000000e+00 1.0000000000e+00 0.0000000000e+00
   outer loop
     vertex 8.9668095292e-01 1.0500000000e+00 1.1898073935e-02
     vertex 9.1272814610e-01 1.0500000000e+00 1.0458859357e-02
     vertex 8.9677620585e-01 1.0500000000e+00 9.1703869290e-03
   endloop
 endfacet
 facet normal  0.0000000000e+00 1.0000000000e+00 0.0000000000e+00
   outer loop
     vertex 8.9677620585e-01 1.0500000000e+00 9.1703869290e-03
     vertex 9.1272814610e-01 1.0500000000e+00 1.0458859357e-02
     vertex 9.1278852786e-01 1.0500000000e+00 8.7297520785e-03
   endloop
 endfacet
 facet normal  0.0000000000e+00 1.0000000000e+00 0.0000000000e+00
   outer loop
     vertex 9.1272814610e-01 1.0500000000e+00 1.0458859357e-02
     vertex 9.2446433376e-01 1.0500000000e+00 9.3356763707e-03
     vertex 9.1278852786e-01 1.0500000000e+00 8.7297520785e-03
   endloop
 endfacet
 facet normal  0.0000000000e+00 1.0000000000e+00 0.0000000000e+00
   outer loop
     vertex 9.1278852786e-01 1.0500000000e+00 8.7297520785e-03
     vertex 9.2446433376e-01 1.0500000000e+00 9.3356763707e-03
     vertex 9.2449798101e-01 1.0500000000e+00 8.3721453478e-03
   endloop
 endfacet
 facet normal  0.0000000000e+00 1.0000000000e+00 0.0000000000e+00
   outer loop
     vertex 9.2446433376e-01 1.0500000000e+00 9.3356763707e-03
     vertex 9.3280051162e-01 1.0500000000e+00 8.5001468357e-03
     vertex 9.2449798101e-01 1.0500000000e+00 8.3721453478e-03
   endloop
 endfacet
 facet normal  0.0000000000e+00 1.0000000000e+00 0.0000000000e+00
   outer loop
     vertex 9.2449798101e-01 1.0500000000e+00 8.3721453478e-03
     vertex 9.3280051162e-01 1.0500000000e+00 8.5001468357e-03
     vertex 9.3281451134e-01 1.0500000000e+00 8.0992473462e-03
   endloop
 endfacet
 facet normal  0.0000000000e+00 1.0000000000e+00 0.0000000000e+00
   outer loop
     vertex 9.3280051162e-01 1.0500000000e+00 8.5001468357e-03
     vertex 9.3859967175e-01 1.0500000000e+00 7.8998812290e-03
     vertex 9.3281451134e-01 1.0500000000e+00 8.0992473462e-03
   endloop
 endfacet
 facet normal  0.0000000000e+00 1.0000000000e+00 -0.0000000000e+00
   outer loop
     vertex 9.3859967175e-01 1.0500000000e+00 7.8998812290e-03
     vertex 9.3284251077e-01 1.0500000000e+00 7.2974483672e-03
     vertex 9.3282851105e-01 1.0500000000e+00 7.6983478567e-03
   endloop
 endfacet
 facet normal  -0.0000000000e+00 1.0000000000e+00 0.0000000000e+00
   outer loop
     vertex 9.3284251077e-01 1.0500000000e+00 7.2974483672e-03
     vertex 9.2453162825e-01 1.0500000000e+00 7.4086143249e-03
     vertex 9.3282851105e-01 1.0500000000e+00 7.6983478567e-03
   endloop
 endfacet
 facet normal  0.0000000000e+00 1.0000000000e+00 -0.0000000000e+00
   outer loop
     vertex 9.3284251077e-01 1.0500000000e+00 7.2974483672e-03
     vertex 9.2456527550e-01 1.0500000000e+00 6.4450833020e-03
     vertex 9.2453162825e-01 1.0500000000e+00 7.4086143249e-03
   endloop
 endfacet
 facet normal  -0.0000000000e+00 1.0000000000e+00 0.0000000000e+00
   outer loop
     vertex 9.2456527550e-01 1.0500000000e+00 6.4450833020e-03
     vertex 9.1284890962e-01 1.0500000000e+00 7.0006448003e-03
     vertex 9.2453162825e-01 1.0500000000e+00 7.4086143249e-03
   endloop
 endfacet
 facet normal  0.0000000000e+00 1.0000000000e+00 -0.0000000000e+00
   outer loop
     vertex 9.2456527550e-01 1.0500000000e+00 6.4450833020e-03
     vertex 9.1290929137e-01 1.0500000000e+00 5.2715375222e-03
     vertex 9.1284890962e-01 1.0500000000e+00 7.0006448003e-03
   endloop
 endfacet
 facet normal  -0.0000000000e+00 1.0000000000e+00 0.0000000000e+00
   outer loop
     vertex 9.1290929137e-01 1.0500000000e+00 5.2715375222e-03
     vertex 8.9687145878e-01 1.0500000000e+00 6.4426999225e-03
     vertex 9.1284890962e-01 1.0500000000e+00 7.0006448003e-03
   endloop
 endfacet
 facet normal  0.0000000000e+00 1.0000000000e+00 -0.0000000000e+00
   outer loop
     vertex 9.1290929137e-01 1.0500000000e+00 5.2715375222e-03
     vertex 8.9696671170e-01 1.0500000000e+00 3.7150129160e-03
     vertex 8.9687145878e-01 1.0500000000e+00 6.4426999225e-03
   endloop
 endfacet
 facet normal  -0.0000000000e+00 1.0000000000e+00 0.0000000000e+00
   outer loop
     vertex 8.9696671170e-01 1.0500000000e+00 3.7150129160e-03
     vertex 8.7587083428e-01 1.0500000000e+00 5.7093419552e-03
     vertex 8.9687145878e-01 1.0500000000e+00 6.4426999225e-03
   endloop
 endfacet
 facet normal  0.0000000000e+00 1.0000000000e+00 -0.0000000000e+00
   outer loop
     vertex 8.9696671170e-01 1.0500000000e+00 3.7150129160e-03
     vertex 8.7600903597e-01 1.0500000000e+00 1.7517631630e-03
     vertex 8.7587083428e-01 1.0500000000e+00 5.7093419552e-03
   endloop
 endfacet
 facet normal  -0.0000000000e+00 1.0000000000e+00 0.0000000000e+00
   outer loop
     vertex 8.7600903597e-01 1.0500000000e+00 1.7517631630e-03
     vertex 8.4966220156e-01 1.0500000000e+00 4.7941163335e-03
     vertex 8.7587083428e-01 1.0500000000e+00 5.7093419552e-03
   endloop
 endfacet
 facet normal  0.0000000000e+00 1.0000000000e+00 -0.0000000000e+00
   outer loop
     vertex 8.7600903597e-01 1.0500000000e+00 1.7517631630e-03
     vertex 8.4984931119e-01 1.0500000000e+00 -5.6400242478e-04
     vertex 8.4966220156e-01 1.0500000000e+00 4.7941163335e-03
   endloop
 endfacet
 facet normal  -0.0000000000e+00 1.0000000000e+00 0.0000000000e+00
   outer loop
     vertex 8.4984931119e-01 1.0500000000e+00 -5.6400242478e-04
     vertex 8.1898935976e-01 1.0500000000e+00 3.7229970951e-03
     vertex 8.4966220156e-01 1.0500000000e+00 4.7941163335e-03
   endloop
 endfacet
 facet normal  0.0000000000e+00 1.0000000000e+00 -0.0000000000e+00
   outer loop
     vertex 8.4984931119e-01 1.0500000000e+00 -5.6400242478e-04
     vertex 8.1922643100e-01 1.0500000000e+00 -3.0658349815e-03
     vertex 8.1898935976e-01 1.0500000000e+00 3.7229970951e-03
   endloop
 endfacet
 facet normal  -0.0000000000e+00 1.0000000000e+00 0.0000000000e+00
   outer loop
     vertex 8.1922643100e-01 1.0500000000e+00 -3.0658349815e-03
     vertex 7.8567672631e-01 1.0500000000e+00 2.5596943015e-03
     vertex 8.1898935976e-01 1.0500000000e+00 3.7229970951e-03
   endloop
 endfacet
 facet normal  0.0000000000e+00 1.0000000000e+00 -0.0000000000e+00
   outer loop
     vertex 8.1922643100e-01 1.0500000000e+00 -3.0658349815e-03
     vertex 7.8595719232e-01 1.0500000000e+00 -5.4718011503e-03
     vertex 7.8567672631e-01 1.0500000000e+00 2.5596943015e-03
   endloop
 endfacet
 facet normal  0.0000000000e+00 1.0000000000e+00 0.0000000000e+00
   outer loop
     vertex 7.8595719232e-01 1.0500000000e+00 -5.4718011503e-03
     vertex 7.5262006137e-01 1.0500000000e+00 -7.4462679114e-03
     vertex 7.8567672631e-01 1.0500000000e+00 2.5596943015e-03
   endloop
 endfacet
 facet normal  0.0000000000e+00 1.0000000000e+00 -0.0000000000e+00
   outer loop
     vertex 7.8567672631e-01 1.0500000000e+00 2.5596943015e-03
     vertex 7.5262006137e-01 1.0500000000e+00 -7.4462679114e-03
     vertex 7.5231133323e-01 1.0500000000e+00 1.3945491007e-03
   endloop
 endfacet
 facet normal  0.0000000000e+00 1.0000000000e+00 0.0000000000e+00
   outer loop
     vertex 7.5262006137e-01 1.0500000000e+00 -7.4462679114e-03
     vertex 7.2182520510e-01 1.0500000000e+00 -8.7191188762e-03
     vertex 7.5231133323e-01 1.0500000000e+00 1.3945491007e-03
   endloop
 endfacet
 facet normal  0.0000000000e+00 1.0000000000e+00 -0.0000000000e+00
   outer loop
     vertex 7.5231133323e-01 1.0500000000e+00 1.3945491007e-03
     vertex 7.2182520510e-01 1.0500000000e+00 -8.7191188762e-03
     vertex 7.2150958953e-01 1.0500000000e+00 3.1892850898e-04
   endloop
 endfacet
 facet normal  0.0000000000e+00 1.0000000000e+00 0.0000000000e+00
   outer loop
     vertex 7.2182520510e-01 1.0500000000e+00 -8.7191188762e-03
     vertex 6.9546984405e-01 1.0500000000e+00 -9.1880237807e-03
     vertex 7.2150958953e-01 1.0500000000e+00 3.1892850898e-04
   endloop
 endfacet
 facet normal  0.0000000000e+00 1.0000000000e+00 -0.0000000000e+00
   outer loop
     vertex 7.2150958953e-01 1.0500000000e+00 3.1892850898e-04
     vertex 6.9546984405e-01 1.0500000000e+00 -9.1880237807e-03
     vertex 6.9516997407e-01 1.0500000000e+00 -6.0087113091e-04
   endloop
 endfacet
 facet normal  -0.0000000000e+00 1.0000000000e+00 0.0000000000e+00
   outer loop
     vertex 6.9546984405e-01 1.0500000000e+00 -9.1880237807e-03
     vertex 6.7438947876e-01 1.0500000000e+00 -8.9227548502e-03
     vertex 6.9516997407e-01 1.0500000000e+00 -6.0087113091e-04
   endloop
 endfacet
 facet normal  0.0000000000e+00 1.0000000000e+00 -0.0000000000e+00
   outer loop
     vertex 6.9516997407e-01 1.0500000000e+00 -6.0087113091e-04
     vertex 6.7438947876e-01 1.0500000000e+00 -8.9227548502e-03
     vertex 6.7412453625e-01 1.0500000000e+00 -1.3357940139e-03
   endloop
 endfacet
 facet normal  -0.0000000000e+00 1.0000000000e+00 0.0000000000e+00
   outer loop
     vertex 6.7438947876e-01 1.0500000000e+00 -8.9227548502e-03
     vertex 6.5848975690e-01 1.0500000000e+00 -8.0767013987e-03
     vertex 6.7412453625e-01 1.0500000000e+00 -1.3357940139e-03
   endloop
 endfacet
 facet normal  0.0000000000e+00 1.0000000000e+00 -0.0000000000e+00
   outer loop
     vertex 6.7412453625e-01 1.0500000000e+00 -1.3357940139e-03
     vertex 6.5848975690e-01 1.0500000000e+00 -8.0767013987e-03
     vertex 6.5827368870e-01 1.0500000000e+00 -1.8893178075e-03
   endloop
 endfacet
 facet normal  -0.0000000000e+00 1.0000000000e+00 0.0000000000e+00
   outer loop
     vertex 6.5848975690e-01 1.0500000000e+00 -8.0767013987e-03
     vertex 6.4715726632e-01 1.0500000000e+00 -6.7754304974e-03
     vertex 6.5827368870e-01 1.0500000000e+00 -1.8893178075e-03
   endloop
 endfacet
 facet normal  0.0000000000e+00 1.0000000000e+00 -0.0000000000e+00
   outer loop
     vertex 6.5827368870e-01 1.0500000000e+00 -1.8893178075e-03
     vertex 6.4715726632e-01 1.0500000000e+00 -6.7754304974e-03
     vertex 6.4700038684e-01 1.0500000000e+00 -2.2829901831e-03
   endloop
 endfacet
 facet normal  -0.0000000000e+00 1.0000000000e+00 0.0000000000e+00
   outer loop
     vertex 6.4715726632e-01 1.0500000000e+00 -6.7754304974e-03
     vertex 6.3980155457e-01 1.0500000000e+00 -5.0018534578e-03
     vertex 6.4700038684e-01 1.0500000000e+00 -2.2829901831e-03
   endloop
 endfacet
 facet normal  0.0000000000e+00 1.0000000000e+00 -0.0000000000e+00
   outer loop
     vertex 6.4700038684e-01 1.0500000000e+00 -2.2829901831e-03
     vertex 6.3980155457e-01 1.0500000000e+00 -5.0018534578e-03
     vertex 6.3971549341e-01 1.0500000000e+00 -2.5373842674e-03
   endloop
 endfacet
 facet normal  -0.0000000000e+00 1.0000000000e+00 0.0000000000e+00
   outer loop
     vertex 6.3980155457e-01 1.0500000000e+00 -5.0018534578e-03
     vertex 6.3696900538e-01 1.0500000000e+00 -2.6332937430e-03
     vertex 6.3971549341e-01 1.0500000000e+00 -2.5373842674e-03
   endloop
 endfacet
 facet normal  0.0000000000e+00 1.0000000000e+00 0.0000000000e+00
   outer loop
     vertex 6.3696900538e-01 1.0500000000e+00 -2.6332937430e-03
     vertex 6.3962943225e-01 1.0500000000e+00 -7.2915077094e-05
     vertex 6.3971549341e-01 1.0500000000e+00 -2.5373842674e-03
   endloop
 endfacet
 facet normal  0.0000000000e+00 1.0000000000e+00 0.0000000000e+00
   outer loop
     vertex 6.3962943225e-01 1.0500000000e+00 -7.2915077094e-05
     vertex 6.4700038684e-01 1.0500000000e+00 -2.2829901831e-03
     vertex 6.3971549341e-01 1.0500000000e+00 -2.5373842674e-03
   endloop
 endfacet
 facet normal  0.0000000000e+00 1.0000000000e+00 0.0000000000e+00
   outer loop
     vertex 6.3962943225e-01 1.0500000000e+00 -7.2915077094e-05
     vertex 6.4684350737e-01 1.0500000000e+00 2.2094501312e-03
     vertex 6.4700038684e-01 1.0500000000e+00 -2.2829901831e-03
   endloop
 endfacet
 facet normal  0.0000000000e+00 1.0000000000e+00 0.0000000000e+00
   outer loop
     vertex 6.4684350737e-01 1.0500000000e+00 2.2094501312e-03
     vertex 6.5827368870e-01 1.0500000000e+00 -1.8893178075e-03
     vertex 6.4700038684e-01 1.0500000000e+00 -2.2829901831e-03
   endloop
 endfacet
 facet normal  0.0000000000e+00 1.0000000000e+00 0.0000000000e+00
   outer loop
     vertex 6.4684350737e-01 1.0500000000e+00 2.2094501312e-03
     vertex 6.5805762051e-01 1.0500000000e+00 4.2980657837e-03
     vertex 6.5827368870e-01 1.0500000000e+00 -1.8893178075e-03
   endloop
 endfacet
 facet normal  0.0000000000e+00 1.0000000000e+00 0.0000000000e+00
   outer loop
     vertex 6.5805762051e-01 1.0500000000e+00 4.2980657837e-03
     vertex 6.7412453625e-01 1.0500000000e+00 -1.3357940139e-03
     vertex 6.5827368870e-01 1.0500000000e+00 -1.8893178075e-03
   endloop
 endfacet
 facet normal  0.0000000000e+00 1.0000000000e+00 0.0000000000e+00
   outer loop
     vertex 6.5805762051e-01 1.0500000000e+00 4.2980657837e-03
     vertex 6.7385959374e-01 1.0500000000e+00 6.2511668224e-03
     vertex 6.7412453625e-01 1.0500000000e+00 -1.3357940139e-03
   endloop
 endfacet
 facet normal  0.0000000000e+00 1.0000000000e+00 0.0000000000e+00
   outer loop
     vertex 6.7385959374e-01 1.0500000000e+00 6.2511668224e-03
     vertex 6.9516997407e-01 1.0500000000e+00 -6.0087113091e-04
     vertex 6.7412453625e-01 1.0500000000e+00 -1.3357940139e-03
   endloop
 endfacet
 facet normal  0.0000000000e+00 1.0000000000e+00 0.0000000000e+00
   outer loop
     vertex 6.7385959374e-01 1.0500000000e+00 6.2511668224e-03
     vertex 6.9487010410e-01 1.0500000000e+00 7.9862815189e-03
     vertex 6.9516997407e-01 1.0500000000e+00 -6.0087113091e-04
   endloop
 endfacet
 facet normal  0.0000000000e+00 1.0000000000e+00 0.0000000000e+00
   outer loop
     vertex 6.9487010410e-01 1.0500000000e+00 7.9862815189e-03
     vertex 7.2150958953e-01 1.0500000000e+00 3.1892850898e-04
     vertex 6.9516997407e-01 1.0500000000e+00 -6.0087113091e-04
   endloop
 endfacet
 facet normal  0.0000000000e+00 1.0000000000e+00 0.0000000000e+00
   outer loop
     vertex 6.9487010410e-01 1.0500000000e+00 7.9862815189e-03
     vertex 7.2119397396e-01 1.0500000000e+00 9.3569758942e-03
     vertex 7.2150958953e-01 1.0500000000e+00 3.1892850898e-04
   endloop
 endfacet
 facet normal  0.0000000000e+00 1.0000000000e+00 0.0000000000e+00
   outer loop
     vertex 7.2119397396e-01 1.0500000000e+00 9.3569758942e-03
     vertex 7.5231133323e-01 1.0500000000e+00 1.3945491007e-03
     vertex 7.2150958953e-01 1.0500000000e+00 3.1892850898e-04
   endloop
 endfacet
 facet normal  0.0000000000e+00 1.0000000000e+00 0.0000000000e+00
   outer loop
     vertex 7.2119397396e-01 1.0500000000e+00 9.3569758942e-03
     vertex 7.5200260510e-01 1.0500000000e+00 1.0235366113e-02
     vertex 7.5231133323e-01 1.0500000000e+00 1.3945491007e-03
   endloop
 endfacet
 facet normal  0.0000000000e+00 1.0000000000e+00 0.0000000000e+00
   outer loop
     vertex 7.5200260510e-01 1.0500000000e+00 1.0235366113e-02
     vertex 7.8567672631e-01 1.0500000000e+00 2.5596943015e-03
     vertex 7.5231133323e-01 1.0500000000e+00 1.3945491007e-03
   endloop
 endfacet
 facet normal  0.0000000000e+00 1.0000000000e+00 0.0000000000e+00
   outer loop
     vertex 7.5200260510e-01 1.0500000000e+00 1.0235366113e-02
     vertex 7.8539626031e-01 1.0500000000e+00 1.0591189753e-02
     vertex 7.8567672631e-01 1.0500000000e+00 2.5596943015e-03
   endloop
 endfacet
 facet normal  0.0000000000e+00 1.0000000000e+00 0.0000000000e+00
   outer loop
     vertex 7.8539626031e-01 1.0500000000e+00 1.0591189753e-02
     vertex 8.1875228852e-01 1.0500000000e+00 1.0511829172e-02
     vertex 7.8567672631e-01 1.0500000000e+00 2.5596943015e-03
   endloop
 endfacet
 facet normal  0.0000000000e+00 1.0000000000e+00 0.0000000000e+00
   outer loop
     vertex 7.8567672631e-01 1.0500000000e+00 2.5596943015e-03
     vertex 8.1875228852e-01 1.0500000000e+00 1.0511829172e-02
     vertex 8.1898935976e-01 1.0500000000e+00 3.7229970951e-03
   endloop
 endfacet
 facet normal  0.0000000000e+00 1.0000000000e+00 0.0000000000e+00
   outer loop
     vertex 8.1875228852e-01 1.0500000000e+00 1.0511829172e-02
     vertex 8.4947509193e-01 1.0500000000e+00 1.0152235092e-02
     vertex 8.1898935976e-01 1.0500000000e+00 3.7229970951e-03
   endloop
 endfacet
 facet normal  0.0000000000e+00 1.0000000000e+00 0.0000000000e+00
   outer loop
     vertex 8.1898935976e-01 1.0500000000e+00 3.7229970951e-03
     vertex 8.4947509193e-01 1.0500000000e+00 1.0152235092e-02
     vertex 8.4966220156e-01 1.0500000000e+00 4.7941163335e-03
   endloop
 endfacet
 facet normal  0.0000000000e+00 1.0000000000e+00 0.0000000000e+00
   outer loop
     vertex 8.4947509193e-01 1.0500000000e+00 1.0152235092e-02
     vertex 8.7573263258e-01 1.0500000000e+00 9.6669207474e-03
     vertex 8.4966220156e-01 1.0500000000e+00 4.7941163335e-03
   endloop
 endfacet
 facet normal  0.0000000000e+00 1.0000000000e+00 0.0000000000e+00
   outer loop
     vertex 8.4966220156e-01 1.0500000000e+00 4.7941163335e-03
     vertex 8.7573263258e-01 1.0500000000e+00 9.6669207474e-03
     vertex 8.7587083428e-01 1.0500000000e+00 5.7093419552e-03
   endloop
 endfacet
 facet normal  0.0000000000e+00 1.0000000000e+00 0.0000000000e+00
   outer loop
     vertex 8.7573263258e-01 1.0500000000e+00 9.6669207474e-03
     vertex 8.9677620585e-01 1.0500000000e+00 9.1703869290e-03
     vertex 8.7587083428e-01 1.0500000000e+00 5.7093419552e-03
   endloop
 endfacet
 facet normal  0.0000000000e+00 1.0000000000e+00 0.0000000000e+00
   outer loop
     vertex 8.7587083428e-01 1.0500000000e+00 5.7093419552e-03
     vertex 8.9677620585e-01 1.0500000000e+00 9.1703869290e-03
     vertex 8.9687145878e-01 1.0500000000e+00 6.4426999225e-03
   endloop
 endfacet
 facet normal  0.0000000000e+00 1.0000000000e+00 0.0000000000e+00
   outer loop
     vertex 8.9677620585e-01 1.0500000000e+00 9.1703869290e-03
     vertex 9.1278852786e-01 1.0500000000e+00 8.7297520785e-03
     vertex 8.9687145878e-01 1.0500000000e+00 6.4426999225e-03
   endloop
 endfacet
 facet normal  0.0000000000e+00 1.0000000000e+00 0.0000000000e+00
   outer loop
     vertex 8.9687145878e-01 1.0500000000e+00 6.4426999225e-03
     vertex 9.1278852786e-01 1.0500000000e+00 8.7297520785e-03
     vertex 9.1284890962e-01 1.0500000000e+00 7.0006448003e-03
   endloop
 endfacet
 facet normal  0.0000000000e+00 1.0000000000e+00 0.0000000000e+00
   outer loop
     vertex 9.1278852786e-01 1.0500000000e+00 8.7297520785e-03
     vertex 9.2449798101e-01 1.0500000000e+00 8.3721453478e-03
     vertex 9.1284890962e-01 1.0500000000e+00 7.0006448003e-03
   endloop
 endfacet
 facet normal  0.0000000000e+00 1.0000000000e+00 0.0000000000e+00
   outer loop
     vertex 9.1284890962e-01 1.0500000000e+00 7.0006448003e-03
     vertex 9.2449798101e-01 1.0500000000e+00 8.3721453478e-03
     vertex 9.2453162825e-01 1.0500000000e+00 7.4086143249e-03
   endloop
 endfacet
 facet normal  0.0000000000e+00 1.0000000000e+00 0.0000000000e+00
   outer loop
     vertex 9.2449798101e-01 1.0500000000e+00 8.3721453478e-03
     vertex 9.3281451134e-01 1.0500000000e+00 8.0992473462e-03
     vertex 9.2453162825e-01 1.0500000000e+00 7.4086143249e-03
   endloop
 endfacet
 facet normal  0.0000000000e+00 1.0000000000e+00 0.0000000000e+00
   outer loop
     vertex 9.2453162825e-01 1.0500000000e+00 7.4086143249e-03
     vertex 9.3281451134e-01 1.0500000000e+00 8.0992473462e-03
     vertex 9.3282851105e-01 1.0500000000e+00 7.6983478567e-03
   endloop
 endfacet
 facet normal  0.0000000000e+00 1.0000000000e+00 0.0000000000e+00
   outer loop
     vertex 9.3281451134e-01 1.0500000000e+00 8.0992473462e-03
     vertex 9.3859967175e-01 1.0500000000e+00 7.8998812290e-03
     vertex 9.3282851105e-01 1.0500000000e+00 7.6983478567e-03
   endloop
 endfacet
 facet normal  1.0293949385e-01 1.9450027447e-02 -9.9449743943e-01
   outer loop
     vertex 5.5958274093e-01 0.0000000000e+00 -1.0796277719e-02
     vertex 6.3538612709e-01 -2.1000000000e-01 -7.0570459292e-03
     vertex 5.5165738845e-01 0.0000000000e+00 -1.1616623494e-02
   endloop
 endfacet
 facet normal  1.1365427561e-01 2.3749478350e-02 -9.9323646123e-01
   outer loop
     vertex 6.3538612709e-01 -2.1000000000e-01 -7.0570459292e-03
     vertex 6.2789721286e-01 -2.1000000000e-01 -7.9139890200e-03
     vertex 5.5165738845e-01 0.0000000000e+00 -1.1616623494e-02
   endloop
 endfacet
 facet normal  9.9712282088e-02 1.8659585983e-02 -9.9484133441e-01
   outer loop
     vertex 5.5165738845e-01 0.0000000000e+00 -1.1616623494e-02
     vertex 6.2789721286e-01 -2.1000000000e-01 -7.9139890200e-03
     vertex 5.4026485119e-01 0.0000000000e+00 -1.2758489890e-02
   endloop
 endfacet
 facet normal  1.1043112371e-01 2.3160842221e-02 -9.9361387989e-01
   outer loop
     vertex 6.2789721286e-01 -2.1000000000e-01 -7.9139890200e-03
     vertex 6.1713166550e-01 -2.1000000000e-01 -9.1104814560e-03
     vertex 5.4026485119e-01 0.0000000000e+00 -1.2758489890e-02
   endloop
 endfacet
 facet normal  9.5252545078e-02 1.7575734817e-02 -9.9529796855e-01
   outer loop
     vertex 5.4026485119e-01 0.0000000000e+00 -1.2758489890e-02
     vertex 6.1713166550e-01 -2.1000000000e-01 -9.1104814560e-03
     vertex 5.2422573140e-01 0.0000000000e+00 -1.4293474416e-02
   endloop
 endfacet
 facet normal  1.0597686925e-01 2.2349412095e-02 -9.9411740100e-01
   outer loop
     vertex 6.1713166550e-01 -2.1000000000e-01 -9.1104814560e-03
     vertex 6.0197451975e-01 -2.1000000000e-01 -1.0726293484e-02
     vertex 5.2422573140e-01 0.0000000000e+00 -1.4293474416e-02
   endloop
 endfacet
 facet normal  8.9316181435e-02 1.6151276169e-02 -9.9587235930e-01
   outer loop
     vertex 5.2422573140e-01 0.0000000000e+00 -1.4293474416e-02
     vertex 6.0197451975e-01 -2.1000000000e-01 -1.0726293484e-02
     vertex 5.0229502774e-01 0.0000000000e+00 -1.6260359719e-02
   endloop
 endfacet
 facet normal  1.0004755742e-01 2.1274517193e-02 -9.9475518655e-01
   outer loop
     vertex 6.0197451975e-01 -2.1000000000e-01 -1.0726293484e-02
     vertex 5.8124841512e-01 -2.1000000000e-01 -1.2810822594e-02
     vertex 5.0229502774e-01 0.0000000000e+00 -1.6260359719e-02
   endloop
 endfacet
 facet normal  8.1592028513e-02 1.4306121489e-02 -9.9656313185e-01
   outer loop
     vertex 5.0229502774e-01 0.0000000000e+00 -1.6260359719e-02
     vertex 5.8124841512e-01 -2.1000000000e-01 -1.2810822594e-02
     vertex 4.7347738588e-01 0.0000000000e+00 -1.8619758518e-02
   endloop
 endfacet
 facet normal  9.2332165194e-02 1.9846475454e-02 -9.9553045593e-01
   outer loop
     vertex 5.8124841512e-01 -2.1000000000e-01 -1.2810822594e-02
     vertex 5.5401135624e-01 -2.1000000000e-01 -1.5336969941e-02
     vertex 4.7347738588e-01 0.0000000000e+00 -1.8619758518e-02
   endloop
 endfacet
 facet normal  7.1499406640e-02 1.1828450457e-02 -9.9737050418e-01
   outer loop
     vertex 4.7347738588e-01 0.0000000000e+00 -1.8619758518e-02
     vertex 5.5401135624e-01 -2.1000000000e-01 -1.5336969941e-02
     vertex 4.3752599415e-01 0.0000000000e+00 -2.1197038642e-02
   endloop
 endfacet
 facet normal  8.2250277710e-02 1.7817493961e-02 -9.9645242171e-01
   outer loop
     vertex 5.5401135624e-01 -2.1000000000e-01 -1.5336969941e-02
     vertex 5.2002807948e-01 -2.1000000000e-01 -1.8142055150e-02
     vertex 4.3752599415e-01 0.0000000000e+00 -2.1197038642e-02
   endloop
 endfacet
 facet normal  5.8078100665e-02 8.2944898875e-03 -9.9827758447e-01
   outer loop
     vertex 4.3752599415e-01 0.0000000000e+00 -2.1197038642e-02
     vertex 5.2002807948e-01 -2.1000000000e-01 -1.8142055150e-02
     vertex 3.9547076474e-01 0.0000000000e+00 -2.3643740727e-02
   endloop
 endfacet
 facet normal  6.8841775574e-02 1.4698614971e-02 -9.9751930340e-01
   outer loop
     vertex 5.2002807948e-01 -2.1000000000e-01 -1.8142055150e-02
     vertex 4.8026931224e-01 -2.1000000000e-01 -2.0885925993e-02
     vertex 3.9547076474e-01 0.0000000000e+00 -2.3643740727e-02
   endloop
 endfacet
 facet normal  3.9551107531e-02 2.8487180528e-03 -9.9921348805e-01
   outer loop
     vertex 3.9547076474e-01 0.0000000000e+00 -2.3643740727e-02
     vertex 4.8026931224e-01 -2.1000000000e-01 -2.0885925993e-02
     vertex 3.4982584483e-01 0.0000000000e+00 -2.5450468876e-02
   endloop
 endfacet
 facet normal  5.0328936226e-02 9.5549112617e-03 -9.9868698893e-01
   outer loop
     vertex 4.8026931224e-01 -2.1000000000e-01 -2.0885925993e-02
     vertex 4.3710820753e-01 -2.1000000000e-01 -2.3061034421e-02
     vertex 3.4982584483e-01 0.0000000000e+00 -2.5450468876e-02
   endloop
 endfacet
 facet normal  2.4356538661e-02 -1.2515594331e-03 -9.9970255207e-01
   outer loop
     vertex 3.4982584483e-01 0.0000000000e+00 -2.5450468876e-02
     vertex 4.3710820753e-01 -2.1000000000e-01 -2.3061034421e-02
     vertex 3.9390590450e-01 -2.1000000000e-01 -2.4113606070e-02
   endloop
 endfacet
 facet normal  1.3567545158e-02 -3.5174918330e-03 -9.9990176966e-01
   outer loop
     vertex 3.4982584483e-01 0.0000000000e+00 -2.5450468876e-02
     vertex 3.9390590450e-01 -2.1000000000e-01 -2.4113606070e-02
     vertex 3.0415018325e-01 0.0000000000e+00 -2.6070236357e-02
   endloop
 endfacet
 facet normal  -1.1308548541e-02 -1.4149124878e-02 -9.9983594604e-01
   outer loop
     vertex 3.0415018325e-01 0.0000000000e+00 -2.6070236357e-02
     vertex 3.9390590450e-01 -2.1000000000e-01 -2.4113606070e-02
     vertex 3.5405738431e-01 -2.1000000000e-01 -2.3662903206e-02
   endloop
 endfacet
 facet normal  -2.2095958271e-02 -1.6710269688e-02 -9.9961619410e-01
   outer loop
     vertex 3.0415018325e-01 0.0000000000e+00 -2.6070236357e-02
     vertex 3.5405738431e-01 -2.1000000000e-01 -2.3662903206e-02
     vertex 2.6203652522e-01 0.0000000000e+00 -2.5139337442e-02
   endloop
 endfacet
 facet normal  -5.8275313408e-02 -3.2550884705e-02 -9.9776972682e-01
   outer loop
     vertex 2.6203652522e-01 0.0000000000e+00 -2.5139337442e-02
     vertex 3.5405738431e-01 -2.1000000000e-01 -2.3662903206e-02
     vertex 3.2002021754e-01 -2.1000000000e-01 -2.1674942951e-02
   endloop
 endfacet
 facet normal  -6.9031611473e-02 -3.5507847247e-02 -9.9698236163e-01
   outer loop
     vertex 2.6203652522e-01 0.0000000000e+00 -2.5139337442e-02
     vertex 3.2002021754e-01 -2.1000000000e-01 -2.1674942951e-02
     vertex 2.2608284342e-01 0.0000000000e+00 -2.2649884581e-02
   endloop
 endfacet
 facet normal  -1.1840514692e-01 -5.7567255102e-02 -9.9129522965e-01
   outer loop
     vertex 2.2608284342e-01 0.0000000000e+00 -2.2649884581e-02
     vertex 3.2002021754e-01 -2.1000000000e-01 -2.1674942951e-02
     vertex 2.9286433643e-01 -2.1000000000e-01 -1.8431311793e-02
   endloop
 endfacet
 facet normal  -1.2906924363e-01 -6.0927714770e-02 -9.8976206430e-01
   outer loop
     vertex 2.2608284342e-01 0.0000000000e+00 -2.2649884581e-02
     vertex 2.9286433643e-01 -2.1000000000e-01 -1.8431311793e-02
     vertex 1.9741681522e-01 0.0000000000e+00 -1.8911710819e-02
   endloop
 endfacet
 facet normal  -1.9676601165e-01 -9.1665583181e-02 -9.7615601085e-01
   outer loop
     vertex 1.9741681522e-01 0.0000000000e+00 -1.8911710819e-02
     vertex 2.9286433643e-01 -2.1000000000e-01 -1.8431311793e-02
     vertex 2.7245159057e-01 -2.1000000000e-01 -1.4316667674e-02
   endloop
 endfacet
 facet normal  -2.0721605313e-01 -9.5344374382e-02 -9.7363800131e-01
   outer loop
     vertex 1.9741681522e-01 0.0000000000e+00 -1.8911710819e-02
     vertex 2.7245159057e-01 -2.1000000000e-01 -1.4316667674e-02
     vertex 1.7588803194e-01 0.0000000000e+00 -1.4329813345e-02
   endloop
 endfacet
 facet normal  -3.0783754232e-01 -1.4161074551e-01 -9.4084134916e-01
   outer loop
     vertex 1.7588803194e-01 0.0000000000e+00 -1.4329813345e-02
     vertex 2.7245159057e-01 -2.1000000000e-01 -1.4316667674e-02
     vertex 2.5797746002e-01 -2.1000000000e-01 -9.5808205746e-03
   endloop
 endfacet
 facet normal  -3.1779477163e-01 -1.4541487417e-01 -9.3694236615e-01
   outer loop
     vertex 1.7588803194e-01 0.0000000000e+00 -1.4329813345e-02
     vertex 2.5797746002e-01 -2.1000000000e-01 -9.5808205746e-03
     vertex 1.6064328858e-01 0.0000000000e+00 -9.1590580153e-03
   endloop
 endfacet
 facet normal  -4.9409051254e-01 -2.2732362913e-01 -8.3916537885e-01
   outer loop
     vertex 1.6064328858e-01 0.0000000000e+00 -9.1590580153e-03
     vertex 2.5797746002e-01 -2.1000000000e-01 -9.5808205746e-03
     vertex 2.4868235717e-01 -2.1000000000e-01 -4.1079754740e-03
   endloop
 endfacet
 facet normal  -5.0269610908e-01 -2.3078519549e-01 -8.3308751969e-01
   outer loop
     vertex 1.6064328858e-01 0.0000000000e+00 -9.1590580153e-03
     vertex 2.4868235717e-01 -2.1000000000e-01 -4.1079754740e-03
     vertex 1.5088104253e-01 0.0000000000e+00 -3.2683886805e-03
   endloop
 endfacet
 facet normal  -8.1878000484e-01 -3.7960071779e-01 -4.3070012621e-01
   outer loop
     vertex 1.5088104253e-01 0.0000000000e+00 -3.2683886805e-03
     vertex 2.4868235717e-01 -2.1000000000e-01 -4.1079754740e-03
     vertex 2.4528405434e-01 -2.1000000000e-01 2.3523486431e-03
   endloop
 endfacet
 facet normal  -8.2280692587e-01 -3.8116596602e-01 -4.2154628345e-01
   outer loop
     vertex 1.5088104253e-01 0.0000000000e+00 -3.2683886805e-03
     vertex 2.4528405434e-01 -2.1000000000e-01 2.3523486431e-03
     vertex 1.4736281658e-01 0.0000000000e+00 3.5987592396e-03
   endloop
 endfacet
 facet normal  -7.9418508493e-01 -3.7316840027e-01 4.7959920342e-01
   outer loop
     vertex 1.4736281658e-01 0.0000000000e+00 3.5987592396e-03
     vertex 2.4528405434e-01 -2.1000000000e-01 2.3523486431e-03
     vertex 1.5135150033e-01 0.0000000000e+00 1.0203760096e-02
   endloop
 endfacet
 facet normal  -7.9872473634e-01 -3.7486454358e-01 4.7065419314e-01
   outer loop
     vertex 2.4528405434e-01 -2.1000000000e-01 2.3523486431e-03
     vertex 2.4898987449e-01 -2.1000000000e-01 8.6413188994e-03
     vertex 1.5135150033e-01 0.0000000000e+00 1.0203760096e-02
   endloop
 endfacet
 facet normal  -4.4515840314e-01 -2.1344431283e-01 8.6964103022e-01
   outer loop
     vertex 1.5135150033e-01 0.0000000000e+00 1.0203760096e-02
     vertex 2.4898987449e-01 -2.1000000000e-01 8.6413188994e-03
     vertex 1.6150087836e-01 0.0000000000e+00 1.5399100196e-02
   endloop
 endfacet
 facet normal  -4.5415071326e-01 -2.1701203155e-01 8.6409079836e-01
   outer loop
     vertex 2.4898987449e-01 -2.1000000000e-01 8.6413188994e-03
     vertex 2.5853802827e-01 -2.1000000000e-01 1.3659658246e-02
     vertex 1.6150087836e-01 0.0000000000e+00 1.5399100196e-02
   endloop
 endfacet
 facet normal  -2.5238523341e-01 -1.2457080191e-01 9.5957480650e-01
   outer loop
     vertex 1.6150087836e-01 0.0000000000e+00 1.5399100196e-02
     vertex 2.5853802827e-01 -2.1000000000e-01 1.3659658246e-02
     vertex 1.7706917995e-01 0.0000000000e+00 1.9493840286e-02
   endloop
 endfacet
 facet normal  -2.6259434479e-01 -1.2844095875e-01 9.5631957535e-01
   outer loop
     vertex 2.5853802827e-01 -2.1000000000e-01 1.3659658246e-02
     vertex 2.7322365442e-01 -2.1000000000e-01 1.7692162103e-02
     vertex 1.7706917995e-01 0.0000000000e+00 1.9493840286e-02
   endloop
 endfacet
 facet normal  -1.3906555465e-01 -7.2148596958e-02 9.8765143217e-01
   outer loop
     vertex 1.7706917995e-01 0.0000000000e+00 1.9493840286e-02
     vertex 2.7322365442e-01 -2.1000000000e-01 1.7692162103e-02
     vertex 1.9886513720e-01 0.0000000000e+00 2.2562804483e-02
   endloop
 endfacet
 facet normal  -1.4967355214e-01 -7.5862305665e-02 9.8582084497e-01
   outer loop
     vertex 2.7322365442e-01 -2.1000000000e-01 1.7692162103e-02
     vertex 2.9381104001e-01 -2.1000000000e-01 2.0817869118e-02
     vertex 1.9886513720e-01 0.0000000000e+00 2.2562804483e-02
   endloop
 endfacet
 facet normal  -5.9786340892e-02 -3.5319959216e-02 9.9758613359e-01
   outer loop
     vertex 1.9886513720e-01 0.0000000000e+00 2.2562804483e-02
     vertex 2.9381104001e-01 -2.1000000000e-01 2.0817869118e-02
     vertex 2.2772209823e-01 0.0000000000e+00 2.4292231197e-02
   endloop
 endfacet
 facet normal  -7.0538714733e-02 -3.8690136638e-02 9.9675842763e-01
   outer loop
     vertex 2.9381104001e-01 -2.1000000000e-01 2.0817869118e-02
     vertex 3.2109172541e-01 -2.1000000000e-01 2.2748471791e-02
     vertex 2.2772209823e-01 0.0000000000e+00 2.4292231197e-02
   endloop
 endfacet
 facet normal  6.8293370576e-04 -7.0474068739e-03 9.9997493351e-01
   outer loop
     vertex 2.2772209823e-01 0.0000000000e+00 2.4292231197e-02
     vertex 3.2109172541e-01 -2.1000000000e-01 2.2748471791e-02
     vertex 2.6376185411e-01 0.0000000000e+00 2.4267617816e-02
   endloop
 endfacet
 facet normal  -1.0107293724e-02 -9.9925829739e-03 9.9989899035e-01
   outer loop
     vertex 3.2109172541e-01 -2.1000000000e-01 2.2748471791e-02
     vertex 3.5518515497e-01 -2.1000000000e-01 2.3093098909e-02
     vertex 2.6376185411e-01 0.0000000000e+00 2.4267617816e-02
   endloop
 endfacet
 facet normal  4.7688734473e-02 1.5175306326e-02 9.9874696229e-01
   outer loop
     vertex 2.6376185411e-01 0.0000000000e+00 2.4267617816e-02
     vertex 3.5518515497e-01 -2.1000000000e-01 2.3093098909e-02
     vertex 3.0583786162e-01 0.0000000000e+00 2.2258548827e-02
   endloop
 endfacet
 facet normal  3.6910066966e-02 1.2644412150e-02 9.9923859303e-01
   outer loop
     vertex 3.5518515497e-01 -2.1000000000e-01 2.3093098909e-02
     vertex 3.9500906469e-01 -2.1000000000e-01 2.1622075687e-02
     vertex 3.0583786162e-01 0.0000000000e+00 2.2258548827e-02
   endloop
 endfacet
 facet normal  8.3241101628e-02 3.2327518009e-02 9.9600494506e-01
   outer loop
     vertex 3.0583786162e-01 0.0000000000e+00 2.2258548827e-02
     vertex 3.9500906469e-01 -2.1000000000e-01 2.1622075687e-02
     vertex 3.5135902679e-01 0.0000000000e+00 1.8454117981e-02
   endloop
 endfacet
 facet normal  7.2493682117e-02 3.0107306958e-02 9.9691434743e-01
   outer loop
     vertex 3.9500906469e-01 -2.1000000000e-01 2.1622075687e-02
     vertex 4.3811038029e-01 -2.1000000000e-01 1.8487831426e-02
     vertex 3.5135902679e-01 0.0000000000e+00 1.8454117981e-02
   endloop
 endfacet
 facet normal  9.8342333421e-02 4.0785011270e-02 9.9431653326e-01
   outer loop
     vertex 3.5135902679e-01 0.0000000000e+00 1.8454117981e-02
     vertex 4.3811038029e-01 -2.1000000000e-01 1.8487831426e-02
     vertex 4.8111642504e-01 -2.1000000000e-01 1.4234342069e-02
   endloop
 endfacet
 facet normal  1.0903401999e-01 4.7419659935e-02 9.9290631901e-01
   outer loop
     vertex 3.5135902679e-01 0.0000000000e+00 1.8454117981e-02
     vertex 4.8111642504e-01 -2.1000000000e-01 1.4234342069e-02
     vertex 3.9676672698e-01 0.0000000000e+00 1.3467762274e-02
   endloop
 endfacet
 facet normal  1.1671824368e-01 5.0502399730e-02 9.9188021415e-01
   outer loop
     vertex 3.9676672698e-01 0.0000000000e+00 1.3467762274e-02
     vertex 4.8111642504e-01 -2.1000000000e-01 1.4234342069e-02
     vertex 5.2069666738e-01 -2.1000000000e-01 9.5767873509e-03
   endloop
 endfacet
 facet normal  1.2737123035e-01 5.6819825619e-02 9.9022627570e-01
   outer loop
     vertex 3.9676672698e-01 0.0000000000e+00 1.3467762274e-02
     vertex 5.2069666738e-01 -2.1000000000e-01 9.5767873509e-03
     vertex 4.3854883865e-01 0.0000000000e+00 8.0933957262e-03
   endloop
 endfacet
 facet normal  1.2999885431e-01 5.7844868033e-02 9.8982537304e-01
   outer loop
     vertex 4.3854883865e-01 0.0000000000e+00 8.0933957262e-03
     vertex 5.2069666738e-01 -2.1000000000e-01 9.5767873509e-03
     vertex 5.5450518428e-01 -2.1000000000e-01 5.1365410392e-03
   endloop
 endfacet
 facet normal  1.4062164906e-01 6.3736053706e-02 9.8800975060e-01
   outer loop
     vertex 4.3854883865e-01 0.0000000000e+00 8.0933957262e-03
     vertex 5.5450518428e-01 -2.1000000000e-01 5.1365410392e-03
     vertex 4.7423287263e-01 0.0000000000e+00 3.0145514141e-03
   endloop
 endfacet
 facet normal  1.3996662863e-01 6.3486774695e-02 9.8811880475e-01
   outer loop
     vertex 4.7423287263e-01 0.0000000000e+00 3.0145514141e-03
     vertex 5.5450518428e-01 -2.1000000000e-01 5.1365410392e-03
     vertex 5.8158877684e-01 -2.1000000000e-01 1.3001611185e-03
   endloop
 endfacet
 facet normal  1.5056656341e-01 6.8921368148e-02 9.8619448132e-01
   outer loop
     vertex 4.7423287263e-01 0.0000000000e+00 3.0145514141e-03
     vertex 5.8158877684e-01 -2.1000000000e-01 1.3001611185e-03
     vertex 5.0281573282e-01 0.0000000000e+00 -1.3493170858e-03
   endloop
 endfacet
 facet normal  1.4758397793e-01 6.7809230436e-02 9.8672229007e-01
   outer loop
     vertex 5.0281573282e-01 0.0000000000e+00 -1.3493170858e-03
     vertex 5.8158877684e-01 -2.1000000000e-01 1.3001611185e-03
     vertex 6.0219027835e-01 -2.1000000000e-01 -1.7812038967e-03
   endloop
 endfacet
 facet normal  1.5816679255e-01 7.2821257357e-02 9.8472347906e-01
   outer loop
     vertex 5.0281573282e-01 0.0000000000e+00 -1.3493170858e-03
     vertex 6.0219027835e-01 -2.1000000000e-01 -1.7812038967e-03
     vertex 5.2455581141e-01 0.0000000000e+00 -4.8412197101e-03
   endloop
 endfacet
 facet normal  1.5343195225e-01 7.1083604391e-02 9.8559918690e-01
   outer loop
     vertex 5.2455581141e-01 0.0000000000e+00 -4.8412197101e-03
     vertex 6.0219027835e-01 -2.1000000000e-01 -1.7812038967e-03
     vertex 6.1725189523e-01 -2.1000000000e-01 -4.1259027495e-03
   endloop
 endfacet
 facet normal  1.6400193185e-01 7.5742311026e-02 9.8354789851e-01
   outer loop
     vertex 5.2455581141e-01 0.0000000000e+00 -4.8412197101e-03
     vertex 6.1725189523e-01 -2.1000000000e-01 -4.1259027495e-03
     vertex 5.4044878560e-01 0.0000000000e+00 -7.4912975296e-03
   endloop
 endfacet
 facet normal  1.5782184829e-01 7.3500991768e-02 9.8472832213e-01
   outer loop
     vertex 5.4044878560e-01 0.0000000000e+00 -7.4912975296e-03
     vertex 6.1725189523e-01 -2.1000000000e-01 -4.1259027495e-03
     vertex 6.2794723723e-01 -2.1000000000e-01 -5.8400391302e-03
   endloop
 endfacet
 facet normal  1.6838237556e-01 7.7884712752e-02 9.8263998856e-01
   outer loop
     vertex 5.4044878560e-01 0.0000000000e+00 -7.4912975296e-03
     vertex 6.2794723723e-01 -2.1000000000e-01 -5.8400391302e-03
     vertex 5.5173391864e-01 0.0000000000e+00 -9.4250856217e-03
   endloop
 endfacet
 facet normal  1.6099667352e-01 7.5228935697e-02 9.8408367447e-01
   outer loop
     vertex 5.5173391864e-01 0.0000000000e+00 -9.4250856217e-03
     vertex 6.2794723723e-01 -2.1000000000e-01 -5.8400391302e-03
     vertex 6.3538612709e-01 -2.1000000000e-01 -7.0570459292e-03
   endloop
 endfacet
 facet normal  1.7155047388e-01 7.9409139938e-02 9.8196976705e-01
   outer loop
     vertex 5.5173391864e-01 0.0000000000e+00 -9.4250856217e-03
     vertex 6.3538612709e-01 -2.1000000000e-01 -7.0570459292e-03
     vertex 5.5958274093e-01 0.0000000000e+00 -1.0796277719e-02
   endloop
 endfacet
 facet normal  1.1365537090e-01 2.3340403945e-02 -9.9324603307e-01
   outer loop
     vertex 6.3538612709e-01 -2.1000000000e-01 -7.0570459292e-03
     vertex 7.1118951326e-01 -4.2000000000e-01 -3.3178141396e-03
     vertex 6.2789721286e-01 -2.1000000000e-01 -7.9139890200e-03
   endloop
 endfacet
 facet normal  1.2564424207e-01 2.8129902122e-02 -9.9167647600e-01
   outer loop
     vertex 7.1118951326e-01 -4.2000000000e-01 -3.3178141396e-03
     vertex 7.0413703726e-01 -4.2000000000e-01 -4.2113545455e-03
     vertex 6.2789721286e-01 -2.1000000000e-01 -7.9139890200e-03
   endloop
 endfacet
 facet normal  1.1043260899e-01 2.2572972527e-02 -9.9362724388e-01
   outer loop
     vertex 6.2789721286e-01 -2.1000000000e-01 -7.9139890200e-03
     vertex 7.0413703726e-01 -4.2000000000e-01 -4.2113545455e-03
     vertex 6.1713166550e-01 -2.1000000000e-01 -9.1104814560e-03
   endloop
 endfacet
 facet normal  1.2242644900e-01 2.7577916773e-02 -9.9209436199e-01
   outer loop
     vertex 7.0413703726e-01 -4.2000000000e-01 -4.2113545455e-03
     vertex 6.9399847981e-01 -4.2000000000e-01 -5.4624730222e-03
     vertex 6.1713166550e-01 -2.1000000000e-01 -9.1104814560e-03
   endloop
 endfacet
 facet normal  1.0597879347e-01 2.1522084420e-02 -9.9413545114e-01
   outer loop
     vertex 6.1713166550e-01 -2.1000000000e-01 -9.1104814560e-03
     vertex 6.9399847981e-01 -4.2000000000e-01 -5.4624730222e-03
     vertex 6.0197451975e-01 -2.1000000000e-01 -1.0726293484e-02
   endloop
 endfacet
 facet normal  1.1797936955e-01 2.6817986429e-02 -9.9265384901e-01
   outer loop
     vertex 6.9399847981e-01 -4.2000000000e-01 -5.4624730222e-03
     vertex 6.7972330809e-01 -4.2000000000e-01 -7.1591125520e-03
     vertex 6.0197451975e-01 -2.1000000000e-01 -1.0726293484e-02
   endloop
 endfacet
 facet normal  1.0004990114e-01 2.0143827274e-02 -9.9477848967e-01
   outer loop
     vertex 6.0197451975e-01 -2.1000000000e-01 -1.0726293484e-02
     vertex 6.7972330809e-01 -4.2000000000e-01 -7.1591125520e-03
     vertex 5.8124841512e-01 -2.1000000000e-01 -1.2810822594e-02
   endloop
 endfacet
 facet normal  1.1205919198e-01 2.5813329543e-02 -9.9336620111e-01
   outer loop
     vertex 6.7972330809e-01 -4.2000000000e-01 -7.1591125520e-03
     vertex 6.6020180250e-01 -4.2000000000e-01 -9.3612854679e-03
     vertex 5.8124841512e-01 -2.1000000000e-01 -1.2810822594e-02
   endloop
 endfacet
 facet normal  9.2334785456e-02 1.8361558864e-02 -9.9555870774e-01
   outer loop
     vertex 5.8124841512e-01 -2.1000000000e-01 -1.2810822594e-02
     vertex 6.6020180250e-01 -4.2000000000e-01 -9.3612854679e-03
     vertex 5.5401135624e-01 -2.1000000000e-01 -1.5336969941e-02
   endloop
 endfacet
 facet normal  1.0435500683e-01 2.4477367077e-02 -9.9423885010e-01
   outer loop
     vertex 6.6020180250e-01 -4.2000000000e-01 -9.3612854679e-03
     vertex 6.3454532659e-01 -4.2000000000e-01 -1.2054181363e-02
     vertex 5.5401135624e-01 -2.1000000000e-01 -1.5336969941e-02
   endloop
 endfacet
 facet normal  8.2252850588e-02 1.5966207990e-02 -9.9648359182e-01
   outer loop
     vertex 5.5401135624e-01 -2.1000000000e-01 -1.5336969941e-02
     vertex 6.3454532659e-01 -4.2000000000e-01 -1.2054181363e-02
     vertex 5.2002807948e-01 -2.1000000000e-01 -1.8142055150e-02
   endloop
 endfacet
 facet normal  9.4286684780e-02 2.2563121543e-02 -9.9528936828e-01
   outer loop
     vertex 6.3454532659e-01 -4.2000000000e-01 -1.2054181363e-02
     vertex 6.0253016482e-01 -4.2000000000e-01 -1.5087071659e-02
     vertex 5.2002807948e-01 -2.1000000000e-01 -1.8142055150e-02
   endloop
 endfacet
 facet normal  6.8843804525e-02 1.2534583885e-02 -9.9754870296e-01
   outer loop
     vertex 5.2002807948e-01 -2.1000000000e-01 -1.8142055150e-02
     vertex 6.0253016482e-01 -4.2000000000e-01 -1.5087071659e-02
     vertex 4.8026931224e-01 -2.1000000000e-01 -2.0885925993e-02
   endloop
 endfacet
 facet normal  8.0894337128e-02 1.9578457790e-02 -9.9653037596e-01
   outer loop
     vertex 6.0253016482e-01 -4.2000000000e-01 -1.5087071659e-02
     vertex 5.6506785974e-01 -4.2000000000e-01 -1.8128111259e-02
     vertex 4.8026931224e-01 -2.1000000000e-01 -2.0885925993e-02
   endloop
 endfacet
 facet normal  5.0329926344e-02 7.2078894006e-03 -9.9870663603e-01
   outer loop
     vertex 4.8026931224e-01 -2.1000000000e-01 -2.0885925993e-02
     vertex 5.6506785974e-01 -4.2000000000e-01 -1.8128111259e-02
     vertex 4.3710820753e-01 -2.1000000000e-01 -2.3061034421e-02
   endloop
 endfacet
 facet normal  6.2399956969e-02 1.4580438991e-02 -9.9794471599e-01
   outer loop
     vertex 5.6506785974e-01 -4.2000000000e-01 -1.8128111259e-02
     vertex 5.2439057023e-01 -4.2000000000e-01 -2.0671599966e-02
     vertex 4.3710820753e-01 -2.1000000000e-01 -2.3061034421e-02
   endloop
 endfacet
 facet normal  3.6445295193e-02 3.7771499859e-03 -9.9932851135e-01
   outer loop
     vertex 4.3710820753e-01 -2.1000000000e-01 -2.3061034421e-02
     vertex 5.2439057023e-01 -4.2000000000e-01 -2.0671599966e-02
     vertex 4.8366162575e-01 -4.2000000000e-01 -2.2156975784e-02
   endloop
 endfacet
 facet normal  2.4356543117e-02 1.0956687893e-03 -9.9970273498e-01
   outer loop
     vertex 4.3710820753e-01 -2.1000000000e-01 -2.3061034421e-02
     vertex 4.8366162575e-01 -4.2000000000e-01 -2.2156975784e-02
     vertex 3.9390590450e-01 -2.1000000000e-01 -2.4113606070e-02
   endloop
 endfacet
 facet normal  7.8470817626e-04 -8.9815176948e-03 -9.9995935746e-01
   outer loop
     vertex 3.9390590450e-01 -2.1000000000e-01 -2.4113606070e-02
     vertex 4.8366162575e-01 -4.2000000000e-01 -2.2156975784e-02
     vertex 4.4607824340e-01 -4.2000000000e-01 -2.2186468970e-02
   endloop
 endfacet
 facet normal  -1.1308868369e-02 -1.1985169302e-02 -9.9986422339e-01
   outer loop
     vertex 3.9390590450e-01 -2.1000000000e-01 -2.4113606070e-02
     vertex 4.4607824340e-01 -4.2000000000e-01 -2.2186468970e-02
     vertex 3.5405738431e-01 -2.1000000000e-01 -2.3662903206e-02
   endloop
 endfacet
 facet normal  -4.6210963399e-02 -2.7269904066e-02 -9.9855941195e-01
   outer loop
     vertex 3.5405738431e-01 -2.1000000000e-01 -2.3662903206e-02
     vertex 4.4607824340e-01 -4.2000000000e-01 -2.2186468970e-02
     vertex 4.1395759167e-01 -4.2000000000e-01 -2.0700001321e-02
   endloop
 endfacet
 facet normal  -5.8278724880e-02 -3.0701783679e-02 -9.9782813686e-01
   outer loop
     vertex 3.5405738431e-01 -2.1000000000e-01 -2.3662903206e-02
     vertex 4.1395759167e-01 -4.2000000000e-01 -2.0700001321e-02
     vertex 3.2002021754e-01 -2.1000000000e-01 -2.1674942951e-02
   endloop
 endfacet
 facet normal  -1.0643872004e-01 -5.2222091366e-02 -9.9294695329e-01
   outer loop
     vertex 3.2002021754e-01 -2.1000000000e-01 -2.1674942951e-02
     vertex 4.1395759167e-01 -4.2000000000e-01 -2.0700001321e-02
     vertex 3.8831185764e-01 -4.2000000000e-01 -1.7950912766e-02
   endloop
 endfacet
 facet normal  -1.1841512645e-01 -5.6088989017e-02 -9.9137877884e-01
   outer loop
     vertex 3.2002021754e-01 -2.1000000000e-01 -2.1674942951e-02
     vertex 3.8831185764e-01 -4.2000000000e-01 -1.7950912766e-02
     vertex 2.9286433643e-01 -2.1000000000e-01 -1.8431311793e-02
   endloop
 endfacet
 facet normal  -1.8503402219e-01 -8.6339603540e-02 -9.7893201168e-01
   outer loop
     vertex 2.9286433643e-01 -2.1000000000e-01 -1.8431311793e-02
     vertex 3.8831185764e-01 -4.2000000000e-01 -1.7950912766e-02
     vertex 3.6901514920e-01 -4.2000000000e-01 -1.4303522003e-02
   endloop
 endfacet
 facet normal  -1.9678620389e-01 -9.0548617521e-02 -9.7625618453e-01
   outer loop
     vertex 2.9286433643e-01 -2.1000000000e-01 -1.8431311793e-02
     vertex 3.6901514920e-01 -4.2000000000e-01 -1.4303522003e-02
     vertex 2.7245159057e-01 -2.1000000000e-01 -1.4316667674e-02
   endloop
 endfacet
 facet normal  -2.9665237945e-01 -1.3646778344e-01 -9.4518459036e-01
   outer loop
     vertex 2.7245159057e-01 -2.1000000000e-01 -1.4316667674e-02
     vertex 3.6901514920e-01 -4.2000000000e-01 -1.4303522003e-02
     vertex 3.5531163147e-01 -4.2000000000e-01 -1.0002583134e-02
   endloop
 endfacet
 facet normal  -3.0787314101e-01 -1.4080818831e-01 -9.4095014913e-01
   outer loop
     vertex 2.7245159057e-01 -2.1000000000e-01 -1.4316667674e-02
     vertex 3.5531163147e-01 -4.2000000000e-01 -1.0002583134e-02
     vertex 2.5797746002e-01 -2.1000000000e-01 -9.5808205746e-03
   endloop
 endfacet
 facet normal  -4.8442122076e-01 -2.2282826234e-01 -8.4598087826e-01
   outer loop
     vertex 2.5797746002e-01 -2.1000000000e-01 -9.5808205746e-03
     vertex 3.5531163147e-01 -4.2000000000e-01 -1.0002583134e-02
     vertex 3.4648367181e-01 -4.2000000000e-01 -4.9475622676e-03
   endloop
 endfacet
 facet normal  -4.9415452630e-01 -2.2678247075e-01 -8.3927410010e-01
   outer loop
     vertex 2.5797746002e-01 -2.1000000000e-01 -9.5808205746e-03
     vertex 3.4648367181e-01 -4.2000000000e-01 -4.9475622676e-03
     vertex 2.4868235717e-01 -2.1000000000e-01 -4.1079754740e-03
   endloop
 endfacet
 facet normal  -8.1427959219e-01 -3.7746365408e-01 -4.4098745513e-01
   outer loop
     vertex 2.4868235717e-01 -2.1000000000e-01 -4.1079754740e-03
     vertex 3.4648367181e-01 -4.2000000000e-01 -4.9475622676e-03
     vertex 3.4320529210e-01 -4.2000000000e-01 1.1059380465e-03
   endloop
 endfacet
 facet normal  -8.1889397908e-01 -3.7928670523e-01 -4.3076007970e-01
   outer loop
     vertex 2.4868235717e-01 -2.1000000000e-01 -4.1079754740e-03
     vertex 3.4320529210e-01 -4.2000000000e-01 1.1059380465e-03
     vertex 2.4528405434e-01 -2.1000000000e-01 2.3523486431e-03
   endloop
 endfacet
 facet normal  -7.9861465065e-01 -3.7518039336e-01 4.7058932437e-01
   outer loop
     vertex 2.4528405434e-01 -2.1000000000e-01 2.3523486431e-03
     vertex 3.4320529210e-01 -4.2000000000e-01 1.1059380465e-03
     vertex 2.4898987449e-01 -2.1000000000e-01 8.6413188994e-03
   endloop
 endfacet
 facet normal  -8.0358900347e-01 -3.7705074823e-01 4.6051867145e-01
   outer loop
     vertex 3.4320529210e-01 -4.2000000000e-01 1.1059380465e-03
     vertex 3.4662824864e-01 -4.2000000000e-01 7.0788777029e-03
     vertex 2.4898987449e-01 -2.1000000000e-01 8.6413188994e-03
   endloop
 endfacet
 facet normal  -4.5409428397e-01 -2.1755690908e-01 8.6398343305e-01
   outer loop
     vertex 2.4898987449e-01 -2.1000000000e-01 8.6413188994e-03
     vertex 3.4662824864e-01 -4.2000000000e-01 7.0788777029e-03
     vertex 2.5853802827e-01 -2.1000000000e-01 1.3659658246e-02
   endloop
 endfacet
 facet normal  -4.6408294686e-01 -2.2154808824e-01 8.5763830549e-01
   outer loop
     vertex 3.4662824864e-01 -4.2000000000e-01 7.0788777029e-03
     vertex 3.5557517818e-01 -4.2000000000e-01 1.1920216296e-02
     vertex 2.5853802827e-01 -2.1000000000e-01 1.3659658246e-02
   endloop
 endfacet
 facet normal  -2.6256659309e-01 -1.2924762115e-01 9.5621850883e-01
   outer loop
     vertex 2.5853802827e-01 -2.1000000000e-01 1.3659658246e-02
     vertex 3.5557517818e-01 -4.2000000000e-01 1.1920216296e-02
     vertex 2.7322365442e-01 -2.1000000000e-01 1.7692162103e-02
   endloop
 endfacet
 facet normal  -2.7395244033e-01 -1.3360810766e-01 9.5241741585e-01
   outer loop
     vertex 3.5557517818e-01 -4.2000000000e-01 1.1920216296e-02
     vertex 3.6937812889e-01 -4.2000000000e-01 1.5890483921e-02
     vertex 2.7322365442e-01 -2.1000000000e-01 1.7692162103e-02
   endloop
 endfacet
 facet normal  -1.4966065339e-01 -7.6983430086e-02 9.8573588771e-01
   outer loop
     vertex 2.7322365442e-01 -2.1000000000e-01 1.7692162103e-02
     vertex 3.6937812889e-01 -4.2000000000e-01 1.5890483921e-02
     vertex 2.9381104001e-01 -2.1000000000e-01 2.0817869118e-02
   endloop
 endfacet
 facet normal  -1.6151737023e-01 -8.1198085461e-02 9.8352377197e-01
   outer loop
     vertex 3.6937812889e-01 -4.2000000000e-01 1.5890483921e-02
     vertex 3.8875694282e-01 -4.2000000000e-01 1.9072933753e-02
     vertex 2.9381104001e-01 -2.1000000000e-01 2.0817869118e-02
   endloop
 endfacet
 facet normal  -7.0534586385e-02 -4.0172129623e-02 9.9670009136e-01
   outer loop
     vertex 2.9381104001e-01 -2.1000000000e-01 2.0817869118e-02
     vertex 3.8875694282e-01 -4.2000000000e-01 1.9072933753e-02
     vertex 3.2109172541e-01 -2.1000000000e-01 2.2748471791e-02
   endloop
 endfacet
 facet normal  -8.2570443510e-02 -4.4031223847e-02 9.9561205958e-01
   outer loop
     vertex 3.8875694282e-01 -4.2000000000e-01 1.9072933753e-02
     vertex 4.1446135258e-01 -4.2000000000e-01 2.1204712386e-02
     vertex 3.2109172541e-01 -2.1000000000e-01 2.2748471791e-02
   endloop
 endfacet
 facet normal  -1.0107089374e-02 -1.1844130614e-02 9.9987877431e-01
   outer loop
     vertex 3.2109172541e-01 -2.1000000000e-01 2.2748471791e-02
     vertex 4.1446135258e-01 -4.2000000000e-01 2.1204712386e-02
     vertex 3.5518515497e-01 -2.1000000000e-01 2.3093098909e-02
   endloop
 endfacet
 facet normal  -2.2198224751e-02 -1.5254894138e-02 9.9963719770e-01
   outer loop
     vertex 4.1446135258e-01 -4.2000000000e-01 2.1204712386e-02
     vertex 4.4660845583e-01 -4.2000000000e-01 2.1918580001e-02
     vertex 3.5518515497e-01 -2.1000000000e-01 2.3093098909e-02
   endloop
 endfacet
 facet normal  3.6910990660e-02 1.0480336252e-02 9.9926359952e-01
   outer loop
     vertex 3.5518515497e-01 -2.1000000000e-01 2.3093098909e-02
     vertex 4.4660845583e-01 -4.2000000000e-01 2.1918580001e-02
     vertex 3.9500906469e-01 -2.1000000000e-01 2.1622075687e-02
   endloop
 endfacet
 facet normal  2.4823493600e-02 7.5108654108e-03 9.9966363396e-01
   outer loop
     vertex 4.4660845583e-01 -4.2000000000e-01 2.1918580001e-02
     vertex 4.8418026776e-01 -4.2000000000e-01 2.0985602546e-02
     vertex 3.9500906469e-01 -2.1000000000e-01 2.1622075687e-02
   endloop
 endfacet
 facet normal  7.2498603815e-02 2.7763025904e-02 9.9698202935e-01
   outer loop
     vertex 3.9500906469e-01 -2.1000000000e-01 2.1622075687e-02
     vertex 4.8418026776e-01 -4.2000000000e-01 2.0985602546e-02
     vertex 4.3811038029e-01 -2.1000000000e-01 1.8487831426e-02
   endloop
 endfacet
 facet normal  6.0439649552e-02 2.5127916910e-02 9.9785551888e-01
   outer loop
     vertex 4.8418026776e-01 -4.2000000000e-01 2.0985602546e-02
     vertex 5.2486173380e-01 -4.2000000000e-01 1.8521544870e-02
     vertex 4.3811038029e-01 -2.1000000000e-01 1.8487831426e-02
   endloop
 endfacet
 facet normal  8.6325947453e-02 3.5821231700e-02 9.9562275494e-01
   outer loop
     vertex 4.3811038029e-01 -2.1000000000e-01 1.8487831426e-02
     vertex 5.2486173380e-01 -4.2000000000e-01 1.8521544870e-02
     vertex 5.6546612310e-01 -4.2000000000e-01 1.5000921864e-02
   endloop
 endfacet
 facet normal  9.8332657563e-02 4.3126085448e-02 9.9421870291e-01
   outer loop
     vertex 4.3811038029e-01 -2.1000000000e-01 1.8487831426e-02
     vertex 5.6546612310e-01 -4.2000000000e-01 1.5000921864e-02
     vertex 4.8111642504e-01 -2.1000000000e-01 1.4234342069e-02
   endloop
 endfacet
 facet normal  1.0473781095e-01 4.5696004886e-02 9.9344947838e-01
   outer loop
     vertex 4.8111642504e-01 -2.1000000000e-01 1.4234342069e-02
     vertex 5.6546612310e-01 -4.2000000000e-01 1.5000921864e-02
     vertex 6.0284449611e-01 -4.2000000000e-01 1.1060178976e-02
   endloop
 endfacet
 facet normal  1.1670522984e-01 5.2658399917e-02 9.9176962156e-01
   outer loop
     vertex 4.8111642504e-01 -2.1000000000e-01 1.4234342069e-02
     vertex 6.0284449611e-01 -4.2000000000e-01 1.1060178976e-02
     vertex 5.2069666738e-01 -2.1000000000e-01 9.5767873509e-03
   endloop
 endfacet
 facet normal  1.1804867901e-01 5.3182609709e-02 9.9158263368e-01
   outer loop
     vertex 5.2069666738e-01 -2.1000000000e-01 9.5767873509e-03
     vertex 6.0284449611e-01 -4.2000000000e-01 1.1060178976e-02
     vertex 6.3477749593e-01 -4.2000000000e-01 7.2585306643e-03
   endloop
 endfacet
 facet normal  1.2998473051e-01 5.9687360812e-02 9.8971783292e-01
   outer loop
     vertex 5.2069666738e-01 -2.1000000000e-01 9.5767873509e-03
     vertex 6.3477749593e-01 -4.2000000000e-01 7.2585306643e-03
     vertex 5.5450518428e-01 -2.1000000000e-01 5.1365410392e-03
   endloop
 endfacet
 facet normal  1.2804142928e-01 5.8947542935e-02 9.9001544411e-01
   outer loop
     vertex 5.5450518428e-01 -2.1000000000e-01 5.1365410392e-03
     vertex 6.3477749593e-01 -4.2000000000e-01 7.2585306643e-03
     vertex 6.6036182086e-01 -4.2000000000e-01 3.9496393227e-03
   endloop
 endfacet
 facet normal  1.3995330106e-01 6.4963321413e-02 9.8802471649e-01
   outer loop
     vertex 5.5450518428e-01 -2.1000000000e-01 5.1365410392e-03
     vertex 6.6036182086e-01 -4.2000000000e-01 3.9496393227e-03
     vertex 5.8158877684e-01 -2.1000000000e-01 1.3001611185e-03
   endloop
 endfacet
 facet normal  1.3567908274e-01 6.3368845800e-02 9.8872421630e-01
   outer loop
     vertex 5.8158877684e-01 -2.1000000000e-01 1.3001611185e-03
     vertex 6.6036182086e-01 -4.2000000000e-01 3.9496393227e-03
     vertex 6.7982474529e-01 -4.2000000000e-01 1.2788119166e-03
   endloop
 endfacet
 facet normal  1.4757258856e-01 6.8932724028e-02 9.8664614258e-01
   outer loop
     vertex 5.8158877684e-01 -2.1000000000e-01 1.3001611185e-03
     vertex 6.7982474529e-01 -4.2000000000e-01 1.2788119166e-03
     vertex 6.0219027835e-01 -2.1000000000e-01 -1.7812038967e-03
   endloop
 endfacet
 facet normal  1.4154329628e-01 6.6718849284e-02 9.8768116841e-01
   outer loop
     vertex 6.0219027835e-01 -2.1000000000e-01 -1.7812038967e-03
     vertex 6.7982474529e-01 -4.2000000000e-01 1.2788119166e-03
     vertex 6.9405500487e-01 -4.2000000000e-01 -7.6050796945e-04
   endloop
 endfacet
 facet normal  1.5342289381e-01 7.1905189833e-02 9.8554099830e-01
   outer loop
     vertex 6.0219027835e-01 -2.1000000000e-01 -1.7812038967e-03
     vertex 6.9405500487e-01 -4.2000000000e-01 -7.6050796945e-04
     vertex 6.1725189523e-01 -2.1000000000e-01 -4.1259027495e-03
   endloop
 endfacet
 facet normal  1.4594573212e-01 6.9191871875e-02 9.8686996516e-01
   outer loop
     vertex 6.1725189523e-01 -2.1000000000e-01 -4.1259027495e-03
     vertex 6.9405500487e-01 -4.2000000000e-01 -7.6050796945e-04
     vertex 7.0416055583e-01 -4.2000000000e-01 -2.2549926388e-03
   endloop
 endfacet
 facet normal  1.5781501534e-01 7.4084523880e-02 9.8468568805e-01
   outer loop
     vertex 6.1725189523e-01 -2.1000000000e-01 -4.1259027495e-03
     vertex 7.0416055583e-01 -4.2000000000e-01 -2.2549926388e-03
     vertex 6.2794723723e-01 -2.1000000000e-01 -5.8400391302e-03
   endloop
 endfacet
 facet normal  1.4912981128e-01 7.0959501552e-02 9.8626824370e-01
   outer loop
     vertex 6.2794723723e-01 -2.1000000000e-01 -5.8400391302e-03
     vertex 7.0416055583e-01 -4.2000000000e-01 -2.2549926388e-03
     vertex 7.1118951326e-01 -4.2000000000e-01 -3.3178141396e-03
   endloop
 endfacet
 facet normal  1.6099171571e-01 7.5634861140e-02 9.8405337012e-01
   outer loop
     vertex 6.2794723723e-01 -2.1000000000e-01 -5.8400391302e-03
     vertex 7.1118951326e-01 -4.2000000000e-01 -3.3178141396e-03
     vertex 6.3538612709e-01 -2.1000000000e-01 -7.0570459292e-03
   endloop
 endfacet
 facet normal  1.2564576398e-01 2.7696291653e-02 -9.9168848810e-01
   outer loop
     vertex 7.1118951326e-01 -4.2000000000e-01 -3.3178141396e-03
     vertex 7.8699289942e-01 -6.3000000000e-01 4.2141764992e-04
     vertex 7.0413703726e-01 -4.2000000000e-01 -4.2113545455e-03
   endloop
 endfacet
 facet normal  1.3914310082e-01 3.3065113216e-02 -9.8972010982e-01
   outer loop
     vertex 7.8699289942e-01 -6.3000000000e-01 4.2141764992e-04
     vertex 7.8037686167e-01 -6.3000000000e-01 -5.0872007111e-04
     vertex 7.0413703726e-01 -4.2000000000e-01 -4.2113545455e-03
   endloop
 endfacet
 facet normal  1.2242853066e-01 2.6954783020e-02 -9.9211123094e-01
   outer loop
     vertex 7.0413703726e-01 -4.2000000000e-01 -4.2113545455e-03
     vertex 7.8037686167e-01 -6.3000000000e-01 -5.0872007111e-04
     vertex 6.9399847981e-01 -4.2000000000e-01 -5.4624730222e-03
   endloop
 endfacet
 facet normal  1.3593198268e-01 3.2554580684e-02 -9.9018316253e-01
   outer loop
     vertex 7.8037686167e-01 -6.3000000000e-01 -5.0872007111e-04
     vertex 7.7086529412e-01 -6.3000000000e-01 -1.8144645884e-03
     vertex 6.9399847981e-01 -4.2000000000e-01 -5.4624730222e-03
   endloop
 endfacet
 facet normal  1.1798210080e-01 2.5941022807e-02 -9.9267682920e-01
   outer loop
     vertex 6.9399847981e-01 -4.2000000000e-01 -5.4624730222e-03
     vertex 7.7086529412e-01 -6.3000000000e-01 -1.8144645884e-03
     vertex 6.7972330809e-01 -4.2000000000e-01 -7.1591125520e-03
   endloop
 endfacet
 facet normal  1.3149387095e-01 3.1852895549e-02 -9.9080510442e-01
   outer loop
     vertex 7.7086529412e-01 -6.3000000000e-01 -1.8144645884e-03
     vertex 7.5747209644e-01 -6.3000000000e-01 -3.5919316200e-03
     vertex 6.7972330809e-01 -4.2000000000e-01 -7.1591125520e-03
   endloop
 endfacet
 facet normal  1.1206258063e-01 2.4614789221e-02 -9.9339624027e-01
   outer loop
     vertex 6.7972330809e-01 -4.2000000000e-01 -7.1591125520e-03
     vertex 7.5747209644e-01 -6.3000000000e-01 -3.5919316200e-03
     vertex 6.6020180250e-01 -4.2000000000e-01 -9.3612854679e-03
   endloop
 endfacet
 facet normal  1.2558516673e-01 3.0927671755e-02 -9.9160064795e-01
   outer loop
     vertex 7.5747209644e-01 -6.3000000000e-01 -3.5919316200e-03
     vertex 7.3915518987e-01 -6.3000000000e-01 -5.9117483421e-03
     vertex 6.6020180250e-01 -4.2000000000e-01 -9.3612854679e-03
   endloop
 endfacet
 facet normal  1.0435890046e-01 2.2903318589e-02 -9.9427594655e-01
   outer loop
     vertex 6.6020180250e-01 -4.2000000000e-01 -9.3612854679e-03
     vertex 7.3915518987e-01 -6.3000000000e-01 -5.9117483421e-03
     vertex 6.3454532659e-01 -4.2000000000e-01 -1.2054181363e-02
   endloop
 endfacet
 facet normal  1.1789516621e-01 2.9695853341e-02 -9.9258192915e-01
   outer loop
     vertex 7.3915518987e-01 -6.3000000000e-01 -5.9117483421e-03
     vertex 7.1507929695e-01 -6.3000000000e-01 -8.7713927849e-03
     vertex 6.3454532659e-01 -4.2000000000e-01 -1.2054181363e-02
   endloop
 endfacet
 facet normal  9.4290680101e-02 2.0600665792e-02 -9.9533154286e-01
   outer loop
     vertex 6.3454532659e-01 -4.2000000000e-01 -1.2054181363e-02
     vertex 7.1507929695e-01 -6.3000000000e-01 -8.7713927849e-03
     vertex 6.0253016482e-01 -4.2000000000e-01 -1.5087071659e-02
   endloop
 endfacet
 facet normal  1.0784422726e-01 2.7911450566e-02 -9.9377591718e-01
   outer loop
     vertex 7.1507929695e-01 -6.3000000000e-01 -8.7713927849e-03
     vertex 6.8503225015e-01 -6.3000000000e-01 -1.2032088167e-02
     vertex 6.0253016482e-01 -4.2000000000e-01 -1.5087071659e-02
   endloop
 endfacet
 facet normal  8.0897758822e-02 1.7284386580e-02 -9.9657252752e-01
   outer loop
     vertex 6.0253016482e-01 -4.2000000000e-01 -1.5087071659e-02
     vertex 6.8503225015e-01 -6.3000000000e-01 -1.2032088167e-02
     vertex 5.6506785974e-01 -4.2000000000e-01 -1.8128111259e-02
   endloop
 endfacet
 facet normal  9.4473017574e-02 2.5078884636e-02 -9.9521148431e-01
   outer loop
     vertex 6.8503225015e-01 -6.3000000000e-01 -1.2032088167e-02
     vertex 6.4986640724e-01 -6.3000000000e-01 -1.5370296526e-02
     vertex 5.6506785974e-01 -4.2000000000e-01 -1.8128111259e-02
   endloop
 endfacet
 facet normal  6.2402028048e-02 1.2092206445e-02 -9.9797783815e-01
   outer loop
     vertex 5.6506785974e-01 -4.2000000000e-01 -1.8128111259e-02
     vertex 6.4986640724e-01 -6.3000000000e-01 -1.5370296526e-02
     vertex 5.2439057023e-01 -4.2000000000e-01 -2.0671599966e-02
   endloop
 endfacet
 facet normal  7.6003766027e-02 2.0246459013e-02 -9.9690195528e-01
   outer loop
     vertex 6.4986640724e-01 -6.3000000000e-01 -1.5370296526e-02
     vertex 6.1167293292e-01 -6.3000000000e-01 -1.8282165512e-02
     vertex 5.2439057023e-01 -4.2000000000e-01 -2.0671599966e-02
   endloop
 endfacet
 facet normal  5.0076025644e-02 9.4496379083e-03 -9.9870070391e-01
   outer loop
     vertex 5.2439057023e-01 -4.2000000000e-01 -2.0671599966e-02
     vertex 6.1167293292e-01 -6.3000000000e-01 -1.8282165512e-02
     vertex 5.7341734700e-01 -6.3000000000e-01 -2.0200345497e-02
   endloop
 endfacet
 facet normal  3.6444839713e-02 6.2659089501e-03 -9.9931602211e-01
   outer loop
     vertex 5.2439057023e-01 -4.2000000000e-01 -2.0671599966e-02
     vertex 5.7341734700e-01 -6.3000000000e-01 -2.0200345497e-02
     vertex 4.8366162575e-01 -4.2000000000e-01 -2.2156975784e-02
   endloop
 endfacet
 facet normal  1.4429755799e-02 -3.1488749177e-03 -9.9989092742e-01
   outer loop
     vertex 4.8366162575e-01 -4.2000000000e-01 -2.2156975784e-02
     vertex 5.7341734700e-01 -6.3000000000e-01 -2.0200345497e-02
     vertex 5.3809910249e-01 -6.3000000000e-01 -2.0710034734e-02
   endloop
 endfacet
 facet normal  7.8472228506e-04 -6.6866188379e-03 -9.9997733641e-01
   outer loop
     vertex 4.8366162575e-01 -4.2000000000e-01 -2.2156975784e-02
     vertex 5.3809910249e-01 -6.3000000000e-01 -2.0710034734e-02
     vertex 4.4607824340e-01 -4.2000000000e-01 -2.2186468970e-02
   endloop
 endfacet
 facet normal  -3.2585877257e-02 -2.1304263368e-02 -9.9924185709e-01
   outer loop
     vertex 4.4607824340e-01 -4.2000000000e-01 -2.2186468970e-02
     vertex 5.3809910249e-01 -6.3000000000e-01 -2.0710034734e-02
     vertex 5.0789496579e-01 -6.3000000000e-01 -1.9725059691e-02
   endloop
 endfacet
 facet normal  -4.6213348127e-02 -2.5308323585e-02 -9.9861094287e-01
   outer loop
     vertex 4.4607824340e-01 -4.2000000000e-01 -2.2186468970e-02
     vertex 5.0789496579e-01 -6.3000000000e-01 -1.9725059691e-02
     vertex 4.1395759167e-01 -4.2000000000e-01 -2.0700001321e-02
   endloop
 endfacet
 facet normal  -9.2907581116e-02 -4.6177021129e-02 -9.9460337024e-01
   outer loop
     vertex 4.1395759167e-01 -4.2000000000e-01 -2.0700001321e-02
     vertex 5.0789496579e-01 -6.3000000000e-01 -1.9725059691e-02
     vertex 4.8375937885e-01 -6.3000000000e-01 -1.7470513740e-02
   endloop
 endfacet
 facet normal  -1.0644733250e-01 -5.0653254162e-02 -9.9302729733e-01
   outer loop
     vertex 4.1395759167e-01 -4.2000000000e-01 -2.0700001321e-02
     vertex 4.8375937885e-01 -6.3000000000e-01 -1.7470513740e-02
     vertex 3.8831185764e-01 -4.2000000000e-01 -1.7950912766e-02
   endloop
 endfacet
 facet normal  -1.7174602205e-01 -8.0306751956e-02 -9.8186258178e-01
   outer loop
     vertex 3.8831185764e-01 -4.2000000000e-01 -1.7950912766e-02
     vertex 4.8375937885e-01 -6.3000000000e-01 -1.7470513740e-02
     vertex 4.6557870783e-01 -6.3000000000e-01 -1.4290376332e-02
   endloop
 endfacet
 facet normal  -1.8505298060e-01 -8.5153544661e-02 -9.7903231213e-01
   outer loop
     vertex 3.8831185764e-01 -4.2000000000e-01 -1.7950912766e-02
     vertex 4.6557870783e-01 -6.3000000000e-01 -1.4290376332e-02
     vertex 3.6901514920e-01 -4.2000000000e-01 -1.4303522003e-02
   endloop
 endfacet
 facet normal  -2.8395292772e-01 -1.3062853445e-01 -9.4989837395e-01
   outer loop
     vertex 3.6901514920e-01 -4.2000000000e-01 -1.4303522003e-02
     vertex 4.6557870783e-01 -6.3000000000e-01 -1.4290376332e-02
     vertex 4.5264580291e-01 -6.3000000000e-01 -1.0424345693e-02
   endloop
 endfacet
 facet normal  -2.9668744892e-01 -1.3561493533e-01 -9.4529632760e-01
   outer loop
     vertex 3.6901514920e-01 -4.2000000000e-01 -1.4303522003e-02
     vertex 4.5264580291e-01 -6.3000000000e-01 -1.0424345693e-02
     vertex 3.5531163147e-01 -4.2000000000e-01 -1.0002583134e-02
   endloop
 endfacet
 facet normal  -4.7339402105e-01 -2.1770204840e-01 -8.5352441029e-01
   outer loop
     vertex 3.5531163147e-01 -4.2000000000e-01 -1.0002583134e-02
     vertex 4.5264580291e-01 -6.3000000000e-01 -1.0424345693e-02
     vertex 4.4428498645e-01 -6.3000000000e-01 -5.7871490611e-03
   endloop
 endfacet
 facet normal  -4.8448651588e-01 -2.2225260985e-01 -8.4609490800e-01
   outer loop
     vertex 3.5531163147e-01 -4.2000000000e-01 -1.0002583134e-02
     vertex 4.4428498645e-01 -6.3000000000e-01 -5.7871490611e-03
     vertex 3.4648367181e-01 -4.2000000000e-01 -4.9475622676e-03
   endloop
 endfacet
 facet normal  -8.0906368190e-01 -3.7498827781e-01 -4.5254806389e-01
   outer loop
     vertex 3.4648367181e-01 -4.2000000000e-01 -4.9475622676e-03
     vertex 4.4428498645e-01 -6.3000000000e-01 -5.7871490611e-03
     vertex 4.4112652986e-01 -6.3000000000e-01 -1.4047254997e-04
   endloop
 endfacet
 facet normal  -8.1439921282e-01 -3.7712974651e-01 -4.4105223779e-01
   outer loop
     vertex 3.4648367181e-01 -4.2000000000e-01 -4.9475622676e-03
     vertex 4.4112652986e-01 -6.3000000000e-01 -1.4047254997e-04
     vertex 3.4320529210e-01 -4.2000000000e-01 1.1059380465e-03
   endloop
 endfacet
 facet normal  -8.0347099128e-01 -3.7738469061e-01 4.6045104133e-01
   outer loop
     vertex 3.4320529210e-01 -4.2000000000e-01 1.1059380465e-03
     vertex 4.4112652986e-01 -6.3000000000e-01 -1.4047254997e-04
     vertex 3.4662824864e-01 -4.2000000000e-01 7.0788777029e-03
   endloop
 endfacet
 facet normal  -8.0893977181e-01 -3.7945311313e-01 4.4903427544e-01
   outer loop
     vertex 4.4112652986e-01 -6.3000000000e-01 -1.4047254997e-04
     vertex 4.4426662279e-01 -6.3000000000e-01 5.5164365063e-03
     vertex 3.4662824864e-01 -4.2000000000e-01 7.0788777029e-03
   endloop
 endfacet
 facet normal  -4.6402058925e-01 -2.2212402511e-01 8.5752306688e-01
   outer loop
     vertex 3.4662824864e-01 -4.2000000000e-01 7.0788777029e-03
     vertex 4.4426662279e-01 -6.3000000000e-01 5.5164365063e-03
     vertex 3.5557517818e-01 -4.2000000000e-01 1.1920216296e-02
   endloop
 endfacet
 facet normal  -4.7517435293e-01 -2.2661169179e-01 8.5020966559e-01
   outer loop
     vertex 4.4426662279e-01 -6.3000000000e-01 5.5164365063e-03
     vertex 4.5261232809e-01 -6.3000000000e-01 1.0180774346e-02
     vertex 3.5557517818e-01 -4.2000000000e-01 1.1920216296e-02
   endloop
 endfacet
 facet normal  -2.7392052699e-01 -1.3446166218e-01 9.5230646658e-01
   outer loop
     vertex 3.5557517818e-01 -4.2000000000e-01 1.1920216296e-02
     vertex 4.5261232809e-01 -6.3000000000e-01 1.0180774346e-02
     vertex 3.6937812889e-01 -4.2000000000e-01 1.5890483921e-02
   endloop
 endfacet
 facet normal  -2.8669169461e-01 -1.3940175004e-01 9.4782647374e-01
   outer loop
     vertex 4.5261232809e-01 -6.3000000000e-01 1.0180774346e-02
     vertex 4.6553260337e-01 -6.3000000000e-01 1.4088805739e-02
     vertex 3.6937812889e-01 -4.2000000000e-01 1.5890483921e-02
   endloop
 endfacet
 facet normal  -1.6150158090e-01 -8.2385332078e-02 9.8342762643e-01
   outer loop
     vertex 3.6937812889e-01 -4.2000000000e-01 1.5890483921e-02
     vertex 4.6553260337e-01 -6.3000000000e-01 1.4088805739e-02
     vertex 3.8875694282e-01 -4.2000000000e-01 1.9072933753e-02
   endloop
 endfacet
 facet normal  -1.7483373850e-01 -8.7195507206e-02 9.8072937521e-01
   outer loop
     vertex 4.6553260337e-01 -6.3000000000e-01 1.4088805739e-02
     vertex 4.8370284562e-01 -6.3000000000e-01 1.7327998388e-02
     vertex 3.8875694282e-01 -4.2000000000e-01 1.9072933753e-02
   endloop
 endfacet
 facet normal  -8.2564620954e-02 -4.5601565059e-02 9.9554185278e-01
   outer loop
     vertex 3.8875694282e-01 -4.2000000000e-01 1.9072933753e-02
     vertex 4.8370284562e-01 -6.3000000000e-01 1.7327998388e-02
     vertex 4.1446135258e-01 -4.2000000000e-01 2.1204712386e-02
   endloop
 endfacet
 facet normal  -9.6120792548e-02 -5.0044907028e-02 9.9411080897e-01
   outer loop
     vertex 4.8370284562e-01 -6.3000000000e-01 1.7327998388e-02
     vertex 5.0783097976e-01 -6.3000000000e-01 1.9660952980e-02
     vertex 4.1446135258e-01 -4.2000000000e-01 2.1204712386e-02
   endloop
 endfacet
 facet normal  -2.2197517134e-02 -1.7217733487e-02 9.9960533206e-01
   outer loop
     vertex 4.1446135258e-01 -4.2000000000e-01 2.1204712386e-02
     vertex 5.0783097976e-01 -6.3000000000e-01 1.9660952980e-02
     vertex 4.4660845583e-01 -4.2000000000e-01 2.1918580001e-02
   endloop
 endfacet
 facet normal  -3.5832497201e-02 -2.1187742776e-02 9.9913318016e-01
   outer loop
     vertex 5.0783097976e-01 -6.3000000000e-01 1.9660952980e-02
     vertex 5.3803175668e-01 -6.3000000000e-01 2.0744061094e-02
     vertex 4.4660845583e-01 -4.2000000000e-01 2.1918580001e-02
   endloop
 endfacet
 facet normal  2.4823856135e-02 5.2158946728e-03 9.9967823354e-01
   outer loop
     vertex 4.4660845583e-01 -4.2000000000e-01 2.1918580001e-02
     vertex 5.3803175668e-01 -6.3000000000e-01 2.0744061094e-02
     vertex 4.8418026776e-01 -4.2000000000e-01 2.0985602546e-02
   endloop
 endfacet
 facet normal  1.1180906440e-02 1.7170593401e-03 9.9993601747e-01
   outer loop
     vertex 5.3803175668e-01 -6.3000000000e-01 2.0744061094e-02
     vertex 5.7335147083e-01 -6.3000000000e-01 2.0349129406e-02
     vertex 4.8418026776e-01 -4.2000000000e-01 2.0985602546e-02
   endloop
 endfacet
 facet normal  6.0443241484e-02 2.2641193239e-02 9.9791482148e-01
   outer loop
     vertex 4.8418026776e-01 -4.2000000000e-01 2.0985602546e-02
     vertex 5.7335147083e-01 -6.3000000000e-01 2.0349129406e-02
     vertex 5.2486173380e-01 -4.2000000000e-01 1.8521544870e-02
   endloop
 endfacet
 facet normal  4.6823999378e-02 1.9503406520e-02 9.9871273658e-01
   outer loop
     vertex 5.7335147083e-01 -6.3000000000e-01 2.0349129406e-02
     vertex 6.1161308730e-01 -6.3000000000e-01 1.8555258315e-02
     vertex 5.2486173380e-01 -4.2000000000e-01 1.8521544870e-02
   endloop
 endfacet
 facet normal  7.2745961011e-02 3.0211520337e-02 9.9689281731e-01
   outer loop
     vertex 5.2486173380e-01 -4.2000000000e-01 1.8521544870e-02
     vertex 6.1161308730e-01 -6.3000000000e-01 1.8555258315e-02
     vertex 6.4981582116e-01 -6.3000000000e-01 1.5767501659e-02
   endloop
 endfacet
 facet normal  8.6317990033e-02 3.8305001574e-02 9.9553097965e-01
   outer loop
     vertex 5.2486173380e-01 -4.2000000000e-01 1.8521544870e-02
     vertex 6.4981582116e-01 -6.3000000000e-01 1.5767501659e-02
     vertex 5.6546612310e-01 -4.2000000000e-01 1.5000921864e-02
   endloop
 endfacet
 facet normal  9.1193615081e-02 4.0261501568e-02 9.9501896266e-01
   outer loop
     vertex 5.6546612310e-01 -4.2000000000e-01 1.5000921864e-02
     vertex 6.4981582116e-01 -6.3000000000e-01 1.5767501659e-02
     vertex 6.8499232484e-01 -6.3000000000e-01 1.2543570600e-02
   endloop
 endfacet
 facet normal  1.0472656367e-01 4.7983696193e-02 9.9334279670e-01
   outer loop
     vertex 5.6546612310e-01 -4.2000000000e-01 1.5000921864e-02
     vertex 6.8499232484e-01 -6.3000000000e-01 1.2543570600e-02
     vertex 6.0284449611e-01 -4.2000000000e-01 1.1060178976e-02
   endloop
 endfacet
 facet normal  1.0453531270e-01 4.7909050361e-02 9.9336654428e-01
   outer loop
     vertex 6.0284449611e-01 -4.2000000000e-01 1.1060178976e-02
     vertex 6.8499232484e-01 -6.3000000000e-01 1.2543570600e-02
     vertex 7.1504980758e-01 -6.3000000000e-01 9.3805202894e-03
   endloop
 endfacet
 facet normal  1.1803614228e-01 5.5137802868e-02 9.9147732794e-01
   outer loop
     vertex 6.0284449611e-01 -4.2000000000e-01 1.1060178976e-02
     vertex 7.1504980758e-01 -6.3000000000e-01 9.3805202894e-03
     vertex 6.3477749593e-01 -4.2000000000e-01 7.2585306643e-03
   endloop
 endfacet
 facet normal  1.1455385667e-01 5.3811564747e-02 9.9195853211e-01
   outer loop
     vertex 6.3477749593e-01 -4.2000000000e-01 7.2585306643e-03
     vertex 7.1504980758e-01 -6.3000000000e-01 9.3805202894e-03
     vertex 7.3913486488e-01 -6.3000000000e-01 6.5991175270e-03
   endloop
 endfacet
 facet normal  1.2802940281e-01 6.0514494064e-02 9.8992245556e-01
   outer loop
     vertex 6.3477749593e-01 -4.2000000000e-01 7.2585306643e-03
     vertex 7.3913486488e-01 -6.3000000000e-01 6.5991175270e-03
     vertex 6.6036182086e-01 -4.2000000000e-01 3.9496393227e-03
   endloop
 endfacet
 facet normal  1.2221265519e-01 5.8343490789e-02 9.9078761801e-01
   outer loop
     vertex 6.6036182086e-01 -4.2000000000e-01 3.9496393227e-03
     vertex 7.3913486488e-01 -6.3000000000e-01 6.5991175270e-03
     vertex 7.5745921223e-01 -6.3000000000e-01 4.3388277300e-03
   endloop
 endfacet
 facet normal  1.3566869274e-01 6.4561174718e-02 9.8864850201e-01
   outer loop
     vertex 6.6036182086e-01 -4.2000000000e-01 3.9496393227e-03
     vertex 7.5745921223e-01 -6.3000000000e-01 4.3388277300e-03
     vertex 6.7982474529e-01 -4.2000000000e-01 1.2788119166e-03
   endloop
 endfacet
 facet normal  1.2809386975e-01 6.1778158492e-02 9.8983605696e-01
   outer loop
     vertex 6.7982474529e-01 -4.2000000000e-01 1.2788119166e-03
     vertex 7.5745921223e-01 -6.3000000000e-01 4.3388277300e-03
     vertex 7.7085811450e-01 -6.3000000000e-01 2.6048868106e-03
   endloop
 endfacet
 facet normal  1.4153497084e-01 6.7590797238e-02 9.8762307393e-01
   outer loop
     vertex 6.7982474529e-01 -4.2000000000e-01 1.2788119166e-03
     vertex 7.7085811450e-01 -6.3000000000e-01 2.6048868106e-03
     vertex 6.9405500487e-01 -4.2000000000e-01 -7.6050796945e-04
   endloop
 endfacet
 facet normal  1.3250947890e-01 6.4313469259e-02 9.8909302681e-01
   outer loop
     vertex 6.9405500487e-01 -4.2000000000e-01 -7.6050796945e-04
     vertex 7.7085811450e-01 -6.3000000000e-01 2.6048868106e-03
     vertex 7.8037387442e-01 -6.3000000000e-01 1.3300538527e-03
   endloop
 endfacet
 facet normal  1.4593941978e-01 6.9811186567e-02 9.8682728174e-01
   outer loop
     vertex 6.9405500487e-01 -4.2000000000e-01 -7.6050796945e-04
     vertex 7.8037387442e-01 -6.3000000000e-01 1.3300538527e-03
     vertex 7.0416055583e-01 -4.2000000000e-01 -2.2549926388e-03
   endloop
 endfacet
 facet normal  1.3570330253e-01 6.6125534052e-02 9.8854035195e-01
   outer loop
     vertex 7.0416055583e-01 -4.2000000000e-01 -2.2549926388e-03
     vertex 7.8037387442e-01 -6.3000000000e-01 1.3300538527e-03
     vertex 7.8699289942e-01 -6.3000000000e-01 4.2141764992e-04
   endloop
 endfacet
 facet normal  1.4912521518e-01 7.1390324687e-02 9.8623784745e-01
   outer loop
     vertex 7.0416055583e-01 -4.2000000000e-01 -2.2549926388e-03
     vertex 7.8699289942e-01 -6.3000000000e-01 4.2141764992e-04
     vertex 7.1118951326e-01 -4.2000000000e-01 -3.3178141396e-03
   endloop
 endfacet
 facet normal  1.3914521003e-01 3.2603948060e-02 -9.8973511259e-01
   outer loop
     vertex 7.8699289942e-01 -6.3000000000e-01 4.2141764992e-04
     vertex 8.6279628559e-01 -8.4000000000e-01 4.1606494395e-03
     vertex 7.8037686167e-01 -6.3000000000e-01 -5.0872007111e-04
   endloop
 endfacet
 facet normal  1.5444431682e-01 3.8663816194e-02 -9.8724468209e-01
   outer loop
     vertex 8.6279628559e-01 -8.4000000000e-01 4.1606494395e-03
     vertex 8.5661668608e-01 -8.4000000000e-01 3.1939144033e-03
     vertex 7.8037686167e-01 -6.3000000000e-01 -5.0872007111e-04
   endloop
 endfacet
 facet normal  1.3593488862e-01 3.1891844517e-02 -9.9020433058e-01
   outer loop
     vertex 7.8037686167e-01 -6.3000000000e-01 -5.0872007111e-04
     vertex 8.5661668608e-01 -8.4000000000e-01 3.1939144033e-03
     vertex 7.7086529412e-01 -6.3000000000e-01 -1.8144645884e-03
   endloop
 endfacet
 facet normal  1.5124157099e-01 3.8200508018e-02 -9.8775842613e-01
   outer loop
     vertex 8.5661668608e-01 -8.4000000000e-01 3.1939144033e-03
     vertex 8.4773210843e-01 -8.4000000000e-01 1.8335438453e-03
     vertex 7.7086529412e-01 -6.3000000000e-01 -1.8144645884e-03
   endloop
 endfacet
 facet normal  1.3149772421e-01 3.0920189783e-02 -9.9083413869e-01
   outer loop
     vertex 7.7086529412e-01 -6.3000000000e-01 -1.8144645884e-03
     vertex 8.4773210843e-01 -8.4000000000e-01 1.8335438453e-03
     vertex 7.5747209644e-01 -6.3000000000e-01 -3.5919316200e-03
   endloop
 endfacet
 facet normal  1.4681474144e-01 3.7565174600e-02 -9.8845044861e-01
   outer loop
     vertex 8.4773210843e-01 -8.4000000000e-01 1.8335438453e-03
     vertex 8.3522088478e-01 -8.4000000000e-01 -2.4750688008e-05
     vertex 7.5747209644e-01 -6.3000000000e-01 -3.5919316200e-03
   endloop
 endfacet
 facet normal  1.2559002039e-01 2.9652934678e-02 -9.9163897172e-01
   outer loop
     vertex 7.5747209644e-01 -6.3000000000e-01 -3.5919316200e-03
     vertex 8.3522088478e-01 -8.4000000000e-01 -2.4750688008e-05
     vertex 7.3915518987e-01 -6.3000000000e-01 -5.9117483421e-03
   endloop
 endfacet
 facet normal  1.4092053469e-01 3.6730432723e-02 -9.8933931399e-01
   outer loop
     vertex 8.3522088478e-01 -8.4000000000e-01 -2.4750688008e-05
     vertex 8.1810857725e-01 -8.4000000000e-01 -2.4622112163e-03
     vertex 7.3915518987e-01 -6.3000000000e-01 -5.9117483421e-03
   endloop
 endfacet
 facet normal  1.1790086706e-01 2.8021709754e-02 -9.9262992567e-01
   outer loop
     vertex 7.3915518987e-01 -6.3000000000e-01 -5.9117483421e-03
     vertex 8.1810857725e-01 -8.4000000000e-01 -2.4622112163e-03
     vertex 7.1507929695e-01 -6.3000000000e-01 -8.7713927849e-03
   endloop
 endfacet
 facet normal  1.3324857789e-01 3.5617256629e-02 -9.9044244029e-01
   outer loop
     vertex 8.1810857725e-01 -8.4000000000e-01 -2.4622112163e-03
     vertex 7.9561326731e-01 -8.4000000000e-01 -5.4886042071e-03
     vertex 7.1507929695e-01 -6.3000000000e-01 -8.7713927849e-03
   endloop
 endfacet
 facet normal  1.0785027983e-01 2.5824151978e-02 -9.9383169114e-01
   outer loop
     vertex 7.1507929695e-01 -6.3000000000e-01 -8.7713927849e-03
     vertex 7.9561326731e-01 -8.4000000000e-01 -5.4886042071e-03
     vertex 6.8503225015e-01 -6.3000000000e-01 -1.2032088167e-02
   endloop
 endfacet
 facet normal  1.2321999306e-01 3.3980864851e-02 -9.9179742596e-01
   outer loop
     vertex 7.9561326731e-01 -8.4000000000e-01 -5.4886042071e-03
     vertex 7.6753433549e-01 -8.4000000000e-01 -8.9771046749e-03
     vertex 6.8503225015e-01 -6.3000000000e-01 -1.2032088167e-02
   endloop
 endfacet
 facet normal  9.4478520916e-02 2.2638777284e-02 -9.9526945841e-01
   outer loop
     vertex 6.8503225015e-01 -6.3000000000e-01 -1.2032088167e-02
     vertex 7.6753433549e-01 -8.4000000000e-01 -8.9771046749e-03
     vertex 6.4986640724e-01 -6.3000000000e-01 -1.5370296526e-02
   endloop
 endfacet
 facet normal  1.0987646139e-01 3.1321946889e-02 -9.9345160872e-01
   outer loop
     vertex 7.6753433549e-01 -8.4000000000e-01 -8.9771046749e-03
     vertex 7.3466495474e-01 -8.4000000000e-01 -1.2612481792e-02
     vertex 6.4986640724e-01 -6.3000000000e-01 -1.5370296526e-02
   endloop
 endfacet
 facet normal  7.6007574216e-02 1.7599634472e-02 -9.9695190532e-01
   outer loop
     vertex 6.4986640724e-01 -6.3000000000e-01 -1.5370296526e-02
     vertex 7.3466495474e-01 -8.4000000000e-01 -1.2612481792e-02
     vertex 6.1167293292e-01 -6.3000000000e-01 -1.8282165512e-02
   endloop
 endfacet
 facet normal  9.1441199308e-02 2.6679210311e-02 -9.9545302592e-01
   outer loop
     vertex 7.3466495474e-01 -8.4000000000e-01 -1.2612481792e-02
     vertex 6.9895529562e-01 -8.4000000000e-01 -1.5892731057e-02
     vertex 6.1167293292e-01 -6.3000000000e-01 -1.8282165512e-02
   endloop
 endfacet
 facet normal  6.5552929180e-02 1.5893438061e-02 -9.9772251258e-01
   outer loop
     vertex 6.1167293292e-01 -6.3000000000e-01 -1.8282165512e-02
     vertex 6.9895529562e-01 -8.4000000000e-01 -1.5892731057e-02
     vertex 6.6317306825e-01 -8.4000000000e-01 -1.8243715210e-02
   endloop
 endfacet
 facet normal  5.0074597055e-02 1.2097377511e-02 -9.9867221258e-01
   outer loop
     vertex 6.1167293292e-01 -6.3000000000e-01 -1.8282165512e-02
     vertex 6.6317306825e-01 -8.4000000000e-01 -1.8243715210e-02
     vertex 5.7341734700e-01 -6.3000000000e-01 -2.0200345497e-02
   endloop
 endfacet
 facet normal  2.9934725487e-02 3.4812919264e-03 -9.9954579326e-01
   outer loop
     vertex 5.7341734700e-01 -6.3000000000e-01 -2.0200345497e-02
     vertex 6.6317306825e-01 -8.4000000000e-01 -1.8243715210e-02
     vertex 6.3011996158e-01 -8.4000000000e-01 -1.9233600498e-02
   endloop
 endfacet
 facet normal  1.4429823734e-02 -7.0683510136e-04 -9.9989563484e-01
   outer loop
     vertex 5.7341734700e-01 -6.3000000000e-01 -2.0200345497e-02
     vertex 6.3011996158e-01 -8.4000000000e-01 -1.9233600498e-02
     vertex 5.3809910249e-01 -6.3000000000e-01 -2.0710034734e-02
   endloop
 endfacet
 facet normal  -1.7087364314e-02 -1.4516462034e-02 -9.9974861556e-01
   outer loop
     vertex 5.3809910249e-01 -6.3000000000e-01 -2.0710034734e-02
     vertex 6.3011996158e-01 -8.4000000000e-01 -1.9233600498e-02
     vertex 6.0183233991e-01 -8.4000000000e-01 -1.8750118061e-02
   endloop
 endfacet
 facet normal  -3.2587256379e-02 -1.9216214333e-02 -9.9928414769e-01
   outer loop
     vertex 5.3809910249e-01 -6.3000000000e-01 -2.0710034734e-02
     vertex 6.0183233991e-01 -8.4000000000e-01 -1.8750118061e-02
     vertex 5.0789496579e-01 -6.3000000000e-01 -1.9725059691e-02
   endloop
 endfacet
 facet normal  -7.7494517423e-02 -3.9289934136e-02 -9.9621829979e-01
   outer loop
     vertex 5.0789496579e-01 -6.3000000000e-01 -1.9725059691e-02
     vertex 6.0183233991e-01 -8.4000000000e-01 -1.8750118061e-02
     vertex 5.7920690006e-01 -8.4000000000e-01 -1.6990114713e-02
   endloop
 endfacet
 facet normal  -9.2914634113e-02 -4.4506258445e-02 -9.9467887468e-01
   outer loop
     vertex 5.0789496579e-01 -6.3000000000e-01 -1.9725059691e-02
     vertex 5.7920690006e-01 -8.4000000000e-01 -1.6990114713e-02
     vertex 4.8375937885e-01 -6.3000000000e-01 -1.7470513740e-02
   endloop
 endfacet
 facet normal  -1.5658156125e-01 -7.3421344661e-02 -9.8493224174e-01
   outer loop
     vertex 4.8375937885e-01 -6.3000000000e-01 -1.7470513740e-02
     vertex 5.7920690006e-01 -8.4000000000e-01 -1.6990114713e-02
     vertex 5.6214226646e-01 -8.4000000000e-01 -1.4277230661e-02
   endloop
 endfacet
 facet normal  -1.7176342858e-01 -7.9042840271e-02 -9.8196209398e-01
   outer loop
     vertex 4.8375937885e-01 -6.3000000000e-01 -1.7470513740e-02
     vertex 5.6214226646e-01 -8.4000000000e-01 -1.4277230661e-02
     vertex 4.6557870783e-01 -6.3000000000e-01 -1.4290376332e-02
   endloop
 endfacet
 facet normal  -2.6942018146e-01 -1.2394631322e-01 -9.5501312937e-01
   outer loop
     vertex 4.6557870783e-01 -6.3000000000e-01 -1.4290376332e-02
     vertex 5.6214226646e-01 -8.4000000000e-01 -1.4277230661e-02
     vertex 5.4997997435e-01 -8.4000000000e-01 -1.0846108252e-02
   endloop
 endfacet
 facet normal  -2.8398713176e-01 -1.2971891592e-01 -9.5001279562e-01
   outer loop
     vertex 4.6557870783e-01 -6.3000000000e-01 -1.4290376332e-02
     vertex 5.4997997435e-01 -8.4000000000e-01 -1.0846108252e-02
     vertex 4.5264580291e-01 -6.3000000000e-01 -1.0424345693e-02
   endloop
 endfacet
 facet normal  -4.6071133791e-01 -2.1180684015e-01 -8.6190656430e-01
   outer loop
     vertex 4.5264580291e-01 -6.3000000000e-01 -1.0424345693e-02
     vertex 5.4997997435e-01 -8.4000000000e-01 -1.0846108252e-02
     vertex 5.4208630109e-01 -8.4000000000e-01 -6.6267358546e-03
   endloop
 endfacet
 facet normal  -4.7346042437e-01 -2.1708735043e-01 -8.5364413478e-01
   outer loop
     vertex 4.5264580291e-01 -6.3000000000e-01 -1.0424345693e-02
     vertex 5.4208630109e-01 -8.4000000000e-01 -6.6267358546e-03
     vertex 4.4428498645e-01 -6.3000000000e-01 -5.7871490611e-03
   endloop
 endfacet
 facet normal  -8.0295701102e-01 -3.7209198962e-01 -4.6562601916e-01
   outer loop
     vertex 4.4428498645e-01 -6.3000000000e-01 -5.7871490611e-03
     vertex 5.4208630109e-01 -8.4000000000e-01 -6.6267358546e-03
     vertex 5.3904776762e-01 -8.4000000000e-01 -1.3868831465e-03
   endloop
 endfacet
 facet normal  -8.0918944985e-01 -3.7463182918e-01 -4.5261841193e-01
   outer loop
     vertex 4.4428498645e-01 -6.3000000000e-01 -5.7871490611e-03
     vertex 5.3904776762e-01 -8.4000000000e-01 -1.3868831465e-03
     vertex 4.4112652986e-01 -6.3000000000e-01 -1.4047254997e-04
   endloop
 endfacet
 facet normal  -8.0881269554e-01 -3.7980730201e-01 4.4896373669e-01
   outer loop
     vertex 4.4112652986e-01 -6.3000000000e-01 -1.4047254997e-04
     vertex 5.3904776762e-01 -8.4000000000e-01 -1.3868831465e-03
     vertex 4.4426662279e-01 -6.3000000000e-01 5.5164365063e-03
   endloop
 endfacet
 facet normal  -8.1484481840e-01 -3.8210106396e-01 4.3592051895e-01
   outer loop
     vertex 5.3904776762e-01 -8.4000000000e-01 -1.3868831465e-03
     vertex 5.4190499694e-01 -8.4000000000e-01 3.9539953098e-03
     vertex 4.4426662279e-01 -6.3000000000e-01 5.5164365063e-03
   endloop
 endfacet
 facet normal  -4.7510494494e-01 -2.2722229974e-01 8.5008547676e-01
   outer loop
     vertex 4.4426662279e-01 -6.3000000000e-01 5.5164365063e-03
     vertex 5.4190499694e-01 -8.4000000000e-01 3.9539953098e-03
     vertex 4.5261232809e-01 -6.3000000000e-01 1.0180774346e-02
   endloop
 endfacet
 facet normal  -4.8763078784e-01 -2.3229609137e-01 8.4157871924e-01
   outer loop
     vertex 5.4190499694e-01 -8.4000000000e-01 3.9539953098e-03
     vertex 5.4964947799e-01 -8.4000000000e-01 8.4413323956e-03
     vertex 4.5261232809e-01 -6.3000000000e-01 1.0180774346e-02
   endloop
 endfacet
 facet normal  -2.8665464636e-01 -1.4030774269e-01 9.4770398916e-01
   outer loop
     vertex 4.5261232809e-01 -6.3000000000e-01 1.0180774346e-02
     vertex 5.4964947799e-01 -8.4000000000e-01 8.4413323956e-03
     vertex 4.6553260337e-01 -6.3000000000e-01 1.4088805739e-02
   endloop
 endfacet
 facet normal  -3.0106977267e-01 -1.4593833864e-01 9.4236882021e-01
   outer loop
     vertex 5.4964947799e-01 -8.4000000000e-01 8.4413323956e-03
     vertex 5.6168707784e-01 -8.4000000000e-01 1.2287127557e-02
     vertex 4.6553260337e-01 -6.3000000000e-01 1.4088805739e-02
   endloop
 endfacet
 facet normal  -1.7481422169e-01 -8.8456814703e-02 9.8061989569e-01
   outer loop
     vertex 4.6553260337e-01 -6.3000000000e-01 1.4088805739e-02
     vertex 5.6168707784e-01 -8.4000000000e-01 1.2287127557e-02
     vertex 4.8370284562e-01 -6.3000000000e-01 1.7327998388e-02
   endloop
 endfacet
 facet normal  -1.8990455263e-01 -9.3980830135e-02 9.7729415452e-01
   outer loop
     vertex 5.6168707784e-01 -8.4000000000e-01 1.2287127557e-02
     vertex 5.7864874843e-01 -8.4000000000e-01 1.5583063024e-02
     vertex 4.8370284562e-01 -6.3000000000e-01 1.7327998388e-02
   endloop
 endfacet
 facet normal  -9.6112607230e-02 -5.1714331686e-02 9.9402615390e-01
   outer loop
     vertex 4.8370284562e-01 -6.3000000000e-01 1.7327998388e-02
     vertex 5.7864874843e-01 -8.4000000000e-01 1.5583063024e-02
     vertex 5.0783097976e-01 -6.3000000000e-01 1.9660952980e-02
   endloop
 endfacet
 facet normal  -1.1148558182e-01 -5.6861854711e-02 9.9213794128e-01
   outer loop
     vertex 5.7864874843e-01 -8.4000000000e-01 1.5583063024e-02
     vertex 6.0120060694e-01 -8.4000000000e-01 1.8117193574e-02
     vertex 5.0783097976e-01 -6.3000000000e-01 1.9660952980e-02
   endloop
 endfacet
 facet normal  -3.5830833253e-02 -2.3275529340e-02 9.9908678358e-01
   outer loop
     vertex 5.0783097976e-01 -6.3000000000e-01 1.9660952980e-02
     vertex 6.0120060694e-01 -8.4000000000e-01 1.8117193574e-02
     vertex 5.3803175668e-01 -6.3000000000e-01 2.0744061094e-02
   endloop
 endfacet
 facet normal  -5.1314681486e-02 -2.7923192855e-02 9.9829209091e-01
   outer loop
     vertex 6.0120060694e-01 -8.4000000000e-01 1.8117193574e-02
     vertex 6.2945505754e-01 -8.4000000000e-01 1.9569542187e-02
     vertex 5.3803175668e-01 -6.3000000000e-01 2.0744061094e-02
   endloop
 endfacet
 facet normal  1.1180919984e-02 -7.2499318916e-04 9.9993722874e-01
   outer loop
     vertex 5.3803175668e-01 -6.3000000000e-01 2.0744061094e-02
     vertex 6.2945505754e-01 -8.4000000000e-01 1.9569542187e-02
     vertex 5.7335147083e-01 -6.3000000000e-01 2.0349129406e-02
   endloop
 endfacet
 facet normal  -4.3278306154e-03 -4.8684642832e-03 9.9997878374e-01
   outer loop
     vertex 6.2945505754e-01 -8.4000000000e-01 1.9569542187e-02
     vertex 6.6252267390e-01 -8.4000000000e-01 1.9712656265e-02
     vertex 5.7335147083e-01 -6.3000000000e-01 2.0349129406e-02
   endloop
 endfacet
 facet normal  4.6826253367e-02 1.6856518654e-02 9.9876081209e-01
   outer loop
     vertex 5.7335147083e-01 -6.3000000000e-01 2.0349129406e-02
     vertex 6.6252267390e-01 -8.4000000000e-01 1.9712656265e-02
     vertex 6.1161308730e-01 -6.3000000000e-01 1.8555258315e-02
   endloop
 endfacet
 facet normal  3.1333171787e-02 1.3104233607e-02 9.9942308929e-01
   outer loop
     vertex 6.6252267390e-01 -8.4000000000e-01 1.9712656265e-02
     vertex 6.9836444081e-01 -8.4000000000e-01 1.8588971760e-02
     vertex 6.1161308730e-01 -6.3000000000e-01 1.8555258315e-02
   endloop
 endfacet
 facet normal  5.7286861054e-02 2.3825529656e-02 9.9807342400e-01
   outer loop
     vertex 6.1161308730e-01 -6.3000000000e-01 1.8555258315e-02
     vertex 6.9836444081e-01 -8.4000000000e-01 1.8588971760e-02
     vertex 7.3416551922e-01 -8.4000000000e-01 1.6534081453e-02
   endloop
 endfacet
 facet normal  7.2739889337e-02 3.2855818147e-02 9.9680961257e-01
   outer loop
     vertex 6.1161308730e-01 -6.3000000000e-01 1.8555258315e-02
     vertex 7.3416551922e-01 -8.4000000000e-01 1.6534081453e-02
     vertex 6.4981582116e-01 -6.3000000000e-01 1.5767501659e-02
   endloop
 endfacet
 facet normal  7.5768920067e-02 3.4071501694e-02 9.9654312678e-01
   outer loop
     vertex 6.4981582116e-01 -6.3000000000e-01 1.5767501659e-02
     vertex 7.3416551922e-01 -8.4000000000e-01 1.6534081453e-02
     vertex 7.6714015357e-01 -8.4000000000e-01 1.4026962225e-02
   endloop
 endfacet
 facet normal  9.1184385500e-02 4.2697393782e-02 9.9491825815e-01
   outer loop
     vertex 6.4981582116e-01 -6.3000000000e-01 1.5767501659e-02
     vertex 7.6714015357e-01 -8.4000000000e-01 1.4026962225e-02
     vertex 6.8499232484e-01 -6.3000000000e-01 1.2543570600e-02
   endloop
 endfacet
 facet normal  8.9141285785e-02 4.1899721013e-02 9.9513729934e-01
   outer loop
     vertex 6.8499232484e-01 -6.3000000000e-01 1.2543570600e-02
     vertex 7.6714015357e-01 -8.4000000000e-01 1.4026962225e-02
     vertex 7.9532211923e-01 -8.4000000000e-01 1.1502509915e-02
   endloop
 endfacet
 facet normal  1.0452463374e-01 4.9991105424e-02 9.9326506549e-01
   outer loop
     vertex 6.8499232484e-01 -6.3000000000e-01 1.2543570600e-02
     vertex 7.9532211923e-01 -8.4000000000e-01 1.1502509915e-02
     vertex 7.1504980758e-01 -6.3000000000e-01 9.3805202894e-03
   endloop
 endfacet
 facet normal  9.9185981827e-02 4.7956953744e-02 9.9391260763e-01
   outer loop
     vertex 7.1504980758e-01 -6.3000000000e-01 9.3805202894e-03
     vertex 7.9532211923e-01 -8.4000000000e-01 1.1502509915e-02
     vertex 8.1790790890e-01 -8.4000000000e-01 9.2485957312e-03
   endloop
 endfacet
 facet normal  1.1454337974e-01 5.5480299217e-02 9.9186780901e-01
   outer loop
     vertex 7.1504980758e-01 -6.3000000000e-01 9.3805202894e-03
     vertex 8.1790790890e-01 -8.4000000000e-01 9.2485957312e-03
     vertex 7.3913486488e-01 -6.3000000000e-01 6.5991175270e-03
   endloop
 endfacet
 facet normal  1.0686646979e-01 5.2613390358e-02 9.9288034968e-01
   outer loop
     vertex 7.3913486488e-01 -6.3000000000e-01 6.5991175270e-03
     vertex 8.1790790890e-01 -8.4000000000e-01 9.2485957312e-03
     vertex 8.3509367916e-01 -8.4000000000e-01 7.3988435434e-03
   endloop
 endfacet
 facet normal  1.2220347070e-01 5.9613329702e-02 9.9071315862e-01
   outer loop
     vertex 7.3913486488e-01 -6.3000000000e-01 6.5991175270e-03
     vertex 8.3509367916e-01 -8.4000000000e-01 7.3988435434e-03
     vertex 7.5745921223e-01 -6.3000000000e-01 4.3388277300e-03
   endloop
 endfacet
 facet normal  1.1276525082e-01 5.6143383695e-02 9.9203423261e-01
   outer loop
     vertex 7.5745921223e-01 -6.3000000000e-01 4.3388277300e-03
     vertex 8.3509367916e-01 -8.4000000000e-01 7.3988435434e-03
     vertex 8.4766122413e-01 -8.4000000000e-01 5.9702815907e-03
   endloop
 endfacet
 facet normal  1.2808643705e-01 6.2706821300e-02 9.8977862131e-01
   outer loop
     vertex 7.5745921223e-01 -6.3000000000e-01 4.3388277300e-03
     vertex 8.4766122413e-01 -8.4000000000e-01 5.9702815907e-03
     vertex 7.7085811450e-01 -6.3000000000e-01 2.6048868106e-03
   endloop
 endfacet
 facet normal  1.1719453647e-01 5.8748835579e-02 9.9136976701e-01
   outer loop
     vertex 7.7085811450e-01 -6.3000000000e-01 2.6048868106e-03
     vertex 8.4766122413e-01 -8.4000000000e-01 5.9702815907e-03
     vertex 8.5658719302e-01 -8.4000000000e-01 4.9151003442e-03
   endloop
 endfacet
 facet normal  1.3250380516e-01 6.4973082736e-02 9.8905067622e-01
   outer loop
     vertex 7.7085811450e-01 -6.3000000000e-01 2.6048868106e-03
     vertex 8.5658719302e-01 -8.4000000000e-01 4.9151003442e-03
     vertex 7.8037387442e-01 -6.3000000000e-01 1.3300538527e-03
   endloop
 endfacet
 facet normal  1.2039850981e-01 6.0610942612e-02 9.9087361074e-01
   outer loop
     vertex 7.8037387442e-01 -6.3000000000e-01 1.3300538527e-03
     vertex 8.5658719302e-01 -8.4000000000e-01 4.9151003442e-03
     vertex 8.6279628559e-01 -8.4000000000e-01 4.1606494395e-03
   endloop
 endfacet
 facet normal  1.3569915244e-01 6.6584398668e-02 9.8851012027e-01
   outer loop
     vertex 7.8037387442e-01 -6.3000000000e-01 1.3300538527e-03
     vertex 8.6279628559e-01 -8.4000000000e-01 4.1606494395e-03
     vertex 7.8699289942e-01 -6.3000000000e-01 4.2141764992e-04
   endloop
 endfacet
 facet normal  1.5444724220e-01 3.8171511051e-02 -9.8726338184e-01
   outer loop
     vertex 8.6279628559e-01 -8.4000000000e-01 4.1606494395e-03
     vertex 9.3859967175e-01 -1.0500000000e+00 7.8998812290e-03
     vertex 8.5661668608e-01 -8.4000000000e-01 3.1939144033e-03
   endloop
 endfacet
 facet normal  1.7191909970e-01 4.5063781580e-02 -9.8407981320e-01
   outer loop
     vertex 9.3859967175e-01 -1.0500000000e+00 7.8998812290e-03
     vertex 9.3285651049e-01 -1.0500000000e+00 6.8965488777e-03
     vertex 8.5661668608e-01 -8.4000000000e-01 3.1939144033e-03
   endloop
 endfacet
 facet normal  1.5124562653e-01 3.7493016846e-02 -9.8778491289e-01
   outer loop
     vertex 8.5661668608e-01 -8.4000000000e-01 3.1939144033e-03
     vertex 9.3285651049e-01 -1.0500000000e+00 6.8965488777e-03
     vertex 8.4773210843e-01 -8.4000000000e-01 1.8335438453e-03
   endloop
 endfacet
 facet normal  1.6872694062e-01 4.4654704904e-02 -9.8465078929e-01
   outer loop
     vertex 9.3285651049e-01 -1.0500000000e+00 6.8965488777e-03
     vertex 9.2459892274e-01 -1.0500000000e+00 5.4815522791e-03
     vertex 8.4773210843e-01 -8.4000000000e-01 1.8335438453e-03
   endloop
 endfacet
 facet normal  1.4682016763e-01 3.6569474849e-02 -9.8848698114e-01
   outer loop
     vertex 8.4773210843e-01 -8.4000000000e-01 1.8335438453e-03
     vertex 9.2459892274e-01 -1.0500000000e+00 5.4815522791e-03
     vertex 8.3522088478e-01 -8.4000000000e-01 -2.4750688008e-05
   endloop
 endfacet
 facet normal  1.6431441548e-01 4.4095563999e-02 -9.8542191680e-01
   outer loop
     vertex 9.2459892274e-01 -1.0500000000e+00 5.4815522791e-03
     vertex 9.1296967313e-01 -1.0500000000e+00 3.5424302440e-03
     vertex 8.3522088478e-01 -8.4000000000e-01 -2.4750688008e-05
   endloop
 endfacet
 facet normal  1.4092745721e-01 3.5369587344e-02 -9.8938791386e-01
   outer loop
     vertex 8.3522088478e-01 -8.4000000000e-01 -2.4750688008e-05
     vertex 9.1296967313e-01 -1.0500000000e+00 3.5424302440e-03
     vertex 8.1810857725e-01 -8.4000000000e-01 -2.4622112163e-03
   endloop
 endfacet
 facet normal  1.5843865978e-01 4.3364714168e-02 -9.8641608495e-01
   outer loop
     vertex 9.1296967313e-01 -1.0500000000e+00 3.5424302440e-03
     vertex 8.9706196463e-01 -1.0500000000e+00 9.8732590952e-04
     vertex 8.1810857725e-01 -8.4000000000e-01 -2.4622112163e-03
   endloop
 endfacet
 facet normal  1.3325685755e-01 3.3830000148e-02 -9.9050398334e-01
   outer loop
     vertex 8.1810857725e-01 -8.4000000000e-01 -2.4622112163e-03
     vertex 8.9706196463e-01 -1.0500000000e+00 9.8732590952e-04
     vertex 7.9561326731e-01 -8.4000000000e-01 -5.4886042071e-03
   endloop
 endfacet
 facet normal  1.5078980312e-01 4.2387778463e-02 -9.8765667694e-01
   outer loop
     vertex 8.9706196463e-01 -1.0500000000e+00 9.8732590952e-04
     vertex 8.7614723767e-01 -1.0500000000e+00 -2.2058156293e-03
     vertex 7.9561326731e-01 -8.4000000000e-01 -5.4886042071e-03
   endloop
 endfacet
 facet normal  1.2322902770e-01 3.1752489900e-02 -9.9187014579e-01
   outer loop
     vertex 7.9561326731e-01 -8.4000000000e-01 -5.4886042071e-03
     vertex 8.7614723767e-01 -1.0500000000e+00 -2.2058156293e-03
     vertex 7.6753433549e-01 -8.4000000000e-01 -8.9771046749e-03
   endloop
 endfacet
 facet normal  1.4079011532e-01 4.0921469574e-02 -9.8919339704e-01
   outer loop
     vertex 8.7614723767e-01 -1.0500000000e+00 -2.2058156293e-03
     vertex 8.5003642082e-01 -1.0500000000e+00 -5.9221211830e-03
     vertex 7.6753433549e-01 -8.4000000000e-01 -8.9771046749e-03
   endloop
 endfacet
 facet normal  1.0988506233e-01 2.8716814057e-02 -9.9352937434e-01
   outer loop
     vertex 7.6753433549e-01 -8.4000000000e-01 -8.9771046749e-03
     vertex 8.5003642082e-01 -1.0500000000e+00 -5.9221211830e-03
     vertex 7.3466495474e-01 -8.4000000000e-01 -1.2612481792e-02
   endloop
 endfacet
 facet normal  1.2748293680e-01 3.8462439304e-02 -9.9109471878e-01
   outer loop
     vertex 8.5003642082e-01 -1.0500000000e+00 -5.9221211830e-03
     vertex 8.1946350224e-01 -1.0500000000e+00 -9.8546670581e-03
     vertex 7.3466495474e-01 -8.4000000000e-01 -1.2612481792e-02
   endloop
 endfacet
 facet normal  9.1447732946e-02 2.3853160712e-02 -9.9552415283e-01
   outer loop
     vertex 7.3466495474e-01 -8.4000000000e-01 -1.2612481792e-02
     vertex 8.1946350224e-01 -1.0500000000e+00 -9.8546670581e-03
     vertex 6.9895529562e-01 -8.4000000000e-01 -1.5892731057e-02
   endloop
 endfacet
 facet normal  1.0909356006e-01 3.4038874133e-02 -9.9344851412e-01
   outer loop
     vertex 8.1946350224e-01 -1.0500000000e+00 -9.8546670581e-03
     vertex 7.8623765832e-01 -1.0500000000e+00 -1.3503296602e-02
     vertex 6.9895529562e-01 -8.4000000000e-01 -1.5892731057e-02
   endloop
 endfacet
 facet normal  8.3262078869e-02 2.3270584230e-02 -9.9625594409e-01
   outer loop
     vertex 6.9895529562e-01 -8.4000000000e-01 -1.5892731057e-02
     vertex 7.8623765832e-01 -1.0500000000e+00 -1.3503296602e-02
     vertex 7.5292878950e-01 -1.0500000000e+00 -1.6287084924e-02
   endloop
 endfacet
 facet normal  6.5549720465e-02 1.8720875753e-02 -9.9767367559e-01
   outer loop
     vertex 6.9895529562e-01 -8.4000000000e-01 -1.5892731057e-02
     vertex 7.5292878950e-01 -1.0500000000e+00 -1.6287084924e-02
     vertex 6.6317306825e-01 -8.4000000000e-01 -1.8243715210e-02
   endloop
 endfacet
 facet normal  4.7691300125e-02 1.1077539763e-02 -9.9880069484e-01
   outer loop
     vertex 6.6317306825e-01 -8.4000000000e-01 -1.8243715210e-02
     vertex 7.5292878950e-01 -1.0500000000e+00 -1.6287084924e-02
     vertex 7.2214082067e-01 -1.0500000000e+00 -1.7757166261e-02
   endloop
 endfacet
 facet normal  2.9934351817e-02 6.0897122027e-03 -9.9953331610e-01
   outer loop
     vertex 6.6317306825e-01 -8.4000000000e-01 -1.8243715210e-02
     vertex 7.2214082067e-01 -1.0500000000e+00 -1.7757166261e-02
     vertex 6.3011996158e-01 -8.4000000000e-01 -1.9233600498e-02
   endloop
 endfacet
 facet normal  6.8293519347e-04 -6.7312198098e-03 -9.9997711188e-01
   outer loop
     vertex 6.3011996158e-01 -8.4000000000e-01 -1.9233600498e-02
     vertex 7.2214082067e-01 -1.0500000000e+00 -1.7757166261e-02
     vertex 6.9576971403e-01 -1.0500000000e+00 -1.7775176430e-02
   endloop
 endfacet
 facet normal  -1.7087875315e-02 -1.2285313475e-02 -9.9977851327e-01
   outer loop
     vertex 6.3011996158e-01 -8.4000000000e-01 -1.9233600498e-02
     vertex 6.9576971403e-01 -1.0500000000e+00 -1.7775176430e-02
     vertex 6.0183233991e-01 -8.4000000000e-01 -1.8750118061e-02
   endloop
 endfacet
 facet normal  -5.9794207513e-02 -3.1379176499e-02 -9.9771739487e-01
   outer loop
     vertex 6.0183233991e-01 -8.4000000000e-01 -1.8750118061e-02
     vertex 6.9576971403e-01 -1.0500000000e+00 -1.7775176430e-02
     vertex 6.7465442127e-01 -1.0500000000e+00 -1.6509715687e-02
   endloop
 endfacet
 facet normal  -7.7499840393e-02 -3.7503727783e-02 -9.9628672838e-01
   outer loop
     vertex 6.0183233991e-01 -8.4000000000e-01 -1.8750118061e-02
     vertex 6.7465442127e-01 -1.0500000000e+00 -1.6509715687e-02
     vertex 5.7920690006e-01 -8.4000000000e-01 -1.6990114713e-02
   endloop
 endfacet
 facet normal  -1.3912953971e-01 -6.5496451357e-02 -9.8810585771e-01
   outer loop
     vertex 5.7920690006e-01 -8.4000000000e-01 -1.6990114713e-02
     vertex 6.7465442127e-01 -1.0500000000e+00 -1.6509715687e-02
     vertex 6.5870582509e-01 -1.0500000000e+00 -1.4264084990e-02
   endloop
 endfacet
 facet normal  -1.5659704647e-01 -7.2069128350e-02 -9.8502964716e-01
   outer loop
     vertex 5.7920690006e-01 -8.4000000000e-01 -1.6990114713e-02
     vertex 6.5870582509e-01 -1.0500000000e+00 -1.4264084990e-02
     vertex 5.6214226646e-01 -8.4000000000e-01 -1.4277230661e-02
   endloop
 endfacet
 facet normal  -2.5264249695e-01 -1.1623183657e-01 -9.6055292874e-01
   outer loop
     vertex 5.6214226646e-01 -8.4000000000e-01 -1.4277230661e-02
     vertex 6.5870582509e-01 -1.0500000000e+00 -1.4264084990e-02
     vertex 6.4731414579e-01 -1.0500000000e+00 -1.1267870812e-02
   endloop
 endfacet
 facet normal  -2.6945308746e-01 -1.2297216683e-01 -9.5512977121e-01
   outer loop
     vertex 5.6214226646e-01 -8.4000000000e-01 -1.4277230661e-02
     vertex 6.4731414579e-01 -1.0500000000e+00 -1.1267870812e-02
     vertex 5.4997997435e-01 -8.4000000000e-01 -1.0846108252e-02
   endloop
 endfacet
 facet normal  -4.4598523272e-01 -2.0496257058e-01 -8.7125628655e-01
   outer loop
     vertex 5.4997997435e-01 -8.4000000000e-01 -1.0846108252e-02
     vertex 6.4731414579e-01 -1.0500000000e+00 -1.1267870812e-02
     vertex 6.3988761573e-01 -1.0500000000e+00 -7.4663226482e-03
   endloop
 endfacet
 facet normal  -4.6077857778e-01 -2.1114761753e-01 -8.6203235779e-01
   outer loop
     vertex 5.4997997435e-01 -8.4000000000e-01 -1.0846108252e-02
     vertex 6.3988761573e-01 -1.0500000000e+00 -7.4663226482e-03
     vertex 5.4208630109e-01 -8.4000000000e-01 -6.6267358546e-03
   endloop
 endfacet
 facet normal  -7.9572503817e-01 -3.6866432802e-01 -4.8052916340e-01
   outer loop
     vertex 5.4208630109e-01 -8.4000000000e-01 -6.6267358546e-03
     vertex 6.3988761573e-01 -1.0500000000e+00 -7.4663226482e-03
     vertex 6.3696900538e-01 -1.0500000000e+00 -2.6332937430e-03
   endloop
 endfacet
 facet normal  -8.0308947052e-01 -3.7170980020e-01 -4.6570283098e-01
   outer loop
     vertex 5.4208630109e-01 -8.4000000000e-01 -6.6267358546e-03
     vertex 6.3696900538e-01 -1.0500000000e+00 -2.6332937430e-03
     vertex 5.3904776762e-01 -8.4000000000e-01 -1.3868831465e-03
   endloop
 endfacet
 facet normal  -8.1470729551e-01 -3.8247805259e-01 4.3584694783e-01
   outer loop
     vertex 5.3904776762e-01 -8.4000000000e-01 -1.3868831465e-03
     vertex 6.3696900538e-01 -1.0500000000e+00 -2.6332937430e-03
     vertex 5.4190499694e-01 -8.4000000000e-01 3.9539953098e-03
   endloop
 endfacet
 facet normal  -8.2138144215e-01 -3.8502785132e-01 4.2081596951e-01
   outer loop
     vertex 6.3696900538e-01 -1.0500000000e+00 -2.6332937430e-03
     vertex 6.3954337109e-01 -1.0500000000e+00 2.3915541133e-03
     vertex 5.4190499694e-01 -8.4000000000e-01 3.9539953098e-03
   endloop
 endfacet
 facet normal  -4.8755290124e-01 -2.3294561822e-01 8.4144429848e-01
   outer loop
     vertex 5.4190499694e-01 -8.4000000000e-01 3.9539953098e-03
     vertex 6.3954337109e-01 -1.0500000000e+00 2.3915541133e-03
     vertex 5.4964947799e-01 -8.4000000000e-01 8.4413323956e-03
   endloop
 endfacet
 facet normal  -5.0170654208e-01 -2.3871632246e-01 8.3144757082e-01
   outer loop
     vertex 6.3954337109e-01 -1.0500000000e+00 2.3915541133e-03
     vertex 6.4668662790e-01 -1.0500000000e+00 6.7018904455e-03
     vertex 5.4964947799e-01 -8.4000000000e-01 8.4413323956e-03
   endloop
 endfacet
 facet normal  -3.0102630536e-01 -1.4690330436e-01 9.4223276458e-01
   outer loop
     vertex 5.4964947799e-01 -8.4000000000e-01 8.4413323956e-03
     vertex 6.4668662790e-01 -1.0500000000e+00 6.7018904455e-03
     vertex 5.6168707784e-01 -8.4000000000e-01 1.2287127557e-02
   endloop
 endfacet
 facet normal  -3.1740902788e-01 -1.5336341851e-01 9.3580509236e-01
   outer loop
     vertex 6.4668662790e-01 -1.0500000000e+00 6.7018904455e-03
     vertex 6.5784155231e-01 -1.0500000000e+00 1.0485449375e-02
     vertex 5.6168707784e-01 -8.4000000000e-01 1.2287127557e-02
   endloop
 endfacet
 facet normal  -1.8988016377e-01 -9.5325575171e-02 9.7716864365e-01
   outer loop
     vertex 5.6168707784e-01 -8.4000000000e-01 1.2287127557e-02
     vertex 6.5784155231e-01 -1.0500000000e+00 1.0485449375e-02
     vertex 5.7864874843e-01 -8.4000000000e-01 1.5583063024e-02
   endloop
 endfacet
 facet normal  -2.0708479405e-01 -1.0171291397e-01 9.7302125938e-01
   outer loop
     vertex 6.5784155231e-01 -1.0500000000e+00 1.0485449375e-02
     vertex 6.7359465123e-01 -1.0500000000e+00 1.3838127659e-02
     vertex 5.7864874843e-01 -8.4000000000e-01 1.5583063024e-02
   endloop
 endfacet
 facet normal  -1.1147407556e-01 -5.8643069750e-02 9.9203554415e-01
   outer loop
     vertex 5.7864874843e-01 -8.4000000000e-01 1.5583063024e-02
     vertex 6.7359465123e-01 -1.0500000000e+00 1.3838127659e-02
     vertex 6.0120060694e-01 -8.4000000000e-01 1.8117193574e-02
   endloop
 endfacet
 facet normal  -1.2903898508e-01 -6.4647229600e-02 9.8953002786e-01
   outer loop
     vertex 6.7359465123e-01 -1.0500000000e+00 1.3838127659e-02
     vertex 6.9457023412e-01 -1.0500000000e+00 1.6573434169e-02
     vertex 6.0120060694e-01 -8.4000000000e-01 1.8117193574e-02
   endloop
 endfacet
 facet normal  -5.1311357556e-02 -3.0152120490e-02 9.9822742610e-01
   outer loop
     vertex 6.0120060694e-01 -8.4000000000e-01 1.8117193574e-02
     vertex 6.9457023412e-01 -1.0500000000e+00 1.6573434169e-02
     vertex 6.2945505754e-01 -8.4000000000e-01 1.9569542187e-02
   endloop
 endfacet
 facet normal  -6.9031314209e-02 -3.5628762852e-02 9.9697806842e-01
   outer loop
     vertex 6.9457023412e-01 -1.0500000000e+00 1.6573434169e-02
     vertex 7.2087835839e-01 -1.0500000000e+00 1.8395023279e-02
     vertex 6.2945505754e-01 -8.4000000000e-01 1.9569542187e-02
   endloop
 endfacet
 facet normal  -4.3277609330e-03 -7.4768250842e-03 9.9996268309e-01
   outer loop
     vertex 6.2945505754e-01 -8.4000000000e-01 1.9569542187e-02
     vertex 7.2087835839e-01 -1.0500000000e+00 1.8395023279e-02
     vertex 6.6252267390e-01 -8.4000000000e-01 1.9712656265e-02
   endloop
 endfacet
 facet normal  -2.2097341294e-02 -1.2412929470e-02 9.9967876175e-01
   outer loop
     vertex 7.2087835839e-01 -1.0500000000e+00 1.8395023279e-02
     vertex 7.5169387697e-01 -1.0500000000e+00 1.9076183125e-02
     vertex 6.6252267390e-01 -8.4000000000e-01 1.9712656265e-02
   endloop
 endfacet
 facet normal  3.1334207864e-02 1.0276104888e-02 9.9945613665e-01
   outer loop
     vertex 6.6252267390e-01 -8.4000000000e-01 1.9712656265e-02
     vertex 7.5169387697e-01 -1.0500000000e+00 1.9076183125e-02
     vertex 6.9836444081e-01 -8.4000000000e-01 1.8588971760e-02
   endloop
 endfacet
 facet normal  1.3567403611e-02 5.7652400393e-03 9.9989133788e-01
   outer loop
     vertex 7.5169387697e-01 -1.0500000000e+00 1.9076183125e-02
     vertex 7.8511579431e-01 -1.0500000000e+00 1.8622685205e-02
     vertex 6.9836444081e-01 -8.4000000000e-01 1.8588971760e-02
   endloop
 endfacet
 facet normal  3.9545885778e-02 1.6496864753e-02 9.9908156643e-01
   outer loop
     vertex 6.9836444081e-01 -8.4000000000e-01 1.8588971760e-02
     vertex 7.8511579431e-01 -1.0500000000e+00 1.8622685205e-02
     vertex 8.1851521728e-01 -1.0500000000e+00 1.7300661248e-02
   endloop
 endfacet
 facet normal  5.7282772569e-02 2.6651585174e-02 9.9800219287e-01
   outer loop
     vertex 6.9836444081e-01 -8.4000000000e-01 1.8588971760e-02
     vertex 8.1851521728e-01 -1.0500000000e+00 1.7300661248e-02
     vertex 7.3416551922e-01 -8.4000000000e-01 1.6534081453e-02
   endloop
 endfacet
 facet normal  5.8058982299e-02 2.6963167341e-02 9.9794896772e-01
   outer loop
     vertex 7.3416551922e-01 -8.4000000000e-01 1.6534081453e-02
     vertex 8.1851521728e-01 -1.0500000000e+00 1.7300661248e-02
     vertex 8.4928798230e-01 -1.0500000000e+00 1.5510353850e-02
   endloop
 endfacet
 facet normal  7.5761933019e-02 3.6675265274e-02 9.9645123033e-01
   outer loop
     vertex 7.3416551922e-01 -8.4000000000e-01 1.6534081453e-02
     vertex 8.4928798230e-01 -1.0500000000e+00 1.5510353850e-02
     vertex 7.6714015357e-01 -8.4000000000e-01 1.4026962225e-02
   endloop
 endfacet
 facet normal  7.1460610772e-02 3.4995344236e-02 9.9682932691e-01
   outer loop
     vertex 7.6714015357e-01 -8.4000000000e-01 1.4026962225e-02
     vertex 8.4928798230e-01 -1.0500000000e+00 1.5510353850e-02
     vertex 8.7559443088e-01 -1.0500000000e+00 1.3624499540e-02
   endloop
 endfacet
 facet normal  8.9132736206e-02 4.4125520345e-02 9.9504185530e-01
   outer loop
     vertex 7.6714015357e-01 -8.4000000000e-01 1.4026962225e-02
     vertex 8.7559443088e-01 -1.0500000000e+00 1.3624499540e-02
     vertex 7.9532211923e-01 -8.4000000000e-01 1.1502509915e-02
   endloop
 endfacet
 facet normal  8.1531001115e-02 4.1227604063e-02 9.9581774463e-01
   outer loop
     vertex 7.9532211923e-01 -8.4000000000e-01 1.1502509915e-02
     vertex 8.7559443088e-01 -1.0500000000e+00 1.3624499540e-02
     vertex 8.9668095292e-01 -1.0500000000e+00 1.1898073935e-02
   endloop
 endfacet
 facet normal  9.9177317369e-02 4.9741042570e-02 9.9382578373e-01
   outer loop
     vertex 7.9532211923e-01 -8.4000000000e-01 1.1502509915e-02
     vertex 8.9668095292e-01 -1.0500000000e+00 1.1898073935e-02
     vertex 8.1790790890e-01 -8.4000000000e-01 9.2485957312e-03
   endloop
 endfacet
 facet normal  8.9233171466e-02 4.6025040036e-02 9.9494680099e-01
   outer loop
     vertex 8.1790790890e-01 -8.4000000000e-01 9.2485957312e-03
     vertex 8.9668095292e-01 -1.0500000000e+00 1.1898073935e-02
     vertex 9.1272814610e-01 -1.0500000000e+00 1.0458859357e-02
   endloop
 endfacet
 facet normal  1.0685871575e-01 5.3971088368e-02 9.9280830803e-01
   outer loop
     vertex 8.1790790890e-01 -8.4000000000e-01 9.2485957312e-03
     vertex 9.1272814610e-01 -1.0500000000e+00 1.0458859357e-02
     vertex 8.3509367916e-01 -8.4000000000e-01 7.3988435434e-03
   endloop
 endfacet
 facet normal  9.5149703657e-02 4.9663027474e-02 9.9422337409e-01
   outer loop
     vertex 8.3509367916e-01 -8.4000000000e-01 7.3988435434e-03
     vertex 9.1272814610e-01 -1.0500000000e+00 1.0458859357e-02
     vertex 9.2446433376e-01 -1.0500000000e+00 9.3356763707e-03
   endloop
 endfacet
 facet normal  1.1275888856e-01 5.7136341636e-02 9.9197826161e-01
   outer loop
     vertex 8.3509367916e-01 -8.4000000000e-01 7.3988435434e-03
     vertex 9.2446433376e-01 -1.0500000000e+00 9.3356763707e-03
     vertex 8.4766122413e-01 -8.4000000000e-01 5.9702815907e-03
   endloop
 endfacet
 facet normal  9.9592906809e-02 5.2347954842e-02 9.9365031301e-01
   outer loop
     vertex 8.4766122413e-01 -8.4000000000e-01 5.9702815907e-03
     vertex 9.2446433376e-01 -1.0500000000e+00 9.3356763707e-03
     vertex 9.3280051162e-01 -1.0500000000e+00 8.5001468357e-03
   endloop
 endfacet
 facet normal  1.1718963426e-01 5.9454137952e-02 9.9132829835e-01
   outer loop
     vertex 8.4766122413e-01 -8.4000000000e-01 5.9702815907e-03
     vertex 9.3280051162e-01 -1.0500000000e+00 8.5001468357e-03
     vertex 8.5658719302e-01 -8.4000000000e-01 4.9151003442e-03
   endloop
 endfacet
 facet normal  1.0280725776e-01 5.4266770646e-02 9.9321990785e-01
   outer loop
     vertex 8.5658719302e-01 -8.4000000000e-01 4.9151003442e-03
     vertex 9.3280051162e-01 -1.0500000000e+00 8.5001468357e-03
     vertex 9.3859967175e-01 -1.0500000000e+00 7.8998812290e-03
   endloop
 endfacet
 facet normal  1.2039490144e-01 6.1101601277e-02 9.9084391406e-01
   outer loop
     vertex 8.5658719302e-01 -8.4000000000e-01 4.9151003442e-03
     vertex 9.3859967175e-01 -1.0500000000e+00 7.8998812290e-03
     vertex 8.6279628559e-01 -8.4000000000e-01 4.1606494395e-03
   endloop
 endfacet
 facet normal  0.0000000000e+00 -1.0000000000e+00 0.0000000000e+00
   outer loop
     vertex 9.3859967175e-01 -1.0500000000e+00 7.8998812290e-03
     vertex 9.3284251077e-01 -1.0500000000e+00 7.2974483672e-03
     vertex 9.3285651049e-01 -1.0500000000e+00 6.8965488777e-03
   endloop
 endfacet
 facet normal  0.0000000000e+00 -1.0000000000e+00 -0.0000000000e+00
   outer loop
     vertex 9.3285651049e-01 -1.0500000000e+00 6.8965488777e-03
     vertex 9.3284251077e-01 -1.0500000000e+00 7.2974483672e-03
     vertex 9.2456527550e-01 -1.0500000000e+00 6.4450833020e-03
   endloop
 endfacet
 facet normal  0.0000000000e+00 -1.0000000000e+00 0.0000000000e+00
   outer loop
     vertex 9.3285651049e-01 -1.0500000000e+00 6.8965488777e-03
     vertex 9.2456527550e-01 -1.0500000000e+00 6.4450833020e-03
     vertex 9.2459892274e-01 -1.0500000000e+00 5.4815522791e-03
   endloop
 endfacet
 facet normal  0.0000000000e+00 -1.0000000000e+00 -0.0000000000e+00
   outer loop
     vertex 9.2459892274e-01 -1.0500000000e+00 5.4815522791e-03
     vertex 9.2456527550e-01 -1.0500000000e+00 6.4450833020e-03
     vertex 9.1290929137e-01 -1.0500000000e+00 5.2715375222e-03
   endloop
 endfacet
 facet normal  0.0000000000e+00 -1.0000000000e+00 0.0000000000e+00
   outer loop
     vertex 9.2459892274e-01 -1.0500000000e+00 5.4815522791e-03
     vertex 9.1290929137e-01 -1.0500000000e+00 5.2715375222e-03
     vertex 9.1296967313e-01 -1.0500000000e+00 3.5424302440e-03
   endloop
 endfacet
 facet normal  0.0000000000e+00 -1.0000000000e+00 -0.0000000000e+00
   outer loop
     vertex 9.1296967313e-01 -1.0500000000e+00 3.5424302440e-03
     vertex 9.1290929137e-01 -1.0500000000e+00 5.2715375222e-03
     vertex 8.9696671170e-01 -1.0500000000e+00 3.7150129160e-03
   endloop
 endfacet
 facet normal  0.0000000000e+00 -1.0000000000e+00 0.0000000000e+00
   outer loop
     vertex 9.1296967313e-01 -1.0500000000e+00 3.5424302440e-03
     vertex 8.9696671170e-01 -1.0500000000e+00 3.7150129160e-03
     vertex 8.9706196463e-01 -1.0500000000e+00 9.8732590952e-04
   endloop
 endfacet
 facet normal  0.0000000000e+00 -1.0000000000e+00 -0.0000000000e+00
   outer loop
     vertex 8.9706196463e-01 -1.0500000000e+00 9.8732590952e-04
     vertex 8.9696671170e-01 -1.0500000000e+00 3.7150129160e-03
     vertex 8.7600903597e-01 -1.0500000000e+00 1.7517631630e-03
   endloop
 endfacet
 facet normal  0.0000000000e+00 -1.0000000000e+00 0.0000000000e+00
   outer loop
     vertex 8.9706196463e-01 -1.0500000000e+00 9.8732590952e-04
     vertex 8.7600903597e-01 -1.0500000000e+00 1.7517631630e-03
     vertex 8.7614723767e-01 -1.0500000000e+00 -2.2058156293e-03
   endloop
 endfacet
 facet normal  0.0000000000e+00 -1.0000000000e+00 -0.0000000000e+00
   outer loop
     vertex 8.7614723767e-01 -1.0500000000e+00 -2.2058156293e-03
     vertex 8.7600903597e-01 -1.0500000000e+00 1.7517631630e-03
     vertex 8.4984931119e-01 -1.0500000000e+00 -5.6400242478e-04
   endloop
 endfacet
 facet normal  0.0000000000e+00 -1.0000000000e+00 0.0000000000e+00
   outer loop
     vertex 8.7614723767e-01 -1.0500000000e+00 -2.2058156293e-03
     vertex 8.4984931119e-01 -1.0500000000e+00 -5.6400242478e-04
     vertex 8.5003642082e-01 -1.0500000000e+00 -5.9221211830e-03
   endloop
 endfacet
 facet normal  0.0000000000e+00 -1.0000000000e+00 -0.0000000000e+00
   outer loop
     vertex 8.5003642082e-01 -1.0500000000e+00 -5.9221211830e-03
     vertex 8.4984931119e-01 -1.0500000000e+00 -5.6400242478e-04
     vertex 8.1922643100e-01 -1.0500000000e+00 -3.0658349815e-03
   endloop
 endfacet
 facet normal  0.0000000000e+00 -1.0000000000e+00 0.0000000000e+00
   outer loop
     vertex 8.5003642082e-01 -1.0500000000e+00 -5.9221211830e-03
     vertex 8.1922643100e-01 -1.0500000000e+00 -3.0658349815e-03
     vertex 8.1946350224e-01 -1.0500000000e+00 -9.8546670581e-03
   endloop
 endfacet
 facet normal  0.0000000000e+00 -1.0000000000e+00 -0.0000000000e+00
   outer loop
     vertex 8.1946350224e-01 -1.0500000000e+00 -9.8546670581e-03
     vertex 8.1922643100e-01 -1.0500000000e+00 -3.0658349815e-03
     vertex 7.8595719232e-01 -1.0500000000e+00 -5.4718011503e-03
   endloop
 endfacet
 facet normal  0.0000000000e+00 -1.0000000000e+00 0.0000000000e+00
   outer loop
     vertex 8.1946350224e-01 -1.0500000000e+00 -9.8546670581e-03
     vertex 7.8595719232e-01 -1.0500000000e+00 -5.4718011503e-03
     vertex 7.8623765832e-01 -1.0500000000e+00 -1.3503296602e-02
   endloop
 endfacet
 facet normal  0.0000000000e+00 -1.0000000000e+00 -0.0000000000e+00
   outer loop
     vertex 7.8623765832e-01 -1.0500000000e+00 -1.3503296602e-02
     vertex 7.8595719232e-01 -1.0500000000e+00 -5.4718011503e-03
     vertex 7.5292878950e-01 -1.0500000000e+00 -1.6287084924e-02
   endloop
 endfacet
 facet normal  0.0000000000e+00 -1.0000000000e+00 0.0000000000e+00
   outer loop
     vertex 7.8595719232e-01 -1.0500000000e+00 -5.4718011503e-03
     vertex 7.5262006137e-01 -1.0500000000e+00 -7.4462679114e-03
     vertex 7.5292878950e-01 -1.0500000000e+00 -1.6287084924e-02
   endloop
 endfacet
 facet normal  0.0000000000e+00 -1.0000000000e+00 -0.0000000000e+00
   outer loop
     vertex 7.5292878950e-01 -1.0500000000e+00 -1.6287084924e-02
     vertex 7.5262006137e-01 -1.0500000000e+00 -7.4462679114e-03
     vertex 7.2214082067e-01 -1.0500000000e+00 -1.7757166261e-02
   endloop
 endfacet
 facet normal  0.0000000000e+00 -1.0000000000e+00 0.0000000000e+00
   outer loop
     vertex 7.5262006137e-01 -1.0500000000e+00 -7.4462679114e-03
     vertex 7.2182520510e-01 -1.0500000000e+00 -8.7191188762e-03
     vertex 7.2214082067e-01 -1.0500000000e+00 -1.7757166261e-02
   endloop
 endfacet
 facet normal  0.0000000000e+00 -1.0000000000e+00 -0.0000000000e+00
   outer loop
     vertex 7.2214082067e-01 -1.0500000000e+00 -1.7757166261e-02
     vertex 7.2182520510e-01 -1.0500000000e+00 -8.7191188762e-03
     vertex 6.9576971403e-01 -1.0500000000e+00 -1.7775176430e-02
   endloop
 endfacet
 facet normal  0.0000000000e+00 -1.0000000000e+00 0.0000000000e+00
   outer loop
     vertex 7.2182520510e-01 -1.0500000000e+00 -8.7191188762e-03
     vertex 6.9546984405e-01 -1.0500000000e+00 -9.1880237807e-03
     vertex 6.9576971403e-01 -1.0500000000e+00 -1.7775176430e-02
   endloop
 endfacet
 facet normal  0.0000000000e+00 -1.0000000000e+00 -0.0000000000e+00
   outer loop
     vertex 6.9576971403e-01 -1.0500000000e+00 -1.7775176430e-02
     vertex 6.9546984405e-01 -1.0500000000e+00 -9.1880237807e-03
     vertex 6.7465442127e-01 -1.0500000000e+00 -1.6509715687e-02
   endloop
 endfacet
 facet normal  0.0000000000e+00 -1.0000000000e+00 0.0000000000e+00
   outer loop
     vertex 6.9546984405e-01 -1.0500000000e+00 -9.1880237807e-03
     vertex 6.7438947876e-01 -1.0500000000e+00 -8.9227548502e-03
     vertex 6.7465442127e-01 -1.0500000000e+00 -1.6509715687e-02
   endloop
 endfacet
 facet normal  0.0000000000e+00 -1.0000000000e+00 -0.0000000000e+00
   outer loop
     vertex 6.7465442127e-01 -1.0500000000e+00 -1.6509715687e-02
     vertex 6.7438947876e-01 -1.0500000000e+00 -8.9227548502e-03
     vertex 6.5870582509e-01 -1.0500000000e+00 -1.4264084990e-02
   endloop
 endfacet
 facet normal  0.0000000000e+00 -1.0000000000e+00 0.0000000000e+00
   outer loop
     vertex 6.7438947876e-01 -1.0500000000e+00 -8.9227548502e-03
     vertex 6.5848975690e-01 -1.0500000000e+00 -8.0767013987e-03
     vertex 6.5870582509e-01 -1.0500000000e+00 -1.4264084990e-02
   endloop
 endfacet
 facet normal  0.0000000000e+00 -1.0000000000e+00 -0.0000000000e+00
   outer loop
     vertex 6.5870582509e-01 -1.0500000000e+00 -1.4264084990e-02
     vertex 6.5848975690e-01 -1.0500000000e+00 -8.0767013987e-03
     vertex 6.4731414579e-01 -1.0500000000e+00 -1.1267870812e-02
   endloop
 endfacet
 facet normal  0.0000000000e+00 -1.0000000000e+00 0.0000000000e+00
   outer loop
     vertex 6.5848975690e-01 -1.0500000000e+00 -8.0767013987e-03
     vertex 6.4715726632e-01 -1.0500000000e+00 -6.7754304974e-03
     vertex 6.4731414579e-01 -1.0500000000e+00 -1.1267870812e-02
   endloop
 endfacet
 facet normal  0.0000000000e+00 -1.0000000000e+00 -0.0000000000e+00
   outer loop
     vertex 6.4731414579e-01 -1.0500000000e+00 -1.1267870812e-02
     vertex 6.4715726632e-01 -1.0500000000e+00 -6.7754304974e-03
     vertex 6.3988761573e-01 -1.0500000000e+00 -7.4663226482e-03
   endloop
 endfacet
 facet normal  0.0000000000e+00 -1.0000000000e+00 0.0000000000e+00
   outer loop
     vertex 6.4715726632e-01 -1.0500000000e+00 -6.7754304974e-03
     vertex 6.3980155457e-01 -1.0500000000e+00 -5.0018534578e-03
     vertex 6.3988761573e-01 -1.0500000000e+00 -7.4663226482e-03
   endloop
 endfacet
 facet normal  -0.0000000000e+00 -1.0000000000e+00 -0.0000000000e+00
   outer loop
     vertex 6.3988761573e-01 -1.0500000000e+00 -7.4663226482e-03
     vertex 6.3980155457e-01 -1.0500000000e+00 -5.0018534578e-03
     vertex 6.3696900538e-01 -1.0500000000e+00 -2.6332937430e-03
   endloop
 endfacet
 facet normal  -0.0000000000e+00 -1.0000000000e+00 0.0000000000e+00
   outer loop
     vertex 6.3696900538e-01 -1.0500000000e+00 -2.6332937430e-03
     vertex 6.3962943225e-01 -1.0500000000e+00 -7.2915077094e-05
     vertex 6.3954337109e-01 -1.0500000000e+00 2.3915541133e-03
   endloop
 endfacet
 facet normal  0.0000000000e+00 -1.0000000000e+00 0.0000000000e+00
   outer loop
     vertex 6.3954337109e-01 -1.0500000000e+00 2.3915541133e-03
     vertex 6.3962943225e-01 -1.0500000000e+00 -7.2915077094e-05
     vertex 6.4684350737e-01 -1.0500000000e+00 2.2094501312e-03
   endloop
 endfacet
 facet normal  0.0000000000e+00 -1.0000000000e+00 0.0000000000e+00
   outer loop
     vertex 6.3954337109e-01 -1.0500000000e+00 2.3915541133e-03
     vertex 6.4684350737e-01 -1.0500000000e+00 2.2094501312e-03
     vertex 6.4668662790e-01 -1.0500000000e+00 6.7018904455e-03
   endloop
 endfacet
 facet normal  0.0000000000e+00 -1.0000000000e+00 0.0000000000e+00
   outer loop
     vertex 6.4668662790e-01 -1.0500000000e+00 6.7018904455e-03
     vertex 6.4684350737e-01 -1.0500000000e+00 2.2094501312e-03
     vertex 6.5805762051e-01 -1.0500000000e+00 4.2980657837e-03
   endloop
 endfacet
 facet normal  0.0000000000e+00 -1.0000000000e+00 0.0000000000e+00
   outer loop
     vertex 6.4668662790e-01 -1.0500000000e+00 6.7018904455e-03
     vertex 6.5805762051e-01 -1.0500000000e+00 4.2980657837e-03
     vertex 6.5784155231e-01 -1.0500000000e+00 1.0485449375e-02
   endloop
 endfacet
 facet normal  0.0000000000e+00 -1.0000000000e+00 0.0000000000e+00
   outer loop
     vertex 6.5784155231e-01 -1.0500000000e+00 1.0485449375e-02
     vertex 6.5805762051e-01 -1.0500000000e+00 4.2980657837e-03
     vertex 6.7385959374e-01 -1.0500000000e+00 6.2511668224e-03
   endloop
 endfacet
 facet normal  0.0000000000e+00 -1.0000000000e+00 0.0000000000e+00
   outer loop
     vertex 6.5784155231e-01 -1.0500000000e+00 1.0485449375e-02
     vertex 6.7385959374e-01 -1.0500000000e+00 6.2511668224e-03
     vertex 6.7359465123e-01 -1.0500000000e+00 1.3838127659e-02
   endloop
 endfacet
 facet normal  0.0000000000e+00 -1.0000000000e+00 0.0000000000e+00
   outer loop
     vertex 6.7359465123e-01 -1.0500000000e+00 1.3838127659e-02
     vertex 6.7385959374e-01 -1.0500000000e+00 6.2511668224e-03
     vertex 6.9487010410e-01 -1.0500000000e+00 7.9862815189e-03
   endloop
 endfacet
 facet normal  0.0000000000e+00 -1.0000000000e+00 0.0000000000e+00
   outer loop
     vertex 6.7359465123e-01 -1.0500000000e+00 1.3838127659e-02
     vertex 6.9487010410e-01 -1.0500000000e+00 7.9862815189e-03
     vertex 6.9457023412e-01 -1.0500000000e+00 1.6573434169e-02
   endloop
 endfacet
 facet normal  0.0000000000e+00 -1.0000000000e+00 0.0000000000e+00
   outer loop
     vertex 6.9457023412e-01 -1.0500000000e+00 1.6573434169e-02
     vertex 6.9487010410e-01 -1.0500000000e+00 7.9862815189e-03
     vertex 7.2119397396e-01 -1.0500000000e+00 9.3569758942e-03
   endloop
 endfacet
 facet normal  0.0000000000e+00 -1.0000000000e+00 0.0000000000e+00
   outer loop
     vertex 6.9457023412e-01 -1.0500000000e+00 1.6573434169e-02
     vertex 7.2119397396e-01 -1.0500000000e+00 9.3569758942e-03
     vertex 7.2087835839e-01 -1.0500000000e+00 1.8395023279e-02
   endloop
 endfacet
 facet normal  0.0000000000e+00 -1.0000000000e+00 0.0000000000e+00
   outer loop
     vertex 7.2087835839e-01 -1.0500000000e+00 1.8395023279e-02
     vertex 7.2119397396e-01 -1.0500000000e+00 9.3569758942e-03
     vertex 7.5200260510e-01 -1.0500000000e+00 1.0235366113e-02
   endloop
 endfacet
 facet normal  0.0000000000e+00 -1.0000000000e+00 0.0000000000e+00
   outer loop
     vertex 7.2087835839e-01 -1.0500000000e+00 1.8395023279e-02
     vertex 7.5200260510e-01 -1.0500000000e+00 1.0235366113e-02
     vertex 7.5169387697e-01 -1.0500000000e+00 1.9076183125e-02
   endloop
 endfacet
 facet normal  0.0000000000e+00 -1.0000000000e+00 0.0000000000e+00
   outer loop
     vertex 7.5169387697e-01 -1.0500000000e+00 1.9076183125e-02
     vertex 7.5200260510e-01 -1.0500000000e+00 1.0235366113e-02
     vertex 7.8539626031e-01 -1.0500000000e+00 1.0591189753e-02
   endloop
 endfacet
 facet normal  0.0000000000e+00 -1.0000000000e+00 0.0000000000e+00
   outer loop
     vertex 7.5169387697e-01 -1.0500000000e+00 1.9076183125e-02
     vertex 7.8539626031e-01 -1.0500000000e+00 1.0591189753e-02
     vertex 7.8511579431e-01 -1.0500000000e+00 1.8622685205e-02
   endloop
 endfacet
 facet normal  0.0000000000e+00 -1.0000000000e+00 0.0000000000e+00
   outer loop
     vertex 7.8511579431e-01 -1.0500000000e+00 1.8622685205e-02
     vertex 7.8539626031e-01 -1.0500000000e+00 1.0591189753e-02
     vertex 8.1851521728e-01 -1.0500000000e+00 1.7300661248e-02
   endloop
 endfacet
 facet normal  0.0000000000e+00 -1.0000000000e+00 0.0000000000e+00
   outer loop
     vertex 7.8539626031e-01 -1.0500000000e+00 1.0591189753e-02
     vertex 8.1875228852e-01 -1.0500000000e+00 1.0511829172e-02
     vertex 8.1851521728e-01 -1.0500000000e+00 1.7300661248e-02
   endloop
 endfacet
 facet normal  0.0000000000e+00 -1.0000000000e+00 0.0000000000e+00
   outer loop
     vertex 8.1851521728e-01 -1.0500000000e+00 1.7300661248e-02
     vertex 8.1875228852e-01 -1.0500000000e+00 1.0511829172e-02
     vertex 8.4928798230e-01 -1.0500000000e+00 1.5510353850e-02
   endloop
 endfacet
 facet normal  0.0000000000e+00 -1.0000000000e+00 0.0000000000e+00
   outer loop
     vertex 8.1875228852e-01 -1.0500000000e+00 1.0511829172e-02
     vertex 8.4947509193e-01 -1.0500000000e+00 1.0152235092e-02
     vertex 8.4928798230e-01 -1.0500000000e+00 1.5510353850e-02
   endloop
 endfacet
 facet normal  0.0000000000e+00 -1.0000000000e+00 0.0000000000e+00
   outer loop
     vertex 8.4928798230e-01 -1.0500000000e+00 1.5510353850e-02
     vertex 8.4947509193e-01 -1.0500000000e+00 1.0152235092e-02
     vertex 8.7559443088e-01 -1.0500000000e+00 1.3624499540e-02
   endloop
 endfacet
 facet normal  0.0000000000e+00 -1.0000000000e+00 0.0000000000e+00
   outer loop
     vertex 8.4947509193e-01 -1.0500000000e+00 1.0152235092e-02
     vertex 8.7573263258e-01 -1.0500000000e+00 9.6669207474e-03
     vertex 8.7559443088e-01 -1.0500000000e+00 1.3624499540e-02
   endloop
 endfacet
 facet normal  0.0000000000e+00 -1.0000000000e+00 0.0000000000e+00
   outer loop
     vertex 8.7559443088e-01 -1.0500000000e+00 1.3624499540e-02
     vertex 8.7573263258e-01 -1.0500000000e+00 9.6669207474e-03
     vertex 8.9668095292e-01 -1.0500000000e+00 1.1898073935e-02
   endloop
 endfacet
 facet normal  0.0000000000e+00 -1.0000000000e+00 0.0000000000e+00
   outer loop
     vertex 8.7573263258e-01 -1.0500000000e+00 9.6669207474e-03
     vertex 8.9677620585e-01 -1.0500000000e+00 9.1703869290e-03
     vertex 8.9668095292e-01 -1.0500000000e+00 1.1898073935e-02
   endloop
 endfacet
 facet normal  0.0000000000e+00 -1.0000000000e+00 0.0000000000e+00
   outer loop
     vertex 8.9668095292e-01 -1.0500000000e+00 1.1898073935e-02
     vertex 8.9677620585e-01 -1.0500000000e+00 9.1703869290e-03
     vertex 9.1272814610e-01 -1.0500000000e+00 1.0458859357e-02
   endloop
 endfacet
 facet normal  0.0000000000e+00 -1.0000000000e+00 0.0000000000e+00
   outer loop
     vertex 8.9677620585e-01 -1.0500000000e+00 9.1703869290e-03
     vertex 9.1278852786e-01 -1.0500000000e+00 8.7297520785e-03
     vertex 9.1272814610e-01 -1.0500000000e+00 1.0458859357e-02
   endloop
 endfacet
 facet normal  0.0000000000e+00 -1.0000000000e+00 0.0000000000e+00
   outer loop
     vertex 9.1272814610e-01 -1.0500000000e+00 1.0458859357e-02
     vertex 9.1278852786e-01 -1.0500000000e+00 8.7297520785e-03
     vertex 9.2446433376e-01 -1.0500000000e+00 9.3356763707e-03
   endloop
 endfacet
 facet normal  0.0000000000e+00 -1.0000000000e+00 0.0000000000e+00
   outer loop
     vertex 9.1278852786e-01 -1.0500000000e+00 8.7297520785e-03
     vertex 9.2449798101e-01 -1.0500000000e+00 8.3721453478e-03
     vertex 9.2446433376e-01 -1.0500000000e+00 9.3356763707e-03
   endloop
 endfacet
 facet normal  0.0000000000e+00 -1.0000000000e+00 0.0000000000e+00
   outer loop
     vertex 9.2446433376e-01 -1.0500000000e+00 9.3356763707e-03
     vertex 9.2449798101e-01 -1.0500000000e+00 8.3721453478e-03
     vertex 9.3280051162e-01 -1.0500000000e+00 8.5001468357e-03
   endloop
 endfacet
 facet normal  0.0000000000e+00 -1.0000000000e+00 0.0000000000e+00
   outer loop
     vertex 9.2449798101e-01 -1.0500000000e+00 8.3721453478e-03
     vertex 9.3281451134e-01 -1.0500000000e+00 8.0992473462e-03
     vertex 9.3280051162e-01 -1.0500000000e+00 8.5001468357e-03
   endloop
 endfacet
 facet normal  0.0000000000e+00 -1.0000000000e+00 0.0000000000e+00
   outer loop
     vertex 9.3280051162e-01 -1.0500000000e+00 8.5001468357e-03
     vertex 9.3281451134e-01 -1.0500000000e+00 8.0992473462e-03
     vertex 9.3859967175e-01 -1.0500000000e+00 7.8998812290e-03
   endloop
 endfacet
 facet normal  0.0000000000e+00 -1.0000000000e+00 0.0000000000e+00
   outer loop
     vertex 9.3859967175e-01 -1.0500000000e+00 7.8998812290e-03
     vertex 9.3282851105e-01 -1.0500000000e+00 7.6983478567e-03
     vertex 9.3284251077e-01 -1.0500000000e+00 7.2974483672e-03
   endloop
 endfacet
 facet normal  0.0000000000e+00 -1.0000000000e+00 -0.0000000000e+00
   outer loop
     vertex 9.3284251077e-01 -1.0500000000e+00 7.2974483672e-03
     vertex 9.3282851105e-01 -1.0500000000e+00 7.6983478567e-03
     vertex 9.2453162825e-01 -1.0500000000e+00 7.4086143249e-03
   endloop
 endfacet
 facet normal  0.0000000000e+00 -1.0000000000e+00 0.0000000000e+00
   outer loop
     vertex 9.3284251077e-01 -1.0500000000e+00 7.2974483672e-03
     vertex 9.2453162825e-01 -1.0500000000e+00 7.4086143249e-03
     vertex 9.2456527550e-01 -1.0500000000e+00 6.4450833020e-03
   endloop
 endfacet
 facet normal  0.0000000000e+00 -1.0000000000e+00 -0.0000000000e+00
   outer loop
     vertex 9.2456527550e-01 -1.0500000000e+00 6.4450833020e-03
     vertex 9.2453162825e-01 -1.0500000000e+00 7.4086143249e-03
     vertex 9.1284890962e-01 -1.0500000000e+00 7.0006448003e-03
   endloop
 endfacet
 facet normal  0.0000000000e+00 -1.0000000000e+00 0.0000000000e+00
   outer loop
     vertex 9.2456527550e-01 -1.0500000000e+00 6.4450833020e-03
     vertex 9.1284890962e-01 -1.0500000000e+00 7.0006448003e-03
     vertex 9.1290929137e-01 -1.0500000000e+00 5.2715375222e-03
   endloop
 endfacet
 facet normal  0.0000000000e+00 -1.0000000000e+00 -0.0000000000e+00
   outer loop
     vertex 9.1290929137e-01 -1.0500000000e+00 5.2715375222e-03
     vertex 9.1284890962e-01 -1.0500000000e+00 7.0006448003e-03
     vertex 8.9687145878e-01 -1.0500000000e+00 6.4426999225e-03
   endloop
 endfacet
 facet normal  0.0000000000e+00 -1.0000000000e+00 0.0000000000e+00
   outer loop
     vertex 9.1290929137e-01 -1.0500000000e+00 5.2715375222e-03
     vertex 8.9687145878e-01 -1.0500000000e+00 6.4426999225e-03
     vertex 8.9696671170e-01 -1.0500000000e+00 3.7150129160e-03
   endloop
 endfacet
 facet normal  0.0000000000e+00 -1.0000000000e+00 -0.0000000000e+00
   outer loop
     vertex 8.9696671170e-01 -1.0500000000e+00 3.7150129160e-03
     vertex 8.9687145878e-01 -1.0500000000e+00 6.4426999225e-03
     vertex 8.7587083428e-01 -1.0500000000e+00 5.7093419552e-03
   endloop
 endfacet
 facet normal  0.0000000000e+00 -1.0000000000e+00 0.0000000000e+00
   outer loop
     vertex 8.9696671170e-01 -1.0500000000e+00 3.7150129160e-03
     vertex 8.7587083428e-01 -1.0500000000e+00 5.7093419552e-03
     vertex 8.7600903597e-01 -1.0500000000e+00 1.7517631630e-03
   endloop
 endfacet
 facet normal  0.0000000000e+00 -1.0000000000e+00 -0.0000000000e+00
   outer loop
     vertex 8.7600903597e-01 -1.0500000000e+00 1.7517631630e-03
     vertex 8.7587083428e-01 -1.0500000000e+00 5.7093419552e-03
     vertex 8.4966220156e-01 -1.0500000000e+00 4.7941163335e-03
   endloop
 endfacet
 facet normal  0.0000000000e+00 -1.0000000000e+00 0.0000000000e+00
   outer loop
     vertex 8.7600903597e-01 -1.0500000000e+00 1.7517631630e-03
     vertex 8.4966220156e-01 -1.0500000000e+00 4.7941163335e-03
     vertex 8.4984931119e-01 -1.0500000000e+00 -5.6400242478e-04
   endloop
 endfacet
 facet normal  0.0000000000e+00 -1.0000000000e+00 -0.0000000000e+00
   outer loop
     vertex 8.4984931119e-01 -1.0500000000e+00 -5.6400242478e-04
     vertex 8.4966220156e-01 -1.0500000000e+00 4.7941163335e-03
     vertex 8.1898935976e-01 -1.0500000000e+00 3.7229970951e-03
   endloop
 endfacet
 facet normal  0.0000000000e+00 -1.0000000000e+00 0.0000000000e+00
   outer loop
     vertex 8.4984931119e-01 -1.0500000000e+00 -5.6400242478e-04
     vertex 8.1898935976e-01 -1.0500000000e+00 3.7229970951e-03
     vertex 8.1922643100e-01 -1.0500000000e+00 -3.0658349815e-03
   endloop
 endfacet
 facet normal  0.0000000000e+00 -1.0000000000e+00 -0.0000000000e+00
   outer loop
     vertex 8.1922643100e-01 -1.0500000000e+00 -3.0658349815e-03
     vertex 8.1898935976e-01 -1.0500000000e+00 3.7229970951e-03
     vertex 7.8567672631e-01 -1.0500000000e+00 2.5596943015e-03
   endloop
 endfacet
 facet normal  0.0000000000e+00 -1.0000000000e+00 0.0000000000e+00
   outer loop
     vertex 8.1922643100e-01 -1.0500000000e+00 -3.0658349815e-03
     vertex 7.8567672631e-01 -1.0500000000e+00 2.5596943015e-03
     vertex 7.8595719232e-01 -1.0500000000e+00 -5.4718011503e-03
   endloop
 endfacet
 facet normal  0.0000000000e+00 -1.0000000000e+00 -0.0000000000e+00
   outer loop
     vertex 7.8595719232e-01 -1.0500000000e+00 -5.4718011503e-03
     vertex 7.8567672631e-01 -1.0500000000e+00 2.5596943015e-03
     vertex 7.5262006137e-01 -1.0500000000e+00 -7.4462679114e-03
   endloop
 endfacet
 facet normal  0.0000000000e+00 -1.0000000000e+00 0.0000000000e+00
   outer loop
     vertex 7.8567672631e-01 -1.0500000000e+00 2.5596943015e-03
     vertex 7.5231133323e-01 -1.0500000000e+00 1.3945491007e-03
     vertex 7.5262006137e-01 -1.0500000000e+00 -7.4462679114e-03
   endloop
 endfacet
 facet normal  0.0000000000e+00 -1.0000000000e+00 -0.0000000000e+00
   outer loop
     vertex 7.5262006137e-01 -1.0500000000e+00 -7.4462679114e-03
     vertex 7.5231133323e-01 -1.0500000000e+00 1.3945491007e-03
     vertex 7.2182520510e-01 -1.0500000000e+00 -8.7191188762e-03
   endloop
 endfacet
 facet normal  0.0000000000e+00 -1.0000000000e+00 0.0000000000e+00
   outer loop
     vertex 7.5231133323e-01 -1.0500000000e+00 1.3945491007e-03
     vertex 7.2150958953e-01 -1.0500000000e+00 3.1892850898e-04
     vertex 7.2182520510e-01 -1.0500000000e+00 -8.7191188762e-03
   endloop
 endfacet
 facet normal  0.0000000000e+00 -1.0000000000e+00 -0.0000000000e+00
   outer loop
     vertex 7.2182520510e-01 -1.0500000000e+00 -8.7191188762e-03
     vertex 7.2150958953e-01 -1.0500000000e+00 3.1892850898e-04
     vertex 6.9546984405e-01 -1.0500000000e+00 -9.1880237807e-03
   endloop
 endfacet
 facet normal  0.0000000000e+00 -1.0000000000e+00 0.0000000000e+00
   outer loop
     vertex 7.2150958953e-01 -1.0500000000e+00 3.1892850898e-04
     vertex 6.9516997407e-01 -1.0500000000e+00 -6.0087113091e-04
     vertex 6.9546984405e-01 -1.0500000000e+00 -9.1880237807e-03
   endloop
 endfacet
 facet normal  0.0000000000e+00 -1.0000000000e+00 -0.0000000000e+00
   outer loop
     vertex 6.9546984405e-01 -1.0500000000e+00 -9.1880237807e-03
     vertex 6.9516997407e-01 -1.0500000000e+00 -6.0087113091e-04
     vertex 6.7438947876e-01 -1.0500000000e+00 -8.9227548502e-03
   endloop
 endfacet
 facet normal  0.0000000000e+00 -1.0000000000e+00 0.0000000000e+00
   outer loop
     vertex 6.9516997407e-01 -1.0500000000e+00 -6.0087113091e-04
     vertex 6.7412453625e-01 -1.0500000000e+00 -1.3357940139e-03
     vertex 6.7438947876e-01 -1.0500000000e+00 -8.9227548502e-03
   endloop
 endfacet
 facet normal  0.0000000000e+00 -1.0000000000e+00 -0.0000000000e+00
   outer loop
     vertex 6.7438947876e-01 -1.0500000000e+00 -8.9227548502e-03
     vertex 6.7412453625e-01 -1.0500000000e+00 -1.3357940139e-03
     vertex 6.5848975690e-01 -1.0500000000e+00 -8.0767013987e-03
   endloop
 endfacet
 facet normal  0.0000000000e+00 -1.0000000000e+00 0.0000000000e+00
   outer loop
     vertex 6.7412453625e-01 -1.0500000000e+00 -1.3357940139e-03
     vertex 6.5827368870e-01 -1.0500000000e+00 -1.8893178075e-03
     vertex 6.5848975690e-01 -1.0500000000e+00 -8.0767013987e-03
   endloop
 endfacet
 facet normal  0.0000000000e+00 -1.0000000000e+00 -0.0000000000e+00
   outer loop
     vertex 6.5848975690e-01 -1.0500000000e+00 -8.0767013987e-03
     vertex 6.5827368870e-01 -1.0500000000e+00 -1.8893178075e-03
     vertex 6.4715726632e-01 -1.0500000000e+00 -6.7754304974e-03
   endloop
 endfacet
 facet normal  0.0000000000e+00 -1.0000000000e+00 0.0000000000e+00
   outer loop
     vertex 6.5827368870e-01 -1.0500000000e+00 -1.8893178075e-03
     vertex 6.4700038684e-01 -1.0500000000e+00 -2.2829901831e-03
     vertex 6.4715726632e-01 -1.0500000000e+00 -6.7754304974e-03
   endloop
 endfacet
 facet normal  0.0000000000e+00 -1.0000000000e+00 -0.0000000000e+00
   outer loop
     vertex 6.4715726632e-01 -1.0500000000e+00 -6.7754304974e-03
     vertex 6.4700038684e-01 -1.0500000000e+00 -2.2829901831e-03
     vertex 6.3980155457e-01 -1.0500000000e+00 -5.0018534578e-03
   endloop
 endfacet
 facet normal  0.0000000000e+00 -1.0000000000e+00 0.0000000000e+00
   outer loop
     vertex 6.4700038684e-01 -1.0500000000e+00 -2.2829901831e-03
     vertex 6.3971549341e-01 -1.0500000000e+00 -2.5373842674e-03
     vertex 6.3980155457e-01 -1.0500000000e+00 -5.0018534578e-03
   endloop
 endfacet
 facet normal  0.0000000000e+00 -1.0000000000e+00 -0.0000000000e+00
   outer loop
     vertex 6.3980155457e-01 -1.0500000000e+00 -5.0018534578e-03
     vertex 6.3971549341e-01 -1.0500000000e+00 -2.5373842674e-03
     vertex 6.3696900538e-01 -1.0500000000e+00 -2.6332937430e-03
   endloop
 endfacet
 facet normal  -0.0000000000e+00 -1.0000000000e+00 0.0000000000e+00
   outer loop
     vertex 6.3696900538e-01 -1.0500000000e+00 -2.6332937430e-03
     vertex 6.3971549341e-01 -1.0500000000e+00 -2.5373842674e-03
     vertex 6.3962943225e-01 -1.0500000000e+00 -7.2915077094e-05
   endloop
 endfacet
 facet normal  0.0000000000e+00 -1.0000000000e+00 0.0000000000e+00
   outer loop
     vertex 6.3962943225e-01 -1.0500000000e+00 -7.2915077094e-05
     vertex 6.3971549341e-01 -1.0500000000e+00 -2.5373842674e-03
     vertex 6.4700038684e-01 -1.0500000000e+00 -2.2829901831e-03
   endloop
 endfacet
 facet normal  0.0000000000e+00 -1.0000000000e+00 0.0000000000e+00
   outer loop
     vertex 6.3962943225e-01 -1.0500000000e+00 -7.2915077094e-05
     vertex 6.4700038684e-01 -1.0500000000e+00 -2.2829901831e-03
     vertex 6.4684350737e-01 -1.0500000000e+00 2.2094501312e-03
   endloop
 endfacet
 facet normal  0.0000000000e+00 -1.0000000000e+00 0.0000000000e+00
   outer loop
     vertex 6.4684350737e-01 -1.0500000000e+00 2.2094501312e-03
     vertex 6.4700038684e-01 -1.0500000000e+00 -2.2829901831e-03
     vertex 6.5827368870e-01 -1.0500000000e+00 -1.8893178075e-03
   endloop
 endfacet
 facet normal  0.0000000000e+00 -1.0000000000e+00 0.0000000000e+00
   outer loop
     vertex 6.4684350737e-01 -1.0500000000e+00 2.2094501312e-03
     vertex 6.5827368870e-01 -1.0500000000e+00 -1.8893178075e-03
     vertex 6.5805762051e-01 -1.0500000000e+00 4.2980657837e-03
   endloop
 endfacet
 facet normal  0.0000000000e+00 -1.0000000000e+00 0.0000000000e+00
   outer loop
     vertex 6.5805762051e-01 -1.0500000000e+00 4.2980657837e-03
     vertex 6.5827368870e-01 -1.0500000000e+00 -1.8893178075e-03
     vertex 6.7412453625e-01 -1.0500000000e+00 -1.3357940139e-03
   endloop
 endfacet
 facet normal  0.0000000000e+00 -1.0000000000e+00 0.0000000000e+00
   outer loop
     vertex 6.5805762051e-01 -1.0500000000e+00 4.2980657837e-03
     vertex 6.7412453625e-01 -1.0500000000e+00 -1.3357940139e-03
     vertex 6.7385959374e-01 -1.0500000000e+00 6.2511668224e-03
   endloop
 endfacet
 facet normal  0.0000000000e+00 -1.0000000000e+00 0.0000000000e+00
   outer loop
     vertex 6.7385959374e-01 -1.0500000000e+00 6.2511668224e-03
     vertex 6.7412453625e-01 -1.0500000000e+00 -1.3357940139e-03
     vertex 6.9516997407e-01 -1.0500000000e+00 -6.0087113091e-04
   endloop
 endfacet
 facet normal  0.0000000000e+00 -1.0000000000e+00 0.0000000000e+00
   outer loop
     vertex 6.7385959374e-01 -1.0500000000e+00 6.2511668224e-03
     vertex 6.9516997407e-01 -1.0500000000e+00 -6.0087113091e-04
     vertex 6.9487010410e-01 -1.0500000000e+00 7.9862815189e-03
   endloop
 endfacet
 facet normal  0.0000000000e+00 -1.0000000000e+00 0.0000000000e+00
   outer loop
     vertex 6.9487010410e-01 -1.0500000000e+00 7.9862815189e-03
     vertex 6.9516997407e-01 -1.0500000000e+00 -6.0087113091e-04
     vertex 7.2150958953e-01 -1.0500000000e+00 3.1892850898e-04
   endloop
 endfacet
 facet normal  0.0000000000e+00 -1.0000000000e+00 0.0000000000e+00
   outer loop
     vertex 6.9487010410e-01 -1.0500000000e+00 7.9862815189e-03
     vertex 7.2150958953e-01 -1.0500000000e+00 3.1892850898e-04
     vertex 7.2119397396e-01 -1.0500000000e+00 9.3569758942e-03
   endloop
 endfacet
 facet normal  0.0000000000e+00 -1.0000000000e+00 0.0000000000e+00
   outer loop
     vertex 7.2119397396e-01 -1.0500000000e+00 9.3569758942e-03
     vertex 7.2150958953e-01 -1.0500000000e+00 3.1892850898e-04
     vertex 7.5231133323e-01 -1.0500000000e+00 1.3945491007e-03
   endloop
 endfacet
 facet normal  0.0000000000e+00 -1.0000000000e+00 0.0000000000e+00
   outer loop
     vertex 7.2119397396e-01 -1.0500000000e+00 9.3569758942e-03
     vertex 7.5231133323e-01 -1.0500000000e+00 1.3945491007e-03
     vertex 7.5200260510e-01 -1.0500000000e+00 1.0235366113e-02
   endloop
 endfacet
 facet normal  0.0000000000e+00 -1.0000000000e+00 0.0000000000e+00
   outer loop
     vertex 7.5200260510e-01 -1.0500000000e+00 1.0235366113e-02
     vertex 7.5231133323e-01 -1.0500000000e+00 1.3945491007e-03
     vertex 7.8567672631e-01 -1.0500000000e+00 2.5596943015e-03
   endloop
 endfacet
 facet normal  0.0000000000e+00 -1.0000000000e+00 0.0000000000e+00
   outer loop
     vertex 7.5200260510e-01 -1.0500000000e+00 1.0235366113e-02
     vertex 7.8567672631e-01 -1.0500000000e+00 2.5596943015e-03
     vertex 7.8539626031e-01 -1.0500000000e+00 1.0591189753e-02
   endloop
 endfacet
 facet normal  0.0000000000e+00 -1.0000000000e+00 0.0000000000e+00
   outer loop
     vertex 7.8539626031e-01 -1.0500000000e+00 1.0591189753e-02
     vertex 7.8567672631e-01 -1.0500000000e+00 2.5596943015e-03
     vertex 8.1875228852e-01 -1.0500000000e+00 1.0511829172e-02
   endloop
 endfacet
 facet normal  -0.0000000000e+00 -1.0000000000e+00 0.0000000000e+00
   outer loop
     vertex 7.8567672631e-01 -1.0500000000e+00 2.5596943015e-03
     vertex 8.1898935976e-01 -1.0500000000e+00 3.7229970951e-03
     vertex 8.1875228852e-01 -1.0500000000e+00 1.0511829172e-02
   endloop
 endfacet
 facet normal  0.0000000000e+00 -1.0000000000e+00 0.0000000000e+00
   outer loop
     vertex 8.1875228852e-01 -1.0500000000e+00 1.0511829172e-02
     vertex 8.1898935976e-01 -1.0500000000e+00 3.7229970951e-03
     vertex 8.4947509193e-01 -1.0500000000e+00 1.0152235092e-02
   endloop
 endfacet
 facet normal  -0.0000000000e+00 -1.0000000000e+00 0.0000000000e+00
   outer loop
     vertex 8.1898935976e-01 -1.0500000000e+00 3.7229970951e-03
     vertex 8.4966220156e-01 -1.0500000000e+00 4.7941163335e-03
     vertex 8.4947509193e-01 -1.0500000000e+00 1.0152235092e-02
   endloop
 endfacet
 facet normal  0.0000000000e+00 -1.0000000000e+00 0.0000000000e+00
   outer loop
     vertex 8.4947509193e-01 -1.0500000000e+00 1.0152235092e-02
     vertex 8.4966220156e-01 -1.0500000000e+00 4.7941163335e-03
     vertex 8.7573263258e-01 -1.0500000000e+00 9.6669207474e-03
   endloop
 endfacet
 facet normal  -0.0000000000e+00 -1.0000000000e+00 0.0000000000e+00
   outer loop
     vertex 8.4966220156e-01 -1.0500000000e+00 4.7941163335e-03
     vertex 8.7587083428e-01 -1.0500000000e+00 5.7093419552e-03
     vertex 8.7573263258e-01 -1.0500000000e+00 9.6669207474e-03
   endloop
 endfacet
 facet normal  0.0000000000e+00 -1.0000000000e+00 0.0000000000e+00
   outer loop
     vertex 8.7573263258e-01 -1.0500000000e+00 9.6669207474e-03
     vertex 8.7587083428e-01 -1.0500000000e+00 5.7093419552e-03
     vertex 8.9677620585e-01 -1.0500000000e+00 9.1703869290e-03
   endloop
 endfacet
 facet normal  -0.0000000000e+00 -1.0000000000e+00 0.0000000000e+00
   outer loop
     vertex 8.7587083428e-01 -1.0500000000e+00 5.7093419552e-03
     vertex 8.9687145878e-01 -1.0500000000e+00 6.4426999225e-03
     vertex 8.9677620585e-01 -1.0500000000e+00 9.1703869290e-03
   endloop
 endfacet
 facet normal  0.0000000000e+00 -1.0000000000e+00 0.0000000000e+00
   outer loop
     vertex 8.9677620585e-01 -1.0500000000e+00 9.1703869290e-03
     vertex 8.9687145878e-01 -1.0500000000e+00 6.4426999225e-03
     vertex 9.1278852786e-01 -1.0500000000e+00 8.7297520785e-03
   endloop
 endfacet
 facet normal  -0.0000000000e+00 -1.0000000000e+00 0.0000000000e+00
   outer loop
     vertex 8.9687145878e-01 -1.0500000000e+00 6.4426999225e-03
     vertex 9.1284890962e-01 -1.0500000000e+00 7.0006448003e-03
     vertex 9.1278852786e-01 -1.0500000000e+00 8.7297520785e-03
   endloop
 endfacet
 facet normal  0.0000000000e+00 -1.0000000000e+00 0.0000000000e+00
   outer loop
     vertex 9.1278852786e-01 -1.0500000000e+00 8.7297520785e-03
     vertex 9.1284890962e-01 -1.0500000000e+00 7.0006448003e-03
     vertex 9.2449798101e-01 -1.0500000000e+00 8.3721453478e-03
   endloop
 endfacet
 facet normal  -0.0000000000e+00 -1.0000000000e+00 0.0000000000e+00
   outer loop
     vertex 9.1284890962e-01 -1.0500000000e+00 7.0006448003e-03
     vertex 9.2453162825e-01 -1.0500000000e+00 7.4086143249e-03
     vertex 9.2449798101e-01 -1.0500000000e+00 8.3721453478e-03
   endloop
 endfacet
 facet normal  0.0000000000e+00 -1.0000000000e+00 0.0000000000e+00
   outer loop
     vertex 9.2449798101e-01 -1.0500000000e+00 8.3721453478e-03
     vertex 9.2453162825e-01 -1.0500000000e+00 7.4086143249e-03
     vertex 9.3281451134e-01 -1.0500000000e+00 8.0992473462e-03
   endloop
 endfacet
 facet normal  -0.0000000000e+00 -1.0000000000e+00 0.0000000000e+00
   outer loop
     vertex 9.2453162825e-01 -1.0500000000e+00 7.4086143249e-03
     vertex 9.3282851105e-01 -1.0500000000e+00 7.6983478567e-03
     vertex 9.3281451134e-01 -1.0500000000e+00 8.0992473462e-03
   endloop
 endfacet
 facet normal  0.0000000000e+00 -1.0000000000e+00 0.0000000000e+00
   outer loop
     vertex 9.3281451134e-01 -1.0500000000e+00 8.0992473462e-03
     vertex 9.3282851105e-01 -1.0500000000e+00 7.6983478567e-03
     vertex 9.3859967175e-01 -1.0500000000e+00 7.8998812290e-03
   endloop
 endfacet
endsolid
